Date,Year,month,day,YEAR,DOY,PRECTOTCORR
2005-01-01,2005,1,1,2005,1,0.88
2005-01-02,2005,1,2,2005,2,6.57
2005-01-03,2005,1,3,2005,3,0.55
2005-01-04,2005,1,4,2005,4,0.25
2005-01-05,2005,1,5,2005,5,0.16
2005-01-06,2005,1,6,2005,6,0.51
2005-01-07,2005,1,7,2005,7,1.16
2005-01-08,2005,1,8,2005,8,3.62
2005-01-09,2005,1,9,2005,9,6.21
2005-01-10,2005,1,10,2005,10,10.94
2005-01-11,2005,1,11,2005,11,2.49
2005-01-12,2005,1,12,2005,12,5.15
2005-01-13,2005,1,13,2005,13,0.6
2005-01-14,2005,1,14,2005,14,0.31
2005-01-15,2005,1,15,2005,15,0.4
2005-01-16,2005,1,16,2005,16,11.53
2005-01-17,2005,1,17,2005,17,24.65
2005-01-18,2005,1,18,2005,18,5.62
2005-01-19,2005,1,19,2005,19,0.63
2005-01-20,2005,1,20,2005,20,2.68
2005-01-21,2005,1,21,2005,21,0.04
2005-01-22,2005,1,22,2005,22,0.38
2005-01-23,2005,1,23,2005,23,0.26
2005-01-24,2005,1,24,2005,24,2.09
2005-01-25,2005,1,25,2005,25,0.08
2005-01-26,2005,1,26,2005,26,0.02
2005-01-27,2005,1,27,2005,27,0.03
2005-01-28,2005,1,28,2005,28,2.57
2005-01-29,2005,1,29,2005,29,53.46
2005-01-30,2005,1,30,2005,30,6.07
2005-01-31,2005,1,31,2005,31,0.0
2005-02-01,2005,2,1,2005,32,0.04
2005-02-02,2005,2,2,2005,33,5.63
2005-02-03,2005,2,3,2005,34,1.62
2005-02-04,2005,2,4,2005,35,0.51
2005-02-05,2005,2,5,2005,36,0.39
2005-02-06,2005,2,6,2005,37,0.07
2005-02-07,2005,2,7,2005,38,0.01
2005-02-08,2005,2,8,2005,39,0.0
2005-02-09,2005,2,9,2005,40,0.0
2005-02-10,2005,2,10,2005,41,0.47
2005-02-11,2005,2,11,2005,42,5.34
2005-02-12,2005,2,12,2005,43,1.09
2005-02-13,2005,2,13,2005,44,2.66
2005-02-14,2005,2,14,2005,45,0.19
2005-02-15,2005,2,15,2005,46,0.0
2005-02-16,2005,2,16,2005,47,0.37
2005-02-17,2005,2,17,2005,48,1.26
2005-02-18,2005,2,18,2005,49,0.06
2005-02-19,2005,2,19,2005,50,0.04
2005-02-20,2005,2,20,2005,51,0.93
2005-02-21,2005,2,21,2005,52,0.07
2005-02-22,2005,2,22,2005,53,0.06
2005-02-23,2005,2,23,2005,54,0.0
2005-02-24,2005,2,24,2005,55,0.0
2005-02-25,2005,2,25,2005,56,0.07
2005-02-26,2005,2,26,2005,57,7.12
2005-02-27,2005,2,27,2005,58,1.04
2005-02-28,2005,2,28,2005,59,0.42
2005-03-01,2005,3,1,2005,60,19.89
2005-03-02,2005,3,2,2005,61,11.97
2005-03-03,2005,3,3,2005,62,2.44
2005-03-04,2005,3,4,2005,63,0.96
2005-03-05,2005,3,5,2005,64,0.33
2005-03-06,2005,3,6,2005,65,1.09
2005-03-07,2005,3,7,2005,66,0.85
2005-03-08,2005,3,8,2005,67,0.12
2005-03-09,2005,3,9,2005,68,0.02
2005-03-10,2005,3,10,2005,69,0.01
2005-03-11,2005,3,11,2005,70,0.01
2005-03-12,2005,3,12,2005,71,0.01
2005-03-13,2005,3,13,2005,72,0.09
2005-03-14,2005,3,14,2005,73,0.71
2005-03-15,2005,3,15,2005,74,0.45
2005-03-16,2005,3,16,2005,75,19.58
2005-03-17,2005,3,17,2005,76,5.12
2005-03-18,2005,3,18,2005,77,0.07
2005-03-19,2005,3,19,2005,78,0.7
2005-03-20,2005,3,20,2005,79,0.31
2005-03-21,2005,3,21,2005,80,3.43
2005-03-22,2005,3,22,2005,81,8.1
2005-03-23,2005,3,23,2005,82,0.2
2005-03-24,2005,3,24,2005,83,9.43
2005-03-25,2005,3,25,2005,84,10.8
2005-03-26,2005,3,26,2005,85,17.94
2005-03-27,2005,3,27,2005,86,4.27
2005-03-28,2005,3,28,2005,87,15.72
2005-03-29,2005,3,29,2005,88,10.22
2005-03-30,2005,3,30,2005,89,0.23
2005-03-31,2005,3,31,2005,90,0.8
2005-04-01,2005,4,1,2005,91,0.2
2005-04-02,2005,4,2,2005,92,0.26
2005-04-03,2005,4,3,2005,93,0.97
2005-04-04,2005,4,4,2005,94,0.33
2005-04-05,2005,4,5,2005,95,10.57
2005-04-06,2005,4,6,2005,96,4.63
2005-04-07,2005,4,7,2005,97,0.15
2005-04-08,2005,4,8,2005,98,5.29
2005-04-09,2005,4,9,2005,99,1.05
2005-04-10,2005,4,10,2005,100,0.29
2005-04-11,2005,4,11,2005,101,0.13
2005-04-12,2005,4,12,2005,102,0.07
2005-04-13,2005,4,13,2005,103,0.76
2005-04-14,2005,4,14,2005,104,6.77
2005-04-15,2005,4,15,2005,105,2.45
2005-04-16,2005,4,16,2005,106,1.21
2005-04-17,2005,4,17,2005,107,0.78
2005-04-18,2005,4,18,2005,108,7.28
2005-04-19,2005,4,19,2005,109,1.62
2005-04-20,2005,4,20,2005,110,22.16
2005-04-21,2005,4,21,2005,111,1.61
2005-04-22,2005,4,22,2005,112,0.42
2005-04-23,2005,4,23,2005,113,15.06
2005-04-24,2005,4,24,2005,114,2.24
2005-04-25,2005,4,25,2005,115,0.34
2005-04-26,2005,4,26,2005,116,5.58
2005-04-27,2005,4,27,2005,117,6.17
2005-04-28,2005,4,28,2005,118,0.3
2005-04-29,2005,4,29,2005,119,2.6
2005-04-30,2005,4,30,2005,120,2.03
2005-05-01,2005,5,1,2005,121,20.1
2005-05-02,2005,5,2,2005,122,2.5
2005-05-03,2005,5,3,2005,123,4.09
2005-05-04,2005,5,4,2005,124,3.06
2005-05-05,2005,5,5,2005,125,0.49
2005-05-06,2005,5,6,2005,126,0.19
2005-05-07,2005,5,7,2005,127,7.28
2005-05-08,2005,5,8,2005,128,4.29
2005-05-09,2005,5,9,2005,129,6.45
2005-05-10,2005,5,10,2005,130,6.37
2005-05-11,2005,5,11,2005,131,13.56
2005-05-12,2005,5,12,2005,132,4.92
2005-05-13,2005,5,13,2005,133,1.55
2005-05-14,2005,5,14,2005,134,3.86
2005-05-15,2005,5,15,2005,135,3.46
2005-05-16,2005,5,16,2005,136,0.55
2005-05-17,2005,5,17,2005,137,0.1
2005-05-18,2005,5,18,2005,138,14.04
2005-05-19,2005,5,19,2005,139,0.39
2005-05-20,2005,5,20,2005,140,0.15
2005-05-21,2005,5,21,2005,141,0.01
2005-05-22,2005,5,22,2005,142,0.05
2005-05-23,2005,5,23,2005,143,0.06
2005-05-24,2005,5,24,2005,144,0.41
2005-05-25,2005,5,25,2005,145,0.31
2005-05-26,2005,5,26,2005,146,16.24
2005-05-27,2005,5,27,2005,147,9.62
2005-05-28,2005,5,28,2005,148,1.1
2005-05-29,2005,5,29,2005,149,0.51
2005-05-30,2005,5,30,2005,150,2.01
2005-05-31,2005,5,31,2005,151,11.72
2005-06-01,2005,6,1,2005,152,1.45
2005-06-02,2005,6,2,2005,153,1.19
2005-06-03,2005,6,3,2005,154,22.08
2005-06-04,2005,6,4,2005,155,4.45
2005-06-05,2005,6,5,2005,156,0.04
2005-06-06,2005,6,6,2005,157,5.24
2005-06-07,2005,6,7,2005,158,3.19
2005-06-08,2005,6,8,2005,159,0.3
2005-06-09,2005,6,9,2005,160,6.49
2005-06-10,2005,6,10,2005,161,5.79
2005-06-11,2005,6,11,2005,162,1.02
2005-06-12,2005,6,12,2005,163,3.13
2005-06-13,2005,6,13,2005,164,4.73
2005-06-14,2005,6,14,2005,165,0.3
2005-06-15,2005,6,15,2005,166,0.8
2005-06-16,2005,6,16,2005,167,4.38
2005-06-17,2005,6,17,2005,168,9.96
2005-06-18,2005,6,18,2005,169,4.25
2005-06-19,2005,6,19,2005,170,22.8
2005-06-20,2005,6,20,2005,171,1.24
2005-06-21,2005,6,21,2005,172,0.2
2005-06-22,2005,6,22,2005,173,1.01
2005-06-23,2005,6,23,2005,174,7.19
2005-06-24,2005,6,24,2005,175,0.52
2005-06-25,2005,6,25,2005,176,2.41
2005-06-26,2005,6,26,2005,177,0.12
2005-06-27,2005,6,27,2005,178,0.16
2005-06-28,2005,6,28,2005,179,0.2
2005-06-29,2005,6,29,2005,180,0.13
2005-06-30,2005,6,30,2005,181,0.0
2005-07-01,2005,7,1,2005,182,0.0
2005-07-02,2005,7,2,2005,183,0.0
2005-07-03,2005,7,3,2005,184,0.06
2005-07-04,2005,7,4,2005,185,0.25
2005-07-05,2005,7,5,2005,186,0.08
2005-07-06,2005,7,6,2005,187,6.46
2005-07-07,2005,7,7,2005,188,1.46
2005-07-08,2005,7,8,2005,189,0.32
2005-07-09,2005,7,9,2005,190,0.25
2005-07-10,2005,7,10,2005,191,0.54
2005-07-11,2005,7,11,2005,192,0.37
2005-07-12,2005,7,12,2005,193,13.41
2005-07-13,2005,7,13,2005,194,7.26
2005-07-14,2005,7,14,2005,195,37.13
2005-07-15,2005,7,15,2005,196,2.19
2005-07-16,2005,7,16,2005,197,0.07
2005-07-17,2005,7,17,2005,198,13.58
2005-07-18,2005,7,18,2005,199,1.08
2005-07-19,2005,7,19,2005,200,30.91
2005-07-20,2005,7,20,2005,201,4.82
2005-07-21,2005,7,21,2005,202,0.92
2005-07-22,2005,7,22,2005,203,10.1
2005-07-23,2005,7,23,2005,204,2.7
2005-07-24,2005,7,24,2005,205,2.74
2005-07-25,2005,7,25,2005,206,0.05
2005-07-26,2005,7,26,2005,207,0.0
2005-07-27,2005,7,27,2005,208,0.0
2005-07-28,2005,7,28,2005,209,0.0
2005-07-29,2005,7,29,2005,210,0.0
2005-07-30,2005,7,30,2005,211,0.01
2005-07-31,2005,7,31,2005,212,6.96
2005-08-01,2005,8,1,2005,213,8.62
2005-08-02,2005,8,2,2005,214,1.36
2005-08-03,2005,8,3,2005,215,0.04
2005-08-04,2005,8,4,2005,216,0.01
2005-08-05,2005,8,5,2005,217,2.11
2005-08-06,2005,8,6,2005,218,0.1
2005-08-07,2005,8,7,2005,219,0.01
2005-08-08,2005,8,8,2005,220,0.0
2005-08-09,2005,8,9,2005,221,0.04
2005-08-10,2005,8,10,2005,222,0.08
2005-08-11,2005,8,11,2005,223,8.75
2005-08-12,2005,8,12,2005,224,6.38
2005-08-13,2005,8,13,2005,225,6.12
2005-08-14,2005,8,14,2005,226,0.04
2005-08-15,2005,8,15,2005,227,0.12
2005-08-16,2005,8,16,2005,228,0.07
2005-08-17,2005,8,17,2005,229,0.56
2005-08-18,2005,8,18,2005,230,9.07
2005-08-19,2005,8,19,2005,231,11.91
2005-08-20,2005,8,20,2005,232,1.89
2005-08-21,2005,8,21,2005,233,7.4
2005-08-22,2005,8,22,2005,234,0.85
2005-08-23,2005,8,23,2005,235,0.79
2005-08-24,2005,8,24,2005,236,16.84
2005-08-25,2005,8,25,2005,237,3.57
2005-08-26,2005,8,26,2005,238,6.34
2005-08-27,2005,8,27,2005,239,4.11
2005-08-28,2005,8,28,2005,240,0.21
2005-08-29,2005,8,29,2005,241,0.2
2005-08-30,2005,8,30,2005,242,2.27
2005-08-31,2005,8,31,2005,243,19.09
2005-09-01,2005,9,1,2005,244,35.88
2005-09-02,2005,9,2,2005,245,6.5
2005-09-03,2005,9,3,2005,246,25.06
2005-09-04,2005,9,4,2005,247,1.98
2005-09-05,2005,9,5,2005,248,14.69
2005-09-06,2005,9,6,2005,249,0.41
2005-09-07,2005,9,7,2005,250,0.13
2005-09-08,2005,9,8,2005,251,0.04
2005-09-09,2005,9,9,2005,252,0.01
2005-09-10,2005,9,10,2005,253,0.0
2005-09-11,2005,9,11,2005,254,0.02
2005-09-12,2005,9,12,2005,255,0.0
2005-09-13,2005,9,13,2005,256,0.38
2005-09-14,2005,9,14,2005,257,0.04
2005-09-15,2005,9,15,2005,258,0.1
2005-09-16,2005,9,16,2005,259,0.27
2005-09-17,2005,9,17,2005,260,1.96
2005-09-18,2005,9,18,2005,261,10.79
2005-09-19,2005,9,19,2005,262,1.79
2005-09-20,2005,9,20,2005,263,0.06
2005-09-21,2005,9,21,2005,264,0.36
2005-09-22,2005,9,22,2005,265,3.64
2005-09-23,2005,9,23,2005,266,4.43
2005-09-24,2005,9,24,2005,267,0.24
2005-09-25,2005,9,25,2005,268,0.15
2005-09-26,2005,9,26,2005,269,2.7
2005-09-27,2005,9,27,2005,270,7.25
2005-09-28,2005,9,28,2005,271,1.56
2005-09-29,2005,9,29,2005,272,0.91
2005-09-30,2005,9,30,2005,273,3.29
2005-10-01,2005,10,1,2005,274,1.68
2005-10-02,2005,10,2,2005,275,3.16
2005-10-03,2005,10,3,2005,276,3.66
2005-10-04,2005,10,4,2005,277,4.15
2005-10-05,2005,10,5,2005,278,0.67
2005-10-06,2005,10,6,2005,279,1.6
2005-10-07,2005,10,7,2005,280,1.99
2005-10-08,2005,10,8,2005,281,27.46
2005-10-09,2005,10,9,2005,282,28.52
2005-10-10,2005,10,10,2005,283,11.57
2005-10-11,2005,10,11,2005,284,2.03
2005-10-12,2005,10,12,2005,285,6.61
2005-10-13,2005,10,13,2005,286,3.56
2005-10-14,2005,10,14,2005,287,3.87
2005-10-15,2005,10,15,2005,288,21.62
2005-10-16,2005,10,16,2005,289,13.46
2005-10-17,2005,10,17,2005,290,5.76
2005-10-18,2005,10,18,2005,291,2.15
2005-10-19,2005,10,19,2005,292,2.81
2005-10-20,2005,10,20,2005,293,3.7
2005-10-21,2005,10,21,2005,294,5.37
2005-10-22,2005,10,22,2005,295,2.06
2005-10-23,2005,10,23,2005,296,0.81
2005-10-24,2005,10,24,2005,297,5.24
2005-10-25,2005,10,25,2005,298,0.7
2005-10-26,2005,10,26,2005,299,0.09
2005-10-27,2005,10,27,2005,300,1.81
2005-10-28,2005,10,28,2005,301,0.78
2005-10-29,2005,10,29,2005,302,1.87
2005-10-30,2005,10,30,2005,303,34.65
2005-10-31,2005,10,31,2005,304,7.16
2005-11-01,2005,11,1,2005,305,6.5
2005-11-02,2005,11,2,2005,306,2.9
2005-11-03,2005,11,3,2005,307,4.94
2005-11-04,2005,11,4,2005,308,0.79
2005-11-05,2005,11,5,2005,309,1.12
2005-11-06,2005,11,6,2005,310,0.2
2005-11-07,2005,11,7,2005,311,0.6
2005-11-08,2005,11,8,2005,312,2.06
2005-11-09,2005,11,9,2005,313,1.68
2005-11-10,2005,11,10,2005,314,1.13
2005-11-11,2005,11,11,2005,315,1.83
2005-11-12,2005,11,12,2005,316,13.28
2005-11-13,2005,11,13,2005,317,1.83
2005-11-14,2005,11,14,2005,318,48.94
2005-11-15,2005,11,15,2005,319,58.7
2005-11-16,2005,11,16,2005,320,15.46
2005-11-17,2005,11,17,2005,321,16.77
2005-11-18,2005,11,18,2005,322,3.88
2005-11-19,2005,11,19,2005,323,24.21
2005-11-20,2005,11,20,2005,324,9.65
2005-11-21,2005,11,21,2005,325,1.67
2005-11-22,2005,11,22,2005,326,0.55
2005-11-23,2005,11,23,2005,327,13.01
2005-11-24,2005,11,24,2005,328,1.32
2005-11-25,2005,11,25,2005,329,12.45
2005-11-26,2005,11,26,2005,330,8.84
2005-11-27,2005,11,27,2005,331,2.03
2005-11-28,2005,11,28,2005,332,6.38
2005-11-29,2005,11,29,2005,333,20.64
2005-11-30,2005,11,30,2005,334,22.4
2005-12-01,2005,12,1,2005,335,35.57
2005-12-02,2005,12,2,2005,336,15.11
2005-12-03,2005,12,3,2005,337,0.66
2005-12-04,2005,12,4,2005,338,31.16
2005-12-05,2005,12,5,2005,339,3.18
2005-12-06,2005,12,6,2005,340,17.63
2005-12-07,2005,12,7,2005,341,11.65
2005-12-08,2005,12,8,2005,342,2.22
2005-12-09,2005,12,9,2005,343,2.03
2005-12-10,2005,12,10,2005,344,19.75
2005-12-11,2005,12,11,2005,345,15.59
2005-12-12,2005,12,12,2005,346,14.32
2005-12-13,2005,12,13,2005,347,15.62
2005-12-14,2005,12,14,2005,348,9.06
2005-12-15,2005,12,15,2005,349,4.12
2005-12-16,2005,12,16,2005,350,10.93
2005-12-17,2005,12,17,2005,351,11.94
2005-12-18,2005,12,18,2005,352,6.89
2005-12-19,2005,12,19,2005,353,2.42
2005-12-20,2005,12,20,2005,354,2.73
2005-12-21,2005,12,21,2005,355,1.14
2005-12-22,2005,12,22,2005,356,0.84
2005-12-23,2005,12,23,2005,357,0.58
2005-12-24,2005,12,24,2005,358,4.48
2005-12-25,2005,12,25,2005,359,2.61
2005-12-26,2005,12,26,2005,360,2.38
2005-12-27,2005,12,27,2005,361,1.76
2005-12-28,2005,12,28,2005,362,0.03
2005-12-29,2005,12,29,2005,363,0.17
2005-12-30,2005,12,30,2005,364,1.33
2005-12-31,2005,12,31,2005,365,3.28
2006-01-01,2006,1,1,2006,1,4.55
2006-01-02,2006,1,2,2006,2,4.49
2006-01-03,2006,1,3,2006,3,2.76
2006-01-04,2006,1,4,2006,4,10.75
2006-01-05,2006,1,5,2006,5,11.07
2006-01-06,2006,1,6,2006,6,7.22
2006-01-07,2006,1,7,2006,7,1.7
2006-01-08,2006,1,8,2006,8,1.27
2006-01-09,2006,1,9,2006,9,0.92
2006-01-10,2006,1,10,2006,10,1.22
2006-01-11,2006,1,11,2006,11,59.81
2006-01-12,2006,1,12,2006,12,13.19
2006-01-13,2006,1,13,2006,13,4.26
2006-01-14,2006,1,14,2006,14,2.63
2006-01-15,2006,1,15,2006,15,21.35
2006-01-16,2006,1,16,2006,16,0.71
2006-01-17,2006,1,17,2006,17,0.05
2006-01-18,2006,1,18,2006,18,2.21
2006-01-19,2006,1,19,2006,19,0.14
2006-01-20,2006,1,20,2006,20,0.57
2006-01-21,2006,1,21,2006,21,11.28
2006-01-22,2006,1,22,2006,22,0.25
2006-01-23,2006,1,23,2006,23,0.09
2006-01-24,2006,1,24,2006,24,0.01
2006-01-25,2006,1,25,2006,25,1.84
2006-01-26,2006,1,26,2006,26,2.27
2006-01-27,2006,1,27,2006,27,0.02
2006-01-28,2006,1,28,2006,28,0.04
2006-01-29,2006,1,29,2006,29,0.03
2006-01-30,2006,1,30,2006,30,0.04
2006-01-31,2006,1,31,2006,31,0.01
2006-02-01,2006,2,1,2006,32,0.91
2006-02-02,2006,2,2,2006,33,0.63
2006-02-03,2006,2,3,2006,34,1.79
2006-02-04,2006,2,4,2006,35,1.39
2006-02-05,2006,2,5,2006,36,15.06
2006-02-06,2006,2,6,2006,37,0.96
2006-02-07,2006,2,7,2006,38,9.12
2006-02-08,2006,2,8,2006,39,2.25
2006-02-09,2006,2,9,2006,40,0.3
2006-02-10,2006,2,10,2006,41,1.07
2006-02-11,2006,2,11,2006,42,1.22
2006-02-12,2006,2,12,2006,43,15.74
2006-02-13,2006,2,13,2006,44,12.87
2006-02-14,2006,2,14,2006,45,10.45
2006-02-15,2006,2,15,2006,46,1.06
2006-02-16,2006,2,16,2006,47,1.13
2006-02-17,2006,2,17,2006,48,4.53
2006-02-18,2006,2,18,2006,49,0.23
2006-02-19,2006,2,19,2006,50,0.01
2006-02-20,2006,2,20,2006,51,4.96
2006-02-21,2006,2,21,2006,52,1.49
2006-02-22,2006,2,22,2006,53,0.76
2006-02-23,2006,2,23,2006,54,0.17
2006-02-24,2006,2,24,2006,55,7.09
2006-02-25,2006,2,25,2006,56,15.15
2006-02-26,2006,2,26,2006,57,1.88
2006-02-27,2006,2,27,2006,58,0.5
2006-02-28,2006,2,28,2006,59,27.3
2006-03-01,2006,3,1,2006,60,1.48
2006-03-02,2006,3,2,2006,61,1.99
2006-03-03,2006,3,3,2006,62,4.13
2006-03-04,2006,3,4,2006,63,0.52
2006-03-05,2006,3,5,2006,64,1.75
2006-03-06,2006,3,6,2006,65,0.09
2006-03-07,2006,3,7,2006,66,9.7
2006-03-08,2006,3,8,2006,67,0.62
2006-03-09,2006,3,9,2006,68,0.94
2006-03-10,2006,3,10,2006,69,1.3
2006-03-11,2006,3,11,2006,70,3.33
2006-03-12,2006,3,12,2006,71,1.29
2006-03-13,2006,3,13,2006,72,0.0
2006-03-14,2006,3,14,2006,73,0.0
2006-03-15,2006,3,15,2006,74,0.01
2006-03-16,2006,3,16,2006,75,0.0
2006-03-17,2006,3,17,2006,76,0.51
2006-03-18,2006,3,18,2006,77,2.23
2006-03-19,2006,3,19,2006,78,0.59
2006-03-20,2006,3,20,2006,79,5.69
2006-03-21,2006,3,21,2006,80,34.95
2006-03-22,2006,3,22,2006,81,16.37
2006-03-23,2006,3,23,2006,82,24.76
2006-03-24,2006,3,24,2006,83,16.88
2006-03-25,2006,3,25,2006,84,2.18
2006-03-26,2006,3,26,2006,85,3.59
2006-03-27,2006,3,27,2006,86,1.77
2006-03-28,2006,3,28,2006,87,0.01
2006-03-29,2006,3,29,2006,88,0.14
2006-03-30,2006,3,30,2006,89,0.18
2006-03-31,2006,3,31,2006,90,2.31
2006-04-01,2006,4,1,2006,91,2.98
2006-04-02,2006,4,2,2006,92,0.44
2006-04-03,2006,4,3,2006,93,0.07
2006-04-04,2006,4,4,2006,94,0.12
2006-04-05,2006,4,5,2006,95,3.57
2006-04-06,2006,4,6,2006,96,1.73
2006-04-07,2006,4,7,2006,97,2.17
2006-04-08,2006,4,8,2006,98,2.73
2006-04-09,2006,4,9,2006,99,0.17
2006-04-10,2006,4,10,2006,100,4.25
2006-04-11,2006,4,11,2006,101,9.88
2006-04-12,2006,4,12,2006,102,26.09
2006-04-13,2006,4,13,2006,103,3.71
2006-04-14,2006,4,14,2006,104,2.21
2006-04-15,2006,4,15,2006,105,20.03
2006-04-16,2006,4,16,2006,106,1.92
2006-04-17,2006,4,17,2006,107,0.25
2006-04-18,2006,4,18,2006,108,0.36
2006-04-19,2006,4,19,2006,109,2.63
2006-04-20,2006,4,20,2006,110,1.84
2006-04-21,2006,4,21,2006,111,14.87
2006-04-22,2006,4,22,2006,112,11.0
2006-04-23,2006,4,23,2006,113,6.75
2006-04-24,2006,4,24,2006,114,15.43
2006-04-25,2006,4,25,2006,115,5.4
2006-04-26,2006,4,26,2006,116,7.77
2006-04-27,2006,4,27,2006,117,0.21
2006-04-28,2006,4,28,2006,118,0.02
2006-04-29,2006,4,29,2006,119,0.42
2006-04-30,2006,4,30,2006,120,0.21
2006-05-01,2006,5,1,2006,121,0.28
2006-05-02,2006,5,2,2006,122,7.78
2006-05-03,2006,5,3,2006,123,2.67
2006-05-04,2006,5,4,2006,124,2.6
2006-05-05,2006,5,5,2006,125,5.94
2006-05-06,2006,5,6,2006,126,21.39
2006-05-07,2006,5,7,2006,127,6.6
2006-05-08,2006,5,8,2006,128,0.87
2006-05-09,2006,5,9,2006,129,2.7
2006-05-10,2006,5,10,2006,130,0.4
2006-05-11,2006,5,11,2006,131,1.13
2006-05-12,2006,5,12,2006,132,0.47
2006-05-13,2006,5,13,2006,133,0.22
2006-05-14,2006,5,14,2006,134,7.09
2006-05-15,2006,5,15,2006,135,4.72
2006-05-16,2006,5,16,2006,136,10.66
2006-05-17,2006,5,17,2006,137,4.87
2006-05-18,2006,5,18,2006,138,0.23
2006-05-19,2006,5,19,2006,139,0.75
2006-05-20,2006,5,20,2006,140,0.37
2006-05-21,2006,5,21,2006,141,8.04
2006-05-22,2006,5,22,2006,142,4.71
2006-05-23,2006,5,23,2006,143,3.38
2006-05-24,2006,5,24,2006,144,0.46
2006-05-25,2006,5,25,2006,145,13.32
2006-05-26,2006,5,26,2006,146,5.95
2006-05-27,2006,5,27,2006,147,0.1
2006-05-28,2006,5,28,2006,148,1.19
2006-05-29,2006,5,29,2006,149,0.14
2006-05-30,2006,5,30,2006,150,0.07
2006-05-31,2006,5,31,2006,151,0.08
2006-06-01,2006,6,1,2006,152,2.63
2006-06-02,2006,6,2,2006,153,0.54
2006-06-03,2006,6,3,2006,154,1.81
2006-06-04,2006,6,4,2006,155,0.32
2006-06-05,2006,6,5,2006,156,10.66
2006-06-06,2006,6,6,2006,157,2.86
2006-06-07,2006,6,7,2006,158,14.52
2006-06-08,2006,6,8,2006,159,2.25
2006-06-09,2006,6,9,2006,160,0.32
2006-06-10,2006,6,10,2006,161,2.79
2006-06-11,2006,6,11,2006,162,0.31
2006-06-12,2006,6,12,2006,163,0.37
2006-06-13,2006,6,13,2006,164,0.08
2006-06-14,2006,6,14,2006,165,2.7
2006-06-15,2006,6,15,2006,166,1.4
2006-06-16,2006,6,16,2006,167,19.16
2006-06-17,2006,6,17,2006,168,4.73
2006-06-18,2006,6,18,2006,169,9.96
2006-06-19,2006,6,19,2006,170,10.25
2006-06-20,2006,6,20,2006,171,3.0
2006-06-21,2006,6,21,2006,172,22.14
2006-06-22,2006,6,22,2006,173,28.08
2006-06-23,2006,6,23,2006,174,6.29
2006-06-24,2006,6,24,2006,175,0.5
2006-06-25,2006,6,25,2006,176,1.9
2006-06-26,2006,6,26,2006,177,1.25
2006-06-27,2006,6,27,2006,178,18.82
2006-06-28,2006,6,28,2006,179,0.08
2006-06-29,2006,6,29,2006,180,0.01
2006-06-30,2006,6,30,2006,181,0.01
2006-07-01,2006,7,1,2006,182,0.07
2006-07-02,2006,7,2,2006,183,1.65
2006-07-03,2006,7,3,2006,184,0.01
2006-07-04,2006,7,4,2006,185,0.42
2006-07-05,2006,7,5,2006,186,0.43
2006-07-06,2006,7,6,2006,187,2.95
2006-07-07,2006,7,7,2006,188,1.31
2006-07-08,2006,7,8,2006,189,0.91
2006-07-09,2006,7,9,2006,190,36.24
2006-07-10,2006,7,10,2006,191,3.91
2006-07-11,2006,7,11,2006,192,2.4
2006-07-12,2006,7,12,2006,193,0.27
2006-07-13,2006,7,13,2006,194,4.9
2006-07-14,2006,7,14,2006,195,0.26
2006-07-15,2006,7,15,2006,196,0.22
2006-07-16,2006,7,16,2006,197,0.14
2006-07-17,2006,7,17,2006,198,0.29
2006-07-18,2006,7,18,2006,199,0.58
2006-07-19,2006,7,19,2006,200,0.43
2006-07-20,2006,7,20,2006,201,0.21
2006-07-21,2006,7,21,2006,202,0.04
2006-07-22,2006,7,22,2006,203,0.0
2006-07-23,2006,7,23,2006,204,0.0
2006-07-24,2006,7,24,2006,205,1.02
2006-07-25,2006,7,25,2006,206,0.04
2006-07-26,2006,7,26,2006,207,0.56
2006-07-27,2006,7,27,2006,208,1.66
2006-07-28,2006,7,28,2006,209,1.86
2006-07-29,2006,7,29,2006,210,0.07
2006-07-30,2006,7,30,2006,211,8.34
2006-07-31,2006,7,31,2006,212,0.05
2006-08-01,2006,8,1,2006,213,0.02
2006-08-02,2006,8,2,2006,214,0.02
2006-08-03,2006,8,3,2006,215,0.04
2006-08-04,2006,8,4,2006,216,0.78
2006-08-05,2006,8,5,2006,217,2.49
2006-08-06,2006,8,6,2006,218,0.64
2006-08-07,2006,8,7,2006,219,2.3
2006-08-08,2006,8,8,2006,220,0.28
2006-08-09,2006,8,9,2006,221,3.6
2006-08-10,2006,8,10,2006,222,0.15
2006-08-11,2006,8,11,2006,223,6.55
2006-08-12,2006,8,12,2006,224,0.05
2006-08-13,2006,8,13,2006,225,1.04
2006-08-14,2006,8,14,2006,226,3.02
2006-08-15,2006,8,15,2006,227,1.39
2006-08-16,2006,8,16,2006,228,0.33
2006-08-17,2006,8,17,2006,229,0.16
2006-08-18,2006,8,18,2006,230,10.96
2006-08-19,2006,8,19,2006,231,0.45
2006-08-20,2006,8,20,2006,232,1.34
2006-08-21,2006,8,21,2006,233,0.16
2006-08-22,2006,8,22,2006,234,0.98
2006-08-23,2006,8,23,2006,235,0.2
2006-08-24,2006,8,24,2006,236,0.01
2006-08-25,2006,8,25,2006,237,4.08
2006-08-26,2006,8,26,2006,238,22.6
2006-08-27,2006,8,27,2006,239,0.4
2006-08-28,2006,8,28,2006,240,0.26
2006-08-29,2006,8,29,2006,241,8.95
2006-08-30,2006,8,30,2006,242,6.37
2006-08-31,2006,8,31,2006,243,0.49
2006-09-01,2006,9,1,2006,244,0.37
2006-09-02,2006,9,2,2006,245,0.93
2006-09-03,2006,9,3,2006,246,7.04
2006-09-04,2006,9,4,2006,247,2.67
2006-09-05,2006,9,5,2006,248,6.29
2006-09-06,2006,9,6,2006,249,22.44
2006-09-07,2006,9,7,2006,250,32.66
2006-09-08,2006,9,8,2006,251,7.93
2006-09-09,2006,9,9,2006,252,4.35
2006-09-10,2006,9,10,2006,253,4.69
2006-09-11,2006,9,11,2006,254,14.62
2006-09-12,2006,9,12,2006,255,12.51
2006-09-13,2006,9,13,2006,256,34.75
2006-09-14,2006,9,14,2006,257,1.89
2006-09-15,2006,9,15,2006,258,0.43
2006-09-16,2006,9,16,2006,259,0.28
2006-09-17,2006,9,17,2006,260,0.23
2006-09-18,2006,9,18,2006,261,0.12
2006-09-19,2006,9,19,2006,262,0.15
2006-09-20,2006,9,20,2006,263,0.53
2006-09-21,2006,9,21,2006,264,2.3
2006-09-22,2006,9,22,2006,265,0.57
2006-09-23,2006,9,23,2006,266,1.45
2006-09-24,2006,9,24,2006,267,2.2
2006-09-25,2006,9,25,2006,268,0.25
2006-09-26,2006,9,26,2006,269,6.05
2006-09-27,2006,9,27,2006,270,20.71
2006-09-28,2006,9,28,2006,271,2.45
2006-09-29,2006,9,29,2006,272,3.36
2006-09-30,2006,9,30,2006,273,0.37
2006-10-01,2006,10,1,2006,274,0.45
2006-10-02,2006,10,2,2006,275,2.09
2006-10-03,2006,10,3,2006,276,8.9
2006-10-04,2006,10,4,2006,277,3.5
2006-10-05,2006,10,5,2006,278,6.93
2006-10-06,2006,10,6,2006,279,12.83
2006-10-07,2006,10,7,2006,280,0.21
2006-10-08,2006,10,8,2006,281,0.0
2006-10-09,2006,10,9,2006,282,0.01
2006-10-10,2006,10,10,2006,283,0.13
2006-10-11,2006,10,11,2006,284,0.33
2006-10-12,2006,10,12,2006,285,0.25
2006-10-13,2006,10,13,2006,286,16.82
2006-10-14,2006,10,14,2006,287,10.49
2006-10-15,2006,10,15,2006,288,3.39
2006-10-16,2006,10,16,2006,289,2.66
2006-10-17,2006,10,17,2006,290,29.84
2006-10-18,2006,10,18,2006,291,11.69
2006-10-19,2006,10,19,2006,292,23.41
2006-10-20,2006,10,20,2006,293,20.21
2006-10-21,2006,10,21,2006,294,15.65
2006-10-22,2006,10,22,2006,295,9.11
2006-10-23,2006,10,23,2006,296,1.1
2006-10-24,2006,10,24,2006,297,7.11
2006-10-25,2006,10,25,2006,298,8.75
2006-10-26,2006,10,26,2006,299,0.33
2006-10-27,2006,10,27,2006,300,2.08
2006-10-28,2006,10,28,2006,301,3.81
2006-10-29,2006,10,29,2006,302,4.85
2006-10-30,2006,10,30,2006,303,4.89
2006-10-31,2006,10,31,2006,304,5.82
2006-11-01,2006,11,1,2006,305,1.24
2006-11-02,2006,11,2,2006,306,2.37
2006-11-03,2006,11,3,2006,307,4.01
2006-11-04,2006,11,4,2006,308,9.38
2006-11-05,2006,11,5,2006,309,4.38
2006-11-06,2006,11,6,2006,310,6.11
2006-11-07,2006,11,7,2006,311,4.77
2006-11-08,2006,11,8,2006,312,7.6
2006-11-09,2006,11,9,2006,313,0.95
2006-11-10,2006,11,10,2006,314,14.98
2006-11-11,2006,11,11,2006,315,6.44
2006-11-12,2006,11,12,2006,316,15.43
2006-11-13,2006,11,13,2006,317,13.04
2006-11-14,2006,11,14,2006,318,2.87
2006-11-15,2006,11,15,2006,319,1.66
2006-11-16,2006,11,16,2006,320,0.65
2006-11-17,2006,11,17,2006,321,3.74
2006-11-18,2006,11,18,2006,322,0.8
2006-11-19,2006,11,19,2006,323,17.35
2006-11-20,2006,11,20,2006,324,3.17
2006-11-21,2006,11,21,2006,325,4.22
2006-11-22,2006,11,22,2006,326,4.2
2006-11-23,2006,11,23,2006,327,0.75
2006-11-24,2006,11,24,2006,328,4.24
2006-11-25,2006,11,25,2006,329,1.39
2006-11-26,2006,11,26,2006,330,1.63
2006-11-27,2006,11,27,2006,331,1.43
2006-11-28,2006,11,28,2006,332,0.14
2006-11-29,2006,11,29,2006,333,24.06
2006-11-30,2006,11,30,2006,334,5.1
2006-12-01,2006,12,1,2006,335,0.47
2006-12-02,2006,12,2,2006,336,1.76
2006-12-03,2006,12,3,2006,337,0.77
2006-12-04,2006,12,4,2006,338,0.28
2006-12-05,2006,12,5,2006,339,0.1
2006-12-06,2006,12,6,2006,340,0.45
2006-12-07,2006,12,7,2006,341,0.91
2006-12-08,2006,12,8,2006,342,0.98
2006-12-09,2006,12,9,2006,343,0.39
2006-12-10,2006,12,10,2006,344,0.17
2006-12-11,2006,12,11,2006,345,36.57
2006-12-12,2006,12,12,2006,346,5.59
2006-12-13,2006,12,13,2006,347,0.5
2006-12-14,2006,12,14,2006,348,0.85
2006-12-15,2006,12,15,2006,349,0.24
2006-12-16,2006,12,16,2006,350,1.03
2006-12-17,2006,12,17,2006,351,28.38
2006-12-18,2006,12,18,2006,352,6.46
2006-12-19,2006,12,19,2006,353,13.94
2006-12-20,2006,12,20,2006,354,31.05
2006-12-21,2006,12,21,2006,355,68.2
2006-12-22,2006,12,22,2006,356,46.87
2006-12-23,2006,12,23,2006,357,15.9
2006-12-24,2006,12,24,2006,358,2.0
2006-12-25,2006,12,25,2006,359,0.1
2006-12-26,2006,12,26,2006,360,0.31
2006-12-27,2006,12,27,2006,361,1.07
2006-12-28,2006,12,28,2006,362,20.8
2006-12-29,2006,12,29,2006,363,0.8
2006-12-30,2006,12,30,2006,364,0.55
2006-12-31,2006,12,31,2006,365,1.41
2007-01-01,2007,1,1,2007,1,0.53
2007-01-02,2007,1,2,2007,2,0.22
2007-01-03,2007,1,3,2007,3,0.0
2007-01-04,2007,1,4,2007,4,0.07
2007-01-05,2007,1,5,2007,5,0.0
2007-01-06,2007,1,6,2007,6,1.58
2007-01-07,2007,1,7,2007,7,2.04
2007-01-08,2007,1,8,2007,8,4.98
2007-01-09,2007,1,9,2007,9,17.37
2007-01-10,2007,1,10,2007,10,22.27
2007-01-11,2007,1,11,2007,11,3.82
2007-01-12,2007,1,12,2007,12,0.95
2007-01-13,2007,1,13,2007,13,6.87
2007-01-14,2007,1,14,2007,14,9.34
2007-01-15,2007,1,15,2007,15,0.26
2007-01-16,2007,1,16,2007,16,0.1
2007-01-17,2007,1,17,2007,17,5.62
2007-01-18,2007,1,18,2007,18,1.0
2007-01-19,2007,1,19,2007,19,0.32
2007-01-20,2007,1,20,2007,20,19.1
2007-01-21,2007,1,21,2007,21,22.72
2007-01-22,2007,1,22,2007,22,22.92
2007-01-23,2007,1,23,2007,23,4.65
2007-01-24,2007,1,24,2007,24,15.79
2007-01-25,2007,1,25,2007,25,4.56
2007-01-26,2007,1,26,2007,26,0.71
2007-01-27,2007,1,27,2007,27,3.12
2007-01-28,2007,1,28,2007,28,0.47
2007-01-29,2007,1,29,2007,29,1.04
2007-01-30,2007,1,30,2007,30,0.04
2007-01-31,2007,1,31,2007,31,0.01
2007-02-01,2007,2,1,2007,32,0.09
2007-02-02,2007,2,2,2007,33,0.01
2007-02-03,2007,2,3,2007,34,1.05
2007-02-04,2007,2,4,2007,35,0.06
2007-02-05,2007,2,5,2007,36,0.0
2007-02-06,2007,2,6,2007,37,0.0
2007-02-07,2007,2,7,2007,38,0.0
2007-02-08,2007,2,8,2007,39,0.0
2007-02-09,2007,2,9,2007,40,0.0
2007-02-10,2007,2,10,2007,41,0.06
2007-02-11,2007,2,11,2007,42,0.16
2007-02-12,2007,2,12,2007,43,9.41
2007-02-13,2007,2,13,2007,44,1.02
2007-02-14,2007,2,14,2007,45,5.35
2007-02-15,2007,2,15,2007,46,2.66
2007-02-16,2007,2,16,2007,47,0.15
2007-02-17,2007,2,17,2007,48,23.58
2007-02-18,2007,2,18,2007,49,27.65
2007-02-19,2007,2,19,2007,50,0.25
2007-02-20,2007,2,20,2007,51,0.66
2007-02-21,2007,2,21,2007,52,5.26
2007-02-22,2007,2,22,2007,53,0.95
2007-02-23,2007,2,23,2007,54,0.55
2007-02-24,2007,2,24,2007,55,0.01
2007-02-25,2007,2,25,2007,56,0.05
2007-02-26,2007,2,26,2007,57,8.26
2007-02-27,2007,2,27,2007,58,0.16
2007-02-28,2007,2,28,2007,59,9.0
2007-03-01,2007,3,1,2007,60,0.22
2007-03-02,2007,3,2,2007,61,4.12
2007-03-03,2007,3,3,2007,62,2.52
2007-03-04,2007,3,4,2007,63,0.27
2007-03-05,2007,3,5,2007,64,12.16
2007-03-06,2007,3,6,2007,65,0.46
2007-03-07,2007,3,7,2007,66,0.01
2007-03-08,2007,3,8,2007,67,0.57
2007-03-09,2007,3,9,2007,68,0.01
2007-03-10,2007,3,10,2007,69,1.12
2007-03-11,2007,3,11,2007,70,2.51
2007-03-12,2007,3,12,2007,71,14.74
2007-03-13,2007,3,13,2007,72,14.9
2007-03-14,2007,3,14,2007,73,3.25
2007-03-15,2007,3,15,2007,74,10.12
2007-03-16,2007,3,16,2007,75,0.78
2007-03-17,2007,3,17,2007,76,0.13
2007-03-18,2007,3,18,2007,77,0.61
2007-03-19,2007,3,19,2007,78,4.04
2007-03-20,2007,3,20,2007,79,0.15
2007-03-21,2007,3,21,2007,80,0.03
2007-03-22,2007,3,22,2007,81,0.04
2007-03-23,2007,3,23,2007,82,1.18
2007-03-24,2007,3,24,2007,83,0.25
2007-03-25,2007,3,25,2007,84,0.11
2007-03-26,2007,3,26,2007,85,0.0
2007-03-27,2007,3,27,2007,86,0.01
2007-03-28,2007,3,28,2007,87,0.32
2007-03-29,2007,3,29,2007,88,1.24
2007-03-30,2007,3,30,2007,89,3.67
2007-03-31,2007,3,31,2007,90,2.24
2007-04-01,2007,4,1,2007,91,15.27
2007-04-02,2007,4,2,2007,92,7.02
2007-04-03,2007,4,3,2007,93,7.19
2007-04-04,2007,4,4,2007,94,2.01
2007-04-05,2007,4,5,2007,95,22.19
2007-04-06,2007,4,6,2007,96,1.13
2007-04-07,2007,4,7,2007,97,0.22
2007-04-08,2007,4,8,2007,98,3.04
2007-04-09,2007,4,9,2007,99,4.78
2007-04-10,2007,4,10,2007,100,1.69
2007-04-11,2007,4,11,2007,101,1.01
2007-04-12,2007,4,12,2007,102,3.88
2007-04-13,2007,4,13,2007,103,1.59
2007-04-14,2007,4,14,2007,104,1.86
2007-04-15,2007,4,15,2007,105,5.56
2007-04-16,2007,4,16,2007,106,19.84
2007-04-17,2007,4,17,2007,107,0.4
2007-04-18,2007,4,18,2007,108,0.15
2007-04-19,2007,4,19,2007,109,0.26
2007-04-20,2007,4,20,2007,110,5.23
2007-04-21,2007,4,21,2007,111,1.65
2007-04-22,2007,4,22,2007,112,0.78
2007-04-23,2007,4,23,2007,113,1.28
2007-04-24,2007,4,24,2007,114,1.56
2007-04-25,2007,4,25,2007,115,8.12
2007-04-26,2007,4,26,2007,116,0.61
2007-04-27,2007,4,27,2007,117,5.85
2007-04-28,2007,4,28,2007,118,1.48
2007-04-29,2007,4,29,2007,119,1.27
2007-04-30,2007,4,30,2007,120,15.64
2007-05-01,2007,5,1,2007,121,7.13
2007-05-02,2007,5,2,2007,122,10.88
2007-05-03,2007,5,3,2007,123,18.26
2007-05-04,2007,5,4,2007,124,0.47
2007-05-05,2007,5,5,2007,125,2.22
2007-05-06,2007,5,6,2007,126,0.89
2007-05-07,2007,5,7,2007,127,0.62
2007-05-08,2007,5,8,2007,128,1.17
2007-05-09,2007,5,9,2007,129,6.94
2007-05-10,2007,5,10,2007,130,9.7
2007-05-11,2007,5,11,2007,131,0.79
2007-05-12,2007,5,12,2007,132,1.55
2007-05-13,2007,5,13,2007,133,19.47
2007-05-14,2007,5,14,2007,134,3.09
2007-05-15,2007,5,15,2007,135,7.01
2007-05-16,2007,5,16,2007,136,0.28
2007-05-17,2007,5,17,2007,137,0.54
2007-05-18,2007,5,18,2007,138,0.25
2007-05-19,2007,5,19,2007,139,0.04
2007-05-20,2007,5,20,2007,140,0.01
2007-05-21,2007,5,21,2007,141,0.08
2007-05-22,2007,5,22,2007,142,0.3
2007-05-23,2007,5,23,2007,143,0.89
2007-05-24,2007,5,24,2007,144,0.13
2007-05-25,2007,5,25,2007,145,2.67
2007-05-26,2007,5,26,2007,146,0.43
2007-05-27,2007,5,27,2007,147,0.82
2007-05-28,2007,5,28,2007,148,4.72
2007-05-29,2007,5,29,2007,149,0.23
2007-05-30,2007,5,30,2007,150,0.08
2007-05-31,2007,5,31,2007,151,1.06
2007-06-01,2007,6,1,2007,152,0.48
2007-06-02,2007,6,2,2007,153,0.12
2007-06-03,2007,6,3,2007,154,3.29
2007-06-04,2007,6,4,2007,155,5.1
2007-06-05,2007,6,5,2007,156,2.53
2007-06-06,2007,6,6,2007,157,8.75
2007-06-07,2007,6,7,2007,158,0.28
2007-06-08,2007,6,8,2007,159,0.96
2007-06-09,2007,6,9,2007,160,6.51
2007-06-10,2007,6,10,2007,161,1.48
2007-06-11,2007,6,11,2007,162,21.42
2007-06-12,2007,6,12,2007,163,7.41
2007-06-13,2007,6,13,2007,164,1.72
2007-06-14,2007,6,14,2007,165,7.34
2007-06-15,2007,6,15,2007,166,12.98
2007-06-16,2007,6,16,2007,167,4.9
2007-06-17,2007,6,17,2007,168,1.2
2007-06-18,2007,6,18,2007,169,2.81
2007-06-19,2007,6,19,2007,170,1.74
2007-06-20,2007,6,20,2007,171,0.57
2007-06-21,2007,6,21,2007,172,0.03
2007-06-22,2007,6,22,2007,173,0.08
2007-06-23,2007,6,23,2007,174,0.05
2007-06-24,2007,6,24,2007,175,1.23
2007-06-25,2007,6,25,2007,176,3.65
2007-06-26,2007,6,26,2007,177,3.05
2007-06-27,2007,6,27,2007,178,4.89
2007-06-28,2007,6,28,2007,179,1.19
2007-06-29,2007,6,29,2007,180,0.04
2007-06-30,2007,6,30,2007,181,0.0
2007-07-01,2007,7,1,2007,182,0.0
2007-07-02,2007,7,2,2007,183,0.0
2007-07-03,2007,7,3,2007,184,0.07
2007-07-04,2007,7,4,2007,185,0.05
2007-07-05,2007,7,5,2007,186,0.01
2007-07-06,2007,7,6,2007,187,0.15
2007-07-07,2007,7,7,2007,188,3.38
2007-07-08,2007,7,8,2007,189,0.26
2007-07-09,2007,7,9,2007,190,0.52
2007-07-10,2007,7,10,2007,191,0.02
2007-07-11,2007,7,11,2007,192,0.07
2007-07-12,2007,7,12,2007,193,0.3
2007-07-13,2007,7,13,2007,194,27.01
2007-07-14,2007,7,14,2007,195,14.8
2007-07-15,2007,7,15,2007,196,3.37
2007-07-16,2007,7,16,2007,197,2.13
2007-07-17,2007,7,17,2007,198,2.48
2007-07-18,2007,7,18,2007,199,1.44
2007-07-19,2007,7,19,2007,200,24.2
2007-07-20,2007,7,20,2007,201,11.49
2007-07-21,2007,7,21,2007,202,1.17
2007-07-22,2007,7,22,2007,203,11.31
2007-07-23,2007,7,23,2007,204,46.42
2007-07-24,2007,7,24,2007,205,6.31
2007-07-25,2007,7,25,2007,206,0.07
2007-07-26,2007,7,26,2007,207,0.75
2007-07-27,2007,7,27,2007,208,0.76
2007-07-28,2007,7,28,2007,209,6.87
2007-07-29,2007,7,29,2007,210,0.92
2007-07-30,2007,7,30,2007,211,5.13
2007-07-31,2007,7,31,2007,212,10.26
2007-08-01,2007,8,1,2007,213,2.93
2007-08-02,2007,8,2,2007,214,0.02
2007-08-03,2007,8,3,2007,215,0.01
2007-08-04,2007,8,4,2007,216,0.01
2007-08-05,2007,8,5,2007,217,0.04
2007-08-06,2007,8,6,2007,218,0.01
2007-08-07,2007,8,7,2007,219,0.0
2007-08-08,2007,8,8,2007,220,0.03
2007-08-09,2007,8,9,2007,221,1.42
2007-08-10,2007,8,10,2007,222,0.46
2007-08-11,2007,8,11,2007,223,0.46
2007-08-12,2007,8,12,2007,224,0.52
2007-08-13,2007,8,13,2007,225,0.6
2007-08-14,2007,8,14,2007,226,22.03
2007-08-15,2007,8,15,2007,227,3.96
2007-08-16,2007,8,16,2007,228,0.61
2007-08-17,2007,8,17,2007,229,0.07
2007-08-18,2007,8,18,2007,230,0.02
2007-08-19,2007,8,19,2007,231,0.85
2007-08-20,2007,8,20,2007,232,0.51
2007-08-21,2007,8,21,2007,233,4.99
2007-08-22,2007,8,22,2007,234,0.01
2007-08-23,2007,8,23,2007,235,0.73
2007-08-24,2007,8,24,2007,236,22.14
2007-08-25,2007,8,25,2007,237,5.84
2007-08-26,2007,8,26,2007,238,1.19
2007-08-27,2007,8,27,2007,239,4.41
2007-08-28,2007,8,28,2007,240,1.21
2007-08-29,2007,8,29,2007,241,1.78
2007-08-30,2007,8,30,2007,242,0.5
2007-08-31,2007,8,31,2007,243,1.16
2007-09-01,2007,9,1,2007,244,16.09
2007-09-02,2007,9,2,2007,245,5.44
2007-09-03,2007,9,3,2007,246,0.1
2007-09-04,2007,9,4,2007,247,0.07
2007-09-05,2007,9,5,2007,248,2.83
2007-09-06,2007,9,6,2007,249,14.3
2007-09-07,2007,9,7,2007,250,14.69
2007-09-08,2007,9,8,2007,251,1.01
2007-09-09,2007,9,9,2007,252,0.93
2007-09-10,2007,9,10,2007,253,0.6
2007-09-11,2007,9,11,2007,254,0.01
2007-09-12,2007,9,12,2007,255,0.5
2007-09-13,2007,9,13,2007,256,2.45
2007-09-14,2007,9,14,2007,257,11.98
2007-09-15,2007,9,15,2007,258,2.93
2007-09-16,2007,9,16,2007,259,0.12
2007-09-17,2007,9,17,2007,260,0.01
2007-09-18,2007,9,18,2007,261,0.0
2007-09-19,2007,9,19,2007,262,0.0
2007-09-20,2007,9,20,2007,263,0.0
2007-09-21,2007,9,21,2007,264,1.45
2007-09-22,2007,9,22,2007,265,0.63
2007-09-23,2007,9,23,2007,266,0.2
2007-09-24,2007,9,24,2007,267,0.96
2007-09-25,2007,9,25,2007,268,0.28
2007-09-26,2007,9,26,2007,269,1.34
2007-09-27,2007,9,27,2007,270,0.2
2007-09-28,2007,9,28,2007,271,0.22
2007-09-29,2007,9,29,2007,272,12.14
2007-09-30,2007,9,30,2007,273,3.11
2007-10-01,2007,10,1,2007,274,1.46
2007-10-02,2007,10,2,2007,275,1.53
2007-10-03,2007,10,3,2007,276,0.08
2007-10-04,2007,10,4,2007,277,0.08
2007-10-05,2007,10,5,2007,278,42.1
2007-10-06,2007,10,6,2007,279,13.02
2007-10-07,2007,10,7,2007,280,0.89
2007-10-08,2007,10,8,2007,281,0.23
2007-10-09,2007,10,9,2007,282,0.05
2007-10-10,2007,10,10,2007,283,0.1
2007-10-11,2007,10,11,2007,284,0.81
2007-10-12,2007,10,12,2007,285,1.24
2007-10-13,2007,10,13,2007,286,2.18
2007-10-14,2007,10,14,2007,287,12.01
2007-10-15,2007,10,15,2007,288,26.64
2007-10-16,2007,10,16,2007,289,8.58
2007-10-17,2007,10,17,2007,290,15.81
2007-10-18,2007,10,18,2007,291,5.86
2007-10-19,2007,10,19,2007,292,1.79
2007-10-20,2007,10,20,2007,293,13.15
2007-10-21,2007,10,21,2007,294,26.47
2007-10-22,2007,10,22,2007,295,20.54
2007-10-23,2007,10,23,2007,296,22.87
2007-10-24,2007,10,24,2007,297,32.17
2007-10-25,2007,10,25,2007,298,9.47
2007-10-26,2007,10,26,2007,299,0.86
2007-10-27,2007,10,27,2007,300,2.42
2007-10-28,2007,10,28,2007,301,0.07
2007-10-29,2007,10,29,2007,302,0.24
2007-10-30,2007,10,30,2007,303,11.14
2007-10-31,2007,10,31,2007,304,6.92
2007-11-01,2007,11,1,2007,305,3.55
2007-11-02,2007,11,2,2007,306,9.56
2007-11-03,2007,11,3,2007,307,2.42
2007-11-04,2007,11,4,2007,308,30.37
2007-11-05,2007,11,5,2007,309,5.71
2007-11-06,2007,11,6,2007,310,2.16
2007-11-07,2007,11,7,2007,311,28.53
2007-11-08,2007,11,8,2007,312,11.23
2007-11-09,2007,11,9,2007,313,17.04
2007-11-10,2007,11,10,2007,314,5.09
2007-11-11,2007,11,11,2007,315,2.21
2007-11-12,2007,11,12,2007,316,0.37
2007-11-13,2007,11,13,2007,317,0.15
2007-11-14,2007,11,14,2007,318,0.11
2007-11-15,2007,11,15,2007,319,3.64
2007-11-16,2007,11,16,2007,320,8.67
2007-11-17,2007,11,17,2007,321,2.77
2007-11-18,2007,11,18,2007,322,1.91
2007-11-19,2007,11,19,2007,323,4.25
2007-11-20,2007,11,20,2007,324,2.64
2007-11-21,2007,11,21,2007,325,0.48
2007-11-22,2007,11,22,2007,326,0.04
2007-11-23,2007,11,23,2007,327,1.56
2007-11-24,2007,11,24,2007,328,3.27
2007-11-25,2007,11,25,2007,329,0.28
2007-11-26,2007,11,26,2007,330,5.26
2007-11-27,2007,11,27,2007,331,1.47
2007-11-28,2007,11,28,2007,332,0.9
2007-11-29,2007,11,29,2007,333,0.61
2007-11-30,2007,11,30,2007,334,55.72
2007-12-01,2007,12,1,2007,335,12.54
2007-12-02,2007,12,2,2007,336,0.53
2007-12-03,2007,12,3,2007,337,0.1
2007-12-04,2007,12,4,2007,338,1.34
2007-12-05,2007,12,5,2007,339,11.47
2007-12-06,2007,12,6,2007,340,24.22
2007-12-07,2007,12,7,2007,341,13.29
2007-12-08,2007,12,8,2007,342,40.57
2007-12-09,2007,12,9,2007,343,16.58
2007-12-10,2007,12,10,2007,344,10.1
2007-12-11,2007,12,11,2007,345,13.68
2007-12-12,2007,12,12,2007,346,6.75
2007-12-13,2007,12,13,2007,347,16.06
2007-12-14,2007,12,14,2007,348,31.58
2007-12-15,2007,12,15,2007,349,9.33
2007-12-16,2007,12,16,2007,350,2.37
2007-12-17,2007,12,17,2007,351,0.81
2007-12-18,2007,12,18,2007,352,1.54
2007-12-19,2007,12,19,2007,353,2.56
2007-12-20,2007,12,20,2007,354,5.57
2007-12-21,2007,12,21,2007,355,0.29
2007-12-22,2007,12,22,2007,356,1.13
2007-12-23,2007,12,23,2007,357,0.04
2007-12-24,2007,12,24,2007,358,0.91
2007-12-25,2007,12,25,2007,359,0.08
2007-12-26,2007,12,26,2007,360,0.01
2007-12-27,2007,12,27,2007,361,0.01
2007-12-28,2007,12,28,2007,362,0.0
2007-12-29,2007,12,29,2007,363,0.0
2007-12-30,2007,12,30,2007,364,0.0
2007-12-31,2007,12,31,2007,365,0.0
2008-01-01,2008,1,1,2008,1,0.02
2008-01-02,2008,1,2,2008,2,0.51
2008-01-03,2008,1,3,2008,3,0.14
2008-01-04,2008,1,4,2008,4,0.86
2008-01-05,2008,1,5,2008,5,0.93
2008-01-06,2008,1,6,2008,6,1.44
2008-01-07,2008,1,7,2008,7,4.44
2008-01-08,2008,1,8,2008,8,8.75
2008-01-09,2008,1,9,2008,9,4.09
2008-01-10,2008,1,10,2008,10,8.73
2008-01-11,2008,1,11,2008,11,2.41
2008-01-12,2008,1,12,2008,12,4.89
2008-01-13,2008,1,13,2008,13,0.6
2008-01-14,2008,1,14,2008,14,0.08
2008-01-15,2008,1,15,2008,15,0.58
2008-01-16,2008,1,16,2008,16,5.77
2008-01-17,2008,1,17,2008,17,1.78
2008-01-18,2008,1,18,2008,18,2.33
2008-01-19,2008,1,19,2008,19,0.18
2008-01-20,2008,1,20,2008,20,0.2
2008-01-21,2008,1,21,2008,21,8.83
2008-01-22,2008,1,22,2008,22,0.38
2008-01-23,2008,1,23,2008,23,2.06
2008-01-24,2008,1,24,2008,24,1.44
2008-01-25,2008,1,25,2008,25,1.79
2008-01-26,2008,1,26,2008,26,0.26
2008-01-27,2008,1,27,2008,27,4.85
2008-01-28,2008,1,28,2008,28,1.23
2008-01-29,2008,1,29,2008,29,0.24
2008-01-30,2008,1,30,2008,30,0.08
2008-01-31,2008,1,31,2008,31,0.18
2008-02-01,2008,2,1,2008,32,0.07
2008-02-02,2008,2,2,2008,33,5.35
2008-02-03,2008,2,3,2008,34,1.3
2008-02-04,2008,2,4,2008,35,1.32
2008-02-05,2008,2,5,2008,36,2.32
2008-02-06,2008,2,6,2008,37,1.29
2008-02-07,2008,2,7,2008,38,13.5
2008-02-08,2008,2,8,2008,39,0.47
2008-02-09,2008,2,9,2008,40,0.1
2008-02-10,2008,2,10,2008,41,0.03
2008-02-11,2008,2,11,2008,42,0.0
2008-02-12,2008,2,12,2008,43,0.0
2008-02-13,2008,2,13,2008,44,1.55
2008-02-14,2008,2,14,2008,45,0.26
2008-02-15,2008,2,15,2008,46,0.0
2008-02-16,2008,2,16,2008,47,0.02
2008-02-17,2008,2,17,2008,48,0.0
2008-02-18,2008,2,18,2008,49,0.72
2008-02-19,2008,2,19,2008,50,0.1
2008-02-20,2008,2,20,2008,51,0.11
2008-02-21,2008,2,21,2008,52,0.01
2008-02-22,2008,2,22,2008,53,0.0
2008-02-23,2008,2,23,2008,54,0.0
2008-02-24,2008,2,24,2008,55,0.44
2008-02-25,2008,2,25,2008,56,0.13
2008-02-26,2008,2,26,2008,57,0.69
2008-02-27,2008,2,27,2008,58,0.11
2008-02-28,2008,2,28,2008,59,1.47
2008-02-29,2008,2,29,2008,60,10.02
2008-03-01,2008,3,1,2008,61,5.52
2008-03-02,2008,3,2,2008,62,5.41
2008-03-03,2008,3,3,2008,63,1.44
2008-03-04,2008,3,4,2008,64,1.0
2008-03-05,2008,3,5,2008,65,0.54
2008-03-06,2008,3,6,2008,66,4.55
2008-03-07,2008,3,7,2008,67,1.32
2008-03-08,2008,3,8,2008,68,4.42
2008-03-09,2008,3,9,2008,69,10.6
2008-03-10,2008,3,10,2008,70,4.07
2008-03-11,2008,3,11,2008,71,3.73
2008-03-12,2008,3,12,2008,72,9.45
2008-03-13,2008,3,13,2008,73,10.55
2008-03-14,2008,3,14,2008,74,2.03
2008-03-15,2008,3,15,2008,75,0.26
2008-03-16,2008,3,16,2008,76,2.76
2008-03-17,2008,3,17,2008,77,23.51
2008-03-18,2008,3,18,2008,78,12.35
2008-03-19,2008,3,19,2008,79,2.16
2008-03-20,2008,3,20,2008,80,0.15
2008-03-21,2008,3,21,2008,81,0.77
2008-03-22,2008,3,22,2008,82,20.13
2008-03-23,2008,3,23,2008,83,1.47
2008-03-24,2008,3,24,2008,84,9.3
2008-03-25,2008,3,25,2008,85,21.84
2008-03-26,2008,3,26,2008,86,7.65
2008-03-27,2008,3,27,2008,87,1.96
2008-03-28,2008,3,28,2008,88,0.3
2008-03-29,2008,3,29,2008,89,37.96
2008-03-30,2008,3,30,2008,90,9.13
2008-03-31,2008,3,31,2008,91,0.02
2008-04-01,2008,4,1,2008,92,0.04
2008-04-02,2008,4,2,2008,93,0.09
2008-04-03,2008,4,3,2008,94,0.07
2008-04-04,2008,4,4,2008,95,0.01
2008-04-05,2008,4,5,2008,96,2.13
2008-04-06,2008,4,6,2008,97,7.78
2008-04-07,2008,4,7,2008,98,17.16
2008-04-08,2008,4,8,2008,99,8.21
2008-04-09,2008,4,9,2008,100,2.96
2008-04-10,2008,4,10,2008,101,2.53
2008-04-11,2008,4,11,2008,102,6.58
2008-04-12,2008,4,12,2008,103,13.11
2008-04-13,2008,4,13,2008,104,1.17
2008-04-14,2008,4,14,2008,105,10.87
2008-04-15,2008,4,15,2008,106,11.06
2008-04-16,2008,4,16,2008,107,1.04
2008-04-17,2008,4,17,2008,108,1.77
2008-04-18,2008,4,18,2008,109,0.58
2008-04-19,2008,4,19,2008,110,1.15
2008-04-20,2008,4,20,2008,111,3.17
2008-04-21,2008,4,21,2008,112,0.79
2008-04-22,2008,4,22,2008,113,5.66
2008-04-23,2008,4,23,2008,114,17.98
2008-04-24,2008,4,24,2008,115,5.09
2008-04-25,2008,4,25,2008,116,13.14
2008-04-26,2008,4,26,2008,117,1.11
2008-04-27,2008,4,27,2008,118,0.21
2008-04-28,2008,4,28,2008,119,0.84
2008-04-29,2008,4,29,2008,120,4.54
2008-04-30,2008,4,30,2008,121,0.05
2008-05-01,2008,5,1,2008,122,0.03
2008-05-02,2008,5,2,2008,123,0.05
2008-05-03,2008,5,3,2008,124,0.04
2008-05-04,2008,5,4,2008,125,3.24
2008-05-05,2008,5,5,2008,126,4.43
2008-05-06,2008,5,6,2008,127,0.5
2008-05-07,2008,5,7,2008,128,0.91
2008-05-08,2008,5,8,2008,129,8.9
2008-05-09,2008,5,9,2008,130,2.08
2008-05-10,2008,5,10,2008,131,1.27
2008-05-11,2008,5,11,2008,132,1.85
2008-05-12,2008,5,12,2008,133,1.43
2008-05-13,2008,5,13,2008,134,0.21
2008-05-14,2008,5,14,2008,135,0.0
2008-05-15,2008,5,15,2008,136,0.0
2008-05-16,2008,5,16,2008,137,0.12
2008-05-17,2008,5,17,2008,138,0.02
2008-05-18,2008,5,18,2008,139,0.0
2008-05-19,2008,5,19,2008,140,0.51
2008-05-20,2008,5,20,2008,141,0.04
2008-05-21,2008,5,21,2008,142,0.12
2008-05-22,2008,5,22,2008,143,3.21
2008-05-23,2008,5,23,2008,144,7.55
2008-05-24,2008,5,24,2008,145,1.22
2008-05-25,2008,5,25,2008,146,0.28
2008-05-26,2008,5,26,2008,147,0.68
2008-05-27,2008,5,27,2008,148,0.6
2008-05-28,2008,5,28,2008,149,0.29
2008-05-29,2008,5,29,2008,150,0.94
2008-05-30,2008,5,30,2008,151,1.12
2008-05-31,2008,5,31,2008,152,0.13
2008-06-01,2008,6,1,2008,153,0.26
2008-06-02,2008,6,2,2008,154,0.67
2008-06-03,2008,6,3,2008,155,9.64
2008-06-04,2008,6,4,2008,156,1.2
2008-06-05,2008,6,5,2008,157,1.88
2008-06-06,2008,6,6,2008,158,2.61
2008-06-07,2008,6,7,2008,159,5.32
2008-06-08,2008,6,8,2008,160,0.88
2008-06-09,2008,6,9,2008,161,14.44
2008-06-10,2008,6,10,2008,162,2.01
2008-06-11,2008,6,11,2008,163,4.21
2008-06-12,2008,6,12,2008,164,0.57
2008-06-13,2008,6,13,2008,165,0.05
2008-06-14,2008,6,14,2008,166,0.01
2008-06-15,2008,6,15,2008,167,0.7
2008-06-16,2008,6,16,2008,168,0.06
2008-06-17,2008,6,17,2008,169,1.69
2008-06-18,2008,6,18,2008,170,0.19
2008-06-19,2008,6,19,2008,171,0.07
2008-06-20,2008,6,20,2008,172,0.11
2008-06-21,2008,6,21,2008,173,0.97
2008-06-22,2008,6,22,2008,174,0.09
2008-06-23,2008,6,23,2008,175,1.38
2008-06-24,2008,6,24,2008,176,0.35
2008-06-25,2008,6,25,2008,177,0.05
2008-06-26,2008,6,26,2008,178,0.41
2008-06-27,2008,6,27,2008,179,0.04
2008-06-28,2008,6,28,2008,180,4.81
2008-06-29,2008,6,29,2008,181,0.78
2008-06-30,2008,6,30,2008,182,0.46
2008-07-01,2008,7,1,2008,183,0.31
2008-07-02,2008,7,2,2008,184,33.85
2008-07-03,2008,7,3,2008,185,9.87
2008-07-04,2008,7,4,2008,186,0.14
2008-07-05,2008,7,5,2008,187,1.66
2008-07-06,2008,7,6,2008,188,0.52
2008-07-07,2008,7,7,2008,189,0.5
2008-07-08,2008,7,8,2008,190,0.13
2008-07-09,2008,7,9,2008,191,2.74
2008-07-10,2008,7,10,2008,192,0.51
2008-07-11,2008,7,11,2008,193,0.12
2008-07-12,2008,7,12,2008,194,5.12
2008-07-13,2008,7,13,2008,195,1.75
2008-07-14,2008,7,14,2008,196,0.97
2008-07-15,2008,7,15,2008,197,1.43
2008-07-16,2008,7,16,2008,198,42.08
2008-07-17,2008,7,17,2008,199,2.52
2008-07-18,2008,7,18,2008,200,21.46
2008-07-19,2008,7,19,2008,201,7.91
2008-07-20,2008,7,20,2008,202,2.29
2008-07-21,2008,7,21,2008,203,2.93
2008-07-22,2008,7,22,2008,204,0.82
2008-07-23,2008,7,23,2008,205,1.16
2008-07-24,2008,7,24,2008,206,6.76
2008-07-25,2008,7,25,2008,207,1.45
2008-07-26,2008,7,26,2008,208,0.09
2008-07-27,2008,7,27,2008,209,0.02
2008-07-28,2008,7,28,2008,210,0.0
2008-07-29,2008,7,29,2008,211,0.0
2008-07-30,2008,7,30,2008,212,0.01
2008-07-31,2008,7,31,2008,213,0.02
2008-08-01,2008,8,1,2008,214,0.06
2008-08-02,2008,8,2,2008,215,1.8
2008-08-03,2008,8,3,2008,216,12.27
2008-08-04,2008,8,4,2008,217,0.47
2008-08-05,2008,8,5,2008,218,0.09
2008-08-06,2008,8,6,2008,219,0.59
2008-08-07,2008,8,7,2008,220,0.06
2008-08-08,2008,8,8,2008,221,0.47
2008-08-09,2008,8,9,2008,222,0.02
2008-08-10,2008,8,10,2008,223,0.0
2008-08-11,2008,8,11,2008,224,0.06
2008-08-12,2008,8,12,2008,225,0.29
2008-08-13,2008,8,13,2008,226,0.02
2008-08-14,2008,8,14,2008,227,0.03
2008-08-15,2008,8,15,2008,228,8.55
2008-08-16,2008,8,16,2008,229,2.9
2008-08-17,2008,8,17,2008,230,0.19
2008-08-18,2008,8,18,2008,231,0.83
2008-08-19,2008,8,19,2008,232,23.76
2008-08-20,2008,8,20,2008,233,16.75
2008-08-21,2008,8,21,2008,234,6.14
2008-08-22,2008,8,22,2008,235,1.29
2008-08-23,2008,8,23,2008,236,4.91
2008-08-24,2008,8,24,2008,237,0.8
2008-08-25,2008,8,25,2008,238,8.54
2008-08-26,2008,8,26,2008,239,0.83
2008-08-27,2008,8,27,2008,240,31.8
2008-08-28,2008,8,28,2008,241,5.2
2008-08-29,2008,8,29,2008,242,8.87
2008-08-30,2008,8,30,2008,243,0.46
2008-08-31,2008,8,31,2008,244,0.19
2008-09-01,2008,9,1,2008,245,5.64
2008-09-02,2008,9,2,2008,246,8.89
2008-09-03,2008,9,3,2008,247,7.67
2008-09-04,2008,9,4,2008,248,0.81
2008-09-05,2008,9,5,2008,249,5.85
2008-09-06,2008,9,6,2008,250,0.99
2008-09-07,2008,9,7,2008,251,0.0
2008-09-08,2008,9,8,2008,252,0.0
2008-09-09,2008,9,9,2008,253,0.02
2008-09-10,2008,9,10,2008,254,1.83
2008-09-11,2008,9,11,2008,255,0.7
2008-09-12,2008,9,12,2008,256,0.71
2008-09-13,2008,9,13,2008,257,1.62
2008-09-14,2008,9,14,2008,258,0.5
2008-09-15,2008,9,15,2008,259,0.2
2008-09-16,2008,9,16,2008,260,0.0
2008-09-17,2008,9,17,2008,261,0.0
2008-09-18,2008,9,18,2008,262,0.08
2008-09-19,2008,9,19,2008,263,0.16
2008-09-20,2008,9,20,2008,264,0.03
2008-09-21,2008,9,21,2008,265,0.35
2008-09-22,2008,9,22,2008,266,0.09
2008-09-23,2008,9,23,2008,267,0.07
2008-09-24,2008,9,24,2008,268,21.28
2008-09-25,2008,9,25,2008,269,16.3
2008-09-26,2008,9,26,2008,270,0.02
2008-09-27,2008,9,27,2008,271,0.16
2008-09-28,2008,9,28,2008,272,0.08
2008-09-29,2008,9,29,2008,273,4.51
2008-09-30,2008,9,30,2008,274,5.13
2008-10-01,2008,10,1,2008,275,0.12
2008-10-02,2008,10,2,2008,276,0.16
2008-10-03,2008,10,3,2008,277,1.26
2008-10-04,2008,10,4,2008,278,7.17
2008-10-05,2008,10,5,2008,279,3.48
2008-10-06,2008,10,6,2008,280,1.43
2008-10-07,2008,10,7,2008,281,1.22
2008-10-08,2008,10,8,2008,282,1.95
2008-10-09,2008,10,9,2008,283,1.71
2008-10-10,2008,10,10,2008,284,8.19
2008-10-11,2008,10,11,2008,285,0.83
2008-10-12,2008,10,12,2008,286,0.31
2008-10-13,2008,10,13,2008,287,0.81
2008-10-14,2008,10,14,2008,288,0.25
2008-10-15,2008,10,15,2008,289,8.26
2008-10-16,2008,10,16,2008,290,0.68
2008-10-17,2008,10,17,2008,291,2.31
2008-10-18,2008,10,18,2008,292,0.31
2008-10-19,2008,10,19,2008,293,5.3
2008-10-20,2008,10,20,2008,294,8.49
2008-10-21,2008,10,21,2008,295,17.04
2008-10-22,2008,10,22,2008,296,2.66
2008-10-23,2008,10,23,2008,297,0.02
2008-10-24,2008,10,24,2008,298,4.55
2008-10-25,2008,10,25,2008,299,0.33
2008-10-26,2008,10,26,2008,300,0.0
2008-10-27,2008,10,27,2008,301,0.0
2008-10-28,2008,10,28,2008,302,0.4
2008-10-29,2008,10,29,2008,303,1.43
2008-10-30,2008,10,30,2008,304,1.34
2008-10-31,2008,10,31,2008,305,0.33
2008-11-01,2008,11,1,2008,306,6.72
2008-11-02,2008,11,2,2008,307,1.86
2008-11-03,2008,11,3,2008,308,0.09
2008-11-04,2008,11,4,2008,309,9.69
2008-11-05,2008,11,5,2008,310,6.34
2008-11-06,2008,11,6,2008,311,1.4
2008-11-07,2008,11,7,2008,312,0.08
2008-11-08,2008,11,8,2008,313,0.64
2008-11-09,2008,11,9,2008,314,4.62
2008-11-10,2008,11,10,2008,315,15.98
2008-11-11,2008,11,11,2008,316,3.16
2008-11-12,2008,11,12,2008,317,18.79
2008-11-13,2008,11,13,2008,318,18.68
2008-11-14,2008,11,14,2008,319,4.46
2008-11-15,2008,11,15,2008,320,7.57
2008-11-16,2008,11,16,2008,321,5.22
2008-11-17,2008,11,17,2008,322,1.28
2008-11-18,2008,11,18,2008,323,1.37
2008-11-19,2008,11,19,2008,324,4.59
2008-11-20,2008,11,20,2008,325,2.29
2008-11-21,2008,11,21,2008,326,2.78
2008-11-22,2008,11,22,2008,327,21.17
2008-11-23,2008,11,23,2008,328,4.22
2008-11-24,2008,11,24,2008,329,6.55
2008-11-25,2008,11,25,2008,330,50.25
2008-11-26,2008,11,26,2008,331,44.61
2008-11-27,2008,11,27,2008,332,42.8
2008-11-28,2008,11,28,2008,333,10.07
2008-11-29,2008,11,29,2008,334,37.73
2008-11-30,2008,11,30,2008,335,23.36
2008-12-01,2008,12,1,2008,336,15.73
2008-12-02,2008,12,2,2008,337,22.6
2008-12-03,2008,12,3,2008,338,3.43
2008-12-04,2008,12,4,2008,339,2.29
2008-12-05,2008,12,5,2008,340,7.26
2008-12-06,2008,12,6,2008,341,1.43
2008-12-07,2008,12,7,2008,342,23.81
2008-12-08,2008,12,8,2008,343,15.09
2008-12-09,2008,12,9,2008,344,1.96
2008-12-10,2008,12,10,2008,345,3.54
2008-12-11,2008,12,11,2008,346,13.49
2008-12-12,2008,12,12,2008,347,3.77
2008-12-13,2008,12,13,2008,348,28.23
2008-12-14,2008,12,14,2008,349,7.76
2008-12-15,2008,12,15,2008,350,1.36
2008-12-16,2008,12,16,2008,351,5.04
2008-12-17,2008,12,17,2008,352,2.26
2008-12-18,2008,12,18,2008,353,0.96
2008-12-19,2008,12,19,2008,354,1.64
2008-12-20,2008,12,20,2008,355,2.46
2008-12-21,2008,12,21,2008,356,1.19
2008-12-22,2008,12,22,2008,357,0.34
2008-12-23,2008,12,23,2008,358,22.66
2008-12-24,2008,12,24,2008,359,15.74
2008-12-25,2008,12,25,2008,360,11.22
2008-12-26,2008,12,26,2008,361,1.09
2008-12-27,2008,12,27,2008,362,0.41
2008-12-28,2008,12,28,2008,363,2.4
2008-12-29,2008,12,29,2008,364,3.41
2008-12-30,2008,12,30,2008,365,19.8
2008-12-31,2008,12,31,2008,366,37.01
2009-01-01,2009,1,1,2009,1,9.93
2009-01-02,2009,1,2,2009,2,9.04
2009-01-03,2009,1,3,2009,3,23.94
2009-01-04,2009,1,4,2009,4,6.86
2009-01-05,2009,1,5,2009,5,6.98
2009-01-06,2009,1,6,2009,6,8.19
2009-01-07,2009,1,7,2009,7,0.44
2009-01-08,2009,1,8,2009,8,0.07
2009-01-09,2009,1,9,2009,9,0.52
2009-01-10,2009,1,10,2009,10,0.08
2009-01-11,2009,1,11,2009,11,0.24
2009-01-12,2009,1,12,2009,12,1.91
2009-01-13,2009,1,13,2009,13,2.62
2009-01-14,2009,1,14,2009,14,3.75
2009-01-15,2009,1,15,2009,15,10.59
2009-01-16,2009,1,16,2009,16,1.58
2009-01-17,2009,1,17,2009,17,2.52
2009-01-18,2009,1,18,2009,18,0.96
2009-01-19,2009,1,19,2009,19,1.05
2009-01-20,2009,1,20,2009,20,0.45
2009-01-21,2009,1,21,2009,21,3.74
2009-01-22,2009,1,22,2009,22,1.08
2009-01-23,2009,1,23,2009,23,0.02
2009-01-24,2009,1,24,2009,24,2.64
2009-01-25,2009,1,25,2009,25,1.32
2009-01-26,2009,1,26,2009,26,0.73
2009-01-27,2009,1,27,2009,27,7.14
2009-01-28,2009,1,28,2009,28,0.71
2009-01-29,2009,1,29,2009,29,1.6
2009-01-30,2009,1,30,2009,30,8.66
2009-01-31,2009,1,31,2009,31,6.07
2009-02-01,2009,2,1,2009,32,0.73
2009-02-02,2009,2,2,2009,33,0.13
2009-02-03,2009,2,3,2009,34,0.11
2009-02-04,2009,2,4,2009,35,0.34
2009-02-05,2009,2,5,2009,36,1.6
2009-02-06,2009,2,6,2009,37,1.0
2009-02-07,2009,2,7,2009,38,2.81
2009-02-08,2009,2,8,2009,39,0.44
2009-02-09,2009,2,9,2009,40,0.0
2009-02-10,2009,2,10,2009,41,0.0
2009-02-11,2009,2,11,2009,42,0.0
2009-02-12,2009,2,12,2009,43,0.0
2009-02-13,2009,2,13,2009,44,0.0
2009-02-14,2009,2,14,2009,45,0.0
2009-02-15,2009,2,15,2009,46,0.23
2009-02-16,2009,2,16,2009,47,0.61
2009-02-17,2009,2,17,2009,48,0.11
2009-02-18,2009,2,18,2009,49,2.21
2009-02-19,2009,2,19,2009,50,0.19
2009-02-20,2009,2,20,2009,51,0.18
2009-02-21,2009,2,21,2009,52,2.7
2009-02-22,2009,2,22,2009,53,0.81
2009-02-23,2009,2,23,2009,54,3.8
2009-02-24,2009,2,24,2009,55,0.11
2009-02-25,2009,2,25,2009,56,3.59
2009-02-26,2009,2,26,2009,57,1.78
2009-02-27,2009,2,27,2009,58,4.51
2009-02-28,2009,2,28,2009,59,0.1
2009-03-01,2009,3,1,2009,60,0.41
2009-03-02,2009,3,2,2009,61,5.78
2009-03-03,2009,3,3,2009,62,7.66
2009-03-04,2009,3,4,2009,63,8.06
2009-03-05,2009,3,5,2009,64,1.94
2009-03-06,2009,3,6,2009,65,0.37
2009-03-07,2009,3,7,2009,66,2.91
2009-03-08,2009,3,8,2009,67,1.69
2009-03-09,2009,3,9,2009,68,0.77
2009-03-10,2009,3,10,2009,69,2.52
2009-03-11,2009,3,11,2009,70,50.84
2009-03-12,2009,3,12,2009,71,11.75
2009-03-13,2009,3,13,2009,72,16.3
2009-03-14,2009,3,14,2009,73,2.61
2009-03-15,2009,3,15,2009,74,0.7
2009-03-16,2009,3,16,2009,75,2.57
2009-03-17,2009,3,17,2009,76,1.8
2009-03-18,2009,3,18,2009,77,1.5
2009-03-19,2009,3,19,2009,78,0.49
2009-03-20,2009,3,20,2009,79,12.76
2009-03-21,2009,3,21,2009,80,6.51
2009-03-22,2009,3,22,2009,81,0.24
2009-03-23,2009,3,23,2009,82,0.37
2009-03-24,2009,3,24,2009,83,2.61
2009-03-25,2009,3,25,2009,84,3.1
2009-03-26,2009,3,26,2009,85,0.09
2009-03-27,2009,3,27,2009,86,0.05
2009-03-28,2009,3,28,2009,87,1.31
2009-03-29,2009,3,29,2009,88,1.05
2009-03-30,2009,3,30,2009,89,0.72
2009-03-31,2009,3,31,2009,90,0.06
2009-04-01,2009,4,1,2009,91,0.47
2009-04-02,2009,4,2,2009,92,10.74
2009-04-03,2009,4,3,2009,93,10.2
2009-04-04,2009,4,4,2009,94,2.43
2009-04-05,2009,4,5,2009,95,1.45
2009-04-06,2009,4,6,2009,96,5.37
2009-04-07,2009,4,7,2009,97,3.31
2009-04-08,2009,4,8,2009,98,3.8
2009-04-09,2009,4,9,2009,99,3.07
2009-04-10,2009,4,10,2009,100,6.21
2009-04-11,2009,4,11,2009,101,1.3
2009-04-12,2009,4,12,2009,102,0.13
2009-04-13,2009,4,13,2009,103,0.03
2009-04-14,2009,4,14,2009,104,0.88
2009-04-15,2009,4,15,2009,105,0.77
2009-04-16,2009,4,16,2009,106,0.11
2009-04-17,2009,4,17,2009,107,0.05
2009-04-18,2009,4,18,2009,108,1.5
2009-04-19,2009,4,19,2009,109,1.89
2009-04-20,2009,4,20,2009,110,4.92
2009-04-21,2009,4,21,2009,111,0.23
2009-04-22,2009,4,22,2009,112,0.24
2009-04-23,2009,4,23,2009,113,0.1
2009-04-24,2009,4,24,2009,114,0.0
2009-04-25,2009,4,25,2009,115,0.0
2009-04-26,2009,4,26,2009,116,0.01
2009-04-27,2009,4,27,2009,117,0.0
2009-04-28,2009,4,28,2009,118,0.03
2009-04-29,2009,4,29,2009,119,0.21
2009-04-30,2009,4,30,2009,120,0.08
2009-05-01,2009,5,1,2009,121,1.34
2009-05-02,2009,5,2,2009,122,14.08
2009-05-03,2009,5,3,2009,123,1.37
2009-05-04,2009,5,4,2009,124,8.42
2009-05-05,2009,5,5,2009,125,1.43
2009-05-06,2009,5,6,2009,126,0.22
2009-05-07,2009,5,7,2009,127,0.03
2009-05-08,2009,5,8,2009,128,0.3
2009-05-09,2009,5,9,2009,129,1.79
2009-05-10,2009,5,10,2009,130,1.07
2009-05-11,2009,5,11,2009,131,2.06
2009-05-12,2009,5,12,2009,132,2.59
2009-05-13,2009,5,13,2009,133,7.5
2009-05-14,2009,5,14,2009,134,17.0
2009-05-15,2009,5,15,2009,135,9.45
2009-05-16,2009,5,16,2009,136,35.58
2009-05-17,2009,5,17,2009,137,5.0
2009-05-18,2009,5,18,2009,138,0.23
2009-05-19,2009,5,19,2009,139,1.03
2009-05-20,2009,5,20,2009,140,0.27
2009-05-21,2009,5,21,2009,141,0.71
2009-05-22,2009,5,22,2009,142,0.53
2009-05-23,2009,5,23,2009,143,0.13
2009-05-24,2009,5,24,2009,144,0.05
2009-05-25,2009,5,25,2009,145,17.22
2009-05-26,2009,5,26,2009,146,4.76
2009-05-27,2009,5,27,2009,147,5.45
2009-05-28,2009,5,28,2009,148,1.22
2009-05-29,2009,5,29,2009,149,44.42
2009-05-30,2009,5,30,2009,150,0.21
2009-05-31,2009,5,31,2009,151,0.01
2009-06-01,2009,6,1,2009,152,0.0
2009-06-02,2009,6,2,2009,153,0.38
2009-06-03,2009,6,3,2009,154,0.13
2009-06-04,2009,6,4,2009,155,0.0
2009-06-05,2009,6,5,2009,156,0.0
2009-06-06,2009,6,6,2009,157,0.05
2009-06-07,2009,6,7,2009,158,0.0
2009-06-08,2009,6,8,2009,159,0.0
2009-06-09,2009,6,9,2009,160,0.0
2009-06-10,2009,6,10,2009,161,0.0
2009-06-11,2009,6,11,2009,162,0.0
2009-06-12,2009,6,12,2009,163,0.35
2009-06-13,2009,6,13,2009,164,7.27
2009-06-14,2009,6,14,2009,165,0.5
2009-06-15,2009,6,15,2009,166,0.12
2009-06-16,2009,6,16,2009,167,0.09
2009-06-17,2009,6,17,2009,168,0.32
2009-06-18,2009,6,18,2009,169,0.01
2009-06-19,2009,6,19,2009,170,19.81
2009-06-20,2009,6,20,2009,171,2.61
2009-06-21,2009,6,21,2009,172,0.11
2009-06-22,2009,6,22,2009,173,0.93
2009-06-23,2009,6,23,2009,174,0.38
2009-06-24,2009,6,24,2009,175,7.49
2009-06-25,2009,6,25,2009,176,1.07
2009-06-26,2009,6,26,2009,177,0.69
2009-06-27,2009,6,27,2009,178,41.61
2009-06-28,2009,6,28,2009,179,0.84
2009-06-29,2009,6,29,2009,180,0.0
2009-06-30,2009,6,30,2009,181,0.12
2009-07-01,2009,7,1,2009,182,0.02
2009-07-02,2009,7,2,2009,183,0.22
2009-07-03,2009,7,3,2009,184,0.74
2009-07-04,2009,7,4,2009,185,0.31
2009-07-05,2009,7,5,2009,186,15.02
2009-07-06,2009,7,6,2009,187,1.45
2009-07-07,2009,7,7,2009,188,0.87
2009-07-08,2009,7,8,2009,189,0.16
2009-07-09,2009,7,9,2009,190,3.43
2009-07-10,2009,7,10,2009,191,7.73
2009-07-11,2009,7,11,2009,192,6.7
2009-07-12,2009,7,12,2009,193,4.74
2009-07-13,2009,7,13,2009,194,0.07
2009-07-14,2009,7,14,2009,195,22.25
2009-07-15,2009,7,15,2009,196,2.9
2009-07-16,2009,7,16,2009,197,0.07
2009-07-17,2009,7,17,2009,198,0.0
2009-07-18,2009,7,18,2009,199,0.77
2009-07-19,2009,7,19,2009,200,0.01
2009-07-20,2009,7,20,2009,201,0.0
2009-07-21,2009,7,21,2009,202,1.76
2009-07-22,2009,7,22,2009,203,0.13
2009-07-23,2009,7,23,2009,204,1.68
2009-07-24,2009,7,24,2009,205,0.35
2009-07-25,2009,7,25,2009,206,0.31
2009-07-26,2009,7,26,2009,207,1.86
2009-07-27,2009,7,27,2009,208,0.14
2009-07-28,2009,7,28,2009,209,0.07
2009-07-29,2009,7,29,2009,210,0.0
2009-07-30,2009,7,30,2009,211,0.0
2009-07-31,2009,7,31,2009,212,0.93
2009-08-01,2009,8,1,2009,213,0.69
2009-08-02,2009,8,2,2009,214,0.01
2009-08-03,2009,8,3,2009,215,0.13
2009-08-04,2009,8,4,2009,216,1.38
2009-08-05,2009,8,5,2009,217,0.17
2009-08-06,2009,8,6,2009,218,5.38
2009-08-07,2009,8,7,2009,219,2.5
2009-08-08,2009,8,8,2009,220,1.33
2009-08-09,2009,8,9,2009,221,0.75
2009-08-10,2009,8,10,2009,222,0.17
2009-08-11,2009,8,11,2009,223,52.32
2009-08-12,2009,8,12,2009,224,28.69
2009-08-13,2009,8,13,2009,225,43.7
2009-08-14,2009,8,14,2009,226,11.84
2009-08-15,2009,8,15,2009,227,10.59
2009-08-16,2009,8,16,2009,228,1.05
2009-08-17,2009,8,17,2009,229,2.97
2009-08-18,2009,8,18,2009,230,7.95
2009-08-19,2009,8,19,2009,231,0.74
2009-08-20,2009,8,20,2009,232,0.76
2009-08-21,2009,8,21,2009,233,2.01
2009-08-22,2009,8,22,2009,234,5.01
2009-08-23,2009,8,23,2009,235,14.26
2009-08-24,2009,8,24,2009,236,0.66
2009-08-25,2009,8,25,2009,237,0.0
2009-08-26,2009,8,26,2009,238,0.14
2009-08-27,2009,8,27,2009,239,13.24
2009-08-28,2009,8,28,2009,240,10.96
2009-08-29,2009,8,29,2009,241,17.64
2009-08-30,2009,8,30,2009,242,1.02
2009-08-31,2009,8,31,2009,243,2.2
2009-09-01,2009,9,1,2009,244,0.08
2009-09-02,2009,9,2,2009,245,0.16
2009-09-03,2009,9,3,2009,246,0.85
2009-09-04,2009,9,4,2009,247,5.88
2009-09-05,2009,9,5,2009,248,2.99
2009-09-06,2009,9,6,2009,249,1.7
2009-09-07,2009,9,7,2009,250,0.08
2009-09-08,2009,9,8,2009,251,0.02
2009-09-09,2009,9,9,2009,252,0.1
2009-09-10,2009,9,10,2009,253,0.03
2009-09-11,2009,9,11,2009,254,0.09
2009-09-12,2009,9,12,2009,255,2.24
2009-09-13,2009,9,13,2009,256,16.12
2009-09-14,2009,9,14,2009,257,19.53
2009-09-15,2009,9,15,2009,258,20.7
2009-09-16,2009,9,16,2009,259,1.3
2009-09-17,2009,9,17,2009,260,13.38
2009-09-18,2009,9,18,2009,261,9.62
2009-09-19,2009,9,19,2009,262,1.14
2009-09-20,2009,9,20,2009,263,0.03
2009-09-21,2009,9,21,2009,264,0.14
2009-09-22,2009,9,22,2009,265,0.12
2009-09-23,2009,9,23,2009,266,0.03
2009-09-24,2009,9,24,2009,267,1.76
2009-09-25,2009,9,25,2009,268,0.87
2009-09-26,2009,9,26,2009,269,10.79
2009-09-27,2009,9,27,2009,270,1.53
2009-09-28,2009,9,28,2009,271,1.21
2009-09-29,2009,9,29,2009,272,0.68
2009-09-30,2009,9,30,2009,273,1.7
2009-10-01,2009,10,1,2009,274,0.15
2009-10-02,2009,10,2,2009,275,0.62
2009-10-03,2009,10,3,2009,276,0.01
2009-10-04,2009,10,4,2009,277,0.0
2009-10-05,2009,10,5,2009,278,0.29
2009-10-06,2009,10,6,2009,279,0.22
2009-10-07,2009,10,7,2009,280,0.71
2009-10-08,2009,10,8,2009,281,1.14
2009-10-09,2009,10,9,2009,282,0.85
2009-10-10,2009,10,10,2009,283,0.2
2009-10-11,2009,10,11,2009,284,33.63
2009-10-12,2009,10,12,2009,285,16.62
2009-10-13,2009,10,13,2009,286,0.76
2009-10-14,2009,10,14,2009,287,1.26
2009-10-15,2009,10,15,2009,288,0.38
2009-10-16,2009,10,16,2009,289,1.29
2009-10-17,2009,10,17,2009,290,0.22
2009-10-18,2009,10,18,2009,291,2.27
2009-10-19,2009,10,19,2009,292,1.32
2009-10-20,2009,10,20,2009,293,1.42
2009-10-21,2009,10,21,2009,294,2.03
2009-10-22,2009,10,22,2009,295,2.68
2009-10-23,2009,10,23,2009,296,1.09
2009-10-24,2009,10,24,2009,297,1.41
2009-10-25,2009,10,25,2009,298,3.18
2009-10-26,2009,10,26,2009,299,0.71
2009-10-27,2009,10,27,2009,300,2.0
2009-10-28,2009,10,28,2009,301,1.86
2009-10-29,2009,10,29,2009,302,1.08
2009-10-30,2009,10,30,2009,303,1.13
2009-10-31,2009,10,31,2009,304,0.2
2009-11-01,2009,11,1,2009,305,1.34
2009-11-02,2009,11,2,2009,306,0.67
2009-11-03,2009,11,3,2009,307,6.14
2009-11-04,2009,11,4,2009,308,78.31
2009-11-05,2009,11,5,2009,309,26.89
2009-11-06,2009,11,6,2009,310,29.31
2009-11-07,2009,11,7,2009,311,9.48
2009-11-08,2009,11,8,2009,312,26.6
2009-11-09,2009,11,9,2009,313,6.47
2009-11-10,2009,11,10,2009,314,7.52
2009-11-11,2009,11,11,2009,315,13.23
2009-11-12,2009,11,12,2009,316,12.44
2009-11-13,2009,11,13,2009,317,25.97
2009-11-14,2009,11,14,2009,318,12.07
2009-11-15,2009,11,15,2009,319,4.49
2009-11-16,2009,11,16,2009,320,1.29
2009-11-17,2009,11,17,2009,321,3.87
2009-11-18,2009,11,18,2009,322,11.53
2009-11-19,2009,11,19,2009,323,9.37
2009-11-20,2009,11,20,2009,324,85.97
2009-11-21,2009,11,21,2009,325,31.88
2009-11-22,2009,11,22,2009,326,2.03
2009-11-23,2009,11,23,2009,327,8.52
2009-11-24,2009,11,24,2009,328,2.97
2009-11-25,2009,11,25,2009,329,6.46
2009-11-26,2009,11,26,2009,330,2.93
2009-11-27,2009,11,27,2009,331,22.94
2009-11-28,2009,11,28,2009,332,11.46
2009-11-29,2009,11,29,2009,333,2.48
2009-11-30,2009,11,30,2009,334,0.24
2009-12-01,2009,12,1,2009,335,0.44
2009-12-02,2009,12,2,2009,336,24.1
2009-12-03,2009,12,3,2009,337,6.4
2009-12-04,2009,12,4,2009,338,7.64
2009-12-05,2009,12,5,2009,339,11.62
2009-12-06,2009,12,6,2009,340,4.42
2009-12-07,2009,12,7,2009,341,2.94
2009-12-08,2009,12,8,2009,342,0.46
2009-12-09,2009,12,9,2009,343,0.11
2009-12-10,2009,12,10,2009,344,1.23
2009-12-11,2009,12,11,2009,345,0.33
2009-12-12,2009,12,12,2009,346,0.08
2009-12-13,2009,12,13,2009,347,1.39
2009-12-14,2009,12,14,2009,348,0.3
2009-12-15,2009,12,15,2009,349,1.66
2009-12-16,2009,12,16,2009,350,0.5
2009-12-17,2009,12,17,2009,351,5.16
2009-12-18,2009,12,18,2009,352,4.56
2009-12-19,2009,12,19,2009,353,15.59
2009-12-20,2009,12,20,2009,354,2.14
2009-12-21,2009,12,21,2009,355,0.41
2009-12-22,2009,12,22,2009,356,13.98
2009-12-23,2009,12,23,2009,357,3.17
2009-12-24,2009,12,24,2009,358,1.68
2009-12-25,2009,12,25,2009,359,1.33
2009-12-26,2009,12,26,2009,360,40.94
2009-12-27,2009,12,27,2009,361,5.15
2009-12-28,2009,12,28,2009,362,9.69
2009-12-29,2009,12,29,2009,363,3.35
2009-12-30,2009,12,30,2009,364,1.44
2009-12-31,2009,12,31,2009,365,0.11
2010-01-01,2010,1,1,2010,1,0.02
2010-01-02,2010,1,2,2010,2,6.56
2010-01-03,2010,1,3,2010,3,31.85
2010-01-04,2010,1,4,2010,4,3.99
2010-01-05,2010,1,5,2010,5,22.79
2010-01-06,2010,1,6,2010,6,42.61
2010-01-07,2010,1,7,2010,7,17.61
2010-01-08,2010,1,8,2010,8,0.7
2010-01-09,2010,1,9,2010,9,0.23
2010-01-10,2010,1,10,2010,10,8.21
2010-01-11,2010,1,11,2010,11,2.66
2010-01-12,2010,1,12,2010,12,0.59
2010-01-13,2010,1,13,2010,13,1.11
2010-01-14,2010,1,14,2010,14,5.28
2010-01-15,2010,1,15,2010,15,3.63
2010-01-16,2010,1,16,2010,16,0.13
2010-01-17,2010,1,17,2010,17,0.08
2010-01-18,2010,1,18,2010,18,47.9
2010-01-19,2010,1,19,2010,19,6.31
2010-01-20,2010,1,20,2010,20,2.12
2010-01-21,2010,1,21,2010,21,14.82
2010-01-22,2010,1,22,2010,22,6.43
2010-01-23,2010,1,23,2010,23,13.01
2010-01-24,2010,1,24,2010,24,5.65
2010-01-25,2010,1,25,2010,25,1.06
2010-01-26,2010,1,26,2010,26,0.27
2010-01-27,2010,1,27,2010,27,0.97
2010-01-28,2010,1,28,2010,28,11.58
2010-01-29,2010,1,29,2010,29,0.28
2010-01-30,2010,1,30,2010,30,0.08
2010-01-31,2010,1,31,2010,31,0.04
2010-02-01,2010,2,1,2010,32,10.37
2010-02-02,2010,2,2,2010,33,2.35
2010-02-03,2010,2,3,2010,34,0.62
2010-02-04,2010,2,4,2010,35,1.31
2010-02-05,2010,2,5,2010,36,1.21
2010-02-06,2010,2,6,2010,37,2.97
2010-02-07,2010,2,7,2010,38,0.26
2010-02-08,2010,2,8,2010,39,4.22
2010-02-09,2010,2,9,2010,40,9.25
2010-02-10,2010,2,10,2010,41,3.28
2010-02-11,2010,2,11,2010,42,0.66
2010-02-12,2010,2,12,2010,43,0.5
2010-02-13,2010,2,13,2010,44,5.17
2010-02-14,2010,2,14,2010,45,2.83
2010-02-15,2010,2,15,2010,46,2.95
2010-02-16,2010,2,16,2010,47,0.86
2010-02-17,2010,2,17,2010,48,0.98
2010-02-18,2010,2,18,2010,49,0.74
2010-02-19,2010,2,19,2010,50,0.24
2010-02-20,2010,2,20,2010,51,0.62
2010-02-21,2010,2,21,2010,52,1.5
2010-02-22,2010,2,22,2010,53,0.07
2010-02-23,2010,2,23,2010,54,29.58
2010-02-24,2010,2,24,2010,55,6.06
2010-02-25,2010,2,25,2010,56,1.94
2010-02-26,2010,2,26,2010,57,0.11
2010-02-27,2010,2,27,2010,58,2.64
2010-02-28,2010,2,28,2010,59,10.73
2010-03-01,2010,3,1,2010,60,21.98
2010-03-02,2010,3,2,2010,61,1.47
2010-03-03,2010,3,3,2010,62,8.53
2010-03-04,2010,3,4,2010,63,2.16
2010-03-05,2010,3,5,2010,64,13.04
2010-03-06,2010,3,6,2010,65,0.23
2010-03-07,2010,3,7,2010,66,0.04
2010-03-08,2010,3,8,2010,67,0.01
2010-03-09,2010,3,9,2010,68,1.51
2010-03-10,2010,3,10,2010,69,2.77
2010-03-11,2010,3,11,2010,70,0.17
2010-03-12,2010,3,12,2010,71,0.87
2010-03-13,2010,3,13,2010,72,1.82
2010-03-14,2010,3,14,2010,73,1.58
2010-03-15,2010,3,15,2010,74,23.73
2010-03-16,2010,3,16,2010,75,0.56
2010-03-17,2010,3,17,2010,76,0.0
2010-03-18,2010,3,18,2010,77,0.62
2010-03-19,2010,3,19,2010,78,0.94
2010-03-20,2010,3,20,2010,79,4.81
2010-03-21,2010,3,21,2010,80,1.32
2010-03-22,2010,3,22,2010,81,15.29
2010-03-23,2010,3,23,2010,82,9.77
2010-03-24,2010,3,24,2010,83,10.53
2010-03-25,2010,3,25,2010,84,2.9
2010-03-26,2010,3,26,2010,85,0.1
2010-03-27,2010,3,27,2010,86,1.16
2010-03-28,2010,3,28,2010,87,7.53
2010-03-29,2010,3,29,2010,88,0.63
2010-03-30,2010,3,30,2010,89,1.45
2010-03-31,2010,3,31,2010,90,0.86
2010-04-01,2010,4,1,2010,91,12.64
2010-04-02,2010,4,2,2010,92,10.07
2010-04-03,2010,4,3,2010,93,6.15
2010-04-04,2010,4,4,2010,94,1.78
2010-04-05,2010,4,5,2010,95,9.51
2010-04-06,2010,4,6,2010,96,1.76
2010-04-07,2010,4,7,2010,97,0.85
2010-04-08,2010,4,8,2010,98,14.22
2010-04-09,2010,4,9,2010,99,5.34
2010-04-10,2010,4,10,2010,100,0.92
2010-04-11,2010,4,11,2010,101,0.27
2010-04-12,2010,4,12,2010,102,1.85
2010-04-13,2010,4,13,2010,103,12.46
2010-04-14,2010,4,14,2010,104,2.89
2010-04-15,2010,4,15,2010,105,0.51
2010-04-16,2010,4,16,2010,106,0.04
2010-04-17,2010,4,17,2010,107,0.12
2010-04-18,2010,4,18,2010,108,0.88
2010-04-19,2010,4,19,2010,109,0.16
2010-04-20,2010,4,20,2010,110,0.05
2010-04-21,2010,4,21,2010,111,1.75
2010-04-22,2010,4,22,2010,112,14.29
2010-04-23,2010,4,23,2010,113,1.36
2010-04-24,2010,4,24,2010,114,1.58
2010-04-25,2010,4,25,2010,115,15.86
2010-04-26,2010,4,26,2010,116,4.3
2010-04-27,2010,4,27,2010,117,91.6
2010-04-28,2010,4,28,2010,118,10.28
2010-04-29,2010,4,29,2010,119,1.06
2010-04-30,2010,4,30,2010,120,1.95
2010-05-01,2010,5,1,2010,121,4.33
2010-05-02,2010,5,2,2010,122,0.78
2010-05-03,2010,5,3,2010,123,4.27
2010-05-04,2010,5,4,2010,124,2.99
2010-05-05,2010,5,5,2010,125,0.26
2010-05-06,2010,5,6,2010,126,0.96
2010-05-07,2010,5,7,2010,127,0.19
2010-05-08,2010,5,8,2010,128,4.5
2010-05-09,2010,5,9,2010,129,1.68
2010-05-10,2010,5,10,2010,130,7.12
2010-05-11,2010,5,11,2010,131,11.22
2010-05-12,2010,5,12,2010,132,4.03
2010-05-13,2010,5,13,2010,133,2.65
2010-05-14,2010,5,14,2010,134,5.59
2010-05-15,2010,5,15,2010,135,1.91
2010-05-16,2010,5,16,2010,136,1.29
2010-05-17,2010,5,17,2010,137,1.71
2010-05-18,2010,5,18,2010,138,0.88
2010-05-19,2010,5,19,2010,139,0.42
2010-05-20,2010,5,20,2010,140,11.67
2010-05-21,2010,5,21,2010,141,7.99
2010-05-22,2010,5,22,2010,142,34.15
2010-05-23,2010,5,23,2010,143,2.12
2010-05-24,2010,5,24,2010,144,0.22
2010-05-25,2010,5,25,2010,145,0.27
2010-05-26,2010,5,26,2010,146,0.0
2010-05-27,2010,5,27,2010,147,0.06
2010-05-28,2010,5,28,2010,148,0.0
2010-05-29,2010,5,29,2010,149,0.68
2010-05-30,2010,5,30,2010,150,1.23
2010-05-31,2010,5,31,2010,151,0.51
2010-06-01,2010,6,1,2010,152,1.76
2010-06-02,2010,6,2,2010,153,0.09
2010-06-03,2010,6,3,2010,154,0.77
2010-06-04,2010,6,4,2010,155,7.06
2010-06-05,2010,6,5,2010,156,29.01
2010-06-06,2010,6,6,2010,157,11.89
2010-06-07,2010,6,7,2010,158,4.22
2010-06-08,2010,6,8,2010,159,1.42
2010-06-09,2010,6,9,2010,160,7.87
2010-06-10,2010,6,10,2010,161,9.87
2010-06-11,2010,6,11,2010,162,48.63
2010-06-12,2010,6,12,2010,163,13.86
2010-06-13,2010,6,13,2010,164,2.55
2010-06-14,2010,6,14,2010,165,28.0
2010-06-15,2010,6,15,2010,166,5.78
2010-06-16,2010,6,16,2010,167,10.23
2010-06-17,2010,6,17,2010,168,0.96
2010-06-18,2010,6,18,2010,169,0.03
2010-06-19,2010,6,19,2010,170,0.02
2010-06-20,2010,6,20,2010,171,0.06
2010-06-21,2010,6,21,2010,172,0.78
2010-06-22,2010,6,22,2010,173,26.83
2010-06-23,2010,6,23,2010,174,3.49
2010-06-24,2010,6,24,2010,175,28.44
2010-06-25,2010,6,25,2010,176,5.88
2010-06-26,2010,6,26,2010,177,0.09
2010-06-27,2010,6,27,2010,178,0.68
2010-06-28,2010,6,28,2010,179,1.32
2010-06-29,2010,6,29,2010,180,2.24
2010-06-30,2010,6,30,2010,181,1.31
2010-07-01,2010,7,1,2010,182,2.44
2010-07-02,2010,7,2,2010,183,1.39
2010-07-03,2010,7,3,2010,184,0.04
2010-07-04,2010,7,4,2010,185,0.01
2010-07-05,2010,7,5,2010,186,0.07
2010-07-06,2010,7,6,2010,187,8.99
2010-07-07,2010,7,7,2010,188,2.97
2010-07-08,2010,7,8,2010,189,0.3
2010-07-09,2010,7,9,2010,190,5.43
2010-07-10,2010,7,10,2010,191,1.79
2010-07-11,2010,7,11,2010,192,1.29
2010-07-12,2010,7,12,2010,193,0.74
2010-07-13,2010,7,13,2010,194,3.55
2010-07-14,2010,7,14,2010,195,5.5
2010-07-15,2010,7,15,2010,196,6.29
2010-07-16,2010,7,16,2010,197,3.73
2010-07-17,2010,7,17,2010,198,0.94
2010-07-18,2010,7,18,2010,199,0.03
2010-07-19,2010,7,19,2010,200,8.87
2010-07-20,2010,7,20,2010,201,0.76
2010-07-21,2010,7,21,2010,202,0.31
2010-07-22,2010,7,22,2010,203,0.02
2010-07-23,2010,7,23,2010,204,0.59
2010-07-24,2010,7,24,2010,205,0.6
2010-07-25,2010,7,25,2010,206,5.68
2010-07-26,2010,7,26,2010,207,4.12
2010-07-27,2010,7,27,2010,208,25.87
2010-07-28,2010,7,28,2010,209,13.05
2010-07-29,2010,7,29,2010,210,3.36
2010-07-30,2010,7,30,2010,211,0.86
2010-07-31,2010,7,31,2010,212,0.05
2010-08-01,2010,8,1,2010,213,2.18
2010-08-02,2010,8,2,2010,214,8.13
2010-08-03,2010,8,3,2010,215,5.22
2010-08-04,2010,8,4,2010,216,0.07
2010-08-05,2010,8,5,2010,217,0.02
2010-08-06,2010,8,6,2010,218,0.12
2010-08-07,2010,8,7,2010,219,0.06
2010-08-08,2010,8,8,2010,220,0.54
2010-08-09,2010,8,9,2010,221,0.7
2010-08-10,2010,8,10,2010,222,6.62
2010-08-11,2010,8,11,2010,223,1.35
2010-08-12,2010,8,12,2010,224,7.23
2010-08-13,2010,8,13,2010,225,1.61
2010-08-14,2010,8,14,2010,226,0.54
2010-08-15,2010,8,15,2010,227,0.04
2010-08-16,2010,8,16,2010,228,0.59
2010-08-17,2010,8,17,2010,229,0.09
2010-08-18,2010,8,18,2010,230,1.63
2010-08-19,2010,8,19,2010,231,48.27
2010-08-20,2010,8,20,2010,232,8.47
2010-08-21,2010,8,21,2010,233,13.23
2010-08-22,2010,8,22,2010,234,0.61
2010-08-23,2010,8,23,2010,235,0.07
2010-08-24,2010,8,24,2010,236,0.08
2010-08-25,2010,8,25,2010,237,0.0
2010-08-26,2010,8,26,2010,238,0.33
2010-08-27,2010,8,27,2010,239,0.34
2010-08-28,2010,8,28,2010,240,0.11
2010-08-29,2010,8,29,2010,241,0.09
2010-08-30,2010,8,30,2010,242,0.16
2010-08-31,2010,8,31,2010,243,4.49
2010-09-01,2010,9,1,2010,244,0.26
2010-09-02,2010,9,2,2010,245,25.19
2010-09-03,2010,9,3,2010,246,1.25
2010-09-04,2010,9,4,2010,247,0.02
2010-09-05,2010,9,5,2010,248,0.0
2010-09-06,2010,9,6,2010,249,0.29
2010-09-07,2010,9,7,2010,250,0.33
2010-09-08,2010,9,8,2010,251,2.91
2010-09-09,2010,9,9,2010,252,1.0
2010-09-10,2010,9,10,2010,253,0.24
2010-09-11,2010,9,11,2010,254,0.39
2010-09-12,2010,9,12,2010,255,38.63
2010-09-13,2010,9,13,2010,256,2.05
2010-09-14,2010,9,14,2010,257,17.87
2010-09-15,2010,9,15,2010,258,2.85
2010-09-16,2010,9,16,2010,259,3.3
2010-09-17,2010,9,17,2010,260,2.22
2010-09-18,2010,9,18,2010,261,3.68
2010-09-19,2010,9,19,2010,262,8.16
2010-09-20,2010,9,20,2010,263,4.66
2010-09-21,2010,9,21,2010,264,3.79
2010-09-22,2010,9,22,2010,265,12.27
2010-09-23,2010,9,23,2010,266,25.74
2010-09-24,2010,9,24,2010,267,3.59
2010-09-25,2010,9,25,2010,268,8.82
2010-09-26,2010,9,26,2010,269,3.22
2010-09-27,2010,9,27,2010,270,5.96
2010-09-28,2010,9,28,2010,271,4.69
2010-09-29,2010,9,29,2010,272,2.34
2010-09-30,2010,9,30,2010,273,1.04
2010-10-01,2010,10,1,2010,274,17.52
2010-10-02,2010,10,2,2010,275,20.51
2010-10-03,2010,10,3,2010,276,14.44
2010-10-04,2010,10,4,2010,277,21.05
2010-10-05,2010,10,5,2010,278,55.05
2010-10-06,2010,10,6,2010,279,2.57
2010-10-07,2010,10,7,2010,280,1.15
2010-10-08,2010,10,8,2010,281,0.08
2010-10-09,2010,10,9,2010,282,0.0
2010-10-10,2010,10,10,2010,283,0.0
2010-10-11,2010,10,11,2010,284,0.0
2010-10-12,2010,10,12,2010,285,0.16
2010-10-13,2010,10,13,2010,286,7.7
2010-10-14,2010,10,14,2010,287,0.77
2010-10-15,2010,10,15,2010,288,0.26
2010-10-16,2010,10,16,2010,289,0.92
2010-10-17,2010,10,17,2010,290,1.67
2010-10-18,2010,10,18,2010,291,0.04
2010-10-19,2010,10,19,2010,292,0.0
2010-10-20,2010,10,20,2010,293,0.0
2010-10-21,2010,10,21,2010,294,0.53
2010-10-22,2010,10,22,2010,295,0.06
2010-10-23,2010,10,23,2010,296,0.0
2010-10-24,2010,10,24,2010,297,1.1
2010-10-25,2010,10,25,2010,298,10.01
2010-10-26,2010,10,26,2010,299,19.62
2010-10-27,2010,10,27,2010,300,7.71
2010-10-28,2010,10,28,2010,301,2.29
2010-10-29,2010,10,29,2010,302,5.33
2010-10-30,2010,10,30,2010,303,3.11
2010-10-31,2010,10,31,2010,304,18.11
2010-11-01,2010,11,1,2010,305,58.79
2010-11-02,2010,11,2,2010,306,31.52
2010-11-03,2010,11,3,2010,307,18.01
2010-11-04,2010,11,4,2010,308,4.82
2010-11-05,2010,11,5,2010,309,5.42
2010-11-06,2010,11,6,2010,310,1.54
2010-11-07,2010,11,7,2010,311,0.96
2010-11-08,2010,11,8,2010,312,1.22
2010-11-09,2010,11,9,2010,313,10.56
2010-11-10,2010,11,10,2010,314,13.12
2010-11-11,2010,11,11,2010,315,19.61
2010-11-12,2010,11,12,2010,316,5.72
2010-11-13,2010,11,13,2010,317,1.97
2010-11-14,2010,11,14,2010,318,13.74
2010-11-15,2010,11,15,2010,319,8.73
2010-11-16,2010,11,16,2010,320,2.02
2010-11-17,2010,11,17,2010,321,1.58
2010-11-18,2010,11,18,2010,322,1.94
2010-11-19,2010,11,19,2010,323,3.74
2010-11-20,2010,11,20,2010,324,5.81
2010-11-21,2010,11,21,2010,325,39.36
2010-11-22,2010,11,22,2010,326,11.54
2010-11-23,2010,11,23,2010,327,66.1
2010-11-24,2010,11,24,2010,328,5.8
2010-11-25,2010,11,25,2010,329,2.08
2010-11-26,2010,11,26,2010,330,0.98
2010-11-27,2010,11,27,2010,331,0.7
2010-11-28,2010,11,28,2010,332,2.0
2010-11-29,2010,11,29,2010,333,6.02
2010-11-30,2010,11,30,2010,334,1.39
2010-12-01,2010,12,1,2010,335,12.31
2010-12-02,2010,12,2,2010,336,5.89
2010-12-03,2010,12,3,2010,337,38.36
2010-12-04,2010,12,4,2010,338,19.56
2010-12-05,2010,12,5,2010,339,5.83
2010-12-06,2010,12,6,2010,340,1.76
2010-12-07,2010,12,7,2010,341,1.5
2010-12-08,2010,12,8,2010,342,55.27
2010-12-09,2010,12,9,2010,343,24.26
2010-12-10,2010,12,10,2010,344,4.54
2010-12-11,2010,12,11,2010,345,5.28
2010-12-12,2010,12,12,2010,346,4.46
2010-12-13,2010,12,13,2010,347,2.2
2010-12-14,2010,12,14,2010,348,1.1
2010-12-15,2010,12,15,2010,349,28.95
2010-12-16,2010,12,16,2010,350,11.31
2010-12-17,2010,12,17,2010,351,2.51
2010-12-18,2010,12,18,2010,352,1.26
2010-12-19,2010,12,19,2010,353,12.26
2010-12-20,2010,12,20,2010,354,6.72
2010-12-21,2010,12,21,2010,355,1.63
2010-12-22,2010,12,22,2010,356,3.61
2010-12-23,2010,12,23,2010,357,2.89
2010-12-24,2010,12,24,2010,358,6.68
2010-12-25,2010,12,25,2010,359,1.31
2010-12-26,2010,12,26,2010,360,0.95
2010-12-27,2010,12,27,2010,361,0.43
2010-12-28,2010,12,28,2010,362,1.1
2010-12-29,2010,12,29,2010,363,3.75
2010-12-30,2010,12,30,2010,364,1.2
2010-12-31,2010,12,31,2010,365,1.65
2011-01-01,2011,1,1,2011,1,3.36
2011-01-02,2011,1,2,2011,2,1.8
2011-01-03,2011,1,3,2011,3,1.6
2011-01-04,2011,1,4,2011,4,12.07
2011-01-05,2011,1,5,2011,5,6.13
2011-01-06,2011,1,6,2011,6,15.47
2011-01-07,2011,1,7,2011,7,13.63
2011-01-08,2011,1,8,2011,8,9.13
2011-01-09,2011,1,9,2011,9,3.97
2011-01-10,2011,1,10,2011,10,11.62
2011-01-11,2011,1,11,2011,11,0.11
2011-01-12,2011,1,12,2011,12,0.1
2011-01-13,2011,1,13,2011,13,0.01
2011-01-14,2011,1,14,2011,14,0.0
2011-01-15,2011,1,15,2011,15,0.0
2011-01-16,2011,1,16,2011,16,1.41
2011-01-17,2011,1,17,2011,17,0.21
2011-01-18,2011,1,18,2011,18,0.02
2011-01-19,2011,1,19,2011,19,0.01
2011-01-20,2011,1,20,2011,20,3.97
2011-01-21,2011,1,21,2011,21,0.8
2011-01-22,2011,1,22,2011,22,0.0
2011-01-23,2011,1,23,2011,23,9.65
2011-01-24,2011,1,24,2011,24,2.07
2011-01-25,2011,1,25,2011,25,15.39
2011-01-26,2011,1,26,2011,26,10.73
2011-01-27,2011,1,27,2011,27,12.85
2011-01-28,2011,1,28,2011,28,12.56
2011-01-29,2011,1,29,2011,29,7.08
2011-01-30,2011,1,30,2011,30,0.57
2011-01-31,2011,1,31,2011,31,2.47
2011-02-01,2011,2,1,2011,32,2.72
2011-02-02,2011,2,2,2011,33,16.84
2011-02-03,2011,2,3,2011,34,3.03
2011-02-04,2011,2,4,2011,35,1.03
2011-02-05,2011,2,5,2011,36,0.07
2011-02-06,2011,2,6,2011,37,0.19
2011-02-07,2011,2,7,2011,38,8.96
2011-02-08,2011,2,8,2011,39,1.01
2011-02-09,2011,2,9,2011,40,0.02
2011-02-10,2011,2,10,2011,41,0.02
2011-02-11,2011,2,11,2011,42,10.61
2011-02-12,2011,2,12,2011,43,13.07
2011-02-13,2011,2,13,2011,44,4.18
2011-02-14,2011,2,14,2011,45,0.4
2011-02-15,2011,2,15,2011,46,1.2
2011-02-16,2011,2,16,2011,47,0.22
2011-02-17,2011,2,17,2011,48,0.08
2011-02-18,2011,2,18,2011,49,4.16
2011-02-19,2011,2,19,2011,50,0.17
2011-02-20,2011,2,20,2011,51,0.07
2011-02-21,2011,2,21,2011,52,3.08
2011-02-22,2011,2,22,2011,53,0.44
2011-02-23,2011,2,23,2011,54,0.2
2011-02-24,2011,2,24,2011,55,0.72
2011-02-25,2011,2,25,2011,56,1.36
2011-02-26,2011,2,26,2011,57,0.81
2011-02-27,2011,2,27,2011,58,0.73
2011-02-28,2011,2,28,2011,59,0.03
2011-03-01,2011,3,1,2011,60,0.06
2011-03-02,2011,3,2,2011,61,0.06
2011-03-03,2011,3,3,2011,62,0.06
2011-03-04,2011,3,4,2011,63,0.01
2011-03-05,2011,3,5,2011,64,0.48
2011-03-06,2011,3,6,2011,65,0.13
2011-03-07,2011,3,7,2011,66,15.94
2011-03-08,2011,3,8,2011,67,8.21
2011-03-09,2011,3,9,2011,68,53.33
2011-03-10,2011,3,10,2011,69,30.67
2011-03-11,2011,3,11,2011,70,6.23
2011-03-12,2011,3,12,2011,71,1.37
2011-03-13,2011,3,13,2011,72,0.27
2011-03-14,2011,3,14,2011,73,6.01
2011-03-15,2011,3,15,2011,74,1.49
2011-03-16,2011,3,16,2011,75,0.23
2011-03-17,2011,3,17,2011,76,2.73
2011-03-18,2011,3,18,2011,77,0.76
2011-03-19,2011,3,19,2011,78,0.29
2011-03-20,2011,3,20,2011,79,2.37
2011-03-21,2011,3,21,2011,80,1.54
2011-03-22,2011,3,22,2011,81,5.74
2011-03-23,2011,3,23,2011,82,28.98
2011-03-24,2011,3,24,2011,83,20.39
2011-03-25,2011,3,25,2011,84,17.94
2011-03-26,2011,3,26,2011,85,13.93
2011-03-27,2011,3,27,2011,86,20.45
2011-03-28,2011,3,28,2011,87,10.05
2011-03-29,2011,3,29,2011,88,17.3
2011-03-30,2011,3,30,2011,89,13.32
2011-03-31,2011,3,31,2011,90,1.36
2011-04-01,2011,4,1,2011,91,10.41
2011-04-02,2011,4,2,2011,92,1.84
2011-04-03,2011,4,3,2011,93,0.76
2011-04-04,2011,4,4,2011,94,0.7
2011-04-05,2011,4,5,2011,95,0.11
2011-04-06,2011,4,6,2011,96,0.06
2011-04-07,2011,4,7,2011,97,0.59
2011-04-08,2011,4,8,2011,98,0.13
2011-04-09,2011,4,9,2011,99,1.26
2011-04-10,2011,4,10,2011,100,1.09
2011-04-11,2011,4,11,2011,101,5.66
2011-04-12,2011,4,12,2011,102,3.29
2011-04-13,2011,4,13,2011,103,10.42
2011-04-14,2011,4,14,2011,104,2.48
2011-04-15,2011,4,15,2011,105,0.88
2011-04-16,2011,4,16,2011,106,1.61
2011-04-17,2011,4,17,2011,107,17.34
2011-04-18,2011,4,18,2011,108,1.51
2011-04-19,2011,4,19,2011,109,0.19
2011-04-20,2011,4,20,2011,110,1.54
2011-04-21,2011,4,21,2011,111,11.78
2011-04-22,2011,4,22,2011,112,1.79
2011-04-23,2011,4,23,2011,113,0.44
2011-04-24,2011,4,24,2011,114,1.16
2011-04-25,2011,4,25,2011,115,2.99
2011-04-26,2011,4,26,2011,116,7.48
2011-04-27,2011,4,27,2011,117,1.93
2011-04-28,2011,4,28,2011,118,13.16
2011-04-29,2011,4,29,2011,119,7.59
2011-04-30,2011,4,30,2011,120,0.38
2011-05-01,2011,5,1,2011,121,0.07
2011-05-02,2011,5,2,2011,122,0.03
2011-05-03,2011,5,3,2011,123,0.14
2011-05-04,2011,5,4,2011,124,0.04
2011-05-05,2011,5,5,2011,125,0.88
2011-05-06,2011,5,6,2011,126,1.38
2011-05-07,2011,5,7,2011,127,2.58
2011-05-08,2011,5,8,2011,128,2.21
2011-05-09,2011,5,9,2011,129,2.52
2011-05-10,2011,5,10,2011,130,1.23
2011-05-11,2011,5,11,2011,131,0.13
2011-05-12,2011,5,12,2011,132,1.2
2011-05-13,2011,5,13,2011,133,16.28
2011-05-14,2011,5,14,2011,134,6.95
2011-05-15,2011,5,15,2011,135,15.21
2011-05-16,2011,5,16,2011,136,5.22
2011-05-17,2011,5,17,2011,137,1.64
2011-05-18,2011,5,18,2011,138,16.54
2011-05-19,2011,5,19,2011,139,1.54
2011-05-20,2011,5,20,2011,140,4.66
2011-05-21,2011,5,21,2011,141,4.16
2011-05-22,2011,5,22,2011,142,2.01
2011-05-23,2011,5,23,2011,143,0.04
2011-05-24,2011,5,24,2011,144,0.57
2011-05-25,2011,5,25,2011,145,0.12
2011-05-26,2011,5,26,2011,146,0.16
2011-05-27,2011,5,27,2011,147,0.05
2011-05-28,2011,5,28,2011,148,2.72
2011-05-29,2011,5,29,2011,149,10.69
2011-05-30,2011,5,30,2011,150,1.12
2011-05-31,2011,5,31,2011,151,0.67
2011-06-01,2011,6,1,2011,152,0.77
2011-06-02,2011,6,2,2011,153,4.11
2011-06-03,2011,6,3,2011,154,0.13
2011-06-04,2011,6,4,2011,155,0.1
2011-06-05,2011,6,5,2011,156,0.68
2011-06-06,2011,6,6,2011,157,0.13
2011-06-07,2011,6,7,2011,158,0.04
2011-06-08,2011,6,8,2011,159,0.01
2011-06-09,2011,6,9,2011,160,0.01
2011-06-10,2011,6,10,2011,161,0.4
2011-06-11,2011,6,11,2011,162,0.08
2011-06-12,2011,6,12,2011,163,0.01
2011-06-13,2011,6,13,2011,164,0.47
2011-06-14,2011,6,14,2011,165,1.13
2011-06-15,2011,6,15,2011,166,1.06
2011-06-16,2011,6,16,2011,167,0.01
2011-06-17,2011,6,17,2011,168,0.02
2011-06-18,2011,6,18,2011,169,5.49
2011-06-19,2011,6,19,2011,170,0.19
2011-06-20,2011,6,20,2011,171,0.02
2011-06-21,2011,6,21,2011,172,13.18
2011-06-22,2011,6,22,2011,173,2.69
2011-06-23,2011,6,23,2011,174,0.66
2011-06-24,2011,6,24,2011,175,1.9
2011-06-25,2011,6,25,2011,176,6.67
2011-06-26,2011,6,26,2011,177,3.5
2011-06-27,2011,6,27,2011,178,0.08
2011-06-28,2011,6,28,2011,179,4.45
2011-06-29,2011,6,29,2011,180,12.91
2011-06-30,2011,6,30,2011,181,2.04
2011-07-01,2011,7,1,2011,182,0.95
2011-07-02,2011,7,2,2011,183,0.93
2011-07-03,2011,7,3,2011,184,0.2
2011-07-04,2011,7,4,2011,185,0.01
2011-07-05,2011,7,5,2011,186,0.33
2011-07-06,2011,7,6,2011,187,0.09
2011-07-07,2011,7,7,2011,188,0.01
2011-07-08,2011,7,8,2011,189,0.0
2011-07-09,2011,7,9,2011,190,0.0
2011-07-10,2011,7,10,2011,191,0.55
2011-07-11,2011,7,11,2011,192,32.88
2011-07-12,2011,7,12,2011,193,2.88
2011-07-13,2011,7,13,2011,194,7.07
2011-07-14,2011,7,14,2011,195,5.68
2011-07-15,2011,7,15,2011,196,0.19
2011-07-16,2011,7,16,2011,197,0.02
2011-07-17,2011,7,17,2011,198,0.05
2011-07-18,2011,7,18,2011,199,0.0
2011-07-19,2011,7,19,2011,200,0.0
2011-07-20,2011,7,20,2011,201,0.06
2011-07-21,2011,7,21,2011,202,9.77
2011-07-22,2011,7,22,2011,203,1.04
2011-07-23,2011,7,23,2011,204,0.2
2011-07-24,2011,7,24,2011,205,29.26
2011-07-25,2011,7,25,2011,206,5.52
2011-07-26,2011,7,26,2011,207,1.82
2011-07-27,2011,7,27,2011,208,0.27
2011-07-28,2011,7,28,2011,209,0.95
2011-07-29,2011,7,29,2011,210,0.09
2011-07-30,2011,7,30,2011,211,0.04
2011-07-31,2011,7,31,2011,212,0.07
2011-08-01,2011,8,1,2011,213,5.16
2011-08-02,2011,8,2,2011,214,8.89
2011-08-03,2011,8,3,2011,215,0.67
2011-08-04,2011,8,4,2011,216,0.14
2011-08-05,2011,8,5,2011,217,1.33
2011-08-06,2011,8,6,2011,218,0.79
2011-08-07,2011,8,7,2011,219,0.0
2011-08-08,2011,8,8,2011,220,0.04
2011-08-09,2011,8,9,2011,221,22.66
2011-08-10,2011,8,10,2011,222,6.23
2011-08-11,2011,8,11,2011,223,4.21
2011-08-12,2011,8,12,2011,224,2.78
2011-08-13,2011,8,13,2011,225,24.0
2011-08-14,2011,8,14,2011,226,8.59
2011-08-15,2011,8,15,2011,227,49.72
2011-08-16,2011,8,16,2011,228,7.96
2011-08-17,2011,8,17,2011,229,6.21
2011-08-18,2011,8,18,2011,230,23.79
2011-08-19,2011,8,19,2011,231,6.15
2011-08-20,2011,8,20,2011,232,3.48
2011-08-21,2011,8,21,2011,233,3.58
2011-08-22,2011,8,22,2011,234,2.68
2011-08-23,2011,8,23,2011,235,15.05
2011-08-24,2011,8,24,2011,236,6.34
2011-08-25,2011,8,25,2011,237,0.21
2011-08-26,2011,8,26,2011,238,19.54
2011-08-27,2011,8,27,2011,239,3.09
2011-08-28,2011,8,28,2011,240,6.1
2011-08-29,2011,8,29,2011,241,2.28
2011-08-30,2011,8,30,2011,242,0.23
2011-08-31,2011,8,31,2011,243,0.09
2011-09-01,2011,9,1,2011,244,0.03
2011-09-02,2011,9,2,2011,245,0.03
2011-09-03,2011,9,3,2011,246,0.14
2011-09-04,2011,9,4,2011,247,4.42
2011-09-05,2011,9,5,2011,248,0.71
2011-09-06,2011,9,6,2011,249,0.36
2011-09-07,2011,9,7,2011,250,7.28
2011-09-08,2011,9,8,2011,251,0.72
2011-09-09,2011,9,9,2011,252,0.9
2011-09-10,2011,9,10,2011,253,13.59
2011-09-11,2011,9,11,2011,254,10.51
2011-09-12,2011,9,12,2011,255,1.93
2011-09-13,2011,9,13,2011,256,0.22
2011-09-14,2011,9,14,2011,257,1.5
2011-09-15,2011,9,15,2011,258,3.46
2011-09-16,2011,9,16,2011,259,15.43
2011-09-17,2011,9,17,2011,260,2.83
2011-09-18,2011,9,18,2011,261,1.07
2011-09-19,2011,9,19,2011,262,1.32
2011-09-20,2011,9,20,2011,263,0.04
2011-09-21,2011,9,21,2011,264,3.66
2011-09-22,2011,9,22,2011,265,0.08
2011-09-23,2011,9,23,2011,266,0.09
2011-09-24,2011,9,24,2011,267,15.98
2011-09-25,2011,9,25,2011,268,6.05
2011-09-26,2011,9,26,2011,269,0.87
2011-09-27,2011,9,27,2011,270,2.05
2011-09-28,2011,9,28,2011,271,10.03
2011-09-29,2011,9,29,2011,272,8.69
2011-09-30,2011,9,30,2011,273,13.2
2011-10-01,2011,10,1,2011,274,0.39
2011-10-02,2011,10,2,2011,275,1.34
2011-10-03,2011,10,3,2011,276,1.05
2011-10-04,2011,10,4,2011,277,11.74
2011-10-05,2011,10,5,2011,278,1.4
2011-10-06,2011,10,6,2011,279,0.01
2011-10-07,2011,10,7,2011,280,1.66
2011-10-08,2011,10,8,2011,281,1.4
2011-10-09,2011,10,9,2011,282,0.15
2011-10-10,2011,10,10,2011,283,0.16
2011-10-11,2011,10,11,2011,284,16.67
2011-10-12,2011,10,12,2011,285,7.59
2011-10-13,2011,10,13,2011,286,0.11
2011-10-14,2011,10,14,2011,287,0.71
2011-10-15,2011,10,15,2011,288,54.8
2011-10-16,2011,10,16,2011,289,5.86
2011-10-17,2011,10,17,2011,290,6.61
2011-10-18,2011,10,18,2011,291,6.68
2011-10-19,2011,10,19,2011,292,16.67
2011-10-20,2011,10,20,2011,293,3.18
2011-10-21,2011,10,21,2011,294,2.34
2011-10-22,2011,10,22,2011,295,3.49
2011-10-23,2011,10,23,2011,296,61.82
2011-10-24,2011,10,24,2011,297,9.19
2011-10-25,2011,10,25,2011,298,4.07
2011-10-26,2011,10,26,2011,299,5.32
2011-10-27,2011,10,27,2011,300,0.93
2011-10-28,2011,10,28,2011,301,1.65
2011-10-29,2011,10,29,2011,302,1.34
2011-10-30,2011,10,30,2011,303,31.82
2011-10-31,2011,10,31,2011,304,17.56
2011-11-01,2011,11,1,2011,305,7.74
2011-11-02,2011,11,2,2011,306,1.76
2011-11-03,2011,11,3,2011,307,8.62
2011-11-04,2011,11,4,2011,308,8.68
2011-11-05,2011,11,5,2011,309,13.06
2011-11-06,2011,11,6,2011,310,48.54
2011-11-07,2011,11,7,2011,311,1.98
2011-11-08,2011,11,8,2011,312,6.14
2011-11-09,2011,11,9,2011,313,0.77
2011-11-10,2011,11,10,2011,314,0.21
2011-11-11,2011,11,11,2011,315,3.62
2011-11-12,2011,11,12,2011,316,12.85
2011-11-13,2011,11,13,2011,317,11.25
2011-11-14,2011,11,14,2011,318,1.86
2011-11-15,2011,11,15,2011,319,3.08
2011-11-16,2011,11,16,2011,320,3.67
2011-11-17,2011,11,17,2011,321,0.42
2011-11-18,2011,11,18,2011,322,2.74
2011-11-19,2011,11,19,2011,323,0.35
2011-11-20,2011,11,20,2011,324,1.05
2011-11-21,2011,11,21,2011,325,6.72
2011-11-22,2011,11,22,2011,326,6.4
2011-11-23,2011,11,23,2011,327,3.97
2011-11-24,2011,11,24,2011,328,0.56
2011-11-25,2011,11,25,2011,329,11.1
2011-11-26,2011,11,26,2011,330,9.99
2011-11-27,2011,11,27,2011,331,22.94
2011-11-28,2011,11,28,2011,332,4.87
2011-11-29,2011,11,29,2011,333,6.38
2011-11-30,2011,11,30,2011,334,46.91
2011-12-01,2011,12,1,2011,335,12.89
2011-12-02,2011,12,2,2011,336,0.03
2011-12-03,2011,12,3,2011,337,0.08
2011-12-04,2011,12,4,2011,338,0.51
2011-12-05,2011,12,5,2011,339,0.07
2011-12-06,2011,12,6,2011,340,0.0
2011-12-07,2011,12,7,2011,341,2.1
2011-12-08,2011,12,8,2011,342,9.49
2011-12-09,2011,12,9,2011,343,1.74
2011-12-10,2011,12,10,2011,344,4.55
2011-12-11,2011,12,11,2011,345,7.31
2011-12-12,2011,12,12,2011,346,10.78
2011-12-13,2011,12,13,2011,347,7.74
2011-12-14,2011,12,14,2011,348,4.37
2011-12-15,2011,12,15,2011,349,9.42
2011-12-16,2011,12,16,2011,350,8.72
2011-12-17,2011,12,17,2011,351,17.84
2011-12-18,2011,12,18,2011,352,26.46
2011-12-19,2011,12,19,2011,353,9.59
2011-12-20,2011,12,20,2011,354,2.7
2011-12-21,2011,12,21,2011,355,0.13
2011-12-22,2011,12,22,2011,356,5.43
2011-12-23,2011,12,23,2011,357,77.34
2011-12-24,2011,12,24,2011,358,9.93
2011-12-25,2011,12,25,2011,359,2.48
2011-12-26,2011,12,26,2011,360,3.85
2011-12-27,2011,12,27,2011,361,7.84
2011-12-28,2011,12,28,2011,362,0.06
2011-12-29,2011,12,29,2011,363,0.59
2011-12-30,2011,12,30,2011,364,6.25
2011-12-31,2011,12,31,2011,365,4.4
2012-01-01,2012,1,1,2012,1,4.64
2012-01-02,2012,1,2,2012,2,0.66
2012-01-03,2012,1,3,2012,3,1.25
2012-01-04,2012,1,4,2012,4,3.99
2012-01-05,2012,1,5,2012,5,18.96
2012-01-06,2012,1,6,2012,6,2.1
2012-01-07,2012,1,7,2012,7,1.68
2012-01-08,2012,1,8,2012,8,0.91
2012-01-09,2012,1,9,2012,9,5.41
2012-01-10,2012,1,10,2012,10,3.92
2012-01-11,2012,1,11,2012,11,8.08
2012-01-12,2012,1,12,2012,12,41.74
2012-01-13,2012,1,13,2012,13,8.97
2012-01-14,2012,1,14,2012,14,24.25
2012-01-15,2012,1,15,2012,15,13.08
2012-01-16,2012,1,16,2012,16,1.83
2012-01-17,2012,1,17,2012,17,1.59
2012-01-18,2012,1,18,2012,18,19.58
2012-01-19,2012,1,19,2012,19,12.11
2012-01-20,2012,1,20,2012,20,1.25
2012-01-21,2012,1,21,2012,21,1.76
2012-01-22,2012,1,22,2012,22,1.16
2012-01-23,2012,1,23,2012,23,0.17
2012-01-24,2012,1,24,2012,24,0.01
2012-01-25,2012,1,25,2012,25,0.53
2012-01-26,2012,1,26,2012,26,0.11
2012-01-27,2012,1,27,2012,27,0.05
2012-01-28,2012,1,28,2012,28,1.56
2012-01-29,2012,1,29,2012,29,0.05
2012-01-30,2012,1,30,2012,30,2.2
2012-01-31,2012,1,31,2012,31,0.27
2012-02-01,2012,2,1,2012,32,1.14
2012-02-02,2012,2,2,2012,33,1.34
2012-02-03,2012,2,3,2012,34,0.08
2012-02-04,2012,2,4,2012,35,1.44
2012-02-05,2012,2,5,2012,36,2.75
2012-02-06,2012,2,6,2012,37,0.42
2012-02-07,2012,2,7,2012,38,9.66
2012-02-08,2012,2,8,2012,39,1.28
2012-02-09,2012,2,9,2012,40,0.21
2012-02-10,2012,2,10,2012,41,0.63
2012-02-11,2012,2,11,2012,42,1.21
2012-02-12,2012,2,12,2012,43,0.87
2012-02-13,2012,2,13,2012,44,5.8
2012-02-14,2012,2,14,2012,45,11.1
2012-02-15,2012,2,15,2012,46,8.14
2012-02-16,2012,2,16,2012,47,3.47
2012-02-17,2012,2,17,2012,48,0.93
2012-02-18,2012,2,18,2012,49,13.45
2012-02-19,2012,2,19,2012,50,1.2
2012-02-20,2012,2,20,2012,51,0.13
2012-02-21,2012,2,21,2012,52,1.06
2012-02-22,2012,2,22,2012,53,0.11
2012-02-23,2012,2,23,2012,54,4.72
2012-02-24,2012,2,24,2012,55,3.18
2012-02-25,2012,2,25,2012,56,1.79
2012-02-26,2012,2,26,2012,57,0.53
2012-02-27,2012,2,27,2012,58,12.98
2012-02-28,2012,2,28,2012,59,8.62
2012-02-29,2012,2,29,2012,60,30.73
2012-03-01,2012,3,1,2012,61,0.17
2012-03-02,2012,3,2,2012,62,5.53
2012-03-03,2012,3,3,2012,63,3.6
2012-03-04,2012,3,4,2012,64,11.05
2012-03-05,2012,3,5,2012,65,8.58
2012-03-06,2012,3,6,2012,66,12.5
2012-03-07,2012,3,7,2012,67,5.3
2012-03-08,2012,3,8,2012,68,7.21
2012-03-09,2012,3,9,2012,69,1.81
2012-03-10,2012,3,10,2012,70,0.27
2012-03-11,2012,3,11,2012,71,1.03
2012-03-12,2012,3,12,2012,72,1.61
2012-03-13,2012,3,13,2012,73,0.59
2012-03-14,2012,3,14,2012,74,1.72
2012-03-15,2012,3,15,2012,75,0.86
2012-03-16,2012,3,16,2012,76,0.06
2012-03-17,2012,3,17,2012,77,0.14
2012-03-18,2012,3,18,2012,78,0.09
2012-03-19,2012,3,19,2012,79,0.56
2012-03-20,2012,3,20,2012,80,5.8
2012-03-21,2012,3,21,2012,81,0.42
2012-03-22,2012,3,22,2012,82,0.0
2012-03-23,2012,3,23,2012,83,0.01
2012-03-24,2012,3,24,2012,84,14.93
2012-03-25,2012,3,25,2012,85,0.97
2012-03-26,2012,3,26,2012,86,0.88
2012-03-27,2012,3,27,2012,87,2.05
2012-03-28,2012,3,28,2012,88,8.07
2012-03-29,2012,3,29,2012,89,10.9
2012-03-30,2012,3,30,2012,90,2.46
2012-03-31,2012,3,31,2012,91,3.15
2012-04-01,2012,4,1,2012,92,0.18
2012-04-02,2012,4,2,2012,93,3.02
2012-04-03,2012,4,3,2012,94,6.42
2012-04-04,2012,4,4,2012,95,9.44
2012-04-05,2012,4,5,2012,96,1.32
2012-04-06,2012,4,6,2012,97,2.12
2012-04-07,2012,4,7,2012,98,1.96
2012-04-08,2012,4,8,2012,99,1.94
2012-04-09,2012,4,9,2012,100,1.29
2012-04-10,2012,4,10,2012,101,8.79
2012-04-11,2012,4,11,2012,102,2.29
2012-04-12,2012,4,12,2012,103,0.06
2012-04-13,2012,4,13,2012,104,0.19
2012-04-14,2012,4,14,2012,105,2.0
2012-04-15,2012,4,15,2012,106,1.49
2012-04-16,2012,4,16,2012,107,3.04
2012-04-17,2012,4,17,2012,108,1.24
2012-04-18,2012,4,18,2012,109,12.17
2012-04-19,2012,4,19,2012,110,2.71
2012-04-20,2012,4,20,2012,111,4.11
2012-04-21,2012,4,21,2012,112,0.07
2012-04-22,2012,4,22,2012,113,0.0
2012-04-23,2012,4,23,2012,114,0.04
2012-04-24,2012,4,24,2012,115,0.17
2012-04-25,2012,4,25,2012,116,0.08
2012-04-26,2012,4,26,2012,117,0.41
2012-04-27,2012,4,27,2012,118,0.7
2012-04-28,2012,4,28,2012,119,4.86
2012-04-29,2012,4,29,2012,120,10.87
2012-04-30,2012,4,30,2012,121,0.22
2012-05-01,2012,5,1,2012,122,4.5
2012-05-02,2012,5,2,2012,123,1.25
2012-05-03,2012,5,3,2012,124,2.16
2012-05-04,2012,5,4,2012,125,1.16
2012-05-05,2012,5,5,2012,126,0.87
2012-05-06,2012,5,6,2012,127,2.18
2012-05-07,2012,5,7,2012,128,0.04
2012-05-08,2012,5,8,2012,129,0.87
2012-05-09,2012,5,9,2012,130,0.88
2012-05-10,2012,5,10,2012,131,0.95
2012-05-11,2012,5,11,2012,132,0.09
2012-05-12,2012,5,12,2012,133,0.15
2012-05-13,2012,5,13,2012,134,0.0
2012-05-14,2012,5,14,2012,135,0.0
2012-05-15,2012,5,15,2012,136,0.92
2012-05-16,2012,5,16,2012,137,1.98
2012-05-17,2012,5,17,2012,138,0.76
2012-05-18,2012,5,18,2012,139,0.22
2012-05-19,2012,5,19,2012,140,0.11
2012-05-20,2012,5,20,2012,141,0.44
2012-05-21,2012,5,21,2012,142,5.28
2012-05-22,2012,5,22,2012,143,16.81
2012-05-23,2012,5,23,2012,144,1.26
2012-05-24,2012,5,24,2012,145,3.41
2012-05-25,2012,5,25,2012,146,8.9
2012-05-26,2012,5,26,2012,147,1.66
2012-05-27,2012,5,27,2012,148,1.09
2012-05-28,2012,5,28,2012,149,1.97
2012-05-29,2012,5,29,2012,150,1.35
2012-05-30,2012,5,30,2012,151,3.15
2012-05-31,2012,5,31,2012,152,3.31
2012-06-01,2012,6,1,2012,153,1.1
2012-06-02,2012,6,2,2012,154,0.03
2012-06-03,2012,6,3,2012,155,0.13
2012-06-04,2012,6,4,2012,156,1.36
2012-06-05,2012,6,5,2012,157,7.87
2012-06-06,2012,6,6,2012,158,7.03
2012-06-07,2012,6,7,2012,159,6.43
2012-06-08,2012,6,8,2012,160,11.66
2012-06-09,2012,6,9,2012,161,1.68
2012-06-10,2012,6,10,2012,162,1.92
2012-06-11,2012,6,11,2012,163,0.0
2012-06-12,2012,6,12,2012,164,0.0
2012-06-13,2012,6,13,2012,165,0.0
2012-06-14,2012,6,14,2012,166,0.0
2012-06-15,2012,6,15,2012,167,0.0
2012-06-16,2012,6,16,2012,168,0.07
2012-06-17,2012,6,17,2012,169,0.0
2012-06-18,2012,6,18,2012,170,4.45
2012-06-19,2012,6,19,2012,171,0.91
2012-06-20,2012,6,20,2012,172,0.0
2012-06-21,2012,6,21,2012,173,0.39
2012-06-22,2012,6,22,2012,174,0.12
2012-06-23,2012,6,23,2012,175,0.11
2012-06-24,2012,6,24,2012,176,0.0
2012-06-25,2012,6,25,2012,177,0.29
2012-06-26,2012,6,26,2012,178,0.19
2012-06-27,2012,6,27,2012,179,0.04
2012-06-28,2012,6,28,2012,180,0.39
2012-06-29,2012,6,29,2012,181,0.86
2012-06-30,2012,6,30,2012,182,0.02
2012-07-01,2012,7,1,2012,183,18.76
2012-07-02,2012,7,2,2012,184,3.38
2012-07-03,2012,7,3,2012,185,7.56
2012-07-04,2012,7,4,2012,186,0.43
2012-07-05,2012,7,5,2012,187,0.6
2012-07-06,2012,7,6,2012,188,7.08
2012-07-07,2012,7,7,2012,189,4.89
2012-07-08,2012,7,8,2012,190,3.4
2012-07-09,2012,7,9,2012,191,0.74
2012-07-10,2012,7,10,2012,192,3.49
2012-07-11,2012,7,11,2012,193,0.09
2012-07-12,2012,7,12,2012,194,6.44
2012-07-13,2012,7,13,2012,195,0.22
2012-07-14,2012,7,14,2012,196,0.57
2012-07-15,2012,7,15,2012,197,0.05
2012-07-16,2012,7,16,2012,198,2.09
2012-07-17,2012,7,17,2012,199,0.83
2012-07-18,2012,7,18,2012,200,6.15
2012-07-19,2012,7,19,2012,201,0.45
2012-07-20,2012,7,20,2012,202,0.08
2012-07-21,2012,7,21,2012,203,15.55
2012-07-22,2012,7,22,2012,204,0.48
2012-07-23,2012,7,23,2012,205,26.06
2012-07-24,2012,7,24,2012,206,3.23
2012-07-25,2012,7,25,2012,207,0.01
2012-07-26,2012,7,26,2012,208,0.0
2012-07-27,2012,7,27,2012,209,0.0
2012-07-28,2012,7,28,2012,210,0.0
2012-07-29,2012,7,29,2012,211,4.24
2012-07-30,2012,7,30,2012,212,0.65
2012-07-31,2012,7,31,2012,213,0.06
2012-08-01,2012,8,1,2012,214,0.04
2012-08-02,2012,8,2,2012,215,0.16
2012-08-03,2012,8,3,2012,216,0.01
2012-08-04,2012,8,4,2012,217,0.0
2012-08-05,2012,8,5,2012,218,0.01
2012-08-06,2012,8,6,2012,219,0.96
2012-08-07,2012,8,7,2012,220,0.17
2012-08-08,2012,8,8,2012,221,0.12
2012-08-09,2012,8,9,2012,222,0.25
2012-08-10,2012,8,10,2012,223,1.02
2012-08-11,2012,8,11,2012,224,0.13
2012-08-12,2012,8,12,2012,225,0.5
2012-08-13,2012,8,13,2012,226,0.72
2012-08-14,2012,8,14,2012,227,0.11
2012-08-15,2012,8,15,2012,228,48.18
2012-08-16,2012,8,16,2012,229,18.98
2012-08-17,2012,8,17,2012,230,8.34
2012-08-18,2012,8,18,2012,231,0.67
2012-08-19,2012,8,19,2012,232,0.21
2012-08-20,2012,8,20,2012,233,18.98
2012-08-21,2012,8,21,2012,234,5.44
2012-08-22,2012,8,22,2012,235,23.34
2012-08-23,2012,8,23,2012,236,2.83
2012-08-24,2012,8,24,2012,237,0.24
2012-08-25,2012,8,25,2012,238,0.05
2012-08-26,2012,8,26,2012,239,0.59
2012-08-27,2012,8,27,2012,240,4.31
2012-08-28,2012,8,28,2012,241,1.48
2012-08-29,2012,8,29,2012,242,0.01
2012-08-30,2012,8,30,2012,243,0.05
2012-08-31,2012,8,31,2012,244,0.01
2012-09-01,2012,9,1,2012,245,0.0
2012-09-02,2012,9,2,2012,246,0.0
2012-09-03,2012,9,3,2012,247,4.28
2012-09-04,2012,9,4,2012,248,10.26
2012-09-05,2012,9,5,2012,249,10.84
2012-09-06,2012,9,6,2012,250,0.96
2012-09-07,2012,9,7,2012,251,0.26
2012-09-08,2012,9,8,2012,252,0.46
2012-09-09,2012,9,9,2012,253,6.58
2012-09-10,2012,9,10,2012,254,4.06
2012-09-11,2012,9,11,2012,255,7.5
2012-09-12,2012,9,12,2012,256,4.24
2012-09-13,2012,9,13,2012,257,2.06
2012-09-14,2012,9,14,2012,258,0.09
2012-09-15,2012,9,15,2012,259,0.87
2012-09-16,2012,9,16,2012,260,0.08
2012-09-17,2012,9,17,2012,261,0.7
2012-09-18,2012,9,18,2012,262,0.68
2012-09-19,2012,9,19,2012,263,0.03
2012-09-20,2012,9,20,2012,264,0.09
2012-09-21,2012,9,21,2012,265,3.51
2012-09-22,2012,9,22,2012,266,0.32
2012-09-23,2012,9,23,2012,267,5.49
2012-09-24,2012,9,24,2012,268,1.17
2012-09-25,2012,9,25,2012,269,15.44
2012-09-26,2012,9,26,2012,270,7.9
2012-09-27,2012,9,27,2012,271,8.63
2012-09-28,2012,9,28,2012,272,0.35
2012-09-29,2012,9,29,2012,273,0.38
2012-09-30,2012,9,30,2012,274,0.18
2012-10-01,2012,10,1,2012,275,0.01
2012-10-02,2012,10,2,2012,276,0.61
2012-10-03,2012,10,3,2012,277,2.09
2012-10-04,2012,10,4,2012,278,5.41
2012-10-05,2012,10,5,2012,279,0.13
2012-10-06,2012,10,6,2012,280,32.43
2012-10-07,2012,10,7,2012,281,22.0
2012-10-08,2012,10,8,2012,282,1.02
2012-10-09,2012,10,9,2012,283,5.3
2012-10-10,2012,10,10,2012,284,7.57
2012-10-11,2012,10,11,2012,285,0.39
2012-10-12,2012,10,12,2012,286,4.47
2012-10-13,2012,10,13,2012,287,5.16
2012-10-14,2012,10,14,2012,288,1.67
2012-10-15,2012,10,15,2012,289,7.5
2012-10-16,2012,10,16,2012,290,3.89
2012-10-17,2012,10,17,2012,291,10.35
2012-10-18,2012,10,18,2012,292,4.98
2012-10-19,2012,10,19,2012,293,1.33
2012-10-20,2012,10,20,2012,294,33.05
2012-10-21,2012,10,21,2012,295,7.28
2012-10-22,2012,10,22,2012,296,3.86
2012-10-23,2012,10,23,2012,297,2.25
2012-10-24,2012,10,24,2012,298,1.32
2012-10-25,2012,10,25,2012,299,6.52
2012-10-26,2012,10,26,2012,300,3.48
2012-10-27,2012,10,27,2012,301,5.29
2012-10-28,2012,10,28,2012,302,4.73
2012-10-29,2012,10,29,2012,303,0.69
2012-10-30,2012,10,30,2012,304,3.47
2012-10-31,2012,10,31,2012,305,4.87
2012-11-01,2012,11,1,2012,306,0.44
2012-11-02,2012,11,2,2012,307,19.74
2012-11-03,2012,11,3,2012,308,26.0
2012-11-04,2012,11,4,2012,309,13.2
2012-11-05,2012,11,5,2012,310,33.05
2012-11-06,2012,11,6,2012,311,5.34
2012-11-07,2012,11,7,2012,312,3.72
2012-11-08,2012,11,8,2012,313,1.56
2012-11-09,2012,11,9,2012,314,3.87
2012-11-10,2012,11,10,2012,315,21.59
2012-11-11,2012,11,11,2012,316,16.01
2012-11-12,2012,11,12,2012,317,1.25
2012-11-13,2012,11,13,2012,318,9.16
2012-11-14,2012,11,14,2012,319,0.12
2012-11-15,2012,11,15,2012,320,0.63
2012-11-16,2012,11,16,2012,321,1.41
2012-11-17,2012,11,17,2012,322,1.3
2012-11-18,2012,11,18,2012,323,0.11
2012-11-19,2012,11,19,2012,324,5.5
2012-11-20,2012,11,20,2012,325,12.84
2012-11-21,2012,11,21,2012,326,4.94
2012-11-22,2012,11,22,2012,327,4.39
2012-11-23,2012,11,23,2012,328,2.48
2012-11-24,2012,11,24,2012,329,1.52
2012-11-25,2012,11,25,2012,330,16.37
2012-11-26,2012,11,26,2012,331,10.61
2012-11-27,2012,11,27,2012,332,31.21
2012-11-28,2012,11,28,2012,333,9.37
2012-11-29,2012,11,29,2012,334,8.41
2012-11-30,2012,11,30,2012,335,37.61
2012-12-01,2012,12,1,2012,336,37.31
2012-12-02,2012,12,2,2012,337,2.62
2012-12-03,2012,12,3,2012,338,0.72
2012-12-04,2012,12,4,2012,339,0.94
2012-12-05,2012,12,5,2012,340,0.95
2012-12-06,2012,12,6,2012,341,2.37
2012-12-07,2012,12,7,2012,342,4.18
2012-12-08,2012,12,8,2012,343,0.93
2012-12-09,2012,12,9,2012,344,1.83
2012-12-10,2012,12,10,2012,345,6.48
2012-12-11,2012,12,11,2012,346,44.93
2012-12-12,2012,12,12,2012,347,5.25
2012-12-13,2012,12,13,2012,348,1.69
2012-12-14,2012,12,14,2012,349,46.38
2012-12-15,2012,12,15,2012,350,17.52
2012-12-16,2012,12,16,2012,351,23.75
2012-12-17,2012,12,17,2012,352,3.11
2012-12-18,2012,12,18,2012,353,3.9
2012-12-19,2012,12,19,2012,354,21.64
2012-12-20,2012,12,20,2012,355,6.45
2012-12-21,2012,12,21,2012,356,8.84
2012-12-22,2012,12,22,2012,357,5.18
2012-12-23,2012,12,23,2012,358,24.36
2012-12-24,2012,12,24,2012,359,8.06
2012-12-25,2012,12,25,2012,360,2.18
2012-12-26,2012,12,26,2012,361,1.48
2012-12-27,2012,12,27,2012,362,1.63
2012-12-28,2012,12,28,2012,363,0.15
2012-12-29,2012,12,29,2012,364,0.61
2012-12-30,2012,12,30,2012,365,2.49
2012-12-31,2012,12,31,2012,366,6.13
2013-01-01,2013,1,1,2013,1,1.78
2013-01-02,2013,1,2,2013,2,26.41
2013-01-03,2013,1,3,2013,3,9.84
2013-01-04,2013,1,4,2013,4,13.42
2013-01-05,2013,1,5,2013,5,7.09
2013-01-06,2013,1,6,2013,6,0.18
2013-01-07,2013,1,7,2013,7,0.16
2013-01-08,2013,1,8,2013,8,2.41
2013-01-09,2013,1,9,2013,9,1.8
2013-01-10,2013,1,10,2013,10,0.02
2013-01-11,2013,1,11,2013,11,0.01
2013-01-12,2013,1,12,2013,12,1.25
2013-01-13,2013,1,13,2013,13,21.18
2013-01-14,2013,1,14,2013,14,5.09
2013-01-15,2013,1,15,2013,15,1.16
2013-01-16,2013,1,16,2013,16,1.32
2013-01-17,2013,1,17,2013,17,2.91
2013-01-18,2013,1,18,2013,18,1.87
2013-01-19,2013,1,19,2013,19,2.97
2013-01-20,2013,1,20,2013,20,5.56
2013-01-21,2013,1,21,2013,21,0.33
2013-01-22,2013,1,22,2013,22,7.32
2013-01-23,2013,1,23,2013,23,3.98
2013-01-24,2013,1,24,2013,24,2.24
2013-01-25,2013,1,25,2013,25,1.05
2013-01-26,2013,1,26,2013,26,0.3
2013-01-27,2013,1,27,2013,27,1.77
2013-01-28,2013,1,28,2013,28,1.13
2013-01-29,2013,1,29,2013,29,6.81
2013-01-30,2013,1,30,2013,30,2.15
2013-01-31,2013,1,31,2013,31,6.59
2013-02-01,2013,2,1,2013,32,3.84
2013-02-02,2013,2,2,2013,33,0.77
2013-02-03,2013,2,3,2013,34,0.16
2013-02-04,2013,2,4,2013,35,15.29
2013-02-05,2013,2,5,2013,36,7.27
2013-02-06,2013,2,6,2013,37,3.2
2013-02-07,2013,2,7,2013,38,6.37
2013-02-08,2013,2,8,2013,39,1.24
2013-02-09,2013,2,9,2013,40,1.34
2013-02-10,2013,2,10,2013,41,0.73
2013-02-11,2013,2,11,2013,42,1.16
2013-02-12,2013,2,12,2013,43,3.34
2013-02-13,2013,2,13,2013,44,12.98
2013-02-14,2013,2,14,2013,45,2.95
2013-02-15,2013,2,15,2013,46,0.46
2013-02-16,2013,2,16,2013,47,15.09
2013-02-17,2013,2,17,2013,48,3.8
2013-02-18,2013,2,18,2013,49,1.87
2013-02-19,2013,2,19,2013,50,4.87
2013-02-20,2013,2,20,2013,51,5.07
2013-02-21,2013,2,21,2013,52,0.51
2013-02-22,2013,2,22,2013,53,0.04
2013-02-23,2013,2,23,2013,54,1.65
2013-02-24,2013,2,24,2013,55,20.68
2013-02-25,2013,2,25,2013,56,29.79
2013-02-26,2013,2,26,2013,57,13.02
2013-02-27,2013,2,27,2013,58,1.27
2013-02-28,2013,2,28,2013,59,17.42
2013-03-01,2013,3,1,2013,60,7.34
2013-03-02,2013,3,2,2013,61,1.77
2013-03-03,2013,3,3,2013,62,10.57
2013-03-04,2013,3,4,2013,63,1.08
2013-03-05,2013,3,5,2013,64,0.05
2013-03-06,2013,3,6,2013,65,4.54
2013-03-07,2013,3,7,2013,66,0.79
2013-03-08,2013,3,8,2013,67,0.08
2013-03-09,2013,3,9,2013,68,4.33
2013-03-10,2013,3,10,2013,69,0.16
2013-03-11,2013,3,11,2013,70,0.13
2013-03-12,2013,3,12,2013,71,2.67
2013-03-13,2013,3,13,2013,72,1.7
2013-03-14,2013,3,14,2013,73,1.31
2013-03-15,2013,3,15,2013,74,0.22
2013-03-16,2013,3,16,2013,75,1.72
2013-03-17,2013,3,17,2013,76,0.18
2013-03-18,2013,3,18,2013,77,6.25
2013-03-19,2013,3,19,2013,78,0.16
2013-03-20,2013,3,20,2013,79,0.05
2013-03-21,2013,3,21,2013,80,0.62
2013-03-22,2013,3,22,2013,81,40.93
2013-03-23,2013,3,23,2013,82,3.44
2013-03-24,2013,3,24,2013,83,2.52
2013-03-25,2013,3,25,2013,84,1.63
2013-03-26,2013,3,26,2013,85,1.39
2013-03-27,2013,3,27,2013,86,0.43
2013-03-28,2013,3,28,2013,87,15.32
2013-03-29,2013,3,29,2013,88,1.19
2013-03-30,2013,3,30,2013,89,0.54
2013-03-31,2013,3,31,2013,90,0.76
2013-04-01,2013,4,1,2013,91,4.66
2013-04-02,2013,4,2,2013,92,0.78
2013-04-03,2013,4,3,2013,93,1.57
2013-04-04,2013,4,4,2013,94,0.34
2013-04-05,2013,4,5,2013,95,16.64
2013-04-06,2013,4,6,2013,96,2.46
2013-04-07,2013,4,7,2013,97,0.03
2013-04-08,2013,4,8,2013,98,0.79
2013-04-09,2013,4,9,2013,99,1.81
2013-04-10,2013,4,10,2013,100,24.19
2013-04-11,2013,4,11,2013,101,10.64
2013-04-12,2013,4,12,2013,102,0.17
2013-04-13,2013,4,13,2013,103,1.21
2013-04-14,2013,4,14,2013,104,60.22
2013-04-15,2013,4,15,2013,105,2.3
2013-04-16,2013,4,16,2013,106,5.24
2013-04-17,2013,4,17,2013,107,0.81
2013-04-18,2013,4,18,2013,108,0.1
2013-04-19,2013,4,19,2013,109,0.15
2013-04-20,2013,4,20,2013,110,1.39
2013-04-21,2013,4,21,2013,111,0.56
2013-04-22,2013,4,22,2013,112,0.06
2013-04-23,2013,4,23,2013,113,0.02
2013-04-24,2013,4,24,2013,114,2.46
2013-04-25,2013,4,25,2013,115,1.54
2013-04-26,2013,4,26,2013,116,0.47
2013-04-27,2013,4,27,2013,117,2.1
2013-04-28,2013,4,28,2013,118,2.72
2013-04-29,2013,4,29,2013,119,2.65
2013-04-30,2013,4,30,2013,120,7.49
2013-05-01,2013,5,1,2013,121,1.61
2013-05-02,2013,5,2,2013,122,7.36
2013-05-03,2013,5,3,2013,123,1.78
2013-05-04,2013,5,4,2013,124,5.25
2013-05-05,2013,5,5,2013,125,9.3
2013-05-06,2013,5,6,2013,126,45.57
2013-05-07,2013,5,7,2013,127,18.84
2013-05-08,2013,5,8,2013,128,10.13
2013-05-09,2013,5,9,2013,129,2.18
2013-05-10,2013,5,10,2013,130,16.79
2013-05-11,2013,5,11,2013,131,12.76
2013-05-12,2013,5,12,2013,132,1.26
2013-05-13,2013,5,13,2013,133,0.67
2013-05-14,2013,5,14,2013,134,0.94
2013-05-15,2013,5,15,2013,135,0.78
2013-05-16,2013,5,16,2013,136,0.55
2013-05-17,2013,5,17,2013,137,3.7
2013-05-18,2013,5,18,2013,138,1.35
2013-05-19,2013,5,19,2013,139,0.72
2013-05-20,2013,5,20,2013,140,0.14
2013-05-21,2013,5,21,2013,141,0.56
2013-05-22,2013,5,22,2013,142,0.03
2013-05-23,2013,5,23,2013,143,0.01
2013-05-24,2013,5,24,2013,144,0.49
2013-05-25,2013,5,25,2013,145,7.17
2013-05-26,2013,5,26,2013,146,1.89
2013-05-27,2013,5,27,2013,147,0.12
2013-05-28,2013,5,28,2013,148,0.87
2013-05-29,2013,5,29,2013,149,0.34
2013-05-30,2013,5,30,2013,150,0.08
2013-05-31,2013,5,31,2013,151,0.43
2013-06-01,2013,6,1,2013,152,25.58
2013-06-02,2013,6,2,2013,153,4.7
2013-06-03,2013,6,3,2013,154,5.72
2013-06-04,2013,6,4,2013,155,0.95
2013-06-05,2013,6,5,2013,156,0.57
2013-06-06,2013,6,6,2013,157,0.17
2013-06-07,2013,6,7,2013,158,0.13
2013-06-08,2013,6,8,2013,159,4.96
2013-06-09,2013,6,9,2013,160,26.68
2013-06-10,2013,6,10,2013,161,14.19
2013-06-11,2013,6,11,2013,162,14.32
2013-06-12,2013,6,12,2013,163,9.01
2013-06-13,2013,6,13,2013,164,5.23
2013-06-14,2013,6,14,2013,165,0.56
2013-06-15,2013,6,15,2013,166,2.18
2013-06-16,2013,6,16,2013,167,2.15
2013-06-17,2013,6,17,2013,168,2.3
2013-06-18,2013,6,18,2013,169,4.49
2013-06-19,2013,6,19,2013,170,3.63
2013-06-20,2013,6,20,2013,171,1.11
2013-06-21,2013,6,21,2013,172,0.05
2013-06-22,2013,6,22,2013,173,0.01
2013-06-23,2013,6,23,2013,174,14.37
2013-06-24,2013,6,24,2013,175,0.14
2013-06-25,2013,6,25,2013,176,0.62
2013-06-26,2013,6,26,2013,177,45.28
2013-06-27,2013,6,27,2013,178,1.85
2013-06-28,2013,6,28,2013,179,0.45
2013-06-29,2013,6,29,2013,180,4.15
2013-06-30,2013,6,30,2013,181,5.37
2013-07-01,2013,7,1,2013,182,0.75
2013-07-02,2013,7,2,2013,183,5.46
2013-07-03,2013,7,3,2013,184,11.89
2013-07-04,2013,7,4,2013,185,4.25
2013-07-05,2013,7,5,2013,186,0.38
2013-07-06,2013,7,6,2013,187,3.67
2013-07-07,2013,7,7,2013,188,13.06
2013-07-08,2013,7,8,2013,189,13.01
2013-07-09,2013,7,9,2013,190,2.55
2013-07-10,2013,7,10,2013,191,0.57
2013-07-11,2013,7,11,2013,192,0.16
2013-07-12,2013,7,12,2013,193,0.0
2013-07-13,2013,7,13,2013,194,0.16
2013-07-14,2013,7,14,2013,195,0.06
2013-07-15,2013,7,15,2013,196,1.34
2013-07-16,2013,7,16,2013,197,4.57
2013-07-17,2013,7,17,2013,198,0.16
2013-07-18,2013,7,18,2013,199,0.06
2013-07-19,2013,7,19,2013,200,0.03
2013-07-20,2013,7,20,2013,201,0.0
2013-07-21,2013,7,21,2013,202,0.0
2013-07-22,2013,7,22,2013,203,0.0
2013-07-23,2013,7,23,2013,204,0.0
2013-07-24,2013,7,24,2013,205,0.0
2013-07-25,2013,7,25,2013,206,26.57
2013-07-26,2013,7,26,2013,207,7.51
2013-07-27,2013,7,27,2013,208,0.29
2013-07-28,2013,7,28,2013,209,0.18
2013-07-29,2013,7,29,2013,210,0.04
2013-07-30,2013,7,30,2013,211,0.63
2013-07-31,2013,7,31,2013,212,1.6
2013-08-01,2013,8,1,2013,213,4.12
2013-08-02,2013,8,2,2013,214,14.03
2013-08-03,2013,8,3,2013,215,3.47
2013-08-04,2013,8,4,2013,216,6.82
2013-08-05,2013,8,5,2013,217,8.11
2013-08-06,2013,8,6,2013,218,6.42
2013-08-07,2013,8,7,2013,219,1.27
2013-08-08,2013,8,8,2013,220,5.58
2013-08-09,2013,8,9,2013,221,3.29
2013-08-10,2013,8,10,2013,222,10.62
2013-08-11,2013,8,11,2013,223,4.3
2013-08-12,2013,8,12,2013,224,6.87
2013-08-13,2013,8,13,2013,225,0.6
2013-08-14,2013,8,14,2013,226,0.01
2013-08-15,2013,8,15,2013,227,0.06
2013-08-16,2013,8,16,2013,228,0.11
2013-08-17,2013,8,17,2013,229,0.81
2013-08-18,2013,8,18,2013,230,7.1
2013-08-19,2013,8,19,2013,231,18.88
2013-08-20,2013,8,20,2013,232,2.92
2013-08-21,2013,8,21,2013,233,0.36
2013-08-22,2013,8,22,2013,234,0.13
2013-08-23,2013,8,23,2013,235,0.0
2013-08-24,2013,8,24,2013,236,0.2
2013-08-25,2013,8,25,2013,237,0.04
2013-08-26,2013,8,26,2013,238,0.05
2013-08-27,2013,8,27,2013,239,2.33
2013-08-28,2013,8,28,2013,240,0.68
2013-08-29,2013,8,29,2013,241,1.2
2013-08-30,2013,8,30,2013,242,18.03
2013-08-31,2013,8,31,2013,243,8.38
2013-09-01,2013,9,1,2013,244,10.74
2013-09-02,2013,9,2,2013,245,23.29
2013-09-03,2013,9,3,2013,246,23.84
2013-09-04,2013,9,4,2013,247,25.89
2013-09-05,2013,9,5,2013,248,6.84
2013-09-06,2013,9,6,2013,249,4.22
2013-09-07,2013,9,7,2013,250,0.11
2013-09-08,2013,9,8,2013,251,2.23
2013-09-09,2013,9,9,2013,252,6.65
2013-09-10,2013,9,10,2013,253,9.85
2013-09-11,2013,9,11,2013,254,18.67
2013-09-12,2013,9,12,2013,255,1.65
2013-09-13,2013,9,13,2013,256,0.65
2013-09-14,2013,9,14,2013,257,0.02
2013-09-15,2013,9,15,2013,258,0.0
2013-09-16,2013,9,16,2013,259,0.0
2013-09-17,2013,9,17,2013,260,0.06
2013-09-18,2013,9,18,2013,261,0.01
2013-09-19,2013,9,19,2013,262,0.0
2013-09-20,2013,9,20,2013,263,0.0
2013-09-21,2013,9,21,2013,264,0.0
2013-09-22,2013,9,22,2013,265,0.0
2013-09-23,2013,9,23,2013,266,0.13
2013-09-24,2013,9,24,2013,267,0.01
2013-09-25,2013,9,25,2013,268,0.0
2013-09-26,2013,9,26,2013,269,1.64
2013-09-27,2013,9,27,2013,270,1.6
2013-09-28,2013,9,28,2013,271,0.78
2013-09-29,2013,9,29,2013,272,0.35
2013-09-30,2013,9,30,2013,273,0.75
2013-10-01,2013,10,1,2013,274,3.02
2013-10-02,2013,10,2,2013,275,23.3
2013-10-03,2013,10,3,2013,276,5.6
2013-10-04,2013,10,4,2013,277,0.01
2013-10-05,2013,10,5,2013,278,6.91
2013-10-06,2013,10,6,2013,279,4.77
2013-10-07,2013,10,7,2013,280,1.84
2013-10-08,2013,10,8,2013,281,3.29
2013-10-09,2013,10,9,2013,282,0.39
2013-10-10,2013,10,10,2013,283,0.16
2013-10-11,2013,10,11,2013,284,0.85
2013-10-12,2013,10,12,2013,285,1.03
2013-10-13,2013,10,13,2013,286,0.14
2013-10-14,2013,10,14,2013,287,0.83
2013-10-15,2013,10,15,2013,288,21.2
2013-10-16,2013,10,16,2013,289,0.35
2013-10-17,2013,10,17,2013,290,18.59
2013-10-18,2013,10,18,2013,291,8.97
2013-10-19,2013,10,19,2013,292,3.67
2013-10-20,2013,10,20,2013,293,2.54
2013-10-21,2013,10,21,2013,294,1.11
2013-10-22,2013,10,22,2013,295,3.16
2013-10-23,2013,10,23,2013,296,8.35
2013-10-24,2013,10,24,2013,297,1.34
2013-10-25,2013,10,25,2013,298,0.09
2013-10-26,2013,10,26,2013,299,0.08
2013-10-27,2013,10,27,2013,300,0.92
2013-10-28,2013,10,28,2013,301,1.35
2013-10-29,2013,10,29,2013,302,0.7
2013-10-30,2013,10,30,2013,303,0.3
2013-10-31,2013,10,31,2013,304,12.52
2013-11-01,2013,11,1,2013,305,3.36
2013-11-02,2013,11,2,2013,306,3.86
2013-11-03,2013,11,3,2013,307,1.56
2013-11-04,2013,11,4,2013,308,2.0
2013-11-05,2013,11,5,2013,309,1.86
2013-11-06,2013,11,6,2013,310,5.69
2013-11-07,2013,11,7,2013,311,2.73
2013-11-08,2013,11,8,2013,312,1.01
2013-11-09,2013,11,9,2013,313,8.51
2013-11-10,2013,11,10,2013,314,2.96
2013-11-11,2013,11,11,2013,315,13.2
2013-11-12,2013,11,12,2013,316,2.28
2013-11-13,2013,11,13,2013,317,2.69
2013-11-14,2013,11,14,2013,318,5.19
2013-11-15,2013,11,15,2013,319,9.87
2013-11-16,2013,11,16,2013,320,1.72
2013-11-17,2013,11,17,2013,321,2.76
2013-11-18,2013,11,18,2013,322,1.67
2013-11-19,2013,11,19,2013,323,4.47
2013-11-20,2013,11,20,2013,324,4.75
2013-11-21,2013,11,21,2013,325,3.11
2013-11-22,2013,11,22,2013,326,1.26
2013-11-23,2013,11,23,2013,327,7.16
2013-11-24,2013,11,24,2013,328,6.56
2013-11-25,2013,11,25,2013,329,2.4
2013-11-26,2013,11,26,2013,330,1.64
2013-11-27,2013,11,27,2013,331,3.47
2013-11-28,2013,11,28,2013,332,3.05
2013-11-29,2013,11,29,2013,333,12.27
2013-11-30,2013,11,30,2013,334,6.35
2013-12-01,2013,12,1,2013,335,9.06
2013-12-02,2013,12,2,2013,336,2.94
2013-12-03,2013,12,3,2013,337,23.76
2013-12-04,2013,12,4,2013,338,6.56
2013-12-05,2013,12,5,2013,339,15.36
2013-12-06,2013,12,6,2013,340,17.52
2013-12-07,2013,12,7,2013,341,2.8
2013-12-08,2013,12,8,2013,342,2.27
2013-12-09,2013,12,9,2013,343,5.86
2013-12-10,2013,12,10,2013,344,10.58
2013-12-11,2013,12,11,2013,345,23.26
2013-12-12,2013,12,12,2013,346,7.87
2013-12-13,2013,12,13,2013,347,4.29
2013-12-14,2013,12,14,2013,348,2.59
2013-12-15,2013,12,15,2013,349,2.29
2013-12-16,2013,12,16,2013,350,0.34
2013-12-17,2013,12,17,2013,351,1.11
2013-12-18,2013,12,18,2013,352,1.16
2013-12-19,2013,12,19,2013,353,18.95
2013-12-20,2013,12,20,2013,354,5.37
2013-12-21,2013,12,21,2013,355,1.66
2013-12-22,2013,12,22,2013,356,5.67
2013-12-23,2013,12,23,2013,357,2.44
2013-12-24,2013,12,24,2013,358,1.14
2013-12-25,2013,12,25,2013,359,55.13
2013-12-26,2013,12,26,2013,360,9.86
2013-12-27,2013,12,27,2013,361,4.27
2013-12-28,2013,12,28,2013,362,51.83
2013-12-29,2013,12,29,2013,363,36.76
2013-12-30,2013,12,30,2013,364,4.66
2013-12-31,2013,12,31,2013,365,3.48
2014-01-01,2014,1,1,2014,1,10.09
2014-01-02,2014,1,2,2014,2,5.22
2014-01-03,2014,1,3,2014,3,14.45
2014-01-04,2014,1,4,2014,4,1.56
2014-01-05,2014,1,5,2014,5,1.19
2014-01-06,2014,1,6,2014,6,2.05
2014-01-07,2014,1,7,2014,7,2.63
2014-01-08,2014,1,8,2014,8,0.06
2014-01-09,2014,1,9,2014,9,3.37
2014-01-10,2014,1,10,2014,10,12.39
2014-01-11,2014,1,11,2014,11,3.67
2014-01-12,2014,1,12,2014,12,0.18
2014-01-13,2014,1,13,2014,13,0.11
2014-01-14,2014,1,14,2014,14,4.45
2014-01-15,2014,1,15,2014,15,0.4
2014-01-16,2014,1,16,2014,16,0.86
2014-01-17,2014,1,17,2014,17,2.33
2014-01-18,2014,1,18,2014,18,0.78
2014-01-19,2014,1,19,2014,19,0.72
2014-01-20,2014,1,20,2014,20,0.11
2014-01-21,2014,1,21,2014,21,0.57
2014-01-22,2014,1,22,2014,22,0.11
2014-01-23,2014,1,23,2014,23,0.71
2014-01-24,2014,1,24,2014,24,0.33
2014-01-25,2014,1,25,2014,25,2.48
2014-01-26,2014,1,26,2014,26,3.16
2014-01-27,2014,1,27,2014,27,0.86
2014-01-28,2014,1,28,2014,28,0.0
2014-01-29,2014,1,29,2014,29,1.03
2014-01-30,2014,1,30,2014,30,0.37
2014-01-31,2014,1,31,2014,31,1.68
2014-02-01,2014,2,1,2014,32,0.18
2014-02-02,2014,2,2,2014,33,0.02
2014-02-03,2014,2,3,2014,34,0.0
2014-02-04,2014,2,4,2014,35,0.03
2014-02-05,2014,2,5,2014,36,0.0
2014-02-06,2014,2,6,2014,37,0.0
2014-02-07,2014,2,7,2014,38,0.36
2014-02-08,2014,2,8,2014,39,0.29
2014-02-09,2014,2,9,2014,40,0.01
2014-02-10,2014,2,10,2014,41,0.0
2014-02-11,2014,2,11,2014,42,0.0
2014-02-12,2014,2,12,2014,43,0.0
2014-02-13,2014,2,13,2014,44,0.0
2014-02-14,2014,2,14,2014,45,0.0
2014-02-15,2014,2,15,2014,46,0.62
2014-02-16,2014,2,16,2014,47,1.41
2014-02-17,2014,2,17,2014,48,1.75
2014-02-18,2014,2,18,2014,49,1.3
2014-02-19,2014,2,19,2014,50,5.08
2014-02-20,2014,2,20,2014,51,21.74
2014-02-21,2014,2,21,2014,52,1.62
2014-02-22,2014,2,22,2014,53,1.22
2014-02-23,2014,2,23,2014,54,0.08
2014-02-24,2014,2,24,2014,55,0.19
2014-02-25,2014,2,25,2014,56,0.05
2014-02-26,2014,2,26,2014,57,0.0
2014-02-27,2014,2,27,2014,58,0.0
2014-02-28,2014,2,28,2014,59,6.59
2014-03-01,2014,3,1,2014,60,7.76
2014-03-02,2014,3,2,2014,61,0.97
2014-03-03,2014,3,3,2014,62,0.04
2014-03-04,2014,3,4,2014,63,0.0
2014-03-05,2014,3,5,2014,64,0.0
2014-03-06,2014,3,6,2014,65,0.0
2014-03-07,2014,3,7,2014,66,0.0
2014-03-08,2014,3,8,2014,67,0.0
2014-03-09,2014,3,9,2014,68,0.0
2014-03-10,2014,3,10,2014,69,0.0
2014-03-11,2014,3,11,2014,70,0.0
2014-03-12,2014,3,12,2014,71,0.04
2014-03-13,2014,3,13,2014,72,0.15
2014-03-14,2014,3,14,2014,73,0.29
2014-03-15,2014,3,15,2014,74,96.3
2014-03-16,2014,3,16,2014,75,37.1
2014-03-17,2014,3,17,2014,76,9.88
2014-03-18,2014,3,18,2014,77,2.99
2014-03-19,2014,3,19,2014,78,0.38
2014-03-20,2014,3,20,2014,79,0.14
2014-03-21,2014,3,21,2014,80,0.03
2014-03-22,2014,3,22,2014,81,0.03
2014-03-23,2014,3,23,2014,82,0.06
2014-03-24,2014,3,24,2014,83,0.96
2014-03-25,2014,3,25,2014,84,2.74
2014-03-26,2014,3,26,2014,85,0.19
2014-03-27,2014,3,27,2014,86,3.35
2014-03-28,2014,3,28,2014,87,5.37
2014-03-29,2014,3,29,2014,88,1.26
2014-03-30,2014,3,30,2014,89,3.66
2014-03-31,2014,3,31,2014,90,18.79
2014-04-01,2014,4,1,2014,91,1.67
2014-04-02,2014,4,2,2014,92,2.68
2014-04-03,2014,4,3,2014,93,1.01
2014-04-04,2014,4,4,2014,94,9.35
2014-04-05,2014,4,5,2014,95,36.09
2014-04-06,2014,4,6,2014,96,0.3
2014-04-07,2014,4,7,2014,97,0.03
2014-04-08,2014,4,8,2014,98,1.94
2014-04-09,2014,4,9,2014,99,0.25
2014-04-10,2014,4,10,2014,100,0.09
2014-04-11,2014,4,11,2014,101,2.92
2014-04-12,2014,4,12,2014,102,1.25
2014-04-13,2014,4,13,2014,103,0.01
2014-04-14,2014,4,14,2014,104,0.12
2014-04-15,2014,4,15,2014,105,0.04
2014-04-16,2014,4,16,2014,106,0.91
2014-04-17,2014,4,17,2014,107,1.43
2014-04-18,2014,4,18,2014,108,0.28
2014-04-19,2014,4,19,2014,109,1.79
2014-04-20,2014,4,20,2014,110,2.23
2014-04-21,2014,4,21,2014,111,0.85
2014-04-22,2014,4,22,2014,112,1.19
2014-04-23,2014,4,23,2014,113,12.79
2014-04-24,2014,4,24,2014,114,3.98
2014-04-25,2014,4,25,2014,115,4.04
2014-04-26,2014,4,26,2014,116,0.25
2014-04-27,2014,4,27,2014,117,1.06
2014-04-28,2014,4,28,2014,118,0.28
2014-04-29,2014,4,29,2014,119,1.45
2014-04-30,2014,4,30,2014,120,0.28
2014-05-01,2014,5,1,2014,121,0.2
2014-05-02,2014,5,2,2014,122,1.1
2014-05-03,2014,5,3,2014,123,0.82
2014-05-04,2014,5,4,2014,124,0.87
2014-05-05,2014,5,5,2014,125,1.62
2014-05-06,2014,5,6,2014,126,7.36
2014-05-07,2014,5,7,2014,127,3.77
2014-05-08,2014,5,8,2014,128,3.0
2014-05-09,2014,5,9,2014,129,46.87
2014-05-10,2014,5,10,2014,130,8.55
2014-05-11,2014,5,11,2014,131,7.16
2014-05-12,2014,5,12,2014,132,16.13
2014-05-13,2014,5,13,2014,133,1.95
2014-05-14,2014,5,14,2014,134,3.28
2014-05-15,2014,5,15,2014,135,0.85
2014-05-16,2014,5,16,2014,136,26.04
2014-05-17,2014,5,17,2014,137,4.83
2014-05-18,2014,5,18,2014,138,0.94
2014-05-19,2014,5,19,2014,139,1.45
2014-05-20,2014,5,20,2014,140,0.63
2014-05-21,2014,5,21,2014,141,0.09
2014-05-22,2014,5,22,2014,142,0.03
2014-05-23,2014,5,23,2014,143,4.61
2014-05-24,2014,5,24,2014,144,0.94
2014-05-25,2014,5,25,2014,145,5.69
2014-05-26,2014,5,26,2014,146,12.18
2014-05-27,2014,5,27,2014,147,0.81
2014-05-28,2014,5,28,2014,148,0.24
2014-05-29,2014,5,29,2014,149,4.86
2014-05-30,2014,5,30,2014,150,1.76
2014-05-31,2014,5,31,2014,151,11.46
2014-06-01,2014,6,1,2014,152,8.41
2014-06-02,2014,6,2,2014,153,0.87
2014-06-03,2014,6,3,2014,154,2.42
2014-06-04,2014,6,4,2014,155,15.12
2014-06-05,2014,6,5,2014,156,0.44
2014-06-06,2014,6,6,2014,157,0.05
2014-06-07,2014,6,7,2014,158,0.01
2014-06-08,2014,6,8,2014,159,0.59
2014-06-09,2014,6,9,2014,160,0.01
2014-06-10,2014,6,10,2014,161,0.02
2014-06-11,2014,6,11,2014,162,9.31
2014-06-12,2014,6,12,2014,163,2.86
2014-06-13,2014,6,13,2014,164,3.26
2014-06-14,2014,6,14,2014,165,1.76
2014-06-15,2014,6,15,2014,166,9.63
2014-06-16,2014,6,16,2014,167,4.71
2014-06-17,2014,6,17,2014,168,0.74
2014-06-18,2014,6,18,2014,169,0.91
2014-06-19,2014,6,19,2014,170,0.4
2014-06-20,2014,6,20,2014,171,3.0
2014-06-21,2014,6,21,2014,172,0.06
2014-06-22,2014,6,22,2014,173,0.0
2014-06-23,2014,6,23,2014,174,0.48
2014-06-24,2014,6,24,2014,175,0.01
2014-06-25,2014,6,25,2014,176,0.0
2014-06-26,2014,6,26,2014,177,0.01
2014-06-27,2014,6,27,2014,178,0.03
2014-06-28,2014,6,28,2014,179,0.05
2014-06-29,2014,6,29,2014,180,0.64
2014-06-30,2014,6,30,2014,181,0.45
2014-07-01,2014,7,1,2014,182,0.13
2014-07-02,2014,7,2,2014,183,0.12
2014-07-03,2014,7,3,2014,184,26.5
2014-07-04,2014,7,4,2014,185,15.47
2014-07-05,2014,7,5,2014,186,1.08
2014-07-06,2014,7,6,2014,187,6.37
2014-07-07,2014,7,7,2014,188,3.08
2014-07-08,2014,7,8,2014,189,3.28
2014-07-09,2014,7,9,2014,190,2.03
2014-07-10,2014,7,10,2014,191,3.03
2014-07-11,2014,7,11,2014,192,1.0
2014-07-12,2014,7,12,2014,193,0.41
2014-07-13,2014,7,13,2014,194,0.49
2014-07-14,2014,7,14,2014,195,1.29
2014-07-15,2014,7,15,2014,196,0.01
2014-07-16,2014,7,16,2014,197,0.44
2014-07-17,2014,7,17,2014,198,0.25
2014-07-18,2014,7,18,2014,199,0.02
2014-07-19,2014,7,19,2014,200,0.0
2014-07-20,2014,7,20,2014,201,0.0
2014-07-21,2014,7,21,2014,202,0.0
2014-07-22,2014,7,22,2014,203,0.0
2014-07-23,2014,7,23,2014,204,0.0
2014-07-24,2014,7,24,2014,205,0.43
2014-07-25,2014,7,25,2014,206,6.21
2014-07-26,2014,7,26,2014,207,22.38
2014-07-27,2014,7,27,2014,208,1.25
2014-07-28,2014,7,28,2014,209,0.04
2014-07-29,2014,7,29,2014,210,0.01
2014-07-30,2014,7,30,2014,211,2.43
2014-07-31,2014,7,31,2014,212,0.42
2014-08-01,2014,8,1,2014,213,1.0
2014-08-02,2014,8,2,2014,214,0.14
2014-08-03,2014,8,3,2014,215,0.62
2014-08-04,2014,8,4,2014,216,1.71
2014-08-05,2014,8,5,2014,217,4.08
2014-08-06,2014,8,6,2014,218,3.33
2014-08-07,2014,8,7,2014,219,0.37
2014-08-08,2014,8,8,2014,220,0.1
2014-08-09,2014,8,9,2014,221,0.19
2014-08-10,2014,8,10,2014,222,16.2
2014-08-11,2014,8,11,2014,223,11.39
2014-08-12,2014,8,12,2014,224,24.95
2014-08-13,2014,8,13,2014,225,0.78
2014-08-14,2014,8,14,2014,226,0.32
2014-08-15,2014,8,15,2014,227,2.04
2014-08-16,2014,8,16,2014,228,20.37
2014-08-17,2014,8,17,2014,229,7.66
2014-08-18,2014,8,18,2014,230,3.23
2014-08-19,2014,8,19,2014,231,20.38
2014-08-20,2014,8,20,2014,232,8.55
2014-08-21,2014,8,21,2014,233,0.19
2014-08-22,2014,8,22,2014,234,36.27
2014-08-23,2014,8,23,2014,235,23.81
2014-08-24,2014,8,24,2014,236,31.86
2014-08-25,2014,8,25,2014,237,34.87
2014-08-26,2014,8,26,2014,238,23.08
2014-08-27,2014,8,27,2014,239,4.2
2014-08-28,2014,8,28,2014,240,1.73
2014-08-29,2014,8,29,2014,241,0.02
2014-08-30,2014,8,30,2014,242,0.02
2014-08-31,2014,8,31,2014,243,0.51
2014-09-01,2014,9,1,2014,244,0.7
2014-09-02,2014,9,2,2014,245,0.84
2014-09-03,2014,9,3,2014,246,0.18
2014-09-04,2014,9,4,2014,247,3.96
2014-09-05,2014,9,5,2014,248,1.92
2014-09-06,2014,9,6,2014,249,0.01
2014-09-07,2014,9,7,2014,250,0.14
2014-09-08,2014,9,8,2014,251,3.52
2014-09-09,2014,9,9,2014,252,3.53
2014-09-10,2014,9,10,2014,253,9.51
2014-09-11,2014,9,11,2014,254,1.74
2014-09-12,2014,9,12,2014,255,6.3
2014-09-13,2014,9,13,2014,256,9.55
2014-09-14,2014,9,14,2014,257,9.25
2014-09-15,2014,9,15,2014,258,0.8
2014-09-16,2014,9,16,2014,259,1.22
2014-09-17,2014,9,17,2014,260,0.11
2014-09-18,2014,9,18,2014,261,0.97
2014-09-19,2014,9,19,2014,262,6.24
2014-09-20,2014,9,20,2014,263,2.5
2014-09-21,2014,9,21,2014,264,3.12
2014-09-22,2014,9,22,2014,265,6.03
2014-09-23,2014,9,23,2014,266,7.59
2014-09-24,2014,9,24,2014,267,11.01
2014-09-25,2014,9,25,2014,268,41.78
2014-09-26,2014,9,26,2014,269,1.11
2014-09-27,2014,9,27,2014,270,2.19
2014-09-28,2014,9,28,2014,271,15.97
2014-09-29,2014,9,29,2014,272,6.66
2014-09-30,2014,9,30,2014,273,1.02
2014-10-01,2014,10,1,2014,274,1.33
2014-10-02,2014,10,2,2014,275,1.13
2014-10-03,2014,10,3,2014,276,16.05
2014-10-04,2014,10,4,2014,277,6.37
2014-10-05,2014,10,5,2014,278,12.83
2014-10-06,2014,10,6,2014,279,25.29
2014-10-07,2014,10,7,2014,280,9.3
2014-10-08,2014,10,8,2014,281,11.21
2014-10-09,2014,10,9,2014,282,2.13
2014-10-10,2014,10,10,2014,283,0.7
2014-10-11,2014,10,11,2014,284,4.36
2014-10-12,2014,10,12,2014,285,2.84
2014-10-13,2014,10,13,2014,286,0.41
2014-10-14,2014,10,14,2014,287,1.31
2014-10-15,2014,10,15,2014,288,4.87
2014-10-16,2014,10,16,2014,289,3.33
2014-10-17,2014,10,17,2014,290,12.56
2014-10-18,2014,10,18,2014,291,17.35
2014-10-19,2014,10,19,2014,292,16.34
2014-10-20,2014,10,20,2014,293,5.23
2014-10-21,2014,10,21,2014,294,9.68
2014-10-22,2014,10,22,2014,295,3.13
2014-10-23,2014,10,23,2014,296,3.49
2014-10-24,2014,10,24,2014,297,1.86
2014-10-25,2014,10,25,2014,298,2.56
2014-10-26,2014,10,26,2014,299,52.32
2014-10-27,2014,10,27,2014,300,11.45
2014-10-28,2014,10,28,2014,301,1.48
2014-10-29,2014,10,29,2014,302,2.07
2014-10-30,2014,10,30,2014,303,5.63
2014-10-31,2014,10,31,2014,304,17.89
2014-11-01,2014,11,1,2014,305,16.69
2014-11-02,2014,11,2,2014,306,67.0
2014-11-03,2014,11,3,2014,307,21.85
2014-11-04,2014,11,4,2014,308,15.68
2014-11-05,2014,11,5,2014,309,1.2
2014-11-06,2014,11,6,2014,310,0.19
2014-11-07,2014,11,7,2014,311,0.94
2014-11-08,2014,11,8,2014,312,3.89
2014-11-09,2014,11,9,2014,313,2.43
2014-11-10,2014,11,10,2014,314,19.32
2014-11-11,2014,11,11,2014,315,5.35
2014-11-12,2014,11,12,2014,316,18.2
2014-11-13,2014,11,13,2014,317,22.76
2014-11-14,2014,11,14,2014,318,1.59
2014-11-15,2014,11,15,2014,319,17.12
2014-11-16,2014,11,16,2014,320,18.02
2014-11-17,2014,11,17,2014,321,3.16
2014-11-18,2014,11,18,2014,322,18.21
2014-11-19,2014,11,19,2014,323,20.05
2014-11-20,2014,11,20,2014,324,7.19
2014-11-21,2014,11,21,2014,325,20.71
2014-11-22,2014,11,22,2014,326,8.92
2014-11-23,2014,11,23,2014,327,3.19
2014-11-24,2014,11,24,2014,328,1.58
2014-11-25,2014,11,25,2014,329,16.17
2014-11-26,2014,11,26,2014,330,9.21
2014-11-27,2014,11,27,2014,331,0.25
2014-11-28,2014,11,28,2014,332,1.82
2014-11-29,2014,11,29,2014,333,0.46
2014-11-30,2014,11,30,2014,334,0.24
2014-12-01,2014,12,1,2014,335,5.86
2014-12-02,2014,12,2,2014,336,11.36
2014-12-03,2014,12,3,2014,337,2.49
2014-12-04,2014,12,4,2014,338,1.84
2014-12-05,2014,12,5,2014,339,3.5
2014-12-06,2014,12,6,2014,340,0.85
2014-12-07,2014,12,7,2014,341,14.34
2014-12-08,2014,12,8,2014,342,4.69
2014-12-09,2014,12,9,2014,343,3.88
2014-12-10,2014,12,10,2014,344,0.65
2014-12-11,2014,12,11,2014,345,5.1
2014-12-12,2014,12,12,2014,346,0.58
2014-12-13,2014,12,13,2014,347,4.51
2014-12-14,2014,12,14,2014,348,1.81
2014-12-15,2014,12,15,2014,349,3.13
2014-12-16,2014,12,16,2014,350,18.95
2014-12-17,2014,12,17,2014,351,15.64
2014-12-18,2014,12,18,2014,352,19.49
2014-12-19,2014,12,19,2014,353,7.77
2014-12-20,2014,12,20,2014,354,27.02
2014-12-21,2014,12,21,2014,355,77.46
2014-12-22,2014,12,22,2014,356,57.85
2014-12-23,2014,12,23,2014,357,108.36
2014-12-24,2014,12,24,2014,358,54.65
2014-12-25,2014,12,25,2014,359,83.92
2014-12-26,2014,12,26,2014,360,20.88
2014-12-27,2014,12,27,2014,361,2.12
2014-12-28,2014,12,28,2014,362,16.4
2014-12-29,2014,12,29,2014,363,4.59
2014-12-30,2014,12,30,2014,364,0.06
2014-12-31,2014,12,31,2014,365,3.04
2015-01-01,2015,1,1,2015,1,0.86
2015-01-02,2015,1,2,2015,2,0.45
2015-01-03,2015,1,3,2015,3,0.82
2015-01-04,2015,1,4,2015,4,0.35
2015-01-05,2015,1,5,2015,5,39.08
2015-01-06,2015,1,6,2015,6,19.46
2015-01-07,2015,1,7,2015,7,14.3
2015-01-08,2015,1,8,2015,8,17.23
2015-01-09,2015,1,9,2015,9,2.95
2015-01-10,2015,1,10,2015,10,1.72
2015-01-11,2015,1,11,2015,11,0.97
2015-01-12,2015,1,12,2015,12,5.99
2015-01-13,2015,1,13,2015,13,1.09
2015-01-14,2015,1,14,2015,14,10.57
2015-01-15,2015,1,15,2015,15,15.41
2015-01-16,2015,1,16,2015,16,2.36
2015-01-17,2015,1,17,2015,17,0.0
2015-01-18,2015,1,18,2015,18,0.0
2015-01-19,2015,1,19,2015,19,0.0
2015-01-20,2015,1,20,2015,20,0.0
2015-01-21,2015,1,21,2015,21,6.3
2015-01-22,2015,1,22,2015,22,1.73
2015-01-23,2015,1,23,2015,23,0.28
2015-01-24,2015,1,24,2015,24,0.06
2015-01-25,2015,1,25,2015,25,1.06
2015-01-26,2015,1,26,2015,26,11.22
2015-01-27,2015,1,27,2015,27,0.74
2015-01-28,2015,1,28,2015,28,0.09
2015-01-29,2015,1,29,2015,29,0.05
2015-01-30,2015,1,30,2015,30,28.49
2015-01-31,2015,1,31,2015,31,10.6
2015-02-01,2015,2,1,2015,32,0.1
2015-02-02,2015,2,2,2015,33,0.03
2015-02-03,2015,2,3,2015,34,0.02
2015-02-04,2015,2,4,2015,35,0.87
2015-02-05,2015,2,5,2015,36,6.2
2015-02-06,2015,2,6,2015,37,1.66
2015-02-07,2015,2,7,2015,38,0.37
2015-02-08,2015,2,8,2015,39,1.65
2015-02-09,2015,2,9,2015,40,55.03
2015-02-10,2015,2,10,2015,41,3.83
2015-02-11,2015,2,11,2015,42,0.01
2015-02-12,2015,2,12,2015,43,0.0
2015-02-13,2015,2,13,2015,44,0.02
2015-02-14,2015,2,14,2015,45,1.48
2015-02-15,2015,2,15,2015,46,7.42
2015-02-16,2015,2,16,2015,47,3.97
2015-02-17,2015,2,17,2015,48,8.59
2015-02-18,2015,2,18,2015,49,36.43
2015-02-19,2015,2,19,2015,50,2.87
2015-02-20,2015,2,20,2015,51,0.01
2015-02-21,2015,2,21,2015,52,0.26
2015-02-22,2015,2,22,2015,53,0.49
2015-02-23,2015,2,23,2015,54,0.01
2015-02-24,2015,2,24,2015,55,0.0
2015-02-25,2015,2,25,2015,56,0.0
2015-02-26,2015,2,26,2015,57,0.46
2015-02-27,2015,2,27,2015,58,0.9
2015-02-28,2015,2,28,2015,59,5.48
2015-03-01,2015,3,1,2015,60,0.18
2015-03-02,2015,3,2,2015,61,0.04
2015-03-03,2015,3,3,2015,62,0.0
2015-03-04,2015,3,4,2015,63,0.06
2015-03-05,2015,3,5,2015,64,0.0
2015-03-06,2015,3,6,2015,65,0.0
2015-03-07,2015,3,7,2015,66,1.51
2015-03-08,2015,3,8,2015,67,1.05
2015-03-09,2015,3,9,2015,68,0.4
2015-03-10,2015,3,10,2015,69,0.96
2015-03-11,2015,3,11,2015,70,0.83
2015-03-12,2015,3,12,2015,71,0.04
2015-03-13,2015,3,13,2015,72,0.75
2015-03-14,2015,3,14,2015,73,0.49
2015-03-15,2015,3,15,2015,74,0.0
2015-03-16,2015,3,16,2015,75,0.0
2015-03-17,2015,3,17,2015,76,0.43
2015-03-18,2015,3,18,2015,77,0.97
2015-03-19,2015,3,19,2015,78,2.77
2015-03-20,2015,3,20,2015,79,0.48
2015-03-21,2015,3,21,2015,80,3.55
2015-03-22,2015,3,22,2015,81,0.31
2015-03-23,2015,3,23,2015,82,0.74
2015-03-24,2015,3,24,2015,83,0.44
2015-03-25,2015,3,25,2015,84,0.9
2015-03-26,2015,3,26,2015,85,2.72
2015-03-27,2015,3,27,2015,86,1.47
2015-03-28,2015,3,28,2015,87,2.64
2015-03-29,2015,3,29,2015,88,6.17
2015-03-30,2015,3,30,2015,89,0.77
2015-03-31,2015,3,31,2015,90,6.84
2015-04-01,2015,4,1,2015,91,4.01
2015-04-02,2015,4,2,2015,92,0.69
2015-04-03,2015,4,3,2015,93,0.11
2015-04-04,2015,4,4,2015,94,0.08
2015-04-05,2015,4,5,2015,95,0.64
2015-04-06,2015,4,6,2015,96,0.5
2015-04-07,2015,4,7,2015,97,4.98
2015-04-08,2015,4,8,2015,98,0.61
2015-04-09,2015,4,9,2015,99,9.78
2015-04-10,2015,4,10,2015,100,3.26
2015-04-11,2015,4,11,2015,101,3.8
2015-04-12,2015,4,12,2015,102,2.52
2015-04-13,2015,4,13,2015,103,8.76
2015-04-14,2015,4,14,2015,104,9.71
2015-04-15,2015,4,15,2015,105,4.29
2015-04-16,2015,4,16,2015,106,1.49
2015-04-17,2015,4,17,2015,107,29.3
2015-04-18,2015,4,18,2015,108,10.34
2015-04-19,2015,4,19,2015,109,7.55
2015-04-20,2015,4,20,2015,110,6.17
2015-04-21,2015,4,21,2015,111,4.48
2015-04-22,2015,4,22,2015,112,11.6
2015-04-23,2015,4,23,2015,113,16.34
2015-04-24,2015,4,24,2015,114,0.27
2015-04-25,2015,4,25,2015,115,0.44
2015-04-26,2015,4,26,2015,116,18.66
2015-04-27,2015,4,27,2015,117,6.05
2015-04-28,2015,4,28,2015,118,1.56
2015-04-29,2015,4,29,2015,119,3.98
2015-04-30,2015,4,30,2015,120,5.84
2015-05-01,2015,5,1,2015,121,0.45
2015-05-02,2015,5,2,2015,122,0.05
2015-05-03,2015,5,3,2015,123,0.02
2015-05-04,2015,5,4,2015,124,0.03
2015-05-05,2015,5,5,2015,125,0.21
2015-05-06,2015,5,6,2015,126,0.17
2015-05-07,2015,5,7,2015,127,0.23
2015-05-08,2015,5,8,2015,128,6.35
2015-05-09,2015,5,9,2015,129,19.61
2015-05-10,2015,5,10,2015,130,6.84
2015-05-11,2015,5,11,2015,131,3.47
2015-05-12,2015,5,12,2015,132,1.13
2015-05-13,2015,5,13,2015,133,6.76
2015-05-14,2015,5,14,2015,134,8.74
2015-05-15,2015,5,15,2015,135,0.28
2015-05-16,2015,5,16,2015,136,1.76
2015-05-17,2015,5,17,2015,137,0.93
2015-05-18,2015,5,18,2015,138,0.34
2015-05-19,2015,5,19,2015,139,1.53
2015-05-20,2015,5,20,2015,140,5.84
2015-05-21,2015,5,21,2015,141,0.96
2015-05-22,2015,5,22,2015,142,0.99
2015-05-23,2015,5,23,2015,143,0.32
2015-05-24,2015,5,24,2015,144,4.27
2015-05-25,2015,5,25,2015,145,1.39
2015-05-26,2015,5,26,2015,146,1.26
2015-05-27,2015,5,27,2015,147,0.16
2015-05-28,2015,5,28,2015,148,0.04
2015-05-29,2015,5,29,2015,149,0.08
2015-05-30,2015,5,30,2015,150,0.05
2015-05-31,2015,5,31,2015,151,2.71
2015-06-01,2015,6,1,2015,152,1.54
2015-06-02,2015,6,2,2015,153,0.16
2015-06-03,2015,6,3,2015,154,2.76
2015-06-04,2015,6,4,2015,155,2.68
2015-06-05,2015,6,5,2015,156,0.63
2015-06-06,2015,6,6,2015,157,9.84
2015-06-07,2015,6,7,2015,158,2.32
2015-06-08,2015,6,8,2015,159,2.0
2015-06-09,2015,6,9,2015,160,1.04
2015-06-10,2015,6,10,2015,161,2.43
2015-06-11,2015,6,11,2015,162,16.46
2015-06-12,2015,6,12,2015,163,49.68
2015-06-13,2015,6,13,2015,164,4.46
2015-06-14,2015,6,14,2015,165,11.68
2015-06-15,2015,6,15,2015,166,13.41
2015-06-16,2015,6,16,2015,167,13.56
2015-06-17,2015,6,17,2015,168,5.28
2015-06-18,2015,6,18,2015,169,0.63
2015-06-19,2015,6,19,2015,170,0.58
2015-06-20,2015,6,20,2015,171,0.08
2015-06-21,2015,6,21,2015,172,0.0
2015-06-22,2015,6,22,2015,173,0.05
2015-06-23,2015,6,23,2015,174,0.02
2015-06-24,2015,6,24,2015,175,0.01
2015-06-25,2015,6,25,2015,176,0.01
2015-06-26,2015,6,26,2015,177,0.0
2015-06-27,2015,6,27,2015,178,0.01
2015-06-28,2015,6,28,2015,179,0.01
2015-06-29,2015,6,29,2015,180,0.0
2015-06-30,2015,6,30,2015,181,8.07
2015-07-01,2015,7,1,2015,182,1.07
2015-07-02,2015,7,2,2015,183,1.7
2015-07-03,2015,7,3,2015,184,10.52
2015-07-04,2015,7,4,2015,185,2.34
2015-07-05,2015,7,5,2015,186,1.46
2015-07-06,2015,7,6,2015,187,1.07
2015-07-07,2015,7,7,2015,188,5.66
2015-07-08,2015,7,8,2015,189,1.6
2015-07-09,2015,7,9,2015,190,2.51
2015-07-10,2015,7,10,2015,191,0.65
2015-07-11,2015,7,11,2015,192,0.21
2015-07-12,2015,7,12,2015,193,2.16
2015-07-13,2015,7,13,2015,194,6.46
2015-07-14,2015,7,14,2015,195,15.23
2015-07-15,2015,7,15,2015,196,2.59
2015-07-16,2015,7,16,2015,197,1.11
2015-07-17,2015,7,17,2015,198,6.88
2015-07-18,2015,7,18,2015,199,1.09
2015-07-19,2015,7,19,2015,200,0.16
2015-07-20,2015,7,20,2015,201,2.43
2015-07-21,2015,7,21,2015,202,1.57
2015-07-22,2015,7,22,2015,203,6.57
2015-07-23,2015,7,23,2015,204,8.45
2015-07-24,2015,7,24,2015,205,0.32
2015-07-25,2015,7,25,2015,206,1.65
2015-07-26,2015,7,26,2015,207,0.41
2015-07-27,2015,7,27,2015,208,1.01
2015-07-28,2015,7,28,2015,209,5.54
2015-07-29,2015,7,29,2015,210,9.88
2015-07-30,2015,7,30,2015,211,4.11
2015-07-31,2015,7,31,2015,212,0.15
2015-08-01,2015,8,1,2015,213,0.42
2015-08-02,2015,8,2,2015,214,5.93
2015-08-03,2015,8,3,2015,215,7.31
2015-08-04,2015,8,4,2015,216,0.82
2015-08-05,2015,8,5,2015,217,3.19
2015-08-06,2015,8,6,2015,218,2.25
2015-08-07,2015,8,7,2015,219,1.67
2015-08-08,2015,8,8,2015,220,2.43
2015-08-09,2015,8,9,2015,221,1.14
2015-08-10,2015,8,10,2015,222,22.26
2015-08-11,2015,8,11,2015,223,4.91
2015-08-12,2015,8,12,2015,224,0.42
2015-08-13,2015,8,13,2015,225,0.66
2015-08-14,2015,8,14,2015,226,0.31
2015-08-15,2015,8,15,2015,227,9.52
2015-08-16,2015,8,16,2015,228,18.32
2015-08-17,2015,8,17,2015,229,0.89
2015-08-18,2015,8,18,2015,230,0.59
2015-08-19,2015,8,19,2015,231,23.33
2015-08-20,2015,8,20,2015,232,6.83
2015-08-21,2015,8,21,2015,233,0.3
2015-08-22,2015,8,22,2015,234,0.06
2015-08-23,2015,8,23,2015,235,0.14
2015-08-24,2015,8,24,2015,236,1.37
2015-08-25,2015,8,25,2015,237,0.8
2015-08-26,2015,8,26,2015,238,0.31
2015-08-27,2015,8,27,2015,239,11.13
2015-08-28,2015,8,28,2015,240,6.57
2015-08-29,2015,8,29,2015,241,10.41
2015-08-30,2015,8,30,2015,242,1.86
2015-08-31,2015,8,31,2015,243,14.27
2015-09-01,2015,9,1,2015,244,2.55
2015-09-02,2015,9,2,2015,245,1.62
2015-09-03,2015,9,3,2015,246,9.23
2015-09-04,2015,9,4,2015,247,22.19
2015-09-05,2015,9,5,2015,248,3.65
2015-09-06,2015,9,6,2015,249,0.96
2015-09-07,2015,9,7,2015,250,7.91
2015-09-08,2015,9,8,2015,251,14.39
2015-09-09,2015,9,9,2015,252,14.32
2015-09-10,2015,9,10,2015,253,2.15
2015-09-11,2015,9,11,2015,254,24.27
2015-09-12,2015,9,12,2015,255,6.79
2015-09-13,2015,9,13,2015,256,7.75
2015-09-14,2015,9,14,2015,257,0.33
2015-09-15,2015,9,15,2015,258,0.25
2015-09-16,2015,9,16,2015,259,9.48
2015-09-17,2015,9,17,2015,260,5.11
2015-09-18,2015,9,18,2015,261,0.29
2015-09-19,2015,9,19,2015,262,3.29
2015-09-20,2015,9,20,2015,263,5.72
2015-09-21,2015,9,21,2015,264,0.46
2015-09-22,2015,9,22,2015,265,12.2
2015-09-23,2015,9,23,2015,266,16.74
2015-09-24,2015,9,24,2015,267,2.06
2015-09-25,2015,9,25,2015,268,20.06
2015-09-26,2015,9,26,2015,269,5.2
2015-09-27,2015,9,27,2015,270,38.33
2015-09-28,2015,9,28,2015,271,4.19
2015-09-29,2015,9,29,2015,272,1.55
2015-09-30,2015,9,30,2015,273,1.17
2015-10-01,2015,10,1,2015,274,0.38
2015-10-02,2015,10,2,2015,275,0.15
2015-10-03,2015,10,3,2015,276,1.25
2015-10-04,2015,10,4,2015,277,0.58
2015-10-05,2015,10,5,2015,278,1.06
2015-10-06,2015,10,6,2015,279,15.54
2015-10-07,2015,10,7,2015,280,4.52
2015-10-08,2015,10,8,2015,281,13.12
2015-10-09,2015,10,9,2015,282,1.54
2015-10-10,2015,10,10,2015,283,0.99
2015-10-11,2015,10,11,2015,284,0.92
2015-10-12,2015,10,12,2015,285,1.01
2015-10-13,2015,10,13,2015,286,4.02
2015-10-14,2015,10,14,2015,287,8.59
2015-10-15,2015,10,15,2015,288,3.97
2015-10-16,2015,10,16,2015,289,6.5
2015-10-17,2015,10,17,2015,290,3.5
2015-10-18,2015,10,18,2015,291,0.57
2015-10-19,2015,10,19,2015,292,1.62
2015-10-20,2015,10,20,2015,293,3.39
2015-10-21,2015,10,21,2015,294,0.9
2015-10-22,2015,10,22,2015,295,22.19
2015-10-23,2015,10,23,2015,296,11.31
2015-10-24,2015,10,24,2015,297,10.31
2015-10-25,2015,10,25,2015,298,7.02
2015-10-26,2015,10,26,2015,299,23.86
2015-10-27,2015,10,27,2015,300,13.69
2015-10-28,2015,10,28,2015,301,12.26
2015-10-29,2015,10,29,2015,302,3.67
2015-10-30,2015,10,30,2015,303,1.18
2015-10-31,2015,10,31,2015,304,1.6
2015-11-01,2015,11,1,2015,305,1.56
2015-11-02,2015,11,2,2015,306,1.71
2015-11-03,2015,11,3,2015,307,2.5
2015-11-04,2015,11,4,2015,308,2.49
2015-11-05,2015,11,5,2015,309,2.94
2015-11-06,2015,11,6,2015,310,2.03
2015-11-07,2015,11,7,2015,311,0.49
2015-11-08,2015,11,8,2015,312,1.41
2015-11-09,2015,11,9,2015,313,10.92
2015-11-10,2015,11,10,2015,314,14.23
2015-11-11,2015,11,11,2015,315,5.27
2015-11-12,2015,11,12,2015,316,2.19
2015-11-13,2015,11,13,2015,317,2.95
2015-11-14,2015,11,14,2015,318,4.81
2015-11-15,2015,11,15,2015,319,28.56
2015-11-16,2015,11,16,2015,320,0.8
2015-11-17,2015,11,17,2015,321,1.12
2015-11-18,2015,11,18,2015,322,10.85
2015-11-19,2015,11,19,2015,323,27.84
2015-11-20,2015,11,20,2015,324,15.03
2015-11-21,2015,11,21,2015,325,9.1
2015-11-22,2015,11,22,2015,326,5.78
2015-11-23,2015,11,23,2015,327,7.11
2015-11-24,2015,11,24,2015,328,128.36
2015-11-25,2015,11,25,2015,329,15.72
2015-11-26,2015,11,26,2015,330,5.51
2015-11-27,2015,11,27,2015,331,2.85
2015-11-28,2015,11,28,2015,332,4.8
2015-11-29,2015,11,29,2015,333,14.23
2015-11-30,2015,11,30,2015,334,5.76
2015-12-01,2015,12,1,2015,335,11.08
2015-12-02,2015,12,2,2015,336,2.93
2015-12-03,2015,12,3,2015,337,1.16
2015-12-04,2015,12,4,2015,338,3.92
2015-12-05,2015,12,5,2015,339,15.86
2015-12-06,2015,12,6,2015,340,15.86
2015-12-07,2015,12,7,2015,341,3.92
2015-12-08,2015,12,8,2015,342,4.31
2015-12-09,2015,12,9,2015,343,17.32
2015-12-10,2015,12,10,2015,344,2.22
2015-12-11,2015,12,11,2015,345,9.75
2015-12-12,2015,12,12,2015,346,25.65
2015-12-13,2015,12,13,2015,347,2.03
2015-12-14,2015,12,14,2015,348,1.69
2015-12-15,2015,12,15,2015,349,2.36
2015-12-16,2015,12,16,2015,350,0.06
2015-12-17,2015,12,17,2015,351,0.03
2015-12-18,2015,12,18,2015,352,3.36
2015-12-19,2015,12,19,2015,353,4.96
2015-12-20,2015,12,20,2015,354,1.39
2015-12-21,2015,12,21,2015,355,1.84
2015-12-22,2015,12,22,2015,356,1.15
2015-12-23,2015,12,23,2015,357,0.34
2015-12-24,2015,12,24,2015,358,0.45
2015-12-25,2015,12,25,2015,359,0.14
2015-12-26,2015,12,26,2015,360,22.2
2015-12-27,2015,12,27,2015,361,11.31
2015-12-28,2015,12,28,2015,362,8.21
2015-12-29,2015,12,29,2015,363,6.51
2015-12-30,2015,12,30,2015,364,0.35
2015-12-31,2015,12,31,2015,365,0.03
2016-01-01,2016,1,1,2016,1,0.71
2016-01-02,2016,1,2,2016,2,0.8
2016-01-03,2016,1,3,2016,3,0.09
2016-01-04,2016,1,4,2016,4,0.06
2016-01-05,2016,1,5,2016,5,4.69
2016-01-06,2016,1,6,2016,6,1.9
2016-01-07,2016,1,7,2016,7,0.99
2016-01-08,2016,1,8,2016,8,0.71
2016-01-09,2016,1,9,2016,9,0.3
2016-01-10,2016,1,10,2016,10,12.06
2016-01-11,2016,1,11,2016,11,10.06
2016-01-12,2016,1,12,2016,12,2.19
2016-01-13,2016,1,13,2016,13,2.93
2016-01-14,2016,1,14,2016,14,16.54
2016-01-15,2016,1,15,2016,15,12.81
2016-01-16,2016,1,16,2016,16,85.96
2016-01-17,2016,1,17,2016,17,12.15
2016-01-18,2016,1,18,2016,18,1.1
2016-01-19,2016,1,19,2016,19,1.88
2016-01-20,2016,1,20,2016,20,0.87
2016-01-21,2016,1,21,2016,21,1.03
2016-01-22,2016,1,22,2016,22,3.88
2016-01-23,2016,1,23,2016,23,0.24
2016-01-24,2016,1,24,2016,24,0.01
2016-01-25,2016,1,25,2016,25,0.97
2016-01-26,2016,1,26,2016,26,6.23
2016-01-27,2016,1,27,2016,27,17.25
2016-01-28,2016,1,28,2016,28,9.38
2016-01-29,2016,1,29,2016,29,4.88
2016-01-30,2016,1,30,2016,30,23.93
2016-01-31,2016,1,31,2016,31,4.64
2016-02-01,2016,2,1,2016,32,0.16
2016-02-02,2016,2,2,2016,33,0.01
2016-02-03,2016,2,3,2016,34,0.04
2016-02-04,2016,2,4,2016,35,0.79
2016-02-05,2016,2,5,2016,36,16.5
2016-02-06,2016,2,6,2016,37,27.93
2016-02-07,2016,2,7,2016,38,31.55
2016-02-08,2016,2,8,2016,39,15.65
2016-02-09,2016,2,9,2016,40,4.57
2016-02-10,2016,2,10,2016,41,8.16
2016-02-11,2016,2,11,2016,42,42.75
2016-02-12,2016,2,12,2016,43,2.04
2016-02-13,2016,2,13,2016,44,0.29
2016-02-14,2016,2,14,2016,45,2.16
2016-02-15,2016,2,15,2016,46,2.33
2016-02-16,2016,2,16,2016,47,0.66
2016-02-17,2016,2,17,2016,48,0.23
2016-02-18,2016,2,18,2016,49,0.01
2016-02-19,2016,2,19,2016,50,0.03
2016-02-20,2016,2,20,2016,51,0.1
2016-02-21,2016,2,21,2016,52,0.04
2016-02-22,2016,2,22,2016,53,0.1
2016-02-23,2016,2,23,2016,54,3.4
2016-02-24,2016,2,24,2016,55,0.67
2016-02-25,2016,2,25,2016,56,0.2
2016-02-26,2016,2,26,2016,57,7.23
2016-02-27,2016,2,27,2016,58,0.4
2016-02-28,2016,2,28,2016,59,0.55
2016-02-29,2016,2,29,2016,60,1.0
2016-03-01,2016,3,1,2016,61,0.76
2016-03-02,2016,3,2,2016,62,0.07
2016-03-03,2016,3,3,2016,63,0.0
2016-03-04,2016,3,4,2016,64,0.02
2016-03-05,2016,3,5,2016,65,0.12
2016-03-06,2016,3,6,2016,66,3.0
2016-03-07,2016,3,7,2016,67,2.37
2016-03-08,2016,3,8,2016,68,1.82
2016-03-09,2016,3,9,2016,69,11.34
2016-03-10,2016,3,10,2016,70,3.15
2016-03-11,2016,3,11,2016,71,0.17
2016-03-12,2016,3,12,2016,72,0.05
2016-03-13,2016,3,13,2016,73,0.06
2016-03-14,2016,3,14,2016,74,0.12
2016-03-15,2016,3,15,2016,75,1.16
2016-03-16,2016,3,16,2016,76,0.16
2016-03-17,2016,3,17,2016,77,0.07
2016-03-18,2016,3,18,2016,78,0.17
2016-03-19,2016,3,19,2016,79,0.16
2016-03-20,2016,3,20,2016,80,4.85
2016-03-21,2016,3,21,2016,81,10.56
2016-03-22,2016,3,22,2016,82,4.55
2016-03-23,2016,3,23,2016,83,0.03
2016-03-24,2016,3,24,2016,84,0.02
2016-03-25,2016,3,25,2016,85,0.07
2016-03-26,2016,3,26,2016,86,3.66
2016-03-27,2016,3,27,2016,87,5.48
2016-03-28,2016,3,28,2016,88,1.06
2016-03-29,2016,3,29,2016,89,0.42
2016-03-30,2016,3,30,2016,90,0.21
2016-03-31,2016,3,31,2016,91,0.74
2016-04-01,2016,4,1,2016,92,5.66
2016-04-02,2016,4,2,2016,93,0.99
2016-04-03,2016,4,3,2016,94,8.05
2016-04-04,2016,4,4,2016,95,10.28
2016-04-05,2016,4,5,2016,96,2.95
2016-04-06,2016,4,6,2016,97,14.26
2016-04-07,2016,4,7,2016,98,5.47
2016-04-08,2016,4,8,2016,99,0.5
2016-04-09,2016,4,9,2016,100,2.08
2016-04-10,2016,4,10,2016,101,3.95
2016-04-11,2016,4,11,2016,102,1.09
2016-04-12,2016,4,12,2016,103,0.23
2016-04-13,2016,4,13,2016,104,0.17
2016-04-14,2016,4,14,2016,105,0.02
2016-04-15,2016,4,15,2016,106,0.01
2016-04-16,2016,4,16,2016,107,2.44
2016-04-17,2016,4,17,2016,108,9.93
2016-04-18,2016,4,18,2016,109,1.21
2016-04-19,2016,4,19,2016,110,0.25
2016-04-20,2016,4,20,2016,111,6.33
2016-04-21,2016,4,21,2016,112,1.91
2016-04-22,2016,4,22,2016,113,2.55
2016-04-23,2016,4,23,2016,114,0.5
2016-04-24,2016,4,24,2016,115,0.64
2016-04-25,2016,4,25,2016,116,0.5
2016-04-26,2016,4,26,2016,117,0.35
2016-04-27,2016,4,27,2016,118,5.62
2016-04-28,2016,4,28,2016,119,1.31
2016-04-29,2016,4,29,2016,120,7.53
2016-04-30,2016,4,30,2016,121,23.03
2016-05-01,2016,5,1,2016,122,10.62
2016-05-02,2016,5,2,2016,123,0.06
2016-05-03,2016,5,3,2016,124,0.06
2016-05-04,2016,5,4,2016,125,1.23
2016-05-05,2016,5,5,2016,126,6.42
2016-05-06,2016,5,6,2016,127,1.07
2016-05-07,2016,5,7,2016,128,6.91
2016-05-08,2016,5,8,2016,129,11.73
2016-05-09,2016,5,9,2016,130,1.74
2016-05-10,2016,5,10,2016,131,9.94
2016-05-11,2016,5,11,2016,132,9.88
2016-05-12,2016,5,12,2016,133,2.8
2016-05-13,2016,5,13,2016,134,1.68
2016-05-14,2016,5,14,2016,135,4.29
2016-05-15,2016,5,15,2016,136,20.11
2016-05-16,2016,5,16,2016,137,5.1
2016-05-17,2016,5,17,2016,138,0.13
2016-05-18,2016,5,18,2016,139,0.15
2016-05-19,2016,5,19,2016,140,2.49
2016-05-20,2016,5,20,2016,141,2.87
2016-05-21,2016,5,21,2016,142,1.81
2016-05-22,2016,5,22,2016,143,0.34
2016-05-23,2016,5,23,2016,144,4.09
2016-05-24,2016,5,24,2016,145,1.39
2016-05-25,2016,5,25,2016,146,18.31
2016-05-26,2016,5,26,2016,147,28.35
2016-05-27,2016,5,27,2016,148,1.78
2016-05-28,2016,5,28,2016,149,5.67
2016-05-29,2016,5,29,2016,150,11.9
2016-05-30,2016,5,30,2016,151,3.83
2016-05-31,2016,5,31,2016,152,0.12
2016-06-01,2016,6,1,2016,153,0.8
2016-06-02,2016,6,2,2016,154,5.03
2016-06-03,2016,6,3,2016,155,0.59
2016-06-04,2016,6,4,2016,156,0.14
2016-06-05,2016,6,5,2016,157,0.12
2016-06-06,2016,6,6,2016,158,0.06
2016-06-07,2016,6,7,2016,159,0.07
2016-06-08,2016,6,8,2016,160,2.06
2016-06-09,2016,6,9,2016,161,1.27
2016-06-10,2016,6,10,2016,162,2.99
2016-06-11,2016,6,11,2016,163,3.27
2016-06-12,2016,6,12,2016,164,1.44
2016-06-13,2016,6,13,2016,165,2.42
2016-06-14,2016,6,14,2016,166,6.09
2016-06-15,2016,6,15,2016,167,17.89
2016-06-16,2016,6,16,2016,168,22.04
2016-06-17,2016,6,17,2016,169,5.53
2016-06-18,2016,6,18,2016,170,0.8
2016-06-19,2016,6,19,2016,171,34.94
2016-06-20,2016,6,20,2016,172,10.42
2016-06-21,2016,6,21,2016,173,9.39
2016-06-22,2016,6,22,2016,174,7.17
2016-06-23,2016,6,23,2016,175,7.96
2016-06-24,2016,6,24,2016,176,3.15
2016-06-25,2016,6,25,2016,177,5.18
2016-06-26,2016,6,26,2016,178,0.7
2016-06-27,2016,6,27,2016,179,0.64
2016-06-28,2016,6,28,2016,180,0.14
2016-06-29,2016,6,29,2016,181,0.03
2016-06-30,2016,6,30,2016,182,0.02
2016-07-01,2016,7,1,2016,183,0.0
2016-07-02,2016,7,2,2016,184,0.01
2016-07-03,2016,7,3,2016,185,0.01
2016-07-04,2016,7,4,2016,186,0.02
2016-07-05,2016,7,5,2016,187,5.62
2016-07-06,2016,7,6,2016,188,3.77
2016-07-07,2016,7,7,2016,189,2.03
2016-07-08,2016,7,8,2016,190,0.73
2016-07-09,2016,7,9,2016,191,0.58
2016-07-10,2016,7,10,2016,192,0.21
2016-07-11,2016,7,11,2016,193,0.09
2016-07-12,2016,7,12,2016,194,2.01
2016-07-13,2016,7,13,2016,195,10.98
2016-07-14,2016,7,14,2016,196,11.71
2016-07-15,2016,7,15,2016,197,8.42
2016-07-16,2016,7,16,2016,198,21.36
2016-07-17,2016,7,17,2016,199,4.93
2016-07-18,2016,7,18,2016,200,14.06
2016-07-19,2016,7,19,2016,201,4.72
2016-07-20,2016,7,20,2016,202,2.13
2016-07-21,2016,7,21,2016,203,2.91
2016-07-22,2016,7,22,2016,204,1.33
2016-07-23,2016,7,23,2016,205,8.48
2016-07-24,2016,7,24,2016,206,12.65
2016-07-25,2016,7,25,2016,207,1.02
2016-07-26,2016,7,26,2016,208,0.62
2016-07-27,2016,7,27,2016,209,0.58
2016-07-28,2016,7,28,2016,210,0.62
2016-07-29,2016,7,29,2016,211,0.01
2016-07-30,2016,7,30,2016,212,0.04
2016-07-31,2016,7,31,2016,213,0.42
2016-08-01,2016,8,1,2016,214,0.39
2016-08-02,2016,8,2,2016,215,0.2
2016-08-03,2016,8,3,2016,216,0.0
2016-08-04,2016,8,4,2016,217,0.01
2016-08-05,2016,8,5,2016,218,0.13
2016-08-06,2016,8,6,2016,219,10.28
2016-08-07,2016,8,7,2016,220,2.48
2016-08-08,2016,8,8,2016,221,2.98
2016-08-09,2016,8,9,2016,222,3.42
2016-08-10,2016,8,10,2016,223,4.85
2016-08-11,2016,8,11,2016,224,2.93
2016-08-12,2016,8,12,2016,225,4.46
2016-08-13,2016,8,13,2016,226,2.05
2016-08-14,2016,8,14,2016,227,0.58
2016-08-15,2016,8,15,2016,228,3.71
2016-08-16,2016,8,16,2016,229,0.8
2016-08-17,2016,8,17,2016,230,1.62
2016-08-18,2016,8,18,2016,231,0.96
2016-08-19,2016,8,19,2016,232,0.74
2016-08-20,2016,8,20,2016,233,0.64
2016-08-21,2016,8,21,2016,234,0.16
2016-08-22,2016,8,22,2016,235,0.79
2016-08-23,2016,8,23,2016,236,39.58
2016-08-24,2016,8,24,2016,237,37.08
2016-08-25,2016,8,25,2016,238,30.49
2016-08-26,2016,8,26,2016,239,11.15
2016-08-27,2016,8,27,2016,240,1.02
2016-08-28,2016,8,28,2016,241,2.11
2016-08-29,2016,8,29,2016,242,3.5
2016-08-30,2016,8,30,2016,243,10.79
2016-08-31,2016,8,31,2016,244,5.56
2016-09-01,2016,9,1,2016,245,0.97
2016-09-02,2016,9,2,2016,246,0.88
2016-09-03,2016,9,3,2016,247,1.05
2016-09-04,2016,9,4,2016,248,2.23
2016-09-05,2016,9,5,2016,249,17.43
2016-09-06,2016,9,6,2016,250,14.76
2016-09-07,2016,9,7,2016,251,3.54
2016-09-08,2016,9,8,2016,252,5.58
2016-09-09,2016,9,9,2016,253,3.0
2016-09-10,2016,9,10,2016,254,0.02
2016-09-11,2016,9,11,2016,255,0.1
2016-09-12,2016,9,12,2016,256,1.2
2016-09-13,2016,9,13,2016,257,1.22
2016-09-14,2016,9,14,2016,258,0.81
2016-09-15,2016,9,15,2016,259,3.26
2016-09-16,2016,9,16,2016,260,1.27
2016-09-17,2016,9,17,2016,261,1.44
2016-09-18,2016,9,18,2016,262,1.18
2016-09-19,2016,9,19,2016,263,1.98
2016-09-20,2016,9,20,2016,264,1.74
2016-09-21,2016,9,21,2016,265,1.34
2016-09-22,2016,9,22,2016,266,0.04
2016-09-23,2016,9,23,2016,267,0.02
2016-09-24,2016,9,24,2016,268,0.09
2016-09-25,2016,9,25,2016,269,0.08
2016-09-26,2016,9,26,2016,270,0.45
2016-09-27,2016,9,27,2016,271,3.1
2016-09-28,2016,9,28,2016,272,2.05
2016-09-29,2016,9,29,2016,273,2.79
2016-09-30,2016,9,30,2016,274,0.46
2016-10-01,2016,10,1,2016,275,0.07
2016-10-02,2016,10,2,2016,276,0.01
2016-10-03,2016,10,3,2016,277,0.17
2016-10-04,2016,10,4,2016,278,1.24
2016-10-05,2016,10,5,2016,279,1.84
2016-10-06,2016,10,6,2016,280,2.31
2016-10-07,2016,10,7,2016,281,1.97
2016-10-08,2016,10,8,2016,282,0.83
2016-10-09,2016,10,9,2016,283,0.13
2016-10-10,2016,10,10,2016,284,1.11
2016-10-11,2016,10,11,2016,285,1.28
2016-10-12,2016,10,12,2016,286,2.62
2016-10-13,2016,10,13,2016,287,5.44
2016-10-14,2016,10,14,2016,288,7.25
2016-10-15,2016,10,15,2016,289,9.07
2016-10-16,2016,10,16,2016,290,17.54
2016-10-17,2016,10,17,2016,291,23.75
2016-10-18,2016,10,18,2016,292,18.68
2016-10-19,2016,10,19,2016,293,7.9
2016-10-20,2016,10,20,2016,294,9.53
2016-10-21,2016,10,21,2016,295,1.44
2016-10-22,2016,10,22,2016,296,0.93
2016-10-23,2016,10,23,2016,297,3.32
2016-10-24,2016,10,24,2016,298,4.29
2016-10-25,2016,10,25,2016,299,4.1
2016-10-26,2016,10,26,2016,300,2.48
2016-10-27,2016,10,27,2016,301,2.35
2016-10-28,2016,10,28,2016,302,1.83
2016-10-29,2016,10,29,2016,303,3.81
2016-10-30,2016,10,30,2016,304,14.7
2016-10-31,2016,10,31,2016,305,9.49
2016-11-01,2016,11,1,2016,306,1.2
2016-11-02,2016,11,2,2016,307,36.57
2016-11-03,2016,11,3,2016,308,35.95
2016-11-04,2016,11,4,2016,309,3.64
2016-11-05,2016,11,5,2016,310,3.15
2016-11-06,2016,11,6,2016,311,10.19
2016-11-07,2016,11,7,2016,312,32.29
2016-11-08,2016,11,8,2016,313,20.91
2016-11-09,2016,11,9,2016,314,3.46
2016-11-10,2016,11,10,2016,315,2.99
2016-11-11,2016,11,11,2016,316,2.29
2016-11-12,2016,11,12,2016,317,7.23
2016-11-13,2016,11,13,2016,318,3.02
2016-11-14,2016,11,14,2016,319,2.5
2016-11-15,2016,11,15,2016,320,7.76
2016-11-16,2016,11,16,2016,321,8.82
2016-11-17,2016,11,17,2016,322,5.88
2016-11-18,2016,11,18,2016,323,5.37
2016-11-19,2016,11,19,2016,324,9.57
2016-11-20,2016,11,20,2016,325,8.15
2016-11-21,2016,11,21,2016,326,3.27
2016-11-22,2016,11,22,2016,327,2.36
2016-11-23,2016,11,23,2016,328,6.03
2016-11-24,2016,11,24,2016,329,0.78
2016-11-25,2016,11,25,2016,330,3.06
2016-11-26,2016,11,26,2016,331,5.64
2016-11-27,2016,11,27,2016,332,16.15
2016-11-28,2016,11,28,2016,333,1.49
2016-11-29,2016,11,29,2016,334,7.45
2016-11-30,2016,11,30,2016,335,5.76
2016-12-01,2016,12,1,2016,336,9.98
2016-12-02,2016,12,2,2016,337,17.14
2016-12-03,2016,12,3,2016,338,48.6
2016-12-04,2016,12,4,2016,339,39.13
2016-12-05,2016,12,5,2016,340,9.77
2016-12-06,2016,12,6,2016,341,5.83
2016-12-07,2016,12,7,2016,342,2.63
2016-12-08,2016,12,8,2016,343,2.59
2016-12-09,2016,12,9,2016,344,4.02
2016-12-10,2016,12,10,2016,345,11.88
2016-12-11,2016,12,11,2016,346,2.83
2016-12-12,2016,12,12,2016,347,2.12
2016-12-13,2016,12,13,2016,348,0.86
2016-12-14,2016,12,14,2016,349,7.26
2016-12-15,2016,12,15,2016,350,1.42
2016-12-16,2016,12,16,2016,351,0.02
2016-12-17,2016,12,17,2016,352,3.0
2016-12-18,2016,12,18,2016,353,12.0
2016-12-19,2016,12,19,2016,354,5.17
2016-12-20,2016,12,20,2016,355,3.54
2016-12-21,2016,12,21,2016,356,3.16
2016-12-22,2016,12,22,2016,357,3.46
2016-12-23,2016,12,23,2016,358,8.62
2016-12-24,2016,12,24,2016,359,3.62
2016-12-25,2016,12,25,2016,360,0.74
2016-12-26,2016,12,26,2016,361,0.1
2016-12-27,2016,12,27,2016,362,0.88
2016-12-28,2016,12,28,2016,363,0.32
2016-12-29,2016,12,29,2016,364,0.06
2016-12-30,2016,12,30,2016,365,0.52
2016-12-31,2016,12,31,2016,366,1.09
2017-01-01,2017,1,1,2017,1,23.82
2017-01-02,2017,1,2,2017,2,20.67
2017-01-03,2017,1,3,2017,3,33.05
2017-01-04,2017,1,4,2017,4,8.52
2017-01-05,2017,1,5,2017,5,23.54
2017-01-06,2017,1,6,2017,6,13.71
2017-01-07,2017,1,7,2017,7,14.61
2017-01-08,2017,1,8,2017,8,10.09
2017-01-09,2017,1,9,2017,9,1.23
2017-01-10,2017,1,10,2017,10,0.0
2017-01-11,2017,1,11,2017,11,1.57
2017-01-12,2017,1,12,2017,12,5.19
2017-01-13,2017,1,13,2017,13,5.49
2017-01-14,2017,1,14,2017,14,0.34
2017-01-15,2017,1,15,2017,15,1.11
2017-01-16,2017,1,16,2017,16,7.6
2017-01-17,2017,1,17,2017,17,7.33
2017-01-18,2017,1,18,2017,18,7.75
2017-01-19,2017,1,19,2017,19,6.56
2017-01-20,2017,1,20,2017,20,9.25
2017-01-21,2017,1,21,2017,21,3.1
2017-01-22,2017,1,22,2017,22,15.73
2017-01-23,2017,1,23,2017,23,63.72
2017-01-24,2017,1,24,2017,24,20.82
2017-01-25,2017,1,25,2017,25,9.7
2017-01-26,2017,1,26,2017,26,5.09
2017-01-27,2017,1,27,2017,27,7.21
2017-01-28,2017,1,28,2017,28,2.87
2017-01-29,2017,1,29,2017,29,0.08
2017-01-30,2017,1,30,2017,30,0.01
2017-01-31,2017,1,31,2017,31,0.74
2017-02-01,2017,2,1,2017,32,0.58
2017-02-02,2017,2,2,2017,33,0.11
2017-02-03,2017,2,3,2017,34,0.94
2017-02-04,2017,2,4,2017,35,2.27
2017-02-05,2017,2,5,2017,36,0.91
2017-02-06,2017,2,6,2017,37,6.28
2017-02-07,2017,2,7,2017,38,1.15
2017-02-08,2017,2,8,2017,39,0.64
2017-02-09,2017,2,9,2017,40,0.22
2017-02-10,2017,2,10,2017,41,0.28
2017-02-11,2017,2,11,2017,42,2.52
2017-02-12,2017,2,12,2017,43,11.53
2017-02-13,2017,2,13,2017,44,14.78
2017-02-14,2017,2,14,2017,45,8.12
2017-02-15,2017,2,15,2017,46,1.17
2017-02-16,2017,2,16,2017,47,1.67
2017-02-17,2017,2,17,2017,48,0.26
2017-02-18,2017,2,18,2017,49,0.74
2017-02-19,2017,2,19,2017,50,0.67
2017-02-20,2017,2,20,2017,51,8.95
2017-02-21,2017,2,21,2017,52,1.23
2017-02-22,2017,2,22,2017,53,0.25
2017-02-23,2017,2,23,2017,54,18.09
2017-02-24,2017,2,24,2017,55,18.54
2017-02-25,2017,2,25,2017,56,9.57
2017-02-26,2017,2,26,2017,57,5.84
2017-02-27,2017,2,27,2017,58,11.95
2017-02-28,2017,2,28,2017,59,11.89
2017-03-01,2017,3,1,2017,60,4.3
2017-03-02,2017,3,2,2017,61,4.24
2017-03-03,2017,3,3,2017,62,3.57
2017-03-04,2017,3,4,2017,63,1.04
2017-03-05,2017,3,5,2017,64,7.21
2017-03-06,2017,3,6,2017,65,1.34
2017-03-07,2017,3,7,2017,66,0.69
2017-03-08,2017,3,8,2017,67,0.18
2017-03-09,2017,3,9,2017,68,0.69
2017-03-10,2017,3,10,2017,69,0.3
2017-03-11,2017,3,11,2017,70,0.04
2017-03-12,2017,3,12,2017,71,0.08
2017-03-13,2017,3,13,2017,72,0.02
2017-03-14,2017,3,14,2017,73,0.06
2017-03-15,2017,3,15,2017,74,1.61
2017-03-16,2017,3,16,2017,75,8.14
2017-03-17,2017,3,17,2017,76,0.44
2017-03-18,2017,3,18,2017,77,1.34
2017-03-19,2017,3,19,2017,78,4.48
2017-03-20,2017,3,20,2017,79,27.9
2017-03-21,2017,3,21,2017,80,0.33
2017-03-22,2017,3,22,2017,81,0.07
2017-03-23,2017,3,23,2017,82,1.71
2017-03-24,2017,3,24,2017,83,20.55
2017-03-25,2017,3,25,2017,84,2.68
2017-03-26,2017,3,26,2017,85,6.24
2017-03-27,2017,3,27,2017,86,17.42
2017-03-28,2017,3,28,2017,87,14.24
2017-03-29,2017,3,29,2017,88,12.19
2017-03-30,2017,3,30,2017,89,2.29
2017-03-31,2017,3,31,2017,90,1.12
2017-04-01,2017,4,1,2017,91,10.78
2017-04-02,2017,4,2,2017,92,1.52
2017-04-03,2017,4,3,2017,93,9.94
2017-04-04,2017,4,4,2017,94,1.68
2017-04-05,2017,4,5,2017,95,3.54
2017-04-06,2017,4,6,2017,96,0.45
2017-04-07,2017,4,7,2017,97,1.6
2017-04-08,2017,4,8,2017,98,1.79
2017-04-09,2017,4,9,2017,99,1.27
2017-04-10,2017,4,10,2017,100,15.15
2017-04-11,2017,4,11,2017,101,2.36
2017-04-12,2017,4,12,2017,102,7.9
2017-04-13,2017,4,13,2017,103,5.99
2017-04-14,2017,4,14,2017,104,2.09
2017-04-15,2017,4,15,2017,105,0.54
2017-04-16,2017,4,16,2017,106,0.21
2017-04-17,2017,4,17,2017,107,9.73
2017-04-18,2017,4,18,2017,108,0.75
2017-04-19,2017,4,19,2017,109,7.9
2017-04-20,2017,4,20,2017,110,5.64
2017-04-21,2017,4,21,2017,111,0.73
2017-04-22,2017,4,22,2017,112,1.97
2017-04-23,2017,4,23,2017,113,0.66
2017-04-24,2017,4,24,2017,114,0.63
2017-04-25,2017,4,25,2017,115,3.51
2017-04-26,2017,4,26,2017,116,1.63
2017-04-27,2017,4,27,2017,117,0.5
2017-04-28,2017,4,28,2017,118,0.77
2017-04-29,2017,4,29,2017,119,0.14
2017-04-30,2017,4,30,2017,120,0.89
2017-05-01,2017,5,1,2017,121,3.02
2017-05-02,2017,5,2,2017,122,2.45
2017-05-03,2017,5,3,2017,123,6.19
2017-05-04,2017,5,4,2017,124,2.09
2017-05-05,2017,5,5,2017,125,0.56
2017-05-06,2017,5,6,2017,126,0.17
2017-05-07,2017,5,7,2017,127,2.49
2017-05-08,2017,5,8,2017,128,0.58
2017-05-09,2017,5,9,2017,129,0.85
2017-05-10,2017,5,10,2017,130,3.38
2017-05-11,2017,5,11,2017,131,7.97
2017-05-12,2017,5,12,2017,132,8.92
2017-05-13,2017,5,13,2017,133,6.85
2017-05-14,2017,5,14,2017,134,2.48
2017-05-15,2017,5,15,2017,135,0.99
2017-05-16,2017,5,16,2017,136,1.43
2017-05-17,2017,5,17,2017,137,24.22
2017-05-18,2017,5,18,2017,138,6.08
2017-05-19,2017,5,19,2017,139,42.24
2017-05-20,2017,5,20,2017,140,10.31
2017-05-21,2017,5,21,2017,141,18.5
2017-05-22,2017,5,22,2017,142,3.25
2017-05-23,2017,5,23,2017,143,8.75
2017-05-24,2017,5,24,2017,144,6.08
2017-05-25,2017,5,25,2017,145,2.3
2017-05-26,2017,5,26,2017,146,0.28
2017-05-27,2017,5,27,2017,147,0.03
2017-05-28,2017,5,28,2017,148,0.03
2017-05-29,2017,5,29,2017,149,0.04
2017-05-30,2017,5,30,2017,150,1.38
2017-05-31,2017,5,31,2017,151,1.06
2017-06-01,2017,6,1,2017,152,0.8
2017-06-02,2017,6,2,2017,153,1.21
2017-06-03,2017,6,3,2017,154,50.51
2017-06-04,2017,6,4,2017,155,5.97
2017-06-05,2017,6,5,2017,156,0.14
2017-06-06,2017,6,6,2017,157,0.05
2017-06-07,2017,6,7,2017,158,0.02
2017-06-08,2017,6,8,2017,159,14.58
2017-06-09,2017,6,9,2017,160,3.92
2017-06-10,2017,6,10,2017,161,0.08
2017-06-11,2017,6,11,2017,162,0.13
2017-06-12,2017,6,12,2017,163,0.21
2017-06-13,2017,6,13,2017,164,0.23
2017-06-14,2017,6,14,2017,165,0.36
2017-06-15,2017,6,15,2017,166,0.57
2017-06-16,2017,6,16,2017,167,2.61
2017-06-17,2017,6,17,2017,168,1.67
2017-06-18,2017,6,18,2017,169,0.17
2017-06-19,2017,6,19,2017,170,0.27
2017-06-20,2017,6,20,2017,171,0.27
2017-06-21,2017,6,21,2017,172,0.06
2017-06-22,2017,6,22,2017,173,4.32
2017-06-23,2017,6,23,2017,174,1.92
2017-06-24,2017,6,24,2017,175,1.79
2017-06-25,2017,6,25,2017,176,2.16
2017-06-26,2017,6,26,2017,177,0.66
2017-06-27,2017,6,27,2017,178,0.14
2017-06-28,2017,6,28,2017,179,5.82
2017-06-29,2017,6,29,2017,180,5.03
2017-06-30,2017,6,30,2017,181,1.93
2017-07-01,2017,7,1,2017,182,0.17
2017-07-02,2017,7,2,2017,183,0.33
2017-07-03,2017,7,3,2017,184,0.01
2017-07-04,2017,7,4,2017,185,0.3
2017-07-05,2017,7,5,2017,186,2.78
2017-07-06,2017,7,6,2017,187,10.84
2017-07-07,2017,7,7,2017,188,23.62
2017-07-08,2017,7,8,2017,189,0.2
2017-07-09,2017,7,9,2017,190,0.39
2017-07-10,2017,7,10,2017,191,5.44
2017-07-11,2017,7,11,2017,192,0.77
2017-07-12,2017,7,12,2017,193,0.53
2017-07-13,2017,7,13,2017,194,7.43
2017-07-14,2017,7,14,2017,195,5.98
2017-07-15,2017,7,15,2017,196,0.0
2017-07-16,2017,7,16,2017,197,0.09
2017-07-17,2017,7,17,2017,198,0.05
2017-07-18,2017,7,18,2017,199,0.0
2017-07-19,2017,7,19,2017,200,0.0
2017-07-20,2017,7,20,2017,201,0.15
2017-07-21,2017,7,21,2017,202,0.13
2017-07-22,2017,7,22,2017,203,0.0
2017-07-23,2017,7,23,2017,204,0.0
2017-07-24,2017,7,24,2017,205,0.0
2017-07-25,2017,7,25,2017,206,0.01
2017-07-26,2017,7,26,2017,207,0.35
2017-07-27,2017,7,27,2017,208,2.57
2017-07-28,2017,7,28,2017,209,1.3
2017-07-29,2017,7,29,2017,210,0.33
2017-07-30,2017,7,30,2017,211,2.95
2017-07-31,2017,7,31,2017,212,15.3
2017-08-01,2017,8,1,2017,213,6.67
2017-08-02,2017,8,2,2017,214,0.52
2017-08-03,2017,8,3,2017,215,10.01
2017-08-04,2017,8,4,2017,216,17.88
2017-08-05,2017,8,5,2017,217,9.4
2017-08-06,2017,8,6,2017,218,22.99
2017-08-07,2017,8,7,2017,219,6.46
2017-08-08,2017,8,8,2017,220,4.4
2017-08-09,2017,8,9,2017,221,1.25
2017-08-10,2017,8,10,2017,222,0.72
2017-08-11,2017,8,11,2017,223,1.33
2017-08-12,2017,8,12,2017,224,2.43
2017-08-13,2017,8,13,2017,225,9.23
2017-08-14,2017,8,14,2017,226,20.09
2017-08-15,2017,8,15,2017,227,2.98
2017-08-16,2017,8,16,2017,228,0.1
2017-08-17,2017,8,17,2017,229,1.01
2017-08-18,2017,8,18,2017,230,0.49
2017-08-19,2017,8,19,2017,231,0.02
2017-08-20,2017,8,20,2017,232,0.38
2017-08-21,2017,8,21,2017,233,0.31
2017-08-22,2017,8,22,2017,234,0.19
2017-08-23,2017,8,23,2017,235,0.1
2017-08-24,2017,8,24,2017,236,0.15
2017-08-25,2017,8,25,2017,237,0.13
2017-08-26,2017,8,26,2017,238,3.15
2017-08-27,2017,8,27,2017,239,38.91
2017-08-28,2017,8,28,2017,240,19.44
2017-08-29,2017,8,29,2017,241,1.67
2017-08-30,2017,8,30,2017,242,0.88
2017-08-31,2017,8,31,2017,243,1.26
2017-09-01,2017,9,1,2017,244,4.71
2017-09-02,2017,9,2,2017,245,3.58
2017-09-03,2017,9,3,2017,246,2.16
2017-09-04,2017,9,4,2017,247,1.26
2017-09-05,2017,9,5,2017,248,7.5
2017-09-06,2017,9,6,2017,249,16.75
2017-09-07,2017,9,7,2017,250,1.58
2017-09-08,2017,9,8,2017,251,1.94
2017-09-09,2017,9,9,2017,252,2.23
2017-09-10,2017,9,10,2017,253,1.99
2017-09-11,2017,9,11,2017,254,5.51
2017-09-12,2017,9,12,2017,255,16.84
2017-09-13,2017,9,13,2017,256,13.63
2017-09-14,2017,9,14,2017,257,7.29
2017-09-15,2017,9,15,2017,258,14.7
2017-09-16,2017,9,16,2017,259,0.96
2017-09-17,2017,9,17,2017,260,0.93
2017-09-18,2017,9,18,2017,261,9.06
2017-09-19,2017,9,19,2017,262,2.09
2017-09-20,2017,9,20,2017,263,1.24
2017-09-21,2017,9,21,2017,264,1.29
2017-09-22,2017,9,22,2017,265,1.0
2017-09-23,2017,9,23,2017,266,1.67
2017-09-24,2017,9,24,2017,267,1.36
2017-09-25,2017,9,25,2017,268,1.23
2017-09-26,2017,9,26,2017,269,1.89
2017-09-27,2017,9,27,2017,270,0.34
2017-09-28,2017,9,28,2017,271,2.46
2017-09-29,2017,9,29,2017,272,16.57
2017-09-30,2017,9,30,2017,273,0.34
2017-10-01,2017,10,1,2017,274,2.0
2017-10-02,2017,10,2,2017,275,0.43
2017-10-03,2017,10,3,2017,276,2.54
2017-10-04,2017,10,4,2017,277,1.56
2017-10-05,2017,10,5,2017,278,3.56
2017-10-06,2017,10,6,2017,279,10.02
2017-10-07,2017,10,7,2017,280,20.52
2017-10-08,2017,10,8,2017,281,19.14
2017-10-09,2017,10,9,2017,282,16.95
2017-10-10,2017,10,10,2017,283,18.68
2017-10-11,2017,10,11,2017,284,3.35
2017-10-12,2017,10,12,2017,285,2.58
2017-10-13,2017,10,13,2017,286,7.43
2017-10-14,2017,10,14,2017,287,1.66
2017-10-15,2017,10,15,2017,288,0.08
2017-10-16,2017,10,16,2017,289,0.04
2017-10-17,2017,10,17,2017,290,0.0
2017-10-18,2017,10,18,2017,291,0.0
2017-10-19,2017,10,19,2017,292,0.0
2017-10-20,2017,10,20,2017,293,0.0
2017-10-21,2017,10,21,2017,294,0.09
2017-10-22,2017,10,22,2017,295,0.12
2017-10-23,2017,10,23,2017,296,0.86
2017-10-24,2017,10,24,2017,297,6.98
2017-10-25,2017,10,25,2017,298,7.65
2017-10-26,2017,10,26,2017,299,64.82
2017-10-27,2017,10,27,2017,300,36.86
2017-10-28,2017,10,28,2017,301,2.02
2017-10-29,2017,10,29,2017,302,3.09
2017-10-30,2017,10,30,2017,303,19.59
2017-10-31,2017,10,31,2017,304,11.23
2017-11-01,2017,11,1,2017,305,1.85
2017-11-02,2017,11,2,2017,306,1.61
2017-11-03,2017,11,3,2017,307,2.66
2017-11-04,2017,11,4,2017,308,6.88
2017-11-05,2017,11,5,2017,309,0.32
2017-11-06,2017,11,6,2017,310,9.37
2017-11-07,2017,11,7,2017,311,8.93
2017-11-08,2017,11,8,2017,312,13.79
2017-11-09,2017,11,9,2017,313,10.99
2017-11-10,2017,11,10,2017,314,7.44
2017-11-11,2017,11,11,2017,315,2.58
2017-11-12,2017,11,12,2017,316,1.17
2017-11-13,2017,11,13,2017,317,1.52
2017-11-14,2017,11,14,2017,318,0.72
2017-11-15,2017,11,15,2017,319,1.11
2017-11-16,2017,11,16,2017,320,0.42
2017-11-17,2017,11,17,2017,321,0.09
2017-11-18,2017,11,18,2017,322,9.95
2017-11-19,2017,11,19,2017,323,1.28
2017-11-20,2017,11,20,2017,324,1.2
2017-11-21,2017,11,21,2017,325,7.39
2017-11-22,2017,11,22,2017,326,2.88
2017-11-23,2017,11,23,2017,327,9.07
2017-11-24,2017,11,24,2017,328,12.28
2017-11-25,2017,11,25,2017,329,13.94
2017-11-26,2017,11,26,2017,330,31.17
2017-11-27,2017,11,27,2017,331,26.6
2017-11-28,2017,11,28,2017,332,9.85
2017-11-29,2017,11,29,2017,333,22.9
2017-11-30,2017,11,30,2017,334,18.3
2017-12-01,2017,12,1,2017,335,88.76
2017-12-02,2017,12,2,2017,336,64.1
2017-12-03,2017,12,3,2017,337,18.39
2017-12-04,2017,12,4,2017,338,18.1
2017-12-05,2017,12,5,2017,339,2.35
2017-12-06,2017,12,6,2017,340,2.78
2017-12-07,2017,12,7,2017,341,1.56
2017-12-08,2017,12,8,2017,342,4.09
2017-12-09,2017,12,9,2017,343,2.4
2017-12-10,2017,12,10,2017,344,1.65
2017-12-11,2017,12,11,2017,345,20.2
2017-12-12,2017,12,12,2017,346,10.19
2017-12-13,2017,12,13,2017,347,0.43
2017-12-14,2017,12,14,2017,348,0.04
2017-12-15,2017,12,15,2017,349,0.48
2017-12-16,2017,12,16,2017,350,1.23
2017-12-17,2017,12,17,2017,351,0.51
2017-12-18,2017,12,18,2017,352,22.82
2017-12-19,2017,12,19,2017,353,29.5
2017-12-20,2017,12,20,2017,354,16.55
2017-12-21,2017,12,21,2017,355,10.5
2017-12-22,2017,12,22,2017,356,1.45
2017-12-23,2017,12,23,2017,357,18.49
2017-12-24,2017,12,24,2017,358,26.7
2017-12-25,2017,12,25,2017,359,12.62
2017-12-26,2017,12,26,2017,360,3.05
2017-12-27,2017,12,27,2017,361,2.25
2017-12-28,2017,12,28,2017,362,1.21
2017-12-29,2017,12,29,2017,363,1.69
2017-12-30,2017,12,30,2017,364,18.45
2017-12-31,2017,12,31,2017,365,17.8
2018-01-01,2018,1,1,2018,1,12.94
2018-01-02,2018,1,2,2018,2,14.61
2018-01-03,2018,1,3,2018,3,37.37
2018-01-04,2018,1,4,2018,4,10.03
2018-01-05,2018,1,5,2018,5,0.14
2018-01-06,2018,1,6,2018,6,0.76
2018-01-07,2018,1,7,2018,7,0.44
2018-01-08,2018,1,8,2018,8,0.89
2018-01-09,2018,1,9,2018,9,0.4
2018-01-10,2018,1,10,2018,10,0.37
2018-01-11,2018,1,11,2018,11,5.45
2018-01-12,2018,1,12,2018,12,1.88
2018-01-13,2018,1,13,2018,13,2.42
2018-01-14,2018,1,14,2018,14,0.63
2018-01-15,2018,1,15,2018,15,1.15
2018-01-16,2018,1,16,2018,16,0.35
2018-01-17,2018,1,17,2018,17,1.96
2018-01-18,2018,1,18,2018,18,6.42
2018-01-19,2018,1,19,2018,19,0.55
2018-01-20,2018,1,20,2018,20,2.44
2018-01-21,2018,1,21,2018,21,3.07
2018-01-22,2018,1,22,2018,22,1.53
2018-01-23,2018,1,23,2018,23,0.28
2018-01-24,2018,1,24,2018,24,1.64
2018-01-25,2018,1,25,2018,25,1.7
2018-01-26,2018,1,26,2018,26,3.22
2018-01-27,2018,1,27,2018,27,0.69
2018-01-28,2018,1,28,2018,28,2.34
2018-01-29,2018,1,29,2018,29,1.86
2018-01-30,2018,1,30,2018,30,5.01
2018-01-31,2018,1,31,2018,31,2.61
2018-02-01,2018,2,1,2018,32,0.2
2018-02-02,2018,2,2,2018,33,0.59
2018-02-03,2018,2,3,2018,34,0.25
2018-02-04,2018,2,4,2018,35,6.36
2018-02-05,2018,2,5,2018,36,0.54
2018-02-06,2018,2,6,2018,37,0.12
2018-02-07,2018,2,7,2018,38,0.02
2018-02-08,2018,2,8,2018,39,0.05
2018-02-09,2018,2,9,2018,40,0.02
2018-02-10,2018,2,10,2018,41,3.49
2018-02-11,2018,2,11,2018,42,0.16
2018-02-12,2018,2,12,2018,43,0.01
2018-02-13,2018,2,13,2018,44,0.16
2018-02-14,2018,2,14,2018,45,1.34
2018-02-15,2018,2,15,2018,46,0.59
2018-02-16,2018,2,16,2018,47,0.06
2018-02-17,2018,2,17,2018,48,0.03
2018-02-18,2018,2,18,2018,49,0.19
2018-02-19,2018,2,19,2018,50,3.2
2018-02-20,2018,2,20,2018,51,1.68
2018-02-21,2018,2,21,2018,52,47.51
2018-02-22,2018,2,22,2018,53,23.97
2018-02-23,2018,2,23,2018,54,38.28
2018-02-24,2018,2,24,2018,55,40.52
2018-02-25,2018,2,25,2018,56,7.33
2018-02-26,2018,2,26,2018,57,0.79
2018-02-27,2018,2,27,2018,58,20.02
2018-02-28,2018,2,28,2018,59,4.32
2018-03-01,2018,3,1,2018,60,1.32
2018-03-02,2018,3,2,2018,61,3.15
2018-03-03,2018,3,3,2018,62,2.67
2018-03-04,2018,3,4,2018,63,11.44
2018-03-05,2018,3,5,2018,64,1.53
2018-03-06,2018,3,6,2018,65,1.4
2018-03-07,2018,3,7,2018,66,2.31
2018-03-08,2018,3,8,2018,67,4.95
2018-03-09,2018,3,9,2018,68,4.73
2018-03-10,2018,3,10,2018,69,4.08
2018-03-11,2018,3,11,2018,70,12.67
2018-03-12,2018,3,12,2018,71,0.16
2018-03-13,2018,3,13,2018,72,0.02
2018-03-14,2018,3,14,2018,73,0.78
2018-03-15,2018,3,15,2018,74,2.93
2018-03-16,2018,3,16,2018,75,0.54
2018-03-17,2018,3,17,2018,76,0.11
2018-03-18,2018,3,18,2018,77,0.29
2018-03-19,2018,3,19,2018,78,0.17
2018-03-20,2018,3,20,2018,79,7.37
2018-03-21,2018,3,21,2018,80,7.16
2018-03-22,2018,3,22,2018,81,1.03
2018-03-23,2018,3,23,2018,82,0.07
2018-03-24,2018,3,24,2018,83,1.29
2018-03-25,2018,3,25,2018,84,0.76
2018-03-26,2018,3,26,2018,85,0.54
2018-03-27,2018,3,27,2018,86,0.19
2018-03-28,2018,3,28,2018,87,0.4
2018-03-29,2018,3,29,2018,88,0.65
2018-03-30,2018,3,30,2018,89,0.62
2018-03-31,2018,3,31,2018,90,3.69
2018-04-01,2018,4,1,2018,91,13.69
2018-04-02,2018,4,2,2018,92,6.73
2018-04-03,2018,4,3,2018,93,1.35
2018-04-04,2018,4,4,2018,94,1.59
2018-04-05,2018,4,5,2018,95,7.08
2018-04-06,2018,4,6,2018,96,1.58
2018-04-07,2018,4,7,2018,97,0.67
2018-04-08,2018,4,8,2018,98,0.17
2018-04-09,2018,4,9,2018,99,0.81
2018-04-10,2018,4,10,2018,100,0.39
2018-04-11,2018,4,11,2018,101,1.69
2018-04-12,2018,4,12,2018,102,2.69
2018-04-13,2018,4,13,2018,103,5.55
2018-04-14,2018,4,14,2018,104,6.13
2018-04-15,2018,4,15,2018,105,6.28
2018-04-16,2018,4,16,2018,106,3.81
2018-04-17,2018,4,17,2018,107,1.73
2018-04-18,2018,4,18,2018,108,1.16
2018-04-19,2018,4,19,2018,109,1.37
2018-04-20,2018,4,20,2018,110,1.12
2018-04-21,2018,4,21,2018,111,2.21
2018-04-22,2018,4,22,2018,112,5.67
2018-04-23,2018,4,23,2018,113,4.34
2018-04-24,2018,4,24,2018,114,32.53
2018-04-25,2018,4,25,2018,115,7.22
2018-04-26,2018,4,26,2018,116,49.82
2018-04-27,2018,4,27,2018,117,1.19
2018-04-28,2018,4,28,2018,118,0.36
2018-04-29,2018,4,29,2018,119,1.63
2018-04-30,2018,4,30,2018,120,2.95
2018-05-01,2018,5,1,2018,121,11.44
2018-05-02,2018,5,2,2018,122,2.15
2018-05-03,2018,5,3,2018,123,2.21
2018-05-04,2018,5,4,2018,124,1.22
2018-05-05,2018,5,5,2018,125,3.29
2018-05-06,2018,5,6,2018,126,0.93
2018-05-07,2018,5,7,2018,127,1.57
2018-05-08,2018,5,8,2018,128,1.18
2018-05-09,2018,5,9,2018,129,3.14
2018-05-10,2018,5,10,2018,130,0.68
2018-05-11,2018,5,11,2018,131,8.22
2018-05-12,2018,5,12,2018,132,2.5
2018-05-13,2018,5,13,2018,133,1.96
2018-05-14,2018,5,14,2018,134,6.2
2018-05-15,2018,5,15,2018,135,2.26
2018-05-16,2018,5,16,2018,136,26.34
2018-05-17,2018,5,17,2018,137,18.61
2018-05-18,2018,5,18,2018,138,1.84
2018-05-19,2018,5,19,2018,139,2.23
2018-05-20,2018,5,20,2018,140,0.94
2018-05-21,2018,5,21,2018,141,1.68
2018-05-22,2018,5,22,2018,142,27.71
2018-05-23,2018,5,23,2018,143,7.86
2018-05-24,2018,5,24,2018,144,11.68
2018-05-25,2018,5,25,2018,145,28.68
2018-05-26,2018,5,26,2018,146,25.16
2018-05-27,2018,5,27,2018,147,0.12
2018-05-28,2018,5,28,2018,148,0.16
2018-05-29,2018,5,29,2018,149,0.84
2018-05-30,2018,5,30,2018,150,1.14
2018-05-31,2018,5,31,2018,151,0.09
2018-06-01,2018,6,1,2018,152,0.03
2018-06-02,2018,6,2,2018,153,0.01
2018-06-03,2018,6,3,2018,154,0.01
2018-06-04,2018,6,4,2018,155,0.01
2018-06-05,2018,6,5,2018,156,0.02
2018-06-06,2018,6,6,2018,157,0.02
2018-06-07,2018,6,7,2018,158,0.05
2018-06-08,2018,6,8,2018,159,0.02
2018-06-09,2018,6,9,2018,160,0.76
2018-06-10,2018,6,10,2018,161,0.18
2018-06-11,2018,6,11,2018,162,0.01
2018-06-12,2018,6,12,2018,163,0.0
2018-06-13,2018,6,13,2018,164,0.0
2018-06-14,2018,6,14,2018,165,0.0
2018-06-15,2018,6,15,2018,166,0.03
2018-06-16,2018,6,16,2018,167,0.11
2018-06-17,2018,6,17,2018,168,1.25
2018-06-18,2018,6,18,2018,169,12.99
2018-06-19,2018,6,19,2018,170,2.46
2018-06-20,2018,6,20,2018,171,0.6
2018-06-21,2018,6,21,2018,172,0.38
2018-06-22,2018,6,22,2018,173,1.47
2018-06-23,2018,6,23,2018,174,2.49
2018-06-24,2018,6,24,2018,175,7.36
2018-06-25,2018,6,25,2018,176,7.97
2018-06-26,2018,6,26,2018,177,16.28
2018-06-27,2018,6,27,2018,178,5.58
2018-06-28,2018,6,28,2018,179,11.08
2018-06-29,2018,6,29,2018,180,0.71
2018-06-30,2018,6,30,2018,181,1.2
2018-07-01,2018,7,1,2018,182,0.55
2018-07-02,2018,7,2,2018,183,0.15
2018-07-03,2018,7,3,2018,184,0.01
2018-07-04,2018,7,4,2018,185,0.04
2018-07-05,2018,7,5,2018,186,6.95
2018-07-06,2018,7,6,2018,187,17.09
2018-07-07,2018,7,7,2018,188,2.08
2018-07-08,2018,7,8,2018,189,18.0
2018-07-09,2018,7,9,2018,190,26.52
2018-07-10,2018,7,10,2018,191,1.9
2018-07-11,2018,7,11,2018,192,0.05
2018-07-12,2018,7,12,2018,193,0.01
2018-07-13,2018,7,13,2018,194,0.38
2018-07-14,2018,7,14,2018,195,0.35
2018-07-15,2018,7,15,2018,196,0.01
2018-07-16,2018,7,16,2018,197,0.12
2018-07-17,2018,7,17,2018,198,0.81
2018-07-18,2018,7,18,2018,199,0.43
2018-07-19,2018,7,19,2018,200,1.65
2018-07-20,2018,7,20,2018,201,1.35
2018-07-21,2018,7,21,2018,202,0.01
2018-07-22,2018,7,22,2018,203,0.38
2018-07-23,2018,7,23,2018,204,0.21
2018-07-24,2018,7,24,2018,205,0.25
2018-07-25,2018,7,25,2018,206,6.43
2018-07-26,2018,7,26,2018,207,13.73
2018-07-27,2018,7,27,2018,208,30.73
2018-07-28,2018,7,28,2018,209,17.61
2018-07-29,2018,7,29,2018,210,71.86
2018-07-30,2018,7,30,2018,211,13.49
2018-07-31,2018,7,31,2018,212,0.24
2018-08-01,2018,8,1,2018,213,0.07
2018-08-02,2018,8,2,2018,214,0.18
2018-08-03,2018,8,3,2018,215,0.06
2018-08-04,2018,8,4,2018,216,0.03
2018-08-05,2018,8,5,2018,217,0.3
2018-08-06,2018,8,6,2018,218,0.56
2018-08-07,2018,8,7,2018,219,2.03
2018-08-08,2018,8,8,2018,220,0.82
2018-08-09,2018,8,9,2018,221,1.22
2018-08-10,2018,8,10,2018,222,24.83
2018-08-11,2018,8,11,2018,223,1.7
2018-08-12,2018,8,12,2018,224,0.12
2018-08-13,2018,8,13,2018,225,0.03
2018-08-14,2018,8,14,2018,226,0.8
2018-08-15,2018,8,15,2018,227,21.27
2018-08-16,2018,8,16,2018,228,10.2
2018-08-17,2018,8,17,2018,229,1.21
2018-08-18,2018,8,18,2018,230,3.27
2018-08-19,2018,8,19,2018,231,4.66
2018-08-20,2018,8,20,2018,232,3.08
2018-08-21,2018,8,21,2018,233,14.94
2018-08-22,2018,8,22,2018,234,14.44
2018-08-23,2018,8,23,2018,235,3.14
2018-08-24,2018,8,24,2018,236,0.17
2018-08-25,2018,8,25,2018,237,1.81
2018-08-26,2018,8,26,2018,238,0.3
2018-08-27,2018,8,27,2018,239,2.02
2018-08-28,2018,8,28,2018,240,0.17
2018-08-29,2018,8,29,2018,241,0.06
2018-08-30,2018,8,30,2018,242,1.83
2018-08-31,2018,8,31,2018,243,2.23
2018-09-01,2018,9,1,2018,244,0.18
2018-09-02,2018,9,2,2018,245,0.66
2018-09-03,2018,9,3,2018,246,3.97
2018-09-04,2018,9,4,2018,247,2.28
2018-09-05,2018,9,5,2018,248,0.44
2018-09-06,2018,9,6,2018,249,0.48
2018-09-07,2018,9,7,2018,250,1.62
2018-09-08,2018,9,8,2018,251,11.1
2018-09-09,2018,9,9,2018,252,20.76
2018-09-10,2018,9,10,2018,253,11.34
2018-09-11,2018,9,11,2018,254,0.97
2018-09-12,2018,9,12,2018,255,8.67
2018-09-13,2018,9,13,2018,256,3.16
2018-09-14,2018,9,14,2018,257,0.4
2018-09-15,2018,9,15,2018,258,11.82
2018-09-16,2018,9,16,2018,259,4.43
2018-09-17,2018,9,17,2018,260,12.21
2018-09-18,2018,9,18,2018,261,2.16
2018-09-19,2018,9,19,2018,262,0.28
2018-09-20,2018,9,20,2018,263,0.18
2018-09-21,2018,9,21,2018,264,0.19
2018-09-22,2018,9,22,2018,265,3.75
2018-09-23,2018,9,23,2018,266,30.0
2018-09-24,2018,9,24,2018,267,7.62
2018-09-25,2018,9,25,2018,268,1.92
2018-09-26,2018,9,26,2018,269,0.22
2018-09-27,2018,9,27,2018,270,1.33
2018-09-28,2018,9,28,2018,271,1.47
2018-09-29,2018,9,29,2018,272,1.81
2018-09-30,2018,9,30,2018,273,9.01
2018-10-01,2018,10,1,2018,274,8.69
2018-10-02,2018,10,2,2018,275,6.14
2018-10-03,2018,10,3,2018,276,3.67
2018-10-04,2018,10,4,2018,277,6.37
2018-10-05,2018,10,5,2018,278,14.19
2018-10-06,2018,10,6,2018,279,16.48
2018-10-07,2018,10,7,2018,280,25.89
2018-10-08,2018,10,8,2018,281,9.17
2018-10-09,2018,10,9,2018,282,4.91
2018-10-10,2018,10,10,2018,283,13.42
2018-10-11,2018,10,11,2018,284,6.37
2018-10-12,2018,10,12,2018,285,23.28
2018-10-13,2018,10,13,2018,286,6.03
2018-10-14,2018,10,14,2018,287,5.47
2018-10-15,2018,10,15,2018,288,12.26
2018-10-16,2018,10,16,2018,289,42.75
2018-10-17,2018,10,17,2018,290,5.14
2018-10-18,2018,10,18,2018,291,5.66
2018-10-19,2018,10,19,2018,292,1.37
2018-10-20,2018,10,20,2018,293,1.82
2018-10-21,2018,10,21,2018,294,0.45
2018-10-22,2018,10,22,2018,295,34.23
2018-10-23,2018,10,23,2018,296,32.32
2018-10-24,2018,10,24,2018,297,14.51
2018-10-25,2018,10,25,2018,298,11.36
2018-10-26,2018,10,26,2018,299,2.31
2018-10-27,2018,10,27,2018,300,1.17
2018-10-28,2018,10,28,2018,301,5.07
2018-10-29,2018,10,29,2018,302,0.77
2018-10-30,2018,10,30,2018,303,17.23
2018-10-31,2018,10,31,2018,304,17.32
2018-11-01,2018,11,1,2018,305,3.67
2018-11-02,2018,11,2,2018,306,1.38
2018-11-03,2018,11,3,2018,307,2.5
2018-11-04,2018,11,4,2018,308,29.11
2018-11-05,2018,11,5,2018,309,10.17
2018-11-06,2018,11,6,2018,310,27.34
2018-11-07,2018,11,7,2018,311,3.15
2018-11-08,2018,11,8,2018,312,17.88
2018-11-09,2018,11,9,2018,313,26.69
2018-11-10,2018,11,10,2018,314,14.35
2018-11-11,2018,11,11,2018,315,52.19
2018-11-12,2018,11,12,2018,316,12.48
2018-11-13,2018,11,13,2018,317,11.85
2018-11-14,2018,11,14,2018,318,3.58
2018-11-15,2018,11,15,2018,319,2.84
2018-11-16,2018,11,16,2018,320,21.9
2018-11-17,2018,11,17,2018,321,8.56
2018-11-18,2018,11,18,2018,322,39.26
2018-11-19,2018,11,19,2018,323,26.0
2018-11-20,2018,11,20,2018,324,1.58
2018-11-21,2018,11,21,2018,325,2.31
2018-11-22,2018,11,22,2018,326,25.08
2018-11-23,2018,11,23,2018,327,7.04
2018-11-24,2018,11,24,2018,328,5.17
2018-11-25,2018,11,25,2018,329,14.92
2018-11-26,2018,11,26,2018,330,10.81
2018-11-27,2018,11,27,2018,331,0.19
2018-11-28,2018,11,28,2018,332,0.53
2018-11-29,2018,11,29,2018,333,3.42
2018-11-30,2018,11,30,2018,334,4.95
2018-12-01,2018,12,1,2018,335,21.11
2018-12-02,2018,12,2,2018,336,4.41
2018-12-03,2018,12,3,2018,337,1.24
2018-12-04,2018,12,4,2018,338,8.0
2018-12-05,2018,12,5,2018,339,4.78
2018-12-06,2018,12,6,2018,340,17.61
2018-12-07,2018,12,7,2018,341,0.47
2018-12-08,2018,12,8,2018,342,4.42
2018-12-09,2018,12,9,2018,343,1.04
2018-12-10,2018,12,10,2018,344,9.09
2018-12-11,2018,12,11,2018,345,12.06
2018-12-12,2018,12,12,2018,346,4.02
2018-12-13,2018,12,13,2018,347,17.88
2018-12-14,2018,12,14,2018,348,0.48
2018-12-15,2018,12,15,2018,349,0.82
2018-12-16,2018,12,16,2018,350,2.8
2018-12-17,2018,12,17,2018,351,9.7
2018-12-18,2018,12,18,2018,352,7.86
2018-12-19,2018,12,19,2018,353,5.32
2018-12-20,2018,12,20,2018,354,1.13
2018-12-21,2018,12,21,2018,355,1.65
2018-12-22,2018,12,22,2018,356,2.58
2018-12-23,2018,12,23,2018,357,0.3
2018-12-24,2018,12,24,2018,358,0.18
2018-12-25,2018,12,25,2018,359,8.87
2018-12-26,2018,12,26,2018,360,2.64
2018-12-27,2018,12,27,2018,361,0.42
2018-12-28,2018,12,28,2018,362,5.5
2018-12-29,2018,12,29,2018,363,0.91
2018-12-30,2018,12,30,2018,364,3.86
2018-12-31,2018,12,31,2018,365,0.81
2019-01-01,2019,1,1,2019,1,0.15
2019-01-02,2019,1,2,2019,2,0.05
2019-01-03,2019,1,3,2019,3,0.0
2019-01-04,2019,1,4,2019,4,0.08
2019-01-05,2019,1,5,2019,5,0.0
2019-01-06,2019,1,6,2019,6,1.23
2019-01-07,2019,1,7,2019,7,6.87
2019-01-08,2019,1,8,2019,8,2.25
2019-01-09,2019,1,9,2019,9,4.8
2019-01-10,2019,1,10,2019,10,16.77
2019-01-11,2019,1,11,2019,11,9.76
2019-01-12,2019,1,12,2019,12,0.54
2019-01-13,2019,1,13,2019,13,0.12
2019-01-14,2019,1,14,2019,14,0.99
2019-01-15,2019,1,15,2019,15,0.44
2019-01-16,2019,1,16,2019,16,0.11
2019-01-17,2019,1,17,2019,17,1.15
2019-01-18,2019,1,18,2019,18,7.39
2019-01-19,2019,1,19,2019,19,1.64
2019-01-20,2019,1,20,2019,20,9.7
2019-01-21,2019,1,21,2019,21,4.85
2019-01-22,2019,1,22,2019,22,0.36
2019-01-23,2019,1,23,2019,23,0.06
2019-01-24,2019,1,24,2019,24,0.14
2019-01-25,2019,1,25,2019,25,0.05
2019-01-26,2019,1,26,2019,26,0.21
2019-01-27,2019,1,27,2019,27,4.41
2019-01-28,2019,1,28,2019,28,2.97
2019-01-29,2019,1,29,2019,29,0.6
2019-01-30,2019,1,30,2019,30,0.12
2019-01-31,2019,1,31,2019,31,12.89
2019-02-01,2019,2,1,2019,32,8.48
2019-02-02,2019,2,2,2019,33,1.17
2019-02-03,2019,2,3,2019,34,7.56
2019-02-04,2019,2,4,2019,35,6.83
2019-02-05,2019,2,5,2019,36,0.84
2019-02-06,2019,2,6,2019,37,0.02
2019-02-07,2019,2,7,2019,38,0.44
2019-02-08,2019,2,8,2019,39,0.1
2019-02-09,2019,2,9,2019,40,0.59
2019-02-10,2019,2,10,2019,41,1.7
2019-02-11,2019,2,11,2019,42,0.06
2019-02-12,2019,2,12,2019,43,0.0
2019-02-13,2019,2,13,2019,44,0.03
2019-02-14,2019,2,14,2019,45,0.1
2019-02-15,2019,2,15,2019,46,2.23
2019-02-16,2019,2,16,2019,47,2.24
2019-02-17,2019,2,17,2019,48,4.32
2019-02-18,2019,2,18,2019,49,0.63
2019-02-19,2019,2,19,2019,50,0.0
2019-02-20,2019,2,20,2019,51,14.63
2019-02-21,2019,2,21,2019,52,5.4
2019-02-22,2019,2,22,2019,53,1.02
2019-02-23,2019,2,23,2019,54,1.84
2019-02-24,2019,2,24,2019,55,0.5
2019-02-25,2019,2,25,2019,56,0.2
2019-02-26,2019,2,26,2019,57,0.47
2019-02-27,2019,2,27,2019,58,5.52
2019-02-28,2019,2,28,2019,59,6.63
2019-03-01,2019,3,1,2019,60,2.19
2019-03-02,2019,3,2,2019,61,0.23
2019-03-03,2019,3,3,2019,62,0.06
2019-03-04,2019,3,4,2019,63,1.11
2019-03-05,2019,3,5,2019,64,1.16
2019-03-06,2019,3,6,2019,65,0.06
2019-03-07,2019,3,7,2019,66,15.99
2019-03-08,2019,3,8,2019,67,4.32
2019-03-09,2019,3,9,2019,68,0.59
2019-03-10,2019,3,10,2019,69,11.88
2019-03-11,2019,3,11,2019,70,5.06
2019-03-12,2019,3,12,2019,71,11.54
2019-03-13,2019,3,13,2019,72,2.57
2019-03-14,2019,3,14,2019,73,2.97
2019-03-15,2019,3,15,2019,74,4.22
2019-03-16,2019,3,16,2019,75,0.86
2019-03-17,2019,3,17,2019,76,0.52
2019-03-18,2019,3,18,2019,77,0.46
2019-03-19,2019,3,19,2019,78,1.82
2019-03-20,2019,3,20,2019,79,1.7
2019-03-21,2019,3,21,2019,80,6.2
2019-03-22,2019,3,22,2019,81,0.02
2019-03-23,2019,3,23,2019,82,0.01
2019-03-24,2019,3,24,2019,83,0.07
2019-03-25,2019,3,25,2019,84,0.57
2019-03-26,2019,3,26,2019,85,0.08
2019-03-27,2019,3,27,2019,86,0.34
2019-03-28,2019,3,28,2019,87,3.16
2019-03-29,2019,3,29,2019,88,0.84
2019-03-30,2019,3,30,2019,89,1.35
2019-03-31,2019,3,31,2019,90,1.32
2019-04-01,2019,4,1,2019,91,23.29
2019-04-02,2019,4,2,2019,92,1.15
2019-04-03,2019,4,3,2019,93,3.43
2019-04-04,2019,4,4,2019,94,1.04
2019-04-05,2019,4,5,2019,95,2.42
2019-04-06,2019,4,6,2019,96,0.85
2019-04-07,2019,4,7,2019,97,7.79
2019-04-08,2019,4,8,2019,98,0.97
2019-04-09,2019,4,9,2019,99,11.48
2019-04-10,2019,4,10,2019,100,0.35
2019-04-11,2019,4,11,2019,101,0.01
2019-04-12,2019,4,12,2019,102,0.08
2019-04-13,2019,4,13,2019,103,5.83
2019-04-14,2019,4,14,2019,104,1.99
2019-04-15,2019,4,15,2019,105,1.94
2019-04-16,2019,4,16,2019,106,0.57
2019-04-17,2019,4,17,2019,107,0.17
2019-04-18,2019,4,18,2019,108,11.85
2019-04-19,2019,4,19,2019,109,3.4
2019-04-20,2019,4,20,2019,110,0.34
2019-04-21,2019,4,21,2019,111,0.04
2019-04-22,2019,4,22,2019,112,0.05
2019-04-23,2019,4,23,2019,113,0.14
2019-04-24,2019,4,24,2019,114,0.53
2019-04-25,2019,4,25,2019,115,2.8
2019-04-26,2019,4,26,2019,116,4.8
2019-04-27,2019,4,27,2019,117,14.25
2019-04-28,2019,4,28,2019,118,0.37
2019-04-29,2019,4,29,2019,119,1.27
2019-04-30,2019,4,30,2019,120,8.88
2019-05-01,2019,5,1,2019,121,3.8
2019-05-02,2019,5,2,2019,122,0.06
2019-05-03,2019,5,3,2019,123,1.53
2019-05-04,2019,5,4,2019,124,8.17
2019-05-05,2019,5,5,2019,125,1.77
2019-05-06,2019,5,6,2019,126,0.78
2019-05-07,2019,5,7,2019,127,8.13
2019-05-08,2019,5,8,2019,128,12.45
2019-05-09,2019,5,9,2019,129,11.59
2019-05-10,2019,5,10,2019,130,3.44
2019-05-11,2019,5,11,2019,131,0.16
2019-05-12,2019,5,12,2019,132,1.12
2019-05-13,2019,5,13,2019,133,3.09
2019-05-14,2019,5,14,2019,134,1.52
2019-05-15,2019,5,15,2019,135,2.58
2019-05-16,2019,5,16,2019,136,1.6
2019-05-17,2019,5,17,2019,137,0.03
2019-05-18,2019,5,18,2019,138,1.47
2019-05-19,2019,5,19,2019,139,0.43
2019-05-20,2019,5,20,2019,140,0.09
2019-05-21,2019,5,21,2019,141,0.36
2019-05-22,2019,5,22,2019,142,0.37
2019-05-23,2019,5,23,2019,143,1.1
2019-05-24,2019,5,24,2019,144,6.28
2019-05-25,2019,5,25,2019,145,5.11
2019-05-26,2019,5,26,2019,146,6.72
2019-05-27,2019,5,27,2019,147,1.2
2019-05-28,2019,5,28,2019,148,20.5
2019-05-29,2019,5,29,2019,149,10.54
2019-05-30,2019,5,30,2019,150,3.84
2019-05-31,2019,5,31,2019,151,11.12
2019-06-01,2019,6,1,2019,152,3.14
2019-06-02,2019,6,2,2019,153,6.4
2019-06-03,2019,6,3,2019,154,0.29
2019-06-04,2019,6,4,2019,155,8.6
2019-06-05,2019,6,5,2019,156,9.9
2019-06-06,2019,6,6,2019,157,8.09
2019-06-07,2019,6,7,2019,158,10.33
2019-06-08,2019,6,8,2019,159,1.44
2019-06-09,2019,6,9,2019,160,0.14
2019-06-10,2019,6,10,2019,161,1.21
2019-06-11,2019,6,11,2019,162,1.14
2019-06-12,2019,6,12,2019,163,0.16
2019-06-13,2019,6,13,2019,164,0.94
2019-06-14,2019,6,14,2019,165,1.46
2019-06-15,2019,6,15,2019,166,0.34
2019-06-16,2019,6,16,2019,167,0.1
2019-06-17,2019,6,17,2019,168,0.08
2019-06-18,2019,6,18,2019,169,1.61
2019-06-19,2019,6,19,2019,170,1.67
2019-06-20,2019,6,20,2019,171,3.79
2019-06-21,2019,6,21,2019,172,5.73
2019-06-22,2019,6,22,2019,173,10.5
2019-06-23,2019,6,23,2019,174,3.01
2019-06-24,2019,6,24,2019,175,0.89
2019-06-25,2019,6,25,2019,176,7.51
2019-06-26,2019,6,26,2019,177,0.12
2019-06-27,2019,6,27,2019,178,0.01
2019-06-28,2019,6,28,2019,179,0.03
2019-06-29,2019,6,29,2019,180,0.45
2019-06-30,2019,6,30,2019,181,0.12
2019-07-01,2019,7,1,2019,182,0.0
2019-07-02,2019,7,2,2019,183,0.0
2019-07-03,2019,7,3,2019,184,0.0
2019-07-04,2019,7,4,2019,185,0.0
2019-07-05,2019,7,5,2019,186,0.04
2019-07-06,2019,7,6,2019,187,0.05
2019-07-07,2019,7,7,2019,188,0.02
2019-07-08,2019,7,8,2019,189,0.79
2019-07-09,2019,7,9,2019,190,0.18
2019-07-10,2019,7,10,2019,191,0.77
2019-07-11,2019,7,11,2019,192,6.43
2019-07-12,2019,7,12,2019,193,7.87
2019-07-13,2019,7,13,2019,194,0.36
2019-07-14,2019,7,14,2019,195,0.56
2019-07-15,2019,7,15,2019,196,0.16
2019-07-16,2019,7,16,2019,197,0.25
2019-07-17,2019,7,17,2019,198,0.9
2019-07-18,2019,7,18,2019,199,10.52
2019-07-19,2019,7,19,2019,200,20.34
2019-07-20,2019,7,20,2019,201,39.87
2019-07-21,2019,7,21,2019,202,9.66
2019-07-22,2019,7,22,2019,203,0.36
2019-07-23,2019,7,23,2019,204,3.21
2019-07-24,2019,7,24,2019,205,0.76
2019-07-25,2019,7,25,2019,206,0.67
2019-07-26,2019,7,26,2019,207,0.04
2019-07-27,2019,7,27,2019,208,0.02
2019-07-28,2019,7,28,2019,209,0.0
2019-07-29,2019,7,29,2019,210,0.23
2019-07-30,2019,7,30,2019,211,0.31
2019-07-31,2019,7,31,2019,212,0.16
2019-08-01,2019,8,1,2019,213,0.12
2019-08-02,2019,8,2,2019,214,0.0
2019-08-03,2019,8,3,2019,215,0.0
2019-08-04,2019,8,4,2019,216,0.0
2019-08-05,2019,8,5,2019,217,0.01
2019-08-06,2019,8,6,2019,218,0.0
2019-08-07,2019,8,7,2019,219,0.0
2019-08-08,2019,8,8,2019,220,0.83
2019-08-09,2019,8,9,2019,221,3.91
2019-08-10,2019,8,10,2019,222,12.49
2019-08-11,2019,8,11,2019,223,5.0
2019-08-12,2019,8,12,2019,224,0.28
2019-08-13,2019,8,13,2019,225,3.58
2019-08-14,2019,8,14,2019,226,2.76
2019-08-15,2019,8,15,2019,227,0.63
2019-08-16,2019,8,16,2019,228,3.66
2019-08-17,2019,8,17,2019,229,0.12
2019-08-18,2019,8,18,2019,230,0.21
2019-08-19,2019,8,19,2019,231,0.07
2019-08-20,2019,8,20,2019,232,26.37
2019-08-21,2019,8,21,2019,233,31.54
2019-08-22,2019,8,22,2019,234,3.24
2019-08-23,2019,8,23,2019,235,12.16
2019-08-24,2019,8,24,2019,236,10.15
2019-08-25,2019,8,25,2019,237,1.33
2019-08-26,2019,8,26,2019,238,0.89
2019-08-27,2019,8,27,2019,239,0.08
2019-08-28,2019,8,28,2019,240,0.04
2019-08-29,2019,8,29,2019,241,0.91
2019-08-30,2019,8,30,2019,242,0.1
2019-08-31,2019,8,31,2019,243,1.63
2019-09-01,2019,9,1,2019,244,1.07
2019-09-02,2019,9,2,2019,245,0.37
2019-09-03,2019,9,3,2019,246,0.62
2019-09-04,2019,9,4,2019,247,14.38
2019-09-05,2019,9,5,2019,248,0.71
2019-09-06,2019,9,6,2019,249,16.92
2019-09-07,2019,9,7,2019,250,8.77
2019-09-08,2019,9,8,2019,251,1.48
2019-09-09,2019,9,9,2019,252,0.24
2019-09-10,2019,9,10,2019,253,1.37
2019-09-11,2019,9,11,2019,254,0.46
2019-09-12,2019,9,12,2019,255,0.23
2019-09-13,2019,9,13,2019,256,0.79
2019-09-14,2019,9,14,2019,257,0.3
2019-09-15,2019,9,15,2019,258,2.98
2019-09-16,2019,9,16,2019,259,0.82
2019-09-17,2019,9,17,2019,260,0.35
2019-09-18,2019,9,18,2019,261,0.64
2019-09-19,2019,9,19,2019,262,14.74
2019-09-20,2019,9,20,2019,263,4.62
2019-09-21,2019,9,21,2019,264,5.28
2019-09-22,2019,9,22,2019,265,3.25
2019-09-23,2019,9,23,2019,266,2.42
2019-09-24,2019,9,24,2019,267,4.76
2019-09-25,2019,9,25,2019,268,16.57
2019-09-26,2019,9,26,2019,269,2.18
2019-09-27,2019,9,27,2019,270,4.0
2019-09-28,2019,9,28,2019,271,2.41
2019-09-29,2019,9,29,2019,272,11.12
2019-09-30,2019,9,30,2019,273,12.89
2019-10-01,2019,10,1,2019,274,1.6
2019-10-02,2019,10,2,2019,275,1.87
2019-10-03,2019,10,3,2019,276,6.5
2019-10-04,2019,10,4,2019,277,3.31
2019-10-05,2019,10,5,2019,278,3.27
2019-10-06,2019,10,6,2019,279,4.88
2019-10-07,2019,10,7,2019,280,9.58
2019-10-08,2019,10,8,2019,281,28.71
2019-10-09,2019,10,9,2019,282,26.86
2019-10-10,2019,10,10,2019,283,3.19
2019-10-11,2019,10,11,2019,284,4.39
2019-10-12,2019,10,12,2019,285,5.44
2019-10-13,2019,10,13,2019,286,3.06
2019-10-14,2019,10,14,2019,287,4.71
2019-10-15,2019,10,15,2019,288,1.66
2019-10-16,2019,10,16,2019,289,11.12
2019-10-17,2019,10,17,2019,290,11.74
2019-10-18,2019,10,18,2019,291,8.04
2019-10-19,2019,10,19,2019,292,3.09
2019-10-20,2019,10,20,2019,293,5.96
2019-10-21,2019,10,21,2019,294,10.37
2019-10-22,2019,10,22,2019,295,7.03
2019-10-23,2019,10,23,2019,296,5.37
2019-10-24,2019,10,24,2019,297,13.89
2019-10-25,2019,10,25,2019,298,5.19
2019-10-26,2019,10,26,2019,299,13.75
2019-10-27,2019,10,27,2019,300,13.97
2019-10-28,2019,10,28,2019,301,1.56
2019-10-29,2019,10,29,2019,302,26.46
2019-10-30,2019,10,30,2019,303,12.76
2019-10-31,2019,10,31,2019,304,19.43
2019-11-01,2019,11,1,2019,305,0.94
2019-11-02,2019,11,2,2019,306,2.54
2019-11-03,2019,11,3,2019,307,0.16
2019-11-04,2019,11,4,2019,308,0.26
2019-11-05,2019,11,5,2019,309,1.17
2019-11-06,2019,11,6,2019,310,3.01
2019-11-07,2019,11,7,2019,311,15.54
2019-11-08,2019,11,8,2019,312,3.71
2019-11-09,2019,11,9,2019,313,0.36
2019-11-10,2019,11,10,2019,314,2.14
2019-11-11,2019,11,11,2019,315,9.01
2019-11-12,2019,11,12,2019,316,9.79
2019-11-13,2019,11,13,2019,317,26.34
2019-11-14,2019,11,14,2019,318,12.61
2019-11-15,2019,11,15,2019,319,11.25
2019-11-16,2019,11,16,2019,320,15.83
2019-11-17,2019,11,17,2019,321,9.81
2019-11-18,2019,11,18,2019,322,6.23
2019-11-19,2019,11,19,2019,323,4.95
2019-11-20,2019,11,20,2019,324,2.99
2019-11-21,2019,11,21,2019,325,5.79
2019-11-22,2019,11,22,2019,326,6.5
2019-11-23,2019,11,23,2019,327,2.61
2019-11-24,2019,11,24,2019,328,2.65
2019-11-25,2019,11,25,2019,329,3.03
2019-11-26,2019,11,26,2019,330,2.42
2019-11-27,2019,11,27,2019,331,4.64
2019-11-28,2019,11,28,2019,332,3.2
2019-11-29,2019,11,29,2019,333,2.55
2019-11-30,2019,11,30,2019,334,3.28
2019-12-01,2019,12,1,2019,335,24.34
2019-12-02,2019,12,2,2019,336,15.68
2019-12-03,2019,12,3,2019,337,8.51
2019-12-04,2019,12,4,2019,338,4.95
2019-12-05,2019,12,5,2019,339,3.69
2019-12-06,2019,12,6,2019,340,2.74
2019-12-07,2019,12,7,2019,341,2.19
2019-12-08,2019,12,8,2019,342,0.99
2019-12-09,2019,12,9,2019,343,1.11
2019-12-10,2019,12,10,2019,344,9.5
2019-12-11,2019,12,11,2019,345,3.82
2019-12-12,2019,12,12,2019,346,3.73
2019-12-13,2019,12,13,2019,347,0.24
2019-12-14,2019,12,14,2019,348,6.1
2019-12-15,2019,12,15,2019,349,44.8
2019-12-16,2019,12,16,2019,350,14.18
2019-12-17,2019,12,17,2019,351,1.41
2019-12-18,2019,12,18,2019,352,3.2
2019-12-19,2019,12,19,2019,353,1.76
2019-12-20,2019,12,20,2019,354,1.2
2019-12-21,2019,12,21,2019,355,1.06
2019-12-22,2019,12,22,2019,356,0.86
2019-12-23,2019,12,23,2019,357,0.25
2019-12-24,2019,12,24,2019,358,0.53
2019-12-25,2019,12,25,2019,359,1.17
2019-12-26,2019,12,26,2019,360,0.41
2019-12-27,2019,12,27,2019,361,0.11
2019-12-28,2019,12,28,2019,362,0.88
2019-12-29,2019,12,29,2019,363,2.65
2019-12-30,2019,12,30,2019,364,3.64
2019-12-31,2019,12,31,2019,365,0.24
2020-01-01,2020,1,1,2020,1,0.02
2020-01-02,2020,1,2,2020,2,0.05
2020-01-03,2020,1,3,2020,3,0.02
2020-01-04,2020,1,4,2020,4,0.15
2020-01-05,2020,1,5,2020,5,0.08
2020-01-06,2020,1,6,2020,6,1.79
2020-01-07,2020,1,7,2020,7,0.22
2020-01-08,2020,1,8,2020,8,0.01
2020-01-09,2020,1,9,2020,9,0.88
2020-01-10,2020,1,10,2020,10,0.62
2020-01-11,2020,1,11,2020,11,0.07
2020-01-12,2020,1,12,2020,12,0.11
2020-01-13,2020,1,13,2020,13,3.94
2020-01-14,2020,1,14,2020,14,2.15
2020-01-15,2020,1,15,2020,15,1.23
2020-01-16,2020,1,16,2020,16,0.63
2020-01-17,2020,1,17,2020,17,0.83
2020-01-18,2020,1,18,2020,18,0.04
2020-01-19,2020,1,19,2020,19,11.08
2020-01-20,2020,1,20,2020,20,17.73
2020-01-21,2020,1,21,2020,21,3.22
2020-01-22,2020,1,22,2020,22,9.65
2020-01-23,2020,1,23,2020,23,1.21
2020-01-24,2020,1,24,2020,24,14.36
2020-01-25,2020,1,25,2020,25,4.6
2020-01-26,2020,1,26,2020,26,0.1
2020-01-27,2020,1,27,2020,27,1.02
2020-01-28,2020,1,28,2020,28,12.03
2020-01-29,2020,1,29,2020,29,9.02
2020-01-30,2020,1,30,2020,30,0.2
2020-01-31,2020,1,31,2020,31,0.17
2020-02-01,2020,2,1,2020,32,0.16
2020-02-02,2020,2,2,2020,33,8.66
2020-02-03,2020,2,3,2020,34,0.19
2020-02-04,2020,2,4,2020,35,0.08
2020-02-05,2020,2,5,2020,36,0.01
2020-02-06,2020,2,6,2020,37,6.37
2020-02-07,2020,2,7,2020,38,5.69
2020-02-08,2020,2,8,2020,39,0.21
2020-02-09,2020,2,9,2020,40,0.01
2020-02-10,2020,2,10,2020,41,11.28
2020-02-11,2020,2,11,2020,42,6.15
2020-02-12,2020,2,12,2020,43,0.81
2020-02-13,2020,2,13,2020,44,29.76
2020-02-14,2020,2,14,2020,45,7.29
2020-02-15,2020,2,15,2020,46,6.05
2020-02-16,2020,2,16,2020,47,3.63
2020-02-17,2020,2,17,2020,48,0.17
2020-02-18,2020,2,18,2020,49,1.6
2020-02-19,2020,2,19,2020,50,1.41
2020-02-20,2020,2,20,2020,51,0.02
2020-02-21,2020,2,21,2020,52,0.39
2020-02-22,2020,2,22,2020,53,1.01
2020-02-23,2020,2,23,2020,54,1.2
2020-02-24,2020,2,24,2020,55,0.05
2020-02-25,2020,2,25,2020,56,3.12
2020-02-26,2020,2,26,2020,57,1.15
2020-02-27,2020,2,27,2020,58,7.22
2020-02-28,2020,2,28,2020,59,8.33
2020-02-29,2020,2,29,2020,60,0.2
2020-03-01,2020,3,1,2020,61,1.95
2020-03-02,2020,3,2,2020,62,0.14
2020-03-03,2020,3,3,2020,63,0.14
2020-03-04,2020,3,4,2020,64,0.11
2020-03-05,2020,3,5,2020,65,6.54
2020-03-06,2020,3,6,2020,66,2.08
2020-03-07,2020,3,7,2020,67,0.19
2020-03-08,2020,3,8,2020,68,0.38
2020-03-09,2020,3,9,2020,69,0.29
2020-03-10,2020,3,10,2020,70,9.06
2020-03-11,2020,3,11,2020,71,3.12
2020-03-12,2020,3,12,2020,72,4.35
2020-03-13,2020,3,13,2020,73,0.15
2020-03-14,2020,3,14,2020,74,0.06
2020-03-15,2020,3,15,2020,75,11.65
2020-03-16,2020,3,16,2020,76,3.54
2020-03-17,2020,3,17,2020,77,1.91
2020-03-18,2020,3,18,2020,78,0.24
2020-03-19,2020,3,19,2020,79,0.01
2020-03-20,2020,3,20,2020,80,0.02
2020-03-21,2020,3,21,2020,81,0.13
2020-03-22,2020,3,22,2020,82,0.48
2020-03-23,2020,3,23,2020,83,0.42
2020-03-24,2020,3,24,2020,84,0.07
2020-03-25,2020,3,25,2020,85,2.32
2020-03-26,2020,3,26,2020,86,27.47
2020-03-27,2020,3,27,2020,87,0.59
2020-03-28,2020,3,28,2020,88,0.39
2020-03-29,2020,3,29,2020,89,10.07
2020-03-30,2020,3,30,2020,90,5.79
2020-03-31,2020,3,31,2020,91,1.66
2020-04-01,2020,4,1,2020,92,1.9
2020-04-02,2020,4,2,2020,93,0.39
2020-04-03,2020,4,3,2020,94,0.69
2020-04-04,2020,4,4,2020,95,1.47
2020-04-05,2020,4,5,2020,96,5.52
2020-04-06,2020,4,6,2020,97,28.31
2020-04-07,2020,4,7,2020,98,19.27
2020-04-08,2020,4,8,2020,99,1.79
2020-04-09,2020,4,9,2020,100,13.41
2020-04-10,2020,4,10,2020,101,1.4
2020-04-11,2020,4,11,2020,102,0.24
2020-04-12,2020,4,12,2020,103,3.47
2020-04-13,2020,4,13,2020,104,86.97
2020-04-14,2020,4,14,2020,105,13.1
2020-04-15,2020,4,15,2020,106,0.55
2020-04-16,2020,4,16,2020,107,13.42
2020-04-17,2020,4,17,2020,108,69.21
2020-04-18,2020,4,18,2020,109,0.66
2020-04-19,2020,4,19,2020,110,6.68
2020-04-20,2020,4,20,2020,111,0.78
2020-04-21,2020,4,21,2020,112,1.95
2020-04-22,2020,4,22,2020,113,5.89
2020-04-23,2020,4,23,2020,114,5.75
2020-04-24,2020,4,24,2020,115,1.54
2020-04-25,2020,4,25,2020,116,6.22
2020-04-26,2020,4,26,2020,117,22.04
2020-04-27,2020,4,27,2020,118,3.96
2020-04-28,2020,4,28,2020,119,11.78
2020-04-29,2020,4,29,2020,120,9.66
2020-04-30,2020,4,30,2020,121,11.15
2020-05-01,2020,5,1,2020,122,6.36
2020-05-02,2020,5,2,2020,123,24.0
2020-05-03,2020,5,3,2020,124,21.83
2020-05-04,2020,5,4,2020,125,15.42
2020-05-05,2020,5,5,2020,126,13.08
2020-05-06,2020,5,6,2020,127,5.23
2020-05-07,2020,5,7,2020,128,33.58
2020-05-08,2020,5,8,2020,129,69.7
2020-05-09,2020,5,9,2020,130,54.9
2020-05-10,2020,5,10,2020,131,45.7
2020-05-11,2020,5,11,2020,132,32.42
2020-05-12,2020,5,12,2020,133,2.51
2020-05-13,2020,5,13,2020,134,19.04
2020-05-14,2020,5,14,2020,135,22.22
2020-05-15,2020,5,15,2020,136,10.71
2020-05-16,2020,5,16,2020,137,21.17
2020-05-17,2020,5,17,2020,138,3.76
2020-05-18,2020,5,18,2020,139,1.76
2020-05-19,2020,5,19,2020,140,29.22
2020-05-20,2020,5,20,2020,141,3.46
2020-05-21,2020,5,21,2020,142,0.49
2020-05-22,2020,5,22,2020,143,4.55
2020-05-23,2020,5,23,2020,144,1.59
2020-05-24,2020,5,24,2020,145,1.46
2020-05-25,2020,5,25,2020,146,6.06
2020-05-26,2020,5,26,2020,147,2.19
2020-05-27,2020,5,27,2020,148,0.14
2020-05-28,2020,5,28,2020,149,21.97
2020-05-29,2020,5,29,2020,150,16.72
2020-05-30,2020,5,30,2020,151,0.15
2020-05-31,2020,5,31,2020,152,1.58
2020-06-01,2020,6,1,2020,153,15.14
2020-06-02,2020,6,2,2020,154,8.51
2020-06-03,2020,6,3,2020,155,1.58
2020-06-04,2020,6,4,2020,156,6.52
2020-06-05,2020,6,5,2020,157,2.22
2020-06-06,2020,6,6,2020,158,0.42
2020-06-07,2020,6,7,2020,159,0.52
2020-06-08,2020,6,8,2020,160,0.38
2020-06-09,2020,6,9,2020,161,0.23
2020-06-10,2020,6,10,2020,162,0.25
2020-06-11,2020,6,11,2020,163,18.99
2020-06-12,2020,6,12,2020,164,4.94
2020-06-13,2020,6,13,2020,165,0.27
2020-06-14,2020,6,14,2020,166,0.49
2020-06-15,2020,6,15,2020,167,19.23
2020-06-16,2020,6,16,2020,168,3.2
2020-06-17,2020,6,17,2020,169,0.96
2020-06-18,2020,6,18,2020,170,1.62
2020-06-19,2020,6,19,2020,171,0.8
2020-06-20,2020,6,20,2020,172,22.07
2020-06-21,2020,6,21,2020,173,13.01
2020-06-22,2020,6,22,2020,174,12.41
2020-06-23,2020,6,23,2020,175,0.77
2020-06-24,2020,6,24,2020,176,3.92
2020-06-25,2020,6,25,2020,177,13.75
2020-06-26,2020,6,26,2020,178,4.3
2020-06-27,2020,6,27,2020,179,0.08
2020-06-28,2020,6,28,2020,180,0.04
2020-06-29,2020,6,29,2020,181,0.04
2020-06-30,2020,6,30,2020,182,9.17
2020-07-01,2020,7,1,2020,183,9.71
2020-07-02,2020,7,2,2020,184,0.22
2020-07-03,2020,7,3,2020,185,0.23
2020-07-04,2020,7,4,2020,186,0.59
2020-07-05,2020,7,5,2020,187,22.47
2020-07-06,2020,7,6,2020,188,3.12
2020-07-07,2020,7,7,2020,189,4.88
2020-07-08,2020,7,8,2020,190,3.17
2020-07-09,2020,7,9,2020,191,0.23
2020-07-10,2020,7,10,2020,192,4.51
2020-07-11,2020,7,11,2020,193,2.83
2020-07-12,2020,7,12,2020,194,1.42
2020-07-13,2020,7,13,2020,195,0.73
2020-07-14,2020,7,14,2020,196,0.08
2020-07-15,2020,7,15,2020,197,2.12
2020-07-16,2020,7,16,2020,198,4.68
2020-07-17,2020,7,17,2020,199,16.79
2020-07-18,2020,7,18,2020,200,2.27
2020-07-19,2020,7,19,2020,201,2.79
2020-07-20,2020,7,20,2020,202,2.2
2020-07-21,2020,7,21,2020,203,14.12
2020-07-22,2020,7,22,2020,204,8.69
2020-07-23,2020,7,23,2020,205,7.58
2020-07-24,2020,7,24,2020,206,2.62
2020-07-25,2020,7,25,2020,207,8.63
2020-07-26,2020,7,26,2020,208,31.82
2020-07-27,2020,7,27,2020,209,37.2
2020-07-28,2020,7,28,2020,210,41.8
2020-07-29,2020,7,29,2020,211,3.83
2020-07-30,2020,7,30,2020,212,1.69
2020-07-31,2020,7,31,2020,213,2.25
2020-08-01,2020,8,1,2020,214,0.94
2020-08-02,2020,8,2,2020,215,0.62
2020-08-03,2020,8,3,2020,216,0.89
2020-08-04,2020,8,4,2020,217,0.44
2020-08-05,2020,8,5,2020,218,0.02
2020-08-06,2020,8,6,2020,219,0.03
2020-08-07,2020,8,7,2020,220,0.1
2020-08-08,2020,8,8,2020,221,1.44
2020-08-09,2020,8,9,2020,222,0.4
2020-08-10,2020,8,10,2020,223,3.26
2020-08-11,2020,8,11,2020,224,0.27
2020-08-12,2020,8,12,2020,225,0.92
2020-08-13,2020,8,13,2020,226,0.59
2020-08-14,2020,8,14,2020,227,0.01
2020-08-15,2020,8,15,2020,228,0.01
2020-08-16,2020,8,16,2020,229,0.01
2020-08-17,2020,8,17,2020,230,0.02
2020-08-18,2020,8,18,2020,231,0.19
2020-08-19,2020,8,19,2020,232,0.29
2020-08-20,2020,8,20,2020,233,0.98
2020-08-21,2020,8,21,2020,234,1.15
2020-08-22,2020,8,22,2020,235,2.71
2020-08-23,2020,8,23,2020,236,6.99
2020-08-24,2020,8,24,2020,237,7.95
2020-08-25,2020,8,25,2020,238,5.92
2020-08-26,2020,8,26,2020,239,1.2
2020-08-27,2020,8,27,2020,240,1.27
2020-08-28,2020,8,28,2020,241,5.52
2020-08-29,2020,8,29,2020,242,12.98
2020-08-30,2020,8,30,2020,243,1.16
2020-08-31,2020,8,31,2020,244,16.89
2020-09-01,2020,9,1,2020,245,8.92
2020-09-02,2020,9,2,2020,246,0.24
2020-09-03,2020,9,3,2020,247,1.57
2020-09-04,2020,9,4,2020,248,0.58
2020-09-05,2020,9,5,2020,249,9.48
2020-09-06,2020,9,6,2020,250,4.63
2020-09-07,2020,9,7,2020,251,1.66
2020-09-08,2020,9,8,2020,252,10.13
2020-09-09,2020,9,9,2020,253,5.64
2020-09-10,2020,9,10,2020,254,7.78
2020-09-11,2020,9,11,2020,255,5.92
2020-09-12,2020,9,12,2020,256,3.15
2020-09-13,2020,9,13,2020,257,2.17
2020-09-14,2020,9,14,2020,258,2.9
2020-09-15,2020,9,15,2020,259,1.31
2020-09-16,2020,9,16,2020,260,0.79
2020-09-17,2020,9,17,2020,261,1.13
2020-09-18,2020,9,18,2020,262,3.45
2020-09-19,2020,9,19,2020,263,3.54
2020-09-20,2020,9,20,2020,264,1.64
2020-09-21,2020,9,21,2020,265,0.51
2020-09-22,2020,9,22,2020,266,0.23
2020-09-23,2020,9,23,2020,267,3.61
2020-09-24,2020,9,24,2020,268,27.15
2020-09-25,2020,9,25,2020,269,1.46
2020-09-26,2020,9,26,2020,270,1.72
2020-09-27,2020,9,27,2020,271,0.08
2020-09-28,2020,9,28,2020,272,0.65
2020-09-29,2020,9,29,2020,273,0.69
2020-09-30,2020,9,30,2020,274,3.73
2020-10-01,2020,10,1,2020,275,12.59
2020-10-02,2020,10,2,2020,276,3.29
2020-10-03,2020,10,3,2020,277,1.71
2020-10-04,2020,10,4,2020,278,7.91
2020-10-05,2020,10,5,2020,279,1.6
2020-10-06,2020,10,6,2020,280,10.82
2020-10-07,2020,10,7,2020,281,7.59
2020-10-08,2020,10,8,2020,282,2.39
2020-10-09,2020,10,9,2020,283,4.72
2020-10-10,2020,10,10,2020,284,14.27
2020-10-11,2020,10,11,2020,285,2.76
2020-10-12,2020,10,12,2020,286,13.71
2020-10-13,2020,10,13,2020,287,7.52
2020-10-14,2020,10,14,2020,288,3.39
2020-10-15,2020,10,15,2020,289,1.71
2020-10-16,2020,10,16,2020,290,1.37
2020-10-17,2020,10,17,2020,291,7.83
2020-10-18,2020,10,18,2020,292,2.15
2020-10-19,2020,10,19,2020,293,15.89
2020-10-20,2020,10,20,2020,294,10.19
2020-10-21,2020,10,21,2020,295,0.31
2020-10-22,2020,10,22,2020,296,2.09
2020-10-23,2020,10,23,2020,297,8.51
2020-10-24,2020,10,24,2020,298,4.76
2020-10-25,2020,10,25,2020,299,4.9
2020-10-26,2020,10,26,2020,300,1.24
2020-10-27,2020,10,27,2020,301,0.61
2020-10-28,2020,10,28,2020,302,0.22
2020-10-29,2020,10,29,2020,303,2.21
2020-10-30,2020,10,30,2020,304,2.44
2020-10-31,2020,10,31,2020,305,2.52
2020-11-01,2020,11,1,2020,306,1.25
2020-11-02,2020,11,2,2020,307,10.28
2020-11-03,2020,11,3,2020,308,10.17
2020-11-04,2020,11,4,2020,309,6.56
2020-11-05,2020,11,5,2020,310,1.03
2020-11-06,2020,11,6,2020,311,45.72
2020-11-07,2020,11,7,2020,312,14.16
2020-11-08,2020,11,8,2020,313,6.11
2020-11-09,2020,11,9,2020,314,6.15
2020-11-10,2020,11,10,2020,315,5.72
2020-11-11,2020,11,11,2020,316,4.93
2020-11-12,2020,11,12,2020,317,6.22
2020-11-13,2020,11,13,2020,318,31.36
2020-11-14,2020,11,14,2020,319,6.82
2020-11-15,2020,11,15,2020,320,17.1
2020-11-16,2020,11,16,2020,321,2.35
2020-11-17,2020,11,17,2020,322,16.29
2020-11-18,2020,11,18,2020,323,24.92
2020-11-19,2020,11,19,2020,324,8.04
2020-11-20,2020,11,20,2020,325,12.66
2020-11-21,2020,11,21,2020,326,9.64
2020-11-22,2020,11,22,2020,327,7.88
2020-11-23,2020,11,23,2020,328,5.93
2020-11-24,2020,11,24,2020,329,3.32
2020-11-25,2020,11,25,2020,330,8.84
2020-11-26,2020,11,26,2020,331,13.35
2020-11-27,2020,11,27,2020,332,16.03
2020-11-28,2020,11,28,2020,333,5.37
2020-11-29,2020,11,29,2020,334,1.05
2020-11-30,2020,11,30,2020,335,1.44
2020-12-01,2020,12,1,2020,336,16.33
2020-12-02,2020,12,2,2020,337,30.53
2020-12-03,2020,12,3,2020,338,5.76
2020-12-04,2020,12,4,2020,339,69.18
2020-12-05,2020,12,5,2020,340,54.94
2020-12-06,2020,12,6,2020,341,9.1
2020-12-07,2020,12,7,2020,342,4.07
2020-12-08,2020,12,8,2020,343,2.08
2020-12-09,2020,12,9,2020,344,0.9
2020-12-10,2020,12,10,2020,345,10.78
2020-12-11,2020,12,11,2020,346,9.45
2020-12-12,2020,12,12,2020,347,23.52
2020-12-13,2020,12,13,2020,348,6.22
2020-12-14,2020,12,14,2020,349,12.04
2020-12-15,2020,12,15,2020,350,8.65
2020-12-16,2020,12,16,2020,351,26.0
2020-12-17,2020,12,17,2020,352,8.44
2020-12-18,2020,12,18,2020,353,2.7
2020-12-19,2020,12,19,2020,354,2.8
2020-12-20,2020,12,20,2020,355,13.24
2020-12-21,2020,12,21,2020,356,15.38
2020-12-22,2020,12,22,2020,357,6.62
2020-12-23,2020,12,23,2020,358,0.93
2020-12-24,2020,12,24,2020,359,1.11
2020-12-25,2020,12,25,2020,360,7.22
2020-12-26,2020,12,26,2020,361,5.57
2020-12-27,2020,12,27,2020,362,0.9
2020-12-28,2020,12,28,2020,363,9.01
2020-12-29,2020,12,29,2020,364,0.6
2020-12-30,2020,12,30,2020,365,1.71
2020-12-31,2020,12,31,2020,366,3.01
2021-01-01,2021,1,1,2021,1,15.97
2021-01-02,2021,1,2,2021,2,20.14
2021-01-03,2021,1,3,2021,3,15.47
2021-01-04,2021,1,4,2021,4,10.88
2021-01-05,2021,1,5,2021,5,10.59
2021-01-06,2021,1,6,2021,6,0.76
2021-01-07,2021,1,7,2021,7,3.46
2021-01-08,2021,1,8,2021,8,4.63
2021-01-09,2021,1,9,2021,9,4.29
2021-01-10,2021,1,10,2021,10,10.12
2021-01-11,2021,1,11,2021,11,9.87
2021-01-12,2021,1,12,2021,12,14.74
2021-01-13,2021,1,13,2021,13,21.5
2021-01-14,2021,1,14,2021,14,4.31
2021-01-15,2021,1,15,2021,15,10.85
2021-01-16,2021,1,16,2021,16,22.24
2021-01-17,2021,1,17,2021,17,9.72
2021-01-18,2021,1,18,2021,18,4.14
2021-01-19,2021,1,19,2021,19,4.85
2021-01-20,2021,1,20,2021,20,7.46
2021-01-21,2021,1,21,2021,21,0.1
2021-01-22,2021,1,22,2021,22,0.88
2021-01-23,2021,1,23,2021,23,0.17
2021-01-24,2021,1,24,2021,24,6.64
2021-01-25,2021,1,25,2021,25,4.04
2021-01-26,2021,1,26,2021,26,0.55
2021-01-27,2021,1,27,2021,27,2.31
2021-01-28,2021,1,28,2021,28,1.17
2021-01-29,2021,1,29,2021,29,1.0
2021-01-30,2021,1,30,2021,30,0.68
2021-01-31,2021,1,31,2021,31,0.72
2021-02-01,2021,2,1,2021,32,2.8
2021-02-02,2021,2,2,2021,33,7.19
2021-02-03,2021,2,3,2021,34,1.89
2021-02-04,2021,2,4,2021,35,0.15
2021-02-05,2021,2,5,2021,36,0.5
2021-02-06,2021,2,6,2021,37,4.14
2021-02-07,2021,2,7,2021,38,3.09
2021-02-08,2021,2,8,2021,39,0.61
2021-02-09,2021,2,9,2021,40,27.81
2021-02-10,2021,2,10,2021,41,10.62
2021-02-11,2021,2,11,2021,42,2.15
2021-02-12,2021,2,12,2021,43,0.36
2021-02-13,2021,2,13,2021,44,17.62
2021-02-14,2021,2,14,2021,45,3.03
2021-02-15,2021,2,15,2021,46,0.1
2021-02-16,2021,2,16,2021,47,0.0
2021-02-17,2021,2,17,2021,48,0.0
2021-02-18,2021,2,18,2021,49,0.0
2021-02-19,2021,2,19,2021,50,0.04
2021-02-20,2021,2,20,2021,51,0.8
2021-02-21,2021,2,21,2021,52,0.12
2021-02-22,2021,2,22,2021,53,0.05
2021-02-23,2021,2,23,2021,54,0.03
2021-02-24,2021,2,24,2021,55,0.56
2021-02-25,2021,2,25,2021,56,0.68
2021-02-26,2021,2,26,2021,57,0.1
2021-02-27,2021,2,27,2021,58,0.01
2021-02-28,2021,2,28,2021,59,0.0
2021-03-01,2021,3,1,2021,60,0.03
2021-03-02,2021,3,2,2021,61,0.57
2021-03-03,2021,3,3,2021,62,5.47
2021-03-04,2021,3,4,2021,63,5.25
2021-03-05,2021,3,5,2021,64,2.36
2021-03-06,2021,3,6,2021,65,6.2
2021-03-07,2021,3,7,2021,66,5.88
2021-03-08,2021,3,8,2021,67,0.71
2021-03-09,2021,3,9,2021,68,1.79
2021-03-10,2021,3,10,2021,69,3.33
2021-03-11,2021,3,11,2021,70,0.1
2021-03-12,2021,3,12,2021,71,27.32
2021-03-13,2021,3,13,2021,72,12.94
2021-03-14,2021,3,14,2021,73,3.72
2021-03-15,2021,3,15,2021,74,7.89
2021-03-16,2021,3,16,2021,75,4.75
2021-03-17,2021,3,17,2021,76,2.11
2021-03-18,2021,3,18,2021,77,3.55
2021-03-19,2021,3,19,2021,78,3.49
2021-03-20,2021,3,20,2021,79,0.35
2021-03-21,2021,3,21,2021,80,0.27
2021-03-22,2021,3,22,2021,81,3.63
2021-03-23,2021,3,23,2021,82,19.25
2021-03-24,2021,3,24,2021,83,2.84
2021-03-25,2021,3,25,2021,84,7.46
2021-03-26,2021,3,26,2021,85,21.48
2021-03-27,2021,3,27,2021,86,12.99
2021-03-28,2021,3,28,2021,87,30.31
2021-03-29,2021,3,29,2021,88,24.9
2021-03-30,2021,3,30,2021,89,4.89
2021-03-31,2021,3,31,2021,90,8.71
2021-04-01,2021,4,1,2021,91,8.43
2021-04-02,2021,4,2,2021,92,7.09
2021-04-03,2021,4,3,2021,93,7.33
2021-04-04,2021,4,4,2021,94,36.89
2021-04-05,2021,4,5,2021,95,12.03
2021-04-06,2021,4,6,2021,96,25.43
2021-04-07,2021,4,7,2021,97,23.19
2021-04-08,2021,4,8,2021,98,0.56
2021-04-09,2021,4,9,2021,99,0.23
2021-04-10,2021,4,10,2021,100,2.49
2021-04-11,2021,4,11,2021,101,1.68
2021-04-12,2021,4,12,2021,102,2.89
2021-04-13,2021,4,13,2021,103,3.62
2021-04-14,2021,4,14,2021,104,4.76
2021-04-15,2021,4,15,2021,105,2.57
2021-04-16,2021,4,16,2021,106,1.48
2021-04-17,2021,4,17,2021,107,0.44
2021-04-18,2021,4,18,2021,108,0.55
2021-04-19,2021,4,19,2021,109,3.11
2021-04-20,2021,4,20,2021,110,0.09
2021-04-21,2021,4,21,2021,111,0.07
2021-04-22,2021,4,22,2021,112,0.78
2021-04-23,2021,4,23,2021,113,2.05
2021-04-24,2021,4,24,2021,114,4.37
2021-04-25,2021,4,25,2021,115,1.18
2021-04-26,2021,4,26,2021,116,1.06
2021-04-27,2021,4,27,2021,117,0.81
2021-04-28,2021,4,28,2021,118,6.06
2021-04-29,2021,4,29,2021,119,2.06
2021-04-30,2021,4,30,2021,120,3.62
2021-05-01,2021,5,1,2021,121,1.13
2021-05-02,2021,5,2,2021,122,1.24
2021-05-03,2021,5,3,2021,123,1.22
2021-05-04,2021,5,4,2021,124,3.95
2021-05-05,2021,5,5,2021,125,4.37
2021-05-06,2021,5,6,2021,126,5.76
2021-05-07,2021,5,7,2021,127,3.3
2021-05-08,2021,5,8,2021,128,6.4
2021-05-09,2021,5,9,2021,129,0.57
2021-05-10,2021,5,10,2021,130,0.12
2021-05-11,2021,5,11,2021,131,0.36
2021-05-12,2021,5,12,2021,132,1.33
2021-05-13,2021,5,13,2021,133,5.51
2021-05-14,2021,5,14,2021,134,6.92
2021-05-15,2021,5,15,2021,135,10.11
2021-05-16,2021,5,16,2021,136,6.13
2021-05-17,2021,5,17,2021,137,9.84
2021-05-18,2021,5,18,2021,138,2.33
2021-05-19,2021,5,19,2021,139,0.5
2021-05-20,2021,5,20,2021,140,12.81
2021-05-21,2021,5,21,2021,141,5.9
2021-05-22,2021,5,22,2021,142,0.04
2021-05-23,2021,5,23,2021,143,0.04
2021-05-24,2021,5,24,2021,144,0.04
2021-05-25,2021,5,25,2021,145,21.16
2021-05-26,2021,5,26,2021,146,12.03
2021-05-27,2021,5,27,2021,147,11.07
2021-05-28,2021,5,28,2021,148,1.18
2021-05-29,2021,5,29,2021,149,1.58
2021-05-30,2021,5,30,2021,150,1.24
2021-05-31,2021,5,31,2021,151,10.45
2021-06-01,2021,6,1,2021,152,4.64
2021-06-02,2021,6,2,2021,153,1.73
2021-06-03,2021,6,3,2021,154,2.14
2021-06-04,2021,6,4,2021,155,132.46
2021-06-05,2021,6,5,2021,156,4.19
2021-06-06,2021,6,6,2021,157,3.89
2021-06-07,2021,6,7,2021,158,3.77
2021-06-08,2021,6,8,2021,159,0.33
2021-06-09,2021,6,9,2021,160,0.73
2021-06-10,2021,6,10,2021,161,0.59
2021-06-11,2021,6,11,2021,162,1.31
2021-06-12,2021,6,12,2021,163,1.78
2021-06-13,2021,6,13,2021,164,1.31
2021-06-14,2021,6,14,2021,165,0.86
2021-06-15,2021,6,15,2021,166,0.7
2021-06-16,2021,6,16,2021,167,0.07
2021-06-17,2021,6,17,2021,168,0.07
2021-06-18,2021,6,18,2021,169,0.12
2021-06-19,2021,6,19,2021,170,4.87
2021-06-20,2021,6,20,2021,171,4.27
2021-06-21,2021,6,21,2021,172,1.46
2021-06-22,2021,6,22,2021,173,11.36
2021-06-23,2021,6,23,2021,174,2.0
2021-06-24,2021,6,24,2021,175,1.89
2021-06-25,2021,6,25,2021,176,9.14
2021-06-26,2021,6,26,2021,177,9.39
2021-06-27,2021,6,27,2021,178,5.93
2021-06-28,2021,6,28,2021,179,0.44
2021-06-29,2021,6,29,2021,180,2.3
2021-06-30,2021,6,30,2021,181,1.11
2021-07-01,2021,7,1,2021,182,0.32
2021-07-02,2021,7,2,2021,183,6.2
2021-07-03,2021,7,3,2021,184,8.7
2021-07-04,2021,7,4,2021,185,14.37
2021-07-05,2021,7,5,2021,186,56.92
2021-07-06,2021,7,6,2021,187,17.44
2021-07-07,2021,7,7,2021,188,0.32
2021-07-08,2021,7,8,2021,189,11.91
2021-07-09,2021,7,9,2021,190,23.49
2021-07-10,2021,7,10,2021,191,31.91
2021-07-11,2021,7,11,2021,192,12.78
2021-07-12,2021,7,12,2021,193,0.52
2021-07-13,2021,7,13,2021,194,10.42
2021-07-14,2021,7,14,2021,195,2.83
2021-07-15,2021,7,15,2021,196,3.39
2021-07-16,2021,7,16,2021,197,0.33
2021-07-17,2021,7,17,2021,198,0.05
2021-07-18,2021,7,18,2021,199,0.04
2021-07-19,2021,7,19,2021,200,0.03
2021-07-20,2021,7,20,2021,201,0.13
2021-07-21,2021,7,21,2021,202,2.61
2021-07-22,2021,7,22,2021,203,5.96
2021-07-23,2021,7,23,2021,204,1.35
2021-07-24,2021,7,24,2021,205,0.06
2021-07-25,2021,7,25,2021,206,0.01
2021-07-26,2021,7,26,2021,207,0.01
2021-07-27,2021,7,27,2021,208,0.0
2021-07-28,2021,7,28,2021,209,0.67
2021-07-29,2021,7,29,2021,210,0.78
2021-07-30,2021,7,30,2021,211,1.9
2021-07-31,2021,7,31,2021,212,6.52
2021-08-01,2021,8,1,2021,213,7.39
2021-08-02,2021,8,2,2021,214,0.45
2021-08-03,2021,8,3,2021,215,1.14
2021-08-04,2021,8,4,2021,216,1.52
2021-08-05,2021,8,5,2021,217,1.24
2021-08-06,2021,8,6,2021,218,0.01
2021-08-07,2021,8,7,2021,219,0.02
2021-08-08,2021,8,8,2021,220,0.03
2021-08-09,2021,8,9,2021,221,15.13
2021-08-10,2021,8,10,2021,222,44.76
2021-08-11,2021,8,11,2021,223,4.77
2021-08-12,2021,8,12,2021,224,2.29
2021-08-13,2021,8,13,2021,225,5.27
2021-08-14,2021,8,14,2021,226,3.24
2021-08-15,2021,8,15,2021,227,7.4
2021-08-16,2021,8,16,2021,228,6.58
2021-08-17,2021,8,17,2021,229,0.94
2021-08-18,2021,8,18,2021,230,3.35
2021-08-19,2021,8,19,2021,231,9.17
2021-08-20,2021,8,20,2021,232,3.42
2021-08-21,2021,8,21,2021,233,37.12
2021-08-22,2021,8,22,2021,234,11.96
2021-08-23,2021,8,23,2021,235,28.61
2021-08-24,2021,8,24,2021,236,3.82
2021-08-25,2021,8,25,2021,237,10.01
2021-08-26,2021,8,26,2021,238,1.8
2021-08-27,2021,8,27,2021,239,2.14
2021-08-28,2021,8,28,2021,240,1.06
2021-08-29,2021,8,29,2021,241,1.63
2021-08-30,2021,8,30,2021,242,5.79
2021-08-31,2021,8,31,2021,243,1.99
2021-09-01,2021,9,1,2021,244,1.71
2021-09-02,2021,9,2,2021,245,0.85
2021-09-03,2021,9,3,2021,246,0.14
2021-09-04,2021,9,4,2021,247,0.2
2021-09-05,2021,9,5,2021,248,0.01
2021-09-06,2021,9,6,2021,249,0.0
2021-09-07,2021,9,7,2021,250,0.99
2021-09-08,2021,9,8,2021,251,2.9
2021-09-09,2021,9,9,2021,252,2.11
2021-09-10,2021,9,10,2021,253,0.49
2021-09-11,2021,9,11,2021,254,18.42
2021-09-12,2021,9,12,2021,255,3.24
2021-09-13,2021,9,13,2021,256,1.64
2021-09-14,2021,9,14,2021,257,0.01
2021-09-15,2021,9,15,2021,258,0.99
2021-09-16,2021,9,16,2021,259,1.37
2021-09-17,2021,9,17,2021,260,0.51
2021-09-18,2021,9,18,2021,261,3.15
2021-09-19,2021,9,19,2021,262,6.17
2021-09-20,2021,9,20,2021,263,2.27
2021-09-21,2021,9,21,2021,264,0.1
2021-09-22,2021,9,22,2021,265,0.51
2021-09-23,2021,9,23,2021,266,0.12
2021-09-24,2021,9,24,2021,267,1.76
2021-09-25,2021,9,25,2021,268,1.24
2021-09-26,2021,9,26,2021,269,10.67
2021-09-27,2021,9,27,2021,270,5.56
2021-09-28,2021,9,28,2021,271,6.57
2021-09-29,2021,9,29,2021,272,9.19
2021-09-30,2021,9,30,2021,273,29.11
2021-10-01,2021,10,1,2021,274,21.37
2021-10-02,2021,10,2,2021,275,0.25
2021-10-03,2021,10,3,2021,276,12.65
2021-10-04,2021,10,4,2021,277,6.12
2021-10-05,2021,10,5,2021,278,0.94
2021-10-06,2021,10,6,2021,279,10.03
2021-10-07,2021,10,7,2021,280,7.22
2021-10-08,2021,10,8,2021,281,0.48
2021-10-09,2021,10,9,2021,282,0.09
2021-10-10,2021,10,10,2021,283,0.2
2021-10-11,2021,10,11,2021,284,0.05
2021-10-12,2021,10,12,2021,285,0.0
2021-10-13,2021,10,13,2021,286,0.02
2021-10-14,2021,10,14,2021,287,0.88
2021-10-15,2021,10,15,2021,288,0.35
2021-10-16,2021,10,16,2021,289,35.24
2021-10-17,2021,10,17,2021,290,17.04
2021-10-18,2021,10,18,2021,291,1.24
2021-10-19,2021,10,19,2021,292,10.57
2021-10-20,2021,10,20,2021,293,9.09
2021-10-21,2021,10,21,2021,294,0.86
2021-10-22,2021,10,22,2021,295,3.84
2021-10-23,2021,10,23,2021,296,14.28
2021-10-24,2021,10,24,2021,297,5.99
2021-10-25,2021,10,25,2021,298,3.51
2021-10-26,2021,10,26,2021,299,22.77
2021-10-27,2021,10,27,2021,300,12.84
2021-10-28,2021,10,28,2021,301,0.39
2021-10-29,2021,10,29,2021,302,10.82
2021-10-30,2021,10,30,2021,303,26.77
2021-10-31,2021,10,31,2021,304,2.26
2021-11-01,2021,11,1,2021,305,2.89
2021-11-02,2021,11,2,2021,306,4.57
2021-11-03,2021,11,3,2021,307,1.72
2021-11-04,2021,11,4,2021,308,6.81
2021-11-05,2021,11,5,2021,309,5.81
2021-11-06,2021,11,6,2021,310,37.88
2021-11-07,2021,11,7,2021,311,6.22
2021-11-08,2021,11,8,2021,312,27.89
2021-11-09,2021,11,9,2021,313,4.11
2021-11-10,2021,11,10,2021,314,9.9
2021-11-11,2021,11,11,2021,315,4.14
2021-11-12,2021,11,12,2021,316,2.4
2021-11-13,2021,11,13,2021,317,0.2
2021-11-14,2021,11,14,2021,318,1.9
2021-11-15,2021,11,15,2021,319,3.92
2021-11-16,2021,11,16,2021,320,14.2
2021-11-17,2021,11,17,2021,321,11.5
2021-11-18,2021,11,18,2021,322,0.28
2021-11-19,2021,11,19,2021,323,0.7
2021-11-20,2021,11,20,2021,324,3.66
2021-11-21,2021,11,21,2021,325,3.08
2021-11-22,2021,11,22,2021,326,1.71
2021-11-23,2021,11,23,2021,327,4.97
2021-11-24,2021,11,24,2021,328,5.01
2021-11-25,2021,11,25,2021,329,1.73
2021-11-26,2021,11,26,2021,330,1.33
2021-11-27,2021,11,27,2021,331,15.36
2021-11-28,2021,11,28,2021,332,15.87
2021-11-29,2021,11,29,2021,333,43.43
2021-11-30,2021,11,30,2021,334,17.88
2021-12-01,2021,12,1,2021,335,3.31
2021-12-02,2021,12,2,2021,336,1.76
2021-12-03,2021,12,3,2021,337,15.25
2021-12-04,2021,12,4,2021,338,3.28
2021-12-05,2021,12,5,2021,339,4.31
2021-12-06,2021,12,6,2021,340,1.75
2021-12-07,2021,12,7,2021,341,3.93
2021-12-08,2021,12,8,2021,342,1.08
2021-12-09,2021,12,9,2021,343,4.17
2021-12-10,2021,12,10,2021,344,3.0
2021-12-11,2021,12,11,2021,345,2.51
2021-12-12,2021,12,12,2021,346,3.32
2021-12-13,2021,12,13,2021,347,0.66
2021-12-14,2021,12,14,2021,348,1.53
2021-12-15,2021,12,15,2021,349,6.1
2021-12-16,2021,12,16,2021,350,5.42
2021-12-17,2021,12,17,2021,351,16.47
2021-12-18,2021,12,18,2021,352,22.52
2021-12-19,2021,12,19,2021,353,19.52
2021-12-20,2021,12,20,2021,354,28.22
2021-12-21,2021,12,21,2021,355,26.17
2021-12-22,2021,12,22,2021,356,0.02
2021-12-23,2021,12,23,2021,357,0.58
2021-12-24,2021,12,24,2021,358,0.01
2021-12-25,2021,12,25,2021,359,0.0
2021-12-26,2021,12,26,2021,360,0.0
2021-12-27,2021,12,27,2021,361,0.06
2021-12-28,2021,12,28,2021,362,0.21
2021-12-29,2021,12,29,2021,363,0.44
2021-12-30,2021,12,30,2021,364,79.05
2021-12-31,2021,12,31,2021,365,81.37
2022-01-01,2022,1,1,2022,1,26.54
2022-01-02,2022,1,2,2022,2,7.6
2022-01-03,2022,1,3,2022,3,6.08
2022-01-04,2022,1,4,2022,4,25.02
2022-01-05,2022,1,5,2022,5,2.06
2022-01-06,2022,1,6,2022,6,1.13
2022-01-07,2022,1,7,2022,7,0.34
2022-01-08,2022,1,8,2022,8,3.97
2022-01-09,2022,1,9,2022,9,4.45
2022-01-10,2022,1,10,2022,10,6.76
2022-01-11,2022,1,11,2022,11,2.41
2022-01-12,2022,1,12,2022,12,9.66
2022-01-13,2022,1,13,2022,13,4.46
2022-01-14,2022,1,14,2022,14,0.28
2022-01-15,2022,1,15,2022,15,0.67
2022-01-16,2022,1,16,2022,16,1.76
2022-01-17,2022,1,17,2022,17,5.49
2022-01-18,2022,1,18,2022,18,2.65
2022-01-19,2022,1,19,2022,19,0.47
2022-01-20,2022,1,20,2022,20,0.66
2022-01-21,2022,1,21,2022,21,1.45
2022-01-22,2022,1,22,2022,22,0.74
2022-01-23,2022,1,23,2022,23,3.11
2022-01-24,2022,1,24,2022,24,35.99
2022-01-25,2022,1,25,2022,25,6.16
2022-01-26,2022,1,26,2022,26,0.07
2022-01-27,2022,1,27,2022,27,0.03
2022-01-28,2022,1,28,2022,28,0.07
2022-01-29,2022,1,29,2022,29,0.05
2022-01-30,2022,1,30,2022,30,0.06
2022-01-31,2022,1,31,2022,31,0.65
2022-02-01,2022,2,1,2022,32,0.7
2022-02-02,2022,2,2,2022,33,1.06
2022-02-03,2022,2,3,2022,34,0.53
2022-02-04,2022,2,4,2022,35,1.82
2022-02-05,2022,2,5,2022,36,1.65
2022-02-06,2022,2,6,2022,37,37.09
2022-02-07,2022,2,7,2022,38,5.06
2022-02-08,2022,2,8,2022,39,0.95
2022-02-09,2022,2,9,2022,40,16.91
2022-02-10,2022,2,10,2022,41,7.93
2022-02-11,2022,2,11,2022,42,10.09
2022-02-12,2022,2,12,2022,43,2.26
2022-02-13,2022,2,13,2022,44,2.26
2022-02-14,2022,2,14,2022,45,6.07
2022-02-15,2022,2,15,2022,46,58.77
2022-02-16,2022,2,16,2022,47,39.79
2022-02-17,2022,2,17,2022,48,6.41
2022-02-18,2022,2,18,2022,49,14.4
2022-02-19,2022,2,19,2022,50,16.64
2022-02-20,2022,2,20,2022,51,0.17
2022-02-21,2022,2,21,2022,52,0.09
2022-02-22,2022,2,22,2022,53,4.3
2022-02-23,2022,2,23,2022,54,2.62
2022-02-24,2022,2,24,2022,55,1.52
2022-02-25,2022,2,25,2022,56,8.25
2022-02-26,2022,2,26,2022,57,41.91
2022-02-27,2022,2,27,2022,58,40.83
2022-02-28,2022,2,28,2022,59,17.56
2022-03-01,2022,3,1,2022,60,8.42
2022-03-02,2022,3,2,2022,61,1.8
2022-03-03,2022,3,3,2022,62,0.75
2022-03-04,2022,3,4,2022,63,0.97
2022-03-05,2022,3,5,2022,64,7.07
2022-03-06,2022,3,6,2022,65,1.3
2022-03-07,2022,3,7,2022,66,0.82
2022-03-08,2022,3,8,2022,67,8.38
2022-03-09,2022,3,9,2022,68,13.31
2022-03-10,2022,3,10,2022,69,12.17
2022-03-11,2022,3,11,2022,70,1.87
2022-03-12,2022,3,12,2022,71,1.06
2022-03-13,2022,3,13,2022,72,2.62
2022-03-14,2022,3,14,2022,73,2.72
2022-03-15,2022,3,15,2022,74,5.3
2022-03-16,2022,3,16,2022,75,4.03
2022-03-17,2022,3,17,2022,76,31.88
2022-03-18,2022,3,18,2022,77,7.26
2022-03-19,2022,3,19,2022,78,8.76
2022-03-20,2022,3,20,2022,79,5.17
2022-03-21,2022,3,21,2022,80,1.46
2022-03-22,2022,3,22,2022,81,0.85
2022-03-23,2022,3,23,2022,82,3.68
2022-03-24,2022,3,24,2022,83,1.99
2022-03-25,2022,3,25,2022,84,0.89
2022-03-26,2022,3,26,2022,85,1.79
2022-03-27,2022,3,27,2022,86,0.28
2022-03-28,2022,3,28,2022,87,0.07
2022-03-29,2022,3,29,2022,88,0.4
2022-03-30,2022,3,30,2022,89,0.89
2022-03-31,2022,3,31,2022,90,0.56
2022-04-01,2022,4,1,2022,91,3.01
2022-04-02,2022,4,2,2022,92,23.6
2022-04-03,2022,4,3,2022,93,26.3
2022-04-04,2022,4,4,2022,94,1.94
2022-04-05,2022,4,5,2022,95,10.89
2022-04-06,2022,4,6,2022,96,3.53
2022-04-07,2022,4,7,2022,97,1.7
2022-04-08,2022,4,8,2022,98,0.93
2022-04-09,2022,4,9,2022,99,0.8
2022-04-10,2022,4,10,2022,100,1.61
2022-04-11,2022,4,11,2022,101,0.86
2022-04-12,2022,4,12,2022,102,0.03
2022-04-13,2022,4,13,2022,103,0.03
2022-04-14,2022,4,14,2022,104,0.09
2022-04-15,2022,4,15,2022,105,0.02
2022-04-16,2022,4,16,2022,106,0.56
2022-04-17,2022,4,17,2022,107,0.67
2022-04-18,2022,4,18,2022,108,0.35
2022-04-19,2022,4,19,2022,109,5.83
2022-04-20,2022,4,20,2022,110,24.89
2022-04-21,2022,4,21,2022,111,2.11
2022-04-22,2022,4,22,2022,112,0.79
2022-04-23,2022,4,23,2022,113,1.06
2022-04-24,2022,4,24,2022,114,0.27
2022-04-25,2022,4,25,2022,115,6.23
2022-04-26,2022,4,26,2022,116,6.92
2022-04-27,2022,4,27,2022,117,0.12
2022-04-28,2022,4,28,2022,118,0.07
2022-04-29,2022,4,29,2022,119,0.72
2022-04-30,2022,4,30,2022,120,0.21
2022-05-01,2022,5,1,2022,121,0.53
2022-05-02,2022,5,2,2022,122,7.05
2022-05-03,2022,5,3,2022,123,18.48
2022-05-04,2022,5,4,2022,124,12.61
2022-05-05,2022,5,5,2022,125,20.76
2022-05-06,2022,5,6,2022,126,12.82
2022-05-07,2022,5,7,2022,127,5.29
2022-05-08,2022,5,8,2022,128,2.56
2022-05-09,2022,5,9,2022,129,1.06
2022-05-10,2022,5,10,2022,130,2.81
2022-05-11,2022,5,11,2022,131,1.22
2022-05-12,2022,5,12,2022,132,0.92
2022-05-13,2022,5,13,2022,133,0.57
2022-05-14,2022,5,14,2022,134,0.64
2022-05-15,2022,5,15,2022,135,0.85
2022-05-16,2022,5,16,2022,136,0.29
2022-05-17,2022,5,17,2022,137,0.02
2022-05-18,2022,5,18,2022,138,0.02
2022-05-19,2022,5,19,2022,139,0.02
2022-05-20,2022,5,20,2022,140,0.02
2022-05-21,2022,5,21,2022,141,1.13
2022-05-22,2022,5,22,2022,142,1.57
2022-05-23,2022,5,23,2022,143,0.4
2022-05-24,2022,5,24,2022,144,0.18
2022-05-25,2022,5,25,2022,145,0.23
2022-05-26,2022,5,26,2022,146,0.13
2022-05-27,2022,5,27,2022,147,0.55
2022-05-28,2022,5,28,2022,148,7.77
2022-05-29,2022,5,29,2022,149,2.03
2022-05-30,2022,5,30,2022,150,0.82
2022-05-31,2022,5,31,2022,151,2.61
2022-06-01,2022,6,1,2022,152,36.94
2022-06-02,2022,6,2,2022,153,3.78
2022-06-03,2022,6,3,2022,154,3.27
2022-06-04,2022,6,4,2022,155,0.84
2022-06-05,2022,6,5,2022,156,16.44
2022-06-06,2022,6,6,2022,157,24.71
2022-06-07,2022,6,7,2022,158,2.85
2022-06-08,2022,6,8,2022,159,0.11
2022-06-09,2022,6,9,2022,160,4.38
2022-06-10,2022,6,10,2022,161,6.05
2022-06-11,2022,6,11,2022,162,18.74
2022-06-12,2022,6,12,2022,163,3.29
2022-06-13,2022,6,13,2022,164,7.37
2022-06-14,2022,6,14,2022,165,9.0
2022-06-15,2022,6,15,2022,166,32.72
2022-06-16,2022,6,16,2022,167,3.1
2022-06-17,2022,6,17,2022,168,0.2
2022-06-18,2022,6,18,2022,169,11.9
2022-06-19,2022,6,19,2022,170,2.45
2022-06-20,2022,6,20,2022,171,9.39
2022-06-21,2022,6,21,2022,172,12.1
2022-06-22,2022,6,22,2022,173,6.2
2022-06-23,2022,6,23,2022,174,20.22
2022-06-24,2022,6,24,2022,175,1.53
2022-06-25,2022,6,25,2022,176,0.64
2022-06-26,2022,6,26,2022,177,0.52
2022-06-27,2022,6,27,2022,178,2.51
2022-06-28,2022,6,28,2022,179,0.56
2022-06-29,2022,6,29,2022,180,0.96
2022-06-30,2022,6,30,2022,181,0.19
2022-07-01,2022,7,1,2022,182,12.27
2022-07-02,2022,7,2,2022,183,5.04
2022-07-03,2022,7,3,2022,184,3.55
2022-07-04,2022,7,4,2022,185,4.12
2022-07-05,2022,7,5,2022,186,0.42
2022-07-06,2022,7,6,2022,187,0.03
2022-07-07,2022,7,7,2022,188,0.17
2022-07-08,2022,7,8,2022,189,1.06
2022-07-09,2022,7,9,2022,190,1.24
2022-07-10,2022,7,10,2022,191,0.34
2022-07-11,2022,7,11,2022,192,1.85
2022-07-12,2022,7,12,2022,193,2.67
2022-07-13,2022,7,13,2022,194,0.13
2022-07-14,2022,7,14,2022,195,0.42
2022-07-15,2022,7,15,2022,196,0.69
2022-07-16,2022,7,16,2022,197,0.29
2022-07-17,2022,7,17,2022,198,0.01
2022-07-18,2022,7,18,2022,199,0.0
2022-07-19,2022,7,19,2022,200,0.0
2022-07-20,2022,7,20,2022,201,0.07
2022-07-21,2022,7,21,2022,202,7.04
2022-07-22,2022,7,22,2022,203,4.73
2022-07-23,2022,7,23,2022,204,4.72
2022-07-24,2022,7,24,2022,205,2.46
2022-07-25,2022,7,25,2022,206,5.94
2022-07-26,2022,7,26,2022,207,9.06
2022-07-27,2022,7,27,2022,208,4.47
2022-07-28,2022,7,28,2022,209,4.83
2022-07-29,2022,7,29,2022,210,3.61
2022-07-30,2022,7,30,2022,211,2.31
2022-07-31,2022,7,31,2022,212,0.86
2022-08-01,2022,8,1,2022,213,5.03
2022-08-02,2022,8,2,2022,214,21.27
2022-08-03,2022,8,3,2022,215,3.93
2022-08-04,2022,8,4,2022,216,0.82
2022-08-05,2022,8,5,2022,217,0.22
2022-08-06,2022,8,6,2022,218,0.67
2022-08-07,2022,8,7,2022,219,0.03
2022-08-08,2022,8,8,2022,220,0.01
2022-08-09,2022,8,9,2022,221,0.03
2022-08-10,2022,8,10,2022,222,0.02
2022-08-11,2022,8,11,2022,223,0.08
2022-08-12,2022,8,12,2022,224,0.2
2022-08-13,2022,8,13,2022,225,18.47
2022-08-14,2022,8,14,2022,226,9.51
2022-08-15,2022,8,15,2022,227,3.4
2022-08-16,2022,8,16,2022,228,1.89
2022-08-17,2022,8,17,2022,229,4.81
2022-08-18,2022,8,18,2022,230,27.13
2022-08-19,2022,8,19,2022,231,15.05
2022-08-20,2022,8,20,2022,232,3.43
2022-08-21,2022,8,21,2022,233,0.75
2022-08-22,2022,8,22,2022,234,1.6
2022-08-23,2022,8,23,2022,235,0.38
2022-08-24,2022,8,24,2022,236,0.95
2022-08-25,2022,8,25,2022,237,33.1
2022-08-26,2022,8,26,2022,238,8.88
2022-08-27,2022,8,27,2022,239,3.16
2022-08-28,2022,8,28,2022,240,2.72
2022-08-29,2022,8,29,2022,241,8.57
2022-08-30,2022,8,30,2022,242,24.49
2022-08-31,2022,8,31,2022,243,3.37
2022-09-01,2022,9,1,2022,244,7.51
2022-09-02,2022,9,2,2022,245,7.4
2022-09-03,2022,9,3,2022,246,7.53
2022-09-04,2022,9,4,2022,247,0.42
2022-09-05,2022,9,5,2022,248,0.01
2022-09-06,2022,9,6,2022,249,1.06
2022-09-07,2022,9,7,2022,250,6.58
2022-09-08,2022,9,8,2022,251,0.13
2022-09-09,2022,9,9,2022,252,0.01
2022-09-10,2022,9,10,2022,253,0.03
2022-09-11,2022,9,11,2022,254,0.03
2022-09-12,2022,9,12,2022,255,0.03
2022-09-13,2022,9,13,2022,256,0.61
2022-09-14,2022,9,14,2022,257,1.41
2022-09-15,2022,9,15,2022,258,3.71
2022-09-16,2022,9,16,2022,259,0.63
2022-09-17,2022,9,17,2022,260,4.99
2022-09-18,2022,9,18,2022,261,1.4
2022-09-19,2022,9,19,2022,262,0.06
2022-09-20,2022,9,20,2022,263,0.23
2022-09-21,2022,9,21,2022,264,4.48
2022-09-22,2022,9,22,2022,265,0.49
2022-09-23,2022,9,23,2022,266,4.06
2022-09-24,2022,9,24,2022,267,3.06
2022-09-25,2022,9,25,2022,268,0.82
2022-09-26,2022,9,26,2022,269,1.9
2022-09-27,2022,9,27,2022,270,29.09
2022-09-28,2022,9,28,2022,271,11.81
2022-09-29,2022,9,29,2022,272,11.98
2022-09-30,2022,9,30,2022,273,4.42
2022-10-01,2022,10,1,2022,274,1.9
2022-10-02,2022,10,2,2022,275,0.86
2022-10-03,2022,10,3,2022,276,4.93
2022-10-04,2022,10,4,2022,277,97.66
2022-10-05,2022,10,5,2022,278,63.99
2022-10-06,2022,10,6,2022,279,29.52
2022-10-07,2022,10,7,2022,280,45.3
2022-10-08,2022,10,8,2022,281,9.82
2022-10-09,2022,10,9,2022,282,0.18
2022-10-10,2022,10,10,2022,283,0.03
2022-10-11,2022,10,11,2022,284,0.91
2022-10-12,2022,10,12,2022,285,0.5
2022-10-13,2022,10,13,2022,286,0.24
2022-10-14,2022,10,14,2022,287,6.96
2022-10-15,2022,10,15,2022,288,9.11
2022-10-16,2022,10,16,2022,289,13.97
2022-10-17,2022,10,17,2022,290,2.32
2022-10-18,2022,10,18,2022,291,8.6
2022-10-19,2022,10,19,2022,292,18.4
2022-10-20,2022,10,20,2022,293,18.99
2022-10-21,2022,10,21,2022,294,8.46
2022-10-22,2022,10,22,2022,295,1.4
2022-10-23,2022,10,23,2022,296,2.94
2022-10-24,2022,10,24,2022,297,0.45
2022-10-25,2022,10,25,2022,298,4.09
2022-10-26,2022,10,26,2022,299,14.63
2022-10-27,2022,10,27,2022,300,5.26
2022-10-28,2022,10,28,2022,301,3.69
2022-10-29,2022,10,29,2022,302,6.59
2022-10-30,2022,10,30,2022,303,8.79
2022-10-31,2022,10,31,2022,304,7.89
2022-11-01,2022,11,1,2022,305,3.36
2022-11-02,2022,11,2,2022,306,1.64
2022-11-03,2022,11,3,2022,307,16.18
2022-11-04,2022,11,4,2022,308,20.51
2022-11-05,2022,11,5,2022,309,15.54
2022-11-06,2022,11,6,2022,310,37.54
2022-11-07,2022,11,7,2022,311,15.9
2022-11-08,2022,11,8,2022,312,7.4
2022-11-09,2022,11,9,2022,313,0.65
2022-11-10,2022,11,10,2022,314,17.25
2022-11-11,2022,11,11,2022,315,18.42
2022-11-12,2022,11,12,2022,316,14.79
2022-11-13,2022,11,13,2022,317,17.01
2022-11-14,2022,11,14,2022,318,30.7
2022-11-15,2022,11,15,2022,319,12.87
2022-11-16,2022,11,16,2022,320,3.09
2022-11-17,2022,11,17,2022,321,1.12
2022-11-18,2022,11,18,2022,322,20.64
2022-11-19,2022,11,19,2022,323,10.76
2022-11-20,2022,11,20,2022,324,0.5
2022-11-21,2022,11,21,2022,325,4.56
2022-11-22,2022,11,22,2022,326,1.53
2022-11-23,2022,11,23,2022,327,3.7
2022-11-24,2022,11,24,2022,328,3.55
2022-11-25,2022,11,25,2022,329,6.26
2022-11-26,2022,11,26,2022,330,4.33
2022-11-27,2022,11,27,2022,331,0.06
2022-11-28,2022,11,28,2022,332,0.32
2022-11-29,2022,11,29,2022,333,2.28
2022-11-30,2022,11,30,2022,334,2.78
2022-12-01,2022,12,1,2022,335,5.35
2022-12-02,2022,12,2,2022,336,13.3
2022-12-03,2022,12,3,2022,337,11.87
2022-12-04,2022,12,4,2022,338,3.82
2022-12-05,2022,12,5,2022,339,11.43
2022-12-06,2022,12,6,2022,340,5.82
2022-12-07,2022,12,7,2022,341,20.13
2022-12-08,2022,12,8,2022,342,42.82
2022-12-09,2022,12,9,2022,343,14.25
2022-12-10,2022,12,10,2022,344,20.68
2022-12-11,2022,12,11,2022,345,16.0
2022-12-12,2022,12,12,2022,346,8.45
2022-12-13,2022,12,13,2022,347,37.61
2022-12-14,2022,12,14,2022,348,15.79
2022-12-15,2022,12,15,2022,349,7.94
2022-12-16,2022,12,16,2022,350,0.44
2022-12-17,2022,12,17,2022,351,29.7
2022-12-18,2022,12,18,2022,352,84.66
2022-12-19,2022,12,19,2022,353,30.37
2022-12-20,2022,12,20,2022,354,11.02
2022-12-21,2022,12,21,2022,355,5.98
2022-12-22,2022,12,22,2022,356,0.78
2022-12-23,2022,12,23,2022,357,0.1
2022-12-24,2022,12,24,2022,358,0.15
2022-12-25,2022,12,25,2022,359,0.18
2022-12-26,2022,12,26,2022,360,3.55
2022-12-27,2022,12,27,2022,361,6.06
2022-12-28,2022,12,28,2022,362,0.28
2022-12-29,2022,12,29,2022,363,5.18
2022-12-30,2022,12,30,2022,364,2.47
2022-12-31,2022,12,31,2022,365,0.01
2023-01-01,2023,1,1,2023,1,0.07
2023-01-02,2023,1,2,2023,2,0.63
2023-01-03,2023,1,3,2023,3,0.26
2023-01-04,2023,1,4,2023,4,0.45
2023-01-05,2023,1,5,2023,5,0.41
2023-01-06,2023,1,6,2023,6,10.75
2023-01-07,2023,1,7,2023,7,4.72
2023-01-08,2023,1,8,2023,8,1.57
2023-01-09,2023,1,9,2023,9,0.37
2023-01-10,2023,1,10,2023,10,0.24
2023-01-11,2023,1,11,2023,11,0.16
2023-01-12,2023,1,12,2023,12,1.14
2023-01-13,2023,1,13,2023,13,2.09
2023-01-14,2023,1,14,2023,14,1.22
2023-01-15,2023,1,15,2023,15,7.01
2023-01-16,2023,1,16,2023,16,4.23
2023-01-17,2023,1,17,2023,17,0.94
2023-01-18,2023,1,18,2023,18,0.35
2023-01-19,2023,1,19,2023,19,1.48
2023-01-20,2023,1,20,2023,20,31.23
2023-01-21,2023,1,21,2023,21,76.69
2023-01-22,2023,1,22,2023,22,39.22
2023-01-23,2023,1,23,2023,23,29.75
2023-01-24,2023,1,24,2023,24,10.78
2023-01-25,2023,1,25,2023,25,6.93
2023-01-26,2023,1,26,2023,26,12.07
2023-01-27,2023,1,27,2023,27,7.87
2023-01-28,2023,1,28,2023,28,4.68
2023-01-29,2023,1,29,2023,29,4.84
2023-01-30,2023,1,30,2023,30,2.8
2023-01-31,2023,1,31,2023,31,10.85
2023-02-01,2023,2,1,2023,32,0.96
2023-02-02,2023,2,2,2023,33,0.09
2023-02-03,2023,2,3,2023,34,11.76
2023-02-04,2023,2,4,2023,35,9.61
2023-02-05,2023,2,5,2023,36,2.31
2023-02-06,2023,2,6,2023,37,1.06
2023-02-07,2023,2,7,2023,38,0.84
2023-02-08,2023,2,8,2023,39,1.96
2023-02-09,2023,2,9,2023,40,2.1
2023-02-10,2023,2,10,2023,41,34.62
2023-02-11,2023,2,11,2023,42,1.78
2023-02-12,2023,2,12,2023,43,1.11
2023-02-13,2023,2,13,2023,44,1.14
2023-02-14,2023,2,14,2023,45,2.18
2023-02-15,2023,2,15,2023,46,1.39
2023-02-16,2023,2,16,2023,47,4.52
2023-02-17,2023,2,17,2023,48,3.98
2023-02-18,2023,2,18,2023,49,1.39
2023-02-19,2023,2,19,2023,50,5.14
2023-02-20,2023,2,20,2023,51,2.01
2023-02-21,2023,2,21,2023,52,1.74
2023-02-22,2023,2,22,2023,53,3.15
2023-02-23,2023,2,23,2023,54,0.31
2023-02-24,2023,2,24,2023,55,0.14
2023-02-25,2023,2,25,2023,56,0.06
2023-02-26,2023,2,26,2023,57,2.45
2023-02-27,2023,2,27,2023,58,1.76
2023-02-28,2023,2,28,2023,59,3.31
2023-03-01,2023,3,1,2023,60,5.26
2023-03-02,2023,3,2,2023,61,2.63
2023-03-03,2023,3,3,2023,62,3.39
2023-03-04,2023,3,4,2023,63,0.07
2023-03-05,2023,3,5,2023,64,0.25
2023-03-06,2023,3,6,2023,65,0.02
2023-03-07,2023,3,7,2023,66,1.65
2023-03-08,2023,3,8,2023,67,0.8
2023-03-09,2023,3,9,2023,68,7.06
2023-03-10,2023,3,10,2023,69,17.41
2023-03-11,2023,3,11,2023,70,2.06
2023-03-12,2023,3,12,2023,71,2.98
2023-03-13,2023,3,13,2023,72,6.28
2023-03-14,2023,3,14,2023,73,0.52
2023-03-15,2023,3,15,2023,74,0.78
2023-03-16,2023,3,16,2023,75,0.24
2023-03-17,2023,3,17,2023,76,0.1
2023-03-18,2023,3,18,2023,77,7.14
2023-03-19,2023,3,19,2023,78,1.37
2023-03-20,2023,3,20,2023,79,3.8
2023-03-21,2023,3,21,2023,80,0.18
2023-03-22,2023,3,22,2023,81,0.74
2023-03-23,2023,3,23,2023,82,2.54
2023-03-24,2023,3,24,2023,83,3.12
2023-03-25,2023,3,25,2023,84,1.51
2023-03-26,2023,3,26,2023,85,3.62
2023-03-27,2023,3,27,2023,86,3.91
2023-03-28,2023,3,28,2023,87,3.15
2023-03-29,2023,3,29,2023,88,0.42
2023-03-30,2023,3,30,2023,89,1.99
2023-03-31,2023,3,31,2023,90,0.78
2023-04-01,2023,4,1,2023,91,0.9
2023-04-02,2023,4,2,2023,92,15.6
2023-04-03,2023,4,3,2023,93,4.4
2023-04-04,2023,4,4,2023,94,1.07
2023-04-05,2023,4,5,2023,95,0.12
2023-04-06,2023,4,6,2023,96,0.16
2023-04-07,2023,4,7,2023,97,4.95
2023-04-08,2023,4,8,2023,98,2.53
2023-04-09,2023,4,9,2023,99,0.97
2023-04-10,2023,4,10,2023,100,0.22
2023-04-11,2023,4,11,2023,101,1.12
2023-04-12,2023,4,12,2023,102,0.23
2023-04-13,2023,4,13,2023,103,0.06
2023-04-14,2023,4,14,2023,104,0.03
2023-04-15,2023,4,15,2023,105,0.03
2023-04-16,2023,4,16,2023,106,4.02
2023-04-17,2023,4,17,2023,107,1.29
2023-04-18,2023,4,18,2023,108,0.9
2023-04-19,2023,4,19,2023,109,2.49
2023-04-20,2023,4,20,2023,110,2.49
2023-04-21,2023,4,21,2023,111,0.24
2023-04-22,2023,4,22,2023,112,0.38
2023-04-23,2023,4,23,2023,113,21.81
2023-04-24,2023,4,24,2023,114,2.28
2023-04-25,2023,4,25,2023,115,8.73
2023-04-26,2023,4,26,2023,116,1.25
2023-04-27,2023,4,27,2023,117,0.3
2023-04-28,2023,4,28,2023,118,0.1
2023-04-29,2023,4,29,2023,119,0.04
2023-04-30,2023,4,30,2023,120,0.03
2023-05-01,2023,5,1,2023,121,0.3
2023-05-02,2023,5,2,2023,122,4.34
2023-05-03,2023,5,3,2023,123,1.94
2023-05-04,2023,5,4,2023,124,52.81
2023-05-05,2023,5,5,2023,125,1.97
2023-05-06,2023,5,6,2023,126,3.22
2023-05-07,2023,5,7,2023,127,7.33
2023-05-08,2023,5,8,2023,128,16.32
2023-05-09,2023,5,9,2023,129,3.37
2023-05-10,2023,5,10,2023,130,0.07
2023-05-11,2023,5,11,2023,131,0.03
2023-05-12,2023,5,12,2023,132,0.03
2023-05-13,2023,5,13,2023,133,0.02
2023-05-14,2023,5,14,2023,134,1.16
2023-05-15,2023,5,15,2023,135,1.21
2023-05-16,2023,5,16,2023,136,0.27
2023-05-17,2023,5,17,2023,137,0.78
2023-05-18,2023,5,18,2023,138,49.29
2023-05-19,2023,5,19,2023,139,11.18
2023-05-20,2023,5,20,2023,140,0.73
2023-05-21,2023,5,21,2023,141,0.56
2023-05-22,2023,5,22,2023,142,1.18
2023-05-23,2023,5,23,2023,143,0.47
2023-05-24,2023,5,24,2023,144,3.52
2023-05-25,2023,5,25,2023,145,6.38
2023-05-26,2023,5,26,2023,146,8.57
2023-05-27,2023,5,27,2023,147,1.02
2023-05-28,2023,5,28,2023,148,0.1
2023-05-29,2023,5,29,2023,149,1.77
2023-05-30,2023,5,30,2023,150,0.94
2023-05-31,2023,5,31,2023,151,4.54
2023-06-01,2023,6,1,2023,152,0.38
2023-06-02,2023,6,2,2023,153,1.5
2023-06-03,2023,6,3,2023,154,5.97
2023-06-04,2023,6,4,2023,155,0.66
2023-06-05,2023,6,5,2023,156,1.7
2023-06-06,2023,6,6,2023,157,4.88
2023-06-07,2023,6,7,2023,158,0.39
2023-06-08,2023,6,8,2023,159,0.01
2023-06-09,2023,6,9,2023,160,0.09
2023-06-10,2023,6,10,2023,161,10.51
2023-06-11,2023,6,11,2023,162,2.88
2023-06-12,2023,6,12,2023,163,0.21
2023-06-13,2023,6,13,2023,164,0.27
2023-06-14,2023,6,14,2023,165,0.01
2023-06-15,2023,6,15,2023,166,6.96
2023-06-16,2023,6,16,2023,167,3.32
2023-06-17,2023,6,17,2023,168,5.11
2023-06-18,2023,6,18,2023,169,1.07
2023-06-19,2023,6,19,2023,170,0.01
2023-06-20,2023,6,20,2023,171,0.01
2023-06-21,2023,6,21,2023,172,0.31
2023-06-22,2023,6,22,2023,173,2.81
2023-06-23,2023,6,23,2023,174,0.85
2023-06-24,2023,6,24,2023,175,0.06
2023-06-25,2023,6,25,2023,176,2.73
2023-06-26,2023,6,26,2023,177,5.54
2023-06-27,2023,6,27,2023,178,50.26
2023-06-28,2023,6,28,2023,179,20.74
2023-06-29,2023,6,29,2023,180,20.18
2023-06-30,2023,6,30,2023,181,27.37
2023-07-01,2023,7,1,2023,182,5.29
2023-07-02,2023,7,2,2023,183,0.17
2023-07-03,2023,7,3,2023,184,0.19
2023-07-04,2023,7,4,2023,185,0.14
2023-07-05,2023,7,5,2023,186,0.05
2023-07-06,2023,7,6,2023,187,0.07
2023-07-07,2023,7,7,2023,188,0.84
2023-07-08,2023,7,8,2023,189,2.25
2023-07-09,2023,7,9,2023,190,2.67
2023-07-10,2023,7,10,2023,191,18.46
2023-07-11,2023,7,11,2023,192,3.65
2023-07-12,2023,7,12,2023,193,0.73
2023-07-13,2023,7,13,2023,194,4.58
2023-07-14,2023,7,14,2023,195,1.31
2023-07-15,2023,7,15,2023,196,0.13
2023-07-16,2023,7,16,2023,197,0.03
2023-07-17,2023,7,17,2023,198,0.04
2023-07-18,2023,7,18,2023,199,1.23
2023-07-19,2023,7,19,2023,200,12.28
2023-07-20,2023,7,20,2023,201,1.92
2023-07-21,2023,7,21,2023,202,0.03
2023-07-22,2023,7,22,2023,203,0.07
2023-07-23,2023,7,23,2023,204,0.01
2023-07-24,2023,7,24,2023,205,0.0
2023-07-25,2023,7,25,2023,206,0.15
2023-07-26,2023,7,26,2023,207,0.18
2023-07-27,2023,7,27,2023,208,0.04
2023-07-28,2023,7,28,2023,209,0.01
2023-07-29,2023,7,29,2023,210,1.53
2023-07-30,2023,7,30,2023,211,7.74
2023-07-31,2023,7,31,2023,212,13.41
2023-08-01,2023,8,1,2023,213,1.43
2023-08-02,2023,8,2,2023,214,0.21
2023-08-03,2023,8,3,2023,215,0.03
2023-08-04,2023,8,4,2023,216,0.41
2023-08-05,2023,8,5,2023,217,0.36
2023-08-06,2023,8,6,2023,218,0.45
2023-08-07,2023,8,7,2023,219,30.4
2023-08-08,2023,8,8,2023,220,3.85
2023-08-09,2023,8,9,2023,221,6.19
2023-08-10,2023,8,10,2023,222,0.36
2023-08-11,2023,8,11,2023,223,3.39
2023-08-12,2023,8,12,2023,224,3.46
2023-08-13,2023,8,13,2023,225,5.17
2023-08-14,2023,8,14,2023,226,3.11
2023-08-15,2023,8,15,2023,227,0.38
2023-08-16,2023,8,16,2023,228,1.87
2023-08-17,2023,8,17,2023,229,1.95
2023-08-18,2023,8,18,2023,230,0.37
2023-08-19,2023,8,19,2023,231,0.25
2023-08-20,2023,8,20,2023,232,0.28
2023-08-21,2023,8,21,2023,233,55.38
2023-08-22,2023,8,22,2023,234,10.35
2023-08-23,2023,8,23,2023,235,1.09
2023-08-24,2023,8,24,2023,236,0.65
2023-08-25,2023,8,25,2023,237,11.45
2023-08-26,2023,8,26,2023,238,2.58
2023-08-27,2023,8,27,2023,239,0.11
2023-08-28,2023,8,28,2023,240,0.1
2023-08-29,2023,8,29,2023,241,5.03
2023-08-30,2023,8,30,2023,242,0.99
2023-08-31,2023,8,31,2023,243,7.67
2023-09-01,2023,9,1,2023,244,3.19
2023-09-02,2023,9,2,2023,245,0.4
2023-09-03,2023,9,3,2023,246,11.39
2023-09-04,2023,9,4,2023,247,13.55
2023-09-05,2023,9,5,2023,248,2.97
2023-09-06,2023,9,6,2023,249,0.04
2023-09-07,2023,9,7,2023,250,0.05
2023-09-08,2023,9,8,2023,251,0.05
2023-09-09,2023,9,9,2023,252,5.41
2023-09-10,2023,9,10,2023,253,2.84
2023-09-11,2023,9,11,2023,254,0.33
2023-09-12,2023,9,12,2023,255,0.41
2023-09-13,2023,9,13,2023,256,0.41
2023-09-14,2023,9,14,2023,257,2.24
2023-09-15,2023,9,15,2023,258,3.03
2023-09-16,2023,9,16,2023,259,22.16
2023-09-17,2023,9,17,2023,260,5.71
2023-09-18,2023,9,18,2023,261,1.53
2023-09-19,2023,9,19,2023,262,2.29
2023-09-20,2023,9,20,2023,263,24.34
2023-09-21,2023,9,21,2023,264,10.24
2023-09-22,2023,9,22,2023,265,2.68
2023-09-23,2023,9,23,2023,266,49.1
2023-09-24,2023,9,24,2023,267,5.43
2023-09-25,2023,9,25,2023,268,6.71
2023-09-26,2023,9,26,2023,269,3.23
2023-09-27,2023,9,27,2023,270,2.63
2023-09-28,2023,9,28,2023,271,0.74
2023-09-29,2023,9,29,2023,272,0.89
2023-09-30,2023,9,30,2023,273,0.07
2023-10-01,2023,10,1,2023,274,8.26
2023-10-02,2023,10,2,2023,275,12.25
2023-10-03,2023,10,3,2023,276,4.06
2023-10-04,2023,10,4,2023,277,25.84
2023-10-05,2023,10,5,2023,278,36.95
2023-10-06,2023,10,6,2023,279,8.85
2023-10-07,2023,10,7,2023,280,6.73
2023-10-08,2023,10,8,2023,281,9.78
2023-10-09,2023,10,9,2023,282,10.67
2023-10-10,2023,10,10,2023,283,6.16
2023-10-11,2023,10,11,2023,284,4.79
2023-10-12,2023,10,12,2023,285,3.65
2023-10-13,2023,10,13,2023,286,24.67
2023-10-14,2023,10,14,2023,287,12.01
2023-10-15,2023,10,15,2023,288,3.67
2023-10-16,2023,10,16,2023,289,5.29
2023-10-17,2023,10,17,2023,290,3.61
2023-10-18,2023,10,18,2023,291,1.33
2023-10-19,2023,10,19,2023,292,3.85
2023-10-20,2023,10,20,2023,293,13.0
2023-10-21,2023,10,21,2023,294,1.44
2023-10-22,2023,10,22,2023,295,10.26
2023-10-23,2023,10,23,2023,296,8.28
2023-10-24,2023,10,24,2023,297,12.67
2023-10-25,2023,10,25,2023,298,12.17
2023-10-26,2023,10,26,2023,299,7.63
2023-10-27,2023,10,27,2023,300,7.64
2023-10-28,2023,10,28,2023,301,3.98
2023-10-29,2023,10,29,2023,302,7.87
2023-10-30,2023,10,30,2023,303,6.08
2023-10-31,2023,10,31,2023,304,10.07
2023-11-01,2023,11,1,2023,305,62.07
2023-11-02,2023,11,2,2023,306,15.12
2023-11-03,2023,11,3,2023,307,1.87
2023-11-04,2023,11,4,2023,308,1.99
2023-11-05,2023,11,5,2023,309,2.59
2023-11-06,2023,11,6,2023,310,15.1
2023-11-07,2023,11,7,2023,311,3.4
2023-11-08,2023,11,8,2023,312,4.98
2023-11-09,2023,11,9,2023,313,5.31
2023-11-10,2023,11,10,2023,314,5.11
2023-11-11,2023,11,11,2023,315,6.74
2023-11-12,2023,11,12,2023,316,2.76
2023-11-13,2023,11,13,2023,317,4.67
2023-11-14,2023,11,14,2023,318,1.8
2023-11-15,2023,11,15,2023,319,14.07
2023-11-16,2023,11,16,2023,320,4.23
2023-11-17,2023,11,17,2023,321,3.94
2023-11-18,2023,11,18,2023,322,3.01
2023-11-19,2023,11,19,2023,323,2.17
2023-11-20,2023,11,20,2023,324,1.99
2023-11-21,2023,11,21,2023,325,4.38
2023-11-22,2023,11,22,2023,326,2.37
2023-11-23,2023,11,23,2023,327,8.83
2023-11-24,2023,11,24,2023,328,6.51
2023-11-25,2023,11,25,2023,329,30.63
2023-11-26,2023,11,26,2023,330,8.01
2023-11-27,2023,11,27,2023,331,18.18
2023-11-28,2023,11,28,2023,332,15.06
2023-11-29,2023,11,29,2023,333,37.1
2023-11-30,2023,11,30,2023,334,7.51
2023-12-01,2023,12,1,2023,335,22.79
2023-12-02,2023,12,2,2023,336,21.86
2023-12-03,2023,12,3,2023,337,1.19
2023-12-04,2023,12,4,2023,338,13.91
2023-12-05,2023,12,5,2023,339,20.8
2023-12-06,2023,12,6,2023,340,7.38
2023-12-07,2023,12,7,2023,341,4.32
2023-12-08,2023,12,8,2023,342,0.86
2023-12-09,2023,12,9,2023,343,8.48
2023-12-10,2023,12,10,2023,344,11.07
2023-12-11,2023,12,11,2023,345,6.87
2023-12-12,2023,12,12,2023,346,5.53
2023-12-13,2023,12,13,2023,347,2.92
2023-12-14,2023,12,14,2023,348,1.25
2023-12-15,2023,12,15,2023,349,16.17
2023-12-16,2023,12,16,2023,350,3.4
2023-12-17,2023,12,17,2023,351,4.03
2023-12-18,2023,12,18,2023,352,2.42
2023-12-19,2023,12,19,2023,353,0.63
2023-12-20,2023,12,20,2023,354,2.51
2023-12-21,2023,12,21,2023,355,0.61
2023-12-22,2023,12,22,2023,356,3.26
2023-12-23,2023,12,23,2023,357,8.69
2023-12-24,2023,12,24,2023,358,83.25
2023-12-25,2023,12,25,2023,359,103.5
2023-12-26,2023,12,26,2023,360,7.63
2023-12-27,2023,12,27,2023,361,3.69
2023-12-28,2023,12,28,2023,362,7.96
2023-12-29,2023,12,29,2023,363,6.21
2023-12-30,2023,12,30,2023,364,4.59
2023-12-31,2023,12,31,2023,365,11.21
2024-01-01,2024,1,1,2024,1,6.08
2024-01-02,2024,1,2,2024,2,13.75
2024-01-03,2024,1,3,2024,3,2.02
2024-01-04,2024,1,4,2024,4,0.52
2024-01-05,2024,1,5,2024,5,11.83
2024-01-06,2024,1,6,2024,6,0.9
2024-01-07,2024,1,7,2024,7,2.82
2024-01-08,2024,1,8,2024,8,10.01
2024-01-09,2024,1,9,2024,9,4.11
2024-01-10,2024,1,10,2024,10,1.44
2024-01-11,2024,1,11,2024,11,0.14
2024-01-12,2024,1,12,2024,12,0.0
2024-01-13,2024,1,13,2024,13,0.0
2024-01-14,2024,1,14,2024,14,0.05
2024-01-15,2024,1,15,2024,15,0.03
2024-01-16,2024,1,16,2024,16,6.55
2024-01-17,2024,1,17,2024,17,11.15
2024-01-18,2024,1,18,2024,18,1.02
2024-01-19,2024,1,19,2024,19,0.42
2024-01-20,2024,1,20,2024,20,1.68
2024-01-21,2024,1,21,2024,21,0.75
2024-01-22,2024,1,22,2024,22,0.23
2024-01-23,2024,1,23,2024,23,0.39
2024-01-24,2024,1,24,2024,24,0.94
2024-01-25,2024,1,25,2024,25,18.25
2024-01-26,2024,1,26,2024,26,5.91
2024-01-27,2024,1,27,2024,27,6.27
2024-01-28,2024,1,28,2024,28,7.12
2024-01-29,2024,1,29,2024,29,5.93
2024-01-30,2024,1,30,2024,30,1.15
2024-01-31,2024,1,31,2024,31,0.16
2024-02-01,2024,2,1,2024,32,0.06
2024-02-02,2024,2,2,2024,33,0.23
2024-02-03,2024,2,3,2024,34,0.1
2024-02-04,2024,2,4,2024,35,3.2
2024-02-05,2024,2,5,2024,36,7.01
2024-02-06,2024,2,6,2024,37,0.79
2024-02-07,2024,2,7,2024,38,0.08
2024-02-08,2024,2,8,2024,39,0.13
2024-02-09,2024,2,9,2024,40,0.54
2024-02-10,2024,2,10,2024,41,0.46
2024-02-11,2024,2,11,2024,42,2.24
2024-02-12,2024,2,12,2024,43,11.96
2024-02-13,2024,2,13,2024,44,1.74
2024-02-14,2024,2,14,2024,45,0.97
2024-02-15,2024,2,15,2024,46,2.08
2024-02-16,2024,2,16,2024,47,6.5
2024-02-17,2024,2,17,2024,48,0.77
2024-02-18,2024,2,18,2024,49,1.87
2024-02-19,2024,2,19,2024,50,7.04
2024-02-20,2024,2,20,2024,51,5.8
2024-02-21,2024,2,21,2024,52,0.83
2024-02-22,2024,2,22,2024,53,2.53
2024-02-23,2024,2,23,2024,54,9.27
2024-02-24,2024,2,24,2024,55,0.89
2024-02-25,2024,2,25,2024,56,0.26
2024-02-26,2024,2,26,2024,57,0.42
2024-02-27,2024,2,27,2024,58,0.2
2024-02-28,2024,2,28,2024,59,0.43
2024-02-29,2024,2,29,2024,60,14.08
2024-03-01,2024,3,1,2024,61,1.71
2024-03-02,2024,3,2,2024,62,0.36
2024-03-03,2024,3,3,2024,63,0.79
2024-03-04,2024,3,4,2024,64,1.75
2024-03-05,2024,3,5,2024,65,4.42
2024-03-06,2024,3,6,2024,66,0.55
2024-03-07,2024,3,7,2024,67,7.4
2024-03-08,2024,3,8,2024,68,11.46
2024-03-09,2024,3,9,2024,69,2.3
2024-03-10,2024,3,10,2024,70,0.71
2024-03-11,2024,3,11,2024,71,0.06
2024-03-12,2024,3,12,2024,72,0.0
2024-03-13,2024,3,13,2024,73,0.03
2024-03-14,2024,3,14,2024,74,0.84
2024-03-15,2024,3,15,2024,75,0.72
2024-03-16,2024,3,16,2024,76,1.07
2024-03-17,2024,3,17,2024,77,0.06
2024-03-18,2024,3,18,2024,78,0.6
2024-03-19,2024,3,19,2024,79,1.67
2024-03-20,2024,3,20,2024,80,5.38
2024-03-21,2024,3,21,2024,81,0.37
2024-03-22,2024,3,22,2024,82,1.05
2024-03-23,2024,3,23,2024,83,0.29
2024-03-24,2024,3,24,2024,84,0.04
2024-03-25,2024,3,25,2024,85,1.82
2024-03-26,2024,3,26,2024,86,0.32
2024-03-27,2024,3,27,2024,87,10.45
2024-03-28,2024,3,28,2024,88,6.12
2024-03-29,2024,3,29,2024,89,3.3
2024-03-30,2024,3,30,2024,90,8.12
2024-03-31,2024,3,31,2024,91,2.23
2024-04-01,2024,4,1,2024,92,4.66
2024-04-02,2024,4,2,2024,93,9.37
2024-04-03,2024,4,3,2024,94,2.44
2024-04-04,2024,4,4,2024,95,1.25
2024-04-05,2024,4,5,2024,96,3.59
2024-04-06,2024,4,6,2024,97,0.7
2024-04-07,2024,4,7,2024,98,0.14
2024-04-08,2024,4,8,2024,99,1.12
2024-04-09,2024,4,9,2024,100,3.62
2024-04-10,2024,4,10,2024,101,5.79
2024-04-11,2024,4,11,2024,102,2.52
2024-04-12,2024,4,12,2024,103,1.17
2024-04-13,2024,4,13,2024,104,4.61
2024-04-14,2024,4,14,2024,105,1.93
2024-04-15,2024,4,15,2024,106,4.64
2024-04-16,2024,4,16,2024,107,13.78
2024-04-17,2024,4,17,2024,108,2.73
2024-04-18,2024,4,18,2024,109,17.75
2024-04-19,2024,4,19,2024,110,32.29
2024-04-20,2024,4,20,2024,111,24.74
2024-04-21,2024,4,21,2024,112,0.69
2024-04-22,2024,4,22,2024,113,1.84
2024-04-23,2024,4,23,2024,114,0.76
2024-04-24,2024,4,24,2024,115,0.33
2024-04-25,2024,4,25,2024,116,2.98
2024-04-26,2024,4,26,2024,117,0.38
2024-04-27,2024,4,27,2024,118,1.94
2024-04-28,2024,4,28,2024,119,2.16
2024-04-29,2024,4,29,2024,120,0.51
2024-04-30,2024,4,30,2024,121,2.48
2024-05-01,2024,5,1,2024,122,1.05
2024-05-02,2024,5,2,2024,123,2.37
2024-05-03,2024,5,3,2024,124,10.45
2024-05-04,2024,5,4,2024,125,10.75
2024-05-05,2024,5,5,2024,126,0.11
2024-05-06,2024,5,6,2024,127,9.54
2024-05-07,2024,5,7,2024,128,6.31
2024-05-08,2024,5,8,2024,129,0.24
2024-05-09,2024,5,9,2024,130,0.06
2024-05-10,2024,5,10,2024,131,4.53
2024-05-11,2024,5,11,2024,132,1.39
2024-05-12,2024,5,12,2024,133,26.84
2024-05-13,2024,5,13,2024,134,2.01
2024-05-14,2024,5,14,2024,135,1.71
2024-05-15,2024,5,15,2024,136,11.9
2024-05-16,2024,5,16,2024,137,8.65
2024-05-17,2024,5,17,2024,138,6.23
2024-05-18,2024,5,18,2024,139,11.39
2024-05-19,2024,5,19,2024,140,30.31
2024-05-20,2024,5,20,2024,141,8.44
2024-05-21,2024,5,21,2024,142,47.15
2024-05-22,2024,5,22,2024,143,16.39
2024-05-23,2024,5,23,2024,144,0.64
2024-05-24,2024,5,24,2024,145,0.15
2024-05-25,2024,5,25,2024,146,0.05
2024-05-26,2024,5,26,2024,147,1.0
2024-05-27,2024,5,27,2024,148,0.33
2024-05-28,2024,5,28,2024,149,0.68
2024-05-29,2024,5,29,2024,150,0.77
2024-05-30,2024,5,30,2024,151,0.44
2024-05-31,2024,5,31,2024,152,7.53
2024-06-01,2024,6,1,2024,153,0.34
2024-06-02,2024,6,2,2024,154,0.33
2024-06-03,2024,6,3,2024,155,0.97
2024-06-04,2024,6,4,2024,156,0.08
2024-06-05,2024,6,5,2024,157,0.79
2024-06-06,2024,6,6,2024,158,2.28
2024-06-07,2024,6,7,2024,159,0.76
2024-06-08,2024,6,8,2024,160,0.15
2024-06-09,2024,6,9,2024,161,0.03
2024-06-10,2024,6,10,2024,162,0.14
2024-06-11,2024,6,11,2024,163,0.01
2024-06-12,2024,6,12,2024,164,5.82
2024-06-13,2024,6,13,2024,165,3.57
2024-06-14,2024,6,14,2024,166,3.31
2024-06-15,2024,6,15,2024,167,18.86
2024-06-16,2024,6,16,2024,168,11.19
2024-06-17,2024,6,17,2024,169,2.72
2024-06-18,2024,6,18,2024,170,0.28
2024-06-19,2024,6,19,2024,171,1.32
2024-06-20,2024,6,20,2024,172,2.34
2024-06-21,2024,6,21,2024,173,1.62
2024-06-22,2024,6,22,2024,174,3.9
2024-06-23,2024,6,23,2024,175,3.92
2024-06-24,2024,6,24,2024,176,8.59
2024-06-25,2024,6,25,2024,177,3.93
2024-06-26,2024,6,26,2024,178,0.53
2024-06-27,2024,6,27,2024,179,62.22
2024-06-28,2024,6,28,2024,180,4.37
2024-06-29,2024,6,29,2024,181,2.22
2024-06-30,2024,6,30,2024,182,12.45
2024-07-01,2024,7,1,2024,183,0.22
2024-07-02,2024,7,2,2024,184,0.24
2024-07-03,2024,7,3,2024,185,0.23
2024-07-04,2024,7,4,2024,186,1.08
2024-07-05,2024,7,5,2024,187,0.11
2024-07-06,2024,7,6,2024,188,0.33
2024-07-07,2024,7,7,2024,189,2.17
2024-07-08,2024,7,8,2024,190,0.21
2024-07-09,2024,7,9,2024,191,1.33
2024-07-10,2024,7,10,2024,192,1.07
2024-07-11,2024,7,11,2024,193,2.92
2024-07-12,2024,7,12,2024,194,0.22
2024-07-13,2024,7,13,2024,195,0.04
2024-07-14,2024,7,14,2024,196,3.99
2024-07-15,2024,7,15,2024,197,0.65
2024-07-16,2024,7,16,2024,198,0.47
2024-07-17,2024,7,17,2024,199,0.12
2024-07-18,2024,7,18,2024,200,18.76
2024-07-19,2024,7,19,2024,201,2.72
2024-07-20,2024,7,20,2024,202,0.41
2024-07-21,2024,7,21,2024,203,0.0
2024-07-22,2024,7,22,2024,204,0.0
2024-07-23,2024,7,23,2024,205,0.07
2024-07-24,2024,7,24,2024,206,0.01
2024-07-25,2024,7,25,2024,207,0.02
2024-07-26,2024,7,26,2024,208,0.03
2024-07-27,2024,7,27,2024,209,0.06
2024-07-28,2024,7,28,2024,210,8.9
2024-07-29,2024,7,29,2024,211,2.21
2024-07-30,2024,7,30,2024,212,0.59
2024-07-31,2024,7,31,2024,213,31.9
2024-08-01,2024,8,1,2024,214,7.26
2024-08-02,2024,8,2,2024,215,0.27
2024-08-03,2024,8,3,2024,216,10.62
2024-08-04,2024,8,4,2024,217,8.51
2024-08-05,2024,8,5,2024,218,17.45
2024-08-06,2024,8,6,2024,219,9.5
2024-08-07,2024,8,7,2024,220,1.04
2024-08-08,2024,8,8,2024,221,0.79
2024-08-09,2024,8,9,2024,222,28.59
2024-08-10,2024,8,10,2024,223,28.41
2024-08-11,2024,8,11,2024,224,7.45
2024-08-12,2024,8,12,2024,225,0.24
2024-08-13,2024,8,13,2024,226,0.32
2024-08-14,2024,8,14,2024,227,0.39
2024-08-15,2024,8,15,2024,228,2.78
2024-08-16,2024,8,16,2024,229,3.69
2024-08-17,2024,8,17,2024,230,3.35
2024-08-18,2024,8,18,2024,231,7.72
2024-08-19,2024,8,19,2024,232,2.35
2024-08-20,2024,8,20,2024,233,2.83
2024-08-21,2024,8,21,2024,234,11.09
2024-08-22,2024,8,22,2024,235,6.93
2024-08-23,2024,8,23,2024,236,11.49
2024-08-24,2024,8,24,2024,237,2.68
2024-08-25,2024,8,25,2024,238,4.88
2024-08-26,2024,8,26,2024,239,11.78
2024-08-27,2024,8,27,2024,240,14.8
2024-08-28,2024,8,28,2024,241,6.84
2024-08-29,2024,8,29,2024,242,0.21
2024-08-30,2024,8,30,2024,243,0.16
2024-08-31,2024,8,31,2024,244,0.2
2024-09-01,2024,9,1,2024,245,0.41
2024-09-02,2024,9,2,2024,246,120.95
2024-09-03,2024,9,3,2024,247,29.64
2024-09-04,2024,9,4,2024,248,0.97
2024-09-05,2024,9,5,2024,249,0.7
2024-09-06,2024,9,6,2024,250,4.39
2024-09-07,2024,9,7,2024,251,3.51
2024-09-08,2024,9,8,2024,252,2.14
2024-09-09,2024,9,9,2024,253,0.28
2024-09-10,2024,9,10,2024,254,0.45
2024-09-11,2024,9,11,2024,255,2.57
2024-09-12,2024,9,12,2024,256,1.47
2024-09-13,2024,9,13,2024,257,0.95
2024-09-14,2024,9,14,2024,258,85.73
2024-09-15,2024,9,15,2024,259,3.24
2024-09-16,2024,9,16,2024,260,10.65
2024-09-17,2024,9,17,2024,261,19.24
2024-09-18,2024,9,18,2024,262,2.94
2024-09-19,2024,9,19,2024,263,4.17
2024-09-20,2024,9,20,2024,264,9.28
2024-09-21,2024,9,21,2024,265,1.32
2024-09-22,2024,9,22,2024,266,0.86
2024-09-23,2024,9,23,2024,267,0.9
2024-09-24,2024,9,24,2024,268,3.41
2024-09-25,2024,9,25,2024,269,1.31
2024-09-26,2024,9,26,2024,270,0.25
2024-09-27,2024,9,27,2024,271,3.4
2024-09-28,2024,9,28,2024,272,8.65
2024-09-29,2024,9,29,2024,273,2.0
2024-09-30,2024,9,30,2024,274,2.12
2024-10-01,2024,10,1,2024,275,0.56
2024-10-02,2024,10,2,2024,276,7.7
2024-10-03,2024,10,3,2024,277,10.57
2024-10-04,2024,10,4,2024,278,5.75
2024-10-05,2024,10,5,2024,279,23.02
2024-10-06,2024,10,6,2024,280,15.88
2024-10-07,2024,10,7,2024,281,8.8
2024-10-08,2024,10,8,2024,282,9.0
2024-10-09,2024,10,9,2024,283,6.85
2024-10-10,2024,10,10,2024,284,12.84
2024-10-11,2024,10,11,2024,285,7.57
2024-10-12,2024,10,12,2024,286,2.35
2024-10-13,2024,10,13,2024,287,3.06
2024-10-14,2024,10,14,2024,288,6.31
2024-10-15,2024,10,15,2024,289,3.94
2024-10-16,2024,10,16,2024,290,0.97
2024-10-17,2024,10,17,2024,291,1.18
2024-10-18,2024,10,18,2024,292,0.84
2024-10-19,2024,10,19,2024,293,7.68
2024-10-20,2024,10,20,2024,294,0.74
2024-10-21,2024,10,21,2024,295,0.01
2024-10-22,2024,10,22,2024,296,0.0
2024-10-23,2024,10,23,2024,297,0.1
2024-10-24,2024,10,24,2024,298,3.19
2024-10-25,2024,10,25,2024,299,0.09
2024-10-26,2024,10,26,2024,300,0.01
2024-10-27,2024,10,27,2024,301,0.94
2024-10-28,2024,10,28,2024,302,0.27
2024-10-29,2024,10,29,2024,303,6.5
2024-10-30,2024,10,30,2024,304,2.74
2024-10-31,2024,10,31,2024,305,0.05
2024-11-01,2024,11,1,2024,306,2.36
2024-11-02,2024,11,2,2024,307,1.41
2024-11-03,2024,11,3,2024,308,0.2
2024-11-04,2024,11,4,2024,309,0.73
2024-11-05,2024,11,5,2024,310,2.18
2024-11-06,2024,11,6,2024,311,2.3
2024-11-07,2024,11,7,2024,312,2.08
2024-11-08,2024,11,8,2024,313,1.18
2024-11-09,2024,11,9,2024,314,0.48
2024-11-10,2024,11,10,2024,315,2.96
2024-11-11,2024,11,11,2024,316,17.15
2024-11-12,2024,11,12,2024,317,3.31
2024-11-13,2024,11,13,2024,318,1.33
2024-11-14,2024,11,14,2024,319,2.52
2024-11-15,2024,11,15,2024,320,1.03
2024-11-16,2024,11,16,2024,321,4.39
2024-11-17,2024,11,17,2024,322,7.47
2024-11-18,2024,11,18,2024,323,10.34
2024-11-19,2024,11,19,2024,324,13.29
2024-11-20,2024,11,20,2024,325,22.5
2024-11-21,2024,11,21,2024,326,21.83
2024-11-22,2024,11,22,2024,327,9.81
2024-11-23,2024,11,23,2024,328,15.95
2024-11-24,2024,11,24,2024,329,3.45
2024-11-25,2024,11,25,2024,330,6.87
2024-11-26,2024,11,26,2024,331,5.96
2024-11-27,2024,11,27,2024,332,2.3
2024-11-28,2024,11,28,2024,333,2.29
2024-11-29,2024,11,29,2024,334,1.67
2024-11-30,2024,11,30,2024,335,26.36
2024-12-01,2024,12,1,2024,336,18.6
2024-12-02,2024,12,2,2024,337,7.09
2024-12-03,2024,12,3,2024,338,21.64
2024-12-04,2024,12,4,2024,339,8.37
2024-12-05,2024,12,5,2024,340,4.18
2024-12-06,2024,12,6,2024,341,17.02
2024-12-07,2024,12,7,2024,342,2.43
2024-12-08,2024,12,8,2024,343,1.34
2024-12-09,2024,12,9,2024,344,3.77
2024-12-10,2024,12,10,2024,345,26.15
2024-12-11,2024,12,11,2024,346,3.37
2024-12-12,2024,12,12,2024,347,1.45
2024-12-13,2024,12,13,2024,348,24.01
2024-12-14,2024,12,14,2024,349,0.25
2024-12-15,2024,12,15,2024,350,12.02
2024-12-16,2024,12,16,2024,351,9.13
2024-12-17,2024,12,17,2024,352,1.62
2024-12-18,2024,12,18,2024,353,0.65
2024-12-19,2024,12,19,2024,354,4.59
2024-12-20,2024,12,20,2024,355,6.65
2024-12-21,2024,12,21,2024,356,3.32
2024-12-22,2024,12,22,2024,357,10.55
2024-12-23,2024,12,23,2024,358,7.71
2024-12-24,2024,12,24,2024,359,5.63
2024-12-25,2024,12,25,2024,360,1.21
2024-12-26,2024,12,26,2024,361,0.02
2024-12-27,2024,12,27,2024,362,1.12
2024-12-28,2024,12,28,2024,363,0.66
2024-12-29,2024,12,29,2024,364,4.16
2024-12-30,2024,12,30,2024,365,17.35
2024-12-31,2024,12,31,2024,366,14.9
2025-01-01,2025,1,1,2025,1,0.9
2025-01-02,2025,1,2,2025,2,11.1
2025-01-03,2025,1,3,2025,3,9.5
2025-01-04,2025,1,4,2025,4,6.31
2025-01-05,2025,1,5,2025,5,3.1
2025-01-06,2025,1,6,2025,6,23.64
2025-01-07,2025,1,7,2025,7,5.02
2025-01-08,2025,1,8,2025,8,9.72
2025-01-09,2025,1,9,2025,9,2.4
2025-01-10,2025,1,10,2025,10,0.14
2025-01-11,2025,1,11,2025,11,22.24
2025-01-12,2025,1,12,2025,12,25.25
2025-01-13,2025,1,13,2025,13,18.61
2025-01-14,2025,1,14,2025,14,5.28
2025-01-15,2025,1,15,2025,15,10.05
2025-01-16,2025,1,16,2025,16,15.62
2025-01-17,2025,1,17,2025,17,6.09
2025-01-18,2025,1,18,2025,18,10.02
2025-01-19,2025,1,19,2025,19,0.39
2025-01-20,2025,1,20,2025,20,0.13
2025-01-21,2025,1,21,2025,21,0.07
2025-01-22,2025,1,22,2025,22,1.65
2025-01-23,2025,1,23,2025,23,2.4
2025-01-24,2025,1,24,2025,24,4.66
2025-01-25,2025,1,25,2025,25,11.97
2025-01-26,2025,1,26,2025,26,3.67
2025-01-27,2025,1,27,2025,27,5.29
2025-01-28,2025,1,28,2025,28,4.87
2025-01-29,2025,1,29,2025,29,1.18
2025-01-30,2025,1,30,2025,30,0.19
2025-01-31,2025,1,31,2025,31,0.02
2025-02-01,2025,2,1,2025,32,0.02
2025-02-02,2025,2,2,2025,33,0.07
2025-02-03,2025,2,3,2025,34,0.01
2025-02-04,2025,2,4,2025,35,0.01
2025-02-05,2025,2,5,2025,36,0.42
2025-02-06,2025,2,6,2025,37,0.12
2025-02-07,2025,2,7,2025,38,0.01
2025-02-08,2025,2,8,2025,39,0.0
2025-02-09,2025,2,9,2025,40,0.07
2025-02-10,2025,2,10,2025,41,0.6
2025-02-11,2025,2,11,2025,42,1.35
2025-02-12,2025,2,12,2025,43,1.31
2025-02-13,2025,2,13,2025,44,11.39
2025-02-14,2025,2,14,2025,45,37.41
2025-02-15,2025,2,15,2025,46,3.35
2025-02-16,2025,2,16,2025,47,1.26
2025-02-17,2025,2,17,2025,48,10.04
2025-02-18,2025,2,18,2025,49,5.07
2025-02-19,2025,2,19,2025,50,0.32
2025-02-20,2025,2,20,2025,51,0.04
2025-02-21,2025,2,21,2025,52,0.21
2025-02-22,2025,2,22,2025,53,4.35
2025-02-23,2025,2,23,2025,54,3.29
2025-02-24,2025,2,24,2025,55,10.73
2025-02-25,2025,2,25,2025,56,8.03
2025-02-26,2025,2,26,2025,57,3.69
2025-02-27,2025,2,27,2025,58,2.97
2025-02-28,2025,2,28,2025,59,5.98
2025-03-01,2025,3,1,2025,60,3.77
2025-03-02,2025,3,2,2025,61,0.37
2025-03-03,2025,3,3,2025,62,0.09
2025-03-04,2025,3,4,2025,63,3.33
2025-03-05,2025,3,5,2025,64,5.83
2025-03-06,2025,3,6,2025,65,16.96
2025-03-07,2025,3,7,2025,66,3.71
2025-03-08,2025,3,8,2025,67,212.42
2025-03-09,2025,3,9,2025,68,84.97
2025-03-10,2025,3,10,2025,69,0.77
2025-03-11,2025,3,11,2025,70,0.92
2025-03-12,2025,3,12,2025,71,1.21
2025-03-13,2025,3,13,2025,72,12.64
2025-03-14,2025,3,14,2025,73,19.07
2025-03-15,2025,3,15,2025,74,0.97
2025-03-16,2025,3,16,2025,75,0.16
2025-03-17,2025,3,17,2025,76,0.07
2025-03-18,2025,3,18,2025,77,0.19
2025-03-19,2025,3,19,2025,78,0.47
2025-03-20,2025,3,20,2025,79,0.18
2025-03-21,2025,3,21,2025,80,0.14
2025-03-22,2025,3,22,2025,81,13.02
2025-03-23,2025,3,23,2025,82,19.51
2025-03-24,2025,3,24,2025,83,7.57
2025-03-25,2025,3,25,2025,84,12.02
2025-03-26,2025,3,26,2025,85,44.87
2025-03-27,2025,3,27,2025,86,16.69
2025-03-28,2025,3,28,2025,87,7.82
2025-03-29,2025,3,29,2025,88,3.51
2025-03-30,2025,3,30,2025,89,0.3
2025-03-31,2025,3,31,2025,90,1.57
2025-04-01,2025,4,1,2025,91,0.44
2025-04-02,2025,4,2,2025,92,0.11
2025-04-03,2025,4,3,2025,93,3.68
2025-04-04,2025,4,4,2025,94,7.18
2025-04-05,2025,4,5,2025,95,1.57
2025-04-06,2025,4,6,2025,96,8.12
2025-04-07,2025,4,7,2025,97,1.67
2025-04-08,2025,4,8,2025,98,13.12
2025-04-09,2025,4,9,2025,99,1.56
2025-04-10,2025,4,10,2025,100,33.06
2025-04-11,2025,4,11,2025,101,9.4
2025-04-12,2025,4,12,2025,102,8.51
2025-04-13,2025,4,13,2025,103,4.06
2025-04-14,2025,4,14,2025,104,0.25
2025-04-15,2025,4,15,2025,105,9.12
2025-04-16,2025,4,16,2025,106,9.21
2025-04-17,2025,4,17,2025,107,0.2
2025-04-18,2025,4,18,2025,108,0.1
2025-04-19,2025,4,19,2025,109,0.37
2025-04-20,2025,4,20,2025,110,5.0
2025-04-21,2025,4,21,2025,111,1.58
2025-04-22,2025,4,22,2025,112,43.84
2025-04-23,2025,4,23,2025,113,5.98
2025-04-24,2025,4,24,2025,114,0.71
2025-04-25,2025,4,25,2025,115,0.2
2025-04-26,2025,4,26,2025,116,0.6
2025-04-27,2025,4,27,2025,117,1.98
2025-04-28,2025,4,28,2025,118,8.91
2025-04-29,2025,4,29,2025,119,37.5
2025-04-30,2025,4,30,2025,120,9.67
2025-05-01,2025,5,1,2025,121,0.59
2025-05-02,2025,5,2,2025,122,0.57
2025-05-03,2025,5,3,2025,123,18.1
2025-05-04,2025,5,4,2025,124,18.76
2025-05-05,2025,5,5,2025,125,4.23
2025-05-06,2025,5,6,2025,126,2.48
2025-05-07,2025,5,7,2025,127,0.39
2025-05-08,2025,5,8,2025,128,0.51
2025-05-09,2025,5,9,2025,129,0.21
2025-05-10,2025,5,10,2025,130,0.47
2025-05-11,2025,5,11,2025,131,0.41
2025-05-12,2025,5,12,2025,132,12.43
2025-05-13,2025,5,13,2025,133,6.34
2025-05-14,2025,5,14,2025,134,3.54
2025-05-15,2025,5,15,2025,135,1.74
2025-05-16,2025,5,16,2025,136,30.65
2025-05-17,2025,5,17,2025,137,5.18
2025-05-18,2025,5,18,2025,138,0.14
2025-05-19,2025,5,19,2025,139,0.21
2025-05-20,2025,5,20,2025,140,0.15
2025-05-21,2025,5,21,2025,141,0.48
2025-05-22,2025,5,22,2025,142,0.86
2025-05-23,2025,5,23,2025,143,0.58
2025-05-24,2025,5,24,2025,144,3.45
2025-05-25,2025,5,25,2025,145,10.14
2025-05-26,2025,5,26,2025,146,6.21
2025-05-27,2025,5,27,2025,147,0.07
2025-05-28,2025,5,28,2025,148,0.01
2025-05-29,2025,5,29,2025,149,0.01
2025-05-30,2025,5,30,2025,150,0.02
2025-05-31,2025,5,31,2025,151,0.01
2025-06-01,2025,6,1,2025,152,0.01
2025-06-02,2025,6,2,2025,153,0.02
2025-06-03,2025,6,3,2025,154,0.14
2025-06-04,2025,6,4,2025,155,0.89
2025-06-05,2025,6,5,2025,156,33.07
2025-06-06,2025,6,6,2025,157,3.67
2025-06-07,2025,6,7,2025,158,1.53
2025-06-08,2025,6,8,2025,159,12.55
2025-06-09,2025,6,9,2025,160,2.43
2025-06-10,2025,6,10,2025,161,0.83
2025-06-11,2025,6,11,2025,162,19.26
2025-06-12,2025,6,12,2025,163,5.64
2025-06-13,2025,6,13,2025,164,0.09
2025-06-14,2025,6,14,2025,165,0.16
2025-06-15,2025,6,15,2025,166,1.16
2025-06-16,2025,6,16,2025,167,0.81
2025-06-17,2025,6,17,2025,168,0.17
2025-06-18,2025,6,18,2025,169,0.0
2025-06-19,2025,6,19,2025,170,0.15
2025-06-20,2025,6,20,2025,171,0.34
2025-06-21,2025,6,21,2025,172,0.92
2025-06-22,2025,6,22,2025,173,1.44
2025-06-23,2025,6,23,2025,174,3.45
2025-06-24,2025,6,24,2025,175,0.05
2025-06-25,2025,6,25,2025,176,0.05
2025-06-26,2025,6,26,2025,177,0.09
2025-06-27,2025,6,27,2025,178,0.03
2025-06-28,2025,6,28,2025,179,0.12
2025-06-29,2025,6,29,2025,180,0.03
2025-06-30,2025,6,30,2025,181,0.01
2025-07-01,2025,7,1,2025,182,0.28
2025-07-02,2025,7,2,2025,183,0.48
2025-07-03,2025,7,3,2025,184,0.07
2025-07-04,2025,7,4,2025,185,1.96
2025-07-05,2025,7,5,2025,186,0.66
2025-07-06,2025,7,6,2025,187,0.14
2025-07-07,2025,7,7,2025,188,0.36
2025-07-08,2025,7,8,2025,189,0.75
2025-07-09,2025,7,9,2025,190,0.35
2025-07-10,2025,7,10,2025,191,8.95
2025-07-11,2025,7,11,2025,192,4.89
2025-07-12,2025,7,12,2025,193,5.19
2025-07-13,2025,7,13,2025,194,0.57
2025-07-14,2025,7,14,2025,195,29.34
2025-07-15,2025,7,15,2025,196,13.03
2025-07-16,2025,7,16,2025,197,0.57
2025-07-17,2025,7,17,2025,198,0.17
2025-07-18,2025,7,18,2025,199,0.04
2025-07-19,2025,7,19,2025,200,1.1
2025-07-20,2025,7,20,2025,201,3.29
2025-07-21,2025,7,21,2025,202,0.14
2025-07-22,2025,7,22,2025,203,0.01
2025-07-23,2025,7,23,2025,204,0.01
2025-07-24,2025,7,24,2025,205,0.0
2025-07-25,2025,7,25,2025,206,0.04
2025-07-26,2025,7,26,2025,207,0.0
2025-07-27,2025,7,27,2025,208,0.0
2025-07-28,2025,7,28,2025,209,0.0
2025-07-29,2025,7,29,2025,210,0.05
2025-07-30,2025,7,30,2025,211,0.02
2025-07-31,2025,7,31,2025,212,1.11
2025-08-01,2025,8,1,2025,213,1.58
2025-08-02,2025,8,2,2025,214,0.45
2025-08-03,2025,8,3,2025,215,0.03
2025-08-04,2025,8,4,2025,216,0.04
2025-08-05,2025,8,5,2025,217,0.26
2025-08-06,2025,8,6,2025,218,1.02
2025-08-07,2025,8,7,2025,219,34.36
2025-08-08,2025,8,8,2025,220,4.24
2025-08-09,2025,8,9,2025,221,1.22
2025-08-10,2025,8,10,2025,222,0.5
2025-08-11,2025,8,11,2025,223,0.2
2025-08-12,2025,8,12,2025,224,1.28
2025-08-13,2025,8,13,2025,225,0.22
2025-08-14,2025,8,14,2025,226,1.0
2025-08-15,2025,8,15,2025,227,0.43
2025-08-16,2025,8,16,2025,228,0.03
2025-08-17,2025,8,17,2025,229,0.01
2025-08-18,2025,8,18,2025,230,0.05
2025-08-19,2025,8,19,2025,231,0.34
2025-08-20,2025,8,20,2025,232,0.3
2025-08-21,2025,8,21,2025,233,0.44
2025-08-22,2025,8,22,2025,234,29.23
2025-08-23,2025,8,23,2025,235,2.45
2025-08-24,2025,8,24,2025,236,0.1
2025-08-25,2025,8,25,2025,237,0.14
2025-08-26,2025,8,26,2025,238,0.04
2025-08-27,2025,8,27,2025,239,0.82
2025-08-28,2025,8,28,2025,240,0.74
2025-08-29,2025,8,29,2025,241,0.52
2025-08-30,2025,8,30,2025,242,0.2
2025-08-31,2025,8,31,2025,243,0.48
2025-09-01,2025,9,1,2025,244,1.04
2025-09-02,2025,9,2,2025,245,0.33
2025-09-03,2025,9,3,2025,246,6.89
2025-09-04,2025,9,4,2025,247,0.71
2025-09-05,2025,9,5,2025,248,0.08
2025-09-06,2025,9,6,2025,249,4.66
2025-09-07,2025,9,7,2025,250,2.57
2025-09-08,2025,9,8,2025,251,0.42
2025-09-09,2025,9,9,2025,252,0.16
2025-09-10,2025,9,10,2025,253,5.81
2025-09-11,2025,9,11,2025,254,0.63
2025-09-12,2025,9,12,2025,255,0.29
2025-09-13,2025,9,13,2025,256,0.17
2025-09-14,2025,9,14,2025,257,18.25
2025-09-15,2025,9,15,2025,258,6.75
2025-09-16,2025,9,16,2025,259,0.8
2025-09-17,2025,9,17,2025,260,0.19
2025-09-18,2025,9,18,2025,261,0.64
2025-09-19,2025,9,19,2025,262,0.03
2025-09-20,2025,9,20,2025,263,0.01
2025-09-21,2025,9,21,2025,264,0.01
2025-09-22,2025,9,22,2025,265,0.68
2025-09-23,2025,9,23,2025,266,10.42
2025-09-24,2025,9,24,2025,267,1.72
2025-09-25,2025,9,25,2025,268,0.16
2025-09-26,2025,9,26,2025,269,0.14
2025-09-27,2025,9,27,2025,270,0.7
2025-09-28,2025,9,28,2025,271,3.06
2025-09-29,2025,9,29,2025,272,0.8
2025-09-30,2025,9,30,2025,273,0.17
