Date,Year,month,day,RR_original,RR_estimation_method,RR_imputed,imputation_method,is_outlier
2005-01-01,2005,1,1,7.0,,7.0,,False
2005-01-02,2005,1,2,0.0,,5.183574463358577e-05,,False
2005-01-03,2005,1,3,10.0,,9.999999999999998,,False
2005-01-04,2005,1,4,8888.0,meteorological_log_domain,2.8327966261286734,,False
2005-01-05,2005,1,5,0.0,,5.183574463358577e-05,,False
2005-01-06,2005,1,6,0.0,,5.183574463358577e-05,,False
2005-01-07,2005,1,7,8888.0,meteorological_log_domain,6.694455384232112,,False
2005-01-08,2005,1,8,0.0,,5.183574463358577e-05,,False
2005-01-09,2005,1,9,8888.0,meteorological_log_domain,8.491996964463493,,False
2005-01-10,2005,1,10,0.0,,5.183574463358577e-05,,False
2005-01-11,2005,1,11,8.0,,8.0,,False
2005-01-12,2005,1,12,8888.0,meteorological_log_domain,2.0819985089176853,,False
2005-01-13,2005,1,13,4.0,,4.0,,False
2005-01-14,2005,1,14,0.0,,5.183574463358577e-05,,False
2005-01-15,2005,1,15,0.0,,5.183574463358577e-05,,False
2005-01-16,2005,1,16,8888.0,meteorological_log_domain,2.5662306074493237,,False
2005-01-17,2005,1,17,8888.0,meteorological_log_domain,6.248054204359739,,False
2005-01-18,2005,1,18,30.0,,29.999999999999993,,True
2005-01-19,2005,1,19,1.0,,1.0,,False
2005-01-20,2005,1,20,8888.0,meteorological_log_domain,1.912637794969572,,False
2005-01-21,2005,1,21,0.0,,5.183574463358577e-05,,False
2005-01-22,2005,1,22,0.0,,5.183574463358577e-05,,False
2005-01-23,2005,1,23,0.0,,5.183574463358577e-05,,False
2005-01-24,2005,1,24,0.0,,5.183574463358577e-05,,False
2005-01-25,2005,1,25,0.0,,5.183574463358577e-05,,False
2005-01-26,2005,1,26,0.0,,5.183574463358577e-05,,False
2005-01-27,2005,1,27,0.0,,5.183574463358577e-05,,False
2005-01-28,2005,1,28,0.0,,5.183574463358577e-05,,False
2005-01-29,2005,1,29,8888.0,meteorological_log_domain,4.27953595788863,,False
2005-01-30,2005,1,30,83.0,,82.99999999999996,,True
2005-01-31,2005,1,31,0.0,,5.183574463358577e-05,,False
2005-02-01,2005,2,1,0.0,,5.183574463358577e-05,,False
2005-02-02,2005,2,2,0.0,,5.183574463358577e-05,,False
2005-02-03,2005,2,3,0.0,,5.183574463358577e-05,,False
2005-02-04,2005,2,4,0.0,,5.183574463358577e-05,,False
2005-02-05,2005,2,5,0.0,,5.183574463358577e-05,,False
2005-02-06,2005,2,6,0.0,,5.183574463358577e-05,,False
2005-02-07,2005,2,7,0.0,,5.183574463358577e-05,,False
2005-02-08,2005,2,8,0.0,,5.183574463358577e-05,,False
2005-02-09,2005,2,9,0.0,,5.183574463358577e-05,,False
2005-02-10,2005,2,10,0.0,,5.183574463358577e-05,,False
2005-02-11,2005,2,11,1.0,,1.0,,False
2005-02-12,2005,2,12,8.0,,8.0,,False
2005-02-13,2005,2,13,0.0,,5.183574463358577e-05,,False
2005-02-14,2005,2,14,4.0,,4.0,,False
2005-02-15,2005,2,15,0.0,,5.183574463358577e-05,,False
2005-02-16,2005,2,16,0.0,,5.183574463358577e-05,,False
2005-02-17,2005,2,17,0.0,,5.183574463358577e-05,,False
2005-02-18,2005,2,18,0.0,,5.183574463358577e-05,,False
2005-02-19,2005,2,19,0.0,,5.183574463358577e-05,,False
2005-02-20,2005,2,20,0.0,,5.183574463358577e-05,,False
2005-02-21,2005,2,21,0.0,,5.183574463358577e-05,,False
2005-02-22,2005,2,22,0.0,,5.183574463358577e-05,,False
2005-02-23,2005,2,23,0.0,,5.183574463358577e-05,,False
2005-02-24,2005,2,24,0.0,,5.183574463358577e-05,,False
2005-02-25,2005,2,25,0.0,,5.183574463358577e-05,,False
2005-02-26,2005,2,26,0.0,,5.183574463358577e-05,,False
2005-02-27,2005,2,27,9.0,,8.999999999999998,,False
2005-02-28,2005,2,28,0.0,,5.183574463358577e-05,,False
2005-03-01,2005,3,1,8888.0,meteorological_log_domain,3.1770678219109314,,False
2005-03-02,2005,3,2,33.0,,33.0,,True
2005-03-03,2005,3,3,12.0,,12.0,,False
2005-03-04,2005,3,4,0.0,,5.183574463358577e-05,,False
2005-03-05,2005,3,5,0.0,,5.183574463358577e-05,,False
2005-03-06,2005,3,6,0.0,,5.183574463358577e-05,,False
2005-03-07,2005,3,7,0.0,,5.183574463358577e-05,,False
2005-03-08,2005,3,8,0.0,,5.183574463358577e-05,,False
2005-03-09,2005,3,9,0.0,,5.183574463358577e-05,,False
2005-03-10,2005,3,10,0.0,,5.183574463358577e-05,,False
2005-03-11,2005,3,11,0.0,,5.183574463358577e-05,,False
2005-03-12,2005,3,12,0.0,,5.183574463358577e-05,,False
2005-03-13,2005,3,13,0.0,,5.183574463358577e-05,,False
2005-03-14,2005,3,14,8.0,,8.0,,False
2005-03-15,2005,3,15,0.0,,5.183574463358577e-05,,False
2005-03-16,2005,3,16,35.0,,34.99999999999999,,True
2005-03-17,2005,3,17,6.0,,6.0,,False
2005-03-18,2005,3,18,0.0,,5.183574463358577e-05,,False
2005-03-19,2005,3,19,0.0,,5.183574463358577e-05,,False
2005-03-20,2005,3,20,0.0,,5.183574463358577e-05,,False
2005-03-21,2005,3,21,4.0,,4.0,,False
2005-03-22,2005,3,22,7.0,,7.0,,False
2005-03-23,2005,3,23,0.0,,5.183574463358577e-05,,False
2005-03-24,2005,3,24,18.0,,17.999999999999996,,False
2005-03-25,2005,3,25,9.0,,8.999999999999998,,False
2005-03-26,2005,3,26,0.0,,5.183574463358577e-05,,False
2005-03-27,2005,3,27,8888.0,meteorological_log_domain,8.2173813554357,,False
2005-03-28,2005,3,28,0.0,,5.183574463358577e-05,,False
2005-03-29,2005,3,29,8.0,,8.0,,False
2005-03-30,2005,3,30,8888.0,meteorological_log_domain,13.04163715212376,,False
2005-03-31,2005,3,31,0.0,,5.183574463358577e-05,,False
2005-04-01,2005,4,1,0.0,,5.183574463358577e-05,,False
2005-04-02,2005,4,2,8888.0,meteorological_log_domain,7.768968056027478,,False
2005-04-03,2005,4,3,0.0,,5.183574463358577e-05,,False
2005-04-04,2005,4,4,1.0,,1.0,,False
2005-04-05,2005,4,5,0.0,,5.183574463358577e-05,,False
2005-04-06,2005,4,6,26.0,,25.999999999999996,,True
2005-04-07,2005,4,7,0.0,,5.183574463358577e-05,,False
2005-04-08,2005,4,8,0.0,,5.183574463358577e-05,,False
2005-04-09,2005,4,9,10.0,,9.999999999999998,,False
2005-04-10,2005,4,10,8888.0,meteorological_log_domain,3.3501831357067258,,False
2005-04-11,2005,4,11,0.0,,5.183574463358577e-05,,False
2005-04-12,2005,4,12,0.0,,5.183574463358577e-05,,False
2005-04-13,2005,4,13,0.0,,5.183574463358577e-05,,False
2005-04-14,2005,4,14,0.0,,5.183574463358577e-05,,False
2005-04-15,2005,4,15,0.0,,5.183574463358577e-05,,False
2005-04-16,2005,4,16,0.0,,5.183574463358577e-05,,False
2005-04-17,2005,4,17,0.0,,5.183574463358577e-05,,False
2005-04-18,2005,4,18,8888.0,meteorological_log_domain,1.1526352312072985,,False
2005-04-19,2005,4,19,0.0,,5.183574463358577e-05,,False
2005-04-20,2005,4,20,0.0,,5.183574463358577e-05,,False
2005-04-21,2005,4,21,0.0,,5.183574463358577e-05,,False
2005-04-22,2005,4,22,0.0,,5.183574463358577e-05,,False
2005-04-23,2005,4,23,0.0,,5.183574463358577e-05,,False
2005-04-24,2005,4,24,0.0,,5.183574463358577e-05,,False
2005-04-25,2005,4,25,0.0,,5.183574463358577e-05,,False
2005-04-26,2005,4,26,0.0,,5.183574463358577e-05,,False
2005-04-27,2005,4,27,5.0,,5.0,,False
2005-04-28,2005,4,28,0.0,,5.183574463358577e-05,,False
2005-04-29,2005,4,29,0.0,,5.183574463358577e-05,,False
2005-04-30,2005,4,30,0.0,,5.183574463358577e-05,,False
2005-05-01,2005,5,1,8888.0,meteorological_log_domain,9.178289862377298,,False
2005-05-02,2005,5,2,47.0,,47.0,,True
2005-05-03,2005,5,3,0.0,,5.183574463358577e-05,,False
2005-05-04,2005,5,4,0.0,,5.183574463358577e-05,,False
2005-05-05,2005,5,5,72.0,,72.00000000000001,,True
2005-05-06,2005,5,6,0.0,,5.183574463358577e-05,,False
2005-05-07,2005,5,7,8.0,,8.0,,False
2005-05-08,2005,5,8,0.0,,5.183574463358577e-05,,False
2005-05-09,2005,5,9,0.0,,5.183574463358577e-05,,False
2005-05-10,2005,5,10,4.0,,4.0,,False
2005-05-11,2005,5,11,0.0,,5.183574463358577e-05,,False
2005-05-12,2005,5,12,0.0,,5.183574463358577e-05,,False
2005-05-13,2005,5,13,0.0,,5.183574463358577e-05,,False
2005-05-14,2005,5,14,0.0,,5.183574463358577e-05,,False
2005-05-15,2005,5,15,0.0,,5.183574463358577e-05,,False
2005-05-16,2005,5,16,0.0,,5.183574463358577e-05,,False
2005-05-17,2005,5,17,0.0,,5.183574463358577e-05,,False
2005-05-18,2005,5,18,0.0,,5.183574463358577e-05,,False
2005-05-19,2005,5,19,0.0,,5.183574463358577e-05,,False
2005-05-20,2005,5,20,0.0,,5.183574463358577e-05,,False
2005-05-21,2005,5,21,0.0,,5.183574463358577e-05,,False
2005-05-22,2005,5,22,7.0,,7.0,,False
2005-05-23,2005,5,23,0.0,,5.183574463358577e-05,,False
2005-05-24,2005,5,24,0.0,,5.183574463358577e-05,,False
2005-05-25,2005,5,25,0.0,,5.183574463358577e-05,,False
2005-05-26,2005,5,26,30.0,,29.999999999999993,,True
2005-05-27,2005,5,27,1.0,,1.0,,False
2005-05-28,2005,5,28,58.0,,57.999999999999986,,True
2005-05-29,2005,5,29,0.0,,5.183574463358577e-05,,False
2005-05-30,2005,5,30,0.0,,5.183574463358577e-05,,False
2005-05-31,2005,5,31,8888.0,meteorological_log_domain,2.9566420697328937,,False
2005-06-01,2005,6,1,0.0,,5.183574463358577e-05,,False
2005-06-02,2005,6,2,0.0,,5.183574463358577e-05,,False
2005-06-03,2005,6,3,0.0,,5.183574463358577e-05,,False
2005-06-04,2005,6,4,8888.0,meteorological_log_domain,4.757148786931723,,False
2005-06-05,2005,6,5,0.0,,5.183574463358577e-05,,False
2005-06-06,2005,6,6,0.0,,5.183574463358577e-05,,False
2005-06-07,2005,6,7,0.0,,5.183574463358577e-05,,False
2005-06-08,2005,6,8,8888.0,meteorological_log_domain,2.6097510781534035,,False
2005-06-09,2005,6,9,0.0,,5.183574463358577e-05,,False
2005-06-10,2005,6,10,0.0,,5.183574463358577e-05,,False
2005-06-11,2005,6,11,0.0,,5.183574463358577e-05,,False
2005-06-12,2005,6,12,0.0,,5.183574463358577e-05,,False
2005-06-13,2005,6,13,0.0,,5.183574463358577e-05,,False
2005-06-14,2005,6,14,0.0,,5.183574463358577e-05,,False
2005-06-15,2005,6,15,0.0,,5.183574463358577e-05,,False
2005-06-16,2005,6,16,0.0,,5.183574463358577e-05,,False
2005-06-17,2005,6,17,0.0,,5.183574463358577e-05,,False
2005-06-18,2005,6,18,0.0,,5.183574463358577e-05,,False
2005-06-19,2005,6,19,0.0,,5.183574463358577e-05,,False
2005-06-20,2005,6,20,0.0,,5.183574463358577e-05,,False
2005-06-21,2005,6,21,0.0,,5.183574463358577e-05,,False
2005-06-22,2005,6,22,0.0,,5.183574463358577e-05,,False
2005-06-23,2005,6,23,0.0,,5.183574463358577e-05,,False
2005-06-24,2005,6,24,0.0,,5.183574463358577e-05,,False
2005-06-25,2005,6,25,0.0,,5.183574463358577e-05,,False
2005-06-26,2005,6,26,0.0,,5.183574463358577e-05,,False
2005-06-27,2005,6,27,0.0,,5.183574463358577e-05,,False
2005-06-28,2005,6,28,8888.0,meteorological_log_domain,3.2303118930787096,,False
2005-06-29,2005,6,29,8888.0,meteorological_log_domain,0.6306461716782988,,False
2005-06-30,2005,6,30,2.0,,1.9999999999999998,,False
2005-07-01,2005,7,1,0.0,,5.183574463358577e-05,,False
2005-07-02,2005,7,2,0.0,,5.183574463358577e-05,,False
2005-07-03,2005,7,3,0.0,,5.183574463358577e-05,,False
2005-07-04,2005,7,4,0.0,,5.183574463358577e-05,,False
2005-07-05,2005,7,5,0.0,,5.183574463358577e-05,,False
2005-07-06,2005,7,6,0.0,,5.183574463358577e-05,,False
2005-07-07,2005,7,7,8888.0,meteorological_log_domain,10.190359814032053,,False
2005-07-08,2005,7,8,0.0,,5.183574463358577e-05,,False
2005-07-09,2005,7,9,0.0,,5.183574463358577e-05,,False
2005-07-10,2005,7,10,0.0,,5.183574463358577e-05,,False
2005-07-11,2005,7,11,0.0,,5.183574463358577e-05,,False
2005-07-12,2005,7,12,0.0,,5.183574463358577e-05,,False
2005-07-13,2005,7,13,9.0,,8.999999999999998,,False
2005-07-14,2005,7,14,2.0,,1.9999999999999998,,False
2005-07-15,2005,7,15,6.0,,6.0,,False
2005-07-16,2005,7,16,3.0,,3.0,,False
2005-07-17,2005,7,17,0.0,,5.183574463358577e-05,,False
2005-07-18,2005,7,18,23.0,,23.0,,False
2005-07-19,2005,7,19,0.0,,5.183574463358577e-05,,False
2005-07-20,2005,7,20,6.0,,6.0,,False
2005-07-21,2005,7,21,0.0,,5.183574463358577e-05,,False
2005-07-22,2005,7,22,8888.0,meteorological_log_domain,3.0226968007423647,,False
2005-07-23,2005,7,23,18.0,,17.999999999999996,,False
2005-07-24,2005,7,24,0.0,,5.183574463358577e-05,,False
2005-07-25,2005,7,25,0.0,,5.183574463358577e-05,,False
2005-07-26,2005,7,26,0.0,,5.183574463358577e-05,,False
2005-07-27,2005,7,27,0.0,,5.183574463358577e-05,,False
2005-07-28,2005,7,28,0.0,,5.183574463358577e-05,,False
2005-07-29,2005,7,29,0.0,,5.183574463358577e-05,,False
2005-07-30,2005,7,30,0.0,,5.183574463358577e-05,,False
2005-07-31,2005,7,31,0.0,,5.183574463358577e-05,,False
2005-08-01,2005,8,1,0.0,,5.183574463358577e-05,,False
2005-08-02,2005,8,2,1.0,,1.0,,False
2005-08-03,2005,8,3,1.0,,1.0,,False
2005-08-04,2005,8,4,0.0,,5.183574463358577e-05,,False
2005-08-05,2005,8,5,0.0,,5.183574463358577e-05,,False
2005-08-06,2005,8,6,0.0,,5.183574463358577e-05,,False
2005-08-07,2005,8,7,0.0,,5.183574463358577e-05,,False
2005-08-08,2005,8,8,0.0,,5.183574463358577e-05,,False
2005-08-09,2005,8,9,0.0,,5.183574463358577e-05,,False
2005-08-10,2005,8,10,0.0,,5.183574463358577e-05,,False
2005-08-11,2005,8,11,0.0,,5.183574463358577e-05,,False
2005-08-12,2005,8,12,0.0,,5.183574463358577e-05,,False
2005-08-13,2005,8,13,0.0,,5.183574463358577e-05,,False
2005-08-14,2005,8,14,8888.0,meteorological_log_domain,0.9862270114630609,,False
2005-08-15,2005,8,15,8888.0,meteorological_log_domain,2.6098364131707097,,False
2005-08-16,2005,8,16,0.0,,5.183574463358577e-05,,False
2005-08-17,2005,8,17,0.0,,5.183574463358577e-05,,False
2005-08-18,2005,8,18,0.0,,5.183574463358577e-05,,False
2005-08-19,2005,8,19,2.0,,1.9999999999999998,,False
2005-08-20,2005,8,20,8888.0,meteorological_log_domain,5.201000686042575,,False
2005-08-21,2005,8,21,0.0,,5.183574463358577e-05,,False
2005-08-22,2005,8,22,13.0,,13.000000000000002,,False
2005-08-23,2005,8,23,8888.0,meteorological_log_domain,1.2495206004856845,,False
2005-08-24,2005,8,24,8888.0,meteorological_log_domain,1.3501473682308196,,False
2005-08-25,2005,8,25,4.0,,4.0,,False
2005-08-26,2005,8,26,2.0,,1.9999999999999998,,False
2005-08-27,2005,8,27,0.0,,5.183574463358577e-05,,False
2005-08-28,2005,8,28,1.0,,1.0,,False
2005-08-29,2005,8,29,0.0,,5.183574463358577e-05,,False
2005-08-30,2005,8,30,0.0,,5.183574463358577e-05,,False
2005-08-31,2005,8,31,0.0,,5.183574463358577e-05,,False
2005-09-01,2005,9,1,11.0,,10.999999999999998,,False
2005-09-02,2005,9,2,16.0,,16.000000000000004,,False
2005-09-03,2005,9,3,8888.0,meteorological_log_domain,3.106007998418755,,False
2005-09-04,2005,9,4,3.0,,3.0,,False
2005-09-05,2005,9,5,0.0,,5.183574463358577e-05,,False
2005-09-06,2005,9,6,26.0,,25.999999999999996,,True
2005-09-07,2005,9,7,0.0,,5.183574463358577e-05,,False
2005-09-08,2005,9,8,0.0,,5.183574463358577e-05,,False
2005-09-09,2005,9,9,0.0,,5.183574463358577e-05,,False
2005-09-10,2005,9,10,0.0,,5.183574463358577e-05,,False
2005-09-11,2005,9,11,3.0,,3.0,,False
2005-09-12,2005,9,12,0.0,,5.183574463358577e-05,,False
2005-09-13,2005,9,13,0.0,,5.183574463358577e-05,,False
2005-09-14,2005,9,14,0.0,,5.183574463358577e-05,,False
2005-09-15,2005,9,15,0.0,,5.183574463358577e-05,,False
2005-09-16,2005,9,16,0.0,,5.183574463358577e-05,,False
2005-09-17,2005,9,17,0.0,,5.183574463358577e-05,,False
2005-09-18,2005,9,18,0.0,,5.183574463358577e-05,,False
2005-09-19,2005,9,19,2.0,,1.9999999999999998,,False
2005-09-20,2005,9,20,0.0,,5.183574463358577e-05,,False
2005-09-21,2005,9,21,0.0,,5.183574463358577e-05,,False
2005-09-22,2005,9,22,0.0,,5.183574463358577e-05,,False
2005-09-23,2005,9,23,2.0,,1.9999999999999998,,False
2005-09-24,2005,9,24,7.0,,7.0,,False
2005-09-25,2005,9,25,0.0,,5.183574463358577e-05,,False
2005-09-26,2005,9,26,0.0,,5.183574463358577e-05,,False
2005-09-27,2005,9,27,0.0,,5.183574463358577e-05,,False
2005-09-28,2005,9,28,17.0,,16.999999999999996,,False
2005-09-29,2005,9,29,0.0,,5.183574463358577e-05,,False
2005-09-30,2005,9,30,0.0,,5.183574463358577e-05,,False
2005-10-01,2005,10,1,6.0,,6.0,,False
2005-10-02,2005,10,2,8888.0,meteorological_log_domain,2.0715811219072258,,False
2005-10-03,2005,10,3,0.0,,5.183574463358577e-05,,False
2005-10-04,2005,10,4,2.0,,1.9999999999999998,,False
2005-10-05,2005,10,5,0.0,,5.183574463358577e-05,,False
2005-10-06,2005,10,6,0.0,,5.183574463358577e-05,,False
2005-10-07,2005,10,7,2.0,,1.9999999999999998,,False
2005-10-08,2005,10,8,8888.0,meteorological_log_domain,6.034013326649547,,False
2005-10-09,2005,10,9,0.0,,5.183574463358577e-05,,False
2005-10-10,2005,10,10,29.0,,29.000000000000004,,True
2005-10-11,2005,10,11,8888.0,meteorological_log_domain,1.093109305437461,,False
2005-10-12,2005,10,12,4.0,,4.0,,False
2005-10-13,2005,10,13,8888.0,meteorological_log_domain,0.5054575201256217,,False
2005-10-14,2005,10,14,0.0,,5.183574463358577e-05,,False
2005-10-15,2005,10,15,0.0,,5.183574463358577e-05,,False
2005-10-16,2005,10,16,24.0,,24.000000000000004,,False
2005-10-17,2005,10,17,0.0,,5.183574463358577e-05,,False
2005-10-18,2005,10,18,10.0,,9.999999999999998,,False
2005-10-19,2005,10,19,8888.0,meteorological_log_domain,0.7360989492666931,,False
2005-10-20,2005,10,20,19.0,,19.0,,False
2005-10-21,2005,10,21,6.0,,6.0,,False
2005-10-22,2005,10,22,7.0,,7.0,,False
2005-10-23,2005,10,23,2.0,,1.9999999999999998,,False
2005-10-24,2005,10,24,6.0,,6.0,,False
2005-10-25,2005,10,25,6.0,,6.0,,False
2005-10-26,2005,10,26,0.0,,5.183574463358577e-05,,False
2005-10-27,2005,10,27,0.0,,5.183574463358577e-05,,False
2005-10-28,2005,10,28,4.0,,4.0,,False
2005-10-29,2005,10,29,0.0,,5.183574463358577e-05,,False
2005-10-30,2005,10,30,0.0,,5.183574463358577e-05,,False
2005-10-31,2005,10,31,42.0,,42.0,,True
2005-11-01,2005,11,1,1.0,,1.0,,False
2005-11-02,2005,11,2,8.0,,8.0,,False
2005-11-03,2005,11,3,6.0,,6.0,,False
2005-11-04,2005,11,4,8888.0,meteorological_log_domain,4.18363507467509,,False
2005-11-05,2005,11,5,8888.0,meteorological_log_domain,2.6048410617271047,,False
2005-11-06,2005,11,6,0.0,,5.183574463358577e-05,,False
2005-11-07,2005,11,7,0.0,,5.183574463358577e-05,,False
2005-11-08,2005,11,8,1.0,,1.0,,False
2005-11-09,2005,11,9,5.0,,5.0,,False
2005-11-10,2005,11,10,2.0,,1.9999999999999998,,False
2005-11-11,2005,11,11,0.0,,5.183574463358577e-05,,False
2005-11-12,2005,11,12,3.0,,3.0,,False
2005-11-13,2005,11,13,26.0,,25.999999999999996,,True
2005-11-14,2005,11,14,1.0,,1.0,,False
2005-11-15,2005,11,15,87.0,,87.0,,True
2005-11-16,2005,11,16,85.0,,85.00000000000001,,True
2005-11-17,2005,11,17,12.0,,12.0,,False
2005-11-18,2005,11,18,37.0,,37.0,,True
2005-11-19,2005,11,19,0.0,,5.183574463358577e-05,,False
2005-11-20,2005,11,20,26.0,,25.999999999999996,,True
2005-11-21,2005,11,21,0.0,,5.183574463358577e-05,,False
2005-11-22,2005,11,22,2.0,,1.9999999999999998,,False
2005-11-23,2005,11,23,8888.0,meteorological_log_domain,11.883659703647918,,False
2005-11-24,2005,11,24,5.0,,5.0,,False
2005-11-25,2005,11,25,8888.0,meteorological_log_domain,3.7147233473751324,,False
2005-11-26,2005,11,26,5.0,,5.0,,False
2005-11-27,2005,11,27,11.0,,10.999999999999998,,False
2005-11-28,2005,11,28,2.0,,1.9999999999999998,,False
2005-11-29,2005,11,29,7.0,,7.0,,False
2005-11-30,2005,11,30,33.0,,33.0,,True
2005-12-01,2005,12,1,38.0,,38.0,,True
2005-12-02,2005,12,2,70.0,,70.00000000000001,,True
2005-12-03,2005,12,3,9.0,,8.999999999999998,,False
2005-12-04,2005,12,4,0.0,,5.183574463358577e-05,,False
2005-12-05,2005,12,5,11.0,,10.999999999999998,,False
2005-12-06,2005,12,6,2.0,,1.9999999999999998,,False
2005-12-07,2005,12,7,42.0,,42.0,,True
2005-12-08,2005,12,8,16.0,,16.000000000000004,,False
2005-12-09,2005,12,9,8888.0,meteorological_log_domain,5.901637925850755,,False
2005-12-10,2005,12,10,49.0,,49.00000000000001,,True
2005-12-11,2005,12,11,22.0,,22.0,,False
2005-12-12,2005,12,12,36.0,,36.00000000000001,,True
2005-12-13,2005,12,13,0.0,,5.183574463358577e-05,,False
2005-12-14,2005,12,14,8888.0,meteorological_log_domain,20.55337132965607,,False
2005-12-15,2005,12,15,13.0,,13.000000000000002,,False
2005-12-16,2005,12,16,6.0,,6.0,,False
2005-12-17,2005,12,17,21.0,,21.0,,False
2005-12-18,2005,12,18,19.0,,19.0,,False
2005-12-19,2005,12,19,8888.0,meteorological_log_domain,7.430421534639391,,False
2005-12-20,2005,12,20,0.0,,5.183574463358577e-05,,False
2005-12-21,2005,12,21,0.0,,5.183574463358577e-05,,False
2005-12-22,2005,12,22,0.0,,5.183574463358577e-05,,False
2005-12-23,2005,12,23,53.0,,53.0,,True
2005-12-24,2005,12,24,1.0,,1.0,,False
2005-12-25,2005,12,25,7.0,,7.0,,False
2005-12-26,2005,12,26,0.0,,5.183574463358577e-05,,False
2005-12-27,2005,12,27,0.0,,5.183574463358577e-05,,False
2005-12-28,2005,12,28,1.0,,1.0,,False
2005-12-29,2005,12,29,0.0,,5.183574463358577e-05,,False
2005-12-30,2005,12,30,0.0,,5.183574463358577e-05,,False
2005-12-31,2005,12,31,0.0,,5.183574463358577e-05,,False
2006-01-01,2006,1,1,6.0,,6.0,,False
2006-01-02,2006,1,2,5.0,,5.0,,False
2006-01-03,2006,1,3,12.0,,12.0,,False
2006-01-04,2006,1,4,8888.0,meteorological_log_domain,3.049815614599687,,False
2006-01-05,2006,1,5,24.0,,24.000000000000004,,False
2006-01-06,2006,1,6,27.0,,27.000000000000004,,True
2006-01-07,2006,1,7,5.0,,5.0,,False
2006-01-08,2006,1,8,8888.0,meteorological_log_domain,3.4046879629162143,,False
2006-01-09,2006,1,9,0.0,,5.183574463358577e-05,,False
2006-01-10,2006,1,10,10.0,,9.999999999999998,,False
2006-01-11,2006,1,11,2.0,,1.9999999999999998,,False
2006-01-12,2006,1,12,22.0,,22.0,,False
2006-01-13,2006,1,13,0.0,,5.183574463358577e-05,,False
2006-01-14,2006,1,14,0.0,,5.183574463358577e-05,,False
2006-01-15,2006,1,15,0.0,,5.183574463358577e-05,,False
2006-01-16,2006,1,16,1.0,,1.0,,False
2006-01-17,2006,1,17,0.0,,5.183574463358577e-05,,False
2006-01-18,2006,1,18,0.0,,5.183574463358577e-05,,False
2006-01-19,2006,1,19,0.0,,5.183574463358577e-05,,False
2006-01-20,2006,1,20,0.0,,5.183574463358577e-05,,False
2006-01-21,2006,1,21,1.0,,1.0,,False
2006-01-22,2006,1,22,0.0,,5.183574463358577e-05,,False
2006-01-23,2006,1,23,0.0,,5.183574463358577e-05,,False
2006-01-24,2006,1,24,0.0,,5.183574463358577e-05,,False
2006-01-25,2006,1,25,0.0,,5.183574463358577e-05,,False
2006-01-26,2006,1,26,5.0,,5.0,,False
2006-01-27,2006,1,27,0.0,,5.183574463358577e-05,,False
2006-01-28,2006,1,28,0.0,,5.183574463358577e-05,,False
2006-01-29,2006,1,29,0.0,,5.183574463358577e-05,,False
2006-01-30,2006,1,30,0.0,,5.183574463358577e-05,,False
2006-01-31,2006,1,31,0.0,,5.183574463358577e-05,,False
2006-02-01,2006,2,1,0.0,,5.183574463358577e-05,,False
2006-02-02,2006,2,2,0.0,,5.183574463358577e-05,,False
2006-02-03,2006,2,3,0.0,,5.183574463358577e-05,,False
2006-02-04,2006,2,4,0.0,,5.183574463358577e-05,,False
2006-02-05,2006,2,5,2.0,,1.9999999999999998,,False
2006-02-06,2006,2,6,0.0,,5.183574463358577e-05,,False
2006-02-07,2006,2,7,0.0,,5.183574463358577e-05,,False
2006-02-08,2006,2,8,0.0,,5.183574463358577e-05,,False
2006-02-09,2006,2,9,0.0,,5.183574463358577e-05,,False
2006-02-10,2006,2,10,0.0,,5.183574463358577e-05,,False
2006-02-11,2006,2,11,0.0,,5.183574463358577e-05,,False
2006-02-12,2006,2,12,2.0,,1.9999999999999998,,False
2006-02-13,2006,2,13,0.0,,5.183574463358577e-05,,False
2006-02-14,2006,2,14,28.0,,27.999999999999996,,True
2006-02-15,2006,2,15,0.0,,5.183574463358577e-05,,False
2006-02-16,2006,2,16,1.0,,1.0,,False
2006-02-17,2006,2,17,2.0,,1.9999999999999998,,False
2006-02-18,2006,2,18,0.0,,5.183574463358577e-05,,False
2006-02-19,2006,2,19,0.0,,5.183574463358577e-05,,False
2006-02-20,2006,2,20,0.0,,5.183574463358577e-05,,False
2006-02-21,2006,2,21,0.0,,5.183574463358577e-05,,False
2006-02-22,2006,2,22,1.0,,1.0,,False
2006-02-23,2006,2,23,1.0,,1.0,,False
2006-02-24,2006,2,24,8888.0,meteorological_log_domain,2.8660275401245396,,False
2006-02-25,2006,2,25,8.0,,8.0,,False
2006-02-26,2006,2,26,0.0,,5.183574463358577e-05,,False
2006-02-27,2006,2,27,8888.0,meteorological_log_domain,3.652887230444114,,False
2006-02-28,2006,2,28,0.0,,5.183574463358577e-05,,False
2006-03-01,2006,3,1,56.0,,55.999999999999986,,True
2006-03-02,2006,3,2,0.0,,5.183574463358577e-05,,False
2006-03-03,2006,3,3,1.0,,1.0,,False
2006-03-04,2006,3,4,0.0,,5.183574463358577e-05,,False
2006-03-05,2006,3,5,0.0,,5.183574463358577e-05,,False
2006-03-06,2006,3,6,0.0,,5.183574463358577e-05,,False
2006-03-07,2006,3,7,0.0,,5.183574463358577e-05,,False
2006-03-08,2006,3,8,0.0,,5.183574463358577e-05,,False
2006-03-09,2006,3,9,0.0,,5.183574463358577e-05,,False
2006-03-10,2006,3,10,0.0,,5.183574463358577e-05,,False
2006-03-11,2006,3,11,0.0,,5.183574463358577e-05,,False
2006-03-12,2006,3,12,0.0,,5.183574463358577e-05,,False
2006-03-13,2006,3,13,0.0,,5.183574463358577e-05,,False
2006-03-14,2006,3,14,0.0,,5.183574463358577e-05,,False
2006-03-15,2006,3,15,0.0,,5.183574463358577e-05,,False
2006-03-16,2006,3,16,0.0,,5.183574463358577e-05,,False
2006-03-17,2006,3,17,0.0,,5.183574463358577e-05,,False
2006-03-18,2006,3,18,0.0,,5.183574463358577e-05,,False
2006-03-19,2006,3,19,0.0,,5.183574463358577e-05,,False
2006-03-20,2006,3,20,8888.0,meteorological_log_domain,2.446198644504697,,False
2006-03-21,2006,3,21,1.0,,1.0,,False
2006-03-22,2006,3,22,0.0,,5.183574463358577e-05,,False
2006-03-23,2006,3,23,16.0,,16.000000000000004,,False
2006-03-24,2006,3,24,5.0,,5.0,,False
2006-03-25,2006,3,25,17.0,,16.999999999999996,,False
2006-03-26,2006,3,26,0.0,,5.183574463358577e-05,,False
2006-03-27,2006,3,27,3.0,,3.0,,False
2006-03-28,2006,3,28,0.0,,5.183574463358577e-05,,False
2006-03-29,2006,3,29,0.0,,5.183574463358577e-05,,False
2006-03-30,2006,3,30,0.0,,5.183574463358577e-05,,False
2006-03-31,2006,3,31,0.0,,5.183574463358577e-05,,False
2006-04-01,2006,4,1,0.0,,5.183574463358577e-05,,False
2006-04-02,2006,4,2,0.0,,5.183574463358577e-05,,False
2006-04-03,2006,4,3,0.0,,5.183574463358577e-05,,False
2006-04-04,2006,4,4,0.0,,5.183574463358577e-05,,False
2006-04-05,2006,4,5,8888.0,meteorological_log_domain,1.9999778923845841,,False
2006-04-06,2006,4,6,0.0,,5.183574463358577e-05,,False
2006-04-07,2006,4,7,0.0,,5.183574463358577e-05,,False
2006-04-08,2006,4,8,4.0,,4.0,,False
2006-04-09,2006,4,9,8888.0,meteorological_log_domain,5.76709867363109,,False
2006-04-10,2006,4,10,0.0,,5.183574463358577e-05,,False
2006-04-11,2006,4,11,10.0,,9.999999999999998,,False
2006-04-12,2006,4,12,16.0,,16.000000000000004,,False
2006-04-13,2006,4,13,4.0,,4.0,,False
2006-04-14,2006,4,14,2.0,,1.9999999999999998,,False
2006-04-15,2006,4,15,2.0,,1.9999999999999998,,False
2006-04-16,2006,4,16,8888.0,meteorological_log_domain,6.2779254538410845,,False
2006-04-17,2006,4,17,0.0,,5.183574463358577e-05,,False
2006-04-18,2006,4,18,8888.0,meteorological_log_domain,3.6989943232016973,,False
2006-04-19,2006,4,19,0.0,,5.183574463358577e-05,,False
2006-04-20,2006,4,20,2.0,,1.9999999999999998,,False
2006-04-21,2006,4,21,0.0,,5.183574463358577e-05,,False
2006-04-22,2006,4,22,11.0,,10.999999999999998,,False
2006-04-23,2006,4,23,8888.0,meteorological_log_domain,4.170213873889863,,False
2006-04-24,2006,4,24,1.0,,1.0,,False
2006-04-25,2006,4,25,1.0,,1.0,,False
2006-04-26,2006,4,26,0.0,,5.183574463358577e-05,,False
2006-04-27,2006,4,27,0.0,,5.183574463358577e-05,,False
2006-04-28,2006,4,28,0.0,,5.183574463358577e-05,,False
2006-04-29,2006,4,29,0.0,,5.183574463358577e-05,,False
2006-04-30,2006,4,30,0.0,,5.183574463358577e-05,,False
2006-05-01,2006,5,1,0.0,,5.183574463358577e-05,,False
2006-05-02,2006,5,2,0.0,,5.183574463358577e-05,,False
2006-05-03,2006,5,3,2.0,,1.9999999999999998,,False
2006-05-04,2006,5,4,0.0,,5.183574463358577e-05,,False
2006-05-05,2006,5,5,0.0,,5.183574463358577e-05,,False
2006-05-06,2006,5,6,10.0,,9.999999999999998,,False
2006-05-07,2006,5,7,54.0,,54.0,,True
2006-05-08,2006,5,8,2.0,,1.9999999999999998,,False
2006-05-09,2006,5,9,1.0,,1.0,,False
2006-05-10,2006,5,10,3.0,,3.0,,False
2006-05-11,2006,5,11,0.0,,5.183574463358577e-05,,False
2006-05-12,2006,5,12,0.0,,5.183574463358577e-05,,False
2006-05-13,2006,5,13,1.0,,1.0,,False
2006-05-14,2006,5,14,0.0,,5.183574463358577e-05,,False
2006-05-15,2006,5,15,4.0,,4.0,,False
2006-05-16,2006,5,16,3.0,,3.0,,False
2006-05-17,2006,5,17,22.0,,22.0,,False
2006-05-18,2006,5,18,0.0,,5.183574463358577e-05,,False
2006-05-19,2006,5,19,0.0,,5.183574463358577e-05,,False
2006-05-20,2006,5,20,0.0,,5.183574463358577e-05,,False
2006-05-21,2006,5,21,0.0,,5.183574463358577e-05,,False
2006-05-22,2006,5,22,0.0,,5.183574463358577e-05,,False
2006-05-23,2006,5,23,5.0,,5.0,,False
2006-05-24,2006,5,24,0.0,,5.183574463358577e-05,,False
2006-05-25,2006,5,25,0.0,,5.183574463358577e-05,,False
2006-05-26,2006,5,26,19.0,,19.0,,False
2006-05-27,2006,5,27,6.0,,6.0,,False
2006-05-28,2006,5,28,0.0,,5.183574463358577e-05,,False
2006-05-29,2006,5,29,0.0,,5.183574463358577e-05,,False
2006-05-30,2006,5,30,0.0,,5.183574463358577e-05,,False
2006-05-31,2006,5,31,0.0,,5.183574463358577e-05,,False
2006-06-01,2006,6,1,8888.0,meteorological_log_domain,2.4080639000463195,,False
2006-06-02,2006,6,2,2.0,,1.9999999999999998,,False
2006-06-03,2006,6,3,0.0,,5.183574463358577e-05,,False
2006-06-04,2006,6,4,0.0,,5.183574463358577e-05,,False
2006-06-05,2006,6,5,0.0,,5.183574463358577e-05,,False
2006-06-06,2006,6,6,0.0,,5.183574463358577e-05,,False
2006-06-07,2006,6,7,5.0,,5.0,,False
2006-06-08,2006,6,8,0.0,,5.183574463358577e-05,,False
2006-06-09,2006,6,9,1.0,,1.0,,False
2006-06-10,2006,6,10,0.0,,5.183574463358577e-05,,False
2006-06-11,2006,6,11,6.0,,6.0,,False
2006-06-12,2006,6,12,0.0,,5.183574463358577e-05,,False
2006-06-13,2006,6,13,1.0,,1.0,,False
2006-06-14,2006,6,14,0.0,,5.183574463358577e-05,,False
2006-06-15,2006,6,15,24.0,,24.000000000000004,,False
2006-06-16,2006,6,16,0.0,,5.183574463358577e-05,,False
2006-06-17,2006,6,17,36.0,,36.00000000000001,,True
2006-06-18,2006,6,18,0.0,,5.183574463358577e-05,,False
2006-06-19,2006,6,19,1.0,,1.0,,False
2006-06-20,2006,6,20,1.0,,1.0,,False
2006-06-21,2006,6,21,0.0,,5.183574463358577e-05,,False
2006-06-22,2006,6,22,4.0,,4.0,,False
2006-06-23,2006,6,23,8888.0,meteorological_log_domain,3.200072984526149,,False
2006-06-24,2006,6,24,0.0,,5.183574463358577e-05,,False
2006-06-25,2006,6,25,8888.0,meteorological_log_domain,9.661144498029499,,False
2006-06-26,2006,6,26,0.0,,5.183574463358577e-05,,False
2006-06-27,2006,6,27,0.0,,5.183574463358577e-05,,False
2006-06-28,2006,6,28,0.0,,5.183574463358577e-05,,False
2006-06-29,2006,6,29,0.0,,5.183574463358577e-05,,False
2006-06-30,2006,6,30,0.0,,5.183574463358577e-05,,False
2006-07-01,2006,7,1,0.0,,5.183574463358577e-05,,False
2006-07-02,2006,7,2,0.0,,5.183574463358577e-05,,False
2006-07-03,2006,7,3,0.0,,5.183574463358577e-05,,False
2006-07-04,2006,7,4,0.0,,5.183574463358577e-05,,False
2006-07-05,2006,7,5,0.0,,5.183574463358577e-05,,False
2006-07-06,2006,7,6,1.0,,1.0,,False
2006-07-07,2006,7,7,0.0,,5.183574463358577e-05,,False
2006-07-08,2006,7,8,0.0,,5.183574463358577e-05,,False
2006-07-09,2006,7,9,0.0,,5.183574463358577e-05,,False
2006-07-10,2006,7,10,41.0,,41.0,,True
2006-07-11,2006,7,11,0.0,,5.183574463358577e-05,,False
2006-07-12,2006,7,12,8888.0,meteorological_log_domain,3.527732759046487,,False
2006-07-13,2006,7,13,0.0,,5.183574463358577e-05,,False
2006-07-14,2006,7,14,0.0,,5.183574463358577e-05,,False
2006-07-15,2006,7,15,0.0,,5.183574463358577e-05,,False
2006-07-16,2006,7,16,0.0,,5.183574463358577e-05,,False
2006-07-17,2006,7,17,0.0,,5.183574463358577e-05,,False
2006-07-18,2006,7,18,0.0,,5.183574463358577e-05,,False
2006-07-19,2006,7,19,1.0,,1.0,,False
2006-07-20,2006,7,20,0.0,,5.183574463358577e-05,,False
2006-07-21,2006,7,21,0.0,,5.183574463358577e-05,,False
2006-07-22,2006,7,22,0.0,,5.183574463358577e-05,,False
2006-07-23,2006,7,23,0.0,,5.183574463358577e-05,,False
2006-07-24,2006,7,24,0.0,,5.183574463358577e-05,,False
2006-07-25,2006,7,25,0.0,,5.183574463358577e-05,,False
2006-07-26,2006,7,26,0.0,,5.183574463358577e-05,,False
2006-07-27,2006,7,27,2.0,,1.9999999999999998,,False
2006-07-28,2006,7,28,3.0,,3.0,,False
2006-07-29,2006,7,29,0.0,,5.183574463358577e-05,,False
2006-07-30,2006,7,30,0.0,,5.183574463358577e-05,,False
2006-07-31,2006,7,31,17.0,,16.999999999999996,,False
2006-08-01,2006,8,1,0.0,,5.183574463358577e-05,,False
2006-08-02,2006,8,2,0.0,,5.183574463358577e-05,,False
2006-08-03,2006,8,3,0.0,,5.183574463358577e-05,,False
2006-08-04,2006,8,4,0.0,,5.183574463358577e-05,,False
2006-08-05,2006,8,5,0.0,,5.183574463358577e-05,,False
2006-08-06,2006,8,6,5.0,,5.0,,False
2006-08-07,2006,8,7,1.0,,1.0,,False
2006-08-08,2006,8,8,0.0,,5.183574463358577e-05,,False
2006-08-09,2006,8,9,0.0,,5.183574463358577e-05,,False
2006-08-10,2006,8,10,0.0,,5.183574463358577e-05,,False
2006-08-11,2006,8,11,0.0,,5.183574463358577e-05,,False
2006-08-12,2006,8,12,10.0,,9.999999999999998,,False
2006-08-13,2006,8,13,0.0,,5.183574463358577e-05,,False
2006-08-14,2006,8,14,0.0,,5.183574463358577e-05,,False
2006-08-15,2006,8,15,0.0,,5.183574463358577e-05,,False
2006-08-16,2006,8,16,2.0,,1.9999999999999998,,False
2006-08-17,2006,8,17,1.0,,1.0,,False
2006-08-18,2006,8,18,0.0,,5.183574463358577e-05,,False
2006-08-19,2006,8,19,9.0,,8.999999999999998,,False
2006-08-20,2006,8,20,0.0,,5.183574463358577e-05,,False
2006-08-21,2006,8,21,2.0,,1.9999999999999998,,False
2006-08-22,2006,8,22,0.0,,5.183574463358577e-05,,False
2006-08-23,2006,8,23,8888.0,meteorological_log_domain,0.49965068929308065,,False
2006-08-24,2006,8,24,0.0,,5.183574463358577e-05,,False
2006-08-25,2006,8,25,0.0,,5.183574463358577e-05,,False
2006-08-26,2006,8,26,0.0,,5.183574463358577e-05,,False
2006-08-27,2006,8,27,30.0,,29.999999999999993,,True
2006-08-28,2006,8,28,0.0,,5.183574463358577e-05,,False
2006-08-29,2006,8,29,0.0,,5.183574463358577e-05,,False
2006-08-30,2006,8,30,0.0,,5.183574463358577e-05,,False
2006-08-31,2006,8,31,8.0,,8.0,,False
2006-09-01,2006,9,1,8888.0,meteorological_log_domain,5.03404360888151,,False
2006-09-02,2006,9,2,0.0,,5.183574463358577e-05,,False
2006-09-03,2006,9,3,8888.0,meteorological_log_domain,3.297434881473054,,False
2006-09-04,2006,9,4,14.0,,14.000000000000002,,False
2006-09-05,2006,9,5,1.0,,1.0,,False
2006-09-06,2006,9,6,1.0,,1.0,,False
2006-09-07,2006,9,7,24.0,,24.000000000000004,,False
2006-09-08,2006,9,8,0.0,,5.183574463358577e-05,,False
2006-09-09,2006,9,9,1.0,,1.0,,False
2006-09-10,2006,9,10,0.0,,5.183574463358577e-05,,False
2006-09-11,2006,9,11,0.0,,5.183574463358577e-05,,False
2006-09-12,2006,9,12,12.0,,12.0,,False
2006-09-13,2006,9,13,8888.0,meteorological_log_domain,3.8945232519840336,,False
2006-09-14,2006,9,14,28.0,,27.999999999999996,,True
2006-09-15,2006,9,15,0.0,,5.183574463358577e-05,,False
2006-09-16,2006,9,16,0.0,,5.183574463358577e-05,,False
2006-09-17,2006,9,17,0.0,,5.183574463358577e-05,,False
2006-09-18,2006,9,18,0.0,,5.183574463358577e-05,,False
2006-09-19,2006,9,19,8888.0,meteorological_log_domain,3.0275867947790545,,False
2006-09-20,2006,9,20,0.0,,5.183574463358577e-05,,False
2006-09-21,2006,9,21,1.0,,1.0,,False
2006-09-22,2006,9,22,0.0,,5.183574463358577e-05,,False
2006-09-23,2006,9,23,0.0,,5.183574463358577e-05,,False
2006-09-24,2006,9,24,8888.0,meteorological_log_domain,7.738021155324489,,False
2006-09-25,2006,9,25,0.0,,5.183574463358577e-05,,False
2006-09-26,2006,9,26,8888.0,meteorological_log_domain,1.718757200241688,,False
2006-09-27,2006,9,27,0.0,,5.183574463358577e-05,,False
2006-09-28,2006,9,28,0.0,,5.183574463358577e-05,,False
2006-09-29,2006,9,29,0.0,,5.183574463358577e-05,,False
2006-09-30,2006,9,30,3.0,,3.0,,False
2006-10-01,2006,10,1,8888.0,meteorological_log_domain,1.7666362712138415,,False
2006-10-02,2006,10,2,0.0,,5.183574463358577e-05,,False
2006-10-03,2006,10,3,0.0,,5.183574463358577e-05,,False
2006-10-04,2006,10,4,0.0,,5.183574463358577e-05,,False
2006-10-05,2006,10,5,8888.0,meteorological_log_domain,1.1380917757465474,,False
2006-10-06,2006,10,6,8888.0,meteorological_log_domain,4.52175921116543,,False
2006-10-07,2006,10,7,1.0,,1.0,,False
2006-10-08,2006,10,8,0.0,,5.183574463358577e-05,,False
2006-10-09,2006,10,9,0.0,,5.183574463358577e-05,,False
2006-10-10,2006,10,10,0.0,,5.183574463358577e-05,,False
2006-10-11,2006,10,11,0.0,,5.183574463358577e-05,,False
2006-10-12,2006,10,12,0.0,,5.183574463358577e-05,,False
2006-10-13,2006,10,13,0.0,,5.183574463358577e-05,,False
2006-10-14,2006,10,14,34.0,,33.99999999999999,,True
2006-10-15,2006,10,15,21.0,,21.0,,False
2006-10-16,2006,10,16,0.0,,5.183574463358577e-05,,False
2006-10-17,2006,10,17,2.0,,1.9999999999999998,,False
2006-10-18,2006,10,18,0.0,,5.183574463358577e-05,,False
2006-10-19,2006,10,19,0.0,,5.183574463358577e-05,,False
2006-10-20,2006,10,20,8888.0,meteorological_log_domain,3.8715447024433574,,False
2006-10-21,2006,10,21,0.0,,5.183574463358577e-05,,False
2006-10-22,2006,10,22,9.0,,8.999999999999998,,False
2006-10-23,2006,10,23,10.0,,9.999999999999998,,False
2006-10-24,2006,10,24,0.0,,5.183574463358577e-05,,False
2006-10-25,2006,10,25,1.0,,1.0,,False
2006-10-26,2006,10,26,4.0,,4.0,,False
2006-10-27,2006,10,27,0.0,,5.183574463358577e-05,,False
2006-10-28,2006,10,28,4.0,,4.0,,False
2006-10-29,2006,10,29,0.0,,5.183574463358577e-05,,False
2006-10-30,2006,10,30,0.0,,5.183574463358577e-05,,False
2006-10-31,2006,10,31,0.0,,5.183574463358577e-05,,False
2006-11-01,2006,11,1,4.0,,4.0,,False
2006-11-02,2006,11,2,8888.0,meteorological_log_domain,8.326895054563925,,False
2006-11-03,2006,11,3,0.0,,5.183574463358577e-05,,False
2006-11-04,2006,11,4,2.0,,1.9999999999999998,,False
2006-11-05,2006,11,5,8888.0,meteorological_log_domain,4.718407999016116,,False
2006-11-06,2006,11,6,2.0,,1.9999999999999998,,False
2006-11-07,2006,11,7,0.0,,5.183574463358577e-05,,False
2006-11-08,2006,11,8,8.0,,8.0,,False
2006-11-09,2006,11,9,0.0,,5.183574463358577e-05,,False
2006-11-10,2006,11,10,0.0,,5.183574463358577e-05,,False
2006-11-11,2006,11,11,8888.0,meteorological_log_domain,4.975257842966606,,False
2006-11-12,2006,11,12,4.0,,4.0,,False
2006-11-13,2006,11,13,19.0,,19.0,,False
2006-11-14,2006,11,14,1.0,,1.0,,False
2006-11-15,2006,11,15,1.0,,1.0,,False
2006-11-16,2006,11,16,8888.0,meteorological_log_domain,7.241813650439873,,False
2006-11-17,2006,11,17,8888.0,meteorological_log_domain,2.789911393717149,,False
2006-11-18,2006,11,18,0.0,,5.183574463358577e-05,,False
2006-11-19,2006,11,19,0.0,,5.183574463358577e-05,,False
2006-11-20,2006,11,20,8888.0,meteorological_log_domain,13.616012242196101,,False
2006-11-21,2006,11,21,0.0,,5.183574463358577e-05,,False
2006-11-22,2006,11,22,0.0,,5.183574463358577e-05,,False
2006-11-23,2006,11,23,0.0,,5.183574463358577e-05,,False
2006-11-24,2006,11,24,0.0,,5.183574463358577e-05,,False
2006-11-25,2006,11,25,0.0,,5.183574463358577e-05,,False
2006-11-26,2006,11,26,1.0,,1.0,,False
2006-11-27,2006,11,27,1.0,,1.0,,False
2006-11-28,2006,11,28,0.0,,5.183574463358577e-05,,False
2006-11-29,2006,11,29,0.0,,5.183574463358577e-05,,False
2006-11-30,2006,11,30,2.0,,1.9999999999999998,,False
2006-12-01,2006,12,1,4.0,,4.0,,False
2006-12-02,2006,12,2,0.0,,5.183574463358577e-05,,False
2006-12-03,2006,12,3,8888.0,meteorological_log_domain,6.793925924063753,,False
2006-12-04,2006,12,4,0.0,,5.183574463358577e-05,,False
2006-12-05,2006,12,5,0.0,,5.183574463358577e-05,,False
2006-12-06,2006,12,6,0.0,,5.183574463358577e-05,,False
2006-12-07,2006,12,7,0.0,,5.183574463358577e-05,,False
2006-12-08,2006,12,8,0.0,,5.183574463358577e-05,,False
2006-12-09,2006,12,9,1.0,,1.0,,False
2006-12-10,2006,12,10,0.0,,5.183574463358577e-05,,False
2006-12-11,2006,12,11,1.0,,1.0,,False
2006-12-12,2006,12,12,0.0,,5.183574463358577e-05,,False
2006-12-13,2006,12,13,1.0,,1.0,,False
2006-12-14,2006,12,14,0.0,,5.183574463358577e-05,,False
2006-12-15,2006,12,15,8888.0,meteorological_log_domain,3.3119241522423257,,False
2006-12-16,2006,12,16,8888.0,meteorological_log_domain,2.0068779412389266,,False
2006-12-17,2006,12,17,0.0,,5.183574463358577e-05,,False
2006-12-18,2006,12,18,29.0,,29.000000000000004,,True
2006-12-19,2006,12,19,7.0,,7.0,,False
2006-12-20,2006,12,20,5.0,,5.0,,False
2006-12-21,2006,12,21,44.0,,44.00000000000001,,True
2006-12-22,2006,12,22,123.0,,122.99999999999999,,True
2006-12-23,2006,12,23,14.0,,14.000000000000002,,False
2006-12-24,2006,12,24,0.0,,5.183574463358577e-05,,False
2006-12-25,2006,12,25,1.0,,1.0,,False
2006-12-26,2006,12,26,0.0,,5.183574463358577e-05,,False
2006-12-27,2006,12,27,0.0,,5.183574463358577e-05,,False
2006-12-28,2006,12,28,0.0,,5.183574463358577e-05,,False
2006-12-29,2006,12,29,2.0,,1.9999999999999998,,False
2006-12-30,2006,12,30,0.0,,5.183574463358577e-05,,False
2006-12-31,2006,12,31,0.0,,5.183574463358577e-05,,False
2007-01-01,2007,1,1,0.0,,5.183574463358577e-05,,False
2007-01-02,2007,1,2,0.0,,5.183574463358577e-05,,False
2007-01-03,2007,1,3,0.0,,5.183574463358577e-05,,False
2007-01-04,2007,1,4,0.0,,5.183574463358577e-05,,False
2007-01-05,2007,1,5,8888.0,meteorological_log_domain,2.3673514719880053,,False
2007-01-06,2007,1,6,0.0,,5.183574463358577e-05,,False
2007-01-07,2007,1,7,1.0,,1.0,,False
2007-01-08,2007,1,8,0.0,,5.183574463358577e-05,,False
2007-01-09,2007,1,9,5.0,,5.0,,False
2007-01-10,2007,1,10,19.0,,19.0,,False
2007-01-11,2007,1,11,24.0,,24.000000000000004,,False
2007-01-12,2007,1,12,8888.0,meteorological_log_domain,1.9555693166582953,,False
2007-01-13,2007,1,13,1.0,,1.0,,False
2007-01-14,2007,1,14,14.0,,14.000000000000002,,False
2007-01-15,2007,1,15,3.0,,3.0,,False
2007-01-16,2007,1,16,0.0,,5.183574463358577e-05,,False
2007-01-17,2007,1,17,0.0,,5.183574463358577e-05,,False
2007-01-18,2007,1,18,2.0,,1.9999999999999998,,False
2007-01-19,2007,1,19,8888.0,meteorological_log_domain,1.3630109890312905,,False
2007-01-20,2007,1,20,20.0,,19.999999999999996,,False
2007-01-21,2007,1,21,35.0,,34.99999999999999,,True
2007-01-22,2007,1,22,17.0,,16.999999999999996,,False
2007-01-23,2007,1,23,0.0,,5.183574463358577e-05,,False
2007-01-24,2007,1,24,0.0,,5.183574463358577e-05,,False
2007-01-25,2007,1,25,0.0,,5.183574463358577e-05,,False
2007-01-26,2007,1,26,0.0,,5.183574463358577e-05,,False
2007-01-27,2007,1,27,0.0,,5.183574463358577e-05,,False
2007-01-28,2007,1,28,8888.0,meteorological_log_domain,3.731166984721678,,False
2007-01-29,2007,1,29,0.0,,5.183574463358577e-05,,False
2007-01-30,2007,1,30,0.0,,5.183574463358577e-05,,False
2007-01-31,2007,1,31,0.0,,5.183574463358577e-05,,False
2007-02-01,2007,2,1,0.0,,5.183574463358577e-05,,False
2007-02-02,2007,2,2,0.0,,5.183574463358577e-05,,False
2007-02-03,2007,2,3,8888.0,meteorological_log_domain,2.094672339639771,,False
2007-02-04,2007,2,4,0.0,,5.183574463358577e-05,,False
2007-02-05,2007,2,5,0.0,,5.183574463358577e-05,,False
2007-02-06,2007,2,6,0.0,,5.183574463358577e-05,,False
2007-02-07,2007,2,7,0.0,,5.183574463358577e-05,,False
2007-02-08,2007,2,8,0.0,,5.183574463358577e-05,,False
2007-02-09,2007,2,9,0.0,,5.183574463358577e-05,,False
2007-02-10,2007,2,10,0.0,,5.183574463358577e-05,,False
2007-02-11,2007,2,11,0.0,,5.183574463358577e-05,,False
2007-02-12,2007,2,12,0.0,,5.183574463358577e-05,,False
2007-02-13,2007,2,13,0.0,,5.183574463358577e-05,,False
2007-02-14,2007,2,14,0.0,,5.183574463358577e-05,,False
2007-02-15,2007,2,15,0.0,,5.183574463358577e-05,,False
2007-02-16,2007,2,16,0.0,,5.183574463358577e-05,,False
2007-02-17,2007,2,17,1.0,,1.0,,False
2007-02-18,2007,2,18,41.0,,41.0,,True
2007-02-19,2007,2,19,6.0,,6.0,,False
2007-02-20,2007,2,20,0.0,,5.183574463358577e-05,,False
2007-02-21,2007,2,21,0.0,,5.183574463358577e-05,,False
2007-02-22,2007,2,22,7.0,,7.0,,False
2007-02-23,2007,2,23,0.0,,5.183574463358577e-05,,False
2007-02-24,2007,2,24,0.0,,5.183574463358577e-05,,False
2007-02-25,2007,2,25,0.0,,5.183574463358577e-05,,False
2007-02-26,2007,2,26,0.0,,5.183574463358577e-05,,False
2007-02-27,2007,2,27,0.0,,5.183574463358577e-05,,False
2007-02-28,2007,2,28,1.0,,1.0,,False
2007-03-01,2007,3,1,1.0,,1.0,,False
2007-03-02,2007,3,2,0.0,,5.183574463358577e-05,,False
2007-03-03,2007,3,3,0.0,,5.183574463358577e-05,,False
2007-03-04,2007,3,4,0.0,,5.183574463358577e-05,,False
2007-03-05,2007,3,5,0.0,,5.183574463358577e-05,,False
2007-03-06,2007,3,6,0.0,,5.183574463358577e-05,,False
2007-03-07,2007,3,7,0.0,,5.183574463358577e-05,,False
2007-03-08,2007,3,8,0.0,,5.183574463358577e-05,,False
2007-03-09,2007,3,9,0.0,,5.183574463358577e-05,,False
2007-03-10,2007,3,10,0.0,,5.183574463358577e-05,,False
2007-03-11,2007,3,11,8888.0,meteorological_log_domain,2.956698258792199,,False
2007-03-12,2007,3,12,0.0,,5.183574463358577e-05,,False
2007-03-13,2007,3,13,15.0,,14.999999999999998,,False
2007-03-14,2007,3,14,0.0,,5.183574463358577e-05,,False
2007-03-15,2007,3,15,0.0,,5.183574463358577e-05,,False
2007-03-16,2007,3,16,6.0,,6.0,,False
2007-03-17,2007,3,17,10.0,,9.999999999999998,,False
2007-03-18,2007,3,18,0.0,,5.183574463358577e-05,,False
2007-03-19,2007,3,19,0.0,,5.183574463358577e-05,,False
2007-03-20,2007,3,20,8888.0,meteorological_log_domain,2.015402543961781,,False
2007-03-21,2007,3,21,0.0,,5.183574463358577e-05,,False
2007-03-22,2007,3,22,0.0,,5.183574463358577e-05,,False
2007-03-23,2007,3,23,5.0,,5.0,,False
2007-03-24,2007,3,24,0.0,,5.183574463358577e-05,,False
2007-03-25,2007,3,25,8888.0,meteorological_log_domain,3.5110242830983336,,False
2007-03-26,2007,3,26,0.0,,5.183574463358577e-05,,False
2007-03-27,2007,3,27,0.0,,5.183574463358577e-05,,False
2007-03-28,2007,3,28,0.0,,5.183574463358577e-05,,False
2007-03-29,2007,3,29,8888.0,meteorological_log_domain,2.072501988102416,,False
2007-03-30,2007,3,30,8888.0,meteorological_log_domain,3.716088546317798,,False
2007-03-31,2007,3,31,0.0,,5.183574463358577e-05,,False
2007-04-01,2007,4,1,8888.0,meteorological_log_domain,3.7142005134155034,,False
2007-04-02,2007,4,2,22.0,,22.0,,False
2007-04-03,2007,4,3,0.0,,5.183574463358577e-05,,False
2007-04-04,2007,4,4,0.0,,5.183574463358577e-05,,False
2007-04-05,2007,4,5,0.0,,5.183574463358577e-05,,False
2007-04-06,2007,4,6,0.0,,5.183574463358577e-05,,False
2007-04-07,2007,4,7,0.0,,5.183574463358577e-05,,False
2007-04-08,2007,4,8,0.0,,5.183574463358577e-05,,False
2007-04-09,2007,4,9,0.0,,5.183574463358577e-05,,False
2007-04-10,2007,4,10,0.0,,5.183574463358577e-05,,False
2007-04-11,2007,4,11,0.0,,5.183574463358577e-05,,False
2007-04-12,2007,4,12,1.0,,1.0,,False
2007-04-13,2007,4,13,0.0,,5.183574463358577e-05,,False
2007-04-14,2007,4,14,1.0,,1.0,,False
2007-04-15,2007,4,15,3.0,,3.0,,False
2007-04-16,2007,4,16,0.0,,5.183574463358577e-05,,False
2007-04-17,2007,4,17,8.0,,8.0,,False
2007-04-18,2007,4,18,0.0,,5.183574463358577e-05,,False
2007-04-19,2007,4,19,0.0,,5.183574463358577e-05,,False
2007-04-20,2007,4,20,0.0,,5.183574463358577e-05,,False
2007-04-21,2007,4,21,0.0,,5.183574463358577e-05,,False
2007-04-22,2007,4,22,2.0,,1.9999999999999998,,False
2007-04-23,2007,4,23,0.0,,5.183574463358577e-05,,False
2007-04-24,2007,4,24,8888.0,meteorological_log_domain,0.5417715524863018,,False
2007-04-25,2007,4,25,0.0,,5.183574463358577e-05,,False
2007-04-26,2007,4,26,3.0,,3.0,,False
2007-04-27,2007,4,27,8888.0,meteorological_log_domain,7.896452566840765,,False
2007-04-28,2007,4,28,3.0,,3.0,,False
2007-04-29,2007,4,29,0.0,,5.183574463358577e-05,,False
2007-04-30,2007,4,30,1.0,,1.0,,False
2007-05-01,2007,5,1,21.0,,21.0,,False
2007-05-02,2007,5,2,3.0,,3.0,,False
2007-05-03,2007,5,3,0.0,,5.183574463358577e-05,,False
2007-05-04,2007,5,4,6.0,,6.0,,False
2007-05-05,2007,5,5,8888.0,meteorological_log_domain,4.920343973818959,,False
2007-05-06,2007,5,6,4.0,,4.0,,False
2007-05-07,2007,5,7,0.0,,5.183574463358577e-05,,False
2007-05-08,2007,5,8,0.0,,5.183574463358577e-05,,False
2007-05-09,2007,5,9,1.0,,1.0,,False
2007-05-10,2007,5,10,3.0,,3.0,,False
2007-05-11,2007,5,11,10.0,,9.999999999999998,,False
2007-05-12,2007,5,12,0.0,,5.183574463358577e-05,,False
2007-05-13,2007,5,13,3.0,,3.0,,False
2007-05-14,2007,5,14,27.0,,27.000000000000004,,True
2007-05-15,2007,5,15,1.0,,1.0,,False
2007-05-16,2007,5,16,7.0,,7.0,,False
2007-05-17,2007,5,17,0.0,,5.183574463358577e-05,,False
2007-05-18,2007,5,18,0.0,,5.183574463358577e-05,,False
2007-05-19,2007,5,19,7.0,,7.0,,False
2007-05-20,2007,5,20,1.0,,1.0,,False
2007-05-21,2007,5,21,0.0,,5.183574463358577e-05,,False
2007-05-22,2007,5,22,8888.0,meteorological_log_domain,1.5013981903192142,,False
2007-05-23,2007,5,23,0.0,,5.183574463358577e-05,,False
2007-05-24,2007,5,24,0.0,,5.183574463358577e-05,,False
2007-05-25,2007,5,25,0.0,,5.183574463358577e-05,,False
2007-05-26,2007,5,26,0.0,,5.183574463358577e-05,,False
2007-05-27,2007,5,27,0.0,,5.183574463358577e-05,,False
2007-05-28,2007,5,28,0.0,,5.183574463358577e-05,,False
2007-05-29,2007,5,29,6.0,,6.0,,False
2007-05-30,2007,5,30,0.0,,5.183574463358577e-05,,False
2007-05-31,2007,5,31,8888.0,meteorological_log_domain,2.199606707372346,,False
2007-06-01,2007,6,1,1.0,,1.0,,False
2007-06-02,2007,6,2,0.0,,5.183574463358577e-05,,False
2007-06-03,2007,6,3,0.0,,5.183574463358577e-05,,False
2007-06-04,2007,6,4,8888.0,meteorological_log_domain,11.405284332371735,,False
2007-06-05,2007,6,5,5.0,,5.0,,False
2007-06-06,2007,6,6,3.0,,3.0,,False
2007-06-07,2007,6,7,4.0,,4.0,,False
2007-06-08,2007,6,8,0.0,,5.183574463358577e-05,,False
2007-06-09,2007,6,9,0.0,,5.183574463358577e-05,,False
2007-06-10,2007,6,10,0.0,,5.183574463358577e-05,,False
2007-06-11,2007,6,11,0.0,,5.183574463358577e-05,,False
2007-06-12,2007,6,12,35.0,,34.99999999999999,,True
2007-06-13,2007,6,13,8888.0,meteorological_log_domain,3.1461552526331547,,False
2007-06-14,2007,6,14,3.0,,3.0,,False
2007-06-15,2007,6,15,5.0,,5.0,,False
2007-06-16,2007,6,16,6.0,,6.0,,False
2007-06-17,2007,6,17,8888.0,meteorological_log_domain,0.8696141133112664,,False
2007-06-18,2007,6,18,0.0,,5.183574463358577e-05,,False
2007-06-19,2007,6,19,1.0,,1.0,,False
2007-06-20,2007,6,20,8888.0,meteorological_log_domain,1.0759980088215513,,False
2007-06-21,2007,6,21,0.0,,5.183574463358577e-05,,False
2007-06-22,2007,6,22,0.0,,5.183574463358577e-05,,False
2007-06-23,2007,6,23,0.0,,5.183574463358577e-05,,False
2007-06-24,2007,6,24,0.0,,5.183574463358577e-05,,False
2007-06-25,2007,6,25,8888.0,meteorological_log_domain,2.5994126832938065,,False
2007-06-26,2007,6,26,1.0,,1.0,,False
2007-06-27,2007,6,27,8888.0,meteorological_log_domain,2.9698462771719916,,False
2007-06-28,2007,6,28,0.0,,5.183574463358577e-05,,False
2007-06-29,2007,6,29,0.0,,5.183574463358577e-05,,False
2007-06-30,2007,6,30,0.0,,5.183574463358577e-05,,False
2007-07-01,2007,7,1,0.0,,5.183574463358577e-05,,False
2007-07-02,2007,7,2,0.0,,5.183574463358577e-05,,False
2007-07-03,2007,7,3,0.0,,5.183574463358577e-05,,False
2007-07-04,2007,7,4,0.0,,5.183574463358577e-05,,False
2007-07-05,2007,7,5,0.0,,5.183574463358577e-05,,False
2007-07-06,2007,7,6,0.0,,5.183574463358577e-05,,False
2007-07-07,2007,7,7,0.0,,5.183574463358577e-05,,False
2007-07-08,2007,7,8,2.0,,1.9999999999999998,,False
2007-07-09,2007,7,9,0.0,,5.183574463358577e-05,,False
2007-07-10,2007,7,10,0.0,,5.183574463358577e-05,,False
2007-07-11,2007,7,11,0.0,,5.183574463358577e-05,,False
2007-07-12,2007,7,12,0.0,,5.183574463358577e-05,,False
2007-07-13,2007,7,13,0.0,,5.183574463358577e-05,,False
2007-07-14,2007,7,14,38.0,,38.0,,True
2007-07-15,2007,7,15,20.0,,19.999999999999996,,False
2007-07-16,2007,7,16,0.0,,5.183574463358577e-05,,False
2007-07-17,2007,7,17,0.0,,5.183574463358577e-05,,False
2007-07-18,2007,7,18,0.0,,5.183574463358577e-05,,False
2007-07-19,2007,7,19,0.0,,5.183574463358577e-05,,False
2007-07-20,2007,7,20,27.0,,27.000000000000004,,True
2007-07-21,2007,7,21,3.0,,3.0,,False
2007-07-22,2007,7,22,8888.0,meteorological_log_domain,3.7127702045247024,,False
2007-07-23,2007,7,23,35.0,,34.99999999999999,,True
2007-07-24,2007,7,24,39.0,,38.99999999999999,,True
2007-07-25,2007,7,25,0.0,,5.183574463358577e-05,,False
2007-07-26,2007,7,26,0.0,,5.183574463358577e-05,,False
2007-07-27,2007,7,27,1.0,,1.0,,False
2007-07-28,2007,7,28,16.0,,16.000000000000004,,False
2007-07-29,2007,7,29,1.0,,1.0,,False
2007-07-30,2007,7,30,8888.0,meteorological_log_domain,1.9154310823784917,,False
2007-07-31,2007,7,31,7.0,,7.0,,False
2007-08-01,2007,8,1,18.0,,17.999999999999996,,False
2007-08-02,2007,8,2,0.0,,5.183574463358577e-05,,False
2007-08-03,2007,8,3,0.0,,5.183574463358577e-05,,False
2007-08-04,2007,8,4,0.0,,5.183574463358577e-05,,False
2007-08-05,2007,8,5,0.0,,5.183574463358577e-05,,False
2007-08-06,2007,8,6,0.0,,5.183574463358577e-05,,False
2007-08-07,2007,8,7,0.0,,5.183574463358577e-05,,False
2007-08-08,2007,8,8,0.0,,5.183574463358577e-05,,False
2007-08-09,2007,8,9,0.0,,5.183574463358577e-05,,False
2007-08-10,2007,8,10,0.0,,5.183574463358577e-05,,False
2007-08-11,2007,8,11,0.0,,5.183574463358577e-05,,False
2007-08-12,2007,8,12,1.0,,1.0,,False
2007-08-13,2007,8,13,0.0,,5.183574463358577e-05,,False
2007-08-14,2007,8,14,8888.0,meteorological_log_domain,5.571683458468769,,False
2007-08-15,2007,8,15,33.0,,33.0,,True
2007-08-16,2007,8,16,1.0,,1.0,,False
2007-08-17,2007,8,17,0.0,,5.183574463358577e-05,,False
2007-08-18,2007,8,18,8888.0,meteorological_log_domain,7.173773127207119,,False
2007-08-19,2007,8,19,0.0,,5.183574463358577e-05,,False
2007-08-20,2007,8,20,8888.0,meteorological_log_domain,2.3791556258502946,,False
2007-08-21,2007,8,21,8888.0,meteorological_log_domain,8.1360852137216,,False
2007-08-22,2007,8,22,8888.0,meteorological_log_domain,4.047707740485495,,False
2007-08-23,2007,8,23,8888.0,meteorological_log_domain,0.5945870888090409,,False
2007-08-24,2007,8,24,0.0,,5.183574463358577e-05,,False
2007-08-25,2007,8,25,36.0,,36.00000000000001,,True
2007-08-26,2007,8,26,8888.0,meteorological_log_domain,7.5981439813135445,,False
2007-08-27,2007,8,27,2.0,,1.9999999999999998,,False
2007-08-28,2007,8,28,3.0,,3.0,,False
2007-08-29,2007,8,29,8888.0,meteorological_log_domain,7.696207148370478,,False
2007-08-30,2007,8,30,2.0,,1.9999999999999998,,False
2007-08-31,2007,8,31,0.0,,5.183574463358577e-05,,False
2007-09-01,2007,9,1,0.0,,5.183574463358577e-05,,False
2007-09-02,2007,9,2,8888.0,meteorological_log_domain,13.189253937965486,,False
2007-09-03,2007,9,3,4.0,,4.0,,False
2007-09-04,2007,9,4,8888.0,meteorological_log_domain,7.508819481391193,,False
2007-09-05,2007,9,5,8888.0,meteorological_log_domain,2.951695090746346,,False
2007-09-06,2007,9,6,0.0,,5.183574463358577e-05,,False
2007-09-07,2007,9,7,20.0,,19.999999999999996,,False
2007-09-08,2007,9,8,0.0,,5.183574463358577e-05,,False
2007-09-09,2007,9,9,0.0,,5.183574463358577e-05,,False
2007-09-10,2007,9,10,0.0,,5.183574463358577e-05,,False
2007-09-11,2007,9,11,0.0,,5.183574463358577e-05,,False
2007-09-12,2007,9,12,0.0,,5.183574463358577e-05,,False
2007-09-13,2007,9,13,0.0,,5.183574463358577e-05,,False
2007-09-14,2007,9,14,8888.0,meteorological_log_domain,1.3856295156122205,,False
2007-09-15,2007,9,15,0.0,,5.183574463358577e-05,,False
2007-09-16,2007,9,16,8888.0,meteorological_log_domain,6.077851189453316,,False
2007-09-17,2007,9,17,0.0,,5.183574463358577e-05,,False
2007-09-18,2007,9,18,0.0,,5.183574463358577e-05,,False
2007-09-19,2007,9,19,0.0,,5.183574463358577e-05,,False
2007-09-20,2007,9,20,0.0,,5.183574463358577e-05,,False
2007-09-21,2007,9,21,0.0,,5.183574463358577e-05,,False
2007-09-22,2007,9,22,4.0,,4.0,,False
2007-09-23,2007,9,23,0.0,,5.183574463358577e-05,,False
2007-09-24,2007,9,24,0.0,,5.183574463358577e-05,,False
2007-09-25,2007,9,25,0.0,,5.183574463358577e-05,,False
2007-09-26,2007,9,26,7.0,,7.0,,False
2007-09-27,2007,9,27,2.0,,1.9999999999999998,,False
2007-09-28,2007,9,28,8888.0,meteorological_log_domain,8.796300539623044,,False
2007-09-29,2007,9,29,2.0,,1.9999999999999998,,False
2007-09-30,2007,9,30,16.0,,16.000000000000004,,False
2007-10-01,2007,10,1,0.0,,5.183574463358577e-05,,False
2007-10-02,2007,10,2,0.0,,5.183574463358577e-05,,False
2007-10-03,2007,10,3,1.0,,1.0,,False
2007-10-04,2007,10,4,0.0,,5.183574463358577e-05,,False
2007-10-05,2007,10,5,0.0,,5.183574463358577e-05,,False
2007-10-06,2007,10,6,66.0,,65.99999999999999,,True
2007-10-07,2007,10,7,8888.0,meteorological_log_domain,1.20882774387671,,False
2007-10-08,2007,10,8,0.0,,5.183574463358577e-05,,False
2007-10-09,2007,10,9,8888.0,meteorological_log_domain,3.648210227877329,,False
2007-10-10,2007,10,10,0.0,,5.183574463358577e-05,,False
2007-10-11,2007,10,11,2.0,,1.9999999999999998,,False
2007-10-12,2007,10,12,0.0,,5.183574463358577e-05,,False
2007-10-13,2007,10,13,1.0,,1.0,,False
2007-10-14,2007,10,14,0.0,,5.183574463358577e-05,,False
2007-10-15,2007,10,15,6.0,,6.0,,False
2007-10-16,2007,10,16,35.0,,34.99999999999999,,True
2007-10-17,2007,10,17,1.0,,1.0,,False
2007-10-18,2007,10,18,2.0,,1.9999999999999998,,False
2007-10-19,2007,10,19,5.0,,5.0,,False
2007-10-20,2007,10,20,0.0,,5.183574463358577e-05,,False
2007-10-21,2007,10,21,17.0,,16.999999999999996,,False
2007-10-22,2007,10,22,18.0,,17.999999999999996,,False
2007-10-23,2007,10,23,0.0,,5.183574463358577e-05,,False
2007-10-24,2007,10,24,1.0,,1.0,,False
2007-10-25,2007,10,25,33.0,,33.0,,True
2007-10-26,2007,10,26,0.0,,5.183574463358577e-05,,False
2007-10-27,2007,10,27,0.0,,5.183574463358577e-05,,False
2007-10-28,2007,10,28,8888.0,meteorological_log_domain,1.6797785216693581,,False
2007-10-29,2007,10,29,0.0,,5.183574463358577e-05,,False
2007-10-30,2007,10,30,0.0,,5.183574463358577e-05,,False
2007-10-31,2007,10,31,17.0,,16.999999999999996,,False
2007-11-01,2007,11,1,9.0,,8.999999999999998,,False
2007-11-02,2007,11,2,8888.0,meteorological_log_domain,3.0001826461794243,,False
2007-11-03,2007,11,3,4.0,,4.0,,False
2007-11-04,2007,11,4,0.0,,5.183574463358577e-05,,False
2007-11-05,2007,11,5,47.0,,47.0,,True
2007-11-06,2007,11,6,4.0,,4.0,,False
2007-11-07,2007,11,7,2.0,,1.9999999999999998,,False
2007-11-08,2007,11,8,38.0,,38.0,,True
2007-11-09,2007,11,9,8888.0,meteorological_log_domain,11.463240932008178,,False
2007-11-10,2007,11,10,8888.0,meteorological_log_domain,4.944090109625414,,False
2007-11-11,2007,11,11,8888.0,meteorological_log_domain,13.361621302730763,,False
2007-11-12,2007,11,12,3.0,,3.0,,False
2007-11-13,2007,11,13,0.0,,5.183574463358577e-05,,False
2007-11-14,2007,11,14,0.0,,5.183574463358577e-05,,False
2007-11-15,2007,11,15,0.0,,5.183574463358577e-05,,False
2007-11-16,2007,11,16,8888.0,meteorological_log_domain,4.53499404108605,,False
2007-11-17,2007,11,17,10.0,,9.999999999999998,,False
2007-11-18,2007,11,18,0.0,,5.183574463358577e-05,,False
2007-11-19,2007,11,19,1.0,,1.0,,False
2007-11-20,2007,11,20,0.0,,5.183574463358577e-05,,False
2007-11-21,2007,11,21,3.0,,3.0,,False
2007-11-22,2007,11,22,8888.0,meteorological_log_domain,2.2058139182012892,,False
2007-11-23,2007,11,23,1.0,,1.0,,False
2007-11-24,2007,11,24,0.0,,5.183574463358577e-05,,False
2007-11-25,2007,11,25,6.0,,6.0,,False
2007-11-26,2007,11,26,0.0,,5.183574463358577e-05,,False
2007-11-27,2007,11,27,10.0,,9.999999999999998,,False
2007-11-28,2007,11,28,1.0,,1.0,,False
2007-11-29,2007,11,29,8888.0,meteorological_log_domain,3.120010267597624,,False
2007-11-30,2007,11,30,1.0,,1.0,,False
2007-12-01,2007,12,1,76.0,,76.0,,True
2007-12-02,2007,12,2,8888.0,meteorological_log_domain,4.2381493667307835,,False
2007-12-03,2007,12,3,8888.0,meteorological_log_domain,4.678477380674765,,False
2007-12-04,2007,12,4,0.0,,5.183574463358577e-05,,False
2007-12-05,2007,12,5,2.0,,1.9999999999999998,,False
2007-12-06,2007,12,6,20.0,,19.999999999999996,,False
2007-12-07,2007,12,7,58.0,,57.999999999999986,,True
2007-12-08,2007,12,8,7.0,,7.0,,False
2007-12-09,2007,12,9,8.0,,8.0,,False
2007-12-10,2007,12,10,8.0,,8.0,,False
2007-12-11,2007,12,11,11.0,,10.999999999999998,,False
2007-12-12,2007,12,12,19.0,,19.0,,False
2007-12-13,2007,12,13,1.0,,1.0,,False
2007-12-14,2007,12,14,17.0,,16.999999999999996,,False
2007-12-15,2007,12,15,28.0,,27.999999999999996,,True
2007-12-16,2007,12,16,8.0,,8.0,,False
2007-12-17,2007,12,17,2.0,,1.9999999999999998,,False
2007-12-18,2007,12,18,0.0,,5.183574463358577e-05,,False
2007-12-19,2007,12,19,0.0,,5.183574463358577e-05,,False
2007-12-20,2007,12,20,3.0,,3.0,,False
2007-12-21,2007,12,21,18.0,,17.999999999999996,,False
2007-12-22,2007,12,22,8888.0,meteorological_log_domain,3.7537733432051734,,False
2007-12-23,2007,12,23,0.0,,5.183574463358577e-05,,False
2007-12-24,2007,12,24,0.0,,5.183574463358577e-05,,False
2007-12-25,2007,12,25,1.0,,1.0,,False
2007-12-26,2007,12,26,0.0,,5.183574463358577e-05,,False
2007-12-27,2007,12,27,8888.0,meteorological_log_domain,13.052436762533961,,False
2007-12-28,2007,12,28,0.0,,5.183574463358577e-05,,False
2007-12-29,2007,12,29,0.0,,5.183574463358577e-05,,False
2007-12-30,2007,12,30,0.0,,5.183574463358577e-05,,False
2007-12-31,2007,12,31,0.0,,5.183574463358577e-05,,False
2008-01-01,2008,1,1,0.0,,5.183574463358577e-05,,False
2008-01-02,2008,1,2,0.0,,5.183574463358577e-05,,False
2008-01-03,2008,1,3,0.0,,5.183574463358577e-05,,False
2008-01-04,2008,1,4,0.0,,5.183574463358577e-05,,False
2008-01-05,2008,1,5,0.0,,5.183574463358577e-05,,False
2008-01-06,2008,1,6,0.0,,5.183574463358577e-05,,False
2008-01-07,2008,1,7,8888.0,meteorological_log_domain,7.3125831201307845,,False
2008-01-08,2008,1,8,0.0,,5.183574463358577e-05,,False
2008-01-09,2008,1,9,10.0,,9.999999999999998,,False
2008-01-10,2008,1,10,0.0,,5.183574463358577e-05,,False
2008-01-11,2008,1,11,11.0,,10.999999999999998,,False
2008-01-12,2008,1,12,0.0,,5.183574463358577e-05,,False
2008-01-13,2008,1,13,0.0,,5.183574463358577e-05,,False
2008-01-14,2008,1,14,0.0,,5.183574463358577e-05,,False
2008-01-15,2008,1,15,0.0,,5.183574463358577e-05,,False
2008-01-16,2008,1,16,0.0,,5.183574463358577e-05,,False
2008-01-17,2008,1,17,0.0,,5.183574463358577e-05,,False
2008-01-18,2008,1,18,2.0,,1.9999999999999998,,False
2008-01-19,2008,1,19,3.0,,3.0,,False
2008-01-20,2008,1,20,0.0,,5.183574463358577e-05,,False
2008-01-21,2008,1,21,0.0,,5.183574463358577e-05,,False
2008-01-22,2008,1,22,13.0,,13.000000000000002,,False
2008-01-23,2008,1,23,0.0,,5.183574463358577e-05,,False
2008-01-24,2008,1,24,0.0,,5.183574463358577e-05,,False
2008-01-25,2008,1,25,0.0,,5.183574463358577e-05,,False
2008-01-26,2008,1,26,0.0,,5.183574463358577e-05,,False
2008-01-27,2008,1,27,0.0,,5.183574463358577e-05,,False
2008-01-28,2008,1,28,1.0,,1.0,,False
2008-01-29,2008,1,29,0.0,,5.183574463358577e-05,,False
2008-01-30,2008,1,30,0.0,,5.183574463358577e-05,,False
2008-01-31,2008,1,31,0.0,,5.183574463358577e-05,,False
2008-02-01,2008,2,1,0.0,,5.183574463358577e-05,,False
2008-02-02,2008,2,2,0.0,,5.183574463358577e-05,,False
2008-02-03,2008,2,3,1.0,,1.0,,False
2008-02-04,2008,2,4,1.0,,1.0,,False
2008-02-05,2008,2,5,0.0,,5.183574463358577e-05,,False
2008-02-06,2008,2,6,0.0,,5.183574463358577e-05,,False
2008-02-07,2008,2,7,0.0,,5.183574463358577e-05,,False
2008-02-08,2008,2,8,0.0,,5.183574463358577e-05,,False
2008-02-09,2008,2,9,0.0,,5.183574463358577e-05,,False
2008-02-10,2008,2,10,0.0,,5.183574463358577e-05,,False
2008-02-11,2008,2,11,0.0,,5.183574463358577e-05,,False
2008-02-12,2008,2,12,0.0,,5.183574463358577e-05,,False
2008-02-13,2008,2,13,0.0,,5.183574463358577e-05,,False
2008-02-14,2008,2,14,0.0,,5.183574463358577e-05,,False
2008-02-15,2008,2,15,0.0,,5.183574463358577e-05,,False
2008-02-16,2008,2,16,0.0,,5.183574463358577e-05,,False
2008-02-17,2008,2,17,0.0,,5.183574463358577e-05,,False
2008-02-18,2008,2,18,0.0,,5.183574463358577e-05,,False
2008-02-19,2008,2,19,0.0,,5.183574463358577e-05,,False
2008-02-20,2008,2,20,0.0,,5.183574463358577e-05,,False
2008-02-21,2008,2,21,0.0,,5.183574463358577e-05,,False
2008-02-22,2008,2,22,0.0,,5.183574463358577e-05,,False
2008-02-23,2008,2,23,0.0,,5.183574463358577e-05,,False
2008-02-24,2008,2,24,0.0,,5.183574463358577e-05,,False
2008-02-25,2008,2,25,0.0,,5.183574463358577e-05,,False
2008-02-26,2008,2,26,0.0,,5.183574463358577e-05,,False
2008-02-27,2008,2,27,1.0,,1.0,,False
2008-02-28,2008,2,28,0.0,,5.183574463358577e-05,,False
2008-02-29,2008,2,29,0.0,,5.183574463358577e-05,,False
2008-03-01,2008,3,1,3.0,,3.0,,False
2008-03-02,2008,3,2,3.0,,3.0,,False
2008-03-03,2008,3,3,0.0,,5.183574463358577e-05,,False
2008-03-04,2008,3,4,8888.0,meteorological_log_domain,3.4997303887247675,,False
2008-03-05,2008,3,5,0.0,,5.183574463358577e-05,,False
2008-03-06,2008,3,6,0.0,,5.183574463358577e-05,,False
2008-03-07,2008,3,7,0.0,,5.183574463358577e-05,,False
2008-03-08,2008,3,8,8888.0,meteorological_log_domain,4.720807741584975,,False
2008-03-09,2008,3,9,8888.0,meteorological_log_domain,1.1316607252363735,,False
2008-03-10,2008,3,10,22.0,,22.0,,False
2008-03-11,2008,3,11,3.0,,3.0,,False
2008-03-12,2008,3,12,5.0,,5.0,,False
2008-03-13,2008,3,13,8888.0,meteorological_log_domain,8.346675561114335,,False
2008-03-14,2008,3,14,13.0,,13.000000000000002,,False
2008-03-15,2008,3,15,0.0,,5.183574463358577e-05,,False
2008-03-16,2008,3,16,8888.0,meteorological_log_domain,2.0913304817713967,,False
2008-03-17,2008,3,17,0.0,,5.183574463358577e-05,,False
2008-03-18,2008,3,18,0.0,,5.183574463358577e-05,,False
2008-03-19,2008,3,19,2.0,,1.9999999999999998,,False
2008-03-20,2008,3,20,0.0,,5.183574463358577e-05,,False
2008-03-21,2008,3,21,0.0,,5.183574463358577e-05,,False
2008-03-22,2008,3,22,0.0,,5.183574463358577e-05,,False
2008-03-23,2008,3,23,0.0,,5.183574463358577e-05,,False
2008-03-24,2008,3,24,0.0,,5.183574463358577e-05,,False
2008-03-25,2008,3,25,0.0,,5.183574463358577e-05,,False
2008-03-26,2008,3,26,9.0,,8.999999999999998,,False
2008-03-27,2008,3,27,5.0,,5.0,,False
2008-03-28,2008,3,28,0.0,,5.183574463358577e-05,,False
2008-03-29,2008,3,29,0.0,,5.183574463358577e-05,,False
2008-03-30,2008,3,30,0.0,,5.183574463358577e-05,,False
2008-03-31,2008,3,31,57.0,,57.00000000000001,,True
2008-04-01,2008,4,1,0.0,,5.183574463358577e-05,,False
2008-04-02,2008,4,2,0.0,,5.183574463358577e-05,,False
2008-04-03,2008,4,3,0.0,,5.183574463358577e-05,,False
2008-04-04,2008,4,4,0.0,,5.183574463358577e-05,,False
2008-04-05,2008,4,5,8888.0,meteorological_log_domain,9.469405518345154,,False
2008-04-06,2008,4,6,3.0,,3.0,,False
2008-04-07,2008,4,7,10.0,,9.999999999999998,,False
2008-04-08,2008,4,8,22.0,,22.0,,False
2008-04-09,2008,4,9,0.0,,5.183574463358577e-05,,False
2008-04-10,2008,4,10,0.0,,5.183574463358577e-05,,False
2008-04-11,2008,4,11,8888.0,meteorological_log_domain,1.6296082834950643,,False
2008-04-12,2008,4,12,0.0,,5.183574463358577e-05,,False
2008-04-13,2008,4,13,0.0,,5.183574463358577e-05,,False
2008-04-14,2008,4,14,0.0,,5.183574463358577e-05,,False
2008-04-15,2008,4,15,0.0,,5.183574463358577e-05,,False
2008-04-16,2008,4,16,0.0,,5.183574463358577e-05,,False
2008-04-17,2008,4,17,0.0,,5.183574463358577e-05,,False
2008-04-18,2008,4,18,8888.0,meteorological_log_domain,1.1752255877337434,,False
2008-04-19,2008,4,19,0.0,,5.183574463358577e-05,,False
2008-04-20,2008,4,20,0.0,,5.183574463358577e-05,,False
2008-04-21,2008,4,21,0.0,,5.183574463358577e-05,,False
2008-04-22,2008,4,22,0.0,,5.183574463358577e-05,,False
2008-04-23,2008,4,23,0.0,,5.183574463358577e-05,,False
2008-04-24,2008,4,24,8.0,,8.0,,False
2008-04-25,2008,4,25,0.0,,5.183574463358577e-05,,False
2008-04-26,2008,4,26,10.0,,9.999999999999998,,False
2008-04-27,2008,4,27,1.0,,1.0,,False
2008-04-28,2008,4,28,0.0,,5.183574463358577e-05,,False
2008-04-29,2008,4,29,8888.0,meteorological_log_domain,2.761738514405873,,False
2008-04-30,2008,4,30,7.0,,7.0,,False
2008-05-01,2008,5,1,0.0,,5.183574463358577e-05,,False
2008-05-02,2008,5,2,0.0,,5.183574463358577e-05,,False
2008-05-03,2008,5,3,0.0,,5.183574463358577e-05,,False
2008-05-04,2008,5,4,0.0,,5.183574463358577e-05,,False
2008-05-05,2008,5,5,0.0,,5.183574463358577e-05,,False
2008-05-06,2008,5,6,0.0,,5.183574463358577e-05,,False
2008-05-07,2008,5,7,8888.0,meteorological_log_domain,1.336215363569359,,False
2008-05-08,2008,5,8,0.0,,5.183574463358577e-05,,False
2008-05-09,2008,5,9,14.0,,14.000000000000002,,False
2008-05-10,2008,5,10,8888.0,meteorological_log_domain,2.4560213347081743,,False
2008-05-11,2008,5,11,8888.0,meteorological_log_domain,2.8765595107526813,,False
2008-05-12,2008,5,12,8888.0,meteorological_log_domain,2.854866986282156,,False
2008-05-13,2008,5,13,8888.0,meteorological_log_domain,3.5196268218060656,,False
2008-05-14,2008,5,14,0.0,,5.183574463358577e-05,,False
2008-05-15,2008,5,15,0.0,,5.183574463358577e-05,,False
2008-05-16,2008,5,16,0.0,,5.183574463358577e-05,,False
2008-05-17,2008,5,17,0.0,,5.183574463358577e-05,,False
2008-05-18,2008,5,18,0.0,,5.183574463358577e-05,,False
2008-05-19,2008,5,19,0.0,,5.183574463358577e-05,,False
2008-05-20,2008,5,20,0.0,,5.183574463358577e-05,,False
2008-05-21,2008,5,21,0.0,,5.183574463358577e-05,,False
2008-05-22,2008,5,22,0.0,,5.183574463358577e-05,,False
2008-05-23,2008,5,23,8888.0,meteorological_log_domain,12.993519754577532,,False
2008-05-24,2008,5,24,4.0,,4.0,,False
2008-05-25,2008,5,25,0.0,,5.183574463358577e-05,,False
2008-05-26,2008,5,26,8888.0,meteorological_log_domain,7.772465214852257,,False
2008-05-27,2008,5,27,8888.0,meteorological_log_domain,2.131546296474665,,False
2008-05-28,2008,5,28,1.0,,1.0,,False
2008-05-29,2008,5,29,0.0,,5.183574463358577e-05,,False
2008-05-30,2008,5,30,0.0,,5.183574463358577e-05,,False
2008-05-31,2008,5,31,0.0,,5.183574463358577e-05,,False
2008-06-01,2008,6,1,0.0,,5.183574463358577e-05,,False
2008-06-02,2008,6,2,0.0,,5.183574463358577e-05,,False
2008-06-03,2008,6,3,8888.0,meteorological_log_domain,2.713602676729518,,False
2008-06-04,2008,6,4,8888.0,meteorological_log_domain,1.3304045655061485,,False
2008-06-05,2008,6,5,0.0,,5.183574463358577e-05,,False
2008-06-06,2008,6,6,0.0,,5.183574463358577e-05,,False
2008-06-07,2008,6,7,8888.0,meteorological_log_domain,2.4960435789060145,,False
2008-06-08,2008,6,8,8888.0,meteorological_log_domain,1.999449718125917,,False
2008-06-09,2008,6,9,8888.0,meteorological_log_domain,2.5593498705436826,,False
2008-06-10,2008,6,10,0.0,,5.183574463358577e-05,,False
2008-06-11,2008,6,11,0.0,,5.183574463358577e-05,,False
2008-06-12,2008,6,12,0.0,,5.183574463358577e-05,,False
2008-06-13,2008,6,13,0.0,,5.183574463358577e-05,,False
2008-06-14,2008,6,14,0.0,,5.183574463358577e-05,,False
2008-06-15,2008,6,15,0.0,,5.183574463358577e-05,,False
2008-06-16,2008,6,16,0.0,,5.183574463358577e-05,,False
2008-06-17,2008,6,17,0.0,,5.183574463358577e-05,,False
2008-06-18,2008,6,18,3.0,,3.0,,False
2008-06-19,2008,6,19,0.0,,5.183574463358577e-05,,False
2008-06-20,2008,6,20,0.0,,5.183574463358577e-05,,False
2008-06-21,2008,6,21,0.0,,5.183574463358577e-05,,False
2008-06-22,2008,6,22,0.0,,5.183574463358577e-05,,False
2008-06-23,2008,6,23,0.0,,5.183574463358577e-05,,False
2008-06-24,2008,6,24,0.0,,5.183574463358577e-05,,False
2008-06-25,2008,6,25,0.0,,5.183574463358577e-05,,False
2008-06-26,2008,6,26,8888.0,meteorological_log_domain,5.182270297676024,,False
2008-06-27,2008,6,27,1.0,,1.0,,False
2008-06-28,2008,6,28,0.0,,5.183574463358577e-05,,False
2008-06-29,2008,6,29,0.0,,5.183574463358577e-05,,False
2008-06-30,2008,6,30,0.0,,5.183574463358577e-05,,False
2008-07-01,2008,7,1,1.0,,1.0,,False
2008-07-02,2008,7,2,0.0,,5.183574463358577e-05,,False
2008-07-03,2008,7,3,54.0,,54.0,,True
2008-07-04,2008,7,4,1.0,,1.0,,False
2008-07-05,2008,7,5,0.0,,5.183574463358577e-05,,False
2008-07-06,2008,7,6,3.0,,3.0,,False
2008-07-07,2008,7,7,8888.0,meteorological_log_domain,6.347586991930645,,False
2008-07-08,2008,7,8,0.0,,5.183574463358577e-05,,False
2008-07-09,2008,7,9,0.0,,5.183574463358577e-05,,False
2008-07-10,2008,7,10,4.0,,4.0,,False
2008-07-11,2008,7,11,0.0,,5.183574463358577e-05,,False
2008-07-12,2008,7,12,0.0,,5.183574463358577e-05,,False
2008-07-13,2008,7,13,0.0,,5.183574463358577e-05,,False
2008-07-14,2008,7,14,8888.0,meteorological_log_domain,5.789299304267929,,False
2008-07-15,2008,7,15,1.0,,1.0,,False
2008-07-16,2008,7,16,0.0,,5.183574463358577e-05,,False
2008-07-17,2008,7,17,41.0,,41.0,,True
2008-07-18,2008,7,18,1.0,,1.0,,False
2008-07-19,2008,7,19,32.0,,31.999999999999996,,True
2008-07-20,2008,7,20,6.0,,6.0,,False
2008-07-21,2008,7,21,2.0,,1.9999999999999998,,False
2008-07-22,2008,7,22,0.0,,5.183574463358577e-05,,False
2008-07-23,2008,7,23,0.0,,5.183574463358577e-05,,False
2008-07-24,2008,7,24,0.0,,5.183574463358577e-05,,False
2008-07-25,2008,7,25,0.0,,5.183574463358577e-05,,False
2008-07-26,2008,7,26,0.0,,5.183574463358577e-05,,False
2008-07-27,2008,7,27,0.0,,5.183574463358577e-05,,False
2008-07-28,2008,7,28,0.0,,5.183574463358577e-05,,False
2008-07-29,2008,7,29,0.0,,5.183574463358577e-05,,False
2008-07-30,2008,7,30,0.0,,5.183574463358577e-05,,False
2008-07-31,2008,7,31,0.0,,5.183574463358577e-05,,False
2008-08-01,2008,8,1,0.0,,5.183574463358577e-05,,False
2008-08-02,2008,8,2,0.0,,5.183574463358577e-05,,False
2008-08-03,2008,8,3,0.0,,5.183574463358577e-05,,False
2008-08-04,2008,8,4,13.0,,13.000000000000002,,False
2008-08-05,2008,8,5,0.0,,5.183574463358577e-05,,False
2008-08-06,2008,8,6,0.0,,5.183574463358577e-05,,False
2008-08-07,2008,8,7,0.0,,5.183574463358577e-05,,False
2008-08-08,2008,8,8,0.0,,5.183574463358577e-05,,False
2008-08-09,2008,8,9,0.0,,5.183574463358577e-05,,False
2008-08-10,2008,8,10,0.0,,5.183574463358577e-05,,False
2008-08-11,2008,8,11,0.0,,5.183574463358577e-05,,False
2008-08-12,2008,8,12,0.0,,5.183574463358577e-05,,False
2008-08-13,2008,8,13,0.0,,5.183574463358577e-05,,False
2008-08-14,2008,8,14,0.0,,5.183574463358577e-05,,False
2008-08-15,2008,8,15,0.0,,5.183574463358577e-05,,False
2008-08-16,2008,8,16,15.0,,14.999999999999998,,False
2008-08-17,2008,8,17,8888.0,meteorological_log_domain,6.0851143072520335,,False
2008-08-18,2008,8,18,0.0,,5.183574463358577e-05,,False
2008-08-19,2008,8,19,0.0,,5.183574463358577e-05,,False
2008-08-20,2008,8,20,34.0,,33.99999999999999,,True
2008-08-21,2008,8,21,0.0,,5.183574463358577e-05,,False
2008-08-22,2008,8,22,11.0,,10.999999999999998,,False
2008-08-23,2008,8,23,8888.0,meteorological_log_domain,7.6636950468244835,,False
2008-08-24,2008,8,24,4.0,,4.0,,False
2008-08-25,2008,8,25,8888.0,meteorological_log_domain,2.8131629585900373,,False
2008-08-26,2008,8,26,23.0,,23.0,,False
2008-08-27,2008,8,27,3.0,,3.0,,False
2008-08-28,2008,8,28,8888.0,meteorological_log_domain,8.17181435292892,,False
2008-08-29,2008,8,29,2.0,,1.9999999999999998,,False
2008-08-30,2008,8,30,10.0,,9.999999999999998,,False
2008-08-31,2008,8,31,0.0,,5.183574463358577e-05,,False
2008-09-01,2008,9,1,0.0,,5.183574463358577e-05,,False
2008-09-02,2008,9,2,7.0,,7.0,,False
2008-09-03,2008,9,3,9.0,,8.999999999999998,,False
2008-09-04,2008,9,4,0.0,,5.183574463358577e-05,,False
2008-09-05,2008,9,5,8888.0,meteorological_log_domain,3.993924574450941,,False
2008-09-06,2008,9,6,8888.0,meteorological_log_domain,3.173268145440465,,False
2008-09-07,2008,9,7,0.0,,5.183574463358577e-05,,False
2008-09-08,2008,9,8,0.0,,5.183574463358577e-05,,False
2008-09-09,2008,9,9,0.0,,5.183574463358577e-05,,False
2008-09-10,2008,9,10,8888.0,meteorological_log_domain,3.3405972709150116,,False
2008-09-11,2008,9,11,0.0,,5.183574463358577e-05,,False
2008-09-12,2008,9,12,8888.0,meteorological_log_domain,4.7035929190556915,,False
2008-09-13,2008,9,13,0.0,,5.183574463358577e-05,,False
2008-09-14,2008,9,14,0.0,,5.183574463358577e-05,,False
2008-09-15,2008,9,15,0.0,,5.183574463358577e-05,,False
2008-09-16,2008,9,16,0.0,,5.183574463358577e-05,,False
2008-09-17,2008,9,17,0.0,,5.183574463358577e-05,,False
2008-09-18,2008,9,18,0.0,,5.183574463358577e-05,,False
2008-09-19,2008,9,19,0.0,,5.183574463358577e-05,,False
2008-09-20,2008,9,20,8888.0,meteorological_log_domain,9.196834836136954,,False
2008-09-21,2008,9,21,0.0,,5.183574463358577e-05,,False
2008-09-22,2008,9,22,0.0,,5.183574463358577e-05,,False
2008-09-23,2008,9,23,0.0,,5.183574463358577e-05,,False
2008-09-24,2008,9,24,0.0,,5.183574463358577e-05,,False
2008-09-25,2008,9,25,0.0,,5.183574463358577e-05,,False
2008-09-26,2008,9,26,0.0,,5.183574463358577e-05,,False
2008-09-27,2008,9,27,0.0,,5.183574463358577e-05,,False
2008-09-28,2008,9,28,0.0,,5.183574463358577e-05,,False
2008-09-29,2008,9,29,8888.0,meteorological_log_domain,2.9848619059065316,,False
2008-09-30,2008,9,30,0.0,,5.183574463358577e-05,,False
2008-10-01,2008,10,1,1.0,,1.0,,False
2008-10-02,2008,10,2,0.0,,5.183574463358577e-05,,False
2008-10-03,2008,10,3,0.0,,5.183574463358577e-05,,False
2008-10-04,2008,10,4,0.0,,5.183574463358577e-05,,False
2008-10-05,2008,10,5,17.0,,16.999999999999996,,False
2008-10-06,2008,10,6,1.0,,1.0,,False
2008-10-07,2008,10,7,1.0,,1.0,,False
2008-10-08,2008,10,8,0.0,,5.183574463358577e-05,,False
2008-10-09,2008,10,9,8888.0,meteorological_log_domain,2.0779519586778163,,False
2008-10-10,2008,10,10,2.0,,1.9999999999999998,,False
2008-10-11,2008,10,11,6.0,,6.0,,False
2008-10-12,2008,10,12,0.0,,5.183574463358577e-05,,False
2008-10-13,2008,10,13,10.0,,9.999999999999998,,False
2008-10-14,2008,10,14,0.0,,5.183574463358577e-05,,False
2008-10-15,2008,10,15,0.0,,5.183574463358577e-05,,False
2008-10-16,2008,10,16,8.0,,8.0,,False
2008-10-17,2008,10,17,0.0,,5.183574463358577e-05,,False
2008-10-18,2008,10,18,1.0,,1.0,,False
2008-10-19,2008,10,19,0.0,,5.183574463358577e-05,,False
2008-10-20,2008,10,20,8888.0,meteorological_log_domain,6.844691816899246,,False
2008-10-21,2008,10,21,3.0,,3.0,,False
2008-10-22,2008,10,22,22.0,,22.0,,False
2008-10-23,2008,10,23,8888.0,meteorological_log_domain,0.7155067782235944,,False
2008-10-24,2008,10,24,0.0,,5.183574463358577e-05,,False
2008-10-25,2008,10,25,4.0,,4.0,,False
2008-10-26,2008,10,26,0.0,,5.183574463358577e-05,,False
2008-10-27,2008,10,27,0.0,,5.183574463358577e-05,,False
2008-10-28,2008,10,28,0.0,,5.183574463358577e-05,,False
2008-10-29,2008,10,29,0.0,,5.183574463358577e-05,,False
2008-10-30,2008,10,30,0.0,,5.183574463358577e-05,,False
2008-10-31,2008,10,31,0.0,,5.183574463358577e-05,,False
2008-11-01,2008,11,1,0.0,,5.183574463358577e-05,,False
2008-11-02,2008,11,2,8888.0,meteorological_log_domain,2.492236529348197,,False
2008-11-03,2008,11,3,8888.0,meteorological_log_domain,2.089285912201129,,False
2008-11-04,2008,11,4,0.0,,5.183574463358577e-05,,False
2008-11-05,2008,11,5,19.0,,19.0,,False
2008-11-06,2008,11,6,6.0,,6.0,,False
2008-11-07,2008,11,7,0.0,,5.183574463358577e-05,,False
2008-11-08,2008,11,8,0.0,,5.183574463358577e-05,,False
2008-11-09,2008,11,9,0.0,,5.183574463358577e-05,,False
2008-11-10,2008,11,10,10.0,,9.999999999999998,,False
2008-11-11,2008,11,11,12.0,,12.0,,False
2008-11-12,2008,11,12,8888.0,meteorological_log_domain,3.973061870513217,,False
2008-11-13,2008,11,13,38.0,,38.0,,True
2008-11-14,2008,11,14,0.0,,5.183574463358577e-05,,False
2008-11-15,2008,11,15,8888.0,meteorological_log_domain,2.8407675949348272,,False
2008-11-16,2008,11,16,0.0,,5.183574463358577e-05,,False
2008-11-17,2008,11,17,1.0,,1.0,,False
2008-11-18,2008,11,18,0.0,,5.183574463358577e-05,,False
2008-11-19,2008,11,19,2.0,,1.9999999999999998,,False
2008-11-20,2008,11,20,6.0,,6.0,,False
2008-11-21,2008,11,21,1.0,,1.0,,False
2008-11-22,2008,11,22,0.0,,5.183574463358577e-05,,False
2008-11-23,2008,11,23,22.0,,22.0,,False
2008-11-24,2008,11,24,2.0,,1.9999999999999998,,False
2008-11-25,2008,11,25,19.0,,19.0,,False
2008-11-26,2008,11,26,68.0,,67.99999999999999,,True
2008-11-27,2008,11,27,86.0,,85.99999999999999,,True
2008-11-28,2008,11,28,11.0,,10.999999999999998,,False
2008-11-29,2008,11,29,41.0,,41.0,,True
2008-11-30,2008,11,30,60.0,,60.00000000000002,,True
2008-12-01,2008,12,1,13.0,,13.000000000000002,,False
2008-12-02,2008,12,2,17.0,,16.999999999999996,,False
2008-12-03,2008,12,3,22.0,,22.0,,False
2008-12-04,2008,12,4,0.0,,5.183574463358577e-05,,False
2008-12-05,2008,12,5,0.0,,5.183574463358577e-05,,False
2008-12-06,2008,12,6,0.0,,5.183574463358577e-05,,False
2008-12-07,2008,12,7,11.0,,10.999999999999998,,False
2008-12-08,2008,12,8,21.0,,21.0,,False
2008-12-09,2008,12,9,8.0,,8.0,,False
2008-12-10,2008,12,10,0.0,,5.183574463358577e-05,,False
2008-12-11,2008,12,11,7.0,,7.0,,False
2008-12-12,2008,12,12,17.0,,16.999999999999996,,False
2008-12-13,2008,12,13,0.0,,5.183574463358577e-05,,False
2008-12-14,2008,12,14,33.0,,33.0,,True
2008-12-15,2008,12,15,3.0,,3.0,,False
2008-12-16,2008,12,16,8888.0,meteorological_log_domain,6.862495663153376,,False
2008-12-17,2008,12,17,7.0,,7.0,,False
2008-12-18,2008,12,18,1.0,,1.0,,False
2008-12-19,2008,12,19,1.0,,1.0,,False
2008-12-20,2008,12,20,0.0,,5.183574463358577e-05,,False
2008-12-21,2008,12,21,7.0,,7.0,,False
2008-12-22,2008,12,22,8888.0,meteorological_log_domain,4.95940223036645,,False
2008-12-23,2008,12,23,0.0,,5.183574463358577e-05,,False
2008-12-24,2008,12,24,8888.0,meteorological_log_domain,2.7660332512162973,,False
2008-12-25,2008,12,25,14.0,,14.000000000000002,,False
2008-12-26,2008,12,26,11.0,,10.999999999999998,,False
2008-12-27,2008,12,27,8888.0,meteorological_log_domain,8.545030017976886,,False
2008-12-28,2008,12,28,0.0,,5.183574463358577e-05,,False
2008-12-29,2008,12,29,0.0,,5.183574463358577e-05,,False
2008-12-30,2008,12,30,2.0,,1.9999999999999998,,False
2008-12-31,2008,12,31,31.0,,31.000000000000004,,True
2009-01-01,2009,1,1,53.0,,53.0,,True
2009-01-02,2009,1,2,1.0,,1.0,,False
2009-01-03,2009,1,3,19.0,,19.0,,False
2009-01-04,2009,1,4,14.0,,14.000000000000002,,False
2009-01-05,2009,1,5,7.0,,7.0,,False
2009-01-06,2009,1,6,1.0,,1.0,,False
2009-01-07,2009,1,7,12.0,,12.0,,False
2009-01-08,2009,1,8,2.0,,1.9999999999999998,,False
2009-01-09,2009,1,9,0.0,,5.183574463358577e-05,,False
2009-01-10,2009,1,10,0.0,,5.183574463358577e-05,,False
2009-01-11,2009,1,11,0.0,,5.183574463358577e-05,,False
2009-01-12,2009,1,12,0.0,,5.183574463358577e-05,,False
2009-01-13,2009,1,13,2.0,,1.9999999999999998,,False
2009-01-14,2009,1,14,0.0,,5.183574463358577e-05,,False
2009-01-15,2009,1,15,4.0,,4.0,,False
2009-01-16,2009,1,16,0.0,,5.183574463358577e-05,,False
2009-01-17,2009,1,17,8888.0,meteorological_log_domain,3.5963379375303384,,False
2009-01-18,2009,1,18,2.0,,1.9999999999999998,,False
2009-01-19,2009,1,19,0.0,,5.183574463358577e-05,,False
2009-01-20,2009,1,20,0.0,,5.183574463358577e-05,,False
2009-01-21,2009,1,21,0.0,,5.183574463358577e-05,,False
2009-01-22,2009,1,22,0.0,,5.183574463358577e-05,,False
2009-01-23,2009,1,23,1.0,,1.0,,False
2009-01-24,2009,1,24,0.0,,5.183574463358577e-05,,False
2009-01-25,2009,1,25,0.0,,5.183574463358577e-05,,False
2009-01-26,2009,1,26,0.0,,5.183574463358577e-05,,False
2009-01-27,2009,1,27,0.0,,5.183574463358577e-05,,False
2009-01-28,2009,1,28,0.0,,5.183574463358577e-05,,False
2009-01-29,2009,1,29,8888.0,meteorological_log_domain,7.096895795871756,,False
2009-01-30,2009,1,30,0.0,,5.183574463358577e-05,,False
2009-01-31,2009,1,31,59.0,,58.999999999999986,,True
2009-02-01,2009,2,1,0.0,,5.183574463358577e-05,,False
2009-02-02,2009,2,2,0.0,,5.183574463358577e-05,,False
2009-02-03,2009,2,3,0.0,,5.183574463358577e-05,,False
2009-02-04,2009,2,4,0.0,,5.183574463358577e-05,,False
2009-02-05,2009,2,5,0.0,,5.183574463358577e-05,,False
2009-02-06,2009,2,6,0.0,,5.183574463358577e-05,,False
2009-02-07,2009,2,7,0.0,,5.183574463358577e-05,,False
2009-02-08,2009,2,8,3.0,,3.0,,False
2009-02-09,2009,2,9,0.0,,5.183574463358577e-05,,False
2009-02-10,2009,2,10,0.0,,5.183574463358577e-05,,False
2009-02-11,2009,2,11,0.0,,5.183574463358577e-05,,False
2009-02-12,2009,2,12,0.0,,5.183574463358577e-05,,False
2009-02-13,2009,2,13,0.0,,5.183574463358577e-05,,False
2009-02-14,2009,2,14,0.0,,5.183574463358577e-05,,False
2009-02-15,2009,2,15,0.0,,5.183574463358577e-05,,False
2009-02-16,2009,2,16,0.0,,5.183574463358577e-05,,False
2009-02-17,2009,2,17,0.0,,5.183574463358577e-05,,False
2009-02-18,2009,2,18,0.0,,5.183574463358577e-05,,False
2009-02-19,2009,2,19,0.0,,5.183574463358577e-05,,False
2009-02-20,2009,2,20,0.0,,5.183574463358577e-05,,False
2009-02-21,2009,2,21,0.0,,5.183574463358577e-05,,False
2009-02-22,2009,2,22,0.0,,5.183574463358577e-05,,False
2009-02-23,2009,2,23,8888.0,meteorological_log_domain,9.624438524216421,,False
2009-02-24,2009,2,24,0.0,,5.183574463358577e-05,,False
2009-02-25,2009,2,25,0.0,,5.183574463358577e-05,,False
2009-02-26,2009,2,26,0.0,,5.183574463358577e-05,,False
2009-02-27,2009,2,27,0.0,,5.183574463358577e-05,,False
2009-02-28,2009,2,28,4.0,,4.0,,False
2009-03-01,2009,3,1,0.0,,5.183574463358577e-05,,False
2009-03-02,2009,3,2,8888.0,meteorological_log_domain,10.936351714482628,,False
2009-03-03,2009,3,3,5.0,,5.0,,False
2009-03-04,2009,3,4,3.0,,3.0,,False
2009-03-05,2009,3,5,1.0,,1.0,,False
2009-03-06,2009,3,6,0.0,,5.183574463358577e-05,,False
2009-03-07,2009,3,7,0.0,,5.183574463358577e-05,,False
2009-03-08,2009,3,8,8888.0,meteorological_log_domain,1.8212427313752688,,False
2009-03-09,2009,3,9,8888.0,meteorological_log_domain,0.9278054025743597,,False
2009-03-10,2009,3,10,0.0,,5.183574463358577e-05,,False
2009-03-11,2009,3,11,0.0,,5.183574463358577e-05,,False
2009-03-12,2009,3,12,70.0,,70.00000000000001,,True
2009-03-13,2009,3,13,0.0,,5.183574463358577e-05,,False
2009-03-14,2009,3,14,0.0,,5.183574463358577e-05,,False
2009-03-15,2009,3,15,3.0,,3.0,,False
2009-03-16,2009,3,16,8888.0,meteorological_log_domain,9.188684708697517,,False
2009-03-17,2009,3,17,1.0,,1.0,,False
2009-03-18,2009,3,18,0.0,,5.183574463358577e-05,,False
2009-03-19,2009,3,19,8888.0,meteorological_log_domain,2.8611468361796044,,False
2009-03-20,2009,3,20,0.0,,5.183574463358577e-05,,False
2009-03-21,2009,3,21,0.0,,5.183574463358577e-05,,False
2009-03-22,2009,3,22,0.0,,5.183574463358577e-05,,False
2009-03-23,2009,3,23,0.0,,5.183574463358577e-05,,False
2009-03-24,2009,3,24,0.0,,5.183574463358577e-05,,False
2009-03-25,2009,3,25,4.0,,4.0,,False
2009-03-26,2009,3,26,0.0,,5.183574463358577e-05,,False
2009-03-27,2009,3,27,0.0,,5.183574463358577e-05,,False
2009-03-28,2009,3,28,0.0,,5.183574463358577e-05,,False
2009-03-29,2009,3,29,0.0,,5.183574463358577e-05,,False
2009-03-30,2009,3,30,0.0,,5.183574463358577e-05,,False
2009-03-31,2009,3,31,0.0,,5.183574463358577e-05,,False
2009-04-01,2009,4,1,0.0,,5.183574463358577e-05,,False
2009-04-02,2009,4,2,0.0,,5.183574463358577e-05,,False
2009-04-03,2009,4,3,60.0,,60.00000000000002,,True
2009-04-04,2009,4,4,2.0,,1.9999999999999998,,False
2009-04-05,2009,4,5,17.0,,16.999999999999996,,False
2009-04-06,2009,4,6,0.0,,5.183574463358577e-05,,False
2009-04-07,2009,4,7,0.0,,5.183574463358577e-05,,False
2009-04-08,2009,4,8,8888.0,meteorological_log_domain,5.06573542191031,,False
2009-04-09,2009,4,9,0.0,,5.183574463358577e-05,,False
2009-04-10,2009,4,10,4.0,,4.0,,False
2009-04-11,2009,4,11,8.0,,8.0,,False
2009-04-12,2009,4,12,8888.0,meteorological_log_domain,3.220284641729481,,False
2009-04-13,2009,4,13,0.0,,5.183574463358577e-05,,False
2009-04-14,2009,4,14,0.0,,5.183574463358577e-05,,False
2009-04-15,2009,4,15,8888.0,meteorological_log_domain,3.8118182169516563,,False
2009-04-16,2009,4,16,0.0,,5.183574463358577e-05,,False
2009-04-17,2009,4,17,8888.0,meteorological_log_domain,1.852572167207454,,False
2009-04-18,2009,4,18,0.0,,5.183574463358577e-05,,False
2009-04-19,2009,4,19,3.0,,3.0,,False
2009-04-20,2009,4,20,3.0,,3.0,,False
2009-04-21,2009,4,21,0.0,,5.183574463358577e-05,,False
2009-04-22,2009,4,22,0.0,,5.183574463358577e-05,,False
2009-04-23,2009,4,23,0.0,,5.183574463358577e-05,,False
2009-04-24,2009,4,24,0.0,,5.183574463358577e-05,,False
2009-04-25,2009,4,25,0.0,,5.183574463358577e-05,,False
2009-04-26,2009,4,26,0.0,,5.183574463358577e-05,,False
2009-04-27,2009,4,27,0.0,,5.183574463358577e-05,,False
2009-04-28,2009,4,28,0.0,,5.183574463358577e-05,,False
2009-04-29,2009,4,29,0.0,,5.183574463358577e-05,,False
2009-04-30,2009,4,30,8888.0,meteorological_log_domain,1.9884433369746999,,False
2009-05-01,2009,5,1,0.0,,5.183574463358577e-05,,False
2009-05-02,2009,5,2,0.0,,5.183574463358577e-05,,False
2009-05-03,2009,5,3,8888.0,meteorological_log_domain,0.6404541310572108,,False
2009-05-04,2009,5,4,1.0,,1.0,,False
2009-05-05,2009,5,5,2.0,,1.9999999999999998,,False
2009-05-06,2009,5,6,0.0,,5.183574463358577e-05,,False
2009-05-07,2009,5,7,0.0,,5.183574463358577e-05,,False
2009-05-08,2009,5,8,0.0,,5.183574463358577e-05,,False
2009-05-09,2009,5,9,0.0,,5.183574463358577e-05,,False
2009-05-10,2009,5,10,2.0,,1.9999999999999998,,False
2009-05-11,2009,5,11,0.0,,5.183574463358577e-05,,False
2009-05-12,2009,5,12,4.0,,4.0,,False
2009-05-13,2009,5,13,0.0,,5.183574463358577e-05,,False
2009-05-14,2009,5,14,12.0,,12.0,,False
2009-05-15,2009,5,15,14.0,,14.000000000000002,,False
2009-05-16,2009,5,16,12.0,,12.0,,False
2009-05-17,2009,5,17,19.0,,19.0,,False
2009-05-18,2009,5,18,6.0,,6.0,,False
2009-05-19,2009,5,19,0.0,,5.183574463358577e-05,,False
2009-05-20,2009,5,20,0.0,,5.183574463358577e-05,,False
2009-05-21,2009,5,21,0.0,,5.183574463358577e-05,,False
2009-05-22,2009,5,22,2.0,,1.9999999999999998,,False
2009-05-23,2009,5,23,0.0,,5.183574463358577e-05,,False
2009-05-24,2009,5,24,0.0,,5.183574463358577e-05,,False
2009-05-25,2009,5,25,0.0,,5.183574463358577e-05,,False
2009-05-26,2009,5,26,16.0,,16.000000000000004,,False
2009-05-27,2009,5,27,1.0,,1.0,,False
2009-05-28,2009,5,28,1.0,,1.0,,False
2009-05-29,2009,5,29,1.0,,1.0,,False
2009-05-30,2009,5,30,57.0,,57.00000000000001,,True
2009-05-31,2009,5,31,8888.0,meteorological_log_domain,2.2418386143742897,,False
2009-06-01,2009,6,1,0.0,,5.183574463358577e-05,,False
2009-06-02,2009,6,2,0.0,,5.183574463358577e-05,,False
2009-06-03,2009,6,3,0.0,,5.183574463358577e-05,,False
2009-06-04,2009,6,4,0.0,,5.183574463358577e-05,,False
2009-06-05,2009,6,5,0.0,,5.183574463358577e-05,,False
2009-06-06,2009,6,6,0.0,,5.183574463358577e-05,,False
2009-06-07,2009,6,7,0.0,,5.183574463358577e-05,,False
2009-06-08,2009,6,8,0.0,,5.183574463358577e-05,,False
2009-06-09,2009,6,9,0.0,,5.183574463358577e-05,,False
2009-06-10,2009,6,10,0.0,,5.183574463358577e-05,,False
2009-06-11,2009,6,11,0.0,,5.183574463358577e-05,,False
2009-06-12,2009,6,12,0.0,,5.183574463358577e-05,,False
2009-06-13,2009,6,13,0.0,,5.183574463358577e-05,,False
2009-06-14,2009,6,14,12.0,,12.0,,False
2009-06-15,2009,6,15,0.0,,5.183574463358577e-05,,False
2009-06-16,2009,6,16,0.0,,5.183574463358577e-05,,False
2009-06-17,2009,6,17,0.0,,5.183574463358577e-05,,False
2009-06-18,2009,6,18,0.0,,5.183574463358577e-05,,False
2009-06-19,2009,6,19,0.0,,5.183574463358577e-05,,False
2009-06-20,2009,6,20,31.0,,31.000000000000004,,True
2009-06-21,2009,6,21,0.0,,5.183574463358577e-05,,False
2009-06-22,2009,6,22,0.0,,5.183574463358577e-05,,False
2009-06-23,2009,6,23,0.0,,5.183574463358577e-05,,False
2009-06-24,2009,6,24,0.0,,5.183574463358577e-05,,False
2009-06-25,2009,6,25,0.0,,5.183574463358577e-05,,False
2009-06-26,2009,6,26,0.0,,5.183574463358577e-05,,False
2009-06-27,2009,6,27,8888.0,meteorological_log_domain,13.610072186063814,,False
2009-06-28,2009,6,28,45.0,,44.99999999999999,,True
2009-06-29,2009,6,29,0.0,,5.183574463358577e-05,,False
2009-06-30,2009,6,30,0.0,,5.183574463358577e-05,,False
2009-07-01,2009,7,1,0.0,,5.183574463358577e-05,,False
2009-07-02,2009,7,2,0.0,,5.183574463358577e-05,,False
2009-07-03,2009,7,3,0.0,,5.183574463358577e-05,,False
2009-07-04,2009,7,4,0.0,,5.183574463358577e-05,,False
2009-07-05,2009,7,5,0.0,,5.183574463358577e-05,,False
2009-07-06,2009,7,6,5.0,,5.0,,False
2009-07-07,2009,7,7,0.0,,5.183574463358577e-05,,False
2009-07-08,2009,7,8,0.0,,5.183574463358577e-05,,False
2009-07-09,2009,7,9,0.0,,5.183574463358577e-05,,False
2009-07-10,2009,7,10,5.0,,5.0,,False
2009-07-11,2009,7,11,0.0,,5.183574463358577e-05,,False
2009-07-12,2009,7,12,0.0,,5.183574463358577e-05,,False
2009-07-13,2009,7,13,0.0,,5.183574463358577e-05,,False
2009-07-14,2009,7,14,0.0,,5.183574463358577e-05,,False
2009-07-15,2009,7,15,26.0,,25.999999999999996,,True
2009-07-16,2009,7,16,0.0,,5.183574463358577e-05,,False
2009-07-17,2009,7,17,0.0,,5.183574463358577e-05,,False
2009-07-18,2009,7,18,0.0,,5.183574463358577e-05,,False
2009-07-19,2009,7,19,0.0,,5.183574463358577e-05,,False
2009-07-20,2009,7,20,0.0,,5.183574463358577e-05,,False
2009-07-21,2009,7,21,0.0,,5.183574463358577e-05,,False
2009-07-22,2009,7,22,0.0,,5.183574463358577e-05,,False
2009-07-23,2009,7,23,8888.0,meteorological_log_domain,5.369177384384741,,False
2009-07-24,2009,7,24,3.0,,3.0,,False
2009-07-25,2009,7,25,0.0,,5.183574463358577e-05,,False
2009-07-26,2009,7,26,0.0,,5.183574463358577e-05,,False
2009-07-27,2009,7,27,3.0,,3.0,,False
2009-07-28,2009,7,28,0.0,,5.183574463358577e-05,,False
2009-07-29,2009,7,29,0.0,,5.183574463358577e-05,,False
2009-07-30,2009,7,30,0.0,,5.183574463358577e-05,,False
2009-07-31,2009,7,31,0.0,,5.183574463358577e-05,,False
2009-08-01,2009,8,1,0.0,,5.183574463358577e-05,,False
2009-08-02,2009,8,2,0.0,,5.183574463358577e-05,,False
2009-08-03,2009,8,3,0.0,,5.183574463358577e-05,,False
2009-08-04,2009,8,4,0.0,,5.183574463358577e-05,,False
2009-08-05,2009,8,5,0.0,,5.183574463358577e-05,,False
2009-08-06,2009,8,6,0.0,,5.183574463358577e-05,,False
2009-08-07,2009,8,7,8888.0,meteorological_log_domain,0.34813838264851044,,False
2009-08-08,2009,8,8,0.0,,5.183574463358577e-05,,False
2009-08-09,2009,8,9,0.0,,5.183574463358577e-05,,False
2009-08-10,2009,8,10,0.0,,5.183574463358577e-05,,False
2009-08-11,2009,8,11,0.0,,5.183574463358577e-05,,False
2009-08-12,2009,8,12,71.0,,70.99999999999999,,True
2009-08-13,2009,8,13,9.0,,8.999999999999998,,False
2009-08-14,2009,8,14,51.0,,50.99999999999999,,True
2009-08-15,2009,8,15,2.0,,1.9999999999999998,,False
2009-08-16,2009,8,16,13.0,,13.000000000000002,,False
2009-08-17,2009,8,17,1.0,,1.0,,False
2009-08-18,2009,8,18,6.0,,6.0,,False
2009-08-19,2009,8,19,7.0,,7.0,,False
2009-08-20,2009,8,20,8888.0,meteorological_log_domain,7.16717379274348,,False
2009-08-21,2009,8,21,1.0,,1.0,,False
2009-08-22,2009,8,22,0.0,,5.183574463358577e-05,,False
2009-08-23,2009,8,23,3.0,,3.0,,False
2009-08-24,2009,8,24,13.0,,13.000000000000002,,False
2009-08-25,2009,8,25,8888.0,meteorological_log_domain,1.8096533857374026,,False
2009-08-26,2009,8,26,8888.0,meteorological_log_domain,1.1470105130664858,,False
2009-08-27,2009,8,27,2.0,,1.9999999999999998,,False
2009-08-28,2009,8,28,2.0,,1.9999999999999998,,False
2009-08-29,2009,8,29,11.0,,10.999999999999998,,False
2009-08-30,2009,8,30,4.0,,4.0,,False
2009-08-31,2009,8,31,2.0,,1.9999999999999998,,False
2009-09-01,2009,9,1,3.0,,3.0,,False
2009-09-02,2009,9,2,0.0,,5.183574463358577e-05,,False
2009-09-03,2009,9,3,0.0,,5.183574463358577e-05,,False
2009-09-04,2009,9,4,1.0,,1.0,,False
2009-09-05,2009,9,5,0.0,,5.183574463358577e-05,,False
2009-09-06,2009,9,6,0.0,,5.183574463358577e-05,,False
2009-09-07,2009,9,7,0.0,,5.183574463358577e-05,,False
2009-09-08,2009,9,8,0.0,,5.183574463358577e-05,,False
2009-09-09,2009,9,9,0.0,,5.183574463358577e-05,,False
2009-09-10,2009,9,10,0.0,,5.183574463358577e-05,,False
2009-09-11,2009,9,11,0.0,,5.183574463358577e-05,,False
2009-09-12,2009,9,12,0.0,,5.183574463358577e-05,,False
2009-09-13,2009,9,13,8888.0,meteorological_log_domain,6.799667043574678,,False
2009-09-14,2009,9,14,16.0,,16.000000000000004,,False
2009-09-15,2009,9,15,3.0,,3.0,,False
2009-09-16,2009,9,16,1.0,,1.0,,False
2009-09-17,2009,9,17,8888.0,meteorological_log_domain,3.8774644556166433,,False
2009-09-18,2009,9,18,22.0,,22.0,,False
2009-09-19,2009,9,19,2.0,,1.9999999999999998,,False
2009-09-20,2009,9,20,1.0,,1.0,,False
2009-09-21,2009,9,21,0.0,,5.183574463358577e-05,,False
2009-09-22,2009,9,22,0.0,,5.183574463358577e-05,,False
2009-09-23,2009,9,23,0.0,,5.183574463358577e-05,,False
2009-09-24,2009,9,24,0.0,,5.183574463358577e-05,,False
2009-09-25,2009,9,25,0.0,,5.183574463358577e-05,,False
2009-09-26,2009,9,26,0.0,,5.183574463358577e-05,,False
2009-09-27,2009,9,27,2.0,,1.9999999999999998,,False
2009-09-28,2009,9,28,0.0,,5.183574463358577e-05,,False
2009-09-29,2009,9,29,0.0,,5.183574463358577e-05,,False
2009-09-30,2009,9,30,8888.0,meteorological_log_domain,0.6667949326464593,,False
2009-10-01,2009,10,1,0.0,,5.183574463358577e-05,,False
2009-10-02,2009,10,2,8888.0,meteorological_log_domain,2.9341966086979374,,False
2009-10-03,2009,10,3,0.0,,5.183574463358577e-05,,False
2009-10-04,2009,10,4,0.0,,5.183574463358577e-05,,False
2009-10-05,2009,10,5,0.0,,5.183574463358577e-05,,False
2009-10-06,2009,10,6,0.0,,5.183574463358577e-05,,False
2009-10-07,2009,10,7,0.0,,5.183574463358577e-05,,False
2009-10-08,2009,10,8,0.0,,5.183574463358577e-05,,False
2009-10-09,2009,10,9,1.0,,1.0,,False
2009-10-10,2009,10,10,1.0,,1.0,,False
2009-10-11,2009,10,11,0.0,,5.183574463358577e-05,,False
2009-10-12,2009,10,12,50.0,,50.00000000000001,,True
2009-10-13,2009,10,13,2.0,,1.9999999999999998,,False
2009-10-14,2009,10,14,0.0,,5.183574463358577e-05,,False
2009-10-15,2009,10,15,0.0,,5.183574463358577e-05,,False
2009-10-16,2009,10,16,0.0,,5.183574463358577e-05,,False
2009-10-17,2009,10,17,0.0,,5.183574463358577e-05,,False
2009-10-18,2009,10,18,0.0,,5.183574463358577e-05,,False
2009-10-19,2009,10,19,3.0,,3.0,,False
2009-10-20,2009,10,20,0.0,,5.183574463358577e-05,,False
2009-10-21,2009,10,21,0.0,,5.183574463358577e-05,,False
2009-10-22,2009,10,22,4.0,,4.0,,False
2009-10-23,2009,10,23,4.0,,4.0,,False
2009-10-24,2009,10,24,0.0,,5.183574463358577e-05,,False
2009-10-25,2009,10,25,8888.0,meteorological_log_domain,2.0163161119185973,,False
2009-10-26,2009,10,26,4.0,,4.0,,False
2009-10-27,2009,10,27,0.0,,5.183574463358577e-05,,False
2009-10-28,2009,10,28,2.0,,1.9999999999999998,,False
2009-10-29,2009,10,29,2.0,,1.9999999999999998,,False
2009-10-30,2009,10,30,0.0,,5.183574463358577e-05,,False
2009-10-31,2009,10,31,0.0,,5.183574463358577e-05,,False
2009-11-01,2009,11,1,0.0,,5.183574463358577e-05,,False
2009-11-02,2009,11,2,0.0,,5.183574463358577e-05,,False
2009-11-03,2009,11,3,0.0,,5.183574463358577e-05,,False
2009-11-04,2009,11,4,0.0,,5.183574463358577e-05,,False
2009-11-05,2009,11,5,107.0,,107.0,,True
2009-11-06,2009,11,6,0.0,,5.183574463358577e-05,,False
2009-11-07,2009,11,7,39.0,,38.99999999999999,,True
2009-11-08,2009,11,8,0.0,,5.183574463358577e-05,,False
2009-11-09,2009,11,9,34.0,,33.99999999999999,,True
2009-11-10,2009,11,10,0.0,,5.183574463358577e-05,,False
2009-11-11,2009,11,11,0.0,,5.183574463358577e-05,,False
2009-11-12,2009,11,12,0.0,,5.183574463358577e-05,,False
2009-11-13,2009,11,13,5.0,,5.0,,False
2009-11-14,2009,11,14,36.0,,36.00000000000001,,True
2009-11-15,2009,11,15,5.0,,5.0,,False
2009-11-16,2009,11,16,3.0,,3.0,,False
2009-11-17,2009,11,17,0.0,,5.183574463358577e-05,,False
2009-11-18,2009,11,18,3.0,,3.0,,False
2009-11-19,2009,11,19,9.0,,8.999999999999998,,False
2009-11-20,2009,11,20,1.0,,1.0,,False
2009-11-21,2009,11,21,105.0,,105.0,,True
2009-11-22,2009,11,22,23.0,,23.0,,False
2009-11-23,2009,11,23,8888.0,meteorological_log_domain,4.140332059374629,,False
2009-11-24,2009,11,24,1.0,,1.0,,False
2009-11-25,2009,11,25,8888.0,meteorological_log_domain,9.600020886020747,,False
2009-11-26,2009,11,26,9.0,,8.999999999999998,,False
2009-11-27,2009,11,27,4.0,,4.0,,False
2009-11-28,2009,11,28,45.0,,44.99999999999999,,True
2009-11-29,2009,11,29,0.0,,5.183574463358577e-05,,False
2009-11-30,2009,11,30,8888.0,meteorological_log_domain,4.3630532993702085,,False
2009-12-01,2009,12,1,0.0,,5.183574463358577e-05,,False
2009-12-02,2009,12,2,0.0,,5.183574463358577e-05,,False
2009-12-03,2009,12,3,34.0,,33.99999999999999,,True
2009-12-04,2009,12,4,5.0,,5.0,,False
2009-12-05,2009,12,5,1.0,,1.0,,False
2009-12-06,2009,12,6,2.0,,1.9999999999999998,,False
2009-12-07,2009,12,7,1.0,,1.0,,False
2009-12-08,2009,12,8,2.0,,1.9999999999999998,,False
2009-12-09,2009,12,9,0.0,,5.183574463358577e-05,,False
2009-12-10,2009,12,10,0.0,,5.183574463358577e-05,,False
2009-12-11,2009,12,11,0.0,,5.183574463358577e-05,,False
2009-12-12,2009,12,12,0.0,,5.183574463358577e-05,,False
2009-12-13,2009,12,13,0.0,,5.183574463358577e-05,,False
2009-12-14,2009,12,14,8888.0,meteorological_log_domain,2.150620712400062,,False
2009-12-15,2009,12,15,8888.0,meteorological_log_domain,4.557532136902098,,False
2009-12-16,2009,12,16,0.0,,5.183574463358577e-05,,False
2009-12-17,2009,12,17,0.0,,5.183574463358577e-05,,False
2009-12-18,2009,12,18,1.0,,1.0,,False
2009-12-19,2009,12,19,8888.0,meteorological_log_domain,3.934169746275832,,False
2009-12-20,2009,12,20,0.0,,5.183574463358577e-05,,False
2009-12-21,2009,12,21,0.0,,5.183574463358577e-05,,False
2009-12-22,2009,12,22,8888.0,meteorological_log_domain,0.7212779950675783,,False
2009-12-23,2009,12,23,8888.0,meteorological_log_domain,3.256388236656782,,False
2009-12-24,2009,12,24,2.0,,1.9999999999999998,,False
2009-12-25,2009,12,25,1.0,,1.0,,False
2009-12-26,2009,12,26,1.0,,1.0,,False
2009-12-27,2009,12,27,62.0,,62.00000000000002,,True
2009-12-28,2009,12,28,0.0,,5.183574463358577e-05,,False
2009-12-29,2009,12,29,0.0,,5.183574463358577e-05,,False
2009-12-30,2009,12,30,0.0,,5.183574463358577e-05,,False
2009-12-31,2009,12,31,0.0,,5.183574463358577e-05,,False
2010-01-01,2010,1,1,0.0,,5.183574463358577e-05,,False
2010-01-02,2010,1,2,8888.0,meteorological_log_domain,4.212807862057264,,False
2010-01-03,2010,1,3,12.0,,12.0,,False
2010-01-04,2010,1,4,14.0,,14.000000000000002,,False
2010-01-05,2010,1,5,1.0,,1.0,,False
2010-01-06,2010,1,6,1.0,,1.0,,False
2010-01-07,2010,1,7,56.0,,55.999999999999986,,True
2010-01-08,2010,1,8,2.0,,1.9999999999999998,,False
2010-01-09,2010,1,9,0.0,,5.183574463358577e-05,,False
2010-01-10,2010,1,10,0.0,,5.183574463358577e-05,,False
2010-01-11,2010,1,11,0.0,,5.183574463358577e-05,,False
2010-01-12,2010,1,12,0.0,,5.183574463358577e-05,,False
2010-01-13,2010,1,13,0.0,,5.183574463358577e-05,,False
2010-01-14,2010,1,14,0.0,,5.183574463358577e-05,,False
2010-01-15,2010,1,15,8888.0,meteorological_log_domain,2.0531295768140674,,False
2010-01-16,2010,1,16,0.0,,5.183574463358577e-05,,False
2010-01-17,2010,1,17,0.0,,5.183574463358577e-05,,False
2010-01-18,2010,1,18,0.0,,5.183574463358577e-05,,False
2010-01-19,2010,1,19,70.0,,70.00000000000001,,True
2010-01-20,2010,1,20,0.0,,5.183574463358577e-05,,False
2010-01-21,2010,1,21,48.0,,47.99999999999999,,True
2010-01-22,2010,1,22,26.0,,25.999999999999996,,True
2010-01-23,2010,1,23,0.0,,5.183574463358577e-05,,False
2010-01-24,2010,1,24,8888.0,meteorological_log_domain,3.3539646271433234,,False
2010-01-25,2010,1,25,0.0,,5.183574463358577e-05,,False
2010-01-26,2010,1,26,8888.0,meteorological_log_domain,4.924106222053752,,False
2010-01-27,2010,1,27,0.0,,5.183574463358577e-05,,False
2010-01-28,2010,1,28,0.0,,5.183574463358577e-05,,False
2010-01-29,2010,1,29,8888.0,meteorological_log_domain,3.141671817508922,,False
2010-01-30,2010,1,30,0.0,,5.183574463358577e-05,,False
2010-01-31,2010,1,31,0.0,,5.183574463358577e-05,,False
2010-02-01,2010,2,1,0.0,,5.183574463358577e-05,,False
2010-02-02,2010,2,2,0.0,,5.183574463358577e-05,,False
2010-02-03,2010,2,3,0.0,,5.183574463358577e-05,,False
2010-02-04,2010,2,4,0.0,,5.183574463358577e-05,,False
2010-02-05,2010,2,5,0.0,,5.183574463358577e-05,,False
2010-02-06,2010,2,6,0.0,,5.183574463358577e-05,,False
2010-02-07,2010,2,7,8888.0,meteorological_log_domain,2.9902853529108193,,False
2010-02-08,2010,2,8,0.0,,5.183574463358577e-05,,False
2010-02-09,2010,2,9,0.0,,5.183574463358577e-05,,False
2010-02-10,2010,2,10,0.0,,5.183574463358577e-05,,False
2010-02-11,2010,2,11,0.0,,5.183574463358577e-05,,False
2010-02-12,2010,2,12,0.0,,5.183574463358577e-05,,False
2010-02-13,2010,2,13,1.0,,1.0,,False
2010-02-14,2010,2,14,6.0,,6.0,,False
2010-02-15,2010,2,15,0.0,,5.183574463358577e-05,,False
2010-02-16,2010,2,16,0.0,,5.183574463358577e-05,,False
2010-02-17,2010,2,17,0.0,,5.183574463358577e-05,,False
2010-02-18,2010,2,18,0.0,,5.183574463358577e-05,,False
2010-02-19,2010,2,19,8888.0,meteorological_log_domain,3.091837925199432,,False
2010-02-20,2010,2,20,8888.0,meteorological_log_domain,2.1661363509212164,,False
2010-02-21,2010,2,21,0.0,,5.183574463358577e-05,,False
2010-02-22,2010,2,22,0.0,,5.183574463358577e-05,,False
2010-02-23,2010,2,23,0.0,,5.183574463358577e-05,,False
2010-02-24,2010,2,24,36.0,,36.00000000000001,,True
2010-02-25,2010,2,25,4.0,,4.0,,False
2010-02-26,2010,2,26,2.0,,1.9999999999999998,,False
2010-02-27,2010,2,27,0.0,,5.183574463358577e-05,,False
2010-02-28,2010,2,28,1.0,,1.0,,False
2010-03-01,2010,3,1,10.0,,9.999999999999998,,False
2010-03-02,2010,3,2,17.0,,16.999999999999996,,False
2010-03-03,2010,3,3,0.0,,5.183574463358577e-05,,False
2010-03-04,2010,3,4,12.0,,12.0,,False
2010-03-05,2010,3,5,0.0,,5.183574463358577e-05,,False
2010-03-06,2010,3,6,8888.0,meteorological_log_domain,2.954339184853759,,False
2010-03-07,2010,3,7,0.0,,5.183574463358577e-05,,False
2010-03-08,2010,3,8,0.0,,5.183574463358577e-05,,False
2010-03-09,2010,3,9,0.0,,5.183574463358577e-05,,False
2010-03-10,2010,3,10,0.0,,5.183574463358577e-05,,False
2010-03-11,2010,3,11,3.0,,3.0,,False
2010-03-12,2010,3,12,0.0,,5.183574463358577e-05,,False
2010-03-13,2010,3,13,0.0,,5.183574463358577e-05,,False
2010-03-14,2010,3,14,2.0,,1.9999999999999998,,False
2010-03-15,2010,3,15,0.0,,5.183574463358577e-05,,False
2010-03-16,2010,3,16,31.0,,31.000000000000004,,True
2010-03-17,2010,3,17,0.0,,5.183574463358577e-05,,False
2010-03-18,2010,3,18,0.0,,5.183574463358577e-05,,False
2010-03-19,2010,3,19,0.0,,5.183574463358577e-05,,False
2010-03-20,2010,3,20,0.0,,5.183574463358577e-05,,False
2010-03-21,2010,3,21,0.0,,5.183574463358577e-05,,False
2010-03-22,2010,3,22,0.0,,5.183574463358577e-05,,False
2010-03-23,2010,3,23,21.0,,21.0,,False
2010-03-24,2010,3,24,0.0,,5.183574463358577e-05,,False
2010-03-25,2010,3,25,14.0,,14.000000000000002,,False
2010-03-26,2010,3,26,8888.0,meteorological_log_domain,4.324461796687301,,False
2010-03-27,2010,3,27,0.0,,5.183574463358577e-05,,False
2010-03-28,2010,3,28,8888.0,meteorological_log_domain,5.735955216034681,,False
2010-03-29,2010,3,29,8888.0,meteorological_log_domain,7.024492502834644,,False
2010-03-30,2010,3,30,0.0,,5.183574463358577e-05,,False
2010-03-31,2010,3,31,0.0,,5.183574463358577e-05,,False
2010-04-01,2010,4,1,8888.0,meteorological_log_domain,5.818471784924179,,False
2010-04-02,2010,4,2,15.0,,14.999999999999998,,False
2010-04-03,2010,4,3,8888.0,meteorological_log_domain,2.6699529796034986,,False
2010-04-04,2010,4,4,2.0,,1.9999999999999998,,False
2010-04-05,2010,4,5,0.0,,5.183574463358577e-05,,False
2010-04-06,2010,4,6,0.0,,5.183574463358577e-05,,False
2010-04-07,2010,4,7,0.0,,5.183574463358577e-05,,False
2010-04-08,2010,4,8,0.0,,5.183574463358577e-05,,False
2010-04-09,2010,4,9,16.0,,16.000000000000004,,False
2010-04-10,2010,4,10,0.0,,5.183574463358577e-05,,False
2010-04-11,2010,4,11,0.0,,5.183574463358577e-05,,False
2010-04-12,2010,4,12,0.0,,5.183574463358577e-05,,False
2010-04-13,2010,4,13,4.0,,4.0,,False
2010-04-14,2010,4,14,0.0,,5.183574463358577e-05,,False
2010-04-15,2010,4,15,0.0,,5.183574463358577e-05,,False
2010-04-16,2010,4,16,0.0,,5.183574463358577e-05,,False
2010-04-17,2010,4,17,0.0,,5.183574463358577e-05,,False
2010-04-18,2010,4,18,8888.0,meteorological_log_domain,1.3512162618291959,,False
2010-04-19,2010,4,19,0.0,,5.183574463358577e-05,,False
2010-04-20,2010,4,20,8888.0,meteorological_log_domain,0.4752782076214654,,False
2010-04-21,2010,4,21,2.0,,1.9999999999999998,,False
2010-04-22,2010,4,22,0.0,,5.183574463358577e-05,,False
2010-04-23,2010,4,23,8888.0,meteorological_log_domain,1.6186327019036861,,False
2010-04-24,2010,4,24,0.0,,5.183574463358577e-05,,False
2010-04-25,2010,4,25,8888.0,meteorological_log_domain,0.47790996003952324,,False
2010-04-26,2010,4,26,0.0,,5.183574463358577e-05,,False
2010-04-27,2010,4,27,0.0,,5.183574463358577e-05,,False
2010-04-28,2010,4,28,109.0,,108.99999999999999,,True
2010-04-29,2010,4,29,0.0,,5.183574463358577e-05,,False
2010-04-30,2010,4,30,0.0,,5.183574463358577e-05,,False
2010-05-01,2010,5,1,0.0,,5.183574463358577e-05,,False
2010-05-02,2010,5,2,5.0,,5.0,,False
2010-05-03,2010,5,3,0.0,,5.183574463358577e-05,,False
2010-05-04,2010,5,4,1.0,,1.0,,False
2010-05-05,2010,5,5,0.0,,5.183574463358577e-05,,False
2010-05-06,2010,5,6,0.0,,5.183574463358577e-05,,False
2010-05-07,2010,5,7,0.0,,5.183574463358577e-05,,False
2010-05-08,2010,5,8,0.0,,5.183574463358577e-05,,False
2010-05-09,2010,5,9,0.0,,5.183574463358577e-05,,False
2010-05-10,2010,5,10,0.0,,5.183574463358577e-05,,False
2010-05-11,2010,5,11,4.0,,4.0,,False
2010-05-12,2010,5,12,0.0,,5.183574463358577e-05,,False
2010-05-13,2010,5,13,0.0,,5.183574463358577e-05,,False
2010-05-14,2010,5,14,0.0,,5.183574463358577e-05,,False
2010-05-15,2010,5,15,0.0,,5.183574463358577e-05,,False
2010-05-16,2010,5,16,14.0,,14.000000000000002,,False
2010-05-17,2010,5,17,0.0,,5.183574463358577e-05,,False
2010-05-18,2010,5,18,4.0,,4.0,,False
2010-05-19,2010,5,19,0.0,,5.183574463358577e-05,,False
2010-05-20,2010,5,20,0.0,,5.183574463358577e-05,,False
2010-05-21,2010,5,21,0.0,,5.183574463358577e-05,,False
2010-05-22,2010,5,22,8888.0,meteorological_log_domain,0.011589813696279391,,False
2010-05-23,2010,5,23,52.0,,52.000000000000014,,True
2010-05-24,2010,5,24,0.0,,5.183574463358577e-05,,False
2010-05-25,2010,5,25,0.0,,5.183574463358577e-05,,False
2010-05-26,2010,5,26,0.0,,5.183574463358577e-05,,False
2010-05-27,2010,5,27,0.0,,5.183574463358577e-05,,False
2010-05-28,2010,5,28,0.0,,5.183574463358577e-05,,False
2010-05-29,2010,5,29,0.0,,5.183574463358577e-05,,False
2010-05-30,2010,5,30,1.0,,1.0,,False
2010-05-31,2010,5,31,0.0,,5.183574463358577e-05,,False
2010-06-01,2010,6,1,8888.0,meteorological_log_domain,10.159513631803234,,False
2010-06-02,2010,6,2,8888.0,meteorological_log_domain,1.3202200799569905,,False
2010-06-03,2010,6,3,0.0,,5.183574463358577e-05,,False
2010-06-04,2010,6,4,0.0,,5.183574463358577e-05,,False
2010-06-05,2010,6,5,5.0,,5.0,,False
2010-06-06,2010,6,6,1.0,,1.0,,False
2010-06-07,2010,6,7,6.0,,6.0,,False
2010-06-08,2010,6,8,0.0,,5.183574463358577e-05,,False
2010-06-09,2010,6,9,0.0,,5.183574463358577e-05,,False
2010-06-10,2010,6,10,0.0,,5.183574463358577e-05,,False
2010-06-11,2010,6,11,8888.0,meteorological_log_domain,2.0969246965692827,,False
2010-06-12,2010,6,12,87.0,,87.0,,True
2010-06-13,2010,6,13,8888.0,meteorological_log_domain,0.018263235054989287,,False
2010-06-14,2010,6,14,8888.0,meteorological_log_domain,3.183291329006583,,False
2010-06-15,2010,6,15,33.0,,33.0,,True
2010-06-16,2010,6,16,0.0,,5.183574463358577e-05,,False
2010-06-17,2010,6,17,3.0,,3.0,,False
2010-06-18,2010,6,18,0.0,,5.183574463358577e-05,,False
2010-06-19,2010,6,19,0.0,,5.183574463358577e-05,,False
2010-06-20,2010,6,20,0.0,,5.183574463358577e-05,,False
2010-06-21,2010,6,21,0.0,,5.183574463358577e-05,,False
2010-06-22,2010,6,22,0.0,,5.183574463358577e-05,,False
2010-06-23,2010,6,23,30.0,,29.999999999999993,,True
2010-06-24,2010,6,24,0.0,,5.183574463358577e-05,,False
2010-06-25,2010,6,25,40.0,,40.0,,True
2010-06-26,2010,6,26,8888.0,meteorological_log_domain,0.7599311668039941,,False
2010-06-27,2010,6,27,0.0,,5.183574463358577e-05,,False
2010-06-28,2010,6,28,0.0,,5.183574463358577e-05,,False
2010-06-29,2010,6,29,0.0,,5.183574463358577e-05,,False
2010-06-30,2010,6,30,0.0,,5.183574463358577e-05,,False
2010-07-01,2010,7,1,0.0,,5.183574463358577e-05,,False
2010-07-02,2010,7,2,0.0,,5.183574463358577e-05,,False
2010-07-03,2010,7,3,1.0,,1.0,,False
2010-07-04,2010,7,4,8888.0,meteorological_log_domain,1.0967017001534947,,False
2010-07-05,2010,7,5,8888.0,meteorological_log_domain,0.1391371797464549,,False
2010-07-06,2010,7,6,0.0,,5.183574463358577e-05,,False
2010-07-07,2010,7,7,13.0,,13.000000000000002,,False
2010-07-08,2010,7,8,6.0,,6.0,,False
2010-07-09,2010,7,9,0.0,,5.183574463358577e-05,,False
2010-07-10,2010,7,10,6.0,,6.0,,False
2010-07-11,2010,7,11,0.0,,5.183574463358577e-05,,False
2010-07-12,2010,7,12,0.0,,5.183574463358577e-05,,False
2010-07-13,2010,7,13,8888.0,meteorological_log_domain,1.7785467900489573,,False
2010-07-14,2010,7,14,8888.0,meteorological_log_domain,4.661152732789139,,False
2010-07-15,2010,7,15,8888.0,meteorological_log_domain,7.891021533333942,,False
2010-07-16,2010,7,16,8888.0,meteorological_log_domain,2.437127978829894,,False
2010-07-17,2010,7,17,5.0,,5.0,,False
2010-07-18,2010,7,18,8888.0,meteorological_log_domain,4.256778428006822,,False
2010-07-19,2010,7,19,8888.0,meteorological_log_domain,6.68468447056611,,False
2010-07-20,2010,7,20,13.0,,13.000000000000002,,False
2010-07-21,2010,7,21,1.0,,1.0,,False
2010-07-22,2010,7,22,0.0,,5.183574463358577e-05,,False
2010-07-23,2010,7,23,0.0,,5.183574463358577e-05,,False
2010-07-24,2010,7,24,8888.0,meteorological_log_domain,0.5051665665238465,,False
2010-07-25,2010,7,25,0.0,,5.183574463358577e-05,,False
2010-07-26,2010,7,26,1.0,,1.0,,False
2010-07-27,2010,7,27,1.0,,1.0,,False
2010-07-28,2010,7,28,16.0,,16.000000000000004,,False
2010-07-29,2010,7,29,0.0,,5.183574463358577e-05,,False
2010-07-30,2010,7,30,2.0,,1.9999999999999998,,False
2010-07-31,2010,7,31,0.0,,5.183574463358577e-05,,False
2010-08-01,2010,8,1,8888.0,meteorological_log_domain,7.295249276045548,,False
2010-08-02,2010,8,2,3.0,,3.0,,False
2010-08-03,2010,8,3,12.0,,12.0,,False
2010-08-04,2010,8,4,4.0,,4.0,,False
2010-08-05,2010,8,5,0.0,,5.183574463358577e-05,,False
2010-08-06,2010,8,6,0.0,,5.183574463358577e-05,,False
2010-08-07,2010,8,7,0.0,,5.183574463358577e-05,,False
2010-08-08,2010,8,8,0.0,,5.183574463358577e-05,,False
2010-08-09,2010,8,9,0.0,,5.183574463358577e-05,,False
2010-08-10,2010,8,10,0.0,,5.183574463358577e-05,,False
2010-08-11,2010,8,11,9.0,,8.999999999999998,,False
2010-08-12,2010,8,12,0.0,,5.183574463358577e-05,,False
2010-08-13,2010,8,13,8888.0,meteorological_log_domain,3.1553158061626294,,False
2010-08-14,2010,8,14,1.0,,1.0,,False
2010-08-15,2010,8,15,0.0,,5.183574463358577e-05,,False
2010-08-16,2010,8,16,0.0,,5.183574463358577e-05,,False
2010-08-17,2010,8,17,1.0,,1.0,,False
2010-08-18,2010,8,18,8888.0,meteorological_log_domain,3.5040337493469242,,False
2010-08-19,2010,8,19,0.0,,5.183574463358577e-05,,False
2010-08-20,2010,8,20,56.0,,55.999999999999986,,True
2010-08-21,2010,8,21,0.0,,5.183574463358577e-05,,False
2010-08-22,2010,8,22,17.0,,16.999999999999996,,False
2010-08-23,2010,8,23,0.0,,5.183574463358577e-05,,False
2010-08-24,2010,8,24,0.0,,5.183574463358577e-05,,False
2010-08-25,2010,8,25,0.0,,5.183574463358577e-05,,False
2010-08-26,2010,8,26,0.0,,5.183574463358577e-05,,False
2010-08-27,2010,8,27,0.0,,5.183574463358577e-05,,False
2010-08-28,2010,8,28,8888.0,meteorological_log_domain,0.4651700506189254,,False
2010-08-29,2010,8,29,0.0,,5.183574463358577e-05,,False
2010-08-30,2010,8,30,0.0,,5.183574463358577e-05,,False
2010-08-31,2010,8,31,0.0,,5.183574463358577e-05,,False
2010-09-01,2010,9,1,1.0,,1.0,,False
2010-09-02,2010,9,2,0.0,,5.183574463358577e-05,,False
2010-09-03,2010,9,3,9.0,,8.999999999999998,,False
2010-09-04,2010,9,4,0.0,,5.183574463358577e-05,,False
2010-09-05,2010,9,5,0.0,,5.183574463358577e-05,,False
2010-09-06,2010,9,6,0.0,,5.183574463358577e-05,,False
2010-09-07,2010,9,7,0.0,,5.183574463358577e-05,,False
2010-09-08,2010,9,8,0.0,,5.183574463358577e-05,,False
2010-09-09,2010,9,9,5.0,,5.0,,False
2010-09-10,2010,9,10,8888.0,meteorological_log_domain,8.624074852581565,,False
2010-09-11,2010,9,11,0.0,,5.183574463358577e-05,,False
2010-09-12,2010,9,12,8888.0,meteorological_log_domain,2.841451180517624,,False
2010-09-13,2010,9,13,56.0,,55.999999999999986,,True
2010-09-14,2010,9,14,0.0,,5.183574463358577e-05,,False
2010-09-15,2010,9,15,29.0,,29.000000000000004,,True
2010-09-16,2010,9,16,8888.0,meteorological_log_domain,4.035515077831841,,False
2010-09-17,2010,9,17,1.0,,1.0,,False
2010-09-18,2010,9,18,1.0,,1.0,,False
2010-09-19,2010,9,19,0.0,,5.183574463358577e-05,,False
2010-09-20,2010,9,20,5.0,,5.0,,False
2010-09-21,2010,9,21,8888.0,meteorological_log_domain,3.3321131845464182,,False
2010-09-22,2010,9,22,0.0,,5.183574463358577e-05,,False
2010-09-23,2010,9,23,0.0,,5.183574463358577e-05,,False
2010-09-24,2010,9,24,8888.0,meteorological_log_domain,3.3351658597285128,,False
2010-09-25,2010,9,25,8888.0,meteorological_log_domain,6.566934881199763,,False
2010-09-26,2010,9,26,0.0,,5.183574463358577e-05,,False
2010-09-27,2010,9,27,0.0,,5.183574463358577e-05,,False
2010-09-28,2010,9,28,11.0,,10.999999999999998,,False
2010-09-29,2010,9,29,3.0,,3.0,,False
2010-09-30,2010,9,30,3.0,,3.0,,False
2010-10-01,2010,10,1,0.0,,5.183574463358577e-05,,False
2010-10-02,2010,10,2,0.0,,5.183574463358577e-05,,False
2010-10-03,2010,10,3,12.0,,12.0,,False
2010-10-04,2010,10,4,1.0,,1.0,,False
2010-10-05,2010,10,5,1.0,,1.0,,False
2010-10-06,2010,10,6,16.0,,16.000000000000004,,False
2010-10-07,2010,10,7,8888.0,meteorological_log_domain,7.638872100630076,,False
2010-10-08,2010,10,8,2.0,,1.9999999999999998,,False
2010-10-09,2010,10,9,0.0,,5.183574463358577e-05,,False
2010-10-10,2010,10,10,0.0,,5.183574463358577e-05,,False
2010-10-11,2010,10,11,0.0,,5.183574463358577e-05,,False
2010-10-12,2010,10,12,0.0,,5.183574463358577e-05,,False
2010-10-13,2010,10,13,0.0,,5.183574463358577e-05,,False
2010-10-14,2010,10,14,8888.0,meteorological_log_domain,2.000251466519906,,False
2010-10-15,2010,10,15,0.0,,5.183574463358577e-05,,False
2010-10-16,2010,10,16,0.0,,5.183574463358577e-05,,False
2010-10-17,2010,10,17,0.0,,5.183574463358577e-05,,False
2010-10-18,2010,10,18,0.0,,5.183574463358577e-05,,False
2010-10-19,2010,10,19,0.0,,5.183574463358577e-05,,False
2010-10-20,2010,10,20,0.0,,5.183574463358577e-05,,False
2010-10-21,2010,10,21,0.0,,5.183574463358577e-05,,False
2010-10-22,2010,10,22,0.0,,5.183574463358577e-05,,False
2010-10-23,2010,10,23,0.0,,5.183574463358577e-05,,False
2010-10-24,2010,10,24,0.0,,5.183574463358577e-05,,False
2010-10-25,2010,10,25,11.0,,10.999999999999998,,False
2010-10-26,2010,10,26,3.0,,3.0,,False
2010-10-27,2010,10,27,28.0,,27.999999999999996,,True
2010-10-28,2010,10,28,1.0,,1.0,,False
2010-10-29,2010,10,29,4.0,,4.0,,False
2010-10-30,2010,10,30,5.0,,5.0,,False
2010-10-31,2010,10,31,1.0,,1.0,,False
2010-11-01,2010,11,1,44.0,,44.00000000000001,,True
2010-11-02,2010,11,2,33.0,,33.0,,True
2010-11-03,2010,11,3,16.0,,16.000000000000004,,False
2010-11-04,2010,11,4,3.0,,3.0,,False
2010-11-05,2010,11,5,6.0,,6.0,,False
2010-11-06,2010,11,6,1.0,,1.0,,False
2010-11-07,2010,11,7,4.0,,4.0,,False
2010-11-08,2010,11,8,2.0,,1.9999999999999998,,False
2010-11-09,2010,11,9,8888.0,meteorological_log_domain,6.570234448026205,,False
2010-11-10,2010,11,10,5.0,,5.0,,False
2010-11-11,2010,11,11,1.0,,1.0,,False
2010-11-12,2010,11,12,2.0,,1.9999999999999998,,False
2010-11-13,2010,11,13,0.0,,5.183574463358577e-05,,False
2010-11-14,2010,11,14,8888.0,meteorological_log_domain,2.739535311334669,,False
2010-11-15,2010,11,15,22.0,,22.0,,False
2010-11-16,2010,11,16,2.0,,1.9999999999999998,,False
2010-11-17,2010,11,17,1.0,,1.0,,False
2010-11-18,2010,11,18,8888.0,meteorological_log_domain,5.271698120570564,,False
2010-11-19,2010,11,19,2.0,,1.9999999999999998,,False
2010-11-20,2010,11,20,3.0,,3.0,,False
2010-11-21,2010,11,21,0.0,,5.183574463358577e-05,,False
2010-11-22,2010,11,22,57.0,,57.00000000000001,,True
2010-11-23,2010,11,23,0.0,,5.183574463358577e-05,,False
2010-11-24,2010,11,24,88.0,,88.0,,True
2010-11-25,2010,11,25,0.0,,5.183574463358577e-05,,False
2010-11-26,2010,11,26,3.0,,3.0,,False
2010-11-27,2010,11,27,0.0,,5.183574463358577e-05,,False
2010-11-28,2010,11,28,0.0,,5.183574463358577e-05,,False
2010-11-29,2010,11,29,0.0,,5.183574463358577e-05,,False
2010-11-30,2010,11,30,0.0,,5.183574463358577e-05,,False
2010-12-01,2010,12,1,0.0,,5.183574463358577e-05,,False
2010-12-02,2010,12,2,21.0,,21.0,,False
2010-12-03,2010,12,3,1.0,,1.0,,False
2010-12-04,2010,12,4,67.0,,67.00000000000003,,True
2010-12-05,2010,12,5,0.0,,5.183574463358577e-05,,False
2010-12-06,2010,12,6,6.0,,6.0,,False
2010-12-07,2010,12,7,8888.0,meteorological_log_domain,2.4908948547530296,,False
2010-12-08,2010,12,8,1.0,,1.0,,False
2010-12-09,2010,12,9,54.0,,54.0,,True
2010-12-10,2010,12,10,8888.0,meteorological_log_domain,0.9695453605010849,,False
2010-12-11,2010,12,11,0.0,,5.183574463358577e-05,,False
2010-12-12,2010,12,12,0.0,,5.183574463358577e-05,,False
2010-12-13,2010,12,13,6.0,,6.0,,False
2010-12-14,2010,12,14,2.0,,1.9999999999999998,,False
2010-12-15,2010,12,15,1.0,,1.0,,False
2010-12-16,2010,12,16,56.0,,55.999999999999986,,True
2010-12-17,2010,12,17,0.0,,5.183574463358577e-05,,False
2010-12-18,2010,12,18,1.0,,1.0,,False
2010-12-19,2010,12,19,8888.0,meteorological_log_domain,5.643743914714928,,False
2010-12-20,2010,12,20,2.0,,1.9999999999999998,,False
2010-12-21,2010,12,21,8888.0,meteorological_log_domain,3.8360213440764572,,False
2010-12-22,2010,12,22,1.0,,1.0,,False
2010-12-23,2010,12,23,1.0,,1.0,,False
2010-12-24,2010,12,24,0.0,,5.183574463358577e-05,,False
2010-12-25,2010,12,25,0.0,,5.183574463358577e-05,,False
2010-12-26,2010,12,26,0.0,,5.183574463358577e-05,,False
2010-12-27,2010,12,27,0.0,,5.183574463358577e-05,,False
2010-12-28,2010,12,28,0.0,,5.183574463358577e-05,,False
2010-12-29,2010,12,29,2.0,,1.9999999999999998,,False
2010-12-30,2010,12,30,6.0,,6.0,,False
2010-12-31,2010,12,31,1.0,,1.0,,False
2011-01-01,2011,1,1,2.0,,1.9999999999999998,,False
2011-01-02,2011,1,2,1.0,,1.0,,False
2011-01-03,2011,1,3,0.0,,5.183574463358577e-05,,False
2011-01-04,2011,1,4,8888.0,meteorological_log_domain,3.0364098931204824,,False
2011-01-05,2011,1,5,1.0,,1.0,,False
2011-01-06,2011,1,6,4.0,,4.0,,False
2011-01-07,2011,1,7,12.0,,12.0,,False
2011-01-08,2011,1,8,9.0,,8.999999999999998,,False
2011-01-09,2011,1,9,8888.0,meteorological_log_domain,3.0764610945616937,,False
2011-01-10,2011,1,10,0.0,,5.183574463358577e-05,,False
2011-01-11,2011,1,11,1.0,,1.0,,False
2011-01-12,2011,1,12,0.0,,5.183574463358577e-05,,False
2011-01-13,2011,1,13,0.0,,5.183574463358577e-05,,False
2011-01-14,2011,1,14,0.0,,5.183574463358577e-05,,False
2011-01-15,2011,1,15,8888.0,meteorological_log_domain,4.138395245261808,,False
2011-01-16,2011,1,16,0.0,,5.183574463358577e-05,,False
2011-01-17,2011,1,17,1.0,,1.0,,False
2011-01-18,2011,1,18,8888.0,meteorological_log_domain,1.5693644745391768,,False
2011-01-19,2011,1,19,0.0,,5.183574463358577e-05,,False
2011-01-20,2011,1,20,0.0,,5.183574463358577e-05,,False
2011-01-21,2011,1,21,0.0,,5.183574463358577e-05,,False
2011-01-22,2011,1,22,0.0,,5.183574463358577e-05,,False
2011-01-23,2011,1,23,0.0,,5.183574463358577e-05,,False
2011-01-24,2011,1,24,0.0,,5.183574463358577e-05,,False
2011-01-25,2011,1,25,0.0,,5.183574463358577e-05,,False
2011-01-26,2011,1,26,22.0,,22.0,,False
2011-01-27,2011,1,27,10.0,,9.999999999999998,,False
2011-01-28,2011,1,28,4.0,,4.0,,False
2011-01-29,2011,1,29,14.0,,14.000000000000002,,False
2011-01-30,2011,1,30,8888.0,meteorological_log_domain,7.212256224629296,,False
2011-01-31,2011,1,31,0.0,,5.183574463358577e-05,,False
2011-02-01,2011,2,1,0.0,,5.183574463358577e-05,,False
2011-02-02,2011,2,2,0.0,,5.183574463358577e-05,,False
2011-02-03,2011,2,3,8888.0,meteorological_log_domain,3.2403332095003288,,False
2011-02-04,2011,2,4,0.0,,5.183574463358577e-05,,False
2011-02-05,2011,2,5,0.0,,5.183574463358577e-05,,False
2011-02-06,2011,2,6,0.0,,5.183574463358577e-05,,False
2011-02-07,2011,2,7,0.0,,5.183574463358577e-05,,False
2011-02-08,2011,2,8,0.0,,5.183574463358577e-05,,False
2011-02-09,2011,2,9,0.0,,5.183574463358577e-05,,False
2011-02-10,2011,2,10,0.0,,5.183574463358577e-05,,False
2011-02-11,2011,2,11,0.0,,5.183574463358577e-05,,False
2011-02-12,2011,2,12,13.0,,13.000000000000002,,False
2011-02-13,2011,2,13,13.0,,13.000000000000002,,False
2011-02-14,2011,2,14,0.0,,5.183574463358577e-05,,False
2011-02-15,2011,2,15,0.0,,5.183574463358577e-05,,False
2011-02-16,2011,2,16,0.0,,5.183574463358577e-05,,False
2011-02-17,2011,2,17,0.0,,5.183574463358577e-05,,False
2011-02-18,2011,2,18,0.0,,5.183574463358577e-05,,False
2011-02-19,2011,2,19,0.0,,5.183574463358577e-05,,False
2011-02-20,2011,2,20,0.0,,5.183574463358577e-05,,False
2011-02-21,2011,2,21,0.0,,5.183574463358577e-05,,False
2011-02-22,2011,2,22,1.0,,1.0,,False
2011-02-23,2011,2,23,0.0,,5.183574463358577e-05,,False
2011-02-24,2011,2,24,8888.0,meteorological_log_domain,6.182371712141778,,False
2011-02-25,2011,2,25,0.0,,5.183574463358577e-05,,False
2011-02-26,2011,2,26,0.0,,5.183574463358577e-05,,False
2011-02-27,2011,2,27,0.0,,5.183574463358577e-05,,False
2011-02-28,2011,2,28,0.0,,5.183574463358577e-05,,False
2011-03-01,2011,3,1,0.0,,5.183574463358577e-05,,False
2011-03-02,2011,3,2,0.0,,5.183574463358577e-05,,False
2011-03-03,2011,3,3,0.0,,5.183574463358577e-05,,False
2011-03-04,2011,3,4,0.0,,5.183574463358577e-05,,False
2011-03-05,2011,3,5,0.0,,5.183574463358577e-05,,False
2011-03-06,2011,3,6,0.0,,5.183574463358577e-05,,False
2011-03-07,2011,3,7,8888.0,meteorological_log_domain,6.307095182820214,,False
2011-03-08,2011,3,8,11.0,,10.999999999999998,,False
2011-03-09,2011,3,9,0.0,,5.183574463358577e-05,,False
2011-03-10,2011,3,10,76.0,,76.0,,True
2011-03-11,2011,3,11,0.0,,5.183574463358577e-05,,False
2011-03-12,2011,3,12,0.0,,5.183574463358577e-05,,False
2011-03-13,2011,3,13,8888.0,meteorological_log_domain,4.001254987896541,,False
2011-03-14,2011,3,14,0.0,,5.183574463358577e-05,,False
2011-03-15,2011,3,15,0.0,,5.183574463358577e-05,,False
2011-03-16,2011,3,16,0.0,,5.183574463358577e-05,,False
2011-03-17,2011,3,17,8888.0,meteorological_log_domain,9.344296906108042,,False
2011-03-18,2011,3,18,0.0,,5.183574463358577e-05,,False
2011-03-19,2011,3,19,0.0,,5.183574463358577e-05,,False
2011-03-20,2011,3,20,0.0,,5.183574463358577e-05,,False
2011-03-21,2011,3,21,1.0,,1.0,,False
2011-03-22,2011,3,22,8888.0,meteorological_log_domain,4.183293320271973,,False
2011-03-23,2011,3,23,6.0,,6.0,,False
2011-03-24,2011,3,24,22.0,,22.0,,False
2011-03-25,2011,3,25,25.0,,25.000000000000004,,False
2011-03-26,2011,3,26,12.0,,12.0,,False
2011-03-27,2011,3,27,0.0,,5.183574463358577e-05,,False
2011-03-28,2011,3,28,0.0,,5.183574463358577e-05,,False
2011-03-29,2011,3,29,2.0,,1.9999999999999998,,False
2011-03-30,2011,3,30,80.0,,80.00000000000001,,True
2011-03-31,2011,3,31,17.0,,16.999999999999996,,False
2011-04-01,2011,4,1,0.0,,5.183574463358577e-05,,False
2011-04-02,2011,4,2,11.0,,10.999999999999998,,False
2011-04-03,2011,4,3,0.0,,5.183574463358577e-05,,False
2011-04-04,2011,4,4,1.0,,1.0,,False
2011-04-05,2011,4,5,0.0,,5.183574463358577e-05,,False
2011-04-06,2011,4,6,8888.0,meteorological_log_domain,4.326361081783766,,False
2011-04-07,2011,4,7,0.0,,5.183574463358577e-05,,False
2011-04-08,2011,4,8,8888.0,meteorological_log_domain,3.8390811399238323,,False
2011-04-09,2011,4,9,0.0,,5.183574463358577e-05,,False
2011-04-10,2011,4,10,0.0,,5.183574463358577e-05,,False
2011-04-11,2011,4,11,0.0,,5.183574463358577e-05,,False
2011-04-12,2011,4,12,0.0,,5.183574463358577e-05,,False
2011-04-13,2011,4,13,0.0,,5.183574463358577e-05,,False
2011-04-14,2011,4,14,3.0,,3.0,,False
2011-04-15,2011,4,15,0.0,,5.183574463358577e-05,,False
2011-04-16,2011,4,16,8888.0,meteorological_log_domain,6.60020793082223,,False
2011-04-17,2011,4,17,0.0,,5.183574463358577e-05,,False
2011-04-18,2011,4,18,6.0,,6.0,,False
2011-04-19,2011,4,19,0.0,,5.183574463358577e-05,,False
2011-04-20,2011,4,20,0.0,,5.183574463358577e-05,,False
2011-04-21,2011,4,21,0.0,,5.183574463358577e-05,,False
2011-04-22,2011,4,22,0.0,,5.183574463358577e-05,,False
2011-04-23,2011,4,23,0.0,,5.183574463358577e-05,,False
2011-04-24,2011,4,24,0.0,,5.183574463358577e-05,,False
2011-04-25,2011,4,25,8888.0,meteorological_log_domain,3.106895233000905,,False
2011-04-26,2011,4,26,0.0,,5.183574463358577e-05,,False
2011-04-27,2011,4,27,0.0,,5.183574463358577e-05,,False
2011-04-28,2011,4,28,8888.0,meteorological_log_domain,2.784053587287166,,False
2011-04-29,2011,4,29,8888.0,meteorological_log_domain,2.9553928399723515,,False
2011-04-30,2011,4,30,0.0,,5.183574463358577e-05,,False
2011-05-01,2011,5,1,8888.0,meteorological_log_domain,0.7175933019435236,,False
2011-05-02,2011,5,2,8888.0,meteorological_log_domain,8.172210202174476,,False
2011-05-03,2011,5,3,0.0,,5.183574463358577e-05,,False
2011-05-04,2011,5,4,0.0,,5.183574463358577e-05,,False
2011-05-05,2011,5,5,0.0,,5.183574463358577e-05,,False
2011-05-06,2011,5,6,8888.0,meteorological_log_domain,7.030511899476715,,False
2011-05-07,2011,5,7,8888.0,meteorological_log_domain,9.316297076599747,,False
2011-05-08,2011,5,8,1.0,,1.0,,False
2011-05-09,2011,5,9,1.0,,1.0,,False
2011-05-10,2011,5,10,0.0,,5.183574463358577e-05,,False
2011-05-11,2011,5,11,0.0,,5.183574463358577e-05,,False
2011-05-12,2011,5,12,8888.0,meteorological_log_domain,0.6845355305548054,,False
2011-05-13,2011,5,13,2.0,,1.9999999999999998,,False
2011-05-14,2011,5,14,28.0,,27.999999999999996,,True
2011-05-15,2011,5,15,2.0,,1.9999999999999998,,False
2011-05-16,2011,5,16,25.0,,25.000000000000004,,False
2011-05-17,2011,5,17,0.0,,5.183574463358577e-05,,False
2011-05-18,2011,5,18,8888.0,meteorological_log_domain,7.816280105872298,,False
2011-05-19,2011,5,19,23.0,,23.0,,False
2011-05-20,2011,5,20,0.0,,5.183574463358577e-05,,False
2011-05-21,2011,5,21,8.0,,8.0,,False
2011-05-22,2011,5,22,8888.0,meteorological_log_domain,6.587336139289934,,False
2011-05-23,2011,5,23,0.0,,5.183574463358577e-05,,False
2011-05-24,2011,5,24,0.0,,5.183574463358577e-05,,False
2011-05-25,2011,5,25,0.0,,5.183574463358577e-05,,False
2011-05-26,2011,5,26,8888.0,meteorological_log_domain,6.132107079245573,,False
2011-05-27,2011,5,27,0.0,,5.183574463358577e-05,,False
2011-05-28,2011,5,28,0.0,,5.183574463358577e-05,,False
2011-05-29,2011,5,29,5.0,,5.0,,False
2011-05-30,2011,5,30,6.0,,6.0,,False
2011-05-31,2011,5,31,1.0,,1.0,,False
2011-06-01,2011,6,1,0.0,,5.183574463358577e-05,,False
2011-06-02,2011,6,2,0.0,,5.183574463358577e-05,,False
2011-06-03,2011,6,3,5.0,,5.0,,False
2011-06-04,2011,6,4,0.0,,5.183574463358577e-05,,False
2011-06-05,2011,6,5,0.0,,5.183574463358577e-05,,False
2011-06-06,2011,6,6,1.0,,1.0,,False
2011-06-07,2011,6,7,0.0,,5.183574463358577e-05,,False
2011-06-08,2011,6,8,8888.0,meteorological_log_domain,1.1039130122947762,,False
2011-06-09,2011,6,9,0.0,,5.183574463358577e-05,,False
2011-06-10,2011,6,10,8888.0,meteorological_log_domain,5.458770333070416,,False
2011-06-11,2011,6,11,8888.0,meteorological_log_domain,0.5578574055226061,,False
2011-06-12,2011,6,12,0.0,,5.183574463358577e-05,,False
2011-06-13,2011,6,13,0.0,,5.183574463358577e-05,,False
2011-06-14,2011,6,14,0.0,,5.183574463358577e-05,,False
2011-06-15,2011,6,15,11.0,,10.999999999999998,,False
2011-06-16,2011,6,16,8888.0,meteorological_log_domain,2.7308643710616463,,False
2011-06-17,2011,6,17,0.0,,5.183574463358577e-05,,False
2011-06-18,2011,6,18,0.0,,5.183574463358577e-05,,False
2011-06-19,2011,6,19,0.0,,5.183574463358577e-05,,False
2011-06-20,2011,6,20,0.0,,5.183574463358577e-05,,False
2011-06-21,2011,6,21,8888.0,meteorological_log_domain,1.8554060668919805,,False
2011-06-22,2011,6,22,13.0,,13.000000000000002,,False
2011-06-23,2011,6,23,1.0,,1.0,,False
2011-06-24,2011,6,24,0.0,,5.183574463358577e-05,,False
2011-06-25,2011,6,25,0.0,,5.183574463358577e-05,,False
2011-06-26,2011,6,26,0.0,,5.183574463358577e-05,,False
2011-06-27,2011,6,27,3.0,,3.0,,False
2011-06-28,2011,6,28,0.0,,5.183574463358577e-05,,False
2011-06-29,2011,6,29,0.0,,5.183574463358577e-05,,False
2011-06-30,2011,6,30,17.0,,16.999999999999996,,False
2011-07-01,2011,7,1,4.0,,4.0,,False
2011-07-02,2011,7,2,8888.0,meteorological_log_domain,3.353297603177665,,False
2011-07-03,2011,7,3,2.0,,1.9999999999999998,,False
2011-07-04,2011,7,4,0.0,,5.183574463358577e-05,,False
2011-07-05,2011,7,5,0.0,,5.183574463358577e-05,,False
2011-07-06,2011,7,6,0.0,,5.183574463358577e-05,,False
2011-07-07,2011,7,7,0.0,,5.183574463358577e-05,,False
2011-07-08,2011,7,8,8888.0,meteorological_log_domain,0.7454514901899736,,False
2011-07-09,2011,7,9,0.0,,5.183574463358577e-05,,False
2011-07-10,2011,7,10,0.0,,5.183574463358577e-05,,False
2011-07-11,2011,7,11,0.0,,5.183574463358577e-05,,False
2011-07-12,2011,7,12,4.0,,4.0,,False
2011-07-13,2011,7,13,8888.0,meteorological_log_domain,2.206851752083576,,False
2011-07-14,2011,7,14,10.0,,9.999999999999998,,False
2011-07-15,2011,7,15,6.0,,6.0,,False
2011-07-16,2011,7,16,0.0,,5.183574463358577e-05,,False
2011-07-17,2011,7,17,0.0,,5.183574463358577e-05,,False
2011-07-18,2011,7,18,0.0,,5.183574463358577e-05,,False
2011-07-19,2011,7,19,0.0,,5.183574463358577e-05,,False
2011-07-20,2011,7,20,0.0,,5.183574463358577e-05,,False
2011-07-21,2011,7,21,0.0,,5.183574463358577e-05,,False
2011-07-22,2011,7,22,15.0,,14.999999999999998,,False
2011-07-23,2011,7,23,8888.0,meteorological_log_domain,2.808240826413482,,False
2011-07-24,2011,7,24,0.0,,5.183574463358577e-05,,False
2011-07-25,2011,7,25,39.0,,38.99999999999999,,True
2011-07-26,2011,7,26,1.0,,1.0,,False
2011-07-27,2011,7,27,3.0,,3.0,,False
2011-07-28,2011,7,28,8888.0,meteorological_log_domain,1.6482312167855901,,False
2011-07-29,2011,7,29,0.0,,5.183574463358577e-05,,False
2011-07-30,2011,7,30,0.0,,5.183574463358577e-05,,False
2011-07-31,2011,7,31,0.0,,5.183574463358577e-05,,False
2011-08-01,2011,8,1,0.0,,5.183574463358577e-05,,False
2011-08-02,2011,8,2,0.0,,5.183574463358577e-05,,False
2011-08-03,2011,8,3,0.0,,5.183574463358577e-05,,False
2011-08-04,2011,8,4,8888.0,meteorological_log_domain,1.8557957683550597,,False
2011-08-05,2011,8,5,8888.0,meteorological_log_domain,0.38365052513338826,,False
2011-08-06,2011,8,6,2.0,,1.9999999999999998,,False
2011-08-07,2011,8,7,0.0,,5.183574463358577e-05,,False
2011-08-08,2011,8,8,0.0,,5.183574463358577e-05,,False
2011-08-09,2011,8,9,0.0,,5.183574463358577e-05,,False
2011-08-10,2011,8,10,36.0,,36.00000000000001,,True
2011-08-11,2011,8,11,0.0,,5.183574463358577e-05,,False
2011-08-12,2011,8,12,7.0,,7.0,,False
2011-08-13,2011,8,13,0.0,,5.183574463358577e-05,,False
2011-08-14,2011,8,14,3.0,,3.0,,False
2011-08-15,2011,8,15,1.0,,1.0,,False
2011-08-16,2011,8,16,38.0,,38.0,,True
2011-08-17,2011,8,17,0.0,,5.183574463358577e-05,,False
2011-08-18,2011,8,18,10.0,,9.999999999999998,,False
2011-08-19,2011,8,19,34.0,,33.99999999999999,,True
2011-08-20,2011,8,20,8888.0,meteorological_log_domain,5.236984277530861,,False
2011-08-21,2011,8,21,8888.0,meteorological_log_domain,6.016155908469772,,False
2011-08-22,2011,8,22,0.0,,5.183574463358577e-05,,False
2011-08-23,2011,8,23,1.0,,1.0,,False
2011-08-24,2011,8,24,13.0,,13.000000000000002,,False
2011-08-25,2011,8,25,1.0,,1.0,,False
2011-08-26,2011,8,26,8888.0,meteorological_log_domain,6.712263581856846,,False
2011-08-27,2011,8,27,26.0,,25.999999999999996,,True
2011-08-28,2011,8,28,8888.0,meteorological_log_domain,3.4127746699417174,,False
2011-08-29,2011,8,29,3.0,,3.0,,False
2011-08-30,2011,8,30,8888.0,meteorological_log_domain,2.9176245140585304,,False
2011-08-31,2011,8,31,0.0,,5.183574463358577e-05,,False
2011-09-01,2011,9,1,0.0,,5.183574463358577e-05,,False
2011-09-02,2011,9,2,0.0,,5.183574463358577e-05,,False
2011-09-03,2011,9,3,0.0,,5.183574463358577e-05,,False
2011-09-04,2011,9,4,0.0,,5.183574463358577e-05,,False
2011-09-05,2011,9,5,0.0,,5.183574463358577e-05,,False
2011-09-06,2011,9,6,0.0,,5.183574463358577e-05,,False
2011-09-07,2011,9,7,8888.0,meteorological_log_domain,2.6577297554556814,,False
2011-09-08,2011,9,8,0.0,,5.183574463358577e-05,,False
2011-09-09,2011,9,9,8888.0,meteorological_log_domain,2.518756115841301,,False
2011-09-10,2011,9,10,0.0,,5.183574463358577e-05,,False
2011-09-11,2011,9,11,8888.0,meteorological_log_domain,11.64568677109637,,False
2011-09-12,2011,9,12,0.0,,5.183574463358577e-05,,False
2011-09-13,2011,9,13,0.0,,5.183574463358577e-05,,False
2011-09-14,2011,9,14,0.0,,5.183574463358577e-05,,False
2011-09-15,2011,9,15,1.0,,1.0,,False
2011-09-16,2011,9,16,2.0,,1.9999999999999998,,False
2011-09-17,2011,9,17,1.0,,1.0,,False
2011-09-18,2011,9,18,8888.0,meteorological_log_domain,0.938203481337702,,False
2011-09-19,2011,9,19,0.0,,5.183574463358577e-05,,False
2011-09-20,2011,9,20,8888.0,meteorological_log_domain,1.4584222084685168,,False
2011-09-21,2011,9,21,0.0,,5.183574463358577e-05,,False
2011-09-22,2011,9,22,4.0,,4.0,,False
2011-09-23,2011,9,23,0.0,,5.183574463358577e-05,,False
2011-09-24,2011,9,24,0.0,,5.183574463358577e-05,,False
2011-09-25,2011,9,25,3.0,,3.0,,False
2011-09-26,2011,9,26,0.0,,5.183574463358577e-05,,False
2011-09-27,2011,9,27,0.0,,5.183574463358577e-05,,False
2011-09-28,2011,9,28,8888.0,meteorological_log_domain,11.502283140111588,,False
2011-09-29,2011,9,29,0.0,,5.183574463358577e-05,,False
2011-09-30,2011,9,30,12.0,,12.0,,False
2011-10-01,2011,10,1,2.0,,1.9999999999999998,,False
2011-10-02,2011,10,2,0.0,,5.183574463358577e-05,,False
2011-10-03,2011,10,3,0.0,,5.183574463358577e-05,,False
2011-10-04,2011,10,4,0.0,,5.183574463358577e-05,,False
2011-10-05,2011,10,5,0.0,,5.183574463358577e-05,,False
2011-10-06,2011,10,6,8888.0,meteorological_log_domain,3.9043006579845,,False
2011-10-07,2011,10,7,0.0,,5.183574463358577e-05,,False
2011-10-08,2011,10,8,3.0,,3.0,,False
2011-10-09,2011,10,9,8888.0,meteorological_log_domain,3.6814844147488928,,False
2011-10-10,2011,10,10,0.0,,5.183574463358577e-05,,False
2011-10-11,2011,10,11,8888.0,meteorological_log_domain,1.8607074836414697,,False
2011-10-12,2011,10,12,30.0,,29.999999999999993,,True
2011-10-13,2011,10,13,8888.0,meteorological_log_domain,1.5810607627803226,,False
2011-10-14,2011,10,14,0.0,,5.183574463358577e-05,,False
2011-10-15,2011,10,15,0.0,,5.183574463358577e-05,,False
2011-10-16,2011,10,16,77.0,,76.99999999999999,,True
2011-10-17,2011,10,17,0.0,,5.183574463358577e-05,,False
2011-10-18,2011,10,18,8.0,,8.0,,False
2011-10-19,2011,10,19,5.0,,5.0,,False
2011-10-20,2011,10,20,5.0,,5.0,,False
2011-10-21,2011,10,21,1.0,,1.0,,False
2011-10-22,2011,10,22,1.0,,1.0,,False
2011-10-23,2011,10,23,1.0,,1.0,,False
2011-10-24,2011,10,24,62.0,,62.00000000000002,,True
2011-10-25,2011,10,25,7.0,,7.0,,False
2011-10-26,2011,10,26,0.0,,5.183574463358577e-05,,False
2011-10-27,2011,10,27,1.0,,1.0,,False
2011-10-28,2011,10,28,0.0,,5.183574463358577e-05,,False
2011-10-29,2011,10,29,8888.0,meteorological_log_domain,7.643738690572421,,False
2011-10-30,2011,10,30,0.0,,5.183574463358577e-05,,False
2011-10-31,2011,10,31,42.0,,42.0,,True
2011-11-01,2011,11,1,21.0,,21.0,,False
2011-11-02,2011,11,2,5.0,,5.0,,False
2011-11-03,2011,11,3,0.0,,5.183574463358577e-05,,False
2011-11-04,2011,11,4,1.0,,1.0,,False
2011-11-05,2011,11,5,3.0,,3.0,,False
2011-11-06,2011,11,6,1.0,,1.0,,False
2011-11-07,2011,11,7,68.0,,67.99999999999999,,True
2011-11-08,2011,11,8,0.0,,5.183574463358577e-05,,False
2011-11-09,2011,11,9,10.0,,9.999999999999998,,False
2011-11-10,2011,11,10,0.0,,5.183574463358577e-05,,False
2011-11-11,2011,11,11,8888.0,meteorological_log_domain,3.44108900349026,,False
2011-11-12,2011,11,12,8888.0,meteorological_log_domain,4.162040114840284,,False
2011-11-13,2011,11,13,25.0,,25.000000000000004,,False
2011-11-14,2011,11,14,12.0,,12.0,,False
2011-11-15,2011,11,15,1.0,,1.0,,False
2011-11-16,2011,11,16,1.0,,1.0,,False
2011-11-17,2011,11,17,0.0,,5.183574463358577e-05,,False
2011-11-18,2011,11,18,0.0,,5.183574463358577e-05,,False
2011-11-19,2011,11,19,0.0,,5.183574463358577e-05,,False
2011-11-20,2011,11,20,0.0,,5.183574463358577e-05,,False
2011-11-21,2011,11,21,2.0,,1.9999999999999998,,False
2011-11-22,2011,11,22,10.0,,9.999999999999998,,False
2011-11-23,2011,11,23,6.0,,6.0,,False
2011-11-24,2011,11,24,4.0,,4.0,,False
2011-11-25,2011,11,25,8888.0,meteorological_log_domain,6.003155362992456,,False
2011-11-26,2011,11,26,23.0,,23.0,,False
2011-11-27,2011,11,27,7.0,,7.0,,False
2011-11-28,2011,11,28,27.0,,27.000000000000004,,True
2011-11-29,2011,11,29,11.0,,10.999999999999998,,False
2011-11-30,2011,11,30,1.0,,1.0,,False
2011-12-01,2011,12,1,50.0,,50.00000000000001,,True
2011-12-02,2011,12,2,0.0,,5.183574463358577e-05,,False
2011-12-03,2011,12,3,0.0,,5.183574463358577e-05,,False
2011-12-04,2011,12,4,0.0,,5.183574463358577e-05,,False
2011-12-05,2011,12,5,0.0,,5.183574463358577e-05,,False
2011-12-06,2011,12,6,0.0,,5.183574463358577e-05,,False
2011-12-07,2011,12,7,0.0,,5.183574463358577e-05,,False
2011-12-08,2011,12,8,0.0,,5.183574463358577e-05,,False
2011-12-09,2011,12,9,0.0,,5.183574463358577e-05,,False
2011-12-10,2011,12,10,0.0,,5.183574463358577e-05,,False
2011-12-11,2011,12,11,0.0,,5.183574463358577e-05,,False
2011-12-12,2011,12,12,2.0,,1.9999999999999998,,False
2011-12-13,2011,12,13,14.0,,14.000000000000002,,False
2011-12-14,2011,12,14,1.0,,1.0,,False
2011-12-15,2011,12,15,0.0,,5.183574463358577e-05,,False
2011-12-16,2011,12,16,0.0,,5.183574463358577e-05,,False
2011-12-17,2011,12,17,51.0,,50.99999999999999,,True
2011-12-18,2011,12,18,19.0,,19.0,,False
2011-12-19,2011,12,19,31.0,,31.000000000000004,,True
2011-12-20,2011,12,20,5.0,,5.0,,False
2011-12-21,2011,12,21,1.0,,1.0,,False
2011-12-22,2011,12,22,0.0,,5.183574463358577e-05,,False
2011-12-23,2011,12,23,2.0,,1.9999999999999998,,False
2011-12-24,2011,12,24,95.0,,95.00000000000001,,True
2011-12-25,2011,12,25,0.0,,5.183574463358577e-05,,False
2011-12-26,2011,12,26,8888.0,meteorological_log_domain,2.0151211158120335,,False
2011-12-27,2011,12,27,0.0,,5.183574463358577e-05,,False
2011-12-28,2011,12,28,6.0,,6.0,,False
2011-12-29,2011,12,29,0.0,,5.183574463358577e-05,,False
2011-12-30,2011,12,30,0.0,,5.183574463358577e-05,,False
2011-12-31,2011,12,31,7.0,,7.0,,False
2012-01-01,2012,1,1,,,1.7164525898542136,lowess_log,False
2012-01-02,2012,1,2,,,1.7148487601264109,lowess_log,False
2012-01-03,2012,1,3,,,1.7132464203148743,lowess_log,False
2012-01-04,2012,1,4,,,1.7116455690355097,lowess_log,False
2012-01-05,2012,1,5,,,1.7100462049055098,lowess_log,False
2012-01-06,2012,1,6,,,1.7084483265433508,lowess_log,False
2012-01-07,2012,1,7,,,1.7068519325687932,lowess_log,False
2012-01-08,2012,1,8,,,1.705257021602879,lowess_log,False
2012-01-09,2012,1,9,,,1.7036635922679324,lowess_log,False
2012-01-10,2012,1,10,,,1.7020716431875558,lowess_log,False
2012-01-11,2012,1,11,,,1.7004811729866314,lowess_log,False
2012-01-12,2012,1,12,,,1.6988921802913184,lowess_log,False
2012-01-13,2012,1,13,,,1.6973046637290525,lowess_log,False
2012-01-14,2012,1,14,,,1.6957186219285443,lowess_log,False
2012-01-15,2012,1,15,,,1.6941340535197784,lowess_log,False
2012-01-16,2012,1,16,,,1.6925509571340116,lowess_log,False
2012-01-17,2012,1,17,,,1.6909693314037733,lowess_log,False
2012-01-18,2012,1,18,,,1.6893891749628622,lowess_log,False
2012-01-19,2012,1,19,,,1.6878104864463468,lowess_log,False
2012-01-20,2012,1,20,,,1.686233264490563,lowess_log,False
2012-01-21,2012,1,21,,,1.6846575077331147,lowess_log,False
2012-01-22,2012,1,22,,,1.6830832148128696,lowess_log,False
2012-01-23,2012,1,23,,,1.6815103843699615,lowess_log,False
2012-01-24,2012,1,24,,,1.6799390150457867,lowess_log,False
2012-01-25,2012,1,25,,,1.6783691054830037,lowess_log,False
2012-01-26,2012,1,26,,,1.6768006543255318,lowess_log,False
2012-01-27,2012,1,27,,,1.6752336602185507,lowess_log,False
2012-01-28,2012,1,28,,,1.6736681218084979,lowess_log,False
2012-01-29,2012,1,29,,,1.6721040377430687,lowess_log,False
2012-01-30,2012,1,30,,,1.6705414066712148,lowess_log,False
2012-01-31,2012,1,31,,,1.6689802272431427,lowess_log,False
2012-02-01,2012,2,1,,,1.6674204981103127,lowess_log,False
2012-02-02,2012,2,2,,,1.6658622179254385,lowess_log,False
2012-02-03,2012,2,3,,,1.6643053853424847,lowess_log,False
2012-02-04,2012,2,4,,,1.662749999016667,lowess_log,False
2012-02-05,2012,2,5,,,1.6611960576044493,lowess_log,False
2012-02-06,2012,2,6,,,1.6596435597635453,lowess_log,False
2012-02-07,2012,2,7,,,1.6580925041529135,lowess_log,False
2012-02-08,2012,2,8,,,1.6565428894327603,lowess_log,False
2012-02-09,2012,2,9,,,1.6549947142645351,lowess_log,False
2012-02-10,2012,2,10,,,1.653447977310932,lowess_log,False
2012-02-11,2012,2,11,,,1.6519026772358865,lowess_log,False
2012-02-12,2012,2,12,,,1.6503588127045759,lowess_log,False
2012-02-13,2012,2,13,,,1.6488163823834168,lowess_log,False
2012-02-14,2012,2,14,,,1.6472753849400656,lowess_log,False
2012-02-15,2012,2,15,,,1.645735819043416,lowess_log,False
2012-02-16,2012,2,16,,,1.6441976833635978,lowess_log,False
2012-02-17,2012,2,17,,,1.6426609765719768,lowess_log,False
2012-02-18,2012,2,18,,,1.641125697341153,lowess_log,False
2012-02-19,2012,2,19,,,1.639591844344959,lowess_log,False
2012-02-20,2012,2,20,,,1.6380594162584605,lowess_log,False
2012-02-21,2012,2,21,,,1.6365284117579526,lowess_log,False
2012-02-22,2012,2,22,,,1.6349988295209614,lowess_log,False
2012-02-23,2012,2,23,,,1.6334706682262403,lowess_log,False
2012-02-24,2012,2,24,,,1.6319439265537712,lowess_log,False
2012-02-25,2012,2,25,,,1.6304186031847616,lowess_log,False
2012-02-26,2012,2,26,,,1.6288946968016444,lowess_log,False
2012-02-27,2012,2,27,,,1.6273722060880766,lowess_log,False
2012-02-28,2012,2,28,,,1.6258511297289375,lowess_log,False
2012-02-29,2012,2,29,,,1.6243314664103288,lowess_log,False
2012-03-01,2012,3,1,,,1.6228132148195722,lowess_log,False
2012-03-02,2012,3,2,,,1.6212963736452093,lowess_log,False
2012-03-03,2012,3,3,,,1.6197809415769997,lowess_log,False
2012-03-04,2012,3,4,,,1.6182669173059203,lowess_log,False
2012-03-05,2012,3,5,,,1.6167542995241642,lowess_log,False
2012-03-06,2012,3,6,,,1.6152430869251388,lowess_log,False
2012-03-07,2012,3,7,,,1.6137332782034663,lowess_log,False
2012-03-08,2012,3,8,,,1.6122248720549808,lowess_log,False
2012-03-09,2012,3,9,,,1.6107178671767282,lowess_log,False
2012-03-10,2012,3,10,,,1.6092122622669645,lowess_log,False
2012-03-11,2012,3,11,,,1.6077080560251553,lowess_log,False
2012-03-12,2012,3,12,,,1.6062052471519745,lowess_log,False
2012-03-13,2012,3,13,,,1.604703834349303,lowess_log,False
2012-03-14,2012,3,14,,,1.6032038163202271,lowess_log,False
2012-03-15,2012,3,15,,,1.6017051917690384,lowess_log,False
2012-03-16,2012,3,16,,,1.6002079594012322,lowess_log,False
2012-03-17,2012,3,17,,,1.5987121179235058,lowess_log,False
2012-03-18,2012,3,18,,,1.5972176660437587,lowess_log,False
2012-03-19,2012,3,19,,,1.5957246024710903,lowess_log,False
2012-03-20,2012,3,20,,,1.5942329259157992,lowess_log,False
2012-03-21,2012,3,21,,,1.5927426350893825,lowess_log,False
2012-03-22,2012,3,22,,,1.5912537287045336,lowess_log,False
2012-03-23,2012,3,23,,,1.5897662054751422,lowess_log,False
2012-03-24,2012,3,24,,,1.588280064116293,lowess_log,False
2012-03-25,2012,3,25,,,1.5867953033442639,lowess_log,False
2012-03-26,2012,3,26,,,1.5853119218765253,lowess_log,False
2012-03-27,2012,3,27,,,1.5838299184317395,lowess_log,False
2012-03-28,2012,3,28,,,1.5823492917297588,lowess_log,False
2012-03-29,2012,3,29,,,1.5808700404916247,lowess_log,False
2012-03-30,2012,3,30,,,1.5793921634395673,lowess_log,False
2012-03-31,2012,3,31,,,1.577915659297003,lowess_log,False
2012-04-01,2012,4,1,,,1.5764405267885344,lowess_log,False
2012-04-02,2012,4,2,,,1.5749667646399492,lowess_log,False
2012-04-03,2012,4,3,,,1.5734943715782184,lowess_log,False
2012-04-04,2012,4,4,,,1.5720233463314959,lowess_log,False
2012-04-05,2012,4,5,,,1.5705536876291168,lowess_log,False
2012-04-06,2012,4,6,,,1.569085394201597,lowess_log,False
2012-04-07,2012,4,7,,,1.5676184647806315,lowess_log,False
2012-04-08,2012,4,8,,,1.5661528980990935,lowess_log,False
2012-04-09,2012,4,9,,,1.5646886928910335,lowess_log,False
2012-04-10,2012,4,10,,,1.5632258478916776,lowess_log,False
2012-04-11,2012,4,11,,,1.5617643618374275,lowess_log,False
2012-04-12,2012,4,12,,,1.5603042334658583,lowess_log,False
2012-04-13,2012,4,13,,,1.5588454615157177,lowess_log,False
2012-04-14,2012,4,14,,,1.5573880447269257,lowess_log,False
2012-04-15,2012,4,15,,,1.5559319818405726,lowess_log,False
2012-04-16,2012,4,16,,,1.5544772715989175,lowess_log,False
2012-04-17,2012,4,17,,,1.553023912745389,lowess_log,False
2012-04-18,2012,4,18,,,1.5515719040245828,lowess_log,False
2012-04-19,2012,4,19,,,1.5501212441822598,lowess_log,False
2012-04-20,2012,4,20,,,1.5486719319653475,lowess_log,False
2012-04-21,2012,4,21,,,1.5472239661219365,lowess_log,False
2012-04-22,2012,4,22,,,1.5457773454012806,lowess_log,False
2012-04-23,2012,4,23,,,1.544332068553796,lowess_log,False
2012-04-24,2012,4,24,,,1.5428881343310592,lowess_log,False
2012-04-25,2012,4,25,,,1.5414455414858064,lowess_log,False
2012-04-26,2012,4,26,,,1.5400042887719327,lowess_log,False
2012-04-27,2012,4,27,,,1.5385643749444908,lowess_log,False
2012-04-28,2012,4,28,,,1.53712579875969,lowess_log,False
2012-04-29,2012,4,29,,,1.535688558974895,lowess_log,False
2012-04-30,2012,4,30,,,1.5342526543486246,lowess_log,False
2012-05-01,2012,5,1,,,1.5328180836405514,lowess_log,False
2012-05-02,2012,5,2,,,1.5313848456114996,lowess_log,False
2012-05-03,2012,5,3,,,1.529952939023445,lowess_log,False
2012-05-04,2012,5,4,,,1.5285223626395137,lowess_log,False
2012-05-05,2012,5,5,,,1.5270931152239802,lowess_log,False
2012-05-06,2012,5,6,,,1.5256651955422673,lowess_log,False
2012-05-07,2012,5,7,,,1.524238602360945,lowess_log,False
2012-05-08,2012,5,8,,,1.5228133344477286,lowess_log,False
2012-05-09,2012,5,9,,,1.5213893905714784,lowess_log,False
2012-05-10,2012,5,10,,,1.5199667695021981,lowess_log,False
2012-05-11,2012,5,11,,,1.5185454700110348,lowess_log,False
2012-05-12,2012,5,12,,,1.5171254908702763,lowess_log,False
2012-05-13,2012,5,13,,,1.5157068308533512,lowess_log,False
2012-05-14,2012,5,14,,,1.514289488734828,lowess_log,False
2012-05-15,2012,5,15,,,1.512873463290413,lowess_log,False
2012-05-16,2012,5,16,,,1.5114587532969501,lowess_log,False
2012-05-17,2012,5,17,,,1.5100453575324195,lowess_log,False
2012-05-18,2012,5,18,,,1.5086332747759363,lowess_log,False
2012-05-19,2012,5,19,,,1.5072225038077505,lowess_log,False
2012-05-20,2012,5,20,,,1.5058130434092443,lowess_log,False
2012-05-21,2012,5,21,,,1.5044048923629327,lowess_log,False
2012-05-22,2012,5,22,,,1.5029980494524615,lowess_log,False
2012-05-23,2012,5,23,,,1.5015925134626062,lowess_log,False
2012-05-24,2012,5,24,,,1.5001882831792714,lowess_log,False
2012-05-25,2012,5,25,,,1.4987853573894898,lowess_log,False
2012-05-26,2012,5,26,,,1.4973837348814203,lowess_log,False
2012-05-27,2012,5,27,,,1.4959834144443482,lowess_log,False
2012-05-28,2012,5,28,,,1.4945843948686834,lowess_log,False
2012-05-29,2012,5,29,,,1.4931866749459592,lowess_log,False
2012-05-30,2012,5,30,,,1.4917902534688314,lowess_log,False
2012-05-31,2012,5,31,,,1.4903951292310784,lowess_log,False
2012-06-01,2012,6,1,,,1.4890013010275978,lowess_log,False
2012-06-02,2012,6,2,,,1.4876087676544076,lowess_log,False
2012-06-03,2012,6,3,,,1.4862175279086438,lowess_log,False
2012-06-04,2012,6,4,,,1.4848275805885605,lowess_log,False
2012-06-05,2012,6,5,,,1.483438924493527,lowess_log,False
2012-06-06,2012,6,6,,,1.4820515584240297,lowess_log,False
2012-06-07,2012,6,7,,,1.480665481181667,lowess_log,False
2012-06-08,2012,6,8,,,1.4792806915691532,lowess_log,False
2012-06-09,2012,6,9,,,1.4778971883903125,lowess_log,False
2012-06-10,2012,6,10,,,1.476514970450082,lowess_log,False
2012-06-11,2012,6,11,,,1.4751340365545078,lowess_log,False
2012-06-12,2012,6,12,,,1.4737543855107462,lowess_log,False
2012-06-13,2012,6,13,,,1.4723760161270607,lowess_log,False
2012-06-14,2012,6,14,,,1.4709989272128225,lowess_log,False
2012-06-15,2012,6,15,,,1.4696231175785086,lowess_log,False
2012-06-16,2012,6,16,,,1.4682485860357013,lowess_log,False
2012-06-17,2012,6,17,,,1.4668753313970861,lowess_log,False
2012-06-18,2012,6,18,,,1.465503352476453,lowess_log,False
2012-06-19,2012,6,19,,,1.4641326480886923,lowess_log,False
2012-06-20,2012,6,20,,,1.4627632170497962,lowess_log,False
2012-06-21,2012,6,21,,,1.4613950581768567,lowess_log,False
2012-06-22,2012,6,22,,,1.4600281702880644,lowess_log,False
2012-06-23,2012,6,23,,,1.4586625522027081,lowess_log,False
2012-06-24,2012,6,24,,,1.4572982027411734,lowess_log,False
2012-06-25,2012,6,25,,,1.4559351207249414,lowess_log,False
2012-06-26,2012,6,26,,,1.4545733049765883,lowess_log,False
2012-06-27,2012,6,27,,,1.4532127543197841,lowess_log,False
2012-06-28,2012,6,28,,,1.4518534675792916,lowess_log,False
2012-06-29,2012,6,29,,,1.4504954435809652,lowess_log,False
2012-06-30,2012,6,30,,,1.4491386811517502,lowess_log,False
2012-07-01,2012,7,1,,,1.4477831791196814,lowess_log,False
2012-07-02,2012,7,2,,,1.4464289363138827,lowess_log,False
2012-07-03,2012,7,3,,,1.4450759515645655,lowess_log,False
2012-07-04,2012,7,4,,,1.4437242237030279,lowess_log,False
2012-07-05,2012,7,5,,,1.4423737515616535,lowess_log,False
2012-07-06,2012,7,6,,,1.4410245339739112,lowess_log,False
2012-07-07,2012,7,7,,,1.439676569774353,lowess_log,False
2012-07-08,2012,7,8,,,1.4383298577986137,lowess_log,False
2012-07-09,2012,7,9,,,1.4369843968834097,lowess_log,False
2012-07-10,2012,7,10,,,1.4356401858665384,lowess_log,False
2012-07-11,2012,7,11,,,1.4342972235868767,lowess_log,False
2012-07-12,2012,7,12,,,1.4329555088843797,lowess_log,False
2012-07-13,2012,7,13,,,1.431615040600081,lowess_log,False
2012-07-14,2012,7,14,,,1.43027581757609,lowess_log,False
2012-07-15,2012,7,15,,,1.4289378386555922,lowess_log,False
2012-07-16,2012,7,16,,,1.427601102682848,lowess_log,False
2012-07-17,2012,7,17,,,1.4262656085031908,lowess_log,False
2012-07-18,2012,7,18,,,1.4249313549630271,lowess_log,False
2012-07-19,2012,7,19,,,1.423598340909835,lowess_log,False
2012-07-20,2012,7,20,,,1.422266565192163,lowess_log,False
2012-07-21,2012,7,21,,,1.4209360266596298,lowess_log,False
2012-07-22,2012,7,22,,,1.4196067241629224,lowess_log,False
2012-07-23,2012,7,23,,,1.4182786565537955,lowess_log,False
2012-07-24,2012,7,24,,,1.4169518226850701,lowess_log,False
2012-07-25,2012,7,25,,,1.415626221410634,lowess_log,False
2012-07-26,2012,7,26,,,1.4143018515854389,lowess_log,False
2012-07-27,2012,7,27,,,1.4129787120655,lowess_log,False
2012-07-28,2012,7,28,,,1.4116568017078959,lowess_log,False
2012-07-29,2012,7,29,,,1.4103361193707666,lowess_log,False
2012-07-30,2012,7,30,,,1.4090166639133126,lowess_log,False
2012-07-31,2012,7,31,,,1.407698434195795,lowess_log,False
2012-08-01,2012,8,1,,,1.4063814290795327,lowess_log,False
2012-08-02,2012,8,2,,,1.405065647426903,lowess_log,False
2012-08-03,2012,8,3,,,1.40375108810134,lowess_log,False
2012-08-04,2012,8,4,,,1.4024377499673333,lowess_log,False
2012-08-05,2012,8,5,,,1.4011256318904277,lowess_log,False
2012-08-06,2012,8,6,,,1.399814732737222,lowess_log,False
2012-08-07,2012,8,7,,,1.3985050513753672,lowess_log,False
2012-08-08,2012,8,8,,,1.397196586673567,lowess_log,False
2012-08-09,2012,8,9,,,1.3958893375015755,lowess_log,False
2012-08-10,2012,8,10,,,1.3945833027301975,lowess_log,False
2012-08-11,2012,8,11,,,1.3932784812312857,lowess_log,False
2012-08-12,2012,8,12,,,1.3919748718777416,lowess_log,False
2012-08-13,2012,8,13,,,1.3906724735435136,lowess_log,False
2012-08-14,2012,8,14,,,1.3893712851035962,lowess_log,False
2012-08-15,2012,8,15,,,1.388071305434029,lowess_log,False
2012-08-16,2012,8,16,,,1.3867725334118954,lowess_log,False
2012-08-17,2012,8,17,,,1.3854749679153222,lowess_log,False
2012-08-18,2012,8,18,,,1.384178607823479,lowess_log,False
2012-08-19,2012,8,19,,,1.3828834520165751,lowess_log,False
2012-08-20,2012,8,20,,,1.3815894993758617,lowess_log,False
2012-08-21,2012,8,21,,,1.3802967487836284,lowess_log,False
2012-08-22,2012,8,22,,,1.3790051991232033,lowess_log,False
2012-08-23,2012,8,23,,,1.3777148492789517,lowess_log,False
2012-08-24,2012,8,24,,,1.3764256981362757,lowess_log,False
2012-08-25,2012,8,25,,,1.3751377445816124,lowess_log,False
2012-08-26,2012,8,26,,,1.3738509875024338,lowess_log,False
2012-08-27,2012,8,27,,,1.3725654257872448,lowess_log,False
2012-08-28,2012,8,28,,,1.3712810583255837,lowess_log,False
2012-08-29,2012,8,29,,,1.3699978840080196,lowess_log,False
2012-08-30,2012,8,30,,,1.3687159017261525,lowess_log,False
2012-08-31,2012,8,31,,,1.3674351103726123,lowess_log,False
2012-09-01,2012,9,1,,,1.3661555088410573,lowess_log,False
2012-09-02,2012,9,2,,,1.3648770960261738,lowess_log,False
2012-09-03,2012,9,3,,,1.3635998708236747,lowess_log,False
2012-09-04,2012,9,4,,,1.362323832130299,lowess_log,False
2012-09-05,2012,9,5,,,1.3610489788438105,lowess_log,False
2012-09-06,2012,9,6,,,1.3597753098629966,lowess_log,False
2012-09-07,2012,9,7,,,1.3585028240876684,lowess_log,False
2012-09-08,2012,9,8,,,1.3572315204186582,lowess_log,False
2012-09-09,2012,9,9,,,1.3559613977578204,lowess_log,False
2012-09-10,2012,9,10,,,1.3546924550080288,lowess_log,False
2012-09-11,2012,9,11,,,1.3534246910731764,lowess_log,False
2012-09-12,2012,9,12,,,1.3521581048581748,lowess_log,False
2012-09-13,2012,9,13,,,1.3508926952689528,lowess_log,False
2012-09-14,2012,9,14,,,1.3496284612124556,lowess_log,False
2012-09-15,2012,9,15,,,1.3483654015966435,lowess_log,False
2012-09-16,2012,9,16,,,1.3471035153304918,lowess_log,False
2012-09-17,2012,9,17,,,1.3458428013239891,lowess_log,False
2012-09-18,2012,9,18,,,1.344583258488136,lowess_log,False
2012-09-19,2012,9,19,,,1.3433248857349462,lowess_log,False
2012-09-20,2012,9,20,,,1.3420676819774426,lowess_log,False
2012-09-21,2012,9,21,,,1.3408116461296586,lowess_log,False
2012-09-22,2012,9,22,,,1.3395567771066363,lowess_log,False
2012-09-23,2012,9,23,,,1.338303073824426,lowess_log,False
2012-09-24,2012,9,24,,,1.337050535200084,lowess_log,False
2012-09-25,2012,9,25,,,1.3357991601516743,lowess_log,False
2012-09-26,2012,9,26,,,1.3345489475982644,lowess_log,False
2012-09-27,2012,9,27,,,1.3332998964599265,lowess_log,False
2012-09-28,2012,9,28,,,1.3320520056577365,lowess_log,False
2012-09-29,2012,9,29,,,1.3308052741137717,lowess_log,False
2012-09-30,2012,9,30,,,1.3295597007511115,lowess_log,False
2012-10-01,2012,10,1,,,1.3283152844938355,lowess_log,False
2012-10-02,2012,10,2,,,1.3270720242670229,lowess_log,False
2012-10-03,2012,10,3,,,1.3258299189967508,lowess_log,False
2012-10-04,2012,10,4,,,1.324588967610095,lowess_log,False
2012-10-05,2012,10,5,,,1.3233491690351276,lowess_log,False
2012-10-06,2012,10,6,,,1.322110522200916,lowess_log,False
2012-10-07,2012,10,7,,,1.3208730260375232,lowess_log,False
2012-10-08,2012,10,8,,,1.3196366794760055,lowess_log,False
2012-10-09,2012,10,9,,,1.3184014814484128,lowess_log,False
2012-10-10,2012,10,10,,,1.3171674308877868,lowess_log,False
2012-10-11,2012,10,11,,,1.3159345267281604,lowess_log,False
2012-10-12,2012,10,12,,,1.3147027679045566,lowess_log,False
2012-10-13,2012,10,13,,,1.3134721533529883,lowess_log,False
2012-10-14,2012,10,14,,,1.312242682010456,lowess_log,False
2012-10-15,2012,10,15,,,1.3110143528149485,lowess_log,False
2012-10-16,2012,10,16,,,1.3097871647054404,lowess_log,False
2012-10-17,2012,10,17,,,1.3085611166218927,lowess_log,False
2012-10-18,2012,10,18,,,1.3073362075052506,lowess_log,False
2012-10-19,2012,10,19,,,1.3061124362974437,lowess_log,False
2012-10-20,2012,10,20,,,1.3048898019413837,lowess_log,False
2012-10-21,2012,10,21,,,1.303668303380965,lowess_log,False
2012-10-22,2012,10,22,,,1.302447939561063,lowess_log,False
2012-10-23,2012,10,23,,,1.301228709427533,lowess_log,False
2012-10-24,2012,10,24,,,1.3000106119272097,lowess_log,False
2012-10-25,2012,10,25,,,1.2987936460079064,lowess_log,False
2012-10-26,2012,10,26,,,1.2975778106184135,lowess_log,False
2012-10-27,2012,10,27,,,1.296363104708498,lowess_log,False
2012-10-28,2012,10,28,,,1.2951495272289029,lowess_log,False
2012-10-29,2012,10,29,,,1.2939370771313454,lowess_log,False
2012-10-30,2012,10,30,,,1.292725753368517,lowess_log,False
2012-10-31,2012,10,31,,,1.2915155548940818,lowess_log,False
2012-11-01,2012,11,1,,,1.2903064806626758,lowess_log,False
2012-11-02,2012,11,2,,,1.289098529629907,lowess_log,False
2012-11-03,2012,11,3,,,1.2878917007523525,lowess_log,False
2012-11-04,2012,11,4,,,1.2866859929875591,lowess_log,False
2012-11-05,2012,11,5,,,1.2854814052940422,lowess_log,False
2012-11-06,2012,11,6,,,1.2842779366312849,lowess_log,False
2012-11-07,2012,11,7,,,1.2830755859597363,lowess_log,False
2012-11-08,2012,11,8,,,1.2818743522408114,lowess_log,False
2012-11-09,2012,11,9,,,1.2806742344368904,lowess_log,False
2012-11-10,2012,11,10,,,1.2794752315113174,lowess_log,False
2012-11-11,2012,11,11,,,1.2782773424283989,lowess_log,False
2012-11-12,2012,11,12,,,1.277080566153404,lowess_log,False
2012-11-13,2012,11,13,,,1.2758849016525629,lowess_log,False
2012-11-14,2012,11,14,,,1.2746903478930665,lowess_log,False
2012-11-15,2012,11,15,,,1.2734969038430646,lowess_log,False
2012-11-16,2012,11,16,,,1.2723045684716658,lowess_log,False
2012-11-17,2012,11,17,,,1.2711133407489368,lowess_log,False
2012-11-18,2012,11,18,,,1.2699232196459003,lowess_log,False
2012-11-19,2012,11,19,,,1.2687342041345353,lowess_log,False
2012-11-20,2012,11,20,,,1.2675462931877761,lowess_log,False
2012-11-21,2012,11,21,,,1.2663594857795104,lowess_log,False
2012-11-22,2012,11,22,,,1.2651737808845798,lowess_log,False
2012-11-23,2012,11,23,,,1.2639891774787777,lowess_log,False
2012-11-24,2012,11,24,2.0,,1.9999999999999998,,False
2012-11-25,2012,11,25,1.0,,1.0,,False
2012-11-26,2012,11,26,24.0,,24.000000000000004,,False
2012-11-27,2012,11,27,10.0,,9.999999999999998,,False
2012-11-28,2012,11,28,56.0,,55.999999999999986,,True
2012-11-29,2012,11,29,0.0,,5.183574463358577e-05,,False
2012-11-30,2012,11,30,0.0,,5.183574463358577e-05,,False
2012-12-01,2012,12,1,84.0,,83.99999999999997,,True
2012-12-02,2012,12,2,8.0,,8.0,,False
2012-12-03,2012,12,3,0.0,,5.183574463358577e-05,,False
2012-12-04,2012,12,4,0.0,,5.183574463358577e-05,,False
2012-12-05,2012,12,5,0.0,,5.183574463358577e-05,,False
2012-12-06,2012,12,6,,,0.16907253963857755,cubic_spline_log,False
2012-12-07,2012,12,7,5.0,,5.0,,False
2012-12-08,2012,12,8,,,5.106330415623937,cubic_spline_log,False
2012-12-09,2012,12,9,,,0.35113310789941093,cubic_spline_log,False
2012-12-10,2012,12,10,0.0,,5.183574463358577e-05,,False
2012-12-11,2012,12,11,0.0,,5.183574463358577e-05,,False
2012-12-12,2012,12,12,65.0,,65.0,,True
2012-12-13,2012,12,13,,,0.5957848418002795,cubic_spline_log,False
2012-12-14,2012,12,14,0.0,,5.183574463358577e-05,,False
2012-12-15,2012,12,15,57.0,,57.00000000000001,,True
2012-12-16,2012,12,16,2.0,,1.9999999999999998,,False
2012-12-17,2012,12,17,19.0,,19.0,,False
2012-12-18,2012,12,18,4.0,,4.0,,False
2012-12-19,2012,12,19,4.0,,4.0,,False
2012-12-20,2012,12,20,28.0,,27.999999999999996,,True
2012-12-21,2012,12,21,2.0,,1.9999999999999998,,False
2012-12-22,2012,12,22,9.0,,8.999999999999998,,False
2012-12-23,2012,12,23,0.0,,5.183574463358577e-05,,False
2012-12-24,2012,12,24,19.0,,19.0,,False
2012-12-25,2012,12,25,0.0,,5.183574463358577e-05,,False
2012-12-26,2012,12,26,0.0,,5.183574463358577e-05,,False
2012-12-27,2012,12,27,0.0,,5.183574463358577e-05,,False
2012-12-28,2012,12,28,0.0,,5.183574463358577e-05,,False
2012-12-29,2012,12,29,,,0.021781083897899615,cubic_spline_log,False
2012-12-30,2012,12,30,,,0.1789266102533789,cubic_spline_log,False
2012-12-31,2012,12,31,,,1.0662486453174451,cubic_spline_log,False
2013-01-01,2013,1,1,3.0,,3.0,,False
2013-01-02,2013,1,2,8888.0,meteorological_log_domain,5.035809498699593,,False
2013-01-03,2013,1,3,22.0,,22.0,,False
2013-01-04,2013,1,4,7.0,,7.0,,False
2013-01-05,2013,1,5,8888.0,meteorological_log_domain,6.278304245439832,,False
2013-01-06,2013,1,6,5.0,,5.0,,False
2013-01-07,2013,1,7,,,6.144954502541425,cubic_spline_log,False
2013-01-08,2013,1,8,8888.0,meteorological_log_domain,6.713114121331197,,False
2013-01-09,2013,1,9,3.0,,3.0,,False
2013-01-10,2013,1,10,1.0,,1.0,,False
2013-01-11,2013,1,11,,,0.5670952334587224,cubic_spline_log,False
2013-01-12,2013,1,12,,,0.7907464878295437,cubic_spline_log,False
2013-01-13,2013,1,13,8888.0,meteorological_log_domain,3.4180106081491406,,False
2013-01-14,2013,1,14,27.0,,27.000000000000004,,True
2013-01-15,2013,1,15,,,29.00817618300901,cubic_spline_log,True
2013-01-16,2013,1,16,,,6.74148980113169,cubic_spline_log,False
2013-01-17,2013,1,17,,,1.3962305805297914,cubic_spline_log,False
2013-01-18,2013,1,18,8888.0,meteorological_log_domain,1.0738877928869561,,False
2013-01-19,2013,1,19,8888.0,meteorological_log_domain,3.4189340285725627,,False
2013-01-20,2013,1,20,2.0,,1.9999999999999998,,False
2013-01-21,2013,1,21,8888.0,meteorological_log_domain,2.3611413054565507,,False
2013-01-22,2013,1,22,,,2.5307879260263477,cubic_spline_log,False
2013-01-23,2013,1,23,,,2.11574025448913,cubic_spline_log,False
2013-01-24,2013,1,24,2.0,,1.9999999999999998,,False
2013-01-25,2013,1,25,8888.0,meteorological_log_domain,2.9975355946356697,,False
2013-01-26,2013,1,26,8888.0,meteorological_log_domain,5.045116399201886,,False
2013-01-27,2013,1,27,8888.0,meteorological_log_domain,2.7723265248491518,,False
2013-01-28,2013,1,28,,,5.235225633679799,cubic_spline_log,False
2013-01-29,2013,1,29,8888.0,meteorological_log_domain,12.665991377023134,,False
2013-01-30,2013,1,30,9.0,,8.999999999999998,,False
2013-01-31,2013,1,31,7.0,,7.0,,False
2013-02-01,2013,2,1,6.7,,6.7,,False
2013-02-02,2013,2,2,0.3,,0.3,,False
2013-02-03,2013,2,3,8888.0,meteorological_log_domain,5.197688481040372,,False
2013-02-04,2013,2,4,8888.0,meteorological_log_domain,2.9951970961920718,,False
2013-02-05,2013,2,5,13.0,,13.000000000000002,,False
2013-02-06,2013,2,6,2.0,,1.9999999999999998,,False
2013-02-07,2013,2,7,,,1.115349070566521,cubic_spline_log,False
2013-02-08,2013,2,8,2.0,,1.9999999999999998,,False
2013-02-09,2013,2,9,,,1.7380869418219724,cubic_spline_log,False
2013-02-10,2013,2,10,1.0,,1.0,,False
2013-02-11,2013,2,11,,,0.7703371986643595,cubic_spline_log,False
2013-02-12,2013,2,12,,,0.795608281624928,cubic_spline_log,False
2013-02-13,2013,2,13,,,0.9212456558321335,cubic_spline_log,False
2013-02-14,2013,2,14,1.0,,1.0,,False
2013-02-15,2013,2,15,1.0,,1.0,,False
2013-02-16,2013,2,16,,,1.463330511929965,cubic_spline_log,False
2013-02-17,2013,2,17,8888.0,meteorological_log_domain,2.586147122675182,,False
2013-02-18,2013,2,18,,,3.9462537971896,cubic_spline_log,False
2013-02-19,2013,2,19,,,4.241312187239315,cubic_spline_log,False
2013-02-20,2013,2,20,8888.0,meteorological_log_domain,2.69829792767361,,False
2013-02-21,2013,2,21,,,0.9972028945945173,cubic_spline_log,False
2013-02-22,2013,2,22,,,0.3984080670002097,cubic_spline_log,False
2013-02-23,2013,2,23,,,0.3858199013428425,cubic_spline_log,False
2013-02-24,2013,2,24,2.0,,1.9999999999999998,,False
2013-02-25,2013,2,25,30.0,,29.999999999999993,,True
2013-02-26,2013,2,26,26.0,,25.999999999999996,,True
2013-02-27,2013,2,27,11.0,,10.999999999999998,,False
2013-02-28,2013,2,28,,,3.9091826429802414,cubic_spline_log,False
2013-03-01,2013,3,1,8888.0,meteorological_log_domain,3.071219336324401,,False
2013-03-02,2013,3,2,,,9.881607797415137,cubic_spline_log,False
2013-03-03,2013,3,3,14.0,,14.000000000000002,,False
2013-03-04,2013,3,4,1.0,,1.0,,False
2013-03-05,2013,3,5,,,0.017373959184306162,monthly_smooth_log,False
2013-03-06,2013,3,6,,,5.183574463358577e-05,monthly_smooth_log,False
2013-03-07,2013,3,7,,,0.0009551426629304961,monthly_smooth_log,False
2013-03-08,2013,3,8,,,5.183574463358577e-05,monthly_smooth_log,False
2013-03-09,2013,3,9,,,0.04221675692185176,monthly_smooth_log,False
2013-03-10,2013,3,10,5.0,,5.0,,False
2013-03-11,2013,3,11,,,0.0634175834277472,monthly_smooth_log,False
2013-03-12,2013,3,12,,,5.183574463358577e-05,monthly_smooth_log,False
2013-03-13,2013,3,13,,,5.183574463361179e-05,monthly_smooth_log,False
2013-03-14,2013,3,14,,,5.183574463361179e-05,monthly_smooth_log,False
2013-03-15,2013,3,15,,,5.183574463361179e-05,monthly_smooth_log,False
2013-03-16,2013,3,16,,,5.183574463361179e-05,monthly_smooth_log,False
2013-03-17,2013,3,17,,,5.183574463358577e-05,monthly_smooth_log,False
2013-03-18,2013,3,18,,,9.704707440484281e-05,monthly_smooth_log,False
2013-03-19,2013,3,19,,,0.00011594509326410402,monthly_smooth_log,False
2013-03-20,2013,3,20,,,5.183574463358577e-05,monthly_smooth_log,False
2013-03-21,2013,3,21,,,0.013322084538812942,monthly_smooth_log,False
2013-03-22,2013,3,22,1.0,,1.0,,False
2013-03-23,2013,3,23,55.0,,55.000000000000014,,True
2013-03-24,2013,3,24,8888.0,meteorological_log_domain,2.452705147305489,,False
2013-03-25,2013,3,25,,,0.021238953939415238,monthly_smooth_log,False
2013-03-26,2013,3,26,,,5.183574463358577e-05,monthly_smooth_log,False
2013-03-27,2013,3,27,,,0.00301328532378942,monthly_smooth_log,False
2013-03-28,2013,3,28,,,0.0033705356778961533,monthly_smooth_log,False
2013-03-29,2013,3,29,,,0.0014590814185159121,monthly_smooth_log,False
2013-03-30,2013,3,30,,,5.183574463358577e-05,monthly_smooth_log,False
2013-03-31,2013,3,31,,,0.00446889489674108,monthly_smooth_log,False
2013-04-01,2013,4,1,8888.0,meteorological_log_domain,0.07044937257190448,,False
2013-04-02,2013,4,2,,,1.2290026483428822,cubic_spline_log,False
2013-04-03,2013,4,3,8888.0,meteorological_log_domain,7.229720161137835,,False
2013-04-04,2013,4,4,8888.0,meteorological_log_domain,4.523679728118424,,False
2013-04-05,2013,4,5,,,0.04727948369123259,monthly_smooth_log,False
2013-04-06,2013,4,6,,,5.183574463358577e-05,monthly_smooth_log,False
2013-04-07,2013,4,7,,,5.183574463358577e-05,monthly_smooth_log,False
2013-04-08,2013,4,8,,,5.183574463358577e-05,monthly_smooth_log,False
2013-04-09,2013,4,9,,,5.183574463358577e-05,monthly_smooth_log,False
2013-04-10,2013,4,10,,,0.07618755020217531,monthly_smooth_log,False
2013-04-11,2013,4,11,21.0,,21.0,,False
2013-04-12,2013,4,12,7.0,,7.0,,False
2013-04-13,2013,4,13,,,1.7882126290642701,cubic_spline_log,False
2013-04-14,2013,4,14,8888.0,meteorological_log_domain,9.872931867261121,,False
2013-04-15,2013,4,15,60.0,,60.00000000000002,,True
2013-04-16,2013,4,16,8888.0,meteorological_log_domain,0.06385683545897299,,False
2013-04-17,2013,4,17,3.0,,3.0,,False
2013-04-18,2013,4,18,8888.0,meteorological_log_domain,0.2096342466906089,,False
2013-04-19,2013,4,19,,,0.009909097419215964,monthly_smooth_log,False
2013-04-20,2013,4,20,,,5.183574463358577e-05,monthly_smooth_log,False
2013-04-21,2013,4,21,,,0.00034120755167193866,monthly_smooth_log,False
2013-04-22,2013,4,22,,,0.0001379101723569115,monthly_smooth_log,False
2013-04-23,2013,4,23,,,0.0009185569388684579,monthly_smooth_log,False
2013-04-24,2013,4,24,,,5.183574463358577e-05,monthly_smooth_log,False
2013-04-25,2013,4,25,,,0.06131005958389122,monthly_smooth_log,False
2013-04-26,2013,4,26,8888.0,meteorological_log_domain,7.380240935465024,,False
2013-04-27,2013,4,27,8888.0,meteorological_log_domain,8.637397481711407,,False
2013-04-28,2013,4,28,8888.0,meteorological_log_domain,2.0585776764477415,,False
2013-04-29,2013,4,29,,,2.145988781855478,cubic_spline_log,False
2013-04-30,2013,4,30,,,5.619306468077776,cubic_spline_log,False
2013-05-01,2013,5,1,10.0,,9.999999999999998,,False
2013-05-02,2013,5,2,,,4.295292053539878,cubic_spline_log,False
2013-05-03,2013,5,3,8888.0,meteorological_log_domain,0.442336981307212,,False
2013-05-04,2013,5,4,,,0.021002460945740903,cubic_spline_log,False
2013-05-05,2013,5,5,8888.0,meteorological_log_domain,0.05361225977466747,,False
2013-05-06,2013,5,6,8888.0,meteorological_log_domain,12.03468622133292,,False
2013-05-07,2013,5,7,54.0,,54.0,,True
2013-05-08,2013,5,8,32.0,,31.999999999999996,,True
2013-05-09,2013,5,9,8888.0,meteorological_log_domain,0.07868084195217295,,False
2013-05-10,2013,5,10,,,0.010623203673401352,cubic_spline_log,False
2013-05-11,2013,5,11,8888.0,meteorological_log_domain,0.4993249809647773,,False
2013-05-12,2013,5,12,7.0,,7.0,,False
2013-05-13,2013,5,13,8888.0,meteorological_log_domain,0.1677447359035907,,False
2013-05-14,2013,5,14,2.0,,1.9999999999999998,,False
2013-05-15,2013,5,15,,,10.114306178378815,cubic_spline_log,False
2013-05-16,2013,5,16,,,6.676223315645914,cubic_spline_log,False
2013-05-17,2013,5,17,8888.0,meteorological_log_domain,4.419749459194922,,False
2013-05-18,2013,5,18,6.0,,6.0,,False
2013-05-19,2013,5,19,2.0,,1.9999999999999998,,False
2013-05-20,2013,5,20,8888.0,meteorological_log_domain,7.554218789991426,,False
2013-05-21,2013,5,21,,,0.051838083616883635,monthly_smooth_log,False
2013-05-22,2013,5,22,,,5.183574463358577e-05,monthly_smooth_log,False
2013-05-23,2013,5,23,,,5.183574463358577e-05,monthly_smooth_log,False
2013-05-24,2013,5,24,,,0.03546027846280226,monthly_smooth_log,False
2013-05-25,2013,5,25,8888.0,meteorological_log_domain,4.7071038030634575,,False
2013-05-26,2013,5,26,11.0,,10.999999999999998,,False
2013-05-27,2013,5,27,3.0,,3.0,,False
2013-05-28,2013,5,28,,,1.0620022319964706,cubic_spline_log,False
2013-05-29,2013,5,29,1.0,,1.0,,False
2013-05-30,2013,5,30,,,3.313302087780186,cubic_spline_log,False
2013-05-31,2013,5,31,,,17.2412475852492,cubic_spline_log,False
2013-06-01,2013,6,1,,,48.32588872430067,cubic_spline_log,True
2013-06-02,2013,6,2,25.0,,25.000000000000004,,False
2013-06-03,2013,6,3,8888.0,meteorological_log_domain,2.2694566809714023,,False
2013-06-04,2013,6,4,,,0.8301967199202785,cubic_spline_log,False
2013-06-05,2013,6,5,,,1.317605129443735,cubic_spline_log,False
2013-06-06,2013,6,6,,,3.3839115803238844,cubic_spline_log,False
2013-06-07,2013,6,7,8888.0,meteorological_log_domain,5.287624211373364,,False
2013-06-08,2013,6,8,,,2.948024705039503,cubic_spline_log,False
2013-06-09,2013,6,9,2.0,,1.9999999999999998,,False
2013-06-10,2013,6,10,,,4.311758236134324,cubic_spline_log,False
2013-06-11,2013,6,11,8888.0,meteorological_log_domain,4.482631365073082,,False
2013-06-12,2013,6,12,1.0,,1.0,,False
2013-06-13,2013,6,13,8888.0,meteorological_log_domain,2.7538060487158296,,False
2013-06-14,2013,6,14,8888.0,meteorological_log_domain,3.1540998421673945,,False
2013-06-15,2013,6,15,,,0.03554145344251365,monthly_smooth_log,False
2013-06-16,2013,6,16,,,5.183574463358577e-05,monthly_smooth_log,False
2013-06-17,2013,6,17,,,0.0036800889710570956,monthly_smooth_log,False
2013-06-18,2013,6,18,,,0.0031341014300812903,monthly_smooth_log,False
2013-06-19,2013,6,19,,,0.0020124731067478786,monthly_smooth_log,False
2013-06-20,2013,6,20,,,0.0010823324766166716,monthly_smooth_log,False
2013-06-21,2013,6,21,,,5.183574463358577e-05,monthly_smooth_log,False
2013-06-22,2013,6,22,,,0.014017501804054427,monthly_smooth_log,False
2013-06-23,2013,6,23,8888.0,meteorological_log_domain,0.8205986536427088,,False
2013-06-24,2013,6,24,19.0,,19.0,,False
2013-06-25,2013,6,25,,,2.2743767554553482,cubic_spline_log,False
2013-06-26,2013,6,26,1.0,,1.0,,False
2013-06-27,2013,6,27,58.0,,57.999999999999986,,True
2013-06-28,2013,6,28,8888.0,meteorological_log_domain,2.6539209149283547,,False
2013-06-29,2013,6,29,8888.0,meteorological_log_domain,4.33589245937158,,False
2013-06-30,2013,6,30,11.0,,10.999999999999998,,False
2013-07-01,2013,7,1,,,8.507171059097676,cubic_spline_log,False
2013-07-02,2013,7,2,,,4.156085705765124,cubic_spline_log,False
2013-07-03,2013,7,3,3.0,,3.0,,False
2013-07-04,2013,7,4,8888.0,meteorological_log_domain,4.646792118364188,,False
2013-07-05,2013,7,5,,,5.02210291936683,cubic_spline_log,False
2013-07-06,2013,7,6,,,4.061045098373046,cubic_spline_log,False
2013-07-07,2013,7,7,4.0,,4.0,,False
2013-07-08,2013,7,8,7.0,,7.0,,False
2013-07-09,2013,7,9,17.0,,16.999999999999996,,False
2013-07-10,2013,7,10,,,12.261510723745749,cubic_spline_log,False
2013-07-11,2013,7,11,8888.0,meteorological_log_domain,2.788280823385164,,False
2013-07-12,2013,7,12,,,0.028780414477750788,monthly_smooth_log,False
2013-07-13,2013,7,13,,,5.183574463358577e-05,monthly_smooth_log,False
2013-07-14,2013,7,14,,,6.86213060380643e-05,monthly_smooth_log,False
2013-07-15,2013,7,15,,,5.183574463358577e-05,monthly_smooth_log,False
2013-07-16,2013,7,16,,,0.025465692404736152,monthly_smooth_log,False
2013-07-17,2013,7,17,1.0,,1.0,,False
2013-07-18,2013,7,18,,,0.05184119590358814,monthly_smooth_log,False
2013-07-19,2013,7,19,,,0.0007980760754565733,monthly_smooth_log,False
2013-07-20,2013,7,20,,,0.0033137030023531085,monthly_smooth_log,False
2013-07-21,2013,7,21,,,5.183574463358577e-05,monthly_smooth_log,False
2013-07-22,2013,7,22,,,0.033755937458909584,monthly_smooth_log,False
2013-07-23,2013,7,23,8888.0,meteorological_log_domain,3.1570950161232765,,False
2013-07-24,2013,7,24,,,4.593673128848802,cubic_spline_log,False
2013-07-25,2013,7,25,8888.0,meteorological_log_domain,4.002042862469341,,False
2013-07-26,2013,7,26,46.0,,46.0,,True
2013-07-27,2013,7,27,8888.0,meteorological_log_domain,8.098965850450831,,False
2013-07-28,2013,7,28,8888.0,meteorological_log_domain,2.7334428699151094,,False
2013-07-29,2013,7,29,,,0.02943664651531626,monthly_smooth_log,False
2013-07-30,2013,7,30,,,5.183574463358577e-05,monthly_smooth_log,False
2013-07-31,2013,7,31,,,5.183574463358577e-05,monthly_smooth_log,False
2013-08-01,2013,8,1,,,5.183574463358577e-05,monthly_smooth_log,False
2013-08-02,2013,8,2,,,0.07386180088456396,monthly_smooth_log,False
2013-08-03,2013,8,3,16.0,,16.000000000000004,,False
2013-08-04,2013,8,4,4.0,,4.0,,False
2013-08-05,2013,8,5,8.0,,8.0,,False
2013-08-06,2013,8,6,16.0,,16.000000000000004,,False
2013-08-07,2013,8,7,8888.0,meteorological_log_domain,1.9714726931448703,,False
2013-08-08,2013,8,8,,,1.2098429462617277,cubic_spline_log,False
2013-08-09,2013,8,9,4.0,,4.0,,False
2013-08-10,2013,8,10,,,15.261630185992107,cubic_spline_log,False
2013-08-11,2013,8,11,12.0,,12.0,,False
2013-08-12,2013,8,12,2.0,,1.9999999999999998,,False
2013-08-13,2013,8,13,8.0,,8.0,,False
2013-08-14,2013,8,14,,,0.05786278129051713,monthly_smooth_log,False
2013-08-15,2013,8,15,,,5.183574463358577e-05,monthly_smooth_log,False
2013-08-16,2013,8,16,,,5.183574463358577e-05,monthly_smooth_log,False
2013-08-17,2013,8,17,,,0.06738533067473236,monthly_smooth_log,False
2013-08-18,2013,8,18,8888.0,meteorological_log_domain,12.240008432743233,,False
2013-08-19,2013,8,19,1.0,,1.0,,False
2013-08-20,2013,8,20,23.0,,23.0,,False
2013-08-21,2013,8,21,,,32.40381122730377,cubic_spline_log,True
2013-08-22,2013,8,22,8888.0,meteorological_log_domain,2.1342795370347116,,False
2013-08-23,2013,8,23,,,0.020965319283328412,monthly_smooth_log,False
2013-08-24,2013,8,24,,,5.183574463358577e-05,monthly_smooth_log,False
2013-08-25,2013,8,25,,,0.0013293280070750813,monthly_smooth_log,False
2013-08-26,2013,8,26,,,0.0007555735900539179,monthly_smooth_log,False
2013-08-27,2013,8,27,,,0.0005252040879503549,monthly_smooth_log,False
2013-08-28,2013,8,28,,,5.183574463358577e-05,monthly_smooth_log,False
2013-08-29,2013,8,29,,,0.02433287556650459,monthly_smooth_log,False
2013-08-30,2013,8,30,2.0,,1.9999999999999998,,False
2013-08-31,2013,8,31,21.0,,21.0,,False
2013-09-01,2013,9,1,7.0,,7.0,,False
2013-09-02,2013,9,2,4.0,,4.0,,False
2013-09-03,2013,9,3,,,1.049388824434967,cubic_spline_log,False
2013-09-04,2013,9,4,1.0,,1.0,,False
2013-09-05,2013,9,5,10.0,,9.999999999999998,,False
2013-09-06,2013,9,6,8888.0,meteorological_log_domain,5.022033738112331,,False
2013-09-07,2013,9,7,8888.0,meteorological_log_domain,2.9811874235496494,,False
2013-09-08,2013,9,8,3.0,,3.0,,False
2013-09-09,2013,9,9,3.0,,3.0,,False
2013-09-10,2013,9,10,3.0,,3.0,,False
2013-09-11,2013,9,11,10.0,,9.999999999999998,,False
2013-09-12,2013,9,12,17.0,,16.999999999999996,,False
2013-09-13,2013,9,13,8888.0,meteorological_log_domain,9.436966709989981,,False
2013-09-14,2013,9,14,8888.0,meteorological_log_domain,0.9299956546431849,,False
2013-09-15,2013,9,15,,,0.18159247028361616,cubic_spline_log,False
2013-09-16,2013,9,16,8888.0,meteorological_log_domain,2.172317851952414,,False
2013-09-17,2013,9,17,,,0.0911539237265331,monthly_smooth_log,False
2013-09-18,2013,9,18,,,0.012246023485443932,monthly_smooth_log,False
2013-09-19,2013,9,19,,,0.02882803202210988,monthly_smooth_log,False
2013-09-20,2013,9,20,,,0.023553304629526914,monthly_smooth_log,False
2013-09-21,2013,9,21,,,0.018956376744977306,monthly_smooth_log,False
2013-09-22,2013,9,22,,,0.020143618016519482,monthly_smooth_log,False
2013-09-23,2013,9,23,,,0.022203758114246047,monthly_smooth_log,False
2013-09-24,2013,9,24,,,0.017841355439531227,monthly_smooth_log,False
2013-09-25,2013,9,25,,,0.00764295862609103,monthly_smooth_log,False
2013-09-26,2013,9,26,,,0.09586749263974448,monthly_smooth_log,False
2013-09-27,2013,9,27,5.0,,5.0,,False
2013-09-28,2013,9,28,,,0.14602186248387303,monthly_smooth_log,False
2013-09-29,2013,9,29,,,0.004941592597273184,monthly_smooth_log,False
2013-09-30,2013,9,30,,,0.060782080087782624,monthly_smooth_log,False
2013-10-01,2013,10,1,,,0.5254316009020772,monthly_smooth_log,False
2013-10-02,2013,10,2,4.0,,4.0,,False
2013-10-03,2013,10,3,28.0,,27.999999999999996,,True
2013-10-04,2013,10,4,8888.0,meteorological_log_domain,2.8405472808663887,,False
2013-10-05,2013,10,5,,,2.693494656500677,cubic_spline_log,False
2013-10-06,2013,10,6,8.0,,8.0,,False
2013-10-07,2013,10,7,5.0,,5.0,,False
2013-10-08,2013,10,8,,,3.579185388780078,cubic_spline_log,False
2013-10-09,2013,10,9,,,3.7788125976828497,cubic_spline_log,False
2013-10-10,2013,10,10,,,3.845387188737751,cubic_spline_log,False
2013-10-11,2013,10,11,8888.0,meteorological_log_domain,2.463996550805498,,False
2013-10-12,2013,10,12,1.0,,1.0,,False
2013-10-13,2013,10,13,1.0,,1.0,,False
2013-10-14,2013,10,14,,,2.728327176878479,cubic_spline_log,False
2013-10-15,2013,10,15,,,10.563641927272394,cubic_spline_log,False
2013-10-16,2013,10,16,28.0,,27.999999999999996,,True
2013-10-17,2013,10,17,,,29.240562218969448,cubic_spline_log,True
2013-10-18,2013,10,18,14.0,,14.000000000000002,,False
2013-10-19,2013,10,19,6.0,,6.0,,False
2013-10-20,2013,10,20,5.0,,5.0,,False
2013-10-21,2013,10,21,1.0,,1.0,,False
2013-10-22,2013,10,22,1.0,,1.0,,False
2013-10-23,2013,10,23,6.0,,6.0,,False
2013-10-24,2013,10,24,12.0,,12.0,,False
2013-10-25,2013,10,25,8888.0,meteorological_log_domain,4.104765765297477,,False
2013-10-26,2013,10,26,,,8.464861848722974,cubic_spline_log,False
2013-10-27,2013,10,27,8888.0,meteorological_log_domain,7.507206592479585,,False
2013-10-28,2013,10,28,1.0,,1.0,,False
2013-10-29,2013,10,29,8888.0,meteorological_log_domain,15.032803882602119,,False
2013-10-30,2013,10,30,8888.0,meteorological_log_domain,2.1085896729652647,,False
2013-10-31,2013,10,31,,,0.7040496168196637,cubic_spline_log,False
2013-11-01,2013,11,1,1.0,,1.0,,False
2013-11-02,2013,11,2,1.0,,1.0,,False
2013-11-03,2013,11,3,,,0.6982014538825497,cubic_spline_log,False
2013-11-04,2013,11,4,1.0,,1.0,,False
2013-11-05,2013,11,5,8888.0,meteorological_log_domain,4.097263485370657,,False
2013-11-06,2013,11,6,,,4.634875021705216,cubic_spline_log,False
2013-11-07,2013,11,7,8888.0,meteorological_log_domain,2.3320998126481394,,False
2013-11-08,2013,11,8,2.0,,1.9999999999999998,,False
2013-11-09,2013,11,9,8888.0,meteorological_log_domain,5.68350968124187,,False
2013-11-10,2013,11,10,13.0,,13.000000000000002,,False
2013-11-11,2013,11,11,,,2.7905329262859815,cubic_spline_log,False
2013-11-12,2013,11,12,,,0.28073949881572213,cubic_spline_log,False
2013-11-13,2013,11,13,8888.0,meteorological_log_domain,0.19866388629826048,,False
2013-11-14,2013,11,14,3.0,,3.0,,False
2013-11-15,2013,11,15,,,14.868588188458888,cubic_spline_log,False
2013-11-16,2013,11,16,,,12.458252543525456,cubic_spline_log,False
2013-11-17,2013,11,17,8888.0,meteorological_log_domain,3.020391515029395,,False
2013-11-18,2013,11,18,1.0,,1.0,,False
2013-11-19,2013,11,19,8888.0,meteorological_log_domain,6.994255573068022,,False
2013-11-20,2013,11,20,6.0,,6.0,,False
2013-11-21,2013,11,21,8888.0,meteorological_log_domain,2.776623072116751,,False
2013-11-22,2013,11,22,1.0,,1.0,,False
2013-11-23,2013,11,23,8888.0,meteorological_log_domain,7.983781905132707,,False
2013-11-24,2013,11,24,7.0,,7.0,,False
2013-11-25,2013,11,25,12.0,,12.0,,False
2013-11-26,2013,11,26,1.0,,1.0,,False
2013-11-27,2013,11,27,,,1.2497037301450729,cubic_spline_log,False
2013-11-28,2013,11,28,5.0,,5.0,,False
2013-11-29,2013,11,29,4.0,,4.0,,False
2013-11-30,2013,11,30,6.0,,6.0,,False
2013-12-01,2013,12,1,9.0,,8.999999999999998,,False
2013-12-02,2013,12,2,8.0,,8.0,,False
2013-12-03,2013,12,3,1.0,,1.0,,False
2013-12-04,2013,12,4,38.0,,38.0,,True
2013-12-05,2013,12,5,3.0,,3.0,,False
2013-12-06,2013,12,6,23.0,,23.0,,False
2013-12-07,2013,12,7,15.0,,14.999999999999998,,False
2013-12-08,2013,12,8,,,2.9067987522015386,cubic_spline_log,False
2013-12-09,2013,12,9,,,0.9167889203800089,cubic_spline_log,False
2013-12-10,2013,12,10,1.0,,1.0,,False
2013-12-11,2013,12,11,6.0,,6.0,,False
2013-12-12,2013,12,12,34.0,,33.99999999999999,,True
2013-12-13,2013,12,13,8888.0,meteorological_log_domain,4.27670407099919,,False
2013-12-14,2013,12,14,1.0,,1.0,,False
2013-12-15,2013,12,15,,,0.9963115872729871,cubic_spline_log,False
2013-12-16,2013,12,16,2.0,,1.9999999999999998,,False
2013-12-17,2013,12,17,,,3.5909270172223753,cubic_spline_log,False
2013-12-18,2013,12,18,2.0,,1.9999999999999998,,False
2013-12-19,2013,12,19,1.0,,1.0,,False
2013-12-20,2013,12,20,30.0,,29.999999999999993,,True
2013-12-21,2013,12,21,8888.0,meteorological_log_domain,3.103554456585093,,False
2013-12-22,2013,12,22,1.0,,1.0,,False
2013-12-23,2013,12,23,2.0,,1.9999999999999998,,False
2013-12-24,2013,12,24,8888.0,meteorological_log_domain,3.4540538312053046,,False
2013-12-25,2013,12,25,8888.0,meteorological_log_domain,8.03110262264256,,False
2013-12-26,2013,12,26,9.0,,8.999999999999998,,False
2013-12-27,2013,12,27,5.0,,5.0,,False
2013-12-28,2013,12,28,1.0,,1.0,,False
2013-12-29,2013,12,29,63.0,,63.00000000000001,,True
2013-12-30,2013,12,30,22.0,,22.0,,False
2013-12-31,2013,12,31,8888.0,meteorological_log_domain,8.245428136888037,,False
2014-01-01,2014,1,1,8888.0,meteorological_log_domain,0.6414173419720062,,False
2014-01-02,2014,1,2,,,1.3051194271419797,cubic_spline_log,False
2014-01-03,2014,1,3,8888.0,meteorological_log_domain,4.254310799153931,,False
2014-01-04,2014,1,4,1.0,,1.0,,False
2014-01-05,2014,1,5,8888.0,meteorological_log_domain,1.73277468382,,False
2014-01-06,2014,1,6,,,9.799509327037184,cubic_spline_log,False
2014-01-07,2014,1,7,8888.0,meteorological_log_domain,10.483119832339318,,False
2014-01-08,2014,1,8,1.0,,1.0,,False
2014-01-09,2014,1,9,,,1.8888832469919108,cubic_spline_log,False
2014-01-10,2014,1,10,11.0,,10.999999999999998,,False
2014-01-11,2014,1,11,9.0,,8.999999999999998,,False
2014-01-12,2014,1,12,8888.0,meteorological_log_domain,3.1446680009160866,,False
2014-01-13,2014,1,13,,,1.5840084147663187,cubic_spline_log,False
2014-01-14,2014,1,14,,,1.6211970508248734,cubic_spline_log,False
2014-01-15,2014,1,15,8888.0,meteorological_log_domain,4.002307237841772,,False
2014-01-16,2014,1,16,,,17.824224952039526,cubic_spline_log,False
2014-01-17,2014,1,17,8888.0,meteorological_log_domain,17.329544609725755,,False
2014-01-18,2014,1,18,2.0,,1.9999999999999998,,False
2014-01-19,2014,1,19,8888.0,meteorological_log_domain,2.836747237240577,,False
2014-01-20,2014,1,20,,,3.0613608965504397,cubic_spline_log,False
2014-01-21,2014,1,21,,,1.6404294667938795,cubic_spline_log,False
2014-01-22,2014,1,22,1.0,,1.0,,False
2014-01-23,2014,1,23,,,1.2460477849183174,cubic_spline_log,False
2014-01-24,2014,1,24,8888.0,meteorological_log_domain,2.0911899860179086,,False
2014-01-25,2014,1,25,,,2.7437567337154927,cubic_spline_log,False
2014-01-26,2014,1,26,,,2.650433500620628,cubic_spline_log,False
2014-01-27,2014,1,27,2.0,,1.9999999999999998,,False
2014-01-28,2014,1,28,8888.0,meteorological_log_domain,1.2498149230155862,,False
2014-01-29,2014,1,29,,,1.3206032548518294,lowess_log,False
2014-01-30,2014,1,30,,,1.3953691454807273,lowess_log,False
2014-01-31,2014,1,31,,,1.4743360918196196,lowess_log,False
2014-02-01,2014,2,1,,,1.5577401489590028,lowess_log,False
2014-02-02,2014,2,2,,,1.645830635799615,lowess_log,False
2014-02-03,2014,2,3,,,1.7388708803388924,lowess_log,False
2014-02-04,2014,2,4,,,1.8371390068346767,lowess_log,False
2014-02-05,2014,2,5,,,1.9409287671992348,lowess_log,False
2014-02-06,2014,2,6,,,2.0505504191088657,lowess_log,False
2014-02-07,2014,2,7,,,2.166331653454019,lowess_log,False
2014-02-08,2014,2,8,,,2.2886185739023466,lowess_log,False
2014-02-09,2014,2,9,,,2.4177767315028804,lowess_log,False
2014-02-10,2014,2,10,,,2.5541922174240694,lowess_log,False
2014-02-11,2014,2,11,,,2.6982728170921852,lowess_log,False
2014-02-12,2014,2,12,,,2.850449229180159,lowess_log,False
2014-02-13,2014,2,13,,,3.0111763530907454,lowess_log,False
2014-02-14,2014,2,14,,,3.180934648782686,lowess_log,False
2014-02-15,2014,2,15,,,3.360231573004785,lowess_log,False
2014-02-16,2014,2,16,,,3.5496030962312135,lowess_log,False
2014-02-17,2014,2,17,,,3.749615304832601,lowess_log,False
2014-02-18,2014,2,18,,,3.9608660932722746,lowess_log,False
2014-02-19,2014,2,19,,,4.183986951386103,lowess_log,False
2014-02-20,2014,2,20,8888.0,meteorological_log_domain,4.41964485208865,,False
2014-02-21,2014,2,21,19.0,,19.0,,False
2014-02-22,2014,2,22,,,40.354057287414136,cubic_spline_log,True
2014-02-23,2014,2,23,8888.0,meteorological_log_domain,1.8140701047471222,,False
2014-02-24,2014,2,24,,,1.7641417504031167,lowess_log,False
2014-02-25,2014,2,25,,,1.715580032440582,lowess_log,False
2014-02-26,2014,2,26,,,1.668347543357835,lowess_log,False
2014-02-27,2014,2,27,,,1.6224078995694302,lowess_log,False
2014-02-28,2014,2,28,,,1.577725713379577,lowess_log,False
2014-03-01,2014,3,1,,,1.534266565722698,lowess_log,False
2014-03-02,2014,3,2,,,1.4919969796501316,lowess_log,False
2014-03-03,2014,3,3,,,1.4508843945425576,lowess_log,False
2014-03-04,2014,3,4,,,1.4108971410282742,lowess_log,False
2014-03-05,2014,3,5,,,1.3720044165880154,lowess_log,False
2014-03-06,2014,3,6,,,1.334176261827509,lowess_log,False
2014-03-07,2014,3,7,,,1.2973835373995033,lowess_log,False
2014-03-08,2014,3,8,,,1.26159790155748,lowess_log,False
2014-03-09,2014,3,9,,,1.2267917883237691,lowess_log,False
2014-03-10,2014,3,10,,,1.1929383862552416,lowess_log,False
2014-03-11,2014,3,11,8888.0,meteorological_log_domain,1.1600116177902302,,False
2014-03-12,2014,3,12,,,0.7633353077566024,cubic_spline_log,False
2014-03-13,2014,3,13,,,0.5610816944070204,cubic_spline_log,False
2014-03-14,2014,3,14,,,0.999155770574651,cubic_spline_log,False
2014-03-15,2014,3,15,8888.0,meteorological_log_domain,9.129545033650462,,False
2014-03-16,2014,3,16,133.0,,132.99999999999994,,True
2014-03-17,2014,3,17,17.0,,16.999999999999996,,False
2014-03-18,2014,3,18,4.0,,4.0,,False
2014-03-19,2014,3,19,,,3.484646001349865,cubic_spline_log,False
2014-03-20,2014,3,20,8888.0,meteorological_log_domain,2.8337891902520873,,False
2014-03-21,2014,3,21,,,0.037389410168995024,monthly_smooth_log,False
2014-03-22,2014,3,22,,,5.183574463358577e-05,monthly_smooth_log,False
2014-03-23,2014,3,23,,,5.183574463358577e-05,monthly_smooth_log,False
2014-03-24,2014,3,24,,,0.00014837286089929534,monthly_smooth_log,False
2014-03-25,2014,3,25,,,0.0009782966217972335,monthly_smooth_log,False
2014-03-26,2014,3,26,,,0.0010348269034097472,monthly_smooth_log,False
2014-03-27,2014,3,27,,,0.0004885127160867975,monthly_smooth_log,False
2014-03-28,2014,3,28,,,0.000853156153890507,monthly_smooth_log,False
2014-03-29,2014,3,29,,,5.183574463358577e-05,monthly_smooth_log,False
2014-03-30,2014,3,30,,,0.04889328880486159,monthly_smooth_log,False
2014-03-31,2014,3,31,5.0,,5.0,,False
2014-04-01,2014,4,1,,,0.08258154497752315,monthly_smooth_log,False
2014-04-02,2014,4,2,,,5.183574463358577e-05,monthly_smooth_log,False
2014-04-03,2014,4,3,,,5.183574463358577e-05,monthly_smooth_log,False
2014-04-04,2014,4,4,,,0.04883878909635482,monthly_smooth_log,False
2014-04-05,2014,4,5,8.0,,8.0,,False
2014-04-06,2014,4,6,37.0,,37.0,,True
2014-04-07,2014,4,7,,,0.10707441703173938,monthly_smooth_log,False
2014-04-08,2014,4,8,,,5.183574463358577e-05,monthly_smooth_log,False
2014-04-09,2014,4,9,,,0.0017653442806401156,monthly_smooth_log,False
2014-04-10,2014,4,10,,,5.183574463358577e-05,monthly_smooth_log,False
2014-04-11,2014,4,11,,,0.047092111142557375,monthly_smooth_log,False
2014-04-12,2014,4,12,5.0,,5.0,,False
2014-04-13,2014,4,13,8888.0,meteorological_log_domain,2.4768884863557665,,False
2014-04-14,2014,4,14,8888.0,meteorological_log_domain,7.498374910772037,,False
2014-04-15,2014,4,15,,,195.73933093093274,cubic_spline_log,True
2014-04-16,2014,4,16,,,200.0,cubic_spline_log,True
2014-04-17,2014,4,17,,,200.0,cubic_spline_log,True
2014-04-18,2014,4,18,8888.0,meteorological_log_domain,4.454200973051451,,False
2014-04-19,2014,4,19,,,0.02636299782533591,monthly_smooth_log,False
2014-04-20,2014,4,20,,,5.183574463358577e-05,monthly_smooth_log,False
2014-04-21,2014,4,21,,,0.0008075274408328222,monthly_smooth_log,False
2014-04-22,2014,4,22,,,0.00010016975792203481,monthly_smooth_log,False
2014-04-23,2014,4,23,,,5.183574463358577e-05,monthly_smooth_log,False
2014-04-24,2014,4,24,,,5.183574463361179e-05,monthly_smooth_log,False
2014-04-25,2014,4,25,,,5.183574463361179e-05,monthly_smooth_log,False
2014-04-26,2014,4,26,,,5.183574463358577e-05,monthly_smooth_log,False
2014-04-27,2014,4,27,,,0.00040590506480562595,monthly_smooth_log,False
2014-04-28,2014,4,28,,,0.0012117721201506393,monthly_smooth_log,False
2014-04-29,2014,4,29,,,0.0012057235937833009,monthly_smooth_log,False
2014-04-30,2014,4,30,,,0.0003890728170094643,monthly_smooth_log,False
2014-05-01,2014,5,1,,,5.183574463358577e-05,monthly_smooth_log,False
2014-05-02,2014,5,2,,,0.03760202786563499,monthly_smooth_log,False
2014-05-03,2014,5,3,8888.0,meteorological_log_domain,4.22764669580799,,False
2014-05-04,2014,5,4,,,0.0579399759752851,monthly_smooth_log,False
2014-05-05,2014,5,5,,,5.183574463358577e-05,monthly_smooth_log,False
2014-05-06,2014,5,6,,,5.183574463358577e-05,monthly_smooth_log,False
2014-05-07,2014,5,7,,,0.04146543270091326,monthly_smooth_log,False
2014-05-08,2014,5,8,4.0,,4.0,,False
2014-05-09,2014,5,9,5.0,,5.0,,False
2014-05-10,2014,5,10,64.0,,64.00000000000001,,True
2014-05-11,2014,5,11,,,126.1474600275857,cubic_spline_log,True
2014-05-12,2014,5,12,18.0,,17.999999999999996,,False
2014-05-13,2014,5,13,1.0,,1.0,,False
2014-05-14,2014,5,14,,,0.4024327168096202,cubic_spline_log,False
2014-05-15,2014,5,15,3.0,,3.0,,False
2014-05-16,2014,5,16,,,126.88313313660815,cubic_spline_log,True
2014-05-17,2014,5,17,36.0,,36.00000000000001,,True
2014-05-18,2014,5,18,8888.0,meteorological_log_domain,0.01729786016122173,,False
2014-05-19,2014,5,19,1.0,,1.0,,False
2014-05-20,2014,5,20,2.0,,1.9999999999999998,,False
2014-05-21,2014,5,21,8888.0,meteorological_log_domain,2.0326761290304187,,False
2014-05-22,2014,5,22,,,0.5079394081852089,cubic_spline_log,False
2014-05-23,2014,5,23,8888.0,meteorological_log_domain,0.4314034315921519,,False
2014-05-24,2014,5,24,9.0,,8.999999999999998,,False
2014-05-25,2014,5,25,,,23.762229692530454,cubic_spline_log,False
2014-05-26,2014,5,26,,,10.490403465815493,cubic_spline_log,False
2014-05-27,2014,5,27,7.0,,7.0,,False
2014-05-28,2014,5,28,,,27.0941152250318,cubic_spline_log,True
2014-05-29,2014,5,29,,,75.5157267863206,cubic_spline_log,True
2014-05-30,2014,5,30,8.0,,8.0,,False
2014-05-31,2014,5,31,8888.0,meteorological_log_domain,0.026715250873587802,,False
2014-06-01,2014,6,1,,,0.05285843193909132,cubic_spline_log,False
2014-06-02,2014,6,2,12.0,,12.0,,False
2014-06-03,2014,6,3,,,180.3021086945833,cubic_spline_log,True
2014-06-04,2014,6,4,,,82.93506902978177,cubic_spline_log,True
2014-06-05,2014,6,5,3.0,,3.0,,False
2014-06-06,2014,6,6,,,0.02453938849265038,monthly_smooth_log,False
2014-06-07,2014,6,7,,,5.183574463358577e-05,monthly_smooth_log,False
2014-06-08,2014,6,8,,,0.0005751230065904646,monthly_smooth_log,False
2014-06-09,2014,6,9,,,5.183574463358577e-05,monthly_smooth_log,False
2014-06-10,2014,6,10,,,0.00020016524590264935,monthly_smooth_log,False
2014-06-11,2014,6,11,,,0.00034491947109208977,monthly_smooth_log,False
2014-06-12,2014,6,12,,,0.0038219092928869058,monthly_smooth_log,False
2014-06-13,2014,6,13,8888.0,meteorological_log_domain,0.024380815291549708,,False
2014-06-14,2014,6,14,,,0.13823326237288075,cubic_spline_log,False
2014-06-15,2014,6,15,,,0.9161340320478532,cubic_spline_log,False
2014-06-16,2014,6,16,7.0,,7.0,,False
2014-06-17,2014,6,17,,,0.0543829251382612,monthly_smooth_log,False
2014-06-18,2014,6,18,,,5.183574463358577e-05,monthly_smooth_log,False
2014-06-19,2014,6,19,,,5.183574463361179e-05,monthly_smooth_log,False
2014-06-20,2014,6,20,,,5.183574463358577e-05,monthly_smooth_log,False
2014-06-21,2014,6,21,,,0.00046986621542712513,monthly_smooth_log,False
2014-06-22,2014,6,22,,,0.0006491356958084876,monthly_smooth_log,False
2014-06-23,2014,6,23,,,0.00046986621542712513,monthly_smooth_log,False
2014-06-24,2014,6,24,,,5.183574463358577e-05,monthly_smooth_log,False
2014-06-25,2014,6,25,,,7.279622890268324e-05,monthly_smooth_log,False
2014-06-26,2014,6,26,,,0.0003888615923822603,monthly_smooth_log,False
2014-06-27,2014,6,27,,,0.0002782036931259918,monthly_smooth_log,False
2014-06-28,2014,6,28,,,5.183574463358577e-05,monthly_smooth_log,False
2014-06-29,2014,6,29,,,0.02832982422528367,monthly_smooth_log,False
2014-06-30,2014,6,30,1.0,,1.0,,False
2014-07-01,2014,7,1,8888.0,meteorological_log_domain,0.47109558363163395,,False
2014-07-02,2014,7,2,,,1.3085888963758323,cubic_spline_log,False
2014-07-03,2014,7,3,,,13.305728569815642,cubic_spline_log,False
2014-07-04,2014,7,4,23.0,,23.0,,False
2014-07-05,2014,7,5,2.0,,1.9999999999999998,,False
2014-07-06,2014,7,6,8888.0,meteorological_log_domain,0.7906240406955388,,False
2014-07-07,2014,7,7,1.0,,1.0,,False
2014-07-08,2014,7,8,,,0.02578309862893452,monthly_smooth_log,False
2014-07-09,2014,7,9,,,5.183574463358577e-05,monthly_smooth_log,False
2014-07-10,2014,7,10,,,0.0006634129881387275,monthly_smooth_log,False
2014-07-11,2014,7,11,,,0.00010441135924164555,monthly_smooth_log,False
2014-07-12,2014,7,12,,,0.000271734852972853,monthly_smooth_log,False
2014-07-13,2014,7,13,,,0.0006249014356703546,monthly_smooth_log,False
2014-07-14,2014,7,14,,,5.183574463358577e-05,monthly_smooth_log,False
2014-07-15,2014,7,15,,,0.018958987605499966,monthly_smooth_log,False
2014-07-16,2014,7,16,8888.0,meteorological_log_domain,0.5278611135655034,,False
2014-07-17,2014,7,17,,,0.025930163093696383,monthly_smooth_log,False
2014-07-18,2014,7,18,,,5.183574463358577e-05,monthly_smooth_log,False
2014-07-19,2014,7,19,,,5.183574463361179e-05,monthly_smooth_log,False
2014-07-20,2014,7,20,,,5.183574463361179e-05,monthly_smooth_log,False
2014-07-21,2014,7,21,,,5.183574463358577e-05,monthly_smooth_log,False
2014-07-22,2014,7,22,,,0.0004303946760118825,monthly_smooth_log,False
2014-07-23,2014,7,23,,,0.00019692948411206314,monthly_smooth_log,False
2014-07-24,2014,7,24,,,5.183574463358577e-05,monthly_smooth_log,False
2014-07-25,2014,7,25,,,0.0504569566918806,monthly_smooth_log,False
2014-07-26,2014,7,26,6.0,,6.0,,False
2014-07-27,2014,7,27,20.0,,19.999999999999996,,False
2014-07-28,2014,7,28,,,0.06961316558578047,monthly_smooth_log,False
2014-07-29,2014,7,29,,,5.183574463358577e-05,monthly_smooth_log,False
2014-07-30,2014,7,30,,,0.0007459439938674386,monthly_smooth_log,False
2014-07-31,2014,7,31,,,5.183574463358577e-05,monthly_smooth_log,False
2014-08-01,2014,8,1,,,0.039005014676413687,monthly_smooth_log,False
2014-08-02,2014,8,2,8888.0,meteorological_log_domain,2.4220349723048185,,False
2014-08-03,2014,8,3,,,0.6003525123518557,cubic_spline_log,False
2014-08-04,2014,8,4,8888.0,meteorological_log_domain,0.022181954874457156,,False
2014-08-05,2014,8,5,,,0.06773641683133604,cubic_spline_log,False
2014-08-06,2014,8,6,8888.0,meteorological_log_domain,0.8055221256577967,,False
2014-08-07,2014,8,7,8888.0,meteorological_log_domain,2.216432259917724,,False
2014-08-08,2014,8,8,8888.0,meteorological_log_domain,9.648789353979057,,False
2014-08-09,2014,8,9,,,20.37487475392971,cubic_spline_log,False
2014-08-10,2014,8,10,,,16.49738384675717,cubic_spline_log,False
2014-08-11,2014,8,11,7.0,,7.0,,False
2014-08-12,2014,8,12,8888.0,meteorological_log_domain,3.856082885716955,,False
2014-08-13,2014,8,13,11.0,,10.999999999999998,,False
2014-08-14,2014,8,14,,,3.48787264164581,cubic_spline_log,False
2014-08-15,2014,8,15,,,0.5227528719002231,cubic_spline_log,False
2014-08-16,2014,8,16,1.0,,1.0,,False
2014-08-17,2014,8,17,29.0,,29.000000000000004,,True
2014-08-18,2014,8,18,8888.0,meteorological_log_domain,6.632975974803479,,False
2014-08-19,2014,8,19,4.0,,4.0,,False
2014-08-20,2014,8,20,37.0,,37.0,,True
2014-08-21,2014,8,21,,,12.667178534564597,cubic_spline_log,False
2014-08-22,2014,8,22,8888.0,meteorological_log_domain,4.7273903480438575,,False
2014-08-23,2014,8,23,41.0,,41.0,,True
2014-08-24,2014,8,24,19.0,,19.0,,False
2014-08-25,2014,8,25,19.0,,19.0,,False
2014-08-26,2014,8,26,16.0,,16.000000000000004,,False
2014-08-27,2014,8,27,22.0,,22.0,,False
2014-08-28,2014,8,28,8.0,,8.0,,False
2014-08-29,2014,8,29,,,2.3130878305835045,cubic_spline_log,False
2014-08-30,2014,8,30,,,0.9584227102968871,cubic_spline_log,False
2014-08-31,2014,8,31,,,0.6818632949992816,cubic_spline_log,False
2014-09-01,2014,9,1,1.0,,1.0,,False
2014-09-02,2014,9,2,,,2.897435296684189,cubic_spline_log,False
2014-09-03,2014,9,3,8888.0,meteorological_log_domain,6.434799009353844,,False
2014-09-04,2014,9,4,,,4.92992234752606,cubic_spline_log,False
2014-09-05,2014,9,5,8888.0,meteorological_log_domain,2.653672209672758,,False
2014-09-06,2014,9,6,,,2.3634086712051814,cubic_spline_log,False
2014-09-07,2014,9,7,,,3.019294093034898,cubic_spline_log,False
2014-09-08,2014,9,8,,,3.728104612260667,cubic_spline_log,False
2014-09-09,2014,9,9,3.0,,3.0,,False
2014-09-10,2014,9,10,8888.0,meteorological_log_domain,2.8837541546507865,,False
2014-09-11,2014,9,11,14.0,,14.000000000000002,,False
2014-09-12,2014,9,12,1.0,,1.0,,False
2014-09-13,2014,9,13,,,0.4181551941377768,cubic_spline_log,False
2014-09-14,2014,9,14,2.0,,1.9999999999999998,,False
2014-09-15,2014,9,15,8888.0,meteorological_log_domain,10.284059303259491,,False
2014-09-16,2014,9,16,8888.0,meteorological_log_domain,4.577333625525943,,False
2014-09-17,2014,9,17,,,4.508898239009331,cubic_spline_log,False
2014-09-18,2014,9,18,8888.0,meteorological_log_domain,8.547847536125486,,False
2014-09-19,2014,9,19,,,9.930182972655004,cubic_spline_log,False
2014-09-20,2014,9,20,8.0,,8.0,,False
2014-09-21,2014,9,21,8888.0,meteorological_log_domain,6.071889716770366,,False
2014-09-22,2014,9,22,8888.0,meteorological_log_domain,4.672507916916147,,False
2014-09-23,2014,9,23,5.0,,5.0,,False
2014-09-24,2014,9,24,2.0,,1.9999999999999998,,False
2014-09-25,2014,9,25,4.0,,4.0,,False
2014-09-26,2014,9,26,51.0,,50.99999999999999,,True
2014-09-27,2014,9,27,,,96.26129535089096,cubic_spline_log,True
2014-09-28,2014,9,28,,,36.53196970982806,cubic_spline_log,True
2014-09-29,2014,9,29,14.0,,14.000000000000002,,False
2014-09-30,2014,9,30,,,0.329907680550212,monthly_smooth_log,False
2014-10-01,2014,10,1,,,0.2548393689484524,monthly_smooth_log,False
2014-10-02,2014,10,2,,,1.1168304331466024,monthly_smooth_log,False
2014-10-03,2014,10,3,,,2.305454180089235,monthly_smooth_log,False
2014-10-04,2014,10,4,17.0,,16.999999999999996,,False
2014-10-05,2014,10,5,1.0,,1.0,,False
2014-10-06,2014,10,6,8888.0,meteorological_log_domain,4.211383519437731,,False
2014-10-07,2014,10,7,13.0,,13.000000000000002,,False
2014-10-08,2014,10,8,,,20.448298424320384,cubic_spline_log,False
2014-10-09,2014,10,9,16.0,,16.000000000000004,,False
2014-10-10,2014,10,10,8888.0,meteorological_log_domain,6.499694960620399,,False
2014-10-11,2014,10,11,8888.0,meteorological_log_domain,7.4509494023634995,,False
2014-10-12,2014,10,12,7.0,,7.0,,False
2014-10-13,2014,10,13,2.0,,1.9999999999999998,,False
2014-10-14,2014,10,14,8888.0,meteorological_log_domain,2.8054623468328055,,False
2014-10-15,2014,10,15,,,2.501494854825808,cubic_spline_log,False
2014-10-16,2014,10,16,8888.0,meteorological_log_domain,2.077773211839215,,False
2014-10-17,2014,10,17,,,4.17994588416568,cubic_spline_log,False
2014-10-18,2014,10,18,7.0,,7.0,,False
2014-10-19,2014,10,19,6.0,,6.0,,False
2014-10-20,2014,10,20,13.0,,13.000000000000002,,False
2014-10-21,2014,10,21,2.0,,1.9999999999999998,,False
2014-10-22,2014,10,22,,,0.9888866365663328,cubic_spline_log,False
2014-10-23,2014,10,23,,,2.5281091703131047,cubic_spline_log,False
2014-10-24,2014,10,24,8888.0,meteorological_log_domain,11.292570730700673,,False
2014-10-25,2014,10,25,,,35.929867007382235,cubic_spline_log,True
2014-10-26,2014,10,26,,,67.50146087476092,cubic_spline_log,True
2014-10-27,2014,10,27,74.0,,73.99999999999999,,True
2014-10-28,2014,10,28,,,49.69885382771751,cubic_spline_log,True
2014-10-29,2014,10,29,,,25.615824400726236,cubic_spline_log,True
2014-10-30,2014,10,30,,,13.251321932764801,cubic_spline_log,False
2014-10-31,2014,10,31,9.0,,8.999999999999998,,False
2014-11-01,2014,11,1,12.0,,12.0,,False
2014-11-02,2014,11,2,,,37.459655894989915,cubic_spline_log,True
2014-11-03,2014,11,3,17.0,,16.999999999999996,,False
2014-11-04,2014,11,4,1.0,,1.0,,False
2014-11-05,2014,11,5,19.0,,19.0,,False
2014-11-06,2014,11,6,,,21.251462605109705,cubic_spline_log,False
2014-11-07,2014,11,7,,,2.040453281963916,cubic_spline_log,False
2014-11-08,2014,11,8,1.0,,1.0,,False
2014-11-09,2014,11,9,7.0,,7.0,,False
2014-11-10,2014,11,10,8888.0,meteorological_log_domain,2.1626651278745492,,False
2014-11-11,2014,11,11,30.0,,29.999999999999993,,True
2014-11-12,2014,11,12,8888.0,meteorological_log_domain,8.175872002090161,,False
2014-11-13,2014,11,13,,,2.2755981985664535,cubic_spline_log,False
2014-11-14,2014,11,14,3.0,,3.0,,False
2014-11-15,2014,11,15,,,11.404071439738969,cubic_spline_log,False
2014-11-16,2014,11,16,37.0,,37.0,,True
2014-11-17,2014,11,17,15.0,,14.999999999999998,,False
2014-11-18,2014,11,18,1.0,,1.0,,False
2014-11-19,2014,11,19,42.0,,42.0,,True
2014-11-20,2014,11,20,8888.0,meteorological_log_domain,2.805777023959589,,False
2014-11-21,2014,11,21,7.0,,7.0,,False
2014-11-22,2014,11,22,2.0,,1.9999999999999998,,False
2014-11-23,2014,11,23,8888.0,meteorological_log_domain,2.9534368974988547,,False
2014-11-24,2014,11,24,,,5.8917468173533765,cubic_spline_log,False
2014-11-25,2014,11,25,,,7.242021371557961,cubic_spline_log,False
2014-11-26,2014,11,26,,,5.708716710280582,cubic_spline_log,False
2014-11-27,2014,11,27,3.0,,3.0,,False
2014-11-28,2014,11,28,,,1.4084394692499598,cubic_spline_log,False
2014-11-29,2014,11,29,8888.0,meteorological_log_domain,2.2229231847897544,,False
2014-11-30,2014,11,30,8888.0,meteorological_log_domain,2.7724922294099215,,False
2014-12-01,2014,12,1,0.0,,5.183574463358577e-05,,False
2014-12-02,2014,12,2,,,0.32151409015669746,cubic_spline_log,False
2014-12-03,2014,12,3,16.8,,16.800000000000004,,False
2014-12-04,2014,12,4,0.2,,0.19999999999999998,,False
2014-12-05,2014,12,5,1.0,,1.0,,False
2014-12-06,2014,12,6,1.7,,1.7,,False
2014-12-07,2014,12,7,8888.0,meteorological_log_domain,5.442370311860012,,False
2014-12-08,2014,12,8,23.0,,23.0,,False
2014-12-09,2014,12,9,8888.0,meteorological_log_domain,1.713772463702087,,False
2014-12-10,2014,12,10,,,1.1953201021226068,monthly_smooth_log,False
2014-12-11,2014,12,11,,,1.4103005092742713,monthly_smooth_log,False
2014-12-12,2014,12,12,,,1.5799456936217409,monthly_smooth_log,False
2014-12-13,2014,12,13,,,2.3861947527823553,monthly_smooth_log,False
2014-12-14,2014,12,14,,,2.9705442844307703,monthly_smooth_log,False
2014-12-15,2014,12,15,3.0,,3.0,,False
2014-12-16,2014,12,16,2.0,,1.9999999999999998,,False
2014-12-17,2014,12,17,31.0,,31.000000000000004,,True
2014-12-18,2014,12,18,12.0,,12.0,,False
2014-12-19,2014,12,19,27.0,,27.000000000000004,,True
2014-12-20,2014,12,20,8888.0,meteorological_log_domain,8.052207101454961,,False
2014-12-21,2014,12,21,10.0,,9.999999999999998,,False
2014-12-22,2014,12,22,116.0,,115.99999999999997,,True
2014-12-23,2014,12,23,49.0,,49.00000000000001,,True
2014-12-24,2014,12,24,130.0,,130.0,,True
2014-12-25,2014,12,25,49.0,,49.00000000000001,,True
2014-12-26,2014,12,26,86.9,,86.89999999999999,,True
2014-12-27,2014,12,27,6.0,,6.0,,False
2014-12-28,2014,12,28,0.0,,5.183574463358577e-05,,False
2014-12-29,2014,12,29,6.5,,6.500000000000001,,False
2014-12-30,2014,12,30,0.2,,0.19999999999999998,,False
2014-12-31,2014,12,31,8888.0,meteorological_log_domain,1.8870178451332964,,False
2015-01-01,2015,1,1,1.5,,1.5,,False
2015-01-02,2015,1,2,8888.0,meteorological_log_domain,0.412787349591392,,False
2015-01-03,2015,1,3,8888.0,meteorological_log_domain,4.126803731970296,,False
2015-01-04,2015,1,4,0.0,,5.183574463358577e-05,,False
2015-01-05,2015,1,5,0.0,,5.183574463358577e-05,,False
2015-01-06,2015,1,6,,,0.2335242100076216,cubic_spline_log,False
2015-01-07,2015,1,7,5.7,,5.7,,False
2015-01-08,2015,1,8,24.7,,24.699999999999996,,False
2015-01-09,2015,1,9,7.6,,7.599999999999999,,False
2015-01-10,2015,1,10,,,2.820462933309054,cubic_spline_log,False
2015-01-11,2015,1,11,1.3,,1.3,,False
2015-01-12,2015,1,12,0.7,,0.7,,False
2015-01-13,2015,1,13,2.7,,2.7,,False
2015-01-14,2015,1,14,8888.0,meteorological_log_domain,4.292637083107829,,False
2015-01-15,2015,1,15,15.0,,14.999999999999998,,False
2015-01-16,2015,1,16,16.4,,16.399999999999995,,False
2015-01-17,2015,1,17,0.0,,5.183574463358577e-05,,False
2015-01-18,2015,1,18,0.0,,5.183574463358577e-05,,False
2015-01-19,2015,1,19,0.0,,5.183574463358577e-05,,False
2015-01-20,2015,1,20,0.0,,5.183574463358577e-05,,False
2015-01-21,2015,1,21,0.0,,5.183574463358577e-05,,False
2015-01-22,2015,1,22,0.0,,5.183574463358577e-05,,False
2015-01-23,2015,1,23,0.0,,5.183574463358577e-05,,False
2015-01-24,2015,1,24,0.0,,5.183574463358577e-05,,False
2015-01-25,2015,1,25,0.0,,5.183574463358577e-05,,False
2015-01-26,2015,1,26,,,0.0005414069861728373,cubic_spline_log,False
2015-01-27,2015,1,27,0.0,,5.183574463358577e-05,,False
2015-01-28,2015,1,28,0.0,,5.183574463358577e-05,,False
2015-01-29,2015,1,29,0.0,,5.183574463358577e-05,,False
2015-01-30,2015,1,30,0.0,,5.183574463358577e-05,,False
2015-01-31,2015,1,31,46.8,,46.800000000000004,,True
2015-02-01,2015,2,1,0.0,,5.183574463358577e-05,,False
2015-02-02,2015,2,2,8888.0,meteorological_log_domain,5.4283585981768425,,False
2015-02-03,2015,2,3,8888.0,meteorological_log_domain,3.4781053665556745,,False
2015-02-04,2015,2,4,0.0,,5.183574463358577e-05,,False
2015-02-05,2015,2,5,1.0,,1.0,,False
2015-02-06,2015,2,6,8888.0,meteorological_log_domain,3.4842662986955704,,False
2015-02-07,2015,2,7,0.0,,5.183574463358577e-05,,False
2015-02-08,2015,2,8,0.0,,5.183574463358577e-05,,False
2015-02-09,2015,2,9,8888.0,meteorological_log_domain,6.829241311007253,,False
2015-02-10,2015,2,10,,,1.1560824062233512,cubic_spline_log,False
2015-02-11,2015,2,11,0.0,,5.183574463358577e-05,,False
2015-02-12,2015,2,12,0.0,,5.183574463358577e-05,,False
2015-02-13,2015,2,13,0.0,,5.183574463358577e-05,,False
2015-02-14,2015,2,14,0.0,,5.183574463358577e-05,,False
2015-02-15,2015,2,15,0.0,,5.183574463358577e-05,,False
2015-02-16,2015,2,16,13.4,,13.399999999999997,,False
2015-02-17,2015,2,17,8888.0,meteorological_log_domain,8.610339093121866,,False
2015-02-18,2015,2,18,4.9,,4.9,,False
2015-02-19,2015,2,19,39.8,,39.8,,True
2015-02-20,2015,2,20,0.0,,5.183574463358577e-05,,False
2015-02-21,2015,2,21,0.0,,5.183574463358577e-05,,False
2015-02-22,2015,2,22,8888.0,meteorological_log_domain,6.531492838053527,,False
2015-02-23,2015,2,23,0.0,,5.183574463358577e-05,,False
2015-02-24,2015,2,24,0.0,,5.183574463358577e-05,,False
2015-02-25,2015,2,25,0.0,,5.183574463358577e-05,,False
2015-02-26,2015,2,26,0.0,,5.183574463358577e-05,,False
2015-02-27,2015,2,27,0.0,,5.183574463358577e-05,,False
2015-02-28,2015,2,28,0.0,,5.183574463358577e-05,,False
2015-03-01,2015,3,1,,,5.183574463358577e-05,cubic_spline_log,False
2015-03-02,2015,3,2,0.0,,5.183574463358577e-05,,False
2015-03-03,2015,3,3,,,0.00028134234121899616,cubic_spline_log,False
2015-03-04,2015,3,4,0.0,,5.183574463358577e-05,,False
2015-03-05,2015,3,5,0.0,,5.183574463358577e-05,,False
2015-03-06,2015,3,6,0.0,,5.183574463358577e-05,,False
2015-03-07,2015,3,7,0.0,,5.183574463358577e-05,,False
2015-03-08,2015,3,8,8888.0,meteorological_log_domain,7.720556630531519,,False
2015-03-09,2015,3,9,8888.0,meteorological_log_domain,7.767822603289619,,False
2015-03-10,2015,3,10,0.0,,5.183574463358577e-05,,False
2015-03-11,2015,3,11,0.0,,5.183574463358577e-05,,False
2015-03-12,2015,3,12,0.0,,5.183574463358577e-05,,False
2015-03-14,2015,3,14,0.0,,5.183574463358577e-05,,False
2015-03-15,2015,3,15,0.0,,5.183574463358577e-05,,False
2015-03-16,2015,3,16,,,5.183574463358577e-05,cubic_spline_log,False
2015-03-17,2015,3,17,0.0,,5.183574463358577e-05,,False
2015-03-18,2015,3,18,0.0,,5.183574463358577e-05,,False
2015-03-19,2015,3,19,0.0,,5.183574463358577e-05,,False
2015-03-20,2015,3,20,,,0.00022096672000644461,cubic_spline_log,False
2015-03-21,2015,3,21,,,0.0003753266873873923,cubic_spline_log,False
2015-03-22,2015,3,22,0.0,,5.183574463358577e-05,,False
2015-03-23,2015,3,23,0.0,,5.183574463358577e-05,,False
2015-03-24,2015,3,24,0.0,,5.183574463358577e-05,,False
2015-03-25,2015,3,25,0.0,,5.183574463358577e-05,,False
2015-03-26,2015,3,26,1.5,,1.5,,False
2015-03-27,2015,3,27,,,14.39152744361048,cubic_spline_log,False
2015-03-28,2015,3,28,,,6.914187064583956,cubic_spline_log,False
2015-03-29,2015,3,29,8888.0,meteorological_log_domain,2.78714333410312,,False
2015-03-30,2015,3,30,8888.0,meteorological_log_domain,1.0771387482380488,,False
2015-03-31,2015,3,31,0.0,,5.183574463358577e-05,,False
2015-04-01,2015,4,1,8888.0,meteorological_log_domain,0.8064466631668571,,False
2015-04-02,2015,4,2,8888.0,meteorological_log_domain,5.629471713492472,,False
2015-04-03,2015,4,3,0.0,,5.183574463358577e-05,,False
2015-04-04,2015,4,4,0.0,,5.183574463358577e-05,,False
2015-04-05,2015,4,5,0.0,,5.183574463358577e-05,,False
2015-04-06,2015,4,6,8888.0,meteorological_log_domain,5.087886819538702,,False
2015-04-07,2015,4,7,8888.0,meteorological_log_domain,1.785730344868157,,False
2015-04-08,2015,4,8,0.0,,5.183574463358577e-05,,False
2015-04-09,2015,4,9,0.0,,5.183574463358577e-05,,False
2015-04-10,2015,4,10,0.0,,5.183574463358577e-05,,False
2015-04-11,2015,4,11,,,0.040036786407499504,cubic_spline_log,False
2015-04-12,2015,4,12,1.0,,1.0,,False
2015-04-13,2015,4,13,3.4,,3.4,,False
2015-04-14,2015,4,14,0.1,,0.10000000000000002,,False
2015-04-15,2015,4,15,4.7,,4.7,,False
2015-04-16,2015,4,16,0.0,,5.183574463358577e-05,,False
2015-04-17,2015,4,17,0.0,,5.183574463358577e-05,,False
2015-04-18,2015,4,18,12.8,,12.800000000000002,,False
2015-04-19,2015,4,19,9.0,,8.999999999999998,,False
2015-04-20,2015,4,20,5.6,,5.6,,False
2015-04-21,2015,4,21,,,2.0501454106926844,cubic_spline_log,False
2015-04-22,2015,4,22,0.4,,0.4,,False
2015-04-23,2015,4,23,8888.0,meteorological_log_domain,0.4750360893846473,,False
2015-04-24,2015,4,24,10.0,,9.999999999999998,,False
2015-04-25,2015,4,25,0.0,,5.183574463358577e-05,,False
2015-04-26,2015,4,26,0.0,,5.183574463358577e-05,,False
2015-04-27,2015,4,27,0.0,,5.183574463358577e-05,,False
2015-04-28,2015,4,28,3.5,,3.4999999999999996,,False
2015-04-29,2015,4,29,0.0,,5.183574463358577e-05,,False
2015-04-30,2015,4,30,0.0,,5.183574463358577e-05,,False
2015-05-01,2015,5,1,5.3,,5.3,,False
2015-05-02,2015,5,2,0.0,,5.183574463358577e-05,,False
2015-05-03,2015,5,3,0.0,,5.183574463358577e-05,,False
2015-05-04,2015,5,4,0.0,,5.183574463358577e-05,,False
2015-05-05,2015,5,5,0.0,,5.183574463358577e-05,,False
2015-05-06,2015,5,6,0.0,,5.183574463358577e-05,,False
2015-05-07,2015,5,7,,,0.009261024956383904,cubic_spline_log,False
2015-05-08,2015,5,8,0.0,,5.183574463358577e-05,,False
2015-05-09,2015,5,9,0.0,,5.183574463358577e-05,,False
2015-05-10,2015,5,10,31.6,,31.599999999999994,,True
2015-05-11,2015,5,11,0.0,,5.183574463358577e-05,,False
2015-05-12,2015,5,12,0.0,,5.183574463358577e-05,,False
2015-05-13,2015,5,13,1.0,,1.0,,False
2015-05-14,2015,5,14,0.0,,5.183574463358577e-05,,False
2015-05-15,2015,5,15,2.4,,2.4,,False
2015-05-16,2015,5,16,0.0,,5.183574463358577e-05,,False
2015-05-17,2015,5,17,0.0,,5.183574463358577e-05,,False
2015-05-18,2015,5,18,0.0,,5.183574463358577e-05,,False
2015-05-19,2015,5,19,,,5.183574463358577e-05,cubic_spline_log,False
2015-05-20,2015,5,20,0.0,,5.183574463358577e-05,,False
2015-05-21,2015,5,21,0.0,,5.183574463358577e-05,,False
2015-05-22,2015,5,22,0.0,,5.183574463358577e-05,,False
2015-05-23,2015,5,23,8888.0,meteorological_log_domain,0.5466989428184102,,False
2015-05-24,2015,5,24,8888.0,meteorological_log_domain,0.029610535934560436,,False
2015-05-25,2015,5,25,5.0,,5.0,,False
2015-05-26,2015,5,26,0.0,,5.183574463358577e-05,,False
2015-05-27,2015,5,27,0.0,,5.183574463358577e-05,,False
2015-05-28,2015,5,28,0.0,,5.183574463358577e-05,,False
2015-05-29,2015,5,29,0.0,,5.183574463358577e-05,,False
2015-05-30,2015,5,30,0.0,,5.183574463358577e-05,,False
2015-05-31,2015,5,31,,,0.5230583989111479,cubic_spline_log,False
2015-06-01,2015,6,1,2.0,,1.9999999999999998,,False
2015-06-02,2015,6,2,0.0,,5.183574463358577e-05,,False
2015-06-03,2015,6,3,0.0,,5.183574463358577e-05,,False
2015-06-04,2015,6,4,0.0,,5.183574463358577e-05,,False
2015-06-05,2015,6,5,8.2,,8.200000000000001,,False
2015-06-06,2015,6,6,8888.0,meteorological_log_domain,7.645833833940119,,False
2015-06-07,2015,6,7,0.0,,5.183574463358577e-05,,False
2015-06-08,2015,6,8,0.0,,5.183574463358577e-05,,False
2015-06-09,2015,6,9,4.2,,4.2,,False
2015-06-10,2015,6,10,0.0,,5.183574463358577e-05,,False
2015-06-11,2015,6,11,0.0,,5.183574463358577e-05,,False
2015-06-12,2015,6,12,3.0,,3.0,,False
2015-06-13,2015,6,13,48.2,,48.20000000000001,,True
2015-06-14,2015,6,14,5.1,,5.1000000000000005,,False
2015-06-15,2015,6,15,7.1,,7.1,,False
2015-06-16,2015,6,16,13.9,,13.9,,False
2015-06-17,2015,6,17,1.3,,1.3,,False
2015-06-18,2015,6,18,0.0,,5.183574463358577e-05,,False
2015-06-19,2015,6,19,0.5,,0.5,,False
2015-06-20,2015,6,20,,,0.23798355413297217,cubic_spline_log,False
2015-06-21,2015,6,21,0.0,,5.183574463358577e-05,,False
2015-06-22,2015,6,22,0.0,,5.183574463358577e-05,,False
2015-06-23,2015,6,23,0.0,,5.183574463358577e-05,,False
2015-06-24,2015,6,24,0.0,,5.183574463358577e-05,,False
2015-06-25,2015,6,25,0.0,,5.183574463358577e-05,,False
2015-06-26,2015,6,26,0.0,,5.183574463358577e-05,,False
2015-06-27,2015,6,27,0.0,,5.183574463358577e-05,,False
2015-06-28,2015,6,28,0.0,,5.183574463358577e-05,,False
2015-06-29,2015,6,29,0.0,,5.183574463358577e-05,,False
2015-06-30,2015,6,30,8888.0,meteorological_log_domain,1.9204292760995794,,False
2015-07-01,2015,7,1,12.4,,12.399999999999999,,False
2015-07-02,2015,7,2,0.0,,5.183574463358577e-05,,False
2015-07-03,2015,7,3,0.0,,5.183574463358577e-05,,False
2015-07-04,2015,7,4,11.8,,11.799999999999999,,False
2015-07-05,2015,7,5,,,0.5770409918895525,cubic_spline_log,False
2015-07-06,2015,7,6,0.0,,5.183574463358577e-05,,False
2015-07-07,2015,7,7,1.0,,1.0,,False
2015-07-08,2015,7,8,0.8,,0.8,,False
2015-07-09,2015,7,9,0.0,,5.183574463358577e-05,,False
2015-07-10,2015,7,10,,,5.183574463358577e-05,cubic_spline_log,False
2015-07-11,2015,7,11,0.0,,5.183574463358577e-05,,False
2015-07-12,2015,7,12,,,5.183574463358577e-05,cubic_spline_log,False
2015-07-13,2015,7,13,0.0,,5.183574463358577e-05,,False
2015-07-14,2015,7,14,8888.0,meteorological_log_domain,4.755361452824954,,False
2015-07-15,2015,7,15,1.5,,1.5,,False
2015-07-16,2015,7,16,0.0,,5.183574463358577e-05,,False
2015-07-17,2015,7,17,0.0,,5.183574463358577e-05,,False
2015-07-18,2015,7,18,10.3,,10.300000000000002,,False
2015-07-19,2015,7,19,0.0,,5.183574463358577e-05,,False
2015-07-20,2015,7,20,,,0.0033230235597379258,cubic_spline_log,False
2015-07-21,2015,7,21,0.3,,0.3,,False
2015-07-22,2015,7,22,0.1,,0.10000000000000002,,False
2015-07-23,2015,7,23,18.8,,18.8,,False
2015-07-24,2015,7,24,0.0,,5.183574463358577e-05,,False
2015-07-25,2015,7,25,,,5.183574463358577e-05,cubic_spline_log,False
2015-07-26,2015,7,26,0.2,,0.19999999999999998,,False
2015-07-27,2015,7,27,8888.0,meteorological_log_domain,4.011909014948117,,False
2015-07-28,2015,7,28,0.0,,5.183574463358577e-05,,False
2015-07-29,2015,7,29,9.5,,9.5,,False
2015-07-30,2015,7,30,,,35.437426920869015,cubic_spline_log,True
2015-07-31,2015,7,31,5.1,,5.1000000000000005,,False
2015-08-01,2015,8,1,8888.0,meteorological_log_domain,4.441114246507567,,False
2015-08-02,2015,8,2,0.0,,5.183574463358577e-05,,False
2015-08-03,2015,8,3,9.7,,9.7,,False
2015-08-04,2015,8,4,,,0.41655755613477696,cubic_spline_log,False
2015-08-05,2015,8,5,0.0,,5.183574463358577e-05,,False
2015-08-06,2015,8,6,8888.0,meteorological_log_domain,2.981615476355685,,False
2015-08-07,2015,8,7,0.0,,5.183574463358577e-05,,False
2015-08-08,2015,8,8,0.0,,5.183574463358577e-05,,False
2015-08-09,2015,8,9,,,5.183574463358577e-05,cubic_spline_log,False
2015-08-10,2015,8,10,0.0,,5.183574463358577e-05,,False
2015-08-11,2015,8,11,24.2,,24.200000000000003,,False
2015-08-12,2015,8,12,0.5,,0.5,,False
2015-08-13,2015,8,13,8888.0,meteorological_log_domain,6.306126500091773,,False
2015-08-14,2015,8,14,0.4,,0.4,,False
2015-08-15,2015,8,15,0.4,,0.4,,False
2015-08-16,2015,8,16,28.8,,28.8,,True
2015-08-17,2015,8,17,2.5,,2.5,,False
2015-08-18,2015,8,18,0.0,,5.183574463358577e-05,,False
2015-08-19,2015,8,19,,,0.2720862573232489,cubic_spline_log,False
2015-08-20,2015,8,20,33.7,,33.70000000000001,,True
2015-08-21,2015,8,21,2.2,,2.2,,False
2015-08-22,2015,8,22,,,0.014454638127613944,cubic_spline_log,False
2015-08-23,2015,8,23,0.0,,5.183574463358577e-05,,False
2015-08-24,2015,8,24,8888.0,meteorological_log_domain,0.41062201706694085,,False
2015-08-25,2015,8,25,,,0.2626390086297004,cubic_spline_log,False
2015-08-26,2015,8,26,0.0,,5.183574463358577e-05,,False
2015-08-27,2015,8,27,0.0,,5.183574463358577e-05,,False
2015-08-28,2015,8,28,14.5,,14.5,,False
2015-08-29,2015,8,29,0.5,,0.5,,False
2015-08-30,2015,8,30,0.0,,5.183574463358577e-05,,False
2015-08-31,2015,8,31,0.1,,0.10000000000000002,,False
2015-09-01,2015,9,1,20.6,,20.599999999999998,,False
2015-09-02,2015,9,2,8888.0,meteorological_log_domain,0.512839228238591,,False
2015-09-03,2015,9,3,2.9,,2.9,,False
2015-09-04,2015,9,4,22.2,,22.2,,False
2015-09-05,2015,9,5,14.3,,14.300000000000002,,False
2015-09-06,2015,9,6,0.4,,0.4,,False
2015-09-07,2015,9,7,0.0,,5.183574463358577e-05,,False
2015-09-08,2015,9,8,5.8,,5.799999999999999,,False
2015-09-09,2015,9,9,14.6,,14.599999999999996,,False
2015-09-10,2015,9,10,7.3,,7.300000000000001,,False
2015-09-11,2015,9,11,8888.0,meteorological_log_domain,6.662711717991391,,False
2015-09-12,2015,9,12,32.5,,32.5,,True
2015-09-13,2015,9,13,0.0,,5.183574463358577e-05,,False
2015-09-14,2015,9,14,0.0,,5.183574463358577e-05,,False
2015-09-15,2015,9,15,0.0,,5.183574463358577e-05,,False
2015-09-16,2015,9,16,0.0,,5.183574463358577e-05,,False
2015-09-17,2015,9,17,0.0,,5.183574463358577e-05,,False
2015-09-18,2015,9,18,,,0.044368818284006274,cubic_spline_log,False
2015-09-19,2015,9,19,8888.0,meteorological_log_domain,0.08233762630129995,,False
2015-09-20,2015,9,20,0.0,,5.183574463358577e-05,,False
2015-09-21,2015,9,21,,,0.03639266226908078,cubic_spline_log,False
2015-09-22,2015,9,22,8888.0,meteorological_log_domain,1.9831156050345076,,False
2015-09-23,2015,9,23,17.4,,17.4,,False
2015-09-24,2015,9,24,13.5,,13.499999999999996,,False
2015-09-25,2015,9,25,,,30.022261106427113,cubic_spline_log,True
2015-09-26,2015,9,26,26.0,,25.999999999999996,,True
2015-09-27,2015,9,27,5.0,,5.0,,False
2015-09-28,2015,9,28,23.2,,23.199999999999996,,False
2015-09-29,2015,9,29,0.1,,0.10000000000000002,,False
2015-09-30,2015,9,30,1.1,,1.1,,False
2015-10-01,2015,10,1,0.0,,5.183574463358577e-05,,False
2015-10-02,2015,10,2,8888.0,meteorological_log_domain,3.9384288434948274,,False
2015-10-03,2015,10,3,0.0,,5.183574463358577e-05,,False
2015-10-04,2015,10,4,0.2,,0.19999999999999998,,False
2015-10-05,2015,10,5,0.0,,5.183574463358577e-05,,False
2015-10-06,2015,10,6,0.0,,5.183574463358577e-05,,False
2015-10-07,2015,10,7,14.0,,14.000000000000002,,False
2015-10-08,2015,10,8,6.0,,6.0,,False
2015-10-09,2015,10,9,12.8,,12.800000000000002,,False
2015-10-10,2015,10,10,8888.0,meteorological_log_domain,2.748374922362184,,False
2015-10-11,2015,10,11,0.2,,0.19999999999999998,,False
2015-10-12,2015,10,12,0.9,,0.9,,False
2015-10-13,2015,10,13,,,0.03198279202913578,cubic_spline_log,False
2015-10-14,2015,10,14,0.0,,5.183574463358577e-05,,False
2015-10-15,2015,10,15,2.3,,2.3,,False
2015-10-16,2015,10,16,8888.0,meteorological_log_domain,3.516501475159778,,False
2015-10-17,2015,10,17,8888.0,meteorological_log_domain,1.7647259830884103,,False
2015-10-18,2015,10,18,,,0.008208954331323135,cubic_spline_log,False
2015-10-19,2015,10,19,0.0,,5.183574463358577e-05,,False
2015-10-20,2015,10,20,3.9,,3.8999999999999995,,False
2015-10-21,2015,10,21,0.0,,5.183574463358577e-05,,False
2015-10-22,2015,10,22,0.3,,0.3,,False
2015-10-23,2015,10,23,25.8,,25.799999999999997,,True
2015-10-24,2015,10,24,0.0,,5.183574463358577e-05,,False
2015-10-25,2015,10,25,0.0,,5.183574463358577e-05,,False
2015-10-26,2015,10,26,0.5,,0.5,,False
2015-10-27,2015,10,27,15.3,,15.299999999999997,,False
2015-10-28,2015,10,28,0.2,,0.19999999999999998,,False
2015-10-29,2015,10,29,11.8,,11.799999999999999,,False
2015-10-30,2015,10,30,2.0,,1.9999999999999998,,False
2015-10-31,2015,10,31,0.5,,0.5,,False
2015-11-01,2015,11,1,8888.0,meteorological_log_domain,9.520318574723696,,False
2015-11-02,2015,11,2,,,39.45309304924904,cubic_spline_log,True
2015-11-03,2015,11,3,2.7,,2.7,,False
2015-11-04,2015,11,4,0.0,,5.183574463358577e-05,,False
2015-11-05,2015,11,5,0.0,,5.183574463358577e-05,,False
2015-11-06,2015,11,6,8888.0,meteorological_log_domain,3.072216476835913,,False
2015-11-07,2015,11,7,,,155.81968518421525,cubic_spline_log,True
2015-11-08,2015,11,8,8888.0,meteorological_log_domain,7.320011775989605,,False
2015-11-09,2015,11,9,0.0,,5.183574463358577e-05,,False
2015-11-10,2015,11,10,14.2,,14.2,,False
2015-11-11,2015,11,11,0.1,,0.10000000000000002,,False
2015-11-12,2015,11,12,,,5.183574463358577e-05,cubic_spline_log,False
2015-11-13,2015,11,13,0.0,,5.183574463358577e-05,,False
2015-11-14,2015,11,14,3.0,,3.0,,False
2015-11-15,2015,11,15,3.0,,3.0,,False
2015-11-16,2015,11,16,24.8,,24.8,,False
2015-11-17,2015,11,17,,,3.3113419579689114,cubic_spline_log,False
2015-11-18,2015,11,18,0.5,,0.5,,False
2015-11-19,2015,11,19,12.5,,12.5,,False
2015-11-20,2015,11,20,41.8,,41.79999999999999,,True
2015-11-21,2015,11,21,11.0,,10.999999999999998,,False
2015-11-22,2015,11,22,7.0,,7.0,,False
2015-11-23,2015,11,23,4.7,,4.7,,False
2015-11-24,2015,11,24,0.1,,0.10000000000000002,,False
2015-11-25,2015,11,25,181.7,,181.69999999999996,,True
2015-11-26,2015,11,26,8888.0,meteorological_log_domain,4.9352086717615125,,False
2015-11-27,2015,11,27,0.0,,5.183574463358577e-05,,False
2015-11-28,2015,11,28,,,0.015078264447173311,cubic_spline_log,False
2015-11-29,2015,11,29,8888.0,meteorological_log_domain,3.0049954966676333,,False
2015-11-30,2015,11,30,17.7,,17.700000000000003,,False
2015-12-01,2015,12,1,0.2,,0.19999999999999998,,False
2015-12-02,2015,12,2,7.6,,7.599999999999999,,False
2015-12-03,2015,12,3,8888.0,meteorological_log_domain,2.979004962561758,,False
2015-12-04,2015,12,4,,,1.7536577337318502,cubic_spline_log,False
2015-12-05,2015,12,5,5.0,,5.0,,False
2015-12-06,2015,12,6,14.9,,14.9,,False
2015-12-07,2015,12,7,18.0,,17.999999999999996,,False
2015-12-08,2015,12,8,1.6,,1.6,,False
2015-12-09,2015,12,9,0.0,,5.183574463358577e-05,,False
2015-12-10,2015,12,10,,,0.042632551164644435,cubic_spline_log,False
2015-12-11,2015,12,11,8888.0,meteorological_log_domain,4.334651829779438,,False
2015-12-12,2015,12,12,14.7,,14.700000000000001,,False
2015-12-13,2015,12,13,11.0,,10.999999999999998,,False
2015-12-14,2015,12,14,2.1,,2.1,,False
2015-12-15,2015,12,15,4.2,,4.2,,False
2015-12-16,2015,12,16,,,0.2952899663005102,cubic_spline_log,False
2015-12-17,2015,12,17,,,5.183574463358577e-05,cubic_spline_log,False
2015-12-18,2015,12,18,0.0,,5.183574463358577e-05,,False
2015-12-19,2015,12,19,8888.0,meteorological_log_domain,3.521810987768268,,False
2015-12-20,2015,12,20,,,27.695001808990174,cubic_spline_log,True
2015-12-21,2015,12,21,8888.0,meteorological_log_domain,3.3587242833354,,False
2015-12-22,2015,12,22,,,0.10013668763016467,cubic_spline_log,False
2015-12-23,2015,12,23,0.0,,5.183574463358577e-05,,False
2015-12-24,2015,12,24,0.0,,5.183574463358577e-05,,False
2015-12-25,2015,12,25,0.0,,5.183574463358577e-05,,False
2015-12-26,2015,12,26,0.0,,5.183574463358577e-05,,False
2015-12-27,2015,12,27,36.7,,36.70000000000001,,True
2015-12-28,2015,12,28,2.5,,2.5,,False
2015-12-29,2015,12,29,15.0,,14.999999999999998,,False
2015-12-30,2015,12,30,0.5,,0.5,,False
2015-12-31,2015,12,31,,,2.779312915473069,cubic_spline_log,False
2016-01-01,2016,1,1,8888.0,meteorological_log_domain,2.5720448100430717,,False
2016-01-02,2016,1,2,0.0,,5.183574463358577e-05,,False
2016-01-03,2016,1,3,8.0,,8.0,,False
2016-01-04,2016,1,4,0.0,,5.183574463358577e-05,,False
2016-01-05,2016,1,5,0.0,,5.183574463358577e-05,,False
2016-01-06,2016,1,6,0.0,,5.183574463358577e-05,,False
2016-01-07,2016,1,7,0.0,,5.183574463358577e-05,,False
2016-01-08,2016,1,8,8888.0,meteorological_log_domain,5.626877501822874,,False
2016-01-09,2016,1,9,0.0,,5.183574463358577e-05,,False
2016-01-10,2016,1,10,0.0,,5.183574463358577e-05,,False
2016-01-11,2016,1,11,6.7,,6.7,,False
2016-01-12,2016,1,12,6.4,,6.4,,False
2016-01-13,2016,1,13,0.6,,0.6,,False
2016-01-14,2016,1,14,0.0,,5.183574463358577e-05,,False
2016-01-15,2016,1,15,0.0,,5.183574463358577e-05,,False
2016-01-16,2016,1,16,8888.0,meteorological_log_domain,5.371800197923079,,False
2016-01-17,2016,1,17,112.6,,112.59999999999998,,True
2016-01-18,2016,1,18,8888.0,meteorological_log_domain,8.648926062824415,,False
2016-01-19,2016,1,19,0.0,,5.183574463358577e-05,,False
2016-01-20,2016,1,20,,,5.183574463358577e-05,cubic_spline_log,False
2016-01-21,2016,1,21,,,5.183574463358577e-05,cubic_spline_log,False
2016-01-22,2016,1,22,0.0,,5.183574463358577e-05,,False
2016-01-23,2016,1,23,0.5,,0.5,,False
2016-01-24,2016,1,24,0.0,,5.183574463358577e-05,,False
2016-01-25,2016,1,25,0.0,,5.183574463358577e-05,,False
2016-01-26,2016,1,26,8888.0,meteorological_log_domain,7.211279409324461,,False
2016-01-27,2016,1,27,3.0,,3.0,,False
2016-01-28,2016,1,28,8.4,,8.399999999999999,,False
2016-01-29,2016,1,29,10.7,,10.7,,False
2016-01-30,2016,1,30,1.3,,1.3,,False
2016-01-31,2016,1,31,,,0.28277956664425896,monthly_smooth_log,False
2016-02-01,2016,2,1,,,0.024907354121513993,monthly_smooth_log,False
2016-02-02,2016,2,2,,,5.183574463358577e-05,monthly_smooth_log,False
2016-02-03,2016,2,3,,,0.03083752460210721,monthly_smooth_log,False
2016-02-04,2016,2,4,1.8,,1.8,,False
2016-02-05,2016,2,5,0.7,,0.7,,False
2016-02-06,2016,2,6,24.6,,24.599999999999998,,False
2016-02-07,2016,2,7,10.0,,9.999999999999998,,False
2016-02-08,2016,2,8,31.5,,31.500000000000004,,True
2016-02-09,2016,2,9,6.1,,6.1,,False
2016-02-10,2016,2,10,0.0,,5.183574463358577e-05,,False
2016-02-11,2016,2,11,0.0,,5.183574463358577e-05,,False
2016-02-12,2016,2,12,3.8,,3.7999999999999994,,False
2016-02-13,2016,2,13,13.2,,13.2,,False
2016-02-14,2016,2,14,0.0,,5.183574463358577e-05,,False
2016-02-15,2016,2,15,8888.0,meteorological_log_domain,5.723096671149931,,False
2016-02-16,2016,2,16,8888.0,meteorological_log_domain,0.12674727950401368,,False
2016-02-17,2016,2,17,0.0,,5.183574463358577e-05,,False
2016-02-18,2016,2,18,0.0,,5.183574463358577e-05,,False
2016-02-19,2016,2,19,0.0,,5.183574463358577e-05,,False
2016-02-20,2016,2,20,0.0,,5.183574463358577e-05,,False
2016-02-21,2016,2,21,3.5,,3.4999999999999996,,False
2016-02-22,2016,2,22,0.0,,5.183574463358577e-05,,False
2016-02-23,2016,2,23,0.0,,5.183574463358577e-05,,False
2016-02-24,2016,2,24,0.0,,5.183574463358577e-05,,False
2016-02-25,2016,2,25,0.0,,5.183574463358577e-05,,False
2016-02-26,2016,2,26,0.0,,5.183574463358577e-05,,False
2016-02-27,2016,2,27,0.0,,5.183574463358577e-05,,False
2016-02-28,2016,2,28,0.0,,5.183574463358577e-05,,False
2016-02-29,2016,2,29,1.4,,1.4,,False
2016-03-01,2016,3,1,8.5,,8.5,,False
2016-03-02,2016,3,2,0.0,,5.183574463358577e-05,,False
2016-03-03,2016,3,3,0.0,,5.183574463358577e-05,,False
2016-03-04,2016,3,4,0.0,,5.183574463358577e-05,,False
2016-03-05,2016,3,5,0.0,,5.183574463358577e-05,,False
2016-03-06,2016,3,6,0.0,,5.183574463358577e-05,,False
2016-03-07,2016,3,7,0.0,,5.183574463358577e-05,,False
2016-03-08,2016,3,8,,,5.183574463358577e-05,cubic_spline_log,False
2016-03-09,2016,3,9,0.0,,5.183574463358577e-05,,False
2016-03-10,2016,3,10,0.0,,5.183574463358577e-05,,False
2016-03-11,2016,3,11,0.0,,5.183574463358577e-05,,False
2016-03-12,2016,3,12,0.0,,5.183574463358577e-05,,False
2016-03-13,2016,3,13,0.0,,5.183574463358577e-05,,False
2016-03-14,2016,3,14,0.0,,5.183574463358577e-05,,False
2016-03-15,2016,3,15,0.0,,5.183574463358577e-05,,False
2016-03-16,2016,3,16,0.0,,5.183574463358577e-05,,False
2016-03-17,2016,3,17,0.0,,5.183574463358577e-05,,False
2016-03-18,2016,3,18,0.0,,5.183574463358577e-05,,False
2016-03-19,2016,3,19,0.0,,5.183574463358577e-05,,False
2016-03-20,2016,3,20,4.3,,4.3,,False
2016-03-21,2016,3,21,0.0,,5.183574463358577e-05,,False
2016-03-22,2016,3,22,0.0,,5.183574463358577e-05,,False
2016-03-23,2016,3,23,0.0,,5.183574463358577e-05,,False
2016-03-24,2016,3,24,0.0,,5.183574463358577e-05,,False
2016-03-25,2016,3,25,0.0,,5.183574463358577e-05,,False
2016-03-26,2016,3,26,0.0,,5.183574463358577e-05,,False
2016-03-27,2016,3,27,0.0,,5.183574463358577e-05,,False
2016-03-28,2016,3,28,0.0,,5.183574463358577e-05,,False
2016-03-29,2016,3,29,0.0,,5.183574463358577e-05,,False
2016-03-30,2016,3,30,0.0,,5.183574463358577e-05,,False
2016-03-31,2016,3,31,0.0,,5.183574463358577e-05,,False
2016-04-01,2016,4,1,0.0,,5.183574463358577e-05,,False
2016-04-02,2016,4,2,0.0,,5.183574463358577e-05,,False
2016-04-03,2016,4,3,8888.0,meteorological_log_domain,0.1277207786534824,,False
2016-04-04,2016,4,4,15.7,,15.700000000000001,,False
2016-04-05,2016,4,5,8888.0,meteorological_log_domain,0.025709624341938804,,False
2016-04-06,2016,4,6,3.8,,3.7999999999999994,,False
2016-04-07,2016,4,7,0.0,,5.183574463358577e-05,,False
2016-04-08,2016,4,8,0.0,,5.183574463358577e-05,,False
2016-04-09,2016,4,9,0.0,,5.183574463358577e-05,,False
2016-04-10,2016,4,10,0.0,,5.183574463358577e-05,,False
2016-04-11,2016,4,11,0.0,,5.183574463358577e-05,,False
2016-04-12,2016,4,12,0.0,,5.183574463358577e-05,,False
2016-04-13,2016,4,13,0.0,,5.183574463358577e-05,,False
2016-04-14,2016,4,14,0.0,,5.183574463358577e-05,,False
2016-04-15,2016,4,15,0.0,,5.183574463358577e-05,,False
2016-04-16,2016,4,16,0.0,,5.183574463358577e-05,,False
2016-04-17,2016,4,17,0.0,,5.183574463358577e-05,,False
2016-04-18,2016,4,18,10.5,,10.499999999999998,,False
2016-04-19,2016,4,19,0.0,,5.183574463358577e-05,,False
2016-04-20,2016,4,20,11.7,,11.7,,False
2016-04-21,2016,4,21,0.0,,5.183574463358577e-05,,False
2016-04-22,2016,4,22,0.0,,5.183574463358577e-05,,False
2016-04-23,2016,4,23,4.3,,4.3,,False
2016-04-24,2016,4,24,8888.0,meteorological_log_domain,0.0028720474648579915,,False
2016-04-25,2016,4,25,0.4,,0.4,,False
2016-04-26,2016,4,26,0.0,,5.183574463358577e-05,,False
2016-04-27,2016,4,27,0.0,,5.183574463358577e-05,,False
2016-04-28,2016,4,28,9.4,,9.4,,False
2016-04-29,2016,4,29,0.0,,5.183574463358577e-05,,False
2016-04-30,2016,4,30,0.0,,5.183574463358577e-05,,False
2016-05-01,2016,5,1,3.0,,3.0,,False
2016-05-02,2016,5,2,0.0,,5.183574463358577e-05,,False
2016-05-03,2016,5,3,0.0,,5.183574463358577e-05,,False
2016-05-04,2016,5,4,0.0,,5.183574463358577e-05,,False
2016-05-05,2016,5,5,0.0,,5.183574463358577e-05,,False
2016-05-06,2016,5,6,0.0,,5.183574463358577e-05,,False
2016-05-07,2016,5,7,0.0,,5.183574463358577e-05,,False
2016-05-08,2016,5,8,8.4,,8.399999999999999,,False
2016-05-09,2016,5,9,0.0,,5.183574463358577e-05,,False
2016-05-10,2016,5,10,1.5,,1.5,,False
2016-05-11,2016,5,11,0.0,,5.183574463358577e-05,,False
2016-05-12,2016,5,12,0.0,,5.183574463358577e-05,,False
2016-05-13,2016,5,13,0.7,,0.7,,False
2016-05-14,2016,5,14,0.0,,5.183574463358577e-05,,False
2016-05-15,2016,5,15,0.0,,5.183574463358577e-05,,False
2016-05-16,2016,5,16,12.7,,12.699999999999998,,False
2016-05-17,2016,5,17,0.0,,5.183574463358577e-05,,False
2016-05-18,2016,5,18,0.0,,5.183574463358577e-05,,False
2016-05-19,2016,5,19,0.0,,5.183574463358577e-05,,False
2016-05-20,2016,5,20,4.5,,4.500000000000001,,False
2016-05-21,2016,5,21,0.1,,0.10000000000000002,,False
2016-05-22,2016,5,22,0.0,,5.183574463358577e-05,,False
2016-05-23,2016,5,23,0.0,,5.183574463358577e-05,,False
2016-05-24,2016,5,24,0.0,,5.183574463358577e-05,,False
2016-05-25,2016,5,25,8888.0,meteorological_log_domain,0.0062049165217827485,,False
2016-05-26,2016,5,26,19.0,,19.0,,False
2016-05-27,2016,5,27,25.5,,25.5,,True
2016-05-28,2016,5,28,8888.0,meteorological_log_domain,4.413901212411017,,False
2016-05-29,2016,5,29,0.0,,5.183574463358577e-05,,False
2016-05-30,2016,5,30,1.7,,1.7,,False
2016-05-31,2016,5,31,1.4,,1.4,,False
2016-06-01,2016,6,1,0.0,,5.183574463358577e-05,,False
2016-06-02,2016,6,2,0.0,,5.183574463358577e-05,,False
2016-06-03,2016,6,3,2.3,,2.3,,False
2016-06-04,2016,6,4,,,0.9166729704810415,cubic_spline_log,False
2016-06-05,2016,6,5,0.0,,5.183574463358577e-05,,False
2016-06-06,2016,6,6,0.0,,5.183574463358577e-05,,False
2016-06-07,2016,6,7,8888.0,meteorological_log_domain,4.35305544254313,,False
2016-06-08,2016,6,8,0.0,,5.183574463358577e-05,,False
2016-06-09,2016,6,9,4.5,,4.500000000000001,,False
2016-06-10,2016,6,10,0.0,,5.183574463358577e-05,,False
2016-06-11,2016,6,11,6.1,,6.1,,False
2016-06-12,2016,6,12,0.2,,0.19999999999999998,,False
2016-06-13,2016,6,13,0.4,,0.4,,False
2016-06-14,2016,6,14,1.5,,1.5,,False
2016-06-15,2016,6,15,5.4,,5.4,,False
2016-06-16,2016,6,16,11.5,,11.500000000000002,,False
2016-06-17,2016,6,17,12.5,,12.5,,False
2016-06-18,2016,6,18,2.5,,2.5,,False
2016-06-19,2016,6,19,0.0,,5.183574463358577e-05,,False
2016-06-20,2016,6,20,54.3,,54.300000000000004,,True
2016-06-21,2016,6,21,0.0,,5.183574463358577e-05,,False
2016-06-22,2016,6,22,13.8,,13.799999999999999,,False
2016-06-23,2016,6,23,4.4,,4.4,,False
2016-06-24,2016,6,24,0.0,,5.183574463358577e-05,,False
2016-06-25,2016,6,25,0.0,,5.183574463358577e-05,,False
2016-06-26,2016,6,26,6.6,,6.599999999999999,,False
2016-06-27,2016,6,27,0.0,,5.183574463358577e-05,,False
2016-06-28,2016,6,28,0.0,,5.183574463358577e-05,,False
2016-06-29,2016,6,29,0.0,,5.183574463358577e-05,,False
2016-06-30,2016,6,30,8888.0,meteorological_log_domain,0.7491044355475238,,False
2016-07-01,2016,7,1,0.0,,5.183574463358577e-05,,False
2016-07-02,2016,7,2,0.0,,5.183574463358577e-05,,False
2016-07-03,2016,7,3,0.0,,5.183574463358577e-05,,False
2016-07-04,2016,7,4,0.0,,5.183574463358577e-05,,False
2016-07-05,2016,7,5,0.0,,5.183574463358577e-05,,False
2016-07-06,2016,7,6,0.0,,5.183574463358577e-05,,False
2016-07-07,2016,7,7,0.6,,0.6,,False
2016-07-08,2016,7,8,0.0,,5.183574463358577e-05,,False
2016-07-09,2016,7,9,0.0,,5.183574463358577e-05,,False
2016-07-10,2016,7,10,8888.0,meteorological_log_domain,0.4432911508658458,,False
2016-07-11,2016,7,11,0.0,,5.183574463358577e-05,,False
2016-07-12,2016,7,12,0.0,,5.183574463358577e-05,,False
2016-07-13,2016,7,13,8888.0,meteorological_log_domain,1.8910218058057648,,False
2016-07-14,2016,7,14,23.0,,23.0,,False
2016-07-15,2016,7,15,0.4,,0.4,,False
2016-07-16,2016,7,16,13.5,,13.499999999999996,,False
2016-07-17,2016,7,17,0.0,,5.183574463358577e-05,,False
2016-07-18,2016,7,18,0.8,,0.8,,False
2016-07-19,2016,7,19,21.6,,21.599999999999998,,False
2016-07-20,2016,7,20,0.0,,5.183574463358577e-05,,False
2016-07-21,2016,7,21,0.0,,5.183574463358577e-05,,False
2016-07-22,2016,7,22,4.8,,4.8,,False
2016-07-23,2016,7,23,1.7,,1.7,,False
2016-07-24,2016,7,24,10.2,,10.199999999999998,,False
2016-07-25,2016,7,25,4.8,,4.8,,False
2016-07-26,2016,7,26,8888.0,meteorological_log_domain,2.462915020494029,,False
2016-07-27,2016,7,27,0.2,,0.19999999999999998,,False
2016-07-28,2016,7,28,0.0,,5.183574463358577e-05,,False
2016-07-29,2016,7,29,0.0,,5.183574463358577e-05,,False
2016-07-30,2016,7,30,0.0,,5.183574463358577e-05,,False
2016-07-31,2016,7,31,0.0,,5.183574463358577e-05,,False
2016-08-01,2016,8,1,0.4,,0.4,,False
2016-08-02,2016,8,2,0.0,,5.183574463358577e-05,,False
2016-08-03,2016,8,3,0.0,,5.183574463358577e-05,,False
2016-08-04,2016,8,4,0.0,,5.183574463358577e-05,,False
2016-08-05,2016,8,5,0.0,,5.183574463358577e-05,,False
2016-08-06,2016,8,6,0.0,,5.183574463358577e-05,,False
2016-08-07,2016,8,7,0.0,,5.183574463358577e-05,,False
2016-08-08,2016,8,8,1.8,,1.8,,False
2016-08-09,2016,8,9,5.2,,5.2,,False
2016-08-10,2016,8,10,0.0,,5.183574463358577e-05,,False
2016-08-11,2016,8,11,1.5,,1.5,,False
2016-08-12,2016,8,12,0.0,,5.183574463358577e-05,,False
2016-08-13,2016,8,13,0.0,,5.183574463358577e-05,,False
2016-08-14,2016,8,14,0.0,,5.183574463358577e-05,,False
2016-08-15,2016,8,15,0.0,,5.183574463358577e-05,,False
2016-08-16,2016,8,16,0.0,,5.183574463358577e-05,,False
2016-08-17,2016,8,17,0.0,,5.183574463358577e-05,,False
2016-08-18,2016,8,18,0.0,,5.183574463358577e-05,,False
2016-08-19,2016,8,19,0.0,,5.183574463358577e-05,,False
2016-08-20,2016,8,20,0.0,,5.183574463358577e-05,,False
2016-08-21,2016,8,21,0.0,,5.183574463358577e-05,,False
2016-08-22,2016,8,22,0.0,,5.183574463358577e-05,,False
2016-08-23,2016,8,23,0.0,,5.183574463358577e-05,,False
2016-08-24,2016,8,24,0.7,,0.7,,False
2016-08-25,2016,8,25,0.0,,5.183574463358577e-05,,False
2016-08-26,2016,8,26,0.0,,5.183574463358577e-05,,False
2016-08-27,2016,8,27,0.0,,5.183574463358577e-05,,False
2016-08-28,2016,8,28,0.0,,5.183574463358577e-05,,False
2016-08-29,2016,8,29,0.3,,0.3,,False
2016-08-30,2016,8,30,2.8,,2.8,,False
2016-08-31,2016,8,31,9.6,,9.600000000000001,,False
2016-09-01,2016,9,1,1.2,,1.2,,False
2016-09-02,2016,9,2,0.0,,5.183574463358577e-05,,False
2016-09-03,2016,9,3,8888.0,meteorological_log_domain,1.5179354342839755,,False
2016-09-04,2016,9,4,0.0,,5.183574463358577e-05,,False
2016-09-05,2016,9,5,0.0,,5.183574463358577e-05,,False
2016-09-06,2016,9,6,19.5,,19.5,,False
2016-09-07,2016,9,7,4.3,,4.3,,False
2016-09-08,2016,9,8,0.0,,5.183574463358577e-05,,False
2016-09-09,2016,9,9,8.7,,8.699999999999998,,False
2016-09-10,2016,9,10,8888.0,meteorological_log_domain,3.9621615040541736,,False
2016-09-11,2016,9,11,0.0,,5.183574463358577e-05,,False
2016-09-12,2016,9,12,0.0,,5.183574463358577e-05,,False
2016-09-13,2016,9,13,0.0,,5.183574463358577e-05,,False
2016-09-14,2016,9,14,0.0,,5.183574463358577e-05,,False
2016-09-15,2016,9,15,0.0,,5.183574463358577e-05,,False
2016-09-16,2016,9,16,4.8,,4.8,,False
2016-09-17,2016,9,17,0.0,,5.183574463358577e-05,,False
2016-09-18,2016,9,18,8888.0,meteorological_log_domain,0.8128559705287149,,False
2016-09-19,2016,9,19,0.0,,5.183574463358577e-05,,False
2016-09-20,2016,9,20,0.3,,0.3,,False
2016-09-21,2016,9,21,0.0,,5.183574463358577e-05,,False
2016-09-22,2016,9,22,0.0,,5.183574463358577e-05,,False
2016-09-23,2016,9,23,0.0,,5.183574463358577e-05,,False
2016-09-24,2016,9,24,0.0,,5.183574463358577e-05,,False
2016-09-25,2016,9,25,0.0,,5.183574463358577e-05,,False
2016-09-26,2016,9,26,0.0,,5.183574463358577e-05,,False
2016-09-27,2016,9,27,0.0,,5.183574463358577e-05,,False
2016-09-28,2016,9,28,0.0,,5.183574463358577e-05,,False
2016-09-29,2016,9,29,0.0,,5.183574463358577e-05,,False
2016-09-30,2016,9,30,0.0,,5.183574463358577e-05,,False
2016-10-01,2016,10,1,0.0,,5.183574463358577e-05,,False
2016-10-02,2016,10,2,0.0,,5.183574463358577e-05,,False
2016-10-03,2016,10,3,0.0,,5.183574463358577e-05,,False
2016-10-04,2016,10,4,0.0,,5.183574463358577e-05,,False
2016-10-05,2016,10,5,0.0,,5.183574463358577e-05,,False
2016-10-06,2016,10,6,0.5,,0.5,,False
2016-10-07,2016,10,7,1.7,,1.7,,False
2016-10-08,2016,10,8,8888.0,meteorological_log_domain,3.396263564989273,,False
2016-10-09,2016,10,9,8888.0,meteorological_log_domain,0.9786717955998921,,False
2016-10-10,2016,10,10,0.0,,5.183574463358577e-05,,False
2016-10-11,2016,10,11,0.0,,5.183574463358577e-05,,False
2016-10-12,2016,10,12,0.0,,5.183574463358577e-05,,False
2016-10-13,2016,10,13,0.0,,5.183574463358577e-05,,False
2016-10-14,2016,10,14,7.7,,7.700000000000001,,False
2016-10-15,2016,10,15,8888.0,meteorological_log_domain,3.4805066459349057,,False
2016-10-16,2016,10,16,8888.0,meteorological_log_domain,6.899855393502461,,False
2016-10-17,2016,10,17,8888.0,meteorological_log_domain,0.06097097102591736,,False
2016-10-18,2016,10,18,3.3,,3.3000000000000003,,False
2016-10-19,2016,10,19,2.2,,2.2,,False
2016-10-20,2016,10,20,8888.0,meteorological_log_domain,0.0075349016015802805,,False
2016-10-21,2016,10,21,1.1,,1.1,,False
2016-10-22,2016,10,22,0.0,,5.183574463358577e-05,,False
2016-10-23,2016,10,23,8888.0,meteorological_log_domain,3.4404511425026016,,False
2016-10-24,2016,10,24,0.6,,0.6,,False
2016-10-25,2016,10,25,0.0,,5.183574463358577e-05,,False
2016-10-26,2016,10,26,1.1,,1.1,,False
2016-10-27,2016,10,27,8888.0,meteorological_log_domain,0.11062590687641223,,False
2016-10-28,2016,10,28,4.2,,4.2,,False
2016-10-29,2016,10,29,0.2,,0.19999999999999998,,False
2016-10-30,2016,10,30,4.7,,4.7,,False
2016-10-31,2016,10,31,6.5,,6.500000000000001,,False
2016-11-01,2016,11,1,11.7,,11.7,,False
2016-11-02,2016,11,2,8888.0,meteorological_log_domain,2.8996353811821436,,False
2016-11-03,2016,11,3,68.9,,68.90000000000002,,True
2016-11-04,2016,11,4,13.0,,13.000000000000002,,False
2016-11-05,2016,11,5,8888.0,meteorological_log_domain,4.146712127537477,,False
2016-11-06,2016,11,6,0.0,,5.183574463358577e-05,,False
2016-11-07,2016,11,7,8888.0,meteorological_log_domain,11.243978345300091,,False
2016-11-08,2016,11,8,21.7,,21.699999999999996,,False
2016-11-09,2016,11,9,2.4,,2.4,,False
2016-11-10,2016,11,10,8888.0,meteorological_log_domain,7.068393646108095,,False
2016-11-11,2016,11,11,0.0,,5.183574463358577e-05,,False
2016-11-12,2016,11,12,0.0,,5.183574463358577e-05,,False
2016-11-13,2016,11,13,8.2,,8.200000000000001,,False
2016-11-14,2016,11,14,0.6,,0.6,,False
2016-11-15,2016,11,15,8888.0,meteorological_log_domain,7.633195490910823,,False
2016-11-16,2016,11,16,9.5,,9.5,,False
2016-11-17,2016,11,17,0.5,,0.5,,False
2016-11-18,2016,11,18,0.0,,5.183574463358577e-05,,False
2016-11-19,2016,11,19,0.0,,5.183574463358577e-05,,False
2016-11-20,2016,11,20,8888.0,meteorological_log_domain,12.454706822431271,,False
2016-11-21,2016,11,21,5.4,,5.4,,False
2016-11-22,2016,11,22,9.8,,9.799999999999999,,False
2016-11-23,2016,11,23,12.4,,12.399999999999999,,False
2016-11-24,2016,11,24,8888.0,meteorological_log_domain,6.476204021580565,,False
2016-11-25,2016,11,25,8888.0,meteorological_log_domain,3.747689752369908,,False
2016-11-26,2016,11,26,0.0,,5.183574463358577e-05,,False
2016-11-27,2016,11,27,9.9,,9.899999999999999,,False
2016-11-28,2016,11,28,0.0,,5.183574463358577e-05,,False
2016-11-29,2016,11,29,0.3,,0.3,,False
2016-11-30,2016,11,30,21.7,,21.699999999999996,,False
2016-12-01,2016,12,1,7.5,,7.500000000000001,,False
2016-12-02,2016,12,2,13.6,,13.6,,False
2016-12-03,2016,12,3,21.2,,21.200000000000003,,False
2016-12-04,2016,12,4,57.5,,57.5,,True
2016-12-05,2016,12,5,42.0,,42.0,,True
2016-12-06,2016,12,6,8888.0,meteorological_log_domain,11.209766875313141,,False
2016-12-07,2016,12,7,5.6,,5.6,,False
2016-12-08,2016,12,8,8888.0,meteorological_log_domain,6.473228903427077,,False
2016-12-09,2016,12,9,0.0,,5.183574463358577e-05,,False
2016-12-10,2016,12,10,0.4,,0.4,,False
2016-12-11,2016,12,11,14.3,,14.300000000000002,,False
2016-12-12,2016,12,12,0.3,,0.3,,False
2016-12-13,2016,12,13,0.0,,5.183574463358577e-05,,False
2016-12-14,2016,12,14,0.2,,0.19999999999999998,,False
2016-12-15,2016,12,15,10.2,,10.199999999999998,,False
2016-12-16,2016,12,16,0.0,,5.183574463358577e-05,,False
2016-12-17,2016,12,17,0.0,,5.183574463358577e-05,,False
2016-12-18,2016,12,18,3.6,,3.6000000000000005,,False
2016-12-19,2016,12,19,12.5,,12.5,,False
2016-12-20,2016,12,20,0.2,,0.19999999999999998,,False
2016-12-21,2016,12,21,4.0,,4.0,,False
2016-12-22,2016,12,22,2.2,,2.2,,False
2016-12-23,2016,12,23,0.2,,0.19999999999999998,,False
2016-12-24,2016,12,24,0.5,,0.5,,False
2016-12-25,2016,12,25,0.1,,0.10000000000000002,,False
2016-12-26,2016,12,26,0.0,,5.183574463358577e-05,,False
2016-12-27,2016,12,27,0.0,,5.183574463358577e-05,,False
2016-12-28,2016,12,28,0.0,,5.183574463358577e-05,,False
2016-12-29,2016,12,29,0.0,,5.183574463358577e-05,,False
2016-12-30,2016,12,30,0.0,,5.183574463358577e-05,,False
2016-12-31,2016,12,31,0.0,,5.183574463358577e-05,,False
2017-01-01,2017,1,1,0.2,,0.19999999999999998,,False
2017-01-02,2017,1,2,35.5,,35.49999999999999,,True
2017-01-03,2017,1,3,8.0,,8.0,,False
2017-01-04,2017,1,4,19.5,,19.5,,False
2017-01-05,2017,1,5,2.1,,2.1,,False
2017-01-06,2017,1,6,9.3,,9.3,,False
2017-01-07,2017,1,7,1.6,,1.6,,False
2017-01-08,2017,1,8,1.4,,1.4,,False
2017-01-09,2017,1,9,14.4,,14.400000000000004,,False
2017-01-10,2017,1,10,0.0,,5.183574463358577e-05,,False
2017-01-11,2017,1,11,0.0,,5.183574463358577e-05,,False
2017-01-12,2017,1,12,8888.0,meteorological_log_domain,1.5386931040864045,,False
2017-01-13,2017,1,13,8888.0,meteorological_log_domain,3.6434699418552197,,False
2017-01-14,2017,1,14,0.0,,5.183574463358577e-05,,False
2017-01-15,2017,1,15,0.0,,5.183574463358577e-05,,False
2017-01-16,2017,1,16,8888.0,meteorological_log_domain,2.0456344996423215,,False
2017-01-17,2017,1,17,13.0,,13.000000000000002,,False
2017-01-18,2017,1,18,0.0,,5.183574463358577e-05,,False
2017-01-19,2017,1,19,0.0,,5.183574463358577e-05,,False
2017-01-20,2017,1,20,3.0,,3.0,,False
2017-01-21,2017,1,21,0.2,,0.19999999999999998,,False
2017-01-22,2017,1,22,0.5,,0.5,,False
2017-01-23,2017,1,23,0.7,,0.7,,False
2017-01-24,2017,1,24,84.8,,84.80000000000003,,True
2017-01-25,2017,1,25,1.8,,1.8,,False
2017-01-26,2017,1,26,17.1,,17.100000000000005,,False
2017-01-27,2017,1,27,0.0,,5.183574463358577e-05,,False
2017-01-28,2017,1,28,0.1,,0.10000000000000002,,False
2017-01-29,2017,1,29,8888.0,meteorological_log_domain,2.153606595620047,,False
2017-01-30,2017,1,30,0.0,,5.183574463358577e-05,,False
2017-01-31,2017,1,31,0.0,,5.183574463358577e-05,,False
2017-02-01,2017,2,1,8888.0,meteorological_log_domain,7.509525261416278,,False
2017-02-02,2017,2,2,8888.0,meteorological_log_domain,2.9627482908808416,,False
2017-02-03,2017,2,3,8888.0,meteorological_log_domain,2.5320594607522704,,False
2017-02-04,2017,2,4,1.8,,1.8,,False
2017-02-05,2017,2,5,,,0.5874047368360876,cubic_spline_log,False
2017-02-06,2017,2,6,1.0,,1.0,,False
2017-02-07,2017,2,7,4.8,,4.8,,False
2017-02-08,2017,2,8,8888.0,meteorological_log_domain,0.09487272237671955,,False
2017-02-09,2017,2,9,1.1,,1.1,,False
2017-02-10,2017,2,10,0.0,,5.183574463358577e-05,,False
2017-02-11,2017,2,11,0.0,,5.183574463358577e-05,,False
2017-02-12,2017,2,12,6.6,,6.599999999999999,,False
2017-02-13,2017,2,13,13.2,,13.2,,False
2017-02-14,2017,2,14,23.3,,23.300000000000004,,False
2017-02-15,2017,2,15,4.1,,4.1,,False
2017-02-16,2017,2,16,0.0,,5.183574463358577e-05,,False
2017-02-17,2017,2,17,8888.0,meteorological_log_domain,9.487514969075706,,False
2017-02-18,2017,2,18,0.0,,5.183574463358577e-05,,False
2017-02-19,2017,2,19,0.0,,5.183574463358577e-05,,False
2017-02-20,2017,2,20,8888.0,meteorological_log_domain,0.1483305440470842,,False
2017-02-21,2017,2,21,3.5,,3.4999999999999996,,False
2017-02-22,2017,2,22,0.0,,5.183574463358577e-05,,False
2017-02-23,2017,2,23,0.0,,5.183574463358577e-05,,False
2017-02-24,2017,2,24,37.3,,37.3,,True
2017-02-25,2017,2,25,0.0,,5.183574463358577e-05,,False
2017-02-26,2017,2,26,3.7,,3.7000000000000006,,False
2017-02-27,2017,2,27,2.4,,2.4,,False
2017-02-28,2017,2,28,7.7,,7.700000000000001,,False
2017-03-01,2017,3,1,8.5,,8.5,,False
2017-03-02,2017,3,2,1.0,,1.0,,False
2017-03-03,2017,3,3,4.7,,4.7,,False
2017-03-04,2017,3,4,2.0,,1.9999999999999998,,False
2017-03-05,2017,3,5,0.0,,5.183574463358577e-05,,False
2017-03-06,2017,3,6,0.0,,5.183574463358577e-05,,False
2017-03-07,2017,3,7,0.0,,5.183574463358577e-05,,False
2017-03-08,2017,3,8,0.0,,5.183574463358577e-05,,False
2017-03-09,2017,3,9,0.0,,5.183574463358577e-05,,False
2017-03-10,2017,3,10,0.0,,5.183574463358577e-05,,False
2017-03-11,2017,3,11,0.0,,5.183574463358577e-05,,False
2017-03-12,2017,3,12,0.0,,5.183574463358577e-05,,False
2017-03-13,2017,3,13,0.0,,5.183574463358577e-05,,False
2017-03-14,2017,3,14,0.0,,5.183574463358577e-05,,False
2017-03-15,2017,3,15,0.0,,5.183574463358577e-05,,False
2017-03-16,2017,3,16,0.0,,5.183574463358577e-05,,False
2017-03-17,2017,3,17,5.0,,5.0,,False
2017-03-18,2017,3,18,0.0,,5.183574463358577e-05,,False
2017-03-19,2017,3,19,0.0,,5.183574463358577e-05,,False
2017-03-20,2017,3,20,4.3,,4.3,,False
2017-03-21,2017,3,21,22.1,,22.1,,False
2017-03-22,2017,3,22,8888.0,meteorological_log_domain,8.60473270280833,,False
2017-03-23,2017,3,23,0.0,,5.183574463358577e-05,,False
2017-03-24,2017,3,24,0.0,,5.183574463358577e-05,,False
2017-03-25,2017,3,25,25.7,,25.7,,True
2017-03-26,2017,3,26,0.0,,5.183574463358577e-05,,False
2017-03-27,2017,3,27,4.0,,4.0,,False
2017-03-28,2017,3,28,8.4,,8.399999999999999,,False
2017-03-29,2017,3,29,1.5,,1.5,,False
2017-03-30,2017,3,30,5.5,,5.5,,False
2017-03-31,2017,3,31,0.0,,5.183574463358577e-05,,False
2017-04-01,2017,4,1,0.0,,5.183574463358577e-05,,False
2017-04-02,2017,4,2,14.1,,14.1,,False
2017-04-03,2017,4,3,8888.0,meteorological_log_domain,9.877241023177477,,False
2017-04-04,2017,4,4,10.5,,10.499999999999998,,False
2017-04-05,2017,4,5,0.0,,5.183574463358577e-05,,False
2017-04-06,2017,4,6,4.7,,4.7,,False
2017-04-07,2017,4,7,0.0,,5.183574463358577e-05,,False
2017-04-08,2017,4,8,1.0,,1.0,,False
2017-04-09,2017,4,9,8888.0,meteorological_log_domain,3.068502388588607,,False
2017-04-10,2017,4,10,0.0,,5.183574463358577e-05,,False
2017-04-11,2017,4,11,0.0,,5.183574463358577e-05,,False
2017-04-12,2017,4,12,0.0,,5.183574463358577e-05,,False
2017-04-13,2017,4,13,7.2,,7.2,,False
2017-04-14,2017,4,14,5.5,,5.5,,False
2017-04-15,2017,4,15,0.0,,5.183574463358577e-05,,False
2017-04-16,2017,4,16,0.0,,5.183574463358577e-05,,False
2017-04-17,2017,4,17,0.0,,5.183574463358577e-05,,False
2017-04-18,2017,4,18,6.5,,6.500000000000001,,False
2017-04-19,2017,4,19,8888.0,meteorological_log_domain,2.2113577831721436,,False
2017-04-20,2017,4,20,11.7,,11.7,,False
2017-04-21,2017,4,21,4.0,,4.0,,False
2017-04-22,2017,4,22,0.0,,5.183574463358577e-05,,False
2017-04-23,2017,4,23,0.0,,5.183574463358577e-05,,False
2017-04-24,2017,4,24,0.0,,5.183574463358577e-05,,False
2017-04-25,2017,4,25,0.0,,5.183574463358577e-05,,False
2017-04-26,2017,4,26,5.3,,5.3,,False
2017-04-27,2017,4,27,0.9,,0.9,,False
2017-04-28,2017,4,28,0.0,,5.183574463358577e-05,,False
2017-04-29,2017,4,29,0.2,,0.19999999999999998,,False
2017-04-30,2017,4,30,8888.0,meteorological_log_domain,1.7634214285928813,,False
2017-05-01,2017,5,1,8888.0,meteorological_log_domain,1.8506850310138616,,False
2017-05-02,2017,5,2,4.2,,4.2,,False
2017-05-03,2017,5,3,0.0,,5.183574463358577e-05,,False
2017-05-04,2017,5,4,0.5,,0.5,,False
2017-05-05,2017,5,5,0.0,,5.183574463358577e-05,,False
2017-05-06,2017,5,6,0.0,,5.183574463358577e-05,,False
2017-05-07,2017,5,7,0.0,,5.183574463358577e-05,,False
2017-05-08,2017,5,8,0.0,,5.183574463358577e-05,,False
2017-05-09,2017,5,9,0.0,,5.183574463358577e-05,,False
2017-05-10,2017,5,10,0.4,,0.4,,False
2017-05-11,2017,5,11,0.4,,0.4,,False
2017-05-12,2017,5,12,1.0,,1.0,,False
2017-05-13,2017,5,13,2.3,,2.3,,False
2017-05-14,2017,5,14,0.0,,5.183574463358577e-05,,False
2017-05-15,2017,5,15,2.1,,2.1,,False
2017-05-16,2017,5,16,0.0,,5.183574463358577e-05,,False
2017-05-17,2017,5,17,0.0,,5.183574463358577e-05,,False
2017-05-18,2017,5,18,30.1,,30.1,,True
2017-05-19,2017,5,19,2.4,,2.4,,False
2017-05-20,2017,5,20,58.8,,58.800000000000004,,True
2017-05-21,2017,5,21,8.0,,8.0,,False
2017-05-22,2017,5,22,15.3,,15.299999999999997,,False
2017-05-23,2017,5,23,0.1,,0.10000000000000002,,False
2017-05-24,2017,5,24,14.5,,14.5,,False
2017-05-25,2017,5,25,7.5,,7.500000000000001,,False
2017-05-26,2017,5,26,1.7,,1.7,,False
2017-05-27,2017,5,27,0.0,,5.183574463358577e-05,,False
2017-05-28,2017,5,28,0.0,,5.183574463358577e-05,,False
2017-05-29,2017,5,29,0.0,,5.183574463358577e-05,,False
2017-05-30,2017,5,30,0.0,,5.183574463358577e-05,,False
2017-05-31,2017,5,31,1.0,,1.0,,False
2017-06-01,2017,6,1,0.6,,0.6,,False
2017-06-02,2017,6,2,0.0,,5.183574463358577e-05,,False
2017-06-03,2017,6,3,2.3,,2.3,,False
2017-06-04,2017,6,4,74.1,,74.09999999999998,,True
2017-06-05,2017,6,5,8888.0,meteorological_log_domain,0.35441300199851966,,False
2017-06-06,2017,6,6,0.0,,5.183574463358577e-05,,False
2017-06-07,2017,6,7,0.0,,5.183574463358577e-05,,False
2017-06-08,2017,6,8,0.0,,5.183574463358577e-05,,False
2017-06-09,2017,6,9,24.6,,24.599999999999998,,False
2017-06-10,2017,6,10,0.0,,5.183574463358577e-05,,False
2017-06-11,2017,6,11,8888.0,meteorological_log_domain,0.044392954437936775,,False
2017-06-12,2017,6,12,0.0,,5.183574463358577e-05,,False
2017-06-13,2017,6,13,8888.0,meteorological_log_domain,0.27311536173759726,,False
2017-06-14,2017,6,14,0.2,,0.19999999999999998,,False
2017-06-15,2017,6,15,8888.0,meteorological_log_domain,9.464631481317369,,False
2017-06-16,2017,6,16,0.0,,5.183574463358577e-05,,False
2017-06-17,2017,6,17,0.0,,5.183574463358577e-05,,False
2017-06-18,2017,6,18,8888.0,meteorological_log_domain,0.015443531997411138,,False
2017-06-19,2017,6,19,8888.0,meteorological_log_domain,0.2745283620684993,,False
2017-06-20,2017,6,20,0.0,,5.183574463358577e-05,,False
2017-06-21,2017,6,21,0.0,,5.183574463358577e-05,,False
2017-06-22,2017,6,22,0.0,,5.183574463358577e-05,,False
2017-06-23,2017,6,23,7.0,,7.0,,False
2017-06-24,2017,6,24,0.0,,5.183574463358577e-05,,False
2017-06-25,2017,6,25,0.9,,0.9,,False
2017-06-26,2017,6,26,0.0,,5.183574463358577e-05,,False
2017-06-27,2017,6,27,0.5,,0.5,,False
2017-06-28,2017,6,28,0.0,,5.183574463358577e-05,,False
2017-06-29,2017,6,29,8.6,,8.599999999999998,,False
2017-06-30,2017,6,30,6.0,,6.0,,False
2017-07-01,2017,7,1,0.0,,5.183574463358577e-05,,False
2017-07-02,2017,7,2,0.5,,0.5,,False
2017-07-03,2017,7,3,0.0,,5.183574463358577e-05,,False
2017-07-04,2017,7,4,0.0,,5.183574463358577e-05,,False
2017-07-05,2017,7,5,0.1,,0.10000000000000002,,False
2017-07-06,2017,7,6,0.0,,5.183574463358577e-05,,False
2017-07-07,2017,7,7,18.4,,18.399999999999995,,False
2017-07-08,2017,7,8,17.2,,17.2,,False
2017-07-09,2017,7,9,0.0,,5.183574463358577e-05,,False
2017-07-10,2017,7,10,0.5,,0.5,,False
2017-07-11,2017,7,11,7.8,,7.800000000000002,,False
2017-07-12,2017,7,12,0.0,,5.183574463358577e-05,,False
2017-07-13,2017,7,13,0.4,,0.4,,False
2017-07-14,2017,7,14,12.0,,12.0,,False
2017-07-15,2017,7,15,0.0,,5.183574463358577e-05,,False
2017-07-16,2017,7,16,0.0,,5.183574463358577e-05,,False
2017-07-17,2017,7,17,0.0,,5.183574463358577e-05,,False
2017-07-18,2017,7,18,0.0,,5.183574463358577e-05,,False
2017-07-19,2017,7,19,0.0,,5.183574463358577e-05,,False
2017-07-20,2017,7,20,0.0,,5.183574463358577e-05,,False
2017-07-21,2017,7,21,0.0,,5.183574463358577e-05,,False
2017-07-22,2017,7,22,0.0,,5.183574463358577e-05,,False
2017-07-23,2017,7,23,0.0,,5.183574463358577e-05,,False
2017-07-24,2017,7,24,0.0,,5.183574463358577e-05,,False
2017-07-25,2017,7,25,0.0,,5.183574463358577e-05,,False
2017-07-26,2017,7,26,0.0,,5.183574463358577e-05,,False
2017-07-27,2017,7,27,0.0,,5.183574463358577e-05,,False
2017-07-28,2017,7,28,0.0,,5.183574463358577e-05,,False
2017-07-29,2017,7,29,0.0,,5.183574463358577e-05,,False
2017-07-30,2017,7,30,0.0,,5.183574463358577e-05,,False
2017-07-31,2017,7,31,0.0,,5.183574463358577e-05,,False
2017-08-01,2017,8,1,8888.0,meteorological_log_domain,0.11760098169665055,,False
2017-08-02,2017,8,2,8888.0,meteorological_log_domain,0.16710060924216805,,False
2017-08-03,2017,8,3,0.0,,5.183574463358577e-05,,False
2017-08-04,2017,8,4,10.4,,10.4,,False
2017-08-05,2017,8,5,4.6,,4.6,,False
2017-08-06,2017,8,6,31.0,,31.000000000000004,,True
2017-08-07,2017,8,7,0.0,,5.183574463358577e-05,,False
2017-08-08,2017,8,8,13.2,,13.2,,False
2017-08-09,2017,8,9,0.2,,0.19999999999999998,,False
2017-08-10,2017,8,10,0.0,,5.183574463358577e-05,,False
2017-08-11,2017,8,11,1.4,,1.4,,False
2017-08-12,2017,8,12,0.4,,0.4,,False
2017-08-13,2017,8,13,1.7,,1.7,,False
2017-08-14,2017,8,14,8888.0,meteorological_log_domain,2.835080792381559,,False
2017-08-15,2017,8,15,12.4,,12.399999999999999,,False
2017-08-16,2017,8,16,8888.0,meteorological_log_domain,3.737198358413287,,False
2017-08-17,2017,8,17,,,0.10967723389711828,cubic_spline_log,False
2017-08-18,2017,8,18,0.0,,5.183574463358577e-05,,False
2017-08-19,2017,8,19,0.0,,5.183574463358577e-05,,False
2017-08-20,2017,8,20,0.0,,5.183574463358577e-05,,False
2017-08-21,2017,8,21,0.5,,0.5,,False
2017-08-22,2017,8,22,0.0,,5.183574463358577e-05,,False
2017-08-23,2017,8,23,0.0,,5.183574463358577e-05,,False
2017-08-24,2017,8,24,0.0,,5.183574463358577e-05,,False
2017-08-25,2017,8,25,0.0,,5.183574463358577e-05,,False
2017-08-26,2017,8,26,0.0,,5.183574463358577e-05,,False
2017-08-27,2017,8,27,4.2,,4.2,,False
2017-08-28,2017,8,28,66.3,,66.3,,True
2017-08-29,2017,8,29,8888.0,meteorological_log_domain,8.482104851378603,,False
2017-08-30,2017,8,30,3.8,,3.7999999999999994,,False
2017-08-31,2017,8,31,0.0,,5.183574463358577e-05,,False
2017-09-01,2017,9,1,0.0,,5.183574463358577e-05,,False
2017-09-02,2017,9,2,7.5,,7.500000000000001,,False
2017-09-03,2017,9,3,3.3,,3.3000000000000003,,False
2017-09-04,2017,9,4,0.0,,5.183574463358577e-05,,False
2017-09-05,2017,9,5,0.0,,5.183574463358577e-05,,False
2017-09-06,2017,9,6,0.9,,0.9,,False
2017-09-07,2017,9,7,4.0,,4.0,,False
2017-09-08,2017,9,8,0.0,,5.183574463358577e-05,,False
2017-09-09,2017,9,9,0.0,,5.183574463358577e-05,,False
2017-09-10,2017,9,10,3.8,,3.7999999999999994,,False
2017-09-11,2017,9,11,5.3,,5.3,,False
2017-09-12,2017,9,12,0.8,,0.8,,False
2017-09-13,2017,9,13,37.0,,37.0,,True
2017-09-14,2017,9,14,0.0,,5.183574463358577e-05,,False
2017-09-15,2017,9,15,8888.0,meteorological_log_domain,0.018393520017877238,,False
2017-09-16,2017,9,16,8.5,,8.5,,False
2017-09-17,2017,9,17,0.0,,5.183574463358577e-05,,False
2017-09-18,2017,9,18,0.0,,5.183574463358577e-05,,False
2017-09-19,2017,9,19,9.3,,9.3,,False
2017-09-20,2017,9,20,8888.0,meteorological_log_domain,0.005993755791931973,,False
2017-09-21,2017,9,21,0.0,,5.183574463358577e-05,,False
2017-09-22,2017,9,22,8888.0,meteorological_log_domain,4.163698929435833,,False
2017-09-23,2017,9,23,0.0,,5.183574463358577e-05,,False
2017-09-24,2017,9,24,0.0,,5.183574463358577e-05,,False
2017-09-25,2017,9,25,0.0,,5.183574463358577e-05,,False
2017-09-26,2017,9,26,0.9,,0.9,,False
2017-09-27,2017,9,27,0.0,,5.183574463358577e-05,,False
2017-09-28,2017,9,28,0.0,,5.183574463358577e-05,,False
2017-09-29,2017,9,29,4.0,,4.0,,False
2017-09-30,2017,9,30,19.6,,19.599999999999998,,False
2017-10-01,2017,10,1,0.0,,5.183574463358577e-05,,False
2017-10-02,2017,10,2,0.3,,0.3,,False
2017-10-03,2017,10,3,0.0,,5.183574463358577e-05,,False
2017-10-04,2017,10,4,0.0,,5.183574463358577e-05,,False
2017-10-05,2017,10,5,0.5,,0.5,,False
2017-10-06,2017,10,6,0.0,,5.183574463358577e-05,,False
2017-10-07,2017,10,7,0.0,,5.183574463358577e-05,,False
2017-10-08,2017,10,8,20.0,,19.999999999999996,,False
2017-10-09,2017,10,9,0.1,,0.10000000000000002,,False
2017-10-10,2017,10,10,0.0,,5.183574463358577e-05,,False
2017-10-11,2017,10,11,6.1,,6.1,,False
2017-10-12,2017,10,12,0.5,,0.5,,False
2017-10-13,2017,10,13,0.0,,5.183574463358577e-05,,False
2017-10-14,2017,10,14,5.5,,5.5,,False
2017-10-15,2017,10,15,0.0,,5.183574463358577e-05,,False
2017-10-16,2017,10,16,0.0,,5.183574463358577e-05,,False
2017-10-17,2017,10,17,0.0,,5.183574463358577e-05,,False
2017-10-18,2017,10,18,0.0,,5.183574463358577e-05,,False
2017-10-19,2017,10,19,0.0,,5.183574463358577e-05,,False
2017-10-20,2017,10,20,0.0,,5.183574463358577e-05,,False
2017-10-21,2017,10,21,0.0,,5.183574463358577e-05,,False
2017-10-22,2017,10,22,0.0,,5.183574463358577e-05,,False
2017-10-23,2017,10,23,8888.0,meteorological_log_domain,5.123600271371804,,False
2017-10-24,2017,10,24,0.0,,5.183574463358577e-05,,False
2017-10-25,2017,10,25,14.9,,14.9,,False
2017-10-26,2017,10,26,8888.0,meteorological_log_domain,13.515394421096214,,False
2017-10-27,2017,10,27,124.2,,124.19999999999996,,True
2017-10-28,2017,10,28,4.2,,4.2,,False
2017-10-29,2017,10,29,8888.0,meteorological_log_domain,4.749749758169929,,False
2017-10-30,2017,10,30,0.0,,5.183574463358577e-05,,False
2017-10-31,2017,10,31,0.8,,0.8,,False
2017-11-01,2017,11,1,0.0,,5.183574463358577e-05,,False
2017-11-02,2017,11,2,1.8,,1.8,,False
2017-11-03,2017,11,3,0.0,,5.183574463358577e-05,,False
2017-11-04,2017,11,4,0.3,,0.3,,False
2017-11-05,2017,11,5,8.0,,8.0,,False
2017-11-06,2017,11,6,0.0,,5.183574463358577e-05,,False
2017-11-07,2017,11,7,16.0,,16.000000000000004,,False
2017-11-08,2017,11,8,6.2,,6.2,,False
2017-11-09,2017,11,9,14.3,,14.300000000000002,,False
2017-11-10,2017,11,10,13.5,,13.499999999999996,,False
2017-11-11,2017,11,11,8888.0,meteorological_log_domain,2.311912988628162,,False
2017-11-12,2017,11,12,1.7,,1.7,,False
2017-11-13,2017,11,13,0.0,,5.183574463358577e-05,,False
2017-11-14,2017,11,14,2.5,,2.5,,False
2017-11-15,2017,11,15,8888.0,meteorological_log_domain,0.011699101543871682,,False
2017-11-16,2017,11,16,8888.0,meteorological_log_domain,0.09411367099483993,,False
2017-11-17,2017,11,17,0.0,,5.183574463358577e-05,,False
2017-11-18,2017,11,18,0.0,,5.183574463358577e-05,,False
2017-11-19,2017,11,19,0.0,,5.183574463358577e-05,,False
2017-11-20,2017,11,20,0.0,,5.183574463358577e-05,,False
2017-11-21,2017,11,21,0.0,,5.183574463358577e-05,,False
2017-11-22,2017,11,22,9.8,,9.799999999999999,,False
2017-11-23,2017,11,23,12.4,,12.399999999999999,,False
2017-11-24,2017,11,24,0.7,,0.7,,False
2017-11-25,2017,11,25,8888.0,meteorological_log_domain,6.023791533319929,,False
2017-11-26,2017,11,26,16.0,,16.000000000000004,,False
2017-11-27,2017,11,27,24.1,,24.099999999999998,,False
2017-11-28,2017,11,28,20.0,,19.999999999999996,,False
2017-11-29,2017,11,29,10.5,,10.499999999999998,,False
2017-11-30,2017,11,30,21.7,,21.699999999999996,,False
2017-12-01,2017,12,1,65.4,,65.39999999999998,,True
2017-12-02,2017,12,2,80.5,,80.49999999999999,,True
2017-12-03,2017,12,3,25.8,,25.799999999999997,,True
2017-12-04,2017,12,4,5.7,,5.7,,False
2017-12-05,2017,12,5,2.6,,2.6,,False
2017-12-06,2017,12,6,0.2,,0.19999999999999998,,False
2017-12-07,2017,12,7,0.4,,0.4,,False
2017-12-08,2017,12,8,2.6,,2.6,,False
2017-12-09,2017,12,9,0.3,,0.3,,False
2017-12-10,2017,12,10,0.0,,5.183574463358577e-05,,False
2017-12-11,2017,12,11,0.0,,5.183574463358577e-05,,False
2017-12-12,2017,12,12,3.0,,3.0,,False
2017-12-13,2017,12,13,0.0,,5.183574463358577e-05,,False
2017-12-14,2017,12,14,,,5.183574463358577e-05,cubic_spline_log,False
2017-12-15,2017,12,15,0.0,,5.183574463358577e-05,,False
2017-12-16,2017,12,16,0.1,,0.10000000000000002,,False
2017-12-17,2017,12,17,8888.0,meteorological_log_domain,2.870579718806776,,False
2017-12-18,2017,12,18,0.0,,5.183574463358577e-05,,False
2017-12-19,2017,12,19,62.3,,62.299999999999976,,True
2017-12-20,2017,12,20,13.0,,13.000000000000002,,False
2017-12-21,2017,12,21,7.5,,7.500000000000001,,False
2017-12-22,2017,12,22,8.3,,8.299999999999999,,False
2017-12-23,2017,12,23,8888.0,meteorological_log_domain,8.439334244469148,,False
2017-12-24,2017,12,24,34.2,,34.2,,True
2017-12-25,2017,12,25,13.9,,13.9,,False
2017-12-26,2017,12,26,8888.0,meteorological_log_domain,4.023748690261823,,False
2017-12-27,2017,12,27,0.0,,5.183574463358577e-05,,False
2017-12-28,2017,12,28,0.0,,5.183574463358577e-05,,False
2017-12-29,2017,12,29,0.0,,5.183574463358577e-05,,False
2017-12-30,2017,12,30,13.6,,13.6,,False
2017-12-31,2017,12,31,14.6,,14.599999999999996,,False
2018-01-01,2018,1,1,19.0,,19.0,,False
2018-01-02,2018,1,2,8.0,,8.0,,False
2018-01-03,2018,1,3,,,1.435075459118237,monthly_smooth_log,False
2018-01-04,2018,1,4,,,0.7226010134324342,monthly_smooth_log,False
2018-01-05,2018,1,5,,,0.8255428235572907,monthly_smooth_log,False
2018-01-06,2018,1,6,,,0.752569882448856,monthly_smooth_log,False
2018-01-07,2018,1,7,1.0,,1.0,,False
2018-01-08,2018,1,8,,,25.097737622563606,cubic_spline_log,True
2018-01-09,2018,1,9,,,200.0,cubic_spline_log,True
2018-01-10,2018,1,10,8888.0,meteorological_log_domain,12.063120487814736,,False
2018-01-11,2018,1,11,0.0,,5.183574463358577e-05,,False
2018-01-12,2018,1,12,7.0,,7.0,,False
2018-01-13,2018,1,13,3.5,,3.4999999999999996,,False
2018-01-14,2018,1,14,3.5,,3.4999999999999996,,False
2018-01-15,2018,1,15,,,1.5645638072392547,cubic_spline_log,False
2018-01-16,2018,1,16,0.2,,0.19999999999999998,,False
2018-01-17,2018,1,17,,,0.018872606195735026,cubic_spline_log,False
2018-01-18,2018,1,18,0.0,,5.183574463358577e-05,,False
2018-01-19,2018,1,19,,,0.005570775967415566,cubic_spline_log,False
2018-01-20,2018,1,20,,,0.05916986459989695,cubic_spline_log,False
2018-01-21,2018,1,21,,,0.4185334980109144,cubic_spline_log,False
2018-01-22,2018,1,22,1.8,,1.8,,False
2018-01-23,2018,1,23,8888.0,meteorological_log_domain,3.439322071442598,,False
2018-01-24,2018,1,24,,,4.480493505358096,cubic_spline_log,False
2018-01-25,2018,1,25,1.2,,1.2,,False
2018-01-26,2018,1,26,,,0.030003094032381245,cubic_spline_log,False
2018-01-27,2018,1,27,0.0,,5.183574463358577e-05,,False
2018-01-28,2018,1,28,,,0.3184972665668117,cubic_spline_log,False
2018-01-29,2018,1,29,1.5,,1.5,,False
2018-01-30,2018,1,30,0.0,,5.183574463358577e-05,,False
2018-01-31,2018,1,31,,,5.183574463358577e-05,cubic_spline_log,False
2018-02-01,2018,2,1,0.0,,5.183574463358577e-05,,False
2018-02-02,2018,2,2,0.0,,5.183574463358577e-05,,False
2018-02-03,2018,2,3,,,5.183574463358577e-05,cubic_spline_log,False
2018-02-04,2018,2,4,,,5.183574463358577e-05,cubic_spline_log,False
2018-02-05,2018,2,5,0.0,,5.183574463358577e-05,,False
2018-02-06,2018,2,6,8888.0,meteorological_log_domain,0.6829187754880304,,False
2018-02-07,2018,2,7,0.0,,5.183574463358577e-05,,False
2018-02-08,2018,2,8,0.0,,5.183574463358577e-05,,False
2018-02-09,2018,2,9,0.0,,5.183574463358577e-05,,False
2018-02-10,2018,2,10,,,5.183574463358577e-05,cubic_spline_log,False
2018-02-11,2018,2,11,0.0,,5.183574463358577e-05,,False
2018-02-12,2018,2,12,0.0,,5.183574463358577e-05,,False
2018-02-13,2018,2,13,0.0,,5.183574463358577e-05,,False
2018-02-14,2018,2,14,,,5.183574463358577e-05,cubic_spline_log,False
2018-02-15,2018,2,15,0.0,,5.183574463358577e-05,,False
2018-02-16,2018,2,16,0.0,,5.183574463358577e-05,,False
2018-02-17,2018,2,17,0.0,,5.183574463358577e-05,,False
2018-02-18,2018,2,18,0.0,,5.183574463358577e-05,,False
2018-02-19,2018,2,19,0.0,,5.183574463358577e-05,,False
2018-02-20,2018,2,20,0.0,,5.183574463358577e-05,,False
2018-02-21,2018,2,21,0.0,,5.183574463358577e-05,,False
2018-02-22,2018,2,22,0.4,,0.4,,False
2018-02-23,2018,2,23,10.2,,10.199999999999998,,False
2018-02-24,2018,2,24,46.0,,46.0,,True
2018-02-25,2018,2,25,0.6,,0.6,,False
2018-02-26,2018,2,26,6.3,,6.300000000000001,,False
2018-02-27,2018,2,27,8888.0,meteorological_log_domain,3.866755335509939,,False
2018-02-28,2018,2,28,,,7.0860677745179865,cubic_spline_log,False
2018-03-01,2018,3,1,1.9,,1.9,,False
2018-03-02,2018,3,2,0.0,,5.183574463358577e-05,,False
2018-03-03,2018,3,3,0.0,,5.183574463358577e-05,,False
2018-03-04,2018,3,4,0.0,,5.183574463358577e-05,,False
2018-03-05,2018,3,5,,,2.2977297995131285,cubic_spline_log,False
2018-03-06,2018,3,6,8888.0,meteorological_log_domain,8.969568103863931,,False
2018-03-07,2018,3,7,0.0,,5.183574463358577e-05,,False
2018-03-08,2018,3,8,2.5,,2.5,,False
2018-03-09,2018,3,9,0.0,,5.183574463358577e-05,,False
2018-03-10,2018,3,10,0.0,,5.183574463358577e-05,,False
2018-03-11,2018,3,11,8888.0,meteorological_log_domain,4.328701900182135,,False
2018-03-12,2018,3,12,8888.0,meteorological_log_domain,1.8048144794735232,,False
2018-03-13,2018,3,13,,,0.0684843289298053,cubic_spline_log,False
2018-03-14,2018,3,14,0.0,,5.183574463358577e-05,,False
2018-03-15,2018,3,15,0.0,,5.183574463358577e-05,,False
2018-03-16,2018,3,16,,,0.011752326295334679,cubic_spline_log,False
2018-03-17,2018,3,17,,,0.03266849918388621,cubic_spline_log,False
2018-03-18,2018,3,18,,,0.030518684949651036,cubic_spline_log,False
2018-03-19,2018,3,19,0.0,,5.183574463358577e-05,,False
2018-03-20,2018,3,20,0.0,,5.183574463358577e-05,,False
2018-03-21,2018,3,21,7.5,,7.500000000000001,,False
2018-03-22,2018,3,22,0.0,,5.183574463358577e-05,,False
2018-03-23,2018,3,23,0.0,,5.183574463358577e-05,,False
2018-03-24,2018,3,24,0.0,,5.183574463358577e-05,,False
2018-03-25,2018,3,25,0.0,,5.183574463358577e-05,,False
2018-03-26,2018,3,26,23.2,,23.199999999999996,,False
2018-03-27,2018,3,27,0.0,,5.183574463358577e-05,,False
2018-03-28,2018,3,28,,,5.183574463358577e-05,cubic_spline_log,False
2018-03-29,2018,3,29,0.0,,5.183574463358577e-05,,False
2018-03-30,2018,3,30,,,0.41361395719357125,cubic_spline_log,False
2018-03-31,2018,3,31,,,33.500910744273384,cubic_spline_log,True
2018-04-01,2018,4,1,6.2,,6.2,,False
2018-04-02,2018,4,2,0.0,,5.183574463358577e-05,,False
2018-04-03,2018,4,3,3.4,,3.4,,False
2018-04-04,2018,4,4,0.0,,5.183574463358577e-05,,False
2018-04-05,2018,4,5,0.0,,5.183574463358577e-05,,False
2018-04-06,2018,4,6,4.2,,4.2,,False
2018-04-07,2018,4,7,0.0,,5.183574463358577e-05,,False
2018-04-08,2018,4,8,,,5.183574463358577e-05,cubic_spline_log,False
2018-04-09,2018,4,9,0.0,,5.183574463358577e-05,,False
2018-04-10,2018,4,10,0.0,,5.183574463358577e-05,,False
2018-04-11,2018,4,11,,,5.183574463358577e-05,cubic_spline_log,False
2018-04-12,2018,4,12,0.0,,5.183574463358577e-05,,False
2018-04-13,2018,4,13,0.0,,5.183574463358577e-05,,False
2018-04-14,2018,4,14,0.0,,5.183574463358577e-05,,False
2018-04-15,2018,4,15,0.5,,0.5,,False
2018-04-16,2018,4,16,0.0,,5.183574463358577e-05,,False
2018-04-17,2018,4,17,0.0,,5.183574463358577e-05,,False
2018-04-18,2018,4,18,0.0,,5.183574463358577e-05,,False
2018-04-19,2018,4,19,0.0,,5.183574463358577e-05,,False
2018-04-20,2018,4,20,0.0,,5.183574463358577e-05,,False
2018-04-21,2018,4,21,0.0,,5.183574463358577e-05,,False
2018-04-22,2018,4,22,0.0,,5.183574463358577e-05,,False
2018-04-23,2018,4,23,8888.0,meteorological_log_domain,4.035487361866045,,False
2018-04-24,2018,4,24,0.0,,5.183574463358577e-05,,False
2018-04-25,2018,4,25,38.8,,38.800000000000004,,True
2018-04-26,2018,4,26,2.8,,2.8,,False
2018-04-27,2018,4,27,43.0,,42.99999999999999,,True
2018-04-28,2018,4,28,0.0,,5.183574463358577e-05,,False
2018-04-29,2018,4,29,8888.0,meteorological_log_domain,0.3996483662890273,,False
2018-04-30,2018,4,30,1.8,,1.8,,False
2018-05-01,2018,5,1,1.4,,1.4,,False
2018-05-02,2018,5,2,13.5,,13.499999999999996,,False
2018-05-03,2018,5,3,8888.0,meteorological_log_domain,0.006865977319872351,,False
2018-05-04,2018,5,4,0.0,,5.183574463358577e-05,,False
2018-05-05,2018,5,5,0.0,,5.183574463358577e-05,,False
2018-05-06,2018,5,6,0.0,,5.183574463358577e-05,,False
2018-05-07,2018,5,7,0.0,,5.183574463358577e-05,,False
2018-05-08,2018,5,8,8888.0,meteorological_log_domain,0.0893784109152955,,False
2018-05-09,2018,5,9,8888.0,meteorological_log_domain,0.05075211005035505,,False
2018-05-10,2018,5,10,2.0,,1.9999999999999998,,False
2018-05-11,2018,5,11,0.0,,5.183574463358577e-05,,False
2018-05-12,2018,5,12,13.2,,13.2,,False
2018-05-13,2018,5,13,0.7,,0.7,,False
2018-05-14,2018,5,14,0.1,,0.10000000000000002,,False
2018-05-15,2018,5,15,8.7,,8.699999999999998,,False
2018-05-16,2018,5,16,8888.0,meteorological_log_domain,8.62175666894834,,False
2018-05-17,2018,5,17,54.9,,54.89999999999998,,True
2018-05-18,2018,5,18,0.0,,5.183574463358577e-05,,False
2018-05-19,2018,5,19,0.0,,5.183574463358577e-05,,False
2018-05-20,2018,5,20,1.1,,1.1,,False
2018-05-22,2018,5,22,0.0,,5.183574463358577e-05,,False
2018-05-23,2018,5,23,34.3,,34.29999999999999,,True
2018-05-24,2018,5,24,0.5,,0.5,,False
2018-05-25,2018,5,25,8888.0,meteorological_log_domain,0.11745895903523122,,False
2018-05-26,2018,5,26,21.2,,21.200000000000003,,False
2018-05-27,2018,5,27,16.5,,16.499999999999996,,False
2018-05-28,2018,5,28,8888.0,meteorological_log_domain,4.670704538581052,,False
2018-05-29,2018,5,29,0.0,,5.183574463358577e-05,,False
2018-05-30,2018,5,30,1.4,,1.4,,False
2018-05-31,2018,5,31,0.0,,5.183574463358577e-05,,False
2018-06-01,2018,6,1,0.0,,5.183574463358577e-05,,False
2018-06-02,2018,6,2,0.0,,5.183574463358577e-05,,False
2018-06-03,2018,6,3,0.0,,5.183574463358577e-05,,False
2018-06-04,2018,6,4,0.0,,5.183574463358577e-05,,False
2018-06-05,2018,6,5,0.0,,5.183574463358577e-05,,False
2018-06-06,2018,6,6,0.0,,5.183574463358577e-05,,False
2018-06-07,2018,6,7,0.0,,5.183574463358577e-05,,False
2018-06-08,2018,6,8,0.0,,5.183574463358577e-05,,False
2018-06-09,2018,6,9,0.0,,5.183574463358577e-05,,False
2018-06-10,2018,6,10,0.0,,5.183574463358577e-05,,False
2018-06-11,2018,6,11,0.0,,5.183574463358577e-05,,False
2018-06-12,2018,6,12,0.0,,5.183574463358577e-05,,False
2018-06-13,2018,6,13,0.0,,5.183574463358577e-05,,False
2018-06-14,2018,6,14,0.0,,5.183574463358577e-05,,False
2018-06-15,2018,6,15,0.0,,5.183574463358577e-05,,False
2018-06-16,2018,6,16,0.0,,5.183574463358577e-05,,False
2018-06-17,2018,6,17,0.0,,5.183574463358577e-05,,False
2018-06-18,2018,6,18,0.0,,5.183574463358577e-05,,False
2018-06-19,2018,6,19,7.2,,7.2,,False
2018-06-20,2018,6,20,0.7,,0.7,,False
2018-06-21,2018,6,21,8888.0,meteorological_log_domain,8.1001282139718,,False
2018-06-22,2018,6,22,0.0,,5.183574463358577e-05,,False
2018-06-23,2018,6,23,2.8,,2.8,,False
2018-06-24,2018,6,24,0.0,,5.183574463358577e-05,,False
2018-06-25,2018,6,25,14.2,,14.2,,False
2018-06-26,2018,6,26,0.0,,5.183574463358577e-05,,False
2018-06-27,2018,6,27,25.8,,25.799999999999997,,True
2018-06-28,2018,6,28,0.3,,0.3,,False
2018-06-29,2018,6,29,12.4,,12.399999999999999,,False
2018-06-30,2018,6,30,0.0,,5.183574463358577e-05,,False
2018-07-01,2018,7,1,1.5,,1.5,,False
2018-07-02,2018,7,2,0.0,,5.183574463358577e-05,,False
2018-07-03,2018,7,3,8888.0,meteorological_log_domain,10.852518779002693,,False
2018-07-04,2018,7,4,0.0,,5.183574463358577e-05,,False
2018-07-05,2018,7,5,0.0,,5.183574463358577e-05,,False
2018-07-06,2018,7,6,8888.0,meteorological_log_domain,2.2732760216105046,,False
2018-07-07,2018,7,7,23.5,,23.5,,False
2018-07-08,2018,7,8,0.0,,5.183574463358577e-05,,False
2018-07-09,2018,7,9,22.7,,22.7,,False
2018-07-10,2018,7,10,10.5,,10.499999999999998,,False
2018-07-11,2018,7,11,0.0,,5.183574463358577e-05,,False
2018-07-12,2018,7,12,0.0,,5.183574463358577e-05,,False
2018-07-13,2018,7,13,0.0,,5.183574463358577e-05,,False
2018-07-14,2018,7,14,0.0,,5.183574463358577e-05,,False
2018-07-15,2018,7,15,0.0,,5.183574463358577e-05,,False
2018-07-16,2018,7,16,0.0,,5.183574463358577e-05,,False
2018-07-17,2018,7,17,0.0,,5.183574463358577e-05,,False
2018-07-18,2018,7,18,0.0,,5.183574463358577e-05,,False
2018-07-19,2018,7,19,0.1,,0.10000000000000002,,False
2018-07-20,2018,7,20,0.0,,5.183574463358577e-05,,False
2018-07-21,2018,7,21,8888.0,meteorological_log_domain,0.11288691356755406,,False
2018-07-22,2018,7,22,0.0,,5.183574463358577e-05,,False
2018-07-23,2018,7,23,0.0,,5.183574463358577e-05,,False
2018-07-24,2018,7,24,0.0,,5.183574463358577e-05,,False
2018-07-25,2018,7,25,0.0,,5.183574463358577e-05,,False
2018-07-26,2018,7,26,0.0,,5.183574463358577e-05,,False
2018-07-27,2018,7,27,0.0,,5.183574463358577e-05,,False
2018-07-28,2018,7,28,48.7,,48.7,,True
2018-07-29,2018,7,29,0.7,,0.7,,False
2018-07-30,2018,7,30,96.0,,96.00000000000004,,True
2018-07-31,2018,7,31,0.1,,0.10000000000000002,,False
2018-08-01,2018,8,1,,,5.183574463358577e-05,cubic_spline_log,False
2018-08-02,2018,8,2,,,5.183574463358577e-05,cubic_spline_log,False
2018-08-03,2018,8,3,0.0,,5.183574463358577e-05,,False
2018-08-04,2018,8,4,0.0,,5.183574463358577e-05,,False
2018-08-05,2018,8,5,0.0,,5.183574463358577e-05,,False
2018-08-06,2018,8,6,0.0,,5.183574463358577e-05,,False
2018-08-07,2018,8,7,0.0,,5.183574463358577e-05,,False
2018-08-08,2018,8,8,1.4,,1.4,,False
2018-08-09,2018,8,9,0.0,,5.183574463358577e-05,,False
2018-08-10,2018,8,10,0.0,,5.183574463358577e-05,,False
2018-08-11,2018,8,11,32.8,,32.79999999999999,,True
2018-08-12,2018,8,12,0.0,,5.183574463358577e-05,,False
2018-08-13,2018,8,13,0.0,,5.183574463358577e-05,,False
2018-08-14,2018,8,14,0.0,,5.183574463358577e-05,,False
2018-08-15,2018,8,15,0.0,,5.183574463358577e-05,,False
2018-08-16,2018,8,16,39.1,,39.10000000000001,,True
2018-08-17,2018,8,17,0.0,,5.183574463358577e-05,,False
2018-08-18,2018,8,18,0.0,,5.183574463358577e-05,,False
2018-08-19,2018,8,19,0.0,,5.183574463358577e-05,,False
2018-08-20,2018,8,20,0.0,,5.183574463358577e-05,,False
2018-08-21,2018,8,21,8888.0,meteorological_log_domain,7.361948775476977,,False
2018-08-22,2018,8,22,4.2,,4.2,,False
2018-08-23,2018,8,23,0.0,,5.183574463358577e-05,,False
2018-08-24,2018,8,24,0.0,,5.183574463358577e-05,,False
2018-08-25,2018,8,25,0.0,,5.183574463358577e-05,,False
2018-08-26,2018,8,26,8888.0,meteorological_log_domain,2.5194770168984597,,False
2018-08-27,2018,8,27,0.0,,5.183574463358577e-05,,False
2018-08-28,2018,8,28,3.4,,3.4,,False
2018-08-29,2018,8,29,0.0,,5.183574463358577e-05,,False
2018-08-30,2018,8,30,0.0,,5.183574463358577e-05,,False
2018-08-31,2018,8,31,0.0,,5.183574463358577e-05,,False
2018-09-01,2018,9,1,1.8,,1.8,,False
2018-09-02,2018,9,2,0.0,,5.183574463358577e-05,,False
2018-09-03,2018,9,3,2.4,,2.4,,False
2018-09-04,2018,9,4,0.2,,0.19999999999999998,,False
2018-09-05,2018,9,5,8888.0,meteorological_log_domain,4.149413118528533,,False
2018-09-06,2018,9,6,0.4,,0.4,,False
2018-09-07,2018,9,7,0.0,,5.183574463358577e-05,,False
2018-09-08,2018,9,8,0.0,,5.183574463358577e-05,,False
2018-09-09,2018,9,9,6.3,,6.300000000000001,,False
2018-09-10,2018,9,10,22.3,,22.299999999999997,,False
2018-09-11,2018,9,11,8888.0,meteorological_log_domain,5.6306699503036794,,False
2018-09-12,2018,9,12,0.0,,5.183574463358577e-05,,False
2018-09-13,2018,9,13,13.8,,13.799999999999999,,False
2018-09-14,2018,9,14,8888.0,meteorological_log_domain,2.2146178159409624,,False
2018-09-15,2018,9,15,8888.0,meteorological_log_domain,4.441931997284827,,False
2018-09-16,2018,9,16,2.0,,1.9999999999999998,,False
2018-09-17,2018,9,17,0.0,,5.183574463358577e-05,,False
2018-09-18,2018,9,18,0.3,,0.3,,False
2018-09-19,2018,9,19,8888.0,meteorological_log_domain,2.253002571829504,,False
2018-09-20,2018,9,20,0.0,,5.183574463358577e-05,,False
2018-09-21,2018,9,21,0.0,,5.183574463358577e-05,,False
2018-09-22,2018,9,22,8888.0,meteorological_log_domain,1.6525664253872783,,False
2018-09-23,2018,9,23,6.0,,6.0,,False
2018-09-24,2018,9,24,0.0,,5.183574463358577e-05,,False
2018-09-25,2018,9,25,4.9,,4.9,,False
2018-09-26,2018,9,26,0.1,,0.10000000000000002,,False
2018-09-27,2018,9,27,0.0,,5.183574463358577e-05,,False
2018-09-28,2018,9,28,1.8,,1.8,,False
2018-09-29,2018,9,29,0.0,,5.183574463358577e-05,,False
2018-09-30,2018,9,30,0.0,,5.183574463358577e-05,,False
2018-10-01,2018,10,1,8.5,,8.5,,False
2018-10-02,2018,10,2,2.0,,1.9999999999999998,,False
2018-10-03,2018,10,3,8888.0,meteorological_log_domain,10.913375027028177,,False
2018-10-04,2018,10,4,8888.0,meteorological_log_domain,0.03619008892486483,,False
2018-10-05,2018,10,5,8888.0,meteorological_log_domain,0.023281663131097405,,False
2018-10-06,2018,10,6,10.0,,9.999999999999998,,False
2018-10-07,2018,10,7,12.8,,12.800000000000002,,False
2018-10-08,2018,10,8,13.9,,13.9,,False
2018-10-09,2018,10,9,2.2,,2.2,,False
2018-10-10,2018,10,10,13.8,,13.799999999999999,,False
2018-10-11,2018,10,11,3.3,,3.3000000000000003,,False
2018-10-12,2018,10,12,4.1,,4.1,,False
2018-10-13,2018,10,13,22.7,,22.7,,False
2018-10-14,2018,10,14,0.4,,0.4,,False
2018-10-15,2018,10,15,0.5,,0.5,,False
2018-10-16,2018,10,16,8888.0,meteorological_log_domain,7.25723279951578,,False
2018-10-17,2018,10,17,24.0,,24.000000000000004,,False
2018-10-18,2018,10,18,0.0,,5.183574463358577e-05,,False
2018-10-19,2018,10,19,7.9,,7.9,,False
2018-10-20,2018,10,20,0.2,,0.19999999999999998,,False
2018-10-21,2018,10,21,2.5,,2.5,,False
2018-10-22,2018,10,22,8888.0,meteorological_log_domain,3.991547617828936,,False
2018-10-23,2018,10,23,82.3,,82.30000000000003,,True
2018-10-24,2018,10,24,0.0,,5.183574463358577e-05,,False
2018-10-25,2018,10,25,24.8,,24.8,,False
2018-10-26,2018,10,26,0.0,,5.183574463358577e-05,,False
2018-10-27,2018,10,27,0.0,,5.183574463358577e-05,,False
2018-10-28,2018,10,28,0.0,,5.183574463358577e-05,,False
2018-10-29,2018,10,29,0.0,,5.183574463358577e-05,,False
2018-10-30,2018,10,30,0.0,,5.183574463358577e-05,,False
2018-10-31,2018,10,31,21.1,,21.099999999999998,,False
2018-11-01,2018,11,1,3.5,,3.4999999999999996,,False
2018-11-02,2018,11,2,8888.0,meteorological_log_domain,5.596856346779234,,False
2018-11-03,2018,11,3,8888.0,meteorological_log_domain,1.9646355957074249,,False
2018-11-04,2018,11,4,0.0,,5.183574463358577e-05,,False
2018-11-05,2018,11,5,1.8,,1.8,,False
2018-11-06,2018,11,6,8.8,,8.799999999999999,,False
2018-11-07,2018,11,7,23.5,,23.5,,False
2018-11-08,2018,11,8,0.0,,5.183574463358577e-05,,False
2018-11-09,2018,11,9,23.7,,23.699999999999996,,False
2018-11-10,2018,11,10,12.3,,12.299999999999999,,False
2018-11-11,2018,11,11,10.0,,9.999999999999998,,False
2018-11-12,2018,11,12,80.7,,80.70000000000003,,True
2018-11-13,2018,11,13,8888.0,meteorological_log_domain,5.780992924392457,,False
2018-11-14,2018,11,14,0.4,,0.4,,False
2018-11-15,2018,11,15,0.1,,0.10000000000000002,,False
2018-11-16,2018,11,16,0.1,,0.10000000000000002,,False
2018-11-17,2018,11,17,21.7,,21.699999999999996,,False
2018-11-18,2018,11,18,0.7,,0.7,,False
2018-11-19,2018,11,19,53.5,,53.49999999999999,,True
2018-11-20,2018,11,20,0.1,,0.10000000000000002,,False
2018-11-21,2018,11,21,0.0,,5.183574463358577e-05,,False
2018-11-22,2018,11,22,12.5,,12.5,,False
2018-11-23,2018,11,23,6.2,,6.2,,False
2018-11-24,2018,11,24,0.1,,0.10000000000000002,,False
2018-11-25,2018,11,25,8888.0,meteorological_log_domain,9.204830748589256,,False
2018-11-26,2018,11,26,33.0,,33.0,,True
2018-11-27,2018,11,27,0.0,,5.183574463358577e-05,,False
2018-11-28,2018,11,28,0.0,,5.183574463358577e-05,,False
2018-11-29,2018,11,29,0.0,,5.183574463358577e-05,,False
2018-11-30,2018,11,30,0.6,,0.6,,False
2018-12-01,2018,12,1,0.2,,0.19999999999999998,,False
2018-12-02,2018,12,2,11.6,,11.6,,False
2018-12-03,2018,12,3,8888.0,meteorological_log_domain,9.430310402858188,,False
2018-12-04,2018,12,4,0.2,,0.19999999999999998,,False
2018-12-05,2018,12,5,9.2,,9.200000000000001,,False
2018-12-06,2018,12,6,0.0,,5.183574463358577e-05,,False
2018-12-07,2018,12,7,0.1,,0.10000000000000002,,False
2018-12-08,2018,12,8,0.0,,5.183574463358577e-05,,False
2018-12-09,2018,12,9,7.0,,7.0,,False
2018-12-10,2018,12,10,0.0,,5.183574463358577e-05,,False
2018-12-11,2018,12,11,13.6,,13.6,,False
2018-12-12,2018,12,12,0.0,,5.183574463358577e-05,,False
2018-12-13,2018,12,13,0.0,,5.183574463358577e-05,,False
2018-12-14,2018,12,14,0.2,,0.19999999999999998,,False
2018-12-15,2018,12,15,8888.0,meteorological_log_domain,7.6985452643820835,,False
2018-12-16,2018,12,16,1.4,,1.4,,False
2018-12-17,2018,12,17,4.5,,4.500000000000001,,False
2018-12-18,2018,12,18,0.0,,5.183574463358577e-05,,False
2018-12-19,2018,12,19,0.3,,0.3,,False
2018-12-20,2018,12,20,0.0,,5.183574463358577e-05,,False
2018-12-21,2018,12,21,0.0,,5.183574463358577e-05,,False
2018-12-22,2018,12,22,2.3,,2.3,,False
2018-12-23,2018,12,23,0.0,,5.183574463358577e-05,,False
2018-12-24,2018,12,24,0.0,,5.183574463358577e-05,,False
2018-12-25,2018,12,25,0.0,,5.183574463358577e-05,,False
2018-12-26,2018,12,26,0.0,,5.183574463358577e-05,,False
2018-12-27,2018,12,27,8888.0,meteorological_log_domain,5.226925977608456,,False
2018-12-28,2018,12,28,8888.0,meteorological_log_domain,4.436204971740641,,False
2018-12-29,2018,12,29,8.4,,8.399999999999999,,False
2018-12-30,2018,12,30,0.0,,5.183574463358577e-05,,False
2018-12-31,2018,12,31,0.0,,5.183574463358577e-05,,False
2019-01-01,2019,1,1,0.0,,5.183574463358577e-05,,False
2019-01-02,2019,1,2,0.0,,5.183574463358577e-05,,False
2019-01-03,2019,1,3,,,5.183574463358577e-05,cubic_spline_log,False
2019-01-04,2019,1,4,,,5.183574463358577e-05,cubic_spline_log,False
2019-01-05,2019,1,5,0.0,,5.183574463358577e-05,,False
2019-01-06,2019,1,6,,,0.1993651683443981,cubic_spline_log,False
2019-01-07,2019,1,7,1.0,,1.0,,False
2019-01-08,2019,1,8,0.2,,0.19999999999999998,,False
2019-01-09,2019,1,9,8888.0,meteorological_log_domain,5.132612345529907,,False
2019-01-10,2019,1,10,0.0,,5.183574463358577e-05,,False
2019-01-11,2019,1,11,6.6,,6.599999999999999,,False
2019-01-12,2019,1,12,8.3,,8.299999999999999,,False
2019-01-13,2019,1,13,0.0,,5.183574463358577e-05,,False
2019-01-14,2019,1,14,,,5.183574463358577e-05,cubic_spline_log,False
2019-01-15,2019,1,15,0.0,,5.183574463358577e-05,,False
2019-01-16,2019,1,16,0.0,,5.183574463358577e-05,,False
2019-01-17,2019,1,17,,,0.1189847044403969,cubic_spline_log,False
2019-01-18,2019,1,18,2.4,,2.4,,False
2019-01-19,2019,1,19,5.5,,5.5,,False
2019-01-20,2019,1,20,2.0,,1.9999999999999998,,False
2019-01-21,2019,1,21,0.1,,0.10000000000000002,,False
2019-01-22,2019,1,22,8888.0,meteorological_log_domain,0.11065101552730218,,False
2019-01-23,2019,1,23,0.0,,5.183574463358577e-05,,False
2019-01-24,2019,1,24,0.0,,5.183574463358577e-05,,False
2019-01-25,2019,1,25,,,0.0051830194702016125,cubic_spline_log,False
2019-01-26,2019,1,26,0.0,,5.183574463358577e-05,,False
2019-01-27,2019,1,27,0.0,,5.183574463358577e-05,,False
2019-01-28,2019,1,28,0.2,,0.19999999999999998,,False
2019-01-29,2019,1,29,0.0,,5.183574463358577e-05,,False
2019-01-30,2019,1,30,,,5.183574463358577e-05,cubic_spline_log,False
2019-01-31,2019,1,31,0.0,,5.183574463358577e-05,,False
2019-02-01,2019,2,1,16.2,,16.2,,False
2019-02-02,2019,2,2,0.6,,0.6,,False
2019-02-03,2019,2,3,0.2,,0.19999999999999998,,False
2019-02-04,2019,2,4,0.0,,5.183574463358577e-05,,False
2019-02-05,2019,2,5,8888.0,meteorological_log_domain,2.414473974603037,,False
2019-02-06,2019,2,6,,,8.34438993318969,cubic_spline_log,False
2019-02-07,2019,2,7,,,0.24814667509658905,cubic_spline_log,False
2019-02-08,2019,2,8,0.0,,5.183574463358577e-05,,False
2019-02-09,2019,2,9,0.0,,5.183574463358577e-05,,False
2019-02-10,2019,2,10,0.0,,5.183574463358577e-05,,False
2019-02-11,2019,2,11,0.0,,5.183574463358577e-05,,False
2019-02-12,2019,2,12,0.0,,5.183574463358577e-05,,False
2019-02-13,2019,2,13,0.0,,5.183574463358577e-05,,False
2019-02-14,2019,2,14,0.0,,5.183574463358577e-05,,False
2019-02-15,2019,2,15,,,0.013518198908626758,cubic_spline_log,False
2019-02-16,2019,2,16,0.1,,0.10000000000000002,,False
2019-02-17,2019,2,17,0.8,,0.8,,False
2019-02-18,2019,2,18,2.1,,2.1,,False
2019-02-19,2019,2,19,0.0,,5.183574463358577e-05,,False
2019-02-20,2019,2,20,0.0,,5.183574463358577e-05,,False
2019-02-21,2019,2,21,20.0,,19.999999999999996,,False
2019-02-22,2019,2,22,2.5,,2.5,,False
2019-02-23,2019,2,23,,,0.04912631882054101,cubic_spline_log,False
2019-02-24,2019,2,24,0.0,,5.183574463358577e-05,,False
2019-02-25,2019,2,25,0.0,,5.183574463358577e-05,,False
2019-02-26,2019,2,26,0.0,,5.183574463358577e-05,,False
2019-02-27,2019,2,27,0.0,,5.183574463358577e-05,,False
2019-02-28,2019,2,28,,,5.183574463358577e-05,cubic_spline_log,False
2019-03-01,2019,3,1,0.0,,5.183574463358577e-05,,False
2019-03-02,2019,3,2,0.0,,5.183574463358577e-05,,False
2019-03-03,2019,3,3,,,5.183574463358577e-05,cubic_spline_log,False
2019-03-04,2019,3,4,,,5.183574463358577e-05,cubic_spline_log,False
2019-03-05,2019,3,5,0.0,,5.183574463358577e-05,,False
2019-03-06,2019,3,6,0.0,,5.183574463358577e-05,,False
2019-03-07,2019,3,7,0.0,,5.183574463358577e-05,,False
2019-03-08,2019,3,8,26.4,,26.4,,True
2019-03-09,2019,3,9,,,14.926121280968909,cubic_spline_log,False
2019-03-11,2019,3,11,,,0.027272020703567268,cubic_spline_log,False
2019-03-12,2019,3,12,0.0,,5.183574463358577e-05,,False
2019-03-13,2019,3,13,7.5,,7.500000000000001,,False
2019-03-14,2019,3,14,1.0,,1.0,,False
2019-03-15,2019,3,15,0.0,,5.183574463358577e-05,,False
2019-03-16,2019,3,16,0.0,,5.183574463358577e-05,,False
2019-03-17,2019,3,17,0.0,,5.183574463358577e-05,,False
2019-03-18,2019,3,18,0.0,,5.183574463358577e-05,,False
2019-03-19,2019,3,19,0.0,,5.183574463358577e-05,,False
2019-03-20,2019,3,20,3.8,,3.7999999999999994,,False
2019-03-21,2019,3,21,0.0,,5.183574463358577e-05,,False
2019-03-22,2019,3,22,0.0,,5.183574463358577e-05,,False
2019-03-23,2019,3,23,,,0.007989976441178813,cubic_spline_log,False
2019-03-24,2019,3,24,0.0,,5.183574463358577e-05,,False
2019-03-25,2019,3,25,0.0,,5.183574463358577e-05,,False
2019-03-26,2019,3,26,0.1,,0.10000000000000002,,False
2019-03-27,2019,3,27,,,7.8752380404291,cubic_spline_log,False
2019-03-28,2019,3,28,8888.0,meteorological_log_domain,7.771851596502696,,False
2019-03-29,2019,3,29,0.0,,5.183574463358577e-05,,False
2019-03-30,2019,3,30,0.0,,5.183574463358577e-05,,False
2019-03-31,2019,3,31,0.6,,0.6,,False
2019-04-01,2019,4,1,1.8,,1.8,,False
2019-04-02,2019,4,2,26.0,,25.999999999999996,,True
2019-04-03,2019,4,3,0.0,,5.183574463358577e-05,,False
2019-04-04,2019,4,4,0.6,,0.6,,False
2019-04-05,2019,4,5,0.0,,5.183574463358577e-05,,False
2019-04-06,2019,4,6,8888.0,meteorological_log_domain,5.574001469660223,,False
2019-04-07,2019,4,7,0.0,,5.183574463358577e-05,,False
2019-04-08,2019,4,8,0.0,,5.183574463358577e-05,,False
2019-04-09,2019,4,9,,,0.007370684569076512,cubic_spline_log,False
2019-04-10,2019,4,10,0.0,,5.183574463358577e-05,,False
2019-04-11,2019,4,11,0.0,,5.183574463358577e-05,,False
2019-04-12,2019,4,12,0.0,,5.183574463358577e-05,,False
2019-04-13,2019,4,13,0.0,,5.183574463358577e-05,,False
2019-04-14,2019,4,14,0.0,,5.183574463358577e-05,,False
2019-04-15,2019,4,15,0.5,,0.5,,False
2019-04-16,2019,4,16,2.5,,2.5,,False
2019-04-17,2019,4,17,0.0,,5.183574463358577e-05,,False
2019-04-18,2019,4,18,0.0,,5.183574463358577e-05,,False
2019-04-19,2019,4,19,0.0,,5.183574463358577e-05,,False
2019-04-20,2019,4,20,0.0,,5.183574463358577e-05,,False
2019-04-21,2019,4,21,0.0,,5.183574463358577e-05,,False
2019-04-22,2019,4,22,0.0,,5.183574463358577e-05,,False
2019-04-23,2019,4,23,0.0,,5.183574463358577e-05,,False
2019-04-24,2019,4,24,,,5.183574463358577e-05,cubic_spline_log,False
2019-04-25,2019,4,25,0.0,,5.183574463358577e-05,,False
2019-04-26,2019,4,26,0.2,,0.19999999999999998,,False
2019-04-27,2019,4,27,,,24.689565579382897,cubic_spline_log,False
2019-04-28,2019,4,28,11.8,,11.799999999999999,,False
2019-04-29,2019,4,29,0.0,,5.183574463358577e-05,,False
2019-04-30,2019,4,30,1.6,,1.6,,False
2019-05-01,2019,5,1,14.7,,14.700000000000001,,False
2019-05-02,2019,5,2,0.0,,5.183574463358577e-05,,False
2019-05-03,2019,5,3,0.0,,5.183574463358577e-05,,False
2019-05-04,2019,5,4,4.3,,4.3,,False
2019-05-05,2019,5,5,8.3,,8.299999999999999,,False
2019-05-06,2019,5,6,0.0,,5.183574463358577e-05,,False
2019-05-07,2019,5,7,,,0.057017028823689815,cubic_spline_log,False
2019-05-08,2019,5,8,10.2,,10.199999999999998,,False
2019-05-09,2019,5,9,15.0,,14.999999999999998,,False
2019-05-10,2019,5,10,17.0,,16.999999999999996,,False
2019-05-11,2019,5,11,0.0,,5.183574463358577e-05,,False
2019-05-12,2019,5,12,,,5.183574463358577e-05,cubic_spline_log,False
2019-05-13,2019,5,13,0.8,,0.8,,False
2019-05-14,2019,5,14,4.5,,4.500000000000001,,False
2019-05-15,2019,5,15,0.0,,5.183574463358577e-05,,False
2019-05-16,2019,5,16,0.9,,0.9,,False
2019-05-17,2019,5,17,1.9,,1.9,,False
2019-05-18,2019,5,18,0.0,,5.183574463358577e-05,,False
2019-05-19,2019,5,19,8888.0,meteorological_log_domain,6.580075312261601,,False
2019-05-20,2019,5,20,8888.0,meteorological_log_domain,0.5287699519190515,,False
2019-05-21,2019,5,21,0.0,,5.183574463358577e-05,,False
2019-05-22,2019,5,22,8888.0,meteorological_log_domain,1.8195493210468041,,False
2019-05-23,2019,5,23,0.0,,5.183574463358577e-05,,False
2019-05-24,2019,5,24,1.2,,1.2,,False
2019-05-25,2019,5,25,11.1,,11.1,,False
2019-05-26,2019,5,26,5.4,,5.4,,False
2019-05-27,2019,5,27,0.0,,5.183574463358577e-05,,False
2019-05-28,2019,5,28,8888.0,meteorological_log_domain,0.13265171555728175,,False
2019-05-29,2019,5,29,24.3,,24.300000000000004,,False
2019-05-30,2019,5,30,0.0,,5.183574463358577e-05,,False
2019-05-31,2019,5,31,,,0.015454864039534786,cubic_spline_log,False
2019-06-01,2019,6,1,12.4,,12.399999999999999,,False
2019-06-02,2019,6,2,8888.0,meteorological_log_domain,8.640913552185486,,False
2019-06-03,2019,6,3,0.0,,5.183574463358577e-05,,False
2019-06-04,2019,6,4,8888.0,meteorological_log_domain,6.595042929742762,,False
2019-06-05,2019,6,5,,,200.0,cubic_spline_log,True
2019-06-06,2019,6,6,17.3,,17.3,,False
2019-06-07,2019,6,7,0.0,,5.183574463358577e-05,,False
2019-06-08,2019,6,8,13.6,,13.6,,False
2019-06-09,2019,6,9,0.0,,5.183574463358577e-05,,False
2019-06-10,2019,6,10,0.0,,5.183574463358577e-05,,False
2019-06-11,2019,6,11,1.8,,1.8,,False
2019-06-12,2019,6,12,0.0,,5.183574463358577e-05,,False
2019-06-13,2019,6,13,,,5.183574463358577e-05,cubic_spline_log,False
2019-06-14,2019,6,14,,,5.183574463358577e-05,cubic_spline_log,False
2019-06-15,2019,6,15,0.0,,5.183574463358577e-05,,False
2019-06-16,2019,6,16,0.0,,5.183574463358577e-05,,False
2019-06-17,2019,6,17,0.0,,5.183574463358577e-05,,False
2019-06-18,2019,6,18,0.0,,5.183574463358577e-05,,False
2019-06-19,2019,6,19,18.1,,18.1,,False
2019-06-20,2019,6,20,0.0,,5.183574463358577e-05,,False
2019-06-21,2019,6,21,0.3,,0.3,,False
2019-06-22,2019,6,22,,,45.63054205295677,cubic_spline_log,True
2019-06-23,2019,6,23,9.0,,8.999999999999998,,False
2019-06-24,2019,6,24,0.0,,5.183574463358577e-05,,False
2019-06-25,2019,6,25,0.4,,0.4,,False
2019-06-26,2019,6,26,7.6,,7.599999999999999,,False
2019-06-27,2019,6,27,0.0,,5.183574463358577e-05,,False
2019-06-28,2019,6,28,0.0,,5.183574463358577e-05,,False
2019-06-29,2019,6,29,,,0.013068686823443124,cubic_spline_log,False
2019-06-30,2019,6,30,,,0.006469929101420005,cubic_spline_log,False
2019-07-01,2019,7,1,0.0,,5.183574463358577e-05,,False
2019-07-02,2019,7,2,0.0,,5.183574463358577e-05,,False
2019-07-03,2019,7,3,0.0,,5.183574463358577e-05,,False
2019-07-04,2019,7,4,0.0,,5.183574463358577e-05,,False
2019-07-05,2019,7,5,0.0,,5.183574463358577e-05,,False
2019-07-06,2019,7,6,0.0,,5.183574463358577e-05,,False
2019-07-07,2019,7,7,,,5.183574463358577e-05,cubic_spline_log,False
2019-07-08,2019,7,8,0.0,,5.183574463358577e-05,,False
2019-07-09,2019,7,9,1.2,,1.2,,False
2019-07-10,2019,7,10,0.0,,5.183574463358577e-05,,False
2019-07-11,2019,7,11,0.2,,0.19999999999999998,,False
2019-07-12,2019,7,12,,,0.058688011680710146,cubic_spline_log,False
2019-07-13,2019,7,13,0.0,,5.183574463358577e-05,,False
2019-07-14,2019,7,14,,,0.48619057939891197,cubic_spline_log,False
2019-07-15,2019,7,15,8888.0,meteorological_log_domain,2.8444481502067056,,False
2019-07-16,2019,7,16,0.0,,5.183574463358577e-05,,False
2019-07-17,2019,7,17,0.0,,5.183574463358577e-05,,False
2019-07-18,2019,7,18,0.0,,5.183574463358577e-05,,False
2019-07-19,2019,7,19,8888.0,meteorological_log_domain,0.10978785790698678,,False
2019-07-20,2019,7,20,7.5,,7.500000000000001,,False
2019-07-22,2019,7,22,0.0,,5.183574463358577e-05,,False
2019-07-23,2019,7,23,0.0,,5.183574463358577e-05,,False
2019-07-24,2019,7,24,4.4,,4.4,,False
2019-07-25,2019,7,25,,,0.7990971045748548,cubic_spline_log,False
2019-07-26,2019,7,26,0.0,,5.183574463358577e-05,,False
2019-07-27,2019,7,27,0.0,,5.183574463358577e-05,,False
2019-07-28,2019,7,28,,,5.183574463358577e-05,cubic_spline_log,False
2019-07-29,2019,7,29,0.0,,5.183574463358577e-05,,False
2019-07-30,2019,7,30,,,0.12154555919762565,cubic_spline_log,False
2019-07-31,2019,7,31,0.3,,0.3,,False
2019-08-01,2019,8,1,0.0,,5.183574463358577e-05,,False
2019-08-02,2019,8,2,0.0,,5.183574463358577e-05,,False
2019-08-03,2019,8,3,0.0,,5.183574463358577e-05,,False
2019-08-04,2019,8,4,0.0,,5.183574463358577e-05,,False
2019-08-05,2019,8,5,,,0.00045582207403270514,cubic_spline_log,False
2019-08-06,2019,8,6,0.0,,5.183574463358577e-05,,False
2019-08-07,2019,8,7,0.0,,5.183574463358577e-05,,False
2019-08-08,2019,8,8,0.0,,5.183574463358577e-05,,False
2019-08-09,2019,8,9,0.0,,5.183574463358577e-05,,False
2019-08-10,2019,8,10,4.5,,4.500000000000001,,False
2019-08-11,2019,8,11,2.6,,2.6,,False
2019-08-12,2019,8,12,0.0,,5.183574463358577e-05,,False
2019-08-13,2019,8,13,,,5.183574463358577e-05,cubic_spline_log,False
2019-08-14,2019,8,14,8888.0,meteorological_log_domain,5.183574463358577e-05,,False
2019-08-15,2019,8,15,,,0.0014068384671535941,cubic_spline_log,False
2019-08-16,2019,8,16,0.2,,0.19999999999999998,,False
2019-08-17,2019,8,17,4.9,,4.9,,False
2019-08-18,2019,8,18,0.0,,5.183574463358577e-05,,False
2019-08-19,2019,8,19,8888.0,meteorological_log_domain,1.4445295265203002,,False
2019-08-20,2019,8,20,0.0,,5.183574463358577e-05,,False
2019-08-21,2019,8,21,30.0,,29.999999999999993,,True
2019-08-22,2019,8,22,33.0,,33.0,,True
2019-08-23,2019,8,23,0.5,,0.5,,False
2019-08-24,2019,8,24,2.6,,2.6,,False
2019-08-25,2019,8,25,7.2,,7.2,,False
2019-08-26,2019,8,26,8888.0,meteorological_log_domain,5.8644524872064725,,False
2019-08-27,2019,8,27,0.0,,5.183574463358577e-05,,False
2019-08-28,2019,8,28,0.0,,5.183574463358577e-05,,False
2019-08-29,2019,8,29,,,1.2453897873374378,cubic_spline_log,False
2019-08-30,2019,8,30,8888.0,meteorological_log_domain,2.210269997854814,,False
2019-08-31,2019,8,31,0.0,,5.183574463358577e-05,,False
2019-09-01,2019,9,1,3.0,,3.0,,False
2019-09-02,2019,9,2,0.6,,0.6,,False
2019-09-03,2019,9,3,0.0,,5.183574463358577e-05,,False
2019-09-04,2019,9,4,0.0,,5.183574463358577e-05,,False
2019-09-05,2019,9,5,20.0,,19.999999999999996,,False
2019-09-06,2019,9,6,,,200.0,cubic_spline_log,True
2019-09-07,2019,9,7,30.5,,30.499999999999993,,True
2019-09-08,2019,9,8,0.0,,5.183574463358577e-05,,False
2019-09-09,2019,9,9,1.1,,1.1,,False
2019-09-10,2019,9,10,8888.0,meteorological_log_domain,0.16917710033210603,,False
2019-09-11,2019,9,11,1.8,,1.8,,False
2019-09-12,2019,9,12,0.0,,5.183574463358577e-05,,False
2019-09-13,2019,9,13,0.0,,5.183574463358577e-05,,False
2019-09-14,2019,9,14,,,5.183574463358577e-05,cubic_spline_log,False
2019-09-16,2019,9,16,0.0,,5.183574463358577e-05,,False
2019-09-17,2019,9,17,1.0,,1.0,,False
2019-09-18,2019,9,18,0.0,,5.183574463358577e-05,,False
2019-09-19,2019,9,19,0.0,,5.183574463358577e-05,,False
2019-09-20,2019,9,20,18.8,,18.8,,False
2019-09-21,2019,9,21,0.0,,5.183574463358577e-05,,False
2019-09-22,2019,9,22,6.8,,6.8,,False
2019-09-23,2019,9,23,0.0,,5.183574463358577e-05,,False
2019-09-24,2019,9,24,0.0,,5.183574463358577e-05,,False
2019-09-25,2019,9,25,0.0,,5.183574463358577e-05,,False
2019-09-26,2019,9,26,22.7,,22.7,,False
2019-09-27,2019,9,27,0.0,,5.183574463358577e-05,,False
2019-09-28,2019,9,28,0.0,,5.183574463358577e-05,,False
2019-09-29,2019,9,29,0.0,,5.183574463358577e-05,,False
2019-09-30,2019,9,30,,,0.0022722631236421764,cubic_spline_log,False
2019-10-01,2019,10,1,0.0,,5.183574463358577e-05,,False
2019-10-02,2019,10,2,0.0,,5.183574463358577e-05,,False
2019-10-03,2019,10,3,8888.0,meteorological_log_domain,4.223134346459491,,False
2019-10-04,2019,10,4,10.0,,9.999999999999998,,False
2019-10-05,2019,10,5,8888.0,meteorological_log_domain,0.9765558632929726,,False
2019-10-06,2019,10,6,0.0,,5.183574463358577e-05,,False
2019-10-07,2019,10,7,,,0.057535274147539055,cubic_spline_log,False
2019-10-08,2019,10,8,8.3,,8.299999999999999,,False
2019-10-09,2019,10,9,37.5,,37.49999999999999,,True
2019-10-10,2019,10,10,3.8,,3.7999999999999994,,False
2019-10-11,2019,10,11,0.2,,0.19999999999999998,,False
2019-10-12,2019,10,12,0.8,,0.8,,False
2019-10-13,2019,10,13,0.1,,0.10000000000000002,,False
2019-10-14,2019,10,14,0.2,,0.19999999999999998,,False
2019-10-15,2019,10,15,0.4,,0.4,,False
2019-10-16,2019,10,16,,,2.567073834769157,cubic_spline_log,False
2019-10-17,2019,10,17,5.8,,5.799999999999999,,False
2019-10-18,2019,10,18,1.6,,1.6,,False
2019-10-19,2019,10,19,8.1,,8.099999999999998,,False
2019-10-20,2019,10,20,0.8,,0.8,,False
2019-10-21,2019,10,21,0.0,,5.183574463358577e-05,,False
2019-10-22,2019,10,22,8888.0,meteorological_log_domain,2.5596538242107334,,False
2019-10-23,2019,10,23,3.3,,3.3000000000000003,,False
2019-10-24,2019,10,24,,,3.90223285222964,cubic_spline_log,False
2019-10-25,2019,10,25,3.7,,3.7000000000000006,,False
2019-10-26,2019,10,26,1.3,,1.3,,False
2019-10-27,2019,10,27,9.3,,9.3,,False
2019-10-28,2019,10,28,0.1,,0.10000000000000002,,False
2019-10-29,2019,10,29,,,6.864726957893155,cubic_spline_log,False
2019-10-30,2019,10,30,30.3,,30.299999999999997,,True
2019-10-31,2019,10,31,0.0,,5.183574463358577e-05,,False
2019-11-01,2019,11,1,13.6,,13.6,,False
2019-11-02,2019,11,2,0.0,,5.183574463358577e-05,,False
2019-11-03,2019,11,3,0.0,,5.183574463358577e-05,,False
2019-11-04,2019,11,4,8888.0,meteorological_log_domain,5.461594514727561,,False
2019-11-05,2019,11,5,0.0,,5.183574463358577e-05,,False
2019-11-06,2019,11,6,3.3,,3.3000000000000003,,False
2019-11-07,2019,11,7,0.0,,5.183574463358577e-05,,False
2019-11-08,2019,11,8,21.7,,21.699999999999996,,False
2019-11-09,2019,11,9,0.0,,5.183574463358577e-05,,False
2019-11-10,2019,11,10,,,5.183574463358577e-05,cubic_spline_log,False
2019-11-11,2019,11,11,0.0,,5.183574463358577e-05,,False
2019-11-12,2019,11,12,13.8,,13.799999999999999,,False
2019-11-13,2019,11,13,2.0,,1.9999999999999998,,False
2019-11-14,2019,11,14,35.5,,35.49999999999999,,True
2019-11-15,2019,11,15,0.0,,5.183574463358577e-05,,False
2019-11-16,2019,11,16,0.0,,5.183574463358577e-05,,False
2019-11-17,2019,11,17,0.0,,5.183574463358577e-05,,False
2019-11-18,2019,11,18,0.0,,5.183574463358577e-05,,False
2019-11-19,2019,11,19,0.8,,0.8,,False
2019-11-20,2019,11,20,0.0,,5.183574463358577e-05,,False
2019-11-21,2019,11,21,3.8,,3.7999999999999994,,False
2019-11-22,2019,11,22,1.7,,1.7,,False
2019-11-23,2019,11,23,0.6,,0.6,,False
2019-11-24,2019,11,24,1.6,,1.6,,False
2019-11-25,2019,11,25,2.0,,1.9999999999999998,,False
2019-11-26,2019,11,26,2.0,,1.9999999999999998,,False
2019-11-27,2019,11,27,0.0,,5.183574463358577e-05,,False
2019-11-28,2019,11,28,,,0.03429175143132378,cubic_spline_log,False
2019-11-29,2019,11,29,2.0,,1.9999999999999998,,False
2019-11-30,2019,11,30,0.8,,0.8,,False
2019-12-01,2019,12,1,0.5,,0.5,,False
2019-12-02,2019,12,2,10.4,,10.4,,False
2019-12-03,2019,12,3,26.0,,25.999999999999996,,True
2019-12-04,2019,12,4,,,120.89267677600894,cubic_spline_log,True
2019-12-05,2019,12,5,11.3,,11.3,,False
2019-12-06,2019,12,6,0.0,,5.183574463358577e-05,,False
2019-12-07,2019,12,7,0.4,,0.4,,False
2019-12-08,2019,12,8,3.1,,3.1,,False
2019-12-09,2019,12,9,0.6,,0.6,,False
2019-12-10,2019,12,10,8888.0,meteorological_log_domain,4.114105091162898,,False
2019-12-11,2019,12,11,0.0,,5.183574463358577e-05,,False
2019-12-12,2019,12,12,,,5.183574463358577e-05,cubic_spline_log,False
2019-12-13,2019,12,13,0.0,,5.183574463358577e-05,,False
2019-12-14,2019,12,14,0.0,,5.183574463358577e-05,,False
2019-12-15,2019,12,15,27.1,,27.100000000000005,,True
2019-12-16,2019,12,16,46.8,,46.800000000000004,,True
2019-12-17,2019,12,17,8888.0,meteorological_log_domain,6.627204446315491,,False
2019-12-18,2019,12,18,,,0.22395283129825658,cubic_spline_log,False
2019-12-19,2019,12,19,,,0.0011517980426634118,cubic_spline_log,False
2019-12-20,2019,12,20,0.0,,5.183574463358577e-05,,False
2019-12-21,2019,12,21,0.5,,0.5,,False
2019-12-22,2019,12,22,8888.0,meteorological_log_domain,3.141642016894348,,False
2019-12-23,2019,12,23,0.0,,5.183574463358577e-05,,False
2019-12-24,2019,12,24,0.0,,5.183574463358577e-05,,False
2019-12-25,2019,12,25,0.0,,5.183574463358577e-05,,False
2019-12-26,2019,12,26,,,0.001871102580095407,cubic_spline_log,False
2019-12-27,2019,12,27,0.0,,5.183574463358577e-05,,False
2019-12-28,2019,12,28,0.0,,5.183574463358577e-05,,False
2019-12-29,2019,12,29,0.3,,0.3,,False
2019-12-30,2019,12,30,8888.0,meteorological_log_domain,0.053869449021109704,,False
2019-12-31,2019,12,31,8888.0,meteorological_log_domain,2.184377022626575,,False
2020-01-01,2020,1,1,0.0,,5.183574463358577e-05,,False
2020-01-02,2020,1,2,,,5.183574463358577e-05,cubic_spline_log,False
2020-01-03,2020,1,3,0.0,,5.183574463358577e-05,,False
2020-01-04,2020,1,4,,,5.183574463358577e-05,cubic_spline_log,False
2020-01-05,2020,1,5,0.0,,5.183574463358577e-05,,False
2020-01-06,2020,1,6,0.0,,5.183574463358577e-05,,False
2020-01-07,2020,1,7,,,5.183574463358577e-05,cubic_spline_log,False
2020-01-08,2020,1,8,0.0,,5.183574463358577e-05,,False
2020-01-09,2020,1,9,,,0.0722798672891926,cubic_spline_log,False
2020-01-10,2020,1,10,0.4,,0.4,,False
2020-01-11,2020,1,11,,,0.07356480751381321,cubic_spline_log,False
2020-01-12,2020,1,12,0.0,,5.183574463358577e-05,,False
2020-01-13,2020,1,13,0.0,,5.183574463358577e-05,,False
2020-01-14,2020,1,14,,,0.0014326676193685915,cubic_spline_log,False
2020-01-15,2020,1,15,0.0,,5.183574463358577e-05,,False
2020-01-16,2020,1,16,,,5.183574463358577e-05,cubic_spline_log,False
2020-01-17,2020,1,17,0.0,,5.183574463358577e-05,,False
2020-01-18,2020,1,18,0.0,,5.183574463358577e-05,,False
2020-01-19,2020,1,19,0.0,,5.183574463358577e-05,,False
2020-01-20,2020,1,20,1.8,,1.8,,False
2020-01-21,2020,1,21,,,11.208973067605312,cubic_spline_log,False
2020-01-22,2020,1,22,8888.0,meteorological_log_domain,2.5568162570775588,,False
2020-01-23,2020,1,23,,,0.37774108714416815,cubic_spline_log,False
2020-01-24,2020,1,24,,,0.05321995834109449,cubic_spline_log,False
2020-01-25,2020,1,25,0.0,,5.183574463358577e-05,,False
2020-01-26,2020,1,26,,,5.183574463358577e-05,cubic_spline_log,False
2020-01-27,2020,1,27,0.0,,5.183574463358577e-05,,False
2020-01-28,2020,1,28,1.3,,1.3,,False
2020-01-29,2020,1,29,4.1,,4.1,,False
2020-01-30,2020,1,30,,,0.17782251449267572,cubic_spline_log,False
2020-01-31,2020,1,31,0.0,,5.183574463358577e-05,,False
2020-02-01,2020,2,1,,,0.010554340100468821,cubic_spline_log,False
2020-02-02,2020,2,2,,,0.23068836283489605,cubic_spline_log,False
2020-02-03,2020,2,3,0.6,,0.6,,False
2020-02-04,2020,2,4,,,0.045028325320454254,cubic_spline_log,False
2020-02-05,2020,2,5,0.0,,5.183574463358577e-05,,False
2020-02-06,2020,2,6,,,0.1092009341152698,cubic_spline_log,False
2020-02-07,2020,2,7,1.0,,1.0,,False
2020-02-08,2020,2,8,0.1,,0.10000000000000002,,False
2020-02-09,2020,2,9,,,0.01219085450736484,cubic_spline_log,False
2020-02-10,2020,2,10,0.2,,0.19999999999999998,,False
2020-02-11,2020,2,11,17.5,,17.5,,False
2020-02-12,2020,2,12,1.0,,1.0,,False
2020-02-13,2020,2,13,,,3.759590319421852,cubic_spline_log,False
2020-02-14,2020,2,14,25.9,,25.9,,True
2020-02-15,2020,2,15,3.3,,3.3000000000000003,,False
2020-02-16,2020,2,16,5.6,,5.6,,False
2020-02-17,2020,2,17,0.0,,5.183574463358577e-05,,False
2020-02-18,2020,2,18,,,5.183574463358577e-05,cubic_spline_log,False
2020-02-19,2020,2,19,0.1,,0.10000000000000002,,False
2020-02-20,2020,2,20,,,2.1309700956494146,cubic_spline_log,False
2020-02-21,2020,2,21,8888.0,meteorological_log_domain,3.7872574065898097,,False
2020-02-22,2020,2,22,0.2,,0.19999999999999998,,False
2020-02-23,2020,2,23,,,0.35628669327173446,cubic_spline_log,False
2020-02-24,2020,2,24,0.5,,0.5,,False
2020-02-25,2020,2,25,0.0,,5.183574463358577e-05,,False
2020-02-26,2020,2,26,,,5.183574463358577e-05,cubic_spline_log,False
2020-02-27,2020,2,27,,,5.183574463358577e-05,cubic_spline_log,False
2020-02-28,2020,2,28,,,5.183574463358577e-05,cubic_spline_log,False
2020-02-29,2020,2,29,0.0,,5.183574463358577e-05,,False
2020-03-01,2020,3,1,0.0,,5.183574463358577e-05,,False
2020-03-02,2020,3,2,0.0,,5.183574463358577e-05,,False
2020-03-03,2020,3,3,,,5.183574463358577e-05,cubic_spline_log,False
2020-03-04,2020,3,4,0.0,,5.183574463358577e-05,,False
2020-03-05,2020,3,5,,,5.869049083786354e-05,cubic_spline_log,False
2020-03-06,2020,3,6,0.0,,5.183574463358577e-05,,False
2020-03-07,2020,3,7,0.0,,5.183574463358577e-05,,False
2020-03-08,2020,3,8,,,0.0012615670588618597,cubic_spline_log,False
2020-03-09,2020,3,9,0.0,,5.183574463358577e-05,,False
2020-03-10,2020,3,10,0.0,,5.183574463358577e-05,,False
2020-03-11,2020,3,11,8888.0,meteorological_log_domain,0.03042010335336802,,False
2020-03-12,2020,3,12,0.0,,5.183574463358577e-05,,False
2020-03-13,2020,3,13,0.0,,5.183574463358577e-05,,False
2020-03-14,2020,3,14,,,5.183574463358577e-05,cubic_spline_log,False
2020-03-15,2020,3,15,0.0,,5.183574463358577e-05,,False
2020-03-16,2020,3,16,15.8,,15.8,,False
2020-03-17,2020,3,17,,,113.35582365136815,cubic_spline_log,True
2020-03-18,2020,3,18,8888.0,meteorological_log_domain,1.9249966133050136,,False
2020-03-19,2020,3,19,0.0,,5.183574463358577e-05,,False
2020-03-20,2020,3,20,,,5.183574463358577e-05,cubic_spline_log,False
2020-03-21,2020,3,21,0.0,,5.183574463358577e-05,,False
2020-03-22,2020,3,22,0.0,,5.183574463358577e-05,,False
2020-03-23,2020,3,23,,,0.004161288524853108,cubic_spline_log,False
2020-03-24,2020,3,24,0.0,,5.183574463358577e-05,,False
2020-03-25,2020,3,25,0.0,,5.183574463358577e-05,,False
2020-03-26,2020,3,26,2.0,,1.9999999999999998,,False
2020-03-27,2020,3,27,2.0,,1.9999999999999998,,False
2020-03-28,2020,3,28,0.0,,5.183574463358577e-05,,False
2020-03-29,2020,3,29,,,5.183574463358577e-05,cubic_spline_log,False
2020-03-30,2020,3,30,0.0,,5.183574463358577e-05,,False
2020-03-31,2020,3,31,8888.0,meteorological_log_domain,2.0900772355236112,,False
2020-04-01,2020,4,1,,,0.5029144046184514,cubic_spline_log,False
2020-04-02,2020,4,2,0.0,,5.183574463358577e-05,,False
2020-04-03,2020,4,3,0.0,,5.183574463358577e-05,,False
2020-04-04,2020,4,4,,,5.183574463358577e-05,cubic_spline_log,False
2020-04-05,2020,4,5,0.0,,5.183574463358577e-05,,False
2020-04-06,2020,4,6,4.7,,4.7,,False
2020-04-07,2020,4,7,18.2,,18.2,,False
2020-04-08,2020,4,8,22.0,,22.0,,False
2020-04-09,2020,4,9,1.0,,1.0,,False
2020-04-10,2020,4,10,,,0.04574453591192187,cubic_spline_log,False
2020-04-11,2020,4,11,0.0,,5.183574463358577e-05,,False
2020-04-12,2020,4,12,0.0,,5.183574463358577e-05,,False
2020-04-13,2020,4,13,0.6,,0.6,,False
2020-04-14,2020,4,14,29.1,,29.100000000000005,,True
2020-04-15,2020,4,15,0.2,,0.19999999999999998,,False
2020-04-16,2020,4,16,,,5.183574463358577e-05,cubic_spline_log,False
2020-04-17,2020,4,17,0.0,,5.183574463358577e-05,,False
2020-04-18,2020,4,18,63.5,,63.50000000000002,,True
2020-04-19,2020,4,19,0.0,,5.183574463358577e-05,,False
2020-04-20,2020,4,20,5.0,,5.0,,False
2020-04-21,2020,4,21,,,5.333443939545084,cubic_spline_log,False
2020-04-22,2020,4,22,0.2,,0.19999999999999998,,False
2020-04-23,2020,4,23,1.0,,1.0,,False
2020-04-24,2020,4,24,8888.0,meteorological_log_domain,0.002589453414442784,,False
2020-04-25,2020,4,25,,,5.183574463358577e-05,cubic_spline_log,False
2020-04-26,2020,4,26,0.0,,5.183574463358577e-05,,False
2020-04-27,2020,4,27,24.0,,24.000000000000004,,False
2020-04-28,2020,4,28,0.4,,0.4,,False
2020-04-29,2020,4,29,1.3,,1.3,,False
2020-04-30,2020,4,30,12.4,,12.399999999999999,,False
2020-05-01,2020,5,1,4.0,,4.0,,False
2020-05-02,2020,5,2,8888.0,meteorological_log_domain,0.12513338197866491,,False
2020-05-03,2020,5,3,38.0,,38.0,,True
2020-05-04,2020,5,4,26.0,,25.999999999999996,,True
2020-05-05,2020,5,5,2.8,,2.8,,False
2020-05-06,2020,5,6,22.9,,22.900000000000002,,False
2020-05-07,2020,5,7,0.0,,5.183574463358577e-05,,False
2020-05-08,2020,5,8,22.4,,22.4,,False
2020-05-09,2020,5,9,58.5,,58.50000000000002,,True
2020-05-10,2020,5,10,93.3,,93.30000000000001,,True
2020-05-11,2020,5,11,4.8,,4.8,,False
2020-05-12,2020,5,12,25.0,,25.000000000000004,,False
2020-05-13,2020,5,13,0.1,,0.10000000000000002,,False
2020-05-14,2020,5,14,21.0,,21.0,,False
2020-05-15,2020,5,15,18.0,,17.999999999999996,,False
2020-05-16,2020,5,16,10.7,,10.7,,False
2020-05-17,2020,5,17,2.2,,2.2,,False
2020-05-18,2020,5,18,0.0,,5.183574463358577e-05,,False
2020-05-19,2020,5,19,0.0,,5.183574463358577e-05,,False
2020-05-20,2020,5,20,26.8,,26.800000000000004,,True
2020-05-21,2020,5,21,0.0,,5.183574463358577e-05,,False
2020-05-22,2020,5,22,,,5.183574463358577e-05,cubic_spline_log,False
2020-05-23,2020,5,23,0.0,,5.183574463358577e-05,,False
2020-05-24,2020,5,24,0.0,,5.183574463358577e-05,,False
2020-05-25,2020,5,25,1.6,,1.6,,False
2020-05-26,2020,5,26,4.2,,4.2,,False
2020-05-27,2020,5,27,0.0,,5.183574463358577e-05,,False
2020-05-28,2020,5,28,,,0.3436521788053731,cubic_spline_log,False
2020-05-29,2020,5,29,50.7,,50.70000000000001,,True
2020-05-30,2020,5,30,0.6,,0.6,,False
2020-05-31,2020,5,31,0.0,,5.183574463358577e-05,,False
2020-06-01,2020,6,1,0.7,,0.7,,False
2020-06-02,2020,6,2,28.0,,27.999999999999996,,True
2020-06-03,2020,6,3,,,1.6993723364426405,cubic_spline_log,False
2020-06-04,2020,6,4,0.2,,0.19999999999999998,,False
2020-06-05,2020,6,5,5.4,,5.4,,False
2020-06-06,2020,6,6,0.7,,0.7,,False
2020-06-07,2020,6,7,0.2,,0.19999999999999998,,False
2020-06-08,2020,6,8,0.0,,5.183574463358577e-05,,False
2020-06-09,2020,6,9,0.0,,5.183574463358577e-05,,False
2020-06-10,2020,6,10,0.0,,5.183574463358577e-05,,False
2020-06-11,2020,6,11,0.0,,5.183574463358577e-05,,False
2020-06-12,2020,6,12,23.3,,23.300000000000004,,False
2020-06-13,2020,6,13,0.1,,0.10000000000000002,,False
2020-06-14,2020,6,14,0.0,,5.183574463358577e-05,,False
2020-06-15,2020,6,15,0.8,,0.8,,False
2020-06-16,2020,6,16,24.0,,24.000000000000004,,False
2020-06-17,2020,6,17,0.0,,5.183574463358577e-05,,False
2020-06-18,2020,6,18,,,0.17554423702201571,cubic_spline_log,False
2020-06-19,2020,6,19,8888.0,meteorological_log_domain,3.5830495558837256,,False
2020-06-20,2020,6,20,0.0,,5.183574463358577e-05,,False
2020-06-21,2020,6,21,38.0,,38.0,,True
2020-06-22,2020,6,22,8888.0,meteorological_log_domain,3.677521942144528,,False
2020-06-23,2020,6,23,4.1,,4.1,,False
2020-06-24,2020,6,24,,,0.02872907759197993,cubic_spline_log,False
2020-06-25,2020,6,25,0.0,,5.183574463358577e-05,,False
2020-06-26,2020,6,26,23.0,,23.0,,False
2020-06-27,2020,6,27,1.2,,1.2,,False
2020-06-28,2020,6,28,0.0,,5.183574463358577e-05,,False
2020-06-29,2020,6,29,0.0,,5.183574463358577e-05,,False
2020-06-30,2020,6,30,0.0,,5.183574463358577e-05,,False
2020-07-01,2020,7,1,15.2,,15.199999999999996,,False
2020-07-02,2020,7,2,10.1,,10.099999999999998,,False
2020-07-03,2020,7,3,,,0.2711204196647442,cubic_spline_log,False
2020-07-04,2020,7,4,0.0,,5.183574463358577e-05,,False
2020-07-05,2020,7,5,0.0,,5.183574463358577e-05,,False
2020-07-06,2020,7,6,14.5,,14.5,,False
2020-07-07,2020,7,7,4.3,,4.3,,False
2020-07-08,2020,7,8,0.0,,5.183574463358577e-05,,False
2020-07-09,2020,7,9,1.0,,1.0,,False
2020-07-10,2020,7,10,0.0,,5.183574463358577e-05,,False
2020-07-11,2020,7,11,8888.0,meteorological_log_domain,3.43361056952324,,False
2020-07-12,2020,7,12,8888.0,meteorological_log_domain,3.117109066433488,,False
2020-07-13,2020,7,13,0.8,,0.8,,False
2020-07-14,2020,7,14,0.0,,5.183574463358577e-05,,False
2020-07-15,2020,7,15,,,5.183574463358577e-05,cubic_spline_log,False
2020-07-16,2020,7,16,0.0,,5.183574463358577e-05,,False
2020-07-17,2020,7,17,0.0,,5.183574463358577e-05,,False
2020-07-18,2020,7,18,8888.0,meteorological_log_domain,5.556751330131546,,False
2020-07-19,2020,7,19,0.0,,5.183574463358577e-05,,False
2020-07-20,2020,7,20,0.0,,5.183574463358577e-05,,False
2020-07-21,2020,7,21,,,6.768368609769966,cubic_spline_log,False
2020-07-22,2020,7,22,16.7,,16.7,,False
2020-07-23,2020,7,23,8888.0,meteorological_log_domain,0.0028915389535207666,,False
2020-07-24,2020,7,24,6.8,,6.8,,False
2020-07-25,2020,7,25,0.0,,5.183574463358577e-05,,False
2020-07-26,2020,7,26,0.0,,5.183574463358577e-05,,False
2020-07-27,2020,7,27,42.5,,42.50000000000001,,True
2020-07-28,2020,7,28,15.0,,14.999999999999998,,False
2020-07-29,2020,7,29,10.3,,10.300000000000002,,False
2020-07-30,2020,7,30,0.0,,5.183574463358577e-05,,False
2020-07-31,2020,7,31,0.0,,5.183574463358577e-05,,False
2020-08-01,2020,8,1,0.0,,5.183574463358577e-05,,False
2020-08-02,2020,8,2,0.0,,5.183574463358577e-05,,False
2020-08-03,2020,8,3,,,0.00034188639146771026,cubic_spline_log,False
2020-08-04,2020,8,4,0.0,,5.183574463358577e-05,,False
2020-08-05,2020,8,5,0.0,,5.183574463358577e-05,,False
2020-08-06,2020,8,6,,,5.183574463358577e-05,cubic_spline_log,False
2020-08-07,2020,8,7,0.0,,5.183574463358577e-05,,False
2020-08-08,2020,8,8,0.0,,5.183574463358577e-05,,False
2020-08-09,2020,8,9,0.0,,5.183574463358577e-05,,False
2020-08-10,2020,8,10,,,5.183574463358577e-05,cubic_spline_log,False
2020-08-11,2020,8,11,0.0,,5.183574463358577e-05,,False
2020-08-12,2020,8,12,0.0,,5.183574463358577e-05,,False
2020-08-13,2020,8,13,,,5.183574463358577e-05,cubic_spline_log,False
2020-08-14,2020,8,14,0.0,,5.183574463358577e-05,,False
2020-08-15,2020,8,15,0.0,,5.183574463358577e-05,,False
2020-08-16,2020,8,16,0.0,,5.183574463358577e-05,,False
2020-08-17,2020,8,17,,,0.012319704070517775,cubic_spline_log,False
2020-08-18,2020,8,18,8888.0,meteorological_log_domain,0.23921233959201163,,False
2020-08-19,2020,8,19,8888.0,meteorological_log_domain,3.534764969135308,,False
2020-08-20,2020,8,20,,,0.12698016237224644,cubic_spline_log,False
2020-08-21,2020,8,21,0.0,,5.183574463358577e-05,,False
2020-08-22,2020,8,22,0.4,,0.4,,False
2020-08-23,2020,8,23,2.0,,1.9999999999999998,,False
2020-08-24,2020,8,24,,,4.445955101411986,cubic_spline_log,False
2020-08-25,2020,8,25,0.4,,0.4,,False
2020-08-26,2020,8,26,0.0,,5.183574463358577e-05,,False
2020-08-27,2020,8,27,8888.0,meteorological_log_domain,5.937629337603425,,False
2020-08-28,2020,8,28,0.0,,5.183574463358577e-05,,False
2020-08-29,2020,8,29,0.6,,0.6,,False
2020-08-30,2020,8,30,0.0,,5.183574463358577e-05,,False
2020-08-31,2020,8,31,,,1.1564747989445667,cubic_spline_log,False
2020-09-01,2020,9,1,20.0,,19.999999999999996,,False
2020-09-02,2020,9,2,0.0,,5.183574463358577e-05,,False
2020-09-03,2020,9,3,8888.0,meteorological_log_domain,6.282546746229216,,False
2020-09-04,2020,9,4,8888.0,meteorological_log_domain,0.026397725197022152,,False
2020-09-05,2020,9,5,8888.0,meteorological_log_domain,0.14417368102070027,,False
2020-09-06,2020,9,6,3.2,,3.2,,False
2020-09-07,2020,9,7,0.2,,0.19999999999999998,,False
2020-09-08,2020,9,8,0.6,,0.6,,False
2020-09-09,2020,9,9,0.4,,0.4,,False
2020-09-10,2020,9,10,8888.0,meteorological_log_domain,5.246361812443194,,False
2020-09-11,2020,9,11,0.0,,5.183574463358577e-05,,False
2020-09-12,2020,9,12,0.4,,0.4,,False
2020-09-13,2020,9,13,5.0,,5.0,,False
2020-09-14,2020,9,14,8888.0,meteorological_log_domain,3.7711414508898047,,False
2020-09-15,2020,9,15,8888.0,meteorological_log_domain,0.030908109217601586,,False
2020-09-16,2020,9,16,0.0,,5.183574463358577e-05,,False
2020-09-17,2020,9,17,0.0,,5.183574463358577e-05,,False
2020-09-18,2020,9,18,,,5.183574463358577e-05,cubic_spline_log,False
2020-09-19,2020,9,19,0.0,,5.183574463358577e-05,,False
2020-09-20,2020,9,20,2.0,,1.9999999999999998,,False
2020-09-21,2020,9,21,0.5,,0.5,,False
2020-09-22,2020,9,22,8888.0,meteorological_log_domain,0.4424280735935463,,False
2020-09-23,2020,9,23,0.0,,5.183574463358577e-05,,False
2020-09-24,2020,9,24,0.7,,0.7,,False
2020-09-25,2020,9,25,30.0,,29.999999999999993,,True
2020-09-26,2020,9,26,2.3,,2.3,,False
2020-09-27,2020,9,27,0.1,,0.10000000000000002,,False
2020-09-28,2020,9,28,0.0,,5.183574463358577e-05,,False
2020-09-29,2020,9,29,0.0,,5.183574463358577e-05,,False
2020-09-30,2020,9,30,0.0,,5.183574463358577e-05,,False
2020-10-01,2020,10,1,0.2,,0.19999999999999998,,False
2020-10-02,2020,10,2,7.0,,7.0,,False
2020-10-03,2020,10,3,0.1,,0.10000000000000002,,False
2020-10-04,2020,10,4,0.6,,0.6,,False
2020-10-05,2020,10,5,9.7,,9.7,,False
2020-10-06,2020,10,6,1.3,,1.3,,False
2020-10-07,2020,10,7,2.0,,1.9999999999999998,,False
2020-10-07,2020,10,7,2.0,,1.9999999999999998,,False
2020-10-08,2020,10,8,1.9,,1.9,,False
2020-10-09,2020,10,9,0.0,,5.183574463358577e-05,,False
2020-10-10,2020,10,10,0.0,,5.183574463358577e-05,,False
2020-10-10,2020,10,10,0.0,,5.183574463358577e-05,,False
2020-10-11,2020,10,11,0.0,,5.183574463358577e-05,,False
2020-10-12,2020,10,12,0.0,,5.183574463358577e-05,,False
2020-10-12,2020,10,12,0.0,,5.183574463358577e-05,,False
2020-10-13,2020,10,13,0.0,,5.183574463358577e-05,,False
2020-10-13,2020,10,13,0.0,,5.183574463358577e-05,,False
2020-10-14,2020,10,14,0.0,,5.183574463358577e-05,,False
2020-10-14,2020,10,14,0.0,,5.183574463358577e-05,,False
2020-10-15,2020,10,15,0.0,,5.183574463358577e-05,,False
2020-10-15,2020,10,15,0.0,,5.183574463358577e-05,,False
2020-10-16,2020,10,16,0.0,,5.183574463358577e-05,,False
2020-10-17,2020,10,17,0.0,,5.183574463358577e-05,,False
2020-10-18,2020,10,18,0.1,,0.10000000000000002,,False
2020-10-18,2020,10,18,0.1,,0.10000000000000002,,False
2020-10-19,2020,10,19,0.0,,5.183574463358577e-05,,False
2020-10-19,2020,10,19,0.0,,5.183574463358577e-05,,False
2020-10-20,2020,10,20,31.1,,31.1,,True
2020-10-21,2020,10,21,8888.0,meteorological_log_domain,4.180731848339604,,False
2020-10-22,2020,10,22,0.0,,5.183574463358577e-05,,False
2020-10-23,2020,10,23,4.0,,4.0,,False
2020-10-24,2020,10,24,12.0,,12.0,,False
2020-10-24,2020,10,24,12.0,,12.0,,False
2020-10-25,2020,10,25,0.6,,0.6,,False
2020-10-25,2020,10,25,0.6,,0.6,,False
2020-10-26,2020,10,26,8888.0,meteorological_log_domain,7.15137386087942,,False
2020-10-26,2020,10,26,8888.0,meteorological_log_domain,7.18336612883231,,False
2020-10-27,2020,10,27,8888.0,meteorological_log_domain,2.404534793956626,,False
2020-10-28,2020,10,28,0.0,,5.183574463358577e-05,,False
2020-10-29,2020,10,29,0.0,,5.183574463358577e-05,,False
2020-10-30,2020,10,30,0.0,,5.183574463358577e-05,,False
2020-10-31,2020,10,31,5.2,,5.2,,False
2020-11-01,2020,11,1,0.6,,0.6,,False
2020-11-02,2020,11,2,0.0,,5.183574463358577e-05,,False
2020-11-03,2020,11,3,0.0,,5.183574463358577e-05,,False
2020-11-04,2020,11,4,1.6,,1.6,,False
2020-11-05,2020,11,5,5.5,,5.5,,False
2020-11-06,2020,11,6,0.0,,5.183574463358577e-05,,False
2020-11-07,2020,11,7,58.6,,58.6,,True
2020-11-08,2020,11,8,0.0,,5.183574463358577e-05,,False
2020-11-09,2020,11,9,6.5,,6.500000000000001,,False
2020-11-10,2020,11,10,11.2,,11.200000000000001,,False
2020-11-11,2020,11,11,0.0,,5.183574463358577e-05,,False
2020-11-11,2020,11,11,0.0,,5.183574463358577e-05,,False
2020-11-12,2020,11,12,0.2,,0.19999999999999998,,False
2020-11-13,2020,11,13,0.0,,5.183574463358577e-05,,False
2020-11-14,2020,11,14,39.8,,39.8,,True
2020-11-14,2020,11,14,39.8,,39.8,,True
2020-11-15,2020,11,15,8888.0,meteorological_log_domain,5.384993215261617,,False
2020-11-15,2020,11,15,8888.0,meteorological_log_domain,2.2459750141367985,,False
2020-11-16,2020,11,16,0.0,,5.183574463358577e-05,,False
2020-11-16,2020,11,16,0.0,,5.183574463358577e-05,,False
2020-11-17,2020,11,17,0.1,,0.10000000000000002,,False
2020-11-17,2020,11,17,0.1,,0.10000000000000002,,False
2020-11-18,2020,11,18,55.4,,55.399999999999984,,True
2020-11-18,2020,11,18,55.4,,55.399999999999984,,True
2020-11-19,2020,11,19,1.2,,1.2,,False
2020-11-19,2020,11,19,1.2,,1.2,,False
2020-11-20,2020,11,20,5.0,,5.0,,False
2020-11-20,2020,11,20,5.0,,5.0,,False
2020-11-21,2020,11,21,1.3,,1.3,,False
2020-11-22,2020,11,22,6.0,,6.0,,False
2020-11-22,2020,11,22,6.0,,6.0,,False
2020-11-23,2020,11,23,0.3,,0.3,,False
2020-11-23,2020,11,23,0.3,,0.3,,False
2020-11-24,2020,11,24,7.6,,7.599999999999999,,False
2020-11-24,2020,11,24,7.6,,7.599999999999999,,False
2020-11-25,2020,11,25,1.5,,1.5,,False
2020-11-25,2020,11,25,1.5,,1.5,,False
2020-11-26,2020,11,26,15.0,,14.999999999999998,,False
2020-11-26,2020,11,26,15.0,,14.999999999999998,,False
2020-11-27,2020,11,27,10.3,,10.300000000000002,,False
2020-11-27,2020,11,27,10.3,,10.300000000000002,,False
2020-11-28,2020,11,28,0.3,,0.3,,False
2020-11-28,2020,11,28,0.3,,0.3,,False
2020-11-29,2020,11,29,2.8,,2.8,,False
2020-11-29,2020,11,29,2.8,,2.8,,False
2020-11-30,2020,11,30,8888.0,meteorological_log_domain,2.03635629575522,,False
2020-11-30,2020,11,30,8888.0,meteorological_log_domain,2.2718431515653164,,False
2020-12-01,2020,12,1,0.3,,0.3,,False
2020-12-02,2020,12,2,27.6,,27.600000000000005,,True
2020-12-03,2020,12,3,34.8,,34.800000000000004,,True
2020-12-03,2020,12,3,34.8,,34.800000000000004,,True
2020-12-04,2020,12,4,12.7,,12.699999999999998,,False
2020-12-04,2020,12,4,12.7,,12.699999999999998,,False
2020-12-05,2020,12,5,92.5,,92.49999999999999,,True
2020-12-05,2020,12,5,92.5,,92.49999999999999,,True
2020-12-06,2020,12,6,58.1,,58.10000000000002,,True
2020-12-06,2020,12,6,58.1,,58.10000000000002,,True
2020-12-07,2020,12,7,0.0,,5.183574463358577e-05,,False
2020-12-07,2020,12,7,0.0,,5.183574463358577e-05,,False
2020-12-08,2020,12,8,7.4,,7.400000000000001,,False
2020-12-08,2020,12,8,7.4,,7.400000000000001,,False
2020-12-09,2020,12,9,1.6,,1.6,,False
2020-12-10,2020,12,10,8888.0,meteorological_log_domain,3.2989762196401187,,False
2020-12-11,2020,12,11,11.3,,11.3,,False
2020-12-12,2020,12,12,4.9,,4.9,,False
2020-12-13,2020,12,13,28.9,,28.900000000000002,,True
2020-12-13,2020,12,13,28.9,,28.900000000000002,,True
2020-12-14,2020,12,14,0.5,,0.5,,False
2020-12-15,2020,12,15,18.1,,18.1,,False
2020-12-16,2020,12,16,2.5,,2.5,,False
2020-12-17,2020,12,17,29.7,,29.699999999999996,,True
2020-12-17,2020,12,17,29.7,,29.699999999999996,,True
2020-12-18,2020,12,18,2.1,,2.1,,False
2020-12-19,2020,12,19,1.9,,1.9,,False
2020-12-20,2020,12,20,1.1,,1.1,,False
2020-12-21,2020,12,21,20.4,,20.400000000000002,,False
2020-12-22,2020,12,22,12.8,,12.800000000000002,,False
2020-12-23,2020,12,23,8888.0,meteorological_log_domain,3.8603712656580385,,False
2020-12-24,2020,12,24,0.0,,5.183574463358577e-05,,False
2020-12-25,2020,12,25,2.0,,1.9999999999999998,,False
2020-12-26,2020,12,26,3.0,,3.0,,False
2020-12-26,2020,12,26,3.0,,3.0,,False
2020-12-27,2020,12,27,0.0,,5.183574463358577e-05,,False
2020-12-27,2020,12,27,0.0,,5.183574463358577e-05,,False
2020-12-28,2020,12,28,0.0,,5.183574463358577e-05,,False
2020-12-29,2020,12,29,0.0,,5.183574463358577e-05,,False
2020-12-29,2020,12,29,0.0,,5.183574463358577e-05,,False
2020-12-30,2020,12,30,0.0,,5.183574463358577e-05,,False
2020-12-31,2020,12,31,0.0,,5.183574463358577e-05,,False
2020-12-31,2020,12,31,0.0,,5.183574463358577e-05,,False
2021-01-01,2021,1,1,1.0,,1.0,,False
2021-01-01,2021,1,1,1.0,,1.0,,False
2021-01-02,2021,1,2,25.1,,25.099999999999998,,True
2021-01-03,2021,1,3,24.2,,24.200000000000003,,False
2021-01-03,2021,1,3,24.2,,24.200000000000003,,False
2021-01-04,2021,1,4,15.9,,15.899999999999999,,False
2021-01-04,2021,1,4,15.9,,15.899999999999999,,False
2021-01-05,2021,1,5,0.2,,0.19999999999999998,,False
2021-01-06,2021,1,6,2.1,,2.1,,False
2021-01-06,2021,1,6,2.1,,2.1,,False
2021-01-07,2021,1,7,0.0,,5.183574463358577e-05,,False
2021-01-07,2021,1,7,0.0,,5.183574463358577e-05,,False
2021-01-08,2021,1,8,8888.0,meteorological_log_domain,3.4707967029626423,,False
2021-01-08,2021,1,8,8888.0,meteorological_log_domain,2.5710584768417157,,False
2021-01-09,2021,1,9,0.0,,5.183574463358577e-05,,False
2021-01-09,2021,1,9,0.0,,5.183574463358577e-05,,False
2021-01-10,2021,1,10,8888.0,meteorological_log_domain,6.29774211699593,,False
2021-01-10,2021,1,10,8888.0,meteorological_log_domain,2.136060358274043,,False
2021-01-11,2021,1,11,7.3,,7.300000000000001,,False
2021-01-11,2021,1,11,7.3,,7.300000000000001,,False
2021-01-12,2021,1,12,14.1,,14.1,,False
2021-01-13,2021,1,13,11.9,,11.900000000000002,,False
2021-01-13,2021,1,13,11.9,,11.900000000000002,,False
2021-01-14,2021,1,14,8.2,,8.200000000000001,,False
2021-01-14,2021,1,14,8.2,,8.200000000000001,,False
2021-01-15,2021,1,15,8888.0,meteorological_log_domain,10.03298523012709,,False
2021-01-15,2021,1,15,8888.0,meteorological_log_domain,5.590993949782,,False
2021-01-16,2021,1,16,1.3,,1.3,,False
2021-01-16,2021,1,16,1.3,,1.3,,False
2021-01-17,2021,1,17,8.2,,8.200000000000001,,False
2021-01-18,2021,1,18,1.0,,1.0,,False
2021-01-19,2021,1,19,8888.0,meteorological_log_domain,7.947308156829558,,False
2021-01-20,2021,1,20,0.0,,5.183574463358577e-05,,False
2021-01-21,2021,1,21,0.0,,5.183574463358577e-05,,False
2021-01-21,2021,1,21,0.0,,5.183574463358577e-05,,False
2021-01-22,2021,1,22,8888.0,meteorological_log_domain,1.7965481163096721,,False
2021-01-23,2021,1,23,0.9,,0.9,,False
2021-01-24,2021,1,24,0.0,,5.183574463358577e-05,,False
2021-01-24,2021,1,24,0.0,,5.183574463358577e-05,,False
2021-01-25,2021,1,25,13.3,,13.299999999999999,,False
2021-01-25,2021,1,25,13.3,,13.299999999999999,,False
2021-01-26,2021,1,26,8888.0,meteorological_log_domain,2.615817317802642,,False
2021-01-26,2021,1,26,8888.0,meteorological_log_domain,2.2170977340378872,,False
2021-01-27,2021,1,27,0.1,,0.10000000000000002,,False
2021-01-27,2021,1,27,0.1,,0.10000000000000002,,False
2021-01-28,2021,1,28,0.0,,5.183574463358577e-05,,False
2021-01-29,2021,1,29,8888.0,meteorological_log_domain,2.752781402865415,,False
2021-01-29,2021,1,29,8888.0,meteorological_log_domain,9.124414378376441,,False
2021-01-30,2021,1,30,0.0,,5.183574463358577e-05,,False
2021-01-31,2021,1,31,0.0,,5.183574463358577e-05,,False
2021-02-01,2021,2,1,0.0,,5.183574463358577e-05,,False
2021-02-01,2021,2,1,0.0,,5.183574463358577e-05,,False
2021-02-02,2021,2,2,2.7,,2.7,,False
2021-02-02,2021,2,2,2.7,,2.7,,False
2021-02-03,2021,2,3,0.0,,5.183574463358577e-05,,False
2021-02-03,2021,2,3,0.0,,5.183574463358577e-05,,False
2021-02-04,2021,2,4,0.0,,5.183574463358577e-05,,False
2021-02-05,2021,2,5,0.0,,5.183574463358577e-05,,False
2021-02-05,2021,2,5,0.0,,5.183574463358577e-05,,False
2021-02-06,2021,2,6,0.0,,5.183574463358577e-05,,False
2021-02-06,2021,2,6,0.0,,5.183574463358577e-05,,False
2021-02-07,2021,2,7,0.0,,5.183574463358577e-05,,False
2021-02-08,2021,2,8,0.0,,5.183574463358577e-05,,False
2021-02-08,2021,2,8,0.0,,5.183574463358577e-05,,False
2021-02-09,2021,2,9,0.0,,5.183574463358577e-05,,False
2021-02-09,2021,2,9,0.0,,5.183574463358577e-05,,False
2021-02-10,2021,2,10,41.7,,41.7,,True
2021-02-11,2021,2,11,0.6,,0.6,,False
2021-02-12,2021,2,12,0.0,,5.183574463358577e-05,,False
2021-02-12,2021,2,12,0.0,,5.183574463358577e-05,,False
2021-02-13,2021,2,13,0.0,,5.183574463358577e-05,,False
2021-02-13,2021,2,13,0.0,,5.183574463358577e-05,,False
2021-02-14,2021,2,14,24.4,,24.399999999999995,,False
2021-02-15,2021,2,15,,,23.21072629734104,cubic_spline_log,False
2021-02-15,2021,2,15,,,0.07752094632068973,cubic_spline_log,False
2021-02-16,2021,2,16,0.0,,5.183574463358577e-05,,False
2021-02-17,2021,2,17,8888.0,meteorological_log_domain,1.779086373586596,,False
2021-02-17,2021,2,17,8888.0,meteorological_log_domain,1.8677956832259652,,False
2021-02-18,2021,2,18,0.0,,5.183574463358577e-05,,False
2021-02-18,2021,2,18,0.0,,5.183574463358577e-05,,False
2021-02-19,2021,2,19,0.0,,5.183574463358577e-05,,False
2021-02-19,2021,2,19,0.0,,5.183574463358577e-05,,False
2021-02-20,2021,2,20,0.0,,5.183574463358577e-05,,False
2021-02-20,2021,2,20,0.0,,5.183574463358577e-05,,False
2021-02-21,2021,2,21,8888.0,meteorological_log_domain,2.9837833693500917,,False
2021-02-21,2021,2,21,8888.0,meteorological_log_domain,6.080863559967806,,False
2021-02-22,2021,2,22,0.0,,5.183574463358577e-05,,False
2021-02-23,2021,2,23,0.0,,5.183574463358577e-05,,False
2021-02-24,2021,2,24,0.0,,5.183574463358577e-05,,False
2021-02-25,2021,2,25,0.0,,5.183574463358577e-05,,False
2021-02-26,2021,2,26,0.0,,5.183574463358577e-05,,False
2021-02-26,2021,2,26,0.0,,5.183574463358577e-05,,False
2021-02-27,2021,2,27,,,5.183574463358577e-05,cubic_spline_log,False
2021-02-27,2021,2,27,,,5.183574463358577e-05,cubic_spline_log,False
2021-02-28,2021,2,28,0.0,,5.183574463358577e-05,,False
2021-03-01,2021,3,1,0.0,,5.183574463358577e-05,,False
2021-03-01,2021,3,1,0.0,,5.183574463358577e-05,,False
2021-03-02,2021,3,2,0.0,,5.183574463358577e-05,,False
2021-03-02,2021,3,2,0.0,,5.183574463358577e-05,,False
2021-03-03,2021,3,3,0.0,,5.183574463358577e-05,,False
2021-03-03,2021,3,3,0.0,,5.183574463358577e-05,,False
2021-03-04,2021,3,4,1.2,,1.2,,False
2021-03-05,2021,3,5,0.0,,5.183574463358577e-05,,False
2021-03-05,2021,3,5,0.0,,5.183574463358577e-05,,False
2021-03-06,2021,3,6,0.0,,5.183574463358577e-05,,False
2021-03-06,2021,3,6,0.0,,5.183574463358577e-05,,False
2021-03-07,2021,3,7,1.0,,1.0,,False
2021-03-07,2021,3,7,1.0,,1.0,,False
2021-03-08,2021,3,8,0.0,,5.183574463358577e-05,,False
2021-03-09,2021,3,9,0.0,,5.183574463358577e-05,,False
2021-03-10,2021,3,10,0.0,,5.183574463358577e-05,,False
2021-03-11,2021,3,11,0.0,,5.183574463358577e-05,,False
2021-03-11,2021,3,11,0.0,,5.183574463358577e-05,,False
2021-03-12,2021,3,12,0.0,,5.183574463358577e-05,,False
2021-03-12,2021,3,12,0.0,,5.183574463358577e-05,,False
2021-03-13,2021,3,13,36.5,,36.5,,True
2021-03-13,2021,3,13,36.5,,36.5,,True
2021-03-14,2021,3,14,0.0,,5.183574463358577e-05,,False
2021-03-14,2021,3,14,0.0,,5.183574463358577e-05,,False
2021-03-15,2021,3,15,0.0,,5.183574463358577e-05,,False
2021-03-16,2021,3,16,0.0,,5.183574463358577e-05,,False
2021-03-16,2021,3,16,0.0,,5.183574463358577e-05,,False
2021-03-17,2021,3,17,0.0,,5.183574463358577e-05,,False
2021-03-17,2021,3,17,0.0,,5.183574463358577e-05,,False
2021-03-18,2021,3,18,0.8,,0.8,,False
2021-03-18,2021,3,18,0.8,,0.8,,False
2021-03-19,2021,3,19,0.0,,5.183574463358577e-05,,False
2021-03-19,2021,3,19,0.0,,5.183574463358577e-05,,False
2021-03-20,2021,3,20,0.0,,5.183574463358577e-05,,False
2021-03-20,2021,3,20,0.0,,5.183574463358577e-05,,False
2021-03-21,2021,3,21,0.0,,5.183574463358577e-05,,False
2021-03-21,2021,3,21,0.0,,5.183574463358577e-05,,False
2021-03-22,2021,3,22,0.0,,5.183574463358577e-05,,False
2021-03-22,2021,3,22,0.0,,5.183574463358577e-05,,False
2021-03-23,2021,3,23,10.0,,9.999999999999998,,False
2021-03-23,2021,3,23,10.0,,9.999999999999998,,False
2021-03-24,2021,3,24,16.3,,16.3,,False
2021-03-24,2021,3,24,16.3,,16.3,,False
2021-03-25,2021,3,25,8888.0,meteorological_log_domain,0.002814647618738198,,False
2021-03-25,2021,3,25,8888.0,meteorological_log_domain,0.3983749506332606,,False
2021-03-26,2021,3,26,0.2,,0.19999999999999998,,False
2021-03-26,2021,3,26,0.2,,0.19999999999999998,,False
2021-03-27,2021,3,27,24.9,,24.9,,False
2021-03-27,2021,3,27,24.9,,24.9,,False
2021-03-28,2021,3,28,0.0,,5.183574463358577e-05,,False
2021-03-28,2021,3,28,0.0,,5.183574463358577e-05,,False
2021-03-29,2021,3,29,28.3,,28.299999999999994,,True
2021-03-29,2021,3,29,28.3,,28.299999999999994,,True
2021-03-30,2021,3,30,5.3,,5.3,,False
2021-03-30,2021,3,30,5.3,,5.3,,False
2021-03-31,2021,3,31,8888.0,meteorological_log_domain,5.687320683680799,,False
2021-03-31,2021,3,31,8888.0,meteorological_log_domain,4.640370886612001,,False
2021-04-01,2021,4,1,0.0,,5.183574463358577e-05,,False
2021-04-01,2021,4,1,0.0,,5.183574463358577e-05,,False
2021-04-02,2021,4,2,0.0,,5.183574463358577e-05,,False
2021-04-02,2021,4,2,0.0,,5.183574463358577e-05,,False
2021-04-03,2021,4,3,0.0,,5.183574463358577e-05,,False
2021-04-03,2021,4,3,0.0,,5.183574463358577e-05,,False
2021-04-04,2021,4,4,0.0,,5.183574463358577e-05,,False
2021-04-04,2021,4,4,0.0,,5.183574463358577e-05,,False
2021-04-05,2021,4,5,51.1,,51.09999999999999,,True
2021-04-05,2021,4,5,51.1,,51.09999999999999,,True
2021-04-06,2021,4,6,10.0,,9.999999999999998,,False
2021-04-06,2021,4,6,10.0,,9.999999999999998,,False
2021-04-07,2021,4,7,34.5,,34.5,,True
2021-04-07,2021,4,7,34.5,,34.5,,True
2021-04-08,2021,4,8,8.7,,8.699999999999998,,False
2021-04-08,2021,4,8,8.7,,8.699999999999998,,False
2021-04-09,2021,4,9,0.0,,5.183574463358577e-05,,False
2021-04-09,2021,4,9,0.0,,5.183574463358577e-05,,False
2021-04-10,2021,4,10,0.0,,5.183574463358577e-05,,False
2021-04-10,2021,4,10,0.0,,5.183574463358577e-05,,False
2021-04-11,2021,4,11,0.0,,5.183574463358577e-05,,False
2021-04-11,2021,4,11,0.0,,5.183574463358577e-05,,False
2021-04-12,2021,4,12,0.0,,5.183574463358577e-05,,False
2021-04-12,2021,4,12,0.0,,5.183574463358577e-05,,False
2021-04-13,2021,4,13,4.0,,4.0,,False
2021-04-13,2021,4,13,4.0,,4.0,,False
2021-04-14,2021,4,14,2.1,,2.1,,False
2021-04-14,2021,4,14,2.1,,2.1,,False
2021-04-15,2021,4,15,2.7,,2.7,,False
2021-04-15,2021,4,15,2.7,,2.7,,False
2021-04-16,2021,4,16,0.0,,5.183574463358577e-05,,False
2021-04-16,2021,4,16,0.0,,5.183574463358577e-05,,False
2021-04-17,2021,4,17,0.4,,0.4,,False
2021-04-17,2021,4,17,0.4,,0.4,,False
2021-04-18,2021,4,18,0.0,,5.183574463358577e-05,,False
2021-04-18,2021,4,18,0.0,,5.183574463358577e-05,,False
2021-04-19,2021,4,19,8888.0,meteorological_log_domain,1.989874235391763,,False
2021-04-20,2021,4,20,1.3,,1.3,,False
2021-04-20,2021,4,20,1.3,,1.3,,False
2021-04-21,2021,4,21,0.0,,5.183574463358577e-05,,False
2021-04-21,2021,4,21,0.0,,5.183574463358577e-05,,False
2021-04-22,2021,4,22,0.0,,5.183574463358577e-05,,False
2021-04-22,2021,4,22,0.0,,5.183574463358577e-05,,False
2021-04-23,2021,4,23,0.2,,0.19999999999999998,,False
2021-04-23,2021,4,23,0.2,,0.19999999999999998,,False
2021-04-24,2021,4,24,0.0,,5.183574463358577e-05,,False
2021-04-24,2021,4,24,0.0,,5.183574463358577e-05,,False
2021-04-25,2021,4,25,0.2,,0.19999999999999998,,False
2021-04-25,2021,4,25,0.2,,0.19999999999999998,,False
2021-04-26,2021,4,26,1.9,,1.9,,False
2021-04-26,2021,4,26,1.9,,1.9,,False
2021-04-27,2021,4,27,0.1,,0.10000000000000002,,False
2021-04-27,2021,4,27,0.1,,0.10000000000000002,,False
2021-04-28,2021,4,28,0.0,,5.183574463358577e-05,,False
2021-04-28,2021,4,28,0.0,,5.183574463358577e-05,,False
2021-04-29,2021,4,29,0.0,,5.183574463358577e-05,,False
2021-04-29,2021,4,29,0.0,,5.183574463358577e-05,,False
2021-04-30,2021,4,30,0.0,,5.183574463358577e-05,,False
2021-04-30,2021,4,30,0.0,,5.183574463358577e-05,,False
2021-05-01,2021,5,1,0.0,,5.183574463358577e-05,,False
2021-05-01,2021,5,1,0.0,,5.183574463358577e-05,,False
2021-05-02,2021,5,2,0.0,,5.183574463358577e-05,,False
2021-05-02,2021,5,2,0.0,,5.183574463358577e-05,,False
2021-05-03,2021,5,3,0.0,,5.183574463358577e-05,,False
2021-05-03,2021,5,3,0.0,,5.183574463358577e-05,,False
2021-05-04,2021,5,4,0.0,,5.183574463358577e-05,,False
2021-05-04,2021,5,4,0.0,,5.183574463358577e-05,,False
2021-05-05,2021,5,5,1.5,,1.5,,False
2021-05-05,2021,5,5,1.5,,1.5,,False
2021-05-06,2021,5,6,0.4,,0.4,,False
2021-05-06,2021,5,6,0.4,,0.4,,False
2021-05-07,2021,5,7,3.4,,3.4,,False
2021-05-07,2021,5,7,3.4,,3.4,,False
2021-05-08,2021,5,8,3.9,,3.8999999999999995,,False
2021-05-08,2021,5,8,3.9,,3.8999999999999995,,False
2021-05-09,2021,5,9,8888.0,meteorological_log_domain,9.05932265117329,,False
2021-05-09,2021,5,9,8888.0,meteorological_log_domain,7.589706267744177,,False
2021-05-10,2021,5,10,0.0,,5.183574463358577e-05,,False
2021-05-10,2021,5,10,0.0,,5.183574463358577e-05,,False
2021-05-11,2021,5,11,0.0,,5.183574463358577e-05,,False
2021-05-11,2021,5,11,0.0,,5.183574463358577e-05,,False
2021-05-12,2021,5,12,0.0,,5.183574463358577e-05,,False
2021-05-12,2021,5,12,0.0,,5.183574463358577e-05,,False
2021-05-13,2021,5,13,0.0,,5.183574463358577e-05,,False
2021-05-13,2021,5,13,0.0,,5.183574463358577e-05,,False
2021-05-14,2021,5,14,13.2,,13.2,,False
2021-05-14,2021,5,14,13.2,,13.2,,False
2021-05-15,2021,5,15,0.0,,5.183574463358577e-05,,False
2021-05-15,2021,5,15,0.0,,5.183574463358577e-05,,False
2021-05-16,2021,5,16,4.1,,4.1,,False
2021-05-16,2021,5,16,4.1,,4.1,,False
2021-05-17,2021,5,17,0.0,,5.183574463358577e-05,,False
2021-05-17,2021,5,17,0.0,,5.183574463358577e-05,,False
2021-05-18,2021,5,18,0.0,,5.183574463358577e-05,,False
2021-05-18,2021,5,18,0.0,,5.183574463358577e-05,,False
2021-05-19,2021,5,19,0.0,,5.183574463358577e-05,,False
2021-05-20,2021,5,20,0.2,,0.19999999999999998,,False
2021-05-20,2021,5,20,0.2,,0.19999999999999998,,False
2021-05-21,2021,5,21,25.1,,25.099999999999998,,True
2021-05-21,2021,5,21,25.1,,25.099999999999998,,True
2021-05-22,2021,5,22,0.0,,5.183574463358577e-05,,False
2021-05-22,2021,5,22,0.0,,5.183574463358577e-05,,False
2021-05-23,2021,5,23,0.0,,5.183574463358577e-05,,False
2021-05-23,2021,5,23,0.0,,5.183574463358577e-05,,False
2021-05-24,2021,5,24,0.0,,5.183574463358577e-05,,False
2021-05-24,2021,5,24,0.0,,5.183574463358577e-05,,False
2021-05-25,2021,5,25,0.0,,5.183574463358577e-05,,False
2021-05-25,2021,5,25,0.0,,5.183574463358577e-05,,False
2021-05-26,2021,5,26,31.9,,31.9,,True
2021-05-26,2021,5,26,31.9,,31.9,,True
2021-05-27,2021,5,27,16.4,,16.399999999999995,,False
2021-05-27,2021,5,27,16.4,,16.399999999999995,,False
2021-05-28,2021,5,28,0.0,,5.183574463358577e-05,,False
2021-05-29,2021,5,29,0.0,,5.183574463358577e-05,,False
2021-05-29,2021,5,29,0.0,,5.183574463358577e-05,,False
2021-05-30,2021,5,30,0.2,,0.19999999999999998,,False
2021-05-30,2021,5,30,0.2,,0.19999999999999998,,False
2021-05-31,2021,5,31,8888.0,meteorological_log_domain,0.172144612598795,,False
2021-05-31,2021,5,31,8888.0,meteorological_log_domain,0.016092540983788567,,False
2021-06-01,2021,6,1,1.5,,1.5,,False
2021-06-01,2021,6,1,1.5,,1.5,,False
2021-06-02,2021,6,2,0.0,,5.183574463358577e-05,,False
2021-06-02,2021,6,2,0.0,,5.183574463358577e-05,,False
2021-06-03,2021,6,3,0.0,,5.183574463358577e-05,,False
2021-06-03,2021,6,3,0.0,,5.183574463358577e-05,,False
2021-06-04,2021,6,4,0.0,,5.183574463358577e-05,,False
2021-06-04,2021,6,4,0.0,,5.183574463358577e-05,,False
2021-06-05,2021,6,5,165.2,,165.20000000000007,,True
2021-06-06,2021,6,6,0.0,,5.183574463358577e-05,,False
2021-06-06,2021,6,6,0.0,,5.183574463358577e-05,,False
2021-06-07,2021,6,7,0.0,,5.183574463358577e-05,,False
2021-06-07,2021,6,7,0.0,,5.183574463358577e-05,,False
2021-06-08,2021,6,8,0.0,,5.183574463358577e-05,,False
2021-06-08,2021,6,8,0.0,,5.183574463358577e-05,,False
2021-06-09,2021,6,9,8888.0,meteorological_log_domain,4.792213988915705,,False
2021-06-10,2021,6,10,0.0,,5.183574463358577e-05,,False
2021-06-10,2021,6,10,0.0,,5.183574463358577e-05,,False
2021-06-11,2021,6,11,0.0,,5.183574463358577e-05,,False
2021-06-11,2021,6,11,0.0,,5.183574463358577e-05,,False
2021-06-12,2021,6,12,0.6,,0.6,,False
2021-06-12,2021,6,12,0.6,,0.6,,False
2021-06-13,2021,6,13,8888.0,meteorological_log_domain,0.31961340410759825,,False
2021-06-13,2021,6,13,8888.0,meteorological_log_domain,0.005794400757074604,,False
2021-06-14,2021,6,14,0.0,,5.183574463358577e-05,,False
2021-06-14,2021,6,14,0.0,,5.183574463358577e-05,,False
2021-06-15,2021,6,15,8888.0,meteorological_log_domain,6.114267997724208,,False
2021-06-15,2021,6,15,8888.0,meteorological_log_domain,5.128203652572312,,False
2021-06-16,2021,6,16,0.1,,0.10000000000000002,,False
2021-06-16,2021,6,16,0.1,,0.10000000000000002,,False
2021-06-17,2021,6,17,0.0,,5.183574463358577e-05,,False
2021-06-17,2021,6,17,0.0,,5.183574463358577e-05,,False
2021-06-18,2021,6,18,0.0,,5.183574463358577e-05,,False
2021-06-18,2021,6,18,0.0,,5.183574463358577e-05,,False
2021-06-19,2021,6,19,0.0,,5.183574463358577e-05,,False
2021-06-19,2021,6,19,0.0,,5.183574463358577e-05,,False
2021-06-20,2021,6,20,8.1,,8.099999999999998,,False
2021-06-20,2021,6,20,8.1,,8.099999999999998,,False
2021-06-21,2021,6,21,0.4,,0.4,,False
2021-06-21,2021,6,21,0.4,,0.4,,False
2021-06-22,2021,6,22,8888.0,meteorological_log_domain,5.631016621188239,,False
2021-06-22,2021,6,22,8888.0,meteorological_log_domain,10.50452092975023,,False
2021-06-23,2021,6,23,0.3,,0.3,,False
2021-06-23,2021,6,23,0.3,,0.3,,False
2021-06-24,2021,6,24,8888.0,meteorological_log_domain,0.6962741549017823,,False
2021-06-24,2021,6,24,8888.0,meteorological_log_domain,0.6980366604022961,,False
2021-06-25,2021,6,25,2.3,,2.3,,False
2021-06-25,2021,6,25,2.3,,2.3,,False
2021-06-26,2021,6,26,0.0,,5.183574463358577e-05,,False
2021-06-26,2021,6,26,0.0,,5.183574463358577e-05,,False
2021-06-27,2021,6,27,15.7,,15.700000000000001,,False
2021-06-27,2021,6,27,15.7,,15.700000000000001,,False
2021-06-28,2021,6,28,0.0,,5.183574463358577e-05,,False
2021-06-28,2021,6,28,0.0,,5.183574463358577e-05,,False
2021-06-29,2021,6,29,8888.0,meteorological_log_domain,3.3092938410589596,,False
2021-06-29,2021,6,29,8888.0,meteorological_log_domain,4.902699836738417,,False
2021-06-30,2021,6,30,0.0,,5.183574463358577e-05,,False
2021-06-30,2021,6,30,0.0,,5.183574463358577e-05,,False
2021-07-01,2021,7,1,0.0,,5.183574463358577e-05,,False
2021-07-01,2021,7,1,0.0,,5.183574463358577e-05,,False
2021-07-02,2021,7,2,0.0,,5.183574463358577e-05,,False
2021-07-02,2021,7,2,0.0,,5.183574463358577e-05,,False
2021-07-03,2021,7,3,0.0,,5.183574463358577e-05,,False
2021-07-03,2021,7,3,0.0,,5.183574463358577e-05,,False
2021-07-04,2021,7,4,0.0,,5.183574463358577e-05,,False
2021-07-05,2021,7,5,8888.0,meteorological_log_domain,3.6033444264618795,,False
2021-07-06,2021,7,6,26.0,,25.999999999999996,,True
2021-07-06,2021,7,6,26.0,,25.999999999999996,,True
2021-07-07,2021,7,7,8888.0,meteorological_log_domain,0.0040787189389735225,,False
2021-07-07,2021,7,7,8888.0,meteorological_log_domain,0.34355086012494923,,False
2021-07-08,2021,7,8,0.0,,5.183574463358577e-05,,False
2021-07-08,2021,7,8,0.0,,5.183574463358577e-05,,False
2021-07-09,2021,7,9,0.0,,5.183574463358577e-05,,False
2021-07-09,2021,7,9,0.0,,5.183574463358577e-05,,False
2021-07-10,2021,7,10,13.1,,13.100000000000001,,False
2021-07-10,2021,7,10,13.1,,13.100000000000001,,False
2021-07-11,2021,7,11,11.4,,11.400000000000002,,False
2021-07-11,2021,7,11,11.4,,11.400000000000002,,False
2021-07-12,2021,7,12,1.6,,1.6,,False
2021-07-13,2021,7,13,0.0,,5.183574463358577e-05,,False
2021-07-13,2021,7,13,0.0,,5.183574463358577e-05,,False
2021-07-14,2021,7,14,14.5,,14.5,,False
2021-07-14,2021,7,14,14.5,,14.5,,False
2021-07-15,2021,7,15,8888.0,meteorological_log_domain,6.976866223253025,,False
2021-07-15,2021,7,15,8888.0,meteorological_log_domain,6.995571685367754,,False
2021-07-16,2021,7,16,1.0,,1.0,,False
2021-07-16,2021,7,16,1.0,,1.0,,False
2021-07-17,2021,7,17,0.0,,5.183574463358577e-05,,False
2021-07-17,2021,7,17,0.0,,5.183574463358577e-05,,False
2021-07-18,2021,7,18,0.0,,5.183574463358577e-05,,False
2021-07-18,2021,7,18,0.0,,5.183574463358577e-05,,False
2021-07-19,2021,7,19,0.0,,5.183574463358577e-05,,False
2021-07-19,2021,7,19,0.0,,5.183574463358577e-05,,False
2021-07-20,2021,7,20,0.0,,5.183574463358577e-05,,False
2021-07-20,2021,7,20,0.0,,5.183574463358577e-05,,False
2021-07-21,2021,7,21,0.0,,5.183574463358577e-05,,False
2021-07-21,2021,7,21,0.0,,5.183574463358577e-05,,False
2021-07-22,2021,7,22,3.4,,3.4,,False
2021-07-23,2021,7,23,0.0,,5.183574463358577e-05,,False
2021-07-23,2021,7,23,0.0,,5.183574463358577e-05,,False
2021-07-24,2021,7,24,0.0,,5.183574463358577e-05,,False
2021-07-24,2021,7,24,0.0,,5.183574463358577e-05,,False
2021-07-25,2021,7,25,0.0,,5.183574463358577e-05,,False
2021-07-25,2021,7,25,0.0,,5.183574463358577e-05,,False
2021-07-26,2021,7,26,0.0,,5.183574463358577e-05,,False
2021-07-27,2021,7,27,0.0,,5.183574463358577e-05,,False
2021-07-28,2021,7,28,0.0,,5.183574463358577e-05,,False
2021-07-29,2021,7,29,0.0,,5.183574463358577e-05,,False
2021-07-29,2021,7,29,0.0,,5.183574463358577e-05,,False
2021-07-30,2021,7,30,1.2,,1.2,,False
2021-07-31,2021,7,31,0.8,,0.8,,False
2021-08-01,2021,8,1,0.0,,5.183574463358577e-05,,False
2021-08-01,2021,8,1,0.0,,5.183574463358577e-05,,False
2021-08-02,2021,8,2,7.7,,7.700000000000001,,False
2021-08-03,2021,8,3,0.0,,5.183574463358577e-05,,False
2021-08-03,2021,8,3,0.0,,5.183574463358577e-05,,False
2021-08-04,2021,8,4,0.0,,5.183574463358577e-05,,False
2021-08-04,2021,8,4,0.0,,5.183574463358577e-05,,False
2021-08-05,2021,8,5,0.0,,5.183574463358577e-05,,False
2021-08-05,2021,8,5,0.0,,5.183574463358577e-05,,False
2021-08-06,2021,8,6,0.0,,5.183574463358577e-05,,False
2021-08-06,2021,8,6,0.0,,5.183574463358577e-05,,False
2021-08-07,2021,8,7,0.0,,5.183574463358577e-05,,False
2021-08-07,2021,8,7,0.0,,5.183574463358577e-05,,False
2021-08-08,2021,8,8,0.0,,5.183574463358577e-05,,False
2021-08-08,2021,8,8,0.0,,5.183574463358577e-05,,False
2021-08-09,2021,8,9,0.0,,5.183574463358577e-05,,False
2021-08-09,2021,8,9,0.0,,5.183574463358577e-05,,False
2021-08-10,2021,8,10,1.3,,1.3,,False
2021-08-10,2021,8,10,1.3,,1.3,,False
2021-08-11,2021,8,11,0.0,,5.183574463358577e-05,,False
2021-08-11,2021,8,11,0.0,,5.183574463358577e-05,,False
2021-08-12,2021,8,12,0.1,,0.10000000000000002,,False
2021-08-12,2021,8,12,0.1,,0.10000000000000002,,False
2021-08-13,2021,8,13,0.7,,0.7,,False
2021-08-13,2021,8,13,0.7,,0.7,,False
2021-08-14,2021,8,14,0.0,,5.183574463358577e-05,,False
2021-08-14,2021,8,14,0.0,,5.183574463358577e-05,,False
2021-08-15,2021,8,15,8888.0,meteorological_log_domain,0.043644142040727016,,False
2021-08-15,2021,8,15,8888.0,meteorological_log_domain,0.5337840588729353,,False
2021-08-16,2021,8,16,12.2,,12.2,,False
2021-08-16,2021,8,16,12.2,,12.2,,False
2021-08-17,2021,8,17,1.2,,1.2,,False
2021-08-17,2021,8,17,1.2,,1.2,,False
2021-08-18,2021,8,18,0.5,,0.5,,False
2021-08-18,2021,8,18,0.5,,0.5,,False
2021-08-19,2021,8,19,2.7,,2.7,,False
2021-08-20,2021,8,20,9.7,,9.7,,False
2021-08-20,2021,8,20,9.7,,9.7,,False
2021-08-21,2021,8,21,5.4,,5.4,,False
2021-08-21,2021,8,21,5.4,,5.4,,False
2021-08-22,2021,8,22,52.6,,52.60000000000001,,True
2021-08-22,2021,8,22,52.6,,52.60000000000001,,True
2021-08-23,2021,8,23,2.2,,2.2,,False
2021-08-23,2021,8,23,2.2,,2.2,,False
2021-08-24,2021,8,24,39.1,,39.10000000000001,,True
2021-08-24,2021,8,24,39.1,,39.10000000000001,,True
2021-08-25,2021,8,25,0.0,,5.183574463358577e-05,,False
2021-08-25,2021,8,25,0.0,,5.183574463358577e-05,,False
2021-08-26,2021,8,26,12.6,,12.6,,False
2021-08-26,2021,8,26,12.6,,12.6,,False
2021-08-27,2021,8,27,0.0,,5.183574463358577e-05,,False
2021-08-27,2021,8,27,0.0,,5.183574463358577e-05,,False
2021-08-28,2021,8,28,0.0,,5.183574463358577e-05,,False
2021-08-28,2021,8,28,0.0,,5.183574463358577e-05,,False
2021-08-29,2021,8,29,8888.0,meteorological_log_domain,0.22567246569411573,,False
2021-08-29,2021,8,29,8888.0,meteorological_log_domain,0.030067895699933254,,False
2021-08-30,2021,8,30,0.0,,5.183574463358577e-05,,False
2021-08-30,2021,8,30,0.0,,5.183574463358577e-05,,False
2021-08-31,2021,8,31,4.9,,4.9,,False
2021-08-31,2021,8,31,4.9,,4.9,,False
2021-09-01,2021,9,1,0.0,,5.183574463358577e-05,,False
2021-09-01,2021,9,1,0.0,,5.183574463358577e-05,,False
2021-09-02,2021,9,2,0.0,,5.183574463358577e-05,,False
2021-09-02,2021,9,2,0.0,,5.183574463358577e-05,,False
2021-09-03,2021,9,3,0.0,,5.183574463358577e-05,,False
2021-09-03,2021,9,3,0.0,,5.183574463358577e-05,,False
2021-09-04,2021,9,4,0.0,,5.183574463358577e-05,,False
2021-09-04,2021,9,4,0.0,,5.183574463358577e-05,,False
2021-09-05,2021,9,5,0.0,,5.183574463358577e-05,,False
2021-09-05,2021,9,5,0.0,,5.183574463358577e-05,,False
2021-09-06,2021,9,6,0.0,,5.183574463358577e-05,,False
2021-09-06,2021,9,6,0.0,,5.183574463358577e-05,,False
2021-09-07,2021,9,7,0.0,,5.183574463358577e-05,,False
2021-09-07,2021,9,7,0.0,,5.183574463358577e-05,,False
2021-09-08,2021,9,8,2.4,,2.4,,False
2021-09-08,2021,9,8,2.4,,2.4,,False
2021-09-09,2021,9,9,0.0,,5.183574463358577e-05,,False
2021-09-09,2021,9,9,0.0,,5.183574463358577e-05,,False
2021-09-10,2021,9,10,0.1,,0.10000000000000002,,False
2021-09-10,2021,9,10,0.1,,0.10000000000000002,,False
2021-09-11,2021,9,11,0.0,,5.183574463358577e-05,,False
2021-09-11,2021,9,11,0.0,,5.183574463358577e-05,,False
2021-09-12,2021,9,12,23.0,,23.0,,False
2021-09-12,2021,9,12,23.0,,23.0,,False
2021-09-13,2021,9,13,1.6,,1.6,,False
2021-09-13,2021,9,13,1.6,,1.6,,False
2021-09-14,2021,9,14,0.0,,5.183574463358577e-05,,False
2021-09-14,2021,9,14,0.0,,5.183574463358577e-05,,False
2021-09-15,2021,9,15,0.0,,5.183574463358577e-05,,False
2021-09-16,2021,9,16,3.2,,3.2,,False
2021-09-17,2021,9,17,1.3,,1.3,,False
2021-09-17,2021,9,17,1.3,,1.3,,False
2021-09-18,2021,9,18,0.3,,0.3,,False
2021-09-18,2021,9,18,0.3,,0.3,,False
2021-09-19,2021,9,19,2.0,,1.9999999999999998,,False
2021-09-19,2021,9,19,2.0,,1.9999999999999998,,False
2021-09-20,2021,9,20,1.9,,1.9,,False
2021-09-21,2021,9,21,0.2,,0.19999999999999998,,False
2021-09-21,2021,9,21,0.2,,0.19999999999999998,,False
2021-09-22,2021,9,22,0.0,,5.183574463358577e-05,,False
2021-09-22,2021,9,22,0.0,,5.183574463358577e-05,,False
2021-09-23,2021,9,23,0.0,,5.183574463358577e-05,,False
2021-09-23,2021,9,23,0.0,,5.183574463358577e-05,,False
2021-09-24,2021,9,24,0.0,,5.183574463358577e-05,,False
2021-09-24,2021,9,24,0.0,,5.183574463358577e-05,,False
2021-09-25,2021,9,25,0.8,,0.8,,False
2021-09-25,2021,9,25,0.8,,0.8,,False
2021-09-26,2021,9,26,0.0,,5.183574463358577e-05,,False
2021-09-27,2021,9,27,2.4,,2.4,,False
2021-09-28,2021,9,28,3.2,,3.2,,False
2021-09-28,2021,9,28,3.2,,3.2,,False
2021-09-29,2021,9,29,0.0,,5.183574463358577e-05,,False
2021-09-30,2021,9,30,8888.0,meteorological_log_domain,1.0850151249264108,,False
2021-09-30,2021,9,30,8888.0,meteorological_log_domain,0.006109737286567803,,False
2021-10-01,2021,10,1,25.6,,25.599999999999998,,True
2021-10-01,2021,10,1,25.6,,25.599999999999998,,True
2021-10-02,2021,10,2,0.2,,0.19999999999999998,,False
2021-10-03,2021,10,3,0.0,,5.183574463358577e-05,,False
2021-10-04,2021,10,4,0.0,,5.183574463358577e-05,,False
2021-10-04,2021,10,4,0.0,,5.183574463358577e-05,,False
2021-10-05,2021,10,5,1.5,,1.5,,False
2021-10-06,2021,10,6,0.0,,5.183574463358577e-05,,False
2021-10-07,2021,10,7,7.9,,7.9,,False
2021-10-08,2021,10,8,0.0,,5.183574463358577e-05,,False
2021-10-09,2021,10,9,0.0,,5.183574463358577e-05,,False
2021-10-09,2021,10,9,0.0,,5.183574463358577e-05,,False
2021-10-10,2021,10,10,0.0,,5.183574463358577e-05,,False
2021-10-11,2021,10,11,0.0,,5.183574463358577e-05,,False
2021-10-11,2021,10,11,0.0,,5.183574463358577e-05,,False
2021-10-12,2021,10,12,0.0,,5.183574463358577e-05,,False
2021-10-12,2021,10,12,0.0,,5.183574463358577e-05,,False
2021-10-13,2021,10,13,0.0,,5.183574463358577e-05,,False
2021-10-13,2021,10,13,0.0,,5.183574463358577e-05,,False
2021-10-14,2021,10,14,0.0,,5.183574463358577e-05,,False
2021-10-15,2021,10,15,0.0,,5.183574463358577e-05,,False
2021-10-15,2021,10,15,0.0,,5.183574463358577e-05,,False
2021-10-16,2021,10,16,0.0,,5.183574463358577e-05,,False
2021-10-16,2021,10,16,0.0,,5.183574463358577e-05,,False
2021-10-17,2021,10,17,59.5,,59.500000000000014,,True
2021-10-18,2021,10,18,2.4,,2.4,,False
2021-10-19,2021,10,19,8888.0,meteorological_log_domain,9.276559387166776,,False
2021-10-20,2021,10,20,5.4,,5.4,,False
2021-10-20,2021,10,20,5.4,,5.4,,False
2021-10-21,2021,10,21,6.2,,6.2,,False
2021-10-22,2021,10,22,2.2,,2.2,,False
2021-10-23,2021,10,23,0.7,,0.7,,False
2021-10-24,2021,10,24,19.2,,19.199999999999996,,False
2021-10-25,2021,10,25,1.2,,1.2,,False
2021-10-26,2021,10,26,1.8,,1.8,,False
2021-10-26,2021,10,26,1.8,,1.8,,False
2021-10-27,2021,10,27,26.5,,26.499999999999996,,True
2021-10-27,2021,10,27,26.5,,26.499999999999996,,True
2021-10-28,2021,10,28,2.4,,2.4,,False
2021-10-28,2021,10,28,2.4,,2.4,,False
2021-10-29,2021,10,29,0.0,,5.183574463358577e-05,,False
2021-10-29,2021,10,29,0.0,,5.183574463358577e-05,,False
2021-10-30,2021,10,30,25.2,,25.199999999999996,,True
2021-10-30,2021,10,30,25.2,,25.199999999999996,,True
2021-10-31,2021,10,31,13.0,,13.000000000000002,,False
2021-10-31,2021,10,31,13.0,,13.000000000000002,,False
2021-11-01,2021,11,1,0.7,,0.7,,False
2021-11-01,2021,11,1,0.7,,0.7,,False
2021-11-02,2021,11,2,0.0,,5.183574463358577e-05,,False
2021-11-03,2021,11,3,3.1,,3.1,,False
2021-11-04,2021,11,4,1.3,,1.3,,False
2021-11-05,2021,11,5,0.0,,5.183574463358577e-05,,False
2021-11-05,2021,11,5,0.0,,5.183574463358577e-05,,False
2021-11-06,2021,11,6,0.1,,0.10000000000000002,,False
2021-11-07,2021,11,7,28.6,,28.600000000000005,,True
2021-11-07,2021,11,7,28.6,,28.600000000000005,,True
2021-11-08,2021,11,8,0.0,,5.183574463358577e-05,,False
2021-11-09,2021,11,9,7.1,,7.1,,False
2021-11-10,2021,11,10,10.0,,9.999999999999998,,False
2021-11-10,2021,11,10,10.0,,9.999999999999998,,False
2021-11-11,2021,11,11,7.8,,7.800000000000002,,False
2021-11-12,2021,11,12,5.2,,5.2,,False
2021-11-12,2021,11,12,5.2,,5.2,,False
2021-11-13,2021,11,13,0.0,,5.183574463358577e-05,,False
2021-11-13,2021,11,13,0.0,,5.183574463358577e-05,,False
2021-11-14,2021,11,14,0.0,,5.183574463358577e-05,,False
2021-11-15,2021,11,15,0.0,,5.183574463358577e-05,,False
2021-11-15,2021,11,15,0.0,,5.183574463358577e-05,,False
2021-11-16,2021,11,16,0.0,,5.183574463358577e-05,,False
2021-11-17,2021,11,17,19.3,,19.3,,False
2021-11-18,2021,11,18,7.4,,7.400000000000001,,False
2021-11-19,2021,11,19,0.0,,5.183574463358577e-05,,False
2021-11-19,2021,11,19,0.0,,5.183574463358577e-05,,False
2021-11-20,2021,11,20,0.0,,5.183574463358577e-05,,False
2021-11-20,2021,11,20,0.0,,5.183574463358577e-05,,False
2021-11-21,2021,11,21,1.5,,1.5,,False
2021-11-22,2021,11,22,8888.0,meteorological_log_domain,7.6177205917755435,,False
2021-11-22,2021,11,22,8888.0,meteorological_log_domain,7.2673710832788,,False
2021-11-23,2021,11,23,0.0,,5.183574463358577e-05,,False
2021-11-24,2021,11,24,1.0,,1.0,,False
2021-11-25,2021,11,25,0.3,,0.3,,False
2021-11-26,2021,11,26,0.2,,0.19999999999999998,,False
2021-11-27,2021,11,27,0.2,,0.19999999999999998,,False
2021-11-28,2021,11,28,20.9,,20.900000000000002,,False
2021-11-28,2021,11,28,20.9,,20.900000000000002,,False
2021-11-29,2021,11,29,6.9,,6.900000000000001,,False
2021-11-30,2021,11,30,39.2,,39.2,,True
2021-12-01,2021,12,1,15.6,,15.599999999999998,,False
2021-12-02,2021,12,2,0.0,,5.183574463358577e-05,,False
2021-12-02,2021,12,2,0.0,,5.183574463358577e-05,,False
2021-12-03,2021,12,3,0.4,,0.4,,False
2021-12-03,2021,12,3,0.4,,0.4,,False
2021-12-04,2021,12,4,12.8,,12.800000000000002,,False
2021-12-05,2021,12,5,0.0,,5.183574463358577e-05,,False
2021-12-05,2021,12,5,0.0,,5.183574463358577e-05,,False
2021-12-06,2021,12,6,5.7,,5.7,,False
2021-12-06,2021,12,6,5.7,,5.7,,False
2021-12-07,2021,12,7,0.0,,5.183574463358577e-05,,False
2021-12-07,2021,12,7,0.0,,5.183574463358577e-05,,False
2021-12-08,2021,12,8,0.0,,5.183574463358577e-05,,False
2021-12-08,2021,12,8,0.0,,5.183574463358577e-05,,False
2021-12-09,2021,12,9,8888.0,meteorological_log_domain,2.10502603805673,,False
2021-12-10,2021,12,10,0.4,,0.4,,False
2021-12-11,2021,12,11,0.0,,5.183574463358577e-05,,False
2021-12-11,2021,12,11,0.0,,5.183574463358577e-05,,False
2021-12-12,2021,12,12,0.1,,0.10000000000000002,,False
2021-12-12,2021,12,12,0.1,,0.10000000000000002,,False
2021-12-13,2021,12,13,0.0,,5.183574463358577e-05,,False
2021-12-13,2021,12,13,0.0,,5.183574463358577e-05,,False
2021-12-14,2021,12,14,8888.0,meteorological_log_domain,2.2392417370783524,,False
2021-12-15,2021,12,15,0.0,,5.183574463358577e-05,,False
2021-12-16,2021,12,16,0.0,,5.183574463358577e-05,,False
2021-12-17,2021,12,17,1.0,,1.0,,False
2021-12-18,2021,12,18,19.9,,19.9,,False
2021-12-19,2021,12,19,9.8,,9.799999999999999,,False
2021-12-20,2021,12,20,0.7,,0.7,,False
2021-12-21,2021,12,21,14.7,,14.700000000000001,,False
2021-12-22,2021,12,22,1.7,,1.7,,False
2021-12-23,2021,12,23,0.0,,5.183574463358577e-05,,False
2021-12-24,2021,12,24,0.2,,0.19999999999999998,,False
2021-12-25,2021,12,25,0.0,,5.183574463358577e-05,,False
2021-12-26,2021,12,26,0.0,,5.183574463358577e-05,,False
2021-12-27,2021,12,27,0.0,,5.183574463358577e-05,,False
2021-12-28,2021,12,28,0.0,,5.183574463358577e-05,,False
2021-12-29,2021,12,29,0.0,,5.183574463358577e-05,,False
2021-12-30,2021,12,30,0.0,,5.183574463358577e-05,,False
2021-12-31,2021,12,31,149.1,,149.09999999999994,,True
2022-01-01,2022,1,1,44.8,,44.79999999999999,,True
2022-01-02,2022,1,2,3.0,,3.0,,False
2022-01-03,2022,1,3,2.2,,2.2,,False
2022-01-04,2022,1,4,5.0,,5.0,,False
2022-01-05,2022,1,5,13.6,,13.6,,False
2022-01-06,2022,1,6,0.0,,5.183574463358577e-05,,False
2022-01-07,2022,1,7,8888.0,meteorological_log_domain,5.418830268409279,,False
2022-01-08,2022,1,8,0.0,,5.183574463358577e-05,,False
2022-01-09,2022,1,9,0.0,,5.183574463358577e-05,,False
2022-01-10,2022,1,10,8888.0,meteorological_log_domain,0.04562064924529854,,False
2022-01-11,2022,1,11,0.0,,5.183574463358577e-05,,False
2022-01-12,2022,1,12,0.0,,5.183574463358577e-05,,False
2022-01-13,2022,1,13,0.0,,5.183574463358577e-05,,False
2022-01-14,2022,1,14,0.0,,5.183574463358577e-05,,False
2022-01-15,2022,1,15,0.0,,5.183574463358577e-05,,False
2022-01-16,2022,1,16,0.0,,5.183574463358577e-05,,False
2022-01-17,2022,1,17,2.0,,1.9999999999999998,,False
2022-01-18,2022,1,18,0.4,,0.4,,False
2022-01-19,2022,1,19,0.0,,5.183574463358577e-05,,False
2022-01-20,2022,1,20,0.0,,5.183574463358577e-05,,False
2022-01-21,2022,1,21,2.5,,2.5,,False
2022-01-22,2022,1,22,0.1,,0.10000000000000002,,False
2022-01-23,2022,1,23,0.0,,5.183574463358577e-05,,False
2022-01-24,2022,1,24,6.3,,6.300000000000001,,False
2022-01-25,2022,1,25,49.2,,49.199999999999996,,True
2022-01-26,2022,1,26,0.0,,5.183574463358577e-05,,False
2022-01-27,2022,1,27,0.0,,5.183574463358577e-05,,False
2022-01-28,2022,1,28,0.0,,5.183574463358577e-05,,False
2022-01-29,2022,1,29,0.0,,5.183574463358577e-05,,False
2022-01-30,2022,1,30,0.0,,5.183574463358577e-05,,False
2022-01-31,2022,1,31,0.0,,5.183574463358577e-05,,False
2022-02-01,2022,2,1,0.0,,5.183574463358577e-05,,False
2022-02-02,2022,2,2,0.0,,5.183574463358577e-05,,False
2022-02-03,2022,2,3,0.0,,5.183574463358577e-05,,False
2022-02-04,2022,2,4,0.0,,5.183574463358577e-05,,False
2022-02-05,2022,2,5,0.0,,5.183574463358577e-05,,False
2022-02-06,2022,2,6,0.0,,5.183574463358577e-05,,False
2022-02-07,2022,2,7,25.0,,25.000000000000004,,False
2022-02-08,2022,2,8,0.0,,5.183574463358577e-05,,False
2022-02-09,2022,2,9,0.0,,5.183574463358577e-05,,False
2022-02-10,2022,2,10,16.8,,16.800000000000004,,False
2022-02-11,2022,2,11,6.6,,6.599999999999999,,False
2022-02-12,2022,2,12,4.8,,4.8,,False
2022-02-13,2022,2,13,0.0,,5.183574463358577e-05,,False
2022-02-14,2022,2,14,0.0,,5.183574463358577e-05,,False
2022-02-15,2022,2,15,6.4,,6.4,,False
2022-02-16,2022,2,16,95.5,,95.50000000000001,,True
2022-02-17,2022,2,17,9.7,,9.7,,False
2022-02-18,2022,2,18,0.0,,5.183574463358577e-05,,False
2022-02-19,2022,2,19,33.5,,33.50000000000001,,True
2022-02-20,2022,2,20,0.0,,5.183574463358577e-05,,False
2022-02-21,2022,2,21,8888.0,meteorological_log_domain,3.967862326934826,,False
2022-02-22,2022,2,22,8888.0,meteorological_log_domain,1.821248548401272,,False
2022-02-23,2022,2,23,0.0,,5.183574463358577e-05,,False
2022-02-24,2022,2,24,0.7,,0.7,,False
2022-02-25,2022,2,25,1.3,,1.3,,False
2022-02-26,2022,2,26,12.0,,12.0,,False
2022-02-27,2022,2,27,62.0,,62.00000000000002,,True
2022-02-28,2022,2,28,19.0,,19.0,,False
2022-03-01,2022,3,1,0.5,,0.5,,False
2022-03-02,2022,3,2,5.7,,5.7,,False
2022-03-03,2022,3,3,0.8,,0.8,,False
2022-03-04,2022,3,4,0.0,,5.183574463358577e-05,,False
2022-03-05,2022,3,5,0.0,,5.183574463358577e-05,,False
2022-03-06,2022,3,6,9.7,,9.7,,False
2022-03-07,2022,3,7,0.0,,5.183574463358577e-05,,False
2022-03-08,2022,3,8,0.0,,5.183574463358577e-05,,False
2022-03-09,2022,3,9,6.8,,6.8,,False
2022-03-10,2022,3,10,0.8,,0.8,,False
2022-03-11,2022,3,11,0.4,,0.4,,False
2022-03-12,2022,3,12,0.0,,5.183574463358577e-05,,False
2022-03-13,2022,3,13,0.0,,5.183574463358577e-05,,False
2022-03-14,2022,3,14,0.4,,0.4,,False
2022-03-15,2022,3,15,1.0,,1.0,,False
2022-03-16,2022,3,16,0.0,,5.183574463358577e-05,,False
2022-03-17,2022,3,17,1.0,,1.0,,False
2022-03-18,2022,3,18,31.0,,31.000000000000004,,True
2022-03-19,2022,3,19,8888.0,meteorological_log_domain,3.8648201243123896,,False
2022-03-20,2022,3,20,1.0,,1.0,,False
2022-03-21,2022,3,21,8888.0,meteorological_log_domain,0.1370974642711947,,False
2022-03-22,2022,3,22,0.2,,0.19999999999999998,,False
2022-03-23,2022,3,23,0.0,,5.183574463358577e-05,,False
2022-03-24,2022,3,24,0.8,,0.8,,False
2022-03-25,2022,3,25,8888.0,meteorological_log_domain,7.194080912740528,,False
2022-03-26,2022,3,26,8888.0,meteorological_log_domain,5.287450663140796,,False
2022-03-27,2022,3,27,0.0,,5.183574463358577e-05,,False
2022-03-28,2022,3,28,0.0,,5.183574463358577e-05,,False
2022-03-29,2022,3,29,0.0,,5.183574463358577e-05,,False
2022-03-30,2022,3,30,0.0,,5.183574463358577e-05,,False
2022-03-31,2022,3,31,0.0,,5.183574463358577e-05,,False
2022-04-01,2022,4,1,0.0,,5.183574463358577e-05,,False
2022-04-02,2022,4,2,0.0,,5.183574463358577e-05,,False
2022-04-03,2022,4,3,27.8,,27.800000000000004,,True
2022-04-04,2022,4,4,27.8,,27.800000000000004,,True
2022-04-05,2022,4,5,1.8,,1.8,,False
2022-04-06,2022,4,6,2.7,,2.7,,False
2022-04-07,2022,4,7,3.9,,3.8999999999999995,,False
2022-04-08,2022,4,8,0.0,,5.183574463358577e-05,,False
2022-04-09,2022,4,9,0.0,,5.183574463358577e-05,,False
2022-04-10,2022,4,10,,,0.0074806216101194565,cubic_spline_log,False
2022-04-11,2022,4,11,,,0.0018227035509666683,cubic_spline_log,False
2022-04-12,2022,4,12,0.0,,5.183574463358577e-05,,False
2022-04-13,2022,4,13,0.0,,5.183574463358577e-05,,False
2022-04-14,2022,4,14,0.0,,5.183574463358577e-05,,False
2022-04-15,2022,4,15,8888.0,meteorological_log_domain,6.807876497247808,,False
2022-04-16,2022,4,16,0.0,,5.183574463358577e-05,,False
2022-04-17,2022,4,17,,,5.183574463358577e-05,cubic_spline_log,False
2022-04-18,2022,4,18,0.0,,5.183574463358577e-05,,False
2022-04-19,2022,4,19,0.0,,5.183574463358577e-05,,False
2022-04-20,2022,4,20,10.0,,9.999999999999998,,False
2022-04-21,2022,4,21,25.1,,25.099999999999998,,True
2022-04-22,2022,4,22,0.0,,5.183574463358577e-05,,False
2022-04-23,2022,4,23,0.0,,5.183574463358577e-05,,False
2022-04-24,2022,4,24,0.8,,0.8,,False
2022-04-25,2022,4,25,0.0,,5.183574463358577e-05,,False
2022-04-26,2022,4,26,9.6,,9.600000000000001,,False
2022-04-27,2022,4,27,0.3,,0.3,,False
2022-04-28,2022,4,28,0.0,,5.183574463358577e-05,,False
2022-04-29,2022,4,29,0.0,,5.183574463358577e-05,,False
2022-04-30,2022,4,30,0.0,,5.183574463358577e-05,,False
2022-05-01,2022,5,1,0.0,,5.183574463358577e-05,,False
2022-05-02,2022,5,2,0.0,,5.183574463358577e-05,,False
2022-05-03,2022,5,3,0.5,,0.5,,False
2022-05-04,2022,5,4,23.4,,23.4,,False
2022-05-05,2022,5,5,5.0,,5.0,,False
2022-05-06,2022,5,6,11.0,,10.999999999999998,,False
2022-05-07,2022,5,7,17.0,,16.999999999999996,,False
2022-05-08,2022,5,8,4.4,,4.4,,False
2022-05-09,2022,5,9,1.0,,1.0,,False
2022-05-10,2022,5,10,0.0,,5.183574463358577e-05,,False
2022-05-11,2022,5,11,0.0,,5.183574463358577e-05,,False
2022-05-12,2022,5,12,8888.0,meteorological_log_domain,7.9166626563170945,,False
2022-05-13,2022,5,13,0.0,,5.183574463358577e-05,,False
2022-05-14,2022,5,14,0.1,,0.10000000000000002,,False
2022-05-15,2022,5,15,0.3,,0.3,,False
2022-05-16,2022,5,16,0.3,,0.3,,False
2022-05-17,2022,5,17,8888.0,meteorological_log_domain,0.03223051449590048,,False
2022-05-18,2022,5,18,0.0,,5.183574463358577e-05,,False
2022-05-19,2022,5,19,0.0,,5.183574463358577e-05,,False
2022-05-20,2022,5,20,0.0,,5.183574463358577e-05,,False
2022-05-21,2022,5,21,0.0,,5.183574463358577e-05,,False
2022-05-22,2022,5,22,0.0,,5.183574463358577e-05,,False
2022-05-23,2022,5,23,0.0,,5.183574463358577e-05,,False
2022-05-24,2022,5,24,0.0,,5.183574463358577e-05,,False
2022-05-25,2022,5,25,0.0,,5.183574463358577e-05,,False
2022-05-26,2022,5,26,0.0,,5.183574463358577e-05,,False
2022-05-27,2022,5,27,0.0,,5.183574463358577e-05,,False
2022-05-28,2022,5,28,0.0,,5.183574463358577e-05,,False
2022-05-29,2022,5,29,0.0,,5.183574463358577e-05,,False
2022-05-30,2022,5,30,0.0,,5.183574463358577e-05,,False
2022-05-31,2022,5,31,0.0,,5.183574463358577e-05,,False
2022-06-01,2022,6,1,0.0,,5.183574463358577e-05,,False
2022-06-02,2022,6,2,31.1,,31.1,,True
2022-06-03,2022,6,3,4.9,,4.9,,False
2022-06-04,2022,6,4,0.0,,5.183574463358577e-05,,False
2022-06-05,2022,6,5,0.0,,5.183574463358577e-05,,False
2022-06-06,2022,6,6,24.8,,24.8,,False
2022-06-07,2022,6,7,33.1,,33.099999999999994,,True
2022-06-08,2022,6,8,0.0,,5.183574463358577e-05,,False
2022-06-09,2022,6,9,0.0,,5.183574463358577e-05,,False
2022-06-10,2022,6,10,0.0,,5.183574463358577e-05,,False
2022-06-11,2022,6,11,0.2,,0.19999999999999998,,False
2022-06-12,2022,6,12,26.1,,26.1,,True
2022-06-13,2022,6,13,0.3,,0.3,,False
2022-06-14,2022,6,14,0.0,,5.183574463358577e-05,,False
2022-06-15,2022,6,15,3.5,,3.4999999999999996,,False
2022-06-16,2022,6,16,13.8,,13.799999999999999,,False
2022-06-17,2022,6,17,0.0,,5.183574463358577e-05,,False
2022-06-18,2022,6,18,0.0,,5.183574463358577e-05,,False
2022-06-19,2022,6,19,14.8,,14.799999999999997,,False
2022-06-20,2022,6,20,2.0,,1.9999999999999998,,False
2022-06-21,2022,6,21,26.2,,26.200000000000003,,True
2022-06-22,2022,6,22,0.0,,5.183574463358577e-05,,False
2022-06-23,2022,6,23,0.2,,0.19999999999999998,,False
2022-06-24,2022,6,24,1.5,,1.5,,False
2022-06-25,2022,6,25,0.0,,5.183574463358577e-05,,False
2022-06-26,2022,6,26,0.3,,0.3,,False
2022-06-27,2022,6,27,0.4,,0.4,,False
2022-06-28,2022,6,28,0.0,,5.183574463358577e-05,,False
2022-06-29,2022,6,29,0.0,,5.183574463358577e-05,,False
2022-06-30,2022,6,30,0.0,,5.183574463358577e-05,,False
2022-07-01,2022,7,1,0.0,,5.183574463358577e-05,,False
2022-07-02,2022,7,2,12.8,,12.800000000000002,,False
2022-07-03,2022,7,3,0.0,,5.183574463358577e-05,,False
2022-07-04,2022,7,4,0.3,,0.3,,False
2022-07-05,2022,7,5,1.6,,1.6,,False
2022-07-06,2022,7,6,0.0,,5.183574463358577e-05,,False
2022-07-07,2022,7,7,0.0,,5.183574463358577e-05,,False
2022-07-08,2022,7,8,0.0,,5.183574463358577e-05,,False
2022-07-09,2022,7,9,0.0,,5.183574463358577e-05,,False
2022-07-10,2022,7,10,0.0,,5.183574463358577e-05,,False
2022-07-11,2022,7,11,0.0,,5.183574463358577e-05,,False
2022-07-12,2022,7,12,0.0,,5.183574463358577e-05,,False
2022-07-13,2022,7,13,0.0,,5.183574463358577e-05,,False
2022-07-14,2022,7,14,0.0,,5.183574463358577e-05,,False
2022-07-15,2022,7,15,0.0,,5.183574463358577e-05,,False
2022-07-16,2022,7,16,0.0,,5.183574463358577e-05,,False
2022-07-17,2022,7,17,0.0,,5.183574463358577e-05,,False
2022-07-18,2022,7,18,0.0,,5.183574463358577e-05,,False
2022-07-19,2022,7,19,0.0,,5.183574463358577e-05,,False
2022-07-20,2022,7,20,0.0,,5.183574463358577e-05,,False
2022-07-21,2022,7,21,0.0,,5.183574463358577e-05,,False
2022-07-22,2022,7,22,13.1,,13.100000000000001,,False
2022-07-23,2022,7,23,0.1,,0.10000000000000002,,False
2022-07-24,2022,7,24,,,5.183574463358577e-05,cubic_spline_log,False
2022-07-25,2022,7,25,0.0,,5.183574463358577e-05,,False
2022-07-26,2022,7,26,8888.0,meteorological_log_domain,7.428703447029854,,False
2022-07-27,2022,7,27,0.1,,0.10000000000000002,,False
2022-07-28,2022,7,28,3.3,,3.3000000000000003,,False
2022-07-29,2022,7,29,0.0,,5.183574463358577e-05,,False
2022-07-30,2022,7,30,0.0,,5.183574463358577e-05,,False
2022-07-31,2022,7,31,0.0,,5.183574463358577e-05,,False
2022-08-01,2022,8,1,0.5,,0.5,,False
2022-08-02,2022,8,2,0.0,,5.183574463358577e-05,,False
2022-08-03,2022,8,3,7.9,,7.9,,False
2022-08-04,2022,8,4,8888.0,meteorological_log_domain,0.014167521508607553,,False
2022-08-05,2022,8,5,8888.0,meteorological_log_domain,0.45217604710124065,,False
2022-08-06,2022,8,6,0.0,,5.183574463358577e-05,,False
2022-08-07,2022,8,7,0.0,,5.183574463358577e-05,,False
2022-08-08,2022,8,8,0.0,,5.183574463358577e-05,,False
2022-08-09,2022,8,9,0.0,,5.183574463358577e-05,,False
2022-08-10,2022,8,10,0.0,,5.183574463358577e-05,,False
2022-08-11,2022,8,11,0.0,,5.183574463358577e-05,,False
2022-08-12,2022,8,12,0.0,,5.183574463358577e-05,,False
2022-08-13,2022,8,13,0.0,,5.183574463358577e-05,,False
2022-08-14,2022,8,14,33.5,,33.50000000000001,,True
2022-08-15,2022,8,15,0.0,,5.183574463358577e-05,,False
2022-08-16,2022,8,16,0.0,,5.183574463358577e-05,,False
2022-08-17,2022,8,17,0.0,,5.183574463358577e-05,,False
2022-08-18,2022,8,18,10.5,,10.499999999999998,,False
2022-08-19,2022,8,19,44.3,,44.29999999999999,,True
2022-08-20,2022,8,20,1.9,,1.9,,False
2022-08-21,2022,8,21,1.0,,1.0,,False
2022-08-22,2022,8,22,8888.0,meteorological_log_domain,7.28960260754345,,False
2022-08-23,2022,8,23,0.0,,5.183574463358577e-05,,False
2022-08-24,2022,8,24,8888.0,meteorological_log_domain,7.77962926830701,,False
2022-08-25,2022,8,25,0.0,,5.183574463358577e-05,,False
2022-08-26,2022,8,26,22.4,,22.4,,False
2022-08-27,2022,8,27,0.5,,0.5,,False
2022-08-28,2022,8,28,5.0,,5.0,,False
2022-08-29,2022,8,29,1.0,,1.0,,False
2022-08-30,2022,8,30,8888.0,meteorological_log_domain,5.527189711411615,,False
2022-08-31,2022,8,31,1.6,,1.6,,False
2022-09-01,2022,9,1,0.0,,5.183574463358577e-05,,False
2022-09-02,2022,9,2,3.9,,3.8999999999999995,,False
2022-09-03,2022,9,3,0.0,,5.183574463358577e-05,,False
2022-09-04,2022,9,4,3.8,,3.7999999999999994,,False
2022-09-05,2022,9,5,0.0,,5.183574463358577e-05,,False
2022-09-06,2022,9,6,0.0,,5.183574463358577e-05,,False
2022-09-07,2022,9,7,0.0,,5.183574463358577e-05,,False
2022-09-08,2022,9,8,5.0,,5.0,,False
2022-09-09,2022,9,9,8888.0,meteorological_log_domain,0.8511236566934614,,False
2022-09-10,2022,9,10,0.0,,5.183574463358577e-05,,False
2022-09-11,2022,9,11,0.0,,5.183574463358577e-05,,False
2022-09-12,2022,9,12,0.0,,5.183574463358577e-05,,False
2022-09-13,2022,9,13,0.0,,5.183574463358577e-05,,False
2022-09-14,2022,9,14,0.0,,5.183574463358577e-05,,False
2022-09-15,2022,9,15,3.2,,3.2,,False
2022-09-16,2022,9,16,0.0,,5.183574463358577e-05,,False
2022-09-17,2022,9,17,0.0,,5.183574463358577e-05,,False
2022-09-18,2022,9,18,1.0,,1.0,,False
2022-09-19,2022,9,19,0.0,,5.183574463358577e-05,,False
2022-09-20,2022,9,20,0.0,,5.183574463358577e-05,,False
2022-09-21,2022,9,21,0.0,,5.183574463358577e-05,,False
2022-09-22,2022,9,22,5.2,,5.2,,False
2022-09-23,2022,9,23,0.0,,5.183574463358577e-05,,False
2022-09-24,2022,9,24,1.0,,1.0,,False
2022-09-25,2022,9,25,0.1,,0.10000000000000002,,False
2022-09-26,2022,9,26,0.5,,0.5,,False
2022-09-27,2022,9,27,0.0,,5.183574463358577e-05,,False
2022-09-28,2022,9,28,31.2,,31.199999999999996,,True
2022-09-29,2022,9,29,0.0,,5.183574463358577e-05,,False
2022-09-30,2022,9,30,0.5,,0.5,,False
2022-10-01,2022,10,1,0.2,,0.19999999999999998,,False
2022-10-02,2022,10,2,8888.0,meteorological_log_domain,2.8218899873042815,,False
2022-10-03,2022,10,3,0.0,,5.183574463358577e-05,,False
2022-10-04,2022,10,4,6.8,,6.8,,False
2022-10-05,2022,10,5,170.1,,170.09999999999997,,True
2022-10-06,2022,10,6,1.5,,1.5,,False
2022-10-07,2022,10,7,72.6,,72.60000000000002,,True
2022-10-08,2022,10,8,19.8,,19.800000000000004,,False
2022-10-09,2022,10,9,8888.0,meteorological_log_domain,7.90288430476238,,False
2022-10-10,2022,10,10,0.0,,5.183574463358577e-05,,False
2022-10-11,2022,10,11,8888.0,meteorological_log_domain,3.815223384484112,,False
2022-10-12,2022,10,12,1.6,,1.6,,False
2022-10-13,2022,10,13,0.0,,5.183574463358577e-05,,False
2022-10-14,2022,10,14,0.0,,5.183574463358577e-05,,False
2022-10-15,2022,10,15,0.0,,5.183574463358577e-05,,False
2022-10-16,2022,10,16,0.0,,5.183574463358577e-05,,False
2022-10-17,2022,10,17,7.7,,7.700000000000001,,False
2022-10-18,2022,10,18,8888.0,meteorological_log_domain,3.958348882494225,,False
2022-10-19,2022,10,19,0.0,,5.183574463358577e-05,,False
2022-10-20,2022,10,20,17.5,,17.5,,False
2022-10-21,2022,10,21,16.3,,16.3,,False
2022-10-22,2022,10,22,1.3,,1.3,,False
2022-10-23,2022,10,23,0.9,,0.9,,False
2022-10-24,2022,10,24,2.0,,1.9999999999999998,,False
2022-10-25,2022,10,25,5.5,,5.5,,False
2022-10-26,2022,10,26,11.0,,10.999999999999998,,False
2022-10-27,2022,10,27,11.2,,11.200000000000001,,False
2022-10-28,2022,10,28,7.9,,7.9,,False
2022-10-29,2022,10,29,3.3,,3.3000000000000003,,False
2022-10-30,2022,10,30,0.0,,5.183574463358577e-05,,False
2022-10-31,2022,10,31,8888.0,meteorological_log_domain,7.203626399481998,,False
2022-11-01,2022,11,1,8888.0,meteorological_log_domain,6.734123630648229,,False
2022-11-02,2022,11,2,0.0,,5.183574463358577e-05,,False
2022-11-03,2022,11,3,0.0,,5.183574463358577e-05,,False
2022-11-04,2022,11,4,19.6,,19.599999999999998,,False
2022-11-05,2022,11,5,2.8,,2.8,,False
2022-11-06,2022,11,6,21.0,,21.0,,False
2022-11-07,2022,11,7,56.2,,56.19999999999998,,True
2022-11-08,2022,11,8,0.0,,5.183574463358577e-05,,False
2022-11-09,2022,11,9,2.6,,2.6,,False
2022-11-10,2022,11,10,0.0,,5.183574463358577e-05,,False
2022-11-11,2022,11,11,22.4,,22.4,,False
2022-11-12,2022,11,12,19.5,,19.5,,False
2022-11-13,2022,11,13,23.9,,23.9,,False
2022-11-14,2022,11,14,1.2,,1.2,,False
2022-11-15,2022,11,15,38.0,,38.0,,True
2022-11-16,2022,11,16,4.2,,4.2,,False
2022-11-17,2022,11,17,0.0,,5.183574463358577e-05,,False
2022-11-18,2022,11,18,0.0,,5.183574463358577e-05,,False
2022-11-19,2022,11,19,39.2,,39.2,,True
2022-11-20,2022,11,20,8888.0,meteorological_log_domain,13.384226631997395,,False
2022-11-21,2022,11,21,0.0,,5.183574463358577e-05,,False
2022-11-22,2022,11,22,0.0,,5.183574463358577e-05,,False
2022-11-23,2022,11,23,0.0,,5.183574463358577e-05,,False
2022-11-24,2022,11,24,0.0,,5.183574463358577e-05,,False
2022-11-25,2022,11,25,1.5,,1.5,,False
2022-11-26,2022,11,26,15.0,,14.999999999999998,,False
2022-11-27,2022,11,27,0.0,,5.183574463358577e-05,,False
2022-11-28,2022,11,28,0.0,,5.183574463358577e-05,,False
2022-11-29,2022,11,29,0.0,,5.183574463358577e-05,,False
2022-11-30,2022,11,30,3.0,,3.0,,False
2022-12-01,2022,12,1,1.5,,1.5,,False
2022-12-02,2022,12,2,8.0,,8.0,,False
2022-12-03,2022,12,3,15.3,,15.299999999999997,,False
2022-12-04,2022,12,4,5.2,,5.2,,False
2022-12-05,2022,12,5,4.3,,4.3,,False
2022-12-06,2022,12,6,7.5,,7.500000000000001,,False
2022-12-07,2022,12,7,0.0,,5.183574463358577e-05,,False
2022-12-08,2022,12,8,33.7,,33.70000000000001,,True
2022-12-09,2022,12,9,49.4,,49.400000000000006,,True
2022-12-10,2022,12,10,14.4,,14.400000000000004,,False
2022-12-11,2022,12,11,32.1,,32.099999999999994,,True
2022-12-12,2022,12,12,5.3,,5.3,,False
2022-12-13,2022,12,13,12.5,,12.5,,False
2022-12-14,2022,12,14,19.9,,19.9,,False
2022-12-15,2022,12,15,4.2,,4.2,,False
2022-12-16,2022,12,16,0.4,,0.4,,False
2022-12-17,2022,12,17,0.0,,5.183574463358577e-05,,False
2022-12-18,2022,12,18,27.0,,27.000000000000004,,True
2022-12-19,2022,12,19,101.2,,101.19999999999999,,True
2022-12-20,2022,12,20,8.5,,8.5,,False
2022-12-21,2022,12,21,8.5,,8.5,,False
2022-12-22,2022,12,22,0.9,,0.9,,False
2022-12-23,2022,12,23,8888.0,meteorological_log_domain,6.083895580951799,,False
2022-12-24,2022,12,24,0.0,,5.183574463358577e-05,,False
2022-12-25,2022,12,25,0.0,,5.183574463358577e-05,,False
2022-12-26,2022,12,26,0.0,,5.183574463358577e-05,,False
2022-12-27,2022,12,27,3.6,,3.6000000000000005,,False
2022-12-28,2022,12,28,8.0,,8.0,,False
2022-12-29,2022,12,29,0.0,,5.183574463358577e-05,,False
2022-12-30,2022,12,30,7.3,,7.300000000000001,,False
2022-12-31,2022,12,31,0.0,,5.183574463358577e-05,,False
2023-01-01,2023,1,1,0.0,,5.183574463358577e-05,,False
2023-01-01,2023,1,1,0.0,,5.183574463358577e-05,,False
2023-01-02,2023,1,2,0.0,,5.183574463358577e-05,,False
2023-01-02,2023,1,2,0.0,,5.183574463358577e-05,,False
2023-01-03,2023,1,3,1.0,,1.0,,False
2023-01-03,2023,1,3,1.0,,1.0,,False
2023-01-04,2023,1,4,8888.0,meteorological_log_domain,6.698375278472764,,False
2023-01-04,2023,1,4,8888.0,meteorological_log_domain,7.028410096502328,,False
2023-01-05,2023,1,5,1.1,,1.1,,False
2023-01-05,2023,1,5,1.1,,1.1,,False
2023-01-06,2023,1,6,0.0,,5.183574463358577e-05,,False
2023-01-06,2023,1,6,0.0,,5.183574463358577e-05,,False
2023-01-07,2023,1,7,0.0,,5.183574463358577e-05,,False
2023-01-07,2023,1,7,0.0,,5.183574463358577e-05,,False
2023-01-08,2023,1,8,0.1,,0.10000000000000002,,False
2023-01-08,2023,1,8,0.1,,0.10000000000000002,,False
2023-01-09,2023,1,9,2.0,,1.9999999999999998,,False
2023-01-09,2023,1,9,2.0,,1.9999999999999998,,False
2023-01-10,2023,1,10,,,0.30330631940200425,cubic_spline_log,False
2023-01-10,2023,1,10,,,0.028317709747302168,cubic_spline_log,False
2023-01-11,2023,1,11,0.0,,5.183574463358577e-05,,False
2023-01-11,2023,1,11,0.0,,5.183574463358577e-05,,False
2023-01-12,2023,1,12,0.0,,5.183574463358577e-05,,False
2023-01-12,2023,1,12,0.0,,5.183574463358577e-05,,False
2023-01-13,2023,1,13,2.3,,2.3,,False
2023-01-13,2023,1,13,2.3,,2.3,,False
2023-01-14,2023,1,14,0.0,,5.183574463358577e-05,,False
2023-01-14,2023,1,14,0.0,,5.183574463358577e-05,,False
2023-01-15,2023,1,15,0.0,,5.183574463358577e-05,,False
2023-01-15,2023,1,15,0.0,,5.183574463358577e-05,,False
2023-01-16,2023,1,16,0.0,,5.183574463358577e-05,,False
2023-01-16,2023,1,16,0.0,,5.183574463358577e-05,,False
2023-01-17,2023,1,17,4.5,,4.500000000000001,,False
2023-01-17,2023,1,17,4.5,,4.500000000000001,,False
2023-01-18,2023,1,18,0.0,,5.183574463358577e-05,,False
2023-01-18,2023,1,18,0.0,,5.183574463358577e-05,,False
2023-01-19,2023,1,19,1.2,,1.2,,False
2023-01-19,2023,1,19,1.2,,1.2,,False
2023-01-20,2023,1,20,0.0,,5.183574463358577e-05,,False
2023-01-20,2023,1,20,0.0,,5.183574463358577e-05,,False
2023-01-21,2023,1,21,45.0,,44.99999999999999,,True
2023-01-21,2023,1,21,45.0,,44.99999999999999,,True
2023-01-22,2023,1,22,71.6,,71.60000000000001,,True
2023-01-22,2023,1,22,71.6,,71.60000000000001,,True
2023-01-23,2023,1,23,24.1,,24.099999999999998,,False
2023-01-23,2023,1,23,24.1,,24.099999999999998,,False
2023-01-24,2023,1,24,9.8,,9.799999999999999,,False
2023-01-24,2023,1,24,9.8,,9.799999999999999,,False
2023-01-25,2023,1,25,4.7,,4.7,,False
2023-01-25,2023,1,25,4.7,,4.7,,False
2023-01-26,2023,1,26,0.0,,5.183574463358577e-05,,False
2023-01-26,2023,1,26,0.0,,5.183574463358577e-05,,False
2023-01-27,2023,1,27,1.2,,1.2,,False
2023-01-27,2023,1,27,1.2,,1.2,,False
2023-01-28,2023,1,28,1.8,,1.8,,False
2023-01-28,2023,1,28,1.8,,1.8,,False
2023-01-29,2023,1,29,0.0,,5.183574463358577e-05,,False
2023-01-29,2023,1,29,0.0,,5.183574463358577e-05,,False
2023-01-30,2023,1,30,0.0,,5.183574463358577e-05,,False
2023-01-30,2023,1,30,0.0,,5.183574463358577e-05,,False
2023-01-31,2023,1,31,1.0,,1.0,,False
2023-01-31,2023,1,31,1.0,,1.0,,False
2023-02-01,2023,2,1,4.4,,4.4,,False
2023-02-02,2023,2,2,0.0,,5.183574463358577e-05,,False
2023-02-03,2023,2,3,0.0,,5.183574463358577e-05,,False
2023-02-04,2023,2,4,17.9,,17.9,,False
2023-02-05,2023,2,5,0.0,,5.183574463358577e-05,,False
2023-02-06,2023,2,6,0.0,,5.183574463358577e-05,,False
2023-02-07,2023,2,7,0.0,,5.183574463358577e-05,,False
2023-02-08,2023,2,8,0.0,,5.183574463358577e-05,,False
2023-02-09,2023,2,9,1.5,,1.5,,False
2023-02-10,2023,2,10,3.6,,3.6000000000000005,,False
2023-02-11,2023,2,11,10.6,,10.599999999999998,,False
2023-02-12,2023,2,12,0.0,,5.183574463358577e-05,,False
2023-02-13,2023,2,13,0.1,,0.10000000000000002,,False
2023-02-13,2023,2,13,0.1,,0.10000000000000002,,False
2023-02-14,2023,2,14,0.0,,5.183574463358577e-05,,False
2023-02-15,2023,2,15,0.0,,5.183574463358577e-05,,False
2023-02-16,2023,2,16,0.0,,5.183574463358577e-05,,False
2023-02-17,2023,2,17,0.0,,5.183574463358577e-05,,False
2023-02-18,2023,2,18,0.0,,5.183574463358577e-05,,False
2023-02-19,2023,2,19,0.0,,5.183574463358577e-05,,False
2023-02-20,2023,2,20,5.8,,5.799999999999999,,False
2023-02-21,2023,2,21,4.0,,4.0,,False
2023-02-22,2023,2,22,0.0,,5.183574463358577e-05,,False
2023-02-23,2023,2,23,3.5,,3.4999999999999996,,False
2023-02-24,2023,2,24,0.0,,5.183574463358577e-05,,False
2023-02-25,2023,2,25,0.0,,5.183574463358577e-05,,False
2023-02-26,2023,2,26,8888.0,meteorological_log_domain,3.2852297645634922,,False
2023-02-27,2023,2,27,1.5,,1.5,,False
2023-02-28,2023,2,28,0.0,,5.183574463358577e-05,,False
2023-03-01,2023,3,1,4.0,,4.0,,False
2023-03-02,2023,3,2,0.7,,0.7,,False
2023-03-03,2023,3,3,0.0,,5.183574463358577e-05,,False
2023-03-04,2023,3,4,2.0,,1.9999999999999998,,False
2023-03-04,2023,3,4,2.0,,1.9999999999999998,,False
2023-03-05,2023,3,5,0.0,,5.183574463358577e-05,,False
2023-03-06,2023,3,6,0.0,,5.183574463358577e-05,,False
2023-03-06,2023,3,6,0.0,,5.183574463358577e-05,,False
2023-03-07,2023,3,7,,,5.183574463358577e-05,cubic_spline_log,False
2023-03-08,2023,3,8,0.0,,5.183574463358577e-05,,False
2023-03-09,2023,3,9,,,1.8711882202302614,cubic_spline_log,False
2023-03-10,2023,3,10,11.3,,11.3,,False
2023-03-11,2023,3,11,0.0,,5.183574463358577e-05,,False
2023-03-12,2023,3,12,0.0,,5.183574463358577e-05,,False
2023-03-13,2023,3,13,0.0,,5.183574463358577e-05,,False
2023-03-14,2023,3,14,0.0,,5.183574463358577e-05,,False
2023-03-15,2023,3,15,0.0,,5.183574463358577e-05,,False
2023-03-16,2023,3,16,0.0,,5.183574463358577e-05,,False
2023-03-17,2023,3,17,0.0,,5.183574463358577e-05,,False
2023-03-18,2023,3,18,0.0,,5.183574463358577e-05,,False
2023-03-19,2023,3,19,10.2,,10.199999999999998,,False
2023-03-20,2023,3,20,0.0,,5.183574463358577e-05,,False
2023-03-21,2023,3,21,0.0,,5.183574463358577e-05,,False
2023-03-22,2023,3,22,0.0,,5.183574463358577e-05,,False
2023-03-23,2023,3,23,8888.0,meteorological_log_domain,2.020295524366152,,False
2023-03-24,2023,3,24,1.8,,1.8,,False
2023-03-25,2023,3,25,0.0,,5.183574463358577e-05,,False
2023-03-26,2023,3,26,0.0,,5.183574463358577e-05,,False
2023-03-27,2023,3,27,5.0,,5.0,,False
2023-03-28,2023,3,28,0.0,,5.183574463358577e-05,,False
2023-03-29,2023,3,29,8888.0,meteorological_log_domain,5.830945456459928,,False
2023-03-30,2023,3,30,0.0,,5.183574463358577e-05,,False
2023-03-31,2023,3,31,0.0,,5.183574463358577e-05,,False
2023-04-01,2023,4,1,0.0,,5.183574463358577e-05,,False
2023-04-02,2023,4,2,0.0,,5.183574463358577e-05,,False
2023-04-03,2023,4,3,0.0,,5.183574463358577e-05,,False
2023-04-04,2023,4,4,0.0,,5.183574463358577e-05,,False
2023-04-05,2023,4,5,0.0,,5.183574463358577e-05,,False
2023-04-06,2023,4,6,,,5.183574463358577e-05,cubic_spline_log,False
2023-04-07,2023,4,7,0.0,,5.183574463358577e-05,,False
2023-04-08,2023,4,8,8888.0,meteorological_log_domain,3.0405270431453695,,False
2023-04-09,2023,4,9,0.0,,5.183574463358577e-05,,False
2023-04-10,2023,4,10,8888.0,meteorological_log_domain,1.5352221107833768,,False
2023-04-11,2023,4,11,,,0.9244501225047381,cubic_spline_log,False
2023-04-12,2023,4,12,0.0,,5.183574463358577e-05,,False
2023-04-13,2023,4,13,,,5.183574463358577e-05,cubic_spline_log,False
2023-04-14,2023,4,14,0.0,,5.183574463358577e-05,,False
2023-04-15,2023,4,15,0.0,,5.183574463358577e-05,,False
2023-04-16,2023,4,16,0.0,,5.183574463358577e-05,,False
2023-04-17,2023,4,17,0.0,,5.183574463358577e-05,,False
2023-04-18,2023,4,18,0.0,,5.183574463358577e-05,,False
2023-04-19,2023,4,19,0.0,,5.183574463358577e-05,,False
2023-04-20,2023,4,20,0.0,,5.183574463358577e-05,,False
2023-04-21,2023,4,21,0.0,,5.183574463358577e-05,,False
2023-04-22,2023,4,22,0.0,,5.183574463358577e-05,,False
2023-04-23,2023,4,23,0.0,,5.183574463358577e-05,,False
2023-04-24,2023,4,24,26.4,,26.4,,True
2023-04-25,2023,4,25,0.2,,0.19999999999999998,,False
2023-04-26,2023,4,26,0.0,,5.183574463358577e-05,,False
2023-04-27,2023,4,27,0.0,,5.183574463358577e-05,,False
2023-04-28,2023,4,28,0.0,,5.183574463358577e-05,,False
2023-04-29,2023,4,29,0.0,,5.183574463358577e-05,,False
2023-04-30,2023,4,30,0.0,,5.183574463358577e-05,,False
2023-04-30,2023,4,30,0.0,,5.183574463358577e-05,,False
2023-05-01,2023,5,1,0.0,,5.183574463358577e-05,,False
2023-05-02,2023,5,2,0.0,,5.183574463358577e-05,,False
2023-05-03,2023,5,3,0.0,,5.183574463358577e-05,,False
2023-05-03,2023,5,3,0.0,,5.183574463358577e-05,,False
2023-05-04,2023,5,4,0.2,,0.19999999999999998,,False
2023-05-05,2023,5,5,55.7,,55.70000000000002,,True
2023-05-06,2023,5,6,0.0,,5.183574463358577e-05,,False
2023-05-06,2023,5,6,0.0,,5.183574463358577e-05,,False
2023-05-07,2023,5,7,0.5,,0.5,,False
2023-05-07,2023,5,7,0.5,,0.5,,False
2023-05-08,2023,5,8,9.0,,8.999999999999998,,False
2023-05-08,2023,5,8,9.0,,8.999999999999998,,False
2023-05-09,2023,5,9,3.5,,3.4999999999999996,,False
2023-05-10,2023,5,10,0.0,,5.183574463358577e-05,,False
2023-05-10,2023,5,10,0.0,,5.183574463358577e-05,,False
2023-05-11,2023,5,11,0.0,,5.183574463358577e-05,,False
2023-05-11,2023,5,11,0.0,,5.183574463358577e-05,,False
2023-05-12,2023,5,12,0.0,,5.183574463358577e-05,,False
2023-05-12,2023,5,12,0.0,,5.183574463358577e-05,,False
2023-05-13,2023,5,13,0.0,,5.183574463358577e-05,,False
2023-05-13,2023,5,13,0.0,,5.183574463358577e-05,,False
2023-05-14,2023,5,14,0.0,,5.183574463358577e-05,,False
2023-05-15,2023,5,15,1.0,,1.0,,False
2023-05-15,2023,5,15,1.0,,1.0,,False
2023-05-16,2023,5,16,,,0.13145568083689427,cubic_spline_log,False
2023-05-17,2023,5,17,0.0,,5.183574463358577e-05,,False
2023-05-18,2023,5,18,0.0,,5.183574463358577e-05,,False
2023-05-19,2023,5,19,78.0,,78.0,,True
2023-05-20,2023,5,20,8888.0,meteorological_log_domain,3.0626651333213704,,False
2023-05-21,2023,5,21,8888.0,meteorological_log_domain,0.5112176786459429,,False
2023-05-22,2023,5,22,0.0,,5.183574463358577e-05,,False
2023-05-23,2023,5,23,0.3,,0.3,,False
2023-05-24,2023,5,24,0.0,,5.183574463358577e-05,,False
2023-05-25,2023,5,25,5.5,,5.5,,False
2023-05-26,2023,5,26,9.0,,8.999999999999998,,False
2023-05-27,2023,5,27,3.0,,3.0,,False
2023-05-28,2023,5,28,0.0,,5.183574463358577e-05,,False
2023-05-29,2023,5,29,0.0,,5.183574463358577e-05,,False
2023-05-30,2023,5,30,0.0,,5.183574463358577e-05,,False
2023-05-31,2023,5,31,0.0,,5.183574463358577e-05,,False
2023-06-01,2023,6,1,2.1,,2.1,,False
2023-06-02,2023,6,2,0.0,,5.183574463358577e-05,,False
2023-06-03,2023,6,3,0.0,,5.183574463358577e-05,,False
2023-06-04,2023,6,4,3.8,,3.7999999999999994,,False
2023-06-05,2023,6,5,0.0,,5.183574463358577e-05,,False
2023-06-06,2023,6,6,0.0,,5.183574463358577e-05,,False
2023-06-07,2023,6,7,5.5,,5.5,,False
2023-06-08,2023,6,8,0.0,,5.183574463358577e-05,,False
2023-06-09,2023,6,9,0.0,,5.183574463358577e-05,,False
2023-06-10,2023,6,10,8888.0,meteorological_log_domain,0.07592208092348904,,False
2023-06-11,2023,6,11,17.5,,17.5,,False
2023-06-12,2023,6,12,0.0,,5.183574463358577e-05,,False
2023-06-13,2023,6,13,0.0,,5.183574463358577e-05,,False
2023-06-14,2023,6,14,0.0,,5.183574463358577e-05,,False
2023-06-15,2023,6,15,0.0,,5.183574463358577e-05,,False
2023-06-16,2023,6,16,10.8,,10.799999999999999,,False
2023-06-17,2023,6,17,0.0,,5.183574463358577e-05,,False
2023-06-18,2023,6,18,5.5,,5.5,,False
2023-06-19,2023,6,19,0.0,,5.183574463358577e-05,,False
2023-06-20,2023,6,20,,,5.183574463358577e-05,cubic_spline_log,False
2023-06-21,2023,6,21,0.0,,5.183574463358577e-05,,False
2023-06-22,2023,6,22,8888.0,meteorological_log_domain,0.676859850585832,,False
2023-06-23,2023,6,23,4.4,,4.4,,False
2023-06-24,2023,6,24,8888.0,meteorological_log_domain,0.5399123009277982,,False
2023-06-25,2023,6,25,0.0,,5.183574463358577e-05,,False
2023-06-26,2023,6,26,3.7,,3.7000000000000006,,False
2023-06-27,2023,6,27,6.0,,6.0,,False
2023-06-28,2023,6,28,76.0,,76.0,,True
2023-06-29,2023,6,29,3.6,,3.6000000000000005,,False
2023-06-30,2023,6,30,23.0,,23.0,,False
2023-07-01,2023,7,1,5.4,,5.4,,False
2023-07-02,2023,7,2,8888.0,meteorological_log_domain,0.882631578931447,,False
2023-07-03,2023,7,3,0.0,,5.183574463358577e-05,,False
2023-07-04,2023,7,4,,,5.183574463358577e-05,cubic_spline_log,False
2023-07-05,2023,7,5,0.0,,5.183574463358577e-05,,False
2023-07-06,2023,7,6,0.0,,5.183574463358577e-05,,False
2023-07-07,2023,7,7,0.0,,5.183574463358577e-05,,False
2023-07-08,2023,7,8,8888.0,meteorological_log_domain,0.4411662503344787,,False
2023-07-09,2023,7,9,4.1,,4.1,,False
2023-07-10,2023,7,10,8888.0,meteorological_log_domain,2.152184633496659,,False
2023-07-11,2023,7,11,21.1,,21.099999999999998,,False
2023-07-12,2023,7,12,0.1,,0.10000000000000002,,False
2023-07-13,2023,7,13,0.0,,5.183574463358577e-05,,False
2023-07-14,2023,7,14,0.0,,5.183574463358577e-05,,False
2023-07-15,2023,7,15,0.0,,5.183574463358577e-05,,False
2023-07-16,2023,7,16,0.0,,5.183574463358577e-05,,False
2023-07-17,2023,7,17,0.0,,5.183574463358577e-05,,False
2023-07-18,2023,7,18,0.0,,5.183574463358577e-05,,False
2023-07-19,2023,7,19,0.0,,5.183574463358577e-05,,False
2023-07-20,2023,7,20,5.0,,5.0,,False
2023-07-21,2023,7,21,0.0,,5.183574463358577e-05,,False
2023-07-22,2023,7,22,0.0,,5.183574463358577e-05,,False
2023-07-23,2023,7,23,0.0,,5.183574463358577e-05,,False
2023-07-24,2023,7,24,0.0,,5.183574463358577e-05,,False
2023-07-25,2023,7,25,0.0,,5.183574463358577e-05,,False
2023-07-26,2023,7,26,0.0,,5.183574463358577e-05,,False
2023-07-27,2023,7,27,0.0,,5.183574463358577e-05,,False
2023-07-28,2023,7,28,0.0,,5.183574463358577e-05,,False
2023-07-29,2023,7,29,0.0,,5.183574463358577e-05,,False
2023-07-30,2023,7,30,0.0,,5.183574463358577e-05,,False
2023-07-31,2023,7,31,6.2,,6.2,,False
2023-08-01,2023,8,1,10.1,,10.099999999999998,,False
2023-08-02,2023,8,2,0.0,,5.183574463358577e-05,,False
2023-08-03,2023,8,3,0.0,,5.183574463358577e-05,,False
2023-08-04,2023,8,4,0.0,,5.183574463358577e-05,,False
2023-08-05,2023,8,5,0.1,,0.10000000000000002,,False
2023-08-06,2023,8,6,0.0,,5.183574463358577e-05,,False
2023-08-07,2023,8,7,0.0,,5.183574463358577e-05,,False
2023-08-08,2023,8,8,34.5,,34.5,,True
2023-08-09,2023,8,9,0.0,,5.183574463358577e-05,,False
2023-08-10,2023,8,10,0.0,,5.183574463358577e-05,,False
2023-08-11,2023,8,11,0.0,,5.183574463358577e-05,,False
2023-08-12,2023,8,12,0.0,,5.183574463358577e-05,,False
2023-08-13,2023,8,13,0.0,,5.183574463358577e-05,,False
2023-08-14,2023,8,14,0.0,,5.183574463358577e-05,,False
2023-08-15,2023,8,15,2.4,,2.4,,False
2023-08-16,2023,8,16,0.0,,5.183574463358577e-05,,False
2023-08-17,2023,8,17,3.1,,3.1,,False
2023-08-18,2023,8,18,0.0,,5.183574463358577e-05,,False
2023-08-19,2023,8,19,0.0,,5.183574463358577e-05,,False
2023-08-20,2023,8,20,0.0,,5.183574463358577e-05,,False
2023-08-21,2023,8,21,0.0,,5.183574463358577e-05,,False
2023-08-22,2023,8,22,78.5,,78.49999999999997,,True
2023-08-23,2023,8,23,0.0,,5.183574463358577e-05,,False
2023-08-24,2023,8,24,0.0,,5.183574463358577e-05,,False
2023-08-25,2023,8,25,0.0,,5.183574463358577e-05,,False
2023-08-26,2023,8,26,2.5,,2.5,,False
2023-08-27,2023,8,27,0.0,,5.183574463358577e-05,,False
2023-08-28,2023,8,28,0.0,,5.183574463358577e-05,,False
2023-08-29,2023,8,29,0.0,,5.183574463358577e-05,,False
2023-08-30,2023,8,30,8888.0,meteorological_log_domain,0.010150584148933899,,False
2023-08-31,2023,8,31,0.4,,0.4,,False
2023-09-01,2023,9,1,8.0,,8.0,,False
2023-09-02,2023,9,2,0.0,,5.183574463358577e-05,,False
2023-09-03,2023,9,3,0.0,,5.183574463358577e-05,,False
2023-09-04,2023,9,4,10.3,,10.300000000000002,,False
2023-09-05,2023,9,5,11.0,,10.999999999999998,,False
2023-09-06,2023,9,6,0.7,,0.7,,False
2023-09-07,2023,9,7,0.0,,5.183574463358577e-05,,False
2023-09-08,2023,9,8,0.0,,5.183574463358577e-05,,False
2023-09-09,2023,9,9,0.0,,5.183574463358577e-05,,False
2023-09-10,2023,9,10,8888.0,meteorological_log_domain,5.437837728776894,,False
2023-09-11,2023,9,11,0.2,,0.19999999999999998,,False
2023-09-12,2023,9,12,0.0,,5.183574463358577e-05,,False
2023-09-13,2023,9,13,0.0,,5.183574463358577e-05,,False
2023-09-14,2023,9,14,0.0,,5.183574463358577e-05,,False
2023-09-15,2023,9,15,4.0,,4.0,,False
2023-09-16,2023,9,16,0.6,,0.6,,False
2023-09-17,2023,9,17,29.6,,29.600000000000005,,True
2023-09-18,2023,9,18,0.0,,5.183574463358577e-05,,False
2023-09-19,2023,9,19,0.0,,5.183574463358577e-05,,False
2023-09-20,2023,9,20,0.5,,0.5,,False
2023-09-21,2023,9,21,6.6,,6.599999999999999,,False
2023-09-22,2023,9,22,1.5,,1.5,,False
2023-09-23,2023,9,23,8888.0,meteorological_log_domain,8.344266778556804,,False
2023-09-24,2023,9,24,62.4,,62.39999999999998,,True
2023-09-25,2023,9,25,0.0,,5.183574463358577e-05,,False
2023-09-26,2023,9,26,,,5.183574463358577e-05,cubic_spline_log,False
2023-09-27,2023,9,27,0.0,,5.183574463358577e-05,,False
2023-09-28,2023,9,28,8888.0,meteorological_log_domain,6.25541432399522,,False
2023-09-29,2023,9,29,8888.0,meteorological_log_domain,1.8437030618953822,,False
2023-09-30,2023,9,30,0.0,,5.183574463358577e-05,,False
2023-10-01,2023,10,1,0.0,,5.183574463358577e-05,,False
2023-10-02,2023,10,2,12.6,,12.6,,False
2023-10-03,2023,10,3,0.0,,5.183574463358577e-05,,False
2023-10-04,2023,10,4,8888.0,meteorological_log_domain,0.18411644824854181,,False
2023-10-05,2023,10,5,0.6,,0.6,,False
2023-10-06,2023,10,6,52.4,,52.4,,True
2023-10-07,2023,10,7,1.2,,1.2,,False
2023-10-08,2023,10,8,5.0,,5.0,,False
2023-10-09,2023,10,9,13.0,,13.000000000000002,,False
2023-10-10,2023,10,10,1.5,,1.5,,False
2023-10-11,2023,10,11,5.8,,5.799999999999999,,False
2023-10-12,2023,10,12,0.1,,0.10000000000000002,,False
2023-10-13,2023,10,13,0.0,,5.183574463358577e-05,,False
2023-10-14,2023,10,14,7.0,,7.0,,False
2023-10-15,2023,10,15,0.0,,5.183574463358577e-05,,False
2023-10-16,2023,10,16,6.4,,6.4,,False
2023-10-17,2023,10,17,2.3,,2.3,,False
2023-10-18,2023,10,18,0.1,,0.10000000000000002,,False
2023-10-19,2023,10,19,1.2,,1.2,,False
2023-10-20,2023,10,20,6.0,,6.0,,False
2023-10-21,2023,10,21,,,0.014108361888714423,cubic_spline_log,False
2023-10-22,2023,10,22,0.0,,5.183574463358577e-05,,False
2023-10-23,2023,10,23,21.3,,21.299999999999997,,False
2023-10-24,2023,10,24,0.0,,5.183574463358577e-05,,False
2023-10-25,2023,10,25,8.2,,8.200000000000001,,False
2023-10-26,2023,10,26,2.8,,2.8,,False
2023-10-27,2023,10,27,13.4,,13.399999999999997,,False
2023-10-28,2023,10,28,8888.0,meteorological_log_domain,0.29902645264066086,,False
2023-10-29,2023,10,29,6.3,,6.300000000000001,,False
2023-10-30,2023,10,30,0.1,,0.10000000000000002,,False
2023-10-31,2023,10,31,6.0,,6.0,,False
2023-11-01,2023,11,1,8888.0,meteorological_log_domain,6.623838208718162,,False
2023-11-02,2023,11,2,90.0,,90.00000000000003,,True
2023-11-03,2023,11,3,0.5,,0.5,,False
2023-11-04,2023,11,4,0.0,,5.183574463358577e-05,,False
2023-11-05,2023,11,5,8888.0,meteorological_log_domain,3.1395940117501464,,False
2023-11-06,2023,11,6,8888.0,meteorological_log_domain,2.5295280003325917,,False
2023-11-07,2023,11,7,0.0,,5.183574463358577e-05,,False
2023-11-08,2023,11,8,,,0.029126049097445324,cubic_spline_log,False
2023-11-09,2023,11,9,3.2,,3.2,,False
2023-11-10,2023,11,10,11.3,,11.3,,False
2023-11-11,2023,11,11,8888.0,meteorological_log_domain,15.836644573182241,,False
2023-11-12,2023,11,12,10.3,,10.300000000000002,,False
2023-11-13,2023,11,13,3.2,,3.2,,False
2023-11-14,2023,11,14,3.5,,3.4999999999999996,,False
2023-11-15,2023,11,15,0.9,,0.9,,False
2023-11-16,2023,11,16,12.2,,12.2,,False
2023-11-17,2023,11,17,1.0,,1.0,,False
2023-11-18,2023,11,18,8888.0,meteorological_log_domain,4.253486580103957,,False
2023-11-19,2023,11,19,3.5,,3.4999999999999996,,False
2023-11-20,2023,11,20,0.7,,0.7,,False
2023-11-21,2023,11,21,0.0,,5.183574463358577e-05,,False
2023-11-22,2023,11,22,0.1,,0.10000000000000002,,False
2023-11-23,2023,11,23,0.0,,5.183574463358577e-05,,False
2023-11-24,2023,11,24,0.0,,5.183574463358577e-05,,False
2023-11-25,2023,11,25,0.0,,5.183574463358577e-05,,False
2023-11-26,2023,11,26,26.5,,26.499999999999996,,True
2023-11-27,2023,11,27,2.6,,2.6,,False
2023-11-28,2023,11,28,22.2,,22.2,,False
2023-11-29,2023,11,29,23.2,,23.199999999999996,,False
2023-11-30,2023,11,30,26.8,,26.800000000000004,,True
2023-12-01,2023,12,1,8888.0,meteorological_log_domain,6.086058757422861,,False
2023-12-02,2023,12,2,50.0,,50.00000000000001,,True
2023-12-03,2023,12,3,0.4,,0.4,,False
2023-12-04,2023,12,4,8888.0,meteorological_log_domain,2.494923915958073,,False
2023-12-05,2023,12,5,38.0,,38.0,,True
2023-12-06,2023,12,6,0.6,,0.6,,False
2023-12-07,2023,12,7,0.0,,5.183574463358577e-05,,False
2023-12-08,2023,12,8,8888.0,meteorological_log_domain,4.4118391853324965,,False
2023-12-09,2023,12,9,0.0,,5.183574463358577e-05,,False
2023-12-10,2023,12,10,0.0,,5.183574463358577e-05,,False
2023-12-11,2023,12,11,0.0,,5.183574463358577e-05,,False
2023-12-12,2023,12,12,1.0,,1.0,,False
2023-12-13,2023,12,13,0.7,,0.7,,False
2023-12-14,2023,12,14,2.3,,2.3,,False
2023-12-15,2023,12,15,3.0,,3.0,,False
2023-12-16,2023,12,16,13.3,,13.299999999999999,,False
2023-12-17,2023,12,17,8888.0,meteorological_log_domain,0.0638394716349902,,False
2023-12-18,2023,12,18,8888.0,meteorological_log_domain,0.03731770188271332,,False
2023-12-19,2023,12,19,0.0,,5.183574463358577e-05,,False
2023-12-20,2023,12,20,0.4,,0.4,,False
2023-12-21,2023,12,21,8888.0,meteorological_log_domain,0.2441648654513338,,False
2023-12-22,2023,12,22,0.0,,5.183574463358577e-05,,False
2023-12-23,2023,12,23,0.0,,5.183574463358577e-05,,False
2023-12-24,2023,12,24,25.3,,25.3,,True
2023-12-25,2023,12,25,164.7,,164.69999999999993,,True
2023-12-26,2023,12,26,27.2,,27.199999999999996,,True
2023-12-27,2023,12,27,0.0,,5.183574463358577e-05,,False
2023-12-28,2023,12,28,0.0,,5.183574463358577e-05,,False
2023-12-29,2023,12,29,10.3,,10.300000000000002,,False
2023-12-30,2023,12,30,1.5,,1.5,,False
2023-12-31,2023,12,31,4.0,,4.0,,False
2024-01-01,2024,1,1,8888.0,meteorological_log_domain,2.094414860507398,,False
2024-01-02,2024,1,2,0.0,,5.183574463358577e-05,,False
2024-01-03,2024,1,3,0.0,,5.183574463358577e-05,,False
2024-01-04,2024,1,4,0.0,,5.183574463358577e-05,,False
2024-01-05,2024,1,5,0.0,,5.183574463358577e-05,,False
2024-01-06,2024,1,6,0.0,,5.183574463358577e-05,,False
2024-01-07,2024,1,7,8888.0,meteorological_log_domain,11.53624224429179,,False
2024-01-08,2024,1,8,4.5,,4.500000000000001,,False
2024-01-09,2024,1,9,4.7,,4.7,,False
2024-01-10,2024,1,10,2.6,,2.6,,False
2024-01-11,2024,1,11,0.3,,0.3,,False
2024-01-12,2024,1,12,0.0,,5.183574463358577e-05,,False
2024-01-13,2024,1,13,0.0,,5.183574463358577e-05,,False
2024-01-14,2024,1,14,0.0,,5.183574463358577e-05,,False
2024-01-15,2024,1,15,0.0,,5.183574463358577e-05,,False
2024-01-16,2024,1,16,0.0,,5.183574463358577e-05,,False
2024-01-17,2024,1,17,4.5,,4.500000000000001,,False
2024-01-18,2024,1,18,0.0,,5.183574463358577e-05,,False
2024-01-19,2024,1,19,,,5.183574463358577e-05,cubic_spline_log,False
2024-01-20,2024,1,20,0.0,,5.183574463358577e-05,,False
2024-01-21,2024,1,21,0.0,,5.183574463358577e-05,,False
2024-01-22,2024,1,22,8888.0,meteorological_log_domain,1.7366821565397184,,False
2024-01-23,2024,1,23,0.0,,5.183574463358577e-05,,False
2024-01-24,2024,1,24,0.0,,5.183574463358577e-05,,False
2024-01-25,2024,1,25,8888.0,meteorological_log_domain,6.0404121582311205,,False
2024-01-26,2024,1,26,12.5,,12.5,,False
2024-01-27,2024,1,27,1.5,,1.5,,False
2024-01-28,2024,1,28,0.0,,5.183574463358577e-05,,False
2024-01-29,2024,1,29,3.2,,3.2,,False
2024-01-30,2024,1,30,0.0,,5.183574463358577e-05,,False
2024-01-31,2024,1,31,0.0,,5.183574463358577e-05,,False
2024-02-01,2024,2,1,0.0,,5.183574463358577e-05,,False
2024-02-02,2024,2,2,0.0,,5.183574463358577e-05,,False
2024-02-03,2024,2,3,0.0,,5.183574463358577e-05,,False
2024-02-04,2024,2,4,0.0,,5.183574463358577e-05,,False
2024-02-05,2024,2,5,0.0,,5.183574463358577e-05,,False
2024-02-06,2024,2,6,,,0.00020451785845495077,cubic_spline_log,False
2024-02-07,2024,2,7,0.0,,5.183574463358577e-05,,False
2024-02-08,2024,2,8,0.0,,5.183574463358577e-05,,False
2024-02-09,2024,2,9,0.0,,5.183574463358577e-05,,False
2024-02-10,2024,2,10,0.0,,5.183574463358577e-05,,False
2024-02-11,2024,2,11,0.6,,0.6,,False
2024-02-12,2024,2,12,0.1,,0.10000000000000002,,False
2024-02-13,2024,2,13,0.0,,5.183574463358577e-05,,False
2024-02-14,2024,2,14,0.0,,5.183574463358577e-05,,False
2024-02-15,2024,2,15,8888.0,meteorological_log_domain,0.6464420873300583,,False
2024-02-16,2024,2,16,1.5,,1.5,,False
2024-02-17,2024,2,17,1.3,,1.3,,False
2024-02-18,2024,2,18,0.0,,5.183574463358577e-05,,False
2024-02-19,2024,2,19,3.7,,3.7000000000000006,,False
2024-02-20,2024,2,20,0.1,,0.10000000000000002,,False
2024-02-21,2024,2,21,8888.0,meteorological_log_domain,5.539580367153465,,False
2024-02-22,2024,2,22,0.0,,5.183574463358577e-05,,False
2024-02-23,2024,2,23,0.0,,5.183574463358577e-05,,False
2024-02-24,2024,2,24,0.0,,5.183574463358577e-05,,False
2024-02-25,2024,2,25,0.0,,5.183574463358577e-05,,False
2024-02-26,2024,2,26,0.0,,5.183574463358577e-05,,False
2024-02-27,2024,2,27,0.0,,5.183574463358577e-05,,False
2024-02-28,2024,2,28,0.0,,5.183574463358577e-05,,False
2024-02-29,2024,2,29,0.0,,5.183574463358577e-05,,False
2024-03-01,2024,3,1,0.0,,5.183574463358577e-05,,False
2024-03-02,2024,3,2,0.0,,5.183574463358577e-05,,False
2024-03-03,2024,3,3,0.0,,5.183574463358577e-05,,False
2024-03-04,2024,3,4,0.0,,5.183574463358577e-05,,False
2024-03-05,2024,3,5,0.0,,5.183574463358577e-05,,False
2024-03-06,2024,3,6,0.0,,5.183574463358577e-05,,False
2024-03-07,2024,3,7,0.0,,5.183574463358577e-05,,False
2024-03-08,2024,3,8,0.0,,5.183574463358577e-05,,False
2024-03-09,2024,3,9,,,0.47302279336439895,cubic_spline_log,False
2024-03-10,2024,3,10,1.8,,1.8,,False
2024-03-11,2024,3,11,0.0,,5.183574463358577e-05,,False
2024-03-12,2024,3,12,0.0,,5.183574463358577e-05,,False
2024-03-13,2024,3,13,0.0,,5.183574463358577e-05,,False
2024-03-14,2024,3,14,0.0,,5.183574463358577e-05,,False
2024-03-15,2024,3,15,0.0,,5.183574463358577e-05,,False
2024-03-16,2024,3,16,0.0,,5.183574463358577e-05,,False
2024-03-17,2024,3,17,8888.0,meteorological_log_domain,0.7388691417346713,,False
2024-03-18,2024,3,18,0.0,,5.183574463358577e-05,,False
2024-03-19,2024,3,19,8888.0,meteorological_log_domain,2.73918891393608,,False
2024-03-20,2024,3,20,0.0,,5.183574463358577e-05,,False
2024-03-21,2024,3,21,7.3,,7.300000000000001,,False
2024-03-22,2024,3,22,0.0,,5.183574463358577e-05,,False
2024-03-23,2024,3,23,0.0,,5.183574463358577e-05,,False
2024-03-24,2024,3,24,0.0,,5.183574463358577e-05,,False
2024-03-25,2024,3,25,0.0,,5.183574463358577e-05,,False
2024-03-26,2024,3,26,0.0,,5.183574463358577e-05,,False
2024-03-27,2024,3,27,0.1,,0.10000000000000002,,False
2024-03-28,2024,3,28,5.0,,5.0,,False
2024-03-29,2024,3,29,9.6,,9.600000000000001,,False
2024-03-30,2024,3,30,8888.0,meteorological_log_domain,0.031019500529272374,,False
2024-03-31,2024,3,31,0.0,,5.183574463358577e-05,,False
2024-04-01,2024,4,1,0.0,,5.183574463358577e-05,,False
2024-04-02,2024,4,2,0.0,,5.183574463358577e-05,,False
2024-04-03,2024,4,3,0.0,,5.183574463358577e-05,,False
2024-04-04,2024,4,4,0.0,,5.183574463358577e-05,,False
2024-04-05,2024,4,5,0.0,,5.183574463358577e-05,,False
2024-04-06,2024,4,6,0.0,,5.183574463358577e-05,,False
2024-04-07,2024,4,7,0.0,,5.183574463358577e-05,,False
2024-04-08,2024,4,8,,,5.183574463358577e-05,cubic_spline_log,False
2024-04-09,2024,4,9,0.0,,5.183574463358577e-05,,False
2024-04-10,2024,4,10,0.3,,0.3,,False
2024-04-11,2024,4,11,8888.0,meteorological_log_domain,0.4720492045043126,,False
2024-04-12,2024,4,12,0.0,,5.183574463358577e-05,,False
2024-04-13,2024,4,13,0.0,,5.183574463358577e-05,,False
2024-04-14,2024,4,14,0.0,,5.183574463358577e-05,,False
2024-04-15,2024,4,15,0.0,,5.183574463358577e-05,,False
2024-04-16,2024,4,16,0.0,,5.183574463358577e-05,,False
2024-04-17,2024,4,17,12.8,,12.800000000000002,,False
2024-04-18,2024,4,18,0.0,,5.183574463358577e-05,,False
2024-04-19,2024,4,19,28.2,,28.200000000000003,,True
2024-04-20,2024,4,20,43.8,,43.8,,True
2024-04-21,2024,4,21,0.0,,5.183574463358577e-05,,False
2024-04-22,2024,4,22,0.0,,5.183574463358577e-05,,False
2024-04-23,2024,4,23,0.0,,5.183574463358577e-05,,False
2024-04-24,2024,4,24,0.0,,5.183574463358577e-05,,False
2024-04-25,2024,4,25,0.0,,5.183574463358577e-05,,False
2024-04-26,2024,4,26,0.0,,5.183574463358577e-05,,False
2024-04-27,2024,4,27,8888.0,meteorological_log_domain,0.031488046423135636,,False
2024-04-28,2024,4,28,0.2,,0.19999999999999998,,False
2024-04-29,2024,4,29,3.2,,3.2,,False
2024-04-30,2024,4,30,0.0,,5.183574463358577e-05,,False
2024-05-01,2024,5,1,0.0,,5.183574463358577e-05,,False
2024-05-02,2024,5,2,8888.0,meteorological_log_domain,0.2399435592570853,,False
2024-05-03,2024,5,3,0.8,,0.8,,False
2024-05-04,2024,5,4,15.6,,15.599999999999998,,False
2024-05-05,2024,5,5,0.0,,5.183574463358577e-05,,False
2024-05-06,2024,5,6,0.0,,5.183574463358577e-05,,False
2024-05-07,2024,5,7,8888.0,meteorological_log_domain,0.0721760601056966,,False
2024-05-08,2024,5,8,0.0,,5.183574463358577e-05,,False
2024-05-09,2024,5,9,0.0,,5.183574463358577e-05,,False
2024-05-10,2024,5,10,0.0,,5.183574463358577e-05,,False
2024-05-11,2024,5,11,0.1,,0.10000000000000002,,False
2024-05-12,2024,5,12,0.0,,5.183574463358577e-05,,False
2024-05-13,2024,5,13,0.0,,5.183574463358577e-05,,False
2024-05-14,2024,5,14,0.0,,5.183574463358577e-05,,False
2024-05-15,2024,5,15,0.0,,5.183574463358577e-05,,False
2024-05-16,2024,5,16,0.0,,5.183574463358577e-05,,False
2024-05-17,2024,5,17,0.3,,0.3,,False
2024-05-18,2024,5,18,7.7,,7.700000000000001,,False
2024-05-19,2024,5,19,14.5,,14.5,,False
2024-05-20,2024,5,20,36.0,,36.00000000000001,,True
2024-05-21,2024,5,21,1.7,,1.7,,False
2024-05-22,2024,5,22,60.3,,60.3,,True
2024-05-23,2024,5,23,16.2,,16.2,,False
2024-05-24,2024,5,24,0.0,,5.183574463358577e-05,,False
2024-05-25,2024,5,25,0.0,,5.183574463358577e-05,,False
2024-05-26,2024,5,26,0.0,,5.183574463358577e-05,,False
2024-05-27,2024,5,27,0.0,,5.183574463358577e-05,,False
2024-05-28,2024,5,28,0.8,,0.8,,False
2024-05-29,2024,5,29,0.0,,5.183574463358577e-05,,False
2024-05-30,2024,5,30,0.0,,5.183574463358577e-05,,False
2024-05-31,2024,5,31,0.0,,5.183574463358577e-05,,False
2024-06-01,2024,6,1,0.0,,5.183574463358577e-05,,False
2024-06-02,2024,6,2,0.0,,5.183574463358577e-05,,False
2024-06-03,2024,6,3,0.6,,0.6,,False
2024-06-04,2024,6,4,0.0,,5.183574463358577e-05,,False
2024-06-05,2024,6,5,0.0,,5.183574463358577e-05,,False
2024-06-06,2024,6,6,0.8,,0.8,,False
2024-06-07,2024,6,7,2.7,,2.7,,False
2024-06-08,2024,6,8,0.0,,5.183574463358577e-05,,False
2024-06-09,2024,6,9,0.0,,5.183574463358577e-05,,False
2024-06-10,2024,6,10,0.0,,5.183574463358577e-05,,False
2024-06-11,2024,6,11,0.0,,5.183574463358577e-05,,False
2024-06-12,2024,6,12,0.0,,5.183574463358577e-05,,False
2024-06-13,2024,6,13,11.5,,11.500000000000002,,False
2024-06-14,2024,6,14,0.0,,5.183574463358577e-05,,False
2024-06-15,2024,6,15,0.8,,0.8,,False
2024-06-16,2024,6,16,17.9,,17.9,,False
2024-06-17,2024,6,17,0.7,,0.7,,False
2024-06-18,2024,6,18,8888.0,meteorological_log_domain,1.5510828972611723,,False
2024-06-19,2024,6,19,8888.0,meteorological_log_domain,3.466132922592579,,False
2024-06-20,2024,6,20,0.0,,5.183574463358577e-05,,False
2024-06-21,2024,6,21,0.0,,5.183574463358577e-05,,False
2024-06-22,2024,6,22,0.0,,5.183574463358577e-05,,False
2024-06-23,2024,6,23,7.1,,7.1,,False
2024-06-24,2024,6,24,1.0,,1.0,,False
2024-06-25,2024,6,25,9.5,,9.5,,False
2024-06-26,2024,6,26,0.0,,5.183574463358577e-05,,False
2024-06-27,2024,6,27,0.0,,5.183574463358577e-05,,False
2024-06-28,2024,6,28,81.0,,81.00000000000003,,True
2024-06-29,2024,6,29,0.0,,5.183574463358577e-05,,False
2024-06-30,2024,6,30,1.1,,1.1,,False
2024-07-01,2024,7,1,0.6,,0.6,,False
2024-07-02,2024,7,2,0.0,,5.183574463358577e-05,,False
2024-07-03,2024,7,3,0.0,,5.183574463358577e-05,,False
2024-07-04,2024,7,4,0.0,,5.183574463358577e-05,,False
2024-07-05,2024,7,5,8888.0,meteorological_log_domain,3.2911576943989815,,False
2024-07-06,2024,7,6,8888.0,meteorological_log_domain,1.463866466761529,,False
2024-07-07,2024,7,7,8888.0,meteorological_log_domain,3.9544431962589135,,False
2024-07-08,2024,7,8,,,0.20064516356471146,cubic_spline_log,False
2024-07-09,2024,7,9,0.0,,5.183574463358577e-05,,False
2024-07-10,2024,7,10,0.1,,0.10000000000000002,,False
2024-07-11,2024,7,11,8888.0,meteorological_log_domain,6.038068808984629,,False
2024-07-12,2024,7,12,3.5,,3.4999999999999996,,False
2024-07-13,2024,7,13,0.0,,5.183574463358577e-05,,False
2024-07-14,2024,7,14,0.0,,5.183574463358577e-05,,False
2024-07-15,2024,7,15,0.0,,5.183574463358577e-05,,False
2024-07-16,2024,7,16,0.0,,5.183574463358577e-05,,False
2024-07-17,2024,7,17,0.0,,5.183574463358577e-05,,False
2024-07-18,2024,7,18,0.0,,5.183574463358577e-05,,False
2024-07-19,2024,7,19,5.5,,5.5,,False
2024-07-20,2024,7,20,0.0,,5.183574463358577e-05,,False
2024-07-21,2024,7,21,0.0,,5.183574463358577e-05,,False
2024-07-22,2024,7,22,0.0,,5.183574463358577e-05,,False
2024-07-23,2024,7,23,0.0,,5.183574463358577e-05,,False
2024-07-24,2024,7,24,0.0,,5.183574463358577e-05,,False
2024-07-25,2024,7,25,0.0,,5.183574463358577e-05,,False
2024-07-26,2024,7,26,0.0,,5.183574463358577e-05,,False
2024-07-27,2024,7,27,0.0,,5.183574463358577e-05,,False
2024-07-28,2024,7,28,0.0,,5.183574463358577e-05,,False
2024-07-29,2024,7,29,10.6,,10.599999999999998,,False
2024-07-30,2024,7,30,0.0,,5.183574463358577e-05,,False
2024-07-31,2024,7,31,0.3,,0.3,,False
2024-08-01,2024,8,1,48.6,,48.6,,True
2024-08-02,2024,8,2,0.0,,5.183574463358577e-05,,False
2024-08-03,2024,8,3,0.0,,5.183574463358577e-05,,False
2024-08-04,2024,8,4,17.2,,17.2,,False
2024-08-05,2024,8,5,3.7,,3.7000000000000006,,False
2024-08-06,2024,8,6,31.1,,31.1,,True
2024-08-07,2024,8,7,0.0,,5.183574463358577e-05,,False
2024-08-08,2024,8,8,0.0,,5.183574463358577e-05,,False
2024-08-09,2024,8,9,0.0,,5.183574463358577e-05,,False
2024-08-10,2024,8,10,43.0,,42.99999999999999,,True
2024-08-11,2024,8,11,1.0,,1.0,,False
2024-08-12,2024,8,12,0.0,,5.183574463358577e-05,,False
2024-08-13,2024,8,13,0.0,,5.183574463358577e-05,,False
2024-08-14,2024,8,14,0.0,,5.183574463358577e-05,,False
2024-08-15,2024,8,15,0.5,,0.5,,False
2024-08-16,2024,8,16,0.2,,0.19999999999999998,,False
2024-08-17,2024,8,17,0.0,,5.183574463358577e-05,,False
2024-08-18,2024,8,18,0.0,,5.183574463358577e-05,,False
2024-08-19,2024,8,19,1.4,,1.4,,False
2024-08-20,2024,8,20,0.0,,5.183574463358577e-05,,False
2024-08-21,2024,8,21,8888.0,meteorological_log_domain,3.5122123332756017,,False
2024-08-22,2024,8,22,0.0,,5.183574463358577e-05,,False
2024-08-23,2024,8,23,13.1,,13.100000000000001,,False
2024-08-24,2024,8,24,2.5,,2.5,,False
2024-08-25,2024,8,25,1.4,,1.4,,False
2024-08-26,2024,8,26,1.0,,1.0,,False
2024-08-27,2024,8,27,10.7,,10.7,,False
2024-08-28,2024,8,28,8.3,,8.299999999999999,,False
2024-08-29,2024,8,29,8.6,,8.599999999999998,,False
2024-08-30,2024,8,30,0.0,,5.183574463358577e-05,,False
2024-08-31,2024,8,31,0.0,,5.183574463358577e-05,,False
2024-09-01,2024,9,1,0.0,,5.183574463358577e-05,,False
2024-09-02,2024,9,2,0.0,,5.183574463358577e-05,,False
2024-09-03,2024,9,3,64.6,,64.60000000000001,,True
2024-09-04,2024,9,4,6.9,,6.900000000000001,,False
2024-09-05,2024,9,5,3.0,,3.0,,False
2024-09-06,2024,9,6,0.1,,0.10000000000000002,,False
2024-09-07,2024,9,7,8888.0,meteorological_log_domain,0.035115840918984245,,False
2024-09-08,2024,9,8,8888.0,meteorological_log_domain,0.08147072065991981,,False
2024-09-09,2024,9,9,8888.0,meteorological_log_domain,1.1646794786291403,,False
2024-09-10,2024,9,10,0.0,,5.183574463358577e-05,,False
2024-09-11,2024,9,11,0.5,,0.5,,False
2024-09-12,2024,9,12,5.0,,5.0,,False
2024-09-13,2024,9,13,0.2,,0.19999999999999998,,False
2024-09-14,2024,9,14,8888.0,meteorological_log_domain,11.387701357252947,,False
2024-09-15,2024,9,15,103.7,,103.69999999999999,,True
2024-09-16,2024,9,16,0.0,,5.183574463358577e-05,,False
2024-09-17,2024,9,17,1.0,,1.0,,False
2024-09-18,2024,9,18,0.2,,0.19999999999999998,,False
2024-09-19,2024,9,19,8888.0,meteorological_log_domain,0.014556964397124271,,False
2024-09-20,2024,9,20,0.0,,5.183574463358577e-05,,False
2024-09-21,2024,9,21,0.0,,5.183574463358577e-05,,False
2024-09-22,2024,9,22,0.0,,5.183574463358577e-05,,False
2024-09-23,2024,9,23,8888.0,meteorological_log_domain,3.6579403566717703,,False
2024-09-24,2024,9,24,0.2,,0.19999999999999998,,False
2024-09-25,2024,9,25,8888.0,meteorological_log_domain,0.021716197549272002,,False
2024-09-26,2024,9,26,0.0,,5.183574463358577e-05,,False
2024-09-27,2024,9,27,0.0,,5.183574463358577e-05,,False
2024-09-28,2024,9,28,1.6,,1.6,,False
2024-09-29,2024,9,29,1.3,,1.3,,False
2024-09-30,2024,9,30,0.0,,5.183574463358577e-05,,False
2024-10-01,2024,10,1,8888.0,meteorological_log_domain,3.088515538822336,,False
2024-10-02,2024,10,2,8888.0,meteorological_log_domain,6.076036189692962,,False
2024-10-03,2024,10,3,10.0,,9.999999999999998,,False
2024-10-04,2024,10,4,9.7,,9.7,,False
2024-10-05,2024,10,5,7.9,,7.9,,False
2024-10-06,2024,10,6,3.3,,3.3000000000000003,,False
2024-10-07,2024,10,7,16.7,,16.7,,False
2024-10-08,2024,10,8,2.7,,2.7,,False
2024-10-09,2024,10,9,5.0,,5.0,,False
2024-10-10,2024,10,10,0.0,,5.183574463358577e-05,,False
2024-10-11,2024,10,11,1.7,,1.7,,False
2024-10-12,2024,10,12,0.0,,5.183574463358577e-05,,False
2024-10-13,2024,10,13,0.0,,5.183574463358577e-05,,False
2024-10-14,2024,10,14,0.3,,0.3,,False
2024-10-15,2024,10,15,3.8,,3.7999999999999994,,False
2024-10-16,2024,10,16,3.5,,3.4999999999999996,,False
2024-10-17,2024,10,17,8888.0,meteorological_log_domain,3.0322453957002353,,False
2024-10-18,2024,10,18,1.3,,1.3,,False
2024-10-19,2024,10,19,0.0,,5.183574463358577e-05,,False
2024-10-20,2024,10,20,10.7,,10.7,,False
2024-10-21,2024,10,21,0.0,,5.183574463358577e-05,,False
2024-10-22,2024,10,22,0.0,,5.183574463358577e-05,,False
2024-10-23,2024,10,23,0.0,,5.183574463358577e-05,,False
2024-10-24,2024,10,24,0.0,,5.183574463358577e-05,,False
2024-10-25,2024,10,25,5.0,,5.0,,False
2024-10-26,2024,10,26,0.0,,5.183574463358577e-05,,False
2024-10-27,2024,10,27,0.0,,5.183574463358577e-05,,False
2024-10-28,2024,10,28,0.0,,5.183574463358577e-05,,False
2024-10-29,2024,10,29,0.0,,5.183574463358577e-05,,False
2024-10-30,2024,10,30,0.0,,5.183574463358577e-05,,False
2024-10-31,2024,10,31,0.0,,5.183574463358577e-05,,False
2024-11-01,2024,11,1,0.0,,5.183574463358577e-05,,False
2024-11-02,2024,11,2,0.2,,0.19999999999999998,,False
2024-11-03,2024,11,3,0.0,,5.183574463358577e-05,,False
2024-11-04,2024,11,4,10.3,,10.300000000000002,,False
2024-11-05,2024,11,5,34.0,,33.99999999999999,,True
2024-11-06,2024,11,6,8888.0,meteorological_log_domain,4.943341804292024,,False
2024-11-07,2024,11,7,1.2,,1.2,,False
2024-11-08,2024,11,8,0.9,,0.9,,False
2024-11-09,2024,11,9,50.5,,50.50000000000001,,True
2024-11-10,2024,11,10,60.0,,60.00000000000002,,True
2024-11-11,2024,11,11,5.1,,5.1000000000000005,,False
2024-11-12,2024,11,12,0.0,,5.183574463358577e-05,,False
2024-11-13,2024,11,13,0.0,,5.183574463358577e-05,,False
2024-11-14,2024,11,14,0.0,,5.183574463358577e-05,,False
2024-11-15,2024,11,15,0.0,,5.183574463358577e-05,,False
2024-11-16,2024,11,16,0.0,,5.183574463358577e-05,,False
2024-11-17,2024,11,17,2.5,,2.5,,False
2024-11-18,2024,11,18,8888.0,meteorological_log_domain,10.196035706894348,,False
2024-11-19,2024,11,19,14.2,,14.2,,False
2024-11-20,2024,11,20,20.5,,20.5,,False
2024-11-21,2024,11,21,18.3,,18.300000000000004,,False
2024-11-22,2024,11,22,10.9,,10.899999999999999,,False
2024-11-23,2024,11,23,1.0,,1.0,,False
2024-11-24,2024,11,24,5.4,,5.4,,False
2024-11-25,2024,11,25,0.4,,0.4,,False
2024-11-26,2024,11,26,0.0,,5.183574463358577e-05,,False
2024-11-27,2024,11,27,5.5,,5.5,,False
2024-11-28,2024,11,28,0.0,,5.183574463358577e-05,,False
2024-11-29,2024,11,29,0.0,,5.183574463358577e-05,,False
2024-11-30,2024,11,30,0.9,,0.9,,False
2024-12-01,2024,12,1,56.3,,56.29999999999998,,True
2024-12-02,2024,12,2,0.0,,5.183574463358577e-05,,False
2024-12-03,2024,12,3,0.0,,5.183574463358577e-05,,False
2024-12-04,2024,12,4,13.2,,13.2,,False
2024-12-05,2024,12,5,0.3,,0.3,,False
2024-12-06,2024,12,6,0.4,,0.4,,False
2024-12-07,2024,12,7,19.0,,19.0,,False
2024-12-08,2024,12,8,0.0,,5.183574463358577e-05,,False
2024-12-09,2024,12,9,3.0,,3.0,,False
2024-12-10,2024,12,10,5.6,,5.6,,False
2024-12-11,2024,12,11,7.3,,7.300000000000001,,False
2024-12-12,2024,12,12,0.0,,5.183574463358577e-05,,False
2024-12-13,2024,12,13,0.0,,5.183574463358577e-05,,False
2024-12-14,2024,12,14,30.0,,29.999999999999993,,True
2024-12-15,2024,12,15,0.0,,5.183574463358577e-05,,False
2024-12-16,2024,12,16,24.3,,24.300000000000004,,False
2024-12-17,2024,12,17,0.0,,5.183574463358577e-05,,False
2024-12-18,2024,12,18,0.5,,0.5,,False
2024-12-19,2024,12,19,0.0,,5.183574463358577e-05,,False
2024-12-20,2024,12,20,0.6,,0.6,,False
2024-12-21,2024,12,21,0.4,,0.4,,False
2024-12-22,2024,12,22,0.0,,5.183574463358577e-05,,False
2024-12-23,2024,12,23,1.2,,1.2,,False
2024-12-24,2024,12,24,0.0,,5.183574463358577e-05,,False
2024-12-25,2024,12,25,5.9,,5.9,,False
2024-12-26,2024,12,26,0.0,,5.183574463358577e-05,,False
2024-12-27,2024,12,27,0.0,,5.183574463358577e-05,,False
2024-12-28,2024,12,28,2.4,,2.4,,False
2024-12-29,2024,12,29,0.1,,0.10000000000000002,,False
2024-12-30,2024,12,30,7.4,,7.400000000000001,,False
2024-12-31,2024,12,31,13.1,,13.100000000000001,,False
2025-01-01,2025,1,1,13.0,,13.000000000000002,,False
2025-01-02,2025,1,2,1.3,,1.3,,False
2025-01-03,2025,1,3,10.6,,10.599999999999998,,False
2025-01-04,2025,1,4,0.0,,5.183574463358577e-05,,False
2025-01-05,2025,1,5,0.0,,5.183574463358577e-05,,False
2025-01-06,2025,1,6,1.3,,1.3,,False
2025-01-07,2025,1,7,24.3,,24.300000000000004,,False
2025-01-08,2025,1,8,0.0,,5.183574463358577e-05,,False
2025-01-09,2025,1,9,10.5,,10.499999999999998,,False
2025-01-10,2025,1,10,0.0,,5.183574463358577e-05,,False
2025-01-11,2025,1,11,0.0,,5.183574463358577e-05,,False
2025-01-12,2025,1,12,31.5,,31.500000000000004,,True
2025-01-13,2025,1,13,11.8,,11.799999999999999,,False
2025-01-14,2025,1,14,11.4,,11.400000000000002,,False
2025-01-15,2025,1,15,8888.0,meteorological_log_domain,5.3324279899513725,,False
2025-01-16,2025,1,16,12.7,,12.699999999999998,,False
2025-01-17,2025,1,17,4.3,,4.3,,False
2025-01-18,2025,1,18,8888.0,meteorological_log_domain,3.8925037607350212,,False
2025-01-19,2025,1,19,8.8,,8.799999999999999,,False
2025-01-20,2025,1,20,0.0,,5.183574463358577e-05,,False
2025-01-21,2025,1,21,0.0,,5.183574463358577e-05,,False
2025-01-22,2025,1,22,0.0,,5.183574463358577e-05,,False
2025-01-23,2025,1,23,2.0,,1.9999999999999998,,False
2025-01-24,2025,1,24,8888.0,meteorological_log_domain,3.6761405313580613,,False
2025-01-25,2025,1,25,0.4,,0.4,,False
2025-01-26,2025,1,26,0.0,,5.183574463358577e-05,,False
2025-01-27,2025,1,27,4.1,,4.1,,False
2025-01-28,2025,1,28,7.4,,7.400000000000001,,False
2025-01-29,2025,1,29,8888.0,meteorological_log_domain,5.865642937625369,,False
2025-01-30,2025,1,30,0.0,,5.183574463358577e-05,,False
2025-01-31,2025,1,31,0.0,,5.183574463358577e-05,,False
2025-02-01,2025,2,1,0.0,,5.183574463358577e-05,,False
2025-02-02,2025,2,2,0.0,,5.183574463358577e-05,,False
2025-02-03,2025,2,3,0.0,,5.183574463358577e-05,,False
2025-02-04,2025,2,4,0.0,,5.183574463358577e-05,,False
2025-02-05,2025,2,5,0.0,,5.183574463358577e-05,,False
2025-02-06,2025,2,6,0.0,,5.183574463358577e-05,,False
2025-02-07,2025,2,7,0.0,,5.183574463358577e-05,,False
2025-02-08,2025,2,8,0.0,,5.183574463358577e-05,,False
2025-02-09,2025,2,9,0.0,,5.183574463358577e-05,,False
2025-02-10,2025,2,10,0.0,,5.183574463358577e-05,,False
2025-02-11,2025,2,11,0.0,,5.183574463358577e-05,,False
2025-02-12,2025,2,12,0.0,,5.183574463358577e-05,,False
2025-02-13,2025,2,13,0.1,,0.10000000000000002,,False
2025-02-14,2025,2,14,33.5,,33.50000000000001,,True
2025-02-15,2025,2,15,7.4,,7.400000000000001,,False
2025-02-16,2025,2,16,0.3,,0.3,,False
2025-02-17,2025,2,17,0.0,,5.183574463358577e-05,,False
2025-02-18,2025,2,18,0.0,,5.183574463358577e-05,,False
2025-02-19,2025,2,19,0.0,,5.183574463358577e-05,,False
2025-02-20,2025,2,20,0.0,,5.183574463358577e-05,,False
2025-02-21,2025,2,21,0.0,,5.183574463358577e-05,,False
2025-02-22,2025,2,22,0.0,,5.183574463358577e-05,,False
2025-02-23,2025,2,23,2.1,,2.1,,False
2025-02-24,2025,2,24,8888.0,meteorological_log_domain,4.192842475243057,,False
2025-02-25,2025,2,25,7.0,,7.0,,False
2025-02-26,2025,2,26,8888.0,meteorological_log_domain,0.41013052687776935,,False
2025-02-27,2025,2,27,8888.0,meteorological_log_domain,0.005348560043182678,,False
2025-02-28,2025,2,28,0.0,,5.183574463358577e-05,,False
2025-03-01,2025,3,1,7.6,,7.599999999999999,,False
2025-03-02,2025,3,2,5.2,,5.2,,False
2025-03-03,2025,3,3,0.0,,5.183574463358577e-05,,False
2025-03-04,2025,3,4,0.0,,5.183574463358577e-05,,False
2025-03-05,2025,3,5,0.0,,5.183574463358577e-05,,False
2025-03-06,2025,3,6,3.5,,3.4999999999999996,,False
2025-03-07,2025,3,7,15.5,,15.499999999999998,,False
2025-03-08,2025,3,8,0.0,,5.183574463358577e-05,,False
2025-03-09,2025,3,9,252.0,,200.0,,True
2025-03-10,2025,3,10,0.0,,5.183574463358577e-05,,False
2025-03-11,2025,3,11,0.0,,5.183574463358577e-05,,False
2025-03-12,2025,3,12,0.4,,0.4,,False
2025-03-13,2025,3,13,1.7,,1.7,,False
2025-03-14,2025,3,14,10.4,,10.4,,False
2025-03-15,2025,3,15,5.0,,5.0,,False
2025-03-16,2025,3,16,0.2,,0.19999999999999998,,False
2025-03-17,2025,3,17,0.0,,5.183574463358577e-05,,False
2025-03-18,2025,3,18,0.0,,5.183574463358577e-05,,False
2025-03-19,2025,3,19,0.0,,5.183574463358577e-05,,False
2025-03-20,2025,3,20,0.0,,5.183574463358577e-05,,False
2025-03-21,2025,3,21,0.0,,5.183574463358577e-05,,False
2025-03-22,2025,3,22,0.0,,5.183574463358577e-05,,False
2025-03-23,2025,3,23,15.1,,15.099999999999998,,False
2025-03-24,2025,3,24,19.1,,19.1,,False
2025-03-25,2025,3,25,0.0,,5.183574463358577e-05,,False
2025-03-26,2025,3,26,0.0,,5.183574463358577e-05,,False
2025-03-27,2025,3,27,95.0,,95.00000000000001,,True
2025-03-28,2025,3,28,0.0,,5.183574463358577e-05,,False
2025-03-29,2025,3,29,3.5,,3.4999999999999996,,False
2025-03-30,2025,3,30,0.0,,5.183574463358577e-05,,False
2025-03-31,2025,3,31,0.0,,5.183574463358577e-05,,False
2025-04-01,2025,4,1,1.6,,1.6,,False
2025-04-02,2025,4,2,0.0,,5.183574463358577e-05,,False
2025-04-03,2025,4,3,8888.0,meteorological_log_domain,0.3480444483980628,,False
2025-04-04,2025,4,4,8.6,,8.599999999999998,,False
2025-04-05,2025,4,5,1.0,,1.0,,False
2025-04-06,2025,4,6,0.0,,5.183574463358577e-05,,False
2025-04-07,2025,4,7,0.0,,5.183574463358577e-05,,False
2025-04-08,2025,4,8,0.0,,5.183574463358577e-05,,False
2025-04-09,2025,4,9,7.9,,7.9,,False
2025-04-10,2025,4,10,0.0,,5.183574463358577e-05,,False
2025-04-11,2025,4,11,28.1,,28.100000000000005,,True
2025-04-12,2025,4,12,0.1,,0.10000000000000002,,False
2025-04-13,2025,4,13,11.5,,11.500000000000002,,False
2025-04-14,2025,4,14,0.0,,5.183574463358577e-05,,False
2025-04-15,2025,4,15,0.0,,5.183574463358577e-05,,False
2025-04-16,2025,4,16,7.0,,7.0,,False
2025-04-17,2025,4,17,3.7,,3.7000000000000006,,False
2025-04-18,2025,4,18,8888.0,meteorological_log_domain,3.349216449144956,,False
2025-04-19,2025,4,19,8888.0,meteorological_log_domain,2.9482118107281208,,False
2025-04-20,2025,4,20,0.0,,5.183574463358577e-05,,False
2025-04-21,2025,4,21,6.7,,6.7,,False
2025-04-22,2025,4,22,0.0,,5.183574463358577e-05,,False
2025-04-23,2025,4,23,42.5,,42.50000000000001,,True
2025-04-24,2025,4,24,1.8,,1.8,,False
2025-04-25,2025,4,25,0.0,,5.183574463358577e-05,,False
2025-04-26,2025,4,26,0.0,,5.183574463358577e-05,,False
2025-04-27,2025,4,27,0.0,,5.183574463358577e-05,,False
2025-04-28,2025,4,28,1.5,,1.5,,False
2025-04-29,2025,4,29,0.0,,5.183574463358577e-05,,False
2025-04-30,2025,4,30,34.7,,34.70000000000001,,True
2025-05-01,2025,5,1,0.0,,5.183574463358577e-05,,False
2025-05-02,2025,5,2,0.0,,5.183574463358577e-05,,False
2025-05-03,2025,5,3,0.0,,5.183574463358577e-05,,False
2025-05-04,2025,5,4,18.8,,18.8,,False
2025-05-05,2025,5,5,42.8,,42.8,,True
2025-05-06,2025,5,6,1.1,,1.1,,False
2025-05-07,2025,5,7,3.5,,3.4999999999999996,,False
2025-05-08,2025,5,8,8888.0,meteorological_log_domain,0.28632450778590807,,False
2025-05-09,2025,5,9,0.0,,5.183574463358577e-05,,False
2025-05-10,2025,5,10,0.0,,5.183574463358577e-05,,False
2025-05-11,2025,5,11,0.0,,5.183574463358577e-05,,False
2025-05-12,2025,5,12,0.0,,5.183574463358577e-05,,False
2025-05-13,2025,5,13,15.1,,15.099999999999998,,False
2025-05-14,2025,5,14,4.0,,4.0,,False
2025-05-15,2025,5,15,0.1,,0.10000000000000002,,False
2025-05-16,2025,5,16,1.4,,1.4,,False
2025-05-17,2025,5,17,36.0,,36.00000000000001,,True
2025-05-18,2025,5,18,8888.0,meteorological_log_domain,3.570869915722165,,False
2025-05-19,2025,5,19,0.0,,5.183574463358577e-05,,False
2025-05-20,2025,5,20,0.0,,5.183574463358577e-05,,False
2025-05-21,2025,5,21,0.0,,5.183574463358577e-05,,False
2025-05-22,2025,5,22,8888.0,meteorological_log_domain,0.00808832468297385,,False
2025-05-23,2025,5,23,0.6,,0.6,,False
2025-05-24,2025,5,24,0.0,,5.183574463358577e-05,,False
2025-05-25,2025,5,25,8888.0,meteorological_log_domain,0.0035484379495775552,,False
2025-05-26,2025,5,26,1.6,,1.6,,False
2025-05-27,2025,5,27,0.0,,5.183574463358577e-05,,False
2025-05-28,2025,5,28,0.0,,5.183574463358577e-05,,False
2025-05-29,2025,5,29,0.0,,5.183574463358577e-05,,False
2025-05-30,2025,5,30,0.0,,5.183574463358577e-05,,False
2025-05-31,2025,5,31,0.0,,5.183574463358577e-05,,False
2025-06-01,2025,6,1,0.0,,5.183574463358577e-05,,False
2025-06-02,2025,6,2,0.0,,5.183574463358577e-05,,False
2025-06-03,2025,6,3,0.0,,5.183574463358577e-05,,False
2025-06-04,2025,6,4,0.0,,5.183574463358577e-05,,False
2025-06-05,2025,6,5,5.9,,5.9,,False
2025-06-06,2025,6,6,46.1,,46.10000000000001,,True
2025-06-07,2025,6,7,0.0,,5.183574463358577e-05,,False
2025-06-08,2025,6,8,2.3,,2.3,,False
2025-06-09,2025,6,9,0.0,,5.183574463358577e-05,,False
2025-06-10,2025,6,10,8888.0,meteorological_log_domain,0.1117723783880242,,False
2025-06-11,2025,6,11,0.0,,5.183574463358577e-05,,False
2025-06-12,2025,6,12,22.0,,22.0,,False
2025-06-13,2025,6,13,0.0,,5.183574463358577e-05,,False
2025-06-14,2025,6,14,0.0,,5.183574463358577e-05,,False
2025-06-15,2025,6,15,0.0,,5.183574463358577e-05,,False
2025-06-16,2025,6,16,0.6,,0.6,,False
2025-06-17,2025,6,17,0.9,,0.9,,False
2025-06-18,2025,6,18,8888.0,meteorological_log_domain,3.0844695874071104,,False
2025-06-19,2025,6,19,0.0,,5.183574463358577e-05,,False
2025-06-20,2025,6,20,0.0,,5.183574463358577e-05,,False
2025-06-21,2025,6,21,8888.0,meteorological_log_domain,0.29517992934595766,,False
2025-06-22,2025,6,22,8888.0,meteorological_log_domain,0.0034061044828133397,,False
2025-06-23,2025,6,23,0.0,,5.183574463358577e-05,,False
2025-06-24,2025,6,24,0.0,,5.183574463358577e-05,,False
2025-06-25,2025,6,25,0.0,,5.183574463358577e-05,,False
2025-06-26,2025,6,26,0.0,,5.183574463358577e-05,,False
2025-06-27,2025,6,27,0.1,,0.10000000000000002,,False
2025-06-28,2025,6,28,0.0,,5.183574463358577e-05,,False
2025-06-29,2025,6,29,0.0,,5.183574463358577e-05,,False
2025-06-30,2025,6,30,0.0,,5.183574463358577e-05,,False
2025-07-01,2025,7,1,0.0,,5.183574463358577e-05,,False
2025-07-02,2025,7,2,0.0,,5.183574463358577e-05,,False
2025-07-03,2025,7,3,0.0,,5.183574463358577e-05,,False
2025-07-04,2025,7,4,0.0,,5.183574463358577e-05,,False
2025-07-05,2025,7,5,4.0,,4.0,,False
2025-07-06,2025,7,6,0.0,,5.183574463358577e-05,,False
2025-07-07,2025,7,7,0.0,,5.183574463358577e-05,,False
2025-07-08,2025,7,8,0.2,,0.19999999999999998,,False
2025-07-09,2025,7,9,1.3,,1.3,,False
2025-07-10,2025,7,10,0.0,,5.183574463358577e-05,,False
2025-07-11,2025,7,11,6.5,,6.500000000000001,,False
2025-07-12,2025,7,12,0.0,,5.183574463358577e-05,,False
2025-07-13,2025,7,13,6.0,,6.0,,False
2025-07-14,2025,7,14,0.0,,5.183574463358577e-05,,False
2025-07-15,2025,7,15,14.2,,14.2,,False
2025-07-16,2025,7,16,0.1,,0.10000000000000002,,False
2025-07-17,2025,7,17,8888.0,meteorological_log_domain,5.120361125459525,,False
2025-07-18,2025,7,18,0.0,,5.183574463358577e-05,,False
2025-07-19,2025,7,19,0.0,,5.183574463358577e-05,,False
2025-07-20,2025,7,20,0.0,,5.183574463358577e-05,,False
2025-07-21,2025,7,21,1.0,,1.0,,False
2025-07-22,2025,7,22,0.0,,5.183574463358577e-05,,False
2025-07-23,2025,7,23,0.0,,5.183574463358577e-05,,False
2025-07-24,2025,7,24,0.0,,5.183574463358577e-05,,False
2025-07-25,2025,7,25,0.0,,5.183574463358577e-05,,False
2025-07-26,2025,7,26,0.0,,5.183574463358577e-05,,False
2025-07-27,2025,7,27,0.0,,5.183574463358577e-05,,False
2025-07-28,2025,7,28,0.0,,5.183574463358577e-05,,False
2025-07-29,2025,7,29,0.0,,5.183574463358577e-05,,False
2025-07-30,2025,7,30,0.0,,5.183574463358577e-05,,False
2025-07-31,2025,7,31,0.0,,5.183574463358577e-05,,False
2025-08-01,2025,8,1,2.9,,2.9,,False
2025-08-02,2025,8,2,2.0,,1.9999999999999998,,False
2025-08-03,2025,8,3,0.2,,0.19999999999999998,,False
2025-08-04,2025,8,4,0.0,,5.183574463358577e-05,,False
2025-08-05,2025,8,5,0.0,,5.183574463358577e-05,,False
2025-08-06,2025,8,6,8888.0,meteorological_log_domain,3.5968737513873013,,False
2025-08-07,2025,8,7,0.7,,0.7,,False
2025-08-08,2025,8,8,26.8,,26.800000000000004,,True
2025-08-09,2025,8,9,4.5,,4.500000000000001,,False
2025-08-10,2025,8,10,8888.0,meteorological_log_domain,6.0591098108760155,,False
2025-08-11,2025,8,11,0.0,,5.183574463358577e-05,,False
2025-08-12,2025,8,12,0.0,,5.183574463358577e-05,,False
2025-08-13,2025,8,13,0.0,,5.183574463358577e-05,,False
2025-08-14,2025,8,14,0.0,,5.183574463358577e-05,,False
2025-08-15,2025,8,15,0.0,,5.183574463358577e-05,,False
2025-08-16,2025,8,16,0.0,,5.183574463358577e-05,,False
2025-08-17,2025,8,17,0.0,,5.183574463358577e-05,,False
2025-08-18,2025,8,18,0.0,,5.183574463358577e-05,,False
2025-08-19,2025,8,19,0.0,,5.183574463358577e-05,,False
2025-08-20,2025,8,20,0.0,,5.183574463358577e-05,,False
2025-08-21,2025,8,21,0.0,,5.183574463358577e-05,,False
2025-08-22,2025,8,22,0.0,,5.183574463358577e-05,,False
2025-08-23,2025,8,23,27.1,,27.100000000000005,,True
2025-08-24,2025,8,24,1.0,,1.0,,False
2025-08-25,2025,8,25,0.0,,5.183574463358577e-05,,False
2025-08-26,2025,8,26,0.0,,5.183574463358577e-05,,False
2025-08-27,2025,8,27,0.0,,5.183574463358577e-05,,False
2025-08-28,2025,8,28,0.2,,0.19999999999999998,,False
2025-08-29,2025,8,29,0.0,,5.183574463358577e-05,,False
2025-08-30,2025,8,30,1.0,,1.0,,False
2025-08-31,2025,8,31,0.0,,5.183574463358577e-05,,False
2025-09-01,2025,9,1,0.0,,5.183574463358577e-05,,False
2025-09-02,2025,9,2,0.0,,5.183574463358577e-05,,False
2025-09-03,2025,9,3,0.0,,5.183574463358577e-05,,False
2025-09-04,2025,9,4,7.2,,7.2,,False
2025-09-05,2025,9,5,0.0,,5.183574463358577e-05,,False
2025-09-06,2025,9,6,0.0,,5.183574463358577e-05,,False
2025-09-07,2025,9,7,7.4,,7.400000000000001,,False
2025-09-08,2025,9,8,3.8,,3.7999999999999994,,False
2025-09-09,2025,9,9,8888.0,meteorological_log_domain,0.6178546150062402,,False
2025-09-10,2025,9,10,0.0,,5.183574463358577e-05,,False
2025-09-11,2025,9,11,0.0,,5.183574463358577e-05,,False
2025-09-12,2025,9,12,0.0,,5.183574463358577e-05,,False
2025-09-13,2025,9,13,0.0,,5.183574463358577e-05,,False
2025-09-14,2025,9,14,8888.0,meteorological_log_domain,6.7140603291396825,,False
2025-09-15,2025,9,15,19.8,,19.800000000000004,,False
2025-09-16,2025,9,16,0.0,,5.183574463358577e-05,,False
2025-09-17,2025,9,17,0.0,,5.183574463358577e-05,,False
2025-09-18,2025,9,18,0.0,,5.183574463358577e-05,,False
2025-09-19,2025,9,19,0.0,,5.183574463358577e-05,,False
2025-09-20,2025,9,20,0.0,,5.183574463358577e-05,,False
2025-09-21,2025,9,21,0.0,,5.183574463358577e-05,,False
2025-09-22,2025,9,22,0.0,,5.183574463358577e-05,,False
2025-09-23,2025,9,23,2.0,,1.9999999999999998,,False
2025-09-24,2025,9,24,12.8,,12.800000000000002,,False
2025-09-25,2025,9,25,0.0,,5.183574463358577e-05,,False
2025-09-26,2025,9,26,0.0,,5.183574463358577e-05,,False
2025-09-27,2025,9,27,0.0,,5.183574463358577e-05,,False
2025-09-28,2025,9,28,1.0,,1.0,,False
2025-09-29,2025,9,29,0.0,,5.183574463358577e-05,,False
2025-09-30,2025,9,30,0.5,,0.5,,False
