,Total_Records,Available_Records,Coverage_Pct
SST,3327,2964,89.0892696122633
Prec,3327,1664,50.015028554253085
RH,3327,3076,92.45566576495341
WSPD,3327,3029,91.04298166516381
SWRad,3327,3142,94.4394349263601
