Date,Year,Month,Day,SWRad,Prec,RH,SST,StDev,Max,StDev_rain,%Time,Location
2005-01-01,2005,1,1,155.61,0.36,91.5,29.14,189.97,681.56,1.2,9.7,0N90E
2005-01-02,2005,1,2,57.16,0.19,90.5,29.02,83.72,289.75,0.46,6.9,0N90E
2005-01-03,2005,1,3,130.86,0.0,84.8,29.06,171.2,694.65,0.01,0.0,0N90E
2005-01-04,2005,1,4,269.79,0.13,83.8,29.45,352.19,1284.63,1.13,1.4,0N90E
2005-01-05,2005,1,5,79.43,0.95,91.7,29.14,134.5,645.0,3.48,10.4,0N90E
2005-01-06,2005,1,6,201.02,0.23,85.8,29.15,323.93,1440.81,1.13,5.6,0N90E
2005-01-07,2005,1,7,207.99,0.0,84.1,29.17,293.37,1116.26,0.05,0.0,0N90E
2005-01-08,2005,1,8,220.28,1.23,84.2,29.06,319.87,1175.39,3.45,18.1,0N90E
2005-01-09,2005,1,9,151.15,0.37,82.5,28.85,231.7,956.01,1.72,8.3,0N90E
2005-01-10,2005,1,10,263.52,0.85,83.9,28.75,362.88,1267.93,4.33,10.4,0N90E
2005-01-11,2005,1,11,172.85,0.95,85.5,28.68,324.14,1221.43,2.66,19.4,0N90E
2005-01-12,2005,1,12,253.74,0.09,83.8,28.65,355.2,1231.36,0.83,2.8,0N90E
2005-01-13,2005,1,13,263.74,0.0,85.1,28.62,353.8,1166.36,0.24,0.7,0N90E
2005-01-14,2005,1,14,287.46,-0.01,84.0,28.66,385.61,1138.83,0.12,0.7,0N90E
2005-01-15,2005,1,15,292.67,-0.02,83.8,28.8,378.93,1072.47,0.02,0.0,0N90E
2005-01-16,2005,1,16,232.07,0.76,87.7,28.93,347.95,1176.29,4.5,4.9,0N90E
2005-01-17,2005,1,17,282.34,0.0,83.1,29.2,370.14,1040.42,0.09,0.0,0N90E
2005-01-18,2005,1,18,276.43,-0.01,83.3,29.38,372.54,1041.78,0.08,0.0,0N90E
2005-01-19,2005,1,19,285.37,0.28,90.1,29.04,384.28,1060.28,1.12,7.6,0N90E
2005-01-20,2005,1,20,274.95,0.0,86.7,29.13,368.08,1238.59,0.14,0.0,0N90E
2005-01-21,2005,1,21,300.97,0.0,80.9,29.65,386.57,1082.85,0.17,0.0,0N90E
2005-01-22,2005,1,22,309.28,-0.01,82.0,30.01,399.68,1184.87,0.14,0.0,0N90E
2005-01-23,2005,1,23,301.83,-0.01,84.8,29.6,390.35,1090.98,0.13,0.0,0N90E
2005-01-24,2005,1,24,297.73,0.0,86.2,29.63,390.46,1293.21,0.11,0.0,0N90E
2005-01-25,2005,1,25,234.32,3.26,90.9,29.4,339.89,1411.47,9.22,21.5,0N90E
2005-01-26,2005,1,26,96.61,0.24,92.7,29.17,151.22,748.82,0.72,9.7,0N90E
2005-01-27,2005,1,27,238.49,-0.02,87.5,29.55,318.47,1219.63,0.02,0.0,0N90E
2005-01-28,2005,1,28,178.69,2.52,89.2,29.48,274.18,1386.64,8.04,23.6,0N90E
2005-01-29,2005,1,29,160.67,0.01,87.8,29.29,266.51,1297.27,0.1,0.0,0N90E
2005-01-30,2005,1,30,315.25,0.0,86.2,29.54,396.59,1299.53,0.09,0.0,0N90E
2005-01-31,2005,1,31,301.13,0.0,87.6,29.46,403.93,1272.44,0.12,0.0,0N90E
2005-02-01,2005,2,1,193.73,0.0,89.8,29.21,322.05,1287.79,0.08,0.0,0N90E
2005-02-02,2005,2,2,292.21,0.0,87.8,29.31,379.78,1165.46,0.06,0.0,0N90E
2005-02-03,2005,2,3,274.78,0.0,85.0,29.46,397.81,1297.72,0.05,0.0,0N90E
2005-02-04,2005,2,4,293.4,0.0,90.3,29.7,393.58,1288.69,0.05,0.0,0N90E
2005-02-05,2005,2,5,301.2,0.0,90.8,29.65,409.58,1222.79,0.04,0.0,0N90E
2005-02-06,2005,2,6,298.1,0.0,90.5,29.55,413.34,1419.15,0.06,0.0,0N90E
2005-02-07,2005,2,7,248.14,0.02,90.7,29.4,345.27,1102.72,0.25,1.4,0N90E
2005-02-08,2005,2,8,278.48,0.16,92.6,29.5,383.13,1104.97,1.32,1.4,0N90E
2005-02-09,2005,2,9,273.87,0.14,91.9,29.74,390.4,1273.34,1.23,2.1,0N90E
2005-02-10,2005,2,10,247.73,0.13,90.0,29.61,363.59,1346.47,1.25,1.4,0N90E
2005-02-11,2005,2,11,292.75,-0.01,88.8,29.61,386.38,1119.87,0.01,0.0,0N90E
2005-02-12,2005,2,12,285.27,-0.01,88.5,29.81,391.66,1194.35,0.01,0.0,0N90E
2005-02-13,2005,2,13,310.1,0.0,86.3,30.03,398.59,1241.29,0.02,0.0,0N90E
2005-02-14,2005,2,14,311.14,-0.01,88.9,29.8,401.21,1105.88,0.04,0.0,0N90E
2005-02-15,2005,2,15,317.26,0.0,86.5,30.21,409.32,1122.13,0.03,0.0,0N90E
2005-02-16,2005,2,16,255.61,-0.01,87.7,30.29,363.59,1176.75,0.04,0.0,0N90E
2005-02-17,2005,2,17,276.94,0.41,88.2,30.34,394.2,1208.34,2.25,5.6,0N90E
2005-02-18,2005,2,18,148.79,-0.01,92.7,30.12,252.99,1419.6,0.02,0.0,0N90E
2005-02-19,2005,2,19,265.67,-0.01,89.1,30.06,366.71,1408.76,0.03,0.0,0N90E
2005-02-20,2005,2,20,273.99,0.01,90.6,30.15,417.46,1402.44,0.1,0.7,0N90E
2005-02-21,2005,2,21,311.22,2.99,93.4,30.16,412.87,1205.63,8.14,25.0,0N90E
2005-02-22,2005,2,22,144.71,0.18,88.1,30.15,206.9,1013.34,0.87,4.9,0N90E
2005-02-23,2005,2,23,313.27,-0.01,88.7,30.44,399.67,1282.37,0.05,0.0,0N90E
2005-02-24,2005,2,24,313.36,-0.01,88.0,30.79,413.95,1291.4,0.05,0.0,0N90E
2005-02-25,2005,2,25,306.82,-0.01,87.4,30.54,407.18,1255.29,0.05,0.0,0N90E
2005-02-26,2005,2,26,216.93,0.05,93.6,30.34,321.97,1292.3,0.45,1.4,0N90E
2005-02-27,2005,2,27,274.76,-0.01,89.8,30.34,385.04,1287.34,0.05,0.0,0N90E
2005-02-28,2005,2,28,214.69,0.0,91.7,29.99,344.58,1505.36,0.08,0.0,0N90E
2005-03-01,2005,3,1,326.15,0.01,85.3,30.49,418.68,1118.97,0.1,0.0,0N90E
2005-03-02,2005,3,2,304.26,0.0,92.1,30.43,419.56,1252.58,0.03,0.0,0N90E
2005-03-03,2005,3,3,269.18,0.15,90.2,30.12,382.69,1274.7,1.09,2.1,0N90E
2005-03-04,2005,3,4,319.37,-0.01,87.2,30.35,419.64,1146.95,0.09,0.0,0N90E
2005-03-05,2005,3,5,320.43,0.0,88.6,30.28,419.56,1190.29,0.08,0.0,0N90E
2005-03-06,2005,3,6,313.13,0.07,89.6,30.64,412.11,1117.61,0.7,1.4,0N90E
2005-03-07,2005,3,7,289.09,-0.01,90.2,30.71,385.18,1104.52,0.13,0.0,0N90E
2005-03-08,2005,3,8,299.67,-0.01,92.2,30.55,389.74,1084.21,0.12,0.0,0N90E
2005-03-09,2005,3,9,275.76,3.88,92.2,30.55,389.04,1156.88,13.58,20.7,0N90E
2005-03-10,2005,3,10,224.48,-0.02,85.7,30.21,319.43,1368.14,0.14,0.0,0N90E
2005-03-11,2005,3,11,322.37,0.0,85.9,30.29,419.05,1202.47,0.11,0.0,0N90E
2005-03-12,2005,3,12,295.24,-0.01,84.7,30.37,412.45,1227.75,0.12,0.0,0N90E
2005-03-13,2005,3,13,332.16,0.0,85.8,30.69,419.63,1109.94,0.19,0.0,0N90E
2005-03-14,2005,3,14,157.57,0.01,87.7,30.28,221.1,1016.05,0.17,0.7,0N90E
2005-03-15,2005,3,15,291.7,0.0,87.1,30.39,397.49,1150.56,0.14,0.0,0N90E
2005-03-16,2005,3,16,278.57,-0.01,86.6,30.49,379.27,1208.34,0.13,0.0,0N90E
2005-03-17,2005,3,17,144.84,-0.01,88.2,30.16,202.3,927.12,0.11,0.0,0N90E
2005-03-18,2005,3,18,310.74,-0.01,87.6,30.06,412.1,1239.04,0.16,0.0,0N90E
2005-03-19,2005,3,19,121.66,0.02,89.1,29.92,188.89,825.11,0.23,1.4,0N90E
2005-03-20,2005,3,20,302.32,0.05,90.3,30.11,410.87,1245.36,0.46,1.4,0N90E
2005-03-21,2005,3,21,36.1,1.16,,30.0,56.47,291.1,5.13,18.8,0N90E
2005-03-22,2005,3,22,173.65,0.29,,29.98,309.08,1270.64,1.94,5.6,0N90E
2005-03-23,2005,3,23,307.46,0.12,,30.26,405.72,1378.07,1.33,1.4,0N90E
2005-03-24,2005,3,24,205.31,2.32,,30.08,312.71,1167.27,6.66,18.1,0N90E
2005-03-25,2005,3,25,202.76,0.12,,30.01,306.87,1319.84,0.69,4.2,0N90E
2005-03-26,2005,3,26,92.36,0.69,,29.82,132.39,503.26,2.52,12.5,0N90E
2005-03-27,2005,3,27,166.2,0.14,,29.74,266.21,1098.65,0.63,4.9,0N90E
2005-03-28,2005,3,28,81.88,0.21,,29.63,117.9,653.58,1.72,2.1,0N90E
2005-03-29,2005,3,29,215.45,-0.02,,29.56,325.42,1252.58,0.04,0.0,0N90E
2005-03-30,2005,3,30,224.73,0.59,,29.63,338.99,1333.83,3.69,5.6,0N90E
2005-03-31,2005,3,31,204.9,0.01,,29.52,286.31,1188.93,0.14,0.7,0N90E
2005-04-01,2005,4,1,74.27,0.54,,29.43,138.03,779.06,2.43,9.0,0N90E
2005-04-02,2005,4,2,243.23,0.0,,29.56,355.07,1228.2,0.04,0.0,0N90E
2005-04-03,2005,4,3,307.12,0.0,,29.53,399.18,1182.61,0.01,0.0,0N90E
2005-04-04,2005,4,4,297.03,0.0,,29.64,397.0,1110.39,0.02,0.0,0N90E
2005-04-05,2005,4,5,299.45,0.0,,29.9,399.28,1158.69,0.02,0.0,0N90E
2005-04-06,2005,4,6,320.66,-0.01,,30.04,408.97,1105.88,0.02,0.0,0N90E
2005-04-07,2005,4,7,321.86,0.0,,30.11,411.14,1086.47,0.02,0.0,0N90E
2005-04-08,2005,4,8,302.56,0.0,,30.48,397.98,1108.13,0.02,0.0,0N90E
2005-04-09,2005,4,9,281.52,0.0,,30.42,386.76,1124.83,0.02,0.0,0N90E
2005-04-10,2005,4,10,318.07,-0.01,,30.43,405.31,1115.36,0.03,0.0,0N90E
2005-04-11,2005,4,11,322.5,-0.01,,30.37,407.83,1084.21,0.05,0.0,0N90E
2005-04-12,2005,4,12,315.35,0.01,,30.4,410.23,1182.61,0.18,0.7,0N90E
2005-04-13,2005,4,13,144.52,0.0,,30.55,229.51,879.73,0.11,0.0,0N90E
2005-04-14,2005,4,14,292.85,-0.01,,30.56,387.09,1206.54,0.06,0.0,0N90E
2005-04-15,2005,4,15,202.15,-0.01,,30.1,323.54,1485.05,0.03,0.0,0N90E
2005-04-16,2005,4,16,289.38,0.0,,30.14,397.64,1388.45,0.06,0.0,0N90E
2005-04-17,2005,4,17,309.86,1.79,,30.05,402.16,1143.34,7.54,12.5,0N90E
2005-04-18,2005,4,18,215.83,-0.01,,30.0,323.5,1235.88,0.13,0.0,0N90E
2005-04-19,2005,4,19,314.32,0.0,,30.62,404.92,1098.65,0.13,0.0,0N90E
2005-04-20,2005,4,20,287.26,0.02,,30.47,399.38,1149.66,0.26,2.1,0N90E
2005-04-21,2005,4,21,285.26,0.11,,30.5,401.54,1233.62,1.01,1.4,0N90E
2005-04-22,2005,4,22,228.34,0.0,,30.49,319.01,1234.07,0.07,0.0,0N90E
2005-04-23,2005,4,23,313.19,0.0,,30.49,407.09,1135.22,0.06,0.0,0N90E
2005-04-24,2005,4,24,317.68,0.0,,30.68,397.62,1216.92,0.1,0.0,0N90E
2005-04-25,2005,4,25,307.08,0.0,,31.06,396.7,1206.54,0.09,0.0,0N90E
2005-04-26,2005,4,26,285.86,0.02,,30.93,380.61,1127.09,0.08,0.0,0N90E
2005-04-27,2005,4,27,148.53,0.38,,30.67,223.57,1072.47,1.8,11.1,0N90E
2005-04-28,2005,4,28,278.89,-0.01,,31.22,374.38,1126.64,0.09,0.0,0N90E
2005-04-29,2005,4,29,286.65,0.0,,31.04,384.9,1038.17,0.06,0.0,0N90E
2005-04-30,2005,4,30,275.3,0.0,,31.1,376.76,1061.64,0.07,0.0,0N90E
2005-05-01,2005,5,1,245.79,0.42,,30.7,385.92,1157.34,1.63,12.5,0N90E
2005-05-02,2005,5,2,260.69,0.82,,30.64,375.48,1169.07,2.74,10.4,0N90E
2005-05-03,2005,5,3,30.02,2.86,,30.36,42.81,153.88,8.31,20.8,0N90E
2005-05-04,2005,5,4,40.88,1.4,,30.35,54.41,203.53,3.34,20.8,0N90E
2005-05-05,2005,5,5,135.4,0.66,,30.3,266.43,1230.46,3.0,7.6,0N90E
2005-05-06,2005,5,6,250.7,1.14,,30.4,326.43,1201.57,3.53,15.3,0N90E
2005-05-07,2005,5,7,35.67,0.78,,30.14,49.72,191.34,2.71,14.6,0N90E
2005-05-08,2005,5,8,48.28,1.04,,29.99,91.5,412.08,3.62,14.6,0N90E
2005-05-09,2005,5,9,117.44,0.0,,30.0,165.44,914.03,0.19,1.4,0N90E
2005-05-10,2005,5,10,153.52,-0.01,,29.94,223.38,862.12,0.26,1.4,0N90E
2005-05-11,2005,5,11,228.81,0.08,,29.82,340.97,1202.93,0.88,1.4,0N90E
2005-05-12,2005,5,12,163.4,-0.02,,29.74,221.42,903.2,0.09,0.0,0N90E
2005-05-13,2005,5,13,232.74,-0.01,,29.78,300.21,970.46,0.05,0.0,0N90E
2005-05-14,2005,5,14,291.55,0.01,,29.85,377.53,1122.13,0.13,0.7,0N90E
2005-05-15,2005,5,15,302.83,-0.01,,29.81,383.41,1076.08,0.06,0.0,0N90E
2005-05-16,2005,5,16,292.89,-0.01,,30.03,377.45,1120.77,0.06,0.0,0N90E
2005-05-17,2005,5,17,290.1,-0.01,,30.17,373.05,1177.65,0.05,0.0,0N90E
2005-05-18,2005,5,18,289.19,-0.01,,30.14,372.82,1126.19,0.05,0.0,0N90E
2005-05-19,2005,5,19,279.62,-0.01,,30.26,364.16,1161.4,0.07,0.0,0N90E
2005-05-20,2005,5,20,269.86,-0.02,,30.05,362.15,1105.88,0.03,0.0,0N90E
2005-05-21,2005,5,21,287.23,-0.02,,30.03,369.62,1089.63,0.02,0.0,0N90E
2005-05-22,2005,5,22,289.14,-0.02,,30.04,367.17,1016.95,0.02,0.0,0N90E
2005-05-23,2005,5,23,265.56,-0.02,,30.03,352.46,1126.64,0.02,0.0,0N90E
2005-05-24,2005,5,24,202.6,-0.01,,30.11,238.98,661.7,0.05,0.0,0N90E
2005-05-25,2005,5,25,238.76,-0.01,,30.26,298.83,906.81,0.08,0.0,0N90E
2005-05-26,2005,5,26,277.64,-0.01,,30.21,368.23,1018.3,0.07,0.0,0N90E
2005-05-27,2005,5,27,229.76,0.15,,30.08,326.62,1178.55,1.17,2.1,0N90E
2005-05-28,2005,5,28,251.96,0.01,,30.33,336.49,1126.64,0.13,0.0,0N90E
2005-05-29,2005,5,29,249.97,0.14,,30.15,363.87,1049.9,1.55,2.1,0N90E
2005-05-30,2005,5,30,250.21,0.01,,30.38,336.83,1215.11,0.34,2.8,0N90E
2005-05-31,2005,5,31,272.92,0.02,,30.35,356.41,1129.35,0.22,0.7,0N90E
2005-06-01,2005,6,1,227.5,-0.01,,30.48,305.81,1116.71,0.11,0.7,0N90E
2005-06-02,2005,6,2,252.9,0.03,,30.47,337.08,1143.34,0.19,0.7,0N90E
2005-06-03,2005,6,3,231.45,0.02,,30.21,321.67,1121.67,0.26,2.1,0N90E
2005-06-04,2005,6,4,179.71,0.02,,30.28,240.43,758.75,0.23,0.7,0N90E
2005-06-05,2005,6,5,260.5,-0.01,,30.35,344.25,1054.42,0.05,0.0,0N90E
2005-06-06,2005,6,6,285.7,0.03,,30.43,363.93,1059.83,0.39,1.4,0N90E
2005-06-07,2005,6,7,210.84,0.07,,30.32,303.35,1084.21,0.72,2.1,0N90E
2005-06-08,2005,6,8,255.98,0.03,,30.32,345.99,1053.51,0.3,2.1,0N90E
2005-06-09,2005,6,9,227.83,-0.01,,30.38,317.66,1116.71,0.1,0.0,0N90E
2005-06-10,2005,6,10,186.93,-0.01,,30.14,262.46,915.39,0.12,0.0,0N90E
2005-06-11,2005,6,11,177.2,-0.01,,30.08,249.09,964.14,0.11,0.0,0N90E
2005-06-12,2005,6,12,224.1,-0.01,,30.1,334.5,1191.64,0.07,0.0,0N90E
2005-06-13,2005,6,13,188.07,0.91,,30.05,275.67,1049.45,3.95,8.3,0N90E
2005-06-14,2005,6,14,75.25,0.53,,29.92,104.19,307.81,2.27,9.0,0N90E
2005-06-15,2005,6,15,221.61,0.02,,29.93,317.06,991.67,0.57,1.4,0N90E
2005-06-16,2005,6,16,81.48,0.86,,29.8,121.12,434.2,4.47,6.9,0N90E
2005-06-17,2005,6,17,159.59,0.16,,29.68,208.24,659.44,1.27,2.8,0N90E
2005-06-18,2005,6,18,211.29,0.13,,29.63,291.01,991.22,1.32,1.4,0N90E
2005-06-19,2005,6,19,227.35,0.04,,29.59,309.03,1054.42,0.52,0.7,0N90E
2005-06-20,2005,6,20,239.3,0.01,,29.58,329.27,969.55,0.16,0.7,0N90E
2005-06-21,2005,6,21,260.0,-0.01,,29.57,348.84,1105.42,0.01,0.0,0N90E
2005-06-22,2005,6,22,279.18,0.0,,29.6,353.89,1004.31,0.02,0.0,0N90E
2005-06-23,2005,6,23,255.53,-0.01,,29.59,339.91,1029.14,0.01,0.0,0N90E
2005-06-24,2005,6,24,280.07,-0.01,,29.51,364.17,1000.7,0.02,0.0,0N90E
2005-06-25,2005,6,25,189.49,-0.02,,29.35,248.73,1062.09,0.02,0.0,0N90E
2005-06-26,2005,6,26,154.49,0.09,,29.33,200.96,715.42,0.87,1.4,0N90E
2005-06-27,2005,6,27,259.1,-0.02,,29.42,337.67,1311.26,0.03,0.0,0N90E
2005-06-28,2005,6,28,266.03,0.01,,29.49,357.96,1083.31,0.02,0.0,0N90E
2005-06-29,2005,6,29,208.84,0.0,,29.72,286.92,1114.0,0.03,0.0,0N90E
2005-06-30,2005,6,30,269.79,0.0,,29.87,355.54,1062.99,0.03,0.0,0N90E
2005-07-01,2005,7,1,240.87,0.0,,29.99,330.73,1061.64,0.04,0.0,0N90E
2005-07-02,2005,7,2,242.29,-0.02,,29.53,339.31,1274.7,0.1,0.0,0N90E
2005-07-03,2005,7,3,262.77,-0.01,,29.48,355.8,1082.85,0.02,0.0,0N90E
2005-07-04,2005,7,4,220.82,0.0,,29.69,310.77,1273.34,0.02,0.0,0N90E
2005-07-05,2005,7,5,264.11,0.0,,29.95,351.43,1019.21,0.11,0.7,0N90E
2005-07-06,2005,7,6,260.07,0.01,,30.2,333.53,1024.62,0.09,0.0,0N90E
2005-07-07,2005,7,7,258.26,0.13,,29.97,347.19,1074.73,0.6,5.6,0N90E
2005-07-08,2005,7,8,252.19,-0.01,,29.91,354.5,1134.31,0.03,0.0,0N90E
2005-07-09,2005,7,9,143.91,0.13,,29.72,215.22,1121.67,0.68,5.6,0N90E
2005-07-10,2005,7,10,51.71,1.33,,29.59,74.93,457.22,4.05,22.9,0N90E
2005-07-11,2005,7,11,158.36,0.65,,29.56,209.09,995.73,2.45,11.1,0N90E
2005-07-12,2005,7,12,32.5,1.48,,29.48,52.09,215.27,5.66,15.3,0N90E
2005-07-13,2005,7,13,146.52,1.91,,29.48,224.8,1010.63,6.46,22.2,0N90E
2005-07-14,2005,7,14,151.0,0.02,,29.43,231.57,907.26,0.34,1.4,0N90E
2005-07-15,2005,7,15,209.88,1.07,,29.41,327.87,1018.3,3.8,14.2,0N90E
2005-07-16,2005,7,16,243.59,0.01,,29.21,324.29,1039.52,0.3,0.7,0N90E
2005-07-17,2005,7,17,281.95,-0.01,,29.19,359.71,1284.18,0.05,0.0,0N90E
2005-07-18,2005,7,18,150.67,0.69,,29.14,199.81,1054.87,3.1,8.3,0N90E
2005-07-19,2005,7,19,91.65,-0.01,,29.16,126.01,485.2,0.08,0.0,0N90E
2005-07-20,2005,7,20,211.61,0.41,,29.25,296.0,1047.19,1.93,7.6,0N90E
2005-07-21,2005,7,21,248.8,0.05,,29.3,351.24,1034.1,0.25,3.5,0N90E
2005-07-22,2005,7,22,151.22,0.23,,29.17,244.19,1007.92,1.15,5.6,0N90E
2005-07-23,2005,7,23,177.52,0.02,,29.15,253.73,1116.71,0.25,1.4,0N90E
2005-07-24,2005,7,24,244.1,-0.01,,29.19,347.49,1350.53,0.03,0.0,0N90E
2005-07-25,2005,7,25,283.45,-0.02,,29.27,361.42,1187.58,0.03,0.0,0N90E
2005-07-26,2005,7,26,246.62,-0.02,,29.28,343.3,1214.21,0.03,0.0,0N90E
2005-07-27,2005,7,27,277.56,-0.03,,29.24,371.05,1103.17,0.02,0.0,0N90E
2005-07-28,2005,7,28,268.46,-0.02,,29.31,359.88,1152.37,0.01,0.0,0N90E
2005-07-29,2005,7,29,244.38,-0.01,,29.37,327.0,1127.54,0.01,0.0,0N90E
2005-07-30,2005,7,30,233.79,-0.02,,29.28,309.66,1079.24,0.01,0.0,0N90E
2005-07-31,2005,7,31,205.97,-0.02,,29.25,289.26,1142.44,0.01,0.0,0N90E
2005-08-01,2005,8,1,241.2,-0.02,,29.27,309.1,984.9,0.01,0.0,0N90E
2005-08-02,2005,8,2,219.49,-0.02,,29.23,295.47,973.62,0.01,0.0,0N90E
2005-08-03,2005,8,3,235.06,-0.02,,29.21,312.1,1047.65,0.02,0.0,0N90E
2005-08-04,2005,8,4,284.54,-0.02,,29.34,370.94,1073.38,0.01,0.0,0N90E
2005-08-05,2005,8,5,291.88,-0.01,,29.5,373.76,1069.76,0.01,0.0,0N90E
2005-08-06,2005,8,6,289.08,-0.01,,29.47,371.59,1030.04,0.01,0.0,0N90E
2005-08-07,2005,8,7,294.56,-0.01,,29.43,381.12,1067.96,0.1,0.7,0N90E
2005-08-08,2005,8,8,293.04,-0.02,,29.35,378.04,1126.19,0.01,0.0,0N90E
2005-08-09,2005,8,9,294.21,-0.01,,29.44,377.97,1084.21,0.01,0.0,0N90E
2005-08-10,2005,8,10,291.34,-0.01,,29.61,380.88,1081.05,0.02,0.0,0N90E
2005-08-11,2005,8,11,144.58,0.04,,29.2,214.01,1186.22,0.5,1.4,0N90E
2005-08-12,2005,8,12,163.86,0.01,,29.06,222.95,961.43,0.25,1.4,0N90E
2005-08-13,2005,8,13,273.81,0.03,,29.14,366.82,1234.07,0.47,1.4,0N90E
2005-08-14,2005,8,14,246.51,-0.02,,29.23,336.18,1089.63,0.01,0.0,0N90E
2005-08-15,2005,8,15,296.88,0.02,,29.36,389.28,1094.14,0.29,1.4,0N90E
2005-08-16,2005,8,16,178.5,2.44,,29.33,259.44,1086.47,11.84,7.6,0N90E
2005-08-17,2005,8,17,224.72,0.07,,29.35,325.41,1119.87,0.45,2.8,0N90E
2005-08-18,2005,8,18,197.84,0.64,,29.29,272.18,933.89,3.08,6.9,0N90E
2005-08-19,2005,8,19,95.17,0.16,,29.12,134.9,468.95,0.79,4.2,0N90E
2005-08-20,2005,8,20,217.02,0.13,,29.32,316.85,1200.22,1.61,0.7,0N90E
2005-08-21,2005,8,21,58.67,0.43,,29.09,98.68,491.52,2.16,8.3,0N90E
2005-08-22,2005,8,22,258.93,0.2,,29.28,351.02,1206.99,2.01,2.1,0N90E
2005-08-23,2005,8,23,256.83,0.0,,29.29,353.47,1067.51,0.08,0.0,0N90E
2005-08-24,2005,8,24,109.95,1.2,,29.13,179.0,782.22,4.57,8.3,0N90E
2005-08-25,2005,8,25,140.01,0.13,,29.07,217.6,1022.37,1.06,2.1,0N90E
2005-08-26,2005,8,26,235.79,0.1,,29.18,328.05,1260.25,0.35,2.8,0N90E
2005-08-27,2005,8,27,231.97,0.0,,29.16,322.91,1094.59,0.1,0.0,0N90E
2005-08-28,2005,8,28,113.59,1.5,,28.84,181.88,1082.4,4.48,18.1,0N90E
2005-08-29,2005,8,29,196.38,0.22,,28.88,323.09,1160.04,1.8,2.1,0N90E
2005-08-30,2005,8,30,148.49,1.57,,28.86,234.45,1193.9,5.09,18.1,0N90E
2005-08-31,2005,8,31,247.0,1.69,,28.91,359.14,1188.03,6.18,20.8,0N90E
2005-09-01,2005,9,1,80.83,0.74,,28.8,113.22,380.48,2.94,11.1,0N90E
2005-09-02,2005,9,2,125.55,0.75,,28.73,171.69,751.08,2.08,18.8,0N90E
2005-09-03,2005,9,3,102.98,0.36,,28.59,144.73,555.17,1.68,6.9,0N90E
2005-09-04,2005,9,4,280.8,0.07,,28.69,380.13,1186.22,0.83,1.4,0N90E
2005-09-05,2005,9,5,238.16,-0.02,,28.52,336.59,1245.36,0.18,0.7,0N90E
2005-09-06,2005,9,6,140.22,0.01,,28.33,181.18,1048.1,0.17,0.7,0N90E
2005-09-07,2005,9,7,208.3,-0.01,,28.24,288.31,1225.04,0.04,0.0,0N90E
2005-09-08,2005,9,8,282.23,0.05,,28.37,367.29,1303.14,0.46,1.4,0N90E
2005-09-09,2005,9,9,307.73,0.0,,28.74,400.04,1197.96,0.02,0.0,0N90E
2005-09-10,2005,9,10,303.42,0.0,,29.21,394.03,1147.86,0.02,0.0,0N90E
2005-09-11,2005,9,11,303.29,0.0,,29.26,402.57,1178.55,0.02,0.0,0N90E
2005-09-12,2005,9,12,309.98,-0.01,,29.28,408.64,1239.04,0.01,0.0,0N90E
2005-09-13,2005,9,13,314.52,0.0,,29.31,403.7,1094.59,0.01,0.0,0N90E
2005-09-14,2005,9,14,282.03,-0.01,,29.44,375.86,1393.42,0.01,0.0,0N90E
2005-09-15,2005,9,15,304.86,-0.01,,29.26,402.15,1183.06,0.01,0.0,0N90E
2005-09-16,2005,9,16,312.07,-0.02,,29.08,398.9,1247.16,0.01,0.0,0N90E
2005-09-17,2005,9,17,303.4,-0.02,,29.09,399.64,1174.94,0.01,0.0,0N90E
2005-09-18,2005,9,18,259.85,-0.02,,29.29,372.33,1238.59,0.01,0.0,0N90E
2005-09-19,2005,9,19,299.46,-0.01,,29.27,399.05,1225.04,0.01,0.0,0N90E
2005-09-20,2005,9,20,312.44,-0.01,,29.4,405.79,1167.27,0.01,0.0,0N90E
2005-09-21,2005,9,21,316.68,-0.01,,29.62,408.2,1095.49,0.02,0.0,0N90E
2005-09-22,2005,9,22,305.68,-0.01,,29.42,403.51,1118.06,0.01,0.0,0N90E
2005-09-23,2005,9,23,323.52,-0.01,,29.49,406.95,1104.07,0.02,0.0,0N90E
2005-09-24,2005,9,24,259.91,-0.01,,29.15,359.88,1203.83,0.01,0.0,0N90E
2005-09-25,2005,9,25,314.42,-0.01,,29.34,413.28,1190.29,0.04,0.0,0N90E
2005-09-26,2005,9,26,294.78,-0.01,,29.42,402.45,1128.45,0.03,0.0,0N90E
2005-09-27,2005,9,27,256.12,0.66,,29.41,345.97,1492.72,3.07,6.9,0N90E
2005-09-28,2005,9,28,277.98,-0.01,,29.68,379.55,1267.93,0.04,0.0,0N90E
2005-09-29,2005,9,29,307.0,-0.02,,29.49,397.07,1179.0,0.02,0.0,0N90E
2005-09-30,2005,9,30,249.56,0.9,,29.63,367.86,1264.77,3.37,10.4,0N90E
2005-10-01,2005,10,1,57.3,2.17,,29.31,85.09,383.19,6.52,23.6,0N90E
2005-10-02,2005,10,2,120.5,0.99,,29.05,226.84,1115.36,2.22,20.8,0N90E
2005-10-03,2005,10,3,226.42,0.68,,28.93,311.2,1271.09,3.34,10.6,0N90E
2005-10-04,2005,10,4,69.42,1.76,,28.78,115.97,417.95,6.7,15.3,0N90E
2005-10-05,2005,10,5,288.89,0.01,,28.97,395.86,1153.72,0.15,0.0,0N90E
2005-10-06,2005,10,6,284.46,-0.01,,29.23,370.2,1152.82,0.06,0.0,0N90E
2005-10-07,2005,10,7,189.0,0.23,,28.97,312.38,1288.69,1.0,4.9,0N90E
2005-10-08,2005,10,8,229.81,0.33,,28.97,341.04,1355.95,2.14,3.5,0N90E
2005-10-09,2005,10,9,199.22,0.34,,28.79,295.8,1264.77,1.54,7.6,0N90E
2005-10-10,2005,10,10,109.66,0.23,,28.72,155.6,659.44,0.87,6.9,0N90E
2005-10-11,2005,10,11,152.92,0.19,,28.64,252.4,1351.89,0.89,5.6,0N90E
2005-10-12,2005,10,12,79.35,-0.01,,28.57,107.97,425.17,0.04,0.0,0N90E
2005-10-13,2005,10,13,296.42,-0.04,,28.65,395.02,1389.8,0.02,0.0,0N90E
2005-10-14,2005,10,14,79.99,0.76,,28.6,121.37,412.08,3.4,9.7,0N90E
2005-10-15,2005,10,15,264.16,0.48,,28.75,362.39,1304.94,2.63,4.9,0N90E
2005-10-16,2005,10,16,84.11,0.04,,28.5,121.12,432.84,0.18,1.4,0N90E
2005-10-17,2005,10,17,178.9,0.01,,28.52,229.81,1058.93,0.28,0.7,0N90E
2005-10-18,2005,10,18,154.57,0.36,,28.62,243.97,1160.04,2.32,4.2,0N90E
2005-10-19,2005,10,19,210.18,-0.02,,28.68,294.8,1180.36,0.03,0.0,0N90E
2005-10-20,2005,10,20,214.3,0.18,,28.63,351.46,1346.47,0.92,5.6,0N90E
2005-10-21,2005,10,21,217.26,-0.01,,28.79,306.43,1272.89,0.01,0.0,0N90E
2005-10-22,2005,10,22,248.45,-0.01,,28.73,347.6,1245.81,0.07,0.0,0N90E
2005-10-23,2005,10,23,237.66,0.0,,28.74,314.24,1109.49,0.12,0.7,0N90E
2005-10-24,2005,10,24,269.39,0.03,,28.92,380.19,1172.68,0.2,1.4,0N90E
2005-10-25,2005,10,25,301.23,0.01,,29.03,388.59,1264.32,0.09,0.0,0N90E
2005-10-26,2005,10,26,96.5,0.69,,28.73,142.73,706.84,3.33,9.0,0N90E
2005-10-27,2005,10,27,264.17,0.69,,29.16,352.17,1411.47,3.41,6.9,0N90E
2005-10-28,2005,10,28,268.29,0.12,,28.95,373.09,1355.5,1.01,2.8,0N90E
2005-10-29,2005,10,29,180.91,1.08,,28.77,294.68,1413.73,2.51,23.6,0N90E
2005-10-30,2005,10,30,159.62,-0.02,,28.69,235.56,1035.91,0.03,0.0,0N90E
2005-10-31,2005,10,31,198.41,0.14,,28.66,299.0,1218.73,0.75,4.9,0N90E
2005-11-01,2005,11,1,52.12,1.02,,28.55,108.36,703.68,2.23,22.9,0N90E
2005-11-02,2005,11,2,159.78,0.32,,28.49,221.46,861.67,2.04,4.9,0N90E
2005-11-03,2005,11,3,99.9,1.21,,28.41,170.93,922.61,4.72,14.6,0N90E
2005-11-04,2005,11,4,263.67,-0.01,,28.49,367.39,1131.15,0.05,0.0,0N90E
2005-11-05,2005,11,5,290.85,0.04,,28.58,384.85,1095.95,0.33,1.4,0N90E
2005-11-06,2005,11,6,302.81,-0.01,,28.67,394.69,1115.36,0.06,0.0,0N90E
2005-11-07,2005,11,7,260.03,0.07,,28.71,349.64,1163.2,0.64,1.4,0N90E
2005-11-08,2005,11,8,273.67,0.0,,28.7,361.73,1199.77,0.05,0.0,0N90E
2005-11-09,2005,11,9,285.01,0.17,,29.09,388.45,1211.05,1.38,2.1,0N90E
2005-11-10,2005,11,10,258.36,0.04,,29.12,352.05,1115.36,0.17,0.7,0N90E
2005-11-11,2005,11,11,263.0,0.3,,29.12,365.63,1355.5,2.28,2.8,0N90E
2005-11-12,2005,11,12,252.21,0.29,,29.23,362.06,1219.63,2.3,2.1,0N90E
2005-11-13,2005,11,13,241.85,0.0,,28.95,330.03,1205.63,0.09,0.0,0N90E
2005-11-14,2005,11,14,81.66,0.15,,28.61,119.6,489.27,0.65,4.9,0N90E
2005-11-15,2005,11,15,83.14,0.44,,28.48,117.72,660.35,1.39,12.5,0N90E
2005-11-16,2005,11,16,63.06,0.87,,28.46,90.96,351.14,2.46,18.1,0N90E
2005-11-17,2005,11,17,153.43,0.82,,28.34,220.23,1229.56,1.67,22.9,0N90E
2005-11-18,2005,11,18,187.0,0.3,,28.28,257.65,990.77,1.37,8.3,0N90E
2005-11-19,2005,11,19,127.35,0.17,,28.24,168.94,866.18,1.13,3.5,0N90E
2005-11-20,2005,11,20,113.17,0.16,,28.15,200.28,1081.95,1.0,2.8,0N90E
2005-11-21,2005,11,21,272.51,0.0,,28.29,370.78,1190.29,0.08,0.0,0N90E
2005-11-22,2005,11,22,271.45,-0.01,,28.24,358.27,1074.73,0.1,0.0,0N90E
2005-11-23,2005,11,23,177.32,0.33,,28.21,243.86,905.0,2.79,3.5,0N90E
2005-11-24,2005,11,24,270.68,0.5,,28.28,389.88,1119.42,2.96,4.9,0N90E
2005-11-25,2005,11,25,286.7,0.0,,28.43,382.42,1151.02,0.08,0.0,0N90E
2005-11-26,2005,11,26,108.85,0.0,,28.31,147.25,735.73,0.01,0.0,0N90E
2005-11-27,2005,11,27,215.71,0.04,,28.53,280.03,819.24,0.33,1.4,0N90E
2005-11-28,2005,11,28,239.06,0.0,,28.53,306.5,1056.67,0.01,0.0,0N90E
2005-11-29,2005,11,29,195.75,0.0,,28.48,270.99,1384.39,0.01,0.0,0N90E
2005-11-30,2005,11,30,287.47,-0.02,,28.54,388.32,1035.91,0.01,0.0,0N90E
2005-12-01,2005,12,1,302.5,0.0,,28.61,385.84,1093.24,0.14,0.7,0N90E
2005-12-02,2005,12,2,197.11,0.42,,28.6,316.26,1142.89,3.63,2.1,0N90E
2005-12-03,2005,12,3,80.64,2.41,,28.5,127.61,934.8,6.9,25.0,0N90E
2005-12-04,2005,12,4,93.73,0.29,,28.4,134.91,831.88,1.32,7.6,0N90E
2005-12-05,2005,12,5,177.5,0.0,,28.41,281.41,1355.05,0.09,0.0,0N90E
2005-12-06,2005,12,6,199.7,0.32,,28.38,311.73,1266.12,1.95,5.6,0N90E
2005-12-07,2005,12,7,106.57,0.08,,28.29,157.39,725.8,0.69,1.4,0N90E
2005-12-08,2005,12,8,264.09,0.59,,28.54,366.01,1159.59,3.73,4.9,0N90E
2005-12-09,2005,12,9,218.17,0.0,,28.44,299.11,1026.43,0.05,0.0,0N90E
2005-12-10,2005,12,10,203.22,0.0,,28.47,314.32,1251.68,0.21,0.7,0N90E
2005-12-11,2005,12,11,182.48,0.08,,28.54,261.93,945.63,0.48,4.2,0N90E
2005-12-12,2005,12,12,167.05,0.25,,28.66,224.32,1176.29,2.25,2.8,0N90E
2005-12-13,2005,12,13,224.59,0.34,,28.59,339.41,1039.97,1.53,8.3,0N90E
2005-12-14,2005,12,14,62.25,0.37,,28.44,78.67,257.25,2.12,5.6,0N90E
2005-12-15,2005,12,15,253.16,-0.01,,28.54,338.18,1108.13,0.11,0.0,0N90E
2005-12-16,2005,12,16,250.62,0.16,,28.59,343.25,1072.02,0.86,3.5,0N90E
2005-12-17,2005,12,17,236.52,0.01,,28.59,353.62,1036.36,0.2,1.4,0N90E
2005-12-18,2005,12,18,248.85,0.03,,28.53,343.41,1099.56,0.33,1.4,0N90E
2005-12-19,2005,12,19,240.35,0.14,,28.5,334.23,1054.42,1.07,1.4,0N90E
2005-12-20,2005,12,20,102.88,0.11,,28.38,163.65,760.11,0.83,2.8,0N90E
2005-12-21,2005,12,21,202.3,1.04,,28.4,285.01,1189.38,4.94,13.2,0N90E
2005-12-22,2005,12,22,238.9,0.08,,28.43,330.18,1161.4,1.02,1.4,0N90E
2005-12-23,2005,12,23,259.38,0.0,,28.37,352.83,1230.01,0.16,0.7,0N90E
2005-12-24,2005,12,24,264.71,-0.02,,28.42,340.67,1271.09,0.03,0.0,0N90E
2005-12-25,2005,12,25,281.08,0.0,,28.81,367.79,1127.54,0.04,0.0,0N90E
2005-12-26,2005,12,26,285.54,0.09,,29.17,368.38,1021.46,0.73,2.1,0N90E
2005-12-27,2005,12,27,115.61,2.23,,28.7,180.95,976.32,8.83,15.3,0N90E
2005-12-28,2005,12,28,60.86,1.43,,28.55,84.23,337.6,7.92,6.2,0N90E
2005-12-29,2005,12,29,173.01,0.46,,28.54,325.0,1238.59,3.29,4.9,0N90E
2005-12-30,2005,12,30,250.91,-0.01,,28.55,353.69,1155.98,0.06,0.0,0N90E
2005-12-31,2005,12,31,297.64,-0.01,,28.63,389.9,1093.69,0.02,0.0,0N90E
2006-01-01,2006,1,1,305.58,-0.02,,28.75,388.54,1032.75,0.01,0.0,0N90E
2006-01-02,2006,1,2,298.0,-0.03,,28.67,381.85,1095.49,0.01,0.0,0N90E
2006-01-03,2006,1,3,295.62,0.18,,28.65,381.54,1086.47,1.31,2.8,0N90E
2006-01-04,2006,1,4,293.83,-0.02,,28.72,380.65,1035.46,0.03,0.0,0N90E
2006-01-05,2006,1,5,303.89,-0.03,,28.7,385.91,1062.54,0.03,0.0,0N90E
2006-01-06,2006,1,6,298.52,-0.01,,28.85,383.72,1205.18,0.05,0.0,0N90E
2006-01-07,2006,1,7,100.37,0.52,,28.63,166.1,838.65,2.09,9.0,0N90E
2006-01-08,2006,1,8,259.57,0.12,,28.65,365.11,1177.65,0.4,4.2,0N90E
2006-01-09,2006,1,9,181.81,1.55,,28.55,248.19,858.06,4.89,16.7,0N90E
2006-01-10,2006,1,10,106.46,3.01,,28.42,178.53,928.03,9.22,34.0,0N90E
2006-01-11,2006,1,11,140.68,0.03,,28.44,185.22,651.77,0.32,0.7,0N90E
2006-01-12,2006,1,12,286.48,-0.01,,28.98,390.48,1175.84,0.02,0.0,0N90E
2006-01-13,2006,1,13,266.39,0.06,,29.11,371.35,1176.75,0.41,2.8,0N90E
2006-01-14,2006,1,14,261.7,-0.02,,28.81,344.65,1154.18,0.02,0.0,0N90E
2006-01-15,2006,1,15,100.5,4.56,,28.62,165.28,1050.81,10.99,25.7,0N90E
2006-01-16,2006,1,16,96.23,0.52,,28.45,147.78,542.08,2.06,9.0,0N90E
2006-01-17,2006,1,17,83.28,0.14,,28.67,171.41,1156.88,0.59,2.8,0N90E
2006-01-18,2006,1,18,198.58,0.23,,28.89,330.34,1351.44,1.41,2.8,0N90E
2006-01-19,2006,1,19,244.97,0.05,,29.08,338.43,1292.3,0.48,1.4,0N90E
2006-01-20,2006,1,20,285.56,-0.01,,29.36,381.14,1226.85,0.05,0.0,0N90E
2006-01-21,2006,1,21,267.11,3.72,,28.95,366.8,1131.61,11.36,16.7,0N90E
2006-01-22,2006,1,22,81.25,0.74,,28.72,120.74,510.93,4.87,5.6,0N90E
2006-01-23,2006,1,23,247.04,-0.03,,28.67,347.49,1157.79,0.01,0.0,0N90E
2006-01-24,2006,1,24,301.44,-0.03,,28.65,388.64,1149.66,0.02,0.0,0N90E
2006-01-25,2006,1,25,262.68,-0.01,,28.68,352.5,1147.86,0.01,0.0,0N90E
2006-01-26,2006,1,26,305.73,-0.01,,28.79,396.25,1072.02,0.01,0.0,0N90E
2006-01-27,2006,1,27,289.27,-0.01,,28.82,373.07,1179.9,0.01,0.0,0N90E
2006-01-28,2006,1,28,298.19,-0.01,,28.78,396.14,1123.48,0.01,0.0,0N90E
2006-01-29,2006,1,29,288.43,-0.02,,28.79,386.54,1214.21,0.01,0.0,0N90E
2006-01-30,2006,1,30,277.8,-0.02,,28.67,385.27,1190.74,0.01,0.0,0N90E
2006-01-31,2006,1,31,245.33,0.04,,28.66,357.32,1288.24,0.35,2.1,0N90E
2006-02-01,2006,2,1,305.39,-0.01,,28.94,392.3,1251.68,0.01,0.0,0N90E
2006-02-02,2006,2,2,298.04,-0.01,,29.02,388.1,1185.77,0.02,0.0,0N90E
2006-02-03,2006,2,3,306.24,0.0,,29.37,399.92,1100.01,0.01,0.0,0N90E
2006-02-04,2006,2,4,300.82,-0.01,,29.56,395.05,1144.24,0.02,0.0,0N90E
2006-02-05,2006,2,5,230.25,1.34,,29.19,365.83,1123.48,6.81,4.9,0N90E
2006-02-06,2006,2,6,328.24,0.09,,29.56,410.36,1151.92,0.68,2.1,0N90E
2006-02-07,2006,2,7,312.58,0.8,,29.39,394.92,1239.94,3.6,6.2,0N90E
2006-02-08,2006,2,8,219.0,0.0,,29.44,315.55,1133.41,0.02,0.0,0N90E
2006-02-09,2006,2,9,312.38,0.78,,29.34,404.79,1132.96,4.17,7.6,0N90E
2006-02-10,2006,2,10,293.0,0.09,,29.26,394.55,1131.15,0.69,2.1,0N90E
2006-02-11,2006,2,11,250.93,1.01,,29.56,349.17,1145.15,5.83,4.2,0N90E
2006-02-12,2006,2,12,217.17,0.14,,29.4,311.49,1065.7,1.11,2.1,0N90E
2006-02-13,2006,2,13,55.13,0.76,,29.1,74.7,331.28,3.49,6.2,0N90E
2006-02-14,2006,2,14,205.62,0.84,,29.22,347.75,1224.14,2.8,12.5,0N90E
2006-02-15,2006,2,15,312.84,0.01,,29.47,397.96,1417.79,0.11,0.0,0N90E
2006-02-16,2006,2,16,291.76,0.02,,29.77,390.54,1127.99,0.25,1.4,0N90E
2006-02-17,2006,2,17,316.4,-0.01,,29.71,403.01,1110.84,0.08,0.0,0N90E
2006-02-18,2006,2,18,138.33,0.59,,29.51,240.18,1215.57,2.88,9.7,0N90E
2006-02-19,2006,2,19,298.83,0.01,,30.07,385.6,1062.54,0.07,0.0,0N90E
2006-02-20,2006,2,20,270.43,0.02,,30.06,366.05,1233.17,0.14,0.7,0N90E
2006-02-21,2006,2,21,258.13,0.03,,30.2,356.47,1192.54,0.23,0.7,0N90E
2006-02-22,2006,2,22,194.85,0.26,,29.75,279.72,1205.18,1.51,4.2,0N90E
2006-02-23,2006,2,23,214.22,0.01,,29.54,329.95,1324.35,0.08,0.0,0N90E
2006-02-24,2006,2,24,150.42,0.25,,29.5,225.39,876.11,0.73,8.3,0N90E
2006-02-25,2006,2,25,133.77,0.16,,29.38,222.06,1179.45,0.45,8.3,0N90E
2006-02-26,2006,2,26,281.79,0.0,,29.53,378.04,1266.12,0.1,0.7,0N90E
2006-02-27,2006,2,27,277.59,0.03,,29.54,378.56,1169.97,0.39,1.4,0N90E
2006-02-28,2006,2,28,308.7,-0.01,,29.65,400.32,1218.73,0.05,0.0,0N90E
2006-03-01,2006,3,1,322.19,-0.02,,29.64,411.71,1200.22,0.03,0.0,0N90E
2006-03-02,2006,3,2,325.06,-0.02,,29.62,413.88,1211.05,0.01,0.0,0N90E
2006-03-03,2006,3,3,330.16,-0.01,,29.86,415.32,1095.49,0.02,0.0,0N90E
2006-03-04,2006,3,4,329.96,-0.02,,29.72,416.67,1113.1,0.04,0.0,0N90E
2006-03-05,2006,3,5,314.75,-0.01,,29.85,409.09,1183.06,0.03,0.0,0N90E
2006-03-06,2006,3,6,330.23,-0.01,,29.96,416.45,1157.79,0.03,0.0,0N90E
2006-03-07,2006,3,7,316.74,-0.01,,30.08,406.09,1087.37,0.03,0.0,0N90E
2006-03-08,2006,3,8,322.58,-0.01,,30.21,409.58,1092.79,0.02,0.0,0N90E
2006-03-09,2006,3,9,327.38,-0.01,,30.21,411.98,1259.8,0.02,0.0,0N90E
2006-03-10,2006,3,10,331.29,-0.01,,30.39,417.83,1155.08,0.03,0.0,0N90E
2006-03-11,2006,3,11,302.86,-0.01,,30.45,405.53,1103.17,0.02,0.0,0N90E
2006-03-12,2006,3,12,324.68,-0.02,,30.09,413.87,1188.93,0.01,0.0,0N90E
2006-03-13,2006,3,13,314.34,-0.02,,30.17,412.33,1171.78,0.01,0.0,0N90E
2006-03-14,2006,3,14,207.27,-0.02,,29.9,288.5,1057.58,0.01,0.0,0N90E
2006-03-15,2006,3,15,77.93,0.78,,29.66,131.53,570.52,4.84,5.0,0N90E
2006-03-16,2006,3,16,202.69,1.49,,29.84,336.95,1226.85,7.01,14.8,0N90E
2006-03-17,2006,3,17,179.83,0.95,,29.69,281.37,1136.12,5.24,9.0,0N90E
2006-03-18,2006,3,18,263.73,-0.02,,29.65,361.11,1254.84,0.03,0.0,0N90E
2006-03-19,2006,3,19,75.55,0.73,,29.5,117.03,455.41,3.25,9.7,0N90E
2006-03-20,2006,3,20,147.83,0.29,,29.42,247.46,1071.57,2.42,2.8,0N90E
2006-03-21,2006,3,21,51.89,0.77,,29.27,85.6,500.1,2.9,11.1,0N90E
2006-03-22,2006,3,22,154.66,0.08,,29.15,272.53,1186.68,0.77,2.1,0N90E
2006-03-23,2006,3,23,158.34,0.2,,29.13,213.19,876.57,0.97,5.6,0N90E
2006-03-24,2006,3,24,218.86,-0.03,,29.18,307.29,1085.56,0.03,0.0,0N90E
2006-03-25,2006,3,25,218.86,0.5,,29.2,360.35,1362.27,1.88,10.4,0N90E
2006-03-26,2006,3,26,149.0,0.14,,29.03,237.34,1121.22,1.03,4.9,0N90E
2006-03-27,2006,3,27,257.82,0.03,,,379.24,1165.46,0.28,2.1,0N90E
2006-03-28,2006,3,28,266.09,-0.01,,,355.47,1185.32,0.02,0.0,0N90E
2006-03-29,2006,3,29,251.15,-0.01,,,324.24,932.09,0.01,0.0,0N90E
2006-03-30,2006,3,30,315.73,-0.01,,,408.49,1119.87,0.01,0.0,0N90E
2006-03-31,2006,3,31,277.99,0.01,,,359.09,1071.12,0.17,0.7,0N90E
2006-04-01,2006,4,1,290.3,-0.01,,,382.18,1190.29,0.08,0.0,0N90E
2006-04-02,2006,4,2,302.14,-0.01,,,398.05,1176.75,0.02,0.0,0N90E
2006-04-03,2006,4,3,298.86,-0.02,,,381.5,1167.27,0.02,0.0,0N90E
2006-04-04,2006,4,4,314.22,-0.02,,,401.63,1129.8,0.01,0.0,0N90E
2006-04-05,2006,4,5,309.63,-0.03,,,397.0,1188.48,0.01,0.0,0N90E
2006-04-06,2006,4,6,301.23,-0.02,,,397.24,1183.06,0.1,0.0,0N90E
2006-04-07,2006,4,7,299.74,0.58,,,394.57,1101.36,3.56,6.4,0N90E
2006-04-08,2006,4,8,212.34,-0.02,,,300.68,1058.93,0.13,0.0,0N90E
2006-04-09,2006,4,9,199.45,-0.01,,,265.23,1010.18,0.06,0.0,0N90E
2006-04-10,2006,4,10,308.53,-0.01,,,396.67,1180.81,0.04,0.0,0N90E
2006-04-11,2006,4,11,311.91,-0.01,,,395.69,1123.03,0.02,0.0,0N90E
2006-04-12,2006,4,12,246.1,0.04,,,323.61,1167.27,0.37,1.4,0N90E
2006-04-13,2006,4,13,225.28,0.0,,,324.06,1144.7,0.13,0.0,0N90E
2006-04-14,2006,4,14,293.53,0.03,,,400.14,1166.36,0.29,1.4,0N90E
2006-04-15,2006,4,15,279.38,0.51,,,372.92,1165.46,3.57,4.2,0N90E
2006-04-16,2006,4,16,85.17,0.33,,,188.64,1300.43,1.84,4.2,0N90E
2006-04-17,2006,4,17,228.14,0.6,,,333.23,1301.33,4.79,2.1,0N90E
2006-04-18,2006,4,18,281.11,0.02,,,370.95,1115.81,0.33,1.4,0N90E
2006-04-19,2006,4,19,101.27,0.18,,,152.61,555.62,1.06,3.5,0N90E
2006-04-20,2006,4,20,58.12,0.33,,,85.48,303.74,1.23,5.6,0N90E
2006-04-21,2006,4,21,239.6,0.17,,,328.4,1166.81,1.38,2.8,0N90E
2006-04-22,2006,4,22,51.18,0.59,,,70.14,255.44,2.05,11.1,0N90E
2006-04-23,2006,4,23,102.89,0.75,,,136.66,635.07,2.63,12.5,0N90E
2006-04-24,2006,4,24,179.35,0.59,,,256.15,957.82,3.38,6.9,0N90E
2006-04-25,2006,4,25,117.11,0.06,,,208.49,949.24,0.46,4.2,0N90E
2006-04-26,2006,4,26,265.44,0.0,,,345.05,1133.41,0.07,0.0,0N90E
2006-04-27,2006,4,27,295.01,0.0,,,381.07,1073.83,0.02,0.0,0N90E
2006-04-28,2006,4,28,273.37,0.23,,,381.43,1124.83,1.59,3.5,0N90E
2006-04-29,2006,4,29,278.97,0.0,,,367.74,1161.85,0.1,0.0,0N90E
2006-04-30,2006,4,30,298.26,-0.03,,,381.92,1065.25,0.24,0.0,0N90E
2006-05-01,2006,5,1,288.02,-0.01,,,368.69,1001.6,0.06,0.0,0N90E
2006-05-02,2006,5,2,259.4,0.01,,,357.76,1158.69,0.1,0.0,0N90E
2006-05-03,2006,5,3,284.63,0.0,,,368.25,1106.78,0.04,0.0,0N90E
2006-05-04,2006,5,4,294.51,-0.01,,,375.01,1097.75,0.04,0.0,0N90E
2006-05-05,2006,5,5,288.37,0.0,,,373.51,1040.87,0.06,0.0,0N90E
2006-05-06,2006,5,6,283.17,0.0,,,381.25,1094.59,0.08,0.0,0N90E
2006-05-07,2006,5,7,290.02,0.04,,,375.62,1027.33,0.27,1.4,0N90E
2006-05-08,2006,5,8,84.44,1.07,,,143.59,816.98,4.3,9.7,0N90E
2006-05-09,2006,5,9,278.88,0.0,,,368.59,1190.74,0.01,0.0,0N90E
2006-05-10,2006,5,10,277.89,-0.01,,,376.49,1016.05,0.04,0.0,0N90E
2006-05-11,2006,5,11,279.31,-0.01,,,363.82,988.06,0.02,0.0,0N90E
2006-05-12,2006,5,12,259.17,0.0,,,348.76,1207.44,0.01,0.0,0N90E
2006-05-13,2006,5,13,258.1,-0.01,,,338.09,1055.77,0.02,0.0,0N90E
2006-05-14,2006,5,14,259.52,-0.01,,,349.72,1138.83,0.01,0.0,0N90E
2006-05-15,2006,5,15,263.92,0.46,,,334.59,1021.46,2.11,6.9,0N90E
2006-05-16,2006,5,16,255.09,-0.01,,,336.93,1053.97,0.04,0.0,0N90E
2006-05-17,2006,5,17,34.84,1.07,,,55.93,268.08,4.29,10.4,0N90E
2006-05-18,2006,5,18,274.1,-0.02,,,357.35,1121.22,0.01,0.0,0N90E
2006-05-19,2006,5,19,289.84,0.28,,,361.39,990.77,1.25,7.6,0N90E
2006-05-20,2006,5,20,165.34,-0.02,,,216.1,750.63,0.02,0.0,0N90E
2006-05-21,2006,5,21,182.98,-0.01,,,246.58,844.07,0.01,0.0,0N90E
2006-05-22,2006,5,22,265.93,0.04,,,347.21,1033.65,0.35,2.1,0N90E
2006-05-23,2006,5,23,,0.36,,,,,2.55,5.0,0N90E
2006-09-12,2006,9,12,208.03,0.0,80.1,28.42,308.43,1317.65,3.93,24.0,0N90E
2006-09-13,2006,9,13,118.47,1.23,88.0,28.33,186.74,816.05,5.92,16.0,0N90E
2006-09-14,2006,9,14,264.25,0.36,82.6,28.41,368.27,1211.63,2.76,5.0,0N90E
2006-09-15,2006,9,15,114.46,0.0,81.8,28.32,163.45,901.99,0.61,0.0,0N90E
2006-09-16,2006,9,16,138.95,0.0,82.2,28.18,209.23,986.33,0.97,0.0,0N90E
2006-09-17,2006,9,17,276.3,0.0,83.0,28.36,377.91,1178.7,0.46,0.0,0N90E
2006-09-18,2006,9,18,274.29,0.0,82.6,28.44,369.47,1069.46,0.51,1.0,0N90E
2006-09-19,2006,9,19,283.53,0.0,80.9,28.43,369.07,1077.09,0.77,1.0,0N90E
2006-09-20,2006,9,20,282.32,0.0,81.4,28.47,373.89,1057.41,0.92,1.0,0N90E
2006-09-21,2006,9,21,270.28,,80.5,28.46,362.64,1123.68,0.61,4.0,0N90E
2006-09-22,2006,9,22,250.2,0.0,80.9,28.52,344.57,1203.19,0.51,3.0,0N90E
2006-09-23,2006,9,23,284.73,0.0,80.5,28.54,374.29,1124.48,0.77,5.0,0N90E
2006-09-24,2006,9,24,292.77,0.0,79.7,28.54,381.92,1136.13,1.58,1.0,0N90E
2006-09-25,2006,9,25,273.49,0.0,78.0,28.59,368.67,1163.44,1.68,3.0,0N90E
2006-09-26,2006,9,26,269.07,0.0,79.7,28.61,369.87,1293.15,0.77,6.0,0N90E
2006-09-27,2006,9,27,292.36,0.0,79.3,28.55,380.72,1136.13,0.92,8.0,0N90E
2006-09-28,2006,9,28,244.17,0.41,82.6,28.49,330.12,1132.11,3.88,9.0,0N90E
2006-09-29,2006,9,29,194.78,0.26,77.2,28.51,271.08,1227.29,3.27,15.0,0N90E
2006-09-30,2006,9,30,276.7,0.0,77.2,28.58,365.05,1158.21,0.82,9.0,0N90E
2006-10-01,2006,10,1,261.84,0.0,78.5,28.65,363.05,1135.72,0.31,0.0,0N90E
2006-10-02,2006,10,2,262.24,0.71,82.2,28.68,364.25,1204.0,4.03,8.0,0N90E
2006-10-03,2006,10,3,254.21,,78.9,28.65,338.55,1116.85,0.41,0.0,0N90E
2006-10-04,2006,10,4,279.92,0.0,77.6,28.64,370.28,1114.44,0.92,0.0,0N90E
2006-10-05,2006,10,5,275.1,0.0,76.0,28.59,365.46,1095.97,2.5,0.0,0N90E
2006-10-06,2006,10,6,242.97,0.0,75.6,28.58,354.61,1105.6,0.97,0.0,0N90E
2006-10-07,2006,10,7,299.19,0.0,78.9,28.66,392.76,1102.79,1.12,0.0,0N90E
2006-10-08,2006,10,8,282.73,0.0,81.4,28.65,377.5,1130.1,1.17,0.0,0N90E
2006-10-09,2006,10,9,206.82,0.0,83.0,28.55,293.97,1213.23,1.43,0.0,0N90E
2006-10-10,2006,10,10,283.53,0.0,81.4,28.69,375.9,1125.28,0.61,0.0,0N90E
2006-10-11,2006,10,11,165.06,0.0,82.6,28.61,196.78,636.94,3.06,0.0,0N90E
2006-10-12,2006,10,12,305.62,0.0,80.1,28.94,389.55,1149.78,1.07,0.0,0N90E
2006-10-13,2006,10,13,295.18,0.0,80.9,28.63,391.16,1139.34,2.45,0.0,0N90E
2006-10-14,2006,10,14,220.48,0.77,81.8,28.62,341.36,1242.15,3.88,8.0,0N90E
2006-10-15,2006,10,15,206.82,,90.0,28.5,363.85,1196.77,0.0,18.0,0N90E
2006-10-16,2006,10,16,284.33,,88.0,28.64,377.5,1083.12,,,0N90E
2006-10-17,2006,10,17,215.66,,84.2,28.57,330.52,1356.2,,,0N90E
2006-10-18,2006,10,18,254.21,,83.0,28.46,349.79,1032.92,,,0N90E
2006-10-19,2006,10,19,149.4,,88.8,28.28,255.02,1157.81,,,0N90E
2006-10-20,2006,10,20,115.66,,87.5,28.04,167.07,647.38,,,0N90E
2006-10-21,2006,10,21,215.66,,84.7,28.54,307.22,1131.31,,,0N90E
2006-10-22,2006,10,22,129.32,,89.6,28.15,230.52,953.0,,,0N90E
2006-10-23,2006,10,23,192.77,,87.5,28.16,280.72,1021.67,,,0N90E
2006-10-24,2006,10,24,85.14,,93.7,27.96,212.04,1176.69,,,0N90E
2006-10-25,2006,10,25,104.82,,87.1,28.15,162.65,592.36,,,0N90E
2006-10-26,2006,10,26,174.7,,84.7,28.27,236.14,1014.04,,,0N90E
2006-10-27,2006,10,27,155.02,,84.2,28.32,221.28,1075.48,,,0N90E
2006-10-28,2006,10,28,87.15,,87.5,28.21,187.15,959.42,,,0N90E
2006-10-29,2006,10,29,220.08,,81.8,28.52,301.6,1203.6,,,0N90E
2006-10-30,2006,10,30,220.08,,83.8,28.41,305.62,1232.11,,,0N90E
2006-10-31,2006,10,31,236.14,,82.6,28.24,333.33,1040.95,,,0N90E
2006-11-01,2006,11,1,,,,28.16,,,,,0N90E
2006-11-02,2006,11,2,,,,28.33,,,,,0N90E
2006-11-03,2006,11,3,,,,28.16,,,,,0N90E
2006-11-04,2006,11,4,,,,28.29,,,,,0N90E
2006-11-05,2006,11,5,,,,28.49,,,,,0N90E
2006-11-06,2006,11,6,,,,28.5,,,,,0N90E
2006-11-07,2006,11,7,,,,28.49,,,,,0N90E
2006-11-08,2006,11,8,,,,28.51,,,,,0N90E
2006-11-09,2006,11,9,,,,28.66,,,,,0N90E
2006-11-10,2006,11,10,,,,28.71,,,,,0N90E
2006-11-11,2006,11,11,,,,28.67,,,,,0N90E
2006-11-12,2006,11,12,,,,29.22,,,,,0N90E
2006-11-13,2006,11,13,,,,29.27,,,,,0N90E
2006-11-14,2006,11,14,,,,29.32,,,,,0N90E
2006-11-15,2006,11,15,,,,28.95,,,,,0N90E
2006-11-16,2006,11,16,,,,28.79,,,,,0N90E
2006-11-17,2006,11,17,,,,28.67,,,,,0N90E
2006-11-18,2006,11,18,,,,28.68,,,,,0N90E
2006-11-19,2006,11,19,,,,28.38,,,,,0N90E
2006-11-20,2006,11,20,,,,28.63,,,,,0N90E
2006-11-21,2006,11,21,,,,28.75,,,,,0N90E
2006-11-22,2006,11,22,,,,28.39,,,,,0N90E
2006-11-23,2006,11,23,,,,28.82,,,,,0N90E
2006-11-24,2006,11,24,,,,28.79,,,,,0N90E
2006-11-25,2006,11,25,,,,29.05,,,,,0N90E
2006-11-26,2006,11,26,,,,29.52,,,,,0N90E
2006-11-27,2006,11,27,,,,29.84,,,,,0N90E
2006-11-28,2006,11,28,,,,29.72,,,,,0N90E
2006-11-29,2006,11,29,,,,29.75,,,,,0N90E
2006-11-30,2006,11,30,,,,29.27,,,,,0N90E
2006-12-01,2006,12,1,,,,29.14,,,,,0N90E
2006-12-02,2006,12,2,,,,28.73,,,,,0N90E
2006-12-03,2006,12,3,,,,28.82,,,,,0N90E
2006-12-04,2006,12,4,,,,28.76,,,,,0N90E
2006-12-05,2006,12,5,,,,28.8,,,,,0N90E
2006-12-06,2006,12,6,,,,28.78,,,,,0N90E
2006-12-07,2006,12,7,,,,28.68,,,,,0N90E
2006-12-08,2006,12,8,,,,29.36,,,,,0N90E
2006-12-09,2006,12,9,,,,29.18,,,,,0N90E
2006-12-10,2006,12,10,,,,29.07,,,,,0N90E
2006-12-11,2006,12,11,,,,29.05,,,,,0N90E
2006-12-12,2006,12,12,,,,29.12,,,,,0N90E
2006-12-13,2006,12,13,,,,29.21,,,,,0N90E
2006-12-14,2006,12,14,,,,29.32,,,,,0N90E
2006-12-15,2006,12,15,,,,29.42,,,,,0N90E
2006-12-16,2006,12,16,,,,29.73,,,,,0N90E
2006-12-17,2006,12,17,,,,29.66,,,,,0N90E
2006-12-18,2006,12,18,,,,29.55,,,,,0N90E
2006-12-19,2006,12,19,,,,29.66,,,,,0N90E
2006-12-20,2006,12,20,,,,29.68,,,,,0N90E
2006-12-21,2006,12,21,,,,29.54,,,,,0N90E
2006-12-22,2006,12,22,,,,29.57,,,,,0N90E
2006-12-23,2006,12,23,,,,29.46,,,,,0N90E
2006-12-24,2006,12,24,,,,29.44,,,,,0N90E
2006-12-25,2006,12,25,,,,29.43,,,,,0N90E
2006-12-26,2006,12,26,,,,29.29,,,,,0N90E
2006-12-27,2006,12,27,,,,29.1,,,,,0N90E
2006-12-28,2006,12,28,,,,29.01,,,,,0N90E
2006-12-29,2006,12,29,,,,28.94,,,,,0N90E
2006-12-30,2006,12,30,,,,28.9,,,,,0N90E
2006-12-31,2006,12,31,,,,28.82,,,,,0N90E
2007-01-01,2007,1,1,,,,28.77,,,,,0N90E
2007-01-02,2007,1,2,,,,28.8,,,,,0N90E
2007-01-03,2007,1,3,,,,28.72,,,,,0N90E
2007-01-04,2007,1,4,,,,28.68,,,,,0N90E
2007-01-05,2007,1,5,,,,28.69,,,,,0N90E
2007-01-06,2007,1,6,,,,28.77,,,,,0N90E
2007-01-07,2007,1,7,,,,29.08,,,,,0N90E
2007-01-08,2007,1,8,,,,29.15,,,,,0N90E
2007-01-09,2007,1,9,,,,29.43,,,,,0N90E
2007-01-10,2007,1,10,,,,29.48,,,,,0N90E
2007-01-11,2007,1,11,,,,29.61,,,,,0N90E
2007-01-12,2007,1,12,,,,29.28,,,,,0N90E
2007-01-13,2007,1,13,,,,29.3,,,,,0N90E
2007-01-14,2007,1,14,,,,29.33,,,,,0N90E
2007-01-15,2007,1,15,,,,29.59,,,,,0N90E
2007-01-16,2007,1,16,,,,29.38,,,,,0N90E
2007-01-17,2007,1,17,,,,29.21,,,,,0N90E
2007-01-18,2007,1,18,,,,29.15,,,,,0N90E
2007-01-19,2007,1,19,,,,29.23,,,,,0N90E
2007-01-20,2007,1,20,,,,29.11,,,,,0N90E
2007-01-21,2007,1,21,,,,29.1,,,,,0N90E
2007-01-22,2007,1,22,,,,29.13,,,,,0N90E
2007-01-23,2007,1,23,,,,29.0,,,,,0N90E
2007-01-24,2007,1,24,,,,29.09,,,,,0N90E
2007-01-25,2007,1,25,,,,29.02,,,,,0N90E
2007-01-26,2007,1,26,,,,29.24,,,,,0N90E
2007-01-27,2007,1,27,,,,29.56,,,,,0N90E
2007-01-28,2007,1,28,,,,29.49,,,,,0N90E
2007-01-29,2007,1,29,,,,29.57,,,,,0N90E
2007-01-30,2007,1,30,,,,29.64,,,,,0N90E
2007-01-31,2007,1,31,,,,29.77,,,,,0N90E
2007-02-01,2007,2,1,,,,29.61,,,,,0N90E
2007-02-02,2007,2,2,,,,29.65,,,,,0N90E
2007-02-03,2007,2,3,,,,29.27,,,,,0N90E
2007-02-04,2007,2,4,,,,29.05,,,,,0N90E
2007-02-05,2007,2,5,,,,28.97,,,,,0N90E
2007-02-06,2007,2,6,,,,29.0,,,,,0N90E
2007-02-07,2007,2,7,,,,29.19,,,,,0N90E
2007-02-08,2007,2,8,,,,29.41,,,,,0N90E
2007-02-09,2007,2,9,,,,29.2,,,,,0N90E
2007-02-10,2007,2,10,,,,29.77,,,,,0N90E
2007-02-11,2007,2,11,,,,30.0,,,,,0N90E
2007-02-12,2007,2,12,,,,29.28,,,,,0N90E
2007-02-13,2007,2,13,,,,29.68,,,,,0N90E
2007-02-14,2007,2,14,,,,29.69,,,,,0N90E
2007-02-15,2007,2,15,,,,29.54,,,,,0N90E
2007-02-16,2007,2,16,,,,29.42,,,,,0N90E
2007-02-17,2007,2,17,,,,29.36,,,,,0N90E
2007-02-18,2007,2,18,,,,29.28,,,,,0N90E
2007-02-19,2007,2,19,,,,29.33,,,,,0N90E
2007-02-20,2007,2,20,,,,29.44,,,,,0N90E
2007-02-21,2007,2,21,,,,29.3,,,,,0N90E
2007-02-22,2007,2,22,,,,29.38,,,,,0N90E
2007-02-23,2007,2,23,,,,29.4,,,,,0N90E
2007-02-24,2007,2,24,,,,29.68,,,,,0N90E
2007-02-25,2007,2,25,,,,29.73,,,,,0N90E
2007-02-26,2007,2,26,,,,29.6,,,,,0N90E
2007-02-27,2007,2,27,,,,29.65,,,,,0N90E
2007-02-28,2007,2,28,,,,29.61,,,,,0N90E
2007-03-01,2007,3,1,,,,29.77,,,,,0N90E
2007-03-02,2007,3,2,,,,29.54,,,,,0N90E
2007-03-03,2007,3,3,,,,29.64,,,,,0N90E
2007-03-04,2007,3,4,,,,30.03,,,,,0N90E
2007-03-05,2007,3,5,,,,29.84,,,,,0N90E
2007-03-06,2007,3,6,,,,29.68,,,,,0N90E
2007-03-07,2007,3,7,,,,29.63,,,,,0N90E
2007-03-08,2007,3,8,,,,29.8,,,,,0N90E
2007-03-09,2007,3,9,,,,30.09,,,,,0N90E
2007-03-10,2007,3,10,,,,30.26,,,,,0N90E
2007-03-11,2007,3,11,,,,30.01,,,,,0N90E
2007-03-12,2007,3,12,,,,29.94,,,,,0N90E
2007-03-13,2007,3,13,,,,30.28,,,,,0N90E
2007-03-14,2007,3,14,,,,30.05,,,,,0N90E
2007-03-15,2007,3,15,,,,30.16,,,,,0N90E
2007-03-16,2007,3,16,,,,29.99,,,,,0N90E
2007-03-17,2007,3,17,,,,29.98,,,,,0N90E
2007-03-18,2007,3,18,,,,30.07,,,,,0N90E
2007-03-19,2007,3,19,,,,29.91,,,,,0N90E
2007-03-20,2007,3,20,,,,29.9,,,,,0N90E
2007-03-21,2007,3,21,,,,29.77,,,,,0N90E
2007-03-22,2007,3,22,,,,29.67,,,,,0N90E
2007-03-23,2007,3,23,,,,29.6,,,,,0N90E
2007-03-24,2007,3,24,,,,29.5,,,,,0N90E
2007-03-25,2007,3,25,,,,29.32,,,,,0N90E
2007-03-26,2007,3,26,,,,29.43,,,,,0N90E
2007-03-27,2007,3,27,,,,29.34,,,,,0N90E
2007-03-28,2007,3,28,,,,29.67,,,,,0N90E
2007-03-29,2007,3,29,,,,29.95,,,,,0N90E
2007-03-30,2007,3,30,,,,29.7,,,,,0N90E
2007-03-31,2007,3,31,,,,29.42,,,,,0N90E
2007-04-01,2007,4,1,,,,29.13,,,,,0N90E
2007-04-02,2007,4,2,,,,29.19,,,,,0N90E
2007-04-03,2007,4,3,,,,29.15,,,,,0N90E
2007-04-04,2007,4,4,,,,29.4,,,,,0N90E
2007-04-05,2007,4,5,,,,29.63,,,,,0N90E
2007-04-06,2007,4,6,,,,29.59,,,,,0N90E
2007-04-07,2007,4,7,,,,29.69,,,,,0N90E
2007-04-08,2007,4,8,,,,29.59,,,,,0N90E
2007-04-09,2007,4,9,,,,29.82,,,,,0N90E
2007-04-10,2007,4,10,,,,29.72,,,,,0N90E
2007-04-11,2007,4,11,,,,29.61,,,,,0N90E
2007-04-12,2007,4,12,,,,29.68,,,,,0N90E
2007-04-13,2007,4,13,,,,30.04,,,,,0N90E
2007-04-14,2007,4,14,,,,30.13,,,,,0N90E
2007-04-15,2007,4,15,,,,30.2,,,,,0N90E
2007-04-16,2007,4,16,,,,30.09,,,,,0N90E
2007-04-17,2007,4,17,,,,30.12,,,,,0N90E
2007-04-18,2007,4,18,,,,30.3,,,,,0N90E
2007-04-19,2007,4,19,,,,30.07,,,,,0N90E
2007-04-20,2007,4,20,,,,30.44,,,,,0N90E
2007-04-21,2007,4,21,,,,30.42,,,,,0N90E
2007-04-22,2007,4,22,,,,30.04,,,,,0N90E
2007-04-23,2007,4,23,,,,29.62,,,,,0N90E
2007-04-24,2007,4,24,,,,29.77,,,,,0N90E
2007-04-25,2007,4,25,,,,30.01,,,,,0N90E
2007-04-26,2007,4,26,,,,30.16,,,,,0N90E
2007-04-27,2007,4,27,,,,30.02,,,,,0N90E
2007-04-28,2007,4,28,,,,29.79,,,,,0N90E
2007-04-29,2007,4,29,,,,29.82,,,,,0N90E
2007-04-30,2007,4,30,,,,29.87,,,,,0N90E
2007-05-01,2007,5,1,,,,29.78,,,,,0N90E
2007-05-02,2007,5,2,,,,29.63,,,,,0N90E
2007-05-03,2007,5,3,,,,29.5,,,,,0N90E
2007-05-04,2007,5,4,,,,29.47,,,,,0N90E
2007-05-05,2007,5,5,,,,29.67,,,,,0N90E
2007-05-06,2007,5,6,,,,29.82,,,,,0N90E
2007-05-07,2007,5,7,,,,29.91,,,,,0N90E
2007-05-08,2007,5,8,,,,30.02,,,,,0N90E
2007-05-09,2007,5,9,,,,30.05,,,,,0N90E
2007-05-10,2007,5,10,,,,30.01,,,,,0N90E
2007-05-11,2007,5,11,,,,29.85,,,,,0N90E
2007-05-12,2007,5,12,,,,29.89,,,,,0N90E
2007-05-13,2007,5,13,,,,29.93,,,,,0N90E
2007-05-14,2007,5,14,,,,29.89,,,,,0N90E
2007-05-15,2007,5,15,,,,29.95,,,,,0N90E
2007-05-16,2007,5,16,,,,29.98,,,,,0N90E
2007-05-17,2007,5,17,,,,29.96,,,,,0N90E
2007-05-18,2007,5,18,,,,30.11,,,,,0N90E
2007-05-19,2007,5,19,,,,30.35,,,,,0N90E
2007-05-20,2007,5,20,,,,30.42,,,,,0N90E
2007-05-21,2007,5,21,,,,30.4,,,,,0N90E
2007-05-22,2007,5,22,,,,30.28,,,,,0N90E
2007-05-23,2007,5,23,,,,30.23,,,,,0N90E
2007-05-24,2007,5,24,,,,30.23,,,,,0N90E
2007-05-25,2007,5,25,,,,30.15,,,,,0N90E
2007-05-26,2007,5,26,,,,30.33,,,,,0N90E
2007-05-27,2007,5,27,,,,30.31,,,,,0N90E
2007-05-28,2007,5,28,,,,30.1,,,,,0N90E
2007-05-29,2007,5,29,,,,30.18,,,,,0N90E
2007-05-30,2007,5,30,,,,30.15,,,,,0N90E
2007-05-31,2007,5,31,,,,30.35,,,,,0N90E
2007-06-01,2007,6,1,,,,30.19,,,,,0N90E
2007-06-02,2007,6,2,,,,30.45,,,,,0N90E
2007-06-03,2007,6,3,,,,30.64,,,,,0N90E
2007-06-04,2007,6,4,,,,30.77,,,,,0N90E
2007-06-05,2007,6,5,,,,30.26,,,,,0N90E
2007-06-06,2007,6,6,,,,30.36,,,,,0N90E
2007-06-07,2007,6,7,,,,30.47,,,,,0N90E
2007-06-08,2007,6,8,,,,30.31,,,,,0N90E
2007-06-09,2007,6,9,,,,30.37,,,,,0N90E
2007-06-10,2007,6,10,,,,30.56,,,,,0N90E
2007-06-11,2007,6,11,,,,30.14,,,,,0N90E
2007-06-12,2007,6,12,,,,29.96,,,,,0N90E
2007-06-13,2007,6,13,,,,29.76,,,,,0N90E
2007-06-14,2007,6,14,,,,29.78,,,,,0N90E
2007-06-15,2007,6,15,,,,29.77,,,,,0N90E
2007-06-16,2007,6,16,,,,29.71,,,,,0N90E
2007-06-17,2007,6,17,,,,29.8,,,,,0N90E
2007-06-18,2007,6,18,,,,29.63,,,,,0N90E
2007-06-19,2007,6,19,,,,29.67,,,,,0N90E
2007-06-20,2007,6,20,,,,29.73,,,,,0N90E
2007-06-21,2007,6,21,,,,29.78,,,,,0N90E
2007-06-22,2007,6,22,,,,29.89,,,,,0N90E
2007-06-23,2007,6,23,,,,29.7,,,,,0N90E
2007-06-24,2007,6,24,,,,29.69,,,,,0N90E
2007-06-25,2007,6,25,,,,29.53,,,,,0N90E
2007-06-26,2007,6,26,,,,29.35,,,,,0N90E
2007-06-27,2007,6,27,,,,29.41,,,,,0N90E
2007-06-28,2007,6,28,,,,29.57,,,,,0N90E
2007-06-29,2007,6,29,,,,29.68,,,,,0N90E
2007-06-30,2007,6,30,,,,29.67,,,,,0N90E
2007-07-01,2007,7,1,,,,29.65,,,,,0N90E
2007-07-02,2007,7,2,,,,29.64,,,,,0N90E
2007-07-03,2007,7,3,,,,29.66,,,,,0N90E
2007-07-04,2007,7,4,,,,29.89,,,,,0N90E
2007-07-05,2007,7,5,,,,29.94,,,,,0N90E
2007-07-06,2007,7,6,,,,29.74,,,,,0N90E
2007-07-07,2007,7,7,,,,29.61,,,,,0N90E
2007-07-08,2007,7,8,,,,29.68,,,,,0N90E
2007-07-09,2007,7,9,,,,29.68,,,,,0N90E
2007-07-10,2007,7,10,,,,29.63,,,,,0N90E
2007-07-11,2007,7,11,,,,29.42,,,,,0N90E
2007-07-12,2007,7,12,,,,29.44,,,,,0N90E
2007-07-13,2007,7,13,,,,29.39,,,,,0N90E
2007-07-14,2007,7,14,,,,29.36,,,,,0N90E
2007-07-15,2007,7,15,,,,29.31,,,,,0N90E
2007-07-16,2007,7,16,,,,29.44,,,,,0N90E
2007-07-17,2007,7,17,,,,29.35,,,,,0N90E
2007-07-18,2007,7,18,,,,29.39,,,,,0N90E
2007-07-19,2007,7,19,,,,29.2,,,,,0N90E
2007-07-20,2007,7,20,,,,29.0,,,,,0N90E
2007-07-21,2007,7,21,,,,29.0,,,,,0N90E
2007-07-22,2007,7,22,,,,29.07,,,,,0N90E
2007-07-23,2007,7,23,,,,29.01,,,,,0N90E
2007-07-24,2007,7,24,,,,29.28,,,,,0N90E
2007-07-25,2007,7,25,,,,28.99,,,,,0N90E
2007-07-26,2007,7,26,,,,29.02,,,,,0N90E
2007-07-27,2007,7,27,,,,28.98,,,,,0N90E
2007-07-28,2007,7,28,,,,28.94,,,,,0N90E
2007-07-29,2007,7,29,,,,28.92,,,,,0N90E
2007-07-30,2007,7,30,,,,28.94,,,,,0N90E
2007-07-31,2007,7,31,,,,29.1,,,,,0N90E
2007-08-01,2007,8,1,,,,29.14,,,,,0N90E
2007-08-02,2007,8,2,,,,29.12,,,,,0N90E
2007-08-03,2007,8,3,,,,29.15,,,,,0N90E
2007-08-04,2007,8,4,,,,29.2,,,,,0N90E
2007-08-05,2007,8,5,,,,29.21,,,,,0N90E
2007-08-06,2007,8,6,,,,29.31,,,,,0N90E
2007-08-07,2007,8,7,,,,29.21,,,,,0N90E
2007-08-08,2007,8,8,,,,28.99,,,,,0N90E
2007-08-09,2007,8,9,,,,29.05,,,,,0N90E
2007-08-10,2007,8,10,,,,29.07,,,,,0N90E
2007-08-11,2007,8,11,,,,29.15,,,,,0N90E
2007-08-12,2007,8,12,,,,29.06,,,,,0N90E
2007-08-13,2007,8,13,,,,29.16,,,,,0N90E
2007-08-14,2007,8,14,,,,29.34,,,,,0N90E
2007-08-15,2007,8,15,,,,29.06,,,,,0N90E
2007-08-16,2007,8,16,,,,29.22,,,,,0N90E
2007-08-17,2007,8,17,,,,29.22,,,,,0N90E
2007-08-18,2007,8,18,,,,29.1,,,,,0N90E
2007-08-19,2007,8,19,,,,29.15,,,,,0N90E
2007-08-20,2007,8,20,,,,29.07,,,,,0N90E
2007-08-21,2007,8,21,,,,28.99,,,,,0N90E
2007-08-22,2007,8,22,,,,29.27,,,,,0N90E
2007-08-23,2007,8,23,,,,29.33,,,,,0N90E
2007-08-24,2007,8,24,,,,29.31,,,,,0N90E
2007-08-25,2007,8,25,,,,29.24,,,,,0N90E
2007-08-26,2007,8,26,,,,29.26,,,,,0N90E
2007-08-27,2007,8,27,,,,29.08,,,,,0N90E
2007-08-28,2007,8,28,,,,29.23,,,,,0N90E
2007-08-29,2007,8,29,,,,29.1,,,,,0N90E
2007-08-30,2007,8,30,,,,29.03,,,,,0N90E
2007-08-31,2007,8,31,,,,29.1,,,,,0N90E
2007-09-01,2007,9,1,,,,28.95,,,,,0N90E
2007-09-02,2007,9,2,,,,28.87,,,,,0N90E
2007-09-03,2007,9,3,,,,28.9,,,,,0N90E
2007-09-04,2007,9,4,,,,28.94,,,,,0N90E
2007-09-05,2007,9,5,,,,29.15,,,,,0N90E
2007-09-06,2007,9,6,,,,29.05,,,,,0N90E
2007-09-07,2007,9,7,,,,28.93,,,,,0N90E
2007-09-08,2007,9,8,,,,29.04,,,,,0N90E
2007-09-09,2007,9,9,,,,29.46,,,,,0N90E
2007-09-10,2007,9,10,,,,29.66,,,,,0N90E
2007-09-11,2007,9,11,,,,29.16,,,,,0N90E
2007-09-12,2007,9,12,,,,29.05,,,,,0N90E
2007-09-13,2007,9,13,,,,28.94,,,,,0N90E
2007-09-14,2007,9,14,,,,28.92,,,,,0N90E
2007-09-15,2007,9,15,,,,28.8,,,,,0N90E
2007-09-16,2007,9,16,,,,28.75,,,,,0N90E
2007-09-17,2007,9,17,,,,28.94,,,,,0N90E
2007-09-18,2007,9,18,,,,28.69,,,,,0N90E
2007-09-19,2007,9,19,,,,28.73,,,,,0N90E
2007-09-20,2007,9,20,,,,28.92,,,,,0N90E
2007-09-21,2007,9,21,,,,28.94,,,,,0N90E
2007-09-22,2007,9,22,,,,28.86,,,,,0N90E
2007-09-23,2007,9,23,,,,28.86,,,,,0N90E
2007-09-24,2007,9,24,,,,28.84,,,,,0N90E
2007-09-25,2007,9,25,,,,28.78,,,,,0N90E
2007-09-26,2007,9,26,,,,28.78,,,,,0N90E
2007-09-28,2007,9,28,,,,28.77,,,,,0N90E
2007-09-29,2007,9,29,252.44,0.05,82.0,28.72,345.52,1168.45,6.78,2.0,0N90E
2007-09-30,2007,9,30,80.61,0.59,80.8,28.59,121.03,413.19,6.73,9.0,0N90E
2007-10-01,2007,10,1,193.32,0.0,77.0,28.66,268.38,1117.17,1.67,0.0,0N90E
2007-10-02,2007,10,2,209.95,0.0,79.3,28.61,285.93,1210.48,1.23,0.0,0N90E
2007-10-03,2007,10,3,285.7,0.0,79.7,28.77,375.55,1182.3,2.36,1.0,0N90E
2007-10-04,2007,10,4,274.62,0.0,80.1,28.85,360.77,1137.03,1.03,0.0,0N90E
2007-10-05,2007,10,5,234.89,0.34,80.8,28.87,334.44,1136.11,5.31,3.0,0N90E
2007-10-06,2007,10,6,153.59,0.0,82.0,28.86,217.57,771.19,0.64,1.0,0N90E
2007-10-07,2007,10,7,187.31,0.0,80.8,28.85,250.83,1010.0,1.03,0.0,0N90E
2007-10-08,2007,10,8,254.75,0.15,80.5,29.04,365.85,1116.25,11.15,6.0,0N90E
2007-10-09,2007,10,9,63.05,0.1,83.9,28.74,76.22,276.0,2.16,2.0,0N90E
2007-10-10,2007,10,10,257.06,0.0,81.2,28.82,362.15,1155.51,0.84,0.0,0N90E
2007-10-11,2007,10,11,293.09,0.0,80.8,28.84,400.03,1116.71,0.49,0.0,0N90E
2007-10-12,2007,10,12,268.61,0.0,83.5,28.96,378.32,1200.78,3.49,1.0,0N90E
2007-10-13,2007,10,13,53.35,0.39,85.4,28.7,80.84,356.84,1.82,10.0,0N90E
2007-10-14,2007,10,14,276.0,0.0,79.3,29.01,374.16,1146.74,0.34,0.0,0N90E
2007-10-15,2007,10,15,296.79,0.44,82.0,29.11,391.25,1155.97,3.44,4.0,0N90E
2007-10-16,2007,10,16,55.2,2.51,86.5,28.7,86.84,336.51,13.32,21.0,0N90E
2007-10-17,2007,10,17,55.2,0.15,84.3,28.44,68.37,235.35,1.33,2.0,0N90E
2007-10-18,2007,10,18,273.69,0.0,80.1,28.49,353.84,1157.82,0.2,1.0,0N90E
2007-10-19,2007,10,19,245.98,0.49,84.3,28.79,370.47,1208.63,9.68,5.0,0N90E
2007-10-20,2007,10,20,108.32,0.15,83.9,28.58,145.97,626.14,2.95,5.0,0N90E
2007-10-21,2007,10,21,192.39,0.39,81.6,28.57,281.31,1083.45,2.51,5.0,0N90E
2007-10-22,2007,10,22,169.76,2.16,81.6,28.57,284.09,1194.78,16.02,15.0,0N90E
2007-10-23,2007,10,23,159.6,0.69,83.5,28.28,266.07,1301.02,5.5,10.0,0N90E
2007-10-24,2007,10,24,285.7,0.0,76.3,28.45,376.93,1087.15,1.97,0.0,0N90E
2007-10-25,2007,10,25,230.73,0.0,78.6,28.48,325.2,1250.67,0.98,0.0,0N90E
2007-10-26,2007,10,26,280.16,0.05,77.8,28.69,376.47,1210.48,3.34,1.0,0N90E
2007-10-27,2007,10,27,288.94,0.0,81.2,28.62,388.48,1236.35,2.85,0.0,0N90E
2007-10-28,2007,10,28,297.25,0.0,80.1,29.02,384.32,1119.48,1.72,0.0,0N90E
2007-10-29,2007,10,29,220.57,0.44,83.5,28.66,310.88,1193.39,6.19,3.0,0N90E
2007-10-30,2007,10,30,281.08,0.0,81.6,28.84,370.93,1057.12,0.49,0.0,0N90E
2007-10-31,2007,10,31,291.25,0.0,78.2,29.1,375.55,1137.03,0.93,0.0,0N90E
2007-11-01,2007,11,1,191.47,0.34,82.4,28.83,288.7,1350.45,4.08,5.0,0N90E
2007-11-02,2007,11,2,173.45,0.15,80.5,28.81,241.13,1109.78,2.06,4.0,0N90E
2007-11-03,2007,11,3,223.8,0.15,80.8,28.8,333.51,1269.61,1.82,3.0,0N90E
2007-11-04,2007,11,4,182.69,0.0,80.5,28.74,245.28,917.62,0.64,0.0,0N90E
2007-11-05,2007,11,5,187.77,0.49,86.5,28.77,291.01,1307.02,7.67,6.0,0N90E
2007-11-06,2007,11,6,245.51,-0.05,82.0,28.76,329.82,1335.66,2.41,1.0,0N90E
2007-11-07,2007,11,7,203.94,0.34,84.3,28.69,289.17,1234.96,4.37,4.0,0N90E
2007-11-08,2007,11,8,46.42,0.74,83.5,28.6,71.6,330.97,8.06,16.0,0N90E
2007-11-09,2007,11,9,195.16,0.15,82.0,28.58,273.92,1035.87,6.34,3.0,0N90E
2007-11-10,2007,11,10,170.68,0.49,84.3,28.61,314.11,1274.23,19.51,8.0,0N90E
2007-11-11,2007,11,11,204.4,0.15,83.5,28.57,291.48,1060.35,31.3,4.0,0N90E
2007-11-12,2007,11,12,201.63,0.25,83.9,28.55,342.75,1306.56,4.18,12.0,0N90E
2007-11-13,2007,11,13,268.61,0.0,80.8,28.55,361.69,1160.59,0.79,6.0,0N90E
2007-11-14,2007,11,14,113.87,0.88,86.5,28.53,191.24,1276.07,30.27,5.0,0N90E
2007-11-15,2007,11,15,286.16,0.0,82.4,28.88,376.47,1239.12,0.93,0.0,0N90E
2007-11-16,2007,11,16,290.78,0.0,81.6,28.92,376.47,1149.97,1.13,0.0,0N90E
2007-11-17,2007,11,17,304.18,0.0,82.0,28.86,391.71,1135.19,1.62,0.0,0N90E
2007-11-18,2007,11,18,286.16,0.0,77.8,29.08,382.94,1031.25,1.03,1.0,0N90E
2007-11-19,2007,11,19,298.17,0.39,80.8,29.03,383.86,1179.07,7.62,3.0,0N90E
2007-11-20,2007,11,20,282.01,0.0,78.6,29.09,370.0,1249.28,0.44,0.0,0N90E
2007-11-21,2007,11,21,273.23,0.1,79.7,29.17,370.0,1080.68,2.31,1.0,0N90E
2007-11-22,2007,11,22,303.26,0.0,76.7,29.36,385.71,1048.34,1.57,0.0,0N90E
2007-11-23,2007,11,23,284.78,-0.05,78.2,29.05,371.85,1150.89,0.69,0.0,0N90E
2007-11-24,2007,11,24,251.06,-0.05,79.3,28.92,336.28,1279.77,0.64,0.0,0N90E
2007-11-25,2007,11,25,272.31,0.0,80.1,29.0,354.76,1105.62,2.21,0.0,0N90E
2007-11-26,2007,11,26,290.32,0.0,81.2,28.88,380.63,1177.68,1.08,0.0,0N90E
2007-11-27,2007,11,27,293.09,0.44,83.1,28.8,386.63,1289.93,0.0,3.0,0N90E
2007-11-28,2007,11,28,206.71,0.39,84.3,28.68,291.01,1283.0,6.09,13.0,0N90E
2007-11-29,2007,11,29,97.24,2.11,86.9,28.56,157.98,870.5,51.65,7.0,0N90E
2007-11-30,2007,11,30,251.98,0.54,85.8,28.67,367.69,1169.83,6.54,4.0,0N90E
2007-12-01,2007,12,1,292.63,0.0,82.4,28.68,384.32,1119.48,2.26,0.0,0N90E
2007-12-02,2007,12,2,277.85,0.0,84.6,28.73,379.7,1242.82,1.33,0.0,0N90E
2007-12-03,2007,12,3,254.29,0.69,86.5,28.64,367.69,1303.33,21.18,4.0,0N90E
2007-12-04,2007,12,4,108.32,1.72,89.2,28.65,192.62,1232.19,49.34,17.0,0N90E
2007-12-05,2007,12,5,103.24,0.44,85.0,28.52,143.66,721.76,53.46,3.0,0N90E
2007-12-06,2007,12,6,276.0,0.0,80.5,28.7,362.61,1125.49,2.26,0.0,0N90E
2007-12-07,2007,12,7,289.4,0.2,80.8,28.92,372.78,1039.11,27.32,1.0,0N90E
2007-12-08,2007,12,8,204.86,0.98,88.1,28.79,304.87,1113.94,0.0,14.0,0N90E
2007-12-09,2007,12,9,58.9,3.98,91.1,28.61,98.85,330.51,31.65,29.0,0N90E
2007-12-10,2007,12,10,153.13,0.0,81.6,28.6,230.5,1051.58,0.74,0.0,0N90E
2007-12-11,2007,12,11,169.3,0.2,88.1,28.56,237.43,900.53,4.82,8.0,0N90E
2007-12-12,2007,12,12,161.44,0.0,83.9,28.52,221.73,715.76,0.69,0.0,0N90E
2007-12-13,2007,12,13,208.1,0.05,85.0,28.51,301.18,1300.56,2.9,2.0,0N90E
2007-12-14,2007,12,14,27.95,1.23,86.5,28.39,36.49,129.11,4.62,22.0,0N90E
2007-12-15,2007,12,15,226.11,0.0,82.0,28.5,301.64,1105.62,0.49,0.0,0N90E
2007-12-16,2007,12,16,225.65,0.0,80.8,28.78,326.58,1159.21,0.59,1.0,0N90E
2007-12-17,2007,12,17,284.32,0.0,79.7,29.03,367.23,1076.52,0.44,0.0,0N90E
2007-12-18,2007,12,18,275.08,0.0,79.7,29.03,353.84,1012.78,0.64,1.0,0N90E
2007-12-19,2007,12,19,282.01,0.0,79.3,29.06,370.47,1115.32,0.54,1.0,0N90E
2007-12-20,2007,12,20,252.91,0.0,78.9,29.2,329.82,1211.41,0.39,0.0,0N90E
2007-12-21,2007,12,21,149.9,0.2,83.5,29.0,211.1,1118.1,13.76,6.0,0N90E
2007-12-22,2007,12,22,73.68,0.64,88.4,28.66,119.64,715.29,0.0,8.0,0N90E
2007-12-23,2007,12,23,205.79,1.62,88.8,28.48,327.04,1283.47,16.36,22.0,0N90E
2007-12-24,2007,12,24,119.87,0.25,82.4,28.39,191.24,1008.16,1.23,8.0,0N90E
2007-12-25,2007,12,25,243.2,0.25,83.1,28.45,350.14,1120.41,16.12,2.0,0N90E
2007-12-26,2007,12,26,186.39,0.34,84.3,28.53,238.82,828.01,57.59,2.0,0N90E
2007-12-27,2007,12,27,276.46,0.93,83.9,28.48,366.31,1193.85,20.25,5.0,0N90E
2007-12-28,2007,12,28,88.92,0.74,82.0,28.4,144.58,640.0,41.96,4.0,0N90E
2007-12-29,2007,12,29,254.29,0.0,78.6,28.42,345.06,1136.57,2.11,2.0,0N90E
2007-12-30,2007,12,30,268.61,0.05,82.4,28.47,352.45,1031.72,4.18,0.0,0N90E
2007-12-31,2007,12,31,199.32,0.34,79.7,28.4,316.42,1098.69,39.56,2.0,0N90E
2008-01-01,2008,1,1,213.18,0.0,74.4,28.37,284.09,868.65,0.69,0.0,0N90E
2008-01-02,2008,1,2,277.39,0.0,73.6,28.72,375.09,1016.93,0.79,0.0,0N90E
2008-01-03,2008,1,3,280.16,0.0,74.4,29.15,361.69,1009.08,4.77,0.0,0N90E
2008-01-04,2008,1,4,264.45,0.0,77.4,28.76,349.68,1029.87,1.28,0.0,0N90E
2008-01-05,2008,1,5,254.75,0.0,78.9,28.55,338.59,979.52,2.01,0.0,0N90E
2008-01-06,2008,1,6,291.25,0.0,76.7,28.64,374.16,1053.89,2.8,0.0,0N90E
2008-01-07,2008,1,7,293.56,0.0,75.1,28.78,379.7,1155.05,1.33,0.0,0N90E
2008-01-08,2008,1,8,298.64,0.0,74.4,28.6,385.25,1049.27,1.62,0.0,0N90E
2008-01-09,2008,1,9,296.33,0.0,77.8,28.81,380.63,1187.85,2.36,0.0,0N90E
2008-01-10,2008,1,10,304.18,0.0,75.9,29.05,387.1,1078.37,5.65,0.0,0N90E
2008-01-11,2008,1,11,303.26,0.0,75.1,29.32,386.17,1025.25,1.62,0.0,0N90E
2008-01-12,2008,1,12,306.49,0.0,68.3,29.38,386.63,1023.4,0.84,0.0,0N90E
2008-01-13,2008,1,13,311.11,0.0,69.1,29.46,391.25,1039.57,2.16,0.0,0N90E
2008-01-14,2008,1,14,308.8,0.0,74.4,29.38,392.18,1081.6,1.23,0.0,0N90E
2008-01-15,2008,1,15,273.69,0.0,80.1,29.48,392.18,1109.32,1.82,1.0,0N90E
2008-01-16,2008,1,16,277.39,0.0,74.0,29.47,373.24,1137.96,7.76,0.0,0N90E
2008-01-17,2008,1,17,308.34,0.0,73.2,29.5,393.56,1036.8,0.39,0.0,0N90E
2008-01-18,2008,1,18,311.57,0.0,74.8,29.35,392.18,1041.88,1.87,0.0,0N90E
2008-01-19,2008,1,19,309.72,0.05,78.2,29.38,392.18,1076.98,0.84,1.0,0N90E
2008-01-20,2008,1,20,307.87,0.0,78.6,29.55,390.79,1133.34,1.28,0.0,0N90E
2008-01-21,2008,1,21,290.32,1.47,82.4,29.51,392.64,1294.55,10.47,7.0,0N90E
2008-01-22,2008,1,22,192.39,0.34,83.1,29.31,269.77,1271.92,13.07,6.0,0N90E
2008-01-23,2008,1,23,278.31,0.0,81.2,29.47,366.77,1178.61,1.77,0.0,0N90E
2008-01-24,2008,1,24,159.6,0.0,82.0,29.37,218.03,950.88,7.81,0.0,0N90E
2008-01-25,2008,1,25,205.79,0.54,85.8,29.57,325.66,1200.32,7.27,9.0,0N90E
2008-01-26,2008,1,26,187.77,0.54,85.8,29.5,292.86,1164.75,5.41,6.0,0N90E
2008-01-27,2008,1,27,65.36,1.43,90.7,29.27,118.72,533.76,3.78,26.0,0N90E
2008-01-28,2008,1,28,220.11,0.0,78.6,29.42,314.11,,0.44,0.0,0N90E
2008-01-29,2008,1,29,263.53,0.15,83.5,29.41,360.3,1173.53,2.26,5.0,0N90E
2008-01-30,2008,1,30,176.69,0.0,82.0,29.19,271.61,1177.22,1.87,1.0,0N90E
2008-01-31,2008,1,31,166.06,0.0,78.2,29.15,253.6,968.43,1.23,0.0,0N90E
2008-02-01,2008,2,1,232.12,0.0,80.8,29.15,327.97,1055.27,3.19,0.0,0N90E
2008-02-02,2008,2,2,130.03,0.0,80.1,29.04,182.92,1025.25,46.24,0.0,0N90E
2008-02-03,2008,2,3,271.38,0.0,77.4,29.15,361.23,1163.83,1.18,0.0,0N90E
2008-02-04,2008,2,4,295.4,0.0,74.0,29.59,393.56,1246.05,1.57,0.0,0N90E
2008-02-05,2008,2,5,269.53,0.0,75.5,29.59,364.92,1254.36,0.69,0.0,0N90E
2008-02-06,2008,2,6,291.71,0.0,75.1,29.7,382.94,1105.62,1.72,0.0,0N90E
2008-02-07,2008,2,7,239.51,0.34,82.4,29.31,335.82,1186.0,2.06,6.0,0N90E
2008-02-08,2008,2,8,102.78,0.0,78.6,28.99,138.12,674.65,0.54,0.0,0N90E
2008-02-09,2008,2,9,293.09,0.0,79.7,29.04,387.56,1105.16,2.11,0.0,0N90E
2008-02-10,2008,2,10,291.71,0.0,75.5,29.11,377.39,1276.54,1.28,0.0,0N90E
2008-02-11,2008,2,11,289.86,0.0,79.3,29.38,378.78,1089.92,1.62,0.0,0N90E
2008-02-12,2008,2,12,213.64,0.0,78.2,29.28,288.24,973.51,0.64,0.0,0N90E
2008-02-13,2008,2,13,281.08,0.0,75.1,29.54,382.94,1079.76,0.74,0.0,0N90E
2008-02-14,2008,2,14,245.05,0.0,78.2,29.4,352.45,1212.79,1.23,0.0,0N90E
2008-02-15,2008,2,15,207.64,0.0,77.8,29.37,274.38,1133.34,1.18,0.0,0N90E
2008-02-16,2008,2,16,284.32,0.0,72.5,29.66,370.47,1151.35,1.18,0.0,0N90E
2008-02-17,2008,2,17,283.85,0.0,73.2,29.8,372.78,1124.1,1.23,0.0,0N90E
2008-02-18,2008,2,18,249.21,0.0,74.8,29.72,357.07,1261.29,2.16,0.0,0N90E
2008-02-19,2008,2,19,220.57,0.15,79.3,29.71,309.95,1175.37,3.34,1.0,0N90E
2008-02-20,2008,2,20,191.01,0.05,80.5,29.42,279.0,1348.14,0.0,1.0,0N90E
2008-02-21,2008,2,21,146.66,0.84,83.9,29.32,198.63,803.52,8.35,3.0,0N90E
2008-02-22,2008,2,22,61.67,2.51,85.0,29.21,93.77,317.58,0.0,10.0,0N90E
2008-02-23,2008,2,23,272.77,0.05,78.6,29.38,377.86,1107.01,0.54,2.0,0N90E
2008-02-24,2008,2,24,124.03,0.39,79.7,29.23,182.46,904.69,4.67,4.0,0N90E
2008-02-25,2008,2,25,55.66,0.69,81.2,29.14,78.99,268.15,0.0,5.0,0N90E
2008-02-26,2008,2,26,247.82,0.0,73.2,29.3,334.9,1186.92,0.84,0.0,0N90E
2008-02-27,2008,2,27,292.63,0.0,72.1,29.56,383.86,1150.43,0.93,0.0,0N90E
2008-02-28,2008,2,28,258.45,0.0,70.6,29.69,356.15,1117.17,0.64,0.0,0N90E
2008-02-29,2008,2,29,295.86,0.0,75.9,29.68,387.1,1116.25,0.98,0.0,0N90E
2008-03-01,2008,3,1,142.04,0.1,80.8,29.31,262.84,1076.52,46.83,3.0,0N90E
2008-03-02,2008,3,2,63.05,0.1,78.9,29.25,85.92,374.85,1.38,3.0,0N90E
2008-03-03,2008,3,3,142.5,0.05,80.5,29.25,218.95,1064.97,2.01,1.0,0N90E
2008-03-04,2008,3,4,110.17,0.1,81.6,29.15,149.66,711.6,3.59,2.0,0N90E
2008-03-05,2008,3,5,248.75,0.0,79.3,29.12,359.84,1246.05,0.79,0.0,0N90E
2008-03-06,2008,3,6,61.21,0.29,83.9,29.01,82.69,349.45,46.34,10.0,0N90E
2008-03-07,2008,3,7,262.61,0.0,81.6,29.12,341.83,1116.71,0.39,1.0,0N90E
2008-03-08,2008,3,8,215.49,0.29,83.5,29.17,308.11,1275.15,3.44,13.0,0N90E
2008-03-09,2008,3,9,52.89,1.13,89.6,28.89,97.93,670.03,49.78,23.0,0N90E
2008-03-10,2008,3,10,161.91,0.93,83.1,28.94,226.81,819.69,14.0,11.0,0N90E
2008-03-11,2008,3,11,274.15,0.0,81.6,29.01,377.39,1187.38,1.13,0.0,0N90E
2008-03-12,2008,3,12,62.13,2.06,86.5,28.91,90.08,577.18,8.4,18.0,0N90E
2008-03-13,2008,3,13,120.79,0.25,81.6,28.86,196.78,914.39,2.26,7.0,0N90E
2008-03-14,2008,3,14,189.62,0.05,83.9,28.86,273.0,1125.49,2.11,2.0,0N90E
2008-03-15,2008,3,15,199.32,0.0,83.1,29.01,313.65,1207.25,2.41,0.0,0N90E
2008-03-16,2008,3,16,246.9,1.23,87.3,28.93,342.29,1337.97,6.09,14.0,0N90E
2008-03-17,2008,3,17,72.29,0.2,85.8,28.81,95.16,432.13,1.23,8.0,0N90E
2008-03-18,2008,3,18,236.74,0.0,74.8,28.81,307.64,1155.51,0.34,0.0,0N90E
2008-03-19,2008,3,19,313.42,0.0,78.9,29.12,401.42,1124.56,0.59,0.0,0N90E
2008-03-20,2008,3,20,315.27,0.0,77.0,29.22,406.96,1246.05,0.34,0.0,0N90E
2008-03-21,2008,3,21,313.88,-0.05,75.5,29.01,402.8,1176.3,0.29,0.0,0N90E
2008-03-22,2008,3,22,320.81,-0.05,75.1,29.03,410.19,1121.79,0.29,0.0,0N90E
2008-03-23,2008,3,23,330.51,0.0,75.1,29.15,413.43,1097.77,0.49,0.0,0N90E
2008-03-24,2008,3,24,305.1,-0.05,75.1,29.14,396.8,1239.58,0.59,0.0,0N90E
2008-03-25,2008,3,25,262.14,0.0,79.7,29.07,378.78,1221.11,0.34,1.0,0N90E
2008-03-26,2008,3,26,240.43,0.34,82.7,29.03,375.09,1252.05,0.0,5.0,0N90E
2008-03-27,2008,3,27,267.23,0.1,82.4,29.03,370.0,1346.75,1.18,1.0,0N90E
2008-03-28,2008,3,28,310.65,0.0,78.6,29.07,401.42,1253.9,1.72,0.0,0N90E
2008-03-29,2008,3,29,301.41,0.0,77.0,29.19,398.18,1184.15,1.72,0.0,0N90E
2008-03-30,2008,3,30,305.57,0.0,77.4,29.44,399.11,1186.92,0.69,0.0,0N90E
2008-03-31,2008,3,31,282.93,0.0,75.9,29.5,372.78,1229.42,1.28,0.0,0N90E
2008-04-01,2008,4,1,283.39,0.0,73.6,29.8,367.69,1152.28,0.98,0.0,0N90E
2008-04-02,2008,4,2,233.04,0.05,76.3,29.69,360.77,1329.66,1.08,1.0,0N90E
2008-04-03,2008,4,3,295.86,0.0,75.1,29.74,405.11,1166.14,2.6,0.0,0N90E
2008-04-04,2008,4,4,278.31,0.0,71.7,29.66,361.23,1116.25,4.67,0.0,0N90E
2008-04-05,2008,4,5,318.5,0.0,71.3,29.86,403.72,1078.83,2.95,0.0,0N90E
2008-04-06,2008,4,6,315.73,0.0,72.5,29.85,399.57,1070.52,1.57,0.0,0N90E
2008-04-07,2008,4,7,295.4,0.0,74.4,29.6,388.48,1111.63,1.67,0.0,0N90E
2008-04-08,2008,4,8,319.42,0.0,74.4,29.84,407.42,1188.31,0.98,0.0,0N90E
2008-04-09,2008,4,9,319.88,0.0,73.6,29.92,406.96,1082.07,3.24,0.0,0N90E
2008-04-10,2008,4,10,311.11,0.39,74.8,30.22,394.49,1067.28,5.55,1.0,0N90E
2008-04-11,2008,4,11,244.59,0.0,80.8,29.81,353.37,1109.32,2.41,1.0,0N90E
2008-04-12,2008,4,12,270.92,0.05,82.4,29.77,378.32,1304.25,1.57,1.0,0N90E
2008-04-13,2008,4,13,295.86,3.34,83.1,29.54,389.87,1131.03,56.85,11.0,0N90E
2008-04-14,2008,4,14,210.87,0.64,86.5,29.47,292.86,1064.51,0.0,12.0,0N90E
2008-04-15,2008,4,15,44.11,2.26,88.1,29.3,85.92,409.04,53.51,25.0,0N90E
2008-04-16,2008,4,16,141.58,1.47,87.3,29.23,212.95,1173.53,8.45,13.0,0N90E
2008-04-17,2008,4,17,127.26,0.15,83.1,29.15,223.11,1107.01,1.82,3.0,0N90E
2008-04-18,2008,4,18,33.49,1.13,88.1,29.07,48.5,318.96,37.54,18.0,0N90E
2008-04-19,2008,4,19,41.8,1.38,88.1,28.94,54.97,195.63,15.48,21.0,0N90E
2008-04-20,2008,4,20,158.67,0.2,84.6,28.85,223.11,822.92,1.18,7.0,0N90E
2008-04-21,2008,4,21,135.58,4.42,87.3,28.81,202.79,830.78,23.29,15.0,0N90E
2008-04-22,2008,4,22,185.93,6.29,83.9,28.85,275.77,1058.51,0.0,2.0,0N90E
2008-04-23,2008,4,23,142.04,9.09,85.8,28.83,214.33,984.6,0.0,10.0,0N90E
2008-04-24,2008,4,24,92.62,,88.1,28.74,143.2,698.67,34.25,9.0,0N90E
2008-04-25,2008,4,25,239.51,0.05,83.1,28.86,358.46,1230.81,1.03,1.0,0N90E
2008-04-26,2008,4,26,298.17,0.0,78.2,29.04,387.56,1143.96,1.87,0.0,0N90E
2008-04-27,2008,4,27,301.87,0.0,75.9,29.18,391.25,1266.84,0.59,0.0,0N90E
2008-04-28,2008,4,28,303.72,0.0,73.6,29.18,383.86,1152.28,0.64,0.0,0N90E
2008-04-29,2008,4,29,303.26,0.0,75.1,29.07,384.79,1139.34,0.64,0.0,0N90E
2008-04-30,2008,4,30,273.23,0.0,79.3,29.13,358.46,1161.05,0.93,0.0,0N90E
2008-05-01,2008,5,1,261.68,0.0,80.8,29.15,356.15,1146.27,0.88,0.0,0N90E
2008-05-02,2008,5,2,286.16,0.0,81.2,29.41,378.32,1167.06,1.43,1.0,0N90E
2008-05-03,2008,5,3,266.3,0.0,81.6,29.18,371.85,1030.33,0.88,0.0,0N90E
2008-05-04,2008,5,4,255.22,0.0,83.1,29.14,346.91,1106.55,2.01,0.0,0N90E
2008-05-05,2008,5,5,271.38,0.0,80.8,29.36,359.84,1039.57,1.67,0.0,0N90E
2008-05-06,2008,5,6,283.85,0.0,79.3,29.46,370.93,1085.3,0.54,0.0,0N90E
2008-05-07,2008,5,7,226.11,0.0,80.5,29.19,290.55,1076.98,0.59,0.0,0N90E
2008-05-08,2008,5,8,288.01,0.0,79.3,29.29,373.24,1192.93,1.52,0.0,0N90E
2008-05-09,2008,5,9,136.04,0.98,86.2,29.12,214.33,1131.49,4.23,13.0,0N90E
2008-05-10,2008,5,10,116.17,0.0,80.5,28.99,147.82,420.59,1.97,0.0,0N90E
2008-05-11,2008,5,11,239.51,0.0,80.8,29.12,317.81,1252.52,1.87,0.0,0N90E
2008-05-12,2008,5,12,289.86,0.0,80.1,29.22,371.39,1112.09,3.73,0.0,0N90E
2008-05-13,2008,5,13,236.28,-0.05,78.6,29.07,313.65,1191.08,1.67,0.0,0N90E
2008-05-14,2008,5,14,184.54,0.05,79.3,28.96,263.76,1196.62,1.38,2.0,0N90E
2008-05-15,2008,5,15,293.56,0.0,77.8,29.22,372.31,1058.51,1.28,0.0,0N90E
2008-05-16,2008,5,16,243.2,0.0,77.8,29.28,332.13,1161.52,2.65,0.0,0N90E
2008-05-17,2008,5,17,263.07,0.0,75.1,29.5,351.06,1064.51,2.26,0.0,0N90E
2008-05-18,2008,5,18,269.07,0.2,77.8,29.59,352.45,1013.7,2.51,3.0,0N90E
2008-05-19,2008,5,19,261.68,0.0,80.5,29.45,339.52,1020.63,1.52,0.0,0N90E
2008-05-20,2008,5,20,236.74,0.05,79.3,29.38,311.8,968.89,1.38,1.0,0N90E
2008-05-21,2008,5,21,272.77,0.0,77.4,29.37,351.53,1002.15,1.03,0.0,0N90E
2008-05-22,2008,5,22,250.13,0.0,80.5,29.49,336.75,1090.84,0.39,0.0,0N90E
2008-05-23,2008,5,23,258.45,,83.5,29.49,337.21,1121.33,0.0,10.0,0N90E
2008-05-24,2008,5,24,178.07,0.0,81.6,29.41,260.99,1193.39,1.33,16.0,0N90E
2008-05-25,2008,5,25,214.57,0.0,83.1,29.37,313.19,1090.38,0.0,12.0,0N90E
2008-05-26,2008,5,26,259.37,1.47,82.0,29.38,345.52,1253.9,43.34,1.0,0N90E
2008-05-27,2008,5,27,196.09,0.1,83.5,29.4,279.93,1168.91,3.83,2.0,0N90E
2008-05-28,2008,5,28,260.3,5.55,81.6,29.56,346.45,1110.7,0.0,2.0,0N90E
2008-05-29,2008,5,29,111.56,0.15,82.4,29.26,158.44,839.09,3.88,3.0,0N90E
2008-05-30,2008,5,30,248.29,0.0,77.8,29.43,322.89,961.5,1.57,0.0,0N90E
2008-05-31,2008,5,31,248.29,0.0,81.6,29.26,331.2,1080.22,3.59,0.0,0N90E
2008-06-01,2008,6,1,220.57,0.0,81.6,29.34,309.03,1090.38,2.36,0.0,0N90E
2008-06-02,2008,6,2,132.34,0.05,83.9,29.2,191.24,1062.2,35.72,2.0,0N90E
2008-06-03,2008,6,3,69.98,0.1,83.9,29.14,85.46,257.06,34.94,2.0,0N90E
2008-06-04,2008,6,4,258.45,0.34,80.1,29.59,332.59,1074.67,4.67,4.0,0N90E
2008-06-05,2008,6,5,63.52,0.69,85.8,29.17,94.23,356.38,5.95,7.0,0N90E
2008-06-06,2008,6,6,118.48,0.15,82.7,29.15,161.21,653.4,1.87,5.0,0N90E
2008-06-07,2008,6,7,213.18,0.0,80.5,29.2,278.54,975.82,0.64,0.0,0N90E
2008-06-08,2008,6,8,236.74,0.0,82.0,29.25,308.57,969.82,1.03,0.0,0N90E
2008-06-09,2008,6,9,271.38,0.0,78.6,29.62,352.45,1028.94,2.85,0.0,0N90E
2008-06-10,2008,6,10,259.37,0.0,79.3,29.4,340.44,1047.88,2.26,0.0,0N90E
2008-06-11,2008,6,11,199.78,-0.05,79.7,29.28,279.47,992.91,0.84,0.0,0N90E
2008-06-12,2008,6,12,260.3,0.0,78.6,29.31,345.06,1016.93,0.49,0.0,0N90E
2008-06-13,2008,6,13,226.11,0.0,78.6,29.41,292.86,932.86,2.16,0.0,0N90E
2008-06-14,2008,6,14,249.21,0.0,77.4,29.47,328.89,967.51,0.84,0.0,0N90E
2008-06-15,2008,6,15,253.83,0.0,78.9,29.46,343.21,1015.09,1.62,1.0,0N90E
2008-06-16,2008,6,16,265.38,0.0,78.2,29.5,340.44,1005.85,0.74,0.0,0N90E
2008-06-17,2008,6,17,69.06,,90.0,29.01,172.76,1090.84,0.0,22.0,0N90E
2008-06-18,2008,6,18,227.96,0.0,80.5,29.48,312.72,1085.76,0.93,0.0,0N90E
2008-06-19,2008,6,19,235.35,0.0,81.2,29.73,325.2,1117.63,2.65,0.0,0N90E
2008-06-20,2008,6,20,176.23,0.1,83.1,29.55,295.17,1117.17,3.98,1.0,0N90E
2008-06-21,2008,6,21,248.75,0.29,82.0,29.57,339.98,1058.97,33.17,2.0,0N90E
2008-06-22,2008,6,22,197.01,0.25,80.1,29.62,272.08,991.53,2.31,3.0,0N90E
2008-06-23,2008,6,23,208.1,0.0,76.7,29.61,285.47,1034.49,2.16,0.0,0N90E
2008-06-24,2008,6,24,206.25,0.0,81.2,29.59,280.39,1240.51,2.21,0.0,0N90E
2008-06-25,2008,6,25,188.24,0.0,75.9,29.55,253.6,1002.61,2.11,0.0,0N90E
2008-06-26,2008,6,26,247.82,0.0,78.6,29.74,326.58,1048.34,2.36,0.0,0N90E
2008-06-27,2008,6,27,206.71,0.0,82.0,29.53,280.85,1047.88,1.38,1.0,0N90E
2008-06-28,2008,6,28,266.76,0.84,83.5,29.63,346.45,1012.31,5.7,5.0,0N90E
2008-06-29,2008,6,29,226.11,0.0,83.1,29.6,303.95,1178.61,0.93,0.0,0N90E
2008-06-30,2008,6,30,255.22,0.0,74.4,29.84,331.66,1021.09,0.88,0.0,0N90E
2008-07-01,2008,7,1,278.77,0.0,76.7,29.68,354.76,1112.55,1.28,0.0,0N90E
2008-07-02,2008,7,2,257.06,0.0,75.5,29.81,333.05,1137.03,0.84,0.0,0N90E
2008-07-03,2008,7,3,159.13,0.0,80.5,29.5,228.19,856.64,0.79,0.0,0N90E
2008-07-04,2008,7,4,161.91,0.0,82.4,29.45,275.77,1256.67,2.6,0.0,0N90E
2008-07-05,2008,7,5,258.45,0.0,79.7,29.39,334.44,1064.05,2.16,1.0,0N90E
2008-07-06,2008,7,6,253.83,0.0,77.8,29.41,321.5,1009.08,0.54,0.0,0N90E
2008-07-07,2008,7,7,267.23,0.0,78.6,29.52,345.52,1079.29,1.03,0.0,0N90E
2008-07-08,2008,7,8,269.07,,79.7,29.7,344.6,961.96,40.88,14.0,0N90E
2008-07-09,2008,7,9,96.77,0.0,82.7,29.49,127.49,388.71,0.59,3.0,0N90E
2008-07-10,2008,7,10,191.47,,83.5,29.4,285.93,1014.16,28.06,8.0,0N90E
2008-07-11,2008,7,11,37.65,0.05,83.9,29.17,54.97,190.08,0.64,3.0,0N90E
2008-07-12,2008,7,12,62.13,,82.4,29.14,87.3,572.1,39.02,12.0,0N90E
2008-07-13,2008,7,13,127.72,0.05,80.5,29.04,177.38,834.93,1.28,1.0,0N90E
2008-07-14,2008,7,14,126.34,0.0,79.7,29.08,191.24,787.36,2.11,1.0,0N90E
2008-07-15,2008,7,15,245.05,0.05,79.3,29.23,324.27,1166.6,0.59,2.0,0N90E
2008-07-16,2008,7,16,86.61,0.29,84.3,29.04,121.49,484.79,3.19,5.0,0N90E
2008-07-17,2008,7,17,181.31,3.54,86.5,29.02,257.29,1063.13,29.78,19.0,0N90E
2008-07-18,2008,7,18,118.95,0.0,80.5,28.99,196.32,1056.2,1.28,2.0,0N90E
2008-07-19,2008,7,19,217.8,0.49,82.7,29.11,316.42,978.13,3.54,12.0,0N90E
2008-07-20,2008,7,20,141.58,0.0,81.2,28.94,200.01,853.87,2.41,22.0,0N90E
2008-07-21,2008,7,21,156.82,0.05,78.6,29.08,208.33,941.18,1.87,19.0,0N90E
2008-07-22,2008,7,22,277.85,0.05,80.5,28.82,371.39,1119.02,48.25,3.0,0N90E
2008-07-23,2008,7,23,241.82,7.67,83.5,28.72,344.14,1120.41,0.0,3.0,0N90E
2008-07-24,2008,7,24,173.92,0.34,83.9,28.57,253.14,988.76,4.18,7.0,0N90E
2008-07-25,2008,7,25,128.18,0.0,74.0,28.67,184.31,776.73,1.77,0.0,0N90E
2008-07-26,2008,7,26,237.2,0.0,75.1,28.66,321.96,1082.07,1.52,0.0,0N90E
2008-07-27,2008,7,27,246.9,0.0,75.9,28.64,323.81,1264.99,6.34,0.0,0N90E
2008-07-28,2008,7,28,290.32,0.0,80.1,28.65,370.47,1044.19,3.73,0.0,0N90E
2008-07-29,2008,7,29,266.3,0.0,80.8,28.68,354.3,1038.18,2.26,0.0,0N90E
2008-07-30,2008,7,30,286.16,0.0,78.6,28.72,364.46,1016.47,1.67,0.0,0N90E
2008-07-31,2008,7,31,277.39,0.25,82.0,28.74,357.53,1037.26,3.54,1.0,0N90E
2008-08-01,2008,8,1,274.62,0.1,82.7,28.79,357.53,1057.12,6.09,2.0,0N90E
2008-08-02,2008,8,2,257.52,0.0,80.8,28.77,340.44,1044.65,1.92,0.0,0N90E
2008-08-03,2008,8,3,272.77,0.0,80.1,28.84,355.22,1083.91,2.75,0.0,0N90E
2008-08-04,2008,8,4,263.99,,82.7,28.85,350.6,1090.84,50.37,0.0,0N90E
2008-08-05,2008,8,5,228.89,0.0,84.6,28.83,318.73,1101.47,1.08,0.0,0N90E
2008-08-06,2008,8,6,99.08,,86.5,28.7,171.84,1044.65,58.72,7.0,0N90E
2008-08-07,2008,8,7,47.81,,84.3,28.62,77.14,280.62,42.6,19.0,0N90E
2008-08-08,2008,8,8,292.63,-0.05,80.1,28.64,376.01,1072.36,1.23,0.0,0N90E
2008-08-09,2008,8,9,251.06,-0.05,83.5,28.7,352.45,1156.9,0.49,0.0,0N90E
2008-08-10,2008,8,10,284.32,0.0,83.9,28.76,374.16,1131.95,0.29,0.0,0N90E
2008-08-11,2008,8,11,278.77,0.0,83.5,28.8,364.92,1032.64,0.34,0.0,0N90E
2008-08-12,2008,8,12,286.63,-0.05,81.2,29.0,367.23,1159.21,0.59,0.0,0N90E
2008-08-13,2008,8,13,279.24,0.0,79.7,29.12,369.54,1076.52,0.79,0.0,0N90E
2008-08-14,2008,8,14,279.7,0.0,77.0,29.18,364.92,1034.49,1.18,0.0,0N90E
2008-08-15,2008,8,15,273.23,-0.05,80.5,29.04,361.23,1057.58,1.13,0.0,0N90E
2008-08-16,2008,8,16,287.09,-0.05,82.0,28.98,368.62,1060.82,0.93,0.0,0N90E
2008-08-17,2008,8,17,179.46,-0.05,81.6,28.9,225.88,909.3,0.74,0.0,0N90E
2008-08-18,2008,8,18,210.41,0.0,82.0,29.06,303.49,1226.19,1.62,0.0,0N90E
2008-08-19,2008,8,19,239.51,,80.5,29.38,355.22,1063.59,56.31,4.0,0N90E
2008-08-20,2008,8,20,125.88,0.0,83.9,28.87,183.39,888.98,0.84,0.0,0N90E
2008-08-21,2008,8,21,115.71,,84.6,28.75,191.24,1015.09,0.0,14.0,0N90E
2008-08-22,2008,8,22,229.81,0.0,82.7,28.86,319.65,1166.6,4.18,1.0,0N90E
2008-08-23,2008,8,23,205.79,0.0,78.6,28.91,285.01,1022.48,3.88,1.0,0N90E
2008-08-24,2008,8,24,209.48,0.74,82.4,29.06,279.0,1052.96,25.31,17.0,0N90E
2008-08-25,2008,8,25,178.54,0.74,85.8,28.93,267.46,1209.56,0.0,15.0,0N90E
2008-08-26,2008,8,26,121.72,0.93,84.3,28.84,176.46,764.72,7.52,10.0,0N90E
2008-08-27,2008,8,27,117.56,0.0,83.1,28.77,169.53,867.73,0.64,0.0,0N90E
2008-08-28,2008,8,28,179.0,0.2,85.4,28.72,286.86,1151.82,2.95,3.0,0N90E
2008-08-29,2008,8,29,90.77,0.54,88.8,28.61,134.42,656.17,4.42,4.0,0N90E
2008-08-30,2008,8,30,254.75,0.0,83.5,28.94,351.06,1228.03,1.52,1.0,0N90E
2008-08-31,2008,8,31,170.22,0.29,86.2,28.59,256.83,1250.21,2.9,6.0,0N90E
2008-09-01,2008,9,1,244.13,0.1,82.7,28.68,344.14,1209.56,5.01,2.0,0N90E
2008-09-02,2008,9,2,82.45,1.13,85.0,28.55,142.27,783.2,24.77,19.0,0N90E
2008-09-03,2008,9,3,97.7,0.0,82.0,28.66,132.11,633.07,0.49,0.0,0N90E
2008-09-04,2008,9,4,196.09,0.0,75.9,28.57,297.02,1335.66,1.62,0.0,0N90E
2008-09-05,2008,9,5,180.84,0.0,72.1,28.72,257.29,1380.93,1.67,0.0,0N90E
2008-09-06,2008,9,6,295.4,0.0,77.8,28.87,382.48,1104.7,0.44,0.0,0N90E
2008-09-07,2008,9,7,306.49,0.39,79.3,28.97,395.87,1083.91,3.93,3.0,0N90E
2008-09-08,2008,9,8,96.77,0.05,80.8,28.67,129.34,410.88,2.16,1.0,0N90E
2008-09-09,2008,9,9,286.16,0.0,78.6,29.26,382.48,1106.09,1.43,0.0,0N90E
2008-09-10,2008,9,10,108.32,0.25,83.9,28.71,157.52,780.89,7.17,4.0,0N90E
2008-09-11,2008,9,11,295.86,-0.05,81.6,28.82,391.71,1310.26,1.08,0.0,0N90E
2008-09-12,2008,9,12,264.92,,83.5,28.85,371.39,1164.29,0.0,1.0,0N90E
2008-09-13,2008,9,13,163.29,0.0,86.2,28.9,223.57,881.13,0.49,0.0,0N90E
2008-09-14,2008,9,14,169.3,,85.8,28.87,269.3,1008.16,42.01,12.0,0N90E
2008-09-15,2008,9,15,257.06,0.0,82.7,28.96,339.98,1088.07,4.72,0.0,0N90E
2008-09-16,2008,9,16,252.91,0.0,80.1,29.31,360.3,1252.52,5.16,0.0,0N90E
2008-09-17,2008,9,17,255.68,0.0,77.4,29.39,341.83,1197.55,2.31,0.0,0N90E
2008-09-18,2008,9,18,280.16,0.0,75.9,29.46,382.48,1186.46,1.97,0.0,0N90E
2008-09-19,2008,9,19,299.1,0.0,80.5,29.17,388.02,1163.36,1.47,0.0,0N90E
2008-09-20,2008,9,20,277.39,0.0,81.2,29.05,357.99,1086.22,2.75,0.0,0N90E
2008-09-21,2008,9,21,300.48,0.0,82.0,29.13,386.63,1183.23,2.8,1.0,0N90E
2008-09-22,2008,9,22,303.26,0.0,80.8,29.28,390.79,1058.51,4.28,0.0,0N90E
2008-09-23,2008,9,23,305.57,0.0,78.6,29.42,397.26,1149.97,0.34,0.0,0N90E
2008-09-24,2008,9,24,301.87,0.0,79.7,29.33,393.1,1122.25,0.79,0.0,0N90E
2008-09-25,2008,9,25,139.73,,85.0,29.15,201.4,1079.76,0.0,2.0,0N90E
2008-09-26,2008,9,26,258.45,0.0,81.6,29.2,393.1,1262.22,1.72,0.0,0N90E
2008-09-27,2008,9,27,172.99,0.15,86.2,28.92,248.98,1115.32,1.62,3.0,0N90E
2008-09-28,2008,9,28,175.3,0.69,80.8,28.85,319.65,1387.86,5.8,4.0,0N90E
2008-09-29,2008,9,29,204.4,0.0,77.8,28.9,273.0,1057.12,1.03,0.0,0N90E
2008-09-30,2008,9,30,226.58,0.0,79.7,28.92,304.87,986.45,1.33,0.0,0N90E
2008-10-01,2008,10,1,249.67,0.0,74.4,29.35,338.59,1137.03,2.75,0.0,0N90E
2008-10-02,2008,10,2,292.63,0.0,75.5,29.56,381.09,1189.23,2.16,0.0,0N90E
2008-10-03,2008,10,3,293.56,0.0,74.4,29.67,377.86,1216.02,0.79,0.0,0N90E
2008-10-04,2008,10,4,161.91,1.77,84.3,29.48,303.02,1340.28,0.0,13.0,0N90E
2008-10-05,2008,10,5,105.09,0.0,81.6,29.35,166.76,930.55,0.69,0.0,0N90E
2008-10-06,2008,10,6,207.64,0.0,79.3,29.34,277.16,909.3,1.03,0.0,0N90E
2008-10-07,2008,10,7,58.9,0.54,85.0,29.16,77.14,301.41,4.18,6.0,0N90E
2008-10-08,2008,10,8,281.08,0.84,84.3,29.39,382.48,1255.75,0.0,14.0,0N90E
2008-10-09,2008,10,9,36.72,7.17,91.5,29.14,54.05,203.94,0.0,37.0,0N90E
2008-10-10,2008,10,10,208.1,3.88,90.3,29.08,321.5,1312.57,8.85,30.0,0N90E
2008-10-11,2008,10,11,245.98,0.25,86.9,29.1,343.21,1218.8,1.08,6.0,0N90E
2008-10-12,2008,10,12,241.36,0.2,82.4,29.14,332.13,1284.85,1.82,3.0,0N90E
2008-10-13,2008,10,13,131.42,,85.4,29.19,194.93,698.67,46.73,5.0,0N90E
2008-10-14,2008,10,14,158.67,0.49,84.3,28.99,221.73,1065.44,25.75,4.0,0N90E
2008-10-15,2008,10,15,289.86,7.08,84.6,29.11,379.24,1048.81,0.0,3.0,0N90E
2008-10-16,2008,10,16,176.23,0.0,84.3,29.04,252.21,1095.46,2.51,0.0,0N90E
2008-10-17,2008,10,17,289.86,0.1,82.7,29.44,379.7,1201.24,2.16,4.0,0N90E
2008-10-18,2008,10,18,155.44,1.03,87.7,29.15,242.97,1163.83,4.67,19.0,0N90E
2008-10-19,2008,10,19,157.75,-0.05,80.8,29.06,226.81,902.84,1.18,0.0,0N90E
2008-10-20,2008,10,20,124.03,0.05,84.3,29.09,193.09,1098.23,1.23,3.0,0N90E
2008-10-21,2008,10,21,163.29,0.0,83.9,29.13,247.13,1220.18,1.43,0.0,0N90E
2008-10-22,2008,10,22,235.35,0.0,81.6,29.32,329.82,1369.85,1.08,0.0,0N90E
2008-10-23,2008,10,23,298.17,0.0,77.4,29.55,378.78,1043.73,1.43,0.0,0N90E
2008-10-24,2008,10,24,267.23,0.0,77.8,29.44,345.52,1101.47,4.13,0.0,0N90E
2008-10-25,2008,10,25,301.41,0.0,80.5,29.31,403.26,1197.55,0.84,0.0,0N90E
2008-10-26,2008,10,26,280.16,9.83,79.7,29.2,360.3,1265.45,38.38,4.0,0N90E
2008-10-27,2008,10,27,216.88,,82.7,29.05,367.69,,0.0,6.0,0N90E
2008-10-28,2008,10,28,300.95,0.0,78.2,29.45,391.71,1037.26,2.21,0.0,0N90E
2008-10-29,2008,10,29,225.65,0.0,79.7,29.39,312.72,1180.92,0.93,0.0,0N90E
2008-10-30,2008,10,30,191.01,0.0,82.7,29.06,286.4,1284.39,4.08,1.0,0N90E
2008-10-31,2008,10,31,43.65,1.13,87.7,28.69,72.06,403.49,5.6,20.0,0N90E
2008-11-01,2008,11,1,83.84,1.23,88.8,28.54,174.15,858.49,50.32,16.0,0N90E
2008-11-02,2008,11,2,215.49,0.1,84.3,28.57,288.24,,1.43,2.0,0N90E
2008-11-03,2008,11,3,247.82,0.0,81.6,28.65,335.82,1259.45,0.59,0.0,0N90E
2008-11-04,2008,11,4,299.56,0.0,79.3,28.96,382.94,1113.48,1.92,0.0,0N90E
2008-11-05,2008,11,5,274.15,0.15,83.5,29.04,377.39,1093.15,4.13,1.0,0N90E
2008-11-06,2008,11,6,271.84,4.37,86.2,28.94,376.01,1117.63,0.0,8.0,0N90E
2008-11-07,2008,11,7,76.91,1.43,90.7,28.9,116.41,465.85,55.08,17.0,0N90E
2008-11-08,2008,11,8,273.23,0.44,82.7,29.03,355.22,1144.43,5.21,5.0,0N90E
2008-11-09,2008,11,9,248.29,0.25,85.0,29.08,338.59,1078.83,2.51,4.0,0N90E
2008-11-10,2008,11,10,213.18,0.1,84.6,29.08,310.88,1116.71,3.1,1.0,0N90E
2008-11-11,2008,11,11,230.73,0.0,85.0,29.08,319.19,1207.25,1.82,2.0,0N90E
2008-11-12,2008,11,12,171.14,0.25,87.3,29.02,245.75,1155.05,3.24,5.0,0N90E
2008-11-13,2008,11,13,195.63,0.88,87.7,28.97,298.41,1151.82,6.09,20.0,0N90E
2008-11-14,2008,11,14,145.74,0.1,87.7,28.97,210.64,851.1,2.06,2.0,0N90E
2008-11-15,2008,11,15,65.82,0.49,85.4,28.93,91.92,549.0,5.5,4.0,0N90E
2008-11-16,2008,11,16,67.67,0.0,85.4,28.85,83.61,232.12,1.62,0.0,0N90E
2008-11-17,2008,11,17,202.56,0.39,86.2,28.91,271.61,1110.7,14.35,3.0,0N90E
2008-11-18,2008,11,18,136.5,0.0,85.0,28.83,207.41,998.92,1.82,0.0,0N90E
2008-11-19,2008,11,19,238.59,0.0,80.8,29.13,328.89,1071.9,0.74,0.0,0N90E
2008-11-20,2008,11,20,200.25,1.08,90.0,28.86,301.64,1294.09,55.97,20.0,0N90E
2008-11-21,2008,11,21,27.02,4.72,86.5,28.59,39.26,152.67,0.0,24.0,0N90E
2008-11-22,2008,11,22,226.58,0.2,83.9,28.61,315.03,1240.97,3.1,3.0,0N90E
2008-11-23,2008,11,23,134.65,0.25,86.2,28.58,204.17,868.19,3.54,4.0,0N90E
2008-11-24,2008,11,24,234.89,0.29,85.4,28.63,311.34,1071.9,1.92,7.0,0N90E
2008-11-25,2008,11,25,188.24,0.1,86.2,28.6,289.63,1143.04,1.57,2.0,0N90E
2008-11-26,2008,11,26,281.54,0.05,83.5,28.72,369.54,1105.16,1.52,0.0,0N90E
2008-11-27,2008,11,27,272.77,0.0,82.7,28.81,370.93,1091.77,0.54,0.0,0N90E
2008-11-28,2008,11,28,290.78,0.0,78.6,28.75,374.16,1078.83,0.88,0.0,0N90E
2008-11-29,2008,11,29,294.02,-0.05,80.5,28.71,375.55,1117.17,2.9,0.0,0N90E
2008-11-30,2008,11,30,191.01,0.05,86.2,28.54,257.29,1157.36,1.08,1.0,0N90E
2008-12-01,2008,12,1,108.32,2.8,91.5,28.47,172.3,939.79,56.95,21.0,0N90E
2008-12-02,2008,12,2,134.19,1.08,92.2,28.46,209.72,958.73,20.59,18.0,0N90E
2008-12-03,2008,12,3,168.83,0.64,90.0,28.39,265.15,1172.6,4.62,15.0,0N90E
2008-12-04,2008,12,4,126.8,0.44,88.1,28.24,191.24,818.77,2.85,10.0,0N90E
2008-12-05,2008,12,5,136.96,6.98,90.7,28.35,236.04,1147.66,0.0,24.0,0N90E
2008-12-06,2008,12,6,99.08,0.15,87.3,28.35,147.82,791.05,1.87,6.0,0N90E
2008-12-07,2008,12,7,192.85,0.0,82.4,28.39,270.23,866.81,3.88,0.0,0N90E
2008-12-08,2008,12,8,211.33,0.2,85.4,28.56,305.8,1097.77,2.36,2.0,0N90E
2008-12-09,2008,12,9,276.93,0.15,84.3,28.83,370.47,1211.41,1.67,3.0,0N90E
2008-12-10,2008,12,10,222.42,0.0,85.8,28.58,314.11,1034.02,0.79,0.0,0N90E
2008-12-11,2008,12,11,185.93,0.0,85.8,28.56,245.28,744.4,1.57,1.0,0N90E
2008-12-12,2008,12,12,126.8,0.0,86.9,28.49,175.07,674.65,0.79,0.0,0N90E
2008-12-13,2008,12,13,226.11,0.15,86.9,28.42,322.43,1105.16,2.36,2.0,0N90E
2008-12-14,2008,12,14,176.23,0.39,88.8,28.49,266.07,925.01,3.39,8.0,0N90E
2008-12-15,2008,12,15,194.7,0.0,85.0,28.47,258.22,859.42,2.65,1.0,0N90E
2008-12-16,2008,12,16,203.48,0.0,86.9,28.61,295.63,1215.1,0.98,0.0,0N90E
2008-12-17,2008,12,17,234.43,0.0,80.5,29.01,323.35,999.38,1.23,0.0,0N90E
2008-12-18,2008,12,18,259.37,0.0,78.9,29.25,343.67,1071.9,1.57,0.0,0N90E
2008-12-19,2008,12,19,254.29,0.0,81.2,29.24,353.84,1040.49,3.78,0.0,0N90E
2008-12-20,2008,12,20,212.26,0.1,86.5,29.22,335.82,1280.23,1.72,2.0,0N90E
2008-12-21,2008,12,21,255.22,0.05,86.5,29.05,342.29,1103.31,1.18,2.0,0N90E
2008-12-22,2008,12,22,160.06,1.13,87.7,28.96,250.83,1135.19,4.08,18.0,0N90E
2008-12-23,2008,12,23,143.89,3.69,92.2,28.81,230.96,1069.13,9.88,41.0,0N90E
2008-12-24,2008,12,24,154.05,0.05,82.7,28.62,226.34,893.6,2.7,3.0,0N90E
2008-12-25,2008,12,25,257.06,0.0,78.2,28.91,349.68,1033.1,1.33,0.0,0N90E
2008-12-26,2008,12,26,281.54,0.0,76.7,29.05,364.92,988.29,7.13,0.0,0N90E
2008-12-27,2008,12,27,174.84,0.39,87.3,28.53,272.54,1253.9,3.88,8.0,0N90E
2008-12-28,2008,12,28,139.27,0.0,82.7,28.36,196.32,740.24,2.31,0.0,0N90E
2008-12-29,2008,12,29,226.58,0.0,81.2,28.45,320.58,1221.11,1.72,0.0,0N90E
2008-12-30,2008,12,30,261.22,0.1,83.5,28.45,351.06,1104.7,1.92,1.0,0N90E
2008-12-31,2008,12,31,215.49,0.05,85.0,28.36,295.63,1116.25,1.72,1.0,0N90E
2009-01-01,2009,1,1,232.58,0.0,83.9,28.55,349.68,1139.81,2.41,0.0,0N90E
2009-01-02,2009,1,2,84.3,0.1,81.6,28.45,106.24,383.17,3.73,1.0,0N90E
2009-01-03,2009,1,3,202.56,0.05,79.3,28.49,307.18,1228.5,0.93,1.0,0N90E
2009-01-04,2009,1,4,272.31,0.0,77.8,28.52,361.23,1046.04,1.18,0.0,0N90E
2009-01-05,2009,1,5,230.27,0.0,73.2,28.55,307.64,1021.09,1.28,0.0,0N90E
2009-01-06,2009,1,6,291.71,0.0,78.2,28.67,376.01,992.45,1.43,0.0,0N90E
2009-01-07,2009,1,7,290.78,0.0,77.4,28.77,373.24,1076.52,3.49,0.0,0N90E
2009-01-08,2009,1,8,289.86,0.0,75.9,28.94,377.86,1140.73,4.08,0.0,0N90E
2009-01-09,2009,1,9,231.66,0.0,80.1,28.83,306.26,1345.36,2.51,0.0,0N90E
2009-01-10,2009,1,10,279.24,0.0,81.6,28.74,372.31,1051.58,0.88,0.0,0N90E
2009-01-11,2009,1,11,271.84,0.0,82.0,28.66,360.77,1041.88,1.03,0.0,0N90E
2009-01-12,2009,1,12,261.22,0.0,78.2,28.64,341.83,1107.47,7.52,0.0,0N90E
2009-01-13,2009,1,13,151.28,0.0,83.5,28.66,210.18,902.84,1.87,0.0,0N90E
2009-01-14,2009,1,14,264.45,0.0,79.7,29.16,355.68,1160.59,2.75,0.0,0N90E
2009-01-15,2009,1,15,279.7,0.0,80.8,29.19,363.08,1082.07,2.11,0.0,0N90E
2009-01-16,2009,1,16,248.29,0.0,85.0,28.94,336.75,1103.78,0.88,0.0,0N90E
2009-01-17,2009,1,17,233.97,0.0,82.4,29.0,340.9,1337.51,1.23,0.0,0N90E
2009-01-18,2009,1,18,253.83,0.0,82.4,29.04,350.14,1113.01,1.92,0.0,0N90E
2009-01-19,2009,1,19,251.52,0.0,82.7,28.98,339.98,1129.64,2.16,0.0,0N90E
2009-01-20,2009,1,20,191.47,0.0,85.4,28.87,282.24,1208.17,1.03,0.0,0N90E
2009-01-21,2009,1,21,243.2,0.0,88.1,28.74,340.9,1122.71,0.74,0.0,0N90E
2009-01-22,2009,1,22,123.1,0.0,87.3,28.63,210.18,1117.63,4.18,0.0,0N90E
2009-01-23,2009,1,23,82.45,0.0,79.3,28.6,120.1,456.62,1.03,0.0,0N90E
2009-01-24,2009,1,24,104.16,0.0,76.7,28.62,134.88,539.3,0.79,0.0,0N90E
2009-01-25,2009,1,25,238.12,0.0,78.6,28.98,327.51,1145.81,3.78,0.0,0N90E
2009-01-26,2009,1,26,196.55,0.0,80.8,28.85,267.46,1273.77,1.47,0.0,0N90E
2009-01-27,2009,1,27,194.7,0.0,85.8,28.71,254.06,920.85,1.97,0.0,0N90E
2009-01-28,2009,1,28,100.47,0.0,86.5,28.75,157.52,589.65,1.67,0.0,0N90E
2009-01-29,2009,1,29,90.77,0.0,82.7,28.76,125.64,429.82,1.77,0.0,0N90E
2009-01-30,2009,1,30,254.75,0.0,83.9,28.93,354.3,1294.09,0.69,0.0,0N90E
2009-01-31,2009,1,31,25.64,0.0,88.4,28.57,34.18,130.03,0.88,0.0,0N90E
2009-02-01,2009,2,1,226.11,0.0,83.1,28.71,309.03,1165.21,2.06,0.0,0N90E
2009-02-02,2009,2,2,148.05,0.0,85.0,28.59,223.11,789.2,1.43,0.0,0N90E
2009-02-03,2009,2,3,68.6,0.0,90.7,28.5,121.95,454.77,0.49,0.0,0N90E
2009-02-04,2009,2,4,203.48,0.0,81.2,28.51,309.03,1197.55,1.47,0.0,0N90E
2009-02-05,2009,2,5,310.65,0.0,77.4,28.67,402.8,1072.36,2.7,0.0,0N90E
2009-02-06,2009,2,6,200.71,0.0,78.2,28.6,248.06,778.58,1.33,0.0,0N90E
2009-02-07,2009,2,7,256.6,0.0,75.5,28.69,363.08,1153.2,2.06,0.0,0N90E
2009-02-08,2009,2,8,283.39,0.0,73.6,28.7,384.32,1091.77,1.92,0.0,0N90E
2009-02-09,2009,2,9,286.16,0.0,73.6,28.67,378.32,1179.99,1.13,0.0,0N90E
2009-02-10,2009,2,10,270.0,0.0,75.5,28.66,358.46,1088.53,2.21,0.0,0N90E
2009-02-11,2009,2,11,263.53,0.0,79.7,28.65,361.69,1107.47,1.92,0.0,0N90E
2009-02-12,2009,2,12,281.54,0.0,77.4,28.6,365.38,1103.78,1.62,0.0,0N90E
2009-02-13,2009,2,13,288.94,0.0,75.1,28.58,374.16,1111.17,1.57,0.0,0N90E
2009-02-14,2009,2,14,283.85,0.0,76.3,28.79,367.23,1104.7,2.75,0.0,0N90E
2009-02-15,2009,2,15,299.1,0.0,75.5,29.13,393.56,1167.52,2.01,0.0,0N90E
2009-02-16,2009,2,16,303.72,0.0,74.0,29.15,385.25,1039.11,1.38,0.0,0N90E
2009-02-17,2009,2,17,300.02,0.0,74.8,29.04,386.63,1039.57,0.84,0.0,0N90E
2009-02-18,2009,2,18,307.41,0.0,74.0,29.1,388.94,1044.65,0.74,0.0,0N90E
2009-02-19,2009,2,19,,,,29.11,,,,,0N90E
2009-02-20,2009,2,20,,,,29.59,,,,,0N90E
2009-02-21,2009,2,21,,,,29.67,,,,,0N90E
2009-02-22,2009,2,22,,,,29.69,,,,,0N90E
2009-02-23,2009,2,23,,,,29.44,,,,,0N90E
2009-02-24,2009,2,24,,,,29.27,,,,,0N90E
2009-02-25,2009,2,25,,,,29.28,,,,,0N90E
2009-02-26,2009,2,26,,,,29.13,,,,,0N90E
2009-02-27,2009,2,27,,,,29.04,,,,,0N90E
2009-02-28,2009,2,28,,,,29.0,,,,,0N90E
2009-03-01,2009,3,1,,,,29.06,,,,,0N90E
2009-03-02,2009,3,2,,,,28.99,,,,,0N90E
2009-03-03,2009,3,3,,,,29.19,,,,,0N90E
2009-03-04,2009,3,4,,,,28.94,,,,,0N90E
2009-03-05,2009,3,5,,,,29.21,,,,,0N90E
2009-03-06,2009,3,6,,,,29.22,,,,,0N90E
2009-03-07,2009,3,7,,,,29.16,,,,,0N90E
2009-03-08,2009,3,8,,,,29.11,,,,,0N90E
2009-03-09,2009,3,9,,,,29.54,,,,,0N90E
2009-03-10,2009,3,10,,,,29.77,,,,,0N90E
2009-03-11,2009,3,11,,,,29.72,,,,,0N90E
2009-03-12,2009,3,12,,,,29.68,,,,,0N90E
2009-03-13,2009,3,13,,,,29.8,,,,,0N90E
2009-03-14,2009,3,14,,,,29.5,,,,,0N90E
2009-03-15,2009,3,15,,,,29.34,,,,,0N90E
2009-03-16,2009,3,16,,,,29.52,,,,,0N90E
2009-03-17,2009,3,17,,,,29.63,,,,,0N90E
2009-03-18,2009,3,18,,,,29.44,,,,,0N90E
2009-03-19,2009,3,19,,,,29.69,,,,,0N90E
2009-07-31,2009,7,31,221.25,0.0,79.0,29.82,339.16,1098.22,0.19,1.4,0N90E
2009-08-01,2009,8,1,272.57,-0.04,77.8,29.64,364.02,1168.7,0.29,0.7,0N90E
2009-08-02,2009,8,2,246.73,-0.01,76.1,29.73,341.26,1206.35,0.27,0.7,0N90E
2009-08-03,2009,8,3,277.78,0.0,77.7,29.87,364.65,1002.78,0.23,0.7,0N90E
2009-08-04,2009,8,4,101.25,1.3,87.4,29.51,164.63,1029.05,3.92,16.7,0N90E
2009-08-05,2009,8,5,46.14,0.75,90.5,29.35,61.23,239.31,2.35,10.4,0N90E
2009-08-06,2009,8,6,231.39,0.02,81.0,29.49,312.24,1085.08,0.15,1.4,0N90E
2009-08-07,2009,8,7,173.75,0.53,81.7,29.47,276.88,1169.14,3.69,6.2,0N90E
2009-08-08,2009,8,8,155.17,0.07,80.8,29.42,251.0,903.85,0.57,2.1,0N90E
2009-08-09,2009,8,9,163.35,0.4,83.9,29.44,239.57,1032.55,2.23,6.3,0N90E
2009-08-10,2009,8,10,184.9,0.49,84.8,29.32,281.43,990.09,3.12,4.9,0N90E
2009-08-11,2009,8,11,243.33,0.59,89.2,29.35,354.17,1184.9,3.73,2.8,0N90E
2009-08-12,2009,8,12,24.74,8.06,96.6,28.93,44.6,188.53,17.83,50.0,0N90E
2009-08-13,2009,8,13,121.1,0.72,85.7,29.0,158.69,555.38,3.63,8.3,0N90E
2009-08-14,2009,8,14,222.48,0.0,88.4,29.11,318.88,1144.62,0.14,0.0,0N90E
2009-08-15,2009,8,15,267.54,0.0,82.6,29.27,357.13,1159.94,0.19,0.7,0N90E
2009-08-16,2009,8,16,265.85,0.19,85.4,29.27,361.52,1126.67,2.23,1.4,0N90E
2009-08-17,2009,8,17,235.51,0.02,83.0,28.96,347.34,1229.99,0.12,0.0,0N90E
2009-08-18,2009,8,18,267.64,0.02,80.9,28.94,360.56,1065.38,0.28,0.7,0N90E
2009-08-19,2009,8,19,118.3,0.1,79.8,29.05,172.37,790.46,0.43,4.9,0N90E
2009-08-20,2009,8,20,283.55,0.0,76.8,29.3,365.03,1119.67,0.14,0.0,0N90E
2009-08-21,2009,8,21,179.41,0.04,84.8,29.06,273.68,1125.8,0.18,0.7,0N90E
2009-08-22,2009,8,22,220.56,0.08,85.5,29.05,347.34,1340.3,0.73,2.1,0N90E
2009-08-23,2009,8,23,71.92,0.06,85.8,28.84,98.56,549.69,0.6,3.5,0N90E
2009-08-24,2009,8,24,116.67,0.11,86.7,28.8,180.45,1039.56,0.57,3.5,0N90E
2009-08-25,2009,8,25,246.86,1.22,88.3,28.99,354.56,1194.96,6.11,9.0,0N90E
2009-08-26,2009,8,26,129.61,0.0,84.2,28.99,185.14,941.49,0.27,1.4,0N90E
2009-08-27,2009,8,27,257.83,-0.02,82.4,29.14,380.46,1346.43,0.15,0.0,0N90E
2009-08-28,2009,8,28,183.86,-0.01,81.0,29.19,269.57,1232.61,0.14,0.7,0N90E
2009-08-29,2009,8,29,263.67,0.0,82.2,29.37,361.35,1135.87,0.18,0.7,0N90E
2009-08-30,2009,8,30,200.24,0.49,86.0,29.19,285.03,1250.12,3.64,4.2,0N90E
2009-08-31,2009,8,31,99.23,0.07,85.0,29.1,155.9,829.86,0.69,1.4,0N90E
2009-09-01,2009,9,1,189.29,0.0,79.0,29.04,281.21,1052.69,0.15,0.7,0N90E
2009-09-02,2009,9,2,312.28,-0.01,80.0,29.22,400.4,1101.72,0.16,0.7,0N90E
2009-09-03,2009,9,3,209.43,0.0,82.6,29.04,282.47,909.98,0.17,0.7,0N90E
2009-09-04,2009,9,4,291.79,-0.02,79.6,29.01,373.79,1322.36,0.15,0.0,0N90E
2009-09-05,2009,9,5,253.48,0.0,81.2,29.07,343.96,1118.35,0.14,0.7,0N90E
2009-09-06,2009,9,6,214.6,0.01,83.2,29.25,295.86,1029.05,0.26,1.4,0N90E
2009-09-07,2009,9,7,216.46,0.0,83.6,29.36,300.03,1163.45,0.15,0.0,0N90E
2009-09-08,2009,9,8,216.35,0.03,85.9,29.11,317.95,1293.03,0.19,1.4,0N90E
2009-09-09,2009,9,9,313.79,0.03,83.0,29.48,403.39,1131.49,0.4,0.7,0N90E
2009-09-10,2009,9,10,307.06,0.14,79.5,29.48,396.07,1179.64,1.04,2.8,0N90E
2009-09-11,2009,9,11,324.0,0.0,80.6,29.48,414.05,1174.83,0.16,0.7,0N90E
2009-09-12,2009,9,12,164.06,0.61,90.4,29.21,231.64,976.95,2.8,9.7,0N90E
2009-09-13,2009,9,13,45.13,0.79,90.2,28.97,60.96,207.35,2.54,14.3,0N90E
2009-09-14,2009,9,14,138.61,0.72,89.0,28.9,193.86,703.78,3.28,12.5,0N90E
2009-09-15,2009,9,15,137.73,0.03,83.2,28.81,226.87,1309.66,0.13,0.0,0N90E
2009-09-16,2009,9,16,284.9,0.17,85.9,28.82,402.18,1109.6,0.63,8.3,0N90E
2009-09-17,2009,9,17,268.19,0.26,84.7,28.8,374.95,1198.03,1.55,4.2,0N90E
2009-09-18,2009,9,18,253.38,0.24,86.1,28.84,368.25,1318.42,1.96,2.8,0N90E
2009-09-19,2009,9,19,268.67,-0.01,83.2,28.9,353.24,1262.82,0.12,0.7,0N90E
2009-09-20,2009,9,20,300.47,0.0,80.5,29.11,403.74,1223.86,0.17,0.7,0N90E
2009-09-21,2009,9,21,315.44,0.0,75.5,29.48,408.4,1111.79,0.17,0.7,0N90E
2009-09-22,2009,9,22,293.4,0.0,72.8,29.4,380.37,1186.65,0.2,0.7,0N90E
2009-09-23,2009,9,23,323.85,-0.01,74.4,29.44,412.41,1139.81,0.24,0.7,0N90E
2009-09-24,2009,9,24,285.69,-0.02,80.5,29.22,370.86,1363.51,0.2,0.7,0N90E
2009-09-25,2009,9,25,296.92,0.2,83.7,29.15,399.52,1272.01,1.44,4.2,0N90E
2009-09-26,2009,9,26,126.46,0.27,86.1,28.91,217.35,1137.18,1.66,4.9,0N90E
2009-09-27,2009,9,27,196.38,0.61,86.9,28.86,288.61,1252.75,4.04,3.5,0N90E
2009-09-28,2009,9,28,287.84,0.0,81.2,29.0,385.78,1166.07,0.17,0.7,0N90E
2009-09-29,2009,9,29,175.25,0.53,85.7,28.75,244.85,1147.69,3.48,3.5,0N90E
2009-09-30,2009,9,30,274.43,-0.01,77.8,28.83,363.75,1127.11,0.18,0.7,0N90E
2009-10-01,2009,10,1,270.81,0.82,85.1,28.89,391.16,1180.08,4.42,5.6,0N90E
2009-10-02,2009,10,2,296.1,-0.01,81.6,28.95,396.19,1130.61,0.13,0.7,0N90E
2009-10-03,2009,10,3,265.58,0.0,82.9,29.22,397.32,1110.04,0.19,0.7,0N90E
2009-10-04,2009,10,4,132.2,0.0,86.3,28.91,177.51,745.81,0.21,0.7,0N90E
2009-10-05,2009,10,5,214.41,-0.01,81.0,29.16,304.14,1252.31,0.16,0.7,0N90E
2009-10-06,2009,10,6,265.64,0.0,75.3,29.31,361.56,1318.85,0.16,0.7,0N90E
2009-10-07,2009,10,7,305.38,-0.02,78.0,29.29,391.1,1205.03,0.28,0.0,0N90E
2009-10-08,2009,10,8,308.39,0.0,76.8,29.22,392.43,1094.28,0.18,0.7,0N90E
2009-10-09,2009,10,9,293.97,-0.03,79.2,29.1,382.58,1183.58,0.15,0.0,0N90E
2009-10-10,2009,10,10,292.81,-0.06,78.8,29.1,383.2,1124.92,0.12,0.0,0N90E
2009-10-11,2009,10,11,273.37,-0.02,79.8,29.13,390.37,1290.84,0.13,0.7,0N90E
2009-10-12,2009,10,12,303.97,-0.02,79.2,29.06,402.98,1172.64,0.19,0.7,0N90E
2009-10-13,2009,10,13,320.73,-0.02,81.4,29.14,413.12,1183.58,0.21,0.7,0N90E
2009-10-14,2009,10,14,221.43,0.11,82.5,29.1,343.72,1211.16,0.7,3.5,0N90E
2009-10-15,2009,10,15,262.33,0.05,81.9,29.21,384.84,1244.87,0.51,2.8,0N90E
2009-10-16,2009,10,16,302.77,-0.01,78.9,29.72,398.23,1162.57,0.14,0.7,0N90E
2009-10-17,2009,10,17,105.72,-0.01,84.1,29.3,132.88,470.89,0.18,0.7,0N90E
2009-10-18,2009,10,18,200.97,0.02,82.6,29.34,312.44,1156.0,0.35,1.4,0N90E
2009-10-19,2009,10,19,260.17,0.47,85.5,29.37,353.9,1448.0,3.71,4.2,0N90E
2009-10-20,2009,10,20,77.37,0.09,88.1,29.22,104.06,391.22,0.56,4.2,0N90E
2009-10-21,2009,10,21,252.99,-0.01,74.8,29.32,330.02,1205.47,0.22,0.7,0N90E
2009-10-22,2009,10,22,272.89,0.26,78.1,29.75,387.26,1099.09,1.95,2.8,0N90E
2009-10-23,2009,10,23,94.33,0.12,86.7,29.29,152.73,822.42,0.64,2.8,0N90E
2009-10-24,2009,10,24,263.92,0.0,76.0,29.59,357.34,1158.63,0.17,0.7,0N90E
2009-10-25,2009,10,25,214.95,0.0,80.3,29.39,282.98,1011.98,0.22,0.7,0N90E
2009-10-26,2009,10,26,289.85,0.77,81.3,29.62,397.82,1116.6,4.23,4.9,0N90E
2009-10-27,2009,10,27,181.01,0.53,84.6,29.47,274.08,1166.95,2.62,6.2,0N90E
2009-10-28,2009,10,28,233.49,0.0,78.4,29.55,317.86,1161.69,0.17,0.7,0N90E
2009-10-29,2009,10,29,279.89,0.0,75.5,29.85,378.84,1284.71,0.22,0.7,0N90E
2009-10-30,2009,10,30,310.7,0.0,74.5,30.08,398.52,1106.97,0.22,0.7,0N90E
2009-10-31,2009,10,31,314.99,-0.02,77.8,30.03,398.5,1265.88,0.22,0.0,0N90E
2009-11-01,2009,11,1,157.89,1.58,86.7,29.93,227.17,1205.91,4.5,23.6,0N90E
2009-11-02,2009,11,2,284.82,0.0,77.6,30.03,402.3,1214.66,0.1,0.0,0N90E
2009-11-03,2009,11,3,282.61,0.0,77.4,30.13,376.87,1102.16,0.13,0.7,0N90E
2009-11-04,2009,11,4,151.32,1.41,87.1,29.65,268.24,1314.48,4.01,16.7,0N90E
2009-11-05,2009,11,5,234.14,0.49,84.1,29.91,339.83,1215.98,2.72,5.6,0N90E
2009-11-06,2009,11,6,253.94,0.12,81.5,29.94,342.78,1231.74,0.89,2.8,0N90E
2009-11-07,2009,11,7,161.9,0.05,86.6,29.75,202.54,969.51,0.25,1.4,0N90E
2009-11-08,2009,11,8,178.56,0.06,85.5,29.84,286.25,1286.9,0.33,2.8,0N90E
2009-11-09,2009,11,9,246.95,0.49,89.3,29.65,329.3,1174.39,1.4,16.0,0N90E
2009-11-10,2009,11,10,117.1,0.43,94.7,29.37,172.09,765.07,1.37,12.5,0N90E
2009-11-11,2009,11,11,198.13,0.0,82.2,29.27,267.06,1042.18,0.21,0.7,0N90E
2009-11-12,2009,11,12,240.57,0.04,82.0,29.46,334.11,1173.51,0.4,2.8,0N90E
2009-11-13,2009,11,13,204.33,0.19,83.1,29.3,278.26,1218.17,1.03,4.2,0N90E
2009-11-14,2009,11,14,242.6,0.02,78.3,29.32,353.07,1188.84,0.29,0.7,0N90E
2009-11-15,2009,11,15,216.81,-0.01,79.4,29.29,300.66,1206.35,0.29,0.7,0N90E
2009-11-16,2009,11,16,75.96,0.56,75.0,29.25,136.38,715.17,1.91,12.5,0N90E
2009-11-17,2009,11,17,300.81,-0.01,73.1,29.59,394.07,1089.46,0.12,0.0,0N90E
2009-11-18,2009,11,18,245.71,-0.01,77.3,29.35,357.55,1363.94,0.19,1.4,0N90E
2009-11-19,2009,11,19,275.65,-0.02,74.5,29.27,370.06,1179.2,0.18,0.7,0N90E
2009-11-20,2009,11,20,284.86,0.37,81.1,29.21,382.54,1127.99,2.79,4.2,0N90E
2009-11-21,2009,11,21,197.88,0.0,79.1,29.16,316.26,1302.66,0.29,1.4,0N90E
2009-11-22,2009,11,22,309.31,-0.03,76.7,29.12,401.86,1070.2,0.17,0.7,0N90E
2009-11-23,2009,11,23,258.46,-0.04,74.8,29.11,351.78,1173.51,0.16,0.0,0N90E
2009-11-24,2009,11,24,297.03,-0.03,75.5,29.11,383.74,1085.96,0.16,0.7,0N90E
2009-11-25,2009,11,25,279.22,1.84,90.1,29.18,384.47,1085.96,5.96,20.9,0N90E
2009-11-26,2009,11,26,142.18,0.5,86.4,29.05,228.25,1458.5,2.34,9.7,0N90E
2009-11-27,2009,11,27,92.95,0.42,87.0,28.98,162.45,860.07,1.44,11.8,0N90E
2009-11-28,2009,11,28,143.49,0.71,89.3,28.93,242.72,1390.65,2.52,9.7,0N90E
2009-11-29,2009,11,29,248.96,0.0,82.6,29.0,343.9,1099.53,0.18,0.7,0N90E
2009-11-30,2009,11,30,272.95,0.34,83.0,29.1,376.81,1162.13,2.1,5.6,0N90E
2009-12-01,2009,12,1,273.11,-0.01,83.1,29.16,369.2,1105.22,0.18,0.7,0N90E
2009-12-02,2009,12,2,220.29,0.18,90.0,29.17,372.73,1318.42,0.73,7.6,0N90E
2009-12-03,2009,12,3,242.86,-0.02,81.5,29.13,321.2,1251.44,0.19,0.7,0N90E
2009-12-04,2009,12,4,266.12,0.02,81.1,29.21,372.7,1187.08,0.31,2.1,0N90E
2009-12-05,2009,12,5,284.85,0.09,83.2,29.32,373.02,1134.55,0.73,3.5,0N90E
2009-12-06,2009,12,6,123.87,0.22,84.9,29.22,206.14,1051.38,1.67,2.8,0N90E
2009-12-07,2009,12,7,194.78,0.26,86.6,29.23,308.2,1223.42,1.04,8.3,0N90E
2009-12-08,2009,12,8,243.44,-0.02,85.0,29.14,336.4,1107.85,0.14,0.0,0N90E
2009-12-09,2009,12,9,302.3,0.0,82.5,29.25,396.85,1225.61,0.15,0.7,0N90E
2009-12-10,2009,12,10,227.46,0.0,83.7,29.44,305.49,1161.69,0.19,0.7,0N90E
2009-12-11,2009,12,11,289.55,0.04,79.9,29.29,379.34,1118.35,0.57,2.1,0N90E
2009-12-12,2009,12,12,286.13,0.0,78.1,29.76,369.49,1082.9,0.21,0.7,0N90E
2009-12-13,2009,12,13,274.92,-0.01,75.7,30.02,366.13,1019.86,0.18,0.0,0N90E
2009-12-14,2009,12,14,270.14,0.0,76.6,29.98,357.66,1096.03,0.13,0.7,0N90E
2009-12-15,2009,12,15,287.95,-0.03,81.0,29.82,368.95,1215.98,0.13,0.7,0N90E
2009-12-16,2009,12,16,289.37,0.26,77.7,29.92,377.01,1128.42,2.04,4.9,0N90E
2009-12-17,2009,12,17,27.97,3.85,87.3,29.28,42.8,218.73,13.52,22.2,0N90E
2009-12-18,2009,12,18,277.52,0.11,78.1,29.45,365.97,1069.32,0.75,3.5,0N90E
2009-12-19,2009,12,19,191.47,0.08,79.4,29.28,252.0,931.86,0.65,2.1,0N90E
2009-12-20,2009,12,20,294.2,0.0,80.8,29.43,379.97,1039.56,0.17,0.7,0N90E
2009-12-21,2009,12,21,292.97,0.0,81.1,29.47,376.1,1127.11,0.18,0.7,0N90E
2009-12-22,2009,12,22,286.61,0.0,78.2,29.67,376.15,1077.2,0.22,0.7,0N90E
2009-12-23,2009,12,23,288.45,1.5,80.5,29.87,367.47,1102.16,7.56,8.3,0N90E
2009-12-24,2009,12,24,225.34,0.0,82.2,29.78,340.92,1126.67,0.2,0.7,0N90E
2009-12-25,2009,12,25,184.73,0.0,80.5,29.63,231.35,1032.11,0.22,0.7,0N90E
2009-12-26,2009,12,26,107.56,0.68,88.0,29.3,159.53,989.65,2.96,11.1,0N90E
2009-12-27,2009,12,27,125.59,0.3,86.3,29.04,230.77,1129.3,1.25,7.6,0N90E
2009-12-28,2009,12,28,159.85,1.26,85.4,28.99,234.37,1018.1,4.11,17.4,0N90E
2009-12-29,2009,12,29,161.59,0.02,84.2,28.98,228.54,963.82,0.25,1.4,0N90E
2009-12-30,2009,12,30,198.36,0.02,84.8,28.82,275.77,954.63,0.22,2.1,0N90E
2009-12-31,2009,12,31,155.44,0.45,90.3,28.73,219.47,1077.64,1.07,17.4,0N90E
2010-01-01,2010,1,1,264.71,0.32,82.1,28.7,357.9,1063.2,1.52,4.9,0N90E
2010-01-02,2010,1,2,68.65,0.53,87.2,28.75,93.5,419.23,1.97,13.2,0N90E
2010-01-03,2010,1,3,197.11,-0.02,80.8,28.75,251.93,976.95,0.15,0.7,0N90E
2010-01-04,2010,1,4,227.65,-0.02,78.5,28.7,315.73,1194.96,0.17,0.7,0N90E
2010-01-05,2010,1,5,284.14,0.06,80.5,28.88,378.46,1147.25,0.52,2.8,0N90E
2010-01-06,2010,1,6,172.5,0.1,81.0,28.95,270.81,1180.52,1.03,2.8,0N90E
2010-01-07,2010,1,7,276.4,-0.01,80.7,29.23,356.39,1020.29,0.15,0.7,0N90E
2010-01-08,2010,1,8,277.71,-0.02,81.3,29.22,358.65,1063.63,0.21,0.7,0N90E
2010-01-09,2010,1,9,269.27,-0.03,80.5,29.32,353.41,1139.37,0.2,0.0,0N90E
2010-01-10,2010,1,10,272.21,-0.01,77.2,29.59,362.36,1123.61,0.15,0.7,0N90E
2010-01-11,2010,1,11,275.97,0.18,80.6,29.24,382.27,1077.2,1.48,3.5,0N90E
2010-01-12,2010,1,12,257.82,0.07,79.2,29.2,350.18,1205.91,0.92,1.4,0N90E
2010-01-13,2010,1,13,92.04,0.35,82.4,29.08,135.09,709.91,1.99,4.2,0N90E
2010-01-14,2010,1,14,218.08,0.04,77.6,29.1,333.14,1142.43,0.46,0.7,0N90E
2010-01-15,2010,1,15,251.0,-0.03,78.7,29.24,333.64,1040.87,0.11,0.0,0N90E
2010-01-16,2010,1,16,260.94,0.14,82.7,29.24,389.36,1319.73,1.08,3.5,0N90E
2010-01-17,2010,1,17,96.04,0.04,84.4,29.07,145.23,567.2,0.27,1.4,0N90E
2010-01-18,2010,1,18,219.33,-0.03,82.4,29.03,304.29,1145.06,0.12,0.7,0N90E
2010-01-19,2010,1,19,138.64,0.26,85.8,28.98,229.77,945.87,1.99,12.5,0N90E
2010-01-20,2010,1,20,193.26,0.13,83.0,28.92,290.68,1038.24,0.93,5.6,0N90E
2010-01-21,2010,1,21,236.73,0.05,81.4,28.95,336.47,1125.8,0.63,2.1,0N90E
2010-01-22,2010,1,22,228.52,0.0,77.0,28.9,328.46,1141.99,0.2,0.7,0N90E
2010-01-23,2010,1,23,278.31,-0.01,77.7,29.04,379.14,1110.47,0.2,0.7,0N90E
2010-01-24,2010,1,24,213.8,0.0,74.0,29.33,273.64,1333.74,0.21,0.7,0N90E
2010-01-25,2010,1,25,299.36,-0.01,70.6,29.49,385.52,1041.31,0.22,0.0,0N90E
2010-01-26,2010,1,26,299.67,0.0,72.2,29.69,380.54,1062.76,0.16,0.7,0N90E
2010-01-27,2010,1,27,299.99,0.0,72.4,29.68,385.73,1144.18,0.18,0.7,0N90E
2010-01-28,2010,1,28,271.48,0.05,79.5,29.67,375.54,1179.2,0.44,2.1,0N90E
2010-01-29,2010,1,29,281.02,0.03,83.4,29.59,394.17,1102.59,0.28,1.4,0N90E
2010-01-30,2010,1,30,310.8,0.0,74.6,29.85,395.15,1053.13,0.2,0.7,0N90E
2010-01-31,2010,1,31,300.59,0.0,80.5,29.64,384.81,1157.32,0.19,0.7,0N90E
2010-02-01,2010,2,1,290.1,0.0,79.9,29.43,378.81,1127.99,0.2,0.7,0N90E
2010-02-02,2010,2,2,260.95,0.0,78.8,29.61,368.12,1153.81,0.23,0.7,0N90E
2010-02-03,2010,2,3,293.01,0.0,73.6,30.03,384.87,1079.39,0.27,0.7,0N90E
2010-02-04,2010,2,4,224.81,0.31,77.0,30.15,305.68,888.52,2.43,2.8,0N90E
2010-02-05,2010,2,5,310.04,-0.01,75.5,30.34,395.68,1070.2,0.19,0.0,0N90E
2010-02-06,2010,2,6,292.3,0.0,78.3,30.54,389.41,1092.53,0.15,0.7,0N90E
2010-02-07,2010,2,7,301.01,0.96,77.8,30.57,394.66,1207.22,6.56,4.2,0N90E
2010-02-08,2010,2,8,288.55,0.27,82.4,30.72,400.48,1321.92,1.95,4.2,0N90E
2010-02-09,2010,2,9,273.39,0.24,84.3,30.31,382.42,1198.47,1.45,5.6,0N90E
2010-02-10,2010,2,10,235.82,0.0,83.5,30.04,348.77,1325.42,0.43,3.5,0N90E
2010-02-11,2010,2,11,219.84,0.13,84.5,30.07,311.8,1115.29,0.62,6.2,0N90E
2010-02-12,2010,2,12,304.45,-0.01,79.6,30.49,401.12,1345.56,0.26,0.7,0N90E
2010-02-13,2010,2,13,295.13,-0.01,78.4,30.41,398.97,1236.99,0.18,0.7,0N90E
2010-02-14,2010,2,14,23.73,0.8,90.8,29.88,40.54,192.03,2.64,16.7,0N90E
2010-02-15,2010,2,15,79.58,0.0,81.8,29.67,120.02,385.96,0.12,0.7,0N90E
2010-02-16,2010,2,16,319.69,0.0,76.7,30.03,406.16,1243.56,0.19,0.7,0N90E
2010-02-17,2010,2,17,278.76,0.0,75.9,30.38,377.88,1256.69,0.24,0.7,0N90E
2010-02-18,2010,2,18,290.22,-0.01,81.8,30.07,403.44,1175.26,0.18,0.0,0N90E
2010-02-19,2010,2,19,30.24,3.54,92.2,29.65,48.58,226.18,11.81,23.6,0N90E
2010-02-20,2010,2,20,197.17,0.01,84.9,29.62,284.71,1453.25,0.17,0.7,0N90E
2010-02-21,2010,2,21,238.2,-0.02,82.7,29.55,361.49,1328.05,0.18,0.0,0N90E
2010-02-22,2010,2,22,296.92,0.09,80.8,29.66,393.22,1141.12,0.69,2.8,0N90E
2010-02-23,2010,2,23,317.3,0.0,80.0,29.99,413.51,1230.86,0.2,0.7,0N90E
2010-02-24,2010,2,24,295.55,0.0,81.5,29.94,389.87,1168.26,0.15,0.7,0N90E
2010-02-25,2010,2,25,308.36,0.0,80.8,30.22,406.12,1185.33,0.16,0.7,0N90E
2010-02-26,2010,2,26,294.78,-0.01,82.4,30.02,398.0,1214.23,0.17,0.7,0N90E
2010-02-27,2010,2,27,294.79,0.32,85.8,30.0,389.58,1243.56,2.7,2.1,0N90E
2010-02-28,2010,2,28,,0.45,89.5,30.16,,,1.41,14.1,0N90E
2010-03-01,2010,3,1,187.37,-0.01,85.8,30.01,255.85,914.35,0.08,0.0,0N90E
2010-03-02,2010,3,2,,0.01,86.3,29.88,,,0.09,0.0,0N90E
2010-03-03,2010,3,3,241.54,0.01,83.5,29.9,335.18,1172.2,0.12,0.7,0N90E
2010-03-04,2010,3,4,212.1,0.0,85.5,29.93,323.6,1152.94,0.17,0.7,0N90E
2010-03-05,2010,3,5,164.41,0.27,88.3,29.87,272.59,1325.86,1.19,7.6,0N90E
2010-03-06,2010,3,6,135.54,1.49,91.2,29.78,285.5,1327.17,6.74,12.5,0N90E
2010-03-07,2010,3,7,301.86,-0.01,79.2,29.76,403.85,1136.74,0.15,0.7,0N90E
2010-03-08,2010,3,8,161.95,0.01,77.5,29.76,217.27,845.62,0.24,0.7,0N90E
2010-03-09,2010,3,9,145.35,0.22,82.0,29.75,203.37,977.83,1.21,4.2,0N90E
2010-03-10,2010,3,10,294.77,-0.02,78.3,29.95,402.5,1266.32,0.17,0.7,0N90E
2010-03-11,2010,3,11,313.53,-0.02,77.2,29.99,402.19,1165.2,0.12,0.0,0N90E
2010-03-12,2010,3,12,312.79,0.0,74.5,30.53,400.13,1189.27,0.08,0.0,0N90E
2010-03-13,2010,3,13,241.37,0.31,79.3,30.27,371.02,1226.05,1.8,5.6,0N90E
2010-03-14,2010,3,14,,0.0,82.2,30.18,,,0.14,0.0,0N90E
2010-03-15,2010,3,15,242.24,0.01,82.1,30.2,356.01,1310.54,0.15,0.7,0N90E
2010-03-16,2010,3,16,76.27,0.24,87.7,30.03,129.59,838.62,0.62,9.2,0N90E
2010-03-17,2010,3,17,226.66,-0.03,82.5,30.04,318.88,1206.35,0.14,0.0,0N90E
2010-03-18,2010,3,18,213.0,2.73,85.9,30.09,297.99,1240.49,9.45,15.3,0N90E
2010-03-19,2010,3,19,281.34,-0.01,80.2,30.32,391.64,1170.01,0.2,0.7,0N90E
2010-03-20,2010,3,20,316.98,0.0,76.8,30.29,408.98,1126.67,0.14,0.7,0N90E
2010-03-21,2010,3,21,290.92,-0.01,79.2,30.24,394.66,1077.64,0.14,0.7,0N90E
2010-03-22,2010,3,22,282.96,0.03,79.1,30.35,391.85,1282.96,0.23,1.4,0N90E
2010-03-23,2010,3,23,189.62,0.0,82.2,30.22,254.78,1050.5,0.2,0.7,0N90E
2010-03-24,2010,3,24,153.45,0.63,85.1,30.11,300.66,1260.63,2.31,11.1,0N90E
2010-03-25,2010,3,25,167.01,0.0,79.1,29.99,256.76,1154.25,0.15,0.7,0N90E
2010-03-26,2010,3,26,200.0,-0.01,81.7,30.1,268.57,1037.37,0.21,0.7,0N90E
2010-03-27,2010,3,27,90.74,0.62,85.1,29.97,144.75,578.14,2.97,9.7,0N90E
2010-03-28,2010,3,28,40.1,1.42,85.7,29.84,58.72,210.42,3.34,20.8,0N90E
2010-03-29,2010,3,29,294.33,0.0,77.4,30.2,387.53,1189.71,0.1,0.0,0N90E
2010-03-30,2010,3,30,301.76,0.01,77.0,30.22,391.23,1259.32,0.26,1.4,0N90E
2010-03-31,2010,3,31,254.39,0.09,81.1,30.03,349.39,1162.13,1.0,1.4,0N90E
2010-04-01,2010,4,1,45.57,1.31,89.0,29.88,68.44,253.76,5.96,13.9,0N90E
2010-04-02,2010,4,2,259.83,0.0,83.1,29.95,384.7,1412.54,0.09,0.0,0N90E
2010-04-03,2010,4,3,47.85,1.1,89.9,29.83,70.69,301.47,4.6,16.0,0N90E
2010-04-04,2010,4,4,116.56,0.63,84.1,29.85,162.79,917.86,3.93,6.2,0N90E
2010-04-05,2010,4,5,304.67,0.68,82.9,30.01,400.0,1209.85,4.7,4.9,0N90E
2010-04-06,2010,4,6,270.37,0.06,84.7,30.13,371.7,1360.0,0.37,2.8,0N90E
2010-04-07,2010,4,7,304.77,0.02,81.0,30.55,394.12,1121.42,0.33,0.7,0N90E
2010-04-08,2010,4,8,304.66,0.04,83.9,30.29,394.15,1086.4,0.42,0.7,0N90E
2010-04-09,2010,4,9,195.94,0.04,88.9,30.19,295.06,1397.65,0.27,1.4,0N90E
2010-04-10,2010,4,10,195.64,0.17,88.6,30.07,293.37,1316.67,0.97,4.9,0N90E
2010-04-11,2010,4,11,298.09,0.02,81.5,30.32,388.1,1226.48,0.19,0.7,0N90E
2010-04-12,2010,4,12,303.94,0.01,76.5,30.4,394.42,1149.44,0.15,0.7,0N90E
2010-04-13,2010,4,13,276.09,0.0,73.8,30.72,378.87,1189.71,0.18,0.7,0N90E
2010-04-14,2010,4,14,307.75,0.0,75.3,30.68,394.55,1053.56,0.16,0.7,0N90E
2010-04-15,2010,4,15,111.71,1.38,88.4,30.3,178.06,1069.32,7.12,8.3,0N90E
2010-04-16,2010,4,16,138.72,0.58,86.3,30.36,191.55,978.71,3.75,3.5,0N90E
2010-04-17,2010,4,17,253.52,-0.01,85.0,30.46,368.99,1260.19,0.16,0.0,0N90E
2010-04-18,2010,4,18,231.81,0.14,82.8,30.48,325.77,1130.61,1.18,2.1,0N90E
2010-04-19,2010,4,19,111.32,1.69,85.7,30.34,180.37,851.31,9.48,10.1,0N90E
2010-04-20,2010,4,20,237.9,0.0,83.2,30.61,381.14,1289.09,0.14,0.7,0N90E
2010-04-21,2010,4,21,249.44,0.03,83.8,30.54,371.4,1226.05,0.36,2.1,0N90E
2010-04-22,2010,4,22,160.89,0.64,87.5,30.34,249.14,1155.57,2.55,9.0,0N90E
2010-04-23,2010,4,23,227.82,0.29,80.8,30.36,355.88,1142.87,2.24,3.5,0N90E
2010-04-24,2010,4,24,282.25,0.0,81.8,30.44,391.53,1092.09,0.22,1.4,0N90E
2010-04-25,2010,4,25,162.9,1.85,86.8,30.29,272.31,1231.74,6.73,19.4,0N90E
2010-04-26,2010,4,26,72.56,0.3,86.4,30.18,114.33,561.51,1.15,9.0,0N90E
2010-04-27,2010,4,27,236.35,0.0,80.9,30.3,339.61,1271.14,0.18,0.7,0N90E
2010-04-28,2010,4,28,279.61,0.0,75.5,30.76,368.08,1361.76,0.23,0.7,0N90E
2010-04-29,2010,4,29,287.08,0.1,80.3,30.62,374.07,1253.19,0.72,2.8,0N90E
2010-04-30,2010,4,30,284.35,0.02,82.4,30.6,370.49,1117.48,0.23,0.7,0N90E
2010-05-01,2010,5,1,265.29,0.07,83.9,30.52,355.59,1162.13,0.71,2.1,0N90E
2010-05-02,2010,5,2,272.53,0.42,81.4,30.75,360.33,1061.88,1.77,6.2,0N90E
2010-05-03,2010,5,3,134.37,0.07,85.2,30.53,228.34,948.06,0.44,2.1,0N90E
2010-05-04,2010,5,4,275.8,-0.01,79.0,30.82,364.91,1051.81,0.19,0.7,0N90E
2010-05-05,2010,5,5,270.21,0.0,74.7,30.99,340.81,1028.17,0.16,0.7,0N90E
2010-05-06,2010,5,6,272.99,0.0,73.7,31.33,355.18,1085.96,0.2,0.7,0N90E
2010-05-07,2010,5,7,269.78,-0.01,74.4,31.25,352.57,1028.61,0.21,0.7,0N90E
2010-05-08,2010,5,8,243.74,0.0,76.9,31.07,334.52,1025.98,0.19,0.0,0N90E
2010-05-09,2010,5,9,259.93,0.01,83.5,30.84,347.85,1096.03,0.22,1.4,0N90E
2010-05-10,2010,5,10,273.43,0.0,81.9,30.63,368.42,1063.2,0.19,0.7,0N90E
2010-05-11,2010,5,11,238.02,1.93,91.7,30.46,357.5,1253.63,3.79,40.3,0N90E
2010-05-12,2010,5,12,47.49,0.1,88.0,30.41,72.86,249.82,0.45,2.1,0N90E
2010-05-13,2010,5,13,78.81,3.54,91.8,30.23,111.74,609.23,8.87,31.9,0N90E
2010-05-14,2010,5,14,79.28,0.08,87.5,30.21,113.01,484.02,0.41,2.8,0N90E
2010-05-15,2010,5,15,142.54,0.24,82.7,30.28,176.0,614.92,1.58,3.5,0N90E
2010-05-16,2010,5,16,186.93,0.29,82.7,30.21,281.03,933.18,1.39,4.9,0N90E
2010-05-17,2010,5,17,271.27,0.01,78.9,30.2,362.62,1064.07,0.23,0.7,0N90E
2010-05-18,2010,5,18,205.97,0.0,86.1,30.21,283.82,1092.53,0.13,0.0,0N90E
2010-05-19,2010,5,19,286.5,0.0,83.0,30.48,366.12,1017.23,0.09,0.0,0N90E
2010-05-20,2010,5,20,279.18,0.0,82.7,30.52,361.11,1136.3,0.11,0.7,0N90E
2010-05-21,2010,5,21,254.82,-0.01,81.8,30.27,339.22,1065.38,0.2,0.7,0N90E
2010-05-22,2010,5,22,277.7,-0.04,75.5,30.36,350.85,969.07,0.18,0.0,0N90E
2010-05-23,2010,5,23,278.65,0.0,70.6,30.62,361.94,1114.41,0.05,0.0,0N90E
2010-05-24,2010,5,24,284.32,0.0,69.7,30.7,364.55,984.83,0.16,0.7,0N90E
2010-05-25,2010,5,25,265.44,-0.01,71.4,30.85,342.26,1021.17,0.19,0.7,0N90E
2010-05-26,2010,5,26,249.7,-0.01,74.2,31.14,335.44,1039.99,0.12,0.7,0N90E
2010-05-27,2010,5,27,228.14,0.0,80.9,30.85,318.72,1174.83,0.15,0.7,0N90E
2010-05-28,2010,5,28,226.61,0.0,82.5,30.74,324.36,1191.02,0.17,0.7,0N90E
2010-05-29,2010,5,29,196.53,-0.02,76.9,30.54,263.3,1147.25,0.2,0.0,0N90E
2010-05-30,2010,5,30,250.06,-0.01,76.0,30.48,335.24,994.47,0.11,0.0,0N90E
2010-05-31,2010,5,31,276.28,0.27,71.5,30.72,346.57,974.77,1.53,4.2,0N90E
2010-06-01,2010,6,1,209.62,0.0,78.6,30.59,300.29,1069.76,0.1,0.0,0N90E
2010-06-02,2010,6,2,186.1,1.24,79.5,30.48,298.77,1154.25,5.11,9.0,0N90E
2010-06-03,2010,6,3,121.35,1.41,87.4,30.36,207.97,1232.18,6.29,7.6,0N90E
2010-06-04,2010,6,4,99.92,0.58,87.0,30.21,164.45,1221.23,2.01,12.5,0N90E
2010-06-05,2010,6,5,37.93,0.26,87.0,29.98,53.47,273.89,0.76,10.6,0N90E
2010-06-06,2010,6,6,47.65,0.17,84.5,29.86,62.93,457.76,1.02,2.8,0N90E
2010-06-07,2010,6,7,80.33,0.33,81.5,29.76,130.85,654.32,2.36,3.5,0N90E
2010-06-08,2010,6,8,202.33,0.13,76.7,29.77,270.87,885.46,1.16,2.8,0N90E
2010-06-09,2010,6,9,262.52,-0.04,76.0,29.76,347.37,1061.01,0.15,0.7,0N90E
2010-06-10,2010,6,10,273.02,-0.03,74.3,29.81,348.82,939.31,0.15,0.7,0N90E
2010-06-11,2010,6,11,254.42,-0.01,74.1,29.93,341.23,1065.82,0.15,0.7,0N90E
2010-06-12,2010,6,12,268.74,0.0,75.0,30.26,345.61,942.37,0.2,0.7,0N90E
2010-06-13,2010,6,13,252.84,-0.01,76.5,30.46,349.26,1072.83,0.22,0.7,0N90E
2010-06-14,2010,6,14,231.17,-0.01,75.2,30.42,323.24,1097.34,0.17,0.7,0N90E
2010-06-15,2010,6,15,235.74,-0.01,74.4,30.26,328.13,1175.26,0.14,0.7,0N90E
2010-06-16,2010,6,16,258.11,-0.01,73.7,30.07,340.87,1030.36,0.18,0.7,0N90E
2010-06-17,2010,6,17,221.32,0.12,75.8,30.01,302.39,1026.42,1.14,2.1,0N90E
2010-06-18,2010,6,18,209.6,0.09,77.8,30.18,280.74,1032.99,0.75,2.8,0N90E
2010-06-19,2010,6,19,253.45,0.0,75.8,30.5,337.43,1047.44,0.18,0.7,0N90E
2010-06-20,2010,6,20,222.73,0.23,78.7,30.33,308.61,1180.08,1.11,6.9,0N90E
2010-06-21,2010,6,21,74.26,1.69,90.9,30.03,122.78,909.98,4.63,23.6,0N90E
2010-06-22,2010,6,22,101.54,-0.03,75.4,29.8,143.52,587.78,0.26,0.7,0N90E
2010-06-23,2010,6,23,165.45,-0.03,78.0,29.76,243.87,1142.43,0.22,0.0,0N90E
2010-06-24,2010,6,24,260.63,0.02,79.2,30.24,341.79,990.09,0.23,2.1,0N90E
2010-06-25,2010,6,25,218.68,-0.02,79.9,29.96,312.47,1108.29,0.16,0.7,0N90E
2010-06-26,2010,6,26,168.23,-0.03,79.3,29.81,263.48,1046.56,0.15,0.7,0N90E
2010-06-27,2010,6,27,35.44,1.23,85.5,29.72,49.6,178.46,2.85,22.2,0N90E
2010-06-28,2010,6,28,168.24,0.0,80.0,29.69,239.03,894.65,0.22,0.0,0N90E
2010-06-29,2010,6,29,222.11,1.38,83.6,29.67,317.16,1085.52,6.77,6.9,0N90E
2010-06-30,2010,6,30,127.01,0.3,86.7,29.59,194.56,858.76,1.66,4.2,0N90E
2010-07-01,2010,7,1,156.39,0.01,83.1,29.56,209.22,989.21,0.21,0.7,0N90E
2010-07-02,2010,7,2,100.36,0.01,81.2,29.5,129.81,439.37,0.22,0.7,0N90E
2010-07-03,2010,7,3,197.19,0.0,77.6,29.52,279.42,1097.34,0.19,0.7,0N90E
2010-07-04,2010,7,4,229.6,-0.01,74.3,29.78,312.86,1085.52,0.16,0.7,0N90E
2010-07-05,2010,7,5,266.25,-0.01,73.9,29.91,344.9,1032.55,0.14,0.7,0N90E
2010-07-06,2010,7,6,267.92,0.0,76.1,29.82,345.58,923.11,0.12,0.0,0N90E
2010-07-07,2010,7,7,266.41,0.03,79.1,29.69,346.98,970.83,0.19,1.4,0N90E
2010-07-08,2010,7,8,216.88,0.05,80.5,29.61,306.6,1070.64,0.25,2.1,0N90E
2010-07-09,2010,7,9,260.25,1.45,80.9,29.58,345.05,966.89,5.25,14.2,0N90E
2010-07-10,2010,7,10,131.73,1.06,87.7,29.51,227.12,1178.33,5.0,8.3,0N90E
2010-07-11,2010,7,11,,-0.02,81.8,29.76,,,0.36,1.4,0N90E
2010-07-13,2010,7,13,245.49,0.0,77.5,29.76,329.13,1081.5,3.44,0.0,0N90E
2010-07-14,2010,7,14,106.38,0.15,83.3,29.53,181.39,733.73,7.44,4.0,0N90E
2010-07-15,2010,7,15,97.74,0.0,78.4,29.42,135.02,415.96,4.98,0.0,0N90E
2010-07-16,2010,7,16,111.83,0.15,80.8,29.39,153.2,586.89,4.47,1.0,0N90E
2010-07-17,2010,7,17,158.66,0.0,80.4,29.44,229.12,1004.67,1.69,0.0,0N90E
2010-07-18,2010,7,18,68.19,0.77,84.1,29.37,93.65,412.78,37.94,3.0,0N90E
2010-07-19,2010,7,19,180.48,0.0,80.4,29.4,251.85,882.39,1.9,0.0,0N90E
2010-07-20,2010,7,20,265.94,0.0,79.2,29.54,348.23,1001.04,2.57,1.0,0N90E
2010-07-21,2010,7,21,255.94,0.0,75.1,29.81,342.32,965.12,2.52,0.0,0N90E
2010-07-22,2010,7,22,189.11,0.1,79.2,29.47,265.49,1200.61,3.75,1.0,0N90E
2010-07-23,2010,7,23,257.76,,78.4,29.4,338.22,1096.05,1.44,0.0,0N90E
2010-07-24,2010,7,24,227.76,0.1,80.8,29.37,327.77,1093.78,15.14,1.0,0N90E
2010-07-25,2010,7,25,117.29,0.92,84.1,29.26,188.66,1019.68,6.47,6.0,0N90E
2010-07-26,2010,7,26,255.03,0.0,78.4,29.57,345.95,1046.04,2.77,0.0,0N90E
2010-07-27,2010,7,27,235.48,0.0,80.0,29.43,315.49,1091.5,3.23,1.0,0N90E
2010-07-28,2010,7,28,118.2,0.87,82.1,29.34,208.21,988.76,6.52,10.0,0N90E
2010-07-29,2010,7,29,205.48,0.1,80.8,29.32,316.4,1042.86,6.93,1.0,0N90E
2010-07-30,2010,7,30,269.13,0.0,77.1,29.66,355.5,1095.14,2.57,0.0,0N90E
2010-07-31,2010,7,31,251.4,0.0,75.9,29.83,351.41,1046.5,1.59,0.0,0N90E
2010-08-01,2010,8,1,272.76,0.0,75.9,29.9,367.77,1094.68,2.16,0.0,0N90E
2010-08-02,2010,8,2,232.76,0.0,77.1,29.64,323.22,1101.96,2.16,0.0,0N90E
2010-08-03,2010,8,3,157.29,0.0,77.5,29.55,209.57,1031.04,4.06,0.0,0N90E
2010-08-04,2010,8,4,278.22,0.0,77.5,29.84,363.68,1015.58,3.18,0.0,0N90E
2010-08-05,2010,8,5,249.12,0.0,78.8,29.75,359.59,1192.88,5.54,0.0,0N90E
2010-08-06,2010,8,6,269.58,0.0,77.9,29.79,364.14,1157.42,3.03,0.0,0N90E
2010-08-07,2010,8,7,259.12,0.0,77.1,29.71,350.95,1101.5,3.39,0.0,0N90E
2010-08-08,2010,8,8,265.94,0.0,77.5,29.74,354.14,1082.41,3.85,0.0,0N90E
2010-08-09,2010,8,9,224.12,0.26,80.4,29.73,310.49,1085.59,4.88,3.0,0N90E
2010-08-10,2010,8,10,214.12,0.0,78.8,29.67,303.68,1001.04,3.85,0.0,0N90E
2010-08-11,2010,8,11,220.48,1.18,84.9,29.62,320.04,1176.06,6.06,18.0,0N90E
2010-08-12,2010,8,12,80.46,0.26,82.1,29.46,128.2,622.35,4.0,9.0,0N90E
2010-08-13,2010,8,13,217.75,0.0,77.5,29.41,310.04,1232.43,4.72,1.0,0N90E
2010-08-14,2010,8,14,147.75,0.0,75.5,29.32,240.94,1168.79,3.13,0.0,0N90E
2010-08-15,2010,8,15,234.12,0.0,76.7,29.34,327.77,1311.53,1.39,0.0,0N90E
2010-08-16,2010,8,16,207.3,0.15,80.4,29.32,303.22,1307.44,26.69,3.0,0N90E
2010-08-17,2010,8,17,156.84,4.83,83.7,29.2,262.76,1170.15,44.66,12.0,0N90E
2010-08-18,2010,8,18,89.1,0.0,80.8,29.1,157.75,1007.4,14.73,2.0,0N90E
2010-08-19,2010,8,19,131.83,0.15,82.1,29.03,188.21,747.82,12.94,23.0,0N90E
2010-08-20,2010,8,20,163.66,0.0,80.4,29.01,231.85,964.21,3.59,0.0,0N90E
2010-08-21,2010,8,21,215.48,0.0,79.6,29.04,286.4,1133.78,1.49,0.0,0N90E
2010-08-22,2010,8,22,193.66,0.05,80.0,29.09,283.22,1057.86,3.59,1.0,0N90E
2010-08-23,2010,8,23,268.22,0.0,78.8,29.14,360.5,1071.95,2.21,0.0,0N90E
2010-08-24,2010,8,24,266.85,0.0,82.1,29.09,352.77,1088.77,4.06,0.0,0N90E
2010-08-25,2010,8,25,227.3,0.0,79.2,29.08,330.5,1100.59,3.59,0.0,0N90E
2010-08-26,2010,8,26,269.13,0.0,76.7,29.62,358.68,1011.49,4.36,0.0,0N90E
2010-08-27,2010,8,27,272.76,0.0,79.2,29.4,371.87,1046.95,3.03,0.0,0N90E
2010-08-28,2010,8,28,280.04,0.0,79.6,29.3,365.05,1067.86,3.18,0.0,0N90E
2010-08-29,2010,8,29,243.21,0.0,80.4,29.34,323.22,1051.95,3.03,0.0,0N90E
2010-08-30,2010,8,30,176.39,0.56,80.4,29.36,290.49,1172.88,5.65,3.0,0N90E
2010-08-31,2010,8,31,190.93,0.41,83.3,29.15,293.22,1201.52,4.36,4.0,0N90E
2010-09-01,2010,9,1,273.67,0.1,80.0,29.07,371.41,1204.24,61.86,5.0,0N90E
2010-09-02,2010,9,2,151.84,0.1,82.1,28.88,231.39,982.85,3.49,5.0,0N90E
2010-09-03,2010,9,3,193.21,0.1,80.0,28.73,299.13,1147.87,0.0,4.0,0N90E
2010-09-04,2010,9,4,125.02,0.98,81.2,28.69,231.85,1189.24,4.88,10.0,0N90E
2010-09-05,2010,9,5,253.21,0.05,81.2,28.89,359.14,1155.15,6.26,2.0,0N90E
2010-09-06,2010,9,6,253.21,0.0,80.0,29.15,331.86,1110.14,4.57,0.0,0N90E
2010-09-07,2010,9,7,285.04,0.0,77.9,29.25,377.32,1262.89,4.47,0.0,0N90E
2010-09-08,2010,9,8,281.85,0.0,77.1,29.53,377.32,1121.51,2.36,0.0,0N90E
2010-09-09,2010,9,9,284.13,0.0,74.7,29.56,385.96,1084.68,3.7,0.0,0N90E
2010-09-10,2010,9,10,307.77,0.0,74.7,29.35,387.32,1103.78,2.57,0.0,0N90E
2010-09-11,2010,9,11,307.31,0.0,72.6,29.42,397.32,1181.51,5.8,0.0,0N90E
2010-09-12,2010,9,12,303.68,0.05,75.9,29.58,387.32,1070.59,5.7,1.0,0N90E
2010-09-13,2010,9,13,300.49,0.0,77.1,29.63,384.59,1135.14,5.75,0.0,0N90E
2010-09-14,2010,9,14,283.22,0.15,80.0,29.46,372.32,1086.05,9.55,3.0,0N90E
2010-09-15,2010,9,15,173.2,0.0,77.9,29.34,258.21,1098.78,3.03,0.0,0N90E
2010-09-16,2010,9,16,290.95,0.21,77.9,29.33,385.5,1189.24,3.75,1.0,0N90E
2010-09-17,2010,9,17,65.46,0.36,83.7,29.18,85.01,352.77,5.9,5.0,0N90E
2010-09-18,2010,9,18,273.67,0.51,82.9,29.21,378.68,1216.52,3.9,16.0,0N90E
2010-09-19,2010,9,19,148.66,0.1,82.9,29.12,254.58,1334.72,5.95,5.0,0N90E
2010-09-20,2010,9,20,211.85,,80.4,29.07,277.31,1283.35,3.7,0.0,0N90E
2010-09-21,2010,9,21,43.19,0.41,82.1,28.96,61.83,260.49,9.14,20.0,0N90E
2010-09-22,2010,9,22,134.56,0.15,82.1,28.9,221.85,1185.15,2.21,6.0,0N90E
2010-09-23,2010,9,23,205.48,0.21,80.8,28.89,300.49,1335.62,32.03,1.0,0N90E
2010-09-24,2010,9,24,95.01,0.15,83.3,28.8,128.2,424.14,2.46,5.0,0N90E
2010-09-25,2010,9,25,222.3,0.0,79.2,28.9,310.49,1253.34,3.23,1.0,0N90E
2010-09-26,2010,9,26,88.65,0.36,82.9,28.8,129.56,589.62,4.83,11.0,0N90E
2010-09-27,2010,9,27,206.39,0.05,80.8,28.9,291.4,1386.54,1.59,2.0,0N90E
2010-09-28,2010,9,28,46.82,0.05,87.0,28.73,60.01,247.76,2.16,4.0,0N90E
2010-09-29,2010,9,29,275.04,0.15,81.2,28.71,374.59,1132.87,4.11,7.0,0N90E
2010-09-30,2010,9,30,70.46,1.9,84.9,28.58,112.74,433.69,7.55,17.0,0N90E
2010-10-01,2010,10,1,155.93,,80.8,28.55,219.57,850.11,3.29,0.0,0N90E
2010-10-02,2010,10,2,226.85,1.8,83.7,28.63,319.59,1311.53,8.11,17.0,0N90E
2010-10-03,2010,10,3,62.74,0.98,84.9,28.59,83.19,245.49,8.47,24.0,0N90E
2010-10-04,2010,10,4,142.75,0.92,84.9,28.64,237.3,1252.89,6.67,37.0,0N90E
2010-10-05,2010,10,5,186.84,0.0,80.8,28.64,265.49,1101.96,2.36,1.0,0N90E
2010-10-06,2010,10,6,218.66,0.0,80.4,28.67,290.95,1050.59,1.08,0.0,0N90E
2010-10-07,2010,10,7,244.58,0.0,81.6,28.87,331.86,1145.6,3.54,0.0,0N90E
2010-10-08,2010,10,8,250.03,0.0,78.8,29.2,363.68,1302.44,3.64,0.0,0N90E
2010-10-09,2010,10,9,313.22,0.0,78.4,29.04,402.32,1070.14,3.29,0.0,0N90E
2010-10-10,2010,10,10,304.58,0.05,79.2,28.83,392.32,1084.23,4.11,1.0,0N90E
2010-10-11,2010,10,11,309.13,0.1,82.5,28.78,399.6,1146.51,4.77,1.0,0N90E
2010-10-12,2010,10,12,269.13,0.0,80.4,28.8,356.86,1219.7,1.49,1.0,0N90E
2010-10-13,2010,10,13,299.13,0.05,80.4,28.94,387.78,1099.23,3.75,1.0,0N90E
2010-10-14,2010,10,14,297.31,0.0,77.9,28.88,391.41,1167.88,2.26,0.0,0N90E
2010-10-15,2010,10,15,285.95,0.0,77.1,28.89,374.14,1173.79,3.18,0.0,0N90E
2010-10-16,2010,10,16,285.95,0.0,79.2,28.95,394.6,1135.6,1.9,1.0,0N90E
2010-10-17,2010,10,17,268.67,0.0,77.5,29.0,356.86,1103.32,4.57,1.0,0N90E
2010-10-18,2010,10,18,283.22,0.0,78.4,29.07,379.59,1159.24,1.64,0.0,0N90E
2010-10-19,2010,10,19,295.04,0.0,75.1,29.05,378.23,1124.23,1.08,1.0,0N90E
2010-10-20,2010,10,20,297.31,,73.4,29.05,383.69,1092.87,2.67,0.0,0N90E
2010-10-21,2010,10,21,299.13,0.1,78.8,28.96,391.87,1128.78,4.83,1.0,0N90E
2010-10-22,2010,10,22,92.74,,84.5,28.78,123.65,445.51,12.27,19.0,0N90E
2010-10-23,2010,10,23,45.91,0.77,83.3,28.69,74.1,395.05,5.9,6.0,0N90E
2010-10-24,2010,10,24,263.22,0.1,82.1,28.74,370.96,1152.42,3.08,1.0,0N90E
2010-10-25,2010,10,25,257.31,0.0,80.0,28.77,356.86,1158.78,3.13,0.0,0N90E
2010-10-26,2010,10,26,151.38,0.0,80.4,28.81,204.12,906.02,5.24,0.0,0N90E
2010-10-27,2010,10,27,230.94,0.05,79.6,28.73,340.95,1325.62,3.13,2.0,0N90E
2010-10-28,2010,10,28,236.39,0.05,80.8,28.65,345.5,1273.8,5.24,1.0,0N90E
2010-10-29,2010,10,29,268.67,0.0,80.8,28.76,354.59,1133.78,3.18,1.0,0N90E
2010-10-30,2010,10,30,132.29,0.1,81.6,28.81,182.75,948.3,3.13,1.0,0N90E
2010-10-31,2010,10,31,283.22,9.8,81.2,28.77,384.14,1146.51,0.0,3.0,0N90E
2010-11-01,2010,11,1,159.57,0.46,82.9,28.69,221.39,1119.69,5.13,5.0,0N90E
2010-11-02,2010,11,2,60.46,0.72,85.8,28.61,86.83,359.14,18.48,13.0,0N90E
2010-11-03,2010,11,3,214.12,0.05,82.5,28.59,315.04,1156.97,1.59,12.0,0N90E
2010-11-04,2010,11,4,277.31,0.0,80.8,28.53,375.96,1146.96,0.77,8.0,0N90E
2010-11-05,2010,11,5,198.21,0.21,83.7,28.49,317.31,1274.71,4.88,14.0,0N90E
2010-11-06,2010,11,6,106.38,0.31,82.9,28.46,164.57,867.84,0.0,4.0,0N90E
2010-11-07,2010,11,7,99.1,0.36,82.9,28.45,163.66,934.66,53.9,9.0,0N90E
2010-11-08,2010,11,8,116.38,0.1,81.6,28.47,159.57,911.03,4.88,2.0,0N90E
2010-11-09,2010,11,9,173.66,0.98,83.7,28.61,262.76,1259.25,34.39,21.0,0N90E
2010-11-10,2010,11,10,116.38,0.0,81.2,28.47,160.02,806.92,3.64,33.0,0N90E
2010-11-11,2010,11,11,201.84,0.0,78.4,28.49,295.95,1183.79,1.64,16.0,0N90E
2010-11-12,2010,11,12,68.65,0.05,82.9,28.4,93.19,450.06,2.31,9.0,0N90E
2010-11-13,2010,11,13,180.48,0.0,82.5,28.42,253.67,1238.34,2.05,11.0,0N90E
2010-11-14,2010,11,14,266.4,0.0,80.0,28.55,365.96,1044.22,1.54,12.0,0N90E
2010-11-15,2010,11,15,294.58,0.0,79.2,28.55,381.41,1102.87,0.98,14.0,0N90E
2010-11-16,2010,11,16,260.49,0.1,82.5,28.52,360.05,1049.22,3.08,22.0,0N90E
2010-11-17,2010,11,17,80.01,0.87,84.9,28.44,127.74,702.82,33.78,10.0,0N90E
2010-11-18,2010,11,18,46.82,1.64,87.4,28.34,80.01,357.77,0.0,15.0,0N90E
2010-11-19,2010,11,19,206.84,0.36,84.1,28.4,332.77,1157.87,60.01,6.0,0N90E
2010-11-20,2010,11,20,218.66,0.0,83.7,28.35,317.77,1303.8,4.52,1.0,0N90E
2010-11-21,2010,11,21,150.02,0.31,86.2,28.33,231.85,898.75,3.08,10.0,0N90E
2010-11-22,2010,11,22,47.73,1.03,86.2,28.22,75.01,331.86,4.98,15.0,0N90E
2010-11-23,2010,11,23,231.85,0.82,84.1,28.22,327.77,1177.42,6.52,10.0,0N90E
2010-11-24,2010,11,24,153.66,0.15,84.1,28.21,234.12,940.57,2.31,3.0,0N90E
2010-11-25,2010,11,25,209.57,0.51,83.7,28.21,299.13,1163.78,4.31,8.0,0N90E
2010-11-26,2010,11,26,108.2,0.1,83.7,28.2,162.75,840.11,52.1,9.0,0N90E
2010-11-27,2010,11,27,95.92,0.41,83.7,28.16,143.65,500.52,4.98,12.0,0N90E
2010-11-28,2010,11,28,175.93,0.0,83.3,28.2,265.49,1353.35,8.62,0.0,0N90E
2010-11-29,2010,11,29,195.93,0.15,84.1,28.25,289.13,1161.97,7.55,4.0,0N90E
2010-11-30,2010,11,30,68.19,0.1,85.8,28.21,90.01,336.41,3.34,4.0,0N90E
2010-12-01,2010,12,1,150.02,1.85,89.0,28.17,240.49,1084.68,4.83,35.0,0N90E
2010-12-02,2010,12,2,39.1,1.08,87.0,28.09,53.64,184.57,4.77,21.0,0N90E
2010-12-03,2010,12,3,257.31,0.46,82.9,28.16,355.5,1104.23,6.78,9.0,0N90E
2010-12-04,2010,12,4,153.66,0.1,84.5,28.13,253.67,1074.23,5.95,3.0,0N90E
2010-12-05,2010,12,5,180.48,0.0,84.1,28.16,274.13,1313.8,1.69,0.0,0N90E
2010-12-06,2010,12,6,275.49,0.0,79.6,28.38,365.05,1108.32,1.9,0.0,0N90E
2010-12-07,2010,12,7,283.22,0.0,74.7,28.89,364.14,1054.23,3.34,0.0,0N90E
2010-12-08,2010,12,8,262.31,0.0,77.1,28.82,350.95,1091.96,1.9,0.0,0N90E
2010-12-09,2010,12,9,235.48,0.0,76.7,29.18,326.41,1179.24,2.26,0.0,0N90E
2010-12-10,2010,12,10,302.31,0.0,75.1,28.77,384.14,1028.31,5.24,0.0,0N90E
2010-12-11,2010,12,11,230.03,0.0,77.1,28.44,308.22,1115.6,2.72,0.0,0N90E
2010-12-12,2010,12,12,257.31,0.0,79.2,28.46,357.77,1031.04,2.93,0.0,0N90E
2010-12-13,2010,12,13,270.94,,80.0,28.61,360.96,1049.22,0.0,2.0,0N90E
2010-12-14,2010,12,14,201.84,0.0,80.4,28.7,309.58,1193.33,4.67,0.0,0N90E
2010-12-15,2010,12,15,247.76,0.0,78.4,28.72,352.77,1060.13,4.26,0.0,0N90E
2010-12-16,2010,12,16,264.58,0.0,75.1,28.72,343.68,1076.5,4.83,0.0,0N90E
2010-12-17,2010,12,17,256.85,0.0,75.5,28.99,338.22,1045.13,6.31,0.0,0N90E
2010-12-18,2010,12,18,249.58,0.0,73.0,28.96,348.23,1099.23,4.31,0.0,0N90E
2010-12-19,2010,12,19,282.31,0.05,76.3,28.79,362.32,1056.95,5.03,1.0,0N90E
2010-12-20,2010,12,20,259.12,0.0,75.5,28.79,352.77,1071.5,3.54,0.0,0N90E
2010-12-21,2010,12,21,202.75,0.0,75.5,28.95,277.76,985.13,5.34,0.0,0N90E
2010-12-22,2010,12,22,284.58,0.0,73.4,29.17,364.59,1028.31,3.23,0.0,0N90E
2010-12-23,2010,12,23,199.12,0.77,82.9,28.85,300.49,1135.6,62.68,10.0,0N90E
2010-12-24,2010,12,24,58.64,0.1,80.0,28.57,75.01,225.48,3.39,1.0,0N90E
2010-12-25,2010,12,25,164.11,0.26,80.8,28.53,239.12,1073.77,3.03,5.0,0N90E
2010-12-26,2010,12,26,52.73,0.41,84.1,28.4,85.47,394.14,0.0,6.0,0N90E
2010-12-27,2010,12,27,117.29,0.0,82.5,28.35,200.93,1304.71,5.18,1.0,0N90E
2010-12-28,2010,12,28,255.49,3.34,82.5,28.4,343.23,1012.4,50.56,1.0,0N90E
2010-12-29,2010,12,29,157.29,0.0,78.4,28.31,208.66,670.99,4.72,0.0,0N90E
2010-12-30,2010,12,30,250.49,0.0,78.8,28.31,336.41,1078.77,4.57,0.0,0N90E
2010-12-31,2010,12,31,287.76,0.0,80.0,28.41,373.23,1074.68,4.41,0.0,0N90E
2011-01-01,2011,1,1,270.03,0.0,81.2,28.49,364.14,1071.95,3.49,0.0,0N90E
2011-01-02,2011,1,2,235.48,0.0,82.1,28.58,326.41,1107.41,4.83,0.0,0N90E
2011-01-03,2011,1,3,227.3,0.0,82.1,28.61,313.68,1083.77,2.21,0.0,0N90E
2011-01-04,2011,1,4,86.83,7.8,89.5,28.45,177.75,899.21,57.7,27.0,0N90E
2011-01-05,2011,1,5,154.57,,82.5,28.4,248.67,1118.78,14.99,4.0,0N90E
2011-01-06,2011,1,6,150.02,0.0,80.0,28.34,224.57,936.03,2.41,0.0,0N90E
2011-01-07,2011,1,7,237.3,0.1,82.1,28.37,336.41,1317.44,3.59,1.0,0N90E
2011-01-08,2011,1,8,70.46,9.75,82.1,28.25,98.19,331.41,0.0,3.0,0N90E
2011-01-09,2011,1,9,205.94,0.0,80.4,28.35,298.67,1097.41,1.08,1.0,0N90E
2011-01-10,2011,1,10,178.2,0.0,80.0,28.25,248.21,1075.14,4.16,0.0,0N90E
2011-01-11,2011,1,11,267.31,0.0,82.5,28.42,363.68,1162.88,3.08,0.0,0N90E
2011-01-12,2011,1,12,217.75,,77.1,28.29,300.95,1084.68,2.41,0.0,0N90E
2011-01-13,2011,1,13,244.58,0.0,80.8,28.35,335.04,1110.6,3.85,0.0,0N90E
2011-01-14,2011,1,14,226.85,0.0,80.0,28.54,309.13,1150.6,1.64,0.0,0N90E
2011-01-15,2011,1,15,228.67,0.0,76.3,28.76,319.13,1045.13,2.52,0.0,0N90E
2011-01-16,2011,1,16,252.76,0.0,75.5,28.72,325.5,1123.32,1.28,0.0,0N90E
2011-01-17,2011,1,17,261.85,0.0,77.1,28.63,338.68,1029.22,2.31,0.0,0N90E
2011-01-18,2011,1,18,288.67,0.0,75.5,28.68,374.59,1089.68,1.13,0.0,0N90E
2011-01-19,2011,1,19,281.4,0.0,77.1,28.9,375.5,1042.41,4.21,0.0,0N90E
2011-01-20,2011,1,20,220.03,0.0,76.3,28.72,291.4,1196.52,2.26,0.0,0N90E
2011-01-21,2011,1,21,306.86,0.0,73.4,28.63,392.78,1125.14,1.49,0.0,0N90E
2011-01-22,2011,1,22,277.31,0.0,73.8,29.11,361.86,1011.95,3.54,0.0,0N90E
2011-01-23,2011,1,23,277.31,0.0,75.1,29.04,365.05,1007.4,2.72,0.0,0N90E
2011-01-24,2011,1,24,274.58,0.0,75.5,29.14,355.5,1042.41,1.75,0.0,0N90E
2011-01-25,2011,1,25,285.95,0.0,72.6,29.36,371.41,1070.59,4.31,0.0,0N90E
2011-01-26,2011,1,26,255.94,0.1,76.7,29.4,344.59,1132.42,2.57,1.0,0N90E
2011-01-27,2011,1,27,270.03,0.0,75.9,29.42,361.86,1142.42,2.57,0.0,0N90E
2011-01-28,2011,1,28,256.85,0.0,77.9,29.24,335.5,1050.59,4.41,0.0,0N90E
2011-01-29,2011,1,29,199.57,0.31,80.8,29.14,299.13,1167.88,26.8,3.0,0N90E
2011-01-30,2011,1,30,223.21,0.0,78.4,29.27,305.49,1216.97,1.59,0.0,0N90E
2011-01-31,2011,1,31,285.04,0.0,81.2,29.27,381.87,1018.77,2.57,1.0,0N90E
2011-02-01,2011,2,1,205.48,0.0,80.8,28.98,280.49,1114.69,1.95,2.0,0N90E
2011-02-02,2011,2,2,74.1,,86.2,28.75,153.66,895.57,0.0,47.0,0N90E
2011-02-03,2011,2,3,49.55,0.05,80.8,28.54,73.65,243.67,4.11,2.0,0N90E
2011-02-04,2011,2,4,230.94,0.05,80.8,28.45,315.04,1234.25,2.41,1.0,0N90E
2011-02-05,2011,2,5,275.94,0.0,76.7,28.97,356.41,1094.23,3.23,0.0,0N90E
2011-02-06,2011,2,6,268.22,0.0,75.1,28.95,374.14,1071.95,4.47,0.0,0N90E
2011-02-07,2011,2,7,281.85,0.0,71.0,28.83,378.68,1131.05,4.06,0.0,0N90E
2011-02-08,2011,2,8,230.94,0.0,74.2,28.71,300.49,995.13,4.26,0.0,0N90E
2011-02-09,2011,2,9,236.39,0.0,77.5,28.67,319.59,1004.67,1.64,0.0,0N90E
2011-02-10,2011,2,10,273.22,0.0,75.9,28.66,351.41,1011.95,3.34,0.0,0N90E
2011-02-11,2011,2,11,273.22,0.0,77.9,28.63,357.77,1039.22,2.98,0.0,0N90E
2011-02-12,2011,2,12,245.49,0.0,77.1,28.62,333.22,1066.95,4.83,0.0,0N90E
2011-02-13,2011,2,13,286.85,0.0,77.9,28.7,373.68,1095.59,3.23,0.0,0N90E
2011-02-14,2011,2,14,290.04,0.0,76.7,28.8,383.69,1124.69,3.03,0.0,0N90E
2011-02-15,2011,2,15,295.49,0.0,73.0,28.97,383.23,1088.77,2.46,0.0,0N90E
2011-02-16,2011,2,16,294.13,0.0,73.4,29.23,379.14,1182.88,3.49,0.0,0N90E
2011-02-17,2011,2,17,284.58,0.0,74.2,29.52,383.69,1171.97,2.72,0.0,0N90E
2011-02-18,2011,2,18,300.04,0.0,74.2,29.25,393.69,1133.33,2.77,0.0,0N90E
2011-02-19,2011,2,19,286.4,0.0,76.7,29.12,375.5,1100.14,2.98,0.0,0N90E
2011-02-20,2011,2,20,268.22,0.0,77.1,29.24,379.59,1323.35,5.18,0.0,0N90E
2011-02-21,2011,2,21,284.58,0.0,75.9,29.19,383.23,1143.33,1.44,0.0,0N90E
2011-02-22,2011,2,22,284.13,0.15,79.2,29.29,388.69,1154.24,3.8,1.0,0N90E
2011-02-23,2011,2,23,232.3,0.31,79.6,29.24,334.59,1262.89,4.06,4.0,0N90E
2011-02-24,2011,2,24,153.2,,83.3,29.02,253.21,1113.78,23.46,5.0,0N90E
2011-02-25,2011,2,25,125.93,0.0,80.8,28.92,163.66,602.8,3.49,0.0,0N90E
2011-02-26,2011,2,26,116.83,1.9,82.5,28.78,219.57,988.31,35.47,12.0,0N90E
2011-02-27,2011,2,27,215.03,9.03,78.8,28.79,327.31,1243.79,0.0,1.0,0N90E
2011-02-28,2011,2,28,193.66,0.0,78.4,28.8,275.94,1015.58,2.87,0.0,0N90E
2011-03-01,2011,3,1,297.77,0.0,77.5,28.81,393.69,1093.78,4.16,0.0,0N90E
2011-03-02,2011,3,2,298.67,0.0,72.2,29.25,392.78,1121.05,5.29,0.0,0N90E
2011-03-03,2011,3,3,295.49,0.41,75.1,29.43,390.96,1079.23,7.44,1.0,0N90E
2011-03-04,2011,3,4,303.22,0.0,72.2,29.53,393.69,1128.78,2.21,0.0,0N90E
2011-03-05,2011,3,5,288.67,0.0,72.6,29.67,373.68,1147.87,2.31,0.0,0N90E
2011-03-06,2011,3,6,312.77,0.0,75.5,29.49,402.78,1108.32,5.8,0.0,0N90E
2011-03-07,2011,3,7,297.31,0.0,77.9,29.27,379.14,1175.6,5.95,0.0,0N90E
2011-03-08,2011,3,8,83.19,0.41,81.6,29.0,102.29,553.25,60.78,5.0,0N90E
2011-03-09,2011,3,9,183.66,0.1,81.6,28.95,261.4,959.67,6.01,5.0,0N90E
2011-03-10,2011,3,10,269.13,0.05,80.0,29.16,375.05,1176.97,4.16,1.0,0N90E
2011-03-11,2011,3,11,233.67,0.05,81.2,29.09,343.23,1222.43,3.54,1.0,0N90E
2011-03-12,2011,3,12,210.48,0.1,82.1,28.97,314.13,1212.43,3.64,1.0,0N90E
2011-03-13,2011,3,13,252.3,0.0,77.9,29.05,358.68,1161.97,2.98,0.0,0N90E
2011-03-14,2011,3,14,194.57,0.0,81.6,29.1,307.31,1219.7,3.23,1.0,0N90E
2011-03-15,2011,3,15,254.12,0.0,74.7,29.53,330.5,1255.16,3.64,0.0,0N90E
2011-03-16,2011,3,16,279.13,0.0,77.5,29.47,382.78,1195.61,2.16,0.0,0N90E
2011-03-17,2011,3,17,305.49,0.0,76.7,29.43,393.69,1083.77,4.67,0.0,0N90E
2011-03-18,2011,3,18,240.03,0.0,78.4,29.42,302.31,1109.69,3.95,0.0,0N90E
2011-03-19,2011,3,19,310.49,0.0,75.9,29.65,394.14,1099.69,4.47,0.0,0N90E
2011-03-20,2011,3,20,289.13,0.0,75.1,29.61,365.05,1221.97,3.34,0.0,0N90E
2011-03-21,2011,3,21,252.76,0.0,71.8,29.69,363.68,1131.96,6.67,0.0,0N90E
2011-03-22,2011,3,22,269.13,0.0,73.4,29.9,380.05,1156.06,2.16,0.0,0N90E
2011-03-23,2011,3,23,227.76,0.0,77.9,29.69,317.31,1122.42,3.64,1.0,0N90E
2011-03-24,2011,3,24,177.3,,75.9,29.53,262.76,1183.79,4.41,0.0,0N90E
2011-03-25,2011,3,25,206.84,,77.9,29.57,281.85,1009.22,2.98,0.0,0N90E
2011-03-26,2011,3,26,237.3,,75.5,29.6,329.59,1328.81,4.47,0.0,0N90E
2011-03-27,2011,3,27,275.04,,76.3,29.59,361.41,1150.15,2.26,0.0,0N90E
2011-03-28,2011,3,28,229.57,,75.9,29.48,323.68,1121.51,1.95,0.0,0N90E
2011-03-29,2011,3,29,247.3,0.0,77.5,29.38,341.41,1226.97,1.85,1.0,0N90E
2011-03-30,2011,3,30,251.4,0.15,81.2,29.28,353.68,1190.15,3.03,2.0,0N90E
2011-03-31,2011,3,31,293.67,0.05,77.5,29.24,392.78,1054.23,5.95,1.0,0N90E
2011-04-01,2011,4,1,260.94,,77.9,29.27,364.59,1195.15,3.54,0.0,0N90E
2011-04-02,2011,4,2,262.76,0.1,79.2,29.26,353.68,1130.14,5.44,1.0,0N90E
2011-04-03,2011,4,3,268.22,0.0,77.5,29.25,365.05,1181.51,4.47,0.0,0N90E
2011-04-04,2011,4,4,286.4,,73.8,29.07,374.59,1053.32,5.6,0.0,0N90E
2011-04-05,2011,4,5,274.58,0.0,72.2,29.27,359.59,1030.59,3.23,0.0,0N90E
2011-04-06,2011,4,6,291.4,0.0,71.0,29.66,372.77,992.4,2.57,0.0,0N90E
2011-04-07,2011,4,7,285.49,0.0,71.4,29.77,373.68,1010.58,2.62,0.0,0N90E
2011-04-08,2011,4,8,297.77,0.0,71.0,29.72,380.96,1013.77,5.39,0.0,0N90E
2011-04-09,2011,4,9,299.13,0.0,73.4,29.76,384.59,1041.04,3.49,0.0,0N90E
2011-04-10,2011,4,10,301.4,0.0,74.2,29.71,386.41,1074.68,1.59,0.0,0N90E
2011-04-11,2011,4,11,296.86,0.0,75.1,29.78,379.59,1136.51,3.59,0.0,0N90E
2011-04-12,2011,4,12,295.04,0.0,75.5,29.71,382.32,1063.32,4.77,0.0,0N90E
2011-04-13,2011,4,13,135.02,0.1,80.0,29.51,209.12,942.39,5.39,1.0,0N90E
2011-04-14,2011,4,14,292.31,0.0,80.0,29.49,377.32,1150.6,4.36,1.0,0N90E
2011-04-15,2011,4,15,220.03,0.05,82.1,29.37,325.95,1334.72,3.59,1.0,0N90E
2011-04-16,2011,4,16,202.75,0.51,82.1,29.5,314.59,1272.89,5.65,4.0,0N90E
2011-04-17,2011,4,17,298.67,0.05,79.6,29.51,378.68,1064.23,22.13,3.0,0N90E
2011-04-18,2011,4,18,260.03,0.0,79.2,29.59,349.14,1299.26,0.46,1.0,0N90E
2011-04-19,2011,4,19,275.04,,77.5,29.63,354.14,1311.99,0.67,0.0,0N90E
2011-04-20,2011,4,20,290.04,0.0,74.7,29.73,370.5,1146.96,0.46,0.0,0N90E
2011-04-21,2011,4,21,263.67,0.0,74.7,30.03,347.32,1090.59,1.03,0.0,0N90E
2011-04-22,2011,4,22,284.58,0.0,76.7,30.29,375.5,1160.15,4.11,0.0,0N90E
2011-04-23,2011,4,23,270.49,0.56,78.4,30.21,368.23,1110.6,5.13,3.0,0N90E
2011-04-24,2011,4,24,125.47,2.52,84.9,29.73,216.85,1244.7,10.78,21.0,0N90E
2011-04-25,2011,4,25,255.49,0.0,80.0,29.67,338.22,1012.4,2.98,1.0,0N90E
2011-04-26,2011,4,26,279.58,0.0,77.5,29.84,368.68,1134.69,1.13,0.0,0N90E
2011-04-27,2011,4,27,277.76,0.82,82.1,29.83,365.05,1187.42,6.01,9.0,0N90E
2011-04-28,2011,4,28,131.38,1.13,82.9,29.73,190.93,725.09,37.94,8.0,0N90E
2011-04-29,2011,4,29,163.2,0.62,84.5,29.63,253.67,1076.5,4.93,6.0,0N90E
2011-04-30,2011,4,30,96.83,0.0,78.8,29.57,142.29,566.44,4.36,0.0,0N90E
2011-05-01,2011,5,1,261.85,0.26,79.2,29.96,349.14,1164.24,9.7,1.0,0N90E
2011-05-02,2011,5,2,66.83,9.5,84.5,29.47,110.92,429.6,58.93,7.0,0N90E
2011-05-03,2011,5,3,81.83,0.21,84.1,29.33,130.93,559.62,7.08,14.0,0N90E
2011-05-04,2011,5,4,154.11,0.1,81.6,29.19,203.66,936.94,1.59,2.0,0N90E
2011-05-05,2011,5,5,248.21,0.0,80.4,29.19,325.95,1152.42,2.93,0.0,0N90E
2011-05-06,2011,5,6,248.21,0.0,79.6,29.23,324.13,981.49,3.8,0.0,0N90E
2011-05-07,2011,5,7,208.66,0.0,77.5,29.16,276.4,1092.87,3.75,0.0,0N90E
2011-05-08,2011,5,8,232.3,0.0,78.8,29.28,332.77,1098.32,6.37,0.0,0N90E
2011-05-09,2011,5,9,245.03,0.0,80.0,29.34,334.59,1030.59,6.78,0.0,0N90E
2011-05-10,2011,5,10,248.67,0.0,76.7,29.44,313.68,878.75,6.06,0.0,0N90E
2011-05-11,2011,5,11,276.85,0.0,73.0,29.85,367.77,986.03,1.8,0.0,0N90E
2011-05-12,2011,5,12,225.94,0.0,73.8,29.73,296.4,939.67,6.67,0.0,0N90E
2011-05-13,2011,5,13,287.76,0.0,71.8,29.93,366.41,974.21,2.82,0.0,0N90E
2011-05-14,2011,5,14,283.67,0.0,71.0,29.92,365.96,983.31,4.93,0.0,0N90E
2011-05-15,2011,5,15,275.04,0.0,71.8,30.01,358.68,1100.14,2.31,0.0,0N90E
2011-05-16,2011,5,16,277.31,0.0,73.0,30.02,358.23,1049.22,3.54,0.0,0N90E
2011-05-17,2011,5,17,293.67,0.0,72.6,29.78,371.41,1098.32,1.59,0.0,0N90E
2011-05-18,2011,5,18,295.95,0.0,73.4,29.71,371.41,978.76,3.7,0.0,0N90E
2011-05-19,2011,5,19,288.67,0.0,71.4,29.81,365.5,976.94,4.26,0.0,0N90E
2011-05-20,2011,5,20,291.86,0.0,71.0,29.85,367.32,1032.4,3.13,0.0,0N90E
2011-05-21,2011,5,21,290.49,0.0,70.5,29.92,364.59,957.39,4.06,0.0,0N90E
2011-05-22,2011,5,22,289.13,0.0,65.6,29.97,363.68,953.3,3.18,0.0,0N90E
2011-05-23,2011,5,23,276.4,0.0,70.1,29.97,351.86,946.48,3.08,0.0,0N90E
2011-05-25,2011,5,25,,,,29.9,,,,,0N90E
2011-05-26,2011,5,26,291.24,0.0,73.7,30.03,369.89,996.96,0.04,0.0,0N90E
2011-05-27,2011,5,27,240.01,0.05,82.8,29.74,332.18,1236.89,0.44,0.7,0N90E
2011-05-28,2011,5,28,103.4,0.06,85.0,29.49,202.11,1193.67,0.38,1.5,0N90E
2011-05-29,2011,5,29,56.44,0.0,82.4,29.35,70.1,237.12,0.38,0.7,0N90E
2011-05-30,2011,5,30,253.15,0.0,82.6,29.39,355.71,1173.87,0.02,0.0,0N90E
2011-05-31,2011,5,31,229.82,0.0,83.7,29.39,313.93,1166.22,0.03,0.0,0N90E
2011-06-01,2011,6,1,264.17,0.0,82.1,29.63,356.46,985.26,0.04,0.0,0N90E
2011-06-02,2011,6,2,256.55,1.05,84.2,29.56,353.67,1270.2,4.2,7.6,0N90E
2011-06-03,2011,6,3,192.22,0.33,86.5,29.53,317.55,1133.36,2.89,2.1,0N90E
2011-06-04,2011,6,4,238.02,0.04,83.0,29.56,337.4,1051.43,0.54,1.4,0N90E
2011-06-05,2011,6,5,287.56,-0.01,79.8,29.59,369.17,1050.08,0.05,0.0,0N90E
2011-06-06,2011,6,6,268.0,-0.02,76.9,29.54,358.78,1126.15,0.03,0.0,0N90E
2011-06-07,2011,6,7,251.27,-0.01,77.5,29.57,345.6,1168.02,0.03,0.0,0N90E
2011-06-08,2011,6,8,265.27,-0.01,75.6,29.58,356.26,1113.55,0.03,0.0,0N90E
2011-06-09,2011,6,9,271.4,-0.01,75.6,29.66,352.96,1037.93,0.03,0.0,0N90E
2011-06-10,2011,6,10,276.47,0.0,76.8,29.67,359.47,1117.15,0.09,0.0,0N90E
2011-06-11,2011,6,11,252.82,0.0,79.7,29.61,327.27,1041.08,0.01,0.0,0N90E
2011-06-12,2011,6,12,267.6,0.0,79.8,29.72,353.75,1157.21,0.03,0.0,0N90E
2011-06-13,2011,6,13,272.5,0.0,80.5,29.66,355.46,1044.68,0.02,0.0,0N90E
2011-06-14,2011,6,14,281.01,0.0,79.5,29.66,357.28,1047.83,0.02,0.0,0N90E
2011-06-15,2011,6,15,243.61,0.0,78.2,29.71,327.41,1208.98,0.03,0.0,0N90E
2011-06-16,2011,6,16,271.24,0.04,75.6,29.82,349.2,1134.71,0.33,0.7,0N90E
2011-06-17,2011,6,17,265.77,0.0,75.0,29.99,352.61,1054.13,0.03,0.0,0N90E
2011-06-18,2011,6,18,275.56,0.0,75.4,30.05,356.97,1046.03,0.04,0.0,0N90E
2011-06-19,2011,6,19,240.45,0.0,77.5,29.89,327.64,1222.03,0.04,0.0,0N90E
2011-06-20,2011,6,20,116.86,0.11,80.0,29.73,155.17,614.34,0.9,1.4,0N90E
2011-06-21,2011,6,21,155.82,0.01,81.3,29.66,250.06,1128.4,0.16,0.7,0N90E
2011-06-22,2011,6,22,254.26,-0.01,77.2,29.65,345.05,1002.81,0.04,0.0,0N90E
2011-06-23,2011,6,23,182.62,0.1,79.0,29.67,271.32,1115.35,1.0,1.4,0N90E
2011-06-24,2011,6,24,266.18,-0.02,79.3,29.71,352.34,1010.47,0.05,0.0,0N90E
2011-06-25,2011,6,25,105.49,1.83,88.2,29.6,157.13,883.98,4.2,29.1,0N90E
2011-06-26,2011,6,26,83.92,0.14,83.3,29.49,120.69,555.37,1.07,2.1,0N90E
2011-06-27,2011,6,27,160.54,-0.04,80.0,29.42,218.92,939.79,0.03,0.0,0N90E
2011-06-28,2011,6,28,212.71,0.0,76.9,29.38,283.75,1052.78,0.23,1.4,0N90E
2011-06-29,2011,6,29,140.01,-0.01,80.3,29.28,221.43,1066.28,0.02,0.0,0N90E
2011-06-30,2011,6,30,182.43,0.0,78.8,29.25,256.79,940.69,0.02,0.0,0N90E
2011-07-01,2011,7,1,201.42,0.0,77.4,29.27,303.46,978.06,0.01,0.0,0N90E
2011-07-02,2011,7,2,229.71,0.0,78.7,29.23,301.45,968.15,0.01,0.0,0N90E
2011-07-03,2011,7,3,232.81,0.0,78.5,29.38,316.4,1068.99,0.02,0.0,0N90E
2011-07-04,2011,7,4,266.91,0.0,77.6,29.5,346.31,974.91,0.04,0.0,0N90E
2011-07-05,2011,7,5,245.09,0.0,77.1,29.43,322.88,1085.64,0.02,0.0,0N90E
2011-07-06,2011,7,6,246.16,0.0,77.9,29.63,330.55,942.95,0.02,0.0,0N90E
2011-07-07,2011,7,7,265.15,0.0,77.0,29.45,342.17,1026.67,0.02,0.0,0N90E
2011-07-08,2011,7,8,261.43,0.0,75.1,29.57,347.34,964.1,0.02,0.0,0N90E
2011-07-09,2011,7,9,268.89,0.05,79.3,29.38,360.81,1186.92,0.5,2.1,0N90E
2011-07-10,2011,7,10,182.14,0.02,79.2,29.2,250.26,1148.66,0.34,2.1,0N90E
2011-07-11,2011,7,11,45.03,0.27,84.6,29.06,58.06,195.71,1.21,6.6,0N90E
2011-07-12,2011,7,12,96.81,1.52,87.1,28.98,204.3,1242.29,5.54,17.1,0N90E
2011-07-13,2011,7,13,170.03,0.03,78.7,28.94,248.47,1045.13,0.26,2.1,0N90E
2011-07-14,2011,7,14,263.72,-0.01,77.5,29.05,353.53,1040.63,0.04,0.0,0N90E
2011-07-15,2011,7,15,213.1,0.0,78.9,28.98,292.16,1008.67,0.17,0.7,0N90E
2011-07-16,2011,7,16,267.61,0.0,78.6,29.31,350.39,1127.5,0.03,0.0,0N90E
2011-07-17,2011,7,17,275.47,-0.01,77.8,29.16,351.17,977.61,0.02,0.0,0N90E
2011-07-18,2011,7,18,279.79,-0.01,79.3,29.05,361.45,977.16,0.03,0.0,0N90E
2011-07-19,2011,7,19,280.74,-0.01,80.6,29.15,363.53,990.21,0.02,0.0,0N90E
2011-07-20,2011,7,20,278.54,-0.01,78.8,28.98,361.73,995.16,0.02,0.0,0N90E
2011-07-21,2011,7,21,279.48,-0.01,78.3,29.17,362.74,1085.19,0.03,0.0,0N90E
2011-07-22,2011,7,22,259.45,-0.01,79.7,29.19,345.53,1120.3,0.02,0.0,0N90E
2011-07-23,2011,7,23,253.75,-0.01,79.5,29.29,340.25,1107.7,0.03,0.0,0N90E
2011-07-24,2011,7,24,217.42,0.36,79.8,29.15,280.09,925.84,3.13,2.1,0N90E
2011-07-25,2011,7,25,207.11,0.23,80.8,29.07,281.84,1075.29,1.16,5.3,0N90E
2011-07-26,2011,7,26,142.82,0.06,81.4,29.03,199.53,1088.34,0.63,1.6,0N90E
2011-07-27,2011,7,27,124.0,0.03,79.7,29.0,220.19,1166.22,0.21,1.4,0N90E
2011-07-28,2011,7,28,237.43,0.05,76.4,29.08,328.91,1170.72,0.48,1.4,0N90E
2011-07-29,2011,7,29,247.68,0.15,78.6,29.16,337.56,1167.12,0.82,3.5,0N90E
2011-07-30,2011,7,30,129.97,0.04,83.0,29.06,193.63,1042.88,0.24,2.1,0N90E
2011-07-31,2011,7,31,41.24,0.27,86.1,29.01,59.27,312.3,1.55,3.6,0N90E
2011-08-01,2011,8,1,121.51,0.0,81.0,29.0,155.61,524.31,0.04,0.0,0N90E
2011-08-02,2011,8,2,68.9,1.88,86.1,28.87,127.74,707.97,6.56,16.9,0N90E
2011-08-03,2011,8,3,252.7,0.0,81.7,29.16,352.14,1065.38,0.01,0.0,0N90E
2011-08-04,2011,8,4,270.12,-0.01,79.5,29.36,362.06,1062.68,0.01,0.0,0N90E
2011-08-05,2011,8,5,198.17,0.01,81.2,29.37,292.01,1200.88,0.13,0.7,0N90E
2011-08-06,2011,8,6,148.54,0.05,81.8,29.35,208.04,1091.49,0.25,2.1,0N90E
2011-08-07,2011,8,7,235.99,0.08,80.5,29.53,316.53,1110.4,0.72,0.7,0N90E
2011-08-08,2011,8,8,202.9,0.0,78.4,29.48,291.07,1196.38,0.01,0.0,0N90E
2011-08-09,2011,8,9,284.75,0.0,76.6,29.58,368.78,1231.94,0.01,0.0,0N90E
2011-08-10,2011,8,10,270.87,0.0,78.6,29.61,363.96,1249.94,0.02,0.0,0N90E
2011-08-11,2011,8,11,280.2,0.26,80.0,29.64,373.86,1060.43,1.9,2.8,0N90E
2011-08-12,2011,8,12,42.84,1.99,88.2,29.32,62.85,272.68,3.45,34.7,0N90E
2011-08-13,2011,8,13,53.71,0.0,76.7,29.18,67.52,209.66,0.01,0.0,0N90E
2011-08-14,2011,8,14,254.71,0.0,77.8,29.35,347.72,1158.56,0.02,0.0,0N90E
2011-08-15,2011,8,15,256.33,0.09,78.1,29.46,375.87,1189.17,0.87,1.4,0N90E
2011-08-16,2011,8,16,243.84,0.0,79.4,29.3,348.08,1230.14,0.01,0.0,0N90E
2011-08-17,2011,8,17,251.77,-0.01,77.5,29.24,350.09,1097.34,0.03,0.0,0N90E
2011-08-18,2011,8,18,250.87,0.01,76.4,29.25,329.22,1253.99,0.08,0.0,0N90E
2011-08-19,2011,8,19,185.84,0.0,79.7,29.22,256.82,1209.43,0.01,0.0,0N90E
2011-08-20,2011,8,20,231.37,0.0,76.0,29.33,306.82,1027.57,0.02,0.0,0N90E
2011-08-21,2011,8,21,286.88,0.0,75.0,29.71,390.9,1111.3,0.01,0.0,0N90E
2011-08-22,2011,8,22,251.18,-0.01,77.5,29.39,351.46,1110.4,0.02,0.0,0N90E
2011-08-23,2011,8,23,294.3,0.08,75.6,29.24,383.71,1146.41,0.75,1.4,0N90E
2011-08-24,2011,8,24,205.66,-0.01,75.2,29.25,289.68,1118.95,0.01,0.0,0N90E
2011-08-25,2011,8,25,214.71,-0.01,77.9,29.25,306.22,1208.53,0.01,0.0,0N90E
2011-08-26,2011,8,26,250.68,-0.01,78.3,29.23,337.06,1116.7,0.03,0.0,0N90E
2011-08-27,2011,8,27,143.95,0.15,79.3,29.1,189.09,833.11,1.58,2.9,0N90E
2011-08-28,2011,8,28,60.82,0.47,83.7,28.96,99.27,802.5,1.01,17.4,0N90E
2011-08-29,2011,8,29,231.16,-0.01,77.7,29.02,313.65,986.61,0.02,0.0,0N90E
2011-08-30,2011,8,30,276.02,-0.01,80.3,29.05,378.18,1215.28,0.02,0.0,0N90E
2011-08-31,2011,8,31,255.83,-0.01,81.3,29.06,342.83,1187.82,0.02,0.0,0N90E
2011-09-01,2011,9,1,220.24,-0.01,80.5,29.05,299.36,1042.88,0.02,0.0,0N90E
2011-09-02,2011,9,2,260.74,-0.01,79.1,29.08,350.63,1113.55,0.02,0.0,0N90E
2011-09-03,2011,9,3,250.74,-0.01,79.7,29.09,330.58,1087.89,0.01,0.0,0N90E
2011-09-04,2011,9,4,289.78,-0.01,80.5,29.13,375.75,1154.51,0.02,0.0,0N90E
2011-09-05,2011,9,5,271.65,-0.01,81.7,29.12,371.93,1212.58,0.03,0.0,0N90E
2011-09-06,2011,9,6,206.11,0.41,83.2,29.1,332.41,1233.29,1.02,12.5,0N90E
2011-09-07,2011,9,7,111.46,0.02,77.9,28.98,172.91,721.93,0.11,0.0,0N90E
2011-09-08,2011,9,8,309.23,-0.01,80.8,29.08,398.93,1265.25,0.04,0.0,0N90E
2011-09-09,2011,9,9,68.33,0.35,82.0,28.85,112.26,398.27,1.34,6.2,0N90E
2011-09-10,2011,9,10,97.12,2.99,81.8,28.77,132.09,703.92,8.21,18.1,0N90E
2011-09-11,2011,9,11,47.35,0.6,83.5,28.66,75.15,289.34,1.75,11.8,0N90E
2011-09-12,2011,9,12,270.03,-0.01,78.5,28.76,345.36,1066.28,0.02,0.0,0N90E
2011-09-13,2011,9,13,286.79,-0.01,82.1,28.87,381.61,1213.03,0.02,0.0,0N90E
2011-09-14,2011,9,14,109.64,-0.01,81.7,28.79,158.31,608.04,0.02,0.0,0N90E
2011-09-15,2011,9,15,272.74,0.01,81.3,28.91,375.39,1128.85,0.26,2.1,0N90E
2011-09-16,2011,9,16,95.29,0.02,84.3,28.79,145.28,424.38,0.18,0.7,0N90E
2011-09-17,2011,9,17,58.14,0.04,82.3,28.72,82.25,301.94,0.17,0.7,0N90E
2011-09-18,2011,9,18,96.09,-0.01,80.1,28.67,133.6,505.41,0.03,0.0,0N90E
2011-09-19,2011,9,19,142.08,-0.01,79.7,28.67,196.36,732.73,0.05,0.0,0N90E
2011-09-20,2011,9,20,82.56,1.87,87.3,28.41,177.86,960.05,6.36,23.7,0N90E
2011-09-21,2011,9,21,64.41,0.03,82.2,28.48,78.44,242.52,0.2,1.4,0N90E
2011-09-22,2011,9,22,280.25,-0.01,79.3,28.66,375.38,1205.83,0.02,0.0,0N90E
2011-09-23,2011,9,23,291.65,0.24,81.5,28.7,391.99,1124.8,1.73,2.8,0N90E
2011-09-24,2011,9,24,234.27,0.01,80.5,28.72,329.77,1339.52,0.11,0.0,0N90E
2011-09-25,2011,9,25,275.58,0.0,80.2,28.98,394.47,1280.1,0.01,0.0,0N90E
2011-09-26,2011,9,26,243.66,0.0,79.7,28.93,354.42,1244.54,0.02,0.0,0N90E
2011-09-27,2011,9,27,313.23,0.13,79.5,28.98,403.45,1219.33,0.97,2.8,0N90E
2011-09-28,2011,9,28,191.88,0.0,79.2,28.93,258.35,1151.36,0.02,0.0,0N90E
2011-09-29,2011,9,29,285.46,0.66,80.6,29.04,392.86,1244.99,2.92,8.3,0N90E
2011-09-30,2011,9,30,193.86,0.24,79.0,28.87,259.14,770.54,2.06,2.1,0N90E
2011-10-01,2011,10,1,270.39,0.0,74.7,28.93,368.18,1232.84,0.03,0.0,0N90E
2011-10-02,2011,10,2,258.33,0.0,76.6,29.01,349.67,1187.82,0.02,0.0,0N90E
2011-10-03,2011,10,3,174.66,1.54,84.4,28.89,314.89,1392.19,3.59,25.7,0N90E
2011-10-04,2011,10,4,157.88,0.02,81.7,28.77,246.33,1393.54,0.19,1.4,0N90E
2011-10-05,2011,10,5,319.43,0.0,75.5,29.2,410.98,1093.29,0.01,0.0,0N90E
2011-10-06,2011,10,6,296.56,0.0,77.1,29.5,402.76,1174.32,0.04,0.0,0N90E
2011-10-07,2011,10,7,181.99,0.17,80.4,28.83,258.38,1164.42,0.85,5.6,0N90E
2011-10-08,2011,10,8,292.32,-0.01,76.2,28.76,391.45,1201.78,0.01,0.0,0N90E
2011-10-09,2011,10,9,315.11,0.0,75.8,28.96,403.86,1134.71,0.02,0.0,0N90E
2011-10-10,2011,10,10,320.37,0.0,74.4,29.01,415.31,1118.5,0.03,0.0,0N90E
2011-10-11,2011,10,11,301.35,0.0,73.5,29.03,385.88,1138.76,0.01,0.0,0N90E
2011-10-12,2011,10,12,299.17,0.0,75.9,29.23,384.13,1181.07,0.02,0.0,0N90E
2011-10-13,2011,10,13,317.59,0.0,75.7,29.35,409.84,1232.84,0.03,0.0,0N90E
2011-10-14,2011,10,14,297.64,0.06,81.5,29.22,399.02,1326.47,0.46,2.1,0N90E
2011-10-15,2011,10,15,294.44,0.28,80.7,29.21,393.72,1190.97,2.51,2.1,0N90E
2011-10-16,2011,10,16,226.48,0.11,84.2,29.2,319.43,1216.18,0.86,2.1,0N90E
2011-10-17,2011,10,17,166.49,1.04,85.2,29.14,296.19,1111.3,4.18,8.6,0N90E
2011-10-18,2011,10,18,213.2,0.06,81.8,29.24,340.15,1215.28,0.3,4.3,0N90E
2011-10-19,2011,10,19,213.11,0.0,80.6,29.22,310.93,1300.36,0.03,0.0,0N90E
2011-10-20,2011,10,20,278.81,0.05,80.4,29.35,395.4,1350.32,0.39,0.7,0N90E
2011-10-21,2011,10,21,106.16,0.36,82.6,29.1,157.88,704.82,1.47,7.6,0N90E
2011-10-22,2011,10,22,269.94,0.0,77.5,29.25,368.44,1134.71,0.02,0.0,0N90E
2011-10-23,2011,10,23,282.32,0.45,78.8,29.55,366.21,1240.94,2.02,6.9,0N90E
2011-10-24,2011,10,24,253.91,0.01,78.2,29.35,349.5,1076.19,0.04,0.0,0N90E
2011-10-25,2011,10,25,301.26,0.1,77.7,29.36,394.67,1157.66,0.74,1.4,0N90E
2011-10-26,2011,10,26,217.84,0.0,81.7,29.23,294.7,1304.41,0.02,0.0,0N90E
2011-10-27,2011,10,27,268.28,0.19,78.4,29.47,374.52,1195.93,1.39,2.8,0N90E
2011-10-28,2011,10,28,193.57,0.27,80.3,29.39,336.46,1299.46,1.48,3.5,0N90E
2011-10-29,2011,10,29,236.1,0.0,80.5,29.57,322.07,1195.02,0.05,0.0,0N90E
2011-10-30,2011,10,30,297.08,0.0,81.4,29.59,397.94,1189.62,0.04,0.0,0N90E
2011-10-31,2011,10,31,202.32,4.34,89.3,29.27,367.29,1222.48,16.04,25.2,0N90E
2011-11-01,2011,11,1,222.57,1.74,84.9,29.12,346.95,1282.35,6.72,13.2,0N90E
2011-11-02,2011,11,2,95.42,0.44,82.5,29.09,147.46,582.38,1.29,14.6,0N90E
2011-11-03,2011,11,3,78.77,1.58,81.4,29.14,129.4,606.24,5.45,14.0,0N90E
2011-11-04,2011,11,4,61.09,0.5,83.2,29.1,84.88,296.54,1.46,16.0,0N90E
2011-11-05,2011,11,5,109.99,0.31,79.7,29.14,159.52,1012.27,1.87,2.8,0N90E
2011-11-06,2011,11,6,287.01,0.04,77.9,29.26,380.7,1180.62,0.3,1.4,0N90E
2011-11-07,2011,11,7,209.59,0.0,79.4,29.19,297.14,1103.65,0.01,0.0,0N90E
2011-11-08,2011,11,8,190.24,0.25,77.7,29.15,241.26,960.5,2.43,1.4,0N90E
2011-11-09,2011,11,9,309.07,-0.01,76.8,29.28,392.11,1212.13,0.01,0.0,0N90E
2011-11-10,2011,11,10,294.16,0.0,74.3,29.35,385.16,1153.61,0.01,0.0,0N90E
2011-11-11,2011,11,11,296.79,0.0,73.9,29.51,387.38,1063.13,0.02,0.0,0N90E
2011-11-12,2011,11,12,300.83,0.0,73.1,29.83,385.44,1159.46,0.02,0.0,0N90E
2011-11-13,2011,11,13,280.75,0.0,73.6,30.14,397.85,1159.91,0.01,0.0,0N90E
2011-11-14,2011,11,14,274.74,0.01,75.7,30.06,369.45,1082.04,0.09,0.7,0N90E
2011-11-15,2011,11,15,269.82,0.0,74.0,30.07,387.74,1196.38,0.01,0.0,0N90E
2011-11-16,2011,11,16,278.75,0.01,70.7,29.98,376.14,1076.64,0.08,0.0,0N90E
2011-11-17,2011,11,17,297.21,0.0,73.2,29.79,386.65,1091.49,0.01,0.0,0N90E
2011-11-18,2011,11,18,299.71,0.0,74.4,29.89,384.05,1190.52,0.02,0.0,0N90E
2011-11-19,2011,11,19,303.52,0.0,73.9,30.17,392.37,1169.37,0.01,0.0,0N90E
2011-11-20,2011,11,20,250.65,0.0,75.8,30.01,311.84,1063.58,0.01,0.0,0N90E
2011-11-21,2011,11,21,278.49,0.0,75.0,30.11,365.11,1038.38,0.02,0.0,0N90E
2011-11-22,2011,11,22,272.17,0.0,78.9,30.12,357.44,1174.77,0.05,0.0,0N90E
2011-11-23,2011,11,23,251.65,0.07,80.7,29.91,358.24,1127.05,0.49,2.1,0N90E
2011-11-24,2011,11,24,276.92,0.0,76.1,30.04,382.66,1100.95,0.01,0.0,0N90E
2011-11-25,2011,11,25,272.08,0.1,82.1,29.89,370.7,1193.67,0.73,1.4,0N90E
2011-11-26,2011,11,26,121.1,0.05,82.4,29.6,198.86,1051.43,0.21,1.4,0N90E
2011-11-27,2011,11,27,115.27,0.84,83.9,29.49,174.34,854.72,2.71,17.1,0N90E
2011-11-28,2011,11,28,265.04,0.04,82.0,29.55,354.9,1176.57,0.31,2.1,0N90E
2011-11-29,2011,11,29,49.82,1.95,86.9,29.32,82.6,407.28,5.24,24.3,0N90E
2011-11-30,2011,11,30,134.12,0.27,82.3,29.28,173.76,800.25,1.25,6.2,0N90E
2011-12-01,2011,12,1,138.85,0.63,83.3,29.27,240.92,1126.15,2.45,9.2,0N90E
2011-12-02,2011,12,2,150.82,0.3,81.9,29.17,204.51,680.96,1.81,5.6,0N90E
2011-12-03,2011,12,3,262.31,0.02,79.6,29.21,361.39,1155.86,0.16,0.7,0N90E
2011-12-04,2011,12,4,237.49,0.18,79.0,29.19,338.41,1266.15,1.03,4.2,0N90E
2011-12-05,2011,12,5,292.18,0.04,78.4,29.21,376.99,1126.6,0.36,1.4,0N90E
2011-12-06,2011,12,6,293.55,0.0,77.9,29.23,374.96,1086.54,0.04,0.0,0N90E
2011-12-07,2011,12,7,264.54,0.0,77.2,29.45,374.74,1174.77,0.04,0.0,0N90E
2011-12-08,2011,12,8,291.67,0.0,73.7,29.88,371.25,1070.79,0.03,0.0,0N90E
2011-12-09,2011,12,9,258.74,-0.01,77.0,29.63,359.94,1064.03,0.01,0.0,0N90E
2011-12-10,2011,12,10,270.46,0.0,78.4,29.74,358.66,1097.34,0.13,0.7,0N90E
2011-12-11,2011,12,11,229.46,0.0,79.5,29.83,353.01,1041.08,0.01,0.0,0N90E
2011-12-12,2011,12,12,262.71,0.37,81.0,29.88,368.75,1063.58,1.09,10.6,0N90E
2011-12-13,2011,12,13,175.11,0.82,84.5,29.46,276.16,1402.09,2.01,18.8,0N90E
2011-12-14,2011,12,14,291.28,0.11,78.9,29.58,382.36,1349.87,1.01,1.4,0N90E
2011-12-15,2011,12,15,209.83,0.37,80.3,29.51,295.35,989.31,2.68,4.2,0N90E
2011-12-16,2011,12,16,265.88,-0.01,78.8,29.35,345.66,1120.75,0.01,0.0,0N90E
2011-12-17,2011,12,17,162.38,0.3,83.5,29.3,244.16,932.14,1.77,4.9,0N90E
2011-12-18,2011,12,18,110.01,0.58,83.7,29.24,152.82,639.55,4.26,6.2,0N90E
2011-12-19,2011,12,19,94.57,0.17,82.4,29.28,155.11,966.35,1.0,4.2,0N90E
2011-12-20,2011,12,20,244.09,0.5,80.4,29.33,346.21,1106.8,3.0,4.2,0N90E
2011-12-21,2011,12,21,237.97,0.08,80.5,29.57,316.58,1008.22,0.49,2.1,0N90E
2011-12-22,2011,12,22,101.03,0.24,84.6,29.07,138.24,564.38,0.86,7.6,0N90E
2011-12-23,2011,12,23,27.83,0.48,83.7,28.97,43.09,175.0,1.53,11.8,0N90E
2011-12-24,2011,12,24,63.6,0.45,83.3,28.91,104.59,493.25,1.84,8.3,0N90E
2011-12-25,2011,12,25,198.9,0.06,82.8,28.87,307.58,1144.61,0.58,1.4,0N90E
2011-12-26,2011,12,26,92.84,1.25,86.5,28.77,159.71,822.31,3.09,25.0,0N90E
2011-12-27,2011,12,27,216.9,0.21,81.5,28.69,299.44,1076.64,1.23,3.5,0N90E
2011-12-28,2011,12,28,239.91,0.0,77.6,28.71,324.27,1039.28,0.03,0.0,0N90E
2011-12-29,2011,12,29,269.59,0.0,76.3,28.77,349.44,1033.87,0.01,0.0,0N90E
2011-12-30,2011,12,30,274.45,0.0,76.3,28.81,357.75,1137.41,0.02,0.0,0N90E
2011-12-31,2011,12,31,288.07,0.0,75.0,28.86,371.32,1080.69,0.04,0.0,0N90E
2012-01-01,2012,1,1,290.88,0.0,75.0,29.06,380.52,1100.95,0.01,0.0,0N90E
2012-01-02,2012,1,2,292.14,0.0,75.2,28.95,374.62,1107.7,0.01,0.0,0N90E
2012-01-03,2012,1,3,246.28,0.0,74.3,28.84,338.7,1172.97,0.01,0.0,0N90E
2012-01-04,2012,1,4,306.06,0.0,72.9,29.35,399.91,1134.26,0.01,0.0,0N90E
2012-01-05,2012,1,5,299.4,-0.01,72.4,29.27,387.62,1163.51,0.01,0.0,0N90E
2012-01-06,2012,1,6,291.11,-0.01,75.4,29.05,376.48,1109.05,0.01,0.0,0N90E
2012-01-07,2012,1,7,305.06,-0.01,73.9,29.07,392.34,1212.13,0.02,0.0,0N90E
2012-01-08,2012,1,8,295.39,-0.01,77.8,29.0,378.72,1187.37,0.01,0.0,0N90E
2012-01-09,2012,1,9,258.2,2.09,80.7,29.04,357.61,1172.97,9.41,8.0,0N90E
2012-01-10,2012,1,10,93.82,0.07,80.3,28.9,128.84,380.27,0.36,1.4,0N90E
2012-01-11,2012,1,11,221.46,0.17,80.9,28.93,327.5,1181.97,1.28,2.1,0N90E
2012-01-12,2012,1,12,271.49,0.04,79.6,28.94,357.17,1035.67,0.43,0.7,0N90E
2012-01-13,2012,1,13,275.19,0.0,79.6,28.95,369.31,1092.39,0.16,0.7,0N90E
2012-01-14,2012,1,14,244.66,0.0,81.0,28.99,349.64,1213.93,0.01,0.0,0N90E
2012-01-15,2012,1,15,251.92,0.0,80.1,29.07,343.82,1092.39,0.02,0.0,0N90E
2012-01-16,2012,1,16,227.79,0.0,77.3,29.04,298.62,963.2,0.01,0.0,0N90E
2012-01-17,2012,1,17,260.36,-0.01,74.4,29.04,364.82,1088.34,0.21,0.7,0N90E
2012-01-18,2012,1,18,285.33,-0.01,76.5,28.92,384.71,1100.95,0.01,0.0,0N90E
2012-01-19,2012,1,19,281.03,-0.01,75.1,28.77,361.73,1055.48,0.02,0.0,0N90E
2012-01-20,2012,1,20,295.37,-0.02,75.5,28.68,387.57,1086.09,0.23,0.7,0N90E
2012-01-21,2012,1,21,220.76,-0.02,73.3,28.6,295.63,1141.46,0.01,0.0,0N90E
2012-01-22,2012,1,22,212.36,0.03,74.9,28.69,296.73,1106.35,0.32,1.4,0N90E
2012-01-23,2012,1,23,235.96,-0.01,74.7,29.1,331.27,1062.23,0.03,0.0,0N90E
2012-01-24,2012,1,24,253.62,-0.01,73.8,29.13,335.62,1067.18,0.01,0.0,0N90E
2012-01-25,2012,1,25,227.59,-0.01,76.2,29.1,322.07,1043.33,0.02,0.0,0N90E
2012-01-26,2012,1,26,230.09,0.05,77.2,29.1,295.14,972.65,0.54,1.4,0N90E
2012-01-27,2012,1,27,244.41,-0.01,78.3,29.13,335.11,1054.58,0.01,0.0,0N90E
2012-01-28,2012,1,28,241.19,-0.01,78.7,29.15,325.76,1147.76,0.01,0.0,0N90E
2012-01-29,2012,1,29,204.71,-0.01,78.6,29.16,292.83,1103.2,0.01,0.0,0N90E
2012-01-30,2012,1,30,277.22,-0.01,78.3,29.09,368.69,1146.41,0.01,0.0,0N90E
2012-01-31,2012,1,31,243.3,0.0,77.5,29.07,341.17,1090.14,0.08,0.0,0N90E
2012-02-01,2012,2,1,150.31,0.0,76.9,28.96,238.6,1231.49,0.02,0.0,0N90E
2012-02-02,2012,2,2,265.57,0.0,77.1,29.06,358.97,1224.28,0.02,0.0,0N90E
2012-02-03,2012,2,3,300.31,0.0,72.2,29.54,386.8,1110.85,0.02,0.0,0N90E
2012-02-04,2012,2,4,292.8,-0.01,77.0,29.25,386.7,1140.56,0.01,0.0,0N90E
2012-02-05,2012,2,5,239.48,0.13,78.4,29.11,318.29,1126.6,1.03,2.8,0N90E
2012-02-06,2012,2,6,272.44,0.08,79.3,29.13,382.27,1184.22,0.42,3.5,0N90E
2012-02-07,2012,2,7,123.65,0.1,82.1,29.06,196.96,1036.57,0.28,3.5,0N90E
2012-02-08,2012,2,8,305.11,0.01,74.8,29.28,398.61,1281.9,0.12,0.7,0N90E
2012-02-09,2012,2,9,316.87,-0.01,73.4,29.63,402.18,1118.05,0.01,0.0,0N90E
2012-02-10,2012,2,10,307.85,-0.01,77.2,29.4,397.57,1261.2,0.02,0.0,0N90E
2012-02-11,2012,2,11,310.39,0.0,77.2,29.59,398.42,1191.42,0.02,0.0,0N90E
2012-02-12,2012,2,12,278.7,-0.02,78.6,29.65,384.19,1306.21,0.03,0.0,0N90E
2012-02-13,2012,2,13,257.09,0.88,79.5,29.44,357.95,1410.64,4.72,7.6,0N90E
2012-02-14,2012,2,14,302.73,0.03,79.5,29.53,389.84,1183.32,0.26,1.4,0N90E
2012-02-15,2012,2,15,138.58,0.64,83.0,29.31,259.71,1111.3,1.76,14.6,0N90E
2012-02-16,2012,2,16,271.16,-0.01,75.9,29.49,382.84,1303.06,0.01,0.0,0N90E
2012-02-17,2012,2,17,294.52,0.19,80.6,29.51,412.62,1378.68,1.64,2.8,0N90E
2012-02-18,2012,2,18,287.72,-0.01,76.3,29.56,389.57,1190.07,0.02,0.0,0N90E
2012-02-19,2012,2,19,287.67,0.17,77.8,29.57,391.04,1357.08,1.03,3.5,0N90E
2012-02-20,2012,2,20,,1.4,82.0,29.27,,,5.1,13.9,0N90E
2012-02-21,2012,2,21,289.76,0.02,79.7,29.52,386.36,1159.01,0.21,0.7,0N90E
2012-02-22,2012,2,22,180.53,0.17,82.5,29.2,255.26,1121.65,1.31,1.4,0N90E
2012-02-23,2012,2,23,125.55,0.37,82.7,29.15,161.08,626.95,2.37,4.2,0N90E
2012-02-24,2012,2,24,157.93,0.5,82.8,29.13,254.97,1213.48,2.46,6.9,0N90E
2012-02-25,2012,2,25,152.72,-0.02,77.5,29.14,219.36,1109.95,0.02,0.0,0N90E
2012-02-26,2012,2,26,260.18,-0.01,78.6,29.45,351.74,1259.85,0.01,0.0,0N90E
2012-02-27,2012,2,27,301.28,-0.02,77.2,29.31,384.62,1161.71,0.01,0.0,0N90E
2012-02-28,2012,2,28,168.56,-0.02,77.6,29.13,242.36,974.01,0.02,0.0,0N90E
2012-02-29,2012,2,29,164.77,0.05,77.9,29.03,249.96,1248.59,0.5,1.4,0N90E
2012-03-01,2012,3,1,196.17,0.0,79.3,29.12,246.61,945.2,0.01,0.0,0N90E
2012-03-02,2012,3,2,263.46,0.98,79.1,29.23,384.41,1209.88,5.15,7.6,0N90E
2012-03-03,2012,3,3,233.14,-0.01,78.4,29.07,334.02,1239.59,0.02,0.0,0N90E
2012-03-04,2012,3,4,225.25,-0.02,77.2,29.19,301.98,947.0,0.02,0.0,0N90E
2012-03-05,2012,3,5,103.33,0.2,78.2,29.32,142.26,652.15,1.3,3.5,0N90E
2012-03-06,2012,3,6,110.97,0.59,82.9,29.22,195.56,1010.47,1.66,13.2,0N90E
2012-03-07,2012,3,7,194.55,0.0,77.8,29.14,311.52,1201.33,0.25,1.4,0N90E
2012-03-08,2012,3,8,258.56,-0.03,74.7,29.09,359.24,1123.9,0.02,0.0,0N90E
2012-03-09,2012,3,9,68.58,0.17,79.9,28.91,116.94,540.97,0.67,5.3,0N90E
2012-03-10,2012,3,10,145.43,0.02,79.6,29.05,225.07,1000.56,0.33,1.4,0N90E
2012-03-11,2012,3,11,279.11,0.71,77.5,29.44,381.07,1073.04,2.97,6.2,0N90E
2012-03-12,2012,3,12,246.5,0.0,77.5,29.45,348.41,1198.63,0.05,0.0,0N90E
2012-03-13,2012,3,13,275.97,0.0,76.8,29.78,389.77,1189.62,0.01,0.0,0N90E
2012-03-14,2012,3,14,272.34,0.0,72.8,29.84,363.63,1050.53,0.01,0.0,0N90E
2012-03-15,2012,3,15,312.49,0.0,68.5,29.56,407.49,1104.55,0.01,0.0,0N90E
2012-03-16,2012,3,16,270.45,0.0,71.3,29.5,355.96,1261.65,0.01,0.0,0N90E
2012-03-17,2012,3,17,266.81,0.0,74.8,29.46,347.45,1180.17,0.01,0.0,0N90E
2012-03-18,2012,3,18,303.79,0.0,74.4,29.48,387.91,1064.93,0.01,0.0,0N90E
2012-03-19,2012,3,19,295.22,0.0,77.5,29.65,394.67,1149.11,0.01,0.0,0N90E
2012-03-20,2012,3,20,305.48,0.11,75.5,29.97,387.27,1117.15,0.86,1.4,0N90E
2012-03-21,2012,3,21,305.54,0.02,74.2,30.13,408.03,1160.81,0.2,1.4,0N90E
2012-03-22,2012,3,22,248.47,0.0,73.9,30.04,341.02,1315.66,0.03,0.0,0N90E
2012-03-23,2012,3,23,316.91,0.19,71.1,30.61,405.85,1281.9,1.61,1.4,0N90E
2012-03-24,2012,3,24,306.47,0.0,74.5,30.45,395.18,1223.83,0.11,0.7,0N90E
2012-03-25,2012,3,25,261.64,0.05,80.4,30.09,390.05,1152.71,0.29,1.4,0N90E
2012-03-26,2012,3,26,260.39,0.21,76.7,29.84,384.3,1278.3,1.11,4.9,0N90E
2012-03-27,2012,3,27,315.12,-0.01,72.6,30.3,404.04,1128.85,0.03,0.0,0N90E
2012-03-28,2012,3,28,312.21,-0.01,71.9,30.31,406.4,1115.35,0.01,0.0,0N90E
2012-03-29,2012,3,29,264.82,-0.01,78.7,30.04,402.97,1261.2,0.09,0.0,0N90E
2012-03-30,2012,3,30,85.87,1.21,82.3,29.66,164.09,1065.38,3.41,17.0,0N90E
2012-03-31,2012,3,31,84.15,0.47,78.0,29.5,130.83,594.09,2.06,7.6,0N90E
2012-04-01,2012,4,1,255.02,0.62,78.3,29.77,369.0,1167.12,3.35,6.2,0N90E
2012-04-02,2012,4,2,312.79,-0.02,73.2,29.82,412.32,1302.16,0.01,0.0,0N90E
2012-04-03,2012,4,3,303.94,-0.02,74.7,29.97,402.16,1205.38,0.02,0.0,0N90E
2012-04-04,2012,4,4,294.96,-0.01,74.5,29.88,393.16,1171.62,0.02,0.0,0N90E
2012-04-05,2012,4,5,307.9,0.0,72.3,30.18,395.62,1150.46,0.02,0.0,0N90E
2012-04-06,2012,4,6,301.59,-0.01,69.1,30.42,383.56,1120.75,0.04,0.0,0N90E
2012-04-07,2012,4,7,296.0,0.0,68.0,30.6,370.73,1001.01,0.02,0.0,0N90E
2012-04-08,2012,4,8,288.47,0.76,71.1,30.62,375.72,1029.82,4.58,4.9,0N90E
2012-04-09,2012,4,9,,0.19,75.4,30.44,,,1.49,1.4,0N90E
2012-04-10,2012,4,10,197.25,0.32,78.3,29.99,277.74,1261.2,2.23,4.9,0N90E
2012-04-11,2012,4,11,310.36,0.0,72.5,30.33,398.15,1158.56,0.01,0.0,0N90E
2012-04-12,2012,4,12,257.59,0.12,75.9,30.35,348.09,1242.29,0.7,2.1,0N90E
2012-04-13,2012,4,13,310.02,0.21,75.6,30.37,413.01,1127.05,1.57,2.1,0N90E
2012-04-14,2012,4,14,289.68,0.08,75.8,30.23,386.71,1191.42,0.69,1.4,0N90E
2012-04-15,2012,4,15,280.0,0.0,74.3,30.6,378.86,1239.59,0.03,0.0,0N90E
2012-04-16,2012,4,16,249.72,0.29,79.7,30.21,352.71,1274.7,1.97,2.8,0N90E
2012-04-17,2012,4,17,218.2,2.21,83.5,29.9,320.88,1185.12,5.66,29.9,0N90E
2012-04-18,2012,4,18,128.54,-0.02,78.5,29.7,185.98,963.2,0.05,0.0,0N90E
2012-04-19,2012,4,19,187.88,0.02,80.5,29.6,287.45,1448.45,0.31,1.4,0N90E
2012-04-20,2012,4,20,238.74,-0.01,75.9,29.62,349.47,1304.86,0.02,0.0,0N90E
2012-04-21,2012,4,21,251.17,-0.01,75.5,29.93,332.79,1213.93,0.02,0.0,0N90E
2012-04-22,2012,4,22,260.91,0.29,78.0,29.99,360.27,1416.49,1.94,3.5,0N90E
2012-04-23,2012,4,23,246.18,-0.02,77.0,30.2,363.44,1123.0,0.02,0.0,0N90E
2012-04-24,2012,4,24,299.99,-0.01,72.9,30.15,388.83,1199.53,0.01,0.0,0N90E
2012-04-25,2012,4,25,284.09,-0.01,77.3,30.09,380.71,1160.81,0.02,0.0,0N90E
2012-04-26,2012,4,26,274.19,0.42,77.5,30.27,376.6,1069.89,2.73,7.1,0N90E
2012-04-27,2012,4,27,292.81,1.09,82.0,30.05,382.76,1115.8,4.72,14.6,0N90E
2012-04-28,2012,4,28,85.02,0.59,81.9,29.77,136.29,625.6,1.37,18.1,0N90E
2012-04-29,2012,4,29,251.12,-0.02,75.7,30.08,352.34,1164.87,0.02,0.0,0N90E
2012-04-30,2012,4,30,276.38,-0.02,74.6,30.04,367.19,1117.6,0.02,0.0,0N90E
2012-05-01,2012,5,1,287.38,0.3,75.5,30.04,380.05,1059.53,2.35,2.1,0N90E
2012-05-02,2012,5,2,247.89,0.0,73.1,29.96,354.97,1030.28,0.05,0.0,0N90E
2012-05-03,2012,5,3,303.69,0.0,72.4,30.17,383.73,1097.29,0.09,0.0,0N90E
2012-05-04,2012,5,4,288.62,0.0,73.7,30.16,380.09,1121.53,0.06,0.0,0N90E
2012-05-05,2012,5,5,290.84,0.0,71.7,30.37,375.39,1157.65,0.08,0.0,0N90E
2012-05-06,2012,5,6,273.4,0.36,73.2,30.3,379.69,1104.9,2.84,2.1,0N90E
2012-05-07,2012,5,7,207.48,-0.02,77.2,30.02,311.34,1247.48,0.04,0.0,0N90E
2012-05-08,2012,5,8,287.85,-0.01,77.1,29.99,373.36,1073.06,0.04,0.0,0N90E
2012-05-09,2012,5,9,272.2,0.0,75.9,30.05,347.52,1221.34,0.04,0.0,0N90E
2012-05-10,2012,5,10,267.88,-0.01,75.0,30.21,357.73,1097.77,0.1,0.0,0N90E
2012-05-11,2012,5,11,261.9,-0.01,75.2,29.96,349.87,1051.19,0.07,0.0,0N90E
2012-05-12,2012,5,12,258.22,-0.01,75.4,30.1,349.78,1207.08,0.03,0.0,0N90E
2012-05-13,2012,5,13,263.8,-0.01,73.0,30.27,362.88,1096.34,0.03,0.0,0N90E
2012-05-14,2012,5,14,300.74,-0.01,73.0,30.3,379.77,1025.53,0.03,0.0,0N90E
2012-05-15,2012,5,15,267.19,0.0,75.9,30.18,357.78,1245.58,0.03,0.0,0N90E
2012-05-16,2012,5,16,278.99,0.49,75.5,30.34,368.9,1033.61,3.6,2.8,0N90E
2012-05-17,2012,5,17,244.71,0.0,74.9,30.41,331.06,1090.64,0.03,0.0,0N90E
2012-05-18,2012,5,18,280.45,-0.01,76.1,30.51,365.26,1046.92,0.06,0.0,0N90E
2012-05-19,2012,5,19,239.01,1.1,79.2,30.47,309.91,1142.45,5.76,5.6,0N90E
2012-05-20,2012,5,20,232.75,0.1,81.5,30.18,328.92,1078.76,0.53,2.1,0N90E
2012-05-21,2012,5,21,38.02,1.73,82.0,29.95,61.09,237.52,7.7,13.4,0N90E
2012-05-22,2012,5,22,100.66,0.02,79.3,29.95,135.99,686.66,0.24,2.1,0N90E
2012-05-23,2012,5,23,268.46,-0.02,76.0,30.12,349.97,1062.12,0.04,0.0,0N90E
2012-05-24,2012,5,24,267.66,0.21,79.0,30.09,356.67,1049.29,1.54,2.8,0N90E
2012-05-25,2012,5,25,243.64,0.01,79.9,30.04,328.63,1137.22,0.16,0.7,0N90E
2012-05-26,2012,5,26,250.52,-0.01,78.4,30.02,342.31,1059.27,0.12,0.7,0N90E
2012-05-27,2012,5,27,239.77,0.37,80.3,30.01,331.63,1068.78,2.51,3.5,0N90E
2012-05-28,2012,5,28,154.69,1.08,80.4,29.92,213.81,708.52,4.23,13.2,0N90E
2012-05-29,2012,5,29,223.34,0.27,78.4,29.89,320.55,1042.64,1.79,4.2,0N90E
2012-05-30,2012,5,30,98.46,0.26,80.4,29.79,168.73,952.81,1.39,4.9,0N90E
2012-05-31,2012,5,31,174.4,0.0,77.8,29.75,243.2,899.58,0.07,0.0,0N90E
2012-06-01,2012,6,1,175.19,0.0,80.6,29.72,254.03,998.91,0.03,0.0,0N90E
2012-06-02,2012,6,2,253.39,0.02,79.2,29.78,349.19,1090.17,0.21,1.4,0N90E
2012-06-03,2012,6,3,212.02,-0.02,79.1,29.73,287.31,935.7,0.11,0.0,0N90E
2012-06-04,2012,6,4,241.96,0.0,77.9,29.74,332.12,1035.98,0.13,0.7,0N90E
2012-06-05,2012,6,5,148.89,0.0,77.3,29.65,188.19,602.06,0.06,0.0,0N90E
2012-06-06,2012,6,6,231.97,0.0,79.6,29.65,315.07,1131.99,0.08,0.0,0N90E
2012-06-07,2012,6,7,256.65,0.1,77.1,29.71,345.97,1126.29,0.42,4.2,0N90E
2012-06-08,2012,6,8,178.32,0.14,79.4,29.56,254.76,803.1,1.37,2.1,0N90E
2012-06-09,2012,6,9,150.3,0.19,79.0,29.51,214.8,777.43,1.68,2.8,0N90E
2012-06-10,2012,6,10,147.25,0.0,79.8,29.46,200.3,774.11,0.11,0.7,0N90E
2012-06-11,2012,6,11,266.49,-0.01,76.1,29.47,343.89,984.65,0.02,0.0,0N90E
2012-06-12,2012,6,12,271.93,-0.01,74.7,29.42,353.01,979.9,0.02,0.0,0N90E
2012-06-13,2012,6,13,269.64,-0.01,74.3,29.47,349.54,1005.57,0.04,0.0,0N90E
2012-06-14,2012,6,14,273.89,-0.01,76.3,29.55,353.24,1004.14,0.03,0.0,0N90E
2012-06-15,2012,6,15,278.36,0.0,74.1,29.66,354.44,1066.4,0.02,0.0,0N90E
2012-06-16,2012,6,16,283.86,0.0,71.2,29.83,360.27,964.69,0.02,0.0,0N90E
2012-06-17,2012,6,17,261.03,0.22,77.1,29.57,347.63,1005.09,2.03,2.1,0N90E
2012-06-18,2012,6,18,248.81,0.31,77.8,29.77,329.92,1074.96,2.33,2.8,0N90E
2012-06-19,2012,6,19,186.89,0.25,79.6,29.48,252.14,1062.6,1.08,6.9,0N90E
2012-06-20,2012,6,20,186.89,0.05,80.6,29.34,274.17,1269.34,0.51,1.4,0N90E
2012-06-21,2012,6,21,218.73,-0.01,77.4,29.52,288.29,906.23,0.01,0.0,0N90E
2012-06-22,2012,6,22,274.31,0.0,73.2,29.96,358.45,955.66,0.03,0.0,0N90E
2012-06-23,2012,6,23,280.35,-0.01,70.8,30.06,353.25,950.91,0.05,0.0,0N90E
2012-06-24,2012,6,24,284.08,-0.02,72.2,29.77,359.26,968.97,0.03,0.0,0N90E
2012-06-25,2012,6,25,272.76,-0.02,76.5,29.81,356.94,1078.76,0.02,0.0,0N90E
2012-06-26,2012,6,26,253.26,0.0,77.2,29.96,336.11,946.63,0.3,0.7,0N90E
2012-06-27,2012,6,27,136.04,0.56,78.7,29.82,235.98,1121.53,3.31,4.9,0N90E
2012-06-28,2012,6,28,269.16,-0.03,71.9,29.76,356.67,1224.67,0.03,0.0,0N90E
2012-06-29,2012,6,29,261.07,-0.02,76.1,29.86,339.53,1060.22,0.03,0.0,0N90E
2012-06-30,2012,6,30,219.67,0.16,76.7,29.76,306.51,1038.84,1.04,3.5,0N90E
2012-07-01,2012,7,1,62.96,0.47,79.2,29.61,108.5,705.19,1.28,13.2,0N90E
2012-07-02,2012,7,2,130.34,0.0,77.2,29.59,179.59,661.47,0.04,0.0,0N90E
2012-07-03,2012,7,3,183.89,0.76,77.1,29.71,279.19,1074.01,3.12,9.7,0N90E
2012-07-04,2012,7,4,126.7,1.36,80.9,29.42,198.75,878.19,6.19,15.3,0N90E
2012-07-05,2012,7,5,225.42,0.0,76.8,29.64,323.33,1065.93,0.03,0.0,0N90E
2012-07-06,2012,7,6,176.76,0.03,79.4,29.55,258.42,1155.75,0.38,0.7,0N90E
2012-07-07,2012,7,7,198.69,-0.01,78.6,29.56,268.7,933.32,0.02,0.0,0N90E
2012-07-08,2012,7,8,154.11,0.05,77.1,29.43,250.54,1098.72,0.56,1.4,0N90E
2012-07-09,2012,7,9,223.35,0.17,76.3,29.37,325.34,1101.1,1.6,1.4,0N90E
2012-07-10,2012,7,10,195.36,0.12,78.7,29.36,298.3,1084.46,0.75,4.2,0N90E
2012-07-11,2012,7,11,247.36,0.0,78.5,29.38,330.86,1048.82,0.14,0.7,0N90E
2012-07-12,2012,7,12,212.87,-0.01,77.3,29.38,295.99,1074.48,0.01,0.0,0N90E
2012-07-13,2012,7,13,252.49,-0.02,77.6,29.32,333.18,987.51,0.02,0.0,0N90E
2012-07-14,2012,7,14,229.2,-0.02,76.7,29.34,307.94,1069.73,0.05,0.0,0N90E
2012-07-15,2012,7,15,244.48,0.04,77.2,29.44,341.18,1109.18,0.24,2.1,0N90E
2012-07-16,2012,7,16,156.58,-0.01,77.0,29.31,236.56,918.12,0.09,0.0,0N90E
2012-07-17,2012,7,17,178.19,-0.02,75.1,29.28,232.88,932.37,0.02,0.0,0N90E
2012-07-18,2012,7,18,248.75,-0.02,77.5,29.44,340.99,1232.75,0.09,0.0,0N90E
2012-07-19,2012,7,19,247.4,0.0,75.4,29.75,343.06,1032.18,0.03,0.0,0N90E
2012-07-20,2012,7,20,82.86,1.21,82.9,29.33,163.31,1154.8,4.73,13.4,0N90E
2012-07-21,2012,7,21,105.24,0.02,78.5,29.13,132.33,533.14,0.22,0.7,0N90E
2012-07-22,2012,7,22,104.66,0.5,82.5,29.04,138.92,552.15,1.81,9.7,0N90E
2012-07-23,2012,7,23,44.38,0.58,76.5,28.87,74.63,401.02,1.7,13.9,0N90E
2012-07-24,2012,7,24,243.07,-0.01,78.8,29.04,346.12,1231.32,0.04,0.0,0N90E
2012-07-25,2012,7,25,247.71,-0.01,75.0,29.24,336.15,992.26,0.02,0.0,0N90E
2012-07-26,2012,7,26,256.98,-0.01,73.4,29.22,341.87,1049.29,0.02,0.0,0N90E
2012-07-27,2012,7,27,274.5,-0.03,72.5,29.3,355.24,1116.78,0.02,0.0,0N90E
2012-07-28,2012,7,28,286.17,-0.01,75.4,29.27,368.48,990.83,0.15,0.7,0N90E
2012-07-29,2012,7,29,270.13,-0.02,76.3,29.32,345.12,1064.03,0.02,0.0,0N90E
2012-07-30,2012,7,30,137.36,0.05,76.6,29.31,171.83,545.98,0.57,1.4,0N90E
2012-07-31,2012,7,31,209.51,0.02,77.7,29.29,295.58,1143.4,0.34,1.4,0N90E
2012-08-01,2012,8,1,229.58,-0.02,75.7,29.22,309.53,1209.46,0.02,0.0,0N90E
2012-08-02,2012,8,2,249.35,-0.02,74.8,29.16,359.75,1291.21,0.01,0.0,0N90E
2012-08-03,2012,8,3,283.51,-0.02,72.8,29.2,369.64,1079.23,0.01,0.0,0N90E
2012-08-04,2012,8,4,283.0,-0.02,72.3,29.25,372.45,1083.04,0.01,0.0,0N90E
2012-08-05,2012,8,5,285.73,-0.02,70.6,29.27,372.67,1078.28,0.01,0.0,0N90E
2012-08-06,2012,8,6,284.71,-0.02,72.0,29.26,368.35,1136.74,0.03,0.0,0N90E
2012-08-07,2012,8,7,265.81,-0.02,75.2,29.4,352.03,1201.38,0.01,0.0,0N90E
2012-08-08,2012,8,8,259.79,0.38,80.9,29.29,363.07,1170.96,1.94,9.7,0N90E
2012-08-09,2012,8,9,150.18,0.17,82.5,29.23,249.99,1069.25,1.41,2.1,0N90E
2012-08-10,2012,8,10,159.39,-0.02,77.9,29.22,227.3,1028.86,0.04,0.0,0N90E
2012-08-11,2012,8,11,285.81,-0.03,78.2,29.38,371.47,1072.11,0.01,0.0,0N90E
2012-08-12,2012,8,12,262.42,0.34,79.2,29.48,361.03,1154.33,1.84,4.9,0N90E
2012-08-13,2012,8,13,227.89,0.01,80.7,29.38,323.47,1155.28,0.42,1.4,0N90E
2012-08-14,2012,8,14,267.37,0.03,78.7,29.37,358.19,1020.3,0.69,0.7,0N90E
2012-08-15,2012,8,15,214.33,-0.01,80.2,29.32,328.95,1153.85,0.05,0.0,0N90E
2012-08-16,2012,8,16,52.41,1.11,80.2,29.29,89.18,509.85,5.02,13.2,0N90E
2012-08-17,2012,8,17,252.93,0.24,78.6,29.37,341.79,1172.86,1.48,2.8,0N90E
2012-08-18,2012,8,18,178.79,0.18,82.9,29.17,268.55,971.35,0.47,6.6,0N90E
2012-08-19,2012,8,19,162.15,0.52,80.9,29.18,226.6,1012.7,3.12,4.9,0N90E
2012-08-20,2012,8,20,149.3,0.21,79.0,29.18,231.93,1109.65,0.63,7.6,0N90E
2012-08-21,2012,8,21,159.65,0.21,78.4,29.27,225.85,1052.14,1.64,2.1,0N90E
2012-08-22,2012,8,22,261.55,0.26,81.8,29.3,357.05,1219.44,0.87,8.3,0N90E
2012-08-23,2012,8,23,59.18,0.13,78.9,29.19,86.16,329.25,0.55,4.9,0N90E
2012-08-24,2012,8,24,270.9,-0.01,75.6,29.49,365.02,1280.75,0.03,0.0,0N90E
2012-08-25,2012,8,25,246.4,0.0,78.5,29.26,332.97,1207.08,0.01,0.0,0N90E
2012-08-26,2012,8,26,63.81,0.24,79.3,29.16,100.14,681.43,1.18,4.2,0N90E
2012-08-27,2012,8,27,116.18,0.39,80.2,29.07,207.93,856.81,1.01,11.8,0N90E
2012-08-28,2012,8,28,201.59,-0.01,76.7,28.94,325.15,1132.94,0.07,0.0,0N90E
2012-08-29,2012,8,29,254.88,-0.03,76.5,28.86,343.2,1124.39,0.02,0.0,0N90E
2012-08-30,2012,8,30,293.64,-0.04,75.8,29.03,378.51,1176.19,0.02,0.0,0N90E
2012-08-31,2012,8,31,280.76,-0.02,76.4,29.24,386.04,1137.69,0.01,0.0,0N90E
2012-09-01,2012,9,1,285.54,0.0,79.4,29.22,379.89,1114.88,0.23,1.4,0N90E
2012-09-02,2012,9,2,284.45,-0.04,81.3,29.17,380.1,1088.26,0.04,0.0,0N90E
2012-09-03,2012,9,3,173.0,0.83,80.9,29.01,274.06,1181.89,4.65,6.2,0N90E
2012-09-04,2012,9,4,82.18,0.0,78.7,28.89,114.55,440.94,0.13,0.0,0N90E
2012-09-05,2012,9,5,173.5,0.55,81.5,28.84,267.26,1397.67,3.2,4.9,0N90E
2012-09-06,2012,9,6,295.46,-0.01,81.0,29.0,392.15,1360.12,0.01,0.0,0N90E
2012-09-07,2012,9,7,223.53,0.6,83.1,28.97,313.14,1152.9,3.43,6.9,0N90E
2012-09-08,2012,9,8,145.99,-0.01,78.6,28.96,204.06,861.56,0.01,0.0,0N90E
2012-09-09,2012,9,9,280.87,-0.01,74.0,29.17,368.96,1205.66,0.01,0.0,0N90E
2012-09-10,2012,9,10,288.19,0.09,71.6,29.29,374.55,1055.47,0.83,1.4,0N90E
2012-09-11,2012,9,11,75.19,0.72,80.8,29.01,127.69,673.82,2.16,13.9,0N90E
2012-09-12,2012,9,12,225.62,0.4,80.5,29.08,341.69,1273.62,2.41,6.9,0N90E
2012-09-13,2012,9,13,252.06,-0.01,78.8,29.04,362.2,1253.18,0.01,0.0,0N90E
2012-09-14,2012,9,14,229.77,-0.02,71.3,29.03,311.69,1076.38,0.01,0.0,0N90E
2012-09-15,2012,9,15,297.68,-0.01,67.6,29.0,389.15,1106.8,0.03,0.0,0N90E
2012-09-16,2012,9,16,288.08,-0.01,70.8,29.09,389.54,1105.37,0.01,0.0,0N90E
2012-09-17,2012,9,17,238.0,-0.01,73.1,29.16,328.72,1232.27,0.01,0.0,0N90E
2012-09-18,2012,9,18,299.87,0.0,74.8,29.39,395.19,1178.09,0.01,0.0,0N90E
2012-09-19,2012,9,19,294.92,0.0,71.4,29.75,389.05,1097.29,0.01,0.0,0N90E
2012-09-20,2012,9,20,216.35,-0.01,73.8,29.41,273.49,1307.84,0.03,0.0,0N90E
2012-09-21,2012,9,21,297.78,-0.01,77.7,29.35,394.79,1072.11,0.01,0.0,0N90E
2012-09-22,2012,9,22,146.61,0.14,82.3,29.2,225.71,1084.46,0.82,3.5,0N90E
2012-09-23,2012,9,23,150.12,0.1,79.3,29.16,257.54,1235.12,0.51,4.2,0N90E
2012-09-24,2012,9,24,280.91,-0.01,75.8,29.29,367.54,1115.83,0.02,0.0,0N90E
2012-09-25,2012,9,25,219.76,0.93,76.2,29.2,319.2,1221.82,6.26,2.8,0N90E
2012-09-26,2012,9,26,239.33,0.02,76.0,29.13,369.68,1142.45,0.46,1.4,0N90E
2012-09-27,2012,9,27,312.8,-0.04,73.5,29.23,400.04,1150.53,0.02,0.0,0N90E
2012-09-28,2012,9,28,217.7,-0.03,74.0,29.22,297.41,1285.5,0.07,0.0,0N90E
2012-09-29,2012,9,29,300.07,-0.03,76.2,29.26,393.14,1115.36,0.02,0.0,0N90E
2012-09-30,2012,9,30,242.55,0.04,72.1,29.27,317.52,1037.89,0.7,1.4,0N90E
2012-10-01,2012,10,1,311.48,-0.01,67.1,29.62,404.1,1150.05,0.03,0.0,0N90E
2012-10-02,2012,10,2,294.28,-0.01,69.2,29.74,395.1,1234.17,0.03,0.0,0N90E
2012-10-03,2012,10,3,284.95,-0.02,70.3,29.66,369.78,1223.72,0.02,0.0,0N90E
2012-10-04,2012,10,4,292.62,-0.01,70.2,29.78,385.85,1249.38,0.01,0.0,0N90E
2012-10-05,2012,10,5,314.56,-0.01,70.2,29.93,400.98,1088.74,0.02,0.0,0N90E
2012-10-06,2012,10,6,313.32,0.01,72.6,29.95,402.21,1166.21,0.23,0.7,0N90E
2012-10-07,2012,10,7,211.14,0.1,77.2,29.54,287.96,1069.73,0.83,2.1,0N90E
2012-10-08,2012,10,8,306.45,-0.03,73.5,29.53,406.06,1160.03,0.05,0.0,0N90E
2012-10-09,2012,10,9,316.43,0.06,73.1,29.58,403.04,1075.91,0.76,2.1,0N90E
2012-10-10,2012,10,10,295.58,-0.03,76.4,29.48,388.67,1217.54,0.02,0.0,0N90E
2012-10-11,2012,10,11,192.45,0.24,78.4,29.58,298.03,1169.54,1.94,2.1,0N90E
2012-10-12,2012,10,12,209.58,-0.02,75.0,29.58,282.94,992.26,0.02,0.0,0N90E
2012-10-13,2012,10,13,294.53,-0.03,76.6,29.52,398.04,1140.54,0.04,0.0,0N90E
2012-10-14,2012,10,14,249.16,1.76,80.3,29.38,349.24,1241.3,8.35,9.7,0N90E
2012-10-15,2012,10,15,213.59,0.01,81.3,29.29,315.67,1389.11,0.16,0.7,0N90E
2012-10-16,2012,10,16,208.43,0.78,80.6,29.34,321.04,1255.56,5.62,4.2,0N90E
2012-10-17,2012,10,17,97.58,0.05,82.4,29.1,152.14,826.86,0.24,1.4,0N90E
2012-10-18,2012,10,18,234.25,0.15,78.7,29.12,316.89,985.13,0.72,3.5,0N90E
2012-10-19,2012,10,19,234.38,0.01,75.8,29.39,320.73,1386.26,0.04,0.0,0N90E
2012-10-20,2012,10,20,258.43,0.0,75.9,29.63,364.94,1294.06,0.05,0.0,0N90E
2012-10-21,2012,10,21,185.79,1.0,81.2,29.44,328.76,1271.25,4.22,8.3,0N90E
2012-10-22,2012,10,22,138.62,0.74,83.3,29.3,235.85,1335.41,3.73,8.3,0N90E
2012-10-23,2012,10,23,182.56,0.27,81.2,29.31,314.67,1341.11,1.03,7.7,0N90E
2012-10-24,2012,10,24,227.26,0.77,82.6,29.46,350.49,1250.33,5.0,3.5,0N90E
2012-10-25,2012,10,25,112.66,0.75,85.6,29.29,188.73,776.48,2.25,15.3,0N90E
2012-10-26,2012,10,26,244.16,1.3,80.6,29.36,341.43,1136.74,3.64,16.0,0N90E
2012-10-27,2012,10,27,181.21,0.41,79.3,29.17,276.1,1075.91,1.26,11.8,0N90E
2012-10-28,2012,10,28,198.58,0.0,80.3,29.23,302.61,1267.92,0.02,0.0,0N90E
2012-10-29,2012,10,29,222.9,0.06,76.3,29.24,327.16,1255.56,0.77,1.4,0N90E
2012-10-30,2012,10,30,132.64,0.24,81.1,29.01,224.28,1230.85,1.43,4.9,0N90E
2012-10-31,2012,10,31,215.33,0.01,78.8,29.02,310.42,1099.2,0.33,1.4,0N90E
2012-11-01,2012,11,1,30.74,2.58,85.8,29.14,55.13,486.57,6.35,45.8,0N90E
2012-11-02,2012,11,2,35.01,1.62,84.0,28.91,47.56,194.27,6.41,14.6,0N90E
2012-11-03,2012,11,3,53.73,0.37,83.0,28.77,91.54,410.52,0.91,11.1,0N90E
2012-11-04,2012,11,4,159.62,0.11,79.8,28.89,217.4,876.29,0.73,2.1,0N90E
2012-11-05,2012,11,5,177.07,0.61,83.2,28.91,277.85,1103.47,4.41,2.8,0N90E
2012-11-06,2012,11,6,249.81,0.02,78.0,29.03,361.67,1352.99,0.16,1.4,0N90E
2012-11-07,2012,11,7,246.68,0.01,79.5,28.99,327.68,1130.56,0.26,0.7,0N90E
2012-11-08,2012,11,8,126.48,5.61,89.3,29.03,233.05,1035.51,11.17,39.6,0N90E
2012-11-09,2012,11,9,201.74,0.57,82.2,29.07,321.57,1228.47,1.41,15.3,0N90E
2012-11-10,2012,11,10,188.77,0.32,80.3,28.92,266.41,1058.32,1.43,9.0,0N90E
2012-11-11,2012,11,11,216.17,0.7,80.9,28.88,340.77,1245.58,2.91,13.2,0N90E
2012-11-12,2012,11,12,209.43,0.3,80.8,28.85,330.67,1276.0,1.47,6.9,0N90E
2012-11-13,2012,11,13,88.7,0.3,83.1,28.73,122.55,571.64,1.8,4.9,0N90E
2012-11-14,2012,11,14,213.38,0.71,82.3,28.71,299.09,1287.4,2.82,12.5,0N90E
2012-11-15,2012,11,15,239.7,0.01,79.2,28.83,334.51,1283.13,0.31,1.4,0N90E
2012-11-16,2012,11,16,201.68,0.52,84.3,28.92,293.86,1124.86,2.14,11.1,0N90E
2012-11-17,2012,11,17,49.81,0.5,84.2,28.8,70.59,249.88,1.44,13.9,0N90E
2012-11-18,2012,11,18,262.15,-0.02,81.3,28.86,353.01,1157.65,0.01,0.0,0N90E
2012-11-19,2012,11,19,224.83,0.41,80.1,29.01,335.85,1090.64,2.25,4.2,0N90E
2012-11-20,2012,11,20,254.16,0.08,80.3,29.08,343.3,1168.59,0.69,2.1,0N90E
2012-11-21,2012,11,21,291.03,0.25,80.7,29.39,372.16,1042.16,1.49,2.8,0N90E
2012-11-22,2012,11,22,110.9,0.43,82.1,29.0,196.97,1265.07,1.21,11.8,0N90E
2012-11-23,2012,11,23,288.77,-0.01,74.7,29.29,389.82,1164.31,0.02,0.0,0N90E
2012-11-24,2012,11,24,289.26,-0.02,77.0,29.15,377.2,1137.22,0.02,0.0,0N90E
2012-11-25,2012,11,25,283.06,0.07,82.5,29.1,384.33,1125.34,0.4,3.5,0N90E
2012-11-26,2012,11,26,75.62,0.89,86.4,28.89,106.1,415.28,2.5,18.1,0N90E
2012-11-27,2012,11,27,175.84,1.05,84.0,28.97,298.54,1225.14,5.28,7.6,0N90E
2012-11-28,2012,11,28,114.45,1.63,85.8,28.85,183.63,1038.84,3.33,29.2,0N90E
2012-11-29,2012,11,29,117.07,0.04,81.5,28.76,172.73,793.59,0.36,2.8,0N90E
2012-11-30,2012,11,30,190.17,1.21,82.4,28.68,281.75,1067.35,4.27,20.1,0N90E
2012-12-01,2012,12,1,98.34,0.5,82.6,28.64,155.73,720.88,2.05,14.6,0N90E
2012-12-02,2012,12,2,179.91,0.27,81.8,28.71,259.72,1081.61,2.34,3.5,0N90E
2012-12-03,2012,12,3,241.01,-0.01,78.0,28.96,357.81,1047.87,0.04,0.0,0N90E
2012-12-04,2012,12,4,280.97,0.0,77.2,29.23,364.98,1039.79,0.02,0.0,0N90E
2012-12-05,2012,12,5,273.61,-0.01,78.2,29.32,357.92,1087.79,0.01,0.0,0N90E
2012-12-06,2012,12,6,287.68,-0.02,76.2,29.31,371.95,1073.53,0.26,1.4,0N90E
2012-12-07,2012,12,7,294.67,0.0,72.1,29.96,374.74,996.54,0.03,0.0,0N90E
2012-12-08,2012,12,8,244.13,-0.01,76.0,29.28,325.01,1129.14,0.05,0.0,0N90E
2012-12-09,2012,12,9,280.09,0.01,75.2,29.4,365.04,1087.31,0.15,0.7,0N90E
2012-12-10,2012,12,10,195.71,-0.01,78.2,29.06,288.86,1194.25,0.04,0.0,0N90E
2012-12-11,2012,12,11,192.66,0.21,78.2,29.05,269.98,1323.05,1.38,2.8,0N90E
2012-12-12,2012,12,12,287.45,-0.01,75.9,29.19,385.74,1178.57,0.02,0.0,0N90E
2012-12-13,2012,12,13,275.31,0.0,76.7,29.33,376.98,1088.74,0.02,0.0,0N90E
2012-12-14,2012,12,14,106.35,3.84,84.2,29.05,191.88,1051.67,12.63,20.8,0N90E
2012-12-15,2012,12,15,63.99,0.37,78.9,28.88,93.94,420.5,2.68,4.9,0N90E
2012-12-16,2012,12,16,116.32,0.2,80.0,28.85,154.4,679.05,1.73,1.4,0N90E
2012-12-17,2012,12,17,266.51,-0.02,75.5,29.31,368.37,1352.52,0.03,0.0,0N90E
2012-12-18,2012,12,18,116.31,0.04,78.6,28.92,194.11,944.26,0.27,2.1,0N90E
2012-12-19,2012,12,19,235.64,2.2,80.8,28.94,335.8,1400.52,8.34,17.4,0N90E
2012-12-20,2012,12,20,191.06,0.04,79.4,28.92,271.83,1080.18,0.41,1.4,0N90E
2012-12-21,2012,12,21,286.69,0.0,79.1,29.16,372.04,1016.97,0.04,0.0,0N90E
2012-12-22,2012,12,22,139.6,0.23,79.8,28.99,200.43,838.75,1.16,3.5,0N90E
2012-12-23,2012,12,23,97.91,0.49,83.2,28.83,158.05,655.76,1.9,7.6,0N90E
2012-12-24,2012,12,24,113.35,0.53,82.4,28.92,159.28,817.83,3.54,5.6,0N90E
2012-12-25,2012,12,25,211.31,0.25,83.3,28.99,308.61,1277.9,1.34,4.9,0N90E
2012-12-26,2012,12,26,64.48,2.36,88.0,28.84,103.25,414.8,4.35,33.3,0N90E
2012-12-27,2012,12,27,27.07,0.99,84.6,28.73,43.24,178.59,1.77,28.5,0N90E
2012-12-28,2012,12,28,237.85,0.67,79.9,28.72,333.01,1053.57,2.76,10.4,0N90E
2012-12-29,2012,12,29,124.97,0.59,84.8,28.67,184.64,1117.73,2.2,13.2,0N90E
2012-12-30,2012,12,30,77.21,1.63,84.6,28.61,137.06,878.19,6.05,13.9,0N90E
2012-12-31,2012,12,31,261.35,0.11,81.5,28.68,346.72,1182.37,0.56,4.2,0N90E
2013-01-01,2013,1,1,259.79,-0.02,79.1,29.07,354.83,1108.23,0.04,0.0,0N90E
2013-01-02,2013,1,2,221.33,-0.02,81.3,28.74,289.27,1160.03,0.21,0.7,0N90E
2013-01-03,2013,1,3,64.25,0.02,79.9,28.76,84.34,274.59,0.48,2.1,0N90E
2013-01-04,2013,1,4,235.45,-0.04,77.9,28.88,332.78,1225.62,0.11,0.0,0N90E
2013-01-05,2013,1,5,193.05,0.35,79.8,28.78,293.03,1198.05,2.68,3.5,0N90E
2013-01-06,2013,1,6,277.21,0.0,79.0,28.85,361.23,1019.82,0.12,0.7,0N90E
2013-01-07,2013,1,7,288.63,0.03,77.2,28.84,370.61,1059.75,0.27,1.4,0N90E
2013-01-08,2013,1,8,254.91,0.0,77.8,28.92,347.03,1041.21,0.03,0.0,0N90E
2013-01-09,2013,1,9,283.8,0.0,78.8,28.96,368.09,1001.76,0.01,0.0,0N90E
2013-01-10,2013,1,10,294.21,-0.03,77.3,29.05,381.37,1065.93,0.04,0.0,0N90E
2013-01-11,2013,1,11,278.44,-0.01,76.2,29.06,366.41,1045.01,0.02,0.0,0N90E
2013-01-12,2013,1,12,222.81,0.01,79.5,28.93,312.99,1168.11,0.12,0.7,0N90E
2013-01-13,2013,1,13,239.12,0.03,80.0,28.81,323.37,1013.17,0.28,1.4,0N90E
2013-01-14,2013,1,14,258.37,0.0,79.7,29.13,335.69,1123.43,0.01,0.0,0N90E
2013-01-15,2013,1,15,244.41,0.0,79.0,29.31,337.57,1171.91,0.03,0.0,0N90E
2013-01-16,2013,1,16,189.41,1.07,83.2,29.17,306.96,1088.74,4.84,8.3,0N90E
2013-01-17,2013,1,17,260.2,0.19,80.6,29.06,353.94,1132.46,2.2,2.1,0N90E
2013-01-18,2013,1,18,240.08,-0.02,77.3,29.05,329.31,1120.11,0.04,0.0,0N90E
2013-01-19,2013,1,19,291.82,-0.02,77.5,29.3,377.9,1164.78,0.02,0.0,0N90E
2013-01-20,2013,1,20,239.35,0.09,81.8,29.17,338.22,1160.03,1.01,1.4,0N90E
2013-01-21,2013,1,21,279.0,0.01,78.6,29.25,379.3,1146.72,0.11,0.7,0N90E
2013-01-22,2013,1,22,278.81,0.0,77.5,29.42,373.99,1111.08,0.01,0.0,0N90E
2013-01-23,2013,1,23,268.01,0.43,80.2,29.16,371.39,1083.04,3.01,7.6,0N90E
2013-01-24,2013,1,24,77.43,0.3,82.0,29.0,109.57,491.79,1.27,4.9,0N90E
2013-01-25,2013,1,25,265.67,0.08,80.2,29.07,367.53,1191.87,0.51,3.5,0N90E
2013-01-26,2013,1,26,258.81,0.12,80.2,29.02,367.83,1200.9,0.89,2.1,0N90E
2013-01-27,2013,1,27,177.0,0.18,80.2,28.96,257.38,1205.18,1.04,3.5,0N90E
2013-01-28,2013,1,28,279.82,0.97,82.1,29.07,378.85,1145.3,4.72,6.9,0N90E
2013-01-29,2013,1,29,278.92,0.22,80.8,29.07,368.86,1296.91,1.38,3.5,0N90E
2013-01-30,2013,1,30,111.59,0.02,81.5,29.04,175.16,1139.59,0.12,0.7,0N90E
2013-01-31,2013,1,31,289.81,-0.01,79.2,29.22,383.01,1081.61,0.04,0.0,0N90E
2013-02-01,2013,2,1,176.75,1.09,79.7,29.02,253.98,1023.63,5.72,5.6,0N90E
2013-02-02,2013,2,2,239.71,0.87,80.7,29.04,341.02,1131.04,4.22,7.6,0N90E
2013-02-03,2013,2,3,10.48,3.09,83.3,28.71,14.89,89.24,8.46,34.7,0N90E
2013-02-04,2013,2,4,198.85,0.73,80.0,28.86,332.97,1209.93,2.58,10.4,0N90E
2013-02-05,2013,2,5,133.37,0.61,81.9,28.85,213.77,1029.33,1.87,16.7,0N90E
2013-02-06,2013,2,6,71.81,0.83,81.0,28.73,119.5,633.43,2.29,17.4,0N90E
2013-02-07,2013,2,7,45.32,0.79,84.7,28.66,70.63,391.99,1.83,22.9,0N90E
2013-02-08,2013,2,8,155.26,0.78,82.2,28.66,243.37,1037.41,4.24,7.6,0N90E
2013-02-09,2013,2,9,268.08,0.26,78.1,28.96,365.26,1135.32,1.94,2.8,0N90E
2013-02-10,2013,2,10,219.13,0.14,79.0,29.06,323.12,1209.46,0.66,3.5,0N90E
2013-02-11,2013,2,11,265.2,-0.01,79.2,29.16,361.23,1213.74,0.03,0.0,0N90E
2013-02-12,2013,2,12,281.04,-0.02,79.3,29.1,381.59,1152.43,0.01,0.0,0N90E
2013-02-13,2013,2,13,274.3,-0.01,77.7,29.2,380.08,1168.11,0.04,0.0,0N90E
2013-02-14,2013,2,14,125.53,0.39,80.8,29.0,250.5,1199.0,1.53,9.0,0N90E
2013-02-15,2013,2,15,189.41,0.65,81.2,28.9,312.8,1411.93,2.41,13.2,0N90E
2013-02-16,2013,2,16,203.21,-0.02,78.2,28.94,281.97,1138.64,0.02,0.0,0N90E
2013-02-17,2013,2,17,288.54,-0.03,77.3,29.19,395.16,1254.14,0.01,0.0,0N90E
2013-02-18,2013,2,18,270.68,-0.03,78.3,29.09,373.49,1136.27,0.05,0.0,0N90E
2013-02-19,2013,2,19,63.63,0.62,81.0,28.88,113.56,484.19,2.85,7.6,0N90E
2013-02-20,2013,2,20,143.55,0.04,79.9,28.82,263.1,987.98,0.24,1.4,0N90E
2013-02-21,2013,2,21,224.53,-0.01,75.0,28.94,301.33,1065.93,0.03,0.0,0N90E
2013-02-22,2013,2,22,226.95,0.41,78.0,28.98,332.93,1113.93,3.71,1.4,0N90E
2013-02-23,2013,2,23,51.51,0.38,80.1,28.86,71.36,363.95,1.33,10.4,0N90E
2013-02-24,2013,2,24,273.48,-0.01,79.2,28.98,369.41,1304.04,0.07,0.0,0N90E
2013-02-25,2013,2,25,262.72,1.01,80.1,28.99,373.51,1108.23,7.79,2.8,0N90E
2013-02-26,2013,2,26,289.09,-0.02,78.6,29.06,387.37,1110.6,0.09,0.0,0N90E
2013-02-27,2013,2,27,261.56,0.47,79.6,29.15,377.39,1129.61,3.19,4.2,0N90E
2013-02-28,2013,2,28,217.27,0.3,77.7,29.13,297.24,1027.9,2.18,3.5,0N90E
2013-03-01,2013,3,1,301.25,-0.02,73.7,29.26,398.97,1109.18,0.03,0.0,0N90E
2013-03-02,2013,3,2,314.92,-0.02,71.7,29.35,404.57,1103.0,0.02,0.0,0N90E
2013-03-03,2013,3,3,310.4,-0.03,73.8,29.27,399.18,1063.55,0.02,0.0,0N90E
2013-03-04,2013,3,4,269.03,0.0,74.3,29.56,374.58,1202.33,0.02,0.0,0N90E
2013-03-05,2013,3,5,270.5,0.0,72.5,29.79,376.6,1143.4,0.03,0.0,0N90E
2013-03-06,2013,3,6,319.04,0.0,71.8,30.12,406.06,1152.43,0.01,0.0,0N90E
2013-03-07,2013,3,7,316.17,-0.01,71.8,30.12,402.87,1067.83,0.03,0.0,0N90E
2013-03-08,2013,3,8,307.49,-0.01,71.5,30.34,399.88,1133.89,0.01,0.0,0N90E
2013-03-09,2013,3,9,312.82,-0.01,71.8,30.21,402.61,1145.3,0.01,0.0,0N90E
2013-03-10,2013,3,10,307.1,-0.01,71.4,30.42,400.6,1171.44,0.05,0.0,0N90E
2013-03-11,2013,3,11,290.17,0.0,74.8,30.44,383.15,1208.98,0.09,0.0,0N90E
2013-03-12,2013,3,12,317.55,0.0,72.2,30.54,404.24,1074.96,0.01,0.0,0N90E
2013-03-13,2013,3,13,299.78,-0.02,72.9,30.65,395.24,1232.27,0.02,0.0,0N90E
2013-03-14,2013,3,14,316.16,0.0,70.3,30.87,403.42,1215.16,0.01,0.0,0N90E
2013-03-15,2013,3,15,267.46,0.06,68.2,30.95,377.24,1182.37,0.33,2.8,0N90E
2013-03-16,2013,3,16,208.48,1.38,71.6,30.25,302.14,1196.63,8.99,4.9,0N90E
2013-03-17,2013,3,17,304.93,0.0,74.0,30.26,401.73,1117.73,0.03,0.0,0N90E
2013-03-18,2013,3,18,315.23,0.0,72.5,30.18,401.1,1190.45,0.01,0.0,0N90E
2013-03-19,2013,3,19,298.01,0.0,71.8,30.43,391.17,1117.26,0.01,0.0,0N90E
2013-03-20,2013,3,20,286.71,0.0,71.8,30.45,388.11,1114.88,0.02,0.0,0N90E
2013-03-21,2013,3,21,309.74,0.0,70.3,30.47,397.25,1081.61,0.03,0.0,0N90E
2013-03-22,2013,3,22,244.75,0.0,72.6,30.48,350.34,1141.5,0.02,0.0,0N90E
2013-03-23,2013,3,23,272.24,0.19,75.4,30.52,365.62,1361.07,1.83,2.1,0N90E
2013-03-24,2013,3,24,288.23,0.02,76.7,30.49,370.05,1129.61,0.09,0.0,0N90E
2013-03-25,2013,3,25,317.53,-0.01,73.2,30.59,404.13,1067.35,0.03,0.0,0N90E
2013-03-26,2013,3,26,273.89,0.0,73.5,30.48,367.54,1196.63,0.02,0.0,0N90E
2013-03-27,2013,3,27,228.78,0.18,78.3,30.37,354.53,1259.36,0.97,3.5,0N90E
2013-03-28,2013,3,28,203.36,0.77,82.4,30.25,301.52,1201.86,3.49,9.0,0N90E
2013-03-29,2013,3,29,212.18,0.0,79.4,30.14,314.14,1170.49,0.15,0.7,0N90E
2013-03-30,2013,3,30,215.66,0.2,80.3,30.08,331.05,1363.45,1.17,4.2,0N90E
2013-03-31,2013,3,31,191.51,-0.02,79.5,30.09,297.56,1341.59,0.07,0.0,0N90E
2013-04-01,2013,4,1,198.2,1.11,83.3,30.05,315.42,1063.07,4.07,13.2,0N90E
2013-04-02,2013,4,2,22.22,1.71,82.9,29.85,38.85,181.92,5.43,22.9,0N90E
2013-04-03,2013,4,3,105.66,0.33,76.8,29.78,162.95,788.37,2.3,4.2,0N90E
2013-04-04,2013,4,4,201.7,1.47,80.0,29.72,304.63,1283.13,3.2,25.7,0N90E
2013-04-05,2013,4,5,148.31,-0.07,76.2,29.56,219.71,848.73,0.06,0.0,0N90E
2013-04-06,2013,4,6,137.4,-0.03,77.6,29.49,178.94,526.96,0.02,0.0,0N90E
2013-04-07,2013,4,7,266.74,-0.04,76.8,29.58,365.36,1221.34,0.03,0.0,0N90E
2013-04-08,2013,4,8,271.45,-0.04,77.0,29.61,363.85,1131.99,0.02,0.0,0N90E
2013-04-09,2013,4,9,289.67,-0.05,76.8,29.65,382.19,1114.4,0.02,0.0,0N90E
2013-04-10,2013,4,10,258.27,-0.05,77.9,29.59,359.73,1168.11,0.02,0.0,0N90E
2013-04-11,2013,4,11,267.9,0.02,77.6,29.67,355.7,1157.65,0.52,1.4,0N90E
2013-04-12,2013,4,12,280.88,-0.02,77.3,29.94,369.25,1148.62,0.03,0.0,0N90E
2013-04-13,2013,4,13,246.28,0.02,76.6,30.34,333.23,1142.45,0.27,3.5,0N90E
2013-04-14,2013,4,14,271.41,0.04,77.0,30.15,365.56,1177.62,0.67,1.4,0N90E
2013-04-15,2013,4,15,217.96,2.18,81.7,30.0,328.5,1169.54,6.06,25.0,0N90E
2013-04-16,2013,4,16,69.12,0.09,81.6,29.84,113.76,590.65,0.39,3.5,0N90E
2013-04-17,2013,4,17,266.56,-0.04,75.3,30.05,355.23,1156.7,0.1,0.0,0N90E
2013-04-18,2013,4,18,286.78,-0.03,75.1,30.29,373.09,1193.3,0.02,0.0,0N90E
2013-04-19,2013,4,19,299.54,-0.02,71.1,30.49,390.0,1229.9,0.03,0.0,0N90E
2013-04-20,2013,4,20,289.4,-0.03,76.1,30.24,373.94,1190.45,0.02,0.0,0N90E
2013-04-21,2013,4,21,296.56,-0.02,72.7,30.49,383.77,1131.99,0.02,0.0,0N90E
2013-04-22,2013,4,22,269.51,0.13,72.9,30.5,357.07,1042.16,0.85,4.2,0N90E
2013-04-23,2013,4,23,284.65,-0.03,76.5,30.45,380.92,1036.93,0.06,0.0,0N90E
2013-04-24,2013,4,24,167.47,0.56,77.2,30.24,254.28,913.36,3.22,6.2,0N90E
2013-04-25,2013,4,25,268.9,0.0,75.2,30.71,362.81,1167.64,0.02,0.0,0N90E
2013-04-26,2013,4,26,257.95,0.05,73.1,30.99,359.19,1016.5,0.49,1.4,0N90E
2013-04-27,2013,4,27,163.41,0.02,76.0,30.52,268.78,963.27,0.14,0.7,0N90E
2013-04-28,2013,4,28,294.75,0.03,70.6,30.98,374.86,1004.14,0.19,1.4,0N90E
2013-04-29,2013,4,29,228.74,-0.01,77.5,30.65,292.27,1094.92,0.08,0.0,0N90E
2013-04-30,2013,4,30,222.7,1.23,79.8,30.57,335.23,1249.38,3.14,27.8,0N90E
2013-05-01,2013,5,1,226.93,-0.02,76.1,30.49,312.9,1151.0,0.02,0.0,0N90E
2013-05-02,2013,5,2,216.21,0.77,80.0,30.49,312.51,1056.9,2.25,13.9,0N90E
2013-05-03,2013,5,3,140.77,-0.01,77.4,30.32,179.44,821.64,0.02,0.0,0N90E
2013-05-04,2013,5,4,175.67,1.52,82.5,30.25,275.19,1178.09,7.03,15.3,0N90E
2013-05-05,2013,5,5,52.28,0.28,80.7,30.07,71.53,278.87,1.03,7.6,0N90E
2013-05-06,2013,5,6,185.85,0.0,78.0,29.98,256.26,1084.94,0.14,0.0,0N90E
2013-05-07,2013,5,7,145.79,0.18,78.1,,193.91,1001.29,2.49,2.0,0N90E
2013-05-08,2013,5,8,39.43,0.55,84.7,29.69,71.99,525.06,25.28,10.0,0N90E
2013-05-09,2013,5,9,55.66,0.79,84.3,29.56,72.41,301.6,35.28,8.0,0N90E
2013-05-10,2013,5,10,111.83,2.67,89.8,29.44,209.74,877.95,0.0,20.0,0N90E
2013-05-11,2013,5,11,81.04,0.06,83.5,29.42,133.58,879.62,16.61,2.0,0N90E
2013-05-12,2013,5,12,220.45,1.15,83.1,29.42,305.86,1095.59,0.0,5.0,0N90E
2013-05-13,2013,5,13,264.56,0.24,80.7,29.39,349.56,1014.86,33.52,4.0,0N90E
2013-05-14,2013,5,14,271.22,,78.3,29.45,357.47,1056.48,20.67,43.0,0N90E
2013-05-15,2013,5,15,274.96,0.0,76.8,29.48,348.73,950.36,2.61,8.0,0N90E
2013-05-17,2013,5,17,261.65,0.06,80.3,29.57,347.06,1049.82,10.55,1.0,0N90E
2013-05-18,2013,5,18,251.24,0.0,77.5,29.59,337.49,1123.47,5.46,0.0,0N90E
2013-05-19,2013,5,19,216.7,0.06,78.7,29.54,312.94,1086.85,6.18,1.0,0N90E
2013-05-20,2013,5,20,179.25,0.48,81.5,29.62,252.18,1133.05,21.58,2.0,0N90E
2013-05-21,2013,5,21,269.14,0.0,74.4,30.06,346.23,1128.05,5.15,0.0,0N90E
2013-05-22,2013,5,22,225.86,0.3,79.5,29.86,302.95,1125.56,17.7,2.0,0N90E
2013-05-23,2013,5,23,157.19,1.39,82.7,29.51,223.05,947.03,27.76,2.0,0N90E
2013-05-24,2013,5,24,244.58,0.0,80.3,29.59,330.83,1063.97,2.79,0.0,0N90E
2013-05-25,2013,5,25,234.6,0.0,78.3,29.64,304.2,990.73,3.39,0.0,0N90E
2013-05-26,2013,5,26,218.37,0.0,76.4,29.74,295.88,952.44,4.36,0.0,0N90E
2013-05-27,2013,5,27,255.82,0.0,75.6,29.93,335.41,1006.54,6.55,0.0,0N90E
2013-05-28,2013,5,28,268.72,0.0,75.6,30.13,356.22,1202.54,5.33,0.0,0N90E
2013-05-29,2013,5,29,265.39,0.0,73.2,30.13,344.15,991.14,6.18,0.0,0N90E
2013-05-30,2013,5,30,267.06,0.0,74.0,30.16,339.16,954.11,4.85,0.0,0N90E
2013-05-31,2013,5,31,247.91,0.0,76.4,30.12,332.5,1117.65,5.03,0.0,0N90E
2013-06-01,2013,6,1,256.65,0.67,77.9,30.19,334.99,999.88,20.73,3.0,0N90E
2013-06-02,2013,6,2,245.0,0.0,78.7,29.92,338.74,1070.62,4.49,0.0,0N90E
2013-06-03,2013,6,3,220.03,0.06,78.3,29.73,308.36,1083.94,7.52,1.0,0N90E
2013-06-04,2013,6,4,158.03,0.0,77.1,29.65,214.73,890.44,3.7,0.0,0N90E
2013-06-05,2013,6,5,212.54,0.0,79.1,29.7,288.8,1032.34,7.33,0.0,0N90E
2013-06-06,2013,6,6,245.42,0.06,77.1,29.88,321.68,1011.95,8.91,1.0,0N90E
2013-06-07,2013,6,7,263.73,0.0,74.4,30.09,337.49,953.69,3.09,0.0,0N90E
2013-06-08,2013,6,8,222.11,1.33,80.3,29.9,323.34,1076.03,33.16,6.0,0N90E
2013-06-09,2013,6,9,60.65,0.42,79.9,29.69,92.38,338.22,12.91,9.0,0N90E
2013-06-10,2013,6,10,125.15,0.24,77.1,29.58,195.17,943.7,12.55,1.0,0N90E
2013-06-11,2013,6,11,88.11,0.0,77.9,29.51,114.44,380.25,3.58,0.0,0N90E
2013-06-12,2013,6,12,234.6,0.0,76.4,29.4,326.67,976.16,4.43,0.0,0N90E
2013-06-13,2013,6,13,240.84,0.0,76.4,29.38,317.93,1057.31,3.7,0.0,0N90E
2013-06-14,2013,6,14,269.55,0.0,77.1,29.4,341.65,904.58,5.15,0.0,0N90E
2013-06-15,2013,6,15,177.17,0.06,79.5,29.44,259.26,1177.16,5.7,1.0,0N90E
2013-06-16,2013,6,16,156.78,0.0,77.1,29.42,226.8,924.14,3.82,0.0,0N90E
2013-06-17,2013,6,17,253.74,0.0,76.0,29.48,332.91,919.98,5.39,0.0,0N90E
2013-06-18,2013,6,18,243.34,0.06,75.6,29.42,316.68,994.89,10.73,0.0,0N90E
2013-06-19,2013,6,19,187.99,0.0,72.0,29.45,254.26,906.67,2.36,0.0,0N90E
2013-06-20,2013,6,20,261.65,0.0,72.0,29.49,331.66,917.07,3.64,0.0,0N90E
2013-06-21,2013,6,21,252.49,0.0,72.8,29.5,327.5,967.42,3.15,0.0,0N90E
2013-06-22,2013,6,22,250.83,0.0,72.8,29.56,317.52,999.46,3.39,0.0,0N90E
2013-06-23,2013,6,23,262.06,0.0,74.4,29.61,331.66,979.07,10.43,0.0,0N90E
2013-06-24,2013,6,24,213.79,0.0,74.8,29.62,287.14,1053.98,7.58,0.0,0N90E
2013-06-25,2013,6,25,191.73,0.18,77.5,29.69,263.0,944.95,11.27,3.0,0N90E
2013-06-26,2013,6,26,149.29,0.0,72.4,29.54,236.78,1272.45,8.49,0.0,0N90E
2013-06-27,2013,6,27,247.08,0.24,76.4,29.56,313.35,1123.89,23.52,2.0,0N90E
2013-06-28,2013,6,28,249.99,0.0,74.4,30.08,331.25,973.25,5.33,0.0,0N90E
2013-06-29,2013,6,29,254.99,0.0,72.8,30.04,336.24,1185.48,8.67,0.0,0N90E
2013-06-30,2013,6,30,221.28,0.24,76.8,29.83,317.52,999.88,11.82,2.0,0N90E
2013-07-01,2013,7,1,216.29,0.0,76.8,29.75,298.79,996.55,4.24,0.0,0N90E
2013-07-02,2013,7,2,70.64,2.18,83.1,29.49,144.4,833.01,44.86,25.0,0N90E
2013-07-03,2013,7,3,121.82,0.0,76.0,29.38,188.51,852.57,7.7,0.0,0N90E
2013-07-04,2013,7,4,177.59,0.0,74.0,29.35,254.68,917.07,4.18,0.0,0N90E
2013-07-05,2013,7,5,239.59,0.0,74.0,29.36,303.37,894.18,4.24,0.0,0N90E
2013-07-06,2013,7,6,211.71,0.06,77.1,29.29,284.64,1168.42,12.18,0.0,0N90E
2013-07-07,2013,7,7,270.38,0.48,74.8,29.29,349.14,1014.86,45.04,5.0,0N90E
2013-07-08,2013,7,8,170.09,0.91,77.9,29.35,240.95,1071.87,51.71,4.0,0N90E
2013-07-09,2013,7,9,212.96,0.0,78.3,29.35,307.11,1194.22,6.43,0.0,0N90E
2013-07-10,2013,7,10,234.18,0.0,75.6,29.5,330.0,1019.02,7.82,0.0,0N90E
2013-07-11,2013,7,11,248.75,0.0,70.8,29.33,329.58,1014.86,6.24,0.0,0N90E
2013-07-12,2013,7,12,202.55,0.0,74.4,29.27,269.24,1070.21,4.91,0.0,0N90E
2013-07-13,2013,7,13,130.56,0.0,76.0,29.25,166.46,605.38,14.18,0.0,0N90E
2013-07-14,2013,7,14,100.18,0.18,76.4,29.23,140.66,442.67,23.7,1.0,0N90E
2013-07-15,2013,7,15,213.37,0.0,77.5,29.28,298.37,1067.3,2.67,0.0,0N90E
2013-07-16,2013,7,16,195.06,0.18,75.2,29.28,271.32,974.5,26.61,1.0,0N90E
2013-07-17,2013,7,17,243.75,0.0,75.6,29.34,337.07,1005.71,3.88,0.0,0N90E
2013-07-18,2013,7,18,264.14,0.0,71.6,29.43,340.82,974.5,3.7,0.0,0N90E
2013-07-19,2013,7,19,276.63,0.0,72.0,29.36,352.47,982.82,3.33,0.0,0N90E
2013-07-20,2013,7,20,235.85,0.0,72.0,29.4,308.36,1014.03,2.91,0.0,0N90E
2013-07-21,2013,7,21,268.72,0.0,72.0,29.55,345.81,1113.9,3.52,0.0,0N90E
2013-07-22,2013,7,22,272.47,0.0,76.0,29.51,353.72,1059.81,2.73,0.0,0N90E
2013-07-23,2013,7,23,252.49,0.0,76.8,29.45,334.58,1084.77,4.43,0.0,0N90E
2013-07-24,2013,7,24,225.44,0.0,72.4,29.49,314.6,1050.23,4.3,0.0,0N90E
2013-07-25,2013,7,25,259.57,0.0,72.8,29.71,341.65,972.0,2.42,0.0,0N90E
2013-07-26,2013,7,26,266.64,0.0,73.2,29.86,339.99,1044.41,3.52,0.0,0N90E
2013-07-27,2013,7,27,177.17,0.0,78.3,29.64,267.58,1130.97,5.88,0.0,0N90E
2013-07-28,2013,7,28,259.15,0.0,78.7,29.66,335.83,928.3,3.21,0.0,0N90E
2013-07-29,2013,7,29,232.52,,77.1,29.61,322.51,1079.36,0.0,5.0,0N90E
2013-07-30,2013,7,30,214.21,0.0,78.7,29.47,327.5,1155.52,6.73,0.0,0N90E
2013-07-31,2013,7,31,225.86,0.0,75.2,29.45,300.04,1060.64,4.91,0.0,0N90E
2013-08-01,2013,8,1,210.04,0.0,75.2,29.62,287.14,1136.79,3.27,0.0,0N90E
2013-08-02,2013,8,2,149.7,0.91,78.7,29.5,265.91,1059.39,37.52,11.0,0N90E
2013-08-03,2013,8,3,78.54,0.24,77.9,29.41,101.12,345.71,11.82,5.0,0N90E
2013-08-04,2013,8,4,114.33,0.36,77.9,29.37,154.8,625.35,24.85,6.0,0N90E
2013-08-05,2013,8,5,89.78,1.03,81.9,29.29,128.17,663.64,44.37,8.0,0N90E
2013-08-06,2013,8,6,160.52,0.06,77.5,29.22,217.23,829.26,6.85,2.0,0N90E
2013-08-07,2013,8,7,113.08,0.06,76.0,29.14,158.13,621.19,6.24,1.0,0N90E
2013-08-08,2013,8,8,219.62,0.12,77.9,29.14,307.53,1227.93,23.34,1.0,0N90E
2013-08-09,2013,8,9,199.64,0.0,76.8,29.13,276.73,1033.17,4.55,0.0,0N90E
2013-08-10,2013,8,10,217.95,0.0,76.8,29.06,297.54,1081.03,3.94,0.0,0N90E
2013-08-11,2013,8,11,237.93,0.0,74.0,29.02,324.17,1198.8,3.64,0.0,0N90E
2013-08-12,2013,8,12,277.04,0.06,74.4,29.09,363.29,989.48,10.3,1.0,0N90E
2013-08-13,2013,8,13,246.25,0.0,72.8,29.07,330.42,1079.78,2.49,0.0,0N90E
2013-08-14,2013,8,14,198.39,0.0,74.8,28.96,273.4,1114.74,4.36,0.0,0N90E
2013-08-15,2013,8,15,258.73,0.0,75.2,28.79,340.82,1066.88,2.79,0.0,0N90E
2013-08-16,2013,8,16,282.45,0.06,74.0,28.76,362.46,1037.75,6.24,1.0,0N90E
2013-08-17,2013,8,17,156.78,0.0,78.7,28.45,212.65,1045.66,6.18,1.0,0N90E
2013-08-18,2013,8,18,127.65,0.61,78.3,28.48,171.45,620.36,12.91,3.0,0N90E
2013-08-19,2013,8,19,184.66,0.0,78.7,28.62,272.99,1115.57,5.52,0.0,0N90E
2013-08-20,2013,8,20,102.68,0.0,79.1,28.42,162.3,596.22,5.7,0.0,0N90E
2013-08-21,2013,8,21,272.88,0.0,78.7,28.59,351.64,1071.87,4.55,0.0,0N90E
2013-08-22,2013,8,22,282.45,0.0,76.4,29.03,368.29,1043.16,5.15,0.0,0N90E
2013-08-23,2013,8,23,226.27,0.0,77.9,29.01,298.37,1125.14,3.27,0.0,0N90E
2013-08-24,2013,8,24,287.45,0.06,77.5,29.07,364.54,1034.0,2.79,2.0,0N90E
2013-08-25,2013,8,25,275.38,0.0,75.2,29.45,358.3,996.14,3.03,0.0,0N90E
2013-08-26,2013,8,26,219.2,1.27,78.7,29.17,290.05,1031.92,21.76,3.0,0N90E
2013-08-27,2013,8,27,99.77,0.0,75.6,28.83,143.98,511.75,5.58,0.0,0N90E
2013-08-28,2013,8,28,107.26,0.42,78.3,28.85,152.72,662.39,18.12,1.0,0N90E
2013-08-29,2013,8,29,203.39,0.06,77.1,29.13,285.89,1102.67,6.55,1.0,0N90E
2013-08-30,2013,8,30,258.32,0.0,78.3,29.18,337.07,992.39,8.0,0.0,0N90E
2013-08-31,2013,8,31,210.04,0.0,78.7,29.28,297.54,1146.36,7.88,0.0,0N90E
2013-09-01,2013,9,1,221.7,1.52,80.7,29.27,306.28,980.74,50.01,6.0,0N90E
2013-09-02,2013,9,2,120.57,1.76,84.7,28.95,206.82,961.6,42.55,14.0,0N90E
2013-09-03,2013,9,3,94.77,1.03,82.3,28.75,169.79,739.38,27.34,13.0,0N90E
2013-09-04,2013,9,4,194.65,0.0,74.4,29.05,268.41,1144.28,3.52,0.0,0N90E
2013-09-05,2013,9,5,123.9,0.0,79.1,29.14,245.52,1173.83,3.33,1.0,0N90E
2013-09-06,2013,9,6,228.35,0.12,76.4,29.27,319.18,1063.55,4.91,2.0,0N90E
2013-09-07,2013,9,7,261.65,0.12,75.2,29.22,356.22,1105.58,16.37,1.0,0N90E
2013-09-08,2013,9,8,242.09,0.24,77.1,29.18,333.75,1166.75,25.22,24.0,0N90E
2013-09-09,2013,9,9,270.38,0.06,75.6,29.16,365.37,1126.39,5.15,1.0,0N90E
2013-09-10,2013,9,10,161.36,0.42,77.1,29.11,248.44,929.97,33.7,2.0,0N90E
2013-09-11,2013,9,11,214.21,0.0,78.3,29.21,293.8,988.23,5.39,0.0,0N90E
2013-09-12,2013,9,12,106.84,1.39,81.1,29.08,174.78,732.3,39.22,9.0,0N90E
2013-09-13,2013,9,13,105.59,0.0,78.7,29.02,153.97,674.04,3.88,0.0,0N90E
2013-09-14,2013,9,14,237.09,0.0,74.0,29.3,333.75,1174.24,3.03,0.0,0N90E
2013-09-15,2013,9,15,300.76,0.0,70.8,29.47,384.1,1056.06,2.49,0.0,0N90E
2013-09-16,2013,9,16,274.55,0.0,74.4,29.14,375.78,1078.53,2.42,0.0,0N90E
2013-09-17,2013,9,17,214.62,0.0,76.8,29.13,301.7,1316.56,4.91,0.0,0N90E
2013-09-18,2013,9,18,218.37,0.0,74.8,29.42,310.03,1096.01,1.88,0.0,0N90E
2013-09-19,2013,9,19,256.65,0.0,74.0,29.14,341.24,1071.04,1.27,0.0,0N90E
2013-09-20,2013,9,20,224.61,0.85,76.0,28.96,297.12,1065.21,18.79,1.0,0N90E
2013-09-21,2013,9,21,210.88,0.0,76.4,29.02,273.82,1077.7,6.49,0.0,0N90E
2013-09-22,2013,9,22,253.74,0.0,76.0,29.18,347.48,1099.75,5.76,0.0,0N90E
2013-09-23,2013,9,23,268.3,0.0,76.4,29.29,359.55,1044.82,5.39,0.0,0N90E
2013-09-24,2013,9,24,247.91,0.0,78.7,29.09,327.09,1153.44,6.43,0.0,0N90E
2013-09-25,2013,9,25,257.48,0.0,76.4,29.17,332.5,1129.3,6.12,0.0,0N90E
2013-09-26,2013,9,26,271.63,0.0,73.6,29.64,351.64,1136.38,3.27,0.0,0N90E
2013-09-27,2013,9,27,243.34,0.0,76.8,29.33,320.43,1059.81,4.55,0.0,0N90E
2013-09-28,2013,9,28,279.54,0.0,76.0,29.23,364.96,1081.03,5.09,0.0,0N90E
2013-09-29,2013,9,29,280.79,0.0,76.8,29.18,358.71,1136.79,3.27,0.0,0N90E
2013-09-30,2013,9,30,277.88,0.0,74.4,29.25,364.54,1040.25,5.27,0.0,0N90E
2013-10-01,2013,10,1,287.03,0.0,76.4,29.18,369.53,1098.51,4.12,0.0,0N90E
2013-10-02,2013,10,2,213.79,0.0,77.5,28.85,277.98,991.56,5.76,0.0,0N90E
2013-10-03,2013,10,3,275.79,0.0,73.6,29.2,364.96,1312.82,6.85,0.0,0N90E
2013-10-04,2013,10,4,229.6,0.0,73.6,29.66,318.35,1150.11,5.46,0.0,0N90E
2013-10-05,2013,10,5,297.02,0.0,72.0,30.04,383.27,1096.01,6.36,0.0,0N90E
2013-10-06,2013,10,6,308.67,0.0,71.2,29.81,385.76,1077.28,2.91,0.0,0N90E
2013-10-07,2013,10,7,227.52,0.0,76.8,29.69,349.97,1230.84,4.43,0.0,0N90E
2013-10-08,2013,10,8,130.56,0.0,72.0,29.65,161.46,446.0,5.82,0.0,0N90E
2013-10-09,2013,10,9,139.72,0.0,76.8,29.6,218.89,1291.6,3.46,0.0,0N90E
2013-10-10,2013,10,10,210.88,0.0,76.8,29.55,329.58,1179.24,4.67,1.0,0N90E
2013-10-11,2013,10,11,180.08,0.12,79.5,29.5,266.33,1101.84,5.27,3.0,0N90E
2013-10-12,2013,10,12,178.42,0.0,76.0,29.47,280.9,1081.03,5.46,1.0,0N90E
2013-10-13,2013,10,13,249.16,0.0,77.1,29.4,343.73,1163.42,4.97,0.0,0N90E
2013-10-14,2013,10,14,292.86,0.0,77.1,29.72,374.11,1155.93,4.61,0.0,0N90E
2013-10-15,2013,10,15,289.94,0.0,77.5,29.7,366.2,1179.24,5.21,0.0,0N90E
2013-10-16,2013,10,16,219.62,0.0,79.5,29.45,305.03,1083.11,4.85,0.0,0N90E
2013-10-17,2013,10,17,41.51,0.06,84.3,28.9,49.1,185.91,5.88,2.0,0N90E
2013-10-18,2013,10,18,190.07,0.0,77.5,28.74,246.77,942.04,6.36,0.0,0N90E
2013-10-19,2013,10,19,113.08,0.0,78.3,28.69,164.38,635.76,5.88,1.0,0N90E
2013-10-20,2013,10,20,268.72,0.0,75.6,29.09,355.8,1097.67,5.39,0.0,0N90E
2013-10-21,2013,10,21,262.06,0.0,75.2,29.19,341.24,1109.33,4.67,0.0,0N90E
2013-10-22,2013,10,22,285.78,0.0,73.6,29.52,362.46,1141.79,4.49,0.0,0N90E
2013-10-23,2013,10,23,264.97,0.0,76.0,29.36,377.86,1061.05,4.06,0.0,0N90E
2013-10-24,2013,10,24,225.44,0.0,76.0,29.45,321.26,1199.21,4.61,0.0,0N90E
2013-10-25,2013,10,25,299.93,0.0,74.8,29.63,391.17,1200.88,4.55,0.0,0N90E
2013-10-26,2013,10,26,174.67,0.0,79.5,29.55,304.62,1325.72,3.15,1.0,0N90E
2013-10-27,2013,10,27,247.08,0.0,76.8,29.37,357.47,1037.33,9.76,0.0,0N90E
2013-10-28,2013,10,28,287.86,0.0,74.0,29.64,372.86,1080.2,3.64,0.0,0N90E
2013-10-29,2013,10,29,269.14,0.0,75.6,29.58,370.78,1080.2,5.09,0.0,0N90E
2013-10-30,2013,10,30,215.87,0.0,77.1,29.55,352.47,1256.64,7.03,0.0,0N90E
2013-10-31,2013,10,31,284.12,0.0,80.7,29.61,379.94,1193.8,4.49,0.0,0N90E
2013-11-01,2013,11,1,137.64,0.06,83.9,29.34,219.31,1107.66,8.18,1.0,0N90E
2013-11-02,2013,11,2,256.24,0.12,81.5,29.3,358.3,1242.08,5.03,2.0,0N90E
2013-11-03,2013,11,3,237.93,0.06,80.3,29.25,333.75,1207.12,7.82,1.0,0N90E
2013-11-04,2013,11,4,214.21,0.0,83.1,29.05,300.87,1222.1,3.7,0.0,0N90E
2013-11-05,2013,11,5,165.93,0.0,80.7,28.92,247.19,1275.78,5.76,1.0,0N90E
2013-11-06,2013,11,6,153.87,0.0,81.5,28.77,215.98,1163.84,4.85,0.0,0N90E
2013-11-07,2013,11,7,259.98,0.0,79.9,28.84,355.8,1255.39,3.82,0.0,0N90E
2013-11-08,2013,11,8,101.85,0.12,84.3,28.74,151.89,722.73,3.88,4.0,0N90E
2013-11-09,2013,11,9,178.83,0.0,81.9,28.77,283.39,1198.8,3.52,0.0,0N90E
2013-11-10,2013,11,10,230.44,0.0,81.1,28.94,340.82,1061.89,3.64,0.0,0N90E
2013-11-11,2013,11,11,259.98,0.0,78.3,29.15,339.16,999.05,7.03,0.0,0N90E
2013-11-12,2013,11,12,251.24,0.0,79.5,28.99,340.82,1129.3,3.09,0.0,0N90E
2013-11-13,2013,11,13,238.34,0.0,77.5,28.91,314.6,1075.62,4.3,0.0,0N90E
2013-11-14,2013,11,14,210.04,0.0,79.5,28.75,309.19,1130.13,7.09,0.0,0N90E
2013-11-15,2013,11,15,235.01,0.06,81.9,28.75,343.32,1058.56,5.52,1.0,0N90E
2013-11-16,2013,11,16,201.31,0.0,79.1,28.8,275.9,1226.68,5.27,0.0,0N90E
2013-11-17,2013,11,17,226.27,0.0,79.9,28.87,305.86,1024.02,5.94,0.0,0N90E
2013-11-18,2013,11,18,222.53,0.0,78.7,28.92,314.6,1009.45,6.06,0.0,0N90E
2013-11-19,2013,11,19,185.49,0.0,75.2,29.09,243.03,780.99,3.52,0.0,0N90E
2013-11-20,2013,11,20,255.4,0.0,73.2,29.42,344.15,945.37,4.24,0.0,0N90E
2013-11-21,2013,11,21,260.81,0.0,70.8,29.86,336.24,1001.55,7.94,0.0,0N90E
2013-11-22,2013,11,22,243.75,0.0,69.2,29.97,315.85,997.38,3.52,0.0,0N90E
2013-11-23,2013,11,23,238.76,0.0,74.4,29.8,324.17,912.91,4.24,1.0,0N90E
2013-11-24,2013,11,24,223.36,0.0,76.4,29.8,336.24,1108.91,7.33,0.0,0N90E
2013-11-25,2013,11,25,185.49,0.0,77.9,29.71,259.26,1125.14,6.12,0.0,0N90E
2013-11-26,2013,11,26,191.32,0.0,77.1,29.35,281.73,1129.72,3.33,0.0,0N90E
2013-11-27,2013,11,27,225.44,0.0,78.7,29.38,325.84,1095.59,4.43,0.0,0N90E
2013-11-28,2013,11,28,96.85,0.06,81.5,29.21,150.64,929.55,4.97,2.0,0N90E
2013-11-29,2013,11,29,199.22,0.0,77.1,29.15,254.68,929.97,4.36,0.0,0N90E
2013-11-30,2013,11,30,36.1,0.0,87.1,29.02,63.25,293.69,3.58,1.0,0N90E
2013-12-01,2013,12,1,191.73,0.0,78.7,29.0,273.82,1068.96,0.24,0.0,0N90E
2013-12-02,2013,12,2,116.41,0.0,79.1,28.92,173.11,795.56,0.91,0.0,0N90E
2013-12-03,2013,12,3,170.51,0.0,79.5,28.93,275.49,1185.06,0.24,0.0,0N90E
2013-12-04,2013,12,4,247.08,0.0,76.0,29.1,332.08,934.55,0.18,0.0,0N90E
2013-12-05,2013,12,5,273.3,0.0,68.4,29.29,349.56,991.56,0.12,0.0,0N90E
2013-12-06,2013,12,6,247.08,0.0,70.8,28.96,332.5,1058.14,0.18,0.0,0N90E
2013-12-07,2013,12,7,252.91,0.0,76.4,29.1,334.58,1123.89,0.18,0.0,0N90E
2013-12-08,2013,12,8,246.25,0.0,81.1,28.95,344.98,1124.72,3.15,1.0,0N90E
2013-12-09,2013,12,9,45.25,0.06,85.5,28.76,75.32,341.55,4.49,1.0,0N90E
2013-12-10,2013,12,10,186.32,0.06,81.5,28.9,288.39,1010.28,11.76,1.0,0N90E
2013-12-11,2013,12,11,149.29,0.0,80.3,28.71,203.08,820.11,0.18,0.0,0N90E
2013-12-12,2013,12,12,176.75,0.0,77.9,29.0,245.52,891.68,0.18,0.0,0N90E
2013-12-13,2013,12,13,237.51,0.0,77.1,29.3,307.53,899.59,0.18,0.0,0N90E
2013-12-14,2013,12,14,236.26,0.0,72.8,29.33,316.68,984.9,0.18,0.0,0N90E
2013-12-15,2013,12,15,231.68,0.0,70.8,29.18,303.78,923.31,0.24,0.0,0N90E
2013-12-16,2013,12,16,237.51,0.0,74.8,28.89,310.44,843.0,0.24,0.0,0N90E
2013-12-17,2013,12,17,178.42,0.0,75.2,28.53,243.03,805.96,4.85,0.0,0N90E
2013-12-18,2013,12,18,229.6,0.0,77.9,28.27,323.34,936.63,6.0,0.0,0N90E
2013-12-19,2013,12,19,234.6,0.0,77.1,28.34,312.52,956.6,9.4,0.0,0N90E
2013-12-20,2013,12,20,234.18,0.0,76.4,28.44,325.42,926.22,7.46,0.0,0N90E
2013-12-21,2013,12,21,244.58,0.0,73.2,28.81,318.76,868.8,5.15,0.0,0N90E
2013-12-22,2013,12,22,235.01,0.0,76.0,28.79,327.09,1001.96,3.58,0.0,0N90E
2013-12-23,2013,12,23,246.66,0.0,78.3,28.81,327.92,985.73,3.46,0.0,0N90E
2013-12-24,2013,12,24,224.61,0.0,78.3,29.01,326.25,1043.58,7.64,0.0,0N90E
2013-12-25,2013,12,25,233.76,0.0,74.4,29.32,298.79,905.0,4.36,0.0,0N90E
2013-12-26,2013,12,26,161.36,0.0,83.5,28.81,223.05,851.73,3.58,1.0,0N90E
2013-12-27,2013,12,27,127.23,0.0,81.1,28.73,168.54,557.11,3.21,0.0,0N90E
2013-12-28,2013,12,28,148.87,0.0,78.3,28.6,209.32,805.13,3.09,0.0,0N90E
2013-12-29,2013,12,29,82.29,0.06,81.5,28.58,125.67,375.67,0.48,1.0,0N90E
2013-12-30,2013,12,30,245.83,0.0,77.5,28.81,318.35,964.51,0.24,0.0,0N90E
2013-12-31,2013,12,31,162.6,0.06,81.5,28.67,275.07,1019.02,1.88,2.0,0N90E
2014-01-01,2014,1,1,190.07,0.0,80.3,28.64,282.14,1013.61,0.3,0.0,0N90E
2014-01-02,2014,1,2,208.8,0.0,80.7,28.63,303.78,1008.2,3.82,0.0,0N90E
2014-01-03,2014,1,3,133.06,0.0,76.8,28.69,177.28,747.7,0.18,0.0,0N90E
2014-01-04,2014,1,4,191.32,0.0,79.1,28.74,260.5,1038.58,0.18,0.0,0N90E
2014-01-05,2014,1,5,216.7,5.15,79.9,28.69,299.21,1069.38,47.77,2.0,0N90E
2014-01-06,2014,1,6,87.28,0.0,79.9,28.6,110.69,491.36,2.73,1.0,0N90E
2014-01-07,2014,1,7,80.21,0.0,81.5,28.55,155.64,780.57,3.21,1.0,0N90E
2014-01-08,2014,1,8,261.65,0.0,79.9,28.8,347.89,1139.7,2.24,1.0,0N90E
2014-01-09,2014,1,9,229.19,0.0,78.3,28.82,330.83,1140.95,0.18,0.0,0N90E
2014-01-10,2014,1,10,268.72,0.12,76.0,29.3,357.05,1085.61,7.88,2.0,0N90E
2014-01-11,2014,1,11,239.59,0.0,78.3,29.01,330.83,1101.84,0.18,0.0,0N90E
2014-01-12,2014,1,12,228.77,0.06,80.7,29.08,314.6,1002.38,4.49,1.0,0N90E
2014-01-13,2014,1,13,135.14,0.24,81.9,28.85,223.88,983.24,8.79,6.0,0N90E
2014-01-14,2014,1,14,266.22,0.0,77.1,28.88,350.81,1104.75,0.24,0.0,0N90E
2014-01-15,2014,1,15,263.73,0.0,76.4,28.96,363.71,1096.43,0.24,0.0,0N90E
2014-01-16,2014,1,16,230.85,0.0,74.4,28.92,321.26,1293.26,0.24,0.0,0N90E
2014-01-17,2014,1,17,283.7,0.0,72.0,28.85,357.47,1092.68,0.24,0.0,0N90E
2014-01-18,2014,1,18,259.15,0.0,77.9,28.91,342.9,1093.93,0.24,0.0,0N90E
2014-01-19,2014,1,19,221.28,0.0,78.3,29.04,270.49,850.9,0.18,0.0,0N90E
2014-01-20,2014,1,20,275.79,0.0,76.0,29.16,355.38,1055.23,0.18,0.0,0N90E
2014-01-21,2014,1,21,246.66,0.0,76.8,29.16,326.25,1136.79,0.67,0.0,0N90E
2014-01-22,2014,1,22,190.9,0.0,77.9,29.14,250.52,914.16,0.24,0.0,0N90E
2014-01-23,2014,1,23,255.82,0.0,74.8,,346.65,1105.58,0.42,0.0,0N90E
2014-01-24,2014,1,24,146.37,0.0,73.2,29.04,222.22,1042.33,2.85,0.0,0N90E
2014-01-25,2014,1,25,218.78,0.0,75.2,29.11,303.37,1073.95,3.15,0.0,0N90E
2014-01-26,2014,1,26,244.58,0.0,72.8,29.45,354.14,1147.61,0.42,0.0,0N90E
2014-01-27,2014,1,27,260.81,0.0,74.8,,364.96,1027.76,0.18,0.0,0N90E
2014-01-28,2014,1,28,260.81,0.0,77.9,,364.96,1120.98,3.15,1.0,0N90E
2014-01-29,2014,1,29,182.58,0.06,80.3,,305.03,1152.19,1.82,1.0,0N90E
2014-01-30,2014,1,30,220.45,0.0,74.8,29.11,309.61,1282.86,0.97,0.0,0N90E
2015-05-06,2015,5,6,,,,30.54,,,,,0N90E
2015-05-07,2015,5,7,261.92,0.0,71.7,30.7,356.88,1120.37,0.01,0.0,0N90E
2015-05-08,2015,5,8,287.25,0.0,74.4,30.64,368.75,1050.8,0.01,0.0,0N90E
2015-05-09,2015,5,9,193.71,1.45,82.8,30.48,313.69,1091.64,6.64,10.4,0N90E
2015-05-10,2015,5,10,158.01,0.06,85.8,30.21,230.74,957.44,0.34,2.2,0N90E
2015-05-11,2015,5,11,176.17,0.24,85.5,30.3,293.98,1264.89,0.86,6.2,0N90E
2015-05-12,2015,5,12,77.13,2.88,88.1,30.11,123.7,576.38,6.39,36.1,0N90E
2015-05-13,2015,5,13,259.36,0.46,78.2,30.15,357.95,1195.77,3.96,2.8,0N90E
2015-05-14,2015,5,14,239.22,0.32,82.7,30.41,319.53,1207.89,2.97,2.2,0N90E
2015-05-15,2015,5,15,258.49,-0.01,76.5,30.3,342.32,961.03,0.01,0.0,0N90E
2015-05-16,2015,5,16,229.13,0.05,79.0,30.1,310.89,1023.87,0.59,0.7,0N90E
2015-05-17,2015,5,17,276.79,0.0,77.2,30.32,357.71,1066.06,0.01,0.0,0N90E
2015-05-18,2015,5,18,266.3,0.0,75.6,30.63,349.23,1044.51,0.01,0.0,0N90E
2015-05-19,2015,5,19,271.6,-0.01,76.4,30.56,357.29,1101.96,0.02,0.0,0N90E
2015-05-20,2015,5,20,242.81,0.04,79.3,30.64,349.51,1140.11,0.22,0.7,0N90E
2015-05-21,2015,5,21,228.41,0.0,79.7,30.2,308.59,970.46,0.13,0.7,0N90E
2015-05-22,2015,5,22,262.42,0.02,79.9,30.29,338.67,995.59,0.16,0.7,0N90E
2015-05-23,2015,5,23,275.79,-0.01,76.7,30.66,349.23,1020.72,0.01,0.0,0N90E
2015-05-24,2015,5,24,60.55,0.04,82.0,30.17,95.87,424.67,0.19,1.6,0N90E
2015-05-25,2015,5,25,258.8,-0.01,76.6,30.38,335.09,1037.78,0.01,0.0,0N90E
2015-05-26,2015,5,26,203.48,0.0,78.4,30.26,297.18,1144.6,0.03,0.0,0N90E
2015-05-27,2015,5,27,235.01,-0.01,78.7,30.49,327.71,1088.05,0.01,0.0,0N90E
2015-05-28,2015,5,28,279.42,-0.01,76.0,30.49,357.45,1031.5,0.01,0.0,0N90E
2015-05-29,2015,5,29,281.8,-0.01,76.4,30.53,357.03,1040.02,0.01,0.0,0N90E
2015-05-30,2015,5,30,279.71,0.12,79.1,30.57,357.01,974.49,0.63,4.2,0N90E
2015-05-31,2015,5,31,234.79,-0.01,70.9,30.62,324.68,930.96,0.01,0.0,0N90E
2015-06-01,2015,6,1,275.36,-0.01,75.5,30.38,353.07,944.87,0.01,0.0,0N90E
2015-06-02,2015,6,2,255.36,-0.01,77.6,30.34,341.14,1057.08,0.01,0.0,0N90E
2015-06-03,2015,6,3,274.97,-0.01,75.0,30.4,349.83,1053.94,0.01,0.0,0N90E
2015-06-04,2015,6,4,278.47,-0.01,77.8,30.58,353.32,943.97,0.01,0.0,0N90E
2015-06-05,2015,6,5,210.74,1.11,81.7,30.61,322.53,955.19,6.59,5.1,0N90E
2015-06-06,2015,6,6,274.17,0.05,80.7,30.55,350.64,1089.85,0.28,3.0,0N90E
2015-06-07,2015,6,7,119.6,-0.01,80.7,30.32,213.48,952.05,0.06,0.0,0N90E
2015-06-08,2015,6,8,225.48,0.25,76.8,30.37,278.82,807.98,1.99,2.8,0N90E
2015-06-09,2015,6,9,140.51,0.65,83.1,30.21,225.89,996.04,4.23,6.4,0N90E
2015-06-10,2015,6,10,154.28,-0.01,77.2,30.13,205.26,844.78,0.01,0.0,0N90E
2015-06-11,2015,6,11,156.04,0.0,79.4,30.28,218.55,912.11,0.01,0.0,0N90E
2015-06-12,2015,6,12,207.44,0.03,77.4,30.41,279.05,1184.55,0.2,1.4,0N90E
2015-06-13,2015,6,13,42.52,0.39,82.7,30.18,55.95,203.85,1.57,5.6,0N90E
2015-06-14,2015,6,14,103.59,0.01,77.1,30.09,154.0,508.16,0.1,0.0,0N90E
2015-06-15,2015,6,15,186.81,-0.01,78.1,30.16,263.84,1203.85,0.02,0.0,0N90E
2015-06-16,2015,6,16,105.03,-0.03,77.2,30.08,133.91,429.16,0.01,0.0,0N90E
2015-06-17,2015,6,17,236.97,0.05,77.3,30.1,319.24,1086.25,0.6,1.4,0N90E
2015-06-18,2015,6,18,256.37,-0.02,76.5,29.98,332.72,1000.98,0.01,0.0,0N90E
2015-06-19,2015,6,19,,0.35,79.3,30.05,,,3.43,1.4,0N90E
2015-06-20,2015,6,20,242.59,-0.03,76.8,30.15,318.97,1022.52,0.01,0.0,0N90E
2015-06-21,2015,6,21,261.06,-0.03,78.4,30.14,330.67,1004.57,0.01,0.0,0N90E
2015-06-22,2015,6,22,199.38,-0.03,80.9,30.17,279.59,1022.07,0.02,0.0,0N90E
2015-06-23,2015,6,23,269.57,-0.02,80.4,30.19,343.78,1055.28,0.01,0.0,0N90E
2015-06-24,2015,6,24,220.96,-0.01,79.5,30.21,293.56,1029.7,0.02,0.0,0N90E
2015-06-25,2015,6,25,251.71,-0.01,78.1,30.27,332.18,961.03,0.01,0.0,0N90E
2015-06-26,2015,6,26,252.83,-0.01,76.5,30.28,329.79,918.39,0.01,0.0,0N90E
2015-06-27,2015,6,27,253.3,-0.01,72.5,30.49,331.43,904.03,0.02,0.0,0N90E
2015-06-28,2015,6,28,251.39,-0.02,77.6,30.34,330.94,975.39,0.01,0.0,0N90E
2015-06-29,2015,6,29,227.77,0.01,79.9,30.39,318.69,1036.88,0.11,0.0,0N90E
2015-06-30,2015,6,30,172.98,-0.01,79.2,30.43,232.85,1034.19,0.06,0.0,0N90E
2015-07-01,2015,7,1,284.54,0.0,78.6,30.56,342.02,1042.27,0.08,0.0,0N90E
2015-07-02,2015,7,2,214.16,-0.02,77.7,30.38,293.96,1087.15,0.02,0.0,0N90E
2015-07-03,2015,7,3,254.56,-0.02,76.0,30.34,340.22,981.68,0.02,0.0,0N90E
2015-07-04,2015,7,4,166.17,0.0,75.6,30.28,239.4,1226.29,0.02,0.0,0N90E
2015-07-05,2015,7,5,124.59,0.27,86.2,30.17,190.61,871.26,0.71,10.4,0N90E
2015-07-06,2015,7,6,168.06,0.03,78.5,30.07,250.57,1149.09,0.42,0.7,0N90E
2015-07-07,2015,7,7,59.0,0.06,82.3,30.08,79.99,329.97,0.43,2.1,0N90E
2015-07-08,2015,7,8,192.51,-0.01,78.4,30.03,266.54,1145.05,0.01,0.0,0N90E
2015-07-09,2015,7,9,267.57,-0.01,74.7,30.06,349.83,987.96,0.02,0.0,0N90E
2015-07-10,2015,7,10,254.59,-0.01,78.0,30.11,333.08,1006.36,0.06,0.0,0N90E
2015-07-11,2015,7,11,251.54,-0.01,80.9,30.26,335.59,1050.35,0.01,0.0,0N90E
2015-07-12,2015,7,12,,0.19,84.8,29.94,,,0.63,7.7,0N90E
2015-07-13,2015,7,13,226.93,0.1,83.9,29.96,315.3,1092.54,0.61,7.9,0N90E
2015-07-14,2015,7,14,156.9,0.03,74.8,29.87,232.66,952.05,0.97,12.5,0N90E
2015-07-15,2015,7,15,150.08,0.0,77.8,29.84,198.33,720.9,0.01,0.0,0N90E
2015-07-16,2015,7,16,232.05,,82.4,29.86,328.46,1114.98,,,0N90E
2015-07-17,2015,7,17,165.99,,78.1,29.8,228.35,825.93,,,0N90E
2015-07-18,2015,7,18,223.34,,79.8,29.69,306.46,1095.23,,,0N90E
2015-07-19,2015,7,19,234.26,,77.8,29.83,308.87,908.52,,,0N90E
2015-07-20,2015,7,20,166.87,,76.3,29.62,269.88,934.1,,,0N90E
2015-07-21,2015,7,21,154.66,,78.8,29.65,216.33,804.39,,,0N90E
2015-07-22,2015,7,22,265.79,,78.7,29.77,343.31,1022.52,,,0N90E
2015-07-23,2015,7,23,240.14,,79.8,29.84,326.62,909.41,,,0N90E
2015-07-24,2015,7,24,,,80.9,29.91,,,,,0N90E
2015-07-25,2015,7,25,160.92,,81.0,29.61,280.63,1105.55,,,0N90E
2015-07-26,2015,7,26,219.71,,77.8,29.69,307.66,1246.94,,,0N90E
2015-07-27,2015,7,27,187.27,,79.2,29.63,308.52,1067.85,,,0N90E
2015-07-28,2015,7,28,269.71,,79.8,29.67,350.77,1012.2,,,0N90E
2015-07-29,2015,7,29,120.12,,81.4,29.52,209.62,1158.07,,,0N90E
2015-07-30,2015,7,30,78.6,,79.1,29.5,111.35,398.64,,,0N90E
2015-07-31,2015,7,31,98.17,,79.5,29.5,154.18,633.83,,,0N90E
2015-08-01,2015,8,1,75.46,,80.2,29.44,107.49,537.33,,,0N90E
2015-08-02,2015,8,2,234.27,,76.7,29.54,309.99,1051.69,,,0N90E
2015-08-03,2015,8,3,233.73,,78.8,29.57,316.26,1025.21,,,0N90E
2015-08-04,2015,8,4,275.37,,78.9,29.61,357.4,1051.25,,,0N90E
2015-08-05,2015,8,5,163.93,,85.2,29.62,255.78,1084.01,,,0N90E
2015-08-06,2015,8,6,141.94,,81.9,29.66,191.15,1047.21,,,0N90E
2015-08-07,2015,8,7,122.94,,82.8,29.59,163.72,657.17,,,0N90E
2015-08-08,2015,8,8,221.34,,76.7,29.59,317.93,1120.37,,,0N90E
2015-08-09,2015,8,9,191.53,,76.8,29.62,288.88,1214.62,,,0N90E
2015-08-10,2015,8,10,119.23,,74.0,29.62,157.82,535.09,,,0N90E
2015-08-11,2015,8,11,182.88,,75.8,29.67,251.51,997.39,,,0N90E
2015-08-12,2015,8,12,68.59,,87.2,29.6,91.32,423.77,,,0N90E
2015-08-13,2015,8,13,116.19,,87.9,29.6,244.57,1197.57,,,0N90E
2015-08-14,2015,8,14,245.38,,83.0,29.68,350.16,1095.68,,,0N90E
2015-08-15,2015,8,15,241.27,,80.8,29.58,333.4,1248.28,,,0N90E
2015-08-16,2015,8,16,156.27,,81.5,29.54,247.94,1174.67,,,0N90E
2015-08-17,2015,8,17,297.17,,77.7,29.78,384.78,1188.59,,,0N90E
2015-08-18,2015,8,18,277.3,,76.3,29.93,368.11,1175.57,,,0N90E
2015-08-19,2015,8,19,279.8,,76.7,30.07,379.4,1073.69,,,0N90E
2015-08-20,2015,8,20,156.2,,80.5,29.57,248.88,1263.1,,,0N90E
2015-08-21,2015,8,21,227.36,,78.4,29.54,296.92,999.63,,,0N90E
2015-08-22,2015,8,22,218.95,,76.1,29.52,306.81,1035.99,,,0N90E
2015-08-23,2015,8,23,268.84,,76.8,29.59,361.96,1119.92,,,0N90E
2015-08-24,2015,8,24,259.25,,75.0,29.6,341.02,1094.78,,,0N90E
2015-08-25,2015,8,25,233.57,,76.8,29.52,323.45,1129.34,,,0N90E
2015-08-26,2015,8,26,266.76,,76.2,29.51,351.29,1062.02,,,0N90E
2015-08-27,2015,8,27,240.03,,81.1,29.53,328.33,1110.49,,,0N90E
2015-08-28,2015,8,28,275.25,,83.4,29.56,368.73,1014.89,,,0N90E
2015-08-29,2015,8,29,102.08,,81.1,29.41,157.14,653.58,,,0N90E
2015-08-30,2015,8,30,257.85,,78.5,29.65,362.68,1163.45,,,0N90E
2015-08-31,2015,8,31,193.41,,82.8,29.48,285.04,1196.22,,,0N90E
2015-09-01,2015,9,1,39.46,,87.6,29.29,67.24,281.94,,,0N90E
2015-09-02,2015,9,2,212.24,,81.7,29.41,289.78,1054.84,,,0N90E
2015-09-03,2015,9,3,112.01,,85.0,29.39,199.48,963.72,,,0N90E
2015-09-04,2015,9,4,185.92,,81.0,29.48,307.92,1118.12,,,0N90E
2015-09-05,2015,9,5,120.46,,78.6,29.41,190.21,732.12,,,0N90E
2015-09-06,2015,9,6,170.76,,78.7,29.42,247.98,1009.05,,,0N90E
2015-09-07,2015,9,7,83.2,,82.2,29.38,157.72,781.5,,,0N90E
2015-09-08,2015,9,8,238.46,,76.4,29.41,333.53,1280.6,,,0N90E
2015-09-09,2015,9,9,97.43,,79.2,29.33,158.02,714.62,,,0N90E
2015-09-10,2015,9,10,267.65,,77.3,29.34,361.15,1150.44,,,0N90E
2015-09-11,2015,9,11,265.77,,76.8,29.33,370.49,1086.25,,,0N90E
2015-09-12,2015,9,12,290.17,,77.0,29.31,385.9,1119.47,,,0N90E
2015-09-13,2015,9,13,147.15,,79.8,29.23,192.02,649.09,,,0N90E
2015-09-14,2015,9,14,145.4,,79.9,29.17,246.08,1211.48,,,0N90E
2015-09-15,2015,9,15,171.2,,75.9,29.13,241.65,946.67,,,0N90E
2015-09-16,2015,9,16,261.26,,75.2,29.18,348.39,1050.8,,,0N90E
2015-09-17,2015,9,17,275.42,,75.9,29.22,362.92,1162.11,,,0N90E
2015-09-18,2015,9,18,270.0,,76.0,29.25,362.2,1106.45,,,0N90E
2015-09-19,2015,9,19,287.41,,77.6,29.37,383.46,1100.62,,,0N90E
2015-09-20,2015,9,20,222.72,,80.7,29.53,304.54,1051.69,,,0N90E
2015-09-21,2015,9,21,150.22,,83.9,29.46,227.74,782.84,,,0N90E
2015-09-22,2015,9,22,86.89,,88.4,29.19,134.78,805.73,,,0N90E
2015-09-23,2015,9,23,153.03,,80.6,29.28,209.46,833.11,,,0N90E
2015-09-24,2015,9,24,236.43,,76.3,29.28,329.76,1106.45,,,0N90E
2015-09-25,2015,9,25,279.83,,81.2,29.28,372.17,1084.01,,,0N90E
2015-09-26,2015,9,26,75.49,,73.9,29.12,99.74,386.52,,,0N90E
2015-09-27,2015,9,27,263.38,,71.4,29.16,347.93,1241.1,,,0N90E
2015-09-28,2015,9,28,223.78,,73.2,29.15,296.85,1348.37,,,0N90E
2015-09-29,2015,9,29,269.02,,73.3,29.27,366.83,1151.34,,,0N90E
2015-09-30,2015,9,30,305.81,,74.9,29.6,397.06,1233.02,,,0N90E
2015-10-01,2015,10,1,246.87,,79.8,29.35,359.6,1186.34,,,0N90E
2015-10-02,2015,10,2,276.05,,81.7,29.4,379.5,1132.93,,,0N90E
2015-10-03,2015,10,3,253.84,,79.6,29.43,338.64,1105.11,,,0N90E
2015-10-04,2015,10,4,277.69,,76.8,29.43,366.65,1071.89,,,0N90E
2015-10-05,2015,10,5,256.67,,77.7,29.46,344.95,1222.7,,,0N90E
2015-10-06,2015,10,6,131.31,,80.7,29.31,207.92,921.53,,,0N90E
2015-10-07,2015,10,7,251.91,,81.5,29.31,349.56,1175.57,,,0N90E
2015-10-08,2015,10,8,76.3,,86.5,29.13,129.65,829.07,,,0N90E
2015-10-09,2015,10,9,106.26,,86.5,29.12,203.39,1253.67,,,0N90E
2015-10-10,2015,10,10,159.18,,81.5,29.26,254.94,1075.48,,,0N90E
2015-10-11,2015,10,11,281.58,,79.6,29.59,377.96,1063.36,,,0N90E
2015-10-12,2015,10,12,275.03,,81.7,29.43,363.15,1218.21,,,0N90E
2015-10-13,2015,10,13,75.32,,85.2,29.09,110.91,596.13,,,0N90E
2015-10-14,2015,10,14,162.41,,85.1,29.32,275.47,1032.39,,,0N90E
2015-10-15,2015,10,15,233.13,,78.3,29.43,333.71,1369.92,,,0N90E
2015-10-16,2015,10,16,241.02,,80.3,29.48,356.0,1120.81,,,0N90E
2015-10-17,2015,10,17,211.53,,84.9,29.57,355.39,1099.72,,,0N90E
2015-10-18,2015,10,18,158.02,,81.7,29.52,250.11,1226.29,,,0N90E
2015-10-19,2015,10,19,109.66,,83.4,29.4,166.17,750.98,,,0N90E
2015-10-20,2015,10,20,170.32,,87.7,29.42,248.02,861.39,,,0N90E
2015-10-21,2015,10,21,110.74,,84.1,29.38,188.77,1053.04,,,0N90E
2015-10-22,2015,10,22,235.86,,81.0,29.39,322.87,1003.22,,,0N90E
2015-10-23,2015,10,23,281.15,,80.1,29.34,378.45,1092.09,,,0N90E
2015-10-24,2015,10,24,106.36,,84.9,29.2,151.72,614.98,,,0N90E
2015-10-25,2015,10,25,179.16,,88.9,29.21,278.37,1151.34,,,0N90E
2015-10-26,2015,10,26,158.49,,85.1,29.29,237.81,916.6,,,0N90E
2015-10-27,2015,10,27,194.96,,78.4,29.6,266.41,989.76,,,0N90E
2015-10-28,2015,10,28,100.5,,83.5,29.24,157.83,685.0,,,0N90E
2015-10-29,2015,10,29,197.24,,79.2,29.54,281.37,1162.11,,,0N90E
2015-10-30,2015,10,30,249.71,,80.3,29.58,334.23,978.98,,,0N90E
2015-10-31,2015,10,31,126.12,,81.8,29.48,170.45,1000.08,,,0N90E
2015-11-01,2015,11,1,273.22,,79.6,29.61,356.4,1071.89,,,0N90E
2015-11-02,2015,11,2,166.21,,82.6,29.43,270.22,1097.03,,,0N90E
2015-11-03,2015,11,3,181.66,,85.7,29.48,300.46,1136.97,,,0N90E
2015-11-04,2015,11,4,155.57,,84.5,29.46,281.25,1005.02,,,0N90E
2015-11-05,2015,11,5,234.47,,79.4,29.47,321.84,1234.37,,,0N90E
2015-11-06,2015,11,6,262.35,,78.4,29.47,366.33,1348.82,,,0N90E
2015-11-07,2015,11,7,264.15,,79.2,29.52,367.28,1183.65,,,0N90E
2015-11-08,2015,11,8,276.62,,81.0,29.56,371.89,1092.54,,,0N90E
2015-11-09,2015,11,9,238.35,,80.7,29.71,330.22,1242.9,,,0N90E
2015-11-10,2015,11,10,162.75,,81.7,29.63,228.0,1237.51,,,0N90E
2015-11-11,2015,11,11,110.95,,82.3,29.53,179.16,721.35,,,0N90E
2015-11-12,2015,11,12,71.58,,85.4,29.53,103.82,319.2,,,0N90E
2015-11-13,2015,11,13,100.09,,87.6,29.48,168.91,746.04,,,0N90E
2015-11-14,2015,11,14,207.97,,84.8,29.4,303.17,1303.94,,,0N90E
2015-11-15,2015,11,15,56.14,,85.3,29.24,71.1,260.85,,,0N90E
2015-11-16,2015,11,16,253.38,,82.6,29.51,363.61,1283.74,,,0N90E
2015-11-17,2015,11,17,244.64,,81.8,29.56,365.11,1134.73,,,0N90E
2015-11-18,2015,11,18,293.51,,79.8,29.78,379.87,1139.67,,,0N90E
2015-11-19,2015,11,19,247.59,,83.0,29.54,351.23,1059.77,,,0N90E
2015-11-20,2015,11,20,137.76,,84.7,29.37,280.09,1358.7,,,0N90E
2015-11-21,2015,11,21,283.51,,78.9,29.71,372.08,1191.28,,,0N90E
2015-11-22,2015,11,22,232.07,,78.1,29.48,320.49,1178.27,,,0N90E
2015-11-23,2015,11,23,119.87,,81.4,29.4,168.98,558.43,,,0N90E
2015-11-24,2015,11,24,214.87,,82.0,29.53,324.04,1291.82,,,0N90E
2015-11-25,2015,11,25,98.92,,83.4,29.37,147.16,950.71,,,0N90E
2015-11-26,2015,11,26,297.98,,82.4,29.39,379.27,1118.12,,,0N90E
2015-11-27,2015,11,27,111.93,,83.7,29.09,152.21,501.42,,,0N90E
2015-11-28,2015,11,28,88.65,,86.2,28.83,140.97,663.45,,,0N90E
2015-11-29,2015,11,29,252.37,,81.5,28.92,339.58,1188.59,,,0N90E
2015-11-30,2015,11,30,114.14,,83.6,29.0,157.2,609.59,,,0N90E
2015-12-01,2015,12,1,257.67,,83.4,29.23,348.28,1099.27,,,0N90E
2015-12-02,2015,12,2,97.73,,84.8,29.1,146.32,526.11,,,0N90E
2015-12-03,2015,12,3,152.35,,87.0,29.03,240.25,1360.04,,,0N90E
2015-12-04,2015,12,4,82.13,,86.0,28.94,115.46,486.61,,,0N90E
2015-12-05,2015,12,5,104.45,,90.5,28.89,144.26,633.38,,,0N90E
2015-12-06,2015,12,6,134.04,,87.1,29.09,251.46,1112.29,,,0N90E
2015-12-07,2015,12,7,264.07,,80.8,29.56,362.25,1179.16,,,0N90E
2015-12-08,2015,12,8,273.02,,81.8,29.37,353.91,1119.92,,,0N90E
2015-12-09,2015,12,9,209.32,,82.5,29.34,307.89,1230.33,,,0N90E
2015-12-10,2015,12,10,130.07,,88.1,29.25,210.44,1110.04,,,0N90E
2015-12-11,2015,12,11,216.85,,84.8,29.13,304.16,1132.04,,,0N90E
2015-12-12,2015,12,12,94.32,,82.5,28.99,132.38,547.2,,,0N90E
2015-12-13,2015,12,13,233.05,,82.2,29.29,322.17,1241.1,,,0N90E
2015-12-14,2015,12,14,244.37,,80.1,29.37,324.48,1036.88,,,0N90E
2015-12-15,2015,12,15,189.33,,78.7,29.25,288.02,1248.28,,,0N90E
2015-12-16,2015,12,16,284.71,,75.8,29.82,377.18,1073.24,,,0N90E
2015-12-17,2015,12,17,291.34,,74.7,29.94,375.94,1077.73,,,0N90E
2015-12-18,2015,12,18,280.31,,74.8,29.92,362.6,1034.64,,,0N90E
2015-12-19,2015,12,19,229.23,,75.3,29.94,297.13,1031.95,,,0N90E
2015-12-20,2015,12,20,224.88,,75.7,29.83,331.41,1138.77,,,0N90E
2015-12-21,2015,12,21,248.62,,74.3,30.15,352.87,1044.51,,,0N90E
2015-12-22,2015,12,22,279.95,,74.1,29.87,377.25,1035.54,,,0N90E
2015-12-23,2015,12,23,285.69,,76.1,29.83,366.93,1181.41,,,0N90E
2015-12-24,2015,12,24,268.93,,77.6,30.01,363.27,1049.45,,,0N90E
2015-12-25,2015,12,25,261.41,,79.7,29.75,361.36,1110.04,,,0N90E
2015-12-26,2015,12,26,223.01,,77.9,30.1,343.75,1129.79,,,0N90E
2015-12-27,2015,12,27,222.86,,78.2,29.96,334.05,1209.68,,,0N90E
2015-12-28,2015,12,28,280.4,,77.3,29.95,361.56,1063.36,,,0N90E
2015-12-29,2015,12,29,280.75,,78.6,29.83,364.89,1111.84,,,0N90E
2015-12-30,2015,12,30,288.36,,77.7,29.92,380.61,1067.85,,,0N90E
2015-12-31,2015,12,31,286.51,,74.6,30.14,373.57,1141.46,,,0N90E
2016-01-01,2016,1,1,282.49,,74.2,30.44,360.93,1170.64,,,0N90E
2016-01-02,2016,1,2,276.61,,71.7,30.29,361.3,1180.06,,,0N90E
2016-01-03,2016,1,3,271.46,,75.7,30.13,357.02,1175.57,,,0N90E
2016-01-04,2016,1,4,286.15,,77.2,30.25,374.12,1079.07,,,0N90E
2016-01-05,2016,1,5,279.63,,77.1,30.33,373.46,1025.21,,,0N90E
2016-01-06,2016,1,6,281.3,,76.0,30.41,377.89,1131.59,,,0N90E
2016-01-07,2016,1,7,286.47,,75.0,30.49,367.25,1029.7,,,0N90E
2016-01-08,2016,1,8,139.73,,80.8,30.04,246.7,1337.15,,,0N90E
2016-01-09,2016,1,9,265.43,,79.5,30.26,373.23,1196.22,,,0N90E
2016-01-10,2016,1,10,254.14,,79.0,30.52,339.69,1214.62,,,0N90E
2016-01-11,2016,1,11,230.31,,79.2,30.28,346.1,1274.76,,,0N90E
2016-01-12,2016,1,12,238.88,,78.7,30.14,367.94,1131.14,,,0N90E
2016-01-13,2016,1,13,34.52,,83.5,29.8,50.45,199.81,,,0N90E
2016-01-14,2016,1,14,174.95,,81.5,29.94,263.33,970.01,,,0N90E
2016-01-15,2016,1,15,191.12,,78.9,29.84,272.56,1217.76,,,0N90E
2016-01-16,2016,1,16,178.09,,80.2,30.05,260.78,1152.23,,,0N90E
2016-01-17,2016,1,17,107.44,,82.4,29.9,150.34,557.53,,,0N90E
2016-01-18,2016,1,18,150.58,,78.9,29.85,234.67,1087.6,,,0N90E
2016-01-19,2016,1,19,216.09,,79.4,29.84,321.48,1316.06,,,0N90E
2016-01-20,2016,1,20,294.48,,78.8,30.01,375.78,1203.85,,,0N90E
2016-01-21,2016,1,21,291.96,,77.2,30.33,382.73,1126.65,,,0N90E
2016-01-22,2016,1,22,255.04,,78.1,30.27,343.62,1099.27,,,0N90E
2016-01-23,2016,1,23,285.39,,74.7,30.46,371.45,1220.01,,,0N90E
2016-01-24,2016,1,24,294.61,,75.8,30.32,384.05,1158.97,,,0N90E
2016-01-25,2016,1,25,299.52,,77.8,30.19,381.22,1079.52,,,0N90E
2016-01-26,2016,1,26,302.42,,75.6,30.49,390.74,1036.43,,,0N90E
2016-01-27,2016,1,27,300.63,,75.0,30.48,385.69,1126.65,,,0N90E
2016-01-28,2016,1,28,272.81,,77.7,30.36,376.9,1101.51,,,0N90E
2016-01-29,2016,1,29,149.32,,87.0,29.9,245.57,987.06,,,0N90E
2016-01-30,2016,1,30,159.54,,78.6,29.64,247.67,1109.15,,,0N90E
2016-01-31,2016,1,31,232.26,,75.9,29.72,328.12,1124.85,,,0N90E
2016-02-01,2016,2,1,231.27,,79.5,29.84,326.7,1242.0,,,0N90E
2016-02-02,2016,2,2,256.15,,78.5,29.95,339.82,1196.67,,,0N90E
2016-02-03,2016,2,3,251.23,,79.6,29.95,356.89,1179.61,,,0N90E
2016-02-04,2016,2,4,267.92,,78.6,30.03,371.49,1182.75,,,0N90E
2016-02-05,2016,2,5,183.97,,83.0,29.89,272.0,1051.69,,,0N90E
2016-02-06,2016,2,6,126.03,,81.8,29.67,205.8,1187.24,,,0N90E
2016-02-07,2016,2,7,114.89,,83.1,29.64,148.61,509.95,,,0N90E
2016-02-08,2016,2,8,212.81,,88.4,29.55,330.14,1153.58,,,0N90E
2016-02-09,2016,2,9,50.67,,78.5,29.42,72.76,296.31,,,0N90E
2016-02-10,2016,2,10,144.98,,74.7,29.4,210.26,811.12,,,0N90E
2016-02-11,2016,2,11,205.24,,77.1,29.48,294.62,1139.67,,,0N90E
2016-02-12,2016,2,12,246.72,,77.7,29.58,343.25,1255.47,,,0N90E
2016-02-13,2016,2,13,289.27,,77.1,29.65,380.48,1171.98,,,0N90E
2016-02-14,2016,2,14,295.5,,79.5,29.63,388.52,1038.68,,,0N90E
2016-02-15,2016,2,15,210.95,,79.6,29.72,297.66,1150.44,,,0N90E
2016-02-16,2016,2,16,294.44,,75.7,29.8,381.54,1057.08,,,0N90E
2016-02-17,2016,2,17,303.3,,77.5,29.7,388.74,1089.4,,,0N90E
2016-02-18,2016,2,18,264.6,,78.7,29.74,385.22,1077.73,,,0N90E
2016-02-19,2016,2,19,268.03,,78.1,29.98,356.92,1267.13,,,0N90E
2016-02-20,2016,2,20,252.72,,80.6,29.98,368.12,1227.19,,,0N90E
2016-02-21,2016,2,21,139.63,,81.5,29.79,213.98,1171.98,,,0N90E
2016-02-22,2016,2,22,291.8,,77.7,30.09,391.58,1129.79,,,0N90E
2016-02-23,2016,2,23,141.74,,81.8,29.76,193.5,1014.89,,,0N90E
2016-02-24,2016,2,24,253.48,,78.5,30.19,356.59,1209.68,,,0N90E
2016-02-25,2016,2,25,307.24,,78.4,30.0,394.49,1179.61,,,0N90E
2016-02-26,2016,2,26,200.5,,78.0,30.14,296.27,1325.03,,,0N90E
2016-02-27,2016,2,27,183.23,,81.0,30.15,305.72,1244.69,,,0N90E
2016-02-29,2016,2,29,298.0,0.0,79.1,30.25,407.36,1194.63,0.27,1.0,0N90E
2016-03-01,2016,3,1,293.97,0.0,77.1,30.52,384.97,1232.68,0.27,1.0,0N90E
2016-03-02,2016,3,2,292.62,0.0,75.5,30.72,376.92,1182.54,0.22,0.0,0N90E
2016-03-03,2016,3,3,299.79,0.0,76.7,30.89,393.48,1237.15,0.22,0.0,0N90E
2016-03-04,2016,3,4,292.18,0.54,75.9,31.06,389.45,1198.66,3.88,5.0,0N90E
2016-03-05,2016,3,5,250.1,0.0,79.5,30.77,370.65,1276.99,0.27,0.0,0N90E
2016-03-06,2016,3,6,277.4,0.0,79.5,30.72,368.86,1159.26,0.32,0.0,0N90E
2016-03-07,2016,3,7,83.13,0.27,81.5,30.48,119.52,471.68,12.71,4.0,0N90E
2016-03-08,2016,3,8,303.37,0.05,76.7,30.76,393.48,1173.59,10.34,3.0,0N90E
2016-03-09,2016,3,9,238.91,0.05,80.7,30.72,376.47,1225.07,6.57,2.0,0N90E
2016-03-10,2016,3,10,156.54,1.02,81.9,30.58,243.97,1211.64,4.31,11.0,0N90E
2016-03-11,2016,3,11,274.72,0.0,75.9,30.66,373.34,1092.12,0.27,0.0,0N90E
2016-03-12,2016,3,12,97.0,0.22,79.5,30.43,187.56,1136.88,14.54,6.0,0N90E
2016-03-13,2016,3,13,305.61,0.0,74.7,30.73,389.9,1134.64,0.27,0.0,0N90E
2016-03-14,2016,3,14,298.89,0.0,77.5,30.9,390.35,1179.86,0.27,0.0,0N90E
2016-03-15,2016,3,15,187.43,0.0,77.5,30.82,260.53,1162.85,0.27,0.0,0N90E
2016-03-16,2016,3,16,96.11,0.86,84.3,30.55,180.4,870.53,3.02,17.0,0N90E
2016-03-17,2016,3,17,157.44,0.59,78.7,30.44,197.41,704.46,5.87,2.0,0N90E
2016-03-18,2016,3,18,268.0,0.43,79.9,30.57,357.67,1213.88,4.36,2.0,0N90E
2016-03-19,2016,3,19,139.98,8.4,86.3,30.49,246.65,1240.29,0.0,5.0,0N90E
2016-03-20,2016,3,20,120.28,2.96,85.1,30.22,199.65,790.4,15.41,30.0,0N90E
2016-03-21,2016,3,21,62.53,0.0,79.9,30.11,71.18,192.35,0.16,0.0,0N90E
2016-03-22,2016,3,22,184.29,0.86,83.5,30.08,294.55,1326.24,3.23,15.0,0N90E
2016-03-23,2016,3,23,205.33,0.0,79.1,30.04,311.56,,0.22,0.0,0N90E
2016-03-24,2016,3,24,261.29,0.0,79.9,30.04,359.91,1271.62,0.32,0.0,0N90E
2016-03-25,2016,3,25,261.74,0.0,79.9,30.17,353.64,1203.58,0.22,0.0,0N90E
2016-03-26,2016,3,26,296.21,0.0,75.1,30.39,389.45,1245.21,0.22,0.0,0N90E
2016-03-27,2016,3,27,315.01,0.0,76.3,30.42,401.54,1189.26,0.27,0.0,0N90E
2016-03-28,2016,3,28,310.08,0.0,75.1,30.53,397.96,1064.36,0.32,0.0,0N90E
2016-03-29,2016,3,29,308.29,0.0,75.5,30.71,398.4,1111.37,0.38,0.0,0N90E
2016-03-30,2016,3,30,281.88,0.05,77.5,30.74,388.56,1310.57,0.38,1.0,0N90E
2016-03-31,2016,3,31,301.13,0.0,75.5,30.94,390.35,1170.9,0.22,0.0,0N90E
2016-04-01,2016,4,1,244.28,0.27,76.3,30.8,351.85,1271.18,2.42,3.0,0N90E
2016-04-02,2016,4,2,252.78,0.0,77.9,30.91,361.25,1153.44,0.27,0.0,0N90E
2016-04-03,2016,4,3,225.48,0.0,78.3,30.78,316.04,1226.86,0.48,1.0,0N90E
2016-04-04,2016,4,4,289.04,0.0,79.5,30.99,371.1,1044.67,0.0,1.0,0N90E
2016-04-05,2016,4,5,188.77,0.0,81.1,30.72,304.4,1312.36,0.43,1.0,0N90E
2016-04-06,2016,4,6,220.55,0.0,82.3,30.43,320.07,1115.84,0.38,0.0,0N90E
2016-04-07,2016,4,7,128.79,0.05,79.1,30.3,207.71,1052.72,0.81,1.0,0N90E
2016-04-08,2016,4,8,308.74,0.0,74.3,30.73,396.17,1071.08,0.27,0.0,0N90E
2016-04-09,2016,4,9,243.38,0.0,75.9,30.79,379.6,1195.97,0.27,0.0,0N90E
2016-04-10,2016,4,10,293.97,0.0,76.3,30.85,379.15,1061.68,0.27,0.0,0N90E
2016-04-11,2016,4,11,134.16,,85.1,30.52,244.86,1049.14,38.03,22.0,0N90E
2016-04-12,2016,4,12,183.4,0.0,77.1,30.48,272.17,1115.84,0.22,0.0,0N90E
2016-04-13,2016,4,13,250.99,0.0,77.1,30.57,341.55,1132.85,0.27,0.0,0N90E
2016-04-14,2016,4,14,278.3,0.0,74.3,31.14,376.47,1097.04,0.16,0.0,0N90E
2016-04-15,2016,4,15,285.46,0.0,75.5,31.11,376.92,1101.07,0.27,0.0,0N90E
2016-04-16,2016,4,16,280.09,0.0,73.5,31.24,383.18,1084.51,0.22,0.0,0N90E
2016-04-17,2016,4,17,304.71,0.05,73.5,31.3,384.97,1133.3,0.48,2.0,0N90E
2016-04-18,2016,4,18,285.91,0.16,76.7,31.22,380.95,1064.36,1.67,1.0,0N90E
2016-04-19,2016,4,19,209.81,0.16,77.1,30.91,284.7,1287.74,1.78,2.0,0N90E
2016-04-20,2016,4,20,300.68,0.0,72.8,31.35,375.13,1020.05,0.11,0.0,0N90E
2016-04-21,2016,4,21,278.75,0.05,70.4,31.67,375.13,1001.69,0.38,1.0,0N90E
2016-04-22,2016,4,22,128.79,0.43,79.1,31.19,236.8,963.2,24.13,6.0,0N90E
2016-04-23,2016,4,23,294.86,2.48,81.5,30.99,382.74,999.01,33.56,18.0,0N90E
2016-04-24,2016,4,24,58.51,0.81,79.5,30.78,102.06,342.76,3.93,17.0,0N90E
2016-04-25,2016,4,25,258.6,0.0,75.5,31.27,371.55,1123.0,0.16,0.0,0N90E
2016-04-26,2016,4,26,280.54,0.0,72.8,31.54,367.07,1030.34,0.11,0.0,0N90E
2016-04-27,2016,4,27,215.18,,80.3,31.06,307.53,1204.48,56.94,4.0,0N90E
2016-04-28,2016,4,28,237.12,0.0,76.7,31.24,336.18,1118.53,18.64,1.0,0N90E
2016-04-29,2016,4,29,217.42,2.86,78.3,31.12,291.86,1003.93,0.0,3.0,0N90E
2016-04-30,2016,4,30,250.1,0.05,78.3,31.32,354.98,1037.95,3.61,1.0,0N90E
2016-05-01,2016,5,1,71.49,0.22,83.1,31.0,106.99,401.85,24.03,6.0,0N90E
2016-05-02,2016,5,2,237.56,0.16,77.5,31.19,347.82,1154.79,2.05,1.0,0N90E
2016-05-03,2016,5,3,232.64,0.0,77.1,31.14,322.75,975.28,0.59,2.0,0N90E
2016-05-04,2016,5,4,224.13,0.0,77.1,31.16,329.47,1021.39,0.38,0.0,0N90E
2016-05-05,2016,5,5,29.41,0.27,80.3,30.91,45.66,177.13,0.0,5.0,0N90E
2016-05-06,2016,5,6,165.49,0.0,80.7,30.85,231.43,1170.9,0.05,0.0,0N90E
2016-05-07,2016,5,7,186.08,0.16,79.9,30.83,241.28,999.01,5.6,5.0,0N90E
2016-05-08,2016,5,8,226.82,0.22,78.3,31.04,313.35,1020.49,24.19,9.0,0N90E
2016-05-09,2016,5,9,198.62,0.0,81.9,30.85,304.85,1157.47,0.16,0.0,0N90E
2016-05-10,2016,5,10,33.89,0.38,81.5,30.66,45.21,211.6,1.24,12.0,0N90E
2016-05-11,2016,5,11,141.32,0.75,84.7,30.53,208.6,812.79,3.39,14.0,0N90E
2016-05-12,2016,5,12,81.78,0.05,81.5,30.49,115.94,405.88,0.7,2.0,0N90E
2016-05-13,2016,5,13,94.77,0.27,83.5,30.44,126.68,514.66,2.48,4.0,0N90E
2016-05-14,2016,5,14,172.21,0.16,79.5,30.39,263.22,1126.59,6.57,22.0,0N90E
2016-05-15,2016,5,15,99.69,0.0,79.1,30.29,124.89,395.13,0.92,11.0,0N90E
2016-05-16,2016,5,16,215.63,0.0,81.5,30.12,302.61,1046.91,0.11,0.0,0N90E
2016-05-17,2016,5,17,192.8,0.0,79.1,30.05,259.19,1237.15,0.05,0.0,0N90E
2016-05-18,2016,5,18,253.68,,74.3,30.39,332.15,1020.05,0.86,2.0,0N90E
2016-05-19,2016,5,19,272.03,0.0,77.9,30.18,349.16,1026.31,0.05,0.0,0N90E
2016-05-20,2016,5,20,267.56,0.0,79.9,29.97,345.13,1084.95,0.43,1.0,0N90E
2016-05-21,2016,5,21,233.98,0.0,81.1,29.88,317.38,1129.72,0.86,2.0,0N90E
2016-05-22,2016,5,22,247.41,0.0,79.5,29.93,326.33,1084.51,0.16,0.0,0N90E
2016-05-23,2016,5,23,186.98,0.05,80.3,29.73,267.69,1190.15,1.4,3.0,0N90E
2016-05-24,2016,5,24,229.95,0.05,80.3,29.89,317.83,1070.63,0.75,3.0,0N90E
2016-05-25,2016,5,25,197.28,0.0,80.3,29.8,282.91,1256.4,0.11,0.0,0N90E
2016-05-26,2016,5,26,175.79,,80.7,29.74,237.25,790.4,1.29,4.0,0N90E
2016-05-27,2016,5,27,247.41,0.05,80.7,29.89,334.84,1099.28,0.7,1.0,0N90E
2016-05-28,2016,5,28,184.74,0.0,81.5,29.76,231.88,910.37,0.11,0.0,0N90E
2016-05-29,2016,5,29,208.47,0.0,77.5,29.69,298.13,972.6,0.11,0.0,0N90E
2016-05-30,2016,5,30,242.94,0.0,79.1,29.69,326.78,996.77,0.22,0.0,0N90E
2016-05-31,2016,5,31,257.71,0.0,77.1,29.72,335.29,1008.86,0.11,0.0,0N90E
2016-06-01,2016,6,1,212.5,0.0,77.5,29.68,296.34,1024.52,0.11,0.0,0N90E
2016-06-02,2016,6,2,227.72,0.0,79.9,29.7,319.62,1099.73,0.27,1.0,0N90E
2016-06-03,2016,6,3,228.16,0.0,76.3,29.69,309.77,983.34,0.22,0.0,0N90E
2016-06-04,2016,6,4,244.73,0.0,75.9,29.73,324.99,935.89,0.11,0.0,0N90E
2016-06-05,2016,6,5,248.31,0.0,75.5,29.82,333.94,964.54,0.16,0.0,0N90E
2016-06-06,2016,6,6,250.55,0.0,73.1,29.9,337.08,1040.19,0.11,0.0,0N90E
2016-06-07,2016,6,7,246.96,0.0,70.4,30.16,334.39,971.25,0.16,0.0,0N90E
2016-06-08,2016,6,8,278.3,0.0,73.9,30.3,363.04,1078.24,0.11,0.0,0N90E
2016-06-09,2016,6,9,279.19,0.0,73.1,30.38,357.22,1003.48,0.11,0.0,0N90E
2016-06-10,2016,6,10,273.38,0.0,74.7,30.22,354.09,950.66,0.11,0.0,0N90E
2016-06-11,2016,6,11,254.57,0.0,75.5,30.13,338.42,1088.09,0.11,0.0,0N90E
2016-06-12,2016,6,12,67.91,0.0,77.5,29.93,105.64,688.34,0.11,0.0,0N90E
2016-06-13,2016,6,13,236.22,0.43,79.1,30.15,322.3,1074.66,2.64,5.0,0N90E
2016-06-14,2016,6,14,191.46,0.43,79.9,29.99,299.92,1029.0,3.12,6.0,0N90E
2016-06-15,2016,6,15,37.47,1.08,82.7,29.73,68.94,336.49,5.28,26.0,0N90E
2016-06-16,2016,6,16,133.26,,76.7,29.66,197.86,1061.23,1.62,1.0,0N90E
2016-06-17,2016,6,17,196.83,4.15,76.3,29.69,284.25,1073.76,24.94,2.0,0N90E
2016-06-18,2016,6,18,225.92,0.0,75.9,29.67,312.01,1071.97,0.11,0.0,0N90E
2016-06-19,2016,6,19,268.0,8.83,77.1,29.57,350.06,1026.31,0.0,5.0,0N90E
2016-06-20,2016,6,20,208.91,1.72,80.7,29.57,303.5,983.34,0.0,13.0,0N90E
2017-03-03,2017,3,3,235.26,-0.02,79.8,29.28,339.97,1377.14,0.07,0.0,0N90E
2017-03-04,2017,3,4,303.61,0.05,78.2,29.45,389.9,1049.45,0.2,1.4,0N90E
2017-03-05,2017,3,5,102.83,0.02,80.6,29.06,148.6,717.82,0.13,0.0,0N90E
2017-03-06,2017,3,6,294.52,0.0,75.5,29.38,395.64,1126.21,0.02,0.0,0N90E
2017-03-07,2017,3,7,308.62,-0.01,71.7,29.59,396.65,1231.99,0.03,0.0,0N90E
2017-03-08,2017,3,8,288.76,0.0,72.1,29.6,378.4,1191.15,0.02,0.0,0N90E
2017-03-09,2017,3,9,296.06,0.0,75.4,29.72,383.85,1203.95,0.02,0.0,0N90E
2017-03-10,2017,3,10,292.51,0.0,78.3,29.82,398.83,1103.57,0.03,0.0,0N90E
2017-03-11,2017,3,11,245.44,0.75,80.2,29.47,373.65,1279.23,4.89,4.9,0N90E
2017-03-12,2017,3,12,307.53,-0.02,76.7,29.41,395.1,1196.07,0.02,0.0,0N90E
2017-03-13,2017,3,13,306.46,-0.01,77.3,29.42,396.4,1129.16,0.02,0.0,0N90E
2017-03-14,2017,3,14,316.09,0.0,76.1,29.66,402.55,1061.26,0.01,0.0,0N90E
2017-03-15,2017,3,15,302.91,-0.02,72.8,29.68,393.37,1155.73,0.22,0.0,0N90E
2017-03-16,2017,3,16,306.76,-0.01,73.1,29.41,393.31,1089.3,0.09,0.0,0N90E
2017-03-17,2017,3,17,315.32,-0.02,73.4,29.34,402.43,1083.4,0.16,0.0,0N90E
2017-03-18,2017,3,18,215.88,0.15,76.7,29.34,295.64,1228.06,1.08,2.1,0N90E
2017-03-19,2017,3,19,278.38,-0.03,74.5,29.32,375.99,1190.17,0.09,0.0,0N90E
2017-03-20,2017,3,20,299.59,-0.02,75.8,29.35,394.1,1099.14,0.01,0.0,0N90E
2017-03-21,2017,3,21,236.95,-0.02,76.7,29.32,323.85,1095.21,0.02,0.0,0N90E
2017-03-22,2017,3,22,293.2,-0.02,70.9,29.31,379.35,1092.26,0.03,0.0,0N90E
2017-03-23,2017,3,23,272.13,0.0,73.3,29.53,372.19,1069.13,0.01,0.0,0N90E
2017-03-24,2017,3,24,265.35,-0.02,73.0,29.67,348.39,1127.19,0.09,0.0,0N90E
2017-03-25,2017,3,25,212.67,0.0,76.2,29.68,317.64,1243.8,0.02,0.0,0N90E
2017-03-26,2017,3,26,299.73,0.0,73.8,29.64,386.66,1051.42,0.01,0.0,0N90E
2017-03-27,2017,3,27,255.61,0.55,79.8,29.56,341.44,1199.52,4.15,2.8,0N90E
2017-03-28,2017,3,28,238.71,-0.02,79.9,29.4,324.35,1166.55,0.15,0.7,0N90E
2017-03-29,2017,3,29,255.13,-0.01,77.0,29.69,375.32,1246.26,0.01,0.0,0N90E
2017-03-30,2017,3,30,288.64,-0.01,71.7,29.9,374.36,1161.14,0.02,0.0,0N90E
2017-03-31,2017,3,31,270.61,-0.01,74.2,29.76,359.06,1152.78,0.01,0.0,0N90E
2017-04-01,2017,4,1,270.69,-0.02,73.9,29.67,369.52,1188.2,0.02,0.0,0N90E
2017-04-02,2017,4,2,247.48,0.23,75.7,29.64,321.72,1124.24,1.62,2.8,0N90E
2017-04-03,2017,4,3,243.37,-0.02,75.9,29.7,358.6,1108.49,0.06,0.0,0N90E
2017-04-04,2017,4,4,260.39,-0.02,78.4,29.72,360.27,1206.9,0.02,0.0,0N90E
2017-04-05,2017,4,5,260.02,0.05,78.4,29.7,336.54,1077.5,0.6,1.4,0N90E
2017-04-06,2017,4,6,107.51,0.17,80.0,29.5,179.13,1008.61,0.97,2.8,0N90E
2017-04-07,2017,4,7,255.41,0.03,77.2,29.47,332.25,1008.61,0.34,2.1,0N90E
2017-04-08,2017,4,8,274.01,-0.03,79.0,29.48,374.55,1102.1,0.03,0.0,0N90E
2017-04-09,2017,4,9,287.2,0.0,78.3,29.58,378.04,1160.65,0.17,0.7,0N90E
2017-04-10,2017,4,10,213.83,-0.01,81.0,29.5,320.59,1224.12,0.21,0.7,0N90E
2017-04-11,2017,4,11,180.41,0.49,80.8,29.44,255.2,1045.51,3.18,5.6,0N90E
2017-04-12,2017,4,12,137.51,2.34,84.9,29.4,263.71,1119.81,8.49,15.5,0N90E
2017-04-13,2017,4,13,212.59,0.77,81.7,29.49,285.28,1090.78,4.4,8.3,0N90E
2017-04-14,2017,4,14,233.37,0.04,80.2,29.76,319.88,1102.59,0.33,1.4,0N90E
2017-04-15,2017,4,15,255.54,0.32,81.6,29.77,362.95,1114.4,2.38,3.5,0N90E
2017-04-16,2017,4,16,228.68,0.61,82.0,29.53,351.57,1247.25,2.81,6.2,0N90E
2017-04-17,2017,4,17,244.56,0.11,80.0,29.64,352.44,1085.86,0.67,2.8,0N90E
2017-04-18,2017,4,18,258.48,0.0,79.2,29.64,360.27,1033.21,0.01,0.0,0N90E
2017-04-19,2017,4,19,269.05,0.0,79.4,29.7,344.93,1061.75,0.01,0.0,0N90E
2017-04-20,2017,4,20,273.2,0.0,79.1,29.67,356.36,1077.0,0.15,0.7,0N90E
2017-04-21,2017,4,21,175.2,0.0,80.4,29.59,239.38,995.82,0.01,0.0,0N90E
2017-04-22,2017,4,22,216.06,-0.01,82.1,29.66,321.38,1186.73,0.02,0.0,0N90E
2017-04-23,2017,4,23,265.93,-0.01,79.1,29.95,351.57,1060.27,0.02,0.0,0N90E
2017-04-24,2017,4,24,257.88,0.0,75.1,30.15,354.89,1067.16,0.01,0.0,0N90E
2017-04-25,2017,4,25,267.63,0.0,73.8,30.37,354.88,1143.92,0.01,0.0,0N90E
2017-04-26,2017,4,26,278.75,0.0,75.7,30.25,362.62,1070.11,0.05,0.0,0N90E
2017-04-27,2017,4,27,212.8,0.43,80.2,29.92,307.86,1279.72,2.48,4.2,0N90E
2017-04-28,2017,4,28,254.91,0.0,78.1,30.11,355.03,1012.05,0.03,0.0,0N90E
2017-04-29,2017,4,29,254.82,0.0,74.9,30.55,349.26,1077.99,0.01,0.0,0N90E
2017-04-30,2017,4,30,208.14,0.0,79.8,30.14,306.58,1174.92,0.03,0.0,0N90E
2017-05-01,2017,5,1,233.13,0.14,77.7,30.18,315.71,1262.5,1.34,2.1,0N90E
2017-05-02,2017,5,2,242.64,0.01,77.9,30.3,330.39,1008.61,0.11,0.0,0N90E
2017-05-03,2017,5,3,234.19,0.42,79.3,30.01,329.93,1098.16,2.08,5.6,0N90E
2017-05-04,2017,5,4,68.59,0.71,82.0,29.85,118.13,439.82,2.62,12.5,0N90E
2017-05-05,2017,5,5,60.94,3.74,85.1,29.51,111.29,802.94,9.8,25.7,0N90E
2017-05-06,2017,5,6,280.3,-0.01,74.2,30.27,361.62,1013.04,0.03,0.0,0N90E
2017-05-07,2017,5,7,267.76,-0.01,72.7,30.51,356.23,982.04,0.03,0.0,0N90E
2017-05-08,2017,5,8,274.57,-0.01,73.3,30.75,363.09,1065.69,0.03,0.0,0N90E
2017-05-09,2017,5,9,278.95,-0.02,76.4,30.36,364.91,1181.31,0.02,0.0,0N90E
2017-05-10,2017,5,10,217.1,0.07,81.0,30.16,321.47,1086.84,0.31,3.5,0N90E
2017-05-11,2017,5,11,158.21,-0.01,77.8,29.93,216.81,752.75,0.02,0.0,0N90E
2017-05-12,2017,5,12,270.44,-0.02,76.7,30.13,357.14,967.28,0.02,0.0,0N90E
2017-05-13,2017,5,13,261.68,-0.02,74.0,30.3,347.64,1041.08,0.02,0.0,0N90E
2017-05-14,2017,5,14,251.48,0.04,78.1,30.38,331.52,1071.1,0.46,1.4,0N90E
2017-05-15,2017,5,15,262.24,-0.01,78.0,30.48,349.71,984.01,0.05,0.0,0N90E
2017-05-16,2017,5,16,209.73,0.18,82.6,30.37,311.78,1292.02,0.88,6.2,0N90E
2017-05-17,2017,5,17,110.99,0.07,79.2,29.98,149.5,697.65,0.89,2.1,0N90E
2017-05-18,2017,5,18,185.93,-0.02,78.1,30.02,249.34,1013.53,0.03,0.0,0N90E
2017-05-19,2017,5,19,195.71,0.96,81.6,30.04,297.05,1116.37,2.64,19.4,0N90E
2017-05-20,2017,5,20,140.75,0.0,79.3,29.85,216.38,1015.99,0.07,0.0,0N90E
2017-05-21,2017,5,21,100.08,0.0,81.8,29.81,152.8,881.67,0.07,0.0,0N90E
2017-05-22,2017,5,22,248.23,0.0,78.3,29.92,332.95,1147.36,0.06,0.0,0N90E
2017-05-23,2017,5,23,247.68,0.0,80.0,29.95,335.32,1016.48,0.03,0.0,0N90E
2017-05-24,2017,5,24,215.41,0.05,81.3,29.88,306.77,1186.23,0.31,1.4,0N90E
2017-05-25,2017,5,25,204.44,0.07,84.6,29.72,276.82,1142.94,0.71,1.4,0N90E
2017-05-26,2017,5,26,249.4,1.04,85.3,29.73,333.63,995.33,2.47,23.6,0N90E
2017-05-27,2017,5,27,68.41,0.24,81.2,29.63,112.0,406.37,1.5,4.2,0N90E
2017-05-28,2017,5,28,186.09,0.03,82.3,29.69,256.38,991.88,0.19,0.7,0N90E
2017-05-29,2017,5,29,226.01,0.12,81.9,29.79,312.0,1094.22,0.64,2.1,0N90E
2017-05-30,2017,5,30,91.45,0.0,76.2,29.54,121.77,457.54,0.02,0.0,0N90E
2017-05-31,2017,5,31,237.1,-0.01,78.7,29.57,331.87,1006.64,0.02,0.0,0N90E
2017-06-01,2017,6,1,228.05,0.16,79.1,29.66,325.31,983.52,0.87,3.5,0N90E
2017-06-02,2017,6,2,267.66,0.0,78.2,29.77,344.09,945.63,0.01,0.0,0N90E
2017-06-03,2017,6,3,258.83,0.0,76.2,29.92,346.19,1007.63,0.01,0.0,0N90E
2017-06-04,2017,6,4,262.23,0.0,72.4,30.05,340.69,909.71,0.01,0.0,0N90E
2017-06-05,2017,6,5,263.1,-0.01,74.2,29.76,337.0,914.14,0.03,0.0,0N90E
2017-06-06,2017,6,6,245.4,0.02,78.4,29.62,319.26,927.43,0.27,0.7,0N90E
2017-06-07,2017,6,7,228.54,1.96,83.2,29.66,308.51,1173.93,9.27,8.3,0N90E
2017-06-08,2017,6,8,71.44,0.21,82.8,29.51,110.29,426.05,0.87,6.2,0N90E
2017-06-09,2017,6,9,160.97,0.08,80.1,29.5,232.6,1046.99,0.77,2.1,0N90E
2017-06-10,2017,6,10,255.29,0.49,79.3,29.52,337.23,1124.73,3.7,2.8,0N90E
2017-06-11,2017,6,11,191.28,0.01,82.0,29.73,310.93,1153.76,0.09,0.0,0N90E
2017-06-12,2017,6,12,194.84,0.07,80.1,29.7,311.31,1104.56,0.55,2.1,0N90E
2017-06-13,2017,6,13,259.78,-0.02,78.2,29.79,347.66,1035.67,0.01,0.0,0N90E
2017-06-14,2017,6,14,274.34,-0.02,78.0,29.78,350.52,984.01,0.01,0.0,0N90E
2017-06-15,2017,6,15,264.76,-0.01,77.9,29.97,345.41,956.95,0.01,0.0,0N90E
2017-06-16,2017,6,16,255.66,-0.01,76.8,29.93,333.53,992.87,0.01,0.0,0N90E
2017-06-17,2017,6,17,269.61,-0.01,72.9,29.78,347.73,1001.72,0.01,0.0,0N90E
2017-06-18,2017,6,18,268.86,-0.02,73.2,29.81,348.43,1070.61,0.01,0.0,0N90E
2017-06-19,2017,6,19,268.42,-0.01,72.2,30.01,352.12,960.39,0.01,0.0,0N90E
2017-06-20,2017,6,20,260.82,-0.01,72.4,30.2,346.15,1024.36,0.01,0.0,0N90E
2017-06-21,2017,6,21,272.55,-0.01,72.7,30.32,356.3,1069.62,0.01,0.0,0N90E
2017-06-22,2017,6,22,263.58,0.05,73.9,30.31,347.29,931.36,0.25,2.1,0N90E
2017-06-23,2017,6,23,248.42,-0.02,76.2,30.11,323.01,961.38,0.01,0.0,0N90E
2017-06-24,2017,6,24,180.53,1.44,79.0,30.02,288.98,1002.21,3.75,24.3,0N90E
2017-06-25,2017,6,25,68.19,-0.01,78.0,29.85,87.04,289.26,0.1,0.0,0N90E
2017-06-26,2017,6,26,180.55,-0.01,72.6,30.26,263.7,1167.04,0.01,0.0,0N90E
2017-06-27,2017,6,27,,3.1,77.9,30.09,,,65.66,15.0,0N90E
2017-06-28,2017,6,28,,,74.3,30.08,,,,,0N90E
2017-06-29,2017,6,29,,,74.0,30.27,,,,,0N90E
2017-06-30,2017,6,30,,,72.7,30.29,,,,,0N90E
2017-07-01,2017,7,1,,,72.2,30.38,,,,,0N90E
2017-07-02,2017,7,2,,,77.8,30.56,,,,,0N90E
2017-07-03,2017,7,3,,,80.7,30.15,,,,,0N90E
2017-07-04,2017,7,4,,,77.1,30.05,,,,,0N90E
2017-07-05,2017,7,5,,,81.7,29.94,,,,,0N90E
2017-07-06,2017,7,6,,,77.3,29.87,,,,,0N90E
2017-07-07,2017,7,7,,,78.5,29.85,,,,,0N90E
2017-07-08,2017,7,8,,,78.0,29.86,,,,,0N90E
2017-07-09,2017,7,9,,,73.9,29.82,,,,,0N90E
2017-07-10,2017,7,10,,,72.5,29.83,,,,,0N90E
2017-07-11,2017,7,11,,,76.5,29.69,,,,,0N90E
2017-07-12,2017,7,12,,,75.9,29.72,,,,,0N90E
2017-07-13,2017,7,13,,,77.5,29.64,,,,,0N90E
2017-07-14,2017,7,14,,,76.8,29.53,,,,,0N90E
2017-07-15,2017,7,15,,,77.3,29.57,,,,,0N90E
2017-07-16,2017,7,16,,,75.6,29.57,,,,,0N90E
2017-07-17,2017,7,17,,,76.8,29.73,,,,,0N90E
2017-07-18,2017,7,18,,,78.0,29.71,,,,,0N90E
2017-07-19,2017,7,19,,,77.2,29.76,,,,,0N90E
2017-07-20,2017,7,20,,,76.2,29.76,,,,,0N90E
2017-07-21,2017,7,21,,,77.1,29.81,,,,,0N90E
2017-07-22,2017,7,22,,,76.0,29.83,,,,,0N90E
2017-07-23,2017,7,23,,,75.5,29.86,,,,,0N90E
2017-07-24,2017,7,24,,,73.4,30.03,,,,,0N90E
2017-07-25,2017,7,25,,,73.2,30.05,,,,,0N90E
2017-07-26,2017,7,26,,,76.9,29.89,,,,,0N90E
2017-07-27,2017,7,27,,,77.2,29.75,,,,,0N90E
2017-07-28,2017,7,28,,,79.1,29.7,,,,,0N90E
2017-07-29,2017,7,29,,,81.6,29.73,,,,,0N90E
2017-07-30,2017,7,30,,,80.0,29.65,,,,,0N90E
2017-07-31,2017,7,31,,,81.8,29.55,,,,,0N90E
2017-08-01,2017,8,1,,,77.3,29.64,,,,,0N90E
2017-08-02,2017,8,2,,,81.9,29.51,,,,,0N90E
2017-08-03,2017,8,3,,,81.2,29.35,,,,,0N90E
2017-08-04,2017,8,4,,,80.2,29.21,,,,,0N90E
2017-08-05,2017,8,5,,,78.2,29.11,,,,,0N90E
2017-08-06,2017,8,6,,,78.4,29.11,,,,,0N90E
2017-08-07,2017,8,7,,,78.1,29.07,,,,,0N90E
2017-08-08,2017,8,8,,,77.3,29.13,,,,,0N90E
2017-08-09,2017,8,9,,,74.9,29.44,,,,,0N90E
2017-08-10,2017,8,10,,,74.9,29.26,,,,,0N90E
2017-08-11,2017,8,11,,,80.8,28.94,,,,,0N90E
2017-08-12,2017,8,12,,,81.4,28.97,,,,,0N90E
2017-08-13,2017,8,13,,,80.7,28.96,,,,,0N90E
2017-08-14,2017,8,14,,,75.7,28.89,,,,,0N90E
2017-08-15,2017,8,15,,,76.7,28.74,,,,,0N90E
2017-08-16,2017,8,16,,,77.2,29.07,,,,,0N90E
2017-08-17,2017,8,17,,,76.3,29.15,,,,,0N90E
2017-08-18,2017,8,18,,,75.2,29.06,,,,,0N90E
2017-08-19,2017,8,19,,,82.6,29.22,,,,,0N90E
2017-08-20,2017,8,20,,,77.0,29.45,,,,,0N90E
2017-08-21,2017,8,21,,,79.1,29.12,,,,,0N90E
2017-08-22,2017,8,22,,,78.5,29.09,,,,,0N90E
2017-08-23,2017,8,23,,,78.6,29.31,,,,,0N90E
2017-08-24,2017,8,24,,,79.3,29.21,,,,,0N90E
2017-08-25,2017,8,25,,,78.6,29.23,,,,,0N90E
2017-08-26,2017,8,26,,,84.4,28.89,,,,,0N90E
2017-08-27,2017,8,27,,,79.2,28.81,,,,,0N90E
2017-08-28,2017,8,28,,,78.0,28.97,,,,,0N90E
2017-08-29,2017,8,29,,,80.1,29.36,,,,,0N90E
2017-08-30,2017,8,30,,,76.6,29.45,,,,,0N90E
2017-08-31,2017,8,31,,,78.2,29.44,,,,,0N90E
2017-09-01,2017,9,1,,,80.2,29.21,,,,,0N90E
2017-09-02,2017,9,2,,,78.7,29.15,,,,,0N90E
2017-09-03,2017,9,3,,,81.0,29.11,,,,,0N90E
2017-09-04,2017,9,4,,,80.9,28.98,,,,,0N90E
2017-09-05,2017,9,5,,,80.4,28.95,,,,,0N90E
2017-09-06,2017,9,6,,,82.3,28.8,,,,,0N90E
2017-09-07,2017,9,7,,,83.6,28.85,,,,,0N90E
2017-09-08,2017,9,8,,,81.4,28.84,,,,,0N90E
2017-09-09,2017,9,9,,,82.4,28.87,,,,,0N90E
2017-09-10,2017,9,10,,,78.7,29.0,,,,,0N90E
2017-09-11,2017,9,11,,,77.2,29.28,,,,,0N90E
2017-09-12,2017,9,12,,,77.5,29.11,,,,,0N90E
2017-09-13,2017,9,13,,,76.8,29.42,,,,,0N90E
2017-09-14,2017,9,14,,,81.0,29.2,,,,,0N90E
2017-09-15,2017,9,15,,,81.2,29.0,,,,,0N90E
2017-09-16,2017,9,16,,,76.6,29.0,,,,,0N90E
2017-09-17,2017,9,17,,,80.6,29.09,,,,,0N90E
2017-09-18,2017,9,18,,,80.4,29.07,,,,,0N90E
2017-09-19,2017,9,19,,,80.2,28.92,,,,,0N90E
2017-09-20,2017,9,20,,,77.4,29.05,,,,,0N90E
2017-09-21,2017,9,21,,,77.1,29.09,,,,,0N90E
2017-09-22,2017,9,22,,,75.5,29.41,,,,,0N90E
2017-09-23,2017,9,23,,,79.6,29.07,,,,,0N90E
2017-09-24,2017,9,24,,,75.4,29.1,,,,,0N90E
2017-09-25,2017,9,25,,,77.5,29.15,,,,,0N90E
2017-09-26,2017,9,26,,,76.3,29.32,,,,,0N90E
2017-09-27,2017,9,27,,,72.3,29.87,,,,,0N90E
2017-09-28,2017,9,28,,,79.2,29.21,,,,,0N90E
2017-09-29,2017,9,29,,,80.7,29.17,,,,,0N90E
2017-09-30,2017,9,30,,,77.1,29.19,,,,,0N90E
2017-10-01,2017,10,1,,,77.1,29.38,,,,,0N90E
2017-10-02,2017,10,2,,,74.2,29.7,,,,,0N90E
2017-10-03,2017,10,3,,,74.9,29.9,,,,,0N90E
2017-10-04,2017,10,4,,,81.8,29.42,,,,,0N90E
2017-10-05,2017,10,5,,,82.1,29.13,,,,,0N90E
2017-10-06,2017,10,6,,,79.6,29.29,,,,,0N90E
2017-10-07,2017,10,7,,,82.5,29.04,,,,,0N90E
2017-10-08,2017,10,8,,,78.2,28.93,,,,,0N90E
2017-10-09,2017,10,9,,,81.5,28.89,,,,,0N90E
2017-10-10,2017,10,10,,,79.3,28.87,,,,,0N90E
2017-10-11,2017,10,11,,,77.5,29.01,,,,,0N90E
2017-10-12,2017,10,12,,,77.0,28.98,,,,,0N90E
2017-10-13,2017,10,13,,,79.0,29.05,,,,,0N90E
2017-10-14,2017,10,14,,,77.9,29.14,,,,,0N90E
2017-10-15,2017,10,15,,,76.8,29.06,,,,,0N90E
2017-10-16,2017,10,16,,,76.3,29.39,,,,,0N90E
2017-10-17,2017,10,17,,,76.9,29.08,,,,,0N90E
2017-10-18,2017,10,18,,,77.9,29.17,,,,,0N90E
2017-10-19,2017,10,19,,,78.5,29.19,,,,,0N90E
2017-10-20,2017,10,20,,,76.1,29.6,,,,,0N90E
2017-10-21,2017,10,21,,,75.1,29.8,,,,,0N90E
2017-10-22,2017,10,22,,,76.8,29.53,,,,,0N90E
2017-10-23,2017,10,23,,,77.0,29.59,,,,,0N90E
2017-10-24,2017,10,24,,,73.6,29.79,,,,,0N90E
2017-10-25,2017,10,25,,,71.3,29.86,,,,,0N90E
2017-10-26,2017,10,26,,,73.7,29.8,,,,,0N90E
2017-10-27,2017,10,27,,,74.8,29.75,,,,,0N90E
2017-10-28,2017,10,28,,,72.0,29.85,,,,,0N90E
2017-10-29,2017,10,29,,,74.9,29.63,,,,,0N90E
2017-10-30,2017,10,30,,,75.8,29.6,,,,,0N90E
2017-10-31,2017,10,31,,,77.7,29.5,,,,,0N90E
2017-11-01,2017,11,1,,,84.0,29.28,,,,,0N90E
2017-11-02,2017,11,2,,,84.8,29.13,,,,,0N90E
2017-11-03,2017,11,3,,,81.7,28.97,,,,,0N90E
2017-11-04,2017,11,4,,,81.4,29.0,,,,,0N90E
2017-11-05,2017,11,5,,,83.2,29.06,,,,,0N90E
2017-11-06,2017,11,6,,,80.2,28.92,,,,,0N90E
2017-11-07,2017,11,7,,,83.8,28.85,,,,,0N90E
2017-11-08,2017,11,8,,,80.6,28.88,,,,,0N90E
2017-11-09,2017,11,9,,,83.1,28.84,,,,,0N90E
2017-11-10,2017,11,10,,,81.8,28.76,,,,,0N90E
2017-11-11,2017,11,11,,,81.6,28.85,,,,,0N90E
2017-11-12,2017,11,12,,,77.2,28.96,,,,,0N90E
2017-11-13,2017,11,13,,,74.0,29.26,,,,,0N90E
2017-11-14,2017,11,14,,,77.2,29.16,,,,,0N90E
2017-11-15,2017,11,15,,,77.4,29.25,,,,,0N90E
2017-11-16,2017,11,16,,,78.2,29.4,,,,,0N90E
2017-11-17,2017,11,17,,,86.2,29.12,,,,,0N90E
2017-11-18,2017,11,18,,,82.0,29.07,,,,,0N90E
2017-11-19,2017,11,19,,,83.1,29.07,,,,,0N90E
2017-11-20,2017,11,20,,,84.9,29.0,,,,,0N90E
2017-11-21,2017,11,21,,,84.1,28.84,,,,,0N90E
2017-11-22,2017,11,22,,,84.9,28.88,,,,,0N90E
2017-11-23,2017,11,23,,,81.8,28.82,,,,,0N90E
2017-11-24,2017,11,24,,,81.5,28.78,,,,,0N90E
2017-11-25,2017,11,25,,,80.8,28.75,,,,,0N90E
2017-11-26,2017,11,26,,,82.7,28.85,,,,,0N90E
2017-11-27,2017,11,27,,,83.3,28.79,,,,,0N90E
2017-11-28,2017,11,28,,,78.6,28.86,,,,,0N90E
2017-11-29,2017,11,29,,,75.1,28.96,,,,,0N90E
2017-11-30,2017,11,30,,,80.1,28.86,,,,,0N90E
2017-12-01,2017,12,1,,,84.6,28.68,,,,,0N90E
2017-12-02,2017,12,2,,,81.3,28.68,,,,,0N90E
2017-12-03,2017,12,3,,,83.5,28.64,,,,,0N90E
2017-12-04,2017,12,4,,,80.5,28.62,,,,,0N90E
2017-12-05,2017,12,5,,,80.7,28.63,,,,,0N90E
2017-12-06,2017,12,6,,,76.3,28.62,,,,,0N90E
2017-12-07,2017,12,7,,,78.7,28.69,,,,,0N90E
2017-12-08,2017,12,8,,,76.7,28.81,,,,,0N90E
2017-12-09,2017,12,9,,,76.0,28.98,,,,,0N90E
2017-12-10,2017,12,10,,,70.1,29.08,,,,,0N90E
2017-12-11,2017,12,11,,,73.2,28.96,,,,,0N90E
2017-12-12,2017,12,12,,,76.0,29.14,,,,,0N90E
2017-12-13,2017,12,13,,,73.8,29.17,,,,,0N90E
2017-12-14,2017,12,14,,,73.5,29.24,,,,,0N90E
2017-12-15,2017,12,15,,,72.9,29.37,,,,,0N90E
2017-12-16,2017,12,16,,,68.2,29.52,,,,,0N90E
2017-12-17,2017,12,17,,,72.7,29.57,,,,,0N90E
2017-12-18,2017,12,18,,,75.3,29.62,,,,,0N90E
2017-12-19,2017,12,19,,,77.9,29.63,,,,,0N90E
2017-12-20,2017,12,20,,,77.5,29.48,,,,,0N90E
2017-12-21,2017,12,21,,,82.8,29.32,,,,,0N90E
2017-12-22,2017,12,22,,,81.1,29.13,,,,,0N90E
2017-12-23,2017,12,23,,,81.6,29.21,,,,,0N90E
2017-12-24,2017,12,24,,,83.1,29.06,,,,,0N90E
2017-12-25,2017,12,25,,,82.2,28.95,,,,,0N90E
2017-12-26,2017,12,26,,,83.2,28.88,,,,,0N90E
2017-12-27,2017,12,27,,,78.0,29.13,,,,,0N90E
2017-12-28,2017,12,28,,,76.4,29.23,,,,,0N90E
2017-12-29,2017,12,29,,,82.9,29.14,,,,,0N90E
2017-12-30,2017,12,30,,,84.1,29.03,,,,,0N90E
2017-12-31,2017,12,31,,,82.3,28.96,,,,,0N90E
2018-01-01,2018,1,1,,,82.9,28.92,,,,,0N90E
2018-01-02,2018,1,2,,,82.5,28.73,,,,,0N90E
2018-01-03,2018,1,3,,,79.4,28.71,,,,,0N90E
2018-01-04,2018,1,4,,,79.5,28.65,,,,,0N90E
2018-01-05,2018,1,5,,,74.6,28.67,,,,,0N90E
2018-01-06,2018,1,6,,,76.4,28.69,,,,,0N90E
2018-01-07,2018,1,7,,,69.7,28.81,,,,,0N90E
2018-01-08,2018,1,8,,,64.7,29.21,,,,,0N90E
2018-01-09,2018,1,9,,,65.2,29.23,,,,,0N90E
2018-01-10,2018,1,10,,,69.1,29.13,,,,,0N90E
2018-01-11,2018,1,11,,,71.3,29.03,,,,,0N90E
2018-01-12,2018,1,12,,,75.3,28.9,,,,,0N90E
2018-01-13,2018,1,13,,,74.1,28.82,,,,,0N90E
2018-01-14,2018,1,14,,,75.9,28.9,,,,,0N90E
2018-01-15,2018,1,15,,,74.8,29.04,,,,,0N90E
2018-01-16,2018,1,16,,,74.1,28.9,,,,,0N90E
2018-01-17,2018,1,17,,,76.6,28.91,,,,,0N90E
2018-01-18,2018,1,18,,,75.9,28.87,,,,,0N90E
2018-01-19,2018,1,19,,,77.2,29.0,,,,,0N90E
2018-01-20,2018,1,20,,,78.5,28.97,,,,,0N90E
2018-01-21,2018,1,21,,,78.8,28.94,,,,,0N90E
2018-01-22,2018,1,22,,,79.4,28.94,,,,,0N90E
2018-01-23,2018,1,23,,,79.6,28.81,,,,,0N90E
2018-01-24,2018,1,24,,,76.9,28.85,,,,,0N90E
2018-01-25,2018,1,25,,,74.5,29.01,,,,,0N90E
2018-01-26,2018,1,26,,,72.3,28.99,,,,,0N90E
2018-01-27,2018,1,27,,,74.3,29.02,,,,,0N90E
2018-01-28,2018,1,28,,,78.1,29.03,,,,,0N90E
2018-01-29,2018,1,29,,,74.8,29.58,,,,,0N90E
2018-01-30,2018,1,30,,,74.2,29.7,,,,,0N90E
2018-01-31,2018,1,31,,,74.0,29.77,,,,,0N90E
2018-02-01,2018,2,1,,,72.6,29.82,,,,,0N90E
2018-02-02,2018,2,2,,,71.5,29.91,,,,,0N90E
2018-02-03,2018,2,3,,,69.5,30.04,,,,,0N90E
2018-02-04,2018,2,4,,,66.6,29.58,,,,,0N90E
2018-02-05,2018,2,5,,,68.4,29.51,,,,,0N90E
2018-02-06,2018,2,6,,,71.3,29.33,,,,,0N90E
2018-02-07,2018,2,7,,,73.2,29.27,,,,,0N90E
2018-02-08,2018,2,8,,,77.0,29.23,,,,,0N90E
2018-02-09,2018,2,9,,,73.7,29.71,,,,,0N90E
2018-02-10,2018,2,10,,,73.7,29.45,,,,,0N90E
2018-02-11,2018,2,11,,,72.7,29.58,,,,,0N90E
2018-02-12,2018,2,12,,,75.4,29.59,,,,,0N90E
2018-02-13,2018,2,13,,,77.2,29.64,,,,,0N90E
2018-02-14,2018,2,14,,,78.4,29.48,,,,,0N90E
2018-02-15,2018,2,15,,,73.5,30.0,,,,,0N90E
2018-02-16,2018,2,16,,,74.2,29.82,,,,,0N90E
2018-02-17,2018,2,17,,,74.0,29.85,,,,,0N90E
2018-02-18,2018,2,18,,,77.6,30.14,,,,,0N90E
2018-02-19,2018,2,19,,,74.6,29.56,,,,,0N90E
2018-02-20,2018,2,20,,,73.5,29.78,,,,,0N90E
2018-02-21,2018,2,21,,,74.7,29.83,,,,,0N90E
2018-02-22,2018,2,22,,,77.8,29.62,,,,,0N90E
2018-02-23,2018,2,23,,,78.2,29.56,,,,,0N90E
2018-02-24,2018,2,24,,,78.8,29.63,,,,,0N90E
2018-02-25,2018,2,25,,,75.2,29.72,,,,,0N90E
2018-02-26,2018,2,26,,,68.8,30.21,,,,,0N90E
2018-02-27,2018,2,27,,,69.6,30.65,,,,,0N90E
2018-02-28,2018,2,28,,,70.9,30.53,,,,,0N90E
2018-03-01,2018,3,1,,,71.5,30.85,,,,,0N90E
2018-03-02,2018,3,2,,,74.0,30.51,,,,,0N90E
2018-03-03,2018,3,3,,,74.9,30.49,,,,,0N90E
2018-03-04,2018,3,4,,,80.3,30.4,,,,,0N90E
2018-03-05,2018,3,5,,,76.7,30.33,,,,,0N90E
2018-03-06,2018,3,6,,,74.0,30.43,,,,,0N90E
2018-03-07,2018,3,7,,,72.9,30.45,,,,,0N90E
2018-03-08,2018,3,8,,,72.8,30.53,,,,,0N90E
2018-03-09,2018,3,9,,,82.2,30.15,,,,,0N90E
2018-03-10,2018,3,10,,,76.7,30.01,,,,,0N90E
2018-03-11,2018,3,11,,,77.5,29.78,,,,,0N90E
2018-03-12,2018,3,12,,,74.4,29.54,,,,,0N90E
2018-03-13,2018,3,13,,,77.0,29.56,,,,,0N90E
2018-03-14,2018,3,14,,,75.9,29.83,,,,,0N90E
2018-03-15,2018,3,15,,,74.5,29.82,,,,,0N90E
2018-03-16,2018,3,16,,,73.3,30.06,,,,,0N90E
2018-03-17,2018,3,17,,,73.0,30.35,,,,,0N90E
2018-03-18,2018,3,18,,,73.7,30.2,,,,,0N90E
2018-03-19,2018,3,19,,,70.7,30.31,,,,,0N90E
2018-03-20,2018,3,20,,,75.2,30.21,,,,,0N90E
2018-03-21,2018,3,21,,,75.1,30.17,,,,,0N90E
2018-03-22,2018,3,22,,,78.6,29.91,,,,,0N90E
2018-03-23,2018,3,23,,,74.5,29.8,,,,,0N90E
2018-03-24,2018,3,24,,,75.3,29.96,,,,,0N90E
2018-03-25,2018,3,25,,,74.8,29.89,,,,,0N90E
2018-03-26,2018,3,26,,,76.5,29.71,,,,,0N90E
2018-03-27,2018,3,27,,,75.3,29.84,,,,,0N90E
2018-03-28,2018,3,28,,,79.0,29.39,,,,,0N90E
2018-03-29,2018,3,29,,,74.3,29.72,,,,,0N90E
2018-03-30,2018,3,30,,,80.3,29.56,,,,,0N90E
2018-03-31,2018,3,31,,,80.0,29.72,,,,,0N90E
2018-04-01,2018,4,1,,,76.5,29.53,,,,,0N90E
2018-04-02,2018,4,2,,,74.9,29.87,,,,,0N90E
2018-04-03,2018,4,3,,,75.2,30.1,,,,,0N90E
2018-04-04,2018,4,4,,,72.5,30.25,,,,,0N90E
2018-04-05,2018,4,5,,,75.1,30.08,,,,,0N90E
2018-04-06,2018,4,6,,,77.3,30.07,,,,,0N90E
2018-04-07,2018,4,7,,,78.6,30.08,,,,,0N90E
2018-04-08,2018,4,8,,,78.2,29.95,,,,,0N90E
2018-04-09,2018,4,9,,,77.4,30.19,,,,,0N90E
2018-04-10,2018,4,10,,,80.4,29.77,,,,,0N90E
2018-04-11,2018,4,11,,,71.6,30.58,,,,,0N90E
2018-04-12,2018,4,12,,,73.8,30.54,,,,,0N90E
2018-04-13,2018,4,13,,,80.5,30.44,,,,,0N90E
2018-04-14,2018,4,14,,,83.2,29.84,,,,,0N90E
2018-04-15,2018,4,15,,,74.4,30.05,,,,,0N90E
2018-04-16,2018,4,16,,,79.4,30.01,,,,,0N90E
2018-04-17,2018,4,17,,,74.1,30.31,,,,,0N90E
2018-04-18,2018,4,18,,,75.9,30.39,,,,,0N90E
2018-04-19,2018,4,19,,,76.2,30.33,,,,,0N90E
2018-04-20,2018,4,20,,,83.8,30.16,,,,,0N90E
2018-04-21,2018,4,21,,,80.8,30.07,,,,,0N90E
2018-04-22,2018,4,22,,,82.0,30.05,,,,,0N90E
2018-04-23,2018,4,23,,,76.6,30.05,,,,,0N90E
2018-04-24,2018,4,24,,,76.5,30.16,,,,,0N90E
2018-04-25,2018,4,25,,,84.4,29.93,,,,,0N90E
2018-04-26,2018,4,26,,,79.7,29.89,,,,,0N90E
2018-04-27,2018,4,27,,,76.6,30.06,,,,,0N90E
2018-04-28,2018,4,28,,,76.5,30.15,,,,,0N90E
2018-04-29,2018,4,29,,,76.3,30.18,,,,,0N90E
2018-04-30,2018,4,30,,,80.1,29.91,,,,,0N90E
2018-05-01,2018,5,1,,,74.4,30.1,,,,,0N90E
2018-05-02,2018,5,2,,,77.6,30.0,,,,,0N90E
2018-05-03,2018,5,3,,,71.5,30.33,,,,,0N90E
2018-05-04,2018,5,4,,,74.2,30.32,,,,,0N90E
2018-05-05,2018,5,5,,,75.5,30.08,,,,,0N90E
2018-05-06,2018,5,6,,,79.4,29.98,,,,,0N90E
2018-05-07,2018,5,7,,,78.3,29.88,,,,,0N90E
2018-05-08,2018,5,8,,,79.2,29.99,,,,,0N90E
2018-05-09,2018,5,9,,,78.9,29.92,,,,,0N90E
2018-05-10,2018,5,10,,,78.1,30.01,,,,,0N90E
2018-05-11,2018,5,11,,,76.4,30.35,,,,,0N90E
2018-05-12,2018,5,12,,,78.0,30.13,,,,,0N90E
2018-05-13,2018,5,13,,,73.9,30.38,,,,,0N90E
2018-05-14,2018,5,14,,,77.5,30.34,,,,,0N90E
2018-05-15,2018,5,15,,,80.8,30.27,,,,,0N90E
2018-05-16,2018,5,16,,,79.6,29.87,,,,,0N90E
2018-05-17,2018,5,17,,,80.8,29.66,,,,,0N90E
2018-05-18,2018,5,18,,,73.8,30.02,,,,,0N90E
2018-05-19,2018,5,19,,,76.8,29.98,,,,,0N90E
2018-05-20,2018,5,20,,,76.1,30.21,,,,,0N90E
2018-05-21,2018,5,21,,,75.5,30.44,,,,,0N90E
2018-05-22,2018,5,22,,,77.0,30.26,,,,,0N90E
2018-05-23,2018,5,23,,,81.2,30.05,,,,,0N90E
2018-05-24,2018,5,24,,,75.0,30.29,,,,,0N90E
2018-05-25,2018,5,25,,,78.8,29.98,,,,,0N90E
2018-05-26,2018,5,26,,,75.9,29.97,,,,,0N90E
2018-05-27,2018,5,27,,,76.1,30.14,,,,,0N90E
2018-05-28,2018,5,28,,,77.5,30.03,,,,,0N90E
2018-05-29,2018,5,29,,,74.2,30.18,,,,,0N90E
2018-05-30,2018,5,30,,,74.1,30.25,,,,,0N90E
2018-06-01,2018,6,1,260.26,0.0,77.3,30.39,339.91,1096.32,0.43,1.0,0N90E
2018-06-02,2018,6,2,281.57,0.05,74.4,30.33,357.43,969.91,0.29,0.0,0N90E
2018-06-03,2018,6,3,238.96,0.14,78.9,30.29,340.86,1003.53,1.45,4.0,0N90E
2018-06-04,2018,6,4,265.95,0.0,77.3,30.16,349.85,1051.82,0.29,0.0,0N90E
2018-06-05,2018,6,5,230.44,0.0,80.2,30.19,311.03,1006.37,0.39,2.0,0N90E
2018-06-06,2018,6,6,217.66,0.0,78.1,30.19,308.67,1109.57,0.1,0.0,0N90E
2018-06-07,2018,6,7,223.81,0.0,74.0,30.07,295.88,1051.82,0.1,0.0,0N90E
2018-06-08,2018,6,8,245.11,0.0,76.9,30.05,322.87,1141.29,0.19,0.0,0N90E
2018-06-09,2018,6,9,229.97,0.0,75.6,30.01,297.78,1174.9,0.1,0.0,0N90E
2018-06-10,2018,6,10,263.58,0.0,76.1,30.15,339.44,1107.68,0.1,0.0,0N90E
2018-06-11,2018,6,11,272.1,0.0,77.3,30.17,347.01,1078.8,0.1,0.0,0N90E
2018-06-12,2018,6,12,255.53,0.0,77.7,30.09,337.55,1016.31,0.1,0.0,0N90E
2018-06-13,2018,6,13,230.91,0.0,80.2,30.13,317.66,1065.07,0.82,1.0,0N90E
2018-06-14,2018,6,14,213.4,0.0,77.7,30.06,276.0,935.83,0.1,0.0,0N90E
2018-06-15,2018,6,15,237.54,0.0,77.3,30.17,313.4,987.43,1.01,0.0,0N90E
2018-06-16,2018,6,16,249.85,0.0,78.9,30.17,337.07,1056.08,0.58,5.0,0N90E
2018-06-17,2018,6,17,123.45,0.0,80.6,30.07,216.35,857.71,1.06,3.0,0N90E
2018-06-18,2018,6,18,90.31,0.92,81.0,29.93,144.39,718.06,22.31,9.0,0N90E
2018-06-19,2018,6,19,82.73,,83.9,29.87,115.51,608.7,53.16,14.0,0N90E
2018-06-20,2018,6,20,116.82,-0.05,80.6,29.88,156.7,474.25,0.14,0.0,0N90E
2018-06-21,2018,6,21,212.92,0.0,78.5,30.14,302.04,1025.78,0.14,0.0,0N90E
2018-06-22,2018,6,22,226.65,0.0,78.9,30.09,314.82,1129.93,0.29,1.0,0N90E
2018-06-23,2018,6,23,126.29,0.53,79.8,29.99,159.07,652.25,23.76,4.0,0N90E
2018-06-24,2018,6,24,78.47,0.0,79.8,29.92,97.05,415.07,0.19,0.0,0N90E
2018-06-25,2018,6,25,174.58,0.0,76.5,29.86,235.76,1063.18,0.24,0.0,0N90E
2018-06-26,2018,6,26,105.46,0.77,78.9,29.74,166.17,819.37,20.38,5.0,0N90E
2018-06-27,2018,6,27,50.07,0.82,78.1,29.74,71.49,264.52,7.73,13.0,0N90E
2018-06-28,2018,6,28,210.56,0.0,75.2,29.97,274.58,1077.38,0.34,2.0,0N90E
2018-06-29,2018,6,29,220.02,0.29,73.2,30.04,312.45,1067.91,2.7,3.0,0N90E
2018-06-30,2018,6,30,166.05,0.0,72.3,30.15,221.09,933.93,0.29,1.0,0N90E
2018-07-01,2018,7,1,248.9,0.0,71.5,30.11,321.92,977.96,0.34,1.0,0N90E
2018-07-02,2018,7,2,254.58,0.0,70.3,30.12,336.13,977.49,0.34,1.0,0N90E
2018-07-03,2018,7,3,258.37,0.0,71.5,30.26,335.65,1142.24,0.24,0.0,0N90E
2018-07-04,2018,7,4,241.33,0.0,71.9,30.22,313.87,1065.54,0.34,1.0,0N90E
2018-07-05,2018,7,5,159.43,0.82,79.8,30.14,255.64,1056.08,7.34,6.0,0N90E
2018-07-06,2018,7,6,105.93,0.0,79.4,30.05,169.01,997.37,0.43,2.0,0N90E
2018-07-07,2018,7,7,257.42,0.0,71.5,30.13,328.08,999.74,0.29,1.0,0N90E
2018-07-08,2018,7,8,129.13,1.16,82.3,30.01,218.72,1031.93,7.44,13.0,0N90E
2018-07-09,2018,7,9,59.54,-0.05,76.5,29.84,77.64,278.73,0.24,0.0,0N90E
2018-07-10,2018,7,10,238.96,0.0,74.0,29.86,320.03,1111.47,0.19,0.0,0N90E
2018-07-11,2018,7,11,173.63,0.0,74.0,29.91,261.33,1103.42,0.19,0.0,0N90E
2018-07-12,2018,7,12,246.06,0.0,73.2,30.1,332.34,1089.69,0.29,0.0,0N90E
2018-07-13,2018,7,13,222.39,0.0,72.7,30.07,303.46,1020.57,0.39,1.0,0N90E
2018-07-14,2018,7,14,188.3,0.1,78.5,29.87,292.57,1052.76,1.55,2.0,0N90E
2018-07-15,2018,7,15,228.55,0.0,77.3,29.74,324.29,1122.83,0.24,0.0,0N90E
2018-07-16,2018,7,16,271.63,0.0,75.2,29.76,346.54,1002.11,0.29,0.0,0N90E
2018-07-17,2018,7,17,232.81,0.1,78.5,29.88,328.08,1051.82,0.82,3.0,0N90E
2018-07-18,2018,7,18,147.59,0.48,80.6,29.66,237.65,1089.69,3.09,7.0,0N90E
2018-07-19,2018,7,19,121.55,1.21,83.1,29.61,223.45,862.92,17.72,17.0,0N90E
2018-07-20,2018,7,20,210.08,-0.05,76.1,29.53,313.4,1161.65,0.29,0.0,0N90E
2018-07-21,2018,7,21,177.89,0.0,77.7,29.51,245.7,1181.53,0.24,0.0,0N90E
2018-07-22,2018,7,22,220.5,0.0,76.1,29.61,316.24,1028.62,0.24,0.0,0N90E
2018-07-23,2018,7,23,270.68,0.0,75.2,29.67,351.75,1034.77,0.39,1.0,0N90E
2018-07-24,2018,7,24,276.36,0.14,77.3,29.54,353.64,961.39,1.11,3.0,0N90E
2018-07-25,2018,7,25,167.0,0.63,82.3,29.41,250.44,1103.42,2.95,12.0,0N90E
2018-07-26,2018,7,26,105.46,0.0,80.6,29.33,149.6,671.19,0.39,2.0,0N90E
2018-07-27,2018,7,27,112.08,0.48,84.3,29.31,161.91,878.55,4.15,19.0,0N90E
2018-07-28,2018,7,28,86.52,0.34,82.7,29.29,140.13,673.56,6.81,27.0,0N90E
2018-07-29,2018,7,29,104.51,0.34,82.7,29.24,170.43,840.67,2.27,10.0,0N90E
2018-07-30,2018,7,30,222.39,0.19,76.9,29.36,336.13,1102.47,4.64,2.0,0N90E
2018-07-31,2018,7,31,128.65,0.0,79.4,29.17,173.74,995.95,0.39,1.0,0N90E
2018-08-01,2018,8,1,246.06,0.0,76.9,29.28,338.97,1104.36,0.34,0.0,0N90E
2018-08-02,2018,8,2,227.12,0.05,79.4,29.52,330.44,1165.91,0.68,1.0,0N90E
2018-08-03,2018,8,3,201.09,0.24,83.9,29.18,316.24,1074.54,35.63,5.0,0N90E
2018-08-04,2018,8,4,172.21,0.14,80.6,29.12,267.95,1220.35,1.83,3.0,0N90E
2018-08-05,2018,8,5,259.79,0.0,76.9,29.28,343.7,1011.1,0.68,1.0,0N90E
2018-08-06,2018,8,6,168.42,0.0,81.4,29.14,244.28,1014.89,0.39,3.0,0N90E
2018-08-07,2018,8,7,247.48,0.0,75.6,29.15,328.55,1088.27,0.43,3.0,0N90E
2018-08-08,2018,8,8,261.68,0.0,71.1,29.16,342.28,1129.93,0.39,2.0,0N90E
2018-08-09,2018,8,9,206.29,0.0,72.7,29.16,263.22,975.6,0.43,2.0,0N90E
2018-08-10,2018,8,10,210.08,0.0,72.3,29.12,275.53,964.71,0.48,3.0,0N90E
2018-08-11,2018,8,11,269.73,0.0,75.2,29.19,346.54,1054.18,0.53,6.0,0N90E
2018-08-12,2018,8,12,237.54,0.0,77.7,29.18,320.03,1102.0,0.58,8.0,0N90E
2018-08-13,2018,8,13,231.39,0.0,78.5,29.13,299.2,1047.08,0.58,8.0,0N90E
2018-08-14,2018,8,14,280.62,0.0,79.4,29.15,358.85,1028.14,0.39,2.0,0N90E
2018-08-15,2018,8,15,273.05,0.0,83.1,29.03,341.33,1042.82,0.92,2.0,0N90E
2018-08-16,2018,8,16,169.37,0.53,84.7,28.98,233.39,1042.82,5.26,8.0,0N90E
2018-08-17,2018,8,17,189.73,0.24,83.5,28.96,313.87,1337.29,15.98,23.0,0N90E
2018-08-18,2018,8,18,213.87,0.0,80.6,28.97,294.46,1053.24,3.72,7.0,0N90E
2018-08-19,2018,8,19,249.85,,82.7,28.89,350.8,1083.53,,,0N90E
2018-08-20,2018,8,20,103.09,,85.6,28.84,142.5,614.38,,,0N90E
2018-08-21,2018,8,21,131.97,,83.5,28.79,200.73,1144.13,,,0N90E
2018-08-22,2018,8,22,133.39,,79.4,28.82,188.89,839.25,,,0N90E
2018-08-23,2018,8,23,244.17,,78.1,28.93,327.13,1035.25,,,0N90E
2018-08-24,2018,8,24,219.55,,78.9,28.88,309.14,950.98,,,0N90E
2018-08-25,2018,8,25,237.07,,78.5,28.92,315.3,966.6,,,0N90E
2018-08-26,2018,8,26,226.18,,79.4,28.91,312.93,1143.18,,,0N90E
2018-08-27,2018,8,27,207.24,,78.9,28.94,270.79,890.85,,,0N90E
2018-08-28,2018,8,28,207.24,,79.8,29.01,265.11,995.48,,,0N90E
2018-08-29,2018,8,29,286.3,,79.4,29.13,364.06,1100.58,,,0N90E
2018-08-30,2018,8,30,237.07,,78.9,29.0,338.02,1200.94,,,0N90E
2018-08-31,2018,8,31,250.8,,78.1,28.97,343.7,1095.84,,,0N90E
2018-09-01,2018,9,1,292.46,,76.9,29.12,382.05,1094.42,,,0N90E
2018-09-02,2018,9,2,261.68,,75.6,29.13,350.33,1190.53,,,0N90E
2018-09-03,2018,9,3,285.83,,75.2,29.05,373.53,1048.5,,,0N90E
2018-09-04,2018,9,4,216.71,,78.1,28.99,306.3,1053.71,,,0N90E
2018-09-05,2018,9,5,225.7,,,28.96,310.56,,,,0N90E
2018-09-06,2018,9,6,204.4,,,29.03,315.77,1153.6,,,0N90E
2018-09-07,2018,9,7,263.1,,,29.34,379.68,1129.46,,,0N90E
2018-09-08,2018,9,8,265.95,,,29.21,367.37,1161.17,,,0N90E
2018-09-09,2018,9,9,171.74,,,29.06,246.18,1136.08,,,0N90E
2018-09-10,2018,9,10,168.89,,,29.13,227.71,752.14,,,0N90E
2018-09-11,2018,9,11,273.99,,,29.38,359.8,1227.45,,,0N90E
2018-09-12,2018,9,12,277.31,,,29.4,365.48,1199.05,,,0N90E
2018-09-13,2018,9,13,184.52,,,29.44,268.9,995.48,,,0N90E
2018-09-14,2018,9,14,249.38,,,29.21,351.75,1222.72,,,0N90E
2018-09-15,2018,9,15,94.57,,,28.94,127.35,393.77,,,0N90E
2018-09-16,2018,9,16,282.51,,,28.9,376.37,1150.76,,,0N90E
2018-09-17,2018,9,17,261.68,,,28.86,358.38,1175.38,,,0N90E
2018-09-18,2018,9,18,268.31,,,28.91,367.84,1084.48,,,0N90E
2018-09-19,2018,9,19,291.04,,,28.9,379.68,1051.82,,,0N90E
2018-09-20,2018,9,20,291.04,,,28.93,377.79,1122.35,,,0N90E
2018-09-21,2018,9,21,304.29,,,29.05,390.09,1191.47,,,0N90E
2018-09-22,2018,9,22,287.72,,,29.28,393.88,1201.41,,,0N90E
2018-09-23,2018,9,23,198.72,,,29.33,302.04,1230.29,,,0N90E
2018-09-24,2018,9,24,76.11,,,28.92,91.37,309.03,,,0N90E
2018-09-25,2018,9,25,267.84,,,29.22,373.53,1160.7,,,0N90E
2018-09-26,2018,9,26,247.01,,,29.08,371.16,1132.77,,,0N90E
2018-09-27,2018,9,27,291.98,,,29.08,374.47,1160.7,,,0N90E
2018-09-28,2018,9,28,209.61,,,29.14,305.35,1244.5,,,0N90E
2019-11-20,2019,11,20,195.07,0.21,82.6,28.58,308.21,1170.82,2.64,5.0,0N90E
2019-11-21,2019,11,21,279.51,0.0,81.9,28.8,369.66,1067.62,0.41,2.0,0N90E
2019-11-22,2019,11,22,227.44,0.05,84.5,28.58,343.39,1309.68,0.83,6.0,0N90E
2019-11-23,2019,11,23,211.96,0.0,83.0,28.47,281.0,1092.48,0.31,0.0,0N90E
2019-11-24,2019,11,24,197.42,0.0,84.5,28.44,304.92,1172.7,0.47,2.0,0N90E
2019-11-25,2019,11,25,265.44,0.0,81.5,28.46,355.12,1090.6,0.47,1.0,0N90E
2019-11-26,2019,11,26,256.99,0.0,84.1,28.58,330.25,1275.43,0.67,5.0,0N90E
2019-11-27,2019,11,27,273.41,,83.0,28.46,356.99,1174.1,0.62,5.0,0N90E
2019-11-28,2019,11,28,265.44,,84.5,28.4,356.99,1069.49,0.47,2.0,0N90E
2019-11-29,2019,11,29,234.95,0.05,85.3,28.38,315.71,1038.53,1.03,6.0,0N90E
2019-11-30,2019,11,30,264.97,0.31,86.0,28.4,352.3,1105.61,5.74,6.0,0N90E
2019-12-01,2019,12,1,223.69,0.62,86.4,28.46,324.15,1121.09,5.33,5.0,0N90E
2019-12-02,2019,12,2,217.12,0.05,85.3,28.36,311.96,1191.93,0.57,2.0,0N90E
2019-12-03,2019,12,3,129.87,2.22,86.4,28.32,220.95,,55.92,7.0,0N90E
2019-12-04,2019,12,4,150.51,0.26,84.9,28.25,249.1,1193.34,11.69,12.0,0N90E
2019-12-05,2019,12,5,241.51,0.0,81.9,28.31,325.56,1180.67,0.57,4.0,0N90E
2019-12-06,2019,12,6,245.74,1.76,83.4,28.69,351.36,1206.0,10.09,15.0,0N90E
2019-12-07,2019,12,7,185.22,0.1,83.4,28.46,262.23,1204.13,0.93,3.0,0N90E
2019-12-08,2019,12,8,262.62,0.36,81.5,28.76,346.2,1108.9,2.64,8.0,0N90E
2019-12-09,2019,12,9,268.25,0.0,79.6,29.1,356.99,1141.74,0.98,10.0,0N90E
2019-12-10,2019,12,10,172.55,0.1,81.5,29.05,269.74,1259.95,0.83,9.0,0N90E
2019-12-11,2019,12,11,283.26,0.0,77.3,29.46,373.41,1196.62,0.78,9.0,0N90E
2019-12-12,2019,12,12,207.74,0.0,81.5,29.27,311.49,1178.8,0.78,8.0,0N90E
2019-12-13,2019,12,13,217.12,0.1,81.1,29.26,322.28,1110.77,2.12,12.0,0N90E
2019-12-14,2019,12,14,102.66,0.57,84.5,29.01,172.63,1165.66,28.81,4.0,0N90E
2019-12-15,2019,12,15,136.43,1.29,86.0,29.08,206.88,906.24,4.66,19.0,0N90E
2019-12-16,2019,12,16,211.96,0.0,80.7,29.04,297.42,1289.97,0.98,11.0,0N90E
2019-12-17,2019,12,17,147.22,0.0,82.6,28.93,214.85,1118.75,0.88,5.0,0N90E
2019-12-18,2019,12,18,287.02,0.0,75.1,29.37,364.97,1017.89,1.19,16.0,0N90E
2019-12-19,2019,12,19,276.7,0.0,75.1,29.56,356.99,1142.67,1.14,15.0,0N90E
2019-12-20,2019,12,20,257.46,0.0,77.7,29.37,345.73,1042.28,0.88,11.0,0N90E
2019-12-21,2019,12,21,267.78,0.0,77.7,29.45,349.96,1081.69,0.93,13.0,0N90E
2019-12-22,2019,12,22,158.95,0.88,81.5,29.25,296.01,1247.75,6.67,12.0,0N90E
2019-12-23,2019,12,23,253.24,0.05,78.1,29.5,337.29,1095.76,0.31,2.0,0N90E
2019-12-24,2019,12,24,278.1,0.0,77.3,29.82,363.56,1096.7,0.21,0.0,0N90E
2019-12-25,2019,12,25,254.18,0.0,80.0,29.64,337.29,1295.6,0.47,1.0,0N90E
2019-12-26,2019,12,26,195.07,0.41,81.1,29.48,301.64,1196.15,4.03,9.0,0N90E
2019-12-27,2019,12,27,44.49,1.09,88.7,29.09,60.05,219.93,7.55,15.0,0N90E
2019-12-28,2019,12,28,264.97,0.0,79.2,29.03,356.52,1127.19,0.36,2.0,0N90E
2019-12-29,2019,12,29,40.73,1.86,88.3,28.97,88.66,586.31,5.48,24.0,0N90E
2019-12-30,2019,12,30,189.91,0.05,78.5,29.17,272.55,1144.08,0.52,2.0,0N90E
2019-12-31,2019,12,31,269.66,0.0,77.7,29.7,355.12,1155.81,0.26,2.0,0N90E
2020-01-01,2020,1,1,206.33,0.41,82.2,29.8,314.77,1220.08,3.52,3.0,0N90E
2020-01-02,2020,1,2,271.07,0.05,78.8,29.94,354.65,1285.75,0.26,1.0,0N90E
2020-01-03,2020,1,3,244.33,0.0,75.8,29.9,322.75,1039.0,0.16,0.0,0N90E
2020-01-04,2020,1,4,244.8,0.0,77.3,30.05,343.86,1032.43,0.21,0.0,0N90E
2020-01-05,2020,1,5,230.25,0.0,77.3,30.05,335.41,1166.6,0.26,0.0,0N90E
2020-01-06,2020,1,6,280.45,0.0,76.6,30.19,369.19,1140.33,0.41,1.0,0N90E
2020-01-07,2020,1,7,287.49,0.16,78.8,29.85,375.76,1074.65,1.76,3.0,0N90E
2020-01-08,2020,1,8,156.6,0.67,82.2,29.55,236.9,1001.94,10.09,12.0,0N90E
2020-01-09,2020,1,9,199.76,0.57,80.4,29.58,321.81,1014.14,0.0,21.0,0N90E
2020-01-10,2020,1,10,95.15,0.1,79.2,29.37,133.23,425.87,1.5,12.0,0N90E
2020-01-11,2020,1,11,255.59,0.0,78.5,29.57,331.66,981.77,0.83,12.0,0N90E
2020-01-12,2020,1,12,226.97,0.26,78.5,29.64,338.23,1146.9,2.28,7.0,0N90E
2020-01-13,2020,1,13,84.83,2.53,83.0,29.26,131.82,510.78,13.09,10.0,0N90E
2020-01-14,2020,1,14,99.37,0.88,84.9,29.23,142.14,625.25,3.21,14.0,0N90E
2020-01-15,2020,1,15,178.18,1.09,82.2,29.19,305.39,1315.31,3.88,12.0,0N90E
2020-01-16,2020,1,16,274.82,0.83,78.5,29.78,362.62,1092.01,4.91,5.0,0N90E
2020-01-17,2020,1,17,286.55,0.16,77.7,29.66,366.84,1127.66,0.78,5.0,0N90E
2020-01-18,2020,1,18,268.72,0.0,76.6,30.03,363.09,1049.32,0.41,2.0,0N90E
2020-01-19,2020,1,19,277.63,0.0,76.2,30.15,367.78,1140.33,0.47,1.0,0N90E
2020-01-20,2020,1,20,264.5,0.0,78.8,29.76,338.7,1137.04,0.26,0.0,0N90E
2020-01-21,2020,1,21,275.76,0.0,76.6,30.21,363.09,1132.35,0.26,0.0,0N90E
2020-01-22,2020,1,22,269.19,0.05,80.4,30.16,371.54,1140.33,0.52,4.0,0N90E
2020-01-23,2020,1,23,256.06,0.0,76.2,30.32,340.1,1278.25,0.57,5.0,0N90E
2020-01-24,2020,1,24,239.17,0.21,78.1,30.5,350.89,1088.73,1.76,9.0,0N90E
2020-01-25,2020,1,25,264.97,0.88,77.7,30.16,365.91,1260.89,5.12,8.0,0N90E
2020-01-26,2020,1,26,156.14,0.21,83.8,30.01,266.45,1021.64,1.71,4.0,0N90E
2020-01-27,2020,1,27,287.96,3.62,82.2,29.86,375.76,1038.53,11.33,25.0,0N90E
2020-01-28,2020,1,28,78.26,0.05,73.9,29.43,115.4,416.49,0.21,0.0,0N90E
2020-01-29,2020,1,29,238.23,0.0,75.4,29.49,353.24,1205.07,0.21,0.0,0N90E
2020-01-30,2020,1,30,248.55,0.0,74.3,29.5,352.77,1203.66,0.21,0.0,0N90E
2020-01-31,2020,1,31,274.82,0.0,75.1,29.53,365.91,1115.93,0.16,0.0,0N90E
2020-02-01,2020,2,1,150.98,0.1,83.0,29.43,251.44,1300.29,0.78,2.0,0N90E
2020-02-02,2020,2,2,64.19,0.0,79.6,29.33,85.38,330.18,0.21,0.0,0N90E
2020-02-03,2020,2,3,153.32,1.55,84.1,29.39,287.56,1100.92,6.41,10.0,0N90E
2020-02-04,2020,2,4,188.03,0.0,78.8,29.31,288.97,1273.09,0.41,1.0,0N90E
2020-02-05,2020,2,5,131.74,0.0,75.8,29.26,169.35,507.5,0.16,0.0,0N90E
2020-02-06,2020,2,6,275.29,0.0,74.3,29.37,370.13,1079.81,0.1,0.0,0N90E
2020-02-07,2020,2,7,205.39,0.0,77.0,29.38,283.34,1119.22,0.31,0.0,0N90E
2020-02-08,2020,2,8,90.46,0.62,80.0,29.22,138.86,576.93,3.78,9.0,0N90E
2020-02-09,2020,2,9,284.67,0.0,77.0,29.26,368.25,1115.0,0.21,0.0,0N90E
2020-02-10,2020,2,10,203.98,0.0,75.4,29.22,265.05,1006.63,0.16,0.0,0N90E
2020-02-11,2020,2,11,270.13,0.0,78.5,29.52,368.72,1158.15,0.16,0.0,0N90E
2020-02-12,2020,2,12,244.33,0.0,78.5,29.58,324.62,1128.13,0.16,0.0,0N90E
2020-02-13,2020,2,13,291.71,0.0,73.9,29.79,373.88,1125.79,0.16,0.0,0N90E
2020-02-14,2020,2,14,281.39,0.0,73.9,29.73,360.28,1058.7,0.16,0.0,0N90E
2020-02-15,2020,2,15,226.5,0.0,75.8,29.65,297.88,1006.63,0.16,0.0,0N90E
2020-02-16,2020,2,16,273.41,0.0,77.0,29.9,370.13,1228.99,0.16,0.0,0N90E
2020-02-17,2020,2,17,280.45,0.05,77.3,30.01,393.11,1194.74,0.78,1.0,0N90E
2020-02-18,2020,2,18,263.09,0.0,77.3,30.1,373.41,1278.72,0.16,0.0,0N90E
2020-02-19,2020,2,19,289.83,0.0,76.2,30.2,388.89,1150.18,0.16,0.0,0N90E
2020-02-20,2020,2,20,305.78,0.0,73.6,30.39,387.95,1143.61,0.16,0.0,0N90E
2020-02-21,2020,2,21,287.49,0.0,73.9,30.57,372.0,1215.85,0.16,0.0,0N90E
2020-02-22,2020,2,22,297.81,0.0,75.1,30.71,400.15,1205.07,0.26,0.0,0N90E
2020-02-23,2020,2,23,262.62,0.0,79.2,30.6,372.47,1211.16,0.41,1.0,0N90E
2020-02-24,2020,2,24,297.34,0.0,78.1,30.72,389.36,1060.58,0.16,0.0,0N90E
2020-02-25,2020,2,25,262.62,0.0,77.3,30.83,357.46,1277.78,0.36,1.0,0N90E
2020-02-26,2020,2,26,140.65,0.0,80.0,30.52,254.26,1275.9,2.48,1.0,0N90E
2020-02-27,2020,2,27,291.24,0.0,77.3,30.71,396.87,1099.98,0.31,1.0,0N90E
2020-02-28,2020,2,28,194.13,0.0,78.5,30.71,257.07,982.24,0.36,1.0,0N90E
2020-02-29,2020,2,29,287.49,0.1,78.8,30.65,383.73,1133.29,1.14,3.0,0N90E
2020-03-01,2020,3,1,110.16,0.31,82.2,30.1,218.61,1178.33,1.66,9.0,0N90E
2020-03-02,2020,3,2,152.38,0.05,81.5,29.9,241.59,1176.45,0.41,3.0,0N90E
2020-03-03,2020,3,3,201.17,0.0,75.8,29.77,304.92,1239.78,0.31,1.0,0N90E
2020-03-04,2020,3,4,267.78,0.0,74.3,29.72,348.55,1327.97,0.26,0.0,0N90E
2020-03-05,2020,3,5,279.98,0.0,74.7,30.0,377.63,1089.66,0.26,0.0,0N90E
2020-03-06,2020,3,6,245.74,0.0,74.3,30.35,329.32,1159.56,0.26,0.0,0N90E
2020-03-07,2020,3,7,235.88,0.0,74.3,30.52,324.62,1234.15,0.26,0.0,0N90E
2020-03-08,2020,3,8,255.59,0.0,72.8,30.33,334.48,1159.09,0.26,0.0,0N90E
2020-03-09,2020,3,9,286.08,0.0,69.8,30.58,387.02,1208.82,0.26,0.0,0N90E
2020-03-10,2020,3,10,306.25,,70.9,30.55,404.37,1196.15,0.31,0.0,0N90E
2020-03-11,2020,3,11,319.85,0.0,69.0,30.57,407.66,1167.54,0.21,0.0,0N90E
2020-03-12,2020,3,12,313.29,0.0,71.7,30.48,404.37,1256.67,0.21,0.0,0N90E
2020-03-13,2020,3,13,321.26,0.0,72.4,30.51,406.72,1098.11,0.47,0.0,0N90E
2020-03-14,2020,3,14,316.1,0.0,70.5,30.85,399.68,1066.21,0.31,0.0,0N90E
2020-03-15,2020,3,15,303.44,0.0,73.2,31.13,391.71,1297.48,0.47,4.0,0N90E
2020-03-16,2020,3,16,290.77,0.0,78.5,30.8,392.18,1315.78,0.52,5.0,0N90E
2020-03-17,2020,3,17,181.47,0.1,80.7,30.6,247.69,1089.66,0.72,6.0,0N90E
2020-03-18,2020,3,18,295.46,0.05,72.4,31.14,397.81,1093.42,0.78,10.0,0N90E
2020-03-19,2020,3,19,237.29,0.0,72.8,30.85,346.67,,0.52,4.0,0N90E
2020-03-20,2020,3,20,289.83,0.0,75.1,30.96,400.15,1168.94,0.57,5.0,0N90E
2020-03-21,2020,3,21,49.18,0.21,81.1,30.47,76.46,524.39,1.97,23.0,0N90E
2020-03-22,2020,3,22,180.06,0.16,78.5,30.45,303.98,1394.59,3.67,18.0,0N90E
2020-03-23,2020,3,23,264.5,0.0,76.2,30.48,376.23,1345.8,1.81,28.0,0N90E
2020-03-24,2020,3,24,260.75,,71.3,30.41,365.91,1167.07,1.14,17.0,0N90E
2020-03-25,2020,3,25,268.25,0.0,70.9,30.64,371.07,1137.04,0.57,3.0,0N90E
2020-03-26,2020,3,26,245.74,0.0,69.0,30.66,334.01,1024.93,0.52,2.0,0N90E
2020-03-27,2020,3,27,290.77,,70.1,30.79,380.45,1134.23,0.52,2.0,0N90E
2020-03-28,2020,3,28,294.52,0.0,70.9,30.81,386.08,1184.89,0.88,11.0,0N90E
2020-03-29,2020,3,29,299.21,0.0,69.4,31.04,387.48,1050.26,0.83,10.0,0N90E
2020-03-30,2020,3,30,307.19,,71.7,30.93,398.27,1084.97,0.67,5.0,0N90E
2020-03-31,2020,3,31,276.23,,74.7,30.93,381.86,1183.49,0.78,6.0,0N90E
2020-04-01,2020,4,1,273.88,,75.4,30.97,388.42,1328.91,2.33,11.0,0N90E
2020-04-02,2020,4,2,272.94,0.05,70.9,31.07,366.37,,0.93,10.0,0N90E
2020-04-03,2020,4,3,308.13,0.0,64.9,31.17,392.65,1061.52,0.62,5.0,0N90E
2020-04-04,2020,4,4,307.19,0.0,68.6,30.81,394.99,1142.2,0.52,3.0,0N90E
2020-04-05,2020,4,5,173.49,0.0,80.7,30.42,242.06,1271.21,14.85,16.0,0N90E
2020-04-06,2020,4,6,272.01,,75.1,30.39,365.44,1377.7,1.03,13.0,0N90E
2020-04-07,2020,4,7,213.84,,77.0,30.33,312.43,1209.76,0.83,10.0,0N90E
2020-04-08,2020,4,8,135.49,,80.0,30.19,205.0,1270.27,1.03,15.0,0N90E
2020-04-09,2020,4,9,112.04,0.0,79.2,30.07,140.73,494.36,0.72,9.0,0N90E
2020-04-10,2020,4,10,297.34,0.0,73.9,30.61,384.2,1145.96,0.52,4.0,0N90E
2020-04-11,2020,4,11,294.52,0.0,72.8,30.89,389.36,1053.54,0.41,2.0,0N90E
2020-04-12,2020,4,12,298.28,0.0,71.7,30.96,391.24,1089.2,0.41,2.0,0N90E
2020-04-13,2020,4,13,282.33,,74.7,31.21,369.66,1094.36,,,0N90E
2020-04-14,2020,4,14,301.56,0.05,70.9,31.22,395.46,1072.31,1.09,13.0,0N90E
2020-04-15,2020,4,15,231.19,,77.3,31.0,360.28,1133.76,6.78,12.0,0N90E
2020-04-16,2020,4,16,165.05,0.0,80.0,30.79,236.9,727.51,2.17,11.0,0N90E
2020-04-17,2020,4,17,269.19,0.0,73.6,30.9,380.45,1039.47,3.21,8.0,0N90E
2020-04-18,2020,4,18,290.77,0.05,71.3,30.89,373.88,1070.9,1.09,13.0,0N90E
2020-04-19,2020,4,19,293.58,0.0,75.1,31.05,379.98,1215.39,0.72,7.0,0N90E
2020-04-20,2020,4,20,237.29,,77.7,30.91,354.65,1271.21,0.98,8.0,0N90E
2020-04-21,2020,4,21,287.49,0.0,74.7,30.97,364.97,1065.74,0.62,3.0,0N90E
2020-04-22,2020,4,22,264.03,0.0,78.1,31.15,354.65,1156.75,3.26,8.0,0N90E
2020-04-23,2020,4,23,91.87,0.0,79.2,30.71,146.36,957.38,1.55,19.0,0N90E
2020-04-24,2020,4,24,120.95,0.05,78.1,30.63,156.21,471.85,1.5,23.0,0N90E
2020-04-25,2020,4,25,279.04,,77.7,30.77,367.31,1139.86,1.66,20.0,0N90E
2020-04-26,2020,4,26,156.14,0.0,75.1,30.7,231.27,888.89,1.45,19.0,0N90E
2020-04-27,2020,4,27,84.83,0.05,79.6,30.6,132.76,1001.0,1.4,17.0,0N90E
2020-04-28,2020,4,28,196.48,,78.8,30.55,288.5,1089.2,2.12,27.0,0N90E
2020-04-29,2020,4,29,267.78,0.0,78.8,30.49,355.59,1104.21,1.76,25.0,0N90E
2020-04-30,2020,4,30,135.49,0.0,81.5,30.3,246.75,1000.06,1.86,26.0,0N90E
2020-05-01,2020,5,1,229.32,,79.6,30.23,335.41,1024.93,1.86,26.0,0N90E
2020-05-02,2020,5,2,99.37,0.0,80.4,30.22,129.01,412.74,1.66,16.0,0N90E
2020-05-03,2020,5,3,202.58,0.0,77.3,30.26,272.55,1142.2,0.88,13.0,0N90E
2020-05-04,2020,5,4,169.27,,80.0,30.39,229.86,951.75,1.14,14.0,0N90E
2020-05-05,2020,5,5,138.78,0.0,81.1,30.24,256.13,1156.75,1.5,23.0,0N90E
2020-05-06,2020,5,6,172.09,0.0,81.5,30.25,242.06,976.61,1.14,19.0,0N90E
2020-05-07,2020,5,7,98.9,0.0,82.6,30.08,182.48,845.73,1.34,11.0,0N90E
2020-05-08,2020,5,8,260.28,0.05,78.8,30.48,361.68,1213.98,1.14,15.0,0N90E
2020-05-09,2020,5,9,176.31,0.0,78.8,30.3,250.04,972.86,1.45,26.0,0N90E
2020-05-10,2020,5,10,273.88,,78.5,30.39,353.24,1034.31,1.45,22.0,0N90E
2020-05-11,2020,5,11,198.82,,80.4,30.31,303.98,1089.2,2.17,16.0,0N90E
2020-05-12,2020,5,12,89.05,0.05,81.5,30.24,124.78,646.82,2.12,26.0,0N90E
2020-05-13,2020,5,13,241.98,,83.8,30.28,341.98,1215.85,1.97,17.0,0N90E
2020-05-14,2020,5,14,186.16,0.05,80.7,30.33,299.76,1262.77,0.88,14.0,0N90E
2020-05-15,2020,5,15,19.16,0.0,88.3,30.12,24.39,78.26,2.02,9.0,0N90E
2020-05-16,2020,5,16,37.45,0.21,85.3,30.02,63.8,327.83,2.02,29.0,0N90E
2020-05-17,2020,5,17,196.01,,79.2,29.91,282.87,1092.48,2.53,31.0,0N90E
2020-05-18,2020,5,18,68.41,0.05,84.1,29.79,100.86,497.65,2.22,30.0,0N90E
2020-05-19,2020,5,19,107.82,,81.5,29.46,189.52,1017.42,2.64,34.0,0N90E
2020-05-20,2020,5,20,272.01,0.0,80.7,29.44,356.52,1008.98,1.86,30.0,0N90E
2020-05-21,2020,5,21,255.59,,80.4,29.53,338.7,987.87,1.4,25.0,0N90E
2020-05-22,2020,5,22,265.91,,79.6,29.5,344.8,1146.43,1.6,26.0,0N90E
2020-05-23,2020,5,23,273.41,,80.0,29.65,353.71,1008.98,1.24,20.0,0N90E
2020-05-24,2020,5,24,248.55,,79.6,29.78,319.46,995.37,0.78,10.0,0N90E
2020-05-25,2020,5,25,36.98,0.0,77.7,29.62,48.79,249.96,0.98,12.0,0N90E
2020-05-26,2020,5,26,181.94,0.0,76.6,29.5,247.69,941.89,0.52,4.0,0N90E
2020-05-27,2020,5,27,266.85,,79.2,29.6,340.1,993.5,0.78,6.0,0N90E
2020-05-28,2020,5,28,257.93,,78.1,29.82,343.86,1175.98,1.86,19.0,0N90E
2020-05-29,2020,5,29,268.72,0.05,78.8,29.85,348.55,1071.84,0.78,9.0,0N90E
2020-05-30,2020,5,30,267.78,0.0,77.7,30.16,347.61,1092.48,0.57,4.0,0N90E
2020-05-31,2020,5,31,237.29,0.05,79.2,30.04,325.56,1052.6,0.78,10.0,0N90E
2020-06-01,2020,6,1,231.19,,81.9,29.79,307.27,1179.73,0.88,7.0,0N90E
2020-06-02,2020,6,2,261.22,,78.5,29.91,347.61,1130.95,0.21,0.0,0N90E
2020-06-03,2020,6,3,264.03,,76.2,30.2,350.89,984.58,22.81,6.0,0N90E
2020-06-04,2020,6,4,241.51,0.1,76.6,29.94,334.48,1301.23,1.09,12.0,0N90E
2020-06-05,2020,6,5,207.27,0.0,75.1,30.08,281.94,,0.83,7.0,0N90E
2020-06-06,2020,6,6,272.94,0.0,73.2,30.5,349.96,1163.31,0.83,8.0,0N90E
2020-06-07,2020,6,7,271.54,,75.1,30.55,355.12,988.34,,,0N90E
2006-11-16,2006,11,16,,0.18,80.5,29.31,,,0.99,2.7,4N90E
2006-11-17,2006,11,17,250.13,0.02,79.7,29.52,358.01,1105.66,0.27,0.8,4N90E
2006-11-18,2006,11,18,226.62,0.51,84.2,29.34,331.59,1098.94,3.0,4.4,4N90E
2006-11-19,2006,11,19,251.29,0.01,80.5,29.36,346.0,1077.89,0.08,0.0,4N90E
2006-11-20,2006,11,20,168.93,1.49,84.2,29.05,294.11,1292.48,6.91,12.9,4N90E
2006-11-21,2006,11,21,95.26,0.39,84.2,29.01,163.48,622.72,2.46,5.1,4N90E
2006-11-22,2006,11,22,208.17,0.0,79.5,29.07,290.26,1032.64,0.02,0.0,4N90E
2006-11-23,2006,11,23,173.87,0.76,82.0,28.99,288.74,1226.18,2.96,9.7,4N90E
2006-11-24,2006,11,24,261.19,0.15,79.7,29.28,354.47,991.42,0.82,3.5,4N90E
2006-11-25,2006,11,25,218.69,0.02,79.7,29.38,317.22,1191.23,0.11,0.0,4N90E
2006-11-26,2006,11,26,159.64,0.2,84.0,29.18,242.01,1102.98,0.79,4.3,4N90E
2006-11-27,2006,11,27,169.51,0.61,,29.11,306.2,1108.8,2.94,8.1,4N90E
2006-11-28,2006,11,28,269.49,0.0,,29.26,353.7,990.98,0.04,0.0,4N90E
2006-11-29,2006,11,29,269.27,0.04,,29.36,356.46,1015.17,0.36,1.3,4N90E
2006-11-30,2006,11,30,80.15,1.27,,29.18,182.0,1013.82,6.12,15.4,4N90E
2006-12-01,2006,12,1,243.37,0.0,,29.36,343.35,1110.59,0.01,0.0,4N90E
2006-12-02,2006,12,2,169.46,0.32,,29.21,289.03,1178.69,1.49,4.9,4N90E
2006-12-03,2006,12,3,200.67,0.02,,29.2,304.7,1080.58,0.18,1.4,4N90E
2006-12-04,2006,12,4,117.05,-0.01,,29.07,161.17,566.72,0.04,0.0,4N90E
2006-12-05,2006,12,5,220.4,-0.01,,29.04,316.27,1047.42,0.02,0.0,4N90E
2006-12-06,2006,12,6,241.42,-0.01,,29.09,337.32,1048.32,0.02,0.0,4N90E
2006-12-07,2006,12,7,221.05,0.0,,29.02,289.55,1051.9,0.05,0.0,4N90E
2006-12-08,2006,12,8,231.55,0.0,,29.44,322.94,995.9,0.02,0.0,4N90E
2006-12-09,2006,12,9,111.84,0.36,,29.11,155.43,678.72,2.67,2.9,4N90E
2006-12-10,2006,12,10,202.59,0.0,,29.23,289.22,1337.28,0.05,0.0,4N90E
2006-12-11,2006,12,11,231.86,0.0,,29.13,339.03,1086.85,0.03,0.0,4N90E
2006-12-12,2006,12,12,231.06,0.74,,29.4,322.06,1154.5,2.62,11.3,4N90E
2006-12-13,2006,12,13,256.74,0.0,,29.3,356.68,1046.08,0.03,0.0,4N90E
2006-12-14,2006,12,14,258.59,0.04,,29.47,349.92,971.26,0.28,2.1,4N90E
2006-12-15,2006,12,15,233.9,0.78,,29.48,348.49,1199.3,2.84,9.0,4N90E
2006-12-16,2006,12,16,132.95,0.22,,29.08,247.31,1249.02,1.12,6.4,4N90E
2006-12-17,2006,12,17,256.54,0.0,,29.17,339.36,973.5,0.05,0.0,4N90E
2006-12-18,2006,12,18,223.16,0.15,,29.57,309.67,1082.37,1.2,1.4,4N90E
2006-12-19,2006,12,19,137.26,3.13,,29.45,256.12,1130.3,10.46,16.9,4N90E
2006-12-20,2006,12,20,29.12,0.66,,29.06,49.62,242.82,2.71,9.4,4N90E
2006-12-21,2006,12,21,237.34,1.96,,29.08,343.74,1040.7,7.16,17.5,4N90E
2006-12-22,2006,12,22,10.35,3.6,,28.59,20.82,92.29,10.83,23.9,4N90E
2006-12-23,2006,12,23,182.61,0.0,,28.51,263.63,1107.46,0.06,0.0,4N90E
2006-12-24,2006,12,24,85.77,0.35,,28.92,113.24,437.7,2.29,4.4,4N90E
2006-12-25,2006,12,25,66.05,1.83,,29.01,104.98,515.2,6.99,7.6,4N90E
2006-12-26,2006,12,26,178.5,-0.01,,29.05,277.32,1021.89,0.01,0.0,4N90E
2006-12-27,2006,12,27,171.15,-0.01,,28.97,253.6,1166.59,0.02,0.0,4N90E
2006-12-28,2006,12,28,133.59,0.0,,29.11,205.58,1118.21,0.1,0.7,4N90E
2006-12-29,2006,12,29,251.45,-0.01,,29.08,336.87,1066.69,0.03,0.0,4N90E
2006-12-30,2006,12,30,141.3,0.02,,29.05,207.66,997.25,0.25,1.4,4N90E
2006-12-31,2006,12,31,252.98,-0.02,,29.07,339.13,986.5,0.02,0.0,4N90E
2007-01-01,2007,1,1,249.23,0.03,,29.07,339.62,1044.74,0.35,1.4,4N90E
2007-01-02,2007,1,2,196.95,-0.02,,28.95,288.36,1107.46,0.02,0.0,4N90E
2007-01-03,2007,1,3,210.72,-0.02,,28.82,289.75,1064.45,0.03,0.0,4N90E
2007-01-04,2007,1,4,240.84,-0.03,,28.72,329.48,1130.3,0.03,0.0,4N90E
2007-01-05,2007,1,5,256.25,-0.02,,28.62,341.74,1029.06,0.02,0.0,4N90E
2007-01-06,2007,1,6,256.04,-0.01,,28.65,341.81,1027.26,0.02,0.0,4N90E
2007-01-07,2007,1,7,264.96,-0.01,,28.88,349.12,1045.18,0.01,0.0,4N90E
2007-01-08,2007,1,8,261.44,0.0,,29.05,350.16,1004.86,0.01,0.0,4N90E
2007-01-09,2007,1,9,155.36,0.01,,28.9,221.11,761.6,0.07,0.0,4N90E
2007-01-10,2007,1,10,271.8,0.0,,29.01,356.47,1085.06,0.03,0.0,4N90E
2007-01-11,2007,1,11,270.13,0.04,,29.13,347.31,1122.69,0.32,1.4,4N90E
2007-01-12,2007,1,12,282.41,0.0,,29.2,367.94,981.12,0.02,0.0,4N90E
2007-01-13,2007,1,13,194.39,-0.02,,29.04,304.09,1237.38,0.02,0.0,4N90E
2007-01-14,2007,1,14,106.19,0.69,,28.86,192.78,953.34,4.39,6.5,4N90E
2007-01-15,2007,1,15,249.2,0.15,,28.88,347.88,1279.04,0.77,3.5,4N90E
2007-01-16,2007,1,16,274.01,0.0,,28.98,360.85,1041.15,0.03,0.0,4N90E
2007-01-17,2007,1,17,241.64,2.41,,29.06,349.84,1185.41,9.46,18.1,4N90E
2007-01-18,2007,1,18,213.77,0.46,,29.22,317.49,1320.26,2.29,6.6,4N90E
2007-01-19,2007,1,19,139.4,0.45,,29.01,243.14,1089.54,1.78,7.3,4N90E
2007-01-20,2007,1,20,196.79,0.0,,28.97,316.94,1236.48,0.02,0.0,4N90E
2007-01-21,2007,1,21,47.83,0.01,,28.89,70.78,407.68,0.07,0.0,4N90E
2007-01-22,2007,1,22,186.64,3.37,,28.77,269.36,1266.5,11.18,21.0,4N90E
2007-01-23,2007,1,23,94.72,0.03,,28.64,130.72,512.51,0.17,1.4,4N90E
2007-01-24,2007,1,24,137.93,0.11,,28.72,192.81,996.35,0.9,1.4,4N90E
2007-01-25,2007,1,25,266.8,0.0,,28.9,360.56,1208.26,0.01,0.0,4N90E
2007-01-26,2007,1,26,266.74,0.0,,29.1,362.97,1074.3,0.01,0.0,4N90E
2007-01-27,2007,1,27,137.74,0.0,,28.96,174.71,623.17,0.01,0.0,4N90E
2007-01-28,2007,1,28,255.6,-0.01,,28.88,348.24,1059.07,0.02,0.0,4N90E
2007-01-29,2007,1,29,254.53,-0.01,,28.82,348.84,982.46,0.01,0.0,4N90E
2007-01-30,2007,1,30,78.95,0.48,,28.75,149.52,870.02,2.56,9.0,4N90E
2007-01-31,2007,1,31,202.88,-0.01,,28.79,300.93,1094.02,0.01,0.0,4N90E
2007-02-01,2007,2,1,274.7,-0.02,,28.77,370.3,1007.55,0.03,0.0,4N90E
2007-02-02,2007,2,2,218.47,-0.01,,28.63,302.04,976.19,0.03,0.0,4N90E
2007-02-03,2007,2,3,245.39,-0.01,,28.65,338.13,1052.8,0.01,0.0,4N90E
2007-02-04,2007,2,4,191.39,-0.01,,28.63,255.46,1235.58,0.02,0.0,4N90E
2007-02-05,2007,2,5,284.25,-0.01,,28.63,373.67,999.49,0.03,0.0,4N90E
2007-02-06,2007,2,6,281.93,-0.01,,28.66,374.55,1016.51,0.03,0.0,4N90E
2007-02-07,2007,2,7,296.62,-0.01,,28.73,387.79,1049.22,0.01,0.0,4N90E
2007-02-08,2007,2,8,291.16,0.0,,29.03,381.56,1105.22,0.01,0.0,4N90E
2007-02-09,2007,2,9,294.43,-0.01,,28.91,386.59,1119.1,0.01,0.0,4N90E
2007-02-10,2007,2,10,284.97,-0.01,,28.87,379.09,1192.58,0.01,0.0,4N90E
2007-02-11,2007,2,11,278.97,0.06,,28.94,369.19,1121.34,0.48,2.1,4N90E
2007-02-12,2007,2,12,268.03,-0.01,,28.96,363.16,1100.29,0.04,0.0,4N90E
2007-02-13,2007,2,13,295.91,-0.01,,29.23,387.41,1168.83,0.04,0.0,4N90E
2007-02-14,2007,2,14,258.55,-0.01,,29.36,362.26,1190.78,0.01,0.0,4N90E
2007-02-15,2007,2,15,275.48,-0.01,,29.39,369.9,1098.5,0.04,0.0,4N90E
2007-02-16,2007,2,16,292.2,-0.01,,29.34,392.67,1113.28,0.05,0.0,4N90E
2007-02-17,2007,2,17,284.03,-0.01,,29.29,374.71,1176.9,0.03,0.0,4N90E
2007-02-18,2007,2,18,232.62,-0.01,,29.35,328.45,1179.58,0.01,0.0,4N90E
2007-02-19,2007,2,19,147.51,-0.01,,29.26,199.9,928.26,0.01,0.0,4N90E
2007-02-20,2007,2,20,297.72,-0.01,,29.19,388.69,1061.76,0.04,0.0,4N90E
2007-02-21,2007,2,21,270.56,-0.01,,28.94,368.23,1186.75,0.07,0.0,4N90E
2007-02-22,2007,2,22,234.42,0.04,,28.79,314.6,1290.69,0.26,1.4,4N90E
2007-02-23,2007,2,23,294.13,0.0,,28.89,392.72,1097.15,0.03,0.0,4N90E
2007-02-24,2007,2,24,308.9,0.96,,29.3,401.13,1245.89,9.05,2.6,4N90E
2007-02-25,2007,2,25,301.25,0.0,,29.37,389.81,1107.01,0.04,0.0,4N90E
2007-02-26,2007,2,26,292.93,0.0,,29.45,386.08,1100.74,0.07,0.0,4N90E
2007-02-27,2007,2,27,269.01,0.13,,29.18,366.23,1107.9,0.7,3.8,4N90E
2007-02-28,2007,2,28,216.72,0.0,,28.85,306.25,1301.44,0.05,0.0,4N90E
2007-03-01,2007,3,1,297.59,0.0,,28.82,379.98,1098.94,0.05,0.0,4N90E
2007-03-02,2007,3,2,297.17,0.0,,29.45,386.44,1112.83,0.03,0.0,4N90E
2007-03-03,2007,3,3,253.28,0.0,,29.15,360.9,1209.6,0.03,0.0,4N90E
2007-03-04,2007,3,4,226.41,0.0,,28.91,301.64,1109.7,0.06,0.0,4N90E
2007-03-05,2007,3,5,274.97,0.0,,28.95,364.17,1158.08,0.09,0.0,4N90E
2007-03-06,2007,3,6,270.2,0.0,,28.87,371.8,1145.09,0.08,0.0,4N90E
2007-03-07,2007,3,7,279.17,0.0,,28.91,374.06,1251.26,0.08,0.0,4N90E
2007-03-08,2007,3,8,196.33,0.24,,28.97,286.17,1065.79,1.39,4.2,4N90E
2007-03-09,2007,3,9,290.48,0.0,,29.24,385.8,1135.68,0.07,0.0,4N90E
2007-03-10,2007,3,10,264.31,0.0,,29.72,381.62,1154.94,0.05,0.0,4N90E
2007-03-11,2007,3,11,222.09,0.24,,29.66,331.26,1174.21,1.76,2.9,4N90E
2007-03-12,2007,3,12,237.08,0.02,,29.84,332.95,1020.1,0.16,0.7,4N90E
2007-03-13,2007,3,13,205.28,0.11,,29.59,292.82,1134.78,0.55,3.5,4N90E
2007-03-14,2007,3,14,256.62,0.33,,30.04,352.86,1218.56,2.37,2.8,4N90E
2007-03-15,2007,3,15,271.05,0.74,,30.01,368.92,1101.18,5.11,2.9,4N90E
2007-03-16,2007,3,16,286.08,0.04,,30.04,401.83,1130.75,0.28,1.4,4N90E
2007-03-17,2007,3,17,235.4,0.0,,29.85,347.19,1200.19,0.01,0.0,4N90E
2007-03-18,2007,3,18,279.73,0.0,,29.86,369.32,1152.7,0.03,0.0,4N90E
2007-03-19,2007,3,19,274.59,0.0,,29.83,354.17,1081.92,0.03,0.0,4N90E
2007-03-20,2007,3,20,313.7,0.0,,29.85,405.65,1168.83,0.04,0.0,4N90E
2007-03-21,2007,3,21,299.24,0.0,,29.9,395.15,1238.27,0.04,0.0,4N90E
2007-03-22,2007,3,22,236.36,0.0,,29.86,311.38,1105.66,0.04,0.0,4N90E
2007-03-23,2007,3,23,306.3,0.0,,30.05,400.76,1079.68,0.06,0.0,4N90E
2007-03-24,2007,3,24,329.17,-0.02,,29.92,416.54,1091.78,0.22,0.0,4N90E
2007-03-25,2007,3,25,316.73,0.0,,30.0,403.5,1097.15,0.05,0.0,4N90E
2007-03-26,2007,3,26,310.44,0.0,,30.31,406.02,1179.58,0.02,0.0,4N90E
2007-03-27,2007,3,27,312.07,0.0,,30.43,399.04,1051.01,0.01,0.0,4N90E
2007-03-28,2007,3,28,313.13,0.0,,30.44,399.37,1055.49,0.03,0.0,4N90E
2007-03-29,2007,3,29,317.73,-0.01,,30.3,403.38,1068.03,0.01,0.0,4N90E
2007-03-30,2007,3,30,299.77,0.0,,30.54,392.98,1160.32,0.01,0.0,4N90E
2007-03-31,2007,3,31,302.86,0.0,,30.61,386.57,1151.81,0.03,0.0,4N90E
2007-04-01,2007,4,1,240.13,0.0,,30.68,340.98,1309.5,0.01,0.0,4N90E
2007-04-02,2007,4,2,292.04,0.0,,30.87,392.72,1271.87,0.07,0.0,4N90E
2007-04-03,2007,4,3,125.37,0.08,,30.5,196.51,1046.53,0.33,4.9,4N90E
2007-04-04,2007,4,4,268.09,0.59,,30.42,376.72,1215.42,2.2,10.9,4N90E
2007-04-05,2007,4,5,121.58,0.72,,30.22,200.82,807.3,4.77,7.5,4N90E
2007-04-06,2007,4,6,162.01,1.14,,29.96,246.99,963.65,6.31,9.2,4N90E
2007-04-07,2007,4,7,106.41,0.37,,29.87,154.89,866.88,1.84,6.3,4N90E
2007-04-08,2007,4,8,302.67,0.0,,30.19,385.5,1314.88,0.04,0.0,4N90E
2007-04-09,2007,4,9,278.55,0.0,,30.19,352.45,1211.39,0.02,0.0,4N90E
2007-04-10,2007,4,10,296.9,0.0,,30.27,384.71,1169.28,0.01,0.0,4N90E
2007-04-11,2007,4,11,193.19,0.03,,30.08,251.74,1089.98,0.24,1.4,4N90E
2007-04-12,2007,4,12,299.68,0.17,,30.28,375.72,1092.67,0.6,7.5,4N90E
2007-04-13,2007,4,13,208.95,0.42,,30.05,271.5,1184.51,3.84,2.8,4N90E
2007-04-14,2007,4,14,280.58,0.0,,30.46,378.05,1331.46,0.02,0.0,4N90E
2007-04-15,2007,4,15,259.8,-0.01,,30.08,346.62,1148.22,0.06,0.0,4N90E
2007-04-16,2007,4,16,298.55,0.0,,30.48,384.13,1097.6,0.01,0.0,4N90E
2007-04-17,2007,4,17,308.92,0.02,,30.75,396.35,1080.58,0.21,0.7,4N90E
2007-04-18,2007,4,18,291.07,0.0,,30.46,378.41,1147.78,0.05,0.0,4N90E
2007-04-19,2007,4,19,294.62,0.36,,30.46,382.01,1040.26,1.85,7.6,4N90E
2007-04-20,2007,4,20,278.0,0.0,,30.58,383.55,1187.2,0.03,0.0,4N90E
2007-04-21,2007,4,21,256.25,,,30.76,383.51,1070.27,,,4N90E
2007-04-22,2007,4,22,120.81,-0.02,,30.31,201.33,865.09,0.6,3.5,4N90E
2007-04-23,2007,4,23,204.89,0.69,,30.23,322.35,1152.26,2.84,11.2,4N90E
2007-04-24,2007,4,24,149.73,1.04,,30.16,277.69,1197.5,6.08,7.4,4N90E
2007-04-25,2007,4,25,165.99,0.0,,29.92,245.55,991.87,0.02,0.0,4N90E
2007-04-26,2007,4,26,246.71,1.13,,30.09,375.0,1170.62,6.08,9.7,4N90E
2007-04-27,2007,4,27,224.7,0.13,,29.97,352.54,1180.03,0.76,2.8,4N90E
2007-04-28,2007,4,28,92.97,1.04,,29.83,189.24,1042.94,3.47,17.0,4N90E
2007-04-29,2007,4,29,250.72,0.53,,29.81,365.7,1245.44,4.33,2.8,4N90E
2007-04-30,2007,4,30,145.51,0.02,,29.76,217.58,1031.74,0.23,0.7,4N90E
2007-05-01,2007,5,1,292.84,0.19,,29.9,383.91,1226.62,0.95,4.2,4N90E
2007-05-02,2007,5,2,185.58,0.0,,29.85,258.78,1308.16,0.02,0.0,4N90E
2007-05-03,2007,5,3,72.23,-0.01,,29.77,90.63,313.6,0.02,0.0,4N90E
2007-05-04,2007,5,4,162.34,0.11,,29.77,225.93,966.78,1.01,2.1,4N90E
2007-05-05,2007,5,5,131.81,0.02,,29.72,170.18,582.85,0.12,0.7,4N90E
2007-05-06,2007,5,6,165.09,0.16,,29.74,211.15,773.25,0.9,3.6,4N90E
2007-05-07,2007,5,7,92.51,0.24,,29.74,118.75,478.02,1.61,3.5,4N90E
2007-05-08,2007,5,8,210.83,0.07,,29.79,308.05,1246.78,0.62,1.4,4N90E
2007-05-09,2007,5,9,210.37,0.02,,29.73,291.86,1062.21,0.12,0.7,4N90E
2007-05-10,2007,5,10,112.66,0.1,,29.67,180.24,897.79,0.78,2.1,4N90E
2007-05-11,2007,5,11,288.73,0.06,,29.7,371.65,1027.71,0.42,2.8,4N90E
2007-05-12,2007,5,12,163.98,0.71,,29.61,280.46,1089.54,2.7,8.5,4N90E
2007-05-13,2007,5,13,265.91,0.26,,29.65,347.23,1137.92,1.93,2.1,4N90E
2007-05-14,2007,5,14,242.61,0.0,,29.65,340.43,1056.38,0.11,0.0,4N90E
2007-05-15,2007,5,15,199.34,0.0,,29.66,263.59,956.03,0.11,0.0,4N90E
2007-05-16,2007,5,16,285.93,-0.01,,29.72,370.8,1021.44,0.18,0.0,4N90E
2007-05-17,2007,5,17,248.67,0.0,,29.66,357.56,1034.88,0.16,0.0,4N90E
2007-05-18,2007,5,18,213.45,0.0,,29.64,268.24,899.58,0.15,0.0,4N90E
2007-05-19,2007,5,19,288.79,0.25,,29.92,367.69,1022.34,2.38,2.4,4N90E
2007-05-20,2007,5,20,294.89,0.0,,29.68,376.7,1113.28,0.06,0.0,4N90E
2007-05-21,2007,5,21,245.65,-0.01,,29.66,343.76,1169.28,0.08,0.0,4N90E
2007-05-22,2007,5,22,284.55,0.0,,29.84,368.68,1060.86,0.02,0.0,4N90E
2007-05-23,2007,5,23,283.37,0.0,,30.08,366.96,996.8,0.03,0.0,4N90E
2007-05-24,2007,5,24,288.81,0.0,,30.56,368.16,977.09,0.03,0.0,4N90E
2007-05-25,2007,5,25,259.11,0.0,,30.41,344.25,1054.59,0.09,0.0,4N90E
2007-05-26,2007,5,26,215.36,,,30.52,303.03,1115.97,,,4N90E
2007-05-27,2007,5,27,225.51,0.15,,30.47,337.42,1261.12,1.4,2.0,4N90E
2007-05-28,2007,5,28,281.47,0.02,,30.52,355.94,1172.86,0.39,2.5,4N90E
2007-05-29,2007,5,29,257.98,,,30.13,345.42,1214.98,,,4N90E
2007-05-30,2007,5,30,243.42,,,29.86,349.51,1081.92,,,4N90E
2007-05-31,2007,5,31,194.44,,,29.89,261.11,836.86,,,4N90E
2007-06-01,2007,6,1,197.47,,,29.84,290.92,1138.82,,,4N90E
2007-06-02,2007,6,2,279.91,,,29.97,372.4,999.04,,,4N90E
2007-06-03,2007,6,3,123.76,,,29.71,169.66,528.19,,,4N90E
2007-06-04,2007,6,4,240.51,,,29.78,320.44,1111.04,,,4N90E
2007-06-05,2007,6,5,261.77,1.0,,29.76,347.55,1051.01,3.58,13.8,4N90E
2007-06-06,2007,6,6,77.99,-0.01,,29.67,100.64,301.5,0.09,0.0,4N90E
2007-06-07,2007,6,7,263.71,0.1,,29.81,361.59,1055.49,0.55,4.1,4N90E
2007-06-08,2007,6,8,202.52,0.38,,29.76,303.63,1229.31,2.54,3.0,4N90E
2007-06-09,2007,6,9,278.54,-0.02,,29.93,357.12,957.82,0.07,0.0,4N90E
2007-06-10,2007,6,10,277.45,-0.02,,29.88,359.58,1072.51,0.12,0.0,4N90E
2007-06-11,2007,6,11,134.64,0.87,,29.75,215.03,878.53,2.7,13.9,4N90E
2007-06-12,2007,6,12,53.17,0.88,,29.73,74.14,316.74,4.06,5.8,4N90E
2007-06-13,2007,6,13,173.19,0.01,,29.76,271.4,1163.01,0.11,0.0,4N90E
2007-06-14,2007,6,14,61.53,,,29.64,109.24,710.98,,,4N90E
2007-06-15,2007,6,15,115.87,,,29.47,160.95,944.83,,,4N90E
2007-06-16,2007,6,16,189.49,,,29.4,258.82,1071.17,,,4N90E
2007-06-17,2007,6,17,196.13,,,29.33,260.26,1015.62,,,4N90E
2007-06-18,2007,6,18,177.54,,,29.08,273.33,1147.78,,,4N90E
2007-06-19,2007,6,19,165.2,,,29.01,248.53,962.3,,,4N90E
2007-06-20,2007,6,20,160.73,,,29.06,238.86,843.58,,,4N90E
2007-06-21,2007,6,21,247.63,,,29.07,338.74,997.7,,,4N90E
2007-06-22,2007,6,22,211.46,,,29.21,266.67,827.9,,,4N90E
2007-06-23,2007,6,23,272.74,,,29.29,351.95,1064.9,,,4N90E
2007-06-24,2007,6,24,205.26,,,29.45,276.45,1034.43,,,4N90E
2007-06-25,2007,6,25,154.96,,,29.33,220.11,1142.4,,,4N90E
2007-06-26,2007,6,26,55.15,,,29.17,100.52,633.92,,,4N90E
2007-06-27,2007,6,27,155.68,,,29.08,202.38,723.97,,,4N90E
2007-06-28,2007,6,28,141.21,,,29.03,198.43,868.22,,,4N90E
2007-06-29,2007,6,29,252.52,,,29.07,328.81,1082.82,,,4N90E
2007-06-30,2007,6,30,267.73,,,29.09,354.89,1017.86,,,4N90E
2007-07-01,2007,7,1,274.57,,,29.09,347.71,929.15,,,4N90E
2007-07-02,2007,7,2,269.42,,,29.15,343.92,1028.16,,,4N90E
2007-07-03,2007,7,3,269.77,,,29.17,337.56,1000.83,,,4N90E
2007-07-04,2007,7,4,254.5,,,29.26,319.45,935.87,,,4N90E
2007-07-05,2007,7,5,267.72,,,29.25,353.93,1173.31,,,4N90E
2007-07-06,2007,7,6,275.56,,,29.21,366.56,986.05,,,4N90E
2007-07-07,2007,7,7,219.52,,,29.17,294.47,1038.02,,,4N90E
2007-07-08,2007,7,8,167.98,,,29.15,248.27,882.11,,,4N90E
2007-07-09,2007,7,9,222.79,,,29.19,310.33,1041.6,,,4N90E
2007-07-10,2007,7,10,148.35,,,29.16,190.91,554.18,,,4N90E
2007-07-11,2007,7,11,268.79,,,29.22,357.81,1081.02,,,4N90E
2007-07-12,2007,7,12,191.11,,,29.17,264.37,1097.15,,,4N90E
2007-07-13,2007,7,13,218.32,,,29.15,323.74,1076.1,,,4N90E
2007-07-14,2007,7,14,251.16,,,29.15,340.73,1068.48,,,4N90E
2007-07-15,2007,7,15,157.52,,,29.06,197.99,605.7,,,4N90E
2007-07-16,2007,7,16,219.5,,,29.08,316.15,1240.51,,,4N90E
2007-07-17,2007,7,17,238.2,,,29.07,325.1,1156.74,,,4N90E
2007-07-18,2007,7,18,206.95,,,29.01,293.76,1070.27,,,4N90E
2007-07-19,2007,7,19,171.53,,,28.95,255.99,1147.33,,,4N90E
2007-07-20,2007,7,20,69.91,,,28.87,113.0,468.61,,,4N90E
2007-07-21,2007,7,21,119.26,,,28.81,165.77,711.42,,,4N90E
2007-07-22,2007,7,22,172.29,,,28.8,273.82,953.79,,,4N90E
2007-07-23,2007,7,23,185.56,,,28.75,239.46,873.15,,,4N90E
2007-07-24,2007,7,24,69.62,,,28.71,86.22,243.71,,,4N90E
2007-07-25,2007,7,25,280.34,,,28.98,358.66,1008.0,,,4N90E
2007-07-26,2007,7,26,278.46,,,29.14,363.33,1081.02,,,4N90E
2007-07-27,2007,7,27,259.75,,,29.0,338.98,997.25,,,4N90E
2007-07-28,2007,7,28,253.97,,,29.12,340.75,999.94,,,4N90E
2007-07-29,2007,7,29,215.59,,,28.95,292.37,1169.73,,,4N90E
2007-07-30,2007,7,30,98.76,,,28.83,149.31,660.35,,,4N90E
2007-07-31,2007,7,31,135.07,,,28.84,180.43,622.72,,,4N90E
2007-08-01,2007,8,1,289.82,,,28.91,372.63,1040.26,,,4N90E
2007-08-02,2007,8,2,264.62,,,29.01,349.7,1232.0,,,4N90E
2007-08-03,2007,8,3,289.37,,,28.92,369.83,1055.94,,,4N90E
2007-08-04,2007,8,4,279.9,,,28.83,363.79,1072.96,,,4N90E
2007-08-05,2007,8,5,300.43,,,28.8,382.99,1064.9,,,4N90E
2007-08-06,2007,8,6,293.89,,,28.91,370.12,1130.3,,,4N90E
2007-08-07,2007,8,7,232.99,,,28.88,315.32,1042.94,,,4N90E
2007-08-08,2007,8,8,220.72,,,28.83,297.96,1159.42,,,4N90E
2007-08-09,2007,8,9,237.17,,,28.83,299.1,952.9,,,4N90E
2007-08-10,2007,8,10,217.62,,,28.8,289.64,909.89,,,4N90E
2007-08-11,2007,8,11,220.89,,,28.76,326.79,1123.58,,,4N90E
2007-08-12,2007,8,12,215.76,,,28.68,318.21,1146.88,,,4N90E
2007-08-13,2007,8,13,108.59,,,28.6,145.56,600.77,,,4N90E
2007-08-14,2007,8,14,271.69,,,28.72,359.28,1091.33,,,4N90E
2007-08-15,2007,8,15,117.36,,,28.66,153.86,657.22,,,4N90E
2007-08-16,2007,8,16,228.59,,,28.68,303.66,914.37,,,4N90E
2007-08-17,2007,8,17,194.55,,,28.62,287.97,1048.32,,,4N90E
2007-08-18,2007,8,18,256.31,,,28.62,331.46,1100.29,,,4N90E
2007-08-19,2007,8,19,99.51,,,28.56,138.03,518.78,,,4N90E
2007-08-20,2007,8,20,61.88,,,28.51,102.3,716.35,,,4N90E
2007-08-21,2007,8,21,150.59,,,28.52,224.03,970.37,,,4N90E
2007-08-22,2007,8,22,188.7,,,28.53,273.21,950.66,,,4N90E
2007-08-23,2007,8,23,198.83,,,28.56,280.99,1185.41,,,4N90E
2007-08-24,2007,8,24,259.97,,,28.56,366.58,1149.57,,,4N90E
2007-08-25,2007,8,25,277.77,,,28.96,381.75,1122.24,,,4N90E
2007-08-26,2007,8,26,264.54,,,28.94,353.66,1272.32,,,4N90E
2007-08-27,2007,8,27,289.08,,,29.06,377.93,1167.94,,,4N90E
2007-08-28,2007,8,28,253.36,,,28.95,348.57,1213.18,,,4N90E
2007-08-29,2007,8,29,212.21,,,28.93,279.29,889.28,,,4N90E
2007-08-30,2007,8,30,113.18,,,28.85,183.2,760.7,,,4N90E
2007-08-31,2007,8,31,113.2,,,28.68,154.2,720.83,,,4N90E
2007-09-01,2007,9,1,67.14,,,28.62,89.0,314.5,,,4N90E
2007-09-02,2007,9,2,204.34,,,28.59,299.11,1319.36,,,4N90E
2007-09-03,2007,9,3,246.68,,,28.59,341.52,1246.34,,,4N90E
2007-09-04,2007,9,4,256.74,,,28.7,332.2,1145.54,,,4N90E
2007-09-05,2007,9,5,244.25,,,28.9,323.89,921.54,,,4N90E
2007-09-06,2007,9,6,228.95,,,28.76,347.09,1093.12,,,4N90E
2007-09-07,2007,9,7,217.94,,,28.7,352.32,1121.34,,,4N90E
2007-09-08,2007,9,8,205.8,,,28.61,303.64,1316.67,,,4N90E
2007-09-09,2007,9,9,245.9,,,28.78,338.23,1304.13,,,4N90E
2007-09-10,2007,9,10,261.87,,,28.91,377.4,1256.19,,,4N90E
2007-09-11,2007,9,11,297.52,,,28.82,388.73,1059.07,,,4N90E
2007-09-12,2007,9,12,287.65,,,28.93,379.27,1204.22,,,4N90E
2007-09-13,2007,9,13,162.02,,,28.78,239.16,1107.01,,,4N90E
2007-09-14,2007,9,14,150.4,,,28.78,224.88,1056.83,,,4N90E
2007-09-15,2007,9,15,173.59,,,28.68,246.75,941.7,,,4N90E
2007-09-16,2007,9,16,265.81,,,28.66,368.68,1092.67,,,4N90E
2007-09-17,2007,9,17,221.22,,,28.69,317.84,1196.16,,,4N90E
2007-09-18,2007,9,18,191.69,,,28.66,265.4,1049.22,,,4N90E
2007-09-19,2007,9,19,147.32,,,28.59,216.83,981.12,,,4N90E
2007-09-20,2007,9,20,297.34,,,28.67,382.97,1184.51,,,4N90E
2007-09-21,2007,9,21,290.95,,,28.76,382.11,1103.87,,,4N90E
2007-09-22,2007,9,22,288.2,,,28.72,379.19,1078.78,,,4N90E
2007-09-23,2007,9,23,162.99,,,28.69,266.91,1346.24,,,4N90E
2007-09-24,2007,9,24,291.5,,,28.85,382.82,1065.34,,,4N90E
2007-09-25,2007,9,25,277.54,,,28.85,375.35,1323.84,,,4N90E
2007-09-26,2007,9,26,205.04,,,28.88,306.99,1115.07,,,4N90E
2007-09-27,2007,9,27,269.19,,,28.95,367.49,1153.15,,,4N90E
2007-09-28,2007,9,28,285.52,,,28.96,393.28,1058.62,,,4N90E
2007-09-29,2007,9,29,182.3,,,28.91,253.34,1087.3,,,4N90E
2007-09-30,2007,9,30,108.78,,,28.75,179.18,1122.24,,,4N90E
2007-10-01,2007,10,1,188.61,,,28.69,263.62,976.19,,,4N90E
2007-10-02,2007,10,2,275.53,,,28.63,371.04,1142.85,,,4N90E
2007-10-03,2007,10,3,253.91,,,28.59,344.77,1071.62,,,4N90E
2007-10-04,2007,10,4,128.01,,,28.53,189.63,863.3,,,4N90E
2007-10-05,2007,10,5,70.29,,,28.44,106.15,454.27,,,4N90E
2007-10-06,2007,10,6,112.96,,,28.37,179.68,1128.06,,,4N90E
2007-10-08,2007,10,8,252.73,0.05,78.0,28.9,324.62,1060.79,0.91,1.0,4N90E
2007-10-09,2007,10,9,229.45,0.24,79.2,28.77,322.76,1339.77,4.11,1.0,4N90E
2007-10-10,2007,10,10,296.98,0.0,78.4,28.62,383.77,1126.93,3.77,0.0,4N90E
2007-10-11,2007,10,11,280.68,0.1,79.2,28.99,369.33,1142.76,2.63,4.0,4N90E
2007-10-12,2007,10,12,276.49,0.19,76.8,29.11,379.11,1054.27,2.0,3.0,4N90E
2007-10-13,2007,10,13,112.08,1.43,82.9,28.51,155.56,689.13,6.3,13.0,4N90E
2007-10-14,2007,10,14,95.78,0.05,83.7,28.37,131.34,487.0,1.91,2.0,4N90E
2007-10-15,2007,10,15,173.09,0.24,82.9,28.41,259.42,1293.66,4.11,4.0,4N90E
2007-10-16,2007,10,16,262.98,0.05,82.9,28.54,375.85,,3.15,3.0,4N90E
2007-10-17,2007,10,17,122.33,0.57,85.3,28.45,194.68,869.37,1.81,19.0,4N90E
2007-10-18,2007,10,18,264.38,0.19,82.1,28.69,373.06,1092.46,2.2,3.0,4N90E
2007-10-19,2007,10,19,73.42,2.63,88.2,28.48,123.42,513.08,6.78,42.0,4N90E
2007-10-20,2007,10,20,161.91,3.2,85.7,28.43,216.57,780.42,9.93,23.0,4N90E
2007-10-21,2007,10,21,55.26,2.96,89.0,28.32,101.07,773.9,8.78,41.0,4N90E
2007-10-22,2007,10,22,125.12,0.33,83.3,28.25,195.61,908.96,2.24,9.0,4N90E
2007-10-23,2007,10,23,174.02,0.0,82.1,28.21,265.47,1345.36,2.29,1.0,4N90E
2007-10-24,2007,10,24,111.15,1.96,86.6,28.09,183.5,972.77,6.21,30.0,4N90E
2007-10-25,2007,10,25,182.87,1.0,86.6,28.07,302.73,1254.07,4.73,16.0,4N90E
2007-10-26,2007,10,26,93.45,0.67,86.2,28.08,129.48,456.26,5.54,10.0,4N90E
2007-10-27,2007,10,27,168.9,0.0,80.5,28.08,229.14,961.59,1.0,1.0,4N90E
2007-10-28,2007,10,28,242.49,0.0,82.5,28.17,325.55,1144.16,1.96,0.0,4N90E
2007-10-29,2007,10,29,276.02,0.0,82.5,28.18,364.67,1157.2,1.91,1.0,4N90E
2007-10-30,2007,10,30,208.49,0.05,82.1,28.33,335.8,1151.61,2.15,2.0,4N90E
2007-10-31,2007,10,31,198.71,0.14,84.9,28.23,301.8,1088.27,4.34,4.0,4N90E
2007-11-01,2007,11,1,244.82,0.1,82.5,28.32,339.99,1238.24,2.24,2.0,4N90E
2007-11-02,2007,11,2,39.43,0.48,85.3,27.99,61.01,233.64,3.1,11.0,4N90E
2007-11-03,2007,11,3,215.94,0.0,82.5,28.03,306.92,1174.9,3.68,0.0,4N90E
2007-11-04,2007,11,4,249.47,0.0,78.0,28.46,357.22,1159.06,2.24,0.0,4N90E
2007-11-05,2007,11,5,276.02,0.0,78.8,28.51,358.15,1066.85,2.77,0.0,4N90E
2007-11-06,2007,11,6,227.58,0.1,83.7,28.32,311.58,1193.53,2.53,2.0,4N90E
2007-11-07,2007,11,7,62.71,0.05,84.9,28.1,84.76,308.16,2.2,2.0,4N90E
2007-11-08,2007,11,8,85.53,0.62,84.5,27.99,166.27,833.04,9.21,7.0,4N90E
2007-11-09,2007,11,9,65.97,0.1,84.5,27.93,98.74,434.37,2.77,5.0,4N90E
2007-11-10,2007,11,10,187.53,0.43,83.3,27.9,298.07,1114.35,6.68,6.0,4N90E
2007-11-11,2007,11,11,263.45,0.05,82.5,27.96,353.5,1103.64,2.2,2.0,4N90E
2007-11-12,2007,11,12,264.84,0.1,83.3,28.08,354.43,1115.75,3.63,3.0,4N90E
2007-11-13,2007,11,13,256.46,0.0,82.1,28.1,342.78,1006.77,3.44,1.0,4N90E
2007-11-14,2007,11,14,278.82,0.0,82.1,28.34,370.26,1156.27,3.1,0.0,4N90E
2007-11-15,2007,11,15,275.56,0.0,76.0,28.79,367.0,1173.97,2.82,0.0,4N90E
2007-11-16,2007,11,16,272.76,0.1,80.1,28.64,375.39,1028.66,3.44,2.0,4N90E
2007-11-17,2007,11,17,296.05,0.0,82.1,28.6,385.17,1099.91,7.02,1.0,4N90E
2007-11-18,2007,11,18,265.31,0.05,80.1,28.87,371.19,1247.55,1.1,1.0,4N90E
2007-11-19,2007,11,19,268.1,0.86,81.7,28.71,357.69,1104.57,7.3,4.0,4N90E
2007-11-20,2007,11,20,174.02,0.05,81.7,28.55,263.61,,2.58,2.0,4N90E
2007-11-21,2007,11,21,234.57,0.14,81.3,28.54,341.39,1123.2,1.43,3.0,4N90E
2007-11-22,2007,11,22,260.65,0.0,78.8,28.8,347.44,1020.27,1.0,1.0,4N90E
2007-11-23,2007,11,23,264.38,0.0,76.0,28.94,346.98,982.55,1.34,0.0,4N90E
2007-11-24,2007,11,24,266.71,0.0,76.0,28.95,349.3,977.42,1.24,0.0,4N90E
2007-11-25,2007,11,25,285.8,0.0,76.8,29.13,373.52,1126.46,0.91,0.0,4N90E
2007-11-26,2007,11,26,244.35,0.05,77.6,29.15,343.72,1214.95,1.77,2.0,4N90E
2007-11-27,2007,11,27,235.97,0.38,78.0,29.06,340.46,1105.5,4.39,2.0,4N90E
2007-11-28,2007,11,28,230.38,0.1,77.2,28.93,343.25,1140.43,3.58,2.0,4N90E
2007-11-29,2007,11,29,268.57,0.24,76.8,29.13,339.52,995.59,2.77,4.0,4N90E
2007-11-30,2007,11,30,262.05,0.0,79.6,29.15,355.82,1077.09,2.0,0.0,4N90E
2007-12-01,2007,12,1,134.9,0.67,82.1,28.93,221.69,1235.91,7.02,3.0,4N90E
2007-12-02,2007,12,2,67.84,0.38,86.2,28.74,110.85,437.63,1.53,21.0,4N90E
2007-12-03,2007,12,3,91.12,-0.05,79.6,28.38,134.13,471.17,1.43,1.0,4N90E
2007-12-04,2007,12,4,267.64,-0.05,77.2,28.2,357.69,1047.28,2.48,0.0,4N90E
2007-12-05,2007,12,5,271.83,0.0,79.2,28.18,358.62,1023.07,2.1,1.0,4N90E
2007-12-06,2007,12,6,271.36,0.0,81.3,28.24,363.74,1078.02,2.39,0.0,4N90E
2007-12-07,2007,12,7,189.39,0.53,84.1,28.28,285.5,1071.5,27.97,5.0,4N90E
2007-12-08,2007,12,8,139.56,0.43,83.7,28.45,224.49,1038.44,11.7,10.0,4N90E
2007-12-09,2007,12,9,65.51,0.1,83.3,28.4,105.72,459.99,3.44,10.0,4N90E
2007-12-10,2007,12,10,111.62,0.43,84.1,28.41,154.16,584.81,5.82,4.0,4N90E
2007-12-11,2007,12,11,97.64,0.19,84.9,28.39,146.71,697.05,2.48,2.0,4N90E
2007-12-12,2007,12,12,139.09,0.14,82.9,28.41,191.42,980.22,2.63,3.0,4N90E
2007-12-13,2007,12,13,154.93,0.0,81.3,28.63,224.49,1100.38,1.43,0.0,4N90E
2007-12-14,2007,12,14,142.35,1.48,84.5,28.36,206.79,1109.69,6.06,22.0,4N90E
2007-12-15,2007,12,15,141.89,0.0,80.9,28.04,195.14,773.9,5.54,0.0,4N90E
2007-12-16,2007,12,16,249.47,0.0,80.1,28.42,320.43,1021.2,2.05,0.0,4N90E
2007-12-17,2007,12,17,265.77,0.05,80.9,28.61,351.17,1110.16,4.44,1.0,4N90E
2007-12-18,2007,12,18,254.13,0.0,81.7,28.61,353.03,1071.04,1.1,0.0,4N90E
2007-12-19,2007,12,19,269.97,0.0,82.1,28.83,360.48,1051.01,5.16,0.0,4N90E
2007-12-20,2007,12,20,195.45,0.0,82.1,28.62,282.7,1099.91,2.43,1.0,4N90E
2007-12-21,2007,12,21,207.56,0.0,82.9,28.86,330.67,1316.48,2.48,0.0,4N90E
2007-12-22,2007,12,22,184.27,0.1,79.6,29.01,282.24,1184.21,3.87,2.0,4N90E
2007-12-23,2007,12,23,227.58,0.91,80.5,29.13,310.18,1104.1,6.16,6.0,4N90E
2007-12-24,2007,12,24,79.94,0.24,83.7,28.48,128.54,775.76,3.68,8.0,4N90E
2007-12-25,2007,12,25,236.9,0.0,76.0,28.57,334.4,1118.08,0.86,0.0,4N90E
2007-12-26,2007,12,26,140.03,0.0,75.6,28.34,190.02,929.92,1.53,0.0,4N90E
2007-12-27,2007,12,27,203.83,-0.05,70.7,28.45,282.7,1035.64,3.1,0.0,4N90E
2007-12-28,2007,12,28,206.63,-0.05,69.1,28.38,274.32,1009.56,1.24,0.0,4N90E
2007-12-29,2007,12,29,203.37,-0.05,69.9,28.38,269.2,943.42,2.58,0.0,4N90E
2007-12-30,2007,12,30,217.8,0.0,71.9,28.43,312.98,973.23,2.58,0.0,4N90E
2007-12-31,2007,12,31,226.65,0.0,70.7,28.44,315.77,1044.49,2.24,0.0,4N90E
2008-01-01,2008,1,1,164.71,0.0,76.4,28.5,274.79,1095.72,2.2,0.0,4N90E
2008-01-02,2008,1,2,169.83,0.05,73.5,28.44,253.36,1001.18,1.67,2.0,4N90E
2008-01-03,2008,1,3,247.15,0.0,73.5,28.61,325.09,929.45,2.0,0.0,4N90E
2008-01-04,2008,1,4,197.31,0.0,76.0,28.66,285.96,1153.47,1.81,1.0,4N90E
2008-01-05,2008,1,5,247.61,0.0,74.8,28.8,326.02,944.36,1.1,0.0,4N90E
2008-01-06,2008,1,6,,,,29.06,,,,,4N90E
2008-01-07,2008,1,7,,,,29.29,,,,,4N90E
2008-01-08,2008,1,8,,,,29.14,,,,,4N90E
2008-01-09,2008,1,9,,,,29.22,,,,,4N90E
2008-01-10,2008,1,10,,,,29.37,,,,,4N90E
2008-01-11,2008,1,11,,,,29.38,,,,,4N90E
2008-01-12,2008,1,12,,,,29.76,,,,,4N90E
2008-01-13,2008,1,13,,,,29.55,,,,,4N90E
2008-01-14,2008,1,14,,,,29.39,,,,,4N90E
2008-01-15,2008,1,15,,,,29.21,,,,,4N90E
2008-01-16,2008,1,16,,,,29.0,,,,,4N90E
2008-01-17,2008,1,17,,,,28.92,,,,,4N90E
2008-01-18,2008,1,18,,,,29.11,,,,,4N90E
2008-01-19,2008,1,19,,,,29.25,,,,,4N90E
2008-01-20,2008,1,20,,,,29.68,,,,,4N90E
2008-01-21,2008,1,21,,,,29.42,,,,,4N90E
2008-01-22,2008,1,22,,,,29.22,,,,,4N90E
2008-01-23,2008,1,23,,,,29.16,,,,,4N90E
2008-01-24,2008,1,24,,,,29.4,,,,,4N90E
2008-01-25,2008,1,25,,,,29.54,,,,,4N90E
2008-01-26,2008,1,26,,,,29.29,,,,,4N90E
2008-01-27,2008,1,27,,,,29.36,,,,,4N90E
2008-01-28,2008,1,28,,,,29.23,,,,,4N90E
2008-01-29,2008,1,29,,,,29.29,,,,,4N90E
2008-01-30,2008,1,30,,,,29.25,,,,,4N90E
2008-01-31,2008,1,31,,,,29.27,,,,,4N90E
2008-02-01,2008,2,1,,,,29.4,,,,,4N90E
2008-02-02,2008,2,2,,,,29.25,,,,,4N90E
2008-02-03,2008,2,3,,,,29.33,,,,,4N90E
2008-02-04,2008,2,4,,,,29.28,,,,,4N90E
2008-02-05,2008,2,5,,,,29.16,,,,,4N90E
2008-02-06,2008,2,6,,,,29.34,,,,,4N90E
2008-02-07,2008,2,7,,,,29.57,,,,,4N90E
2008-02-08,2008,2,8,,,,29.29,,,,,4N90E
2008-02-09,2008,2,9,,,,29.3,,,,,4N90E
2008-02-10,2008,2,10,,,,29.2,,,,,4N90E
2008-02-11,2008,2,11,,,,28.97,,,,,4N90E
2008-02-12,2008,2,12,,,,28.84,,,,,4N90E
2008-02-13,2008,2,13,,,,29.0,,,,,4N90E
2008-02-14,2008,2,14,,,,28.87,,,,,4N90E
2008-02-15,2008,2,15,,,,28.79,,,,,4N90E
2008-02-16,2008,2,16,,,,28.79,,,,,4N90E
2008-02-17,2008,2,17,,,,28.64,,,,,4N90E
2008-02-18,2008,2,18,,,,28.75,,,,,4N90E
2008-02-19,2008,2,19,,,,29.14,,,,,4N90E
2008-02-20,2008,2,20,,,,29.43,,,,,4N90E
2008-02-21,2008,2,21,,,,29.28,,,,,4N90E
2008-02-22,2008,2,22,,,,28.75,,,,,4N90E
2008-02-23,2008,2,23,,,,28.82,,,,,4N90E
2008-02-24,2008,2,24,,,,29.13,,,,,4N90E
2008-02-25,2008,2,25,,,,29.24,,,,,4N90E
2008-02-26,2008,2,26,,,,29.51,,,,,4N90E
2008-02-27,2008,2,27,,,,29.5,,,,,4N90E
2008-02-28,2008,2,28,,,,29.61,,,,,4N90E
2008-02-29,2008,2,29,,,,29.62,,,,,4N90E
2008-03-01,2008,3,1,,,,29.76,,,,,4N90E
2008-03-02,2008,3,2,,,,29.68,,,,,4N90E
2008-03-03,2008,3,3,,,,29.49,,,,,4N90E
2008-03-04,2008,3,4,,,,29.51,,,,,4N90E
2008-03-05,2008,3,5,,,,29.39,,,,,4N90E
2008-03-06,2008,3,6,,,,29.14,,,,,4N90E
2008-03-07,2008,3,7,,,,29.14,,,,,4N90E
2008-03-08,2008,3,8,,,,29.03,,,,,4N90E
2008-03-09,2008,3,9,,,,28.88,,,,,4N90E
2008-03-10,2008,3,10,,,,29.0,,,,,4N90E
2008-03-11,2008,3,11,,,,29.14,,,,,4N90E
2008-03-12,2008,3,12,,,,29.1,,,,,4N90E
2008-03-13,2008,3,13,,,,29.01,,,,,4N90E
2008-03-14,2008,3,14,,,,28.85,,,,,4N90E
2008-03-15,2008,3,15,,,,28.92,,,,,4N90E
2008-03-16,2008,3,16,,,,28.97,,,,,4N90E
2008-03-17,2008,3,17,,,,28.95,,,,,4N90E
2008-03-18,2008,3,18,,,,28.74,,,,,4N90E
2008-03-19,2008,3,19,,,,28.87,,,,,4N90E
2008-03-20,2008,3,20,,,,29.48,,,,,4N90E
2008-03-21,2008,3,21,,,,29.52,,,,,4N90E
2008-03-22,2008,3,22,,,,29.64,,,,,4N90E
2008-03-23,2008,3,23,,,,29.56,,,,,4N90E
2008-03-24,2008,3,24,,,,29.39,,,,,4N90E
2008-03-25,2008,3,25,,,,29.21,,,,,4N90E
2008-03-26,2008,3,26,,,,29.08,,,,,4N90E
2008-03-27,2008,3,27,,,,29.23,,,,,4N90E
2008-03-28,2008,3,28,,,,29.18,,,,,4N90E
2008-03-29,2008,3,29,,,,29.16,,,,,4N90E
2008-03-30,2008,3,30,,,,29.0,,,,,4N90E
2008-03-31,2008,3,31,,,,28.8,,,,,4N90E
2008-04-01,2008,4,1,,,,29.24,,,,,4N90E
2008-04-02,2008,4,2,,,,29.23,,,,,4N90E
2008-04-03,2008,4,3,,,,29.57,,,,,4N90E
2008-04-04,2008,4,4,,,,29.85,,,,,4N90E
2008-04-05,2008,4,5,,,,29.78,,,,,4N90E
2008-04-06,2008,4,6,,,,29.46,,,,,4N90E
2008-04-07,2008,4,7,,,,29.64,,,,,4N90E
2008-04-08,2008,4,8,,,,29.62,,,,,4N90E
2008-04-09,2008,4,9,,,,29.55,,,,,4N90E
2008-04-10,2008,4,10,,,,29.77,,,,,4N90E
2008-04-11,2008,4,11,,,,29.45,,,,,4N90E
2008-04-12,2008,4,12,,,,29.47,,,,,4N90E
2008-04-13,2008,4,13,,,,29.51,,,,,4N90E
2008-04-14,2008,4,14,,,,29.39,,,,,4N90E
2008-04-15,2008,4,15,,,,29.49,,,,,4N90E
2008-04-16,2008,4,16,,,,29.44,,,,,4N90E
2008-04-17,2008,4,17,,,,29.72,,,,,4N90E
2008-04-18,2008,4,18,,,,29.67,,,,,4N90E
2008-04-19,2008,4,19,,,,29.63,,,,,4N90E
2008-04-20,2008,4,20,,,,29.5,,,,,4N90E
2008-04-21,2008,4,21,,,,29.42,,,,,4N90E
2008-04-22,2008,4,22,,,,29.39,,,,,4N90E
2008-04-23,2008,4,23,,,,29.1,,,,,4N90E
2008-04-24,2008,4,24,,,,29.23,,,,,4N90E
2008-04-25,2008,4,25,,,,29.43,,,,,4N90E
2008-04-26,2008,4,26,,,,29.33,,,,,4N90E
2008-04-27,2008,4,27,,,,29.28,,,,,4N90E
2008-04-28,2008,4,28,,,,29.21,,,,,4N90E
2008-04-29,2008,4,29,,,,29.2,,,,,4N90E
2008-04-30,2008,4,30,,,,29.22,,,,,4N90E
2008-05-01,2008,5,1,,,,29.29,,,,,4N90E
2008-05-02,2008,5,2,,,,29.34,,,,,4N90E
2008-05-03,2008,5,3,,,,29.32,,,,,4N90E
2008-05-04,2008,5,4,,,,29.37,,,,,4N90E
2008-05-05,2008,5,5,,,,29.53,,,,,4N90E
2008-05-06,2008,5,6,,,,29.58,,,,,4N90E
2008-05-07,2008,5,7,,,,29.49,,,,,4N90E
2008-05-08,2008,5,8,,,,29.42,,,,,4N90E
2008-05-09,2008,5,9,,,,29.24,,,,,4N90E
2008-05-10,2008,5,10,,,,29.31,,,,,4N90E
2008-05-11,2008,5,11,,,,29.22,,,,,4N90E
2008-05-12,2008,5,12,,,,29.22,,,,,4N90E
2008-05-13,2008,5,13,,,,29.28,,,,,4N90E
2008-05-14,2008,5,14,,,,29.24,,,,,4N90E
2008-05-15,2008,5,15,,,,29.36,,,,,4N90E
2008-05-16,2008,5,16,,,,29.35,,,,,4N90E
2008-05-17,2008,5,17,,,,29.38,,,,,4N90E
2008-05-18,2008,5,18,,,,29.41,,,,,4N90E
2008-05-19,2008,5,19,,,,29.3,,,,,4N90E
2008-05-20,2008,5,20,,,,29.33,,,,,4N90E
2008-05-21,2008,5,21,,,,29.5,,,,,4N90E
2008-05-22,2008,5,22,,,,29.85,,,,,4N90E
2008-05-23,2008,5,23,,,,29.63,,,,,4N90E
2008-05-24,2008,5,24,,,,29.32,,,,,4N90E
2008-05-25,2008,5,25,,,,29.3,,,,,4N90E
2008-05-26,2008,5,26,,,,29.46,,,,,4N90E
2008-05-27,2008,5,27,,,,29.58,,,,,4N90E
2008-05-28,2008,5,28,,,,29.87,,,,,4N90E
2008-05-29,2008,5,29,,,,29.75,,,,,4N90E
2008-05-30,2008,5,30,,,,29.6,,,,,4N90E
2008-05-31,2008,5,31,,,,29.46,,,,,4N90E
2008-06-01,2008,6,1,,,,29.18,,,,,4N90E
2008-06-02,2008,6,2,,,,29.11,,,,,4N90E
2008-06-03,2008,6,3,,,,29.07,,,,,4N90E
2008-06-04,2008,6,4,,,,29.44,,,,,4N90E
2008-06-05,2008,6,5,,,,29.25,,,,,4N90E
2008-06-06,2008,6,6,,,,29.09,,,,,4N90E
2008-06-07,2008,6,7,,,,29.09,,,,,4N90E
2008-06-08,2008,6,8,,,,29.22,,,,,4N90E
2008-06-09,2008,6,9,,,,28.86,,,,,4N90E
2008-06-10,2008,6,10,,,,28.86,,,,,4N90E
2008-06-11,2008,6,11,,,,28.77,,,,,4N90E
2008-06-12,2008,6,12,,,,28.88,,,,,4N90E
2008-06-13,2008,6,13,,,,28.86,,,,,4N90E
2008-06-14,2008,6,14,,,,28.87,,,,,4N90E
2008-06-15,2008,6,15,,,,28.91,,,,,4N90E
2008-06-16,2008,6,16,,,,29.17,,,,,4N90E
2008-06-17,2008,6,17,,,,29.42,,,,,4N90E
2008-06-18,2008,6,18,,,,29.22,,,,,4N90E
2008-06-19,2008,6,19,,,,29.25,,,,,4N90E
2008-06-20,2008,6,20,,,,29.65,,,,,4N90E
2008-06-21,2008,6,21,,,,29.27,,,,,4N90E
2008-06-22,2008,6,22,,,,28.91,,,,,4N90E
2008-06-23,2008,6,23,,,,28.96,,,,,4N90E
2008-06-24,2008,6,24,,,,28.97,,,,,4N90E
2008-06-25,2008,6,25,,,,28.98,,,,,4N90E
2008-06-26,2008,6,26,,,,28.99,,,,,4N90E
2008-06-27,2008,6,27,,,,29.09,,,,,4N90E
2008-06-28,2008,6,28,,,,29.36,,,,,4N90E
2008-06-29,2008,6,29,,,,29.33,,,,,4N90E
2008-06-30,2008,6,30,,,,29.24,,,,,4N90E
2008-07-01,2008,7,1,,,,29.25,,,,,4N90E
2008-07-02,2008,7,2,,,,29.18,,,,,4N90E
2008-07-03,2008,7,3,,,,29.13,,,,,4N90E
2008-07-04,2008,7,4,,,,29.1,,,,,4N90E
2008-07-05,2008,7,5,,,,29.11,,,,,4N90E
2008-07-06,2008,7,6,,,,29.1,,,,,4N90E
2008-07-07,2008,7,7,,,,29.12,,,,,4N90E
2008-07-08,2008,7,8,,,,29.02,,,,,4N90E
2008-07-09,2008,7,9,,,,29.0,,,,,4N90E
2008-07-10,2008,7,10,,,,28.98,,,,,4N90E
2008-07-11,2008,7,11,,,,29.5,,,,,4N90E
2008-07-12,2008,7,12,,,,29.16,,,,,4N90E
2008-07-13,2008,7,13,,,,29.14,,,,,4N90E
2008-07-14,2008,7,14,,,,29.05,,,,,4N90E
2008-07-15,2008,7,15,,,,28.92,,,,,4N90E
2008-07-16,2008,7,16,,,,28.66,,,,,4N90E
2008-07-17,2008,7,17,,,,28.68,,,,,4N90E
2008-07-18,2008,7,18,,,,28.62,,,,,4N90E
2008-07-19,2008,7,19,,,,28.45,,,,,4N90E
2008-07-20,2008,7,20,,,,28.46,,,,,4N90E
2008-07-21,2008,7,21,,,,28.53,,,,,4N90E
2008-07-22,2008,7,22,,,,28.54,,,,,4N90E
2010-07-04,2010,7,4,,,,29.56,,,,,4N90E
2010-07-05,2010,7,5,277.93,-0.01,75.4,29.64,352.38,1002.7,0.02,0.0,4N90E
2010-07-06,2010,7,6,271.63,-0.01,76.6,29.53,350.73,1033.42,0.04,0.0,4N90E
2010-07-07,2010,7,7,260.47,0.01,77.7,29.54,349.98,1131.11,0.06,0.0,4N90E
2010-07-08,2010,7,8,196.76,0.13,79.1,29.44,285.39,1202.36,0.72,4.2,4N90E
2010-07-09,2010,7,9,268.71,0.03,78.4,29.49,353.55,989.9,0.21,2.1,4N90E
2010-07-10,2010,7,10,271.55,-0.01,78.0,29.45,353.68,1043.23,0.05,0.0,4N90E
2010-07-11,2010,7,11,155.93,0.0,77.7,29.46,196.72,759.96,0.04,0.0,4N90E
2010-07-12,2010,7,12,248.63,0.05,79.9,29.84,336.83,1034.7,0.29,2.1,4N90E
2010-07-13,2010,7,13,202.56,0.26,81.0,29.57,294.48,1012.09,1.25,7.7,4N90E
2010-07-14,2010,7,14,24.04,0.33,81.3,29.3,31.86,102.12,1.1,8.3,4N90E
2010-07-15,2010,7,15,71.53,0.31,81.0,29.2,97.87,424.22,0.89,10.4,4N90E
2010-07-16,2010,7,16,49.32,0.46,81.0,29.16,107.86,867.04,2.51,6.2,4N90E
2010-07-17,2010,7,17,178.62,0.2,80.2,29.16,280.64,1091.87,1.33,2.8,4N90E
2010-07-18,2010,7,18,256.86,0.1,79.9,29.15,346.1,988.62,0.57,3.5,4N90E
2010-07-19,2010,7,19,203.14,0.01,79.5,29.12,275.76,978.81,0.11,0.7,4N90E
2010-07-20,2010,7,20,203.2,0.03,79.9,29.12,273.41,982.65,0.38,0.7,4N90E
2010-07-21,2010,7,21,248.1,0.0,78.8,29.18,338.34,997.16,0.04,0.0,4N90E
2010-07-22,2010,7,22,263.91,-0.01,78.8,29.2,348.08,1096.56,0.03,0.0,4N90E
2010-07-23,2010,7,23,98.66,0.02,79.1,29.09,128.35,577.37,0.03,0.0,4N90E
2010-07-24,2010,7,24,178.59,0.01,79.5,29.1,231.43,919.94,0.09,0.7,4N90E
2010-07-25,2010,7,25,78.57,0.01,78.8,29.05,113.62,426.78,0.07,0.0,4N90E
2010-07-26,2010,7,26,251.25,0.01,79.9,29.12,324.18,960.89,0.02,0.0,4N90E
2010-07-27,2010,7,27,167.21,0.0,80.6,28.99,232.76,989.05,0.03,0.0,4N90E
2010-07-28,2010,7,28,,1.28,84.3,28.88,,,4.55,10.4,4N90E
2010-07-29,2010,7,29,,0.14,81.3,28.92,,,0.52,6.9,4N90E
2010-07-30,2010,7,30,,0.0,78.4,28.86,,,0.18,0.7,4N90E
2010-07-31,2010,7,31,,0.02,81.7,28.9,,,0.3,1.4,4N90E
2010-08-01,2010,8,1,,-0.01,81.7,28.88,,,0.01,0.0,4N90E
2010-08-02,2010,8,2,,-0.02,81.3,28.89,,,0.01,0.0,4N90E
2010-08-03,2010,8,3,,-0.02,79.9,28.82,,,0.02,0.0,4N90E
2010-08-04,2010,8,4,,0.07,79.9,28.86,,,0.96,1.4,4N90E
2010-08-05,2010,8,5,,-0.02,78.8,28.95,,,0.01,0.0,4N90E
2010-08-06,2010,8,6,,-0.02,80.2,28.89,,,0.01,0.0,4N90E
2010-08-07,2010,8,7,,-0.02,80.2,28.9,,,0.03,0.0,4N90E
2010-08-08,2010,8,8,,0.03,80.6,28.92,,,0.44,1.4,4N90E
2010-08-09,2010,8,9,,0.06,82.1,28.95,,,0.76,1.4,4N90E
2010-08-10,2010,8,10,,0.14,82.8,28.91,,,1.11,3.5,4N90E
2010-08-11,2010,8,11,,0.27,86.1,28.9,,,1.02,9.0,4N90E
2010-08-12,2010,8,12,,0.31,81.7,28.86,,,1.17,9.0,4N90E
2010-08-13,2010,8,13,,0.14,80.6,28.89,,,0.78,4.2,4N90E
2010-08-14,2010,8,14,,-0.01,79.9,28.8,,,0.05,0.0,4N90E
2010-08-15,2010,8,15,,0.67,85.0,28.68,,,2.21,16.0,4N90E
2010-08-16,2010,8,16,,0.12,81.7,28.68,,,0.51,6.2,4N90E
2010-08-17,2010,8,17,,-0.02,81.3,28.71,,,0.02,0.0,4N90E
2010-08-18,2010,8,18,,1.44,84.7,28.71,,,4.87,18.2,4N90E
2010-08-19,2010,8,19,,0.77,85.4,28.59,,,2.26,18.8,4N90E
2010-08-20,2010,8,20,,0.27,83.6,28.42,,,1.25,6.2,4N90E
2010-08-21,2010,8,21,,0.02,84.3,28.41,,,0.21,1.4,4N90E
2010-08-22,2010,8,22,,-0.01,83.2,28.37,,,0.02,0.0,4N90E
2010-08-23,2010,8,23,,-0.01,82.1,28.48,,,0.01,0.0,4N90E
2010-08-24,2010,8,24,,0.01,82.8,28.62,,,0.19,1.4,4N90E
2010-08-25,2010,8,25,,0.01,82.5,28.63,,,0.17,1.4,4N90E
2010-08-26,2010,8,26,,-0.01,81.3,28.67,,,0.01,0.0,4N90E
2010-08-27,2010,8,27,,0.08,80.6,28.71,,,0.74,1.4,4N90E
2010-08-28,2010,8,28,,-0.01,81.0,28.69,,,0.02,0.0,4N90E
2010-08-29,2010,8,29,,-0.01,79.9,28.76,,,0.04,0.0,4N90E
2010-08-30,2010,8,30,,0.0,79.9,28.85,,,0.14,0.7,4N90E
2010-08-31,2010,8,31,,0.2,81.0,28.83,,,1.39,3.5,4N90E
2010-09-01,2010,9,1,,-0.01,79.9,28.82,,,0.02,0.0,4N90E
2010-09-02,2010,9,2,,0.09,81.3,28.72,,,0.76,2.1,4N90E
2010-09-03,2010,9,3,,-0.02,79.5,28.63,,,0.01,0.0,4N90E
2010-09-04,2010,9,4,,-0.02,80.6,28.53,,,0.02,0.0,4N90E
2010-09-05,2010,9,5,,0.18,80.6,28.7,,,1.52,2.1,4N90E
2010-09-06,2010,9,6,,-0.01,80.6,28.78,,,0.01,0.0,4N90E
2010-09-07,2010,9,7,,-0.01,75.8,28.84,,,0.03,0.0,4N90E
2010-09-08,2010,9,8,,-0.01,75.4,28.86,,,0.04,0.0,4N90E
2010-09-09,2010,9,9,,0.64,81.0,29.03,,,2.72,5.6,4N90E
2010-09-10,2010,9,10,,-0.02,80.6,28.76,,,0.02,0.0,4N90E
2010-09-11,2010,9,11,,-0.01,76.9,28.87,,,0.04,0.0,4N90E
2010-09-12,2010,9,12,,-0.02,78.0,28.94,,,0.04,0.0,4N90E
2010-09-13,2010,9,13,,0.04,79.5,28.98,,,0.28,2.1,4N90E
2010-09-14,2010,9,14,,0.06,78.8,28.82,,,0.45,2.1,4N90E
2010-09-15,2010,9,15,,0.23,80.2,28.78,,,0.85,10.4,4N90E
2010-09-16,2010,9,16,,-0.02,81.0,28.76,,,0.02,0.0,4N90E
2010-09-17,2010,9,17,,0.04,81.0,28.76,,,0.33,2.1,4N90E
2010-09-18,2010,9,18,,-0.02,80.6,28.77,,,0.09,0.0,4N90E
2010-09-19,2010,9,19,,-0.01,81.3,28.73,,,0.05,0.0,4N90E
2010-09-20,2010,9,20,,0.09,82.8,28.73,,,0.38,5.6,4N90E
2010-09-21,2010,9,21,,-0.01,82.5,28.67,,,0.11,0.0,4N90E
2010-09-22,2010,9,22,,0.38,82.8,28.58,,,1.7,8.5,4N90E
2010-09-23,2010,9,23,,0.47,81.7,28.61,,,2.73,5.6,4N90E
2010-09-24,2010,9,24,,0.15,82.8,28.56,,,0.9,3.5,4N90E
2010-09-25,2010,9,25,,0.0,81.3,28.55,,,0.12,0.7,4N90E
2010-09-26,2010,9,26,,0.27,85.0,28.5,,,1.19,5.6,4N90E
2010-09-27,2010,9,27,,-0.01,82.8,28.59,,,0.03,0.0,4N90E
2010-09-28,2010,9,28,,1.03,86.1,28.52,,,3.45,16.5,4N90E
2010-09-29,2010,9,29,,0.09,84.7,28.49,,,0.34,1.4,4N90E
2010-09-30,2010,9,30,,0.02,84.3,28.48,,,0.08,0.0,4N90E
2010-10-01,2010,10,1,,0.04,83.2,28.65,,,0.21,1.4,4N90E
2010-10-02,2010,10,2,,0.24,84.7,28.59,,,1.29,5.6,4N90E
2010-10-03,2010,10,3,,0.83,86.9,28.45,,,2.78,15.3,4N90E
2010-10-04,2010,10,4,,0.01,82.5,28.46,,,0.17,0.7,4N90E
2010-10-05,2010,10,5,,0.16,82.1,28.42,,,0.75,5.6,4N90E
2010-10-06,2010,10,6,,-0.02,81.3,28.55,,,0.02,0.0,4N90E
2010-10-07,2010,10,7,,-0.02,78.4,28.59,,,0.04,0.0,4N90E
2010-10-08,2010,10,8,,-0.02,78.0,28.62,,,0.01,0.0,4N90E
2010-10-09,2010,10,9,,-0.02,80.2,28.61,,,0.01,0.0,4N90E
2010-10-10,2010,10,10,,0.0,81.0,28.58,,,0.17,0.7,4N90E
2010-10-11,2010,10,11,,-0.02,79.9,28.52,,,0.01,0.0,4N90E
2010-10-12,2010,10,12,,-0.03,79.9,28.53,,,0.02,0.0,4N90E
2010-10-13,2010,10,13,,-0.02,79.9,28.57,,,0.03,0.0,4N90E
2010-10-14,2010,10,14,,-0.02,79.5,28.53,,,0.01,0.0,4N90E
2010-10-15,2010,10,15,,-0.03,77.7,28.59,,,0.01,0.0,4N90E
2010-10-16,2010,10,16,,-0.02,74.3,28.52,,,0.01,0.0,4N90E
2010-10-17,2010,10,17,,-0.02,76.6,28.55,,,0.03,0.0,4N90E
2010-10-18,2010,10,18,,0.0,77.7,28.62,,,0.12,0.7,4N90E
2010-10-19,2010,10,19,,-0.01,74.7,28.67,,,0.02,0.0,4N90E
2010-10-20,2010,10,20,,-0.01,77.7,28.76,,,0.02,0.0,4N90E
2010-10-21,2010,10,21,,-0.03,74.3,28.72,,,0.02,0.0,4N90E
2010-10-22,2010,10,22,,0.01,75.1,28.66,,,0.29,1.4,4N90E
2010-10-23,2010,10,23,,-0.02,76.2,28.66,,,0.02,0.0,4N90E
2010-10-24,2010,10,24,,-0.02,76.6,28.69,,,0.01,0.0,4N90E
2010-10-25,2010,10,25,,-0.01,77.7,28.86,,,0.01,0.0,4N90E
2010-10-26,2010,10,26,,0.06,80.6,28.87,,,0.72,1.4,4N90E
2010-10-27,2010,10,27,,1.29,87.6,28.85,,,3.46,26.9,4N90E
2010-10-28,2010,10,28,,0.33,81.3,28.89,,,1.45,5.6,4N90E
2010-10-29,2010,10,29,,0.27,84.3,28.75,,,0.93,9.0,4N90E
2010-10-30,2010,10,30,,0.14,81.0,28.65,,,0.71,5.6,4N90E
2010-10-31,2010,10,31,,0.48,81.7,28.66,,,2.31,8.3,4N90E
2010-11-01,2010,11,1,,0.71,82.1,28.69,,,3.99,13.9,4N90E
2010-11-02,2010,11,2,,0.74,81.3,28.71,,,3.0,11.1,4N90E
2010-11-03,2010,11,3,,0.15,80.2,28.61,,,0.95,4.2,4N90E
2010-11-04,2010,11,4,,0.07,82.8,28.54,,,0.49,3.5,4N90E
2010-11-05,2010,11,5,,0.19,78.0,28.55,,,1.09,6.2,4N90E
2010-11-06,2010,11,6,,0.0,79.9,28.58,,,0.21,1.4,4N90E
2010-11-07,2010,11,7,,0.38,81.7,28.65,,,2.17,4.2,4N90E
2010-11-08,2010,11,8,,-0.01,81.3,28.49,,,0.04,0.0,4N90E
2010-11-09,2010,11,9,,0.04,83.6,28.55,,,0.26,1.4,4N90E
2010-11-10,2010,11,10,,2.32,89.8,28.26,,,4.3,31.9,4N90E
2010-11-11,2010,11,11,,0.35,83.2,28.35,,,1.11,11.8,4N90E
2010-11-12,2010,11,12,,-0.01,82.5,28.34,,,0.05,0.0,4N90E
2010-11-13,2010,11,13,,0.0,74.7,28.63,,,0.01,0.0,4N90E
2010-11-14,2010,11,14,,0.09,80.2,28.54,,,0.35,2.1,4N90E
2010-11-15,2010,11,15,,-0.01,80.2,28.61,,,0.01,0.0,4N90E
2010-11-16,2010,11,16,,0.0,81.3,28.61,,,0.01,0.0,4N90E
2010-11-17,2010,11,17,,0.0,78.4,28.8,,,0.05,0.0,4N90E
2010-11-18,2010,11,18,,0.58,82.8,28.83,,,3.27,5.6,4N90E
2010-11-19,2010,11,19,,0.21,82.1,28.64,,,1.01,5.6,4N90E
2010-11-20,2010,11,20,,0.22,80.2,28.77,,,1.58,3.5,4N90E
2010-11-21,2010,11,21,,0.02,83.2,28.86,,,0.12,0.0,4N90E
2010-11-22,2010,11,22,,0.73,86.9,28.57,,,2.04,16.0,4N90E
2010-11-23,2010,11,23,,0.94,86.9,28.45,,,2.08,23.6,4N90E
2010-11-24,2010,11,24,,1.38,90.2,28.31,,,2.98,25.7,4N90E
2010-11-25,2010,11,25,,0.35,86.1,28.29,,,1.68,7.6,4N90E
2010-11-26,2010,11,26,,2.32,91.7,28.27,,,5.16,34.0,4N90E
2010-11-27,2010,11,27,,-0.02,83.6,28.27,,,0.04,0.0,4N90E
2010-11-28,2010,11,28,,0.02,83.9,28.3,,,0.13,0.0,4N90E
2010-11-29,2010,11,29,,0.18,85.8,28.31,,,1.01,2.8,4N90E
2010-11-30,2010,11,30,,0.1,82.8,28.37,,,0.55,3.5,4N90E
2010-12-01,2010,12,1,,0.71,85.8,28.44,,,3.59,8.3,4N90E
2010-12-02,2010,12,2,,1.37,92.0,28.24,,,3.12,29.2,4N90E
2010-12-03,2010,12,3,,0.26,82.1,28.29,,,1.88,2.1,4N90E
2010-12-04,2010,12,4,,0.61,88.0,28.15,,,1.89,14.6,4N90E
2010-12-05,2010,12,5,,0.47,85.0,28.08,,,1.76,11.1,4N90E
2010-12-06,2010,12,6,,0.34,85.4,27.98,,,0.93,11.8,4N90E
2010-12-07,2010,12,7,,0.0,82.1,27.99,,,0.07,0.0,4N90E
2010-12-08,2010,12,8,,0.0,80.6,28.43,,,0.02,0.0,4N90E
2010-12-09,2010,12,9,,-0.01,78.0,28.53,,,0.02,0.0,4N90E
2010-12-10,2010,12,10,,-0.01,81.0,28.47,,,0.07,0.0,4N90E
2010-12-11,2010,12,11,,0.78,84.3,28.33,,,3.29,7.9,4N90E
2010-12-12,2010,12,12,,-0.01,82.1,28.26,,,0.02,0.0,4N90E
2010-12-13,2010,12,13,,0.11,81.0,28.32,,,0.95,2.1,4N90E
2010-12-14,2010,12,14,,-0.01,79.9,28.46,,,0.04,0.0,4N90E
2010-12-15,2010,12,15,,-0.01,73.6,28.45,,,0.04,0.0,4N90E
2010-12-16,2010,12,16,,-0.01,73.2,28.47,,,0.04,0.0,4N90E
2010-12-17,2010,12,17,,-0.02,72.9,28.62,,,0.02,0.0,4N90E
2010-12-18,2010,12,18,,0.25,75.4,28.75,,,2.1,2.1,4N90E
2010-12-19,2010,12,19,,0.34,82.5,28.68,,,2.12,4.2,4N90E
2010-12-20,2010,12,20,,0.32,82.8,28.54,,,1.56,4.2,4N90E
2010-12-21,2010,12,21,,-0.01,79.5,28.68,,,0.02,0.0,4N90E
2010-12-22,2010,12,22,,-0.01,79.9,28.7,,,0.02,0.0,4N90E
2010-12-23,2010,12,23,,0.28,81.7,28.72,,,1.36,5.6,4N90E
2010-12-24,2010,12,24,,0.44,83.2,28.68,,,1.79,9.0,4N90E
2010-12-25,2010,12,25,,0.15,84.7,28.56,,,0.63,5.6,4N90E
2010-12-26,2010,12,26,,0.0,79.5,28.67,,,0.05,0.0,4N90E
2010-12-27,2010,12,27,,0.13,80.6,28.79,,,1.02,2.1,4N90E
2010-12-28,2010,12,28,,-0.01,76.6,28.9,,,0.03,0.0,4N90E
2010-12-29,2010,12,29,,-0.01,76.2,28.9,,,0.02,0.0,4N90E
2010-12-30,2010,12,30,,0.27,78.4,29.11,,,2.35,2.8,4N90E
2010-12-31,2010,12,31,,0.0,81.3,28.92,,,0.01,0.0,4N90E
2011-01-01,2011,1,1,,0.0,78.8,29.11,,,0.01,0.0,4N90E
2011-01-02,2011,1,2,,0.01,77.7,29.16,,,0.07,0.0,4N90E
2011-01-03,2011,1,3,,1.44,89.1,28.92,,,3.8,20.8,4N90E
2011-01-04,2011,1,4,,1.82,91.7,28.81,,,5.85,16.7,4N90E
2011-01-05,2011,1,5,,0.36,86.5,28.56,,,1.8,6.9,4N90E
2011-01-06,2011,1,6,,0.46,88.0,28.7,,,2.3,15.1,4N90E
2011-01-07,2011,1,7,,0.29,80.2,28.64,,,1.39,21.4,4N90E
2011-01-08,2011,1,8,,0.04,82.5,28.77,,,0.36,1.4,4N90E
2011-01-09,2011,1,9,,0.32,84.3,28.66,,,2.02,4.9,4N90E
2011-01-10,2011,1,10,,0.08,81.0,28.65,,,0.43,2.8,4N90E
2011-01-11,2011,1,11,,0.24,81.3,28.52,,,1.47,4.9,4N90E
2011-01-12,2011,1,12,,0.06,78.4,28.56,,,0.61,2.1,4N90E
2011-01-13,2011,1,13,,-0.01,73.2,28.62,,,0.02,0.0,4N90E
2011-01-14,2011,1,14,,0.0,69.2,28.93,,,0.03,0.0,4N90E
2011-01-15,2011,1,15,,0.0,68.1,29.01,,,0.03,0.0,4N90E
2011-01-16,2011,1,16,,-0.01,70.3,29.0,,,0.07,0.0,4N90E
2011-01-17,2011,1,17,,-0.01,71.0,29.01,,,0.02,0.0,4N90E
2011-01-18,2011,1,18,,-0.02,75.1,29.01,,,0.06,0.0,4N90E
2011-01-19,2011,1,19,,-0.02,73.6,28.87,,,0.03,0.0,4N90E
2011-01-20,2011,1,20,,-0.02,69.9,28.7,,,0.01,0.0,4N90E
2011-01-21,2011,1,21,,-0.01,74.0,28.89,,,0.01,0.0,4N90E
2011-01-22,2011,1,22,,-0.02,73.2,28.72,,,0.01,0.0,4N90E
2011-01-23,2011,1,23,,0.05,78.8,28.77,,,0.53,1.4,4N90E
2011-01-24,2011,1,24,,0.01,79.9,28.73,,,0.25,1.4,4N90E
2011-01-25,2011,1,25,,0.01,79.5,28.85,,,0.25,0.7,4N90E
2011-01-26,2011,1,26,,0.01,80.6,28.94,,,0.15,0.7,4N90E
2011-01-27,2011,1,27,,0.0,75.4,29.3,,,0.02,0.0,4N90E
2011-01-28,2011,1,28,,0.74,82.1,29.18,,,3.11,5.6,4N90E
2011-01-29,2011,1,29,,-0.01,80.2,29.24,,,0.08,0.0,4N90E
2011-01-30,2011,1,30,,-0.02,78.0,29.3,,,0.06,0.0,4N90E
2011-01-31,2011,1,31,,2.8,85.0,29.07,,,8.43,19.0,4N90E
2011-02-01,2011,2,1,,0.46,81.3,29.24,,,0.92,20.1,4N90E
2011-02-02,2011,2,2,,0.18,82.8,28.93,,,1.44,3.5,4N90E
2011-02-03,2011,2,3,,0.0,82.8,29.11,,,0.02,0.0,4N90E
2011-02-04,2011,2,4,,0.0,72.5,29.7,,,0.01,0.0,4N90E
2011-02-05,2011,2,5,,-0.01,74.7,29.33,,,0.05,0.0,4N90E
2011-02-06,2011,2,6,,-0.02,75.4,29.27,,,0.05,0.0,4N90E
2011-02-07,2011,2,7,,-0.01,71.8,29.21,,,0.04,0.0,4N90E
2011-02-08,2011,2,8,,-0.01,69.5,29.47,,,0.04,0.0,4N90E
2011-02-09,2011,2,9,,0.99,83.6,29.29,,,4.89,9.2,4N90E
2011-02-10,2011,2,10,,0.94,90.9,28.49,,,1.73,23.6,4N90E
2011-02-11,2011,2,11,,0.02,83.9,28.82,,,0.26,0.7,4N90E
2011-02-12,2011,2,12,,1.08,92.0,28.96,,,3.09,19.0,4N90E
2011-02-13,2011,2,13,,0.35,87.6,28.94,,,1.46,7.7,4N90E
2011-02-14,2011,2,14,,1.59,87.6,28.82,,,6.03,27.8,4N90E
2011-02-15,2011,2,15,,0.61,79.1,29.17,,,3.95,4.9,4N90E
2011-02-16,2011,2,16,,0.02,77.7,29.16,,,0.21,0.7,4N90E
2011-02-17,2011,2,17,,0.0,75.8,29.2,,,0.01,0.0,4N90E
2011-02-18,2011,2,18,,0.47,78.8,29.3,,,3.86,2.1,4N90E
2011-02-19,2011,2,19,,0.0,78.0,29.61,,,0.07,0.0,4N90E
2011-02-20,2011,2,20,,-0.01,76.9,29.55,,,0.03,0.0,4N90E
2011-02-21,2011,2,21,,0.89,83.9,29.08,,,2.86,15.9,4N90E
2011-02-22,2011,2,22,,0.03,80.6,29.11,,,0.3,2.1,4N90E
2011-02-23,2011,2,23,,0.33,81.7,28.87,,,1.52,5.8,4N90E
2011-02-24,2011,2,24,,0.24,84.7,28.8,,,1.26,4.9,4N90E
2011-02-25,2011,2,25,,1.17,85.0,28.72,,,3.73,13.2,4N90E
2011-02-26,2011,2,26,,2.6,87.2,28.48,,,10.1,16.7,4N90E
2011-02-27,2011,2,27,,0.3,83.2,28.65,,,0.75,13.2,4N90E
2011-02-28,2011,2,28,,0.0,75.1,29.63,,,0.04,0.0,4N90E
2011-03-01,2011,3,1,,0.0,73.6,29.5,,,0.04,0.0,4N90E
2011-03-02,2011,3,2,,0.01,72.9,29.67,,,0.05,0.0,4N90E
2011-03-03,2011,3,3,,-0.02,74.0,29.53,,,0.06,0.0,4N90E
2011-03-04,2011,3,4,,-0.01,75.8,29.64,,,0.02,0.0,4N90E
2011-03-05,2011,3,5,,0.06,75.8,29.56,,,0.35,3.5,4N90E
2011-03-06,2011,3,6,,0.03,75.8,29.75,,,0.29,2.1,4N90E
2011-03-07,2011,3,7,,0.03,82.1,29.79,,,0.32,2.1,4N90E
2011-03-08,2011,3,8,,0.03,81.3,29.29,,,0.32,2.1,4N90E
2011-03-09,2011,3,9,,0.26,75.4,29.06,,,1.0,11.1,4N90E
2011-03-10,2011,3,10,,-0.01,77.7,29.09,,,0.05,0.0,4N90E
2011-03-11,2011,3,11,,-0.01,70.7,29.58,,,0.04,0.0,4N90E
2011-03-12,2011,3,12,,-0.01,71.4,29.82,,,0.02,0.0,4N90E
2011-03-13,2011,3,13,,0.0,68.8,30.09,,,0.07,0.0,4N90E
2011-03-14,2011,3,14,,-0.01,68.1,29.97,,,0.06,0.0,4N90E
2011-03-15,2011,3,15,,-0.01,71.8,29.97,,,0.03,0.0,4N90E
2011-03-16,2011,3,16,,-0.01,77.3,29.8,,,0.06,0.0,4N90E
2011-03-17,2011,3,17,,-0.02,76.2,29.75,,,0.04,0.0,4N90E
2011-03-18,2011,3,18,,-0.02,74.3,29.76,,,0.04,0.0,4N90E
2011-03-19,2011,3,19,,-0.02,72.1,29.89,,,0.06,0.0,4N90E
2011-03-20,2011,3,20,,-0.01,71.0,30.13,,,0.01,0.0,4N90E
2011-03-21,2011,3,21,,-0.01,67.7,30.04,,,0.04,0.0,4N90E
2011-03-22,2011,3,22,,0.0,69.5,29.99,,,0.07,0.0,4N90E
2011-03-23,2011,3,23,,-0.01,71.8,30.18,,,0.07,0.0,4N90E
2011-03-24,2011,3,24,,0.42,77.3,29.88,,,3.19,3.5,4N90E
2011-03-25,2011,3,25,,0.63,79.5,29.64,,,2.34,11.8,4N90E
2011-03-26,2011,3,26,,0.04,79.1,29.47,,,0.21,1.4,4N90E
2011-03-27,2011,3,27,,0.07,85.0,29.47,,,0.31,3.5,4N90E
2011-03-28,2011,3,28,,0.07,81.3,29.42,,,0.67,1.4,4N90E
2011-03-29,2011,3,29,,0.6,86.9,29.25,,,3.67,4.2,4N90E
2011-03-30,2011,3,30,,-0.02,80.6,29.27,,,0.01,0.0,4N90E
2011-03-31,2011,3,31,,0.0,81.0,29.23,,,0.1,0.7,4N90E
2011-04-01,2011,4,1,,0.38,74.7,29.44,,,3.28,2.8,4N90E
2011-04-02,2011,4,2,,-0.01,75.1,29.34,,,0.07,0.0,4N90E
2011-04-03,2011,4,3,,-0.03,73.2,29.38,,,0.03,0.0,4N90E
2011-04-04,2011,4,4,,-0.01,70.7,29.49,,,0.07,0.0,4N90E
2011-04-05,2011,4,5,,-0.01,67.0,29.98,,,0.05,0.0,4N90E
2011-04-06,2011,4,6,,0.0,69.2,29.91,,,0.02,0.0,4N90E
2011-04-07,2011,4,7,,-0.01,64.8,30.06,,,0.02,0.0,4N90E
2011-04-08,2011,4,8,,-0.01,65.9,29.96,,,0.02,0.0,4N90E
2011-04-09,2011,4,9,,0.0,67.3,30.27,,,0.06,0.0,4N90E
2011-04-10,2011,4,10,,-0.02,72.5,30.36,,,0.05,0.0,4N90E
2011-04-11,2011,4,11,,0.46,76.9,30.08,,,2.2,4.9,4N90E
2011-04-12,2011,4,12,,1.06,82.1,29.69,,,4.91,9.7,4N90E
2011-04-13,2011,4,13,,0.58,85.4,29.58,,,2.25,9.0,4N90E
2011-04-14,2011,4,14,,0.61,82.1,29.45,,,3.86,3.6,4N90E
2011-04-15,2011,4,15,,-0.01,77.7,29.6,,,0.08,0.0,4N90E
2011-04-16,2011,4,16,,0.0,72.9,30.02,,,0.09,0.0,4N90E
2011-04-17,2011,4,17,,1.28,83.6,29.86,,,4.61,12.7,4N90E
2011-04-18,2011,4,18,,0.14,88.3,29.58,,,0.6,6.2,4N90E
2011-04-19,2011,4,19,,-0.01,82.8,29.57,,,0.03,0.0,4N90E
2011-04-20,2011,4,20,,-0.01,81.0,29.67,,,0.08,0.0,4N90E
2011-04-21,2011,4,21,,0.0,80.6,29.85,,,0.02,0.0,4N90E
2011-04-22,2011,4,22,,-0.01,75.4,30.17,,,0.02,0.0,4N90E
2011-04-23,2011,4,23,,1.41,83.9,30.11,,,7.02,7.6,4N90E
2011-04-24,2011,4,24,,0.11,85.8,29.74,,,0.39,6.9,4N90E
2011-04-25,2011,4,25,,0.02,81.0,29.81,,,0.31,0.7,4N90E
2011-04-26,2011,4,26,,0.07,82.1,29.89,,,0.39,2.8,4N90E
2011-04-27,2011,4,27,,0.08,84.3,29.89,,,0.6,2.8,4N90E
2011-04-28,2011,4,28,,1.07,88.3,29.71,,,2.96,16.7,4N90E
2011-04-29,2011,4,29,,0.49,79.5,29.63,,,2.35,6.2,4N90E
2011-04-30,2011,4,30,,0.05,82.8,29.43,,,0.7,1.4,4N90E
2011-05-01,2011,5,1,,-0.02,78.8,29.49,,,0.05,0.0,4N90E
2011-05-02,2011,5,2,,0.0,80.2,29.54,,,0.05,0.0,4N90E
2011-05-03,2011,5,3,,0.17,81.0,29.53,,,1.34,2.1,4N90E
2011-05-04,2011,5,4,,0.53,82.8,29.45,,,2.74,6.9,4N90E
2011-05-05,2011,5,5,,0.0,83.2,29.35,,,0.24,1.4,4N90E
2011-05-06,2011,5,6,,3.96,91.7,29.23,,,6.87,42.3,4N90E
2011-05-07,2011,5,7,,0.24,87.2,29.07,,,1.36,5.1,4N90E
2011-05-08,2011,5,8,,0.0,85.0,29.01,,,0.27,0.7,4N90E
2011-05-09,2011,5,9,,0.28,86.1,28.88,,,1.87,3.5,4N90E
2011-05-10,2011,5,10,,0.01,82.8,28.94,,,0.22,0.7,4N90E
2011-05-11,2011,5,11,,0.01,81.7,29.22,,,0.19,0.7,4N90E
2011-05-12,2011,5,12,,-0.01,78.4,29.2,,,0.04,0.0,4N90E
2011-05-13,2011,5,13,,-0.01,77.7,29.45,,,0.03,0.0,4N90E
2011-05-14,2011,5,14,,0.12,78.4,29.71,,,0.94,2.1,4N90E
2011-05-15,2011,5,15,,0.39,78.8,29.8,,,2.5,3.5,4N90E
2011-05-16,2011,5,16,,0.0,74.3,29.92,,,0.09,0.0,4N90E
2011-05-17,2011,5,17,,0.0,76.6,29.66,,,0.01,0.0,4N90E
2011-05-18,2011,5,18,,-0.01,72.1,29.83,,,0.07,0.0,4N90E
2011-05-19,2011,5,19,,0.0,73.6,29.62,,,0.01,0.0,4N90E
2011-05-20,2011,5,20,,-0.01,72.5,29.7,,,0.02,0.0,4N90E
2011-05-21,2011,5,21,,-0.01,75.8,29.86,,,0.03,0.0,4N90E
2011-05-22,2011,5,22,,0.0,75.4,30.27,,,0.02,0.0,4N90E
2011-05-23,2011,5,23,,0.0,73.6,30.3,,,0.02,0.0,4N90E
2011-05-24,2011,5,24,,0.0,71.4,30.06,,,0.03,0.0,4N90E
2011-05-25,2011,5,25,,-0.01,72.9,29.98,,,0.06,0.0,4N90E
2011-05-26,2011,5,26,,0.0,77.3,29.88,,,0.12,0.0,4N90E
2011-05-27,2011,5,27,,0.28,83.2,29.63,,,1.09,8.5,4N90E
2011-05-28,2011,5,28,,1.99,88.3,29.48,,,4.86,34.0,4N90E
2011-05-29,2011,5,29,,0.1,82.5,29.46,,,1.08,2.1,4N90E
2011-05-30,2011,5,30,,0.24,83.9,29.39,,,1.04,6.9,4N90E
2011-05-31,2011,5,31,,0.04,81.0,29.45,,,0.48,1.4,4N90E
2011-06-01,2011,6,1,,0.27,83.6,29.38,,,1.81,2.8,4N90E
2011-06-02,2011,6,2,,0.0,83.6,29.4,,,0.13,0.7,4N90E
2011-06-03,2011,6,3,,0.0,81.0,29.4,,,0.22,0.7,4N90E
2011-06-04,2011,6,4,,-0.02,77.7,29.39,,,0.02,0.0,4N90E
2011-06-06,2011,6,6,223.96,0.0,76.0,29.37,307.25,1081.01,3.47,0.0,4N90E
2011-06-07,2011,6,7,268.42,0.0,76.8,29.37,340.71,1011.02,6.21,0.0,4N90E
2011-06-08,2011,6,8,277.22,,77.5,29.37,350.83,982.85,6.52,3.0,4N90E
2011-06-09,2011,6,9,201.95,0.0,78.3,29.33,255.31,925.18,3.29,2.0,4N90E
2011-06-10,2011,6,10,234.52,0.0,77.5,29.31,314.3,1069.13,2.74,1.0,4N90E
2011-06-11,2011,6,11,264.02,0.0,79.4,29.32,345.55,1122.39,5.79,2.0,4N90E
2011-06-12,2011,6,12,253.01,0.0,80.2,29.34,336.75,1044.48,4.87,0.0,4N90E
2011-06-13,2011,6,13,285.58,0.0,81.7,29.29,365.36,1033.91,3.11,2.0,4N90E
2011-06-14,2011,6,14,109.51,3.17,81.3,29.17,130.74,550.14,8.1,3.0,4N90E
2011-06-15,2011,6,15,184.78,0.0,80.6,29.19,290.53,1071.77,6.27,0.0,4N90E
2011-06-16,2011,6,16,278.54,0.0,80.2,29.21,365.36,1072.21,2.01,0.0,4N90E
2011-06-17,2011,6,17,291.75,0.0,79.8,29.19,368.88,1029.07,2.38,0.0,4N90E
2011-06-18,2011,6,18,294.83,0.0,79.4,29.17,372.84,989.01,4.81,0.0,4N90E
2011-06-19,2011,6,19,286.91,0.0,79.1,29.23,365.8,996.06,4.14,1.0,4N90E
2011-06-20,2011,6,20,269.74,0.0,80.6,29.19,353.91,1055.92,5.42,1.0,4N90E
2011-06-21,2011,6,21,289.99,0.0,81.3,29.21,369.32,1051.52,1.77,1.0,4N90E
2011-06-22,2011,6,22,256.97,0.0,79.1,29.22,356.56,1051.52,2.25,1.0,4N90E
2011-06-23,2011,6,23,279.86,0.0,78.7,29.32,360.52,1080.57,1.71,1.0,4N90E
2011-06-24,2011,6,24,258.29,0.0,78.7,29.28,326.18,976.25,5.91,1.0,4N90E
2011-06-25,2011,6,25,210.31,0.18,81.0,29.19,296.25,1009.26,5.3,4.0,4N90E
2011-06-26,2011,6,26,97.62,0.61,82.5,29.14,165.51,852.11,6.15,5.0,4N90E
2011-06-27,2011,6,27,211.63,0.06,82.5,29.11,279.08,911.1,2.92,1.0,4N90E
2011-06-28,2011,6,28,85.3,0.0,83.3,28.96,114.89,496.0,2.98,1.0,4N90E
2011-06-29,2011,6,29,36.88,0.24,83.3,28.89,62.95,409.72,4.57,6.0,4N90E
2011-06-30,2011,6,30,188.3,0.18,82.1,28.98,276.44,1105.66,3.9,1.0,4N90E
2011-07-01,2011,7,1,94.98,0.18,80.2,28.9,141.3,809.85,3.29,2.0,4N90E
2011-07-02,2011,7,2,220.88,0.06,81.7,28.88,312.98,1130.31,1.16,7.0,4N90E
2011-07-03,2011,7,3,201.95,0.0,80.2,28.86,277.76,1021.15,0.55,4.0,4N90E
2011-07-04,2011,7,4,160.13,,79.1,28.92,219.22,813.82,0.91,2.0,4N90E
2011-07-05,2011,7,5,259.61,0.0,77.9,28.9,342.47,1001.34,0.91,1.0,4N90E
2011-07-06,2011,7,6,277.66,0.0,75.3,28.99,353.91,969.2,0.49,0.0,4N90E
2011-07-07,2011,7,7,282.94,0.0,77.5,28.98,357.0,1091.58,0.37,0.0,4N90E
2011-07-08,2011,7,8,285.58,0.0,78.7,29.03,364.04,1037.87,0.67,0.0,4N90E
2011-07-09,2011,7,9,249.05,0.3,82.5,29.0,346.43,1140.88,3.11,4.0,4N90E
2011-07-10,2011,7,10,157.05,1.1,82.5,28.91,257.95,1037.87,7.06,7.0,4N90E
2011-07-11,2011,7,11,132.4,0.0,80.6,28.8,197.21,753.51,2.19,0.0,4N90E
2011-07-12,2011,7,12,154.85,0.24,81.3,28.72,220.54,868.4,2.98,3.0,4N90E
2011-07-13,2011,7,13,87.06,0.12,82.9,28.66,126.78,523.73,1.4,5.0,4N90E
2011-07-14,2011,7,14,77.37,0.24,83.3,28.61,113.13,699.37,4.99,3.0,4N90E
2011-07-15,2011,7,15,220.88,0.0,81.3,28.58,296.69,968.32,3.11,1.0,4N90E
2011-07-16,2011,7,16,254.33,0.0,79.1,28.6,333.23,1049.76,0.79,1.0,4N90E
2011-07-17,2011,7,17,293.07,0.0,79.4,28.7,370.64,1006.18,1.28,0.0,4N90E
2011-07-18,2011,7,18,284.7,0.0,79.1,28.78,365.36,1013.22,3.05,0.0,4N90E
2011-07-19,2011,7,19,272.82,0.0,81.3,28.78,343.79,936.63,1.46,0.0,4N90E
2011-07-20,2011,7,20,260.49,0.12,83.3,28.84,344.67,1049.76,2.74,1.0,4N90E
2011-07-21,2011,7,21,95.42,0.06,81.0,28.73,150.11,894.81,1.28,2.0,4N90E
2011-07-22,2011,7,22,262.69,0.0,80.6,28.82,338.95,1048.88,0.37,0.0,4N90E
2011-07-23,2011,7,23,231.88,0.0,81.0,28.79,322.22,1127.67,0.43,0.0,4N90E
2011-07-24,2011,7,24,70.77,0.97,84.0,28.69,91.56,425.13,47.32,19.0,4N90E
2011-07-25,2011,7,25,150.89,0.37,84.8,28.72,259.71,1178.73,38.19,4.0,4N90E
2011-07-26,2011,7,26,203.71,0.61,83.6,28.75,279.52,1306.83,4.02,8.0,4N90E
2011-07-27,2011,7,27,200.19,0.06,82.1,28.73,296.69,1168.61,2.25,2.0,4N90E
2011-07-28,2011,7,28,252.57,0.0,81.0,28.7,327.5,1347.33,0.73,1.0,4N90E
2011-07-29,2011,7,29,258.29,0.0,79.8,28.69,338.07,1205.59,0.37,0.0,4N90E
2011-07-30,2011,7,30,253.89,0.0,82.5,28.78,327.5,1072.21,0.43,0.0,4N90E
2011-07-31,2011,7,31,227.04,0.0,81.3,28.84,303.73,1078.37,0.37,0.0,4N90E
2011-08-01,2011,8,1,122.27,0.55,83.6,28.74,168.59,931.35,5.12,3.0,4N90E
2011-08-02,2011,8,2,141.2,0.06,82.5,28.74,202.49,1157.17,3.47,2.0,4N90E
2011-08-03,2011,8,3,289.11,0.0,80.6,28.97,378.13,1049.32,2.44,0.0,4N90E
2011-08-04,2011,8,4,279.86,0.0,81.0,28.94,374.6,1105.22,3.65,0.0,4N90E
2011-08-05,2011,8,5,278.54,0.0,79.4,28.75,372.84,1173.45,1.52,1.0,4N90E
2011-08-06,2011,8,6,300.55,0.0,78.7,29.01,378.57,1051.52,5.3,1.0,4N90E
2011-08-07,2011,8,7,290.87,0.12,81.7,28.88,379.89,1134.28,4.57,2.0,4N90E
2011-08-08,2011,8,8,274.14,0.0,80.6,28.84,364.48,1141.32,2.86,0.0,4N90E
2011-08-09,2011,8,9,241.13,0.0,81.0,28.83,334.11,1131.63,1.52,0.0,4N90E
2011-08-10,2011,8,10,254.33,0.0,79.8,28.87,350.39,1075.73,4.2,0.0,4N90E
2011-08-11,2011,8,11,283.82,0.0,80.2,28.88,378.57,1071.33,4.57,0.0,4N90E
2011-08-12,2011,8,12,303.63,0.43,82.5,28.98,390.01,1176.97,2.98,9.0,4N90E
2011-08-13,2011,8,13,175.1,0.0,78.7,28.95,240.34,1089.38,3.47,1.0,4N90E
2011-08-14,2011,8,14,201.51,0.55,82.1,28.91,266.32,1141.76,4.81,5.0,4N90E
2011-08-15,2011,8,15,186.98,0.06,80.2,28.59,288.77,1195.46,1.89,2.0,4N90E
2011-08-16,2011,8,16,295.71,0.0,80.6,28.67,389.57,1127.67,3.47,0.0,4N90E
2011-08-17,2011,8,17,234.08,0.0,81.7,28.71,329.26,1194.58,4.2,0.0,4N90E
2011-08-18,2011,8,18,282.5,0.0,82.1,28.76,371.08,1114.03,2.38,0.0,4N90E
2011-08-19,2011,8,19,270.62,0.43,81.0,28.77,369.32,1092.9,3.84,5.0,4N90E
2011-08-20,2011,8,20,243.77,0.0,79.4,28.78,312.98,1088.94,2.31,13.0,4N90E
2011-08-21,2011,8,21,291.31,,80.6,28.88,384.73,1148.36,1.1,1.0,4N90E
2011-08-22,2011,8,22,275.02,0.0,80.6,28.83,384.29,1172.13,1.1,0.0,4N90E
2011-08-23,2011,8,23,43.92,3.11,87.4,28.63,94.64,777.28,19.91,29.0,4N90E
2011-08-24,2011,8,24,71.21,0.12,79.4,28.57,91.56,421.6,2.98,4.0,4N90E
2011-08-25,2011,8,25,238.48,0.0,80.6,28.7,337.63,1395.31,1.4,0.0,4N90E
2011-08-26,2011,8,26,266.22,0.0,82.5,29.15,365.8,1119.31,3.71,0.0,4N90E
2011-08-27,2011,8,27,187.86,2.56,85.5,29.11,251.35,1147.48,0.0,12.0,4N90E
2011-08-28,2011,8,28,74.29,0.18,84.0,29.07,108.29,329.16,1.4,9.0,4N90E
2011-08-29,2011,8,29,216.47,0.0,79.8,29.05,286.57,1058.56,1.52,10.0,4N90E
2011-08-30,2011,8,30,282.5,0.0,79.8,29.01,376.8,1126.35,1.16,13.0,4N90E
2011-08-31,2011,8,31,298.35,0.0,81.3,29.06,384.29,1124.59,0.97,10.0,4N90E
2011-09-01,2011,9,1,227.48,0.0,81.7,29.02,328.82,1000.9,1.34,10.0,4N90E
2011-09-02,2011,9,2,258.73,,81.3,29.11,338.51,1079.25,1.64,14.0,4N90E
2011-09-03,2011,9,3,155.73,0.12,81.0,29.05,212.17,1033.47,1.77,3.0,4N90E
2011-09-04,2011,9,4,35.12,0.37,85.5,28.89,51.94,188.3,15.96,6.0,4N90E
2011-09-05,2011,9,5,224.4,0.24,84.4,29.0,351.27,1204.27,2.5,3.0,4N90E
2011-09-06,2011,9,6,193.58,0.0,81.3,29.01,276.0,1188.42,1.95,1.0,4N90E
2011-09-07,2011,9,7,270.62,0.0,80.2,29.1,363.16,1123.27,2.25,0.0,4N90E
2011-09-08,2011,9,8,253.45,0.12,77.5,29.2,325.74,1263.69,3.41,1.0,4N90E
2011-09-09,2011,9,9,285.14,0.12,80.6,29.17,386.49,1150.56,2.44,3.0,4N90E
2011-09-10,2011,9,10,100.7,1.16,83.6,28.98,174.32,947.19,5.6,20.0,4N90E
2011-09-11,2011,9,11,147.8,0.37,81.3,28.87,214.37,899.21,5.36,6.0,4N90E
2011-09-12,2011,9,12,235.84,0.0,78.7,28.83,314.3,1073.97,1.34,0.0,4N90E
2011-09-13,2011,9,13,161.45,0.12,82.5,28.8,241.67,1128.55,3.41,2.0,4N90E
2011-09-14,2011,9,14,220.0,0.0,82.1,28.73,324.86,1106.1,2.5,1.0,4N90E
2011-09-15,2011,9,15,162.77,0.18,83.3,28.72,229.34,963.92,3.47,3.0,4N90E
2011-09-16,2011,9,16,223.08,0.0,82.5,28.77,310.78,1256.21,1.95,0.0,4N90E
2011-09-17,2011,9,17,282.94,0.0,81.3,28.89,381.21,1224.96,2.19,0.0,4N90E
2011-09-18,2011,9,18,223.96,0.55,83.6,28.83,348.63,1229.36,2.86,10.0,4N90E
2011-09-19,2011,9,19,202.39,0.0,81.3,28.84,278.64,1162.45,4.2,0.0,4N90E
2011-09-20,2011,9,20,256.97,0.06,81.7,28.81,359.2,1176.97,1.83,2.0,4N90E
2011-09-21,2011,9,21,251.25,0.0,79.1,28.82,363.6,1199.86,2.19,0.0,4N90E
2011-09-22,2011,9,22,293.07,0.0,80.2,28.83,384.29,1164.65,6.21,0.0,4N90E
2011-09-23,2011,9,23,251.69,0.0,82.9,28.81,349.51,1126.35,2.19,0.0,4N90E
2011-09-24,2011,9,24,275.9,0.0,81.3,28.83,369.32,1209.55,1.71,0.0,4N90E
2011-09-25,2011,9,25,157.05,0.0,80.6,29.03,212.61,899.65,1.52,0.0,4N90E
2011-09-26,2011,9,26,237.16,0.24,79.1,29.13,350.39,1170.81,2.74,2.0,4N90E
2011-09-27,2011,9,27,260.49,0.0,81.7,29.04,349.07,1147.92,4.08,0.0,4N90E
2011-09-28,2011,9,28,160.57,0.06,82.5,28.82,210.85,686.16,2.74,1.0,4N90E
2011-09-29,2011,9,29,249.93,0.06,82.9,28.7,329.7,1125.47,3.05,1.0,4N90E
2011-09-30,2011,9,30,213.39,0.18,82.1,28.62,295.37,1067.81,4.63,3.0,4N90E
2011-10-01,2011,10,1,158.37,0.3,84.8,28.51,261.03,1118.43,2.68,4.0,4N90E
2011-10-02,2011,10,2,138.12,0.49,84.0,28.5,238.14,1002.22,4.87,2.0,4N90E
2011-10-03,2011,10,3,261.81,0.0,83.6,28.59,351.27,1292.74,4.02,0.0,4N90E
2011-10-04,2011,10,4,164.53,1.83,85.9,28.57,291.41,1073.09,10.35,10.0,4N90E
2011-10-05,2011,10,5,211.63,0.18,81.3,28.44,296.25,1000.9,7.13,1.0,4N90E
2011-10-06,2011,10,6,301.43,0.0,81.0,28.66,393.97,1158.05,1.95,0.0,4N90E
2011-10-07,2011,10,7,268.86,0.18,82.1,28.59,364.48,1177.41,3.65,2.0,4N90E
2011-10-08,2011,10,8,288.23,0.73,82.5,28.54,385.61,1147.48,33.8,4.0,4N90E
2011-10-09,2011,10,9,131.08,,84.8,28.43,226.7,1066.05,59.44,11.0,4N90E
2011-10-10,2011,10,10,37.76,2.44,89.7,28.41,79.23,594.6,8.77,36.0,4N90E
2011-10-11,2011,10,11,135.04,0.12,84.4,28.44,204.25,1210.87,2.31,3.0,4N90E
2011-10-12,2011,10,12,270.62,0.3,81.7,28.59,382.09,1289.66,5.36,2.0,4N90E
2011-10-13,2011,10,13,288.67,0.0,80.6,28.77,380.77,1121.95,3.05,0.0,4N90E
2011-10-14,2011,10,14,306.71,0.0,81.0,28.93,397.05,1123.71,2.44,0.0,4N90E
2011-10-15,2011,10,15,314.2,0.0,79.4,29.19,400.13,1133.4,1.34,0.0,4N90E
2011-10-16,2011,10,16,299.67,0.0,76.0,29.33,396.17,1155.84,1.71,0.0,4N90E
2011-10-17,2011,10,17,289.55,0.0,72.6,29.29,382.97,1112.71,2.62,0.0,4N90E
2011-10-18,2011,10,18,271.5,0.0,75.6,29.48,371.52,1232.0,1.95,1.0,4N90E
2011-10-19,2011,10,19,219.12,0.43,79.8,29.47,339.39,1283.5,5.66,6.0,4N90E
2011-10-20,2011,10,20,82.22,1.58,83.6,29.02,124.57,720.93,6.7,17.0,4N90E
2011-10-21,2011,10,21,221.76,0.0,81.3,29.24,320.9,1186.66,1.34,0.0,4N90E
2011-10-22,2011,10,22,273.7,0.12,81.0,29.13,357.88,1083.21,2.31,2.0,4N90E
2011-10-23,2011,10,23,48.76,0.43,82.5,28.93,78.79,309.8,4.14,8.0,4N90E
2011-10-24,2011,10,24,249.05,0.0,78.3,29.29,324.86,1052.4,1.58,0.0,4N90E
2011-10-25,2011,10,25,284.26,0.24,81.7,29.42,371.52,1191.5,2.07,3.0,4N90E
2011-10-26,2011,10,26,244.65,0.91,84.8,29.43,374.16,1165.97,15.65,15.0,4N90E
2011-10-27,2011,10,27,117.87,0.0,84.0,29.21,178.72,742.94,2.92,1.0,4N90E
2011-10-28,2011,10,28,248.17,0.0,81.0,29.35,368.88,1391.35,2.25,0.0,4N90E
2011-10-29,2011,10,29,216.03,0.06,82.1,29.62,313.86,1123.27,2.56,3.0,4N90E
2011-10-30,2011,10,30,232.32,0.0,84.0,29.31,323.98,1301.99,1.83,1.0,4N90E
2011-10-31,2011,10,31,207.67,0.61,85.9,29.13,315.18,1372.86,5.24,5.0,4N90E
2011-11-01,2011,11,1,69.01,1.46,82.5,28.96,106.53,415.88,6.27,13.0,4N90E
2011-11-02,2011,11,2,50.08,2.25,87.8,28.9,88.04,431.73,12.12,26.0,4N90E
2011-11-03,2011,11,3,204.15,0.18,81.3,28.88,290.53,1109.62,2.68,1.0,4N90E
2011-11-04,2011,11,4,106.87,0.0,80.2,28.92,149.23,815.14,2.38,0.0,4N90E
2011-11-05,2011,11,5,108.63,0.06,81.7,28.92,186.2,1088.94,3.05,1.0,4N90E
2011-11-06,2011,11,6,219.12,0.0,80.2,29.08,317.82,1180.06,3.53,0.0,4N90E
2011-11-07,2011,11,7,269.3,0.06,81.0,29.2,364.48,1099.06,7.8,1.0,4N90E
2011-11-08,2011,11,8,270.62,0.0,81.3,29.04,362.28,1167.73,1.95,0.0,4N90E
2011-11-09,2011,11,9,282.94,0.0,79.1,29.0,377.24,1093.34,2.01,0.0,4N90E
2011-11-10,2011,11,10,242.89,1.22,84.8,29.0,353.47,1382.54,7.98,10.0,4N90E
2011-11-11,2011,11,11,79.57,0.73,84.8,28.72,114.45,420.28,4.57,8.0,4N90E
2011-11-12,2011,11,12,188.74,0.0,82.1,28.87,289.21,1147.92,2.56,1.0,4N90E
2011-11-13,2011,11,13,228.36,0.0,75.6,29.28,338.07,1101.26,2.13,0.0,4N90E
2011-11-14,2011,11,14,278.1,0.0,73.0,29.43,358.32,1025.99,3.71,0.0,4N90E
2011-11-15,2011,11,15,297.47,0.0,77.5,29.22,380.33,1086.73,2.74,0.0,4N90E
2011-11-16,2011,11,16,288.23,0.0,79.4,29.44,371.52,1106.54,1.46,0.0,4N90E
2011-11-17,2011,11,17,285.58,0.0,81.3,29.43,377.24,1135.6,0.85,0.0,4N90E
2011-11-18,2011,11,18,241.13,0.0,77.9,29.52,348.19,1105.22,3.05,0.0,4N90E
2011-11-19,2011,11,19,280.74,0.0,79.4,29.59,369.32,1062.08,1.46,0.0,4N90E
2011-11-20,2011,11,20,274.14,0.91,82.1,29.58,368.0,1078.81,10.35,5.0,4N90E
2011-11-21,2011,11,21,253.89,0.06,84.0,29.61,343.79,1224.07,2.5,2.0,4N90E
2011-11-22,2011,11,22,244.65,0.0,83.3,29.57,340.27,1222.31,3.29,1.0,4N90E
2011-11-23,2011,11,23,143.84,2.31,88.2,29.41,252.23,1209.55,46.29,22.0,4N90E
2011-11-24,2011,11,24,222.2,0.43,84.0,29.62,320.02,1210.43,3.78,4.0,4N90E
2011-11-25,2011,11,25,257.85,0.91,83.3,29.86,347.31,1081.45,5.24,9.0,4N90E
2011-11-26,2011,11,26,33.35,0.55,84.0,29.53,50.18,248.61,2.31,15.0,4N90E
2011-11-27,2011,11,27,150.01,0.0,80.6,29.42,199.85,945.87,2.5,0.0,4N90E
2011-11-28,2011,11,28,193.58,0.18,84.8,29.18,267.64,973.17,8.34,1.0,4N90E
2011-11-29,2011,11,29,241.13,,85.2,29.22,342.03,1176.53,56.64,8.0,4N90E
2011-11-30,2011,11,30,106.43,1.34,91.3,29.23,199.85,1223.63,62.24,18.0,4N90E
2011-12-01,2011,12,1,54.04,0.55,83.3,29.2,78.35,350.29,7.43,2.0,4N90E
2011-12-02,2011,12,2,200.19,0.0,77.5,29.24,290.97,1057.24,1.52,0.0,4N90E
2011-12-03,2011,12,3,287.35,0.0,77.5,29.24,372.84,1017.18,1.77,0.0,4N90E
2011-12-04,2011,12,4,283.38,0.0,76.8,29.51,366.24,978.89,5.18,0.0,4N90E
2011-12-05,2011,12,5,286.03,0.0,77.9,29.42,367.56,1088.06,4.45,0.0,4N90E
2011-12-06,2011,12,6,282.5,0.0,77.5,29.41,365.8,1052.4,2.92,0.0,4N90E
2011-12-07,2011,12,7,284.26,0.0,78.3,29.36,371.96,1062.96,5.72,0.0,4N90E
2011-12-08,2011,12,8,223.96,0.12,83.3,29.36,314.3,1211.31,9.26,2.0,4N90E
2011-12-09,2011,12,9,278.98,0.0,81.0,29.51,360.08,1120.63,3.05,0.0,4N90E
2011-12-10,2011,12,10,279.42,0.0,79.4,29.53,363.6,1129.87,2.68,0.0,4N90E
2011-12-11,2011,12,11,179.94,0.24,81.0,29.58,250.47,965.24,13.76,3.0,4N90E
2011-12-12,2011,12,12,76.93,0.12,84.0,29.41,114.01,397.39,2.92,5.0,4N90E
2011-12-13,2011,12,13,107.75,0.0,84.4,29.37,169.91,1087.62,6.94,0.0,4N90E
2011-12-14,2011,12,14,273.26,0.0,78.7,29.45,370.2,1184.46,1.83,0.0,4N90E
2011-12-15,2011,12,15,214.71,0.49,84.8,29.47,314.3,1135.6,4.14,8.0,4N90E
2011-12-16,2011,12,16,131.08,0.06,83.3,29.31,185.76,957.32,0.85,2.0,4N90E
2011-12-17,2011,12,17,202.39,0.43,84.0,29.4,331.46,1296.27,3.17,8.0,4N90E
2011-12-18,2011,12,18,240.25,0.24,82.1,29.62,328.38,1147.48,3.11,3.0,4N90E
2011-12-19,2011,12,19,231.44,0.06,83.3,29.59,339.39,1160.25,6.15,4.0,4N90E
2011-12-20,2011,12,20,64.61,0.97,87.8,29.47,99.04,647.42,11.21,10.0,4N90E
2011-12-21,2011,12,21,267.98,0.0,79.8,29.63,350.39,1134.28,2.8,0.0,4N90E
2011-12-22,2011,12,22,87.5,1.04,87.4,29.44,124.57,675.15,4.81,14.0,4N90E
2011-12-23,2011,12,23,56.24,0.73,87.1,29.37,84.52,374.06,4.57,12.0,4N90E
2011-12-24,2011,12,24,163.65,0.3,82.9,29.23,232.42,890.85,4.51,2.0,4N90E
2011-12-25,2011,12,25,164.09,0.18,83.3,29.06,246.07,1043.6,3.41,3.0,4N90E
2011-12-26,2011,12,26,231.44,0.0,81.0,28.93,323.1,984.61,2.98,0.0,4N90E
2011-12-27,2011,12,27,211.63,0.0,75.6,28.85,273.36,1017.18,2.62,0.0,4N90E
2011-12-28,2011,12,28,274.58,0.0,71.4,29.02,357.44,973.17,2.25,0.0,4N90E
2011-12-29,2011,12,29,293.07,0.0,63.1,28.98,379.01,1019.83,1.58,0.0,4N90E
2011-12-30,2011,12,30,298.35,0.0,66.5,29.19,381.65,1022.47,2.01,0.0,4N90E
2011-12-31,2011,12,31,266.22,0.0,73.3,29.31,357.88,995.17,1.4,0.0,4N90E
2012-01-01,2012,1,1,263.14,0.0,75.6,29.25,339.83,1032.15,1.64,0.0,4N90E
2012-01-02,2012,1,2,133.28,0.0,77.9,28.98,187.08,841.99,1.77,0.0,4N90E
2012-01-03,2012,1,3,280.74,0.0,78.3,29.24,362.28,1021.59,2.98,0.0,4N90E
2012-01-04,2012,1,4,234.52,0.0,78.7,29.5,323.54,1110.95,0.67,1.0,4N90E
2012-01-05,2012,1,5,242.45,0.06,77.5,29.65,335.43,1184.9,0.91,1.0,4N90E
2012-01-06,2012,1,6,271.06,0.61,76.8,29.59,355.68,1086.29,2.8,10.0,4N90E
2012-01-07,2012,1,7,152.65,0.06,81.7,29.32,228.02,1146.6,2.01,15.0,4N90E
2012-01-08,2012,1,8,257.41,0.0,78.3,29.29,358.76,1146.16,0.67,4.0,4N90E
2012-01-09,2012,1,9,270.62,0.0,76.8,29.23,360.08,1026.43,0.79,9.0,4N90E
2012-01-10,2012,1,10,263.58,,79.4,29.23,357.44,993.41,0.67,2.0,4N90E
2012-01-11,2012,1,11,234.52,0.85,82.5,29.48,316.06,1017.62,5.91,6.0,4N90E
2012-01-12,2012,1,12,243.77,0.0,80.6,29.18,327.06,1218.35,1.34,0.0,4N90E
2012-01-13,2012,1,13,207.23,0.0,81.7,29.17,280.84,999.14,2.86,0.0,4N90E
2012-01-14,2012,1,14,195.79,0.06,83.3,29.1,281.28,1006.62,4.69,1.0,4N90E
2012-01-15,2012,1,15,201.51,0.0,84.0,29.12,284.36,1146.6,1.28,0.0,4N90E
2012-01-16,2012,1,16,97.18,0.24,87.4,29.06,143.94,632.02,2.19,5.0,4N90E
2012-01-17,2012,1,17,241.13,0.0,83.6,29.12,327.06,1052.4,2.25,0.0,4N90E
2012-01-18,2012,1,18,216.03,0.0,81.7,29.16,320.02,1209.99,2.92,0.0,4N90E
2012-01-19,2012,1,19,275.02,0.0,74.1,29.49,364.48,1089.38,2.13,0.0,4N90E
2012-01-20,2012,1,20,269.3,0.0,71.8,29.42,358.32,1141.32,1.89,0.0,4N90E
2012-01-21,2012,1,21,273.26,0.0,70.7,29.37,361.4,1025.55,1.04,0.0,4N90E
2012-01-22,2012,1,22,272.38,0.0,73.3,29.39,363.16,1069.57,2.07,0.0,4N90E
2012-01-23,2012,1,23,256.53,0.0,75.3,29.27,349.95,1081.45,1.46,0.0,4N90E
2012-01-24,2012,1,24,220.0,0.0,77.2,29.11,285.68,999.58,1.71,0.0,4N90E
2012-01-25,2012,1,25,194.47,0.0,80.2,28.92,275.56,1214.39,2.56,0.0,4N90E
2012-01-26,2012,1,26,242.01,0.18,79.8,28.92,356.12,1157.61,3.65,2.0,4N90E
2012-01-27,2012,1,27,208.11,0.0,81.7,28.9,273.8,944.11,0.43,0.0,4N90E
2012-01-28,2012,1,28,244.21,0.0,81.0,29.01,329.26,964.36,1.4,0.0,4N90E
2012-01-29,2012,1,29,228.8,0.0,79.1,29.07,317.82,1049.76,1.89,0.0,4N90E
2012-01-30,2012,1,30,212.07,0.0,77.2,28.92,300.21,1112.71,1.77,0.0,4N90E
2012-01-31,2012,1,31,243.77,0.0,79.1,28.91,333.23,1108.3,2.25,0.0,4N90E
2012-02-01,2012,2,1,245.97,0.0,80.2,29.05,331.9,1091.58,2.8,0.0,4N90E
2012-02-02,2012,2,2,235.84,0.0,80.6,29.18,329.7,1109.62,1.83,0.0,4N90E
2012-02-03,2012,2,3,231.0,0.0,82.9,29.07,337.63,1194.58,1.71,0.0,4N90E
2012-02-04,2012,2,4,282.5,0.0,79.8,29.54,380.33,1160.69,1.83,0.0,4N90E
2012-02-05,2012,2,5,96.3,0.24,82.9,29.1,147.46,817.34,3.59,2.0,4N90E
2012-02-06,2012,2,6,287.35,0.3,84.0,29.29,388.69,1295.39,3.17,2.0,4N90E
2012-02-07,2012,2,7,290.43,0.0,80.2,29.39,398.37,1373.74,1.4,0.0,4N90E
2012-02-08,2012,2,8,300.55,0.0,77.9,29.47,391.77,1153.64,3.29,0.0,4N90E
2012-02-09,2012,2,9,257.41,0.0,79.8,29.22,358.32,1123.71,2.01,0.0,4N90E
2012-02-10,2012,2,10,184.78,0.67,82.1,29.18,273.8,1335.0,18.57,6.0,4N90E
2012-02-11,2012,2,11,221.76,0.06,81.0,29.16,315.62,1311.23,4.08,2.0,4N90E
2012-02-12,2012,2,12,161.45,0.06,85.5,29.11,254.87,1122.83,7.67,4.0,4N90E
2012-02-13,2012,2,13,155.29,0.12,84.4,29.2,246.95,952.48,6.64,1.0,4N90E
2012-02-14,2012,2,14,127.56,0.06,84.0,29.3,182.24,765.83,2.07,2.0,4N90E
2012-02-15,2012,2,15,141.2,0.24,84.4,29.18,246.95,878.96,8.83,6.0,4N90E
2012-02-16,2012,2,16,137.24,0.0,80.6,29.12,185.76,831.42,0.91,0.0,4N90E
2012-02-17,2012,2,17,245.97,0.0,79.8,29.48,354.79,1092.46,1.28,0.0,4N90E
2012-02-18,2012,2,18,131.52,0.0,80.6,29.22,164.19,601.2,2.25,0.0,4N90E
2012-02-19,2012,2,19,257.41,0.0,79.1,29.25,369.32,,1.28,0.0,4N90E
2012-02-20,2012,2,20,249.93,0.0,80.6,29.35,341.59,1078.81,2.62,0.0,4N90E
2012-02-21,2012,2,21,220.44,0.06,82.5,29.32,329.7,1197.66,2.56,2.0,4N90E
2012-02-22,2012,2,22,177.74,0.97,87.1,29.3,255.31,1003.54,0.0,11.0,4N90E
2012-02-23,2012,2,23,172.46,0.12,85.5,29.37,253.55,1083.21,1.52,4.0,4N90E
2012-02-24,2012,2,24,16.63,2.62,91.3,29.12,25.09,183.9,70.65,20.0,4N90E
2012-02-25,2012,2,25,177.74,0.0,82.1,29.15,247.39,912.42,1.4,0.0,4N90E
2012-02-26,2012,2,26,216.91,0.67,84.0,29.31,342.91,1272.94,25.76,1.0,4N90E
2012-02-27,2012,2,27,213.39,0.91,85.2,29.38,290.09,1207.79,14.49,8.0,4N90E
2012-02-28,2012,2,28,96.74,0.61,86.7,29.11,169.47,1322.68,4.2,9.0,4N90E
2012-02-29,2012,2,29,190.5,0.0,81.7,29.01,302.85,1343.81,3.47,10.0,4N90E
2012-03-01,2012,3,1,291.75,0.0,80.2,29.05,408.94,1371.98,2.62,10.0,4N90E
2012-03-02,2012,3,2,282.94,0.0,79.1,29.32,372.84,1162.45,1.77,6.0,4N90E
2012-03-03,2012,3,3,163.65,0.24,80.6,29.16,221.86,933.99,4.14,5.0,4N90E
2012-03-04,2012,3,4,60.21,2.13,86.3,28.94,91.56,322.56,16.2,11.0,4N90E
2012-03-05,2012,3,5,137.68,0.0,80.6,28.98,192.36,729.3,1.4,0.0,4N90E
2012-03-06,2012,3,6,179.5,0.0,79.8,28.9,276.88,1269.85,1.46,0.0,4N90E
2012-03-07,2012,3,7,173.34,0.0,73.7,28.71,234.62,906.7,2.25,0.0,4N90E
2012-03-08,2012,3,8,176.42,0.0,71.4,28.47,255.31,959.52,1.16,0.0,4N90E
2012-03-09,2012,3,9,190.06,0.0,75.6,28.54,255.75,1077.49,2.44,0.0,4N90E
2012-03-10,2012,3,10,299.23,0.0,68.0,28.8,390.45,1248.29,2.74,0.0,4N90E
2012-03-11,2012,3,11,277.22,0.0,71.8,29.29,377.68,1038.31,4.51,0.0,4N90E
2012-03-12,2012,3,12,226.6,0.0,82.1,29.19,324.42,1158.93,1.89,0.0,4N90E
2012-03-13,2012,3,13,284.26,0.0,83.6,29.17,368.0,1204.71,1.89,0.0,4N90E
2012-03-14,2012,3,14,269.74,0.0,82.5,29.44,362.28,1110.06,2.01,0.0,4N90E
2012-03-15,2012,3,15,311.56,0.0,79.1,29.89,394.85,1186.66,2.98,0.0,4N90E
2012-03-16,2012,3,16,287.79,0.0,80.2,29.73,386.49,1134.72,0.85,0.0,4N90E
2012-03-17,2012,3,17,244.21,0.0,79.4,29.75,349.51,1220.99,3.53,0.0,4N90E
2012-03-18,2012,3,18,298.35,0.0,77.2,29.85,395.73,1094.22,3.11,0.0,4N90E
2012-03-19,2012,3,19,307.15,0.0,74.9,29.97,393.09,1183.14,1.83,0.0,4N90E
2012-03-20,2012,3,20,266.22,0.0,73.3,30.04,381.65,1096.42,3.11,0.0,4N90E
2012-03-21,2012,3,21,309.36,0.0,74.1,29.97,398.81,1066.49,4.14,0.0,4N90E
2012-03-22,2012,3,22,301.43,0.0,70.7,29.88,396.17,1054.6,2.19,0.0,4N90E
2012-03-23,2012,3,23,299.67,0.0,71.1,29.93,390.89,1180.06,2.74,0.0,4N90E
2012-03-24,2012,3,24,314.2,0.79,73.7,29.91,402.34,1075.29,6.27,5.0,4N90E
2012-03-25,2012,3,25,105.11,1.22,87.4,29.65,195.45,955.56,33.19,30.0,4N90E
2012-03-26,2012,3,26,164.97,0.85,83.3,29.17,220.1,893.05,5.91,4.0,4N90E
2012-03-27,2012,3,27,304.07,0.55,83.3,29.22,409.38,1113.59,5.12,3.0,4N90E
2012-03-28,2012,3,28,249.93,0.0,85.5,29.21,327.94,1121.95,1.4,1.0,4N90E
2012-03-29,2012,3,29,328.72,0.18,77.5,29.96,419.06,1220.99,2.74,2.0,4N90E
2012-03-30,2012,3,30,223.08,0.0,82.1,29.58,372.84,1195.46,0.61,3.0,4N90E
2012-03-31,2012,3,31,112.15,0.0,83.6,29.54,161.99,687.04,0.85,5.0,4N90E
2012-04-01,2012,4,1,308.03,0.0,76.4,30.07,397.05,1076.61,0.3,0.0,4N90E
2012-04-02,2012,4,2,271.06,0.0,78.3,30.12,366.68,1144.84,0.97,0.0,4N90E
2012-04-03,2012,4,3,318.16,0.0,76.8,30.04,403.66,1191.06,0.37,0.0,4N90E
2012-04-04,2012,4,4,300.11,0.0,79.4,29.83,398.81,1108.3,0.43,0.0,4N90E
2012-04-05,2012,4,5,116.99,0.12,83.6,29.64,176.96,1152.32,1.46,10.0,4N90E
2012-04-06,2012,4,6,293.95,0.06,80.6,30.21,392.21,1266.33,0.91,2.0,4N90E
2012-04-07,2012,4,7,318.16,0.0,76.8,30.35,398.81,1119.31,3.65,1.0,4N90E
2012-04-08,2012,4,8,108.63,0.06,82.5,29.71,134.26,418.08,2.19,1.0,4N90E
2012-04-09,2012,4,9,277.22,0.12,84.0,29.82,382.53,1191.06,4.99,2.0,4N90E
2012-04-10,2012,4,10,136.8,0.0,81.3,29.87,182.68,841.99,4.57,0.0,4N90E
2012-04-11,2012,4,11,324.76,0.0,78.7,30.28,415.1,1228.48,3.9,0.0,4N90E
2012-04-12,2012,4,12,209.87,0.0,80.6,30.03,295.81,1070.45,2.5,0.0,4N90E
2012-04-13,2012,4,13,104.67,0.12,82.9,29.89,156.27,1125.47,3.17,4.0,4N90E
2012-04-14,2012,4,14,220.88,0.12,81.3,30.12,313.42,1173.45,2.44,1.0,4N90E
2012-04-15,2012,4,15,130.2,0.12,81.7,30.01,207.33,1130.31,6.03,5.0,4N90E
2012-04-16,2012,4,16,283.38,0.24,80.2,30.07,377.24,1097.3,4.02,2.0,4N90E
2012-04-17,2012,4,17,101.58,1.83,86.7,29.93,183.56,817.78,11.02,14.0,4N90E
2012-04-18,2012,4,18,98.5,0.18,85.9,29.77,173.0,787.4,2.25,5.0,4N90E
2012-04-19,2012,4,19,226.6,0.61,86.7,29.8,325.3,1207.79,3.11,8.0,4N90E
2012-04-20,2012,4,20,176.42,0.0,82.5,29.62,231.98,1029.51,1.64,0.0,4N90E
2012-04-21,2012,4,21,224.4,0.06,80.2,29.67,348.63,1284.82,3.84,1.0,4N90E
2012-04-22,2012,4,22,308.03,0.06,82.1,29.76,395.29,1133.4,8.65,2.0,4N90E
2012-04-23,2012,4,23,214.27,0.06,83.3,29.78,327.94,1176.97,2.31,4.0,4N90E
2012-04-24,2012,4,24,277.22,0.0,81.7,30.09,384.73,1314.75,1.4,0.0,4N90E
2012-04-25,2012,4,25,302.31,0.0,80.2,30.0,383.85,1120.19,4.63,0.0,4N90E
2012-04-26,2012,4,26,304.51,0.0,76.8,30.37,385.61,1032.59,1.58,0.0,4N90E
2012-04-27,2012,4,27,273.26,0.67,83.3,30.16,380.77,1160.25,4.69,5.0,4N90E
2012-04-28,2012,4,28,23.67,3.41,89.0,29.8,36.1,195.35,16.57,38.0,4N90E
2012-04-29,2012,4,29,132.4,0.0,76.4,29.68,187.52,796.21,0.37,1.0,4N90E
2012-04-30,2012,4,30,65.93,0.43,87.8,29.57,90.24,364.82,44.03,10.0,4N90E
2012-05-01,2012,5,1,157.49,0.0,84.8,29.58,225.38,930.47,2.98,1.0,4N90E
2012-05-02,2012,5,2,298.79,0.06,83.6,29.67,395.73,1108.3,4.93,1.0,4N90E
2012-05-03,2012,5,3,203.27,0.0,84.4,29.69,305.93,1213.07,1.04,0.0,4N90E
2012-05-04,2012,5,4,106.87,1.64,82.5,29.61,151.43,677.36,62.06,1.0,4N90E
2012-05-05,2012,5,5,151.33,0.0,83.3,29.61,220.98,1333.24,3.29,0.0,4N90E
2012-05-06,2012,5,6,299.23,0.0,82.1,29.67,385.61,1107.42,1.1,0.0,4N90E
2012-05-07,2012,5,7,234.52,0.0,79.1,29.61,294.05,803.25,1.71,0.0,4N90E
2012-05-08,2012,5,8,293.95,0.0,80.6,29.67,374.16,1035.67,1.28,0.0,4N90E
2012-05-09,2012,5,9,238.48,0.0,82.1,29.7,326.62,1151.88,2.01,0.0,4N90E
2012-05-10,2012,5,10,303.19,0.0,80.6,30.01,381.21,1014.98,2.98,0.0,4N90E
2012-05-12,2012,5,12,265.72,0.0,81.4,29.87,351.85,1148.16,5.41,1.0,4N90E
2012-05-13,2012,5,13,270.41,0.0,81.4,29.97,379.06,1096.55,6.14,2.0,4N90E
2012-05-14,2012,5,14,260.55,0.0,80.6,29.83,364.99,1173.96,9.37,2.0,4N90E
2012-05-15,2012,5,15,215.52,0.0,79.8,29.85,298.37,1118.6,9.61,1.0,4N90E
2012-05-16,2012,5,16,282.6,0.06,79.8,29.82,367.33,1057.15,3.95,1.0,4N90E
2012-05-17,2012,5,17,258.68,0.24,81.4,29.88,348.57,1054.33,20.44,4.0,4N90E
2012-05-18,2012,5,18,234.75,0.0,79.4,29.86,317.14,1116.26,5.9,0.0,4N90E
2012-05-19,2012,5,19,278.85,0.0,79.0,29.96,361.23,1080.6,11.19,0.0,4N90E
2012-05-20,2012,5,20,281.67,0.12,81.8,29.94,357.48,1038.85,9.43,2.0,4N90E
2012-05-21,2012,5,21,215.52,0.06,80.6,29.8,305.88,1297.81,14.42,1.0,4N90E
2012-05-22,2012,5,22,167.67,0.06,80.2,29.76,256.15,1046.82,10.28,1.0,4N90E
2012-05-23,2012,5,23,181.74,0.61,82.2,29.75,248.17,1012.11,14.54,7.0,4N90E
2012-05-24,2012,5,24,56.95,0.06,84.5,29.68,82.1,280.26,11.98,3.0,4N90E
2012-05-25,2012,5,25,139.05,0.0,81.8,29.64,216.74,902.8,11.5,1.0,4N90E
2012-05-26,2012,5,26,77.12,0.24,83.0,29.56,102.27,421.47,62.05,3.0,4N90E
2012-05-27,2012,5,27,203.79,0.0,82.2,29.55,292.74,968.01,7.24,1.0,4N90E
2012-05-28,2012,5,28,201.91,0.06,81.8,29.54,271.63,1134.08,4.81,2.0,4N90E
2012-05-29,2012,5,29,265.72,0.18,82.2,29.53,351.85,1060.9,7.12,3.0,4N90E
2012-05-30,2012,5,30,155.94,0.12,81.8,29.42,224.25,944.08,2.62,11.0,4N90E
2012-05-31,2012,5,31,161.1,0.18,83.0,29.39,243.95,973.64,3.47,8.0,4N90E
2012-06-01,2012,6,1,82.28,1.16,81.8,29.31,118.22,585.2,42.71,1.0,4N90E
2012-06-02,2012,6,2,225.84,0.0,81.8,29.28,302.59,961.44,6.57,0.0,4N90E
2012-06-03,2012,6,3,279.79,0.0,82.2,29.27,358.42,1074.03,6.63,2.0,4N90E
2012-06-04,2012,6,4,257.27,0.0,82.2,29.2,352.32,1118.6,7.42,0.0,4N90E
2012-06-05,2012,6,5,162.04,0.18,83.7,29.17,253.8,977.86,7.91,2.0,4N90E
2012-06-06,2012,6,6,86.97,0.18,83.7,29.08,144.49,679.49,43.38,2.0,4N90E
2012-06-07,2012,6,7,197.69,0.0,82.2,28.97,263.18,1001.79,9.79,1.0,4N90E
2012-06-08,2012,6,8,217.86,0.0,83.0,28.88,301.18,964.73,2.68,2.0,4N90E
2012-06-09,2012,6,9,253.05,0.12,83.3,28.84,338.25,1073.57,32.91,2.0,4N90E
2012-06-10,2012,6,10,158.28,0.0,83.0,28.82,201.73,596.92,8.88,0.0,4N90E
2012-06-11,2012,6,11,248.83,0.0,81.4,28.85,338.72,1080.13,5.29,0.0,4N90E
2012-06-12,2012,6,12,261.49,0.0,80.2,28.88,336.37,1070.28,10.1,1.0,4N90E
2012-06-13,2012,6,13,263.84,0.0,77.4,28.91,341.53,983.49,3.04,0.0,4N90E
2012-06-14,2012,6,14,282.6,0.0,77.0,28.97,357.01,971.29,7.48,0.0,4N90E
2012-06-15,2012,6,15,281.67,0.0,77.4,29.05,357.95,1130.8,6.02,1.0,4N90E
2012-06-16,2012,6,16,262.43,0.0,79.0,29.02,339.18,1060.43,5.66,3.0,4N90E
2012-06-17,2012,6,17,230.06,0.0,78.2,28.99,318.07,1176.31,10.34,2.0,4N90E
2012-06-18,2012,6,18,276.97,0.06,79.4,29.18,360.76,1021.02,6.14,1.0,4N90E
2012-06-19,2012,6,19,246.48,0.0,81.8,29.2,329.8,1171.61,10.1,1.0,4N90E
2012-06-20,2012,6,20,275.1,0.0,80.2,29.11,357.01,1102.18,5.48,1.0,4N90E
2012-06-21,2012,6,21,284.48,0.0,79.4,29.18,361.23,1057.61,7.54,0.0,4N90E
2012-06-22,2012,6,22,280.73,0.0,79.0,29.39,356.54,1019.61,3.22,1.0,4N90E
2012-06-23,2012,6,23,281.2,0.0,77.0,29.31,361.23,1044.48,7.79,0.0,4N90E
2012-06-24,2012,6,24,275.57,0.0,76.3,29.29,356.54,1083.89,11.19,1.0,4N90E
2012-06-25,2012,6,25,291.05,0.0,76.3,29.34,365.46,974.11,6.75,0.0,4N90E
2012-06-26,2012,6,26,251.64,0.0,79.4,29.47,335.9,1078.73,7.79,0.0,4N90E
2012-06-27,2012,6,27,261.49,0.0,80.2,29.13,341.06,996.63,8.03,0.0,4N90E
2012-06-28,2012,6,28,284.48,0.0,79.8,29.27,373.9,1062.78,13.45,0.0,4N90E
2012-06-29,2012,6,29,251.17,0.0,80.6,29.2,351.85,1160.35,4.26,2.0,4N90E
2012-06-30,2012,6,30,196.75,0.55,82.2,29.18,310.1,1187.1,8.94,5.0,4N90E
2012-07-01,2012,7,1,209.42,0.12,81.0,29.13,286.17,968.01,6.21,2.0,4N90E
2012-07-02,2012,7,2,205.67,0.06,79.4,29.03,312.44,1128.92,4.75,2.0,4N90E
2012-07-03,2012,7,3,165.79,0.06,80.2,29.03,258.02,1219.47,36.68,2.0,4N90E
2012-07-04,2012,7,4,145.15,0.06,80.2,28.93,191.88,755.02,11.01,1.0,4N90E
2012-07-05,2012,7,5,200.51,0.0,81.0,28.95,267.88,872.31,3.89,0.0,4N90E
2012-07-06,2012,7,6,94.01,0.18,81.4,28.85,145.9,913.12,4.38,3.0,4N90E
2012-07-07,2012,7,7,139.52,0.3,81.8,28.91,216.74,785.99,0.0,4.0,4N90E
2012-07-08,2012,7,8,61.64,0.0,82.2,28.8,82.57,254.46,5.35,0.0,4N90E
2012-07-09,2012,7,9,176.58,0.18,81.8,28.8,252.39,998.03,6.21,3.0,4N90E
2012-07-10,2012,7,10,74.31,0.0,80.2,28.72,94.3,269.0,5.96,0.0,4N90E
2012-07-11,2012,7,11,261.02,0.0,79.4,28.77,346.69,1054.33,5.48,0.0,4N90E
2012-07-12,2012,7,12,171.42,0.3,82.6,28.74,274.91,1130.8,7.48,2.0,4N90E
2012-07-13,2012,7,13,113.72,3.47,84.9,28.69,176.86,676.68,0.0,3.0,4N90E
2012-07-14,2012,7,14,149.37,0.0,83.7,28.66,204.54,907.96,4.99,0.0,4N90E
2012-07-15,2012,7,15,208.01,0.18,83.3,28.63,306.34,1114.38,5.6,2.0,4N90E
2012-07-16,2012,7,16,265.72,0.0,81.4,28.65,348.57,1048.7,2.92,0.0,4N90E
2012-07-17,2012,7,17,276.04,0.0,81.8,28.7,362.64,1073.1,6.75,0.0,4N90E
2012-07-18,2012,7,18,261.96,0.24,81.8,28.73,343.41,992.87,6.33,3.0,4N90E
2012-07-19,2012,7,19,237.1,0.0,82.6,28.7,327.93,1059.49,6.57,0.0,4N90E
2012-07-20,2012,7,20,278.38,0.0,82.6,28.77,366.39,1057.15,5.9,0.0,4N90E
2012-07-21,2012,7,21,206.14,0.0,83.3,28.72,283.36,1108.75,12.41,0.0,4N90E
2012-07-22,2012,7,22,208.95,0.0,83.0,28.73,266.47,1016.8,3.35,0.0,4N90E
2012-07-23,2012,7,23,256.8,0.0,80.6,28.69,354.2,1029.47,3.65,1.0,4N90E
2012-07-24,2012,7,24,60.23,0.0,83.3,28.6,81.16,377.84,3.89,0.0,4N90E
2012-07-25,2012,7,25,264.31,0.12,83.7,28.67,339.65,1020.08,5.6,1.0,4N90E
2012-07-26,2012,7,26,178.46,0.06,83.7,28.65,256.15,897.64,5.05,1.0,4N90E
2012-07-27,2012,7,27,281.67,0.0,81.4,28.66,364.52,1029.0,4.32,0.0,4N90E
2012-07-28,2012,7,28,261.96,0.0,81.4,28.61,347.16,1139.24,2.56,0.0,4N90E
2012-07-29,2012,7,29,248.36,0.0,81.4,28.7,328.39,1131.27,2.49,0.0,4N90E
2012-07-30,2012,7,30,254.93,0.0,80.6,28.78,339.65,1017.74,4.81,0.0,4N90E
2012-07-31,2012,7,31,275.1,0.0,81.0,28.76,363.58,1062.31,6.21,0.0,4N90E
2012-08-01,2012,8,1,259.62,0.0,80.6,28.77,336.37,1108.75,7.91,0.0,4N90E
2012-08-02,2012,8,2,260.55,0.0,82.6,28.75,354.67,1089.05,3.22,0.0,4N90E
2012-08-03,2012,8,3,267.59,0.0,79.8,28.74,356.07,1127.05,8.03,0.0,4N90E
2012-08-04,2012,8,4,284.48,0.0,79.4,28.79,369.21,1104.06,3.53,0.0,4N90E
2012-08-05,2012,8,5,290.58,0.0,79.4,28.81,373.43,1095.61,3.47,0.0,4N90E
2012-08-06,2012,8,6,296.21,,79.0,28.92,379.53,1082.01,8.09,0.0,4N90E
2012-08-07,2012,8,7,295.74,0.0,76.3,29.07,385.63,1104.06,6.27,0.0,4N90E
2012-08-08,2012,8,8,236.16,0.0,73.5,29.24,329.8,1084.82,7.97,0.0,4N90E
2012-08-09,2012,8,9,262.43,0.0,75.5,29.23,361.7,1151.44,3.83,0.0,4N90E
2012-08-10,2012,8,10,279.32,0.3,81.4,29.16,380.0,1029.0,5.72,3.0,4N90E
2012-08-11,2012,8,11,298.09,0.0,80.2,29.22,378.59,1044.95,4.44,0.0,4N90E
2012-08-12,2012,8,12,310.28,0.0,78.2,29.51,390.79,1039.79,3.89,0.0,4N90E
2012-08-13,2012,8,13,291.99,0.0,76.7,29.64,384.22,1105.94,9.31,0.0,4N90E
2012-08-14,2012,8,14,300.43,0.0,77.0,29.96,383.75,1120.01,3.77,0.0,4N90E
2012-08-15,2012,8,15,259.62,2.31,83.0,29.78,365.93,1115.79,0.0,11.0,4N90E
2012-08-16,2012,8,16,187.37,0.0,77.8,29.37,275.38,1055.74,2.86,0.0,4N90E
2012-08-17,2012,8,17,260.55,0.0,80.2,29.35,347.63,1100.31,0.0,2.0,4N90E
2012-08-18,2012,8,18,102.93,0.79,82.2,29.21,166.07,852.13,5.9,8.0,4N90E
2012-08-19,2012,8,19,58.36,0.06,82.6,29.11,74.12,241.32,16.3,2.0,4N90E
2012-08-20,2012,8,20,196.28,0.06,84.1,29.0,284.3,1196.48,12.29,4.0,4N90E
2012-08-21,2012,8,21,260.09,0.24,82.6,28.92,379.53,1204.92,5.66,6.0,4N90E
2012-08-22,2012,8,22,241.32,0.0,81.0,28.84,323.7,1168.8,7.6,0.0,4N90E
2012-08-23,2012,8,23,284.48,0.0,77.8,28.78,382.34,1234.95,9.37,0.0,4N90E
2012-08-24,2012,8,24,250.23,0.0,79.8,28.9,327.93,1188.5,5.48,0.0,4N90E
2012-08-25,2012,8,25,256.33,0.61,83.0,28.79,346.22,,5.84,4.0,4N90E
2012-08-26,2012,8,26,233.81,2.01,86.1,28.75,358.89,1087.64,20.5,17.0,4N90E
2012-08-27,2012,8,27,168.6,0.0,79.0,28.62,254.27,1057.61,8.21,0.0,4N90E
2012-08-28,2012,8,28,52.26,0.67,81.4,28.53,75.06,421.0,10.65,4.0,4N90E
2012-08-29,2012,8,29,301.84,0.0,80.6,28.59,388.91,1085.76,2.8,2.0,4N90E
2012-08-30,2012,8,30,238.97,0.0,79.0,28.54,317.6,1163.17,4.14,3.0,4N90E
2012-08-31,2012,8,31,293.39,0.0,79.8,28.64,377.18,1129.86,8.03,3.0,4N90E
2012-09-01,2012,9,1,276.04,0.0,81.4,28.68,369.21,1178.18,7.3,3.0,4N90E
2012-09-02,2012,9,2,286.83,0.0,82.6,28.79,374.84,1092.8,3.95,4.0,4N90E
2012-09-03,2012,9,3,298.55,0.18,84.9,28.83,386.1,1124.23,6.69,5.0,4N90E
2012-09-04,2012,9,4,259.62,0.24,82.6,28.81,345.28,1061.84,5.29,3.0,4N90E
2012-09-05,2012,9,5,288.23,0.0,81.0,28.82,388.91,1134.55,2.98,0.0,4N90E
2012-09-06,2012,9,6,195.34,0.0,81.8,28.8,238.79,749.39,7.24,0.0,4N90E
2012-09-07,2012,9,7,307.94,0.0,81.8,28.98,399.23,1131.74,3.59,0.0,4N90E
2012-09-08,2012,9,8,230.53,0.73,82.6,28.9,319.95,1336.75,6.39,6.0,4N90E
2012-09-09,2012,9,9,132.95,0.61,83.3,28.73,233.63,1159.89,19.65,11.0,4N90E
2012-09-10,2012,9,10,238.51,0.18,83.3,28.72,335.9,1211.96,33.95,5.0,4N90E
2012-09-11,2012,9,11,116.06,0.12,83.7,28.67,169.36,806.16,3.47,9.0,4N90E
2012-09-12,2012,9,12,58.83,0.91,85.3,28.46,90.07,353.44,0.0,8.0,4N90E
2012-09-13,2012,9,13,236.16,0.0,80.2,28.53,332.15,1245.74,5.66,0.0,4N90E
2012-09-14,2012,9,14,277.44,0.18,82.6,28.88,373.43,1102.65,9.06,2.0,4N90E
2012-09-15,2012,9,15,89.32,0.79,85.3,28.65,153.88,666.83,0.0,4.0,4N90E
2012-09-16,2012,9,16,216.46,,79.0,28.56,304.94,1029.47,7.18,1.0,4N90E
2012-09-17,2012,9,17,240.38,0.0,77.4,28.59,323.7,1196.95,4.87,1.0,4N90E
2012-09-18,2012,9,18,218.33,0.3,81.0,28.61,310.57,1297.81,5.29,5.0,4N90E
2012-09-19,2012,9,19,135.76,0.0,80.2,28.64,204.54,947.37,4.99,6.0,4N90E
2012-09-20,2012,9,20,315.44,0.0,77.8,28.68,402.05,1204.92,9.73,2.0,4N90E
2012-09-21,2012,9,21,294.33,0.0,74.7,29.21,379.06,1062.31,8.88,0.0,4N90E
2012-09-22,2012,9,22,305.59,0.0,76.7,29.41,398.3,1162.23,6.94,0.0,4N90E
2012-09-23,2012,9,23,299.96,0.0,76.7,29.53,395.95,1174.9,5.17,0.0,4N90E
2012-09-24,2012,9,24,290.58,0.0,81.4,29.16,382.81,1287.49,5.41,1.0,4N90E
2012-09-25,2012,9,25,203.32,0.0,80.6,28.9,327.93,1112.5,2.86,0.0,4N90E
2012-09-26,2012,9,26,64.46,0.43,83.0,28.65,88.2,312.16,55.91,9.0,4N90E
2012-09-27,2012,9,27,223.96,0.06,82.6,28.52,322.76,1101.24,8.76,3.0,4N90E
2012-09-28,2012,9,28,165.32,0.0,82.6,28.38,235.51,1021.02,8.76,0.0,4N90E
2012-09-29,2012,9,29,261.96,0.0,80.6,28.37,372.02,1182.4,6.45,1.0,4N90E
2012-09-30,2012,9,30,296.68,0.0,80.2,28.45,387.04,1085.76,5.05,0.0,4N90E
2012-10-01,2012,10,1,245.07,0.0,81.0,28.5,342.47,1143.47,7.67,0.0,4N90E
2012-10-02,2012,10,2,239.91,0.0,79.0,28.62,317.14,1082.01,6.51,0.0,4N90E
2012-10-03,2012,10,3,307.47,0.0,77.8,28.82,399.7,1310.01,5.66,0.0,4N90E
2012-10-04,2012,10,4,312.63,0.0,77.4,28.84,400.17,1076.38,11.19,0.0,4N90E
2012-10-05,2012,10,5,307.0,0.0,76.7,29.37,400.17,1206.8,5.05,0.0,4N90E
2012-10-06,2012,10,6,309.81,0.0,76.3,29.59,396.89,1133.15,7.6,0.0,4N90E
2012-10-07,2012,10,7,301.84,0.0,75.5,29.53,385.63,1085.76,5.54,0.0,4N90E
2012-10-08,2012,10,8,281.67,0.0,76.3,29.55,370.15,1205.86,5.6,0.0,4N90E
2012-10-09,2012,10,9,290.11,0.0,77.8,29.35,386.1,1125.64,1.89,0.0,4N90E
2012-10-10,2012,10,10,299.96,0.0,76.3,29.36,386.57,1106.87,6.51,0.0,4N90E
2012-10-11,2012,10,11,315.91,0.0,71.9,29.78,402.99,1116.73,9.25,0.0,4N90E
2012-10-12,2012,10,12,284.95,0.0,73.9,29.8,386.1,1132.68,7.6,0.0,4N90E
2012-10-13,2012,10,13,205.67,0.12,79.0,29.74,283.36,1151.44,3.77,2.0,4N90E
2012-10-14,2012,10,14,259.62,0.06,81.8,29.78,373.9,1086.23,7.42,2.0,4N90E
2012-10-15,2012,10,15,160.16,,85.3,29.6,260.84,1167.39,45.51,3.0,4N90E
2012-10-16,2012,10,16,232.88,1.83,88.1,29.47,368.74,1147.69,8.58,20.0,4N90E
2012-10-17,2012,10,17,68.68,0.06,83.0,29.31,92.42,300.43,7.97,3.0,4N90E
2012-10-18,2012,10,18,150.31,0.24,82.6,29.15,234.57,908.43,5.05,5.0,4N90E
2012-10-19,2012,10,19,302.31,0.0,78.2,28.97,385.16,1046.82,6.57,0.0,4N90E
2012-10-20,2012,10,20,182.68,0.49,83.7,29.06,259.43,1059.49,0.0,10.0,4N90E
2012-10-21,2012,10,21,53.2,,84.1,29.17,96.64,491.37,0.0,9.0,4N90E
2012-10-22,2012,10,22,236.63,0.06,83.3,29.26,334.49,1181.0,5.41,2.0,4N90E
2012-10-23,2012,10,23,277.91,0.0,79.0,29.43,370.15,1182.4,4.87,1.0,4N90E
2012-10-24,2012,10,24,238.97,0.24,82.2,29.17,331.21,1230.73,5.54,3.0,4N90E
2012-10-25,2012,10,25,80.41,0.18,84.9,29.01,113.53,529.84,0.0,4.0,4N90E
2012-10-26,2012,10,26,269.94,0.12,82.2,29.02,359.36,1201.64,4.99,1.0,4N90E
2012-10-27,2012,10,27,234.75,0.37,87.3,29.08,343.88,1157.54,6.21,8.0,4N90E
2012-10-28,2012,10,28,190.18,0.06,85.7,29.03,281.48,1128.92,6.39,3.0,4N90E
2012-10-29,2012,10,29,123.57,0.0,83.7,28.89,182.49,1158.95,7.79,1.0,4N90E
2012-10-30,2012,10,30,267.12,0.0,78.6,28.85,355.13,1191.79,4.68,8.0,4N90E
2012-10-31,2012,10,31,208.95,0.0,81.8,29.0,306.81,1221.81,4.87,10.0,4N90E
2012-11-01,2012,11,1,108.55,1.89,86.1,28.85,208.3,1024.78,5.9,24.0,4N90E
2012-11-02,2012,11,2,121.22,0.0,79.0,28.97,184.84,796.78,1.83,4.0,4N90E
2012-11-03,2012,11,3,81.35,0.79,84.9,28.77,134.17,435.54,0.0,15.0,4N90E
2012-11-04,2012,11,4,207.54,0.0,81.4,29.06,291.33,1218.53,5.96,0.0,4N90E
2012-11-05,2012,11,5,244.13,0.0,83.0,29.02,313.85,1108.75,6.87,0.0,4N90E
2012-11-06,2012,11,6,27.86,1.22,86.9,28.72,38.47,113.25,8.03,20.0,4N90E
2012-11-07,2012,11,7,284.01,0.18,81.8,28.94,372.96,1029.94,4.38,7.0,4N90E
2012-11-08,2012,11,8,127.32,0.06,86.5,28.93,203.6,1056.68,51.04,4.0,4N90E
2012-11-09,2012,11,9,77.12,7.97,90.0,28.91,165.6,1044.95,0.0,22.0,4N90E
2012-11-10,2012,11,10,60.23,2.01,86.9,28.74,100.39,534.06,13.02,4.0,4N90E
2012-11-11,2012,11,11,30.68,2.07,88.5,28.7,46.91,168.14,8.7,24.0,4N90E
2012-11-12,2012,11,12,53.67,0.43,88.1,28.66,72.25,284.01,4.81,6.0,4N90E
2012-11-13,2012,11,13,161.57,0.3,84.1,28.7,234.1,1084.36,7.36,2.0,4N90E
2012-11-14,2012,11,14,236.16,0.3,84.9,28.69,340.12,1239.64,5.72,3.0,4N90E
2012-11-15,2012,11,15,108.55,0.0,85.3,28.83,159.04,720.31,4.32,1.0,4N90E
2012-11-16,2012,11,16,220.21,0.0,84.1,28.95,300.25,1277.17,4.14,1.0,4N90E
2012-11-17,2012,11,17,223.02,0.0,83.7,28.92,325.58,1239.64,5.9,0.0,4N90E
2012-11-18,2012,11,18,261.49,0.18,83.0,29.12,349.04,1052.45,5.84,1.0,4N90E
2012-11-19,2012,11,19,182.68,0.0,81.0,29.32,282.42,1098.43,4.38,0.0,4N90E
2012-11-20,2012,11,20,254.46,0.0,78.2,29.41,352.32,1032.28,6.39,1.0,4N90E
2012-11-21,2012,11,21,196.28,1.03,81.8,29.37,311.97,1151.44,8.88,4.0,4N90E
2012-11-22,2012,11,22,262.9,0.0,75.5,29.81,349.04,1066.06,5.66,0.0,4N90E
2012-11-23,2012,11,23,238.04,0.0,77.8,29.67,332.62,1168.8,9.73,0.0,4N90E
2012-11-24,2012,11,24,269.47,0.0,77.4,29.55,360.3,983.96,4.14,1.0,4N90E
2012-11-25,2012,11,25,223.96,1.83,88.1,29.29,330.27,1246.21,7.48,25.0,4N90E
2012-11-26,2012,11,26,175.17,0.0,79.8,29.27,258.02,1261.69,3.22,0.0,4N90E
2012-11-27,2012,11,27,215.52,0.06,83.3,29.4,318.54,1255.59,2.74,1.0,4N90E
2012-11-28,2012,11,28,231.94,0.0,83.7,29.4,325.58,1122.36,4.62,0.0,4N90E
2012-11-29,2012,11,29,101.99,0.0,85.3,29.18,157.63,831.96,3.89,0.0,4N90E
2012-11-30,2012,11,30,75.25,2.49,88.1,29.01,117.28,579.1,9.13,35.0,4N90E
2012-12-01,2012,12,1,108.09,0.0,81.8,28.95,135.58,422.41,4.2,0.0,4N90E
2012-12-02,2012,12,2,250.7,0.0,76.7,29.23,337.31,1059.96,2.37,0.0,4N90E
2012-12-03,2012,12,3,242.73,0.0,76.3,29.2,333.09,991.0,4.75,0.0,4N90E
2012-12-04,2012,12,4,265.72,0.0,77.8,29.26,354.67,1001.79,9.37,0.0,4N90E
2012-12-05,2012,12,5,257.27,0.0,78.2,29.36,342.0,1087.17,3.95,0.0,4N90E
2012-12-06,2012,12,6,249.76,0.18,81.4,29.24,341.53,1167.86,2.98,2.0,4N90E
2012-12-07,2012,12,7,231.0,0.0,81.8,29.26,354.67,1059.02,3.29,0.0,4N90E
2012-12-08,2012,12,8,251.64,0.55,81.4,29.34,350.91,1155.66,7.18,3.0,4N90E
2012-12-09,2012,12,9,212.7,0.67,82.2,29.37,296.02,1038.85,40.76,13.0,4N90E
2012-12-10,2012,12,10,217.39,0.0,78.6,29.4,299.31,1147.69,3.1,2.0,4N90E
2012-12-11,2012,12,11,156.88,0.0,77.0,29.23,233.63,1075.44,6.81,3.0,4N90E
2012-12-12,2012,12,12,265.72,0.0,78.2,29.39,357.48,1153.79,5.05,6.0,4N90E
2012-12-13,2012,12,13,263.37,0.0,80.2,29.35,354.2,1052.92,6.14,11.0,4N90E
2012-12-14,2012,12,14,124.51,1.58,86.5,29.16,164.67,592.23,33.28,23.0,4N90E
2012-12-15,2012,12,15,69.15,0.3,84.5,28.86,117.28,644.78,3.77,13.0,4N90E
2012-12-16,2012,12,16,270.41,0.0,78.6,29.18,364.52,1068.4,7.24,5.0,4N90E
2012-12-17,2012,12,17,259.62,0.0,79.8,29.2,354.67,1044.48,6.45,12.0,4N90E
2012-12-18,2012,12,18,171.89,0.79,82.6,29.19,259.9,1176.77,7.0,7.0,4N90E
2012-12-19,2012,12,19,101.99,0.67,86.1,29.17,190.0,1219.0,35.83,11.0,4N90E
2012-12-20,2012,12,20,124.51,1.28,86.5,29.13,201.73,1130.33,0.0,7.0,4N90E
2012-12-21,2012,12,21,212.23,0.06,82.6,29.09,311.97,1141.12,5.84,1.0,4N90E
2012-12-22,2012,12,22,268.06,0.43,83.0,29.46,356.07,1122.82,5.11,5.0,4N90E
2012-12-23,2012,12,23,90.73,0.49,86.1,29.09,115.41,381.12,5.96,9.0,4N90E
2012-12-24,2012,12,24,136.23,0.0,79.0,29.11,201.73,682.31,2.8,0.0,4N90E
2012-12-25,2012,12,25,272.28,0.0,78.6,29.49,348.57,1092.8,2.37,1.0,4N90E
2012-12-26,2012,12,26,163.91,0.55,86.1,29.2,256.62,1222.28,4.99,7.0,4N90E
2012-12-27,2012,12,27,194.41,0.12,84.9,29.16,263.65,992.87,40.4,4.0,4N90E
2012-12-28,2012,12,28,171.89,0.06,84.5,29.12,239.26,1005.07,4.32,1.0,4N90E
2012-12-29,2012,12,29,247.89,0.0,81.8,29.32,346.69,1074.5,6.33,1.0,4N90E
2012-12-30,2012,12,30,244.6,1.16,81.8,29.57,330.74,1036.97,9.86,15.0,4N90E
2012-12-31,2012,12,31,99.64,0.06,85.3,28.94,135.11,577.22,1.46,1.0,4N90E
2013-01-01,2013,1,1,269.0,0.37,84.5,29.03,358.89,1084.36,2.98,5.0,4N90E
2013-01-02,2013,1,2,157.81,0.06,86.1,29.01,243.95,1053.86,4.5,4.0,4N90E
2013-01-03,2013,1,3,183.62,0.06,86.1,29.04,259.9,1101.71,4.44,2.0,4N90E
2013-01-04,2013,1,4,198.63,0.24,83.3,29.3,306.34,1239.64,5.05,1.0,4N90E
2013-01-05,2013,1,5,170.48,0.37,86.5,29.28,272.57,1107.34,3.71,4.0,4N90E
2013-01-06,2013,1,6,190.65,1.1,86.5,29.27,277.73,1140.65,0.0,8.0,4N90E
2013-01-07,2013,1,7,212.7,0.24,85.7,29.1,309.63,1071.22,66.07,2.0,4N90E
2013-01-08,2013,1,8,238.51,0.0,83.7,29.29,349.04,1153.79,0.85,5.0,4N90E
2013-01-09,2013,1,9,135.3,0.24,83.0,29.17,232.22,1273.42,2.19,5.0,4N90E
2013-01-10,2013,1,10,251.64,0.0,80.6,29.54,347.16,1161.76,2.49,0.0,4N90E
2013-01-11,2013,1,11,273.69,0.0,79.8,29.31,359.83,1149.1,4.93,1.0,4N90E
2013-01-12,2013,1,12,276.51,0.06,82.2,29.49,368.74,1104.53,2.25,3.0,4N90E
2013-01-13,2013,1,13,201.44,0.06,81.4,29.31,309.16,,2.01,1.0,4N90E
2013-01-14,2013,1,14,276.51,0.0,81.8,29.14,364.99,1135.49,3.47,0.0,4N90E
2013-01-15,2013,1,15,127.32,0.73,82.2,29.07,206.42,1302.03,8.33,4.0,4N90E
2013-01-16,2013,1,16,123.57,1.95,86.5,29.08,243.01,1158.01,12.96,16.0,4N90E
2013-01-17,2013,1,17,41.47,0.79,82.2,28.99,72.72,252.11,68.69,18.0,4N90E
2013-01-18,2013,1,18,182.21,0.0,82.2,29.14,263.18,1257.94,2.74,0.0,4N90E
2013-01-19,2013,1,19,181.27,0.0,82.6,29.13,258.02,1169.74,5.96,0.0,4N90E
2013-01-20,2013,1,20,209.42,,83.3,29.18,297.9,1079.19,57.25,3.0,4N90E
2013-01-21,2013,1,21,227.25,0.0,82.2,29.26,312.91,1184.75,5.17,5.0,4N90E
2013-01-22,2013,1,22,272.28,0.24,81.4,29.26,382.34,1111.56,6.08,3.0,4N90E
2013-01-23,2013,1,23,187.37,0.0,82.2,29.2,248.64,1113.44,4.99,0.0,4N90E
2013-01-24,2013,1,24,208.48,0.18,84.1,29.22,325.58,1198.35,16.37,4.0,4N90E
2013-01-25,2013,1,25,208.01,0.0,80.6,29.22,258.49,1072.16,4.08,0.0,4N90E
2013-01-26,2013,1,26,280.26,0.18,82.2,29.38,369.21,1170.21,67.23,6.0,4N90E
2013-01-27,2013,1,27,243.67,0.0,82.6,29.14,348.57,1183.34,3.59,0.0,4N90E
2013-01-28,2013,1,28,250.23,0.0,79.4,29.25,360.76,1084.36,4.81,0.0,4N90E
2013-01-29,2013,1,29,250.23,0.18,81.0,29.16,358.89,1168.8,8.09,2.0,4N90E
2013-01-30,2013,1,30,283.54,0.0,80.6,29.24,383.75,1220.87,3.29,0.0,4N90E
2013-01-31,2013,1,31,281.2,0.0,83.0,29.29,384.22,1121.42,7.24,1.0,4N90E
2013-02-01,2013,2,1,268.53,0.24,86.5,,369.21,1309.07,4.14,3.0,4N90E
2013-02-02,2013,2,2,177.99,0.18,88.9,29.28,285.23,1260.75,58.16,17.0,4N90E
2013-02-03,2013,2,3,116.53,3.1,86.9,29.23,178.74,694.5,0.0,10.0,4N90E
2013-02-04,2013,2,4,173.3,0.0,81.8,29.21,268.81,1147.69,2.25,0.0,4N90E
2013-02-05,2013,2,5,147.49,0.0,83.7,29.23,212.99,944.55,1.83,1.0,4N90E
2013-02-06,2013,2,6,172.83,0.49,84.1,29.25,291.33,1286.55,47.21,11.0,4N90E
2013-02-07,2013,2,7,109.96,0.37,82.2,29.15,154.81,618.97,6.51,7.0,4N90E
2013-02-08,2013,2,8,194.88,0.0,81.8,29.18,311.04,1217.12,5.35,1.0,4N90E
2013-02-09,2013,2,9,233.34,0.0,81.8,29.22,357.95,1214.77,5.66,0.0,4N90E
2013-02-10,2013,2,10,216.93,0.85,85.3,29.23,319.01,1290.77,18.74,14.0,4N90E
2013-02-11,2013,2,11,107.15,1.16,87.7,29.21,160.91,949.24,47.94,12.0,4N90E
2013-02-12,2013,2,12,298.09,0.0,82.6,,389.38,1082.01,3.59,0.0,4N90E
2013-02-13,2013,2,13,299.02,0.0,79.8,,392.2,1229.32,7.36,0.0,4N90E
2013-02-14,2013,2,14,250.7,0.06,79.4,,354.2,1355.98,6.45,1.0,4N90E
2013-02-15,2013,2,15,186.43,0.12,81.8,,281.01,1109.22,4.38,2.0,4N90E
2013-02-16,2013,2,16,171.89,8.82,82.6,,250.05,911.71,0.0,6.0,4N90E
2013-02-17,2013,2,17,174.7,0.06,81.0,,271.16,1234.48,2.19,2.0,4N90E
2013-02-18,2013,2,18,294.33,0.0,80.2,,386.57,1054.33,8.46,0.0,4N90E
2013-02-19,2013,2,19,241.32,0.0,80.6,,364.05,1187.1,3.41,0.0,4N90E
2013-02-20,2013,2,20,253.05,0.0,79.4,,348.1,1095.15,6.14,0.0,4N90E
2013-02-21,2013,2,21,219.27,0.0,79.8,,301.18,1079.66,3.71,0.0,4N90E
2013-02-22,2013,2,22,279.32,0.0,81.4,,370.15,1129.39,7.67,0.0,4N90E
2013-02-23,2013,2,23,211.3,0.0,81.8,,290.86,1021.49,4.32,0.0,4N90E
2013-02-24,2013,2,24,219.74,,83.0,,292.27,982.08,3.71,0.0,4N90E
2013-02-25,2013,2,25,270.41,0.0,83.7,,369.68,1116.73,3.29,0.0,4N90E
2013-02-26,2013,2,26,268.53,0.0,83.0,,351.85,1234.48,3.1,0.0,4N90E
2013-02-27,2013,2,27,253.52,0.0,83.0,,332.15,1279.52,2.62,0.0,4N90E
2013-02-28,2013,2,28,289.17,,82.6,,386.57,1072.63,0.0,3.0,4N90E
2013-03-01,2013,3,1,248.83,0.67,81.0,,355.6,1172.55,5.17,5.0,4N90E
2013-03-02,2013,3,2,218.8,0.55,85.7,,326.99,1252.77,5.17,5.0,4N90E
2013-03-03,2013,3,3,296.21,0.0,77.4,,376.25,1073.1,8.58,0.0,4N90E
2013-03-04,2013,3,4,221.62,0.12,82.6,,328.86,1261.69,10.34,4.0,4N90E
2013-03-05,2013,3,5,301.37,0.0,79.8,,381.41,1070.75,6.94,0.0,4N90E
2013-03-06,2013,3,6,266.18,0.0,77.8,,365.46,1095.15,5.54,0.0,4N90E
2013-03-07,2013,3,7,304.65,0.0,74.7,,385.63,1014.45,5.05,0.0,4N90E
2013-03-08,2013,3,8,245.07,0.43,80.6,,354.2,1150.97,6.45,3.0,4N90E
2013-03-09,2013,3,9,270.41,0.0,81.4,,363.11,1083.89,2.92,1.0,4N90E
2013-03-10,2013,3,10,299.02,0.0,80.6,,387.04,1090.92,5.29,0.0,4N90E
2013-03-11,2013,3,11,299.49,0.0,77.4,,386.57,1082.95,2.25,1.0,4N90E
2013-03-12,2013,3,12,305.12,0.0,77.0,,389.38,1133.15,4.26,0.0,4N90E
2013-03-13,2013,3,13,277.91,0.0,75.1,,383.75,1157.54,3.35,0.0,4N90E
2013-03-14,2013,3,14,288.23,0.0,74.7,,374.84,1167.39,3.22,0.0,4N90E
2013-03-15,2013,3,15,273.22,0.0,78.2,,362.64,1110.63,6.39,0.0,4N90E
2013-03-16,2013,3,16,256.33,0.0,81.4,,356.54,1133.61,3.71,0.0,4N90E
2013-03-17,2013,3,17,285.89,0.0,78.6,,384.69,1045.42,56.34,1.0,4N90E
2013-03-18,2013,3,18,251.17,0.43,79.0,,348.57,1241.05,12.35,4.0,4N90E
2013-03-19,2013,3,19,147.02,0.12,83.3,,205.48,994.28,13.87,3.0,4N90E
2013-03-20,2013,3,20,280.73,0.06,79.4,,371.09,1022.9,6.02,1.0,4N90E
2013-03-21,2013,3,21,212.7,0.0,81.4,,313.38,1188.03,16.55,0.0,4N90E
2013-03-22,2013,3,22,293.86,0.0,76.7,,378.59,1065.12,1.83,0.0,4N90E
2013-03-23,2013,3,23,107.62,0.06,83.0,,147.31,619.44,4.26,2.0,4N90E
2013-03-24,2013,3,24,271.81,0.06,79.4,,381.88,1264.97,3.35,1.0,4N90E
2013-03-25,2013,3,25,276.04,0.06,80.2,,392.2,1033.69,25.79,2.0,4N90E
2013-03-26,2013,3,26,275.1,0.0,76.7,,365.93,1025.24,3.59,0.0,4N90E
2013-03-27,2013,3,27,296.68,0.0,74.7,,375.78,1181.94,3.65,0.0,4N90E
2013-03-28,2013,3,28,306.06,0.0,74.7,,391.26,1216.18,3.83,0.0,4N90E
2013-03-29,2013,3,29,216.46,0.0,74.3,,302.12,1126.11,3.71,0.0,4N90E
2013-03-30,2013,3,30,284.95,,72.7,,374.84,1018.21,1.52,0.0,4N90E
2013-03-31,2013,3,31,264.31,0.0,74.7,,345.28,1063.71,4.08,0.0,4N90E
2013-04-01,2013,4,1,188.78,0.0,80.2,,258.49,1016.8,2.49,0.0,4N90E
2013-04-02,2013,4,2,63.52,0.61,90.4,,84.44,384.41,73.67,16.0,4N90E
2013-04-03,2013,4,3,175.17,0.0,83.0,,268.35,1141.59,4.2,6.0,4N90E
2013-04-04,2013,4,4,113.72,0.24,85.3,,209.7,1313.76,4.14,4.0,4N90E
2013-04-05,2013,4,5,86.51,0.3,89.3,,123.38,415.37,3.53,6.0,4N90E
2013-04-06,2013,4,6,83.69,0.12,79.8,,105.09,426.16,5.72,3.0,4N90E
2013-04-07,2013,4,7,260.55,0.0,78.2,,357.01,1297.81,5.35,0.0,4N90E
2013-04-08,2013,4,8,275.1,0.0,81.0,,380.0,1148.16,8.33,0.0,4N90E
2013-04-09,2013,4,9,267.12,0.0,80.6,,374.37,1157.54,3.59,1.0,4N90E
2013-04-10,2013,4,10,128.73,,84.5,,217.68,988.65,62.97,1.0,4N90E
2013-04-11,2013,4,11,241.79,0.0,81.0,,317.14,1067.0,4.5,0.0,4N90E
2013-04-12,2013,4,12,295.74,0.0,78.6,,378.59,1001.79,3.41,0.0,4N90E
2013-04-13,2013,4,13,264.31,0.0,83.0,,348.1,1051.05,4.99,1.0,4N90E
2013-04-14,2013,4,14,298.55,0.0,82.6,,384.22,1093.74,4.02,0.0,4N90E
2013-04-15,2013,4,15,240.85,0.12,81.4,,332.62,1247.14,7.18,3.0,4N90E
2013-04-16,2013,4,16,56.01,0.24,85.7,,69.43,231.0,4.02,4.0,4N90E
2013-04-17,2013,4,17,227.25,0.06,81.4,29.93,314.32,,8.52,1.0,4N90E
2013-04-18,2013,4,18,236.63,6.21,81.8,30.14,304.47,1011.17,0.0,2.0,4N90E
2013-04-19,2013,4,19,250.7,0.0,81.4,,352.79,1199.76,3.1,0.0,4N90E
2013-04-20,2013,4,20,299.02,0.0,81.0,30.56,391.73,1134.55,1.7,0.0,4N90E
2013-04-21,2013,4,21,238.97,0.0,81.0,30.49,324.64,1181.0,2.43,0.0,4N90E
2013-04-22,2013,4,22,257.74,0.12,76.7,30.72,357.95,1103.12,1.95,2.0,4N90E
2013-04-23,2013,4,23,307.0,0.0,72.3,30.47,390.32,1056.21,2.43,0.0,4N90E
2013-04-24,2013,4,24,282.6,0.18,74.7,,368.27,1055.74,2.98,3.0,4N90E
2013-04-25,2013,4,25,279.32,0.06,79.0,,386.1,1136.9,4.5,2.0,4N90E
2013-04-26,2013,4,26,223.96,0.0,75.5,,320.42,1241.05,7.6,3.0,4N90E
2013-04-27,2013,4,27,283.54,0.0,74.3,,368.27,1113.44,4.62,1.0,4N90E
2013-04-28,2013,4,28,306.06,2.31,75.5,,387.04,1181.94,18.86,9.0,4N90E
2013-04-29,2013,4,29,229.12,0.12,78.6,30.89,313.38,1181.0,3.29,2.0,4N90E
2013-04-30,2013,4,30,291.05,0.0,76.3,30.93,375.78,1020.55,3.65,0.0,4N90E
2013-05-01,2013,5,1,267.12,0.06,82.6,30.69,345.75,992.4,4.5,1.0,4N90E
2013-05-02,2013,5,2,132.01,0.18,86.5,30.27,179.21,743.76,2.92,5.0,4N90E
2013-05-03,2013,5,3,238.51,0.12,84.5,30.16,359.83,1167.86,2.62,3.0,4N90E
2013-05-04,2013,5,4,108.09,0.3,86.5,30.0,175.46,746.58,5.78,9.0,4N90E
2013-05-05,2013,5,5,65.86,1.52,93.2,29.86,95.7,363.76,0.0,22.0,4N90E
2013-05-06,2013,5,6,153.59,0.0,84.9,,224.72,889.2,3.47,0.0,4N90E
2013-05-07,2013,5,7,118.41,0.12,87.3,29.81,167.48,908.9,2.31,2.0,4N90E
2013-05-08,2013,5,8,161.1,1.7,86.5,29.79,277.73,1076.38,8.64,14.0,4N90E
2013-05-09,2013,5,9,14.73,2.98,89.3,29.58,25.8,214.11,0.0,34.0,4N90E
2013-05-10,2013,5,10,55.07,0.0,84.5,,76.94,242.73,2.92,1.0,4N90E
2013-05-11,2013,5,11,140.93,0.18,81.4,29.32,220.02,1009.29,3.41,4.0,4N90E
2013-05-12,2013,5,12,225.84,0.24,85.7,29.34,301.65,1253.71,0.0,3.0,4N90E
2013-05-13,2013,5,13,162.51,0.0,84.1,29.37,224.72,835.71,1.46,1.0,4N90E
2013-05-14,2013,5,14,177.52,,83.7,29.33,235.51,1050.58,2.49,0.0,4N90E
2013-05-15,2013,5,15,212.23,0.0,84.9,,299.78,,1.28,1.0,4N90E
2013-05-16,2013,5,16,232.88,0.0,84.9,,325.11,1099.84,1.83,1.0,4N90E
2013-05-17,2013,5,17,228.65,0.0,86.9,,305.41,945.96,1.1,0.0,4N90E
2013-05-18,2013,5,18,226.31,,84.9,,316.67,1063.24,2.13,1.0,4N90E
2013-05-19,2013,5,19,275.57,,77.8,,370.62,1062.31,6.14,0.0,4N90E
2013-05-20,2013,5,20,236.63,,79.0,,296.96,948.78,1.1,0.0,4N90E
2013-05-21,2013,5,21,279.79,,81.0,,363.11,1052.92,4.87,0.0,4N90E
2013-05-22,2013,5,22,282.6,0.0,79.4,,370.15,1148.16,3.29,0.0,4N90E
2013-05-23,2013,5,23,265.72,0.0,79.8,,345.75,1164.11,1.64,0.0,4N90E
2013-05-24,2013,5,24,223.02,,81.4,,303.06,1144.87,1.7,0.0,4N90E
2013-05-25,2013,5,25,216.93,,79.8,,282.42,1002.26,1.46,0.0,4N90E
2013-05-26,2013,5,26,107.15,0.0,81.4,,135.11,477.76,2.31,0.0,4N90E
2013-05-27,2013,5,27,91.2,0.0,80.6,,117.75,351.1,2.92,0.0,4N90E
2013-05-28,2013,5,28,228.65,0.0,79.8,,300.72,988.65,5.72,0.0,4N90E
2013-05-29,2013,5,29,294.33,0.0,78.2,,375.31,1082.48,3.95,0.0,4N90E
2013-05-30,2013,5,30,278.85,0.0,79.4,29.44,355.6,1103.12,3.35,0.0,4N90E
2013-05-31,2013,5,31,256.8,0.0,80.6,29.57,348.1,1074.5,7.0,0.0,4N90E
2013-06-01,2013,6,1,240.38,0.06,82.2,29.51,333.55,1087.64,3.47,1.0,4N90E
2013-06-02,2013,6,2,261.49,0.37,79.8,,337.78,1109.69,6.08,2.0,4N90E
2013-06-03,2013,6,3,126.85,0.18,82.6,,212.05,1149.1,5.54,6.0,4N90E
2013-06-04,2013,6,4,53.67,0.43,84.9,,91.95,548.13,0.0,13.0,4N90E
2013-06-05,2013,6,5,248.36,0.0,82.2,,357.95,1270.13,3.35,0.0,4N90E
2013-06-06,2013,6,6,63.52,0.91,87.3,,97.58,512.95,53.05,13.0,4N90E
2013-06-07,2013,6,7,145.15,0.18,85.7,,220.49,938.45,4.2,4.0,4N90E
2013-06-08,2013,6,8,177.05,1.28,88.5,,267.41,1190.38,7.79,24.0,4N90E
2013-06-09,2013,6,9,154.53,0.0,84.5,,249.11,1055.27,4.44,1.0,4N90E
2013-06-10,2013,6,10,229.59,0.0,84.1,,311.97,1302.5,2.8,0.0,4N90E
2013-06-11,2013,6,11,116.06,0.0,82.2,,153.41,460.88,3.1,0.0,4N90E
2013-06-12,2013,6,12,117.47,0.12,83.7,,160.44,553.76,4.02,2.0,4N90E
2013-06-13,2013,6,13,162.97,0.0,83.3,,214.39,703.89,6.45,0.0,4N90E
2013-06-14,2013,6,14,271.34,0.0,83.3,,344.81,1005.07,5.29,0.0,4N90E
2013-06-15,2013,6,15,250.23,0.0,83.7,,330.27,1062.78,2.86,0.0,4N90E
2013-06-16,2013,6,16,257.74,0.0,83.0,,342.94,1019.15,2.98,0.0,4N90E
2013-06-17,2013,6,17,167.2,0.24,84.5,,225.65,836.18,6.33,3.0,4N90E
2013-06-18,2013,6,18,104.33,0.24,84.1,,144.49,801.0,4.02,1.0,4N90E
2013-06-19,2013,6,19,238.97,0.0,81.0,,308.22,947.37,5.9,0.0,4N90E
2013-06-20,2013,6,20,261.02,0.0,83.0,,342.0,1027.12,5.17,1.0,4N90E
2013-06-21,2013,6,21,262.9,0.0,83.3,,348.1,1013.05,2.56,0.0,4N90E
2013-06-22,2013,6,22,271.34,0.37,84.5,,352.79,1070.75,5.9,3.0,4N90E
2013-06-23,2013,6,23,102.46,0.18,85.3,,156.69,732.04,38.69,2.0,4N90E
2013-06-24,2013,6,24,236.16,0.0,84.5,,326.05,1004.6,2.31,0.0,4N90E
2013-06-25,2013,6,25,255.86,0.0,83.0,,334.49,961.91,5.48,1.0,4N90E
2013-06-26,2013,6,26,201.91,0.0,79.0,,272.1,941.27,2.31,0.0,4N90E
2013-06-27,2013,6,27,257.27,0.0,80.6,,335.43,1036.97,2.01,0.0,4N90E
2013-06-28,2013,6,28,262.43,0.0,81.0,,343.88,1010.23,1.83,0.0,4N90E
2013-06-29,2013,6,29,276.97,0.0,82.2,,354.67,1058.08,2.62,0.0,4N90E
2013-06-30,2013,6,30,281.67,0.0,80.6,,363.11,1040.73,2.31,0.0,4N90E
2013-07-01,2013,7,1,232.88,0.43,81.8,,320.89,1047.76,5.96,6.0,4N90E
2013-07-02,2013,7,2,202.85,,80.6,,273.97,1082.48,6.94,32.0,4N90E
2013-07-03,2013,7,3,60.23,0.24,78.6,,94.3,463.22,2.25,17.0,4N90E
2013-07-04,2013,7,4,210.36,0.0,78.2,,288.05,994.28,5.48,11.0,4N90E
2013-07-05,2013,7,5,253.05,0.0,80.6,,351.38,1113.91,3.89,13.0,4N90E
2013-07-06,2013,7,6,152.18,0.18,81.8,,220.96,872.31,6.51,3.0,4N90E
2013-07-07,2013,7,7,186.43,0.0,79.8,,253.8,932.36,4.62,0.0,4N90E
2013-07-08,2013,7,8,108.09,0.0,83.3,,180.15,873.71,5.05,1.0,4N90E
2013-07-09,2013,7,9,151.25,0.12,83.0,,217.21,1011.17,3.1,2.0,4N90E
2013-07-10,2013,7,10,189.72,0.0,81.8,,256.62,1177.24,6.21,0.0,4N90E
2013-07-11,2013,7,11,286.36,0.0,80.6,,365.46,1059.49,3.89,0.0,4N90E
2013-07-12,2013,7,12,208.48,0.0,82.2,,296.49,1183.81,5.84,0.0,4N90E
2013-07-13,2013,7,13,257.27,0.0,83.0,,327.46,1084.82,2.19,1.0,4N90E
2013-07-14,2013,7,14,235.69,0.0,83.3,,329.8,1081.07,2.86,0.0,4N90E
2013-07-15,2013,7,15,184.55,0.0,83.0,,262.72,865.74,8.21,0.0,4N90E
2013-07-16,2013,7,16,260.09,0.0,82.6,,336.37,1046.82,6.27,0.0,4N90E
2013-07-17,2013,7,17,208.01,0.0,82.2,,280.07,896.23,6.81,0.0,4N90E
2013-07-18,2013,7,18,217.39,0.0,80.6,,290.86,972.23,3.71,0.0,4N90E
2013-07-19,2013,7,19,253.99,0.0,81.4,,327.93,996.63,6.21,1.0,4N90E
2013-07-20,2013,7,20,276.97,0.0,80.6,,358.42,1044.48,4.38,1.0,4N90E
2013-07-21,2013,7,21,206.6,0.0,81.4,,266.47,930.48,4.26,0.0,4N90E
2013-07-22,2013,7,22,291.52,0.0,79.8,,369.21,1010.23,3.71,0.0,4N90E
2013-07-23,2013,7,23,276.97,0.0,82.6,,370.62,1011.17,4.68,0.0,4N90E
2013-07-24,2013,7,24,215.52,0.0,83.0,,288.05,1097.96,2.43,0.0,4N90E
2013-07-25,2013,7,25,284.95,0.0,79.8,,373.43,1056.21,4.26,0.0,4N90E
2013-07-26,2013,7,26,283.07,0.0,79.8,,366.39,1053.39,2.56,0.0,4N90E
2013-07-27,2013,7,27,218.33,0.0,83.3,,284.76,972.7,4.75,0.0,4N90E
2013-07-28,2013,7,28,232.41,0.0,86.1,,309.16,1040.73,3.65,0.0,4N90E
2013-07-29,2013,7,29,218.33,0.0,84.1,,306.81,944.55,3.35,0.0,4N90E
2013-07-30,2013,7,30,210.83,0.0,82.2,,288.52,1015.86,2.92,0.0,4N90E
2013-07-31,2013,7,31,236.16,0.0,81.4,,341.06,1013.52,4.2,0.0,4N90E
2013-08-01,2013,8,1,161.1,0.0,82.6,,239.73,1218.53,1.58,0.0,4N90E
2013-08-02,2013,8,2,212.7,0.0,82.6,,289.93,936.11,3.53,0.0,4N90E
2013-08-03,2013,8,3,145.15,0.0,82.6,,199.85,747.99,5.6,1.0,4N90E
2013-08-04,2013,8,4,87.91,0.67,85.3,,132.77,575.81,3.53,15.0,4N90E
2013-08-05,2013,8,5,51.79,0.79,86.5,,78.35,318.26,6.69,8.0,4N90E
2013-08-06,2013,8,6,100.11,0.18,86.5,,150.59,739.54,1.95,9.0,4N90E
2013-08-07,2013,8,7,213.64,0.18,85.3,,306.81,1162.23,4.2,17.0,4N90E
2013-08-08,2013,8,8,67.74,1.76,91.2,,106.96,529.84,30.78,34.0,4N90E
2013-08-09,2013,8,9,109.49,,84.5,,157.63,707.17,57.98,27.0,4N90E
2013-08-10,2013,8,10,134.36,0.12,83.7,,180.62,761.12,50.62,8.0,4N90E
2013-08-11,2013,8,11,179.39,0.06,85.3,,269.75,1058.08,5.54,1.0,4N90E
2013-08-12,2013,8,12,269.94,0.43,85.3,,354.67,1035.1,6.27,4.0,4N90E
2013-08-13,2013,8,13,95.89,0.43,85.3,28.23,125.73,487.62,7.48,2.0,4N90E
2013-08-14,2013,8,14,84.16,0.3,86.9,28.19,142.62,548.6,2.86,5.0,4N90E
2013-08-15,2013,8,15,155.47,0.0,83.7,28.18,207.83,763.94,3.71,0.0,4N90E
2013-08-16,2013,8,16,232.88,0.0,79.0,28.21,316.67,1092.8,2.19,0.0,4N90E
2013-08-17,2013,8,17,297.62,0.0,77.0,,380.0,1060.43,3.41,0.0,4N90E
2013-08-18,2013,8,18,256.33,0.0,77.4,28.28,338.72,1046.82,3.89,0.0,4N90E
2013-08-19,2013,8,19,304.18,0.12,81.8,28.41,387.51,1100.31,2.43,2.0,4N90E
2013-08-20,2013,8,20,229.59,0.0,82.6,28.37,330.27,1282.8,2.92,0.0,4N90E
2013-08-21,2013,8,21,284.95,0.0,81.8,28.34,372.49,1110.16,3.53,0.0,4N90E
2013-08-22,2013,8,22,242.26,0.0,81.0,28.34,320.89,1135.49,6.63,0.0,4N90E
2013-08-23,2013,8,23,233.34,0.0,82.2,28.45,315.26,1074.5,1.46,0.0,4N90E
2013-08-24,2013,8,24,236.16,0.24,83.0,28.56,318.54,1120.48,3.04,2.0,4N90E
2013-08-25,2013,8,25,287.3,0.0,83.7,,378.12,1089.98,2.37,1.0,4N90E
2013-08-26,2013,8,26,291.05,0.06,85.3,,381.41,1058.08,1.22,2.0,4N90E
2013-08-27,2013,8,27,277.91,,81.4,28.58,381.41,1035.1,1.7,0.0,4N90E
2013-08-28,2013,8,28,257.74,,82.2,28.58,331.68,1181.94,0.85,0.0,4N90E
2013-08-29,2013,8,29,256.8,2.13,81.8,28.64,330.74,1068.87,41.13,9.0,4N90E
2013-08-30,2013,8,30,181.74,1.46,85.7,28.56,292.27,1345.66,14.54,9.0,4N90E
2013-08-31,2013,8,31,275.57,0.67,85.3,,376.72,1140.18,7.12,3.0,4N90E
2013-09-01,2013,9,1,155.94,0.37,88.1,28.6,248.17,1256.53,3.71,3.0,4N90E
2013-09-02,2013,9,2,90.73,0.49,88.1,,163.26,608.65,2.43,18.0,4N90E
2013-09-03,2013,9,3,147.96,0.12,83.3,,224.72,1125.17,4.26,3.0,4N90E
2013-09-04,2013,9,4,158.75,0.0,83.7,,251.46,1203.52,6.14,0.0,4N90E
2013-09-05,2013,9,5,225.84,0.0,81.4,28.43,310.57,983.96,4.08,1.0,4N90E
2013-09-06,2013,9,6,201.44,0.0,78.6,,273.04,1107.34,5.11,0.0,4N90E
2013-09-07,2013,9,7,252.58,0.0,78.2,,336.84,1189.44,5.41,4.0,4N90E
2013-09-08,2013,9,8,289.64,0.12,81.8,28.46,380.47,1127.52,2.8,8.0,4N90E
2013-09-09,2013,9,9,219.74,0.37,81.0,,309.16,1121.42,3.35,4.0,4N90E
2013-09-10,2013,9,10,63.05,0.24,83.7,,95.7,438.83,6.39,5.0,4N90E
2013-09-11,2013,9,11,99.64,0.24,81.8,,166.07,1118.13,46.42,1.0,4N90E
2013-09-12,2013,9,12,277.44,0.0,80.2,,368.74,1229.32,1.16,0.0,4N90E
2013-09-13,2013,9,13,307.0,0.0,79.8,,394.54,1048.7,1.46,0.0,4N90E
2013-09-14,2013,9,14,273.69,0.0,81.4,28.36,357.48,1065.12,1.16,0.0,4N90E
2013-09-15,2013,9,15,251.17,0.0,76.7,,345.75,1231.19,2.49,0.0,4N90E
2013-09-16,2013,9,16,217.86,0.0,80.2,,285.23,895.76,2.8,0.0,4N90E
2013-09-17,2013,9,17,268.06,0.0,81.8,,361.23,1166.45,2.25,0.0,4N90E
2013-09-18,2013,9,18,287.76,0.0,80.6,,371.55,1101.71,1.95,0.0,4N90E
2013-09-19,2013,9,19,260.55,0.0,82.6,28.35,353.26,1143.94,1.7,0.0,4N90E
2013-09-20,2013,9,20,262.9,0.0,83.7,28.37,356.54,1124.23,2.86,0.0,4N90E
2013-09-21,2013,9,21,251.17,0.0,84.9,28.32,350.44,1047.76,2.98,0.0,4N90E
2013-09-22,2013,9,22,234.28,0.0,84.1,,302.59,1051.52,6.87,0.0,4N90E
2013-09-23,2013,9,23,264.78,0.0,84.5,28.38,351.85,1069.81,4.62,0.0,4N90E
2013-09-24,2013,9,24,243.67,0.0,83.3,28.4,310.1,950.65,2.43,0.0,4N90E
2013-09-25,2013,9,25,252.11,0.0,84.9,28.46,343.41,1210.55,2.62,0.0,4N90E
2013-09-26,2013,9,26,272.28,0.18,83.7,28.53,365.93,1080.13,4.81,1.0,4N90E
2013-09-27,2013,9,27,263.37,0.0,82.2,28.58,357.48,1142.53,2.68,0.0,4N90E
2013-09-28,2013,9,28,279.79,0.0,82.6,28.56,372.02,1128.45,1.34,0.0,4N90E
2013-09-29,2013,9,29,289.17,0.12,83.7,,380.94,1122.36,3.04,1.0,4N90E
2013-09-30,2013,9,30,284.01,0.06,84.1,,395.95,1136.43,0.0,1.0,4N90E
2013-10-01,2013,10,1,246.95,0.0,83.3,,342.94,1150.5,2.8,0.0,4N90E
2013-10-02,2013,10,2,175.64,0.3,83.0,,257.55,1232.13,0.0,4.0,4N90E
2013-10-03,2013,10,3,83.69,0.43,83.0,28.54,116.81,438.36,14.72,10.0,4N90E
2013-10-04,2013,10,4,284.95,0.0,80.2,,380.47,1111.1,0.73,0.0,4N90E
2013-10-05,2013,10,5,283.54,0.0,77.8,28.94,368.27,1130.33,0.43,0.0,4N90E
2013-10-06,2013,10,6,276.51,0.0,79.4,28.89,372.96,1099.84,0.55,1.0,4N90E
2013-10-07,2013,10,7,126.85,0.0,81.0,28.69,156.22,443.99,0.55,1.0,4N90E
2013-10-08,2013,10,8,239.44,0.06,82.6,28.66,342.94,1232.6,4.44,11.0,4N90E
2013-10-09,2013,10,9,290.11,0.37,80.6,28.7,375.31,1188.97,5.96,14.0,4N90E
2013-10-10,2013,10,10,283.54,0.0,80.6,28.78,370.62,1044.95,1.1,0.0,4N90E
2013-10-11,2013,10,11,281.2,0.06,81.0,28.82,372.49,1088.58,19.53,1.0,4N90E
2013-10-12,2013,10,12,201.44,0.0,84.1,,281.01,1134.08,3.71,0.0,4N90E
2013-10-13,2013,10,13,279.79,0.0,81.8,,379.53,1068.87,8.94,0.0,4N90E
2013-10-14,2013,10,14,270.41,0.0,80.6,,364.99,1160.82,3.41,0.0,4N90E
2013-10-15,2013,10,15,276.51,0.12,83.3,,370.62,1140.65,3.16,2.0,4N90E
2013-10-16,2013,10,16,201.91,0.18,86.5,,300.72,1146.28,1.89,4.0,4N90E
2013-10-17,2013,10,17,24.11,2.8,88.9,,32.37,132.95,8.82,34.0,4N90E
2013-10-18,2013,10,18,105.74,0.37,85.7,,157.63,703.89,3.59,5.0,4N90E
2013-10-19,2013,10,19,67.27,0.61,86.5,,88.2,320.13,3.65,13.0,4N90E
2013-10-20,2013,10,20,38.18,0.18,84.5,,48.79,205.2,3.41,2.0,4N90E
2013-10-21,2013,10,21,134.36,0.0,82.6,,168.89,664.95,4.62,0.0,4N90E
2013-10-22,2013,10,22,182.68,0.24,84.1,,257.09,1183.34,2.56,4.0,4N90E
2013-10-23,2013,10,23,256.33,0.0,77.4,,345.28,1325.02,2.92,0.0,4N90E
2013-10-24,2013,10,24,268.06,0.0,78.2,,363.58,1217.59,4.32,0.0,4N90E
2013-10-25,2013,10,25,294.33,0.0,74.3,,380.47,1095.15,1.76,0.0,4N90E
2013-10-26,2013,10,26,292.46,0.0,75.1,,376.72,1054.8,4.32,0.0,4N90E
2013-10-27,2013,10,27,287.3,0.06,79.8,,374.37,1044.48,4.75,1.0,4N90E
2013-10-28,2013,10,28,278.38,0.0,78.6,29.34,368.27,1131.27,1.64,0.0,4N90E
2013-10-29,2013,10,29,257.74,0.0,76.7,29.31,350.44,1191.79,4.32,0.0,4N90E
2013-10-30,2013,10,30,140.93,0.06,83.7,28.92,240.2,1326.43,5.48,1.0,4N90E
2013-10-31,2013,10,31,284.95,0.06,82.2,29.17,386.1,1139.24,2.25,1.0,4N90E
2013-11-01,2013,11,1,234.28,0.18,82.2,29.21,329.8,1087.64,5.41,2.0,4N90E
2013-11-02,2013,11,2,260.55,0.0,81.0,29.62,365.46,1212.9,2.25,0.0,4N90E
2013-11-03,2013,11,3,245.54,0.0,77.4,29.55,319.01,1157.07,44.53,1.0,4N90E
2013-11-04,2013,11,4,248.36,0.0,77.4,29.62,346.22,1102.65,1.16,0.0,4N90E
2013-11-05,2013,11,5,273.22,0.0,76.3,,361.23,1083.89,2.19,1.0,4N90E
2013-11-06,2013,11,6,226.78,0.43,80.6,,309.63,1083.89,0.0,10.0,4N90E
2013-11-07,2013,11,7,272.28,3.53,86.9,,377.18,1168.8,64.0,13.0,4N90E
2013-11-08,2013,11,8,249.76,0.3,79.4,,334.96,1105.0,3.47,3.0,4N90E
2013-11-09,2013,11,9,139.05,0.3,80.6,,217.68,890.13,2.74,3.0,4N90E
2013-11-10,2013,11,10,194.88,0.12,81.8,,271.16,1025.71,2.13,2.0,4N90E
2013-11-11,2013,11,11,239.91,0.0,80.2,,343.88,1183.34,1.83,0.0,4N90E
2013-11-12,2013,11,12,208.48,0.0,82.6,,306.81,1094.68,0.0,1.0,4N90E
2013-11-13,2013,11,13,208.01,0.0,84.1,,316.2,1215.24,0.91,0.0,4N90E
2013-11-14,2013,11,14,65.39,1.22,87.3,,115.41,537.34,11.32,14.0,4N90E
2013-11-15,2013,11,15,160.63,0.43,81.8,,234.1,894.82,5.17,4.0,4N90E
2013-11-16,2013,11,16,171.89,0.12,80.2,,242.07,1048.23,1.46,3.0,4N90E
2013-11-17,2013,11,17,238.51,0.0,80.6,,326.05,1120.48,1.03,0.0,4N90E
2013-11-18,2013,11,18,278.38,0.43,77.0,,356.07,1003.19,5.05,2.0,4N90E
2013-11-19,2013,11,19,188.31,0.3,79.0,,262.25,981.61,5.9,4.0,4N90E
2013-11-20,2013,11,20,272.28,0.0,75.9,,358.42,1143.47,1.64,0.0,4N90E
2013-11-21,2013,11,21,283.07,0.0,73.9,,361.7,1016.8,1.89,0.0,4N90E
2013-11-22,2013,11,22,269.47,0.0,70.0,,350.91,1000.85,3.22,0.0,4N90E
2013-11-23,2013,11,23,204.26,0.06,73.5,,299.78,1061.84,2.01,1.0,4N90E
2013-11-24,2013,11,24,258.68,0.0,77.4,,341.06,1094.68,2.07,0.0,4N90E
2013-11-25,2013,11,25,254.93,0.0,76.3,,347.63,1058.55,4.93,0.0,4N90E
2013-11-26,2013,11,26,198.63,0.67,79.4,,282.89,1279.52,8.7,2.0,4N90E
2013-11-27,2013,11,27,254.46,0.0,78.2,,346.69,1018.21,2.31,0.0,4N90E
2013-11-28,2013,11,28,224.9,0.0,81.8,,311.51,1021.02,2.13,0.0,4N90E
2013-11-29,2013,11,29,108.55,0.0,81.8,,167.95,901.39,1.58,0.0,4N90E
2013-11-30,2013,11,30,229.12,9.43,85.7,,335.9,1060.43,18.8,9.0,4N90E
2013-12-01,2013,12,1,162.97,0.73,87.3,,240.67,1012.11,4.02,20.0,4N90E
2013-12-02,2013,12,2,109.02,0.49,85.3,,161.85,735.32,3.29,6.0,4N90E
2013-12-03,2013,12,3,132.48,0.0,81.0,,180.62,649.94,1.76,0.0,4N90E
2013-12-04,2013,12,4,226.78,0.12,82.6,,314.79,969.42,5.11,4.0,4N90E
2013-12-05,2013,12,5,164.38,0.06,86.9,,250.52,1164.11,2.37,3.0,4N90E
2013-12-06,2013,12,6,210.83,0.12,85.7,,311.97,1018.68,2.86,6.0,4N90E
2013-12-07,2013,12,7,125.91,0.55,86.1,,213.46,846.03,4.62,8.0,4N90E
2013-12-08,2013,12,8,187.37,0.06,85.7,,278.67,1225.56,7.73,2.0,4N90E
2013-12-09,2013,12,9,108.09,0.06,86.1,,158.1,662.6,3.83,2.0,4N90E
2013-12-10,2013,12,10,185.02,0.12,82.6,,253.8,869.96,4.32,1.0,4N90E
2013-12-11,2013,12,11,138.58,0.0,78.2,,225.65,1036.97,1.95,0.0,4N90E
2013-12-12,2013,12,12,194.41,0.0,81.0,,283.36,998.03,4.14,0.0,4N90E
2013-12-13,2013,12,13,240.38,0.0,81.4,,313.85,930.48,1.4,0.0,4N90E
2013-12-14,2013,12,14,215.52,0.3,81.4,,314.32,1131.74,0.0,1.0,4N90E
2013-12-15,2013,12,15,194.88,0.12,81.4,,307.28,1101.71,20.87,6.0,4N90E
2013-12-16,2013,12,16,189.25,0.0,77.4,,277.26,1109.69,1.46,0.0,4N90E
2013-12-17,2013,12,17,235.22,0.49,82.6,,324.17,1025.24,4.81,4.0,4N90E
2013-12-18,2013,12,18,253.99,0.0,79.8,,350.91,991.0,3.22,0.0,4N90E
2013-12-19,2013,12,19,254.46,0.0,75.5,,345.28,955.81,5.48,0.0,4N90E
2014-11-30,2014,11,30,,,,29.0,,,,,4N90E
2014-12-01,2014,12,1,255.09,-0.02,78.4,29.37,358.98,1171.09,0.33,0.0,4N90E
2014-12-02,2014,12,2,189.67,-0.01,81.7,28.96,271.56,1012.93,0.27,2.1,4N90E
2014-12-03,2014,12,3,83.79,0.01,83.2,28.68,110.44,392.89,0.13,0.0,4N90E
2014-12-04,2014,12,4,289.17,0.19,82.8,28.92,388.26,1165.49,1.03,6.9,4N90E
2014-12-05,2014,12,5,137.57,0.02,86.5,28.6,223.83,1318.05,0.41,2.8,4N90E
2014-12-06,2014,12,6,236.4,0.01,84.0,28.71,329.65,1205.14,0.3,2.1,4N90E
2014-12-07,2014,12,7,268.77,-0.01,80.9,29.21,363.38,1087.57,0.06,0.0,4N90E
2014-12-08,2014,12,8,219.54,0.03,81.8,29.13,329.66,1213.07,0.2,1.4,4N90E
2014-12-09,2014,12,9,242.31,0.29,81.2,29.31,357.74,1058.18,2.73,2.1,4N90E
2014-12-10,2014,12,10,203.41,0.0,79.7,29.4,309.51,1114.63,0.35,1.4,4N90E
2014-12-11,2014,12,11,224.44,0.04,79.6,29.38,341.32,1135.16,0.27,0.7,4N90E
2014-12-12,2014,12,12,71.64,0.02,72.9,29.0,113.08,581.84,0.38,2.1,4N90E
2014-12-13,2014,12,13,196.09,-0.01,75.6,28.97,273.01,1149.62,0.02,0.0,4N90E
2014-12-14,2014,12,14,257.75,-0.01,80.3,29.26,344.49,1171.55,0.08,0.0,4N90E
2014-12-15,2014,12,15,221.86,0.0,78.3,29.48,300.94,1218.21,0.07,0.0,4N90E
2014-12-16,2014,12,16,262.91,0.39,79.0,29.63,359.54,1131.43,3.12,3.5,4N90E
2014-12-17,2014,12,17,173.42,0.02,83.3,29.28,262.63,1007.33,0.29,1.4,4N90E
2014-12-18,2014,12,18,243.13,0.23,82.5,29.31,330.53,1043.72,1.05,8.3,4N90E
2014-12-19,2014,12,19,248.28,-0.01,79.4,29.43,332.84,1175.28,0.05,0.0,4N90E
2014-12-20,2014,12,20,81.92,0.68,84.6,29.16,116.07,582.78,3.27,9.0,4N90E
2014-12-21,2014,12,21,117.35,0.09,83.1,29.12,240.77,1205.61,0.72,5.6,4N90E
2014-12-22,2014,12,22,143.65,0.05,81.9,29.14,219.53,1271.39,0.33,2.8,4N90E
2014-12-23,2014,12,23,142.44,-0.05,83.7,29.05,203.47,741.4,0.29,0.0,4N90E
2014-12-24,2014,12,24,47.13,1.21,87.1,28.78,80.39,368.17,4.02,13.9,4N90E
2014-12-25,2014,12,25,57.74,0.51,82.2,28.77,84.81,312.65,2.06,6.9,4N90E
2014-12-26,2014,12,26,198.6,0.43,81.2,28.91,278.14,1124.9,3.34,4.9,4N90E
2014-12-27,2014,12,27,177.06,-0.01,78.1,29.0,236.82,912.62,0.03,0.0,4N90E
2014-12-28,2014,12,28,217.48,0.0,79.0,28.99,294.46,1065.18,0.01,0.0,4N90E
2014-12-29,2014,12,29,232.42,0.0,79.4,29.38,310.85,1041.39,0.02,0.0,4N90E
2014-12-30,2014,12,30,271.13,0.21,77.9,29.38,359.54,1131.9,1.78,2.8,4N90E
2014-12-31,2014,12,31,265.58,-0.01,75.2,29.39,357.35,1115.1,0.02,0.0,4N90E
2015-01-01,2015,1,1,237.16,-0.01,76.5,29.4,333.78,1044.65,0.01,0.0,4N90E
2015-01-02,2015,1,2,271.76,0.0,73.0,29.71,353.24,1010.13,0.01,0.0,4N90E
2015-01-03,2015,1,3,186.66,1.54,80.4,29.38,243.05,815.11,10.73,3.5,4N90E
2015-01-04,2015,1,4,167.44,0.02,80.5,29.42,310.83,1371.23,0.3,0.7,4N90E
2015-01-05,2015,1,5,270.17,0.0,72.5,29.43,370.48,1053.52,0.03,0.0,4N90E
2015-01-06,2015,1,6,217.23,1.18,77.8,29.5,318.76,1115.57,6.26,4.9,4N90E
2015-01-07,2015,1,7,239.13,0.02,77.3,29.42,358.84,1205.14,0.2,0.7,4N90E
2015-01-08,2015,1,8,268.76,0.0,72.5,29.31,365.96,1064.71,0.01,0.0,4N90E
2015-01-09,2015,1,9,284.5,0.0,73.1,29.58,370.32,1110.44,0.02,0.0,4N90E
2015-01-10,2015,1,10,225.24,0.04,83.2,29.37,311.99,1183.68,0.38,1.4,4N90E
2015-01-11,2015,1,11,85.76,0.98,81.0,29.16,122.36,658.36,3.23,13.9,4N90E
2015-01-12,2015,1,12,219.74,0.0,71.6,29.21,293.74,1191.15,0.01,0.0,4N90E
2015-01-13,2015,1,13,238.88,-0.02,71.2,29.24,333.23,1317.58,0.05,0.0,4N90E
2015-01-14,2015,1,14,283.44,0.0,72.4,29.5,363.59,1033.46,0.01,0.0,4N90E
2015-01-15,2015,1,15,260.42,0.0,73.3,29.75,345.78,1130.03,0.09,0.0,4N90E
2015-01-16,2015,1,16,285.94,0.01,75.4,29.7,372.35,1047.92,0.07,0.0,4N90E
2015-01-17,2015,1,17,276.39,0.0,78.8,29.58,364.21,1077.78,0.01,0.0,4N90E
2015-01-18,2015,1,18,203.24,0.45,77.5,29.56,311.33,1076.84,3.2,2.8,4N90E
2015-01-19,2015,1,19,298.21,-0.02,74.7,29.47,380.19,1060.05,0.02,0.0,4N90E
2015-01-20,2015,1,20,232.31,-0.01,77.0,29.41,313.64,1090.37,0.01,0.0,4N90E
2015-01-21,2015,1,21,211.04,0.05,78.9,29.29,318.99,1222.87,0.45,1.4,4N90E
2015-01-22,2015,1,22,249.44,-0.01,79.2,29.25,364.02,1091.77,0.01,0.0,4N90E
2015-01-23,2015,1,23,50.44,0.99,77.3,29.11,73.43,273.92,4.31,12.5,4N90E
2015-01-24,2015,1,24,,-0.04,71.8,29.0,,,0.04,0.0,4N90E
2015-01-25,2015,1,25,,-0.02,77.0,28.96,,,0.02,0.0,4N90E
2015-01-26,2015,1,26,,0.12,83.5,28.91,,,0.58,4.9,4N90E
2015-01-27,2015,1,27,,0.0,78.1,29.24,,,0.02,0.0,4N90E
2015-01-28,2015,1,28,,-0.01,78.2,29.27,,,0.02,0.0,4N90E
2015-01-29,2015,1,29,,-0.02,80.9,29.17,,,0.02,0.0,4N90E
2015-01-30,2015,1,30,,,80.9,29.24,,,,,4N90E
2015-01-31,2015,1,31,,,81.1,29.11,,,,,4N90E
2015-02-01,2015,2,1,,,80.4,29.04,,,,,4N90E
2015-02-02,2015,2,2,,,80.1,28.97,,,,,4N90E
2015-02-03,2015,2,3,,,83.8,28.87,,,,,4N90E
2015-02-04,2015,2,4,,,83.8,28.82,,,,,4N90E
2015-02-05,2015,2,5,,,83.9,28.69,,,,,4N90E
2015-02-06,2015,2,6,,,78.1,29.0,,,,,4N90E
2015-02-07,2015,2,7,,,82.4,28.77,,,,,4N90E
2015-02-08,2015,2,8,,,84.8,28.64,,,,,4N90E
2015-02-09,2015,2,9,,,87.8,28.6,,,,,4N90E
2015-02-10,2015,2,10,,,84.8,28.66,,,,,4N90E
2015-02-11,2015,2,11,,,83.8,28.76,,,,,4N90E
2015-02-12,2015,2,12,,,78.3,28.72,,,,,4N90E
2015-02-13,2015,2,13,,,77.0,28.7,,,,,4N90E
2015-02-14,2015,2,14,,,79.1,28.6,,,,,4N90E
2015-02-15,2015,2,15,,,73.3,28.64,,,,,4N90E
2015-02-16,2015,2,16,,,73.0,28.62,,,,,4N90E
2015-02-17,2015,2,17,,,77.9,28.45,,,,,4N90E
2015-02-18,2015,2,18,,,75.6,28.67,,,,,4N90E
2015-02-19,2015,2,19,,,75.9,28.47,,,,,4N90E
2015-02-20,2015,2,20,,,77.8,28.5,,,,,4N90E
2015-02-21,2015,2,21,,,74.7,28.87,,,,,4N90E
2015-02-22,2015,2,22,,,71.8,28.89,,,,,4N90E
2015-02-23,2015,2,23,,,72.1,29.09,,,,,4N90E
2015-02-24,2015,2,24,,,73.1,29.2,,,,,4N90E
2015-02-25,2015,2,25,,,75.5,29.14,,,,,4N90E
2015-02-26,2015,2,26,,,74.6,29.1,,,,,4N90E
2015-02-27,2015,2,27,,,71.9,29.2,,,,,4N90E
2015-02-28,2015,2,28,,,72.6,29.19,,,,,4N90E
2015-03-01,2015,3,1,,,78.4,29.25,,,,,4N90E
2015-03-02,2015,3,2,,,79.2,29.6,,,,,4N90E
2015-03-03,2015,3,3,,,77.4,29.78,,,,,4N90E
2015-03-04,2015,3,4,,,75.0,29.97,,,,,4N90E
2015-03-05,2015,3,5,,,77.2,29.88,,,,,4N90E
2015-03-06,2015,3,6,,,80.4,29.73,,,,,4N90E
2015-03-07,2015,3,7,,,76.8,29.72,,,,,4N90E
2015-03-08,2015,3,8,,,79.9,29.61,,,,,4N90E
2015-03-09,2015,3,9,,,78.7,29.5,,,,,4N90E
2015-03-10,2015,3,10,,,83.4,29.61,,,,,4N90E
2015-03-11,2015,3,11,,,80.3,29.61,,,,,4N90E
2015-03-12,2015,3,12,,,83.0,29.63,,,,,4N90E
2015-03-13,2015,3,13,,,83.9,29.67,,,,,4N90E
2015-03-14,2015,3,14,,,78.3,30.09,,,,,4N90E
2015-03-15,2015,3,15,,,75.7,29.83,,,,,4N90E
2015-03-16,2015,3,16,,,74.2,29.82,,,,,4N90E
2015-03-17,2015,3,17,,,74.7,29.81,,,,,4N90E
2015-03-18,2015,3,18,,,80.2,29.91,,,,,4N90E
2015-03-19,2015,3,19,,,79.9,29.77,,,,,4N90E
2015-03-20,2015,3,20,,,77.6,29.85,,,,,4N90E
2015-03-21,2015,3,21,,,81.7,29.79,,,,,4N90E
2015-03-22,2015,3,22,,,78.1,30.06,,,,,4N90E
2015-03-23,2015,3,23,,,78.0,30.15,,,,,4N90E
2015-03-24,2015,3,24,,,80.4,30.29,,,,,4N90E
2015-03-25,2015,3,25,,,79.3,30.27,,,,,4N90E
2015-03-26,2015,3,26,,,81.9,30.08,,,,,4N90E
2015-03-27,2015,3,27,,,80.8,30.16,,,,,4N90E
2015-03-28,2015,3,28,,,79.5,30.36,,,,,4N90E
2015-03-29,2015,3,29,,,79.7,30.18,,,,,4N90E
2015-03-30,2015,3,30,,,77.8,30.34,,,,,4N90E
2015-03-31,2015,3,31,,,77.1,30.64,,,,,4N90E
2015-04-01,2015,4,1,,,81.2,30.15,,,,,4N90E
2015-04-02,2015,4,2,,,77.9,30.32,,,,,4N90E
2015-04-03,2015,4,3,,,77.1,30.36,,,,,4N90E
2015-04-04,2015,4,4,,,76.1,30.77,,,,,4N90E
2015-04-05,2015,4,5,,,75.2,30.89,,,,,4N90E
2015-04-06,2015,4,6,,,79.9,30.72,,,,,4N90E
2015-04-07,2015,4,7,,,80.1,30.93,,,,,4N90E
2015-04-08,2015,4,8,,,85.5,30.53,,,,,4N90E
2015-04-09,2015,4,9,,,81.8,30.53,,,,,4N90E
2015-04-10,2015,4,10,,,82.8,30.42,,,,,4N90E
2015-04-11,2015,4,11,,,79.2,30.39,,,,,4N90E
2015-04-12,2015,4,12,,,77.7,30.37,,,,,4N90E
2015-04-13,2015,4,13,,,79.6,30.28,,,,,4N90E
2015-04-14,2015,4,14,,,82.3,30.31,,,,,4N90E
2015-04-15,2015,4,15,,,81.2,30.25,,,,,4N90E
2015-04-16,2015,4,16,,,75.8,30.53,,,,,4N90E
2015-04-17,2015,4,17,,,79.9,30.49,,,,,4N90E
2015-04-18,2015,4,18,,,83.8,30.28,,,,,4N90E
2015-04-19,2015,4,19,,,82.2,30.36,,,,,4N90E
2015-04-20,2015,4,20,,,82.8,30.32,,,,,4N90E
2015-04-21,2015,4,21,,,78.0,30.37,,,,,4N90E
2015-04-22,2015,4,22,,,81.8,30.16,,,,,4N90E
2015-04-23,2015,4,23,,,73.6,30.65,,,,,4N90E
2015-04-24,2015,4,24,,,70.1,30.77,,,,,4N90E
2015-04-25,2015,4,25,,,72.7,30.85,,,,,4N90E
2015-04-26,2015,4,26,,,76.4,30.29,,,,,4N90E
2015-04-27,2015,4,27,,,81.1,30.18,,,,,4N90E
2015-04-28,2015,4,28,,,81.0,30.3,,,,,4N90E
2015-04-29,2015,4,29,,,80.4,30.47,,,,,4N90E
2015-04-30,2015,4,30,,,84.0,30.19,,,,,4N90E
2015-05-01,2015,5,1,,,79.7,30.06,,,,,4N90E
2015-05-02,2015,5,2,,,81.8,30.06,,,,,4N90E
2015-05-03,2015,5,3,,,83.1,30.17,,,,,4N90E
2015-05-04,2015,5,4,,,82.4,30.23,,,,,4N90E
2015-05-05,2015,5,5,,,80.0,30.4,,,,,4N90E
2015-05-06,2015,5,6,,,75.6,30.39,,,,,4N90E
2015-05-07,2015,5,7,,,74.8,30.48,,,,,4N90E
2015-05-09,2015,5,9,,,,30.13,,,,,4N90E
2015-05-10,2015,5,10,278.09,0.0,80.3,30.27,354.69,1088.76,0.29,0.7,4N90E
2015-05-11,2015,5,11,266.9,0.07,83.2,30.2,339.94,968.18,0.79,4.2,4N90E
2015-05-12,2015,5,12,140.8,0.08,84.2,30.07,176.74,775.81,0.28,2.1,4N90E
2015-05-13,2015,5,13,228.05,0.04,81.8,30.03,322.3,1097.67,0.36,1.4,4N90E
2015-05-14,2015,5,14,87.61,0.08,81.6,29.97,119.83,479.29,0.76,2.1,4N90E
2015-05-15,2015,5,15,272.98,-0.02,80.1,30.13,349.54,1047.94,0.2,0.0,4N90E
2015-05-16,2015,5,16,264.23,0.01,79.0,30.08,355.23,1060.14,0.04,0.0,4N90E
2015-05-17,2015,5,17,275.92,0.03,76.8,30.19,365.26,1050.75,0.02,0.0,4N90E
2015-05-18,2015,5,18,295.62,0.02,76.0,30.53,374.96,1150.69,0.02,0.0,4N90E
2015-05-19,2015,5,19,296.57,-0.01,78.7,30.46,382.71,1283.0,0.11,0.0,4N90E
2015-05-20,2015,5,20,281.22,0.03,77.1,30.33,363.51,1079.84,0.1,0.0,4N90E
2015-05-21,2015,5,21,255.46,-0.01,76.8,30.3,349.1,1154.91,0.08,0.0,4N90E
2015-05-22,2015,5,22,156.63,-0.02,79.5,30.27,221.16,967.71,0.1,0.0,4N90E
2015-05-23,2015,5,23,242.1,0.0,76.5,30.52,312.13,901.55,0.17,0.0,4N90E
2015-05-24,2015,5,24,43.49,0.28,81.4,30.19,54.89,173.38,1.36,7.8,4N90E
2015-05-25,2015,5,25,76.46,0.04,80.3,30.16,117.41,451.14,0.22,0.0,4N90E
2015-05-26,2015,5,26,145.41,0.0,79.3,30.11,194.21,736.4,0.19,0.0,4N90E
2015-05-27,2015,5,27,199.89,-0.01,78.1,30.1,261.22,850.41,0.15,0.0,4N90E
2015-05-28,2015,5,28,263.7,0.0,76.2,30.24,334.49,1086.88,0.19,0.0,4N90E
2015-05-29,2015,5,29,225.01,-0.02,74.2,30.12,318.64,1083.6,0.19,1.4,4N90E
2015-05-30,2015,5,30,270.03,0.13,74.4,30.24,343.7,1019.79,0.95,1.4,4N90E
2015-05-31,2015,5,31,299.05,0.03,74.5,30.46,365.84,1080.78,0.44,4.2,4N90E
2015-06-01,2015,6,1,291.54,0.0,77.0,30.35,361.79,979.44,0.13,0.0,4N90E
2015-06-02,2015,6,2,269.13,-0.02,75.8,30.6,349.14,1126.29,0.19,0.0,4N90E
2015-06-03,2015,6,3,291.4,-0.02,75.7,30.85,359.8,953.63,0.27,2.1,4N90E
2015-06-04,2015,6,4,276.93,0.0,74.9,30.65,349.93,1011.81,0.16,0.0,4N90E
2015-06-05,2015,6,5,254.52,0.01,76.9,30.68,331.04,1006.18,0.18,0.7,4N90E
2015-06-06,2015,6,6,260.35,0.05,74.4,30.99,329.46,937.68,0.51,2.1,4N90E
2015-06-07,2015,6,7,130.47,-0.03,78.9,30.45,225.5,1063.89,0.14,0.7,4N90E
2015-06-08,2015,6,8,244.74,0.02,75.4,30.53,310.66,978.97,0.05,0.0,4N90E
2015-06-09,2015,6,9,225.27,0.12,77.8,30.43,321.75,1146.0,0.99,2.1,4N90E
2015-06-10,2015,6,10,190.81,0.0,77.2,30.35,291.83,968.18,0.08,0.0,4N90E
2015-06-11,2015,6,11,103.93,0.04,78.5,30.26,170.81,1015.1,0.46,1.4,4N90E
2015-06-12,2015,6,12,87.6,0.89,78.8,30.17,132.45,754.23,3.44,12.3,4N90E
2015-06-13,2015,6,13,271.24,0.07,75.9,30.45,351.97,1181.66,0.45,3.5,4N90E
2015-06-14,2015,6,14,192.53,0.01,78.3,30.24,294.47,1000.08,0.27,1.4,4N90E
2015-06-15,2015,6,15,144.96,0.0,78.7,30.29,221.23,825.54,0.13,0.0,4N90E
2015-06-16,2015,6,16,56.85,0.35,80.8,30.23,87.71,301.47,1.4,11.1,4N90E
2015-06-17,2015,6,17,201.61,0.2,78.3,30.23,276.39,1081.72,1.08,5.8,4N90E
2015-06-18,2015,6,18,240.97,0.01,79.3,30.22,331.19,986.94,0.37,0.7,4N90E
2015-06-19,2015,6,19,254.34,0.0,79.5,30.2,336.05,1252.5,0.22,0.0,4N90E
2015-06-20,2015,6,20,259.89,-0.02,78.1,30.19,333.21,1009.93,0.24,0.7,4N90E
2015-06-21,2015,6,21,226.68,-0.01,78.5,30.15,309.79,999.61,0.09,0.0,4N90E
2015-06-22,2015,6,22,272.05,-0.01,77.9,30.16,348.3,979.44,0.18,0.0,4N90E
2015-06-23,2015,6,23,259.21,-0.01,79.3,30.25,337.93,989.29,0.22,0.0,4N90E
2015-06-24,2015,6,24,250.58,0.0,78.2,30.24,334.97,1063.42,0.16,0.0,4N90E
2015-06-25,2015,6,25,264.83,0.0,77.1,30.28,345.17,996.33,0.13,0.0,4N90E
2015-06-26,2015,6,26,241.73,-0.01,75.0,30.28,311.56,1019.32,0.1,0.0,4N90E
2015-06-27,2015,6,27,255.09,-0.02,75.7,30.25,327.21,987.88,0.09,0.0,4N90E
2015-06-28,2015,6,28,236.12,0.05,78.9,30.2,304.65,1001.49,0.66,0.7,4N90E
2015-06-29,2015,6,29,114.93,0.32,79.2,30.09,158.83,659.45,2.27,2.8,4N90E
2015-06-30,2015,6,30,272.0,-0.01,75.7,30.23,343.6,979.44,0.07,0.0,4N90E
2015-07-01,2015,7,1,287.72,-0.02,73.7,30.14,365.95,1025.42,0.06,0.0,4N90E
2015-07-02,2015,7,2,275.04,0.62,79.9,30.21,361.63,1047.94,3.13,10.6,4N90E
2015-07-03,2015,7,3,115.42,0.01,76.9,29.99,165.23,666.02,0.06,0.0,4N90E
2015-07-04,2015,7,4,219.12,1.24,83.3,29.82,353.9,1260.95,4.63,14.3,4N90E
2015-07-05,2015,7,5,57.89,1.83,86.1,29.8,91.91,440.81,4.3,28.2,4N90E
2015-07-06,2015,7,6,27.97,1.46,87.7,29.8,40.43,219.83,3.01,32.6,4N90E
2015-07-07,2015,7,7,215.96,0.2,81.3,29.7,308.66,1153.04,1.01,6.2,4N90E
2015-07-08,2015,7,8,186.95,0.12,80.3,29.55,262.18,1113.62,0.95,2.8,4N90E
2015-07-09,2015,7,9,210.35,0.22,80.7,29.45,328.55,1166.64,1.17,6.2,4N90E
2015-07-10,2015,7,10,232.69,0.05,81.2,29.39,328.8,1104.71,0.37,2.8,4N90E
2015-07-11,2015,7,11,297.85,-0.03,79.6,29.41,368.66,1149.75,0.03,0.0,4N90E
2015-07-12,2015,7,12,180.1,0.45,81.3,29.32,277.59,1127.7,3.34,3.5,4N90E
2015-07-13,2015,7,13,233.44,0.08,80.4,29.34,318.51,994.45,0.57,4.2,4N90E
2015-07-14,2015,7,14,216.44,0.15,81.0,29.28,303.63,1080.78,1.29,2.1,4N90E
2015-07-15,2015,7,15,171.44,0.41,82.4,29.21,230.29,732.18,1.72,8.3,4N90E
2015-07-16,2015,7,16,59.32,0.37,82.9,29.13,81.87,314.13,2.06,6.2,4N90E
2015-07-17,2015,7,17,74.36,0.04,81.5,29.08,91.63,381.23,0.38,2.1,4N90E
2015-07-18,2015,7,18,113.24,0.15,82.1,29.09,168.59,786.13,0.88,3.5,4N90E
2015-07-19,2015,7,19,151.87,-0.01,80.9,29.11,196.85,700.74,0.01,0.0,4N90E
2015-07-20,2015,7,20,216.8,-0.01,82.5,29.2,288.6,906.24,0.01,0.0,4N90E
2015-07-21,2015,7,21,193.59,-0.01,82.0,29.19,251.4,838.68,0.01,0.0,4N90E
2015-07-22,2015,7,22,266.27,-0.01,81.7,29.21,349.11,1026.36,0.01,0.0,4N90E
2015-07-23,2015,7,23,270.3,0.0,78.5,29.32,346.87,1066.71,0.01,0.0,4N90E
2015-07-24,2015,7,24,281.09,-0.01,75.3,29.66,360.93,1056.85,0.01,0.0,4N90E
2015-07-25,2015,7,25,272.63,-0.01,78.7,29.47,351.57,1063.89,0.01,0.0,4N90E
2015-07-26,2015,7,26,255.7,-0.01,77.1,29.42,337.79,1010.87,0.01,0.0,4N90E
2015-07-27,2015,7,27,213.66,0.0,77.1,29.35,260.68,831.64,0.01,0.0,4N90E
2015-07-28,2015,7,28,209.74,0.0,77.9,29.42,303.18,1267.99,0.04,0.0,4N90E
2015-07-29,2015,7,29,276.66,0.0,81.6,29.52,365.21,1204.18,0.1,0.0,4N90E
2015-07-30,2015,7,30,190.11,0.0,73.8,29.36,279.53,1257.19,0.01,0.0,4N90E
2015-07-31,2015,7,31,264.68,-0.01,77.5,29.46,346.94,1105.65,0.01,0.0,4N90E
2015-08-01,2015,8,1,235.96,-0.01,78.6,29.36,327.01,1159.14,0.01,0.0,4N90E
2015-08-02,2015,8,2,269.43,0.01,78.8,29.32,357.95,1002.43,0.27,1.4,4N90E
2015-08-03,2015,8,3,189.38,0.01,78.0,29.24,273.05,1051.69,0.2,0.7,4N90E
2015-08-04,2015,8,4,248.11,-0.01,79.3,29.19,352.61,1119.72,0.08,0.0,4N90E
2015-08-05,2015,8,5,262.9,-0.01,80.1,29.17,340.04,1008.06,0.03,0.0,4N90E
2015-08-06,2015,8,6,277.07,0.02,79.0,29.12,360.76,1084.07,0.31,1.4,4N90E
2015-08-07,2015,8,7,176.05,-0.02,82.3,29.05,238.77,1189.16,0.02,0.0,4N90E
2015-08-08,2015,8,8,225.32,0.05,81.8,29.07,311.32,1061.08,0.41,1.4,4N90E
2015-08-09,2015,8,9,220.44,1.85,84.8,29.1,331.46,1241.71,5.72,21.5,4N90E
2015-08-10,2015,8,10,64.01,0.22,84.4,28.95,87.81,339.0,0.56,8.3,4N90E
2015-08-11,2015,8,11,283.96,-0.01,80.2,29.08,368.5,1241.24,0.01,0.0,4N90E
2015-08-12,2015,8,12,264.46,0.17,82.9,29.04,358.95,1220.13,1.67,2.1,4N90E
2015-08-13,2015,8,13,268.64,-0.02,80.1,28.95,347.15,1193.85,0.02,0.0,4N90E
2015-08-14,2015,8,14,186.55,0.0,83.0,28.93,307.3,1146.94,0.1,0.0,4N90E
2015-08-15,2015,8,15,176.29,1.06,85.5,28.98,261.87,1295.2,3.77,11.8,4N90E
2015-08-16,2015,8,16,101.7,0.04,83.8,28.9,165.71,722.32,0.24,1.5,4N90E
2015-08-17,2015,8,17,254.32,-0.01,80.1,28.89,339.38,1197.14,0.01,0.0,4N90E
2015-08-18,2015,8,18,287.02,0.0,79.0,29.18,372.68,1128.64,0.01,0.0,4N90E
2015-08-19,2015,8,19,285.48,0.0,76.1,29.74,359.3,1142.24,0.01,0.0,4N90E
2015-08-20,2015,8,20,263.18,0.01,79.2,29.32,360.04,1083.6,0.1,0.0,4N90E
2015-08-21,2015,8,21,227.66,0.0,80.8,29.26,310.95,1263.76,0.01,0.0,4N90E
2015-08-22,2015,8,22,183.47,-0.01,79.7,29.23,227.77,846.66,0.01,0.0,4N90E
2015-08-23,2015,8,23,272.91,-0.01,78.0,29.32,353.87,1094.39,0.01,0.0,4N90E
2015-08-24,2015,8,24,277.86,0.02,77.3,29.37,369.66,1130.51,0.28,1.4,4N90E
2015-08-25,2015,8,25,274.64,0.0,79.3,29.33,370.98,1174.15,0.06,0.0,4N90E
2015-08-26,2015,8,26,245.98,-0.01,79.8,29.3,340.23,1068.11,0.01,0.0,4N90E
2015-08-27,2015,8,27,272.82,1.84,83.4,29.32,360.76,1180.25,6.82,13.9,4N90E
2015-08-28,2015,8,28,115.61,0.7,87.4,29.15,205.49,884.66,2.6,13.5,4N90E
2015-08-29,2015,8,29,203.45,-0.01,76.6,29.32,284.94,1268.92,0.03,0.0,4N90E
2015-08-30,2015,8,30,261.48,0.0,83.2,29.1,396.58,1189.16,0.09,0.0,4N90E
2015-08-31,2015,8,31,225.03,0.0,81.2,29.37,309.76,1008.06,0.05,0.0,4N90E
2015-09-01,2015,9,1,284.42,0.0,80.9,29.33,374.84,1163.36,0.05,0.0,4N90E
2015-09-02,2015,9,2,297.44,-0.01,81.6,29.4,377.83,1153.5,0.01,0.0,4N90E
2015-09-03,2015,9,3,188.5,0.56,84.6,29.3,295.34,1334.14,2.33,10.4,4N90E
2015-09-04,2015,9,4,279.8,-0.01,78.7,29.6,388.85,1207.93,0.01,0.0,4N90E
2015-09-05,2015,9,5,192.88,0.08,80.5,29.43,307.16,1127.7,0.6,2.1,4N90E
2015-09-06,2015,9,6,289.35,-0.01,79.2,29.39,385.34,1134.27,0.02,0.0,4N90E
2015-09-07,2015,9,7,278.39,0.05,81.1,29.55,384.16,1117.85,0.33,1.4,4N90E
2015-09-08,2015,9,8,280.92,-0.01,80.2,29.48,373.58,1097.2,0.05,0.0,4N90E
2015-09-09,2015,9,9,160.52,-0.02,81.6,29.24,262.46,1294.73,0.04,0.0,4N90E
2015-09-10,2015,9,10,222.67,-0.02,81.1,29.29,326.48,1064.83,0.06,0.0,4N90E
2015-09-11,2015,9,11,136.09,-0.01,80.7,29.32,180.63,581.1,0.15,0.7,4N90E
2015-09-12,2015,9,12,184.32,-0.01,83.2,29.38,300.68,1382.47,0.06,0.0,4N90E
2015-09-13,2015,9,13,88.93,0.77,82.4,29.27,137.88,498.99,5.56,3.6,4N90E
2015-09-14,2015,9,14,257.09,0.0,80.2,29.21,344.6,1260.01,0.01,0.0,4N90E
2015-09-15,2015,9,15,272.61,0.0,78.9,29.2,359.16,1137.55,0.01,0.0,4N90E
2015-09-16,2015,9,16,243.45,1.05,79.5,29.18,358.98,1178.37,4.59,8.3,4N90E
2015-09-17,2015,9,17,184.89,0.02,77.7,29.14,251.88,1181.66,0.21,1.4,4N90E
2015-09-18,2015,9,18,276.55,-0.01,78.8,29.18,365.31,1158.67,0.01,0.0,4N90E
2015-09-19,2015,9,19,147.62,0.0,77.5,29.25,187.08,815.22,0.01,0.0,4N90E
2015-09-20,2015,9,20,284.16,0.0,76.6,29.54,379.98,1110.81,0.01,0.0,4N90E
2015-09-21,2015,9,21,298.07,0.03,77.4,29.53,380.97,1062.48,0.39,1.4,4N90E
2015-09-22,2015,9,22,101.6,0.03,81.6,29.38,159.21,937.21,0.36,0.7,4N90E
2015-09-23,2015,9,23,159.16,1.1,79.8,29.3,258.85,1095.33,5.37,7.7,4N90E
2015-09-24,2015,9,24,215.97,0.03,81.0,29.29,331.91,1410.62,0.38,1.4,4N90E
2015-09-25,2015,9,25,189.08,0.65,84.2,29.1,329.03,1250.16,2.13,12.5,4N90E
2015-09-26,2015,9,26,192.87,0.51,82.9,29.08,279.5,1171.8,1.91,9.0,4N90E
2015-09-27,2015,9,27,189.55,0.28,77.5,29.02,277.59,1009.47,2.61,1.4,4N90E
2015-09-28,2015,9,28,135.27,0.3,81.5,28.95,181.59,610.19,1.57,8.3,4N90E
2015-09-29,2015,9,29,231.38,0.0,79.5,29.01,332.59,1283.94,0.03,0.0,4N90E
2015-09-30,2015,9,30,172.1,0.0,80.6,28.87,245.99,1026.82,0.05,0.0,4N90E
2015-10-01,2015,10,1,300.4,0.0,79.0,29.11,392.56,1090.16,0.01,0.0,4N90E
2015-10-02,2015,10,2,315.18,0.0,76.6,29.09,405.91,1063.89,0.01,0.0,4N90E
2015-10-03,2015,10,3,292.88,0.0,75.9,29.36,385.27,1111.28,0.01,0.0,4N90E
2015-10-04,2015,10,4,265.72,-0.01,81.8,29.05,356.84,1221.54,0.01,0.0,4N90E
2015-10-05,2015,10,5,193.35,0.05,83.1,29.2,297.23,1149.75,0.39,1.4,4N90E
2015-10-06,2015,10,6,212.15,0.09,80.9,29.17,309.78,1167.11,0.47,4.2,4N90E
2015-10-07,2015,10,7,268.24,0.54,78.7,29.54,376.56,1181.66,3.25,4.2,4N90E
2015-10-08,2015,10,8,258.82,0.54,80.4,29.43,387.03,1159.6,4.58,3.5,4N90E
2015-10-09,2015,10,9,275.69,-0.01,78.8,29.45,375.85,1143.65,0.01,0.0,4N90E
2015-10-10,2015,10,10,303.7,-0.01,79.0,29.74,390.23,1163.36,0.01,0.0,4N90E
2015-10-11,2015,10,11,299.46,-0.01,75.2,29.98,383.96,1123.48,0.01,0.0,4N90E
2015-10-12,2015,10,12,283.84,0.0,74.4,30.02,368.62,1100.96,0.01,0.0,4N90E
2015-10-13,2015,10,13,287.47,-0.01,75.2,30.5,376.48,1142.24,0.02,0.0,4N90E
2015-10-14,2015,10,14,80.08,0.98,82.3,29.81,103.97,399.06,3.63,12.0,4N90E
2015-10-15,2015,10,15,69.26,0.75,82.3,29.19,114.57,415.48,1.92,15.3,4N90E
2015-10-16,2015,10,16,288.65,0.0,74.2,30.0,388.2,1210.75,0.01,0.0,4N90E
2015-10-17,2015,10,17,275.62,-0.01,73.1,30.18,374.86,1107.99,0.02,0.0,4N90E
2015-10-18,2015,10,18,240.22,-0.01,75.0,30.35,361.99,1132.39,0.02,0.0,4N90E
2015-10-19,2015,10,19,277.08,0.06,76.0,30.34,369.07,1171.33,0.59,1.4,4N90E
2015-10-20,2015,10,20,96.73,0.13,85.7,29.56,156.17,856.98,0.43,6.9,4N90E
2015-10-21,2015,10,21,257.8,0.19,83.5,29.72,361.63,1272.68,0.65,6.2,4N90E
2015-10-22,2015,10,22,240.64,0.62,82.7,29.84,360.09,1020.26,2.18,9.0,4N90E
2015-10-23,2015,10,23,30.08,0.66,86.9,29.45,42.06,218.89,1.47,20.1,4N90E
2015-10-24,2015,10,24,248.66,0.09,83.2,29.84,337.49,1190.57,0.83,1.4,4N90E
2015-10-25,2015,10,25,215.99,1.66,86.1,29.7,331.59,1213.56,5.13,20.8,4N90E
2015-10-26,2015,10,26,227.19,0.12,84.2,29.37,314.43,1285.35,0.74,2.8,4N90E
2015-10-27,2015,10,27,245.42,0.85,86.1,29.22,357.6,1212.62,2.11,20.8,4N90E
2015-10-28,2015,10,28,270.33,0.56,84.1,29.24,372.28,1165.23,1.43,15.3,4N90E
2015-10-29,2015,10,29,175.11,-0.01,79.5,29.25,266.73,1149.75,0.02,0.0,4N90E
2015-10-30,2015,10,30,205.35,-0.01,79.2,29.41,291.67,982.25,0.01,0.0,4N90E
2015-10-31,2015,10,31,259.64,0.0,77.2,29.6,338.44,923.14,0.01,0.0,4N90E
2015-11-01,2015,11,1,227.7,0.0,77.3,29.77,301.65,886.07,0.01,0.0,4N90E
2015-11-02,2015,11,2,208.1,0.25,80.2,29.76,294.09,1047.47,1.73,3.5,4N90E
2015-11-03,2015,11,3,280.54,0.07,82.0,29.57,361.16,1062.48,0.23,2.8,4N90E
2015-11-04,2015,11,4,157.91,1.45,83.9,29.56,298.8,1258.13,8.15,11.1,4N90E
2015-11-05,2015,11,5,164.49,0.95,81.9,29.31,230.28,882.79,5.47,9.7,4N90E
2015-11-06,2015,11,6,94.73,1.87,87.4,29.18,162.67,695.58,4.41,32.6,4N90E
2015-11-07,2015,11,7,105.88,0.3,83.2,29.08,172.84,818.51,1.9,4.9,4N90E
2015-11-08,2015,11,8,261.48,-0.01,80.1,29.33,332.7,1106.12,0.01,0.0,4N90E
2015-11-09,2015,11,9,215.3,0.08,79.4,29.25,296.1,1298.48,0.36,3.5,4N90E
2015-11-10,2015,11,10,133.89,0.26,82.7,29.21,202.54,939.09,0.73,9.7,4N90E
2015-11-11,2015,11,11,178.66,0.16,82.7,29.07,265.73,1114.56,1.25,3.5,4N90E
2015-11-12,2015,11,12,68.46,0.71,85.8,28.98,115.07,800.21,2.71,16.0,4N90E
2015-11-13,2015,11,13,236.34,0.11,83.8,29.3,347.27,1137.55,0.67,2.8,4N90E
2015-11-14,2015,11,14,119.66,0.24,84.5,29.1,169.95,617.7,0.81,6.9,4N90E
2015-11-15,2015,11,15,123.21,0.06,83.5,29.03,171.93,863.08,0.42,2.1,4N90E
2015-11-16,2015,11,16,121.16,0.28,84.4,28.94,200.19,1115.5,1.53,3.5,4N90E
2015-11-17,2015,11,17,271.69,0.0,79.6,29.45,350.5,1030.11,0.01,0.0,4N90E
2015-11-18,2015,11,18,260.86,0.57,79.8,29.54,346.55,1031.52,3.27,4.3,4N90E
2015-11-19,2015,11,19,289.39,1.25,80.6,29.55,378.68,1155.85,4.98,13.9,4N90E
2015-11-20,2015,11,20,86.4,0.11,85.7,29.13,119.77,439.87,0.32,3.5,4N90E
2015-11-21,2015,11,21,271.48,0.0,79.3,29.38,351.48,1190.57,0.01,0.0,4N90E
2015-11-22,2015,11,22,198.72,0.0,80.6,29.19,269.78,1022.13,0.01,0.0,4N90E
2015-11-23,2015,11,23,266.99,0.0,81.1,29.23,344.05,1000.08,0.04,0.0,4N90E
2015-11-24,2015,11,24,207.15,0.03,82.4,29.32,280.21,1238.9,0.28,1.4,4N90E
2015-11-25,2015,11,25,169.47,-0.01,82.4,29.27,232.98,1196.67,0.01,0.0,4N90E
2015-11-26,2015,11,26,153.27,0.19,84.0,29.27,274.85,1319.13,0.78,6.5,4N90E
2015-11-27,2015,11,27,255.03,0.0,82.5,29.39,331.78,1192.45,0.01,0.0,4N90E
2015-11-28,2015,11,28,184.68,0.11,82.1,29.38,254.48,1001.02,0.69,2.8,4N90E
2015-11-29,2015,11,29,69.65,0.76,85.1,29.26,125.08,582.98,1.95,16.0,4N90E
2015-11-30,2015,11,30,85.29,0.23,82.8,29.35,145.37,729.36,1.13,6.2,4N90E
2015-12-01,2015,12,1,,-0.05,,29.36,,,4.9,4.0,4N90E
2015-12-02,2015,12,2,,,,29.38,,,,,4N90E
2015-12-03,2015,12,3,,,,29.26,,,,,4N90E
2015-12-04,2015,12,4,,,,29.45,,,,,4N90E
2015-12-05,2015,12,5,,,,29.62,,,,,4N90E
2015-12-06,2015,12,6,,,,29.41,,,,,4N90E
2015-12-07,2015,12,7,,,,29.49,,,,,4N90E
2015-12-08,2015,12,8,,,,29.69,,,,,4N90E
2015-12-09,2015,12,9,,,,29.59,,,,,4N90E
2015-12-10,2015,12,10,,,,29.5,,,,,4N90E
2015-12-11,2015,12,11,,,,29.42,,,,,4N90E
2015-12-12,2015,12,12,,,,29.33,,,,,4N90E
2015-12-13,2015,12,13,,,,29.49,,,,,4N90E
2015-12-14,2015,12,14,,,,29.34,,,,,4N90E
2015-12-15,2015,12,15,,,,29.13,,,,,4N90E
2015-12-16,2015,12,16,,,,29.23,,,,,4N90E
2015-12-17,2015,12,17,,,,29.22,,,,,4N90E
2015-12-18,2015,12,18,,,,29.34,,,,,4N90E
2015-12-19,2015,12,19,,,,29.5,,,,,4N90E
2015-12-20,2015,12,20,,,,29.3,,,,,4N90E
2015-12-21,2015,12,21,,,,29.3,,,,,4N90E
2015-12-22,2015,12,22,,,,29.3,,,,,4N90E
2015-12-23,2015,12,23,,,,29.37,,,,,4N90E
2015-12-24,2015,12,24,,,,29.33,,,,,4N90E
2015-12-25,2015,12,25,,,,29.38,,,,,4N90E
2015-12-26,2015,12,26,,,,29.47,,,,,4N90E
2015-12-27,2015,12,27,,,,29.75,,,,,4N90E
2015-12-28,2015,12,28,,,,29.6,,,,,4N90E
2015-12-29,2015,12,29,,,,29.49,,,,,4N90E
2015-12-30,2015,12,30,,,,29.41,,,,,4N90E
2015-12-31,2015,12,31,,,,29.4,,,,,4N90E
2016-01-01,2016,1,1,,,,29.43,,,,,4N90E
2016-01-02,2016,1,2,,,,29.56,,,,,4N90E
2016-01-03,2016,1,3,,,,29.64,,,,,4N90E
2016-01-04,2016,1,4,,,,29.6,,,,,4N90E
2016-01-05,2016,1,5,,,,29.5,,,,,4N90E
2016-01-06,2016,1,6,,,,29.59,,,,,4N90E
2016-01-07,2016,1,7,,,,29.54,,,,,4N90E
2016-01-08,2016,1,8,,,,29.6,,,,,4N90E
2016-01-09,2016,1,9,,,,29.59,,,,,4N90E
2016-01-10,2016,1,10,,,,29.59,,,,,4N90E
2016-01-11,2016,1,11,,,,29.52,,,,,4N90E
2016-01-12,2016,1,12,,,,29.55,,,,,4N90E
2016-01-13,2016,1,13,,,,29.52,,,,,4N90E
2016-01-14,2016,1,14,,,,29.55,,,,,4N90E
2016-01-15,2016,1,15,,,,29.45,,,,,4N90E
2016-01-16,2016,1,16,,,,29.43,,,,,4N90E
2016-01-17,2016,1,17,,,,29.41,,,,,4N90E
2016-01-18,2016,1,18,,,,29.46,,,,,4N90E
2016-01-19,2016,1,19,,,,29.45,,,,,4N90E
2016-01-20,2016,1,20,,,,29.44,,,,,4N90E
2016-01-21,2016,1,21,,,,29.45,,,,,4N90E
2016-01-22,2016,1,22,,,,29.7,,,,,4N90E
2016-01-23,2016,1,23,,,,29.76,,,,,4N90E
2016-01-24,2016,1,24,,,,29.77,,,,,4N90E
2016-01-25,2016,1,25,,,,29.66,,,,,4N90E
2016-01-26,2016,1,26,,,,29.58,,,,,4N90E
2016-01-27,2016,1,27,,,,29.82,,,,,4N90E
2016-01-28,2016,1,28,,,,29.97,,,,,4N90E
2016-01-29,2016,1,29,,,,29.6,,,,,4N90E
2016-01-30,2016,1,30,,,,29.54,,,,,4N90E
2016-01-31,2016,1,31,,,,29.57,,,,,4N90E
2016-02-01,2016,2,1,,,,29.62,,,,,4N90E
2016-02-02,2016,2,2,,,,29.52,,,,,4N90E
2016-02-03,2016,2,3,,,,29.39,,,,,4N90E
2016-02-04,2016,2,4,,,,29.42,,,,,4N90E
2016-02-05,2016,2,5,,,,29.45,,,,,4N90E
2016-02-06,2016,2,6,,,,29.43,,,,,4N90E
2016-02-07,2016,2,7,,,,29.02,,,,,4N90E
2016-02-08,2016,2,8,,,,29.13,,,,,4N90E
2016-02-09,2016,2,9,,,,29.22,,,,,4N90E
2016-02-10,2016,2,10,,,,29.25,,,,,4N90E
2016-02-11,2016,2,11,,,,29.33,,,,,4N90E
2016-02-12,2016,2,12,,,,29.32,,,,,4N90E
2016-02-13,2016,2,13,,,,29.48,,,,,4N90E
2016-02-14,2016,2,14,,,,29.62,,,,,4N90E
2016-02-15,2016,2,15,,,,29.42,,,,,4N90E
2016-02-16,2016,2,16,,,,29.41,,,,,4N90E
2016-02-17,2016,2,17,,,,29.53,,,,,4N90E
2016-02-18,2016,2,18,,,,29.7,,,,,4N90E
2016-02-19,2016,2,19,,,,29.99,,,,,4N90E
2016-02-20,2016,2,20,,,,29.62,,,,,4N90E
2016-02-21,2016,2,21,,,,29.54,,,,,4N90E
2016-02-22,2016,2,22,,,,29.48,,,,,4N90E
2016-02-23,2016,2,23,,,,29.63,,,,,4N90E
2016-02-24,2016,2,24,,,,29.74,,,,,4N90E
2016-02-25,2016,2,25,,,,29.57,,,,,4N90E
2016-02-26,2016,2,26,,,,29.58,,,,,4N90E
2016-02-27,2016,2,27,,,,29.64,,,,,4N90E
2016-02-28,2016,2,28,,,,29.67,,,,,4N90E
2016-02-29,2016,2,29,,,,29.66,,,,,4N90E
2016-03-01,2016,3,1,,,,29.69,,,,,4N90E
2016-03-02,2016,3,2,,,,29.72,,,,,4N90E
2016-03-03,2016,3,3,,,,29.62,,,,,4N90E
2016-03-04,2016,3,4,,,,29.64,,,,,4N90E
2016-03-05,2016,3,5,,,,29.67,,,,,4N90E
2016-03-06,2016,3,6,,,,29.67,,,,,4N90E
2016-03-07,2016,3,7,,,,29.67,,,,,4N90E
2016-03-09,2016,3,9,69.31,1.56,86.0,29.61,128.15,686.22,10.25,13.2,4N90E
2016-03-10,2016,3,10,271.25,,80.3,30.19,360.69,1219.61,,,4N90E
2016-03-11,2016,3,11,281.93,,78.2,29.74,364.51,1133.76,,,4N90E
2016-03-12,2016,3,12,296.07,,76.6,29.91,380.73,1066.68,,,4N90E
2016-03-13,2016,3,13,263.09,,78.9,30.02,361.01,998.19,,,4N90E
2016-03-14,2016,3,14,240.59,,79.3,30.14,309.01,944.24,,,4N90E
2016-03-15,2016,3,15,185.97,,81.0,29.95,282.07,1064.8,,,4N90E
2016-03-16,2016,3,16,162.68,,78.9,29.89,260.51,1177.86,,,4N90E
2016-03-17,2016,3,17,268.31,,79.7,30.12,363.73,1133.29,,,4N90E
2016-03-18,2016,3,18,282.5,,76.9,30.03,374.93,1029.62,,,4N90E
2016-03-19,2016,3,19,287.99,,75.6,30.09,378.09,1126.73,,,4N90E
2016-03-20,2016,3,20,122.05,,76.4,29.92,191.05,851.35,,,4N90E
2016-03-21,2016,3,21,209.38,,75.0,30.27,288.45,1205.07,,,4N90E
2016-03-22,2016,3,22,267.51,,75.0,30.36,355.55,1271.22,,,4N90E
2016-03-23,2016,3,23,176.91,,78.5,30.14,267.2,1075.12,,,4N90E
2016-03-24,2016,3,24,283.96,,74.3,30.25,377.15,1080.28,,,4N90E
2016-03-25,2016,3,25,294.55,,75.9,30.36,377.29,1009.44,,,4N90E
2016-03-26,2016,3,26,219.79,0.42,83.0,30.13,329.2,1051.2,1.6,6.6,4N90E
2016-03-27,2016,3,27,304.46,0.01,76.9,30.37,387.9,1038.53,0.12,0.0,4N90E
2016-03-28,2016,3,28,289.53,0.02,80.8,30.51,392.73,1147.84,0.19,0.7,4N90E
2016-03-29,2016,3,29,308.71,0.0,78.6,30.44,387.9,1232.28,0.14,0.0,4N90E
2016-03-30,2016,3,30,210.96,0.28,79.3,30.58,286.47,1139.86,2.23,2.8,4N90E
2016-03-31,2016,3,31,286.94,0.01,76.1,31.16,373.6,1087.32,0.17,0.0,4N90E
2016-04-01,2016,4,1,297.62,0.0,74.2,31.17,381.04,1118.28,0.17,0.0,4N90E
2016-04-02,2016,4,2,285.28,0.32,77.7,30.97,366.84,1259.96,2.55,2.8,4N90E
2016-04-03,2016,4,3,245.23,0.06,76.9,31.0,334.91,1063.39,0.4,1.4,4N90E
2016-04-04,2016,4,4,178.22,0.01,80.8,30.82,278.48,1219.14,0.18,0.7,4N90E
2016-04-05,2016,4,5,240.66,0.01,74.6,30.94,338.97,1222.9,0.09,0.0,4N90E
2016-04-06,2016,4,6,63.03,1.99,81.9,30.51,112.75,574.57,9.41,13.9,4N90E
2016-04-07,2016,4,7,293.24,0.13,78.2,30.73,373.86,1057.76,1.09,2.1,4N90E
2016-04-08,2016,4,8,303.86,0.0,73.9,31.16,380.61,1035.72,0.03,0.0,4N90E
2016-04-09,2016,4,9,134.06,0.9,81.8,30.56,189.81,1060.58,4.16,9.0,4N90E
2016-04-10,2016,4,10,263.67,0.34,79.2,30.78,350.95,1088.26,1.78,4.9,4N90E
2016-04-11,2016,4,11,118.24,0.39,81.0,30.38,170.1,689.03,1.37,11.1,4N90E
2016-04-12,2016,4,12,214.96,-0.03,79.0,30.67,287.27,1156.28,0.05,0.0,4N90E
2016-04-13,2016,4,13,300.76,-0.01,76.6,31.2,385.61,1085.91,0.12,0.0,4N90E
2016-04-14,2016,4,14,298.96,0.31,75.7,31.21,377.56,1159.56,2.48,2.8,4N90E
2016-04-15,2016,4,15,300.45,-0.01,75.9,31.1,384.32,1067.15,0.07,0.0,4N90E
2016-04-16,2016,4,16,223.55,0.09,77.7,31.07,316.22,1227.12,0.59,1.4,4N90E
2016-04-17,2016,4,17,227.58,0.04,79.4,31.16,360.68,1181.14,0.28,0.7,4N90E
2016-04-18,2016,4,18,215.22,0.0,76.8,31.29,282.08,1074.18,0.09,0.0,4N90E
2016-04-19,2016,4,19,,0.0,77.9,31.4,,,0.12,0.0,4N90E
2016-04-20,2016,4,20,,0.02,79.5,31.41,,,0.18,0.7,4N90E
2016-04-21,2016,4,21,,,76.9,31.43,,,,,4N90E
2016-04-22,2016,4,22,,,78.1,31.27,,,,,4N90E
2016-04-23,2016,4,23,,,80.2,31.2,,,,,4N90E
2016-04-24,2016,4,24,,,79.4,30.99,,,,,4N90E
2016-04-25,2016,4,25,,,76.8,31.2,,,,,4N90E
2016-04-26,2016,4,26,,,76.2,31.47,,,,,4N90E
2016-04-27,2016,4,27,,,73.8,31.58,,,,,4N90E
2016-04-28,2016,4,28,,,72.3,31.78,,,,,4N90E
2016-04-29,2016,4,29,,,77.5,31.62,,,,,4N90E
2016-04-30,2016,4,30,,,75.5,31.32,,,,,4N90E
2016-05-01,2016,5,1,,,75.0,31.58,,,,,4N90E
2016-05-02,2016,5,2,,,79.3,31.29,,,,,4N90E
2016-05-03,2016,5,3,,,77.8,31.32,,,,,4N90E
2016-05-04,2016,5,4,,,77.5,30.94,,,,,4N90E
2016-05-05,2016,5,5,,,80.5,31.16,,,,,4N90E
2016-05-06,2016,5,6,,,79.2,31.1,,,,,4N90E
2016-05-07,2016,5,7,,,75.4,31.2,,,,,4N90E
2016-05-08,2016,5,8,,,,31.37,,,,,4N90E
2016-05-09,2016,5,9,,,,31.22,,,,,4N90E
2016-05-10,2016,5,10,,,,31.3,,,,,4N90E
2016-05-11,2016,5,11,,,,31.36,,,,,4N90E
2016-05-12,2016,5,12,,,,30.97,,,,,4N90E
2016-05-13,2016,5,13,,,,30.86,,,,,4N90E
2016-05-14,2016,5,14,,,,30.71,,,,,4N90E
2016-05-15,2016,5,15,,,,30.55,,,,,4N90E
2016-05-16,2016,5,16,,,,30.66,,,,,4N90E
2016-05-18,2016,5,18,,,,30.43,,,,,4N90E
2016-05-19,2016,5,19,,,,30.48,,,,,4N90E
2016-05-20,2016,5,20,,,,30.46,,,,,4N90E
2016-05-21,2016,5,21,,,,30.45,,,,,4N90E
2016-05-22,2016,5,22,,,,30.4,,,,,4N90E
2016-05-23,2016,5,23,,,,30.37,,,,,4N90E
2016-05-25,2016,5,25,,,,30.29,,,,,4N90E
2016-05-26,2016,5,26,,,,30.24,,,,,4N90E
2016-05-27,2016,5,27,,,,30.18,,,,,4N90E
2016-05-28,2016,5,28,,,,30.12,,,,,4N90E
2016-05-29,2016,5,29,,,,30.11,,,,,4N90E
2016-05-30,2016,5,30,,,,30.04,,,,,4N90E
2016-05-31,2016,5,31,,,,30.06,,,,,4N90E
2016-06-01,2016,6,1,,,,30.06,,,,,4N90E
2016-06-02,2016,6,2,,,,30.04,,,,,4N90E
2016-06-03,2016,6,3,,,,30.05,,,,,4N90E
2016-06-04,2016,6,4,,,,30.03,,,,,4N90E
2016-06-05,2016,6,5,,,,30.1,,,,,4N90E
2016-06-06,2016,6,6,,,,30.14,,,,,4N90E
2016-06-07,2016,6,7,,,,30.18,,,,,4N90E
2016-06-08,2016,6,8,,,,30.11,,,,,4N90E
2016-06-09,2016,6,9,,,,30.1,,,,,4N90E
2016-06-10,2016,6,10,,,,30.15,,,,,4N90E
2016-06-11,2016,6,11,,,,30.03,,,,,4N90E
2016-06-12,2016,6,12,,,,29.94,,,,,4N90E
2016-06-13,2016,6,13,,,,29.93,,,,,4N90E
2016-06-14,2016,6,14,,,,29.9,,,,,4N90E
2016-06-15,2016,6,15,,,,29.82,,,,,4N90E
2016-06-16,2016,6,16,,,,29.8,,,,,4N90E
2016-06-17,2016,6,17,,,,29.77,,,,,4N90E
2016-06-18,2016,6,18,,,,29.73,,,,,4N90E
2016-06-19,2016,6,19,,,,29.56,,,,,4N90E
2016-06-20,2016,6,20,,,,29.5,,,,,4N90E
2017-03-05,2017,3,5,63.21,,81.2,28.88,86.81,280.75,,,4N90E
2017-03-06,2017,3,6,294.02,,79.1,29.08,393.21,1209.12,,,4N90E
2017-03-07,2017,3,7,235.3,,81.6,29.19,333.97,1273.97,,,4N90E
2017-03-08,2017,3,8,315.47,,78.7,29.4,401.38,1157.03,,,4N90E
2017-03-09,2017,3,9,192.91,,,29.19,305.37,,,,4N90E
2017-03-10,2017,3,10,304.24,,,29.81,399.84,1216.27,,,4N90E
2017-03-11,2017,3,11,290.45,,,29.91,384.01,1114.65,,,4N90E
2017-03-12,2017,3,12,296.07,,,29.91,392.18,1133.54,,,4N90E
2017-03-13,2017,3,13,236.83,,,29.63,351.33,1250.99,,,4N90E
2017-03-14,2017,3,14,313.43,,,29.61,399.33,1076.35,,,4N90E
2017-03-15,2017,3,15,314.96,,,29.57,402.91,1076.86,,,4N90E
2017-03-16,2017,3,16,297.6,,,29.66,386.06,1194.31,,,4N90E
2017-03-17,2017,3,17,256.74,,,29.67,358.48,1252.02,,,4N90E
2017-03-18,2017,3,18,263.89,,,29.93,362.57,1188.18,,,4N90E
2017-03-19,2017,3,19,293.0,,,29.89,388.1,1224.44,,,4N90E
2017-03-20,2017,3,20,145.42,,,29.7,244.09,1195.84,,,4N90E
2017-03-21,2017,3,21,267.98,,,29.63,368.18,1157.54,,,4N90E
2017-03-22,2017,3,22,294.02,,,29.57,384.53,1155.5,,,4N90E
2017-03-23,2017,3,23,303.73,,,30.25,388.61,1072.78,,,4N90E
2017-03-24,2017,3,24,309.34,,,30.1,401.38,1078.9,,,4N90E
2017-03-25,2017,3,25,310.87,,,30.01,393.72,1088.1,,,4N90E
2017-03-26,2017,3,26,319.04,,,30.28,402.91,1067.16,,,4N90E
2017-03-27,2017,3,27,314.96,,,30.38,405.97,1090.65,,,4N90E
2017-03-28,2017,3,28,266.96,,,30.16,360.52,1098.31,,,4N90E
2017-03-29,2017,3,29,286.36,,,30.29,390.14,1132.01,,,4N90E
2017-03-30,2017,3,30,305.26,,,30.32,398.31,1082.48,,,4N90E
2017-03-31,2017,3,31,290.45,,,30.2,395.76,1161.12,,,4N90E
2017-04-01,2017,4,1,305.26,,,30.34,389.12,1126.91,,,4N90E
2017-04-02,2017,4,2,187.81,,,30.1,281.37,1235.16,,,4N90E
2017-04-03,2017,4,3,306.28,,,30.36,396.27,1066.14,,,4N90E
2017-04-04,2017,4,4,297.6,,,30.35,396.78,1151.93,,,4N90E
2017-04-05,2017,4,5,305.77,,,30.37,395.25,1173.89,,,4N90E
2017-04-06,2017,4,6,91.8,,,30.14,126.13,738.81,,,4N90E
2017-04-07,2017,4,7,304.75,,,30.28,392.7,1146.82,,,4N90E
2017-04-08,2017,4,8,304.75,,,30.45,401.38,1071.75,,,4N90E
2017-04-09,2017,4,9,306.28,,,30.45,395.76,1044.69,,,4N90E
2017-04-10,2017,4,10,74.95,,,30.19,110.81,825.62,,,4N90E
2017-04-11,2017,4,11,60.14,,,29.9,91.92,388.49,,,4N90E
2017-04-12,2017,4,12,79.04,,,29.79,124.09,657.1,,,4N90E
2017-04-13,2017,4,13,132.14,,,29.65,191.5,1311.76,,,4N90E
2017-04-14,2017,4,14,265.43,,,29.56,386.57,1260.7,,,4N90E
2017-04-15,2017,4,15,272.06,,,29.35,365.12,1142.74,,,4N90E
2017-04-16,2017,4,16,200.57,,,29.47,310.99,1154.99,,,4N90E
2017-04-17,2017,4,17,257.26,,,29.63,348.27,1080.95,,,4N90E
2017-04-18,2017,4,18,236.32,,,29.69,330.4,1030.39,,,4N90E
2017-04-19,2017,4,19,282.79,,,29.79,367.16,1061.54,,,4N90E
2017-04-20,2017,4,20,272.58,,,29.89,363.59,1120.27,,,4N90E
2017-04-21,2017,4,21,262.36,,,30.2,339.08,1135.08,,,4N90E
2017-04-22,2017,4,22,295.04,,,30.17,378.91,1024.26,,,4N90E
2017-04-23,2017,4,23,265.94,,,30.42,336.01,1084.52,,,4N90E
2017-04-24,2017,4,24,307.81,,,30.52,390.14,1085.54,,,4N90E
2017-04-25,2017,4,25,294.53,,,30.29,381.97,1093.2,,,4N90E
2017-04-26,2017,4,26,278.19,,,30.22,358.48,1077.88,,,4N90E
2017-04-27,2017,4,27,288.92,,,30.16,368.69,1030.9,,,4N90E
2017-04-28,2017,4,28,280.75,,,30.19,362.06,1003.33,,,4N90E
2017-04-29,2017,4,29,282.79,,,30.44,390.65,1184.61,,,4N90E
2017-04-30,2017,4,30,300.66,,,30.94,389.63,1078.39,,,4N90E
2017-05-01,2017,5,1,233.25,,,30.53,355.93,1298.49,,,4N90E
2017-05-02,2017,5,2,249.6,,,30.73,329.37,1091.16,,,4N90E
2017-05-03,2017,5,3,257.26,,,30.61,349.8,1110.56,,,4N90E
2017-05-04,2017,5,4,261.34,,,30.72,340.1,1018.14,,,4N90E
2017-05-05,2017,5,5,223.04,,,30.51,306.91,1213.21,,,4N90E
2017-05-06,2017,5,6,249.08,,,30.51,354.91,1150.4,,,4N90E
2017-05-07,2017,5,7,295.04,,,30.84,372.78,1049.29,,,4N90E
2017-05-08,2017,5,8,274.11,,,31.03,364.61,1113.63,,,4N90E
2017-05-09,2017,5,9,89.25,,,30.38,157.28,624.42,,,4N90E
2017-05-10,2017,5,10,166.87,,,30.26,270.65,1129.97,,,4N90E
2017-05-11,2017,5,11,47.38,,,30.05,67.92,285.85,,,4N90E
2017-05-12,2017,5,12,58.61,,,29.98,82.73,303.73,,,4N90E
2017-05-13,2017,5,13,230.19,,,30.01,343.16,1193.8,,,4N90E
2017-05-14,2017,5,14,90.27,,,29.88,146.05,806.21,,,4N90E
2017-05-15,2017,5,15,212.83,,,29.88,305.37,1339.85,,,4N90E
2017-05-16,2017,5,16,48.4,,,29.78,62.81,282.28,,,4N90E
2017-05-17,2017,5,17,133.68,,,29.73,176.69,550.37,,,4N90E
2017-05-18,2017,5,18,110.19,,,29.69,193.03,770.98,,,4N90E
2017-05-19,2017,5,19,173.51,,,29.6,246.65,1182.06,,,4N90E
2017-05-20,2017,5,20,59.12,,,29.5,75.58,320.58,,,4N90E
2017-05-21,2017,5,21,107.12,,,29.4,150.13,737.78,,,4N90E
2017-05-22,2017,5,22,38.69,,,29.15,55.66,203.64,,,4N90E
2017-05-23,2017,5,23,62.69,,,28.96,82.73,261.34,,,4N90E
2017-05-24,2017,5,24,155.63,,,28.89,255.84,1048.26,,,4N90E
2017-05-25,2017,5,25,235.3,,,28.97,323.25,1136.61,,,4N90E
2017-05-26,2017,5,26,278.7,,,29.1,359.5,961.45,,,4N90E
2017-05-27,2017,5,27,264.92,,,29.15,351.84,1152.95,,,4N90E
2017-05-28,2017,5,28,263.89,,,29.13,334.99,1038.05,,,4N90E
2017-05-29,2017,5,29,261.34,,,29.19,345.2,1017.11,,,4N90E
2017-05-30,2017,5,30,267.47,,,29.17,360.52,1173.89,,,4N90E
2017-05-31,2017,5,31,181.68,,,29.14,278.82,1166.74,,,4N90E
2017-06-01,2017,6,1,112.23,,,29.01,166.47,763.83,,,4N90E
2017-06-02,2017,6,2,170.44,,,28.99,239.5,1047.24,,,4N90E
2017-06-03,2017,6,3,98.95,,,28.99,175.16,840.94,,,4N90E
2017-06-04,2017,6,4,232.23,,,29.13,325.8,1071.75,,,4N90E
2017-06-05,2017,6,5,186.78,,,29.13,250.73,895.07,,,4N90E
2017-06-06,2017,6,6,270.53,,,29.18,367.67,1098.31,,,4N90E
2017-06-07,2017,6,7,229.17,,,29.11,312.01,1109.54,,,4N90E
2017-06-08,2017,6,8,304.24,,,29.12,368.18,1007.92,,,4N90E
2017-06-09,2017,6,9,,,,29.16,17.87,65.76,,,4N90E
2017-06-10,2017,6,10,271.55,,,29.17,347.25,1046.73,,,4N90E
2017-06-11,2017,6,11,260.83,,,29.19,340.1,1014.56,,,4N90E
2017-06-12,2017,6,12,265.43,,,29.24,339.59,1061.03,,,4N90E
2017-06-13,2017,6,13,264.92,,,29.17,345.2,979.84,,,4N90E
2017-06-14,2017,6,14,274.62,,,29.23,349.29,964.52,,,4N90E
2018-06-04,2018,6,4,222.19,,76.9,29.79,292.16,979.09,0.74,2.0,4N90E
2018-06-05,2018,6,5,230.67,0.0,77.3,29.82,304.03,994.78,0.64,1.0,4N90E
2018-06-06,2018,6,6,256.96,,76.1,29.9,346.44,953.22,0.48,2.0,4N90E
2018-06-07,2018,6,7,238.72,0.0,73.8,29.88,311.24,1022.34,0.64,1.0,4N90E
2018-06-08,2018,6,8,243.39,0.05,76.5,29.76,323.11,1034.63,1.38,1.0,4N90E
2018-06-09,2018,6,9,243.81,0.32,78.4,29.55,322.27,1078.73,2.45,6.0,4N90E
2018-06-10,2018,6,10,257.38,0.0,78.8,29.51,336.26,985.02,0.69,2.0,4N90E
2018-06-11,2018,6,11,253.99,0.0,78.4,29.47,337.53,1120.71,0.32,0.0,4N90E
2018-06-12,2018,6,12,259.08,0.0,78.8,29.5,343.04,1032.09,0.59,2.0,4N90E
2018-06-13,2018,6,13,269.25,,79.6,29.62,348.56,978.24,0.48,1.0,4N90E
2018-06-14,2018,6,14,262.05,0.0,80.0,29.64,335.41,1049.48,0.32,1.0,4N90E
2018-06-15,2018,6,15,246.78,,79.2,29.58,323.54,998.17,0.32,1.0,4N90E
2018-06-16,2018,6,16,226.0,0.0,78.4,29.52,298.1,1040.57,0.32,0.0,4N90E
2018-06-17,2018,6,17,227.7,0.11,78.1,29.46,325.23,1084.25,35.05,3.0,4N90E
2018-06-18,2018,6,18,164.94,0.0,78.4,29.37,211.59,700.92,0.74,3.0,4N90E
2018-06-19,2018,6,19,93.7,0.11,80.3,29.32,123.39,523.25,2.02,2.0,4N90E
2018-06-20,2018,6,20,179.78,0.0,81.1,29.31,251.03,1011.74,0.48,2.0,4N90E
2018-06-21,2018,6,21,270.53,0.0,78.8,29.42,343.04,958.73,0.32,0.0,4N90E
2018-06-22,2018,6,22,260.35,0.0,78.1,29.42,327.78,1086.37,0.27,0.0,4N90E
2018-06-23,2018,6,23,167.91,0.0,79.2,29.34,239.15,1074.07,0.27,0.0,4N90E
2018-06-24,2018,6,24,182.75,0.0,76.1,29.35,249.76,1165.24,0.53,2.0,4N90E
2018-06-25,2018,6,25,216.67,0.05,77.3,29.4,284.1,975.69,1.7,1.0,4N90E
2018-06-26,2018,6,26,245.51,0.0,77.7,29.47,333.71,1032.94,0.37,1.0,4N90E
2018-06-27,2018,6,27,89.46,0.05,78.4,29.45,123.39,525.79,1.06,4.0,4N90E
2018-06-28,2018,6,28,148.83,0.11,81.1,29.41,193.36,736.12,1.17,1.0,4N90E
2018-06-29,2018,6,29,176.82,0.43,80.7,29.36,289.61,1267.85,3.03,7.0,4N90E
2018-06-30,2018,6,30,207.35,0.0,78.1,29.4,298.94,1007.07,0.48,3.0,4N90E
2018-07-01,2018,7,1,188.69,0.9,80.3,29.43,283.25,1091.03,5.64,9.0,4N90E
2018-07-02,2018,7,2,239.57,0.0,77.3,29.47,318.02,1026.15,0.9,1.0,4N90E
2018-07-03,2018,7,3,212.01,0.05,78.1,29.49,336.26,1076.61,0.48,3.0,4N90E
2018-07-04,2018,7,4,187.42,0.0,77.3,29.42,265.02,1136.4,0.27,0.0,4N90E
2018-07-05,2018,7,5,218.79,0.0,79.2,29.3,303.18,1049.05,0.64,0.0,4N90E
2018-07-06,2018,7,6,230.24,0.11,80.0,29.2,320.57,1087.21,1.06,2.0,4N90E
2018-07-07,2018,7,7,176.39,0.11,78.8,29.14,284.95,1085.52,1.65,1.0,4N90E
2018-07-08,2018,7,8,222.19,0.05,79.2,29.1,316.33,1086.79,0.96,1.0,4N90E
2018-07-09,2018,7,9,114.91,0.21,80.0,29.01,200.57,851.45,1.86,3.0,4N90E
2018-07-10,2018,7,10,150.95,0.53,78.8,28.99,225.16,1050.32,4.57,3.0,4N90E
2018-07-11,2018,7,11,198.02,0.0,78.8,29.01,257.39,831.52,0.32,0.0,4N90E
2018-07-12,2018,7,12,249.33,,78.8,29.06,327.78,1001.56,0.32,1.0,4N90E
2018-07-13,2018,7,13,88.19,0.27,80.0,28.99,124.67,722.97,12.34,11.0,4N90E
2018-07-14,2018,7,14,250.6,0.05,80.0,29.09,333.71,1008.34,1.97,13.0,4N90E
2018-07-15,2018,7,15,210.31,0.05,81.1,29.05,289.19,981.21,1.6,17.0,4N90E
2018-07-16,2018,7,16,255.69,0.11,81.5,29.04,333.29,971.45,2.55,19.0,4N90E
2018-07-17,2018,7,17,184.87,0.0,81.5,28.92,271.81,1069.83,3.03,20.0,4N90E
2018-07-18,2018,7,18,259.5,,81.1,28.77,329.47,997.32,1.01,5.0,4N90E
2018-07-19,2018,7,19,210.74,0.05,80.0,28.72,282.41,1096.97,1.17,11.0,4N90E
2018-07-20,2018,7,20,240.84,,80.0,28.71,330.32,1185.59,0.96,7.0,4N90E
2018-07-21,2018,7,21,194.2,0.0,81.5,28.67,277.32,1129.19,0.74,8.0,4N90E
2018-07-22,2018,7,22,274.34,,79.6,28.81,355.76,967.64,1.38,13.0,4N90E
2018-07-23,2018,7,23,271.8,,79.2,28.76,347.71,960.85,1.17,18.0,4N90E
2018-07-24,2018,7,24,252.29,0.0,80.3,28.72,329.47,969.76,1.28,12.0,4N90E
2018-07-25,2018,7,25,250.6,0.21,81.5,28.71,340.07,1029.12,6.7,9.0,4N90E
2018-07-26,2018,7,26,92.43,0.37,86.5,28.61,159.01,798.45,1.49,13.0,4N90E
2018-07-27,2018,7,27,131.44,0.0,83.0,28.61,191.24,873.93,0.53,3.0,4N90E
2018-07-28,2018,7,28,134.84,0.05,82.3,28.6,245.52,1211.46,1.44,1.0,4N90E
2018-07-29,2018,7,29,127.2,0.48,82.6,28.53,204.81,1019.79,24.89,7.0,4N90E
2018-07-30,2018,7,30,171.73,0.0,79.6,28.52,260.78,1062.62,0.32,0.0,4N90E
2018-07-31,2018,7,31,287.49,0.0,78.4,28.61,363.4,984.6,0.64,0.0,4N90E
2006-11-14,2006,11,14,,,80.5,29.27,,,,,8N90E
2006-11-15,2006,11,15,85.9,0.36,85.8,29.04,158.0,982.0,1.4,6.0,8N90E
2006-11-16,2006,11,16,40.0,1.8,86.0,28.62,62.6,465.4,6.88,11.0,8N90E
2006-11-17,2006,11,17,250.2,0.32,82.8,28.79,339.6,1054.0,1.22,7.0,8N90E
2006-11-18,2006,11,18,227.9,0.16,84.9,28.86,329.8,1017.5,0.65,6.0,8N90E
2006-11-19,2006,11,19,90.0,0.31,84.8,28.73,128.0,430.4,1.63,5.0,8N90E
2006-11-20,2006,11,20,235.9,0.58,82.6,28.99,321.2,948.9,4.6,3.0,8N90E
2006-11-21,2006,11,21,174.1,0.6,85.7,28.84,279.7,1073.4,4.16,6.0,8N90E
2006-11-22,2006,11,22,239.3,0.2,82.6,29.04,337.5,1049.8,1.87,2.0,8N90E
2006-11-23,2006,11,23,241.6,-0.01,80.2,29.29,333.9,1064.4,0.09,0.0,8N90E
2006-11-24,2006,11,24,189.8,0.21,81.5,29.39,291.2,1085.7,1.31,3.0,8N90E
2006-11-25,2006,11,25,181.6,0.2,82.4,29.23,271.4,1014.7,1.73,2.0,8N90E
2006-11-26,2006,11,26,220.0,0.41,81.4,29.37,313.0,1099.0,2.78,5.0,8N90E
2006-11-27,2006,11,27,244.1,0.18,81.5,29.23,331.7,1040.3,1.88,3.0,8N90E
2006-11-28,2006,11,28,219.9,-0.01,79.6,29.13,314.1,1054.5,0.04,0.0,8N90E
2006-11-29,2006,11,29,214.8,-0.01,77.8,29.15,295.2,961.7,0.04,0.0,8N90E
2006-11-30,2006,11,30,234.2,0.42,80.3,29.16,325.7,975.4,2.98,4.0,8N90E
2006-12-01,2006,12,1,152.5,0.59,83.8,29.09,228.9,965.0,3.0,5.0,8N90E
2006-12-02,2006,12,2,170.7,-0.01,79.2,29.01,252.4,975.4,0.08,0.0,8N90E
2006-12-03,2006,12,3,218.4,-0.02,79.1,28.95,300.4,991.5,0.02,0.0,8N90E
2006-12-04,2006,12,4,246.7,0.0,79.8,28.95,334.2,998.1,0.14,1.0,8N90E
2006-12-05,2006,12,5,215.6,0.09,81.1,28.95,305.3,1039.8,0.81,1.0,8N90E
2006-12-06,2006,12,6,239.6,0.0,77.8,28.93,330.6,1052.6,0.08,0.0,8N90E
2006-12-07,2006,12,7,234.5,-0.01,80.4,28.94,317.6,984.4,0.03,0.0,8N90E
2006-12-08,2006,12,8,226.6,0.05,84.1,29.03,310.5,1159.6,0.27,2.0,8N90E
2006-12-09,2006,12,9,212.1,-0.01,82.9,29.07,300.2,1046.0,0.02,0.0,8N90E
2006-12-10,2006,12,10,247.1,0.0,82.0,29.09,336.5,957.9,0.08,0.0,8N90E
2006-12-11,2006,12,11,224.0,0.03,82.4,29.06,308.7,997.2,0.54,1.0,8N90E
2006-12-12,2006,12,12,182.2,0.03,83.5,29.04,291.7,1161.5,0.26,2.0,8N90E
2006-12-13,2006,12,13,183.7,0.62,85.0,28.97,298.8,1136.4,2.79,8.0,8N90E
2006-12-14,2006,12,14,239.3,0.02,83.7,28.93,330.3,975.9,0.28,1.0,8N90E
2006-12-15,2006,12,15,226.3,0.23,82.8,28.89,316.0,956.5,1.48,3.0,8N90E
2006-12-16,2006,12,16,192.5,0.06,80.6,28.9,285.3,968.3,0.7,1.0,8N90E
2006-12-17,2006,12,17,178.2,0.56,85.8,28.91,263.5,978.2,2.19,11.0,8N90E
2006-12-18,2006,12,18,146.0,0.26,86.1,28.89,221.9,1032.7,2.47,3.0,8N90E
2006-12-19,2006,12,19,228.4,-0.02,80.3,28.93,313.1,956.9,0.01,0.0,8N90E
2006-12-20,2006,12,20,231.1,-0.02,75.4,28.77,318.8,937.1,0.02,0.0,8N90E
2006-12-21,2006,12,21,197.8,0.33,80.7,28.29,269.5,997.2,3.05,2.0,8N90E
2006-12-22,2006,12,22,207.2,-0.02,79.4,28.15,286.3,902.0,0.05,0.0,8N90E
2006-12-23,2006,12,23,200.7,-0.02,78.2,28.17,291.5,937.5,0.02,0.0,8N90E
2006-12-24,2006,12,24,236.9,-0.02,77.3,28.17,324.9,912.0,0.02,0.0,8N90E
2006-12-25,2006,12,25,195.4,-0.03,74.6,28.07,283.7,983.0,0.02,0.0,8N90E
2006-12-26,2006,12,26,223.2,-0.02,70.0,28.02,305.4,964.0,0.01,0.0,8N90E
2006-12-27,2006,12,27,235.7,-0.02,71.8,27.98,324.8,1012.3,0.02,0.0,8N90E
2006-12-28,2006,12,28,205.3,-0.02,78.0,27.9,286.0,1010.5,0.01,0.0,8N90E
2006-12-29,2006,12,29,220.4,-0.02,76.7,27.77,314.0,1043.1,0.02,0.0,8N90E
2006-12-30,2006,12,30,224.3,-0.02,77.2,27.62,317.2,1040.8,0.02,0.0,8N90E
2006-12-31,2006,12,31,216.0,-0.02,77.1,27.53,293.8,971.1,0.04,0.0,8N90E
2007-01-01,2007,1,1,229.0,-0.01,70.1,27.51,319.6,1066.8,0.04,0.0,8N90E
2007-01-02,2007,1,2,211.9,-0.02,67.7,27.45,289.8,1037.0,0.01,0.0,8N90E
2007-01-03,2007,1,3,211.8,-0.02,61.3,27.41,305.5,924.8,0.01,0.0,8N90E
2007-01-04,2007,1,4,224.7,-0.02,64.7,27.41,308.1,1006.7,0.02,0.0,8N90E
2007-01-05,2007,1,5,181.6,0.01,69.8,27.63,255.4,970.2,0.38,1.0,8N90E
2007-01-06,2007,1,6,213.6,-0.02,73.6,27.92,297.6,878.8,0.01,0.0,8N90E
2007-01-07,2007,1,7,41.5,5.04,91.0,27.84,72.9,319.6,10.6,44.0,8N90E
2007-01-08,2007,1,8,48.0,1.32,85.1,27.95,72.8,257.6,6.47,8.0,8N90E
2007-01-09,2007,1,9,232.3,0.0,84.9,27.74,313.7,907.2,0.1,1.0,8N90E
2007-01-10,2007,1,10,221.8,-0.01,85.4,27.81,308.1,1010.5,0.03,0.0,8N90E
2007-01-11,2007,1,11,236.1,-0.02,83.2,27.84,319.0,924.3,0.01,0.0,8N90E
2007-01-12,2007,1,12,224.5,-0.02,82.0,27.86,310.8,956.9,0.02,0.0,8N90E
2007-01-13,2007,1,13,234.4,-0.01,79.3,27.87,313.7,942.7,0.02,0.0,8N90E
2007-01-14,2007,1,14,225.7,-0.01,82.9,27.99,308.5,910.5,0.03,0.0,8N90E
2007-01-15,2007,1,15,237.6,-0.01,84.8,27.92,317.9,894.0,0.03,0.0,8N90E
2007-01-16,2007,1,16,221.5,-0.01,81.8,27.75,299.1,882.6,0.04,0.0,8N90E
2007-01-17,2007,1,17,212.2,-0.01,84.2,27.79,297.2,966.4,0.02,0.0,8N90E
2007-01-18,2007,1,18,238.3,-0.01,82.0,27.86,320.8,898.2,0.03,0.0,8N90E
2007-01-19,2007,1,19,228.1,-0.01,80.4,27.93,318.0,889.2,0.01,0.0,8N90E
2007-01-20,2007,1,20,249.2,-0.01,81.8,28.08,330.2,977.3,0.03,0.0,8N90E
2007-01-21,2007,1,21,252.7,-0.01,78.1,28.18,335.5,941.3,0.02,0.0,8N90E
2007-01-22,2007,1,22,122.2,-0.01,77.0,28.25,184.4,1023.7,0.01,0.0,8N90E
2007-01-23,2007,1,23,215.9,-0.01,78.2,28.11,310.8,968.8,0.03,0.0,8N90E
2007-01-24,2007,1,24,97.5,-0.01,81.8,28.18,152.3,844.7,0.04,0.0,8N90E
2007-01-25,2007,1,25,81.4,1.72,87.2,28.41,155.5,1008.6,4.95,20.0,8N90E
2007-01-26,2007,1,26,194.6,0.07,82.8,28.04,270.8,1018.5,0.7,1.0,8N90E
2007-01-27,2007,1,27,223.4,-0.01,81.9,28.14,319.0,999.1,0.01,0.0,8N90E
2007-01-28,2007,1,28,234.3,-0.01,78.0,28.22,323.0,972.6,0.02,0.0,8N90E
2007-01-29,2007,1,29,256.4,-0.01,78.3,28.17,344.6,948.9,0.01,0.0,8N90E
2007-01-30,2007,1,30,259.0,-0.01,74.9,27.69,344.4,927.1,0.01,0.0,8N90E
2007-01-31,2007,1,31,248.7,-0.01,74.5,27.74,337.4,930.4,0.01,0.0,8N90E
2007-02-01,2007,2,1,263.7,-0.01,71.0,28.07,346.6,939.0,0.05,0.0,8N90E
2007-02-02,2007,2,2,265.6,0.01,72.1,28.23,352.3,948.4,0.17,1.0,8N90E
2007-02-03,2007,2,3,256.4,-0.01,72.8,28.25,340.6,1019.0,0.01,0.0,8N90E
2007-02-04,2007,2,4,223.7,-0.01,67.1,28.3,308.8,937.5,0.02,0.0,8N90E
2007-02-05,2007,2,5,270.8,-0.01,66.5,28.35,356.4,971.1,0.05,0.0,8N90E
2007-02-06,2007,2,6,241.8,-0.01,69.4,28.38,327.0,1002.4,0.02,0.0,8N90E
2007-02-07,2007,2,7,264.6,-0.01,73.7,28.41,351.9,1061.1,0.03,0.0,8N90E
2007-02-08,2007,2,8,280.4,0.7,79.9,28.44,368.4,988.2,4.02,6.0,8N90E
2007-02-09,2007,2,9,231.0,0.14,80.3,28.38,339.0,1188.0,1.09,2.0,8N90E
2007-02-10,2007,2,10,263.7,-0.01,79.1,28.55,355.0,1092.4,0.04,0.0,8N90E
2007-02-11,2007,2,11,263.2,-0.01,80.2,28.65,357.7,1030.3,0.03,0.0,8N90E
2007-02-12,2007,2,12,254.4,-0.01,78.6,28.69,346.7,1084.3,0.02,0.0,8N90E
2007-02-13,2007,2,13,274.9,0.0,77.3,28.75,368.0,1106.6,0.05,0.0,8N90E
2007-02-14,2007,2,14,256.4,0.0,77.2,28.9,346.4,1104.7,0.02,0.0,8N90E
2007-02-15,2007,2,15,280.3,-0.01,75.5,28.78,370.2,1047.9,0.01,0.0,8N90E
2007-02-16,2007,2,16,298.4,0.0,74.2,28.76,386.2,1033.2,13.96,4.0,8N90E
2007-02-17,2007,2,17,272.7,-0.01,73.4,28.74,364.5,1043.1,0.01,0.0,8N90E
2007-02-18,2007,2,18,294.1,-0.01,70.8,28.53,386.4,1028.9,0.04,0.0,8N90E
2007-02-19,2007,2,19,241.4,-0.02,71.1,28.35,343.6,1111.3,0.02,0.0,8N90E
2007-02-20,2007,2,20,257.9,-0.02,71.3,28.25,357.6,1062.1,0.02,0.0,8N90E
2007-02-21,2007,2,21,248.7,-0.01,74.7,28.19,349.2,1110.4,0.03,0.0,8N90E
2007-02-22,2007,2,22,219.5,-0.01,78.9,28.19,326.1,1084.8,0.01,0.0,8N90E
2007-02-23,2007,2,23,222.5,-0.01,84.2,28.26,321.5,1114.6,0.02,0.0,8N90E
2007-02-24,2007,2,24,279.6,0.2,,28.58,371.0,1202.2,18.06,2.0,8N90E
2007-02-25,2007,2,25,283.9,,,28.23,370.2,1118.9,,,8N90E
2007-02-26,2007,2,26,288.5,,,28.52,373.6,1118.9,,,8N90E
2007-02-27,2007,2,27,290.4,,,28.44,369.4,1085.3,,,8N90E
2007-02-28,2007,2,28,254.7,,,28.38,326.1,1113.2,,,8N90E
2007-03-01,2007,3,1,251.4,,,28.38,352.0,1023.2,,,8N90E
2007-03-02,2007,3,2,251.7,,,28.66,333.3,1025.1,,,8N90E
2007-03-03,2007,3,3,292.7,,,28.38,376.2,1030.3,,,8N90E
2007-03-04,2007,3,4,258.0,,,28.41,339.4,1049.8,,,8N90E
2007-03-05,2007,3,5,266.2,,,28.54,359.3,1027.0,,,8N90E
2007-03-06,2007,3,6,280.0,,,28.54,373.3,1126.9,,,8N90E
2007-03-07,2007,3,7,282.7,,,28.63,378.6,1071.5,,,8N90E
2007-03-08,2007,3,8,276.5,,,28.54,367.2,1020.4,,,8N90E
2007-03-09,2007,3,9,261.5,,,28.71,357.7,1127.9,,,8N90E
2007-03-10,2007,3,10,279.6,,,28.79,369.5,1098.5,,,8N90E
2007-03-11,2007,3,11,279.1,,,28.83,368.7,1090.5,,,8N90E
2007-03-12,2007,3,12,,,,28.9,,,,,8N90E
2007-03-13,2007,3,13,,,,28.87,,,,,8N90E
2007-03-14,2007,3,14,,,,28.88,,,,,8N90E
2007-03-15,2007,3,15,,,,28.79,,,,,8N90E
2007-03-16,2007,3,16,,,,29.09,,,,,8N90E
2007-03-17,2007,3,17,,,,28.91,,,,,8N90E
2007-03-18,2007,3,18,,,,28.82,,,,,8N90E
2007-03-19,2007,3,19,,,,28.89,,,,,8N90E
2007-03-20,2007,3,20,,,,28.95,,,,,8N90E
2007-03-21,2007,3,21,,,,29.11,,,,,8N90E
2007-03-22,2007,3,22,,,,28.93,,,,,8N90E
2007-03-23,2007,3,23,,,,28.88,,,,,8N90E
2007-03-24,2007,3,24,,,,28.96,,,,,8N90E
2007-03-25,2007,3,25,,,,28.81,,,,,8N90E
2007-03-26,2007,3,26,,,,28.97,,,,,8N90E
2007-03-27,2007,3,27,,,,28.93,,,,,8N90E
2007-03-28,2007,3,28,,,,29.0,,,,,8N90E
2007-03-29,2007,3,29,,,,29.1,,,,,8N90E
2007-03-30,2007,3,30,,,,29.22,,,,,8N90E
2007-03-31,2007,3,31,,,,29.25,,,,,8N90E
2007-04-01,2007,4,1,,,,29.23,,,,,8N90E
2007-04-02,2007,4,2,,,,29.23,,,,,8N90E
2007-04-03,2007,4,3,,,,29.31,,,,,8N90E
2007-04-04,2007,4,4,,,,29.31,,,,,8N90E
2007-04-05,2007,4,5,,,,29.18,,,,,8N90E
2007-04-06,2007,4,6,,,,29.13,,,,,8N90E
2007-04-07,2007,4,7,,,,29.05,,,,,8N90E
2007-04-08,2007,4,8,,,,28.99,,,,,8N90E
2007-04-09,2007,4,9,,,,29.24,,,,,8N90E
2007-04-10,2007,4,10,,,,29.37,,,,,8N90E
2007-04-11,2007,4,11,,,,29.56,,,,,8N90E
2007-04-12,2007,4,12,,,,29.66,,,,,8N90E
2007-04-13,2007,4,13,,,,29.53,,,,,8N90E
2007-04-14,2007,4,14,,,,29.42,,,,,8N90E
2007-04-15,2007,4,15,,,,29.26,,,,,8N90E
2007-04-16,2007,4,16,,,,28.96,,,,,8N90E
2007-04-17,2007,4,17,,,,29.19,,,,,8N90E
2007-04-18,2007,4,18,,0.0,85.1,29.51,,,0.03,0.0,8N90E
2007-04-19,2007,4,19,280.8,0.0,81.2,29.82,364.3,1023.2,0.03,0.0,8N90E
2007-04-20,2007,4,20,291.6,0.0,80.7,30.18,376.1,1018.5,0.12,0.0,8N90E
2007-04-21,2007,4,21,273.4,0.0,79.4,30.59,368.8,1010.9,0.07,0.0,8N90E
2007-04-22,2007,4,22,94.9,0.06,86.1,29.73,151.3,759.5,0.36,2.0,8N90E
2007-04-23,2007,4,23,292.2,0.0,81.6,30.3,377.7,1106.1,0.02,0.0,8N90E
2007-04-24,2007,4,24,212.5,0.0,79.1,30.24,275.2,1129.8,0.04,0.0,8N90E
2007-04-25,2007,4,25,260.8,0.47,83.0,30.24,356.9,1124.1,2.54,5.0,8N90E
2007-04-26,2007,4,26,188.0,1.06,86.5,30.07,296.8,1238.2,9.01,4.0,8N90E
2007-04-27,2007,4,27,108.8,1.44,,29.51,201.6,1222.1,4.0,15.0,8N90E
2007-04-28,2007,4,28,84.5,0.13,,29.28,102.6,385.9,0.73,2.0,8N90E
2007-04-29,2007,4,29,228.5,0.0,,29.6,317.5,1155.3,0.06,0.0,8N90E
2007-04-30,2007,4,30,236.1,0.0,84.9,29.98,341.8,1065.4,0.02,0.0,8N90E
2007-05-01,2007,5,1,207.3,-0.01,85.5,29.96,273.2,1051.2,0.02,0.0,8N90E
2007-05-02,2007,5,2,249.2,-0.01,82.2,30.02,330.6,1120.3,0.01,0.0,8N90E
2007-05-03,2007,5,3,226.5,-0.01,82.7,29.91,310.4,1173.8,0.01,0.0,8N90E
2007-05-04,2007,5,4,253.1,-0.01,85.9,29.74,351.9,1110.4,0.01,0.0,8N90E
2007-05-05,2007,5,5,184.9,-0.01,86.4,29.65,253.4,952.7,0.02,0.0,8N90E
2007-05-06,2007,5,6,200.5,0.12,85.4,29.91,270.4,1065.8,0.48,6.0,8N90E
2007-05-07,2007,5,7,199.2,-0.01,84.9,29.66,302.9,1130.7,0.08,0.0,8N90E
2007-05-08,2007,5,8,156.7,0.07,85.7,29.89,212.4,761.4,0.69,1.0,8N90E
2007-05-09,2007,5,9,149.6,-0.01,83.8,29.74,191.1,582.9,0.05,0.0,8N90E
2007-05-10,2007,5,10,157.1,-0.02,84.3,29.57,253.3,1024.2,0.07,0.0,8N90E
2007-05-11,2007,5,11,230.6,-0.02,85.0,29.67,308.0,1006.7,0.04,0.0,8N90E
2007-05-12,2007,5,12,192.6,-0.01,84.9,29.49,252.7,855.6,0.08,0.0,8N90E
2007-05-13,2007,5,13,140.3,0.05,,29.3,207.1,912.9,0.4,3.0,8N90E
2007-05-14,2007,5,14,224.6,0.0,,29.21,291.4,1022.3,0.18,1.0,8N90E
2007-05-15,2007,5,15,268.3,0.06,,29.24,341.4,1001.0,0.49,2.0,8N90E
2007-05-16,2007,5,16,253.7,0.62,,29.22,330.9,1073.9,3.31,8.0,8N90E
2007-05-17,2007,5,17,233.9,-0.01,,29.24,324.2,1082.0,0.04,0.0,8N90E
2007-05-18,2007,5,18,260.9,0.06,,29.3,329.8,974.5,0.43,2.0,8N90E
2007-05-19,2007,5,19,227.5,-0.01,,29.28,306.0,1067.3,0.02,0.0,8N90E
2007-05-20,2007,5,20,273.2,-0.01,,29.3,352.3,1004.8,0.01,0.0,8N90E
2007-05-21,2007,5,21,268.6,0.01,,29.3,343.1,982.5,0.1,1.0,8N90E
2007-05-22,2007,5,22,238.8,0.12,,29.38,317.8,986.3,0.89,2.0,8N90E
2007-05-23,2007,5,23,287.2,0.0,,29.47,366.5,1017.5,0.01,0.0,8N90E
2007-05-24,2007,5,24,289.9,0.0,,29.68,372.8,1200.3,0.02,0.0,8N90E
2007-05-25,2007,5,25,293.0,0.0,,29.7,369.7,1050.7,0.02,0.0,8N90E
2007-05-26,2007,5,26,294.9,0.02,,29.71,371.6,1052.1,0.27,1.0,8N90E
2007-05-27,2007,5,27,288.9,0.0,,29.94,359.9,983.5,0.02,0.0,8N90E
2007-05-28,2007,5,28,291.0,0.06,,29.89,363.7,1058.8,0.46,2.0,8N90E
2007-05-29,2007,5,29,167.2,0.03,,29.72,268.4,1226.8,0.2,1.0,8N90E
2007-05-30,2007,5,30,185.7,0.42,,29.69,277.4,1109.9,3.81,3.0,8N90E
2007-05-31,2007,5,31,264.2,-0.01,,29.88,352.2,993.4,0.01,0.0,8N90E
2007-06-01,2007,6,1,237.6,-0.01,,29.84,313.4,1029.4,0.01,0.0,8N90E
2007-06-02,2007,6,2,251.8,0.42,,29.84,353.6,1061.1,1.9,6.0,8N90E
2007-06-03,2007,6,3,243.5,-0.01,,29.84,325.1,1169.1,0.02,0.0,8N90E
2007-06-04,2007,6,4,207.9,-0.01,,29.8,278.6,1118.4,0.02,0.0,8N90E
2007-06-05,2007,6,5,256.4,-0.02,,29.83,323.9,995.8,0.02,0.0,8N90E
2007-06-06,2007,6,6,196.7,0.59,,29.78,276.2,1055.4,2.9,8.0,8N90E
2007-06-07,2007,6,7,199.3,0.19,,29.73,319.4,1119.3,0.9,4.0,8N90E
2007-06-08,2007,6,8,44.0,0.05,,29.57,58.1,385.0,0.2,1.0,8N90E
2007-06-09,2007,6,9,282.7,0.01,,29.65,359.1,982.5,0.19,1.0,8N90E
2007-06-10,2007,6,10,189.6,0.04,,29.7,286.9,1125.0,0.44,1.0,8N90E
2007-06-11,2007,6,11,260.8,-0.01,,29.67,331.9,985.8,0.01,0.0,8N90E
2007-06-12,2007,6,12,137.1,0.0,,29.63,198.4,776.5,0.05,0.0,8N90E
2007-06-13,2007,6,13,114.5,0.83,,29.54,173.0,1089.0,4.19,8.0,8N90E
2007-06-14,2007,6,14,269.2,0.1,,29.56,346.2,1008.1,0.75,2.0,8N90E
2007-06-15,2007,6,15,223.9,0.05,,29.52,299.1,1046.0,0.38,2.0,8N90E
2007-06-16,2007,6,16,99.6,1.0,,29.48,182.3,953.6,4.61,11.0,8N90E
2007-06-17,2007,6,17,218.3,1.76,,29.44,311.0,1102.8,5.34,17.0,8N90E
2007-06-18,2007,6,18,163.3,0.3,,29.37,270.3,1094.3,1.08,10.0,8N90E
2007-06-19,2007,6,19,23.7,1.53,,29.21,38.6,182.3,3.45,38.0,8N90E
2007-06-20,2007,6,20,24.9,1.12,,29.07,38.2,175.2,3.86,17.0,8N90E
2007-06-21,2007,6,21,137.9,0.0,,29.03,200.0,735.8,0.16,1.0,8N90E
2007-06-22,2007,6,22,77.1,0.09,,29.0,154.4,880.2,0.67,3.0,8N90E
2007-06-23,2007,6,23,293.6,0.0,,29.29,364.2,1071.5,0.01,0.0,8N90E
2007-06-24,2007,6,24,245.4,0.0,,29.47,332.0,1162.4,0.01,0.0,8N90E
2007-06-25,2007,6,25,209.6,0.16,,29.29,301.0,1071.1,1.02,4.0,8N90E
2007-06-26,2007,6,26,53.2,1.36,,29.13,83.9,313.5,2.65,28.0,8N90E
2007-06-27,2007,6,27,203.6,0.08,,29.02,281.7,1023.7,0.71,3.0,8N90E
2007-06-28,2007,6,28,242.1,0.0,,29.04,329.5,994.8,0.06,0.0,8N90E
2007-06-29,2007,6,29,256.2,0.0,,29.15,343.3,991.0,0.02,0.0,8N90E
2007-06-30,2007,6,30,258.9,-0.01,,29.16,329.5,952.2,0.02,0.0,8N90E
2007-07-01,2007,7,1,259.4,0.0,,29.19,339.2,991.0,0.01,0.0,8N90E
2007-07-02,2007,7,2,264.0,0.0,,29.22,342.2,991.0,0.01,0.0,8N90E
2007-07-03,2007,7,3,195.2,0.04,,29.2,261.1,852.3,0.48,1.0,8N90E
2007-07-04,2007,7,4,118.1,0.19,,29.13,147.4,566.3,2.09,1.0,8N90E
2007-07-05,2007,7,5,247.4,-0.01,,29.11,317.5,978.7,0.02,0.0,8N90E
2007-07-06,2007,7,6,249.0,-0.01,,29.08,329.4,1052.6,0.03,0.0,8N90E
2007-07-07,2007,7,7,238.5,-0.01,,29.06,313.4,973.5,0.02,0.0,8N90E
2007-07-08,2007,7,8,266.4,-0.01,,29.05,342.2,976.4,0.01,0.0,8N90E
2007-07-09,2007,7,9,251.4,-0.01,,29.1,321.2,1001.9,0.02,0.0,8N90E
2007-07-10,2007,7,10,222.0,0.03,,29.07,280.4,978.2,0.34,1.0,8N90E
2007-07-11,2007,7,11,213.6,-0.01,,29.02,277.2,866.0,0.02,0.0,8N90E
2007-07-12,2007,7,12,231.5,-0.01,,28.97,324.4,1027.0,0.06,0.0,8N90E
2007-07-13,2007,7,13,201.8,0.11,,28.95,294.4,1041.7,1.08,1.0,8N90E
2007-07-14,2007,7,14,256.7,-0.02,,28.94,341.5,1000.0,0.06,0.0,8N90E
2007-07-15,2007,7,15,258.3,-0.01,,29.01,331.9,1069.2,0.04,0.0,8N90E
2007-07-16,2007,7,16,269.8,-0.01,,29.01,354.8,1092.4,0.02,0.0,8N90E
2007-07-17,2007,7,17,225.1,0.02,,28.99,299.4,959.3,0.23,1.0,8N90E
2007-07-18,2007,7,18,247.7,0.0,,29.01,326.7,1081.5,0.08,0.0,8N90E
2007-07-19,2007,7,19,109.2,0.79,,28.88,159.5,706.5,3.69,8.0,8N90E
2007-07-20,2007,7,20,140.9,0.02,,28.84,180.7,649.6,0.21,2.0,8N90E
2007-07-21,2007,7,21,254.3,-0.02,,28.8,326.4,1079.1,0.07,0.0,8N90E
2007-07-22,2007,7,22,189.8,-0.01,,28.66,258.4,929.5,0.15,1.0,8N90E
2007-07-23,2007,7,23,197.9,0.3,,28.64,289.5,1059.7,1.34,7.0,8N90E
2007-07-24,2007,7,24,175.0,0.44,,28.62,249.6,987.2,1.93,7.0,8N90E
2007-07-25,2007,7,25,94.2,0.67,,28.71,138.8,527.5,3.8,6.0,8N90E
2007-07-26,2007,7,26,243.1,0.0,,28.87,339.3,1258.6,0.03,0.0,8N90E
2007-07-27,2007,7,27,265.7,-0.01,,28.82,348.5,1069.2,0.02,0.0,8N90E
2007-07-28,2007,7,28,277.5,-0.01,,28.69,355.7,1047.4,0.01,0.0,8N90E
2007-07-29,2007,7,29,116.8,0.16,,28.63,147.9,504.3,1.18,2.0,8N90E
2007-07-30,2007,7,30,175.1,0.16,,28.65,257.2,1227.3,0.78,4.0,8N90E
2007-07-31,2007,7,31,125.0,0.02,,28.63,183.0,1031.3,0.27,1.0,8N90E
2007-08-01,2007,8,1,185.2,0.0,,28.65,253.8,882.1,0.01,0.0,8N90E
2007-08-02,2007,8,2,266.0,-0.01,,28.67,346.9,1074.8,0.01,0.0,8N90E
2007-08-03,2007,8,3,268.7,-0.01,,28.72,347.9,1237.3,0.01,0.0,8N90E
2007-08-04,2007,8,4,271.1,-0.02,,28.7,353.0,1074.8,0.03,0.0,8N90E
2007-08-05,2007,8,5,196.8,-0.01,,28.7,250.9,856.6,0.02,0.0,8N90E
2007-08-06,2007,8,6,220.8,-0.01,,28.62,303.7,1130.7,0.01,0.0,8N90E
2007-08-07,2007,8,7,274.0,-0.01,,28.65,360.3,1072.5,0.01,0.0,8N90E
2007-08-08,2007,8,8,277.1,-0.01,,28.67,352.2,1063.5,0.02,0.0,8N90E
2007-08-09,2007,8,9,264.2,-0.01,,28.67,341.1,1188.0,0.01,0.0,8N90E
2007-08-10,2007,8,10,241.4,-0.01,,28.66,319.7,1040.3,0.01,0.0,8N90E
2007-08-11,2007,8,11,253.2,0.0,,28.65,324.0,1074.4,0.07,0.0,8N90E
2007-08-12,2007,8,12,239.1,0.0,,28.66,328.3,1081.5,0.02,0.0,8N90E
2007-08-13,2007,8,13,260.0,-0.01,,28.67,339.7,1065.8,0.01,0.0,8N90E
2007-08-14,2007,8,14,271.7,0.0,,28.66,348.9,1016.1,0.03,0.0,8N90E
2007-08-15,2007,8,15,256.0,0.0,,28.64,332.1,1017.5,0.02,0.0,8N90E
2007-08-16,2007,8,16,151.4,0.0,,28.49,212.4,844.7,0.02,0.0,8N90E
2007-08-17,2007,8,17,160.5,0.29,,28.47,244.1,918.1,1.54,6.0,8N90E
2007-08-18,2007,8,18,236.4,0.0,,28.52,311.7,1061.1,0.05,0.0,8N90E
2007-08-19,2007,8,19,214.0,-0.01,,28.56,295.0,1008.1,0.04,0.0,8N90E
2007-08-20,2007,8,20,213.2,-0.01,,28.6,288.8,1164.3,0.04,0.0,8N90E
2007-08-21,2007,8,21,65.8,0.11,,28.57,96.9,308.2,0.63,4.0,8N90E
2007-08-22,2007,8,22,148.2,0.16,,28.56,219.2,936.1,0.86,3.0,8N90E
2007-08-23,2007,8,23,56.8,0.08,,28.5,76.0,378.8,0.82,1.0,8N90E
2007-08-24,2007,8,24,70.1,1.3,,28.43,108.2,570.6,5.59,12.0,8N90E
2007-08-25,2007,8,25,205.5,0.21,,28.41,310.1,1069.6,1.29,4.0,8N90E
2007-08-26,2007,8,26,253.4,-0.01,,28.48,334.8,1097.1,0.01,0.0,8N90E
2007-08-27,2007,8,27,232.8,-0.01,,28.51,288.9,1007.1,0.01,0.0,8N90E
2007-08-28,2007,8,28,254.3,2.04,,28.5,356.1,1210.7,7.51,13.0,8N90E
2007-08-29,2007,8,29,108.4,0.12,,28.49,146.9,624.1,1.06,3.0,8N90E
2007-08-30,2007,8,30,191.9,0.01,,28.6,262.2,1055.4,0.14,1.0,8N90E
2007-08-31,2007,8,31,122.4,0.33,,28.57,177.9,938.0,1.07,13.0,8N90E
2007-09-01,2007,9,1,151.8,0.0,,28.56,201.8,876.0,0.07,0.0,8N90E
2007-09-02,2007,9,2,199.6,-0.02,,28.51,290.0,1012.8,0.03,0.0,8N90E
2007-09-03,2007,9,3,236.7,-0.01,,28.53,313.4,1193.2,0.03,0.0,8N90E
2007-09-04,2007,9,4,255.4,-0.01,,28.56,350.6,1053.5,0.02,0.0,8N90E
2007-09-05,2007,9,5,285.1,-0.01,,28.63,368.6,1246.2,0.02,0.0,8N90E
2007-09-06,2007,9,6,293.3,-0.01,,28.7,377.9,1143.5,0.02,0.0,8N90E
2007-09-07,2007,9,7,247.5,0.61,,28.76,348.3,1169.5,2.32,10.0,8N90E
2007-09-08,2007,9,8,201.8,-0.03,,28.73,308.8,1094.7,0.63,8.0,8N90E
2007-09-09,2007,9,9,284.1,-0.04,,28.7,359.4,1102.3,0.39,2.0,8N90E
2007-09-10,2007,9,10,281.1,0.0,,28.96,365.6,1062.1,0.02,0.0,8N90E
2007-09-11,2007,9,11,240.2,0.01,,28.74,308.8,1099.9,0.09,0.0,8N90E
2007-09-12,2007,9,12,131.7,0.65,,28.65,177.9,573.4,3.12,8.0,8N90E
2007-09-13,2007,9,13,42.2,4.85,,28.44,67.0,365.1,11.36,42.0,8N90E
2007-09-14,2007,9,14,186.9,0.34,,28.49,271.9,1204.1,1.91,6.0,8N90E
2007-09-15,2007,9,15,63.7,0.51,,28.48,113.5,425.2,1.7,12.0,8N90E
2007-09-16,2007,9,16,228.0,0.03,,28.52,329.9,1060.6,0.27,1.0,8N90E
2007-09-17,2007,9,17,121.2,0.01,,28.51,184.8,742.0,0.11,0.0,8N90E
2007-09-18,2007,9,18,184.2,0.0,,28.49,227.5,810.2,0.01,0.0,8N90E
2007-09-19,2007,9,19,224.7,-0.01,,28.48,301.9,1162.4,0.02,0.0,8N90E
2007-09-20,2007,9,20,198.9,0.0,,28.47,264.7,934.7,0.02,0.0,8N90E
2007-09-21,2007,9,21,255.6,0.0,,28.44,342.2,1078.6,0.01,0.0,8N90E
2007-09-22,2007,9,22,253.8,-0.01,,28.44,337.2,1061.1,0.07,0.0,8N90E
2007-09-23,2007,9,23,245.1,0.04,,28.47,332.1,1077.2,0.44,1.0,8N90E
2007-09-24,2007,9,24,260.4,0.0,,28.52,349.1,1188.5,0.01,0.0,8N90E
2007-09-25,2007,9,25,237.8,0.0,,28.55,315.2,1057.8,0.01,0.0,8N90E
2007-09-26,2007,9,26,39.4,1.66,,28.39,66.2,317.2,5.3,19.0,8N90E
2007-09-27,2007,9,27,192.4,0.88,,28.41,268.9,1173.8,3.2,16.0,8N90E
2007-09-28,2007,9,28,104.2,0.47,,28.32,168.5,812.5,1.67,9.0,8N90E
2007-09-29,2007,9,29,224.6,-0.01,,28.34,330.7,1075.3,0.03,0.0,8N90E
2007-09-30,2007,9,30,239.6,0.06,,28.38,320.2,1047.4,0.59,3.0,8N90E
2007-10-01,2007,10,1,241.2,-0.02,,28.47,330.2,1031.8,0.16,0.0,8N90E
2007-10-02,2007,10,2,174.0,0.08,,28.45,264.1,1150.6,0.62,3.0,8N90E
2007-10-03,2007,10,3,70.5,0.78,,28.4,120.1,462.6,4.64,10.0,8N90E
2007-10-04,2007,10,4,204.7,-0.01,,28.4,287.5,1135.5,0.01,0.0,8N90E
2007-10-05,2007,10,5,170.2,0.04,,28.39,237.4,810.2,0.46,1.0,8N90E
2007-10-06,2007,10,6,152.0,0.05,,28.33,228.5,1193.7,0.32,3.0,8N90E
2007-10-07,2007,10,7,117.9,0.03,,28.27,185.1,1115.1,0.25,3.0,8N90E
2007-10-08,2007,10,8,249.1,-0.01,,28.28,333.3,1067.3,0.02,0.0,8N90E
2007-10-10,2007,10,10,278.9,-0.01,81.8,28.56,359.9,1046.4,0.03,0.0,8N90E
2007-10-11,2007,10,11,273.8,0.0,79.6,28.87,361.0,1020.4,0.02,0.0,8N90E
2007-10-12,2007,10,12,294.6,0.01,81.7,28.8,373.3,1076.9,0.1,0.0,8N90E
2007-10-13,2007,10,13,259.0,0.29,82.9,28.67,359.1,1126.0,1.96,4.0,8N90E
2007-10-14,2007,10,14,67.8,0.14,85.2,28.58,97.8,440.3,0.7,4.0,8N90E
2007-10-15,2007,10,15,238.6,0.01,83.2,28.63,317.8,1196.2,0.06,0.0,8N90E
2007-10-16,2007,10,16,280.2,0.0,80.9,28.77,371.5,1075.0,0.04,0.0,8N90E
2007-10-17,2007,10,17,247.5,0.03,82.1,29.0,339.9,1055.0,0.24,1.0,8N90E
2007-10-18,2007,10,18,233.4,0.32,80.5,28.97,314.3,1037.7,2.9,2.0,8N90E
2007-10-19,2007,10,19,244.0,0.39,84.0,28.96,337.5,1066.4,1.51,8.0,8N90E
2007-10-20,2007,10,20,261.1,0.07,84.4,28.96,360.6,1054.5,0.75,1.0,8N90E
2007-10-21,2007,10,21,86.2,2.07,87.3,28.73,155.4,1036.3,8.52,13.0,8N90E
2007-10-22,2007,10,22,174.6,0.06,85.0,28.72,265.3,1218.0,0.65,1.0,8N90E
2007-10-23,2007,10,23,154.4,0.13,84.1,28.26,248.0,1079.1,0.81,4.0,8N90E
2007-10-24,2007,10,24,181.7,-0.01,85.0,28.25,301.3,1134.2,0.18,0.0,8N90E
2007-10-25,2007,10,25,95.8,0.19,87.0,28.29,161.3,717.6,0.59,7.0,8N90E
2007-10-26,2007,10,26,234.5,0.14,84.7,28.5,336.9,1217.6,0.81,5.0,8N90E
2007-10-27,2007,10,27,53.0,0.69,85.8,28.4,79.8,421.1,3.81,7.0,8N90E
2007-10-28,2007,10,28,,0.76,87.9,28.23,,,2.26,19.0,8N90E
2007-10-29,2007,10,29,33.3,0.51,88.1,28.15,53.7,182.5,1.84,11.0,8N90E
2007-10-30,2007,10,30,162.0,1.89,86.5,28.3,217.4,885.6,5.47,17.0,8N90E
2007-10-31,2007,10,31,113.2,0.38,86.3,28.24,186.9,1081.9,2.14,4.0,8N90E
2007-11-01,2007,11,1,235.3,0.0,82.8,28.35,324.6,1053.2,0.16,0.0,8N90E
2007-11-02,2007,11,2,106.6,0.23,86.5,28.25,188.4,1168.4,1.48,4.0,8N90E
2007-11-03,2007,11,3,263.5,-0.01,82.7,28.36,347.6,1057.7,0.05,0.0,8N90E
2007-11-04,2007,11,4,245.0,0.08,82.4,28.67,356.0,1026.3,0.37,2.0,8N90E
2007-11-05,2007,11,5,242.3,0.0,80.6,28.89,358.7,1198.5,0.01,0.0,8N90E
2007-11-06,2007,11,6,264.4,0.12,80.9,28.9,358.0,1052.3,0.58,4.0,8N90E
2007-11-07,2007,11,7,181.2,0.46,85.8,28.79,289.1,1071.4,2.99,6.0,8N90E
2007-11-08,2007,11,8,248.9,0.0,81.5,28.8,337.7,1124.2,0.03,0.0,8N90E
2007-11-09,2007,11,9,154.4,0.02,83.6,28.64,214.5,974.0,0.14,1.0,8N90E
2007-11-10,2007,11,10,161.0,0.06,79.8,28.63,213.9,800.5,0.44,2.0,8N90E
2007-11-11,2007,11,11,181.9,0.01,77.8,28.6,263.2,1079.1,0.21,1.0,8N90E
2007-11-12,2007,11,12,181.5,-0.03,81.5,28.57,276.0,1021.3,0.28,0.0,8N90E
2007-11-13,2007,11,13,184.1,0.05,83.7,28.54,271.4,1012.7,0.43,2.0,8N90E
2007-11-14,2007,11,14,249.1,0.11,82.5,28.69,328.6,954.8,0.82,3.0,8N90E
2007-11-15,2007,11,15,244.4,0.0,79.2,28.85,333.4,1009.9,0.02,0.0,8N90E
2007-11-16,2007,11,16,242.0,-0.01,77.8,29.0,330.4,959.4,0.02,0.0,8N90E
2007-11-17,2007,11,17,149.8,0.01,82.8,28.71,271.8,1168.8,0.22,1.0,8N90E
2007-11-18,2007,11,18,261.1,-0.02,80.2,28.75,346.0,988.5,0.09,0.0,8N90E
2007-11-19,2007,11,19,228.8,0.11,82.2,28.73,326.1,945.7,1.08,1.0,8N90E
2007-11-20,2007,11,20,136.4,0.21,82.7,28.74,225.8,1109.7,1.2,4.0,8N90E
2007-11-21,2007,11,21,236.5,0.02,81.3,28.64,336.3,1146.1,0.11,0.0,8N90E
2007-11-22,2007,11,22,234.2,-0.02,82.1,28.74,329.1,1102.4,0.03,0.0,8N90E
2007-11-23,2007,11,23,208.6,0.02,80.7,28.95,304.8,968.5,0.24,1.0,8N90E
2007-11-24,2007,11,24,233.8,0.04,81.7,28.86,321.1,1007.6,0.37,2.0,8N90E
2007-11-25,2007,11,25,214.6,-0.02,81.9,28.89,287.9,930.7,0.12,0.0,8N90E
2007-11-26,2007,11,26,245.3,-0.01,78.6,28.94,324.5,1009.0,0.06,0.0,8N90E
2007-11-27,2007,11,27,254.6,0.0,72.0,29.32,336.2,924.8,0.02,0.0,8N90E
2007-11-28,2007,11,28,176.5,-0.03,75.7,28.99,292.4,1220.3,0.41,1.0,8N90E
2007-11-29,2007,11,29,274.7,-0.04,68.3,28.82,357.3,1028.6,0.29,0.0,8N90E
2007-11-30,2007,11,30,229.9,,70.8,28.85,323.7,1084.2,,,8N90E
2007-12-01,2007,12,1,219.9,,66.4,28.74,313.5,952.1,,,8N90E
2007-12-02,2007,12,2,154.4,,62.3,28.72,221.1,1139.2,,,8N90E
2007-12-03,2007,12,3,240.9,,48.5,28.69,329.0,969.4,,,8N90E
2007-12-04,2007,12,4,245.7,,64.5,28.66,332.2,1052.3,,,8N90E
2007-12-05,2007,12,5,237.7,,72.5,28.56,332.2,1037.7,,,8N90E
2007-12-06,2007,12,6,237.3,,74.9,27.91,319.9,969.4,,,8N90E
2007-12-07,2007,12,7,218.6,,79.5,28.02,291.1,946.6,,,8N90E
2007-12-08,2007,12,8,76.4,,86.7,27.96,123.9,503.1,,,8N90E
2007-12-09,2007,12,9,92.9,,78.6,28.06,142.0,541.8,,,8N90E
2007-12-10,2007,12,10,44.0,,89.1,27.97,80.1,508.1,,,8N90E
2007-12-11,2007,12,11,193.2,,83.4,28.13,264.4,974.4,,,8N90E
2007-12-12,2007,12,12,202.1,,84.8,28.2,284.7,975.3,,,8N90E
2007-12-13,2007,12,13,118.7,,89.1,28.08,213.7,898.8,,,8N90E
2007-12-14,2007,12,14,169.5,,83.9,28.1,269.8,1134.7,,,8N90E
2007-12-15,2007,12,15,70.0,,84.3,27.88,119.5,558.2,,,8N90E
2007-12-16,2007,12,16,214.8,,82.3,27.95,291.9,974.9,,,8N90E
2007-12-17,2007,12,17,198.5,,85.3,28.04,283.6,929.8,,,8N90E
2007-12-18,2007,12,18,203.8,,84.4,28.11,269.3,831.0,,,8N90E
2007-12-19,2007,12,19,241.8,,83.9,28.14,330.0,1023.1,,,8N90E
2007-12-20,2007,12,20,192.2,,79.3,28.11,268.2,973.5,,,8N90E
2007-12-21,2007,12,21,202.2,,83.6,28.14,288.6,1071.0,,,8N90E
2007-12-22,2007,12,22,231.8,,82.7,28.2,317.9,962.6,,,8N90E
2007-12-23,2007,12,23,221.0,,77.5,28.25,309.9,1080.0,,,8N90E
2007-12-24,2007,12,24,218.8,,68.8,28.17,301.5,1059.6,,,8N90E
2007-12-25,2007,12,25,229.9,,63.1,28.16,319.4,1008.1,,,8N90E
2007-12-26,2007,12,26,267.0,,62.0,28.14,352.4,1052.3,,,8N90E
2007-12-27,2007,12,27,225.7,,65.8,28.12,316.1,1024.0,,,8N90E
2007-12-28,2007,12,28,239.9,,68.5,28.18,326.0,1035.0,,,8N90E
2007-12-29,2007,12,29,206.2,,69.3,28.13,288.5,914.8,,,8N90E
2007-12-30,2007,12,30,248.9,,62.9,28.05,335.9,1067.3,,,8N90E
2007-12-31,2007,12,31,204.7,,69.8,28.04,295.8,1080.5,,,8N90E
2008-01-01,2008,1,1,82.8,,82.1,27.99,131.9,887.0,,,8N90E
2008-01-02,2008,1,2,155.5,,80.2,28.09,249.6,1054.5,,,8N90E
2008-01-03,2008,1,3,226.2,,80.4,28.13,335.9,1013.6,,,8N90E
2008-01-04,2008,1,4,210.3,,81.6,28.03,296.7,1178.0,,,8N90E
2008-01-05,2008,1,5,243.6,,82.4,27.98,325.2,1042.3,,,8N90E
2008-01-06,2008,1,6,231.9,,82.7,28.09,325.8,1031.8,,,8N90E
2008-01-07,2008,1,7,128.3,,85.2,28.0,227.0,959.8,,,8N90E
2008-01-08,2008,1,8,157.1,,83.6,27.97,240.9,985.3,,,8N90E
2008-01-09,2008,1,9,171.8,,84.9,28.01,280.2,1131.0,,,8N90E
2008-01-10,2008,1,10,225.0,,84.7,28.02,320.0,1003.1,,,8N90E
2008-01-11,2008,1,11,184.1,,83.5,28.26,283.8,1118.8,,,8N90E
2008-01-12,2008,1,12,130.4,,83.3,28.08,202.4,1089.6,,,8N90E
2008-01-13,2008,1,13,268.5,,72.4,28.2,356.1,985.8,,,8N90E
2008-01-14,2008,1,14,251.0,,71.7,28.47,344.5,1083.7,,,8N90E
2008-01-15,2008,1,15,255.6,,70.7,28.42,342.8,971.7,,,8N90E
2008-01-16,2008,1,16,252.7,,73.8,28.5,344.8,1025.4,,,8N90E
2008-01-17,2008,1,17,242.6,,74.6,28.5,333.6,1045.4,,,8N90E
2008-01-18,2008,1,18,264.9,,75.3,28.38,349.0,955.3,,,8N90E
2008-01-19,2008,1,19,150.0,,83.1,28.36,225.2,872.9,,,8N90E
2008-01-20,2008,1,20,242.4,,78.8,28.3,342.5,1072.3,,,8N90E
2008-01-21,2008,1,21,250.5,,76.6,28.3,341.2,968.0,,,8N90E
2008-01-22,2008,1,22,249.7,,75.2,28.24,343.7,981.2,,,8N90E
2008-01-23,2008,1,23,226.5,,81.0,28.22,310.8,1091.0,,,8N90E
2008-01-24,2008,1,24,209.7,,82.0,28.31,313.9,1144.7,,,8N90E
2008-01-25,2008,1,25,218.9,,81.7,28.37,296.9,1032.7,,,8N90E
2008-01-26,2008,1,26,198.5,,84.5,28.35,309.4,973.5,,,8N90E
2008-01-27,2008,1,27,237.2,,82.6,28.42,321.3,975.8,,,8N90E
2008-01-28,2008,1,28,137.5,,83.6,28.44,221.8,1111.0,,,8N90E
2008-01-29,2008,1,29,270.4,,79.8,28.86,350.0,963.5,,,8N90E
2008-01-30,2008,1,30,111.8,,85.7,28.63,193.6,1384.7,,,8N90E
2008-01-31,2008,1,31,227.9,,82.0,29.1,315.6,1009.0,,,8N90E
2008-02-01,2008,2,1,262.6,,77.8,29.28,348.1,1100.5,,,8N90E
2008-02-02,2008,2,2,229.8,,80.4,29.09,319.9,1163.4,,,8N90E
2008-02-03,2008,2,3,244.5,,81.8,29.17,334.6,1073.2,,,8N90E
2008-02-04,2008,2,4,217.7,,80.9,29.4,333.4,1084.2,,,8N90E
2008-02-05,2008,2,5,241.1,,81.7,29.31,341.4,1017.7,,,8N90E
2008-02-06,2008,2,6,225.7,,82.7,29.24,339.2,1117.8,,,8N90E
2008-02-07,2008,2,7,146.3,,82.6,29.03,214.7,1076.9,,,8N90E
2008-02-08,2008,2,8,207.9,,78.9,29.1,289.8,970.3,,,8N90E
2008-02-09,2008,2,9,198.9,,78.7,28.99,271.0,955.3,,,8N90E
2008-02-10,2008,2,10,266.3,,78.6,29.01,355.1,987.6,,,8N90E
2008-02-11,2008,2,11,251.9,,78.5,28.86,344.3,1029.0,,,8N90E
2008-02-12,2008,2,12,229.1,,80.9,28.69,325.4,1055.5,,,8N90E
2008-02-13,2008,2,13,171.7,,79.7,28.63,268.7,990.4,,,8N90E
2008-02-14,2008,2,14,247.2,,77.7,28.58,330.6,1020.4,,,8N90E
2008-02-15,2008,2,15,238.7,,80.3,28.55,344.2,1035.4,,,8N90E
2008-02-16,2008,2,16,151.8,,80.9,28.4,231.0,1045.4,,,8N90E
2008-02-17,2008,2,17,258.7,,80.0,28.38,352.7,1122.4,,,8N90E
2008-02-18,2008,2,18,281.4,,79.4,28.44,369.3,1108.3,,,8N90E
2008-02-19,2008,2,19,279.2,,77.8,28.54,366.9,1094.2,,,8N90E
2008-02-20,2008,2,20,227.4,,75.6,28.53,314.2,1100.1,,,8N90E
2008-02-21,2008,2,21,271.1,,78.1,28.54,362.6,1075.5,,,8N90E
2008-02-22,2008,2,22,273.1,,73.3,28.52,358.8,1091.4,,,8N90E
2008-02-23,2008,2,23,263.6,,71.8,28.63,352.2,1173.0,,,8N90E
2008-02-24,2008,2,24,103.0,,75.8,28.6,154.3,677.0,,,8N90E
2008-02-25,2008,2,25,212.8,,78.9,29.02,321.2,1041.3,,,8N90E
2008-02-26,2008,2,26,133.5,,79.6,28.83,242.8,1073.7,,,8N90E
2008-02-27,2008,2,27,256.0,,79.7,28.66,344.3,1102.4,,,8N90E
2008-02-28,2008,2,28,273.6,,79.4,28.83,356.3,1034.5,,,8N90E
2008-02-29,2008,2,29,274.5,,79.7,28.96,366.7,1142.0,,,8N90E
2008-03-01,2008,3,1,271.1,,79.5,29.14,378.2,1145.6,,,8N90E
2008-03-02,2008,3,2,237.0,,81.8,28.97,369.2,1218.0,,,8N90E
2008-03-03,2008,3,3,124.7,,81.4,28.62,180.6,791.4,,,8N90E
2008-03-04,2008,3,4,147.7,,78.0,28.46,239.6,1261.3,,,8N90E
2008-03-05,2008,3,5,213.6,,78.6,28.84,304.6,1173.0,,,8N90E
2008-03-06,2008,3,6,268.8,,77.9,28.56,360.4,1037.2,,,8N90E
2008-03-07,2008,3,7,61.0,,81.8,28.34,95.1,587.4,,,8N90E
2008-03-08,2008,3,8,147.1,,83.2,28.5,245.2,1095.1,,,8N90E
2008-03-09,2008,3,9,117.7,,84.5,28.38,191.5,1391.1,,,8N90E
2008-03-10,2008,3,10,162.3,,82.2,28.6,277.6,1190.2,,,8N90E
2008-03-11,2008,3,11,177.8,,82.8,28.59,317.7,1120.1,,,8N90E
2008-03-12,2008,3,12,260.7,,79.9,28.81,356.9,1158.8,,,8N90E
2008-03-13,2008,3,13,168.8,,82.1,28.9,252.0,1282.2,,,8N90E
2008-03-14,2008,3,14,191.8,,84.0,28.79,274.1,1091.9,,,8N90E
2008-03-15,2008,3,15,230.8,,80.9,28.7,330.8,1170.7,,,8N90E
2008-03-16,2008,3,16,211.3,,82.0,28.95,288.9,940.7,,,8N90E
2008-03-17,2008,3,17,168.3,,81.0,28.9,264.2,1148.8,,,8N90E
2008-03-18,2008,3,18,262.5,,77.2,29.24,349.8,1266.8,,,8N90E
2008-03-19,2008,3,19,276.5,,74.7,29.47,386.4,1105.1,,,8N90E
2008-03-20,2008,3,20,308.9,,74.4,29.61,392.3,1047.3,,,8N90E
2008-03-21,2008,3,21,302.5,,70.5,29.91,394.9,1182.5,,,8N90E
2008-03-22,2008,3,22,291.4,,71.1,29.88,377.5,1136.5,,,8N90E
2008-03-23,2008,3,23,268.7,,78.5,30.06,357.0,1134.7,,,8N90E
2008-03-24,2008,3,24,281.4,,78.8,29.65,361.5,1166.6,,,8N90E
2008-03-25,2008,3,25,109.7,,79.7,29.21,156.5,786.3,,,8N90E
2008-03-26,2008,3,26,40.3,,80.0,29.1,51.8,176.6,,,8N90E
2008-03-27,2008,3,27,149.6,,83.6,29.01,220.9,1045.4,,,8N90E
2008-03-28,2008,3,28,78.5,,86.7,28.64,136.7,842.4,,,8N90E
2008-03-29,2008,3,29,174.7,,84.6,28.73,284.6,1318.7,,,8N90E
2008-03-30,2008,3,30,126.5,,85.1,28.68,246.9,1056.8,,,8N90E
2008-03-31,2008,3,31,266.5,,81.3,28.91,346.0,1150.6,,,8N90E
2008-04-01,2008,4,1,253.2,,80.7,29.07,358.3,1258.1,,,8N90E
2008-04-02,2008,4,2,221.3,,80.3,29.27,347.8,1278.1,,,8N90E
2008-04-03,2008,4,3,300.2,,75.0,29.72,395.6,1154.7,,,8N90E
2008-04-04,2008,4,4,302.1,,74.5,29.44,396.9,1146.1,,,8N90E
2008-04-05,2008,4,5,215.5,,80.2,29.17,323.3,1411.6,,,8N90E
2008-04-06,2008,4,6,219.8,,82.7,29.03,322.1,1035.4,,,8N90E
2008-04-07,2008,4,7,169.4,,81.8,28.92,291.6,1181.1,,,8N90E
2008-04-08,2008,4,8,284.4,,81.0,29.13,383.1,1098.3,,,8N90E
2008-04-09,2008,4,9,264.1,,81.1,29.15,335.6,1270.4,,,8N90E
2008-04-10,2008,4,10,303.5,,77.7,29.53,394.2,1132.4,,,8N90E
2008-04-11,2008,4,11,284.1,,79.6,29.47,369.0,1364.2,,,8N90E
2008-04-12,2008,4,12,239.4,,76.7,29.79,342.3,1187.1,,,8N90E
2008-04-13,2008,4,13,255.7,,80.3,29.74,399.7,1344.2,,,8N90E
2008-04-14,2008,4,14,267.8,,75.8,29.75,342.0,968.9,,,8N90E
2008-04-15,2008,4,15,294.2,,75.5,30.01,378.6,1183.0,,,8N90E
2008-04-16,2008,4,16,284.7,,73.8,30.08,367.2,1116.5,,,8N90E
2008-04-17,2008,4,17,275.0,,75.1,30.15,364.5,1204.8,,,8N90E
2008-04-18,2008,4,18,292.6,,77.8,30.21,380.2,1016.8,,,8N90E
2008-04-19,2008,4,19,244.2,,75.3,29.93,305.5,1058.2,,,8N90E
2008-04-20,2008,4,20,179.8,,74.7,29.92,228.8,726.2,,,8N90E
2008-04-21,2008,4,21,226.1,,75.8,29.9,295.3,971.7,,,8N90E
2008-04-22,2008,4,22,209.9,,81.9,29.99,334.5,1108.7,,,8N90E
2008-04-23,2008,4,23,202.6,,81.8,29.85,277.6,1110.1,,,8N90E
2008-04-24,2008,4,24,89.6,,78.8,29.74,108.8,308.2,,,8N90E
2008-04-25,2008,4,25,171.4,,80.6,29.66,232.3,895.6,,,8N90E
2008-04-26,2008,4,26,268.6,,80.7,29.69,380.4,1184.8,,,8N90E
2008-04-27,2008,4,27,185.5,,83.7,29.54,311.7,1144.3,,,8N90E
2008-04-28,2008,4,28,43.2,,87.1,29.31,95.6,673.0,,,8N90E
2008-04-29,2008,4,29,48.2,,84.3,29.28,78.6,296.4,,,8N90E
2008-04-30,2008,4,30,172.8,,82.0,29.31,255.8,1020.9,,,8N90E
2008-05-01,2008,5,1,192.5,,79.8,29.24,265.6,1161.6,,,8N90E
2008-05-02,2008,5,2,263.1,,78.8,29.22,339.0,1033.6,,,8N90E
2008-05-03,2008,5,3,209.0,,81.0,29.2,263.7,828.2,,,8N90E
2008-05-04,2008,5,4,268.7,,79.7,29.23,354.3,1013.1,,,8N90E
2008-05-05,2008,5,5,246.8,,81.4,29.25,338.0,1030.4,,,8N90E
2008-05-06,2008,5,6,274.7,,81.4,29.25,356.2,995.8,,,8N90E
2008-05-07,2008,5,7,266.5,,81.6,29.26,348.5,1049.1,,,8N90E
2008-05-08,2008,5,8,257.1,,81.0,29.27,344.3,1010.8,,,8N90E
2008-05-09,2008,5,9,215.2,,80.7,29.24,317.6,1076.4,,,8N90E
2008-05-10,2008,5,10,277.4,,79.6,29.25,370.0,1087.3,,,8N90E
2008-05-11,2008,5,11,247.4,,76.1,29.23,329.2,1107.4,,,8N90E
2008-05-12,2008,5,12,275.9,,78.6,29.15,357.0,1025.0,,,8N90E
2008-05-13,2008,5,13,207.0,,80.3,29.13,292.0,1022.2,,,8N90E
2008-05-14,2008,5,14,248.2,,77.8,29.12,335.8,1106.5,,,8N90E
2008-05-15,2008,5,15,259.6,,79.0,29.09,344.6,1054.1,,,8N90E
2008-05-16,2008,5,16,262.7,,81.2,29.05,334.3,994.9,,,8N90E
2008-05-17,2008,5,17,267.6,,82.2,29.05,354.7,1035.4,,,8N90E
2008-05-18,2008,5,18,274.2,,82.5,29.07,351.5,1024.5,,,8N90E
2008-05-19,2008,5,19,271.3,,82.9,29.08,346.8,971.7,,,8N90E
2008-05-20,2008,5,20,220.5,,82.6,29.1,285.8,868.3,,,8N90E
2008-05-21,2008,5,21,281.1,,81.9,29.2,357.4,1065.9,,,8N90E
2008-05-22,2008,5,22,279.9,,80.3,29.28,355.0,974.4,,,8N90E
2008-05-23,2008,5,23,283.6,,80.4,29.39,360.4,1096.9,,,8N90E
2008-05-24,2008,5,24,178.1,,82.6,29.29,277.5,1112.4,,,8N90E
2008-05-25,2008,5,25,92.1,,81.0,29.23,132.5,458.0,,,8N90E
2008-05-26,2008,5,26,239.6,,79.3,29.26,307.6,989.4,,,8N90E
2008-05-27,2008,5,27,284.5,,79.3,29.35,360.6,1063.7,,,8N90E
2008-05-28,2008,5,28,292.1,,79.2,29.38,366.9,1048.6,,,8N90E
2008-05-29,2008,5,29,273.5,,79.3,29.41,354.8,1035.0,,,8N90E
2008-05-30,2008,5,30,250.1,,80.4,29.35,350.6,1031.3,,,8N90E
2008-05-31,2008,5,31,87.8,,84.2,29.27,132.7,458.5,,,8N90E
2008-06-01,2008,6,1,14.8,,87.3,28.92,21.1,78.2,,,8N90E
2008-06-02,2008,6,2,242.0,,81.8,29.2,325.8,1069.1,,,8N90E
2008-06-03,2008,6,3,148.7,,83.2,29.14,224.4,1045.9,,,8N90E
2008-06-04,2008,6,4,162.0,,84.2,29.21,275.9,1269.0,,,8N90E
2008-06-05,2008,6,5,243.8,,82.7,29.24,325.2,1046.8,,,8N90E
2008-06-06,2008,6,6,115.5,,84.9,29.17,186.0,876.5,,,8N90E
2008-06-07,2008,6,7,66.4,,84.6,29.1,103.5,595.5,,,8N90E
2008-06-08,2008,6,8,238.0,,81.0,29.18,306.3,1013.6,,,8N90E
2008-06-09,2008,6,9,49.7,,85.8,29.06,76.9,333.7,,,8N90E
2008-06-10,2008,6,10,142.5,,83.3,29.06,202.2,943.9,,,8N90E
2008-06-11,2008,6,11,108.3,,84.2,29.05,165.3,723.5,,,8N90E
2008-06-12,2008,6,12,164.8,,80.6,28.98,226.0,1001.3,,,8N90E
2008-06-13,2008,6,13,220.2,,81.2,29.0,300.5,1017.7,,,8N90E
2008-06-14,2008,6,14,237.9,,81.3,29.01,320.6,1015.9,,,8N90E
2008-06-15,2008,6,15,259.2,,81.6,29.06,327.6,1076.4,,,8N90E
2008-06-16,2008,6,16,229.7,,81.6,29.0,325.5,1125.6,,,8N90E
2008-06-17,2008,6,17,261.2,,80.8,29.04,347.6,1021.8,,,8N90E
2008-06-18,2008,6,18,281.8,,80.0,29.04,359.8,1041.8,,,8N90E
2008-06-19,2008,6,19,273.2,,79.7,29.07,363.9,1226.7,,,8N90E
2008-06-20,2008,6,20,263.4,,81.0,29.07,342.3,989.4,,,8N90E
2008-06-21,2008,6,21,243.1,,81.6,29.05,315.4,1030.0,,,8N90E
2008-06-22,2008,6,22,262.7,,80.9,29.06,339.1,1082.8,,,8N90E
2008-06-23,2008,6,23,240.0,,80.0,29.01,309.2,963.9,,,8N90E
2008-06-24,2008,6,24,241.9,,80.7,28.98,309.0,999.9,,,8N90E
2008-06-25,2008,6,25,196.7,,80.5,28.97,250.8,809.6,,,8N90E
2008-06-26,2008,6,26,206.6,,80.5,28.98,257.6,841.9,,,8N90E
2008-06-27,2008,6,27,293.0,,79.5,29.0,369.4,1035.0,,,8N90E
2008-06-28,2008,6,28,273.2,,80.2,28.97,355.2,1052.7,,,8N90E
2008-06-29,2008,6,29,268.4,,80.5,28.97,345.6,1126.5,,,8N90E
2008-06-30,2008,6,30,227.7,,83.1,28.99,288.6,988.1,,,8N90E
2008-07-01,2008,7,1,264.1,,82.6,29.06,350.6,1061.4,,,8N90E
2008-07-02,2008,7,2,140.7,,83.9,29.02,179.4,818.7,,,8N90E
2008-07-03,2008,7,3,251.0,,81.6,29.06,336.9,1056.8,,,8N90E
2008-07-04,2008,7,4,254.5,,81.2,29.04,330.9,1127.9,,,8N90E
2008-07-05,2008,7,5,256.3,,81.2,29.06,340.5,1075.5,,,8N90E
2008-07-06,2008,7,6,243.1,,82.2,29.1,346.1,1040.4,,,8N90E
2008-07-07,2008,7,7,270.3,,81.4,29.09,346.2,1046.4,,,8N90E
2008-07-08,2008,7,8,266.8,,81.0,29.04,340.1,1024.0,,,8N90E
2008-07-09,2008,7,9,255.4,,81.3,29.04,338.9,1032.7,,,8N90E
2008-07-10,2008,7,10,175.2,,81.4,29.02,251.0,1080.0,,,8N90E
2008-07-11,2008,7,11,180.8,,79.5,29.02,226.6,757.6,,,8N90E
2008-07-12,2008,7,12,235.5,,81.7,29.05,317.9,1021.3,,,8N90E
2008-07-13,2008,7,13,223.4,,83.6,29.0,333.8,1045.4,,,8N90E
2008-07-14,2008,7,14,183.3,,79.6,28.99,264.6,982.1,,,8N90E
2008-07-15,2008,7,15,258.3,,79.7,29.03,333.3,1090.1,,,8N90E
2008-07-16,2008,7,16,140.3,,79.1,28.97,216.2,934.3,,,8N90E
2008-07-17,2008,7,17,234.0,,80.5,29.0,325.2,1172.0,,,8N90E
2008-07-18,2008,7,18,149.6,,83.0,28.96,182.5,585.5,,,8N90E
2008-07-19,2008,7,19,36.8,,84.4,28.86,50.9,195.3,,,8N90E
2008-07-20,2008,7,20,163.2,,82.7,28.82,230.9,992.6,,,8N90E
2008-07-21,2008,7,21,60.7,,85.3,28.77,118.3,614.2,,,8N90E
2008-07-22,2008,7,22,220.3,,82.1,28.77,292.4,1065.5,,,8N90E
2008-07-23,2008,7,23,167.8,,81.9,28.72,261.3,1019.0,,,8N90E
2008-07-24,2008,7,24,154.0,,82.2,28.65,195.6,680.7,,,8N90E
2008-07-25,2008,7,25,237.7,,81.7,28.66,329.9,1119.7,,,8N90E
2008-07-26,2008,7,26,221.8,,80.0,28.63,289.9,1047.3,,,8N90E
2008-07-27,2008,7,27,166.1,,80.2,28.55,228.5,1012.7,,,8N90E
2008-07-28,2008,7,28,106.3,,81.4,28.47,149.7,706.6,,,8N90E
2008-07-29,2008,7,29,273.3,,82.5,28.5,361.4,1207.1,,,8N90E
2008-07-30,2008,7,30,223.0,,82.6,28.49,301.2,943.0,,,8N90E
2008-07-31,2008,7,31,211.5,,85.2,28.47,284.5,1047.7,,,8N90E
2008-08-01,2008,8,1,46.5,,86.8,28.39,65.9,377.4,,,8N90E
2008-08-02,2008,8,2,111.6,,86.5,28.37,173.8,626.0,,,8N90E
2008-08-03,2008,8,3,130.4,,84.7,28.38,179.1,804.1,,,8N90E
2008-08-04,2008,8,4,101.3,,84.4,28.23,177.3,1047.7,,,8N90E
2008-08-05,2008,8,5,220.8,,82.2,28.18,298.9,1095.5,,,8N90E
2008-08-06,2008,8,6,286.4,,79.0,28.0,364.1,1048.2,,,8N90E
2008-08-07,2008,8,7,251.4,,80.2,27.96,340.4,1078.7,,,8N90E
2008-08-08,2008,8,8,224.7,,80.2,27.95,323.1,1060.0,,,8N90E
2008-08-09,2008,8,9,235.8,,82.0,28.04,333.9,1078.2,,,8N90E
2008-08-10,2008,8,10,244.5,,82.2,28.08,324.7,1125.1,,,8N90E
2008-08-11,2008,8,11,263.8,,83.1,28.26,347.1,1138.3,,,8N90E
2008-08-12,2008,8,12,181.5,,84.7,28.19,236.7,801.4,,,8N90E
2008-08-13,2008,8,13,215.7,,83.9,28.14,276.6,961.2,,,8N90E
2008-08-14,2008,8,14,199.6,,84.5,28.11,290.6,1123.3,,,8N90E
2008-08-15,2008,8,15,295.7,,83.0,28.19,380.3,1053.2,,,8N90E
2008-08-16,2008,8,16,239.5,,84.0,28.2,336.7,1402.5,,,8N90E
2008-08-17,2008,8,17,296.3,,82.4,28.29,382.6,1041.3,,,8N90E
2008-08-18,2008,8,18,284.1,,81.2,28.33,363.9,1047.7,,,8N90E
2008-08-19,2008,8,19,244.0,,82.7,28.4,320.1,1057.3,,,8N90E
2008-08-20,2008,8,20,271.1,,81.8,28.42,353.2,1101.5,,,8N90E
2008-08-21,2008,8,21,278.8,,81.1,28.35,356.4,1159.3,,,8N90E
2008-08-22,2008,8,22,256.4,,81.0,28.35,344.2,1102.4,,,8N90E
2008-08-23,2008,8,23,231.8,,83.0,28.36,313.7,1050.5,,,8N90E
2008-08-24,2008,8,24,76.8,,84.4,28.29,125.2,550.0,,,8N90E
2008-08-25,2008,8,25,251.2,,81.9,28.38,333.4,1193.9,,,8N90E
2008-08-26,2008,8,26,250.3,,81.8,28.5,337.3,1093.7,,,8N90E
2008-08-27,2008,8,27,275.1,,80.3,28.58,361.7,1072.3,,,8N90E
2008-08-28,2008,8,28,74.3,,84.2,28.33,116.0,435.7,,,8N90E
2008-08-29,2008,8,29,148.1,,83.6,28.29,216.1,1061.4,,,8N90E
2008-08-30,2008,8,30,72.8,,81.7,28.24,97.3,292.7,,,8N90E
2008-08-31,2008,8,31,186.8,,83.7,28.29,264.1,1051.8,,,8N90E
2008-09-01,2008,9,1,288.8,,80.8,28.67,376.1,1114.7,,,8N90E
2008-09-02,2008,9,2,287.2,,80.4,28.96,372.1,1118.8,,,8N90E
2008-09-03,2008,9,3,236.6,,82.9,28.73,361.2,1179.3,,,8N90E
2008-09-04,2008,9,4,69.2,,80.5,28.33,101.7,612.4,,,8N90E
2008-09-05,2008,9,5,285.0,,80.7,28.61,374.5,1203.5,,,8N90E
2008-09-06,2008,9,6,289.6,,81.3,28.52,369.3,1176.1,,,8N90E
2008-09-07,2008,9,7,96.1,,83.2,28.34,173.2,834.6,,,8N90E
2008-09-08,2008,9,8,170.2,,82.7,28.33,238.9,1122.0,,,8N90E
2008-09-09,2008,9,9,131.6,,82.7,28.3,174.9,749.5,,,8N90E
2008-09-10,2008,9,10,255.5,,82.8,28.36,363.3,1295.4,,,8N90E
2008-09-11,2008,9,11,134.4,,82.7,28.34,173.4,973.5,,,8N90E
2008-09-12,2008,9,12,176.1,,83.3,28.4,296.1,1157.0,,,8N90E
2008-09-13,2008,9,13,204.4,,83.8,28.42,278.1,989.0,,,8N90E
2008-09-14,2008,9,14,278.1,,83.0,28.5,370.5,1135.2,,,8N90E
2008-09-15,2008,9,15,290.1,,80.3,28.46,382.4,1071.4,,,8N90E
2008-09-16,2008,9,16,293.1,,82.5,28.38,374.0,1092.8,,,8N90E
2008-09-17,2008,9,17,283.4,,82.2,28.31,373.0,1055.0,,,8N90E
2008-09-18,2008,9,18,280.6,,82.0,28.5,370.4,1124.7,,,8N90E
2008-09-19,2008,9,19,280.5,,81.2,28.64,369.1,1102.4,,,8N90E
2008-09-20,2008,9,20,265.2,,81.8,28.63,358.7,1274.5,,,8N90E
2008-09-21,2008,9,21,286.2,,81.7,28.73,374.7,1113.3,,,8N90E
2008-09-22,2008,9,22,288.6,,80.9,28.74,385.2,1066.8,,,8N90E
2008-09-23,2008,9,23,308.6,,79.6,28.82,391.0,1094.2,,,8N90E
2008-09-24,2008,9,24,297.6,,78.8,28.72,382.7,1094.6,,,8N90E
2008-09-25,2008,9,25,295.4,,81.3,28.75,383.5,1106.5,,,8N90E
2008-09-26,2008,9,26,262.6,,82.5,28.74,353.9,1083.7,,,8N90E
2008-09-27,2008,9,27,264.1,,81.5,28.79,351.1,1077.8,,,8N90E
2008-09-28,2008,9,28,265.9,,82.8,28.79,346.3,1088.7,,,8N90E
2008-09-29,2008,9,29,205.0,,81.7,28.76,280.8,966.2,,,8N90E
2008-09-30,2008,9,30,186.2,,82.1,28.77,268.3,1090.5,,,8N90E
2008-10-01,2008,10,1,266.3,,79.3,28.9,354.6,1047.7,,,8N90E
2008-10-02,2008,10,2,284.6,,76.7,29.17,374.5,1074.6,,,8N90E
2008-10-03,2008,10,3,293.1,,74.8,29.6,379.8,1082.3,,,8N90E
2008-10-04,2008,10,4,274.2,,74.1,29.46,362.6,1073.2,,,8N90E
2008-10-05,2008,10,5,281.4,,73.2,29.66,382.7,1068.7,,,8N90E
2008-10-06,2008,10,6,203.0,,76.2,29.43,298.8,1128.8,,,8N90E
2008-10-07,2008,10,7,251.3,,76.4,29.31,386.8,1232.2,,,8N90E
2008-10-08,2008,10,8,297.2,,72.8,29.91,387.9,1063.2,,,8N90E
2008-10-09,2008,10,9,275.4,,74.8,29.93,362.0,1211.7,,,8N90E
2008-10-10,2008,10,10,237.0,,79.1,29.6,338.5,1149.3,,,8N90E
2008-10-11,2008,10,11,258.8,,80.5,29.57,358.6,1134.2,,,8N90E
2008-10-12,2008,10,12,257.3,,79.2,29.63,344.8,1061.8,,,8N90E
2008-10-13,2008,10,13,255.6,,78.7,29.61,348.9,1273.6,,,8N90E
2008-10-14,2008,10,14,300.2,,77.6,29.91,382.8,1006.3,,,8N90E
2008-10-15,2008,10,15,287.6,,76.0,30.13,369.8,1066.4,,,8N90E
2008-10-16,2008,10,16,268.5,,76.3,30.24,354.9,1113.3,,,8N90E
2008-10-17,2008,10,17,249.8,,78.9,30.08,322.4,938.9,,,8N90E
2008-10-18,2008,10,18,238.2,,79.0,30.3,322.8,1000.8,,,8N90E
2008-10-19,2008,10,19,63.3,,82.4,29.49,82.0,286.8,,,8N90E
2008-10-20,2008,10,20,146.1,,79.7,29.6,233.0,1231.7,,,8N90E
2008-10-21,2008,10,21,42.6,,83.4,29.42,66.3,255.8,,,8N90E
2008-10-22,2008,10,22,238.0,,75.0,29.53,318.3,1041.8,,,8N90E
2008-10-23,2008,10,23,194.2,,74.0,29.58,293.4,1192.5,,,8N90E
2008-10-24,2008,10,24,237.8,,71.2,29.33,321.1,1137.0,,,8N90E
2008-10-25,2008,10,25,97.3,,76.4,29.24,124.3,600.5,,,8N90E
2008-10-26,2008,10,26,194.1,,77.9,29.23,257.8,954.4,,,8N90E
2008-10-27,2008,10,27,30.5,,84.9,28.97,45.1,198.0,,,8N90E
2008-10-28,2008,10,28,37.3,,82.5,28.81,60.7,270.9,,,8N90E
2008-10-29,2008,10,29,213.1,,72.8,28.88,310.3,1091.4,,,8N90E
2008-10-30,2008,10,30,207.2,,75.5,28.98,284.2,964.4,,,8N90E
2008-10-31,2008,10,31,252.4,,68.1,29.06,338.9,1060.0,,,8N90E
2008-11-01,2008,11,1,185.3,,71.7,28.84,247.7,1045.9,,,8N90E
2008-11-02,2008,11,2,171.9,,73.4,28.99,237.8,1022.2,,,8N90E
2008-11-03,2008,11,3,223.5,,77.0,29.12,316.3,1049.1,,,8N90E
2008-11-04,2008,11,4,244.3,,74.8,29.56,324.5,922.5,,,8N90E
2008-11-05,2008,11,5,249.1,,74.8,29.55,326.2,938.9,,,8N90E
2008-11-06,2008,11,6,252.9,,73.8,29.73,340.6,993.5,,,8N90E
2008-11-07,2008,11,7,240.5,,74.2,29.46,323.3,1014.5,,,8N90E
2008-11-08,2008,11,8,242.1,,72.8,29.32,323.5,1021.8,,,8N90E
2008-11-09,2008,11,9,200.0,,77.4,29.5,284.3,1093.3,,,8N90E
2008-11-10,2008,11,10,185.9,,78.3,29.56,280.9,1122.9,,,8N90E
2008-11-11,2008,11,11,152.1,,75.8,29.4,246.5,1096.9,,,8N90E
2008-11-12,2008,11,12,105.5,,77.5,29.18,170.4,803.6,,,8N90E
2008-11-13,2008,11,13,47.2,,83.4,29.04,75.2,303.2,,,8N90E
2008-11-14,2008,11,14,117.5,,82.9,29.0,171.2,697.1,,,8N90E
2008-11-15,2008,11,15,205.8,,76.7,29.28,285.1,974.4,,,8N90E
2008-11-16,2008,11,16,197.5,,76.0,29.39,263.9,1012.7,,,8N90E
2008-11-17,2008,11,17,238.5,,75.8,29.22,317.4,1026.8,,,8N90E
2008-11-18,2008,11,18,219.8,,76.0,29.36,289.7,939.8,,,8N90E
2008-11-19,2008,11,19,203.9,,73.4,29.16,298.7,1057.3,,,8N90E
2008-11-20,2008,11,20,123.0,,76.8,29.05,186.0,805.0,,,8N90E
2008-11-21,2008,11,21,153.7,,73.7,28.98,243.9,1001.7,,,8N90E
2008-11-22,2008,11,22,43.7,,85.0,28.79,65.9,283.2,,,8N90E
2008-11-23,2008,11,23,22.0,,82.8,28.61,40.1,305.9,,,8N90E
2008-11-24,2008,11,24,43.1,,84.6,28.43,66.0,264.0,,,8N90E
2008-11-25,2008,11,25,140.5,,79.5,28.55,194.3,906.1,,,8N90E
2008-11-26,2008,11,26,226.7,,75.9,28.78,307.8,1168.8,,,8N90E
2008-11-27,2008,11,27,226.8,,77.6,28.81,328.8,1211.2,,,8N90E
2008-11-28,2008,11,28,187.4,,78.9,28.89,273.8,993.1,,,8N90E
2008-11-29,2008,11,29,239.2,,70.1,28.8,331.0,1003.5,,,8N90E
2008-11-30,2008,11,30,213.5,,74.5,28.74,304.4,1089.2,,,8N90E
2008-12-01,2008,12,1,180.7,,77.9,28.7,253.5,998.1,,,8N90E
2008-12-02,2008,12,2,63.0,,81.4,28.55,124.9,650.6,,,8N90E
2008-12-03,2008,12,3,74.8,,82.5,28.49,128.2,592.8,,,8N90E
2008-12-04,2008,12,4,26.0,,85.3,28.39,46.1,308.7,,,8N90E
2008-12-05,2008,12,5,158.3,,84.8,28.53,222.7,960.8,,,8N90E
2008-12-06,2008,12,6,225.8,,80.9,28.68,293.0,847.4,,,8N90E
2008-12-07,2008,12,7,215.3,,80.2,28.74,294.5,934.3,,,8N90E
2008-12-08,2008,12,8,220.3,,82.1,28.79,310.1,979.4,,,8N90E
2008-12-09,2008,12,9,165.8,,82.0,28.82,242.6,986.2,,,8N90E
2008-12-10,2008,12,10,216.1,,76.4,28.74,306.6,956.6,,,8N90E
2008-12-11,2008,12,11,235.2,,73.8,28.75,315.5,984.9,,,8N90E
2008-12-12,2008,12,12,176.9,,70.4,28.67,243.4,941.2,,,8N90E
2008-12-13,2008,12,13,199.0,,74.5,28.68,278.8,972.6,,,8N90E
2008-12-14,2008,12,14,128.7,,77.3,28.64,209.9,980.3,,,8N90E
2008-12-15,2008,12,15,207.8,,77.5,28.53,295.8,980.3,,,8N90E
2008-12-16,2008,12,16,76.7,,85.1,28.46,160.1,874.7,,,8N90E
2008-12-17,2008,12,17,182.5,,78.3,28.46,258.0,1086.0,,,8N90E
2008-12-18,2008,12,18,234.4,,74.0,28.45,316.1,932.5,,,8N90E
2008-12-19,2008,12,19,248.4,,71.4,28.43,331.8,939.3,,,8N90E
2008-12-20,2008,12,20,249.1,,66.4,28.4,331.7,924.3,,,8N90E
2008-12-21,2008,12,21,215.3,,68.6,28.34,292.1,946.2,,,8N90E
2008-12-22,2008,12,22,202.0,,70.7,28.31,276.8,836.0,,,8N90E
2008-12-23,2008,12,23,232.1,,71.2,28.35,317.8,1066.8,,,8N90E
2008-12-24,2008,12,24,190.7,,72.3,28.44,280.9,988.5,,,8N90E
2008-12-25,2008,12,25,221.3,,76.2,28.53,319.0,993.1,,,8N90E
2008-12-26,2008,12,26,253.9,,76.6,28.61,335.7,916.6,,,8N90E
2008-12-27,2008,12,27,223.9,,78.6,28.53,317.5,964.4,,,8N90E
2008-12-28,2008,12,28,209.1,,74.6,28.47,297.2,1245.3,,,8N90E
2008-12-29,2008,12,29,163.9,,74.1,28.46,241.8,956.6,,,8N90E
2008-12-30,2008,12,30,199.8,,71.9,28.48,289.2,884.7,,,8N90E
2008-12-31,2008,12,31,226.6,,61.9,28.4,316.9,1073.2,,,8N90E
2009-01-01,2009,1,1,224.8,,68.7,28.38,319.1,1012.2,,,8N90E
2009-01-02,2009,1,2,238.9,,79.3,28.36,326.0,1085.1,,,8N90E
2009-01-03,2009,1,3,164.7,,84.2,28.34,253.4,1051.8,,,8N90E
2009-01-04,2009,1,4,129.4,,78.3,28.3,203.4,1185.7,,,8N90E
2009-01-05,2009,1,5,241.0,,75.8,28.32,329.8,986.2,,,8N90E
2009-01-06,2009,1,6,247.7,,77.8,28.34,331.6,1078.2,,,8N90E
2009-01-07,2009,1,7,163.2,,80.4,28.3,244.9,1035.0,,,8N90E
2009-01-08,2009,1,8,80.8,,81.5,28.24,120.8,628.3,,,8N90E
2009-01-09,2009,1,9,230.0,,75.4,28.2,311.3,984.9,,,8N90E
2009-01-10,2009,1,10,187.2,,72.1,28.16,269.5,950.7,,,8N90E
2009-01-11,2009,1,11,255.1,,62.7,28.16,343.2,951.2,,,8N90E
2009-01-12,2009,1,12,251.6,,62.0,28.1,335.4,1011.3,,,8N90E
2009-01-13,2009,1,13,264.2,,65.5,27.91,351.6,951.2,,,8N90E
2009-01-14,2009,1,14,156.8,,75.9,27.9,215.2,982.1,,,8N90E
2009-01-15,2009,1,15,212.6,,72.9,27.93,301.5,979.4,,,8N90E
2009-01-16,2009,1,16,248.6,,65.6,27.84,332.9,976.2,,,8N90E
2009-01-17,2009,1,17,259.9,,66.9,27.79,342.7,964.9,,,8N90E
2009-01-18,2009,1,18,253.9,,74.5,27.77,340.0,980.8,,,8N90E
2009-01-19,2009,1,19,217.6,,75.6,27.71,306.6,994.9,,,8N90E
2009-01-20,2009,1,20,207.8,,73.2,27.72,289.1,910.2,,,8N90E
2009-01-21,2009,1,21,249.9,,66.5,27.73,326.8,993.5,,,8N90E
2009-01-22,2009,1,22,205.4,,66.1,27.69,290.5,1016.3,,,8N90E
2009-01-23,2009,1,23,258.4,,73.0,27.72,346.9,1132.4,,,8N90E
2009-01-24,2009,1,24,166.6,,79.2,27.67,254.1,970.8,,,8N90E
2009-01-25,2009,1,25,246.6,,82.4,27.77,331.0,978.5,,,8N90E
2009-01-26,2009,1,26,253.0,,82.9,28.03,339.0,1030.9,,,8N90E
2009-01-27,2009,1,27,209.7,,81.0,28.3,291.9,1049.1,,,8N90E
2009-01-28,2009,1,28,233.5,,76.9,27.99,340.9,1072.3,,,8N90E
2009-01-29,2009,1,29,148.9,,74.3,27.67,213.3,879.2,,,8N90E
2009-01-30,2009,1,30,183.2,,71.4,27.65,254.2,967.1,,,8N90E
2009-01-31,2009,1,31,251.0,,72.8,27.79,343.5,972.6,,,8N90E
2009-02-01,2009,2,1,264.7,,73.9,27.78,351.7,1127.0,,,8N90E
2009-02-02,2009,2,2,263.7,,72.6,27.67,353.9,970.3,,,8N90E
2009-02-03,2009,2,3,250.2,,71.8,27.68,347.7,1014.9,,,8N90E
2009-02-04,2009,2,4,251.5,,75.1,27.63,337.8,971.2,,,8N90E
2009-02-05,2009,2,5,256.5,,69.5,27.64,347.0,1037.2,,,8N90E
2009-02-06,2009,2,6,246.1,,61.8,27.57,327.0,984.0,,,8N90E
2009-02-07,2009,2,7,276.9,,67.3,27.58,361.9,1000.8,,,8N90E
2009-02-08,2009,2,8,243.7,,77.3,27.66,343.9,1014.9,,,8N90E
2009-02-09,2009,2,9,235.0,,79.5,27.7,334.6,980.8,,,8N90E
2009-02-10,2009,2,10,197.2,,85.8,27.77,288.8,1337.8,,,8N90E
2009-02-11,2009,2,11,222.0,,85.2,27.75,313.2,1030.4,,,8N90E
2009-02-12,2009,2,12,274.6,,77.1,28.0,362.3,988.1,,,8N90E
2009-02-13,2009,2,13,261.6,,73.0,27.93,348.8,1023.6,,,8N90E
2009-02-14,2009,2,14,253.2,,72.9,27.84,347.0,1003.1,,,8N90E
2009-02-15,2009,2,15,277.0,,66.5,27.81,361.9,1000.4,,,8N90E
2009-02-16,2009,2,16,277.9,,66.5,27.86,360.6,1013.6,,,8N90E
2009-02-17,2009,2,17,262.1,,68.0,27.9,360.3,1014.0,,,8N90E
2009-02-18,2009,2,18,282.5,,72.9,28.02,366.2,1045.4,,,8N90E
2009-02-19,2009,2,19,271.4,,77.4,28.02,354.7,971.2,,,8N90E
2009-02-20,2009,2,20,260.8,,81.3,28.19,343.6,1110.6,,,8N90E
2009-02-21,2009,2,21,257.4,,81.4,28.21,346.6,1031.8,,,8N90E
2009-02-22,2009,2,22,268.3,,81.4,28.24,356.4,1053.6,,,8N90E
2009-02-23,2009,2,23,247.5,,80.3,28.48,333.6,1075.5,,,8N90E
2009-02-24,2009,2,24,280.1,,75.0,28.51,361.7,984.0,,,8N90E
2009-02-25,2009,2,25,282.5,,74.7,28.53,365.8,1035.9,,,8N90E
2009-02-26,2009,2,26,274.6,,76.4,28.77,360.0,981.2,,,8N90E
2009-02-27,2009,2,27,216.4,,77.2,28.68,291.3,989.4,,,8N90E
2009-02-28,2009,2,28,227.4,,75.9,28.69,303.9,944.8,,,8N90E
2009-03-01,2009,3,1,280.1,,74.8,28.68,364.2,982.6,,,8N90E
2009-03-02,2009,3,2,264.1,,76.2,28.68,349.6,1005.4,,,8N90E
2009-03-03,2009,3,3,265.6,,80.8,28.82,350.1,1052.3,,,8N90E
2009-03-04,2009,3,4,256.3,,79.2,28.78,342.6,1066.8,,,8N90E
2009-03-05,2009,3,5,280.8,,77.2,28.85,376.1,1054.1,,,8N90E
2009-03-06,2009,3,6,266.4,,77.7,29.21,356.9,1108.3,,,8N90E
2009-03-07,2009,3,7,282.4,,76.2,29.12,375.6,1066.4,,,8N90E
2009-03-08,2009,3,8,164.7,,74.6,29.06,240.0,1069.1,,,8N90E
2009-03-09,2009,3,9,294.3,,77.5,29.21,378.4,1165.2,,,8N90E
2009-03-10,2009,3,10,269.1,,74.7,29.75,365.2,1137.4,,,8N90E
2009-03-11,2009,3,11,233.9,,70.5,29.25,325.8,1081.0,,,8N90E
2009-03-12,2009,3,12,282.8,,76.6,29.32,364.7,948.0,,,8N90E
2009-03-13,2009,3,13,274.7,,73.7,29.54,367.7,1071.9,,,8N90E
2009-03-14,2009,3,14,284.4,,74.3,29.55,368.2,1070.5,,,8N90E
2009-03-15,2009,3,15,280.9,,73.9,29.42,375.5,1073.7,,,8N90E
2009-03-16,2009,3,16,276.4,,74.2,29.42,360.4,1092.8,,,8N90E
2009-03-17,2009,3,17,272.8,,74.4,29.42,359.9,1255.8,,,8N90E
2009-03-18,2009,3,18,200.0,,74.8,29.33,292.7,1102.4,,,8N90E
2009-03-19,2009,3,19,291.4,,75.0,29.44,375.9,1077.3,,,8N90E
2009-03-20,2009,3,20,282.0,,74.8,29.69,366.8,1035.4,,,8N90E
2009-03-21,2009,3,21,263.3,,73.6,29.82,359.5,1041.8,,,8N90E
2009-03-22,2009,3,22,280.9,,75.1,29.87,371.1,989.0,,,8N90E
2009-03-23,2009,3,23,261.8,,74.1,29.94,361.9,1130.1,,,8N90E
2009-03-24,2009,3,24,306.2,,72.9,30.28,387.9,1141.5,,,8N90E
2009-03-25,2009,3,25,299.4,,71.7,30.48,385.9,1124.7,,,8N90E
2009-03-26,2009,3,26,304.6,,69.9,30.56,388.6,1057.7,,,8N90E
2009-03-27,2009,3,27,303.7,,67.0,30.92,383.7,1040.0,,,8N90E
2009-03-28,2009,3,28,290.9,,71.0,30.9,378.0,1177.5,,,8N90E
2009-03-29,2009,3,29,298.7,,69.8,30.85,381.2,1024.5,,,8N90E
2009-03-30,2009,3,30,286.0,,68.6,30.63,375.7,1040.4,,,8N90E
2009-03-31,2009,3,31,281.2,,72.2,30.5,370.3,1109.2,,,8N90E
2009-04-01,2009,4,1,294.8,,67.2,30.18,376.0,1054.1,,,8N90E
2009-04-02,2009,4,2,250.4,,72.0,30.05,336.0,1101.0,,,8N90E
2009-04-03,2009,4,3,222.8,,74.6,30.05,296.4,1079.1,,,8N90E
2009-04-04,2009,4,4,203.3,,78.3,29.9,304.1,1099.2,,,8N90E
2009-04-05,2009,4,5,299.4,,76.2,30.52,383.5,1162.0,,,8N90E
2009-04-06,2009,4,6,90.0,,82.3,29.66,123.7,600.1,,,8N90E
2009-04-07,2009,4,7,293.5,,74.4,30.13,386.2,1014.9,,,8N90E
2009-04-08,2009,4,8,289.7,,75.7,30.13,376.8,1175.7,,,8N90E
2009-04-09,2009,4,9,153.8,,79.9,29.99,234.9,923.4,,,8N90E
2009-04-10,2009,4,10,134.9,,80.9,29.97,249.7,1060.0,,,8N90E
2009-04-11,2009,4,11,226.5,,74.1,29.93,325.6,1053.6,,,8N90E
2009-04-12,2009,4,12,139.7,,75.5,29.84,200.6,875.1,,,8N90E
2009-04-13,2009,4,13,211.1,,76.4,29.9,303.9,997.2,,,8N90E
2009-04-14,2009,4,14,65.0,,82.0,29.71,104.2,435.7,,,8N90E
2009-04-15,2009,4,15,135.4,,79.3,29.63,186.3,856.9,,,8N90E
2009-04-16,2009,4,16,230.3,,75.2,29.64,311.2,1038.6,,,8N90E
2009-04-17,2009,4,17,85.9,,79.4,29.65,178.5,1016.8,,,8N90E
2009-04-18,2009,4,18,222.4,,77.1,29.6,311.2,1119.2,,,8N90E
2009-04-19,2009,4,19,304.7,,71.4,29.67,379.5,1041.3,,,8N90E
2009-04-20,2009,4,20,304.8,,71.6,29.8,386.3,1036.3,,,8N90E
2009-04-21,2009,4,21,222.8,,76.9,29.71,313.2,1151.5,,,8N90E
2009-04-22,2009,4,22,152.8,,70.9,29.6,182.4,595.5,,,8N90E
2009-04-23,2009,4,23,295.7,,73.0,29.75,379.3,1091.0,,,8N90E
2009-04-24,2009,4,24,246.5,,76.2,29.77,328.7,1144.7,,,8N90E
2009-04-25,2009,4,25,244.3,,77.2,29.93,331.6,1139.2,,,8N90E
2009-04-26,2009,4,26,272.8,,73.8,29.99,376.9,1049.5,,,8N90E
2009-04-27,2009,4,27,268.0,,71.9,30.06,340.3,1217.6,,,8N90E
2009-04-28,2009,4,28,296.8,,70.8,30.01,377.0,1014.0,,,8N90E
2009-04-29,2009,4,29,295.9,,73.1,30.02,375.2,1068.2,,,8N90E
2009-04-30,2009,4,30,290.2,,73.5,30.03,368.0,1021.3,,,8N90E
2009-05-01,2009,5,1,283.0,,70.9,30.09,366.7,1056.8,,,8N90E
2009-05-02,2009,5,2,300.1,,69.7,,375.1,1101.5,,,8N90E
2009-05-03,2009,5,3,304.1,,72.0,,379.5,1045.0,,,8N90E
2009-05-04,2009,5,4,291.5,,71.9,,369.0,1128.8,,,8N90E
2009-05-05,2009,5,5,270.1,,69.6,,354.9,997.6,,,8N90E
2009-05-06,2009,5,6,270.6,,75.2,,372.2,1055.0,,,8N90E
2009-05-07,2009,5,7,292.9,,74.4,,367.2,996.7,,,8N90E
2009-05-08,2009,5,8,268.3,,73.7,,368.0,1036.3,,,8N90E
2009-05-09,2009,5,9,271.6,,71.9,,351.6,1065.9,,,8N90E
2009-05-10,2009,5,10,271.5,,72.6,,349.1,1055.0,,,8N90E
2009-05-11,2009,5,11,244.5,,77.4,,322.6,958.5,,,8N90E
2009-05-12,2009,5,12,247.9,,75.4,,335.5,996.3,,,8N90E
2009-05-13,2009,5,13,262.0,,72.6,,341.1,1008.1,,,8N90E
2009-05-14,2009,5,14,179.9,,66.6,,238.4,892.4,,,8N90E
2009-05-15,2009,5,15,220.2,,77.2,,300.9,1007.2,,,8N90E
2009-05-16,2009,5,16,151.7,,75.9,,213.6,832.8,,,8N90E
2009-05-17,2009,5,17,111.4,,78.6,,179.1,1093.7,,,8N90E
2009-05-18,2009,5,18,144.5,,76.0,,220.1,1002.2,,,8N90E
2009-05-19,2009,5,19,14.8,,82.8,,21.1,95.1,,,8N90E
2009-05-20,2009,5,20,70.5,,81.3,,136.8,748.1,,,8N90E
2009-05-21,2009,5,21,85.3,,82.5,,139.9,600.5,,,8N90E
2009-05-22,2009,5,22,151.7,,80.2,,214.7,944.8,,,8N90E
2009-05-23,2009,5,23,61.4,,84.2,,86.2,411.1,,,8N90E
2009-05-24,2009,5,24,160.0,,82.5,,236.4,866.0,,,8N90E
2009-05-25,2009,5,25,254.1,,80.9,,332.1,1034.1,,,8N90E
2009-05-26,2009,5,26,252.8,,81.7,,327.0,1033.6,,,8N90E
2009-05-27,2009,5,27,242.9,,79.6,,318.0,1034.1,,,8N90E
2009-05-28,2009,5,28,243.7,,81.6,,332.8,1180.7,,,8N90E
2009-05-29,2009,5,29,101.1,,82.5,,152.0,574.1,,,8N90E
2009-05-30,2009,5,30,86.8,,82.8,,143.9,499.9,,,8N90E
2009-05-31,2009,5,31,184.3,,80.7,,256.5,874.2,,,8N90E
2009-06-01,2009,6,1,279.5,,81.1,,350.8,1111.0,,,8N90E
2009-06-02,2009,6,2,267.1,,81.0,,349.9,1067.8,,,8N90E
2009-06-03,2009,6,3,271.1,,81.6,,349.1,1047.3,,,8N90E
2009-06-04,2009,6,4,239.8,,82.8,,305.5,937.1,,,8N90E
2009-06-05,2009,6,5,218.8,,82.1,,297.4,1066.4,,,8N90E
2009-06-06,2009,6,6,282.9,,80.3,,367.1,1047.3,,,8N90E
2009-06-07,2009,6,7,256.9,,81.1,,329.0,1042.3,,,8N90E
2009-06-08,2009,6,8,255.4,,81.6,,327.9,1030.4,,,8N90E
2009-06-09,2009,6,9,239.6,,82.2,,310.9,927.5,,,8N90E
2009-06-10,2009,6,10,226.4,,81.6,,290.0,1108.3,,,8N90E
2009-06-11,2009,6,11,245.0,,81.8,,326.3,1196.2,,,8N90E
2009-06-12,2009,6,12,216.4,,81.2,,283.2,1103.7,,,8N90E
2009-06-13,2009,6,13,257.3,,81.9,,336.6,1146.5,,,8N90E
2009-06-14,2009,6,14,281.0,,82.0,,355.8,1129.2,,,8N90E
2009-06-15,2009,6,15,268.5,,81.7,,346.5,999.5,,,8N90E
2009-06-16,2009,6,16,258.1,,82.5,,338.8,1047.7,,,8N90E
2009-06-17,2009,6,17,219.3,,79.2,,278.0,906.6,,,8N90E
2009-06-18,2009,6,18,214.7,,83.1,,294.0,1055.0,,,8N90E
2009-06-19,2009,6,19,233.4,,83.9,,337.3,1096.0,,,8N90E
2009-06-20,2009,6,20,262.6,,81.9,,344.2,1035.9,,,8N90E
2009-06-21,2009,6,21,281.3,,80.9,,362.8,1031.8,,,8N90E
2009-06-22,2009,6,22,219.2,,82.1,,297.5,1036.3,,,8N90E
2009-06-23,2009,6,23,215.6,,80.1,,278.1,838.2,,,8N90E
2009-06-24,2009,6,24,139.4,,82.1,,181.2,662.0,,,8N90E
2009-06-25,2009,6,25,200.1,,82.4,,264.1,867.4,,,8N90E
2009-06-26,2009,6,26,222.6,,83.6,,285.8,981.2,,,8N90E
2009-06-27,2009,6,27,60.9,,82.8,,113.6,865.6,,,8N90E
2009-06-28,2009,6,28,199.6,,83.7,,294.2,1137.9,,,8N90E
2009-06-29,2009,6,29,136.0,,81.4,,179.9,691.2,,,8N90E
2009-06-30,2009,6,30,164.1,,85.2,,261.8,1086.4,,,8N90E
2009-07-01,2009,7,1,105.5,,84.7,,145.3,636.5,,,8N90E
2009-07-02,2009,7,2,141.6,,82.7,,199.4,895.2,,,8N90E
2009-07-03,2009,7,3,164.1,,82.2,,237.8,881.1,,,8N90E
2009-07-04,2009,7,4,133.5,,81.6,,172.7,578.7,,,8N90E
2009-07-05,2009,7,5,232.5,,80.9,,307.7,1058.2,,,8N90E
2009-07-06,2009,7,6,125.4,,82.9,,166.3,647.5,,,8N90E
2009-07-07,2009,7,7,233.7,,81.9,,316.9,1053.6,,,8N90E
2009-07-08,2009,7,8,236.3,,78.5,,315.9,1006.3,,,8N90E
2009-07-09,2009,7,9,255.3,,77.3,,323.0,1019.5,,,8N90E
2009-07-10,2009,7,10,277.9,,75.0,,351.1,1030.4,,,8N90E
2009-07-11,2009,7,11,248.2,,76.2,,327.4,995.4,,,8N90E
2009-07-12,2009,7,12,219.5,,77.1,,302.6,987.6,,,8N90E
2009-07-13,2009,7,13,210.0,,79.4,,277.5,901.1,,,8N90E
2009-07-14,2009,7,14,229.6,,81.5,,298.5,968.0,,,8N90E
2009-07-15,2009,7,15,217.6,,82.3,,294.9,979.0,,,8N90E
2009-07-16,2009,7,16,236.7,,82.0,,317.6,1000.8,,,8N90E
2009-07-17,2009,7,17,169.5,,81.1,,226.1,928.4,,,8N90E
2009-07-18,2009,7,18,253.0,,79.7,,325.7,1012.2,,,8N90E
2009-07-19,2009,7,19,216.7,,81.0,,293.5,1051.8,,,8N90E
2009-07-20,2009,7,20,237.3,,81.3,,314.6,1066.8,,,8N90E
2009-07-21,2009,7,21,250.3,,80.8,,330.1,1101.0,,,8N90E
2009-07-22,2009,7,22,192.5,,81.0,,261.6,902.9,,,8N90E
2009-07-23,2009,7,23,118.0,,80.5,,145.2,629.7,,,8N90E
2009-07-24,2009,7,24,219.9,,80.9,,305.6,1112.8,,,8N90E
2009-07-25,2009,7,25,143.9,,79.8,,179.1,527.2,,,8N90E
2009-07-26,2009,7,26,222.4,,80.1,,310.1,1021.3,,,8N90E
2009-07-27,2009,7,27,287.7,,77.7,,367.4,1003.5,,,8N90E
2009-07-28,2009,7,28,265.8,,78.8,,335.4,1005.8,,,8N90E
2009-07-29,2009,7,29,265.9,,79.9,,347.1,1009.5,,,8N90E
2009-07-30,2009,7,30,270.8,,79.2,,364.3,1050.0,,,8N90E
2009-07-31,2009,7,31,219.3,,77.7,,276.3,902.0,,,8N90E
2009-08-01,2009,8,1,252.5,,79.8,,332.3,1007.2,,,8N90E
2009-08-02,2009,8,2,218.0,,82.8,,279.9,916.1,,,8N90E
2009-08-03,2009,8,3,219.9,,82.0,,278.8,841.4,,,8N90E
2009-08-04,2009,8,4,272.5,,81.6,,353.4,987.6,,,8N90E
2009-08-05,2009,8,5,256.8,,81.5,,328.7,978.0,,,8N90E
2009-08-06,2009,8,6,236.9,,82.1,,311.9,967.6,,,8N90E
2009-08-07,2009,8,7,173.2,,82.1,,229.9,740.4,,,8N90E
2009-08-08,2009,8,8,211.0,,80.3,,271.0,892.4,,,8N90E
2009-08-09,2009,8,9,235.6,,81.3,,316.3,917.9,,,8N90E
2009-08-10,2009,8,10,241.1,,82.0,,310.6,935.7,,,8N90E
2009-08-11,2009,8,11,248.8,,81.8,,332.1,1044.5,,,8N90E
2009-08-12,2009,8,12,256.1,,82.4,,336.3,988.1,,,8N90E
2009-08-13,2009,8,13,119.3,,84.5,,151.4,679.8,,,8N90E
2009-08-14,2009,8,14,96.5,,85.4,,167.7,749.5,,,8N90E
2009-08-15,2009,8,15,66.1,,85.7,,89.7,353.3,,,8N90E
2009-08-16,2009,8,16,77.7,,85.2,,118.6,496.3,,,8N90E
2009-08-17,2009,8,17,191.1,,83.6,,299.8,1010.8,,,8N90E
2009-08-18,2009,8,18,277.1,,80.6,,366.1,1072.8,,,8N90E
2009-08-19,2009,8,19,189.8,,81.6,,247.8,865.6,,,8N90E
2009-08-20,2009,8,20,213.0,,78.9,,321.6,1123.3,,,8N90E
2009-08-21,2009,8,21,250.9,,78.2,,349.4,1086.9,,,8N90E
2009-08-22,2009,8,22,264.1,,73.1,,360.9,1039.1,,,8N90E
2009-08-23,2009,8,23,260.6,,71.8,,355.7,1095.1,,,8N90E
2009-08-24,2009,8,24,201.6,,71.9,,266.9,903.4,,,8N90E
2009-08-25,2009,8,25,192.7,,78.1,,244.0,1007.6,,,8N90E
2009-08-26,2009,8,26,257.8,,69.7,,347.4,1096.9,,,8N90E
2009-08-27,2009,8,27,257.5,,74.4,,345.8,1167.9,,,8N90E
2009-08-28,2009,8,28,135.8,,77.7,,180.2,658.8,,,8N90E
2009-08-29,2009,8,29,18.6,,82.5,,22.4,79.2,,,8N90E
2009-08-30,2009,8,30,82.6,,80.6,,101.8,308.2,,,8N90E
2009-08-31,2009,8,31,250.2,,79.0,,343.9,1151.1,,,8N90E
2009-09-01,2009,9,1,266.8,,77.9,,340.1,1041.8,,,8N90E
2009-09-02,2009,9,2,268.0,,78.7,,333.7,1022.2,,,8N90E
2009-09-03,2009,9,3,236.0,,81.5,,323.1,1072.3,,,8N90E
2009-09-04,2009,9,4,271.7,,81.7,,350.0,1137.0,,,8N90E
2009-09-05,2009,9,5,257.0,,81.0,,337.0,1086.0,,,8N90E
2009-09-06,2009,9,6,259.7,,81.2,,341.6,1034.1,,,8N90E
2009-09-07,2009,9,7,238.0,,81.5,,321.4,1113.8,,,8N90E
2009-09-08,2009,9,8,233.8,,82.6,,306.6,938.9,,,8N90E
2009-09-09,2009,9,9,263.0,,83.6,,354.4,1098.7,,,8N90E
2009-09-10,2009,9,10,280.6,,83.6,,365.4,1096.0,,,8N90E
2009-09-11,2009,9,11,278.6,,83.6,,360.0,1052.7,,,8N90E
2009-09-12,2009,9,12,284.0,,83.2,,373.6,1065.5,,,8N90E
2009-09-13,2009,9,13,270.3,,83.2,,361.9,1178.9,,,8N90E
2009-09-14,2009,9,14,195.7,,81.3,,280.0,1159.3,,,8N90E
2009-09-15,2009,9,15,104.7,,87.3,,177.6,828.7,,,8N90E
2009-09-16,2009,9,16,166.6,,82.1,,244.4,1019.5,,,8N90E
2009-09-17,2009,9,17,37.0,,86.0,,60.1,232.6,,,8N90E
2009-09-18,2009,9,18,169.2,,81.6,,224.0,981.7,,,8N90E
2009-09-19,2009,9,19,205.3,,80.7,,313.5,1018.6,,,8N90E
2009-09-20,2009,9,20,246.6,,83.4,,344.5,1029.5,,,8N90E
2009-09-21,2009,9,21,196.6,,79.9,,312.8,1315.0,,,8N90E
2009-09-22,2009,9,22,222.4,,79.1,,302.3,1178.0,,,8N90E
2009-09-23,2009,9,23,250.5,,76.8,,327.9,1037.7,,,8N90E
2009-09-24,2009,9,24,243.2,,73.4,,334.3,1052.7,,,8N90E
2009-09-25,2009,9,25,240.1,,77.0,,331.8,1029.5,,,8N90E
2009-09-26,2009,9,26,238.3,,79.1,,320.1,1100.5,,,8N90E
2009-09-27,2009,9,27,262.0,,81.2,,348.8,1087.8,,,8N90E
2009-09-28,2009,9,28,218.8,,80.7,,296.2,1165.7,,,8N90E
2009-09-29,2009,9,29,276.3,,78.8,,359.9,1052.7,,,8N90E
2009-09-30,2009,9,30,203.4,,80.8,,284.3,1060.0,,,8N90E
2009-10-01,2009,10,1,251.0,,80.4,,350.6,1036.8,,,8N90E
2009-10-02,2009,10,2,245.4,,79.8,,331.4,1088.7,,,8N90E
2009-10-03,2009,10,3,218.8,,80.7,,300.2,1036.3,,,8N90E
2009-10-04,2009,10,4,250.9,,81.9,,322.2,1040.9,,,8N90E
2009-10-05,2009,10,5,257.6,,78.1,,346.9,1099.2,,,8N90E
2009-10-06,2009,10,6,169.2,,80.5,,218.8,776.3,,,8N90E
2009-10-07,2009,10,7,192.3,,80.5,,268.6,1166.1,,,8N90E
2009-10-08,2009,10,8,234.9,,80.8,,329.3,993.5,,,8N90E
2009-10-09,2009,10,9,259.9,,82.0,,343.7,990.4,,,8N90E
2009-10-10,2009,10,10,253.0,,81.5,,344.8,1022.2,,,8N90E
2009-10-11,2009,10,11,236.2,,80.9,,331.4,1113.3,,,8N90E
2009-10-12,2009,10,12,104.4,,82.6,,146.9,584.2,,,8N90E
2009-10-13,2009,10,13,218.8,,81.1,,304.3,1101.0,,,8N90E
2009-10-14,2009,10,14,246.6,,76.7,,332.6,1029.0,,,8N90E
2009-10-15,2009,10,15,253.4,,76.2,,333.9,1008.1,,,8N90E
2009-10-16,2009,10,16,279.6,,71.1,,362.9,972.6,,,8N90E
2009-10-17,2009,10,17,278.3,,72.7,,362.6,982.1,,,8N90E
2009-10-18,2009,10,18,264.6,,72.2,,349.5,1100.1,,,8N90E
2009-10-19,2009,10,19,266.8,,75.7,,345.4,1062.3,,,8N90E
2009-10-20,2009,10,20,256.6,,81.1,,349.2,1066.4,,,8N90E
2009-10-21,2009,10,21,232.7,,79.1,,325.5,989.9,,,8N90E
2009-10-22,2009,10,22,235.7,,79.6,,325.0,986.2,,,8N90E
2009-10-23,2009,10,23,224.6,,81.3,,304.9,934.8,,,8N90E
2009-10-24,2009,10,24,210.9,,80.4,,287.5,933.9,,,8N90E
2009-10-25,2009,10,25,240.1,,75.9,,323.4,948.9,,,8N90E
2009-10-26,2009,10,26,215.3,,76.7,,308.9,1011.8,,,8N90E
2009-10-27,2009,10,27,248.4,,77.0,,336.3,928.4,,,8N90E
2009-10-28,2009,10,28,167.8,,79.9,,281.2,1147.9,,,8N90E
2009-10-29,2009,10,29,163.7,,80.8,,254.3,1061.4,,,8N90E
2009-10-30,2009,10,30,187.4,,81.7,,271.4,1197.5,,,8N90E
2009-10-31,2009,10,31,255.3,,79.3,,339.7,937.5,,,8N90E
2009-11-01,2009,11,1,224.0,,78.5,,301.3,1049.5,,,8N90E
2009-11-02,2009,11,2,214.6,,76.5,,310.8,974.0,,,8N90E
2009-11-04,2009,11,4,225.8,0.31,86.6,29.24,331.5,1001.5,1.57,6.0,8N90E
2009-11-05,2009,11,5,61.1,0.69,89.4,,88.8,343.7,2.08,18.0,8N90E
2009-11-06,2009,11,6,159.8,0.06,90.3,,251.5,1064.2,0.28,2.0,8N90E
2009-11-07,2009,11,7,,0.01,88.3,,,,0.1,1.0,8N90E
2009-11-08,2009,11,8,,0.0,87.9,,,,0.16,1.0,8N90E
2009-11-09,2009,11,9,,-0.01,86.0,,,,0.16,1.0,8N90E
2009-11-10,2009,11,10,,0.0,85.0,,,,0.14,1.0,8N90E
2009-11-11,2009,11,11,,-0.01,83.0,,,,0.11,0.0,8N90E
2009-11-12,2009,11,12,,-0.01,84.0,,,,0.08,0.0,8N90E
2009-11-13,2009,11,13,,0.0,82.8,,,,0.15,1.0,8N90E
2009-11-14,2009,11,14,,0.0,82.5,,,,0.16,0.0,8N90E
2009-11-15,2009,11,15,,0.01,85.4,,,,0.14,1.0,8N90E
2009-11-16,2009,11,16,,0.0,77.8,,,,0.18,1.0,8N90E
2009-11-17,2009,11,17,,0.0,73.6,,,,0.19,1.0,8N90E
2009-11-18,2009,11,18,,-0.01,82.3,,,,0.16,0.0,8N90E
2009-11-19,2009,11,19,,0.03,84.9,,,,0.26,1.0,8N90E
2009-11-20,2009,11,20,,0.0,85.5,,,,0.26,1.0,8N90E
2009-11-21,2009,11,21,,0.01,87.6,,,,0.12,0.0,8N90E
2009-11-22,2009,11,22,,0.0,91.4,,,,0.21,0.0,8N90E
2009-11-23,2009,11,23,,0.0,82.9,,,,0.22,1.0,8N90E
2009-11-24,2009,11,24,,-0.01,74.2,,,,0.16,0.0,8N90E
2009-11-25,2009,11,25,,0.0,74.0,,,,0.14,1.0,8N90E
2009-11-26,2009,11,26,,-0.01,76.1,,,,0.14,0.0,8N90E
2009-11-27,2009,11,27,,0.01,79.9,,,,0.19,1.0,8N90E
2009-11-28,2009,11,28,,0.0,83.9,,,,0.21,1.0,8N90E
2009-11-29,2009,11,29,,-0.01,79.7,,,,0.14,1.0,8N90E
2009-11-30,2009,11,30,,0.01,81.1,,,,0.17,1.0,8N90E
2009-12-01,2009,12,1,,-0.01,79.6,,,,0.13,0.0,8N90E
2009-12-02,2009,12,2,,-0.01,75.5,,,,0.17,1.0,8N90E
2009-12-03,2009,12,3,,0.0,83.9,,,,0.21,1.0,8N90E
2009-12-04,2009,12,4,,0.0,83.3,,,,0.21,1.0,8N90E
2009-12-05,2009,12,5,,-0.01,84.0,,,,0.23,1.0,8N90E
2009-12-06,2009,12,6,,0.01,87.6,,,,0.19,1.0,8N90E
2009-12-07,2009,12,7,,0.13,90.9,,,,0.31,2.0,8N90E
2009-12-08,2009,12,8,,0.08,90.7,,,,0.32,3.0,8N90E
2009-12-09,2009,12,9,,0.07,90.1,,,,0.24,2.0,8N90E
2009-12-10,2009,12,10,,0.0,87.8,,,,0.11,0.0,8N90E
2009-12-11,2009,12,11,,-0.02,84.2,,,,0.1,0.0,8N90E
2009-12-12,2009,12,12,,-0.01,83.5,,,,0.08,0.0,8N90E
2009-12-13,2009,12,13,,0.04,86.0,,,,0.2,1.0,8N90E
2009-12-14,2009,12,14,,-0.01,83.2,,,,0.12,0.0,8N90E
2009-12-15,2009,12,15,,-0.01,80.6,,,,0.12,1.0,8N90E
2009-12-16,2009,12,16,,-0.01,82.9,,,,0.1,0.0,8N90E
2009-12-17,2009,12,17,,-0.01,83.0,,,,0.06,0.0,8N90E
2009-12-18,2009,12,18,,-0.01,83.6,,,,0.08,0.0,8N90E
2009-12-19,2009,12,19,,0.0,84.2,,,,0.15,1.0,8N90E
2009-12-20,2009,12,20,,-0.02,84.6,,,,0.14,0.0,8N90E
2009-12-21,2009,12,21,,-0.01,82.5,,,,0.09,0.0,8N90E
2009-12-22,2009,12,22,,-0.01,82.3,,,,0.11,0.0,8N90E
2009-12-23,2009,12,23,,-0.02,80.7,,,,0.14,1.0,8N90E
2009-12-24,2009,12,24,,-0.02,81.9,,,,0.14,1.0,8N90E
2009-12-25,2009,12,25,,-0.02,78.5,,,,0.11,0.0,8N90E
2009-12-26,2009,12,26,,-0.01,79.0,,,,0.12,1.0,8N90E
2009-12-27,2009,12,27,,-0.01,78.9,,,,0.12,0.0,8N90E
2009-12-28,2009,12,28,,-0.01,82.3,,,,0.13,1.0,8N90E
2009-12-29,2009,12,29,,-0.02,80.7,,,,0.14,0.0,8N90E
2009-12-30,2009,12,30,,-0.01,80.8,,,,0.15,1.0,8N90E
2009-12-31,2009,12,31,,-0.01,82.3,,,,0.2,1.0,8N90E
2010-01-01,2010,1,1,,-0.03,79.7,,,,0.18,0.0,8N90E
2010-01-02,2010,1,2,,-0.02,77.4,,,,0.12,1.0,8N90E
2010-01-03,2010,1,3,,-0.01,78.2,,,,0.18,1.0,8N90E
2010-01-04,2010,1,4,,-0.02,79.3,,,,0.2,1.0,8N90E
2010-01-05,2010,1,5,,-0.01,85.7,,,,0.17,1.0,8N90E
2010-01-06,2010,1,6,,0.0,83.4,,,,0.19,1.0,8N90E
2010-01-07,2010,1,7,,-0.01,80.3,,,,0.19,1.0,8N90E
2010-01-08,2010,1,8,,-0.01,83.1,,,,0.15,0.0,8N90E
2010-01-09,2010,1,9,,0.0,81.8,,,,0.19,1.0,8N90E
2010-01-10,2010,1,10,,0.0,81.2,,,,0.24,1.0,8N90E
2010-01-11,2010,1,11,,-0.01,82.6,,,,0.23,1.0,8N90E
2010-01-12,2010,1,12,,-0.02,77.8,,,,0.2,1.0,8N90E
2010-01-13,2010,1,13,,-0.01,78.3,,,,0.14,0.0,8N90E
2010-01-14,2010,1,14,,-0.01,77.8,,,,0.15,1.0,8N90E
2010-01-15,2010,1,15,,-0.02,80.7,,,,0.17,1.0,8N90E
2010-01-16,2010,1,16,,-0.02,78.1,,,,0.13,0.0,8N90E
2010-01-17,2010,1,17,,0.0,79.0,,,,0.13,1.0,8N90E
2010-01-18,2010,1,18,,-0.02,75.0,,,,0.16,1.0,8N90E
2010-01-19,2010,1,19,,-0.01,76.7,,,,0.13,0.0,8N90E
2010-01-20,2010,1,20,,0.0,73.6,,,,0.16,1.0,8N90E
2010-01-21,2010,1,21,,-0.01,77.3,,,,0.16,1.0,8N90E
2010-01-22,2010,1,22,,-0.01,77.1,,,,0.18,1.0,8N90E
2010-01-23,2010,1,23,,-0.01,75.6,,,,0.2,1.0,8N90E
2010-01-24,2010,1,24,,-0.01,82.5,,,,0.17,1.0,8N90E
2010-01-25,2010,1,25,,-0.01,83.6,,,,0.18,1.0,8N90E
2010-01-26,2010,1,26,,-0.01,82.8,,,,0.22,1.0,8N90E
2010-01-27,2010,1,27,,-0.02,81.2,,,,0.2,1.0,8N90E
2010-01-28,2010,1,28,,-0.01,83.2,,,,0.13,1.0,8N90E
2010-01-29,2010,1,29,,0.0,82.5,,,,0.18,1.0,8N90E
2010-01-30,2010,1,30,,-0.01,81.3,,,,0.23,1.0,8N90E
2010-01-31,2010,1,31,,-0.01,80.7,,,,0.24,1.0,8N90E
2010-02-01,2010,2,1,,-0.02,81.0,,,,0.2,1.0,8N90E
2010-02-02,2010,2,2,,-0.01,82.2,,,,0.17,1.0,8N90E
2010-02-03,2010,2,3,,-0.02,82.3,,,,0.15,0.0,8N90E
2010-02-04,2010,2,4,,0.0,82.6,,,,0.13,1.0,8N90E
2010-02-05,2010,2,5,,0.0,81.1,,,,0.18,1.0,8N90E
2010-02-06,2010,2,6,,-0.01,77.3,,,,0.21,1.0,8N90E
2010-02-07,2010,2,7,,-0.01,78.0,,,,0.18,1.0,8N90E
2010-02-08,2010,2,8,,-0.01,79.9,,,,0.17,1.0,8N90E
2010-02-09,2010,2,9,,-0.01,81.0,,,,0.21,1.0,8N90E
2010-02-10,2010,2,10,,-0.01,79.8,,,,0.22,1.0,8N90E
2010-02-11,2010,2,11,,-0.01,81.8,,,,0.17,1.0,8N90E
2010-02-12,2010,2,12,,-0.01,82.4,,,,0.15,1.0,8N90E
2010-02-13,2010,2,13,,0.0,76.4,,,,0.2,1.0,8N90E
2010-02-14,2010,2,14,,-0.01,76.5,,,,0.25,1.0,8N90E
2010-02-15,2010,2,15,,-0.01,81.4,,,,0.21,1.0,8N90E
2010-02-16,2010,2,16,,-0.01,79.0,,,,0.13,0.0,8N90E
2010-02-17,2010,2,17,,-0.01,76.0,,,,0.14,1.0,8N90E
2010-02-18,2010,2,18,,-0.01,80.5,,,,0.15,1.0,8N90E
2010-02-19,2010,2,19,,-0.01,78.5,,,,0.16,1.0,8N90E
2010-02-20,2010,2,20,,0.0,80.0,,,,0.16,1.0,8N90E
2010-02-21,2010,2,21,,-0.02,77.8,,,,0.15,0.0,8N90E
2010-02-22,2010,2,22,,-0.03,66.4,,,,0.13,1.0,8N90E
2010-02-23,2010,2,23,,-0.01,67.5,,,,0.14,1.0,8N90E
2010-02-24,2010,2,24,,-0.01,71.6,,,,0.11,0.0,8N90E
2010-02-25,2010,2,25,,-0.01,73.3,,,,0.1,0.0,8N90E
2010-02-26,2010,2,26,,-0.01,76.0,,,,0.11,0.0,8N90E
2010-02-27,2010,2,27,,-0.01,78.8,,,,0.1,0.0,8N90E
2010-02-28,2010,2,28,,0.0,75.5,,,,0.12,1.0,8N90E
2010-03-01,2010,3,1,,-0.01,72.4,,,,0.15,1.0,8N90E
2010-03-02,2010,3,2,,-0.01,76.1,,,,0.16,1.0,8N90E
2010-03-03,2010,3,3,,0.0,77.7,,,,0.2,1.0,8N90E
2010-03-04,2010,3,4,,-0.01,75.5,,,,0.2,1.0,8N90E
2010-03-05,2010,3,5,,0.0,74.3,,,,0.15,1.0,8N90E
2010-03-06,2010,3,6,,0.0,74.3,,,,0.16,1.0,8N90E
2010-03-07,2010,3,7,,-0.02,76.8,,,,0.13,0.0,8N90E
2010-11-02,2010,11,2,177.8,-0.01,82.3,28.78,267.4,989.4,0.16,0.0,8N90E
2010-11-03,2010,11,3,73.3,-0.02,79.5,28.66,103.9,321.0,0.18,0.0,8N90E
2010-11-04,2010,11,4,19.7,13.5,95.0,28.47,33.5,179.5,22.34,66.0,8N90E
2010-11-05,2010,11,5,172.2,0.09,89.4,28.41,252.2,992.5,0.39,4.0,8N90E
2010-11-06,2010,11,6,139.5,0.22,84.7,28.36,215.6,1150.7,1.34,5.0,8N90E
2010-11-07,2010,11,7,232.6,-0.01,83.9,28.46,331.8,1043.6,0.08,0.0,8N90E
2010-11-08,2010,11,8,255.6,-0.01,81.9,28.66,339.6,1102.7,0.09,0.0,8N90E
2010-11-09,2010,11,9,178.9,0.54,82.3,28.6,249.1,1056.4,3.55,4.0,8N90E
2010-11-10,2010,11,10,83.3,2.07,88.2,28.34,138.8,676.8,7.17,17.0,8N90E
2010-11-11,2010,11,11,164.6,0.0,80.7,28.5,238.9,1040.5,0.02,0.0,8N90E
2010-11-12,2010,11,12,255.2,-0.01,76.7,28.58,334.7,1063.0,0.01,0.0,8N90E
2010-11-13,2010,11,13,169.1,0.16,82.7,28.87,247.4,1107.5,1.08,4.0,8N90E
2010-11-14,2010,11,14,50.5,0.09,85.1,28.6,71.4,311.7,0.77,1.0,8N90E
2010-11-15,2010,11,15,132.2,0.92,83.1,28.49,192.0,947.9,5.13,6.0,8N90E
2010-11-16,2010,11,16,231.8,-0.01,80.3,28.67,308.8,1138.8,0.04,0.0,8N90E
2010-11-17,2010,11,17,239.9,-0.01,81.9,28.71,330.3,1104.9,0.11,0.0,8N90E
2010-11-18,2010,11,18,151.7,0.37,84.3,28.56,224.8,1093.0,2.6,4.0,8N90E
2010-11-19,2010,11,19,120.2,0.41,85.9,28.56,166.9,714.2,2.5,4.0,8N90E
2010-11-20,2010,11,20,180.1,0.46,85.1,28.59,265.5,970.4,2.58,5.0,8N90E
2010-11-21,2010,11,21,220.2,0.0,83.1,28.73,312.8,1109.7,0.03,0.0,8N90E
2010-11-22,2010,11,22,137.6,0.93,85.9,28.57,222.7,1121.2,3.52,13.0,8N90E
2010-11-23,2010,11,23,199.1,0.33,84.7,28.59,282.2,911.8,2.46,4.0,8N90E
2010-11-24,2010,11,24,97.6,0.26,85.9,28.54,149.5,661.8,1.29,5.0,8N90E
2010-11-25,2010,11,25,210.7,0.0,83.9,28.7,302.4,1003.5,0.06,0.0,8N90E
2010-11-26,2010,11,26,250.3,0.0,81.9,28.78,345.3,1088.6,0.02,0.0,8N90E
2010-11-27,2010,11,27,248.0,0.0,81.9,28.82,350.9,1067.8,0.03,0.0,8N90E
2010-11-28,2010,11,28,197.5,0.02,79.5,28.77,269.6,1008.3,0.26,1.0,8N90E
2010-11-29,2010,11,29,79.0,0.29,86.7,28.69,136.6,705.4,1.88,4.0,8N90E
2010-11-30,2010,11,30,188.8,0.31,84.7,28.7,278.9,1003.5,1.28,8.0,8N90E
2010-12-01,2010,12,1,134.6,1.85,89.0,28.67,225.8,1104.0,6.0,21.0,8N90E
2010-12-02,2010,12,2,141.8,1.05,89.0,28.59,201.3,974.8,3.84,11.0,8N90E
2010-12-03,2010,12,3,88.8,0.14,87.9,28.5,158.4,884.9,0.67,5.0,8N90E
2010-12-04,2010,12,4,193.7,0.1,83.5,28.51,304.6,1217.8,0.78,3.0,8N90E
2010-12-05,2010,12,5,176.2,0.0,85.9,28.5,271.3,1044.9,0.12,0.0,8N90E
2010-12-06,2010,12,6,107.4,0.47,87.1,28.41,185.5,1076.2,1.65,12.0,8N90E
2010-12-07,2010,12,7,151.9,3.25,89.4,28.37,259.1,1097.0,8.14,32.0,8N90E
2010-12-08,2010,12,8,47.6,0.04,84.7,28.29,62.7,252.2,0.16,0.0,8N90E
2010-12-09,2010,12,9,243.0,0.1,82.3,28.37,319.6,1036.5,0.8,2.0,8N90E
2010-12-10,2010,12,10,17.1,1.16,85.5,28.22,29.0,110.7,3.49,24.0,8N90E
2010-12-11,2010,12,11,89.5,0.11,84.7,28.21,118.7,457.2,0.74,3.0,8N90E
2010-12-12,2010,12,12,95.4,0.0,81.9,28.2,136.8,804.2,0.05,0.0,8N90E
2010-12-13,2010,12,13,205.9,0.0,78.3,28.3,305.3,955.9,0.02,0.0,8N90E
2010-12-14,2010,12,14,236.4,0.0,71.5,28.34,322.9,914.0,0.02,0.0,8N90E
2010-12-15,2010,12,15,223.7,0.0,72.7,28.31,312.7,950.6,0.03,0.0,8N90E
2010-12-16,2010,12,16,223.3,0.0,75.9,28.13,306.6,1025.1,0.02,0.0,8N90E
2010-12-17,2010,12,17,226.9,0.0,77.1,28.24,320.8,952.8,0.03,0.0,8N90E
2010-12-18,2010,12,18,213.8,0.0,76.3,28.45,294.6,906.5,0.03,0.0,8N90E
2010-12-19,2010,12,19,140.4,0.0,81.1,28.42,201.3,880.0,0.13,1.0,8N90E
2010-12-20,2010,12,20,34.7,0.63,85.9,28.34,67.0,369.5,1.7,15.0,8N90E
2010-12-21,2010,12,21,204.2,-0.01,81.5,28.35,303.2,943.1,0.02,0.0,8N90E
2010-12-22,2010,12,22,197.9,0.02,81.1,28.45,275.1,1138.0,0.37,1.0,8N90E
2010-12-23,2010,12,23,153.4,0.02,85.1,28.39,244.9,1067.0,0.2,1.0,8N90E
2010-12-24,2010,12,24,62.4,1.31,88.2,28.26,103.9,574.9,4.76,9.0,8N90E
2010-12-25,2010,12,25,214.3,0.79,83.9,28.32,309.1,1092.1,3.59,8.0,8N90E
2010-12-26,2010,12,26,235.3,0.19,85.1,28.37,323.8,1002.6,0.73,6.0,8N90E
2010-12-27,2010,12,27,189.2,-0.03,81.1,28.33,274.8,1051.5,0.03,0.0,8N90E
2010-12-28,2010,12,28,191.0,0.07,79.9,28.22,261.6,865.5,0.95,1.0,8N90E
2010-12-29,2010,12,29,246.4,-0.03,80.3,28.25,329.4,994.7,0.03,0.0,8N90E
2010-12-30,2010,12,30,89.5,1.81,87.1,28.17,118.6,394.6,5.12,17.0,8N90E
2010-12-31,2010,12,31,38.6,0.53,85.9,28.16,66.3,325.8,1.56,16.0,8N90E
2011-01-01,2011,1,1,155.6,0.32,85.1,28.26,234.1,914.4,1.59,6.0,8N90E
2011-01-02,2011,1,2,110.0,0.11,87.9,28.21,192.2,1023.8,0.31,5.0,8N90E
2011-01-03,2011,1,3,181.9,0.42,85.5,28.22,272.2,1011.0,1.56,8.0,8N90E
2011-01-04,2011,1,4,206.1,0.94,87.1,28.33,305.0,1111.9,2.83,12.0,8N90E
2011-01-05,2011,1,5,73.2,1.68,89.4,28.2,117.7,608.9,4.43,21.0,8N90E
2011-01-06,2011,1,6,85.5,0.65,89.0,28.13,191.0,1179.0,2.04,13.0,8N90E
2011-01-07,2011,1,7,23.7,1.54,89.0,28.02,42.9,188.7,6.03,18.0,8N90E
2011-01-08,2011,1,8,183.7,0.4,85.9,28.07,254.8,939.5,3.01,8.0,8N90E
2011-01-09,2011,1,9,206.3,0.19,84.7,28.05,285.1,883.1,1.2,4.0,8N90E
2011-01-10,2011,1,10,213.6,0.14,82.7,28.1,296.4,1057.7,0.94,2.0,8N90E
2011-01-11,2011,1,11,152.9,0.06,81.5,28.04,220.3,1118.5,0.36,1.0,8N90E
2011-01-12,2011,1,12,197.7,0.02,79.5,28.22,270.0,1029.5,0.14,0.0,8N90E
2011-01-13,2011,1,13,246.6,-0.01,76.3,28.21,325.7,1064.3,0.01,0.0,8N90E
2011-01-14,2011,1,14,251.4,-0.01,75.9,28.4,342.3,1095.2,0.03,0.0,8N90E
2011-01-15,2011,1,15,252.1,0.09,80.3,28.32,340.0,936.0,0.87,1.0,8N90E
2011-01-16,2011,1,16,60.0,0.18,83.5,28.15,82.5,287.0,0.79,4.0,8N90E
2011-01-17,2011,1,17,246.4,-0.01,79.9,28.35,343.1,1102.2,0.05,0.0,8N90E
2011-01-18,2011,1,18,266.8,-0.02,73.1,28.29,346.5,973.9,0.04,0.0,8N90E
2011-01-19,2011,1,19,275.7,-0.01,66.7,28.28,368.2,1062.1,0.01,0.0,8N90E
2011-01-20,2011,1,20,245.2,0.0,77.1,28.2,336.9,1039.6,0.16,1.0,8N90E
2011-01-21,2011,1,21,255.1,-0.02,70.7,28.15,348.4,996.4,0.02,0.0,8N90E
2011-01-22,2011,1,22,254.6,-0.02,69.9,28.18,350.3,1015.4,0.04,0.0,8N90E
2011-01-23,2011,1,23,183.9,-0.01,78.3,28.16,267.5,1037.9,0.04,0.0,8N90E
2011-01-24,2011,1,24,223.4,1.7,81.9,28.15,325.0,1047.6,9.47,7.0,8N90E
2011-01-25,2011,1,25,178.6,0.31,82.7,28.17,294.9,1055.5,2.01,5.0,8N90E
2011-01-26,2011,1,26,245.6,0.03,81.5,28.27,334.7,1056.8,0.34,1.0,8N90E
2011-01-27,2011,1,27,21.9,3.26,90.2,28.2,42.7,243.4,5.92,56.0,8N90E
2011-01-28,2011,1,28,99.1,0.06,83.1,28.18,134.9,465.1,0.5,2.0,8N90E
2011-01-29,2011,1,29,68.7,1.45,87.1,28.13,146.8,920.6,3.37,26.0,8N90E
2011-01-30,2011,1,30,238.7,0.5,83.5,28.17,331.4,1118.1,3.2,5.0,8N90E
2011-01-31,2011,1,31,69.3,1.33,87.9,28.1,112.7,624.8,3.76,18.0,8N90E
2011-02-01,2011,2,1,41.5,2.96,89.8,27.98,66.3,223.5,7.34,30.0,8N90E
2011-02-02,2011,2,2,140.8,0.04,85.1,28.05,211.6,960.7,0.25,2.0,8N90E
2011-02-03,2011,2,3,196.8,-0.01,83.1,28.13,264.4,1120.3,0.02,0.0,8N90E
2011-02-04,2011,2,4,261.6,0.0,82.7,28.27,350.4,1049.3,0.04,0.0,8N90E
2011-02-05,2011,2,5,244.7,-0.01,81.5,28.26,323.8,1076.2,0.04,0.0,8N90E
2011-02-06,2011,2,6,249.3,0.73,81.1,28.36,341.3,1106.7,4.03,5.0,8N90E
2011-02-07,2011,2,7,90.5,0.11,84.3,28.26,137.0,665.8,0.58,4.0,8N90E
2011-02-08,2011,2,8,233.3,0.0,77.1,28.48,307.3,1151.6,0.05,0.0,8N90E
2011-02-09,2011,2,9,248.6,-0.02,79.1,28.47,335.2,1026.8,0.04,0.0,8N90E
2011-02-10,2011,2,10,156.8,0.23,85.9,28.42,261.4,1172.8,0.9,5.0,8N90E
2011-02-11,2011,2,11,201.8,0.26,83.9,28.39,330.1,1083.3,2.28,2.0,8N90E
2011-02-12,2011,2,12,117.3,0.43,85.1,28.29,237.9,1298.0,1.87,7.0,8N90E
2011-02-13,2011,2,13,198.1,2.06,85.9,28.29,321.6,1180.7,9.93,9.0,8N90E
2011-02-14,2011,2,14,239.6,0.47,84.3,28.4,362.3,1085.5,1.51,9.0,8N90E
2011-02-15,2011,2,15,243.2,0.68,82.7,28.4,351.4,1065.2,4.45,4.0,8N90E
2011-02-16,2011,2,16,289.3,-0.01,79.1,28.52,373.5,1122.5,0.02,0.0,8N90E
2011-02-17,2011,2,17,239.7,0.0,79.9,28.76,332.5,1066.5,0.02,0.0,8N90E
2011-02-18,2011,2,18,236.4,0.14,81.5,28.79,350.6,1114.6,0.81,4.0,8N90E
2011-02-19,2011,2,19,272.4,-0.02,81.1,28.66,362.1,1150.3,0.02,0.0,8N90E
2011-02-20,2011,2,20,287.1,-0.02,75.9,28.59,381.5,1131.3,0.04,0.0,8N90E
2011-02-21,2011,2,21,228.2,-0.01,75.5,28.53,325.0,1082.8,0.03,0.0,8N90E
2011-02-22,2011,2,22,277.6,-0.02,76.7,28.57,373.5,1115.0,0.03,0.0,8N90E
2011-02-23,2011,2,23,258.7,-0.03,76.3,28.53,347.1,1030.4,0.03,0.0,8N90E
2011-02-24,2011,2,24,73.6,0.04,80.7,28.43,90.8,324.5,0.61,1.0,8N90E
2011-02-25,2011,2,25,176.5,0.01,82.7,28.39,262.3,977.9,0.15,1.0,8N90E
2011-02-26,2011,2,26,191.5,0.35,84.7,28.35,295.3,1281.7,2.14,4.0,8N90E
2011-02-27,2011,2,27,83.5,0.1,85.1,28.31,123.5,508.4,0.35,5.0,8N90E
2011-02-28,2011,2,28,104.5,0.08,83.9,28.32,170.0,764.1,0.33,4.0,8N90E
2011-03-01,2011,3,1,240.5,-0.01,81.1,28.45,354.3,1261.0,0.02,0.0,8N90E
2011-03-02,2011,3,2,276.9,0.43,81.9,28.68,364.9,1092.5,3.36,4.0,8N90E
2011-03-03,2011,3,3,280.3,-0.01,78.3,28.79,364.8,1041.0,0.04,0.0,8N90E
2011-03-04,2011,3,4,286.1,-0.01,75.9,28.71,376.3,1029.5,0.05,0.0,8N90E
2011-03-05,2011,3,5,276.1,-0.01,76.3,28.88,364.2,1088.6,0.04,0.0,8N90E
2011-03-06,2011,3,6,247.6,-0.01,79.5,28.97,335.2,1036.5,0.01,0.0,8N90E
2011-03-07,2011,3,7,211.9,-0.01,79.1,28.92,301.2,1056.4,0.01,0.0,8N90E
2011-03-08,2011,3,8,238.9,-0.01,75.9,29.07,328.9,1029.5,0.02,0.0,8N90E
2011-03-09,2011,3,9,259.8,-0.01,70.7,29.0,354.2,1119.9,0.01,0.0,8N90E
2011-03-10,2011,3,10,92.9,1.37,85.5,28.87,227.7,1161.3,3.52,18.0,8N90E
2011-03-11,2011,3,11,171.2,0.36,81.1,29.1,260.4,939.5,2.37,6.0,8N90E
2011-03-12,2011,3,12,297.3,-0.02,73.1,29.29,385.7,1120.8,0.01,0.0,8N90E
2011-03-13,2011,3,13,263.9,-0.01,72.3,29.41,350.9,1097.8,0.01,0.0,8N90E
2011-03-14,2011,3,14,87.7,0.0,78.7,29.19,109.2,337.7,0.01,0.0,8N90E
2011-03-15,2011,3,15,209.6,-0.01,76.7,29.26,311.4,1208.9,0.01,0.0,8N90E
2011-03-16,2011,3,16,259.0,0.38,78.7,29.42,372.6,1197.5,1.49,11.0,8N90E
2011-03-17,2011,3,17,26.1,2.65,87.9,29.07,55.8,241.2,7.56,33.0,8N90E
2011-03-18,2011,3,18,123.5,0.26,83.9,28.99,180.5,711.2,1.13,9.0,8N90E
2011-03-19,2011,3,19,115.9,1.15,83.1,29.13,178.1,699.7,4.71,11.0,8N90E
2011-03-20,2011,3,20,277.6,0.2,79.5,29.53,381.4,1283.9,1.26,4.0,8N90E
2011-03-21,2011,3,21,227.8,-0.01,77.9,29.69,327.5,1281.7,0.02,0.0,8N90E
2011-03-22,2011,3,22,162.8,0.13,78.3,29.71,244.0,1310.8,1.18,2.0,8N90E
2011-03-23,2011,3,23,254.2,0.62,77.1,29.8,353.7,1200.6,2.93,6.0,8N90E
2011-03-24,2011,3,24,88.2,0.09,80.7,29.37,143.5,724.4,0.56,4.0,8N90E
2011-03-25,2011,3,25,182.7,0.27,79.5,29.39,275.7,1216.9,1.97,4.0,8N90E
2011-03-26,2011,3,26,136.5,-0.01,78.7,29.37,189.2,802.0,0.02,0.0,8N90E
2011-03-27,2011,3,27,297.0,0.56,77.5,29.6,399.7,1242.9,2.89,5.0,8N90E
2011-03-28,2011,3,28,289.6,-0.01,76.3,29.57,384.8,1138.8,0.01,0.0,8N90E
2011-03-29,2011,3,29,272.0,-0.01,75.9,29.57,379.4,1149.4,0.02,0.0,8N90E
2011-03-30,2011,3,30,270.0,-0.01,73.9,29.65,367.3,1121.2,0.04,0.0,8N90E
2011-03-31,2011,3,31,288.5,-0.01,73.1,29.72,384.6,1131.3,0.01,0.0,8N90E
2011-04-01,2011,4,1,295.3,-0.01,72.3,29.83,387.1,1034.3,0.01,0.0,8N90E
2011-04-02,2011,4,2,285.3,-0.01,73.1,29.61,371.0,1144.1,0.02,0.0,8N90E
2011-04-03,2011,4,3,213.8,-0.01,70.7,29.35,282.3,1103.1,0.01,0.0,8N90E
2011-04-04,2011,4,4,246.2,-0.01,71.1,29.31,352.3,1286.1,0.19,0.0,8N90E
2011-04-05,2011,4,5,306.2,-0.01,74.7,29.47,399.0,1240.2,0.02,0.0,8N90E
2011-04-06,2011,4,6,277.7,,73.9,29.36,371.2,1133.1,,,8N90E
2011-04-07,2011,4,7,312.0,,70.3,29.6,394.4,1049.3,,,8N90E
2011-04-08,2011,4,8,307.1,,72.7,29.92,395.5,1052.0,,,8N90E
2011-04-09,2011,4,9,135.3,,80.3,29.71,202.0,1231.4,,,8N90E
2011-04-10,2011,4,10,281.1,,76.3,29.86,376.1,1024.6,,,8N90E
2011-04-11,2011,4,11,271.2,,75.1,29.82,361.6,1091.7,,,8N90E
2011-04-12,2011,4,12,283.7,,75.9,30.05,369.3,1074.0,,,8N90E
2011-04-13,2011,4,13,262.3,,76.3,30.03,364.7,1115.0,,,8N90E
2011-04-14,2011,4,14,295.2,,75.9,30.57,384.7,1116.3,,,8N90E
2011-04-15,2011,4,15,83.1,,79.1,29.93,99.1,373.4,,,8N90E
2011-04-16,2011,4,16,265.2,,76.7,30.02,360.4,1205.4,,,8N90E
2011-04-17,2011,4,17,267.9,,76.7,29.98,350.9,1190.0,,,8N90E
2011-04-18,2011,4,18,273.8,,76.7,30.21,395.3,1204.5,,,8N90E
2011-04-19,2011,4,19,184.7,,79.1,30.12,290.8,1044.0,,,8N90E
2011-04-20,2011,4,20,284.0,,76.7,30.48,380.7,1128.7,,,8N90E
2011-04-21,2011,4,21,294.2,,76.3,30.61,383.6,1150.3,,,8N90E
2011-04-22,2011,4,22,299.0,,73.5,30.88,384.0,1195.3,,,8N90E
2011-04-23,2011,4,23,290.9,,77.1,31.01,391.1,1165.3,,,8N90E
2011-04-24,2011,4,24,54.3,,81.9,30.42,89.7,475.7,,,8N90E
2011-04-25,2011,4,25,252.6,,77.5,30.38,362.3,1298.4,,,8N90E
2011-04-26,2011,4,26,249.2,,79.5,30.32,331.5,1235.4,,,8N90E
2011-04-27,2011,4,27,239.5,,78.3,30.33,329.7,1134.0,,,8N90E
2011-04-28,2011,4,28,145.9,,79.9,30.11,196.2,683.4,,,8N90E
2011-04-29,2011,4,29,207.2,,79.5,29.94,318.9,1354.9,,,8N90E
2011-04-30,2011,4,30,79.3,,82.3,29.89,118.4,571.0,,,8N90E
2011-05-01,2011,5,1,235.9,,81.1,29.78,334.6,1090.8,,,8N90E
2011-05-02,2011,5,2,180.3,,81.1,29.71,260.6,1047.6,,,8N90E
2011-05-03,2011,5,3,202.0,,81.9,29.54,312.3,1133.1,,,8N90E
2011-05-04,2011,5,4,222.7,,83.1,29.49,314.0,1290.5,,,8N90E
2011-05-05,2011,5,5,70.3,,85.5,29.38,111.4,546.7,,,8N90E
2011-05-06,2011,5,6,59.0,,83.5,29.37,84.6,310.0,,,8N90E
2011-05-07,2011,5,7,241.0,,81.9,29.35,338.0,1190.9,,,8N90E
2011-05-08,2011,5,8,83.2,,83.9,29.17,118.9,455.9,,,8N90E
2011-05-09,2011,5,9,236.4,,82.7,29.08,323.1,1045.4,,,8N90E
2011-05-10,2011,5,10,232.8,,81.5,29.02,314.3,1035.2,,,8N90E
2011-05-11,2011,5,11,283.2,,81.1,29.1,372.9,1045.4,,,8N90E
2011-05-12,2011,5,12,291.3,,80.3,29.19,379.5,1085.5,,,8N90E
2011-05-13,2011,5,13,287.3,,78.7,29.36,369.7,1030.4,,,8N90E
2011-05-14,2011,5,14,288.0,,78.3,29.38,367.2,1065.2,,,8N90E
2011-05-15,2011,5,15,282.1,,77.5,29.61,361.1,1016.3,,,8N90E
2011-05-16,2011,5,16,282.7,-0.01,75.5,29.96,369.0,1106.2,0.02,0.0,8N90E
2011-05-17,2011,5,17,274.6,-0.01,73.9,29.93,369.6,1116.8,0.01,0.0,8N90E
2011-05-18,2011,5,18,297.4,-0.01,74.3,30.02,384.0,1097.8,0.03,0.0,8N90E
2011-05-19,2011,5,19,305.1,-0.01,75.5,29.86,379.4,1134.9,0.03,0.0,8N90E
2011-05-20,2011,5,20,301.2,-0.01,79.1,29.82,376.8,1126.5,0.02,0.0,8N90E
2011-05-21,2011,5,21,296.7,-0.01,77.9,29.76,380.1,1162.2,0.02,0.0,8N90E
2011-05-22,2011,5,22,300.1,-0.01,76.3,29.79,376.3,1049.8,0.02,0.0,8N90E
2011-05-23,2011,5,23,288.2,-0.01,76.7,29.93,367.8,1103.6,0.03,0.0,8N90E
2011-05-24,2011,5,24,282.3,-0.01,76.7,29.92,365.0,1080.2,0.02,0.0,8N90E
2011-05-25,2011,5,25,259.5,-0.01,77.1,29.85,342.9,1094.7,0.03,0.0,8N90E
2011-05-26,2011,5,26,265.5,-0.01,78.3,29.9,354.0,1044.0,0.02,0.0,8N90E
2011-05-27,2011,5,27,295.4,0.0,81.1,30.03,374.8,1057.3,0.01,0.0,8N90E
2011-05-28,2011,5,28,186.3,,81.9,29.98,280.7,1084.6,,,8N90E
2011-05-29,2011,5,29,180.2,,81.5,29.92,241.7,895.0,,,8N90E
2011-05-30,2011,5,30,246.4,,80.3,29.84,336.6,1075.3,,,8N90E
2011-05-31,2011,5,31,271.0,,81.1,29.78,358.2,1111.5,,,8N90E
2011-06-01,2011,6,1,227.8,,80.3,29.74,310.6,1053.3,,,8N90E
2011-06-02,2011,6,2,34.3,,85.1,29.66,50.1,226.6,,,8N90E
2011-06-04,2011,6,4,257.4,-0.01,82.1,29.63,341.9,1174.2,0.02,0.0,8N90E
2011-06-05,2011,6,5,53.2,0.01,85.2,29.58,71.4,243.3,0.21,1.0,8N90E
2011-06-06,2011,6,6,16.4,0.71,88.4,29.51,27.0,134.3,3.1,10.0,8N90E
2011-06-07,2011,6,7,55.2,0.07,85.6,29.48,87.8,334.0,0.28,1.0,8N90E
2011-06-08,2011,6,8,234.8,0.0,82.3,29.41,340.7,1142.1,0.01,0.0,8N90E
2011-06-09,2011,6,9,223.4,0.12,81.4,29.4,312.9,1190.5,1.15,1.0,8N90E
2011-06-10,2011,6,10,111.5,0.47,86.7,29.37,166.2,813.0,2.76,6.0,8N90E
2011-06-11,2011,6,11,128.7,0.04,83.7,29.3,168.1,664.2,0.49,1.0,8N90E
2011-06-12,2011,6,12,242.3,-0.02,81.6,29.28,332.6,1232.8,0.07,0.0,8N90E
2011-06-13,2011,6,13,276.0,0.01,81.7,29.26,364.4,1125.3,0.3,1.0,8N90E
2011-06-14,2011,6,14,175.9,-0.02,81.9,29.22,220.6,677.4,0.09,0.0,8N90E
2011-06-15,2011,6,15,251.7,-0.05,83.3,29.24,339.7,1098.3,0.21,0.0,8N90E
2011-06-16,2011,6,16,276.7,-0.03,82.7,29.26,359.4,1134.5,0.03,0.0,8N90E
2011-06-17,2011,6,17,264.2,-0.02,82.3,29.24,354.2,1091.7,0.03,0.0,8N90E
2011-06-18,2011,6,18,277.4,-0.03,82.3,29.2,358.4,1046.3,0.05,0.0,8N90E
2011-06-19,2011,6,19,244.8,-0.02,82.1,29.17,321.7,1089.1,0.02,0.0,8N90E
2011-06-20,2011,6,20,226.4,-0.03,80.0,29.14,298.4,1048.9,0.03,0.0,8N90E
2011-06-21,2011,6,21,228.9,-0.02,82.1,29.12,306.0,1177.8,0.04,0.0,8N90E
2011-06-22,2011,6,22,277.5,-0.02,81.0,29.12,350.0,1049.4,0.03,0.0,8N90E
2011-06-23,2011,6,23,273.8,-0.02,79.6,29.11,354.7,1042.8,0.03,0.0,8N90E
2011-06-24,2011,6,24,257.4,-0.02,80.1,29.18,333.9,1021.9,0.02,0.0,8N90E
2011-06-25,2011,6,25,254.7,-0.02,83.5,29.16,332.2,1062.6,0.02,0.0,8N90E
2011-06-26,2011,6,26,238.7,-0.02,84.9,29.11,318.7,1043.3,0.03,0.0,8N90E
2011-06-27,2011,6,27,223.2,-0.02,85.5,29.16,289.5,887.9,0.04,0.0,8N90E
2011-06-28,2011,6,28,139.9,0.01,87.8,29.17,213.7,1143.6,0.19,1.0,8N90E
2011-06-29,2011,6,29,84.4,0.01,87.7,29.07,120.3,484.9,0.27,1.0,8N90E
2011-06-30,2011,6,30,245.6,-0.02,85.2,29.16,331.1,1074.9,0.04,0.0,8N90E
2011-07-01,2011,7,1,146.8,0.0,86.0,29.06,271.8,1225.2,0.18,1.0,8N90E
2011-07-02,2011,7,2,99.0,0.13,86.9,29.01,142.5,581.7,0.62,4.0,8N90E
2011-07-03,2011,7,3,193.7,0.05,87.4,29.01,271.0,887.4,0.23,1.0,8N90E
2011-07-04,2011,7,4,228.0,0.03,84.7,29.0,306.1,1146.7,0.44,1.0,8N90E
2011-07-05,2011,7,5,153.0,0.18,83.3,28.86,211.8,787.0,1.54,1.0,8N90E
2011-07-06,2011,7,6,264.3,0.0,79.7,28.9,351.0,1063.7,0.26,1.0,8N90E
2011-07-07,2011,7,7,277.8,0.01,83.6,28.89,366.6,1072.8,0.21,1.0,8N90E
2011-07-08,2011,7,8,264.6,0.02,84.8,28.95,350.0,1112.6,0.3,1.0,8N90E
2011-07-09,2011,7,9,287.4,0.0,84.1,28.96,375.9,1088.1,0.02,0.0,8N90E
2011-07-10,2011,7,10,101.9,2.46,89.4,28.88,122.9,420.6,8.39,18.0,8N90E
2011-07-11,2011,7,11,95.2,0.31,87.3,28.81,135.4,619.4,1.74,5.0,8N90E
2011-07-12,2011,7,12,81.2,-0.01,82.4,28.81,112.8,418.6,0.11,1.0,8N90E
2011-07-13,2011,7,13,155.4,-0.01,82.2,28.77,188.9,769.2,0.11,0.0,8N90E
2011-07-14,2011,7,14,196.1,-0.02,81.5,28.75,269.9,1053.5,0.02,0.0,8N90E
2011-07-15,2011,7,15,191.0,-0.02,81.5,28.76,267.8,908.8,0.02,0.0,8N90E
2011-07-16,2011,7,16,199.9,-0.01,81.9,28.74,272.2,1027.5,0.1,1.0,8N90E
2011-07-17,2011,7,17,290.7,-0.01,82.5,28.81,374.2,1167.1,0.03,0.0,8N90E
2011-07-18,2011,7,18,232.0,-0.01,83.3,28.83,300.1,1017.8,0.03,0.0,8N90E
2011-07-19,2011,7,19,225.4,0.0,83.7,28.85,302.9,1044.3,0.12,1.0,8N90E
2011-07-20,2011,7,20,196.7,0.07,81.2,28.82,296.2,1056.0,0.9,1.0,8N90E
2011-07-21,2011,7,21,262.6,-0.02,80.5,28.87,354.1,1145.7,0.03,0.0,8N90E
2011-07-22,2011,7,22,150.8,0.07,84.7,28.83,249.9,1138.5,0.6,1.0,8N90E
2011-07-23,2011,7,23,61.0,1.95,86.5,28.77,82.2,274.9,6.54,16.0,8N90E
2011-07-24,2011,7,24,62.2,1.75,93.5,28.62,104.6,469.1,3.46,36.0,8N90E
2011-07-25,2011,7,25,10.1,4.11,100.5,28.32,15.4,78.3,6.75,70.0,8N90E
2011-07-26,2011,7,26,46.9,0.76,92.4,28.41,68.9,319.8,2.94,10.0,8N90E
2011-07-27,2011,7,27,223.1,-0.03,84.9,28.51,287.7,1070.3,0.02,0.0,8N90E
2011-07-28,2011,7,28,221.4,0.19,84.4,28.68,291.6,903.2,1.87,1.0,8N90E
2011-07-29,2011,7,29,70.9,0.38,83.7,28.59,97.3,341.7,1.7,8.0,8N90E
2011-07-30,2011,7,30,213.0,0.05,80.7,28.63,286.6,1128.4,0.28,1.0,8N90E
2011-07-31,2011,7,31,264.6,-0.05,81.3,28.69,356.4,1088.6,0.3,1.0,8N90E
2011-08-01,2011,8,1,274.2,-0.07,81.3,28.72,359.3,1141.1,0.22,0.0,8N90E
2011-08-02,2011,8,2,273.2,-0.04,80.0,28.69,366.4,1056.5,0.04,0.0,8N90E
2011-08-03,2011,8,3,259.5,-0.03,81.6,28.72,348.1,1077.9,0.07,0.0,8N90E
2011-08-04,2011,8,4,277.0,-0.02,79.9,28.76,354.3,1111.5,0.04,0.0,8N90E
2011-08-05,2011,8,5,306.7,-0.02,79.8,28.79,393.5,1106.5,0.03,0.0,8N90E
2011-08-06,2011,8,6,296.0,0.0,79.9,28.73,376.7,1075.9,0.06,0.0,8N90E
2011-08-07,2011,8,7,273.5,-0.02,83.0,28.73,356.7,1105.9,0.07,0.0,8N90E
2011-08-08,2011,8,8,292.0,0.02,84.2,28.7,377.6,1084.5,0.19,1.0,8N90E
2011-08-09,2011,8,9,310.5,-0.02,84.4,28.63,397.4,1149.2,0.08,0.0,8N90E
2011-08-10,2011,8,10,283.9,-0.03,84.3,28.68,372.2,1132.4,0.16,0.0,8N90E
2011-08-11,2011,8,11,222.2,0.02,83.3,28.65,281.7,932.7,0.62,1.0,8N90E
2011-08-12,2011,8,12,263.3,0.11,84.8,28.71,355.9,1149.2,0.94,1.0,8N90E
2011-08-13,2011,8,13,252.4,1.93,89.0,28.7,357.3,1238.4,5.24,22.0,8N90E
2011-08-14,2011,8,14,88.2,0.47,84.7,28.66,141.4,641.8,1.41,13.0,8N90E
2011-08-15,2011,8,15,156.3,0.04,83.5,28.7,220.2,1120.7,0.41,1.0,8N90E
2011-08-16,2011,8,16,174.6,0.52,90.2,28.72,287.8,1168.1,1.33,15.0,8N90E
2011-08-17,2011,8,17,243.3,0.14,84.0,28.68,357.8,1291.9,0.69,6.0,8N90E
2011-08-18,2011,8,18,293.3,0.15,82.8,28.67,388.2,1166.6,1.03,3.0,8N90E
2011-08-19,2011,8,19,263.4,0.02,84.9,28.68,385.4,1101.3,0.21,1.0,8N90E
2011-08-20,2011,8,20,244.6,0.08,84.5,28.68,345.5,1124.3,0.71,3.0,8N90E
2011-08-21,2011,8,21,276.9,0.32,84.1,28.69,382.9,1170.7,2.18,4.0,8N90E
2011-08-22,2011,8,22,290.6,0.02,81.8,28.69,382.6,1148.7,0.35,1.0,8N90E
2011-08-23,2011,8,23,241.8,0.46,85.3,28.7,322.6,1097.8,2.02,8.0,8N90E
2011-08-24,2011,8,24,117.0,0.04,82.0,28.58,175.3,712.1,0.21,1.0,8N90E
2011-08-25,2011,8,25,269.3,0.01,79.4,28.61,356.6,1147.7,0.14,1.0,8N90E
2011-08-26,2011,8,26,196.8,0.02,82.1,28.55,319.1,1229.8,0.17,1.0,8N90E
2011-08-27,2011,8,27,179.9,0.0,81.4,28.48,253.3,987.7,0.03,0.0,8N90E
2011-08-28,2011,8,28,215.9,0.0,79.5,28.48,310.5,1141.6,0.03,0.0,8N90E
2011-08-29,2011,8,29,278.8,-0.01,80.9,28.49,376.2,1100.8,0.03,0.0,8N90E
2011-08-30,2011,8,30,279.8,-0.01,80.3,28.53,372.8,1127.3,0.04,0.0,8N90E
2011-08-31,2011,8,31,155.0,0.07,83.8,28.49,191.7,675.4,0.47,2.0,8N90E
2011-09-01,2011,9,1,123.8,0.01,84.5,28.47,162.9,582.7,0.02,0.0,8N90E
2011-09-02,2011,9,2,276.5,0.01,83.9,28.52,381.4,1125.3,0.18,1.0,8N90E
2011-09-03,2011,9,3,206.9,0.0,84.8,28.56,301.9,1065.7,0.02,0.0,8N90E
2011-09-04,2011,9,4,294.3,0.0,83.7,28.65,384.8,1251.7,0.05,0.0,8N90E
2011-09-05,2011,9,5,287.2,-0.01,84.7,28.66,377.5,1149.2,0.04,0.0,8N90E
2011-09-06,2011,9,6,229.1,0.11,85.7,28.64,322.5,1116.1,0.97,1.0,8N90E
2011-09-07,2011,9,7,136.6,0.57,90.7,28.57,220.2,1305.2,1.95,10.0,8N90E
2011-09-08,2011,9,8,111.7,0.0,86.2,28.55,151.5,503.7,0.03,0.0,8N90E
2011-09-09,2011,9,9,288.2,0.18,84.3,28.6,387.4,1171.7,1.57,2.0,8N90E
2011-09-10,2011,9,10,235.2,-0.01,82.8,28.6,312.8,1079.5,0.12,1.0,8N90E
2011-09-11,2011,9,11,185.9,-0.01,81.0,28.57,281.6,1139.6,0.1,1.0,8N90E
2011-09-12,2011,9,12,78.9,0.67,85.2,28.48,136.6,543.4,2.37,12.0,8N90E
2011-09-13,2011,9,13,202.1,0.47,84.6,28.42,323.9,1326.6,1.76,9.0,8N90E
2011-09-14,2011,9,14,217.4,0.09,83.3,28.35,320.2,1180.8,1.08,1.0,8N90E
2011-09-15,2011,9,15,301.1,-0.01,81.5,28.46,395.6,1091.2,0.07,0.0,8N90E
2011-09-16,2011,9,16,276.5,-0.02,80.1,28.51,377.5,1146.7,0.03,0.0,8N90E
2011-09-17,2011,9,17,267.1,-0.01,80.9,28.57,366.2,1149.2,0.05,0.0,8N90E
2011-09-18,2011,9,18,285.4,-0.01,81.2,28.54,384.9,1114.6,0.02,0.0,8N90E
2011-09-19,2011,9,19,289.0,-0.01,80.1,28.55,375.0,1116.1,0.08,0.0,8N90E
2011-09-20,2011,9,20,283.0,0.29,81.6,28.54,364.4,1148.7,1.6,4.0,8N90E
2011-09-21,2011,9,21,269.6,-0.02,82.0,28.51,352.9,1184.4,0.02,0.0,8N90E
2011-09-22,2011,9,22,201.5,0.0,84.1,28.56,305.0,1164.0,0.14,1.0,8N90E
2011-09-23,2011,9,23,65.6,0.13,86.8,28.6,83.5,361.6,1.13,2.0,8N90E
2011-09-24,2011,9,24,138.6,-0.01,84.3,28.55,213.8,876.1,0.02,0.0,8N90E
2011-09-25,2011,9,25,274.9,-0.01,80.3,28.67,381.3,1174.7,0.01,0.0,8N90E
2011-09-26,2011,9,26,256.6,-0.01,80.3,28.69,345.5,1100.8,0.01,0.0,8N90E
2011-09-27,2011,9,27,236.1,-0.01,83.1,28.67,332.2,1113.6,0.02,0.0,8N90E
2011-09-28,2011,9,28,268.2,0.08,81.6,28.69,372.6,1104.9,0.97,1.0,8N90E
2011-09-29,2011,9,29,216.2,-0.01,82.4,28.7,301.9,1229.2,0.03,0.0,8N90E
2011-09-30,2011,9,30,287.0,-0.01,82.1,28.7,376.0,1106.5,0.03,0.0,8N90E
2011-10-01,2011,10,1,270.4,-0.01,84.9,28.58,376.0,1173.2,0.03,0.0,8N90E
2011-10-02,2011,10,2,224.8,-0.01,82.7,28.5,303.3,1142.1,0.06,0.0,8N90E
2011-10-03,2011,10,3,282.5,0.02,82.6,28.52,377.3,1117.7,0.32,2.0,8N90E
2011-10-04,2011,10,4,283.8,-0.01,82.0,28.52,387.3,1104.9,0.02,0.0,8N90E
2011-10-05,2011,10,5,257.1,0.08,83.3,28.75,348.1,1064.2,0.66,1.0,8N90E
2011-10-06,2011,10,6,276.5,-0.01,80.6,28.93,379.6,1184.4,0.03,0.0,8N90E
2011-10-07,2011,10,7,226.9,0.85,81.2,29.02,308.6,1152.3,4.73,7.0,8N90E
2011-10-08,2011,10,8,249.5,1.41,87.0,28.84,362.1,1076.4,4.54,18.0,8N90E
2011-10-09,2011,10,9,211.4,0.52,86.4,28.71,343.2,1350.0,2.63,6.0,8N90E
2011-10-10,2011,10,10,246.8,0.32,83.8,28.92,355.8,1226.2,1.92,3.0,8N90E
2011-10-11,2011,10,11,50.2,0.4,85.9,28.7,65.0,265.2,1.47,10.0,8N90E
2011-10-12,2011,10,12,95.4,0.06,84.6,28.63,161.9,903.7,0.29,2.0,8N90E
2011-10-13,2011,10,13,220.0,-0.01,77.8,28.63,296.6,1120.2,0.01,0.0,8N90E
2011-10-14,2011,10,14,266.2,-0.01,79.1,28.48,356.5,1359.7,0.04,0.0,8N90E
2011-10-15,2011,10,15,245.1,0.05,82.7,28.4,341.2,1201.2,0.5,1.0,8N90E
2011-10-16,2011,10,16,243.9,0.24,86.7,28.65,357.7,1428.0,1.24,5.0,8N90E
2011-10-17,2011,10,17,203.8,2.35,92.0,28.45,321.0,1267.5,7.29,24.0,8N90E
2011-10-18,2011,10,18,261.2,-0.01,82.5,28.55,370.1,1104.9,0.03,0.0,8N90E
2011-10-19,2011,10,19,293.1,0.0,77.0,29.05,385.0,1134.0,0.03,0.0,8N90E
2011-10-20,2011,10,20,276.3,0.0,75.6,29.35,373.2,1054.0,0.02,0.0,8N90E
2011-10-21,2011,10,21,284.6,0.11,81.0,28.89,380.1,1051.9,0.9,2.0,8N90E
2011-10-22,2011,10,22,236.0,0.15,81.9,28.8,321.4,1210.9,0.82,4.0,8N90E
2011-10-23,2011,10,23,245.2,0.44,84.1,28.84,342.6,1214.0,3.07,4.0,8N90E
2011-10-24,2011,10,24,278.1,0.11,81.7,29.01,383.0,1115.1,0.88,2.0,8N90E
2011-10-25,2011,10,25,249.8,0.13,82.8,28.99,339.5,1158.4,1.38,1.0,8N90E
2011-10-26,2011,10,26,284.7,0.0,81.5,29.14,376.4,1187.0,0.01,0.0,8N90E
2011-10-27,2011,10,27,232.6,0.03,82.5,29.0,332.8,1176.2,0.22,1.0,8N90E
2011-10-28,2011,10,28,235.3,0.76,85.2,28.99,332.7,1274.1,4.1,5.0,8N90E
2011-10-29,2011,10,29,131.5,0.0,83.7,28.89,177.2,694.3,0.03,0.0,8N90E
2011-10-30,2011,10,30,231.7,0.3,85.6,28.95,315.2,1300.1,1.77,4.0,8N90E
2011-10-31,2011,10,31,162.1,0.16,85.4,28.73,259.5,1132.4,1.05,4.0,8N90E
2011-11-01,2011,11,1,168.9,0.5,87.8,28.73,282.6,1275.6,2.17,8.0,8N90E
2011-11-02,2011,11,2,152.4,0.22,84.3,28.74,265.9,1203.8,0.87,6.0,8N90E
2011-11-03,2011,11,3,266.7,0.0,78.0,29.26,362.9,1182.4,0.03,0.0,8N90E
2011-11-04,2011,11,4,213.5,0.0,75.5,29.21,295.8,1118.2,0.09,0.0,8N90E
2011-11-05,2011,11,5,230.7,0.0,74.3,29.13,314.3,1091.2,0.01,0.0,8N90E
2011-11-06,2011,11,6,262.1,0.0,72.5,29.51,358.8,1173.7,0.01,0.0,8N90E
2011-11-07,2011,11,7,294.4,0.0,69.8,29.67,382.6,1025.4,0.01,0.0,8N90E
2011-11-08,2011,11,8,278.6,0.01,74.9,29.69,374.0,1129.9,0.1,1.0,8N90E
2011-11-09,2011,11,9,186.0,0.0,77.2,29.64,269.9,1059.6,0.02,0.0,8N90E
2011-11-10,2011,11,10,270.8,0.35,82.4,29.53,375.2,1126.3,1.66,6.0,8N90E
2011-11-11,2011,11,11,94.0,0.65,78.0,29.33,118.5,427.3,4.21,4.0,8N90E
2011-11-12,2011,11,12,249.9,0.0,71.2,29.84,340.1,972.5,0.01,0.0,8N90E
2011-11-13,2011,11,13,215.2,0.0,69.8,29.5,296.6,1090.7,0.02,0.0,8N90E
2011-11-14,2011,11,14,250.2,0.0,69.0,29.76,334.7,960.7,0.03,0.0,8N90E
2011-11-15,2011,11,15,137.1,0.1,79.5,29.38,237.4,1045.3,0.73,3.0,8N90E
2011-11-16,2011,11,16,269.8,0.03,76.9,29.53,360.6,1004.0,0.35,1.0,8N90E
2011-11-17,2011,11,17,253.9,0.13,79.0,29.45,349.0,1066.2,0.79,4.0,8N90E
2011-11-18,2011,11,18,223.6,0.0,77.8,29.58,312.2,1104.4,0.09,0.0,8N90E
2011-11-19,2011,11,19,259.5,-0.02,76.9,29.52,346.3,1007.1,0.03,0.0,8N90E
2011-11-20,2011,11,20,254.3,-0.02,77.6,29.5,345.8,1071.3,0.02,0.0,8N90E
2011-11-21,2011,11,21,199.7,1.22,83.8,29.37,311.6,1242.0,5.13,19.0,8N90E
2011-11-22,2011,11,22,54.7,1.35,87.1,29.15,87.6,328.4,6.28,9.0,8N90E
2011-11-23,2011,11,23,190.5,0.16,83.6,29.05,302.1,1120.7,0.77,4.0,8N90E
2011-11-24,2011,11,24,87.9,0.31,83.8,28.95,142.8,598.5,1.65,4.0,8N90E
2011-11-25,2011,11,25,112.5,0.92,88.6,28.83,187.2,721.3,3.6,11.0,8N90E
2011-11-26,2011,11,26,71.8,3.3,92.6,28.74,153.0,742.1,8.85,34.0,8N90E
2011-11-27,2011,11,27,160.4,0.0,83.2,28.82,238.4,1095.8,0.12,1.0,8N90E
2011-11-28,2011,11,28,168.7,0.13,87.3,28.77,264.9,1265.9,1.16,2.0,8N90E
2011-11-29,2011,11,29,238.6,-0.02,82.3,28.73,331.5,1096.8,0.03,0.0,8N90E
2011-11-30,2011,11,30,237.8,-0.01,77.4,28.76,335.0,1016.3,0.03,0.0,8N90E
2011-12-01,2011,12,1,23.8,0.96,77.5,28.66,35.5,150.6,1.47,32.0,8N90E
2011-12-02,2011,12,2,275.5,-0.01,73.6,28.9,365.7,1122.8,0.02,0.0,8N90E
2011-12-03,2011,12,3,212.2,0.39,78.2,28.66,286.7,1092.2,2.17,6.0,8N90E
2011-12-04,2011,12,4,268.2,0.03,78.3,28.67,351.0,982.6,0.31,1.0,8N90E
2011-12-05,2011,12,5,261.9,0.0,74.7,28.96,353.4,1037.2,0.02,0.0,8N90E
2011-12-06,2011,12,6,195.5,-0.01,74.2,28.98,299.6,1063.7,0.03,0.0,8N90E
2011-12-07,2011,12,7,269.9,0.0,74.7,29.03,358.7,975.0,0.01,0.0,8N90E
2011-12-08,2011,12,8,268.2,1.06,80.3,29.03,365.4,1238.9,5.46,6.0,8N90E
2011-12-09,2011,12,9,259.3,0.04,79.7,29.07,348.7,984.7,0.34,1.0,8N90E
2011-12-10,2011,12,10,256.6,0.06,83.1,28.97,349.6,1032.6,0.49,1.0,8N90E
2011-12-11,2011,12,11,224.3,0.25,83.6,28.87,324.8,1089.6,1.66,2.0,8N90E
2011-12-12,2011,12,12,207.2,0.13,85.9,28.75,315.6,1297.5,0.72,3.0,8N90E
2011-12-13,2011,12,13,239.9,2.41,86.1,28.68,356.0,1078.9,7.67,21.0,8N90E
2011-12-14,2011,12,14,211.5,-0.03,73.6,28.68,303.5,1074.3,0.02,0.0,8N90E
2011-12-15,2011,12,15,251.5,-0.02,72.3,28.63,345.7,1019.3,0.02,0.0,8N90E
2011-12-16,2011,12,16,229.7,0.04,79.8,28.75,312.7,1142.6,0.38,1.0,8N90E
2011-12-17,2011,12,17,122.2,0.25,89.6,28.71,162.6,1083.0,1.42,5.0,8N90E
2011-12-18,2011,12,18,37.0,1.18,90.9,28.65,58.5,241.3,2.8,20.0,8N90E
2011-12-19,2011,12,19,233.4,0.0,80.3,28.6,316.0,1120.2,0.13,1.0,8N90E
2011-12-20,2011,12,20,195.2,-0.01,75.1,28.53,289.6,1023.4,0.06,0.0,8N90E
2011-12-21,2011,12,21,166.1,-0.02,78.4,28.42,251.8,949.0,0.06,0.0,8N90E
2011-12-22,2011,12,22,157.8,0.03,83.5,28.37,212.3,794.6,0.26,2.0,8N90E
2011-12-23,2011,12,23,116.5,1.04,95.1,28.32,199.9,793.1,2.97,17.0,8N90E
2011-12-24,2011,12,24,82.1,2.03,97.3,28.22,120.1,521.5,5.62,27.0,8N90E
2011-12-25,2011,12,25,133.2,0.07,94.0,28.3,202.5,806.4,0.38,3.0,8N90E
2011-12-26,2011,12,26,92.5,0.35,93.5,28.18,140.5,575.5,1.44,8.0,8N90E
2011-12-27,2011,12,27,187.3,-0.03,84.9,28.15,263.1,944.4,0.03,0.0,8N90E
2011-12-28,2011,12,28,256.8,-0.01,76.2,28.19,341.9,926.1,0.02,0.0,8N90E
2011-12-29,2011,12,29,231.9,0.0,74.4,28.43,320.8,1053.5,0.02,0.0,8N90E
2011-12-30,2011,12,30,234.6,0.13,85.5,28.29,317.0,1014.7,0.83,2.0,8N90E
2011-12-31,2011,12,31,257.6,0.28,88.9,28.19,343.6,1001.0,2.25,1.0,8N90E
2012-01-01,2012,1,1,94.1,0.97,94.0,28.13,178.6,1041.2,4.32,12.0,8N90E
2012-01-02,2012,1,2,185.0,0.08,90.6,28.33,267.5,1099.8,0.6,2.0,8N90E
2012-01-03,2012,1,3,,0.0,91.7,28.55,,,0.11,0.0,8N90E
2012-01-04,2012,1,4,270.6,0.0,89.8,28.43,362.9,1059.1,0.1,1.0,8N90E
2012-01-05,2012,1,5,244.8,0.1,89.4,28.52,344.5,1020.3,0.65,4.0,8N90E
2012-01-06,2012,1,6,168.2,0.51,89.5,28.4,238.6,1059.6,2.05,13.0,8N90E
2012-01-07,2012,1,7,97.5,0.02,82.3,28.33,137.6,515.9,0.09,0.0,8N90E
2012-01-08,2012,1,8,217.9,-0.02,78.2,28.51,306.4,958.2,0.08,0.0,8N90E
2012-01-09,2012,1,9,,-0.06,73.3,28.47,,,0.05,0.0,8N90E
2012-01-10,2012,1,10,214.7,0.07,79.9,28.53,304.4,916.4,0.86,2.0,8N90E
2012-01-11,2012,1,11,47.6,1.13,89.8,28.4,80.4,385.0,4.77,12.0,8N90E
2012-01-12,2012,1,12,,0.0,83.0,28.38,,,0.27,0.0,8N90E
2012-01-13,2012,1,13,147.9,0.61,87.4,28.47,208.0,659.6,2.57,9.0,8N90E
2012-01-14,2012,1,14,60.2,0.0,84.8,28.56,80.1,306.5,0.14,1.0,8N90E
2012-01-15,2012,1,15,118.3,-0.04,78.5,28.45,193.8,799.7,0.07,0.0,8N90E
2012-01-16,2012,1,16,175.7,-0.03,77.2,28.45,261.9,1040.2,0.02,0.0,8N90E
2012-01-17,2012,1,17,,0.0,76.7,28.53,,,0.32,0.0,8N90E
2012-01-18,2012,1,18,245.2,-0.02,73.9,28.58,331.7,1025.4,0.02,0.0,8N90E
2012-01-19,2012,1,19,,0.0,72.7,28.65,,,0.27,0.0,8N90E
2012-01-20,2012,1,20,231.9,-0.01,69.9,28.73,316.3,1092.2,0.08,0.0,8N90E
2012-01-21,2012,1,21,239.4,-0.01,68.7,28.69,336.3,1107.5,0.11,0.0,8N90E
2012-01-22,2012,1,22,240.3,-0.02,71.9,28.69,331.8,985.2,0.08,0.0,8N90E
2012-01-23,2012,1,23,218.0,-0.04,73.5,28.66,307.9,981.1,0.21,0.0,8N90E
2012-01-24,2012,1,24,111.2,-0.02,78.2,28.63,146.5,753.4,0.17,0.0,8N90E
2012-01-25,2012,1,25,174.9,0.64,87.6,28.65,256.9,994.4,4.68,7.0,8N90E
2012-01-26,2012,1,26,206.4,0.06,80.5,28.65,309.3,1039.2,0.29,4.0,8N90E
2012-01-27,2012,1,27,234.2,-0.01,78.5,28.66,326.1,1064.2,0.16,1.0,8N90E
2012-01-28,2012,1,28,237.4,-0.01,77.8,28.64,328.8,1037.2,0.09,0.0,8N90E
2012-01-29,2012,1,29,261.6,-0.01,73.1,28.62,358.0,1089.1,0.08,0.0,8N90E
2012-01-30,2012,1,30,235.1,-0.02,72.4,28.55,330.9,1004.0,0.11,0.0,8N90E
2012-01-31,2012,1,31,260.8,-0.01,74.8,28.6,354.2,1084.5,0.1,0.0,8N90E
2012-02-01,2012,2,1,253.5,-0.01,86.7,28.6,345.2,1064.7,0.12,0.0,8N90E
2012-02-02,2012,2,2,180.7,0.08,89.1,28.48,264.0,1182.4,0.56,2.0,8N90E
2012-02-03,2012,2,3,243.7,0.58,90.3,28.45,345.6,1110.5,2.19,12.0,8N90E
2012-02-04,2012,2,4,55.5,0.72,91.0,28.44,77.5,247.9,3.33,8.0,8N90E
2012-02-05,2012,2,5,203.5,0.01,83.5,28.38,315.5,1256.8,0.13,0.0,8N90E
2012-02-06,2012,2,6,58.6,4.43,89.2,28.25,105.4,772.2,13.39,21.0,8N90E
2012-02-07,2012,2,7,249.9,0.06,83.6,28.39,344.7,1041.2,0.46,2.0,8N90E
2012-02-08,2012,2,8,252.6,-0.01,78.5,28.63,342.4,998.9,0.02,0.0,8N90E
2012-02-09,2012,2,9,274.5,-0.01,77.5,28.62,361.3,1094.2,0.05,0.0,8N90E
2012-02-10,2012,2,10,281.2,-0.01,78.6,28.6,370.7,1044.8,0.08,0.0,8N90E
2012-02-11,2012,2,11,245.2,-0.01,80.8,28.59,337.4,1048.4,0.08,0.0,8N90E
2012-02-12,2012,2,12,210.6,0.45,84.2,28.55,331.0,1046.3,2.57,5.0,8N90E
2012-02-13,2012,2,13,82.2,0.2,88.4,28.46,154.3,997.4,1.29,3.0,8N90E
2012-02-14,2012,2,14,256.0,0.05,87.2,28.52,345.2,1059.1,0.34,1.0,8N90E
2012-02-15,2012,2,15,252.2,0.0,80.2,28.54,341.6,1056.5,0.01,0.0,8N90E
2012-02-16,2012,2,16,216.7,0.0,73.9,28.4,305.1,1051.9,0.01,0.0,8N90E
2012-02-17,2012,2,17,277.5,-0.01,72.3,28.66,361.1,1026.0,0.06,0.0,8N90E
2012-02-18,2012,2,18,250.3,0.0,75.4,28.63,329.8,992.8,0.01,0.0,8N90E
2012-02-19,2012,2,19,221.1,-0.01,79.6,28.64,324.0,994.4,0.08,0.0,8N90E
2012-02-20,2012,2,20,279.2,-0.02,73.0,28.51,365.2,1061.1,0.21,0.0,8N90E
2012-02-21,2012,2,21,275.4,-0.05,71.3,28.51,368.4,1008.6,0.21,0.0,8N90E
2012-02-22,2012,2,22,250.5,-0.03,75.3,28.43,331.5,1046.8,0.03,0.0,8N90E
2012-02-23,2012,2,23,247.9,-0.03,75.8,28.44,336.0,1109.0,0.05,0.0,8N90E
2012-02-24,2012,2,24,268.8,-0.02,75.2,28.37,367.3,1064.2,0.03,0.0,8N90E
2012-02-25,2012,2,25,149.8,-0.02,85.1,28.34,224.8,824.2,0.06,0.0,8N90E
2012-02-26,2012,2,26,263.4,0.0,88.6,28.52,354.4,1034.1,0.02,0.0,8N90E
2012-02-27,2012,2,27,282.4,0.18,89.8,28.63,371.8,1035.1,1.48,3.0,8N90E
2012-02-28,2012,2,28,263.6,0.0,87.8,28.93,351.1,1176.2,0.01,0.0,8N90E
2012-02-29,2012,2,29,139.9,0.0,81.4,28.75,192.4,1150.8,0.01,0.0,8N90E
2012-03-01,2012,3,1,311.8,0.0,79.8,28.9,404.2,1098.3,0.01,0.0,8N90E
2012-03-02,2012,3,2,291.7,-0.01,78.6,29.0,385.2,1149.2,0.07,0.0,8N90E
2012-03-03,2012,3,3,307.6,-0.01,71.9,29.13,394.6,1060.1,0.05,0.0,8N90E
2012-03-04,2012,3,4,270.4,-0.02,73.9,29.01,370.8,1196.6,0.11,0.0,8N90E
2012-03-05,2012,3,5,265.4,-0.02,73.4,28.9,375.7,1172.2,0.1,0.0,8N90E
2012-03-06,2012,3,6,184.2,-0.02,71.0,28.74,252.8,888.4,0.17,0.0,8N90E
2012-03-07,2012,3,7,251.2,-0.01,61.4,28.86,347.7,1122.2,0.09,0.0,8N90E
2012-03-08,2012,3,8,235.0,-0.01,60.1,28.82,337.2,1123.3,0.08,0.0,8N90E
2012-03-09,2012,3,9,301.9,-0.01,63.6,28.89,393.1,1113.1,0.04,0.0,8N90E
2012-03-10,2012,3,10,182.3,1.06,84.4,28.93,281.2,1162.5,2.77,20.0,8N90E
2012-03-11,2012,3,11,271.7,0.0,74.9,29.05,363.8,1037.7,0.03,0.0,8N90E
2012-03-12,2012,3,12,251.0,-0.01,74.8,28.92,337.4,1046.3,0.13,0.0,8N90E
2012-03-13,2012,3,13,299.0,-0.02,83.4,29.0,389.3,1250.6,0.16,0.0,8N90E
2012-03-14,2012,3,14,288.5,-0.02,85.1,29.15,383.7,1227.7,0.13,0.0,8N90E
2012-03-15,2012,3,15,272.9,-0.02,84.8,29.08,361.3,1103.9,0.15,0.0,8N90E
2012-03-16,2012,3,16,297.8,-0.01,81.3,29.08,387.9,1098.3,0.12,0.0,8N90E
2012-03-17,2012,3,17,292.0,0.0,75.9,29.36,376.9,1058.0,0.02,0.0,8N90E
2012-03-18,2012,3,18,305.0,0.0,74.0,29.44,392.2,1120.7,0.03,0.0,8N90E
2012-03-19,2012,3,19,307.6,-0.01,70.3,29.7,395.1,1081.0,0.04,0.0,8N90E
2012-03-20,2012,3,20,300.1,0.0,68.4,29.82,388.7,1068.2,0.03,0.0,8N90E
2012-03-21,2012,3,21,307.6,-0.02,65.8,29.85,397.2,1093.2,0.05,0.0,8N90E
2012-03-22,2012,3,22,297.3,0.0,67.6,29.73,390.9,1082.5,0.02,0.0,8N90E
2012-03-23,2012,3,23,295.1,-0.01,63.4,29.62,388.8,1064.2,0.15,0.0,8N90E
2012-03-24,2012,3,24,292.4,-0.02,61.8,29.63,380.5,1044.8,0.16,0.0,8N90E
2012-03-25,2012,3,25,308.2,-0.01,64.4,29.68,394.8,1082.0,0.14,0.0,8N90E
2012-03-26,2012,3,26,289.4,0.0,72.3,29.8,369.0,1128.4,0.01,0.0,8N90E
2012-03-27,2012,3,27,271.0,-0.01,75.7,29.69,355.1,1097.8,0.14,0.0,8N90E
2012-03-28,2012,3,28,268.3,0.0,77.8,29.56,365.7,1162.5,0.02,0.0,8N90E
2012-03-29,2012,3,29,129.1,-0.03,77.3,29.5,162.8,508.3,0.11,0.0,8N90E
2012-03-30,2012,3,30,252.2,0.0,77.3,29.63,345.8,1145.7,0.01,0.0,8N90E
2012-03-31,2012,3,31,260.5,-0.01,74.0,29.84,349.0,1151.8,0.04,0.0,8N90E
2012-04-01,2012,4,1,279.5,-0.01,76.9,29.74,378.8,1052.4,0.05,0.0,8N90E
2012-04-02,2012,4,2,240.2,0.1,77.6,29.97,349.5,1221.6,0.92,1.0,8N90E
2012-04-03,2012,4,3,289.9,0.0,71.0,30.27,380.0,1033.6,0.05,0.0,8N90E
2012-04-04,2012,4,4,279.0,0.0,74.5,30.38,370.5,1126.3,0.02,0.0,8N90E
2012-04-05,2012,4,5,287.4,0.26,75.6,30.39,378.8,1146.2,2.05,3.0,8N90E
2012-04-06,2012,4,6,296.5,0.01,77.4,30.44,392.4,1165.5,0.08,0.0,8N90E
2012-04-07,2012,4,7,276.4,0.0,75.4,30.46,372.3,1140.1,0.02,0.0,8N90E
2012-04-08,2012,4,8,292.9,0.0,76.9,30.59,395.2,1085.6,0.02,0.0,8N90E
2012-04-09,2012,4,9,303.0,0.01,75.7,30.55,387.6,1157.9,0.07,0.0,8N90E
2012-04-10,2012,4,10,287.0,0.01,75.9,30.56,388.4,1128.4,0.09,0.0,8N90E
2012-04-11,2012,4,11,248.6,0.0,76.1,30.63,341.5,1162.5,0.07,0.0,8N90E
2012-04-12,2012,4,12,295.4,0.04,78.1,30.51,390.5,1186.4,0.18,1.0,8N90E
2012-04-13,2012,4,13,187.6,0.1,80.8,30.35,296.5,1178.3,0.94,1.0,8N90E
2012-04-14,2012,4,14,245.8,0.0,80.0,30.35,342.4,1208.9,0.05,0.0,8N90E
2012-04-15,2012,4,15,262.2,0.0,78.0,30.55,345.0,1109.5,0.03,0.0,8N90E
2012-04-16,2012,4,16,215.3,1.68,80.9,30.69,321.5,1134.5,5.92,11.0,8N90E
2012-04-17,2012,4,17,57.3,0.67,84.2,30.28,76.4,313.1,3.08,6.0,8N90E
2012-04-18,2012,4,18,226.2,2.19,85.7,30.51,369.3,1354.6,9.87,11.0,8N90E
2012-04-19,2012,4,19,268.2,0.56,82.2,30.76,374.1,1222.1,2.69,5.0,8N90E
2012-04-20,2012,4,20,213.3,0.0,79.9,30.41,324.3,1286.8,0.04,0.0,8N90E
2012-04-21,2012,4,21,263.3,-0.01,79.4,30.37,361.4,1361.2,0.11,1.0,8N90E
2012-04-22,2012,4,22,262.2,-0.02,82.0,30.08,381.6,1215.5,0.03,0.0,8N90E
2012-04-23,2012,4,23,220.3,0.14,83.4,30.07,311.0,1337.8,0.98,2.0,8N90E
2012-04-24,2012,4,24,161.0,0.28,85.7,29.9,275.3,1334.2,1.57,5.0,8N90E
2012-04-25,2012,4,25,296.4,-0.01,79.0,30.11,374.2,1067.2,0.07,0.0,8N90E
2012-04-26,2012,4,26,315.3,0.0,79.2,30.31,390.7,1041.7,0.02,0.0,8N90E
2012-04-27,2012,4,27,307.3,0.0,79.7,30.43,389.1,1049.4,0.03,0.0,8N90E
2012-04-28,2012,4,28,284.8,0.01,82.2,30.47,371.9,1093.7,0.04,0.0,8N90E
2012-04-29,2012,4,29,117.3,-0.02,82.9,30.12,148.7,467.5,0.18,0.0,8N90E
2012-04-30,2012,4,30,240.7,0.17,84.6,30.04,343.0,1251.7,0.82,4.0,8N90E
2012-05-01,2012,5,1,28.3,0.32,86.2,29.8,42.1,165.4,1.77,3.0,8N90E
2012-05-02,2012,5,2,82.1,0.1,83.6,29.84,100.4,424.2,0.58,2.0,8N90E
2012-05-03,2012,5,3,238.0,0.61,82.7,29.9,344.4,1238.4,2.2,10.0,8N90E
2012-05-04,2012,5,4,200.2,0.16,82.2,29.8,289.2,1019.3,1.57,1.0,8N90E
2012-05-05,2012,5,5,198.8,-0.03,79.1,29.73,288.3,958.2,0.02,0.0,8N90E
2012-05-06,2012,5,6,281.3,-0.02,80.5,29.81,367.2,1104.9,0.06,0.0,8N90E
2012-05-07,2012,5,7,251.9,-0.02,81.1,29.94,328.0,1107.0,0.04,0.0,8N90E
2012-05-08,2012,5,8,277.6,-0.01,79.9,29.88,357.0,1038.2,0.01,0.0,8N90E
2012-05-09,2012,5,9,266.1,0.0,80.5,29.89,362.2,1078.9,0.15,1.0,8N90E
2012-05-10,2012,5,10,256.9,-0.01,76.5,29.97,337.5,1069.3,0.07,0.0,8N90E
2012-05-11,2012,5,11,277.6,-0.01,78.6,30.06,357.5,1193.6,0.01,0.0,8N90E
2012-05-12,2012,5,12,250.8,0.24,78.1,29.98,341.4,1201.2,1.6,4.0,8N90E
2012-05-14,2012,5,14,296.3,0.0,78.2,29.98,378.1,1085.0,7.36,18.0,8N90E
2012-05-15,2012,5,15,255.3,0.35,81.6,30.05,340.6,996.4,4.58,11.0,8N90E
2012-05-16,2012,5,16,279.3,0.0,79.3,30.08,371.6,1133.5,8.64,0.0,8N90E
2012-05-17,2012,5,17,301.8,0.0,77.4,30.03,380.1,1061.9,4.87,0.0,8N90E
2012-05-18,2012,5,18,254.3,0.0,79.7,30.02,347.1,1033.4,3.54,1.0,8N90E
2012-05-19,2012,5,19,184.3,0.0,81.6,29.98,252.5,908.4,5.62,2.0,8N90E
2012-05-20,2012,5,20,271.8,0.0,79.7,30.01,360.1,1060.4,4.41,3.0,8N90E
2012-05-21,2012,5,21,222.8,0.0,82.0,29.95,300.5,978.4,5.57,10.0,8N90E
2012-05-22,2012,5,22,186.3,0.0,81.6,29.89,266.5,944.4,7.48,17.0,8N90E
2012-05-23,2012,5,23,152.3,0.0,81.2,29.84,202.0,763.9,12.52,21.0,8N90E
2012-05-24,2012,5,24,135.3,0.0,82.0,29.74,181.5,604.9,2.78,18.0,8N90E
2012-05-25,2012,5,25,14.3,1.33,89.2,29.5,21.0,97.3,0.0,42.0,8N90E
2012-05-26,2012,5,26,116.8,0.35,81.6,29.41,166.0,846.9,3.65,13.0,8N90E
2012-05-27,2012,5,27,244.3,0.0,80.4,29.34,331.6,1068.4,2.15,11.0,8N90E
2012-05-28,2012,5,28,232.8,,81.2,29.32,315.6,1036.4,1.91,12.0,8N90E
2012-05-29,2012,5,29,252.3,,82.3,29.33,336.6,991.9,1.62,3.0,8N90E
2012-05-30,2012,5,30,247.8,,80.8,29.23,335.6,1023.9,1.33,3.0,8N90E
2012-05-31,2012,5,31,191.8,,82.0,29.17,249.5,833.4,2.49,4.0,8N90E
2012-06-01,2012,6,1,190.8,,83.1,29.14,245.5,866.4,1.68,3.0,8N90E
2012-06-02,2012,6,2,245.8,,82.3,29.09,320.6,994.9,3.07,3.0,8N90E
2012-06-03,2012,6,3,249.8,,82.3,29.07,335.1,1035.9,3.65,2.0,8N90E
2012-06-04,2012,6,4,244.3,0.0,81.6,29.07,326.1,1006.9,3.3,2.0,8N90E
2012-06-05,2012,6,5,219.3,,81.2,29.04,278.0,826.4,1.33,2.0,8N90E
2012-06-06,2012,6,6,181.3,,82.7,29.02,241.0,938.9,1.28,2.0,8N90E
2012-06-07,2012,6,7,229.3,,83.9,29.03,301.0,1041.9,0.58,1.0,8N90E
2012-06-08,2012,6,8,257.3,,84.6,29.03,330.6,1016.4,1.39,2.0,8N90E
2012-06-09,2012,6,9,185.3,,84.6,28.97,242.5,846.9,1.28,3.0,8N90E
2012-06-10,2012,6,10,117.3,,83.9,28.91,152.0,553.4,1.97,5.0,8N90E
2012-06-11,2012,6,11,217.3,,81.6,28.88,312.6,1037.9,1.1,4.0,8N90E
2012-06-12,2012,6,12,214.8,,81.2,28.84,297.0,1015.4,0.99,2.0,8N90E
2012-06-13,2012,6,13,273.3,0.0,79.7,28.81,350.1,978.9,0.87,6.0,8N90E
2012-06-14,2012,6,14,270.3,0.0,80.4,28.83,345.1,1049.4,1.8,7.0,8N90E
2012-06-15,2012,6,15,257.3,0.06,82.3,28.86,346.6,1146.0,2.09,11.0,8N90E
2012-06-16,2012,6,16,264.3,0.0,82.0,28.87,347.1,1059.9,1.91,12.0,8N90E
2012-06-17,2012,6,17,201.8,0.0,80.8,28.78,257.5,773.9,1.1,3.0,8N90E
2012-06-18,2012,6,18,153.3,,82.0,28.74,202.0,772.4,1.68,7.0,8N90E
2012-06-19,2012,6,19,258.3,0.0,82.7,28.72,342.6,1116.0,2.9,4.0,8N90E
2012-06-20,2012,6,20,249.8,,82.7,28.77,323.6,1090.0,1.45,8.0,8N90E
2012-06-21,2012,6,21,268.8,0.0,82.3,28.59,344.6,1062.9,0.87,7.0,8N90E
2012-06-22,2012,6,22,285.8,0.0,81.6,28.76,362.6,1094.0,1.57,16.0,8N90E
2012-06-23,2012,6,23,273.8,0.29,83.5,28.82,366.1,1081.0,2.9,18.0,8N90E
2012-06-24,2012,6,24,286.3,0.06,85.0,28.7,369.6,1184.0,1.33,4.0,8N90E
2012-06-25,2012,6,25,213.8,0.46,86.1,28.71,333.1,1140.0,39.6,12.0,8N90E
2012-06-26,2012,6,26,262.8,0.23,84.2,28.47,360.6,1100.5,5.51,11.0,8N90E
2012-06-27,2012,6,27,265.3,0.0,84.2,28.49,348.1,1046.4,5.57,5.0,8N90E
2012-06-28,2012,6,28,255.3,,84.2,28.72,338.6,1050.9,,,8N90E
2012-06-29,2012,6,29,237.8,,85.4,28.84,307.0,1076.5,,,8N90E
2012-06-30,2012,6,30,259.8,,83.9,28.86,328.6,993.4,,,8N90E
2012-07-01,2012,7,1,220.8,,84.2,28.29,299.5,949.9,,,8N90E
2012-07-02,2012,7,2,204.8,,85.0,28.23,262.5,808.4,,,8N90E
2012-07-03,2012,7,3,288.8,,82.7,28.28,365.6,1020.4,,,8N90E
2012-07-04,2012,7,4,279.3,,83.9,28.37,357.1,1006.4,,,8N90E
2012-07-05,2012,7,5,267.8,,84.6,28.46,340.1,1001.9,,,8N90E
2012-07-06,2012,7,6,204.3,,83.5,28.41,249.0,935.9,,,8N90E
2012-07-07,2012,7,7,231.8,,84.2,28.39,310.1,998.9,,,8N90E
2012-07-08,2012,7,8,267.8,,82.3,28.42,353.6,1100.5,,,8N90E
2012-07-09,2012,7,9,193.3,,85.4,28.52,264.0,1061.9,,,8N90E
2012-07-10,2012,7,10,105.8,,85.0,28.58,173.5,977.9,,,8N90E
2012-07-11,2012,7,11,186.3,,86.1,28.65,239.0,1066.4,,,8N90E
2012-07-12,2012,7,12,170.3,,85.4,28.68,220.0,892.9,,,8N90E
2012-07-13,2012,7,13,129.8,,86.5,28.71,187.5,702.4,,,8N90E
2012-07-14,2012,7,14,179.8,,88.4,28.73,236.5,772.4,,,8N90E
2012-07-15,2012,7,15,184.3,,85.4,28.7,246.0,913.9,,,8N90E
2012-07-16,2012,7,16,276.3,,83.5,28.75,354.1,1093.5,,,8N90E
2012-07-17,2012,7,17,279.3,,82.3,28.76,363.1,1029.9,,,8N90E
2012-07-18,2012,7,18,198.3,,82.7,28.62,255.0,801.9,,,8N90E
2012-07-19,2012,7,19,206.3,,83.9,28.67,280.5,997.9,,,8N90E
2012-07-20,2012,7,20,281.8,,81.6,28.66,364.6,1086.5,,,8N90E
2012-07-21,2012,7,21,276.8,,83.1,28.6,356.6,1072.9,,,8N90E
2012-07-22,2012,7,22,277.3,,83.5,28.6,360.6,1104.0,,,8N90E
2012-07-23,2012,7,23,285.8,,82.3,28.61,367.6,1047.4,,,8N90E
2012-07-24,2012,7,24,211.8,,82.0,28.54,271.5,846.4,,,8N90E
2012-07-25,2012,7,25,190.8,,85.0,28.55,275.5,1091.5,,,8N90E
2012-07-26,2012,7,26,250.8,,85.4,28.61,329.6,1114.5,,,8N90E
2012-07-27,2012,7,27,151.3,,83.9,28.58,198.5,1058.9,,,8N90E
2012-07-28,2012,7,28,243.8,,82.3,28.61,330.6,1077.0,,,8N90E
2012-07-29,2012,7,29,277.8,,82.3,28.66,367.1,1214.5,,,8N90E
2012-07-30,2012,7,30,244.3,,82.7,28.72,321.1,1064.4,,,8N90E
2012-07-31,2012,7,31,258.3,,83.1,28.76,350.6,1126.5,,,8N90E
2012-08-01,2012,8,1,263.3,,82.0,28.76,354.1,1128.5,,,8N90E
2012-08-02,2012,8,2,232.3,,80.8,28.74,304.0,1018.9,,,8N90E
2012-08-03,2012,8,3,297.3,,80.4,28.76,378.1,1166.5,,,8N90E
2012-08-04,2012,8,4,281.8,,81.6,28.76,367.6,1112.5,,,8N90E
2012-08-05,2012,8,5,268.8,,82.0,28.74,361.6,1084.5,,,8N90E
2012-08-06,2012,8,6,278.3,,83.1,28.77,368.1,1067.9,,,8N90E
2012-08-07,2012,8,7,262.8,,82.3,28.79,356.6,1170.5,,,8N90E
2012-08-08,2012,8,8,279.8,,79.7,28.82,370.6,1256.0,,,8N90E
2012-08-09,2012,8,9,288.3,,80.4,28.8,367.6,1109.0,,,8N90E
2012-08-10,2012,8,10,294.3,,81.6,28.81,371.6,1072.4,,,8N90E
2012-08-11,2012,8,11,244.3,,81.6,28.79,318.1,1035.9,,,8N90E
2012-08-12,2012,8,12,255.8,,82.0,28.82,339.1,1215.5,,,8N90E
2012-08-13,2012,8,13,293.3,,80.1,28.89,380.1,1086.5,,,8N90E
2012-08-14,2012,8,14,300.8,,81.2,28.94,383.6,1098.0,,,8N90E
2012-08-15,2012,8,15,306.8,,81.6,28.93,387.6,1053.4,,,8N90E
2012-08-16,2012,8,16,243.3,,82.0,28.85,315.1,1194.5,,,8N90E
2012-08-17,2012,8,17,258.8,,82.7,28.82,350.6,1081.5,,,8N90E
2012-08-18,2012,8,18,296.8,,83.9,28.78,381.6,1201.0,,,8N90E
2012-08-19,2012,8,19,273.3,,84.2,28.78,368.6,1164.5,,,8N90E
2012-08-20,2012,8,20,141.3,,85.4,28.72,206.0,945.9,,,8N90E
2012-08-21,2012,8,21,85.3,,83.1,28.59,126.0,566.4,,,8N90E
2012-08-22,2012,8,22,246.8,,82.0,28.76,322.6,1174.5,,,8N90E
2012-08-23,2012,8,23,126.8,,83.1,28.73,149.5,528.4,,,8N90E
2012-08-24,2012,8,24,131.3,,84.6,28.68,168.5,523.4,,,8N90E
2012-08-25,2012,8,25,257.3,,83.5,28.64,365.6,,,,8N90E
2012-08-26,2012,8,26,209.8,,82.3,28.57,278.5,1062.9,,,8N90E
2012-08-27,2012,8,27,212.3,,83.5,28.48,289.5,1130.0,,,8N90E
2012-08-28,2012,8,28,90.3,,82.3,28.46,133.5,847.4,,,8N90E
2012-08-29,2012,8,29,74.8,,83.1,28.42,116.5,421.4,,,8N90E
2012-08-30,2012,8,30,170.3,,83.9,28.38,304.0,1212.0,,,8N90E
2012-08-31,2012,8,31,217.3,,85.0,28.38,303.5,1152.0,,,8N90E
2012-09-01,2012,9,1,223.3,,84.2,28.37,286.5,969.9,,,8N90E
2012-09-02,2012,9,2,264.8,,83.5,28.39,347.6,1065.4,,,8N90E
2012-09-03,2012,9,3,207.3,,84.6,28.35,263.5,981.9,,,8N90E
2012-09-04,2012,9,4,272.3,,84.2,28.47,371.1,1144.5,,,8N90E
2012-09-05,2012,9,5,267.3,,83.5,28.59,368.1,1257.5,,,8N90E
2012-09-06,2012,9,6,258.8,,82.3,28.62,341.6,1159.0,,,8N90E
2012-09-07,2012,9,7,59.3,,85.8,28.5,73.5,242.8,,,8N90E
2012-09-08,2012,9,8,149.3,,86.5,28.41,206.0,900.9,,,8N90E
2012-09-09,2012,9,9,233.3,,85.0,28.47,320.1,1208.0,,,8N90E
2012-09-10,2012,9,10,247.3,,85.0,28.55,323.1,1207.5,,,8N90E
2012-09-11,2012,9,11,281.8,,86.1,28.6,380.6,1221.5,,,8N90E
2012-09-12,2012,9,12,163.8,,87.3,28.56,259.0,1055.9,,,8N90E
2012-09-13,2012,9,13,129.8,,85.0,28.51,180.5,720.9,,,8N90E
2012-09-14,2012,9,14,266.3,,82.7,28.57,367.1,1166.0,,,8N90E
2012-09-15,2012,9,15,259.3,,82.0,28.46,359.1,1163.5,,,8N90E
2012-09-16,2012,9,16,67.3,,86.5,28.38,170.0,1391.5,,,8N90E
2012-09-17,2012,9,17,200.8,,85.0,28.45,303.0,1132.5,,,8N90E
2012-09-18,2012,9,18,175.3,,85.4,28.49,276.5,1131.0,,,8N90E
2012-09-19,2012,9,19,64.3,,83.1,28.45,86.0,291.3,,,8N90E
2012-09-20,2012,9,20,253.8,,82.0,28.53,348.1,1223.0,,,8N90E
2012-09-21,2012,9,21,287.3,,81.2,28.69,380.6,1099.5,,,8N90E
2012-09-22,2012,9,22,248.3,,82.7,28.77,367.1,1145.0,,,8N90E
2012-09-23,2012,9,23,257.3,,82.7,28.72,367.6,1214.0,,,8N90E
2012-09-24,2012,9,24,261.8,,82.7,28.69,352.6,1142.5,,,8N90E
2012-09-25,2012,9,25,221.8,,82.7,28.59,319.6,1154.0,,,8N90E
2012-09-26,2012,9,26,206.3,,86.5,28.49,321.1,1092.0,,,8N90E
2012-09-27,2012,9,27,82.3,,85.4,28.38,167.5,878.9,,,8N90E
2012-09-28,2012,9,28,73.3,,84.6,28.4,137.5,832.4,,,8N90E
2012-09-29,2012,9,29,247.3,,82.7,28.45,353.6,1193.0,,,8N90E
2012-09-30,2012,9,30,240.8,,83.1,28.46,320.6,1307.5,,,8N90E
2012-10-01,2012,10,1,304.3,,84.2,28.49,393.1,1137.5,,,8N90E
2012-10-02,2012,10,2,266.8,,83.1,28.54,367.1,1139.5,,,8N90E
2012-10-03,2012,10,3,284.3,,81.6,28.67,384.6,1135.0,,,8N90E
2012-10-04,2012,10,4,300.3,,81.2,28.76,390.6,1119.0,,,8N90E
2012-10-05,2012,10,5,270.3,,81.2,28.7,368.1,1102.5,,,8N90E
2012-10-06,2012,10,6,280.3,,82.0,28.81,380.1,1165.5,,,8N90E
2012-10-07,2012,10,7,279.8,,81.6,28.85,372.6,1141.5,,,8N90E
2012-10-08,2012,10,8,173.8,,85.4,28.86,242.0,1042.9,,,8N90E
2012-10-09,2012,10,9,231.3,,82.7,28.93,335.6,,,,8N90E
2012-10-10,2012,10,10,218.8,,83.9,28.71,306.5,1268.0,,,8N90E
2012-10-11,2012,10,11,261.3,,82.0,28.94,380.1,1113.5,,,8N90E
2012-10-12,2012,10,12,270.8,,77.4,29.08,369.1,1028.4,,,8N90E
2012-10-13,2012,10,13,243.8,,75.5,29.19,316.6,1017.4,,,8N90E
2012-10-14,2012,10,14,204.8,,79.7,29.21,276.0,1166.0,,,8N90E
2012-10-15,2012,10,15,215.3,,83.5,29.02,323.1,1229.5,,,8N90E
2012-10-16,2012,10,16,140.8,,84.6,28.92,219.0,987.9,,,8N90E
2012-10-17,2012,10,17,220.3,,82.0,28.95,299.0,975.4,,,8N90E
2012-10-18,2012,10,18,279.8,,80.8,29.15,370.1,1125.0,,,8N90E
2012-10-19,2012,10,19,286.3,,80.4,29.27,380.1,1276.0,,,8N90E
2012-10-20,2012,10,20,233.3,,80.1,29.25,328.1,1268.0,,,8N90E
2012-10-21,2012,10,21,214.8,,80.8,29.11,304.0,1221.5,,,8N90E
2012-10-22,2012,10,22,170.3,,83.9,29.12,286.5,1173.0,,,8N90E
2012-10-23,2012,10,23,276.3,,80.1,29.26,362.1,1125.0,,,8N90E
2012-10-24,2012,10,24,265.8,,77.8,29.65,359.6,1088.0,,,8N90E
2012-10-25,2012,10,25,278.3,,78.6,29.36,374.1,1112.0,,,8N90E
2012-10-26,2012,10,26,190.8,,81.6,29.33,286.5,1121.5,,,8N90E
2012-10-27,2012,10,27,113.3,,86.9,29.23,152.5,557.4,,,8N90E
2012-10-28,2012,10,28,120.8,,86.5,29.24,191.0,971.9,,,8N90E
2012-10-29,2012,10,29,246.3,,83.5,28.94,330.1,1162.0,,,8N90E
2012-10-30,2012,10,30,185.3,,82.7,28.96,287.0,1035.9,,,8N90E
2012-10-31,2012,10,31,201.8,,81.6,28.91,279.0,1335.0,,,8N90E
2012-11-01,2012,11,1,273.3,,80.4,29.03,358.6,1203.0,,,8N90E
2012-11-02,2012,11,2,169.8,,82.0,28.93,293.0,1195.0,,,8N90E
2012-11-03,2012,11,3,204.3,,78.9,29.25,304.5,1203.5,,,8N90E
2012-11-04,2012,11,4,252.3,,80.4,29.25,367.1,1030.4,,,8N90E
2012-11-05,2012,11,5,263.3,,79.3,29.48,367.1,1108.0,,,8N90E
2012-11-06,2012,11,6,269.3,,80.4,29.15,367.1,1181.0,,,8N90E
2012-11-07,2012,11,7,275.8,,80.1,29.47,364.1,1056.4,,,8N90E
2012-11-08,2012,11,8,194.8,,81.2,29.24,270.5,1141.5,,,8N90E
2012-11-09,2012,11,9,208.3,,78.6,29.49,294.0,1102.5,,,8N90E
2012-11-10,2012,11,10,218.3,,79.3,29.42,317.6,1107.5,,,8N90E
2012-11-11,2012,11,11,145.3,,79.7,29.31,235.5,1131.0,,,8N90E
2012-11-12,2012,11,12,179.8,,82.7,29.28,248.5,990.4,,,8N90E
2012-11-13,2012,11,13,76.3,,86.5,29.19,123.0,447.9,,,8N90E
2012-11-14,2012,11,14,134.3,,85.8,28.99,191.0,791.9,,,8N90E
2012-11-15,2012,11,15,108.3,,84.6,28.99,193.5,1179.0,,,8N90E
2012-11-16,2012,11,16,134.8,,83.1,29.09,205.5,865.9,,,8N90E
2012-11-17,2012,11,17,210.3,,78.6,29.2,291.0,1034.9,,,8N90E
2012-11-18,2012,11,18,241.8,,76.3,29.29,321.6,912.9,,,8N90E
2012-11-19,2012,11,19,268.3,,72.5,29.31,352.6,946.4,,,8N90E
2012-11-20,2012,11,20,263.8,,69.8,29.71,344.1,938.9,,,8N90E
2012-11-21,2012,11,21,225.3,,74.8,29.54,311.1,964.4,,,8N90E
2012-11-22,2012,11,22,240.8,,79.3,29.42,319.1,1093.0,,,8N90E
2012-11-23,2012,11,23,251.3,,80.8,29.38,354.1,1137.5,,,8N90E
2012-11-24,2012,11,24,219.3,,81.6,29.35,299.0,1219.5,,,8N90E
2012-11-25,2012,11,25,107.8,,83.1,29.21,179.0,1071.4,,,8N90E
2012-11-26,2012,11,26,165.3,,81.2,29.26,246.0,1273.0,,,8N90E
2012-11-27,2012,11,27,201.3,,82.0,29.23,288.5,1155.0,,,8N90E
2012-11-28,2012,11,28,47.8,,83.5,29.13,99.0,1069.4,,,8N90E
2012-11-29,2012,11,29,28.8,,86.5,29.05,46.0,231.8,,,8N90E
2012-11-30,2012,11,30,73.3,,74.0,28.97,108.5,398.4,,,8N90E
2012-12-01,2012,12,1,183.3,,69.4,29.13,274.5,1170.0,,,8N90E
2012-12-02,2012,12,2,243.8,,67.9,29.29,331.1,944.4,,,8N90E
2012-12-03,2012,12,3,250.8,,71.7,29.47,333.1,953.9,,,8N90E
2012-12-04,2012,12,4,251.8,,78.6,29.23,345.6,964.9,,,8N90E
2012-12-05,2012,12,5,210.3,,78.6,29.12,302.5,1049.9,,,8N90E
2012-12-06,2012,12,6,252.8,,77.8,29.02,332.6,959.9,,,8N90E
2012-12-07,2012,12,7,228.3,,76.7,28.98,309.1,1133.0,,,8N90E
2012-12-08,2012,12,8,231.8,,72.9,28.88,315.6,1064.4,,,8N90E
2012-12-09,2012,12,9,217.8,,69.4,28.9,312.6,1092.5,,,8N90E
2012-12-10,2012,12,10,231.3,,68.7,28.71,311.6,1038.4,,,8N90E
2012-12-11,2012,12,11,211.3,,71.0,28.72,298.0,979.4,,,8N90E
2012-12-12,2012,12,12,240.8,,73.2,28.67,334.1,1044.4,,,8N90E
2012-12-13,2012,12,13,198.8,,78.9,28.69,289.5,1106.0,,,8N90E
2012-12-14,2012,12,14,168.3,,80.1,28.63,253.0,1247.5,,,8N90E
2012-12-15,2012,12,15,98.8,,86.1,28.64,208.5,1014.4,,,8N90E
2012-12-16,2012,12,16,187.3,,82.0,28.72,267.5,1037.9,,,8N90E
2012-12-17,2012,12,17,164.3,,83.9,28.74,280.5,1084.5,,,8N90E
2012-12-18,2012,12,18,46.8,,86.5,28.63,69.5,336.8,,,8N90E
2012-12-19,2012,12,19,188.8,,82.3,28.63,278.5,1060.4,,,8N90E
2012-12-20,2012,12,20,64.3,,87.3,28.59,104.5,809.9,,,8N90E
2012-12-21,2012,12,21,233.8,,82.7,28.62,325.6,1005.9,,,8N90E
2012-12-22,2012,12,22,27.8,,89.9,28.63,54.0,253.3,,,8N90E
2012-12-23,2012,12,23,58.3,,89.2,28.61,97.0,455.4,,,8N90E
2012-12-24,2012,12,24,178.8,,84.2,28.67,284.5,1117.0,,,8N90E
2012-12-25,2012,12,25,101.8,,85.0,28.67,145.5,565.4,,,8N90E
2012-12-26,2012,12,26,70.8,,86.9,28.59,131.0,634.9,,,8N90E
2012-12-27,2012,12,27,55.8,,89.9,28.58,94.0,400.4,,,8N90E
2012-12-28,2012,12,28,213.8,,83.9,28.68,317.1,1027.9,,,8N90E
2012-12-29,2012,12,29,200.3,,81.2,28.71,271.5,972.4,,,8N90E
2012-12-30,2012,12,30,191.8,,80.4,28.7,267.0,942.4,,,8N90E
2012-12-31,2012,12,31,49.8,,80.1,28.62,86.5,655.9,,,8N90E
2013-01-01,2013,1,1,167.8,,85.0,28.62,267.5,1088.0,,,8N90E
2013-01-02,2013,1,2,112.8,,92.6,28.41,221.5,1016.9,,,8N90E
2013-01-03,2013,1,3,107.3,,85.0,28.43,199.0,1063.9,,,8N90E
2013-01-04,2013,1,4,56.8,,89.2,28.49,84.5,404.4,,,8N90E
2013-01-05,2013,1,5,161.8,,85.4,28.41,275.0,1269.5,,,8N90E
2013-01-06,2013,1,6,163.3,,86.9,28.4,239.5,1123.0,,,8N90E
2013-01-07,2013,1,7,85.8,,86.9,28.39,121.5,506.4,,,8N90E
2013-01-08,2013,1,8,179.8,,84.2,28.52,258.0,1120.5,,,8N90E
2013-01-09,2013,1,9,247.3,,78.9,28.95,328.6,1094.5,,,8N90E
2013-01-10,2013,1,10,190.3,,82.3,28.7,323.6,1088.0,,,8N90E
2013-01-11,2013,1,11,194.3,,80.1,28.64,280.5,959.4,,,8N90E
2013-01-12,2013,1,12,220.3,,76.3,28.7,310.1,986.4,,,8N90E
2013-01-13,2013,1,13,162.3,,73.2,28.6,223.5,992.9,,,8N90E
2013-01-14,2013,1,14,246.3,,72.1,28.59,337.1,1022.4,,,8N90E
2013-01-15,2013,1,15,271.3,,67.9,28.59,353.6,939.4,,,8N90E
2013-01-16,2013,1,16,261.8,,68.7,28.58,348.6,1028.9,,,8N90E
2013-01-17,2013,1,17,226.8,,76.7,28.61,317.6,1050.9,,,8N90E
2013-01-18,2013,1,18,184.3,,80.1,28.57,287.0,1129.5,,,8N90E
2013-01-19,2013,1,19,245.8,,78.9,28.58,329.6,942.9,,,8N90E
2013-01-20,2013,1,20,198.8,,84.6,28.59,291.5,1119.0,,,8N90E
2013-01-21,2013,1,21,68.8,,86.9,28.51,117.0,895.4,,,8N90E
2013-01-22,2013,1,22,213.8,,84.2,28.53,298.5,985.9,,,8N90E
2013-01-23,2013,1,23,199.3,,85.4,28.48,283.0,1076.0,,,8N90E
2013-01-24,2013,1,24,185.3,,89.2,28.29,292.5,1224.5,,,8N90E
2013-01-25,2013,1,25,195.8,,87.7,28.26,295.0,1338.5,,,8N90E
2013-01-26,2013,1,26,193.8,,78.6,28.1,285.5,1062.4,,,8N90E
2013-01-27,2013,1,27,162.8,,76.3,28.0,226.0,836.4,,,8N90E
2013-01-28,2013,1,28,239.3,,82.3,28.01,320.1,1130.0,,,8N90E
2013-01-29,2013,1,29,225.8,,83.5,28.07,308.6,1123.0,,,8N90E
2013-01-30,2013,1,30,266.8,,80.8,28.17,354.1,1082.0,,,8N90E
2013-01-31,2013,1,31,256.8,,80.1,27.94,340.6,1062.9,,,8N90E
2013-02-01,2013,2,1,265.3,,81.6,27.96,350.6,986.4,,,8N90E
2013-02-02,2013,2,2,173.3,,85.8,27.93,290.0,1216.0,,,8N90E
2013-02-03,2013,2,3,231.8,,85.0,28.06,325.6,988.4,,,8N90E
2013-02-04,2013,2,4,236.8,,86.5,28.22,336.6,986.9,,,8N90E
2013-02-05,2013,2,5,244.3,,85.4,28.25,331.1,1006.4,,,8N90E
2013-02-06,2013,2,6,81.3,,83.9,28.62,148.5,758.9,,,8N90E
2013-02-07,2013,2,7,233.3,,83.9,28.89,309.1,1035.4,,,8N90E
2013-02-08,2013,2,8,88.8,,80.4,28.74,120.5,591.9,,,8N90E
2013-02-09,2013,2,9,244.8,,77.8,28.92,340.1,991.4,,,8N90E
2013-02-10,2013,2,10,69.8,,80.1,28.96,102.0,474.4,,,8N90E
2013-02-11,2013,2,11,222.3,,77.0,28.98,338.1,1112.0,,,8N90E
2013-02-12,2013,2,12,274.3,,77.4,28.94,363.1,1016.9,,,8N90E
2013-02-13,2013,2,13,277.8,,78.6,29.02,367.1,996.4,,,8N90E
2013-02-14,2013,2,14,277.8,,80.4,29.23,373.1,1056.9,,,8N90E
2013-02-15,2013,2,15,179.8,,78.2,29.02,245.0,1124.5,,,8N90E
2013-02-16,2013,2,16,266.3,,78.9,29.09,363.6,1037.9,,,8N90E
2013-02-17,2013,2,17,282.3,,77.4,29.21,374.1,1002.4,,,8N90E
2013-02-18,2013,2,18,274.8,,76.3,29.3,363.1,1081.0,,,8N90E
2013-02-19,2013,2,19,223.8,,77.4,29.3,323.1,1151.0,,,8N90E
2013-02-20,2013,2,20,248.8,,80.1,29.28,338.1,1079.0,,,8N90E
2013-02-21,2013,2,21,263.8,,75.5,29.23,356.1,1026.9,,,8N90E
2013-02-22,2013,2,22,284.8,,74.0,29.15,378.1,1077.0,,,8N90E
2013-02-23,2013,2,23,251.3,,74.8,29.17,329.1,988.9,,,8N90E
2013-02-24,2013,2,24,232.8,,79.3,29.14,329.6,1245.0,,,8N90E
2013-02-25,2013,2,25,194.3,,80.4,29.14,264.0,980.9,,,8N90E
2013-02-26,2013,2,26,195.8,,80.4,29.06,278.0,1282.0,,,8N90E
2013-02-27,2013,2,27,257.3,,78.9,29.14,368.6,1009.4,,,8N90E
2013-02-28,2013,2,28,266.8,,78.2,29.26,352.6,963.9,,,8N90E
2013-03-01,2013,3,1,258.8,,79.3,29.12,343.6,1022.9,,,8N90E
2013-03-02,2013,3,2,171.8,,85.4,28.92,292.0,1192.5,,,8N90E
2013-03-03,2013,3,3,243.8,,82.7,29.0,327.1,1197.5,,,8N90E
2013-03-04,2013,3,4,281.3,,76.3,29.07,378.1,1220.5,,,8N90E
2013-03-05,2013,3,5,300.3,,80.1,29.13,392.1,1167.5,,,8N90E
2013-03-06,2013,3,6,280.3,,80.1,29.25,370.6,1150.5,,,8N90E
2013-03-07,2013,3,7,280.3,,78.6,29.24,374.6,1054.4,,,8N90E
2013-03-08,2013,3,8,285.3,,78.9,29.37,377.6,1087.5,,,8N90E
2013-03-09,2013,3,9,262.3,,78.2,29.42,355.1,1067.9,,,8N90E
2013-03-10,2013,3,10,260.3,,78.6,29.49,369.1,1061.9,,,8N90E
2013-03-11,2013,3,11,283.3,,78.2,29.6,375.1,1111.0,,,8N90E
2013-03-12,2013,3,12,297.8,,78.6,29.68,388.1,1064.9,,,8N90E
2013-03-13,2013,3,13,254.8,,78.2,29.62,357.1,1110.0,,,8N90E
2013-03-14,2013,3,14,269.3,,74.8,29.62,367.1,1153.0,,,8N90E
2013-03-15,2013,3,15,285.3,,73.6,29.48,366.6,1050.4,,,8N90E
2013-03-16,2013,3,16,295.8,,75.1,29.49,385.6,1136.5,,,8N90E
2013-03-17,2013,3,17,293.3,,80.8,29.51,383.1,1172.5,,,8N90E
2013-03-18,2013,3,18,297.8,,79.3,29.62,390.6,1103.5,,,8N90E
2013-03-19,2013,3,19,240.8,,80.4,29.54,359.1,1179.0,,,8N90E
2013-03-20,2013,3,20,239.8,,78.6,29.51,361.1,1309.0,,,8N90E
2013-03-21,2013,3,21,286.8,,74.8,29.56,379.1,1134.5,,,8N90E
2013-03-22,2013,3,22,274.3,,74.8,29.65,361.6,1220.0,,,8N90E
2013-03-23,2013,3,23,300.8,,75.9,29.85,398.1,1070.9,,,8N90E
2013-03-24,2013,3,24,194.8,,77.4,29.66,247.0,913.9,,,8N90E
2013-03-25,2013,3,25,255.8,,78.2,29.81,363.6,1212.5,,,8N90E
2013-03-26,2013,3,26,266.8,,78.2,29.98,357.6,1244.0,,,8N90E
2013-03-27,2013,3,27,307.8,,74.4,30.15,399.1,1202.5,,,8N90E
2013-03-28,2013,3,28,300.8,,71.3,30.38,395.1,1068.4,,,8N90E
2013-03-29,2013,3,29,302.3,,67.9,30.24,391.1,1141.5,,,8N90E
2013-03-30,2013,3,30,286.8,,71.7,30.3,369.1,1102.0,,,8N90E
2013-03-31,2013,3,31,274.8,,70.6,30.38,364.1,1106.0,,,8N90E
2013-04-01,2013,4,1,262.3,,71.3,30.46,354.6,1096.0,,,8N90E
2013-04-02,2013,4,2,260.3,,74.4,30.38,357.1,1123.0,,,8N90E
2013-04-03,2013,4,3,173.8,,77.4,30.34,239.5,1058.9,,,8N90E
2013-04-04,2013,4,4,149.8,,77.0,30.3,192.0,868.9,,,8N90E
2013-04-05,2013,4,5,251.3,,78.2,30.53,339.1,1071.9,,,8N90E
2013-04-06,2013,4,6,198.8,,79.7,30.4,287.5,1211.5,,,8N90E
2013-04-07,2013,4,7,273.8,,77.8,30.62,361.1,1041.4,,,8N90E
2013-04-08,2013,4,8,199.8,,77.8,30.36,299.5,1354.5,,,8N90E
2013-04-09,2013,4,9,295.3,,72.9,30.51,383.1,1053.4,,,8N90E
2013-04-10,2013,4,10,306.8,,69.8,30.6,389.1,1078.5,,,8N90E
2013-04-11,2013,4,11,245.3,,69.1,30.53,346.6,1123.0,,,8N90E
2013-04-12,2013,4,12,289.3,,72.1,30.44,380.6,1096.5,,,8N90E
2013-04-13,2013,4,13,294.8,,74.4,30.46,381.1,1045.9,,,8N90E
2013-04-14,2013,4,14,232.3,,77.4,30.48,326.1,1288.5,,,8N90E
2013-04-15,2013,4,15,296.3,,75.5,30.84,386.6,1110.5,,,8N90E
2013-04-16,2013,4,16,295.3,,75.9,30.95,380.1,1217.5,,,8N90E
2013-04-17,2013,4,17,303.3,,74.0,31.08,383.6,1108.5,,,8N90E
2013-04-18,2013,4,18,277.3,,75.9,30.92,347.1,1141.5,,,8N90E
2013-04-19,2013,4,19,287.8,,72.1,31.28,363.6,1125.0,,,8N90E
2013-04-20,2013,4,20,294.3,,72.5,31.08,381.6,1092.0,,,8N90E
2013-04-21,2013,4,21,300.3,,71.3,31.08,393.6,1139.0,,,8N90E
2013-04-22,2013,4,22,316.8,,66.4,31.24,396.1,1054.4,,,8N90E
2013-04-23,2013,4,23,301.3,,67.2,31.41,389.6,1205.5,,,8N90E
2013-04-24,2013,4,24,306.8,,69.1,31.28,388.1,1106.5,,,8N90E
2013-04-25,2013,4,25,270.8,,73.2,31.27,360.6,1202.5,,,8N90E
2013-04-26,2013,4,26,239.8,,73.6,30.97,321.6,1031.9,,,8N90E
2013-04-27,2013,4,27,273.8,,70.2,31.25,371.6,1068.4,,,8N90E
2013-04-28,2013,4,28,297.3,,69.8,31.48,383.1,1080.0,,,8N90E
2013-04-29,2013,4,29,284.8,,71.0,31.59,369.1,1186.0,,,8N90E
2013-04-30,2013,4,30,285.8,,72.9,31.53,365.6,1038.4,,,8N90E
2013-05-01,2013,5,1,212.8,,75.5,31.17,292.5,1021.4,,,8N90E
2013-05-02,2013,5,2,210.3,,79.7,31.09,280.5,1115.5,,,8N90E
2013-05-03,2013,5,3,299.8,,75.9,31.12,388.1,1234.5,,,8N90E
2013-05-04,2013,5,4,198.3,,78.9,31.12,299.5,1123.0,,,8N90E
2013-05-05,2013,5,5,165.3,,81.2,31.01,249.5,1161.0,,,8N90E
2013-05-06,2013,5,6,193.8,,78.6,30.97,314.1,1205.0,,,8N90E
2013-05-07,2013,5,7,245.8,,77.4,31.15,363.1,1255.5,,,8N90E
2013-05-08,2013,5,8,264.3,,74.8,31.28,349.6,1127.0,,,8N90E
2013-05-09,2013,5,9,264.3,,76.3,31.09,353.1,1085.5,,,8N90E
2013-05-10,2013,5,10,65.8,,80.4,30.76,111.5,632.4,,,8N90E
2013-05-11,2013,5,11,5.3,,88.4,30.16,8.0,42.3,,,8N90E
2013-05-12,2013,5,12,145.8,,80.4,29.65,211.5,991.9,,,8N90E
2013-05-13,2013,5,13,260.3,,77.8,29.64,340.1,1106.0,,,8N90E
2013-05-14,2013,5,14,265.3,,80.8,29.76,353.1,1116.5,,,8N90E
2013-05-15,2013,5,15,266.8,,82.7,29.78,346.1,1060.4,,,8N90E
2013-05-16,2013,5,16,109.3,,83.9,29.81,199.0,859.9,,,8N90E
2013-05-17,2013,5,17,88.3,,83.5,29.84,140.0,566.4,,,8N90E
2013-05-18,2013,5,18,45.3,,83.5,29.7,64.5,201.8,,,8N90E
2013-05-19,2013,5,19,212.3,,80.8,29.72,292.5,1095.0,,,8N90E
2013-05-20,2013,5,20,212.8,,81.6,29.77,310.1,1146.5,,,8N90E
2013-05-21,2013,5,21,162.8,,79.7,29.74,211.0,819.4,,,8N90E
2013-05-22,2013,5,22,209.3,,80.1,29.73,297.0,1036.4,,,8N90E
2013-05-23,2013,5,23,204.3,,80.4,29.74,282.5,1066.4,,,8N90E
2013-05-24,2013,5,24,224.3,,79.7,29.73,297.0,1049.4,,,8N90E
2013-05-25,2013,5,25,219.8,,80.1,29.71,300.0,1044.9,,,8N90E
2013-05-26,2013,5,26,184.3,,80.8,29.67,251.0,884.4,,,8N90E
2013-05-27,2013,5,27,221.3,,81.6,29.63,297.5,1023.4,,,8N90E
2013-05-28,2013,5,28,225.3,,82.0,29.66,310.6,1014.9,,,8N90E
2013-05-29,2013,5,29,246.8,,79.3,29.69,324.1,997.4,,,8N90E
2013-05-30,2013,5,30,183.3,,80.4,29.61,243.0,941.4,,,8N90E
2013-05-31,2013,5,31,104.8,,81.2,29.52,153.0,865.9,,,8N90E
2013-06-01,2013,6,1,36.3,,83.5,29.37,65.5,348.8,,,8N90E
2013-06-02,2013,6,2,254.3,,79.7,29.36,339.1,1173.5,,,8N90E
2013-06-03,2013,6,3,222.3,,80.4,29.3,308.1,1202.0,,,8N90E
2013-06-04,2013,6,4,189.8,,81.6,29.27,256.5,940.9,,,8N90E
2013-06-05,2013,6,5,99.8,,82.3,29.24,168.5,710.9,,,8N90E
2013-06-06,2013,6,6,125.3,,82.7,29.12,184.5,1092.0,,,8N90E
2013-06-07,2013,6,7,248.8,,82.3,29.14,330.6,1092.5,,,8N90E
2013-06-08,2013,6,8,232.3,,79.7,29.11,337.1,1047.9,,,8N90E
2013-06-09,2013,6,9,239.8,,80.1,29.05,322.1,1109.0,,,8N90E
2013-06-10,2013,6,10,269.8,,83.1,29.19,349.6,1081.0,,,8N90E
2013-06-11,2013,6,11,155.3,,83.5,29.17,190.0,602.4,,,8N90E
2013-06-12,2013,6,12,135.3,,82.0,29.1,179.5,684.9,,,8N90E
2013-06-13,2013,6,13,238.8,,81.6,29.05,307.5,992.4,,,8N90E
2013-06-14,2013,6,14,236.8,,82.7,29.06,315.1,1027.9,,,8N90E
2013-06-15,2013,6,15,241.8,,82.3,,315.6,958.4,,,8N90E
2013-06-16,2013,6,16,184.3,,81.2,,263.0,1016.9,,,8N90E
2013-06-17,2013,6,17,107.8,,85.0,,148.5,542.4,,,8N90E
2013-06-18,2013,6,18,51.3,,84.2,,76.0,373.8,,,8N90E
2013-06-19,2013,6,19,126.8,,83.1,,173.0,601.4,,,8N90E
2013-06-20,2013,6,20,212.8,,82.3,,282.0,1089.5,,,8N90E
2013-06-21,2013,6,21,251.8,,81.6,,336.1,1011.4,,,8N90E
2013-06-22,2013,6,22,199.3,,83.1,,292.0,1150.0,,,8N90E
2013-06-23,2013,6,23,167.3,,83.9,,242.0,974.9,,,8N90E
2014-12-04,2014,12,4,149.8,0.0,82.7,28.75,238.4,1202.7,1.78,0.0,8N90E
2014-12-05,2014,12,5,101.5,0.19,83.9,28.6,169.5,926.5,1.54,4.0,8N90E
2014-12-06,2014,12,6,72.3,0.05,84.3,28.56,108.2,444.3,11.53,8.0,8N90E
2014-12-07,2014,12,7,121.1,0.05,85.4,28.59,168.5,773.7,5.52,15.0,8N90E
2014-12-08,2014,12,8,237.4,0.0,81.9,28.79,310.8,959.0,1.82,11.0,8N90E
2014-12-09,2014,12,9,257.1,0.0,79.9,28.87,345.7,1051.9,0.67,7.0,8N90E
2014-12-10,2014,12,10,244.6,0.1,79.9,28.82,335.2,1041.4,1.58,5.0,8N90E
2014-12-11,2014,12,11,241.3,0.19,77.6,28.75,343.3,1110.8,10.18,2.0,8N90E
2014-12-12,2014,12,12,258.0,0.0,72.1,28.77,348.6,1042.8,3.75,2.0,8N90E
2014-12-13,2014,12,13,227.4,0.0,76.4,28.78,342.8,1071.1,3.36,1.0,8N90E
2014-12-14,2014,12,14,247.0,0.0,81.1,28.79,337.1,966.2,5.38,0.0,8N90E
2014-12-15,2014,12,15,269.1,1.3,85.0,28.88,355.8,1002.1,40.87,12.0,8N90E
2014-12-16,2014,12,16,165.2,1.3,82.7,28.82,244.2,966.7,49.95,7.0,8N90E
2014-12-17,2014,12,17,215.9,0.0,78.8,28.8,286.8,1070.6,2.16,1.0,8N90E
2014-12-18,2014,12,18,103.9,0.48,83.5,28.84,155.6,923.1,4.85,6.0,8N90E
2014-12-19,2014,12,19,49.8,1.82,89.8,28.77,103.0,771.3,34.91,13.0,8N90E
2014-12-20,2014,12,20,63.6,4.37,90.2,28.66,101.5,506.5,0.0,13.0,8N90E
2014-12-21,2014,12,21,178.1,,85.8,28.59,241.8,896.3,0.0,9.0,8N90E
2014-12-22,2014,12,22,67.5,0.82,88.2,28.48,108.2,565.9,7.64,12.0,8N90E
2014-12-23,2014,12,23,134.5,0.0,82.7,28.43,206.8,1011.7,3.65,0.0,8N90E
2014-12-24,2014,12,24,205.8,0.0,75.6,28.44,277.2,935.6,3.17,0.0,8N90E
2014-12-25,2014,12,25,53.6,0.77,86.2,28.31,77.1,292.0,6.24,10.0,8N90E
2014-12-26,2014,12,26,120.1,1.06,84.7,28.33,179.1,796.2,16.14,7.0,8N90E
2014-12-27,2014,12,27,216.9,0.58,85.8,28.5,336.1,1013.6,0.0,11.0,8N90E
2014-12-28,2014,12,28,192.0,0.19,81.9,28.47,316.0,1065.3,5.23,2.0,8N90E
2014-12-29,2014,12,29,251.8,-0.05,79.9,28.5,334.7,1005.5,5.67,0.0,8N90E
2014-12-30,2014,12,30,169.5,0.67,82.3,28.56,245.2,842.2,7.54,6.0,8N90E
2014-12-31,2014,12,31,215.4,0.0,81.9,28.64,305.0,1040.4,4.08,7.0,8N90E
2015-01-01,2015,1,1,181.9,0.0,79.2,28.65,259.5,1003.1,4.27,2.0,8N90E
2015-01-02,2015,1,2,136.4,0.0,80.3,28.74,205.4,966.7,4.75,7.0,8N90E
2015-01-03,2015,1,3,257.6,0.0,79.5,28.86,347.1,1015.0,3.03,11.0,8N90E
2015-01-04,2015,1,4,263.8,0.0,72.9,28.87,351.0,953.8,3.12,14.0,8N90E
2015-01-05,2015,1,5,266.7,0.0,73.6,28.88,352.9,1011.7,2.5,18.0,8N90E
2015-01-06,2015,1,6,257.1,0.0,74.0,28.87,351.9,1011.7,3.55,21.0,8N90E
2015-01-07,2015,1,7,270.5,0.0,75.2,28.9,358.1,974.8,3.99,18.0,8N90E
2015-01-08,2015,1,8,242.7,0.0,74.8,28.71,339.5,1091.7,3.46,22.0,8N90E
2015-01-09,2015,1,9,232.2,0.0,72.9,28.66,318.9,1173.5,5.33,21.0,8N90E
2015-01-10,2015,1,10,219.2,0.0,70.5,28.65,325.6,1073.5,3.89,12.0,8N90E
2015-01-11,2015,1,11,268.1,0.0,65.4,28.7,357.2,1010.3,5.19,3.0,8N90E
2015-01-12,2015,1,12,252.8,0.0,68.1,28.63,341.4,956.1,5.09,7.0,8N90E
2015-01-13,2015,1,13,267.1,0.0,72.9,28.62,353.4,951.8,4.95,8.0,8N90E
2015-01-14,2015,1,14,235.5,0.0,74.8,28.74,328.9,1175.9,4.03,2.0,8N90E
2015-01-15,2015,1,15,266.7,0.0,72.1,28.69,354.8,1022.7,4.23,2.0,8N90E
2015-01-16,2015,1,16,270.0,0.0,76.0,28.63,366.3,978.6,2.4,8.0,8N90E
2015-01-17,2015,1,17,153.7,0.14,81.5,28.53,249.0,1191.7,5.62,9.0,8N90E
2015-01-18,2015,1,18,101.0,0.62,81.5,28.27,167.1,1299.5,6.58,6.0,8N90E
2015-01-19,2015,1,19,267.1,0.0,74.4,28.44,358.6,975.8,2.31,0.0,8N90E
2015-01-20,2015,1,20,259.5,0.0,73.6,28.53,342.4,1059.1,2.59,0.0,8N90E
2015-01-21,2015,1,21,256.6,0.1,77.6,28.39,347.1,1016.5,6.77,1.0,8N90E
2015-01-22,2015,1,22,244.2,0.0,74.8,28.33,332.3,1071.5,2.26,0.0,8N90E
2015-01-23,2015,1,23,222.1,0.0,71.3,28.36,301.2,1088.8,1.3,0.0,8N90E
2015-01-24,2015,1,24,260.9,-0.05,64.6,28.27,354.3,1047.1,2.35,0.0,8N90E
2015-01-25,2015,1,25,268.1,-0.05,69.3,28.24,358.1,1118.5,2.16,0.0,8N90E
2015-01-26,2015,1,26,208.7,0.0,74.8,28.22,295.4,1184.1,4.03,0.0,8N90E
2015-01-27,2015,1,27,238.4,0.0,79.5,28.24,340.4,1123.7,1.39,1.0,8N90E
2015-01-28,2015,1,28,269.1,0.0,75.6,28.22,357.7,1156.8,3.41,1.0,8N90E
2015-01-29,2015,1,29,272.9,0.0,76.8,28.25,367.7,996.9,4.13,0.0,8N90E
2015-01-30,2015,1,30,257.6,0.0,77.6,28.41,349.1,1007.4,2.45,0.0,8N90E
2015-01-31,2015,1,31,164.2,0.29,81.1,28.41,276.8,1062.0,27.09,3.0,8N90E
2015-02-01,2015,2,1,213.0,0.0,81.5,28.31,292.1,1174.0,2.31,0.0,8N90E
2015-02-02,2015,2,2,155.6,0.58,79.5,28.22,203.5,882.4,6.2,3.0,8N90E
2015-02-03,2015,2,3,261.9,-0.05,72.1,28.23,351.9,1099.8,3.79,2.0,8N90E
2015-02-04,2015,2,4,274.8,-0.05,71.7,28.27,373.5,1064.8,3.36,1.0,8N90E
2015-02-05,2015,2,5,243.7,-0.05,76.0,28.3,338.0,1089.3,2.69,1.0,8N90E
2015-02-06,2015,2,6,245.1,0.0,78.8,28.42,345.2,1013.1,2.11,1.0,8N90E
2015-02-07,2015,2,7,174.7,-0.05,79.5,28.49,259.5,1176.4,2.4,1.0,8N90E
2015-02-08,2015,2,8,228.3,-0.05,74.8,28.59,327.0,1040.4,2.74,0.0,8N90E
2015-02-09,2015,2,9,166.1,0.34,78.8,28.58,257.1,996.9,12.77,7.0,8N90E
2015-02-10,2015,2,10,125.4,0.1,78.8,28.5,169.0,698.5,1.87,5.0,8N90E
2015-02-11,2015,2,11,33.5,0.48,81.1,28.43,46.9,185.3,22.62,25.0,8N90E
2015-02-12,2015,2,12,269.1,0.0,76.8,28.5,363.4,1061.5,3.6,20.0,8N90E
2015-02-13,2015,2,13,223.6,,77.6,28.54,323.7,1144.3,,,8N90E
2015-02-14,2015,2,14,276.2,,72.5,28.48,368.2,1057.7,,,8N90E
2015-02-15,2015,2,15,272.4,,63.8,28.43,362.0,1159.2,,,8N90E
2015-02-16,2015,2,16,286.3,,66.2,28.36,376.4,1115.1,,,8N90E
2015-02-17,2015,2,17,277.7,,70.1,28.33,371.6,1096.4,,,8N90E
2015-02-18,2015,2,18,169.9,,72.1,28.27,218.3,899.6,,,8N90E
2015-02-19,2015,2,19,289.2,,76.8,28.33,382.1,1125.7,,,8N90E
2015-02-20,2015,2,20,301.1,,77.2,28.45,393.6,1103.6,,,8N90E
2015-02-21,2015,2,21,245.6,,78.8,28.35,353.8,1323.4,,,8N90E
2015-02-22,2015,2,22,204.4,,78.8,28.35,315.1,1217.1,,,8N90E
2015-02-23,2015,2,23,308.8,,75.2,28.47,402.7,1107.5,,,8N90E
2015-02-24,2015,2,24,255.6,,76.0,28.4,362.0,1273.6,,,8N90E
2015-02-25,2015,2,25,298.3,,75.6,28.7,395.0,1189.8,,,8N90E
2015-02-26,2015,2,26,298.7,,73.6,28.8,394.1,1124.7,,,8N90E
2015-02-27,2015,2,27,313.6,,71.3,28.73,406.0,1188.8,,,8N90E
2015-02-28,2015,2,28,312.1,,72.5,28.66,407.0,1204.7,,,8N90E
2015-03-01,2015,3,1,230.8,,75.6,28.64,327.5,1118.0,,,8N90E
2015-03-02,2015,3,2,283.9,,79.5,28.74,383.5,1223.3,,,8N90E
2015-03-03,2015,3,3,314.1,,80.7,28.75,405.6,1087.8,,,8N90E
2015-03-04,2015,3,4,307.8,,74.4,29.07,397.9,1195.1,,,8N90E
2015-03-05,2015,3,5,271.4,,75.6,28.95,367.2,1185.5,,,8N90E
2015-03-06,2015,3,6,301.6,,74.4,28.77,396.0,1125.2,,,8N90E
2015-03-07,2015,3,7,298.7,,74.8,28.71,393.1,1144.8,,,8N90E
2015-03-08,2015,3,8,269.5,,73.3,28.66,362.5,1138.1,,,8N90E
2015-03-09,2015,3,9,277.2,,78.4,28.61,369.6,1163.5,,,8N90E
2015-03-10,2015,3,10,73.2,,82.3,28.53,147.5,911.6,,,8N90E
2015-03-11,2015,3,11,160.8,,80.3,28.49,223.6,899.6,,,8N90E
2015-03-12,2015,3,12,298.7,,77.6,28.59,396.9,1181.7,,,8N90E
2015-03-13,2015,3,13,321.2,,73.6,28.69,418.0,1132.8,,,8N90E
2015-03-14,2015,3,14,315.5,,72.9,28.77,411.3,1107.9,,,8N90E
2015-03-15,2015,3,15,314.1,,76.0,28.82,401.7,1099.8,,,8N90E
2015-03-16,2015,3,16,316.0,,76.4,28.82,408.4,1096.4,,,8N90E
2015-03-17,2015,3,17,315.0,,70.1,29.16,411.8,1110.8,,,8N90E
2015-03-18,2015,3,18,291.6,,67.8,29.22,389.8,1094.5,,,8N90E
2015-03-19,2015,3,19,309.8,,70.9,29.43,399.8,1080.2,,,8N90E
2015-03-20,2015,3,20,274.3,,71.7,29.64,364.9,1025.1,,,8N90E
2015-03-21,2015,3,21,222.1,,77.2,29.25,289.2,1011.7,,,8N90E
2015-03-22,2015,3,22,209.2,,73.6,29.22,300.2,1182.6,,,8N90E
2015-03-23,2015,3,23,270.0,,69.7,29.38,357.7,1069.6,,,8N90E
2015-03-24,2015,3,24,264.3,,74.4,29.44,358.6,1072.0,,,8N90E
2015-03-25,2015,3,25,242.2,,79.5,29.39,331.3,1139.5,,,8N90E
2015-03-26,2015,3,26,293.5,,78.0,29.46,384.0,1119.0,,,8N90E
2015-03-27,2015,3,27,310.2,,79.5,29.44,401.7,1141.0,,,8N90E
2015-03-28,2015,3,28,311.2,,78.8,29.36,399.8,1170.7,,,8N90E
2015-03-29,2015,3,29,316.0,,79.9,29.16,406.0,1204.7,,,8N90E
2015-03-30,2015,3,30,299.2,,80.3,29.48,406.5,1145.8,,,8N90E
2015-03-31,2015,3,31,316.9,,79.2,29.39,405.1,1147.7,,,8N90E
2015-04-01,2015,4,1,203.4,,80.3,29.45,288.7,1293.2,,,8N90E
2015-04-02,2015,4,2,285.8,,74.0,29.83,375.4,1278.9,,,8N90E
2015-04-03,2015,4,3,296.3,,76.4,30.03,396.5,,,,8N90E
2015-04-04,2015,4,4,309.8,,75.2,30.15,417.5,1209.9,,,8N90E
2015-04-05,2015,4,5,317.4,,74.0,29.74,411.8,1102.2,,,8N90E
2015-04-06,2015,4,6,313.6,,79.2,29.76,394.5,1220.0,,,8N90E
2015-04-07,2015,4,7,309.8,,77.2,29.79,411.3,1168.3,,,8N90E
2015-04-08,2015,4,8,313.6,,76.8,29.94,402.7,1104.1,,,8N90E
2015-04-09,2015,4,9,258.0,,77.2,29.82,332.3,1048.1,,,8N90E
2015-04-10,2015,4,10,272.4,,78.0,29.98,347.1,1072.0,,,8N90E
2015-04-11,2015,4,11,304.5,,72.9,30.04,393.6,1147.2,,,8N90E
2015-04-12,2015,4,12,129.2,,79.9,29.84,180.5,848.4,,,8N90E
2015-04-13,2015,4,13,68.4,,82.7,29.68,132.2,880.5,,,8N90E
2015-04-14,2015,4,14,275.3,,74.0,29.85,351.4,1152.5,,,8N90E
2015-04-15,2015,4,15,194.8,,79.5,29.73,304.1,1277.4,,,8N90E
2015-04-16,2015,4,16,221.2,,79.9,29.72,344.8,1240.1,,,8N90E
2015-04-17,2015,4,17,206.8,,79.9,29.7,302.1,1229.1,,,8N90E
2015-04-18,2015,4,18,214.9,,80.3,29.73,354.8,1234.3,,,8N90E
2015-04-19,2015,4,19,296.3,,78.0,29.92,396.0,1091.2,,,8N90E
2015-04-20,2015,4,20,258.5,,78.0,29.83,330.4,1366.0,,,8N90E
2015-04-21,2015,4,21,289.6,,76.0,30.27,385.9,1226.7,,,8N90E
2015-04-22,2015,4,22,312.6,,76.4,30.35,397.9,1133.8,,,8N90E
2015-04-23,2015,4,23,323.6,,71.3,30.53,401.2,1080.6,,,8N90E
2015-04-24,2015,4,24,225.5,,76.8,30.65,351.0,1264.5,,,8N90E
2015-04-25,2015,4,25,320.8,,72.9,30.75,406.0,1099.8,,,8N90E
2015-04-26,2015,4,26,292.0,,72.9,30.73,383.1,1277.4,,,8N90E
2015-04-27,2015,4,27,263.3,,75.2,30.43,344.3,1105.5,,,8N90E
2015-04-28,2015,4,28,256.1,,76.4,30.32,344.3,1152.9,,,8N90E
2015-04-29,2015,4,29,304.0,,75.2,30.57,397.4,1096.9,,,8N90E
2015-04-30,2015,4,30,227.9,,76.4,30.35,337.1,1321.0,,,8N90E
2015-05-01,2015,5,1,222.1,,78.8,30.29,341.9,,,,8N90E
2015-05-02,2015,5,2,194.4,,77.2,30.31,312.7,1244.9,,,8N90E
2015-05-03,2015,5,3,177.1,,75.2,30.12,225.0,952.3,,,8N90E
2015-05-04,2015,5,4,255.2,,70.1,30.68,343.3,1183.6,,,8N90E
2015-05-05,2015,5,5,214.9,,76.8,30.47,280.1,1111.3,,,8N90E
2015-05-06,2015,5,6,237.4,,76.4,30.7,337.6,1215.2,,,8N90E
2015-05-07,2015,5,7,259.5,,76.4,30.72,367.7,1205.6,,,8N90E
2015-05-08,2015,5,8,295.9,,76.8,30.74,377.8,1038.5,,,8N90E
2015-05-09,2015,5,9,229.8,,78.0,30.52,324.6,1155.8,,,8N90E
2015-05-10,2015,5,10,279.6,,76.8,30.64,356.7,1042.8,,,8N90E
2015-05-11,2015,5,11,275.8,,78.4,30.62,356.7,1235.8,,,8N90E
2015-05-12,2015,5,12,150.8,,81.1,30.47,213.1,902.5,,,8N90E
2015-05-13,2015,5,13,109.1,,82.7,30.39,183.4,1109.4,,,8N90E
2015-05-14,2015,5,14,168.0,,81.5,30.43,245.6,972.9,,,8N90E
2015-05-15,2015,5,15,197.2,,83.5,30.33,322.7,1146.7,,,8N90E
2015-05-16,2015,5,16,111.5,,85.0,30.22,168.5,616.7,,,8N90E
2015-05-17,2015,5,17,212.6,,79.2,30.16,312.2,1184.5,,,8N90E
2015-05-18,2015,5,18,279.1,,80.7,30.16,359.6,1156.3,,,8N90E
2015-05-19,2015,5,19,197.7,,81.1,30.01,294.9,1029.4,,,8N90E
2015-05-20,2015,5,20,87.6,,81.5,29.96,138.4,580.3,,,8N90E
2015-05-21,2015,5,21,116.3,,82.7,29.93,170.0,798.6,,,8N90E
2015-05-22,2015,5,22,118.2,,79.2,29.85,157.1,532.4,,,8N90E
2015-05-23,2015,5,23,224.0,,78.4,29.76,312.7,1033.7,,,8N90E
2015-05-24,2015,5,24,235.1,,79.5,29.69,315.5,996.9,,,8N90E
2015-05-25,2015,5,25,78.0,,83.9,29.65,128.3,539.1,,,8N90E
2015-05-26,2015,5,26,152.7,,84.3,29.62,245.2,1088.8,,,8N90E
2015-05-27,2015,5,27,33.5,,85.8,29.51,45.5,191.0,,,8N90E
2015-05-28,2015,5,28,145.0,,82.7,29.59,199.2,635.3,,,8N90E
2015-05-29,2015,5,29,271.4,,83.1,29.65,360.1,1268.8,,,8N90E
2015-05-30,2015,5,30,10.5,,89.0,29.3,16.8,84.2,,,8N90E
2015-05-31,2015,5,31,239.8,,81.1,29.41,334.7,1192.2,,,8N90E
2015-06-01,2015,6,1,282.0,,80.3,29.54,377.8,1168.3,,,8N90E
2015-06-02,2015,6,2,307.4,,79.9,29.7,379.7,1135.2,,,8N90E
2015-06-03,2015,6,3,293.5,,79.2,29.8,367.2,1062.0,,,8N90E
2015-06-04,2015,6,4,303.5,,75.6,29.99,377.8,1038.0,,,8N90E
2015-06-05,2015,6,5,214.5,,74.0,30.01,274.4,1049.5,,,8N90E
2015-06-06,2015,6,6,306.9,,72.9,30.37,377.8,1015.0,,,8N90E
2015-06-07,2015,6,7,248.0,,78.0,30.13,337.6,1112.2,,,8N90E
2015-06-08,2015,6,8,220.7,,81.1,29.87,308.8,1034.7,,,8N90E
2015-06-09,2015,6,9,114.4,,79.9,29.8,136.0,811.1,,,8N90E
2015-06-10,2015,6,10,296.8,,78.8,29.89,374.4,1106.5,,,8N90E
2015-06-11,2015,6,11,286.3,,77.2,29.89,363.9,1127.6,,,8N90E
2015-06-12,2015,6,12,248.5,,78.0,29.95,336.1,1133.8,,,8N90E
2015-06-13,2015,6,13,169.5,,80.7,29.96,238.4,790.5,,,8N90E
2015-06-14,2015,6,14,262.8,,78.8,29.94,339.5,1119.9,,,8N90E
2015-06-15,2015,6,15,109.6,,79.9,29.9,143.2,649.2,,,8N90E
2015-06-16,2015,6,16,61.2,,85.4,29.82,104.4,493.6,,,8N90E
2015-06-17,2015,6,17,167.5,,82.3,29.75,296.9,1102.2,,,8N90E
2015-06-18,2015,6,18,265.7,,80.3,29.7,342.8,1097.4,,,8N90E
2015-06-19,2015,6,19,134.5,,79.9,29.66,177.6,815.4,,,8N90E
2015-06-20,2015,6,20,252.3,,79.2,29.64,343.8,1128.0,,,8N90E
2015-06-21,2015,6,21,250.4,,79.9,29.64,324.2,1034.7,,,8N90E
2015-06-22,2015,6,22,275.3,,79.9,29.68,354.8,1055.3,,,8N90E
2015-06-23,2015,6,23,280.5,,78.8,29.72,362.5,1038.5,,,8N90E
2015-06-24,2015,6,24,265.2,,79.2,29.71,349.5,1075.8,,,8N90E
2015-06-25,2015,6,25,274.8,,76.8,29.68,346.2,1073.9,,,8N90E
2015-06-26,2015,6,26,255.2,,79.2,29.67,338.0,1130.9,,,8N90E
2015-06-27,2015,6,27,206.3,,81.5,29.65,281.5,972.4,,,8N90E
2015-06-28,2015,6,28,195.8,,81.1,29.64,265.7,930.8,,,8N90E
2015-06-29,2015,6,29,148.9,,79.5,29.59,242.3,1122.8,,,8N90E
2015-06-30,2015,6,30,90.9,,81.5,29.58,122.1,457.7,,,8N90E
2015-07-01,2015,7,1,166.1,,79.5,29.52,244.7,1073.5,,,8N90E
2015-07-02,2015,7,2,239.4,,78.4,29.51,309.8,1220.5,,,8N90E
2015-07-03,2015,7,3,294.4,,79.2,29.58,370.6,1054.8,,,8N90E
2015-07-04,2015,7,4,283.9,,80.3,29.56,361.0,1104.1,,,8N90E
2015-07-05,2015,7,5,217.8,,80.3,29.52,276.8,823.5,,,8N90E
2015-07-06,2015,7,6,240.3,,79.5,29.5,314.6,1010.3,,,8N90E
2015-07-07,2015,7,7,264.7,,78.8,29.5,344.8,1051.0,,,8N90E
2015-07-08,2015,7,8,283.4,,76.8,29.47,364.4,1067.7,,,8N90E
2015-07-09,2015,7,9,282.0,,75.2,29.42,358.6,1028.0,,,8N90E
2015-07-10,2015,7,10,271.4,,77.6,29.42,351.4,1060.5,,,8N90E
2015-07-11,2015,7,11,279.6,,79.5,29.44,358.6,1087.3,,,8N90E
2015-07-12,2015,7,12,264.3,,81.1,29.51,351.0,1129.0,,,8N90E
2015-07-13,2015,7,13,258.0,,80.3,29.5,336.1,1044.2,,,8N90E
2015-07-14,2015,7,14,248.9,,79.9,29.45,319.4,1088.3,,,8N90E
2015-07-15,2015,7,15,117.8,,80.7,29.39,178.6,762.7,,,8N90E
2015-07-16,2015,7,16,222.6,,79.9,29.35,293.5,1095.0,,,8N90E
2015-07-17,2015,7,17,232.2,,81.5,29.34,328.0,1079.7,,,8N90E
2015-07-18,2015,7,18,178.6,,80.7,29.28,230.3,763.2,,,8N90E
2015-07-19,2015,7,19,238.9,,82.7,29.29,304.5,1180.7,,,8N90E
2015-07-20,2015,7,20,116.8,,81.5,29.18,152.7,500.3,,,8N90E
2015-07-21,2015,7,21,123.5,,81.9,29.12,172.8,714.8,,,8N90E
2015-07-22,2015,7,22,46.9,,83.5,29.02,74.2,371.0,,,8N90E
2015-07-23,2015,7,23,97.2,,81.9,28.91,130.7,847.9,,,8N90E
2015-07-24,2015,7,24,238.9,,78.8,28.96,333.7,1153.9,,,8N90E
2015-07-25,2015,7,25,281.5,,79.2,28.97,369.2,1085.0,,,8N90E
2015-07-26,2015,7,26,298.3,,78.4,29.02,377.8,1102.7,,,8N90E
2015-07-27,2015,7,27,261.9,,79.2,29.08,363.9,1136.7,,,8N90E
2015-07-28,2015,7,28,286.3,,78.0,29.12,364.4,1114.6,,,8N90E
2015-07-29,2015,7,29,259.9,,78.8,29.16,361.0,1168.7,,,8N90E
2015-07-30,2015,7,30,272.4,,78.0,29.16,357.2,1106.0,,,8N90E
2015-07-31,2015,7,31,281.0,,78.8,29.18,362.5,1084.5,,,8N90E
2015-08-01,2015,8,1,266.2,,78.8,29.15,364.9,1151.5,,,8N90E
2015-08-02,2015,8,2,283.4,,80.3,29.12,354.3,1090.7,,,8N90E
2015-08-03,2015,8,3,282.9,,78.8,29.15,368.7,1180.7,,,8N90E
2015-08-04,2015,8,4,248.5,,79.2,29.09,354.3,1105.5,,,8N90E
2015-08-05,2015,8,5,131.2,,79.9,28.96,193.9,972.0,,,8N90E
2015-08-06,2015,8,6,280.5,,80.3,29.01,366.8,1095.0,,,8N90E
2015-08-07,2015,8,7,263.8,,81.1,29.04,361.0,1146.7,,,8N90E
2015-08-08,2015,8,8,263.8,,81.5,29.0,350.5,1117.5,,,8N90E
2015-08-09,2015,8,9,226.4,,80.3,28.89,303.1,1207.0,,,8N90E
2015-08-10,2015,8,10,244.2,,80.3,28.88,321.3,1010.7,,,8N90E
2015-08-11,2015,8,11,224.5,,80.7,28.86,349.1,1157.7,,,8N90E
2015-08-12,2015,8,12,300.2,,79.5,28.87,380.2,1137.6,,,8N90E
2015-08-13,2015,8,13,294.9,,81.5,28.93,373.5,1063.9,,,8N90E
2015-08-14,2015,8,14,263.3,,81.9,29.03,358.6,1144.8,,,8N90E
2015-08-15,2015,8,15,110.6,,82.3,28.95,160.4,1055.7,,,8N90E
2015-08-16,2015,8,16,301.6,,80.3,29.06,390.7,1084.5,,,8N90E
2015-08-17,2015,8,17,289.6,,78.8,29.15,369.2,1143.8,,,8N90E
2015-08-18,2015,8,18,288.7,,78.8,29.17,363.9,1134.8,,,8N90E
2015-08-19,2015,8,19,303.5,,77.6,29.29,386.4,1154.4,,,8N90E
2015-08-20,2015,8,20,303.1,,78.0,29.24,390.2,1127.6,,,8N90E
2015-08-21,2015,8,21,279.6,,79.5,29.22,371.1,,,,8N90E
2015-08-22,2015,8,22,280.1,,80.7,29.21,355.3,1130.0,,,8N90E
2015-08-23,2015,8,23,226.0,,79.5,29.18,296.4,1134.3,,,8N90E
2015-08-24,2015,8,24,265.7,,79.5,29.22,352.4,1081.1,,,8N90E
2015-08-25,2015,8,25,214.5,,77.2,29.09,278.2,940.8,,,8N90E
2015-08-26,2015,8,26,272.9,,77.2,29.07,370.6,1170.2,,,8N90E
2015-08-27,2015,8,27,279.6,,79.2,29.09,366.3,1209.0,,,8N90E
2015-08-28,2015,8,28,180.9,,78.4,29.05,266.2,1301.8,,,8N90E
2015-08-29,2015,8,29,260.4,,78.8,29.07,357.7,1244.4,,,8N90E
2015-08-30,2015,8,30,190.1,,82.7,29.04,269.6,1213.3,,,8N90E
2015-08-31,2015,8,31,174.2,,80.7,28.99,246.6,1125.7,,,8N90E
2015-09-01,2015,9,1,304.5,,79.2,29.08,396.0,1172.6,,,8N90E
2015-09-02,2015,9,2,295.4,,79.2,29.08,385.4,1093.6,,,8N90E
2015-09-03,2015,9,3,305.9,,78.4,29.2,402.7,1230.0,,,8N90E
2015-09-04,2015,9,4,177.1,,81.5,28.98,247.1,919.3,,,8N90E
2015-09-05,2015,9,5,236.5,,79.5,29.1,347.6,1231.0,,,8N90E
2015-09-06,2015,9,6,300.6,,76.8,29.34,401.2,1214.2,,,8N90E
2015-09-07,2015,9,7,271.9,,77.6,29.26,365.3,1284.6,,,8N90E
2015-09-08,2015,9,8,289.6,,77.6,29.2,375.4,1120.4,,,8N90E
2015-09-09,2015,9,9,245.1,,78.0,29.17,340.4,1097.9,,,8N90E
2015-09-10,2015,9,10,119.2,,80.3,29.09,165.2,603.3,,,8N90E
2015-09-11,2015,9,11,124.0,,81.5,28.99,198.2,965.2,,,8N90E
2015-09-12,2015,9,12,199.1,,80.3,29.04,261.9,911.6,,,8N90E
2015-09-13,2015,9,13,259.5,,78.8,29.11,328.5,989.2,,,8N90E
2015-09-14,2015,9,14,278.6,,78.0,29.24,369.6,1161.6,,,8N90E
2015-09-15,2015,9,15,284.4,,78.4,29.21,375.4,1080.2,,,8N90E
2015-09-16,2015,9,16,186.7,,78.4,29.12,286.3,1155.8,,,8N90E
2015-09-17,2015,9,17,259.9,,78.8,29.21,341.4,1155.8,,,8N90E
2015-09-18,2015,9,18,112.5,,80.3,29.21,158.5,707.6,,,8N90E
2015-09-19,2015,9,19,138.3,,79.9,29.18,223.6,977.7,,,8N90E
2015-09-20,2015,9,20,282.5,,78.8,29.24,370.1,1107.9,,,8N90E
2015-09-21,2015,9,21,294.4,,79.2,29.3,379.2,1074.4,,,8N90E
2015-09-22,2015,9,22,288.7,,79.9,29.4,392.6,1241.0,,,8N90E
2015-09-23,2015,9,23,197.7,,79.9,29.32,283.0,1097.4,,,8N90E
2015-09-24,2015,9,24,234.1,,80.3,29.25,325.1,1162.0,,,8N90E
2015-09-25,2015,9,25,34.9,,84.3,29.11,55.1,272.9,,,8N90E
2015-09-26,2015,9,26,64.6,,86.6,28.94,114.4,492.7,,,8N90E
2015-09-27,2015,9,27,57.4,,83.5,28.83,125.0,945.1,,,8N90E
2015-09-28,2015,9,28,249.9,,80.7,28.78,349.1,1153.4,,,8N90E
2015-09-29,2015,9,29,77.5,,83.1,28.62,138.4,972.4,,,8N90E
2015-09-30,2015,9,30,145.5,,81.1,28.63,254.2,1195.1,,,8N90E
2015-10-01,2015,10,1,199.1,,81.5,28.54,284.9,1392.3,,,8N90E
2015-10-02,2015,10,2,279.1,,79.5,28.56,366.3,1137.1,,,8N90E
2015-10-03,2015,10,3,277.7,,79.2,28.54,368.2,1101.7,,,8N90E
2015-10-04,2015,10,4,202.5,,78.8,28.54,277.7,983.9,,,8N90E
2015-10-05,2015,10,5,204.4,,81.9,28.7,328.0,1167.8,,,8N90E
2015-10-06,2015,10,6,232.2,,81.5,28.72,361.0,1277.4,,,8N90E
2015-10-07,2015,10,7,142.6,,81.9,28.72,213.6,1137.6,,,8N90E
2015-10-08,2015,10,8,285.8,,79.9,28.87,377.3,1216.6,,,8N90E
2015-10-09,2015,10,9,299.2,,78.0,28.94,387.4,1159.7,,,8N90E
2015-10-10,2015,10,10,301.1,,78.4,29.05,391.7,1047.6,,,8N90E
2015-10-11,2015,10,11,279.6,,78.8,29.01,379.7,1162.5,,,8N90E
2015-10-12,2015,10,12,288.7,,78.4,29.12,383.1,1096.9,,,8N90E
2015-10-13,2015,10,13,299.2,,74.0,29.41,392.1,1171.1,,,8N90E
2015-10-14,2015,10,14,307.8,,75.6,29.58,394.5,1084.5,,,8N90E
2015-10-15,2015,10,15,142.2,,79.5,29.27,255.2,1196.5,,,8N90E
2015-10-16,2015,10,16,244.6,,78.0,29.39,360.1,1227.2,,,8N90E
2015-10-17,2015,10,17,275.3,,76.4,29.56,368.7,1067.2,,,8N90E
2015-10-18,2015,10,18,282.5,,72.9,30.1,365.8,1137.6,,,8N90E
2015-10-19,2015,10,19,293.0,,74.4,29.88,380.7,1183.1,,,8N90E
2015-10-20,2015,10,20,268.1,,71.3,30.55,359.1,1130.0,,,8N90E
2015-10-21,2015,10,21,286.8,,70.9,30.6,365.8,1021.3,,,8N90E
2015-10-22,2015,10,22,233.1,,77.2,30.24,323.2,1195.1,,,8N90E
2015-10-23,2015,10,23,265.7,,77.6,30.25,354.3,1060.5,,,8N90E
2015-10-24,2015,10,24,226.4,,77.2,30.02,335.2,1230.0,,,8N90E
2015-10-25,2015,10,25,230.3,,78.8,29.98,323.7,1161.1,,,8N90E
2015-10-26,2015,10,26,110.1,,77.2,29.83,172.4,831.7,,,8N90E
2015-10-27,2015,10,27,63.2,,80.7,29.62,107.2,630.6,,,8N90E
2015-10-28,2015,10,28,149.8,,79.2,29.54,283.5,1223.3,,,8N90E
2015-10-29,2015,10,29,98.1,,78.4,29.34,142.2,605.7,,,8N90E
2015-10-30,2015,10,30,202.0,,77.2,29.36,272.9,975.3,,,8N90E
2015-10-31,2015,10,31,259.0,,79.2,29.38,349.5,1035.2,,,8N90E
2015-11-01,2015,11,1,177.6,,80.7,29.38,308.8,1270.7,,,8N90E
2015-11-02,2015,11,2,142.2,,79.9,29.35,232.2,1267.4,,,8N90E
2015-11-03,2015,11,3,275.3,,77.2,29.61,362.5,1114.6,,,8N90E
2015-11-04,2015,11,4,242.7,,77.6,29.7,353.4,1217.6,,,8N90E
2015-11-05,2015,11,5,115.8,,80.7,29.55,216.4,1187.9,,,8N90E
2015-11-06,2015,11,6,155.6,,82.3,29.39,233.7,918.3,,,8N90E
2015-11-07,2015,11,7,56.9,,81.5,29.27,84.3,298.3,,,8N90E
2015-11-08,2015,11,8,201.5,,79.9,29.26,266.7,962.4,,,8N90E
2015-11-09,2015,11,9,249.4,,80.3,29.25,328.5,1154.4,,,8N90E
2015-11-10,2015,11,10,208.7,,76.8,29.32,296.4,1192.7,,,8N90E
2015-11-11,2015,11,11,163.2,,80.7,29.36,233.7,1045.2,,,8N90E
2015-11-12,2015,11,12,152.2,,80.3,29.3,259.5,1108.9,,,8N90E
2015-11-13,2015,11,13,237.4,,79.9,29.27,350.5,1045.2,,,8N90E
2015-11-14,2015,11,14,140.7,,80.7,29.23,198.7,987.3,,,8N90E
2015-11-15,2015,11,15,191.0,,80.7,29.25,280.1,928.4,,,8N90E
2015-11-16,2015,11,16,151.3,,78.8,29.23,228.9,1249.2,,,8N90E
2015-11-17,2015,11,17,279.6,,76.0,29.55,360.1,1088.3,,,8N90E
2015-11-18,2015,11,18,269.1,,76.0,29.58,355.8,1115.6,,,8N90E
2015-11-19,2015,11,19,270.0,,78.0,29.43,354.3,1017.4,,,8N90E
2015-11-20,2015,11,20,75.1,,81.1,29.31,104.4,365.8,,,8N90E
2015-11-21,2015,11,21,231.7,,76.8,29.45,330.4,1111.3,,,8N90E
2015-11-22,2015,11,22,242.2,,76.8,29.42,342.4,1063.4,,,8N90E
2015-11-23,2015,11,23,271.9,,76.0,29.39,364.9,1042.3,,,8N90E
2015-11-24,2015,11,24,228.3,,79.2,29.45,316.0,1213.8,,,8N90E
2015-11-25,2015,11,25,53.1,,81.9,29.2,93.8,424.2,,,8N90E
2015-11-26,2015,11,26,43.0,,85.0,28.84,78.0,530.0,,,8N90E
2015-11-27,2015,11,27,127.8,,82.3,29.14,177.6,802.0,,,8N90E
2015-11-28,2015,11,28,173.3,,79.9,29.23,226.5,825.0,,,8N90E
2015-11-29,2015,11,29,167.5,,81.1,29.2,238.0,1113.2,,,8N90E
2015-11-30,2015,11,30,223.1,,81.9,29.18,315.5,1115.6,,,8N90E
2015-12-01,2015,12,1,187.7,,79.9,29.18,258.6,1208.5,,,8N90E
2015-12-02,2015,12,2,226.0,,79.2,29.24,316.5,1107.9,,,8N90E
2015-12-03,2015,12,3,265.7,,77.6,29.53,351.4,974.8,,,8N90E
2015-12-04,2015,12,4,233.1,,80.3,29.3,320.3,1042.3,,,8N90E
2015-12-05,2015,12,5,193.9,,82.7,29.23,311.7,1080.6,,,8N90E
2015-12-06,2015,12,6,87.1,,82.7,29.05,114.4,396.4,,,8N90E
2015-12-07,2015,12,7,145.0,,81.1,29.01,216.9,1067.2,,,8N90E
2015-12-08,2015,12,8,257.6,,81.1,29.12,339.5,963.8,,,8N90E
2015-12-09,2015,12,9,259.0,,81.9,29.04,346.7,1051.4,,,8N90E
2015-12-10,2015,12,10,81.4,,82.3,28.9,149.9,767.5,,,8N90E
2015-12-11,2015,12,11,244.6,,77.6,29.13,339.0,1184.5,,,8N90E
2015-12-12,2015,12,12,241.3,,74.0,29.06,324.2,1060.5,,,8N90E
2015-12-13,2015,12,13,235.5,,71.3,29.0,334.7,1051.9,,,8N90E
2015-12-14,2015,12,14,228.3,,71.3,28.99,321.3,1027.0,,,8N90E
2015-12-15,2015,12,15,239.4,,76.4,29.27,318.9,1158.7,,,8N90E
2015-12-16,2015,12,16,156.1,,79.2,28.97,260.0,1211.4,,,8N90E
2015-12-17,2015,12,17,237.4,,75.6,28.95,320.8,1033.7,,,8N90E
2015-12-18,2015,12,18,235.5,,76.0,28.99,306.4,983.0,,,8N90E
2015-12-19,2015,12,19,247.5,,75.2,29.01,333.3,1026.5,,,8N90E
2015-12-20,2015,12,20,244.6,,71.7,28.9,321.8,996.9,,,8N90E
2015-12-21,2015,12,21,245.6,,72.1,29.0,325.6,1026.5,,,8N90E
2015-12-22,2015,12,22,234.6,,72.1,29.03,316.5,986.8,,,8N90E
2015-12-23,2015,12,23,235.1,,70.9,29.09,330.4,977.7,,,8N90E
2015-12-24,2015,12,24,248.0,,75.2,29.1,330.9,1079.2,,,8N90E
2015-12-25,2015,12,25,241.3,,78.4,29.1,323.7,1009.8,,,8N90E
2015-12-26,2015,12,26,96.7,,81.9,29.04,146.5,877.6,,,8N90E
2015-12-27,2015,12,27,217.3,,76.8,29.05,307.9,1015.0,,,8N90E
2015-12-28,2015,12,28,161.8,,79.5,29.05,270.5,1211.8,,,8N90E
2015-12-29,2015,12,29,250.9,,75.2,29.11,339.5,1010.7,,,8N90E
2015-12-30,2015,12,30,256.1,,73.6,29.1,344.8,1100.8,,,8N90E
2015-12-31,2015,12,31,239.4,,72.1,28.99,322.7,971.0,,,8N90E
2016-01-01,2016,1,1,269.5,,73.3,28.95,355.8,961.4,,,8N90E
2016-01-02,2016,1,2,226.4,,76.8,28.94,307.9,1058.1,,,8N90E
2016-01-03,2016,1,3,238.9,,76.0,29.01,323.2,1108.9,,,8N90E
2016-01-04,2016,1,4,194.4,,76.8,28.88,268.6,1027.0,,,8N90E
2016-01-05,2016,1,5,248.5,,76.4,28.99,337.1,1047.1,,,8N90E
2016-01-06,2016,1,6,216.4,,73.6,28.93,302.6,965.2,,,8N90E
2016-01-07,2016,1,7,216.4,,75.6,28.88,298.8,1007.4,,,8N90E
2016-01-08,2016,1,8,235.1,,77.6,28.95,321.8,1066.3,,,8N90E
2016-01-09,2016,1,9,229.8,,76.0,28.98,315.1,1124.2,,,8N90E
2016-01-10,2016,1,10,238.4,,75.2,29.0,326.6,1047.1,,,8N90E
2016-01-11,2016,1,11,234.1,,70.1,28.85,325.6,984.9,,,8N90E
2016-01-12,2016,1,12,237.9,,67.0,28.52,323.7,1034.7,,,8N90E
2016-01-13,2016,1,13,197.2,,69.3,28.52,290.2,942.3,,,8N90E
2016-01-14,2016,1,14,261.9,,72.1,28.41,339.5,1009.3,,,8N90E
2016-01-15,2016,1,15,192.4,,75.6,28.42,274.4,976.7,,,8N90E
2016-01-16,2016,1,16,123.0,,74.0,28.44,166.6,642.5,,,8N90E
2016-01-17,2016,1,17,185.7,,71.3,28.61,281.5,1164.4,,,8N90E
2016-03-07,2016,3,7,275.9,0.0,80.6,28.88,367.6,1037.7,0.73,8.0,8N90E
2016-03-08,2016,3,8,272.5,0.0,80.6,28.94,363.2,1112.5,0.63,2.0,8N90E
2016-03-09,2016,3,9,277.4,0.0,81.8,29.01,362.2,1047.9,0.34,2.0,8N90E
2016-03-10,2016,3,10,294.8,0.0,81.0,29.13,381.2,1076.6,0.39,1.0,8N90E
2016-03-11,2016,3,11,,,,29.18,,,,,8N90E
2016-03-12,2016,3,12,298.9,-0.02,75.2,29.45,384.8,1043.1,0.06,0.0,8N90E
2016-03-13,2016,3,13,285.5,-0.02,76.6,29.3,376.9,1151.3,0.05,0.0,8N90E
2016-03-14,2016,3,14,276.7,-0.02,76.3,29.34,365.1,1146.0,0.1,0.0,8N90E
2016-03-15,2016,3,15,298.6,-0.01,73.5,29.44,389.5,1074.6,0.03,0.0,8N90E
2016-03-16,2016,3,16,288.9,-0.01,75.5,29.34,373.1,1140.2,0.03,0.0,8N90E
2016-03-17,2016,3,17,271.7,-0.01,76.9,29.28,361.6,1040.7,0.02,0.0,8N90E
2016-03-18,2016,3,18,295.9,-0.01,72.6,29.4,384.2,1168.3,0.02,0.0,8N90E
2016-03-19,2016,3,19,300.6,-0.01,70.9,29.35,393.8,1100.4,0.02,0.0,8N90E
2016-03-20,2016,3,20,287.6,-0.01,67.6,29.62,381.3,1083.9,0.03,0.0,8N90E
2016-03-21,2016,3,21,257.2,0.0,68.2,29.68,354.0,1114.5,0.06,0.0,8N90E
2016-03-22,2016,3,22,291.8,-0.01,69.3,29.75,386.9,1084.3,0.06,0.0,8N90E
2016-03-23,2016,3,23,314.0,0.0,69.2,29.98,394.9,1085.3,0.04,0.0,8N90E
2016-03-24,2016,3,24,290.4,0.0,74.8,29.69,383.2,1177.1,0.03,0.0,8N90E
2016-03-25,2016,3,25,271.1,0.0,75.0,29.79,357.6,1125.1,0.01,0.0,8N90E
2016-03-26,2016,3,26,272.2,0.0,76.6,29.67,364.9,1070.3,0.04,0.0,8N90E
2016-03-27,2016,3,27,135.9,0.01,83.5,29.7,231.4,1084.8,0.12,0.0,8N90E
2016-03-28,2016,3,28,296.8,0.01,80.5,29.75,389.3,1038.2,0.08,0.0,8N90E
2016-03-29,2016,3,29,192.5,0.0,79.6,29.71,256.6,1054.2,0.02,0.0,8N90E
2016-03-30,2016,3,30,294.9,0.0,77.1,29.71,382.6,1037.2,0.01,0.0,8N90E
2016-03-31,2016,3,31,270.1,0.0,76.8,29.97,367.8,1110.1,0.01,0.0,8N90E
2016-04-01,2016,4,1,279.2,0.0,77.1,30.02,369.7,1146.0,0.01,0.0,8N90E
2016-04-02,2016,4,2,285.6,0.0,77.7,30.18,378.4,1045.5,0.03,0.0,8N90E
2016-04-03,2016,4,3,279.4,0.0,76.3,30.29,368.2,1054.2,0.01,0.0,8N90E
2016-04-04,2016,4,4,312.9,0.0,74.8,30.25,395.0,1048.4,0.01,0.0,8N90E
2016-04-05,2016,4,5,297.6,0.0,76.5,30.72,380.8,1132.4,0.03,0.0,8N90E
2016-04-06,2016,4,6,246.1,0.2,78.2,30.72,352.6,1349.9,1.45,3.0,8N90E
2016-04-07,2016,4,7,295.0,-0.03,78.2,30.5,383.7,1131.9,0.12,0.0,8N90E
2016-04-08,2016,4,8,301.0,-0.01,75.6,30.45,393.7,1112.5,0.04,0.0,8N90E
2016-04-09,2016,4,9,298.2,-0.01,73.2,30.49,383.6,1098.4,0.03,0.0,8N90E
2016-04-10,2016,4,10,271.4,-0.01,73.9,30.57,360.6,1054.2,0.02,0.0,8N90E
2016-04-11,2016,4,11,305.5,-0.01,72.8,30.96,389.9,1105.2,0.03,0.0,8N90E
2016-04-12,2016,4,12,284.9,-0.01,74.9,31.17,373.1,1189.2,0.04,0.0,8N90E
2016-04-13,2016,4,13,315.1,0.0,71.2,31.21,394.6,1065.9,0.04,0.0,8N90E
2016-04-14,2016,4,14,272.3,-0.01,71.5,31.25,355.0,1218.4,0.03,0.0,8N90E
2016-04-15,2016,4,15,301.4,0.0,72.5,31.18,392.0,1044.5,0.03,0.0,8N90E
2016-04-16,2016,4,16,295.0,0.0,71.0,31.25,383.2,1084.8,0.02,0.0,8N90E
2016-04-17,2016,4,17,291.3,0.0,70.4,31.08,375.9,1076.1,0.01,0.0,8N90E
2016-04-18,2016,4,18,307.3,-0.01,71.3,31.01,387.1,1049.4,0.04,0.0,8N90E
2016-04-19,2016,4,19,262.6,-0.01,74.8,30.97,336.2,1197.0,0.04,0.0,8N90E
2016-04-20,2016,4,20,299.4,-0.02,76.6,31.0,383.2,1036.3,0.05,0.0,8N90E
2016-04-21,2016,4,21,286.7,-0.01,75.3,31.33,367.5,1127.1,0.03,0.0,8N90E
2016-04-22,2016,4,22,290.9,0.0,69.9,31.69,371.7,1168.8,0.02,0.0,8N90E
2016-04-23,2016,4,23,303.7,0.0,71.4,31.67,380.6,1014.9,0.02,0.0,8N90E
2016-04-24,2016,4,24,280.2,0.07,73.7,31.81,365.4,1130.5,0.5,1.0,8N90E
2016-04-25,2016,4,25,270.2,0.24,73.7,31.83,361.0,1097.9,2.03,3.0,8N90E
2016-04-26,2016,4,26,242.6,-0.01,73.5,31.49,320.1,1199.4,0.06,0.0,8N90E
2016-04-27,2016,4,27,284.0,0.0,70.8,31.75,370.1,1036.3,0.06,0.0,8N90E
2016-04-28,2016,4,28,263.8,0.0,69.2,31.73,356.8,1055.2,0.09,0.0,8N90E
2016-04-29,2016,4,29,246.6,-0.02,71.9,31.72,315.6,985.8,0.06,0.0,8N90E
2016-04-30,2016,4,30,204.7,0.0,72.5,31.96,284.5,1123.7,0.13,0.0,8N90E
2016-05-01,2016,5,1,237.0,-0.01,74.9,31.93,311.4,1163.5,0.08,0.0,8N90E
2016-05-02,2016,5,2,250.0,-0.01,71.9,31.84,321.5,1047.9,0.07,0.0,8N90E
2016-05-03,2016,5,3,271.0,-0.01,73.6,31.98,356.0,1030.5,0.05,0.0,8N90E
2016-05-04,2016,5,4,278.4,0.28,74.9,31.95,353.1,1079.0,2.37,2.0,8N90E
2016-05-05,2016,5,5,267.9,0.06,76.5,31.67,366.8,1147.0,0.66,2.0,8N90E
2016-05-06,2016,5,6,280.5,0.0,76.6,31.71,364.4,1083.9,0.01,0.0,8N90E
2016-05-07,2016,5,7,236.3,0.0,75.4,31.9,304.3,1081.4,0.01,0.0,8N90E
2016-05-08,2016,5,8,247.4,0.0,74.1,31.94,333.6,1127.6,0.01,0.0,8N90E
2016-05-09,2016,5,9,203.1,0.51,77.3,31.68,265.1,879.9,2.98,5.0,8N90E
2016-05-10,2016,5,10,278.4,0.0,78.3,31.53,359.5,1081.9,0.01,0.0,8N90E
2016-05-11,2016,5,11,227.6,0.0,73.4,31.6,307.9,975.1,0.02,0.0,8N90E
2016-05-12,2016,5,12,138.2,0.56,79.2,31.48,211.0,1192.1,3.79,4.0,8N90E
2016-05-13,2016,5,13,242.3,-0.01,75.7,31.66,301.9,1066.4,0.02,0.0,8N90E
2016-05-14,2016,5,14,252.8,0.08,78.2,31.38,351.4,1161.5,0.59,3.0,8N90E
2016-05-15,2016,5,15,122.0,1.2,84.1,30.89,219.5,1181.9,5.21,16.0,8N90E
2016-05-16,2016,5,16,218.4,-0.02,80.1,30.75,301.6,1178.1,0.07,0.0,8N90E
2016-05-17,2016,5,17,227.1,0.0,80.0,30.81,309.3,1191.7,0.01,0.0,8N90E
2016-05-18,2016,5,18,32.2,0.48,84.1,30.73,56.9,308.4,1.83,8.0,8N90E
2016-05-19,2016,5,19,161.7,-0.03,79.5,30.64,217.7,679.9,0.06,0.0,8N90E
2016-05-20,2016,5,20,228.2,0.01,79.1,30.55,316.1,1078.5,0.23,1.0,8N90E
2016-05-21,2016,5,21,123.6,0.1,83.2,30.57,192.2,888.2,0.76,4.0,8N90E
2016-05-22,2016,5,22,236.6,0.0,81.1,30.58,343.2,1177.1,0.13,0.0,8N90E
2016-05-23,2016,5,23,213.2,0.0,80.3,30.61,285.4,958.6,0.24,1.0,8N90E
2016-05-24,2016,5,24,215.7,-0.03,80.9,30.52,296.6,1047.9,0.03,0.0,8N90E
2016-05-25,2016,5,25,270.9,-0.02,80.4,30.36,349.7,1064.0,0.01,0.0,8N90E
2016-05-26,2016,5,26,277.1,-0.01,81.5,30.44,352.9,1028.0,0.02,0.0,8N90E
2016-05-27,2016,5,27,209.4,0.0,81.7,30.5,281.3,1125.6,0.02,0.0,8N90E
2016-05-28,2016,5,28,242.1,0.54,79.8,30.62,308.3,1008.6,3.82,3.0,8N90E
2016-05-29,2016,5,29,259.7,0.07,79.5,30.57,346.7,1082.4,0.45,2.0,8N90E
2016-05-30,2016,5,30,97.7,0.05,80.3,30.45,149.3,483.7,0.69,2.0,8N90E
2016-05-31,2016,5,31,138.4,0.4,81.9,30.3,175.9,708.5,2.88,6.0,8N90E
2016-06-01,2016,6,1,174.7,-0.04,81.6,30.25,256.0,885.8,0.08,0.0,8N90E
2016-06-02,2016,6,2,80.5,0.21,81.2,30.02,131.9,605.1,1.04,5.0,8N90E
2016-06-03,2016,6,3,115.2,0.07,81.0,29.9,137.7,425.0,0.34,2.0,8N90E
2016-06-04,2016,6,4,189.4,0.14,81.5,29.84,268.2,1116.9,1.05,1.0,8N90E
2016-06-05,2016,6,5,150.0,0.0,79.3,29.78,193.8,720.7,0.02,0.0,8N90E
2016-06-06,2016,6,6,261.2,0.0,76.6,29.84,343.8,1130.0,0.04,0.0,8N90E
2016-06-07,2016,6,7,292.3,0.0,77.2,29.86,372.4,1075.1,0.02,0.0,8N90E
2016-06-08,2016,6,8,272.2,0.0,79.0,29.9,348.4,1021.7,0.03,0.0,8N90E
2016-06-09,2016,6,9,267.8,-0.01,80.0,29.96,341.4,1009.6,0.06,0.0,8N90E
2016-06-10,2016,6,10,277.0,0.0,80.5,30.03,359.4,1126.6,0.03,0.0,8N90E
2016-06-11,2016,6,11,265.1,0.0,81.4,30.01,338.4,1014.4,0.04,0.0,8N90E
2016-06-12,2016,6,12,238.0,0.0,80.6,29.96,307.6,935.8,0.13,1.0,8N90E
2016-06-13,2016,6,13,220.3,0.29,81.1,29.86,299.5,1071.2,2.71,1.0,8N90E
2016-06-14,2016,6,14,106.2,1.11,84.3,29.78,196.1,997.0,6.4,10.0,8N90E
2016-06-15,2016,6,15,160.6,0.01,82.2,29.73,214.1,796.9,0.05,0.0,8N90E
2016-06-16,2016,6,16,94.5,0.0,80.8,29.66,115.5,371.6,0.02,0.0,8N90E
2016-06-17,2016,6,17,89.9,-0.03,79.5,29.59,125.1,533.2,0.13,0.0,8N90E
2016-06-18,2016,6,18,128.1,-0.04,80.3,29.51,179.5,689.1,0.28,1.0,8N90E
2016-06-19,2016,6,19,136.8,0.1,83.0,29.46,204.6,919.3,1.13,3.0,8N90E
2016-06-20,2016,6,20,91.0,0.34,82.2,29.39,146.9,690.6,1.61,6.0,8N90E
2016-06-21,2016,6,21,87.9,0.77,84.4,29.32,129.1,672.6,2.42,16.0,8N90E
2016-06-22,2016,6,22,63.9,0.26,83.2,29.27,107.2,390.0,1.47,4.0,8N90E
2016-06-23,2016,6,23,161.3,1.0,85.0,29.18,239.1,1201.4,4.69,13.0,8N90E
2016-06-24,2016,6,24,102.3,0.41,85.8,29.14,217.8,1079.5,1.81,7.0,8N90E
2016-06-25,2016,6,25,78.1,1.12,86.8,29.08,147.1,844.5,5.02,7.0,8N90E
2016-06-26,2016,6,26,199.0,0.0,85.5,29.14,263.4,1096.0,0.01,0.0,8N90E
2016-06-27,2016,6,27,223.6,0.0,83.8,29.16,298.8,1105.7,0.01,0.0,8N90E
2016-06-28,2016,6,28,171.3,0.0,84.6,29.13,210.8,892.1,0.02,0.0,8N90E
2016-06-29,2016,6,29,144.7,0.0,85.2,29.08,213.9,856.1,0.02,0.0,8N90E
2016-06-30,2016,6,30,232.5,0.0,86.1,28.98,313.9,975.1,0.02,0.0,8N90E
2016-07-01,2016,7,1,246.7,0.0,87.6,28.64,321.1,1009.6,0.01,0.0,8N90E
2016-07-02,2016,7,2,237.4,0.0,87.5,28.67,310.9,1011.5,0.01,0.0,8N90E
2016-07-03,2016,7,3,269.6,0.0,87.2,28.73,352.2,1014.9,0.01,0.0,8N90E
2016-07-04,2016,7,4,251.3,0.0,85.2,29.12,341.3,995.0,0.02,0.0,8N90E
2016-07-05,2016,7,5,206.1,,86.9,29.14,308.6,1020.7,,,8N90E
2016-07-06,2016,7,6,233.0,,84.9,28.79,321.7,996.5,,,8N90E
2016-07-07,2016,7,7,203.8,,83.9,28.79,266.8,794.0,,,8N90E
2016-07-08,2016,7,8,190.1,,82.8,28.82,265.0,1031.4,,,8N90E
2016-07-09,2016,7,9,275.1,,82.8,28.96,349.0,959.1,,,8N90E
2016-07-10,2016,7,10,257.2,,83.5,29.06,330.3,1004.2,,,8N90E
2016-07-11,2016,7,11,230.5,,84.0,29.08,292.8,1003.8,,,8N90E
2016-07-12,2016,7,12,256.3,,84.2,29.13,327.1,1019.3,,,8N90E
2016-07-13,2016,7,13,271.4,,83.3,29.27,345.6,980.0,,,8N90E
2016-07-14,2016,7,14,213.2,,81.9,29.35,275.1,979.5,,,8N90E
2016-07-15,2016,7,15,100.3,0.13,82.9,29.21,152.8,911.0,1.1,2.0,8N90E
2016-07-16,2016,7,16,187.6,0.57,82.7,29.25,302.6,1088.7,2.6,7.0,8N90E
2016-07-17,2016,7,17,147.1,-0.01,81.4,29.22,203.1,808.5,0.01,0.0,8N90E
2016-07-18,2016,7,18,271.4,-0.01,80.5,29.28,361.5,1057.6,0.05,0.0,8N90E
2016-07-19,2016,7,19,271.0,1.26,83.7,29.26,353.3,1037.7,6.49,9.0,8N90E
2016-07-20,2016,7,20,101.6,1.96,87.7,29.06,178.9,903.2,8.52,17.0,8N90E
2016-07-21,2016,7,21,163.2,0.6,86.1,29.08,273.7,1152.3,2.17,13.0,8N90E
2016-07-22,2016,7,22,142.3,0.32,82.5,29.05,196.8,812.4,0.86,11.0,8N90E
2016-07-23,2016,7,23,149.4,1.22,82.8,29.05,191.5,720.2,8.66,4.0,8N90E
2016-07-24,2016,7,24,79.1,0.03,83.4,29.03,127.1,525.5,0.18,1.0,8N90E
2016-07-25,2016,7,25,233.9,0.01,83.5,28.99,325.5,1139.7,0.12,0.0,8N90E
2016-07-26,2016,7,26,195.3,0.7,84.6,28.96,300.3,1243.6,2.74,8.0,8N90E
2016-07-27,2016,7,27,276.1,0.28,80.8,29.01,365.6,1134.8,1.53,4.0,8N90E
2016-07-28,2016,7,28,152.9,-0.02,80.2,28.84,206.2,639.1,0.01,0.0,8N90E
2016-07-29,2016,7,29,265.5,-0.01,79.8,28.73,362.0,1050.4,0.09,0.0,8N90E
2016-07-30,2016,7,30,184.8,-0.02,79.9,28.53,269.1,958.1,0.02,0.0,8N90E
2016-07-31,2016,7,31,199.4,-0.02,80.4,28.62,262.4,927.0,0.01,0.0,8N90E
2016-08-01,2016,8,1,291.7,-0.03,80.3,28.75,372.6,1110.1,0.01,0.0,8N90E
2016-08-02,2016,8,2,282.0,-0.02,81.6,28.78,361.8,1042.6,0.01,0.0,8N90E
2016-08-03,2016,8,3,274.1,-0.02,80.2,28.77,360.5,1066.4,0.01,0.0,8N90E
2016-08-04,2016,8,4,230.3,-0.01,81.8,28.85,304.9,1023.2,0.01,0.0,8N90E
2016-08-05,2016,8,5,233.8,-0.03,83.5,28.97,315.3,1016.4,0.03,0.0,8N90E
2016-08-06,2016,8,6,262.3,-0.02,83.3,29.02,337.1,1042.6,0.01,0.0,8N90E
2016-08-07,2016,8,7,249.2,-0.02,83.2,29.03,323.2,1068.8,0.01,0.0,8N90E
2016-08-08,2016,8,8,240.3,-0.01,82.9,29.06,334.8,1090.7,0.01,0.0,8N90E
2016-08-09,2016,8,9,186.1,0.0,82.6,29.05,249.7,932.9,0.01,0.0,8N90E
2016-08-10,2016,8,10,272.6,-0.02,82.6,29.07,363.9,1081.0,0.04,0.0,8N90E
2016-08-11,2016,8,11,282.6,-0.04,83.1,29.1,370.6,1149.9,0.08,0.0,8N90E
2016-08-12,2016,8,12,241.6,-0.01,80.8,29.1,314.4,985.3,0.06,0.0,8N90E
2016-08-13,2016,8,13,240.4,-0.04,81.2,29.07,318.0,995.5,0.08,0.0,8N90E
2016-08-14,2016,8,14,251.2,-0.01,80.1,29.06,331.0,978.0,0.07,0.0,8N90E
2016-08-15,2016,8,15,258.9,-0.06,79.9,29.04,337.8,1062.5,0.18,0.0,8N90E
2016-08-16,2016,8,16,262.6,-0.03,80.7,29.03,353.0,1077.5,0.02,0.0,8N90E
2016-08-17,2016,8,17,273.7,-0.03,79.9,29.01,356.8,1143.1,0.01,0.0,8N90E
2016-08-18,2016,8,18,254.6,-0.02,80.6,29.02,342.4,1078.5,0.01,0.0,8N90E
2016-08-19,2016,8,19,252.6,-0.02,81.8,29.04,328.5,1019.3,0.01,0.0,8N90E
2016-08-20,2016,8,20,282.1,-0.02,81.8,29.09,362.5,1116.4,0.01,0.0,8N90E
2016-08-21,2016,8,21,284.5,-0.02,81.5,29.08,371.7,1094.5,0.01,0.0,8N90E
2016-08-22,2016,8,22,283.4,-0.02,83.2,29.25,363.6,1118.8,0.01,0.0,8N90E
2016-08-23,2016,8,23,163.5,-0.01,84.2,29.09,279.7,1234.4,0.01,0.0,8N90E
2016-08-24,2016,8,24,261.2,0.1,83.8,29.16,347.2,1183.9,1.02,2.0,8N90E
2016-08-25,2016,8,25,68.0,0.01,84.5,29.01,122.2,447.8,0.11,0.0,8N90E
2016-08-26,2016,8,26,26.1,2.93,88.3,28.84,51.7,292.9,5.61,43.0,8N90E
2016-08-27,2016,8,27,50.3,0.2,85.1,28.77,68.3,311.4,0.65,6.0,8N90E
2016-08-28,2016,8,28,222.6,0.49,83.7,28.83,305.9,1100.9,2.27,9.0,8N90E
2016-08-29,2016,8,29,181.8,0.0,82.0,28.77,272.6,1090.7,0.02,0.0,8N90E
2016-08-30,2016,8,30,73.4,0.81,84.2,28.75,121.8,673.1,4.53,12.0,8N90E
2016-08-31,2016,8,31,186.8,0.5,84.0,28.76,282.7,1207.2,1.66,11.0,8N90E
2016-09-01,2016,9,1,160.6,-0.01,82.9,28.69,229.1,894.0,0.04,0.0,8N90E
2016-09-02,2016,9,2,145.0,0.03,83.1,28.56,180.6,624.0,0.33,1.0,8N90E
2016-09-03,2016,9,3,125.1,0.53,82.8,28.54,196.2,1135.8,2.82,6.0,8N90E
2016-09-04,2016,9,4,244.8,0.0,81.8,28.55,343.7,1128.5,0.01,0.0,8N90E
2016-09-05,2016,9,5,238.0,-0.01,82.2,28.56,333.3,1116.4,0.02,0.0,8N90E
2016-09-06,2016,9,6,166.4,-0.01,81.8,28.55,235.5,1056.2,0.01,0.0,8N90E
2016-09-07,2016,9,7,223.5,0.0,83.1,28.61,308.5,1045.5,0.08,0.0,8N90E
2016-09-08,2016,9,8,271.6,0.0,80.6,28.6,357.1,1137.8,0.01,0.0,8N90E
2016-09-09,2016,9,9,262.9,0.0,78.2,28.6,351.9,1100.9,0.02,0.0,8N90E
2016-09-10,2016,9,10,239.1,0.02,79.3,28.59,338.1,1072.2,0.23,1.0,8N90E
2016-09-11,2016,9,11,248.7,0.0,80.6,28.6,346.2,1117.4,0.01,0.0,8N90E
2016-09-12,2016,9,12,186.7,0.0,81.5,28.59,238.7,826.0,0.01,0.0,8N90E
2016-09-13,2016,9,13,232.3,0.0,82.3,28.63,348.9,1115.9,0.05,0.0,8N90E
2016-09-14,2016,9,14,251.3,0.0,82.8,28.65,340.5,1063.0,0.03,0.0,8N90E
2016-09-15,2016,9,15,217.0,0.05,83.6,28.72,311.9,1151.3,0.43,1.0,8N90E
2016-09-16,2016,9,16,239.4,-0.01,82.6,28.81,338.5,1171.3,0.01,0.0,8N90E
2016-09-17,2016,9,17,173.8,0.0,82.0,28.83,250.1,992.6,0.01,0.0,8N90E
2016-09-18,2016,9,18,117.8,0.73,84.2,28.83,182.7,1072.2,3.22,7.0,8N90E
2016-09-19,2016,9,19,177.3,0.0,83.5,28.81,268.4,941.1,0.01,0.0,8N90E
2016-09-20,2016,9,20,180.1,-0.01,82.5,28.82,290.1,1159.1,0.03,0.0,8N90E
2016-09-21,2016,9,21,172.6,-0.02,81.3,28.81,245.6,1018.3,0.1,0.0,8N90E
2016-09-22,2016,9,22,234.8,-0.02,80.3,28.8,329.5,1158.2,0.03,0.0,8N90E
2016-09-23,2016,9,23,187.9,-0.03,80.6,28.79,268.4,960.0,0.1,0.0,8N90E
2016-09-24,2016,9,24,227.7,0.0,80.2,28.81,323.0,1172.2,0.02,0.0,8N90E
2016-09-25,2016,9,25,195.2,-0.01,80.4,28.79,275.2,1101.3,0.02,0.0,8N90E
2016-09-26,2016,9,26,269.3,-0.07,79.3,28.82,359.2,1148.0,0.21,0.0,8N90E
2016-09-27,2016,9,27,266.4,-0.02,79.8,28.89,351.1,1148.9,0.06,0.0,8N90E
2016-09-28,2016,9,28,265.0,-0.02,79.7,28.92,359.8,1066.9,0.01,0.0,8N90E
2016-09-29,2016,9,29,262.9,-0.03,79.1,28.95,358.9,1082.4,0.01,0.0,8N90E
2016-09-30,2016,9,30,237.2,-0.01,80.3,28.94,340.0,1183.9,0.11,0.0,8N90E
2016-10-01,2016,10,1,217.1,-0.02,80.6,28.89,304.9,1214.0,0.01,0.0,8N90E
2016-10-02,2016,10,2,222.9,-0.02,78.7,28.9,302.6,1126.1,0.01,0.0,8N90E
2016-10-03,2016,10,3,253.4,-0.01,80.2,28.96,353.1,1123.7,0.1,1.0,8N90E
2016-10-04,2016,10,4,248.2,-0.02,81.2,28.98,333.6,1115.4,0.01,0.0,8N90E
2016-10-05,2016,10,5,209.7,-0.01,81.8,28.96,300.3,1166.9,0.01,0.0,8N90E
2016-10-06,2016,10,6,264.6,-0.02,82.3,29.01,359.7,1120.3,0.01,0.0,8N90E
2016-10-07,2016,10,7,236.4,-0.02,81.2,28.98,321.1,1108.1,0.01,0.0,8N90E
2016-10-08,2016,10,8,258.8,-0.02,79.6,28.99,349.0,1151.8,0.01,0.0,8N90E
2016-10-09,2016,10,9,254.2,-0.02,76.8,28.98,346.2,1075.6,0.01,0.0,8N90E
2016-10-10,2016,10,10,257.6,-0.02,80.1,28.97,347.1,1064.4,0.01,0.0,8N90E
2016-10-11,2016,10,11,260.8,-0.01,81.2,28.95,349.2,1113.5,0.01,0.0,8N90E
2016-10-12,2016,10,12,268.0,-0.01,81.5,28.92,357.3,1107.7,0.04,0.0,8N90E
2016-10-13,2016,10,13,256.4,0.0,82.1,28.94,347.4,1056.7,0.02,0.0,8N90E
2016-10-14,2016,10,14,254.4,0.16,83.1,28.95,337.4,1017.3,1.5,2.0,8N90E
2016-10-15,2016,10,15,242.6,0.04,81.9,29.05,344.7,1021.7,0.47,1.0,8N90E
2016-10-16,2016,10,16,97.9,0.96,84.4,28.77,165.4,1067.3,5.04,8.0,8N90E
2016-10-17,2016,10,17,53.5,0.16,84.3,28.66,69.6,214.2,0.71,5.0,8N90E
2016-10-18,2016,10,18,86.0,0.29,83.4,28.66,126.0,537.1,0.88,10.0,8N90E
2016-10-19,2016,10,19,178.2,,85.6,28.57,282.9,1014.4,,,8N90E
2016-10-20,2016,10,20,105.0,,85.4,28.54,167.3,1021.7,,,8N90E
2016-10-21,2016,10,21,92.8,,83.3,28.36,136.0,438.6,,,8N90E
2016-10-22,2016,10,22,156.3,,82.1,28.45,229.8,980.0,,,8N90E
2016-10-23,2016,10,23,170.7,,82.8,28.36,240.9,1061.5,,,8N90E
2016-10-24,2016,10,24,245.9,,82.6,28.44,334.4,986.8,,,8N90E
2016-10-25,2016,10,25,208.2,,79.6,28.55,292.8,1084.3,,,8N90E
2016-10-26,2016,10,26,174.0,,74.8,28.67,257.2,1083.4,,,8N90E
2016-10-27,2016,10,27,247.6,,72.6,28.95,328.1,980.0,,,8N90E
2016-10-28,2016,10,28,226.1,,76.7,28.86,311.7,1100.9,,,8N90E
2016-10-29,2016,10,29,259.2,,72.7,29.1,341.6,986.8,,,8N90E
2016-10-30,2016,10,30,264.4,,73.7,29.18,350.2,975.6,,,8N90E
2016-10-31,2016,10,31,253.7,,72.2,29.29,342.2,977.0,,,8N90E
2016-11-01,2016,11,1,233.0,,72.6,29.37,332.6,967.3,,,8N90E
2016-11-02,2016,11,2,256.6,,76.4,29.29,333.0,1051.8,,,8N90E
2016-11-03,2016,11,3,128.3,,85.6,28.79,192.9,948.4,,,8N90E
2016-11-04,2016,11,4,133.8,,87.0,28.56,242.2,1079.5,,,8N90E
2016-11-05,2016,11,5,150.1,,83.7,28.56,224.3,1082.4,,,8N90E
2016-11-06,2016,11,6,253.1,,81.4,28.65,339.8,999.9,,,8N90E
2016-11-07,2016,11,7,147.0,,76.6,28.55,224.5,886.2,,,8N90E
2016-11-08,2016,11,8,246.3,,69.2,28.78,331.3,906.6,,,8N90E
2016-11-09,2016,11,9,192.9,,75.9,28.91,287.0,977.5,,,8N90E
2016-11-10,2016,11,10,250.5,,73.0,29.05,333.3,895.5,,,8N90E
2016-11-11,2016,11,11,265.5,,74.2,29.09,346.7,933.8,,,8N90E
2016-11-12,2016,11,12,213.6,,75.9,29.13,286.1,947.4,,,8N90E
2016-11-13,2016,11,13,248.9,,79.6,29.08,342.5,1037.2,,,8N90E
2016-11-14,2016,11,14,221.8,,81.9,28.91,317.1,1051.8,,,8N90E
2016-11-15,2016,11,15,161.5,,84.0,28.83,287.3,1088.2,,,8N90E
2016-11-16,2016,11,16,211.8,,81.4,28.71,305.0,1105.7,,,8N90E
2016-11-17,2016,11,17,128.1,,82.1,28.68,193.2,996.5,,,8N90E
2016-11-18,2016,11,18,120.7,,84.0,28.65,168.2,735.2,,,8N90E
2016-11-19,2016,11,19,136.4,,83.9,28.66,224.0,1047.9,,,8N90E
2016-11-20,2016,11,20,178.2,,83.7,28.73,246.5,989.7,,,8N90E
2016-11-21,2016,11,21,139.3,,82.1,28.75,200.2,943.5,,,8N90E
2016-11-22,2016,11,22,169.4,,81.9,28.77,276.0,1086.8,,,8N90E
2016-11-23,2016,11,23,129.3,,86.9,28.82,207.5,847.9,,,8N90E
2016-11-24,2016,11,24,204.3,,84.1,28.91,279.3,1018.8,,,8N90E
2016-11-25,2016,11,25,137.3,,85.3,28.82,202.2,936.7,,,8N90E
2016-11-26,2016,11,26,252.7,,83.2,29.0,335.3,972.7,,,8N90E
2016-11-27,2016,11,27,207.8,,83.6,28.89,298.0,946.5,,,8N90E
2016-11-28,2016,11,28,203.5,,84.4,28.86,291.6,1031.4,,,8N90E
2016-11-29,2016,11,29,148.3,,84.4,28.73,258.7,1188.3,,,8N90E
2016-11-30,2016,11,30,207.2,,77.8,28.63,300.8,1071.2,,,8N90E
2016-12-01,2016,12,1,239.7,,78.2,28.7,333.5,900.8,,,8N90E
2016-12-02,2016,12,2,229.0,,78.7,29.02,311.2,975.1,,,8N90E
2016-12-03,2016,12,3,159.7,,81.7,28.72,256.1,1101.8,,,8N90E
2016-12-04,2016,12,4,149.5,,81.7,28.61,219.1,954.7,,,8N90E
2016-12-05,2016,12,5,163.8,,83.4,28.65,283.0,1154.3,,,8N90E
2016-12-06,2016,12,6,77.8,,83.5,28.62,118.4,661.9,,,8N90E
2016-12-07,2016,12,7,161.4,,82.2,28.62,285.5,1233.4,,,8N90E
2016-12-08,2016,12,8,127.9,,82.7,28.52,174.3,883.3,,,8N90E
2016-12-09,2016,12,9,197.9,,77.7,28.36,282.1,1172.2,,,8N90E
2016-12-10,2016,12,10,241.8,,70.3,28.25,317.9,1004.7,,,8N90E
2016-12-11,2016,12,11,234.1,,76.0,28.26,313.7,870.2,,,8N90E
2016-12-12,2016,12,12,215.5,,81.0,28.38,303.5,1064.0,,,8N90E
2016-12-13,2016,12,13,219.8,,80.8,28.4,314.3,1090.2,,,8N90E
2016-12-14,2016,12,14,213.6,,78.9,28.59,302.1,974.1,,,8N90E
2016-12-15,2016,12,15,217.4,,78.7,28.62,302.9,1005.2,,,8N90E
2016-12-16,2016,12,16,212.4,,79.3,28.54,293.2,1064.4,,,8N90E
2016-12-17,2016,12,17,203.0,,78.6,28.41,263.3,958.6,,,8N90E
2016-12-18,2016,12,18,221.9,,80.2,28.71,321.7,1028.5,,,8N90E
2016-12-19,2016,12,19,255.7,,78.2,28.97,333.6,927.5,,,8N90E
2016-12-20,2016,12,20,230.6,,79.5,29.0,330.0,987.2,,,8N90E
2016-12-21,2016,12,21,240.3,,74.4,28.78,327.1,1017.8,,,8N90E
2016-12-22,2016,12,22,208.2,,75.3,28.69,296.0,1012.0,,,8N90E
2016-12-23,2016,12,23,93.3,,77.2,28.57,145.3,583.7,,,8N90E
2016-12-24,2016,12,24,128.6,,83.2,28.53,195.8,1091.6,,,8N90E
2016-12-25,2016,12,25,209.1,,81.7,28.78,313.9,1181.5,,,8N90E
2016-12-26,2016,12,26,233.7,,83.5,28.66,325.7,1042.1,,,8N90E
2016-12-27,2016,12,27,193.8,,81.1,28.59,281.5,973.2,,,8N90E
2016-12-28,2016,12,28,207.3,,80.6,28.65,309.8,982.9,,,8N90E
2016-12-29,2016,12,29,239.3,,78.7,28.6,319.1,1011.0,,,8N90E
2016-12-30,2016,12,30,84.2,,85.0,28.5,132.8,567.2,,,8N90E
2016-12-31,2016,12,31,63.1,,81.5,28.39,89.4,507.0,,,8N90E
2017-01-01,2017,1,1,61.4,,83.7,28.34,80.5,271.5,,,8N90E
2017-01-02,2017,1,2,37.0,,85.3,28.21,54.7,174.9,,,8N90E
2017-01-03,2017,1,3,127.3,,84.6,28.22,213.6,1137.8,,,8N90E
2017-01-04,2017,1,4,56.9,,84.6,28.12,82.3,379.8,,,8N90E
2017-01-05,2017,1,5,160.3,,81.8,28.18,230.7,1030.0,,,8N90E
2017-01-06,2017,1,6,247.7,,78.8,28.2,331.6,989.2,,,8N90E
2017-01-07,2017,1,7,241.9,,78.7,28.27,332.5,997.4,,,8N90E
2017-01-08,2017,1,8,231.9,,83.3,28.37,330.2,1194.1,,,8N90E
2017-01-09,2017,1,9,118.0,,82.8,28.34,181.8,883.8,,,8N90E
2017-01-10,2017,1,10,111.8,,79.8,28.35,152.2,625.5,,,8N90E
2017-01-11,2017,1,11,161.0,,69.2,28.27,207.5,933.8,,,8N90E
2017-01-12,2017,1,12,271.9,,67.2,28.36,353.9,1012.0,,,8N90E
2017-01-13,2017,1,13,261.8,,69.8,28.33,349.3,968.8,,,8N90E
2017-01-14,2017,1,14,,0.0,68.6,28.31,,,0.3,0.0,8N90E
2017-01-15,2017,1,15,226.1,0.0,70.2,28.27,312.3,1064.4,0.3,0.0,8N90E
2017-01-16,2017,1,16,186.5,0.0,74.5,28.2,276.3,1111.2,0.3,0.0,8N90E
2017-01-17,2017,1,17,242.7,0.0,75.8,28.17,324.5,994.8,0.3,0.0,8N90E
2017-01-18,2017,1,18,204.3,0.0,80.8,28.06,291.0,1016.8,0.3,0.0,8N90E
2017-01-19,2017,1,19,216.7,0.0,84.4,28.36,311.3,1164.8,0.3,0.0,8N90E
2017-01-20,2017,1,20,152.8,0.5,83.6,28.26,260.1,1249.2,17.1,5.0,8N90E
2017-01-21,2017,1,21,122.1,0.3,85.4,28.25,213.5,1151.7,9.4,12.0,8N90E
2017-01-22,2017,1,22,39.0,1.0,87.3,28.1,73.2,427.3,18.7,10.0,8N90E
2017-01-23,2017,1,23,126.6,0.0,82.8,28.12,192.0,929.4,0.3,0.0,8N90E
2017-01-24,2017,1,24,207.5,0.0,82.2,28.12,297.1,1230.8,0.3,0.0,8N90E
2017-01-25,2017,1,25,159.2,0.5,84.5,28.13,241.9,1113.2,5.0,3.0,8N90E
2017-01-26,2017,1,26,192.3,0.0,83.4,28.18,281.6,1084.1,0.3,0.0,8N90E
2017-01-27,2017,1,27,104.1,0.9,85.8,28.08,150.3,854.0,22.5,1.0,8N90E
2017-01-28,2017,1,28,114.6,0.4,84.0,28.08,175.3,922.1,13.4,2.0,8N90E
2017-01-29,2017,1,29,261.8,0.0,79.8,28.17,345.7,1020.9,0.2,0.0,8N90E
2017-01-30,2017,1,30,265.0,0.0,73.3,28.17,354.1,1055.5,0.2,0.0,8N90E
2017-01-31,2017,1,31,268.0,0.0,70.5,28.28,353.1,983.9,0.2,0.0,8N90E
2017-02-01,2017,2,1,,0.0,69.3,28.2,,,0.2,0.0,8N90E
2017-02-02,2017,2,2,184.8,0.1,75.9,28.1,266.8,1044.4,1.0,1.0,8N90E
2017-02-03,2017,2,3,223.2,0.0,75.1,28.12,326.0,988.2,0.2,0.0,8N90E
2017-02-04,2017,2,4,244.4,0.0,78.0,28.09,326.9,1101.5,0.2,0.0,8N90E
2017-02-05,2017,2,5,254.8,0.0,81.4,28.14,344.3,991.8,0.2,0.0,8N90E
2017-02-06,2017,2,6,243.1,0.0,80.5,28.13,336.6,1009.7,0.2,0.0,8N90E
2017-02-07,2017,2,7,245.3,0.0,78.3,28.2,344.3,1017.5,0.2,0.0,8N90E
2017-02-08,2017,2,8,257.3,0.0,71.0,28.11,351.9,1070.2,0.2,0.0,8N90E
2017-02-09,2017,2,9,291.6,0.0,65.2,28.12,376.1,997.5,0.2,0.0,8N90E
2017-02-10,2017,2,10,284.3,0.0,58.7,28.17,371.6,1035.2,0.2,0.0,8N90E
2017-02-11,2017,2,11,291.8,0.0,62.4,28.16,377.1,1183.7,0.2,0.0,8N90E
2017-02-12,2017,2,12,273.6,0.0,79.0,28.4,361.4,1018.2,1.3,0.0,8N90E
2017-02-13,2017,2,13,258.8,0.2,81.8,28.55,347.4,1114.4,6.2,2.0,8N90E
2017-02-14,2017,2,14,252.9,0.0,79.5,28.49,341.8,1073.3,0.2,0.0,8N90E
2017-02-15,2017,2,15,271.7,0.0,77.0,28.5,356.9,1104.0,0.3,0.0,8N90E
2017-02-16,2017,2,16,273.2,0.0,76.2,28.48,363.3,1054.5,0.3,0.0,8N90E
2017-02-17,2017,2,17,237.0,0.0,78.7,28.44,335.3,1048.1,0.3,0.0,8N90E
2017-02-18,2017,2,18,249.6,0.0,78.9,28.44,349.8,1074.7,0.2,0.0,8N90E
2017-02-19,2017,2,19,272.3,0.0,77.9,28.49,362.6,1134.3,0.2,0.0,8N90E
2017-02-20,2017,2,20,257.1,0.0,76.6,28.65,352.8,1118.4,0.2,0.0,8N90E
2017-02-21,2017,2,21,286.5,0.0,75.5,28.71,377.2,1137.2,0.2,0.0,8N90E
2017-02-22,2017,2,22,271.6,0.0,76.6,28.64,373.1,1155.5,0.2,0.0,8N90E
2017-02-23,2017,2,23,261.3,0.6,79.0,28.61,355.5,1078.6,6.5,2.0,8N90E
2017-02-24,2017,2,24,247.0,0.0,80.9,28.55,346.1,1125.1,0.6,3.0,8N90E
2017-02-25,2017,2,25,94.6,0.6,84.1,28.48,175.9,712.7,23.7,11.0,8N90E
2017-02-26,2017,2,26,225.2,0.2,83.2,28.5,350.1,1276.5,7.1,26.0,8N90E
2017-02-27,2017,2,27,276.5,0.0,81.6,28.69,365.1,1081.1,0.2,0.0,8N90E
2017-02-28,2017,2,28,230.9,0.0,79.7,28.59,311.0,1032.5,0.3,0.0,8N90E
2017-03-01,2017,3,1,146.4,0.5,85.3,28.53,224.0,1250.5,14.9,11.0,8N90E
2017-03-02,2017,3,2,260.3,0.1,83.6,28.54,370.1,1176.7,3.9,2.0,8N90E
2017-03-03,2017,3,3,280.3,0.0,81.6,28.62,364.2,1086.2,0.2,0.0,8N90E
2017-03-04,2017,3,4,262.2,0.0,80.4,28.94,358.2,1181.1,0.2,0.0,8N90E
2017-03-05,2017,3,5,260.7,0.0,79.9,28.91,344.3,1092.5,0.2,0.0,8N90E
2017-03-06,2017,3,6,285.4,0.0,79.1,28.86,381.8,1185.4,0.2,0.0,8N90E
2017-03-07,2017,3,7,285.3,0.0,78.2,29.09,387.3,1196.0,0.1,0.0,8N90E
2017-03-08,2017,3,8,272.3,0.0,77.8,29.05,363.6,1005.5,0.2,0.0,8N90E
2017-03-09,2017,3,9,294.2,0.0,76.7,29.06,381.7,1029.3,0.2,0.0,8N90E
2017-03-10,2017,3,10,293.8,0.0,78.3,29.15,388.1,1153.1,0.2,0.0,8N90E
2017-03-11,2017,3,11,295.1,0.0,76.8,29.57,385.0,1156.4,0.1,0.0,8N90E
2017-03-12,2017,3,12,305.0,0.0,75.3,29.54,389.5,1030.3,0.2,0.0,8N90E
2017-03-13,2017,3,13,301.5,0.0,72.9,29.29,386.7,1037.5,0.1,0.0,8N90E
2017-03-14,2017,3,14,290.3,0.0,74.3,29.22,380.6,1167.1,0.2,0.0,8N90E
2017-03-15,2017,3,15,298.3,0.0,72.1,29.05,387.9,1108.4,0.2,0.0,8N90E
2017-03-16,2017,3,16,298.7,0.0,68.9,29.16,385.8,1029.2,0.2,0.0,8N90E
2017-03-17,2017,3,17,305.4,0.0,64.3,29.08,394.1,1048.9,0.3,0.0,8N90E
2017-03-18,2017,3,18,305.1,0.0,64.8,29.43,390.7,1043.7,0.2,0.0,8N90E
2017-03-19,2017,3,19,292.7,0.0,64.4,29.81,383.7,1055.6,0.2,0.0,8N90E
2017-03-20,2017,3,20,291.5,0.0,65.6,29.9,390.1,1037.8,0.1,0.0,8N90E
2017-03-21,2017,3,21,289.2,0.0,67.1,29.52,371.6,1101.1,0.3,0.0,8N90E
2017-03-22,2017,3,22,310.1,0.0,69.9,29.27,397.5,1140.3,0.3,0.0,8N90E
2018-11-18,2018,11,18,123.3,0.5,86.5,28.88,220.0,1052.6,9.2,11.0,8N90E
2018-11-19,2018,11,19,184.2,0.0,82.7,28.81,287.4,1139.3,0.6,1.0,8N90E
2018-11-20,2018,11,20,130.0,0.0,83.3,28.89,198.5,1129.2,0.4,1.0,8N90E
2018-11-21,2018,11,21,259.1,0.0,80.1,29.23,340.3,1035.6,0.2,0.0,8N90E
2018-11-22,2018,11,22,212.9,0.0,81.2,29.18,290.4,1110.3,0.2,0.0,8N90E
2018-11-23,2018,11,23,215.0,0.0,79.6,29.06,321.6,1006.6,0.8,1.0,8N90E
2018-11-24,2018,11,24,244.4,0.0,79.7,29.1,330.3,1119.5,0.5,3.0,8N90E
2018-11-25,2018,11,25,249.3,0.3,77.5,29.36,337.8,964.7,3.4,3.0,8N90E
2018-11-26,2018,11,26,239.7,0.0,78.7,29.26,328.8,988.5,0.4,0.0,8N90E
2018-11-27,2018,11,27,208.9,0.0,77.4,29.24,308.1,1147.3,0.9,2.0,8N90E
2018-11-28,2018,11,28,243.5,0.0,76.1,29.13,331.5,938.1,0.5,2.0,8N90E
2018-11-29,2018,11,29,247.7,0.0,76.8,29.13,330.4,1008.7,0.5,2.0,8N90E
2018-11-30,2018,11,30,109.3,0.1,81.9,29.08,178.1,917.9,10.5,5.0,8N90E
2018-12-01,2018,12,1,154.1,0.1,84.1,28.99,251.0,1170.3,1.2,5.0,8N90E
2018-12-02,2018,12,2,226.4,0.0,82.6,29.04,336.8,1101.5,0.7,5.0,8N90E
2018-12-03,2018,12,3,252.9,0.0,81.0,29.01,338.7,966.5,0.7,6.0,8N90E
2018-12-04,2018,12,4,233.4,0.0,83.2,29.01,325.4,963.1,9.0,5.0,8N90E
2018-12-05,2018,12,5,161.3,0.9,85.3,29.01,288.4,1010.8,8.5,15.0,8N90E
2018-12-06,2018,12,6,63.3,0.8,84.4,28.81,113.7,502.8,2.0,19.0,8N90E
2018-12-07,2018,12,7,202.4,0.2,82.6,28.74,287.2,950.5,1.2,7.0,8N90E
2018-12-08,2018,12,8,173.3,0.0,83.8,28.74,251.9,1156.3,0.6,4.0,8N90E
2018-12-09,2018,12,9,244.0,0.0,82.0,28.95,334.3,1062.4,0.5,2.0,8N90E
2018-12-10,2018,12,10,193.1,0.4,83.5,28.98,285.0,1088.0,8.5,13.0,8N90E
2018-12-11,2018,12,11,165.0,0.2,85.1,28.85,267.5,1086.9,2.4,3.0,8N90E
2018-12-12,2018,12,12,112.4,1.5,87.1,28.7,202.1,1011.1,8.0,14.0,8N90E
2018-12-13,2018,12,13,32.0,0.6,87.6,28.64,50.9,215.4,4.0,8.0,8N90E
2018-12-14,2018,12,14,215.4,0.7,85.4,28.75,294.7,1023.9,5.3,6.0,8N90E
2018-12-15,2018,12,15,146.2,0.4,83.4,28.75,261.9,1107.7,8.5,4.0,8N90E
2018-12-16,2018,12,16,169.4,0.4,83.8,28.58,302.5,1234.9,8.7,6.0,8N90E
2018-12-17,2018,12,17,253.0,0.0,80.8,28.97,343.2,1062.7,0.4,1.0,8N90E
2018-12-18,2018,12,18,113.4,0.0,84.5,28.8,173.8,795.0,0.4,1.0,8N90E
2018-12-19,2018,12,19,65.1,0.6,86.9,28.7,122.3,920.5,8.9,10.0,8N90E
2018-12-20,2018,12,20,214.2,1.5,87.9,28.71,321.2,1082.0,6.4,13.0,8N90E
2018-12-21,2018,12,21,206.6,0.0,80.3,28.84,310.8,935.8,0.2,0.0,8N90E
2018-12-22,2018,12,22,232.3,0.6,81.8,28.91,349.7,1023.8,4.4,5.0,8N90E
2018-12-23,2018,12,23,242.1,0.0,81.9,28.93,341.9,913.5,0.7,0.0,8N90E
2018-12-24,2018,12,24,235.6,0.0,81.0,28.96,322.5,1004.7,0.1,0.0,8N90E
2018-12-25,2018,12,25,228.2,0.0,80.9,29.05,312.1,1017.0,0.2,0.0,8N90E
2018-12-26,2018,12,26,168.0,0.8,78.9,28.94,258.1,1186.5,5.4,3.0,8N90E
2018-12-27,2018,12,27,231.5,0.0,71.4,28.97,319.0,1036.7,0.2,0.0,8N90E
2018-12-28,2018,12,28,199.0,0.0,69.2,28.92,283.3,955.9,0.2,0.0,8N90E
2018-12-29,2018,12,29,203.3,0.0,68.1,28.84,303.6,1015.0,0.3,0.0,8N90E
2018-12-30,2018,12,30,121.6,0.0,77.2,28.84,186.9,779.1,0.3,0.0,8N90E
2018-12-31,2018,12,31,146.0,0.0,79.2,28.84,216.0,1152.1,0.4,0.0,8N90E
2019-01-01,2019,1,1,206.8,0.0,80.5,28.81,297.5,1017.5,0.6,0.0,8N90E
2019-01-02,2019,1,2,206.4,0.1,81.0,28.83,306.8,997.5,1.5,1.0,8N90E
2019-01-03,2019,1,3,58.5,0.2,80.7,28.8,78.0,339.9,2.0,3.0,8N90E
2019-01-04,2019,1,4,239.3,0.0,76.4,28.92,327.1,1018.1,0.3,0.0,8N90E
2019-01-05,2019,1,5,243.5,0.0,73.2,28.91,338.3,1060.7,0.3,0.0,8N90E
2019-01-06,2019,1,6,228.4,0.1,81.6,28.88,325.8,1063.7,2.9,6.0,8N90E
2019-01-07,2019,1,7,92.6,0.2,85.6,28.76,131.0,652.9,0.8,10.0,8N90E
2019-01-08,2019,1,8,196.1,0.0,79.7,29.01,261.1,928.6,0.2,0.0,8N90E
2019-01-09,2019,1,9,222.7,0.0,80.2,29.02,321.9,1038.5,0.3,0.0,8N90E
2019-01-10,2019,1,10,242.4,0.0,79.7,28.93,332.8,1017.9,0.3,0.0,8N90E
2019-01-11,2019,1,11,136.4,0.0,79.4,28.89,181.6,657.7,0.3,0.0,8N90E
2019-01-12,2019,1,12,183.3,0.2,80.1,28.88,268.3,1062.6,2.9,1.0,8N90E
2019-01-13,2019,1,13,243.3,0.0,77.7,28.89,336.6,1025.8,0.2,0.0,8N90E
2019-01-14,2019,1,14,184.3,0.0,82.0,28.9,297.9,1129.3,0.4,1.0,8N90E
2019-01-15,2019,1,15,113.8,0.2,81.3,28.79,161.4,854.2,2.3,2.0,8N90E
2019-01-16,2019,1,16,234.9,0.0,76.1,28.7,332.8,986.0,0.3,0.0,8N90E
2019-01-17,2019,1,17,168.6,0.0,76.8,28.62,262.6,1056.3,0.5,1.0,8N90E
2019-01-18,2019,1,18,165.8,0.0,79.9,28.57,255.7,1046.2,0.6,1.0,8N90E
2019-01-19,2019,1,19,230.0,0.0,82.4,28.62,321.7,1056.2,0.3,0.0,8N90E
2019-01-20,2019,1,20,164.6,0.7,82.6,28.6,277.6,1299.1,5.7,7.0,8N90E
2019-01-21,2019,1,21,147.3,0.1,81.3,28.61,210.7,874.2,1.1,3.0,8N90E
2019-01-22,2019,1,22,7.4,3.2,86.9,28.49,11.3,74.6,19.6,22.0,8N90E
2019-01-23,2019,1,23,160.0,0.2,83.1,28.49,240.2,1074.6,2.9,1.0,8N90E
2019-01-24,2019,1,24,216.6,0.0,80.6,28.45,309.0,995.9,0.3,0.0,8N90E
2019-01-25,2019,1,25,245.2,0.0,76.1,28.45,340.2,1017.1,0.3,0.0,8N90E
2019-01-26,2019,1,26,262.2,0.0,76.2,28.75,354.0,1062.1,0.3,0.0,8N90E
2019-01-27,2019,1,27,262.3,0.0,74.6,28.68,349.7,951.2,0.4,0.0,8N90E
2019-01-28,2019,1,28,246.5,0.0,75.4,28.72,325.4,1023.4,0.3,0.0,8N90E
2019-01-29,2019,1,29,226.2,0.0,74.7,28.62,321.9,1009.4,0.3,0.0,8N90E
2019-01-30,2019,1,30,223.6,0.0,74.1,28.5,325.4,1054.7,0.3,0.0,8N90E
2019-01-31,2019,1,31,169.6,0.0,80.0,28.45,259.3,1048.2,0.7,1.0,8N90E
2019-02-01,2019,2,1,206.7,0.0,81.1,28.56,306.8,1116.0,0.4,0.0,8N90E
2019-02-02,2019,2,2,170.5,1.3,81.8,28.58,248.6,1167.5,6.1,8.0,8N90E
2019-02-03,2019,2,3,259.6,0.0,80.0,28.78,348.7,1064.7,0.2,0.0,8N90E
2019-02-04,2019,2,4,257.8,1.1,82.5,28.78,347.3,1088.3,11.0,5.0,8N90E
2019-02-05,2019,2,5,263.9,0.0,79.4,28.78,348.8,1061.6,0.4,1.0,8N90E
2019-02-06,2019,2,6,261.2,0.0,76.9,28.76,345.3,938.4,0.3,0.0,8N90E
2019-02-07,2019,2,7,247.6,0.0,80.0,28.81,336.9,1021.3,0.3,0.0,8N90E
2019-02-08,2019,2,8,267.2,0.0,79.7,29.0,356.3,1044.6,0.3,0.0,8N90E
2019-02-09,2019,2,9,183.0,0.0,79.2,28.9,314.5,1188.3,0.5,1.0,8N90E
2019-02-10,2019,2,10,270.8,0.0,79.8,28.92,355.1,1090.6,0.3,0.0,8N90E
2019-02-11,2019,2,11,254.8,0.0,78.9,28.91,347.6,1052.9,0.3,0.0,8N90E
2019-02-12,2019,2,12,254.8,0.0,79.4,28.88,351.2,1055.6,0.7,1.0,8N90E
2019-02-13,2019,2,13,259.8,0.0,79.4,28.89,351.3,1084.6,0.3,0.0,8N90E
2019-02-14,2019,2,14,261.4,0.0,80.0,28.94,350.5,1131.5,0.3,0.0,8N90E
2019-02-15,2019,2,15,252.3,0.0,79.3,28.96,340.6,1030.0,0.3,0.0,8N90E
2019-02-16,2019,2,16,257.6,0.0,78.4,29.11,350.3,986.4,0.3,1.0,8N90E
2019-02-17,2019,2,17,262.9,0.0,77.9,29.25,359.4,1155.0,0.2,0.0,8N90E
2019-02-18,2019,2,18,300.8,0.0,75.1,29.45,393.9,1041.6,0.2,0.0,8N90E
2019-02-19,2019,2,19,288.7,0.0,72.4,29.38,384.2,1128.9,0.4,0.0,8N90E
2019-02-20,2019,2,20,300.3,0.0,71.8,29.23,395.3,1076.1,0.3,0.0,8N90E
2019-02-21,2019,2,21,295.6,0.0,71.7,29.12,389.6,1156.6,0.4,0.0,8N90E
2019-02-22,2019,2,22,267.6,0.0,75.5,29.06,370.5,1177.7,0.3,0.0,8N90E
2019-02-23,2019,2,23,294.1,0.0,76.6,28.95,383.0,1070.6,0.3,0.0,8N90E
2019-02-24,2019,2,24,270.0,0.0,81.1,28.82,376.3,1172.8,0.3,0.0,8N90E
2019-02-25,2019,2,25,251.4,0.0,79.5,28.75,349.8,1317.3,0.3,0.0,8N90E
2019-02-26,2019,2,26,290.3,0.0,76.0,28.64,376.7,1018.0,0.3,0.0,8N90E
2019-02-27,2019,2,27,276.4,0.0,76.0,28.74,366.6,1209.4,0.3,0.0,8N90E
2019-02-28,2019,2,28,269.4,0.1,79.3,29.02,352.3,1065.1,1.0,2.0,8N90E
2019-03-01,2019,3,1,281.1,0.0,79.9,28.87,368.7,1145.5,0.2,0.0,8N90E
2019-03-02,2019,3,2,259.8,0.0,78.5,28.87,356.7,1133.9,0.2,0.0,8N90E
2019-03-03,2019,3,3,286.0,0.0,76.4,28.87,381.8,1064.0,0.3,0.0,8N90E
2019-03-04,2019,3,4,251.6,0.0,76.7,29.04,345.4,1130.4,0.3,0.0,8N90E
2019-03-05,2019,3,5,274.3,0.0,80.0,29.31,374.2,1024.5,0.8,1.0,8N90E
2019-03-06,2019,3,6,250.8,0.0,73.5,29.63,344.0,1198.9,0.4,2.0,8N90E
2019-03-07,2019,3,7,310.5,0.0,67.8,30.33,396.9,1049.6,0.3,0.0,8N90E
2019-03-08,2019,3,8,297.6,0.0,71.0,29.99,391.8,1216.3,0.2,0.0,8N90E
2019-03-09,2019,3,9,292.9,0.0,72.1,29.76,390.2,1182.7,0.4,1.0,8N90E
2019-03-10,2019,3,10,309.2,0.0,70.7,29.62,398.9,1070.7,0.3,0.0,8N90E
2019-03-11,2019,3,11,254.8,0.0,67.8,29.56,345.8,1213.0,0.3,0.0,8N90E
2019-03-12,2019,3,12,286.1,0.0,70.1,29.56,385.3,1085.9,0.3,0.0,8N90E
2019-03-13,2019,3,13,262.3,0.0,70.2,29.53,362.4,1187.1,0.3,0.0,8N90E
2019-03-14,2019,3,14,304.6,0.0,68.9,29.53,395.0,1053.3,0.2,0.0,8N90E
2019-03-15,2019,3,15,304.1,0.0,73.1,29.64,393.7,1079.4,0.3,0.0,8N90E
2019-03-16,2019,3,16,274.9,0.0,76.6,29.59,365.5,1092.6,0.3,0.0,8N90E
2019-03-17,2019,3,17,287.8,0.0,74.0,29.57,377.6,1113.7,0.3,0.0,8N90E
2019-03-18,2019,3,18,294.2,0.0,74.4,29.59,378.6,1009.7,0.3,0.0,8N90E
2019-03-19,2019,3,19,285.4,0.0,76.4,29.77,371.2,1026.0,0.2,0.0,8N90E
2019-03-20,2019,3,20,283.9,0.0,77.4,29.71,379.2,1012.4,0.2,0.0,8N90E
2019-03-21,2019,3,21,237.3,0.0,78.3,29.78,343.5,1124.6,0.2,0.0,8N90E
2019-03-22,2019,3,22,281.7,0.0,75.9,29.87,372.8,1081.8,0.2,0.0,8N90E
2019-03-23,2019,3,23,320.0,0.0,70.6,29.97,406.5,1080.4,0.2,0.0,8N90E
2019-03-24,2019,3,24,308.9,0.0,69.9,29.87,398.9,1154.3,0.2,0.0,8N90E
2019-03-25,2019,3,25,303.7,0.0,71.4,29.71,394.2,1176.2,0.2,0.0,8N90E
2019-03-26,2019,3,26,292.5,0.0,71.3,29.76,383.6,1108.2,0.2,0.0,8N90E
2019-03-27,2019,3,27,298.3,0.0,75.8,29.93,386.4,1044.3,0.2,0.0,8N90E
2019-03-28,2019,3,28,275.2,0.0,79.9,29.83,373.9,1139.9,0.4,0.0,8N90E
2019-03-29,2019,3,29,302.7,0.1,77.2,30.29,390.7,1246.0,1.2,1.0,8N90E
2019-03-30,2019,3,30,271.8,0.0,76.0,30.72,383.8,1237.9,0.4,0.0,8N90E
2019-03-31,2019,3,31,261.3,0.1,75.2,30.65,365.8,1322.8,0.7,1.0,8N90E
2019-04-01,2019,4,1,306.7,0.3,74.2,30.78,387.9,1136.9,3.8,2.0,8N90E
2019-04-02,2019,4,2,288.8,0.0,75.9,30.87,397.1,1407.8,0.3,0.0,8N90E
2019-04-03,2019,4,3,212.0,0.6,78.0,30.56,320.8,1142.8,5.0,4.0,8N90E
2019-04-04,2019,4,4,239.2,0.2,77.2,30.63,373.6,1382.2,15.0,3.0,8N90E
2019-04-05,2019,4,5,312.6,0.0,74.6,30.84,401.5,1161.9,0.2,0.0,8N90E
2019-04-06,2019,4,6,281.8,0.0,76.7,30.77,386.8,1182.4,0.2,0.0,8N90E
2019-04-07,2019,4,7,210.3,0.1,77.2,30.64,330.5,1218.3,0.7,1.0,8N90E
2019-04-08,2019,4,8,217.2,0.0,77.3,30.76,347.4,1181.9,0.1,0.0,8N90E
2019-04-09,2019,4,9,226.4,0.1,77.9,30.87,327.4,1294.5,2.4,1.0,8N90E
2019-04-10,2019,4,10,222.8,0.2,77.4,30.81,349.7,1216.4,3.3,1.0,8N90E
2019-04-11,2019,4,11,237.3,0.0,75.0,30.86,319.9,1134.0,0.2,0.0,8N90E
2019-04-12,2019,4,12,289.8,0.0,73.0,31.1,383.5,1231.2,0.2,0.0,8N90E
2019-04-13,2019,4,13,312.3,0.0,69.1,31.18,397.5,1142.3,0.2,0.0,8N90E
2019-04-14,2019,4,14,273.4,0.0,69.1,31.17,367.5,1122.6,0.2,0.0,8N90E
2019-04-15,2019,4,15,285.9,0.0,71.7,31.26,377.9,1341.4,0.2,0.0,8N90E
2019-04-16,2019,4,16,212.0,0.4,76.8,30.83,302.4,1218.9,13.1,0.0,8N90E
2019-04-17,2019,4,17,306.8,0.1,73.6,31.38,397.8,1057.2,14.3,1.0,8N90E
2019-04-18,2019,4,18,240.4,0.0,75.0,31.15,335.4,1165.7,0.2,0.0,8N90E
2019-04-19,2019,4,19,259.8,0.0,72.0,31.7,350.8,1209.5,0.2,0.0,8N90E
2019-04-20,2019,4,20,283.9,0.0,72.7,31.59,379.5,1166.3,0.3,0.0,8N90E
2019-04-21,2019,4,21,297.5,0.0,73.6,31.55,393.9,1110.1,0.2,0.0,8N90E
2019-04-22,2019,4,22,247.5,0.0,71.2,31.2,315.1,1080.3,0.4,0.0,8N90E
2019-04-23,2019,4,23,270.9,0.0,74.1,31.3,359.7,1037.2,0.2,0.0,8N90E
2019-04-24,2019,4,24,254.3,0.0,76.2,31.15,349.4,1111.4,0.2,0.0,8N90E
2019-04-25,2019,4,25,114.8,0.0,77.1,31.03,152.4,724.4,0.2,0.0,8N90E
2019-04-26,2019,4,26,114.5,0.0,75.9,30.87,151.7,681.2,0.1,0.0,8N90E
2019-04-27,2019,4,27,108.1,1.2,81.5,30.65,175.2,1031.3,6.7,8.0,8N90E
2019-04-28,2019,4,28,85.7,1.3,86.4,30.24,122.1,639.0,6.6,9.0,8N90E
2019-04-29,2019,4,29,36.8,2.1,87.5,29.77,79.2,440.3,7.5,20.0,8N90E
2019-04-30,2019,4,30,143.8,0.6,84.6,29.36,237.5,1054.9,3.2,8.0,8N90E
2019-05-01,2019,5,1,116.9,0.0,85.2,29.42,160.1,838.9,0.6,1.0,8N90E
2019-05-02,2019,5,2,287.1,0.0,85.3,29.07,363.8,1134.8,0.2,0.0,8N90E
2019-05-03,2019,5,3,291.6,0.1,85.4,28.88,372.4,1043.0,1.2,1.0,8N90E
2019-05-04,2019,5,4,252.3,0.0,83.2,28.88,353.3,1205.2,0.3,0.0,8N90E
2019-05-05,2019,5,5,279.7,0.0,82.7,29.4,375.3,1238.3,0.2,0.0,8N90E
2019-05-06,2019,5,6,274.8,0.0,81.3,29.52,372.4,1130.4,0.2,0.0,8N90E
2019-05-07,2019,5,7,280.4,0.0,80.3,29.45,367.5,1157.4,0.2,0.0,8N90E
2019-05-08,2019,5,8,293.3,0.0,77.8,29.61,375.8,1040.0,0.2,0.0,8N90E
2019-05-09,2019,5,9,264.8,0.0,79.1,29.76,355.5,1083.9,0.2,0.0,8N90E
2019-05-10,2019,5,10,285.6,0.0,80.1,29.91,371.9,1074.1,0.2,0.0,8N90E
2019-05-11,2019,5,11,281.1,0.6,81.9,30.05,376.8,1003.2,4.1,6.0,8N90E
2019-05-12,2019,5,12,54.7,0.6,82.5,29.75,75.0,251.1,3.4,11.0,8N90E
2019-05-13,2019,5,13,263.1,0.0,78.9,29.77,359.4,1085.9,0.2,0.0,8N90E
2019-05-14,2019,5,14,285.3,0.0,78.0,29.88,367.8,1074.2,0.2,0.0,8N90E
2019-05-15,2019,5,15,301.4,0.0,78.8,29.94,386.0,1127.0,0.2,0.0,8N90E
2019-05-16,2019,5,16,260.3,0.4,79.7,29.92,348.2,1041.9,5.4,2.0,8N90E
2019-05-17,2019,5,17,247.1,0.1,79.3,29.96,335.6,1393.8,1.3,1.0,8N90E
2019-05-18,2019,5,18,286.8,0.0,79.7,30.03,368.7,1099.1,0.3,0.0,8N90E
2019-05-19,2019,5,19,261.4,0.0,79.2,30.04,352.0,1181.0,0.2,0.0,8N90E
2019-05-20,2019,5,20,168.3,0.9,80.2,30.04,227.8,860.5,9.0,9.0,8N90E
2019-05-21,2019,5,21,278.4,0.0,77.1,30.14,364.7,1084.7,0.2,0.0,8N90E
2019-05-22,2019,5,22,258.8,0.0,78.3,30.27,350.5,1189.7,1.1,1.0,8N90E
2019-05-23,2019,5,23,290.0,0.0,76.5,30.51,381.4,1038.7,0.2,0.0,8N90E
2019-05-24,2019,5,24,296.9,0.0,77.6,30.28,375.8,1203.5,0.2,0.0,8N90E
2019-05-25,2019,5,25,269.6,0.0,78.1,30.34,358.6,1156.3,0.3,1.0,8N90E
2019-05-26,2019,5,26,294.0,0.0,79.3,30.39,376.4,1068.6,0.2,0.0,8N90E
2019-05-27,2019,5,27,264.0,0.0,78.4,30.35,349.4,1162.5,0.2,0.0,8N90E
2019-05-28,2019,5,28,186.9,0.0,78.0,30.23,246.7,867.6,0.3,0.0,8N90E
2019-05-29,2019,5,29,140.9,0.1,80.9,30.16,215.9,1084.2,2.0,1.0,8N90E
2019-05-30,2019,5,30,157.2,0.1,82.4,30.08,226.9,887.4,0.6,3.0,8N90E
2019-05-31,2019,5,31,239.2,0.1,80.9,30.02,335.0,1151.7,1.2,3.0,8N90E
2019-06-01,2019,6,1,229.2,0.5,79.9,30.02,315.2,1020.1,3.8,4.0,8N90E
2019-06-02,2019,6,2,203.0,0.0,80.7,30.01,274.8,1112.7,0.8,7.0,8N90E
2019-06-03,2019,6,3,274.8,0.0,78.6,30.1,339.7,1006.3,0.5,2.0,8N90E
2019-06-04,2019,6,4,268.2,0.0,75.9,30.19,362.2,1062.3,0.5,1.0,8N90E
2019-06-05,2019,6,5,274.6,0.0,79.1,30.21,352.4,1044.0,0.4,0.0,8N90E
2019-06-06,2019,6,6,269.9,0.0,78.7,30.23,342.7,1006.0,0.4,1.0,8N90E
2019-06-07,2019,6,7,230.4,0.0,79.4,30.03,307.9,1099.8,0.7,5.0,8N90E
2019-06-08,2019,6,8,190.8,0.0,80.4,30.0,269.1,1232.5,0.6,4.0,8N90E
2019-06-09,2019,6,9,69.0,0.4,80.3,29.87,100.8,360.4,4.1,6.0,8N90E
2019-06-10,2019,6,10,219.4,0.0,78.6,29.85,295.8,1040.7,0.3,0.0,8N90E
2019-06-11,2019,6,11,257.0,0.0,78.4,29.82,325.8,1164.5,0.3,0.0,8N90E
2019-06-12,2019,6,12,204.8,0.0,80.6,29.8,284.1,1093.4,0.4,0.0,8N90E
2019-06-13,2019,6,13,206.8,0.2,82.0,29.79,286.6,1084.8,2.0,2.0,8N90E
2019-06-14,2019,6,14,75.8,0.0,82.6,29.73,117.3,501.3,0.2,0.0,8N90E
2019-06-15,2019,6,15,65.0,0.0,83.3,29.68,100.2,443.4,0.2,0.0,8N90E
2019-06-16,2019,6,16,237.3,0.0,82.0,29.7,316.8,1057.9,0.3,0.0,8N90E
2019-06-17,2019,6,17,210.0,0.0,81.9,29.65,274.2,1045.6,0.3,0.0,8N90E
2019-06-18,2019,6,18,183.7,0.0,81.8,29.62,269.3,990.2,0.2,0.0,8N90E
2019-06-19,2019,6,19,225.9,0.0,82.0,29.63,291.1,1238.5,0.2,0.0,8N90E
2019-06-20,2019,6,20,253.2,0.0,83.7,29.58,347.4,1174.9,0.4,0.0,8N90E
2019-06-21,2019,6,21,255.2,0.0,84.0,29.56,344.1,1087.6,0.2,0.0,8N90E
2019-06-22,2019,6,22,270.7,0.0,84.2,29.57,345.9,1039.6,0.2,0.0,8N90E
2019-06-23,2019,6,23,129.8,0.0,83.4,29.53,181.2,610.4,0.2,0.0,8N90E
2019-06-24,2019,6,24,15.3,0.9,85.6,29.38,22.3,115.6,4.0,18.0,8N90E
2019-06-25,2019,6,25,118.1,0.2,83.5,29.32,152.8,655.4,2.4,2.0,8N90E
2019-06-26,2019,6,26,64.5,0.1,82.2,29.28,91.0,421.7,1.4,1.0,8N90E
2019-06-27,2019,6,27,241.2,0.0,80.3,29.31,329.0,1267.0,0.5,0.0,8N90E
2019-06-28,2019,6,28,230.1,0.0,80.3,29.37,307.5,1084.6,0.7,1.0,8N90E
2019-06-29,2019,6,29,257.8,-0.1,79.0,29.27,340.1,1092.8,0.3,0.0,8N90E
2019-06-30,2019,6,30,273.8,0.0,79.6,29.28,364.9,1062.6,0.2,0.0,8N90E
2019-07-01,2019,7,1,263.9,0.0,80.0,29.33,340.5,1011.4,0.2,0.0,8N90E
2019-07-02,2019,7,2,235.4,0.0,79.1,29.35,313.7,1011.4,0.3,0.0,8N90E
2019-07-03,2019,7,3,262.1,0.0,79.3,29.39,350.7,1177.1,0.2,0.0,8N90E
2019-07-04,2019,7,4,177.1,0.0,78.7,29.33,250.5,955.6,0.2,0.0,8N90E
2019-07-05,2019,7,5,245.6,0.0,78.5,29.3,321.0,1003.5,0.8,1.0,8N90E
2019-07-06,2019,7,6,255.2,0.0,78.5,29.3,341.6,1092.9,0.2,0.0,8N90E
2019-07-07,2019,7,7,281.7,0.0,79.2,29.33,365.2,1084.4,0.2,0.0,8N90E
2019-07-08,2019,7,8,268.7,0.0,78.9,29.34,359.9,1055.5,0.2,0.0,8N90E
2019-07-09,2019,7,9,271.8,0.0,77.3,29.39,367.8,1094.9,0.2,0.0,8N90E
2019-07-10,2019,7,10,280.6,0.0,77.4,29.49,359.0,1006.7,0.2,0.0,8N90E
2019-07-11,2019,7,11,277.7,0.0,76.8,29.56,349.9,995.5,0.2,0.0,8N90E
2019-07-12,2019,7,12,295.5,0.0,75.4,29.59,376.5,1050.7,0.2,0.0,8N90E
2019-07-13,2019,7,13,296.5,0.0,75.6,29.57,376.0,1074.8,0.2,0.0,8N90E
2019-07-14,2019,7,14,277.5,0.0,78.4,29.54,364.9,1073.5,0.3,1.0,8N90E
2019-07-15,2019,7,15,225.7,0.0,78.9,29.45,294.9,1057.8,0.2,0.0,8N90E
2019-07-16,2019,7,16,204.4,0.0,80.5,29.48,263.4,879.7,0.2,0.0,8N90E
2019-07-17,2019,7,17,276.9,0.0,80.6,29.47,355.0,1068.1,0.2,0.0,8N90E
2019-07-18,2019,7,18,266.5,0.0,82.7,29.46,351.9,1148.7,0.3,0.0,8N90E
2019-07-19,2019,7,19,172.0,0.4,83.9,29.42,260.0,1216.2,2.0,10.0,8N90E
2019-07-20,2019,7,20,31.8,0.9,84.3,29.28,51.3,242.1,7.8,18.0,8N90E
2019-07-21,2019,7,21,216.2,0.0,82.2,29.31,307.6,1204.7,0.8,3.0,8N90E
2019-07-22,2019,7,22,269.5,0.1,80.6,29.27,356.1,1106.3,1.7,2.0,8N90E
2019-07-23,2019,7,23,246.0,0.0,81.5,29.25,352.9,1157.1,0.3,0.0,8N90E
2019-07-24,2019,7,24,286.0,0.0,79.7,29.27,371.3,1124.2,0.4,1.0,8N90E
2019-07-25,2019,7,25,218.7,0.0,78.1,29.19,321.8,1106.0,0.3,0.0,8N90E
2019-07-26,2019,7,26,282.9,0.0,76.9,29.2,376.9,1060.2,0.3,0.0,8N90E
2019-07-27,2019,7,27,234.5,0.0,78.4,29.2,301.2,1186.2,0.2,0.0,8N90E
2019-07-28,2019,7,28,266.5,0.0,78.9,29.2,356.0,1166.1,0.3,0.0,8N90E
2019-07-29,2019,7,29,285.8,0.0,78.4,29.19,367.5,1116.8,0.3,0.0,8N90E
2019-07-30,2019,7,30,271.4,0.0,77.8,29.21,347.0,993.4,0.3,0.0,8N90E
2019-07-31,2019,7,31,288.1,0.0,78.1,29.21,373.4,1263.4,0.4,1.0,8N90E
2019-08-01,2019,8,1,200.3,0.0,79.7,29.19,271.2,986.9,0.4,1.0,8N90E
2019-08-02,2019,8,2,150.9,0.0,79.7,29.16,188.8,638.7,0.3,1.0,8N90E
2019-08-03,2019,8,3,272.8,0.0,78.1,29.18,359.6,1119.3,1.0,11.0,8N90E
2019-08-04,2019,8,4,206.0,0.0,77.8,29.16,274.7,987.4,0.3,0.0,8N90E
2019-08-05,2019,8,5,276.0,0.0,78.1,29.12,365.3,1144.3,0.3,0.0,8N90E
2019-08-06,2019,8,6,254.6,0.0,78.6,28.92,337.7,1093.3,0.2,0.0,8N90E
2019-08-07,2019,8,7,286.7,0.0,79.5,29.08,378.3,1101.5,0.4,1.0,8N90E
2019-08-08,2019,8,8,230.5,,79.5,29.01,307.4,1022.3,,,8N90E
2019-08-09,2019,8,9,161.9,,,29.04,202.5,696.2,,,8N90E
2019-08-10,2019,8,10,191.9,,,29.12,268.4,971.3,,,8N90E
2019-08-11,2019,8,11,177.9,,,29.14,251.8,898.9,,,8N90E
2019-08-12,2019,8,12,266.0,,,29.18,358.4,1154.4,,,8N90E
2019-08-13,2019,8,13,251.9,,,29.15,354.0,1085.6,,,8N90E
2019-08-14,2019,8,14,172.6,,,29.1,253.3,1053.9,,,8N90E
2019-08-15,2019,8,15,254.7,,,29.14,346.8,1354.4,,,8N90E
2019-08-16,2019,8,16,,,,29.0,,,,,8N90E
2019-08-17,2019,8,17,46.6,,,28.93,65.8,264.8,,,8N90E
2019-08-18,2019,8,18,92.1,,,28.92,118.1,443.3,,,8N90E
2019-08-19,2019,8,19,162.8,,,29.05,197.2,593.1,,,8N90E
2019-11-28,2019,11,28,,0.8,85.9,29.13,,,17.7,2.0,8N90E
2019-11-29,2019,11,29,113.6,0.3,82.7,29.22,172.1,728.9,17.2,3.0,8N90E
2019-11-30,2019,11,30,186.3,0.8,84.3,29.26,292.5,1096.8,9.3,5.0,8N90E
2019-12-01,2019,12,1,90.4,0.4,85.1,29.25,143.5,738.9,9.7,12.0,8N90E
2019-12-02,2019,12,2,219.2,0.1,82.1,29.19,304.1,1146.7,16.3,25.0,8N90E
2019-12-03,2019,12,3,224.3,0.0,82.4,29.08,317.6,1022.2,0.2,0.0,8N90E
2019-12-04,2019,12,4,219.5,0.0,80.5,29.08,308.2,1122.9,0.5,1.0,8N90E
2019-12-05,2019,12,5,249.5,0.0,76.3,29.03,331.5,1063.6,0.4,1.0,8N90E
2019-12-06,2019,12,6,107.3,0.1,80.9,28.79,179.0,811.6,2.0,1.0,8N90E
2019-12-07,2019,12,7,153.0,0.4,82.3,28.52,246.8,1136.2,4.0,3.0,8N90E
2019-12-08,2019,12,8,172.1,0.1,81.3,28.37,241.3,1116.6,2.9,2.0,8N90E
2019-12-09,2019,12,9,246.2,0.0,79.6,28.37,326.5,927.7,0.3,0.0,8N90E
2019-12-10,2019,12,10,250.4,0.0,79.1,28.37,338.6,934.7,0.4,1.0,8N90E
2019-12-11,2019,12,11,234.2,0.0,76.7,28.5,331.1,1101.0,0.2,0.0,8N90E
2019-12-12,2019,12,12,249.7,0.0,77.6,28.48,336.8,942.9,0.6,0.0,8N90E
2019-12-13,2019,12,13,163.7,0.0,80.4,28.41,245.0,1088.0,0.2,0.0,8N90E
2019-12-14,2019,12,14,239.1,0.0,77.8,28.4,335.3,968.5,0.3,0.0,8N90E
2019-12-15,2019,12,15,210.2,0.2,80.9,28.23,294.0,965.8,6.6,2.0,8N90E
2019-12-16,2019,12,16,198.1,0.0,82.6,28.09,271.3,1105.5,0.4,0.0,8N90E
2019-12-17,2019,12,17,211.1,0.0,83.2,28.23,293.3,956.7,0.3,0.0,8N90E
2019-12-18,2019,12,18,231.5,0.0,83.2,28.34,322.5,970.4,0.3,0.0,8N90E
2019-12-19,2019,12,19,241.2,0.9,83.1,28.35,324.7,1004.1,23.1,5.0,8N90E
2019-12-20,2019,12,20,48.8,0.5,88.8,28.23,71.8,338.9,3.5,8.0,8N90E
2019-12-21,2019,12,21,167.9,1.0,87.4,28.45,289.9,1007.0,6.5,8.0,8N90E
2019-12-22,2019,12,22,242.0,0.0,83.2,28.59,328.7,1007.1,0.2,0.0,8N90E
2019-12-23,2019,12,23,246.1,0.0,83.6,28.59,331.6,998.3,0.3,0.0,8N90E
2019-12-24,2019,12,24,245.3,0.0,82.6,28.46,327.6,956.9,0.2,0.0,8N90E
2019-12-25,2019,12,25,253.5,0.0,78.9,28.38,333.7,915.0,0.2,0.0,8N90E
2019-12-26,2019,12,26,216.3,0.0,74.7,28.36,301.9,955.0,0.3,0.0,8N90E
2019-12-27,2019,12,27,253.1,0.0,77.0,28.35,346.7,1121.0,0.2,0.0,8N90E
2019-12-28,2019,12,28,249.3,0.0,79.5,28.14,342.5,1120.5,0.2,0.0,8N90E
2019-12-29,2019,12,29,223.2,0.0,82.6,28.1,296.6,917.6,0.2,0.0,8N90E
2019-12-30,2019,12,30,232.5,0.0,80.8,28.19,320.8,921.0,0.2,0.0,8N90E
2019-12-31,2019,12,31,230.3,0.0,81.5,28.2,309.2,1030.2,0.2,0.0,8N90E
2020-01-01,2020,1,1,206.7,0.0,84.4,28.14,286.0,1021.8,0.2,0.0,8N90E
2020-01-02,2020,1,2,250.3,0.0,84.3,27.99,333.9,969.0,0.2,0.0,8N90E
2020-01-03,2020,1,3,238.0,0.0,83.4,27.9,320.5,1146.7,0.2,0.0,8N90E
2020-01-04,2020,1,4,249.9,0.0,83.6,28.06,333.9,1003.2,0.2,0.0,8N90E
2020-01-05,2020,1,5,241.2,0.1,82.2,28.03,327.6,1249.1,2.0,0.0,8N90E
2020-01-06,2020,1,6,264.6,0.0,80.8,28.05,352.8,983.5,0.2,0.0,8N90E
2020-01-07,2020,1,7,236.4,0.0,81.8,28.07,322.2,1011.4,0.3,0.0,8N90E
2020-01-08,2020,1,8,244.9,0.0,78.5,28.19,335.9,1034.9,0.2,0.0,8N90E
2020-01-09,2020,1,9,207.9,0.1,83.0,28.24,308.5,1019.5,1.5,1.0,8N90E
2020-01-10,2020,1,10,229.6,0.0,85.2,28.42,315.4,939.5,0.2,0.0,8N90E
2020-01-11,2020,1,11,191.3,0.0,81.6,28.36,260.2,865.9,0.3,0.0,8N90E
2020-01-12,2020,1,12,246.2,0.0,77.7,28.25,334.1,950.6,0.2,0.0,8N90E
2020-01-13,2020,1,13,229.9,0.0,78.0,28.19,320.3,1003.6,0.2,0.0,8N90E
2020-01-14,2020,1,14,221.5,0.0,81.4,28.17,304.6,1051.9,0.2,0.0,8N90E
2020-01-15,2020,1,15,232.3,0.0,82.7,28.28,321.9,997.5,0.2,0.0,8N90E
2020-01-16,2020,1,16,254.8,0.0,80.2,28.36,343.0,953.8,0.2,0.0,8N90E
2020-01-17,2020,1,17,250.7,0.0,82.6,28.35,333.8,938.7,0.2,0.0,8N90E
2020-01-18,2020,1,18,234.9,0.0,83.1,28.31,320.1,1005.5,0.2,0.0,8N90E
2020-01-19,2020,1,19,253.0,0.0,81.6,28.32,339.8,1072.2,0.2,0.0,8N90E
2020-01-20,2020,1,20,187.5,0.0,84.4,28.22,280.3,1047.0,0.2,0.0,8N90E
2020-01-21,2020,1,21,249.2,0.0,87.5,28.25,337.9,1010.5,3.5,1.0,8N90E
2020-01-22,2020,1,22,202.0,0.2,85.9,28.24,293.2,990.2,2.7,2.0,8N90E
2020-01-23,2020,1,23,234.9,0.0,83.8,28.19,320.3,1032.8,0.2,0.0,8N90E
2020-01-24,2020,1,24,260.2,0.0,82.6,28.31,346.3,956.9,0.2,0.0,8N90E
2020-01-25,2020,1,25,254.8,0.0,79.9,28.31,339.2,1015.9,0.2,0.0,8N90E
2020-01-26,2020,1,26,268.3,0.0,72.0,28.27,357.1,967.1,0.2,0.0,8N90E
2020-01-27,2020,1,27,273.1,0.0,64.4,28.29,361.3,968.3,0.2,0.0,8N90E
2020-01-28,2020,1,28,237.6,0.0,67.0,28.2,327.9,988.4,0.2,0.0,8N90E
2020-01-29,2020,1,29,219.6,0.0,71.7,28.15,306.3,1001.4,0.2,0.0,8N90E
2020-01-30,2020,1,30,253.4,0.0,73.2,28.13,344.3,1088.5,0.2,0.0,8N90E
2020-01-31,2020,1,31,260.1,0.0,73.1,28.07,344.4,1027.6,0.2,0.0,8N90E
2020-02-01,2020,2,1,262.9,0.0,75.9,28.1,349.7,1120.3,0.2,0.0,8N90E
2020-02-02,2020,2,2,237.0,0.0,82.3,28.16,336.7,1066.6,0.2,0.0,8N90E
2020-02-03,2020,2,3,239.6,0.0,81.1,28.18,327.4,1002.1,0.2,0.0,8N90E
2020-02-04,2020,2,4,261.3,0.0,77.5,28.25,350.6,1010.5,0.3,0.0,8N90E
2020-02-05,2020,2,5,252.5,0.0,75.5,28.34,345.6,1031.8,0.3,0.0,8N90E
2020-02-06,2020,2,6,240.1,0.0,74.7,28.33,334.7,989.7,0.2,0.0,8N90E
2020-02-07,2020,2,7,259.0,0.0,72.8,28.26,346.1,1083.6,0.2,0.0,8N90E
2020-02-08,2020,2,8,218.7,0.0,75.2,28.27,312.3,1206.2,0.2,0.0,8N90E
2020-02-09,2020,2,9,247.9,0.0,77.2,28.28,347.2,1125.6,0.3,0.0,8N90E
2020-02-10,2020,2,10,257.8,0.0,79.9,28.3,353.1,1059.8,0.5,0.0,8N90E
2020-02-11,2020,2,11,253.2,0.1,84.7,28.27,348.3,1165.5,1.6,1.0,8N90E
2020-02-12,2020,2,12,251.3,0.0,82.5,28.26,337.4,1089.4,0.3,0.0,8N90E
2020-02-13,2020,2,13,246.4,0.0,78.5,28.15,359.0,1161.5,0.3,0.0,8N90E
2020-02-14,2020,2,14,212.5,0.0,81.8,28.24,300.7,1143.2,0.2,0.0,8N90E
2020-02-15,2020,2,15,258.8,0.0,82.4,28.37,357.9,1072.3,0.2,0.0,8N90E
2020-02-16,2020,2,16,285.5,0.0,77.6,28.44,374.1,1191.6,0.2,0.0,8N90E
2020-02-17,2020,2,17,284.3,0.0,70.1,28.34,381.4,1038.0,0.8,0.0,8N90E
2020-02-18,2020,2,18,289.6,0.0,74.0,28.54,377.2,1014.3,0.2,0.0,8N90E
2020-02-19,2020,2,19,262.6,0.0,82.2,28.44,355.7,1148.0,0.3,0.0,8N90E
2020-02-20,2020,2,20,195.9,0.0,85.3,28.34,305.3,1193.4,0.3,1.0,8N90E
2020-02-21,2020,2,21,232.8,0.1,84.1,28.31,320.1,1064.7,1.2,1.0,8N90E
