Date,Location,SST,RAD,DayOfYear,Year,Month,Day
2005-01-01,0N90E,29.14,155.61,1,2005,1,1
2005-01-02,0N90E,29.02,57.16,2,2005,1,2
2005-01-03,0N90E,29.06,130.86,3,2005,1,3
2005-01-04,0N90E,29.45,269.79,4,2005,1,4
2005-01-05,0N90E,29.14,79.43,5,2005,1,5
2005-01-06,0N90E,29.15,201.02,6,2005,1,6
2005-01-07,0N90E,29.17,207.99,7,2005,1,7
2005-01-08,0N90E,29.06,220.28,8,2005,1,8
2005-01-09,0N90E,28.85,151.15,9,2005,1,9
2005-01-10,0N90E,28.75,263.52,10,2005,1,10
2005-01-11,0N90E,28.68,172.85,11,2005,1,11
2005-01-12,0N90E,28.65,253.74,12,2005,1,12
2005-01-13,0N90E,28.62,263.74,13,2005,1,13
2005-01-14,0N90E,28.66,287.46,14,2005,1,14
2005-01-15,0N90E,28.8,292.67,15,2005,1,15
2005-01-16,0N90E,28.93,232.07,16,2005,1,16
2005-01-17,0N90E,29.2,282.34,17,2005,1,17
2005-01-18,0N90E,29.38,276.43,18,2005,1,18
2005-01-19,0N90E,29.04,285.37,19,2005,1,19
2005-01-20,0N90E,29.13,274.95,20,2005,1,20
2005-01-21,0N90E,29.65,300.97,21,2005,1,21
2005-01-22,0N90E,30.01,309.28,22,2005,1,22
2005-01-23,0N90E,29.6,301.83,23,2005,1,23
2005-01-24,0N90E,29.63,297.73,24,2005,1,24
2005-01-25,0N90E,29.4,234.32,25,2005,1,25
2005-01-26,0N90E,29.17,96.61,26,2005,1,26
2005-01-27,0N90E,29.55,238.49,27,2005,1,27
2005-01-28,0N90E,29.48,178.69,28,2005,1,28
2005-01-29,0N90E,29.29,160.67,29,2005,1,29
2005-01-30,0N90E,29.54,315.25,30,2005,1,30
2005-01-31,0N90E,29.46,301.13,31,2005,1,31
2005-02-01,0N90E,29.21,193.73,32,2005,2,1
2005-02-02,0N90E,29.31,292.21,33,2005,2,2
2005-02-03,0N90E,29.46,274.78,34,2005,2,3
2005-02-04,0N90E,29.7,293.4,35,2005,2,4
2005-02-05,0N90E,29.65,301.2,36,2005,2,5
2005-02-06,0N90E,29.55,298.1,37,2005,2,6
2005-02-07,0N90E,29.4,248.14,38,2005,2,7
2005-02-08,0N90E,29.5,278.48,39,2005,2,8
2005-02-09,0N90E,29.74,273.87,40,2005,2,9
2005-02-10,0N90E,29.61,247.73,41,2005,2,10
2005-02-11,0N90E,29.61,292.75,42,2005,2,11
2005-02-12,0N90E,29.81,285.27,43,2005,2,12
2005-02-13,0N90E,30.03,310.1,44,2005,2,13
2005-02-14,0N90E,29.8,311.14,45,2005,2,14
2005-02-15,0N90E,30.21,317.26,46,2005,2,15
2005-02-16,0N90E,30.29,255.61,47,2005,2,16
2005-02-17,0N90E,30.34,276.94,48,2005,2,17
2005-02-18,0N90E,30.12,148.79,49,2005,2,18
2005-02-19,0N90E,30.06,265.67,50,2005,2,19
2005-02-20,0N90E,30.15,273.99,51,2005,2,20
2005-02-21,0N90E,30.16,311.22,52,2005,2,21
2005-02-22,0N90E,30.15,144.71,53,2005,2,22
2005-02-23,0N90E,30.44,313.27,54,2005,2,23
2005-02-24,0N90E,30.79,313.36,55,2005,2,24
2005-02-25,0N90E,30.54,306.82,56,2005,2,25
2005-02-26,0N90E,30.34,216.93,57,2005,2,26
2005-02-27,0N90E,30.34,274.76,58,2005,2,27
2005-02-28,0N90E,29.99,214.69,59,2005,2,28
2005-03-01,0N90E,30.49,326.15,60,2005,3,1
2005-03-02,0N90E,30.43,304.26,61,2005,3,2
2005-03-03,0N90E,30.12,269.18,62,2005,3,3
2005-03-04,0N90E,30.35,319.37,63,2005,3,4
2005-03-05,0N90E,30.28,320.43,64,2005,3,5
2005-03-06,0N90E,30.64,313.13,65,2005,3,6
2005-03-07,0N90E,30.71,289.09,66,2005,3,7
2005-03-08,0N90E,30.55,299.67,67,2005,3,8
2005-03-09,0N90E,30.55,275.76,68,2005,3,9
2005-03-10,0N90E,30.21,224.48,69,2005,3,10
2005-03-11,0N90E,30.29,322.37,70,2005,3,11
2005-03-12,0N90E,30.37,295.24,71,2005,3,12
2005-03-13,0N90E,30.69,332.16,72,2005,3,13
2005-03-14,0N90E,30.28,157.57,73,2005,3,14
2005-03-15,0N90E,30.39,291.7,74,2005,3,15
2005-03-16,0N90E,30.49,278.57,75,2005,3,16
2005-03-17,0N90E,30.16,144.84,76,2005,3,17
2005-03-18,0N90E,30.06,310.74,77,2005,3,18
2005-03-19,0N90E,29.92,121.66,78,2005,3,19
2005-03-20,0N90E,30.11,302.32,79,2005,3,20
2005-03-21,0N90E,30.0,36.1,80,2005,3,21
2005-03-22,0N90E,29.98,173.65,81,2005,3,22
2005-03-23,0N90E,30.26,307.46,82,2005,3,23
2005-03-24,0N90E,30.08,205.31,83,2005,3,24
2005-03-25,0N90E,30.01,202.76,84,2005,3,25
2005-03-26,0N90E,29.82,92.36,85,2005,3,26
2005-03-27,0N90E,29.74,166.2,86,2005,3,27
2005-03-28,0N90E,29.63,81.88,87,2005,3,28
2005-03-29,0N90E,29.56,215.45,88,2005,3,29
2005-03-30,0N90E,29.63,224.73,89,2005,3,30
2005-03-31,0N90E,29.52,204.9,90,2005,3,31
2005-04-01,0N90E,29.43,74.27,91,2005,4,1
2005-04-02,0N90E,29.56,243.23,92,2005,4,2
2005-04-03,0N90E,29.53,307.12,93,2005,4,3
2005-04-04,0N90E,29.64,297.03,94,2005,4,4
2005-04-05,0N90E,29.9,299.45,95,2005,4,5
2005-04-06,0N90E,30.04,320.66,96,2005,4,6
2005-04-07,0N90E,30.11,321.86,97,2005,4,7
2005-04-08,0N90E,30.48,302.56,98,2005,4,8
2005-04-09,0N90E,30.42,281.52,99,2005,4,9
2005-04-10,0N90E,30.43,318.07,100,2005,4,10
2005-04-11,0N90E,30.37,322.5,101,2005,4,11
2005-04-12,0N90E,30.4,315.35,102,2005,4,12
2005-04-13,0N90E,30.55,144.52,103,2005,4,13
2005-04-14,0N90E,30.56,292.85,104,2005,4,14
2005-04-15,0N90E,30.1,202.15,105,2005,4,15
2005-04-16,0N90E,30.14,289.38,106,2005,4,16
2005-04-17,0N90E,30.05,309.86,107,2005,4,17
2005-04-18,0N90E,30.0,215.83,108,2005,4,18
2005-04-19,0N90E,30.62,314.32,109,2005,4,19
2005-04-20,0N90E,30.47,287.26,110,2005,4,20
2005-04-21,0N90E,30.5,285.26,111,2005,4,21
2005-04-22,0N90E,30.49,228.34,112,2005,4,22
2005-04-23,0N90E,30.49,313.19,113,2005,4,23
2005-04-24,0N90E,30.68,317.68,114,2005,4,24
2005-04-25,0N90E,31.06,307.08,115,2005,4,25
2005-04-26,0N90E,30.93,285.86,116,2005,4,26
2005-04-27,0N90E,30.67,148.53,117,2005,4,27
2005-04-28,0N90E,31.22,278.89,118,2005,4,28
2005-04-29,0N90E,31.04,286.65,119,2005,4,29
2005-04-30,0N90E,31.1,275.3,120,2005,4,30
2005-05-01,0N90E,30.7,245.79,121,2005,5,1
2005-05-02,0N90E,30.64,260.69,122,2005,5,2
2005-05-03,0N90E,30.36,30.02,123,2005,5,3
2005-05-04,0N90E,30.35,40.88,124,2005,5,4
2005-05-05,0N90E,30.3,135.4,125,2005,5,5
2005-05-06,0N90E,30.4,250.7,126,2005,5,6
2005-05-07,0N90E,30.14,35.67,127,2005,5,7
2005-05-08,0N90E,29.99,48.28,128,2005,5,8
2005-05-09,0N90E,30.0,117.44,129,2005,5,9
2005-05-10,0N90E,29.94,153.52,130,2005,5,10
2005-05-11,0N90E,29.82,228.81,131,2005,5,11
2005-05-12,0N90E,29.74,163.4,132,2005,5,12
2005-05-13,0N90E,29.78,232.74,133,2005,5,13
2005-05-14,0N90E,29.85,291.55,134,2005,5,14
2005-05-15,0N90E,29.81,302.83,135,2005,5,15
2005-05-16,0N90E,30.03,292.89,136,2005,5,16
2005-05-17,0N90E,30.17,290.1,137,2005,5,17
2005-05-18,0N90E,30.14,289.19,138,2005,5,18
2005-05-19,0N90E,30.26,279.62,139,2005,5,19
2005-05-20,0N90E,30.05,269.86,140,2005,5,20
2005-05-21,0N90E,30.03,287.23,141,2005,5,21
2005-05-22,0N90E,30.04,289.14,142,2005,5,22
2005-05-23,0N90E,30.03,265.56,143,2005,5,23
2005-05-24,0N90E,30.11,202.6,144,2005,5,24
2005-05-25,0N90E,30.26,238.76,145,2005,5,25
2005-05-26,0N90E,30.21,277.64,146,2005,5,26
2005-05-27,0N90E,30.08,229.76,147,2005,5,27
2005-05-28,0N90E,30.33,251.96,148,2005,5,28
2005-05-29,0N90E,30.15,249.97,149,2005,5,29
2005-05-30,0N90E,30.38,250.21,150,2005,5,30
2005-05-31,0N90E,30.35,272.92,151,2005,5,31
2005-06-01,0N90E,30.48,227.5,152,2005,6,1
2005-06-02,0N90E,30.47,252.9,153,2005,6,2
2005-06-03,0N90E,30.21,231.45,154,2005,6,3
2005-06-04,0N90E,30.28,179.71,155,2005,6,4
2005-06-05,0N90E,30.35,260.5,156,2005,6,5
2005-06-06,0N90E,30.43,285.7,157,2005,6,6
2005-06-07,0N90E,30.32,210.84,158,2005,6,7
2005-06-08,0N90E,30.32,255.98,159,2005,6,8
2005-06-09,0N90E,30.38,227.83,160,2005,6,9
2005-06-10,0N90E,30.14,186.93,161,2005,6,10
2005-06-11,0N90E,30.08,177.2,162,2005,6,11
2005-06-12,0N90E,30.1,224.1,163,2005,6,12
2005-06-13,0N90E,30.05,188.07,164,2005,6,13
2005-06-14,0N90E,29.92,75.25,165,2005,6,14
2005-06-15,0N90E,29.93,221.61,166,2005,6,15
2005-06-16,0N90E,29.8,81.48,167,2005,6,16
2005-06-17,0N90E,29.68,159.59,168,2005,6,17
2005-06-18,0N90E,29.63,211.29,169,2005,6,18
2005-06-19,0N90E,29.59,227.35,170,2005,6,19
2005-06-20,0N90E,29.58,239.3,171,2005,6,20
2005-06-21,0N90E,29.57,260.0,172,2005,6,21
2005-06-22,0N90E,29.6,279.18,173,2005,6,22
2005-06-23,0N90E,29.59,255.53,174,2005,6,23
2005-06-24,0N90E,29.51,280.07,175,2005,6,24
2005-06-25,0N90E,29.35,189.49,176,2005,6,25
2005-06-26,0N90E,29.33,154.49,177,2005,6,26
2005-06-27,0N90E,29.42,259.1,178,2005,6,27
2005-06-28,0N90E,29.49,266.03,179,2005,6,28
2005-06-29,0N90E,29.72,208.84,180,2005,6,29
2005-06-30,0N90E,29.87,269.79,181,2005,6,30
2005-07-01,0N90E,29.99,240.87,182,2005,7,1
2005-07-02,0N90E,29.53,242.29,183,2005,7,2
2005-07-03,0N90E,29.48,262.77,184,2005,7,3
2005-07-04,0N90E,29.69,220.82,185,2005,7,4
2005-07-05,0N90E,29.95,264.11,186,2005,7,5
2005-07-06,0N90E,30.2,260.07,187,2005,7,6
2005-07-07,0N90E,29.97,258.26,188,2005,7,7
2005-07-08,0N90E,29.91,252.19,189,2005,7,8
2005-07-09,0N90E,29.72,143.91,190,2005,7,9
2005-07-10,0N90E,29.59,51.71,191,2005,7,10
2005-07-11,0N90E,29.56,158.36,192,2005,7,11
2005-07-12,0N90E,29.48,32.5,193,2005,7,12
2005-07-13,0N90E,29.48,146.52,194,2005,7,13
2005-07-14,0N90E,29.43,151.0,195,2005,7,14
2005-07-15,0N90E,29.41,209.88,196,2005,7,15
2005-07-16,0N90E,29.21,243.59,197,2005,7,16
2005-07-17,0N90E,29.19,281.95,198,2005,7,17
2005-07-18,0N90E,29.14,150.67,199,2005,7,18
2005-07-19,0N90E,29.16,91.65,200,2005,7,19
2005-07-20,0N90E,29.25,211.61,201,2005,7,20
2005-07-21,0N90E,29.3,248.8,202,2005,7,21
2005-07-22,0N90E,29.17,151.22,203,2005,7,22
2005-07-23,0N90E,29.15,177.52,204,2005,7,23
2005-07-24,0N90E,29.19,244.1,205,2005,7,24
2005-07-25,0N90E,29.27,283.45,206,2005,7,25
2005-07-26,0N90E,29.28,246.62,207,2005,7,26
2005-07-27,0N90E,29.24,277.56,208,2005,7,27
2005-07-28,0N90E,29.31,268.46,209,2005,7,28
2005-07-29,0N90E,29.37,244.38,210,2005,7,29
2005-07-30,0N90E,29.28,233.79,211,2005,7,30
2005-07-31,0N90E,29.25,205.97,212,2005,7,31
2005-08-01,0N90E,29.27,241.2,213,2005,8,1
2005-08-02,0N90E,29.23,219.49,214,2005,8,2
2005-08-03,0N90E,29.21,235.06,215,2005,8,3
2005-08-04,0N90E,29.34,284.54,216,2005,8,4
2005-08-05,0N90E,29.5,291.88,217,2005,8,5
2005-08-06,0N90E,29.47,289.08,218,2005,8,6
2005-08-07,0N90E,29.43,294.56,219,2005,8,7
2005-08-08,0N90E,29.35,293.04,220,2005,8,8
2005-08-09,0N90E,29.44,294.21,221,2005,8,9
2005-08-10,0N90E,29.61,291.34,222,2005,8,10
2005-08-11,0N90E,29.2,144.58,223,2005,8,11
2005-08-12,0N90E,29.06,163.86,224,2005,8,12
2005-08-13,0N90E,29.14,273.81,225,2005,8,13
2005-08-14,0N90E,29.23,246.51,226,2005,8,14
2005-08-15,0N90E,29.36,296.88,227,2005,8,15
2005-08-16,0N90E,29.33,178.5,228,2005,8,16
2005-08-17,0N90E,29.35,224.72,229,2005,8,17
2005-08-18,0N90E,29.29,197.84,230,2005,8,18
2005-08-19,0N90E,29.12,95.17,231,2005,8,19
2005-08-20,0N90E,29.32,217.02,232,2005,8,20
2005-08-21,0N90E,29.09,58.67,233,2005,8,21
2005-08-22,0N90E,29.28,258.93,234,2005,8,22
2005-08-23,0N90E,29.29,256.83,235,2005,8,23
2005-08-24,0N90E,29.13,109.95,236,2005,8,24
2005-08-25,0N90E,29.07,140.01,237,2005,8,25
2005-08-26,0N90E,29.18,235.79,238,2005,8,26
2005-08-27,0N90E,29.16,231.97,239,2005,8,27
2005-08-28,0N90E,28.84,113.59,240,2005,8,28
2005-08-29,0N90E,28.88,196.38,241,2005,8,29
2005-08-30,0N90E,28.86,148.49,242,2005,8,30
2005-08-31,0N90E,28.91,247.0,243,2005,8,31
2005-09-01,0N90E,28.8,80.83,244,2005,9,1
2005-09-02,0N90E,28.73,125.55,245,2005,9,2
2005-09-03,0N90E,28.59,102.98,246,2005,9,3
2005-09-04,0N90E,28.69,280.8,247,2005,9,4
2005-09-05,0N90E,28.52,238.16,248,2005,9,5
2005-09-06,0N90E,28.33,140.22,249,2005,9,6
2005-09-07,0N90E,28.24,208.3,250,2005,9,7
2005-09-08,0N90E,28.37,282.23,251,2005,9,8
2005-09-09,0N90E,28.74,307.73,252,2005,9,9
2005-09-10,0N90E,29.21,303.42,253,2005,9,10
2005-09-11,0N90E,29.26,303.29,254,2005,9,11
2005-09-12,0N90E,29.28,309.98,255,2005,9,12
2005-09-13,0N90E,29.31,314.52,256,2005,9,13
2005-09-14,0N90E,29.44,282.03,257,2005,9,14
2005-09-15,0N90E,29.26,304.86,258,2005,9,15
2005-09-16,0N90E,29.08,312.07,259,2005,9,16
2005-09-17,0N90E,29.09,303.4,260,2005,9,17
2005-09-18,0N90E,29.29,259.85,261,2005,9,18
2005-09-19,0N90E,29.27,299.46,262,2005,9,19
2005-09-20,0N90E,29.4,312.44,263,2005,9,20
2005-09-21,0N90E,29.62,316.68,264,2005,9,21
2005-09-22,0N90E,29.42,305.68,265,2005,9,22
2005-09-23,0N90E,29.49,323.52,266,2005,9,23
2005-09-24,0N90E,29.15,259.91,267,2005,9,24
2005-09-25,0N90E,29.34,314.42,268,2005,9,25
2005-09-26,0N90E,29.42,294.78,269,2005,9,26
2005-09-27,0N90E,29.41,256.12,270,2005,9,27
2005-09-28,0N90E,29.68,277.98,271,2005,9,28
2005-09-29,0N90E,29.49,307.0,272,2005,9,29
2005-09-30,0N90E,29.63,249.56,273,2005,9,30
2005-10-01,0N90E,29.31,57.3,274,2005,10,1
2005-10-02,0N90E,29.05,120.5,275,2005,10,2
2005-10-03,0N90E,28.93,226.42,276,2005,10,3
2005-10-04,0N90E,28.78,69.42,277,2005,10,4
2005-10-05,0N90E,28.97,288.89,278,2005,10,5
2005-10-06,0N90E,29.23,284.46,279,2005,10,6
2005-10-07,0N90E,28.97,189.0,280,2005,10,7
2005-10-08,0N90E,28.97,229.81,281,2005,10,8
2005-10-09,0N90E,28.79,199.22,282,2005,10,9
2005-10-10,0N90E,28.72,109.66,283,2005,10,10
2005-10-11,0N90E,28.64,152.92,284,2005,10,11
2005-10-12,0N90E,28.57,79.35,285,2005,10,12
2005-10-13,0N90E,28.65,296.42,286,2005,10,13
2005-10-14,0N90E,28.6,79.99,287,2005,10,14
2005-10-15,0N90E,28.75,264.16,288,2005,10,15
2005-10-16,0N90E,28.5,84.11,289,2005,10,16
2005-10-17,0N90E,28.52,178.9,290,2005,10,17
2005-10-18,0N90E,28.62,154.57,291,2005,10,18
2005-10-19,0N90E,28.68,210.18,292,2005,10,19
2005-10-20,0N90E,28.63,214.3,293,2005,10,20
2005-10-21,0N90E,28.79,217.26,294,2005,10,21
2005-10-22,0N90E,28.73,248.45,295,2005,10,22
2005-10-23,0N90E,28.74,237.66,296,2005,10,23
2005-10-24,0N90E,28.92,269.39,297,2005,10,24
2005-10-25,0N90E,29.03,301.23,298,2005,10,25
2005-10-26,0N90E,28.73,96.5,299,2005,10,26
2005-10-27,0N90E,29.16,264.17,300,2005,10,27
2005-10-28,0N90E,28.95,268.29,301,2005,10,28
2005-10-29,0N90E,28.77,180.91,302,2005,10,29
2005-10-30,0N90E,28.69,159.62,303,2005,10,30
2005-10-31,0N90E,28.66,198.41,304,2005,10,31
2005-11-01,0N90E,28.55,52.12,305,2005,11,1
2005-11-02,0N90E,28.49,159.78,306,2005,11,2
2005-11-03,0N90E,28.41,99.9,307,2005,11,3
2005-11-04,0N90E,28.49,263.67,308,2005,11,4
2005-11-05,0N90E,28.58,290.85,309,2005,11,5
2005-11-06,0N90E,28.67,302.81,310,2005,11,6
2005-11-07,0N90E,28.71,260.03,311,2005,11,7
2005-11-08,0N90E,28.7,273.67,312,2005,11,8
2005-11-09,0N90E,29.09,285.01,313,2005,11,9
2005-11-10,0N90E,29.12,258.36,314,2005,11,10
2005-11-11,0N90E,29.12,263.0,315,2005,11,11
2005-11-12,0N90E,29.23,252.21,316,2005,11,12
2005-11-13,0N90E,28.95,241.85,317,2005,11,13
2005-11-14,0N90E,28.61,81.66,318,2005,11,14
2005-11-15,0N90E,28.48,83.14,319,2005,11,15
2005-11-16,0N90E,28.46,63.06,320,2005,11,16
2005-11-17,0N90E,28.34,153.43,321,2005,11,17
2005-11-18,0N90E,28.28,187.0,322,2005,11,18
2005-11-19,0N90E,28.24,127.35,323,2005,11,19
2005-11-20,0N90E,28.15,113.17,324,2005,11,20
2005-11-21,0N90E,28.29,272.51,325,2005,11,21
2005-11-22,0N90E,28.24,271.45,326,2005,11,22
2005-11-23,0N90E,28.21,177.32,327,2005,11,23
2005-11-24,0N90E,28.28,270.68,328,2005,11,24
2005-11-25,0N90E,28.43,286.7,329,2005,11,25
2005-11-26,0N90E,28.31,108.85,330,2005,11,26
2005-11-27,0N90E,28.53,215.71,331,2005,11,27
2005-11-28,0N90E,28.53,239.06,332,2005,11,28
2005-11-29,0N90E,28.48,195.75,333,2005,11,29
2005-11-30,0N90E,28.54,287.47,334,2005,11,30
2005-12-01,0N90E,28.61,302.5,335,2005,12,1
2005-12-02,0N90E,28.6,197.11,336,2005,12,2
2005-12-03,0N90E,28.5,80.64,337,2005,12,3
2005-12-04,0N90E,28.4,93.73,338,2005,12,4
2005-12-05,0N90E,28.41,177.5,339,2005,12,5
2005-12-06,0N90E,28.38,199.7,340,2005,12,6
2005-12-07,0N90E,28.29,106.57,341,2005,12,7
2005-12-08,0N90E,28.54,264.09,342,2005,12,8
2005-12-09,0N90E,28.44,218.17,343,2005,12,9
2005-12-10,0N90E,28.47,203.22,344,2005,12,10
2005-12-11,0N90E,28.54,182.48,345,2005,12,11
2005-12-12,0N90E,28.66,167.05,346,2005,12,12
2005-12-13,0N90E,28.59,224.59,347,2005,12,13
2005-12-14,0N90E,28.44,62.25,348,2005,12,14
2005-12-15,0N90E,28.54,253.16,349,2005,12,15
2005-12-16,0N90E,28.59,250.62,350,2005,12,16
2005-12-17,0N90E,28.59,236.52,351,2005,12,17
2005-12-18,0N90E,28.53,248.85,352,2005,12,18
2005-12-19,0N90E,28.5,240.35,353,2005,12,19
2005-12-20,0N90E,28.38,102.88,354,2005,12,20
2005-12-21,0N90E,28.4,202.3,355,2005,12,21
2005-12-22,0N90E,28.43,238.9,356,2005,12,22
2005-12-23,0N90E,28.37,259.38,357,2005,12,23
2005-12-24,0N90E,28.42,264.71,358,2005,12,24
2005-12-25,0N90E,28.81,281.08,359,2005,12,25
2005-12-26,0N90E,29.17,285.54,360,2005,12,26
2005-12-27,0N90E,28.7,115.61,361,2005,12,27
2005-12-28,0N90E,28.55,60.86,362,2005,12,28
2005-12-29,0N90E,28.54,173.01,363,2005,12,29
2005-12-30,0N90E,28.55,250.91,364,2005,12,30
2005-12-31,0N90E,28.63,297.64,365,2005,12,31
2006-01-01,0N90E,28.75,305.58,1,2006,1,1
2006-01-02,0N90E,28.67,298.0,2,2006,1,2
2006-01-03,0N90E,28.65,295.62,3,2006,1,3
2006-01-04,0N90E,28.72,293.83,4,2006,1,4
2006-01-05,0N90E,28.7,303.89,5,2006,1,5
2006-01-06,0N90E,28.85,298.52,6,2006,1,6
2006-01-07,0N90E,28.63,100.37,7,2006,1,7
2006-01-08,0N90E,28.65,259.57,8,2006,1,8
2006-01-09,0N90E,28.55,181.81,9,2006,1,9
2006-01-10,0N90E,28.42,106.46,10,2006,1,10
2006-01-11,0N90E,28.44,140.68,11,2006,1,11
2006-01-12,0N90E,28.98,286.48,12,2006,1,12
2006-01-13,0N90E,29.11,266.39,13,2006,1,13
2006-01-14,0N90E,28.81,261.7,14,2006,1,14
2006-01-15,0N90E,28.62,100.5,15,2006,1,15
2006-01-16,0N90E,28.45,96.23,16,2006,1,16
2006-01-17,0N90E,28.67,83.28,17,2006,1,17
2006-01-18,0N90E,28.89,198.58,18,2006,1,18
2006-01-19,0N90E,29.08,244.97,19,2006,1,19
2006-01-20,0N90E,29.36,285.56,20,2006,1,20
2006-01-21,0N90E,28.95,267.11,21,2006,1,21
2006-01-22,0N90E,28.72,81.25,22,2006,1,22
2006-01-23,0N90E,28.67,247.04,23,2006,1,23
2006-01-24,0N90E,28.65,301.44,24,2006,1,24
2006-01-25,0N90E,28.68,262.68,25,2006,1,25
2006-01-26,0N90E,28.79,305.73,26,2006,1,26
2006-01-27,0N90E,28.82,289.27,27,2006,1,27
2006-01-28,0N90E,28.78,298.19,28,2006,1,28
2006-01-29,0N90E,28.79,288.43,29,2006,1,29
2006-01-30,0N90E,28.67,277.8,30,2006,1,30
2006-01-31,0N90E,28.66,245.33,31,2006,1,31
2006-02-01,0N90E,28.94,305.39,32,2006,2,1
2006-02-02,0N90E,29.02,298.04,33,2006,2,2
2006-02-03,0N90E,29.37,306.24,34,2006,2,3
2006-02-04,0N90E,29.56,300.82,35,2006,2,4
2006-02-05,0N90E,29.19,230.25,36,2006,2,5
2006-02-06,0N90E,29.56,328.24,37,2006,2,6
2006-02-07,0N90E,29.39,312.58,38,2006,2,7
2006-02-08,0N90E,29.44,219.0,39,2006,2,8
2006-02-09,0N90E,29.34,312.38,40,2006,2,9
2006-02-10,0N90E,29.26,293.0,41,2006,2,10
2006-02-11,0N90E,29.56,250.93,42,2006,2,11
2006-02-12,0N90E,29.4,217.17,43,2006,2,12
2006-02-13,0N90E,29.1,55.13,44,2006,2,13
2006-02-14,0N90E,29.22,205.62,45,2006,2,14
2006-02-15,0N90E,29.47,312.84,46,2006,2,15
2006-02-16,0N90E,29.77,291.76,47,2006,2,16
2006-02-17,0N90E,29.71,316.4,48,2006,2,17
2006-02-18,0N90E,29.51,138.33,49,2006,2,18
2006-02-19,0N90E,30.07,298.83,50,2006,2,19
2006-02-20,0N90E,30.06,270.43,51,2006,2,20
2006-02-21,0N90E,30.2,258.13,52,2006,2,21
2006-02-22,0N90E,29.75,194.85,53,2006,2,22
2006-02-23,0N90E,29.54,214.22,54,2006,2,23
2006-02-24,0N90E,29.5,150.42,55,2006,2,24
2006-02-25,0N90E,29.38,133.77,56,2006,2,25
2006-02-26,0N90E,29.53,281.79,57,2006,2,26
2006-02-27,0N90E,29.54,277.59,58,2006,2,27
2006-02-28,0N90E,29.65,308.7,59,2006,2,28
2006-03-01,0N90E,29.64,322.19,60,2006,3,1
2006-03-02,0N90E,29.62,325.06,61,2006,3,2
2006-03-03,0N90E,29.86,330.16,62,2006,3,3
2006-03-04,0N90E,29.72,329.96,63,2006,3,4
2006-03-05,0N90E,29.85,314.75,64,2006,3,5
2006-03-06,0N90E,29.96,330.23,65,2006,3,6
2006-03-07,0N90E,30.08,316.74,66,2006,3,7
2006-03-08,0N90E,30.21,322.58,67,2006,3,8
2006-03-09,0N90E,30.21,327.38,68,2006,3,9
2006-03-10,0N90E,30.39,331.29,69,2006,3,10
2006-03-11,0N90E,30.45,302.86,70,2006,3,11
2006-03-12,0N90E,30.09,324.68,71,2006,3,12
2006-03-13,0N90E,30.17,314.34,72,2006,3,13
2006-03-14,0N90E,29.9,207.27,73,2006,3,14
2006-03-15,0N90E,29.66,77.93,74,2006,3,15
2006-03-16,0N90E,29.84,202.69,75,2006,3,16
2006-03-17,0N90E,29.69,179.83,76,2006,3,17
2006-03-18,0N90E,29.65,263.73,77,2006,3,18
2006-03-19,0N90E,29.5,75.55,78,2006,3,19
2006-03-20,0N90E,29.42,147.83,79,2006,3,20
2006-03-21,0N90E,29.27,51.89,80,2006,3,21
2006-03-22,0N90E,29.15,154.66,81,2006,3,22
2006-03-23,0N90E,29.13,158.34,82,2006,3,23
2006-03-24,0N90E,29.18,218.86,83,2006,3,24
2006-03-25,0N90E,29.2,218.86,84,2006,3,25
2006-03-26,0N90E,29.03,149.0,85,2006,3,26
2006-03-27,0N90E,29.026411764705884,257.82,86,2006,3,27
2006-03-28,0N90E,29.022823529411767,266.09,87,2006,3,28
2006-03-29,0N90E,29.01923529411765,251.15,88,2006,3,29
2006-03-30,0N90E,29.15161891969809,315.73,89,2006,3,30
2006-03-31,0N90E,29.151442560329837,277.99,90,2006,3,31
2006-04-01,0N90E,29.151266200961583,290.3,91,2006,4,1
2006-04-02,0N90E,29.15108984159333,302.14,92,2006,4,2
2006-04-03,0N90E,29.150913482225075,298.86,93,2006,4,3
2006-04-04,0N90E,29.15073712285682,314.22,94,2006,4,4
2006-04-05,0N90E,29.150560763488567,309.63,95,2006,4,5
2006-04-06,0N90E,29.150384404120313,301.23,96,2006,4,6
2006-04-07,0N90E,29.15020804475206,299.74,97,2006,4,7
2006-04-08,0N90E,29.150031685383805,212.34,98,2006,4,8
2006-04-09,0N90E,29.14985532601555,199.45,99,2006,4,9
2006-04-10,0N90E,29.149678966647297,308.53,100,2006,4,10
2006-04-11,0N90E,29.149502607279043,311.91,101,2006,4,11
2006-04-12,0N90E,29.14932624791079,246.1,102,2006,4,12
2006-04-13,0N90E,29.149149888542535,225.28,103,2006,4,13
2006-04-14,0N90E,29.14897352917428,293.53,104,2006,4,14
2006-04-15,0N90E,29.148797169806027,279.38,105,2006,4,15
2006-04-16,0N90E,29.148620810437773,85.17,106,2006,4,16
2006-04-17,0N90E,29.14844445106952,228.14,107,2006,4,17
2006-04-18,0N90E,29.148268091701265,281.11,108,2006,4,18
2006-04-19,0N90E,29.14809173233301,101.27,109,2006,4,19
2006-04-20,0N90E,29.147915372964757,58.12,110,2006,4,20
2006-04-21,0N90E,29.147739013596503,239.6,111,2006,4,21
2006-04-22,0N90E,29.14756265422825,51.18,112,2006,4,22
2006-04-23,0N90E,29.147386294859995,102.89,113,2006,4,23
2006-04-24,0N90E,29.14720993549174,179.35,114,2006,4,24
2006-04-25,0N90E,29.147033576123487,117.11,115,2006,4,25
2006-04-26,0N90E,29.146857216755237,265.44,116,2006,4,26
2006-04-27,0N90E,29.146680857386983,295.01,117,2006,4,27
2006-04-28,0N90E,29.14650449801873,273.37,118,2006,4,28
2006-04-29,0N90E,29.146328138650475,278.97,119,2006,4,29
2006-04-30,0N90E,29.14615177928222,298.26,120,2006,4,30
2006-05-01,0N90E,29.145975419913967,288.02,121,2006,5,1
2006-05-02,0N90E,29.145799060545713,259.4,122,2006,5,2
2006-05-03,0N90E,29.14562270117746,284.63,123,2006,5,3
2006-05-04,0N90E,29.145446341809205,294.51,124,2006,5,4
2006-05-05,0N90E,29.14526998244095,288.37,125,2006,5,5
2006-05-06,0N90E,29.145093623072697,283.17,126,2006,5,6
2006-05-07,0N90E,29.144917263704443,290.02,127,2006,5,7
2006-05-08,0N90E,29.14474090433619,84.44,128,2006,5,8
2006-05-09,0N90E,29.144564544967935,278.88,129,2006,5,9
2006-05-10,0N90E,29.14438818559968,277.89,130,2006,5,10
2006-05-11,0N90E,29.144211826231427,279.31,131,2006,5,11
2006-05-12,0N90E,29.144035466863173,259.17,132,2006,5,12
2006-05-13,0N90E,29.14385910749492,258.1,133,2006,5,13
2006-05-14,0N90E,29.143682748126665,259.52,134,2006,5,14
2006-05-15,0N90E,29.14350638875841,263.92,135,2006,5,15
2006-05-16,0N90E,29.143330029390157,255.09,136,2006,5,16
2006-05-17,0N90E,29.143153670021903,34.84,137,2006,5,17
2006-05-18,0N90E,29.14297731065365,274.1,138,2006,5,18
2006-05-19,0N90E,29.142800951285395,289.84,139,2006,5,19
2006-05-20,0N90E,29.14262459191714,165.34,140,2006,5,20
2006-05-21,0N90E,29.142448232548887,182.98,141,2006,5,21
2006-05-22,0N90E,29.142271873180633,265.93,142,2006,5,22
2006-05-23,0N90E,29.14209551381238,265.41761061946903,143,2006,5,23
2006-05-24,0N90E,29.141919154444125,264.90522123893805,144,2006,5,24
2006-05-25,0N90E,29.14174279507587,264.3928318584071,145,2006,5,25
2006-05-26,0N90E,29.141566435707617,256.6556332123002,146,2006,5,26
2006-05-27,0N90E,29.141390076339363,256.6720099784358,147,2006,5,27
2006-05-28,0N90E,29.14121371697111,256.68838674457146,148,2006,5,28
2006-05-29,0N90E,29.141037357602855,256.7047635107071,149,2006,5,29
2006-05-30,0N90E,29.1408609982346,256.72114027684273,150,2006,5,30
2006-05-31,0N90E,29.140684638866347,256.73751704297837,151,2006,5,31
2006-06-01,0N90E,29.140508279498093,256.753893809114,152,2006,6,1
2006-06-02,0N90E,29.14033192012984,256.77027057524964,153,2006,6,2
2006-06-03,0N90E,29.140155560761585,256.7866473413853,154,2006,6,3
2006-06-04,0N90E,29.13997920139333,256.80302410752097,155,2006,6,4
2006-06-05,0N90E,29.139802842025077,256.8194008736566,156,2006,6,5
2006-06-06,0N90E,29.139626482656823,256.83577763979224,157,2006,6,6
2006-06-07,0N90E,29.13945012328857,256.8521544059279,158,2006,6,7
2006-06-08,0N90E,29.139273763920315,256.8685311720635,159,2006,6,8
2006-06-09,0N90E,29.13909740455206,256.88490793819915,160,2006,6,9
2006-06-10,0N90E,29.138921045183807,256.9012847043348,161,2006,6,10
2006-06-11,0N90E,29.138744685815553,256.9176614704704,162,2006,6,11
2006-06-12,0N90E,29.1385683264473,256.93403823660606,163,2006,6,12
2006-06-13,0N90E,29.138391967079045,256.9504150027417,164,2006,6,13
2006-06-14,0N90E,29.13821560771079,256.96679176887733,165,2006,6,14
2006-06-15,0N90E,29.138039248342537,256.98316853501296,166,2006,6,15
2006-06-16,0N90E,29.137862888974283,256.9995453011486,167,2006,6,16
2006-06-17,0N90E,29.13768652960603,257.01592206728424,168,2006,6,17
2006-06-18,0N90E,29.137510170237775,257.0322988334199,169,2006,6,18
2006-06-19,0N90E,29.13733381086952,257.0486755995555,170,2006,6,19
2006-06-20,0N90E,29.137157451501267,257.06505236569114,171,2006,6,20
2006-06-21,0N90E,29.136981092133016,257.0814291318268,172,2006,6,21
2006-06-22,0N90E,29.136804732764762,257.0978058979625,173,2006,6,22
2006-06-23,0N90E,29.13662837339651,257.1141826640981,174,2006,6,23
2006-06-24,0N90E,29.136452014028254,257.13055943023375,175,2006,6,24
2006-06-25,0N90E,29.13627565466,257.1469361963694,176,2006,6,25
2006-06-26,0N90E,29.136099295291746,257.163312962505,177,2006,6,26
2006-06-27,0N90E,29.135922935923492,257.17968972864065,178,2006,6,27
2006-06-28,0N90E,29.13574657655524,257.1960664947763,179,2006,6,28
2006-06-29,0N90E,29.135570217186984,257.2124432609119,180,2006,6,29
2006-06-30,0N90E,29.13539385781873,257.22882002704756,181,2006,6,30
2006-07-01,0N90E,29.135217498450476,257.2451967931832,182,2006,7,1
2006-07-02,0N90E,29.135041139082222,257.26157355931883,183,2006,7,2
2006-07-03,0N90E,29.13486477971397,257.27795032545447,184,2006,7,3
2006-07-04,0N90E,29.134688420345714,257.2943270915901,185,2006,7,4
2006-07-05,0N90E,29.13451206097746,257.31070385772574,186,2006,7,5
2006-07-06,0N90E,29.134335701609206,257.3270806238614,187,2006,7,6
2006-07-07,0N90E,29.134159342240952,257.343457389997,188,2006,7,7
2006-07-08,0N90E,29.1339829828727,257.35983415613265,189,2006,7,8
2006-07-09,0N90E,29.133806623504444,257.3762109222683,190,2006,7,9
2006-07-10,0N90E,29.13363026413619,257.392587688404,191,2006,7,10
2006-07-11,0N90E,29.133453904767936,257.4089644545396,192,2006,7,11
2006-07-12,0N90E,29.133277545399682,257.42534122067525,193,2006,7,12
2006-07-13,0N90E,29.13310118603143,257.4417179868109,194,2006,7,13
2006-07-14,0N90E,29.132924826663174,257.4580947529465,195,2006,7,14
2006-07-15,0N90E,29.13274846729492,257.47447151908216,196,2006,7,15
2006-07-16,0N90E,29.132572107926666,257.4908482852178,197,2006,7,16
2006-07-17,0N90E,29.132395748558412,257.50722505135343,198,2006,7,17
2006-07-18,0N90E,29.13221938919016,257.52360181748907,199,2006,7,18
2006-07-19,0N90E,29.132043029821904,257.5399785836247,200,2006,7,19
2006-07-20,0N90E,29.13186667045365,257.55635534976034,201,2006,7,20
2006-07-21,0N90E,29.131690311085396,257.572732115896,202,2006,7,21
2006-07-22,0N90E,29.131513951717142,257.5891088820316,203,2006,7,22
2006-07-23,0N90E,29.13133759234889,257.60548564816725,204,2006,7,23
2006-07-24,0N90E,29.131161232980634,257.6218624143029,205,2006,7,24
2006-07-25,0N90E,29.13098487361238,257.6382391804385,206,2006,7,25
2006-07-26,0N90E,29.130808514244126,257.65461594657415,207,2006,7,26
2006-07-27,0N90E,29.130632154875872,257.6709927127098,208,2006,7,27
2006-07-28,0N90E,29.13045579550762,257.6873694788454,209,2006,7,28
2006-07-29,0N90E,29.130279436139364,257.7037462449811,210,2006,7,29
2006-07-30,0N90E,29.13010307677111,257.72012301111675,211,2006,7,30
2006-07-31,0N90E,29.129926717402856,257.7364997772524,212,2006,7,31
2006-08-01,0N90E,29.129750358034602,257.752876543388,213,2006,8,1
2006-08-02,0N90E,29.12957399866635,257.76925330952366,214,2006,8,2
2006-08-03,0N90E,29.129397639298094,257.7856300756593,215,2006,8,3
2006-08-04,0N90E,29.12922127992984,257.80200684179493,216,2006,8,4
2006-08-05,0N90E,29.129044920561586,257.81838360793057,217,2006,8,5
2006-08-06,0N90E,29.128868561193332,257.8347603740662,218,2006,8,6
2006-08-07,0N90E,29.12869220182508,257.85113714020184,219,2006,8,7
2006-08-08,0N90E,29.128515842456824,257.8675139063375,220,2006,8,8
2006-08-09,0N90E,29.12833948308857,257.8838906724731,221,2006,8,9
2006-08-10,0N90E,29.128163123720316,257.90026743860875,222,2006,8,10
2006-08-11,0N90E,29.127986764352062,257.9166442047444,223,2006,8,11
2006-08-12,0N90E,29.12781040498381,257.93302097088,224,2006,8,12
2006-08-13,0N90E,29.127634045615554,257.94939773701566,225,2006,8,13
2006-08-14,0N90E,29.1274576862473,257.9657745031513,226,2006,8,14
2006-08-15,0N90E,29.127281326879046,257.98215126928693,227,2006,8,15
2006-08-16,0N90E,29.127104967510796,257.9985280354226,228,2006,8,16
2006-08-17,0N90E,29.126928608142542,258.01490480155826,229,2006,8,17
2006-08-18,0N90E,29.126752248774288,258.0312815676939,230,2006,8,18
2006-08-19,0N90E,29.126575889406034,258.04765833382953,231,2006,8,19
2006-08-20,0N90E,29.12639953003778,258.06403509996517,232,2006,8,20
2006-08-21,0N90E,29.126223170669526,258.0804118661008,233,2006,8,21
2006-08-22,0N90E,29.126046811301272,258.09678863223644,234,2006,8,22
2006-08-23,0N90E,29.125870451933018,258.1131653983721,235,2006,8,23
2006-08-24,0N90E,29.125694092564764,258.1295421645077,236,2006,8,24
2006-08-25,0N90E,29.12551773319651,258.14591893064335,237,2006,8,25
2006-08-26,0N90E,29.125341373828256,258.162295696779,238,2006,8,26
2006-08-27,0N90E,29.125165014460002,258.1786724629146,239,2006,8,27
2006-08-28,0N90E,29.124988655091748,258.19504922905026,240,2006,8,28
2006-08-29,0N90E,29.124812295723494,258.2114259951859,241,2006,8,29
2006-08-30,0N90E,29.12463593635524,258.2278027613215,242,2006,8,30
2006-08-31,0N90E,29.124459576986986,258.24417952745716,243,2006,8,31
2006-09-01,0N90E,29.124283217618732,258.2605562935928,244,2006,9,1
2006-09-02,0N90E,29.124106858250478,258.27693305972844,245,2006,9,2
2006-09-03,0N90E,29.123930498882224,258.2933098258641,246,2006,9,3
2006-09-04,0N90E,29.12375413951397,258.30968659199976,247,2006,9,4
2006-09-05,0N90E,29.123577780145716,258.3260633581354,248,2006,9,5
2006-09-06,0N90E,29.123401420777462,258.34244012427104,249,2006,9,6
2006-09-07,0N90E,29.123225061409208,258.3588168904067,250,2006,9,7
2006-09-08,0N90E,29.123048702040954,258.3751936565423,251,2006,9,8
2006-09-09,0N90E,29.1228723426727,258.39157042267794,252,2006,9,9
2006-09-10,0N90E,29.122695983304446,258.4079471888136,253,2006,9,10
2006-09-11,0N90E,29.122519623936192,258.4243239549492,254,2006,9,11
2006-09-12,0N90E,28.42,208.03,255,2006,9,12
2006-09-13,0N90E,28.33,118.47,256,2006,9,13
2006-09-14,0N90E,28.41,264.25,257,2006,9,14
2006-09-15,0N90E,28.32,114.46,258,2006,9,15
2006-09-16,0N90E,28.18,138.95,259,2006,9,16
2006-09-17,0N90E,28.36,276.3,260,2006,9,17
2006-09-18,0N90E,28.44,274.29,261,2006,9,18
2006-09-19,0N90E,28.43,283.53,262,2006,9,19
2006-09-20,0N90E,28.47,282.32,263,2006,9,20
2006-09-21,0N90E,28.46,270.28,264,2006,9,21
2006-09-22,0N90E,28.52,250.2,265,2006,9,22
2006-09-23,0N90E,28.54,284.73,266,2006,9,23
2006-09-24,0N90E,28.54,292.77,267,2006,9,24
2006-09-25,0N90E,28.59,273.49,268,2006,9,25
2006-09-26,0N90E,28.61,269.07,269,2006,9,26
2006-09-27,0N90E,28.55,292.36,270,2006,9,27
2006-09-28,0N90E,28.49,244.17,271,2006,9,28
2006-09-29,0N90E,28.51,194.78,272,2006,9,29
2006-09-30,0N90E,28.58,276.7,273,2006,9,30
2006-10-01,0N90E,28.65,261.84,274,2006,10,1
2006-10-02,0N90E,28.68,262.24,275,2006,10,2
2006-10-03,0N90E,28.65,254.21,276,2006,10,3
2006-10-04,0N90E,28.64,279.92,277,2006,10,4
2006-10-05,0N90E,28.59,275.1,278,2006,10,5
2006-10-06,0N90E,28.58,242.97,279,2006,10,6
2006-10-07,0N90E,28.66,299.19,280,2006,10,7
2006-10-08,0N90E,28.65,282.73,281,2006,10,8
2006-10-09,0N90E,28.55,206.82,282,2006,10,9
2006-10-10,0N90E,28.69,283.53,283,2006,10,10
2006-10-11,0N90E,28.61,165.06,284,2006,10,11
2006-10-12,0N90E,28.94,305.62,285,2006,10,12
2006-10-13,0N90E,28.63,295.18,286,2006,10,13
2006-10-14,0N90E,28.62,220.48,287,2006,10,14
2006-10-15,0N90E,28.5,206.82,288,2006,10,15
2006-10-16,0N90E,28.64,284.33,289,2006,10,16
2006-10-17,0N90E,28.57,215.66,290,2006,10,17
2006-10-18,0N90E,28.46,254.21,291,2006,10,18
2006-10-19,0N90E,28.28,149.4,292,2006,10,19
2006-10-20,0N90E,28.04,115.66,293,2006,10,20
2006-10-21,0N90E,28.54,215.66,294,2006,10,21
2006-10-22,0N90E,28.15,129.32,295,2006,10,22
2006-10-23,0N90E,28.16,192.77,296,2006,10,23
2006-10-24,0N90E,27.96,85.14,297,2006,10,24
2006-10-25,0N90E,28.15,104.82,298,2006,10,25
2006-10-26,0N90E,28.27,174.7,299,2006,10,26
2006-10-27,0N90E,28.32,155.02,300,2006,10,27
2006-10-28,0N90E,28.21,87.15,301,2006,10,28
2006-10-29,0N90E,28.52,220.08,302,2006,10,29
2006-10-30,0N90E,28.41,220.08,303,2006,10,30
2006-10-31,0N90E,28.24,236.14,304,2006,10,31
2006-11-01,0N90E,28.16,236.18894894894893,305,2006,11,1
2006-11-02,0N90E,28.33,236.23789789789788,306,2006,11,2
2006-11-03,0N90E,28.16,236.28684684684683,307,2006,11,3
2006-11-04,0N90E,28.29,243.49891675649263,308,2006,11,4
2006-11-05,0N90E,28.49,243.35778464436106,309,2006,11,5
2006-11-06,0N90E,28.5,243.21665253222946,310,2006,11,6
2006-11-07,0N90E,28.49,243.07552042009786,311,2006,11,7
2006-11-08,0N90E,28.51,242.93438830796626,312,2006,11,8
2006-11-09,0N90E,28.66,242.7932561958347,313,2006,11,9
2006-11-10,0N90E,28.71,242.6521240837031,314,2006,11,10
2006-11-11,0N90E,28.67,242.51099197157149,315,2006,11,11
2006-11-12,0N90E,29.22,242.3698598594399,316,2006,11,12
2006-11-13,0N90E,29.27,242.2287277473083,317,2006,11,13
2006-11-14,0N90E,29.32,242.0875956351767,318,2006,11,14
2006-11-15,0N90E,28.95,241.9464635230451,319,2006,11,15
2006-11-16,0N90E,28.79,241.80533141091354,320,2006,11,16
2006-11-17,0N90E,28.67,241.66419929878194,321,2006,11,17
2006-11-18,0N90E,28.68,241.52306718665034,322,2006,11,18
2006-11-19,0N90E,28.38,241.38193507451876,323,2006,11,19
2006-11-20,0N90E,28.63,241.24080296238716,324,2006,11,20
2006-11-21,0N90E,28.75,241.09967085025556,325,2006,11,21
2006-11-22,0N90E,28.39,240.95853873812396,326,2006,11,22
2006-11-23,0N90E,28.82,240.8174066259924,327,2006,11,23
2006-11-24,0N90E,28.79,240.6762745138608,328,2006,11,24
2006-11-25,0N90E,29.05,240.5351424017292,329,2006,11,25
2006-11-26,0N90E,29.52,240.39401028959762,330,2006,11,26
2006-11-27,0N90E,29.84,240.25287817746602,331,2006,11,27
2006-11-28,0N90E,29.72,240.11174606533442,332,2006,11,28
2006-11-29,0N90E,29.75,239.97061395320281,333,2006,11,29
2006-11-30,0N90E,29.27,239.82948184107124,334,2006,11,30
2006-12-01,0N90E,29.14,239.68834972893964,335,2006,12,1
2006-12-02,0N90E,28.73,239.54721761680804,336,2006,12,2
2006-12-03,0N90E,28.82,239.40608550467647,337,2006,12,3
2006-12-04,0N90E,28.76,239.26495339254487,338,2006,12,4
2006-12-05,0N90E,28.8,239.12382128041327,339,2006,12,5
2006-12-06,0N90E,28.78,238.9826891682817,340,2006,12,6
2006-12-07,0N90E,28.68,238.8415570561501,341,2006,12,7
2006-12-08,0N90E,29.36,238.7004249440185,342,2006,12,8
2006-12-09,0N90E,29.18,238.5592928318869,343,2006,12,9
2006-12-10,0N90E,29.07,238.41816071975532,344,2006,12,10
2006-12-11,0N90E,29.05,238.27702860762372,345,2006,12,11
2006-12-12,0N90E,29.12,238.13589649549212,346,2006,12,12
2006-12-13,0N90E,29.21,237.99476438336055,347,2006,12,13
2006-12-14,0N90E,29.32,237.85363227122895,348,2006,12,14
2006-12-15,0N90E,29.42,237.71250015909735,349,2006,12,15
2006-12-16,0N90E,29.73,237.57136804696574,350,2006,12,16
2006-12-17,0N90E,29.66,237.43023593483417,351,2006,12,17
2006-12-18,0N90E,29.55,237.28910382270257,352,2006,12,18
2006-12-19,0N90E,29.66,237.14797171057097,353,2006,12,19
2006-12-20,0N90E,29.68,237.0068395984394,354,2006,12,20
2006-12-21,0N90E,29.54,236.8657074863078,355,2006,12,21
2006-12-22,0N90E,29.57,236.7245753741762,356,2006,12,22
2006-12-23,0N90E,29.46,236.5834432620446,357,2006,12,23
2006-12-24,0N90E,29.44,236.44231114991302,358,2006,12,24
2006-12-25,0N90E,29.43,236.30117903778142,359,2006,12,25
2006-12-26,0N90E,29.29,236.16004692564982,360,2006,12,26
2006-12-27,0N90E,29.1,236.01891481351825,361,2006,12,27
2006-12-28,0N90E,29.01,235.87778270138665,362,2006,12,28
2006-12-29,0N90E,28.94,235.73665058925505,363,2006,12,29
2006-12-30,0N90E,28.9,235.59551847712345,364,2006,12,30
2006-12-31,0N90E,28.82,235.45438636499188,365,2006,12,31
2007-01-01,0N90E,28.77,235.31325425286028,1,2007,1,1
2007-01-02,0N90E,28.8,235.17212214072867,2,2007,1,2
2007-01-03,0N90E,28.72,235.0309900285971,3,2007,1,3
2007-01-04,0N90E,28.68,234.8898579164655,4,2007,1,4
2007-01-05,0N90E,28.69,234.7487258043339,5,2007,1,5
2007-01-06,0N90E,28.77,234.6075936922023,6,2007,1,6
2007-01-07,0N90E,29.08,234.46646158007073,7,2007,1,7
2007-01-08,0N90E,29.15,234.32532946793913,8,2007,1,8
2007-01-09,0N90E,29.43,234.18419735580753,9,2007,1,9
2007-01-10,0N90E,29.48,234.04306524367595,10,2007,1,10
2007-01-11,0N90E,29.61,233.90193313154435,11,2007,1,11
2007-01-12,0N90E,29.28,233.76080101941275,12,2007,1,12
2007-01-13,0N90E,29.3,233.61966890728115,13,2007,1,13
2007-01-14,0N90E,29.33,233.47853679514958,14,2007,1,14
2007-01-15,0N90E,29.59,233.33740468301798,15,2007,1,15
2007-01-16,0N90E,29.38,233.19627257088638,16,2007,1,16
2007-01-17,0N90E,29.21,233.0551404587548,17,2007,1,17
2007-01-18,0N90E,29.15,232.9140083466232,18,2007,1,18
2007-01-19,0N90E,29.23,232.7728762344916,19,2007,1,19
2007-01-20,0N90E,29.11,232.63174412236003,20,2007,1,20
2007-01-21,0N90E,29.1,232.49061201022843,21,2007,1,21
2007-01-22,0N90E,29.13,232.34947989809683,22,2007,1,22
2007-01-23,0N90E,29.0,232.20834778596523,23,2007,1,23
2007-01-24,0N90E,29.09,232.06721567383366,24,2007,1,24
2007-01-25,0N90E,29.02,231.92608356170206,25,2007,1,25
2007-01-26,0N90E,29.24,231.78495144957046,26,2007,1,26
2007-01-27,0N90E,29.56,231.64381933743886,27,2007,1,27
2007-01-28,0N90E,29.49,231.50268722530728,28,2007,1,28
2007-01-29,0N90E,29.57,231.36155511317568,29,2007,1,29
2007-01-30,0N90E,29.64,231.22042300104408,30,2007,1,30
2007-01-31,0N90E,29.77,231.0792908889125,31,2007,1,31
2007-02-01,0N90E,29.61,230.9381587767809,32,2007,2,1
2007-02-02,0N90E,29.65,230.7970266646493,33,2007,2,2
2007-02-03,0N90E,29.27,230.65589455251774,34,2007,2,3
2007-02-04,0N90E,29.05,230.51476244038614,35,2007,2,4
2007-02-05,0N90E,28.97,230.37363032825454,36,2007,2,5
2007-02-06,0N90E,29.0,230.23249821612293,37,2007,2,6
2007-02-07,0N90E,29.19,230.09136610399136,38,2007,2,7
2007-02-08,0N90E,29.41,229.95023399185976,39,2007,2,8
2007-02-09,0N90E,29.2,229.80910187972816,40,2007,2,9
2007-02-10,0N90E,29.77,229.66796976759656,41,2007,2,10
2007-02-11,0N90E,30.0,229.526837655465,42,2007,2,11
2007-02-12,0N90E,29.28,229.3857055433334,43,2007,2,12
2007-02-13,0N90E,29.68,229.2445734312018,44,2007,2,13
2007-02-14,0N90E,29.69,229.1034413190702,45,2007,2,14
2007-02-15,0N90E,29.54,228.9623092069386,46,2007,2,15
2007-02-16,0N90E,29.42,228.821177094807,47,2007,2,16
2007-02-17,0N90E,29.36,228.68004498267544,48,2007,2,17
2007-02-18,0N90E,29.28,228.53891287054384,49,2007,2,18
2007-02-19,0N90E,29.33,228.39778075841224,50,2007,2,19
2007-02-20,0N90E,29.44,228.25664864628064,51,2007,2,20
2007-02-21,0N90E,29.3,228.11551653414907,52,2007,2,21
2007-02-22,0N90E,29.38,227.97438442201747,53,2007,2,22
2007-02-23,0N90E,29.4,227.83325230988586,54,2007,2,23
2007-02-24,0N90E,29.68,227.6921201977543,55,2007,2,24
2007-02-25,0N90E,29.73,227.5509880856227,56,2007,2,25
2007-02-26,0N90E,29.6,227.4098559734911,57,2007,2,26
2007-02-27,0N90E,29.65,227.2687238613595,58,2007,2,27
2007-02-28,0N90E,29.61,227.12759174922792,59,2007,2,28
2007-03-01,0N90E,29.77,226.98645963709632,60,2007,3,1
2007-03-02,0N90E,29.54,226.84532752496472,61,2007,3,2
2007-03-03,0N90E,29.64,226.70419541283314,62,2007,3,3
2007-03-04,0N90E,30.03,226.56306330070154,63,2007,3,4
2007-03-05,0N90E,29.84,226.42193118856994,64,2007,3,5
2007-03-06,0N90E,29.68,226.28079907643834,65,2007,3,6
2007-03-07,0N90E,29.63,226.13966696430677,66,2007,3,7
2007-03-08,0N90E,29.8,225.99853485217517,67,2007,3,8
2007-03-09,0N90E,30.09,225.85740274004357,68,2007,3,9
2007-03-10,0N90E,30.26,225.716270627912,69,2007,3,10
2007-03-11,0N90E,30.01,225.5751385157804,70,2007,3,11
2007-03-12,0N90E,29.94,225.4340064036488,71,2007,3,12
2007-03-13,0N90E,30.28,225.2928742915172,72,2007,3,13
2007-03-14,0N90E,30.05,225.15174217938562,73,2007,3,14
2007-03-15,0N90E,30.16,225.01061006725402,74,2007,3,15
2007-03-16,0N90E,29.99,224.86947795512242,75,2007,3,16
2007-03-17,0N90E,29.98,224.72834584299085,76,2007,3,17
2007-03-18,0N90E,30.07,224.58721373085925,77,2007,3,18
2007-03-19,0N90E,29.91,224.44608161872765,78,2007,3,19
2007-03-20,0N90E,29.9,224.30494950659607,79,2007,3,20
2007-03-21,0N90E,29.77,224.16381739446447,80,2007,3,21
2007-03-22,0N90E,29.67,224.02268528233287,81,2007,3,22
2007-03-23,0N90E,29.6,223.88155317020127,82,2007,3,23
2007-03-24,0N90E,29.5,223.7404210580697,83,2007,3,24
2007-03-25,0N90E,29.32,223.5992889459381,84,2007,3,25
2007-03-26,0N90E,29.43,223.4581568338065,85,2007,3,26
2007-03-27,0N90E,29.34,223.3170247216749,86,2007,3,27
2007-03-28,0N90E,29.67,223.17589260954333,87,2007,3,28
2007-03-29,0N90E,29.95,223.03476049741172,88,2007,3,29
2007-03-30,0N90E,29.7,222.89362838528012,89,2007,3,30
2007-03-31,0N90E,29.42,222.75249627314855,90,2007,3,31
2007-04-01,0N90E,29.13,222.61136416101695,91,2007,4,1
2007-04-02,0N90E,29.19,222.47023204888535,92,2007,4,2
2007-04-03,0N90E,29.15,222.32909993675378,93,2007,4,3
2007-04-04,0N90E,29.4,222.18796782462218,94,2007,4,4
2007-04-05,0N90E,29.63,222.04683571249058,95,2007,4,5
2007-04-06,0N90E,29.59,221.90570360035898,96,2007,4,6
2007-04-07,0N90E,29.69,221.7645714882274,97,2007,4,7
2007-04-08,0N90E,29.59,221.6234393760958,98,2007,4,8
2007-04-09,0N90E,29.82,221.4823072639642,99,2007,4,9
2007-04-10,0N90E,29.72,221.3411751518326,100,2007,4,10
2007-04-11,0N90E,29.61,221.20004303970103,101,2007,4,11
2007-04-12,0N90E,29.68,221.05891092756943,102,2007,4,12
2007-04-13,0N90E,30.04,220.91777881543783,103,2007,4,13
2007-04-14,0N90E,30.13,220.77664670330626,104,2007,4,14
2007-04-15,0N90E,30.2,220.63551459117465,105,2007,4,15
2007-04-16,0N90E,30.09,220.49438247904305,106,2007,4,16
2007-04-17,0N90E,30.12,220.35325036691148,107,2007,4,17
2007-04-18,0N90E,30.3,220.21211825477988,108,2007,4,18
2007-04-19,0N90E,30.07,220.07098614264828,109,2007,4,19
2007-04-20,0N90E,30.44,219.92985403051668,110,2007,4,20
2007-04-21,0N90E,30.42,219.7887219183851,111,2007,4,21
2007-04-22,0N90E,30.04,219.6475898062535,112,2007,4,22
2007-04-23,0N90E,29.62,219.5064576941219,113,2007,4,23
2007-04-24,0N90E,29.77,219.3653255819903,114,2007,4,24
2007-04-25,0N90E,30.01,219.22419346985873,115,2007,4,25
2007-04-26,0N90E,30.16,219.08306135772713,116,2007,4,26
2007-04-27,0N90E,30.02,218.94192924559553,117,2007,4,27
2007-04-28,0N90E,29.79,218.80079713346396,118,2007,4,28
2007-04-29,0N90E,29.82,218.65966502133236,119,2007,4,29
2007-04-30,0N90E,29.87,218.51853290920076,120,2007,4,30
2007-05-01,0N90E,29.78,218.37740079706919,121,2007,5,1
2007-05-02,0N90E,29.63,218.23626868493758,122,2007,5,2
2007-05-03,0N90E,29.5,218.09513657280598,123,2007,5,3
2007-05-04,0N90E,29.47,217.95400446067438,124,2007,5,4
2007-05-05,0N90E,29.67,217.8128723485428,125,2007,5,5
2007-05-06,0N90E,29.82,217.6717402364112,126,2007,5,6
2007-05-07,0N90E,29.91,217.5306081242796,127,2007,5,7
2007-05-08,0N90E,30.02,217.38947601214804,128,2007,5,8
2007-05-09,0N90E,30.05,217.24834390001644,129,2007,5,9
2007-05-10,0N90E,30.01,217.10721178788484,130,2007,5,10
2007-05-11,0N90E,29.85,216.96607967575324,131,2007,5,11
2007-05-12,0N90E,29.89,216.82494756362166,132,2007,5,12
2007-05-13,0N90E,29.93,216.68381545149006,133,2007,5,13
2007-05-14,0N90E,29.89,216.54268333935846,134,2007,5,14
2007-05-15,0N90E,29.95,216.4015512272269,135,2007,5,15
2007-05-16,0N90E,29.98,216.2604191150953,136,2007,5,16
2007-05-17,0N90E,29.96,216.1192870029637,137,2007,5,17
2007-05-18,0N90E,30.11,215.97815489083212,138,2007,5,18
2007-05-19,0N90E,30.35,215.83702277870051,139,2007,5,19
2007-05-20,0N90E,30.42,215.6958906665689,140,2007,5,20
2007-05-21,0N90E,30.4,215.5547585544373,141,2007,5,21
2007-05-22,0N90E,30.28,215.41362644230574,142,2007,5,22
2007-05-23,0N90E,30.23,215.27249433017414,143,2007,5,23
2007-05-24,0N90E,30.23,215.13136221804254,144,2007,5,24
2007-05-25,0N90E,30.15,214.99023010591094,145,2007,5,25
2007-05-26,0N90E,30.33,214.84909799377937,146,2007,5,26
2007-05-27,0N90E,30.31,214.70796588164777,147,2007,5,27
2007-05-28,0N90E,30.1,214.56683376951617,148,2007,5,28
2007-05-29,0N90E,30.18,214.4257016573846,149,2007,5,29
2007-05-30,0N90E,30.15,214.284569545253,150,2007,5,30
2007-05-31,0N90E,30.35,214.1434374331214,151,2007,5,31
2007-06-01,0N90E,30.19,214.00230532098982,152,2007,6,1
2007-06-02,0N90E,30.45,213.86117320885822,153,2007,6,2
2007-06-03,0N90E,30.64,213.72004109672662,154,2007,6,3
2007-06-04,0N90E,30.77,213.57890898459502,155,2007,6,4
2007-06-05,0N90E,30.26,213.43777687246344,156,2007,6,5
2007-06-06,0N90E,30.36,213.29664476033184,157,2007,6,6
2007-06-07,0N90E,30.47,213.15551264820024,158,2007,6,7
2007-06-08,0N90E,30.31,213.01438053606864,159,2007,6,8
2007-06-09,0N90E,30.37,212.87324842393707,160,2007,6,9
2007-06-10,0N90E,30.56,212.73211631180547,161,2007,6,10
2007-06-11,0N90E,30.14,212.59098419967387,162,2007,6,11
2007-06-12,0N90E,29.96,212.4498520875423,163,2007,6,12
2007-06-13,0N90E,29.76,212.3087199754107,164,2007,6,13
2007-06-14,0N90E,29.78,212.1675878632791,165,2007,6,14
2007-06-15,0N90E,29.77,212.02645575114752,166,2007,6,15
2007-06-16,0N90E,29.71,211.88532363901592,167,2007,6,16
2007-06-17,0N90E,29.8,211.74419152688432,168,2007,6,17
2007-06-18,0N90E,29.63,211.60305941475275,169,2007,6,18
2007-06-19,0N90E,29.67,211.46192730262115,170,2007,6,19
2007-06-20,0N90E,29.73,211.32079519048955,171,2007,6,20
2007-06-21,0N90E,29.78,211.17966307835795,172,2007,6,21
2007-06-22,0N90E,29.89,211.03853096622635,173,2007,6,22
2007-06-23,0N90E,29.7,210.89739885409477,174,2007,6,23
2007-06-24,0N90E,29.69,210.75626674196317,175,2007,6,24
2007-06-25,0N90E,29.53,210.61513462983157,176,2007,6,25
2007-06-26,0N90E,29.35,210.4740025177,177,2007,6,26
2007-06-27,0N90E,29.41,210.3328704055684,178,2007,6,27
2007-06-28,0N90E,29.57,210.1917382934368,179,2007,6,28
2007-06-29,0N90E,29.68,210.05060618130523,180,2007,6,29
2007-06-30,0N90E,29.67,209.90947406917363,181,2007,6,30
2007-07-01,0N90E,29.65,209.76834195704203,182,2007,7,1
2007-07-02,0N90E,29.64,209.62720984491045,183,2007,7,2
2007-07-03,0N90E,29.66,209.48607773277885,184,2007,7,3
2007-07-04,0N90E,29.89,209.34494562064725,185,2007,7,4
2007-07-05,0N90E,29.94,209.20381350851565,186,2007,7,5
2007-07-06,0N90E,29.74,209.06268139638405,187,2007,7,6
2007-07-07,0N90E,29.61,208.92154928425248,188,2007,7,7
2007-07-08,0N90E,29.68,208.78041717212088,189,2007,7,8
2007-07-09,0N90E,29.68,208.63928505998928,190,2007,7,9
2007-07-10,0N90E,29.63,208.4981529478577,191,2007,7,10
2007-07-11,0N90E,29.42,208.3570208357261,192,2007,7,11
2007-07-12,0N90E,29.44,208.2158887235945,193,2007,7,12
2007-07-13,0N90E,29.39,208.07475661146293,194,2007,7,13
2007-07-14,0N90E,29.36,207.93362449933133,195,2007,7,14
2007-07-15,0N90E,29.31,207.79249238719973,196,2007,7,15
2007-07-16,0N90E,29.44,207.65136027506816,197,2007,7,16
2007-07-17,0N90E,29.35,207.51022816293656,198,2007,7,17
2007-07-18,0N90E,29.39,207.36909605080496,199,2007,7,18
2007-07-19,0N90E,29.2,207.22796393867335,200,2007,7,19
2007-07-20,0N90E,29.0,207.08683182654175,201,2007,7,20
2007-07-21,0N90E,29.0,206.94569971441018,202,2007,7,21
2007-07-22,0N90E,29.07,206.80456760227858,203,2007,7,22
2007-07-23,0N90E,29.01,206.66343549014698,204,2007,7,23
2007-07-24,0N90E,29.28,206.5223033780154,205,2007,7,24
2007-07-25,0N90E,28.99,206.3811712658838,206,2007,7,25
2007-07-26,0N90E,29.02,206.2400391537522,207,2007,7,26
2007-07-27,0N90E,28.98,206.09890704162063,208,2007,7,27
2007-07-28,0N90E,28.94,205.95777492948903,209,2007,7,28
2007-07-29,0N90E,28.92,205.81664281735743,210,2007,7,29
2007-07-30,0N90E,28.94,205.67551070522586,211,2007,7,30
2007-07-31,0N90E,29.1,205.53437859309426,212,2007,7,31
2007-08-01,0N90E,29.14,205.39324648096266,213,2007,8,1
2007-08-02,0N90E,29.12,205.25211436883106,214,2007,8,2
2007-08-03,0N90E,29.15,205.1109822566995,215,2007,8,3
2007-08-04,0N90E,29.2,204.96985014456789,216,2007,8,4
2007-08-05,0N90E,29.21,204.82871803243629,217,2007,8,5
2007-08-06,0N90E,29.31,204.68758592030468,218,2007,8,6
2007-08-07,0N90E,29.21,204.5464538081731,219,2007,8,7
2007-08-08,0N90E,28.99,204.4053216960415,220,2007,8,8
2007-08-09,0N90E,29.05,204.2641895839099,221,2007,8,9
2007-08-10,0N90E,29.07,204.12305747177834,222,2007,8,10
2007-08-11,0N90E,29.15,203.98192535964674,223,2007,8,11
2007-08-12,0N90E,29.06,203.84079324751514,224,2007,8,12
2007-08-13,0N90E,29.16,203.69966113538356,225,2007,8,13
2007-08-14,0N90E,29.34,203.55852902325196,226,2007,8,14
2007-08-15,0N90E,29.06,203.41739691112036,227,2007,8,15
2007-08-16,0N90E,29.22,203.2762647989888,228,2007,8,16
2007-08-17,0N90E,29.22,203.1351326868572,229,2007,8,17
2007-08-18,0N90E,29.1,202.9940005747256,230,2007,8,18
2007-08-19,0N90E,29.15,202.852868462594,231,2007,8,19
2007-08-20,0N90E,29.07,202.7117363504624,232,2007,8,20
2007-08-21,0N90E,28.99,202.57060423833082,233,2007,8,21
2007-08-22,0N90E,29.27,202.42947212619922,234,2007,8,22
2007-08-23,0N90E,29.33,202.28834001406761,235,2007,8,23
2007-08-24,0N90E,29.31,202.14720790193604,236,2007,8,24
2007-08-25,0N90E,29.24,202.00607578980444,237,2007,8,25
2007-08-26,0N90E,29.26,201.86494367767284,238,2007,8,26
2007-08-27,0N90E,29.08,201.72381156554127,239,2007,8,27
2007-08-28,0N90E,29.23,201.58267945340967,240,2007,8,28
2007-08-29,0N90E,29.1,201.44154734127807,241,2007,8,29
2007-08-30,0N90E,29.03,201.3004152291465,242,2007,8,30
2007-08-31,0N90E,29.1,201.1592831170149,243,2007,8,31
2007-09-01,0N90E,28.95,201.0181510048833,244,2007,9,1
2007-09-02,0N90E,28.87,200.8770188927517,245,2007,9,2
2007-09-03,0N90E,28.9,200.7358867806201,246,2007,9,3
2007-09-04,0N90E,28.94,200.59475466848852,247,2007,9,4
2007-09-05,0N90E,29.15,200.45362255635692,248,2007,9,5
2007-09-06,0N90E,29.05,200.31249044422532,249,2007,9,6
2007-09-07,0N90E,28.93,200.17135833209375,250,2007,9,7
2007-09-08,0N90E,29.04,200.03022621996215,251,2007,9,8
2007-09-09,0N90E,29.46,199.88909410783054,252,2007,9,9
2007-09-10,0N90E,29.66,199.74796199569897,253,2007,9,10
2007-09-11,0N90E,29.16,199.60682988356737,254,2007,9,11
2007-09-12,0N90E,29.05,199.46569777143577,255,2007,9,12
2007-09-13,0N90E,28.94,199.3245656593042,256,2007,9,13
2007-09-14,0N90E,28.92,199.1834335471726,257,2007,9,14
2007-09-15,0N90E,28.8,199.042301435041,258,2007,9,15
2007-09-16,0N90E,28.75,198.9011693229094,259,2007,9,16
2007-09-17,0N90E,28.94,198.7600372107778,260,2007,9,17
2007-09-18,0N90E,28.69,198.61890509864622,261,2007,9,18
2007-09-19,0N90E,28.73,198.47777298651462,262,2007,9,19
2007-09-20,0N90E,28.92,198.33664087438302,263,2007,9,20
2007-09-21,0N90E,28.94,198.19550876225145,264,2007,9,21
2007-09-22,0N90E,28.86,198.05437665011985,265,2007,9,22
2007-09-23,0N90E,28.86,197.91324453798825,266,2007,9,23
2007-09-24,0N90E,28.84,197.77211242585668,267,2007,9,24
2007-09-25,0N90E,28.78,197.63098031372508,268,2007,9,25
2007-09-26,0N90E,28.78,197.48984820159347,269,2007,9,26
2007-09-27,0N90E,28.775,197.3487160894619,270,2007,9,27
2007-09-28,0N90E,28.77,197.2075839773303,271,2007,9,28
2007-09-29,0N90E,28.72,252.44,272,2007,9,29
2007-09-30,0N90E,28.59,80.61,273,2007,9,30
2007-10-01,0N90E,28.66,193.32,274,2007,10,1
2007-10-02,0N90E,28.61,209.95,275,2007,10,2
2007-10-03,0N90E,28.77,285.7,276,2007,10,3
2007-10-04,0N90E,28.85,274.62,277,2007,10,4
2007-10-05,0N90E,28.87,234.89,278,2007,10,5
2007-10-06,0N90E,28.86,153.59,279,2007,10,6
2007-10-07,0N90E,28.85,187.31,280,2007,10,7
2007-10-08,0N90E,29.04,254.75,281,2007,10,8
2007-10-09,0N90E,28.74,63.05,282,2007,10,9
2007-10-10,0N90E,28.82,257.06,283,2007,10,10
2007-10-11,0N90E,28.84,293.09,284,2007,10,11
2007-10-12,0N90E,28.96,268.61,285,2007,10,12
2007-10-13,0N90E,28.7,53.35,286,2007,10,13
2007-10-14,0N90E,29.01,276.0,287,2007,10,14
2007-10-15,0N90E,29.11,296.79,288,2007,10,15
2007-10-16,0N90E,28.7,55.2,289,2007,10,16
2007-10-17,0N90E,28.44,55.2,290,2007,10,17
2007-10-18,0N90E,28.49,273.69,291,2007,10,18
2007-10-19,0N90E,28.79,245.98,292,2007,10,19
2007-10-20,0N90E,28.58,108.32,293,2007,10,20
2007-10-21,0N90E,28.57,192.39,294,2007,10,21
2007-10-22,0N90E,28.57,169.76,295,2007,10,22
2007-10-23,0N90E,28.28,159.6,296,2007,10,23
2007-10-24,0N90E,28.45,285.7,297,2007,10,24
2007-10-25,0N90E,28.48,230.73,298,2007,10,25
2007-10-26,0N90E,28.69,280.16,299,2007,10,26
2007-10-27,0N90E,28.62,288.94,300,2007,10,27
2007-10-28,0N90E,29.02,297.25,301,2007,10,28
2007-10-29,0N90E,28.66,220.57,302,2007,10,29
2007-10-30,0N90E,28.84,281.08,303,2007,10,30
2007-10-31,0N90E,29.1,291.25,304,2007,10,31
2007-11-01,0N90E,28.83,191.47,305,2007,11,1
2007-11-02,0N90E,28.81,173.45,306,2007,11,2
2007-11-03,0N90E,28.8,223.8,307,2007,11,3
2007-11-04,0N90E,28.74,182.69,308,2007,11,4
2007-11-05,0N90E,28.77,187.77,309,2007,11,5
2007-11-06,0N90E,28.76,245.51,310,2007,11,6
2007-11-07,0N90E,28.69,203.94,311,2007,11,7
2007-11-08,0N90E,28.6,46.42,312,2007,11,8
2007-11-09,0N90E,28.58,195.16,313,2007,11,9
2007-11-10,0N90E,28.61,170.68,314,2007,11,10
2007-11-11,0N90E,28.57,204.4,315,2007,11,11
2007-11-12,0N90E,28.55,201.63,316,2007,11,12
2007-11-13,0N90E,28.55,268.61,317,2007,11,13
2007-11-14,0N90E,28.53,113.87,318,2007,11,14
2007-11-15,0N90E,28.88,286.16,319,2007,11,15
2007-11-16,0N90E,28.92,290.78,320,2007,11,16
2007-11-17,0N90E,28.86,304.18,321,2007,11,17
2007-11-18,0N90E,29.08,286.16,322,2007,11,18
2007-11-19,0N90E,29.03,298.17,323,2007,11,19
2007-11-20,0N90E,29.09,282.01,324,2007,11,20
2007-11-21,0N90E,29.17,273.23,325,2007,11,21
2007-11-22,0N90E,29.36,303.26,326,2007,11,22
2007-11-23,0N90E,29.05,284.78,327,2007,11,23
2007-11-24,0N90E,28.92,251.06,328,2007,11,24
2007-11-25,0N90E,29.0,272.31,329,2007,11,25
2007-11-26,0N90E,28.88,290.32,330,2007,11,26
2007-11-27,0N90E,28.8,293.09,331,2007,11,27
2007-11-28,0N90E,28.68,206.71,332,2007,11,28
2007-11-29,0N90E,28.56,97.24,333,2007,11,29
2007-11-30,0N90E,28.67,251.98,334,2007,11,30
2007-12-01,0N90E,28.68,292.63,335,2007,12,1
2007-12-02,0N90E,28.73,277.85,336,2007,12,2
2007-12-03,0N90E,28.64,254.29,337,2007,12,3
2007-12-04,0N90E,28.65,108.32,338,2007,12,4
2007-12-05,0N90E,28.52,103.24,339,2007,12,5
2007-12-06,0N90E,28.7,276.0,340,2007,12,6
2007-12-07,0N90E,28.92,289.4,341,2007,12,7
2007-12-08,0N90E,28.79,204.86,342,2007,12,8
2007-12-09,0N90E,28.61,58.9,343,2007,12,9
2007-12-10,0N90E,28.6,153.13,344,2007,12,10
2007-12-11,0N90E,28.56,169.3,345,2007,12,11
2007-12-12,0N90E,28.52,161.44,346,2007,12,12
2007-12-13,0N90E,28.51,208.1,347,2007,12,13
2007-12-14,0N90E,28.39,27.95,348,2007,12,14
2007-12-15,0N90E,28.5,226.11,349,2007,12,15
2007-12-16,0N90E,28.78,225.65,350,2007,12,16
2007-12-17,0N90E,29.03,284.32,351,2007,12,17
2007-12-18,0N90E,29.03,275.08,352,2007,12,18
2007-12-19,0N90E,29.06,282.01,353,2007,12,19
2007-12-20,0N90E,29.2,252.91,354,2007,12,20
2007-12-21,0N90E,29.0,149.9,355,2007,12,21
2007-12-22,0N90E,28.66,73.68,356,2007,12,22
2007-12-23,0N90E,28.48,205.79,357,2007,12,23
2007-12-24,0N90E,28.39,119.87,358,2007,12,24
2007-12-25,0N90E,28.45,243.2,359,2007,12,25
2007-12-26,0N90E,28.53,186.39,360,2007,12,26
2007-12-27,0N90E,28.48,276.46,361,2007,12,27
2007-12-28,0N90E,28.4,88.92,362,2007,12,28
2007-12-29,0N90E,28.42,254.29,363,2007,12,29
2007-12-30,0N90E,28.47,268.61,364,2007,12,30
2007-12-31,0N90E,28.4,199.32,365,2007,12,31
2008-01-01,0N90E,28.37,213.18,1,2008,1,1
2008-01-02,0N90E,28.72,277.39,2,2008,1,2
2008-01-03,0N90E,29.15,280.16,3,2008,1,3
2008-01-04,0N90E,28.76,264.45,4,2008,1,4
2008-01-05,0N90E,28.55,254.75,5,2008,1,5
2008-01-06,0N90E,28.64,291.25,6,2008,1,6
2008-01-07,0N90E,28.78,293.56,7,2008,1,7
2008-01-08,0N90E,28.6,298.64,8,2008,1,8
2008-01-09,0N90E,28.81,296.33,9,2008,1,9
2008-01-10,0N90E,29.05,304.18,10,2008,1,10
2008-01-11,0N90E,29.32,303.26,11,2008,1,11
2008-01-12,0N90E,29.38,306.49,12,2008,1,12
2008-01-13,0N90E,29.46,311.11,13,2008,1,13
2008-01-14,0N90E,29.38,308.8,14,2008,1,14
2008-01-15,0N90E,29.48,273.69,15,2008,1,15
2008-01-16,0N90E,29.47,277.39,16,2008,1,16
2008-01-17,0N90E,29.5,308.34,17,2008,1,17
2008-01-18,0N90E,29.35,311.57,18,2008,1,18
2008-01-19,0N90E,29.38,309.72,19,2008,1,19
2008-01-20,0N90E,29.55,307.87,20,2008,1,20
2008-01-21,0N90E,29.51,290.32,21,2008,1,21
2008-01-22,0N90E,29.31,192.39,22,2008,1,22
2008-01-23,0N90E,29.47,278.31,23,2008,1,23
2008-01-24,0N90E,29.37,159.6,24,2008,1,24
2008-01-25,0N90E,29.57,205.79,25,2008,1,25
2008-01-26,0N90E,29.5,187.77,26,2008,1,26
2008-01-27,0N90E,29.27,65.36,27,2008,1,27
2008-01-28,0N90E,29.42,220.11,28,2008,1,28
2008-01-29,0N90E,29.41,263.53,29,2008,1,29
2008-01-30,0N90E,29.19,176.69,30,2008,1,30
2008-01-31,0N90E,29.15,166.06,31,2008,1,31
2008-02-01,0N90E,29.15,232.12,32,2008,2,1
2008-02-02,0N90E,29.04,130.03,33,2008,2,2
2008-02-03,0N90E,29.15,271.38,34,2008,2,3
2008-02-04,0N90E,29.59,295.4,35,2008,2,4
2008-02-05,0N90E,29.59,269.53,36,2008,2,5
2008-02-06,0N90E,29.7,291.71,37,2008,2,6
2008-02-07,0N90E,29.31,239.51,38,2008,2,7
2008-02-08,0N90E,28.99,102.78,39,2008,2,8
2008-02-09,0N90E,29.04,293.09,40,2008,2,9
2008-02-10,0N90E,29.11,291.71,41,2008,2,10
2008-02-11,0N90E,29.38,289.86,42,2008,2,11
2008-02-12,0N90E,29.28,213.64,43,2008,2,12
2008-02-13,0N90E,29.54,281.08,44,2008,2,13
2008-02-14,0N90E,29.4,245.05,45,2008,2,14
2008-02-15,0N90E,29.37,207.64,46,2008,2,15
2008-02-16,0N90E,29.66,284.32,47,2008,2,16
2008-02-17,0N90E,29.8,283.85,48,2008,2,17
2008-02-18,0N90E,29.72,249.21,49,2008,2,18
2008-02-19,0N90E,29.71,220.57,50,2008,2,19
2008-02-20,0N90E,29.42,191.01,51,2008,2,20
2008-02-21,0N90E,29.32,146.66,52,2008,2,21
2008-02-22,0N90E,29.21,61.67,53,2008,2,22
2008-02-23,0N90E,29.38,272.77,54,2008,2,23
2008-02-24,0N90E,29.23,124.03,55,2008,2,24
2008-02-25,0N90E,29.14,55.66,56,2008,2,25
2008-02-26,0N90E,29.3,247.82,57,2008,2,26
2008-02-27,0N90E,29.56,292.63,58,2008,2,27
2008-02-28,0N90E,29.69,258.45,59,2008,2,28
2008-02-29,0N90E,29.68,295.86,60,2008,2,29
2008-03-01,0N90E,29.31,142.04,61,2008,3,1
2008-03-02,0N90E,29.25,63.05,62,2008,3,2
2008-03-03,0N90E,29.25,142.5,63,2008,3,3
2008-03-04,0N90E,29.15,110.17,64,2008,3,4
2008-03-05,0N90E,29.12,248.75,65,2008,3,5
2008-03-06,0N90E,29.01,61.21,66,2008,3,6
2008-03-07,0N90E,29.12,262.61,67,2008,3,7
2008-03-08,0N90E,29.17,215.49,68,2008,3,8
2008-03-09,0N90E,28.89,52.89,69,2008,3,9
2008-03-10,0N90E,28.94,161.91,70,2008,3,10
2008-03-11,0N90E,29.01,274.15,71,2008,3,11
2008-03-12,0N90E,28.91,62.13,72,2008,3,12
2008-03-13,0N90E,28.86,120.79,73,2008,3,13
2008-03-14,0N90E,28.86,189.62,74,2008,3,14
2008-03-15,0N90E,29.01,199.32,75,2008,3,15
2008-03-16,0N90E,28.93,246.9,76,2008,3,16
2008-03-17,0N90E,28.81,72.29,77,2008,3,17
2008-03-18,0N90E,28.81,236.74,78,2008,3,18
2008-03-19,0N90E,29.12,313.42,79,2008,3,19
2008-03-20,0N90E,29.22,315.27,80,2008,3,20
2008-03-21,0N90E,29.01,313.88,81,2008,3,21
2008-03-22,0N90E,29.03,320.81,82,2008,3,22
2008-03-23,0N90E,29.15,330.51,83,2008,3,23
2008-03-24,0N90E,29.14,305.1,84,2008,3,24
2008-03-25,0N90E,29.07,262.14,85,2008,3,25
2008-03-26,0N90E,29.03,240.43,86,2008,3,26
2008-03-27,0N90E,29.03,267.23,87,2008,3,27
2008-03-28,0N90E,29.07,310.65,88,2008,3,28
2008-03-29,0N90E,29.19,301.41,89,2008,3,29
2008-03-30,0N90E,29.44,305.57,90,2008,3,30
2008-03-31,0N90E,29.5,282.93,91,2008,3,31
2008-04-01,0N90E,29.8,283.39,92,2008,4,1
2008-04-02,0N90E,29.69,233.04,93,2008,4,2
2008-04-03,0N90E,29.74,295.86,94,2008,4,3
2008-04-04,0N90E,29.66,278.31,95,2008,4,4
2008-04-05,0N90E,29.86,318.5,96,2008,4,5
2008-04-06,0N90E,29.85,315.73,97,2008,4,6
2008-04-07,0N90E,29.6,295.4,98,2008,4,7
2008-04-08,0N90E,29.84,319.42,99,2008,4,8
2008-04-09,0N90E,29.92,319.88,100,2008,4,9
2008-04-10,0N90E,30.22,311.11,101,2008,4,10
2008-04-11,0N90E,29.81,244.59,102,2008,4,11
2008-04-12,0N90E,29.77,270.92,103,2008,4,12
2008-04-13,0N90E,29.54,295.86,104,2008,4,13
2008-04-14,0N90E,29.47,210.87,105,2008,4,14
2008-04-15,0N90E,29.3,44.11,106,2008,4,15
2008-04-16,0N90E,29.23,141.58,107,2008,4,16
2008-04-17,0N90E,29.15,127.26,108,2008,4,17
2008-04-18,0N90E,29.07,33.49,109,2008,4,18
2008-04-19,0N90E,28.94,41.8,110,2008,4,19
2008-04-20,0N90E,28.85,158.67,111,2008,4,20
2008-04-21,0N90E,28.81,135.58,112,2008,4,21
2008-04-22,0N90E,28.85,185.93,113,2008,4,22
2008-04-23,0N90E,28.83,142.04,114,2008,4,23
2008-04-24,0N90E,28.74,92.62,115,2008,4,24
2008-04-25,0N90E,28.86,239.51,116,2008,4,25
2008-04-26,0N90E,29.04,298.17,117,2008,4,26
2008-04-27,0N90E,29.18,301.87,118,2008,4,27
2008-04-28,0N90E,29.18,303.72,119,2008,4,28
2008-04-29,0N90E,29.07,303.26,120,2008,4,29
2008-04-30,0N90E,29.13,273.23,121,2008,4,30
2008-05-01,0N90E,29.15,261.68,122,2008,5,1
2008-05-02,0N90E,29.41,286.16,123,2008,5,2
2008-05-03,0N90E,29.18,266.3,124,2008,5,3
2008-05-04,0N90E,29.14,255.22,125,2008,5,4
2008-05-05,0N90E,29.36,271.38,126,2008,5,5
2008-05-06,0N90E,29.46,283.85,127,2008,5,6
2008-05-07,0N90E,29.19,226.11,128,2008,5,7
2008-05-08,0N90E,29.29,288.01,129,2008,5,8
2008-05-09,0N90E,29.12,136.04,130,2008,5,9
2008-05-10,0N90E,28.99,116.17,131,2008,5,10
2008-05-11,0N90E,29.12,239.51,132,2008,5,11
2008-05-12,0N90E,29.22,289.86,133,2008,5,12
2008-05-13,0N90E,29.07,236.28,134,2008,5,13
2008-05-14,0N90E,28.96,184.54,135,2008,5,14
2008-05-15,0N90E,29.22,293.56,136,2008,5,15
2008-05-16,0N90E,29.28,243.2,137,2008,5,16
2008-05-17,0N90E,29.5,263.07,138,2008,5,17
2008-05-18,0N90E,29.59,269.07,139,2008,5,18
2008-05-19,0N90E,29.45,261.68,140,2008,5,19
2008-05-20,0N90E,29.38,236.74,141,2008,5,20
2008-05-21,0N90E,29.37,272.77,142,2008,5,21
2008-05-22,0N90E,29.49,250.13,143,2008,5,22
2008-05-23,0N90E,29.49,258.45,144,2008,5,23
2008-05-24,0N90E,29.41,178.07,145,2008,5,24
2008-05-25,0N90E,29.37,214.57,146,2008,5,25
2008-05-26,0N90E,29.38,259.37,147,2008,5,26
2008-05-27,0N90E,29.4,196.09,148,2008,5,27
2008-05-28,0N90E,29.56,260.3,149,2008,5,28
2008-05-29,0N90E,29.26,111.56,150,2008,5,29
2008-05-30,0N90E,29.43,248.29,151,2008,5,30
2008-05-31,0N90E,29.26,248.29,152,2008,5,31
2008-06-01,0N90E,29.34,220.57,153,2008,6,1
2008-06-02,0N90E,29.2,132.34,154,2008,6,2
2008-06-03,0N90E,29.14,69.98,155,2008,6,3
2008-06-04,0N90E,29.59,258.45,156,2008,6,4
2008-06-05,0N90E,29.17,63.52,157,2008,6,5
2008-06-06,0N90E,29.15,118.48,158,2008,6,6
2008-06-07,0N90E,29.2,213.18,159,2008,6,7
2008-06-08,0N90E,29.25,236.74,160,2008,6,8
2008-06-09,0N90E,29.62,271.38,161,2008,6,9
2008-06-10,0N90E,29.4,259.37,162,2008,6,10
2008-06-11,0N90E,29.28,199.78,163,2008,6,11
2008-06-12,0N90E,29.31,260.3,164,2008,6,12
2008-06-13,0N90E,29.41,226.11,165,2008,6,13
2008-06-14,0N90E,29.47,249.21,166,2008,6,14
2008-06-15,0N90E,29.46,253.83,167,2008,6,15
2008-06-16,0N90E,29.5,265.38,168,2008,6,16
2008-06-17,0N90E,29.01,69.06,169,2008,6,17
2008-06-18,0N90E,29.48,227.96,170,2008,6,18
2008-06-19,0N90E,29.73,235.35,171,2008,6,19
2008-06-20,0N90E,29.55,176.23,172,2008,6,20
2008-06-21,0N90E,29.57,248.75,173,2008,6,21
2008-06-22,0N90E,29.62,197.01,174,2008,6,22
2008-06-23,0N90E,29.61,208.1,175,2008,6,23
2008-06-24,0N90E,29.59,206.25,176,2008,6,24
2008-06-25,0N90E,29.55,188.24,177,2008,6,25
2008-06-26,0N90E,29.74,247.82,178,2008,6,26
2008-06-27,0N90E,29.53,206.71,179,2008,6,27
2008-06-28,0N90E,29.63,266.76,180,2008,6,28
2008-06-29,0N90E,29.6,226.11,181,2008,6,29
2008-06-30,0N90E,29.84,255.22,182,2008,6,30
2008-07-01,0N90E,29.68,278.77,183,2008,7,1
2008-07-02,0N90E,29.81,257.06,184,2008,7,2
2008-07-03,0N90E,29.5,159.13,185,2008,7,3
2008-07-04,0N90E,29.45,161.91,186,2008,7,4
2008-07-05,0N90E,29.39,258.45,187,2008,7,5
2008-07-06,0N90E,29.41,253.83,188,2008,7,6
2008-07-07,0N90E,29.52,267.23,189,2008,7,7
2008-07-08,0N90E,29.7,269.07,190,2008,7,8
2008-07-09,0N90E,29.49,96.77,191,2008,7,9
2008-07-10,0N90E,29.4,191.47,192,2008,7,10
2008-07-11,0N90E,29.17,37.65,193,2008,7,11
2008-07-12,0N90E,29.14,62.13,194,2008,7,12
2008-07-13,0N90E,29.04,127.72,195,2008,7,13
2008-07-14,0N90E,29.08,126.34,196,2008,7,14
2008-07-15,0N90E,29.23,245.05,197,2008,7,15
2008-07-16,0N90E,29.04,86.61,198,2008,7,16
2008-07-17,0N90E,29.02,181.31,199,2008,7,17
2008-07-18,0N90E,28.99,118.95,200,2008,7,18
2008-07-19,0N90E,29.11,217.8,201,2008,7,19
2008-07-20,0N90E,28.94,141.58,202,2008,7,20
2008-07-21,0N90E,29.08,156.82,203,2008,7,21
2008-07-22,0N90E,28.82,277.85,204,2008,7,22
2008-07-23,0N90E,28.72,241.82,205,2008,7,23
2008-07-24,0N90E,28.57,173.92,206,2008,7,24
2008-07-25,0N90E,28.67,128.18,207,2008,7,25
2008-07-26,0N90E,28.66,237.2,208,2008,7,26
2008-07-27,0N90E,28.64,246.9,209,2008,7,27
2008-07-28,0N90E,28.65,290.32,210,2008,7,28
2008-07-29,0N90E,28.68,266.3,211,2008,7,29
2008-07-30,0N90E,28.72,286.16,212,2008,7,30
2008-07-31,0N90E,28.74,277.39,213,2008,7,31
2008-08-01,0N90E,28.79,274.62,214,2008,8,1
2008-08-02,0N90E,28.77,257.52,215,2008,8,2
2008-08-03,0N90E,28.84,272.77,216,2008,8,3
2008-08-04,0N90E,28.85,263.99,217,2008,8,4
2008-08-05,0N90E,28.83,228.89,218,2008,8,5
2008-08-06,0N90E,28.7,99.08,219,2008,8,6
2008-08-07,0N90E,28.62,47.81,220,2008,8,7
2008-08-08,0N90E,28.64,292.63,221,2008,8,8
2008-08-09,0N90E,28.7,251.06,222,2008,8,9
2008-08-10,0N90E,28.76,284.32,223,2008,8,10
2008-08-11,0N90E,28.8,278.77,224,2008,8,11
2008-08-12,0N90E,29.0,286.63,225,2008,8,12
2008-08-13,0N90E,29.12,279.24,226,2008,8,13
2008-08-14,0N90E,29.18,279.7,227,2008,8,14
2008-08-15,0N90E,29.04,273.23,228,2008,8,15
2008-08-16,0N90E,28.98,287.09,229,2008,8,16
2008-08-17,0N90E,28.9,179.46,230,2008,8,17
2008-08-18,0N90E,29.06,210.41,231,2008,8,18
2008-08-19,0N90E,29.38,239.51,232,2008,8,19
2008-08-20,0N90E,28.87,125.88,233,2008,8,20
2008-08-21,0N90E,28.75,115.71,234,2008,8,21
2008-08-22,0N90E,28.86,229.81,235,2008,8,22
2008-08-23,0N90E,28.91,205.79,236,2008,8,23
2008-08-24,0N90E,29.06,209.48,237,2008,8,24
2008-08-25,0N90E,28.93,178.54,238,2008,8,25
2008-08-26,0N90E,28.84,121.72,239,2008,8,26
2008-08-27,0N90E,28.77,117.56,240,2008,8,27
2008-08-28,0N90E,28.72,179.0,241,2008,8,28
2008-08-29,0N90E,28.61,90.77,242,2008,8,29
2008-08-30,0N90E,28.94,254.75,243,2008,8,30
2008-08-31,0N90E,28.59,170.22,244,2008,8,31
2008-09-01,0N90E,28.68,244.13,245,2008,9,1
2008-09-02,0N90E,28.55,82.45,246,2008,9,2
2008-09-03,0N90E,28.66,97.7,247,2008,9,3
2008-09-04,0N90E,28.57,196.09,248,2008,9,4
2008-09-05,0N90E,28.72,180.84,249,2008,9,5
2008-09-06,0N90E,28.87,295.4,250,2008,9,6
2008-09-07,0N90E,28.97,306.49,251,2008,9,7
2008-09-08,0N90E,28.67,96.77,252,2008,9,8
2008-09-09,0N90E,29.26,286.16,253,2008,9,9
2008-09-10,0N90E,28.71,108.32,254,2008,9,10
2008-09-11,0N90E,28.82,295.86,255,2008,9,11
2008-09-12,0N90E,28.85,264.92,256,2008,9,12
2008-09-13,0N90E,28.9,163.29,257,2008,9,13
2008-09-14,0N90E,28.87,169.3,258,2008,9,14
2008-09-15,0N90E,28.96,257.06,259,2008,9,15
2008-09-16,0N90E,29.31,252.91,260,2008,9,16
2008-09-17,0N90E,29.39,255.68,261,2008,9,17
2008-09-18,0N90E,29.46,280.16,262,2008,9,18
2008-09-19,0N90E,29.17,299.1,263,2008,9,19
2008-09-20,0N90E,29.05,277.39,264,2008,9,20
2008-09-21,0N90E,29.13,300.48,265,2008,9,21
2008-09-22,0N90E,29.28,303.26,266,2008,9,22
2008-09-23,0N90E,29.42,305.57,267,2008,9,23
2008-09-24,0N90E,29.33,301.87,268,2008,9,24
2008-09-25,0N90E,29.15,139.73,269,2008,9,25
2008-09-26,0N90E,29.2,258.45,270,2008,9,26
2008-09-27,0N90E,28.92,172.99,271,2008,9,27
2008-09-28,0N90E,28.85,175.3,272,2008,9,28
2008-09-29,0N90E,28.9,204.4,273,2008,9,29
2008-09-30,0N90E,28.92,226.58,274,2008,9,30
2008-10-01,0N90E,29.35,249.67,275,2008,10,1
2008-10-02,0N90E,29.56,292.63,276,2008,10,2
2008-10-03,0N90E,29.67,293.56,277,2008,10,3
2008-10-04,0N90E,29.48,161.91,278,2008,10,4
2008-10-05,0N90E,29.35,105.09,279,2008,10,5
2008-10-06,0N90E,29.34,207.64,280,2008,10,6
2008-10-07,0N90E,29.16,58.9,281,2008,10,7
2008-10-08,0N90E,29.39,281.08,282,2008,10,8
2008-10-09,0N90E,29.14,36.72,283,2008,10,9
2008-10-10,0N90E,29.08,208.1,284,2008,10,10
2008-10-11,0N90E,29.1,245.98,285,2008,10,11
2008-10-12,0N90E,29.14,241.36,286,2008,10,12
2008-10-13,0N90E,29.19,131.42,287,2008,10,13
2008-10-14,0N90E,28.99,158.67,288,2008,10,14
2008-10-15,0N90E,29.11,289.86,289,2008,10,15
2008-10-16,0N90E,29.04,176.23,290,2008,10,16
2008-10-17,0N90E,29.44,289.86,291,2008,10,17
2008-10-18,0N90E,29.15,155.44,292,2008,10,18
2008-10-19,0N90E,29.06,157.75,293,2008,10,19
2008-10-20,0N90E,29.09,124.03,294,2008,10,20
2008-10-21,0N90E,29.13,163.29,295,2008,10,21
2008-10-22,0N90E,29.32,235.35,296,2008,10,22
2008-10-23,0N90E,29.55,298.17,297,2008,10,23
2008-10-24,0N90E,29.44,267.23,298,2008,10,24
2008-10-25,0N90E,29.31,301.41,299,2008,10,25
2008-10-26,0N90E,29.2,280.16,300,2008,10,26
2008-10-27,0N90E,29.05,216.88,301,2008,10,27
2008-10-28,0N90E,29.45,300.95,302,2008,10,28
2008-10-29,0N90E,29.39,225.65,303,2008,10,29
2008-10-30,0N90E,29.06,191.01,304,2008,10,30
2008-10-31,0N90E,28.69,43.65,305,2008,10,31
2008-11-01,0N90E,28.54,83.84,306,2008,11,1
2008-11-02,0N90E,28.57,215.49,307,2008,11,2
2008-11-03,0N90E,28.65,247.82,308,2008,11,3
2008-11-04,0N90E,28.96,299.56,309,2008,11,4
2008-11-05,0N90E,29.04,274.15,310,2008,11,5
2008-11-06,0N90E,28.94,271.84,311,2008,11,6
2008-11-07,0N90E,28.9,76.91,312,2008,11,7
2008-11-08,0N90E,29.03,273.23,313,2008,11,8
2008-11-09,0N90E,29.08,248.29,314,2008,11,9
2008-11-10,0N90E,29.08,213.18,315,2008,11,10
2008-11-11,0N90E,29.08,230.73,316,2008,11,11
2008-11-12,0N90E,29.02,171.14,317,2008,11,12
2008-11-13,0N90E,28.97,195.63,318,2008,11,13
2008-11-14,0N90E,28.97,145.74,319,2008,11,14
2008-11-15,0N90E,28.93,65.82,320,2008,11,15
2008-11-16,0N90E,28.85,67.67,321,2008,11,16
2008-11-17,0N90E,28.91,202.56,322,2008,11,17
2008-11-18,0N90E,28.83,136.5,323,2008,11,18
2008-11-19,0N90E,29.13,238.59,324,2008,11,19
2008-11-20,0N90E,28.86,200.25,325,2008,11,20
2008-11-21,0N90E,28.59,27.02,326,2008,11,21
2008-11-22,0N90E,28.61,226.58,327,2008,11,22
2008-11-23,0N90E,28.58,134.65,328,2008,11,23
2008-11-24,0N90E,28.63,234.89,329,2008,11,24
2008-11-25,0N90E,28.6,188.24,330,2008,11,25
2008-11-26,0N90E,28.72,281.54,331,2008,11,26
2008-11-27,0N90E,28.81,272.77,332,2008,11,27
2008-11-28,0N90E,28.75,290.78,333,2008,11,28
2008-11-29,0N90E,28.71,294.02,334,2008,11,29
2008-11-30,0N90E,28.54,191.01,335,2008,11,30
2008-12-01,0N90E,28.47,108.32,336,2008,12,1
2008-12-02,0N90E,28.46,134.19,337,2008,12,2
2008-12-03,0N90E,28.39,168.83,338,2008,12,3
2008-12-04,0N90E,28.24,126.8,339,2008,12,4
2008-12-05,0N90E,28.35,136.96,340,2008,12,5
2008-12-06,0N90E,28.35,99.08,341,2008,12,6
2008-12-07,0N90E,28.39,192.85,342,2008,12,7
2008-12-08,0N90E,28.56,211.33,343,2008,12,8
2008-12-09,0N90E,28.83,276.93,344,2008,12,9
2008-12-10,0N90E,28.58,222.42,345,2008,12,10
2008-12-11,0N90E,28.56,185.93,346,2008,12,11
2008-12-12,0N90E,28.49,126.8,347,2008,12,12
2008-12-13,0N90E,28.42,226.11,348,2008,12,13
2008-12-14,0N90E,28.49,176.23,349,2008,12,14
2008-12-15,0N90E,28.47,194.7,350,2008,12,15
2008-12-16,0N90E,28.61,203.48,351,2008,12,16
2008-12-17,0N90E,29.01,234.43,352,2008,12,17
2008-12-18,0N90E,29.25,259.37,353,2008,12,18
2008-12-19,0N90E,29.24,254.29,354,2008,12,19
2008-12-20,0N90E,29.22,212.26,355,2008,12,20
2008-12-21,0N90E,29.05,255.22,356,2008,12,21
2008-12-22,0N90E,28.96,160.06,357,2008,12,22
2008-12-23,0N90E,28.81,143.89,358,2008,12,23
2008-12-24,0N90E,28.62,154.05,359,2008,12,24
2008-12-25,0N90E,28.91,257.06,360,2008,12,25
2008-12-26,0N90E,29.05,281.54,361,2008,12,26
2008-12-27,0N90E,28.53,174.84,362,2008,12,27
2008-12-28,0N90E,28.36,139.27,363,2008,12,28
2008-12-29,0N90E,28.45,226.58,364,2008,12,29
2008-12-30,0N90E,28.45,261.22,365,2008,12,30
2008-12-31,0N90E,28.36,215.49,366,2008,12,31
2009-01-01,0N90E,28.55,232.58,1,2009,1,1
2009-01-02,0N90E,28.45,84.3,2,2009,1,2
2009-01-03,0N90E,28.49,202.56,3,2009,1,3
2009-01-04,0N90E,28.52,272.31,4,2009,1,4
2009-01-05,0N90E,28.55,230.27,5,2009,1,5
2009-01-06,0N90E,28.67,291.71,6,2009,1,6
2009-01-07,0N90E,28.77,290.78,7,2009,1,7
2009-01-08,0N90E,28.94,289.86,8,2009,1,8
2009-01-09,0N90E,28.83,231.66,9,2009,1,9
2009-01-10,0N90E,28.74,279.24,10,2009,1,10
2009-01-11,0N90E,28.66,271.84,11,2009,1,11
2009-01-12,0N90E,28.64,261.22,12,2009,1,12
2009-01-13,0N90E,28.66,151.28,13,2009,1,13
2009-01-14,0N90E,29.16,264.45,14,2009,1,14
2009-01-15,0N90E,29.19,279.7,15,2009,1,15
2009-01-16,0N90E,28.94,248.29,16,2009,1,16
2009-01-17,0N90E,29.0,233.97,17,2009,1,17
2009-01-18,0N90E,29.04,253.83,18,2009,1,18
2009-01-19,0N90E,28.98,251.52,19,2009,1,19
2009-01-20,0N90E,28.87,191.47,20,2009,1,20
2009-01-21,0N90E,28.74,243.2,21,2009,1,21
2009-01-22,0N90E,28.63,123.1,22,2009,1,22
2009-01-23,0N90E,28.6,82.45,23,2009,1,23
2009-01-24,0N90E,28.62,104.16,24,2009,1,24
2009-01-25,0N90E,28.98,238.12,25,2009,1,25
2009-01-26,0N90E,28.85,196.55,26,2009,1,26
2009-01-27,0N90E,28.71,194.7,27,2009,1,27
2009-01-28,0N90E,28.75,100.47,28,2009,1,28
2009-01-29,0N90E,28.76,90.77,29,2009,1,29
2009-01-30,0N90E,28.93,254.75,30,2009,1,30
2009-01-31,0N90E,28.57,25.64,31,2009,1,31
2009-02-01,0N90E,28.71,226.11,32,2009,2,1
2009-02-02,0N90E,28.59,148.05,33,2009,2,2
2009-02-03,0N90E,28.5,68.6,34,2009,2,3
2009-02-04,0N90E,28.51,203.48,35,2009,2,4
2009-02-05,0N90E,28.67,310.65,36,2009,2,5
2009-02-06,0N90E,28.6,200.71,37,2009,2,6
2009-02-07,0N90E,28.69,256.6,38,2009,2,7
2009-02-08,0N90E,28.7,283.39,39,2009,2,8
2009-02-09,0N90E,28.67,286.16,40,2009,2,9
2009-02-10,0N90E,28.66,270.0,41,2009,2,10
2009-02-11,0N90E,28.65,263.53,42,2009,2,11
2009-02-12,0N90E,28.6,281.54,43,2009,2,12
2009-02-13,0N90E,28.58,288.94,44,2009,2,13
2009-02-14,0N90E,28.79,283.85,45,2009,2,14
2009-02-15,0N90E,29.13,299.1,46,2009,2,15
2009-02-16,0N90E,29.15,303.72,47,2009,2,16
2009-02-17,0N90E,29.04,300.02,48,2009,2,17
2009-02-18,0N90E,29.1,307.41,49,2009,2,18
2009-02-19,0N90E,29.11,306.8814110429448,50,2009,2,19
2009-02-20,0N90E,29.59,306.3528220858896,51,2009,2,20
2009-02-21,0N90E,29.67,305.8242331288344,52,2009,2,21
2009-02-22,0N90E,29.69,259.8150229308545,53,2009,2,22
2009-02-23,0N90E,29.44,259.62539236505353,54,2009,2,23
2009-02-24,0N90E,29.27,259.4357617992526,55,2009,2,24
2009-02-25,0N90E,29.28,259.2461312334516,56,2009,2,25
2009-02-26,0N90E,29.13,259.05650066765065,57,2009,2,26
2009-02-27,0N90E,29.04,258.86687010184966,58,2009,2,27
2009-02-28,0N90E,29.0,258.6772395360487,59,2009,2,28
2009-03-01,0N90E,29.06,258.4876089702478,60,2009,3,1
2009-03-02,0N90E,28.99,258.2979784044468,61,2009,3,2
2009-03-03,0N90E,29.19,258.10834783864584,62,2009,3,3
2009-03-04,0N90E,28.94,257.91871727284484,63,2009,3,4
2009-03-05,0N90E,29.21,257.7290867070439,64,2009,3,5
2009-03-06,0N90E,29.22,257.5394561412429,65,2009,3,6
2009-03-07,0N90E,29.16,257.34982557544197,66,2009,3,7
2009-03-08,0N90E,29.11,257.16019500964103,67,2009,3,8
2009-03-09,0N90E,29.54,256.97056444384003,68,2009,3,9
2009-03-10,0N90E,29.77,256.7809338780391,69,2009,3,10
2009-03-11,0N90E,29.72,256.5913033122381,70,2009,3,11
2009-03-12,0N90E,29.68,256.40167274643716,71,2009,3,12
2009-03-13,0N90E,29.8,256.21204218063616,72,2009,3,13
2009-03-14,0N90E,29.5,256.0224116148352,73,2009,3,14
2009-03-15,0N90E,29.34,255.83278104903425,74,2009,3,15
2009-03-16,0N90E,29.52,255.64315048323328,75,2009,3,16
2009-03-17,0N90E,29.63,255.45351991743232,76,2009,3,17
2009-03-18,0N90E,29.44,255.26388935163138,77,2009,3,18
2009-03-19,0N90E,29.69,255.0742587858304,78,2009,3,19
2009-03-20,0N90E,29.690970149253733,254.88462822002944,79,2009,3,20
2009-03-21,0N90E,29.691940298507465,254.69499765422847,80,2009,3,21
2009-03-22,0N90E,29.692910447761196,254.5053670884275,81,2009,3,22
2009-03-23,0N90E,29.43486451814916,254.31573652262654,82,2009,3,23
2009-03-24,0N90E,29.435609355736435,254.12610595682557,83,2009,3,24
2009-03-25,0N90E,29.436354193323716,253.93647539102463,84,2009,3,25
2009-03-26,0N90E,29.437099030910993,253.74684482522366,85,2009,3,26
2009-03-27,0N90E,29.437843868498273,253.5572142594227,86,2009,3,27
2009-03-28,0N90E,29.43858870608555,253.36758369362173,87,2009,3,28
2009-03-29,0N90E,29.43933354367283,253.17795312782076,88,2009,3,29
2009-03-30,0N90E,29.440078381260108,252.9883225620198,89,2009,3,30
2009-03-31,0N90E,29.440823218847388,252.79869199621882,90,2009,3,31
2009-04-01,0N90E,29.441568056434665,252.60906143041788,91,2009,4,1
2009-04-02,0N90E,29.442312894021946,252.4194308646169,92,2009,4,2
2009-04-03,0N90E,29.443057731609223,252.22980029881595,93,2009,4,3
2009-04-04,0N90E,29.443802569196503,252.04016973301498,94,2009,4,4
2009-04-05,0N90E,29.44454740678378,251.850539167214,95,2009,4,5
2009-04-06,0N90E,29.44529224437106,251.66090860141304,96,2009,4,6
2009-04-07,0N90E,29.446037081958337,251.47127803561207,97,2009,4,7
2009-04-08,0N90E,29.446781919545618,251.28164746981113,98,2009,4,8
2009-04-09,0N90E,29.447526757132895,251.09201690401017,99,2009,4,9
2009-04-10,0N90E,29.448271594720175,250.9023863382092,100,2009,4,10
2009-04-11,0N90E,29.449016432307452,250.71275577240823,101,2009,4,11
2009-04-12,0N90E,29.449761269894733,250.52312520660726,102,2009,4,12
2009-04-13,0N90E,29.45050610748201,250.3334946408063,103,2009,4,13
2009-04-14,0N90E,29.45125094506929,250.14386407500533,104,2009,4,14
2009-04-15,0N90E,29.451995782656567,249.95423350920439,105,2009,4,15
2009-04-16,0N90E,29.452740620243848,249.76460294340342,106,2009,4,16
2009-04-17,0N90E,29.453485457831125,249.57497237760245,107,2009,4,17
2009-04-18,0N90E,29.454230295418405,249.38534181180148,108,2009,4,18
2009-04-19,0N90E,29.454975133005682,249.1957112460005,109,2009,4,19
2009-04-20,0N90E,29.455719970592963,249.00608068019955,110,2009,4,20
2009-04-21,0N90E,29.45646480818024,248.8164501143986,111,2009,4,21
2009-04-22,0N90E,29.45720964576752,248.62681954859764,112,2009,4,22
2009-04-23,0N90E,29.457954483354797,248.43718898279667,113,2009,4,23
2009-04-24,0N90E,29.458699320942078,248.2475584169957,114,2009,4,24
2009-04-25,0N90E,29.459444158529354,248.05792785119473,115,2009,4,25
2009-04-26,0N90E,29.460188996116635,247.86829728539377,116,2009,4,26
2009-04-27,0N90E,29.460933833703912,247.6786667195928,117,2009,4,27
2009-04-28,0N90E,29.461678671291192,247.48903615379186,118,2009,4,28
2009-04-29,0N90E,29.46242350887847,247.2994055879909,119,2009,4,29
2009-04-30,0N90E,29.46316834646575,247.10977502218992,120,2009,4,30
2009-05-01,0N90E,29.463913184053027,246.92014445638895,121,2009,5,1
2009-05-02,0N90E,29.464658021640307,246.73051389058799,122,2009,5,2
2009-05-03,0N90E,29.465402859227584,246.54088332478702,123,2009,5,3
2009-05-04,0N90E,29.466147696814865,246.35125275898605,124,2009,5,4
2009-05-05,0N90E,29.466892534402145,246.1616221931851,125,2009,5,5
2009-05-06,0N90E,29.467637371989422,245.97199162738414,126,2009,5,6
2009-05-07,0N90E,29.468382209576703,245.78236106158317,127,2009,5,7
2009-05-08,0N90E,29.46912704716398,245.5927304957822,128,2009,5,8
2009-05-09,0N90E,29.46987188475126,245.40309992998124,129,2009,5,9
2009-05-10,0N90E,29.470616722338537,245.21346936418027,130,2009,5,10
2009-05-11,0N90E,29.471361559925818,245.0238387983793,131,2009,5,11
2009-05-12,0N90E,29.472106397513095,244.83420823257836,132,2009,5,12
2009-05-13,0N90E,29.472851235100375,244.6445776667774,133,2009,5,13
2009-05-14,0N90E,29.473596072687652,244.45494710097643,134,2009,5,14
2009-05-15,0N90E,29.474340910274933,244.26531653517546,135,2009,5,15
2009-05-16,0N90E,29.47508574786221,244.0756859693745,136,2009,5,16
2009-05-17,0N90E,29.47583058544949,243.88605540357352,137,2009,5,17
2009-05-18,0N90E,29.476575423036767,243.69642483777255,138,2009,5,18
2009-05-19,0N90E,29.477320260624047,243.50679427197161,139,2009,5,19
2009-05-20,0N90E,29.478065098211324,243.31716370617065,140,2009,5,20
2009-05-21,0N90E,29.478809935798605,243.12753314036968,141,2009,5,21
2009-05-22,0N90E,29.479554773385882,242.9379025745687,142,2009,5,22
2009-05-23,0N90E,29.480299610973162,242.74827200876774,143,2009,5,23
2009-05-24,0N90E,29.48104444856044,242.55864144296677,144,2009,5,24
2009-05-25,0N90E,29.48178928614772,242.3690108771658,145,2009,5,25
2009-05-26,0N90E,29.482534123734997,242.17938031136487,146,2009,5,26
2009-05-27,0N90E,29.483278961322277,241.9897497455639,147,2009,5,27
2009-05-28,0N90E,29.484023798909554,241.80011917976293,148,2009,5,28
2009-05-29,0N90E,29.484768636496835,241.61048861396196,149,2009,5,29
2009-05-30,0N90E,29.48551347408411,241.420858048161,150,2009,5,30
2009-05-31,0N90E,29.486258311671392,241.23122748236003,151,2009,5,31
2009-06-01,0N90E,29.48700314925867,241.04159691655906,152,2009,6,1
2009-06-02,0N90E,29.48774798684595,240.85196635075812,153,2009,6,2
2009-06-03,0N90E,29.488492824433227,240.66233578495715,154,2009,6,3
2009-06-04,0N90E,29.489237662020507,240.47270521915618,155,2009,6,4
2009-06-05,0N90E,29.489982499607784,240.28307465335521,156,2009,6,5
2009-06-06,0N90E,29.490727337195064,240.09344408755425,157,2009,6,6
2009-06-07,0N90E,29.49147217478234,239.90381352175328,158,2009,6,7
2009-06-08,0N90E,29.492217012369622,239.7141829559523,159,2009,6,8
2009-06-09,0N90E,29.4929618499569,239.52455239015137,160,2009,6,9
2009-06-10,0N90E,29.49370668754418,239.3349218243504,161,2009,6,10
2009-06-11,0N90E,29.494451525131456,239.14529125854943,162,2009,6,11
2009-06-12,0N90E,29.495196362718737,238.95566069274847,163,2009,6,12
2009-06-13,0N90E,29.495941200306014,238.7660301269475,164,2009,6,13
2009-06-14,0N90E,29.496686037893294,238.57639956114653,165,2009,6,14
2009-06-15,0N90E,29.49743087548057,238.38676899534556,166,2009,6,15
2009-06-16,0N90E,29.49817571306785,238.19713842954462,167,2009,6,16
2009-06-17,0N90E,29.49892055065513,238.00750786374365,168,2009,6,17
2009-06-18,0N90E,29.49966538824241,237.8178772979427,169,2009,6,18
2009-06-19,0N90E,29.50041022582969,237.62824673214172,170,2009,6,19
2009-06-20,0N90E,29.501155063416967,237.43861616634075,171,2009,6,20
2009-06-21,0N90E,29.501899901004247,237.24898560053978,172,2009,6,21
2009-06-22,0N90E,29.502644738591524,237.05935503473881,173,2009,6,22
2009-06-23,0N90E,29.503389576178805,236.86972446893787,174,2009,6,23
2009-06-24,0N90E,29.50413441376608,236.6800939031369,175,2009,6,24
2009-06-25,0N90E,29.504879251353362,236.49046333733594,176,2009,6,25
2009-06-26,0N90E,29.50562408894064,236.30083277153497,177,2009,6,26
2009-06-27,0N90E,29.50636892652792,236.111202205734,178,2009,6,27
2009-06-28,0N90E,29.507113764115196,235.92157163993303,179,2009,6,28
2009-06-29,0N90E,29.507858601702477,235.73194107413207,180,2009,6,29
2009-06-30,0N90E,29.508603439289754,235.54231050833113,181,2009,6,30
2009-07-01,0N90E,29.509348276877034,235.35267994253016,182,2009,7,1
2009-07-02,0N90E,29.51009311446431,235.1630493767292,183,2009,7,2
2009-07-03,0N90E,29.51083795205159,234.97341881092822,184,2009,7,3
2009-07-04,0N90E,29.51158278963887,234.78378824512725,185,2009,7,4
2009-07-05,0N90E,29.51232762722615,234.5941576793263,186,2009,7,5
2009-07-06,0N90E,29.513072464813426,234.40452711352532,187,2009,7,6
2009-07-07,0N90E,29.513817302400707,234.21489654772438,188,2009,7,7
2009-07-08,0N90E,29.514562139987984,234.0252659819234,189,2009,7,8
2009-07-09,0N90E,29.515306977575264,233.83563541612244,190,2009,7,9
2009-07-10,0N90E,29.51605181516254,233.64600485032148,191,2009,7,10
2009-07-11,0N90E,29.51679665274982,233.4563742845205,192,2009,7,11
2009-07-12,0N90E,29.5175414903371,233.26674371871954,193,2009,7,12
2009-07-13,0N90E,29.51828632792438,233.07711315291857,194,2009,7,13
2009-07-14,0N90E,29.519031165511656,232.88748258711763,195,2009,7,14
2009-07-15,0N90E,29.519776003098936,232.69785202131666,196,2009,7,15
2009-07-16,0N90E,29.520520840686213,232.5082214555157,197,2009,7,16
2009-07-17,0N90E,29.521265678273494,232.31859088971473,198,2009,7,17
2009-07-18,0N90E,29.52201051586077,232.12896032391376,199,2009,7,18
2009-07-19,0N90E,29.52275535344805,231.9393297581128,200,2009,7,19
2009-07-20,0N90E,29.52350019103533,231.74969919231182,201,2009,7,20
2009-07-21,0N90E,29.52424502862261,231.56006862651088,202,2009,7,21
2009-07-22,0N90E,29.524989866209886,231.37043806070992,203,2009,7,22
2009-07-23,0N90E,29.525734703797166,231.18080749490895,204,2009,7,23
2009-07-24,0N90E,29.526479541384443,230.99117692910798,205,2009,7,24
2009-07-25,0N90E,29.527224378971724,230.801546363307,206,2009,7,25
2009-07-26,0N90E,29.527969216559,230.61191579750604,207,2009,7,26
2009-07-27,0N90E,29.52871405414628,230.42228523170508,208,2009,7,27
2009-07-28,0N90E,29.529458891733558,230.23265466590414,209,2009,7,28
2009-07-29,0N90E,29.53020372932084,230.04302410010317,210,2009,7,29
2009-07-30,0N90E,29.530948566908116,229.8533935343022,211,2009,7,30
2009-07-31,0N90E,29.82,221.25,212,2009,7,31
2009-08-01,0N90E,29.64,272.57,213,2009,8,1
2009-08-02,0N90E,29.73,246.73,214,2009,8,2
2009-08-03,0N90E,29.87,277.78,215,2009,8,3
2009-08-04,0N90E,29.51,101.25,216,2009,8,4
2009-08-05,0N90E,29.35,46.14,217,2009,8,5
2009-08-06,0N90E,29.49,231.39,218,2009,8,6
2009-08-07,0N90E,29.47,173.75,219,2009,8,7
2009-08-08,0N90E,29.42,155.17,220,2009,8,8
2009-08-09,0N90E,29.44,163.35,221,2009,8,9
2009-08-10,0N90E,29.32,184.9,222,2009,8,10
2009-08-11,0N90E,29.35,243.33,223,2009,8,11
2009-08-12,0N90E,28.93,24.74,224,2009,8,12
2009-08-13,0N90E,29.0,121.1,225,2009,8,13
2009-08-14,0N90E,29.11,222.48,226,2009,8,14
2009-08-15,0N90E,29.27,267.54,227,2009,8,15
2009-08-16,0N90E,29.27,265.85,228,2009,8,16
2009-08-17,0N90E,28.96,235.51,229,2009,8,17
2009-08-18,0N90E,28.94,267.64,230,2009,8,18
2009-08-19,0N90E,29.05,118.3,231,2009,8,19
2009-08-20,0N90E,29.3,283.55,232,2009,8,20
2009-08-21,0N90E,29.06,179.41,233,2009,8,21
2009-08-22,0N90E,29.05,220.56,234,2009,8,22
2009-08-23,0N90E,28.84,71.92,235,2009,8,23
2009-08-24,0N90E,28.8,116.67,236,2009,8,24
2009-08-25,0N90E,28.99,246.86,237,2009,8,25
2009-08-26,0N90E,28.99,129.61,238,2009,8,26
2009-08-27,0N90E,29.14,257.83,239,2009,8,27
2009-08-28,0N90E,29.19,183.86,240,2009,8,28
2009-08-29,0N90E,29.37,263.67,241,2009,8,29
2009-08-30,0N90E,29.19,200.24,242,2009,8,30
2009-08-31,0N90E,29.1,99.23,243,2009,8,31
2009-09-01,0N90E,29.04,189.29,244,2009,9,1
2009-09-02,0N90E,29.22,312.28,245,2009,9,2
2009-09-03,0N90E,29.04,209.43,246,2009,9,3
2009-09-04,0N90E,29.01,291.79,247,2009,9,4
2009-09-05,0N90E,29.07,253.48,248,2009,9,5
2009-09-06,0N90E,29.25,214.6,249,2009,9,6
2009-09-07,0N90E,29.36,216.46,250,2009,9,7
2009-09-08,0N90E,29.11,216.35,251,2009,9,8
2009-09-09,0N90E,29.48,313.79,252,2009,9,9
2009-09-10,0N90E,29.48,307.06,253,2009,9,10
2009-09-11,0N90E,29.48,324.0,254,2009,9,11
2009-09-12,0N90E,29.21,164.06,255,2009,9,12
2009-09-13,0N90E,28.97,45.13,256,2009,9,13
2009-09-14,0N90E,28.9,138.61,257,2009,9,14
2009-09-15,0N90E,28.81,137.73,258,2009,9,15
2009-09-16,0N90E,28.82,284.9,259,2009,9,16
2009-09-17,0N90E,28.8,268.19,260,2009,9,17
2009-09-18,0N90E,28.84,253.38,261,2009,9,18
2009-09-19,0N90E,28.9,268.67,262,2009,9,19
2009-09-20,0N90E,29.11,300.47,263,2009,9,20
2009-09-21,0N90E,29.48,315.44,264,2009,9,21
2009-09-22,0N90E,29.4,293.4,265,2009,9,22
2009-09-23,0N90E,29.44,323.85,266,2009,9,23
2009-09-24,0N90E,29.22,285.69,267,2009,9,24
2009-09-25,0N90E,29.15,296.92,268,2009,9,25
2009-09-26,0N90E,28.91,126.46,269,2009,9,26
2009-09-27,0N90E,28.86,196.38,270,2009,9,27
2009-09-28,0N90E,29.0,287.84,271,2009,9,28
2009-09-29,0N90E,28.75,175.25,272,2009,9,29
2009-09-30,0N90E,28.83,274.43,273,2009,9,30
2009-10-01,0N90E,28.89,270.81,274,2009,10,1
2009-10-02,0N90E,28.95,296.1,275,2009,10,2
2009-10-03,0N90E,29.22,265.58,276,2009,10,3
2009-10-04,0N90E,28.91,132.2,277,2009,10,4
2009-10-05,0N90E,29.16,214.41,278,2009,10,5
2009-10-06,0N90E,29.31,265.64,279,2009,10,6
2009-10-07,0N90E,29.29,305.38,280,2009,10,7
2009-10-08,0N90E,29.22,308.39,281,2009,10,8
2009-10-09,0N90E,29.1,293.97,282,2009,10,9
2009-10-10,0N90E,29.1,292.81,283,2009,10,10
2009-10-11,0N90E,29.13,273.37,284,2009,10,11
2009-10-12,0N90E,29.06,303.97,285,2009,10,12
2009-10-13,0N90E,29.14,320.73,286,2009,10,13
2009-10-14,0N90E,29.1,221.43,287,2009,10,14
2009-10-15,0N90E,29.21,262.33,288,2009,10,15
2009-10-16,0N90E,29.72,302.77,289,2009,10,16
2009-10-17,0N90E,29.3,105.72,290,2009,10,17
2009-10-18,0N90E,29.34,200.97,291,2009,10,18
2009-10-19,0N90E,29.37,260.17,292,2009,10,19
2009-10-20,0N90E,29.22,77.37,293,2009,10,20
2009-10-21,0N90E,29.32,252.99,294,2009,10,21
2009-10-22,0N90E,29.75,272.89,295,2009,10,22
2009-10-23,0N90E,29.29,94.33,296,2009,10,23
2009-10-24,0N90E,29.59,263.92,297,2009,10,24
2009-10-25,0N90E,29.39,214.95,298,2009,10,25
2009-10-26,0N90E,29.62,289.85,299,2009,10,26
2009-10-27,0N90E,29.47,181.01,300,2009,10,27
2009-10-28,0N90E,29.55,233.49,301,2009,10,28
2009-10-29,0N90E,29.85,279.89,302,2009,10,29
2009-10-30,0N90E,30.08,310.7,303,2009,10,30
2009-10-31,0N90E,30.03,314.99,304,2009,10,31
2009-11-01,0N90E,29.93,157.89,305,2009,11,1
2009-11-02,0N90E,30.03,284.82,306,2009,11,2
2009-11-03,0N90E,30.13,282.61,307,2009,11,3
2009-11-04,0N90E,29.65,151.32,308,2009,11,4
2009-11-05,0N90E,29.91,234.14,309,2009,11,5
2009-11-06,0N90E,29.94,253.94,310,2009,11,6
2009-11-07,0N90E,29.75,161.9,311,2009,11,7
2009-11-08,0N90E,29.84,178.56,312,2009,11,8
2009-11-09,0N90E,29.65,246.95,313,2009,11,9
2009-11-10,0N90E,29.37,117.1,314,2009,11,10
2009-11-11,0N90E,29.27,198.13,315,2009,11,11
2009-11-12,0N90E,29.46,240.57,316,2009,11,12
2009-11-13,0N90E,29.3,204.33,317,2009,11,13
2009-11-14,0N90E,29.32,242.6,318,2009,11,14
2009-11-15,0N90E,29.29,216.81,319,2009,11,15
2009-11-16,0N90E,29.25,75.96,320,2009,11,16
2009-11-17,0N90E,29.59,300.81,321,2009,11,17
2009-11-18,0N90E,29.35,245.71,322,2009,11,18
2009-11-19,0N90E,29.27,275.65,323,2009,11,19
2009-11-20,0N90E,29.21,284.86,324,2009,11,20
2009-11-21,0N90E,29.16,197.88,325,2009,11,21
2009-11-22,0N90E,29.12,309.31,326,2009,11,22
2009-11-23,0N90E,29.11,258.46,327,2009,11,23
2009-11-24,0N90E,29.11,297.03,328,2009,11,24
2009-11-25,0N90E,29.18,279.22,329,2009,11,25
2009-11-26,0N90E,29.05,142.18,330,2009,11,26
2009-11-27,0N90E,28.98,92.95,331,2009,11,27
2009-11-28,0N90E,28.93,143.49,332,2009,11,28
2009-11-29,0N90E,29.0,248.96,333,2009,11,29
2009-11-30,0N90E,29.1,272.95,334,2009,11,30
2009-12-01,0N90E,29.16,273.11,335,2009,12,1
2009-12-02,0N90E,29.17,220.29,336,2009,12,2
2009-12-03,0N90E,29.13,242.86,337,2009,12,3
2009-12-04,0N90E,29.21,266.12,338,2009,12,4
2009-12-05,0N90E,29.32,284.85,339,2009,12,5
2009-12-06,0N90E,29.22,123.87,340,2009,12,6
2009-12-07,0N90E,29.23,194.78,341,2009,12,7
2009-12-08,0N90E,29.14,243.44,342,2009,12,8
2009-12-09,0N90E,29.25,302.3,343,2009,12,9
2009-12-10,0N90E,29.44,227.46,344,2009,12,10
2009-12-11,0N90E,29.29,289.55,345,2009,12,11
2009-12-12,0N90E,29.76,286.13,346,2009,12,12
2009-12-13,0N90E,30.02,274.92,347,2009,12,13
2009-12-14,0N90E,29.98,270.14,348,2009,12,14
2009-12-15,0N90E,29.82,287.95,349,2009,12,15
2009-12-16,0N90E,29.92,289.37,350,2009,12,16
2009-12-17,0N90E,29.28,27.97,351,2009,12,17
2009-12-18,0N90E,29.45,277.52,352,2009,12,18
2009-12-19,0N90E,29.28,191.47,353,2009,12,19
2009-12-20,0N90E,29.43,294.2,354,2009,12,20
2009-12-21,0N90E,29.47,292.97,355,2009,12,21
2009-12-22,0N90E,29.67,286.61,356,2009,12,22
2009-12-23,0N90E,29.87,288.45,357,2009,12,23
2009-12-24,0N90E,29.78,225.34,358,2009,12,24
2009-12-25,0N90E,29.63,184.73,359,2009,12,25
2009-12-26,0N90E,29.3,107.56,360,2009,12,26
2009-12-27,0N90E,29.04,125.59,361,2009,12,27
2009-12-28,0N90E,28.99,159.85,362,2009,12,28
2009-12-29,0N90E,28.98,161.59,363,2009,12,29
2009-12-30,0N90E,28.82,198.36,364,2009,12,30
2009-12-31,0N90E,28.73,155.44,365,2009,12,31
2010-01-01,0N90E,28.7,264.71,1,2010,1,1
2010-01-02,0N90E,28.75,68.65,2,2010,1,2
2010-01-03,0N90E,28.75,197.11,3,2010,1,3
2010-01-04,0N90E,28.7,227.65,4,2010,1,4
2010-01-05,0N90E,28.88,284.14,5,2010,1,5
2010-01-06,0N90E,28.95,172.5,6,2010,1,6
2010-01-07,0N90E,29.23,276.4,7,2010,1,7
2010-01-08,0N90E,29.22,277.71,8,2010,1,8
2010-01-09,0N90E,29.32,269.27,9,2010,1,9
2010-01-10,0N90E,29.59,272.21,10,2010,1,10
2010-01-11,0N90E,29.24,275.97,11,2010,1,11
2010-01-12,0N90E,29.2,257.82,12,2010,1,12
2010-01-13,0N90E,29.08,92.04,13,2010,1,13
2010-01-14,0N90E,29.1,218.08,14,2010,1,14
2010-01-15,0N90E,29.24,251.0,15,2010,1,15
2010-01-16,0N90E,29.24,260.94,16,2010,1,16
2010-01-17,0N90E,29.07,96.04,17,2010,1,17
2010-01-18,0N90E,29.03,219.33,18,2010,1,18
2010-01-19,0N90E,28.98,138.64,19,2010,1,19
2010-01-20,0N90E,28.92,193.26,20,2010,1,20
2010-01-21,0N90E,28.95,236.73,21,2010,1,21
2010-01-22,0N90E,28.9,228.52,22,2010,1,22
2010-01-23,0N90E,29.04,278.31,23,2010,1,23
2010-01-24,0N90E,29.33,213.8,24,2010,1,24
2010-01-25,0N90E,29.49,299.36,25,2010,1,25
2010-01-26,0N90E,29.69,299.67,26,2010,1,26
2010-01-27,0N90E,29.68,299.99,27,2010,1,27
2010-01-28,0N90E,29.67,271.48,28,2010,1,28
2010-01-29,0N90E,29.59,281.02,29,2010,1,29
2010-01-30,0N90E,29.85,310.8,30,2010,1,30
2010-01-31,0N90E,29.64,300.59,31,2010,1,31
2010-02-01,0N90E,29.43,290.1,32,2010,2,1
2010-02-02,0N90E,29.61,260.95,33,2010,2,2
2010-02-03,0N90E,30.03,293.01,34,2010,2,3
2010-02-04,0N90E,30.15,224.81,35,2010,2,4
2010-02-05,0N90E,30.34,310.04,36,2010,2,5
2010-02-06,0N90E,30.54,292.3,37,2010,2,6
2010-02-07,0N90E,30.57,301.01,38,2010,2,7
2010-02-08,0N90E,30.72,288.55,39,2010,2,8
2010-02-09,0N90E,30.31,273.39,40,2010,2,9
2010-02-10,0N90E,30.04,235.82,41,2010,2,10
2010-02-11,0N90E,30.07,219.84,42,2010,2,11
2010-02-12,0N90E,30.49,304.45,43,2010,2,12
2010-02-13,0N90E,30.41,295.13,44,2010,2,13
2010-02-14,0N90E,29.88,23.73,45,2010,2,14
2010-02-15,0N90E,29.67,79.58,46,2010,2,15
2010-02-16,0N90E,30.03,319.69,47,2010,2,16
2010-02-17,0N90E,30.38,278.76,48,2010,2,17
2010-02-18,0N90E,30.07,290.22,49,2010,2,18
2010-02-19,0N90E,29.65,30.24,50,2010,2,19
2010-02-20,0N90E,29.62,197.17,51,2010,2,20
2010-02-21,0N90E,29.55,238.2,52,2010,2,21
2010-02-22,0N90E,29.66,296.92,53,2010,2,22
2010-02-23,0N90E,29.99,317.3,54,2010,2,23
2010-02-24,0N90E,29.94,295.55,55,2010,2,24
2010-02-25,0N90E,30.22,308.36,56,2010,2,25
2010-02-26,0N90E,30.02,294.78,57,2010,2,26
2010-02-27,0N90E,30.0,294.79,58,2010,2,27
2010-02-28,0N90E,30.16,241.08,59,2010,2,28
2010-03-01,0N90E,30.01,187.37,60,2010,3,1
2010-03-02,0N90E,29.88,214.45499999999998,61,2010,3,2
2010-03-03,0N90E,29.9,241.54,62,2010,3,3
2010-03-04,0N90E,29.93,212.1,63,2010,3,4
2010-03-05,0N90E,29.87,164.41,64,2010,3,5
2010-03-06,0N90E,29.78,135.54,65,2010,3,6
2010-03-07,0N90E,29.76,301.86,66,2010,3,7
2010-03-08,0N90E,29.76,161.95,67,2010,3,8
2010-03-09,0N90E,29.75,145.35,68,2010,3,9
2010-03-10,0N90E,29.95,294.77,69,2010,3,10
2010-03-11,0N90E,29.99,313.53,70,2010,3,11
2010-03-12,0N90E,30.53,312.79,71,2010,3,12
2010-03-13,0N90E,30.27,241.37,72,2010,3,13
2010-03-14,0N90E,30.18,241.805,73,2010,3,14
2010-03-15,0N90E,30.2,242.24,74,2010,3,15
2010-03-16,0N90E,30.03,76.27,75,2010,3,16
2010-03-17,0N90E,30.04,226.66,76,2010,3,17
2010-03-18,0N90E,30.09,213.0,77,2010,3,18
2010-03-19,0N90E,30.32,281.34,78,2010,3,19
2010-03-20,0N90E,30.29,316.98,79,2010,3,20
2010-03-21,0N90E,30.24,290.92,80,2010,3,21
2010-03-22,0N90E,30.35,282.96,81,2010,3,22
2010-03-23,0N90E,30.22,189.62,82,2010,3,23
2010-03-24,0N90E,30.11,153.45,83,2010,3,24
2010-03-25,0N90E,29.99,167.01,84,2010,3,25
2010-03-26,0N90E,30.1,200.0,85,2010,3,26
2010-03-27,0N90E,29.97,90.74,86,2010,3,27
2010-03-28,0N90E,29.84,40.1,87,2010,3,28
2010-03-29,0N90E,30.2,294.33,88,2010,3,29
2010-03-30,0N90E,30.22,301.76,89,2010,3,30
2010-03-31,0N90E,30.03,254.39,90,2010,3,31
2010-04-01,0N90E,29.88,45.57,91,2010,4,1
2010-04-02,0N90E,29.95,259.83,92,2010,4,2
2010-04-03,0N90E,29.83,47.85,93,2010,4,3
2010-04-04,0N90E,29.85,116.56,94,2010,4,4
2010-04-05,0N90E,30.01,304.67,95,2010,4,5
2010-04-06,0N90E,30.13,270.37,96,2010,4,6
2010-04-07,0N90E,30.55,304.77,97,2010,4,7
2010-04-08,0N90E,30.29,304.66,98,2010,4,8
2010-04-09,0N90E,30.19,195.94,99,2010,4,9
2010-04-10,0N90E,30.07,195.64,100,2010,4,10
2010-04-11,0N90E,30.32,298.09,101,2010,4,11
2010-04-12,0N90E,30.4,303.94,102,2010,4,12
2010-04-13,0N90E,30.72,276.09,103,2010,4,13
2010-04-14,0N90E,30.68,307.75,104,2010,4,14
2010-04-15,0N90E,30.3,111.71,105,2010,4,15
2010-04-16,0N90E,30.36,138.72,106,2010,4,16
2010-04-17,0N90E,30.46,253.52,107,2010,4,17
2010-04-18,0N90E,30.48,231.81,108,2010,4,18
2010-04-19,0N90E,30.34,111.32,109,2010,4,19
2010-04-20,0N90E,30.61,237.9,110,2010,4,20
2010-04-21,0N90E,30.54,249.44,111,2010,4,21
2010-04-22,0N90E,30.34,160.89,112,2010,4,22
2010-04-23,0N90E,30.36,227.82,113,2010,4,23
2010-04-24,0N90E,30.44,282.25,114,2010,4,24
2010-04-25,0N90E,30.29,162.9,115,2010,4,25
2010-04-26,0N90E,30.18,72.56,116,2010,4,26
2010-04-27,0N90E,30.3,236.35,117,2010,4,27
2010-04-28,0N90E,30.76,279.61,118,2010,4,28
2010-04-29,0N90E,30.62,287.08,119,2010,4,29
2010-04-30,0N90E,30.6,284.35,120,2010,4,30
2010-05-01,0N90E,30.52,265.29,121,2010,5,1
2010-05-02,0N90E,30.75,272.53,122,2010,5,2
2010-05-03,0N90E,30.53,134.37,123,2010,5,3
2010-05-04,0N90E,30.82,275.8,124,2010,5,4
2010-05-05,0N90E,30.99,270.21,125,2010,5,5
2010-05-06,0N90E,31.33,272.99,126,2010,5,6
2010-05-07,0N90E,31.25,269.78,127,2010,5,7
2010-05-08,0N90E,31.07,243.74,128,2010,5,8
2010-05-09,0N90E,30.84,259.93,129,2010,5,9
2010-05-10,0N90E,30.63,273.43,130,2010,5,10
2010-05-11,0N90E,30.46,238.02,131,2010,5,11
2010-05-12,0N90E,30.41,47.49,132,2010,5,12
2010-05-13,0N90E,30.23,78.81,133,2010,5,13
2010-05-14,0N90E,30.21,79.28,134,2010,5,14
2010-05-15,0N90E,30.28,142.54,135,2010,5,15
2010-05-16,0N90E,30.21,186.93,136,2010,5,16
2010-05-17,0N90E,30.2,271.27,137,2010,5,17
2010-05-18,0N90E,30.21,205.97,138,2010,5,18
2010-05-19,0N90E,30.48,286.5,139,2010,5,19
2010-05-20,0N90E,30.52,279.18,140,2010,5,20
2010-05-21,0N90E,30.27,254.82,141,2010,5,21
2010-05-22,0N90E,30.36,277.7,142,2010,5,22
2010-05-23,0N90E,30.62,278.65,143,2010,5,23
2010-05-24,0N90E,30.7,284.32,144,2010,5,24
2010-05-25,0N90E,30.85,265.44,145,2010,5,25
2010-05-26,0N90E,31.14,249.7,146,2010,5,26
2010-05-27,0N90E,30.85,228.14,147,2010,5,27
2010-05-28,0N90E,30.74,226.61,148,2010,5,28
2010-05-29,0N90E,30.54,196.53,149,2010,5,29
2010-05-30,0N90E,30.48,250.06,150,2010,5,30
2010-05-31,0N90E,30.72,276.28,151,2010,5,31
2010-06-01,0N90E,30.59,209.62,152,2010,6,1
2010-06-02,0N90E,30.48,186.1,153,2010,6,2
2010-06-03,0N90E,30.36,121.35,154,2010,6,3
2010-06-04,0N90E,30.21,99.92,155,2010,6,4
2010-06-05,0N90E,29.98,37.93,156,2010,6,5
2010-06-06,0N90E,29.86,47.65,157,2010,6,6
2010-06-07,0N90E,29.76,80.33,158,2010,6,7
2010-06-08,0N90E,29.77,202.33,159,2010,6,8
2010-06-09,0N90E,29.76,262.52,160,2010,6,9
2010-06-10,0N90E,29.81,273.02,161,2010,6,10
2010-06-11,0N90E,29.93,254.42,162,2010,6,11
2010-06-12,0N90E,30.26,268.74,163,2010,6,12
2010-06-13,0N90E,30.46,252.84,164,2010,6,13
2010-06-14,0N90E,30.42,231.17,165,2010,6,14
2010-06-15,0N90E,30.26,235.74,166,2010,6,15
2010-06-16,0N90E,30.07,258.11,167,2010,6,16
2010-06-17,0N90E,30.01,221.32,168,2010,6,17
2010-06-18,0N90E,30.18,209.6,169,2010,6,18
2010-06-19,0N90E,30.5,253.45,170,2010,6,19
2010-06-20,0N90E,30.33,222.73,171,2010,6,20
2010-06-21,0N90E,30.03,74.26,172,2010,6,21
2010-06-22,0N90E,29.8,101.54,173,2010,6,22
2010-06-23,0N90E,29.76,165.45,174,2010,6,23
2010-06-24,0N90E,30.24,260.63,175,2010,6,24
2010-06-25,0N90E,29.96,218.68,176,2010,6,25
2010-06-26,0N90E,29.81,168.23,177,2010,6,26
2010-06-27,0N90E,29.72,35.44,178,2010,6,27
2010-06-28,0N90E,29.69,168.24,179,2010,6,28
2010-06-29,0N90E,29.67,222.11,180,2010,6,29
2010-06-30,0N90E,29.59,127.01,181,2010,6,30
2010-07-01,0N90E,29.56,156.39,182,2010,7,1
2010-07-02,0N90E,29.5,100.36,183,2010,7,2
2010-07-03,0N90E,29.52,197.19,184,2010,7,3
2010-07-04,0N90E,29.78,229.6,185,2010,7,4
2010-07-05,0N90E,29.91,266.25,186,2010,7,5
2010-07-06,0N90E,29.82,267.92,187,2010,7,6
2010-07-07,0N90E,29.69,266.41,188,2010,7,7
2010-07-08,0N90E,29.61,216.88,189,2010,7,8
2010-07-09,0N90E,29.58,260.25,190,2010,7,9
2010-07-10,0N90E,29.51,131.73,191,2010,7,10
2010-07-11,0N90E,29.76,169.65,192,2010,7,11
2010-07-12,0N90E,29.76,207.57,193,2010,7,12
2010-07-13,0N90E,29.76,245.49,194,2010,7,13
2010-07-14,0N90E,29.53,106.38,195,2010,7,14
2010-07-15,0N90E,29.42,97.74,196,2010,7,15
2010-07-16,0N90E,29.39,111.83,197,2010,7,16
2010-07-17,0N90E,29.44,158.66,198,2010,7,17
2010-07-18,0N90E,29.37,68.19,199,2010,7,18
2010-07-19,0N90E,29.4,180.48,200,2010,7,19
2010-07-20,0N90E,29.54,265.94,201,2010,7,20
2010-07-21,0N90E,29.81,255.94,202,2010,7,21
2010-07-22,0N90E,29.47,189.11,203,2010,7,22
2010-07-23,0N90E,29.4,257.76,204,2010,7,23
2010-07-24,0N90E,29.37,227.76,205,2010,7,24
2010-07-25,0N90E,29.26,117.29,206,2010,7,25
2010-07-26,0N90E,29.57,255.03,207,2010,7,26
2010-07-27,0N90E,29.43,235.48,208,2010,7,27
2010-07-28,0N90E,29.34,118.2,209,2010,7,28
2010-07-29,0N90E,29.32,205.48,210,2010,7,29
2010-07-30,0N90E,29.66,269.13,211,2010,7,30
2010-07-31,0N90E,29.83,251.4,212,2010,7,31
2010-08-01,0N90E,29.9,272.76,213,2010,8,1
2010-08-02,0N90E,29.64,232.76,214,2010,8,2
2010-08-03,0N90E,29.55,157.29,215,2010,8,3
2010-08-04,0N90E,29.84,278.22,216,2010,8,4
2010-08-05,0N90E,29.75,249.12,217,2010,8,5
2010-08-06,0N90E,29.79,269.58,218,2010,8,6
2010-08-07,0N90E,29.71,259.12,219,2010,8,7
2010-08-08,0N90E,29.74,265.94,220,2010,8,8
2010-08-09,0N90E,29.73,224.12,221,2010,8,9
2010-08-10,0N90E,29.67,214.12,222,2010,8,10
2010-08-11,0N90E,29.62,220.48,223,2010,8,11
2010-08-12,0N90E,29.46,80.46,224,2010,8,12
2010-08-13,0N90E,29.41,217.75,225,2010,8,13
2010-08-14,0N90E,29.32,147.75,226,2010,8,14
2010-08-15,0N90E,29.34,234.12,227,2010,8,15
2010-08-16,0N90E,29.32,207.3,228,2010,8,16
2010-08-17,0N90E,29.2,156.84,229,2010,8,17
2010-08-18,0N90E,29.1,89.1,230,2010,8,18
2010-08-19,0N90E,29.03,131.83,231,2010,8,19
2010-08-20,0N90E,29.01,163.66,232,2010,8,20
2010-08-21,0N90E,29.04,215.48,233,2010,8,21
2010-08-22,0N90E,29.09,193.66,234,2010,8,22
2010-08-23,0N90E,29.14,268.22,235,2010,8,23
2010-08-24,0N90E,29.09,266.85,236,2010,8,24
2010-08-25,0N90E,29.08,227.3,237,2010,8,25
2010-08-26,0N90E,29.62,269.13,238,2010,8,26
2010-08-27,0N90E,29.4,272.76,239,2010,8,27
2010-08-28,0N90E,29.3,280.04,240,2010,8,28
2010-08-29,0N90E,29.34,243.21,241,2010,8,29
2010-08-30,0N90E,29.36,176.39,242,2010,8,30
2010-08-31,0N90E,29.15,190.93,243,2010,8,31
2010-09-01,0N90E,29.07,273.67,244,2010,9,1
2010-09-02,0N90E,28.88,151.84,245,2010,9,2
2010-09-03,0N90E,28.73,193.21,246,2010,9,3
2010-09-04,0N90E,28.69,125.02,247,2010,9,4
2010-09-05,0N90E,28.89,253.21,248,2010,9,5
2010-09-06,0N90E,29.15,253.21,249,2010,9,6
2010-09-07,0N90E,29.25,285.04,250,2010,9,7
2010-09-08,0N90E,29.53,281.85,251,2010,9,8
2010-09-09,0N90E,29.56,284.13,252,2010,9,9
2010-09-10,0N90E,29.35,307.77,253,2010,9,10
2010-09-11,0N90E,29.42,307.31,254,2010,9,11
2010-09-12,0N90E,29.58,303.68,255,2010,9,12
2010-09-13,0N90E,29.63,300.49,256,2010,9,13
2010-09-14,0N90E,29.46,283.22,257,2010,9,14
2010-09-15,0N90E,29.34,173.2,258,2010,9,15
2010-09-16,0N90E,29.33,290.95,259,2010,9,16
2010-09-17,0N90E,29.18,65.46,260,2010,9,17
2010-09-18,0N90E,29.21,273.67,261,2010,9,18
2010-09-19,0N90E,29.12,148.66,262,2010,9,19
2010-09-20,0N90E,29.07,211.85,263,2010,9,20
2010-09-21,0N90E,28.96,43.19,264,2010,9,21
2010-09-22,0N90E,28.9,134.56,265,2010,9,22
2010-09-23,0N90E,28.89,205.48,266,2010,9,23
2010-09-24,0N90E,28.8,95.01,267,2010,9,24
2010-09-25,0N90E,28.9,222.3,268,2010,9,25
2010-09-26,0N90E,28.8,88.65,269,2010,9,26
2010-09-27,0N90E,28.9,206.39,270,2010,9,27
2010-09-28,0N90E,28.73,46.82,271,2010,9,28
2010-09-29,0N90E,28.71,275.04,272,2010,9,29
2010-09-30,0N90E,28.58,70.46,273,2010,9,30
2010-10-01,0N90E,28.55,155.93,274,2010,10,1
2010-10-02,0N90E,28.63,226.85,275,2010,10,2
2010-10-03,0N90E,28.59,62.74,276,2010,10,3
2010-10-04,0N90E,28.64,142.75,277,2010,10,4
2010-10-05,0N90E,28.64,186.84,278,2010,10,5
2010-10-06,0N90E,28.67,218.66,279,2010,10,6
2010-10-07,0N90E,28.87,244.58,280,2010,10,7
2010-10-08,0N90E,29.2,250.03,281,2010,10,8
2010-10-09,0N90E,29.04,313.22,282,2010,10,9
2010-10-10,0N90E,28.83,304.58,283,2010,10,10
2010-10-11,0N90E,28.78,309.13,284,2010,10,11
2010-10-12,0N90E,28.8,269.13,285,2010,10,12
2010-10-13,0N90E,28.94,299.13,286,2010,10,13
2010-10-14,0N90E,28.88,297.31,287,2010,10,14
2010-10-15,0N90E,28.89,285.95,288,2010,10,15
2010-10-16,0N90E,28.95,285.95,289,2010,10,16
2010-10-17,0N90E,29.0,268.67,290,2010,10,17
2010-10-18,0N90E,29.07,283.22,291,2010,10,18
2010-10-19,0N90E,29.05,295.04,292,2010,10,19
2010-10-20,0N90E,29.05,297.31,293,2010,10,20
2010-10-21,0N90E,28.96,299.13,294,2010,10,21
2010-10-22,0N90E,28.78,92.74,295,2010,10,22
2010-10-23,0N90E,28.69,45.91,296,2010,10,23
2010-10-24,0N90E,28.74,263.22,297,2010,10,24
2010-10-25,0N90E,28.77,257.31,298,2010,10,25
2010-10-26,0N90E,28.81,151.38,299,2010,10,26
2010-10-27,0N90E,28.73,230.94,300,2010,10,27
2010-10-28,0N90E,28.65,236.39,301,2010,10,28
2010-10-29,0N90E,28.76,268.67,302,2010,10,29
2010-10-30,0N90E,28.81,132.29,303,2010,10,30
2010-10-31,0N90E,28.77,283.22,304,2010,10,31
2010-11-01,0N90E,28.69,159.57,305,2010,11,1
2010-11-02,0N90E,28.61,60.46,306,2010,11,2
2010-11-03,0N90E,28.59,214.12,307,2010,11,3
2010-11-04,0N90E,28.53,277.31,308,2010,11,4
2010-11-05,0N90E,28.49,198.21,309,2010,11,5
2010-11-06,0N90E,28.46,106.38,310,2010,11,6
2010-11-07,0N90E,28.45,99.1,311,2010,11,7
2010-11-08,0N90E,28.47,116.38,312,2010,11,8
2010-11-09,0N90E,28.61,173.66,313,2010,11,9
2010-11-10,0N90E,28.47,116.38,314,2010,11,10
2010-11-11,0N90E,28.49,201.84,315,2010,11,11
2010-11-12,0N90E,28.4,68.65,316,2010,11,12
2010-11-13,0N90E,28.42,180.48,317,2010,11,13
2010-11-14,0N90E,28.55,266.4,318,2010,11,14
2010-11-15,0N90E,28.55,294.58,319,2010,11,15
2010-11-16,0N90E,28.52,260.49,320,2010,11,16
2010-11-17,0N90E,28.44,80.01,321,2010,11,17
2010-11-18,0N90E,28.34,46.82,322,2010,11,18
2010-11-19,0N90E,28.4,206.84,323,2010,11,19
2010-11-20,0N90E,28.35,218.66,324,2010,11,20
2010-11-21,0N90E,28.33,150.02,325,2010,11,21
2010-11-22,0N90E,28.22,47.73,326,2010,11,22
2010-11-23,0N90E,28.22,231.85,327,2010,11,23
2010-11-24,0N90E,28.21,153.66,328,2010,11,24
2010-11-25,0N90E,28.21,209.57,329,2010,11,25
2010-11-26,0N90E,28.2,108.2,330,2010,11,26
2010-11-27,0N90E,28.16,95.92,331,2010,11,27
2010-11-28,0N90E,28.2,175.93,332,2010,11,28
2010-11-29,0N90E,28.25,195.93,333,2010,11,29
2010-11-30,0N90E,28.21,68.19,334,2010,11,30
2010-12-01,0N90E,28.17,150.02,335,2010,12,1
2010-12-02,0N90E,28.09,39.1,336,2010,12,2
2010-12-03,0N90E,28.16,257.31,337,2010,12,3
2010-12-04,0N90E,28.13,153.66,338,2010,12,4
2010-12-05,0N90E,28.16,180.48,339,2010,12,5
2010-12-06,0N90E,28.38,275.49,340,2010,12,6
2010-12-07,0N90E,28.89,283.22,341,2010,12,7
2010-12-08,0N90E,28.82,262.31,342,2010,12,8
2010-12-09,0N90E,29.18,235.48,343,2010,12,9
2010-12-10,0N90E,28.77,302.31,344,2010,12,10
2010-12-11,0N90E,28.44,230.03,345,2010,12,11
2010-12-12,0N90E,28.46,257.31,346,2010,12,12
2010-12-13,0N90E,28.61,270.94,347,2010,12,13
2010-12-14,0N90E,28.7,201.84,348,2010,12,14
2010-12-15,0N90E,28.72,247.76,349,2010,12,15
2010-12-16,0N90E,28.72,264.58,350,2010,12,16
2010-12-17,0N90E,28.99,256.85,351,2010,12,17
2010-12-18,0N90E,28.96,249.58,352,2010,12,18
2010-12-19,0N90E,28.79,282.31,353,2010,12,19
2010-12-20,0N90E,28.79,259.12,354,2010,12,20
2010-12-21,0N90E,28.95,202.75,355,2010,12,21
2010-12-22,0N90E,29.17,284.58,356,2010,12,22
2010-12-23,0N90E,28.85,199.12,357,2010,12,23
2010-12-24,0N90E,28.57,58.64,358,2010,12,24
2010-12-25,0N90E,28.53,164.11,359,2010,12,25
2010-12-26,0N90E,28.4,52.73,360,2010,12,26
2010-12-27,0N90E,28.35,117.29,361,2010,12,27
2010-12-28,0N90E,28.4,255.49,362,2010,12,28
2010-12-29,0N90E,28.31,157.29,363,2010,12,29
2010-12-30,0N90E,28.31,250.49,364,2010,12,30
2010-12-31,0N90E,28.41,287.76,365,2010,12,31
2011-01-01,0N90E,28.49,270.03,1,2011,1,1
2011-01-02,0N90E,28.58,235.48,2,2011,1,2
2011-01-03,0N90E,28.61,227.3,3,2011,1,3
2011-01-04,0N90E,28.45,86.83,4,2011,1,4
2011-01-05,0N90E,28.4,154.57,5,2011,1,5
2011-01-06,0N90E,28.34,150.02,6,2011,1,6
2011-01-07,0N90E,28.37,237.3,7,2011,1,7
2011-01-08,0N90E,28.25,70.46,8,2011,1,8
2011-01-09,0N90E,28.35,205.94,9,2011,1,9
2011-01-10,0N90E,28.25,178.2,10,2011,1,10
2011-01-11,0N90E,28.42,267.31,11,2011,1,11
2011-01-12,0N90E,28.29,217.75,12,2011,1,12
2011-01-13,0N90E,28.35,244.58,13,2011,1,13
2011-01-14,0N90E,28.54,226.85,14,2011,1,14
2011-01-15,0N90E,28.76,228.67,15,2011,1,15
2011-01-16,0N90E,28.72,252.76,16,2011,1,16
2011-01-17,0N90E,28.63,261.85,17,2011,1,17
2011-01-18,0N90E,28.68,288.67,18,2011,1,18
2011-01-19,0N90E,28.9,281.4,19,2011,1,19
2011-01-20,0N90E,28.72,220.03,20,2011,1,20
2011-01-21,0N90E,28.63,306.86,21,2011,1,21
2011-01-22,0N90E,29.11,277.31,22,2011,1,22
2011-01-23,0N90E,29.04,277.31,23,2011,1,23
2011-01-24,0N90E,29.14,274.58,24,2011,1,24
2011-01-25,0N90E,29.36,285.95,25,2011,1,25
2011-01-26,0N90E,29.4,255.94,26,2011,1,26
2011-01-27,0N90E,29.42,270.03,27,2011,1,27
2011-01-28,0N90E,29.24,256.85,28,2011,1,28
2011-01-29,0N90E,29.14,199.57,29,2011,1,29
2011-01-30,0N90E,29.27,223.21,30,2011,1,30
2011-01-31,0N90E,29.27,285.04,31,2011,1,31
2011-02-01,0N90E,28.98,205.48,32,2011,2,1
2011-02-02,0N90E,28.75,74.1,33,2011,2,2
2011-02-03,0N90E,28.54,49.55,34,2011,2,3
2011-02-04,0N90E,28.45,230.94,35,2011,2,4
2011-02-05,0N90E,28.97,275.94,36,2011,2,5
2011-02-06,0N90E,28.95,268.22,37,2011,2,6
2011-02-07,0N90E,28.83,281.85,38,2011,2,7
2011-02-08,0N90E,28.71,230.94,39,2011,2,8
2011-02-09,0N90E,28.67,236.39,40,2011,2,9
2011-02-10,0N90E,28.66,273.22,41,2011,2,10
2011-02-11,0N90E,28.63,273.22,42,2011,2,11
2011-02-12,0N90E,28.62,245.49,43,2011,2,12
2011-02-13,0N90E,28.7,286.85,44,2011,2,13
2011-02-14,0N90E,28.8,290.04,45,2011,2,14
2011-02-15,0N90E,28.97,295.49,46,2011,2,15
2011-02-16,0N90E,29.23,294.13,47,2011,2,16
2011-02-17,0N90E,29.52,284.58,48,2011,2,17
2011-02-18,0N90E,29.25,300.04,49,2011,2,18
2011-02-19,0N90E,29.12,286.4,50,2011,2,19
2011-02-20,0N90E,29.24,268.22,51,2011,2,20
2011-02-21,0N90E,29.19,284.58,52,2011,2,21
2011-02-22,0N90E,29.29,284.13,53,2011,2,22
2011-02-23,0N90E,29.24,232.3,54,2011,2,23
2011-02-24,0N90E,29.02,153.2,55,2011,2,24
2011-02-25,0N90E,28.92,125.93,56,2011,2,25
2011-02-26,0N90E,28.78,116.83,57,2011,2,26
2011-02-27,0N90E,28.79,215.03,58,2011,2,27
2011-02-28,0N90E,28.8,193.66,59,2011,2,28
2011-03-01,0N90E,28.81,297.77,60,2011,3,1
2011-03-02,0N90E,29.25,298.67,61,2011,3,2
2011-03-03,0N90E,29.43,295.49,62,2011,3,3
2011-03-04,0N90E,29.53,303.22,63,2011,3,4
2011-03-05,0N90E,29.67,288.67,64,2011,3,5
2011-03-06,0N90E,29.49,312.77,65,2011,3,6
2011-03-07,0N90E,29.27,297.31,66,2011,3,7
2011-03-08,0N90E,29.0,83.19,67,2011,3,8
2011-03-09,0N90E,28.95,183.66,68,2011,3,9
2011-03-10,0N90E,29.16,269.13,69,2011,3,10
2011-03-11,0N90E,29.09,233.67,70,2011,3,11
2011-03-12,0N90E,28.97,210.48,71,2011,3,12
2011-03-13,0N90E,29.05,252.3,72,2011,3,13
2011-03-14,0N90E,29.1,194.57,73,2011,3,14
2011-03-15,0N90E,29.53,254.12,74,2011,3,15
2011-03-16,0N90E,29.47,279.13,75,2011,3,16
2011-03-17,0N90E,29.43,305.49,76,2011,3,17
2011-03-18,0N90E,29.42,240.03,77,2011,3,18
2011-03-19,0N90E,29.65,310.49,78,2011,3,19
2011-03-20,0N90E,29.61,289.13,79,2011,3,20
2011-03-21,0N90E,29.69,252.76,80,2011,3,21
2011-03-22,0N90E,29.9,269.13,81,2011,3,22
2011-03-23,0N90E,29.69,227.76,82,2011,3,23
2011-03-24,0N90E,29.53,177.3,83,2011,3,24
2011-03-25,0N90E,29.57,206.84,84,2011,3,25
2011-03-26,0N90E,29.6,237.3,85,2011,3,26
2011-03-27,0N90E,29.59,275.04,86,2011,3,27
2011-03-28,0N90E,29.48,229.57,87,2011,3,28
2011-03-29,0N90E,29.38,247.3,88,2011,3,29
2011-03-30,0N90E,29.28,251.4,89,2011,3,30
2011-03-31,0N90E,29.24,293.67,90,2011,3,31
2011-04-01,0N90E,29.27,260.94,91,2011,4,1
2011-04-02,0N90E,29.26,262.76,92,2011,4,2
2011-04-03,0N90E,29.25,268.22,93,2011,4,3
2011-04-04,0N90E,29.07,286.4,94,2011,4,4
2011-04-05,0N90E,29.27,274.58,95,2011,4,5
2011-04-06,0N90E,29.66,291.4,96,2011,4,6
2011-04-07,0N90E,29.77,285.49,97,2011,4,7
2011-04-08,0N90E,29.72,297.77,98,2011,4,8
2011-04-09,0N90E,29.76,299.13,99,2011,4,9
2011-04-10,0N90E,29.71,301.4,100,2011,4,10
2011-04-11,0N90E,29.78,296.86,101,2011,4,11
2011-04-12,0N90E,29.71,295.04,102,2011,4,12
2011-04-13,0N90E,29.51,135.02,103,2011,4,13
2011-04-14,0N90E,29.49,292.31,104,2011,4,14
2011-04-15,0N90E,29.37,220.03,105,2011,4,15
2011-04-16,0N90E,29.5,202.75,106,2011,4,16
2011-04-17,0N90E,29.51,298.67,107,2011,4,17
2011-04-18,0N90E,29.59,260.03,108,2011,4,18
2011-04-19,0N90E,29.63,275.04,109,2011,4,19
2011-04-20,0N90E,29.73,290.04,110,2011,4,20
2011-04-21,0N90E,30.03,263.67,111,2011,4,21
2011-04-22,0N90E,30.29,284.58,112,2011,4,22
2011-04-23,0N90E,30.21,270.49,113,2011,4,23
2011-04-24,0N90E,29.73,125.47,114,2011,4,24
2011-04-25,0N90E,29.67,255.49,115,2011,4,25
2011-04-26,0N90E,29.84,279.58,116,2011,4,26
2011-04-27,0N90E,29.83,277.76,117,2011,4,27
2011-04-28,0N90E,29.73,131.38,118,2011,4,28
2011-04-29,0N90E,29.63,163.2,119,2011,4,29
2011-04-30,0N90E,29.57,96.83,120,2011,4,30
2011-05-01,0N90E,29.96,261.85,121,2011,5,1
2011-05-02,0N90E,29.47,66.83,122,2011,5,2
2011-05-03,0N90E,29.33,81.83,123,2011,5,3
2011-05-04,0N90E,29.19,154.11,124,2011,5,4
2011-05-05,0N90E,29.19,248.21,125,2011,5,5
2011-05-06,0N90E,29.23,248.21,126,2011,5,6
2011-05-07,0N90E,29.16,208.66,127,2011,5,7
2011-05-08,0N90E,29.28,232.3,128,2011,5,8
2011-05-09,0N90E,29.34,245.03,129,2011,5,9
2011-05-10,0N90E,29.44,248.67,130,2011,5,10
2011-05-11,0N90E,29.85,276.85,131,2011,5,11
2011-05-12,0N90E,29.73,225.94,132,2011,5,12
2011-05-13,0N90E,29.93,287.76,133,2011,5,13
2011-05-14,0N90E,29.92,283.67,134,2011,5,14
2011-05-15,0N90E,30.01,275.04,135,2011,5,15
2011-05-16,0N90E,30.02,277.31,136,2011,5,16
2011-05-17,0N90E,29.78,293.67,137,2011,5,17
2011-05-18,0N90E,29.71,295.95,138,2011,5,18
2011-05-19,0N90E,29.81,288.67,139,2011,5,19
2011-05-20,0N90E,29.85,291.86,140,2011,5,20
2011-05-21,0N90E,29.92,290.49,141,2011,5,21
2011-05-22,0N90E,29.97,289.13,142,2011,5,22
2011-05-23,0N90E,29.97,276.4,143,2011,5,23
2011-05-24,0N90E,29.935,281.34666666666664,144,2011,5,24
2011-05-25,0N90E,29.9,286.29333333333335,145,2011,5,25
2011-05-26,0N90E,30.03,291.24,146,2011,5,26
2011-05-27,0N90E,29.74,240.01,147,2011,5,27
2011-05-28,0N90E,29.49,103.4,148,2011,5,28
2011-05-29,0N90E,29.35,56.44,149,2011,5,29
2011-05-30,0N90E,29.39,253.15,150,2011,5,30
2011-05-31,0N90E,29.39,229.82,151,2011,5,31
2011-06-01,0N90E,29.63,264.17,152,2011,6,1
2011-06-02,0N90E,29.56,256.55,153,2011,6,2
2011-06-03,0N90E,29.53,192.22,154,2011,6,3
2011-06-04,0N90E,29.56,238.02,155,2011,6,4
2011-06-05,0N90E,29.59,287.56,156,2011,6,5
2011-06-06,0N90E,29.54,268.0,157,2011,6,6
2011-06-07,0N90E,29.57,251.27,158,2011,6,7
2011-06-08,0N90E,29.58,265.27,159,2011,6,8
2011-06-09,0N90E,29.66,271.4,160,2011,6,9
2011-06-10,0N90E,29.67,276.47,161,2011,6,10
2011-06-11,0N90E,29.61,252.82,162,2011,6,11
2011-06-12,0N90E,29.72,267.6,163,2011,6,12
2011-06-13,0N90E,29.66,272.5,164,2011,6,13
2011-06-14,0N90E,29.66,281.01,165,2011,6,14
2011-06-15,0N90E,29.71,243.61,166,2011,6,15
2011-06-16,0N90E,29.82,271.24,167,2011,6,16
2011-06-17,0N90E,29.99,265.77,168,2011,6,17
2011-06-18,0N90E,30.05,275.56,169,2011,6,18
2011-06-19,0N90E,29.89,240.45,170,2011,6,19
2011-06-20,0N90E,29.73,116.86,171,2011,6,20
2011-06-21,0N90E,29.66,155.82,172,2011,6,21
2011-06-22,0N90E,29.65,254.26,173,2011,6,22
2011-06-23,0N90E,29.67,182.62,174,2011,6,23
2011-06-24,0N90E,29.71,266.18,175,2011,6,24
2011-06-25,0N90E,29.6,105.49,176,2011,6,25
2011-06-26,0N90E,29.49,83.92,177,2011,6,26
2011-06-27,0N90E,29.42,160.54,178,2011,6,27
2011-06-28,0N90E,29.38,212.71,179,2011,6,28
2011-06-29,0N90E,29.28,140.01,180,2011,6,29
2011-06-30,0N90E,29.25,182.43,181,2011,6,30
2011-07-01,0N90E,29.27,201.42,182,2011,7,1
2011-07-02,0N90E,29.23,229.71,183,2011,7,2
2011-07-03,0N90E,29.38,232.81,184,2011,7,3
2011-07-04,0N90E,29.5,266.91,185,2011,7,4
2011-07-05,0N90E,29.43,245.09,186,2011,7,5
2011-07-06,0N90E,29.63,246.16,187,2011,7,6
2011-07-07,0N90E,29.45,265.15,188,2011,7,7
2011-07-08,0N90E,29.57,261.43,189,2011,7,8
2011-07-09,0N90E,29.38,268.89,190,2011,7,9
2011-07-10,0N90E,29.2,182.14,191,2011,7,10
2011-07-11,0N90E,29.06,45.03,192,2011,7,11
2011-07-12,0N90E,28.98,96.81,193,2011,7,12
2011-07-13,0N90E,28.94,170.03,194,2011,7,13
2011-07-14,0N90E,29.05,263.72,195,2011,7,14
2011-07-15,0N90E,28.98,213.1,196,2011,7,15
2011-07-16,0N90E,29.31,267.61,197,2011,7,16
2011-07-17,0N90E,29.16,275.47,198,2011,7,17
2011-07-18,0N90E,29.05,279.79,199,2011,7,18
2011-07-19,0N90E,29.15,280.74,200,2011,7,19
2011-07-20,0N90E,28.98,278.54,201,2011,7,20
2011-07-21,0N90E,29.17,279.48,202,2011,7,21
2011-07-22,0N90E,29.19,259.45,203,2011,7,22
2011-07-23,0N90E,29.29,253.75,204,2011,7,23
2011-07-24,0N90E,29.15,217.42,205,2011,7,24
2011-07-25,0N90E,29.07,207.11,206,2011,7,25
2011-07-26,0N90E,29.03,142.82,207,2011,7,26
2011-07-27,0N90E,29.0,124.0,208,2011,7,27
2011-07-28,0N90E,29.08,237.43,209,2011,7,28
2011-07-29,0N90E,29.16,247.68,210,2011,7,29
2011-07-30,0N90E,29.06,129.97,211,2011,7,30
2011-07-31,0N90E,29.01,41.24,212,2011,7,31
2011-08-01,0N90E,29.0,121.51,213,2011,8,1
2011-08-02,0N90E,28.87,68.9,214,2011,8,2
2011-08-03,0N90E,29.16,252.7,215,2011,8,3
2011-08-04,0N90E,29.36,270.12,216,2011,8,4
2011-08-05,0N90E,29.37,198.17,217,2011,8,5
2011-08-06,0N90E,29.35,148.54,218,2011,8,6
2011-08-07,0N90E,29.53,235.99,219,2011,8,7
2011-08-08,0N90E,29.48,202.9,220,2011,8,8
2011-08-09,0N90E,29.58,284.75,221,2011,8,9
2011-08-10,0N90E,29.61,270.87,222,2011,8,10
2011-08-11,0N90E,29.64,280.2,223,2011,8,11
2011-08-12,0N90E,29.32,42.84,224,2011,8,12
2011-08-13,0N90E,29.18,53.71,225,2011,8,13
2011-08-14,0N90E,29.35,254.71,226,2011,8,14
2011-08-15,0N90E,29.46,256.33,227,2011,8,15
2011-08-16,0N90E,29.3,243.84,228,2011,8,16
2011-08-17,0N90E,29.24,251.77,229,2011,8,17
2011-08-18,0N90E,29.25,250.87,230,2011,8,18
2011-08-19,0N90E,29.22,185.84,231,2011,8,19
2011-08-20,0N90E,29.33,231.37,232,2011,8,20
2011-08-21,0N90E,29.71,286.88,233,2011,8,21
2011-08-22,0N90E,29.39,251.18,234,2011,8,22
2011-08-23,0N90E,29.24,294.3,235,2011,8,23
2011-08-24,0N90E,29.25,205.66,236,2011,8,24
2011-08-25,0N90E,29.25,214.71,237,2011,8,25
2011-08-26,0N90E,29.23,250.68,238,2011,8,26
2011-08-27,0N90E,29.1,143.95,239,2011,8,27
2011-08-28,0N90E,28.96,60.82,240,2011,8,28
2011-08-29,0N90E,29.02,231.16,241,2011,8,29
2011-08-30,0N90E,29.05,276.02,242,2011,8,30
2011-08-31,0N90E,29.06,255.83,243,2011,8,31
2011-09-01,0N90E,29.05,220.24,244,2011,9,1
2011-09-02,0N90E,29.08,260.74,245,2011,9,2
2011-09-03,0N90E,29.09,250.74,246,2011,9,3
2011-09-04,0N90E,29.13,289.78,247,2011,9,4
2011-09-05,0N90E,29.12,271.65,248,2011,9,5
2011-09-06,0N90E,29.1,206.11,249,2011,9,6
2011-09-07,0N90E,28.98,111.46,250,2011,9,7
2011-09-08,0N90E,29.08,309.23,251,2011,9,8
2011-09-09,0N90E,28.85,68.33,252,2011,9,9
2011-09-10,0N90E,28.77,97.12,253,2011,9,10
2011-09-11,0N90E,28.66,47.35,254,2011,9,11
2011-09-12,0N90E,28.76,270.03,255,2011,9,12
2011-09-13,0N90E,28.87,286.79,256,2011,9,13
2011-09-14,0N90E,28.79,109.64,257,2011,9,14
2011-09-15,0N90E,28.91,272.74,258,2011,9,15
2011-09-16,0N90E,28.79,95.29,259,2011,9,16
2011-09-17,0N90E,28.72,58.14,260,2011,9,17
2011-09-18,0N90E,28.67,96.09,261,2011,9,18
2011-09-19,0N90E,28.67,142.08,262,2011,9,19
2011-09-20,0N90E,28.41,82.56,263,2011,9,20
2011-09-21,0N90E,28.48,64.41,264,2011,9,21
2011-09-22,0N90E,28.66,280.25,265,2011,9,22
2011-09-23,0N90E,28.7,291.65,266,2011,9,23
2011-09-24,0N90E,28.72,234.27,267,2011,9,24
2011-09-25,0N90E,28.98,275.58,268,2011,9,25
2011-09-26,0N90E,28.93,243.66,269,2011,9,26
2011-09-27,0N90E,28.98,313.23,270,2011,9,27
2011-09-28,0N90E,28.93,191.88,271,2011,9,28
2011-09-29,0N90E,29.04,285.46,272,2011,9,29
2011-09-30,0N90E,28.87,193.86,273,2011,9,30
2011-10-01,0N90E,28.93,270.39,274,2011,10,1
2011-10-02,0N90E,29.01,258.33,275,2011,10,2
2011-10-03,0N90E,28.89,174.66,276,2011,10,3
2011-10-04,0N90E,28.77,157.88,277,2011,10,4
2011-10-05,0N90E,29.2,319.43,278,2011,10,5
2011-10-06,0N90E,29.5,296.56,279,2011,10,6
2011-10-07,0N90E,28.83,181.99,280,2011,10,7
2011-10-08,0N90E,28.76,292.32,281,2011,10,8
2011-10-09,0N90E,28.96,315.11,282,2011,10,9
2011-10-10,0N90E,29.01,320.37,283,2011,10,10
2011-10-11,0N90E,29.03,301.35,284,2011,10,11
2011-10-12,0N90E,29.23,299.17,285,2011,10,12
2011-10-13,0N90E,29.35,317.59,286,2011,10,13
2011-10-14,0N90E,29.22,297.64,287,2011,10,14
2011-10-15,0N90E,29.21,294.44,288,2011,10,15
2011-10-16,0N90E,29.2,226.48,289,2011,10,16
2011-10-17,0N90E,29.14,166.49,290,2011,10,17
2011-10-18,0N90E,29.24,213.2,291,2011,10,18
2011-10-19,0N90E,29.22,213.11,292,2011,10,19
2011-10-20,0N90E,29.35,278.81,293,2011,10,20
2011-10-21,0N90E,29.1,106.16,294,2011,10,21
2011-10-22,0N90E,29.25,269.94,295,2011,10,22
2011-10-23,0N90E,29.55,282.32,296,2011,10,23
2011-10-24,0N90E,29.35,253.91,297,2011,10,24
2011-10-25,0N90E,29.36,301.26,298,2011,10,25
2011-10-26,0N90E,29.23,217.84,299,2011,10,26
2011-10-27,0N90E,29.47,268.28,300,2011,10,27
2011-10-28,0N90E,29.39,193.57,301,2011,10,28
2011-10-29,0N90E,29.57,236.1,302,2011,10,29
2011-10-30,0N90E,29.59,297.08,303,2011,10,30
2011-10-31,0N90E,29.27,202.32,304,2011,10,31
2011-11-01,0N90E,29.12,222.57,305,2011,11,1
2011-11-02,0N90E,29.09,95.42,306,2011,11,2
2011-11-03,0N90E,29.14,78.77,307,2011,11,3
2011-11-04,0N90E,29.1,61.09,308,2011,11,4
2011-11-05,0N90E,29.14,109.99,309,2011,11,5
2011-11-06,0N90E,29.26,287.01,310,2011,11,6
2011-11-07,0N90E,29.19,209.59,311,2011,11,7
2011-11-08,0N90E,29.15,190.24,312,2011,11,8
2011-11-09,0N90E,29.28,309.07,313,2011,11,9
2011-11-10,0N90E,29.35,294.16,314,2011,11,10
2011-11-11,0N90E,29.51,296.79,315,2011,11,11
2011-11-12,0N90E,29.83,300.83,316,2011,11,12
2011-11-13,0N90E,30.14,280.75,317,2011,11,13
2011-11-14,0N90E,30.06,274.74,318,2011,11,14
2011-11-15,0N90E,30.07,269.82,319,2011,11,15
2011-11-16,0N90E,29.98,278.75,320,2011,11,16
2011-11-17,0N90E,29.79,297.21,321,2011,11,17
2011-11-18,0N90E,29.89,299.71,322,2011,11,18
2011-11-19,0N90E,30.17,303.52,323,2011,11,19
2011-11-20,0N90E,30.01,250.65,324,2011,11,20
2011-11-21,0N90E,30.11,278.49,325,2011,11,21
2011-11-22,0N90E,30.12,272.17,326,2011,11,22
2011-11-23,0N90E,29.91,251.65,327,2011,11,23
2011-11-24,0N90E,30.04,276.92,328,2011,11,24
2011-11-25,0N90E,29.89,272.08,329,2011,11,25
2011-11-26,0N90E,29.6,121.1,330,2011,11,26
2011-11-27,0N90E,29.49,115.27,331,2011,11,27
2011-11-28,0N90E,29.55,265.04,332,2011,11,28
2011-11-29,0N90E,29.32,49.82,333,2011,11,29
2011-11-30,0N90E,29.28,134.12,334,2011,11,30
2011-12-01,0N90E,29.27,138.85,335,2011,12,1
2011-12-02,0N90E,29.17,150.82,336,2011,12,2
2011-12-03,0N90E,29.21,262.31,337,2011,12,3
2011-12-04,0N90E,29.19,237.49,338,2011,12,4
2011-12-05,0N90E,29.21,292.18,339,2011,12,5
2011-12-06,0N90E,29.23,293.55,340,2011,12,6
2011-12-07,0N90E,29.45,264.54,341,2011,12,7
2011-12-08,0N90E,29.88,291.67,342,2011,12,8
2011-12-09,0N90E,29.63,258.74,343,2011,12,9
2011-12-10,0N90E,29.74,270.46,344,2011,12,10
2011-12-11,0N90E,29.83,229.46,345,2011,12,11
2011-12-12,0N90E,29.88,262.71,346,2011,12,12
2011-12-13,0N90E,29.46,175.11,347,2011,12,13
2011-12-14,0N90E,29.58,291.28,348,2011,12,14
2011-12-15,0N90E,29.51,209.83,349,2011,12,15
2011-12-16,0N90E,29.35,265.88,350,2011,12,16
2011-12-17,0N90E,29.3,162.38,351,2011,12,17
2011-12-18,0N90E,29.24,110.01,352,2011,12,18
2011-12-19,0N90E,29.28,94.57,353,2011,12,19
2011-12-20,0N90E,29.33,244.09,354,2011,12,20
2011-12-21,0N90E,29.57,237.97,355,2011,12,21
2011-12-22,0N90E,29.07,101.03,356,2011,12,22
2011-12-23,0N90E,28.97,27.83,357,2011,12,23
2011-12-24,0N90E,28.91,63.6,358,2011,12,24
2011-12-25,0N90E,28.87,198.9,359,2011,12,25
2011-12-26,0N90E,28.77,92.84,360,2011,12,26
2011-12-27,0N90E,28.69,216.9,361,2011,12,27
2011-12-28,0N90E,28.71,239.91,362,2011,12,28
2011-12-29,0N90E,28.77,269.59,363,2011,12,29
2011-12-30,0N90E,28.81,274.45,364,2011,12,30
2011-12-31,0N90E,28.86,288.07,365,2011,12,31
2012-01-01,0N90E,29.06,290.88,1,2012,1,1
2012-01-02,0N90E,28.95,292.14,2,2012,1,2
2012-01-03,0N90E,28.84,246.28,3,2012,1,3
2012-01-04,0N90E,29.35,306.06,4,2012,1,4
2012-01-05,0N90E,29.27,299.4,5,2012,1,5
2012-01-06,0N90E,29.05,291.11,6,2012,1,6
2012-01-07,0N90E,29.07,305.06,7,2012,1,7
2012-01-08,0N90E,29.0,295.39,8,2012,1,8
2012-01-09,0N90E,29.04,258.2,9,2012,1,9
2012-01-10,0N90E,28.9,93.82,10,2012,1,10
2012-01-11,0N90E,28.93,221.46,11,2012,1,11
2012-01-12,0N90E,28.94,271.49,12,2012,1,12
2012-01-13,0N90E,28.95,275.19,13,2012,1,13
2012-01-14,0N90E,28.99,244.66,14,2012,1,14
2012-01-15,0N90E,29.07,251.92,15,2012,1,15
2012-01-16,0N90E,29.04,227.79,16,2012,1,16
2012-01-17,0N90E,29.04,260.36,17,2012,1,17
2012-01-18,0N90E,28.92,285.33,18,2012,1,18
2012-01-19,0N90E,28.77,281.03,19,2012,1,19
2012-01-20,0N90E,28.68,295.37,20,2012,1,20
2012-01-21,0N90E,28.6,220.76,21,2012,1,21
2012-01-22,0N90E,28.69,212.36,22,2012,1,22
2012-01-23,0N90E,29.1,235.96,23,2012,1,23
2012-01-24,0N90E,29.13,253.62,24,2012,1,24
2012-01-25,0N90E,29.1,227.59,25,2012,1,25
2012-01-26,0N90E,29.1,230.09,26,2012,1,26
2012-01-27,0N90E,29.13,244.41,27,2012,1,27
2012-01-28,0N90E,29.15,241.19,28,2012,1,28
2012-01-29,0N90E,29.16,204.71,29,2012,1,29
2012-01-30,0N90E,29.09,277.22,30,2012,1,30
2012-01-31,0N90E,29.07,243.3,31,2012,1,31
2012-02-01,0N90E,28.96,150.31,32,2012,2,1
2012-02-02,0N90E,29.06,265.57,33,2012,2,2
2012-02-03,0N90E,29.54,300.31,34,2012,2,3
2012-02-04,0N90E,29.25,292.8,35,2012,2,4
2012-02-05,0N90E,29.11,239.48,36,2012,2,5
2012-02-06,0N90E,29.13,272.44,37,2012,2,6
2012-02-07,0N90E,29.06,123.65,38,2012,2,7
2012-02-08,0N90E,29.28,305.11,39,2012,2,8
2012-02-09,0N90E,29.63,316.87,40,2012,2,9
2012-02-10,0N90E,29.4,307.85,41,2012,2,10
2012-02-11,0N90E,29.59,310.39,42,2012,2,11
2012-02-12,0N90E,29.65,278.7,43,2012,2,12
2012-02-13,0N90E,29.44,257.09,44,2012,2,13
2012-02-14,0N90E,29.53,302.73,45,2012,2,14
2012-02-15,0N90E,29.31,138.58,46,2012,2,15
2012-02-16,0N90E,29.49,271.16,47,2012,2,16
2012-02-17,0N90E,29.51,294.52,48,2012,2,17
2012-02-18,0N90E,29.56,287.72,49,2012,2,18
2012-02-19,0N90E,29.57,287.67,50,2012,2,19
2012-02-20,0N90E,29.27,288.71500000000003,51,2012,2,20
2012-02-21,0N90E,29.52,289.76,52,2012,2,21
2012-02-22,0N90E,29.2,180.53,53,2012,2,22
2012-02-23,0N90E,29.15,125.55,54,2012,2,23
2012-02-24,0N90E,29.13,157.93,55,2012,2,24
2012-02-25,0N90E,29.14,152.72,56,2012,2,25
2012-02-26,0N90E,29.45,260.18,57,2012,2,26
2012-02-27,0N90E,29.31,301.28,58,2012,2,27
2012-02-28,0N90E,29.13,168.56,59,2012,2,28
2012-02-29,0N90E,29.03,164.77,60,2012,2,29
2012-03-01,0N90E,29.12,196.17,61,2012,3,1
2012-03-02,0N90E,29.23,263.46,62,2012,3,2
2012-03-03,0N90E,29.07,233.14,63,2012,3,3
2012-03-04,0N90E,29.19,225.25,64,2012,3,4
2012-03-05,0N90E,29.32,103.33,65,2012,3,5
2012-03-06,0N90E,29.22,110.97,66,2012,3,6
2012-03-07,0N90E,29.14,194.55,67,2012,3,7
2012-03-08,0N90E,29.09,258.56,68,2012,3,8
2012-03-09,0N90E,28.91,68.58,69,2012,3,9
2012-03-10,0N90E,29.05,145.43,70,2012,3,10
2012-03-11,0N90E,29.44,279.11,71,2012,3,11
2012-03-12,0N90E,29.45,246.5,72,2012,3,12
2012-03-13,0N90E,29.78,275.97,73,2012,3,13
2012-03-14,0N90E,29.84,272.34,74,2012,3,14
2012-03-15,0N90E,29.56,312.49,75,2012,3,15
2012-03-16,0N90E,29.5,270.45,76,2012,3,16
2012-03-17,0N90E,29.46,266.81,77,2012,3,17
2012-03-18,0N90E,29.48,303.79,78,2012,3,18
2012-03-19,0N90E,29.65,295.22,79,2012,3,19
2012-03-20,0N90E,29.97,305.48,80,2012,3,20
2012-03-21,0N90E,30.13,305.54,81,2012,3,21
2012-03-22,0N90E,30.04,248.47,82,2012,3,22
2012-03-23,0N90E,30.61,316.91,83,2012,3,23
2012-03-24,0N90E,30.45,306.47,84,2012,3,24
2012-03-25,0N90E,30.09,261.64,85,2012,3,25
2012-03-26,0N90E,29.84,260.39,86,2012,3,26
2012-03-27,0N90E,30.3,315.12,87,2012,3,27
2012-03-28,0N90E,30.31,312.21,88,2012,3,28
2012-03-29,0N90E,30.04,264.82,89,2012,3,29
2012-03-30,0N90E,29.66,85.87,90,2012,3,30
2012-03-31,0N90E,29.5,84.15,91,2012,3,31
2012-04-01,0N90E,29.77,255.02,92,2012,4,1
2012-04-02,0N90E,29.82,312.79,93,2012,4,2
2012-04-03,0N90E,29.97,303.94,94,2012,4,3
2012-04-04,0N90E,29.88,294.96,95,2012,4,4
2012-04-05,0N90E,30.18,307.9,96,2012,4,5
2012-04-06,0N90E,30.42,301.59,97,2012,4,6
2012-04-07,0N90E,30.6,296.0,98,2012,4,7
2012-04-08,0N90E,30.62,288.47,99,2012,4,8
2012-04-09,0N90E,30.44,242.86,100,2012,4,9
2012-04-10,0N90E,29.99,197.25,101,2012,4,10
2012-04-11,0N90E,30.33,310.36,102,2012,4,11
2012-04-12,0N90E,30.35,257.59,103,2012,4,12
2012-04-13,0N90E,30.37,310.02,104,2012,4,13
2012-04-14,0N90E,30.23,289.68,105,2012,4,14
2012-04-15,0N90E,30.6,280.0,106,2012,4,15
2012-04-16,0N90E,30.21,249.72,107,2012,4,16
2012-04-17,0N90E,29.9,218.2,108,2012,4,17
2012-04-18,0N90E,29.7,128.54,109,2012,4,18
2012-04-19,0N90E,29.6,187.88,110,2012,4,19
2012-04-20,0N90E,29.62,238.74,111,2012,4,20
2012-04-21,0N90E,29.93,251.17,112,2012,4,21
2012-04-22,0N90E,29.99,260.91,113,2012,4,22
2012-04-23,0N90E,30.2,246.18,114,2012,4,23
2012-04-24,0N90E,30.15,299.99,115,2012,4,24
2012-04-25,0N90E,30.09,284.09,116,2012,4,25
2012-04-26,0N90E,30.27,274.19,117,2012,4,26
2012-04-27,0N90E,30.05,292.81,118,2012,4,27
2012-04-28,0N90E,29.77,85.02,119,2012,4,28
2012-04-29,0N90E,30.08,251.12,120,2012,4,29
2012-04-30,0N90E,30.04,276.38,121,2012,4,30
2012-05-01,0N90E,30.04,287.38,122,2012,5,1
2012-05-02,0N90E,29.96,247.89,123,2012,5,2
2012-05-03,0N90E,30.17,303.69,124,2012,5,3
2012-05-04,0N90E,30.16,288.62,125,2012,5,4
2012-05-05,0N90E,30.37,290.84,126,2012,5,5
2012-05-06,0N90E,30.3,273.4,127,2012,5,6
2012-05-07,0N90E,30.02,207.48,128,2012,5,7
2012-05-08,0N90E,29.99,287.85,129,2012,5,8
2012-05-09,0N90E,30.05,272.2,130,2012,5,9
2012-05-10,0N90E,30.21,267.88,131,2012,5,10
2012-05-11,0N90E,29.96,261.9,132,2012,5,11
2012-05-12,0N90E,30.1,258.22,133,2012,5,12
2012-05-13,0N90E,30.27,263.8,134,2012,5,13
2012-05-14,0N90E,30.3,300.74,135,2012,5,14
2012-05-15,0N90E,30.18,267.19,136,2012,5,15
2012-05-16,0N90E,30.34,278.99,137,2012,5,16
2012-05-17,0N90E,30.41,244.71,138,2012,5,17
2012-05-18,0N90E,30.51,280.45,139,2012,5,18
2012-05-19,0N90E,30.47,239.01,140,2012,5,19
2012-05-20,0N90E,30.18,232.75,141,2012,5,20
2012-05-21,0N90E,29.95,38.02,142,2012,5,21
2012-05-22,0N90E,29.95,100.66,143,2012,5,22
2012-05-23,0N90E,30.12,268.46,144,2012,5,23
2012-05-24,0N90E,30.09,267.66,145,2012,5,24
2012-05-25,0N90E,30.04,243.64,146,2012,5,25
2012-05-26,0N90E,30.02,250.52,147,2012,5,26
2012-05-27,0N90E,30.01,239.77,148,2012,5,27
2012-05-28,0N90E,29.92,154.69,149,2012,5,28
2012-05-29,0N90E,29.89,223.34,150,2012,5,29
2012-05-30,0N90E,29.79,98.46,151,2012,5,30
2012-05-31,0N90E,29.75,174.4,152,2012,5,31
2012-06-01,0N90E,29.72,175.19,153,2012,6,1
2012-06-02,0N90E,29.78,253.39,154,2012,6,2
2012-06-03,0N90E,29.73,212.02,155,2012,6,3
2012-06-04,0N90E,29.74,241.96,156,2012,6,4
2012-06-05,0N90E,29.65,148.89,157,2012,6,5
2012-06-06,0N90E,29.65,231.97,158,2012,6,6
2012-06-07,0N90E,29.71,256.65,159,2012,6,7
2012-06-08,0N90E,29.56,178.32,160,2012,6,8
2012-06-09,0N90E,29.51,150.3,161,2012,6,9
2012-06-10,0N90E,29.46,147.25,162,2012,6,10
2012-06-11,0N90E,29.47,266.49,163,2012,6,11
2012-06-12,0N90E,29.42,271.93,164,2012,6,12
2012-06-13,0N90E,29.47,269.64,165,2012,6,13
2012-06-14,0N90E,29.55,273.89,166,2012,6,14
2012-06-15,0N90E,29.66,278.36,167,2012,6,15
2012-06-16,0N90E,29.83,283.86,168,2012,6,16
2012-06-17,0N90E,29.57,261.03,169,2012,6,17
2012-06-18,0N90E,29.77,248.81,170,2012,6,18
2012-06-19,0N90E,29.48,186.89,171,2012,6,19
2012-06-20,0N90E,29.34,186.89,172,2012,6,20
2012-06-21,0N90E,29.52,218.73,173,2012,6,21
2012-06-22,0N90E,29.96,274.31,174,2012,6,22
2012-06-23,0N90E,30.06,280.35,175,2012,6,23
2012-06-24,0N90E,29.77,284.08,176,2012,6,24
2012-06-25,0N90E,29.81,272.76,177,2012,6,25
2012-06-26,0N90E,29.96,253.26,178,2012,6,26
2012-06-27,0N90E,29.82,136.04,179,2012,6,27
2012-06-28,0N90E,29.76,269.16,180,2012,6,28
2012-06-29,0N90E,29.86,261.07,181,2012,6,29
2012-06-30,0N90E,29.76,219.67,182,2012,6,30
2012-07-01,0N90E,29.61,62.96,183,2012,7,1
2012-07-02,0N90E,29.59,130.34,184,2012,7,2
2012-07-03,0N90E,29.71,183.89,185,2012,7,3
2012-07-04,0N90E,29.42,126.7,186,2012,7,4
2012-07-05,0N90E,29.64,225.42,187,2012,7,5
2012-07-06,0N90E,29.55,176.76,188,2012,7,6
2012-07-07,0N90E,29.56,198.69,189,2012,7,7
2012-07-08,0N90E,29.43,154.11,190,2012,7,8
2012-07-09,0N90E,29.37,223.35,191,2012,7,9
2012-07-10,0N90E,29.36,195.36,192,2012,7,10
2012-07-11,0N90E,29.38,247.36,193,2012,7,11
2012-07-12,0N90E,29.38,212.87,194,2012,7,12
2012-07-13,0N90E,29.32,252.49,195,2012,7,13
2012-07-14,0N90E,29.34,229.2,196,2012,7,14
2012-07-15,0N90E,29.44,244.48,197,2012,7,15
2012-07-16,0N90E,29.31,156.58,198,2012,7,16
2012-07-17,0N90E,29.28,178.19,199,2012,7,17
2012-07-18,0N90E,29.44,248.75,200,2012,7,18
2012-07-19,0N90E,29.75,247.4,201,2012,7,19
2012-07-20,0N90E,29.33,82.86,202,2012,7,20
2012-07-21,0N90E,29.13,105.24,203,2012,7,21
2012-07-22,0N90E,29.04,104.66,204,2012,7,22
2012-07-23,0N90E,28.87,44.38,205,2012,7,23
2012-07-24,0N90E,29.04,243.07,206,2012,7,24
2012-07-25,0N90E,29.24,247.71,207,2012,7,25
2012-07-26,0N90E,29.22,256.98,208,2012,7,26
2012-07-27,0N90E,29.3,274.5,209,2012,7,27
2012-07-28,0N90E,29.27,286.17,210,2012,7,28
2012-07-29,0N90E,29.32,270.13,211,2012,7,29
2012-07-30,0N90E,29.31,137.36,212,2012,7,30
2012-07-31,0N90E,29.29,209.51,213,2012,7,31
2012-08-01,0N90E,29.22,229.58,214,2012,8,1
2012-08-02,0N90E,29.16,249.35,215,2012,8,2
2012-08-03,0N90E,29.2,283.51,216,2012,8,3
2012-08-04,0N90E,29.25,283.0,217,2012,8,4
2012-08-05,0N90E,29.27,285.73,218,2012,8,5
2012-08-06,0N90E,29.26,284.71,219,2012,8,6
2012-08-07,0N90E,29.4,265.81,220,2012,8,7
2012-08-08,0N90E,29.29,259.79,221,2012,8,8
2012-08-09,0N90E,29.23,150.18,222,2012,8,9
2012-08-10,0N90E,29.22,159.39,223,2012,8,10
2012-08-11,0N90E,29.38,285.81,224,2012,8,11
2012-08-12,0N90E,29.48,262.42,225,2012,8,12
2012-08-13,0N90E,29.38,227.89,226,2012,8,13
2012-08-14,0N90E,29.37,267.37,227,2012,8,14
2012-08-15,0N90E,29.32,214.33,228,2012,8,15
2012-08-16,0N90E,29.29,52.41,229,2012,8,16
2012-08-17,0N90E,29.37,252.93,230,2012,8,17
2012-08-18,0N90E,29.17,178.79,231,2012,8,18
2012-08-19,0N90E,29.18,162.15,232,2012,8,19
2012-08-20,0N90E,29.18,149.3,233,2012,8,20
2012-08-21,0N90E,29.27,159.65,234,2012,8,21
2012-08-22,0N90E,29.3,261.55,235,2012,8,22
2012-08-23,0N90E,29.19,59.18,236,2012,8,23
2012-08-24,0N90E,29.49,270.9,237,2012,8,24
2012-08-25,0N90E,29.26,246.4,238,2012,8,25
2012-08-26,0N90E,29.16,63.81,239,2012,8,26
2012-08-27,0N90E,29.07,116.18,240,2012,8,27
2012-08-28,0N90E,28.94,201.59,241,2012,8,28
2012-08-29,0N90E,28.86,254.88,242,2012,8,29
2012-08-30,0N90E,29.03,293.64,243,2012,8,30
2012-08-31,0N90E,29.24,280.76,244,2012,8,31
2012-09-01,0N90E,29.22,285.54,245,2012,9,1
2012-09-02,0N90E,29.17,284.45,246,2012,9,2
2012-09-03,0N90E,29.01,173.0,247,2012,9,3
2012-09-04,0N90E,28.89,82.18,248,2012,9,4
2012-09-05,0N90E,28.84,173.5,249,2012,9,5
2012-09-06,0N90E,29.0,295.46,250,2012,9,6
2012-09-07,0N90E,28.97,223.53,251,2012,9,7
2012-09-08,0N90E,28.96,145.99,252,2012,9,8
2012-09-09,0N90E,29.17,280.87,253,2012,9,9
2012-09-10,0N90E,29.29,288.19,254,2012,9,10
2012-09-11,0N90E,29.01,75.19,255,2012,9,11
2012-09-12,0N90E,29.08,225.62,256,2012,9,12
2012-09-13,0N90E,29.04,252.06,257,2012,9,13
2012-09-14,0N90E,29.03,229.77,258,2012,9,14
2012-09-15,0N90E,29.0,297.68,259,2012,9,15
2012-09-16,0N90E,29.09,288.08,260,2012,9,16
2012-09-17,0N90E,29.16,238.0,261,2012,9,17
2012-09-18,0N90E,29.39,299.87,262,2012,9,18
2012-09-19,0N90E,29.75,294.92,263,2012,9,19
2012-09-20,0N90E,29.41,216.35,264,2012,9,20
2012-09-21,0N90E,29.35,297.78,265,2012,9,21
2012-09-22,0N90E,29.2,146.61,266,2012,9,22
2012-09-23,0N90E,29.16,150.12,267,2012,9,23
2012-09-24,0N90E,29.29,280.91,268,2012,9,24
2012-09-25,0N90E,29.2,219.76,269,2012,9,25
2012-09-26,0N90E,29.13,239.33,270,2012,9,26
2012-09-27,0N90E,29.23,312.8,271,2012,9,27
2012-09-28,0N90E,29.22,217.7,272,2012,9,28
2012-09-29,0N90E,29.26,300.07,273,2012,9,29
2012-09-30,0N90E,29.27,242.55,274,2012,9,30
2012-10-01,0N90E,29.62,311.48,275,2012,10,1
2012-10-02,0N90E,29.74,294.28,276,2012,10,2
2012-10-03,0N90E,29.66,284.95,277,2012,10,3
2012-10-04,0N90E,29.78,292.62,278,2012,10,4
2012-10-05,0N90E,29.93,314.56,279,2012,10,5
2012-10-06,0N90E,29.95,313.32,280,2012,10,6
2012-10-07,0N90E,29.54,211.14,281,2012,10,7
2012-10-08,0N90E,29.53,306.45,282,2012,10,8
2012-10-09,0N90E,29.58,316.43,283,2012,10,9
2012-10-10,0N90E,29.48,295.58,284,2012,10,10
2012-10-11,0N90E,29.58,192.45,285,2012,10,11
2012-10-12,0N90E,29.58,209.58,286,2012,10,12
2012-10-13,0N90E,29.52,294.53,287,2012,10,13
2012-10-14,0N90E,29.38,249.16,288,2012,10,14
2012-10-15,0N90E,29.29,213.59,289,2012,10,15
2012-10-16,0N90E,29.34,208.43,290,2012,10,16
2012-10-17,0N90E,29.1,97.58,291,2012,10,17
2012-10-18,0N90E,29.12,234.25,292,2012,10,18
2012-10-19,0N90E,29.39,234.38,293,2012,10,19
2012-10-20,0N90E,29.63,258.43,294,2012,10,20
2012-10-21,0N90E,29.44,185.79,295,2012,10,21
2012-10-22,0N90E,29.3,138.62,296,2012,10,22
2012-10-23,0N90E,29.31,182.56,297,2012,10,23
2012-10-24,0N90E,29.46,227.26,298,2012,10,24
2012-10-25,0N90E,29.29,112.66,299,2012,10,25
2012-10-26,0N90E,29.36,244.16,300,2012,10,26
2012-10-27,0N90E,29.17,181.21,301,2012,10,27
2012-10-28,0N90E,29.23,198.58,302,2012,10,28
2012-10-29,0N90E,29.24,222.9,303,2012,10,29
2012-10-30,0N90E,29.01,132.64,304,2012,10,30
2012-10-31,0N90E,29.02,215.33,305,2012,10,31
2012-11-01,0N90E,29.14,30.74,306,2012,11,1
2012-11-02,0N90E,28.91,35.01,307,2012,11,2
2012-11-03,0N90E,28.77,53.73,308,2012,11,3
2012-11-04,0N90E,28.89,159.62,309,2012,11,4
2012-11-05,0N90E,28.91,177.07,310,2012,11,5
2012-11-06,0N90E,29.03,249.81,311,2012,11,6
2012-11-07,0N90E,28.99,246.68,312,2012,11,7
2012-11-08,0N90E,29.03,126.48,313,2012,11,8
2012-11-09,0N90E,29.07,201.74,314,2012,11,9
2012-11-10,0N90E,28.92,188.77,315,2012,11,10
2012-11-11,0N90E,28.88,216.17,316,2012,11,11
2012-11-12,0N90E,28.85,209.43,317,2012,11,12
2012-11-13,0N90E,28.73,88.7,318,2012,11,13
2012-11-14,0N90E,28.71,213.38,319,2012,11,14
2012-11-15,0N90E,28.83,239.7,320,2012,11,15
2012-11-16,0N90E,28.92,201.68,321,2012,11,16
2012-11-17,0N90E,28.8,49.81,322,2012,11,17
2012-11-18,0N90E,28.86,262.15,323,2012,11,18
2012-11-19,0N90E,29.01,224.83,324,2012,11,19
2012-11-20,0N90E,29.08,254.16,325,2012,11,20
2012-11-21,0N90E,29.39,291.03,326,2012,11,21
2012-11-22,0N90E,29.0,110.9,327,2012,11,22
2012-11-23,0N90E,29.29,288.77,328,2012,11,23
2012-11-24,0N90E,29.15,289.26,329,2012,11,24
2012-11-25,0N90E,29.1,283.06,330,2012,11,25
2012-11-26,0N90E,28.89,75.62,331,2012,11,26
2012-11-27,0N90E,28.97,175.84,332,2012,11,27
2012-11-28,0N90E,28.85,114.45,333,2012,11,28
2012-11-29,0N90E,28.76,117.07,334,2012,11,29
2012-11-30,0N90E,28.68,190.17,335,2012,11,30
2012-12-01,0N90E,28.64,98.34,336,2012,12,1
2012-12-02,0N90E,28.71,179.91,337,2012,12,2
2012-12-03,0N90E,28.96,241.01,338,2012,12,3
2012-12-04,0N90E,29.23,280.97,339,2012,12,4
2012-12-05,0N90E,29.32,273.61,340,2012,12,5
2012-12-06,0N90E,29.31,287.68,341,2012,12,6
2012-12-07,0N90E,29.96,294.67,342,2012,12,7
2012-12-08,0N90E,29.28,244.13,343,2012,12,8
2012-12-09,0N90E,29.4,280.09,344,2012,12,9
2012-12-10,0N90E,29.06,195.71,345,2012,12,10
2012-12-11,0N90E,29.05,192.66,346,2012,12,11
2012-12-12,0N90E,29.19,287.45,347,2012,12,12
2012-12-13,0N90E,29.33,275.31,348,2012,12,13
2012-12-14,0N90E,29.05,106.35,349,2012,12,14
2012-12-15,0N90E,28.88,63.99,350,2012,12,15
2012-12-16,0N90E,28.85,116.32,351,2012,12,16
2012-12-17,0N90E,29.31,266.51,352,2012,12,17
2012-12-18,0N90E,28.92,116.31,353,2012,12,18
2012-12-19,0N90E,28.94,235.64,354,2012,12,19
2012-12-20,0N90E,28.92,191.06,355,2012,12,20
2012-12-21,0N90E,29.16,286.69,356,2012,12,21
2012-12-22,0N90E,28.99,139.6,357,2012,12,22
2012-12-23,0N90E,28.83,97.91,358,2012,12,23
2012-12-24,0N90E,28.92,113.35,359,2012,12,24
2012-12-25,0N90E,28.99,211.31,360,2012,12,25
2012-12-26,0N90E,28.84,64.48,361,2012,12,26
2012-12-27,0N90E,28.73,27.07,362,2012,12,27
2012-12-28,0N90E,28.72,237.85,363,2012,12,28
2012-12-29,0N90E,28.67,124.97,364,2012,12,29
2012-12-30,0N90E,28.61,77.21,365,2012,12,30
2012-12-31,0N90E,28.68,261.35,366,2012,12,31
2013-01-01,0N90E,29.07,259.79,1,2013,1,1
2013-01-02,0N90E,28.74,221.33,2,2013,1,2
2013-01-03,0N90E,28.76,64.25,3,2013,1,3
2013-01-04,0N90E,28.88,235.45,4,2013,1,4
2013-01-05,0N90E,28.78,193.05,5,2013,1,5
2013-01-06,0N90E,28.85,277.21,6,2013,1,6
2013-01-07,0N90E,28.84,288.63,7,2013,1,7
2013-01-08,0N90E,28.92,254.91,8,2013,1,8
2013-01-09,0N90E,28.96,283.8,9,2013,1,9
2013-01-10,0N90E,29.05,294.21,10,2013,1,10
2013-01-11,0N90E,29.06,278.44,11,2013,1,11
2013-01-12,0N90E,28.93,222.81,12,2013,1,12
2013-01-13,0N90E,28.81,239.12,13,2013,1,13
2013-01-14,0N90E,29.13,258.37,14,2013,1,14
2013-01-15,0N90E,29.31,244.41,15,2013,1,15
2013-01-16,0N90E,29.17,189.41,16,2013,1,16
2013-01-17,0N90E,29.06,260.2,17,2013,1,17
2013-01-18,0N90E,29.05,240.08,18,2013,1,18
2013-01-19,0N90E,29.3,291.82,19,2013,1,19
2013-01-20,0N90E,29.17,239.35,20,2013,1,20
2013-01-21,0N90E,29.25,279.0,21,2013,1,21
2013-01-22,0N90E,29.42,278.81,22,2013,1,22
2013-01-23,0N90E,29.16,268.01,23,2013,1,23
2013-01-24,0N90E,29.0,77.43,24,2013,1,24
2013-01-25,0N90E,29.07,265.67,25,2013,1,25
2013-01-26,0N90E,29.02,258.81,26,2013,1,26
2013-01-27,0N90E,28.96,177.0,27,2013,1,27
2013-01-28,0N90E,29.07,279.82,28,2013,1,28
2013-01-29,0N90E,29.07,278.92,29,2013,1,29
2013-01-30,0N90E,29.04,111.59,30,2013,1,30
2013-01-31,0N90E,29.22,289.81,31,2013,1,31
2013-02-01,0N90E,29.02,176.75,32,2013,2,1
2013-02-02,0N90E,29.04,239.71,33,2013,2,2
2013-02-03,0N90E,28.71,10.48,34,2013,2,3
2013-02-04,0N90E,28.86,198.85,35,2013,2,4
2013-02-05,0N90E,28.85,133.37,36,2013,2,5
2013-02-06,0N90E,28.73,71.81,37,2013,2,6
2013-02-07,0N90E,28.66,45.32,38,2013,2,7
2013-02-08,0N90E,28.66,155.26,39,2013,2,8
2013-02-09,0N90E,28.96,268.08,40,2013,2,9
2013-02-10,0N90E,29.06,219.13,41,2013,2,10
2013-02-11,0N90E,29.16,265.2,42,2013,2,11
2013-02-12,0N90E,29.1,281.04,43,2013,2,12
2013-02-13,0N90E,29.2,274.3,44,2013,2,13
2013-02-14,0N90E,29.0,125.53,45,2013,2,14
2013-02-15,0N90E,28.9,189.41,46,2013,2,15
2013-02-16,0N90E,28.94,203.21,47,2013,2,16
2013-02-17,0N90E,29.19,288.54,48,2013,2,17
2013-02-18,0N90E,29.09,270.68,49,2013,2,18
2013-02-19,0N90E,28.88,63.63,50,2013,2,19
2013-02-20,0N90E,28.82,143.55,51,2013,2,20
2013-02-21,0N90E,28.94,224.53,52,2013,2,21
2013-02-22,0N90E,28.98,226.95,53,2013,2,22
2013-02-23,0N90E,28.86,51.51,54,2013,2,23
2013-02-24,0N90E,28.98,273.48,55,2013,2,24
2013-02-25,0N90E,28.99,262.72,56,2013,2,25
2013-02-26,0N90E,29.06,289.09,57,2013,2,26
2013-02-27,0N90E,29.15,261.56,58,2013,2,27
2013-02-28,0N90E,29.13,217.27,59,2013,2,28
2013-03-01,0N90E,29.26,301.25,60,2013,3,1
2013-03-02,0N90E,29.35,314.92,61,2013,3,2
2013-03-03,0N90E,29.27,310.4,62,2013,3,3
2013-03-04,0N90E,29.56,269.03,63,2013,3,4
2013-03-05,0N90E,29.79,270.5,64,2013,3,5
2013-03-06,0N90E,30.12,319.04,65,2013,3,6
2013-03-07,0N90E,30.12,316.17,66,2013,3,7
2013-03-08,0N90E,30.34,307.49,67,2013,3,8
2013-03-09,0N90E,30.21,312.82,68,2013,3,9
2013-03-10,0N90E,30.42,307.1,69,2013,3,10
2013-03-11,0N90E,30.44,290.17,70,2013,3,11
2013-03-12,0N90E,30.54,317.55,71,2013,3,12
2013-03-13,0N90E,30.65,299.78,72,2013,3,13
2013-03-14,0N90E,30.87,316.16,73,2013,3,14
2013-03-15,0N90E,30.95,267.46,74,2013,3,15
2013-03-16,0N90E,30.25,208.48,75,2013,3,16
2013-03-17,0N90E,30.26,304.93,76,2013,3,17
2013-03-18,0N90E,30.18,315.23,77,2013,3,18
2013-03-19,0N90E,30.43,298.01,78,2013,3,19
2013-03-20,0N90E,30.45,286.71,79,2013,3,20
2013-03-21,0N90E,30.47,309.74,80,2013,3,21
2013-03-22,0N90E,30.48,244.75,81,2013,3,22
2013-03-23,0N90E,30.52,272.24,82,2013,3,23
2013-03-24,0N90E,30.49,288.23,83,2013,3,24
2013-03-25,0N90E,30.59,317.53,84,2013,3,25
2013-03-26,0N90E,30.48,273.89,85,2013,3,26
2013-03-27,0N90E,30.37,228.78,86,2013,3,27
2013-03-28,0N90E,30.25,203.36,87,2013,3,28
2013-03-29,0N90E,30.14,212.18,88,2013,3,29
2013-03-30,0N90E,30.08,215.66,89,2013,3,30
2013-03-31,0N90E,30.09,191.51,90,2013,3,31
2013-04-01,0N90E,30.05,198.2,91,2013,4,1
2013-04-02,0N90E,29.85,22.22,92,2013,4,2
2013-04-03,0N90E,29.78,105.66,93,2013,4,3
2013-04-04,0N90E,29.72,201.7,94,2013,4,4
2013-04-05,0N90E,29.56,148.31,95,2013,4,5
2013-04-06,0N90E,29.49,137.4,96,2013,4,6
2013-04-07,0N90E,29.58,266.74,97,2013,4,7
2013-04-08,0N90E,29.61,271.45,98,2013,4,8
2013-04-09,0N90E,29.65,289.67,99,2013,4,9
2013-04-10,0N90E,29.59,258.27,100,2013,4,10
2013-04-11,0N90E,29.67,267.9,101,2013,4,11
2013-04-12,0N90E,29.94,280.88,102,2013,4,12
2013-04-13,0N90E,30.34,246.28,103,2013,4,13
2013-04-14,0N90E,30.15,271.41,104,2013,4,14
2013-04-15,0N90E,30.0,217.96,105,2013,4,15
2013-04-16,0N90E,29.84,69.12,106,2013,4,16
2013-04-17,0N90E,30.05,266.56,107,2013,4,17
2013-04-18,0N90E,30.29,286.78,108,2013,4,18
2013-04-19,0N90E,30.49,299.54,109,2013,4,19
2013-04-20,0N90E,30.24,289.4,110,2013,4,20
2013-04-21,0N90E,30.49,296.56,111,2013,4,21
2013-04-22,0N90E,30.5,269.51,112,2013,4,22
2013-04-23,0N90E,30.45,284.65,113,2013,4,23
2013-04-24,0N90E,30.24,167.47,114,2013,4,24
2013-04-25,0N90E,30.71,268.9,115,2013,4,25
2013-04-26,0N90E,30.99,257.95,116,2013,4,26
2013-04-27,0N90E,30.52,163.41,117,2013,4,27
2013-04-28,0N90E,30.98,294.75,118,2013,4,28
2013-04-29,0N90E,30.65,228.74,119,2013,4,29
2013-04-30,0N90E,30.57,222.7,120,2013,4,30
2013-05-01,0N90E,30.49,226.93,121,2013,5,1
2013-05-02,0N90E,30.49,216.21,122,2013,5,2
2013-05-03,0N90E,30.32,140.77,123,2013,5,3
2013-05-04,0N90E,30.25,175.67,124,2013,5,4
2013-05-05,0N90E,30.07,52.28,125,2013,5,5
2013-05-06,0N90E,29.98,185.85,126,2013,5,6
2013-05-07,0N90E,29.835,145.79,127,2013,5,7
2013-05-08,0N90E,29.69,39.43,128,2013,5,8
2013-05-09,0N90E,29.56,55.66,129,2013,5,9
2013-05-10,0N90E,29.44,111.83,130,2013,5,10
2013-05-11,0N90E,29.42,81.04,131,2013,5,11
2013-05-12,0N90E,29.42,220.45,132,2013,5,12
2013-05-13,0N90E,29.39,264.56,133,2013,5,13
2013-05-14,0N90E,29.45,271.22,134,2013,5,14
2013-05-15,0N90E,29.48,274.96,135,2013,5,15
2013-05-16,0N90E,29.525,268.30499999999995,136,2013,5,16
2013-05-17,0N90E,29.57,261.65,137,2013,5,17
2013-05-18,0N90E,29.59,251.24,138,2013,5,18
2013-05-19,0N90E,29.54,216.7,139,2013,5,19
2013-05-20,0N90E,29.62,179.25,140,2013,5,20
2013-05-21,0N90E,30.06,269.14,141,2013,5,21
2013-05-22,0N90E,29.86,225.86,142,2013,5,22
2013-05-23,0N90E,29.51,157.19,143,2013,5,23
2013-05-24,0N90E,29.59,244.58,144,2013,5,24
2013-05-25,0N90E,29.64,234.6,145,2013,5,25
2013-05-26,0N90E,29.74,218.37,146,2013,5,26
2013-05-27,0N90E,29.93,255.82,147,2013,5,27
2013-05-28,0N90E,30.13,268.72,148,2013,5,28
2013-05-29,0N90E,30.13,265.39,149,2013,5,29
2013-05-30,0N90E,30.16,267.06,150,2013,5,30
2013-05-31,0N90E,30.12,247.91,151,2013,5,31
2013-06-01,0N90E,30.19,256.65,152,2013,6,1
2013-06-02,0N90E,29.92,245.0,153,2013,6,2
2013-06-03,0N90E,29.73,220.03,154,2013,6,3
2013-06-04,0N90E,29.65,158.03,155,2013,6,4
2013-06-05,0N90E,29.7,212.54,156,2013,6,5
2013-06-06,0N90E,29.88,245.42,157,2013,6,6
2013-06-07,0N90E,30.09,263.73,158,2013,6,7
2013-06-08,0N90E,29.9,222.11,159,2013,6,8
2013-06-09,0N90E,29.69,60.65,160,2013,6,9
2013-06-10,0N90E,29.58,125.15,161,2013,6,10
2013-06-11,0N90E,29.51,88.11,162,2013,6,11
2013-06-12,0N90E,29.4,234.6,163,2013,6,12
2013-06-13,0N90E,29.38,240.84,164,2013,6,13
2013-06-14,0N90E,29.4,269.55,165,2013,6,14
2013-06-15,0N90E,29.44,177.17,166,2013,6,15
2013-06-16,0N90E,29.42,156.78,167,2013,6,16
2013-06-17,0N90E,29.48,253.74,168,2013,6,17
2013-06-18,0N90E,29.42,243.34,169,2013,6,18
2013-06-19,0N90E,29.45,187.99,170,2013,6,19
2013-06-20,0N90E,29.49,261.65,171,2013,6,20
2013-06-21,0N90E,29.5,252.49,172,2013,6,21
2013-06-22,0N90E,29.56,250.83,173,2013,6,22
2013-06-23,0N90E,29.61,262.06,174,2013,6,23
2013-06-24,0N90E,29.62,213.79,175,2013,6,24
2013-06-25,0N90E,29.69,191.73,176,2013,6,25
2013-06-26,0N90E,29.54,149.29,177,2013,6,26
2013-06-27,0N90E,29.56,247.08,178,2013,6,27
2013-06-28,0N90E,30.08,249.99,179,2013,6,28
2013-06-29,0N90E,30.04,254.99,180,2013,6,29
2013-06-30,0N90E,29.83,221.28,181,2013,6,30
2013-07-01,0N90E,29.75,216.29,182,2013,7,1
2013-07-02,0N90E,29.49,70.64,183,2013,7,2
2013-07-03,0N90E,29.38,121.82,184,2013,7,3
2013-07-04,0N90E,29.35,177.59,185,2013,7,4
2013-07-05,0N90E,29.36,239.59,186,2013,7,5
2013-07-06,0N90E,29.29,211.71,187,2013,7,6
2013-07-07,0N90E,29.29,270.38,188,2013,7,7
2013-07-08,0N90E,29.35,170.09,189,2013,7,8
2013-07-09,0N90E,29.35,212.96,190,2013,7,9
2013-07-10,0N90E,29.5,234.18,191,2013,7,10
2013-07-11,0N90E,29.33,248.75,192,2013,7,11
2013-07-12,0N90E,29.27,202.55,193,2013,7,12
2013-07-13,0N90E,29.25,130.56,194,2013,7,13
2013-07-14,0N90E,29.23,100.18,195,2013,7,14
2013-07-15,0N90E,29.28,213.37,196,2013,7,15
2013-07-16,0N90E,29.28,195.06,197,2013,7,16
2013-07-17,0N90E,29.34,243.75,198,2013,7,17
2013-07-18,0N90E,29.43,264.14,199,2013,7,18
2013-07-19,0N90E,29.36,276.63,200,2013,7,19
2013-07-20,0N90E,29.4,235.85,201,2013,7,20
2013-07-21,0N90E,29.55,268.72,202,2013,7,21
2013-07-22,0N90E,29.51,272.47,203,2013,7,22
2013-07-23,0N90E,29.45,252.49,204,2013,7,23
2013-07-24,0N90E,29.49,225.44,205,2013,7,24
2013-07-25,0N90E,29.71,259.57,206,2013,7,25
2013-07-26,0N90E,29.86,266.64,207,2013,7,26
2013-07-27,0N90E,29.64,177.17,208,2013,7,27
2013-07-28,0N90E,29.66,259.15,209,2013,7,28
2013-07-29,0N90E,29.61,232.52,210,2013,7,29
2013-07-30,0N90E,29.47,214.21,211,2013,7,30
2013-07-31,0N90E,29.45,225.86,212,2013,7,31
2013-08-01,0N90E,29.62,210.04,213,2013,8,1
2013-08-02,0N90E,29.5,149.7,214,2013,8,2
2013-08-03,0N90E,29.41,78.54,215,2013,8,3
2013-08-04,0N90E,29.37,114.33,216,2013,8,4
2013-08-05,0N90E,29.29,89.78,217,2013,8,5
2013-08-06,0N90E,29.22,160.52,218,2013,8,6
2013-08-07,0N90E,29.14,113.08,219,2013,8,7
2013-08-08,0N90E,29.14,219.62,220,2013,8,8
2013-08-09,0N90E,29.13,199.64,221,2013,8,9
2013-08-10,0N90E,29.06,217.95,222,2013,8,10
2013-08-11,0N90E,29.02,237.93,223,2013,8,11
2013-08-12,0N90E,29.09,277.04,224,2013,8,12
2013-08-13,0N90E,29.07,246.25,225,2013,8,13
2013-08-14,0N90E,28.96,198.39,226,2013,8,14
2013-08-15,0N90E,28.79,258.73,227,2013,8,15
2013-08-16,0N90E,28.76,282.45,228,2013,8,16
2013-08-17,0N90E,28.45,156.78,229,2013,8,17
2013-08-18,0N90E,28.48,127.65,230,2013,8,18
2013-08-19,0N90E,28.62,184.66,231,2013,8,19
2013-08-20,0N90E,28.42,102.68,232,2013,8,20
2013-08-21,0N90E,28.59,272.88,233,2013,8,21
2013-08-22,0N90E,29.03,282.45,234,2013,8,22
2013-08-23,0N90E,29.01,226.27,235,2013,8,23
2013-08-24,0N90E,29.07,287.45,236,2013,8,24
2013-08-25,0N90E,29.45,275.38,237,2013,8,25
2013-08-26,0N90E,29.17,219.2,238,2013,8,26
2013-08-27,0N90E,28.83,99.77,239,2013,8,27
2013-08-28,0N90E,28.85,107.26,240,2013,8,28
2013-08-29,0N90E,29.13,203.39,241,2013,8,29
2013-08-30,0N90E,29.18,258.32,242,2013,8,30
2013-08-31,0N90E,29.28,210.04,243,2013,8,31
2013-09-01,0N90E,29.27,221.7,244,2013,9,1
2013-09-02,0N90E,28.95,120.57,245,2013,9,2
2013-09-03,0N90E,28.75,94.77,246,2013,9,3
2013-09-04,0N90E,29.05,194.65,247,2013,9,4
2013-09-05,0N90E,29.14,123.9,248,2013,9,5
2013-09-06,0N90E,29.27,228.35,249,2013,9,6
2013-09-07,0N90E,29.22,261.65,250,2013,9,7
2013-09-08,0N90E,29.18,242.09,251,2013,9,8
2013-09-09,0N90E,29.16,270.38,252,2013,9,9
2013-09-10,0N90E,29.11,161.36,253,2013,9,10
2013-09-11,0N90E,29.21,214.21,254,2013,9,11
2013-09-12,0N90E,29.08,106.84,255,2013,9,12
2013-09-13,0N90E,29.02,105.59,256,2013,9,13
2013-09-14,0N90E,29.3,237.09,257,2013,9,14
2013-09-15,0N90E,29.47,300.76,258,2013,9,15
2013-09-16,0N90E,29.14,274.55,259,2013,9,16
2013-09-17,0N90E,29.13,214.62,260,2013,9,17
2013-09-18,0N90E,29.42,218.37,261,2013,9,18
2013-09-19,0N90E,29.14,256.65,262,2013,9,19
2013-09-20,0N90E,28.96,224.61,263,2013,9,20
2013-09-21,0N90E,29.02,210.88,264,2013,9,21
2013-09-22,0N90E,29.18,253.74,265,2013,9,22
2013-09-23,0N90E,29.29,268.3,266,2013,9,23
2013-09-24,0N90E,29.09,247.91,267,2013,9,24
2013-09-25,0N90E,29.17,257.48,268,2013,9,25
2013-09-26,0N90E,29.64,271.63,269,2013,9,26
2013-09-27,0N90E,29.33,243.34,270,2013,9,27
2013-09-28,0N90E,29.23,279.54,271,2013,9,28
2013-09-29,0N90E,29.18,280.79,272,2013,9,29
2013-09-30,0N90E,29.25,277.88,273,2013,9,30
2013-10-01,0N90E,29.18,287.03,274,2013,10,1
2013-10-02,0N90E,28.85,213.79,275,2013,10,2
2013-10-03,0N90E,29.2,275.79,276,2013,10,3
2013-10-04,0N90E,29.66,229.6,277,2013,10,4
2013-10-05,0N90E,30.04,297.02,278,2013,10,5
2013-10-06,0N90E,29.81,308.67,279,2013,10,6
2013-10-07,0N90E,29.69,227.52,280,2013,10,7
2013-10-08,0N90E,29.65,130.56,281,2013,10,8
2013-10-09,0N90E,29.6,139.72,282,2013,10,9
2013-10-10,0N90E,29.55,210.88,283,2013,10,10
2013-10-11,0N90E,29.5,180.08,284,2013,10,11
2013-10-12,0N90E,29.47,178.42,285,2013,10,12
2013-10-13,0N90E,29.4,249.16,286,2013,10,13
2013-10-14,0N90E,29.72,292.86,287,2013,10,14
2013-10-15,0N90E,29.7,289.94,288,2013,10,15
2013-10-16,0N90E,29.45,219.62,289,2013,10,16
2013-10-17,0N90E,28.9,41.51,290,2013,10,17
2013-10-18,0N90E,28.74,190.07,291,2013,10,18
2013-10-19,0N90E,28.69,113.08,292,2013,10,19
2013-10-20,0N90E,29.09,268.72,293,2013,10,20
2013-10-21,0N90E,29.19,262.06,294,2013,10,21
2013-10-22,0N90E,29.52,285.78,295,2013,10,22
2013-10-23,0N90E,29.36,264.97,296,2013,10,23
2013-10-24,0N90E,29.45,225.44,297,2013,10,24
2013-10-25,0N90E,29.63,299.93,298,2013,10,25
2013-10-26,0N90E,29.55,174.67,299,2013,10,26
2013-10-27,0N90E,29.37,247.08,300,2013,10,27
2013-10-28,0N90E,29.64,287.86,301,2013,10,28
2013-10-29,0N90E,29.58,269.14,302,2013,10,29
2013-10-30,0N90E,29.55,215.87,303,2013,10,30
2013-10-31,0N90E,29.61,284.12,304,2013,10,31
2013-11-01,0N90E,29.34,137.64,305,2013,11,1
2013-11-02,0N90E,29.3,256.24,306,2013,11,2
2013-11-03,0N90E,29.25,237.93,307,2013,11,3
2013-11-04,0N90E,29.05,214.21,308,2013,11,4
2013-11-05,0N90E,28.92,165.93,309,2013,11,5
2013-11-06,0N90E,28.77,153.87,310,2013,11,6
2013-11-07,0N90E,28.84,259.98,311,2013,11,7
2013-11-08,0N90E,28.74,101.85,312,2013,11,8
2013-11-09,0N90E,28.77,178.83,313,2013,11,9
2013-11-10,0N90E,28.94,230.44,314,2013,11,10
2013-11-11,0N90E,29.15,259.98,315,2013,11,11
2013-11-12,0N90E,28.99,251.24,316,2013,11,12
2013-11-13,0N90E,28.91,238.34,317,2013,11,13
2013-11-14,0N90E,28.75,210.04,318,2013,11,14
2013-11-15,0N90E,28.75,235.01,319,2013,11,15
2013-11-16,0N90E,28.8,201.31,320,2013,11,16
2013-11-17,0N90E,28.87,226.27,321,2013,11,17
2013-11-18,0N90E,28.92,222.53,322,2013,11,18
2013-11-19,0N90E,29.09,185.49,323,2013,11,19
2013-11-20,0N90E,29.42,255.4,324,2013,11,20
2013-11-21,0N90E,29.86,260.81,325,2013,11,21
2013-11-22,0N90E,29.97,243.75,326,2013,11,22
2013-11-23,0N90E,29.8,238.76,327,2013,11,23
2013-11-24,0N90E,29.8,223.36,328,2013,11,24
2013-11-25,0N90E,29.71,185.49,329,2013,11,25
2013-11-26,0N90E,29.35,191.32,330,2013,11,26
2013-11-27,0N90E,29.38,225.44,331,2013,11,27
2013-11-28,0N90E,29.21,96.85,332,2013,11,28
2013-11-29,0N90E,29.15,199.22,333,2013,11,29
2013-11-30,0N90E,29.02,36.1,334,2013,11,30
2013-12-01,0N90E,29.0,191.73,335,2013,12,1
2013-12-02,0N90E,28.92,116.41,336,2013,12,2
2013-12-03,0N90E,28.93,170.51,337,2013,12,3
2013-12-04,0N90E,29.1,247.08,338,2013,12,4
2013-12-05,0N90E,29.29,273.3,339,2013,12,5
2013-12-06,0N90E,28.96,247.08,340,2013,12,6
2013-12-07,0N90E,29.1,252.91,341,2013,12,7
2013-12-08,0N90E,28.95,246.25,342,2013,12,8
2013-12-09,0N90E,28.76,45.25,343,2013,12,9
2013-12-10,0N90E,28.9,186.32,344,2013,12,10
2013-12-11,0N90E,28.71,149.29,345,2013,12,11
2013-12-12,0N90E,29.0,176.75,346,2013,12,12
2013-12-13,0N90E,29.3,237.51,347,2013,12,13
2013-12-14,0N90E,29.33,236.26,348,2013,12,14
2013-12-15,0N90E,29.18,231.68,349,2013,12,15
2013-12-16,0N90E,28.89,237.51,350,2013,12,16
2013-12-17,0N90E,28.53,178.42,351,2013,12,17
2013-12-18,0N90E,28.27,229.6,352,2013,12,18
2013-12-19,0N90E,28.34,234.6,353,2013,12,19
2013-12-20,0N90E,28.44,234.18,354,2013,12,20
2013-12-21,0N90E,28.81,244.58,355,2013,12,21
2013-12-22,0N90E,28.79,235.01,356,2013,12,22
2013-12-23,0N90E,28.81,246.66,357,2013,12,23
2013-12-24,0N90E,29.01,224.61,358,2013,12,24
2013-12-25,0N90E,29.32,233.76,359,2013,12,25
2013-12-26,0N90E,28.81,161.36,360,2013,12,26
2013-12-27,0N90E,28.73,127.23,361,2013,12,27
2013-12-28,0N90E,28.6,148.87,362,2013,12,28
2013-12-29,0N90E,28.58,82.29,363,2013,12,29
2013-12-30,0N90E,28.81,245.83,364,2013,12,30
2013-12-31,0N90E,28.67,162.6,365,2013,12,31
2014-01-01,0N90E,28.64,190.07,1,2014,1,1
2014-01-02,0N90E,28.63,208.8,2,2014,1,2
2014-01-03,0N90E,28.69,133.06,3,2014,1,3
2014-01-04,0N90E,28.74,191.32,4,2014,1,4
2014-01-05,0N90E,28.69,216.7,5,2014,1,5
2014-01-06,0N90E,28.6,87.28,6,2014,1,6
2014-01-07,0N90E,28.55,80.21,7,2014,1,7
2014-01-08,0N90E,28.8,261.65,8,2014,1,8
2014-01-09,0N90E,28.82,229.19,9,2014,1,9
2014-01-10,0N90E,29.3,268.72,10,2014,1,10
2014-01-11,0N90E,29.01,239.59,11,2014,1,11
2014-01-12,0N90E,29.08,228.77,12,2014,1,12
2014-01-13,0N90E,28.85,135.14,13,2014,1,13
2014-01-14,0N90E,28.88,266.22,14,2014,1,14
2014-01-15,0N90E,28.96,263.73,15,2014,1,15
2014-01-16,0N90E,28.92,230.85,16,2014,1,16
2014-01-17,0N90E,28.85,283.7,17,2014,1,17
2014-01-18,0N90E,28.91,259.15,18,2014,1,18
2014-01-19,0N90E,29.04,221.28,19,2014,1,19
2014-01-20,0N90E,29.16,275.79,20,2014,1,20
2014-01-21,0N90E,29.16,246.66,21,2014,1,21
2014-01-22,0N90E,29.14,190.9,22,2014,1,22
2014-01-23,0N90E,29.09,255.82,23,2014,1,23
2014-01-24,0N90E,29.04,146.37,24,2014,1,24
2014-01-25,0N90E,29.11,218.78,25,2014,1,25
2014-01-26,0N90E,29.45,244.58,26,2014,1,26
2014-01-27,0N90E,29.365,260.81,27,2014,1,27
2014-01-28,0N90E,29.28,260.81,28,2014,1,28
2014-01-29,0N90E,29.195,182.58,29,2014,1,29
2014-01-30,0N90E,29.11,220.45,30,2014,1,30
2014-01-31,0N90E,29.113101952277656,220.5397619047619,31,2014,1,31
2014-02-01,0N90E,29.116203904555313,220.6295238095238,32,2014,2,1
2014-02-02,0N90E,29.11930585683297,220.7192857142857,33,2014,2,2
2014-02-03,0N90E,29.061604666136866,213.59043940642775,34,2014,2,3
2014-02-04,0N90E,29.0645554662838,213.54581151177229,35,2014,2,4
2014-02-05,0N90E,29.067506266430733,213.50118361711685,36,2014,2,5
2014-02-06,0N90E,29.070457066577667,213.4565557224614,37,2014,2,6
2014-02-07,0N90E,29.0734078667246,213.41192782780593,38,2014,2,7
2014-02-08,0N90E,29.07635866687154,213.36729993315046,39,2014,2,8
2014-02-09,0N90E,29.079309467018472,213.32267203849503,40,2014,2,9
2014-02-10,0N90E,29.082260267165406,213.27804414383957,41,2014,2,10
2014-02-11,0N90E,29.08521106731234,213.2334162491841,42,2014,2,11
2014-02-12,0N90E,29.088161867459274,213.18878835452864,43,2014,2,12
2014-02-13,0N90E,29.091112667606208,213.14416045987318,44,2014,2,13
2014-02-14,0N90E,29.09406346775314,213.09953256521774,45,2014,2,14
2014-02-15,0N90E,29.097014267900075,213.05490467056228,46,2014,2,15
2014-02-16,0N90E,29.09996506804701,213.01027677590682,47,2014,2,16
2014-02-17,0N90E,29.102915868193943,212.96564888125135,48,2014,2,17
2014-02-18,0N90E,29.105866668340877,212.92102098659592,49,2014,2,18
2014-02-19,0N90E,29.108817468487814,212.87639309194046,50,2014,2,19
2014-02-20,0N90E,29.111768268634748,212.831765197285,51,2014,2,20
2014-02-21,0N90E,29.11471906878168,212.78713730262953,52,2014,2,21
2014-02-22,0N90E,29.117669868928616,212.74250940797407,53,2014,2,22
2014-02-23,0N90E,29.12062066907555,212.69788151331863,54,2014,2,23
2014-02-24,0N90E,29.123571469222483,212.65325361866317,55,2014,2,24
2014-02-25,0N90E,29.126522269369417,212.6086257240077,56,2014,2,25
2014-02-26,0N90E,29.12947306951635,212.56399782935225,57,2014,2,26
2014-02-27,0N90E,29.132423869663285,212.5193699346968,58,2014,2,27
2014-02-28,0N90E,29.13537466981022,212.47474204004135,59,2014,2,28
2014-03-01,0N90E,29.138325469957152,212.4301141453859,60,2014,3,1
2014-03-02,0N90E,29.14127627010409,212.38548625073042,61,2014,3,2
2014-03-03,0N90E,29.144227070251024,212.340858356075,62,2014,3,3
2014-03-04,0N90E,29.147177870397957,212.29623046141953,63,2014,3,4
2014-03-05,0N90E,29.15012867054489,212.25160256676406,64,2014,3,5
2014-03-06,0N90E,29.153079470691825,212.2069746721086,65,2014,3,6
2014-03-07,0N90E,29.15603027083876,212.16234677745314,66,2014,3,7
2014-03-08,0N90E,29.158981070985693,212.1177188827977,67,2014,3,8
2014-03-09,0N90E,29.161931871132627,212.07309098814224,68,2014,3,9
2014-03-10,0N90E,29.16488267127956,212.02846309348678,69,2014,3,10
2014-03-11,0N90E,29.167833471426494,211.98383519883131,70,2014,3,11
2014-03-12,0N90E,29.170784271573428,211.93920730417588,71,2014,3,12
2014-03-13,0N90E,29.173735071720365,211.89457940952042,72,2014,3,13
2014-03-14,0N90E,29.1766858718673,211.84995151486496,73,2014,3,14
2014-03-15,0N90E,29.179636672014233,211.8053236202095,74,2014,3,15
2014-03-16,0N90E,29.182587472161167,211.76069572555403,75,2014,3,16
2014-03-17,0N90E,29.1855382723081,211.7160678308986,76,2014,3,17
2014-03-18,0N90E,29.188489072455035,211.67143993624313,77,2014,3,18
2014-03-19,0N90E,29.19143987260197,211.62681204158767,78,2014,3,19
2014-03-20,0N90E,29.194390672748902,211.5821841469322,79,2014,3,20
2014-03-21,0N90E,29.197341472895836,211.53755625227677,80,2014,3,21
2014-03-22,0N90E,29.20029227304277,211.4929283576213,81,2014,3,22
2014-03-23,0N90E,29.203243073189704,211.44830046296585,82,2014,3,23
2014-03-24,0N90E,29.20619387333664,211.40367256831038,83,2014,3,24
2014-03-25,0N90E,29.209144673483575,211.35904467365492,84,2014,3,25
2014-03-26,0N90E,29.21209547363051,211.3144167789995,85,2014,3,26
2014-03-27,0N90E,29.215046273777443,211.26978888434402,86,2014,3,27
2014-03-28,0N90E,29.217997073924376,211.22516098968856,87,2014,3,28
2014-03-29,0N90E,29.22094787407131,211.1805330950331,88,2014,3,29
2014-03-30,0N90E,29.223898674218244,211.13590520037766,89,2014,3,30
2014-03-31,0N90E,29.226849474365178,211.0912773057222,90,2014,3,31
2014-04-01,0N90E,29.22980027451211,211.04664941106674,91,2014,4,1
2014-04-02,0N90E,29.232751074659046,211.00202151641128,92,2014,4,2
2014-04-03,0N90E,29.235701874805983,210.9573936217558,93,2014,4,3
2014-04-04,0N90E,29.238652674952917,210.91276572710038,94,2014,4,4
2014-04-05,0N90E,29.24160347509985,210.86813783244492,95,2014,4,5
2014-04-06,0N90E,29.244554275246784,210.82350993778945,96,2014,4,6
2014-04-07,0N90E,29.24750507539372,210.778882043134,97,2014,4,7
2014-04-08,0N90E,29.250455875540652,210.73425414847856,98,2014,4,8
2014-04-09,0N90E,29.253406675687586,210.6896262538231,99,2014,4,9
2014-04-10,0N90E,29.25635747583452,210.64499835916763,100,2014,4,10
2014-04-11,0N90E,29.259308275981454,210.60037046451217,101,2014,4,11
2014-04-12,0N90E,29.262259076128387,210.5557425698567,102,2014,4,12
2014-04-13,0N90E,29.26520987627532,210.51111467520127,103,2014,4,13
2014-04-14,0N90E,29.26816067642226,210.4664867805458,104,2014,4,14
2014-04-15,0N90E,29.271111476569192,210.42185888589034,105,2014,4,15
2014-04-16,0N90E,29.274062276716126,210.37723099123488,106,2014,4,16
2014-04-17,0N90E,29.27701307686306,210.33260309657945,107,2014,4,17
2014-04-18,0N90E,29.279963877009994,210.28797520192398,108,2014,4,18
2014-04-19,0N90E,29.282914677156928,210.24334730726852,109,2014,4,19
2014-04-20,0N90E,29.28586547730386,210.19871941261306,110,2014,4,20
2014-04-21,0N90E,29.288816277450795,210.15409151795762,111,2014,4,21
2014-04-22,0N90E,29.29176707759773,210.10946362330216,112,2014,4,22
2014-04-23,0N90E,29.294717877744663,210.0648357286467,113,2014,4,23
2014-04-24,0N90E,29.297668677891597,210.02020783399124,114,2014,4,24
2014-04-25,0N90E,29.300619478038534,209.97557993933577,115,2014,4,25
2014-04-26,0N90E,29.303570278185468,209.93095204468034,116,2014,4,26
2014-04-27,0N90E,29.306521078332402,209.88632415002488,117,2014,4,27
2014-04-28,0N90E,29.309471878479336,209.8416962553694,118,2014,4,28
2014-04-29,0N90E,29.31242267862627,209.79706836071395,119,2014,4,29
2014-04-30,0N90E,29.315373478773203,209.75244046605852,120,2014,4,30
2014-05-01,0N90E,29.318324278920137,209.70781257140305,121,2014,5,1
2014-05-02,0N90E,29.32127507906707,209.6631846767476,122,2014,5,2
2014-05-03,0N90E,29.324225879214005,209.61855678209213,123,2014,5,3
2014-05-04,0N90E,29.32717667936094,209.57392888743667,124,2014,5,4
2014-05-05,0N90E,29.330127479507873,209.52930099278123,125,2014,5,5
2014-05-06,0N90E,29.33307827965481,209.48467309812577,126,2014,5,6
2014-05-07,0N90E,29.336029079801744,209.4400452034703,127,2014,5,7
2014-05-08,0N90E,29.338979879948678,209.39541730881484,128,2014,5,8
2014-05-09,0N90E,29.34193068009561,209.3507894141594,129,2014,5,9
2014-05-10,0N90E,29.344881480242545,209.30616151950395,130,2014,5,10
2014-05-11,0N90E,29.34783228038948,209.26153362484848,131,2014,5,11
2014-05-12,0N90E,29.350783080536413,209.21690573019302,132,2014,5,12
2014-05-13,0N90E,29.353733880683347,209.17227783553756,133,2014,5,13
2014-05-14,0N90E,29.35668468083028,209.12764994088212,134,2014,5,14
2014-05-15,0N90E,29.359635480977214,209.08302204622666,135,2014,5,15
2014-05-16,0N90E,29.36258628112415,209.0383941515712,136,2014,5,16
2014-05-17,0N90E,29.365537081271086,208.99376625691573,137,2014,5,17
2014-05-18,0N90E,29.36848788141802,208.9491383622603,138,2014,5,18
2014-05-19,0N90E,29.371438681564953,208.90451046760484,139,2014,5,19
2014-05-20,0N90E,29.374389481711887,208.85988257294937,140,2014,5,20
2014-05-21,0N90E,29.37734028185882,208.8152546782939,141,2014,5,21
2014-05-22,0N90E,29.380291082005755,208.77062678363845,142,2014,5,22
2014-05-23,0N90E,29.38324188215269,208.725998888983,143,2014,5,23
2014-05-24,0N90E,29.386192682299622,208.68137099432755,144,2014,5,24
2014-05-25,0N90E,29.389143482446556,208.6367430996721,145,2014,5,25
2014-05-26,0N90E,29.39209428259349,208.59211520501663,146,2014,5,26
2014-05-27,0N90E,29.395045082740424,208.5474873103612,147,2014,5,27
2014-05-28,0N90E,29.39799588288736,208.50285941570573,148,2014,5,28
2014-05-29,0N90E,29.400946683034295,208.45823152105027,149,2014,5,29
2014-05-30,0N90E,29.40389748318123,208.4136036263948,150,2014,5,30
2014-05-31,0N90E,29.406848283328163,208.36897573173934,151,2014,5,31
2014-06-01,0N90E,29.409799083475097,208.3243478370839,152,2014,6,1
2014-06-02,0N90E,29.41274988362203,208.27971994242844,153,2014,6,2
2014-06-03,0N90E,29.415700683768964,208.23509204777298,154,2014,6,3
2014-06-04,0N90E,29.418651483915898,208.19046415311752,155,2014,6,4
2014-06-05,0N90E,29.421602284062832,208.14583625846208,156,2014,6,5
2014-06-06,0N90E,29.424553084209766,208.10120836380662,157,2014,6,6
2014-06-07,0N90E,29.4275038843567,208.05658046915116,158,2014,6,7
2014-06-08,0N90E,29.430454684503637,208.0119525744957,159,2014,6,8
2014-06-09,0N90E,29.43340548465057,207.96732467984026,160,2014,6,9
2014-06-10,0N90E,29.436356284797505,207.9226967851848,161,2014,6,10
2014-06-11,0N90E,29.43930708494444,207.87806889052933,162,2014,6,11
2014-06-12,0N90E,29.442257885091372,207.83344099587387,163,2014,6,12
2014-06-13,0N90E,29.445208685238306,207.7888131012184,164,2014,6,13
2014-06-14,0N90E,29.44815948538524,207.74418520656297,165,2014,6,14
2014-06-15,0N90E,29.451110285532174,207.6995573119075,166,2014,6,15
2014-06-16,0N90E,29.454061085679108,207.65492941725205,167,2014,6,16
2014-06-17,0N90E,29.45701188582604,207.6103015225966,168,2014,6,17
2014-06-18,0N90E,29.459962685972975,207.56567362794112,169,2014,6,18
2014-06-19,0N90E,29.462913486119913,207.5210457332857,170,2014,6,19
2014-06-20,0N90E,29.465864286266847,207.47641783863023,171,2014,6,20
2014-06-21,0N90E,29.46881508641378,207.43178994397476,172,2014,6,21
2014-06-22,0N90E,29.471765886560714,207.3871620493193,173,2014,6,22
2014-06-23,0N90E,29.474716686707648,207.34253415466387,174,2014,6,23
2014-06-24,0N90E,29.477667486854582,207.2979062600084,175,2014,6,24
2014-06-25,0N90E,29.480618287001516,207.25327836535294,176,2014,6,25
2014-06-26,0N90E,29.48356908714845,207.20865047069748,177,2014,6,26
2014-06-27,0N90E,29.486519887295383,207.16402257604204,178,2014,6,27
2014-06-28,0N90E,29.489470687442317,207.11939468138658,179,2014,6,28
2014-06-29,0N90E,29.49242148758925,207.07476678673112,180,2014,6,29
2014-06-30,0N90E,29.49537228773619,207.03013889207566,181,2014,6,30
2014-07-01,0N90E,29.498323087883122,206.9855109974202,182,2014,7,1
2014-07-02,0N90E,29.501273888030056,206.94088310276476,183,2014,7,2
2014-07-03,0N90E,29.50422468817699,206.8962552081093,184,2014,7,3
2014-07-04,0N90E,29.507175488323924,206.85162731345383,185,2014,7,4
2014-07-05,0N90E,29.510126288470858,206.80699941879837,186,2014,7,5
2014-07-06,0N90E,29.51307708861779,206.76237152414294,187,2014,7,6
2014-07-07,0N90E,29.516027888764725,206.71774362948747,188,2014,7,7
2014-07-08,0N90E,29.51897868891166,206.673115734832,189,2014,7,8
2014-07-09,0N90E,29.521929489058593,206.62848784017655,190,2014,7,9
2014-07-10,0N90E,29.524880289205527,206.58385994552108,191,2014,7,10
2014-07-11,0N90E,29.527831089352464,206.53923205086565,192,2014,7,11
2014-07-12,0N90E,29.530781889499398,206.4946041562102,193,2014,7,12
2014-07-13,0N90E,29.53373268964633,206.44997626155472,194,2014,7,13
2014-07-14,0N90E,29.536683489793266,206.40534836689926,195,2014,7,14
2014-07-15,0N90E,29.5396342899402,206.36072047224383,196,2014,7,15
2014-07-16,0N90E,29.542585090087133,206.31609257758836,197,2014,7,16
2014-07-17,0N90E,29.545535890234067,206.2714646829329,198,2014,7,17
2014-07-18,0N90E,29.548486690381,206.22683678827744,199,2014,7,18
2014-07-19,0N90E,29.551437490527935,206.18220889362198,200,2014,7,19
2014-07-20,0N90E,29.55438829067487,206.13758099896654,201,2014,7,20
2014-07-21,0N90E,29.557339090821806,206.09295310431108,202,2014,7,21
2014-07-22,0N90E,29.56028989096874,206.04832520965562,203,2014,7,22
2014-07-23,0N90E,29.563240691115674,206.00369731500015,204,2014,7,23
2014-07-24,0N90E,29.566191491262607,205.95906942034472,205,2014,7,24
2014-07-25,0N90E,29.56914229140954,205.91444152568926,206,2014,7,25
2014-07-26,0N90E,29.572093091556475,205.8698136310338,207,2014,7,26
2014-07-27,0N90E,29.57504389170341,205.82518573637833,208,2014,7,27
2014-07-28,0N90E,29.577994691850343,205.7805578417229,209,2014,7,28
2014-07-29,0N90E,29.580945491997277,205.73592994706743,210,2014,7,29
2014-07-30,0N90E,29.58389629214421,205.69130205241197,211,2014,7,30
2014-07-31,0N90E,29.586847092291144,205.6466741577565,212,2014,7,31
2014-08-01,0N90E,29.589797892438078,205.60204626310104,213,2014,8,1
2014-08-02,0N90E,29.592748692585015,205.5574183684456,214,2014,8,2
2014-08-03,0N90E,29.59569949273195,205.51279047379015,215,2014,8,3
2014-08-04,0N90E,29.598650292878883,205.46816257913468,216,2014,8,4
2014-08-05,0N90E,29.601601093025817,205.42353468447922,217,2014,8,5
2014-08-06,0N90E,29.60455189317275,205.37890678982376,218,2014,8,6
2014-08-07,0N90E,29.607502693319685,205.33427889516832,219,2014,8,7
2014-08-08,0N90E,29.61045349346662,205.28965100051286,220,2014,8,8
2014-08-09,0N90E,29.613404293613552,205.2450231058574,221,2014,8,9
2014-08-10,0N90E,29.616355093760486,205.20039521120194,222,2014,8,10
2014-08-11,0N90E,29.61930589390742,205.1557673165465,223,2014,8,11
2014-08-12,0N90E,29.622256694054357,205.11113942189104,224,2014,8,12
2014-08-13,0N90E,29.62520749420129,205.06651152723558,225,2014,8,13
2014-08-14,0N90E,29.628158294348225,205.0218836325801,226,2014,8,14
2014-08-15,0N90E,29.63110909449516,204.97725573792468,227,2014,8,15
2014-08-16,0N90E,29.634059894642093,204.93262784326922,228,2014,8,16
2014-08-17,0N90E,29.637010694789026,204.88799994861375,229,2014,8,17
2014-08-18,0N90E,29.63996149493596,204.8433720539583,230,2014,8,18
2014-08-19,0N90E,29.642912295082894,204.79874415930283,231,2014,8,19
2014-08-20,0N90E,29.645863095229828,204.7541162646474,232,2014,8,20
2014-08-21,0N90E,29.64881389537676,204.70948836999193,233,2014,8,21
2014-08-22,0N90E,29.651764695523696,204.66486047533647,234,2014,8,22
2014-08-23,0N90E,29.654715495670633,204.620232580681,235,2014,8,23
2014-08-24,0N90E,29.657666295817567,204.57560468602557,236,2014,8,24
2014-08-25,0N90E,29.6606170959645,204.5309767913701,237,2014,8,25
2014-08-26,0N90E,29.663567896111434,204.48634889671465,238,2014,8,26
2014-08-27,0N90E,29.66651869625837,204.44172100205918,239,2014,8,27
2014-08-28,0N90E,29.669469496405302,204.39709310740372,240,2014,8,28
2014-08-29,0N90E,29.672420296552236,204.35246521274829,241,2014,8,29
2014-08-30,0N90E,29.67537109669917,204.30783731809282,242,2014,8,30
2014-08-31,0N90E,29.678321896846104,204.26320942343736,243,2014,8,31
2014-09-01,0N90E,29.681272696993037,204.2185815287819,244,2014,9,1
2014-09-02,0N90E,29.68422349713997,204.17395363412646,245,2014,9,2
2014-09-03,0N90E,29.68717429728691,204.129325739471,246,2014,9,3
2014-09-04,0N90E,29.690125097433842,204.08469784481554,247,2014,9,4
2014-09-05,0N90E,29.693075897580776,204.04006995016007,248,2014,9,5
2014-09-06,0N90E,29.69602669772771,203.9954420555046,249,2014,9,6
2014-09-07,0N90E,29.698977497874644,203.95081416084918,250,2014,9,7
2014-09-08,0N90E,29.701928298021578,203.9061862661937,251,2014,9,8
2014-09-09,0N90E,29.70487909816851,203.86155837153825,252,2014,9,9
2014-09-10,0N90E,29.707829898315445,203.8169304768828,253,2014,9,10
2014-09-11,0N90E,29.71078069846238,203.77230258222735,254,2014,9,11
2014-09-12,0N90E,29.713731498609313,203.7276746875719,255,2014,9,12
2014-09-13,0N90E,29.716682298756247,203.68304679291643,256,2014,9,13
2014-09-14,0N90E,29.719633098903184,203.63841889826097,257,2014,9,14
2014-09-15,0N90E,29.722583899050118,203.59379100360553,258,2014,9,15
2014-09-16,0N90E,29.725534699197052,203.54916310895007,259,2014,9,16
2014-09-17,0N90E,29.728485499343986,203.5045352142946,260,2014,9,17
2014-09-18,0N90E,29.73143629949092,203.45990731963914,261,2014,9,18
2014-09-19,0N90E,29.734387099637853,203.41527942498368,262,2014,9,19
2014-09-20,0N90E,29.737337899784787,203.37065153032825,263,2014,9,20
2014-09-21,0N90E,29.74028869993172,203.32602363567278,264,2014,9,21
2014-09-22,0N90E,29.743239500078655,203.28139574101732,265,2014,9,22
2014-09-23,0N90E,29.74619030022559,203.23676784636186,266,2014,9,23
2014-09-24,0N90E,29.749141100372523,203.1921399517064,267,2014,9,24
2014-09-25,0N90E,29.75209190051946,203.14751205705096,268,2014,9,25
2014-09-26,0N90E,29.755042700666394,203.1028841623955,269,2014,9,26
2014-09-27,0N90E,29.757993500813328,203.05825626774003,270,2014,9,27
2014-09-28,0N90E,29.76094430096026,203.01362837308457,271,2014,9,28
2014-09-29,0N90E,29.763895101107195,202.96900047842914,272,2014,9,29
2014-09-30,0N90E,29.76684590125413,202.92437258377367,273,2014,9,30
2014-10-01,0N90E,29.769796701401063,202.8797446891182,274,2014,10,1
2014-10-02,0N90E,29.772747501547997,202.83511679446275,275,2014,10,2
2014-10-03,0N90E,29.77569830169493,202.79048889980731,276,2014,10,3
2014-10-04,0N90E,29.778649101841864,202.74586100515185,277,2014,10,4
2014-10-05,0N90E,29.7815999019888,202.7012331104964,278,2014,10,5
2014-10-06,0N90E,29.784550702135736,202.65660521584093,279,2014,10,6
2014-10-07,0N90E,29.78750150228267,202.61197732118546,280,2014,10,7
2014-10-08,0N90E,29.790452302429603,202.56734942653003,281,2014,10,8
2014-10-09,0N90E,29.793403102576537,202.52272153187457,282,2014,10,9
2014-10-10,0N90E,29.79635390272347,202.4780936372191,283,2014,10,10
2014-10-11,0N90E,29.799304702870405,202.43346574256364,284,2014,10,11
2014-10-12,0N90E,29.80225550301734,202.3888378479082,285,2014,10,12
2014-10-13,0N90E,29.805206303164272,202.34420995325274,286,2014,10,13
2014-10-14,0N90E,29.808157103311206,202.29958205859728,287,2014,10,14
2014-10-15,0N90E,29.81110790345814,202.25495416394182,288,2014,10,15
2014-10-16,0N90E,29.814058703605074,202.21032626928636,289,2014,10,16
2014-10-17,0N90E,29.81700950375201,202.16569837463092,290,2014,10,17
2014-10-18,0N90E,29.819960303898945,202.12107047997546,291,2014,10,18
2014-10-19,0N90E,29.82291110404588,202.07644258532,292,2014,10,19
2014-10-20,0N90E,29.825861904192813,202.03181469066453,293,2014,10,20
2014-10-21,0N90E,29.828812704339747,201.9871867960091,294,2014,10,21
2014-10-22,0N90E,29.83176350448668,201.94255890135364,295,2014,10,22
2014-10-23,0N90E,29.834714304633614,201.89793100669817,296,2014,10,23
2014-10-24,0N90E,29.837665104780548,201.8533031120427,297,2014,10,24
2014-10-25,0N90E,29.840615904927482,201.80867521738725,298,2014,10,25
2014-10-26,0N90E,29.843566705074416,201.7640473227318,299,2014,10,26
2014-10-27,0N90E,29.84651750522135,201.71941942807635,300,2014,10,27
2014-10-28,0N90E,29.849468305368287,201.6747915334209,301,2014,10,28
2014-10-29,0N90E,29.85241910551522,201.63016363876542,302,2014,10,29
2014-10-30,0N90E,29.855369905662155,201.58553574411,303,2014,10,30
2014-10-31,0N90E,29.85832070580909,201.54090784945453,304,2014,10,31
2014-11-01,0N90E,29.861271505956022,201.49627995479906,305,2014,11,1
2014-11-02,0N90E,29.864222306102956,201.4516520601436,306,2014,11,2
2014-11-03,0N90E,29.86717310624989,201.40702416548817,307,2014,11,3
2014-11-04,0N90E,29.870123906396824,201.3623962708327,308,2014,11,4
2014-11-05,0N90E,29.873074706543758,201.31776837617724,309,2014,11,5
2014-11-06,0N90E,29.87602550669069,201.27314048152178,310,2014,11,6
2014-11-07,0N90E,29.87897630683763,201.22851258686632,311,2014,11,7
2014-11-08,0N90E,29.881927106984563,201.18388469221088,312,2014,11,8
2014-11-09,0N90E,29.884877907131496,201.13925679755542,313,2014,11,9
2014-11-10,0N90E,29.88782870727843,201.09462890289996,314,2014,11,10
2014-11-11,0N90E,29.890779507425364,201.0500010082445,315,2014,11,11
2014-11-12,0N90E,29.893730307572298,201.00537311358903,316,2014,11,12
2014-11-13,0N90E,29.896681107719232,200.9607452189336,317,2014,11,13
2014-11-14,0N90E,29.899631907866166,200.91611732427813,318,2014,11,14
2014-11-15,0N90E,29.9025827080131,200.87148942962267,319,2014,11,15
2014-11-16,0N90E,29.905533508160033,200.8268615349672,320,2014,11,16
2014-11-17,0N90E,29.908484308306967,200.78223364031177,321,2014,11,17
2014-11-18,0N90E,29.9114351084539,200.7376057456563,322,2014,11,18
2014-11-19,0N90E,29.91438590860084,200.69297785100085,323,2014,11,19
2014-11-20,0N90E,29.917336708747772,200.64834995634538,324,2014,11,20
2014-11-21,0N90E,29.920287508894706,200.60372206168995,325,2014,11,21
2014-11-22,0N90E,29.92323830904164,200.5590941670345,326,2014,11,22
2014-11-23,0N90E,29.926189109188574,200.51446627237902,327,2014,11,23
2014-11-24,0N90E,29.929139909335507,200.46983837772356,328,2014,11,24
2014-11-25,0N90E,29.93209070948244,200.4252104830681,329,2014,11,25
2014-11-26,0N90E,29.935041509629375,200.38058258841266,330,2014,11,26
2014-11-27,0N90E,29.93799230977631,200.3359546937572,331,2014,11,27
2014-11-28,0N90E,29.940943109923243,200.29132679910174,332,2014,11,28
2014-11-29,0N90E,29.94389391007018,200.24669890444628,333,2014,11,29
2014-11-30,0N90E,29.946844710217114,200.20207100979084,334,2014,11,30
2014-12-01,0N90E,29.949795510364048,200.15744311513538,335,2014,12,1
2014-12-02,0N90E,29.95274631051098,200.11281522047992,336,2014,12,2
2014-12-03,0N90E,29.955697110657916,200.06818732582445,337,2014,12,3
2014-12-04,0N90E,29.95864791080485,200.023559431169,338,2014,12,4
2014-12-05,0N90E,29.961598710951783,199.97893153651356,339,2014,12,5
2014-12-06,0N90E,29.964549511098717,199.9343036418581,340,2014,12,6
2014-12-07,0N90E,29.96750031124565,199.88967574720263,341,2014,12,7
2014-12-08,0N90E,29.970451111392585,199.84504785254717,342,2014,12,8
2014-12-09,0N90E,29.97340191153952,199.80041995789173,343,2014,12,9
2014-12-10,0N90E,29.976352711686452,199.75579206323627,344,2014,12,10
2014-12-11,0N90E,29.97930351183339,199.7111641685808,345,2014,12,11
2014-12-12,0N90E,29.982254311980324,199.66653627392535,346,2014,12,12
2014-12-13,0N90E,29.985205112127257,199.62190837926988,347,2014,12,13
2014-12-14,0N90E,29.98815591227419,199.57728048461445,348,2014,12,14
2014-12-15,0N90E,29.991106712421125,199.53265258995899,349,2014,12,15
2014-12-16,0N90E,29.99405751256806,199.48802469530352,350,2014,12,16
2014-12-17,0N90E,29.997008312714993,199.44339680064806,351,2014,12,17
2014-12-18,0N90E,29.999959112861927,199.39876890599263,352,2014,12,18
2014-12-19,0N90E,30.00290991300886,199.35414101133716,353,2014,12,19
2014-12-20,0N90E,30.005860713155794,199.3095131166817,354,2014,12,20
2014-12-21,0N90E,30.00881151330273,199.26488522202624,355,2014,12,21
2014-12-22,0N90E,30.011762313449665,199.2202573273708,356,2014,12,22
2014-12-23,0N90E,30.0147131135966,199.17562943271534,357,2014,12,23
2014-12-24,0N90E,30.017663913743533,199.13100153805988,358,2014,12,24
2014-12-25,0N90E,30.020614713890467,199.08637364340441,359,2014,12,25
2014-12-26,0N90E,30.0235655140374,199.04174574874895,360,2014,12,26
2014-12-27,0N90E,30.026516314184335,198.99711785409352,361,2014,12,27
2014-12-28,0N90E,30.02946711433127,198.95248995943805,362,2014,12,28
2014-12-29,0N90E,30.032417914478202,198.9078620647826,363,2014,12,29
2014-12-30,0N90E,30.035368714625136,198.86323417012713,364,2014,12,30
2014-12-31,0N90E,30.03831951477207,198.81860627547167,365,2014,12,31
2015-01-01,0N90E,30.041270314919007,198.77397838081623,1,2015,1,1
2015-01-02,0N90E,30.04422111506594,198.72935048616077,2,2015,1,2
2015-01-03,0N90E,30.047171915212875,198.6847225915053,3,2015,1,3
2015-01-04,0N90E,30.05012271535981,198.64009469684984,4,2015,1,4
2015-01-05,0N90E,30.053073515506743,198.5954668021944,5,2015,1,5
2015-01-06,0N90E,30.056024315653676,198.55083890753895,6,2015,1,6
2015-01-07,0N90E,30.05897511580061,198.50621101288348,7,2015,1,7
2015-01-08,0N90E,30.061925915947544,198.46158311822802,8,2015,1,8
2015-01-09,0N90E,30.064876716094478,198.4169552235726,9,2015,1,9
2015-01-10,0N90E,30.06782751624141,198.37232732891712,10,2015,1,10
2015-01-11,0N90E,30.070778316388346,198.32769943426166,11,2015,1,11
2015-01-12,0N90E,30.073729116535283,198.2830715396062,12,2015,1,12
2015-01-13,0N90E,30.076679916682217,198.23844364495073,13,2015,1,13
2015-01-14,0N90E,30.07963071682915,198.1938157502953,14,2015,1,14
2015-01-15,0N90E,30.082581516976084,198.14918785563984,15,2015,1,15
2015-01-16,0N90E,30.08553231712302,198.10455996098437,16,2015,1,16
2015-01-17,0N90E,30.088483117269952,198.0599320663289,17,2015,1,17
2015-01-18,0N90E,30.091433917416886,198.01530417167345,18,2015,1,18
2015-01-19,0N90E,30.09438471756382,197.97067627701801,19,2015,1,19
2015-01-20,0N90E,30.097335517710754,197.92604838236255,20,2015,1,20
2015-01-21,0N90E,30.100286317857687,197.8814204877071,21,2015,1,21
2015-01-22,0N90E,30.10323711800462,197.83679259305163,22,2015,1,22
2015-01-23,0N90E,30.10618791815156,197.7921646983962,23,2015,1,23
2015-01-24,0N90E,30.109138718298492,197.74753680374073,24,2015,1,24
2015-01-25,0N90E,30.112089518445426,197.70290890908527,25,2015,1,25
2015-01-26,0N90E,30.11504031859236,197.6582810144298,26,2015,1,26
2015-01-27,0N90E,30.117991118739294,197.61365311977437,27,2015,1,27
2015-01-28,0N90E,30.120941918886228,197.5690252251189,28,2015,1,28
2015-01-29,0N90E,30.12389271903316,197.52439733046344,29,2015,1,29
2015-01-30,0N90E,30.126843519180095,197.47976943580798,30,2015,1,30
2015-01-31,0N90E,30.12979431932703,197.43514154115252,31,2015,1,31
2015-02-01,0N90E,30.132745119473963,197.39051364649708,32,2015,2,1
2015-02-02,0N90E,30.135695919620897,197.34588575184162,33,2015,2,2
2015-02-03,0N90E,30.138646719767834,197.30125785718616,34,2015,2,3
2015-02-04,0N90E,30.141597519914768,197.2566299625307,35,2015,2,4
2015-02-05,0N90E,30.144548320061702,197.21200206787526,36,2015,2,5
2015-02-06,0N90E,30.147499120208636,197.1673741732198,37,2015,2,6
2015-02-07,0N90E,30.15044992035557,197.12274627856434,38,2015,2,7
2015-02-08,0N90E,30.153400720502503,197.07811838390887,39,2015,2,8
2015-02-09,0N90E,30.156351520649437,197.03349048925344,40,2015,2,9
2015-02-10,0N90E,30.15930232079637,196.98886259459798,41,2015,2,10
2015-02-11,0N90E,30.162253120943305,196.9442346999425,42,2015,2,11
2015-02-12,0N90E,30.16520392109024,196.89960680528705,43,2015,2,12
2015-02-13,0N90E,30.168154721237173,196.8549789106316,44,2015,2,13
2015-02-14,0N90E,30.17110552138411,196.81035101597615,45,2015,2,14
2015-02-15,0N90E,30.174056321531044,196.7657231213207,46,2015,2,15
2015-02-16,0N90E,30.177007121677978,196.72109522666523,47,2015,2,16
2015-02-17,0N90E,30.17995792182491,196.67646733200976,48,2015,2,17
2015-02-18,0N90E,30.182908721971845,196.6318394373543,49,2015,2,18
2015-02-19,0N90E,30.18585952211878,196.58721154269887,50,2015,2,19
2015-02-20,0N90E,30.188810322265713,196.5425836480434,51,2015,2,20
2015-02-21,0N90E,30.191761122412647,196.49795575338794,52,2015,2,21
2015-02-22,0N90E,30.19471192255958,196.45332785873248,53,2015,2,22
2015-02-23,0N90E,30.197662722706514,196.40869996407704,54,2015,2,23
2015-02-24,0N90E,30.200613522853452,196.36407206942158,55,2015,2,24
2015-02-25,0N90E,30.203564323000386,196.31944417476612,56,2015,2,25
2015-02-26,0N90E,30.20651512314732,196.27481628011066,57,2015,2,26
2015-02-27,0N90E,30.209465923294253,196.23018838545522,58,2015,2,27
2015-02-28,0N90E,30.212416723441187,196.18556049079976,59,2015,2,28
2015-03-01,0N90E,30.21536752358812,196.1409325961443,60,2015,3,1
2015-03-02,0N90E,30.218318323735055,196.09630470148883,61,2015,3,2
2015-03-03,0N90E,30.22126912388199,196.05167680683337,62,2015,3,3
2015-03-04,0N90E,30.224219924028922,196.00704891217794,63,2015,3,4
2015-03-05,0N90E,30.227170724175856,195.96242101752247,64,2015,3,5
2015-03-06,0N90E,30.23012152432279,195.917793122867,65,2015,3,6
2015-03-07,0N90E,30.233072324469724,195.87316522821155,66,2015,3,7
2015-03-08,0N90E,30.23602312461666,195.82853733355608,67,2015,3,8
2015-03-09,0N90E,30.238973924763595,195.78390943890065,68,2015,3,9
2015-03-10,0N90E,30.24192472491053,195.7392815442452,69,2015,3,10
2015-03-11,0N90E,30.244875525057463,195.69465364958972,70,2015,3,11
2015-03-12,0N90E,30.247826325204397,195.65002575493426,71,2015,3,12
2015-03-13,0N90E,30.25077712535133,195.60539786027883,72,2015,3,13
2015-03-14,0N90E,30.253727925498264,195.56076996562336,73,2015,3,14
2015-03-15,0N90E,30.256678725645198,195.5161420709679,74,2015,3,15
2015-03-16,0N90E,30.259629525792132,195.47151417631244,75,2015,3,16
2015-03-17,0N90E,30.262580325939066,195.426886281657,76,2015,3,17
2015-03-18,0N90E,30.265531126086003,195.38225838700154,77,2015,3,18
2015-03-19,0N90E,30.268481926232937,195.33763049234608,78,2015,3,19
2015-03-20,0N90E,30.27143272637987,195.29300259769062,79,2015,3,20
2015-03-21,0N90E,30.274383526526805,195.24837470303515,80,2015,3,21
2015-03-22,0N90E,30.27733432667374,195.20374680837972,81,2015,3,22
2015-03-23,0N90E,30.280285126820672,195.15911891372426,82,2015,3,23
2015-03-24,0N90E,30.283235926967606,195.1144910190688,83,2015,3,24
2015-03-25,0N90E,30.28618672711454,195.06986312441333,84,2015,3,25
2015-03-26,0N90E,30.289137527261474,195.02523522975787,85,2015,3,26
2015-03-27,0N90E,30.292088327408408,194.98060733510243,86,2015,3,27
2015-03-28,0N90E,30.29503912755534,194.93597944044697,87,2015,3,28
2015-03-29,0N90E,30.297989927702275,194.8913515457915,88,2015,3,29
2015-03-30,0N90E,30.300940727849213,194.84672365113607,89,2015,3,30
2015-03-31,0N90E,30.303891527996146,194.8020957564806,90,2015,3,31
2015-04-01,0N90E,30.30684232814308,194.75746786182515,91,2015,4,1
2015-04-02,0N90E,30.309793128290014,194.71283996716969,92,2015,4,2
2015-04-03,0N90E,30.312743928436948,194.66821207251422,93,2015,4,3
2015-04-04,0N90E,30.315694728583882,194.6235841778588,94,2015,4,4
2015-04-05,0N90E,30.318645528730816,194.57895628320333,95,2015,4,5
2015-04-06,0N90E,30.32159632887775,194.53432838854786,96,2015,4,6
2015-04-07,0N90E,30.324547129024683,194.4897004938924,97,2015,4,7
2015-04-08,0N90E,30.327497929171617,194.44507259923694,98,2015,4,8
2015-04-09,0N90E,30.330448729318555,194.4004447045815,99,2015,4,9
2015-04-10,0N90E,30.33339952946549,194.35581680992604,100,2015,4,10
2015-04-11,0N90E,30.336350329612422,194.31118891527058,101,2015,4,11
2015-04-12,0N90E,30.339301129759356,194.26656102061511,102,2015,4,12
2015-04-13,0N90E,30.34225192990629,194.22193312595968,103,2015,4,13
2015-04-14,0N90E,30.345202730053224,194.17730523130422,104,2015,4,14
2015-04-15,0N90E,30.348153530200157,194.13267733664875,105,2015,4,15
2015-04-16,0N90E,30.35110433034709,194.0880494419933,106,2015,4,16
2015-04-17,0N90E,30.354055130494025,194.04342154733786,107,2015,4,17
2015-04-18,0N90E,30.35700593064096,193.9987936526824,108,2015,4,18
2015-04-19,0N90E,30.359956730787893,193.95416575802693,109,2015,4,19
2015-04-20,0N90E,30.362907530934827,193.90953786337147,110,2015,4,20
2015-04-21,0N90E,30.365858331081764,193.864909968716,111,2015,4,21
2015-04-22,0N90E,30.368809131228698,193.82028207406057,112,2015,4,22
2015-04-23,0N90E,30.37175993137563,193.7756541794051,113,2015,4,23
2015-04-24,0N90E,30.374710731522566,193.73102628474965,114,2015,4,24
2015-04-25,0N90E,30.3776615316695,193.68639839009418,115,2015,4,25
2015-04-26,0N90E,30.380612331816433,193.64177049543872,116,2015,4,26
2015-04-27,0N90E,30.383563131963367,193.5971426007833,117,2015,4,27
2015-04-28,0N90E,30.3865139321103,193.55251470612782,118,2015,4,28
2015-04-29,0N90E,30.389464732257235,193.50788681147236,119,2015,4,29
2015-04-30,0N90E,30.39241553240417,193.4632589168169,120,2015,4,30
2015-05-01,0N90E,30.395366332551106,193.41863102216146,121,2015,5,1
2015-05-02,0N90E,30.39831713269804,193.374003127506,122,2015,5,2
2015-05-03,0N90E,30.401267932844974,193.32937523285054,123,2015,5,3
2015-05-04,0N90E,30.404218732991907,193.28474733819507,124,2015,5,4
2015-05-05,0N90E,30.40716953313884,193.24011944353964,125,2015,5,5
2015-05-06,0N90E,30.54,193.19549154888418,126,2015,5,6
2015-05-07,0N90E,30.7,261.92,127,2015,5,7
2015-05-08,0N90E,30.64,287.25,128,2015,5,8
2015-05-09,0N90E,30.48,193.71,129,2015,5,9
2015-05-10,0N90E,30.21,158.01,130,2015,5,10
2015-05-11,0N90E,30.3,176.17,131,2015,5,11
2015-05-12,0N90E,30.11,77.13,132,2015,5,12
2015-05-13,0N90E,30.15,259.36,133,2015,5,13
2015-05-14,0N90E,30.41,239.22,134,2015,5,14
2015-05-15,0N90E,30.3,258.49,135,2015,5,15
2015-05-16,0N90E,30.1,229.13,136,2015,5,16
2015-05-17,0N90E,30.32,276.79,137,2015,5,17
2015-05-18,0N90E,30.63,266.3,138,2015,5,18
2015-05-19,0N90E,30.56,271.6,139,2015,5,19
2015-05-20,0N90E,30.64,242.81,140,2015,5,20
2015-05-21,0N90E,30.2,228.41,141,2015,5,21
2015-05-22,0N90E,30.29,262.42,142,2015,5,22
2015-05-23,0N90E,30.66,275.79,143,2015,5,23
2015-05-24,0N90E,30.17,60.55,144,2015,5,24
2015-05-25,0N90E,30.38,258.8,145,2015,5,25
2015-05-26,0N90E,30.26,203.48,146,2015,5,26
2015-05-27,0N90E,30.49,235.01,147,2015,5,27
2015-05-28,0N90E,30.49,279.42,148,2015,5,28
2015-05-29,0N90E,30.53,281.8,149,2015,5,29
2015-05-30,0N90E,30.57,279.71,150,2015,5,30
2015-05-31,0N90E,30.62,234.79,151,2015,5,31
2015-06-01,0N90E,30.38,275.36,152,2015,6,1
2015-06-02,0N90E,30.34,255.36,153,2015,6,2
2015-06-03,0N90E,30.4,274.97,154,2015,6,3
2015-06-04,0N90E,30.58,278.47,155,2015,6,4
2015-06-05,0N90E,30.61,210.74,156,2015,6,5
2015-06-06,0N90E,30.55,274.17,157,2015,6,6
2015-06-07,0N90E,30.32,119.6,158,2015,6,7
2015-06-08,0N90E,30.37,225.48,159,2015,6,8
2015-06-09,0N90E,30.21,140.51,160,2015,6,9
2015-06-10,0N90E,30.13,154.28,161,2015,6,10
2015-06-11,0N90E,30.28,156.04,162,2015,6,11
2015-06-12,0N90E,30.41,207.44,163,2015,6,12
2015-06-13,0N90E,30.18,42.52,164,2015,6,13
2015-06-14,0N90E,30.09,103.59,165,2015,6,14
2015-06-15,0N90E,30.16,186.81,166,2015,6,15
2015-06-16,0N90E,30.08,105.03,167,2015,6,16
2015-06-17,0N90E,30.1,236.97,168,2015,6,17
2015-06-18,0N90E,29.98,256.37,169,2015,6,18
2015-06-19,0N90E,30.05,249.48000000000002,170,2015,6,19
2015-06-20,0N90E,30.15,242.59,171,2015,6,20
2015-06-21,0N90E,30.14,261.06,172,2015,6,21
2015-06-22,0N90E,30.17,199.38,173,2015,6,22
2015-06-23,0N90E,30.19,269.57,174,2015,6,23
2015-06-24,0N90E,30.21,220.96,175,2015,6,24
2015-06-25,0N90E,30.27,251.71,176,2015,6,25
2015-06-26,0N90E,30.28,252.83,177,2015,6,26
2015-06-27,0N90E,30.49,253.3,178,2015,6,27
2015-06-28,0N90E,30.34,251.39,179,2015,6,28
2015-06-29,0N90E,30.39,227.77,180,2015,6,29
2015-06-30,0N90E,30.43,172.98,181,2015,6,30
2015-07-01,0N90E,30.56,284.54,182,2015,7,1
2015-07-02,0N90E,30.38,214.16,183,2015,7,2
2015-07-03,0N90E,30.34,254.56,184,2015,7,3
2015-07-04,0N90E,30.28,166.17,185,2015,7,4
2015-07-05,0N90E,30.17,124.59,186,2015,7,5
2015-07-06,0N90E,30.07,168.06,187,2015,7,6
2015-07-07,0N90E,30.08,59.0,188,2015,7,7
2015-07-08,0N90E,30.03,192.51,189,2015,7,8
2015-07-09,0N90E,30.06,267.57,190,2015,7,9
2015-07-10,0N90E,30.11,254.59,191,2015,7,10
2015-07-11,0N90E,30.26,251.54,192,2015,7,11
2015-07-12,0N90E,29.94,239.235,193,2015,7,12
2015-07-13,0N90E,29.96,226.93,194,2015,7,13
2015-07-14,0N90E,29.87,156.9,195,2015,7,14
2015-07-15,0N90E,29.84,150.08,196,2015,7,15
2015-07-16,0N90E,29.86,232.05,197,2015,7,16
2015-07-17,0N90E,29.8,165.99,198,2015,7,17
2015-07-18,0N90E,29.69,223.34,199,2015,7,18
2015-07-19,0N90E,29.83,234.26,200,2015,7,19
2015-07-20,0N90E,29.62,166.87,201,2015,7,20
2015-07-21,0N90E,29.65,154.66,202,2015,7,21
2015-07-22,0N90E,29.77,265.79,203,2015,7,22
2015-07-23,0N90E,29.84,240.14,204,2015,7,23
2015-07-24,0N90E,29.91,200.52999999999997,205,2015,7,24
2015-07-25,0N90E,29.61,160.92,206,2015,7,25
2015-07-26,0N90E,29.69,219.71,207,2015,7,26
2015-07-27,0N90E,29.63,187.27,208,2015,7,27
2015-07-28,0N90E,29.67,269.71,209,2015,7,28
2015-07-29,0N90E,29.52,120.12,210,2015,7,29
2015-07-30,0N90E,29.5,78.6,211,2015,7,30
2015-07-31,0N90E,29.5,98.17,212,2015,7,31
2015-08-01,0N90E,29.44,75.46,213,2015,8,1
2015-08-02,0N90E,29.54,234.27,214,2015,8,2
2015-08-03,0N90E,29.57,233.73,215,2015,8,3
2015-08-04,0N90E,29.61,275.37,216,2015,8,4
2015-08-05,0N90E,29.62,163.93,217,2015,8,5
2015-08-06,0N90E,29.66,141.94,218,2015,8,6
2015-08-07,0N90E,29.59,122.94,219,2015,8,7
2015-08-08,0N90E,29.59,221.34,220,2015,8,8
2015-08-09,0N90E,29.62,191.53,221,2015,8,9
2015-08-10,0N90E,29.62,119.23,222,2015,8,10
2015-08-11,0N90E,29.67,182.88,223,2015,8,11
2015-08-12,0N90E,29.6,68.59,224,2015,8,12
2015-08-13,0N90E,29.6,116.19,225,2015,8,13
2015-08-14,0N90E,29.68,245.38,226,2015,8,14
2015-08-15,0N90E,29.58,241.27,227,2015,8,15
2015-08-16,0N90E,29.54,156.27,228,2015,8,16
2015-08-17,0N90E,29.78,297.17,229,2015,8,17
2015-08-18,0N90E,29.93,277.3,230,2015,8,18
2015-08-19,0N90E,30.07,279.8,231,2015,8,19
2015-08-20,0N90E,29.57,156.2,232,2015,8,20
2015-08-21,0N90E,29.54,227.36,233,2015,8,21
2015-08-22,0N90E,29.52,218.95,234,2015,8,22
2015-08-23,0N90E,29.59,268.84,235,2015,8,23
2015-08-24,0N90E,29.6,259.25,236,2015,8,24
2015-08-25,0N90E,29.52,233.57,237,2015,8,25
2015-08-26,0N90E,29.51,266.76,238,2015,8,26
2015-08-27,0N90E,29.53,240.03,239,2015,8,27
2015-08-28,0N90E,29.56,275.25,240,2015,8,28
2015-08-29,0N90E,29.41,102.08,241,2015,8,29
2015-08-30,0N90E,29.65,257.85,242,2015,8,30
2015-08-31,0N90E,29.48,193.41,243,2015,8,31
2015-09-01,0N90E,29.29,39.46,244,2015,9,1
2015-09-02,0N90E,29.41,212.24,245,2015,9,2
2015-09-03,0N90E,29.39,112.01,246,2015,9,3
2015-09-04,0N90E,29.48,185.92,247,2015,9,4
2015-09-05,0N90E,29.41,120.46,248,2015,9,5
2015-09-06,0N90E,29.42,170.76,249,2015,9,6
2015-09-07,0N90E,29.38,83.2,250,2015,9,7
2015-09-08,0N90E,29.41,238.46,251,2015,9,8
2015-09-09,0N90E,29.33,97.43,252,2015,9,9
2015-09-10,0N90E,29.34,267.65,253,2015,9,10
2015-09-11,0N90E,29.33,265.77,254,2015,9,11
2015-09-12,0N90E,29.31,290.17,255,2015,9,12
2015-09-13,0N90E,29.23,147.15,256,2015,9,13
2015-09-14,0N90E,29.17,145.4,257,2015,9,14
2015-09-15,0N90E,29.13,171.2,258,2015,9,15
2015-09-16,0N90E,29.18,261.26,259,2015,9,16
2015-09-17,0N90E,29.22,275.42,260,2015,9,17
2015-09-18,0N90E,29.25,270.0,261,2015,9,18
2015-09-19,0N90E,29.37,287.41,262,2015,9,19
2015-09-20,0N90E,29.53,222.72,263,2015,9,20
2015-09-21,0N90E,29.46,150.22,264,2015,9,21
2015-09-22,0N90E,29.19,86.89,265,2015,9,22
2015-09-23,0N90E,29.28,153.03,266,2015,9,23
2015-09-24,0N90E,29.28,236.43,267,2015,9,24
2015-09-25,0N90E,29.28,279.83,268,2015,9,25
2015-09-26,0N90E,29.12,75.49,269,2015,9,26
2015-09-27,0N90E,29.16,263.38,270,2015,9,27
2015-09-28,0N90E,29.15,223.78,271,2015,9,28
2015-09-29,0N90E,29.27,269.02,272,2015,9,29
2015-09-30,0N90E,29.6,305.81,273,2015,9,30
2015-10-01,0N90E,29.35,246.87,274,2015,10,1
2015-10-02,0N90E,29.4,276.05,275,2015,10,2
2015-10-03,0N90E,29.43,253.84,276,2015,10,3
2015-10-04,0N90E,29.43,277.69,277,2015,10,4
2015-10-05,0N90E,29.46,256.67,278,2015,10,5
2015-10-06,0N90E,29.31,131.31,279,2015,10,6
2015-10-07,0N90E,29.31,251.91,280,2015,10,7
2015-10-08,0N90E,29.13,76.3,281,2015,10,8
2015-10-09,0N90E,29.12,106.26,282,2015,10,9
2015-10-10,0N90E,29.26,159.18,283,2015,10,10
2015-10-11,0N90E,29.59,281.58,284,2015,10,11
2015-10-12,0N90E,29.43,275.03,285,2015,10,12
2015-10-13,0N90E,29.09,75.32,286,2015,10,13
2015-10-14,0N90E,29.32,162.41,287,2015,10,14
2015-10-15,0N90E,29.43,233.13,288,2015,10,15
2015-10-16,0N90E,29.48,241.02,289,2015,10,16
2015-10-17,0N90E,29.57,211.53,290,2015,10,17
2015-10-18,0N90E,29.52,158.02,291,2015,10,18
2015-10-19,0N90E,29.4,109.66,292,2015,10,19
2015-10-20,0N90E,29.42,170.32,293,2015,10,20
2015-10-21,0N90E,29.38,110.74,294,2015,10,21
2015-10-22,0N90E,29.39,235.86,295,2015,10,22
2015-10-23,0N90E,29.34,281.15,296,2015,10,23
2015-10-24,0N90E,29.2,106.36,297,2015,10,24
2015-10-25,0N90E,29.21,179.16,298,2015,10,25
2015-10-26,0N90E,29.29,158.49,299,2015,10,26
2015-10-27,0N90E,29.6,194.96,300,2015,10,27
2015-10-28,0N90E,29.24,100.5,301,2015,10,28
2015-10-29,0N90E,29.54,197.24,302,2015,10,29
2015-10-30,0N90E,29.58,249.71,303,2015,10,30
2015-10-31,0N90E,29.48,126.12,304,2015,10,31
2015-11-01,0N90E,29.61,273.22,305,2015,11,1
2015-11-02,0N90E,29.43,166.21,306,2015,11,2
2015-11-03,0N90E,29.48,181.66,307,2015,11,3
2015-11-04,0N90E,29.46,155.57,308,2015,11,4
2015-11-05,0N90E,29.47,234.47,309,2015,11,5
2015-11-06,0N90E,29.47,262.35,310,2015,11,6
2015-11-07,0N90E,29.52,264.15,311,2015,11,7
2015-11-08,0N90E,29.56,276.62,312,2015,11,8
2015-11-09,0N90E,29.71,238.35,313,2015,11,9
2015-11-10,0N90E,29.63,162.75,314,2015,11,10
2015-11-11,0N90E,29.53,110.95,315,2015,11,11
2015-11-12,0N90E,29.53,71.58,316,2015,11,12
2015-11-13,0N90E,29.48,100.09,317,2015,11,13
2015-11-14,0N90E,29.4,207.97,318,2015,11,14
2015-11-15,0N90E,29.24,56.14,319,2015,11,15
2015-11-16,0N90E,29.51,253.38,320,2015,11,16
2015-11-17,0N90E,29.56,244.64,321,2015,11,17
2015-11-18,0N90E,29.78,293.51,322,2015,11,18
2015-11-19,0N90E,29.54,247.59,323,2015,11,19
2015-11-20,0N90E,29.37,137.76,324,2015,11,20
2015-11-21,0N90E,29.71,283.51,325,2015,11,21
2015-11-22,0N90E,29.48,232.07,326,2015,11,22
2015-11-23,0N90E,29.4,119.87,327,2015,11,23
2015-11-24,0N90E,29.53,214.87,328,2015,11,24
2015-11-25,0N90E,29.37,98.92,329,2015,11,25
2015-11-26,0N90E,29.39,297.98,330,2015,11,26
2015-11-27,0N90E,29.09,111.93,331,2015,11,27
2015-11-28,0N90E,28.83,88.65,332,2015,11,28
2015-11-29,0N90E,28.92,252.37,333,2015,11,29
2015-11-30,0N90E,29.0,114.14,334,2015,11,30
2015-12-01,0N90E,29.23,257.67,335,2015,12,1
2015-12-02,0N90E,29.1,97.73,336,2015,12,2
2015-12-03,0N90E,29.03,152.35,337,2015,12,3
2015-12-04,0N90E,28.94,82.13,338,2015,12,4
2015-12-05,0N90E,28.89,104.45,339,2015,12,5
2015-12-06,0N90E,29.09,134.04,340,2015,12,6
2015-12-07,0N90E,29.56,264.07,341,2015,12,7
2015-12-08,0N90E,29.37,273.02,342,2015,12,8
2015-12-09,0N90E,29.34,209.32,343,2015,12,9
2015-12-10,0N90E,29.25,130.07,344,2015,12,10
2015-12-11,0N90E,29.13,216.85,345,2015,12,11
2015-12-12,0N90E,28.99,94.32,346,2015,12,12
2015-12-13,0N90E,29.29,233.05,347,2015,12,13
2015-12-14,0N90E,29.37,244.37,348,2015,12,14
2015-12-15,0N90E,29.25,189.33,349,2015,12,15
2015-12-16,0N90E,29.82,284.71,350,2015,12,16
2015-12-17,0N90E,29.94,291.34,351,2015,12,17
2015-12-18,0N90E,29.92,280.31,352,2015,12,18
2015-12-19,0N90E,29.94,229.23,353,2015,12,19
2015-12-20,0N90E,29.83,224.88,354,2015,12,20
2015-12-21,0N90E,30.15,248.62,355,2015,12,21
2015-12-22,0N90E,29.87,279.95,356,2015,12,22
2015-12-23,0N90E,29.83,285.69,357,2015,12,23
2015-12-24,0N90E,30.01,268.93,358,2015,12,24
2015-12-25,0N90E,29.75,261.41,359,2015,12,25
2015-12-26,0N90E,30.1,223.01,360,2015,12,26
2015-12-27,0N90E,29.96,222.86,361,2015,12,27
2015-12-28,0N90E,29.95,280.4,362,2015,12,28
2015-12-29,0N90E,29.83,280.75,363,2015,12,29
2015-12-30,0N90E,29.92,288.36,364,2015,12,30
2015-12-31,0N90E,30.14,286.51,365,2015,12,31
2016-01-01,0N90E,30.44,282.49,1,2016,1,1
2016-01-02,0N90E,30.29,276.61,2,2016,1,2
2016-01-03,0N90E,30.13,271.46,3,2016,1,3
2016-01-04,0N90E,30.25,286.15,4,2016,1,4
2016-01-05,0N90E,30.33,279.63,5,2016,1,5
2016-01-06,0N90E,30.41,281.3,6,2016,1,6
2016-01-07,0N90E,30.49,286.47,7,2016,1,7
2016-01-08,0N90E,30.04,139.73,8,2016,1,8
2016-01-09,0N90E,30.26,265.43,9,2016,1,9
2016-01-10,0N90E,30.52,254.14,10,2016,1,10
2016-01-11,0N90E,30.28,230.31,11,2016,1,11
2016-01-12,0N90E,30.14,238.88,12,2016,1,12
2016-01-13,0N90E,29.8,34.52,13,2016,1,13
2016-01-14,0N90E,29.94,174.95,14,2016,1,14
2016-01-15,0N90E,29.84,191.12,15,2016,1,15
2016-01-16,0N90E,30.05,178.09,16,2016,1,16
2016-01-17,0N90E,29.9,107.44,17,2016,1,17
2016-01-18,0N90E,29.85,150.58,18,2016,1,18
2016-01-19,0N90E,29.84,216.09,19,2016,1,19
2016-01-20,0N90E,30.01,294.48,20,2016,1,20
2016-01-21,0N90E,30.33,291.96,21,2016,1,21
2016-01-22,0N90E,30.27,255.04,22,2016,1,22
2016-01-23,0N90E,30.46,285.39,23,2016,1,23
2016-01-24,0N90E,30.32,294.61,24,2016,1,24
2016-01-25,0N90E,30.19,299.52,25,2016,1,25
2016-01-26,0N90E,30.49,302.42,26,2016,1,26
2016-01-27,0N90E,30.48,300.63,27,2016,1,27
2016-01-28,0N90E,30.36,272.81,28,2016,1,28
2016-01-29,0N90E,29.9,149.32,29,2016,1,29
2016-01-30,0N90E,29.64,159.54,30,2016,1,30
2016-01-31,0N90E,29.72,232.26,31,2016,1,31
2016-02-01,0N90E,29.84,231.27,32,2016,2,1
2016-02-02,0N90E,29.95,256.15,33,2016,2,2
2016-02-03,0N90E,29.95,251.23,34,2016,2,3
2016-02-04,0N90E,30.03,267.92,35,2016,2,4
2016-02-05,0N90E,29.89,183.97,36,2016,2,5
2016-02-06,0N90E,29.67,126.03,37,2016,2,6
2016-02-07,0N90E,29.64,114.89,38,2016,2,7
2016-02-08,0N90E,29.55,212.81,39,2016,2,8
2016-02-09,0N90E,29.42,50.67,40,2016,2,9
2016-02-10,0N90E,29.4,144.98,41,2016,2,10
2016-02-11,0N90E,29.48,205.24,42,2016,2,11
2016-02-12,0N90E,29.58,246.72,43,2016,2,12
2016-02-13,0N90E,29.65,289.27,44,2016,2,13
2016-02-14,0N90E,29.63,295.5,45,2016,2,14
2016-02-15,0N90E,29.72,210.95,46,2016,2,15
2016-02-16,0N90E,29.8,294.44,47,2016,2,16
2016-02-17,0N90E,29.7,303.3,48,2016,2,17
2016-02-18,0N90E,29.74,264.6,49,2016,2,18
2016-02-19,0N90E,29.98,268.03,50,2016,2,19
2016-02-20,0N90E,29.98,252.72,51,2016,2,20
2016-02-21,0N90E,29.79,139.63,52,2016,2,21
2016-02-22,0N90E,30.09,291.8,53,2016,2,22
2016-02-23,0N90E,29.76,141.74,54,2016,2,23
2016-02-24,0N90E,30.19,253.48,55,2016,2,24
2016-02-25,0N90E,30.0,307.24,56,2016,2,25
2016-02-26,0N90E,30.14,200.5,57,2016,2,26
2016-02-27,0N90E,30.15,183.23,58,2016,2,27
2016-02-28,0N90E,30.2,240.615,59,2016,2,28
2016-02-29,0N90E,30.25,298.0,60,2016,2,29
2016-03-01,0N90E,30.52,293.97,61,2016,3,1
2016-03-02,0N90E,30.72,292.62,62,2016,3,2
2016-03-03,0N90E,30.89,299.79,63,2016,3,3
2016-03-04,0N90E,31.06,292.18,64,2016,3,4
2016-03-05,0N90E,30.77,250.1,65,2016,3,5
2016-03-06,0N90E,30.72,277.4,66,2016,3,6
2016-03-07,0N90E,30.48,83.13,67,2016,3,7
2016-03-08,0N90E,30.76,303.37,68,2016,3,8
2016-03-09,0N90E,30.72,238.91,69,2016,3,9
2016-03-10,0N90E,30.58,156.54,70,2016,3,10
2016-03-11,0N90E,30.66,274.72,71,2016,3,11
2016-03-12,0N90E,30.43,97.0,72,2016,3,12
2016-03-13,0N90E,30.73,305.61,73,2016,3,13
2016-03-14,0N90E,30.9,298.89,74,2016,3,14
2016-03-15,0N90E,30.82,187.43,75,2016,3,15
2016-03-16,0N90E,30.55,96.11,76,2016,3,16
2016-03-17,0N90E,30.44,157.44,77,2016,3,17
2016-03-18,0N90E,30.57,268.0,78,2016,3,18
2016-03-19,0N90E,30.49,139.98,79,2016,3,19
2016-03-20,0N90E,30.22,120.28,80,2016,3,20
2016-03-21,0N90E,30.11,62.53,81,2016,3,21
2016-03-22,0N90E,30.08,184.29,82,2016,3,22
2016-03-23,0N90E,30.04,205.33,83,2016,3,23
2016-03-24,0N90E,30.04,261.29,84,2016,3,24
2016-03-25,0N90E,30.17,261.74,85,2016,3,25
2016-03-26,0N90E,30.39,296.21,86,2016,3,26
2016-03-27,0N90E,30.42,315.01,87,2016,3,27
2016-03-28,0N90E,30.53,310.08,88,2016,3,28
2016-03-29,0N90E,30.71,308.29,89,2016,3,29
2016-03-30,0N90E,30.74,281.88,90,2016,3,30
2016-03-31,0N90E,30.94,301.13,91,2016,3,31
2016-04-01,0N90E,30.8,244.28,92,2016,4,1
2016-04-02,0N90E,30.91,252.78,93,2016,4,2
2016-04-03,0N90E,30.78,225.48,94,2016,4,3
2016-04-04,0N90E,30.99,289.04,95,2016,4,4
2016-04-05,0N90E,30.72,188.77,96,2016,4,5
2016-04-06,0N90E,30.43,220.55,97,2016,4,6
2016-04-07,0N90E,30.3,128.79,98,2016,4,7
2016-04-08,0N90E,30.73,308.74,99,2016,4,8
2016-04-09,0N90E,30.79,243.38,100,2016,4,9
2016-04-10,0N90E,30.85,293.97,101,2016,4,10
2016-04-11,0N90E,30.52,134.16,102,2016,4,11
2016-04-12,0N90E,30.48,183.4,103,2016,4,12
2016-04-13,0N90E,30.57,250.99,104,2016,4,13
2016-04-14,0N90E,31.14,278.3,105,2016,4,14
2016-04-15,0N90E,31.11,285.46,106,2016,4,15
2016-04-16,0N90E,31.24,280.09,107,2016,4,16
2016-04-17,0N90E,31.3,304.71,108,2016,4,17
2016-04-18,0N90E,31.22,285.91,109,2016,4,18
2016-04-19,0N90E,30.91,209.81,110,2016,4,19
2016-04-20,0N90E,31.35,300.68,111,2016,4,20
2016-04-21,0N90E,31.67,278.75,112,2016,4,21
2016-04-22,0N90E,31.19,128.79,113,2016,4,22
2016-04-23,0N90E,30.99,294.86,114,2016,4,23
2016-04-24,0N90E,30.78,58.51,115,2016,4,24
2016-04-25,0N90E,31.27,258.6,116,2016,4,25
2016-04-26,0N90E,31.54,280.54,117,2016,4,26
2016-04-27,0N90E,31.06,215.18,118,2016,4,27
2016-04-28,0N90E,31.24,237.12,119,2016,4,28
2016-04-29,0N90E,31.12,217.42,120,2016,4,29
2016-04-30,0N90E,31.32,250.1,121,2016,4,30
2016-05-01,0N90E,31.0,71.49,122,2016,5,1
2016-05-02,0N90E,31.19,237.56,123,2016,5,2
2016-05-03,0N90E,31.14,232.64,124,2016,5,3
2016-05-04,0N90E,31.16,224.13,125,2016,5,4
2016-05-05,0N90E,30.91,29.41,126,2016,5,5
2016-05-06,0N90E,30.85,165.49,127,2016,5,6
2016-05-07,0N90E,30.83,186.08,128,2016,5,7
2016-05-08,0N90E,31.04,226.82,129,2016,5,8
2016-05-09,0N90E,30.85,198.62,130,2016,5,9
2016-05-10,0N90E,30.66,33.89,131,2016,5,10
2016-05-11,0N90E,30.53,141.32,132,2016,5,11
2016-05-12,0N90E,30.49,81.78,133,2016,5,12
2016-05-13,0N90E,30.44,94.77,134,2016,5,13
2016-05-14,0N90E,30.39,172.21,135,2016,5,14
2016-05-15,0N90E,30.29,99.69,136,2016,5,15
2016-05-16,0N90E,30.12,215.63,137,2016,5,16
2016-05-17,0N90E,30.05,192.8,138,2016,5,17
2016-05-18,0N90E,30.39,253.68,139,2016,5,18
2016-05-19,0N90E,30.18,272.03,140,2016,5,19
2016-05-20,0N90E,29.97,267.56,141,2016,5,20
2016-05-21,0N90E,29.88,233.98,142,2016,5,21
2016-05-22,0N90E,29.93,247.41,143,2016,5,22
2016-05-23,0N90E,29.73,186.98,144,2016,5,23
2016-05-24,0N90E,29.89,229.95,145,2016,5,24
2016-05-25,0N90E,29.8,197.28,146,2016,5,25
2016-05-26,0N90E,29.74,175.79,147,2016,5,26
2016-05-27,0N90E,29.89,247.41,148,2016,5,27
2016-05-28,0N90E,29.76,184.74,149,2016,5,28
2016-05-29,0N90E,29.69,208.47,150,2016,5,29
2016-05-30,0N90E,29.69,242.94,151,2016,5,30
2016-05-31,0N90E,29.72,257.71,152,2016,5,31
2016-06-01,0N90E,29.68,212.5,153,2016,6,1
2016-06-02,0N90E,29.7,227.72,154,2016,6,2
2016-06-03,0N90E,29.69,228.16,155,2016,6,3
2016-06-04,0N90E,29.73,244.73,156,2016,6,4
2016-06-05,0N90E,29.82,248.31,157,2016,6,5
2016-06-06,0N90E,29.9,250.55,158,2016,6,6
2016-06-07,0N90E,30.16,246.96,159,2016,6,7
2016-06-08,0N90E,30.3,278.3,160,2016,6,8
2016-06-09,0N90E,30.38,279.19,161,2016,6,9
2016-06-10,0N90E,30.22,273.38,162,2016,6,10
2016-06-11,0N90E,30.13,254.57,163,2016,6,11
2016-06-12,0N90E,29.93,67.91,164,2016,6,12
2016-06-13,0N90E,30.15,236.22,165,2016,6,13
2016-06-14,0N90E,29.99,191.46,166,2016,6,14
2016-06-15,0N90E,29.73,37.47,167,2016,6,15
2016-06-16,0N90E,29.66,133.26,168,2016,6,16
2016-06-17,0N90E,29.69,196.83,169,2016,6,17
2016-06-18,0N90E,29.67,225.92,170,2016,6,18
2016-06-19,0N90E,29.57,268.0,171,2016,6,19
2016-06-20,0N90E,29.57,208.91,172,2016,6,20
2016-06-21,0N90E,29.5688671875,209.0129296875,173,2016,6,21
2016-06-22,0N90E,29.567734375,209.11585937499999,174,2016,6,22
2016-06-23,0N90E,29.5666015625,209.2187890625,175,2016,6,23
2016-06-24,0N90E,30.552724276088234,162.44644579912855,176,2016,6,24
2016-06-25,0N90E,30.552649844120705,162.6998364168666,177,2016,6,25
2016-06-26,0N90E,30.55257541215318,162.95322703460462,178,2016,6,26
2016-06-27,0N90E,30.55250098018565,163.20661765234266,179,2016,6,27
2016-06-28,0N90E,30.55242654821812,163.46000827008072,180,2016,6,28
2016-06-29,0N90E,30.55235211625059,163.71339888781876,181,2016,6,29
2016-06-30,0N90E,30.55227768428306,163.9667895055568,182,2016,6,30
2016-07-01,0N90E,30.552203252315532,164.22018012329482,183,2016,7,1
2016-07-02,0N90E,30.552128820348003,164.47357074103286,184,2016,7,2
2016-07-03,0N90E,30.552054388380473,164.7269613587709,185,2016,7,3
2016-07-04,0N90E,30.551979956412943,164.98035197650893,186,2016,7,4
2016-07-05,0N90E,30.551905524445413,165.23374259424696,187,2016,7,5
2016-07-06,0N90E,30.551831092477887,165.487133211985,188,2016,7,6
2016-07-07,0N90E,30.551756660510357,165.74052382972303,189,2016,7,7
2016-07-08,0N90E,30.551682228542827,165.9939144474611,190,2016,7,8
2016-07-09,0N90E,30.551607796575297,166.24730506519913,191,2016,7,9
2016-07-10,0N90E,30.551533364607767,166.50069568293716,192,2016,7,10
2016-07-11,0N90E,30.55145893264024,166.7540863006752,193,2016,7,11
2016-07-12,0N90E,30.55138450067271,167.00747691841323,194,2016,7,12
2016-07-13,0N90E,30.55131006870518,167.26086753615127,195,2016,7,13
2016-07-14,0N90E,30.55123563673765,167.5142581538893,196,2016,7,14
2016-07-15,0N90E,30.551161204770125,167.76764877162734,197,2016,7,15
2016-07-16,0N90E,30.551086772802595,168.02103938936537,198,2016,7,16
2016-07-17,0N90E,30.551012340835065,168.27443000710343,199,2016,7,17
2016-07-18,0N90E,30.550937908867535,168.52782062484147,200,2016,7,18
2016-07-19,0N90E,30.550863476900005,168.7812112425795,201,2016,7,19
2016-07-20,0N90E,30.55078904493248,169.03460186031754,202,2016,7,20
2016-07-21,0N90E,30.55071461296495,169.28799247805557,203,2016,7,21
2016-07-22,0N90E,30.55064018099742,169.5413830957936,204,2016,7,22
2016-07-23,0N90E,30.55056574902989,169.79477371353164,205,2016,7,23
2016-07-24,0N90E,30.55049131706236,170.04816433126967,206,2016,7,24
2016-07-25,0N90E,30.550416885094833,170.3015549490077,207,2016,7,25
2016-07-26,0N90E,30.550342453127303,170.55494556674574,208,2016,7,26
2016-07-27,0N90E,30.550268021159773,170.80833618448378,209,2016,7,27
2016-07-28,0N90E,30.550193589192244,171.06172680222184,210,2016,7,28
2016-07-29,0N90E,30.550119157224714,171.31511741995988,211,2016,7,29
2016-07-30,0N90E,30.550044725257187,171.5685080376979,212,2016,7,30
2016-07-31,0N90E,30.549970293289658,171.82189865543594,213,2016,7,31
2016-08-01,0N90E,30.549895861322128,172.07528927317398,214,2016,8,1
2016-08-02,0N90E,30.549821429354598,172.328679890912,215,2016,8,2
2016-08-03,0N90E,30.549746997387068,172.58207050865005,216,2016,8,3
2016-08-04,0N90E,30.54967256541954,172.83546112638808,217,2016,8,4
2016-08-05,0N90E,30.54959813345201,173.08885174412612,218,2016,8,5
2016-08-06,0N90E,30.549523701484482,173.34224236186418,219,2016,8,6
2016-08-07,0N90E,30.549449269516952,173.59563297960221,220,2016,8,7
2016-08-08,0N90E,30.549374837549422,173.84902359734025,221,2016,8,8
2016-08-09,0N90E,30.549300405581896,174.10241421507828,222,2016,8,9
2016-08-10,0N90E,30.549225973614366,174.35580483281632,223,2016,8,10
2016-08-11,0N90E,30.549151541646836,174.60919545055435,224,2016,8,11
2016-08-12,0N90E,30.549077109679306,174.8625860682924,225,2016,8,12
2016-08-13,0N90E,30.549002677711776,175.11597668603042,226,2016,8,13
2016-08-14,0N90E,30.54892824574425,175.36936730376846,227,2016,8,14
2016-08-15,0N90E,30.54885381377672,175.6227579215065,228,2016,8,15
2016-08-16,0N90E,30.54877938180919,175.87614853924455,229,2016,8,16
2016-08-17,0N90E,30.54870494984166,176.1295391569826,230,2016,8,17
2016-08-18,0N90E,30.548630517874134,176.38292977472062,231,2016,8,18
2016-08-19,0N90E,30.548556085906604,176.63632039245866,232,2016,8,19
2016-08-20,0N90E,30.548481653939074,176.8897110101967,233,2016,8,20
2016-08-21,0N90E,30.548407221971544,177.14310162793473,234,2016,8,21
2016-08-22,0N90E,30.548332790004014,177.39649224567276,235,2016,8,22
2016-08-23,0N90E,30.548258358036488,177.6498828634108,236,2016,8,23
2016-08-24,0N90E,30.54818392606896,177.90327348114883,237,2016,8,24
2016-08-25,0N90E,30.54810949410143,178.1566640988869,238,2016,8,25
2016-08-26,0N90E,30.5480350621339,178.41005471662493,239,2016,8,26
2016-08-27,0N90E,30.54796063016637,178.66344533436296,240,2016,8,27
2016-08-28,0N90E,30.547886198198842,178.916835952101,241,2016,8,28
2016-08-29,0N90E,30.547811766231312,179.17022656983903,242,2016,8,29
2016-08-30,0N90E,30.547737334263783,179.42361718757707,243,2016,8,30
2016-08-31,0N90E,30.547662902296253,179.6770078053151,244,2016,8,31
2016-09-01,0N90E,30.547588470328723,179.93039842305313,245,2016,9,1
2016-09-02,0N90E,30.547514038361196,180.18378904079117,246,2016,9,2
2016-09-03,0N90E,30.547439606393667,180.4371796585292,247,2016,9,3
2016-09-04,0N90E,30.547365174426137,180.69057027626724,248,2016,9,4
2016-09-05,0N90E,30.547290742458607,180.9439608940053,249,2016,9,5
2016-09-06,0N90E,30.547216310491077,181.19735151174334,250,2016,9,6
2016-09-07,0N90E,30.54714187852355,181.45074212948137,251,2016,9,7
2016-09-08,0N90E,30.54706744655602,181.7041327472194,252,2016,9,8
2016-09-09,0N90E,30.54699301458849,181.95752336495744,253,2016,9,9
2016-09-10,0N90E,30.54691858262096,182.21091398269547,254,2016,9,10
2016-09-11,0N90E,30.54684415065343,182.4643046004335,255,2016,9,11
2016-09-12,0N90E,30.546769718685905,182.71769521817154,256,2016,9,12
2016-09-13,0N90E,30.546695286718375,182.9710858359096,257,2016,9,13
2016-09-14,0N90E,30.546620854750845,183.22447645364764,258,2016,9,14
2016-09-15,0N90E,30.546546422783315,183.47786707138567,259,2016,9,15
2016-09-16,0N90E,30.546471990815785,183.7312576891237,260,2016,9,16
2016-09-17,0N90E,30.54639755884826,183.98464830686174,261,2016,9,17
2016-09-18,0N90E,30.54632312688073,184.23803892459978,262,2016,9,18
2016-09-19,0N90E,30.5462486949132,184.4914295423378,263,2016,9,19
2016-09-20,0N90E,30.54617426294567,184.74482016007585,264,2016,9,20
2016-09-21,0N90E,30.54609983097814,184.99821077781388,265,2016,9,21
2016-09-22,0N90E,30.546025399010613,185.25160139555192,266,2016,9,22
2016-09-23,0N90E,30.545950967043083,185.50499201328995,267,2016,9,23
2016-09-24,0N90E,30.545876535075553,185.758382631028,268,2016,9,24
2016-09-25,0N90E,30.545802103108024,186.01177324876605,269,2016,9,25
2016-09-26,0N90E,30.545727671140497,186.26516386650408,270,2016,9,26
2016-09-27,0N90E,30.545653239172967,186.51855448424212,271,2016,9,27
2016-09-28,0N90E,30.545578807205437,186.77194510198015,272,2016,9,28
2016-09-29,0N90E,30.545504375237908,187.02533571971819,273,2016,9,29
2016-09-30,0N90E,30.545429943270378,187.27872633745622,274,2016,9,30
2016-10-01,0N90E,30.54535551130285,187.53211695519425,275,2016,10,1
2016-10-02,0N90E,30.54528107933532,187.78550757293232,276,2016,10,2
2016-10-03,0N90E,30.54520664736779,188.03889819067035,277,2016,10,3
2016-10-04,0N90E,30.545132215400262,188.2922888084084,278,2016,10,4
2016-10-05,0N90E,30.545057783432732,188.54567942614642,279,2016,10,5
2016-10-06,0N90E,30.544983351465206,188.79907004388446,280,2016,10,6
2016-10-07,0N90E,30.544908919497676,189.0524606616225,281,2016,10,7
2016-10-08,0N90E,30.544834487530146,189.30585127936052,282,2016,10,8
2016-10-09,0N90E,30.544760055562616,189.55924189709856,283,2016,10,9
2016-10-10,0N90E,30.544685623595086,189.8126325148366,284,2016,10,10
2016-10-11,0N90E,30.54461119162756,190.06602313257463,285,2016,10,11
2016-10-12,0N90E,30.54453675966003,190.31941375031266,286,2016,10,12
2016-10-13,0N90E,30.5444623276925,190.57280436805073,287,2016,10,13
2016-10-14,0N90E,30.54438789572497,190.82619498578876,288,2016,10,14
2016-10-15,0N90E,30.54431346375744,191.0795856035268,289,2016,10,15
2016-10-16,0N90E,30.544239031789914,191.33297622126483,290,2016,10,16
2016-10-17,0N90E,30.544164599822384,191.58636683900286,291,2016,10,17
2016-10-18,0N90E,30.544090167854854,191.8397574567409,292,2016,10,18
2016-10-19,0N90E,30.544015735887324,192.09314807447893,293,2016,10,19
2016-10-20,0N90E,30.543941303919794,192.34653869221697,294,2016,10,20
2016-10-21,0N90E,30.543866871952268,192.599929309955,295,2016,10,21
2016-10-22,0N90E,30.54379243998474,192.85331992769306,296,2016,10,22
2016-10-23,0N90E,30.54371800801721,193.1067105454311,297,2016,10,23
2016-10-24,0N90E,30.54364357604968,193.36010116316913,298,2016,10,24
2016-10-25,0N90E,30.54356914408215,193.61349178090717,299,2016,10,25
2016-10-26,0N90E,30.543494712114622,193.8668823986452,300,2016,10,26
2016-10-27,0N90E,30.543420280147092,194.12027301638324,301,2016,10,27
2016-10-28,0N90E,30.543345848179563,194.37366363412127,302,2016,10,28
2016-10-29,0N90E,30.543271416212033,194.6270542518593,303,2016,10,29
2016-10-30,0N90E,30.543196984244506,194.88044486959734,304,2016,10,30
2016-10-31,0N90E,30.543122552276976,195.13383548733538,305,2016,10,31
2016-11-01,0N90E,30.543048120309447,195.3872261050734,306,2016,11,1
2016-11-02,0N90E,30.542973688341917,195.64061672281147,307,2016,11,2
2016-11-03,0N90E,30.542899256374387,195.8940073405495,308,2016,11,3
2016-11-04,0N90E,30.54282482440686,196.14739795828754,309,2016,11,4
2016-11-05,0N90E,30.54275039243933,196.40078857602558,310,2016,11,5
2016-11-06,0N90E,30.5426759604718,196.6541791937636,311,2016,11,6
2016-11-07,0N90E,30.54260152850427,196.90756981150165,312,2016,11,7
2016-11-08,0N90E,30.54252709653674,197.16096042923968,313,2016,11,8
2016-11-09,0N90E,30.542452664569215,197.41435104697774,314,2016,11,9
2016-11-10,0N90E,30.542378232601685,197.66774166471578,315,2016,11,10
2016-11-11,0N90E,30.542303800634155,197.9211322824538,316,2016,11,11
2016-11-12,0N90E,30.542229368666625,198.17452290019185,317,2016,11,12
2016-11-13,0N90E,30.542154936699095,198.42791351792988,318,2016,11,13
2016-11-14,0N90E,30.54208050473157,198.68130413566792,319,2016,11,14
2016-11-15,0N90E,30.54200607276404,198.93469475340595,320,2016,11,15
2016-11-16,0N90E,30.54193164079651,199.18808537114398,321,2016,11,16
2016-11-17,0N90E,30.54185720882898,199.44147598888202,322,2016,11,17
2016-11-18,0N90E,30.54178277686145,199.69486660662005,323,2016,11,18
2016-11-19,0N90E,30.541708344893923,199.9482572243581,324,2016,11,19
2016-11-20,0N90E,30.541633912926393,200.20164784209612,325,2016,11,20
2016-11-21,0N90E,30.541559480958863,200.45503845983419,326,2016,11,21
2016-11-22,0N90E,30.541485048991333,200.70842907757222,327,2016,11,22
2016-11-23,0N90E,30.541410617023804,200.96181969531025,328,2016,11,23
2016-11-24,0N90E,30.541336185056277,201.2152103130483,329,2016,11,24
2016-11-25,0N90E,30.541261753088747,201.46860093078632,330,2016,11,25
2016-11-26,0N90E,30.541187321121217,201.72199154852436,331,2016,11,26
2016-11-27,0N90E,30.541112889153688,201.9753821662624,332,2016,11,27
2016-11-28,0N90E,30.541038457186158,202.22877278400043,333,2016,11,28
2016-11-29,0N90E,30.54096402521863,202.4821634017385,334,2016,11,29
2016-11-30,0N90E,30.5408895932511,202.73555401947652,335,2016,11,30
2016-12-01,0N90E,30.54081516128357,202.98894463721456,336,2016,12,1
2016-12-02,0N90E,30.540740729316042,203.2423352549526,337,2016,12,2
2016-12-03,0N90E,30.540666297348515,203.49572587269063,338,2016,12,3
2016-12-04,0N90E,30.540591865380986,203.74911649042866,339,2016,12,4
2016-12-05,0N90E,30.540517433413456,204.0025071081667,340,2016,12,5
2016-12-06,0N90E,30.540443001445926,204.25589772590473,341,2016,12,6
2016-12-07,0N90E,30.540368569478396,204.50928834364277,342,2016,12,7
2016-12-08,0N90E,30.54029413751087,204.7626789613808,343,2016,12,8
2016-12-09,0N90E,30.54021970554334,205.01606957911883,344,2016,12,9
2016-12-10,0N90E,30.54014527357581,205.26946019685687,345,2016,12,10
2016-12-11,0N90E,30.54007084160828,205.52285081459493,346,2016,12,11
2016-12-12,0N90E,30.53999640964075,205.77624143233297,347,2016,12,12
2016-12-13,0N90E,30.539921977673224,206.029632050071,348,2016,12,13
2016-12-14,0N90E,30.539847545705694,206.28302266780904,349,2016,12,14
2016-12-15,0N90E,30.539773113738164,206.53641328554707,350,2016,12,15
2016-12-16,0N90E,30.539698681770634,206.7898039032851,351,2016,12,16
2016-12-17,0N90E,30.539624249803104,207.04319452102314,352,2016,12,17
2016-12-18,0N90E,30.539549817835578,207.2965851387612,353,2016,12,18
2016-12-19,0N90E,30.539475385868048,207.54997575649924,354,2016,12,19
2016-12-20,0N90E,30.53940095390052,207.80336637423727,355,2016,12,20
2016-12-21,0N90E,30.53932652193299,208.0567569919753,356,2016,12,21
2016-12-22,0N90E,30.53925208996546,208.31014760971334,357,2016,12,22
2016-12-23,0N90E,30.539177657997932,208.56353822745137,358,2016,12,23
2016-12-24,0N90E,30.539103226030402,208.8169288451894,359,2016,12,24
2016-12-25,0N90E,30.539028794062872,209.07031946292744,360,2016,12,25
2016-12-26,0N90E,30.538954362095343,209.32371008066548,361,2016,12,26
2016-12-27,0N90E,30.538879930127813,209.5771006984035,362,2016,12,27
2016-12-28,0N90E,30.538805498160286,209.83049131614155,363,2016,12,28
2016-12-29,0N90E,30.538731066192756,210.08388193387958,364,2016,12,29
2016-12-30,0N90E,30.538656634225227,210.33727255161764,365,2016,12,30
2016-12-31,0N90E,30.538582202257697,210.59066316935568,366,2016,12,31
2017-01-01,0N90E,30.538507770290167,210.8440537870937,1,2017,1,1
2017-01-02,0N90E,30.53843333832264,211.09744440483175,2,2017,1,2
2017-01-03,0N90E,30.53835890635511,211.35083502256978,3,2017,1,3
2017-01-04,0N90E,30.53828447438758,211.60422564030782,4,2017,1,4
2017-01-05,0N90E,30.53821004242005,211.85761625804585,5,2017,1,5
2017-01-06,0N90E,30.53813561045252,212.11100687578391,6,2017,1,6
2017-01-07,0N90E,30.538061178484995,212.36439749352195,7,2017,1,7
2017-01-08,0N90E,30.537986746517465,212.61778811125998,8,2017,1,8
2017-01-09,0N90E,30.537912314549935,212.87117872899802,9,2017,1,9
2017-01-10,0N90E,30.537837882582405,213.12456934673605,10,2017,1,10
2017-01-11,0N90E,30.53776345061488,213.3779599644741,11,2017,1,11
2017-01-12,0N90E,30.53768901864735,213.63135058221212,12,2017,1,12
2017-01-13,0N90E,30.53761458667982,213.88474119995016,13,2017,1,13
2017-01-14,0N90E,30.53754015471229,214.1381318176882,14,2017,1,14
2017-01-15,0N90E,30.53746572274476,214.39152243542623,15,2017,1,15
2017-01-16,0N90E,30.537391290777233,214.64491305316426,16,2017,1,16
2017-01-17,0N90E,30.537316858809703,214.8983036709023,17,2017,1,17
2017-01-18,0N90E,30.537242426842173,215.15169428864036,18,2017,1,18
2017-01-19,0N90E,30.537167994874643,215.4050849063784,19,2017,1,19
2017-01-20,0N90E,30.537093562907113,215.65847552411643,20,2017,1,20
2017-01-21,0N90E,30.537019130939587,215.91186614185446,21,2017,1,21
2017-01-22,0N90E,30.536944698972057,216.1652567595925,22,2017,1,22
2017-01-23,0N90E,30.536870267004527,216.41864737733053,23,2017,1,23
2017-01-24,0N90E,30.536795835036997,216.67203799506856,24,2017,1,24
2017-01-25,0N90E,30.536721403069468,216.9254286128066,25,2017,1,25
2017-01-26,0N90E,30.53664697110194,217.17881923054466,26,2017,1,26
2017-01-27,0N90E,30.53657253913441,217.4322098482827,27,2017,1,27
2017-01-28,0N90E,30.53649810716688,217.68560046602073,28,2017,1,28
2017-01-29,0N90E,30.53642367519935,217.93899108375876,29,2017,1,29
2017-01-30,0N90E,30.53634924323182,218.1923817014968,30,2017,1,30
2017-01-31,0N90E,30.536274811264295,218.44577231923483,31,2017,1,31
2017-02-01,0N90E,30.536200379296766,218.69916293697287,32,2017,2,1
2017-02-02,0N90E,30.536125947329236,218.9525535547109,33,2017,2,2
2017-02-03,0N90E,30.536051515361706,219.20594417244894,34,2017,2,3
2017-02-04,0N90E,30.535977083394176,219.45933479018697,35,2017,2,4
2017-02-05,0N90E,30.53590265142665,219.712725407925,36,2017,2,5
2017-02-06,0N90E,30.53582821945912,219.96611602566304,37,2017,2,6
2017-02-07,0N90E,30.53575378749159,220.2195066434011,38,2017,2,7
2017-02-08,0N90E,30.53567935552406,220.47289726113914,39,2017,2,8
2017-02-09,0N90E,30.53560492355653,220.72628787887717,40,2017,2,9
2017-02-10,0N90E,30.535530491589004,220.9796784966152,41,2017,2,10
2017-02-11,0N90E,30.535456059621474,221.23306911435324,42,2017,2,11
2017-02-12,0N90E,30.535381627653944,221.48645973209128,43,2017,2,12
2017-02-13,0N90E,30.535307195686414,221.7398503498293,44,2017,2,13
2017-02-14,0N90E,30.535232763718888,221.99324096756737,45,2017,2,14
2017-02-15,0N90E,30.535158331751358,222.2466315853054,46,2017,2,15
2017-02-16,0N90E,30.535083899783828,222.50002220304344,47,2017,2,16
2017-02-17,0N90E,30.535009467816298,222.75341282078148,48,2017,2,17
2017-02-18,0N90E,30.53493503584877,223.0068034385195,49,2017,2,18
2017-02-19,0N90E,30.534860603881242,223.26019405625755,50,2017,2,19
2017-02-20,0N90E,30.534786171913712,223.51358467399558,51,2017,2,20
2017-02-21,0N90E,30.534711739946182,223.76697529173362,52,2017,2,21
2017-02-22,0N90E,30.534637307978652,224.02036590947165,53,2017,2,22
2017-02-23,0N90E,30.534562876011123,224.27375652720968,54,2017,2,23
2017-02-24,0N90E,30.534488444043596,224.52714714494772,55,2017,2,24
2017-02-25,0N90E,30.534414012076066,224.78053776268575,56,2017,2,25
2017-02-26,0N90E,30.534339580108536,225.03392838042382,57,2017,2,26
2017-02-27,0N90E,30.534265148141007,225.28731899816185,58,2017,2,27
2017-02-28,0N90E,30.534190716173477,225.54070961589989,59,2017,2,28
2017-03-01,0N90E,30.53411628420595,225.79410023363792,60,2017,3,1
2017-03-02,0N90E,30.53404185223842,226.04749085137595,61,2017,3,2
2017-03-03,0N90E,29.28,235.26,62,2017,3,3
2017-03-04,0N90E,29.45,303.61,63,2017,3,4
2017-03-05,0N90E,29.06,102.83,64,2017,3,5
2017-03-06,0N90E,29.38,294.52,65,2017,3,6
2017-03-07,0N90E,29.59,308.62,66,2017,3,7
2017-03-08,0N90E,29.6,288.76,67,2017,3,8
2017-03-09,0N90E,29.72,296.06,68,2017,3,9
2017-03-10,0N90E,29.82,292.51,69,2017,3,10
2017-03-11,0N90E,29.47,245.44,70,2017,3,11
2017-03-12,0N90E,29.41,307.53,71,2017,3,12
2017-03-13,0N90E,29.42,306.46,72,2017,3,13
2017-03-14,0N90E,29.66,316.09,73,2017,3,14
2017-03-15,0N90E,29.68,302.91,74,2017,3,15
2017-03-16,0N90E,29.41,306.76,75,2017,3,16
2017-03-17,0N90E,29.34,315.32,76,2017,3,17
2017-03-18,0N90E,29.34,215.88,77,2017,3,18
2017-03-19,0N90E,29.32,278.38,78,2017,3,19
2017-03-20,0N90E,29.35,299.59,79,2017,3,20
2017-03-21,0N90E,29.32,236.95,80,2017,3,21
2017-03-22,0N90E,29.31,293.2,81,2017,3,22
2017-03-23,0N90E,29.53,272.13,82,2017,3,23
2017-03-24,0N90E,29.67,265.35,83,2017,3,24
2017-03-25,0N90E,29.68,212.67,84,2017,3,25
2017-03-26,0N90E,29.64,299.73,85,2017,3,26
2017-03-27,0N90E,29.56,255.61,86,2017,3,27
2017-03-28,0N90E,29.4,238.71,87,2017,3,28
2017-03-29,0N90E,29.69,255.13,88,2017,3,29
2017-03-30,0N90E,29.9,288.64,89,2017,3,30
2017-03-31,0N90E,29.76,270.61,90,2017,3,31
2017-04-01,0N90E,29.67,270.69,91,2017,4,1
2017-04-02,0N90E,29.64,247.48,92,2017,4,2
2017-04-03,0N90E,29.7,243.37,93,2017,4,3
2017-04-04,0N90E,29.72,260.39,94,2017,4,4
2017-04-05,0N90E,29.7,260.02,95,2017,4,5
2017-04-06,0N90E,29.5,107.51,96,2017,4,6
2017-04-07,0N90E,29.47,255.41,97,2017,4,7
2017-04-08,0N90E,29.48,274.01,98,2017,4,8
2017-04-09,0N90E,29.58,287.2,99,2017,4,9
2017-04-10,0N90E,29.5,213.83,100,2017,4,10
2017-04-11,0N90E,29.44,180.41,101,2017,4,11
2017-04-12,0N90E,29.4,137.51,102,2017,4,12
2017-04-13,0N90E,29.49,212.59,103,2017,4,13
2017-04-14,0N90E,29.76,233.37,104,2017,4,14
2017-04-15,0N90E,29.77,255.54,105,2017,4,15
2017-04-16,0N90E,29.53,228.68,106,2017,4,16
2017-04-17,0N90E,29.64,244.56,107,2017,4,17
2017-04-18,0N90E,29.64,258.48,108,2017,4,18
2017-04-19,0N90E,29.7,269.05,109,2017,4,19
2017-04-20,0N90E,29.67,273.2,110,2017,4,20
2017-04-21,0N90E,29.59,175.2,111,2017,4,21
2017-04-22,0N90E,29.66,216.06,112,2017,4,22
2017-04-23,0N90E,29.95,265.93,113,2017,4,23
2017-04-24,0N90E,30.15,257.88,114,2017,4,24
2017-04-25,0N90E,30.37,267.63,115,2017,4,25
2017-04-26,0N90E,30.25,278.75,116,2017,4,26
2017-04-27,0N90E,29.92,212.8,117,2017,4,27
2017-04-28,0N90E,30.11,254.91,118,2017,4,28
2017-04-29,0N90E,30.55,254.82,119,2017,4,29
2017-04-30,0N90E,30.14,208.14,120,2017,4,30
2017-05-01,0N90E,30.18,233.13,121,2017,5,1
2017-05-02,0N90E,30.3,242.64,122,2017,5,2
2017-05-03,0N90E,30.01,234.19,123,2017,5,3
2017-05-04,0N90E,29.85,68.59,124,2017,5,4
2017-05-05,0N90E,29.51,60.94,125,2017,5,5
2017-05-06,0N90E,30.27,280.3,126,2017,5,6
2017-05-07,0N90E,30.51,267.76,127,2017,5,7
2017-05-08,0N90E,30.75,274.57,128,2017,5,8
2017-05-09,0N90E,30.36,278.95,129,2017,5,9
2017-05-10,0N90E,30.16,217.1,130,2017,5,10
2017-05-11,0N90E,29.93,158.21,131,2017,5,11
2017-05-12,0N90E,30.13,270.44,132,2017,5,12
2017-05-13,0N90E,30.3,261.68,133,2017,5,13
2017-05-14,0N90E,30.38,251.48,134,2017,5,14
2017-05-15,0N90E,30.48,262.24,135,2017,5,15
2017-05-16,0N90E,30.37,209.73,136,2017,5,16
2017-05-17,0N90E,29.98,110.99,137,2017,5,17
2017-05-18,0N90E,30.02,185.93,138,2017,5,18
2017-05-19,0N90E,30.04,195.71,139,2017,5,19
2017-05-20,0N90E,29.85,140.75,140,2017,5,20
2017-05-21,0N90E,29.81,100.08,141,2017,5,21
2017-05-22,0N90E,29.92,248.23,142,2017,5,22
2017-05-23,0N90E,29.95,247.68,143,2017,5,23
2017-05-24,0N90E,29.88,215.41,144,2017,5,24
2017-05-25,0N90E,29.72,204.44,145,2017,5,25
2017-05-26,0N90E,29.73,249.4,146,2017,5,26
2017-05-27,0N90E,29.63,68.41,147,2017,5,27
2017-05-28,0N90E,29.69,186.09,148,2017,5,28
2017-05-29,0N90E,29.79,226.01,149,2017,5,29
2017-05-30,0N90E,29.54,91.45,150,2017,5,30
2017-05-31,0N90E,29.57,237.1,151,2017,5,31
2017-06-01,0N90E,29.66,228.05,152,2017,6,1
2017-06-02,0N90E,29.77,267.66,153,2017,6,2
2017-06-03,0N90E,29.92,258.83,154,2017,6,3
2017-06-04,0N90E,30.05,262.23,155,2017,6,4
2017-06-05,0N90E,29.76,263.1,156,2017,6,5
2017-06-06,0N90E,29.62,245.4,157,2017,6,6
2017-06-07,0N90E,29.66,228.54,158,2017,6,7
2017-06-08,0N90E,29.51,71.44,159,2017,6,8
2017-06-09,0N90E,29.5,160.97,160,2017,6,9
2017-06-10,0N90E,29.52,255.29,161,2017,6,10
2017-06-11,0N90E,29.73,191.28,162,2017,6,11
2017-06-12,0N90E,29.7,194.84,163,2017,6,12
2017-06-13,0N90E,29.79,259.78,164,2017,6,13
2017-06-14,0N90E,29.78,274.34,165,2017,6,14
2017-06-15,0N90E,29.97,264.76,166,2017,6,15
2017-06-16,0N90E,29.93,255.66,167,2017,6,16
2017-06-17,0N90E,29.78,269.61,168,2017,6,17
2017-06-18,0N90E,29.81,268.86,169,2017,6,18
2017-06-19,0N90E,30.01,268.42,170,2017,6,19
2017-06-20,0N90E,30.2,260.82,171,2017,6,20
2017-06-21,0N90E,30.32,272.55,172,2017,6,21
2017-06-22,0N90E,30.31,263.58,173,2017,6,22
2017-06-23,0N90E,30.11,248.42,174,2017,6,23
2017-06-24,0N90E,30.02,180.53,175,2017,6,24
2017-06-25,0N90E,29.85,68.19,176,2017,6,25
2017-06-26,0N90E,30.26,180.55,177,2017,6,26
2017-06-27,0N90E,30.09,180.7844411764706,178,2017,6,27
2017-06-28,0N90E,30.08,181.01888235294118,179,2017,6,28
2017-06-29,0N90E,30.27,181.25332352941177,180,2017,6,29
2017-06-30,0N90E,30.29,163.10964943358823,181,2017,6,30
2017-07-01,0N90E,30.38,163.3874291734267,182,2017,7,1
2017-07-02,0N90E,30.56,163.66520891326516,183,2017,7,2
2017-07-03,0N90E,30.15,163.94298865310364,184,2017,7,3
2017-07-04,0N90E,30.05,164.22076839294212,185,2017,7,4
2017-07-05,0N90E,29.94,164.4985481327806,186,2017,7,5
2017-07-06,0N90E,29.87,164.77632787261905,187,2017,7,6
2017-07-07,0N90E,29.85,165.05410761245753,188,2017,7,7
2017-07-08,0N90E,29.86,165.331887352296,189,2017,7,8
2017-07-09,0N90E,29.82,165.6096670921345,190,2017,7,9
2017-07-10,0N90E,29.83,165.88744683197297,191,2017,7,10
2017-07-11,0N90E,29.69,166.16522657181142,192,2017,7,11
2017-07-12,0N90E,29.72,166.4430063116499,193,2017,7,12
2017-07-13,0N90E,29.64,166.72078605148837,194,2017,7,13
2017-07-14,0N90E,29.53,166.99856579132685,195,2017,7,14
2017-07-15,0N90E,29.57,167.2763455311653,196,2017,7,15
2017-07-16,0N90E,29.57,167.55412527100378,197,2017,7,16
2017-07-17,0N90E,29.73,167.83190501084226,198,2017,7,17
2017-07-18,0N90E,29.71,168.10968475068074,199,2017,7,18
2017-07-19,0N90E,29.76,168.38746449051922,200,2017,7,19
2017-07-20,0N90E,29.76,168.66524423035767,201,2017,7,20
2017-07-21,0N90E,29.81,168.94302397019615,202,2017,7,21
2017-07-22,0N90E,29.83,169.22080371003463,203,2017,7,22
2017-07-23,0N90E,29.86,169.4985834498731,204,2017,7,23
2017-07-24,0N90E,30.03,169.7763631897116,205,2017,7,24
2017-07-25,0N90E,30.05,170.05414292955004,206,2017,7,25
2017-07-26,0N90E,29.89,170.33192266938852,207,2017,7,26
2017-07-27,0N90E,29.75,170.609702409227,208,2017,7,27
2017-07-28,0N90E,29.7,170.88748214906548,209,2017,7,28
2017-07-29,0N90E,29.73,171.16526188890393,210,2017,7,29
2017-07-30,0N90E,29.65,171.4430416287424,211,2017,7,30
2017-07-31,0N90E,29.55,171.72082136858089,212,2017,7,31
2017-08-01,0N90E,29.64,171.99860110841936,213,2017,8,1
2017-08-02,0N90E,29.51,172.27638084825784,214,2017,8,2
2017-08-03,0N90E,29.35,172.5541605880963,215,2017,8,3
2017-08-04,0N90E,29.21,172.83194032793477,216,2017,8,4
2017-08-05,0N90E,29.11,173.10972006777325,217,2017,8,5
2017-08-06,0N90E,29.11,173.38749980761173,218,2017,8,6
2017-08-07,0N90E,29.07,173.6652795474502,219,2017,8,7
2017-08-08,0N90E,29.13,173.94305928728866,220,2017,8,8
2017-08-09,0N90E,29.44,174.22083902712714,221,2017,8,9
2017-08-10,0N90E,29.26,174.49861876696562,222,2017,8,10
2017-08-11,0N90E,28.94,174.7763985068041,223,2017,8,11
2017-08-12,0N90E,28.97,175.05417824664255,224,2017,8,12
2017-08-13,0N90E,28.96,175.33195798648103,225,2017,8,13
2017-08-14,0N90E,28.89,175.6097377263195,226,2017,8,14
2017-08-15,0N90E,28.74,175.887517466158,227,2017,8,15
2017-08-16,0N90E,29.07,176.16529720599647,228,2017,8,16
2017-08-17,0N90E,29.15,176.44307694583492,229,2017,8,17
2017-08-18,0N90E,29.06,176.7208566856734,230,2017,8,18
2017-08-19,0N90E,29.22,176.99863642551188,231,2017,8,19
2017-08-20,0N90E,29.45,177.27641616535035,232,2017,8,20
2017-08-21,0N90E,29.12,177.5541959051888,233,2017,8,21
2017-08-22,0N90E,29.09,177.83197564502728,234,2017,8,22
2017-08-23,0N90E,29.31,178.10975538486576,235,2017,8,23
2017-08-24,0N90E,29.21,178.38753512470424,236,2017,8,24
2017-08-25,0N90E,29.23,178.66531486454272,237,2017,8,25
2017-08-26,0N90E,28.89,178.94309460438117,238,2017,8,26
2017-08-27,0N90E,28.81,179.22087434421965,239,2017,8,27
2017-08-28,0N90E,28.97,179.49865408405813,240,2017,8,28
2017-08-29,0N90E,29.36,179.7764338238966,241,2017,8,29
2017-08-30,0N90E,29.45,180.05421356373506,242,2017,8,30
2017-08-31,0N90E,29.44,180.33199330357354,243,2017,8,31
2017-09-01,0N90E,29.21,180.60977304341202,244,2017,9,1
2017-09-02,0N90E,29.15,180.8875527832505,245,2017,9,2
2017-09-03,0N90E,29.11,181.16533252308898,246,2017,9,3
2017-09-04,0N90E,28.98,181.44311226292743,247,2017,9,4
2017-09-05,0N90E,28.95,181.7208920027659,248,2017,9,5
2017-09-06,0N90E,28.8,181.9986717426044,249,2017,9,6
2017-09-07,0N90E,28.85,182.27645148244287,250,2017,9,7
2017-09-08,0N90E,28.84,182.55423122228132,251,2017,9,8
2017-09-09,0N90E,28.87,182.8320109621198,252,2017,9,9
2017-09-10,0N90E,29.0,183.10979070195827,253,2017,9,10
2017-09-11,0N90E,29.28,183.38757044179675,254,2017,9,11
2017-09-12,0N90E,29.11,183.66535018163523,255,2017,9,12
2017-09-13,0N90E,29.42,183.94312992147368,256,2017,9,13
2017-09-14,0N90E,29.2,184.22090966131216,257,2017,9,14
2017-09-15,0N90E,29.0,184.49868940115064,258,2017,9,15
2017-09-16,0N90E,29.0,184.77646914098912,259,2017,9,16
2017-09-17,0N90E,29.09,185.05424888082757,260,2017,9,17
2017-09-18,0N90E,29.07,185.33202862066605,261,2017,9,18
2017-09-19,0N90E,28.92,185.60980836050453,262,2017,9,19
2017-09-20,0N90E,29.05,185.887588100343,263,2017,9,20
2017-09-21,0N90E,29.09,186.1653678401815,264,2017,9,21
2017-09-22,0N90E,29.41,186.44314758001994,265,2017,9,22
2017-09-23,0N90E,29.07,186.72092731985842,266,2017,9,23
2017-09-24,0N90E,29.1,186.9987070596969,267,2017,9,24
2017-09-25,0N90E,29.15,187.27648679953538,268,2017,9,25
2017-09-26,0N90E,29.32,187.55426653937383,269,2017,9,26
2017-09-27,0N90E,29.87,187.8320462792123,270,2017,9,27
2017-09-28,0N90E,29.21,188.1098260190508,271,2017,9,28
2017-09-29,0N90E,29.17,188.38760575888926,272,2017,9,29
2017-09-30,0N90E,29.19,188.66538549872774,273,2017,9,30
2017-10-01,0N90E,29.38,188.94316523856622,274,2017,10,1
2017-10-02,0N90E,29.7,189.22094497840467,275,2017,10,2
2017-10-03,0N90E,29.9,189.49872471824315,276,2017,10,3
2017-10-04,0N90E,29.42,189.77650445808163,277,2017,10,4
2017-10-05,0N90E,29.13,190.05428419792008,278,2017,10,5
2017-10-06,0N90E,29.29,190.33206393775856,279,2017,10,6
2017-10-07,0N90E,29.04,190.60984367759704,280,2017,10,7
2017-10-08,0N90E,28.93,190.88762341743552,281,2017,10,8
2017-10-09,0N90E,28.89,191.165403157274,282,2017,10,9
2017-10-10,0N90E,28.87,191.44318289711248,283,2017,10,10
2017-10-11,0N90E,29.01,191.72096263695093,284,2017,10,11
2017-10-12,0N90E,28.98,191.9987423767894,285,2017,10,12
2017-10-13,0N90E,29.05,192.2765221166279,286,2017,10,13
2017-10-14,0N90E,29.14,192.55430185646637,287,2017,10,14
2017-10-15,0N90E,29.06,192.83208159630482,288,2017,10,15
2017-10-16,0N90E,29.39,193.1098613361433,289,2017,10,16
2017-10-17,0N90E,29.08,193.38764107598178,290,2017,10,17
2017-10-18,0N90E,29.17,193.66542081582026,291,2017,10,18
2017-10-19,0N90E,29.19,193.94320055565873,292,2017,10,19
2017-10-20,0N90E,29.6,194.22098029549718,293,2017,10,20
2017-10-21,0N90E,29.8,194.49876003533566,294,2017,10,21
2017-10-22,0N90E,29.53,194.77653977517414,295,2017,10,22
2017-10-23,0N90E,29.59,195.0543195150126,296,2017,10,23
2017-10-24,0N90E,29.79,195.33209925485107,297,2017,10,24
2017-10-25,0N90E,29.86,195.60987899468955,298,2017,10,25
2017-10-26,0N90E,29.8,195.88765873452803,299,2017,10,26
2017-10-27,0N90E,29.75,196.1654384743665,300,2017,10,27
2017-10-28,0N90E,29.85,196.443218214205,301,2017,10,28
2017-10-29,0N90E,29.63,196.72099795404344,302,2017,10,29
2017-10-30,0N90E,29.6,196.99877769388192,303,2017,10,30
2017-10-31,0N90E,29.5,197.2765574337204,304,2017,10,31
2017-11-01,0N90E,29.28,197.55433717355888,305,2017,11,1
2017-11-02,0N90E,29.13,197.83211691339733,306,2017,11,2
2017-11-03,0N90E,28.97,198.1098966532358,307,2017,11,3
2017-11-04,0N90E,29.0,198.3876763930743,308,2017,11,4
2017-11-05,0N90E,29.06,198.66545613291277,309,2017,11,5
2017-11-06,0N90E,28.92,198.94323587275125,310,2017,11,6
2017-11-07,0N90E,28.85,199.2210156125897,311,2017,11,7
2017-11-08,0N90E,28.88,199.49879535242817,312,2017,11,8
2017-11-09,0N90E,28.84,199.77657509226665,313,2017,11,9
2017-11-10,0N90E,28.76,200.05435483210513,314,2017,11,10
2017-11-11,0N90E,28.85,200.33213457194358,315,2017,11,11
2017-11-12,0N90E,28.96,200.60991431178206,316,2017,11,12
2017-11-13,0N90E,29.26,200.88769405162054,317,2017,11,13
2017-11-14,0N90E,29.16,201.16547379145902,318,2017,11,14
2017-11-15,0N90E,29.25,201.4432535312975,319,2017,11,15
2017-11-16,0N90E,29.4,201.72103327113598,320,2017,11,16
2017-11-17,0N90E,29.12,201.99881301097443,321,2017,11,17
2017-11-18,0N90E,29.07,202.2765927508129,322,2017,11,18
2017-11-19,0N90E,29.07,202.5543724906514,323,2017,11,19
2017-11-20,0N90E,29.0,202.83215223048984,324,2017,11,20
2017-11-21,0N90E,28.84,203.10993197032832,325,2017,11,21
2017-11-22,0N90E,28.88,203.3877117101668,326,2017,11,22
2017-11-23,0N90E,28.82,203.66549145000528,327,2017,11,23
2017-11-24,0N90E,28.78,203.94327118984376,328,2017,11,24
2017-11-25,0N90E,28.75,204.22105092968224,329,2017,11,25
2017-11-26,0N90E,28.85,204.4988306695207,330,2017,11,26
2017-11-27,0N90E,28.79,204.77661040935917,331,2017,11,27
2017-11-28,0N90E,28.86,205.05439014919764,332,2017,11,28
2017-11-29,0N90E,28.96,205.3321698890361,333,2017,11,29
2017-11-30,0N90E,28.86,205.60994962887457,334,2017,11,30
2017-12-01,0N90E,28.68,205.88772936871305,335,2017,12,1
2017-12-02,0N90E,28.68,206.16550910855153,336,2017,12,2
2017-12-03,0N90E,28.64,206.44328884839,337,2017,12,3
2017-12-04,0N90E,28.62,206.7210685882285,338,2017,12,4
2017-12-05,0N90E,28.63,206.99884832806694,339,2017,12,5
2017-12-06,0N90E,28.62,207.27662806790542,340,2017,12,6
2017-12-07,0N90E,28.69,207.5544078077439,341,2017,12,7
2017-12-08,0N90E,28.81,207.83218754758235,342,2017,12,8
2017-12-09,0N90E,28.98,208.10996728742083,343,2017,12,9
2017-12-10,0N90E,29.08,208.3877470272593,344,2017,12,10
2017-12-11,0N90E,28.96,208.6655267670978,345,2017,12,11
2017-12-12,0N90E,29.14,208.94330650693627,346,2017,12,12
2017-12-13,0N90E,29.17,209.22108624677475,347,2017,12,13
2017-12-14,0N90E,29.24,209.4988659866132,348,2017,12,14
2017-12-15,0N90E,29.37,209.77664572645168,349,2017,12,15
2017-12-16,0N90E,29.52,210.05442546629016,350,2017,12,16
2017-12-17,0N90E,29.57,210.3322052061286,351,2017,12,17
2017-12-18,0N90E,29.62,210.60998494596708,352,2017,12,18
2017-12-19,0N90E,29.63,210.88776468580556,353,2017,12,19
2017-12-20,0N90E,29.48,211.16554442564404,354,2017,12,20
2017-12-21,0N90E,29.32,211.44332416548252,355,2017,12,21
2017-12-22,0N90E,29.13,211.721103905321,356,2017,12,22
2017-12-23,0N90E,29.21,211.99888364515945,357,2017,12,23
2017-12-24,0N90E,29.06,212.27666338499793,358,2017,12,24
2017-12-25,0N90E,28.95,212.5544431248364,359,2017,12,25
2017-12-26,0N90E,28.88,212.83222286467486,360,2017,12,26
2017-12-27,0N90E,29.13,213.11000260451334,361,2017,12,27
2017-12-28,0N90E,29.23,213.38778234435182,362,2017,12,28
2017-12-29,0N90E,29.14,213.6655620841903,363,2017,12,29
2017-12-30,0N90E,29.03,213.94334182402878,364,2017,12,30
2017-12-31,0N90E,28.96,214.22112156386726,365,2017,12,31
2018-01-01,0N90E,28.92,214.4989013037057,1,2018,1,1
2018-01-02,0N90E,28.73,214.7766810435442,2,2018,1,2
2018-01-03,0N90E,28.71,215.05446078338267,3,2018,1,3
2018-01-04,0N90E,28.65,215.33224052322115,4,2018,1,4
2018-01-05,0N90E,28.67,215.6100202630596,5,2018,1,5
2018-01-06,0N90E,28.69,215.88780000289808,6,2018,1,6
2018-01-07,0N90E,28.81,216.16557974273655,7,2018,1,7
2018-01-08,0N90E,29.21,216.44335948257503,8,2018,1,8
2018-01-09,0N90E,29.23,216.7211392224135,9,2018,1,9
2018-01-10,0N90E,29.13,216.99891896225196,10,2018,1,10
2018-01-11,0N90E,29.03,217.27669870209044,11,2018,1,11
2018-01-12,0N90E,28.9,217.55447844192892,12,2018,1,12
2018-01-13,0N90E,28.82,217.8322581817674,13,2018,1,13
2018-01-14,0N90E,28.9,218.11003792160585,14,2018,1,14
2018-01-15,0N90E,29.04,218.38781766144433,15,2018,1,15
2018-01-16,0N90E,28.9,218.6655974012828,16,2018,1,16
2018-01-17,0N90E,28.91,218.9433771411213,17,2018,1,17
2018-01-18,0N90E,28.87,219.22115688095977,18,2018,1,18
2018-01-19,0N90E,29.0,219.49893662079825,19,2018,1,19
2018-01-20,0N90E,28.97,219.7767163606367,20,2018,1,20
2018-01-21,0N90E,28.94,220.05449610047518,21,2018,1,21
2018-01-22,0N90E,28.94,220.33227584031366,22,2018,1,22
2018-01-23,0N90E,28.81,220.6100555801521,23,2018,1,23
2018-01-24,0N90E,28.85,220.8878353199906,24,2018,1,24
2018-01-25,0N90E,29.01,221.16561505982907,25,2018,1,25
2018-01-26,0N90E,28.99,221.44339479966754,26,2018,1,26
2018-01-27,0N90E,29.02,221.72117453950602,27,2018,1,27
2018-01-28,0N90E,29.03,221.9989542793445,28,2018,1,28
2018-01-29,0N90E,29.58,222.27673401918295,29,2018,1,29
2018-01-30,0N90E,29.7,222.55451375902143,30,2018,1,30
2018-01-31,0N90E,29.77,222.8322934988599,31,2018,1,31
2018-02-01,0N90E,29.82,223.11007323869836,32,2018,2,1
2018-02-02,0N90E,29.91,223.38785297853684,33,2018,2,2
2018-02-03,0N90E,30.04,223.66563271837532,34,2018,2,3
2018-02-04,0N90E,29.58,223.9434124582138,35,2018,2,4
2018-02-05,0N90E,29.51,224.22119219805228,36,2018,2,5
2018-02-06,0N90E,29.33,224.49897193789076,37,2018,2,6
2018-02-07,0N90E,29.27,224.7767516777292,38,2018,2,7
2018-02-08,0N90E,29.23,225.0545314175677,39,2018,2,8
2018-02-09,0N90E,29.71,225.33231115740617,40,2018,2,9
2018-02-10,0N90E,29.45,225.61009089724462,41,2018,2,10
2018-02-11,0N90E,29.58,225.8878706370831,42,2018,2,11
2018-02-12,0N90E,29.59,226.16565037692158,43,2018,2,12
2018-02-13,0N90E,29.64,226.44343011676006,44,2018,2,13
2018-02-14,0N90E,29.48,226.72120985659853,45,2018,2,14
2018-02-15,0N90E,30.0,226.998989596437,46,2018,2,15
2018-02-16,0N90E,29.82,227.27676933627546,47,2018,2,16
2018-02-17,0N90E,29.85,227.55454907611394,48,2018,2,17
2018-02-18,0N90E,30.14,227.83232881595242,49,2018,2,18
2018-02-19,0N90E,29.56,228.11010855579087,50,2018,2,19
2018-02-20,0N90E,29.78,228.38788829562935,51,2018,2,20
2018-02-21,0N90E,29.83,228.66566803546783,52,2018,2,21
2018-02-22,0N90E,29.62,228.9434477753063,53,2018,2,22
2018-02-23,0N90E,29.56,229.2212275151448,54,2018,2,23
2018-02-24,0N90E,29.63,229.49900725498327,55,2018,2,24
2018-02-25,0N90E,29.72,229.77678699482175,56,2018,2,25
2018-02-26,0N90E,30.21,230.0545667346602,57,2018,2,26
2018-02-27,0N90E,30.65,230.33234647449868,58,2018,2,27
2018-02-28,0N90E,30.53,230.61012621433713,59,2018,2,28
2018-03-01,0N90E,30.85,230.8879059541756,60,2018,3,1
2018-03-02,0N90E,30.51,231.1656856940141,61,2018,3,2
2018-03-03,0N90E,30.49,231.44346543385257,62,2018,3,3
2018-03-04,0N90E,30.4,231.72124517369105,63,2018,3,4
2018-03-05,0N90E,30.33,231.99902491352952,64,2018,3,5
2018-03-06,0N90E,30.43,232.276804653368,65,2018,3,6
2018-03-07,0N90E,30.45,232.55458439320645,66,2018,3,7
2018-03-08,0N90E,30.53,232.83236413304493,67,2018,3,8
2018-03-09,0N90E,30.15,233.11014387288338,68,2018,3,9
2018-03-10,0N90E,30.01,233.38792361272186,69,2018,3,10
2018-03-11,0N90E,29.78,233.66570335256034,70,2018,3,11
2018-03-12,0N90E,29.54,233.94348309239882,71,2018,3,12
2018-03-13,0N90E,29.56,234.2212628322373,72,2018,3,13
2018-03-14,0N90E,29.83,234.49904257207578,73,2018,3,14
2018-03-15,0N90E,29.82,234.77682231191426,74,2018,3,15
2018-03-16,0N90E,30.06,235.0546020517527,75,2018,3,16
2018-03-17,0N90E,30.35,235.3323817915912,76,2018,3,17
2018-03-18,0N90E,30.2,235.61016153142964,77,2018,3,18
2018-03-19,0N90E,30.31,235.88794127126812,78,2018,3,19
2018-03-20,0N90E,30.21,236.1657210111066,79,2018,3,20
2018-03-21,0N90E,30.17,236.44350075094508,80,2018,3,21
2018-03-22,0N90E,29.91,236.72128049078356,81,2018,3,22
2018-03-23,0N90E,29.8,236.99906023062204,82,2018,3,23
2018-03-24,0N90E,29.96,237.27683997046051,83,2018,3,24
2018-03-25,0N90E,29.89,237.55461971029897,84,2018,3,25
2018-03-26,0N90E,29.71,237.83239945013744,85,2018,3,26
2018-03-27,0N90E,29.84,238.1101791899759,86,2018,3,27
2018-03-28,0N90E,29.39,238.38795892981437,87,2018,3,28
2018-03-29,0N90E,29.72,238.66573866965285,88,2018,3,29
2018-03-30,0N90E,29.56,238.94351840949133,89,2018,3,30
2018-03-31,0N90E,29.72,239.2212981493298,90,2018,3,31
2018-04-01,0N90E,29.53,239.4990778891683,91,2018,4,1
2018-04-02,0N90E,29.87,239.77685762900677,92,2018,4,2
2018-04-03,0N90E,30.1,240.05463736884522,93,2018,4,3
2018-04-04,0N90E,30.25,240.3324171086837,94,2018,4,4
2018-04-05,0N90E,30.08,240.61019684852218,95,2018,4,5
2018-04-06,0N90E,30.07,240.88797658836063,96,2018,4,6
2018-04-07,0N90E,30.08,241.1657563281991,97,2018,4,7
2018-04-08,0N90E,29.95,241.4435360680376,98,2018,4,8
2018-04-09,0N90E,30.19,241.72131580787607,99,2018,4,9
2018-04-10,0N90E,29.77,241.99909554771455,100,2018,4,10
2018-04-11,0N90E,30.58,242.27687528755303,101,2018,4,11
2018-04-12,0N90E,30.54,242.55465502739148,102,2018,4,12
2018-04-13,0N90E,30.44,242.83243476722996,103,2018,4,13
2018-04-14,0N90E,29.84,243.11021450706843,104,2018,4,14
2018-04-15,0N90E,30.05,243.38799424690689,105,2018,4,15
2018-04-16,0N90E,30.01,243.66577398674536,106,2018,4,16
2018-04-17,0N90E,30.31,243.94355372658384,107,2018,4,17
2018-04-18,0N90E,30.39,244.22133346642232,108,2018,4,18
2018-04-19,0N90E,30.33,244.4991132062608,109,2018,4,19
2018-04-20,0N90E,30.16,244.77689294609928,110,2018,4,20
2018-04-21,0N90E,30.07,245.05467268593773,111,2018,4,21
2018-04-22,0N90E,30.05,245.3324524257762,112,2018,4,22
2018-04-23,0N90E,30.05,245.6102321656147,113,2018,4,23
2018-04-24,0N90E,30.16,245.88801190545314,114,2018,4,24
2018-04-25,0N90E,29.93,246.16579164529162,115,2018,4,25
2018-04-26,0N90E,29.89,246.4435713851301,116,2018,4,26
2018-04-27,0N90E,30.06,246.72135112496858,117,2018,4,27
2018-04-28,0N90E,30.15,246.99913086480706,118,2018,4,28
2018-04-29,0N90E,30.18,247.27691060464554,119,2018,4,29
2018-04-30,0N90E,29.91,247.55469034448402,120,2018,4,30
2018-05-01,0N90E,30.1,247.83247008432247,121,2018,5,1
2018-05-02,0N90E,30.0,248.11024982416095,122,2018,5,2
2018-05-03,0N90E,30.33,248.3880295639994,123,2018,5,3
2018-05-04,0N90E,30.32,248.66580930383788,124,2018,5,4
2018-05-05,0N90E,30.08,248.94358904367635,125,2018,5,5
2018-05-06,0N90E,29.98,249.22136878351483,126,2018,5,6
2018-05-07,0N90E,29.88,249.4991485233533,127,2018,5,7
2018-05-08,0N90E,29.99,249.7769282631918,128,2018,5,8
2018-05-09,0N90E,29.92,250.05470800303027,129,2018,5,9
2018-05-10,0N90E,30.01,250.33248774286872,130,2018,5,10
2018-05-11,0N90E,30.35,250.6102674827072,131,2018,5,11
2018-05-12,0N90E,30.13,250.88804722254565,132,2018,5,12
2018-05-13,0N90E,30.38,251.16582696238413,133,2018,5,13
2018-05-14,0N90E,30.34,251.4436067022226,134,2018,5,14
2018-05-15,0N90E,30.27,251.7213864420611,135,2018,5,15
2018-05-16,0N90E,29.87,251.99916618189957,136,2018,5,16
2018-05-17,0N90E,29.66,252.27694592173805,137,2018,5,17
2018-05-18,0N90E,30.02,252.55472566157653,138,2018,5,18
2018-05-19,0N90E,29.98,252.83250540141498,139,2018,5,19
2018-05-20,0N90E,30.21,253.11028514125346,140,2018,5,20
2018-05-21,0N90E,30.44,253.3880648810919,141,2018,5,21
2018-05-22,0N90E,30.26,253.6658446209304,142,2018,5,22
2018-05-23,0N90E,30.05,253.94362436076887,143,2018,5,23
2018-05-24,0N90E,30.29,254.22140410060734,144,2018,5,24
2018-05-25,0N90E,29.98,254.49918384044582,145,2018,5,25
2018-05-26,0N90E,29.97,254.7769635802843,146,2018,5,26
2018-05-27,0N90E,30.14,255.05474332012278,147,2018,5,27
2018-05-28,0N90E,30.03,255.33252305996123,148,2018,5,28
2018-05-29,0N90E,30.18,255.6103027997997,149,2018,5,29
2018-05-30,0N90E,30.25,255.88808253963816,150,2018,5,30
2018-05-31,0N90E,30.32,256.16586227947664,151,2018,5,31
2018-06-01,0N90E,30.39,260.26,152,2018,6,1
2018-06-02,0N90E,30.33,281.57,153,2018,6,2
2018-06-03,0N90E,30.29,238.96,154,2018,6,3
2018-06-04,0N90E,30.16,265.95,155,2018,6,4
2018-06-05,0N90E,30.19,230.44,156,2018,6,5
2018-06-06,0N90E,30.19,217.66,157,2018,6,6
2018-06-07,0N90E,30.07,223.81,158,2018,6,7
2018-06-08,0N90E,30.05,245.11,159,2018,6,8
2018-06-09,0N90E,30.01,229.97,160,2018,6,9
2018-06-10,0N90E,30.15,263.58,161,2018,6,10
2018-06-11,0N90E,30.17,272.1,162,2018,6,11
2018-06-12,0N90E,30.09,255.53,163,2018,6,12
2018-06-13,0N90E,30.13,230.91,164,2018,6,13
2018-06-14,0N90E,30.06,213.4,165,2018,6,14
2018-06-15,0N90E,30.17,237.54,166,2018,6,15
2018-06-16,0N90E,30.17,249.85,167,2018,6,16
2018-06-17,0N90E,30.07,123.45,168,2018,6,17
2018-06-18,0N90E,29.93,90.31,169,2018,6,18
2018-06-19,0N90E,29.87,82.73,170,2018,6,19
2018-06-20,0N90E,29.88,116.82,171,2018,6,20
2018-06-21,0N90E,30.14,212.92,172,2018,6,21
2018-06-22,0N90E,30.09,226.65,173,2018,6,22
2018-06-23,0N90E,29.99,126.29,174,2018,6,23
2018-06-24,0N90E,29.92,78.47,175,2018,6,24
2018-06-25,0N90E,29.86,174.58,176,2018,6,25
2018-06-26,0N90E,29.74,105.46,177,2018,6,26
2018-06-27,0N90E,29.74,50.07,178,2018,6,27
2018-06-28,0N90E,29.97,210.56,179,2018,6,28
2018-06-29,0N90E,30.04,220.02,180,2018,6,29
2018-06-30,0N90E,30.15,166.05,181,2018,6,30
2018-07-01,0N90E,30.11,248.9,182,2018,7,1
2018-07-02,0N90E,30.12,254.58,183,2018,7,2
2018-07-03,0N90E,30.26,258.37,184,2018,7,3
2018-07-04,0N90E,30.22,241.33,185,2018,7,4
2018-07-05,0N90E,30.14,159.43,186,2018,7,5
2018-07-06,0N90E,30.05,105.93,187,2018,7,6
2018-07-07,0N90E,30.13,257.42,188,2018,7,7
2018-07-08,0N90E,30.01,129.13,189,2018,7,8
2018-07-09,0N90E,29.84,59.54,190,2018,7,9
2018-07-10,0N90E,29.86,238.96,191,2018,7,10
2018-07-11,0N90E,29.91,173.63,192,2018,7,11
2018-07-12,0N90E,30.1,246.06,193,2018,7,12
2018-07-13,0N90E,30.07,222.39,194,2018,7,13
2018-07-14,0N90E,29.87,188.3,195,2018,7,14
2018-07-15,0N90E,29.74,228.55,196,2018,7,15
2018-07-16,0N90E,29.76,271.63,197,2018,7,16
2018-07-17,0N90E,29.88,232.81,198,2018,7,17
2018-07-18,0N90E,29.66,147.59,199,2018,7,18
2018-07-19,0N90E,29.61,121.55,200,2018,7,19
2018-07-20,0N90E,29.53,210.08,201,2018,7,20
2018-07-21,0N90E,29.51,177.89,202,2018,7,21
2018-07-22,0N90E,29.61,220.5,203,2018,7,22
2018-07-23,0N90E,29.67,270.68,204,2018,7,23
2018-07-24,0N90E,29.54,276.36,205,2018,7,24
2018-07-25,0N90E,29.41,167.0,206,2018,7,25
2018-07-26,0N90E,29.33,105.46,207,2018,7,26
2018-07-27,0N90E,29.31,112.08,208,2018,7,27
2018-07-28,0N90E,29.29,86.52,209,2018,7,28
2018-07-29,0N90E,29.24,104.51,210,2018,7,29
2018-07-30,0N90E,29.36,222.39,211,2018,7,30
2018-07-31,0N90E,29.17,128.65,212,2018,7,31
2018-08-01,0N90E,29.28,246.06,213,2018,8,1
2018-08-02,0N90E,29.52,227.12,214,2018,8,2
2018-08-03,0N90E,29.18,201.09,215,2018,8,3
2018-08-04,0N90E,29.12,172.21,216,2018,8,4
2018-08-05,0N90E,29.28,259.79,217,2018,8,5
2018-08-06,0N90E,29.14,168.42,218,2018,8,6
2018-08-07,0N90E,29.15,247.48,219,2018,8,7
2018-08-08,0N90E,29.16,261.68,220,2018,8,8
2018-08-09,0N90E,29.16,206.29,221,2018,8,9
2018-08-10,0N90E,29.12,210.08,222,2018,8,10
2018-08-11,0N90E,29.19,269.73,223,2018,8,11
2018-08-12,0N90E,29.18,237.54,224,2018,8,12
2018-08-13,0N90E,29.13,231.39,225,2018,8,13
2018-08-14,0N90E,29.15,280.62,226,2018,8,14
2018-08-15,0N90E,29.03,273.05,227,2018,8,15
2018-08-16,0N90E,28.98,169.37,228,2018,8,16
2018-08-17,0N90E,28.96,189.73,229,2018,8,17
2018-08-18,0N90E,28.97,213.87,230,2018,8,18
2018-08-19,0N90E,28.89,249.85,231,2018,8,19
2018-08-20,0N90E,28.84,103.09,232,2018,8,20
2018-08-21,0N90E,28.79,131.97,233,2018,8,21
2018-08-22,0N90E,28.82,133.39,234,2018,8,22
2018-08-23,0N90E,28.93,244.17,235,2018,8,23
2018-08-24,0N90E,28.88,219.55,236,2018,8,24
2018-08-25,0N90E,28.92,237.07,237,2018,8,25
2018-08-26,0N90E,28.91,226.18,238,2018,8,26
2018-08-27,0N90E,28.94,207.24,239,2018,8,27
2018-08-28,0N90E,29.01,207.24,240,2018,8,28
2018-08-29,0N90E,29.13,286.3,241,2018,8,29
2018-08-30,0N90E,29.0,237.07,242,2018,8,30
2018-08-31,0N90E,28.97,250.8,243,2018,8,31
2018-09-01,0N90E,29.12,292.46,244,2018,9,1
2018-09-02,0N90E,29.13,261.68,245,2018,9,2
2018-09-03,0N90E,29.05,285.83,246,2018,9,3
2018-09-04,0N90E,28.99,216.71,247,2018,9,4
2018-09-05,0N90E,28.96,225.7,248,2018,9,5
2018-09-06,0N90E,29.03,204.4,249,2018,9,6
2018-09-07,0N90E,29.34,263.1,250,2018,9,7
2018-09-08,0N90E,29.21,265.95,251,2018,9,8
2018-09-09,0N90E,29.06,171.74,252,2018,9,9
2018-09-10,0N90E,29.13,168.89,253,2018,9,10
2018-09-11,0N90E,29.38,273.99,254,2018,9,11
2018-09-12,0N90E,29.4,277.31,255,2018,9,12
2018-09-13,0N90E,29.44,184.52,256,2018,9,13
2018-09-14,0N90E,29.21,249.38,257,2018,9,14
2018-09-15,0N90E,28.94,94.57,258,2018,9,15
2018-09-16,0N90E,28.9,282.51,259,2018,9,16
2018-09-17,0N90E,28.86,261.68,260,2018,9,17
2018-09-18,0N90E,28.91,268.31,261,2018,9,18
2018-09-19,0N90E,28.9,291.04,262,2018,9,19
2018-09-20,0N90E,28.93,291.04,263,2018,9,20
2018-09-21,0N90E,29.05,304.29,264,2018,9,21
2018-09-22,0N90E,29.28,287.72,265,2018,9,22
2018-09-23,0N90E,29.33,198.72,266,2018,9,23
2018-09-24,0N90E,28.92,76.11,267,2018,9,24
2018-09-25,0N90E,29.22,267.84,268,2018,9,25
2018-09-26,0N90E,29.08,247.01,269,2018,9,26
2018-09-27,0N90E,29.08,291.98,270,2018,9,27
2018-09-28,0N90E,29.14,209.61,271,2018,9,28
2018-09-29,0N90E,29.13866028708134,209.5752153110048,272,2018,9,29
2018-09-30,0N90E,29.13732057416268,209.54043062200958,273,2018,9,30
2018-10-01,0N90E,29.13598086124402,209.50564593301436,274,2018,10,1
2018-10-02,0N90E,29.280608968509096,195.45364861300135,275,2018,10,2
2018-10-03,0N90E,29.28260363549238,195.52857069475263,276,2018,10,3
2018-10-04,0N90E,29.28459830247566,195.60349277650394,277,2018,10,4
2018-10-05,0N90E,29.286592969458944,195.67841485825522,278,2018,10,5
2018-10-06,0N90E,29.288587636442227,195.7533369400065,279,2018,10,6
2018-10-07,0N90E,29.29058230342551,195.8282590217578,280,2018,10,7
2018-10-08,0N90E,29.292576970408795,195.9031811035091,281,2018,10,8
2018-10-09,0N90E,29.294571637392078,195.97810318526038,282,2018,10,9
2018-10-10,0N90E,29.29656630437536,196.05302526701166,283,2018,10,10
2018-10-11,0N90E,29.298560971358643,196.12794734876294,284,2018,10,11
2018-10-12,0N90E,29.300555638341926,196.20286943051426,285,2018,10,12
2018-10-13,0N90E,29.30255030532521,196.27779151226554,286,2018,10,13
2018-10-14,0N90E,29.30454497230849,196.35271359401682,287,2018,10,14
2018-10-15,0N90E,29.306539639291774,196.4276356757681,288,2018,10,15
2018-10-16,0N90E,29.308534306275057,196.5025577575194,289,2018,10,16
2018-10-17,0N90E,29.31052897325834,196.5774798392707,290,2018,10,17
2018-10-18,0N90E,29.312523640241622,196.65240192102198,291,2018,10,18
2018-10-19,0N90E,29.314518307224905,196.72732400277326,292,2018,10,19
2018-10-20,0N90E,29.316512974208187,196.80224608452457,293,2018,10,20
2018-10-21,0N90E,29.318507641191474,196.87716816627585,294,2018,10,21
2018-10-22,0N90E,29.320502308174756,196.95209024802713,295,2018,10,22
2018-10-23,0N90E,29.32249697515804,197.02701232977842,296,2018,10,23
2018-10-24,0N90E,29.32449164214132,197.10193441152973,297,2018,10,24
2018-10-25,0N90E,29.326486309124604,197.176856493281,298,2018,10,25
2018-10-26,0N90E,29.328480976107887,197.2517785750323,299,2018,10,26
2018-10-27,0N90E,29.33047564309117,197.32670065678357,300,2018,10,27
2018-10-28,0N90E,29.332470310074452,197.40162273853488,301,2018,10,28
2018-10-29,0N90E,29.334464977057735,197.47654482028616,302,2018,10,29
2018-10-30,0N90E,29.336459644041017,197.55146690203745,303,2018,10,30
2018-10-31,0N90E,29.3384543110243,197.62638898378873,304,2018,10,31
2018-11-01,0N90E,29.340448978007583,197.70131106554004,305,2018,11,1
2018-11-02,0N90E,29.342443644990865,197.77623314729132,306,2018,11,2
2018-11-03,0N90E,29.34443831197415,197.8511552290426,307,2018,11,3
2018-11-04,0N90E,29.346432978957434,197.9260773107939,308,2018,11,4
2018-11-05,0N90E,29.348427645940717,198.0009993925452,309,2018,11,5
2018-11-06,0N90E,29.350422312924,198.07592147429648,310,2018,11,6
2018-11-07,0N90E,29.352416979907282,198.15084355604776,311,2018,11,7
2018-11-08,0N90E,29.354411646890565,198.22576563779904,312,2018,11,8
2018-11-09,0N90E,29.356406313873848,198.30068771955033,313,2018,11,9
2018-11-10,0N90E,29.35840098085713,198.37560980130164,314,2018,11,10
2018-11-11,0N90E,29.360395647840413,198.45053188305292,315,2018,11,11
2018-11-12,0N90E,29.362390314823696,198.5254539648042,316,2018,11,12
2018-11-13,0N90E,29.364384981806978,198.60037604655548,317,2018,11,13
2018-11-14,0N90E,29.36637964879026,198.6752981283068,318,2018,11,14
2018-11-15,0N90E,29.368374315773544,198.75022021005807,319,2018,11,15
2018-11-16,0N90E,29.37036898275683,198.82514229180936,320,2018,11,16
2018-11-17,0N90E,29.372363649740112,198.90006437356064,321,2018,11,17
2018-11-18,0N90E,29.374358316723395,198.97498645531195,322,2018,11,18
2018-11-19,0N90E,29.376352983706678,199.04990853706323,323,2018,11,19
2018-11-20,0N90E,29.37834765068996,199.1248306188145,324,2018,11,20
2018-11-21,0N90E,29.380342317673243,199.1997527005658,325,2018,11,21
2018-11-22,0N90E,29.382336984656526,199.2746747823171,326,2018,11,22
2018-11-23,0N90E,29.38433165163981,199.3495968640684,327,2018,11,23
2018-11-24,0N90E,29.38632631862309,199.42451894581967,328,2018,11,24
2018-11-25,0N90E,29.388320985606374,199.49944102757095,329,2018,11,25
2018-11-26,0N90E,29.390315652589656,199.57436310932226,330,2018,11,26
2018-11-27,0N90E,29.39231031957294,199.64928519107355,331,2018,11,27
2018-11-28,0N90E,29.39430498655622,199.72420727282483,332,2018,11,28
2018-11-29,0N90E,29.396299653539508,199.7991293545761,333,2018,11,29
2018-11-30,0N90E,29.39829432052279,199.87405143632742,334,2018,11,30
2018-12-01,0N90E,29.400288987506073,199.9489735180787,335,2018,12,1
2018-12-02,0N90E,29.402283654489356,200.02389559982998,336,2018,12,2
2018-12-03,0N90E,29.40427832147264,200.09881768158127,337,2018,12,3
2018-12-04,0N90E,29.40627298845592,200.17373976333258,338,2018,12,4
2018-12-05,0N90E,29.408267655439204,200.24866184508386,339,2018,12,5
2018-12-06,0N90E,29.410262322422486,200.32358392683514,340,2018,12,6
2018-12-07,0N90E,29.41225698940577,200.39850600858642,341,2018,12,7
2018-12-08,0N90E,29.41425165638905,200.47342809033773,342,2018,12,8
2018-12-09,0N90E,29.416246323372334,200.54835017208902,343,2018,12,9
2018-12-10,0N90E,29.418240990355617,200.6232722538403,344,2018,12,10
2018-12-11,0N90E,29.4202356573389,200.69819433559158,345,2018,12,11
2018-12-12,0N90E,29.422230324322186,200.77311641734286,346,2018,12,12
2018-12-13,0N90E,29.42422499130547,200.84803849909417,347,2018,12,13
2018-12-14,0N90E,29.42621965828875,200.92296058084546,348,2018,12,14
2018-12-15,0N90E,29.428214325272034,200.99788266259674,349,2018,12,15
2018-12-16,0N90E,29.430208992255317,201.07280474434802,350,2018,12,16
2018-12-17,0N90E,29.4322036592386,201.14772682609933,351,2018,12,17
2018-12-18,0N90E,29.434198326221882,201.2226489078506,352,2018,12,18
2018-12-19,0N90E,29.436192993205164,201.2975709896019,353,2018,12,19
2018-12-20,0N90E,29.438187660188447,201.37249307135318,354,2018,12,20
2018-12-21,0N90E,29.44018232717173,201.4474151531045,355,2018,12,21
2018-12-22,0N90E,29.442176994155012,201.52233723485577,356,2018,12,22
2018-12-23,0N90E,29.444171661138295,201.59725931660705,357,2018,12,23
2018-12-24,0N90E,29.446166328121578,201.67218139835833,358,2018,12,24
2018-12-25,0N90E,29.448160995104864,201.74710348010964,359,2018,12,25
2018-12-26,0N90E,29.450155662088147,201.82202556186093,360,2018,12,26
2018-12-27,0N90E,29.45215032907143,201.8969476436122,361,2018,12,27
2018-12-28,0N90E,29.454144996054712,201.9718697253635,362,2018,12,28
2018-12-29,0N90E,29.456139663037995,202.0467918071148,363,2018,12,29
2018-12-30,0N90E,29.458134330021277,202.12171388886608,364,2018,12,30
2018-12-31,0N90E,29.46012899700456,202.19663597061736,365,2018,12,31
2019-01-01,0N90E,29.462123663987843,202.27155805236865,1,2019,1,1
2019-01-02,0N90E,29.464118330971125,202.34648013411996,2,2019,1,2
2019-01-03,0N90E,29.466112997954408,202.42140221587124,3,2019,1,3
2019-01-04,0N90E,29.46810766493769,202.49632429762252,4,2019,1,4
2019-01-05,0N90E,29.470102331920973,202.5712463793738,5,2019,1,5
2019-01-06,0N90E,29.472096998904256,202.64616846112511,6,2019,1,6
2019-01-07,0N90E,29.474091665887542,202.7210905428764,7,2019,1,7
2019-01-08,0N90E,29.476086332870825,202.79601262462768,8,2019,1,8
2019-01-09,0N90E,29.478080999854107,202.87093470637896,9,2019,1,9
2019-01-10,0N90E,29.48007566683739,202.94585678813027,10,2019,1,10
2019-01-11,0N90E,29.482070333820673,203.02077886988155,11,2019,1,11
2019-01-12,0N90E,29.484065000803955,203.09570095163284,12,2019,1,12
2019-01-13,0N90E,29.486059667787238,203.17062303338412,13,2019,1,13
2019-01-14,0N90E,29.48805433477052,203.24554511513543,14,2019,1,14
2019-01-15,0N90E,29.490049001753803,203.3204671968867,15,2019,1,15
2019-01-16,0N90E,29.492043668737086,203.395389278638,16,2019,1,16
2019-01-17,0N90E,29.49403833572037,203.47031136038927,17,2019,1,17
2019-01-18,0N90E,29.49603300270365,203.54523344214056,18,2019,1,18
2019-01-19,0N90E,29.498027669686934,203.62015552389187,19,2019,1,19
2019-01-20,0N90E,29.50002233667022,203.69507760564315,20,2019,1,20
2019-01-21,0N90E,29.502017003653503,203.76999968739443,21,2019,1,21
2019-01-22,0N90E,29.504011670636785,203.84492176914574,22,2019,1,22
2019-01-23,0N90E,29.506006337620068,203.91984385089702,23,2019,1,23
2019-01-24,0N90E,29.50800100460335,203.9947659326483,24,2019,1,24
2019-01-25,0N90E,29.509995671586633,204.0696880143996,25,2019,1,25
2019-01-26,0N90E,29.511990338569916,204.14461009615087,26,2019,1,26
2019-01-27,0N90E,29.5139850055532,204.21953217790218,27,2019,1,27
2019-01-28,0N90E,29.51597967253648,204.29445425965346,28,2019,1,28
2019-01-29,0N90E,29.517974339519764,204.36937634140475,29,2019,1,29
2019-01-30,0N90E,29.519969006503047,204.44429842315603,30,2019,1,30
2019-01-31,0N90E,29.52196367348633,204.51922050490734,31,2019,1,31
2019-02-01,0N90E,29.523958340469612,204.59414258665862,32,2019,2,1
2019-02-02,0N90E,29.525953007452898,204.6690646684099,33,2019,2,2
2019-02-03,0N90E,29.52794767443618,204.74398675016118,34,2019,2,3
2019-02-04,0N90E,29.529942341419464,204.8189088319125,35,2019,2,4
2019-02-05,0N90E,29.531937008402746,204.89383091366378,36,2019,2,5
2019-02-06,0N90E,29.53393167538603,204.96875299541506,37,2019,2,6
2019-02-07,0N90E,29.53592634236931,205.04367507716634,38,2019,2,7
2019-02-08,0N90E,29.537921009352594,205.11859715891765,39,2019,2,8
2019-02-09,0N90E,29.539915676335877,205.19351924066893,40,2019,2,9
2019-02-10,0N90E,29.54191034331916,205.26844132242022,41,2019,2,10
2019-02-11,0N90E,29.543905010302442,205.3433634041715,42,2019,2,11
2019-02-12,0N90E,29.545899677285725,205.4182854859228,43,2019,2,12
2019-02-13,0N90E,29.547894344269007,205.4932075676741,44,2019,2,13
2019-02-14,0N90E,29.54988901125229,205.56812964942537,45,2019,2,14
2019-02-15,0N90E,29.551883678235576,205.64305173117666,46,2019,2,15
2019-02-16,0N90E,29.55387834521886,205.71797381292797,47,2019,2,16
2019-02-17,0N90E,29.55587301220214,205.79289589467925,48,2019,2,17
2019-02-18,0N90E,29.557867679185424,205.86781797643053,49,2019,2,18
2019-02-19,0N90E,29.559862346168707,205.9427400581818,50,2019,2,19
2019-02-20,0N90E,29.56185701315199,206.01766213993312,51,2019,2,20
2019-02-21,0N90E,29.563851680135272,206.0925842216844,52,2019,2,21
2019-02-22,0N90E,29.565846347118555,206.1675063034357,53,2019,2,22
2019-02-23,0N90E,29.567841014101838,206.24242838518697,54,2019,2,23
2019-02-24,0N90E,29.56983568108512,206.31735046693825,55,2019,2,24
2019-02-25,0N90E,29.571830348068403,206.39227254868956,56,2019,2,25
2019-02-26,0N90E,29.573825015051685,206.46719463044084,57,2019,2,26
2019-02-27,0N90E,29.575819682034968,206.54211671219213,58,2019,2,27
2019-02-28,0N90E,29.577814349018254,206.61703879394344,59,2019,2,28
2019-03-01,0N90E,29.579809016001537,206.69196087569472,60,2019,3,1
2019-03-02,0N90E,29.58180368298482,206.766882957446,61,2019,3,2
2019-03-03,0N90E,29.583798349968102,206.84180503919728,62,2019,3,3
2019-03-04,0N90E,29.585793016951385,206.91672712094856,63,2019,3,4
2019-03-05,0N90E,29.587787683934668,206.99164920269988,64,2019,3,5
2019-03-06,0N90E,29.58978235091795,207.06657128445116,65,2019,3,6
2019-03-07,0N90E,29.591777017901233,207.14149336620244,66,2019,3,7
2019-03-08,0N90E,29.593771684884516,207.21641544795372,67,2019,3,8
2019-03-09,0N90E,29.5957663518678,207.29133752970503,68,2019,3,9
2019-03-10,0N90E,29.59776101885108,207.36625961145631,69,2019,3,10
2019-03-11,0N90E,29.599755685834364,207.4411816932076,70,2019,3,11
2019-03-12,0N90E,29.601750352817646,207.51610377495888,71,2019,3,12
2019-03-13,0N90E,29.603745019800932,207.5910258567102,72,2019,3,13
2019-03-14,0N90E,29.605739686784215,207.66594793846147,73,2019,3,14
2019-03-15,0N90E,29.607734353767498,207.74087002021275,74,2019,3,15
2019-03-16,0N90E,29.60972902075078,207.81579210196404,75,2019,3,16
2019-03-17,0N90E,29.611723687734063,207.89071418371535,76,2019,3,17
2019-03-18,0N90E,29.613718354717346,207.96563626546663,77,2019,3,18
2019-03-19,0N90E,29.61571302170063,208.0405583472179,78,2019,3,19
2019-03-20,0N90E,29.61770768868391,208.1154804289692,79,2019,3,20
2019-03-21,0N90E,29.619702355667194,208.1904025107205,80,2019,3,21
2019-03-22,0N90E,29.621697022650476,208.26532459247179,81,2019,3,22
2019-03-23,0N90E,29.62369168963376,208.34024667422307,82,2019,3,23
2019-03-24,0N90E,29.62568635661704,208.41516875597435,83,2019,3,24
2019-03-25,0N90E,29.627681023600324,208.49009083772566,84,2019,3,25
2019-03-26,0N90E,29.62967569058361,208.56501291947694,85,2019,3,26
2019-03-27,0N90E,29.631670357566893,208.63993500122822,86,2019,3,27
2019-03-28,0N90E,29.633665024550176,208.7148570829795,87,2019,3,28
2019-03-29,0N90E,29.63565969153346,208.78977916473082,88,2019,3,29
2019-03-30,0N90E,29.63765435851674,208.8647012464821,89,2019,3,30
2019-03-31,0N90E,29.639649025500024,208.93962332823338,90,2019,3,31
2019-04-01,0N90E,29.641643692483306,209.01454540998466,91,2019,4,1
2019-04-02,0N90E,29.64363835946659,209.08946749173595,92,2019,4,2
2019-04-03,0N90E,29.64563302644987,209.16438957348726,93,2019,4,3
2019-04-04,0N90E,29.647627693433154,209.23931165523854,94,2019,4,4
2019-04-05,0N90E,29.649622360416437,209.31423373698982,95,2019,4,5
2019-04-06,0N90E,29.65161702739972,209.38915581874113,96,2019,4,6
2019-04-07,0N90E,29.653611694383002,209.4640779004924,97,2019,4,7
2019-04-08,0N90E,29.65560636136629,209.5389999822437,98,2019,4,8
2019-04-09,0N90E,29.65760102834957,209.61392206399498,99,2019,4,9
2019-04-10,0N90E,29.659595695332854,209.68884414574626,100,2019,4,10
2019-04-11,0N90E,29.661590362316137,209.76376622749757,101,2019,4,11
2019-04-12,0N90E,29.66358502929942,209.83868830924885,102,2019,4,12
2019-04-13,0N90E,29.665579696282702,209.91361039100013,103,2019,4,13
2019-04-14,0N90E,29.667574363265985,209.98853247275142,104,2019,4,14
2019-04-15,0N90E,29.669569030249267,210.06345455450273,105,2019,4,15
2019-04-16,0N90E,29.67156369723255,210.138376636254,106,2019,4,16
2019-04-17,0N90E,29.673558364215832,210.2132987180053,107,2019,4,17
2019-04-18,0N90E,29.675553031199115,210.28822079975657,108,2019,4,18
2019-04-19,0N90E,29.677547698182398,210.36314288150788,109,2019,4,19
2019-04-20,0N90E,29.67954236516568,210.43806496325917,110,2019,4,20
2019-04-21,0N90E,29.681537032148967,210.51298704501045,111,2019,4,21
2019-04-22,0N90E,29.68353169913225,210.58790912676173,112,2019,4,22
2019-04-23,0N90E,29.685526366115532,210.66283120851304,113,2019,4,23
2019-04-24,0N90E,29.687521033098815,210.73775329026432,114,2019,4,24
2019-04-25,0N90E,29.689515700082097,210.8126753720156,115,2019,4,25
2019-04-26,0N90E,29.69151036706538,210.8875974537669,116,2019,4,26
2019-04-27,0N90E,29.693505034048663,210.9625195355182,117,2019,4,27
2019-04-28,0N90E,29.695499701031945,211.03744161726948,118,2019,4,28
2019-04-29,0N90E,29.697494368015228,211.11236369902076,119,2019,4,29
2019-04-30,0N90E,29.69948903499851,211.18728578077204,120,2019,4,30
2019-05-01,0N90E,29.701483701981793,211.26220786252335,121,2019,5,1
2019-05-02,0N90E,29.703478368965076,211.33712994427464,122,2019,5,2
2019-05-03,0N90E,29.705473035948362,211.41205202602592,123,2019,5,3
2019-05-04,0N90E,29.707467702931645,211.4869741077772,124,2019,5,4
2019-05-05,0N90E,29.709462369914927,211.5618961895285,125,2019,5,5
2019-05-06,0N90E,29.71145703689821,211.6368182712798,126,2019,5,6
2019-05-07,0N90E,29.713451703881493,211.71174035303108,127,2019,5,7
2019-05-08,0N90E,29.715446370864775,211.78666243478236,128,2019,5,8
2019-05-09,0N90E,29.717441037848058,211.86158451653364,129,2019,5,9
2019-05-10,0N90E,29.71943570483134,211.93650659828495,130,2019,5,10
2019-05-11,0N90E,29.721430371814623,212.01142868003623,131,2019,5,11
2019-05-12,0N90E,29.723425038797906,212.08635076178751,132,2019,5,12
2019-05-13,0N90E,29.72541970578119,212.16127284353882,133,2019,5,13
2019-05-14,0N90E,29.72741437276447,212.2361949252901,134,2019,5,14
2019-05-15,0N90E,29.729409039747754,212.3111170070414,135,2019,5,15
2019-05-16,0N90E,29.73140370673104,212.38603908879267,136,2019,5,16
2019-05-17,0N90E,29.733398373714323,212.46096117054395,137,2019,5,17
2019-05-18,0N90E,29.735393040697605,212.53588325229526,138,2019,5,18
2019-05-19,0N90E,29.737387707680888,212.61080533404655,139,2019,5,19
2019-05-20,0N90E,29.73938237466417,212.68572741579783,140,2019,5,20
2019-05-21,0N90E,29.741377041647453,212.7606494975491,141,2019,5,21
2019-05-22,0N90E,29.743371708630736,212.83557157930042,142,2019,5,22
2019-05-23,0N90E,29.74536637561402,212.9104936610517,143,2019,5,23
2019-05-24,0N90E,29.7473610425973,212.98541574280299,144,2019,5,24
2019-05-25,0N90E,29.749355709580584,213.06033782455427,145,2019,5,25
2019-05-26,0N90E,29.751350376563867,213.13525990630558,146,2019,5,26
2019-05-27,0N90E,29.75334504354715,213.21018198805686,147,2019,5,27
2019-05-28,0N90E,29.755339710530432,213.28510406980814,148,2019,5,28
2019-05-29,0N90E,29.75733437751372,213.36002615155942,149,2019,5,29
2019-05-30,0N90E,29.759329044497,213.43494823331073,150,2019,5,30
2019-05-31,0N90E,29.761323711480284,213.50987031506202,151,2019,5,31
2019-06-01,0N90E,29.763318378463566,213.5847923968133,152,2019,6,1
2019-06-02,0N90E,29.76531304544685,213.65971447856458,153,2019,6,2
2019-06-03,0N90E,29.76730771243013,213.7346365603159,154,2019,6,3
2019-06-04,0N90E,29.769302379413414,213.80955864206717,155,2019,6,4
2019-06-05,0N90E,29.771297046396697,213.88448072381846,156,2019,6,5
2019-06-06,0N90E,29.77329171337998,213.95940280556974,157,2019,6,6
2019-06-07,0N90E,29.775286380363262,214.03432488732102,158,2019,6,7
2019-06-08,0N90E,29.777281047346545,214.10924696907233,159,2019,6,8
2019-06-09,0N90E,29.779275714329827,214.1841690508236,160,2019,6,9
2019-06-10,0N90E,29.78127038131311,214.2590911325749,161,2019,6,10
2019-06-11,0N90E,29.783265048296396,214.3340132143262,162,2019,6,11
2019-06-12,0N90E,29.78525971527968,214.4089352960775,163,2019,6,12
2019-06-13,0N90E,29.78725438226296,214.48385737782877,164,2019,6,13
2019-06-14,0N90E,29.789249049246244,214.55877945958005,165,2019,6,14
2019-06-15,0N90E,29.791243716229527,214.63370154133133,166,2019,6,15
2019-06-16,0N90E,29.79323838321281,214.70862362308264,167,2019,6,16
2019-06-17,0N90E,29.795233050196092,214.78354570483393,168,2019,6,17
2019-06-18,0N90E,29.797227717179375,214.8584677865852,169,2019,6,18
2019-06-19,0N90E,29.799222384162658,214.93338986833652,170,2019,6,19
2019-06-20,0N90E,29.80121705114594,215.0083119500878,171,2019,6,20
2019-06-21,0N90E,29.803211718129223,215.08323403183908,172,2019,6,21
2019-06-22,0N90E,29.805206385112506,215.15815611359037,173,2019,6,22
2019-06-23,0N90E,29.807201052095788,215.23307819534165,174,2019,6,23
2019-06-24,0N90E,29.809195719079074,215.30800027709296,175,2019,6,24
2019-06-25,0N90E,29.811190386062357,215.38292235884424,176,2019,6,25
2019-06-26,0N90E,29.81318505304564,215.45784444059552,177,2019,6,26
2019-06-27,0N90E,29.815179720028922,215.5327665223468,178,2019,6,27
2019-06-28,0N90E,29.817174387012205,215.60768860409812,179,2019,6,28
2019-06-29,0N90E,29.819169053995488,215.6826106858494,180,2019,6,29
2019-06-30,0N90E,29.82116372097877,215.75753276760068,181,2019,6,30
2019-07-01,0N90E,29.823158387962053,215.83245484935196,182,2019,7,1
2019-07-02,0N90E,29.825153054945336,215.90737693110327,183,2019,7,2
2019-07-03,0N90E,29.82714772192862,215.98229901285455,184,2019,7,3
2019-07-04,0N90E,29.8291423889119,216.05722109460584,185,2019,7,4
2019-07-05,0N90E,29.831137055895184,216.13214317635712,186,2019,7,5
2019-07-06,0N90E,29.833131722878466,216.20706525810843,187,2019,7,6
2019-07-07,0N90E,29.835126389861752,216.2819873398597,188,2019,7,7
2019-07-08,0N90E,29.837121056845035,216.356909421611,189,2019,7,8
2019-07-09,0N90E,29.839115723828318,216.43183150336228,190,2019,7,9
2019-07-10,0N90E,29.8411103908116,216.5067535851136,191,2019,7,10
2019-07-11,0N90E,29.843105057794883,216.58167566686487,192,2019,7,11
2019-07-12,0N90E,29.845099724778166,216.65659774861615,193,2019,7,12
2019-07-13,0N90E,29.84709439176145,216.73151983036743,194,2019,7,13
2019-07-14,0N90E,29.84908905874473,216.80644191211871,195,2019,7,14
2019-07-15,0N90E,29.851083725728014,216.88136399387002,196,2019,7,15
2019-07-16,0N90E,29.853078392711296,216.9562860756213,197,2019,7,16
2019-07-17,0N90E,29.85507305969458,217.0312081573726,198,2019,7,17
2019-07-18,0N90E,29.85706772667786,217.1061302391239,199,2019,7,18
2019-07-19,0N90E,29.859062393661144,217.18105232087518,200,2019,7,19
2019-07-20,0N90E,29.86105706064443,217.25597440262646,201,2019,7,20
2019-07-21,0N90E,29.863051727627713,217.33089648437775,202,2019,7,21
2019-07-22,0N90E,29.865046394610996,217.40581856612903,203,2019,7,22
2019-07-23,0N90E,29.86704106159428,217.48074064788034,204,2019,7,23
2019-07-24,0N90E,29.86903572857756,217.55566272963162,205,2019,7,24
2019-07-25,0N90E,29.871030395560844,217.6305848113829,206,2019,7,25
2019-07-26,0N90E,29.873025062544126,217.7055068931342,207,2019,7,26
2019-07-27,0N90E,29.87501972952741,217.7804289748855,208,2019,7,27
2019-07-28,0N90E,29.877014396510692,217.85535105663678,209,2019,7,28
2019-07-29,0N90E,29.879009063493974,217.93027313838806,210,2019,7,29
2019-07-30,0N90E,29.881003730477257,218.00519522013934,211,2019,7,30
2019-07-31,0N90E,29.88299839746054,218.08011730189065,212,2019,7,31
2019-08-01,0N90E,29.884993064443822,218.15503938364193,213,2019,8,1
2019-08-02,0N90E,29.88698773142711,218.22996146539322,214,2019,8,2
2019-08-03,0N90E,29.88898239841039,218.3048835471445,215,2019,8,3
2019-08-04,0N90E,29.890977065393674,218.3798056288958,216,2019,8,4
2019-08-05,0N90E,29.892971732376957,218.4547277106471,217,2019,8,5
2019-08-06,0N90E,29.89496639936024,218.52964979239837,218,2019,8,6
2019-08-07,0N90E,29.896961066343522,218.60457187414966,219,2019,8,7
2019-08-08,0N90E,29.898955733326805,218.67949395590097,220,2019,8,8
2019-08-09,0N90E,29.900950400310087,218.75441603765225,221,2019,8,9
2019-08-10,0N90E,29.90294506729337,218.82933811940353,222,2019,8,10
2019-08-11,0N90E,29.904939734276653,218.9042602011548,223,2019,8,11
2019-08-12,0N90E,29.906934401259935,218.97918228290612,224,2019,8,12
2019-08-13,0N90E,29.908929068243218,219.0541043646574,225,2019,8,13
2019-08-14,0N90E,29.9109237352265,219.1290264464087,226,2019,8,14
2019-08-15,0N90E,29.912918402209787,219.20394852815997,227,2019,8,15
2019-08-16,0N90E,29.91491306919307,219.27887060991128,228,2019,8,16
2019-08-17,0N90E,29.916907736176352,219.35379269166256,229,2019,8,17
2019-08-18,0N90E,29.918902403159635,219.42871477341384,230,2019,8,18
2019-08-19,0N90E,29.920897070142917,219.50363685516513,231,2019,8,19
2019-08-20,0N90E,29.9228917371262,219.5785589369164,232,2019,8,20
2019-08-21,0N90E,29.924886404109483,219.65348101866772,233,2019,8,21
2019-08-22,0N90E,29.926881071092765,219.728403100419,234,2019,8,22
2019-08-23,0N90E,29.928875738076048,219.80332518217028,235,2019,8,23
2019-08-24,0N90E,29.93087040505933,219.8782472639216,236,2019,8,24
2019-08-25,0N90E,29.932865072042613,219.95316934567288,237,2019,8,25
2019-08-26,0N90E,29.934859739025896,220.02809142742416,238,2019,8,26
2019-08-27,0N90E,29.93685440600918,220.10301350917544,239,2019,8,27
2019-08-28,0N90E,29.938849072992465,220.17793559092672,240,2019,8,28
2019-08-29,0N90E,29.940843739975747,220.25285767267803,241,2019,8,29
2019-08-30,0N90E,29.94283840695903,220.32777975442932,242,2019,8,30
2019-08-31,0N90E,29.944833073942313,220.4027018361806,243,2019,8,31
2019-09-01,0N90E,29.946827740925595,220.4776239179319,244,2019,9,1
2019-09-02,0N90E,29.948822407908878,220.5525459996832,245,2019,9,2
2019-09-03,0N90E,29.95081707489216,220.62746808143447,246,2019,9,3
2019-09-04,0N90E,29.952811741875443,220.70239016318575,247,2019,9,4
2019-09-05,0N90E,29.954806408858726,220.77731224493704,248,2019,9,5
2019-09-06,0N90E,29.95680107584201,220.85223432668835,249,2019,9,6
2019-09-07,0N90E,29.95879574282529,220.92715640843963,250,2019,9,7
2019-09-08,0N90E,29.960790409808574,221.0020784901909,251,2019,9,8
2019-09-09,0N90E,29.962785076791857,221.0770005719422,252,2019,9,9
2019-09-10,0N90E,29.964779743775143,221.1519226536935,253,2019,9,10
2019-09-11,0N90E,29.966774410758426,221.22684473544479,254,2019,9,11
2019-09-12,0N90E,29.968769077741708,221.30176681719607,255,2019,9,12
2019-09-13,0N90E,29.97076374472499,221.37668889894735,256,2019,9,13
2019-09-14,0N90E,29.972758411708273,221.45161098069866,257,2019,9,14
2019-09-15,0N90E,29.974753078691556,221.52653306244994,258,2019,9,15
2019-09-16,0N90E,29.97674774567484,221.60145514420122,259,2019,9,16
2019-09-17,0N90E,29.97874241265812,221.6763772259525,260,2019,9,17
2019-09-18,0N90E,29.980737079641404,221.75129930770382,261,2019,9,18
2019-09-19,0N90E,29.982731746624687,221.8262213894551,262,2019,9,19
2019-09-20,0N90E,29.98472641360797,221.90114347120638,263,2019,9,20
2019-09-21,0N90E,29.986721080591252,221.97606555295766,264,2019,9,21
2019-09-22,0N90E,29.988715747574535,222.05098763470897,265,2019,9,22
2019-09-23,0N90E,29.99071041455782,222.12590971646026,266,2019,9,23
2019-09-24,0N90E,29.992705081541104,222.20083179821154,267,2019,9,24
2019-09-25,0N90E,29.994699748524386,222.27575387996282,268,2019,9,25
2019-09-26,0N90E,29.99669441550767,222.3506759617141,269,2019,9,26
2019-09-27,0N90E,29.99868908249095,222.4255980434654,270,2019,9,27
2019-09-28,0N90E,30.000683749474234,222.5005201252167,271,2019,9,28
2019-09-29,0N90E,30.002678416457517,222.57544220696798,272,2019,9,29
2019-09-30,0N90E,30.0046730834408,222.6503642887193,273,2019,9,30
2019-10-01,0N90E,30.006667750424082,222.72528637047057,274,2019,10,1
2019-10-02,0N90E,30.008662417407365,222.80020845222185,275,2019,10,2
2019-10-03,0N90E,30.010657084390647,222.87513053397313,276,2019,10,3
2019-10-04,0N90E,30.01265175137393,222.95005261572442,277,2019,10,4
2019-10-05,0N90E,30.014646418357213,223.02497469747573,278,2019,10,5
2019-10-06,0N90E,30.0166410853405,223.099896779227,279,2019,10,6
2019-10-07,0N90E,30.01863575232378,223.1748188609783,280,2019,10,7
2019-10-08,0N90E,30.020630419307064,223.2497409427296,281,2019,10,8
2019-10-09,0N90E,30.022625086290347,223.32466302448088,282,2019,10,9
2019-10-10,0N90E,30.02461975327363,223.39958510623217,283,2019,10,10
2019-10-11,0N90E,30.026614420256912,223.47450718798345,284,2019,10,11
2019-10-12,0N90E,30.028609087240195,223.54942926973473,285,2019,10,12
2019-10-13,0N90E,30.030603754223478,223.62435135148604,286,2019,10,13
2019-10-14,0N90E,30.03259842120676,223.69927343323732,287,2019,10,14
2019-10-15,0N90E,30.034593088190043,223.7741955149886,288,2019,10,15
2019-10-16,0N90E,30.036587755173326,223.8491175967399,289,2019,10,16
2019-10-17,0N90E,30.03858242215661,223.9240396784912,290,2019,10,17
2019-10-18,0N90E,30.04057708913989,223.99896176024248,291,2019,10,18
2019-10-19,0N90E,30.042571756123177,224.07388384199376,292,2019,10,19
2019-10-20,0N90E,30.04456642310646,224.14880592374504,293,2019,10,20
2019-10-21,0N90E,30.046561090089742,224.22372800549635,294,2019,10,21
2019-10-22,0N90E,30.048555757073025,224.29865008724764,295,2019,10,22
2019-10-23,0N90E,30.050550424056308,224.37357216899892,296,2019,10,23
2019-10-24,0N90E,30.05254509103959,224.4484942507502,297,2019,10,24
2019-10-25,0N90E,30.054539758022873,224.5234163325015,298,2019,10,25
2019-10-26,0N90E,30.056534425006156,224.5983384142528,299,2019,10,26
2019-10-27,0N90E,30.05852909198944,224.67326049600408,300,2019,10,27
2019-10-28,0N90E,30.06052375897272,224.74818257775536,301,2019,10,28
2019-10-29,0N90E,30.062518425956004,224.82310465950667,302,2019,10,29
2019-10-30,0N90E,30.064513092939286,224.89802674125795,303,2019,10,30
2019-10-31,0N90E,30.06650775992257,224.97294882300923,304,2019,10,31
2019-11-01,0N90E,30.068502426905855,225.04787090476052,305,2019,11,1
2019-11-02,0N90E,30.070497093889138,225.1227929865118,306,2019,11,2
2019-11-03,0N90E,30.07249176087242,225.1977150682631,307,2019,11,3
2019-11-04,0N90E,30.074486427855703,225.2726371500144,308,2019,11,4
2019-11-05,0N90E,30.076481094838986,225.34755923176567,309,2019,11,5
2019-11-06,0N90E,30.07847576182227,225.42248131351698,310,2019,11,6
2019-11-07,0N90E,30.08047042880555,225.49740339526826,311,2019,11,7
2019-11-08,0N90E,30.082465095788834,225.57232547701955,312,2019,11,8
2019-11-09,0N90E,30.084459762772116,225.64724755877083,313,2019,11,9
2019-11-10,0N90E,30.0864544297554,225.7221696405221,314,2019,11,10
2019-11-11,0N90E,30.08844909673868,225.79709172227342,315,2019,11,11
2019-11-12,0N90E,30.090443763721964,225.8720138040247,316,2019,11,12
2019-11-13,0N90E,30.092438430705247,225.94693588577599,317,2019,11,13
2019-11-14,0N90E,30.094433097688533,226.0218579675273,318,2019,11,14
2019-11-15,0N90E,30.096427764671816,226.09678004927858,319,2019,11,15
2019-11-16,0N90E,30.0984224316551,226.17170213102986,320,2019,11,16
2019-11-17,0N90E,30.10041709863838,226.24662421278114,321,2019,11,17
2019-11-18,0N90E,30.102411765621664,226.32154629453242,322,2019,11,18
2019-11-19,0N90E,30.104406432604947,226.39646837628374,323,2019,11,19
2019-11-20,0N90E,28.58,195.07,324,2019,11,20
2019-11-21,0N90E,28.8,279.51,325,2019,11,21
2019-11-22,0N90E,28.58,227.44,326,2019,11,22
2019-11-23,0N90E,28.47,211.96,327,2019,11,23
2019-11-24,0N90E,28.44,197.42,328,2019,11,24
2019-11-25,0N90E,28.46,265.44,329,2019,11,25
2019-11-26,0N90E,28.58,256.99,330,2019,11,26
2019-11-27,0N90E,28.46,273.41,331,2019,11,27
2019-11-28,0N90E,28.4,265.44,332,2019,11,28
2019-11-29,0N90E,28.38,234.95,333,2019,11,29
2019-11-30,0N90E,28.4,264.97,334,2019,11,30
2019-12-01,0N90E,28.46,223.69,335,2019,12,1
2019-12-02,0N90E,28.36,217.12,336,2019,12,2
2019-12-03,0N90E,28.32,129.87,337,2019,12,3
2019-12-04,0N90E,28.25,150.51,338,2019,12,4
2019-12-05,0N90E,28.31,241.51,339,2019,12,5
2019-12-06,0N90E,28.69,245.74,340,2019,12,6
2019-12-07,0N90E,28.46,185.22,341,2019,12,7
2019-12-08,0N90E,28.76,262.62,342,2019,12,8
2019-12-09,0N90E,29.1,268.25,343,2019,12,9
2019-12-10,0N90E,29.05,172.55,344,2019,12,10
2019-12-11,0N90E,29.46,283.26,345,2019,12,11
2019-12-12,0N90E,29.27,207.74,346,2019,12,12
2019-12-13,0N90E,29.26,217.12,347,2019,12,13
2019-12-14,0N90E,29.01,102.66,348,2019,12,14
2019-12-15,0N90E,29.08,136.43,349,2019,12,15
2019-12-16,0N90E,29.04,211.96,350,2019,12,16
2019-12-17,0N90E,28.93,147.22,351,2019,12,17
2019-12-18,0N90E,29.37,287.02,352,2019,12,18
2019-12-19,0N90E,29.56,276.7,353,2019,12,19
2019-12-20,0N90E,29.37,257.46,354,2019,12,20
2019-12-21,0N90E,29.45,267.78,355,2019,12,21
2019-12-22,0N90E,29.25,158.95,356,2019,12,22
2019-12-23,0N90E,29.5,253.24,357,2019,12,23
2019-12-24,0N90E,29.82,278.1,358,2019,12,24
2019-12-25,0N90E,29.64,254.18,359,2019,12,25
2019-12-26,0N90E,29.48,195.07,360,2019,12,26
2019-12-27,0N90E,29.09,44.49,361,2019,12,27
2019-12-28,0N90E,29.03,264.97,362,2019,12,28
2019-12-29,0N90E,28.97,40.73,363,2019,12,29
2019-12-30,0N90E,29.17,189.91,364,2019,12,30
2019-12-31,0N90E,29.7,269.66,365,2019,12,31
2020-01-01,0N90E,29.8,206.33,1,2020,1,1
2020-01-02,0N90E,29.94,271.07,2,2020,1,2
2020-01-03,0N90E,29.9,244.33,3,2020,1,3
2020-01-04,0N90E,30.05,244.8,4,2020,1,4
2020-01-05,0N90E,30.05,230.25,5,2020,1,5
2020-01-06,0N90E,30.19,280.45,6,2020,1,6
2020-01-07,0N90E,29.85,287.49,7,2020,1,7
2020-01-08,0N90E,29.55,156.6,8,2020,1,8
2020-01-09,0N90E,29.58,199.76,9,2020,1,9
2020-01-10,0N90E,29.37,95.15,10,2020,1,10
2020-01-11,0N90E,29.57,255.59,11,2020,1,11
2020-01-12,0N90E,29.64,226.97,12,2020,1,12
2020-01-13,0N90E,29.26,84.83,13,2020,1,13
2020-01-14,0N90E,29.23,99.37,14,2020,1,14
2020-01-15,0N90E,29.19,178.18,15,2020,1,15
2020-01-16,0N90E,29.78,274.82,16,2020,1,16
2020-01-17,0N90E,29.66,286.55,17,2020,1,17
2020-01-18,0N90E,30.03,268.72,18,2020,1,18
2020-01-19,0N90E,30.15,277.63,19,2020,1,19
2020-01-20,0N90E,29.76,264.5,20,2020,1,20
2020-01-21,0N90E,30.21,275.76,21,2020,1,21
2020-01-22,0N90E,30.16,269.19,22,2020,1,22
2020-01-23,0N90E,30.32,256.06,23,2020,1,23
2020-01-24,0N90E,30.5,239.17,24,2020,1,24
2020-01-25,0N90E,30.16,264.97,25,2020,1,25
2020-01-26,0N90E,30.01,156.14,26,2020,1,26
2020-01-27,0N90E,29.86,287.96,27,2020,1,27
2020-01-28,0N90E,29.43,78.26,28,2020,1,28
2020-01-29,0N90E,29.49,238.23,29,2020,1,29
2020-01-30,0N90E,29.5,248.55,30,2020,1,30
2020-01-31,0N90E,29.53,274.82,31,2020,1,31
2020-02-01,0N90E,29.43,150.98,32,2020,2,1
2020-02-02,0N90E,29.33,64.19,33,2020,2,2
2020-02-03,0N90E,29.39,153.32,34,2020,2,3
2020-02-04,0N90E,29.31,188.03,35,2020,2,4
2020-02-05,0N90E,29.26,131.74,36,2020,2,5
2020-02-06,0N90E,29.37,275.29,37,2020,2,6
2020-02-07,0N90E,29.38,205.39,38,2020,2,7
2020-02-08,0N90E,29.22,90.46,39,2020,2,8
2020-02-09,0N90E,29.26,284.67,40,2020,2,9
2020-02-10,0N90E,29.22,203.98,41,2020,2,10
2020-02-11,0N90E,29.52,270.13,42,2020,2,11
2020-02-12,0N90E,29.58,244.33,43,2020,2,12
2020-02-13,0N90E,29.79,291.71,44,2020,2,13
2020-02-14,0N90E,29.73,281.39,45,2020,2,14
2020-02-15,0N90E,29.65,226.5,46,2020,2,15
2020-02-16,0N90E,29.9,273.41,47,2020,2,16
2020-02-17,0N90E,30.01,280.45,48,2020,2,17
2020-02-18,0N90E,30.1,263.09,49,2020,2,18
2020-02-19,0N90E,30.2,289.83,50,2020,2,19
2020-02-20,0N90E,30.39,305.78,51,2020,2,20
2020-02-21,0N90E,30.57,287.49,52,2020,2,21
2020-02-22,0N90E,30.71,297.81,53,2020,2,22
2020-02-23,0N90E,30.6,262.62,54,2020,2,23
2020-02-24,0N90E,30.72,297.34,55,2020,2,24
2020-02-25,0N90E,30.83,262.62,56,2020,2,25
2020-02-26,0N90E,30.52,140.65,57,2020,2,26
2020-02-27,0N90E,30.71,291.24,58,2020,2,27
2020-02-28,0N90E,30.71,194.13,59,2020,2,28
2020-02-29,0N90E,30.65,287.49,60,2020,2,29
2020-03-01,0N90E,30.1,110.16,61,2020,3,1
2020-03-02,0N90E,29.9,152.38,62,2020,3,2
2020-03-03,0N90E,29.77,201.17,63,2020,3,3
2020-03-04,0N90E,29.72,267.78,64,2020,3,4
2020-03-05,0N90E,30.0,279.98,65,2020,3,5
2020-03-06,0N90E,30.35,245.74,66,2020,3,6
2020-03-07,0N90E,30.52,235.88,67,2020,3,7
2020-03-08,0N90E,30.33,255.59,68,2020,3,8
2020-03-09,0N90E,30.58,286.08,69,2020,3,9
2020-03-10,0N90E,30.55,306.25,70,2020,3,10
2020-03-11,0N90E,30.57,319.85,71,2020,3,11
2020-03-12,0N90E,30.48,313.29,72,2020,3,12
2020-03-13,0N90E,30.51,321.26,73,2020,3,13
2020-03-14,0N90E,30.85,316.1,74,2020,3,14
2020-03-15,0N90E,31.13,303.44,75,2020,3,15
2020-03-16,0N90E,30.8,290.77,76,2020,3,16
2020-03-17,0N90E,30.6,181.47,77,2020,3,17
2020-03-18,0N90E,31.14,295.46,78,2020,3,18
2020-03-19,0N90E,30.85,237.29,79,2020,3,19
2020-03-20,0N90E,30.96,289.83,80,2020,3,20
2020-03-21,0N90E,30.47,49.18,81,2020,3,21
2020-03-22,0N90E,30.45,180.06,82,2020,3,22
2020-03-23,0N90E,30.48,264.5,83,2020,3,23
2020-03-24,0N90E,30.41,260.75,84,2020,3,24
2020-03-25,0N90E,30.64,268.25,85,2020,3,25
2020-03-26,0N90E,30.66,245.74,86,2020,3,26
2020-03-27,0N90E,30.79,290.77,87,2020,3,27
2020-03-28,0N90E,30.81,294.52,88,2020,3,28
2020-03-29,0N90E,31.04,299.21,89,2020,3,29
2020-03-30,0N90E,30.93,307.19,90,2020,3,30
2020-03-31,0N90E,30.93,276.23,91,2020,3,31
2020-04-01,0N90E,30.97,273.88,92,2020,4,1
2020-04-02,0N90E,31.07,272.94,93,2020,4,2
2020-04-03,0N90E,31.17,308.13,94,2020,4,3
2020-04-04,0N90E,30.81,307.19,95,2020,4,4
2020-04-05,0N90E,30.42,173.49,96,2020,4,5
2020-04-06,0N90E,30.39,272.01,97,2020,4,6
2020-04-07,0N90E,30.33,213.84,98,2020,4,7
2020-04-08,0N90E,30.19,135.49,99,2020,4,8
2020-04-09,0N90E,30.07,112.04,100,2020,4,9
2020-04-10,0N90E,30.61,297.34,101,2020,4,10
2020-04-11,0N90E,30.89,294.52,102,2020,4,11
2020-04-12,0N90E,30.96,298.28,103,2020,4,12
2020-04-13,0N90E,31.21,282.33,104,2020,4,13
2020-04-14,0N90E,31.22,301.56,105,2020,4,14
2020-04-15,0N90E,31.0,231.19,106,2020,4,15
2020-04-16,0N90E,30.79,165.05,107,2020,4,16
2020-04-17,0N90E,30.9,269.19,108,2020,4,17
2020-04-18,0N90E,30.89,290.77,109,2020,4,18
2020-04-19,0N90E,31.05,293.58,110,2020,4,19
2020-04-20,0N90E,30.91,237.29,111,2020,4,20
2020-04-21,0N90E,30.97,287.49,112,2020,4,21
2020-04-22,0N90E,31.15,264.03,113,2020,4,22
2020-04-23,0N90E,30.71,91.87,114,2020,4,23
2020-04-24,0N90E,30.63,120.95,115,2020,4,24
2020-04-25,0N90E,30.77,279.04,116,2020,4,25
2020-04-26,0N90E,30.7,156.14,117,2020,4,26
2020-04-27,0N90E,30.6,84.83,118,2020,4,27
2020-04-28,0N90E,30.55,196.48,119,2020,4,28
2020-04-29,0N90E,30.49,267.78,120,2020,4,29
2020-04-30,0N90E,30.3,135.49,121,2020,4,30
2020-05-01,0N90E,30.23,229.32,122,2020,5,1
2020-05-02,0N90E,30.22,99.37,123,2020,5,2
2020-05-03,0N90E,30.26,202.58,124,2020,5,3
2020-05-04,0N90E,30.39,169.27,125,2020,5,4
2020-05-05,0N90E,30.24,138.78,126,2020,5,5
2020-05-06,0N90E,30.25,172.09,127,2020,5,6
2020-05-07,0N90E,30.08,98.9,128,2020,5,7
2020-05-08,0N90E,30.48,260.28,129,2020,5,8
2020-05-09,0N90E,30.3,176.31,130,2020,5,9
2020-05-10,0N90E,30.39,273.88,131,2020,5,10
2020-05-11,0N90E,30.31,198.82,132,2020,5,11
2020-05-12,0N90E,30.24,89.05,133,2020,5,12
2020-05-13,0N90E,30.28,241.98,134,2020,5,13
2020-05-14,0N90E,30.33,186.16,135,2020,5,14
2020-05-15,0N90E,30.12,19.16,136,2020,5,15
2020-05-16,0N90E,30.02,37.45,137,2020,5,16
2020-05-17,0N90E,29.91,196.01,138,2020,5,17
2020-05-18,0N90E,29.79,68.41,139,2020,5,18
2020-05-19,0N90E,29.46,107.82,140,2020,5,19
2020-05-20,0N90E,29.44,272.01,141,2020,5,20
2020-05-21,0N90E,29.53,255.59,142,2020,5,21
2020-05-22,0N90E,29.5,265.91,143,2020,5,22
2020-05-23,0N90E,29.65,273.41,144,2020,5,23
2020-05-24,0N90E,29.78,248.55,145,2020,5,24
2020-05-25,0N90E,29.62,36.98,146,2020,5,25
2020-05-26,0N90E,29.5,181.94,147,2020,5,26
2020-05-27,0N90E,29.6,266.85,148,2020,5,27
2020-05-28,0N90E,29.82,257.93,149,2020,5,28
2020-05-29,0N90E,29.85,268.72,150,2020,5,29
2020-05-30,0N90E,30.16,267.78,151,2020,5,30
2020-05-31,0N90E,30.04,237.29,152,2020,5,31
2020-06-01,0N90E,29.79,231.19,153,2020,6,1
2020-06-02,0N90E,29.91,261.22,154,2020,6,2
2020-06-03,0N90E,30.2,264.03,155,2020,6,3
2020-06-04,0N90E,29.94,241.51,156,2020,6,4
2020-06-05,0N90E,30.08,207.27,157,2020,6,5
2020-06-06,0N90E,30.5,272.94,158,2020,6,6
2020-06-07,0N90E,30.55,271.54,159,2020,6,7
2006-11-16,4N90E,29.31,240.6265712217663,320,2006,11,16
2006-11-17,4N90E,29.52,250.13,321,2006,11,17
2006-11-18,4N90E,29.34,226.62,322,2006,11,18
2006-11-19,4N90E,29.36,251.29,323,2006,11,19
2006-11-20,4N90E,29.05,168.93,324,2006,11,20
2006-11-21,4N90E,29.01,95.26,325,2006,11,21
2006-11-22,4N90E,29.07,208.17,326,2006,11,22
2006-11-23,4N90E,28.99,173.87,327,2006,11,23
2006-11-24,4N90E,29.28,261.19,328,2006,11,24
2006-11-25,4N90E,29.38,218.69,329,2006,11,25
2006-11-26,4N90E,29.18,159.64,330,2006,11,26
2006-11-27,4N90E,29.11,169.51,331,2006,11,27
2006-11-28,4N90E,29.26,269.49,332,2006,11,28
2006-11-29,4N90E,29.36,269.27,333,2006,11,29
2006-11-30,4N90E,29.18,80.15,334,2006,11,30
2006-12-01,4N90E,29.36,243.37,335,2006,12,1
2006-12-02,4N90E,29.21,169.46,336,2006,12,2
2006-12-03,4N90E,29.2,200.67,337,2006,12,3
2006-12-04,4N90E,29.07,117.05,338,2006,12,4
2006-12-05,4N90E,29.04,220.4,339,2006,12,5
2006-12-06,4N90E,29.09,241.42,340,2006,12,6
2006-12-07,4N90E,29.02,221.05,341,2006,12,7
2006-12-08,4N90E,29.44,231.55,342,2006,12,8
2006-12-09,4N90E,29.11,111.84,343,2006,12,9
2006-12-10,4N90E,29.23,202.59,344,2006,12,10
2006-12-11,4N90E,29.13,231.86,345,2006,12,11
2006-12-12,4N90E,29.4,231.06,346,2006,12,12
2006-12-13,4N90E,29.3,256.74,347,2006,12,13
2006-12-14,4N90E,29.47,258.59,348,2006,12,14
2006-12-15,4N90E,29.48,233.9,349,2006,12,15
2006-12-16,4N90E,29.08,132.95,350,2006,12,16
2006-12-17,4N90E,29.17,256.54,351,2006,12,17
2006-12-18,4N90E,29.57,223.16,352,2006,12,18
2006-12-19,4N90E,29.45,137.26,353,2006,12,19
2006-12-20,4N90E,29.06,29.12,354,2006,12,20
2006-12-21,4N90E,29.08,237.34,355,2006,12,21
2006-12-22,4N90E,28.59,10.35,356,2006,12,22
2006-12-23,4N90E,28.51,182.61,357,2006,12,23
2006-12-24,4N90E,28.92,85.77,358,2006,12,24
2006-12-25,4N90E,29.01,66.05,359,2006,12,25
2006-12-26,4N90E,29.05,178.5,360,2006,12,26
2006-12-27,4N90E,28.97,171.15,361,2006,12,27
2006-12-28,4N90E,29.11,133.59,362,2006,12,28
2006-12-29,4N90E,29.08,251.45,363,2006,12,29
2006-12-30,4N90E,29.05,141.3,364,2006,12,30
2006-12-31,4N90E,29.07,252.98,365,2006,12,31
2007-01-01,4N90E,29.07,249.23,1,2007,1,1
2007-01-02,4N90E,28.95,196.95,2,2007,1,2
2007-01-03,4N90E,28.82,210.72,3,2007,1,3
2007-01-04,4N90E,28.72,240.84,4,2007,1,4
2007-01-05,4N90E,28.62,256.25,5,2007,1,5
2007-01-06,4N90E,28.65,256.04,6,2007,1,6
2007-01-07,4N90E,28.88,264.96,7,2007,1,7
2007-01-08,4N90E,29.05,261.44,8,2007,1,8
2007-01-09,4N90E,28.9,155.36,9,2007,1,9
2007-01-10,4N90E,29.01,271.8,10,2007,1,10
2007-01-11,4N90E,29.13,270.13,11,2007,1,11
2007-01-12,4N90E,29.2,282.41,12,2007,1,12
2007-01-13,4N90E,29.04,194.39,13,2007,1,13
2007-01-14,4N90E,28.86,106.19,14,2007,1,14
2007-01-15,4N90E,28.88,249.2,15,2007,1,15
2007-01-16,4N90E,28.98,274.01,16,2007,1,16
2007-01-17,4N90E,29.06,241.64,17,2007,1,17
2007-01-18,4N90E,29.22,213.77,18,2007,1,18
2007-01-19,4N90E,29.01,139.4,19,2007,1,19
2007-01-20,4N90E,28.97,196.79,20,2007,1,20
2007-01-21,4N90E,28.89,47.83,21,2007,1,21
2007-01-22,4N90E,28.77,186.64,22,2007,1,22
2007-01-23,4N90E,28.64,94.72,23,2007,1,23
2007-01-24,4N90E,28.72,137.93,24,2007,1,24
2007-01-25,4N90E,28.9,266.8,25,2007,1,25
2007-01-26,4N90E,29.1,266.74,26,2007,1,26
2007-01-27,4N90E,28.96,137.74,27,2007,1,27
2007-01-28,4N90E,28.88,255.6,28,2007,1,28
2007-01-29,4N90E,28.82,254.53,29,2007,1,29
2007-01-30,4N90E,28.75,78.95,30,2007,1,30
2007-01-31,4N90E,28.79,202.88,31,2007,1,31
2007-02-01,4N90E,28.77,274.7,32,2007,2,1
2007-02-02,4N90E,28.63,218.47,33,2007,2,2
2007-02-03,4N90E,28.65,245.39,34,2007,2,3
2007-02-04,4N90E,28.63,191.39,35,2007,2,4
2007-02-05,4N90E,28.63,284.25,36,2007,2,5
2007-02-06,4N90E,28.66,281.93,37,2007,2,6
2007-02-07,4N90E,28.73,296.62,38,2007,2,7
2007-02-08,4N90E,29.03,291.16,39,2007,2,8
2007-02-09,4N90E,28.91,294.43,40,2007,2,9
2007-02-10,4N90E,28.87,284.97,41,2007,2,10
2007-02-11,4N90E,28.94,278.97,42,2007,2,11
2007-02-12,4N90E,28.96,268.03,43,2007,2,12
2007-02-13,4N90E,29.23,295.91,44,2007,2,13
2007-02-14,4N90E,29.36,258.55,45,2007,2,14
2007-02-15,4N90E,29.39,275.48,46,2007,2,15
2007-02-16,4N90E,29.34,292.2,47,2007,2,16
2007-02-17,4N90E,29.29,284.03,48,2007,2,17
2007-02-18,4N90E,29.35,232.62,49,2007,2,18
2007-02-19,4N90E,29.26,147.51,50,2007,2,19
2007-02-20,4N90E,29.19,297.72,51,2007,2,20
2007-02-21,4N90E,28.94,270.56,52,2007,2,21
2007-02-22,4N90E,28.79,234.42,53,2007,2,22
2007-02-23,4N90E,28.89,294.13,54,2007,2,23
2007-02-24,4N90E,29.3,308.9,55,2007,2,24
2007-02-25,4N90E,29.37,301.25,56,2007,2,25
2007-02-26,4N90E,29.45,292.93,57,2007,2,26
2007-02-27,4N90E,29.18,269.01,58,2007,2,27
2007-02-28,4N90E,28.85,216.72,59,2007,2,28
2007-03-01,4N90E,28.82,297.59,60,2007,3,1
2007-03-02,4N90E,29.45,297.17,61,2007,3,2
2007-03-03,4N90E,29.15,253.28,62,2007,3,3
2007-03-04,4N90E,28.91,226.41,63,2007,3,4
2007-03-05,4N90E,28.95,274.97,64,2007,3,5
2007-03-06,4N90E,28.87,270.2,65,2007,3,6
2007-03-07,4N90E,28.91,279.17,66,2007,3,7
2007-03-08,4N90E,28.97,196.33,67,2007,3,8
2007-03-09,4N90E,29.24,290.48,68,2007,3,9
2007-03-10,4N90E,29.72,264.31,69,2007,3,10
2007-03-11,4N90E,29.66,222.09,70,2007,3,11
2007-03-12,4N90E,29.84,237.08,71,2007,3,12
2007-03-13,4N90E,29.59,205.28,72,2007,3,13
2007-03-14,4N90E,30.04,256.62,73,2007,3,14
2007-03-15,4N90E,30.01,271.05,74,2007,3,15
2007-03-16,4N90E,30.04,286.08,75,2007,3,16
2007-03-17,4N90E,29.85,235.4,76,2007,3,17
2007-03-18,4N90E,29.86,279.73,77,2007,3,18
2007-03-19,4N90E,29.83,274.59,78,2007,3,19
2007-03-20,4N90E,29.85,313.7,79,2007,3,20
2007-03-21,4N90E,29.9,299.24,80,2007,3,21
2007-03-22,4N90E,29.86,236.36,81,2007,3,22
2007-03-23,4N90E,30.05,306.3,82,2007,3,23
2007-03-24,4N90E,29.92,329.17,83,2007,3,24
2007-03-25,4N90E,30.0,316.73,84,2007,3,25
2007-03-26,4N90E,30.31,310.44,85,2007,3,26
2007-03-27,4N90E,30.43,312.07,86,2007,3,27
2007-03-28,4N90E,30.44,313.13,87,2007,3,28
2007-03-29,4N90E,30.3,317.73,88,2007,3,29
2007-03-30,4N90E,30.54,299.77,89,2007,3,30
2007-03-31,4N90E,30.61,302.86,90,2007,3,31
2007-04-01,4N90E,30.68,240.13,91,2007,4,1
2007-04-02,4N90E,30.87,292.04,92,2007,4,2
2007-04-03,4N90E,30.5,125.37,93,2007,4,3
2007-04-04,4N90E,30.42,268.09,94,2007,4,4
2007-04-05,4N90E,30.22,121.58,95,2007,4,5
2007-04-06,4N90E,29.96,162.01,96,2007,4,6
2007-04-07,4N90E,29.87,106.41,97,2007,4,7
2007-04-08,4N90E,30.19,302.67,98,2007,4,8
2007-04-09,4N90E,30.19,278.55,99,2007,4,9
2007-04-10,4N90E,30.27,296.9,100,2007,4,10
2007-04-11,4N90E,30.08,193.19,101,2007,4,11
2007-04-12,4N90E,30.28,299.68,102,2007,4,12
2007-04-13,4N90E,30.05,208.95,103,2007,4,13
2007-04-14,4N90E,30.46,280.58,104,2007,4,14
2007-04-15,4N90E,30.08,259.8,105,2007,4,15
2007-04-16,4N90E,30.48,298.55,106,2007,4,16
2007-04-17,4N90E,30.75,308.92,107,2007,4,17
2007-04-18,4N90E,30.46,291.07,108,2007,4,18
2007-04-19,4N90E,30.46,294.62,109,2007,4,19
2007-04-20,4N90E,30.58,278.0,110,2007,4,20
2007-04-21,4N90E,30.76,256.25,111,2007,4,21
2007-04-22,4N90E,30.31,120.81,112,2007,4,22
2007-04-23,4N90E,30.23,204.89,113,2007,4,23
2007-04-24,4N90E,30.16,149.73,114,2007,4,24
2007-04-25,4N90E,29.92,165.99,115,2007,4,25
2007-04-26,4N90E,30.09,246.71,116,2007,4,26
2007-04-27,4N90E,29.97,224.7,117,2007,4,27
2007-04-28,4N90E,29.83,92.97,118,2007,4,28
2007-04-29,4N90E,29.81,250.72,119,2007,4,29
2007-04-30,4N90E,29.76,145.51,120,2007,4,30
2007-05-01,4N90E,29.9,292.84,121,2007,5,1
2007-05-02,4N90E,29.85,185.58,122,2007,5,2
2007-05-03,4N90E,29.77,72.23,123,2007,5,3
2007-05-04,4N90E,29.77,162.34,124,2007,5,4
2007-05-05,4N90E,29.72,131.81,125,2007,5,5
2007-05-06,4N90E,29.74,165.09,126,2007,5,6
2007-05-07,4N90E,29.74,92.51,127,2007,5,7
2007-05-08,4N90E,29.79,210.83,128,2007,5,8
2007-05-09,4N90E,29.73,210.37,129,2007,5,9
2007-05-10,4N90E,29.67,112.66,130,2007,5,10
2007-05-11,4N90E,29.7,288.73,131,2007,5,11
2007-05-12,4N90E,29.61,163.98,132,2007,5,12
2007-05-13,4N90E,29.65,265.91,133,2007,5,13
2007-05-14,4N90E,29.65,242.61,134,2007,5,14
2007-05-15,4N90E,29.66,199.34,135,2007,5,15
2007-05-16,4N90E,29.72,285.93,136,2007,5,16
2007-05-17,4N90E,29.66,248.67,137,2007,5,17
2007-05-18,4N90E,29.64,213.45,138,2007,5,18
2007-05-19,4N90E,29.92,288.79,139,2007,5,19
2007-05-20,4N90E,29.68,294.89,140,2007,5,20
2007-05-21,4N90E,29.66,245.65,141,2007,5,21
2007-05-22,4N90E,29.84,284.55,142,2007,5,22
2007-05-23,4N90E,30.08,283.37,143,2007,5,23
2007-05-24,4N90E,30.56,288.81,144,2007,5,24
2007-05-25,4N90E,30.41,259.11,145,2007,5,25
2007-05-26,4N90E,30.52,215.36,146,2007,5,26
2007-05-27,4N90E,30.47,225.51,147,2007,5,27
2007-05-28,4N90E,30.52,281.47,148,2007,5,28
2007-05-29,4N90E,30.13,257.98,149,2007,5,29
2007-05-30,4N90E,29.86,243.42,150,2007,5,30
2007-05-31,4N90E,29.89,194.44,151,2007,5,31
2007-06-01,4N90E,29.84,197.47,152,2007,6,1
2007-06-02,4N90E,29.97,279.91,153,2007,6,2
2007-06-03,4N90E,29.71,123.76,154,2007,6,3
2007-06-04,4N90E,29.78,240.51,155,2007,6,4
2007-06-05,4N90E,29.76,261.77,156,2007,6,5
2007-06-06,4N90E,29.67,77.99,157,2007,6,6
2007-06-07,4N90E,29.81,263.71,158,2007,6,7
2007-06-08,4N90E,29.76,202.52,159,2007,6,8
2007-06-09,4N90E,29.93,278.54,160,2007,6,9
2007-06-10,4N90E,29.88,277.45,161,2007,6,10
2007-06-11,4N90E,29.75,134.64,162,2007,6,11
2007-06-12,4N90E,29.73,53.17,163,2007,6,12
2007-06-13,4N90E,29.76,173.19,164,2007,6,13
2007-06-14,4N90E,29.64,61.53,165,2007,6,14
2007-06-15,4N90E,29.47,115.87,166,2007,6,15
2007-06-16,4N90E,29.4,189.49,167,2007,6,16
2007-06-17,4N90E,29.33,196.13,168,2007,6,17
2007-06-18,4N90E,29.08,177.54,169,2007,6,18
2007-06-19,4N90E,29.01,165.2,170,2007,6,19
2007-06-20,4N90E,29.06,160.73,171,2007,6,20
2007-06-21,4N90E,29.07,247.63,172,2007,6,21
2007-06-22,4N90E,29.21,211.46,173,2007,6,22
2007-06-23,4N90E,29.29,272.74,174,2007,6,23
2007-06-24,4N90E,29.45,205.26,175,2007,6,24
2007-06-25,4N90E,29.33,154.96,176,2007,6,25
2007-06-26,4N90E,29.17,55.15,177,2007,6,26
2007-06-27,4N90E,29.08,155.68,178,2007,6,27
2007-06-28,4N90E,29.03,141.21,179,2007,6,28
2007-06-29,4N90E,29.07,252.52,180,2007,6,29
2007-06-30,4N90E,29.09,267.73,181,2007,6,30
2007-07-01,4N90E,29.09,274.57,182,2007,7,1
2007-07-02,4N90E,29.15,269.42,183,2007,7,2
2007-07-03,4N90E,29.17,269.77,184,2007,7,3
2007-07-04,4N90E,29.26,254.5,185,2007,7,4
2007-07-05,4N90E,29.25,267.72,186,2007,7,5
2007-07-06,4N90E,29.21,275.56,187,2007,7,6
2007-07-07,4N90E,29.17,219.52,188,2007,7,7
2007-07-08,4N90E,29.15,167.98,189,2007,7,8
2007-07-09,4N90E,29.19,222.79,190,2007,7,9
2007-07-10,4N90E,29.16,148.35,191,2007,7,10
2007-07-11,4N90E,29.22,268.79,192,2007,7,11
2007-07-12,4N90E,29.17,191.11,193,2007,7,12
2007-07-13,4N90E,29.15,218.32,194,2007,7,13
2007-07-14,4N90E,29.15,251.16,195,2007,7,14
2007-07-15,4N90E,29.06,157.52,196,2007,7,15
2007-07-16,4N90E,29.08,219.5,197,2007,7,16
2007-07-17,4N90E,29.07,238.2,198,2007,7,17
2007-07-18,4N90E,29.01,206.95,199,2007,7,18
2007-07-19,4N90E,28.95,171.53,200,2007,7,19
2007-07-20,4N90E,28.87,69.91,201,2007,7,20
2007-07-21,4N90E,28.81,119.26,202,2007,7,21
2007-07-22,4N90E,28.8,172.29,203,2007,7,22
2007-07-23,4N90E,28.75,185.56,204,2007,7,23
2007-07-24,4N90E,28.71,69.62,205,2007,7,24
2007-07-25,4N90E,28.98,280.34,206,2007,7,25
2007-07-26,4N90E,29.14,278.46,207,2007,7,26
2007-07-27,4N90E,29.0,259.75,208,2007,7,27
2007-07-28,4N90E,29.12,253.97,209,2007,7,28
2007-07-29,4N90E,28.95,215.59,210,2007,7,29
2007-07-30,4N90E,28.83,98.76,211,2007,7,30
2007-07-31,4N90E,28.84,135.07,212,2007,7,31
2007-08-01,4N90E,28.91,289.82,213,2007,8,1
2007-08-02,4N90E,29.01,264.62,214,2007,8,2
2007-08-03,4N90E,28.92,289.37,215,2007,8,3
2007-08-04,4N90E,28.83,279.9,216,2007,8,4
2007-08-05,4N90E,28.8,300.43,217,2007,8,5
2007-08-06,4N90E,28.91,293.89,218,2007,8,6
2007-08-07,4N90E,28.88,232.99,219,2007,8,7
2007-08-08,4N90E,28.83,220.72,220,2007,8,8
2007-08-09,4N90E,28.83,237.17,221,2007,8,9
2007-08-10,4N90E,28.8,217.62,222,2007,8,10
2007-08-11,4N90E,28.76,220.89,223,2007,8,11
2007-08-12,4N90E,28.68,215.76,224,2007,8,12
2007-08-13,4N90E,28.6,108.59,225,2007,8,13
2007-08-14,4N90E,28.72,271.69,226,2007,8,14
2007-08-15,4N90E,28.66,117.36,227,2007,8,15
2007-08-16,4N90E,28.68,228.59,228,2007,8,16
2007-08-17,4N90E,28.62,194.55,229,2007,8,17
2007-08-18,4N90E,28.62,256.31,230,2007,8,18
2007-08-19,4N90E,28.56,99.51,231,2007,8,19
2007-08-20,4N90E,28.51,61.88,232,2007,8,20
2007-08-21,4N90E,28.52,150.59,233,2007,8,21
2007-08-22,4N90E,28.53,188.7,234,2007,8,22
2007-08-23,4N90E,28.56,198.83,235,2007,8,23
2007-08-24,4N90E,28.56,259.97,236,2007,8,24
2007-08-25,4N90E,28.96,277.77,237,2007,8,25
2007-08-26,4N90E,28.94,264.54,238,2007,8,26
2007-08-27,4N90E,29.06,289.08,239,2007,8,27
2007-08-28,4N90E,28.95,253.36,240,2007,8,28
2007-08-29,4N90E,28.93,212.21,241,2007,8,29
2007-08-30,4N90E,28.85,113.18,242,2007,8,30
2007-08-31,4N90E,28.68,113.2,243,2007,8,31
2007-09-01,4N90E,28.62,67.14,244,2007,9,1
2007-09-02,4N90E,28.59,204.34,245,2007,9,2
2007-09-03,4N90E,28.59,246.68,246,2007,9,3
2007-09-04,4N90E,28.7,256.74,247,2007,9,4
2007-09-05,4N90E,28.9,244.25,248,2007,9,5
2007-09-06,4N90E,28.76,228.95,249,2007,9,6
2007-09-07,4N90E,28.7,217.94,250,2007,9,7
2007-09-08,4N90E,28.61,205.8,251,2007,9,8
2007-09-09,4N90E,28.78,245.9,252,2007,9,9
2007-09-10,4N90E,28.91,261.87,253,2007,9,10
2007-09-11,4N90E,28.82,297.52,254,2007,9,11
2007-09-12,4N90E,28.93,287.65,255,2007,9,12
2007-09-13,4N90E,28.78,162.02,256,2007,9,13
2007-09-14,4N90E,28.78,150.4,257,2007,9,14
2007-09-15,4N90E,28.68,173.59,258,2007,9,15
2007-09-16,4N90E,28.66,265.81,259,2007,9,16
2007-09-17,4N90E,28.69,221.22,260,2007,9,17
2007-09-18,4N90E,28.66,191.69,261,2007,9,18
2007-09-19,4N90E,28.59,147.32,262,2007,9,19
2007-09-20,4N90E,28.67,297.34,263,2007,9,20
2007-09-21,4N90E,28.76,290.95,264,2007,9,21
2007-09-22,4N90E,28.72,288.2,265,2007,9,22
2007-09-23,4N90E,28.69,162.99,266,2007,9,23
2007-09-24,4N90E,28.85,291.5,267,2007,9,24
2007-09-25,4N90E,28.85,277.54,268,2007,9,25
2007-09-26,4N90E,28.88,205.04,269,2007,9,26
2007-09-27,4N90E,28.95,269.19,270,2007,9,27
2007-09-28,4N90E,28.96,285.52,271,2007,9,28
2007-09-29,4N90E,28.91,182.3,272,2007,9,29
2007-09-30,4N90E,28.75,108.78,273,2007,9,30
2007-10-01,4N90E,28.69,188.61,274,2007,10,1
2007-10-02,4N90E,28.63,275.53,275,2007,10,2
2007-10-03,4N90E,28.59,253.91,276,2007,10,3
2007-10-04,4N90E,28.53,128.01,277,2007,10,4
2007-10-05,4N90E,28.44,70.29,278,2007,10,5
2007-10-06,4N90E,28.37,112.96,279,2007,10,6
2007-10-07,4N90E,28.634999999999998,182.84499999999997,280,2007,10,7
2007-10-08,4N90E,28.9,252.73,281,2007,10,8
2007-10-09,4N90E,28.77,229.45,282,2007,10,9
2007-10-10,4N90E,28.62,296.98,283,2007,10,10
2007-10-11,4N90E,28.99,280.68,284,2007,10,11
2007-10-12,4N90E,29.11,276.49,285,2007,10,12
2007-10-13,4N90E,28.51,112.08,286,2007,10,13
2007-10-14,4N90E,28.37,95.78,287,2007,10,14
2007-10-15,4N90E,28.41,173.09,288,2007,10,15
2007-10-16,4N90E,28.54,262.98,289,2007,10,16
2007-10-17,4N90E,28.45,122.33,290,2007,10,17
2007-10-18,4N90E,28.69,264.38,291,2007,10,18
2007-10-19,4N90E,28.48,73.42,292,2007,10,19
2007-10-20,4N90E,28.43,161.91,293,2007,10,20
2007-10-21,4N90E,28.32,55.26,294,2007,10,21
2007-10-22,4N90E,28.25,125.12,295,2007,10,22
2007-10-23,4N90E,28.21,174.02,296,2007,10,23
2007-10-24,4N90E,28.09,111.15,297,2007,10,24
2007-10-25,4N90E,28.07,182.87,298,2007,10,25
2007-10-26,4N90E,28.08,93.45,299,2007,10,26
2007-10-27,4N90E,28.08,168.9,300,2007,10,27
2007-10-28,4N90E,28.17,242.49,301,2007,10,28
2007-10-29,4N90E,28.18,276.02,302,2007,10,29
2007-10-30,4N90E,28.33,208.49,303,2007,10,30
2007-10-31,4N90E,28.23,198.71,304,2007,10,31
2007-11-01,4N90E,28.32,244.82,305,2007,11,1
2007-11-02,4N90E,27.99,39.43,306,2007,11,2
2007-11-03,4N90E,28.03,215.94,307,2007,11,3
2007-11-04,4N90E,28.46,249.47,308,2007,11,4
2007-11-05,4N90E,28.51,276.02,309,2007,11,5
2007-11-06,4N90E,28.32,227.58,310,2007,11,6
2007-11-07,4N90E,28.1,62.71,311,2007,11,7
2007-11-08,4N90E,27.99,85.53,312,2007,11,8
2007-11-09,4N90E,27.93,65.97,313,2007,11,9
2007-11-10,4N90E,27.9,187.53,314,2007,11,10
2007-11-11,4N90E,27.96,263.45,315,2007,11,11
2007-11-12,4N90E,28.08,264.84,316,2007,11,12
2007-11-13,4N90E,28.1,256.46,317,2007,11,13
2007-11-14,4N90E,28.34,278.82,318,2007,11,14
2007-11-15,4N90E,28.79,275.56,319,2007,11,15
2007-11-16,4N90E,28.64,272.76,320,2007,11,16
2007-11-17,4N90E,28.6,296.05,321,2007,11,17
2007-11-18,4N90E,28.87,265.31,322,2007,11,18
2007-11-19,4N90E,28.71,268.1,323,2007,11,19
2007-11-20,4N90E,28.55,174.02,324,2007,11,20
2007-11-21,4N90E,28.54,234.57,325,2007,11,21
2007-11-22,4N90E,28.8,260.65,326,2007,11,22
2007-11-23,4N90E,28.94,264.38,327,2007,11,23
2007-11-24,4N90E,28.95,266.71,328,2007,11,24
2007-11-25,4N90E,29.13,285.8,329,2007,11,25
2007-11-26,4N90E,29.15,244.35,330,2007,11,26
2007-11-27,4N90E,29.06,235.97,331,2007,11,27
2007-11-28,4N90E,28.93,230.38,332,2007,11,28
2007-11-29,4N90E,29.13,268.57,333,2007,11,29
2007-11-30,4N90E,29.15,262.05,334,2007,11,30
2007-12-01,4N90E,28.93,134.9,335,2007,12,1
2007-12-02,4N90E,28.74,67.84,336,2007,12,2
2007-12-03,4N90E,28.38,91.12,337,2007,12,3
2007-12-04,4N90E,28.2,267.64,338,2007,12,4
2007-12-05,4N90E,28.18,271.83,339,2007,12,5
2007-12-06,4N90E,28.24,271.36,340,2007,12,6
2007-12-07,4N90E,28.28,189.39,341,2007,12,7
2007-12-08,4N90E,28.45,139.56,342,2007,12,8
2007-12-09,4N90E,28.4,65.51,343,2007,12,9
2007-12-10,4N90E,28.41,111.62,344,2007,12,10
2007-12-11,4N90E,28.39,97.64,345,2007,12,11
2007-12-12,4N90E,28.41,139.09,346,2007,12,12
2007-12-13,4N90E,28.63,154.93,347,2007,12,13
2007-12-14,4N90E,28.36,142.35,348,2007,12,14
2007-12-15,4N90E,28.04,141.89,349,2007,12,15
2007-12-16,4N90E,28.42,249.47,350,2007,12,16
2007-12-17,4N90E,28.61,265.77,351,2007,12,17
2007-12-18,4N90E,28.61,254.13,352,2007,12,18
2007-12-19,4N90E,28.83,269.97,353,2007,12,19
2007-12-20,4N90E,28.62,195.45,354,2007,12,20
2007-12-21,4N90E,28.86,207.56,355,2007,12,21
2007-12-22,4N90E,29.01,184.27,356,2007,12,22
2007-12-23,4N90E,29.13,227.58,357,2007,12,23
2007-12-24,4N90E,28.48,79.94,358,2007,12,24
2007-12-25,4N90E,28.57,236.9,359,2007,12,25
2007-12-26,4N90E,28.34,140.03,360,2007,12,26
2007-12-27,4N90E,28.45,203.83,361,2007,12,27
2007-12-28,4N90E,28.38,206.63,362,2007,12,28
2007-12-29,4N90E,28.38,203.37,363,2007,12,29
2007-12-30,4N90E,28.43,217.8,364,2007,12,30
2007-12-31,4N90E,28.44,226.65,365,2007,12,31
2008-01-01,4N90E,28.5,164.71,1,2008,1,1
2008-01-02,4N90E,28.44,169.83,2,2008,1,2
2008-01-03,4N90E,28.61,247.15,3,2008,1,3
2008-01-04,4N90E,28.66,197.31,4,2008,1,4
2008-01-05,4N90E,28.8,247.61,5,2008,1,5
2008-01-06,4N90E,29.06,247.6432456140351,6,2008,1,6
2008-01-07,4N90E,29.29,247.67649122807018,7,2008,1,7
2008-01-08,4N90E,29.14,247.7097368421053,8,2008,1,8
2008-01-09,4N90E,29.22,250.68149215621816,9,2008,1,9
2008-01-10,4N90E,29.37,250.66414112785844,10,2008,1,10
2008-01-11,4N90E,29.38,250.64679009949873,11,2008,1,11
2008-01-12,4N90E,29.76,250.62943907113902,12,2008,1,12
2008-01-13,4N90E,29.55,250.6120880427793,13,2008,1,13
2008-01-14,4N90E,29.39,250.59473701441962,14,2008,1,14
2008-01-15,4N90E,29.21,250.5773859860599,15,2008,1,15
2008-01-16,4N90E,29.0,250.5600349577002,16,2008,1,16
2008-01-17,4N90E,28.92,250.54268392934048,17,2008,1,17
2008-01-18,4N90E,29.11,250.52533290098077,18,2008,1,18
2008-01-19,4N90E,29.25,250.50798187262106,19,2008,1,19
2008-01-20,4N90E,29.68,250.49063084426135,20,2008,1,20
2008-01-21,4N90E,29.42,250.47327981590163,21,2008,1,21
2008-01-22,4N90E,29.22,250.45592878754192,22,2008,1,22
2008-01-23,4N90E,29.16,250.4385777591822,23,2008,1,23
2008-01-24,4N90E,29.4,250.4212267308225,24,2008,1,24
2008-01-25,4N90E,29.54,250.4038757024628,25,2008,1,25
2008-01-26,4N90E,29.29,250.3865246741031,26,2008,1,26
2008-01-27,4N90E,29.36,250.3691736457434,27,2008,1,27
2008-01-28,4N90E,29.23,250.35182261738368,28,2008,1,28
2008-01-29,4N90E,29.29,250.33447158902396,29,2008,1,29
2008-01-30,4N90E,29.25,250.31712056066425,30,2008,1,30
2008-01-31,4N90E,29.27,250.29976953230454,31,2008,1,31
2008-02-01,4N90E,29.4,250.28241850394483,32,2008,2,1
2008-02-02,4N90E,29.25,250.2650674755851,33,2008,2,2
2008-02-03,4N90E,29.33,250.2477164472254,34,2008,2,3
2008-02-04,4N90E,29.28,250.23036541886572,35,2008,2,4
2008-02-05,4N90E,29.16,250.213014390506,36,2008,2,5
2008-02-06,4N90E,29.34,250.1956633621463,37,2008,2,6
2008-02-07,4N90E,29.57,250.17831233378658,38,2008,2,7
2008-02-08,4N90E,29.29,250.16096130542687,39,2008,2,8
2008-02-09,4N90E,29.3,250.14361027706715,40,2008,2,9
2008-02-10,4N90E,29.2,250.12625924870744,41,2008,2,10
2008-02-11,4N90E,28.97,250.10890822034773,42,2008,2,11
2008-02-12,4N90E,28.84,250.09155719198802,43,2008,2,12
2008-02-13,4N90E,29.0,250.0742061636283,44,2008,2,13
2008-02-14,4N90E,28.87,250.0568551352686,45,2008,2,14
2008-02-15,4N90E,28.79,250.0395041069089,46,2008,2,15
2008-02-16,4N90E,28.79,250.0221530785492,47,2008,2,16
2008-02-17,4N90E,28.64,250.00480205018948,48,2008,2,17
2008-02-18,4N90E,28.75,249.98745102182977,49,2008,2,18
2008-02-19,4N90E,29.14,249.97009999347006,50,2008,2,19
2008-02-20,4N90E,29.43,249.95274896511035,51,2008,2,20
2008-02-21,4N90E,29.28,249.93539793675063,52,2008,2,21
2008-02-22,4N90E,28.75,249.91804690839092,53,2008,2,22
2008-02-23,4N90E,28.82,249.9006958800312,54,2008,2,23
2008-02-24,4N90E,29.13,249.8833448516715,55,2008,2,24
2008-02-25,4N90E,29.24,249.86599382331178,56,2008,2,25
2008-02-26,4N90E,29.51,249.8486427949521,57,2008,2,26
2008-02-27,4N90E,29.5,249.8312917665924,58,2008,2,27
2008-02-28,4N90E,29.61,249.81394073823267,59,2008,2,28
2008-02-29,4N90E,29.62,249.79658970987296,60,2008,2,29
2008-03-01,4N90E,29.76,249.77923868151325,61,2008,3,1
2008-03-02,4N90E,29.68,249.76188765315354,62,2008,3,2
2008-03-03,4N90E,29.49,249.74453662479382,63,2008,3,3
2008-03-04,4N90E,29.51,249.7271855964341,64,2008,3,4
2008-03-05,4N90E,29.39,249.7098345680744,65,2008,3,5
2008-03-06,4N90E,29.14,249.6924835397147,66,2008,3,6
2008-03-07,4N90E,29.14,249.675132511355,67,2008,3,7
2008-03-08,4N90E,29.03,249.6577814829953,68,2008,3,8
2008-03-09,4N90E,28.88,249.64043045463558,69,2008,3,9
2008-03-10,4N90E,29.0,249.62307942627586,70,2008,3,10
2008-03-11,4N90E,29.14,249.60572839791615,71,2008,3,11
2008-03-12,4N90E,29.1,249.58837736955644,72,2008,3,12
2008-03-13,4N90E,29.01,249.57102634119673,73,2008,3,13
2008-03-14,4N90E,28.85,249.55367531283702,74,2008,3,14
2008-03-15,4N90E,28.92,249.5363242844773,75,2008,3,15
2008-03-16,4N90E,28.97,249.5189732561176,76,2008,3,16
2008-03-17,4N90E,28.95,249.50162222775788,77,2008,3,17
2008-03-18,4N90E,28.74,249.4842711993982,78,2008,3,18
2008-03-19,4N90E,28.87,249.46692017103848,79,2008,3,19
2008-03-20,4N90E,29.48,249.44956914267877,80,2008,3,20
2008-03-21,4N90E,29.52,249.43221811431906,81,2008,3,21
2008-03-22,4N90E,29.64,249.41486708595934,82,2008,3,22
2008-03-23,4N90E,29.56,249.39751605759963,83,2008,3,23
2008-03-24,4N90E,29.39,249.38016502923992,84,2008,3,24
2008-03-25,4N90E,29.21,249.3628140008802,85,2008,3,25
2008-03-26,4N90E,29.08,249.3454629725205,86,2008,3,26
2008-03-27,4N90E,29.23,249.32811194416078,87,2008,3,27
2008-03-28,4N90E,29.18,249.31076091580107,88,2008,3,28
2008-03-29,4N90E,29.16,249.29340988744138,89,2008,3,29
2008-03-30,4N90E,29.0,249.27605885908167,90,2008,3,30
2008-03-31,4N90E,28.8,249.25870783072196,91,2008,3,31
2008-04-01,4N90E,29.24,249.24135680236225,92,2008,4,1
2008-04-02,4N90E,29.23,249.22400577400253,93,2008,4,2
2008-04-03,4N90E,29.57,249.20665474564282,94,2008,4,3
2008-04-04,4N90E,29.85,249.1893037172831,95,2008,4,4
2008-04-05,4N90E,29.78,249.1719526889234,96,2008,4,5
2008-04-06,4N90E,29.46,249.15460166056369,97,2008,4,6
2008-04-07,4N90E,29.64,249.13725063220397,98,2008,4,7
2008-04-08,4N90E,29.62,249.1198996038443,99,2008,4,8
2008-04-09,4N90E,29.55,249.10254857548458,100,2008,4,9
2008-04-10,4N90E,29.77,249.08519754712486,101,2008,4,10
2008-04-11,4N90E,29.45,249.06784651876515,102,2008,4,11
2008-04-12,4N90E,29.47,249.05049549040544,103,2008,4,12
2008-04-13,4N90E,29.51,249.03314446204573,104,2008,4,13
2008-04-14,4N90E,29.39,249.015793433686,105,2008,4,14
2008-04-15,4N90E,29.49,248.9984424053263,106,2008,4,15
2008-04-16,4N90E,29.44,248.9810913769666,107,2008,4,16
2008-04-17,4N90E,29.72,248.96374034860688,108,2008,4,17
2008-04-18,4N90E,29.67,248.94638932024716,109,2008,4,18
2008-04-19,4N90E,29.63,248.92903829188748,110,2008,4,19
2008-04-20,4N90E,29.5,248.91168726352777,111,2008,4,20
2008-04-21,4N90E,29.42,248.89433623516805,112,2008,4,21
2008-04-22,4N90E,29.39,248.87698520680834,113,2008,4,22
2008-04-23,4N90E,29.1,248.85963417844863,114,2008,4,23
2008-04-24,4N90E,29.23,248.84228315008892,115,2008,4,24
2008-04-25,4N90E,29.43,248.8249321217292,116,2008,4,25
2008-04-26,4N90E,29.33,248.8075810933695,117,2008,4,26
2008-04-27,4N90E,29.28,248.79023006500978,118,2008,4,27
2008-04-28,4N90E,29.21,248.77287903665007,119,2008,4,28
2008-04-29,4N90E,29.2,248.75552800829036,120,2008,4,29
2008-04-30,4N90E,29.22,248.73817697993067,121,2008,4,30
2008-05-01,4N90E,29.29,248.72082595157096,122,2008,5,1
2008-05-02,4N90E,29.34,248.70347492321125,123,2008,5,2
2008-05-03,4N90E,29.32,248.68612389485153,124,2008,5,3
2008-05-04,4N90E,29.37,248.66877286649182,125,2008,5,4
2008-05-05,4N90E,29.53,248.6514218381321,126,2008,5,5
2008-05-06,4N90E,29.58,248.6340708097724,127,2008,5,6
2008-05-07,4N90E,29.49,248.61671978141268,128,2008,5,7
2008-05-08,4N90E,29.42,248.59936875305297,129,2008,5,8
2008-05-09,4N90E,29.24,248.58201772469326,130,2008,5,9
2008-05-10,4N90E,29.31,248.56466669633357,131,2008,5,10
2008-05-11,4N90E,29.22,248.54731566797386,132,2008,5,11
2008-05-12,4N90E,29.22,248.52996463961415,133,2008,5,12
2008-05-13,4N90E,29.28,248.51261361125444,134,2008,5,13
2008-05-14,4N90E,29.24,248.49526258289472,135,2008,5,14
2008-05-15,4N90E,29.36,248.477911554535,136,2008,5,15
2008-05-16,4N90E,29.35,248.4605605261753,137,2008,5,16
2008-05-17,4N90E,29.38,248.4432094978156,138,2008,5,17
2008-05-18,4N90E,29.41,248.42585846945587,139,2008,5,18
2008-05-19,4N90E,29.3,248.40850744109616,140,2008,5,19
2008-05-20,4N90E,29.33,248.39115641273645,141,2008,5,20
2008-05-21,4N90E,29.5,248.37380538437677,142,2008,5,21
2008-05-22,4N90E,29.85,248.35645435601705,143,2008,5,22
2008-05-23,4N90E,29.63,248.33910332765734,144,2008,5,23
2008-05-24,4N90E,29.32,248.32175229929763,145,2008,5,24
2008-05-25,4N90E,29.3,248.30440127093792,146,2008,5,25
2008-05-26,4N90E,29.46,248.2870502425782,147,2008,5,26
2008-05-27,4N90E,29.58,248.2696992142185,148,2008,5,27
2008-05-28,4N90E,29.87,248.25234818585878,149,2008,5,28
2008-05-29,4N90E,29.75,248.23499715749907,150,2008,5,29
2008-05-30,4N90E,29.6,248.21764612913935,151,2008,5,30
2008-05-31,4N90E,29.46,248.20029510077964,152,2008,5,31
2008-06-01,4N90E,29.18,248.18294407241996,153,2008,6,1
2008-06-02,4N90E,29.11,248.16559304406024,154,2008,6,2
2008-06-03,4N90E,29.07,248.14824201570053,155,2008,6,3
2008-06-04,4N90E,29.44,248.13089098734082,156,2008,6,4
2008-06-05,4N90E,29.25,248.1135399589811,157,2008,6,5
2008-06-06,4N90E,29.09,248.0961889306214,158,2008,6,6
2008-06-07,4N90E,29.09,248.07883790226168,159,2008,6,7
2008-06-08,4N90E,29.22,248.06148687390197,160,2008,6,8
2008-06-09,4N90E,28.86,248.04413584554226,161,2008,6,9
2008-06-10,4N90E,28.86,248.02678481718254,162,2008,6,10
2008-06-11,4N90E,28.77,248.00943378882283,163,2008,6,11
2008-06-12,4N90E,28.88,247.99208276046315,164,2008,6,12
2008-06-13,4N90E,28.86,247.97473173210344,165,2008,6,13
2008-06-14,4N90E,28.87,247.95738070374372,166,2008,6,14
2008-06-15,4N90E,28.91,247.940029675384,167,2008,6,15
2008-06-16,4N90E,29.17,247.9226786470243,168,2008,6,16
2008-06-17,4N90E,29.42,247.9053276186646,169,2008,6,17
2008-06-18,4N90E,29.22,247.88797659030487,170,2008,6,18
2008-06-19,4N90E,29.25,247.87062556194516,171,2008,6,19
2008-06-20,4N90E,29.65,247.85327453358545,172,2008,6,20
2008-06-21,4N90E,29.27,247.83592350522574,173,2008,6,21
2008-06-22,4N90E,28.91,247.81857247686605,174,2008,6,22
2008-06-23,4N90E,28.96,247.80122144850634,175,2008,6,23
2008-06-24,4N90E,28.97,247.78387042014663,176,2008,6,24
2008-06-25,4N90E,28.98,247.76651939178691,177,2008,6,25
2008-06-26,4N90E,28.99,247.7491683634272,178,2008,6,26
2008-06-27,4N90E,29.09,247.7318173350675,179,2008,6,27
2008-06-28,4N90E,29.36,247.71446630670778,180,2008,6,28
2008-06-29,4N90E,29.33,247.69711527834806,181,2008,6,29
2008-06-30,4N90E,29.24,247.67976424998835,182,2008,6,30
2008-07-01,4N90E,29.25,247.66241322162864,183,2008,7,1
2008-07-02,4N90E,29.18,247.64506219326893,184,2008,7,2
2008-07-03,4N90E,29.13,247.62771116490924,185,2008,7,3
2008-07-04,4N90E,29.1,247.61036013654953,186,2008,7,4
2008-07-05,4N90E,29.11,247.59300910818982,187,2008,7,5
2008-07-06,4N90E,29.1,247.5756580798301,188,2008,7,6
2008-07-07,4N90E,29.12,247.5583070514704,189,2008,7,7
2008-07-08,4N90E,29.02,247.54095602311068,190,2008,7,8
2008-07-09,4N90E,29.0,247.52360499475097,191,2008,7,9
2008-07-10,4N90E,28.98,247.50625396639126,192,2008,7,10
2008-07-11,4N90E,29.5,247.48890293803154,193,2008,7,11
2008-07-12,4N90E,29.16,247.47155190967183,194,2008,7,12
2008-07-13,4N90E,29.14,247.45420088131212,195,2008,7,13
2008-07-14,4N90E,29.05,247.43684985295243,196,2008,7,14
2008-07-15,4N90E,28.92,247.41949882459272,197,2008,7,15
2008-07-16,4N90E,28.66,247.402147796233,198,2008,7,16
2008-07-17,4N90E,28.68,247.3847967678733,199,2008,7,17
2008-07-18,4N90E,28.62,247.36744573951358,200,2008,7,18
2008-07-19,4N90E,28.45,247.35009471115387,201,2008,7,19
2008-07-20,4N90E,28.46,247.33274368279416,202,2008,7,20
2008-07-21,4N90E,28.53,247.31539265443445,203,2008,7,21
2008-07-22,4N90E,28.54,247.29804162607473,204,2008,7,22
2008-07-23,4N90E,28.54143258426966,247.28069059771502,205,2008,7,23
2008-07-24,4N90E,28.542865168539326,247.26333956935534,206,2008,7,24
2008-07-25,4N90E,28.544297752808987,247.24598854099563,207,2008,7,25
2008-07-26,4N90E,28.784831892864233,247.2286375126359,208,2008,7,26
2008-07-27,4N90E,28.78494352670911,247.2112864842762,209,2008,7,27
2008-07-28,4N90E,28.78505516055399,247.1939354559165,210,2008,7,28
2008-07-29,4N90E,28.78516679439887,247.17658442755678,211,2008,7,29
2008-07-30,4N90E,28.785278428243746,247.15923339919706,212,2008,7,30
2008-07-31,4N90E,28.785390062088624,247.14188237083735,213,2008,7,31
2008-08-01,4N90E,28.785501695933505,247.12453134247764,214,2008,8,1
2008-08-02,4N90E,28.785613329778382,247.10718031411793,215,2008,8,2
2008-08-03,4N90E,28.78572496362326,247.0898292857582,216,2008,8,3
2008-08-04,4N90E,28.785836597468137,247.07247825739853,217,2008,8,4
2008-08-05,4N90E,28.785948231313018,247.05512722903882,218,2008,8,5
2008-08-06,4N90E,28.786059865157895,247.0377762006791,219,2008,8,6
2008-08-07,4N90E,28.786171499002773,247.0204251723194,220,2008,8,7
2008-08-08,4N90E,28.78628313284765,247.00307414395968,221,2008,8,8
2008-08-09,4N90E,28.786394766692528,246.98572311559997,222,2008,8,9
2008-08-10,4N90E,28.78650640053741,246.96837208724025,223,2008,8,10
2008-08-11,4N90E,28.786618034382286,246.95102105888054,224,2008,8,11
2008-08-12,4N90E,28.786729668227164,246.93367003052083,225,2008,8,12
2008-08-13,4N90E,28.78684130207204,246.91631900216112,226,2008,8,13
2008-08-14,4N90E,28.786952935916922,246.8989679738014,227,2008,8,14
2008-08-15,4N90E,28.7870645697618,246.88161694544172,228,2008,8,15
2008-08-16,4N90E,28.787176203606677,246.864265917082,229,2008,8,16
2008-08-17,4N90E,28.787287837451554,246.8469148887223,230,2008,8,17
2008-08-18,4N90E,28.787399471296435,246.82956386036258,231,2008,8,18
2008-08-19,4N90E,28.787511105141313,246.81221283200287,232,2008,8,19
2008-08-20,4N90E,28.78762273898619,246.79486180364316,233,2008,8,20
2008-08-21,4N90E,28.787734372831068,246.77751077528345,234,2008,8,21
2008-08-22,4N90E,28.787846006675945,246.76015974692373,235,2008,8,22
2008-08-23,4N90E,28.787957640520826,246.74280871856402,236,2008,8,23
2008-08-24,4N90E,28.788069274365704,246.7254576902043,237,2008,8,24
2008-08-25,4N90E,28.78818090821058,246.70810666184462,238,2008,8,25
2008-08-26,4N90E,28.78829254205546,246.6907556334849,239,2008,8,26
2008-08-27,4N90E,28.78840417590034,246.6734046051252,240,2008,8,27
2008-08-28,4N90E,28.788515809745217,246.6560535767655,241,2008,8,28
2008-08-29,4N90E,28.788627443590094,246.63870254840577,242,2008,8,29
2008-08-30,4N90E,28.788739077434972,246.62135152004606,243,2008,8,30
2008-08-31,4N90E,28.788850711279853,246.60400049168635,244,2008,8,31
2008-09-01,4N90E,28.78896234512473,246.58664946332664,245,2008,9,1
2008-09-02,4N90E,28.789073978969608,246.56929843496692,246,2008,9,2
2008-09-03,4N90E,28.789185612814485,246.5519474066072,247,2008,9,3
2008-09-04,4N90E,28.789297246659363,246.5345963782475,248,2008,9,4
2008-09-05,4N90E,28.789408880504244,246.51724534988782,249,2008,9,5
2008-09-06,4N90E,28.78952051434912,246.4998943215281,250,2008,9,6
2008-09-07,4N90E,28.789632148194,246.4825432931684,251,2008,9,7
2008-09-08,4N90E,28.789743782038876,246.46519226480868,252,2008,9,8
2008-09-09,4N90E,28.789855415883757,246.44784123644897,253,2008,9,9
2008-09-10,4N90E,28.789967049728634,246.43049020808925,254,2008,9,10
2008-09-11,4N90E,28.790078683573512,246.41313917972954,255,2008,9,11
2008-09-12,4N90E,28.79019031741839,246.39578815136983,256,2008,9,12
2008-09-13,4N90E,28.790301951263267,246.37843712301012,257,2008,9,13
2008-09-14,4N90E,28.790413585108148,246.3610860946504,258,2008,9,14
2008-09-15,4N90E,28.790525218953025,246.3437350662907,259,2008,9,15
2008-09-16,4N90E,28.790636852797903,246.326384037931,260,2008,9,16
2008-09-17,4N90E,28.79074848664278,246.3090330095713,261,2008,9,17
2008-09-18,4N90E,28.79086012048766,246.29168198121158,262,2008,9,18
2008-09-19,4N90E,28.79097175433254,246.27433095285187,263,2008,9,19
2008-09-20,4N90E,28.791083388177416,246.25697992449216,264,2008,9,20
2008-09-21,4N90E,28.791195022022293,246.23962889613244,265,2008,9,21
2008-09-22,4N90E,28.791306655867174,246.22227786777273,266,2008,9,22
2008-09-23,4N90E,28.791418289712052,246.20492683941302,267,2008,9,23
2008-09-24,4N90E,28.79152992355693,246.1875758110533,268,2008,9,24
2008-09-25,4N90E,28.791641557401807,246.1702247826936,269,2008,9,25
2008-09-26,4N90E,28.791753191246684,246.15287375433388,270,2008,9,26
2008-09-27,4N90E,28.791864825091565,246.1355227259742,271,2008,9,27
2008-09-28,4N90E,28.791976458936443,246.11817169761449,272,2008,9,28
2008-09-29,4N90E,28.79208809278132,246.10082066925477,273,2008,9,29
2008-09-30,4N90E,28.792199726626198,246.08346964089506,274,2008,9,30
2008-10-01,4N90E,28.79231136047108,246.06611861253535,275,2008,10,1
2008-10-02,4N90E,28.792422994315956,246.04876758417564,276,2008,10,2
2008-10-03,4N90E,28.792534628160833,246.03141655581592,277,2008,10,3
2008-10-04,4N90E,28.79264626200571,246.0140655274562,278,2008,10,4
2008-10-05,4N90E,28.792757895850592,245.9967144990965,279,2008,10,5
2008-10-06,4N90E,28.79286952969547,245.97936347073679,280,2008,10,6
2008-10-07,4N90E,28.792981163540347,245.9620124423771,281,2008,10,7
2008-10-08,4N90E,28.793092797385224,245.9446614140174,282,2008,10,8
2008-10-09,4N90E,28.7932044312301,245.92731038565768,283,2008,10,9
2008-10-10,4N90E,28.793316065074983,245.90995935729796,284,2008,10,10
2008-10-11,4N90E,28.79342769891986,245.89260832893825,285,2008,10,11
2008-10-12,4N90E,28.793539332764738,245.87525730057854,286,2008,10,12
2008-10-13,4N90E,28.793650966609615,245.85790627221883,287,2008,10,13
2008-10-14,4N90E,28.793762600454496,245.84055524385911,288,2008,10,14
2008-10-15,4N90E,28.793874234299373,245.8232042154994,289,2008,10,15
2008-10-16,4N90E,28.79398586814425,245.8058531871397,290,2008,10,16
2008-10-17,4N90E,28.79409750198913,245.78850215877998,291,2008,10,17
2008-10-18,4N90E,28.79420913583401,245.7711511304203,292,2008,10,18
2008-10-19,4N90E,28.794320769678887,245.75380010206058,293,2008,10,19
2008-10-20,4N90E,28.794432403523764,245.73644907370087,294,2008,10,20
2008-10-21,4N90E,28.79454403736864,245.71909804534116,295,2008,10,21
2008-10-22,4N90E,28.79465567121352,245.70174701698144,296,2008,10,22
2008-10-23,4N90E,28.7947673050584,245.68439598862173,297,2008,10,23
2008-10-24,4N90E,28.794878938903278,245.66704496026202,298,2008,10,24
2008-10-25,4N90E,28.794990572748155,245.6496939319023,299,2008,10,25
2008-10-26,4N90E,28.795102206593032,245.6323429035426,300,2008,10,26
2008-10-27,4N90E,28.795213840437913,245.61499187518288,301,2008,10,27
2008-10-28,4N90E,28.79532547428279,245.5976408468232,302,2008,10,28
2008-10-29,4N90E,28.79543710812767,245.58028981846348,303,2008,10,29
2008-10-30,4N90E,28.795548741972546,245.56293879010377,304,2008,10,30
2008-10-31,4N90E,28.795660375817427,245.54558776174406,305,2008,10,31
2008-11-01,4N90E,28.795772009662304,245.52823673338435,306,2008,11,1
2008-11-02,4N90E,28.79588364350718,245.51088570502463,307,2008,11,2
2008-11-03,4N90E,28.79599527735206,245.49353467666492,308,2008,11,3
2008-11-04,4N90E,28.796106911196937,245.4761836483052,309,2008,11,4
2008-11-05,4N90E,28.796218545041818,245.4588326199455,310,2008,11,5
2008-11-06,4N90E,28.796330178886695,245.44148159158578,311,2008,11,6
2008-11-07,4N90E,28.796441812731572,245.42413056322607,312,2008,11,7
2008-11-08,4N90E,28.79655344657645,245.4067795348664,313,2008,11,8
2008-11-09,4N90E,28.79666508042133,245.38942850650668,314,2008,11,9
2008-11-10,4N90E,28.79677671426621,245.37207747814696,315,2008,11,10
2008-11-11,4N90E,28.796888348111086,245.35472644978725,316,2008,11,11
2008-11-12,4N90E,28.796999981955963,245.33737542142754,317,2008,11,12
2008-11-13,4N90E,28.797111615800844,245.32002439306783,318,2008,11,13
2008-11-14,4N90E,28.79722324964572,245.3026733647081,319,2008,11,14
2008-11-15,4N90E,28.7973348834906,245.2853223363484,320,2008,11,15
2008-11-16,4N90E,28.797446517335477,245.2679713079887,321,2008,11,16
2008-11-17,4N90E,28.797558151180354,245.25062027962898,322,2008,11,17
2008-11-18,4N90E,28.797669785025235,245.23326925126926,323,2008,11,18
2008-11-19,4N90E,28.797781418870112,245.21591822290958,324,2008,11,19
2008-11-20,4N90E,28.79789305271499,245.19856719454987,325,2008,11,20
2008-11-21,4N90E,28.798004686559867,245.18121616619015,326,2008,11,21
2008-11-22,4N90E,28.79811632040475,245.16386513783044,327,2008,11,22
2008-11-23,4N90E,28.798227954249626,245.14651410947073,328,2008,11,23
2008-11-24,4N90E,28.798339588094503,245.12916308111102,329,2008,11,24
2008-11-25,4N90E,28.79845122193938,245.1118120527513,330,2008,11,25
2008-11-26,4N90E,28.79856285578426,245.0944610243916,331,2008,11,26
2008-11-27,4N90E,28.79867448962914,245.07710999603188,332,2008,11,27
2008-11-28,4N90E,28.798786123474017,245.05975896767217,333,2008,11,28
2008-11-29,4N90E,28.798897757318894,245.04240793931245,334,2008,11,29
2008-11-30,4N90E,28.79900939116377,245.02505691095277,335,2008,11,30
2008-12-01,4N90E,28.799121025008652,245.00770588259306,336,2008,12,1
2008-12-02,4N90E,28.79923265885353,244.99035485423335,337,2008,12,2
2008-12-03,4N90E,28.799344292698407,244.97300382587363,338,2008,12,3
2008-12-04,4N90E,28.799455926543285,244.95565279751392,339,2008,12,4
2008-12-05,4N90E,28.799567560388166,244.9383017691542,340,2008,12,5
2008-12-06,4N90E,28.799679194233043,244.9209507407945,341,2008,12,6
2008-12-07,4N90E,28.79979082807792,244.90359971243478,342,2008,12,7
2008-12-08,4N90E,28.799902461922798,244.88624868407507,343,2008,12,8
2008-12-09,4N90E,28.800014095767676,244.86889765571536,344,2008,12,9
2008-12-10,4N90E,28.800125729612557,244.85154662735567,345,2008,12,10
2008-12-11,4N90E,28.800237363457434,244.83419559899596,346,2008,12,11
2008-12-12,4N90E,28.80034899730231,244.81684457063625,347,2008,12,12
2008-12-13,4N90E,28.80046063114719,244.79949354227654,348,2008,12,13
2008-12-14,4N90E,28.80057226499207,244.78214251391682,349,2008,12,14
2008-12-15,4N90E,28.800683898836947,244.7647914855571,350,2008,12,15
2008-12-16,4N90E,28.800795532681825,244.7474404571974,351,2008,12,16
2008-12-17,4N90E,28.800907166526702,244.7300894288377,352,2008,12,17
2008-12-18,4N90E,28.801018800371583,244.71273840047797,353,2008,12,18
2008-12-19,4N90E,28.80113043421646,244.69538737211826,354,2008,12,19
2008-12-20,4N90E,28.801242068061338,244.67803634375855,355,2008,12,20
2008-12-21,4N90E,28.801353701906216,244.66068531539887,356,2008,12,21
2008-12-22,4N90E,28.801465335751093,244.64333428703915,357,2008,12,22
2008-12-23,4N90E,28.801576969595974,244.62598325867944,358,2008,12,23
2008-12-24,4N90E,28.80168860344085,244.60863223031973,359,2008,12,24
2008-12-25,4N90E,28.80180023728573,244.59128120196002,360,2008,12,25
2008-12-26,4N90E,28.801911871130606,244.5739301736003,361,2008,12,26
2008-12-27,4N90E,28.802023504975487,244.5565791452406,362,2008,12,27
2008-12-28,4N90E,28.802135138820365,244.53922811688088,363,2008,12,28
2008-12-29,4N90E,28.802246772665242,244.52187708852117,364,2008,12,29
2008-12-30,4N90E,28.80235840651012,244.50452606016145,365,2008,12,30
2008-12-31,4N90E,28.802470040355,244.48717503180174,366,2008,12,31
2009-01-01,4N90E,28.802581674199878,244.46982400344206,1,2009,1,1
2009-01-02,4N90E,28.802693308044756,244.45247297508234,2,2009,1,2
2009-01-03,4N90E,28.802804941889633,244.43512194672263,3,2009,1,3
2009-01-04,4N90E,28.80291657573451,244.41777091836292,4,2009,1,4
2009-01-05,4N90E,28.80302820957939,244.4004198900032,5,2009,1,5
2009-01-06,4N90E,28.80313984342427,244.3830688616435,6,2009,1,6
2009-01-07,4N90E,28.803251477269146,244.36571783328378,7,2009,1,7
2009-01-08,4N90E,28.803363111114024,244.34836680492407,8,2009,1,8
2009-01-09,4N90E,28.803474744958905,244.33101577656436,9,2009,1,9
2009-01-10,4N90E,28.803586378803782,244.31366474820464,10,2009,1,10
2009-01-11,4N90E,28.80369801264866,244.29631371984493,11,2009,1,11
2009-01-12,4N90E,28.803809646493537,244.27896269148525,12,2009,1,12
2009-01-13,4N90E,28.803921280338418,244.26161166312554,13,2009,1,13
2009-01-14,4N90E,28.804032914183296,244.24426063476582,14,2009,1,14
2009-01-15,4N90E,28.804144548028173,244.2269096064061,15,2009,1,15
2009-01-16,4N90E,28.80425618187305,244.2095585780464,16,2009,1,16
2009-01-17,4N90E,28.804367815717928,244.19220754968669,17,2009,1,17
2009-01-18,4N90E,28.80447944956281,244.17485652132697,18,2009,1,18
2009-01-19,4N90E,28.804591083407686,244.15750549296726,19,2009,1,19
2009-01-20,4N90E,28.804702717252564,244.14015446460755,20,2009,1,20
2009-01-21,4N90E,28.80481435109744,244.12280343624784,21,2009,1,21
2009-01-22,4N90E,28.804925984942322,244.10545240788815,22,2009,1,22
2009-01-23,4N90E,28.8050376187872,244.08810137952844,23,2009,1,23
2009-01-24,4N90E,28.805149252632077,244.07075035116873,24,2009,1,24
2009-01-25,4N90E,28.805260886476955,244.053399322809,25,2009,1,25
2009-01-26,4N90E,28.805372520321836,244.0360482944493,26,2009,1,26
2009-01-27,4N90E,28.805484154166713,244.0186972660896,27,2009,1,27
2009-01-28,4N90E,28.80559578801159,244.00134623772988,28,2009,1,28
2009-01-29,4N90E,28.805707421856468,243.98399520937016,29,2009,1,29
2009-01-30,4N90E,28.805819055701345,243.96664418101045,30,2009,1,30
2009-01-31,4N90E,28.805930689546226,243.94929315265074,31,2009,1,31
2009-02-01,4N90E,28.806042323391104,243.93194212429103,32,2009,2,1
2009-02-02,4N90E,28.80615395723598,243.91459109593134,33,2009,2,2
2009-02-03,4N90E,28.80626559108086,243.89724006757163,34,2009,2,3
2009-02-04,4N90E,28.80637722492574,243.87988903921192,35,2009,2,4
2009-02-05,4N90E,28.806488858770617,243.8625380108522,36,2009,2,5
2009-02-06,4N90E,28.806600492615495,243.8451869824925,37,2009,2,6
2009-02-07,4N90E,28.806712126460372,243.82783595413278,38,2009,2,7
2009-02-08,4N90E,28.806823760305253,243.81048492577307,39,2009,2,8
2009-02-09,4N90E,28.80693539415013,243.79313389741336,40,2009,2,9
2009-02-10,4N90E,28.807047027995008,243.77578286905364,41,2009,2,10
2009-02-11,4N90E,28.807158661839885,243.75843184069393,42,2009,2,11
2009-02-12,4N90E,28.807270295684763,243.74108081233425,43,2009,2,12
2009-02-13,4N90E,28.807381929529644,243.72372978397453,44,2009,2,13
2009-02-14,4N90E,28.80749356337452,243.70637875561482,45,2009,2,14
2009-02-15,4N90E,28.8076051972194,243.6890277272551,46,2009,2,15
2009-02-16,4N90E,28.807716831064276,243.6716766988954,47,2009,2,16
2009-02-17,4N90E,28.807828464909157,243.65432567053568,48,2009,2,17
2009-02-18,4N90E,28.807940098754035,243.63697464217597,49,2009,2,18
2009-02-19,4N90E,28.808051732598912,243.61962361381626,50,2009,2,19
2009-02-20,4N90E,28.80816336644379,243.60227258545655,51,2009,2,20
2009-02-21,4N90E,28.80827500028867,243.58492155709683,52,2009,2,21
2009-02-22,4N90E,28.808386634133548,243.56757052873712,53,2009,2,22
2009-02-23,4N90E,28.808498267978425,243.55021950037744,54,2009,2,23
2009-02-24,4N90E,28.808609901823303,243.53286847201773,55,2009,2,24
2009-02-25,4N90E,28.80872153566818,243.515517443658,56,2009,2,25
2009-02-26,4N90E,28.80883316951306,243.4981664152983,57,2009,2,26
2009-02-27,4N90E,28.80894480335794,243.4808153869386,58,2009,2,27
2009-02-28,4N90E,28.809056437202816,243.46346435857888,59,2009,2,28
2009-03-01,4N90E,28.809168071047694,243.44611333021916,60,2009,3,1
2009-03-02,4N90E,28.809279704892575,243.42876230185945,61,2009,3,2
2009-03-03,4N90E,28.809391338737452,243.41141127349974,62,2009,3,3
2009-03-04,4N90E,28.80950297258233,243.39406024514003,63,2009,3,4
2009-03-05,4N90E,28.809614606427207,243.3767092167803,64,2009,3,5
2009-03-06,4N90E,28.809726240272084,243.35935818842063,65,2009,3,6
2009-03-07,4N90E,28.809837874116965,243.34200716006092,66,2009,3,7
2009-03-08,4N90E,28.809949507961843,243.3246561317012,67,2009,3,8
2009-03-09,4N90E,28.81006114180672,243.3073051033415,68,2009,3,9
2009-03-10,4N90E,28.810172775651598,243.28995407498178,69,2009,3,10
2009-03-11,4N90E,28.81028440949648,243.27260304662207,70,2009,3,11
2009-03-12,4N90E,28.810396043341356,243.25525201826235,71,2009,3,12
2009-03-13,4N90E,28.810507677186234,243.23790098990264,72,2009,3,13
2009-03-14,4N90E,28.81061931103111,243.22054996154293,73,2009,3,14
2009-03-15,4N90E,28.810730944875992,243.20319893318322,74,2009,3,15
2009-03-16,4N90E,28.81084257872087,243.1858479048235,75,2009,3,16
2009-03-17,4N90E,28.810954212565747,243.16849687646382,76,2009,3,17
2009-03-18,4N90E,28.811065846410624,243.1511458481041,77,2009,3,18
2009-03-19,4N90E,28.811177480255502,243.1337948197444,78,2009,3,19
2009-03-20,4N90E,28.811289114100383,243.11644379138468,79,2009,3,20
2009-03-21,4N90E,28.81140074794526,243.09909276302497,80,2009,3,21
2009-03-22,4N90E,28.811512381790138,243.08174173466526,81,2009,3,22
2009-03-23,4N90E,28.811624015635015,243.06439070630555,82,2009,3,23
2009-03-24,4N90E,28.811735649479896,243.04703967794583,83,2009,3,24
2009-03-25,4N90E,28.811847283324774,243.02968864958612,84,2009,3,25
2009-03-26,4N90E,28.81195891716965,243.0123376212264,85,2009,3,26
2009-03-27,4N90E,28.81207055101453,242.99498659286672,86,2009,3,27
2009-03-28,4N90E,28.81218218485941,242.977635564507,87,2009,3,28
2009-03-29,4N90E,28.812293818704287,242.9602845361473,88,2009,3,29
2009-03-30,4N90E,28.812405452549164,242.9429335077876,89,2009,3,30
2009-03-31,4N90E,28.812517086394042,242.92558247942787,90,2009,3,31
2009-04-01,4N90E,28.81262872023892,242.90823145106816,91,2009,4,1
2009-04-02,4N90E,28.8127403540838,242.89088042270845,92,2009,4,2
2009-04-03,4N90E,28.812851987928678,242.87352939434874,93,2009,4,3
2009-04-04,4N90E,28.812963621773555,242.85617836598902,94,2009,4,4
2009-04-05,4N90E,28.813075255618433,242.8388273376293,95,2009,4,5
2009-04-06,4N90E,28.813186889463314,242.8214763092696,96,2009,4,6
2009-04-07,4N90E,28.81329852330819,242.80412528090991,97,2009,4,7
2009-04-08,4N90E,28.81341015715307,242.7867742525502,98,2009,4,8
2009-04-09,4N90E,28.813521790997946,242.7694232241905,99,2009,4,9
2009-04-10,4N90E,28.813633424842827,242.75207219583078,100,2009,4,10
2009-04-11,4N90E,28.813745058687704,242.73472116747106,101,2009,4,11
2009-04-12,4N90E,28.813856692532582,242.71737013911135,102,2009,4,12
2009-04-13,4N90E,28.81396832637746,242.70001911075164,103,2009,4,13
2009-04-14,4N90E,28.814079960222337,242.68266808239193,104,2009,4,14
2009-04-15,4N90E,28.814191594067218,242.66531705403222,105,2009,4,15
2009-04-16,4N90E,28.814303227912095,242.6479660256725,106,2009,4,16
2009-04-17,4N90E,28.814414861756973,242.63061499731282,107,2009,4,17
2009-04-18,4N90E,28.81452649560185,242.6132639689531,108,2009,4,18
2009-04-19,4N90E,28.81463812944673,242.5959129405934,109,2009,4,19
2009-04-20,4N90E,28.81474976329161,242.57856191223368,110,2009,4,20
2009-04-21,4N90E,28.814861397136486,242.56121088387397,111,2009,4,21
2009-04-22,4N90E,28.814973030981363,242.54385985551426,112,2009,4,22
2009-04-23,4N90E,28.815084664826244,242.52650882715454,113,2009,4,23
2009-04-24,4N90E,28.815196298671122,242.50915779879483,114,2009,4,24
2009-04-25,4N90E,28.815307932516,242.49180677043512,115,2009,4,25
2009-04-26,4N90E,28.815419566360877,242.4744557420754,116,2009,4,26
2009-04-27,4N90E,28.815531200205754,242.4571047137157,117,2009,4,27
2009-04-28,4N90E,28.815642834050635,242.43975368535598,118,2009,4,28
2009-04-29,4N90E,28.815754467895513,242.4224026569963,119,2009,4,29
2009-04-30,4N90E,28.81586610174039,242.40505162863658,120,2009,4,30
2009-05-01,4N90E,28.815977735585268,242.38770060027687,121,2009,5,1
2009-05-02,4N90E,28.81608936943015,242.37034957191716,122,2009,5,2
2009-05-03,4N90E,28.816201003275026,242.35299854355745,123,2009,5,3
2009-05-04,4N90E,28.816312637119903,242.33564751519773,124,2009,5,4
2009-05-05,4N90E,28.81642427096478,242.31829648683802,125,2009,5,5
2009-05-06,4N90E,28.816535904809662,242.3009454584783,126,2009,5,6
2009-05-07,4N90E,28.81664753865454,242.2835944301186,127,2009,5,7
2009-05-08,4N90E,28.816759172499417,242.26624340175889,128,2009,5,8
2009-05-09,4N90E,28.816870806344294,242.2488923733992,129,2009,5,9
2009-05-10,4N90E,28.81698244018917,242.2315413450395,130,2009,5,10
2009-05-11,4N90E,28.817094074034053,242.21419031667978,131,2009,5,11
2009-05-12,4N90E,28.81720570787893,242.19683928832006,132,2009,5,12
2009-05-13,4N90E,28.817317341723808,242.17948825996035,133,2009,5,13
2009-05-14,4N90E,28.817428975568685,242.16213723160064,134,2009,5,14
2009-05-15,4N90E,28.817540609413566,242.14478620324093,135,2009,5,15
2009-05-16,4N90E,28.817652243258443,242.1274351748812,136,2009,5,16
2009-05-17,4N90E,28.81776387710332,242.1100841465215,137,2009,5,17
2009-05-18,4N90E,28.8178755109482,242.0927331181618,138,2009,5,18
2009-05-19,4N90E,28.81798714479308,242.07538208980208,139,2009,5,19
2009-05-20,4N90E,28.818098778637957,242.0580310614424,140,2009,5,20
2009-05-21,4N90E,28.818210412482834,242.04068003308268,141,2009,5,21
2009-05-22,4N90E,28.81832204632771,242.02332900472297,142,2009,5,22
2009-05-23,4N90E,28.81843368017259,242.00597797636325,143,2009,5,23
2009-05-24,4N90E,28.81854531401747,241.98862694800354,144,2009,5,24
2009-05-25,4N90E,28.818656947862348,241.97127591964383,145,2009,5,25
2009-05-26,4N90E,28.818768581707225,241.95392489128412,146,2009,5,26
2009-05-27,4N90E,28.818880215552102,241.9365738629244,147,2009,5,27
2009-05-28,4N90E,28.818991849396983,241.9192228345647,148,2009,5,28
2009-05-29,4N90E,28.81910348324186,241.90187180620498,149,2009,5,29
2009-05-30,4N90E,28.81921511708674,241.8845207778453,150,2009,5,30
2009-05-31,4N90E,28.819326750931616,241.86716974948558,151,2009,5,31
2009-06-01,4N90E,28.819438384776493,241.84981872112587,152,2009,6,1
2009-06-02,4N90E,28.819550018621374,241.83246769276616,153,2009,6,2
2009-06-03,4N90E,28.81966165246625,241.81511666440645,154,2009,6,3
2009-06-04,4N90E,28.81977328631113,241.79776563604673,155,2009,6,4
2009-06-05,4N90E,28.819884920156007,241.78041460768702,156,2009,6,5
2009-06-06,4N90E,28.819996554000888,241.7630635793273,157,2009,6,6
2009-06-07,4N90E,28.820108187845765,241.7457125509676,158,2009,6,7
2009-06-08,4N90E,28.820219821690642,241.72836152260788,159,2009,6,8
2009-06-09,4N90E,28.82033145553552,241.71101049424817,160,2009,6,9
2009-06-10,4N90E,28.8204430893804,241.69365946588846,161,2009,6,10
2009-06-11,4N90E,28.82055472322528,241.67630843752877,162,2009,6,11
2009-06-12,4N90E,28.820666357070156,241.65895740916906,163,2009,6,12
2009-06-13,4N90E,28.820777990915033,241.64160638080935,164,2009,6,13
2009-06-14,4N90E,28.82088962475991,241.62425535244964,165,2009,6,14
2009-06-15,4N90E,28.82100125860479,241.60690432408992,166,2009,6,15
2009-06-16,4N90E,28.82111289244967,241.5895532957302,167,2009,6,16
2009-06-17,4N90E,28.821224526294547,241.5722022673705,168,2009,6,17
2009-06-18,4N90E,28.821336160139424,241.5548512390108,169,2009,6,18
2009-06-19,4N90E,28.821447793984305,241.53750021065107,170,2009,6,19
2009-06-20,4N90E,28.821559427829182,241.52014918229136,171,2009,6,20
2009-06-21,4N90E,28.82167106167406,241.50279815393168,172,2009,6,21
2009-06-22,4N90E,28.821782695518937,241.48544712557197,173,2009,6,22
2009-06-23,4N90E,28.82189432936382,241.46809609721225,174,2009,6,23
2009-06-24,4N90E,28.822005963208696,241.45074506885254,175,2009,6,24
2009-06-25,4N90E,28.822117597053573,241.43339404049283,176,2009,6,25
2009-06-26,4N90E,28.82222923089845,241.41604301213312,177,2009,6,26
2009-06-27,4N90E,28.822340864743328,241.3986919837734,178,2009,6,27
2009-06-28,4N90E,28.82245249858821,241.3813409554137,179,2009,6,28
2009-06-29,4N90E,28.822564132433087,241.36398992705398,180,2009,6,29
2009-06-30,4N90E,28.822675766277964,241.34663889869427,181,2009,6,30
2009-07-01,4N90E,28.82278740012284,241.32928787033455,182,2009,7,1
2009-07-02,4N90E,28.822899033967722,241.31193684197487,183,2009,7,2
2009-07-03,4N90E,28.8230106678126,241.29458581361516,184,2009,7,3
2009-07-04,4N90E,28.823122301657477,241.27723478525544,185,2009,7,4
2009-07-05,4N90E,28.823233935502355,241.25988375689573,186,2009,7,5
2009-07-06,4N90E,28.823345569347236,241.24253272853602,187,2009,7,6
2009-07-07,4N90E,28.823457203192113,241.2251817001763,188,2009,7,7
2009-07-08,4N90E,28.82356883703699,241.2078306718166,189,2009,7,8
2009-07-09,4N90E,28.823680470881868,241.19047964345688,190,2009,7,9
2009-07-10,4N90E,28.823792104726746,241.17312861509717,191,2009,7,10
2009-07-11,4N90E,28.823903738571627,241.15577758673746,192,2009,7,11
2009-07-12,4N90E,28.824015372416504,241.13842655837777,193,2009,7,12
2009-07-13,4N90E,28.82412700626138,241.12107553001806,194,2009,7,13
2009-07-14,4N90E,28.82423864010626,241.10372450165835,195,2009,7,14
2009-07-15,4N90E,28.82435027395114,241.08637347329864,196,2009,7,15
2009-07-16,4N90E,28.824461907796017,241.06902244493892,197,2009,7,16
2009-07-17,4N90E,28.824573541640895,241.0516714165792,198,2009,7,17
2009-07-18,4N90E,28.824685175485772,241.0343203882195,199,2009,7,18
2009-07-19,4N90E,28.824796809330653,241.0169693598598,200,2009,7,19
2009-07-20,4N90E,28.82490844317553,240.99961833150007,201,2009,7,20
2009-07-21,4N90E,28.825020077020408,240.98226730314036,202,2009,7,21
2009-07-22,4N90E,28.825131710865286,240.96491627478065,203,2009,7,22
2009-07-23,4N90E,28.825243344710163,240.94756524642096,204,2009,7,23
2009-07-24,4N90E,28.825354978555044,240.93021421806125,205,2009,7,24
2009-07-25,4N90E,28.82546661239992,240.91286318970154,206,2009,7,25
2009-07-26,4N90E,28.8255782462448,240.89551216134183,207,2009,7,26
2009-07-27,4N90E,28.825689880089676,240.87816113298211,208,2009,7,27
2009-07-28,4N90E,28.825801513934557,240.8608101046224,209,2009,7,28
2009-07-29,4N90E,28.825913147779435,240.8434590762627,210,2009,7,29
2009-07-30,4N90E,28.826024781624312,240.82610804790298,211,2009,7,30
2009-07-31,4N90E,28.82613641546919,240.80875701954326,212,2009,7,31
2009-08-01,4N90E,28.82624804931407,240.79140599118355,213,2009,8,1
2009-08-02,4N90E,28.826359683158948,240.77405496282387,214,2009,8,2
2009-08-03,4N90E,28.826471317003826,240.75670393446416,215,2009,8,3
2009-08-04,4N90E,28.826582950848703,240.73935290610444,216,2009,8,4
2009-08-05,4N90E,28.82669458469358,240.72200187774473,217,2009,8,5
2009-08-06,4N90E,28.82680621853846,240.70465084938502,218,2009,8,6
2009-08-07,4N90E,28.82691785238334,240.6872998210253,219,2009,8,7
2009-08-08,4N90E,28.827029486228216,240.6699487926656,220,2009,8,8
2009-08-09,4N90E,28.827141120073094,240.65259776430588,221,2009,8,9
2009-08-10,4N90E,28.827252753917975,240.63524673594617,222,2009,8,10
2009-08-11,4N90E,28.827364387762852,240.61789570758646,223,2009,8,11
2009-08-12,4N90E,28.82747602160773,240.60054467922674,224,2009,8,12
2009-08-13,4N90E,28.827587655452607,240.58319365086703,225,2009,8,13
2009-08-14,4N90E,28.827699289297488,240.56584262250735,226,2009,8,14
2009-08-15,4N90E,28.827810923142366,240.54849159414763,227,2009,8,15
2009-08-16,4N90E,28.827922556987243,240.53114056578792,228,2009,8,16
2009-08-17,4N90E,28.82803419083212,240.5137895374282,229,2009,8,17
2009-08-18,4N90E,28.828145824676998,240.4964385090685,230,2009,8,18
2009-08-19,4N90E,28.82825745852188,240.47908748070878,231,2009,8,19
2009-08-20,4N90E,28.828369092366756,240.46173645234907,232,2009,8,20
2009-08-21,4N90E,28.828480726211634,240.44438542398936,233,2009,8,21
2009-08-22,4N90E,28.82859236005651,240.42703439562965,234,2009,8,22
2009-08-23,4N90E,28.828703993901392,240.40968336726993,235,2009,8,23
2009-08-24,4N90E,28.82881562774627,240.39233233891025,236,2009,8,24
2009-08-25,4N90E,28.828927261591147,240.37498131055054,237,2009,8,25
2009-08-26,4N90E,28.829038895436025,240.35763028219083,238,2009,8,26
2009-08-27,4N90E,28.829150529280902,240.3402792538311,239,2009,8,27
2009-08-28,4N90E,28.829262163125783,240.3229282254714,240,2009,8,28
2009-08-29,4N90E,28.82937379697066,240.3055771971117,241,2009,8,29
2009-08-30,4N90E,28.829485430815538,240.28822616875198,242,2009,8,30
2009-08-31,4N90E,28.829597064660415,240.27087514039226,243,2009,8,31
2009-09-01,4N90E,28.829708698505296,240.25352411203255,244,2009,9,1
2009-09-02,4N90E,28.829820332350174,240.23617308367284,245,2009,9,2
2009-09-03,4N90E,28.82993196619505,240.21882205531313,246,2009,9,3
2009-09-04,4N90E,28.83004360003993,240.20147102695344,247,2009,9,4
2009-09-05,4N90E,28.83015523388481,240.18411999859373,248,2009,9,5
2009-09-06,4N90E,28.830266867729687,240.16676897023402,249,2009,9,6
2009-09-07,4N90E,28.830378501574565,240.1494179418743,250,2009,9,7
2009-09-08,4N90E,28.830490135419442,240.1320669135146,251,2009,9,8
2009-09-09,4N90E,28.83060176926432,240.11471588515488,252,2009,9,9
2009-09-10,4N90E,28.8307134031092,240.09736485679517,253,2009,9,10
2009-09-11,4N90E,28.830825036954078,240.08001382843545,254,2009,9,11
2009-09-12,4N90E,28.830936670798955,240.06266280007574,255,2009,9,12
2009-09-13,4N90E,28.831048304643833,240.04531177171603,256,2009,9,13
2009-09-14,4N90E,28.831159938488714,240.02796074335635,257,2009,9,14
2009-09-15,4N90E,28.83127157233359,240.01060971499663,258,2009,9,15
2009-09-16,4N90E,28.83138320617847,239.99325868663692,259,2009,9,16
2009-09-17,4N90E,28.831494840023346,239.9759076582772,260,2009,9,17
2009-09-18,4N90E,28.831606473868227,239.9585566299175,261,2009,9,18
2009-09-19,4N90E,28.831718107713105,239.94120560155778,262,2009,9,19
2009-09-20,4N90E,28.831829741557982,239.92385457319807,263,2009,9,20
2009-09-21,4N90E,28.83194137540286,239.90650354483836,264,2009,9,21
2009-09-22,4N90E,28.832053009247737,239.88915251647865,265,2009,9,22
2009-09-23,4N90E,28.832164643092618,239.87180148811893,266,2009,9,23
2009-09-24,4N90E,28.832276276937495,239.85445045975922,267,2009,9,24
2009-09-25,4N90E,28.832387910782373,239.83709943139954,268,2009,9,25
2009-09-26,4N90E,28.83249954462725,239.81974840303982,269,2009,9,26
2009-09-27,4N90E,28.83261117847213,239.8023973746801,270,2009,9,27
2009-09-28,4N90E,28.83272281231701,239.7850463463204,271,2009,9,28
2009-09-29,4N90E,28.832834446161886,239.7676953179607,272,2009,9,29
2009-09-30,4N90E,28.832946080006764,239.75034428960097,273,2009,9,30
2009-10-01,4N90E,28.833057713851645,239.73299326124126,274,2009,10,1
2009-10-02,4N90E,28.833169347696522,239.71564223288155,275,2009,10,2
2009-10-03,4N90E,28.8332809815414,239.69829120452184,276,2009,10,3
2009-10-04,4N90E,28.833392615386277,239.68094017616212,277,2009,10,4
2009-10-05,4N90E,28.833504249231154,239.66358914780244,278,2009,10,5
2009-10-06,4N90E,28.833615883076035,239.64623811944273,279,2009,10,6
2009-10-07,4N90E,28.833727516920913,239.62888709108302,280,2009,10,7
2009-10-08,4N90E,28.83383915076579,239.6115360627233,281,2009,10,8
2009-10-09,4N90E,28.833950784610668,239.5941850343636,282,2009,10,9
2009-10-10,4N90E,28.83406241845555,239.57683400600388,283,2009,10,10
2009-10-11,4N90E,28.834174052300426,239.55948297764417,284,2009,10,11
2009-10-12,4N90E,28.834285686145304,239.54213194928445,285,2009,10,12
2009-10-13,4N90E,28.83439731999018,239.52478092092474,286,2009,10,13
2009-10-14,4N90E,28.834508953835062,239.50742989256503,287,2009,10,14
2009-10-15,4N90E,28.83462058767994,239.49007886420532,288,2009,10,15
2009-10-16,4N90E,28.834732221524817,239.4727278358456,289,2009,10,16
2009-10-17,4N90E,28.834843855369694,239.45537680748592,290,2009,10,17
2009-10-18,4N90E,28.834955489214572,239.4380257791262,291,2009,10,18
2009-10-19,4N90E,28.835067123059453,239.4206747507665,292,2009,10,19
2009-10-20,4N90E,28.83517875690433,239.40332372240678,293,2009,10,20
2009-10-21,4N90E,28.835290390749208,239.38597269404707,294,2009,10,21
2009-10-22,4N90E,28.835402024594085,239.36862166568736,295,2009,10,22
2009-10-23,4N90E,28.835513658438966,239.35127063732764,296,2009,10,23
2009-10-24,4N90E,28.835625292283844,239.33391960896793,297,2009,10,24
2009-10-25,4N90E,28.83573692612872,239.31656858060822,298,2009,10,25
2009-10-26,4N90E,28.8358485599736,239.2992175522485,299,2009,10,26
2009-10-27,4N90E,28.83596019381848,239.28186652388882,300,2009,10,27
2009-10-28,4N90E,28.836071827663357,239.2645154955291,301,2009,10,28
2009-10-29,4N90E,28.836183461508234,239.2471644671694,302,2009,10,29
2009-10-30,4N90E,28.836295095353112,239.22981343880969,303,2009,10,30
2009-10-31,4N90E,28.83640672919799,239.21246241044997,304,2009,10,31
2009-11-01,4N90E,28.83651836304287,239.19511138209026,305,2009,11,1
2009-11-02,4N90E,28.836629996887748,239.17776035373055,306,2009,11,2
2009-11-03,4N90E,28.836741630732625,239.16040932537084,307,2009,11,3
2009-11-04,4N90E,28.836853264577503,239.14305829701112,308,2009,11,4
2009-11-05,4N90E,28.836964898422384,239.1257072686514,309,2009,11,5
2009-11-06,4N90E,28.83707653226726,239.1083562402917,310,2009,11,6
2009-11-07,4N90E,28.83718816611214,239.091005211932,311,2009,11,7
2009-11-08,4N90E,28.837299799957016,239.0736541835723,312,2009,11,8
2009-11-09,4N90E,28.837411433801897,239.0563031552126,313,2009,11,9
2009-11-10,4N90E,28.837523067646774,239.03895212685288,314,2009,11,10
2009-11-11,4N90E,28.837634701491652,239.02160109849316,315,2009,11,11
2009-11-12,4N90E,28.83774633533653,239.00425007013345,316,2009,11,12
2009-11-13,4N90E,28.837857969181407,238.98689904177374,317,2009,11,13
2009-11-14,4N90E,28.837969603026288,238.96954801341403,318,2009,11,14
2009-11-15,4N90E,28.838081236871165,238.95219698505431,319,2009,11,15
2009-11-16,4N90E,28.838192870716043,238.9348459566946,320,2009,11,16
2009-11-17,4N90E,28.83830450456092,238.91749492833492,321,2009,11,17
2009-11-18,4N90E,28.8384161384058,238.9001438999752,322,2009,11,18
2009-11-19,4N90E,28.83852777225068,238.8827928716155,323,2009,11,19
2009-11-20,4N90E,28.838639406095556,238.86544184325578,324,2009,11,20
2009-11-21,4N90E,28.838751039940433,238.84809081489607,325,2009,11,21
2009-11-22,4N90E,28.838862673785314,238.83073978653636,326,2009,11,22
2009-11-23,4N90E,28.838974307630192,238.81338875817664,327,2009,11,23
2009-11-24,4N90E,28.83908594147507,238.79603772981693,328,2009,11,24
2009-11-25,4N90E,28.839197575319947,238.77868670145722,329,2009,11,25
2009-11-26,4N90E,28.839309209164824,238.7613356730975,330,2009,11,26
2009-11-27,4N90E,28.839420843009705,238.7439846447378,331,2009,11,27
2009-11-28,4N90E,28.839532476854583,238.72663361637808,332,2009,11,28
2009-11-29,4N90E,28.83964411069946,238.7092825880184,333,2009,11,29
2009-11-30,4N90E,28.839755744544338,238.69193155965868,334,2009,11,30
2009-12-01,4N90E,28.83986737838922,238.67458053129897,335,2009,12,1
2009-12-02,4N90E,28.839979012234096,238.65722950293926,336,2009,12,2
2009-12-03,4N90E,28.840090646078973,238.63987847457955,337,2009,12,3
2009-12-04,4N90E,28.84020227992385,238.62252744621983,338,2009,12,4
2009-12-05,4N90E,28.84031391376873,238.60517641786012,339,2009,12,5
2009-12-06,4N90E,28.84042554761361,238.5878253895004,340,2009,12,6
2009-12-07,4N90E,28.840537181458487,238.5704743611407,341,2009,12,7
2009-12-08,4N90E,28.840648815303364,238.55312333278098,342,2009,12,8
2009-12-09,4N90E,28.84076044914824,238.5357723044213,343,2009,12,9
2009-12-10,4N90E,28.840872082993123,238.5184212760616,344,2009,12,10
2009-12-11,4N90E,28.840983716838,238.50107024770188,345,2009,12,11
2009-12-12,4N90E,28.841095350682878,238.48371921934216,346,2009,12,12
2009-12-13,4N90E,28.841206984527755,238.46636819098245,347,2009,12,13
2009-12-14,4N90E,28.841318618372636,238.44901716262274,348,2009,12,14
2009-12-15,4N90E,28.841430252217513,238.43166613426303,349,2009,12,15
2009-12-16,4N90E,28.84154188606239,238.4143151059033,350,2009,12,16
2009-12-17,4N90E,28.84165351990727,238.3969640775436,351,2009,12,17
2009-12-18,4N90E,28.841765153752146,238.3796130491839,352,2009,12,18
2009-12-19,4N90E,28.841876787597027,238.36226202082418,353,2009,12,19
2009-12-20,4N90E,28.841988421441904,238.3449109924645,354,2009,12,20
2009-12-21,4N90E,28.84210005528678,238.32755996410478,355,2009,12,21
2009-12-22,4N90E,28.84221168913166,238.31020893574507,356,2009,12,22
2009-12-23,4N90E,28.84232332297654,238.29285790738535,357,2009,12,23
2009-12-24,4N90E,28.842434956821418,238.27550687902564,358,2009,12,24
2009-12-25,4N90E,28.842546590666295,238.25815585066593,359,2009,12,25
2009-12-26,4N90E,28.842658224511172,238.24080482230622,360,2009,12,26
2009-12-27,4N90E,28.842769858356053,238.2234537939465,361,2009,12,27
2009-12-28,4N90E,28.84288149220093,238.2061027655868,362,2009,12,28
2009-12-29,4N90E,28.84299312604581,238.18875173722708,363,2009,12,29
2009-12-30,4N90E,28.843104759890686,238.1714007088674,364,2009,12,30
2009-12-31,4N90E,28.843216393735563,238.15404968050768,365,2009,12,31
2010-01-01,4N90E,28.843328027580444,238.13669865214797,1,2010,1,1
2010-01-02,4N90E,28.84343966142532,238.11934762378826,2,2010,1,2
2010-01-03,4N90E,28.8435512952702,238.10199659542855,3,2010,1,3
2010-01-04,4N90E,28.843662929115077,238.08464556706883,4,2010,1,4
2010-01-05,4N90E,28.843774562959958,238.06729453870912,5,2010,1,5
2010-01-06,4N90E,28.843886196804835,238.0499435103494,6,2010,1,6
2010-01-07,4N90E,28.843997830649712,238.0325924819897,7,2010,1,7
2010-01-08,4N90E,28.84410946449459,238.01524145362998,8,2010,1,8
2010-01-09,4N90E,28.84422109833947,237.99789042527027,9,2010,1,9
2010-01-10,4N90E,28.84433273218435,237.9805393969106,10,2010,1,10
2010-01-11,4N90E,28.844444366029226,237.96318836855087,11,2010,1,11
2010-01-12,4N90E,28.844555999874103,237.94583734019116,12,2010,1,12
2010-01-13,4N90E,28.84466763371898,237.92848631183145,13,2010,1,13
2010-01-14,4N90E,28.84477926756386,237.91113528347174,14,2010,1,14
2010-01-15,4N90E,28.84489090140874,237.89378425511202,15,2010,1,15
2010-01-16,4N90E,28.845002535253617,237.8764332267523,16,2010,1,16
2010-01-17,4N90E,28.845114169098494,237.8590821983926,17,2010,1,17
2010-01-18,4N90E,28.845225802943375,237.8417311700329,18,2010,1,18
2010-01-19,4N90E,28.845337436788252,237.82438014167317,19,2010,1,19
2010-01-20,4N90E,28.84544907063313,237.8070291133135,20,2010,1,20
2010-01-21,4N90E,28.845560704478007,237.78967808495378,21,2010,1,21
2010-01-22,4N90E,28.84567233832289,237.77232705659407,22,2010,1,22
2010-01-23,4N90E,28.845783972167766,237.75497602823435,23,2010,1,23
2010-01-24,4N90E,28.845895606012643,237.73762499987464,24,2010,1,24
2010-01-25,4N90E,28.84600723985752,237.72027397151493,25,2010,1,25
2010-01-26,4N90E,28.846118873702398,237.70292294315522,26,2010,1,26
2010-01-27,4N90E,28.84623050754728,237.6855719147955,27,2010,1,27
2010-01-28,4N90E,28.846342141392157,237.6682208864358,28,2010,1,28
2010-01-29,4N90E,28.846453775237034,237.65086985807608,29,2010,1,29
2010-01-30,4N90E,28.84656540908191,237.63351882971637,30,2010,1,30
2010-01-31,4N90E,28.846677042926792,237.61616780135665,31,2010,1,31
2010-02-01,4N90E,28.84678867677167,237.59881677299697,32,2010,2,1
2010-02-02,4N90E,28.846900310616547,237.58146574463726,33,2010,2,2
2010-02-03,4N90E,28.847011944461425,237.56411471627754,34,2010,2,3
2010-02-04,4N90E,28.847123578306306,237.54676368791783,35,2010,2,4
2010-02-05,4N90E,28.847235212151183,237.52941265955812,36,2010,2,5
2010-02-06,4N90E,28.84734684599606,237.5120616311984,37,2010,2,6
2010-02-07,4N90E,28.847458479840938,237.4947106028387,38,2010,2,7
2010-02-08,4N90E,28.847570113685816,237.47735957447898,39,2010,2,8
2010-02-09,4N90E,28.847681747530697,237.46000854611927,40,2010,2,9
2010-02-10,4N90E,28.847793381375574,237.44265751775956,41,2010,2,10
2010-02-11,4N90E,28.84790501522045,237.42530648939987,42,2010,2,11
2010-02-12,4N90E,28.84801664906533,237.40795546104016,43,2010,2,12
2010-02-13,4N90E,28.84812828291021,237.39060443268045,44,2010,2,13
2010-02-14,4N90E,28.848239916755087,237.37325340432074,45,2010,2,14
2010-02-15,4N90E,28.848351550599965,237.35590237596102,46,2010,2,15
2010-02-16,4N90E,28.848463184444842,237.3385513476013,47,2010,2,16
2010-02-17,4N90E,28.848574818289723,237.3212003192416,48,2010,2,17
2010-02-18,4N90E,28.8486864521346,237.30384929088189,49,2010,2,18
2010-02-19,4N90E,28.848798085979478,237.28649826252217,50,2010,2,19
2010-02-20,4N90E,28.848909719824356,237.26914723416246,51,2010,2,20
2010-02-21,4N90E,28.849021353669233,237.25179620580275,52,2010,2,21
2010-02-22,4N90E,28.849132987514114,237.23444517744306,53,2010,2,22
2010-02-23,4N90E,28.84924462135899,237.21709414908335,54,2010,2,23
2010-02-24,4N90E,28.84935625520387,237.19974312072364,55,2010,2,24
2010-02-25,4N90E,28.849467889048746,237.18239209236393,56,2010,2,25
2010-02-26,4N90E,28.849579522893627,237.1650410640042,57,2010,2,26
2010-02-27,4N90E,28.849691156738505,237.1476900356445,58,2010,2,27
2010-02-28,4N90E,28.849802790583382,237.1303390072848,59,2010,2,28
2010-03-01,4N90E,28.84991442442826,237.11298797892508,60,2010,3,1
2010-03-02,4N90E,28.850026058273137,237.09563695056536,61,2010,3,2
2010-03-03,4N90E,28.850137692118018,237.07828592220565,62,2010,3,3
2010-03-04,4N90E,28.850249325962896,237.06093489384597,63,2010,3,4
2010-03-05,4N90E,28.850360959807773,237.04358386548626,64,2010,3,5
2010-03-06,4N90E,28.85047259365265,237.02623283712654,65,2010,3,6
2010-03-07,4N90E,28.85058422749753,237.00888180876683,66,2010,3,7
2010-03-08,4N90E,28.85069586134241,236.99153078040712,67,2010,3,8
2010-03-09,4N90E,28.850807495187286,236.9741797520474,68,2010,3,9
2010-03-10,4N90E,28.850919129032164,236.9568287236877,69,2010,3,10
2010-03-11,4N90E,28.851030762877045,236.93947769532798,70,2010,3,11
2010-03-12,4N90E,28.851142396721922,236.92212666696827,71,2010,3,12
2010-03-13,4N90E,28.8512540305668,236.90477563860856,72,2010,3,13
2010-03-14,4N90E,28.851365664411677,236.88742461024884,73,2010,3,14
2010-03-15,4N90E,28.851477298256555,236.87007358188913,74,2010,3,15
2010-03-16,4N90E,28.851588932101436,236.85272255352945,75,2010,3,16
2010-03-17,4N90E,28.851700565946313,236.83537152516973,76,2010,3,17
2010-03-18,4N90E,28.85181219979119,236.81802049681002,77,2010,3,18
2010-03-19,4N90E,28.851923833636068,236.8006694684503,78,2010,3,19
2010-03-20,4N90E,28.85203546748095,236.7833184400906,79,2010,3,20
2010-03-21,4N90E,28.852147101325826,236.76596741173088,80,2010,3,21
2010-03-22,4N90E,28.852258735170704,236.74861638337117,81,2010,3,22
2010-03-23,4N90E,28.85237036901558,236.73126535501146,82,2010,3,23
2010-03-24,4N90E,28.852482002860462,236.71391432665175,83,2010,3,24
2010-03-25,4N90E,28.85259363670534,236.69656329829203,84,2010,3,25
2010-03-26,4N90E,28.852705270550217,236.67921226993235,85,2010,3,26
2010-03-27,4N90E,28.852816904395095,236.66186124157264,86,2010,3,27
2010-03-28,4N90E,28.852928538239972,236.64451021321293,87,2010,3,28
2010-03-29,4N90E,28.853040172084853,236.6271591848532,88,2010,3,29
2010-03-30,4N90E,28.85315180592973,236.6098081564935,89,2010,3,30
2010-03-31,4N90E,28.853263439774608,236.5924571281338,90,2010,3,31
2010-04-01,4N90E,28.853375073619485,236.57510609977408,91,2010,4,1
2010-04-02,4N90E,28.853486707464366,236.55775507141436,92,2010,4,2
2010-04-03,4N90E,28.853598341309244,236.54040404305465,93,2010,4,3
2010-04-04,4N90E,28.85370997515412,236.52305301469494,94,2010,4,4
2010-04-05,4N90E,28.853821608999,236.50570198633523,95,2010,4,5
2010-04-06,4N90E,28.85393324284388,236.48835095797554,96,2010,4,6
2010-04-07,4N90E,28.854044876688757,236.47099992961583,97,2010,4,7
2010-04-08,4N90E,28.854156510533635,236.45364890125612,98,2010,4,8
2010-04-09,4N90E,28.854268144378512,236.4362978728964,99,2010,4,9
2010-04-10,4N90E,28.85437977822339,236.4189468445367,100,2010,4,10
2010-04-11,4N90E,28.85449141206827,236.40159581617698,101,2010,4,11
2010-04-12,4N90E,28.854603045913148,236.38424478781727,102,2010,4,12
2010-04-13,4N90E,28.854714679758025,236.36689375945755,103,2010,4,13
2010-04-14,4N90E,28.854826313602903,236.34954273109784,104,2010,4,14
2010-04-15,4N90E,28.854937947447784,236.33219170273813,105,2010,4,15
2010-04-16,4N90E,28.85504958129266,236.31484067437844,106,2010,4,16
2010-04-17,4N90E,28.85516121513754,236.29748964601873,107,2010,4,17
2010-04-18,4N90E,28.855272848982416,236.28013861765902,108,2010,4,18
2010-04-19,4N90E,28.855384482827297,236.2627875892993,109,2010,4,19
2010-04-20,4N90E,28.855496116672175,236.2454365609396,110,2010,4,20
2010-04-21,4N90E,28.855607750517052,236.22808553257988,111,2010,4,21
2010-04-22,4N90E,28.85571938436193,236.21073450422017,112,2010,4,22
2010-04-23,4N90E,28.855831018206807,236.19338347586046,113,2010,4,23
2010-04-24,4N90E,28.855942652051688,236.17603244750075,114,2010,4,24
2010-04-25,4N90E,28.856054285896565,236.15868141914103,115,2010,4,25
2010-04-26,4N90E,28.856165919741443,236.14133039078132,116,2010,4,26
2010-04-27,4N90E,28.85627755358632,236.12397936242164,117,2010,4,27
2010-04-28,4N90E,28.8563891874312,236.10662833406192,118,2010,4,28
2010-04-29,4N90E,28.85650082127608,236.0892773057022,119,2010,4,29
2010-04-30,4N90E,28.856612455120956,236.0719262773425,120,2010,4,30
2010-05-01,4N90E,28.856724088965834,236.0545752489828,121,2010,5,1
2010-05-02,4N90E,28.856835722810715,236.03722422062307,122,2010,5,2
2010-05-03,4N90E,28.856947356655592,236.01987319226336,123,2010,5,3
2010-05-04,4N90E,28.85705899050047,236.00252216390365,124,2010,5,4
2010-05-05,4N90E,28.857170624345347,235.98517113554394,125,2010,5,5
2010-05-06,4N90E,28.857282258190224,235.96782010718422,126,2010,5,6
2010-05-07,4N90E,28.857393892035105,235.95046907882454,127,2010,5,7
2010-05-08,4N90E,28.857505525879983,235.93311805046483,128,2010,5,8
2010-05-09,4N90E,28.85761715972486,235.91576702210511,129,2010,5,9
2010-05-10,4N90E,28.857728793569738,235.8984159937454,130,2010,5,10
2010-05-11,4N90E,28.85784042741462,235.8810649653857,131,2010,5,11
2010-05-12,4N90E,28.857952061259496,235.86371393702598,132,2010,5,12
2010-05-13,4N90E,28.858063695104374,235.84636290866626,133,2010,5,13
2010-05-14,4N90E,28.85817532894925,235.82901188030655,134,2010,5,14
2010-05-15,4N90E,28.858286962794132,235.81166085194684,135,2010,5,15
2010-05-16,4N90E,28.85839859663901,235.79430982358713,136,2010,5,16
2010-05-17,4N90E,28.858510230483887,235.77695879522742,137,2010,5,17
2010-05-18,4N90E,28.858621864328764,235.7596077668677,138,2010,5,18
2010-05-19,4N90E,28.858733498173642,235.74225673850802,139,2010,5,19
2010-05-20,4N90E,28.858845132018523,235.7249057101483,140,2010,5,20
2010-05-21,4N90E,28.8589567658634,235.7075546817886,141,2010,5,21
2010-05-22,4N90E,28.859068399708278,235.69020365342888,142,2010,5,22
2010-05-23,4N90E,28.859180033553155,235.67285262506917,143,2010,5,23
2010-05-24,4N90E,28.859291667398036,235.65550159670946,144,2010,5,24
2010-05-25,4N90E,28.859403301242914,235.63815056834974,145,2010,5,25
2010-05-26,4N90E,28.85951493508779,235.62079953999003,146,2010,5,26
2010-05-27,4N90E,28.85962656893267,235.60344851163032,147,2010,5,27
2010-05-28,4N90E,28.859738202777546,235.5860974832706,148,2010,5,28
2010-05-29,4N90E,28.859849836622427,235.56874645491092,149,2010,5,29
2010-05-30,4N90E,28.859961470467304,235.5513954265512,150,2010,5,30
2010-05-31,4N90E,28.860073104312182,235.5340443981915,151,2010,5,31
2010-06-01,4N90E,28.86018473815706,235.51669336983178,152,2010,6,1
2010-06-02,4N90E,28.86029637200194,235.49934234147207,153,2010,6,2
2010-06-03,4N90E,28.860408005846818,235.48199131311236,154,2010,6,3
2010-06-04,4N90E,28.860519639691695,235.46464028475265,155,2010,6,4
2010-06-05,4N90E,28.860631273536573,235.44728925639293,156,2010,6,5
2010-06-06,4N90E,28.860742907381454,235.42993822803322,157,2010,6,6
2010-06-07,4N90E,28.86085454122633,235.4125871996735,158,2010,6,7
2010-06-08,4N90E,28.86096617507121,235.3952361713138,159,2010,6,8
2010-06-09,4N90E,28.861077808916086,235.3778851429541,160,2010,6,9
2010-06-10,4N90E,28.861189442760963,235.3605341145944,161,2010,6,10
2010-06-11,4N90E,28.861301076605844,235.3431830862347,162,2010,6,11
2010-06-12,4N90E,28.861412710450722,235.32583205787498,163,2010,6,12
2010-06-13,4N90E,28.8615243442956,235.30848102951526,164,2010,6,13
2010-06-14,4N90E,28.861635978140477,235.29113000115555,165,2010,6,14
2010-06-15,4N90E,28.861747611985358,235.27377897279584,166,2010,6,15
2010-06-16,4N90E,28.861859245830235,235.25642794443613,167,2010,6,16
2010-06-17,4N90E,28.861970879675113,235.2390769160764,168,2010,6,17
2010-06-18,4N90E,28.86208251351999,235.2217258877167,169,2010,6,18
2010-06-19,4N90E,28.86219414736487,235.20437485935702,170,2010,6,19
2010-06-20,4N90E,28.86230578120975,235.1870238309973,171,2010,6,20
2010-06-21,4N90E,28.862417415054626,235.1696728026376,172,2010,6,21
2010-06-22,4N90E,28.862529048899503,235.15232177427788,173,2010,6,22
2010-06-23,4N90E,28.86264068274438,235.13497074591817,174,2010,6,23
2010-06-24,4N90E,28.862752316589262,235.11761971755845,175,2010,6,24
2010-06-25,4N90E,28.86286395043414,235.10026868919874,176,2010,6,25
2010-06-26,4N90E,28.862975584279017,235.08291766083903,177,2010,6,26
2010-06-27,4N90E,28.863087218123894,235.06556663247932,178,2010,6,27
2010-06-28,4N90E,28.863198851968775,235.0482156041196,179,2010,6,28
2010-06-29,4N90E,28.863310485813653,235.0308645757599,180,2010,6,29
2010-06-30,4N90E,28.86342211965853,235.01351354740018,181,2010,6,30
2010-07-01,4N90E,28.863533753503408,234.9961625190405,182,2010,7,1
2010-07-02,4N90E,28.86364538734829,234.97881149068078,183,2010,7,2
2010-07-03,4N90E,28.863757021193166,234.96146046232107,184,2010,7,3
2010-07-04,4N90E,29.56,234.94410943396136,185,2010,7,4
2010-07-05,4N90E,29.64,277.93,186,2010,7,5
2010-07-06,4N90E,29.53,271.63,187,2010,7,6
2010-07-07,4N90E,29.54,260.47,188,2010,7,7
2010-07-08,4N90E,29.44,196.76,189,2010,7,8
2010-07-09,4N90E,29.49,268.71,190,2010,7,9
2010-07-10,4N90E,29.45,271.55,191,2010,7,10
2010-07-11,4N90E,29.46,155.93,192,2010,7,11
2010-07-12,4N90E,29.84,248.63,193,2010,7,12
2010-07-13,4N90E,29.57,202.56,194,2010,7,13
2010-07-14,4N90E,29.3,24.04,195,2010,7,14
2010-07-15,4N90E,29.2,71.53,196,2010,7,15
2010-07-16,4N90E,29.16,49.32,197,2010,7,16
2010-07-17,4N90E,29.16,178.62,198,2010,7,17
2010-07-18,4N90E,29.15,256.86,199,2010,7,18
2010-07-19,4N90E,29.12,203.14,200,2010,7,19
2010-07-20,4N90E,29.12,203.2,201,2010,7,20
2010-07-21,4N90E,29.18,248.1,202,2010,7,21
2010-07-22,4N90E,29.2,263.91,203,2010,7,22
2010-07-23,4N90E,29.09,98.66,204,2010,7,23
2010-07-24,4N90E,29.1,178.59,205,2010,7,24
2010-07-25,4N90E,29.05,78.57,206,2010,7,25
2010-07-26,4N90E,29.12,251.25,207,2010,7,26
2010-07-27,4N90E,28.99,167.21,208,2010,7,27
2010-07-28,4N90E,28.88,167.39073248407644,209,2010,7,28
2010-07-29,4N90E,28.92,167.57146496815287,210,2010,7,29
2010-07-30,4N90E,28.86,167.7521974522293,211,2010,7,30
2010-07-31,4N90E,28.9,237.7448249577417,212,2010,7,31
2010-08-01,4N90E,28.88,237.65552176655527,213,2010,8,1
2010-08-02,4N90E,28.89,237.56621857536885,214,2010,8,2
2010-08-03,4N90E,28.82,237.47691538418243,215,2010,8,3
2010-08-04,4N90E,28.86,237.38761219299602,216,2010,8,4
2010-08-05,4N90E,28.95,237.29830900180957,217,2010,8,5
2010-08-06,4N90E,28.89,237.20900581062315,218,2010,8,6
2010-08-07,4N90E,28.9,237.11970261943674,219,2010,8,7
2010-08-08,4N90E,28.92,237.03039942825032,220,2010,8,8
2010-08-09,4N90E,28.95,236.94109623706387,221,2010,8,9
2010-08-10,4N90E,28.91,236.85179304587746,222,2010,8,10
2010-08-11,4N90E,28.9,236.76248985469104,223,2010,8,11
2010-08-12,4N90E,28.86,236.67318666350462,224,2010,8,12
2010-08-13,4N90E,28.89,236.58388347231818,225,2010,8,13
2010-08-14,4N90E,28.8,236.49458028113176,226,2010,8,14
2010-08-15,4N90E,28.68,236.40527708994534,227,2010,8,15
2010-08-16,4N90E,28.68,236.31597389875893,228,2010,8,16
2010-08-17,4N90E,28.71,236.22667070757248,229,2010,8,17
2010-08-18,4N90E,28.71,236.13736751638606,230,2010,8,18
2010-08-19,4N90E,28.59,236.04806432519965,231,2010,8,19
2010-08-20,4N90E,28.42,235.95876113401323,232,2010,8,20
2010-08-21,4N90E,28.41,235.86945794282678,233,2010,8,21
2010-08-22,4N90E,28.37,235.78015475164037,234,2010,8,22
2010-08-23,4N90E,28.48,235.69085156045395,235,2010,8,23
2010-08-24,4N90E,28.62,235.6015483692675,236,2010,8,24
2010-08-25,4N90E,28.63,235.5122451780811,237,2010,8,25
2010-08-26,4N90E,28.67,235.42294198689467,238,2010,8,26
2010-08-27,4N90E,28.71,235.33363879570825,239,2010,8,27
2010-08-28,4N90E,28.69,235.2443356045218,240,2010,8,28
2010-08-29,4N90E,28.76,235.1550324133354,241,2010,8,29
2010-08-30,4N90E,28.85,235.06572922214897,242,2010,8,30
2010-08-31,4N90E,28.83,234.97642603096256,243,2010,8,31
2010-09-01,4N90E,28.82,234.8871228397761,244,2010,9,1
2010-09-02,4N90E,28.72,234.7978196485897,245,2010,9,2
2010-09-03,4N90E,28.63,234.70851645740328,246,2010,9,3
2010-09-04,4N90E,28.53,234.61921326621686,247,2010,9,4
2010-09-05,4N90E,28.7,234.52991007503041,248,2010,9,5
2010-09-06,4N90E,28.78,234.440606883844,249,2010,9,6
2010-09-07,4N90E,28.84,234.35130369265758,250,2010,9,7
2010-09-08,4N90E,28.86,234.26200050147116,251,2010,9,8
2010-09-09,4N90E,29.03,234.17269731028472,252,2010,9,9
2010-09-10,4N90E,28.76,234.0833941190983,253,2010,9,10
2010-09-11,4N90E,28.87,233.99409092791188,254,2010,9,11
2010-09-12,4N90E,28.94,233.90478773672547,255,2010,9,12
2010-09-13,4N90E,28.98,233.81548454553902,256,2010,9,13
2010-09-14,4N90E,28.82,233.7261813543526,257,2010,9,14
2010-09-15,4N90E,28.78,233.6368781631662,258,2010,9,15
2010-09-16,4N90E,28.76,233.54757497197977,259,2010,9,16
2010-09-17,4N90E,28.76,233.45827178079332,260,2010,9,17
2010-09-18,4N90E,28.77,233.3689685896069,261,2010,9,18
2010-09-19,4N90E,28.73,233.2796653984205,262,2010,9,19
2010-09-20,4N90E,28.73,233.19036220723405,263,2010,9,20
2010-09-21,4N90E,28.67,233.10105901604763,264,2010,9,21
2010-09-22,4N90E,28.58,233.0117558248612,265,2010,9,22
2010-09-23,4N90E,28.61,232.9224526336748,266,2010,9,23
2010-09-24,4N90E,28.56,232.83314944248835,267,2010,9,24
2010-09-25,4N90E,28.55,232.74384625130193,268,2010,9,25
2010-09-26,4N90E,28.5,232.65454306011551,269,2010,9,26
2010-09-27,4N90E,28.59,232.5652398689291,270,2010,9,27
2010-09-28,4N90E,28.52,232.47593667774265,271,2010,9,28
2010-09-29,4N90E,28.49,232.38663348655624,272,2010,9,29
2010-09-30,4N90E,28.48,232.29733029536982,273,2010,9,30
2010-10-01,4N90E,28.65,232.2080271041834,274,2010,10,1
2010-10-02,4N90E,28.59,232.11872391299696,275,2010,10,2
2010-10-03,4N90E,28.45,232.02942072181054,276,2010,10,3
2010-10-04,4N90E,28.46,231.94011753062412,277,2010,10,4
2010-10-05,4N90E,28.42,231.8508143394377,278,2010,10,5
2010-10-06,4N90E,28.55,231.76151114825126,279,2010,10,6
2010-10-07,4N90E,28.59,231.67220795706484,280,2010,10,7
2010-10-08,4N90E,28.62,231.58290476587842,281,2010,10,8
2010-10-09,4N90E,28.61,231.493601574692,282,2010,10,9
2010-10-10,4N90E,28.58,231.40429838350556,283,2010,10,10
2010-10-11,4N90E,28.52,231.31499519231915,284,2010,10,11
2010-10-12,4N90E,28.53,231.22569200113273,285,2010,10,12
2010-10-13,4N90E,28.57,231.13638880994628,286,2010,10,13
2010-10-14,4N90E,28.53,231.04708561875987,287,2010,10,14
2010-10-15,4N90E,28.59,230.95778242757345,288,2010,10,15
2010-10-16,4N90E,28.52,230.86847923638703,289,2010,10,16
2010-10-17,4N90E,28.55,230.7791760452006,290,2010,10,17
2010-10-18,4N90E,28.62,230.68987285401417,291,2010,10,18
2010-10-19,4N90E,28.67,230.60056966282775,292,2010,10,19
2010-10-20,4N90E,28.76,230.51126647164133,293,2010,10,20
2010-10-21,4N90E,28.72,230.4219632804549,294,2010,10,21
2010-10-22,4N90E,28.66,230.33266008926847,295,2010,10,22
2010-10-23,4N90E,28.66,230.24335689808206,296,2010,10,23
2010-10-24,4N90E,28.69,230.15405370689564,297,2010,10,24
2010-10-25,4N90E,28.86,230.0647505157092,298,2010,10,25
2010-10-26,4N90E,28.87,229.97544732452278,299,2010,10,26
2010-10-27,4N90E,28.85,229.88614413333636,300,2010,10,27
2010-10-28,4N90E,28.89,229.79684094214994,301,2010,10,28
2010-10-29,4N90E,28.75,229.7075377509635,302,2010,10,29
2010-10-30,4N90E,28.65,229.61823455977708,303,2010,10,30
2010-10-31,4N90E,28.66,229.52893136859066,304,2010,10,31
2010-11-01,4N90E,28.69,229.43962817740424,305,2010,11,1
2010-11-02,4N90E,28.71,229.3503249862178,306,2010,11,2
2010-11-03,4N90E,28.61,229.26102179503138,307,2010,11,3
2010-11-04,4N90E,28.54,229.17171860384497,308,2010,11,4
2010-11-05,4N90E,28.55,229.08241541265852,309,2010,11,5
2010-11-06,4N90E,28.58,228.9931122214721,310,2010,11,6
2010-11-07,4N90E,28.65,228.9038090302857,311,2010,11,7
2010-11-08,4N90E,28.49,228.81450583909927,312,2010,11,8
2010-11-09,4N90E,28.55,228.72520264791282,313,2010,11,9
2010-11-10,4N90E,28.26,228.6358994567264,314,2010,11,10
2010-11-11,4N90E,28.35,228.54659626554,315,2010,11,11
2010-11-12,4N90E,28.34,228.45729307435357,316,2010,11,12
2010-11-13,4N90E,28.63,228.36798988316713,317,2010,11,13
2010-11-14,4N90E,28.54,228.2786866919807,318,2010,11,14
2010-11-15,4N90E,28.61,228.1893835007943,319,2010,11,15
2010-11-16,4N90E,28.61,228.10008030960788,320,2010,11,16
2010-11-17,4N90E,28.8,228.01077711842143,321,2010,11,17
2010-11-18,4N90E,28.83,227.921473927235,322,2010,11,18
2010-11-19,4N90E,28.64,227.8321707360486,323,2010,11,19
2010-11-20,4N90E,28.77,227.74286754486218,324,2010,11,20
2010-11-21,4N90E,28.86,227.65356435367573,325,2010,11,21
2010-11-22,4N90E,28.57,227.56426116248932,326,2010,11,22
2010-11-23,4N90E,28.45,227.4749579713029,327,2010,11,23
2010-11-24,4N90E,28.31,227.38565478011648,328,2010,11,24
2010-11-25,4N90E,28.29,227.29635158893004,329,2010,11,25
2010-11-26,4N90E,28.27,227.20704839774362,330,2010,11,26
2010-11-27,4N90E,28.27,227.1177452065572,331,2010,11,27
2010-11-28,4N90E,28.3,227.02844201537079,332,2010,11,28
2010-11-29,4N90E,28.31,226.93913882418434,333,2010,11,29
2010-11-30,4N90E,28.37,226.84983563299792,334,2010,11,30
2010-12-01,4N90E,28.44,226.7605324418115,335,2010,12,1
2010-12-02,4N90E,28.24,226.67122925062506,336,2010,12,2
2010-12-03,4N90E,28.29,226.58192605943864,337,2010,12,3
2010-12-04,4N90E,28.15,226.49262286825223,338,2010,12,4
2010-12-05,4N90E,28.08,226.4033196770658,339,2010,12,5
2010-12-06,4N90E,27.98,226.31401648587936,340,2010,12,6
2010-12-07,4N90E,27.99,226.22471329469295,341,2010,12,7
2010-12-08,4N90E,28.43,226.13541010350653,342,2010,12,8
2010-12-09,4N90E,28.53,226.0461069123201,343,2010,12,9
2010-12-10,4N90E,28.47,225.95680372113367,344,2010,12,10
2010-12-11,4N90E,28.33,225.86750052994725,345,2010,12,11
2010-12-12,4N90E,28.26,225.77819733876083,346,2010,12,12
2010-12-13,4N90E,28.32,225.68889414757442,347,2010,12,13
2010-12-14,4N90E,28.46,225.59959095638797,348,2010,12,14
2010-12-15,4N90E,28.45,225.51028776520155,349,2010,12,15
2010-12-16,4N90E,28.47,225.42098457401514,350,2010,12,16
2010-12-17,4N90E,28.62,225.33168138282872,351,2010,12,17
2010-12-18,4N90E,28.75,225.24237819164227,352,2010,12,18
2010-12-19,4N90E,28.68,225.15307500045586,353,2010,12,19
2010-12-20,4N90E,28.54,225.06377180926944,354,2010,12,20
2010-12-21,4N90E,28.68,224.974468618083,355,2010,12,21
2010-12-22,4N90E,28.7,224.88516542689658,356,2010,12,22
2010-12-23,4N90E,28.72,224.79586223571016,357,2010,12,23
2010-12-24,4N90E,28.68,224.70655904452374,358,2010,12,24
2010-12-25,4N90E,28.56,224.61725585333733,359,2010,12,25
2010-12-26,4N90E,28.67,224.52795266215088,360,2010,12,26
2010-12-27,4N90E,28.79,224.43864947096446,361,2010,12,27
2010-12-28,4N90E,28.9,224.34934627977805,362,2010,12,28
2010-12-29,4N90E,28.9,224.2600430885916,363,2010,12,29
2010-12-30,4N90E,29.11,224.17073989740518,364,2010,12,30
2010-12-31,4N90E,28.92,224.08143670621877,365,2010,12,31
2011-01-01,4N90E,29.11,223.99213351503235,1,2011,1,1
2011-01-02,4N90E,29.16,223.9028303238459,2,2011,1,2
2011-01-03,4N90E,28.92,223.8135271326595,3,2011,1,3
2011-01-04,4N90E,28.81,223.72422394147307,4,2011,1,4
2011-01-05,4N90E,28.56,223.63492075028665,5,2011,1,5
2011-01-06,4N90E,28.7,223.5456175591002,6,2011,1,6
2011-01-07,4N90E,28.64,223.4563143679138,7,2011,1,7
2011-01-08,4N90E,28.77,223.36701117672737,8,2011,1,8
2011-01-09,4N90E,28.66,223.27770798554096,9,2011,1,9
2011-01-10,4N90E,28.65,223.1884047943545,10,2011,1,10
2011-01-11,4N90E,28.52,223.0991016031681,11,2011,1,11
2011-01-12,4N90E,28.56,223.00979841198168,12,2011,1,12
2011-01-13,4N90E,28.62,222.92049522079526,13,2011,1,13
2011-01-14,4N90E,28.93,222.83119202960881,14,2011,1,14
2011-01-15,4N90E,29.01,222.7418888384224,15,2011,1,15
2011-01-16,4N90E,29.0,222.65258564723598,16,2011,1,16
2011-01-17,4N90E,29.01,222.56328245604954,17,2011,1,17
2011-01-18,4N90E,29.01,222.47397926486312,18,2011,1,18
2011-01-19,4N90E,28.87,222.3846760736767,19,2011,1,19
2011-01-20,4N90E,28.7,222.29537288249028,20,2011,1,20
2011-01-21,4N90E,28.89,222.20606969130384,21,2011,1,21
2011-01-22,4N90E,28.72,222.11676650011742,22,2011,1,22
2011-01-23,4N90E,28.77,222.027463308931,23,2011,1,23
2011-01-24,4N90E,28.73,221.9381601177446,24,2011,1,24
2011-01-25,4N90E,28.85,221.84885692655814,25,2011,1,25
2011-01-26,4N90E,28.94,221.75955373537172,26,2011,1,26
2011-01-27,4N90E,29.3,221.6702505441853,27,2011,1,27
2011-01-28,4N90E,29.18,221.5809473529989,28,2011,1,28
2011-01-29,4N90E,29.24,221.49164416181245,29,2011,1,29
2011-01-30,4N90E,29.3,221.40234097062603,30,2011,1,30
2011-01-31,4N90E,29.07,221.3130377794396,31,2011,1,31
2011-02-01,4N90E,29.24,221.2237345882532,32,2011,2,1
2011-02-02,4N90E,28.93,221.13443139706675,33,2011,2,2
2011-02-03,4N90E,29.11,221.04512820588033,34,2011,2,3
2011-02-04,4N90E,29.7,220.95582501469391,35,2011,2,4
2011-02-05,4N90E,29.33,220.86652182350747,36,2011,2,5
2011-02-06,4N90E,29.27,220.77721863232105,37,2011,2,6
2011-02-07,4N90E,29.21,220.68791544113463,38,2011,2,7
2011-02-08,4N90E,29.47,220.59861224994822,39,2011,2,8
2011-02-09,4N90E,29.29,220.5093090587618,40,2011,2,9
2011-02-10,4N90E,28.49,220.42000586757536,41,2011,2,10
2011-02-11,4N90E,28.82,220.33070267638894,42,2011,2,11
2011-02-12,4N90E,28.96,220.24139948520252,43,2011,2,12
2011-02-13,4N90E,28.94,220.15209629401608,44,2011,2,13
2011-02-14,4N90E,28.82,220.06279310282966,45,2011,2,14
2011-02-15,4N90E,29.17,219.97348991164324,46,2011,2,15
2011-02-16,4N90E,29.16,219.88418672045682,47,2011,2,16
2011-02-17,4N90E,29.2,219.79488352927038,48,2011,2,17
2011-02-18,4N90E,29.3,219.70558033808396,49,2011,2,18
2011-02-19,4N90E,29.61,219.61627714689754,50,2011,2,19
2011-02-20,4N90E,29.55,219.52697395571113,51,2011,2,20
2011-02-21,4N90E,29.08,219.43767076452468,52,2011,2,21
2011-02-22,4N90E,29.11,219.34836757333827,53,2011,2,22
2011-02-23,4N90E,28.87,219.25906438215185,54,2011,2,23
2011-02-24,4N90E,28.8,219.16976119096543,55,2011,2,24
2011-02-25,4N90E,28.72,219.080457999779,56,2011,2,25
2011-02-26,4N90E,28.48,218.99115480859257,57,2011,2,26
2011-02-27,4N90E,28.65,218.90185161740615,58,2011,2,27
2011-02-28,4N90E,29.63,218.81254842621973,59,2011,2,28
2011-03-01,4N90E,29.5,218.7232452350333,60,2011,3,1
2011-03-02,4N90E,29.67,218.63394204384687,61,2011,3,2
2011-03-03,4N90E,29.53,218.54463885266046,62,2011,3,3
2011-03-04,4N90E,29.64,218.455335661474,63,2011,3,4
2011-03-05,4N90E,29.56,218.3660324702876,64,2011,3,5
2011-03-06,4N90E,29.75,218.27672927910118,65,2011,3,6
2011-03-07,4N90E,29.79,218.18742608791476,66,2011,3,7
2011-03-08,4N90E,29.29,218.09812289672834,67,2011,3,8
2011-03-09,4N90E,29.06,218.0088197055419,68,2011,3,9
2011-03-10,4N90E,29.09,217.91951651435548,69,2011,3,10
2011-03-11,4N90E,29.58,217.83021332316906,70,2011,3,11
2011-03-12,4N90E,29.82,217.74091013198262,71,2011,3,12
2011-03-13,4N90E,30.09,217.6516069407962,72,2011,3,13
2011-03-14,4N90E,29.97,217.56230374960978,73,2011,3,14
2011-03-15,4N90E,29.97,217.47300055842337,74,2011,3,15
2011-03-16,4N90E,29.8,217.38369736723692,75,2011,3,16
2011-03-17,4N90E,29.75,217.2943941760505,76,2011,3,17
2011-03-18,4N90E,29.76,217.20509098486409,77,2011,3,18
2011-03-19,4N90E,29.89,217.11578779367767,78,2011,3,19
2011-03-20,4N90E,30.13,217.02648460249122,79,2011,3,20
2011-03-21,4N90E,30.04,216.9371814113048,80,2011,3,21
2011-03-22,4N90E,29.99,216.8478782201184,81,2011,3,22
2011-03-23,4N90E,30.18,216.75857502893197,82,2011,3,23
2011-03-24,4N90E,29.88,216.66927183774553,83,2011,3,24
2011-03-25,4N90E,29.64,216.5799686465591,84,2011,3,25
2011-03-26,4N90E,29.47,216.4906654553727,85,2011,3,26
2011-03-27,4N90E,29.47,216.40136226418628,86,2011,3,27
2011-03-28,4N90E,29.42,216.31205907299983,87,2011,3,28
2011-03-29,4N90E,29.25,216.2227558818134,88,2011,3,29
2011-03-30,4N90E,29.27,216.133452690627,89,2011,3,30
2011-03-31,4N90E,29.23,216.04414949944055,90,2011,3,31
2011-04-01,4N90E,29.44,215.95484630825413,91,2011,4,1
2011-04-02,4N90E,29.34,215.86554311706772,92,2011,4,2
2011-04-03,4N90E,29.38,215.7762399258813,93,2011,4,3
2011-04-04,4N90E,29.49,215.68693673469488,94,2011,4,4
2011-04-05,4N90E,29.98,215.59763354350844,95,2011,4,5
2011-04-06,4N90E,29.91,215.50833035232202,96,2011,4,6
2011-04-07,4N90E,30.06,215.4190271611356,97,2011,4,7
2011-04-08,4N90E,29.96,215.32972396994916,98,2011,4,8
2011-04-09,4N90E,30.27,215.24042077876274,99,2011,4,9
2011-04-10,4N90E,30.36,215.15111758757632,100,2011,4,10
2011-04-11,4N90E,30.08,215.0618143963899,101,2011,4,11
2011-04-12,4N90E,29.69,214.97251120520346,102,2011,4,12
2011-04-13,4N90E,29.58,214.88320801401704,103,2011,4,13
2011-04-14,4N90E,29.45,214.79390482283063,104,2011,4,14
2011-04-15,4N90E,29.6,214.7046016316442,105,2011,4,15
2011-04-16,4N90E,30.02,214.61529844045776,106,2011,4,16
2011-04-17,4N90E,29.86,214.52599524927135,107,2011,4,17
2011-04-18,4N90E,29.58,214.43669205808493,108,2011,4,18
2011-04-19,4N90E,29.57,214.34738886689848,109,2011,4,19
2011-04-20,4N90E,29.67,214.25808567571207,110,2011,4,20
2011-04-21,4N90E,29.85,214.16878248452565,111,2011,4,21
2011-04-22,4N90E,30.17,214.07947929333923,112,2011,4,22
2011-04-23,4N90E,30.11,213.99017610215282,113,2011,4,23
2011-04-24,4N90E,29.74,213.90087291096637,114,2011,4,24
2011-04-25,4N90E,29.81,213.81156971977995,115,2011,4,25
2011-04-26,4N90E,29.89,213.72226652859354,116,2011,4,26
2011-04-27,4N90E,29.89,213.6329633374071,117,2011,4,27
2011-04-28,4N90E,29.71,213.54366014622067,118,2011,4,28
2011-04-29,4N90E,29.63,213.45435695503426,119,2011,4,29
2011-04-30,4N90E,29.43,213.36505376384784,120,2011,4,30
2011-05-01,4N90E,29.49,213.2757505726614,121,2011,5,1
2011-05-02,4N90E,29.54,213.18644738147498,122,2011,5,2
2011-05-03,4N90E,29.53,213.09714419028856,123,2011,5,3
2011-05-04,4N90E,29.45,213.00784099910214,124,2011,5,4
2011-05-05,4N90E,29.35,212.9185378079157,125,2011,5,5
2011-05-06,4N90E,29.23,212.82923461672928,126,2011,5,6
2011-05-07,4N90E,29.07,212.73993142554286,127,2011,5,7
2011-05-08,4N90E,29.01,212.65062823435645,128,2011,5,8
2011-05-09,4N90E,28.88,212.56132504317,129,2011,5,9
2011-05-10,4N90E,28.94,212.47202185198358,130,2011,5,10
2011-05-11,4N90E,29.22,212.38271866079717,131,2011,5,11
2011-05-12,4N90E,29.2,212.29341546961075,132,2011,5,12
2011-05-13,4N90E,29.45,212.2041122784243,133,2011,5,13
2011-05-14,4N90E,29.71,212.1148090872379,134,2011,5,14
2011-05-15,4N90E,29.8,212.02550589605147,135,2011,5,15
2011-05-16,4N90E,29.92,211.93620270486502,136,2011,5,16
2011-05-17,4N90E,29.66,211.8468995136786,137,2011,5,17
2011-05-18,4N90E,29.83,211.7575963224922,138,2011,5,18
2011-05-19,4N90E,29.62,211.66829313130577,139,2011,5,19
2011-05-20,4N90E,29.7,211.57898994011936,140,2011,5,20
2011-05-21,4N90E,29.86,211.4896867489329,141,2011,5,21
2011-05-22,4N90E,30.27,211.4003835577465,142,2011,5,22
2011-05-23,4N90E,30.3,211.31108036656008,143,2011,5,23
2011-05-24,4N90E,30.06,211.22177717537363,144,2011,5,24
2011-05-25,4N90E,29.98,211.13247398418721,145,2011,5,25
2011-05-26,4N90E,29.88,211.0431707930008,146,2011,5,26
2011-05-27,4N90E,29.63,210.95386760181438,147,2011,5,27
2011-05-28,4N90E,29.48,210.86456441062793,148,2011,5,28
2011-05-29,4N90E,29.46,210.77526121944152,149,2011,5,29
2011-05-30,4N90E,29.39,210.6859580282551,150,2011,5,30
2011-05-31,4N90E,29.45,210.59665483706868,151,2011,5,31
2011-06-01,4N90E,29.38,210.50735164588224,152,2011,6,1
2011-06-02,4N90E,29.4,210.41804845469582,153,2011,6,2
2011-06-03,4N90E,29.4,210.3287452635094,154,2011,6,3
2011-06-04,4N90E,29.39,210.239442072323,155,2011,6,4
2011-06-05,4N90E,29.380000000000003,210.15013888113654,156,2011,6,5
2011-06-06,4N90E,29.37,223.96,157,2011,6,6
2011-06-07,4N90E,29.37,268.42,158,2011,6,7
2011-06-08,4N90E,29.37,277.22,159,2011,6,8
2011-06-09,4N90E,29.33,201.95,160,2011,6,9
2011-06-10,4N90E,29.31,234.52,161,2011,6,10
2011-06-11,4N90E,29.32,264.02,162,2011,6,11
2011-06-12,4N90E,29.34,253.01,163,2011,6,12
2011-06-13,4N90E,29.29,285.58,164,2011,6,13
2011-06-14,4N90E,29.17,109.51,165,2011,6,14
2011-06-15,4N90E,29.19,184.78,166,2011,6,15
2011-06-16,4N90E,29.21,278.54,167,2011,6,16
2011-06-17,4N90E,29.19,291.75,168,2011,6,17
2011-06-18,4N90E,29.17,294.83,169,2011,6,18
2011-06-19,4N90E,29.23,286.91,170,2011,6,19
2011-06-20,4N90E,29.19,269.74,171,2011,6,20
2011-06-21,4N90E,29.21,289.99,172,2011,6,21
2011-06-22,4N90E,29.22,256.97,173,2011,6,22
2011-06-23,4N90E,29.32,279.86,174,2011,6,23
2011-06-24,4N90E,29.28,258.29,175,2011,6,24
2011-06-25,4N90E,29.19,210.31,176,2011,6,25
2011-06-26,4N90E,29.14,97.62,177,2011,6,26
2011-06-27,4N90E,29.11,211.63,178,2011,6,27
2011-06-28,4N90E,28.96,85.3,179,2011,6,28
2011-06-29,4N90E,28.89,36.88,180,2011,6,29
2011-06-30,4N90E,28.98,188.3,181,2011,6,30
2011-07-01,4N90E,28.9,94.98,182,2011,7,1
2011-07-02,4N90E,28.88,220.88,183,2011,7,2
2011-07-03,4N90E,28.86,201.95,184,2011,7,3
2011-07-04,4N90E,28.92,160.13,185,2011,7,4
2011-07-05,4N90E,28.9,259.61,186,2011,7,5
2011-07-06,4N90E,28.99,277.66,187,2011,7,6
2011-07-07,4N90E,28.98,282.94,188,2011,7,7
2011-07-08,4N90E,29.03,285.58,189,2011,7,8
2011-07-09,4N90E,29.0,249.05,190,2011,7,9
2011-07-10,4N90E,28.91,157.05,191,2011,7,10
2011-07-11,4N90E,28.8,132.4,192,2011,7,11
2011-07-12,4N90E,28.72,154.85,193,2011,7,12
2011-07-13,4N90E,28.66,87.06,194,2011,7,13
2011-07-14,4N90E,28.61,77.37,195,2011,7,14
2011-07-15,4N90E,28.58,220.88,196,2011,7,15
2011-07-16,4N90E,28.6,254.33,197,2011,7,16
2011-07-17,4N90E,28.7,293.07,198,2011,7,17
2011-07-18,4N90E,28.78,284.7,199,2011,7,18
2011-07-19,4N90E,28.78,272.82,200,2011,7,19
2011-07-20,4N90E,28.84,260.49,201,2011,7,20
2011-07-21,4N90E,28.73,95.42,202,2011,7,21
2011-07-22,4N90E,28.82,262.69,203,2011,7,22
2011-07-23,4N90E,28.79,231.88,204,2011,7,23
2011-07-24,4N90E,28.69,70.77,205,2011,7,24
2011-07-25,4N90E,28.72,150.89,206,2011,7,25
2011-07-26,4N90E,28.75,203.71,207,2011,7,26
2011-07-27,4N90E,28.73,200.19,208,2011,7,27
2011-07-28,4N90E,28.7,252.57,209,2011,7,28
2011-07-29,4N90E,28.69,258.29,210,2011,7,29
2011-07-30,4N90E,28.78,253.89,211,2011,7,30
2011-07-31,4N90E,28.84,227.04,212,2011,7,31
2011-08-01,4N90E,28.74,122.27,213,2011,8,1
2011-08-02,4N90E,28.74,141.2,214,2011,8,2
2011-08-03,4N90E,28.97,289.11,215,2011,8,3
2011-08-04,4N90E,28.94,279.86,216,2011,8,4
2011-08-05,4N90E,28.75,278.54,217,2011,8,5
2011-08-06,4N90E,29.01,300.55,218,2011,8,6
2011-08-07,4N90E,28.88,290.87,219,2011,8,7
2011-08-08,4N90E,28.84,274.14,220,2011,8,8
2011-08-09,4N90E,28.83,241.13,221,2011,8,9
2011-08-10,4N90E,28.87,254.33,222,2011,8,10
2011-08-11,4N90E,28.88,283.82,223,2011,8,11
2011-08-12,4N90E,28.98,303.63,224,2011,8,12
2011-08-13,4N90E,28.95,175.1,225,2011,8,13
2011-08-14,4N90E,28.91,201.51,226,2011,8,14
2011-08-15,4N90E,28.59,186.98,227,2011,8,15
2011-08-16,4N90E,28.67,295.71,228,2011,8,16
2011-08-17,4N90E,28.71,234.08,229,2011,8,17
2011-08-18,4N90E,28.76,282.5,230,2011,8,18
2011-08-19,4N90E,28.77,270.62,231,2011,8,19
2011-08-20,4N90E,28.78,243.77,232,2011,8,20
2011-08-21,4N90E,28.88,291.31,233,2011,8,21
2011-08-22,4N90E,28.83,275.02,234,2011,8,22
2011-08-23,4N90E,28.63,43.92,235,2011,8,23
2011-08-24,4N90E,28.57,71.21,236,2011,8,24
2011-08-25,4N90E,28.7,238.48,237,2011,8,25
2011-08-26,4N90E,29.15,266.22,238,2011,8,26
2011-08-27,4N90E,29.11,187.86,239,2011,8,27
2011-08-28,4N90E,29.07,74.29,240,2011,8,28
2011-08-29,4N90E,29.05,216.47,241,2011,8,29
2011-08-30,4N90E,29.01,282.5,242,2011,8,30
2011-08-31,4N90E,29.06,298.35,243,2011,8,31
2011-09-01,4N90E,29.02,227.48,244,2011,9,1
2011-09-02,4N90E,29.11,258.73,245,2011,9,2
2011-09-03,4N90E,29.05,155.73,246,2011,9,3
2011-09-04,4N90E,28.89,35.12,247,2011,9,4
2011-09-05,4N90E,29.0,224.4,248,2011,9,5
2011-09-06,4N90E,29.01,193.58,249,2011,9,6
2011-09-07,4N90E,29.1,270.62,250,2011,9,7
2011-09-08,4N90E,29.2,253.45,251,2011,9,8
2011-09-09,4N90E,29.17,285.14,252,2011,9,9
2011-09-10,4N90E,28.98,100.7,253,2011,9,10
2011-09-11,4N90E,28.87,147.8,254,2011,9,11
2011-09-12,4N90E,28.83,235.84,255,2011,9,12
2011-09-13,4N90E,28.8,161.45,256,2011,9,13
2011-09-14,4N90E,28.73,220.0,257,2011,9,14
2011-09-15,4N90E,28.72,162.77,258,2011,9,15
2011-09-16,4N90E,28.77,223.08,259,2011,9,16
2011-09-17,4N90E,28.89,282.94,260,2011,9,17
2011-09-18,4N90E,28.83,223.96,261,2011,9,18
2011-09-19,4N90E,28.84,202.39,262,2011,9,19
2011-09-20,4N90E,28.81,256.97,263,2011,9,20
2011-09-21,4N90E,28.82,251.25,264,2011,9,21
2011-09-22,4N90E,28.83,293.07,265,2011,9,22
2011-09-23,4N90E,28.81,251.69,266,2011,9,23
2011-09-24,4N90E,28.83,275.9,267,2011,9,24
2011-09-25,4N90E,29.03,157.05,268,2011,9,25
2011-09-26,4N90E,29.13,237.16,269,2011,9,26
2011-09-27,4N90E,29.04,260.49,270,2011,9,27
2011-09-28,4N90E,28.82,160.57,271,2011,9,28
2011-09-29,4N90E,28.7,249.93,272,2011,9,29
2011-09-30,4N90E,28.62,213.39,273,2011,9,30
2011-10-01,4N90E,28.51,158.37,274,2011,10,1
2011-10-02,4N90E,28.5,138.12,275,2011,10,2
2011-10-03,4N90E,28.59,261.81,276,2011,10,3
2011-10-04,4N90E,28.57,164.53,277,2011,10,4
2011-10-05,4N90E,28.44,211.63,278,2011,10,5
2011-10-06,4N90E,28.66,301.43,279,2011,10,6
2011-10-07,4N90E,28.59,268.86,280,2011,10,7
2011-10-08,4N90E,28.54,288.23,281,2011,10,8
2011-10-09,4N90E,28.43,131.08,282,2011,10,9
2011-10-10,4N90E,28.41,37.76,283,2011,10,10
2011-10-11,4N90E,28.44,135.04,284,2011,10,11
2011-10-12,4N90E,28.59,270.62,285,2011,10,12
2011-10-13,4N90E,28.77,288.67,286,2011,10,13
2011-10-14,4N90E,28.93,306.71,287,2011,10,14
2011-10-15,4N90E,29.19,314.2,288,2011,10,15
2011-10-16,4N90E,29.33,299.67,289,2011,10,16
2011-10-17,4N90E,29.29,289.55,290,2011,10,17
2011-10-18,4N90E,29.48,271.5,291,2011,10,18
2011-10-19,4N90E,29.47,219.12,292,2011,10,19
2011-10-20,4N90E,29.02,82.22,293,2011,10,20
2011-10-21,4N90E,29.24,221.76,294,2011,10,21
2011-10-22,4N90E,29.13,273.7,295,2011,10,22
2011-10-23,4N90E,28.93,48.76,296,2011,10,23
2011-10-24,4N90E,29.29,249.05,297,2011,10,24
2011-10-25,4N90E,29.42,284.26,298,2011,10,25
2011-10-26,4N90E,29.43,244.65,299,2011,10,26
2011-10-27,4N90E,29.21,117.87,300,2011,10,27
2011-10-28,4N90E,29.35,248.17,301,2011,10,28
2011-10-29,4N90E,29.62,216.03,302,2011,10,29
2011-10-30,4N90E,29.31,232.32,303,2011,10,30
2011-10-31,4N90E,29.13,207.67,304,2011,10,31
2011-11-01,4N90E,28.96,69.01,305,2011,11,1
2011-11-02,4N90E,28.9,50.08,306,2011,11,2
2011-11-03,4N90E,28.88,204.15,307,2011,11,3
2011-11-04,4N90E,28.92,106.87,308,2011,11,4
2011-11-05,4N90E,28.92,108.63,309,2011,11,5
2011-11-06,4N90E,29.08,219.12,310,2011,11,6
2011-11-07,4N90E,29.2,269.3,311,2011,11,7
2011-11-08,4N90E,29.04,270.62,312,2011,11,8
2011-11-09,4N90E,29.0,282.94,313,2011,11,9
2011-11-10,4N90E,29.0,242.89,314,2011,11,10
2011-11-11,4N90E,28.72,79.57,315,2011,11,11
2011-11-12,4N90E,28.87,188.74,316,2011,11,12
2011-11-13,4N90E,29.28,228.36,317,2011,11,13
2011-11-14,4N90E,29.43,278.1,318,2011,11,14
2011-11-15,4N90E,29.22,297.47,319,2011,11,15
2011-11-16,4N90E,29.44,288.23,320,2011,11,16
2011-11-17,4N90E,29.43,285.58,321,2011,11,17
2011-11-18,4N90E,29.52,241.13,322,2011,11,18
2011-11-19,4N90E,29.59,280.74,323,2011,11,19
2011-11-20,4N90E,29.58,274.14,324,2011,11,20
2011-11-21,4N90E,29.61,253.89,325,2011,11,21
2011-11-22,4N90E,29.57,244.65,326,2011,11,22
2011-11-23,4N90E,29.41,143.84,327,2011,11,23
2011-11-24,4N90E,29.62,222.2,328,2011,11,24
2011-11-25,4N90E,29.86,257.85,329,2011,11,25
2011-11-26,4N90E,29.53,33.35,330,2011,11,26
2011-11-27,4N90E,29.42,150.01,331,2011,11,27
2011-11-28,4N90E,29.18,193.58,332,2011,11,28
2011-11-29,4N90E,29.22,241.13,333,2011,11,29
2011-11-30,4N90E,29.23,106.43,334,2011,11,30
2011-12-01,4N90E,29.2,54.04,335,2011,12,1
2011-12-02,4N90E,29.24,200.19,336,2011,12,2
2011-12-03,4N90E,29.24,287.35,337,2011,12,3
2011-12-04,4N90E,29.51,283.38,338,2011,12,4
2011-12-05,4N90E,29.42,286.03,339,2011,12,5
2011-12-06,4N90E,29.41,282.5,340,2011,12,6
2011-12-07,4N90E,29.36,284.26,341,2011,12,7
2011-12-08,4N90E,29.36,223.96,342,2011,12,8
2011-12-09,4N90E,29.51,278.98,343,2011,12,9
2011-12-10,4N90E,29.53,279.42,344,2011,12,10
2011-12-11,4N90E,29.58,179.94,345,2011,12,11
2011-12-12,4N90E,29.41,76.93,346,2011,12,12
2011-12-13,4N90E,29.37,107.75,347,2011,12,13
2011-12-14,4N90E,29.45,273.26,348,2011,12,14
2011-12-15,4N90E,29.47,214.71,349,2011,12,15
2011-12-16,4N90E,29.31,131.08,350,2011,12,16
2011-12-17,4N90E,29.4,202.39,351,2011,12,17
2011-12-18,4N90E,29.62,240.25,352,2011,12,18
2011-12-19,4N90E,29.59,231.44,353,2011,12,19
2011-12-20,4N90E,29.47,64.61,354,2011,12,20
2011-12-21,4N90E,29.63,267.98,355,2011,12,21
2011-12-22,4N90E,29.44,87.5,356,2011,12,22
2011-12-23,4N90E,29.37,56.24,357,2011,12,23
2011-12-24,4N90E,29.23,163.65,358,2011,12,24
2011-12-25,4N90E,29.06,164.09,359,2011,12,25
2011-12-26,4N90E,28.93,231.44,360,2011,12,26
2011-12-27,4N90E,28.85,211.63,361,2011,12,27
2011-12-28,4N90E,29.02,274.58,362,2011,12,28
2011-12-29,4N90E,28.98,293.07,363,2011,12,29
2011-12-30,4N90E,29.19,298.35,364,2011,12,30
2011-12-31,4N90E,29.31,266.22,365,2011,12,31
2012-01-01,4N90E,29.25,263.14,1,2012,1,1
2012-01-02,4N90E,28.98,133.28,2,2012,1,2
2012-01-03,4N90E,29.24,280.74,3,2012,1,3
2012-01-04,4N90E,29.5,234.52,4,2012,1,4
2012-01-05,4N90E,29.65,242.45,5,2012,1,5
2012-01-06,4N90E,29.59,271.06,6,2012,1,6
2012-01-07,4N90E,29.32,152.65,7,2012,1,7
2012-01-08,4N90E,29.29,257.41,8,2012,1,8
2012-01-09,4N90E,29.23,270.62,9,2012,1,9
2012-01-10,4N90E,29.23,263.58,10,2012,1,10
2012-01-11,4N90E,29.48,234.52,11,2012,1,11
2012-01-12,4N90E,29.18,243.77,12,2012,1,12
2012-01-13,4N90E,29.17,207.23,13,2012,1,13
2012-01-14,4N90E,29.1,195.79,14,2012,1,14
2012-01-15,4N90E,29.12,201.51,15,2012,1,15
2012-01-16,4N90E,29.06,97.18,16,2012,1,16
2012-01-17,4N90E,29.12,241.13,17,2012,1,17
2012-01-18,4N90E,29.16,216.03,18,2012,1,18
2012-01-19,4N90E,29.49,275.02,19,2012,1,19
2012-01-20,4N90E,29.42,269.3,20,2012,1,20
2012-01-21,4N90E,29.37,273.26,21,2012,1,21
2012-01-22,4N90E,29.39,272.38,22,2012,1,22
2012-01-23,4N90E,29.27,256.53,23,2012,1,23
2012-01-24,4N90E,29.11,220.0,24,2012,1,24
2012-01-25,4N90E,28.92,194.47,25,2012,1,25
2012-01-26,4N90E,28.92,242.01,26,2012,1,26
2012-01-27,4N90E,28.9,208.11,27,2012,1,27
2012-01-28,4N90E,29.01,244.21,28,2012,1,28
2012-01-29,4N90E,29.07,228.8,29,2012,1,29
2012-01-30,4N90E,28.92,212.07,30,2012,1,30
2012-01-31,4N90E,28.91,243.77,31,2012,1,31
2012-02-01,4N90E,29.05,245.97,32,2012,2,1
2012-02-02,4N90E,29.18,235.84,33,2012,2,2
2012-02-03,4N90E,29.07,231.0,34,2012,2,3
2012-02-04,4N90E,29.54,282.5,35,2012,2,4
2012-02-05,4N90E,29.1,96.3,36,2012,2,5
2012-02-06,4N90E,29.29,287.35,37,2012,2,6
2012-02-07,4N90E,29.39,290.43,38,2012,2,7
2012-02-08,4N90E,29.47,300.55,39,2012,2,8
2012-02-09,4N90E,29.22,257.41,40,2012,2,9
2012-02-10,4N90E,29.18,184.78,41,2012,2,10
2012-02-11,4N90E,29.16,221.76,42,2012,2,11
2012-02-12,4N90E,29.11,161.45,43,2012,2,12
2012-02-13,4N90E,29.2,155.29,44,2012,2,13
2012-02-14,4N90E,29.3,127.56,45,2012,2,14
2012-02-15,4N90E,29.18,141.2,46,2012,2,15
2012-02-16,4N90E,29.12,137.24,47,2012,2,16
2012-02-17,4N90E,29.48,245.97,48,2012,2,17
2012-02-18,4N90E,29.22,131.52,49,2012,2,18
2012-02-19,4N90E,29.25,257.41,50,2012,2,19
2012-02-20,4N90E,29.35,249.93,51,2012,2,20
2012-02-21,4N90E,29.32,220.44,52,2012,2,21
2012-02-22,4N90E,29.3,177.74,53,2012,2,22
2012-02-23,4N90E,29.37,172.46,54,2012,2,23
2012-02-24,4N90E,29.12,16.63,55,2012,2,24
2012-02-25,4N90E,29.15,177.74,56,2012,2,25
2012-02-26,4N90E,29.31,216.91,57,2012,2,26
2012-02-27,4N90E,29.38,213.39,58,2012,2,27
2012-02-28,4N90E,29.11,96.74,59,2012,2,28
2012-02-29,4N90E,29.01,190.5,60,2012,2,29
2012-03-01,4N90E,29.05,291.75,61,2012,3,1
2012-03-02,4N90E,29.32,282.94,62,2012,3,2
2012-03-03,4N90E,29.16,163.65,63,2012,3,3
2012-03-04,4N90E,28.94,60.21,64,2012,3,4
2012-03-05,4N90E,28.98,137.68,65,2012,3,5
2012-03-06,4N90E,28.9,179.5,66,2012,3,6
2012-03-07,4N90E,28.71,173.34,67,2012,3,7
2012-03-08,4N90E,28.47,176.42,68,2012,3,8
2012-03-09,4N90E,28.54,190.06,69,2012,3,9
2012-03-10,4N90E,28.8,299.23,70,2012,3,10
2012-03-11,4N90E,29.29,277.22,71,2012,3,11
2012-03-12,4N90E,29.19,226.6,72,2012,3,12
2012-03-13,4N90E,29.17,284.26,73,2012,3,13
2012-03-14,4N90E,29.44,269.74,74,2012,3,14
2012-03-15,4N90E,29.89,311.56,75,2012,3,15
2012-03-16,4N90E,29.73,287.79,76,2012,3,16
2012-03-17,4N90E,29.75,244.21,77,2012,3,17
2012-03-18,4N90E,29.85,298.35,78,2012,3,18
2012-03-19,4N90E,29.97,307.15,79,2012,3,19
2012-03-20,4N90E,30.04,266.22,80,2012,3,20
2012-03-21,4N90E,29.97,309.36,81,2012,3,21
2012-03-22,4N90E,29.88,301.43,82,2012,3,22
2012-03-23,4N90E,29.93,299.67,83,2012,3,23
2012-03-24,4N90E,29.91,314.2,84,2012,3,24
2012-03-25,4N90E,29.65,105.11,85,2012,3,25
2012-03-26,4N90E,29.17,164.97,86,2012,3,26
2012-03-27,4N90E,29.22,304.07,87,2012,3,27
2012-03-28,4N90E,29.21,249.93,88,2012,3,28
2012-03-29,4N90E,29.96,328.72,89,2012,3,29
2012-03-30,4N90E,29.58,223.08,90,2012,3,30
2012-03-31,4N90E,29.54,112.15,91,2012,3,31
2012-04-01,4N90E,30.07,308.03,92,2012,4,1
2012-04-02,4N90E,30.12,271.06,93,2012,4,2
2012-04-03,4N90E,30.04,318.16,94,2012,4,3
2012-04-04,4N90E,29.83,300.11,95,2012,4,4
2012-04-05,4N90E,29.64,116.99,96,2012,4,5
2012-04-06,4N90E,30.21,293.95,97,2012,4,6
2012-04-07,4N90E,30.35,318.16,98,2012,4,7
2012-04-08,4N90E,29.71,108.63,99,2012,4,8
2012-04-09,4N90E,29.82,277.22,100,2012,4,9
2012-04-10,4N90E,29.87,136.8,101,2012,4,10
2012-04-11,4N90E,30.28,324.76,102,2012,4,11
2012-04-12,4N90E,30.03,209.87,103,2012,4,12
2012-04-13,4N90E,29.89,104.67,104,2012,4,13
2012-04-14,4N90E,30.12,220.88,105,2012,4,14
2012-04-15,4N90E,30.01,130.2,106,2012,4,15
2012-04-16,4N90E,30.07,283.38,107,2012,4,16
2012-04-17,4N90E,29.93,101.58,108,2012,4,17
2012-04-18,4N90E,29.77,98.5,109,2012,4,18
2012-04-19,4N90E,29.8,226.6,110,2012,4,19
2012-04-20,4N90E,29.62,176.42,111,2012,4,20
2012-04-21,4N90E,29.67,224.4,112,2012,4,21
2012-04-22,4N90E,29.76,308.03,113,2012,4,22
2012-04-23,4N90E,29.78,214.27,114,2012,4,23
2012-04-24,4N90E,30.09,277.22,115,2012,4,24
2012-04-25,4N90E,30.0,302.31,116,2012,4,25
2012-04-26,4N90E,30.37,304.51,117,2012,4,26
2012-04-27,4N90E,30.16,273.26,118,2012,4,27
2012-04-28,4N90E,29.8,23.67,119,2012,4,28
2012-04-29,4N90E,29.68,132.4,120,2012,4,29
2012-04-30,4N90E,29.57,65.93,121,2012,4,30
2012-05-01,4N90E,29.58,157.49,122,2012,5,1
2012-05-02,4N90E,29.67,298.79,123,2012,5,2
2012-05-03,4N90E,29.69,203.27,124,2012,5,3
2012-05-04,4N90E,29.61,106.87,125,2012,5,4
2012-05-05,4N90E,29.61,151.33,126,2012,5,5
2012-05-06,4N90E,29.67,299.23,127,2012,5,6
2012-05-07,4N90E,29.61,234.52,128,2012,5,7
2012-05-08,4N90E,29.67,293.95,129,2012,5,8
2012-05-09,4N90E,29.7,238.48,130,2012,5,9
2012-05-10,4N90E,30.01,303.19,131,2012,5,10
2012-05-11,4N90E,29.94,284.45500000000004,132,2012,5,11
2012-05-12,4N90E,29.87,265.72,133,2012,5,12
2012-05-13,4N90E,29.97,270.41,134,2012,5,13
2012-05-14,4N90E,29.83,260.55,135,2012,5,14
2012-05-15,4N90E,29.85,215.52,136,2012,5,15
2012-05-16,4N90E,29.82,282.6,137,2012,5,16
2012-05-17,4N90E,29.88,258.68,138,2012,5,17
2012-05-18,4N90E,29.86,234.75,139,2012,5,18
2012-05-19,4N90E,29.96,278.85,140,2012,5,19
2012-05-20,4N90E,29.94,281.67,141,2012,5,20
2012-05-21,4N90E,29.8,215.52,142,2012,5,21
2012-05-22,4N90E,29.76,167.67,143,2012,5,22
2012-05-23,4N90E,29.75,181.74,144,2012,5,23
2012-05-24,4N90E,29.68,56.95,145,2012,5,24
2012-05-25,4N90E,29.64,139.05,146,2012,5,25
2012-05-26,4N90E,29.56,77.12,147,2012,5,26
2012-05-27,4N90E,29.55,203.79,148,2012,5,27
2012-05-28,4N90E,29.54,201.91,149,2012,5,28
2012-05-29,4N90E,29.53,265.72,150,2012,5,29
2012-05-30,4N90E,29.42,155.94,151,2012,5,30
2012-05-31,4N90E,29.39,161.1,152,2012,5,31
2012-06-01,4N90E,29.31,82.28,153,2012,6,1
2012-06-02,4N90E,29.28,225.84,154,2012,6,2
2012-06-03,4N90E,29.27,279.79,155,2012,6,3
2012-06-04,4N90E,29.2,257.27,156,2012,6,4
2012-06-05,4N90E,29.17,162.04,157,2012,6,5
2012-06-06,4N90E,29.08,86.97,158,2012,6,6
2012-06-07,4N90E,28.97,197.69,159,2012,6,7
2012-06-08,4N90E,28.88,217.86,160,2012,6,8
2012-06-09,4N90E,28.84,253.05,161,2012,6,9
2012-06-10,4N90E,28.82,158.28,162,2012,6,10
2012-06-11,4N90E,28.85,248.83,163,2012,6,11
2012-06-12,4N90E,28.88,261.49,164,2012,6,12
2012-06-13,4N90E,28.91,263.84,165,2012,6,13
2012-06-14,4N90E,28.97,282.6,166,2012,6,14
2012-06-15,4N90E,29.05,281.67,167,2012,6,15
2012-06-16,4N90E,29.02,262.43,168,2012,6,16
2012-06-17,4N90E,28.99,230.06,169,2012,6,17
2012-06-18,4N90E,29.18,276.97,170,2012,6,18
2012-06-19,4N90E,29.2,246.48,171,2012,6,19
2012-06-20,4N90E,29.11,275.1,172,2012,6,20
2012-06-21,4N90E,29.18,284.48,173,2012,6,21
2012-06-22,4N90E,29.39,280.73,174,2012,6,22
2012-06-23,4N90E,29.31,281.2,175,2012,6,23
2012-06-24,4N90E,29.29,275.57,176,2012,6,24
2012-06-25,4N90E,29.34,291.05,177,2012,6,25
2012-06-26,4N90E,29.47,251.64,178,2012,6,26
2012-06-27,4N90E,29.13,261.49,179,2012,6,27
2012-06-28,4N90E,29.27,284.48,180,2012,6,28
2012-06-29,4N90E,29.2,251.17,181,2012,6,29
2012-06-30,4N90E,29.18,196.75,182,2012,6,30
2012-07-01,4N90E,29.13,209.42,183,2012,7,1
2012-07-02,4N90E,29.03,205.67,184,2012,7,2
2012-07-03,4N90E,29.03,165.79,185,2012,7,3
2012-07-04,4N90E,28.93,145.15,186,2012,7,4
2012-07-05,4N90E,28.95,200.51,187,2012,7,5
2012-07-06,4N90E,28.85,94.01,188,2012,7,6
2012-07-07,4N90E,28.91,139.52,189,2012,7,7
2012-07-08,4N90E,28.8,61.64,190,2012,7,8
2012-07-09,4N90E,28.8,176.58,191,2012,7,9
2012-07-10,4N90E,28.72,74.31,192,2012,7,10
2012-07-11,4N90E,28.77,261.02,193,2012,7,11
2012-07-12,4N90E,28.74,171.42,194,2012,7,12
2012-07-13,4N90E,28.69,113.72,195,2012,7,13
2012-07-14,4N90E,28.66,149.37,196,2012,7,14
2012-07-15,4N90E,28.63,208.01,197,2012,7,15
2012-07-16,4N90E,28.65,265.72,198,2012,7,16
2012-07-17,4N90E,28.7,276.04,199,2012,7,17
2012-07-18,4N90E,28.73,261.96,200,2012,7,18
2012-07-19,4N90E,28.7,237.1,201,2012,7,19
2012-07-20,4N90E,28.77,278.38,202,2012,7,20
2012-07-21,4N90E,28.72,206.14,203,2012,7,21
2012-07-22,4N90E,28.73,208.95,204,2012,7,22
2012-07-23,4N90E,28.69,256.8,205,2012,7,23
2012-07-24,4N90E,28.6,60.23,206,2012,7,24
2012-07-25,4N90E,28.67,264.31,207,2012,7,25
2012-07-26,4N90E,28.65,178.46,208,2012,7,26
2012-07-27,4N90E,28.66,281.67,209,2012,7,27
2012-07-28,4N90E,28.61,261.96,210,2012,7,28
2012-07-29,4N90E,28.7,248.36,211,2012,7,29
2012-07-30,4N90E,28.78,254.93,212,2012,7,30
2012-07-31,4N90E,28.76,275.1,213,2012,7,31
2012-08-01,4N90E,28.77,259.62,214,2012,8,1
2012-08-02,4N90E,28.75,260.55,215,2012,8,2
2012-08-03,4N90E,28.74,267.59,216,2012,8,3
2012-08-04,4N90E,28.79,284.48,217,2012,8,4
2012-08-05,4N90E,28.81,290.58,218,2012,8,5
2012-08-06,4N90E,28.92,296.21,219,2012,8,6
2012-08-07,4N90E,29.07,295.74,220,2012,8,7
2012-08-08,4N90E,29.24,236.16,221,2012,8,8
2012-08-09,4N90E,29.23,262.43,222,2012,8,9
2012-08-10,4N90E,29.16,279.32,223,2012,8,10
2012-08-11,4N90E,29.22,298.09,224,2012,8,11
2012-08-12,4N90E,29.51,310.28,225,2012,8,12
2012-08-13,4N90E,29.64,291.99,226,2012,8,13
2012-08-14,4N90E,29.96,300.43,227,2012,8,14
2012-08-15,4N90E,29.78,259.62,228,2012,8,15
2012-08-16,4N90E,29.37,187.37,229,2012,8,16
2012-08-17,4N90E,29.35,260.55,230,2012,8,17
2012-08-18,4N90E,29.21,102.93,231,2012,8,18
2012-08-19,4N90E,29.11,58.36,232,2012,8,19
2012-08-20,4N90E,29.0,196.28,233,2012,8,20
2012-08-21,4N90E,28.92,260.09,234,2012,8,21
2012-08-22,4N90E,28.84,241.32,235,2012,8,22
2012-08-23,4N90E,28.78,284.48,236,2012,8,23
2012-08-24,4N90E,28.9,250.23,237,2012,8,24
2012-08-25,4N90E,28.79,256.33,238,2012,8,25
2012-08-26,4N90E,28.75,233.81,239,2012,8,26
2012-08-27,4N90E,28.62,168.6,240,2012,8,27
2012-08-28,4N90E,28.53,52.26,241,2012,8,28
2012-08-29,4N90E,28.59,301.84,242,2012,8,29
2012-08-30,4N90E,28.54,238.97,243,2012,8,30
2012-08-31,4N90E,28.64,293.39,244,2012,8,31
2012-09-01,4N90E,28.68,276.04,245,2012,9,1
2012-09-02,4N90E,28.79,286.83,246,2012,9,2
2012-09-03,4N90E,28.83,298.55,247,2012,9,3
2012-09-04,4N90E,28.81,259.62,248,2012,9,4
2012-09-05,4N90E,28.82,288.23,249,2012,9,5
2012-09-06,4N90E,28.8,195.34,250,2012,9,6
2012-09-07,4N90E,28.98,307.94,251,2012,9,7
2012-09-08,4N90E,28.9,230.53,252,2012,9,8
2012-09-09,4N90E,28.73,132.95,253,2012,9,9
2012-09-10,4N90E,28.72,238.51,254,2012,9,10
2012-09-11,4N90E,28.67,116.06,255,2012,9,11
2012-09-12,4N90E,28.46,58.83,256,2012,9,12
2012-09-13,4N90E,28.53,236.16,257,2012,9,13
2012-09-14,4N90E,28.88,277.44,258,2012,9,14
2012-09-15,4N90E,28.65,89.32,259,2012,9,15
2012-09-16,4N90E,28.56,216.46,260,2012,9,16
2012-09-17,4N90E,28.59,240.38,261,2012,9,17
2012-09-18,4N90E,28.61,218.33,262,2012,9,18
2012-09-19,4N90E,28.64,135.76,263,2012,9,19
2012-09-20,4N90E,28.68,315.44,264,2012,9,20
2012-09-21,4N90E,29.21,294.33,265,2012,9,21
2012-09-22,4N90E,29.41,305.59,266,2012,9,22
2012-09-23,4N90E,29.53,299.96,267,2012,9,23
2012-09-24,4N90E,29.16,290.58,268,2012,9,24
2012-09-25,4N90E,28.9,203.32,269,2012,9,25
2012-09-26,4N90E,28.65,64.46,270,2012,9,26
2012-09-27,4N90E,28.52,223.96,271,2012,9,27
2012-09-28,4N90E,28.38,165.32,272,2012,9,28
2012-09-29,4N90E,28.37,261.96,273,2012,9,29
2012-09-30,4N90E,28.45,296.68,274,2012,9,30
2012-10-01,4N90E,28.5,245.07,275,2012,10,1
2012-10-02,4N90E,28.62,239.91,276,2012,10,2
2012-10-03,4N90E,28.82,307.47,277,2012,10,3
2012-10-04,4N90E,28.84,312.63,278,2012,10,4
2012-10-05,4N90E,29.37,307.0,279,2012,10,5
2012-10-06,4N90E,29.59,309.81,280,2012,10,6
2012-10-07,4N90E,29.53,301.84,281,2012,10,7
2012-10-08,4N90E,29.55,281.67,282,2012,10,8
2012-10-09,4N90E,29.35,290.11,283,2012,10,9
2012-10-10,4N90E,29.36,299.96,284,2012,10,10
2012-10-11,4N90E,29.78,315.91,285,2012,10,11
2012-10-12,4N90E,29.8,284.95,286,2012,10,12
2012-10-13,4N90E,29.74,205.67,287,2012,10,13
2012-10-14,4N90E,29.78,259.62,288,2012,10,14
2012-10-15,4N90E,29.6,160.16,289,2012,10,15
2012-10-16,4N90E,29.47,232.88,290,2012,10,16
2012-10-17,4N90E,29.31,68.68,291,2012,10,17
2012-10-18,4N90E,29.15,150.31,292,2012,10,18
2012-10-19,4N90E,28.97,302.31,293,2012,10,19
2012-10-20,4N90E,29.06,182.68,294,2012,10,20
2012-10-21,4N90E,29.17,53.2,295,2012,10,21
2012-10-22,4N90E,29.26,236.63,296,2012,10,22
2012-10-23,4N90E,29.43,277.91,297,2012,10,23
2012-10-24,4N90E,29.17,238.97,298,2012,10,24
2012-10-25,4N90E,29.01,80.41,299,2012,10,25
2012-10-26,4N90E,29.02,269.94,300,2012,10,26
2012-10-27,4N90E,29.08,234.75,301,2012,10,27
2012-10-28,4N90E,29.03,190.18,302,2012,10,28
2012-10-29,4N90E,28.89,123.57,303,2012,10,29
2012-10-30,4N90E,28.85,267.12,304,2012,10,30
2012-10-31,4N90E,29.0,208.95,305,2012,10,31
2012-11-01,4N90E,28.85,108.55,306,2012,11,1
2012-11-02,4N90E,28.97,121.22,307,2012,11,2
2012-11-03,4N90E,28.77,81.35,308,2012,11,3
2012-11-04,4N90E,29.06,207.54,309,2012,11,4
2012-11-05,4N90E,29.02,244.13,310,2012,11,5
2012-11-06,4N90E,28.72,27.86,311,2012,11,6
2012-11-07,4N90E,28.94,284.01,312,2012,11,7
2012-11-08,4N90E,28.93,127.32,313,2012,11,8
2012-11-09,4N90E,28.91,77.12,314,2012,11,9
2012-11-10,4N90E,28.74,60.23,315,2012,11,10
2012-11-11,4N90E,28.7,30.68,316,2012,11,11
2012-11-12,4N90E,28.66,53.67,317,2012,11,12
2012-11-13,4N90E,28.7,161.57,318,2012,11,13
2012-11-14,4N90E,28.69,236.16,319,2012,11,14
2012-11-15,4N90E,28.83,108.55,320,2012,11,15
2012-11-16,4N90E,28.95,220.21,321,2012,11,16
2012-11-17,4N90E,28.92,223.02,322,2012,11,17
2012-11-18,4N90E,29.12,261.49,323,2012,11,18
2012-11-19,4N90E,29.32,182.68,324,2012,11,19
2012-11-20,4N90E,29.41,254.46,325,2012,11,20
2012-11-21,4N90E,29.37,196.28,326,2012,11,21
2012-11-22,4N90E,29.81,262.9,327,2012,11,22
2012-11-23,4N90E,29.67,238.04,328,2012,11,23
2012-11-24,4N90E,29.55,269.47,329,2012,11,24
2012-11-25,4N90E,29.29,223.96,330,2012,11,25
2012-11-26,4N90E,29.27,175.17,331,2012,11,26
2012-11-27,4N90E,29.4,215.52,332,2012,11,27
2012-11-28,4N90E,29.4,231.94,333,2012,11,28
2012-11-29,4N90E,29.18,101.99,334,2012,11,29
2012-11-30,4N90E,29.01,75.25,335,2012,11,30
2012-12-01,4N90E,28.95,108.09,336,2012,12,1
2012-12-02,4N90E,29.23,250.7,337,2012,12,2
2012-12-03,4N90E,29.2,242.73,338,2012,12,3
2012-12-04,4N90E,29.26,265.72,339,2012,12,4
2012-12-05,4N90E,29.36,257.27,340,2012,12,5
2012-12-06,4N90E,29.24,249.76,341,2012,12,6
2012-12-07,4N90E,29.26,231.0,342,2012,12,7
2012-12-08,4N90E,29.34,251.64,343,2012,12,8
2012-12-09,4N90E,29.37,212.7,344,2012,12,9
2012-12-10,4N90E,29.4,217.39,345,2012,12,10
2012-12-11,4N90E,29.23,156.88,346,2012,12,11
2012-12-12,4N90E,29.39,265.72,347,2012,12,12
2012-12-13,4N90E,29.35,263.37,348,2012,12,13
2012-12-14,4N90E,29.16,124.51,349,2012,12,14
2012-12-15,4N90E,28.86,69.15,350,2012,12,15
2012-12-16,4N90E,29.18,270.41,351,2012,12,16
2012-12-17,4N90E,29.2,259.62,352,2012,12,17
2012-12-18,4N90E,29.19,171.89,353,2012,12,18
2012-12-19,4N90E,29.17,101.99,354,2012,12,19
2012-12-20,4N90E,29.13,124.51,355,2012,12,20
2012-12-21,4N90E,29.09,212.23,356,2012,12,21
2012-12-22,4N90E,29.46,268.06,357,2012,12,22
2012-12-23,4N90E,29.09,90.73,358,2012,12,23
2012-12-24,4N90E,29.11,136.23,359,2012,12,24
2012-12-25,4N90E,29.49,272.28,360,2012,12,25
2012-12-26,4N90E,29.2,163.91,361,2012,12,26
2012-12-27,4N90E,29.16,194.41,362,2012,12,27
2012-12-28,4N90E,29.12,171.89,363,2012,12,28
2012-12-29,4N90E,29.32,247.89,364,2012,12,29
2012-12-30,4N90E,29.57,244.6,365,2012,12,30
2012-12-31,4N90E,28.94,99.64,366,2012,12,31
2013-01-01,4N90E,29.03,269.0,1,2013,1,1
2013-01-02,4N90E,29.01,157.81,2,2013,1,2
2013-01-03,4N90E,29.04,183.62,3,2013,1,3
2013-01-04,4N90E,29.3,198.63,4,2013,1,4
2013-01-05,4N90E,29.28,170.48,5,2013,1,5
2013-01-06,4N90E,29.27,190.65,6,2013,1,6
2013-01-07,4N90E,29.1,212.7,7,2013,1,7
2013-01-08,4N90E,29.29,238.51,8,2013,1,8
2013-01-09,4N90E,29.17,135.3,9,2013,1,9
2013-01-10,4N90E,29.54,251.64,10,2013,1,10
2013-01-11,4N90E,29.31,273.69,11,2013,1,11
2013-01-12,4N90E,29.49,276.51,12,2013,1,12
2013-01-13,4N90E,29.31,201.44,13,2013,1,13
2013-01-14,4N90E,29.14,276.51,14,2013,1,14
2013-01-15,4N90E,29.07,127.32,15,2013,1,15
2013-01-16,4N90E,29.08,123.57,16,2013,1,16
2013-01-17,4N90E,28.99,41.47,17,2013,1,17
2013-01-18,4N90E,29.14,182.21,18,2013,1,18
2013-01-19,4N90E,29.13,181.27,19,2013,1,19
2013-01-20,4N90E,29.18,209.42,20,2013,1,20
2013-01-21,4N90E,29.26,227.25,21,2013,1,21
2013-01-22,4N90E,29.26,272.28,22,2013,1,22
2013-01-23,4N90E,29.2,187.37,23,2013,1,23
2013-01-24,4N90E,29.22,208.48,24,2013,1,24
2013-01-25,4N90E,29.22,208.01,25,2013,1,25
2013-01-26,4N90E,29.38,280.26,26,2013,1,26
2013-01-27,4N90E,29.14,243.67,27,2013,1,27
2013-01-28,4N90E,29.25,250.23,28,2013,1,28
2013-01-29,4N90E,29.16,250.23,29,2013,1,29
2013-01-30,4N90E,29.24,283.54,30,2013,1,30
2013-01-31,4N90E,29.29,281.2,31,2013,1,31
2013-02-01,4N90E,29.285,268.53,32,2013,2,1
2013-02-02,4N90E,29.28,177.99,33,2013,2,2
2013-02-03,4N90E,29.23,116.53,34,2013,2,3
2013-02-04,4N90E,29.21,173.3,35,2013,2,4
2013-02-05,4N90E,29.23,147.49,36,2013,2,5
2013-02-06,4N90E,29.25,172.83,37,2013,2,6
2013-02-07,4N90E,29.15,109.96,38,2013,2,7
2013-02-08,4N90E,29.18,194.88,39,2013,2,8
2013-02-09,4N90E,29.22,233.34,40,2013,2,9
2013-02-10,4N90E,29.23,216.93,41,2013,2,10
2013-02-11,4N90E,29.21,107.15,42,2013,2,11
2013-02-12,4N90E,29.221076923076925,298.09,43,2013,2,12
2013-02-13,4N90E,29.232153846153846,299.02,44,2013,2,13
2013-02-14,4N90E,29.24323076923077,250.7,45,2013,2,14
2013-02-15,4N90E,29.38693441651355,186.43,46,2013,2,15
2013-02-16,4N90E,29.389440019948847,171.89,47,2013,2,16
2013-02-17,4N90E,29.391945623384142,174.7,48,2013,2,17
2013-02-18,4N90E,29.39445122681944,294.33,49,2013,2,18
2013-02-19,4N90E,29.396956830254737,241.32,50,2013,2,19
2013-02-20,4N90E,29.399462433690033,253.05,51,2013,2,20
2013-02-21,4N90E,29.40196803712533,219.27,52,2013,2,21
2013-02-22,4N90E,29.404473640560624,279.32,53,2013,2,22
2013-02-23,4N90E,29.40697924399592,211.3,54,2013,2,23
2013-02-24,4N90E,29.40948484743122,219.74,55,2013,2,24
2013-02-25,4N90E,29.411990450866515,270.41,56,2013,2,25
2013-02-26,4N90E,29.41449605430181,268.53,57,2013,2,26
2013-02-27,4N90E,29.417001657737107,253.52,58,2013,2,27
2013-02-28,4N90E,29.419507261172402,289.17,59,2013,2,28
2013-03-01,4N90E,29.422012864607698,248.83,60,2013,3,1
2013-03-02,4N90E,29.424518468042997,218.8,61,2013,3,2
2013-03-03,4N90E,29.427024071478293,296.21,62,2013,3,3
2013-03-04,4N90E,29.42952967491359,221.62,63,2013,3,4
2013-03-05,4N90E,29.432035278348884,301.37,64,2013,3,5
2013-03-06,4N90E,29.43454088178418,266.18,65,2013,3,6
2013-03-07,4N90E,29.437046485219476,304.65,66,2013,3,7
2013-03-08,4N90E,29.439552088654775,245.07,67,2013,3,8
2013-03-09,4N90E,29.44205769209007,270.41,68,2013,3,9
2013-03-10,4N90E,29.444563295525366,299.02,69,2013,3,10
2013-03-11,4N90E,29.447068898960662,299.49,70,2013,3,11
2013-03-12,4N90E,29.449574502395958,305.12,71,2013,3,12
2013-03-13,4N90E,29.452080105831254,277.91,72,2013,3,13
2013-03-14,4N90E,29.454585709266553,288.23,73,2013,3,14
2013-03-15,4N90E,29.45709131270185,273.22,74,2013,3,15
2013-03-16,4N90E,29.459596916137144,256.33,75,2013,3,16
2013-03-17,4N90E,29.46210251957244,285.89,76,2013,3,17
2013-03-18,4N90E,29.464608123007736,251.17,77,2013,3,18
2013-03-19,4N90E,29.46711372644303,147.02,78,2013,3,19
2013-03-20,4N90E,29.469619329878327,280.73,79,2013,3,20
2013-03-21,4N90E,29.472124933313626,212.7,80,2013,3,21
2013-03-22,4N90E,29.474630536748922,293.86,81,2013,3,22
2013-03-23,4N90E,29.477136140184218,107.62,82,2013,3,23
2013-03-24,4N90E,29.479641743619514,271.81,83,2013,3,24
2013-03-25,4N90E,29.48214734705481,276.04,84,2013,3,25
2013-03-26,4N90E,29.484652950490105,275.1,85,2013,3,26
2013-03-27,4N90E,29.487158553925404,296.68,86,2013,3,27
2013-03-28,4N90E,29.4896641573607,306.06,87,2013,3,28
2013-03-29,4N90E,29.492169760795996,216.46,88,2013,3,29
2013-03-30,4N90E,29.49467536423129,284.95,89,2013,3,30
2013-03-31,4N90E,29.497180967666587,264.31,90,2013,3,31
2013-04-01,4N90E,29.499686571101883,188.78,91,2013,4,1
2013-04-02,4N90E,29.502192174537182,63.52,92,2013,4,2
2013-04-03,4N90E,29.504697777972478,175.17,93,2013,4,3
2013-04-04,4N90E,29.507203381407773,113.72,94,2013,4,4
2013-04-05,4N90E,29.50970898484307,86.51,95,2013,4,5
2013-04-06,4N90E,29.512214588278365,83.69,96,2013,4,6
2013-04-07,4N90E,29.51472019171366,260.55,97,2013,4,7
2013-04-08,4N90E,29.51722579514896,275.1,98,2013,4,8
2013-04-09,4N90E,29.519731398584256,267.12,99,2013,4,9
2013-04-10,4N90E,29.52223700201955,128.73,100,2013,4,10
2013-04-11,4N90E,29.524742605454847,241.79,101,2013,4,11
2013-04-12,4N90E,29.527248208890143,295.74,102,2013,4,12
2013-04-13,4N90E,29.52975381232544,264.31,103,2013,4,13
2013-04-14,4N90E,29.532259415760738,298.55,104,2013,4,14
2013-04-15,4N90E,29.534765019196033,240.85,105,2013,4,15
2013-04-16,4N90E,29.53727062263133,56.01,106,2013,4,16
2013-04-17,4N90E,29.93,227.25,107,2013,4,17
2013-04-18,4N90E,30.14,236.63,108,2013,4,18
2013-04-19,4N90E,30.35,250.7,109,2013,4,19
2013-04-20,4N90E,30.56,299.02,110,2013,4,20
2013-04-21,4N90E,30.49,238.97,111,2013,4,21
2013-04-22,4N90E,30.72,257.74,112,2013,4,22
2013-04-23,4N90E,30.47,307.0,113,2013,4,23
2013-04-24,4N90E,30.54,282.6,114,2013,4,24
2013-04-25,4N90E,30.61,279.32,115,2013,4,25
2013-04-26,4N90E,30.68,223.96,116,2013,4,26
2013-04-27,4N90E,29.553333138304005,283.54,117,2013,4,27
2013-04-28,4N90E,29.66710918918933,306.06,118,2013,4,28
2013-04-29,4N90E,30.89,229.12,119,2013,4,29
2013-04-30,4N90E,30.93,291.05,120,2013,4,30
2013-05-01,4N90E,30.69,267.12,121,2013,5,1
2013-05-02,4N90E,30.27,132.01,122,2013,5,2
2013-05-03,4N90E,30.16,238.51,123,2013,5,3
2013-05-04,4N90E,30.0,108.09,124,2013,5,4
2013-05-05,4N90E,29.86,65.86,125,2013,5,5
2013-05-06,4N90E,29.835,153.59,126,2013,5,6
2013-05-07,4N90E,29.81,118.41,127,2013,5,7
2013-05-08,4N90E,29.79,161.1,128,2013,5,8
2013-05-09,4N90E,29.58,14.73,129,2013,5,9
2013-05-10,4N90E,29.45,55.07,130,2013,5,10
2013-05-11,4N90E,29.32,140.93,131,2013,5,11
2013-05-12,4N90E,29.34,225.84,132,2013,5,12
2013-05-13,4N90E,29.37,162.51,133,2013,5,13
2013-05-14,4N90E,29.33,177.52,134,2013,5,14
2013-05-15,4N90E,29.336875,212.23,135,2013,5,15
2013-05-16,4N90E,29.34375,232.88,136,2013,5,16
2013-05-17,4N90E,29.350624999999997,228.65,137,2013,5,17
2013-05-18,4N90E,29.313367305190354,226.31,138,2013,5,18
2013-05-19,4N90E,29.314099223442344,275.57,139,2013,5,19
2013-05-20,4N90E,29.31483114169433,236.63,140,2013,5,20
2013-05-21,4N90E,29.31556305994632,279.79,141,2013,5,21
2013-05-22,4N90E,29.31629497819831,282.6,142,2013,5,22
2013-05-23,4N90E,29.3170268964503,265.72,143,2013,5,23
2013-05-24,4N90E,29.317758814702287,223.02,144,2013,5,24
2013-05-25,4N90E,29.318490732954277,216.93,145,2013,5,25
2013-05-26,4N90E,29.319222651206267,107.15,146,2013,5,26
2013-05-27,4N90E,29.319954569458258,91.2,147,2013,5,27
2013-05-28,4N90E,29.320686487710244,228.65,148,2013,5,28
2013-05-29,4N90E,29.321418405962234,294.33,149,2013,5,29
2013-05-30,4N90E,29.44,278.85,150,2013,5,30
2013-05-31,4N90E,29.57,256.8,151,2013,5,31
2013-06-01,4N90E,29.51,240.38,152,2013,6,1
2013-06-02,4N90E,29.49246575342466,261.49,153,2013,6,2
2013-06-03,4N90E,29.474931506849316,126.85,154,2013,6,3
2013-06-04,4N90E,29.457397260273975,53.67,155,2013,6,4
2013-06-05,4N90E,29.50025887569189,248.36,156,2013,6,5
2013-06-06,4N90E,29.49990940170418,63.52,157,2013,6,6
2013-06-07,4N90E,29.49955992771647,145.15,158,2013,6,7
2013-06-08,4N90E,29.499210453728757,177.05,159,2013,6,8
2013-06-09,4N90E,29.498860979741043,154.53,160,2013,6,9
2013-06-10,4N90E,29.49851150575333,229.59,161,2013,6,10
2013-06-11,4N90E,29.49816203176562,116.06,162,2013,6,11
2013-06-12,4N90E,29.49781255777791,117.47,163,2013,6,12
2013-06-13,4N90E,29.497463083790198,162.97,164,2013,6,13
2013-06-14,4N90E,29.497113609802486,271.34,165,2013,6,14
2013-06-15,4N90E,29.496764135814775,250.23,166,2013,6,15
2013-06-16,4N90E,29.496414661827064,257.74,167,2013,6,16
2013-06-17,4N90E,29.496065187839353,167.2,168,2013,6,17
2013-06-18,4N90E,29.495715713851638,104.33,169,2013,6,18
2013-06-19,4N90E,29.495366239863927,238.97,170,2013,6,19
2013-06-20,4N90E,29.495016765876215,261.02,171,2013,6,20
2013-06-21,4N90E,29.494667291888504,262.9,172,2013,6,21
2013-06-22,4N90E,29.494317817900793,271.34,173,2013,6,22
2013-06-23,4N90E,29.49396834391308,102.46,174,2013,6,23
2013-06-24,4N90E,29.49361886992537,236.16,175,2013,6,24
2013-06-25,4N90E,29.49326939593766,255.86,176,2013,6,25
2013-06-26,4N90E,29.492919921949944,201.91,177,2013,6,26
2013-06-27,4N90E,29.492570447962233,257.27,178,2013,6,27
2013-06-28,4N90E,29.492220973974522,262.43,179,2013,6,28
2013-06-29,4N90E,29.49187149998681,276.97,180,2013,6,29
2013-06-30,4N90E,29.4915220259991,281.67,181,2013,6,30
2013-07-01,4N90E,29.49117255201139,232.88,182,2013,7,1
2013-07-02,4N90E,29.490823078023677,202.85,183,2013,7,2
2013-07-03,4N90E,29.490473604035966,60.23,184,2013,7,3
2013-07-04,4N90E,29.490124130048255,210.36,185,2013,7,4
2013-07-05,4N90E,29.48977465606054,253.05,186,2013,7,5
2013-07-06,4N90E,29.48942518207283,152.18,187,2013,7,6
2013-07-07,4N90E,29.489075708085117,186.43,188,2013,7,7
2013-07-08,4N90E,29.488726234097406,108.09,189,2013,7,8
2013-07-09,4N90E,29.488376760109695,151.25,190,2013,7,9
2013-07-10,4N90E,29.488027286121984,189.72,191,2013,7,10
2013-07-11,4N90E,29.487677812134272,286.36,192,2013,7,11
2013-07-12,4N90E,29.48732833814656,208.48,193,2013,7,12
2013-07-13,4N90E,29.48697886415885,257.27,194,2013,7,13
2013-07-14,4N90E,29.486629390171135,235.69,195,2013,7,14
2013-07-15,4N90E,29.486279916183424,184.55,196,2013,7,15
2013-07-16,4N90E,29.485930442195713,260.09,197,2013,7,16
2013-07-17,4N90E,29.485580968208,208.01,198,2013,7,17
2013-07-18,4N90E,29.48523149422029,217.39,199,2013,7,18
2013-07-19,4N90E,29.48488202023258,253.99,200,2013,7,19
2013-07-20,4N90E,29.484532546244868,276.97,201,2013,7,20
2013-07-21,4N90E,29.484183072257157,206.6,202,2013,7,21
2013-07-22,4N90E,29.483833598269445,291.52,203,2013,7,22
2013-07-23,4N90E,29.48348412428173,276.97,204,2013,7,23
2013-07-24,4N90E,29.48313465029402,215.52,205,2013,7,24
2013-07-25,4N90E,29.482785176306308,284.95,206,2013,7,25
2013-07-26,4N90E,29.482435702318597,283.07,207,2013,7,26
2013-07-27,4N90E,29.482086228330886,218.33,208,2013,7,27
2013-07-28,4N90E,29.481736754343174,232.41,209,2013,7,28
2013-07-29,4N90E,29.481387280355463,218.33,210,2013,7,29
2013-07-30,4N90E,29.481037806367752,210.83,211,2013,7,30
2013-07-31,4N90E,29.480688332380037,236.16,212,2013,7,31
2013-08-01,4N90E,29.480338858392326,161.1,213,2013,8,1
2013-08-02,4N90E,29.479989384404615,212.7,214,2013,8,2
2013-08-03,4N90E,29.479639910416903,145.15,215,2013,8,3
2013-08-04,4N90E,29.479290436429192,87.91,216,2013,8,4
2013-08-05,4N90E,29.47894096244148,51.79,217,2013,8,5
2013-08-06,4N90E,29.47859148845377,100.11,218,2013,8,6
2013-08-07,4N90E,29.47824201446606,213.64,219,2013,8,7
2013-08-08,4N90E,29.477892540478347,67.74,220,2013,8,8
2013-08-09,4N90E,29.477543066490632,109.49,221,2013,8,9
2013-08-10,4N90E,29.47719359250292,134.36,222,2013,8,10
2013-08-11,4N90E,29.47684411851521,179.39,223,2013,8,11
2013-08-12,4N90E,29.4764946445275,269.94,224,2013,8,12
2013-08-13,4N90E,28.23,95.89,225,2013,8,13
2013-08-14,4N90E,28.19,84.16,226,2013,8,14
2013-08-15,4N90E,28.18,155.47,227,2013,8,15
2013-08-16,4N90E,28.21,232.88,228,2013,8,16
2013-08-17,4N90E,28.245,297.62,229,2013,8,17
2013-08-18,4N90E,28.28,256.33,230,2013,8,18
2013-08-19,4N90E,28.41,304.18,231,2013,8,19
2013-08-20,4N90E,28.37,229.59,232,2013,8,20
2013-08-21,4N90E,28.34,284.95,233,2013,8,21
2013-08-22,4N90E,28.34,242.26,234,2013,8,22
2013-08-23,4N90E,28.45,233.34,235,2013,8,23
2013-08-24,4N90E,28.56,236.16,236,2013,8,24
2013-08-25,4N90E,28.566666666666666,287.3,237,2013,8,25
2013-08-26,4N90E,28.57333333333333,291.05,238,2013,8,26
2013-08-27,4N90E,28.58,277.91,239,2013,8,27
2013-08-28,4N90E,28.58,257.74,240,2013,8,28
2013-08-29,4N90E,28.64,256.8,241,2013,8,29
2013-08-30,4N90E,28.56,181.74,242,2013,8,30
2013-08-31,4N90E,28.58,275.57,243,2013,8,31
2013-09-01,4N90E,28.6,155.94,244,2013,9,1
2013-09-02,4N90E,28.5575,90.73,245,2013,9,2
2013-09-03,4N90E,28.515,147.96,246,2013,9,3
2013-09-04,4N90E,28.4725,158.75,247,2013,9,4
2013-09-05,4N90E,28.43,225.84,248,2013,9,5
2013-09-06,4N90E,28.44,201.44,249,2013,9,6
2013-09-07,4N90E,28.45,252.58,250,2013,9,7
2013-09-08,4N90E,28.46,289.64,251,2013,9,8
2013-09-09,4N90E,28.443333333333335,219.74,252,2013,9,9
2013-09-10,4N90E,28.426666666666666,63.05,253,2013,9,10
2013-09-11,4N90E,28.41,99.64,254,2013,9,11
2013-09-12,4N90E,29.495002012322534,277.44,255,2013,9,12
2013-09-13,4N90E,29.508481978316034,307.0,256,2013,9,13
2013-09-14,4N90E,28.36,273.69,257,2013,9,14
2013-09-15,4N90E,28.358,251.17,258,2013,9,15
2013-09-16,4N90E,28.356,217.86,259,2013,9,16
2013-09-17,4N90E,28.354,268.06,260,2013,9,17
2013-09-18,4N90E,29.631886884859192,287.76,261,2013,9,18
2013-09-19,4N90E,28.35,260.55,262,2013,9,19
2013-09-20,4N90E,28.37,262.9,263,2013,9,20
2013-09-21,4N90E,28.32,251.17,264,2013,9,21
2013-09-22,4N90E,28.35,234.28,265,2013,9,22
2013-09-23,4N90E,28.38,264.78,266,2013,9,23
2013-09-24,4N90E,28.4,243.67,267,2013,9,24
2013-09-25,4N90E,28.46,252.11,268,2013,9,25
2013-09-26,4N90E,28.53,272.28,269,2013,9,26
2013-09-27,4N90E,28.58,263.37,270,2013,9,27
2013-09-28,4N90E,28.56,279.79,271,2013,9,28
2013-09-29,4N90E,28.555999999999997,289.17,272,2013,9,29
2013-09-30,4N90E,28.552,284.01,273,2013,9,30
2013-10-01,4N90E,28.548,246.95,274,2013,10,1
2013-10-02,4N90E,29.025578787696894,175.64,275,2013,10,2
2013-10-03,4N90E,28.54,83.69,276,2013,10,3
2013-10-04,4N90E,28.740000000000002,284.95,277,2013,10,4
2013-10-05,4N90E,28.94,283.54,278,2013,10,5
2013-10-06,4N90E,28.89,276.51,279,2013,10,6
2013-10-07,4N90E,28.69,126.85,280,2013,10,7
2013-10-08,4N90E,28.66,239.44,281,2013,10,8
2013-10-09,4N90E,28.7,290.11,282,2013,10,9
2013-10-10,4N90E,28.78,283.54,283,2013,10,10
2013-10-11,4N90E,28.82,281.2,284,2013,10,11
2013-10-12,4N90E,28.85058823529412,201.44,285,2013,10,12
2013-10-13,4N90E,28.881176470588237,279.79,286,2013,10,13
2013-10-14,4N90E,28.91176470588235,270.41,287,2013,10,14
2013-10-15,4N90E,29.38073785799982,276.51,288,2013,10,15
2013-10-16,4N90E,29.387986073307296,201.91,289,2013,10,16
2013-10-17,4N90E,29.395234288614777,24.11,290,2013,10,17
2013-10-18,4N90E,29.402482503922258,105.74,291,2013,10,18
2013-10-19,4N90E,29.40973071922974,67.27,292,2013,10,19
2013-10-20,4N90E,29.416978934537216,38.18,293,2013,10,20
2013-10-21,4N90E,29.424227149844697,134.36,294,2013,10,21
2013-10-22,4N90E,29.431475365152178,182.68,295,2013,10,22
2013-10-23,4N90E,29.438723580459655,256.33,296,2013,10,23
2013-10-24,4N90E,29.445971795767136,268.06,297,2013,10,24
2013-10-25,4N90E,29.453220011074617,294.33,298,2013,10,25
2013-10-26,4N90E,29.460468226382098,292.46,299,2013,10,26
2013-10-27,4N90E,29.467716441689575,287.3,300,2013,10,27
2013-10-28,4N90E,29.34,278.38,301,2013,10,28
2013-10-29,4N90E,29.31,257.74,302,2013,10,29
2013-10-30,4N90E,28.92,140.93,303,2013,10,30
2013-10-31,4N90E,29.17,284.95,304,2013,10,31
2013-11-01,4N90E,29.21,234.28,305,2013,11,1
2013-11-02,4N90E,29.62,260.55,306,2013,11,2
2013-11-03,4N90E,29.55,245.54,307,2013,11,3
2013-11-04,4N90E,29.62,248.36,308,2013,11,4
2013-11-05,4N90E,29.61841432225064,273.22,309,2013,11,5
2013-11-06,4N90E,29.61682864450128,226.78,310,2013,11,6
2013-11-07,4N90E,29.615242966751918,272.28,311,2013,11,7
2013-11-08,4N90E,29.186536774980578,249.76,312,2013,11,8
2013-11-09,4N90E,29.186212460710788,139.05,313,2013,11,9
2013-11-10,4N90E,29.185888146440995,194.88,314,2013,11,10
2013-11-11,4N90E,29.185563832171205,239.91,315,2013,11,11
2013-11-12,4N90E,29.185239517901415,208.48,316,2013,11,12
2013-11-13,4N90E,29.184915203631626,208.01,317,2013,11,13
2013-11-14,4N90E,29.184590889361836,65.39,318,2013,11,14
2013-11-15,4N90E,29.184266575092042,160.63,319,2013,11,15
2013-11-16,4N90E,29.183942260822253,171.89,320,2013,11,16
2013-11-17,4N90E,29.183617946552463,238.51,321,2013,11,17
2013-11-18,4N90E,29.183293632282673,278.38,322,2013,11,18
2013-11-19,4N90E,29.18296931801288,188.31,323,2013,11,19
2013-11-20,4N90E,29.18264500374309,272.28,324,2013,11,20
2013-11-21,4N90E,29.1823206894733,283.07,325,2013,11,21
2013-11-22,4N90E,29.18199637520351,269.47,326,2013,11,22
2013-11-23,4N90E,29.18167206093372,204.26,327,2013,11,23
2013-11-24,4N90E,29.181347746663928,258.68,328,2013,11,24
2013-11-25,4N90E,29.181023432394138,254.93,329,2013,11,25
2013-11-26,4N90E,29.18069911812435,198.63,330,2013,11,26
2013-11-27,4N90E,29.18037480385456,254.46,331,2013,11,27
2013-11-28,4N90E,29.18005048958477,224.9,332,2013,11,28
2013-11-29,4N90E,29.179726175314975,108.55,333,2013,11,29
2013-11-30,4N90E,29.179401861045186,229.12,334,2013,11,30
2013-12-01,4N90E,29.179077546775396,162.97,335,2013,12,1
2013-12-02,4N90E,29.178753232505606,109.02,336,2013,12,2
2013-12-03,4N90E,29.178428918235813,132.48,337,2013,12,3
2013-12-04,4N90E,29.178104603966023,226.78,338,2013,12,4
2013-12-05,4N90E,29.177780289696233,164.38,339,2013,12,5
2013-12-06,4N90E,29.177455975426444,210.83,340,2013,12,6
2013-12-07,4N90E,29.177131661156654,125.91,341,2013,12,7
2013-12-08,4N90E,29.17680734688686,187.37,342,2013,12,8
2013-12-09,4N90E,29.17648303261707,108.09,343,2013,12,9
2013-12-10,4N90E,29.17615871834728,185.02,344,2013,12,10
2013-12-11,4N90E,29.17583440407749,138.58,345,2013,12,11
2013-12-12,4N90E,29.1755100898077,194.41,346,2013,12,12
2013-12-13,4N90E,29.17518577553791,240.38,347,2013,12,13
2013-12-14,4N90E,29.17486146126812,215.52,348,2013,12,14
2013-12-15,4N90E,29.17453714699833,194.88,349,2013,12,15
2013-12-16,4N90E,29.17421283272854,189.25,350,2013,12,16
2013-12-17,4N90E,29.173888518458746,235.22,351,2013,12,17
2013-12-18,4N90E,29.173564204188956,253.99,352,2013,12,18
2013-12-19,4N90E,29.173239889919167,254.46,353,2013,12,19
2013-12-20,4N90E,29.172915575649377,254.46181556195967,354,2013,12,20
2013-12-21,4N90E,29.172591261379587,254.46363112391933,355,2013,12,21
2013-12-22,4N90E,29.172266947109794,254.46544668587896,356,2013,12,22
2013-12-23,4N90E,29.171942632840004,268.2533434625452,357,2013,12,23
2013-12-24,4N90E,29.171618318570214,268.28197501066194,358,2013,12,24
2013-12-25,4N90E,29.171294004300425,268.31060655877866,359,2013,12,25
2013-12-26,4N90E,29.170969690030635,268.33923810689544,360,2013,12,26
2013-12-27,4N90E,29.17064537576084,268.36786965501216,361,2013,12,27
2013-12-28,4N90E,29.17032106149105,268.3965012031289,362,2013,12,28
2013-12-29,4N90E,29.169996747221262,268.4251327512456,363,2013,12,29
2013-12-30,4N90E,29.169672432951472,268.4537642993623,364,2013,12,30
2013-12-31,4N90E,29.16934811868168,268.48239584747904,365,2013,12,31
2014-01-01,4N90E,29.16902380441189,268.51102739559576,1,2014,1,1
2014-01-02,4N90E,29.1686994901421,268.53965894371254,2,2014,1,2
2014-01-03,4N90E,29.16837517587231,268.56829049182926,3,2014,1,3
2014-01-04,4N90E,29.16805086160252,268.596922039946,4,2014,1,4
2014-01-05,4N90E,29.167726547332727,268.6255535880627,5,2014,1,5
2014-01-06,4N90E,29.167402233062937,268.6541851361794,6,2014,1,6
2014-01-07,4N90E,29.167077918793147,268.68281668429614,7,2014,1,7
2014-01-08,4N90E,29.166753604523358,268.7114482324129,8,2014,1,8
2014-01-09,4N90E,29.166429290253568,268.74007978052964,9,2014,1,9
2014-01-10,4N90E,29.166104975983774,268.76871132864636,10,2014,1,10
2014-01-11,4N90E,29.165780661713985,268.7973428767631,11,2014,1,11
2014-01-12,4N90E,29.165456347444195,268.8259744248798,12,2014,1,12
2014-01-13,4N90E,29.165132033174405,268.8546059729965,13,2014,1,13
2014-01-14,4N90E,29.164807718904612,268.88323752111324,14,2014,1,14
2014-01-15,4N90E,29.164483404634822,268.91186906923,15,2014,1,15
2014-01-16,4N90E,29.164159090365033,268.94050061734674,16,2014,1,16
2014-01-17,4N90E,29.163834776095243,268.96913216546346,17,2014,1,17
2014-01-18,4N90E,29.163510461825453,268.9977637135802,18,2014,1,18
2014-01-19,4N90E,29.16318614755566,269.0263952616969,19,2014,1,19
2014-01-20,4N90E,29.16286183328587,269.0550268098136,20,2014,1,20
2014-01-21,4N90E,29.16253751901608,269.08365835793035,21,2014,1,21
2014-01-22,4N90E,29.16221320474629,269.1122899060471,22,2014,1,22
2014-01-23,4N90E,29.1618888904765,269.14092145416384,23,2014,1,23
2014-01-24,4N90E,29.161564576206707,269.16955300228057,24,2014,1,24
2014-01-25,4N90E,29.161240261936918,269.1981845503973,25,2014,1,25
2014-01-26,4N90E,29.160915947667128,269.226816098514,26,2014,1,26
2014-01-27,4N90E,29.16059163339734,269.2554476466307,27,2014,1,27
2014-01-28,4N90E,29.160267319127545,269.28407919474745,28,2014,1,28
2014-01-29,4N90E,29.159943004857755,269.3127107428642,29,2014,1,29
2014-01-30,4N90E,29.159618690587966,269.34134229098095,30,2014,1,30
2014-01-31,4N90E,29.159294376318176,269.36997383909767,31,2014,1,31
2014-02-01,4N90E,29.158970062048386,269.3986053872144,32,2014,2,1
2014-02-02,4N90E,29.158645747778593,269.4272369353311,33,2014,2,2
2014-02-03,4N90E,29.158321433508803,269.45586848344783,34,2014,2,3
2014-02-04,4N90E,29.157997119239013,269.4845000315646,35,2014,2,4
2014-02-05,4N90E,29.157672804969224,269.5131315796813,36,2014,2,5
2014-02-06,4N90E,29.157348490699434,269.54176312779805,37,2014,2,6
2014-02-07,4N90E,29.15702417642964,269.57039467591477,38,2014,2,7
2014-02-08,4N90E,29.15669986215985,269.5990262240315,39,2014,2,8
2014-02-09,4N90E,29.15637554789006,269.6276577721482,40,2014,2,9
2014-02-10,4N90E,29.15605123362027,269.65628932026493,41,2014,2,10
2014-02-11,4N90E,29.155726919350478,269.6849208683817,42,2014,2,11
2014-02-12,4N90E,29.15540260508069,269.71355241649843,43,2014,2,12
2014-02-13,4N90E,29.1550782908109,269.74218396461515,44,2014,2,13
2014-02-14,4N90E,29.15475397654111,269.7708155127319,45,2014,2,14
2014-02-15,4N90E,29.15442966227132,269.7994470608486,46,2014,2,15
2014-02-16,4N90E,29.154105348001526,269.8280786089653,47,2014,2,16
2014-02-17,4N90E,29.153781033731736,269.85671015708203,48,2014,2,17
2014-02-18,4N90E,29.153456719461946,269.8853417051988,49,2014,2,18
2014-02-19,4N90E,29.153132405192157,269.91397325331553,50,2014,2,19
2014-02-20,4N90E,29.152808090922367,269.94260480143225,51,2014,2,20
2014-02-21,4N90E,29.152483776652574,269.971236349549,52,2014,2,21
2014-02-22,4N90E,29.152159462382784,269.9998678976657,53,2014,2,22
2014-02-23,4N90E,29.151835148112994,270.0284994457824,54,2014,2,23
2014-02-24,4N90E,29.151510833843204,270.05713099389914,55,2014,2,24
2014-02-25,4N90E,29.15118651957341,270.0857625420159,56,2014,2,25
2014-02-26,4N90E,29.15086220530362,270.11439409013263,57,2014,2,26
2014-02-27,4N90E,29.15053789103383,270.14302563824936,58,2014,2,27
2014-02-28,4N90E,29.150213576764042,270.1716571863661,59,2014,2,28
2014-03-01,4N90E,29.149889262494252,270.2002887344828,60,2014,3,1
2014-03-02,4N90E,29.14956494822446,270.2289202825995,61,2014,3,2
2014-03-03,4N90E,29.14924063395467,270.2575518307163,62,2014,3,3
2014-03-04,4N90E,29.14891631968488,270.286183378833,63,2014,3,4
2014-03-05,4N90E,29.14859200541509,270.31481492694974,64,2014,3,5
2014-03-06,4N90E,29.1482676911453,270.34344647506646,65,2014,3,6
2014-03-07,4N90E,29.147943376875507,270.3720780231832,66,2014,3,7
2014-03-08,4N90E,29.147619062605717,270.4007095712999,67,2014,3,8
2014-03-09,4N90E,29.147294748335927,270.4293411194166,68,2014,3,9
2014-03-10,4N90E,29.146970434066137,270.4579726675334,69,2014,3,10
2014-03-11,4N90E,29.146646119796344,270.4866042156501,70,2014,3,11
2014-03-12,4N90E,29.146321805526554,270.51523576376684,71,2014,3,12
2014-03-13,4N90E,29.145997491256765,270.54386731188356,72,2014,3,13
2014-03-14,4N90E,29.145673176986975,270.5724988600003,73,2014,3,14
2014-03-15,4N90E,29.145348862717185,270.601130408117,74,2014,3,15
2014-03-16,4N90E,29.14502454844739,270.6297619562337,75,2014,3,16
2014-03-17,4N90E,29.144700234177602,270.6583935043505,76,2014,3,17
2014-03-18,4N90E,29.144375919907812,270.6870250524672,77,2014,3,18
2014-03-19,4N90E,29.144051605638023,270.71565660058394,78,2014,3,19
2014-03-20,4N90E,29.143727291368233,270.74428814870066,79,2014,3,20
2014-03-21,4N90E,29.14340297709844,270.7729196968174,80,2014,3,21
2014-03-22,4N90E,29.14307866282865,270.8015512449341,81,2014,3,22
2014-03-23,4N90E,29.14275434855886,270.8301827930508,82,2014,3,23
2014-03-24,4N90E,29.14243003428907,270.8588143411676,83,2014,3,24
2014-03-25,4N90E,29.142105720019277,270.8874458892843,84,2014,3,25
2014-03-26,4N90E,29.141781405749487,270.91607743740104,85,2014,3,26
2014-03-27,4N90E,29.141457091479698,270.94470898551776,86,2014,3,27
2014-03-28,4N90E,29.141132777209908,270.9733405336345,87,2014,3,28
2014-03-29,4N90E,29.140808462940118,271.0019720817512,88,2014,3,29
2014-03-30,4N90E,29.140484148670325,271.030603629868,89,2014,3,30
2014-03-31,4N90E,29.140159834400535,271.0592351779847,90,2014,3,31
2014-04-01,4N90E,29.139835520130745,271.0878667261014,91,2014,4,1
2014-04-02,4N90E,29.139511205860956,271.11649827421815,92,2014,4,2
2014-04-03,4N90E,29.139186891591166,271.14512982233487,93,2014,4,3
2014-04-04,4N90E,29.138862577321373,271.1737613704516,94,2014,4,4
2014-04-05,4N90E,29.138538263051583,271.2023929185683,95,2014,4,5
2014-04-06,4N90E,29.138213948781793,271.2310244666851,96,2014,4,6
2014-04-07,4N90E,29.137889634512003,271.2596560148018,97,2014,4,7
2014-04-08,4N90E,29.13756532024221,271.2882875629185,98,2014,4,8
2014-04-09,4N90E,29.13724100597242,271.31691911103525,99,2014,4,9
2014-04-10,4N90E,29.13691669170263,271.34555065915197,100,2014,4,10
2014-04-11,4N90E,29.13659237743284,271.3741822072687,101,2014,4,11
2014-04-12,4N90E,29.13626806316305,271.4028137553854,102,2014,4,12
2014-04-13,4N90E,29.135943748893258,271.4314453035022,103,2014,4,13
2014-04-14,4N90E,29.135619434623468,271.4600768516189,104,2014,4,14
2014-04-15,4N90E,29.13529512035368,271.48870839973563,105,2014,4,15
2014-04-16,4N90E,29.13497080608389,271.51733994785235,106,2014,4,16
2014-04-17,4N90E,29.1346464918141,271.54597149596907,107,2014,4,17
2014-04-18,4N90E,29.134322177544306,271.5746030440858,108,2014,4,18
2014-04-19,4N90E,29.133997863274516,271.6032345922025,109,2014,4,19
2014-04-20,4N90E,29.133673549004726,271.6318661403193,110,2014,4,20
2014-04-21,4N90E,29.133349234734936,271.660497688436,111,2014,4,21
2014-04-22,4N90E,29.133024920465143,271.68912923655273,112,2014,4,22
2014-04-23,4N90E,29.132700606195353,271.71776078466945,113,2014,4,23
2014-04-24,4N90E,29.132376291925564,271.7463923327862,114,2014,4,24
2014-04-25,4N90E,29.132051977655774,271.7750238809029,115,2014,4,25
2014-04-26,4N90E,29.131727663385984,271.80365542901967,116,2014,4,26
2014-04-27,4N90E,29.13140334911619,271.8322869771364,117,2014,4,27
2014-04-28,4N90E,29.1310790348464,271.8609185252531,118,2014,4,28
2014-04-29,4N90E,29.13075472057661,271.88955007336983,119,2014,4,29
2014-04-30,4N90E,29.13043040630682,271.91818162148655,120,2014,4,30
2014-05-01,4N90E,29.130106092037032,271.9468131696033,121,2014,5,1
2014-05-02,4N90E,29.12978177776724,271.97544471772,122,2014,5,2
2014-05-03,4N90E,29.12945746349745,272.0040762658368,123,2014,5,3
2014-05-04,4N90E,29.12913314922766,272.0327078139535,124,2014,5,4
2014-05-05,4N90E,29.12880883495787,272.0613393620702,125,2014,5,5
2014-05-06,4N90E,29.128484520688076,272.08997091018693,126,2014,5,6
2014-05-07,4N90E,29.128160206418286,272.11860245830366,127,2014,5,7
2014-05-08,4N90E,29.127835892148497,272.1472340064204,128,2014,5,8
2014-05-09,4N90E,29.127511577878707,272.1758655545371,129,2014,5,9
2014-05-10,4N90E,29.127187263608917,272.2044971026539,130,2014,5,10
2014-05-11,4N90E,29.126862949339124,272.2331286507706,131,2014,5,11
2014-05-12,4N90E,29.126538635069334,272.2617601988873,132,2014,5,12
2014-05-13,4N90E,29.126214320799544,272.29039174700404,133,2014,5,13
2014-05-14,4N90E,29.125890006529755,272.31902329512076,134,2014,5,14
2014-05-15,4N90E,29.125565692259965,272.3476548432375,135,2014,5,15
2014-05-16,4N90E,29.12524137799017,272.37628639135426,136,2014,5,16
2014-05-17,4N90E,29.124917063720382,272.404917939471,137,2014,5,17
2014-05-18,4N90E,29.124592749450592,272.4335494875877,138,2014,5,18
2014-05-19,4N90E,29.124268435180802,272.4621810357044,139,2014,5,19
2014-05-20,4N90E,29.123944120911013,272.49081258382114,140,2014,5,20
2014-05-21,4N90E,29.12361980664122,272.51944413193786,141,2014,5,21
2014-05-22,4N90E,29.12329549237143,272.5480756800546,142,2014,5,22
2014-05-23,4N90E,29.12297117810164,272.57670722817136,143,2014,5,23
2014-05-24,4N90E,29.12264686383185,272.6053387762881,144,2014,5,24
2014-05-25,4N90E,29.122322549562057,272.6339703244048,145,2014,5,25
2014-05-26,4N90E,29.121998235292267,272.6626018725215,146,2014,5,26
2014-05-27,4N90E,29.121673921022477,272.69123342063824,147,2014,5,27
2014-05-28,4N90E,29.121349606752688,272.71986496875496,148,2014,5,28
2014-05-29,4N90E,29.121025292482898,272.7484965168717,149,2014,5,29
2014-05-30,4N90E,29.120700978213105,272.77712806498846,150,2014,5,30
2014-05-31,4N90E,29.120376663943315,272.8057596131052,151,2014,5,31
2014-06-01,4N90E,29.120052349673525,272.8343911612219,152,2014,6,1
2014-06-02,4N90E,29.119728035403735,272.8630227093386,153,2014,6,2
2014-06-03,4N90E,29.119403721133946,272.89165425745534,154,2014,6,3
2014-06-04,4N90E,29.119079406864152,272.92028580557206,155,2014,6,4
2014-06-05,4N90E,29.118755092594363,272.9489173536888,156,2014,6,5
2014-06-06,4N90E,29.118430778324573,272.97754890180556,157,2014,6,6
2014-06-07,4N90E,29.118106464054783,273.0061804499223,158,2014,6,7
2014-06-08,4N90E,29.11778214978499,273.034811998039,159,2014,6,8
2014-06-09,4N90E,29.1174578355152,273.0634435461557,160,2014,6,9
2014-06-10,4N90E,29.11713352124541,273.09207509427245,161,2014,6,10
2014-06-11,4N90E,29.11680920697562,273.12070664238917,162,2014,6,11
2014-06-12,4N90E,29.11648489270583,273.1493381905059,163,2014,6,12
2014-06-13,4N90E,29.116160578436038,273.17796973862266,164,2014,6,13
2014-06-14,4N90E,29.115836264166248,273.2066012867394,165,2014,6,14
2014-06-15,4N90E,29.115511949896458,273.2352328348561,166,2014,6,15
2014-06-16,4N90E,29.11518763562667,273.2638643829728,167,2014,6,16
2014-06-17,4N90E,29.11486332135688,273.29249593108955,168,2014,6,17
2014-06-18,4N90E,29.114539007087085,273.32112747920627,169,2014,6,18
2014-06-19,4N90E,29.114214692817296,273.34975902732305,170,2014,6,19
2014-06-20,4N90E,29.113890378547506,273.37839057543977,171,2014,6,20
2014-06-21,4N90E,29.113566064277716,273.4070221235565,172,2014,6,21
2014-06-22,4N90E,29.113241750007923,273.4356536716732,173,2014,6,22
2014-06-23,4N90E,29.112917435738133,273.46428521978993,174,2014,6,23
2014-06-24,4N90E,29.112593121468343,273.49291676790665,175,2014,6,24
2014-06-25,4N90E,29.112268807198554,273.52154831602337,176,2014,6,25
2014-06-26,4N90E,29.111944492928764,273.55017986414015,177,2014,6,26
2014-06-27,4N90E,29.11162017865897,273.57881141225687,178,2014,6,27
2014-06-28,4N90E,29.11129586438918,273.6074429603736,179,2014,6,28
2014-06-29,4N90E,29.11097155011939,273.6360745084903,180,2014,6,29
2014-06-30,4N90E,29.1106472358496,273.66470605660703,181,2014,6,30
2014-07-01,4N90E,29.11032292157981,273.69333760472375,182,2014,7,1
2014-07-02,4N90E,29.10999860731002,273.7219691528405,183,2014,7,2
2014-07-03,4N90E,29.10967429304023,273.75060070095725,184,2014,7,3
2014-07-04,4N90E,29.10934997877044,273.77923224907397,185,2014,7,4
2014-07-05,4N90E,29.10902566450065,273.8078637971907,186,2014,7,5
2014-07-06,4N90E,29.108701350230856,273.8364953453074,187,2014,7,6
2014-07-07,4N90E,29.108377035961066,273.86512689342413,188,2014,7,7
2014-07-08,4N90E,29.108052721691276,273.89375844154085,189,2014,7,8
2014-07-09,4N90E,29.107728407421487,273.92238998965763,190,2014,7,9
2014-07-10,4N90E,29.107404093151697,273.95102153777435,191,2014,7,10
2014-07-11,4N90E,29.107079778881904,273.9796530858911,192,2014,7,11
2014-07-12,4N90E,29.106755464612114,274.0082846340078,193,2014,7,12
2014-07-13,4N90E,29.106431150342324,274.0369161821245,194,2014,7,13
2014-07-14,4N90E,29.106106836072534,274.06554773024124,195,2014,7,14
2014-07-15,4N90E,29.105782521802745,274.09417927835796,196,2014,7,15
2014-07-16,4N90E,29.10545820753295,274.12281082647473,197,2014,7,16
2014-07-17,4N90E,29.10513389326316,274.15144237459145,198,2014,7,17
2014-07-18,4N90E,29.104809578993372,274.1800739227082,199,2014,7,18
2014-07-19,4N90E,29.104485264723582,274.2087054708249,200,2014,7,19
2014-07-20,4N90E,29.10416095045379,274.2373370189416,201,2014,7,20
2014-07-21,4N90E,29.103836636184,274.26596856705834,202,2014,7,21
2014-07-22,4N90E,29.10351232191421,274.29460011517506,203,2014,7,22
2014-07-23,4N90E,29.10318800764442,274.32323166329184,204,2014,7,23
2014-07-24,4N90E,29.10286369337463,274.35186321140856,205,2014,7,24
2014-07-25,4N90E,29.102539379104837,274.3804947595253,206,2014,7,25
2014-07-26,4N90E,29.102215064835047,274.409126307642,207,2014,7,26
2014-07-27,4N90E,29.101890750565257,274.4377578557587,208,2014,7,27
2014-07-28,4N90E,29.101566436295467,274.46638940387544,209,2014,7,28
2014-07-29,4N90E,29.101242122025678,274.49502095199216,210,2014,7,29
2014-07-30,4N90E,29.100917807755884,274.52365250010894,211,2014,7,30
2014-07-31,4N90E,29.100593493486095,274.55228404822566,212,2014,7,31
2014-08-01,4N90E,29.100269179216305,274.5809155963424,213,2014,8,1
2014-08-02,4N90E,29.099944864946515,274.6095471444591,214,2014,8,2
2014-08-03,4N90E,29.099620550676722,274.6381786925758,215,2014,8,3
2014-08-04,4N90E,29.099296236406932,274.66681024069254,216,2014,8,4
2014-08-05,4N90E,29.098971922137142,274.69544178880926,217,2014,8,5
2014-08-06,4N90E,29.098647607867353,274.72407333692604,218,2014,8,6
2014-08-07,4N90E,29.098323293597563,274.75270488504276,219,2014,8,7
2014-08-08,4N90E,29.09799897932777,274.7813364331595,220,2014,8,8
2014-08-09,4N90E,29.09767466505798,274.8099679812762,221,2014,8,9
2014-08-10,4N90E,29.09735035078819,274.8385995293929,222,2014,8,10
2014-08-11,4N90E,29.0970260365184,274.86723107750964,223,2014,8,11
2014-08-12,4N90E,29.09670172224861,274.8958626256264,224,2014,8,12
2014-08-13,4N90E,29.096377407978817,274.92449417374314,225,2014,8,13
2014-08-14,4N90E,29.096053093709028,274.95312572185986,226,2014,8,14
2014-08-15,4N90E,29.095728779439238,274.9817572699766,227,2014,8,15
2014-08-16,4N90E,29.095404465169448,275.0103888180933,228,2014,8,16
2014-08-17,4N90E,29.095080150899655,275.03902036621,229,2014,8,17
2014-08-18,4N90E,29.094755836629865,275.06765191432675,230,2014,8,18
2014-08-19,4N90E,29.094431522360075,275.0962834624435,231,2014,8,19
2014-08-20,4N90E,29.094107208090286,275.12491501056024,232,2014,8,20
2014-08-21,4N90E,29.093782893820496,275.15354655867696,233,2014,8,21
2014-08-22,4N90E,29.093458579550703,275.1821781067937,234,2014,8,22
2014-08-23,4N90E,29.093134265280913,275.2108096549104,235,2014,8,23
2014-08-24,4N90E,29.092809951011123,275.2394412030271,236,2014,8,24
2014-08-25,4N90E,29.092485636741333,275.26807275114385,237,2014,8,25
2014-08-26,4N90E,29.092161322471544,275.2967042992606,238,2014,8,26
2014-08-27,4N90E,29.09183700820175,275.32533584737735,239,2014,8,27
2014-08-28,4N90E,29.09151269393196,275.35396739549407,240,2014,8,28
2014-08-29,4N90E,29.09118837966217,275.3825989436108,241,2014,8,29
2014-08-30,4N90E,29.09086406539238,275.4112304917275,242,2014,8,30
2014-08-31,4N90E,29.090539751122588,275.43986203984423,243,2014,8,31
2014-09-01,4N90E,29.090215436852798,275.468493587961,244,2014,9,1
2014-09-02,4N90E,29.08989112258301,275.4971251360777,245,2014,9,2
2014-09-03,4N90E,29.08956680831322,275.52575668419445,246,2014,9,3
2014-09-04,4N90E,29.08924249404343,275.55438823231117,247,2014,9,4
2014-09-05,4N90E,29.088918179773636,275.5830197804279,248,2014,9,5
2014-09-06,4N90E,29.088593865503846,275.6116513285446,249,2014,9,6
2014-09-07,4N90E,29.088269551234056,275.64028287666133,250,2014,9,7
2014-09-08,4N90E,29.087945236964266,275.6689144247781,251,2014,9,8
2014-09-09,4N90E,29.087620922694477,275.69754597289483,252,2014,9,9
2014-09-10,4N90E,29.087296608424683,275.72617752101155,253,2014,9,10
2014-09-11,4N90E,29.086972294154894,275.75480906912827,254,2014,9,11
2014-09-12,4N90E,29.086647979885104,275.783440617245,255,2014,9,12
2014-09-13,4N90E,29.086323665615314,275.8120721653617,256,2014,9,13
2014-09-14,4N90E,29.08599935134552,275.84070371347843,257,2014,9,14
2014-09-15,4N90E,29.08567503707573,275.8693352615952,258,2014,9,15
2014-09-16,4N90E,29.08535072280594,275.89796680971193,259,2014,9,16
2014-09-17,4N90E,29.08502640853615,275.92659835782865,260,2014,9,17
2014-09-18,4N90E,29.084702094266362,275.9552299059454,261,2014,9,18
2014-09-19,4N90E,29.08437777999657,275.9838614540621,262,2014,9,19
2014-09-20,4N90E,29.08405346572678,276.0124930021788,263,2014,9,20
2014-09-21,4N90E,29.08372915145699,276.04112455029554,264,2014,9,21
2014-09-22,4N90E,29.0834048371872,276.0697560984123,265,2014,9,22
2014-09-23,4N90E,29.08308052291741,276.09838764652903,266,2014,9,23
2014-09-24,4N90E,29.082756208647616,276.12701919464575,267,2014,9,24
2014-09-25,4N90E,29.082431894377827,276.1556507427625,268,2014,9,25
2014-09-26,4N90E,29.082107580108037,276.1842822908792,269,2014,9,26
2014-09-27,4N90E,29.081783265838247,276.2129138389959,270,2014,9,27
2014-09-28,4N90E,29.081458951568454,276.24154538711264,271,2014,9,28
2014-09-29,4N90E,29.081134637298664,276.2701769352294,272,2014,9,29
2014-09-30,4N90E,29.080810323028874,276.29880848334614,273,2014,9,30
2014-10-01,4N90E,29.080486008759085,276.32744003146286,274,2014,10,1
2014-10-02,4N90E,29.080161694489295,276.3560715795796,275,2014,10,2
2014-10-03,4N90E,29.0798373802195,276.3847031276963,276,2014,10,3
2014-10-04,4N90E,29.079513065949712,276.413334675813,277,2014,10,4
2014-10-05,4N90E,29.079188751679922,276.4419662239298,278,2014,10,5
2014-10-06,4N90E,29.078864437410132,276.4705977720465,279,2014,10,6
2014-10-07,4N90E,29.078540123140343,276.49922932016324,280,2014,10,7
2014-10-08,4N90E,29.07821580887055,276.52786086827996,281,2014,10,8
2014-10-09,4N90E,29.07789149460076,276.5564924163967,282,2014,10,9
2014-10-10,4N90E,29.07756718033097,276.5851239645134,283,2014,10,10
2014-10-11,4N90E,29.07724286606118,276.6137555126301,284,2014,10,11
2014-10-12,4N90E,29.076918551791387,276.6423870607469,285,2014,10,12
2014-10-13,4N90E,29.076594237521597,276.6710186088636,286,2014,10,13
2014-10-14,4N90E,29.076269923251807,276.69965015698034,287,2014,10,14
2014-10-15,4N90E,29.075945608982018,276.72828170509706,288,2014,10,15
2014-10-16,4N90E,29.075621294712228,276.7569132532138,289,2014,10,16
2014-10-17,4N90E,29.075296980442435,276.7855448013305,290,2014,10,17
2014-10-18,4N90E,29.074972666172645,276.8141763494472,291,2014,10,18
2014-10-19,4N90E,29.074648351902855,276.842807897564,292,2014,10,19
2014-10-20,4N90E,29.074324037633065,276.8714394456807,293,2014,10,20
2014-10-21,4N90E,29.073999723363276,276.90007099379744,294,2014,10,21
2014-10-22,4N90E,29.073675409093482,276.92870254191416,295,2014,10,22
2014-10-23,4N90E,29.073351094823693,276.9573340900309,296,2014,10,23
2014-10-24,4N90E,29.073026780553903,276.9859656381476,297,2014,10,24
2014-10-25,4N90E,29.072702466284113,277.0145971862644,298,2014,10,25
2014-10-26,4N90E,29.07237815201432,277.0432287343811,299,2014,10,26
2014-10-27,4N90E,29.07205383774453,277.0718602824978,300,2014,10,27
2014-10-28,4N90E,29.07172952347474,277.10049183061454,301,2014,10,28
2014-10-29,4N90E,29.07140520920495,277.12912337873126,302,2014,10,29
2014-10-30,4N90E,29.07108089493516,277.157754926848,303,2014,10,30
2014-10-31,4N90E,29.070756580665368,277.1863864749647,304,2014,10,31
2014-11-01,4N90E,29.070432266395578,277.2150180230815,305,2014,11,1
2014-11-02,4N90E,29.070107952125788,277.2436495711982,306,2014,11,2
2014-11-03,4N90E,29.069783637856,277.2722811193149,307,2014,11,3
2014-11-04,4N90E,29.06945932358621,277.30091266743165,308,2014,11,4
2014-11-05,4N90E,29.069135009316415,277.32954421554837,309,2014,11,5
2014-11-06,4N90E,29.068810695046626,277.3581757636651,310,2014,11,6
2014-11-07,4N90E,29.068486380776836,277.3868073117818,311,2014,11,7
2014-11-08,4N90E,29.068162066507046,277.4154388598986,312,2014,11,8
2014-11-09,4N90E,29.067837752237253,277.4440704080153,313,2014,11,9
2014-11-10,4N90E,29.067513437967463,277.472701956132,314,2014,11,10
2014-11-11,4N90E,29.067189123697673,277.50133350424875,315,2014,11,11
2014-11-12,4N90E,29.066864809427884,277.52996505236547,316,2014,11,12
2014-11-13,4N90E,29.066540495158094,277.5585966004822,317,2014,11,13
2014-11-14,4N90E,29.0662161808883,277.5872281485989,318,2014,11,14
2014-11-15,4N90E,29.06589186661851,277.6158596967157,319,2014,11,15
2014-11-16,4N90E,29.06556755234872,277.6444912448324,320,2014,11,16
2014-11-17,4N90E,29.06524323807893,277.67312279294913,321,2014,11,17
2014-11-18,4N90E,29.06491892380914,277.70175434106585,322,2014,11,18
2014-11-19,4N90E,29.06459460953935,277.73038588918257,323,2014,11,19
2014-11-20,4N90E,29.06427029526956,277.7590174372993,324,2014,11,20
2014-11-21,4N90E,29.06394598099977,277.78764898541607,325,2014,11,21
2014-11-22,4N90E,29.06362166672998,277.8162805335328,326,2014,11,22
2014-11-23,4N90E,29.06329735246019,277.8449120816495,327,2014,11,23
2014-11-24,4N90E,29.062973038190396,277.87354362976623,328,2014,11,24
2014-11-25,4N90E,29.062648723920606,277.90217517788295,329,2014,11,25
2014-11-26,4N90E,29.062324409650817,277.9308067259997,330,2014,11,26
2014-11-27,4N90E,29.062000095381027,277.9594382741164,331,2014,11,27
2014-11-28,4N90E,29.061675781111234,277.9880698222332,332,2014,11,28
2014-11-29,4N90E,29.061351466841444,278.0167013703499,333,2014,11,29
2014-11-30,4N90E,29.0,278.0453329184666,334,2014,11,30
2014-12-01,4N90E,29.37,255.09,335,2014,12,1
2014-12-02,4N90E,28.96,189.67,336,2014,12,2
2014-12-03,4N90E,28.68,83.79,337,2014,12,3
2014-12-04,4N90E,28.92,289.17,338,2014,12,4
2014-12-05,4N90E,28.6,137.57,339,2014,12,5
2014-12-06,4N90E,28.71,236.4,340,2014,12,6
2014-12-07,4N90E,29.21,268.77,341,2014,12,7
2014-12-08,4N90E,29.13,219.54,342,2014,12,8
2014-12-09,4N90E,29.31,242.31,343,2014,12,9
2014-12-10,4N90E,29.4,203.41,344,2014,12,10
2014-12-11,4N90E,29.38,224.44,345,2014,12,11
2014-12-12,4N90E,29.0,71.64,346,2014,12,12
2014-12-13,4N90E,28.97,196.09,347,2014,12,13
2014-12-14,4N90E,29.26,257.75,348,2014,12,14
2014-12-15,4N90E,29.48,221.86,349,2014,12,15
2014-12-16,4N90E,29.63,262.91,350,2014,12,16
2014-12-17,4N90E,29.28,173.42,351,2014,12,17
2014-12-18,4N90E,29.31,243.13,352,2014,12,18
2014-12-19,4N90E,29.43,248.28,353,2014,12,19
2014-12-20,4N90E,29.16,81.92,354,2014,12,20
2014-12-21,4N90E,29.12,117.35,355,2014,12,21
2014-12-22,4N90E,29.14,143.65,356,2014,12,22
2014-12-23,4N90E,29.05,142.44,357,2014,12,23
2014-12-24,4N90E,28.78,47.13,358,2014,12,24
2014-12-25,4N90E,28.77,57.74,359,2014,12,25
2014-12-26,4N90E,28.91,198.6,360,2014,12,26
2014-12-27,4N90E,29.0,177.06,361,2014,12,27
2014-12-28,4N90E,28.99,217.48,362,2014,12,28
2014-12-29,4N90E,29.38,232.42,363,2014,12,29
2014-12-30,4N90E,29.38,271.13,364,2014,12,30
2014-12-31,4N90E,29.39,265.58,365,2014,12,31
2015-01-01,4N90E,29.4,237.16,1,2015,1,1
2015-01-02,4N90E,29.71,271.76,2,2015,1,2
2015-01-03,4N90E,29.38,186.66,3,2015,1,3
2015-01-04,4N90E,29.42,167.44,4,2015,1,4
2015-01-05,4N90E,29.43,270.17,5,2015,1,5
2015-01-06,4N90E,29.5,217.23,6,2015,1,6
2015-01-07,4N90E,29.42,239.13,7,2015,1,7
2015-01-08,4N90E,29.31,268.76,8,2015,1,8
2015-01-09,4N90E,29.58,284.5,9,2015,1,9
2015-01-10,4N90E,29.37,225.24,10,2015,1,10
2015-01-11,4N90E,29.16,85.76,11,2015,1,11
2015-01-12,4N90E,29.21,219.74,12,2015,1,12
2015-01-13,4N90E,29.24,238.88,13,2015,1,13
2015-01-14,4N90E,29.5,283.44,14,2015,1,14
2015-01-15,4N90E,29.75,260.42,15,2015,1,15
2015-01-16,4N90E,29.7,285.94,16,2015,1,16
2015-01-17,4N90E,29.58,276.39,17,2015,1,17
2015-01-18,4N90E,29.56,203.24,18,2015,1,18
2015-01-19,4N90E,29.47,298.21,19,2015,1,19
2015-01-20,4N90E,29.41,232.31,20,2015,1,20
2015-01-21,4N90E,29.29,211.04,21,2015,1,21
2015-01-22,4N90E,29.25,249.44,22,2015,1,22
2015-01-23,4N90E,29.11,50.44,23,2015,1,23
2015-01-24,4N90E,29.0,52.56757009345794,24,2015,1,24
2015-01-25,4N90E,28.96,54.695140186915886,25,2015,1,25
2015-01-26,4N90E,28.91,56.822710280373826,26,2015,1,26
2015-01-27,4N90E,29.24,217.37241057137896,27,2015,1,27
2015-01-28,4N90E,29.27,217.91562789898825,28,2015,1,28
2015-01-29,4N90E,29.17,218.4588452265975,29,2015,1,29
2015-01-30,4N90E,29.24,219.0020625542068,30,2015,1,30
2015-01-31,4N90E,29.11,219.54527988181607,31,2015,1,31
2015-02-01,4N90E,29.04,220.08849720942536,32,2015,2,1
2015-02-02,4N90E,28.97,220.63171453703464,33,2015,2,2
2015-02-03,4N90E,28.87,221.1749318646439,34,2015,2,3
2015-02-04,4N90E,28.82,221.71814919225318,35,2015,2,4
2015-02-05,4N90E,28.69,222.26136651986246,36,2015,2,5
2015-02-06,4N90E,29.0,222.80458384747175,37,2015,2,6
2015-02-07,4N90E,28.77,223.34780117508103,38,2015,2,7
2015-02-08,4N90E,28.64,223.89101850269032,39,2015,2,8
2015-02-09,4N90E,28.6,224.43423583029957,40,2015,2,9
2015-02-10,4N90E,28.66,224.97745315790885,41,2015,2,10
2015-02-11,4N90E,28.76,225.52067048551814,42,2015,2,11
2015-02-12,4N90E,28.72,226.06388781312742,43,2015,2,12
2015-02-13,4N90E,28.7,226.6071051407367,44,2015,2,13
2015-02-14,4N90E,28.6,227.15032246834596,45,2015,2,14
2015-02-15,4N90E,28.64,227.69353979595525,46,2015,2,15
2015-02-16,4N90E,28.62,228.23675712356453,47,2015,2,16
2015-02-17,4N90E,28.45,228.7799744511738,48,2015,2,17
2015-02-18,4N90E,28.67,229.3231917787831,49,2015,2,18
2015-02-19,4N90E,28.47,229.86640910639235,50,2015,2,19
2015-02-20,4N90E,28.5,230.40962643400164,51,2015,2,20
2015-02-21,4N90E,28.87,230.95284376161092,52,2015,2,21
2015-02-22,4N90E,28.89,231.4960610892202,53,2015,2,22
2015-02-23,4N90E,29.09,232.0392784168295,54,2015,2,23
2015-02-24,4N90E,29.2,232.58249574443875,55,2015,2,24
2015-02-25,4N90E,29.14,233.12571307204803,56,2015,2,25
2015-02-26,4N90E,29.1,233.6689303996573,57,2015,2,26
2015-02-27,4N90E,29.2,234.2121477272666,58,2015,2,27
2015-02-28,4N90E,29.19,234.75536505487588,59,2015,2,28
2015-03-01,4N90E,29.25,235.29858238248516,60,2015,3,1
2015-03-02,4N90E,29.6,235.84179971009442,61,2015,3,2
2015-03-03,4N90E,29.78,236.3850170377037,62,2015,3,3
2015-03-04,4N90E,29.97,236.928234365313,63,2015,3,4
2015-03-05,4N90E,29.88,237.47145169292227,64,2015,3,5
2015-03-06,4N90E,29.73,238.01466902053153,65,2015,3,6
2015-03-07,4N90E,29.72,238.5578863481408,66,2015,3,7
2015-03-08,4N90E,29.61,239.1011036757501,67,2015,3,8
2015-03-09,4N90E,29.5,239.64432100335938,68,2015,3,9
2015-03-10,4N90E,29.61,240.18753833096866,69,2015,3,10
2015-03-11,4N90E,29.61,240.73075565857795,70,2015,3,11
2015-03-12,4N90E,29.63,241.2739729861872,71,2015,3,12
2015-03-13,4N90E,29.67,241.8171903137965,72,2015,3,13
2015-03-14,4N90E,30.09,242.36040764140577,73,2015,3,14
2015-03-15,4N90E,29.83,242.90362496901506,74,2015,3,15
2015-03-16,4N90E,29.82,243.44684229662434,75,2015,3,16
2015-03-17,4N90E,29.81,243.9900596242336,76,2015,3,17
2015-03-18,4N90E,29.91,244.53327695184288,77,2015,3,18
2015-03-19,4N90E,29.77,245.07649427945216,78,2015,3,19
2015-03-20,4N90E,29.85,245.61971160706145,79,2015,3,20
2015-03-21,4N90E,29.79,246.16292893467073,80,2015,3,21
2015-03-22,4N90E,30.06,246.70614626228001,81,2015,3,22
2015-03-23,4N90E,30.15,247.24936358988927,82,2015,3,23
2015-03-24,4N90E,30.29,247.79258091749855,83,2015,3,24
2015-03-25,4N90E,30.27,248.33579824510784,84,2015,3,25
2015-03-26,4N90E,30.08,248.87901557271712,85,2015,3,26
2015-03-27,4N90E,30.16,249.42223290032638,86,2015,3,27
2015-03-28,4N90E,30.36,249.96545022793566,87,2015,3,28
2015-03-29,4N90E,30.18,250.50866755554495,88,2015,3,29
2015-03-30,4N90E,30.34,251.05188488315423,89,2015,3,30
2015-03-31,4N90E,30.64,251.5951022107635,90,2015,3,31
2015-04-01,4N90E,30.15,252.1383195383728,91,2015,4,1
2015-04-02,4N90E,30.32,252.68153686598205,92,2015,4,2
2015-04-03,4N90E,30.36,253.22475419359134,93,2015,4,3
2015-04-04,4N90E,30.77,253.76797152120062,94,2015,4,4
2015-04-05,4N90E,30.89,254.3111888488099,95,2015,4,5
2015-04-06,4N90E,30.72,254.85440617641916,96,2015,4,6
2015-04-07,4N90E,30.93,255.39762350402845,97,2015,4,7
2015-04-08,4N90E,30.53,255.94084083163773,98,2015,4,8
2015-04-09,4N90E,30.53,256.484058159247,99,2015,4,9
2015-04-10,4N90E,30.42,257.0272754868563,100,2015,4,10
2015-04-11,4N90E,30.39,257.5704928144656,101,2015,4,11
2015-04-12,4N90E,30.37,258.11371014207486,102,2015,4,12
2015-04-13,4N90E,30.28,258.65692746968415,103,2015,4,13
2015-04-14,4N90E,30.31,259.20014479729343,104,2015,4,14
2015-04-15,4N90E,30.25,259.74336212490266,105,2015,4,15
2015-04-16,4N90E,30.53,260.28657945251194,106,2015,4,16
2015-04-17,4N90E,30.49,260.8297967801212,107,2015,4,17
2015-04-18,4N90E,30.28,261.3730141077305,108,2015,4,18
2015-04-19,4N90E,30.36,261.9162314353398,109,2015,4,19
2015-04-20,4N90E,30.32,262.4594487629491,110,2015,4,20
2015-04-21,4N90E,30.37,263.00266609055836,111,2015,4,21
2015-04-22,4N90E,30.16,263.54588341816765,112,2015,4,22
2015-04-23,4N90E,30.65,264.08910074577693,113,2015,4,23
2015-04-24,4N90E,30.77,264.6323180733862,114,2015,4,24
2015-04-25,4N90E,30.85,265.1755354009955,115,2015,4,25
2015-04-26,4N90E,30.29,265.7187527286047,116,2015,4,26
2015-04-27,4N90E,30.18,266.261970056214,117,2015,4,27
2015-04-28,4N90E,30.3,266.8051873838233,118,2015,4,28
2015-04-29,4N90E,30.47,267.3484047114326,119,2015,4,29
2015-04-30,4N90E,30.19,267.89162203904186,120,2015,4,30
2015-05-01,4N90E,30.06,268.43483936665115,121,2015,5,1
2015-05-02,4N90E,30.06,268.97805669426043,122,2015,5,2
2015-05-03,4N90E,30.17,269.5212740218697,123,2015,5,3
2015-05-04,4N90E,30.23,270.064491349479,124,2015,5,4
2015-05-05,4N90E,30.4,270.6077086770882,125,2015,5,5
2015-05-06,4N90E,30.39,271.1509260046975,126,2015,5,6
2015-05-07,4N90E,30.48,271.6941433323068,127,2015,5,7
2015-05-08,4N90E,30.305,272.2373606599161,128,2015,5,8
2015-05-09,4N90E,30.13,272.78057798752536,129,2015,5,9
2015-05-10,4N90E,30.27,278.09,130,2015,5,10
2015-05-11,4N90E,30.2,266.9,131,2015,5,11
2015-05-12,4N90E,30.07,140.8,132,2015,5,12
2015-05-13,4N90E,30.03,228.05,133,2015,5,13
2015-05-14,4N90E,29.97,87.61,134,2015,5,14
2015-05-15,4N90E,30.13,272.98,135,2015,5,15
2015-05-16,4N90E,30.08,264.23,136,2015,5,16
2015-05-17,4N90E,30.19,275.92,137,2015,5,17
2015-05-18,4N90E,30.53,295.62,138,2015,5,18
2015-05-19,4N90E,30.46,296.57,139,2015,5,19
2015-05-20,4N90E,30.33,281.22,140,2015,5,20
2015-05-21,4N90E,30.3,255.46,141,2015,5,21
2015-05-22,4N90E,30.27,156.63,142,2015,5,22
2015-05-23,4N90E,30.52,242.1,143,2015,5,23
2015-05-24,4N90E,30.19,43.49,144,2015,5,24
2015-05-25,4N90E,30.16,76.46,145,2015,5,25
2015-05-26,4N90E,30.11,145.41,146,2015,5,26
2015-05-27,4N90E,30.1,199.89,147,2015,5,27
2015-05-28,4N90E,30.24,263.7,148,2015,5,28
2015-05-29,4N90E,30.12,225.01,149,2015,5,29
2015-05-30,4N90E,30.24,270.03,150,2015,5,30
2015-05-31,4N90E,30.46,299.05,151,2015,5,31
2015-06-01,4N90E,30.35,291.54,152,2015,6,1
2015-06-02,4N90E,30.6,269.13,153,2015,6,2
2015-06-03,4N90E,30.85,291.4,154,2015,6,3
2015-06-04,4N90E,30.65,276.93,155,2015,6,4
2015-06-05,4N90E,30.68,254.52,156,2015,6,5
2015-06-06,4N90E,30.99,260.35,157,2015,6,6
2015-06-07,4N90E,30.45,130.47,158,2015,6,7
2015-06-08,4N90E,30.53,244.74,159,2015,6,8
2015-06-09,4N90E,30.43,225.27,160,2015,6,9
2015-06-10,4N90E,30.35,190.81,161,2015,6,10
2015-06-11,4N90E,30.26,103.93,162,2015,6,11
2015-06-12,4N90E,30.17,87.6,163,2015,6,12
2015-06-13,4N90E,30.45,271.24,164,2015,6,13
2015-06-14,4N90E,30.24,192.53,165,2015,6,14
2015-06-15,4N90E,30.29,144.96,166,2015,6,15
2015-06-16,4N90E,30.23,56.85,167,2015,6,16
2015-06-17,4N90E,30.23,201.61,168,2015,6,17
2015-06-18,4N90E,30.22,240.97,169,2015,6,18
2015-06-19,4N90E,30.2,254.34,170,2015,6,19
2015-06-20,4N90E,30.19,259.89,171,2015,6,20
2015-06-21,4N90E,30.15,226.68,172,2015,6,21
2015-06-22,4N90E,30.16,272.05,173,2015,6,22
2015-06-23,4N90E,30.25,259.21,174,2015,6,23
2015-06-24,4N90E,30.24,250.58,175,2015,6,24
2015-06-25,4N90E,30.28,264.83,176,2015,6,25
2015-06-26,4N90E,30.28,241.73,177,2015,6,26
2015-06-27,4N90E,30.25,255.09,178,2015,6,27
2015-06-28,4N90E,30.2,236.12,179,2015,6,28
2015-06-29,4N90E,30.09,114.93,180,2015,6,29
2015-06-30,4N90E,30.23,272.0,181,2015,6,30
2015-07-01,4N90E,30.14,287.72,182,2015,7,1
2015-07-02,4N90E,30.21,275.04,183,2015,7,2
2015-07-03,4N90E,29.99,115.42,184,2015,7,3
2015-07-04,4N90E,29.82,219.12,185,2015,7,4
2015-07-05,4N90E,29.8,57.89,186,2015,7,5
2015-07-06,4N90E,29.8,27.97,187,2015,7,6
2015-07-07,4N90E,29.7,215.96,188,2015,7,7
2015-07-08,4N90E,29.55,186.95,189,2015,7,8
2015-07-09,4N90E,29.45,210.35,190,2015,7,9
2015-07-10,4N90E,29.39,232.69,191,2015,7,10
2015-07-11,4N90E,29.41,297.85,192,2015,7,11
2015-07-12,4N90E,29.32,180.1,193,2015,7,12
2015-07-13,4N90E,29.34,233.44,194,2015,7,13
2015-07-14,4N90E,29.28,216.44,195,2015,7,14
2015-07-15,4N90E,29.21,171.44,196,2015,7,15
2015-07-16,4N90E,29.13,59.32,197,2015,7,16
2015-07-17,4N90E,29.08,74.36,198,2015,7,17
2015-07-18,4N90E,29.09,113.24,199,2015,7,18
2015-07-19,4N90E,29.11,151.87,200,2015,7,19
2015-07-20,4N90E,29.2,216.8,201,2015,7,20
2015-07-21,4N90E,29.19,193.59,202,2015,7,21
2015-07-22,4N90E,29.21,266.27,203,2015,7,22
2015-07-23,4N90E,29.32,270.3,204,2015,7,23
2015-07-24,4N90E,29.66,281.09,205,2015,7,24
2015-07-25,4N90E,29.47,272.63,206,2015,7,25
2015-07-26,4N90E,29.42,255.7,207,2015,7,26
2015-07-27,4N90E,29.35,213.66,208,2015,7,27
2015-07-28,4N90E,29.42,209.74,209,2015,7,28
2015-07-29,4N90E,29.52,276.66,210,2015,7,29
2015-07-30,4N90E,29.36,190.11,211,2015,7,30
2015-07-31,4N90E,29.46,264.68,212,2015,7,31
2015-08-01,4N90E,29.36,235.96,213,2015,8,1
2015-08-02,4N90E,29.32,269.43,214,2015,8,2
2015-08-03,4N90E,29.24,189.38,215,2015,8,3
2015-08-04,4N90E,29.19,248.11,216,2015,8,4
2015-08-05,4N90E,29.17,262.9,217,2015,8,5
2015-08-06,4N90E,29.12,277.07,218,2015,8,6
2015-08-07,4N90E,29.05,176.05,219,2015,8,7
2015-08-08,4N90E,29.07,225.32,220,2015,8,8
2015-08-09,4N90E,29.1,220.44,221,2015,8,9
2015-08-10,4N90E,28.95,64.01,222,2015,8,10
2015-08-11,4N90E,29.08,283.96,223,2015,8,11
2015-08-12,4N90E,29.04,264.46,224,2015,8,12
2015-08-13,4N90E,28.95,268.64,225,2015,8,13
2015-08-14,4N90E,28.93,186.55,226,2015,8,14
2015-08-15,4N90E,28.98,176.29,227,2015,8,15
2015-08-16,4N90E,28.9,101.7,228,2015,8,16
2015-08-17,4N90E,28.89,254.32,229,2015,8,17
2015-08-18,4N90E,29.18,287.02,230,2015,8,18
2015-08-19,4N90E,29.74,285.48,231,2015,8,19
2015-08-20,4N90E,29.32,263.18,232,2015,8,20
2015-08-21,4N90E,29.26,227.66,233,2015,8,21
2015-08-22,4N90E,29.23,183.47,234,2015,8,22
2015-08-23,4N90E,29.32,272.91,235,2015,8,23
2015-08-24,4N90E,29.37,277.86,236,2015,8,24
2015-08-25,4N90E,29.33,274.64,237,2015,8,25
2015-08-26,4N90E,29.3,245.98,238,2015,8,26
2015-08-27,4N90E,29.32,272.82,239,2015,8,27
2015-08-28,4N90E,29.15,115.61,240,2015,8,28
2015-08-29,4N90E,29.32,203.45,241,2015,8,29
2015-08-30,4N90E,29.1,261.48,242,2015,8,30
2015-08-31,4N90E,29.37,225.03,243,2015,8,31
2015-09-01,4N90E,29.33,284.42,244,2015,9,1
2015-09-02,4N90E,29.4,297.44,245,2015,9,2
2015-09-03,4N90E,29.3,188.5,246,2015,9,3
2015-09-04,4N90E,29.6,279.8,247,2015,9,4
2015-09-05,4N90E,29.43,192.88,248,2015,9,5
2015-09-06,4N90E,29.39,289.35,249,2015,9,6
2015-09-07,4N90E,29.55,278.39,250,2015,9,7
2015-09-08,4N90E,29.48,280.92,251,2015,9,8
2015-09-09,4N90E,29.24,160.52,252,2015,9,9
2015-09-10,4N90E,29.29,222.67,253,2015,9,10
2015-09-11,4N90E,29.32,136.09,254,2015,9,11
2015-09-12,4N90E,29.38,184.32,255,2015,9,12
2015-09-13,4N90E,29.27,88.93,256,2015,9,13
2015-09-14,4N90E,29.21,257.09,257,2015,9,14
2015-09-15,4N90E,29.2,272.61,258,2015,9,15
2015-09-16,4N90E,29.18,243.45,259,2015,9,16
2015-09-17,4N90E,29.14,184.89,260,2015,9,17
2015-09-18,4N90E,29.18,276.55,261,2015,9,18
2015-09-19,4N90E,29.25,147.62,262,2015,9,19
2015-09-20,4N90E,29.54,284.16,263,2015,9,20
2015-09-21,4N90E,29.53,298.07,264,2015,9,21
2015-09-22,4N90E,29.38,101.6,265,2015,9,22
2015-09-23,4N90E,29.3,159.16,266,2015,9,23
2015-09-24,4N90E,29.29,215.97,267,2015,9,24
2015-09-25,4N90E,29.1,189.08,268,2015,9,25
2015-09-26,4N90E,29.08,192.87,269,2015,9,26
2015-09-27,4N90E,29.02,189.55,270,2015,9,27
2015-09-28,4N90E,28.95,135.27,271,2015,9,28
2015-09-29,4N90E,29.01,231.38,272,2015,9,29
2015-09-30,4N90E,28.87,172.1,273,2015,9,30
2015-10-01,4N90E,29.11,300.4,274,2015,10,1
2015-10-02,4N90E,29.09,315.18,275,2015,10,2
2015-10-03,4N90E,29.36,292.88,276,2015,10,3
2015-10-04,4N90E,29.05,265.72,277,2015,10,4
2015-10-05,4N90E,29.2,193.35,278,2015,10,5
2015-10-06,4N90E,29.17,212.15,279,2015,10,6
2015-10-07,4N90E,29.54,268.24,280,2015,10,7
2015-10-08,4N90E,29.43,258.82,281,2015,10,8
2015-10-09,4N90E,29.45,275.69,282,2015,10,9
2015-10-10,4N90E,29.74,303.7,283,2015,10,10
2015-10-11,4N90E,29.98,299.46,284,2015,10,11
2015-10-12,4N90E,30.02,283.84,285,2015,10,12
2015-10-13,4N90E,30.5,287.47,286,2015,10,13
2015-10-14,4N90E,29.81,80.08,287,2015,10,14
2015-10-15,4N90E,29.19,69.26,288,2015,10,15
2015-10-16,4N90E,30.0,288.65,289,2015,10,16
2015-10-17,4N90E,30.18,275.62,290,2015,10,17
2015-10-18,4N90E,30.35,240.22,291,2015,10,18
2015-10-19,4N90E,30.34,277.08,292,2015,10,19
2015-10-20,4N90E,29.56,96.73,293,2015,10,20
2015-10-21,4N90E,29.72,257.8,294,2015,10,21
2015-10-22,4N90E,29.84,240.64,295,2015,10,22
2015-10-23,4N90E,29.45,30.08,296,2015,10,23
2015-10-24,4N90E,29.84,248.66,297,2015,10,24
2015-10-25,4N90E,29.7,215.99,298,2015,10,25
2015-10-26,4N90E,29.37,227.19,299,2015,10,26
2015-10-27,4N90E,29.22,245.42,300,2015,10,27
2015-10-28,4N90E,29.24,270.33,301,2015,10,28
2015-10-29,4N90E,29.25,175.11,302,2015,10,29
2015-10-30,4N90E,29.41,205.35,303,2015,10,30
2015-10-31,4N90E,29.6,259.64,304,2015,10,31
2015-11-01,4N90E,29.77,227.7,305,2015,11,1
2015-11-02,4N90E,29.76,208.1,306,2015,11,2
2015-11-03,4N90E,29.57,280.54,307,2015,11,3
2015-11-04,4N90E,29.56,157.91,308,2015,11,4
2015-11-05,4N90E,29.31,164.49,309,2015,11,5
2015-11-06,4N90E,29.18,94.73,310,2015,11,6
2015-11-07,4N90E,29.08,105.88,311,2015,11,7
2015-11-08,4N90E,29.33,261.48,312,2015,11,8
2015-11-09,4N90E,29.25,215.3,313,2015,11,9
2015-11-10,4N90E,29.21,133.89,314,2015,11,10
2015-11-11,4N90E,29.07,178.66,315,2015,11,11
2015-11-12,4N90E,28.98,68.46,316,2015,11,12
2015-11-13,4N90E,29.3,236.34,317,2015,11,13
2015-11-14,4N90E,29.1,119.66,318,2015,11,14
2015-11-15,4N90E,29.03,123.21,319,2015,11,15
2015-11-16,4N90E,28.94,121.16,320,2015,11,16
2015-11-17,4N90E,29.45,271.69,321,2015,11,17
2015-11-18,4N90E,29.54,260.86,322,2015,11,18
2015-11-19,4N90E,29.55,289.39,323,2015,11,19
2015-11-20,4N90E,29.13,86.4,324,2015,11,20
2015-11-21,4N90E,29.38,271.48,325,2015,11,21
2015-11-22,4N90E,29.19,198.72,326,2015,11,22
2015-11-23,4N90E,29.23,266.99,327,2015,11,23
2015-11-24,4N90E,29.32,207.15,328,2015,11,24
2015-11-25,4N90E,29.27,169.47,329,2015,11,25
2015-11-26,4N90E,29.27,153.27,330,2015,11,26
2015-11-27,4N90E,29.39,255.03,331,2015,11,27
2015-11-28,4N90E,29.38,184.68,332,2015,11,28
2015-11-29,4N90E,29.26,69.65,333,2015,11,29
2015-11-30,4N90E,29.35,85.29,334,2015,11,30
2015-12-01,4N90E,29.36,85.1302,335,2015,12,1
2015-12-02,4N90E,29.38,84.97040000000001,336,2015,12,2
2015-12-03,4N90E,29.26,84.81060000000001,337,2015,12,3
2015-12-04,4N90E,29.45,95.58430678852926,338,2015,12,4
2015-12-05,4N90E,29.62,95.41885961783541,339,2015,12,5
2015-12-06,4N90E,29.41,95.25341244714157,340,2015,12,6
2015-12-07,4N90E,29.49,95.08796527644772,341,2015,12,7
2015-12-08,4N90E,29.69,94.92251810575388,342,2015,12,8
2015-12-09,4N90E,29.59,94.75707093506004,343,2015,12,9
2015-12-10,4N90E,29.5,94.59162376436619,344,2015,12,10
2015-12-11,4N90E,29.42,94.42617659367235,345,2015,12,11
2015-12-12,4N90E,29.33,94.2607294229785,346,2015,12,12
2015-12-13,4N90E,29.49,94.09528225228466,347,2015,12,13
2015-12-14,4N90E,29.34,93.92983508159082,348,2015,12,14
2015-12-15,4N90E,29.13,93.76438791089697,349,2015,12,15
2015-12-16,4N90E,29.23,93.59894074020313,350,2015,12,16
2015-12-17,4N90E,29.22,93.4334935695093,351,2015,12,17
2015-12-18,4N90E,29.34,93.26804639881544,352,2015,12,18
2015-12-19,4N90E,29.5,93.1025992281216,353,2015,12,19
2015-12-20,4N90E,29.3,92.93715205742775,354,2015,12,20
2015-12-21,4N90E,29.3,92.77170488673391,355,2015,12,21
2015-12-22,4N90E,29.3,92.60625771604008,356,2015,12,22
2015-12-23,4N90E,29.37,92.44081054534622,357,2015,12,23
2015-12-24,4N90E,29.33,92.27536337465239,358,2015,12,24
2015-12-25,4N90E,29.38,92.10991620395853,359,2015,12,25
2015-12-26,4N90E,29.47,91.9444690332647,360,2015,12,26
2015-12-27,4N90E,29.75,91.77902186257086,361,2015,12,27
2015-12-28,4N90E,29.6,91.613574691877,362,2015,12,28
2015-12-29,4N90E,29.49,91.44812752118317,363,2015,12,29
2015-12-30,4N90E,29.41,91.28268035048931,364,2015,12,30
2015-12-31,4N90E,29.4,91.11723317979548,365,2015,12,31
2016-01-01,4N90E,29.43,90.95178600910164,1,2016,1,1
2016-01-02,4N90E,29.56,90.78633883840779,2,2016,1,2
2016-01-03,4N90E,29.64,90.62089166771395,3,2016,1,3
2016-01-04,4N90E,29.6,90.4554444970201,4,2016,1,4
2016-01-05,4N90E,29.5,90.28999732632626,5,2016,1,5
2016-01-06,4N90E,29.59,90.12455015563242,6,2016,1,6
2016-01-07,4N90E,29.54,89.95910298493857,7,2016,1,7
2016-01-08,4N90E,29.6,89.79365581424473,8,2016,1,8
2016-01-09,4N90E,29.59,89.62820864355089,9,2016,1,9
2016-01-10,4N90E,29.59,89.46276147285704,10,2016,1,10
2016-01-11,4N90E,29.52,89.2973143021632,11,2016,1,11
2016-01-12,4N90E,29.55,89.13186713146935,12,2016,1,12
2016-01-13,4N90E,29.52,88.96641996077551,13,2016,1,13
2016-01-14,4N90E,29.55,88.80097279008166,14,2016,1,14
2016-01-15,4N90E,29.45,88.63552561938782,15,2016,1,15
2016-01-16,4N90E,29.43,88.47007844869398,16,2016,1,16
2016-01-17,4N90E,29.41,88.30463127800013,17,2016,1,17
2016-01-18,4N90E,29.46,88.13918410730629,18,2016,1,18
2016-01-19,4N90E,29.45,87.97373693661245,19,2016,1,19
2016-01-20,4N90E,29.44,87.8082897659186,20,2016,1,20
2016-01-21,4N90E,29.45,87.64284259522476,21,2016,1,21
2016-01-22,4N90E,29.7,87.47739542453091,22,2016,1,22
2016-01-23,4N90E,29.76,87.31194825383707,23,2016,1,23
2016-01-24,4N90E,29.77,87.14650108314324,24,2016,1,24
2016-01-25,4N90E,29.66,86.98105391244938,25,2016,1,25
2016-01-26,4N90E,29.58,86.81560674175554,26,2016,1,26
2016-01-27,4N90E,29.82,86.65015957106169,27,2016,1,27
2016-01-28,4N90E,29.97,86.48471240036785,28,2016,1,28
2016-01-29,4N90E,29.6,86.31926522967402,29,2016,1,29
2016-01-30,4N90E,29.54,86.15381805898016,30,2016,1,30
2016-01-31,4N90E,29.57,85.98837088828633,31,2016,1,31
2016-02-01,4N90E,29.62,85.82292371759249,32,2016,2,1
2016-02-02,4N90E,29.52,85.65747654689864,33,2016,2,2
2016-02-03,4N90E,29.39,85.4920293762048,34,2016,2,3
2016-02-04,4N90E,29.42,85.32658220551095,35,2016,2,4
2016-02-05,4N90E,29.45,85.16113503481711,36,2016,2,5
2016-02-06,4N90E,29.43,84.99568786412325,37,2016,2,6
2016-02-07,4N90E,29.02,84.83024069342942,38,2016,2,7
2016-02-08,4N90E,29.13,84.66479352273558,39,2016,2,8
2016-02-09,4N90E,29.22,84.49934635204173,40,2016,2,9
2016-02-10,4N90E,29.25,84.33389918134789,41,2016,2,10
2016-02-11,4N90E,29.33,84.16845201065405,42,2016,2,11
2016-02-12,4N90E,29.32,84.0030048399602,43,2016,2,12
2016-02-13,4N90E,29.48,83.83755766926636,44,2016,2,13
2016-02-14,4N90E,29.62,83.67211049857251,45,2016,2,14
2016-02-15,4N90E,29.42,83.50666332787867,46,2016,2,15
2016-02-16,4N90E,29.41,83.34121615718482,47,2016,2,16
2016-02-17,4N90E,29.53,83.17576898649098,48,2016,2,17
2016-02-18,4N90E,29.7,83.01032181579714,49,2016,2,18
2016-02-19,4N90E,29.99,82.84487464510329,50,2016,2,19
2016-02-20,4N90E,29.62,82.67942747440945,51,2016,2,20
2016-02-21,4N90E,29.54,82.51398030371561,52,2016,2,21
2016-02-22,4N90E,29.48,82.34853313302176,53,2016,2,22
2016-02-23,4N90E,29.63,82.18308596232792,54,2016,2,23
2016-02-24,4N90E,29.74,82.01763879163407,55,2016,2,24
2016-02-25,4N90E,29.57,81.85219162094023,56,2016,2,25
2016-02-26,4N90E,29.58,81.6867444502464,57,2016,2,26
2016-02-27,4N90E,29.64,81.52129727955254,58,2016,2,27
2016-02-28,4N90E,29.67,81.3558501088587,59,2016,2,28
2016-02-29,4N90E,29.66,81.19040293816485,60,2016,2,29
2016-03-01,4N90E,29.69,81.02495576747101,61,2016,3,1
2016-03-02,4N90E,29.72,80.85950859677718,62,2016,3,2
2016-03-03,4N90E,29.62,80.69406142608332,63,2016,3,3
2016-03-04,4N90E,29.64,80.52861425538948,64,2016,3,4
2016-03-05,4N90E,29.67,80.36316708469565,65,2016,3,5
2016-03-06,4N90E,29.67,80.1977199140018,66,2016,3,6
2016-03-07,4N90E,29.67,80.03227274330796,67,2016,3,7
2016-03-08,4N90E,29.64,79.8668255726141,68,2016,3,8
2016-03-09,4N90E,29.61,69.31,69,2016,3,9
2016-03-10,4N90E,30.19,271.25,70,2016,3,10
2016-03-11,4N90E,29.74,281.93,71,2016,3,11
2016-03-12,4N90E,29.91,296.07,72,2016,3,12
2016-03-13,4N90E,30.02,263.09,73,2016,3,13
2016-03-14,4N90E,30.14,240.59,74,2016,3,14
2016-03-15,4N90E,29.95,185.97,75,2016,3,15
2016-03-16,4N90E,29.89,162.68,76,2016,3,16
2016-03-17,4N90E,30.12,268.31,77,2016,3,17
2016-03-18,4N90E,30.03,282.5,78,2016,3,18
2016-03-19,4N90E,30.09,287.99,79,2016,3,19
2016-03-20,4N90E,29.92,122.05,80,2016,3,20
2016-03-21,4N90E,30.27,209.38,81,2016,3,21
2016-03-22,4N90E,30.36,267.51,82,2016,3,22
2016-03-23,4N90E,30.14,176.91,83,2016,3,23
2016-03-24,4N90E,30.25,283.96,84,2016,3,24
2016-03-25,4N90E,30.36,294.55,85,2016,3,25
2016-03-26,4N90E,30.13,219.79,86,2016,3,26
2016-03-27,4N90E,30.37,304.46,87,2016,3,27
2016-03-28,4N90E,30.51,289.53,88,2016,3,28
2016-03-29,4N90E,30.44,308.71,89,2016,3,29
2016-03-30,4N90E,30.58,210.96,90,2016,3,30
2016-03-31,4N90E,31.16,286.94,91,2016,3,31
2016-04-01,4N90E,31.17,297.62,92,2016,4,1
2016-04-02,4N90E,30.97,285.28,93,2016,4,2
2016-04-03,4N90E,31.0,245.23,94,2016,4,3
2016-04-04,4N90E,30.82,178.22,95,2016,4,4
2016-04-05,4N90E,30.94,240.66,96,2016,4,5
2016-04-06,4N90E,30.51,63.03,97,2016,4,6
2016-04-07,4N90E,30.73,293.24,98,2016,4,7
2016-04-08,4N90E,31.16,303.86,99,2016,4,8
2016-04-09,4N90E,30.56,134.06,100,2016,4,9
2016-04-10,4N90E,30.78,263.67,101,2016,4,10
2016-04-11,4N90E,30.38,118.24,102,2016,4,11
2016-04-12,4N90E,30.67,214.96,103,2016,4,12
2016-04-13,4N90E,31.2,300.76,104,2016,4,13
2016-04-14,4N90E,31.21,298.96,105,2016,4,14
2016-04-15,4N90E,31.1,300.45,106,2016,4,15
2016-04-16,4N90E,31.07,223.55,107,2016,4,16
2016-04-17,4N90E,31.16,227.58,108,2016,4,17
2016-04-18,4N90E,31.29,215.22,109,2016,4,18
2016-04-19,4N90E,31.4,214.74644859813085,110,2016,4,19
2016-04-20,4N90E,31.41,214.27289719626168,111,2016,4,20
2016-04-21,4N90E,31.43,213.79934579439254,112,2016,4,21
2016-04-22,4N90E,31.27,236.01991622344292,113,2016,4,22
2016-04-23,4N90E,31.2,235.48383972668532,114,2016,4,23
2016-04-24,4N90E,30.99,234.94776322992772,115,2016,4,24
2016-04-25,4N90E,31.2,234.41168673317011,116,2016,4,25
2016-04-26,4N90E,31.47,233.8756102364125,117,2016,4,26
2016-04-27,4N90E,31.58,233.3395337396549,118,2016,4,27
2016-04-28,4N90E,31.78,232.8034572428973,119,2016,4,28
2016-04-29,4N90E,31.62,232.2673807461397,120,2016,4,29
2016-04-30,4N90E,31.32,231.7313042493821,121,2016,4,30
2016-05-01,4N90E,31.58,231.1952277526245,122,2016,5,1
2016-05-02,4N90E,31.29,230.6591512558669,123,2016,5,2
2016-05-03,4N90E,31.32,230.1230747591093,124,2016,5,3
2016-05-04,4N90E,30.94,229.5869982623517,125,2016,5,4
2016-05-05,4N90E,31.16,229.0509217655941,126,2016,5,5
2016-05-06,4N90E,31.1,228.5148452688365,127,2016,5,6
2016-05-07,4N90E,31.2,227.9787687720789,128,2016,5,7
2016-05-08,4N90E,31.37,227.4426922753213,129,2016,5,8
2016-05-09,4N90E,31.22,226.9066157785637,130,2016,5,9
2016-05-10,4N90E,31.3,226.3705392818061,131,2016,5,10
2016-05-11,4N90E,31.36,225.8344627850485,132,2016,5,11
2016-05-12,4N90E,30.97,225.29838628829089,133,2016,5,12
2016-05-13,4N90E,30.86,224.76230979153328,134,2016,5,13
2016-05-14,4N90E,30.71,224.22623329477568,135,2016,5,14
2016-05-15,4N90E,30.55,223.69015679801808,136,2016,5,15
2016-05-16,4N90E,30.66,223.15408030126048,137,2016,5,16
2016-05-17,4N90E,30.545,222.61800380450288,138,2016,5,17
2016-05-18,4N90E,30.43,222.08192730774527,139,2016,5,18
2016-05-19,4N90E,30.48,221.54585081098767,140,2016,5,19
2016-05-20,4N90E,30.46,221.00977431423007,141,2016,5,20
2016-05-21,4N90E,30.45,220.47369781747247,142,2016,5,21
2016-05-22,4N90E,30.4,219.93762132071487,143,2016,5,22
2016-05-23,4N90E,30.37,219.40154482395727,144,2016,5,23
2016-05-24,4N90E,30.33,218.86546832719966,145,2016,5,24
2016-05-25,4N90E,30.29,218.32939183044206,146,2016,5,25
2016-05-26,4N90E,30.24,217.79331533368446,147,2016,5,26
2016-05-27,4N90E,30.18,217.25723883692686,148,2016,5,27
2016-05-28,4N90E,30.12,216.72116234016926,149,2016,5,28
2016-05-29,4N90E,30.11,216.18508584341163,150,2016,5,29
2016-05-30,4N90E,30.04,215.64900934665405,151,2016,5,30
2016-05-31,4N90E,30.06,215.11293284989642,152,2016,5,31
2016-06-01,4N90E,30.06,214.57685635313885,153,2016,6,1
2016-06-02,4N90E,30.04,214.04077985638122,154,2016,6,2
2016-06-03,4N90E,30.05,213.50470335962365,155,2016,6,3
2016-06-04,4N90E,30.03,212.96862686286602,156,2016,6,4
2016-06-05,4N90E,30.1,212.43255036610844,157,2016,6,5
2016-06-06,4N90E,30.14,211.8964738693508,158,2016,6,6
2016-06-07,4N90E,30.18,211.36039737259324,159,2016,6,7
2016-06-08,4N90E,30.11,210.8243208758356,160,2016,6,8
2016-06-09,4N90E,30.1,210.288244379078,161,2016,6,9
2016-06-10,4N90E,30.15,209.7521678823204,162,2016,6,10
2016-06-11,4N90E,30.03,209.2160913855628,163,2016,6,11
2016-06-12,4N90E,29.94,208.6800148888052,164,2016,6,12
2016-06-13,4N90E,29.93,208.1439383920476,165,2016,6,13
2016-06-14,4N90E,29.9,207.60786189529,166,2016,6,14
2016-06-15,4N90E,29.82,207.0717853985324,167,2016,6,15
2016-06-16,4N90E,29.8,206.5357089017748,168,2016,6,16
2016-06-17,4N90E,29.77,205.9996324050172,169,2016,6,17
2016-06-18,4N90E,29.73,205.4635559082596,170,2016,6,18
2016-06-19,4N90E,29.56,204.927479411502,171,2016,6,19
2016-06-20,4N90E,29.5,204.3914029147444,172,2016,6,20
2016-06-21,4N90E,29.497596899224806,203.8553264179868,173,2016,6,21
2016-06-22,4N90E,29.495193798449613,203.3192499212292,174,2016,6,22
2016-06-23,4N90E,29.49279069767442,202.78317342447158,175,2016,6,23
2016-06-24,4N90E,29.52644285594103,202.24709692771398,176,2016,6,24
2016-06-25,4N90E,29.52439244263054,201.71102043095638,177,2016,6,25
2016-06-26,4N90E,29.522342029320043,201.17494393419878,178,2016,6,26
2016-06-27,4N90E,29.520291616009548,200.63886743744118,179,2016,6,27
2016-06-28,4N90E,29.518241202699055,200.10279094068358,180,2016,6,28
2016-06-29,4N90E,29.51619078938856,199.56671444392597,181,2016,6,29
2016-06-30,4N90E,29.514140376078064,199.03063794716837,182,2016,6,30
2016-07-01,4N90E,29.512089962767572,198.49456145041077,183,2016,7,1
2016-07-02,4N90E,29.510039549457076,197.95848495365317,184,2016,7,2
2016-07-03,4N90E,29.50798913614658,197.42240845689557,185,2016,7,3
2016-07-04,4N90E,29.50593872283609,196.88633196013797,186,2016,7,4
2016-07-05,4N90E,29.503888309525593,196.35025546338036,187,2016,7,5
2016-07-06,4N90E,29.501837896215097,195.81417896662276,188,2016,7,6
2016-07-07,4N90E,29.499787482904605,195.27810246986516,189,2016,7,7
2016-07-08,4N90E,29.49773706959411,194.74202597310756,190,2016,7,8
2016-07-09,4N90E,29.495686656283613,194.20594947634996,191,2016,7,9
2016-07-10,4N90E,29.49363624297312,193.66987297959236,192,2016,7,10
2016-07-11,4N90E,29.491585829662625,193.13379648283475,193,2016,7,11
2016-07-12,4N90E,29.48953541635213,192.59771998607715,194,2016,7,12
2016-07-13,4N90E,29.487485003041638,192.06164348931955,195,2016,7,13
2016-07-14,4N90E,29.485434589731142,191.52556699256195,196,2016,7,14
2016-07-15,4N90E,29.483384176420646,190.98949049580435,197,2016,7,15
2016-07-16,4N90E,29.481333763110154,190.45341399904675,198,2016,7,16
2016-07-17,4N90E,29.47928334979966,189.91733750228914,199,2016,7,17
2016-07-18,4N90E,29.477232936489163,189.38126100553154,200,2016,7,18
2016-07-19,4N90E,29.47518252317867,188.84518450877394,201,2016,7,19
2016-07-20,4N90E,29.473132109868175,188.30910801201634,202,2016,7,20
2016-07-21,4N90E,29.47108169655768,187.77303151525874,203,2016,7,21
2016-07-22,4N90E,29.469031283247187,187.23695501850113,204,2016,7,22
2016-07-23,4N90E,29.46698086993669,186.70087852174353,205,2016,7,23
2016-07-24,4N90E,29.464930456626195,186.16480202498593,206,2016,7,24
2016-07-25,4N90E,29.462880043315703,185.62872552822833,207,2016,7,25
2016-07-26,4N90E,29.460829630005207,185.09264903147073,208,2016,7,26
2016-07-27,4N90E,29.458779216694712,184.55657253471313,209,2016,7,27
2016-07-28,4N90E,29.45672880338422,184.02049603795552,210,2016,7,28
2016-07-29,4N90E,29.454678390073724,183.48441954119792,211,2016,7,29
2016-07-30,4N90E,29.452627976763228,182.94834304444032,212,2016,7,30
2016-07-31,4N90E,29.450577563452736,182.41226654768272,213,2016,7,31
2016-08-01,4N90E,29.44852715014224,181.87619005092512,214,2016,8,1
2016-08-02,4N90E,29.446476736831745,181.34011355416752,215,2016,8,2
2016-08-03,4N90E,29.444426323521252,180.80403705740991,216,2016,8,3
2016-08-04,4N90E,29.442375910210757,180.2679605606523,217,2016,8,4
2016-08-05,4N90E,29.44032549690026,179.7318840638947,218,2016,8,5
2016-08-06,4N90E,29.438275083589765,179.1958075671371,219,2016,8,6
2016-08-07,4N90E,29.436224670279273,178.6597310703795,220,2016,8,7
2016-08-08,4N90E,29.434174256968777,178.1236545736219,221,2016,8,8
2016-08-09,4N90E,29.43212384365828,177.5875780768643,222,2016,8,9
2016-08-10,4N90E,29.43007343034779,177.0515015801067,223,2016,8,10
2016-08-11,4N90E,29.428023017037294,176.5154250833491,224,2016,8,11
2016-08-12,4N90E,29.425972603726798,175.9793485865915,225,2016,8,12
2016-08-13,4N90E,29.423922190416306,175.4432720898339,226,2016,8,13
2016-08-14,4N90E,29.42187177710581,174.9071955930763,227,2016,8,14
2016-08-15,4N90E,29.419821363795315,174.3711190963187,228,2016,8,15
2016-08-16,4N90E,29.417770950484822,173.8350425995611,229,2016,8,16
2016-08-17,4N90E,29.415720537174327,173.2989661028035,230,2016,8,17
2016-08-18,4N90E,29.41367012386383,172.76288960604586,231,2016,8,18
2016-08-19,4N90E,29.41161971055334,172.2268131092883,232,2016,8,19
2016-08-20,4N90E,29.409569297242843,171.69073661253066,233,2016,8,20
2016-08-21,4N90E,29.407518883932347,171.15466011577308,234,2016,8,21
2016-08-22,4N90E,29.405468470621855,170.61858361901545,235,2016,8,22
2016-08-23,4N90E,29.40341805731136,170.08250712225788,236,2016,8,23
2016-08-24,4N90E,29.401367644000864,169.54643062550025,237,2016,8,24
2016-08-25,4N90E,29.39931723069037,169.01035412874268,238,2016,8,25
2016-08-26,4N90E,29.397266817379876,168.47427763198505,239,2016,8,26
2016-08-27,4N90E,29.39521640406938,167.93820113522747,240,2016,8,27
2016-08-28,4N90E,29.393165990758888,167.40212463846984,241,2016,8,28
2016-08-29,4N90E,29.391115577448392,166.86604814171227,242,2016,8,29
2016-08-30,4N90E,29.389065164137897,166.32997164495464,243,2016,8,30
2016-08-31,4N90E,29.387014750827404,165.79389514819707,244,2016,8,31
2016-09-01,4N90E,29.38496433751691,165.25781865143944,245,2016,9,1
2016-09-02,4N90E,29.382913924206413,164.72174215468186,246,2016,9,2
2016-09-03,4N90E,29.38086351089592,164.18566565792423,247,2016,9,3
2016-09-04,4N90E,29.378813097585425,163.64958916116666,248,2016,9,4
2016-09-05,4N90E,29.37676268427493,163.11351266440903,249,2016,9,5
2016-09-06,4N90E,29.374712270964437,162.57743616765146,250,2016,9,6
2016-09-07,4N90E,29.37266185765394,162.04135967089383,251,2016,9,7
2016-09-08,4N90E,29.370611444343446,161.50528317413625,252,2016,9,8
2016-09-09,4N90E,29.368561031032954,160.96920667737862,253,2016,9,9
2016-09-10,4N90E,29.366510617722458,160.43313018062105,254,2016,9,10
2016-09-11,4N90E,29.364460204411962,159.89705368386342,255,2016,9,11
2016-09-12,4N90E,29.36240979110147,159.36097718710585,256,2016,9,12
2016-09-13,4N90E,29.360359377790974,158.82490069034822,257,2016,9,13
2016-09-14,4N90E,29.35830896448048,158.28882419359064,258,2016,9,14
2016-09-15,4N90E,29.356258551169987,157.752747696833,259,2016,9,15
2016-09-16,4N90E,29.35420813785949,157.21667120007544,260,2016,9,16
2016-09-17,4N90E,29.352157724548995,156.6805947033178,261,2016,9,17
2016-09-18,4N90E,29.350107311238503,156.1445182065602,262,2016,9,18
2016-09-19,4N90E,29.348056897928007,155.6084417098026,263,2016,9,19
2016-09-20,4N90E,29.34600648461751,155.072365213045,264,2016,9,20
2016-09-21,4N90E,29.34395607130702,154.5362887162874,265,2016,9,21
2016-09-22,4N90E,29.341905657996524,154.0002122195298,266,2016,9,22
2016-09-23,4N90E,29.339855244686028,153.4641357227722,267,2016,9,23
2016-09-24,4N90E,29.337804831375536,152.9280592260146,268,2016,9,24
2016-09-25,4N90E,29.33575441806504,152.391982729257,269,2016,9,25
2016-09-26,4N90E,29.333704004754544,151.8559062324994,270,2016,9,26
2016-09-27,4N90E,29.331653591444052,151.3198297357418,271,2016,9,27
2016-09-28,4N90E,29.329603178133556,150.7837532389842,272,2016,9,28
2016-09-29,4N90E,29.32755276482306,150.2476767422266,273,2016,9,29
2016-09-30,4N90E,29.32550235151257,149.711600245469,274,2016,9,30
2016-10-01,4N90E,29.323451938202073,149.17552374871138,275,2016,10,1
2016-10-02,4N90E,29.321401524891577,148.63944725195378,276,2016,10,2
2016-10-03,4N90E,29.319351111581085,148.10337075519618,277,2016,10,3
2016-10-04,4N90E,29.31730069827059,147.56729425843858,278,2016,10,4
2016-10-05,4N90E,29.315250284960094,147.03121776168098,279,2016,10,5
2016-10-06,4N90E,29.3131998716496,146.49514126492338,280,2016,10,6
2016-10-07,4N90E,29.311149458339106,145.95906476816577,281,2016,10,7
2016-10-08,4N90E,29.30909904502861,145.42298827140817,282,2016,10,8
2016-10-09,4N90E,29.307048631718118,144.88691177465057,283,2016,10,9
2016-10-10,4N90E,29.304998218407622,144.35083527789297,284,2016,10,10
2016-10-11,4N90E,29.302947805097126,143.81475878113537,285,2016,10,11
2016-10-12,4N90E,29.300897391786634,143.27868228437777,286,2016,10,12
2016-10-13,4N90E,29.29884697847614,142.74260578762016,287,2016,10,13
2016-10-14,4N90E,29.296796565165643,142.20652929086256,288,2016,10,14
2016-10-15,4N90E,29.29474615185515,141.67045279410496,289,2016,10,15
2016-10-16,4N90E,29.292695738544655,141.13437629734736,290,2016,10,16
2016-10-17,4N90E,29.29064532523416,140.59829980058976,291,2016,10,17
2016-10-18,4N90E,29.288594911923667,140.06222330383216,292,2016,10,18
2016-10-19,4N90E,29.28654449861317,139.52614680707455,293,2016,10,19
2016-10-20,4N90E,29.284494085302676,138.99007031031695,294,2016,10,20
2016-10-21,4N90E,29.282443671992183,138.45399381355935,295,2016,10,21
2016-10-22,4N90E,29.280393258681688,137.91791731680175,296,2016,10,22
2016-10-23,4N90E,29.278342845371192,137.38184082004415,297,2016,10,23
2016-10-24,4N90E,29.2762924320607,136.84576432328655,298,2016,10,24
2016-10-25,4N90E,29.274242018750204,136.30968782652894,299,2016,10,25
2016-10-26,4N90E,29.27219160543971,135.77361132977134,300,2016,10,26
2016-10-27,4N90E,29.270141192129216,135.23753483301374,301,2016,10,27
2016-10-28,4N90E,29.26809077881872,134.70145833625614,302,2016,10,28
2016-10-29,4N90E,29.266040365508225,134.16538183949854,303,2016,10,29
2016-10-30,4N90E,29.263989952197733,133.62930534274093,304,2016,10,30
2016-10-31,4N90E,29.261939538887237,133.09322884598333,305,2016,10,31
2016-11-01,4N90E,29.25988912557674,132.5571523492257,306,2016,11,1
2016-11-02,4N90E,29.257838712266246,132.02107585246813,307,2016,11,2
2016-11-03,4N90E,29.255788298955753,131.4849993557105,308,2016,11,3
2016-11-04,4N90E,29.253737885645258,130.94892285895293,309,2016,11,4
2016-11-05,4N90E,29.251687472334762,130.4128463621953,310,2016,11,5
2016-11-06,4N90E,29.24963705902427,129.87676986543772,311,2016,11,6
2016-11-07,4N90E,29.247586645713774,129.3406933686801,312,2016,11,7
2016-11-08,4N90E,29.24553623240328,128.80461687192252,313,2016,11,8
2016-11-09,4N90E,29.243485819092786,128.2685403751649,314,2016,11,9
2016-11-10,4N90E,29.24143540578229,127.7324638784073,315,2016,11,10
2016-11-11,4N90E,29.239384992471795,127.1963873816497,316,2016,11,11
2016-11-12,4N90E,29.237334579161303,126.6603108848921,317,2016,11,12
2016-11-13,4N90E,29.235284165850807,126.1242343881345,318,2016,11,13
2016-11-14,4N90E,29.23323375254031,125.5881578913769,319,2016,11,14
2016-11-15,4N90E,29.23118333922982,125.0520813946193,320,2016,11,15
2016-11-16,4N90E,29.229132925919323,124.51600489786169,321,2016,11,16
2016-11-17,4N90E,29.227082512608828,123.97992840110409,322,2016,11,17
2016-11-18,4N90E,29.225032099298335,123.44385190434649,323,2016,11,18
2016-11-19,4N90E,29.22298168598784,122.90777540758889,324,2016,11,19
2016-11-20,4N90E,29.220931272677344,122.37169891083128,325,2016,11,20
2016-11-21,4N90E,29.218880859366852,121.83562241407368,326,2016,11,21
2016-11-22,4N90E,29.216830446056356,121.29954591731608,327,2016,11,22
2016-11-23,4N90E,29.21478003274586,120.76346942055848,328,2016,11,23
2016-11-24,4N90E,29.21272961943537,120.22739292380088,329,2016,11,24
2016-11-25,4N90E,29.210679206124873,119.69131642704328,330,2016,11,25
2016-11-26,4N90E,29.208628792814377,119.15523993028567,331,2016,11,26
2016-11-27,4N90E,29.206578379503885,118.61916343352807,332,2016,11,27
2016-11-28,4N90E,29.20452796619339,118.08308693677047,333,2016,11,28
2016-11-29,4N90E,29.202477552882893,117.54701044001287,334,2016,11,29
2016-11-30,4N90E,29.2004271395724,117.01093394325527,335,2016,11,30
2016-12-01,4N90E,29.198376726261905,116.47485744649767,336,2016,12,1
2016-12-02,4N90E,29.19632631295141,115.93878094974006,337,2016,12,2
2016-12-03,4N90E,29.194275899640918,115.40270445298246,338,2016,12,3
2016-12-04,4N90E,29.192225486330422,114.86662795622486,339,2016,12,4
2016-12-05,4N90E,29.190175073019926,114.33055145946726,340,2016,12,5
2016-12-06,4N90E,29.188124659709434,113.79447496270966,341,2016,12,6
2016-12-07,4N90E,29.186074246398938,113.25839846595206,342,2016,12,7
2016-12-08,4N90E,29.184023833088443,112.72232196919445,343,2016,12,8
2016-12-09,4N90E,29.18197341977795,112.18624547243685,344,2016,12,9
2016-12-10,4N90E,29.179923006467455,111.65016897567925,345,2016,12,10
2016-12-11,4N90E,29.17787259315696,111.11409247892165,346,2016,12,11
2016-12-12,4N90E,29.175822179846467,110.57801598216403,347,2016,12,12
2016-12-13,4N90E,29.17377176653597,110.04193948540643,348,2016,12,13
2016-12-14,4N90E,29.171721353225475,109.50586298864883,349,2016,12,14
2016-12-15,4N90E,29.169670939914983,108.96978649189123,350,2016,12,15
2016-12-16,4N90E,29.167620526604487,108.43370999513363,351,2016,12,16
2016-12-17,4N90E,29.16557011329399,107.89763349837602,352,2016,12,17
2016-12-18,4N90E,29.1635196999835,107.36155700161842,353,2016,12,18
2016-12-19,4N90E,29.161469286673004,106.82548050486082,354,2016,12,19
2016-12-20,4N90E,29.159418873362508,106.28940400810322,355,2016,12,20
2016-12-21,4N90E,29.157368460052016,105.75332751134562,356,2016,12,21
2016-12-22,4N90E,29.15531804674152,105.21725101458802,357,2016,12,22
2016-12-23,4N90E,29.153267633431025,104.68117451783041,358,2016,12,23
2016-12-24,4N90E,29.151217220120532,104.14509802107281,359,2016,12,24
2016-12-25,4N90E,29.149166806810037,103.60902152431521,360,2016,12,25
2016-12-26,4N90E,29.14711639349954,103.07294502755761,361,2016,12,26
2016-12-27,4N90E,29.14506598018905,102.5368685308,362,2016,12,27
2016-12-28,4N90E,29.143015566878553,102.0007920340424,363,2016,12,28
2016-12-29,4N90E,29.140965153568057,101.4647155372848,364,2016,12,29
2016-12-30,4N90E,29.138914740257565,100.9286390405272,365,2016,12,30
2016-12-31,4N90E,29.13686432694707,100.3925625437696,366,2016,12,31
2017-01-01,4N90E,29.134813913636574,99.856486047012,1,2017,1,1
2017-01-02,4N90E,29.13276350032608,99.3204095502544,2,2017,1,2
2017-01-03,4N90E,29.130713087015586,98.7843330534968,3,2017,1,3
2017-01-04,4N90E,29.12866267370509,98.2482565567392,4,2017,1,4
2017-01-05,4N90E,29.126612260394598,97.71218005998159,5,2017,1,5
2017-01-06,4N90E,29.124561847084102,97.17610356322399,6,2017,1,6
2017-01-07,4N90E,29.122511433773607,96.64002706646639,7,2017,1,7
2017-01-08,4N90E,29.120461020463114,96.10395056970879,8,2017,1,8
2017-01-09,4N90E,29.11841060715262,95.56787407295118,9,2017,1,9
2017-01-10,4N90E,29.116360193842123,95.03179757619358,10,2017,1,10
2017-01-11,4N90E,29.11430978053163,94.49572107943598,11,2017,1,11
2017-01-12,4N90E,29.112259367221135,93.95964458267838,12,2017,1,12
2017-01-13,4N90E,29.11020895391064,93.42356808592078,13,2017,1,13
2017-01-14,4N90E,29.108158540600147,92.88749158916318,14,2017,1,14
2017-01-15,4N90E,29.10610812728965,92.35141509240557,15,2017,1,15
2017-01-16,4N90E,29.104057713979156,91.81533859564797,16,2017,1,16
2017-01-17,4N90E,29.102007300668664,91.27926209889037,17,2017,1,17
2017-01-18,4N90E,29.099956887358168,90.74318560213277,18,2017,1,18
2017-01-19,4N90E,29.097906474047672,90.20710910537517,19,2017,1,19
2017-01-20,4N90E,29.09585606073718,89.67103260861757,20,2017,1,20
2017-01-21,4N90E,29.093805647426684,89.13495611185996,21,2017,1,21
2017-01-22,4N90E,29.09175523411619,88.59887961510236,22,2017,1,22
2017-01-23,4N90E,29.089704820805693,88.06280311834476,23,2017,1,23
2017-01-24,4N90E,29.0876544074952,87.52672662158716,24,2017,1,24
2017-01-25,4N90E,29.085603994184705,86.99065012482956,25,2017,1,25
2017-01-26,4N90E,29.08355358087421,86.45457362807196,26,2017,1,26
2017-01-27,4N90E,29.081503167563717,85.91849713131435,27,2017,1,27
2017-01-28,4N90E,29.07945275425322,85.38242063455675,28,2017,1,28
2017-01-29,4N90E,29.077402340942726,84.84634413779915,29,2017,1,29
2017-01-30,4N90E,29.075351927632234,84.31026764104155,30,2017,1,30
2017-01-31,4N90E,29.073301514321738,83.77419114428395,31,2017,1,31
2017-02-01,4N90E,29.071251101011242,83.23811464752634,32,2017,2,1
2017-02-02,4N90E,29.06920068770075,82.70203815076874,33,2017,2,2
2017-02-03,4N90E,29.067150274390254,82.16596165401114,34,2017,2,3
2017-02-04,4N90E,29.06509986107976,81.62988515725354,35,2017,2,4
2017-02-05,4N90E,29.063049447769266,81.09380866049594,36,2017,2,5
2017-02-06,4N90E,29.06099903445877,80.55773216373834,37,2017,2,6
2017-02-07,4N90E,29.058948621148275,80.02165566698073,38,2017,2,7
2017-02-08,4N90E,29.056898207837783,79.48557917022313,39,2017,2,8
2017-02-09,4N90E,29.054847794527287,78.94950267346553,40,2017,2,9
2017-02-10,4N90E,29.05279738121679,78.41342617670793,41,2017,2,10
2017-02-11,4N90E,29.0507469679063,77.87734967995033,42,2017,2,11
2017-02-12,4N90E,29.048696554595804,77.34127318319273,43,2017,2,12
2017-02-13,4N90E,29.046646141285308,76.80519668643512,44,2017,2,13
2017-02-14,4N90E,29.044595727974816,76.2691201896775,45,2017,2,14
2017-02-15,4N90E,29.04254531466432,75.73304369291989,46,2017,2,15
2017-02-16,4N90E,29.040494901353824,75.19696719616229,47,2017,2,16
2017-02-17,4N90E,29.038444488043332,74.66089069940469,48,2017,2,17
2017-02-18,4N90E,29.036394074732836,74.12481420264709,49,2017,2,18
2017-02-19,4N90E,29.03434366142234,73.58873770588949,50,2017,2,19
2017-02-20,4N90E,29.03229324811185,73.05266120913188,51,2017,2,20
2017-02-21,4N90E,29.030242834801353,72.51658471237428,52,2017,2,21
2017-02-22,4N90E,29.028192421490857,71.98050821561668,53,2017,2,22
2017-02-23,4N90E,29.026142008180365,71.44443171885908,54,2017,2,23
2017-02-24,4N90E,29.02409159486987,70.90835522210148,55,2017,2,24
2017-02-25,4N90E,29.022041181559374,70.37227872534388,56,2017,2,25
2017-02-26,4N90E,29.01999076824888,69.83620222858627,57,2017,2,26
2017-02-27,4N90E,29.017940354938386,69.30012573182867,58,2017,2,27
2017-02-28,4N90E,29.01588994162789,68.76404923507107,59,2017,2,28
2017-03-01,4N90E,29.013839528317398,68.22797273831347,60,2017,3,1
2017-03-02,4N90E,29.011789115006902,67.69189624155587,61,2017,3,2
2017-03-03,4N90E,29.009738701696406,67.15581974479826,62,2017,3,3
2017-03-04,4N90E,29.007688288385914,66.61974324804066,63,2017,3,4
2017-03-05,4N90E,28.88,63.21,64,2017,3,5
2017-03-06,4N90E,29.08,294.02,65,2017,3,6
2017-03-07,4N90E,29.19,235.3,66,2017,3,7
2017-03-08,4N90E,29.4,315.47,67,2017,3,8
2017-03-09,4N90E,29.19,192.91,68,2017,3,9
2017-03-10,4N90E,29.81,304.24,69,2017,3,10
2017-03-11,4N90E,29.91,290.45,70,2017,3,11
2017-03-12,4N90E,29.91,296.07,71,2017,3,12
2017-03-13,4N90E,29.63,236.83,72,2017,3,13
2017-03-14,4N90E,29.61,313.43,73,2017,3,14
2017-03-15,4N90E,29.57,314.96,74,2017,3,15
2017-03-16,4N90E,29.66,297.6,75,2017,3,16
2017-03-17,4N90E,29.67,256.74,76,2017,3,17
2017-03-18,4N90E,29.93,263.89,77,2017,3,18
2017-03-19,4N90E,29.89,293.0,78,2017,3,19
2017-03-20,4N90E,29.7,145.42,79,2017,3,20
2017-03-21,4N90E,29.63,267.98,80,2017,3,21
2017-03-22,4N90E,29.57,294.02,81,2017,3,22
2017-03-23,4N90E,30.25,303.73,82,2017,3,23
2017-03-24,4N90E,30.1,309.34,83,2017,3,24
2017-03-25,4N90E,30.01,310.87,84,2017,3,25
2017-03-26,4N90E,30.28,319.04,85,2017,3,26
2017-03-27,4N90E,30.38,314.96,86,2017,3,27
2017-03-28,4N90E,30.16,266.96,87,2017,3,28
2017-03-29,4N90E,30.29,286.36,88,2017,3,29
2017-03-30,4N90E,30.32,305.26,89,2017,3,30
2017-03-31,4N90E,30.2,290.45,90,2017,3,31
2017-04-01,4N90E,30.34,305.26,91,2017,4,1
2017-04-02,4N90E,30.1,187.81,92,2017,4,2
2017-04-03,4N90E,30.36,306.28,93,2017,4,3
2017-04-04,4N90E,30.35,297.6,94,2017,4,4
2017-04-05,4N90E,30.37,305.77,95,2017,4,5
2017-04-06,4N90E,30.14,91.8,96,2017,4,6
2017-04-07,4N90E,30.28,304.75,97,2017,4,7
2017-04-08,4N90E,30.45,304.75,98,2017,4,8
2017-04-09,4N90E,30.45,306.28,99,2017,4,9
2017-04-10,4N90E,30.19,74.95,100,2017,4,10
2017-04-11,4N90E,29.9,60.14,101,2017,4,11
2017-04-12,4N90E,29.79,79.04,102,2017,4,12
2017-04-13,4N90E,29.65,132.14,103,2017,4,13
2017-04-14,4N90E,29.56,265.43,104,2017,4,14
2017-04-15,4N90E,29.35,272.06,105,2017,4,15
2017-04-16,4N90E,29.47,200.57,106,2017,4,16
2017-04-17,4N90E,29.63,257.26,107,2017,4,17
2017-04-18,4N90E,29.69,236.32,108,2017,4,18
2017-04-19,4N90E,29.79,282.79,109,2017,4,19
2017-04-20,4N90E,29.89,272.58,110,2017,4,20
2017-04-21,4N90E,30.2,262.36,111,2017,4,21
2017-04-22,4N90E,30.17,295.04,112,2017,4,22
2017-04-23,4N90E,30.42,265.94,113,2017,4,23
2017-04-24,4N90E,30.52,307.81,114,2017,4,24
2017-04-25,4N90E,30.29,294.53,115,2017,4,25
2017-04-26,4N90E,30.22,278.19,116,2017,4,26
2017-04-27,4N90E,30.16,288.92,117,2017,4,27
2017-04-28,4N90E,30.19,280.75,118,2017,4,28
2017-04-29,4N90E,30.44,282.79,119,2017,4,29
2017-04-30,4N90E,30.94,300.66,120,2017,4,30
2017-05-01,4N90E,30.53,233.25,121,2017,5,1
2017-05-02,4N90E,30.73,249.6,122,2017,5,2
2017-05-03,4N90E,30.61,257.26,123,2017,5,3
2017-05-04,4N90E,30.72,261.34,124,2017,5,4
2017-05-05,4N90E,30.51,223.04,125,2017,5,5
2017-05-06,4N90E,30.51,249.08,126,2017,5,6
2017-05-07,4N90E,30.84,295.04,127,2017,5,7
2017-05-08,4N90E,31.03,274.11,128,2017,5,8
2017-05-09,4N90E,30.38,89.25,129,2017,5,9
2017-05-10,4N90E,30.26,166.87,130,2017,5,10
2017-05-11,4N90E,30.05,47.38,131,2017,5,11
2017-05-12,4N90E,29.98,58.61,132,2017,5,12
2017-05-13,4N90E,30.01,230.19,133,2017,5,13
2017-05-14,4N90E,29.88,90.27,134,2017,5,14
2017-05-15,4N90E,29.88,212.83,135,2017,5,15
2017-05-16,4N90E,29.78,48.4,136,2017,5,16
2017-05-17,4N90E,29.73,133.68,137,2017,5,17
2017-05-18,4N90E,29.69,110.19,138,2017,5,18
2017-05-19,4N90E,29.6,173.51,139,2017,5,19
2017-05-20,4N90E,29.5,59.12,140,2017,5,20
2017-05-21,4N90E,29.4,107.12,141,2017,5,21
2017-05-22,4N90E,29.15,38.69,142,2017,5,22
2017-05-23,4N90E,28.96,62.69,143,2017,5,23
2017-05-24,4N90E,28.89,155.63,144,2017,5,24
2017-05-25,4N90E,28.97,235.3,145,2017,5,25
2017-05-26,4N90E,29.1,278.7,146,2017,5,26
2017-05-27,4N90E,29.15,264.92,147,2017,5,27
2017-05-28,4N90E,29.13,263.89,148,2017,5,28
2017-05-29,4N90E,29.19,261.34,149,2017,5,29
2017-05-30,4N90E,29.17,267.47,150,2017,5,30
2017-05-31,4N90E,29.14,181.68,151,2017,5,31
2017-06-01,4N90E,29.01,112.23,152,2017,6,1
2017-06-02,4N90E,28.99,170.44,153,2017,6,2
2017-06-03,4N90E,28.99,98.95,154,2017,6,3
2017-06-04,4N90E,29.13,232.23,155,2017,6,4
2017-06-05,4N90E,29.13,186.78,156,2017,6,5
2017-06-06,4N90E,29.18,270.53,157,2017,6,6
2017-06-07,4N90E,29.11,229.17,158,2017,6,7
2017-06-08,4N90E,29.12,304.24,159,2017,6,8
2017-06-09,4N90E,29.16,287.895,160,2017,6,9
2017-06-10,4N90E,29.17,271.55,161,2017,6,10
2017-06-11,4N90E,29.19,260.83,162,2017,6,11
2017-06-12,4N90E,29.24,265.43,163,2017,6,12
2017-06-13,4N90E,29.17,264.92,164,2017,6,13
2017-06-14,4N90E,29.23,274.62,165,2017,6,14
2017-06-15,4N90E,29.23157746478873,274.47230985915496,166,2017,6,15
2017-06-16,4N90E,29.233154929577466,274.32461971830986,167,2017,6,16
2017-06-17,4N90E,29.234732394366198,274.1769295774648,168,2017,6,17
2017-06-18,4N90E,29.314957073424978,249.29249405025968,169,2017,6,18
2017-06-19,4N90E,29.315970718699724,249.24858292851823,170,2017,6,19
2017-06-20,4N90E,29.316984363974473,249.20467180677676,171,2017,6,20
2017-06-21,4N90E,29.317998009249223,249.16076068503529,172,2017,6,21
2017-06-22,4N90E,29.31901165452397,249.1168495632938,173,2017,6,22
2017-06-23,4N90E,29.32002529979872,249.07293844155237,174,2017,6,23
2017-06-24,4N90E,29.321038945073468,249.0290273198109,175,2017,6,24
2017-06-25,4N90E,29.322052590348214,248.98511619806942,176,2017,6,25
2017-06-26,4N90E,29.323066235622964,248.94120507632795,177,2017,6,26
2017-06-27,4N90E,29.324079880897713,248.8972939545865,178,2017,6,27
2017-06-28,4N90E,29.325093526172463,248.85338283284503,179,2017,6,28
2017-06-29,4N90E,29.32610717144721,248.80947171110355,180,2017,6,29
2017-06-30,4N90E,29.32712081672196,248.76556058936208,181,2017,6,30
2017-07-01,4N90E,29.328134461996708,248.72164946762064,182,2017,7,1
2017-07-02,4N90E,29.329148107271454,248.67773834587916,183,2017,7,2
2017-07-03,4N90E,29.330161752546204,248.6338272241377,184,2017,7,3
2017-07-04,4N90E,29.331175397820953,248.58991610239622,185,2017,7,4
2017-07-05,4N90E,29.3321890430957,248.54600498065477,186,2017,7,5
2017-07-06,4N90E,29.33320268837045,248.5020938589133,187,2017,7,6
2017-07-07,4N90E,29.334216333645198,248.45818273717182,188,2017,7,7
2017-07-08,4N90E,29.335229978919944,248.41427161543035,189,2017,7,8
2017-07-09,4N90E,29.336243624194694,248.3703604936889,190,2017,7,9
2017-07-10,4N90E,29.337257269469443,248.32644937194743,191,2017,7,10
2017-07-11,4N90E,29.33827091474419,248.28253825020596,192,2017,7,11
2017-07-12,4N90E,29.33928456001894,248.23862712846451,193,2017,7,12
2017-07-13,4N90E,29.34029820529369,248.19471600672304,194,2017,7,13
2017-07-14,4N90E,29.341311850568434,248.15080488498157,195,2017,7,14
2017-07-15,4N90E,29.342325495843184,248.1068937632401,196,2017,7,15
2017-07-16,4N90E,29.343339141117934,248.06298264149865,197,2017,7,16
2017-07-17,4N90E,29.344352786392683,248.01907151975718,198,2017,7,17
2017-07-18,4N90E,29.34536643166743,247.9751603980157,199,2017,7,18
2017-07-19,4N90E,29.34638007694218,247.93124927627423,200,2017,7,19
2017-07-20,4N90E,29.34739372221693,247.88733815453278,201,2017,7,20
2017-07-21,4N90E,29.348407367491674,247.8434270327913,202,2017,7,21
2017-07-22,4N90E,29.349421012766424,247.79951591104984,203,2017,7,22
2017-07-23,4N90E,29.350434658041173,247.75560478930836,204,2017,7,23
2017-07-24,4N90E,29.35144830331592,247.71169366756692,205,2017,7,24
2017-07-25,4N90E,29.35246194859067,247.66778254582545,206,2017,7,25
2017-07-26,4N90E,29.35347559386542,247.62387142408397,207,2017,7,26
2017-07-27,4N90E,29.354489239140165,247.5799603023425,208,2017,7,27
2017-07-28,4N90E,29.355502884414914,247.53604918060105,209,2017,7,28
2017-07-29,4N90E,29.356516529689664,247.49213805885958,210,2017,7,29
2017-07-30,4N90E,29.35753017496441,247.4482269371181,211,2017,7,30
2017-07-31,4N90E,29.35854382023916,247.40431581537666,212,2017,7,31
2017-08-01,4N90E,29.35955746551391,247.3604046936352,213,2017,8,1
2017-08-02,4N90E,29.360571110788655,247.31649357189372,214,2017,8,2
2017-08-03,4N90E,29.361584756063404,247.27258245015224,215,2017,8,3
2017-08-04,4N90E,29.362598401338154,247.2286713284108,216,2017,8,4
2017-08-05,4N90E,29.363612046612904,247.18476020666932,217,2017,8,5
2017-08-06,4N90E,29.36462569188765,247.14084908492785,218,2017,8,6
2017-08-07,4N90E,29.3656393371624,247.09693796318638,219,2017,8,7
2017-08-08,4N90E,29.36665298243715,247.05302684144493,220,2017,8,8
2017-08-09,4N90E,29.367666627711895,247.00911571970346,221,2017,8,9
2017-08-10,4N90E,29.368680272986644,246.96520459796199,222,2017,8,10
2017-08-11,4N90E,29.369693918261394,246.9212934762205,223,2017,8,11
2017-08-12,4N90E,29.37070756353614,246.87738235447907,224,2017,8,12
2017-08-13,4N90E,29.37172120881089,246.8334712327376,225,2017,8,13
2017-08-14,4N90E,29.37273485408564,246.78956011099612,226,2017,8,14
2017-08-15,4N90E,29.373748499360385,246.74564898925465,227,2017,8,15
2017-08-16,4N90E,29.374762144635135,246.7017378675132,228,2017,8,16
2017-08-17,4N90E,29.375775789909884,246.65782674577173,229,2017,8,17
2017-08-18,4N90E,29.37678943518463,246.61391562403026,230,2017,8,18
2017-08-19,4N90E,29.37780308045938,246.57000450228878,231,2017,8,19
2017-08-20,4N90E,29.37881672573413,246.52609338054734,232,2017,8,20
2017-08-21,4N90E,29.37983037100888,246.48218225880586,233,2017,8,21
2017-08-22,4N90E,29.380844016283625,246.4382711370644,234,2017,8,22
2017-08-23,4N90E,29.381857661558374,246.39436001532295,235,2017,8,23
2017-08-24,4N90E,29.382871306833124,246.35044889358147,236,2017,8,24
2017-08-25,4N90E,29.38388495210787,246.30653777184,237,2017,8,25
2017-08-26,4N90E,29.38489859738262,246.26262665009853,238,2017,8,26
2017-08-27,4N90E,29.38591224265737,246.21871552835708,239,2017,8,27
2017-08-28,4N90E,29.386925887932115,246.1748044066156,240,2017,8,28
2017-08-29,4N90E,29.387939533206865,246.13089328487413,241,2017,8,29
2017-08-30,4N90E,29.388953178481614,246.08698216313266,242,2017,8,30
2017-08-31,4N90E,29.38996682375636,246.04307104139122,243,2017,8,31
2017-09-01,4N90E,29.39098046903111,245.99915991964974,244,2017,9,1
2017-09-02,4N90E,29.39199411430586,245.95524879790827,245,2017,9,2
2017-09-03,4N90E,29.393007759580605,245.9113376761668,246,2017,9,3
2017-09-04,4N90E,29.394021404855355,245.86742655442535,247,2017,9,4
2017-09-05,4N90E,29.395035050130105,245.82351543268388,248,2017,9,5
2017-09-06,4N90E,29.39604869540485,245.7796043109424,249,2017,9,6
2017-09-07,4N90E,29.3970623406796,245.73569318920093,250,2017,9,7
2017-09-08,4N90E,29.39807598595435,245.69178206745949,251,2017,9,8
2017-09-09,4N90E,29.3990896312291,245.647870945718,252,2017,9,9
2017-09-10,4N90E,29.400103276503845,245.60395982397654,253,2017,9,10
2017-09-11,4N90E,29.401116921778595,245.56004870223506,254,2017,9,11
2017-09-12,4N90E,29.402130567053344,245.51613758049362,255,2017,9,12
2017-09-13,4N90E,29.40314421232809,245.47222645875215,256,2017,9,13
2017-09-14,4N90E,29.40415785760284,245.42831533701067,257,2017,9,14
2017-09-15,4N90E,29.40517150287759,245.38440421526923,258,2017,9,15
2017-09-16,4N90E,29.406185148152336,245.34049309352775,259,2017,9,16
2017-09-17,4N90E,29.407198793427085,245.29658197178628,260,2017,9,17
2017-09-18,4N90E,29.408212438701835,245.2526708500448,261,2017,9,18
2017-09-19,4N90E,29.40922608397658,245.20875972830336,262,2017,9,19
2017-09-20,4N90E,29.41023972925133,245.1648486065619,263,2017,9,20
2017-09-21,4N90E,29.41125337452608,245.12093748482042,264,2017,9,21
2017-09-22,4N90E,29.412267019800826,245.07702636307894,265,2017,9,22
2017-09-23,4N90E,29.413280665075575,245.0331152413375,266,2017,9,23
2017-09-24,4N90E,29.414294310350325,244.98920411959602,267,2017,9,24
2017-09-25,4N90E,29.41530795562507,244.94529299785455,268,2017,9,25
2017-09-26,4N90E,29.41632160089982,244.90138187611308,269,2017,9,26
2017-09-27,4N90E,29.41733524617457,244.85747075437163,270,2017,9,27
2017-09-28,4N90E,29.41834889144932,244.81355963263016,271,2017,9,28
2017-09-29,4N90E,29.419362536724066,244.7696485108887,272,2017,9,29
2017-09-30,4N90E,29.420376181998815,244.7257373891472,273,2017,9,30
2017-10-01,4N90E,29.421389827273565,244.68182626740577,274,2017,10,1
2017-10-02,4N90E,29.42240347254831,244.6379151456643,275,2017,10,2
2017-10-03,4N90E,29.42341711782306,244.59400402392282,276,2017,10,3
2017-10-04,4N90E,29.42443076309781,244.55009290218135,277,2017,10,4
2017-10-05,4N90E,29.425444408372556,244.5061817804399,278,2017,10,5
2017-10-06,4N90E,29.426458053647305,244.46227065869843,279,2017,10,6
2017-10-07,4N90E,29.427471698922055,244.41835953695696,280,2017,10,7
2017-10-08,4N90E,29.4284853441968,244.3744484152155,281,2017,10,8
2017-10-09,4N90E,29.42949898947155,244.33053729347404,282,2017,10,9
2017-10-10,4N90E,29.4305126347463,244.28662617173256,283,2017,10,10
2017-10-11,4N90E,29.431526280021046,244.2427150499911,284,2017,10,11
2017-10-12,4N90E,29.432539925295796,244.19880392824965,285,2017,10,12
2017-10-13,4N90E,29.433553570570545,244.15489280650817,286,2017,10,13
2017-10-14,4N90E,29.43456721584529,244.1109816847667,287,2017,10,14
2017-10-15,4N90E,29.43558086112004,244.06707056302523,288,2017,10,15
2017-10-16,4N90E,29.43659450639479,244.02315944128378,289,2017,10,16
2017-10-17,4N90E,29.43760815166954,243.9792483195423,290,2017,10,17
2017-10-18,4N90E,29.438621796944286,243.93533719780083,291,2017,10,18
2017-10-19,4N90E,29.439635442219036,243.89142607605936,292,2017,10,19
2017-10-20,4N90E,29.440649087493785,243.84751495431792,293,2017,10,20
2017-10-21,4N90E,29.44166273276853,243.80360383257644,294,2017,10,21
2017-10-22,4N90E,29.44267637804328,243.75969271083497,295,2017,10,22
2017-10-23,4N90E,29.44369002331803,243.7157815890935,296,2017,10,23
2017-10-24,4N90E,29.444703668592776,243.67187046735205,297,2017,10,24
2017-10-25,4N90E,29.445717313867526,243.62795934561058,298,2017,10,25
2017-10-26,4N90E,29.446730959142275,243.5840482238691,299,2017,10,26
2017-10-27,4N90E,29.44774460441702,243.54013710212763,300,2017,10,27
2017-10-28,4N90E,29.44875824969177,243.49622598038619,301,2017,10,28
2017-10-29,4N90E,29.44977189496652,243.4523148586447,302,2017,10,29
2017-10-30,4N90E,29.450785540241267,243.40840373690324,303,2017,10,30
2017-10-31,4N90E,29.451799185516016,243.3644926151618,304,2017,10,31
2017-11-01,4N90E,29.452812830790766,243.32058149342032,305,2017,11,1
2017-11-02,4N90E,29.45382647606551,243.27667037167885,306,2017,11,2
2017-11-03,4N90E,29.45484012134026,243.23275924993737,307,2017,11,3
2017-11-04,4N90E,29.45585376661501,243.18884812819593,308,2017,11,4
2017-11-05,4N90E,29.45686741188976,243.14493700645446,309,2017,11,5
2017-11-06,4N90E,29.457881057164506,243.10102588471298,310,2017,11,6
2017-11-07,4N90E,29.458894702439256,243.0571147629715,311,2017,11,7
2017-11-08,4N90E,29.459908347714006,243.01320364123006,312,2017,11,8
2017-11-09,4N90E,29.46092199298875,242.9692925194886,313,2017,11,9
2017-11-10,4N90E,29.4619356382635,242.92538139774712,314,2017,11,10
2017-11-11,4N90E,29.46294928353825,242.88147027600564,315,2017,11,11
2017-11-12,4N90E,29.463962928812997,242.8375591542642,316,2017,11,12
2017-11-13,4N90E,29.464976574087746,242.79364803252273,317,2017,11,13
2017-11-14,4N90E,29.465990219362496,242.74973691078125,318,2017,11,14
2017-11-15,4N90E,29.467003864637242,242.70582578903978,319,2017,11,15
2017-11-16,4N90E,29.46801750991199,242.66191466729833,320,2017,11,16
2017-11-17,4N90E,29.46903115518674,242.61800354555686,321,2017,11,17
2017-11-18,4N90E,29.470044800461487,242.5740924238154,322,2017,11,18
2017-11-19,4N90E,29.471058445736237,242.53018130207394,323,2017,11,19
2017-11-20,4N90E,29.472072091010986,242.48627018033247,324,2017,11,20
2017-11-21,4N90E,29.473085736285732,242.442359058591,325,2017,11,21
2017-11-22,4N90E,29.47409938156048,242.39844793684952,326,2017,11,22
2017-11-23,4N90E,29.47511302683523,242.35453681510808,327,2017,11,23
2017-11-24,4N90E,29.47612667210998,242.3106256933666,328,2017,11,24
2017-11-25,4N90E,29.477140317384727,242.26671457162513,329,2017,11,25
2017-11-26,4N90E,29.478153962659476,242.22280344988366,330,2017,11,26
2017-11-27,4N90E,29.479167607934226,242.1788923281422,331,2017,11,27
2017-11-28,4N90E,29.480181253208972,242.13498120640074,332,2017,11,28
2017-11-29,4N90E,29.48119489848372,242.09107008465926,333,2017,11,29
2017-11-30,4N90E,29.48220854375847,242.0471589629178,334,2017,11,30
2017-12-01,4N90E,29.483222189033217,242.00324784117635,335,2017,12,1
2017-12-02,4N90E,29.484235834307967,241.95933671943487,336,2017,12,2
2017-12-03,4N90E,29.485249479582716,241.9154255976934,337,2017,12,3
2017-12-04,4N90E,29.486263124857462,241.87151447595193,338,2017,12,4
2017-12-05,4N90E,29.487276770132212,241.82760335421048,339,2017,12,5
2017-12-06,4N90E,29.48829041540696,241.783692232469,340,2017,12,6
2017-12-07,4N90E,29.489304060681707,241.73978111072753,341,2017,12,7
2017-12-08,4N90E,29.490317705956457,241.6958699889861,342,2017,12,8
2017-12-09,4N90E,29.491331351231207,241.65195886724462,343,2017,12,9
2017-12-10,4N90E,29.492344996505953,241.60804774550314,344,2017,12,10
2017-12-11,4N90E,29.493358641780702,241.56413662376167,345,2017,12,11
2017-12-12,4N90E,29.49437228705545,241.52022550202022,346,2017,12,12
2017-12-13,4N90E,29.4953859323302,241.47631438027875,347,2017,12,13
2017-12-14,4N90E,29.496399577604947,241.43240325853728,348,2017,12,14
2017-12-15,4N90E,29.497413222879697,241.3884921367958,349,2017,12,15
2017-12-16,4N90E,29.498426868154446,241.34458101505436,350,2017,12,16
2017-12-17,4N90E,29.499440513429192,241.3006698933129,351,2017,12,17
2017-12-18,4N90E,29.500454158703942,241.2567587715714,352,2017,12,18
2017-12-19,4N90E,29.50146780397869,241.21284764982994,353,2017,12,19
2017-12-20,4N90E,29.502481449253438,241.1689365280885,354,2017,12,20
2017-12-21,4N90E,29.503495094528187,241.12502540634702,355,2017,12,21
2017-12-22,4N90E,29.504508739802937,241.08111428460555,356,2017,12,22
2017-12-23,4N90E,29.505522385077683,241.03720316286407,357,2017,12,23
2017-12-24,4N90E,29.506536030352432,240.99329204112263,358,2017,12,24
2017-12-25,4N90E,29.507549675627182,240.94938091938116,359,2017,12,25
2017-12-26,4N90E,29.508563320901928,240.90546979763968,360,2017,12,26
2017-12-27,4N90E,29.509576966176677,240.8615586758982,361,2017,12,27
2017-12-28,4N90E,29.510590611451427,240.81764755415676,362,2017,12,28
2017-12-29,4N90E,29.511604256726173,240.7737364324153,363,2017,12,29
2017-12-30,4N90E,29.512617902000922,240.72982531067382,364,2017,12,30
2017-12-31,4N90E,29.513631547275672,240.68591418893237,365,2017,12,31
2018-01-01,4N90E,29.51464519255042,240.6420030671909,1,2018,1,1
2018-01-02,4N90E,29.515658837825168,240.59809194544943,2,2018,1,2
2018-01-03,4N90E,29.516672483099917,240.55418082370795,3,2018,1,3
2018-01-04,4N90E,29.517686128374667,240.5102697019665,4,2018,1,4
2018-01-05,4N90E,29.518699773649413,240.46635858022503,5,2018,1,5
2018-01-06,4N90E,29.519713418924162,240.42244745848356,6,2018,1,6
2018-01-07,4N90E,29.520727064198912,240.3785363367421,7,2018,1,7
2018-01-08,4N90E,29.521740709473658,240.33462521500064,8,2018,1,8
2018-01-09,4N90E,29.522754354748407,240.29071409325917,9,2018,1,9
2018-01-10,4N90E,29.523768000023157,240.2468029715177,10,2018,1,10
2018-01-11,4N90E,29.524781645297903,240.20289184977622,11,2018,1,11
2018-01-12,4N90E,29.525795290572653,240.15898072803478,12,2018,1,12
2018-01-13,4N90E,29.526808935847402,240.1150696062933,13,2018,1,13
2018-01-14,4N90E,29.527822581122148,240.07115848455183,14,2018,1,14
2018-01-15,4N90E,29.528836226396898,240.02724736281036,15,2018,1,15
2018-01-16,4N90E,29.529849871671647,239.9833362410689,16,2018,1,16
2018-01-17,4N90E,29.530863516946397,239.93942511932744,17,2018,1,17
2018-01-18,4N90E,29.531877162221143,239.89551399758597,18,2018,1,18
2018-01-19,4N90E,29.532890807495892,239.8516028758445,19,2018,1,19
2018-01-20,4N90E,29.533904452770642,239.80769175410305,20,2018,1,20
2018-01-21,4N90E,29.534918098045388,239.76378063236157,21,2018,1,21
2018-01-22,4N90E,29.535931743320138,239.7198695106201,22,2018,1,22
2018-01-23,4N90E,29.536945388594887,239.67595838887866,23,2018,1,23
2018-01-24,4N90E,29.537959033869633,239.63204726713718,24,2018,1,24
2018-01-25,4N90E,29.538972679144383,239.5881361453957,25,2018,1,25
2018-01-26,4N90E,29.539986324419132,239.54422502365423,26,2018,1,26
2018-01-27,4N90E,29.54099996969388,239.5003139019128,27,2018,1,27
2018-01-28,4N90E,29.542013614968628,239.45640278017132,28,2018,1,28
2018-01-29,4N90E,29.543027260243377,239.41249165842984,29,2018,1,29
2018-01-30,4N90E,29.544040905518123,239.36858053668837,30,2018,1,30
2018-01-31,4N90E,29.545054550792873,239.32466941494692,31,2018,1,31
2018-02-01,4N90E,29.546068196067623,239.28075829320545,32,2018,2,1
2018-02-02,4N90E,29.54708184134237,239.23684717146398,33,2018,2,2
2018-02-03,4N90E,29.548095486617118,239.1929360497225,34,2018,2,3
2018-02-04,4N90E,29.549109131891868,239.14902492798106,35,2018,2,4
2018-02-05,4N90E,29.550122777166617,239.1051138062396,36,2018,2,5
2018-02-06,4N90E,29.551136422441363,239.0612026844981,37,2018,2,6
2018-02-07,4N90E,29.552150067716113,239.01729156275664,38,2018,2,7
2018-02-08,4N90E,29.553163712990862,238.9733804410152,39,2018,2,8
2018-02-09,4N90E,29.55417735826561,238.92946931927372,40,2018,2,9
2018-02-10,4N90E,29.555191003540358,238.88555819753225,41,2018,2,10
2018-02-11,4N90E,29.556204648815108,238.84164707579077,42,2018,2,11
2018-02-12,4N90E,29.557218294089854,238.79773595404933,43,2018,2,12
2018-02-13,4N90E,29.558231939364603,238.75382483230786,44,2018,2,13
2018-02-14,4N90E,29.559245584639353,238.70991371056638,45,2018,2,14
2018-02-15,4N90E,29.5602592299141,238.66600258882494,46,2018,2,15
2018-02-16,4N90E,29.56127287518885,238.62209146708346,47,2018,2,16
2018-02-17,4N90E,29.562286520463598,238.578180345342,48,2018,2,17
2018-02-18,4N90E,29.563300165738344,238.53426922360052,49,2018,2,18
2018-02-19,4N90E,29.564313811013093,238.49035810185907,50,2018,2,19
2018-02-20,4N90E,29.565327456287843,238.4464469801176,51,2018,2,20
2018-02-21,4N90E,29.56634110156259,238.40253585837613,52,2018,2,21
2018-02-22,4N90E,29.56735474683734,238.35862473663465,53,2018,2,22
2018-02-23,4N90E,29.568368392112088,238.3147136148932,54,2018,2,23
2018-02-24,4N90E,29.569382037386838,238.27080249315173,55,2018,2,24
2018-02-25,4N90E,29.570395682661584,238.22689137141026,56,2018,2,25
2018-02-26,4N90E,29.571409327936333,238.1829802496688,57,2018,2,26
2018-02-27,4N90E,29.572422973211083,238.13906912792734,58,2018,2,27
2018-02-28,4N90E,29.57343661848583,238.09515800618587,59,2018,2,28
2018-03-01,4N90E,29.57445026376058,238.0512468844444,60,2018,3,1
2018-03-02,4N90E,29.575463909035328,238.00733576270292,61,2018,3,2
2018-03-03,4N90E,29.576477554310074,237.96342464096148,62,2018,3,3
2018-03-04,4N90E,29.577491199584824,237.91951351922,63,2018,3,4
2018-03-05,4N90E,29.578504844859573,237.87560239747853,64,2018,3,5
2018-03-06,4N90E,29.57951849013432,237.83169127573706,65,2018,3,6
2018-03-07,4N90E,29.58053213540907,237.7877801539956,66,2018,3,7
2018-03-08,4N90E,29.58154578068382,237.74386903225414,67,2018,3,8
2018-03-09,4N90E,29.582559425958564,237.69995791051267,68,2018,3,9
2018-03-10,4N90E,29.583573071233314,237.65604678877122,69,2018,3,10
2018-03-11,4N90E,29.584586716508063,237.61213566702975,70,2018,3,11
2018-03-12,4N90E,29.58560036178281,237.56822454528827,71,2018,3,12
2018-03-13,4N90E,29.58661400705756,237.5243134235468,72,2018,3,13
2018-03-14,4N90E,29.58762765233231,237.48040230180536,73,2018,3,14
2018-03-15,4N90E,29.588641297607058,237.43649118006388,74,2018,3,15
2018-03-16,4N90E,29.589654942881804,237.3925800583224,75,2018,3,16
2018-03-17,4N90E,29.590668588156554,237.34866893658094,76,2018,3,17
2018-03-18,4N90E,29.591682233431303,237.3047578148395,77,2018,3,18
2018-03-19,4N90E,29.59269587870605,237.26084669309802,78,2018,3,19
2018-03-20,4N90E,29.5937095239808,237.21693557135654,79,2018,3,20
2018-03-21,4N90E,29.59472316925555,237.17302444961507,80,2018,3,21
2018-03-22,4N90E,29.595736814530294,237.12911332787363,81,2018,3,22
2018-03-23,4N90E,29.596750459805044,237.08520220613215,82,2018,3,23
2018-03-24,4N90E,29.597764105079793,237.04129108439068,83,2018,3,24
2018-03-25,4N90E,29.59877775035454,236.99737996264923,84,2018,3,25
2018-03-26,4N90E,29.59979139562929,236.95346884090776,85,2018,3,26
2018-03-27,4N90E,29.60080504090404,236.9095577191663,86,2018,3,27
2018-03-28,4N90E,29.601818686178785,236.8656465974248,87,2018,3,28
2018-03-29,4N90E,29.602832331453534,236.82173547568334,88,2018,3,29
2018-03-30,4N90E,29.603845976728284,236.7778243539419,89,2018,3,30
2018-03-31,4N90E,29.60485962200303,236.73391323220042,90,2018,3,31
2018-04-01,4N90E,29.60587326727778,236.69000211045895,91,2018,4,1
2018-04-02,4N90E,29.60688691255253,236.6460909887175,92,2018,4,2
2018-04-03,4N90E,29.60790055782728,236.60217986697603,93,2018,4,3
2018-04-04,4N90E,29.608914203102024,236.55826874523456,94,2018,4,4
2018-04-05,4N90E,29.609927848376774,236.51435762349308,95,2018,4,5
2018-04-06,4N90E,29.610941493651524,236.47044650175164,96,2018,4,6
2018-04-07,4N90E,29.61195513892627,236.42653538001016,97,2018,4,7
2018-04-08,4N90E,29.61296878420102,236.3826242582687,98,2018,4,8
2018-04-09,4N90E,29.61398242947577,236.33871313652722,99,2018,4,9
2018-04-10,4N90E,29.614996074750515,236.29480201478577,100,2018,4,10
2018-04-11,4N90E,29.616009720025264,236.2508908930443,101,2018,4,11
2018-04-12,4N90E,29.617023365300014,236.20697977130283,102,2018,4,12
2018-04-13,4N90E,29.61803701057476,236.16306864956135,103,2018,4,13
2018-04-14,4N90E,29.61905065584951,236.1191575278199,104,2018,4,14
2018-04-15,4N90E,29.62006430112426,236.07524640607843,105,2018,4,15
2018-04-16,4N90E,29.621077946399005,236.03133528433696,106,2018,4,16
2018-04-17,4N90E,29.622091591673755,235.98742416259552,107,2018,4,17
2018-04-18,4N90E,29.623105236948504,235.94351304085404,108,2018,4,18
2018-04-19,4N90E,29.62411888222325,235.89960191911257,109,2018,4,19
2018-04-20,4N90E,29.625132527498,235.8556907973711,110,2018,4,20
2018-04-21,4N90E,29.62614617277275,235.81177967562965,111,2018,4,21
2018-04-22,4N90E,29.6271598180475,235.76786855388818,112,2018,4,22
2018-04-23,4N90E,29.628173463322245,235.7239574321467,113,2018,4,23
2018-04-24,4N90E,29.629187108596994,235.68004631040523,114,2018,4,24
2018-04-25,4N90E,29.630200753871744,235.6361351886638,115,2018,4,25
2018-04-26,4N90E,29.63121439914649,235.5922240669223,116,2018,4,26
2018-04-27,4N90E,29.63222804442124,235.54831294518084,117,2018,4,27
2018-04-28,4N90E,29.63324168969599,235.50440182343937,118,2018,4,28
2018-04-29,4N90E,29.634255334970735,235.46049070169792,119,2018,4,29
2018-04-30,4N90E,29.635268980245485,235.41657957995645,120,2018,4,30
2018-05-01,4N90E,29.636282625520234,235.37266845821497,121,2018,5,1
2018-05-02,4N90E,29.63729627079498,235.3287573364735,122,2018,5,2
2018-05-03,4N90E,29.63830991606973,235.28484621473206,123,2018,5,3
2018-05-04,4N90E,29.63932356134448,235.24093509299058,124,2018,5,4
2018-05-05,4N90E,29.640337206619225,235.1970239712491,125,2018,5,5
2018-05-06,4N90E,29.641350851893975,235.15311284950764,126,2018,5,6
2018-05-07,4N90E,29.642364497168725,235.1092017277662,127,2018,5,7
2018-05-08,4N90E,29.643378142443474,235.06529060602472,128,2018,5,8
2018-05-09,4N90E,29.64439178771822,235.02137948428324,129,2018,5,9
2018-05-10,4N90E,29.64540543299297,234.9774683625418,130,2018,5,10
2018-05-11,4N90E,29.64641907826772,234.93355724080033,131,2018,5,11
2018-05-12,4N90E,29.647432723542465,234.88964611905885,132,2018,5,12
2018-05-13,4N90E,29.648446368817215,234.84573499731738,133,2018,5,13
2018-05-14,4N90E,29.649460014091964,234.80182387557593,134,2018,5,14
2018-05-15,4N90E,29.65047365936671,234.75791275383446,135,2018,5,15
2018-05-16,4N90E,29.65148730464146,234.714001632093,136,2018,5,16
2018-05-17,4N90E,29.65250094991621,234.6700905103515,137,2018,5,17
2018-05-18,4N90E,29.653514595190956,234.62617938861007,138,2018,5,18
2018-05-19,4N90E,29.654528240465705,234.5822682668686,139,2018,5,19
2018-05-20,4N90E,29.655541885740455,234.53835714512712,140,2018,5,20
2018-05-21,4N90E,29.6565555310152,234.49444602338565,141,2018,5,21
2018-05-22,4N90E,29.65756917628995,234.4505349016442,142,2018,5,22
2018-05-23,4N90E,29.6585828215647,234.40662377990273,143,2018,5,23
2018-05-24,4N90E,29.659596466839446,234.36271265816126,144,2018,5,24
2018-05-25,4N90E,29.660610112114195,234.31880153641978,145,2018,5,25
2018-05-26,4N90E,29.661623757388945,234.27489041467834,146,2018,5,26
2018-05-27,4N90E,29.662637402663695,234.23097929293687,147,2018,5,27
2018-05-28,4N90E,29.66365104793844,234.1870681711954,148,2018,5,28
2018-05-29,4N90E,29.66466469321319,234.14315704945392,149,2018,5,29
2018-05-30,4N90E,29.66567833848794,234.09924592771247,150,2018,5,30
2018-05-31,4N90E,29.666691983762686,234.055334805971,151,2018,5,31
2018-06-01,4N90E,29.667705629037435,234.01142368422953,152,2018,6,1
2018-06-02,4N90E,29.668719274312185,233.96751256248808,153,2018,6,2
2018-06-03,4N90E,29.66973291958693,233.9236014407466,154,2018,6,3
2018-06-04,4N90E,29.79,222.19,155,2018,6,4
2018-06-05,4N90E,29.82,230.67,156,2018,6,5
2018-06-06,4N90E,29.9,256.96,157,2018,6,6
2018-06-07,4N90E,29.88,238.72,158,2018,6,7
2018-06-08,4N90E,29.76,243.39,159,2018,6,8
2018-06-09,4N90E,29.55,243.81,160,2018,6,9
2018-06-10,4N90E,29.51,257.38,161,2018,6,10
2018-06-11,4N90E,29.47,253.99,162,2018,6,11
2018-06-12,4N90E,29.5,259.08,163,2018,6,12
2018-06-13,4N90E,29.62,269.25,164,2018,6,13
2018-06-14,4N90E,29.64,262.05,165,2018,6,14
2018-06-15,4N90E,29.58,246.78,166,2018,6,15
2018-06-16,4N90E,29.52,226.0,167,2018,6,16
2018-06-17,4N90E,29.46,227.7,168,2018,6,17
2018-06-18,4N90E,29.37,164.94,169,2018,6,18
2018-06-19,4N90E,29.32,93.7,170,2018,6,19
2018-06-20,4N90E,29.31,179.78,171,2018,6,20
2018-06-21,4N90E,29.42,270.53,172,2018,6,21
2018-06-22,4N90E,29.42,260.35,173,2018,6,22
2018-06-23,4N90E,29.34,167.91,174,2018,6,23
2018-06-24,4N90E,29.35,182.75,175,2018,6,24
2018-06-25,4N90E,29.4,216.67,176,2018,6,25
2018-06-26,4N90E,29.47,245.51,177,2018,6,26
2018-06-27,4N90E,29.45,89.46,178,2018,6,27
2018-06-28,4N90E,29.41,148.83,179,2018,6,28
2018-06-29,4N90E,29.36,176.82,180,2018,6,29
2018-06-30,4N90E,29.4,207.35,181,2018,6,30
2018-07-01,4N90E,29.43,188.69,182,2018,7,1
2018-07-02,4N90E,29.47,239.57,183,2018,7,2
2018-07-03,4N90E,29.49,212.01,184,2018,7,3
2018-07-04,4N90E,29.42,187.42,185,2018,7,4
2018-07-05,4N90E,29.3,218.79,186,2018,7,5
2018-07-06,4N90E,29.2,230.24,187,2018,7,6
2018-07-07,4N90E,29.14,176.39,188,2018,7,7
2018-07-08,4N90E,29.1,222.19,189,2018,7,8
2018-07-09,4N90E,29.01,114.91,190,2018,7,9
2018-07-10,4N90E,28.99,150.95,191,2018,7,10
2018-07-11,4N90E,29.01,198.02,192,2018,7,11
2018-07-12,4N90E,29.06,249.33,193,2018,7,12
2018-07-13,4N90E,28.99,88.19,194,2018,7,13
2018-07-14,4N90E,29.09,250.6,195,2018,7,14
2018-07-15,4N90E,29.05,210.31,196,2018,7,15
2018-07-16,4N90E,29.04,255.69,197,2018,7,16
2018-07-17,4N90E,28.92,184.87,198,2018,7,17
2018-07-18,4N90E,28.77,259.5,199,2018,7,18
2018-07-19,4N90E,28.72,210.74,200,2018,7,19
2018-07-20,4N90E,28.71,240.84,201,2018,7,20
2018-07-21,4N90E,28.67,194.2,202,2018,7,21
2018-07-22,4N90E,28.81,274.34,203,2018,7,22
2018-07-23,4N90E,28.76,271.8,204,2018,7,23
2018-07-24,4N90E,28.72,252.29,205,2018,7,24
2018-07-25,4N90E,28.71,250.6,206,2018,7,25
2018-07-26,4N90E,28.61,92.43,207,2018,7,26
2018-07-27,4N90E,28.61,131.44,208,2018,7,27
2018-07-28,4N90E,28.6,134.84,209,2018,7,28
2018-07-29,4N90E,28.53,127.2,210,2018,7,29
2018-07-30,4N90E,28.52,171.73,211,2018,7,30
2018-07-31,4N90E,28.61,287.49,212,2018,7,31
2018-08-01,4N90E,28.61,287.49,213,2018,8,1
2018-08-02,4N90E,28.61,287.49,214,2018,8,2
2018-08-03,4N90E,28.61,287.49,215,2018,8,3
2018-08-04,4N90E,28.884609427484122,280.3784524145191,216,2018,8,4
2018-08-05,4N90E,28.884609427484122,280.3784524145191,217,2018,8,5
2018-08-06,4N90E,28.884609427484122,280.3784524145191,218,2018,8,6
2018-08-07,4N90E,28.884609427484122,280.3784524145191,219,2018,8,7
2018-08-08,4N90E,28.884609427484122,280.3784524145191,220,2018,8,8
2018-08-09,4N90E,28.884609427484122,280.3784524145191,221,2018,8,9
2018-08-10,4N90E,28.884609427484122,280.3784524145191,222,2018,8,10
2018-08-11,4N90E,28.884609427484122,280.3784524145191,223,2018,8,11
2018-08-12,4N90E,28.884609427484122,280.3784524145191,224,2018,8,12
2018-08-13,4N90E,28.884609427484122,280.3784524145191,225,2018,8,13
2018-08-14,4N90E,28.884609427484122,280.3784524145191,226,2018,8,14
2018-08-15,4N90E,28.884609427484122,280.3784524145191,227,2018,8,15
2018-08-16,4N90E,28.884609427484122,280.3784524145191,228,2018,8,16
2018-08-17,4N90E,28.884609427484122,280.3784524145191,229,2018,8,17
2018-08-18,4N90E,28.884609427484122,280.3784524145191,230,2018,8,18
2018-08-19,4N90E,28.884609427484122,280.3784524145191,231,2018,8,19
2018-08-20,4N90E,28.884609427484122,280.3784524145191,232,2018,8,20
2018-08-21,4N90E,28.884609427484122,280.3784524145191,233,2018,8,21
2018-08-22,4N90E,28.884609427484122,280.3784524145191,234,2018,8,22
2018-08-23,4N90E,28.884609427484122,280.3784524145191,235,2018,8,23
2018-08-24,4N90E,28.884609427484122,280.3784524145191,236,2018,8,24
2018-08-25,4N90E,28.884609427484122,280.3784524145191,237,2018,8,25
2018-08-26,4N90E,28.884609427484122,280.3784524145191,238,2018,8,26
2018-08-27,4N90E,28.884609427484122,280.3784524145191,239,2018,8,27
2018-08-28,4N90E,28.884609427484122,280.3784524145191,240,2018,8,28
2018-08-29,4N90E,28.884609427484122,280.3784524145191,241,2018,8,29
2018-08-30,4N90E,28.884609427484122,280.3784524145191,242,2018,8,30
2018-08-31,4N90E,28.884609427484122,280.3784524145191,243,2018,8,31
2018-09-01,4N90E,28.884609427484122,280.3784524145191,244,2018,9,1
2018-09-02,4N90E,28.884609427484122,280.3784524145191,245,2018,9,2
2018-09-03,4N90E,28.884609427484122,280.3784524145191,246,2018,9,3
2018-09-04,4N90E,28.884609427484122,280.3784524145191,247,2018,9,4
2018-09-05,4N90E,28.884609427484122,280.3784524145191,248,2018,9,5
2018-09-06,4N90E,28.884609427484122,280.3784524145191,249,2018,9,6
2018-09-07,4N90E,28.884609427484122,280.3784524145191,250,2018,9,7
2018-09-08,4N90E,28.884609427484122,280.3784524145191,251,2018,9,8
2018-09-09,4N90E,28.884609427484122,280.3784524145191,252,2018,9,9
2018-09-10,4N90E,28.884609427484122,280.3784524145191,253,2018,9,10
2018-09-11,4N90E,28.884609427484122,280.3784524145191,254,2018,9,11
2018-09-12,4N90E,28.884609427484122,280.3784524145191,255,2018,9,12
2018-09-13,4N90E,28.884609427484122,280.3784524145191,256,2018,9,13
2018-09-14,4N90E,28.884609427484122,280.3784524145191,257,2018,9,14
2018-09-15,4N90E,28.884609427484122,280.3784524145191,258,2018,9,15
2018-09-16,4N90E,28.884609427484122,280.3784524145191,259,2018,9,16
2018-09-17,4N90E,28.884609427484122,280.3784524145191,260,2018,9,17
2018-09-18,4N90E,28.884609427484122,280.3784524145191,261,2018,9,18
2018-09-19,4N90E,28.884609427484122,280.3784524145191,262,2018,9,19
2018-09-20,4N90E,28.884609427484122,280.3784524145191,263,2018,9,20
2018-09-21,4N90E,28.884609427484122,280.3784524145191,264,2018,9,21
2018-09-22,4N90E,28.884609427484122,280.3784524145191,265,2018,9,22
2018-09-23,4N90E,28.884609427484122,280.3784524145191,266,2018,9,23
2018-09-24,4N90E,28.884609427484122,280.3784524145191,267,2018,9,24
2018-09-25,4N90E,28.884609427484122,280.3784524145191,268,2018,9,25
2018-09-26,4N90E,28.884609427484122,280.3784524145191,269,2018,9,26
2018-09-27,4N90E,28.884609427484122,280.3784524145191,270,2018,9,27
2018-09-28,4N90E,28.884609427484122,280.3784524145191,271,2018,9,28
2018-09-29,4N90E,28.884609427484122,280.3784524145191,272,2018,9,29
2018-09-30,4N90E,28.884609427484122,280.3784524145191,273,2018,9,30
2018-10-01,4N90E,28.884609427484122,280.3784524145191,274,2018,10,1
2018-10-02,4N90E,28.884609427484122,280.3784524145191,275,2018,10,2
2018-10-03,4N90E,28.884609427484122,280.3784524145191,276,2018,10,3
2018-10-04,4N90E,28.884609427484122,280.3784524145191,277,2018,10,4
2018-10-05,4N90E,28.884609427484122,280.3784524145191,278,2018,10,5
2018-10-06,4N90E,28.884609427484122,280.3784524145191,279,2018,10,6
2018-10-07,4N90E,28.884609427484122,280.3784524145191,280,2018,10,7
2018-10-08,4N90E,28.884609427484122,280.3784524145191,281,2018,10,8
2018-10-09,4N90E,28.884609427484122,280.3784524145191,282,2018,10,9
2018-10-10,4N90E,28.884609427484122,280.3784524145191,283,2018,10,10
2018-10-11,4N90E,28.884609427484122,280.3784524145191,284,2018,10,11
2018-10-12,4N90E,28.884609427484122,280.3784524145191,285,2018,10,12
2018-10-13,4N90E,28.884609427484122,280.3784524145191,286,2018,10,13
2018-10-14,4N90E,28.884609427484122,280.3784524145191,287,2018,10,14
2018-10-15,4N90E,28.884609427484122,280.3784524145191,288,2018,10,15
2018-10-16,4N90E,28.884609427484122,280.3784524145191,289,2018,10,16
2018-10-17,4N90E,28.884609427484122,280.3784524145191,290,2018,10,17
2018-10-18,4N90E,28.884609427484122,280.3784524145191,291,2018,10,18
2018-10-19,4N90E,28.884609427484122,280.3784524145191,292,2018,10,19
2018-10-20,4N90E,28.884609427484122,280.3784524145191,293,2018,10,20
2018-10-21,4N90E,28.884609427484122,280.3784524145191,294,2018,10,21
2018-10-22,4N90E,28.884609427484122,280.3784524145191,295,2018,10,22
2018-10-23,4N90E,28.884609427484122,280.3784524145191,296,2018,10,23
2018-10-24,4N90E,28.884609427484122,280.3784524145191,297,2018,10,24
2018-10-25,4N90E,28.884609427484122,280.3784524145191,298,2018,10,25
2018-10-26,4N90E,28.884609427484122,280.3784524145191,299,2018,10,26
2018-10-27,4N90E,28.884609427484122,280.3784524145191,300,2018,10,27
2018-10-28,4N90E,28.884609427484122,280.3784524145191,301,2018,10,28
2018-10-29,4N90E,28.884609427484122,280.3784524145191,302,2018,10,29
2018-10-30,4N90E,28.884609427484122,280.3784524145191,303,2018,10,30
2018-10-31,4N90E,28.884609427484122,280.3784524145191,304,2018,10,31
2018-11-01,4N90E,28.884609427484122,280.3784524145191,305,2018,11,1
2018-11-02,4N90E,28.884609427484122,280.3784524145191,306,2018,11,2
2018-11-03,4N90E,28.884609427484122,280.3784524145191,307,2018,11,3
2018-11-04,4N90E,28.884609427484122,280.3784524145191,308,2018,11,4
2018-11-05,4N90E,28.884609427484122,280.3784524145191,309,2018,11,5
2018-11-06,4N90E,28.884609427484122,280.3784524145191,310,2018,11,6
2018-11-07,4N90E,28.884609427484122,280.3784524145191,311,2018,11,7
2018-11-08,4N90E,28.884609427484122,280.3784524145191,312,2018,11,8
2018-11-09,4N90E,28.884609427484122,280.3784524145191,313,2018,11,9
2018-11-10,4N90E,28.884609427484122,280.3784524145191,314,2018,11,10
2018-11-11,4N90E,28.884609427484122,280.3784524145191,315,2018,11,11
2018-11-12,4N90E,28.884609427484122,280.3784524145191,316,2018,11,12
2018-11-13,4N90E,28.884609427484122,280.3784524145191,317,2018,11,13
2018-11-14,4N90E,28.884609427484122,280.3784524145191,318,2018,11,14
2018-11-15,4N90E,28.884609427484122,280.3784524145191,319,2018,11,15
2018-11-16,4N90E,28.884609427484122,280.3784524145191,320,2018,11,16
2018-11-17,4N90E,28.884609427484122,280.3784524145191,321,2018,11,17
2018-11-18,4N90E,28.884609427484122,280.3784524145191,322,2018,11,18
2018-11-19,4N90E,28.884609427484122,280.3784524145191,323,2018,11,19
2018-11-20,4N90E,28.884609427484122,280.3784524145191,324,2018,11,20
2018-11-21,4N90E,28.884609427484122,280.3784524145191,325,2018,11,21
2018-11-22,4N90E,28.884609427484122,280.3784524145191,326,2018,11,22
2018-11-23,4N90E,28.884609427484122,280.3784524145191,327,2018,11,23
2018-11-24,4N90E,28.884609427484122,280.3784524145191,328,2018,11,24
2018-11-25,4N90E,28.884609427484122,280.3784524145191,329,2018,11,25
2018-11-26,4N90E,28.884609427484122,280.3784524145191,330,2018,11,26
2018-11-27,4N90E,28.884609427484122,280.3784524145191,331,2018,11,27
2018-11-28,4N90E,28.884609427484122,280.3784524145191,332,2018,11,28
2018-11-29,4N90E,28.884609427484122,280.3784524145191,333,2018,11,29
2018-11-30,4N90E,28.884609427484122,280.3784524145191,334,2018,11,30
2018-12-01,4N90E,28.884609427484122,280.3784524145191,335,2018,12,1
2018-12-02,4N90E,28.884609427484122,280.3784524145191,336,2018,12,2
2018-12-03,4N90E,28.884609427484122,280.3784524145191,337,2018,12,3
2018-12-04,4N90E,28.884609427484122,280.3784524145191,338,2018,12,4
2018-12-05,4N90E,28.884609427484122,280.3784524145191,339,2018,12,5
2018-12-06,4N90E,28.884609427484122,280.3784524145191,340,2018,12,6
2018-12-07,4N90E,28.884609427484122,280.3784524145191,341,2018,12,7
2018-12-08,4N90E,28.884609427484122,280.3784524145191,342,2018,12,8
2018-12-09,4N90E,28.884609427484122,280.3784524145191,343,2018,12,9
2018-12-10,4N90E,28.884609427484122,280.3784524145191,344,2018,12,10
2018-12-11,4N90E,28.884609427484122,280.3784524145191,345,2018,12,11
2018-12-12,4N90E,28.884609427484122,280.3784524145191,346,2018,12,12
2018-12-13,4N90E,28.884609427484122,280.3784524145191,347,2018,12,13
2018-12-14,4N90E,28.884609427484122,280.3784524145191,348,2018,12,14
2018-12-15,4N90E,28.884609427484122,280.3784524145191,349,2018,12,15
2018-12-16,4N90E,28.884609427484122,280.3784524145191,350,2018,12,16
2018-12-17,4N90E,28.884609427484122,280.3784524145191,351,2018,12,17
2018-12-18,4N90E,28.884609427484122,280.3784524145191,352,2018,12,18
2018-12-19,4N90E,28.884609427484122,280.3784524145191,353,2018,12,19
2018-12-20,4N90E,28.884609427484122,280.3784524145191,354,2018,12,20
2018-12-21,4N90E,28.884609427484122,280.3784524145191,355,2018,12,21
2018-12-22,4N90E,28.884609427484122,280.3784524145191,356,2018,12,22
2018-12-23,4N90E,28.884609427484122,280.3784524145191,357,2018,12,23
2018-12-24,4N90E,28.884609427484122,280.3784524145191,358,2018,12,24
2018-12-25,4N90E,28.884609427484122,280.3784524145191,359,2018,12,25
2018-12-26,4N90E,28.884609427484122,280.3784524145191,360,2018,12,26
2018-12-27,4N90E,28.884609427484122,280.3784524145191,361,2018,12,27
2018-12-28,4N90E,28.884609427484122,280.3784524145191,362,2018,12,28
2018-12-29,4N90E,28.884609427484122,280.3784524145191,363,2018,12,29
2018-12-30,4N90E,28.884609427484122,280.3784524145191,364,2018,12,30
2018-12-31,4N90E,28.884609427484122,280.3784524145191,365,2018,12,31
2006-11-14,8N90E,29.27,222.1,318,2006,11,14
2006-11-15,8N90E,29.04,85.9,319,2006,11,15
2006-11-16,8N90E,28.62,40.0,320,2006,11,16
2006-11-17,8N90E,28.79,250.2,321,2006,11,17
2006-11-18,8N90E,28.86,227.9,322,2006,11,18
2006-11-19,8N90E,28.73,90.0,323,2006,11,19
2006-11-20,8N90E,28.99,235.9,324,2006,11,20
2006-11-21,8N90E,28.84,174.1,325,2006,11,21
2006-11-22,8N90E,29.04,239.3,326,2006,11,22
2006-11-23,8N90E,29.29,241.6,327,2006,11,23
2006-11-24,8N90E,29.39,189.8,328,2006,11,24
2006-11-25,8N90E,29.23,181.6,329,2006,11,25
2006-11-26,8N90E,29.37,220.0,330,2006,11,26
2006-11-27,8N90E,29.23,244.1,331,2006,11,27
2006-11-28,8N90E,29.13,219.9,332,2006,11,28
2006-11-29,8N90E,29.15,214.8,333,2006,11,29
2006-11-30,8N90E,29.16,234.2,334,2006,11,30
2006-12-01,8N90E,29.09,152.5,335,2006,12,1
2006-12-02,8N90E,29.01,170.7,336,2006,12,2
2006-12-03,8N90E,28.95,218.4,337,2006,12,3
2006-12-04,8N90E,28.95,246.7,338,2006,12,4
2006-12-05,8N90E,28.95,215.6,339,2006,12,5
2006-12-06,8N90E,28.93,239.6,340,2006,12,6
2006-12-07,8N90E,28.94,234.5,341,2006,12,7
2006-12-08,8N90E,29.03,226.6,342,2006,12,8
2006-12-09,8N90E,29.07,212.1,343,2006,12,9
2006-12-10,8N90E,29.09,247.1,344,2006,12,10
2006-12-11,8N90E,29.06,224.0,345,2006,12,11
2006-12-12,8N90E,29.04,182.2,346,2006,12,12
2006-12-13,8N90E,28.97,183.7,347,2006,12,13
2006-12-14,8N90E,28.93,239.3,348,2006,12,14
2006-12-15,8N90E,28.89,226.3,349,2006,12,15
2006-12-16,8N90E,28.9,192.5,350,2006,12,16
2006-12-17,8N90E,28.91,178.2,351,2006,12,17
2006-12-18,8N90E,28.89,146.0,352,2006,12,18
2006-12-19,8N90E,28.93,228.4,353,2006,12,19
2006-12-20,8N90E,28.77,231.1,354,2006,12,20
2006-12-21,8N90E,28.29,197.8,355,2006,12,21
2006-12-22,8N90E,28.15,207.2,356,2006,12,22
2006-12-23,8N90E,28.17,200.7,357,2006,12,23
2006-12-24,8N90E,28.17,236.9,358,2006,12,24
2006-12-25,8N90E,28.07,195.4,359,2006,12,25
2006-12-26,8N90E,28.02,223.2,360,2006,12,26
2006-12-27,8N90E,27.98,235.7,361,2006,12,27
2006-12-28,8N90E,27.9,205.3,362,2006,12,28
2006-12-29,8N90E,27.77,220.4,363,2006,12,29
2006-12-30,8N90E,27.62,224.3,364,2006,12,30
2006-12-31,8N90E,27.53,216.0,365,2006,12,31
2007-01-01,8N90E,27.51,229.0,1,2007,1,1
2007-01-02,8N90E,27.45,211.9,2,2007,1,2
2007-01-03,8N90E,27.41,211.8,3,2007,1,3
2007-01-04,8N90E,27.41,224.7,4,2007,1,4
2007-01-05,8N90E,27.63,181.6,5,2007,1,5
2007-01-06,8N90E,27.92,213.6,6,2007,1,6
2007-01-07,8N90E,27.84,41.5,7,2007,1,7
2007-01-08,8N90E,27.95,48.0,8,2007,1,8
2007-01-09,8N90E,27.74,232.3,9,2007,1,9
2007-01-10,8N90E,27.81,221.8,10,2007,1,10
2007-01-11,8N90E,27.84,236.1,11,2007,1,11
2007-01-12,8N90E,27.86,224.5,12,2007,1,12
2007-01-13,8N90E,27.87,234.4,13,2007,1,13
2007-01-14,8N90E,27.99,225.7,14,2007,1,14
2007-01-15,8N90E,27.92,237.6,15,2007,1,15
2007-01-16,8N90E,27.75,221.5,16,2007,1,16
2007-01-17,8N90E,27.79,212.2,17,2007,1,17
2007-01-18,8N90E,27.86,238.3,18,2007,1,18
2007-01-19,8N90E,27.93,228.1,19,2007,1,19
2007-01-20,8N90E,28.08,249.2,20,2007,1,20
2007-01-21,8N90E,28.18,252.7,21,2007,1,21
2007-01-22,8N90E,28.25,122.2,22,2007,1,22
2007-01-23,8N90E,28.11,215.9,23,2007,1,23
2007-01-24,8N90E,28.18,97.5,24,2007,1,24
2007-01-25,8N90E,28.41,81.4,25,2007,1,25
2007-01-26,8N90E,28.04,194.6,26,2007,1,26
2007-01-27,8N90E,28.14,223.4,27,2007,1,27
2007-01-28,8N90E,28.22,234.3,28,2007,1,28
2007-01-29,8N90E,28.17,256.4,29,2007,1,29
2007-01-30,8N90E,27.69,259.0,30,2007,1,30
2007-01-31,8N90E,27.74,248.7,31,2007,1,31
2007-02-01,8N90E,28.07,263.7,32,2007,2,1
2007-02-02,8N90E,28.23,265.6,33,2007,2,2
2007-02-03,8N90E,28.25,256.4,34,2007,2,3
2007-02-04,8N90E,28.3,223.7,35,2007,2,4
2007-02-05,8N90E,28.35,270.8,36,2007,2,5
2007-02-06,8N90E,28.38,241.8,37,2007,2,6
2007-02-07,8N90E,28.41,264.6,38,2007,2,7
2007-02-08,8N90E,28.44,280.4,39,2007,2,8
2007-02-09,8N90E,28.38,231.0,40,2007,2,9
2007-02-10,8N90E,28.55,263.7,41,2007,2,10
2007-02-11,8N90E,28.65,263.2,42,2007,2,11
2007-02-12,8N90E,28.69,254.4,43,2007,2,12
2007-02-13,8N90E,28.75,274.9,44,2007,2,13
2007-02-14,8N90E,28.9,256.4,45,2007,2,14
2007-02-15,8N90E,28.78,280.3,46,2007,2,15
2007-02-16,8N90E,28.76,298.4,47,2007,2,16
2007-02-17,8N90E,28.74,272.7,48,2007,2,17
2007-02-18,8N90E,28.53,294.1,49,2007,2,18
2007-02-19,8N90E,28.35,241.4,50,2007,2,19
2007-02-20,8N90E,28.25,257.9,51,2007,2,20
2007-02-21,8N90E,28.19,248.7,52,2007,2,21
2007-02-22,8N90E,28.19,219.5,53,2007,2,22
2007-02-23,8N90E,28.26,222.5,54,2007,2,23
2007-02-24,8N90E,28.58,279.6,55,2007,2,24
2007-02-25,8N90E,28.23,283.9,56,2007,2,25
2007-02-26,8N90E,28.52,288.5,57,2007,2,26
2007-02-27,8N90E,28.44,290.4,58,2007,2,27
2007-02-28,8N90E,28.38,254.7,59,2007,2,28
2007-03-01,8N90E,28.38,251.4,60,2007,3,1
2007-03-02,8N90E,28.66,251.7,61,2007,3,2
2007-03-03,8N90E,28.38,292.7,62,2007,3,3
2007-03-04,8N90E,28.41,258.0,63,2007,3,4
2007-03-05,8N90E,28.54,266.2,64,2007,3,5
2007-03-06,8N90E,28.54,280.0,65,2007,3,6
2007-03-07,8N90E,28.63,282.7,66,2007,3,7
2007-03-08,8N90E,28.54,276.5,67,2007,3,8
2007-03-09,8N90E,28.71,261.5,68,2007,3,9
2007-03-10,8N90E,28.79,279.6,69,2007,3,10
2007-03-11,8N90E,28.83,279.1,70,2007,3,11
2007-03-12,8N90E,28.9,279.14358974358976,71,2007,3,12
2007-03-13,8N90E,28.87,279.1871794871795,72,2007,3,13
2007-03-14,8N90E,28.88,279.2307692307692,73,2007,3,14
2007-03-15,8N90E,28.79,282.6307566395611,74,2007,3,15
2007-03-16,8N90E,29.09,282.33983945645383,75,2007,3,16
2007-03-17,8N90E,28.91,282.04892227334653,76,2007,3,17
2007-03-18,8N90E,28.82,281.7580050902392,77,2007,3,18
2007-03-19,8N90E,28.89,281.4670879071319,78,2007,3,19
2007-03-20,8N90E,28.95,281.1761707240246,79,2007,3,20
2007-03-21,8N90E,29.11,280.8852535409173,80,2007,3,21
2007-03-22,8N90E,28.93,280.59433635781,81,2007,3,22
2007-03-23,8N90E,28.88,280.3034191747027,82,2007,3,23
2007-03-24,8N90E,28.96,280.0125019915954,83,2007,3,24
2007-03-25,8N90E,28.81,279.72158480848805,84,2007,3,25
2007-03-26,8N90E,28.97,279.43066762538075,85,2007,3,26
2007-03-27,8N90E,28.93,279.13975044227345,86,2007,3,27
2007-03-28,8N90E,29.0,278.84883325916616,87,2007,3,28
2007-03-29,8N90E,29.1,278.55791607605886,88,2007,3,29
2007-03-30,8N90E,29.22,278.26699889295156,89,2007,3,30
2007-03-31,8N90E,29.25,277.97608170984427,90,2007,3,31
2007-04-01,8N90E,29.23,277.6851645267369,91,2007,4,1
2007-04-02,8N90E,29.23,277.3942473436296,92,2007,4,2
2007-04-03,8N90E,29.31,277.1033301605223,93,2007,4,3
2007-04-04,8N90E,29.31,276.812412977415,94,2007,4,4
2007-04-05,8N90E,29.18,276.5214957943077,95,2007,4,5
2007-04-06,8N90E,29.13,276.23057861120043,96,2007,4,6
2007-04-07,8N90E,29.05,275.93966142809313,97,2007,4,7
2007-04-08,8N90E,28.99,275.64874424498583,98,2007,4,8
2007-04-09,8N90E,29.24,275.3578270618785,99,2007,4,9
2007-04-10,8N90E,29.37,275.0669098787712,100,2007,4,10
2007-04-11,8N90E,29.56,274.7759926956639,101,2007,4,11
2007-04-12,8N90E,29.66,274.4850755125566,102,2007,4,12
2007-04-13,8N90E,29.53,274.1941583294493,103,2007,4,13
2007-04-14,8N90E,29.42,273.903241146342,104,2007,4,14
2007-04-15,8N90E,29.26,273.6123239632347,105,2007,4,15
2007-04-16,8N90E,28.96,273.32140678012735,106,2007,4,16
2007-04-17,8N90E,29.19,273.03048959702005,107,2007,4,17
2007-04-18,8N90E,29.51,272.73957241391275,108,2007,4,18
2007-04-19,8N90E,29.82,280.8,109,2007,4,19
2007-04-20,8N90E,30.18,291.6,110,2007,4,20
2007-04-21,8N90E,30.59,273.4,111,2007,4,21
2007-04-22,8N90E,29.73,94.9,112,2007,4,22
2007-04-23,8N90E,30.3,292.2,113,2007,4,23
2007-04-24,8N90E,30.24,212.5,114,2007,4,24
2007-04-25,8N90E,30.24,260.8,115,2007,4,25
2007-04-26,8N90E,30.07,188.0,116,2007,4,26
2007-04-27,8N90E,29.51,108.8,117,2007,4,27
2007-04-28,8N90E,29.28,84.5,118,2007,4,28
2007-04-29,8N90E,29.6,228.5,119,2007,4,29
2007-04-30,8N90E,29.98,236.1,120,2007,4,30
2007-05-01,8N90E,29.96,207.3,121,2007,5,1
2007-05-02,8N90E,30.02,249.2,122,2007,5,2
2007-05-03,8N90E,29.91,226.5,123,2007,5,3
2007-05-04,8N90E,29.74,253.1,124,2007,5,4
2007-05-05,8N90E,29.65,184.9,125,2007,5,5
2007-05-06,8N90E,29.91,200.5,126,2007,5,6
2007-05-07,8N90E,29.66,199.2,127,2007,5,7
2007-05-08,8N90E,29.89,156.7,128,2007,5,8
2007-05-09,8N90E,29.74,149.6,129,2007,5,9
2007-05-10,8N90E,29.57,157.1,130,2007,5,10
2007-05-11,8N90E,29.67,230.6,131,2007,5,11
2007-05-12,8N90E,29.49,192.6,132,2007,5,12
2007-05-13,8N90E,29.3,140.3,133,2007,5,13
2007-05-14,8N90E,29.21,224.6,134,2007,5,14
2007-05-15,8N90E,29.24,268.3,135,2007,5,15
2007-05-16,8N90E,29.22,253.7,136,2007,5,16
2007-05-17,8N90E,29.24,233.9,137,2007,5,17
2007-05-18,8N90E,29.3,260.9,138,2007,5,18
2007-05-19,8N90E,29.28,227.5,139,2007,5,19
2007-05-20,8N90E,29.3,273.2,140,2007,5,20
2007-05-21,8N90E,29.3,268.6,141,2007,5,21
2007-05-22,8N90E,29.38,238.8,142,2007,5,22
2007-05-23,8N90E,29.47,287.2,143,2007,5,23
2007-05-24,8N90E,29.68,289.9,144,2007,5,24
2007-05-25,8N90E,29.7,293.0,145,2007,5,25
2007-05-26,8N90E,29.71,294.9,146,2007,5,26
2007-05-27,8N90E,29.94,288.9,147,2007,5,27
2007-05-28,8N90E,29.89,291.0,148,2007,5,28
2007-05-29,8N90E,29.72,167.2,149,2007,5,29
2007-05-30,8N90E,29.69,185.7,150,2007,5,30
2007-05-31,8N90E,29.88,264.2,151,2007,5,31
2007-06-01,8N90E,29.84,237.6,152,2007,6,1
2007-06-02,8N90E,29.84,251.8,153,2007,6,2
2007-06-03,8N90E,29.84,243.5,154,2007,6,3
2007-06-04,8N90E,29.8,207.9,155,2007,6,4
2007-06-05,8N90E,29.83,256.4,156,2007,6,5
2007-06-06,8N90E,29.78,196.7,157,2007,6,6
2007-06-07,8N90E,29.73,199.3,158,2007,6,7
2007-06-08,8N90E,29.57,44.0,159,2007,6,8
2007-06-09,8N90E,29.65,282.7,160,2007,6,9
2007-06-10,8N90E,29.7,189.6,161,2007,6,10
2007-06-11,8N90E,29.67,260.8,162,2007,6,11
2007-06-12,8N90E,29.63,137.1,163,2007,6,12
2007-06-13,8N90E,29.54,114.5,164,2007,6,13
2007-06-14,8N90E,29.56,269.2,165,2007,6,14
2007-06-15,8N90E,29.52,223.9,166,2007,6,15
2007-06-16,8N90E,29.48,99.6,167,2007,6,16
2007-06-17,8N90E,29.44,218.3,168,2007,6,17
2007-06-18,8N90E,29.37,163.3,169,2007,6,18
2007-06-19,8N90E,29.21,23.7,170,2007,6,19
2007-06-20,8N90E,29.07,24.9,171,2007,6,20
2007-06-21,8N90E,29.03,137.9,172,2007,6,21
2007-06-22,8N90E,29.0,77.1,173,2007,6,22
2007-06-23,8N90E,29.29,293.6,174,2007,6,23
2007-06-24,8N90E,29.47,245.4,175,2007,6,24
2007-06-25,8N90E,29.29,209.6,176,2007,6,25
2007-06-26,8N90E,29.13,53.2,177,2007,6,26
2007-06-27,8N90E,29.02,203.6,178,2007,6,27
2007-06-28,8N90E,29.04,242.1,179,2007,6,28
2007-06-29,8N90E,29.15,256.2,180,2007,6,29
2007-06-30,8N90E,29.16,258.9,181,2007,6,30
2007-07-01,8N90E,29.19,259.4,182,2007,7,1
2007-07-02,8N90E,29.22,264.0,183,2007,7,2
2007-07-03,8N90E,29.2,195.2,184,2007,7,3
2007-07-04,8N90E,29.13,118.1,185,2007,7,4
2007-07-05,8N90E,29.11,247.4,186,2007,7,5
2007-07-06,8N90E,29.08,249.0,187,2007,7,6
2007-07-07,8N90E,29.06,238.5,188,2007,7,7
2007-07-08,8N90E,29.05,266.4,189,2007,7,8
2007-07-09,8N90E,29.1,251.4,190,2007,7,9
2007-07-10,8N90E,29.07,222.0,191,2007,7,10
2007-07-11,8N90E,29.02,213.6,192,2007,7,11
2007-07-12,8N90E,28.97,231.5,193,2007,7,12
2007-07-13,8N90E,28.95,201.8,194,2007,7,13
2007-07-14,8N90E,28.94,256.7,195,2007,7,14
2007-07-15,8N90E,29.01,258.3,196,2007,7,15
2007-07-16,8N90E,29.01,269.8,197,2007,7,16
2007-07-17,8N90E,28.99,225.1,198,2007,7,17
2007-07-18,8N90E,29.01,247.7,199,2007,7,18
2007-07-19,8N90E,28.88,109.2,200,2007,7,19
2007-07-20,8N90E,28.84,140.9,201,2007,7,20
2007-07-21,8N90E,28.8,254.3,202,2007,7,21
2007-07-22,8N90E,28.66,189.8,203,2007,7,22
2007-07-23,8N90E,28.64,197.9,204,2007,7,23
2007-07-24,8N90E,28.62,175.0,205,2007,7,24
2007-07-25,8N90E,28.71,94.2,206,2007,7,25
2007-07-26,8N90E,28.87,243.1,207,2007,7,26
2007-07-27,8N90E,28.82,265.7,208,2007,7,27
2007-07-28,8N90E,28.69,277.5,209,2007,7,28
2007-07-29,8N90E,28.63,116.8,210,2007,7,29
2007-07-30,8N90E,28.65,175.1,211,2007,7,30
2007-07-31,8N90E,28.63,125.0,212,2007,7,31
2007-08-01,8N90E,28.65,185.2,213,2007,8,1
2007-08-02,8N90E,28.67,266.0,214,2007,8,2
2007-08-03,8N90E,28.72,268.7,215,2007,8,3
2007-08-04,8N90E,28.7,271.1,216,2007,8,4
2007-08-05,8N90E,28.7,196.8,217,2007,8,5
2007-08-06,8N90E,28.62,220.8,218,2007,8,6
2007-08-07,8N90E,28.65,274.0,219,2007,8,7
2007-08-08,8N90E,28.67,277.1,220,2007,8,8
2007-08-09,8N90E,28.67,264.2,221,2007,8,9
2007-08-10,8N90E,28.66,241.4,222,2007,8,10
2007-08-11,8N90E,28.65,253.2,223,2007,8,11
2007-08-12,8N90E,28.66,239.1,224,2007,8,12
2007-08-13,8N90E,28.67,260.0,225,2007,8,13
2007-08-14,8N90E,28.66,271.7,226,2007,8,14
2007-08-15,8N90E,28.64,256.0,227,2007,8,15
2007-08-16,8N90E,28.49,151.4,228,2007,8,16
2007-08-17,8N90E,28.47,160.5,229,2007,8,17
2007-08-18,8N90E,28.52,236.4,230,2007,8,18
2007-08-19,8N90E,28.56,214.0,231,2007,8,19
2007-08-20,8N90E,28.6,213.2,232,2007,8,20
2007-08-21,8N90E,28.57,65.8,233,2007,8,21
2007-08-22,8N90E,28.56,148.2,234,2007,8,22
2007-08-23,8N90E,28.5,56.8,235,2007,8,23
2007-08-24,8N90E,28.43,70.1,236,2007,8,24
2007-08-25,8N90E,28.41,205.5,237,2007,8,25
2007-08-26,8N90E,28.48,253.4,238,2007,8,26
2007-08-27,8N90E,28.51,232.8,239,2007,8,27
2007-08-28,8N90E,28.5,254.3,240,2007,8,28
2007-08-29,8N90E,28.49,108.4,241,2007,8,29
2007-08-30,8N90E,28.6,191.9,242,2007,8,30
2007-08-31,8N90E,28.57,122.4,243,2007,8,31
2007-09-01,8N90E,28.56,151.8,244,2007,9,1
2007-09-02,8N90E,28.51,199.6,245,2007,9,2
2007-09-03,8N90E,28.53,236.7,246,2007,9,3
2007-09-04,8N90E,28.56,255.4,247,2007,9,4
2007-09-05,8N90E,28.63,285.1,248,2007,9,5
2007-09-06,8N90E,28.7,293.3,249,2007,9,6
2007-09-07,8N90E,28.76,247.5,250,2007,9,7
2007-09-08,8N90E,28.73,201.8,251,2007,9,8
2007-09-09,8N90E,28.7,284.1,252,2007,9,9
2007-09-10,8N90E,28.96,281.1,253,2007,9,10
2007-09-11,8N90E,28.74,240.2,254,2007,9,11
2007-09-12,8N90E,28.65,131.7,255,2007,9,12
2007-09-13,8N90E,28.44,42.2,256,2007,9,13
2007-09-14,8N90E,28.49,186.9,257,2007,9,14
2007-09-15,8N90E,28.48,63.7,258,2007,9,15
2007-09-16,8N90E,28.52,228.0,259,2007,9,16
2007-09-17,8N90E,28.51,121.2,260,2007,9,17
2007-09-18,8N90E,28.49,184.2,261,2007,9,18
2007-09-19,8N90E,28.48,224.7,262,2007,9,19
2007-09-20,8N90E,28.47,198.9,263,2007,9,20
2007-09-21,8N90E,28.44,255.6,264,2007,9,21
2007-09-22,8N90E,28.44,253.8,265,2007,9,22
2007-09-23,8N90E,28.47,245.1,266,2007,9,23
2007-09-24,8N90E,28.52,260.4,267,2007,9,24
2007-09-25,8N90E,28.55,237.8,268,2007,9,25
2007-09-26,8N90E,28.39,39.4,269,2007,9,26
2007-09-27,8N90E,28.41,192.4,270,2007,9,27
2007-09-28,8N90E,28.32,104.2,271,2007,9,28
2007-09-29,8N90E,28.34,224.6,272,2007,9,29
2007-09-30,8N90E,28.38,239.6,273,2007,9,30
2007-10-01,8N90E,28.47,241.2,274,2007,10,1
2007-10-02,8N90E,28.45,174.0,275,2007,10,2
2007-10-03,8N90E,28.4,70.5,276,2007,10,3
2007-10-04,8N90E,28.4,204.7,277,2007,10,4
2007-10-05,8N90E,28.39,170.2,278,2007,10,5
2007-10-06,8N90E,28.33,152.0,279,2007,10,6
2007-10-07,8N90E,28.27,117.9,280,2007,10,7
2007-10-08,8N90E,28.28,249.1,281,2007,10,8
2007-10-09,8N90E,28.42,264.0,282,2007,10,9
2007-10-10,8N90E,28.56,278.9,283,2007,10,10
2007-10-11,8N90E,28.87,273.8,284,2007,10,11
2007-10-12,8N90E,28.8,294.6,285,2007,10,12
2007-10-13,8N90E,28.67,259.0,286,2007,10,13
2007-10-14,8N90E,28.58,67.8,287,2007,10,14
2007-10-15,8N90E,28.63,238.6,288,2007,10,15
2007-10-16,8N90E,28.77,280.2,289,2007,10,16
2007-10-17,8N90E,29.0,247.5,290,2007,10,17
2007-10-18,8N90E,28.97,233.4,291,2007,10,18
2007-10-19,8N90E,28.96,244.0,292,2007,10,19
2007-10-20,8N90E,28.96,261.1,293,2007,10,20
2007-10-21,8N90E,28.73,86.2,294,2007,10,21
2007-10-22,8N90E,28.72,174.6,295,2007,10,22
2007-10-23,8N90E,28.26,154.4,296,2007,10,23
2007-10-24,8N90E,28.25,181.7,297,2007,10,24
2007-10-25,8N90E,28.29,95.8,298,2007,10,25
2007-10-26,8N90E,28.5,234.5,299,2007,10,26
2007-10-27,8N90E,28.4,53.0,300,2007,10,27
2007-10-28,8N90E,28.23,43.15,301,2007,10,28
2007-10-29,8N90E,28.15,33.3,302,2007,10,29
2007-10-30,8N90E,28.3,162.0,303,2007,10,30
2007-10-31,8N90E,28.24,113.2,304,2007,10,31
2007-11-01,8N90E,28.35,235.3,305,2007,11,1
2007-11-02,8N90E,28.25,106.6,306,2007,11,2
2007-11-03,8N90E,28.36,263.5,307,2007,11,3
2007-11-04,8N90E,28.67,245.0,308,2007,11,4
2007-11-05,8N90E,28.89,242.3,309,2007,11,5
2007-11-06,8N90E,28.9,264.4,310,2007,11,6
2007-11-07,8N90E,28.79,181.2,311,2007,11,7
2007-11-08,8N90E,28.8,248.9,312,2007,11,8
2007-11-09,8N90E,28.64,154.4,313,2007,11,9
2007-11-10,8N90E,28.63,161.0,314,2007,11,10
2007-11-11,8N90E,28.6,181.9,315,2007,11,11
2007-11-12,8N90E,28.57,181.5,316,2007,11,12
2007-11-13,8N90E,28.54,184.1,317,2007,11,13
2007-11-14,8N90E,28.69,249.1,318,2007,11,14
2007-11-15,8N90E,28.85,244.4,319,2007,11,15
2007-11-16,8N90E,29.0,242.0,320,2007,11,16
2007-11-17,8N90E,28.71,149.8,321,2007,11,17
2007-11-18,8N90E,28.75,261.1,322,2007,11,18
2007-11-19,8N90E,28.73,228.8,323,2007,11,19
2007-11-20,8N90E,28.74,136.4,324,2007,11,20
2007-11-21,8N90E,28.64,236.5,325,2007,11,21
2007-11-22,8N90E,28.74,234.2,326,2007,11,22
2007-11-23,8N90E,28.95,208.6,327,2007,11,23
2007-11-24,8N90E,28.86,233.8,328,2007,11,24
2007-11-25,8N90E,28.89,214.6,329,2007,11,25
2007-11-26,8N90E,28.94,245.3,330,2007,11,26
2007-11-27,8N90E,29.32,254.6,331,2007,11,27
2007-11-28,8N90E,28.99,176.5,332,2007,11,28
2007-11-29,8N90E,28.82,274.7,333,2007,11,29
2007-11-30,8N90E,28.85,229.9,334,2007,11,30
2007-12-01,8N90E,28.74,219.9,335,2007,12,1
2007-12-02,8N90E,28.72,154.4,336,2007,12,2
2007-12-03,8N90E,28.69,240.9,337,2007,12,3
2007-12-04,8N90E,28.66,245.7,338,2007,12,4
2007-12-05,8N90E,28.56,237.7,339,2007,12,5
2007-12-06,8N90E,27.91,237.3,340,2007,12,6
2007-12-07,8N90E,28.02,218.6,341,2007,12,7
2007-12-08,8N90E,27.96,76.4,342,2007,12,8
2007-12-09,8N90E,28.06,92.9,343,2007,12,9
2007-12-10,8N90E,27.97,44.0,344,2007,12,10
2007-12-11,8N90E,28.13,193.2,345,2007,12,11
2007-12-12,8N90E,28.2,202.1,346,2007,12,12
2007-12-13,8N90E,28.08,118.7,347,2007,12,13
2007-12-14,8N90E,28.1,169.5,348,2007,12,14
2007-12-15,8N90E,27.88,70.0,349,2007,12,15
2007-12-16,8N90E,27.95,214.8,350,2007,12,16
2007-12-17,8N90E,28.04,198.5,351,2007,12,17
2007-12-18,8N90E,28.11,203.8,352,2007,12,18
2007-12-19,8N90E,28.14,241.8,353,2007,12,19
2007-12-20,8N90E,28.11,192.2,354,2007,12,20
2007-12-21,8N90E,28.14,202.2,355,2007,12,21
2007-12-22,8N90E,28.2,231.8,356,2007,12,22
2007-12-23,8N90E,28.25,221.0,357,2007,12,23
2007-12-24,8N90E,28.17,218.8,358,2007,12,24
2007-12-25,8N90E,28.16,229.9,359,2007,12,25
2007-12-26,8N90E,28.14,267.0,360,2007,12,26
2007-12-27,8N90E,28.12,225.7,361,2007,12,27
2007-12-28,8N90E,28.18,239.9,362,2007,12,28
2007-12-29,8N90E,28.13,206.2,363,2007,12,29
2007-12-30,8N90E,28.05,248.9,364,2007,12,30
2007-12-31,8N90E,28.04,204.7,365,2007,12,31
2008-01-01,8N90E,27.99,82.8,1,2008,1,1
2008-01-02,8N90E,28.09,155.5,2,2008,1,2
2008-01-03,8N90E,28.13,226.2,3,2008,1,3
2008-01-04,8N90E,28.03,210.3,4,2008,1,4
2008-01-05,8N90E,27.98,243.6,5,2008,1,5
2008-01-06,8N90E,28.09,231.9,6,2008,1,6
2008-01-07,8N90E,28.0,128.3,7,2008,1,7
2008-01-08,8N90E,27.97,157.1,8,2008,1,8
2008-01-09,8N90E,28.01,171.8,9,2008,1,9
2008-01-10,8N90E,28.02,225.0,10,2008,1,10
2008-01-11,8N90E,28.26,184.1,11,2008,1,11
2008-01-12,8N90E,28.08,130.4,12,2008,1,12
2008-01-13,8N90E,28.2,268.5,13,2008,1,13
2008-01-14,8N90E,28.47,251.0,14,2008,1,14
2008-01-15,8N90E,28.42,255.6,15,2008,1,15
2008-01-16,8N90E,28.5,252.7,16,2008,1,16
2008-01-17,8N90E,28.5,242.6,17,2008,1,17
2008-01-18,8N90E,28.38,264.9,18,2008,1,18
2008-01-19,8N90E,28.36,150.0,19,2008,1,19
2008-01-20,8N90E,28.3,242.4,20,2008,1,20
2008-01-21,8N90E,28.3,250.5,21,2008,1,21
2008-01-22,8N90E,28.24,249.7,22,2008,1,22
2008-01-23,8N90E,28.22,226.5,23,2008,1,23
2008-01-24,8N90E,28.31,209.7,24,2008,1,24
2008-01-25,8N90E,28.37,218.9,25,2008,1,25
2008-01-26,8N90E,28.35,198.5,26,2008,1,26
2008-01-27,8N90E,28.42,237.2,27,2008,1,27
2008-01-28,8N90E,28.44,137.5,28,2008,1,28
2008-01-29,8N90E,28.86,270.4,29,2008,1,29
2008-01-30,8N90E,28.63,111.8,30,2008,1,30
2008-01-31,8N90E,29.1,227.9,31,2008,1,31
2008-02-01,8N90E,29.28,262.6,32,2008,2,1
2008-02-02,8N90E,29.09,229.8,33,2008,2,2
2008-02-03,8N90E,29.17,244.5,34,2008,2,3
2008-02-04,8N90E,29.4,217.7,35,2008,2,4
2008-02-05,8N90E,29.31,241.1,36,2008,2,5
2008-02-06,8N90E,29.24,225.7,37,2008,2,6
2008-02-07,8N90E,29.03,146.3,38,2008,2,7
2008-02-08,8N90E,29.1,207.9,39,2008,2,8
2008-02-09,8N90E,28.99,198.9,40,2008,2,9
2008-02-10,8N90E,29.01,266.3,41,2008,2,10
2008-02-11,8N90E,28.86,251.9,42,2008,2,11
2008-02-12,8N90E,28.69,229.1,43,2008,2,12
2008-02-13,8N90E,28.63,171.7,44,2008,2,13
2008-02-14,8N90E,28.58,247.2,45,2008,2,14
2008-02-15,8N90E,28.55,238.7,46,2008,2,15
2008-02-16,8N90E,28.4,151.8,47,2008,2,16
2008-02-17,8N90E,28.38,258.7,48,2008,2,17
2008-02-18,8N90E,28.44,281.4,49,2008,2,18
2008-02-19,8N90E,28.54,279.2,50,2008,2,19
2008-02-20,8N90E,28.53,227.4,51,2008,2,20
2008-02-21,8N90E,28.54,271.1,52,2008,2,21
2008-02-22,8N90E,28.52,273.1,53,2008,2,22
2008-02-23,8N90E,28.63,263.6,54,2008,2,23
2008-02-24,8N90E,28.6,103.0,55,2008,2,24
2008-02-25,8N90E,29.02,212.8,56,2008,2,25
2008-02-26,8N90E,28.83,133.5,57,2008,2,26
2008-02-27,8N90E,28.66,256.0,58,2008,2,27
2008-02-28,8N90E,28.83,273.6,59,2008,2,28
2008-02-29,8N90E,28.96,274.5,60,2008,2,29
2008-03-01,8N90E,29.14,271.1,61,2008,3,1
2008-03-02,8N90E,28.97,237.0,62,2008,3,2
2008-03-03,8N90E,28.62,124.7,63,2008,3,3
2008-03-04,8N90E,28.46,147.7,64,2008,3,4
2008-03-05,8N90E,28.84,213.6,65,2008,3,5
2008-03-06,8N90E,28.56,268.8,66,2008,3,6
2008-03-07,8N90E,28.34,61.0,67,2008,3,7
2008-03-08,8N90E,28.5,147.1,68,2008,3,8
2008-03-09,8N90E,28.38,117.7,69,2008,3,9
2008-03-10,8N90E,28.6,162.3,70,2008,3,10
2008-03-11,8N90E,28.59,177.8,71,2008,3,11
2008-03-12,8N90E,28.81,260.7,72,2008,3,12
2008-03-13,8N90E,28.9,168.8,73,2008,3,13
2008-03-14,8N90E,28.79,191.8,74,2008,3,14
2008-03-15,8N90E,28.7,230.8,75,2008,3,15
2008-03-16,8N90E,28.95,211.3,76,2008,3,16
2008-03-17,8N90E,28.9,168.3,77,2008,3,17
2008-03-18,8N90E,29.24,262.5,78,2008,3,18
2008-03-19,8N90E,29.47,276.5,79,2008,3,19
2008-03-20,8N90E,29.61,308.9,80,2008,3,20
2008-03-21,8N90E,29.91,302.5,81,2008,3,21
2008-03-22,8N90E,29.88,291.4,82,2008,3,22
2008-03-23,8N90E,30.06,268.7,83,2008,3,23
2008-03-24,8N90E,29.65,281.4,84,2008,3,24
2008-03-25,8N90E,29.21,109.7,85,2008,3,25
2008-03-26,8N90E,29.1,40.3,86,2008,3,26
2008-03-27,8N90E,29.01,149.6,87,2008,3,27
2008-03-28,8N90E,28.64,78.5,88,2008,3,28
2008-03-29,8N90E,28.73,174.7,89,2008,3,29
2008-03-30,8N90E,28.68,126.5,90,2008,3,30
2008-03-31,8N90E,28.91,266.5,91,2008,3,31
2008-04-01,8N90E,29.07,253.2,92,2008,4,1
2008-04-02,8N90E,29.27,221.3,93,2008,4,2
2008-04-03,8N90E,29.72,300.2,94,2008,4,3
2008-04-04,8N90E,29.44,302.1,95,2008,4,4
2008-04-05,8N90E,29.17,215.5,96,2008,4,5
2008-04-06,8N90E,29.03,219.8,97,2008,4,6
2008-04-07,8N90E,28.92,169.4,98,2008,4,7
2008-04-08,8N90E,29.13,284.4,99,2008,4,8
2008-04-09,8N90E,29.15,264.1,100,2008,4,9
2008-04-10,8N90E,29.53,303.5,101,2008,4,10
2008-04-11,8N90E,29.47,284.1,102,2008,4,11
2008-04-12,8N90E,29.79,239.4,103,2008,4,12
2008-04-13,8N90E,29.74,255.7,104,2008,4,13
2008-04-14,8N90E,29.75,267.8,105,2008,4,14
2008-04-15,8N90E,30.01,294.2,106,2008,4,15
2008-04-16,8N90E,30.08,284.7,107,2008,4,16
2008-04-17,8N90E,30.15,275.0,108,2008,4,17
2008-04-18,8N90E,30.21,292.6,109,2008,4,18
2008-04-19,8N90E,29.93,244.2,110,2008,4,19
2008-04-20,8N90E,29.92,179.8,111,2008,4,20
2008-04-21,8N90E,29.9,226.1,112,2008,4,21
2008-04-22,8N90E,29.99,209.9,113,2008,4,22
2008-04-23,8N90E,29.85,202.6,114,2008,4,23
2008-04-24,8N90E,29.74,89.6,115,2008,4,24
2008-04-25,8N90E,29.66,171.4,116,2008,4,25
2008-04-26,8N90E,29.69,268.6,117,2008,4,26
2008-04-27,8N90E,29.54,185.5,118,2008,4,27
2008-04-28,8N90E,29.31,43.2,119,2008,4,28
2008-04-29,8N90E,29.28,48.2,120,2008,4,29
2008-04-30,8N90E,29.31,172.8,121,2008,4,30
2008-05-01,8N90E,29.24,192.5,122,2008,5,1
2008-05-02,8N90E,29.22,263.1,123,2008,5,2
2008-05-03,8N90E,29.2,209.0,124,2008,5,3
2008-05-04,8N90E,29.23,268.7,125,2008,5,4
2008-05-05,8N90E,29.25,246.8,126,2008,5,5
2008-05-06,8N90E,29.25,274.7,127,2008,5,6
2008-05-07,8N90E,29.26,266.5,128,2008,5,7
2008-05-08,8N90E,29.27,257.1,129,2008,5,8
2008-05-09,8N90E,29.24,215.2,130,2008,5,9
2008-05-10,8N90E,29.25,277.4,131,2008,5,10
2008-05-11,8N90E,29.23,247.4,132,2008,5,11
2008-05-12,8N90E,29.15,275.9,133,2008,5,12
2008-05-13,8N90E,29.13,207.0,134,2008,5,13
2008-05-14,8N90E,29.12,248.2,135,2008,5,14
2008-05-15,8N90E,29.09,259.6,136,2008,5,15
2008-05-16,8N90E,29.05,262.7,137,2008,5,16
2008-05-17,8N90E,29.05,267.6,138,2008,5,17
2008-05-18,8N90E,29.07,274.2,139,2008,5,18
2008-05-19,8N90E,29.08,271.3,140,2008,5,19
2008-05-20,8N90E,29.1,220.5,141,2008,5,20
2008-05-21,8N90E,29.2,281.1,142,2008,5,21
2008-05-22,8N90E,29.28,279.9,143,2008,5,22
2008-05-23,8N90E,29.39,283.6,144,2008,5,23
2008-05-24,8N90E,29.29,178.1,145,2008,5,24
2008-05-25,8N90E,29.23,92.1,146,2008,5,25
2008-05-26,8N90E,29.26,239.6,147,2008,5,26
2008-05-27,8N90E,29.35,284.5,148,2008,5,27
2008-05-28,8N90E,29.38,292.1,149,2008,5,28
2008-05-29,8N90E,29.41,273.5,150,2008,5,29
2008-05-30,8N90E,29.35,250.1,151,2008,5,30
2008-05-31,8N90E,29.27,87.8,152,2008,5,31
2008-06-01,8N90E,28.92,14.8,153,2008,6,1
2008-06-02,8N90E,29.2,242.0,154,2008,6,2
2008-06-03,8N90E,29.14,148.7,155,2008,6,3
2008-06-04,8N90E,29.21,162.0,156,2008,6,4
2008-06-05,8N90E,29.24,243.8,157,2008,6,5
2008-06-06,8N90E,29.17,115.5,158,2008,6,6
2008-06-07,8N90E,29.1,66.4,159,2008,6,7
2008-06-08,8N90E,29.18,238.0,160,2008,6,8
2008-06-09,8N90E,29.06,49.7,161,2008,6,9
2008-06-10,8N90E,29.06,142.5,162,2008,6,10
2008-06-11,8N90E,29.05,108.3,163,2008,6,11
2008-06-12,8N90E,28.98,164.8,164,2008,6,12
2008-06-13,8N90E,29.0,220.2,165,2008,6,13
2008-06-14,8N90E,29.01,237.9,166,2008,6,14
2008-06-15,8N90E,29.06,259.2,167,2008,6,15
2008-06-16,8N90E,29.0,229.7,168,2008,6,16
2008-06-17,8N90E,29.04,261.2,169,2008,6,17
2008-06-18,8N90E,29.04,281.8,170,2008,6,18
2008-06-19,8N90E,29.07,273.2,171,2008,6,19
2008-06-20,8N90E,29.07,263.4,172,2008,6,20
2008-06-21,8N90E,29.05,243.1,173,2008,6,21
2008-06-22,8N90E,29.06,262.7,174,2008,6,22
2008-06-23,8N90E,29.01,240.0,175,2008,6,23
2008-06-24,8N90E,28.98,241.9,176,2008,6,24
2008-06-25,8N90E,28.97,196.7,177,2008,6,25
2008-06-26,8N90E,28.98,206.6,178,2008,6,26
2008-06-27,8N90E,29.0,293.0,179,2008,6,27
2008-06-28,8N90E,28.97,273.2,180,2008,6,28
2008-06-29,8N90E,28.97,268.4,181,2008,6,29
2008-06-30,8N90E,28.99,227.7,182,2008,6,30
2008-07-01,8N90E,29.06,264.1,183,2008,7,1
2008-07-02,8N90E,29.02,140.7,184,2008,7,2
2008-07-03,8N90E,29.06,251.0,185,2008,7,3
2008-07-04,8N90E,29.04,254.5,186,2008,7,4
2008-07-05,8N90E,29.06,256.3,187,2008,7,5
2008-07-06,8N90E,29.1,243.1,188,2008,7,6
2008-07-07,8N90E,29.09,270.3,189,2008,7,7
2008-07-08,8N90E,29.04,266.8,190,2008,7,8
2008-07-09,8N90E,29.04,255.4,191,2008,7,9
2008-07-10,8N90E,29.02,175.2,192,2008,7,10
2008-07-11,8N90E,29.02,180.8,193,2008,7,11
2008-07-12,8N90E,29.05,235.5,194,2008,7,12
2008-07-13,8N90E,29.0,223.4,195,2008,7,13
2008-07-14,8N90E,28.99,183.3,196,2008,7,14
2008-07-15,8N90E,29.03,258.3,197,2008,7,15
2008-07-16,8N90E,28.97,140.3,198,2008,7,16
2008-07-17,8N90E,29.0,234.0,199,2008,7,17
2008-07-18,8N90E,28.96,149.6,200,2008,7,18
2008-07-19,8N90E,28.86,36.8,201,2008,7,19
2008-07-20,8N90E,28.82,163.2,202,2008,7,20
2008-07-21,8N90E,28.77,60.7,203,2008,7,21
2008-07-22,8N90E,28.77,220.3,204,2008,7,22
2008-07-23,8N90E,28.72,167.8,205,2008,7,23
2008-07-24,8N90E,28.65,154.0,206,2008,7,24
2008-07-25,8N90E,28.66,237.7,207,2008,7,25
2008-07-26,8N90E,28.63,221.8,208,2008,7,26
2008-07-27,8N90E,28.55,166.1,209,2008,7,27
2008-07-28,8N90E,28.47,106.3,210,2008,7,28
2008-07-29,8N90E,28.5,273.3,211,2008,7,29
2008-07-30,8N90E,28.49,223.0,212,2008,7,30
2008-07-31,8N90E,28.47,211.5,213,2008,7,31
2008-08-01,8N90E,28.39,46.5,214,2008,8,1
2008-08-02,8N90E,28.37,111.6,215,2008,8,2
2008-08-03,8N90E,28.38,130.4,216,2008,8,3
2008-08-04,8N90E,28.23,101.3,217,2008,8,4
2008-08-05,8N90E,28.18,220.8,218,2008,8,5
2008-08-06,8N90E,28.0,286.4,219,2008,8,6
2008-08-07,8N90E,27.96,251.4,220,2008,8,7
2008-08-08,8N90E,27.95,224.7,221,2008,8,8
2008-08-09,8N90E,28.04,235.8,222,2008,8,9
2008-08-10,8N90E,28.08,244.5,223,2008,8,10
2008-08-11,8N90E,28.26,263.8,224,2008,8,11
2008-08-12,8N90E,28.19,181.5,225,2008,8,12
2008-08-13,8N90E,28.14,215.7,226,2008,8,13
2008-08-14,8N90E,28.11,199.6,227,2008,8,14
2008-08-15,8N90E,28.19,295.7,228,2008,8,15
2008-08-16,8N90E,28.2,239.5,229,2008,8,16
2008-08-17,8N90E,28.29,296.3,230,2008,8,17
2008-08-18,8N90E,28.33,284.1,231,2008,8,18
2008-08-19,8N90E,28.4,244.0,232,2008,8,19
2008-08-20,8N90E,28.42,271.1,233,2008,8,20
2008-08-21,8N90E,28.35,278.8,234,2008,8,21
2008-08-22,8N90E,28.35,256.4,235,2008,8,22
2008-08-23,8N90E,28.36,231.8,236,2008,8,23
2008-08-24,8N90E,28.29,76.8,237,2008,8,24
2008-08-25,8N90E,28.38,251.2,238,2008,8,25
2008-08-26,8N90E,28.5,250.3,239,2008,8,26
2008-08-27,8N90E,28.58,275.1,240,2008,8,27
2008-08-28,8N90E,28.33,74.3,241,2008,8,28
2008-08-29,8N90E,28.29,148.1,242,2008,8,29
2008-08-30,8N90E,28.24,72.8,243,2008,8,30
2008-08-31,8N90E,28.29,186.8,244,2008,8,31
2008-09-01,8N90E,28.67,288.8,245,2008,9,1
2008-09-02,8N90E,28.96,287.2,246,2008,9,2
2008-09-03,8N90E,28.73,236.6,247,2008,9,3
2008-09-04,8N90E,28.33,69.2,248,2008,9,4
2008-09-05,8N90E,28.61,285.0,249,2008,9,5
2008-09-06,8N90E,28.52,289.6,250,2008,9,6
2008-09-07,8N90E,28.34,96.1,251,2008,9,7
2008-09-08,8N90E,28.33,170.2,252,2008,9,8
2008-09-09,8N90E,28.3,131.6,253,2008,9,9
2008-09-10,8N90E,28.36,255.5,254,2008,9,10
2008-09-11,8N90E,28.34,134.4,255,2008,9,11
2008-09-12,8N90E,28.4,176.1,256,2008,9,12
2008-09-13,8N90E,28.42,204.4,257,2008,9,13
2008-09-14,8N90E,28.5,278.1,258,2008,9,14
2008-09-15,8N90E,28.46,290.1,259,2008,9,15
2008-09-16,8N90E,28.38,293.1,260,2008,9,16
2008-09-17,8N90E,28.31,283.4,261,2008,9,17
2008-09-18,8N90E,28.5,280.6,262,2008,9,18
2008-09-19,8N90E,28.64,280.5,263,2008,9,19
2008-09-20,8N90E,28.63,265.2,264,2008,9,20
2008-09-21,8N90E,28.73,286.2,265,2008,9,21
2008-09-22,8N90E,28.74,288.6,266,2008,9,22
2008-09-23,8N90E,28.82,308.6,267,2008,9,23
2008-09-24,8N90E,28.72,297.6,268,2008,9,24
2008-09-25,8N90E,28.75,295.4,269,2008,9,25
2008-09-26,8N90E,28.74,262.6,270,2008,9,26
2008-09-27,8N90E,28.79,264.1,271,2008,9,27
2008-09-28,8N90E,28.79,265.9,272,2008,9,28
2008-09-29,8N90E,28.76,205.0,273,2008,9,29
2008-09-30,8N90E,28.77,186.2,274,2008,9,30
2008-10-01,8N90E,28.9,266.3,275,2008,10,1
2008-10-02,8N90E,29.17,284.6,276,2008,10,2
2008-10-03,8N90E,29.6,293.1,277,2008,10,3
2008-10-04,8N90E,29.46,274.2,278,2008,10,4
2008-10-05,8N90E,29.66,281.4,279,2008,10,5
2008-10-06,8N90E,29.43,203.0,280,2008,10,6
2008-10-07,8N90E,29.31,251.3,281,2008,10,7
2008-10-08,8N90E,29.91,297.2,282,2008,10,8
2008-10-09,8N90E,29.93,275.4,283,2008,10,9
2008-10-10,8N90E,29.6,237.0,284,2008,10,10
2008-10-11,8N90E,29.57,258.8,285,2008,10,11
2008-10-12,8N90E,29.63,257.3,286,2008,10,12
2008-10-13,8N90E,29.61,255.6,287,2008,10,13
2008-10-14,8N90E,29.91,300.2,288,2008,10,14
2008-10-15,8N90E,30.13,287.6,289,2008,10,15
2008-10-16,8N90E,30.24,268.5,290,2008,10,16
2008-10-17,8N90E,30.08,249.8,291,2008,10,17
2008-10-18,8N90E,30.3,238.2,292,2008,10,18
2008-10-19,8N90E,29.49,63.3,293,2008,10,19
2008-10-20,8N90E,29.6,146.1,294,2008,10,20
2008-10-21,8N90E,29.42,42.6,295,2008,10,21
2008-10-22,8N90E,29.53,238.0,296,2008,10,22
2008-10-23,8N90E,29.58,194.2,297,2008,10,23
2008-10-24,8N90E,29.33,237.8,298,2008,10,24
2008-10-25,8N90E,29.24,97.3,299,2008,10,25
2008-10-26,8N90E,29.23,194.1,300,2008,10,26
2008-10-27,8N90E,28.97,30.5,301,2008,10,27
2008-10-28,8N90E,28.81,37.3,302,2008,10,28
2008-10-29,8N90E,28.88,213.1,303,2008,10,29
2008-10-30,8N90E,28.98,207.2,304,2008,10,30
2008-10-31,8N90E,29.06,252.4,305,2008,10,31
2008-11-01,8N90E,28.84,185.3,306,2008,11,1
2008-11-02,8N90E,28.99,171.9,307,2008,11,2
2008-11-03,8N90E,29.12,223.5,308,2008,11,3
2008-11-04,8N90E,29.56,244.3,309,2008,11,4
2008-11-05,8N90E,29.55,249.1,310,2008,11,5
2008-11-06,8N90E,29.73,252.9,311,2008,11,6
2008-11-07,8N90E,29.46,240.5,312,2008,11,7
2008-11-08,8N90E,29.32,242.1,313,2008,11,8
2008-11-09,8N90E,29.5,200.0,314,2008,11,9
2008-11-10,8N90E,29.56,185.9,315,2008,11,10
2008-11-11,8N90E,29.4,152.1,316,2008,11,11
2008-11-12,8N90E,29.18,105.5,317,2008,11,12
2008-11-13,8N90E,29.04,47.2,318,2008,11,13
2008-11-14,8N90E,29.0,117.5,319,2008,11,14
2008-11-15,8N90E,29.28,205.8,320,2008,11,15
2008-11-16,8N90E,29.39,197.5,321,2008,11,16
2008-11-17,8N90E,29.22,238.5,322,2008,11,17
2008-11-18,8N90E,29.36,219.8,323,2008,11,18
2008-11-19,8N90E,29.16,203.9,324,2008,11,19
2008-11-20,8N90E,29.05,123.0,325,2008,11,20
2008-11-21,8N90E,28.98,153.7,326,2008,11,21
2008-11-22,8N90E,28.79,43.7,327,2008,11,22
2008-11-23,8N90E,28.61,22.0,328,2008,11,23
2008-11-24,8N90E,28.43,43.1,329,2008,11,24
2008-11-25,8N90E,28.55,140.5,330,2008,11,25
2008-11-26,8N90E,28.78,226.7,331,2008,11,26
2008-11-27,8N90E,28.81,226.8,332,2008,11,27
2008-11-28,8N90E,28.89,187.4,333,2008,11,28
2008-11-29,8N90E,28.8,239.2,334,2008,11,29
2008-11-30,8N90E,28.74,213.5,335,2008,11,30
2008-12-01,8N90E,28.7,180.7,336,2008,12,1
2008-12-02,8N90E,28.55,63.0,337,2008,12,2
2008-12-03,8N90E,28.49,74.8,338,2008,12,3
2008-12-04,8N90E,28.39,26.0,339,2008,12,4
2008-12-05,8N90E,28.53,158.3,340,2008,12,5
2008-12-06,8N90E,28.68,225.8,341,2008,12,6
2008-12-07,8N90E,28.74,215.3,342,2008,12,7
2008-12-08,8N90E,28.79,220.3,343,2008,12,8
2008-12-09,8N90E,28.82,165.8,344,2008,12,9
2008-12-10,8N90E,28.74,216.1,345,2008,12,10
2008-12-11,8N90E,28.75,235.2,346,2008,12,11
2008-12-12,8N90E,28.67,176.9,347,2008,12,12
2008-12-13,8N90E,28.68,199.0,348,2008,12,13
2008-12-14,8N90E,28.64,128.7,349,2008,12,14
2008-12-15,8N90E,28.53,207.8,350,2008,12,15
2008-12-16,8N90E,28.46,76.7,351,2008,12,16
2008-12-17,8N90E,28.46,182.5,352,2008,12,17
2008-12-18,8N90E,28.45,234.4,353,2008,12,18
2008-12-19,8N90E,28.43,248.4,354,2008,12,19
2008-12-20,8N90E,28.4,249.1,355,2008,12,20
2008-12-21,8N90E,28.34,215.3,356,2008,12,21
2008-12-22,8N90E,28.31,202.0,357,2008,12,22
2008-12-23,8N90E,28.35,232.1,358,2008,12,23
2008-12-24,8N90E,28.44,190.7,359,2008,12,24
2008-12-25,8N90E,28.53,221.3,360,2008,12,25
2008-12-26,8N90E,28.61,253.9,361,2008,12,26
2008-12-27,8N90E,28.53,223.9,362,2008,12,27
2008-12-28,8N90E,28.47,209.1,363,2008,12,28
2008-12-29,8N90E,28.46,163.9,364,2008,12,29
2008-12-30,8N90E,28.48,199.8,365,2008,12,30
2008-12-31,8N90E,28.4,226.6,366,2008,12,31
2009-01-01,8N90E,28.38,224.8,1,2009,1,1
2009-01-02,8N90E,28.36,238.9,2,2009,1,2
2009-01-03,8N90E,28.34,164.7,3,2009,1,3
2009-01-04,8N90E,28.3,129.4,4,2009,1,4
2009-01-05,8N90E,28.32,241.0,5,2009,1,5
2009-01-06,8N90E,28.34,247.7,6,2009,1,6
2009-01-07,8N90E,28.3,163.2,7,2009,1,7
2009-01-08,8N90E,28.24,80.8,8,2009,1,8
2009-01-09,8N90E,28.2,230.0,9,2009,1,9
2009-01-10,8N90E,28.16,187.2,10,2009,1,10
2009-01-11,8N90E,28.16,255.1,11,2009,1,11
2009-01-12,8N90E,28.1,251.6,12,2009,1,12
2009-01-13,8N90E,27.91,264.2,13,2009,1,13
2009-01-14,8N90E,27.9,156.8,14,2009,1,14
2009-01-15,8N90E,27.93,212.6,15,2009,1,15
2009-01-16,8N90E,27.84,248.6,16,2009,1,16
2009-01-17,8N90E,27.79,259.9,17,2009,1,17
2009-01-18,8N90E,27.77,253.9,18,2009,1,18
2009-01-19,8N90E,27.71,217.6,19,2009,1,19
2009-01-20,8N90E,27.72,207.8,20,2009,1,20
2009-01-21,8N90E,27.73,249.9,21,2009,1,21
2009-01-22,8N90E,27.69,205.4,22,2009,1,22
2009-01-23,8N90E,27.72,258.4,23,2009,1,23
2009-01-24,8N90E,27.67,166.6,24,2009,1,24
2009-01-25,8N90E,27.77,246.6,25,2009,1,25
2009-01-26,8N90E,28.03,253.0,26,2009,1,26
2009-01-27,8N90E,28.3,209.7,27,2009,1,27
2009-01-28,8N90E,27.99,233.5,28,2009,1,28
2009-01-29,8N90E,27.67,148.9,29,2009,1,29
2009-01-30,8N90E,27.65,183.2,30,2009,1,30
2009-01-31,8N90E,27.79,251.0,31,2009,1,31
2009-02-01,8N90E,27.78,264.7,32,2009,2,1
2009-02-02,8N90E,27.67,263.7,33,2009,2,2
2009-02-03,8N90E,27.68,250.2,34,2009,2,3
2009-02-04,8N90E,27.63,251.5,35,2009,2,4
2009-02-05,8N90E,27.64,256.5,36,2009,2,5
2009-02-06,8N90E,27.57,246.1,37,2009,2,6
2009-02-07,8N90E,27.58,276.9,38,2009,2,7
2009-02-08,8N90E,27.66,243.7,39,2009,2,8
2009-02-09,8N90E,27.7,235.0,40,2009,2,9
2009-02-10,8N90E,27.77,197.2,41,2009,2,10
2009-02-11,8N90E,27.75,222.0,42,2009,2,11
2009-02-12,8N90E,28.0,274.6,43,2009,2,12
2009-02-13,8N90E,27.93,261.6,44,2009,2,13
2009-02-14,8N90E,27.84,253.2,45,2009,2,14
2009-02-15,8N90E,27.81,277.0,46,2009,2,15
2009-02-16,8N90E,27.86,277.9,47,2009,2,16
2009-02-17,8N90E,27.9,262.1,48,2009,2,17
2009-02-18,8N90E,28.02,282.5,49,2009,2,18
2009-02-19,8N90E,28.02,271.4,50,2009,2,19
2009-02-20,8N90E,28.19,260.8,51,2009,2,20
2009-02-21,8N90E,28.21,257.4,52,2009,2,21
2009-02-22,8N90E,28.24,268.3,53,2009,2,22
2009-02-23,8N90E,28.48,247.5,54,2009,2,23
2009-02-24,8N90E,28.51,280.1,55,2009,2,24
2009-02-25,8N90E,28.53,282.5,56,2009,2,25
2009-02-26,8N90E,28.77,274.6,57,2009,2,26
2009-02-27,8N90E,28.68,216.4,58,2009,2,27
2009-02-28,8N90E,28.69,227.4,59,2009,2,28
2009-03-01,8N90E,28.68,280.1,60,2009,3,1
2009-03-02,8N90E,28.68,264.1,61,2009,3,2
2009-03-03,8N90E,28.82,265.6,62,2009,3,3
2009-03-04,8N90E,28.78,256.3,63,2009,3,4
2009-03-05,8N90E,28.85,280.8,64,2009,3,5
2009-03-06,8N90E,29.21,266.4,65,2009,3,6
2009-03-07,8N90E,29.12,282.4,66,2009,3,7
2009-03-08,8N90E,29.06,164.7,67,2009,3,8
2009-03-09,8N90E,29.21,294.3,68,2009,3,9
2009-03-10,8N90E,29.75,269.1,69,2009,3,10
2009-03-11,8N90E,29.25,233.9,70,2009,3,11
2009-03-12,8N90E,29.32,282.8,71,2009,3,12
2009-03-13,8N90E,29.54,274.7,72,2009,3,13
2009-03-14,8N90E,29.55,284.4,73,2009,3,14
2009-03-15,8N90E,29.42,280.9,74,2009,3,15
2009-03-16,8N90E,29.42,276.4,75,2009,3,16
2009-03-17,8N90E,29.42,272.8,76,2009,3,17
2009-03-18,8N90E,29.33,200.0,77,2009,3,18
2009-03-19,8N90E,29.44,291.4,78,2009,3,19
2009-03-20,8N90E,29.69,282.0,79,2009,3,20
2009-03-21,8N90E,29.82,263.3,80,2009,3,21
2009-03-22,8N90E,29.87,280.9,81,2009,3,22
2009-03-23,8N90E,29.94,261.8,82,2009,3,23
2009-03-24,8N90E,30.28,306.2,83,2009,3,24
2009-03-25,8N90E,30.48,299.4,84,2009,3,25
2009-03-26,8N90E,30.56,304.6,85,2009,3,26
2009-03-27,8N90E,30.92,303.7,86,2009,3,27
2009-03-28,8N90E,30.9,290.9,87,2009,3,28
2009-03-29,8N90E,30.85,298.7,88,2009,3,29
2009-03-30,8N90E,30.63,286.0,89,2009,3,30
2009-03-31,8N90E,30.5,281.2,90,2009,3,31
2009-04-01,8N90E,30.18,294.8,91,2009,4,1
2009-04-02,8N90E,30.05,250.4,92,2009,4,2
2009-04-03,8N90E,30.05,222.8,93,2009,4,3
2009-04-04,8N90E,29.9,203.3,94,2009,4,4
2009-04-05,8N90E,30.52,299.4,95,2009,4,5
2009-04-06,8N90E,29.66,90.0,96,2009,4,6
2009-04-07,8N90E,30.13,293.5,97,2009,4,7
2009-04-08,8N90E,30.13,289.7,98,2009,4,8
2009-04-09,8N90E,29.99,153.8,99,2009,4,9
2009-04-10,8N90E,29.97,134.9,100,2009,4,10
2009-04-11,8N90E,29.93,226.5,101,2009,4,11
2009-04-12,8N90E,29.84,139.7,102,2009,4,12
2009-04-13,8N90E,29.9,211.1,103,2009,4,13
2009-04-14,8N90E,29.71,65.0,104,2009,4,14
2009-04-15,8N90E,29.63,135.4,105,2009,4,15
2009-04-16,8N90E,29.64,230.3,106,2009,4,16
2009-04-17,8N90E,29.65,85.9,107,2009,4,17
2009-04-18,8N90E,29.6,222.4,108,2009,4,18
2009-04-19,8N90E,29.67,304.7,109,2009,4,19
2009-04-20,8N90E,29.8,304.8,110,2009,4,20
2009-04-21,8N90E,29.71,222.8,111,2009,4,21
2009-04-22,8N90E,29.6,152.8,112,2009,4,22
2009-04-23,8N90E,29.75,295.7,113,2009,4,23
2009-04-24,8N90E,29.77,246.5,114,2009,4,24
2009-04-25,8N90E,29.93,244.3,115,2009,4,25
2009-04-26,8N90E,29.99,272.8,116,2009,4,26
2009-04-27,8N90E,30.06,268.0,117,2009,4,27
2009-04-28,8N90E,30.01,296.8,118,2009,4,28
2009-04-29,8N90E,30.02,295.9,119,2009,4,29
2009-04-30,8N90E,30.03,290.2,120,2009,4,30
2009-05-01,8N90E,30.09,283.0,121,2009,5,1
2009-05-02,8N90E,30.085454545454546,300.1,122,2009,5,2
2009-05-03,8N90E,30.080909090909092,304.1,123,2009,5,3
2009-05-04,8N90E,30.076363636363638,291.5,124,2009,5,4
2009-05-05,8N90E,29.169493836279933,270.1,125,2009,5,5
2009-05-06,8N90E,29.169609709949405,270.6,126,2009,5,6
2009-05-07,8N90E,29.169725583618874,292.9,127,2009,5,7
2009-05-08,8N90E,29.169841457288346,268.3,128,2009,5,8
2009-05-09,8N90E,29.169957330957814,271.6,129,2009,5,9
2009-05-10,8N90E,29.170073204627286,271.5,130,2009,5,10
2009-05-11,8N90E,29.170189078296755,244.5,131,2009,5,11
2009-05-12,8N90E,29.170304951966227,247.9,132,2009,5,12
2009-05-13,8N90E,29.170420825635695,262.0,133,2009,5,13
2009-05-14,8N90E,29.170536699305167,179.9,134,2009,5,14
2009-05-15,8N90E,29.170652572974635,220.2,135,2009,5,15
2009-05-16,8N90E,29.170768446644104,151.7,136,2009,5,16
2009-05-17,8N90E,29.170884320313576,111.4,137,2009,5,17
2009-05-18,8N90E,29.171000193983044,144.5,138,2009,5,18
2009-05-19,8N90E,29.171116067652516,14.8,139,2009,5,19
2009-05-20,8N90E,29.171231941321984,70.5,140,2009,5,20
2009-05-21,8N90E,29.171347814991456,85.3,141,2009,5,21
2009-05-22,8N90E,29.171463688660925,151.7,142,2009,5,22
2009-05-23,8N90E,29.171579562330397,61.4,143,2009,5,23
2009-05-24,8N90E,29.171695435999865,160.0,144,2009,5,24
2009-05-25,8N90E,29.171811309669334,254.1,145,2009,5,25
2009-05-26,8N90E,29.171927183338806,252.8,146,2009,5,26
2009-05-27,8N90E,29.172043057008274,242.9,147,2009,5,27
2009-05-28,8N90E,29.172158930677746,243.7,148,2009,5,28
2009-05-29,8N90E,29.172274804347214,101.1,149,2009,5,29
2009-05-30,8N90E,29.172390678016686,86.8,150,2009,5,30
2009-05-31,8N90E,29.172506551686155,184.3,151,2009,5,31
2009-06-01,8N90E,29.172622425355627,279.5,152,2009,6,1
2009-06-02,8N90E,29.172738299025095,267.1,153,2009,6,2
2009-06-03,8N90E,29.172854172694567,271.1,154,2009,6,3
2009-06-04,8N90E,29.172970046364036,239.8,155,2009,6,4
2009-06-05,8N90E,29.173085920033504,218.8,156,2009,6,5
2009-06-06,8N90E,29.173201793702976,282.9,157,2009,6,6
2009-06-07,8N90E,29.173317667372444,256.9,158,2009,6,7
2009-06-08,8N90E,29.173433541041916,255.4,159,2009,6,8
2009-06-09,8N90E,29.173549414711385,239.6,160,2009,6,9
2009-06-10,8N90E,29.173665288380857,226.4,161,2009,6,10
2009-06-11,8N90E,29.173781162050325,245.0,162,2009,6,11
2009-06-12,8N90E,29.173897035719797,216.4,163,2009,6,12
2009-06-13,8N90E,29.174012909389266,257.3,164,2009,6,13
2009-06-14,8N90E,29.174128783058734,281.0,165,2009,6,14
2009-06-15,8N90E,29.174244656728206,268.5,166,2009,6,15
2009-06-16,8N90E,29.174360530397674,258.1,167,2009,6,16
2009-06-17,8N90E,29.174476404067146,219.3,168,2009,6,17
2009-06-18,8N90E,29.174592277736615,214.7,169,2009,6,18
2009-06-19,8N90E,29.174708151406087,233.4,170,2009,6,19
2009-06-20,8N90E,29.174824025075555,262.6,171,2009,6,20
2009-06-21,8N90E,29.174939898745027,281.3,172,2009,6,21
2009-06-22,8N90E,29.175055772414495,219.2,173,2009,6,22
2009-06-23,8N90E,29.175171646083967,215.6,174,2009,6,23
2009-06-24,8N90E,29.175287519753436,139.4,175,2009,6,24
2009-06-25,8N90E,29.175403393422904,200.1,176,2009,6,25
2009-06-26,8N90E,29.175519267092376,222.6,177,2009,6,26
2009-06-27,8N90E,29.175635140761845,60.9,178,2009,6,27
2009-06-28,8N90E,29.175751014431317,199.6,179,2009,6,28
2009-06-29,8N90E,29.175866888100785,136.0,180,2009,6,29
2009-06-30,8N90E,29.175982761770257,164.1,181,2009,6,30
2009-07-01,8N90E,29.176098635439725,105.5,182,2009,7,1
2009-07-02,8N90E,29.176214509109197,141.6,183,2009,7,2
2009-07-03,8N90E,29.176330382778666,164.1,184,2009,7,3
2009-07-04,8N90E,29.176446256448138,133.5,185,2009,7,4
2009-07-05,8N90E,29.176562130117606,232.5,186,2009,7,5
2009-07-06,8N90E,29.176678003787075,125.4,187,2009,7,6
2009-07-07,8N90E,29.176793877456547,233.7,188,2009,7,7
2009-07-08,8N90E,29.176909751126015,236.3,189,2009,7,8
2009-07-09,8N90E,29.177025624795487,255.3,190,2009,7,9
2009-07-10,8N90E,29.177141498464955,277.9,191,2009,7,10
2009-07-11,8N90E,29.177257372134427,248.2,192,2009,7,11
2009-07-12,8N90E,29.177373245803896,219.5,193,2009,7,12
2009-07-13,8N90E,29.177489119473368,210.0,194,2009,7,13
2009-07-14,8N90E,29.177604993142836,229.6,195,2009,7,14
2009-07-15,8N90E,29.177720866812304,217.6,196,2009,7,15
2009-07-16,8N90E,29.177836740481776,236.7,197,2009,7,16
2009-07-17,8N90E,29.177952614151245,169.5,198,2009,7,17
2009-07-18,8N90E,29.178068487820717,253.0,199,2009,7,18
2009-07-19,8N90E,29.178184361490185,216.7,200,2009,7,19
2009-07-20,8N90E,29.178300235159657,237.3,201,2009,7,20
2009-07-21,8N90E,29.178416108829126,250.3,202,2009,7,21
2009-07-22,8N90E,29.178531982498598,192.5,203,2009,7,22
2009-07-23,8N90E,29.178647856168066,118.0,204,2009,7,23
2009-07-24,8N90E,29.178763729837538,219.9,205,2009,7,24
2009-07-25,8N90E,29.178879603507006,143.9,206,2009,7,25
2009-07-26,8N90E,29.178995477176475,222.4,207,2009,7,26
2009-07-27,8N90E,29.179111350845947,287.7,208,2009,7,27
2009-07-28,8N90E,29.179227224515415,265.8,209,2009,7,28
2009-07-29,8N90E,29.179343098184887,265.9,210,2009,7,29
2009-07-30,8N90E,29.179458971854356,270.8,211,2009,7,30
2009-07-31,8N90E,29.179574845523828,219.3,212,2009,7,31
2009-08-01,8N90E,29.179690719193296,252.5,213,2009,8,1
2009-08-02,8N90E,29.179806592862768,218.0,214,2009,8,2
2009-08-03,8N90E,29.179922466532236,219.9,215,2009,8,3
2009-08-04,8N90E,29.180038340201705,272.5,216,2009,8,4
2009-08-05,8N90E,29.180154213871177,256.8,217,2009,8,5
2009-08-06,8N90E,29.180270087540645,236.9,218,2009,8,6
2009-08-07,8N90E,29.180385961210117,173.2,219,2009,8,7
2009-08-08,8N90E,29.180501834879585,211.0,220,2009,8,8
2009-08-09,8N90E,29.180617708549057,235.6,221,2009,8,9
2009-08-10,8N90E,29.180733582218526,241.1,222,2009,8,10
2009-08-11,8N90E,29.180849455887998,248.8,223,2009,8,11
2009-08-12,8N90E,29.180965329557466,256.1,224,2009,8,12
2009-08-13,8N90E,29.181081203226938,119.3,225,2009,8,13
2009-08-14,8N90E,29.181197076896407,96.5,226,2009,8,14
2009-08-15,8N90E,29.181312950565875,66.1,227,2009,8,15
2009-08-16,8N90E,29.181428824235347,77.7,228,2009,8,16
2009-08-17,8N90E,29.181544697904815,191.1,229,2009,8,17
2009-08-18,8N90E,29.181660571574287,277.1,230,2009,8,18
2009-08-19,8N90E,29.181776445243756,189.8,231,2009,8,19
2009-08-20,8N90E,29.181892318913228,213.0,232,2009,8,20
2009-08-21,8N90E,29.182008192582696,250.9,233,2009,8,21
2009-08-22,8N90E,29.182124066252168,264.1,234,2009,8,22
2009-08-23,8N90E,29.182239939921637,260.6,235,2009,8,23
2009-08-24,8N90E,29.18235581359111,201.6,236,2009,8,24
2009-08-25,8N90E,29.182471687260577,192.7,237,2009,8,25
2009-08-26,8N90E,29.182587560930045,257.8,238,2009,8,26
2009-08-27,8N90E,29.182703434599517,257.5,239,2009,8,27
2009-08-28,8N90E,29.182819308268986,135.8,240,2009,8,28
2009-08-29,8N90E,29.182935181938458,18.6,241,2009,8,29
2009-08-30,8N90E,29.183051055607926,82.6,242,2009,8,30
2009-08-31,8N90E,29.183166929277398,250.2,243,2009,8,31
2009-09-01,8N90E,29.183282802946866,266.8,244,2009,9,1
2009-09-02,8N90E,29.18339867661634,268.0,245,2009,9,2
2009-09-03,8N90E,29.183514550285807,236.0,246,2009,9,3
2009-09-04,8N90E,29.183630423955275,271.7,247,2009,9,4
2009-09-05,8N90E,29.183746297624747,257.0,248,2009,9,5
2009-09-06,8N90E,29.183862171294216,259.7,249,2009,9,6
2009-09-07,8N90E,29.183978044963688,238.0,250,2009,9,7
2009-09-08,8N90E,29.184093918633156,233.8,251,2009,9,8
2009-09-09,8N90E,29.184209792302628,263.0,252,2009,9,9
2009-09-10,8N90E,29.184325665972096,280.6,253,2009,9,10
2009-09-11,8N90E,29.18444153964157,278.6,254,2009,9,11
2009-09-12,8N90E,29.184557413311037,284.0,255,2009,9,12
2009-09-13,8N90E,29.18467328698051,270.3,256,2009,9,13
2009-09-14,8N90E,29.184789160649977,195.7,257,2009,9,14
2009-09-15,8N90E,29.184905034319446,104.7,258,2009,9,15
2009-09-16,8N90E,29.185020907988918,166.6,259,2009,9,16
2009-09-17,8N90E,29.185136781658386,37.0,260,2009,9,17
2009-09-18,8N90E,29.185252655327858,169.2,261,2009,9,18
2009-09-19,8N90E,29.185368528997326,205.3,262,2009,9,19
2009-09-20,8N90E,29.1854844026668,246.6,263,2009,9,20
2009-09-21,8N90E,29.185600276336267,196.6,264,2009,9,21
2009-09-22,8N90E,29.18571615000574,222.4,265,2009,9,22
2009-09-23,8N90E,29.185832023675207,250.5,266,2009,9,23
2009-09-24,8N90E,29.18594789734468,243.2,267,2009,9,24
2009-09-25,8N90E,29.186063771014148,240.1,268,2009,9,25
2009-09-26,8N90E,29.186179644683616,238.3,269,2009,9,26
2009-09-27,8N90E,29.186295518353088,262.0,270,2009,9,27
2009-09-28,8N90E,29.186411392022556,218.8,271,2009,9,28
2009-09-29,8N90E,29.18652726569203,276.3,272,2009,9,29
2009-09-30,8N90E,29.186643139361497,203.4,273,2009,9,30
2009-10-01,8N90E,29.18675901303097,251.0,274,2009,10,1
2009-10-02,8N90E,29.186874886700437,245.4,275,2009,10,2
2009-10-03,8N90E,29.18699076036991,218.8,276,2009,10,3
2009-10-04,8N90E,29.187106634039377,250.9,277,2009,10,4
2009-10-05,8N90E,29.187222507708846,257.6,278,2009,10,5
2009-10-06,8N90E,29.187338381378318,169.2,279,2009,10,6
2009-10-07,8N90E,29.187454255047786,192.3,280,2009,10,7
2009-10-08,8N90E,29.187570128717258,234.9,281,2009,10,8
2009-10-09,8N90E,29.187686002386727,259.9,282,2009,10,9
2009-10-10,8N90E,29.1878018760562,253.0,283,2009,10,10
2009-10-11,8N90E,29.187917749725667,236.2,284,2009,10,11
2009-10-12,8N90E,29.18803362339514,104.4,285,2009,10,12
2009-10-13,8N90E,29.188149497064607,218.8,286,2009,10,13
2009-10-14,8N90E,29.18826537073408,246.6,287,2009,10,14
2009-10-15,8N90E,29.188381244403548,253.4,288,2009,10,15
2009-10-16,8N90E,29.188497118073016,279.6,289,2009,10,16
2009-10-17,8N90E,29.188612991742488,278.3,290,2009,10,17
2009-10-18,8N90E,29.188728865411957,264.6,291,2009,10,18
2009-10-19,8N90E,29.18884473908143,266.8,292,2009,10,19
2009-10-20,8N90E,29.188960612750897,256.6,293,2009,10,20
2009-10-21,8N90E,29.18907648642037,232.7,294,2009,10,21
2009-10-22,8N90E,29.189192360089837,235.7,295,2009,10,22
2009-10-23,8N90E,29.18930823375931,224.6,296,2009,10,23
2009-10-24,8N90E,29.189424107428778,210.9,297,2009,10,24
2009-10-25,8N90E,29.189539981098246,240.1,298,2009,10,25
2009-10-26,8N90E,29.189655854767718,215.3,299,2009,10,26
2009-10-27,8N90E,29.189771728437186,248.4,300,2009,10,27
2009-10-28,8N90E,29.18988760210666,167.8,301,2009,10,28
2009-10-29,8N90E,29.190003475776127,163.7,302,2009,10,29
2009-10-30,8N90E,29.1901193494456,187.4,303,2009,10,30
2009-10-31,8N90E,29.190235223115067,255.3,304,2009,10,31
2009-11-01,8N90E,29.19035109678454,224.0,305,2009,11,1
2009-11-02,8N90E,29.190466970454008,214.6,306,2009,11,2
2009-11-03,8N90E,29.19058284412348,220.2,307,2009,11,3
2009-11-04,8N90E,29.24,225.8,308,2009,11,4
2009-11-05,8N90E,29.238732782369144,61.1,309,2009,11,5
2009-11-06,8N90E,29.23746556473829,159.8,310,2009,11,6
2009-11-07,8N90E,29.236198347107436,159.8498614958449,311,2009,11,7
2009-11-08,8N90E,29.07217558691566,159.89972299168977,312,2009,11,8
2009-11-09,8N90E,29.071928404819396,159.94958448753465,313,2009,11,9
2009-11-10,8N90E,29.071681222723136,179.1560206382853,314,2009,11,10
2009-11-11,8N90E,29.071434040626873,179.20176432312795,315,2009,11,11
2009-11-12,8N90E,29.071186858530613,179.24750800797057,316,2009,11,12
2009-11-13,8N90E,29.07093967643435,179.29325169281321,317,2009,11,13
2009-11-14,8N90E,29.07069249433809,179.33899537765583,318,2009,11,14
2009-11-15,8N90E,29.070445312241826,179.38473906249848,319,2009,11,15
2009-11-16,8N90E,29.070198130145567,179.4304827473411,320,2009,11,16
2009-11-17,8N90E,29.069950948049303,179.47622643218372,321,2009,11,17
2009-11-18,8N90E,29.069703765953044,179.52197011702637,322,2009,11,18
2009-11-19,8N90E,29.06945658385678,179.567713801869,323,2009,11,19
2009-11-20,8N90E,29.06920940176052,179.61345748671164,324,2009,11,20
2009-11-21,8N90E,29.068962219664257,179.65920117155426,325,2009,11,21
2009-11-22,8N90E,29.068715037567998,179.7049448563969,326,2009,11,22
2009-11-23,8N90E,29.068467855471734,179.75068854123953,327,2009,11,23
2009-11-24,8N90E,29.068220673375475,179.79643222608215,328,2009,11,24
2009-11-25,8N90E,29.06797349127921,179.8421759109248,329,2009,11,25
2009-11-26,8N90E,29.06772630918295,179.8879195957674,330,2009,11,26
2009-11-27,8N90E,29.06747912708669,179.93366328061006,331,2009,11,27
2009-11-28,8N90E,29.06723194499043,179.97940696545268,332,2009,11,28
2009-11-29,8N90E,29.066984762894165,180.0251506502953,333,2009,11,29
2009-11-30,8N90E,29.066737580797906,180.07089433513795,334,2009,11,30
2009-12-01,8N90E,29.066490398701642,180.11663801998057,335,2009,12,1
2009-12-02,8N90E,29.066243216605383,180.16238170482322,336,2009,12,2
2009-12-03,8N90E,29.06599603450912,180.20812538966584,337,2009,12,3
2009-12-04,8N90E,29.06574885241286,180.2538690745085,338,2009,12,4
2009-12-05,8N90E,29.065501670316596,180.2996127593511,339,2009,12,5
2009-12-06,8N90E,29.065254488220337,180.34535644419373,340,2009,12,6
2009-12-07,8N90E,29.065007306124073,180.39110012903637,341,2009,12,7
2009-12-08,8N90E,29.064760124027814,180.436843813879,342,2009,12,8
2009-12-09,8N90E,29.064512941931554,180.48258749872164,343,2009,12,9
2009-12-10,8N90E,29.06426575983529,180.52833118356426,344,2009,12,10
2009-12-11,8N90E,29.06401857773903,180.5740748684069,345,2009,12,11
2009-12-12,8N90E,29.063771395642767,180.61981855324953,346,2009,12,12
2009-12-13,8N90E,29.063524213546508,180.66556223809215,347,2009,12,13
2009-12-14,8N90E,29.063277031450244,180.7113059229348,348,2009,12,14
2009-12-15,8N90E,29.063029849353985,180.75704960777742,349,2009,12,15
2009-12-16,8N90E,29.06278266725772,180.80279329262007,350,2009,12,16
2009-12-17,8N90E,29.06253548516146,180.8485369774627,351,2009,12,17
2009-12-18,8N90E,29.0622883030652,180.89428066230533,352,2009,12,18
2009-12-19,8N90E,29.06204112096894,180.94002434714795,353,2009,12,19
2009-12-20,8N90E,29.061793938872675,180.98576803199057,354,2009,12,20
2009-12-21,8N90E,29.061546756776416,181.03151171683322,355,2009,12,21
2009-12-22,8N90E,29.061299574680152,181.07725540167584,356,2009,12,22
2009-12-23,8N90E,29.061052392583893,181.1229990865185,357,2009,12,23
2009-12-24,8N90E,29.06080521048763,181.1687427713611,358,2009,12,24
2009-12-25,8N90E,29.06055802839137,181.21448645620376,359,2009,12,25
2009-12-26,8N90E,29.060310846295106,181.26023014104638,360,2009,12,26
2009-12-27,8N90E,29.060063664198847,181.305973825889,361,2009,12,27
2009-12-28,8N90E,29.059816482102583,181.35171751073165,362,2009,12,28
2009-12-29,8N90E,29.059569300006324,181.39746119557427,363,2009,12,29
2009-12-30,8N90E,29.05932211791006,181.4432048804169,364,2009,12,30
2009-12-31,8N90E,29.0590749358138,181.48894856525953,365,2009,12,31
2010-01-01,8N90E,29.058827753717537,181.53469225010218,1,2010,1,1
2010-01-02,8N90E,29.058580571621277,181.5804359349448,2,2010,1,2
2010-01-03,8N90E,29.058333389525014,181.62617961978742,3,2010,1,3
2010-01-04,8N90E,29.058086207428754,181.67192330463007,4,2010,1,4
2010-01-05,8N90E,29.05783902533249,181.7176669894727,5,2010,1,5
2010-01-06,8N90E,29.05759184323623,181.76341067431534,6,2010,1,6
2010-01-07,8N90E,29.05734466113997,181.80915435915796,7,2010,1,7
2010-01-08,8N90E,29.05709747904371,181.85489804400058,8,2010,1,8
2010-01-09,8N90E,29.05685029694745,181.90064172884323,9,2010,1,9
2010-01-10,8N90E,29.056603114851185,181.94638541368585,10,2010,1,10
2010-01-11,8N90E,29.056355932754926,181.9921290985285,11,2010,1,11
2010-01-12,8N90E,29.056108750658662,182.0378727833711,12,2010,1,12
2010-01-13,8N90E,29.055861568562403,182.08361646821376,13,2010,1,13
2010-01-14,8N90E,29.05561438646614,182.12936015305638,14,2010,1,14
2010-01-15,8N90E,29.05536720436988,182.175103837899,15,2010,1,15
2010-01-16,8N90E,29.055120022273616,182.22084752274165,16,2010,1,16
2010-01-17,8N90E,29.054872840177357,182.26659120758427,17,2010,1,17
2010-01-18,8N90E,29.054625658081093,182.31233489242692,18,2010,1,18
2010-01-19,8N90E,29.054378475984834,182.35807857726954,19,2010,1,19
2010-01-20,8N90E,29.05413129388857,182.4038222621122,20,2010,1,20
2010-01-21,8N90E,29.05388411179231,182.4495659469548,21,2010,1,21
2010-01-22,8N90E,29.053636929696047,182.49530963179743,22,2010,1,22
2010-01-23,8N90E,29.053389747599788,182.54105331664007,23,2010,1,23
2010-01-24,8N90E,29.053142565503524,182.5867970014827,24,2010,1,24
2010-01-25,8N90E,29.052895383407265,182.63254068632534,25,2010,1,25
2010-01-26,8N90E,29.052648201311,182.67828437116796,26,2010,1,26
2010-01-27,8N90E,29.05240101921474,182.7240280560106,27,2010,1,27
2010-01-28,8N90E,29.052153837118478,182.76977174085323,28,2010,1,28
2010-01-29,8N90E,29.05190665502222,182.81551542569585,29,2010,1,29
2010-01-30,8N90E,29.051659472925955,182.8612591105385,30,2010,1,30
2010-01-31,8N90E,29.051412290829695,182.90700279538112,31,2010,1,31
2010-02-01,8N90E,29.051165108733432,182.95274648022377,32,2010,2,1
2010-02-02,8N90E,29.050917926637172,182.99849016506639,33,2010,2,2
2010-02-03,8N90E,29.05067074454091,183.04423384990903,34,2010,2,3
2010-02-04,8N90E,29.05042356244465,183.08997753475165,35,2010,2,4
2010-02-05,8N90E,29.05017638034839,183.13572121959427,36,2010,2,5
2010-02-06,8N90E,29.049929198252126,183.18146490443692,37,2010,2,6
2010-02-07,8N90E,29.049682016155867,183.22720858927954,38,2010,2,7
2010-02-08,8N90E,29.049434834059603,183.2729522741222,39,2010,2,8
2010-02-09,8N90E,29.049187651963344,183.3186959589648,40,2010,2,9
2010-02-10,8N90E,29.04894046986708,183.36443964380743,41,2010,2,10
2010-02-11,8N90E,29.04869328777082,183.41018332865008,42,2010,2,11
2010-02-12,8N90E,29.048446105674557,183.4559270134927,43,2010,2,12
2010-02-13,8N90E,29.048198923578298,183.50167069833535,44,2010,2,13
2010-02-14,8N90E,29.047951741482034,183.54741438317797,45,2010,2,14
2010-02-15,8N90E,29.047704559385775,183.5931580680206,46,2010,2,15
2010-02-16,8N90E,29.04745737728951,183.63890175286323,47,2010,2,16
2010-02-17,8N90E,29.04721019519325,183.68464543770585,48,2010,2,17
2010-02-18,8N90E,29.04696301309699,183.7303891225485,49,2010,2,18
2010-02-19,8N90E,29.04671583100073,183.77613280739112,50,2010,2,19
2010-02-20,8N90E,29.046468648904465,183.82187649223377,51,2010,2,20
2010-02-21,8N90E,29.046221466808205,183.8676201770764,52,2010,2,21
2010-02-22,8N90E,29.045974284711942,183.91336386191904,53,2010,2,22
2010-02-23,8N90E,29.045727102615682,183.95910754676166,54,2010,2,23
2010-02-24,8N90E,29.04547992051942,184.00485123160428,55,2010,2,24
2010-02-25,8N90E,29.04523273842316,184.05059491644693,56,2010,2,25
2010-02-26,8N90E,29.044985556326896,184.09633860128955,57,2010,2,26
2010-02-27,8N90E,29.044738374230636,184.1420822861322,58,2010,2,27
2010-02-28,8N90E,29.044491192134373,184.1878259709748,59,2010,2,28
2010-03-01,8N90E,29.044244010038113,184.23356965581746,60,2010,3,1
2010-03-02,8N90E,29.04399682794185,184.27931334066008,61,2010,3,2
2010-03-03,8N90E,29.04374964584559,184.3250570255027,62,2010,3,3
2010-03-04,8N90E,29.043502463749327,184.37080071034535,63,2010,3,4
2010-03-05,8N90E,29.043255281653067,184.41654439518797,64,2010,3,5
2010-03-06,8N90E,29.043008099556804,184.46228808003062,65,2010,3,6
2010-03-07,8N90E,29.042760917460544,184.50803176487324,66,2010,3,7
2010-03-08,8N90E,29.042513735364285,184.55377544971589,67,2010,3,8
2010-03-09,8N90E,29.04226655326802,184.5995191345585,68,2010,3,9
2010-03-10,8N90E,29.04201937117176,184.64526281940113,69,2010,3,10
2010-03-11,8N90E,29.0417721890755,184.69100650424377,70,2010,3,11
2010-03-12,8N90E,29.04152500697924,184.7367501890864,71,2010,3,12
2010-03-13,8N90E,29.041277824882975,184.78249387392904,72,2010,3,13
2010-03-14,8N90E,29.041030642786716,184.82823755877166,73,2010,3,14
2010-03-15,8N90E,29.040783460690452,184.8739812436143,74,2010,3,15
2010-03-16,8N90E,29.040536278594193,184.91972492845693,75,2010,3,16
2010-03-17,8N90E,29.04028909649793,184.96546861329955,76,2010,3,17
2010-03-18,8N90E,29.04004191440167,185.0112122981422,77,2010,3,18
2010-03-19,8N90E,29.039794732305406,185.05695598298482,78,2010,3,19
2010-03-20,8N90E,29.039547550209146,185.10269966782747,79,2010,3,20
2010-03-21,8N90E,29.039300368112883,185.14844335267009,80,2010,3,21
2010-03-22,8N90E,29.039053186016623,185.1941870375127,81,2010,3,22
2010-03-23,8N90E,29.03880600392036,185.23993072235535,82,2010,3,23
2010-03-24,8N90E,29.0385588218241,185.28567440719797,83,2010,3,24
2010-03-25,8N90E,29.038311639727837,185.33141809204062,84,2010,3,25
2010-03-26,8N90E,29.038064457631577,185.37716177688324,85,2010,3,26
2010-03-27,8N90E,29.037817275535314,185.4229054617259,86,2010,3,27
2010-03-28,8N90E,29.037570093439054,185.4686491465685,87,2010,3,28
2010-03-29,8N90E,29.03732291134279,185.51439283141113,88,2010,3,29
2010-03-30,8N90E,29.03707572924653,185.56013651625378,89,2010,3,30
2010-03-31,8N90E,29.036828547150268,185.6058802010964,90,2010,3,31
2010-04-01,8N90E,29.03658136505401,185.65162388593905,91,2010,4,1
2010-04-02,8N90E,29.036334182957745,185.69736757078167,92,2010,4,2
2010-04-03,8N90E,29.036087000861485,185.7431112556243,93,2010,4,3
2010-04-04,8N90E,29.035839818765222,185.78885494046693,94,2010,4,4
2010-04-05,8N90E,29.035592636668962,185.83459862530955,95,2010,4,5
2010-04-06,8N90E,29.0353454545727,185.8803423101522,96,2010,4,6
2010-04-07,8N90E,29.03509827247644,185.92608599499482,97,2010,4,7
2010-04-08,8N90E,29.03485109038018,185.97182967983747,98,2010,4,8
2010-04-09,8N90E,29.034603908283916,186.0175733646801,99,2010,4,9
2010-04-10,8N90E,29.034356726187657,186.06331704952274,100,2010,4,10
2010-04-11,8N90E,29.034109544091393,186.10906073436536,101,2010,4,11
2010-04-12,8N90E,29.033862361995133,186.15480441920798,102,2010,4,12
2010-04-13,8N90E,29.03361517989887,186.20054810405063,103,2010,4,13
2010-04-14,8N90E,29.03336799780261,186.24629178889325,104,2010,4,14
2010-04-15,8N90E,29.033120815706347,186.2920354737359,105,2010,4,15
2010-04-16,8N90E,29.032873633610087,186.3377791585785,106,2010,4,16
2010-04-17,8N90E,29.032626451513824,186.38352284342113,107,2010,4,17
2010-04-18,8N90E,29.032379269417564,186.42926652826378,108,2010,4,18
2010-04-19,8N90E,29.0321320873213,186.4750102131064,109,2010,4,19
2010-04-20,8N90E,29.03188490522504,186.52075389794905,110,2010,4,20
2010-04-21,8N90E,29.031637723128778,186.56649758279167,111,2010,4,21
2010-04-22,8N90E,29.03139054103252,186.61224126763432,112,2010,4,22
2010-04-23,8N90E,29.031143358936255,186.65798495247694,113,2010,4,23
2010-04-24,8N90E,29.030896176839995,186.70372863731956,114,2010,4,24
2010-04-25,8N90E,29.030648994743732,186.7494723221622,115,2010,4,25
2010-04-26,8N90E,29.030401812647472,186.79521600700483,116,2010,4,26
2010-04-27,8N90E,29.03015463055121,186.84095969184747,117,2010,4,27
2010-04-28,8N90E,29.02990744845495,186.8867033766901,118,2010,4,28
2010-04-29,8N90E,29.029660266358686,186.93244706153274,119,2010,4,29
2010-04-30,8N90E,29.029413084262426,186.97819074637536,120,2010,4,30
2010-05-01,8N90E,29.029165902166163,187.02393443121798,121,2010,5,1
2010-05-02,8N90E,29.028918720069903,187.06967811606063,122,2010,5,2
2010-05-03,8N90E,29.02867153797364,187.11542180090325,123,2010,5,3
2010-05-04,8N90E,29.02842435587738,187.1611654857459,124,2010,5,4
2010-05-05,8N90E,29.028177173781117,187.20690917058852,125,2010,5,5
2010-05-06,8N90E,29.027929991684857,187.25265285543117,126,2010,5,6
2010-05-07,8N90E,29.027682809588597,187.29839654027379,127,2010,5,7
2010-05-08,8N90E,29.027435627492334,187.3441402251164,128,2010,5,8
2010-05-09,8N90E,29.027188445396074,187.38988390995905,129,2010,5,9
2010-05-10,8N90E,29.02694126329981,187.43562759480167,130,2010,5,10
2010-05-11,8N90E,29.02669408120355,187.48137127964432,131,2010,5,11
2010-05-12,8N90E,29.026446899107288,187.52711496448694,132,2010,5,12
2010-05-13,8N90E,29.02619971701103,187.5728586493296,133,2010,5,13
2010-05-14,8N90E,29.025952534914765,187.6186023341722,134,2010,5,14
2010-05-15,8N90E,29.025705352818505,187.66434601901483,135,2010,5,15
2010-05-16,8N90E,29.025458170722242,187.71008970385748,136,2010,5,16
2010-05-17,8N90E,29.025210988625982,187.7558333887001,137,2010,5,17
2010-05-18,8N90E,29.02496380652972,187.80157707354275,138,2010,5,18
2010-05-19,8N90E,29.02471662443346,187.84732075838537,139,2010,5,19
2010-05-20,8N90E,29.024469442337196,187.893064443228,140,2010,5,20
2010-05-21,8N90E,29.024222260240936,187.93880812807063,141,2010,5,21
2010-05-22,8N90E,29.023975078144673,187.98455181291325,142,2010,5,22
2010-05-23,8N90E,29.023727896048413,188.0302954977559,143,2010,5,23
2010-05-24,8N90E,29.02348071395215,188.07603918259852,144,2010,5,24
2010-05-25,8N90E,29.02323353185589,188.12178286744117,145,2010,5,25
2010-05-26,8N90E,29.022986349759627,188.1675265522838,146,2010,5,26
2010-05-27,8N90E,29.022739167663367,188.21327023712644,147,2010,5,27
2010-05-28,8N90E,29.022491985567104,188.25901392196906,148,2010,5,28
2010-05-29,8N90E,29.022244803470844,188.30475760681168,149,2010,5,29
2010-05-30,8N90E,29.02199762137458,188.35050129165433,150,2010,5,30
2010-05-31,8N90E,29.02175043927832,188.39624497649694,151,2010,5,31
2010-06-01,8N90E,29.021503257182058,188.4419886613396,152,2010,6,1
2010-06-02,8N90E,29.021256075085798,188.4877323461822,153,2010,6,2
2010-06-03,8N90E,29.021008892989535,188.53347603102483,154,2010,6,3
2010-06-04,8N90E,29.020761710893275,188.57921971586748,155,2010,6,4
2010-06-05,8N90E,29.020514528797015,188.6249634007101,156,2010,6,5
2010-06-06,8N90E,29.020267346700752,188.67070708555275,157,2010,6,6
2010-06-07,8N90E,29.020020164604492,188.71645077039537,158,2010,6,7
2010-06-08,8N90E,29.01977298250823,188.76219445523802,159,2010,6,8
2010-06-09,8N90E,29.01952580041197,188.80793814008064,160,2010,6,9
2010-06-10,8N90E,29.019278618315706,188.85368182492326,161,2010,6,10
2010-06-11,8N90E,29.019031436219446,188.8994255097659,162,2010,6,11
2010-06-12,8N90E,29.018784254123183,188.94516919460852,163,2010,6,12
2010-06-13,8N90E,29.018537072026923,188.99091287945117,164,2010,6,13
2010-06-14,8N90E,29.01828988993066,189.0366565642938,165,2010,6,14
2010-06-15,8N90E,29.0180427078344,189.08240024913644,166,2010,6,15
2010-06-16,8N90E,29.017795525738137,189.12814393397906,167,2010,6,16
2010-06-17,8N90E,29.017548343641877,189.17388761882168,168,2010,6,17
2010-06-18,8N90E,29.017301161545614,189.21963130366433,169,2010,6,18
2010-06-19,8N90E,29.017053979449354,189.26537498850695,170,2010,6,19
2010-06-20,8N90E,29.01680679735309,189.3111186733496,171,2010,6,20
2010-06-21,8N90E,29.01655961525683,189.35686235819222,172,2010,6,21
2010-06-22,8N90E,29.016312433160568,189.40260604303484,173,2010,6,22
2010-06-23,8N90E,29.01606525106431,189.44834972787748,174,2010,6,23
2010-06-24,8N90E,29.015818068968045,189.4940934127201,175,2010,6,24
2010-06-25,8N90E,29.015570886871785,189.53983709756275,176,2010,6,25
2010-06-26,8N90E,29.015323704775522,189.58558078240537,177,2010,6,26
2010-06-27,8N90E,29.015076522679262,189.63132446724802,178,2010,6,27
2010-06-28,8N90E,29.014829340583,189.67706815209064,179,2010,6,28
2010-06-29,8N90E,29.01458215848674,189.72281183693326,180,2010,6,29
2010-06-30,8N90E,29.014334976390476,189.7685555217759,181,2010,6,30
2010-07-01,8N90E,29.014087794294216,189.81429920661853,182,2010,7,1
2010-07-02,8N90E,29.013840612197953,189.86004289146118,183,2010,7,2
2010-07-03,8N90E,29.013593430101693,189.9057865763038,184,2010,7,3
2010-07-04,8N90E,29.01334624800543,189.95153026114644,185,2010,7,4
2010-07-05,8N90E,29.01309906590917,189.99727394598906,186,2010,7,5
2010-07-06,8N90E,29.01285188381291,190.04301763083168,187,2010,7,6
2010-07-07,8N90E,29.012604701716647,190.08876131567433,188,2010,7,7
2010-07-08,8N90E,29.012357519620387,190.13450500051695,189,2010,7,8
2010-07-09,8N90E,29.012110337524124,190.1802486853596,190,2010,7,9
2010-07-10,8N90E,29.011863155427864,190.22599237020222,191,2010,7,10
2010-07-11,8N90E,29.0116159733316,190.27173605504487,192,2010,7,11
2010-07-12,8N90E,29.01136879123534,190.3174797398875,193,2010,7,12
2010-07-13,8N90E,29.011121609139078,190.3632234247301,194,2010,7,13
2010-07-14,8N90E,29.01087442704282,190.40896710957276,195,2010,7,14
2010-07-15,8N90E,29.010627244946555,190.45471079441538,196,2010,7,15
2010-07-16,8N90E,29.010380062850295,190.50045447925802,197,2010,7,16
2010-07-17,8N90E,29.010132880754032,190.54619816410064,198,2010,7,17
2010-07-18,8N90E,29.009885698657772,190.5919418489433,199,2010,7,18
2010-07-19,8N90E,29.00963851656151,190.6376855337859,200,2010,7,19
2010-07-20,8N90E,29.00939133446525,190.68342921862853,201,2010,7,20
2010-07-21,8N90E,29.009144152368986,190.72917290347118,202,2010,7,21
2010-07-22,8N90E,29.008896970272726,190.7749165883138,203,2010,7,22
2010-07-23,8N90E,29.008649788176463,190.82066027315645,204,2010,7,23
2010-07-24,8N90E,29.008402606080203,190.86640395799907,205,2010,7,24
2010-07-25,8N90E,29.00815542398394,190.91214764284172,206,2010,7,25
2010-07-26,8N90E,29.00790824188768,190.95789132768434,207,2010,7,26
2010-07-27,8N90E,29.007661059791417,191.00363501252696,208,2010,7,27
2010-07-28,8N90E,29.007413877695157,191.0493786973696,209,2010,7,28
2010-07-29,8N90E,29.007166695598894,191.09512238221222,210,2010,7,29
2010-07-30,8N90E,29.006919513502634,191.14086606705487,211,2010,7,30
2010-07-31,8N90E,29.00667233140637,191.1866097518975,212,2010,7,31
2010-08-01,8N90E,29.00642514931011,191.23235343674014,213,2010,8,1
2010-08-02,8N90E,29.006177967213848,191.27809712158276,214,2010,8,2
2010-08-03,8N90E,29.005930785117588,191.32384080642538,215,2010,8,3
2010-08-04,8N90E,29.005683603021325,191.36958449126803,216,2010,8,4
2010-08-05,8N90E,29.005436420925065,191.41532817611065,217,2010,8,5
2010-08-06,8N90E,29.005189238828805,191.4610718609533,218,2010,8,6
2010-08-07,8N90E,29.004942056732542,191.50681554579592,219,2010,8,7
2010-08-08,8N90E,29.004694874636282,191.55255923063856,220,2010,8,8
2010-08-09,8N90E,29.00444769254002,191.59830291548118,221,2010,8,9
2010-08-10,8N90E,29.00420051044376,191.6440466003238,222,2010,8,10
2010-08-11,8N90E,29.003953328347496,191.68979028516645,223,2010,8,11
2010-08-12,8N90E,29.003706146251236,191.73553397000907,224,2010,8,12
2010-08-13,8N90E,29.003458964154973,191.78127765485172,225,2010,8,13
2010-08-14,8N90E,29.003211782058713,191.82702133969434,226,2010,8,14
2010-08-15,8N90E,29.00296459996245,191.87276502453696,227,2010,8,15
2010-08-16,8N90E,29.00271741786619,191.9185087093796,228,2010,8,16
2010-08-17,8N90E,29.002470235769927,191.96425239422223,229,2010,8,17
2010-08-18,8N90E,29.002223053673667,192.00999607906488,230,2010,8,18
2010-08-19,8N90E,29.001975871577404,192.0557397639075,231,2010,8,19
2010-08-20,8N90E,29.001728689481144,192.10148344875014,232,2010,8,20
2010-08-21,8N90E,29.00148150738488,192.14722713359276,233,2010,8,21
2010-08-22,8N90E,29.00123432528862,192.19297081843538,234,2010,8,22
2010-08-23,8N90E,29.000987143192358,192.23871450327803,235,2010,8,23
2010-08-24,8N90E,29.000739961096098,192.28445818812065,236,2010,8,24
2010-08-25,8N90E,29.000492778999835,192.3302018729633,237,2010,8,25
2010-08-26,8N90E,29.000245596903575,192.37594555780592,238,2010,8,26
2010-08-27,8N90E,28.99999841480731,192.42168924264857,239,2010,8,27
2010-08-28,8N90E,28.999751232711052,192.4674329274912,240,2010,8,28
2010-08-29,8N90E,28.99950405061479,192.5131766123338,241,2010,8,29
2010-08-30,8N90E,28.99925686851853,192.55892029717646,242,2010,8,30
2010-08-31,8N90E,28.999009686422266,192.60466398201908,243,2010,8,31
2010-09-01,8N90E,28.998762504326006,192.65040766686172,244,2010,9,1
2010-09-02,8N90E,28.998515322229743,192.69615135170434,245,2010,9,2
2010-09-03,8N90E,28.998268140133483,192.74189503654696,246,2010,9,3
2010-09-04,8N90E,28.998020958037223,192.7876387213896,247,2010,9,4
2010-09-05,8N90E,28.99777377594096,192.83338240623223,248,2010,9,5
2010-09-06,8N90E,28.9975265938447,192.87912609107488,249,2010,9,6
2010-09-07,8N90E,28.997279411748437,192.9248697759175,250,2010,9,7
2010-09-08,8N90E,28.997032229652177,192.97061346076015,251,2010,9,8
2010-09-09,8N90E,28.996785047555914,193.01635714560277,252,2010,9,9
2010-09-10,8N90E,28.996537865459654,193.0621008304454,253,2010,9,10
2010-09-11,8N90E,28.99629068336339,193.10784451528804,254,2010,9,11
2010-09-12,8N90E,28.99604350126713,193.15358820013066,255,2010,9,12
2010-09-13,8N90E,28.995796319170868,193.1993318849733,256,2010,9,13
2010-09-14,8N90E,28.995549137074608,193.24507556981592,257,2010,9,14
2010-09-15,8N90E,28.995301954978345,193.29081925465857,258,2010,9,15
2010-09-16,8N90E,28.995054772882085,193.3365629395012,259,2010,9,16
2010-09-17,8N90E,28.994807590785822,193.3823066243438,260,2010,9,17
2010-09-18,8N90E,28.994560408689562,193.42805030918646,261,2010,9,18
2010-09-19,8N90E,28.9943132265933,193.47379399402908,262,2010,9,19
2010-09-20,8N90E,28.99406604449704,193.51953767887173,263,2010,9,20
2010-09-21,8N90E,28.993818862400776,193.56528136371435,264,2010,9,21
2010-09-22,8N90E,28.993571680304516,193.611025048557,265,2010,9,22
2010-09-23,8N90E,28.993324498208253,193.65676873339962,266,2010,9,23
2010-09-24,8N90E,28.993077316111993,193.70251241824224,267,2010,9,24
2010-09-25,8N90E,28.99283013401573,193.74825610308488,268,2010,9,25
2010-09-26,8N90E,28.99258295191947,193.7939997879275,269,2010,9,26
2010-09-27,8N90E,28.992335769823207,193.83974347277015,270,2010,9,27
2010-09-28,8N90E,28.992088587726947,193.88548715761277,271,2010,9,28
2010-09-29,8N90E,28.991841405630684,193.93123084245542,272,2010,9,29
2010-09-30,8N90E,28.991594223534424,193.97697452729804,273,2010,9,30
2010-10-01,8N90E,28.99134704143816,194.02271821214066,274,2010,10,1
2010-10-02,8N90E,28.9910998593419,194.0684618969833,275,2010,10,2
2010-10-03,8N90E,28.99085267724564,194.11420558182593,276,2010,10,3
2010-10-04,8N90E,28.990605495149378,194.15994926666858,277,2010,10,4
2010-10-05,8N90E,28.990358313053118,194.2056929515112,278,2010,10,5
2010-10-06,8N90E,28.990111130956855,194.25143663635384,279,2010,10,6
2010-10-07,8N90E,28.989863948860595,194.29718032119646,280,2010,10,7
2010-10-08,8N90E,28.989616766764332,194.34292400603908,281,2010,10,8
2010-10-09,8N90E,28.989369584668072,194.38866769088173,282,2010,10,9
2010-10-10,8N90E,28.98912240257181,194.43441137572435,283,2010,10,10
2010-10-11,8N90E,28.98887522047555,194.480155060567,284,2010,10,11
2010-10-12,8N90E,28.988628038379286,194.52589874540962,285,2010,10,12
2010-10-13,8N90E,28.988380856283026,194.57164243025227,286,2010,10,13
2010-10-14,8N90E,28.988133674186763,194.6173861150949,287,2010,10,14
2010-10-15,8N90E,28.987886492090503,194.6631297999375,288,2010,10,15
2010-10-16,8N90E,28.98763930999424,194.70887348478016,289,2010,10,16
2010-10-17,8N90E,28.98739212789798,194.75461716962278,290,2010,10,17
2010-10-18,8N90E,28.987144945801717,194.80036085446542,291,2010,10,18
2010-10-19,8N90E,28.986897763705457,194.84610453930804,292,2010,10,19
2010-10-20,8N90E,28.986650581609194,194.8918482241507,293,2010,10,20
2010-10-21,8N90E,28.986403399512934,194.9375919089933,294,2010,10,21
2010-10-22,8N90E,28.98615621741667,194.98333559383593,295,2010,10,22
2010-10-23,8N90E,28.98590903532041,195.02907927867858,296,2010,10,23
2010-10-24,8N90E,28.985661853224148,195.0748229635212,297,2010,10,24
2010-10-25,8N90E,28.985414671127888,195.12056664836385,298,2010,10,25
2010-10-26,8N90E,28.985167489031625,195.16631033320647,299,2010,10,26
2010-10-27,8N90E,28.984920306935365,195.21205401804912,300,2010,10,27
2010-10-28,8N90E,28.9846731248391,195.25779770289174,301,2010,10,28
2010-10-29,8N90E,28.984425942742842,195.30354138773436,302,2010,10,29
2010-10-30,8N90E,28.98417876064658,195.349285072577,303,2010,10,30
2010-10-31,8N90E,28.98393157855032,195.39502875741962,304,2010,10,31
2010-11-01,8N90E,28.983684396454056,195.44077244226227,305,2010,11,1
2010-11-02,8N90E,28.78,177.8,306,2010,11,2
2010-11-03,8N90E,28.66,73.3,307,2010,11,3
2010-11-04,8N90E,28.47,19.7,308,2010,11,4
2010-11-05,8N90E,28.41,172.2,309,2010,11,5
2010-11-06,8N90E,28.36,139.5,310,2010,11,6
2010-11-07,8N90E,28.46,232.6,311,2010,11,7
2010-11-08,8N90E,28.66,255.6,312,2010,11,8
2010-11-09,8N90E,28.6,178.9,313,2010,11,9
2010-11-10,8N90E,28.34,83.3,314,2010,11,10
2010-11-11,8N90E,28.5,164.6,315,2010,11,11
2010-11-12,8N90E,28.58,255.2,316,2010,11,12
2010-11-13,8N90E,28.87,169.1,317,2010,11,13
2010-11-14,8N90E,28.6,50.5,318,2010,11,14
2010-11-15,8N90E,28.49,132.2,319,2010,11,15
2010-11-16,8N90E,28.67,231.8,320,2010,11,16
2010-11-17,8N90E,28.71,239.9,321,2010,11,17
2010-11-18,8N90E,28.56,151.7,322,2010,11,18
2010-11-19,8N90E,28.56,120.2,323,2010,11,19
2010-11-20,8N90E,28.59,180.1,324,2010,11,20
2010-11-21,8N90E,28.73,220.2,325,2010,11,21
2010-11-22,8N90E,28.57,137.6,326,2010,11,22
2010-11-23,8N90E,28.59,199.1,327,2010,11,23
2010-11-24,8N90E,28.54,97.6,328,2010,11,24
2010-11-25,8N90E,28.7,210.7,329,2010,11,25
2010-11-26,8N90E,28.78,250.3,330,2010,11,26
2010-11-27,8N90E,28.82,248.0,331,2010,11,27
2010-11-28,8N90E,28.77,197.5,332,2010,11,28
2010-11-29,8N90E,28.69,79.0,333,2010,11,29
2010-11-30,8N90E,28.7,188.8,334,2010,11,30
2010-12-01,8N90E,28.67,134.6,335,2010,12,1
2010-12-02,8N90E,28.59,141.8,336,2010,12,2
2010-12-03,8N90E,28.5,88.8,337,2010,12,3
2010-12-04,8N90E,28.51,193.7,338,2010,12,4
2010-12-05,8N90E,28.5,176.2,339,2010,12,5
2010-12-06,8N90E,28.41,107.4,340,2010,12,6
2010-12-07,8N90E,28.37,151.9,341,2010,12,7
2010-12-08,8N90E,28.29,47.6,342,2010,12,8
2010-12-09,8N90E,28.37,243.0,343,2010,12,9
2010-12-10,8N90E,28.22,17.1,344,2010,12,10
2010-12-11,8N90E,28.21,89.5,345,2010,12,11
2010-12-12,8N90E,28.2,95.4,346,2010,12,12
2010-12-13,8N90E,28.3,205.9,347,2010,12,13
2010-12-14,8N90E,28.34,236.4,348,2010,12,14
2010-12-15,8N90E,28.31,223.7,349,2010,12,15
2010-12-16,8N90E,28.13,223.3,350,2010,12,16
2010-12-17,8N90E,28.24,226.9,351,2010,12,17
2010-12-18,8N90E,28.45,213.8,352,2010,12,18
2010-12-19,8N90E,28.42,140.4,353,2010,12,19
2010-12-20,8N90E,28.34,34.7,354,2010,12,20
2010-12-21,8N90E,28.35,204.2,355,2010,12,21
2010-12-22,8N90E,28.45,197.9,356,2010,12,22
2010-12-23,8N90E,28.39,153.4,357,2010,12,23
2010-12-24,8N90E,28.26,62.4,358,2010,12,24
2010-12-25,8N90E,28.32,214.3,359,2010,12,25
2010-12-26,8N90E,28.37,235.3,360,2010,12,26
2010-12-27,8N90E,28.33,189.2,361,2010,12,27
2010-12-28,8N90E,28.22,191.0,362,2010,12,28
2010-12-29,8N90E,28.25,246.4,363,2010,12,29
2010-12-30,8N90E,28.17,89.5,364,2010,12,30
2010-12-31,8N90E,28.16,38.6,365,2010,12,31
2011-01-01,8N90E,28.26,155.6,1,2011,1,1
2011-01-02,8N90E,28.21,110.0,2,2011,1,2
2011-01-03,8N90E,28.22,181.9,3,2011,1,3
2011-01-04,8N90E,28.33,206.1,4,2011,1,4
2011-01-05,8N90E,28.2,73.2,5,2011,1,5
2011-01-06,8N90E,28.13,85.5,6,2011,1,6
2011-01-07,8N90E,28.02,23.7,7,2011,1,7
2011-01-08,8N90E,28.07,183.7,8,2011,1,8
2011-01-09,8N90E,28.05,206.3,9,2011,1,9
2011-01-10,8N90E,28.1,213.6,10,2011,1,10
2011-01-11,8N90E,28.04,152.9,11,2011,1,11
2011-01-12,8N90E,28.22,197.7,12,2011,1,12
2011-01-13,8N90E,28.21,246.6,13,2011,1,13
2011-01-14,8N90E,28.4,251.4,14,2011,1,14
2011-01-15,8N90E,28.32,252.1,15,2011,1,15
2011-01-16,8N90E,28.15,60.0,16,2011,1,16
2011-01-17,8N90E,28.35,246.4,17,2011,1,17
2011-01-18,8N90E,28.29,266.8,18,2011,1,18
2011-01-19,8N90E,28.28,275.7,19,2011,1,19
2011-01-20,8N90E,28.2,245.2,20,2011,1,20
2011-01-21,8N90E,28.15,255.1,21,2011,1,21
2011-01-22,8N90E,28.18,254.6,22,2011,1,22
2011-01-23,8N90E,28.16,183.9,23,2011,1,23
2011-01-24,8N90E,28.15,223.4,24,2011,1,24
2011-01-25,8N90E,28.17,178.6,25,2011,1,25
2011-01-26,8N90E,28.27,245.6,26,2011,1,26
2011-01-27,8N90E,28.2,21.9,27,2011,1,27
2011-01-28,8N90E,28.18,99.1,28,2011,1,28
2011-01-29,8N90E,28.13,68.7,29,2011,1,29
2011-01-30,8N90E,28.17,238.7,30,2011,1,30
2011-01-31,8N90E,28.1,69.3,31,2011,1,31
2011-02-01,8N90E,27.98,41.5,32,2011,2,1
2011-02-02,8N90E,28.05,140.8,33,2011,2,2
2011-02-03,8N90E,28.13,196.8,34,2011,2,3
2011-02-04,8N90E,28.27,261.6,35,2011,2,4
2011-02-05,8N90E,28.26,244.7,36,2011,2,5
2011-02-06,8N90E,28.36,249.3,37,2011,2,6
2011-02-07,8N90E,28.26,90.5,38,2011,2,7
2011-02-08,8N90E,28.48,233.3,39,2011,2,8
2011-02-09,8N90E,28.47,248.6,40,2011,2,9
2011-02-10,8N90E,28.42,156.8,41,2011,2,10
2011-02-11,8N90E,28.39,201.8,42,2011,2,11
2011-02-12,8N90E,28.29,117.3,43,2011,2,12
2011-02-13,8N90E,28.29,198.1,44,2011,2,13
2011-02-14,8N90E,28.4,239.6,45,2011,2,14
2011-02-15,8N90E,28.4,243.2,46,2011,2,15
2011-02-16,8N90E,28.52,289.3,47,2011,2,16
2011-02-17,8N90E,28.76,239.7,48,2011,2,17
2011-02-18,8N90E,28.79,236.4,49,2011,2,18
2011-02-19,8N90E,28.66,272.4,50,2011,2,19
2011-02-20,8N90E,28.59,287.1,51,2011,2,20
2011-02-21,8N90E,28.53,228.2,52,2011,2,21
2011-02-22,8N90E,28.57,277.6,53,2011,2,22
2011-02-23,8N90E,28.53,258.7,54,2011,2,23
2011-02-24,8N90E,28.43,73.6,55,2011,2,24
2011-02-25,8N90E,28.39,176.5,56,2011,2,25
2011-02-26,8N90E,28.35,191.5,57,2011,2,26
2011-02-27,8N90E,28.31,83.5,58,2011,2,27
2011-02-28,8N90E,28.32,104.5,59,2011,2,28
2011-03-01,8N90E,28.45,240.5,60,2011,3,1
2011-03-02,8N90E,28.68,276.9,61,2011,3,2
2011-03-03,8N90E,28.79,280.3,62,2011,3,3
2011-03-04,8N90E,28.71,286.1,63,2011,3,4
2011-03-05,8N90E,28.88,276.1,64,2011,3,5
2011-03-06,8N90E,28.97,247.6,65,2011,3,6
2011-03-07,8N90E,28.92,211.9,66,2011,3,7
2011-03-08,8N90E,29.07,238.9,67,2011,3,8
2011-03-09,8N90E,29.0,259.8,68,2011,3,9
2011-03-10,8N90E,28.87,92.9,69,2011,3,10
2011-03-11,8N90E,29.1,171.2,70,2011,3,11
2011-03-12,8N90E,29.29,297.3,71,2011,3,12
2011-03-13,8N90E,29.41,263.9,72,2011,3,13
2011-03-14,8N90E,29.19,87.7,73,2011,3,14
2011-03-15,8N90E,29.26,209.6,74,2011,3,15
2011-03-16,8N90E,29.42,259.0,75,2011,3,16
2011-03-17,8N90E,29.07,26.1,76,2011,3,17
2011-03-18,8N90E,28.99,123.5,77,2011,3,18
2011-03-19,8N90E,29.13,115.9,78,2011,3,19
2011-03-20,8N90E,29.53,277.6,79,2011,3,20
2011-03-21,8N90E,29.69,227.8,80,2011,3,21
2011-03-22,8N90E,29.71,162.8,81,2011,3,22
2011-03-23,8N90E,29.8,254.2,82,2011,3,23
2011-03-24,8N90E,29.37,88.2,83,2011,3,24
2011-03-25,8N90E,29.39,182.7,84,2011,3,25
2011-03-26,8N90E,29.37,136.5,85,2011,3,26
2011-03-27,8N90E,29.6,297.0,86,2011,3,27
2011-03-28,8N90E,29.57,289.6,87,2011,3,28
2011-03-29,8N90E,29.57,272.0,88,2011,3,29
2011-03-30,8N90E,29.65,270.0,89,2011,3,30
2011-03-31,8N90E,29.72,288.5,90,2011,3,31
2011-04-01,8N90E,29.83,295.3,91,2011,4,1
2011-04-02,8N90E,29.61,285.3,92,2011,4,2
2011-04-03,8N90E,29.35,213.8,93,2011,4,3
2011-04-04,8N90E,29.31,246.2,94,2011,4,4
2011-04-05,8N90E,29.47,306.2,95,2011,4,5
2011-04-06,8N90E,29.36,277.7,96,2011,4,6
2011-04-07,8N90E,29.6,312.0,97,2011,4,7
2011-04-08,8N90E,29.92,307.1,98,2011,4,8
2011-04-09,8N90E,29.71,135.3,99,2011,4,9
2011-04-10,8N90E,29.86,281.1,100,2011,4,10
2011-04-11,8N90E,29.82,271.2,101,2011,4,11
2011-04-12,8N90E,30.05,283.7,102,2011,4,12
2011-04-13,8N90E,30.03,262.3,103,2011,4,13
2011-04-14,8N90E,30.57,295.2,104,2011,4,14
2011-04-15,8N90E,29.93,83.1,105,2011,4,15
2011-04-16,8N90E,30.02,265.2,106,2011,4,16
2011-04-17,8N90E,29.98,267.9,107,2011,4,17
2011-04-18,8N90E,30.21,273.8,108,2011,4,18
2011-04-19,8N90E,30.12,184.7,109,2011,4,19
2011-04-20,8N90E,30.48,284.0,110,2011,4,20
2011-04-21,8N90E,30.61,294.2,111,2011,4,21
2011-04-22,8N90E,30.88,299.0,112,2011,4,22
2011-04-23,8N90E,31.01,290.9,113,2011,4,23
2011-04-24,8N90E,30.42,54.3,114,2011,4,24
2011-04-25,8N90E,30.38,252.6,115,2011,4,25
2011-04-26,8N90E,30.32,249.2,116,2011,4,26
2011-04-27,8N90E,30.33,239.5,117,2011,4,27
2011-04-28,8N90E,30.11,145.9,118,2011,4,28
2011-04-29,8N90E,29.94,207.2,119,2011,4,29
2011-04-30,8N90E,29.89,79.3,120,2011,4,30
2011-05-01,8N90E,29.78,235.9,121,2011,5,1
2011-05-02,8N90E,29.71,180.3,122,2011,5,2
2011-05-03,8N90E,29.54,202.0,123,2011,5,3
2011-05-04,8N90E,29.49,222.7,124,2011,5,4
2011-05-05,8N90E,29.38,70.3,125,2011,5,5
2011-05-06,8N90E,29.37,59.0,126,2011,5,6
2011-05-07,8N90E,29.35,241.0,127,2011,5,7
2011-05-08,8N90E,29.17,83.2,128,2011,5,8
2011-05-09,8N90E,29.08,236.4,129,2011,5,9
2011-05-10,8N90E,29.02,232.8,130,2011,5,10
2011-05-11,8N90E,29.1,283.2,131,2011,5,11
2011-05-12,8N90E,29.19,291.3,132,2011,5,12
2011-05-13,8N90E,29.36,287.3,133,2011,5,13
2011-05-14,8N90E,29.38,288.0,134,2011,5,14
2011-05-15,8N90E,29.61,282.1,135,2011,5,15
2011-05-16,8N90E,29.96,282.7,136,2011,5,16
2011-05-17,8N90E,29.93,274.6,137,2011,5,17
2011-05-18,8N90E,30.02,297.4,138,2011,5,18
2011-05-19,8N90E,29.86,305.1,139,2011,5,19
2011-05-20,8N90E,29.82,301.2,140,2011,5,20
2011-05-21,8N90E,29.76,296.7,141,2011,5,21
2011-05-22,8N90E,29.79,300.1,142,2011,5,22
2011-05-23,8N90E,29.93,288.2,143,2011,5,23
2011-05-24,8N90E,29.92,282.3,144,2011,5,24
2011-05-25,8N90E,29.85,259.5,145,2011,5,25
2011-05-26,8N90E,29.9,265.5,146,2011,5,26
2011-05-27,8N90E,30.03,295.4,147,2011,5,27
2011-05-28,8N90E,29.98,186.3,148,2011,5,28
2011-05-29,8N90E,29.92,180.2,149,2011,5,29
2011-05-30,8N90E,29.84,246.4,150,2011,5,30
2011-05-31,8N90E,29.78,271.0,151,2011,5,31
2011-06-01,8N90E,29.74,227.8,152,2011,6,1
2011-06-02,8N90E,29.66,34.3,153,2011,6,2
2011-06-03,8N90E,29.645,145.84999999999997,154,2011,6,3
2011-06-04,8N90E,29.63,257.4,155,2011,6,4
2011-06-05,8N90E,29.58,53.2,156,2011,6,5
2011-06-06,8N90E,29.51,16.4,157,2011,6,6
2011-06-07,8N90E,29.48,55.2,158,2011,6,7
2011-06-08,8N90E,29.41,234.8,159,2011,6,8
2011-06-09,8N90E,29.4,223.4,160,2011,6,9
2011-06-10,8N90E,29.37,111.5,161,2011,6,10
2011-06-11,8N90E,29.3,128.7,162,2011,6,11
2011-06-12,8N90E,29.28,242.3,163,2011,6,12
2011-06-13,8N90E,29.26,276.0,164,2011,6,13
2011-06-14,8N90E,29.22,175.9,165,2011,6,14
2011-06-15,8N90E,29.24,251.7,166,2011,6,15
2011-06-16,8N90E,29.26,276.7,167,2011,6,16
2011-06-17,8N90E,29.24,264.2,168,2011,6,17
2011-06-18,8N90E,29.2,277.4,169,2011,6,18
2011-06-19,8N90E,29.17,244.8,170,2011,6,19
2011-06-20,8N90E,29.14,226.4,171,2011,6,20
2011-06-21,8N90E,29.12,228.9,172,2011,6,21
2011-06-22,8N90E,29.12,277.5,173,2011,6,22
2011-06-23,8N90E,29.11,273.8,174,2011,6,23
2011-06-24,8N90E,29.18,257.4,175,2011,6,24
2011-06-25,8N90E,29.16,254.7,176,2011,6,25
2011-06-26,8N90E,29.11,238.7,177,2011,6,26
2011-06-27,8N90E,29.16,223.2,178,2011,6,27
2011-06-28,8N90E,29.17,139.9,179,2011,6,28
2011-06-29,8N90E,29.07,84.4,180,2011,6,29
2011-06-30,8N90E,29.16,245.6,181,2011,6,30
2011-07-01,8N90E,29.06,146.8,182,2011,7,1
2011-07-02,8N90E,29.01,99.0,183,2011,7,2
2011-07-03,8N90E,29.01,193.7,184,2011,7,3
2011-07-04,8N90E,29.0,228.0,185,2011,7,4
2011-07-05,8N90E,28.86,153.0,186,2011,7,5
2011-07-06,8N90E,28.9,264.3,187,2011,7,6
2011-07-07,8N90E,28.89,277.8,188,2011,7,7
2011-07-08,8N90E,28.95,264.6,189,2011,7,8
2011-07-09,8N90E,28.96,287.4,190,2011,7,9
2011-07-10,8N90E,28.88,101.9,191,2011,7,10
2011-07-11,8N90E,28.81,95.2,192,2011,7,11
2011-07-12,8N90E,28.81,81.2,193,2011,7,12
2011-07-13,8N90E,28.77,155.4,194,2011,7,13
2011-07-14,8N90E,28.75,196.1,195,2011,7,14
2011-07-15,8N90E,28.76,191.0,196,2011,7,15
2011-07-16,8N90E,28.74,199.9,197,2011,7,16
2011-07-17,8N90E,28.81,290.7,198,2011,7,17
2011-07-18,8N90E,28.83,232.0,199,2011,7,18
2011-07-19,8N90E,28.85,225.4,200,2011,7,19
2011-07-20,8N90E,28.82,196.7,201,2011,7,20
2011-07-21,8N90E,28.87,262.6,202,2011,7,21
2011-07-22,8N90E,28.83,150.8,203,2011,7,22
2011-07-23,8N90E,28.77,61.0,204,2011,7,23
2011-07-24,8N90E,28.62,62.2,205,2011,7,24
2011-07-25,8N90E,28.32,10.1,206,2011,7,25
2011-07-26,8N90E,28.41,46.9,207,2011,7,26
2011-07-27,8N90E,28.51,223.1,208,2011,7,27
2011-07-28,8N90E,28.68,221.4,209,2011,7,28
2011-07-29,8N90E,28.59,70.9,210,2011,7,29
2011-07-30,8N90E,28.63,213.0,211,2011,7,30
2011-07-31,8N90E,28.69,264.6,212,2011,7,31
2011-08-01,8N90E,28.72,274.2,213,2011,8,1
2011-08-02,8N90E,28.69,273.2,214,2011,8,2
2011-08-03,8N90E,28.72,259.5,215,2011,8,3
2011-08-04,8N90E,28.76,277.0,216,2011,8,4
2011-08-05,8N90E,28.79,306.7,217,2011,8,5
2011-08-06,8N90E,28.73,296.0,218,2011,8,6
2011-08-07,8N90E,28.73,273.5,219,2011,8,7
2011-08-08,8N90E,28.7,292.0,220,2011,8,8
2011-08-09,8N90E,28.63,310.5,221,2011,8,9
2011-08-10,8N90E,28.68,283.9,222,2011,8,10
2011-08-11,8N90E,28.65,222.2,223,2011,8,11
2011-08-12,8N90E,28.71,263.3,224,2011,8,12
2011-08-13,8N90E,28.7,252.4,225,2011,8,13
2011-08-14,8N90E,28.66,88.2,226,2011,8,14
2011-08-15,8N90E,28.7,156.3,227,2011,8,15
2011-08-16,8N90E,28.72,174.6,228,2011,8,16
2011-08-17,8N90E,28.68,243.3,229,2011,8,17
2011-08-18,8N90E,28.67,293.3,230,2011,8,18
2011-08-19,8N90E,28.68,263.4,231,2011,8,19
2011-08-20,8N90E,28.68,244.6,232,2011,8,20
2011-08-21,8N90E,28.69,276.9,233,2011,8,21
2011-08-22,8N90E,28.69,290.6,234,2011,8,22
2011-08-23,8N90E,28.7,241.8,235,2011,8,23
2011-08-24,8N90E,28.58,117.0,236,2011,8,24
2011-08-25,8N90E,28.61,269.3,237,2011,8,25
2011-08-26,8N90E,28.55,196.8,238,2011,8,26
2011-08-27,8N90E,28.48,179.9,239,2011,8,27
2011-08-28,8N90E,28.48,215.9,240,2011,8,28
2011-08-29,8N90E,28.49,278.8,241,2011,8,29
2011-08-30,8N90E,28.53,279.8,242,2011,8,30
2011-08-31,8N90E,28.49,155.0,243,2011,8,31
2011-09-01,8N90E,28.47,123.8,244,2011,9,1
2011-09-02,8N90E,28.52,276.5,245,2011,9,2
2011-09-03,8N90E,28.56,206.9,246,2011,9,3
2011-09-04,8N90E,28.65,294.3,247,2011,9,4
2011-09-05,8N90E,28.66,287.2,248,2011,9,5
2011-09-06,8N90E,28.64,229.1,249,2011,9,6
2011-09-07,8N90E,28.57,136.6,250,2011,9,7
2011-09-08,8N90E,28.55,111.7,251,2011,9,8
2011-09-09,8N90E,28.6,288.2,252,2011,9,9
2011-09-10,8N90E,28.6,235.2,253,2011,9,10
2011-09-11,8N90E,28.57,185.9,254,2011,9,11
2011-09-12,8N90E,28.48,78.9,255,2011,9,12
2011-09-13,8N90E,28.42,202.1,256,2011,9,13
2011-09-14,8N90E,28.35,217.4,257,2011,9,14
2011-09-15,8N90E,28.46,301.1,258,2011,9,15
2011-09-16,8N90E,28.51,276.5,259,2011,9,16
2011-09-17,8N90E,28.57,267.1,260,2011,9,17
2011-09-18,8N90E,28.54,285.4,261,2011,9,18
2011-09-19,8N90E,28.55,289.0,262,2011,9,19
2011-09-20,8N90E,28.54,283.0,263,2011,9,20
2011-09-21,8N90E,28.51,269.6,264,2011,9,21
2011-09-22,8N90E,28.56,201.5,265,2011,9,22
2011-09-23,8N90E,28.6,65.6,266,2011,9,23
2011-09-24,8N90E,28.55,138.6,267,2011,9,24
2011-09-25,8N90E,28.67,274.9,268,2011,9,25
2011-09-26,8N90E,28.69,256.6,269,2011,9,26
2011-09-27,8N90E,28.67,236.1,270,2011,9,27
2011-09-28,8N90E,28.69,268.2,271,2011,9,28
2011-09-29,8N90E,28.7,216.2,272,2011,9,29
2011-09-30,8N90E,28.7,287.0,273,2011,9,30
2011-10-01,8N90E,28.58,270.4,274,2011,10,1
2011-10-02,8N90E,28.5,224.8,275,2011,10,2
2011-10-03,8N90E,28.52,282.5,276,2011,10,3
2011-10-04,8N90E,28.52,283.8,277,2011,10,4
2011-10-05,8N90E,28.75,257.1,278,2011,10,5
2011-10-06,8N90E,28.93,276.5,279,2011,10,6
2011-10-07,8N90E,29.02,226.9,280,2011,10,7
2011-10-08,8N90E,28.84,249.5,281,2011,10,8
2011-10-09,8N90E,28.71,211.4,282,2011,10,9
2011-10-10,8N90E,28.92,246.8,283,2011,10,10
2011-10-11,8N90E,28.7,50.2,284,2011,10,11
2011-10-12,8N90E,28.63,95.4,285,2011,10,12
2011-10-13,8N90E,28.63,220.0,286,2011,10,13
2011-10-14,8N90E,28.48,266.2,287,2011,10,14
2011-10-15,8N90E,28.4,245.1,288,2011,10,15
2011-10-16,8N90E,28.65,243.9,289,2011,10,16
2011-10-17,8N90E,28.45,203.8,290,2011,10,17
2011-10-18,8N90E,28.55,261.2,291,2011,10,18
2011-10-19,8N90E,29.05,293.1,292,2011,10,19
2011-10-20,8N90E,29.35,276.3,293,2011,10,20
2011-10-21,8N90E,28.89,284.6,294,2011,10,21
2011-10-22,8N90E,28.8,236.0,295,2011,10,22
2011-10-23,8N90E,28.84,245.2,296,2011,10,23
2011-10-24,8N90E,29.01,278.1,297,2011,10,24
2011-10-25,8N90E,28.99,249.8,298,2011,10,25
2011-10-26,8N90E,29.14,284.7,299,2011,10,26
2011-10-27,8N90E,29.0,232.6,300,2011,10,27
2011-10-28,8N90E,28.99,235.3,301,2011,10,28
2011-10-29,8N90E,28.89,131.5,302,2011,10,29
2011-10-30,8N90E,28.95,231.7,303,2011,10,30
2011-10-31,8N90E,28.73,162.1,304,2011,10,31
2011-11-01,8N90E,28.73,168.9,305,2011,11,1
2011-11-02,8N90E,28.74,152.4,306,2011,11,2
2011-11-03,8N90E,29.26,266.7,307,2011,11,3
2011-11-04,8N90E,29.21,213.5,308,2011,11,4
2011-11-05,8N90E,29.13,230.7,309,2011,11,5
2011-11-06,8N90E,29.51,262.1,310,2011,11,6
2011-11-07,8N90E,29.67,294.4,311,2011,11,7
2011-11-08,8N90E,29.69,278.6,312,2011,11,8
2011-11-09,8N90E,29.64,186.0,313,2011,11,9
2011-11-10,8N90E,29.53,270.8,314,2011,11,10
2011-11-11,8N90E,29.33,94.0,315,2011,11,11
2011-11-12,8N90E,29.84,249.9,316,2011,11,12
2011-11-13,8N90E,29.5,215.2,317,2011,11,13
2011-11-14,8N90E,29.76,250.2,318,2011,11,14
2011-11-15,8N90E,29.38,137.1,319,2011,11,15
2011-11-16,8N90E,29.53,269.8,320,2011,11,16
2011-11-17,8N90E,29.45,253.9,321,2011,11,17
2011-11-18,8N90E,29.58,223.6,322,2011,11,18
2011-11-19,8N90E,29.52,259.5,323,2011,11,19
2011-11-20,8N90E,29.5,254.3,324,2011,11,20
2011-11-21,8N90E,29.37,199.7,325,2011,11,21
2011-11-22,8N90E,29.15,54.7,326,2011,11,22
2011-11-23,8N90E,29.05,190.5,327,2011,11,23
2011-11-24,8N90E,28.95,87.9,328,2011,11,24
2011-11-25,8N90E,28.83,112.5,329,2011,11,25
2011-11-26,8N90E,28.74,71.8,330,2011,11,26
2011-11-27,8N90E,28.82,160.4,331,2011,11,27
2011-11-28,8N90E,28.77,168.7,332,2011,11,28
2011-11-29,8N90E,28.73,238.6,333,2011,11,29
2011-11-30,8N90E,28.76,237.8,334,2011,11,30
2011-12-01,8N90E,28.66,23.8,335,2011,12,1
2011-12-02,8N90E,28.9,275.5,336,2011,12,2
2011-12-03,8N90E,28.66,212.2,337,2011,12,3
2011-12-04,8N90E,28.67,268.2,338,2011,12,4
2011-12-05,8N90E,28.96,261.9,339,2011,12,5
2011-12-06,8N90E,28.98,195.5,340,2011,12,6
2011-12-07,8N90E,29.03,269.9,341,2011,12,7
2011-12-08,8N90E,29.03,268.2,342,2011,12,8
2011-12-09,8N90E,29.07,259.3,343,2011,12,9
2011-12-10,8N90E,28.97,256.6,344,2011,12,10
2011-12-11,8N90E,28.87,224.3,345,2011,12,11
2011-12-12,8N90E,28.75,207.2,346,2011,12,12
2011-12-13,8N90E,28.68,239.9,347,2011,12,13
2011-12-14,8N90E,28.68,211.5,348,2011,12,14
2011-12-15,8N90E,28.63,251.5,349,2011,12,15
2011-12-16,8N90E,28.75,229.7,350,2011,12,16
2011-12-17,8N90E,28.71,122.2,351,2011,12,17
2011-12-18,8N90E,28.65,37.0,352,2011,12,18
2011-12-19,8N90E,28.6,233.4,353,2011,12,19
2011-12-20,8N90E,28.53,195.2,354,2011,12,20
2011-12-21,8N90E,28.42,166.1,355,2011,12,21
2011-12-22,8N90E,28.37,157.8,356,2011,12,22
2011-12-23,8N90E,28.32,116.5,357,2011,12,23
2011-12-24,8N90E,28.22,82.1,358,2011,12,24
2011-12-25,8N90E,28.3,133.2,359,2011,12,25
2011-12-26,8N90E,28.18,92.5,360,2011,12,26
2011-12-27,8N90E,28.15,187.3,361,2011,12,27
2011-12-28,8N90E,28.19,256.8,362,2011,12,28
2011-12-29,8N90E,28.43,231.9,363,2011,12,29
2011-12-30,8N90E,28.29,234.6,364,2011,12,30
2011-12-31,8N90E,28.19,257.6,365,2011,12,31
2012-01-01,8N90E,28.13,94.1,1,2012,1,1
2012-01-02,8N90E,28.33,185.0,2,2012,1,2
2012-01-03,8N90E,28.55,227.8,3,2012,1,3
2012-01-04,8N90E,28.43,270.6,4,2012,1,4
2012-01-05,8N90E,28.52,244.8,5,2012,1,5
2012-01-06,8N90E,28.4,168.2,6,2012,1,6
2012-01-07,8N90E,28.33,97.5,7,2012,1,7
2012-01-08,8N90E,28.51,217.9,8,2012,1,8
2012-01-09,8N90E,28.47,216.3,9,2012,1,9
2012-01-10,8N90E,28.53,214.7,10,2012,1,10
2012-01-11,8N90E,28.4,47.6,11,2012,1,11
2012-01-12,8N90E,28.38,97.75,12,2012,1,12
2012-01-13,8N90E,28.47,147.9,13,2012,1,13
2012-01-14,8N90E,28.56,60.2,14,2012,1,14
2012-01-15,8N90E,28.45,118.3,15,2012,1,15
2012-01-16,8N90E,28.45,175.7,16,2012,1,16
2012-01-17,8N90E,28.53,210.45,17,2012,1,17
2012-01-18,8N90E,28.58,245.2,18,2012,1,18
2012-01-19,8N90E,28.65,238.55,19,2012,1,19
2012-01-20,8N90E,28.73,231.9,20,2012,1,20
2012-01-21,8N90E,28.69,239.4,21,2012,1,21
2012-01-22,8N90E,28.69,240.3,22,2012,1,22
2012-01-23,8N90E,28.66,218.0,23,2012,1,23
2012-01-24,8N90E,28.63,111.2,24,2012,1,24
2012-01-25,8N90E,28.65,174.9,25,2012,1,25
2012-01-26,8N90E,28.65,206.4,26,2012,1,26
2012-01-27,8N90E,28.66,234.2,27,2012,1,27
2012-01-28,8N90E,28.64,237.4,28,2012,1,28
2012-01-29,8N90E,28.62,261.6,29,2012,1,29
2012-01-30,8N90E,28.55,235.1,30,2012,1,30
2012-01-31,8N90E,28.6,260.8,31,2012,1,31
2012-02-01,8N90E,28.6,253.5,32,2012,2,1
2012-02-02,8N90E,28.48,180.7,33,2012,2,2
2012-02-03,8N90E,28.45,243.7,34,2012,2,3
2012-02-04,8N90E,28.44,55.5,35,2012,2,4
2012-02-05,8N90E,28.38,203.5,36,2012,2,5
2012-02-06,8N90E,28.25,58.6,37,2012,2,6
2012-02-07,8N90E,28.39,249.9,38,2012,2,7
2012-02-08,8N90E,28.63,252.6,39,2012,2,8
2012-02-09,8N90E,28.62,274.5,40,2012,2,9
2012-02-10,8N90E,28.6,281.2,41,2012,2,10
2012-02-11,8N90E,28.59,245.2,42,2012,2,11
2012-02-12,8N90E,28.55,210.6,43,2012,2,12
2012-02-13,8N90E,28.46,82.2,44,2012,2,13
2012-02-14,8N90E,28.52,256.0,45,2012,2,14
2012-02-15,8N90E,28.54,252.2,46,2012,2,15
2012-02-16,8N90E,28.4,216.7,47,2012,2,16
2012-02-17,8N90E,28.66,277.5,48,2012,2,17
2012-02-18,8N90E,28.63,250.3,49,2012,2,18
2012-02-19,8N90E,28.64,221.1,50,2012,2,19
2012-02-20,8N90E,28.51,279.2,51,2012,2,20
2012-02-21,8N90E,28.51,275.4,52,2012,2,21
2012-02-22,8N90E,28.43,250.5,53,2012,2,22
2012-02-23,8N90E,28.44,247.9,54,2012,2,23
2012-02-24,8N90E,28.37,268.8,55,2012,2,24
2012-02-25,8N90E,28.34,149.8,56,2012,2,25
2012-02-26,8N90E,28.52,263.4,57,2012,2,26
2012-02-27,8N90E,28.63,282.4,58,2012,2,27
2012-02-28,8N90E,28.93,263.6,59,2012,2,28
2012-02-29,8N90E,28.75,139.9,60,2012,2,29
2012-03-01,8N90E,28.9,311.8,61,2012,3,1
2012-03-02,8N90E,29.0,291.7,62,2012,3,2
2012-03-03,8N90E,29.13,307.6,63,2012,3,3
2012-03-04,8N90E,29.01,270.4,64,2012,3,4
2012-03-05,8N90E,28.9,265.4,65,2012,3,5
2012-03-06,8N90E,28.74,184.2,66,2012,3,6
2012-03-07,8N90E,28.86,251.2,67,2012,3,7
2012-03-08,8N90E,28.82,235.0,68,2012,3,8
2012-03-09,8N90E,28.89,301.9,69,2012,3,9
2012-03-10,8N90E,28.93,182.3,70,2012,3,10
2012-03-11,8N90E,29.05,271.7,71,2012,3,11
2012-03-12,8N90E,28.92,251.0,72,2012,3,12
2012-03-13,8N90E,29.0,299.0,73,2012,3,13
2012-03-14,8N90E,29.15,288.5,74,2012,3,14
2012-03-15,8N90E,29.08,272.9,75,2012,3,15
2012-03-16,8N90E,29.08,297.8,76,2012,3,16
2012-03-17,8N90E,29.36,292.0,77,2012,3,17
2012-03-18,8N90E,29.44,305.0,78,2012,3,18
2012-03-19,8N90E,29.7,307.6,79,2012,3,19
2012-03-20,8N90E,29.82,300.1,80,2012,3,20
2012-03-21,8N90E,29.85,307.6,81,2012,3,21
2012-03-22,8N90E,29.73,297.3,82,2012,3,22
2012-03-23,8N90E,29.62,295.1,83,2012,3,23
2012-03-24,8N90E,29.63,292.4,84,2012,3,24
2012-03-25,8N90E,29.68,308.2,85,2012,3,25
2012-03-26,8N90E,29.8,289.4,86,2012,3,26
2012-03-27,8N90E,29.69,271.0,87,2012,3,27
2012-03-28,8N90E,29.56,268.3,88,2012,3,28
2012-03-29,8N90E,29.5,129.1,89,2012,3,29
2012-03-30,8N90E,29.63,252.2,90,2012,3,30
2012-03-31,8N90E,29.84,260.5,91,2012,3,31
2012-04-01,8N90E,29.74,279.5,92,2012,4,1
2012-04-02,8N90E,29.97,240.2,93,2012,4,2
2012-04-03,8N90E,30.27,289.9,94,2012,4,3
2012-04-04,8N90E,30.38,279.0,95,2012,4,4
2012-04-05,8N90E,30.39,287.4,96,2012,4,5
2012-04-06,8N90E,30.44,296.5,97,2012,4,6
2012-04-07,8N90E,30.46,276.4,98,2012,4,7
2012-04-08,8N90E,30.59,292.9,99,2012,4,8
2012-04-09,8N90E,30.55,303.0,100,2012,4,9
2012-04-10,8N90E,30.56,287.0,101,2012,4,10
2012-04-11,8N90E,30.63,248.6,102,2012,4,11
2012-04-12,8N90E,30.51,295.4,103,2012,4,12
2012-04-13,8N90E,30.35,187.6,104,2012,4,13
2012-04-14,8N90E,30.35,245.8,105,2012,4,14
2012-04-15,8N90E,30.55,262.2,106,2012,4,15
2012-04-16,8N90E,30.69,215.3,107,2012,4,16
2012-04-17,8N90E,30.28,57.3,108,2012,4,17
2012-04-18,8N90E,30.51,226.2,109,2012,4,18
2012-04-19,8N90E,30.76,268.2,110,2012,4,19
2012-04-20,8N90E,30.41,213.3,111,2012,4,20
2012-04-21,8N90E,30.37,263.3,112,2012,4,21
2012-04-22,8N90E,30.08,262.2,113,2012,4,22
2012-04-23,8N90E,30.07,220.3,114,2012,4,23
2012-04-24,8N90E,29.9,161.0,115,2012,4,24
2012-04-25,8N90E,30.11,296.4,116,2012,4,25
2012-04-26,8N90E,30.31,315.3,117,2012,4,26
2012-04-27,8N90E,30.43,307.3,118,2012,4,27
2012-04-28,8N90E,30.47,284.8,119,2012,4,28
2012-04-29,8N90E,30.12,117.3,120,2012,4,29
2012-04-30,8N90E,30.04,240.7,121,2012,4,30
2012-05-01,8N90E,29.8,28.3,122,2012,5,1
2012-05-02,8N90E,29.84,82.1,123,2012,5,2
2012-05-03,8N90E,29.9,238.0,124,2012,5,3
2012-05-04,8N90E,29.8,200.2,125,2012,5,4
2012-05-05,8N90E,29.73,198.8,126,2012,5,5
2012-05-06,8N90E,29.81,281.3,127,2012,5,6
2012-05-07,8N90E,29.94,251.9,128,2012,5,7
2012-05-08,8N90E,29.88,277.6,129,2012,5,8
2012-05-09,8N90E,29.89,266.1,130,2012,5,9
2012-05-10,8N90E,29.97,256.9,131,2012,5,10
2012-05-11,8N90E,30.06,277.6,132,2012,5,11
2012-05-12,8N90E,29.98,250.8,133,2012,5,12
2012-05-13,8N90E,29.98,273.55,134,2012,5,13
2012-05-14,8N90E,29.98,296.3,135,2012,5,14
2012-05-15,8N90E,30.05,255.3,136,2012,5,15
2012-05-16,8N90E,30.08,279.3,137,2012,5,16
2012-05-17,8N90E,30.03,301.8,138,2012,5,17
2012-05-18,8N90E,30.02,254.3,139,2012,5,18
2012-05-19,8N90E,29.98,184.3,140,2012,5,19
2012-05-20,8N90E,30.01,271.8,141,2012,5,20
2012-05-21,8N90E,29.95,222.8,142,2012,5,21
2012-05-22,8N90E,29.89,186.3,143,2012,5,22
2012-05-23,8N90E,29.84,152.3,144,2012,5,23
2012-05-24,8N90E,29.74,135.3,145,2012,5,24
2012-05-25,8N90E,29.5,14.3,146,2012,5,25
2012-05-26,8N90E,29.41,116.8,147,2012,5,26
2012-05-27,8N90E,29.34,244.3,148,2012,5,27
2012-05-28,8N90E,29.32,232.8,149,2012,5,28
2012-05-29,8N90E,29.33,252.3,150,2012,5,29
2012-05-30,8N90E,29.23,247.8,151,2012,5,30
2012-05-31,8N90E,29.17,191.8,152,2012,5,31
2012-06-01,8N90E,29.14,190.8,153,2012,6,1
2012-06-02,8N90E,29.09,245.8,154,2012,6,2
2012-06-03,8N90E,29.07,249.8,155,2012,6,3
2012-06-04,8N90E,29.07,244.3,156,2012,6,4
2012-06-05,8N90E,29.04,219.3,157,2012,6,5
2012-06-06,8N90E,29.02,181.3,158,2012,6,6
2012-06-07,8N90E,29.03,229.3,159,2012,6,7
2012-06-08,8N90E,29.03,257.3,160,2012,6,8
2012-06-09,8N90E,28.97,185.3,161,2012,6,9
2012-06-10,8N90E,28.91,117.3,162,2012,6,10
2012-06-11,8N90E,28.88,217.3,163,2012,6,11
2012-06-12,8N90E,28.84,214.8,164,2012,6,12
2012-06-13,8N90E,28.81,273.3,165,2012,6,13
2012-06-14,8N90E,28.83,270.3,166,2012,6,14
2012-06-15,8N90E,28.86,257.3,167,2012,6,15
2012-06-16,8N90E,28.87,264.3,168,2012,6,16
2012-06-17,8N90E,28.78,201.8,169,2012,6,17
2012-06-18,8N90E,28.74,153.3,170,2012,6,18
2012-06-19,8N90E,28.72,258.3,171,2012,6,19
2012-06-20,8N90E,28.77,249.8,172,2012,6,20
2012-06-21,8N90E,28.59,268.8,173,2012,6,21
2012-06-22,8N90E,28.76,285.8,174,2012,6,22
2012-06-23,8N90E,28.82,273.8,175,2012,6,23
2012-06-24,8N90E,28.7,286.3,176,2012,6,24
2012-06-25,8N90E,28.71,213.8,177,2012,6,25
2012-06-26,8N90E,28.47,262.8,178,2012,6,26
2012-06-27,8N90E,28.49,265.3,179,2012,6,27
2012-06-28,8N90E,28.72,255.3,180,2012,6,28
2012-06-29,8N90E,28.84,237.8,181,2012,6,29
2012-06-30,8N90E,28.86,259.8,182,2012,6,30
2012-07-01,8N90E,28.29,220.8,183,2012,7,1
2012-07-02,8N90E,28.23,204.8,184,2012,7,2
2012-07-03,8N90E,28.28,288.8,185,2012,7,3
2012-07-04,8N90E,28.37,279.3,186,2012,7,4
2012-07-05,8N90E,28.46,267.8,187,2012,7,5
2012-07-06,8N90E,28.41,204.3,188,2012,7,6
2012-07-07,8N90E,28.39,231.8,189,2012,7,7
2012-07-08,8N90E,28.42,267.8,190,2012,7,8
2012-07-09,8N90E,28.52,193.3,191,2012,7,9
2012-07-10,8N90E,28.58,105.8,192,2012,7,10
2012-07-11,8N90E,28.65,186.3,193,2012,7,11
2012-07-12,8N90E,28.68,170.3,194,2012,7,12
2012-07-13,8N90E,28.71,129.8,195,2012,7,13
2012-07-14,8N90E,28.73,179.8,196,2012,7,14
2012-07-15,8N90E,28.7,184.3,197,2012,7,15
2012-07-16,8N90E,28.75,276.3,198,2012,7,16
2012-07-17,8N90E,28.76,279.3,199,2012,7,17
2012-07-18,8N90E,28.62,198.3,200,2012,7,18
2012-07-19,8N90E,28.67,206.3,201,2012,7,19
2012-07-20,8N90E,28.66,281.8,202,2012,7,20
2012-07-21,8N90E,28.6,276.8,203,2012,7,21
2012-07-22,8N90E,28.6,277.3,204,2012,7,22
2012-07-23,8N90E,28.61,285.8,205,2012,7,23
2012-07-24,8N90E,28.54,211.8,206,2012,7,24
2012-07-25,8N90E,28.55,190.8,207,2012,7,25
2012-07-26,8N90E,28.61,250.8,208,2012,7,26
2012-07-27,8N90E,28.58,151.3,209,2012,7,27
2012-07-28,8N90E,28.61,243.8,210,2012,7,28
2012-07-29,8N90E,28.66,277.8,211,2012,7,29
2012-07-30,8N90E,28.72,244.3,212,2012,7,30
2012-07-31,8N90E,28.76,258.3,213,2012,7,31
2012-08-01,8N90E,28.76,263.3,214,2012,8,1
2012-08-02,8N90E,28.74,232.3,215,2012,8,2
2012-08-03,8N90E,28.76,297.3,216,2012,8,3
2012-08-04,8N90E,28.76,281.8,217,2012,8,4
2012-08-05,8N90E,28.74,268.8,218,2012,8,5
2012-08-06,8N90E,28.77,278.3,219,2012,8,6
2012-08-07,8N90E,28.79,262.8,220,2012,8,7
2012-08-08,8N90E,28.82,279.8,221,2012,8,8
2012-08-09,8N90E,28.8,288.3,222,2012,8,9
2012-08-10,8N90E,28.81,294.3,223,2012,8,10
2012-08-11,8N90E,28.79,244.3,224,2012,8,11
2012-08-12,8N90E,28.82,255.8,225,2012,8,12
2012-08-13,8N90E,28.89,293.3,226,2012,8,13
2012-08-14,8N90E,28.94,300.8,227,2012,8,14
2012-08-15,8N90E,28.93,306.8,228,2012,8,15
2012-08-16,8N90E,28.85,243.3,229,2012,8,16
2012-08-17,8N90E,28.82,258.8,230,2012,8,17
2012-08-18,8N90E,28.78,296.8,231,2012,8,18
2012-08-19,8N90E,28.78,273.3,232,2012,8,19
2012-08-20,8N90E,28.72,141.3,233,2012,8,20
2012-08-21,8N90E,28.59,85.3,234,2012,8,21
2012-08-22,8N90E,28.76,246.8,235,2012,8,22
2012-08-23,8N90E,28.73,126.8,236,2012,8,23
2012-08-24,8N90E,28.68,131.3,237,2012,8,24
2012-08-25,8N90E,28.64,257.3,238,2012,8,25
2012-08-26,8N90E,28.57,209.8,239,2012,8,26
2012-08-27,8N90E,28.48,212.3,240,2012,8,27
2012-08-28,8N90E,28.46,90.3,241,2012,8,28
2012-08-29,8N90E,28.42,74.8,242,2012,8,29
2012-08-30,8N90E,28.38,170.3,243,2012,8,30
2012-08-31,8N90E,28.38,217.3,244,2012,8,31
2012-09-01,8N90E,28.37,223.3,245,2012,9,1
2012-09-02,8N90E,28.39,264.8,246,2012,9,2
2012-09-03,8N90E,28.35,207.3,247,2012,9,3
2012-09-04,8N90E,28.47,272.3,248,2012,9,4
2012-09-05,8N90E,28.59,267.3,249,2012,9,5
2012-09-06,8N90E,28.62,258.8,250,2012,9,6
2012-09-07,8N90E,28.5,59.3,251,2012,9,7
2012-09-08,8N90E,28.41,149.3,252,2012,9,8
2012-09-09,8N90E,28.47,233.3,253,2012,9,9
2012-09-10,8N90E,28.55,247.3,254,2012,9,10
2012-09-11,8N90E,28.6,281.8,255,2012,9,11
2012-09-12,8N90E,28.56,163.8,256,2012,9,12
2012-09-13,8N90E,28.51,129.8,257,2012,9,13
2012-09-14,8N90E,28.57,266.3,258,2012,9,14
2012-09-15,8N90E,28.46,259.3,259,2012,9,15
2012-09-16,8N90E,28.38,67.3,260,2012,9,16
2012-09-17,8N90E,28.45,200.8,261,2012,9,17
2012-09-18,8N90E,28.49,175.3,262,2012,9,18
2012-09-19,8N90E,28.45,64.3,263,2012,9,19
2012-09-20,8N90E,28.53,253.8,264,2012,9,20
2012-09-21,8N90E,28.69,287.3,265,2012,9,21
2012-09-22,8N90E,28.77,248.3,266,2012,9,22
2012-09-23,8N90E,28.72,257.3,267,2012,9,23
2012-09-24,8N90E,28.69,261.8,268,2012,9,24
2012-09-25,8N90E,28.59,221.8,269,2012,9,25
2012-09-26,8N90E,28.49,206.3,270,2012,9,26
2012-09-27,8N90E,28.38,82.3,271,2012,9,27
2012-09-28,8N90E,28.4,73.3,272,2012,9,28
2012-09-29,8N90E,28.45,247.3,273,2012,9,29
2012-09-30,8N90E,28.46,240.8,274,2012,9,30
2012-10-01,8N90E,28.49,304.3,275,2012,10,1
2012-10-02,8N90E,28.54,266.8,276,2012,10,2
2012-10-03,8N90E,28.67,284.3,277,2012,10,3
2012-10-04,8N90E,28.76,300.3,278,2012,10,4
2012-10-05,8N90E,28.7,270.3,279,2012,10,5
2012-10-06,8N90E,28.81,280.3,280,2012,10,6
2012-10-07,8N90E,28.85,279.8,281,2012,10,7
2012-10-08,8N90E,28.86,173.8,282,2012,10,8
2012-10-09,8N90E,28.93,231.3,283,2012,10,9
2012-10-10,8N90E,28.71,218.8,284,2012,10,10
2012-10-11,8N90E,28.94,261.3,285,2012,10,11
2012-10-12,8N90E,29.08,270.8,286,2012,10,12
2012-10-13,8N90E,29.19,243.8,287,2012,10,13
2012-10-14,8N90E,29.21,204.8,288,2012,10,14
2012-10-15,8N90E,29.02,215.3,289,2012,10,15
2012-10-16,8N90E,28.92,140.8,290,2012,10,16
2012-10-17,8N90E,28.95,220.3,291,2012,10,17
2012-10-18,8N90E,29.15,279.8,292,2012,10,18
2012-10-19,8N90E,29.27,286.3,293,2012,10,19
2012-10-20,8N90E,29.25,233.3,294,2012,10,20
2012-10-21,8N90E,29.11,214.8,295,2012,10,21
2012-10-22,8N90E,29.12,170.3,296,2012,10,22
2012-10-23,8N90E,29.26,276.3,297,2012,10,23
2012-10-24,8N90E,29.65,265.8,298,2012,10,24
2012-10-25,8N90E,29.36,278.3,299,2012,10,25
2012-10-26,8N90E,29.33,190.8,300,2012,10,26
2012-10-27,8N90E,29.23,113.3,301,2012,10,27
2012-10-28,8N90E,29.24,120.8,302,2012,10,28
2012-10-29,8N90E,28.94,246.3,303,2012,10,29
2012-10-30,8N90E,28.96,185.3,304,2012,10,30
2012-10-31,8N90E,28.91,201.8,305,2012,10,31
2012-11-01,8N90E,29.03,273.3,306,2012,11,1
2012-11-02,8N90E,28.93,169.8,307,2012,11,2
2012-11-03,8N90E,29.25,204.3,308,2012,11,3
2012-11-04,8N90E,29.25,252.3,309,2012,11,4
2012-11-05,8N90E,29.48,263.3,310,2012,11,5
2012-11-06,8N90E,29.15,269.3,311,2012,11,6
2012-11-07,8N90E,29.47,275.8,312,2012,11,7
2012-11-08,8N90E,29.24,194.8,313,2012,11,8
2012-11-09,8N90E,29.49,208.3,314,2012,11,9
2012-11-10,8N90E,29.42,218.3,315,2012,11,10
2012-11-11,8N90E,29.31,145.3,316,2012,11,11
2012-11-12,8N90E,29.28,179.8,317,2012,11,12
2012-11-13,8N90E,29.19,76.3,318,2012,11,13
2012-11-14,8N90E,28.99,134.3,319,2012,11,14
2012-11-15,8N90E,28.99,108.3,320,2012,11,15
2012-11-16,8N90E,29.09,134.8,321,2012,11,16
2012-11-17,8N90E,29.2,210.3,322,2012,11,17
2012-11-18,8N90E,29.29,241.8,323,2012,11,18
2012-11-19,8N90E,29.31,268.3,324,2012,11,19
2012-11-20,8N90E,29.71,263.8,325,2012,11,20
2012-11-21,8N90E,29.54,225.3,326,2012,11,21
2012-11-22,8N90E,29.42,240.8,327,2012,11,22
2012-11-23,8N90E,29.38,251.3,328,2012,11,23
2012-11-24,8N90E,29.35,219.3,329,2012,11,24
2012-11-25,8N90E,29.21,107.8,330,2012,11,25
2012-11-26,8N90E,29.26,165.3,331,2012,11,26
2012-11-27,8N90E,29.23,201.3,332,2012,11,27
2012-11-28,8N90E,29.13,47.8,333,2012,11,28
2012-11-29,8N90E,29.05,28.8,334,2012,11,29
2012-11-30,8N90E,28.97,73.3,335,2012,11,30
2012-12-01,8N90E,29.13,183.3,336,2012,12,1
2012-12-02,8N90E,29.29,243.8,337,2012,12,2
2012-12-03,8N90E,29.47,250.8,338,2012,12,3
2012-12-04,8N90E,29.23,251.8,339,2012,12,4
2012-12-05,8N90E,29.12,210.3,340,2012,12,5
2012-12-06,8N90E,29.02,252.8,341,2012,12,6
2012-12-07,8N90E,28.98,228.3,342,2012,12,7
2012-12-08,8N90E,28.88,231.8,343,2012,12,8
2012-12-09,8N90E,28.9,217.8,344,2012,12,9
2012-12-10,8N90E,28.71,231.3,345,2012,12,10
2012-12-11,8N90E,28.72,211.3,346,2012,12,11
2012-12-12,8N90E,28.67,240.8,347,2012,12,12
2012-12-13,8N90E,28.69,198.8,348,2012,12,13
2012-12-14,8N90E,28.63,168.3,349,2012,12,14
2012-12-15,8N90E,28.64,98.8,350,2012,12,15
2012-12-16,8N90E,28.72,187.3,351,2012,12,16
2012-12-17,8N90E,28.74,164.3,352,2012,12,17
2012-12-18,8N90E,28.63,46.8,353,2012,12,18
2012-12-19,8N90E,28.63,188.8,354,2012,12,19
2012-12-20,8N90E,28.59,64.3,355,2012,12,20
2012-12-21,8N90E,28.62,233.8,356,2012,12,21
2012-12-22,8N90E,28.63,27.8,357,2012,12,22
2012-12-23,8N90E,28.61,58.3,358,2012,12,23
2012-12-24,8N90E,28.67,178.8,359,2012,12,24
2012-12-25,8N90E,28.67,101.8,360,2012,12,25
2012-12-26,8N90E,28.59,70.8,361,2012,12,26
2012-12-27,8N90E,28.58,55.8,362,2012,12,27
2012-12-28,8N90E,28.68,213.8,363,2012,12,28
2012-12-29,8N90E,28.71,200.3,364,2012,12,29
2012-12-30,8N90E,28.7,191.8,365,2012,12,30
2012-12-31,8N90E,28.62,49.8,366,2012,12,31
2013-01-01,8N90E,28.62,167.8,1,2013,1,1
2013-01-02,8N90E,28.41,112.8,2,2013,1,2
2013-01-03,8N90E,28.43,107.3,3,2013,1,3
2013-01-04,8N90E,28.49,56.8,4,2013,1,4
2013-01-05,8N90E,28.41,161.8,5,2013,1,5
2013-01-06,8N90E,28.4,163.3,6,2013,1,6
2013-01-07,8N90E,28.39,85.8,7,2013,1,7
2013-01-08,8N90E,28.52,179.8,8,2013,1,8
2013-01-09,8N90E,28.95,247.3,9,2013,1,9
2013-01-10,8N90E,28.7,190.3,10,2013,1,10
2013-01-11,8N90E,28.64,194.3,11,2013,1,11
2013-01-12,8N90E,28.7,220.3,12,2013,1,12
2013-01-13,8N90E,28.6,162.3,13,2013,1,13
2013-01-14,8N90E,28.59,246.3,14,2013,1,14
2013-01-15,8N90E,28.59,271.3,15,2013,1,15
2013-01-16,8N90E,28.58,261.8,16,2013,1,16
2013-01-17,8N90E,28.61,226.8,17,2013,1,17
2013-01-18,8N90E,28.57,184.3,18,2013,1,18
2013-01-19,8N90E,28.58,245.8,19,2013,1,19
2013-01-20,8N90E,28.59,198.8,20,2013,1,20
2013-01-21,8N90E,28.51,68.8,21,2013,1,21
2013-01-22,8N90E,28.53,213.8,22,2013,1,22
2013-01-23,8N90E,28.48,199.3,23,2013,1,23
2013-01-24,8N90E,28.29,185.3,24,2013,1,24
2013-01-25,8N90E,28.26,195.8,25,2013,1,25
2013-01-26,8N90E,28.1,193.8,26,2013,1,26
2013-01-27,8N90E,28.0,162.8,27,2013,1,27
2013-01-28,8N90E,28.01,239.3,28,2013,1,28
2013-01-29,8N90E,28.07,225.8,29,2013,1,29
2013-01-30,8N90E,28.17,266.8,30,2013,1,30
2013-01-31,8N90E,27.94,256.8,31,2013,1,31
2013-02-01,8N90E,27.96,265.3,32,2013,2,1
2013-02-02,8N90E,27.93,173.3,33,2013,2,2
2013-02-03,8N90E,28.06,231.8,34,2013,2,3
2013-02-04,8N90E,28.22,236.8,35,2013,2,4
2013-02-05,8N90E,28.25,244.3,36,2013,2,5
2013-02-06,8N90E,28.62,81.3,37,2013,2,6
2013-02-07,8N90E,28.89,233.3,38,2013,2,7
2013-02-08,8N90E,28.74,88.8,39,2013,2,8
2013-02-09,8N90E,28.92,244.8,40,2013,2,9
2013-02-10,8N90E,28.96,69.8,41,2013,2,10
2013-02-11,8N90E,28.98,222.3,42,2013,2,11
2013-02-12,8N90E,28.94,274.3,43,2013,2,12
2013-02-13,8N90E,29.02,277.8,44,2013,2,13
2013-02-14,8N90E,29.23,277.8,45,2013,2,14
2013-02-15,8N90E,29.02,179.8,46,2013,2,15
2013-02-16,8N90E,29.09,266.3,47,2013,2,16
2013-02-17,8N90E,29.21,282.3,48,2013,2,17
2013-02-18,8N90E,29.3,274.8,49,2013,2,18
2013-02-19,8N90E,29.3,223.8,50,2013,2,19
2013-02-20,8N90E,29.28,248.8,51,2013,2,20
2013-02-21,8N90E,29.23,263.8,52,2013,2,21
2013-02-22,8N90E,29.15,284.8,53,2013,2,22
2013-02-23,8N90E,29.17,251.3,54,2013,2,23
2013-02-24,8N90E,29.14,232.8,55,2013,2,24
2013-02-25,8N90E,29.14,194.3,56,2013,2,25
2013-02-26,8N90E,29.06,195.8,57,2013,2,26
2013-02-27,8N90E,29.14,257.3,58,2013,2,27
2013-02-28,8N90E,29.26,266.8,59,2013,2,28
2013-03-01,8N90E,29.12,258.8,60,2013,3,1
2013-03-02,8N90E,28.92,171.8,61,2013,3,2
2013-03-03,8N90E,29.0,243.8,62,2013,3,3
2013-03-04,8N90E,29.07,281.3,63,2013,3,4
2013-03-05,8N90E,29.13,300.3,64,2013,3,5
2013-03-06,8N90E,29.25,280.3,65,2013,3,6
2013-03-07,8N90E,29.24,280.3,66,2013,3,7
2013-03-08,8N90E,29.37,285.3,67,2013,3,8
2013-03-09,8N90E,29.42,262.3,68,2013,3,9
2013-03-10,8N90E,29.49,260.3,69,2013,3,10
2013-03-11,8N90E,29.6,283.3,70,2013,3,11
2013-03-12,8N90E,29.68,297.8,71,2013,3,12
2013-03-13,8N90E,29.62,254.8,72,2013,3,13
2013-03-14,8N90E,29.62,269.3,73,2013,3,14
2013-03-15,8N90E,29.48,285.3,74,2013,3,15
2013-03-16,8N90E,29.49,295.8,75,2013,3,16
2013-03-17,8N90E,29.51,293.3,76,2013,3,17
2013-03-18,8N90E,29.62,297.8,77,2013,3,18
2013-03-19,8N90E,29.54,240.8,78,2013,3,19
2013-03-20,8N90E,29.51,239.8,79,2013,3,20
2013-03-21,8N90E,29.56,286.8,80,2013,3,21
2013-03-22,8N90E,29.65,274.3,81,2013,3,22
2013-03-23,8N90E,29.85,300.8,82,2013,3,23
2013-03-24,8N90E,29.66,194.8,83,2013,3,24
2013-03-25,8N90E,29.81,255.8,84,2013,3,25
2013-03-26,8N90E,29.98,266.8,85,2013,3,26
2013-03-27,8N90E,30.15,307.8,86,2013,3,27
2013-03-28,8N90E,30.38,300.8,87,2013,3,28
2013-03-29,8N90E,30.24,302.3,88,2013,3,29
2013-03-30,8N90E,30.3,286.8,89,2013,3,30
2013-03-31,8N90E,30.38,274.8,90,2013,3,31
2013-04-01,8N90E,30.46,262.3,91,2013,4,1
2013-04-02,8N90E,30.38,260.3,92,2013,4,2
2013-04-03,8N90E,30.34,173.8,93,2013,4,3
2013-04-04,8N90E,30.3,149.8,94,2013,4,4
2013-04-05,8N90E,30.53,251.3,95,2013,4,5
2013-04-06,8N90E,30.4,198.8,96,2013,4,6
2013-04-07,8N90E,30.62,273.8,97,2013,4,7
2013-04-08,8N90E,30.36,199.8,98,2013,4,8
2013-04-09,8N90E,30.51,295.3,99,2013,4,9
2013-04-10,8N90E,30.6,306.8,100,2013,4,10
2013-04-11,8N90E,30.53,245.3,101,2013,4,11
2013-04-12,8N90E,30.44,289.3,102,2013,4,12
2013-04-13,8N90E,30.46,294.8,103,2013,4,13
2013-04-14,8N90E,30.48,232.3,104,2013,4,14
2013-04-15,8N90E,30.84,296.3,105,2013,4,15
2013-04-16,8N90E,30.95,295.3,106,2013,4,16
2013-04-17,8N90E,31.08,303.3,107,2013,4,17
2013-04-18,8N90E,30.92,277.3,108,2013,4,18
2013-04-19,8N90E,31.28,287.8,109,2013,4,19
2013-04-20,8N90E,31.08,294.3,110,2013,4,20
2013-04-21,8N90E,31.08,300.3,111,2013,4,21
2013-04-22,8N90E,31.24,316.8,112,2013,4,22
2013-04-23,8N90E,31.41,301.3,113,2013,4,23
2013-04-24,8N90E,31.28,306.8,114,2013,4,24
2013-04-25,8N90E,31.27,270.8,115,2013,4,25
2013-04-26,8N90E,30.97,239.8,116,2013,4,26
2013-04-27,8N90E,31.25,273.8,117,2013,4,27
2013-04-28,8N90E,31.48,297.3,118,2013,4,28
2013-04-29,8N90E,31.59,284.8,119,2013,4,29
2013-04-30,8N90E,31.53,285.8,120,2013,4,30
2013-05-01,8N90E,31.17,212.8,121,2013,5,1
2013-05-02,8N90E,31.09,210.3,122,2013,5,2
2013-05-03,8N90E,31.12,299.8,123,2013,5,3
2013-05-04,8N90E,31.12,198.3,124,2013,5,4
2013-05-05,8N90E,31.01,165.3,125,2013,5,5
2013-05-06,8N90E,30.97,193.8,126,2013,5,6
2013-05-07,8N90E,31.15,245.8,127,2013,5,7
2013-05-08,8N90E,31.28,264.3,128,2013,5,8
2013-05-09,8N90E,31.09,264.3,129,2013,5,9
2013-05-10,8N90E,30.76,65.8,130,2013,5,10
2013-05-11,8N90E,30.16,5.3,131,2013,5,11
2013-05-12,8N90E,29.65,145.8,132,2013,5,12
2013-05-13,8N90E,29.64,260.3,133,2013,5,13
2013-05-14,8N90E,29.76,265.3,134,2013,5,14
2013-05-15,8N90E,29.78,266.8,135,2013,5,15
2013-05-16,8N90E,29.81,109.3,136,2013,5,16
2013-05-17,8N90E,29.84,88.3,137,2013,5,17
2013-05-18,8N90E,29.7,45.3,138,2013,5,18
2013-05-19,8N90E,29.72,212.3,139,2013,5,19
2013-05-20,8N90E,29.77,212.8,140,2013,5,20
2013-05-21,8N90E,29.74,162.8,141,2013,5,21
2013-05-22,8N90E,29.73,209.3,142,2013,5,22
2013-05-23,8N90E,29.74,204.3,143,2013,5,23
2013-05-24,8N90E,29.73,224.3,144,2013,5,24
2013-05-25,8N90E,29.71,219.8,145,2013,5,25
2013-05-26,8N90E,29.67,184.3,146,2013,5,26
2013-05-27,8N90E,29.63,221.3,147,2013,5,27
2013-05-28,8N90E,29.66,225.3,148,2013,5,28
2013-05-29,8N90E,29.69,246.8,149,2013,5,29
2013-05-30,8N90E,29.61,183.3,150,2013,5,30
2013-05-31,8N90E,29.52,104.8,151,2013,5,31
2013-06-01,8N90E,29.37,36.3,152,2013,6,1
2013-06-02,8N90E,29.36,254.3,153,2013,6,2
2013-06-03,8N90E,29.3,222.3,154,2013,6,3
2013-06-04,8N90E,29.27,189.8,155,2013,6,4
2013-06-05,8N90E,29.24,99.8,156,2013,6,5
2013-06-06,8N90E,29.12,125.3,157,2013,6,6
2013-06-07,8N90E,29.14,248.8,158,2013,6,7
2013-06-08,8N90E,29.11,232.3,159,2013,6,8
2013-06-09,8N90E,29.05,239.8,160,2013,6,9
2013-06-10,8N90E,29.19,269.8,161,2013,6,10
2013-06-11,8N90E,29.17,155.3,162,2013,6,11
2013-06-12,8N90E,29.1,135.3,163,2013,6,12
2013-06-13,8N90E,29.05,238.8,164,2013,6,13
2013-06-14,8N90E,29.06,236.8,165,2013,6,14
2013-06-15,8N90E,29.05942379182156,241.8,166,2013,6,15
2013-06-16,8N90E,29.05884758364312,184.3,167,2013,6,16
2013-06-17,8N90E,29.05827137546468,107.8,168,2013,6,17
2013-06-18,8N90E,28.96944416482175,51.3,169,2013,6,18
2013-06-19,8N90E,28.969216682645396,126.8,170,2013,6,19
2013-06-20,8N90E,28.968989200469043,212.8,171,2013,6,20
2013-06-21,8N90E,28.96876171829269,251.8,172,2013,6,21
2013-06-22,8N90E,28.968534236116337,199.3,173,2013,6,22
2013-06-23,8N90E,28.968306753939984,167.3,174,2013,6,23
2013-06-24,8N90E,28.96807927176363,167.26691871455577,175,2013,6,24
2013-06-25,8N90E,28.96785178958728,167.23383742911153,176,2013,6,25
2013-06-26,8N90E,28.967624307410926,167.20075614366732,177,2013,6,26
2013-06-27,8N90E,28.967396825234573,250.37929051323817,178,2013,6,27
2013-06-28,8N90E,28.96716934305822,250.2419388359075,179,2013,6,28
2013-06-29,8N90E,28.966941860881867,250.10458715857678,180,2013,6,29
2013-06-30,8N90E,28.966714378705515,249.9672354812461,181,2013,6,30
2013-07-01,8N90E,28.96648689652916,249.8298838039154,182,2013,7,1
2013-07-02,8N90E,28.96625941435281,249.69253212658472,183,2013,7,2
2013-07-03,8N90E,28.966031932176456,249.555180449254,184,2013,7,3
2013-07-04,8N90E,28.965804450000103,249.41782877192333,185,2013,7,4
2013-07-05,8N90E,28.96557696782375,249.28047709459264,186,2013,7,5
2013-07-06,8N90E,28.965349485647398,249.14312541726196,187,2013,7,6
2013-07-07,8N90E,28.965122003471045,249.00577373993127,188,2013,7,7
2013-07-08,8N90E,28.964894521294692,248.86842206260056,189,2013,7,8
2013-07-09,8N90E,28.96466703911834,248.73107038526987,190,2013,7,9
2013-07-10,8N90E,28.964439556941986,248.5937187079392,191,2013,7,10
2013-07-11,8N90E,28.964212074765634,248.4563670306085,192,2013,7,11
2013-07-12,8N90E,28.96398459258928,248.3190153532778,193,2013,7,12
2013-07-13,8N90E,28.963757110412928,248.1816636759471,194,2013,7,13
2013-07-14,8N90E,28.963529628236575,248.04431199861642,195,2013,7,14
2013-07-15,8N90E,28.963302146060222,247.90696032128574,196,2013,7,15
2013-07-16,8N90E,28.96307466388387,247.76960864395505,197,2013,7,16
2013-07-17,8N90E,28.962847181707517,247.63225696662434,198,2013,7,17
2013-07-18,8N90E,28.962619699531164,247.49490528929365,199,2013,7,18
2013-07-19,8N90E,28.96239221735481,247.35755361196297,200,2013,7,19
2013-07-20,8N90E,28.962164735178458,247.22020193463229,201,2013,7,20
2013-07-21,8N90E,28.961937253002105,247.08285025730157,202,2013,7,21
2013-07-22,8N90E,28.961709770825752,246.9454985799709,203,2013,7,22
2013-07-23,8N90E,28.9614822886494,246.8081469026402,204,2013,7,23
2013-07-24,8N90E,28.961254806473047,246.67079522530952,205,2013,7,24
2013-07-25,8N90E,28.961027324296694,246.53344354797883,206,2013,7,25
2013-07-26,8N90E,28.96079984212034,246.39609187064812,207,2013,7,26
2013-07-27,8N90E,28.96057235994399,246.25874019331744,208,2013,7,27
2013-07-28,8N90E,28.960344877767636,246.12138851598675,209,2013,7,28
2013-07-29,8N90E,28.960117395591283,245.98403683865607,210,2013,7,29
2013-07-30,8N90E,28.95988991341493,245.84668516132535,211,2013,7,30
2013-07-31,8N90E,28.959662431238577,245.70933348399467,212,2013,7,31
2013-08-01,8N90E,28.959434949062224,245.57198180666398,213,2013,8,1
2013-08-02,8N90E,28.95920746688587,245.4346301293333,214,2013,8,2
2013-08-03,8N90E,28.95897998470952,245.29727845200262,215,2013,8,3
2013-08-04,8N90E,28.958752502533166,245.1599267746719,216,2013,8,4
2013-08-05,8N90E,28.958525020356813,245.02257509734122,217,2013,8,5
2013-08-06,8N90E,28.95829753818046,244.88522342001053,218,2013,8,6
2013-08-07,8N90E,28.958070056004107,244.74787174267985,219,2013,8,7
2013-08-08,8N90E,28.957842573827755,244.61052006534914,220,2013,8,8
2013-08-09,8N90E,28.9576150916514,244.47316838801845,221,2013,8,9
2013-08-10,8N90E,28.95738760947505,244.33581671068777,222,2013,8,10
2013-08-11,8N90E,28.957160127298696,244.19846503335708,223,2013,8,11
2013-08-12,8N90E,28.956932645122343,244.0611133560264,224,2013,8,12
2013-08-13,8N90E,28.95670516294599,243.92376167869568,225,2013,8,13
2013-08-14,8N90E,28.956477680769638,243.786410001365,226,2013,8,14
2013-08-15,8N90E,28.956250198593285,243.6490583240343,227,2013,8,15
2013-08-16,8N90E,28.956022716416932,243.51170664670363,228,2013,8,16
2013-08-17,8N90E,28.95579523424058,243.37435496937292,229,2013,8,17
2013-08-18,8N90E,28.955567752064226,243.23700329204223,230,2013,8,18
2013-08-19,8N90E,28.955340269887873,243.09965161471155,231,2013,8,19
2013-08-20,8N90E,28.95511278771152,242.96229993738086,232,2013,8,20
2013-08-21,8N90E,28.954885305535168,242.82494826005018,233,2013,8,21
2013-08-22,8N90E,28.954657823358815,242.68759658271946,234,2013,8,22
2013-08-23,8N90E,28.954430341182462,242.55024490538878,235,2013,8,23
2013-08-24,8N90E,28.95420285900611,242.4128932280581,236,2013,8,24
2013-08-25,8N90E,28.953975376829757,242.2755415507274,237,2013,8,25
2013-08-26,8N90E,28.953747894653404,242.1381898733967,238,2013,8,26
2013-08-27,8N90E,28.95352041247705,242.000838196066,239,2013,8,27
2013-08-28,8N90E,28.953292930300698,241.86348651873533,240,2013,8,28
2013-08-29,8N90E,28.953065448124345,241.72613484140464,241,2013,8,29
2013-08-30,8N90E,28.952837965947992,241.58878316407396,242,2013,8,30
2013-08-31,8N90E,28.95261048377164,241.45143148674325,243,2013,8,31
2013-09-01,8N90E,28.952383001595287,241.31407980941256,244,2013,9,1
2013-09-02,8N90E,28.952155519418934,241.17672813208188,245,2013,9,2
2013-09-03,8N90E,28.95192803724258,241.0393764547512,246,2013,9,3
2013-09-04,8N90E,28.95170055506623,240.90202477742048,247,2013,9,4
2013-09-05,8N90E,28.951473072889875,240.7646731000898,248,2013,9,5
2013-09-06,8N90E,28.951245590713523,240.6273214227591,249,2013,9,6
2013-09-07,8N90E,28.95101810853717,240.48996974542843,250,2013,9,7
2013-09-08,8N90E,28.950790626360817,240.35261806809774,251,2013,9,8
2013-09-09,8N90E,28.950563144184464,240.21526639076703,252,2013,9,9
2013-09-10,8N90E,28.95033566200811,240.07791471343634,253,2013,9,10
2013-09-11,8N90E,28.95010817983176,239.94056303610566,254,2013,9,11
2013-09-12,8N90E,28.949880697655406,239.80321135877497,255,2013,9,12
2013-09-13,8N90E,28.949653215479053,239.66585968144426,256,2013,9,13
2013-09-14,8N90E,28.9494257333027,239.52850800411358,257,2013,9,14
2013-09-15,8N90E,28.949198251126347,239.3911563267829,258,2013,9,15
2013-09-16,8N90E,28.948970768949994,239.2538046494522,259,2013,9,16
2013-09-17,8N90E,28.94874328677364,239.11645297212152,260,2013,9,17
2013-09-18,8N90E,28.94851580459729,238.9791012947908,261,2013,9,18
2013-09-19,8N90E,28.948288322420936,238.84174961746012,262,2013,9,19
2013-09-20,8N90E,28.948060840244583,238.70439794012944,263,2013,9,20
2013-09-21,8N90E,28.94783335806823,238.56704626279875,264,2013,9,21
2013-09-22,8N90E,28.947605875891878,238.42969458546804,265,2013,9,22
2013-09-23,8N90E,28.947378393715525,238.29234290813736,266,2013,9,23
2013-09-24,8N90E,28.947150911539172,238.15499123080667,267,2013,9,24
2013-09-25,8N90E,28.94692342936282,238.017639553476,268,2013,9,25
2013-09-26,8N90E,28.946695947186466,237.8802878761453,269,2013,9,26
2013-09-27,8N90E,28.946468465010113,237.7429361988146,270,2013,9,27
2013-09-28,8N90E,28.94624098283376,237.6055845214839,271,2013,9,28
2013-09-29,8N90E,28.946013500657408,237.46823284415322,272,2013,9,29
2013-09-30,8N90E,28.945786018481055,237.33088116682254,273,2013,9,30
2013-10-01,8N90E,28.945558536304702,237.19352948949182,274,2013,10,1
2013-10-02,8N90E,28.94533105412835,237.05617781216114,275,2013,10,2
2013-10-03,8N90E,28.945103571951996,236.91882613483045,276,2013,10,3
2013-10-04,8N90E,28.944876089775644,236.78147445749977,277,2013,10,4
2013-10-05,8N90E,28.94464860759929,236.64412278016908,278,2013,10,5
2013-10-06,8N90E,28.944421125422938,236.50677110283837,279,2013,10,6
2013-10-07,8N90E,28.944193643246585,236.3694194255077,280,2013,10,7
2013-10-08,8N90E,28.943966161070232,236.232067748177,281,2013,10,8
2013-10-09,8N90E,28.94373867889388,236.09471607084632,282,2013,10,9
2013-10-10,8N90E,28.943511196717527,235.9573643935156,283,2013,10,10
2013-10-11,8N90E,28.943283714541174,235.82001271618492,284,2013,10,11
2013-10-12,8N90E,28.94305623236482,235.68266103885423,285,2013,10,12
2013-10-13,8N90E,28.94282875018847,235.54530936152355,286,2013,10,13
2013-10-14,8N90E,28.942601268012115,235.40795768419287,287,2013,10,14
2013-10-15,8N90E,28.942373785835763,235.27060600686215,288,2013,10,15
2013-10-16,8N90E,28.94214630365941,235.13325432953147,289,2013,10,16
2013-10-17,8N90E,28.941918821483057,234.99590265220078,290,2013,10,17
2013-10-18,8N90E,28.941691339306704,234.8585509748701,291,2013,10,18
2013-10-19,8N90E,28.94146385713035,234.72119929753939,292,2013,10,19
2013-10-20,8N90E,28.941236374954,234.5838476202087,293,2013,10,20
2013-10-21,8N90E,28.941008892777646,234.44649594287802,294,2013,10,21
2013-10-22,8N90E,28.940781410601293,234.30914426554733,295,2013,10,22
2013-10-23,8N90E,28.94055392842494,234.17179258821665,296,2013,10,23
2013-10-24,8N90E,28.940326446248587,234.03444091088593,297,2013,10,24
2013-10-25,8N90E,28.940098964072234,233.89708923355525,298,2013,10,25
2013-10-26,8N90E,28.93987148189588,233.75973755622456,299,2013,10,26
2013-10-27,8N90E,28.93964399971953,233.62238587889388,300,2013,10,27
2013-10-28,8N90E,28.939416517543176,233.48503420156317,301,2013,10,28
2013-10-29,8N90E,28.939189035366823,233.34768252423248,302,2013,10,29
2013-10-30,8N90E,28.93896155319047,233.2103308469018,303,2013,10,30
2013-10-31,8N90E,28.938734071014117,233.0729791695711,304,2013,10,31
2013-11-01,8N90E,28.938506588837765,232.93562749224043,305,2013,11,1
2013-11-02,8N90E,28.938279106661412,232.79827581490972,306,2013,11,2
2013-11-03,8N90E,28.93805162448506,232.66092413757903,307,2013,11,3
2013-11-04,8N90E,28.937824142308706,232.52357246024835,308,2013,11,4
2013-11-05,8N90E,28.937596660132353,232.38622078291766,309,2013,11,5
2013-11-06,8N90E,28.937369177956,232.24886910558695,310,2013,11,6
2013-11-07,8N90E,28.937141695779648,232.11151742825626,311,2013,11,7
2013-11-08,8N90E,28.936914213603295,231.97416575092558,312,2013,11,8
2013-11-09,8N90E,28.936686731426942,231.8368140735949,313,2013,11,9
2013-11-10,8N90E,28.93645924925059,231.6994623962642,314,2013,11,10
2013-11-11,8N90E,28.936231767074236,231.5621107189335,315,2013,11,11
2013-11-12,8N90E,28.936004284897884,231.4247590416028,316,2013,11,12
2013-11-13,8N90E,28.93577680272153,231.28740736427213,317,2013,11,13
2013-11-14,8N90E,28.935549320545178,231.15005568694144,318,2013,11,14
2013-11-15,8N90E,28.935321838368825,231.01270400961073,319,2013,11,15
2013-11-16,8N90E,28.935094356192472,230.87535233228004,320,2013,11,16
2013-11-17,8N90E,28.93486687401612,230.73800065494936,321,2013,11,17
2013-11-18,8N90E,28.934639391839767,230.60064897761868,322,2013,11,18
2013-11-19,8N90E,28.934411909663414,230.463297300288,323,2013,11,19
2013-11-20,8N90E,28.93418442748706,230.32594562295728,324,2013,11,20
2013-11-21,8N90E,28.933956945310708,230.1885939456266,325,2013,11,21
2013-11-22,8N90E,28.933729463134355,230.0512422682959,326,2013,11,22
2013-11-23,8N90E,28.933501980958003,229.91389059096522,327,2013,11,23
2013-11-24,8N90E,28.93327449878165,229.7765389136345,328,2013,11,24
2013-11-25,8N90E,28.933047016605297,229.63918723630383,329,2013,11,25
2013-11-26,8N90E,28.932819534428944,229.50183555897314,330,2013,11,26
2013-11-27,8N90E,28.93259205225259,229.36448388164246,331,2013,11,27
2013-11-28,8N90E,28.93236457007624,229.22713220431177,332,2013,11,28
2013-11-29,8N90E,28.932137087899886,229.08978052698106,333,2013,11,29
2013-11-30,8N90E,28.931909605723533,228.95242884965037,334,2013,11,30
2013-12-01,8N90E,28.93168212354718,228.8150771723197,335,2013,12,1
2013-12-02,8N90E,28.931454641370827,228.677725494989,336,2013,12,2
2013-12-03,8N90E,28.931227159194474,228.5403738176583,337,2013,12,3
2013-12-04,8N90E,28.93099967701812,228.4030221403276,338,2013,12,4
2013-12-05,8N90E,28.93077219484177,228.26567046299692,339,2013,12,5
2013-12-06,8N90E,28.930544712665416,228.12831878566624,340,2013,12,6
2013-12-07,8N90E,28.930317230489063,227.99096710833555,341,2013,12,7
2013-12-08,8N90E,28.93008974831271,227.85361543100484,342,2013,12,8
2013-12-09,8N90E,28.929862266136357,227.71626375367416,343,2013,12,9
2013-12-10,8N90E,28.929634783960005,227.57891207634347,344,2013,12,10
2013-12-11,8N90E,28.92940730178365,227.4415603990128,345,2013,12,11
2013-12-12,8N90E,28.9291798196073,227.30420872168207,346,2013,12,12
2013-12-13,8N90E,28.928952337430946,227.1668570443514,347,2013,12,13
2013-12-14,8N90E,28.928724855254593,227.0295053670207,348,2013,12,14
2013-12-15,8N90E,28.92849737307824,226.89215368969002,349,2013,12,15
2013-12-16,8N90E,28.928269890901888,226.75480201235933,350,2013,12,16
2013-12-17,8N90E,28.928042408725535,226.61745033502862,351,2013,12,17
2013-12-18,8N90E,28.927814926549182,226.48009865769794,352,2013,12,18
2013-12-19,8N90E,28.92758744437283,226.34274698036725,353,2013,12,19
2013-12-20,8N90E,28.927359962196476,226.20539530303657,354,2013,12,20
2013-12-21,8N90E,28.927132480020123,226.06804362570585,355,2013,12,21
2013-12-22,8N90E,28.92690499784377,225.93069194837517,356,2013,12,22
2013-12-23,8N90E,28.926677515667418,225.79334027104449,357,2013,12,23
2013-12-24,8N90E,28.926450033491065,225.6559885937138,358,2013,12,24
2013-12-25,8N90E,28.926222551314712,225.51863691638312,359,2013,12,25
2013-12-26,8N90E,28.92599506913836,225.3812852390524,360,2013,12,26
2013-12-27,8N90E,28.925767586962007,225.24393356172172,361,2013,12,27
2013-12-28,8N90E,28.925540104785654,225.10658188439103,362,2013,12,28
2013-12-29,8N90E,28.9253126226093,224.96923020706035,363,2013,12,29
2013-12-30,8N90E,28.925085140432948,224.83187852972964,364,2013,12,30
2013-12-31,8N90E,28.924857658256595,224.69452685239895,365,2013,12,31
2014-01-01,8N90E,28.924630176080242,224.55717517506827,1,2014,1,1
2014-01-02,8N90E,28.92440269390389,224.41982349773758,2,2014,1,2
2014-01-03,8N90E,28.924175211727537,224.2824718204069,3,2014,1,3
2014-01-04,8N90E,28.923947729551184,224.14512014307618,4,2014,1,4
2014-01-05,8N90E,28.92372024737483,224.0077684657455,5,2014,1,5
2014-01-06,8N90E,28.92349276519848,223.87041678841481,6,2014,1,6
2014-01-07,8N90E,28.923265283022126,223.73306511108413,7,2014,1,7
2014-01-08,8N90E,28.923037800845773,223.59571343375342,8,2014,1,8
2014-01-09,8N90E,28.92281031866942,223.45836175642273,9,2014,1,9
2014-01-10,8N90E,28.922582836493067,223.32101007909205,10,2014,1,10
2014-01-11,8N90E,28.922355354316714,223.18365840176136,11,2014,1,11
2014-01-12,8N90E,28.92212787214036,223.04630672443068,12,2014,1,12
2014-01-13,8N90E,28.92190038996401,222.90895504709997,13,2014,1,13
2014-01-14,8N90E,28.921672907787656,222.77160336976928,14,2014,1,14
2014-01-15,8N90E,28.921445425611303,222.6342516924386,15,2014,1,15
2014-01-16,8N90E,28.92121794343495,222.4969000151079,16,2014,1,16
2014-01-17,8N90E,28.920990461258597,222.3595483377772,17,2014,1,17
2014-01-18,8N90E,28.920762979082244,222.2221966604465,18,2014,1,18
2014-01-19,8N90E,28.92053549690589,222.08484498311583,19,2014,1,19
2014-01-20,8N90E,28.92030801472954,221.94749330578514,20,2014,1,20
2014-01-21,8N90E,28.920080532553186,221.81014162845446,21,2014,1,21
2014-01-22,8N90E,28.919853050376833,221.67278995112375,22,2014,1,22
2014-01-23,8N90E,28.91962556820048,221.53543827379306,23,2014,1,23
2014-01-24,8N90E,28.919398086024128,221.39808659646238,24,2014,1,24
2014-01-25,8N90E,28.919170603847775,221.2607349191317,25,2014,1,25
2014-01-26,8N90E,28.918943121671422,221.12338324180098,26,2014,1,26
2014-01-27,8N90E,28.91871563949507,220.9860315644703,27,2014,1,27
2014-01-28,8N90E,28.918488157318716,220.8486798871396,28,2014,1,28
2014-01-29,8N90E,28.918260675142363,220.71132820980893,29,2014,1,29
2014-01-30,8N90E,28.91803319296601,220.57397653247824,30,2014,1,30
2014-01-31,8N90E,28.917805710789658,220.43662485514753,31,2014,1,31
2014-02-01,8N90E,28.917578228613305,220.29927317781684,32,2014,2,1
2014-02-02,8N90E,28.917350746436952,220.16192150048616,33,2014,2,2
2014-02-03,8N90E,28.9171232642606,220.02456982315547,34,2014,2,3
2014-02-04,8N90E,28.916895782084246,219.88721814582476,35,2014,2,4
2014-02-05,8N90E,28.916668299907894,219.74986646849408,36,2014,2,5
2014-02-06,8N90E,28.91644081773154,219.6125147911634,37,2014,2,6
2014-02-07,8N90E,28.916213335555188,219.4751631138327,38,2014,2,7
2014-02-08,8N90E,28.915985853378835,219.33781143650202,39,2014,2,8
2014-02-09,8N90E,28.915758371202482,219.2004597591713,40,2014,2,9
2014-02-10,8N90E,28.91553088902613,219.06310808184062,41,2014,2,10
2014-02-11,8N90E,28.915303406849777,218.92575640450994,42,2014,2,11
2014-02-12,8N90E,28.915075924673424,218.78840472717926,43,2014,2,12
2014-02-13,8N90E,28.91484844249707,218.65105304984854,44,2014,2,13
2014-02-14,8N90E,28.91462096032072,218.51370137251786,45,2014,2,14
2014-02-15,8N90E,28.914393478144365,218.37634969518717,46,2014,2,15
2014-02-16,8N90E,28.914165995968013,218.2389980178565,47,2014,2,16
2014-02-17,8N90E,28.91393851379166,218.1016463405258,48,2014,2,17
2014-02-18,8N90E,28.913711031615307,217.9642946631951,49,2014,2,18
2014-02-19,8N90E,28.913483549438954,217.8269429858644,50,2014,2,19
2014-02-20,8N90E,28.9132560672626,217.68959130853372,51,2014,2,20
2014-02-21,8N90E,28.91302858508625,217.552239631203,52,2014,2,21
2014-02-22,8N90E,28.912801102909896,217.41488795387232,53,2014,2,22
2014-02-23,8N90E,28.912573620733543,217.27753627654164,54,2014,2,23
2014-02-24,8N90E,28.91234613855719,217.14018459921095,55,2014,2,24
2014-02-25,8N90E,28.912118656380837,217.00283292188027,56,2014,2,25
2014-02-26,8N90E,28.911891174204484,216.86548124454958,57,2014,2,26
2014-02-27,8N90E,28.91166369202813,216.72812956721887,58,2014,2,27
2014-02-28,8N90E,28.91143620985178,216.5907778898882,59,2014,2,28
2014-03-01,8N90E,28.911208727675426,216.4534262125575,60,2014,3,1
2014-03-02,8N90E,28.910981245499073,216.3160745352268,61,2014,3,2
2014-03-03,8N90E,28.91075376332272,216.1787228578961,62,2014,3,3
2014-03-04,8N90E,28.910526281146367,216.04137118056542,63,2014,3,4
2014-03-05,8N90E,28.910298798970015,215.90401950323474,64,2014,3,5
2014-03-06,8N90E,28.910071316793662,215.76666782590405,65,2014,3,6
2014-03-07,8N90E,28.90984383461731,215.62931614857337,66,2014,3,7
2014-03-08,8N90E,28.909616352440956,215.49196447124265,67,2014,3,8
2014-03-09,8N90E,28.909388870264603,215.35461279391197,68,2014,3,9
2014-03-10,8N90E,28.90916138808825,215.21726111658128,69,2014,3,10
2014-03-11,8N90E,28.908933905911898,215.07990943925057,70,2014,3,11
2014-03-12,8N90E,28.908706423735545,214.9425577619199,71,2014,3,12
2014-03-13,8N90E,28.908478941559192,214.8052060845892,72,2014,3,13
2014-03-14,8N90E,28.90825145938284,214.66785440725852,73,2014,3,14
2014-03-15,8N90E,28.908023977206486,214.53050272992783,74,2014,3,15
2014-03-16,8N90E,28.907796495030134,214.39315105259715,75,2014,3,16
2014-03-17,8N90E,28.90756901285378,214.25579937526643,76,2014,3,17
2014-03-18,8N90E,28.907341530677428,214.11844769793575,77,2014,3,18
2014-03-19,8N90E,28.907114048501075,213.98109602060507,78,2014,3,19
2014-03-20,8N90E,28.906886566324722,213.84374434327435,79,2014,3,20
2014-03-21,8N90E,28.90665908414837,213.70639266594367,80,2014,3,21
2014-03-22,8N90E,28.906431601972017,213.56904098861298,81,2014,3,22
2014-03-23,8N90E,28.906204119795664,213.4316893112823,82,2014,3,23
2014-03-24,8N90E,28.90597663761931,213.2943376339516,83,2014,3,24
2014-03-25,8N90E,28.905749155442958,213.15698595662093,84,2014,3,25
2014-03-26,8N90E,28.905521673266605,213.01963427929022,85,2014,3,26
2014-03-27,8N90E,28.905294191090253,212.88228260195953,86,2014,3,27
2014-03-28,8N90E,28.9050667089139,212.74493092462885,87,2014,3,28
2014-03-29,8N90E,28.904839226737547,212.60757924729813,88,2014,3,29
2014-03-30,8N90E,28.904611744561194,212.47022756996745,89,2014,3,30
2014-03-31,8N90E,28.90438426238484,212.33287589263676,90,2014,3,31
2014-04-01,8N90E,28.90415678020849,212.19552421530608,91,2014,4,1
2014-04-02,8N90E,28.903929298032136,212.0581725379754,92,2014,4,2
2014-04-03,8N90E,28.903701815855783,211.9208208606447,93,2014,4,3
2014-04-04,8N90E,28.90347433367943,211.783469183314,94,2014,4,4
2014-04-05,8N90E,28.903246851503077,211.6461175059833,95,2014,4,5
2014-04-06,8N90E,28.903019369326724,211.50876582865263,96,2014,4,6
2014-04-07,8N90E,28.90279188715037,211.37141415132191,97,2014,4,7
2014-04-08,8N90E,28.90256440497402,211.23406247399123,98,2014,4,8
2014-04-09,8N90E,28.902336922797666,211.09671079666055,99,2014,4,9
2014-04-10,8N90E,28.902109440621313,210.95935911932986,100,2014,4,10
2014-04-11,8N90E,28.90188195844496,210.82200744199918,101,2014,4,11
2014-04-12,8N90E,28.901654476268607,210.6846557646685,102,2014,4,12
2014-04-13,8N90E,28.901426994092255,210.54730408733778,103,2014,4,13
2014-04-14,8N90E,28.9011995119159,210.4099524100071,104,2014,4,14
2014-04-15,8N90E,28.90097202973955,210.2726007326764,105,2014,4,15
2014-04-16,8N90E,28.900744547563196,210.1352490553457,106,2014,4,16
2014-04-17,8N90E,28.900517065386843,209.997897378015,107,2014,4,17
2014-04-18,8N90E,28.90028958321049,209.86054570068433,108,2014,4,18
2014-04-19,8N90E,28.900062101034138,209.72319402335364,109,2014,4,19
2014-04-20,8N90E,28.899834618857785,209.58584234602296,110,2014,4,20
2014-04-21,8N90E,28.899607136681432,209.44849066869227,111,2014,4,21
2014-04-22,8N90E,28.89937965450508,209.31113899136156,112,2014,4,22
2014-04-23,8N90E,28.899152172328726,209.17378731403087,113,2014,4,23
2014-04-24,8N90E,28.898924690152374,209.0364356367002,114,2014,4,24
2014-04-25,8N90E,28.89869720797602,208.89908395936948,115,2014,4,25
2014-04-26,8N90E,28.898469725799668,208.7617322820388,116,2014,4,26
2014-04-27,8N90E,28.898242243623315,208.6243806047081,117,2014,4,27
2014-04-28,8N90E,28.898014761446962,208.48702892737742,118,2014,4,28
2014-04-29,8N90E,28.89778727927061,208.34967725004674,119,2014,4,29
2014-04-30,8N90E,28.897559797094257,208.21232557271605,120,2014,4,30
2014-05-01,8N90E,28.897332314917904,208.07497389538534,121,2014,5,1
2014-05-02,8N90E,28.89710483274155,207.93762221805466,122,2014,5,2
2014-05-03,8N90E,28.896877350565198,207.80027054072397,123,2014,5,3
2014-05-04,8N90E,28.896649868388845,207.66291886339326,124,2014,5,4
2014-05-05,8N90E,28.896422386212492,207.52556718606257,125,2014,5,5
2014-05-06,8N90E,28.89619490403614,207.3882155087319,126,2014,5,6
2014-05-07,8N90E,28.895967421859787,207.2508638314012,127,2014,5,7
2014-05-08,8N90E,28.895739939683434,207.11351215407052,128,2014,5,8
2014-05-09,8N90E,28.89551245750708,206.97616047673984,129,2014,5,9
2014-05-10,8N90E,28.89528497533073,206.83880879940912,130,2014,5,10
2014-05-11,8N90E,28.895057493154376,206.70145712207844,131,2014,5,11
2014-05-12,8N90E,28.894830010978023,206.56410544474775,132,2014,5,12
2014-05-13,8N90E,28.89460252880167,206.42675376741704,133,2014,5,13
2014-05-14,8N90E,28.894375046625317,206.28940209008636,134,2014,5,14
2014-05-15,8N90E,28.894147564448964,206.15205041275567,135,2014,5,15
2014-05-16,8N90E,28.89392008227261,206.014698735425,136,2014,5,16
2014-05-17,8N90E,28.89369260009626,205.8773470580943,137,2014,5,17
2014-05-18,8N90E,28.893465117919906,205.73999538076362,138,2014,5,18
2014-05-19,8N90E,28.893237635743553,205.6026437034329,139,2014,5,19
2014-05-20,8N90E,28.8930101535672,205.46529202610222,140,2014,5,20
2014-05-21,8N90E,28.892782671390847,205.32794034877153,141,2014,5,21
2014-05-22,8N90E,28.892555189214495,205.19058867144082,142,2014,5,22
2014-05-23,8N90E,28.89232770703814,205.05323699411014,143,2014,5,23
2014-05-24,8N90E,28.89210022486179,204.91588531677945,144,2014,5,24
2014-05-25,8N90E,28.891872742685436,204.77853363944877,145,2014,5,25
2014-05-26,8N90E,28.891645260509083,204.64118196211808,146,2014,5,26
2014-05-27,8N90E,28.89141777833273,204.5038302847874,147,2014,5,27
2014-05-28,8N90E,28.891190296156378,204.36647860745668,148,2014,5,28
2014-05-29,8N90E,28.890962813980025,204.229126930126,149,2014,5,29
2014-05-30,8N90E,28.890735331803672,204.09177525279532,150,2014,5,30
2014-05-31,8N90E,28.89050784962732,203.9544235754646,151,2014,5,31
2014-06-01,8N90E,28.890280367450966,203.81707189813392,152,2014,6,1
2014-06-02,8N90E,28.890052885274613,203.67972022080323,153,2014,6,2
2014-06-03,8N90E,28.88982540309826,203.54236854347255,154,2014,6,3
2014-06-04,8N90E,28.889597920921908,203.40501686614186,155,2014,6,4
2014-06-05,8N90E,28.889370438745555,203.26766518881118,156,2014,6,5
2014-06-06,8N90E,28.889142956569202,203.13031351148047,157,2014,6,6
2014-06-07,8N90E,28.88891547439285,202.99296183414978,158,2014,6,7
2014-06-08,8N90E,28.888687992216497,202.8556101568191,159,2014,6,8
2014-06-09,8N90E,28.888460510040144,202.71825847948838,160,2014,6,9
2014-06-10,8N90E,28.88823302786379,202.5809068021577,161,2014,6,10
2014-06-11,8N90E,28.888005545687438,202.44355512482701,162,2014,6,11
2014-06-12,8N90E,28.887778063511085,202.30620344749633,163,2014,6,12
2014-06-13,8N90E,28.887550581334732,202.16885177016565,164,2014,6,13
2014-06-14,8N90E,28.88732309915838,202.03150009283496,165,2014,6,14
2014-06-15,8N90E,28.887095616982027,201.89414841550425,166,2014,6,15
2014-06-16,8N90E,28.886868134805674,201.75679673817356,167,2014,6,16
2014-06-17,8N90E,28.88664065262932,201.61944506084288,168,2014,6,17
2014-06-18,8N90E,28.88641317045297,201.48209338351217,169,2014,6,18
2014-06-19,8N90E,28.886185688276615,201.34474170618148,170,2014,6,19
2014-06-20,8N90E,28.885958206100263,201.2073900288508,171,2014,6,20
2014-06-21,8N90E,28.88573072392391,201.0700383515201,172,2014,6,21
2014-06-22,8N90E,28.885503241747557,200.93268667418943,173,2014,6,22
2014-06-23,8N90E,28.885275759571204,200.79533499685874,174,2014,6,23
2014-06-24,8N90E,28.88504827739485,200.65798331952803,175,2014,6,24
2014-06-25,8N90E,28.8848207952185,200.52063164219734,176,2014,6,25
2014-06-26,8N90E,28.884593313042146,200.38327996486666,177,2014,6,26
2014-06-27,8N90E,28.884365830865793,200.24592828753595,178,2014,6,27
2014-06-28,8N90E,28.88413834868944,200.10857661020526,179,2014,6,28
2014-06-29,8N90E,28.883910866513087,199.97122493287458,180,2014,6,29
2014-06-30,8N90E,28.883683384336734,199.8338732555439,181,2014,6,30
2014-07-01,8N90E,28.88345590216038,199.6965215782132,182,2014,7,1
2014-07-02,8N90E,28.88322841998403,199.55916990088252,183,2014,7,2
2014-07-03,8N90E,28.883000937807676,199.4218182235518,184,2014,7,3
2014-07-04,8N90E,28.882773455631323,199.28446654622113,185,2014,7,4
2014-07-05,8N90E,28.88254597345497,199.14711486889044,186,2014,7,5
2014-07-06,8N90E,28.882318491278618,199.00976319155973,187,2014,7,6
2014-07-07,8N90E,28.882091009102265,198.87241151422904,188,2014,7,7
2014-07-08,8N90E,28.881863526925912,198.73505983689836,189,2014,7,8
2014-07-09,8N90E,28.88163604474956,198.59770815956767,190,2014,7,9
2014-07-10,8N90E,28.881408562573206,198.460356482237,191,2014,7,10
2014-07-11,8N90E,28.881181080396853,198.3230048049063,192,2014,7,11
2014-07-12,8N90E,28.8809535982205,198.1856531275756,193,2014,7,12
2014-07-13,8N90E,28.880726116044148,198.0483014502449,194,2014,7,13
2014-07-14,8N90E,28.880498633867795,197.91094977291422,195,2014,7,14
2014-07-15,8N90E,28.880271151691442,197.7735980955835,196,2014,7,15
2014-07-16,8N90E,28.88004366951509,197.63624641825282,197,2014,7,16
2014-07-17,8N90E,28.879816187338736,197.49889474092214,198,2014,7,17
2014-07-18,8N90E,28.879588705162384,197.36154306359145,199,2014,7,18
2014-07-19,8N90E,28.87936122298603,197.22419138626077,200,2014,7,19
2014-07-20,8N90E,28.879133740809678,197.08683970893009,201,2014,7,20
2014-07-21,8N90E,28.878906258633325,196.94948803159937,202,2014,7,21
2014-07-22,8N90E,28.878678776456972,196.8121363542687,203,2014,7,22
2014-07-23,8N90E,28.87845129428062,196.674784676938,204,2014,7,23
2014-07-24,8N90E,28.878223812104267,196.5374329996073,205,2014,7,24
2014-07-25,8N90E,28.877996329927914,196.4000813222766,206,2014,7,25
2014-07-26,8N90E,28.87776884775156,196.26272964494592,207,2014,7,26
2014-07-27,8N90E,28.87754136557521,196.12537796761524,208,2014,7,27
2014-07-28,8N90E,28.877313883398855,195.98802629028455,209,2014,7,28
2014-07-29,8N90E,28.877086401222503,195.85067461295387,210,2014,7,29
2014-07-30,8N90E,28.87685891904615,195.71332293562315,211,2014,7,30
2014-07-31,8N90E,28.876631436869797,195.57597125829247,212,2014,7,31
2014-08-01,8N90E,28.876403954693444,195.43861958096178,213,2014,8,1
2014-08-02,8N90E,28.87617647251709,195.30126790363107,214,2014,8,2
2014-08-03,8N90E,28.87594899034074,195.1639162263004,215,2014,8,3
2014-08-04,8N90E,28.875721508164386,195.0265645489697,216,2014,8,4
2014-08-05,8N90E,28.875494025988033,194.88921287163902,217,2014,8,5
2014-08-06,8N90E,28.87526654381168,194.75186119430833,218,2014,8,6
2014-08-07,8N90E,28.875039061635327,194.61450951697765,219,2014,8,7
2014-08-08,8N90E,28.874811579458974,194.47715783964694,220,2014,8,8
2014-08-09,8N90E,28.87458409728262,194.33980616231625,221,2014,8,9
2014-08-10,8N90E,28.87435661510627,194.20245448498557,222,2014,8,10
2014-08-11,8N90E,28.874129132929916,194.06510280765485,223,2014,8,11
2014-08-12,8N90E,28.873901650753563,193.92775113032417,224,2014,8,12
2014-08-13,8N90E,28.87367416857721,193.79039945299348,225,2014,8,13
2014-08-14,8N90E,28.873446686400857,193.6530477756628,226,2014,8,14
2014-08-15,8N90E,28.873219204224505,193.5156960983321,227,2014,8,15
2014-08-16,8N90E,28.872991722048152,193.37834442100143,228,2014,8,16
2014-08-17,8N90E,28.8727642398718,193.24099274367072,229,2014,8,17
2014-08-18,8N90E,28.872536757695446,193.10364106634003,230,2014,8,18
2014-08-19,8N90E,28.872309275519093,192.96628938900935,231,2014,8,19
2014-08-20,8N90E,28.87208179334274,192.82893771167863,232,2014,8,20
2014-08-21,8N90E,28.871854311166388,192.69158603434795,233,2014,8,21
2014-08-22,8N90E,28.871626828990035,192.55423435701726,234,2014,8,22
2014-08-23,8N90E,28.871399346813682,192.41688267968658,235,2014,8,23
2014-08-24,8N90E,28.87117186463733,192.2795310023559,236,2014,8,24
2014-08-25,8N90E,28.870944382460976,192.14217932502518,237,2014,8,25
2014-08-26,8N90E,28.870716900284624,192.0048276476945,238,2014,8,26
2014-08-27,8N90E,28.87048941810827,191.8674759703638,239,2014,8,27
2014-08-28,8N90E,28.870261935931918,191.73012429303313,240,2014,8,28
2014-08-29,8N90E,28.870034453755565,191.59277261570242,241,2014,8,29
2014-08-30,8N90E,28.869806971579212,191.45542093837173,242,2014,8,30
2014-08-31,8N90E,28.86957948940286,191.31806926104105,243,2014,8,31
2014-09-01,8N90E,28.869352007226507,191.18071758371036,244,2014,9,1
2014-09-02,8N90E,28.869124525050154,191.04336590637968,245,2014,9,2
2014-09-03,8N90E,28.8688970428738,190.90601422904896,246,2014,9,3
2014-09-04,8N90E,28.868669560697448,190.76866255171828,247,2014,9,4
2014-09-05,8N90E,28.868442078521095,190.6313108743876,248,2014,9,5
2014-09-06,8N90E,28.868214596344743,190.4939591970569,249,2014,9,6
2014-09-07,8N90E,28.86798711416839,190.3566075197262,250,2014,9,7
2014-09-08,8N90E,28.867759631992037,190.2192558423955,251,2014,9,8
2014-09-09,8N90E,28.867532149815684,190.08190416506483,252,2014,9,9
2014-09-10,8N90E,28.86730466763933,189.94455248773414,253,2014,9,10
2014-09-11,8N90E,28.86707718546298,189.80720081040346,254,2014,9,11
2014-09-12,8N90E,28.866849703286626,189.66984913307274,255,2014,9,12
2014-09-13,8N90E,28.866622221110273,189.53249745574206,256,2014,9,13
2014-09-14,8N90E,28.86639473893392,189.39514577841138,257,2014,9,14
2014-09-15,8N90E,28.866167256757567,189.2577941010807,258,2014,9,15
2014-09-16,8N90E,28.865939774581214,189.12044242374998,259,2014,9,16
2014-09-17,8N90E,28.86571229240486,188.9830907464193,260,2014,9,17
2014-09-18,8N90E,28.86548481022851,188.8457390690886,261,2014,9,18
2014-09-19,8N90E,28.865257328052156,188.70838739175792,262,2014,9,19
2014-09-20,8N90E,28.865029845875803,188.57103571442724,263,2014,9,20
2014-09-21,8N90E,28.86480236369945,188.43368403709653,264,2014,9,21
2014-09-22,8N90E,28.864574881523097,188.29633235976584,265,2014,9,22
2014-09-23,8N90E,28.864347399346745,188.15898068243516,266,2014,9,23
2014-09-24,8N90E,28.86411991717039,188.02162900510447,267,2014,9,24
2014-09-25,8N90E,28.86389243499404,187.88427732777376,268,2014,9,25
2014-09-26,8N90E,28.863664952817686,187.74692565044307,269,2014,9,26
2014-09-27,8N90E,28.863437470641333,187.6095739731124,270,2014,9,27
2014-09-28,8N90E,28.86320998846498,187.4722222957817,271,2014,9,28
2014-09-29,8N90E,28.862982506288628,187.33487061845102,272,2014,9,29
2014-09-30,8N90E,28.862755024112275,187.1975189411203,273,2014,9,30
2014-10-01,8N90E,28.862527541935922,187.06016726378962,274,2014,10,1
2014-10-02,8N90E,28.86230005975957,186.92281558645894,275,2014,10,2
2014-10-03,8N90E,28.862072577583216,186.78546390912825,276,2014,10,3
2014-10-04,8N90E,28.861845095406863,186.64811223179754,277,2014,10,4
2014-10-05,8N90E,28.86161761323051,186.51076055446686,278,2014,10,5
2014-10-06,8N90E,28.861390131054158,186.37340887713617,279,2014,10,6
2014-10-07,8N90E,28.861162648877805,186.2360571998055,280,2014,10,7
2014-10-08,8N90E,28.860935166701452,186.0987055224748,281,2014,10,8
2014-10-09,8N90E,28.8607076845251,185.96135384514412,282,2014,10,9
2014-10-10,8N90E,28.860480202348747,185.8240021678134,283,2014,10,10
2014-10-11,8N90E,28.860252720172394,185.68665049048272,284,2014,10,11
2014-10-12,8N90E,28.86002523799604,185.549298813152,285,2014,10,12
2014-10-13,8N90E,28.859797755819688,185.41194713582132,286,2014,10,13
2014-10-14,8N90E,28.859570273643335,185.27459545849064,287,2014,10,14
2014-10-15,8N90E,28.859342791466982,185.13724378115995,288,2014,10,15
2014-10-16,8N90E,28.85911530929063,184.99989210382927,289,2014,10,16
2014-10-17,8N90E,28.858887827114277,184.86254042649858,290,2014,10,17
2014-10-18,8N90E,28.858660344937924,184.7251887491679,291,2014,10,18
2014-10-19,8N90E,28.85843286276157,184.58783707183719,292,2014,10,19
2014-10-20,8N90E,28.85820538058522,184.4504853945065,293,2014,10,20
2014-10-21,8N90E,28.857977898408866,184.3131337171758,294,2014,10,21
2014-10-22,8N90E,28.857750416232513,184.1757820398451,295,2014,10,22
2014-10-23,8N90E,28.85752293405616,184.03843036251442,296,2014,10,23
2014-10-24,8N90E,28.857295451879807,183.90107868518373,297,2014,10,24
2014-10-25,8N90E,28.857067969703454,183.76372700785305,298,2014,10,25
2014-10-26,8N90E,28.8568404875271,183.62637533052236,299,2014,10,26
2014-10-27,8N90E,28.85661300535075,183.48902365319168,300,2014,10,27
2014-10-28,8N90E,28.856385523174396,183.35167197586097,301,2014,10,28
2014-10-29,8N90E,28.856158040998043,183.21432029853028,302,2014,10,29
2014-10-30,8N90E,28.85593055882169,183.07696862119957,303,2014,10,30
2014-10-31,8N90E,28.855703076645337,182.93961694386888,304,2014,10,31
2014-11-01,8N90E,28.855475594468984,182.8022652665382,305,2014,11,1
2014-11-02,8N90E,28.85524811229263,182.66491358920752,306,2014,11,2
2014-11-03,8N90E,28.85502063011628,182.52756191187683,307,2014,11,3
2014-11-04,8N90E,28.854793147939926,182.39021023454615,308,2014,11,4
2014-11-05,8N90E,28.854565665763573,182.25285855721546,309,2014,11,5
2014-11-06,8N90E,28.85433818358722,182.11550687988475,310,2014,11,6
2014-11-07,8N90E,28.854110701410868,181.97815520255406,311,2014,11,7
2014-11-08,8N90E,28.853883219234515,181.84080352522335,312,2014,11,8
2014-11-09,8N90E,28.853655737058162,181.70345184789267,313,2014,11,9
2014-11-10,8N90E,28.85342825488181,181.56610017056198,314,2014,11,10
2014-11-11,8N90E,28.853200772705456,181.4287484932313,315,2014,11,11
2014-11-12,8N90E,28.852973290529103,181.2913968159006,316,2014,11,12
2014-11-13,8N90E,28.85274580835275,181.15404513856993,317,2014,11,13
2014-11-14,8N90E,28.852518326176398,181.01669346123924,318,2014,11,14
2014-11-15,8N90E,28.852290844000045,180.87934178390853,319,2014,11,15
2014-11-16,8N90E,28.852063361823692,180.74199010657784,320,2014,11,16
2014-11-17,8N90E,28.85183587964734,180.60463842924713,321,2014,11,17
2014-11-18,8N90E,28.851608397470986,180.46728675191645,322,2014,11,18
2014-11-19,8N90E,28.851380915294634,180.32993507458576,323,2014,11,19
2014-11-20,8N90E,28.85115343311828,180.19258339725508,324,2014,11,20
2014-11-21,8N90E,28.850925950941928,180.0552317199244,325,2014,11,21
2014-11-22,8N90E,28.850698468765575,179.9178800425937,326,2014,11,22
2014-11-23,8N90E,28.850470986589222,179.78052836526302,327,2014,11,23
2014-11-24,8N90E,28.85024350441287,179.6431766879323,328,2014,11,24
2014-11-25,8N90E,28.850016022236517,179.50582501060163,329,2014,11,25
2014-11-26,8N90E,28.849788540060164,179.3684733332709,330,2014,11,26
2014-11-27,8N90E,28.84956105788381,179.23112165594023,331,2014,11,27
2014-11-28,8N90E,28.84933357570746,179.09376997860954,332,2014,11,28
2014-11-29,8N90E,28.849106093531105,178.95641830127886,333,2014,11,29
2014-11-30,8N90E,28.848878611354753,178.81906662394817,334,2014,11,30
2014-12-01,8N90E,28.8486511291784,178.6817149466175,335,2014,12,1
2014-12-02,8N90E,28.848423647002047,178.5443632692868,336,2014,12,2
2014-12-03,8N90E,28.848196164825694,178.4070115919561,337,2014,12,3
2014-12-04,8N90E,28.75,149.8,338,2014,12,4
2014-12-05,8N90E,28.6,101.5,339,2014,12,5
2014-12-06,8N90E,28.56,72.3,340,2014,12,6
2014-12-07,8N90E,28.59,121.1,341,2014,12,7
2014-12-08,8N90E,28.79,237.4,342,2014,12,8
2014-12-09,8N90E,28.87,257.1,343,2014,12,9
2014-12-10,8N90E,28.82,244.6,344,2014,12,10
2014-12-11,8N90E,28.75,241.3,345,2014,12,11
2014-12-12,8N90E,28.77,258.0,346,2014,12,12
2014-12-13,8N90E,28.78,227.4,347,2014,12,13
2014-12-14,8N90E,28.79,247.0,348,2014,12,14
2014-12-15,8N90E,28.88,269.1,349,2014,12,15
2014-12-16,8N90E,28.82,165.2,350,2014,12,16
2014-12-17,8N90E,28.8,215.9,351,2014,12,17
2014-12-18,8N90E,28.84,103.9,352,2014,12,18
2014-12-19,8N90E,28.77,49.8,353,2014,12,19
2014-12-20,8N90E,28.66,63.6,354,2014,12,20
2014-12-21,8N90E,28.59,178.1,355,2014,12,21
2014-12-22,8N90E,28.48,67.5,356,2014,12,22
2014-12-23,8N90E,28.43,134.5,357,2014,12,23
2014-12-24,8N90E,28.44,205.8,358,2014,12,24
2014-12-25,8N90E,28.31,53.6,359,2014,12,25
2014-12-26,8N90E,28.33,120.1,360,2014,12,26
2014-12-27,8N90E,28.5,216.9,361,2014,12,27
2014-12-28,8N90E,28.47,192.0,362,2014,12,28
2014-12-29,8N90E,28.5,251.8,363,2014,12,29
2014-12-30,8N90E,28.56,169.5,364,2014,12,30
2014-12-31,8N90E,28.64,215.4,365,2014,12,31
2015-01-01,8N90E,28.65,181.9,1,2015,1,1
2015-01-02,8N90E,28.74,136.4,2,2015,1,2
2015-01-03,8N90E,28.86,257.6,3,2015,1,3
2015-01-04,8N90E,28.87,263.8,4,2015,1,4
2015-01-05,8N90E,28.88,266.7,5,2015,1,5
2015-01-06,8N90E,28.87,257.1,6,2015,1,6
2015-01-07,8N90E,28.9,270.5,7,2015,1,7
2015-01-08,8N90E,28.71,242.7,8,2015,1,8
2015-01-09,8N90E,28.66,232.2,9,2015,1,9
2015-01-10,8N90E,28.65,219.2,10,2015,1,10
2015-01-11,8N90E,28.7,268.1,11,2015,1,11
2015-01-12,8N90E,28.63,252.8,12,2015,1,12
2015-01-13,8N90E,28.62,267.1,13,2015,1,13
2015-01-14,8N90E,28.74,235.5,14,2015,1,14
2015-01-15,8N90E,28.69,266.7,15,2015,1,15
2015-01-16,8N90E,28.63,270.0,16,2015,1,16
2015-01-17,8N90E,28.53,153.7,17,2015,1,17
2015-01-18,8N90E,28.27,101.0,18,2015,1,18
2015-01-19,8N90E,28.44,267.1,19,2015,1,19
2015-01-20,8N90E,28.53,259.5,20,2015,1,20
2015-01-21,8N90E,28.39,256.6,21,2015,1,21
2015-01-22,8N90E,28.33,244.2,22,2015,1,22
2015-01-23,8N90E,28.36,222.1,23,2015,1,23
2015-01-24,8N90E,28.27,260.9,24,2015,1,24
2015-01-25,8N90E,28.24,268.1,25,2015,1,25
2015-01-26,8N90E,28.22,208.7,26,2015,1,26
2015-01-27,8N90E,28.24,238.4,27,2015,1,27
2015-01-28,8N90E,28.22,269.1,28,2015,1,28
2015-01-29,8N90E,28.25,272.9,29,2015,1,29
2015-01-30,8N90E,28.41,257.6,30,2015,1,30
2015-01-31,8N90E,28.41,164.2,31,2015,1,31
2015-02-01,8N90E,28.31,213.0,32,2015,2,1
2015-02-02,8N90E,28.22,155.6,33,2015,2,2
2015-02-03,8N90E,28.23,261.9,34,2015,2,3
2015-02-04,8N90E,28.27,274.8,35,2015,2,4
2015-02-05,8N90E,28.3,243.7,36,2015,2,5
2015-02-06,8N90E,28.42,245.1,37,2015,2,6
2015-02-07,8N90E,28.49,174.7,38,2015,2,7
2015-02-08,8N90E,28.59,228.3,39,2015,2,8
2015-02-09,8N90E,28.58,166.1,40,2015,2,9
2015-02-10,8N90E,28.5,125.4,41,2015,2,10
2015-02-11,8N90E,28.43,33.5,42,2015,2,11
2015-02-12,8N90E,28.5,269.1,43,2015,2,12
2015-02-13,8N90E,28.54,223.6,44,2015,2,13
2015-02-14,8N90E,28.48,276.2,45,2015,2,14
2015-02-15,8N90E,28.43,272.4,46,2015,2,15
2015-02-16,8N90E,28.36,286.3,47,2015,2,16
2015-02-17,8N90E,28.33,277.7,48,2015,2,17
2015-02-18,8N90E,28.27,169.9,49,2015,2,18
2015-02-19,8N90E,28.33,289.2,50,2015,2,19
2015-02-20,8N90E,28.45,301.1,51,2015,2,20
2015-02-21,8N90E,28.35,245.6,52,2015,2,21
2015-02-22,8N90E,28.35,204.4,53,2015,2,22
2015-02-23,8N90E,28.47,308.8,54,2015,2,23
2015-02-24,8N90E,28.4,255.6,55,2015,2,24
2015-02-25,8N90E,28.7,298.3,56,2015,2,25
2015-02-26,8N90E,28.8,298.7,57,2015,2,26
2015-02-27,8N90E,28.73,313.6,58,2015,2,27
2015-02-28,8N90E,28.66,312.1,59,2015,2,28
2015-03-01,8N90E,28.64,230.8,60,2015,3,1
2015-03-02,8N90E,28.74,283.9,61,2015,3,2
2015-03-03,8N90E,28.75,314.1,62,2015,3,3
2015-03-04,8N90E,29.07,307.8,63,2015,3,4
2015-03-05,8N90E,28.95,271.4,64,2015,3,5
2015-03-06,8N90E,28.77,301.6,65,2015,3,6
2015-03-07,8N90E,28.71,298.7,66,2015,3,7
2015-03-08,8N90E,28.66,269.5,67,2015,3,8
2015-03-09,8N90E,28.61,277.2,68,2015,3,9
2015-03-10,8N90E,28.53,73.2,69,2015,3,10
2015-03-11,8N90E,28.49,160.8,70,2015,3,11
2015-03-12,8N90E,28.59,298.7,71,2015,3,12
2015-03-13,8N90E,28.69,321.2,72,2015,3,13
2015-03-14,8N90E,28.77,315.5,73,2015,3,14
2015-03-15,8N90E,28.82,314.1,74,2015,3,15
2015-03-16,8N90E,28.82,316.0,75,2015,3,16
2015-03-17,8N90E,29.16,315.0,76,2015,3,17
2015-03-18,8N90E,29.22,291.6,77,2015,3,18
2015-03-19,8N90E,29.43,309.8,78,2015,3,19
2015-03-20,8N90E,29.64,274.3,79,2015,3,20
2015-03-21,8N90E,29.25,222.1,80,2015,3,21
2015-03-22,8N90E,29.22,209.2,81,2015,3,22
2015-03-23,8N90E,29.38,270.0,82,2015,3,23
2015-03-24,8N90E,29.44,264.3,83,2015,3,24
2015-03-25,8N90E,29.39,242.2,84,2015,3,25
2015-03-26,8N90E,29.46,293.5,85,2015,3,26
2015-03-27,8N90E,29.44,310.2,86,2015,3,27
2015-03-28,8N90E,29.36,311.2,87,2015,3,28
2015-03-29,8N90E,29.16,316.0,88,2015,3,29
2015-03-30,8N90E,29.48,299.2,89,2015,3,30
2015-03-31,8N90E,29.39,316.9,90,2015,3,31
2015-04-01,8N90E,29.45,203.4,91,2015,4,1
2015-04-02,8N90E,29.83,285.8,92,2015,4,2
2015-04-03,8N90E,30.03,296.3,93,2015,4,3
2015-04-04,8N90E,30.15,309.8,94,2015,4,4
2015-04-05,8N90E,29.74,317.4,95,2015,4,5
2015-04-06,8N90E,29.76,313.6,96,2015,4,6
2015-04-07,8N90E,29.79,309.8,97,2015,4,7
2015-04-08,8N90E,29.94,313.6,98,2015,4,8
2015-04-09,8N90E,29.82,258.0,99,2015,4,9
2015-04-10,8N90E,29.98,272.4,100,2015,4,10
2015-04-11,8N90E,30.04,304.5,101,2015,4,11
2015-04-12,8N90E,29.84,129.2,102,2015,4,12
2015-04-13,8N90E,29.68,68.4,103,2015,4,13
2015-04-14,8N90E,29.85,275.3,104,2015,4,14
2015-04-15,8N90E,29.73,194.8,105,2015,4,15
2015-04-16,8N90E,29.72,221.2,106,2015,4,16
2015-04-17,8N90E,29.7,206.8,107,2015,4,17
2015-04-18,8N90E,29.73,214.9,108,2015,4,18
2015-04-19,8N90E,29.92,296.3,109,2015,4,19
2015-04-20,8N90E,29.83,258.5,110,2015,4,20
2015-04-21,8N90E,30.27,289.6,111,2015,4,21
2015-04-22,8N90E,30.35,312.6,112,2015,4,22
2015-04-23,8N90E,30.53,323.6,113,2015,4,23
2015-04-24,8N90E,30.65,225.5,114,2015,4,24
2015-04-25,8N90E,30.75,320.8,115,2015,4,25
2015-04-26,8N90E,30.73,292.0,116,2015,4,26
2015-04-27,8N90E,30.43,263.3,117,2015,4,27
2015-04-28,8N90E,30.32,256.1,118,2015,4,28
2015-04-29,8N90E,30.57,304.0,119,2015,4,29
2015-04-30,8N90E,30.35,227.9,120,2015,4,30
2015-05-01,8N90E,30.29,222.1,121,2015,5,1
2015-05-02,8N90E,30.31,194.4,122,2015,5,2
2015-05-03,8N90E,30.12,177.1,123,2015,5,3
2015-05-04,8N90E,30.68,255.2,124,2015,5,4
2015-05-05,8N90E,30.47,214.9,125,2015,5,5
2015-05-06,8N90E,30.7,237.4,126,2015,5,6
2015-05-07,8N90E,30.72,259.5,127,2015,5,7
2015-05-08,8N90E,30.74,295.9,128,2015,5,8
2015-05-09,8N90E,30.52,229.8,129,2015,5,9
2015-05-10,8N90E,30.64,279.6,130,2015,5,10
2015-05-11,8N90E,30.62,275.8,131,2015,5,11
2015-05-12,8N90E,30.47,150.8,132,2015,5,12
2015-05-13,8N90E,30.39,109.1,133,2015,5,13
2015-05-14,8N90E,30.43,168.0,134,2015,5,14
2015-05-15,8N90E,30.33,197.2,135,2015,5,15
2015-05-16,8N90E,30.22,111.5,136,2015,5,16
2015-05-17,8N90E,30.16,212.6,137,2015,5,17
2015-05-18,8N90E,30.16,279.1,138,2015,5,18
2015-05-19,8N90E,30.01,197.7,139,2015,5,19
2015-05-20,8N90E,29.96,87.6,140,2015,5,20
2015-05-21,8N90E,29.93,116.3,141,2015,5,21
2015-05-22,8N90E,29.85,118.2,142,2015,5,22
2015-05-23,8N90E,29.76,224.0,143,2015,5,23
2015-05-24,8N90E,29.69,235.1,144,2015,5,24
2015-05-25,8N90E,29.65,78.0,145,2015,5,25
2015-05-26,8N90E,29.62,152.7,146,2015,5,26
2015-05-27,8N90E,29.51,33.5,147,2015,5,27
2015-05-28,8N90E,29.59,145.0,148,2015,5,28
2015-05-29,8N90E,29.65,271.4,149,2015,5,29
2015-05-30,8N90E,29.3,10.5,150,2015,5,30
2015-05-31,8N90E,29.41,239.8,151,2015,5,31
2015-06-01,8N90E,29.54,282.0,152,2015,6,1
2015-06-02,8N90E,29.7,307.4,153,2015,6,2
2015-06-03,8N90E,29.8,293.5,154,2015,6,3
2015-06-04,8N90E,29.99,303.5,155,2015,6,4
2015-06-05,8N90E,30.01,214.5,156,2015,6,5
2015-06-06,8N90E,30.37,306.9,157,2015,6,6
2015-06-07,8N90E,30.13,248.0,158,2015,6,7
2015-06-08,8N90E,29.87,220.7,159,2015,6,8
2015-06-09,8N90E,29.8,114.4,160,2015,6,9
2015-06-10,8N90E,29.89,296.8,161,2015,6,10
2015-06-11,8N90E,29.89,286.3,162,2015,6,11
2015-06-12,8N90E,29.95,248.5,163,2015,6,12
2015-06-13,8N90E,29.96,169.5,164,2015,6,13
2015-06-14,8N90E,29.94,262.8,165,2015,6,14
2015-06-15,8N90E,29.9,109.6,166,2015,6,15
2015-06-16,8N90E,29.82,61.2,167,2015,6,16
2015-06-17,8N90E,29.75,167.5,168,2015,6,17
2015-06-18,8N90E,29.7,265.7,169,2015,6,18
2015-06-19,8N90E,29.66,134.5,170,2015,6,19
2015-06-20,8N90E,29.64,252.3,171,2015,6,20
2015-06-21,8N90E,29.64,250.4,172,2015,6,21
2015-06-22,8N90E,29.68,275.3,173,2015,6,22
2015-06-23,8N90E,29.72,280.5,174,2015,6,23
2015-06-24,8N90E,29.71,265.2,175,2015,6,24
2015-06-25,8N90E,29.68,274.8,176,2015,6,25
2015-06-26,8N90E,29.67,255.2,177,2015,6,26
2015-06-27,8N90E,29.65,206.3,178,2015,6,27
2015-06-28,8N90E,29.64,195.8,179,2015,6,28
2015-06-29,8N90E,29.59,148.9,180,2015,6,29
2015-06-30,8N90E,29.58,90.9,181,2015,6,30
2015-07-01,8N90E,29.52,166.1,182,2015,7,1
2015-07-02,8N90E,29.51,239.4,183,2015,7,2
2015-07-03,8N90E,29.58,294.4,184,2015,7,3
2015-07-04,8N90E,29.56,283.9,185,2015,7,4
2015-07-05,8N90E,29.52,217.8,186,2015,7,5
2015-07-06,8N90E,29.5,240.3,187,2015,7,6
2015-07-07,8N90E,29.5,264.7,188,2015,7,7
2015-07-08,8N90E,29.47,283.4,189,2015,7,8
2015-07-09,8N90E,29.42,282.0,190,2015,7,9
2015-07-10,8N90E,29.42,271.4,191,2015,7,10
2015-07-11,8N90E,29.44,279.6,192,2015,7,11
2015-07-12,8N90E,29.51,264.3,193,2015,7,12
2015-07-13,8N90E,29.5,258.0,194,2015,7,13
2015-07-14,8N90E,29.45,248.9,195,2015,7,14
2015-07-15,8N90E,29.39,117.8,196,2015,7,15
2015-07-16,8N90E,29.35,222.6,197,2015,7,16
2015-07-17,8N90E,29.34,232.2,198,2015,7,17
2015-07-18,8N90E,29.28,178.6,199,2015,7,18
2015-07-19,8N90E,29.29,238.9,200,2015,7,19
2015-07-20,8N90E,29.18,116.8,201,2015,7,20
2015-07-21,8N90E,29.12,123.5,202,2015,7,21
2015-07-22,8N90E,29.02,46.9,203,2015,7,22
2015-07-23,8N90E,28.91,97.2,204,2015,7,23
2015-07-24,8N90E,28.96,238.9,205,2015,7,24
2015-07-25,8N90E,28.97,281.5,206,2015,7,25
2015-07-26,8N90E,29.02,298.3,207,2015,7,26
2015-07-27,8N90E,29.08,261.9,208,2015,7,27
2015-07-28,8N90E,29.12,286.3,209,2015,7,28
2015-07-29,8N90E,29.16,259.9,210,2015,7,29
2015-07-30,8N90E,29.16,272.4,211,2015,7,30
2015-07-31,8N90E,29.18,281.0,212,2015,7,31
2015-08-01,8N90E,29.15,266.2,213,2015,8,1
2015-08-02,8N90E,29.12,283.4,214,2015,8,2
2015-08-03,8N90E,29.15,282.9,215,2015,8,3
2015-08-04,8N90E,29.09,248.5,216,2015,8,4
2015-08-05,8N90E,28.96,131.2,217,2015,8,5
2015-08-06,8N90E,29.01,280.5,218,2015,8,6
2015-08-07,8N90E,29.04,263.8,219,2015,8,7
2015-08-08,8N90E,29.0,263.8,220,2015,8,8
2015-08-09,8N90E,28.89,226.4,221,2015,8,9
2015-08-10,8N90E,28.88,244.2,222,2015,8,10
2015-08-11,8N90E,28.86,224.5,223,2015,8,11
2015-08-12,8N90E,28.87,300.2,224,2015,8,12
2015-08-13,8N90E,28.93,294.9,225,2015,8,13
2015-08-14,8N90E,29.03,263.3,226,2015,8,14
2015-08-15,8N90E,28.95,110.6,227,2015,8,15
2015-08-16,8N90E,29.06,301.6,228,2015,8,16
2015-08-17,8N90E,29.15,289.6,229,2015,8,17
2015-08-18,8N90E,29.17,288.7,230,2015,8,18
2015-08-19,8N90E,29.29,303.5,231,2015,8,19
2015-08-20,8N90E,29.24,303.1,232,2015,8,20
2015-08-21,8N90E,29.22,279.6,233,2015,8,21
2015-08-22,8N90E,29.21,280.1,234,2015,8,22
2015-08-23,8N90E,29.18,226.0,235,2015,8,23
2015-08-24,8N90E,29.22,265.7,236,2015,8,24
2015-08-25,8N90E,29.09,214.5,237,2015,8,25
2015-08-26,8N90E,29.07,272.9,238,2015,8,26
2015-08-27,8N90E,29.09,279.6,239,2015,8,27
2015-08-28,8N90E,29.05,180.9,240,2015,8,28
2015-08-29,8N90E,29.07,260.4,241,2015,8,29
2015-08-30,8N90E,29.04,190.1,242,2015,8,30
2015-08-31,8N90E,28.99,174.2,243,2015,8,31
2015-09-01,8N90E,29.08,304.5,244,2015,9,1
2015-09-02,8N90E,29.08,295.4,245,2015,9,2
2015-09-03,8N90E,29.2,305.9,246,2015,9,3
2015-09-04,8N90E,28.98,177.1,247,2015,9,4
2015-09-05,8N90E,29.1,236.5,248,2015,9,5
2015-09-06,8N90E,29.34,300.6,249,2015,9,6
2015-09-07,8N90E,29.26,271.9,250,2015,9,7
2015-09-08,8N90E,29.2,289.6,251,2015,9,8
2015-09-09,8N90E,29.17,245.1,252,2015,9,9
2015-09-10,8N90E,29.09,119.2,253,2015,9,10
2015-09-11,8N90E,28.99,124.0,254,2015,9,11
2015-09-12,8N90E,29.04,199.1,255,2015,9,12
2015-09-13,8N90E,29.11,259.5,256,2015,9,13
2015-09-14,8N90E,29.24,278.6,257,2015,9,14
2015-09-15,8N90E,29.21,284.4,258,2015,9,15
2015-09-16,8N90E,29.12,186.7,259,2015,9,16
2015-09-17,8N90E,29.21,259.9,260,2015,9,17
2015-09-18,8N90E,29.21,112.5,261,2015,9,18
2015-09-19,8N90E,29.18,138.3,262,2015,9,19
2015-09-20,8N90E,29.24,282.5,263,2015,9,20
2015-09-21,8N90E,29.3,294.4,264,2015,9,21
2015-09-22,8N90E,29.4,288.7,265,2015,9,22
2015-09-23,8N90E,29.32,197.7,266,2015,9,23
2015-09-24,8N90E,29.25,234.1,267,2015,9,24
2015-09-25,8N90E,29.11,34.9,268,2015,9,25
2015-09-26,8N90E,28.94,64.6,269,2015,9,26
2015-09-27,8N90E,28.83,57.4,270,2015,9,27
2015-09-28,8N90E,28.78,249.9,271,2015,9,28
2015-09-29,8N90E,28.62,77.5,272,2015,9,29
2015-09-30,8N90E,28.63,145.5,273,2015,9,30
2015-10-01,8N90E,28.54,199.1,274,2015,10,1
2015-10-02,8N90E,28.56,279.1,275,2015,10,2
2015-10-03,8N90E,28.54,277.7,276,2015,10,3
2015-10-04,8N90E,28.54,202.5,277,2015,10,4
2015-10-05,8N90E,28.7,204.4,278,2015,10,5
2015-10-06,8N90E,28.72,232.2,279,2015,10,6
2015-10-07,8N90E,28.72,142.6,280,2015,10,7
2015-10-08,8N90E,28.87,285.8,281,2015,10,8
2015-10-09,8N90E,28.94,299.2,282,2015,10,9
2015-10-10,8N90E,29.05,301.1,283,2015,10,10
2015-10-11,8N90E,29.01,279.6,284,2015,10,11
2015-10-12,8N90E,29.12,288.7,285,2015,10,12
2015-10-13,8N90E,29.41,299.2,286,2015,10,13
2015-10-14,8N90E,29.58,307.8,287,2015,10,14
2015-10-15,8N90E,29.27,142.2,288,2015,10,15
2015-10-16,8N90E,29.39,244.6,289,2015,10,16
2015-10-17,8N90E,29.56,275.3,290,2015,10,17
2015-10-18,8N90E,30.1,282.5,291,2015,10,18
2015-10-19,8N90E,29.88,293.0,292,2015,10,19
2015-10-20,8N90E,30.55,268.1,293,2015,10,20
2015-10-21,8N90E,30.6,286.8,294,2015,10,21
2015-10-22,8N90E,30.24,233.1,295,2015,10,22
2015-10-23,8N90E,30.25,265.7,296,2015,10,23
2015-10-24,8N90E,30.02,226.4,297,2015,10,24
2015-10-25,8N90E,29.98,230.3,298,2015,10,25
2015-10-26,8N90E,29.83,110.1,299,2015,10,26
2015-10-27,8N90E,29.62,63.2,300,2015,10,27
2015-10-28,8N90E,29.54,149.8,301,2015,10,28
2015-10-29,8N90E,29.34,98.1,302,2015,10,29
2015-10-30,8N90E,29.36,202.0,303,2015,10,30
2015-10-31,8N90E,29.38,259.0,304,2015,10,31
2015-11-01,8N90E,29.38,177.6,305,2015,11,1
2015-11-02,8N90E,29.35,142.2,306,2015,11,2
2015-11-03,8N90E,29.61,275.3,307,2015,11,3
2015-11-04,8N90E,29.7,242.7,308,2015,11,4
2015-11-05,8N90E,29.55,115.8,309,2015,11,5
2015-11-06,8N90E,29.39,155.6,310,2015,11,6
2015-11-07,8N90E,29.27,56.9,311,2015,11,7
2015-11-08,8N90E,29.26,201.5,312,2015,11,8
2015-11-09,8N90E,29.25,249.4,313,2015,11,9
2015-11-10,8N90E,29.32,208.7,314,2015,11,10
2015-11-11,8N90E,29.36,163.2,315,2015,11,11
2015-11-12,8N90E,29.3,152.2,316,2015,11,12
2015-11-13,8N90E,29.27,237.4,317,2015,11,13
2015-11-14,8N90E,29.23,140.7,318,2015,11,14
2015-11-15,8N90E,29.25,191.0,319,2015,11,15
2015-11-16,8N90E,29.23,151.3,320,2015,11,16
2015-11-17,8N90E,29.55,279.6,321,2015,11,17
2015-11-18,8N90E,29.58,269.1,322,2015,11,18
2015-11-19,8N90E,29.43,270.0,323,2015,11,19
2015-11-20,8N90E,29.31,75.1,324,2015,11,20
2015-11-21,8N90E,29.45,231.7,325,2015,11,21
2015-11-22,8N90E,29.42,242.2,326,2015,11,22
2015-11-23,8N90E,29.39,271.9,327,2015,11,23
2015-11-24,8N90E,29.45,228.3,328,2015,11,24
2015-11-25,8N90E,29.2,53.1,329,2015,11,25
2015-11-26,8N90E,28.84,43.0,330,2015,11,26
2015-11-27,8N90E,29.14,127.8,331,2015,11,27
2015-11-28,8N90E,29.23,173.3,332,2015,11,28
2015-11-29,8N90E,29.2,167.5,333,2015,11,29
2015-11-30,8N90E,29.18,223.1,334,2015,11,30
2015-12-01,8N90E,29.18,187.7,335,2015,12,1
2015-12-02,8N90E,29.24,226.0,336,2015,12,2
2015-12-03,8N90E,29.53,265.7,337,2015,12,3
2015-12-04,8N90E,29.3,233.1,338,2015,12,4
2015-12-05,8N90E,29.23,193.9,339,2015,12,5
2015-12-06,8N90E,29.05,87.1,340,2015,12,6
2015-12-07,8N90E,29.01,145.0,341,2015,12,7
2015-12-08,8N90E,29.12,257.6,342,2015,12,8
2015-12-09,8N90E,29.04,259.0,343,2015,12,9
2015-12-10,8N90E,28.9,81.4,344,2015,12,10
2015-12-11,8N90E,29.13,244.6,345,2015,12,11
2015-12-12,8N90E,29.06,241.3,346,2015,12,12
2015-12-13,8N90E,29.0,235.5,347,2015,12,13
2015-12-14,8N90E,28.99,228.3,348,2015,12,14
2015-12-15,8N90E,29.27,239.4,349,2015,12,15
2015-12-16,8N90E,28.97,156.1,350,2015,12,16
2015-12-17,8N90E,28.95,237.4,351,2015,12,17
2015-12-18,8N90E,28.99,235.5,352,2015,12,18
2015-12-19,8N90E,29.01,247.5,353,2015,12,19
2015-12-20,8N90E,28.9,244.6,354,2015,12,20
2015-12-21,8N90E,29.0,245.6,355,2015,12,21
2015-12-22,8N90E,29.03,234.6,356,2015,12,22
2015-12-23,8N90E,29.09,235.1,357,2015,12,23
2015-12-24,8N90E,29.1,248.0,358,2015,12,24
2015-12-25,8N90E,29.1,241.3,359,2015,12,25
2015-12-26,8N90E,29.04,96.7,360,2015,12,26
2015-12-27,8N90E,29.05,217.3,361,2015,12,27
2015-12-28,8N90E,29.05,161.8,362,2015,12,28
2015-12-29,8N90E,29.11,250.9,363,2015,12,29
2015-12-30,8N90E,29.1,256.1,364,2015,12,30
2015-12-31,8N90E,28.99,239.4,365,2015,12,31
2016-01-01,8N90E,28.95,269.5,1,2016,1,1
2016-01-02,8N90E,28.94,226.4,2,2016,1,2
2016-01-03,8N90E,29.01,238.9,3,2016,1,3
2016-01-04,8N90E,28.88,194.4,4,2016,1,4
2016-01-05,8N90E,28.99,248.5,5,2016,1,5
2016-01-06,8N90E,28.93,216.4,6,2016,1,6
2016-01-07,8N90E,28.88,216.4,7,2016,1,7
2016-01-08,8N90E,28.95,235.1,8,2016,1,8
2016-01-09,8N90E,28.98,229.8,9,2016,1,9
2016-01-10,8N90E,29.0,238.4,10,2016,1,10
2016-01-11,8N90E,28.85,234.1,11,2016,1,11
2016-01-12,8N90E,28.52,237.9,12,2016,1,12
2016-01-13,8N90E,28.52,197.2,13,2016,1,13
2016-01-14,8N90E,28.41,261.9,14,2016,1,14
2016-01-15,8N90E,28.42,192.4,15,2016,1,15
2016-01-16,8N90E,28.44,123.0,16,2016,1,16
2016-01-17,8N90E,28.61,185.7,17,2016,1,17
2016-01-18,8N90E,28.6154,187.504,18,2016,1,18
2016-01-19,8N90E,28.6208,189.308,19,2016,1,19
2016-01-20,8N90E,28.6262,191.112,20,2016,1,20
2016-01-21,8N90E,28.479141273592813,270.50511104698796,21,2016,1,21
2016-01-22,8N90E,28.478419253602688,270.6404296775029,22,2016,1,22
2016-01-23,8N90E,28.477697233612563,270.77574830801774,23,2016,1,23
2016-01-24,8N90E,28.47697521362244,270.9110669385326,24,2016,1,24
2016-01-25,8N90E,28.476253193632314,271.0463855690475,25,2016,1,25
2016-01-26,8N90E,28.475531173642192,271.1817041995624,26,2016,1,26
2016-01-27,8N90E,28.474809153652068,271.31702283007724,27,2016,1,27
2016-01-28,8N90E,28.474087133661943,271.45234146059215,28,2016,1,28
2016-01-29,8N90E,28.473365113671818,271.587660091107,29,2016,1,29
2016-01-30,8N90E,28.472643093681693,271.72297872162187,30,2016,1,30
2016-01-31,8N90E,28.47192107369157,271.8582973521368,31,2016,1,31
2016-02-01,8N90E,28.471199053701444,271.99361598265165,32,2016,2,1
2016-02-02,8N90E,28.47047703371132,272.1289346131665,33,2016,2,2
2016-02-03,8N90E,28.469755013721194,272.26425324368137,34,2016,2,3
2016-02-04,8N90E,28.46903299373107,272.3995718741963,35,2016,2,4
2016-02-05,8N90E,28.468310973740945,272.53489050471114,36,2016,2,5
2016-02-06,8N90E,28.46758895375082,272.670209135226,37,2016,2,6
2016-02-07,8N90E,28.4668669337607,272.8055277657409,38,2016,2,7
2016-02-08,8N90E,28.466144913770574,272.9408463962558,39,2016,2,8
2016-02-09,8N90E,28.46542289378045,273.07616502677064,40,2016,2,9
2016-02-10,8N90E,28.464700873790324,273.21148365728556,41,2016,2,10
2016-02-11,8N90E,28.4639788538002,273.3468022878004,42,2016,2,11
2016-02-12,8N90E,28.463256833810075,273.4821209183153,43,2016,2,12
2016-02-13,8N90E,28.46253481381995,273.6174395488302,44,2016,2,13
2016-02-14,8N90E,28.461812793829825,273.75275817934505,45,2016,2,14
2016-02-15,8N90E,28.4610907738397,273.8880768098599,46,2016,2,15
2016-02-16,8N90E,28.460368753849576,274.0233954403748,47,2016,2,16
2016-02-17,8N90E,28.45964673385945,274.1587140708897,48,2016,2,17
2016-02-18,8N90E,28.458924713869326,274.29403270140455,49,2016,2,18
2016-02-19,8N90E,28.458202693879205,274.42935133191946,50,2016,2,19
2016-02-20,8N90E,28.45748067388908,274.5646699624343,51,2016,2,20
2016-02-21,8N90E,28.456758653898955,274.6999885929492,52,2016,2,21
2016-02-22,8N90E,28.45603663390883,274.8353072234641,53,2016,2,22
2016-02-23,8N90E,28.455314613918706,274.97062585397896,54,2016,2,23
2016-02-24,8N90E,28.45459259392858,275.1059444844938,55,2016,2,24
2016-02-25,8N90E,28.453870573938456,275.2412631150087,56,2016,2,25
2016-02-26,8N90E,28.45314855394833,275.3765817455236,57,2016,2,26
2016-02-27,8N90E,28.452426533958207,275.51190037603845,58,2016,2,27
2016-02-28,8N90E,28.45170451396808,275.6472190065533,59,2016,2,28
2016-02-29,8N90E,28.450982493977957,275.78253763706823,60,2016,2,29
2016-03-01,8N90E,28.450260473987832,275.9178562675831,61,2016,3,1
2016-03-02,8N90E,28.44953845399771,276.05317489809795,62,2016,3,2
2016-03-03,8N90E,28.448816434007586,276.18849352861287,63,2016,3,3
2016-03-04,8N90E,28.44809441401746,276.3238121591277,64,2016,3,4
2016-03-05,8N90E,28.447372394027337,276.4591307896426,65,2016,3,5
2016-03-06,8N90E,28.446650374037212,276.5944494201575,66,2016,3,6
2016-03-07,8N90E,28.88,275.9,67,2016,3,7
2016-03-08,8N90E,28.94,272.5,68,2016,3,8
2016-03-09,8N90E,29.01,277.4,69,2016,3,9
2016-03-10,8N90E,29.13,294.8,70,2016,3,10
2016-03-11,8N90E,29.18,296.85,71,2016,3,11
2016-03-12,8N90E,29.45,298.9,72,2016,3,12
2016-03-13,8N90E,29.3,285.5,73,2016,3,13
2016-03-14,8N90E,29.34,276.7,74,2016,3,14
2016-03-15,8N90E,29.44,298.6,75,2016,3,15
2016-03-16,8N90E,29.34,288.9,76,2016,3,16
2016-03-17,8N90E,29.28,271.7,77,2016,3,17
2016-03-18,8N90E,29.4,295.9,78,2016,3,18
2016-03-19,8N90E,29.35,300.6,79,2016,3,19
2016-03-20,8N90E,29.62,287.6,80,2016,3,20
2016-03-21,8N90E,29.68,257.2,81,2016,3,21
2016-03-22,8N90E,29.75,291.8,82,2016,3,22
2016-03-23,8N90E,29.98,314.0,83,2016,3,23
2016-03-24,8N90E,29.69,290.4,84,2016,3,24
2016-03-25,8N90E,29.79,271.1,85,2016,3,25
2016-03-26,8N90E,29.67,272.2,86,2016,3,26
2016-03-27,8N90E,29.7,135.9,87,2016,3,27
2016-03-28,8N90E,29.75,296.8,88,2016,3,28
2016-03-29,8N90E,29.71,192.5,89,2016,3,29
2016-03-30,8N90E,29.71,294.9,90,2016,3,30
2016-03-31,8N90E,29.97,270.1,91,2016,3,31
2016-04-01,8N90E,30.02,279.2,92,2016,4,1
2016-04-02,8N90E,30.18,285.6,93,2016,4,2
2016-04-03,8N90E,30.29,279.4,94,2016,4,3
2016-04-04,8N90E,30.25,312.9,95,2016,4,4
2016-04-05,8N90E,30.72,297.6,96,2016,4,5
2016-04-06,8N90E,30.72,246.1,97,2016,4,6
2016-04-07,8N90E,30.5,295.0,98,2016,4,7
2016-04-08,8N90E,30.45,301.0,99,2016,4,8
2016-04-09,8N90E,30.49,298.2,100,2016,4,9
2016-04-10,8N90E,30.57,271.4,101,2016,4,10
2016-04-11,8N90E,30.96,305.5,102,2016,4,11
2016-04-12,8N90E,31.17,284.9,103,2016,4,12
2016-04-13,8N90E,31.21,315.1,104,2016,4,13
2016-04-14,8N90E,31.25,272.3,105,2016,4,14
2016-04-15,8N90E,31.18,301.4,106,2016,4,15
2016-04-16,8N90E,31.25,295.0,107,2016,4,16
2016-04-17,8N90E,31.08,291.3,108,2016,4,17
2016-04-18,8N90E,31.01,307.3,109,2016,4,18
2016-04-19,8N90E,30.97,262.6,110,2016,4,19
2016-04-20,8N90E,31.0,299.4,111,2016,4,20
2016-04-21,8N90E,31.33,286.7,112,2016,4,21
2016-04-22,8N90E,31.69,290.9,113,2016,4,22
2016-04-23,8N90E,31.67,303.7,114,2016,4,23
2016-04-24,8N90E,31.81,280.2,115,2016,4,24
2016-04-25,8N90E,31.83,270.2,116,2016,4,25
2016-04-26,8N90E,31.49,242.6,117,2016,4,26
2016-04-27,8N90E,31.75,284.0,118,2016,4,27
2016-04-28,8N90E,31.73,263.8,119,2016,4,28
2016-04-29,8N90E,31.72,246.6,120,2016,4,29
2016-04-30,8N90E,31.96,204.7,121,2016,4,30
2016-05-01,8N90E,31.93,237.0,122,2016,5,1
2016-05-02,8N90E,31.84,250.0,123,2016,5,2
2016-05-03,8N90E,31.98,271.0,124,2016,5,3
2016-05-04,8N90E,31.95,278.4,125,2016,5,4
2016-05-05,8N90E,31.67,267.9,126,2016,5,5
2016-05-06,8N90E,31.71,280.5,127,2016,5,6
2016-05-07,8N90E,31.9,236.3,128,2016,5,7
2016-05-08,8N90E,31.94,247.4,129,2016,5,8
2016-05-09,8N90E,31.68,203.1,130,2016,5,9
2016-05-10,8N90E,31.53,278.4,131,2016,5,10
2016-05-11,8N90E,31.6,227.6,132,2016,5,11
2016-05-12,8N90E,31.48,138.2,133,2016,5,12
2016-05-13,8N90E,31.66,242.3,134,2016,5,13
2016-05-14,8N90E,31.38,252.8,135,2016,5,14
2016-05-15,8N90E,30.89,122.0,136,2016,5,15
2016-05-16,8N90E,30.75,218.4,137,2016,5,16
2016-05-17,8N90E,30.81,227.1,138,2016,5,17
2016-05-18,8N90E,30.73,32.2,139,2016,5,18
2016-05-19,8N90E,30.64,161.7,140,2016,5,19
2016-05-20,8N90E,30.55,228.2,141,2016,5,20
2016-05-21,8N90E,30.57,123.6,142,2016,5,21
2016-05-22,8N90E,30.58,236.6,143,2016,5,22
2016-05-23,8N90E,30.61,213.2,144,2016,5,23
2016-05-24,8N90E,30.52,215.7,145,2016,5,24
2016-05-25,8N90E,30.36,270.9,146,2016,5,25
2016-05-26,8N90E,30.44,277.1,147,2016,5,26
2016-05-27,8N90E,30.5,209.4,148,2016,5,27
2016-05-28,8N90E,30.62,242.1,149,2016,5,28
2016-05-29,8N90E,30.57,259.7,150,2016,5,29
2016-05-30,8N90E,30.45,97.7,151,2016,5,30
2016-05-31,8N90E,30.3,138.4,152,2016,5,31
2016-06-01,8N90E,30.25,174.7,153,2016,6,1
2016-06-02,8N90E,30.02,80.5,154,2016,6,2
2016-06-03,8N90E,29.9,115.2,155,2016,6,3
2016-06-04,8N90E,29.84,189.4,156,2016,6,4
2016-06-05,8N90E,29.78,150.0,157,2016,6,5
2016-06-06,8N90E,29.84,261.2,158,2016,6,6
2016-06-07,8N90E,29.86,292.3,159,2016,6,7
2016-06-08,8N90E,29.9,272.2,160,2016,6,8
2016-06-09,8N90E,29.96,267.8,161,2016,6,9
2016-06-10,8N90E,30.03,277.0,162,2016,6,10
2016-06-11,8N90E,30.01,265.1,163,2016,6,11
2016-06-12,8N90E,29.96,238.0,164,2016,6,12
2016-06-13,8N90E,29.86,220.3,165,2016,6,13
2016-06-14,8N90E,29.78,106.2,166,2016,6,14
2016-06-15,8N90E,29.73,160.6,167,2016,6,15
2016-06-16,8N90E,29.66,94.5,168,2016,6,16
2016-06-17,8N90E,29.59,89.9,169,2016,6,17
2016-06-18,8N90E,29.51,128.1,170,2016,6,18
2016-06-19,8N90E,29.46,136.8,171,2016,6,19
2016-06-20,8N90E,29.39,91.0,172,2016,6,20
2016-06-21,8N90E,29.32,87.9,173,2016,6,21
2016-06-22,8N90E,29.27,63.9,174,2016,6,22
2016-06-23,8N90E,29.18,161.3,175,2016,6,23
2016-06-24,8N90E,29.14,102.3,176,2016,6,24
2016-06-25,8N90E,29.08,78.1,177,2016,6,25
2016-06-26,8N90E,29.14,199.0,178,2016,6,26
2016-06-27,8N90E,29.16,223.6,179,2016,6,27
2016-06-28,8N90E,29.13,171.3,180,2016,6,28
2016-06-29,8N90E,29.08,144.7,181,2016,6,29
2016-06-30,8N90E,28.98,232.5,182,2016,6,30
2016-07-01,8N90E,28.64,246.7,183,2016,7,1
2016-07-02,8N90E,28.67,237.4,184,2016,7,2
2016-07-03,8N90E,28.73,269.6,185,2016,7,3
2016-07-04,8N90E,29.12,251.3,186,2016,7,4
2016-07-05,8N90E,29.14,206.1,187,2016,7,5
2016-07-06,8N90E,28.79,233.0,188,2016,7,6
2016-07-07,8N90E,28.79,203.8,189,2016,7,7
2016-07-08,8N90E,28.82,190.1,190,2016,7,8
2016-07-09,8N90E,28.96,275.1,191,2016,7,9
2016-07-10,8N90E,29.06,257.2,192,2016,7,10
2016-07-11,8N90E,29.08,230.5,193,2016,7,11
2016-07-12,8N90E,29.13,256.3,194,2016,7,12
2016-07-13,8N90E,29.27,271.4,195,2016,7,13
2016-07-14,8N90E,29.35,213.2,196,2016,7,14
2016-07-15,8N90E,29.21,100.3,197,2016,7,15
2016-07-16,8N90E,29.25,187.6,198,2016,7,16
2016-07-17,8N90E,29.22,147.1,199,2016,7,17
2016-07-18,8N90E,29.28,271.4,200,2016,7,18
2016-07-19,8N90E,29.26,271.0,201,2016,7,19
2016-07-20,8N90E,29.06,101.6,202,2016,7,20
2016-07-21,8N90E,29.08,163.2,203,2016,7,21
2016-07-22,8N90E,29.05,142.3,204,2016,7,22
2016-07-23,8N90E,29.05,149.4,205,2016,7,23
2016-07-24,8N90E,29.03,79.1,206,2016,7,24
2016-07-25,8N90E,28.99,233.9,207,2016,7,25
2016-07-26,8N90E,28.96,195.3,208,2016,7,26
2016-07-27,8N90E,29.01,276.1,209,2016,7,27
2016-07-28,8N90E,28.84,152.9,210,2016,7,28
2016-07-29,8N90E,28.73,265.5,211,2016,7,29
2016-07-30,8N90E,28.53,184.8,212,2016,7,30
2016-07-31,8N90E,28.62,199.4,213,2016,7,31
2016-08-01,8N90E,28.75,291.7,214,2016,8,1
2016-08-02,8N90E,28.78,282.0,215,2016,8,2
2016-08-03,8N90E,28.77,274.1,216,2016,8,3
2016-08-04,8N90E,28.85,230.3,217,2016,8,4
2016-08-05,8N90E,28.97,233.8,218,2016,8,5
2016-08-06,8N90E,29.02,262.3,219,2016,8,6
2016-08-07,8N90E,29.03,249.2,220,2016,8,7
2016-08-08,8N90E,29.06,240.3,221,2016,8,8
2016-08-09,8N90E,29.05,186.1,222,2016,8,9
2016-08-10,8N90E,29.07,272.6,223,2016,8,10
2016-08-11,8N90E,29.1,282.6,224,2016,8,11
2016-08-12,8N90E,29.1,241.6,225,2016,8,12
2016-08-13,8N90E,29.07,240.4,226,2016,8,13
2016-08-14,8N90E,29.06,251.2,227,2016,8,14
2016-08-15,8N90E,29.04,258.9,228,2016,8,15
2016-08-16,8N90E,29.03,262.6,229,2016,8,16
2016-08-17,8N90E,29.01,273.7,230,2016,8,17
2016-08-18,8N90E,29.02,254.6,231,2016,8,18
2016-08-19,8N90E,29.04,252.6,232,2016,8,19
2016-08-20,8N90E,29.09,282.1,233,2016,8,20
2016-08-21,8N90E,29.08,284.5,234,2016,8,21
2016-08-22,8N90E,29.25,283.4,235,2016,8,22
2016-08-23,8N90E,29.09,163.5,236,2016,8,23
2016-08-24,8N90E,29.16,261.2,237,2016,8,24
2016-08-25,8N90E,29.01,68.0,238,2016,8,25
2016-08-26,8N90E,28.84,26.1,239,2016,8,26
2016-08-27,8N90E,28.77,50.3,240,2016,8,27
2016-08-28,8N90E,28.83,222.6,241,2016,8,28
2016-08-29,8N90E,28.77,181.8,242,2016,8,29
2016-08-30,8N90E,28.75,73.4,243,2016,8,30
2016-08-31,8N90E,28.76,186.8,244,2016,8,31
2016-09-01,8N90E,28.69,160.6,245,2016,9,1
2016-09-02,8N90E,28.56,145.0,246,2016,9,2
2016-09-03,8N90E,28.54,125.1,247,2016,9,3
2016-09-04,8N90E,28.55,244.8,248,2016,9,4
2016-09-05,8N90E,28.56,238.0,249,2016,9,5
2016-09-06,8N90E,28.55,166.4,250,2016,9,6
2016-09-07,8N90E,28.61,223.5,251,2016,9,7
2016-09-08,8N90E,28.6,271.6,252,2016,9,8
2016-09-09,8N90E,28.6,262.9,253,2016,9,9
2016-09-10,8N90E,28.59,239.1,254,2016,9,10
2016-09-11,8N90E,28.6,248.7,255,2016,9,11
2016-09-12,8N90E,28.59,186.7,256,2016,9,12
2016-09-13,8N90E,28.63,232.3,257,2016,9,13
2016-09-14,8N90E,28.65,251.3,258,2016,9,14
2016-09-15,8N90E,28.72,217.0,259,2016,9,15
2016-09-16,8N90E,28.81,239.4,260,2016,9,16
2016-09-17,8N90E,28.83,173.8,261,2016,9,17
2016-09-18,8N90E,28.83,117.8,262,2016,9,18
2016-09-19,8N90E,28.81,177.3,263,2016,9,19
2016-09-20,8N90E,28.82,180.1,264,2016,9,20
2016-09-21,8N90E,28.81,172.6,265,2016,9,21
2016-09-22,8N90E,28.8,234.8,266,2016,9,22
2016-09-23,8N90E,28.79,187.9,267,2016,9,23
2016-09-24,8N90E,28.81,227.7,268,2016,9,24
2016-09-25,8N90E,28.79,195.2,269,2016,9,25
2016-09-26,8N90E,28.82,269.3,270,2016,9,26
2016-09-27,8N90E,28.89,266.4,271,2016,9,27
2016-09-28,8N90E,28.92,265.0,272,2016,9,28
2016-09-29,8N90E,28.95,262.9,273,2016,9,29
2016-09-30,8N90E,28.94,237.2,274,2016,9,30
2016-10-01,8N90E,28.89,217.1,275,2016,10,1
2016-10-02,8N90E,28.9,222.9,276,2016,10,2
2016-10-03,8N90E,28.96,253.4,277,2016,10,3
2016-10-04,8N90E,28.98,248.2,278,2016,10,4
2016-10-05,8N90E,28.96,209.7,279,2016,10,5
2016-10-06,8N90E,29.01,264.6,280,2016,10,6
2016-10-07,8N90E,28.98,236.4,281,2016,10,7
2016-10-08,8N90E,28.99,258.8,282,2016,10,8
2016-10-09,8N90E,28.98,254.2,283,2016,10,9
2016-10-10,8N90E,28.97,257.6,284,2016,10,10
2016-10-11,8N90E,28.95,260.8,285,2016,10,11
2016-10-12,8N90E,28.92,268.0,286,2016,10,12
2016-10-13,8N90E,28.94,256.4,287,2016,10,13
2016-10-14,8N90E,28.95,254.4,288,2016,10,14
2016-10-15,8N90E,29.05,242.6,289,2016,10,15
2016-10-16,8N90E,28.77,97.9,290,2016,10,16
2016-10-17,8N90E,28.66,53.5,291,2016,10,17
2016-10-18,8N90E,28.66,86.0,292,2016,10,18
2016-10-19,8N90E,28.57,178.2,293,2016,10,19
2016-10-20,8N90E,28.54,105.0,294,2016,10,20
2016-10-21,8N90E,28.36,92.8,295,2016,10,21
2016-10-22,8N90E,28.45,156.3,296,2016,10,22
2016-10-23,8N90E,28.36,170.7,297,2016,10,23
2016-10-24,8N90E,28.44,245.9,298,2016,10,24
2016-10-25,8N90E,28.55,208.2,299,2016,10,25
2016-10-26,8N90E,28.67,174.0,300,2016,10,26
2016-10-27,8N90E,28.95,247.6,301,2016,10,27
2016-10-28,8N90E,28.86,226.1,302,2016,10,28
2016-10-29,8N90E,29.1,259.2,303,2016,10,29
2016-10-30,8N90E,29.18,264.4,304,2016,10,30
2016-10-31,8N90E,29.29,253.7,305,2016,10,31
2016-11-01,8N90E,29.37,233.0,306,2016,11,1
2016-11-02,8N90E,29.29,256.6,307,2016,11,2
2016-11-03,8N90E,28.79,128.3,308,2016,11,3
2016-11-04,8N90E,28.56,133.8,309,2016,11,4
2016-11-05,8N90E,28.56,150.1,310,2016,11,5
2016-11-06,8N90E,28.65,253.1,311,2016,11,6
2016-11-07,8N90E,28.55,147.0,312,2016,11,7
2016-11-08,8N90E,28.78,246.3,313,2016,11,8
2016-11-09,8N90E,28.91,192.9,314,2016,11,9
2016-11-10,8N90E,29.05,250.5,315,2016,11,10
2016-11-11,8N90E,29.09,265.5,316,2016,11,11
2016-11-12,8N90E,29.13,213.6,317,2016,11,12
2016-11-13,8N90E,29.08,248.9,318,2016,11,13
2016-11-14,8N90E,28.91,221.8,319,2016,11,14
2016-11-15,8N90E,28.83,161.5,320,2016,11,15
2016-11-16,8N90E,28.71,211.8,321,2016,11,16
2016-11-17,8N90E,28.68,128.1,322,2016,11,17
2016-11-18,8N90E,28.65,120.7,323,2016,11,18
2016-11-19,8N90E,28.66,136.4,324,2016,11,19
2016-11-20,8N90E,28.73,178.2,325,2016,11,20
2016-11-21,8N90E,28.75,139.3,326,2016,11,21
2016-11-22,8N90E,28.77,169.4,327,2016,11,22
2016-11-23,8N90E,28.82,129.3,328,2016,11,23
2016-11-24,8N90E,28.91,204.3,329,2016,11,24
2016-11-25,8N90E,28.82,137.3,330,2016,11,25
2016-11-26,8N90E,29.0,252.7,331,2016,11,26
2016-11-27,8N90E,28.89,207.8,332,2016,11,27
2016-11-28,8N90E,28.86,203.5,333,2016,11,28
2016-11-29,8N90E,28.73,148.3,334,2016,11,29
2016-11-30,8N90E,28.63,207.2,335,2016,11,30
2016-12-01,8N90E,28.7,239.7,336,2016,12,1
2016-12-02,8N90E,29.02,229.0,337,2016,12,2
2016-12-03,8N90E,28.72,159.7,338,2016,12,3
2016-12-04,8N90E,28.61,149.5,339,2016,12,4
2016-12-05,8N90E,28.65,163.8,340,2016,12,5
2016-12-06,8N90E,28.62,77.8,341,2016,12,6
2016-12-07,8N90E,28.62,161.4,342,2016,12,7
2016-12-08,8N90E,28.52,127.9,343,2016,12,8
2016-12-09,8N90E,28.36,197.9,344,2016,12,9
2016-12-10,8N90E,28.25,241.8,345,2016,12,10
2016-12-11,8N90E,28.26,234.1,346,2016,12,11
2016-12-12,8N90E,28.38,215.5,347,2016,12,12
2016-12-13,8N90E,28.4,219.8,348,2016,12,13
2016-12-14,8N90E,28.59,213.6,349,2016,12,14
2016-12-15,8N90E,28.62,217.4,350,2016,12,15
2016-12-16,8N90E,28.54,212.4,351,2016,12,16
2016-12-17,8N90E,28.41,203.0,352,2016,12,17
2016-12-18,8N90E,28.71,221.9,353,2016,12,18
2016-12-19,8N90E,28.97,255.7,354,2016,12,19
2016-12-20,8N90E,29.0,230.6,355,2016,12,20
2016-12-21,8N90E,28.78,240.3,356,2016,12,21
2016-12-22,8N90E,28.69,208.2,357,2016,12,22
2016-12-23,8N90E,28.57,93.3,358,2016,12,23
2016-12-24,8N90E,28.53,128.6,359,2016,12,24
2016-12-25,8N90E,28.78,209.1,360,2016,12,25
2016-12-26,8N90E,28.66,233.7,361,2016,12,26
2016-12-27,8N90E,28.59,193.8,362,2016,12,27
2016-12-28,8N90E,28.65,207.3,363,2016,12,28
2016-12-29,8N90E,28.6,239.3,364,2016,12,29
2016-12-30,8N90E,28.5,84.2,365,2016,12,30
2016-12-31,8N90E,28.39,63.1,366,2016,12,31
2017-01-01,8N90E,28.34,61.4,1,2017,1,1
2017-01-02,8N90E,28.21,37.0,2,2017,1,2
2017-01-03,8N90E,28.22,127.3,3,2017,1,3
2017-01-04,8N90E,28.12,56.9,4,2017,1,4
2017-01-05,8N90E,28.18,160.3,5,2017,1,5
2017-01-06,8N90E,28.2,247.7,6,2017,1,6
2017-01-07,8N90E,28.27,241.9,7,2017,1,7
2017-01-08,8N90E,28.37,231.9,8,2017,1,8
2017-01-09,8N90E,28.34,118.0,9,2017,1,9
2017-01-10,8N90E,28.35,111.8,10,2017,1,10
2017-01-11,8N90E,28.27,161.0,11,2017,1,11
2017-01-12,8N90E,28.36,271.9,12,2017,1,12
2017-01-13,8N90E,28.33,261.8,13,2017,1,13
2017-01-14,8N90E,28.31,243.95,14,2017,1,14
2017-01-15,8N90E,28.27,226.1,15,2017,1,15
2017-01-16,8N90E,28.2,186.5,16,2017,1,16
2017-01-17,8N90E,28.17,242.7,17,2017,1,17
2017-01-18,8N90E,28.06,204.3,18,2017,1,18
2017-01-19,8N90E,28.36,216.7,19,2017,1,19
2017-01-20,8N90E,28.26,152.8,20,2017,1,20
2017-01-21,8N90E,28.25,122.1,21,2017,1,21
2017-01-22,8N90E,28.1,39.0,22,2017,1,22
2017-01-23,8N90E,28.12,126.6,23,2017,1,23
2017-01-24,8N90E,28.12,207.5,24,2017,1,24
2017-01-25,8N90E,28.13,159.2,25,2017,1,25
2017-01-26,8N90E,28.18,192.3,26,2017,1,26
2017-01-27,8N90E,28.08,104.1,27,2017,1,27
2017-01-28,8N90E,28.08,114.6,28,2017,1,28
2017-01-29,8N90E,28.17,261.8,29,2017,1,29
2017-01-30,8N90E,28.17,265.0,30,2017,1,30
2017-01-31,8N90E,28.28,268.0,31,2017,1,31
2017-02-01,8N90E,28.2,226.4,32,2017,2,1
2017-02-02,8N90E,28.1,184.8,33,2017,2,2
2017-02-03,8N90E,28.12,223.2,34,2017,2,3
2017-02-04,8N90E,28.09,244.4,35,2017,2,4
2017-02-05,8N90E,28.14,254.8,36,2017,2,5
2017-02-06,8N90E,28.13,243.1,37,2017,2,6
2017-02-07,8N90E,28.2,245.3,38,2017,2,7
2017-02-08,8N90E,28.11,257.3,39,2017,2,8
2017-02-09,8N90E,28.12,291.6,40,2017,2,9
2017-02-10,8N90E,28.17,284.3,41,2017,2,10
2017-02-11,8N90E,28.16,291.8,42,2017,2,11
2017-02-12,8N90E,28.4,273.6,43,2017,2,12
2017-02-13,8N90E,28.55,258.8,44,2017,2,13
2017-02-14,8N90E,28.49,252.9,45,2017,2,14
2017-02-15,8N90E,28.5,271.7,46,2017,2,15
2017-02-16,8N90E,28.48,273.2,47,2017,2,16
2017-02-17,8N90E,28.44,237.0,48,2017,2,17
2017-02-18,8N90E,28.44,249.6,49,2017,2,18
2017-02-19,8N90E,28.49,272.3,50,2017,2,19
2017-02-20,8N90E,28.65,257.1,51,2017,2,20
2017-02-21,8N90E,28.71,286.5,52,2017,2,21
2017-02-22,8N90E,28.64,271.6,53,2017,2,22
2017-02-23,8N90E,28.61,261.3,54,2017,2,23
2017-02-24,8N90E,28.55,247.0,55,2017,2,24
2017-02-25,8N90E,28.48,94.6,56,2017,2,25
2017-02-26,8N90E,28.5,225.2,57,2017,2,26
2017-02-27,8N90E,28.69,276.5,58,2017,2,27
2017-02-28,8N90E,28.59,230.9,59,2017,2,28
2017-03-01,8N90E,28.53,146.4,60,2017,3,1
2017-03-02,8N90E,28.54,260.3,61,2017,3,2
2017-03-03,8N90E,28.62,280.3,62,2017,3,3
2017-03-04,8N90E,28.94,262.2,63,2017,3,4
2017-03-05,8N90E,28.91,260.7,64,2017,3,5
2017-03-06,8N90E,28.86,285.4,65,2017,3,6
2017-03-07,8N90E,29.09,285.3,66,2017,3,7
2017-03-08,8N90E,29.05,272.3,67,2017,3,8
2017-03-09,8N90E,29.06,294.2,68,2017,3,9
2017-03-10,8N90E,29.15,293.8,69,2017,3,10
2017-03-11,8N90E,29.57,295.1,70,2017,3,11
2017-03-12,8N90E,29.54,305.0,71,2017,3,12
2017-03-13,8N90E,29.29,301.5,72,2017,3,13
2017-03-14,8N90E,29.22,290.3,73,2017,3,14
2017-03-15,8N90E,29.05,298.3,74,2017,3,15
2017-03-16,8N90E,29.16,298.7,75,2017,3,16
2017-03-17,8N90E,29.08,305.4,76,2017,3,17
2017-03-18,8N90E,29.43,305.1,77,2017,3,18
2017-03-19,8N90E,29.81,292.7,78,2017,3,19
2017-03-20,8N90E,29.9,291.5,79,2017,3,20
2017-03-21,8N90E,29.52,289.2,80,2017,3,21
2017-03-22,8N90E,29.27,310.1,81,2017,3,22
2017-03-23,8N90E,29.269356435643562,309.7917491749175,82,2017,3,23
2017-03-24,8N90E,29.26871287128713,309.48349834983503,83,2017,3,24
2017-03-25,8N90E,29.26806930693069,309.1752475247525,84,2017,3,25
2017-03-26,8N90E,29.364357169916904,285.562275198628,85,2017,3,26
2017-03-27,8N90E,29.36362322154302,285.28807527005387,86,2017,3,27
2017-03-28,8N90E,29.362889273169134,285.0138753414798,87,2017,3,28
2017-03-29,8N90E,29.362155324795253,284.7396754129057,88,2017,3,29
2017-03-30,8N90E,29.36142137642137,284.46547548433153,89,2017,3,30
2017-03-31,8N90E,29.360687428047484,284.19127555575744,90,2017,3,31
2017-04-01,8N90E,29.3599534796736,283.91707562718335,91,2017,4,1
2017-04-02,8N90E,29.359219531299715,283.6428756986092,92,2017,4,2
2017-04-03,8N90E,29.35848558292583,283.3686757700351,93,2017,4,3
2017-04-04,8N90E,29.357751634551946,283.094475841461,94,2017,4,4
2017-04-05,8N90E,29.35701768617806,282.82027591288687,95,2017,4,5
2017-04-06,8N90E,29.35628373780418,282.5460759843128,96,2017,4,6
2017-04-07,8N90E,29.355549789430295,282.2718760557387,97,2017,4,7
2017-04-08,8N90E,29.35481584105641,281.99767612716454,98,2017,4,8
2017-04-09,8N90E,29.354081892682526,281.72347619859045,99,2017,4,9
2017-04-10,8N90E,29.35334794430864,281.44927627001636,100,2017,4,10
2017-04-11,8N90E,29.352613995934757,281.1750763414422,101,2017,4,11
2017-04-12,8N90E,29.351880047560872,280.9008764128681,102,2017,4,12
2017-04-13,8N90E,29.351146099186987,280.626676484294,103,2017,4,13
2017-04-14,8N90E,29.350412150813106,280.35247655571993,104,2017,4,14
2017-04-15,8N90E,29.34967820243922,280.0782766271458,105,2017,4,15
2017-04-16,8N90E,29.348944254065337,279.8040766985717,106,2017,4,16
2017-04-17,8N90E,29.348210305691453,279.5298767699976,107,2017,4,17
2017-04-18,8N90E,29.347476357317568,279.25567684142345,108,2017,4,18
2017-04-19,8N90E,29.346742408943683,278.98147691284936,109,2017,4,19
2017-04-20,8N90E,29.3460084605698,278.70727698427527,110,2017,4,20
2017-04-21,8N90E,29.345274512195914,278.4330770557011,111,2017,4,21
2017-04-22,8N90E,29.344540563822033,278.158877127127,112,2017,4,22
2017-04-23,8N90E,29.34380661544815,277.88467719855294,113,2017,4,23
2017-04-24,8N90E,29.343072667074264,277.6104772699788,114,2017,4,24
2017-04-25,8N90E,29.34233871870038,277.3362773414047,115,2017,4,25
2017-04-26,8N90E,29.341604770326494,277.0620774128306,116,2017,4,26
2017-04-27,8N90E,29.34087082195261,276.78787748425646,117,2017,4,27
2017-04-28,8N90E,29.340136873578725,276.51367755568236,118,2017,4,28
2017-04-29,8N90E,29.33940292520484,276.2394776271083,119,2017,4,29
2017-04-30,8N90E,29.33866897683096,275.9652776985341,120,2017,4,30
2017-05-01,8N90E,29.337935028457075,275.69107776996003,121,2017,5,1
2017-05-02,8N90E,29.33720108008319,275.41687784138594,122,2017,5,2
2017-05-03,8N90E,29.336467131709306,275.1426779128118,123,2017,5,3
2017-05-04,8N90E,29.33573318333542,274.8684779842377,124,2017,5,4
2017-05-05,8N90E,29.334999234961536,274.5942780556636,125,2017,5,5
2017-05-06,8N90E,29.33426528658765,274.32007812708946,126,2017,5,6
2017-05-07,8N90E,29.333531338213767,274.04587819851537,127,2017,5,7
2017-05-08,8N90E,29.332797389839886,273.7716782699413,128,2017,5,8
2017-05-09,8N90E,29.332063441466,273.4974783413671,129,2017,5,9
2017-05-10,8N90E,29.331329493092117,273.22327841279304,130,2017,5,10
2017-05-11,8N90E,29.330595544718232,272.94907848421894,131,2017,5,11
2017-05-12,8N90E,29.329861596344347,272.6748785556448,132,2017,5,12
2017-05-13,8N90E,29.329127647970463,272.4006786270707,133,2017,5,13
2017-05-14,8N90E,29.328393699596578,272.1264786984966,134,2017,5,14
2017-05-15,8N90E,29.327659751222697,271.85227876992246,135,2017,5,15
2017-05-16,8N90E,29.326925802848812,271.5780788413484,136,2017,5,16
2017-05-17,8N90E,29.326191854474928,271.3038789127743,137,2017,5,17
2017-05-18,8N90E,29.325457906101043,271.02967898420013,138,2017,5,18
2017-05-19,8N90E,29.32472395772716,270.75547905562604,139,2017,5,19
2017-05-20,8N90E,29.323990009353274,270.48127912705195,140,2017,5,20
2017-05-21,8N90E,29.32325606097939,270.2070791984778,141,2017,5,21
2017-05-22,8N90E,29.322522112605505,269.9328792699037,142,2017,5,22
2017-05-23,8N90E,29.321788164231624,269.6586793413296,143,2017,5,23
2017-05-24,8N90E,29.32105421585774,269.38447941275547,144,2017,5,24
2017-05-25,8N90E,29.320320267483854,269.1102794841814,145,2017,5,25
2017-05-26,8N90E,29.31958631910997,268.8360795556073,146,2017,5,26
2017-05-27,8N90E,29.318852370736085,268.56187962703314,147,2017,5,27
2017-05-28,8N90E,29.3181184223622,268.28767969845904,148,2017,5,28
2017-05-29,8N90E,29.317384473988316,268.01347976988495,149,2017,5,29
2017-05-30,8N90E,29.31665052561443,267.73927984131086,150,2017,5,30
2017-05-31,8N90E,29.31591657724055,267.4650799127367,151,2017,5,31
2017-06-01,8N90E,29.315182628866665,267.1908799841626,152,2017,6,1
2017-06-02,8N90E,29.31444868049278,266.91668005558853,153,2017,6,2
2017-06-03,8N90E,29.313714732118896,266.6424801270144,154,2017,6,3
2017-06-04,8N90E,29.31298078374501,266.3682801984403,155,2017,6,4
2017-06-05,8N90E,29.312246835371127,266.0940802698662,156,2017,6,5
2017-06-06,8N90E,29.311512886997242,265.81988034129205,157,2017,6,6
2017-06-07,8N90E,29.310778938623358,265.54568041271796,158,2017,6,7
2017-06-08,8N90E,29.310044990249477,265.27148048414386,159,2017,6,8
2017-06-09,8N90E,29.309311041875592,264.9972805555697,160,2017,6,9
2017-06-10,8N90E,29.308577093501707,264.7230806269956,161,2017,6,10
2017-06-11,8N90E,29.307843145127823,264.44888069842153,162,2017,6,11
2017-06-12,8N90E,29.307109196753938,264.1746807698474,163,2017,6,12
2017-06-13,8N90E,29.306375248380053,263.9004808412733,164,2017,6,13
2017-06-14,8N90E,29.30564130000617,263.6262809126992,165,2017,6,14
2017-06-15,8N90E,29.304907351632284,263.35208098412505,166,2017,6,15
2017-06-16,8N90E,29.304173403258403,263.07788105555096,167,2017,6,16
2017-06-17,8N90E,29.30343945488452,262.80368112697687,168,2017,6,17
2017-06-18,8N90E,29.302705506510634,262.5294811984027,169,2017,6,18
2017-06-19,8N90E,29.30197155813675,262.25528126982863,170,2017,6,19
2017-06-20,8N90E,29.301237609762865,261.98108134125454,171,2017,6,20
2017-06-21,8N90E,29.30050366138898,261.7068814126804,172,2017,6,21
2017-06-22,8N90E,29.299769713015095,261.4326814841063,173,2017,6,22
2017-06-23,8N90E,29.29903576464121,261.1584815555322,174,2017,6,23
2017-06-24,8N90E,29.29830181626733,260.88428162695806,175,2017,6,24
2017-06-25,8N90E,29.297567867893445,260.61008169838396,176,2017,6,25
2017-06-26,8N90E,29.29683391951956,260.3358817698099,177,2017,6,26
2017-06-27,8N90E,29.296099971145676,260.0616818412357,178,2017,6,27
2017-06-28,8N90E,29.29536602277179,259.78748191266163,179,2017,6,28
2017-06-29,8N90E,29.294632074397907,259.51328198408754,180,2017,6,29
2017-06-30,8N90E,29.293898126024022,259.2390820555134,181,2017,6,30
2017-07-01,8N90E,29.29316417765014,258.9648821269393,182,2017,7,1
2017-07-02,8N90E,29.292430229276256,258.6906821983652,183,2017,7,2
2017-07-03,8N90E,29.29169628090237,258.4164822697911,184,2017,7,3
2017-07-04,8N90E,29.290962332528487,258.14228234121697,185,2017,7,4
2017-07-05,8N90E,29.290228384154602,257.8680824126429,186,2017,7,5
2017-07-06,8N90E,29.289494435780718,257.5938824840688,187,2017,7,6
2017-07-07,8N90E,29.288760487406833,257.31968255549464,188,2017,7,7
2017-07-08,8N90E,29.28802653903295,257.04548262692055,189,2017,7,8
2017-07-09,8N90E,29.287292590659067,256.77128269834645,190,2017,7,9
2017-07-10,8N90E,29.286558642285183,256.4970827697723,191,2017,7,10
2017-07-11,8N90E,29.285824693911298,256.2228828411982,192,2017,7,11
2017-07-12,8N90E,29.285090745537413,255.9486829126241,193,2017,7,12
2017-07-13,8N90E,29.28435679716353,255.67448298404997,194,2017,7,13
2017-07-14,8N90E,29.283622848789644,255.40028305547588,195,2017,7,14
2017-07-15,8N90E,29.28288890041576,255.12608312690176,196,2017,7,15
2017-07-16,8N90E,29.282154952041875,254.85188319832764,197,2017,7,16
2017-07-17,8N90E,29.281421003667994,254.57768326975355,198,2017,7,17
2017-07-18,8N90E,29.28068705529411,254.30348334117943,199,2017,7,18
2017-07-19,8N90E,29.279953106920225,254.0292834126053,200,2017,7,19
2017-07-20,8N90E,29.27921915854634,253.75508348403122,201,2017,7,20
2017-07-21,8N90E,29.278485210172455,253.4808835554571,202,2017,7,21
2017-07-22,8N90E,29.27775126179857,253.20668362688298,203,2017,7,22
2017-07-23,8N90E,29.277017313424686,252.93248369830889,204,2017,7,23
2017-07-24,8N90E,29.2762833650508,252.65828376973477,205,2017,7,24
2017-07-25,8N90E,29.27554941667692,252.38408384116067,206,2017,7,25
2017-07-26,8N90E,29.274815468303036,252.10988391258655,207,2017,7,26
2017-07-27,8N90E,29.27408151992915,251.83568398401243,208,2017,7,27
2017-07-28,8N90E,29.273347571555266,251.56148405543834,209,2017,7,28
2017-07-29,8N90E,29.272613623181382,251.28728412686422,210,2017,7,29
2017-07-30,8N90E,29.271879674807497,251.01308419829013,211,2017,7,30
2017-07-31,8N90E,29.271145726433613,250.738884269716,212,2017,7,31
2017-08-01,8N90E,29.270411778059728,250.4646843411419,213,2017,8,1
2017-08-02,8N90E,29.269677829685847,250.1904844125678,214,2017,8,2
2017-08-03,8N90E,29.268943881311962,249.91628448399368,215,2017,8,3
2017-08-04,8N90E,29.268209932938078,249.64208455541956,216,2017,8,4
2017-08-05,8N90E,29.267475984564193,249.36788462684547,217,2017,8,5
2017-08-06,8N90E,29.26674203619031,249.09368469827135,218,2017,8,6
2017-08-07,8N90E,29.266008087816424,248.81948476969723,219,2017,8,7
2017-08-08,8N90E,29.26527413944254,248.54528484112313,220,2017,8,8
2017-08-09,8N90E,29.264540191068654,248.27108491254901,221,2017,8,9
2017-08-10,8N90E,29.263806242694773,247.9968849839749,222,2017,8,10
2017-08-11,8N90E,29.26307229432089,247.7226850554008,223,2017,8,11
2017-08-12,8N90E,29.262338345947004,247.44848512682668,224,2017,8,12
2017-08-13,8N90E,29.26160439757312,247.17428519825256,225,2017,8,13
2017-08-14,8N90E,29.260870449199235,246.90008526967847,226,2017,8,14
2017-08-15,8N90E,29.26013650082535,246.62588534110435,227,2017,8,15
2017-08-16,8N90E,29.259402552451466,246.35168541253023,228,2017,8,16
2017-08-17,8N90E,29.258668604077585,246.07748548395614,229,2017,8,17
2017-08-18,8N90E,29.2579346557037,245.80328555538202,230,2017,8,18
2017-08-19,8N90E,29.257200707329815,245.5290856268079,231,2017,8,19
2017-08-20,8N90E,29.25646675895593,245.2548856982338,232,2017,8,20
2017-08-21,8N90E,29.255732810582046,244.9806857696597,233,2017,8,21
2017-08-22,8N90E,29.25499886220816,244.70648584108557,234,2017,8,22
2017-08-23,8N90E,29.254264913834277,244.43228591251147,235,2017,8,23
2017-08-24,8N90E,29.253530965460392,244.15808598393735,236,2017,8,24
2017-08-25,8N90E,29.25279701708651,243.88388605536323,237,2017,8,25
2017-08-26,8N90E,29.252063068712626,243.60968612678914,238,2017,8,26
2017-08-27,8N90E,29.25132912033874,243.33548619821502,239,2017,8,27
2017-08-28,8N90E,29.250595171964857,243.0612862696409,240,2017,8,28
2017-08-29,8N90E,29.249861223590973,242.7870863410668,241,2017,8,29
2017-08-30,8N90E,29.249127275217088,242.5128864124927,242,2017,8,30
2017-08-31,8N90E,29.248393326843203,242.23868648391857,243,2017,8,31
2017-09-01,8N90E,29.24765937846932,241.96448655534448,244,2017,9,1
2017-09-02,8N90E,29.246925430095438,241.69028662677036,245,2017,9,2
2017-09-03,8N90E,29.246191481721553,241.41608669819627,246,2017,9,3
2017-09-04,8N90E,29.24545753334767,241.14188676962215,247,2017,9,4
2017-09-05,8N90E,29.244723584973784,240.86768684104803,248,2017,9,5
2017-09-06,8N90E,29.2439896365999,240.59348691247394,249,2017,9,6
2017-09-07,8N90E,29.243255688226014,240.31928698389981,250,2017,9,7
2017-09-08,8N90E,29.24252173985213,240.04508705532572,251,2017,9,8
2017-09-09,8N90E,29.241787791478245,239.7708871267516,252,2017,9,9
2017-09-10,8N90E,29.241053843104364,239.49668719817748,253,2017,9,10
2017-09-11,8N90E,29.24031989473048,239.2224872696034,254,2017,9,11
2017-09-12,8N90E,29.239585946356595,238.94828734102927,255,2017,9,12
2017-09-13,8N90E,29.23885199798271,238.67408741245515,256,2017,9,13
2017-09-14,8N90E,29.238118049608826,238.39988748388106,257,2017,9,14
2017-09-15,8N90E,29.23738410123494,238.12568755530694,258,2017,9,15
2017-09-16,8N90E,29.236650152861056,237.85148762673282,259,2017,9,16
2017-09-17,8N90E,29.23591620448717,237.57728769815873,260,2017,9,17
2017-09-18,8N90E,29.23518225611329,237.3030877695846,261,2017,9,18
2017-09-19,8N90E,29.234448307739406,237.0288878410105,262,2017,9,19
2017-09-20,8N90E,29.23371435936552,236.7546879124364,263,2017,9,20
2017-09-21,8N90E,29.232980410991637,236.48048798386228,264,2017,9,21
2017-09-22,8N90E,29.232246462617752,236.20628805528816,265,2017,9,22
2017-09-23,8N90E,29.231512514243867,235.93208812671406,266,2017,9,23
2017-09-24,8N90E,29.230778565869983,235.65788819813994,267,2017,9,24
2017-09-25,8N90E,29.230044617496098,235.38368826956582,268,2017,9,25
2017-09-26,8N90E,29.229310669122217,235.10948834099173,269,2017,9,26
2017-09-27,8N90E,29.228576720748332,234.8352884124176,270,2017,9,27
2017-09-28,8N90E,29.227842772374448,234.5610884838435,271,2017,9,28
2017-09-29,8N90E,29.227108824000563,234.2868885552694,272,2017,9,29
2017-09-30,8N90E,29.22637487562668,234.01268862669528,273,2017,9,30
2017-10-01,8N90E,29.225640927252794,233.73848869812116,274,2017,10,1
2017-10-02,8N90E,29.22490697887891,233.46428876954707,275,2017,10,2
2017-10-03,8N90E,29.22417303050503,233.19008884097295,276,2017,10,3
2017-10-04,8N90E,29.223439082131144,232.91588891239883,277,2017,10,4
2017-10-05,8N90E,29.22270513375726,232.64168898382474,278,2017,10,5
2017-10-06,8N90E,29.221971185383374,232.36748905525062,279,2017,10,6
2017-10-07,8N90E,29.22123723700949,232.0932891266765,280,2017,10,7
2017-10-08,8N90E,29.220503288635605,231.8190891981024,281,2017,10,8
2017-10-09,8N90E,29.21976934026172,231.54488926952828,282,2017,10,9
2017-10-10,8N90E,29.219035391887836,231.27068934095416,283,2017,10,10
2017-10-11,8N90E,29.218301443513955,230.99648941238007,284,2017,10,11
2017-10-12,8N90E,29.21756749514007,230.72228948380595,285,2017,10,12
2017-10-13,8N90E,29.216833546766185,230.44808955523183,286,2017,10,13
2017-10-14,8N90E,29.2160995983923,230.17388962665774,287,2017,10,14
2017-10-15,8N90E,29.215365650018416,229.89968969808362,288,2017,10,15
2017-10-16,8N90E,29.21463170164453,229.62548976950953,289,2017,10,16
2017-10-17,8N90E,29.213897753270647,229.3512898409354,290,2017,10,17
2017-10-18,8N90E,29.213163804896762,229.0770899123613,291,2017,10,18
2017-10-19,8N90E,29.21242985652288,228.8028899837872,292,2017,10,19
2017-10-20,8N90E,29.211695908148997,228.52869005521308,293,2017,10,20
2017-10-21,8N90E,29.210961959775112,228.25449012663898,294,2017,10,21
2017-10-22,8N90E,29.210228011401227,227.98029019806486,295,2017,10,22
2017-10-23,8N90E,29.209494063027343,227.70609026949074,296,2017,10,23
2017-10-24,8N90E,29.208760114653458,227.43189034091665,297,2017,10,24
2017-10-25,8N90E,29.208026166279573,227.15769041234253,298,2017,10,25
2017-10-26,8N90E,29.20729221790569,226.8834904837684,299,2017,10,26
2017-10-27,8N90E,29.206558269531808,226.60929055519432,300,2017,10,27
2017-10-28,8N90E,29.205824321157923,226.3350906266202,301,2017,10,28
2017-10-29,8N90E,29.20509037278404,226.06089069804608,302,2017,10,29
2017-10-30,8N90E,29.204356424410154,225.786690769472,303,2017,10,30
2017-10-31,8N90E,29.20362247603627,225.51249084089787,304,2017,10,31
2017-11-01,8N90E,29.202888527662385,225.23829091232375,305,2017,11,1
2017-11-02,8N90E,29.2021545792885,224.96409098374966,306,2017,11,2
2017-11-03,8N90E,29.201420630914615,224.68989105517554,307,2017,11,3
2017-11-04,8N90E,29.200686682540734,224.41569112660142,308,2017,11,4
2017-11-05,8N90E,29.19995273416685,224.14149119802732,309,2017,11,5
2017-11-06,8N90E,29.199218785792965,223.8672912694532,310,2017,11,6
2017-11-07,8N90E,29.19848483741908,223.59309134087908,311,2017,11,7
2017-11-08,8N90E,29.197750889045196,223.318891412305,312,2017,11,8
2017-11-09,8N90E,29.19701694067131,223.04469148373087,313,2017,11,9
2017-11-10,8N90E,29.196282992297427,222.77049155515675,314,2017,11,10
2017-11-11,8N90E,29.195549043923542,222.49629162658266,315,2017,11,11
2017-11-12,8N90E,29.19481509554966,222.22209169800854,316,2017,11,12
2017-11-13,8N90E,29.194081147175776,221.94789176943442,317,2017,11,13
2017-11-14,8N90E,29.19334719880189,221.67369184086033,318,2017,11,14
2017-11-15,8N90E,29.192613250428007,221.3994919122862,319,2017,11,15
2017-11-16,8N90E,29.191879302054122,221.1252919837121,320,2017,11,16
2017-11-17,8N90E,29.191145353680238,220.851092055138,321,2017,11,17
2017-11-18,8N90E,29.190411405306353,220.57689212656388,322,2017,11,18
2017-11-19,8N90E,29.189677456932472,220.30269219798976,323,2017,11,19
2017-11-20,8N90E,29.188943508558587,220.02849226941566,324,2017,11,20
2017-11-21,8N90E,29.188209560184703,219.75429234084157,325,2017,11,21
2017-11-22,8N90E,29.187475611810818,219.48009241226742,326,2017,11,22
2017-11-23,8N90E,29.186741663436933,219.20589248369333,327,2017,11,23
2017-11-24,8N90E,29.18600771506305,218.93169255511924,328,2017,11,24
2017-11-25,8N90E,29.185273766689164,218.6574926265451,329,2017,11,25
2017-11-26,8N90E,29.18453981831528,218.383292697971,330,2017,11,26
2017-11-27,8N90E,29.1838058699414,218.1090927693969,331,2017,11,27
2017-11-28,8N90E,29.183071921567514,217.83489284082276,332,2017,11,28
2017-11-29,8N90E,29.18233797319363,217.56069291224867,333,2017,11,29
2017-11-30,8N90E,29.181604024819745,217.28649298367458,334,2017,11,30
2017-12-01,8N90E,29.18087007644586,217.01229305510046,335,2017,12,1
2017-12-02,8N90E,29.180136128071975,216.73809312652634,336,2017,12,2
2017-12-03,8N90E,29.17940217969809,216.46389319795225,337,2017,12,3
2017-12-04,8N90E,29.178668231324206,216.18969326937813,338,2017,12,4
2017-12-05,8N90E,29.177934282950325,215.915493340804,339,2017,12,5
2017-12-06,8N90E,29.17720033457644,215.6412934122299,340,2017,12,6
2017-12-07,8N90E,29.176466386202556,215.3670934836558,341,2017,12,7
2017-12-08,8N90E,29.17573243782867,215.09289355508167,342,2017,12,8
2017-12-09,8N90E,29.174998489454786,214.81869362650758,343,2017,12,9
2017-12-10,8N90E,29.174264541080902,214.54449369793346,344,2017,12,10
2017-12-11,8N90E,29.173530592707017,214.27029376935934,345,2017,12,11
2017-12-12,8N90E,29.172796644333133,213.99609384078525,346,2017,12,12
2017-12-13,8N90E,29.17206269595925,213.72189391221113,347,2017,12,13
2017-12-14,8N90E,29.171328747585367,213.447693983637,348,2017,12,14
2017-12-15,8N90E,29.170594799211482,213.17349405506292,349,2017,12,15
2017-12-16,8N90E,29.169860850837598,212.8992941264888,350,2017,12,16
2017-12-17,8N90E,29.169126902463713,212.62509419791468,351,2017,12,17
2017-12-18,8N90E,29.16839295408983,212.35089426934059,352,2017,12,18
2017-12-19,8N90E,29.167659005715944,212.07669434076647,353,2017,12,19
2017-12-20,8N90E,29.16692505734206,211.80249441219235,354,2017,12,20
2017-12-21,8N90E,29.166191108968178,211.52829448361825,355,2017,12,21
2017-12-22,8N90E,29.165457160594293,211.25409455504413,356,2017,12,22
2017-12-23,8N90E,29.16472321222041,210.97989462647,357,2017,12,23
2017-12-24,8N90E,29.163989263846524,210.70569469789592,358,2017,12,24
2017-12-25,8N90E,29.16325531547264,210.4314947693218,359,2017,12,25
2017-12-26,8N90E,29.162521367098755,210.15729484074768,360,2017,12,26
2017-12-27,8N90E,29.16178741872487,209.8830949121736,361,2017,12,27
2017-12-28,8N90E,29.161053470350986,209.60889498359947,362,2017,12,28
2017-12-29,8N90E,29.160319521977105,209.33469505502535,363,2017,12,29
2017-12-30,8N90E,29.15958557360322,209.06049512645126,364,2017,12,30
2017-12-31,8N90E,29.158851625229335,208.78629519787714,365,2017,12,31
2018-01-01,8N90E,29.15811767685545,208.51209526930302,1,2018,1,1
2018-01-02,8N90E,29.157383728481566,208.23789534072893,2,2018,1,2
2018-01-03,8N90E,29.15664978010768,207.96369541215483,3,2018,1,3
2018-01-04,8N90E,29.155915831733797,207.68949548358069,4,2018,1,4
2018-01-05,8N90E,29.155181883359916,207.4152955550066,5,2018,1,5
2018-01-06,8N90E,29.15444793498603,207.1410956264325,6,2018,1,6
2018-01-07,8N90E,29.153713986612146,206.86689569785835,7,2018,1,7
2018-01-08,8N90E,29.152980038238262,206.59269576928426,8,2018,1,8
2018-01-09,8N90E,29.152246089864377,206.31849584071017,9,2018,1,9
2018-01-10,8N90E,29.151512141490493,206.04429591213602,10,2018,1,10
2018-01-11,8N90E,29.150778193116608,205.77009598356193,11,2018,1,11
2018-01-12,8N90E,29.150044244742723,205.49589605498784,12,2018,1,12
2018-01-13,8N90E,29.149310296368842,205.22169612641372,13,2018,1,13
2018-01-14,8N90E,29.148576347994958,204.9474961978396,14,2018,1,14
2018-01-15,8N90E,29.147842399621073,204.6732962692655,15,2018,1,15
2018-01-16,8N90E,29.14710845124719,204.3990963406914,16,2018,1,16
2018-01-17,8N90E,29.146374502873304,204.12489641211727,17,2018,1,17
2018-01-18,8N90E,29.14564055449942,203.85069648354317,18,2018,1,18
2018-01-19,8N90E,29.144906606125534,203.57649655496905,19,2018,1,19
2018-01-20,8N90E,29.14417265775165,203.30229662639493,20,2018,1,20
2018-01-21,8N90E,29.14343870937777,203.02809669782084,21,2018,1,21
2018-01-22,8N90E,29.142704761003884,202.75389676924672,22,2018,1,22
2018-01-23,8N90E,29.14197081263,202.4796968406726,23,2018,1,23
2018-01-24,8N90E,29.141236864256115,202.2054969120985,24,2018,1,24
2018-01-25,8N90E,29.14050291588223,201.9312969835244,25,2018,1,25
2018-01-26,8N90E,29.139768967508346,201.65709705495027,26,2018,1,26
2018-01-27,8N90E,29.13903501913446,201.38289712637618,27,2018,1,27
2018-01-28,8N90E,29.138301070760576,201.10869719780206,28,2018,1,28
2018-01-29,8N90E,29.137567122386695,200.83449726922794,29,2018,1,29
2018-01-30,8N90E,29.13683317401281,200.56029734065385,30,2018,1,30
2018-01-31,8N90E,29.136099225638926,200.28609741207973,31,2018,1,31
2018-02-01,8N90E,29.13536527726504,200.0118974835056,32,2018,2,1
2018-02-02,8N90E,29.134631328891157,199.73769755493151,33,2018,2,2
2018-02-03,8N90E,29.133897380517272,199.4634976263574,34,2018,2,3
2018-02-04,8N90E,29.133163432143387,199.18929769778327,35,2018,2,4
2018-02-05,8N90E,29.132429483769503,198.91509776920918,36,2018,2,5
2018-02-06,8N90E,29.13169553539562,198.64089784063506,37,2018,2,6
2018-02-07,8N90E,29.130961587021737,198.36669791206094,38,2018,2,7
2018-02-08,8N90E,29.130227638647852,198.09249798348685,39,2018,2,8
2018-02-09,8N90E,29.129493690273968,197.81829805491273,40,2018,2,9
2018-02-10,8N90E,29.128759741900083,197.5440981263386,41,2018,2,10
2018-02-11,8N90E,29.1280257935262,197.26989819776452,42,2018,2,11
2018-02-12,8N90E,29.127291845152314,196.99569826919043,43,2018,2,12
2018-02-13,8N90E,29.12655789677843,196.72149834061628,44,2018,2,13
2018-02-14,8N90E,29.12582394840455,196.4472984120422,45,2018,2,14
2018-02-15,8N90E,29.125090000030664,196.1730984834681,46,2018,2,15
2018-02-16,8N90E,29.12435605165678,195.89889855489395,47,2018,2,16
2018-02-17,8N90E,29.123622103282894,195.62469862631986,48,2018,2,17
2018-02-18,8N90E,29.12288815490901,195.35049869774576,49,2018,2,18
2018-02-19,8N90E,29.122154206535125,195.07629876917161,50,2018,2,19
2018-02-20,8N90E,29.12142025816124,194.80209884059752,51,2018,2,20
2018-02-21,8N90E,29.12068630978736,194.52789891202343,52,2018,2,21
2018-02-22,8N90E,29.119952361413475,194.2536989834493,53,2018,2,22
2018-02-23,8N90E,29.11921841303959,193.9794990548752,54,2018,2,23
2018-02-24,8N90E,29.118484464665706,193.7052991263011,55,2018,2,24
2018-02-25,8N90E,29.11775051629182,193.43109919772698,56,2018,2,25
2018-02-26,8N90E,29.117016567917936,193.15689926915286,57,2018,2,26
2018-02-27,8N90E,29.11628261954405,192.88269934057877,58,2018,2,27
2018-02-28,8N90E,29.115548671170167,192.60849941200465,59,2018,2,28
2018-03-01,8N90E,29.114814722796286,192.33429948343053,60,2018,3,1
2018-03-02,8N90E,29.1140807744224,192.06009955485644,61,2018,3,2
2018-03-03,8N90E,29.113346826048517,191.78589962628232,62,2018,3,3
2018-03-04,8N90E,29.112612877674632,191.5116996977082,63,2018,3,4
2018-03-05,8N90E,29.111878929300747,191.2374997691341,64,2018,3,5
2018-03-06,8N90E,29.111144980926863,190.96329984055998,65,2018,3,6
2018-03-07,8N90E,29.110411032552978,190.68909991198586,66,2018,3,7
2018-03-08,8N90E,29.109677084179093,190.41489998341177,67,2018,3,8
2018-03-09,8N90E,29.108943135805212,190.14070005483765,68,2018,3,9
2018-03-10,8N90E,29.108209187431328,189.86650012626353,69,2018,3,10
2018-03-11,8N90E,29.107475239057443,189.59230019768944,70,2018,3,11
2018-03-12,8N90E,29.10674129068356,189.31810026911532,71,2018,3,12
2018-03-13,8N90E,29.106007342309674,189.0439003405412,72,2018,3,13
2018-03-14,8N90E,29.10527339393579,188.7697004119671,73,2018,3,14
2018-03-15,8N90E,29.104539445561905,188.495500483393,74,2018,3,15
2018-03-16,8N90E,29.10380549718802,188.22130055481887,75,2018,3,16
2018-03-17,8N90E,29.10307154881414,187.94710062624478,76,2018,3,17
2018-03-18,8N90E,29.102337600440254,187.67290069767066,77,2018,3,18
2018-03-19,8N90E,29.10160365206637,187.39870076909654,78,2018,3,19
2018-03-20,8N90E,29.100869703692485,187.12450084052244,79,2018,3,20
2018-03-21,8N90E,29.1001357553186,186.85030091194832,80,2018,3,21
2018-03-22,8N90E,29.099401806944716,186.5761009833742,81,2018,3,22
2018-03-23,8N90E,29.09866785857083,186.3019010548001,82,2018,3,23
2018-03-24,8N90E,29.097933910196947,186.02770112622602,83,2018,3,24
2018-03-25,8N90E,29.097199961823065,185.75350119765187,84,2018,3,25
2018-03-26,8N90E,29.09646601344918,185.47930126907778,85,2018,3,26
2018-03-27,8N90E,29.095732065075296,185.2051013405037,86,2018,3,27
2018-03-28,8N90E,29.09499811670141,184.93090141192954,87,2018,3,28
2018-03-29,8N90E,29.094264168327527,184.65670148335545,88,2018,3,29
2018-03-30,8N90E,29.093530219953642,184.38250155478136,89,2018,3,30
2018-03-31,8N90E,29.092796271579758,184.1083016262072,90,2018,3,31
2018-04-01,8N90E,29.092062323205873,183.83410169763312,91,2018,4,1
2018-04-02,8N90E,29.091328374831992,183.55990176905902,92,2018,4,2
2018-04-03,8N90E,29.090594426458107,183.2857018404849,93,2018,4,3
2018-04-04,8N90E,29.089860478084223,183.01150191191078,94,2018,4,4
2018-04-05,8N90E,29.089126529710338,182.7373019833367,95,2018,4,5
2018-04-06,8N90E,29.088392581336453,182.46310205476257,96,2018,4,6
2018-04-07,8N90E,29.08765863296257,182.18890212618845,97,2018,4,7
2018-04-08,8N90E,29.086924684588684,181.91470219761436,98,2018,4,8
2018-04-09,8N90E,29.086190736214803,181.64050226904024,99,2018,4,9
2018-04-10,8N90E,29.08545678784092,181.36630234046612,100,2018,4,10
2018-04-11,8N90E,29.084722839467034,181.09210241189203,101,2018,4,11
2018-04-12,8N90E,29.08398889109315,180.8179024833179,102,2018,4,12
2018-04-13,8N90E,29.083254942719265,180.5437025547438,103,2018,4,13
2018-04-14,8N90E,29.08252099434538,180.2695026261697,104,2018,4,14
2018-04-15,8N90E,29.081787045971495,179.99530269759558,105,2018,4,15
2018-04-16,8N90E,29.08105309759761,179.72110276902146,106,2018,4,16
2018-04-17,8N90E,29.08031914922373,179.44690284044736,107,2018,4,17
2018-04-18,8N90E,29.079585200849845,179.17270291187324,108,2018,4,18
2018-04-19,8N90E,29.07885125247596,178.89850298329912,109,2018,4,19
2018-04-20,8N90E,29.078117304102076,178.62430305472503,110,2018,4,20
2018-04-21,8N90E,29.07738335572819,178.3501031261509,111,2018,4,21
2018-04-22,8N90E,29.076649407354306,178.0759031975768,112,2018,4,22
2018-04-23,8N90E,29.075915458980422,177.8017032690027,113,2018,4,23
2018-04-24,8N90E,29.075181510606537,177.52750334042858,114,2018,4,24
2018-04-25,8N90E,29.074447562232656,177.25330341185446,115,2018,4,25
2018-04-26,8N90E,29.07371361385877,176.97910348328037,116,2018,4,26
2018-04-27,8N90E,29.072979665484887,176.70490355470625,117,2018,4,27
2018-04-28,8N90E,29.072245717111002,176.43070362613213,118,2018,4,28
2018-04-29,8N90E,29.071511768737118,176.15650369755804,119,2018,4,29
2018-04-30,8N90E,29.070777820363233,175.88230376898392,120,2018,4,30
2018-05-01,8N90E,29.07004387198935,175.6081038404098,121,2018,5,1
2018-05-02,8N90E,29.069309923615464,175.3339039118357,122,2018,5,2
2018-05-03,8N90E,29.068575975241583,175.05970398326158,123,2018,5,3
2018-05-04,8N90E,29.067842026867698,174.78550405468746,124,2018,5,4
2018-05-05,8N90E,29.067108078493813,174.51130412611337,125,2018,5,5
2018-05-06,8N90E,29.06637413011993,174.23710419753928,126,2018,5,6
2018-05-07,8N90E,29.065640181746044,173.96290426896513,127,2018,5,7
2018-05-08,8N90E,29.06490623337216,173.68870434039104,128,2018,5,8
2018-05-09,8N90E,29.064172284998275,173.41450441181695,129,2018,5,9
2018-05-10,8N90E,29.06343833662439,173.1403044832428,130,2018,5,10
2018-05-11,8N90E,29.06270438825051,172.8661045546687,131,2018,5,11
2018-05-12,8N90E,29.061970439876625,172.59190462609462,132,2018,5,12
2018-05-13,8N90E,29.06123649150274,172.31770469752047,133,2018,5,13
2018-05-14,8N90E,29.060502543128855,172.04350476894638,134,2018,5,14
2018-05-15,8N90E,29.05976859475497,171.76930484037229,135,2018,5,15
2018-05-16,8N90E,29.059034646381086,171.49510491179817,136,2018,5,16
2018-05-17,8N90E,29.0583006980072,171.22090498322405,137,2018,5,17
2018-05-18,8N90E,29.057566749633317,170.94670505464995,138,2018,5,18
2018-05-19,8N90E,29.056832801259436,170.67250512607583,139,2018,5,19
2018-05-20,8N90E,29.05609885288555,170.3983051975017,140,2018,5,20
2018-05-21,8N90E,29.055364904511666,170.12410526892762,141,2018,5,21
2018-05-22,8N90E,29.054630956137782,169.8499053403535,142,2018,5,22
2018-05-23,8N90E,29.053897007763897,169.57570541177938,143,2018,5,23
2018-05-24,8N90E,29.053163059390013,169.3015054832053,144,2018,5,24
2018-05-25,8N90E,29.052429111016128,169.02730555463117,145,2018,5,25
2018-05-26,8N90E,29.051695162642247,168.75310562605705,146,2018,5,26
2018-05-27,8N90E,29.050961214268362,168.47890569748296,147,2018,5,27
2018-05-28,8N90E,29.050227265894478,168.20470576890884,148,2018,5,28
2018-05-29,8N90E,29.049493317520593,167.93050584033472,149,2018,5,29
2018-05-30,8N90E,29.04875936914671,167.65630591176063,150,2018,5,30
2018-05-31,8N90E,29.048025420772824,167.3821059831865,151,2018,5,31
2018-06-01,8N90E,29.04729147239894,167.10790605461239,152,2018,6,1
2018-06-02,8N90E,29.046557524025054,166.8337061260383,153,2018,6,2
2018-06-03,8N90E,29.045823575651173,166.55950619746417,154,2018,6,3
2018-06-04,8N90E,29.04508962727729,166.28530626889005,155,2018,6,4
2018-06-05,8N90E,29.044355678903404,166.01110634031596,156,2018,6,5
2018-06-06,8N90E,29.04362173052952,165.73690641174184,157,2018,6,6
2018-06-07,8N90E,29.042887782155635,165.46270648316772,158,2018,6,7
2018-06-08,8N90E,29.04215383378175,165.18850655459363,159,2018,6,8
2018-06-09,8N90E,29.041419885407866,164.9143066260195,160,2018,6,9
2018-06-10,8N90E,29.04068593703398,164.6401066974454,161,2018,6,10
2018-06-11,8N90E,29.0399519886601,164.3659067688713,162,2018,6,11
2018-06-12,8N90E,29.039218040286215,164.09170684029718,163,2018,6,12
2018-06-13,8N90E,29.03848409191233,163.81750691172306,164,2018,6,13
2018-06-14,8N90E,29.037750143538446,163.54330698314897,165,2018,6,14
2018-06-15,8N90E,29.03701619516456,163.26910705457487,166,2018,6,15
2018-06-16,8N90E,29.036282246790677,162.99490712600073,167,2018,6,16
2018-06-17,8N90E,29.035548298416792,162.72070719742663,168,2018,6,17
2018-06-18,8N90E,29.034814350042907,162.44650726885254,169,2018,6,18
2018-06-19,8N90E,29.034080401669026,162.1723073402784,170,2018,6,19
2018-06-20,8N90E,29.03334645329514,161.8981074117043,171,2018,6,20
2018-06-21,8N90E,29.032612504921257,161.6239074831302,172,2018,6,21
2018-06-22,8N90E,29.031878556547372,161.34970755455606,173,2018,6,22
2018-06-23,8N90E,29.031144608173488,161.07550762598197,174,2018,6,23
2018-06-24,8N90E,29.030410659799603,160.80130769740788,175,2018,6,24
2018-06-25,8N90E,29.02967671142572,160.52710776883376,176,2018,6,25
2018-06-26,8N90E,29.028942763051834,160.25290784025964,177,2018,6,26
2018-06-27,8N90E,29.028208814677953,159.97870791168555,178,2018,6,27
2018-06-28,8N90E,29.02747486630407,159.70450798311143,179,2018,6,28
2018-06-29,8N90E,29.026740917930184,159.4303080545373,180,2018,6,29
2018-06-30,8N90E,29.0260069695563,159.15610812596321,181,2018,6,30
2018-07-01,8N90E,29.025273021182414,158.8819081973891,182,2018,7,1
2018-07-02,8N90E,29.02453907280853,158.60770826881497,183,2018,7,2
2018-07-03,8N90E,29.023805124434645,158.33350834024088,184,2018,7,3
2018-07-04,8N90E,29.02307117606076,158.05930841166676,185,2018,7,4
2018-07-05,8N90E,29.02233722768688,157.78510848309264,186,2018,7,5
2018-07-06,8N90E,29.021603279312995,157.51090855451855,187,2018,7,6
2018-07-07,8N90E,29.02086933093911,157.23670862594443,188,2018,7,7
2018-07-08,8N90E,29.020135382565226,156.9625086973703,189,2018,7,8
2018-07-09,8N90E,29.01940143419134,156.68830876879622,190,2018,7,9
2018-07-10,8N90E,29.018667485817456,156.4141088402221,191,2018,7,10
2018-07-11,8N90E,29.01793353744357,156.13990891164798,192,2018,7,11
2018-07-12,8N90E,29.01719958906969,155.8657089830739,193,2018,7,12
2018-07-13,8N90E,29.016465640695806,155.59150905449977,194,2018,7,13
2018-07-14,8N90E,29.01573169232192,155.31730912592565,195,2018,7,14
2018-07-15,8N90E,29.014997743948037,155.04310919735155,196,2018,7,15
2018-07-16,8N90E,29.014263795574152,154.76890926877743,197,2018,7,16
2018-07-17,8N90E,29.013529847200267,154.49470934020331,198,2018,7,17
2018-07-18,8N90E,29.012795898826383,154.22050941162922,199,2018,7,18
2018-07-19,8N90E,29.012061950452498,153.9463094830551,200,2018,7,19
2018-07-20,8N90E,29.011328002078617,153.672109554481,201,2018,7,20
2018-07-21,8N90E,29.010594053704732,153.3979096259069,202,2018,7,21
2018-07-22,8N90E,29.009860105330848,153.12370969733277,203,2018,7,22
2018-07-23,8N90E,29.009126156956963,152.84950976875868,204,2018,7,23
2018-07-24,8N90E,29.00839220858308,152.57530984018456,205,2018,7,24
2018-07-25,8N90E,29.007658260209194,152.30110991161044,206,2018,7,25
2018-07-26,8N90E,29.00692431183531,152.02690998303635,207,2018,7,26
2018-07-27,8N90E,29.006190363461425,151.75271005446223,208,2018,7,27
2018-07-28,8N90E,29.005456415087544,151.4785101258881,209,2018,7,28
2018-07-29,8N90E,29.00472246671366,151.20431019731402,210,2018,7,29
2018-07-30,8N90E,29.003988518339774,150.9301102687399,211,2018,7,30
2018-07-31,8N90E,29.00325456996589,150.65591034016578,212,2018,7,31
2018-08-01,8N90E,29.002520621592005,150.38171041159168,213,2018,8,1
2018-08-02,8N90E,29.00178667321812,150.10751048301756,214,2018,8,2
2018-08-03,8N90E,29.001052724844236,149.83331055444344,215,2018,8,3
2018-08-04,8N90E,29.00031877647035,149.55911062586935,216,2018,8,4
2018-08-05,8N90E,28.99958482809647,149.28491069729523,217,2018,8,5
2018-08-06,8N90E,28.998850879722585,149.0107107687211,218,2018,8,6
2018-08-07,8N90E,28.9981169313487,148.73651084014702,219,2018,8,7
2018-08-08,8N90E,28.997382982974816,148.4623109115729,220,2018,8,8
2018-08-09,8N90E,28.99664903460093,148.1881109829988,221,2018,8,9
2018-08-10,8N90E,28.995915086227047,147.9139110544247,222,2018,8,10
2018-08-11,8N90E,28.995181137853162,147.63971112585057,223,2018,8,11
2018-08-12,8N90E,28.994447189479278,147.36551119727648,224,2018,8,12
2018-08-13,8N90E,28.993713241105397,147.09131126870236,225,2018,8,13
2018-08-14,8N90E,28.992979292731512,146.81711134012824,226,2018,8,14
2018-08-15,8N90E,28.992245344357627,146.54291141155414,227,2018,8,15
2018-08-16,8N90E,28.991511395983743,146.26871148298002,228,2018,8,16
2018-08-17,8N90E,28.990777447609858,145.9945115544059,229,2018,8,17
2018-08-18,8N90E,28.990043499235973,145.7203116258318,230,2018,8,18
2018-08-19,8N90E,28.98930955086209,145.4461116972577,231,2018,8,19
2018-08-20,8N90E,28.988575602488204,145.17191176868357,232,2018,8,20
2018-08-21,8N90E,28.987841654114323,144.89771184010948,233,2018,8,21
2018-08-22,8N90E,28.98710770574044,144.62351191153536,234,2018,8,22
2018-08-23,8N90E,28.986373757366554,144.34931198296124,235,2018,8,23
2018-08-24,8N90E,28.98563980899267,144.07511205438715,236,2018,8,24
2018-08-25,8N90E,28.984905860618785,143.80091212581303,237,2018,8,25
2018-08-26,8N90E,28.9841719122449,143.5267121972389,238,2018,8,26
2018-08-27,8N90E,28.983437963871015,143.25251226866482,239,2018,8,27
2018-08-28,8N90E,28.982704015497134,142.9783123400907,240,2018,8,28
2018-08-29,8N90E,28.98197006712325,142.70411241151658,241,2018,8,29
2018-08-30,8N90E,28.981236118749365,142.42991248294248,242,2018,8,30
2018-08-31,8N90E,28.98050217037548,142.15571255436836,243,2018,8,31
2018-09-01,8N90E,28.979768222001596,141.88151262579427,244,2018,9,1
2018-09-02,8N90E,28.97903427362771,141.60731269722015,245,2018,9,2
2018-09-03,8N90E,28.978300325253826,141.33311276864603,246,2018,9,3
2018-09-04,8N90E,28.977566376879942,141.05891284007194,247,2018,9,4
2018-09-05,8N90E,28.97683242850606,140.78471291149782,248,2018,9,5
2018-09-06,8N90E,28.976098480132176,140.5105129829237,249,2018,9,6
2018-09-07,8N90E,28.97536453175829,140.2363130543496,250,2018,9,7
2018-09-08,8N90E,28.974630583384407,139.9621131257755,251,2018,9,8
2018-09-09,8N90E,28.973896635010522,139.68791319720137,252,2018,9,9
2018-09-10,8N90E,28.973162686636638,139.41371326862728,253,2018,9,10
2018-09-11,8N90E,28.972428738262753,139.13951334005316,254,2018,9,11
2018-09-12,8N90E,28.97169478988887,138.86531341147904,255,2018,9,12
2018-09-13,8N90E,28.970960841514987,138.59111348290494,256,2018,9,13
2018-09-14,8N90E,28.970226893141103,138.31691355433082,257,2018,9,14
2018-09-15,8N90E,28.969492944767218,138.0427136257567,258,2018,9,15
2018-09-16,8N90E,28.968758996393333,137.7685136971826,259,2018,9,16
2018-09-17,8N90E,28.96802504801945,137.4943137686085,260,2018,9,17
2018-09-18,8N90E,28.967291099645564,137.22011384003437,261,2018,9,18
2018-09-19,8N90E,28.96655715127168,136.94591391146028,262,2018,9,19
2018-09-20,8N90E,28.965823202897795,136.67171398288616,263,2018,9,20
2018-09-21,8N90E,28.965089254523914,136.39751405431207,264,2018,9,21
2018-09-22,8N90E,28.96435530615003,136.12331412573795,265,2018,9,22
2018-09-23,8N90E,28.963621357776145,135.84911419716383,266,2018,9,23
2018-09-24,8N90E,28.96288740940226,135.57491426858974,267,2018,9,24
2018-09-25,8N90E,28.962153461028375,135.30071434001562,268,2018,9,25
2018-09-26,8N90E,28.96141951265449,135.0265144114415,269,2018,9,26
2018-09-27,8N90E,28.960685564280606,134.7523144828674,270,2018,9,27
2018-09-28,8N90E,28.95995161590672,134.47811455429328,271,2018,9,28
2018-09-29,8N90E,28.95921766753284,134.20391462571916,272,2018,9,29
2018-09-30,8N90E,28.958483719158956,133.92971469714507,273,2018,9,30
2018-10-01,8N90E,28.95774977078507,133.65551476857095,274,2018,10,1
2018-10-02,8N90E,28.957015822411186,133.38131483999683,275,2018,10,2
2018-10-03,8N90E,28.956281874037302,133.10711491142274,276,2018,10,3
2018-10-04,8N90E,28.955547925663417,132.83291498284862,277,2018,10,4
2018-10-05,8N90E,28.954813977289533,132.5587150542745,278,2018,10,5
2018-10-06,8N90E,28.954080028915648,132.2845151257004,279,2018,10,6
2018-10-07,8N90E,28.953346080541767,132.0103151971263,280,2018,10,7
2018-10-08,8N90E,28.952612132167882,131.73611526855217,281,2018,10,8
2018-10-09,8N90E,28.951878183793998,131.46191533997808,282,2018,10,9
2018-10-10,8N90E,28.951144235420113,131.18771541140396,283,2018,10,10
2018-10-11,8N90E,28.95041028704623,130.91351548282987,284,2018,10,11
2018-10-12,8N90E,28.949676338672344,130.63931555425575,285,2018,10,12
2018-10-13,8N90E,28.94894239029846,130.36511562568163,286,2018,10,13
2018-10-14,8N90E,28.948208441924578,130.09091569710753,287,2018,10,14
2018-10-15,8N90E,28.947474493550693,129.8167157685334,288,2018,10,15
2018-10-16,8N90E,28.94674054517681,129.5425158399593,289,2018,10,16
2018-10-17,8N90E,28.946006596802924,129.2683159113852,290,2018,10,17
2018-10-18,8N90E,28.94527264842904,128.99411598281108,291,2018,10,18
2018-10-19,8N90E,28.944538700055155,128.71991605423696,292,2018,10,19
2018-10-20,8N90E,28.94380475168127,128.44571612566287,293,2018,10,20
2018-10-21,8N90E,28.943070803307386,128.17151619708875,294,2018,10,21
2018-10-22,8N90E,28.942336854933504,127.89731626851463,295,2018,10,22
2018-10-23,8N90E,28.94160290655962,127.62311633994054,296,2018,10,23
2018-10-24,8N90E,28.940868958185735,127.34891641136642,297,2018,10,24
2018-10-25,8N90E,28.94013500981185,127.0747164827923,298,2018,10,25
2018-10-26,8N90E,28.939401061437966,126.8005165542182,299,2018,10,26
2018-10-27,8N90E,28.93866711306408,126.52631662564409,300,2018,10,27
2018-10-28,8N90E,28.937933164690197,126.25211669706997,301,2018,10,28
2018-10-29,8N90E,28.937199216316312,125.97791676849587,302,2018,10,29
2018-10-30,8N90E,28.93646526794243,125.70371683992175,303,2018,10,30
2018-10-31,8N90E,28.935731319568546,125.42951691134766,304,2018,10,31
2018-11-01,8N90E,28.93499737119466,125.15531698277354,305,2018,11,1
2018-11-02,8N90E,28.934263422820777,124.88111705419942,306,2018,11,2
2018-11-03,8N90E,28.933529474446892,124.60691712562533,307,2018,11,3
2018-11-04,8N90E,28.932795526073008,124.33271719705121,308,2018,11,4
2018-11-05,8N90E,28.932061577699123,124.05851726847709,309,2018,11,5
2018-11-06,8N90E,28.93132762932524,123.784317339903,310,2018,11,6
2018-11-07,8N90E,28.930593680951358,123.51011741132888,311,2018,11,7
2018-11-08,8N90E,28.929859732577473,123.23591748275476,312,2018,11,8
2018-11-09,8N90E,28.92912578420359,122.96171755418067,313,2018,11,9
2018-11-10,8N90E,28.928391835829704,122.68751762560655,314,2018,11,10
2018-11-11,8N90E,28.92765788745582,122.41331769703243,315,2018,11,11
2018-11-12,8N90E,28.926923939081934,122.13911776845833,316,2018,11,12
2018-11-13,8N90E,28.92618999070805,121.86491783988421,317,2018,11,13
2018-11-14,8N90E,28.925456042334165,121.5907179113101,318,2018,11,14
2018-11-15,8N90E,28.924722093960284,121.316517982736,319,2018,11,15
2018-11-16,8N90E,28.9239881455864,121.04231805416188,320,2018,11,16
2018-11-17,8N90E,28.923254197212515,120.76811812558776,321,2018,11,17
2018-11-18,8N90E,28.88,123.3,322,2018,11,18
2018-11-19,8N90E,28.81,184.2,323,2018,11,19
2018-11-20,8N90E,28.89,130.0,324,2018,11,20
2018-11-21,8N90E,29.23,259.1,325,2018,11,21
2018-11-22,8N90E,29.18,212.9,326,2018,11,22
2018-11-23,8N90E,29.06,215.0,327,2018,11,23
2018-11-24,8N90E,29.1,244.4,328,2018,11,24
2018-11-25,8N90E,29.36,249.3,329,2018,11,25
2018-11-26,8N90E,29.26,239.7,330,2018,11,26
2018-11-27,8N90E,29.24,208.9,331,2018,11,27
2018-11-28,8N90E,29.13,243.5,332,2018,11,28
2018-11-29,8N90E,29.13,247.7,333,2018,11,29
2018-11-30,8N90E,29.08,109.3,334,2018,11,30
2018-12-01,8N90E,28.99,154.1,335,2018,12,1
2018-12-02,8N90E,29.04,226.4,336,2018,12,2
2018-12-03,8N90E,29.01,252.9,337,2018,12,3
2018-12-04,8N90E,29.01,233.4,338,2018,12,4
2018-12-05,8N90E,29.01,161.3,339,2018,12,5
2018-12-06,8N90E,28.81,63.3,340,2018,12,6
2018-12-07,8N90E,28.74,202.4,341,2018,12,7
2018-12-08,8N90E,28.74,173.3,342,2018,12,8
2018-12-09,8N90E,28.95,244.0,343,2018,12,9
2018-12-10,8N90E,28.98,193.1,344,2018,12,10
2018-12-11,8N90E,28.85,165.0,345,2018,12,11
2018-12-12,8N90E,28.7,112.4,346,2018,12,12
2018-12-13,8N90E,28.64,32.0,347,2018,12,13
2018-12-14,8N90E,28.75,215.4,348,2018,12,14
2018-12-15,8N90E,28.75,146.2,349,2018,12,15
2018-12-16,8N90E,28.58,169.4,350,2018,12,16
2018-12-17,8N90E,28.97,253.0,351,2018,12,17
2018-12-18,8N90E,28.8,113.4,352,2018,12,18
2018-12-19,8N90E,28.7,65.1,353,2018,12,19
2018-12-20,8N90E,28.71,214.2,354,2018,12,20
2018-12-21,8N90E,28.84,206.6,355,2018,12,21
2018-12-22,8N90E,28.91,232.3,356,2018,12,22
2018-12-23,8N90E,28.93,242.1,357,2018,12,23
2018-12-24,8N90E,28.96,235.6,358,2018,12,24
2018-12-25,8N90E,29.05,228.2,359,2018,12,25
2018-12-26,8N90E,28.94,168.0,360,2018,12,26
2018-12-27,8N90E,28.97,231.5,361,2018,12,27
2018-12-28,8N90E,28.92,199.0,362,2018,12,28
2018-12-29,8N90E,28.84,203.3,363,2018,12,29
2018-12-30,8N90E,28.84,121.6,364,2018,12,30
2018-12-31,8N90E,28.84,146.0,365,2018,12,31
2019-01-01,8N90E,28.81,206.8,1,2019,1,1
2019-01-02,8N90E,28.83,206.4,2,2019,1,2
2019-01-03,8N90E,28.8,58.5,3,2019,1,3
2019-01-04,8N90E,28.92,239.3,4,2019,1,4
2019-01-05,8N90E,28.91,243.5,5,2019,1,5
2019-01-06,8N90E,28.88,228.4,6,2019,1,6
2019-01-07,8N90E,28.76,92.6,7,2019,1,7
2019-01-08,8N90E,29.01,196.1,8,2019,1,8
2019-01-09,8N90E,29.02,222.7,9,2019,1,9
2019-01-10,8N90E,28.93,242.4,10,2019,1,10
2019-01-11,8N90E,28.89,136.4,11,2019,1,11
2019-01-12,8N90E,28.88,183.3,12,2019,1,12
2019-01-13,8N90E,28.89,243.3,13,2019,1,13
2019-01-14,8N90E,28.9,184.3,14,2019,1,14
2019-01-15,8N90E,28.79,113.8,15,2019,1,15
2019-01-16,8N90E,28.7,234.9,16,2019,1,16
2019-01-17,8N90E,28.62,168.6,17,2019,1,17
2019-01-18,8N90E,28.57,165.8,18,2019,1,18
2019-01-19,8N90E,28.62,230.0,19,2019,1,19
2019-01-20,8N90E,28.6,164.6,20,2019,1,20
2019-01-21,8N90E,28.61,147.3,21,2019,1,21
2019-01-22,8N90E,28.49,7.4,22,2019,1,22
2019-01-23,8N90E,28.49,160.0,23,2019,1,23
2019-01-24,8N90E,28.45,216.6,24,2019,1,24
2019-01-25,8N90E,28.45,245.2,25,2019,1,25
2019-01-26,8N90E,28.75,262.2,26,2019,1,26
2019-01-27,8N90E,28.68,262.3,27,2019,1,27
2019-01-28,8N90E,28.72,246.5,28,2019,1,28
2019-01-29,8N90E,28.62,226.2,29,2019,1,29
2019-01-30,8N90E,28.5,223.6,30,2019,1,30
2019-01-31,8N90E,28.45,169.6,31,2019,1,31
2019-02-01,8N90E,28.56,206.7,32,2019,2,1
2019-02-02,8N90E,28.58,170.5,33,2019,2,2
2019-02-03,8N90E,28.78,259.6,34,2019,2,3
2019-02-04,8N90E,28.78,257.8,35,2019,2,4
2019-02-05,8N90E,28.78,263.9,36,2019,2,5
2019-02-06,8N90E,28.76,261.2,37,2019,2,6
2019-02-07,8N90E,28.81,247.6,38,2019,2,7
2019-02-08,8N90E,29.0,267.2,39,2019,2,8
2019-02-09,8N90E,28.9,183.0,40,2019,2,9
2019-02-10,8N90E,28.92,270.8,41,2019,2,10
2019-02-11,8N90E,28.91,254.8,42,2019,2,11
2019-02-12,8N90E,28.88,254.8,43,2019,2,12
2019-02-13,8N90E,28.89,259.8,44,2019,2,13
2019-02-14,8N90E,28.94,261.4,45,2019,2,14
2019-02-15,8N90E,28.96,252.3,46,2019,2,15
2019-02-16,8N90E,29.11,257.6,47,2019,2,16
2019-02-17,8N90E,29.25,262.9,48,2019,2,17
2019-02-18,8N90E,29.45,300.8,49,2019,2,18
2019-02-19,8N90E,29.38,288.7,50,2019,2,19
2019-02-20,8N90E,29.23,300.3,51,2019,2,20
2019-02-21,8N90E,29.12,295.6,52,2019,2,21
2019-02-22,8N90E,29.06,267.6,53,2019,2,22
2019-02-23,8N90E,28.95,294.1,54,2019,2,23
2019-02-24,8N90E,28.82,270.0,55,2019,2,24
2019-02-25,8N90E,28.75,251.4,56,2019,2,25
2019-02-26,8N90E,28.64,290.3,57,2019,2,26
2019-02-27,8N90E,28.74,276.4,58,2019,2,27
2019-02-28,8N90E,29.02,269.4,59,2019,2,28
2019-03-01,8N90E,28.87,281.1,60,2019,3,1
2019-03-02,8N90E,28.87,259.8,61,2019,3,2
2019-03-03,8N90E,28.87,286.0,62,2019,3,3
2019-03-04,8N90E,29.04,251.6,63,2019,3,4
2019-03-05,8N90E,29.31,274.3,64,2019,3,5
2019-03-06,8N90E,29.63,250.8,65,2019,3,6
2019-03-07,8N90E,30.33,310.5,66,2019,3,7
2019-03-08,8N90E,29.99,297.6,67,2019,3,8
2019-03-09,8N90E,29.76,292.9,68,2019,3,9
2019-03-10,8N90E,29.62,309.2,69,2019,3,10
2019-03-11,8N90E,29.56,254.8,70,2019,3,11
2019-03-12,8N90E,29.56,286.1,71,2019,3,12
2019-03-13,8N90E,29.53,262.3,72,2019,3,13
2019-03-14,8N90E,29.53,304.6,73,2019,3,14
2019-03-15,8N90E,29.64,304.1,74,2019,3,15
2019-03-16,8N90E,29.59,274.9,75,2019,3,16
2019-03-17,8N90E,29.57,287.8,76,2019,3,17
2019-03-18,8N90E,29.59,294.2,77,2019,3,18
2019-03-19,8N90E,29.77,285.4,78,2019,3,19
2019-03-20,8N90E,29.71,283.9,79,2019,3,20
2019-03-21,8N90E,29.78,237.3,80,2019,3,21
2019-03-22,8N90E,29.87,281.7,81,2019,3,22
2019-03-23,8N90E,29.97,320.0,82,2019,3,23
2019-03-24,8N90E,29.87,308.9,83,2019,3,24
2019-03-25,8N90E,29.71,303.7,84,2019,3,25
2019-03-26,8N90E,29.76,292.5,85,2019,3,26
2019-03-27,8N90E,29.93,298.3,86,2019,3,27
2019-03-28,8N90E,29.83,275.2,87,2019,3,28
2019-03-29,8N90E,30.29,302.7,88,2019,3,29
2019-03-30,8N90E,30.72,271.8,89,2019,3,30
2019-03-31,8N90E,30.65,261.3,90,2019,3,31
2019-04-01,8N90E,30.78,306.7,91,2019,4,1
2019-04-02,8N90E,30.87,288.8,92,2019,4,2
2019-04-03,8N90E,30.56,212.0,93,2019,4,3
2019-04-04,8N90E,30.63,239.2,94,2019,4,4
2019-04-05,8N90E,30.84,312.6,95,2019,4,5
2019-04-06,8N90E,30.77,281.8,96,2019,4,6
2019-04-07,8N90E,30.64,210.3,97,2019,4,7
2019-04-08,8N90E,30.76,217.2,98,2019,4,8
2019-04-09,8N90E,30.87,226.4,99,2019,4,9
2019-04-10,8N90E,30.81,222.8,100,2019,4,10
2019-04-11,8N90E,30.86,237.3,101,2019,4,11
2019-04-12,8N90E,31.1,289.8,102,2019,4,12
2019-04-13,8N90E,31.18,312.3,103,2019,4,13
2019-04-14,8N90E,31.17,273.4,104,2019,4,14
2019-04-15,8N90E,31.26,285.9,105,2019,4,15
2019-04-16,8N90E,30.83,212.0,106,2019,4,16
2019-04-17,8N90E,31.38,306.8,107,2019,4,17
2019-04-18,8N90E,31.15,240.4,108,2019,4,18
2019-04-19,8N90E,31.7,259.8,109,2019,4,19
2019-04-20,8N90E,31.59,283.9,110,2019,4,20
2019-04-21,8N90E,31.55,297.5,111,2019,4,21
2019-04-22,8N90E,31.2,247.5,112,2019,4,22
2019-04-23,8N90E,31.3,270.9,113,2019,4,23
2019-04-24,8N90E,31.15,254.3,114,2019,4,24
2019-04-25,8N90E,31.03,114.8,115,2019,4,25
2019-04-26,8N90E,30.87,114.5,116,2019,4,26
2019-04-27,8N90E,30.65,108.1,117,2019,4,27
2019-04-28,8N90E,30.24,85.7,118,2019,4,28
2019-04-29,8N90E,29.77,36.8,119,2019,4,29
2019-04-30,8N90E,29.36,143.8,120,2019,4,30
2019-05-01,8N90E,29.42,116.9,121,2019,5,1
2019-05-02,8N90E,29.07,287.1,122,2019,5,2
2019-05-03,8N90E,28.88,291.6,123,2019,5,3
2019-05-04,8N90E,28.88,252.3,124,2019,5,4
2019-05-05,8N90E,29.4,279.7,125,2019,5,5
2019-05-06,8N90E,29.52,274.8,126,2019,5,6
2019-05-07,8N90E,29.45,280.4,127,2019,5,7
2019-05-08,8N90E,29.61,293.3,128,2019,5,8
2019-05-09,8N90E,29.76,264.8,129,2019,5,9
2019-05-10,8N90E,29.91,285.6,130,2019,5,10
2019-05-11,8N90E,30.05,281.1,131,2019,5,11
2019-05-12,8N90E,29.75,54.7,132,2019,5,12
2019-05-13,8N90E,29.77,263.1,133,2019,5,13
2019-05-14,8N90E,29.88,285.3,134,2019,5,14
2019-05-15,8N90E,29.94,301.4,135,2019,5,15
2019-05-16,8N90E,29.92,260.3,136,2019,5,16
2019-05-17,8N90E,29.96,247.1,137,2019,5,17
2019-05-18,8N90E,30.03,286.8,138,2019,5,18
2019-05-19,8N90E,30.04,261.4,139,2019,5,19
2019-05-20,8N90E,30.04,168.3,140,2019,5,20
2019-05-21,8N90E,30.14,278.4,141,2019,5,21
2019-05-22,8N90E,30.27,258.8,142,2019,5,22
2019-05-23,8N90E,30.51,290.0,143,2019,5,23
2019-05-24,8N90E,30.28,296.9,144,2019,5,24
2019-05-25,8N90E,30.34,269.6,145,2019,5,25
2019-05-26,8N90E,30.39,294.0,146,2019,5,26
2019-05-27,8N90E,30.35,264.0,147,2019,5,27
2019-05-28,8N90E,30.23,186.9,148,2019,5,28
2019-05-29,8N90E,30.16,140.9,149,2019,5,29
2019-05-30,8N90E,30.08,157.2,150,2019,5,30
2019-05-31,8N90E,30.02,239.2,151,2019,5,31
2019-06-01,8N90E,30.02,229.2,152,2019,6,1
2019-06-02,8N90E,30.01,203.0,153,2019,6,2
2019-06-03,8N90E,30.1,274.8,154,2019,6,3
2019-06-04,8N90E,30.19,268.2,155,2019,6,4
2019-06-05,8N90E,30.21,274.6,156,2019,6,5
2019-06-06,8N90E,30.23,269.9,157,2019,6,6
2019-06-07,8N90E,30.03,230.4,158,2019,6,7
2019-06-08,8N90E,30.0,190.8,159,2019,6,8
2019-06-09,8N90E,29.87,69.0,160,2019,6,9
2019-06-10,8N90E,29.85,219.4,161,2019,6,10
2019-06-11,8N90E,29.82,257.0,162,2019,6,11
2019-06-12,8N90E,29.8,204.8,163,2019,6,12
2019-06-13,8N90E,29.79,206.8,164,2019,6,13
2019-06-14,8N90E,29.73,75.8,165,2019,6,14
2019-06-15,8N90E,29.68,65.0,166,2019,6,15
2019-06-16,8N90E,29.7,237.3,167,2019,6,16
2019-06-17,8N90E,29.65,210.0,168,2019,6,17
2019-06-18,8N90E,29.62,183.7,169,2019,6,18
2019-06-19,8N90E,29.63,225.9,170,2019,6,19
2019-06-20,8N90E,29.58,253.2,171,2019,6,20
2019-06-21,8N90E,29.56,255.2,172,2019,6,21
2019-06-22,8N90E,29.57,270.7,173,2019,6,22
2019-06-23,8N90E,29.53,129.8,174,2019,6,23
2019-06-24,8N90E,29.38,15.3,175,2019,6,24
2019-06-25,8N90E,29.32,118.1,176,2019,6,25
2019-06-26,8N90E,29.28,64.5,177,2019,6,26
2019-06-27,8N90E,29.31,241.2,178,2019,6,27
2019-06-28,8N90E,29.37,230.1,179,2019,6,28
2019-06-29,8N90E,29.27,257.8,180,2019,6,29
2019-06-30,8N90E,29.28,273.8,181,2019,6,30
2019-07-01,8N90E,29.33,263.9,182,2019,7,1
2019-07-02,8N90E,29.35,235.4,183,2019,7,2
2019-07-03,8N90E,29.39,262.1,184,2019,7,3
2019-07-04,8N90E,29.33,177.1,185,2019,7,4
2019-07-05,8N90E,29.3,245.6,186,2019,7,5
2019-07-06,8N90E,29.3,255.2,187,2019,7,6
2019-07-07,8N90E,29.33,281.7,188,2019,7,7
2019-07-08,8N90E,29.34,268.7,189,2019,7,8
2019-07-09,8N90E,29.39,271.8,190,2019,7,9
2019-07-10,8N90E,29.49,280.6,191,2019,7,10
2019-07-11,8N90E,29.56,277.7,192,2019,7,11
2019-07-12,8N90E,29.59,295.5,193,2019,7,12
2019-07-13,8N90E,29.57,296.5,194,2019,7,13
2019-07-14,8N90E,29.54,277.5,195,2019,7,14
2019-07-15,8N90E,29.45,225.7,196,2019,7,15
2019-07-16,8N90E,29.48,204.4,197,2019,7,16
2019-07-17,8N90E,29.47,276.9,198,2019,7,17
2019-07-18,8N90E,29.46,266.5,199,2019,7,18
2019-07-19,8N90E,29.42,172.0,200,2019,7,19
2019-07-20,8N90E,29.28,31.8,201,2019,7,20
2019-07-21,8N90E,29.31,216.2,202,2019,7,21
2019-07-22,8N90E,29.27,269.5,203,2019,7,22
2019-07-23,8N90E,29.25,246.0,204,2019,7,23
2019-07-24,8N90E,29.27,286.0,205,2019,7,24
2019-07-25,8N90E,29.19,218.7,206,2019,7,25
2019-07-26,8N90E,29.2,282.9,207,2019,7,26
2019-07-27,8N90E,29.2,234.5,208,2019,7,27
2019-07-28,8N90E,29.2,266.5,209,2019,7,28
2019-07-29,8N90E,29.19,285.8,210,2019,7,29
2019-07-30,8N90E,29.21,271.4,211,2019,7,30
2019-07-31,8N90E,29.21,288.1,212,2019,7,31
2019-08-01,8N90E,29.19,200.3,213,2019,8,1
2019-08-02,8N90E,29.16,150.9,214,2019,8,2
2019-08-03,8N90E,29.18,272.8,215,2019,8,3
2019-08-04,8N90E,29.16,206.0,216,2019,8,4
2019-08-05,8N90E,29.12,276.0,217,2019,8,5
2019-08-06,8N90E,28.92,254.6,218,2019,8,6
2019-08-07,8N90E,29.08,286.7,219,2019,8,7
2019-08-08,8N90E,29.01,230.5,220,2019,8,8
2019-08-09,8N90E,29.04,161.9,221,2019,8,9
2019-08-10,8N90E,29.12,191.9,222,2019,8,10
2019-08-11,8N90E,29.14,177.9,223,2019,8,11
2019-08-12,8N90E,29.18,266.0,224,2019,8,12
2019-08-13,8N90E,29.15,251.9,225,2019,8,13
2019-08-14,8N90E,29.1,172.6,226,2019,8,14
2019-08-15,8N90E,29.14,254.7,227,2019,8,15
2019-08-16,8N90E,29.0,150.64999999999998,228,2019,8,16
2019-08-17,8N90E,28.93,46.6,229,2019,8,17
2019-08-18,8N90E,28.92,92.1,230,2019,8,18
2019-08-19,8N90E,29.05,162.8,231,2019,8,19
2019-08-20,8N90E,29.05079207920792,162.31764705882355,232,2019,8,20
2019-08-21,8N90E,29.051584158415842,161.83529411764707,233,2019,8,21
2019-08-22,8N90E,29.05237623762376,161.3529411764706,234,2019,8,22
2019-08-23,8N90E,29.05423703185179,185.59876472554768,235,2019,8,23
2019-08-24,8N90E,29.054483470486552,184.83325609097153,236,2019,8,24
2019-08-25,8N90E,29.054729909121313,184.06774745639535,237,2019,8,25
2019-08-26,8N90E,29.054976347756078,183.3022388218192,238,2019,8,26
2019-08-27,8N90E,29.055222786390843,182.53673018724302,239,2019,8,27
2019-08-28,8N90E,29.055469225025604,181.77122155266687,240,2019,8,28
2019-08-29,8N90E,29.055715663660365,181.0057129180907,241,2019,8,29
2019-08-30,8N90E,29.05596210229513,180.24020428351454,242,2019,8,30
2019-08-31,8N90E,29.056208540929894,179.47469564893836,243,2019,8,31
2019-09-01,8N90E,29.056454979564656,178.70918701436221,244,2019,9,1
2019-09-02,8N90E,29.056701418199417,177.94367837978604,245,2019,9,2
2019-09-03,8N90E,29.05694785683418,177.17816974520989,246,2019,9,3
2019-09-04,8N90E,29.057194295468946,176.4126611106337,247,2019,9,4
2019-09-05,8N90E,29.057440734103707,175.64715247605756,248,2019,9,5
2019-09-06,8N90E,29.05768717273847,174.88164384148138,249,2019,9,6
2019-09-07,8N90E,29.057933611373233,174.11613520690523,250,2019,9,7
2019-09-08,8N90E,29.058180050007998,173.35062657232905,251,2019,9,8
2019-09-09,8N90E,29.05842648864276,172.5851179377529,252,2019,9,9
2019-09-10,8N90E,29.05867292727752,171.81960930317672,253,2019,9,10
2019-09-11,8N90E,29.058919365912285,171.05410066860057,254,2019,9,11
2019-09-12,8N90E,29.05916580454705,170.2885920340244,255,2019,9,12
2019-09-13,8N90E,29.05941224318181,169.52308339944824,256,2019,9,13
2019-09-14,8N90E,29.059658681816572,168.75757476487206,257,2019,9,14
2019-09-15,8N90E,29.059905120451337,167.99206613029588,258,2019,9,15
2019-09-16,8N90E,29.0601515590861,167.22655749571973,259,2019,9,16
2019-09-17,8N90E,29.060397997720862,166.46104886114358,260,2019,9,17
2019-09-18,8N90E,29.060644436355624,165.6955402265674,261,2019,9,18
2019-09-19,8N90E,29.06089087499039,164.93003159199122,262,2019,9,19
2019-09-20,8N90E,29.061137313625153,164.16452295741507,263,2019,9,20
2019-09-21,8N90E,29.061383752259914,163.3990143228389,264,2019,9,21
2019-09-22,8N90E,29.061630190894675,162.63350568826274,265,2019,9,22
2019-09-23,8N90E,29.06187662952944,161.86799705368657,266,2019,9,23
2019-09-24,8N90E,29.062123068164205,161.10248841911041,267,2019,9,24
2019-09-25,8N90E,29.062369506798966,160.33697978453424,268,2019,9,25
2019-09-26,8N90E,29.062615945433727,159.57147114995809,269,2019,9,26
2019-09-27,8N90E,29.06286238406849,158.8059625153819,270,2019,9,27
2019-09-28,8N90E,29.063108822703256,158.04045388080576,271,2019,9,28
2019-09-29,8N90E,29.063355261338017,157.27494524622958,272,2019,9,29
2019-09-30,8N90E,29.06360169997278,156.50943661165343,273,2019,9,30
2019-10-01,8N90E,29.063848138607543,155.74392797707725,274,2019,10,1
2019-10-02,8N90E,29.064094577242308,154.9784193425011,275,2019,10,2
2019-10-03,8N90E,29.06434101587707,154.21291070792492,276,2019,10,3
2019-10-04,8N90E,29.06458745451183,153.44740207334877,277,2019,10,4
2019-10-05,8N90E,29.064833893146595,152.6818934387726,278,2019,10,5
2019-10-06,8N90E,29.06508033178136,151.9163848041964,279,2019,10,6
2019-10-07,8N90E,29.06532677041612,151.15087616962026,280,2019,10,7
2019-10-08,8N90E,29.065573209050882,150.3853675350441,281,2019,10,8
2019-10-09,8N90E,29.065819647685647,149.61985890046793,282,2019,10,9
2019-10-10,8N90E,29.06606608632041,148.85435026589175,283,2019,10,10
2019-10-11,8N90E,29.066312524955173,148.0888416313156,284,2019,10,11
2019-10-12,8N90E,29.066558963589934,147.32333299673945,285,2019,10,12
2019-10-13,8N90E,29.0668054022247,146.55782436216327,286,2019,10,13
2019-10-14,8N90E,29.067051840859463,145.7923157275871,287,2019,10,14
2019-10-15,8N90E,29.067298279494224,145.02680709301094,288,2019,10,15
2019-10-16,8N90E,29.067544718128985,144.2612984584348,289,2019,10,16
2019-10-17,8N90E,29.06779115676375,143.49578982385862,290,2019,10,17
2019-10-18,8N90E,29.068037595398515,142.73028118928244,291,2019,10,18
2019-10-19,8N90E,29.068284034033276,141.9647725547063,292,2019,10,19
2019-10-20,8N90E,29.068530472668037,141.1992639201301,293,2019,10,20
2019-10-21,8N90E,29.068776911302802,140.43375528555396,294,2019,10,21
2019-10-22,8N90E,29.069023349937567,139.66824665097778,295,2019,10,22
2019-10-23,8N90E,29.069269788572328,138.90273801640163,296,2019,10,23
2019-10-24,8N90E,29.06951622720709,138.13722938182545,297,2019,10,24
2019-10-25,8N90E,29.069762665841854,137.3717207472493,298,2019,10,25
2019-10-26,8N90E,29.07000910447662,136.60621211267312,299,2019,10,26
2019-10-27,8N90E,29.07025554311138,135.84070347809697,300,2019,10,27
2019-10-28,8N90E,29.07050198174614,135.0751948435208,301,2019,10,28
2019-10-29,8N90E,29.070748420380905,134.30968620894464,302,2019,10,29
2019-10-30,8N90E,29.07099485901567,133.54417757436846,303,2019,10,30
2019-10-31,8N90E,29.07124129765043,132.7786689397923,304,2019,10,31
2019-11-01,8N90E,29.071487736285192,132.01316030521613,305,2019,11,1
2019-11-02,8N90E,29.071734174919957,131.24765167063998,306,2019,11,2
2019-11-03,8N90E,29.07198061355472,130.4821430360638,307,2019,11,3
2019-11-04,8N90E,29.072227052189483,129.71663440148762,308,2019,11,4
2019-11-05,8N90E,29.072473490824244,128.95112576691147,309,2019,11,5
2019-11-06,8N90E,29.07271992945901,128.18561713233532,310,2019,11,6
2019-11-07,8N90E,29.072966368093773,127.42010849775914,311,2019,11,7
2019-11-08,8N90E,29.073212806728534,126.65459986318298,312,2019,11,8
2019-11-09,8N90E,29.073459245363296,125.88909122860682,313,2019,11,9
2019-11-10,8N90E,29.07370568399806,125.12358259403065,314,2019,11,10
2019-11-11,8N90E,29.073952122632825,124.35807395945449,315,2019,11,11
2019-11-12,8N90E,29.074198561267586,123.59256532487832,316,2019,11,12
2019-11-13,8N90E,29.074444999902347,122.82705669030216,317,2019,11,13
2019-11-14,8N90E,29.074691438537112,122.06154805572599,318,2019,11,14
2019-11-15,8N90E,29.074937877171877,121.29603942114983,319,2019,11,15
2019-11-16,8N90E,29.075184315806638,120.53053078657366,320,2019,11,16
2019-11-17,8N90E,29.0754307544414,119.7650221519975,321,2019,11,17
2019-11-18,8N90E,29.075677193076164,118.99951351742133,322,2019,11,18
2019-11-19,8N90E,29.07592363171093,118.23400488284517,323,2019,11,19
2019-11-20,8N90E,29.07617007034569,117.46849624826899,324,2019,11,20
2019-11-21,8N90E,29.07641650898045,116.70298761369283,325,2019,11,21
2019-11-22,8N90E,29.076662947615215,115.93747897911666,326,2019,11,22
2019-11-23,8N90E,29.07690938624998,115.1719703445405,327,2019,11,23
2019-11-24,8N90E,29.07715582488474,114.40646170996433,328,2019,11,24
2019-11-25,8N90E,29.077402263519502,113.64095307538817,329,2019,11,25
2019-11-26,8N90E,29.077648702154267,112.875444440812,330,2019,11,26
2019-11-27,8N90E,29.077895140789032,112.10993580623584,331,2019,11,27
2019-11-28,8N90E,29.13,111.34442717165967,332,2019,11,28
2019-11-29,8N90E,29.22,113.6,333,2019,11,29
2019-11-30,8N90E,29.26,186.3,334,2019,11,30
2019-12-01,8N90E,29.25,90.4,335,2019,12,1
2019-12-02,8N90E,29.19,219.2,336,2019,12,2
2019-12-03,8N90E,29.08,224.3,337,2019,12,3
2019-12-04,8N90E,29.08,219.5,338,2019,12,4
2019-12-05,8N90E,29.03,249.5,339,2019,12,5
2019-12-06,8N90E,28.79,107.3,340,2019,12,6
2019-12-07,8N90E,28.52,153.0,341,2019,12,7
2019-12-08,8N90E,28.37,172.1,342,2019,12,8
2019-12-09,8N90E,28.37,246.2,343,2019,12,9
2019-12-10,8N90E,28.37,250.4,344,2019,12,10
2019-12-11,8N90E,28.5,234.2,345,2019,12,11
2019-12-12,8N90E,28.48,249.7,346,2019,12,12
2019-12-13,8N90E,28.41,163.7,347,2019,12,13
2019-12-14,8N90E,28.4,239.1,348,2019,12,14
2019-12-15,8N90E,28.23,210.2,349,2019,12,15
2019-12-16,8N90E,28.09,198.1,350,2019,12,16
2019-12-17,8N90E,28.23,211.1,351,2019,12,17
2019-12-18,8N90E,28.34,231.5,352,2019,12,18
2019-12-19,8N90E,28.35,241.2,353,2019,12,19
2019-12-20,8N90E,28.23,48.8,354,2019,12,20
2019-12-21,8N90E,28.45,167.9,355,2019,12,21
2019-12-22,8N90E,28.59,242.0,356,2019,12,22
2019-12-23,8N90E,28.59,246.1,357,2019,12,23
2019-12-24,8N90E,28.46,245.3,358,2019,12,24
2019-12-25,8N90E,28.38,253.5,359,2019,12,25
2019-12-26,8N90E,28.36,216.3,360,2019,12,26
2019-12-27,8N90E,28.35,253.1,361,2019,12,27
2019-12-28,8N90E,28.14,249.3,362,2019,12,28
2019-12-29,8N90E,28.1,223.2,363,2019,12,29
2019-12-30,8N90E,28.19,232.5,364,2019,12,30
2019-12-31,8N90E,28.2,230.3,365,2019,12,31
2020-01-01,8N90E,28.14,206.7,1,2020,1,1
2020-01-02,8N90E,27.99,250.3,2,2020,1,2
2020-01-03,8N90E,27.9,238.0,3,2020,1,3
2020-01-04,8N90E,28.06,249.9,4,2020,1,4
2020-01-05,8N90E,28.03,241.2,5,2020,1,5
2020-01-06,8N90E,28.05,264.6,6,2020,1,6
2020-01-07,8N90E,28.07,236.4,7,2020,1,7
2020-01-08,8N90E,28.19,244.9,8,2020,1,8
2020-01-09,8N90E,28.24,207.9,9,2020,1,9
2020-01-10,8N90E,28.42,229.6,10,2020,1,10
2020-01-11,8N90E,28.36,191.3,11,2020,1,11
2020-01-12,8N90E,28.25,246.2,12,2020,1,12
2020-01-13,8N90E,28.19,229.9,13,2020,1,13
2020-01-14,8N90E,28.17,221.5,14,2020,1,14
2020-01-15,8N90E,28.28,232.3,15,2020,1,15
2020-01-16,8N90E,28.36,254.8,16,2020,1,16
2020-01-17,8N90E,28.35,250.7,17,2020,1,17
2020-01-18,8N90E,28.31,234.9,18,2020,1,18
2020-01-19,8N90E,28.32,253.0,19,2020,1,19
2020-01-20,8N90E,28.22,187.5,20,2020,1,20
2020-01-21,8N90E,28.25,249.2,21,2020,1,21
2020-01-22,8N90E,28.24,202.0,22,2020,1,22
2020-01-23,8N90E,28.19,234.9,23,2020,1,23
2020-01-24,8N90E,28.31,260.2,24,2020,1,24
2020-01-25,8N90E,28.31,254.8,25,2020,1,25
2020-01-26,8N90E,28.27,268.3,26,2020,1,26
2020-01-27,8N90E,28.29,273.1,27,2020,1,27
2020-01-28,8N90E,28.2,237.6,28,2020,1,28
2020-01-29,8N90E,28.15,219.6,29,2020,1,29
2020-01-30,8N90E,28.13,253.4,30,2020,1,30
2020-01-31,8N90E,28.07,260.1,31,2020,1,31
2020-02-01,8N90E,28.1,262.9,32,2020,2,1
2020-02-02,8N90E,28.16,237.0,33,2020,2,2
2020-02-03,8N90E,28.18,239.6,34,2020,2,3
2020-02-04,8N90E,28.25,261.3,35,2020,2,4
2020-02-05,8N90E,28.34,252.5,36,2020,2,5
2020-02-06,8N90E,28.33,240.1,37,2020,2,6
2020-02-07,8N90E,28.26,259.0,38,2020,2,7
2020-02-08,8N90E,28.27,218.7,39,2020,2,8
2020-02-09,8N90E,28.28,247.9,40,2020,2,9
2020-02-10,8N90E,28.3,257.8,41,2020,2,10
2020-02-11,8N90E,28.27,253.2,42,2020,2,11
2020-02-12,8N90E,28.26,251.3,43,2020,2,12
2020-02-13,8N90E,28.15,246.4,44,2020,2,13
2020-02-14,8N90E,28.24,212.5,45,2020,2,14
2020-02-15,8N90E,28.37,258.8,46,2020,2,15
2020-02-16,8N90E,28.44,285.5,47,2020,2,16
2020-02-17,8N90E,28.34,284.3,48,2020,2,17
2020-02-18,8N90E,28.54,289.6,49,2020,2,18
2020-02-19,8N90E,28.44,262.6,50,2020,2,19
2020-02-20,8N90E,28.34,195.9,51,2020,2,20
2020-02-21,8N90E,28.31,232.8,52,2020,2,21
