Date,Year,Month,Day,SST,TEMP_10.0m,TEMP_13.0m,TEMP_20.0m,TEMP_40.0m,TEMP_60.0m,TEMP_80.0m,TEMP_100.0m,TEMP_120.0m,TEMP_140.0m,TEMP_180.0m,TEMP_300.0m,TEMP_500.0m
2006-11-15,2006,11,15,29.04,29.06,29.06,29.11,29.05,28.12,26.52,22.5,19.73,17.7,14.93,11.82,9.73
2006-11-16,2006,11,16,28.62,28.86,28.86,29.05,28.96,28.23,27.17,23.02,20.05,17.91,15.1,11.73,9.8
2006-11-17,2006,11,17,28.79,28.8,28.82,29.01,29.11,28.13,26.78,23.02,20.28,18.06,14.84,11.77,9.81
2006-11-18,2006,11,18,28.86,28.88,28.96,29.11,29.06,27.96,26.82,23.61,20.05,17.86,15.07,11.71,9.67
2006-11-19,2006,11,19,28.73,28.84,29.0,29.08,29.11,28.12,26.34,22.73,19.97,17.88,14.95,11.62,9.78
2006-11-20,2006,11,20,28.99,28.86,28.88,29.03,29.2,28.01,26.2,22.52,20.08,17.97,15.03,11.63,9.64
2006-11-21,2006,11,21,28.84,28.81,28.84,28.93,29.36,27.88,26.19,22.82,19.99,17.89,15.01,11.58,9.68
2006-11-22,2006,11,22,29.04,28.92,28.98,29.1,29.19,27.48,25.87,22.49,19.89,18.05,14.95,11.55,9.7
2006-11-23,2006,11,23,29.29,29.2,29.19,29.17,29.11,27.66,25.42,22.83,19.47,17.65,14.59,11.4,9.58
2006-11-24,2006,11,24,29.39,29.22,29.18,29.15,29.14,27.72,25.14,22.35,19.76,17.61,14.78,11.43,9.67
2006-11-25,2006,11,25,29.23,29.21,29.21,29.2,29.05,27.89,25.49,22.74,19.59,17.84,14.73,11.37,9.62
2006-11-26,2006,11,26,29.37,29.35,29.31,29.26,29.16,28.0,25.31,22.35,19.27,17.56,14.67,11.36,9.63
2006-11-27,2006,11,27,29.23,29.27,29.27,29.29,29.12,27.82,25.09,22.25,19.66,17.54,14.48,11.35,9.64
2006-11-28,2006,11,28,29.13,29.16,29.18,29.24,29.07,27.85,25.3,22.51,19.07,17.59,14.6,11.26,9.58
2006-11-29,2006,11,29,29.15,29.17,29.17,29.26,29.16,27.76,25.03,22.01,18.91,17.19,14.38,11.43,9.68
2006-11-30,2006,11,30,29.16,29.17,29.17,29.25,29.18,27.57,24.83,21.72,19.34,17.21,14.34,11.46,9.65
2006-12-01,2006,12,1,29.09,29.1,29.1,29.11,29.32,28.11,25.27,21.65,18.89,17.08,14.26,11.44,9.77
2006-12-02,2006,12,2,29.01,29.03,29.02,29.02,29.24,28.09,25.46,21.6,18.69,17.03,14.22,11.48,9.76
2006-12-03,2006,12,3,28.95,28.96,28.95,28.94,29.0,27.62,24.34,21.44,18.89,16.53,14.06,11.47,9.76
2006-12-04,2006,12,4,28.95,28.97,28.96,28.95,28.52,27.06,24.94,21.82,18.87,16.62,14.3,11.52,9.84
2006-12-05,2006,12,5,28.95,28.96,28.95,28.95,27.83,26.52,24.74,21.67,19.15,16.93,14.2,11.3,9.73
2006-12-06,2006,12,6,28.93,28.93,28.91,28.94,28.04,26.28,23.78,20.78,18.4,16.3,14.08,11.48,9.76
2006-12-07,2006,12,7,28.94,28.94,28.93,28.91,28.33,26.3,23.63,21.02,18.82,16.3,14.02,11.43,9.74
2006-12-08,2006,12,8,29.03,29.05,29.03,29.02,28.28,26.57,24.08,21.31,18.81,16.36,13.84,11.43,9.74
2006-12-09,2006,12,9,29.07,29.08,29.07,29.06,28.81,26.76,24.13,20.41,18.01,16.08,14.04,11.37,9.7
2006-12-10,2006,12,10,29.09,29.06,29.05,29.04,28.84,26.42,23.71,20.56,18.47,16.69,13.81,11.45,9.75
2006-12-11,2006,12,11,29.06,29.06,29.05,29.04,28.86,26.24,23.83,20.84,18.56,16.2,13.69,11.36,9.7
2006-12-12,2006,12,12,29.04,29.04,29.03,29.02,28.8,25.92,23.53,20.43,17.88,15.99,13.75,11.38,9.78
2006-12-13,2006,12,13,28.97,28.99,28.98,28.98,29.01,27.43,24.06,20.19,17.8,16.26,13.71,11.45,9.71
2006-12-14,2006,12,14,28.93,28.9,28.88,28.87,28.88,27.5,23.59,19.93,17.92,16.09,13.46,11.34,9.73
2006-12-15,2006,12,15,28.89,28.9,28.89,28.88,28.92,26.88,23.28,19.86,17.16,15.37,13.61,11.48,9.76
2006-12-16,2006,12,16,28.9,28.91,28.9,28.9,28.88,26.04,22.88,19.65,17.32,15.71,13.77,11.35,9.71
2006-12-17,2006,12,17,28.91,28.92,28.91,28.91,28.93,26.08,22.42,18.8,16.86,15.36,13.41,11.37,9.77
2006-12-18,2006,12,18,28.89,28.91,28.9,28.9,28.81,25.8,22.45,19.17,16.88,15.09,13.54,11.47,9.73
2006-12-19,2006,12,19,28.93,28.95,28.94,28.93,28.63,26.21,22.58,18.85,16.81,15.33,13.72,11.35,9.73
2006-12-20,2006,12,20,28.77,28.79,28.78,28.78,28.29,25.31,21.81,18.58,16.59,15.13,13.39,11.39,9.79
2006-12-21,2006,12,21,28.29,28.3,28.3,28.3,28.09,25.39,21.8,18.31,16.62,15.17,13.43,11.4,9.79
2006-12-22,2006,12,22,28.15,28.17,28.16,28.16,28.15,24.76,21.83,18.94,16.91,15.35,13.39,11.35,9.75
2006-12-23,2006,12,23,28.17,28.18,28.18,28.17,28.16,24.54,21.47,18.59,16.66,15.24,13.26,11.34,9.81
2006-12-24,2006,12,24,28.17,28.19,28.18,28.18,28.18,25.87,22.59,18.91,16.74,15.16,13.27,11.36,9.8
2006-12-25,2006,12,25,28.07,28.08,28.08,28.07,27.93,24.99,21.37,18.77,16.57,15.03,13.15,11.29,9.76
2006-12-26,2006,12,26,28.02,28.02,28.0,27.99,27.81,25.26,21.6,18.75,16.68,15.15,13.05,11.24,9.77
2006-12-27,2006,12,27,27.98,27.99,27.97,27.96,27.94,25.91,21.42,18.77,16.62,15.04,13.01,11.26,9.74
2006-12-28,2006,12,28,27.9,27.9,27.89,27.9,27.5,24.43,21.61,18.74,16.97,15.12,13.22,11.3,9.78
2006-12-29,2006,12,29,27.77,27.79,27.78,27.78,26.8,24.08,21.24,18.5,16.93,15.19,13.06,11.25,9.77
2006-12-30,2006,12,30,27.62,27.63,27.63,27.62,26.59,24.14,20.84,18.51,17.07,15.37,12.97,11.21,9.8
2006-12-31,2006,12,31,27.53,27.54,27.53,27.52,26.37,23.83,20.59,18.49,16.63,14.78,13.17,11.24,9.73
2007-01-01,2007,1,1,27.51,27.52,27.51,27.5,26.31,23.58,21.23,18.75,16.65,15.02,13.14,11.18,9.78
2007-01-02,2007,1,2,27.45,27.46,27.46,27.45,26.74,23.64,21.28,18.64,16.35,14.83,13.01,11.22,9.68
2007-01-03,2007,1,3,27.41,27.4,27.38,27.38,26.27,23.38,21.53,18.52,16.29,14.96,13.11,11.26,9.76
2007-01-04,2007,1,4,27.41,27.41,27.4,27.38,26.05,23.68,21.88,18.74,16.57,14.96,13.07,11.23,9.73
2007-01-05,2007,1,5,27.63,27.64,27.63,27.63,27.07,24.32,21.85,18.77,16.56,14.98,13.1,11.27,9.72
2007-01-06,2007,1,6,27.92,27.93,27.92,27.91,27.89,25.42,22.24,19.32,16.77,15.1,13.32,11.26,9.71
2007-01-07,2007,1,7,27.84,27.93,27.93,27.93,27.94,24.99,22.01,19.34,16.92,15.21,13.27,11.39,9.78
2007-01-08,2007,1,8,27.95,27.98,27.98,27.99,28.05,26.79,23.25,19.95,17.11,15.3,13.37,11.35,9.76
2007-01-09,2007,1,9,27.74,27.75,27.75,27.76,27.9,26.43,22.77,19.73,17.47,15.54,13.56,11.37,9.85
2007-01-10,2007,1,10,27.81,27.81,27.8,27.79,27.89,26.88,23.35,20.51,17.97,15.89,13.54,11.4,9.82
2007-01-11,2007,1,11,27.84,27.85,27.84,27.83,27.88,27.02,23.29,20.43,18.18,15.87,13.6,11.35,9.79
2007-01-12,2007,1,12,27.86,27.87,27.86,27.85,27.81,26.37,23.56,20.29,18.28,16.47,14.0,11.47,9.82
2007-01-13,2007,1,13,27.87,27.88,27.87,27.86,27.84,26.72,24.23,20.76,18.54,16.57,13.87,11.43,9.94
2007-01-14,2007,1,14,27.99,27.99,27.98,27.98,27.98,26.46,24.05,20.08,18.14,16.21,14.05,11.5,9.94
2007-01-15,2007,1,15,27.92,27.92,27.91,27.9,27.9,27.57,24.69,20.69,18.38,16.85,14.17,11.61,9.95
2007-01-16,2007,1,16,27.75,27.76,27.75,27.73,27.85,27.37,23.25,21.05,18.48,16.62,13.89,11.71,9.92
2007-01-17,2007,1,17,27.79,27.79,27.78,27.77,27.88,26.32,23.44,20.78,18.32,16.45,13.97,11.64,10.01
2007-01-18,2007,1,18,27.86,27.87,27.85,27.83,27.95,25.11,22.81,20.12,17.63,16.33,14.05,11.72,10.07
2007-01-19,2007,1,19,27.93,27.93,27.92,27.92,27.86,25.48,22.62,19.5,17.33,16.62,14.22,11.81,10.0
2007-01-20,2007,1,20,28.08,28.09,28.09,28.08,27.87,24.88,21.71,19.42,17.72,16.59,14.08,11.79,10.08
2007-01-21,2007,1,21,28.18,28.19,28.18,28.17,27.6,24.44,21.72,19.06,17.97,16.51,13.98,11.86,10.1
2007-01-22,2007,1,22,28.25,28.26,28.26,28.26,27.25,23.37,22.02,19.07,17.46,16.24,14.06,11.93,10.06
2007-01-23,2007,1,23,28.11,28.12,28.11,28.11,26.93,22.98,21.3,19.03,17.41,16.18,14.36,11.95,10.09
2007-01-24,2007,1,24,28.18,28.2,28.19,28.19,26.95,23.66,21.41,19.07,17.3,16.34,14.43,12.01,10.15
2007-01-25,2007,1,25,28.41,28.43,28.42,28.42,27.91,23.99,21.9,19.51,17.26,16.19,14.33,11.98,10.22
2007-01-26,2007,1,26,28.04,28.06,28.06,28.22,27.58,23.94,21.52,19.06,17.62,16.26,14.25,12.13,10.16
2007-01-27,2007,1,27,28.14,28.16,28.16,28.17,27.68,24.09,21.69,19.25,17.88,16.74,14.39,12.2,10.17
2007-01-28,2007,1,28,28.22,28.23,28.22,28.2,27.84,24.03,20.83,18.64,17.56,16.44,14.59,11.98,10.25
2007-01-29,2007,1,29,28.17,28.18,28.18,28.21,27.82,23.5,21.12,18.76,17.9,16.89,14.94,12.03,10.16
2007-01-30,2007,1,30,27.69,27.71,27.7,27.69,26.24,23.34,20.81,19.44,18.28,17.11,14.74,12.03,10.22
2007-01-31,2007,1,31,27.74,27.75,27.74,27.73,27.62,24.03,21.11,19.83,18.66,17.53,14.91,11.96,10.16
2007-02-01,2007,2,1,28.07,28.08,28.08,28.07,28.01,24.05,20.97,19.78,18.53,17.24,15.17,12.01,10.2
2007-02-02,2007,2,2,28.23,28.24,28.24,28.23,28.2,25.04,21.35,19.79,18.68,17.87,15.47,11.95,10.19
2007-02-03,2007,2,3,28.25,28.26,28.26,28.25,28.24,25.77,22.51,19.97,18.66,17.9,15.35,12.04,10.19
2007-02-04,2007,2,4,28.3,28.32,28.31,28.31,28.3,26.16,22.13,20.01,18.45,17.75,15.24,11.99,10.17
2007-02-05,2007,2,5,28.35,28.36,28.35,28.34,28.32,26.52,22.35,20.18,19.02,17.81,15.45,12.06,10.22
2007-02-06,2007,2,6,28.38,28.37,28.35,28.34,28.33,27.16,22.96,20.72,19.36,17.93,15.72,12.06,10.22
2007-02-07,2007,2,7,28.41,28.4,28.39,28.37,28.36,28.11,23.38,20.48,19.5,17.9,15.51,12.08,10.21
2007-02-08,2007,2,8,28.44,28.43,28.41,28.4,28.37,28.24,23.84,20.87,19.41,18.04,15.77,12.19,10.22
2007-02-09,2007,2,9,28.38,28.41,28.41,28.4,28.39,28.2,23.91,21.2,19.59,18.05,15.7,12.11,10.29
2007-02-10,2007,2,10,28.55,28.56,28.56,28.55,28.53,28.32,25.53,21.41,19.9,18.2,15.69,12.22,10.18
2007-02-11,2007,2,11,28.65,28.64,28.63,28.61,28.59,28.56,26.03,21.75,19.6,18.06,15.72,12.26,10.2
2007-02-12,2007,2,12,28.69,28.66,28.64,28.63,28.6,28.59,26.45,22.22,19.69,18.32,15.75,12.29,10.18
2007-02-13,2007,2,13,28.75,28.63,28.62,28.62,28.62,28.57,26.34,21.9,20.02,18.33,15.79,12.22,10.16
2007-02-14,2007,2,14,28.9,28.51,28.49,28.5,28.62,28.58,26.65,22.46,20.18,18.79,15.86,12.19,10.19
2007-02-15,2007,2,15,28.78,28.65,28.57,28.51,28.6,28.57,27.14,22.88,20.61,18.45,15.77,12.1,10.11
2007-02-16,2007,2,16,28.76,28.68,28.65,28.65,28.62,28.61,27.39,23.2,20.77,18.72,16.06,11.96,10.11
2007-02-17,2007,2,17,28.74,28.73,28.72,28.72,28.7,28.63,26.42,23.07,20.76,19.06,15.74,12.1,10.07
2007-02-18,2007,2,18,28.53,28.55,28.54,28.56,28.67,28.5,26.49,23.7,20.57,18.69,15.78,12.15,10.06
2007-02-19,2007,2,19,28.35,28.36,28.35,28.36,28.57,28.44,27.56,23.1,20.54,18.88,16.03,12.05,10.05
2007-02-20,2007,2,20,28.25,28.27,28.26,28.26,28.61,28.56,27.09,22.97,20.95,19.24,16.13,11.95,10.07
2007-02-21,2007,2,21,28.19,28.2,28.19,28.18,28.29,28.53,26.37,22.77,20.44,18.97,15.63,11.89,10.07
2007-02-22,2007,2,22,28.19,28.2,28.19,28.18,28.23,28.43,25.83,22.52,20.53,18.78,15.65,11.87,10.04
2007-10-10,2007,10,10,28.56,28.49,28.47,28.44,28.42,28.39,28.23,25.08,21.73,18.63,15.12,11.85,10.05
2007-10-11,2007,10,11,28.87,28.52,28.49,28.47,28.45,28.42,27.99,24.92,21.77,19.12,15.79,11.79,9.94
2007-10-12,2007,10,12,28.8,28.67,28.63,28.54,28.44,28.38,27.81,24.62,21.32,18.51,14.89,11.81,9.92
2007-10-13,2007,10,13,28.67,28.65,28.64,28.61,28.49,28.48,28.23,25.7,22.38,19.54,15.79,11.76,9.74
2007-10-14,2007,10,14,28.58,28.58,28.57,28.57,28.51,28.48,28.18,24.8,21.71,18.94,15.61,11.71,9.86
2007-10-15,2007,10,15,28.63,28.6,28.59,28.57,28.47,28.42,27.76,25.03,22.35,19.39,15.04,11.69,9.92
2007-10-16,2007,10,16,28.77,28.58,28.58,28.56,28.5,28.27,27.71,25.25,21.64,18.85,15.51,11.61,9.94
2007-10-17,2007,10,17,29.0,28.65,28.62,28.59,28.39,28.22,27.44,24.68,21.77,18.9,15.13,11.51,10.0
2007-10-18,2007,10,18,28.97,28.73,28.66,28.54,28.36,28.22,27.69,25.21,21.66,19.13,15.6,11.56,9.97
2007-10-19,2007,10,19,28.96,28.83,28.76,28.64,28.49,28.38,27.8,25.5,21.9,19.04,15.3,11.6,9.9
2007-10-20,2007,10,20,28.96,29.05,28.94,28.74,28.56,28.47,27.73,24.49,21.12,18.83,15.19,11.58,9.89
2007-10-21,2007,10,21,28.73,28.86,28.85,28.77,28.62,28.38,27.95,24.67,21.26,18.77,15.13,11.56,9.9
2007-10-22,2007,10,22,28.72,28.72,28.74,28.74,28.59,28.38,27.82,24.02,20.26,18.54,14.98,11.64,9.87
2007-10-23,2007,10,23,28.26,28.23,28.27,28.52,28.66,28.51,27.83,24.51,20.92,18.42,15.01,11.58,9.87
2007-10-24,2007,10,24,28.25,28.24,28.26,28.26,28.64,28.39,27.8,23.64,20.49,18.31,14.97,11.69,9.87
2007-10-25,2007,10,25,28.29,28.4,28.48,28.64,28.64,28.5,27.95,23.7,20.07,18.0,15.05,11.74,9.84
2007-10-26,2007,10,26,28.5,28.47,28.48,28.6,28.62,28.42,27.72,23.64,20.27,17.96,14.95,11.65,9.81
2007-10-27,2007,10,27,28.4,28.4,28.42,28.58,28.64,28.32,27.33,22.44,19.76,17.61,14.98,11.75,9.89
2007-10-28,2007,10,28,28.23,28.24,28.26,28.32,28.48,28.36,27.39,22.95,19.64,17.61,14.96,11.84,9.96
2007-10-29,2007,10,29,28.15,28.2,28.23,28.28,28.38,28.33,27.19,22.94,19.44,17.15,14.79,11.75,9.87
2007-10-30,2007,10,30,28.3,28.32,28.33,28.33,28.36,28.22,27.14,22.16,19.21,17.05,14.97,11.73,9.92
2007-10-31,2007,10,31,28.24,28.32,28.33,28.33,28.38,28.33,27.25,22.74,19.23,17.05,14.97,11.79,9.89
2007-11-01,2007,11,1,28.35,28.31,28.3,28.29,28.44,28.58,27.65,23.69,19.56,17.28,14.87,11.72,9.96
2007-11-02,2007,11,2,28.25,28.26,28.26,28.28,28.49,28.54,26.83,22.15,18.83,17.12,14.59,11.76,9.95
2007-11-03,2007,11,3,28.36,28.34,28.34,28.45,28.68,28.62,27.3,23.08,19.52,17.16,14.59,11.63,9.96
2007-11-04,2007,11,4,28.67,28.34,28.33,28.31,28.5,28.54,27.95,24.17,19.62,17.6,14.81,11.71,9.88
2007-11-05,2007,11,5,28.89,28.37,28.34,28.32,28.39,28.49,27.54,22.81,19.04,17.22,14.48,11.66,9.95
2007-11-06,2007,11,6,28.9,28.43,28.39,28.36,28.43,28.67,27.42,23.26,19.56,17.56,14.54,11.68,9.95
2007-11-07,2007,11,7,28.79,28.62,28.58,28.38,28.5,28.46,27.58,24.28,19.86,17.84,14.68,11.67,9.95
2007-11-08,2007,11,8,28.8,28.67,28.61,28.44,28.55,28.43,27.28,23.09,19.08,17.35,14.51,11.74,9.93
2007-11-09,2007,11,9,28.64,28.57,28.55,28.49,28.45,28.49,27.53,23.18,19.74,17.53,14.43,11.62,9.96
2007-11-10,2007,11,10,28.63,28.64,28.61,28.49,28.35,27.96,25.88,23.26,19.69,17.48,14.33,11.59,9.91
2007-11-11,2007,11,11,28.6,28.58,28.57,28.55,28.34,28.3,27.31,23.24,19.24,17.2,14.27,11.7,9.94
2007-11-12,2007,11,12,28.57,28.57,28.56,28.55,28.36,28.26,27.36,22.91,19.94,17.93,14.62,11.65,9.98
2007-11-13,2007,11,13,28.54,28.54,28.53,28.52,28.31,28.26,26.33,23.35,19.68,17.18,14.11,11.59,9.88
2007-11-14,2007,11,14,28.69,28.55,28.52,28.49,28.3,28.19,26.93,22.26,19.09,17.15,14.43,11.53,9.89
2007-11-15,2007,11,15,28.85,28.61,28.58,28.57,28.41,28.18,26.94,22.7,19.79,17.47,14.31,11.63,9.98
2007-11-16,2007,11,16,29.0,28.62,28.59,28.56,28.47,28.13,26.62,22.74,19.39,17.32,14.36,11.67,9.95
2007-11-17,2007,11,17,28.71,28.68,28.66,28.6,28.51,28.2,27.68,23.78,19.84,17.86,14.76,11.64,9.92
2007-11-18,2007,11,18,28.75,28.69,28.67,28.62,28.32,28.04,26.08,22.39,19.71,17.6,14.66,11.71,9.96
2007-11-19,2007,11,19,28.73,28.66,28.63,28.62,28.55,28.12,26.92,23.53,19.62,17.68,14.72,11.64,9.85
2007-11-20,2007,11,20,28.74,28.69,28.68,28.67,28.71,27.95,26.62,23.12,19.8,18.12,14.96,11.72,9.9
2007-11-21,2007,11,21,28.64,28.71,28.72,28.79,28.67,27.91,26.68,23.0,19.66,18.04,14.98,11.66,9.91
2007-11-22,2007,11,22,28.74,28.83,28.84,28.84,28.59,28.19,26.91,23.02,20.06,18.07,14.88,11.79,9.92
2007-11-23,2007,11,23,28.95,28.85,28.86,28.9,28.48,28.02,27.0,23.68,20.07,18.34,15.34,11.74,9.89
2007-11-24,2007,11,24,28.86,28.88,28.94,28.95,28.51,28.09,27.1,24.42,20.42,18.43,15.39,11.7,9.88
2007-11-25,2007,11,25,28.89,28.88,28.89,28.84,28.6,28.09,26.62,23.19,20.09,18.28,15.15,11.82,9.95
2007-11-26,2007,11,26,28.94,28.85,28.83,28.82,28.52,27.87,26.71,23.71,20.39,18.39,15.4,11.7,9.86
2007-11-27,2007,11,27,29.32,28.94,28.92,28.87,28.59,27.96,26.78,23.99,20.23,18.38,15.42,11.68,9.9
2007-11-28,2007,11,28,28.99,28.91,28.9,28.88,28.57,28.24,27.28,23.21,20.39,18.58,15.27,11.82,9.87
2007-11-29,2007,11,29,28.82,28.81,28.81,28.79,28.64,27.95,25.97,22.71,20.62,18.43,15.57,11.73,9.96
2007-11-30,2007,11,30,28.85,28.84,28.83,28.81,28.66,27.85,25.79,22.58,20.34,18.36,15.27,11.79,9.87
2007-12-01,2007,12,1,28.74,28.73,28.73,28.72,28.53,27.98,26.71,23.05,21.42,19.14,15.8,11.93,9.95
2007-12-02,2007,12,2,28.72,28.73,28.73,28.72,28.69,28.15,25.94,22.76,20.89,18.69,15.37,11.73,9.91
2007-12-03,2007,12,3,28.69,28.69,28.69,28.68,28.71,28.14,25.69,22.64,21.36,19.11,15.83,11.98,9.94
2007-12-04,2007,12,4,28.66,28.66,28.66,28.64,28.67,27.86,25.56,22.86,21.26,19.18,15.59,11.79,9.94
2007-12-05,2007,12,5,28.56,28.56,28.56,28.54,28.6,27.82,24.51,22.76,21.4,19.32,15.81,11.92,9.93
2007-12-06,2007,12,6,27.91,27.9,27.9,27.88,27.88,27.95,24.83,23.04,21.29,19.4,15.99,11.91,9.99
2007-12-07,2007,12,7,28.02,28.02,28.01,28.0,27.97,26.18,24.57,23.29,21.85,19.56,16.42,11.93,9.94
2007-12-08,2007,12,8,27.96,28.14,28.14,28.13,28.07,26.08,24.34,23.37,22.54,19.91,16.18,11.94,9.96
2007-12-09,2007,12,9,28.06,28.09,28.1,28.1,27.62,26.08,24.64,23.62,22.15,19.95,16.45,11.99,10.02
2007-12-10,2007,12,10,27.97,28.06,28.09,28.11,28.14,27.83,26.61,23.94,22.47,20.58,16.88,12.1,10.05
2007-12-11,2007,12,11,28.13,28.12,28.12,28.11,28.25,28.33,27.41,24.03,22.72,20.44,16.25,12.03,10.01
2007-12-12,2007,12,12,28.2,28.22,28.22,28.2,28.24,28.42,27.54,24.27,22.84,20.49,16.96,12.13,10.14
2007-12-13,2007,12,13,28.08,28.11,28.12,28.14,28.24,28.45,28.36,27.15,23.7,21.41,16.99,12.16,10.07
2007-12-14,2007,12,14,28.1,28.1,28.11,28.14,28.22,28.43,28.43,28.09,23.88,20.91,16.9,12.15,10.14
2007-12-15,2007,12,15,27.88,27.91,28.01,28.13,28.25,28.44,28.37,27.56,23.78,20.25,16.35,12.09,10.07
2007-12-16,2007,12,16,27.95,27.91,27.93,28.09,28.25,28.41,28.36,26.83,23.19,20.83,16.6,12.14,10.05
2007-12-17,2007,12,17,28.04,28.04,28.04,28.04,28.21,28.41,28.4,27.93,24.11,20.97,16.49,12.0,10.13
2007-12-18,2007,12,18,28.11,28.1,28.09,28.08,28.15,28.24,28.5,28.13,25.74,21.26,16.61,12.27,10.07
2007-12-19,2007,12,19,28.14,28.13,28.12,28.09,28.14,28.27,28.42,27.53,23.55,20.37,16.14,12.04,10.15
2007-12-20,2007,12,20,28.11,28.1,28.1,28.09,28.2,28.41,28.27,27.34,23.57,20.19,16.18,12.15,10.1
2007-12-21,2007,12,21,28.14,28.12,28.11,28.1,28.19,28.25,28.41,28.03,24.73,20.96,16.33,12.08,10.12
2007-12-22,2007,12,22,28.2,28.15,28.14,28.11,28.18,28.2,28.38,27.03,22.65,20.24,16.17,12.06,10.14
2007-12-23,2007,12,23,28.25,28.22,28.21,28.18,28.17,28.24,28.37,26.21,22.64,19.88,15.97,12.19,10.23
2007-12-24,2007,12,24,28.17,28.16,28.15,28.13,28.19,28.36,28.03,25.06,22.33,19.62,16.05,12.04,10.18
2007-12-25,2007,12,25,28.16,28.12,28.12,28.11,28.18,28.2,28.14,25.68,22.29,19.94,16.18,12.06,10.15
2007-12-26,2007,12,26,28.14,28.1,28.09,28.07,28.23,28.19,27.52,24.64,22.04,19.52,15.37,12.11,10.18
2007-12-27,2007,12,27,28.12,28.08,28.07,28.05,28.19,28.21,27.99,25.74,21.99,18.96,15.79,12.05,10.21
2007-12-28,2007,12,28,28.18,28.11,28.1,28.08,28.2,28.14,27.91,24.9,21.36,18.96,15.78,12.02,10.18
2007-12-29,2007,12,29,28.13,28.11,28.11,28.09,28.26,28.08,27.68,24.69,21.2,18.62,15.26,12.06,10.18
2007-12-30,2007,12,30,28.05,28.0,28.0,28.0,28.12,28.08,27.14,24.36,21.24,18.36,15.07,12.04,10.17
2007-12-31,2007,12,31,28.04,27.98,27.98,27.99,28.25,28.09,27.25,23.93,20.48,18.24,15.44,11.96,10.19
2008-01-01,2008,1,1,27.99,27.98,27.98,27.96,28.07,27.65,26.01,23.42,20.21,17.87,14.82,11.97,10.17
2008-01-02,2008,1,2,28.09,27.97,27.97,27.95,27.99,27.53,25.23,22.22,19.66,17.64,14.77,11.85,10.14
2008-01-03,2008,1,3,28.13,27.93,27.91,27.9,27.99,27.67,25.36,22.53,19.72,17.86,15.01,11.95,10.22
2008-01-04,2008,1,4,28.03,27.92,27.9,27.88,27.72,26.76,24.72,22.24,19.71,17.74,14.65,11.92,10.13
2008-01-05,2008,1,5,27.98,27.93,27.91,27.88,27.78,25.57,23.52,20.96,19.17,17.3,14.44,11.9,10.16
2008-01-06,2008,1,6,28.09,27.98,27.96,27.92,27.74,25.91,23.81,21.58,19.48,17.18,14.49,11.74,10.15
2008-01-07,2008,1,7,28.0,27.98,27.97,27.94,27.75,26.42,23.76,21.12,19.41,17.83,14.79,11.92,10.12
2008-01-08,2008,1,8,27.97,27.95,27.94,27.91,27.28,25.86,23.64,21.3,19.11,16.83,14.19,11.91,10.17
2008-01-09,2008,1,9,28.01,27.97,27.97,27.95,27.58,25.23,23.38,20.92,19.1,17.17,14.6,11.79,10.02
2008-01-10,2008,1,10,28.02,27.98,27.96,27.93,27.46,25.79,23.12,20.74,18.86,16.94,14.4,11.83,10.16
2008-01-11,2008,1,11,28.26,28.19,28.16,28.13,27.67,25.11,23.16,21.0,19.19,17.11,14.43,11.85,10.1
2008-01-12,2008,1,12,28.08,28.05,28.06,28.08,27.8,25.08,23.26,20.7,18.62,16.9,14.35,11.83,10.11
2008-01-13,2008,1,13,28.2,28.19,28.18,28.16,27.99,26.09,22.51,20.12,18.51,16.57,14.35,11.75,10.12
2008-01-14,2008,1,14,28.47,28.46,28.45,28.44,28.3,26.01,23.08,20.56,18.75,17.05,14.42,11.79,10.05
2008-01-15,2008,1,15,28.42,28.41,28.4,28.37,28.26,25.49,22.55,20.3,18.34,16.57,14.26,11.82,10.13
2008-01-16,2008,1,16,28.5,28.49,28.48,28.45,28.1,25.38,22.48,20.66,18.73,16.6,14.33,11.73,10.07
2008-01-17,2008,1,17,28.5,28.49,28.49,28.46,27.06,24.36,22.47,20.45,18.79,17.09,14.45,11.74,10.1
2008-01-18,2008,1,18,28.38,28.38,28.37,28.38,27.66,24.66,22.56,19.92,18.48,16.51,14.13,11.78,10.1
2008-01-19,2008,1,19,28.36,28.33,28.33,28.31,27.4,24.56,22.42,19.64,18.19,16.63,14.24,11.73,10.08
2008-01-20,2008,1,20,28.3,28.3,28.29,28.28,27.29,24.3,21.77,19.14,17.6,16.57,14.16,11.69,10.09
2008-01-21,2008,1,21,28.3,28.28,28.27,28.26,27.12,23.77,21.15,18.86,17.2,15.93,13.99,11.71,10.04
2008-01-22,2008,1,22,28.24,28.24,28.23,28.21,26.65,23.7,20.84,18.51,16.89,15.77,14.02,11.66,10.06
2008-01-23,2008,1,23,28.22,28.22,28.21,28.19,27.25,23.81,21.12,18.35,16.86,15.82,13.95,11.63,10.11
2008-01-24,2008,1,24,28.31,28.3,28.29,28.26,28.08,24.88,21.88,19.64,17.71,16.25,14.19,11.79,10.11
2008-01-25,2008,1,25,28.37,28.34,28.33,28.3,28.23,25.86,23.11,20.17,17.95,16.33,14.37,11.75,10.14
2008-01-26,2008,1,26,28.35,28.34,28.33,28.3,28.11,25.33,23.29,20.86,18.81,17.1,14.52,11.75,10.09
2008-01-27,2008,1,27,28.42,28.32,28.32,28.33,28.04,26.14,23.47,21.24,19.16,17.13,14.58,11.86,10.11
2008-01-28,2008,1,28,28.44,28.47,28.51,28.54,28.72,27.5,23.79,21.34,19.52,17.84,14.81,11.86,10.1
2008-01-29,2008,1,29,28.86,28.66,28.62,28.56,28.6,26.81,24.17,21.71,19.86,17.98,15.05,11.82,10.1
2008-01-30,2008,1,30,28.63,28.68,28.67,28.63,28.52,27.13,24.58,21.73,19.98,18.01,14.85,11.98,10.14
2008-01-31,2008,1,31,29.1,28.78,28.75,28.69,28.46,27.59,25.11,22.49,20.56,18.66,15.32,11.91,10.1
2008-02-01,2008,2,1,29.28,28.94,28.93,29.01,28.66,28.13,25.45,22.88,20.77,18.71,15.32,11.86,10.12
2008-02-02,2008,2,2,29.09,29.06,29.04,29.0,28.45,28.36,25.58,22.99,21.08,19.13,15.44,11.96,10.06
2008-02-03,2008,2,3,29.17,29.14,29.13,29.09,28.91,28.87,25.8,23.59,21.12,18.95,14.94,11.84,10.1
2008-02-04,2008,2,4,29.4,29.38,29.37,29.35,29.02,28.69,26.19,23.84,21.4,18.81,15.53,11.9,10.05
2008-02-05,2008,2,5,29.31,29.31,29.3,29.28,29.21,28.72,27.25,24.53,21.69,19.63,15.81,11.98,10.07
2008-02-06,2008,2,6,29.24,29.26,29.28,29.29,29.28,29.02,27.67,25.24,22.04,19.66,15.39,12.02,10.09
2008-02-07,2008,2,7,29.03,29.1,29.16,29.21,29.23,28.97,27.31,24.53,21.89,19.58,15.79,11.91,10.02
2008-02-08,2008,2,8,29.1,29.07,29.11,29.16,29.25,29.0,27.46,24.67,21.95,19.35,15.73,12.08,10.01
2008-02-09,2008,2,9,28.99,28.97,29.09,29.21,29.26,28.96,27.99,25.85,22.4,19.99,15.65,11.94,10.02
2008-02-10,2008,2,10,29.01,28.93,28.97,29.16,29.25,28.79,28.04,25.49,22.09,19.29,15.72,11.97,10.05
2008-02-11,2008,2,11,28.86,28.84,28.84,29.03,29.26,28.92,28.22,26.38,22.45,19.57,15.96,12.0,10.0
2008-02-12,2008,2,12,28.69,28.67,28.68,28.85,29.29,29.04,28.29,25.73,22.13,19.57,15.6,11.93,10.01
2008-02-13,2008,2,13,28.63,28.63,28.63,28.68,29.33,29.08,28.15,25.39,22.15,19.47,15.97,11.91,10.02
2008-02-14,2008,2,14,28.58,28.57,28.57,28.57,29.34,29.04,28.08,24.68,21.62,19.34,15.92,11.95,10.07
2008-02-15,2008,2,15,28.55,28.52,28.51,28.56,29.16,29.0,27.6,24.62,21.57,19.0,15.34,11.85,9.95
2008-02-16,2008,2,16,28.4,28.4,28.39,28.35,28.35,28.72,27.05,24.46,21.48,19.36,15.64,11.91,10.06
2008-02-17,2008,2,17,28.38,28.36,28.35,28.33,28.03,28.03,26.9,24.62,21.95,19.5,15.56,11.9,10.01
2008-02-18,2008,2,18,28.44,28.35,28.33,28.28,28.4,28.37,26.18,23.64,20.95,18.45,14.59,11.86,9.98
2008-02-19,2008,2,19,28.54,28.44,28.41,28.37,28.71,28.25,26.42,24.2,20.96,18.59,15.25,11.84,9.99
2008-02-20,2008,2,20,28.53,28.52,28.5,28.47,28.53,28.3,26.89,24.12,20.99,19.13,14.88,11.93,9.99
2008-02-21,2008,2,21,28.54,28.51,28.49,28.47,28.59,28.26,26.5,23.56,21.26,19.06,14.87,11.87,10.06
2008-02-22,2008,2,22,28.52,28.52,28.52,28.5,28.77,28.09,26.17,23.29,20.39,18.4,14.63,11.83,9.95
2008-02-23,2008,2,23,28.63,28.63,28.62,28.6,28.69,28.16,26.26,23.16,20.29,18.78,14.61,11.88,9.94
2008-02-24,2008,2,24,28.6,28.6,28.61,28.59,28.62,27.95,26.55,23.48,20.9,18.59,14.63,11.85,9.99
2008-02-25,2008,2,25,29.02,28.61,28.6,28.57,28.59,27.96,26.69,23.38,20.54,18.5,14.39,11.82,9.91
2008-02-26,2008,2,26,28.83,28.74,28.74,28.68,28.4,27.84,25.99,22.74,20.04,18.19,14.51,11.9,10.01
2008-02-27,2008,2,27,28.66,28.65,28.64,28.66,28.49,27.95,25.76,22.45,19.93,17.79,14.61,11.79,9.9
2008-02-28,2008,2,28,28.83,28.72,28.7,28.63,28.59,28.01,26.3,23.02,20.28,18.26,14.8,11.95,9.99
2008-02-29,2008,2,29,28.96,28.77,28.75,28.7,28.45,27.81,25.79,22.3,19.33,17.3,14.66,11.84,10.02
2008-03-01,2008,3,1,29.14,28.87,28.81,28.73,28.34,28.07,25.64,22.11,19.7,17.89,15.08,11.94,9.97
2008-03-02,2008,3,2,28.97,28.83,28.8,28.68,28.3,27.83,25.8,22.41,19.77,17.81,15.18,11.9,9.98
2008-03-03,2008,3,3,28.62,28.61,28.61,28.57,28.37,27.46,25.35,21.84,19.25,17.5,14.91,11.96,10.07
2008-03-04,2008,3,4,28.46,28.48,28.5,28.53,28.69,27.37,25.16,21.95,19.4,17.83,15.22,11.95,10.0
2008-03-05,2008,3,5,28.84,28.9,28.96,29.02,29.14,28.82,26.12,22.34,19.58,18.16,15.14,11.78,10.13
2008-03-06,2008,3,6,28.56,28.59,28.66,28.85,29.12,28.82,26.64,22.45,19.64,17.89,15.18,12.01,10.0
2008-03-07,2008,3,7,28.34,28.34,28.35,28.36,29.02,29.11,26.76,22.84,19.9,17.9,15.3,11.87,10.01
2008-03-08,2008,3,8,28.5,28.5,28.51,28.52,28.52,28.35,26.44,22.39,19.67,17.79,15.2,11.89,10.09
2008-03-09,2008,3,9,28.38,28.38,28.38,28.49,28.98,28.16,26.94,22.38,19.59,17.67,15.17,12.03,9.97
2008-03-10,2008,3,10,28.6,28.59,28.59,28.56,28.54,28.12,25.71,22.5,19.89,18.12,15.41,11.93,10.07
2008-03-11,2008,3,11,28.59,28.58,28.57,28.57,28.79,28.83,25.84,22.57,19.59,17.81,15.35,12.0,10.08
2008-03-12,2008,3,12,28.81,28.71,28.7,28.65,28.66,28.21,25.91,21.91,19.31,17.83,15.32,12.06,10.03
2008-03-13,2008,3,13,28.9,28.8,28.79,28.74,28.86,28.83,26.3,22.08,19.46,17.77,15.06,11.92,10.04
2008-03-14,2008,3,14,28.79,28.79,28.79,28.77,28.75,27.81,25.01,21.89,19.36,17.66,15.24,11.97,10.15
2008-03-15,2008,3,15,28.7,28.69,28.68,28.64,28.4,27.68,24.59,20.84,18.78,17.4,15.01,11.91,10.17
2008-03-16,2008,3,16,28.95,28.92,28.89,28.86,28.87,27.74,25.09,21.66,19.24,17.48,15.12,12.08,10.04
2008-03-17,2008,3,17,28.9,28.87,28.86,28.82,28.13,27.01,24.31,21.34,19.0,17.59,15.09,11.92,10.13
2008-03-18,2008,3,18,29.24,29.02,29.0,28.97,28.96,27.43,24.07,20.74,18.64,17.36,14.81,11.94,10.22
2008-03-19,2008,3,19,29.47,28.94,28.93,28.9,29.16,28.47,24.58,21.17,18.81,17.25,14.99,12.0,10.05
2008-03-20,2008,3,20,29.61,29.07,29.04,28.99,29.14,28.02,24.97,21.58,18.94,17.62,15.0,11.91,10.1
2008-03-21,2008,3,21,29.91,29.19,29.11,29.0,28.8,27.87,25.27,21.44,18.56,17.27,14.91,11.87,10.12
2008-03-22,2008,3,22,29.88,29.24,29.15,29.03,28.9,27.4,24.77,21.61,19.38,17.6,15.31,12.15,10.18
2008-03-23,2008,3,23,30.06,29.35,29.22,29.09,28.85,27.36,25.62,21.96,19.16,17.62,14.88,11.83,10.13
2008-03-24,2008,3,24,29.65,29.43,29.29,29.07,28.76,27.43,24.74,21.84,18.86,17.42,15.24,11.99,10.1
2008-03-25,2008,3,25,29.21,29.2,29.15,29.06,28.71,26.75,24.14,22.02,19.54,17.59,15.18,11.97,10.13
2008-03-26,2008,3,26,29.1,29.11,29.12,29.11,29.04,28.68,25.31,22.16,19.11,17.64,15.02,11.94,10.18
2008-03-27,2008,3,27,29.01,29.02,29.02,29.01,28.89,27.86,24.36,21.76,19.08,17.36,15.2,11.93,10.1
2008-03-28,2008,3,28,28.64,28.93,28.93,28.93,28.89,28.0,24.53,22.38,19.94,17.83,15.37,11.96,10.15
2008-03-29,2008,3,29,28.73,28.79,28.82,28.83,28.35,26.99,24.53,21.92,19.37,17.62,15.19,12.01,10.19
2008-03-30,2008,3,30,28.68,28.74,28.83,28.84,28.64,26.99,24.78,22.28,19.57,17.64,15.34,11.9,10.1
2008-03-31,2008,3,31,28.91,28.8,28.83,28.89,28.88,27.94,25.73,21.88,19.38,17.6,15.3,11.95,10.07
2008-04-01,2008,4,1,29.07,28.9,28.9,28.88,28.66,28.62,25.43,22.42,19.94,17.66,15.27,11.97,10.18
2008-04-02,2008,4,2,29.27,29.04,29.02,28.96,28.86,27.97,26.57,22.48,20.26,18.07,15.72,11.91,10.09
2008-04-03,2008,4,3,29.72,28.98,28.98,28.96,28.86,27.81,26.4,22.78,19.65,17.66,15.41,11.96,10.06
2008-04-04,2008,4,4,29.44,28.82,28.77,28.73,28.65,27.04,26.43,22.72,20.29,18.07,15.54,12.02,10.14
2008-04-05,2008,4,5,29.17,29.03,28.98,28.92,28.35,27.46,26.17,24.1,20.36,18.09,15.9,11.95,10.13
2008-04-06,2008,4,6,29.03,29.0,28.99,28.91,28.67,27.35,25.98,22.58,19.74,17.79,15.38,11.95,10.09
2008-04-07,2008,4,7,28.92,28.9,28.9,28.87,28.83,27.23,26.28,23.5,20.64,18.24,15.76,12.0,10.07
2008-04-08,2008,4,8,29.13,29.01,28.98,28.97,28.77,26.67,25.13,23.6,20.37,17.98,15.7,11.94,10.17
2008-04-09,2008,4,9,29.15,29.11,29.09,29.08,28.91,26.91,25.49,24.25,21.05,18.25,15.63,11.87,10.07
2008-04-10,2008,4,10,29.53,29.2,29.18,29.15,29.01,27.42,25.25,23.2,20.49,17.83,15.6,12.0,10.07
2008-04-11,2008,4,11,29.47,29.33,29.28,29.23,29.07,27.43,25.3,23.5,20.91,18.17,15.72,11.95,10.13
2008-04-12,2008,4,12,29.79,29.34,29.32,29.27,29.07,27.93,25.41,23.77,21.29,18.29,15.47,11.88,10.1
2008-04-13,2008,4,13,29.74,29.48,29.44,29.33,29.28,28.07,26.1,23.38,20.93,18.03,15.65,11.97,10.13
2008-04-14,2008,4,14,29.75,29.6,29.55,29.38,29.41,28.93,26.21,24.18,21.09,18.1,15.64,11.98,10.17
2008-04-15,2008,4,15,30.01,29.76,29.68,29.55,29.45,29.1,26.36,23.79,20.86,18.38,15.53,11.95,10.13
2008-04-16,2008,4,16,30.08,29.62,29.56,29.5,29.42,29.13,27.59,24.16,21.25,18.63,15.68,11.98,10.17
2008-04-17,2008,4,17,30.15,29.66,29.63,29.5,29.2,28.94,27.31,23.5,21.24,18.56,15.57,11.96,10.18
2008-04-18,2008,4,18,30.21,29.84,29.76,29.68,29.44,28.5,26.93,23.96,21.38,18.52,15.6,11.99,10.15
2008-04-19,2008,4,19,29.93,29.9,29.85,29.71,29.45,28.54,27.28,23.93,21.04,19.14,15.84,12.06,10.22
2008-04-20,2008,4,20,29.92,29.86,29.85,29.78,29.38,28.97,27.46,24.78,21.46,19.53,15.53,11.87,10.12
2008-04-21,2008,4,21,29.9,29.88,29.87,29.82,29.15,28.64,27.3,25.14,22.24,19.27,15.8,12.11,10.23
2008-04-22,2008,4,22,29.99,29.91,29.89,29.85,29.35,28.77,26.88,24.67,21.56,19.07,15.69,12.02,10.2
2008-04-23,2008,4,23,29.85,29.85,29.85,29.81,29.27,28.7,27.06,24.55,22.09,19.8,15.68,11.93,10.17
2008-04-24,2008,4,24,29.74,29.74,29.74,29.67,29.2,28.6,26.95,24.33,22.28,19.54,15.84,12.03,10.22
2008-04-25,2008,4,25,29.66,29.65,29.65,29.62,29.16,28.48,26.6,23.8,21.31,19.14,15.77,12.01,10.14
2008-04-26,2008,4,26,29.69,29.64,29.63,29.59,29.18,28.58,27.3,24.62,22.19,19.96,15.88,11.96,10.18
2008-04-27,2008,4,27,29.54,29.55,29.55,29.53,29.34,28.28,26.78,24.01,21.45,18.85,15.71,11.97,10.15
2008-04-28,2008,4,28,29.31,29.32,29.33,29.34,29.31,28.4,27.46,24.7,21.55,19.24,15.94,11.97,10.11
2008-04-29,2008,4,29,29.28,29.29,29.29,29.27,29.3,28.67,27.61,23.56,21.33,19.1,15.8,11.87,10.1
2008-04-30,2008,4,30,29.31,29.31,29.31,29.28,29.31,28.82,27.45,24.37,21.65,19.03,15.98,12.01,10.1
2008-05-01,2008,5,1,29.24,29.24,29.24,29.22,29.26,28.77,27.02,24.93,21.65,19.28,16.27,11.99,10.12
2008-05-02,2008,5,2,29.22,29.22,29.22,29.2,29.23,28.93,27.14,24.42,21.51,19.04,16.14,11.98,10.09
2008-05-03,2008,5,3,29.2,29.2,29.2,29.18,29.2,29.17,28.26,24.84,21.93,19.09,16.3,12.03,10.09
2008-05-04,2008,5,4,29.23,29.22,29.22,29.19,29.21,29.14,27.56,25.46,22.24,19.87,16.65,12.0,10.15
2008-05-05,2008,5,5,29.25,29.24,29.23,29.2,29.21,29.17,28.1,25.93,22.74,20.46,17.1,11.97,10.14
2008-05-06,2008,5,6,29.25,29.25,29.24,29.21,29.23,29.15,27.97,25.04,22.05,19.65,16.41,11.96,10.13
2008-05-07,2008,5,7,29.26,29.25,29.25,29.21,29.22,29.21,28.74,26.62,23.21,20.48,16.91,12.16,10.14
2008-05-08,2008,5,8,29.27,29.26,29.25,29.22,29.23,29.21,28.23,25.92,23.14,20.31,17.19,12.21,10.12
2008-05-09,2008,5,9,29.24,29.24,29.24,29.22,29.25,29.17,28.03,25.97,23.26,20.8,16.95,12.08,10.08
2008-05-10,2008,5,10,29.25,29.24,29.24,29.21,29.23,29.21,28.51,26.63,23.24,20.24,16.84,12.12,10.1
2008-05-11,2008,5,11,29.23,29.23,29.23,29.2,29.22,29.14,28.11,25.84,22.87,20.46,16.98,12.18,10.09
2008-05-12,2008,5,12,29.15,29.15,29.15,29.12,29.15,29.14,28.52,26.29,24.04,21.11,16.99,12.09,10.08
2008-05-13,2008,5,13,29.13,29.13,29.13,29.11,29.14,29.12,28.24,26.07,23.1,20.29,16.74,12.1,10.12
2008-05-14,2008,5,14,29.12,29.12,29.12,29.1,29.12,29.11,28.47,26.27,23.02,20.89,17.09,12.15,10.07
2008-05-15,2008,5,15,29.09,29.09,29.09,29.06,29.09,29.08,28.6,26.17,23.45,21.09,17.21,12.01,10.1
2008-05-16,2008,5,16,29.05,29.05,29.05,29.02,29.06,29.06,28.9,26.79,23.42,20.84,17.0,12.22,10.08
2008-05-17,2008,5,17,29.05,29.04,29.04,29.02,29.06,29.07,28.98,26.64,23.56,21.06,17.27,12.1,10.11
2008-05-18,2008,5,18,29.07,29.07,29.07,29.04,29.07,29.04,28.72,26.92,23.78,21.34,17.21,12.02,10.04
2008-05-19,2008,5,19,29.08,29.08,29.08,29.05,29.06,28.98,28.52,27.33,24.16,21.03,17.22,12.11,10.07
2008-05-20,2008,5,20,29.1,29.1,29.1,29.06,29.09,29.04,28.82,27.71,23.62,20.46,17.16,11.99,10.1
2008-05-21,2008,5,21,29.2,29.18,29.17,29.13,29.1,29.04,28.42,27.29,24.35,21.35,17.35,12.08,10.05
2008-05-22,2008,5,22,29.28,29.24,29.22,29.18,29.11,29.0,28.23,27.22,24.08,21.06,16.96,11.93,10.11
2008-05-23,2008,5,23,29.39,29.29,29.26,29.22,29.14,29.0,28.56,27.54,24.36,21.08,17.32,11.98,10.01
2008-05-24,2008,5,24,29.29,29.29,29.29,29.26,29.12,29.03,28.4,27.17,25.03,21.4,17.36,11.91,10.08
2008-05-25,2008,5,25,29.23,29.23,29.23,29.21,29.11,29.01,28.15,26.82,24.36,21.11,17.34,11.92,10.01
2008-05-26,2008,5,26,29.26,29.24,29.24,29.21,29.08,28.94,28.07,26.97,24.14,21.13,16.83,11.91,10.05
2008-05-27,2008,5,27,29.35,29.29,29.28,29.23,29.19,28.91,28.22,27.25,24.84,21.55,17.28,11.82,10.02
2008-05-28,2008,5,28,29.38,29.35,29.34,29.29,29.21,28.8,28.03,26.99,24.79,21.4,17.11,11.96,10.0
2008-05-29,2008,5,29,29.41,29.38,29.37,29.33,29.2,29.03,28.19,27.26,25.51,21.72,17.0,11.9,10.01
2008-05-30,2008,5,30,29.35,29.34,29.34,29.31,29.3,29.06,28.37,27.23,24.95,21.45,17.26,11.81,10.01
2008-05-31,2008,5,31,29.27,29.29,29.29,29.27,29.29,29.02,28.26,26.39,24.25,21.02,16.63,11.98,9.98
2008-06-01,2008,6,1,28.92,29.15,29.17,29.17,29.25,28.95,28.24,26.77,24.6,21.19,16.78,11.85,9.88
2008-06-02,2008,6,2,29.2,29.14,29.13,29.07,29.14,29.0,27.81,26.28,24.29,21.61,16.42,11.8,9.96
2008-06-03,2008,6,3,29.14,29.14,29.14,29.12,29.13,28.91,27.51,25.75,24.17,20.39,16.05,11.85,9.86
2008-06-04,2008,6,4,29.21,29.17,29.16,29.12,29.13,28.83,27.07,25.38,23.4,20.17,15.85,11.84,9.91
2008-06-05,2008,6,5,29.24,29.18,29.17,29.12,29.14,28.83,27.27,25.47,23.89,21.03,15.72,11.83,9.89
2008-06-06,2008,6,6,29.17,29.17,29.17,29.14,29.17,29.09,26.86,24.86,22.94,20.03,15.34,11.94,9.92
2008-06-07,2008,6,7,29.1,29.12,29.12,29.1,29.14,28.95,26.6,24.95,23.32,20.31,15.43,11.82,9.91
2008-06-08,2008,6,8,29.18,29.14,29.13,29.09,29.11,28.63,26.62,24.96,23.21,20.08,15.33,11.9,9.89
2008-06-09,2008,6,9,29.06,29.07,29.08,29.05,29.09,28.59,26.33,24.68,22.5,19.79,15.12,11.99,9.99
2008-06-10,2008,6,10,29.06,29.07,29.07,29.04,29.07,28.51,26.05,24.5,22.06,19.63,15.03,11.92,9.93
2008-06-11,2008,6,11,29.05,29.06,29.06,29.03,29.06,28.61,25.59,24.62,22.38,19.35,14.99,11.9,9.89
2008-06-12,2008,6,12,28.98,28.98,28.99,28.96,29.0,28.28,25.14,23.87,21.42,19.11,14.98,11.9,9.98
2008-06-13,2008,6,13,29.0,29.0,29.0,28.97,28.99,28.28,25.23,23.08,21.02,19.13,15.03,11.9,9.98
2008-06-14,2008,6,14,29.01,29.01,29.01,28.98,29.01,28.66,26.06,23.41,21.37,18.98,14.76,11.72,9.93
2008-06-15,2008,6,15,29.06,29.06,29.06,29.03,29.06,28.98,26.48,23.5,21.18,19.13,15.06,11.83,10.0
2008-06-16,2008,6,16,29.0,29.0,29.0,28.97,29.02,28.97,26.75,24.3,21.2,19.11,15.22,11.87,9.9
2008-06-17,2008,6,17,29.04,29.04,29.03,29.0,28.99,28.98,26.71,23.73,21.23,18.97,14.74,11.74,9.97
2008-06-18,2008,6,18,29.04,29.04,29.04,29.0,29.01,28.81,26.86,23.98,21.42,19.26,15.29,11.92,9.98
2008-06-19,2008,6,19,29.07,29.05,29.05,29.01,29.02,28.96,26.88,24.21,21.3,18.91,15.24,11.81,9.94
2008-06-20,2008,6,20,29.07,29.06,29.06,29.01,29.02,28.88,26.7,23.82,21.25,19.07,15.01,11.78,9.97
2008-06-21,2008,6,21,29.05,29.05,29.05,29.01,29.03,28.91,26.64,24.07,21.37,19.08,15.32,11.88,9.98
2008-06-22,2008,6,22,29.06,29.05,29.06,29.02,29.04,29.04,26.83,24.41,21.47,18.78,15.22,11.78,9.91
2008-06-23,2008,6,23,29.01,29.01,29.01,28.98,29.01,28.95,27.14,24.12,21.29,19.04,15.15,11.81,9.99
2008-06-24,2008,6,24,28.98,28.98,28.98,28.95,28.97,28.91,27.35,24.5,21.95,19.52,15.38,11.88,10.0
2008-06-25,2008,6,25,28.97,28.97,28.98,28.95,28.99,28.92,27.29,23.93,20.98,18.31,15.07,11.85,9.99
2008-06-26,2008,6,26,28.98,28.98,28.98,28.95,28.98,28.86,26.81,23.8,21.07,18.85,15.12,11.81,9.94
2008-06-27,2008,6,27,29.0,29.0,29.0,28.96,28.97,28.92,27.41,24.05,21.04,18.52,15.19,11.87,9.89
2008-06-28,2008,6,28,28.97,28.96,28.96,28.92,28.94,28.89,27.11,23.85,20.65,18.46,14.98,11.72,9.92
2008-06-29,2008,6,29,28.97,28.97,28.97,28.93,28.96,28.92,27.25,23.34,20.8,18.32,15.12,11.9,9.9
2008-06-30,2008,6,30,28.99,28.99,28.99,28.95,28.97,28.94,27.28,23.86,20.82,18.21,14.93,11.71,9.91
2008-07-01,2008,7,1,29.06,29.04,29.03,28.99,29.0,28.95,27.46,24.23,20.83,18.54,15.1,11.82,9.91
2008-07-02,2008,7,2,29.02,29.02,29.02,28.99,29.01,28.97,27.03,23.51,21.06,18.24,15.09,11.74,9.89
2008-07-03,2008,7,3,29.06,29.05,29.05,29.01,29.02,28.96,27.18,23.86,20.75,18.2,14.98,11.79,9.89
2008-07-04,2008,7,4,29.04,29.03,29.03,29.0,29.06,29.01,27.78,24.17,20.6,18.32,15.01,11.77,9.89
2008-07-05,2008,7,5,29.06,29.04,29.03,28.99,29.05,29.05,27.38,23.74,21.03,18.4,15.19,11.81,9.87
2008-07-06,2008,7,6,29.1,29.08,29.08,29.04,29.07,29.01,27.47,24.5,21.37,18.66,15.26,11.84,9.91
2008-07-07,2008,7,7,29.09,29.09,29.09,29.05,29.07,29.0,27.38,23.8,21.17,18.96,15.41,11.8,9.92
2008-07-08,2008,7,8,29.04,29.04,29.04,29.01,29.04,28.98,27.61,24.87,21.88,18.99,15.36,11.85,9.84
2008-07-09,2008,7,9,29.04,29.04,29.04,29.0,29.02,28.93,27.0,23.7,21.0,18.71,15.27,11.81,9.87
2008-07-10,2008,7,10,29.02,29.02,29.02,28.99,29.02,28.91,27.25,23.94,20.96,18.68,15.18,11.86,9.79
2008-07-11,2008,7,11,29.02,29.02,29.02,28.99,29.02,28.99,27.41,24.27,21.51,18.37,14.99,11.76,9.77
2008-07-12,2008,7,12,29.05,29.04,29.04,29.0,29.02,29.0,27.7,23.64,20.87,18.59,15.18,11.83,9.82
2008-07-13,2008,7,13,29.0,28.99,28.99,28.96,28.98,28.94,27.52,24.09,21.16,18.55,15.07,11.87,9.77
2008-07-14,2008,7,14,28.99,28.99,28.99,28.96,29.0,28.98,27.74,24.45,21.35,18.81,15.23,11.74,9.76
2008-07-15,2008,7,15,29.03,29.02,29.02,28.98,28.99,28.96,27.17,22.94,20.42,18.12,14.99,11.84,9.74
2008-07-16,2008,7,16,28.97,28.97,28.97,28.94,28.98,28.97,27.45,24.48,21.31,18.77,15.22,11.86,9.78
2008-07-17,2008,7,17,29.0,29.0,29.0,28.96,28.98,28.93,26.86,22.97,20.57,18.14,14.79,11.73,9.68
2008-07-18,2008,7,18,28.96,28.96,28.97,28.94,28.97,28.96,27.04,23.45,20.44,18.12,14.94,11.85,9.71
2008-07-19,2008,7,19,28.86,28.86,28.86,28.84,28.88,28.68,25.96,23.02,20.26,17.94,15.1,11.72,9.74
2008-07-20,2008,7,20,28.82,28.82,28.82,28.79,28.82,28.7,26.67,23.05,20.73,18.25,14.73,11.83,9.71
2008-07-21,2008,7,21,28.77,28.78,28.78,28.75,28.79,28.53,26.09,23.18,20.8,18.39,14.77,11.64,9.65
2008-07-22,2008,7,22,28.77,28.77,28.77,28.74,28.77,28.04,25.38,23.18,19.96,17.74,14.94,11.7,9.71
2008-07-23,2008,7,23,28.72,28.72,28.72,28.69,28.72,28.64,26.32,23.27,20.43,18.14,14.61,11.77,9.7
2008-07-24,2008,7,24,28.65,28.65,28.65,28.63,28.66,28.41,25.51,22.56,20.19,17.97,14.72,11.69,9.63
2008-07-25,2008,7,25,28.66,28.66,28.66,28.63,28.65,27.96,24.66,22.29,20.39,18.13,14.84,11.65,9.76
2008-07-26,2008,7,26,28.63,28.63,28.63,28.6,28.63,28.16,25.18,22.82,20.2,17.5,14.64,11.74,9.71
2008-07-27,2008,7,27,28.55,28.55,28.55,28.52,28.56,28.34,25.8,22.64,19.76,17.89,15.23,11.84,9.76
2008-07-28,2008,7,28,28.47,28.47,28.48,28.45,28.49,27.96,24.65,22.25,20.32,18.38,14.68,11.72,9.8
2008-07-29,2008,7,29,28.5,28.5,28.49,28.45,28.46,28.23,24.71,22.77,20.63,17.86,14.95,11.77,9.82
2008-07-30,2008,7,30,28.49,28.49,28.49,28.46,28.48,28.17,25.31,22.81,20.44,17.96,14.87,11.88,9.84
2008-07-31,2008,7,31,28.47,28.46,28.46,28.43,28.46,27.89,24.62,21.65,19.77,18.0,15.42,11.86,9.86
2008-08-01,2008,8,1,28.39,28.39,28.4,28.37,28.41,28.15,25.45,22.09,20.23,18.49,15.38,11.8,9.79
2008-08-02,2008,8,2,28.37,28.38,28.38,28.39,28.43,27.97,24.61,21.7,19.77,17.98,15.04,11.86,9.91
2008-08-03,2008,8,3,28.38,28.38,28.39,28.37,28.4,28.12,25.8,22.09,19.4,18.13,15.33,11.91,9.83
2008-08-04,2008,8,4,28.23,28.23,28.23,28.2,28.24,28.14,25.27,21.77,19.37,18.14,15.69,11.95,9.85
2008-08-05,2008,8,5,28.18,28.17,28.17,28.14,28.17,28.07,25.34,22.08,19.77,18.38,16.14,12.08,10.03
2008-08-06,2008,8,6,28.0,27.99,27.99,27.96,27.97,27.78,25.38,22.11,20.01,18.6,16.03,12.22,9.95
2008-08-07,2008,8,7,27.96,27.96,27.96,27.92,27.84,28.03,25.38,21.64,20.26,19.03,16.5,11.94,9.94
2008-08-08,2008,8,8,27.95,27.94,27.95,27.91,27.84,27.4,24.5,21.58,20.29,18.96,16.64,12.14,10.2
2008-08-09,2008,8,9,28.04,28.04,28.04,28.01,28.04,28.01,26.07,22.52,20.84,19.11,16.78,12.28,10.02
2008-08-10,2008,8,10,28.08,28.08,28.08,28.04,28.04,27.92,25.18,22.21,20.28,18.77,16.82,12.12,10.01
2008-08-11,2008,8,11,28.26,28.25,28.25,28.21,28.2,27.82,25.28,22.28,20.4,19.04,16.9,12.06,10.15
2008-08-12,2008,8,12,28.19,28.18,28.19,28.15,28.15,28.02,27.24,24.15,21.38,19.77,17.08,12.27,10.05
2008-08-13,2008,8,13,28.14,28.13,28.13,28.08,28.06,27.87,27.34,23.77,20.8,19.2,16.56,12.19,10.13
2008-08-14,2008,8,14,28.11,28.1,28.1,28.07,28.05,27.81,27.45,24.34,21.14,19.47,17.16,12.14,10.0
2008-08-15,2008,8,15,28.19,28.17,28.16,28.11,28.08,28.09,27.73,25.45,21.53,19.7,17.05,12.24,10.11
2008-08-16,2008,8,16,28.2,28.19,28.19,28.16,28.15,28.07,27.92,25.18,21.38,19.66,17.22,12.29,10.01
2008-08-17,2008,8,17,28.29,28.24,28.22,28.17,28.15,28.09,28.05,25.49,21.68,20.16,17.13,12.22,10.03
2008-08-18,2008,8,18,28.33,28.27,28.25,28.19,28.15,28.11,27.96,24.95,21.91,20.46,17.16,12.3,10.07
2008-08-19,2008,8,19,28.4,28.31,28.29,28.22,28.15,28.11,28.03,25.48,21.61,19.72,17.12,12.26,10.0
2008-08-20,2008,8,20,28.42,28.36,28.35,28.3,28.18,28.12,27.95,26.16,22.12,20.46,17.7,12.27,10.11
2008-08-21,2008,8,21,28.35,28.35,28.35,28.3,28.18,28.12,27.93,26.8,22.32,20.37,17.67,12.2,10.05
2008-08-22,2008,8,22,28.35,28.35,28.35,28.31,28.24,28.13,27.82,26.46,22.74,19.92,17.36,12.26,10.06
2008-08-23,2008,8,23,28.36,28.35,28.35,28.32,28.33,28.24,27.79,25.88,21.84,19.88,17.48,12.19,10.02
2008-08-24,2008,8,24,28.29,28.29,28.29,28.26,28.29,28.14,27.63,24.92,21.62,20.12,17.26,12.04,10.0
2008-08-25,2008,8,25,28.38,28.33,28.32,28.28,28.24,28.12,27.67,26.51,22.36,20.33,17.15,11.95,10.01
2008-08-26,2008,8,26,28.5,28.41,28.39,28.34,28.24,28.09,27.7,25.81,22.28,19.8,17.05,12.12,10.06
2008-08-27,2008,8,27,28.58,28.44,28.42,28.35,28.28,28.08,27.87,26.26,21.77,20.2,17.23,12.0,9.95
2008-08-28,2008,8,28,28.33,28.34,28.35,28.32,28.33,28.09,27.89,25.56,22.38,20.45,17.16,11.97,10.03
2008-08-29,2008,8,29,28.29,28.29,28.29,28.26,28.31,28.09,27.61,24.99,21.99,19.57,16.73,11.99,9.94
2008-08-30,2008,8,30,28.24,28.24,28.25,28.22,28.27,28.16,27.59,26.36,22.93,20.18,16.97,12.02,9.98
2008-08-31,2008,8,31,28.29,28.24,28.24,28.2,28.24,28.07,27.33,25.03,21.76,19.41,16.72,11.97,9.88
2008-09-01,2008,9,1,28.67,28.26,28.25,28.2,28.22,28.17,27.56,25.16,22.2,19.97,16.82,11.91,10.0
2008-09-02,2008,9,2,28.96,28.35,28.32,28.25,28.25,28.19,27.5,25.23,22.69,20.15,16.94,12.07,9.81
2008-09-03,2008,9,3,28.73,28.39,28.34,28.26,28.25,28.13,27.45,25.06,21.91,19.44,17.05,11.98,9.92
2008-09-04,2008,9,4,28.33,28.34,28.33,28.28,28.23,28.07,27.63,25.52,22.03,19.85,16.74,11.9,9.86
2008-09-05,2008,9,5,28.61,28.38,28.35,28.28,28.27,28.12,27.41,24.1,21.46,19.6,16.45,11.88,9.76
2008-09-06,2008,9,6,28.52,28.47,28.46,28.39,28.3,28.18,27.45,24.23,21.67,19.33,16.75,11.9,9.83
2008-09-07,2008,9,7,28.34,28.35,28.36,28.33,28.34,28.16,27.37,25.11,22.42,19.82,16.55,11.92,9.81
2008-09-08,2008,9,8,28.33,28.33,28.33,28.29,28.33,28.08,27.55,25.08,21.68,19.64,16.74,11.94,9.83
2008-09-09,2008,9,9,28.3,28.3,28.31,28.27,28.29,28.12,27.51,24.49,21.52,19.55,16.65,11.89,9.81
2008-09-10,2008,9,10,28.36,28.35,28.34,28.3,28.31,28.28,27.69,24.85,21.86,19.95,16.89,11.99,9.87
2008-09-11,2008,9,11,28.34,28.34,28.34,28.31,28.34,28.26,27.11,24.15,21.78,19.96,16.81,11.83,9.77
2008-09-12,2008,9,12,28.4,28.4,28.4,28.37,28.4,28.34,27.32,24.88,21.59,19.48,16.09,11.98,9.86
2008-09-13,2008,9,13,28.42,28.41,28.41,28.37,28.38,28.22,27.39,23.76,21.19,19.57,16.6,11.87,9.83
2008-09-14,2008,9,14,28.5,28.48,28.46,28.41,28.37,28.12,27.34,23.69,21.29,19.6,15.85,11.91,9.84
2008-09-15,2008,9,15,28.46,28.46,28.45,28.41,28.33,28.26,27.86,24.97,21.57,19.6,16.38,11.94,9.89
2008-09-16,2008,9,16,28.38,28.36,28.36,28.31,28.29,28.15,27.55,25.37,22.06,19.65,16.2,11.87,9.9
2008-09-17,2008,9,17,28.31,28.29,28.29,28.26,28.25,28.15,27.25,25.13,21.83,19.86,16.2,11.86,9.89
2008-09-18,2008,9,18,28.5,28.45,28.42,28.37,28.28,28.19,27.47,24.93,22.31,19.86,15.95,11.8,9.88
2008-09-19,2008,9,19,28.64,28.61,28.59,28.51,28.34,28.3,28.09,25.77,22.65,20.01,16.05,11.87,9.87
2008-09-20,2008,9,20,28.63,28.6,28.6,28.54,28.43,28.33,28.22,26.36,23.88,20.23,15.96,11.79,9.86
2008-09-21,2008,9,21,28.73,28.66,28.64,28.58,28.51,28.35,28.2,27.03,22.55,20.27,16.03,11.82,9.84
2008-09-22,2008,9,22,28.74,28.69,28.68,28.63,28.58,28.46,28.22,26.41,22.97,20.33,15.61,11.78,9.89
2008-09-23,2008,9,23,28.82,28.78,28.77,28.71,28.69,28.61,28.37,25.53,22.78,19.47,15.83,11.77,9.79
2008-09-24,2008,9,24,28.72,28.71,28.71,28.67,28.71,28.63,28.34,25.99,22.37,19.98,15.9,11.87,9.92
2008-09-25,2008,9,25,28.75,28.74,28.73,28.68,28.62,28.55,28.03,26.01,21.95,19.62,15.67,11.75,9.85
2008-09-26,2008,9,26,28.74,28.72,28.71,28.67,28.65,28.68,28.52,26.32,22.9,19.6,15.82,11.87,9.89
2008-09-27,2008,9,27,28.79,28.79,28.78,28.74,28.76,28.67,28.59,26.46,22.81,19.26,15.9,11.81,9.88
2009-11-04,2009,11,4,29.24,29.24,29.25,29.25,28.83,28.29,27.64,25.02,22.3,19.06,15.59,11.75,9.86
2010-11-02,2010,11,2,28.78,28.77,28.77,28.77,28.56,27.66,27.31,26.02,23.46,21.59,16.94,12.26,10.23
2010-11-03,2010,11,3,28.66,28.67,28.67,28.67,28.58,27.38,27.17,25.16,22.68,20.63,16.38,12.12,10.12
2010-11-04,2010,11,4,28.47,28.53,28.54,28.57,28.56,27.89,27.19,25.32,23.06,20.99,16.88,12.11,10.23
2010-11-05,2010,11,5,28.41,28.42,28.42,28.45,28.3,27.72,26.07,24.62,22.36,20.28,16.46,12.09,10.13
2010-11-06,2010,11,6,28.36,28.37,28.37,28.37,27.81,27.3,25.77,24.36,21.48,19.96,16.39,12.21,10.18
2010-11-07,2010,11,7,28.46,28.42,28.41,28.39,28.02,26.7,25.71,24.55,21.93,20.33,16.88,11.98,10.07
2010-11-08,2010,11,8,28.66,28.42,28.39,28.38,28.25,27.73,25.46,23.78,21.23,18.72,16.1,11.91,10.03
2010-11-09,2010,11,9,28.6,28.47,28.44,28.4,28.22,26.26,25.11,23.53,20.98,18.57,16.43,12.02,10.15
2010-11-10,2010,11,10,28.34,28.42,28.43,28.42,28.21,26.9,25.56,24.52,21.4,19.16,16.34,12.06,10.12
2010-11-11,2010,11,11,28.5,28.5,28.51,28.51,28.43,28.11,25.13,22.74,19.66,18.1,15.86,11.93,10.11
2010-11-12,2010,11,12,28.58,28.57,28.57,28.56,28.42,27.2,24.91,22.76,20.58,18.68,16.34,12.32,10.15
2010-11-13,2010,11,13,28.87,28.62,28.61,28.59,28.43,28.02,25.62,23.68,21.53,18.65,15.3,12.13,9.99
2010-11-14,2010,11,14,28.6,28.6,28.6,28.59,28.59,27.93,24.56,22.83,19.93,17.78,15.27,12.22,10.15
2010-11-15,2010,11,15,28.49,28.54,28.54,28.56,28.56,27.41,24.3,22.52,20.18,18.41,15.37,12.53,10.17
2010-11-16,2010,11,16,28.67,28.53,28.56,28.63,28.56,28.3,26.43,22.84,21.41,18.73,15.24,12.22,9.94
2010-11-17,2010,11,17,28.71,28.66,28.68,28.69,28.5,28.17,25.18,22.44,19.97,17.73,14.64,12.33,10.16
2010-11-18,2010,11,18,28.56,28.59,28.6,28.64,28.58,28.05,25.35,21.96,19.53,17.61,15.22,12.56,10.05
2010-11-19,2010,11,19,28.56,28.57,28.57,28.6,28.62,28.17,25.57,22.33,20.48,18.18,14.82,12.28,9.93
2010-11-20,2010,11,20,28.59,28.55,28.55,28.55,28.59,27.94,24.37,21.71,19.93,17.39,14.76,12.47,10.24
2010-11-21,2010,11,21,28.73,28.58,28.6,28.63,28.56,28.06,25.0,22.26,20.15,17.99,15.1,12.56,9.9
2010-11-22,2010,11,22,28.57,28.58,28.58,28.59,28.56,28.15,24.68,22.76,20.33,18.11,14.66,12.34,10.03
2010-11-23,2010,11,23,28.59,28.58,28.58,28.57,28.56,27.95,25.23,22.56,20.54,18.13,14.78,12.49,10.21
2010-11-24,2010,11,24,28.54,28.54,28.54,28.56,28.51,27.64,24.22,22.44,19.86,17.53,14.78,12.34,9.92
2010-11-25,2010,11,25,28.7,28.6,28.58,28.55,28.6,28.16,25.27,23.4,21.03,18.88,15.23,12.32,10.04
2010-11-26,2010,11,26,28.78,28.64,28.62,28.62,28.59,27.59,24.69,22.59,20.62,18.32,14.9,12.44,10.19
2010-11-27,2010,11,27,28.82,28.65,28.63,28.64,28.71,28.15,25.7,23.17,20.86,18.64,15.2,12.37,10.03
2010-11-28,2010,11,28,28.77,28.77,28.76,28.81,28.61,27.75,24.76,22.8,21.02,18.8,15.19,12.25,10.01
2010-11-29,2010,11,29,28.69,28.7,28.7,28.7,28.6,27.61,24.95,23.31,21.25,18.63,15.5,12.24,10.14
2010-11-30,2010,11,30,28.7,28.7,28.7,28.69,28.54,26.62,24.58,23.13,21.09,19.01,15.57,12.19,10.02
2010-12-01,2010,12,1,28.67,28.69,28.69,28.68,28.68,27.24,25.47,24.06,21.69,19.4,15.87,12.14,10.11
2010-12-02,2010,12,2,28.59,28.66,28.68,28.72,28.69,27.96,26.21,24.26,21.66,19.12,16.21,12.13,10.03
2010-12-03,2010,12,3,28.5,28.51,28.51,28.52,28.57,28.12,26.78,24.39,21.99,19.54,16.24,12.12,10.17
2010-12-04,2010,12,4,28.51,28.52,28.52,28.51,28.51,27.67,26.03,23.06,21.62,19.64,16.29,12.2,10.19
2010-12-05,2010,12,5,28.5,28.5,28.5,28.5,28.47,28.29,27.2,24.0,21.85,20.17,16.82,12.2,10.08
2010-12-06,2010,12,6,28.41,28.43,28.44,28.43,28.38,28.27,27.44,24.55,22.1,20.47,16.52,12.17,10.19
2010-12-07,2010,12,7,28.37,28.41,28.4,28.4,28.37,28.05,26.6,23.07,21.76,20.24,16.69,12.23,10.17
2010-12-08,2010,12,8,28.29,28.29,28.3,28.3,28.28,28.08,27.25,23.92,22.17,20.57,16.72,12.26,10.15
2010-12-09,2010,12,9,28.37,28.31,28.29,28.26,28.22,28.13,27.48,24.63,22.55,21.0,16.87,12.27,10.14
2010-12-10,2010,12,10,28.22,28.24,28.25,28.26,28.27,28.22,26.76,24.16,22.55,20.96,17.42,12.32,10.23
2010-12-11,2010,12,11,28.21,28.21,28.21,28.21,28.2,27.69,26.49,23.99,22.82,21.01,17.14,12.25,10.07
2010-12-12,2010,12,12,28.2,28.22,28.22,28.22,28.27,28.16,26.9,24.58,23.01,21.21,17.39,12.36,10.12
2010-12-13,2010,12,13,28.3,28.25,28.24,28.23,28.28,28.37,27.02,24.39,22.76,20.73,17.21,12.29,10.2
2010-12-14,2010,12,14,28.34,28.29,28.28,28.27,28.25,28.36,28.27,26.31,23.5,21.38,17.52,12.34,10.11
2010-12-15,2010,12,15,28.31,28.3,28.29,28.28,28.38,28.14,27.92,26.45,23.7,21.26,17.57,12.3,10.19
2010-12-16,2010,12,16,28.13,28.13,28.14,28.13,28.29,28.44,28.11,26.92,23.75,21.45,17.46,12.39,10.11
2010-12-17,2010,12,17,28.24,28.18,28.17,28.15,28.34,28.37,27.42,26.37,24.08,21.2,17.69,12.31,10.07
2010-12-18,2010,12,18,28.45,28.22,28.21,28.2,28.18,28.4,27.69,26.53,25.34,22.52,17.77,12.31,10.07
2010-12-19,2010,12,19,28.42,28.41,28.41,28.39,28.35,28.33,27.31,26.46,24.96,21.3,17.15,12.42,10.02
2010-12-20,2010,12,20,28.34,28.38,28.38,28.39,28.37,28.42,27.73,26.8,25.53,21.88,18.21,12.31,9.97
2010-12-21,2010,12,21,28.35,28.31,28.34,28.38,28.39,28.38,27.58,26.47,24.46,22.11,17.51,12.27,9.99
2010-12-22,2010,12,22,28.45,28.43,28.42,28.4,28.36,28.4,27.93,26.65,25.37,23.6,18.09,12.21,9.93
2010-12-23,2010,12,23,28.39,28.38,28.38,28.38,28.37,28.45,28.08,26.22,24.65,22.12,17.7,12.15,9.92
2010-12-24,2010,12,24,28.26,28.3,28.31,28.32,28.3,28.53,28.52,27.3,25.2,23.31,18.07,12.1,9.94
2010-12-25,2010,12,25,28.32,28.31,28.32,28.33,28.28,28.55,28.45,28.13,26.49,23.76,18.09,12.0,9.86
2010-12-26,2010,12,26,28.37,28.33,28.33,28.32,28.33,28.7,28.63,28.38,26.97,23.32,18.43,11.97,9.88
2010-12-27,2010,12,27,28.33,28.33,28.33,28.33,28.3,28.74,28.68,28.36,26.14,23.22,18.02,12.11,9.83
2010-12-28,2010,12,28,28.22,28.23,28.23,28.22,28.22,28.61,28.65,28.22,25.5,23.6,17.99,12.02,9.88
2010-12-29,2010,12,29,28.25,28.24,28.24,28.23,28.23,28.67,28.58,27.9,25.6,23.66,18.18,12.08,9.85
2010-12-30,2010,12,30,28.17,28.21,28.22,28.23,28.2,28.5,28.63,27.37,25.27,22.79,17.67,12.02,9.88
2010-12-31,2010,12,31,28.16,28.2,28.2,28.22,28.2,28.35,28.34,26.68,24.75,22.73,17.66,12.15,9.88
2011-01-01,2011,1,1,28.26,28.26,28.25,28.25,28.21,28.4,27.76,26.8,25.13,22.54,18.16,12.15,9.87
2011-01-02,2011,1,2,28.21,28.19,28.18,28.18,28.15,28.27,27.66,26.5,24.63,21.9,17.55,12.04,9.91
2011-01-03,2011,1,3,28.22,28.21,28.21,28.2,28.16,28.33,27.61,26.55,24.23,22.23,17.19,11.88,9.95
2011-01-04,2011,1,4,28.33,28.32,28.32,28.31,28.23,28.35,27.97,27.88,25.17,21.99,17.6,11.97,9.87
2011-01-05,2011,1,5,28.2,28.22,28.22,28.23,28.21,28.36,28.03,26.98,23.8,21.37,17.43,12.05,9.95
2011-01-06,2011,1,6,28.13,28.14,28.14,28.14,28.15,28.17,27.71,27.33,24.32,21.48,17.0,11.8,10.02
2011-01-07,2011,1,7,28.02,28.04,28.05,28.07,28.17,28.02,27.58,26.76,23.28,21.43,16.86,11.99,9.99
2011-01-08,2011,1,8,28.07,28.06,28.05,28.04,28.13,28.26,27.47,26.0,23.31,21.39,17.02,11.94,9.84
2011-01-09,2011,1,9,28.05,28.05,28.05,28.04,28.06,28.4,27.47,25.72,23.13,20.64,16.44,11.96,10.02
2011-01-10,2011,1,10,28.1,28.08,28.07,28.06,28.09,28.38,27.77,26.31,22.96,20.93,16.55,11.98,9.94
2011-01-11,2011,1,11,28.04,28.04,28.04,28.04,28.01,28.44,27.58,25.17,22.54,20.35,16.48,11.92,9.93
2011-01-12,2011,1,12,28.22,28.09,28.08,28.07,28.01,28.48,26.87,24.81,22.7,19.89,16.6,11.87,9.95
2011-01-13,2011,1,13,28.21,28.09,28.08,28.06,28.2,28.13,26.95,24.79,22.53,19.46,15.9,11.98,9.99
2011-01-14,2011,1,14,28.4,28.11,28.1,28.08,28.08,28.41,27.28,24.42,22.0,19.62,16.2,11.99,9.99
2011-01-15,2011,1,15,28.32,28.17,28.16,28.13,28.13,28.42,27.18,23.97,21.68,19.64,15.96,11.95,9.93
2011-01-16,2011,1,16,28.15,28.22,28.22,28.2,28.25,28.45,26.33,23.81,21.79,18.98,15.89,12.01,9.98
2011-01-17,2011,1,17,28.35,28.26,28.24,28.22,28.16,28.44,26.64,23.8,21.53,19.49,15.92,11.95,9.96
2011-01-18,2011,1,18,28.29,28.27,28.26,28.24,28.16,28.46,26.46,24.14,21.56,19.34,15.71,12.05,9.93
2011-01-19,2011,1,19,28.28,28.22,28.22,28.21,28.24,28.52,26.71,24.24,21.4,19.69,16.09,12.0,9.94
2011-01-20,2011,1,20,28.2,28.19,28.18,28.17,28.24,28.51,26.88,24.51,21.83,19.61,15.81,12.01,10.02
2011-01-21,2011,1,21,28.15,28.15,28.15,28.15,28.12,28.35,27.05,24.58,21.99,19.77,15.71,11.96,9.96
2011-01-22,2011,1,22,28.18,28.19,28.18,28.18,28.13,28.44,26.38,23.99,21.72,19.41,15.89,12.05,10.02
2011-01-23,2011,1,23,28.16,28.17,28.17,28.17,28.14,28.05,26.53,24.43,22.21,19.89,15.95,12.03,9.93
2011-01-24,2011,1,24,28.15,28.16,28.16,28.15,28.1,28.24,27.09,24.51,21.9,19.76,15.88,12.07,10.01
2011-01-25,2011,1,25,28.17,28.18,28.18,28.17,28.17,28.23,26.76,24.45,22.02,19.61,16.09,11.95,9.99
2011-01-26,2011,1,26,28.27,28.27,28.26,28.25,28.17,28.22,27.28,25.02,22.68,20.16,16.12,12.11,9.98
2011-01-27,2011,1,27,28.2,28.23,28.24,28.26,28.25,28.27,27.57,24.76,22.32,19.7,15.94,12.05,10.06
2011-01-28,2011,1,28,28.18,28.19,28.19,28.19,28.18,28.28,27.96,26.32,23.82,20.71,16.22,11.98,9.96
2011-01-29,2011,1,29,28.13,28.14,28.14,28.15,28.14,28.27,27.74,26.79,22.88,20.31,16.43,12.12,10.01
2011-01-30,2011,1,30,28.17,28.18,28.18,28.17,28.12,28.24,28.15,27.32,23.45,20.07,15.9,12.0,10.03
2011-01-31,2011,1,31,28.1,28.12,28.13,28.14,28.12,28.3,27.91,27.0,23.63,20.78,16.66,12.15,9.98
2011-02-01,2011,2,1,27.98,28.09,28.1,28.11,28.13,28.24,28.31,27.61,24.53,20.61,16.39,11.98,10.02
2011-02-02,2011,2,2,28.05,28.12,28.12,28.12,28.15,28.26,28.1,27.54,23.84,20.47,16.08,11.97,9.88
2011-02-03,2011,2,3,28.13,28.12,28.11,28.1,28.18,28.27,28.11,26.21,22.68,19.8,16.1,12.09,9.94
2011-02-04,2011,2,4,28.27,28.17,28.15,28.13,28.12,28.28,28.27,26.94,24.27,20.6,16.3,12.06,9.91
2011-02-05,2011,2,5,28.26,28.25,28.25,28.23,28.17,28.27,28.19,27.76,23.48,19.88,15.93,11.99,9.86
2011-02-06,2011,2,6,28.36,28.33,28.32,28.3,28.22,28.27,28.16,26.49,22.71,19.79,15.86,11.99,9.88
2011-02-07,2011,2,7,28.26,28.28,28.29,28.29,28.23,28.28,28.23,26.93,23.18,20.31,16.17,12.09,9.85
2011-02-08,2011,2,8,28.48,28.29,28.28,28.27,28.22,28.25,28.2,26.51,23.29,20.18,16.0,12.04,9.75
2011-02-09,2011,2,9,28.47,28.37,28.36,28.34,28.26,28.25,28.18,26.36,22.96,19.74,15.83,12.05,9.8
2011-02-10,2011,2,10,28.42,28.4,28.4,28.39,28.31,28.23,28.19,26.59,22.81,20.16,16.21,11.85,9.73
2011-02-11,2011,2,11,28.39,28.38,28.38,28.37,28.31,28.25,28.16,26.71,23.18,19.9,15.74,11.83,9.74
2011-02-12,2011,2,12,28.29,28.33,28.34,28.34,28.32,28.28,28.04,25.9,22.72,19.75,15.82,11.74,9.67
2011-02-13,2011,2,13,28.29,28.33,28.33,28.33,28.32,28.24,28.11,26.23,23.48,20.17,16.12,11.72,9.71
2011-02-14,2011,2,14,28.4,28.39,28.38,28.37,28.29,28.28,28.08,25.96,23.18,19.86,15.69,11.7,9.72
2011-02-15,2011,2,15,28.4,28.38,28.38,28.37,28.26,28.29,27.89,25.78,22.6,19.93,15.9,11.54,9.67
2011-02-16,2011,2,16,28.52,28.41,28.39,28.35,28.29,28.3,28.04,26.18,23.38,20.34,15.93,11.73,9.73
2011-02-17,2011,2,17,28.76,28.41,28.4,28.37,28.28,28.3,27.99,26.26,23.24,19.86,15.87,11.56,9.7
2011-02-18,2011,2,18,28.79,28.51,28.46,28.41,28.28,28.3,27.8,25.82,22.66,19.99,16.09,11.62,9.67
2011-02-19,2011,2,19,28.66,28.6,28.56,28.42,28.3,28.32,28.0,25.94,23.23,20.24,15.66,11.62,9.68
2011-02-20,2011,2,20,28.59,28.49,28.47,28.4,28.3,28.31,27.95,25.95,22.81,20.05,16.02,11.61,9.66
2011-02-21,2011,2,21,28.53,28.48,28.48,28.47,28.32,28.3,27.76,25.61,22.79,20.16,15.92,11.6,9.7
2011-02-22,2011,2,22,28.57,28.53,28.52,28.51,28.35,28.3,27.57,25.45,22.87,20.02,15.68,11.53,9.62
2011-02-23,2011,2,23,28.53,28.53,28.53,28.52,28.33,28.26,27.44,25.52,22.48,19.86,15.83,11.59,9.68
2011-02-24,2011,2,24,28.43,28.44,28.44,28.44,28.37,28.14,27.35,24.92,22.26,19.74,15.73,11.53,9.63
2011-02-25,2011,2,25,28.39,28.38,28.38,28.38,28.29,28.04,27.03,24.46,21.64,19.28,15.43,11.51,9.66
2011-02-26,2011,2,26,28.35,28.35,28.35,28.34,28.27,28.09,26.93,24.51,21.71,19.07,15.21,11.49,9.6
2011-02-27,2011,2,27,28.31,28.31,28.32,28.31,28.28,28.08,26.68,24.34,21.38,19.2,15.2,11.42,9.56
2011-02-28,2011,2,28,28.32,28.31,28.31,28.31,28.24,28.01,26.71,24.5,20.9,18.58,14.99,11.47,9.62
2011-03-01,2011,3,1,28.45,28.36,28.34,28.31,28.25,27.76,26.55,23.88,21.09,18.6,14.69,11.42,9.59
2011-03-02,2011,3,2,28.68,28.41,28.37,28.33,28.15,27.8,26.51,23.26,20.57,18.3,14.91,11.41,9.53
2011-03-03,2011,3,3,28.79,28.48,28.46,28.42,28.24,27.76,26.78,23.71,20.92,18.16,14.86,11.4,9.6
2011-03-04,2011,3,4,28.71,28.53,28.5,28.44,28.09,27.74,26.46,23.08,20.49,18.2,14.52,11.39,9.62
2011-03-05,2011,3,5,28.88,28.65,28.63,28.56,28.2,27.72,26.5,23.34,20.59,18.13,14.65,11.33,9.58
2011-03-06,2011,3,6,28.97,28.8,28.73,28.56,28.26,27.79,26.55,23.07,20.71,18.16,14.47,11.29,9.58
2011-03-07,2011,3,7,28.92,28.86,28.77,28.58,28.38,27.9,26.55,23.72,20.43,18.22,14.66,11.31,9.63
2011-03-08,2011,3,8,29.07,28.99,28.95,28.8,28.5,28.24,26.82,23.79,20.7,18.32,14.46,11.36,9.55
2011-03-09,2011,3,9,29.0,28.95,28.94,28.91,28.53,28.27,26.52,23.7,20.74,18.26,14.57,11.25,9.62
2011-03-10,2011,3,10,28.87,28.93,28.93,28.88,28.46,28.26,26.88,23.71,20.88,18.2,14.72,11.39,9.56
2011-03-11,2011,3,11,29.1,29.13,29.16,29.16,28.51,28.08,26.54,23.49,20.45,18.28,14.72,11.35,9.58
2011-03-12,2011,3,12,29.29,29.22,29.2,29.2,28.66,27.43,25.52,23.0,20.52,18.15,14.51,11.3,9.64
2011-03-13,2011,3,13,29.41,29.24,29.23,29.21,28.77,26.96,24.87,22.84,20.25,17.77,14.66,11.54,9.68
2011-03-14,2011,3,14,29.19,29.19,29.2,29.19,28.77,26.65,24.63,22.28,19.9,17.92,14.77,11.53,9.75
2011-03-15,2011,3,15,29.26,29.17,29.16,29.15,28.65,26.58,24.27,22.44,19.68,17.96,14.5,11.59,9.72
2011-03-16,2011,3,16,29.42,29.29,29.31,29.32,28.88,27.15,25.07,22.73,19.81,17.85,14.58,11.64,9.79
2011-03-17,2011,3,17,29.07,29.22,29.25,29.29,28.89,27.07,24.89,22.1,19.7,17.93,14.81,11.57,9.87
2011-03-18,2011,3,18,28.99,29.13,29.26,29.32,29.1,27.18,25.22,22.42,19.57,17.39,14.73,11.64,9.79
2011-03-19,2011,3,19,29.13,29.2,29.22,29.3,28.73,27.67,25.31,23.19,19.96,18.11,14.85,11.7,9.89
2011-03-20,2011,3,20,29.53,29.38,29.36,29.35,29.1,28.3,26.74,23.15,19.74,17.81,14.68,11.7,9.86
2011-03-21,2011,3,21,29.69,29.4,29.4,29.42,29.26,28.08,26.45,22.98,19.67,17.58,14.55,11.71,9.87
2011-03-22,2011,3,22,29.71,29.52,29.46,29.43,29.03,27.98,26.09,23.0,19.61,17.8,14.81,11.71,9.92
2011-03-23,2011,3,23,29.8,29.56,29.53,29.48,29.1,28.11,26.47,24.16,20.39,17.8,14.73,11.76,9.9
2011-03-24,2011,3,24,29.37,29.43,29.44,29.42,28.94,28.27,26.6,23.28,19.51,17.55,14.55,11.82,9.86
2011-03-25,2011,3,25,29.39,29.33,29.33,29.32,28.97,28.4,26.11,22.09,19.46,17.68,14.77,11.77,9.95
2011-03-26,2011,3,26,29.37,29.37,29.36,29.36,28.9,28.39,26.67,23.43,20.31,17.52,14.35,11.77,9.88
2011-03-27,2011,3,27,29.6,29.4,29.38,29.34,29.02,28.26,26.89,23.4,19.51,17.01,14.54,11.9,9.86
2011-03-28,2011,3,28,29.57,29.43,29.42,29.37,29.1,28.36,27.01,22.63,19.87,17.77,14.47,11.78,9.88
2011-03-29,2011,3,29,29.57,29.47,29.45,29.42,29.16,28.42,26.53,23.41,20.66,17.62,14.31,11.71,9.89
2011-03-30,2011,3,30,29.65,29.48,29.46,29.43,29.15,28.34,26.54,23.09,19.58,17.11,14.65,11.88,9.85
2011-03-31,2011,3,31,29.72,29.54,29.52,29.5,29.2,28.24,26.45,22.8,19.77,17.39,14.43,11.72,9.88
2011-04-01,2011,4,1,29.83,29.63,29.59,29.53,29.18,28.43,26.89,23.28,19.67,17.21,14.46,11.72,9.81
2011-04-02,2011,4,2,29.61,29.6,29.61,29.58,29.25,28.38,26.41,22.83,19.8,17.2,14.49,11.73,9.82
2011-04-03,2011,4,3,29.35,29.46,29.59,29.68,29.09,28.28,26.64,22.46,19.25,17.22,14.6,11.69,9.87
2011-04-04,2011,4,4,29.31,29.25,29.26,29.57,29.41,28.52,26.52,22.91,19.57,17.04,14.44,11.68,9.75
2011-04-05,2011,4,5,29.47,29.21,29.19,29.17,28.51,27.78,25.56,22.3,19.28,17.22,14.64,11.56,9.76
2011-04-06,2011,4,6,29.36,29.1,29.07,29.0,28.27,27.56,25.82,22.31,18.69,16.7,14.35,11.57,9.7
2011-04-07,2011,4,7,29.6,29.17,29.15,29.03,27.8,27.4,25.63,21.99,18.95,16.91,14.27,11.51,9.68
2011-04-08,2011,4,8,29.92,29.33,29.28,29.08,27.96,27.43,25.56,22.02,18.81,16.96,14.46,11.55,9.67
2011-04-09,2011,4,9,29.71,29.4,29.32,29.15,28.03,27.46,25.94,22.34,18.66,17.05,14.48,11.41,9.61
2011-04-10,2011,4,10,29.86,29.38,29.27,29.11,28.03,27.43,25.49,22.36,18.76,16.85,14.05,11.43,9.61
2011-04-11,2011,4,11,29.82,29.43,29.29,29.09,28.28,27.48,25.8,22.01,19.12,17.22,14.18,11.32,9.59
2011-04-12,2011,4,12,30.05,29.61,29.53,29.26,28.32,27.52,25.88,21.94,19.63,16.97,14.21,11.26,9.61
2011-04-13,2011,4,13,30.03,29.63,29.56,29.25,27.95,26.82,25.05,21.85,18.99,16.82,14.05,11.3,9.58
2011-04-14,2011,4,14,30.57,29.77,29.65,29.4,28.06,26.66,25.2,21.94,19.36,16.92,13.91,11.16,9.59
2011-04-15,2011,4,15,29.93,29.78,29.66,29.32,28.09,26.4,24.85,21.83,19.24,16.87,13.95,11.19,9.57
2011-04-16,2011,4,16,30.02,29.65,29.54,28.89,28.03,26.18,24.87,21.63,19.02,16.73,13.82,11.17,9.5
2011-04-17,2011,4,17,29.98,29.74,29.74,29.46,28.03,26.35,24.82,21.53,18.94,16.62,13.77,11.14,9.51
2011-04-18,2011,4,18,30.21,29.99,29.84,29.67,28.76,26.44,24.77,21.44,19.07,16.9,13.86,11.16,9.52
2011-04-19,2011,4,19,30.12,29.84,29.67,29.51,28.72,26.37,24.18,21.48,18.66,16.59,13.7,11.09,9.5
2011-04-20,2011,4,20,30.48,30.04,29.96,29.24,27.94,25.98,23.68,21.03,18.69,16.41,13.52,11.13,9.5
2011-04-21,2011,4,21,30.61,30.15,29.93,29.36,27.81,25.88,23.35,20.95,18.57,16.54,13.66,11.12,9.54
2011-04-22,2011,4,22,30.88,30.25,29.91,29.21,27.65,25.55,23.31,21.14,18.67,16.58,13.72,11.12,9.51
2011-04-23,2011,4,23,31.01,30.47,30.11,29.46,27.93,25.85,23.4,20.98,18.52,16.41,13.5,11.14,9.53
2011-04-24,2011,4,24,30.42,30.38,30.12,29.61,27.69,25.59,22.98,20.64,18.38,16.32,13.64,11.1,9.54
2011-04-25,2011,4,25,30.38,30.2,30.12,29.62,27.91,25.75,23.04,21.04,18.77,16.55,13.45,11.17,9.51
2011-04-26,2011,4,26,30.32,30.22,30.1,29.54,27.67,25.6,23.07,20.43,18.01,16.24,13.56,11.13,9.52
2011-04-27,2011,4,27,30.33,30.27,30.13,29.55,28.01,25.93,22.71,20.64,18.61,16.39,13.42,11.2,9.51
2011-04-28,2011,4,28,30.11,30.11,30.08,29.72,27.82,25.71,22.91,20.69,18.34,16.24,13.57,11.21,9.53
2011-04-29,2011,4,29,29.94,29.94,29.94,29.88,28.01,26.18,23.09,20.87,18.45,16.24,13.67,11.19,9.57
2011-04-30,2011,4,30,29.89,29.9,29.91,29.89,27.68,25.25,22.47,20.5,17.99,15.98,13.36,11.2,9.54
2011-05-01,2011,5,1,29.78,29.77,29.77,29.64,27.51,25.32,22.47,20.24,18.2,15.82,13.43,11.2,9.57
2011-05-02,2011,5,2,29.71,29.71,29.71,29.7,28.17,25.92,23.47,20.57,17.68,15.86,13.6,11.29,9.66
2011-05-03,2011,5,3,29.54,29.54,29.54,29.51,27.81,25.11,22.58,20.16,17.88,15.87,13.56,11.2,9.61
2011-05-04,2011,5,4,29.49,29.5,29.5,29.48,27.91,25.52,22.81,20.19,17.78,15.67,13.43,11.37,9.67
2011-05-05,2011,5,5,29.38,29.44,29.47,29.51,27.85,25.56,22.91,20.0,17.37,15.79,13.62,11.34,9.72
2011-05-06,2011,5,6,29.37,29.39,29.39,29.41,27.56,25.53,22.42,20.01,17.32,15.45,13.51,11.33,9.73
2011-05-07,2011,5,7,29.35,29.35,29.35,29.33,27.7,26.09,22.61,19.57,17.23,15.48,13.48,11.42,9.71
2011-05-08,2011,5,8,29.17,29.18,29.18,29.16,27.72,26.26,22.39,19.53,17.42,15.64,13.59,11.44,9.75
2011-05-09,2011,5,9,29.08,29.09,29.09,29.06,27.71,25.96,22.79,19.58,17.44,15.7,13.44,11.45,9.78
2011-05-10,2011,5,10,29.02,29.02,29.02,28.99,27.63,25.88,22.6,19.64,17.49,15.72,13.47,11.42,9.74
2011-05-11,2011,5,11,29.1,29.06,29.05,29.02,28.1,26.04,22.73,19.55,17.73,15.7,13.45,11.4,9.79
2011-05-12,2011,5,12,29.19,29.16,29.15,29.12,28.4,26.1,23.08,19.54,17.39,15.86,13.53,11.49,9.75
2011-05-13,2011,5,13,29.36,29.23,29.21,29.17,28.68,26.63,23.08,20.65,17.98,16.35,13.49,11.49,9.85
2011-05-14,2011,5,14,29.38,29.28,29.25,29.21,28.76,26.57,22.92,20.05,18.02,16.19,13.73,11.53,9.86
2011-05-15,2011,5,15,29.61,29.3,29.28,29.25,28.67,26.39,23.36,20.2,18.23,16.28,13.76,11.51,9.78
2011-05-16,2011,5,16,29.96,29.44,29.38,29.31,28.89,26.72,23.54,20.12,18.07,16.29,13.78,11.52,9.91
2011-05-17,2011,5,17,29.93,29.52,29.41,29.31,29.09,26.81,23.46,20.74,18.32,16.53,13.85,11.54,9.87
2011-05-18,2011,5,18,30.02,29.58,29.51,29.31,29.06,27.82,24.26,20.68,18.45,16.76,13.94,11.57,9.89
2011-05-19,2011,5,19,29.86,29.71,29.64,29.36,28.86,28.22,25.34,20.86,18.45,16.61,14.07,11.6,9.96
2011-05-20,2011,5,20,29.82,29.77,29.75,29.51,28.93,27.74,24.17,21.78,19.32,16.94,14.14,11.62,9.97
2011-05-21,2011,5,21,29.76,29.74,29.73,29.7,29.09,27.05,24.1,21.54,18.93,16.84,14.13,11.59,9.95
2011-05-22,2011,5,22,29.79,29.72,29.72,29.65,29.0,26.87,24.87,21.91,19.34,17.06,14.24,11.66,10.01
2011-05-23,2011,5,23,29.93,29.77,29.76,29.74,29.17,27.35,24.77,21.85,19.33,16.94,14.21,11.69,9.95
2011-05-26,2011,5,26,29.9,29.84,29.83,29.82,29.47,28.24,25.32,21.98,19.08,16.76,14.47,11.72,10.05
2011-05-27,2011,5,27,30.03,29.94,29.94,29.92,29.5,27.52,24.44,21.55,19.32,17.11,14.71,11.8,10.01
2011-05-28,2011,5,28,29.98,29.98,29.97,29.96,29.78,28.29,24.48,22.23,19.45,17.05,14.52,11.8,10.0
2011-05-29,2011,5,29,29.92,29.93,29.93,29.93,29.82,28.24,24.16,21.86,18.23,16.99,14.44,11.8,10.01
2011-05-30,2011,5,30,29.84,29.84,29.85,29.83,29.57,27.8,24.2,21.19,18.02,16.64,14.55,11.87,10.01
2011-05-31,2011,5,31,29.78,29.78,29.78,29.77,29.7,28.38,24.45,21.12,18.42,16.33,14.51,11.8,10.0
2011-06-01,2011,6,1,29.74,29.75,29.75,29.74,29.69,28.35,25.05,21.31,18.89,16.23,14.64,11.94,9.99
2011-06-02,2011,6,2,29.66,29.67,29.67,29.67,29.64,28.26,25.05,20.85,17.62,16.11,14.56,11.87,9.92
2011-06-04,2011,6,4,29.63,29.63,29.63,29.63,29.62,28.54,24.4,20.64,17.97,16.34,14.66,11.87,9.89
2011-06-05,2011,6,5,29.58,29.58,29.58,29.59,29.59,28.22,25.41,21.93,18.94,16.58,14.68,11.97,9.78
2011-06-06,2011,6,6,29.51,29.53,29.53,29.53,29.54,29.05,25.57,22.15,18.73,17.04,14.77,11.82,9.76
2011-06-07,2011,6,7,29.48,29.48,29.48,29.49,29.5,28.38,24.7,21.48,18.88,17.33,14.83,11.9,9.75
2011-06-08,2011,6,8,29.41,29.41,29.41,29.4,29.4,28.74,26.25,22.78,19.78,17.56,14.92,11.83,9.73
2011-06-09,2011,6,9,29.4,29.41,29.41,29.41,29.41,28.79,25.75,22.12,19.17,17.27,15.08,11.71,9.83
2011-06-10,2011,6,10,29.37,29.38,29.38,29.39,29.39,28.8,25.58,22.4,19.57,17.61,15.01,11.72,9.95
2011-06-11,2011,6,11,29.3,29.31,29.31,29.31,29.31,28.42,25.98,22.66,19.87,17.58,14.98,11.77,9.92
2011-06-12,2011,6,12,29.28,29.28,29.28,29.28,29.28,28.97,26.39,23.16,20.5,17.65,15.1,11.66,9.94
2011-06-13,2011,6,13,29.26,29.26,29.26,29.26,29.26,29.09,25.69,22.92,20.41,17.85,15.07,11.71,9.95
2011-06-14,2011,6,14,29.22,29.22,29.22,29.22,29.23,28.98,26.31,23.64,21.39,18.67,15.24,11.8,10.01
2011-06-15,2011,6,15,29.24,29.24,29.25,29.24,29.24,29.08,26.48,23.71,20.73,18.15,15.04,11.64,9.88
2011-06-16,2011,6,16,29.26,29.27,29.27,29.27,29.26,29.08,26.55,23.45,20.85,18.35,15.21,11.74,9.96
2011-06-17,2011,6,17,29.24,29.24,29.24,29.24,29.23,28.9,26.5,23.75,21.38,18.78,15.13,11.72,9.94
2011-06-18,2011,6,18,29.2,29.21,29.21,29.2,29.19,28.93,26.38,23.88,20.79,18.29,15.21,11.71,9.89
2011-06-19,2011,6,19,29.17,29.17,29.17,29.17,29.16,28.84,26.15,23.6,20.96,18.75,15.23,11.59,9.95
2011-06-20,2011,6,20,29.14,29.14,29.14,29.14,29.14,28.24,25.56,23.28,21.11,18.49,15.16,11.7,9.88
2011-06-21,2011,6,21,29.12,29.12,29.12,29.12,29.12,28.28,25.82,23.97,21.67,18.81,15.32,11.61,9.93
2011-06-22,2011,6,22,29.12,29.12,29.12,29.11,29.1,28.11,25.78,23.5,20.78,18.48,15.17,11.69,9.92
2011-06-23,2011,6,23,29.11,29.11,29.11,29.1,29.09,27.95,25.8,23.6,21.29,18.56,15.22,11.61,9.87
2011-06-24,2011,6,24,29.18,29.17,29.16,29.15,29.06,27.46,25.53,23.4,20.84,18.2,15.24,11.63,9.93
2011-06-25,2011,6,25,29.16,29.17,29.17,29.16,29.15,28.68,26.42,23.9,20.74,18.37,15.2,11.71,9.94
2011-06-26,2011,6,26,29.11,29.11,29.11,29.11,29.1,28.24,26.15,23.63,20.8,18.31,15.31,11.66,9.91
2011-06-27,2011,6,27,29.16,29.16,29.15,29.14,29.1,28.59,26.45,23.68,20.75,18.0,15.1,11.66,9.92
2011-06-28,2011,6,28,29.17,29.17,29.17,29.12,29.07,28.62,26.3,23.16,20.07,17.78,14.82,11.63,9.89
2011-06-29,2011,6,29,29.07,29.08,29.08,29.08,29.08,28.49,26.77,23.3,20.75,18.06,15.12,11.76,9.88
2011-06-30,2011,6,30,29.16,29.09,29.08,29.07,29.06,28.58,27.22,23.75,20.98,17.99,15.14,11.64,9.93
2011-07-01,2011,7,1,29.06,29.07,29.07,29.07,29.09,28.44,26.58,23.13,19.96,17.74,14.84,11.68,9.91
2011-07-02,2011,7,2,29.01,29.02,29.02,29.03,29.03,28.37,26.98,23.65,21.22,18.28,15.15,11.75,9.85
2011-07-03,2011,7,3,29.01,29.02,29.02,29.01,29.0,28.41,26.89,23.19,20.73,17.68,14.82,11.72,9.97
2011-07-04,2011,7,4,29.0,29.0,29.0,28.99,28.94,28.08,26.55,23.61,20.76,18.12,14.97,11.92,9.93
2011-07-05,2011,7,5,28.86,28.86,28.86,28.86,28.87,28.05,27.25,24.25,20.85,18.58,15.38,11.78,9.9
2011-07-06,2011,7,6,28.9,28.9,28.9,28.9,28.86,27.59,26.88,23.84,21.11,18.63,15.06,11.76,9.99
2011-07-07,2011,7,7,28.89,28.89,28.89,28.88,28.81,27.85,26.81,23.85,21.06,18.45,15.04,11.86,9.93
2011-07-08,2011,7,8,28.95,28.92,28.9,28.89,28.87,28.06,26.87,24.55,21.21,18.69,15.45,11.94,9.95
2011-07-09,2011,7,9,28.96,28.95,28.94,28.92,28.84,27.23,25.99,24.2,21.12,18.66,15.16,11.86,10.03
2011-07-10,2011,7,10,28.88,28.9,28.9,28.91,28.92,27.82,26.3,23.93,21.27,18.92,15.05,11.86,9.9
2011-07-11,2011,7,11,28.81,28.86,28.86,28.87,28.84,27.44,26.15,23.92,20.73,18.53,15.31,11.94,9.97
2011-07-12,2011,7,12,28.81,28.82,28.82,28.82,28.82,27.39,25.84,23.56,20.82,18.45,15.26,11.85,10.0
2011-07-13,2011,7,13,28.77,28.78,28.78,28.78,28.69,27.16,25.72,23.64,20.99,18.2,14.94,11.81,9.95
2011-07-14,2011,7,14,28.75,28.75,28.75,28.75,28.75,27.78,25.85,23.72,20.53,18.28,15.12,11.87,10.0
2011-07-15,2011,7,15,28.76,28.76,28.76,28.76,28.72,27.08,25.48,23.63,20.71,18.34,15.3,11.8,10.0
2011-07-16,2011,7,16,28.74,28.75,28.75,28.75,28.74,27.16,25.74,23.6,20.54,18.06,15.03,11.71,9.96
2011-07-17,2011,7,17,28.81,28.82,28.82,28.81,28.81,27.32,25.68,23.42,20.68,18.04,15.2,11.89,10.01
2011-07-18,2011,7,18,28.83,28.82,28.82,28.81,28.77,26.98,25.53,23.29,20.85,18.24,15.09,11.75,9.95
2011-07-19,2011,7,19,28.85,28.85,28.84,28.84,28.82,28.24,26.24,24.04,20.82,18.45,15.23,11.74,10.03
2011-07-20,2011,7,20,28.82,28.83,28.83,28.83,28.83,27.5,25.73,23.45,20.69,18.37,15.23,11.88,9.97
2011-07-21,2011,7,21,28.87,28.87,28.87,28.87,28.86,27.57,26.33,23.82,21.11,18.24,15.32,11.85,10.01
2011-07-22,2011,7,22,28.83,28.84,28.84,28.84,28.82,27.94,26.27,23.81,20.98,18.66,15.27,11.84,10.0
2011-07-23,2011,7,23,28.77,28.78,28.78,28.79,28.82,27.87,25.92,24.41,21.05,18.47,15.23,11.81,9.99
2011-07-24,2011,7,24,28.62,28.67,28.69,28.73,28.8,28.07,26.17,24.64,21.41,18.53,15.4,11.84,9.95
2011-07-25,2011,7,25,28.32,28.53,28.67,28.73,28.8,27.71,25.79,23.29,20.41,18.38,15.1,11.83,9.98
2011-07-26,2011,7,26,28.41,28.45,28.49,28.6,28.78,28.32,26.42,24.54,21.64,18.8,15.37,11.8,10.0
2011-07-27,2011,7,27,28.51,28.51,28.52,28.56,28.78,27.47,25.85,24.04,20.88,18.45,15.0,11.85,9.98
2011-07-28,2011,7,28,28.68,28.69,28.69,28.68,28.77,28.31,26.4,23.61,20.6,18.07,15.15,11.72,9.94
2011-07-29,2011,7,29,28.59,28.6,28.6,28.61,28.67,28.12,26.11,23.66,20.44,17.99,15.1,11.74,9.97
2011-07-30,2011,7,30,28.63,28.64,28.64,28.64,28.65,28.27,26.37,23.83,20.84,18.25,15.11,11.81,9.95
2011-07-31,2011,7,31,28.69,28.69,28.69,28.69,28.66,28.25,26.15,23.41,20.86,18.17,15.43,11.77,9.94
2011-08-01,2011,8,1,28.72,28.72,28.72,28.72,28.72,28.28,26.11,23.72,20.63,18.28,15.37,11.77,9.98
2011-08-02,2011,8,2,28.69,28.7,28.7,28.69,28.69,28.46,25.97,22.96,20.69,18.3,15.29,11.86,10.0
2011-08-03,2011,8,3,28.72,28.72,28.72,28.72,28.71,28.6,25.48,23.45,20.92,18.48,15.5,11.89,10.0
2011-08-04,2011,8,4,28.76,28.76,28.76,28.75,28.74,28.22,24.79,23.14,20.48,18.34,15.44,11.94,10.05
2011-08-05,2011,8,5,28.79,28.78,28.77,28.75,28.74,28.35,25.2,23.29,20.72,18.26,15.24,11.92,10.02
2011-08-06,2011,8,6,28.73,28.73,28.73,28.72,28.7,28.61,25.6,23.35,20.83,19.0,15.29,11.94,10.04
2011-08-07,2011,8,7,28.73,28.74,28.73,28.73,28.72,28.44,25.49,21.95,20.58,19.02,15.45,12.07,10.06
2011-08-08,2011,8,8,28.7,28.7,28.7,28.7,28.7,28.54,25.47,21.87,20.57,18.09,15.37,12.1,10.08
2011-08-09,2011,8,9,28.63,28.62,28.61,28.58,28.56,28.29,24.01,22.1,20.59,17.83,15.1,12.02,10.01
2011-08-10,2011,8,10,28.68,28.65,28.63,28.61,28.59,28.57,24.99,22.23,20.76,18.04,14.98,12.2,10.06
2011-08-11,2011,8,11,28.65,28.65,28.65,28.64,28.64,28.51,24.13,22.0,20.42,18.1,15.08,12.13,10.04
2011-08-12,2011,8,12,28.71,28.7,28.69,28.68,28.66,28.47,24.97,22.81,20.74,18.01,15.01,12.04,10.03
2011-08-13,2011,8,13,28.7,28.72,28.72,28.71,28.7,28.59,25.05,22.98,20.78,17.97,15.22,12.23,9.96
2011-08-14,2011,8,14,28.66,28.66,28.66,28.67,28.69,28.7,25.4,22.84,20.25,17.38,14.87,12.15,10.05
2011-08-15,2011,8,15,28.7,28.69,28.69,28.69,28.7,28.42,24.42,23.15,20.94,17.82,15.2,12.3,9.99
2011-08-16,2011,8,16,28.72,28.72,28.72,28.72,28.71,28.53,25.18,23.35,20.8,17.88,14.95,12.14,9.99
2011-08-17,2011,8,17,28.68,28.69,28.69,28.68,28.68,28.26,24.94,23.33,20.82,17.62,15.01,12.31,9.97
2011-08-18,2011,8,18,28.67,28.67,28.67,28.66,28.65,28.18,24.99,23.68,20.84,17.66,15.21,12.13,9.97
2011-08-19,2011,8,19,28.68,28.68,28.68,28.66,28.64,28.42,25.04,23.65,21.32,18.45,15.11,12.28,10.03
2011-08-20,2011,8,20,28.68,28.68,28.67,28.66,28.6,28.5,26.92,23.98,21.6,18.39,14.95,12.22,9.94
2011-08-21,2011,8,21,28.69,28.69,28.69,28.68,28.57,28.37,24.89,23.31,21.03,17.75,15.22,12.1,10.01
2011-08-22,2011,8,22,28.69,28.69,28.68,28.67,28.64,28.54,26.21,23.88,21.64,18.75,15.11,12.22,10.04
2011-08-23,2011,8,23,28.7,28.7,28.7,28.68,28.65,28.45,26.63,24.01,21.4,18.35,15.17,12.29,9.99
2011-08-24,2011,8,24,28.58,28.59,28.59,28.59,28.6,28.52,26.67,23.81,21.26,18.46,15.04,12.17,10.04
2011-08-25,2011,8,25,28.61,28.61,28.6,28.58,28.57,28.56,27.3,24.06,21.77,18.58,15.27,12.35,10.01
2011-08-26,2011,8,26,28.55,28.55,28.55,28.54,28.52,28.53,27.89,25.0,21.85,19.03,15.3,12.25,10.09
2011-08-27,2011,8,27,28.48,28.49,28.49,28.49,28.5,28.55,27.5,24.36,21.06,18.5,15.28,12.34,10.08
2011-08-28,2011,8,28,28.48,28.49,28.49,28.49,28.49,28.49,27.95,24.78,21.57,18.46,15.15,12.27,10.05
2011-08-29,2011,8,29,28.49,28.5,28.5,28.5,28.49,28.5,27.23,24.04,21.08,17.92,15.03,12.2,10.09
2011-08-30,2011,8,30,28.53,28.53,28.53,28.52,28.5,28.19,26.3,24.12,20.69,17.73,15.21,12.16,10.14
2011-08-31,2011,8,31,28.49,28.5,28.5,28.5,28.5,28.38,26.47,24.03,20.97,17.77,15.01,12.3,10.12
2011-09-01,2011,9,1,28.47,28.47,28.47,28.47,28.47,28.44,27.21,23.8,21.05,17.63,15.04,12.36,10.08
2011-09-02,2011,9,2,28.52,28.51,28.51,28.49,28.46,28.45,27.01,23.71,20.89,17.67,15.15,12.54,10.17
2011-09-03,2011,9,3,28.56,28.55,28.55,28.55,28.54,28.41,26.7,23.75,20.64,17.73,15.12,12.41,10.1
2011-09-04,2011,9,4,28.65,28.64,28.63,28.61,28.57,28.36,26.44,23.54,20.09,17.45,15.06,12.44,10.17
2011-09-05,2011,9,5,28.66,28.65,28.63,28.61,28.57,28.41,26.23,23.1,19.61,17.01,14.92,12.32,10.11
2011-09-06,2011,9,6,28.64,28.63,28.62,28.61,28.59,28.52,27.27,24.77,20.96,18.0,15.35,12.22,10.11
2011-09-07,2011,9,7,28.57,28.58,28.58,28.58,28.59,28.57,26.85,23.68,20.32,17.47,15.14,12.2,10.12
2011-09-08,2011,9,8,28.55,28.56,28.56,28.56,28.58,28.53,27.22,23.85,19.95,17.46,15.19,12.03,10.12
2011-09-09,2011,9,9,28.6,28.6,28.59,28.57,28.56,28.52,27.64,24.75,20.47,17.8,15.35,12.13,10.1
2011-09-10,2011,9,10,28.6,28.61,28.61,28.6,28.6,28.58,27.04,24.46,20.39,17.6,15.21,11.94,10.12
2011-09-11,2011,9,11,28.57,28.58,28.58,28.58,28.58,28.57,27.12,24.4,20.73,18.09,15.32,12.09,10.06
2011-09-12,2011,9,12,28.48,28.49,28.49,28.49,28.5,28.48,26.32,23.94,20.08,17.51,15.19,11.92,10.09
2011-09-13,2011,9,13,28.42,28.42,28.42,28.43,28.43,28.44,26.39,23.75,20.4,17.68,15.04,11.91,10.04
2011-09-14,2011,9,14,28.35,28.36,28.36,28.36,28.36,28.19,25.91,23.65,20.36,17.65,15.12,11.91,10.06
2011-09-15,2011,9,15,28.46,28.46,28.45,28.44,28.43,28.29,25.81,23.01,20.23,17.52,14.7,11.89,10.0
2011-09-16,2011,9,16,28.51,28.51,28.51,28.5,28.48,28.36,26.1,23.01,20.48,17.97,14.93,11.89,10.05
2011-09-17,2011,9,17,28.57,28.57,28.57,28.56,28.54,28.5,26.46,23.3,20.67,17.9,14.8,11.84,9.96
2011-09-18,2011,9,18,28.54,28.54,28.54,28.53,28.5,28.25,26.04,23.15,20.44,17.68,14.73,11.94,10.05
2011-09-19,2011,9,19,28.55,28.55,28.55,28.54,28.52,28.11,26.21,23.69,21.57,18.65,14.85,11.87,9.96
2011-09-20,2011,9,20,28.54,28.55,28.54,28.54,28.52,28.47,27.01,23.65,21.15,18.1,14.67,11.81,10.03
2011-09-21,2011,9,21,28.51,28.52,28.51,28.51,28.51,28.54,27.54,24.1,21.57,18.57,14.75,11.85,10.0
2011-09-22,2011,9,22,28.56,28.57,28.57,28.57,28.59,28.56,26.62,24.19,21.82,18.69,14.78,11.84,10.0
2011-09-23,2011,9,23,28.6,28.61,28.61,28.61,28.62,28.64,27.13,24.29,21.73,18.43,14.69,11.77,9.97
2011-09-24,2011,9,24,28.55,28.55,28.55,28.55,28.53,28.14,26.34,23.77,21.79,18.63,14.86,11.81,9.96
2011-09-25,2011,9,25,28.67,28.62,28.6,28.59,28.6,28.18,26.6,23.64,20.78,18.22,14.62,11.65,9.98
2011-09-26,2011,9,26,28.69,28.67,28.65,28.64,28.63,28.1,26.48,23.2,21.15,18.57,14.6,11.65,9.92
2011-09-27,2011,9,27,28.67,28.67,28.66,28.65,28.55,28.18,26.62,23.89,21.31,18.42,14.67,11.73,9.91
2011-09-28,2011,9,28,28.69,28.69,28.68,28.6,28.44,28.07,26.0,23.1,20.52,17.99,14.68,11.6,9.98
2011-09-29,2011,9,29,28.7,28.7,28.7,28.7,28.48,27.77,25.91,22.99,20.31,17.92,14.61,11.62,9.87
2011-09-30,2011,9,30,28.7,28.7,28.69,28.68,28.5,26.83,24.83,22.99,20.68,18.13,14.5,11.6,9.88
2011-10-01,2011,10,1,28.58,28.57,28.57,28.55,28.54,27.36,24.77,22.36,19.69,17.56,14.29,11.58,9.87
2011-10-02,2011,10,2,28.5,28.5,28.49,28.49,28.46,27.88,25.37,22.99,20.51,17.81,14.5,11.57,9.85
2011-10-03,2011,10,3,28.52,28.52,28.51,28.5,28.5,27.52,25.16,22.43,19.76,17.42,14.32,11.5,9.9
2011-10-04,2011,10,4,28.52,28.51,28.49,28.49,28.51,27.5,24.96,22.61,20.03,17.58,14.26,11.57,9.85
2011-10-05,2011,10,5,28.75,28.69,28.68,28.64,28.59,27.24,24.74,22.22,19.47,17.33,14.2,11.41,9.81
2011-10-06,2011,10,6,28.93,28.7,28.69,28.66,28.49,27.23,24.63,22.21,19.46,17.06,14.18,11.45,9.84
2011-10-07,2011,10,7,29.02,28.76,28.73,28.68,28.59,27.04,24.34,22.06,19.37,17.12,14.15,11.46,9.85
2011-10-08,2011,10,8,28.84,28.83,28.81,28.78,28.61,26.74,24.48,21.77,19.32,17.26,14.05,11.49,9.82
2011-10-09,2011,10,9,28.71,28.83,28.86,28.85,28.67,27.41,24.75,21.82,19.24,17.09,14.23,11.44,9.84
2011-10-10,2011,10,10,28.92,28.82,28.82,28.75,28.45,27.48,25.42,22.31,19.98,17.69,14.32,11.52,9.84
2011-10-11,2011,10,11,28.7,28.72,28.73,28.73,28.69,27.73,25.36,22.08,19.29,17.33,14.12,11.44,9.83
2011-10-12,2011,10,12,28.63,28.64,28.63,28.64,28.7,27.66,25.4,22.64,19.71,17.45,14.51,11.52,9.9
2011-10-13,2011,10,13,28.63,28.63,28.63,28.62,28.66,28.15,25.71,22.19,19.61,17.42,14.25,11.48,9.82
2011-10-14,2011,10,14,28.48,28.46,28.46,28.47,28.64,28.09,25.73,22.69,19.94,17.52,14.52,11.56,9.92
2011-10-15,2011,10,15,28.4,28.33,28.35,28.41,28.59,27.63,25.69,22.88,19.86,17.63,14.64,11.54,9.88
2011-10-16,2011,10,16,28.65,28.41,28.39,28.38,27.56,26.52,25.07,22.13,19.2,16.97,14.32,11.52,9.87
2011-10-17,2011,10,17,28.45,28.43,28.42,28.37,27.55,26.39,24.38,22.32,19.79,17.65,14.69,11.6,9.9
2011-10-18,2011,10,18,28.55,28.47,28.43,28.4,27.77,26.25,24.46,22.17,19.8,17.42,14.72,11.56,9.91
2011-10-19,2011,10,19,29.05,28.5,28.49,28.43,28.07,27.02,24.49,21.71,19.65,17.2,14.44,11.56,9.9
2011-10-20,2011,10,20,29.35,28.63,28.57,28.52,28.54,27.39,24.43,21.53,19.44,17.46,14.86,11.58,9.9
2011-10-21,2011,10,21,28.89,28.73,28.68,28.58,28.64,28.18,25.1,22.12,19.9,17.52,14.63,11.65,9.96
2011-10-22,2011,10,22,28.8,28.71,28.67,28.53,28.5,28.34,24.99,22.02,19.82,17.76,14.86,11.61,9.91
2011-10-23,2011,10,23,28.84,28.77,28.74,28.7,28.45,27.84,25.25,22.1,19.67,17.6,14.85,11.63,9.97
2011-10-24,2011,10,24,29.01,28.86,28.83,28.8,28.63,27.62,24.94,22.32,20.12,17.78,14.78,11.64,10.0
2011-10-25,2011,10,25,28.99,28.92,28.92,28.93,28.75,27.45,25.3,22.79,20.16,18.19,15.02,11.68,9.94
2011-10-26,2011,10,26,29.14,28.99,28.96,28.91,28.76,27.67,24.58,22.42,20.22,18.3,15.03,11.69,10.02
2011-10-27,2011,10,27,29.0,28.99,29.0,29.07,28.91,27.39,24.14,21.93,20.41,18.54,14.99,11.75,9.99
2011-10-28,2011,10,28,28.99,28.96,28.96,29.09,28.76,27.16,23.56,22.09,20.7,18.69,15.18,11.71,9.97
2011-10-29,2011,10,29,28.89,28.9,28.91,28.98,28.56,26.51,23.53,22.22,20.78,19.12,15.38,11.8,10.03
2011-10-30,2011,10,30,28.95,28.94,28.94,28.96,28.64,27.1,23.62,22.17,20.58,19.06,15.07,11.69,10.03
2011-10-31,2011,10,31,28.73,28.76,28.79,28.89,28.63,27.64,23.88,21.98,20.23,19.1,15.1,11.75,9.92
2011-11-01,2011,11,1,28.73,28.77,28.8,28.84,28.74,27.56,23.22,21.91,20.27,19.13,15.02,11.67,10.02
2011-11-02,2011,11,2,28.74,28.76,28.75,28.78,28.88,28.15,25.18,22.17,20.58,19.27,15.06,11.78,9.97
2011-11-03,2011,11,3,29.26,28.93,28.91,28.89,28.83,28.52,24.67,21.57,19.98,18.12,14.77,11.67,9.97
2011-11-04,2011,11,4,29.21,29.01,28.98,28.94,28.91,28.59,25.21,22.35,20.35,18.53,14.63,11.72,9.98
2011-11-05,2011,11,5,29.13,28.93,28.93,28.95,28.83,28.2,26.12,22.2,20.21,17.51,14.67,11.81,9.95
2011-11-06,2011,11,6,29.51,29.02,29.04,29.06,28.89,28.39,26.12,22.59,20.37,17.7,14.34,11.67,9.98
2011-11-07,2011,11,7,29.67,29.22,29.2,29.15,28.84,28.13,25.8,22.54,19.46,17.81,14.3,11.73,9.92
2011-11-08,2011,11,8,29.69,29.35,29.31,29.2,28.79,28.12,26.04,22.95,19.7,17.67,14.21,11.72,9.94
2011-11-09,2011,11,9,29.64,29.38,29.38,29.35,28.78,28.54,25.99,22.58,19.66,17.89,14.08,11.75,9.97
2011-11-10,2011,11,10,29.53,29.47,29.48,29.4,28.91,28.5,25.91,22.62,19.23,17.72,14.18,11.79,10.01
2011-11-11,2011,11,11,29.33,29.38,29.36,29.21,28.82,28.69,25.83,22.76,19.55,17.73,14.06,11.72,9.92
2011-11-12,2011,11,12,29.84,29.39,29.38,29.27,29.0,28.09,25.28,22.41,18.81,17.72,14.14,11.82,9.96
2011-11-13,2011,11,13,29.5,29.34,29.34,29.28,29.04,28.56,25.38,22.93,19.66,17.84,14.33,11.71,9.96
2011-11-14,2011,11,14,29.76,29.36,29.34,29.25,28.77,28.51,25.23,22.74,19.62,17.22,14.26,11.81,10.0
2011-11-15,2011,11,15,29.38,29.35,29.35,29.31,28.92,28.49,25.51,22.76,19.69,17.78,14.28,11.84,9.94
2011-11-16,2011,11,16,29.53,29.38,29.34,29.28,28.88,28.64,25.54,22.79,19.39,17.77,14.43,11.77,9.97
2011-11-17,2011,11,17,29.45,29.38,29.37,29.4,28.99,28.41,25.42,22.75,19.64,17.4,14.25,11.86,9.94
2011-11-18,2011,11,18,29.58,29.54,29.53,29.54,29.31,28.42,25.53,22.83,19.75,17.74,14.43,11.92,9.99
2011-11-19,2011,11,19,29.52,29.51,29.5,29.48,29.32,28.31,26.55,23.65,19.26,17.73,14.38,11.74,9.94
2011-11-20,2011,11,20,29.5,29.51,29.5,29.54,29.46,28.7,27.28,24.34,19.11,17.48,14.37,11.83,9.96
2011-11-21,2011,11,21,29.37,29.38,29.39,29.42,29.28,28.37,26.79,23.34,19.92,17.85,14.56,11.79,9.96
2011-11-22,2011,11,22,29.15,29.17,29.18,29.24,29.29,27.8,26.64,23.44,19.54,17.27,14.2,11.73,9.97
2011-11-23,2011,11,23,29.05,29.06,29.07,29.12,28.99,27.8,26.58,22.93,19.45,17.2,14.43,11.77,9.96
2011-11-24,2011,11,24,28.95,28.96,28.96,28.98,29.08,27.7,26.56,22.52,19.32,17.19,14.26,11.6,9.93
2011-11-25,2011,11,25,28.83,28.85,28.85,28.86,28.98,28.12,26.01,22.95,19.39,17.05,14.19,11.74,9.98
2011-11-26,2011,11,26,28.74,28.81,28.84,28.89,29.06,28.46,25.45,22.87,19.68,17.35,14.23,11.7,9.99
2011-11-27,2011,11,27,28.82,28.84,28.83,28.85,29.05,28.11,25.16,22.1,18.62,16.61,14.12,11.74,9.98
2011-11-28,2011,11,28,28.77,28.76,28.76,28.78,28.79,26.99,23.74,21.51,18.71,16.41,14.03,11.68,9.95
2011-11-29,2011,11,29,28.73,28.74,28.73,28.73,28.86,26.57,23.87,21.45,18.46,16.24,13.98,11.7,9.93
2011-11-30,2011,11,30,28.76,28.76,28.75,28.75,29.15,27.09,24.1,21.25,18.21,16.01,13.89,11.65,9.94
2011-12-01,2011,12,1,28.66,28.69,28.69,28.71,29.22,26.81,24.24,21.14,18.14,15.82,13.89,11.69,9.89
2011-12-02,2011,12,2,28.9,28.72,28.7,28.68,28.92,26.09,23.28,20.87,17.92,15.95,13.98,11.57,9.9
2011-12-03,2011,12,3,28.66,28.6,28.6,28.59,28.8,26.29,22.74,20.26,17.47,15.36,13.78,11.64,9.87
2011-12-04,2011,12,4,28.67,28.61,28.61,28.66,28.57,26.08,22.24,19.24,17.44,15.53,13.8,11.59,9.84
2011-12-05,2011,12,5,28.96,28.74,28.74,28.73,28.58,25.75,21.9,19.74,17.79,15.85,13.93,11.59,10.04
2011-12-06,2011,12,6,28.98,28.97,28.96,28.97,28.33,25.94,21.69,20.07,18.34,15.99,13.91,11.67,9.97
2011-12-07,2011,12,7,29.03,29.0,28.99,28.99,28.89,27.19,21.43,19.59,17.75,15.87,13.88,11.61,10.01
2011-12-08,2011,12,8,29.03,28.98,28.97,28.98,28.76,26.32,21.26,19.56,18.23,16.37,13.97,11.59,10.01
2011-12-09,2011,12,9,29.07,29.02,29.01,29.0,28.96,26.61,20.95,19.81,18.46,16.68,13.95,11.62,10.03
2011-12-10,2011,12,10,28.97,28.89,28.88,28.87,28.87,25.33,21.46,19.91,18.39,16.04,13.86,11.6,10.0
2011-12-11,2011,12,11,28.87,28.89,28.94,28.92,28.8,25.76,21.62,19.58,18.12,16.13,14.12,11.64,10.07
2011-12-12,2011,12,12,28.75,28.77,28.84,29.12,28.94,26.17,21.47,19.42,18.17,16.15,13.82,11.66,10.03
2011-12-13,2011,12,13,28.68,28.74,28.88,29.07,28.77,24.84,21.4,19.13,17.62,15.83,13.9,11.64,10.09
2011-12-14,2011,12,14,28.68,28.71,28.71,28.7,27.53,24.5,21.09,19.1,17.54,15.85,13.92,11.68,10.09
2011-12-15,2011,12,15,28.63,28.64,28.64,28.64,27.96,24.23,21.75,19.31,17.4,15.71,13.72,11.64,10.07
2011-12-16,2011,12,16,28.75,28.75,28.74,28.73,28.42,24.36,21.36,19.14,17.33,15.74,13.82,11.6,10.04
2011-12-17,2011,12,17,28.71,28.73,28.72,28.73,28.65,24.7,21.35,19.62,17.63,15.9,13.79,11.69,10.07
2011-12-18,2011,12,18,28.65,28.67,28.67,28.67,28.77,25.73,21.9,19.63,17.56,16.05,13.83,11.67,10.11
2011-12-19,2011,12,19,28.6,28.61,28.61,28.61,28.71,26.52,22.24,19.26,17.4,16.07,13.87,11.65,10.09
2011-12-20,2011,12,20,28.53,28.54,28.54,28.54,28.56,28.04,23.01,19.61,17.62,16.4,13.91,11.73,10.04
2011-12-21,2011,12,21,28.42,28.44,28.43,28.44,28.46,28.67,24.53,19.77,17.97,16.62,14.2,11.7,10.11
2011-12-22,2011,12,22,28.37,28.39,28.38,28.39,28.4,28.21,24.68,20.49,17.68,16.08,13.95,11.77,10.12
2011-12-23,2011,12,23,28.32,28.33,28.33,28.34,28.39,28.01,25.57,22.01,17.66,16.46,14.3,11.77,10.11
2011-12-24,2011,12,24,28.22,28.29,28.29,28.31,28.41,27.35,26.24,22.29,17.71,16.62,14.06,11.79,10.12
2011-12-25,2011,12,25,28.3,28.26,28.26,28.28,28.28,27.63,25.38,21.55,17.78,16.05,13.99,11.68,10.04
2011-12-26,2011,12,26,28.18,28.19,28.19,28.2,28.3,26.85,23.3,20.08,16.64,15.5,13.77,11.61,10.0
2011-12-27,2011,12,27,28.15,28.16,28.16,28.16,28.11,26.14,23.42,20.06,17.09,15.88,13.67,11.62,10.04
2011-12-28,2011,12,28,28.19,28.19,28.18,28.17,28.11,26.6,24.26,20.78,17.7,15.93,13.83,11.66,10.02
2011-12-29,2011,12,29,28.43,28.1,28.08,28.07,27.9,25.65,23.04,19.56,16.9,15.26,13.72,11.62,10.0
2011-12-30,2011,12,30,28.29,28.1,28.06,28.06,27.65,24.91,22.99,20.9,18.44,16.11,13.96,11.7,10.1
2011-12-31,2011,12,31,28.19,28.17,28.15,28.14,27.89,25.19,22.66,20.59,17.54,15.72,13.83,11.69,10.03
2012-01-01,2012,1,1,28.13,28.14,28.13,28.13,27.3,25.04,22.74,20.09,18.08,15.83,13.95,11.72,10.1
2012-01-02,2012,1,2,28.33,28.31,28.31,28.31,27.63,24.76,22.28,20.19,18.06,15.77,13.95,11.68,10.01
2012-01-03,2012,1,3,28.55,28.45,28.39,28.37,28.29,26.47,23.21,20.72,18.28,16.0,14.02,11.7,10.1
2012-01-04,2012,1,4,28.43,28.4,28.38,28.38,28.31,26.88,22.81,20.38,17.92,16.24,14.1,11.81,10.11
2012-01-05,2012,1,5,28.52,28.5,28.48,28.47,28.23,26.56,22.75,20.67,18.33,16.54,14.1,11.77,10.14
2012-01-06,2012,1,6,28.4,28.39,28.37,28.32,27.69,25.43,23.09,20.15,17.88,16.07,14.03,11.78,10.11
2012-01-07,2012,1,7,28.33,28.35,28.34,28.31,27.63,25.22,23.12,20.39,17.75,15.77,13.9,11.86,10.18
2012-01-08,2012,1,8,28.51,28.53,28.52,28.51,27.25,24.83,22.41,19.82,18.02,16.47,14.26,11.88,10.08
2012-01-09,2012,1,9,28.47,28.48,28.48,28.48,28.13,25.23,23.13,20.9,18.57,16.88,14.29,11.97,10.25
2012-01-10,2012,1,10,28.53,28.53,28.51,28.51,28.49,25.44,23.07,20.78,18.14,16.56,14.03,11.83,10.16
2012-01-11,2012,1,11,28.4,28.42,28.42,28.44,28.44,26.84,23.35,21.01,18.54,17.09,15.13,11.98,10.22
2012-01-12,2012,1,12,28.38,28.39,28.39,28.39,28.34,25.26,22.83,20.43,18.45,16.92,14.65,11.78,10.21
2012-01-13,2012,1,13,28.47,28.5,28.49,28.5,28.39,26.22,23.35,21.39,18.98,17.04,15.23,11.95,10.26
2012-01-14,2012,1,14,28.56,28.58,28.58,28.58,28.59,27.4,24.11,20.87,18.1,16.53,15.27,12.01,10.3
2012-01-15,2012,1,15,28.45,28.47,28.46,28.47,28.47,27.68,23.94,21.38,19.2,17.43,15.53,11.91,10.28
2012-01-16,2012,1,16,28.45,28.46,28.46,28.46,28.48,27.53,23.86,21.09,18.96,17.39,15.31,12.03,10.32
2012-01-17,2012,1,17,28.53,28.55,28.55,28.58,28.58,28.56,26.84,23.32,20.2,18.01,15.29,12.14,10.3
2012-01-18,2012,1,18,28.58,28.56,28.55,28.58,28.57,28.55,26.97,23.42,19.6,17.69,15.51,12.19,10.4
2012-01-19,2012,1,19,28.65,28.62,28.63,28.66,28.61,28.55,28.25,25.28,20.24,18.45,15.37,12.17,10.36
2012-01-20,2012,1,20,28.73,28.66,28.68,28.65,28.56,28.51,27.02,24.08,20.6,18.88,15.56,12.11,10.29
2012-01-21,2012,1,21,28.69,28.66,28.64,28.64,28.59,28.54,28.07,24.32,21.24,18.56,15.6,12.2,10.37
2012-01-22,2012,1,22,28.69,28.68,28.67,28.66,28.64,28.62,27.67,24.4,21.87,18.67,15.82,12.21,10.35
2012-01-23,2012,1,23,28.66,28.68,28.67,28.67,28.66,28.65,28.29,24.4,21.87,19.42,15.94,12.28,10.23
2012-01-24,2012,1,24,28.63,28.65,28.64,28.65,28.65,28.65,28.23,24.87,22.01,20.03,15.6,12.1,10.28
2012-01-25,2012,1,25,28.65,28.66,28.65,28.66,28.66,28.65,28.3,25.71,22.88,20.61,15.89,12.27,10.3
2012-01-26,2012,1,26,28.65,28.66,28.65,28.65,28.65,28.64,27.82,25.3,23.38,21.23,16.37,12.18,10.27
2012-01-27,2012,1,27,28.66,28.67,28.66,28.66,28.64,28.64,27.77,25.41,23.93,22.01,16.52,12.25,10.36
2012-01-28,2012,1,28,28.64,28.65,28.65,28.65,28.66,28.64,27.88,25.91,24.1,21.33,16.64,12.32,10.31
2012-01-29,2012,1,29,28.62,28.63,28.61,28.63,28.66,28.65,28.02,26.2,24.21,21.13,16.54,12.24,10.27
2012-01-30,2012,1,30,28.55,28.57,28.56,28.6,28.68,28.68,28.09,25.57,23.77,21.7,17.07,12.22,10.43
2012-01-31,2012,1,31,28.6,28.59,28.58,28.6,28.72,28.7,28.5,25.97,23.71,22.32,17.21,12.28,10.3
2012-02-01,2012,2,1,28.6,28.57,28.56,28.57,28.7,28.68,28.45,26.12,24.14,22.42,16.76,12.22,10.34
2012-02-02,2012,2,2,28.48,28.5,28.51,28.6,28.71,28.68,28.28,25.98,24.22,22.31,17.09,12.16,10.33
2012-02-03,2012,2,3,28.45,28.47,28.48,28.62,28.73,28.69,28.09,26.08,24.16,21.45,17.49,12.03,10.31
2012-02-04,2012,2,4,28.44,28.47,28.48,28.57,28.75,28.69,28.65,26.79,23.73,21.52,16.94,12.25,10.13
2012-02-05,2012,2,5,28.38,28.38,28.37,28.44,28.76,28.71,28.66,27.23,24.2,22.31,16.96,12.12,10.29
2012-02-06,2012,2,6,28.25,28.3,28.31,28.38,28.71,28.73,28.57,26.63,23.54,21.7,16.6,12.01,10.25
2012-02-07,2012,2,7,28.39,28.36,28.34,28.39,28.58,28.73,28.69,27.8,23.86,21.67,16.89,12.1,10.14
2012-02-08,2012,2,8,28.63,28.55,28.52,28.51,28.4,28.38,28.2,27.39,23.74,20.55,17.15,12.03,10.08
2012-02-09,2012,2,9,28.62,28.57,28.55,28.54,28.48,28.51,28.58,28.32,24.65,21.02,16.59,11.89,10.21
2012-02-10,2012,2,10,28.6,28.56,28.54,28.54,28.56,28.64,28.63,27.73,23.86,20.76,16.58,11.81,10.16
2012-02-11,2012,2,11,28.59,28.58,28.57,28.55,28.68,28.69,28.65,27.73,24.39,20.99,16.6,11.94,10.02
2012-02-12,2012,2,12,28.55,28.56,28.55,28.55,28.7,28.7,28.68,28.17,25.0,21.33,16.46,11.93,10.05
2012-02-13,2012,2,13,28.46,28.48,28.48,28.53,28.76,28.67,28.6,27.78,24.43,20.87,16.35,12.02,10.0
2012-02-14,2012,2,14,28.52,28.52,28.5,28.54,28.56,28.67,28.22,26.12,22.96,20.08,15.72,12.03,10.01
2012-02-15,2012,2,15,28.54,28.48,28.47,28.58,28.6,28.52,27.83,25.9,23.13,20.12,15.78,12.06,9.98
2012-02-16,2012,2,16,28.4,28.4,28.44,28.64,28.72,28.67,27.29,25.68,23.15,20.2,15.74,12.02,9.93
2012-02-17,2012,2,17,28.66,28.38,28.44,28.56,28.42,27.5,26.43,24.74,21.72,19.36,15.32,11.94,9.93
2012-02-18,2012,2,18,28.63,28.46,28.36,28.29,28.28,26.8,25.69,24.05,21.36,18.91,15.13,11.99,9.85
2012-02-19,2012,2,19,28.64,28.46,28.41,28.32,28.12,26.83,25.68,24.03,21.24,18.96,15.14,11.86,9.85
2012-02-20,2012,2,20,28.51,28.51,28.49,28.47,28.05,26.42,25.71,23.23,20.73,18.74,15.09,11.82,9.8
2012-02-21,2012,2,21,28.51,28.52,28.51,28.5,28.13,26.61,25.77,23.55,20.98,18.6,14.85,11.72,9.79
2012-02-22,2012,2,22,28.43,28.44,28.43,28.41,28.36,27.21,25.7,22.81,20.2,18.02,14.77,11.6,9.8
2012-02-23,2012,2,23,28.44,28.46,28.45,28.45,28.46,27.68,25.67,22.91,20.26,17.97,14.73,11.73,9.71
2012-02-24,2012,2,24,28.37,28.37,28.36,28.36,28.44,27.85,25.76,23.18,20.45,18.03,14.67,11.61,9.79
2012-02-25,2012,2,25,28.34,28.36,28.35,28.35,28.52,27.58,25.52,22.42,19.8,17.76,14.6,11.6,9.71
2012-02-26,2012,2,26,28.52,28.45,28.41,28.4,28.61,28.07,25.73,22.56,19.81,17.61,14.45,11.63,9.68
2012-02-27,2012,2,27,28.63,28.55,28.51,28.47,28.59,28.11,25.45,22.35,19.81,17.51,14.57,11.72,9.69
2012-02-28,2012,2,28,28.93,28.69,28.65,28.58,28.61,27.93,25.4,22.24,19.46,17.52,14.4,11.56,9.73
2012-02-29,2012,2,29,28.75,28.75,28.71,28.65,28.6,27.51,25.39,22.16,19.86,17.3,14.43,11.64,9.7
2012-03-01,2012,3,1,28.9,28.78,28.75,28.75,28.3,27.91,25.21,22.19,19.51,16.93,14.29,11.63,9.73
2012-03-02,2012,3,2,29.0,28.89,28.87,28.83,28.3,28.48,25.37,21.93,19.34,17.23,14.39,11.59,9.74
2012-03-03,2012,3,3,29.13,28.88,28.86,28.85,28.47,28.4,26.51,22.09,19.45,16.82,14.23,11.56,9.77
2012-03-04,2012,3,4,29.01,28.97,28.95,28.88,28.52,27.13,25.11,22.26,19.63,17.15,14.35,11.65,9.76
2012-03-05,2012,3,5,28.9,28.89,28.87,28.88,28.39,26.56,24.92,22.62,19.98,17.1,14.09,11.4,9.74
2012-03-06,2012,3,6,28.74,28.76,28.76,28.78,28.46,28.03,24.94,22.77,19.04,16.89,14.26,11.57,9.78
2012-03-07,2012,3,7,28.86,28.76,28.75,28.74,28.25,27.46,25.73,23.02,19.43,17.02,14.32,11.66,9.81
2012-03-08,2012,3,8,28.82,28.76,28.75,28.75,28.33,28.35,26.02,22.66,20.07,17.76,14.36,11.54,9.74
2012-03-09,2012,3,9,28.89,28.78,28.76,28.75,28.67,28.21,26.08,22.33,19.11,16.58,14.1,11.57,9.82
2012-03-10,2012,3,10,28.93,28.78,28.75,28.77,28.59,28.44,26.9,22.5,19.51,17.46,14.45,11.58,9.92
2012-03-11,2012,3,11,29.05,28.81,28.83,28.83,28.48,28.29,26.79,22.81,20.01,17.5,14.42,11.67,9.91
2012-03-12,2012,3,12,28.92,28.81,28.8,28.84,28.44,28.16,25.45,22.01,19.21,17.08,14.31,11.71,9.95
2012-03-13,2012,3,13,29.0,28.97,28.95,28.94,28.46,27.25,25.55,22.71,19.84,17.43,14.45,11.58,9.91
2012-03-14,2012,3,14,29.15,29.06,29.02,28.99,28.55,27.08,25.04,22.12,19.3,17.3,14.42,11.62,9.95
2012-03-15,2012,3,15,29.08,29.01,28.99,29.01,28.55,27.04,25.5,22.44,19.61,17.37,14.56,11.76,9.91
2012-03-16,2012,3,16,29.08,28.99,28.98,28.97,28.65,27.14,25.48,22.24,19.76,17.5,14.46,11.78,9.95
2012-03-17,2012,3,17,29.36,29.09,29.07,29.05,28.41,27.45,25.31,22.33,19.05,17.37,14.42,11.67,9.87
2012-03-18,2012,3,18,29.44,29.14,29.1,29.03,28.38,27.56,25.0,22.82,19.76,17.36,14.45,11.8,9.97
2012-03-19,2012,3,19,29.7,29.21,29.18,29.11,28.43,27.38,24.6,22.02,19.24,17.23,14.3,11.83,9.9
2012-03-20,2012,3,20,29.82,29.25,29.18,29.14,28.73,27.14,24.4,22.28,18.84,16.93,14.4,11.74,9.88
2012-03-21,2012,3,21,29.85,29.41,29.32,29.18,28.59,27.5,24.81,22.55,19.5,17.46,14.47,11.8,9.98
2012-03-22,2012,3,22,29.73,29.48,29.39,29.16,28.57,27.04,24.38,21.65,18.93,16.98,14.24,11.73,9.88
2012-03-23,2012,3,23,29.62,29.53,29.49,29.35,28.91,27.59,24.9,21.88,19.04,16.97,14.44,11.86,9.99
2012-03-24,2012,3,24,29.63,29.43,29.38,29.08,28.76,27.43,24.16,21.37,19.19,17.34,14.47,11.77,9.94
2012-03-25,2012,3,25,29.68,29.44,29.39,29.14,28.45,27.66,24.32,21.29,18.95,16.82,14.28,11.76,10.0
2012-03-26,2012,3,26,29.8,29.51,29.49,29.47,28.38,27.63,25.4,22.22,19.75,17.25,14.38,11.76,10.06
2012-03-27,2012,3,27,29.69,29.58,29.56,29.51,28.52,27.61,25.05,21.54,19.26,16.93,14.36,11.74,9.88
2012-03-28,2012,3,28,29.56,29.52,29.5,29.44,28.78,27.74,25.6,22.18,19.83,17.05,14.27,11.69,10.02
2012-03-29,2012,3,29,29.5,29.51,29.5,29.47,28.57,27.96,25.94,22.81,19.88,17.13,14.55,11.74,9.99
2012-03-30,2012,3,30,29.63,29.53,29.49,29.48,28.94,27.77,25.86,22.44,19.36,17.03,14.16,11.62,9.86
2012-03-31,2012,3,31,29.84,29.53,29.5,29.48,28.82,27.86,25.82,22.69,19.73,17.23,14.45,11.75,9.99
2012-04-01,2012,4,1,29.74,29.61,29.54,29.38,28.6,27.95,26.54,22.77,19.5,17.34,14.42,11.71,9.94
2012-04-02,2012,4,2,29.97,29.66,29.64,29.58,28.55,27.81,25.9,22.49,19.57,17.45,14.32,11.63,9.89
2012-04-03,2012,4,3,30.27,29.77,29.72,29.67,28.76,27.72,26.13,22.58,19.64,17.23,14.36,11.77,9.93
2012-04-04,2012,4,4,30.38,29.92,29.82,29.74,28.9,27.98,26.37,22.6,19.83,17.62,14.4,11.66,9.92
2012-04-05,2012,4,5,30.39,30.04,29.98,29.85,29.07,28.24,26.32,22.67,19.78,17.6,14.42,11.65,9.89
2012-04-06,2012,4,6,30.44,30.01,29.9,29.82,28.85,28.06,26.33,22.71,19.81,17.59,14.28,11.66,9.89
2012-04-07,2012,4,7,30.46,30.13,29.92,29.75,29.04,27.81,25.85,22.74,19.48,17.23,14.44,11.72,9.91
2012-04-08,2012,4,8,30.59,30.29,30.08,29.83,29.06,27.9,25.64,23.1,19.9,17.76,14.33,11.78,9.94
2012-04-09,2012,4,9,30.55,30.29,30.09,29.83,29.2,27.97,26.22,23.31,20.03,17.36,14.32,11.68,9.83
2012-04-10,2012,4,10,30.56,30.28,29.99,29.72,28.87,27.95,25.3,23.11,19.92,17.55,14.48,11.72,9.92
2012-04-11,2012,4,11,30.63,30.37,30.25,29.82,28.97,27.66,25.39,23.07,20.0,17.63,14.42,11.69,9.94
2012-04-12,2012,4,12,30.51,30.36,30.31,30.14,29.12,27.71,25.24,23.11,20.18,17.41,14.49,11.77,9.9
2012-04-13,2012,4,13,30.35,30.33,30.31,30.16,28.9,27.49,25.1,22.98,19.38,16.95,14.37,11.67,9.95
2012-04-14,2012,4,14,30.35,30.32,30.3,30.23,29.01,27.9,25.16,22.69,19.8,17.48,14.45,11.74,9.91
2012-04-15,2012,4,15,30.55,30.28,30.25,30.21,28.73,27.74,25.16,22.68,19.95,17.03,14.47,11.69,9.91
2012-04-16,2012,4,16,30.69,30.35,30.34,30.05,28.43,27.89,24.87,22.14,19.23,16.74,14.48,11.77,9.91
2012-04-17,2012,4,17,30.28,30.34,30.19,29.84,28.59,27.96,25.17,22.24,19.55,17.07,14.38,11.65,9.9
2012-04-18,2012,4,18,30.51,30.35,30.17,29.88,28.65,27.95,24.78,21.86,19.03,16.84,14.49,11.65,9.91
2012-04-19,2012,4,19,30.76,30.43,30.39,30.22,29.05,28.01,25.01,21.48,19.1,16.78,14.23,11.72,9.89
2012-04-20,2012,4,20,30.41,30.38,30.33,30.08,28.93,27.9,24.96,21.91,19.19,17.04,14.56,11.63,9.92
2012-04-21,2012,4,21,30.37,30.28,30.27,29.9,29.1,27.92,24.63,21.33,18.69,16.65,14.26,11.65,9.96
2012-04-22,2012,4,22,30.08,30.11,30.11,29.96,29.05,27.66,24.59,21.52,19.14,16.82,14.42,11.73,9.84
2012-04-23,2012,4,23,30.07,30.09,30.07,30.01,28.94,28.01,24.72,21.46,18.97,16.74,14.45,11.68,9.98
2012-04-24,2012,4,24,29.9,29.91,29.83,29.86,29.0,27.91,24.67,21.5,18.66,16.8,14.48,11.7,9.98
2012-04-25,2012,4,25,30.11,30.04,30.01,29.86,29.05,27.96,25.38,21.83,19.23,16.94,14.43,11.7,9.86
2012-04-26,2012,4,26,30.31,30.09,30.06,29.98,28.91,27.48,24.45,21.11,18.56,16.7,14.4,11.75,10.03
2012-04-27,2012,4,27,30.43,30.17,30.13,30.17,29.26,28.21,25.04,22.02,19.17,16.99,14.61,11.64,9.94
2012-04-28,2012,4,28,30.47,30.33,30.3,30.12,28.87,28.03,25.18,21.66,18.97,17.01,14.35,11.85,9.99
2012-04-29,2012,4,29,30.12,30.14,30.13,30.12,29.17,27.55,24.61,21.55,19.12,17.04,14.64,11.75,9.96
2012-04-30,2012,4,30,30.04,30.05,30.04,30.08,29.27,28.23,25.24,22.2,19.3,17.04,14.55,11.76,9.95
2012-05-01,2012,5,1,29.8,29.83,29.84,29.94,29.09,28.24,25.0,21.58,19.15,17.11,14.54,11.79,10.01
2012-05-02,2012,5,2,29.84,29.87,29.86,29.88,29.33,28.22,25.28,22.14,19.6,17.18,14.72,11.82,9.95
2012-05-03,2012,5,3,29.9,29.93,29.93,29.97,29.21,28.12,25.19,22.14,19.27,17.1,14.6,11.81,10.02
2012-05-04,2012,5,4,29.8,29.83,29.82,29.85,29.2,28.29,25.37,22.45,19.71,17.58,14.88,11.78,10.1
2012-05-05,2012,5,5,29.73,29.76,29.75,29.76,29.04,28.16,25.05,22.19,19.42,17.23,14.72,11.87,9.99
2012-05-06,2012,5,6,29.81,29.83,29.82,29.82,29.23,28.23,26.1,22.84,19.94,17.43,14.91,11.86,10.07
2012-05-07,2012,5,7,29.94,29.87,29.84,29.83,28.91,28.18,24.98,21.96,19.32,17.39,14.79,11.81,10.09
2012-05-08,2012,5,8,29.88,29.88,29.85,29.86,28.74,28.24,25.55,22.32,19.72,17.55,14.85,11.9,10.05
2012-05-09,2012,5,9,29.89,29.88,29.85,29.86,28.98,28.07,25.96,22.64,19.86,17.48,15.02,11.94,10.14
2012-05-10,2012,5,10,29.97,29.92,29.9,29.9,29.13,28.21,25.32,22.41,19.5,17.56,14.81,11.85,10.08
2012-05-11,2012,5,11,30.06,29.98,29.95,29.94,28.82,28.11,25.48,21.89,19.62,17.56,14.87,11.95,10.11
2012-05-12,2012,5,12,29.98,29.97,29.95,29.95,28.88,28.13,25.67,22.59,20.05,17.67,15.12,11.93,10.07
2012-05-14,2012,5,14,29.98,29.96,29.96,29.93,29.04,28.27,26.06,22.47,19.82,17.72,14.96,11.95,10.11
2012-05-15,2012,5,15,30.05,30.02,30.02,29.99,28.81,28.41,25.86,22.89,19.9,17.66,15.02,11.96,10.13
2012-05-16,2012,5,16,30.08,30.07,30.08,30.06,29.31,28.52,26.18,22.63,19.6,17.62,15.03,11.99,10.12
2012-05-17,2012,5,17,30.03,30.04,30.05,30.03,29.14,28.47,26.21,22.83,19.89,17.79,15.06,11.99,10.18
2012-05-18,2012,5,18,30.02,30.02,30.03,30.01,29.05,28.63,26.0,22.38,19.56,17.64,14.98,12.06,10.1
2012-05-19,2012,5,19,29.98,29.99,30.0,29.98,29.47,28.72,26.72,23.11,20.11,17.67,14.99,11.95,10.16
2012-05-20,2012,5,20,30.01,30.0,30.01,29.98,29.5,28.75,26.39,22.47,19.97,17.7,15.14,12.08,10.15
2012-05-21,2012,5,21,29.95,29.95,29.96,29.94,29.18,28.41,26.13,22.85,20.21,17.86,14.92,12.0,10.12
2012-05-22,2012,5,22,29.89,29.9,29.91,29.89,29.57,28.26,25.8,22.35,19.76,17.55,15.26,12.03,10.17
2012-05-23,2012,5,23,29.84,29.84,29.86,29.84,29.48,28.36,26.12,23.15,20.09,17.86,14.95,12.01,10.13
2012-05-24,2012,5,24,29.74,29.75,29.77,29.75,29.42,28.2,25.83,22.47,19.87,17.73,15.06,12.02,10.11
2012-05-25,2012,5,25,29.5,29.54,29.56,29.57,29.48,28.15,26.09,22.46,20.02,17.63,15.1,11.95,10.14
2012-05-26,2012,5,26,29.41,29.41,29.43,29.42,29.15,27.8,25.17,22.18,19.53,17.47,14.92,11.98,10.1
2012-05-27,2012,5,27,29.34,29.35,29.36,29.35,29.14,27.71,25.28,22.17,19.51,17.38,14.6,11.9,10.08
2012-05-28,2012,5,28,29.32,29.33,29.34,29.33,29.3,27.99,25.49,22.4,19.82,17.65,15.08,11.93,10.1
2012-05-29,2012,5,29,29.33,29.34,29.35,29.34,29.36,27.59,25.13,22.58,19.75,17.37,14.85,11.95,10.04
2012-05-30,2012,5,30,29.23,29.24,29.25,29.24,29.25,28.38,25.91,22.58,19.67,17.2,14.7,11.9,10.11
2012-05-31,2012,5,31,29.17,29.17,29.19,29.17,29.22,28.42,25.63,22.7,20.12,17.94,15.01,11.86,10.03
2012-06-01,2012,6,1,29.14,29.14,29.16,29.14,29.14,28.93,25.95,22.96,20.12,17.31,14.6,11.88,10.07
2012-06-02,2012,6,2,29.09,29.1,29.11,29.1,29.1,28.64,26.08,22.83,19.94,17.51,14.79,11.84,10.02
2012-06-03,2012,6,3,29.07,29.08,29.09,29.08,29.08,28.63,26.51,22.6,19.85,17.49,14.54,11.8,10.03
2012-06-04,2012,6,4,29.07,29.07,29.08,29.07,29.07,28.79,26.7,23.58,20.7,18.19,14.87,11.82,10.07
2012-06-05,2012,6,5,29.04,29.04,29.06,29.04,29.05,28.78,26.33,22.86,19.94,17.49,14.61,11.9,10.06
2012-06-06,2012,6,6,29.02,29.03,29.04,29.03,29.03,28.42,26.29,23.23,20.17,17.76,14.77,11.76,9.98
2012-06-07,2012,6,7,29.03,29.03,29.05,29.03,29.02,28.28,26.02,23.01,20.05,17.65,14.52,11.78,10.12
2012-06-08,2012,6,8,29.03,29.03,29.05,29.03,29.02,28.05,25.72,22.73,19.88,17.55,14.67,11.8,9.94
2012-06-09,2012,6,9,28.97,28.97,28.98,28.97,28.97,28.41,25.91,22.8,19.48,17.23,14.45,11.79,10.09
2012-06-10,2012,6,10,28.91,28.91,28.93,28.92,28.92,28.46,25.89,22.85,19.95,17.75,14.6,11.73,10.03
2012-06-11,2012,6,11,28.88,28.88,28.9,28.88,28.88,28.37,25.24,22.38,19.46,16.94,14.45,11.77,10.0
2012-06-12,2012,6,12,28.84,28.84,28.86,28.84,28.84,28.3,25.53,22.55,19.54,17.25,14.39,11.78,10.02
2012-06-13,2012,6,13,28.81,28.81,28.83,28.81,28.79,28.5,25.81,22.66,19.48,17.16,14.52,11.69,10.01
2012-06-14,2012,6,14,28.83,28.83,28.84,28.82,28.82,28.59,25.46,22.91,20.38,17.67,14.45,11.77,10.07
2012-06-15,2012,6,15,28.86,28.85,28.86,28.85,28.84,28.58,25.72,23.04,19.79,17.31,14.66,11.72,10.0
2012-06-16,2012,6,16,28.87,28.87,28.89,28.87,28.86,28.7,26.18,23.21,20.34,17.62,14.76,11.76,10.05
2012-06-17,2012,6,17,28.78,28.79,28.8,28.79,28.79,28.75,26.45,22.91,19.66,17.29,14.53,11.76,10.09
2012-06-18,2012,6,18,28.74,28.75,28.76,28.75,28.75,28.45,25.92,23.17,20.2,17.67,14.88,11.84,9.99
2012-06-19,2012,6,19,28.72,28.73,28.74,28.72,28.72,28.72,26.38,23.26,20.34,17.57,14.82,11.7,10.02
2012-06-20,2012,6,20,28.77,28.78,28.79,28.77,28.77,28.6,26.28,23.3,20.08,17.48,14.73,11.92,10.09
2012-06-21,2012,6,21,28.59,28.59,28.6,28.59,28.58,28.57,26.42,23.01,20.22,17.99,15.02,11.85,10.01
2012-06-22,2012,6,22,28.76,28.76,28.78,28.75,28.7,28.56,26.44,23.26,20.39,17.83,14.93,11.81,10.04
2012-06-23,2012,6,23,28.82,28.82,28.83,28.81,28.79,28.53,25.91,22.56,20.07,17.88,15.05,11.96,10.14
2012-06-24,2012,6,24,28.7,28.7,28.71,28.68,28.53,28.21,26.69,23.18,20.03,17.82,15.15,11.88,10.02
2012-06-25,2012,6,25,28.71,28.7,28.7,28.6,28.23,27.88,25.6,23.16,20.65,18.29,15.03,12.0,10.14
2012-06-26,2012,6,26,28.47,28.46,28.47,28.39,28.28,28.08,25.75,22.12,19.71,17.77,15.13,12.04,10.14
2012-06-27,2012,6,27,28.49,28.47,28.47,28.44,28.4,28.14,26.8,23.12,20.37,18.31,15.34,12.04,10.08
2012-06-28,2012,6,28,28.72,28.71,28.71,28.68,28.55,28.12,26.25,23.69,20.69,18.14,15.27,12.05,10.15
2012-06-29,2012,6,29,28.84,28.84,28.85,28.83,28.8,28.22,26.16,22.74,20.07,18.24,15.55,12.17,10.11
2012-06-30,2012,6,30,28.86,28.86,28.87,28.86,28.71,27.74,25.81,23.75,20.99,18.76,15.67,12.11,10.09
2012-07-01,2012,7,1,28.29,28.29,28.31,28.29,28.29,27.55,25.5,23.48,20.16,18.05,15.34,12.11,10.16
2012-07-02,2012,7,2,28.23,28.23,28.24,28.22,28.21,27.74,25.35,23.61,20.69,18.71,15.55,12.13,10.08
2012-07-03,2012,7,3,28.28,28.27,28.28,28.26,28.22,27.85,25.21,23.8,20.91,18.87,15.67,12.15,10.14
2012-07-04,2012,7,4,28.37,28.37,28.38,28.34,28.3,26.9,25.05,23.95,21.21,18.77,15.72,12.1,10.15
2012-07-05,2012,7,5,28.46,28.45,28.46,28.42,28.4,27.06,25.09,23.74,20.77,18.64,15.6,12.24,10.17
2012-07-06,2012,7,6,28.41,28.41,28.42,28.41,28.4,26.82,24.76,23.71,21.32,19.29,15.87,12.13,10.11
2012-07-07,2012,7,7,28.39,28.4,28.41,28.39,28.37,26.89,24.48,23.57,21.39,19.23,15.96,12.19,10.17
2012-07-08,2012,7,8,28.42,28.42,28.43,28.41,28.37,26.62,24.46,23.32,21.3,19.05,15.71,12.13,10.11
2012-07-09,2012,7,9,28.52,28.52,28.53,28.51,28.49,27.48,24.66,23.49,21.48,19.21,15.8,12.15,10.13
2012-07-10,2012,7,10,28.58,28.59,28.6,28.59,28.59,27.72,24.98,23.32,22.17,19.74,16.21,12.2,10.17
2012-07-11,2012,7,11,28.65,28.64,28.65,28.61,28.57,27.7,24.89,23.2,21.63,19.03,15.53,12.13,10.12
2012-07-12,2012,7,12,28.68,28.67,28.68,28.65,28.59,27.08,24.4,23.29,21.84,19.23,15.72,12.14,10.16
2012-07-13,2012,7,13,28.71,28.71,28.72,28.7,28.7,27.33,25.22,23.32,21.88,19.19,15.92,12.18,10.16
2012-07-14,2012,7,14,28.73,28.73,28.75,28.72,28.71,27.39,24.93,23.5,21.96,19.11,15.71,12.15,10.11
2012-07-15,2012,7,15,28.7,28.71,28.72,28.7,28.62,27.16,24.4,23.29,21.5,18.81,15.54,12.13,10.18
2012-07-16,2012,7,16,28.75,28.75,28.76,28.73,28.67,27.14,24.61,23.24,21.18,18.64,15.76,12.14,10.08
2012-07-17,2012,7,17,28.76,28.76,28.76,28.74,28.73,27.31,24.57,23.7,21.62,18.89,15.52,12.07,10.12
2012-07-18,2012,7,18,28.62,28.62,28.63,28.62,28.61,27.64,24.76,23.86,21.01,18.87,15.88,12.04,10.12
2012-07-19,2012,7,19,28.67,28.68,28.69,28.67,28.66,27.51,24.77,24.02,21.73,19.37,15.96,12.17,10.13
2012-07-20,2012,7,20,28.66,28.65,28.66,28.64,28.62,27.5,24.67,23.67,21.07,18.91,15.94,12.09,10.1
2012-07-21,2012,7,21,28.6,28.6,28.61,28.58,28.56,27.28,24.8,23.54,21.21,19.35,15.79,12.04,10.12
2012-07-22,2012,7,22,28.6,28.6,28.6,28.57,28.55,27.67,24.92,23.61,21.08,18.98,15.92,12.05,10.11
2012-07-23,2012,7,23,28.61,28.61,28.62,28.59,28.56,27.49,24.93,23.86,21.45,19.29,15.96,12.0,10.15
2012-07-24,2012,7,24,28.54,28.54,28.56,28.54,28.53,27.3,25.25,23.64,21.05,19.02,15.8,11.89,10.0
2012-07-25,2012,7,25,28.55,28.55,28.57,28.55,28.53,26.96,25.28,23.61,20.84,19.04,15.93,11.94,10.15
2012-07-26,2012,7,26,28.61,28.61,28.62,28.6,28.58,28.13,26.11,24.43,21.5,19.19,15.87,11.86,10.09
2012-07-27,2012,7,27,28.58,28.59,28.6,28.59,28.59,28.11,25.97,23.73,20.63,18.87,15.85,11.93,10.07
2012-07-28,2012,7,28,28.61,28.61,28.62,28.6,28.59,28.11,26.22,24.18,21.35,19.1,15.93,11.84,10.04
2012-07-29,2012,7,29,28.66,28.66,28.68,28.66,28.65,28.56,26.84,24.5,21.46,18.96,15.86,11.98,10.15
2012-07-30,2012,7,30,28.72,28.72,28.73,28.71,28.71,28.48,26.69,24.04,20.93,19.03,15.86,11.98,10.01
2012-07-31,2012,7,31,28.76,28.76,28.77,28.75,28.74,28.72,27.08,24.82,21.86,19.17,16.0,11.99,10.01
2012-08-01,2012,8,1,28.76,28.76,28.77,28.75,28.74,28.74,27.43,24.47,21.18,18.87,15.56,11.93,9.99
2012-08-02,2012,8,2,28.74,28.74,28.76,28.74,28.74,28.75,27.84,24.6,21.78,19.28,15.92,11.97,9.97
2012-08-03,2012,8,3,28.76,28.76,28.77,28.76,28.76,28.76,28.19,24.92,22.09,19.48,15.99,12.0,10.01
2012-08-04,2012,8,4,28.76,28.76,28.77,28.75,28.74,28.75,28.06,24.68,21.62,19.1,15.83,12.05,9.97
2012-08-05,2012,8,5,28.74,28.75,28.76,28.74,28.73,28.73,28.54,25.21,22.37,19.66,16.19,11.98,9.93
2012-08-06,2012,8,6,28.77,28.77,28.78,28.76,28.74,28.74,28.21,24.7,21.82,19.37,15.74,12.09,10.02
2012-08-07,2012,8,7,28.79,28.79,28.8,28.77,28.75,28.75,28.21,25.12,22.59,19.84,16.28,12.15,9.97
2012-08-08,2012,8,8,28.82,28.81,28.81,28.78,28.76,28.75,28.3,25.24,22.15,19.73,16.45,12.06,9.92
2012-08-09,2012,8,9,28.8,28.8,28.81,28.78,28.76,28.75,28.46,25.32,22.74,20.09,16.45,12.12,9.97
2012-08-10,2012,8,10,28.81,28.8,28.81,28.78,28.76,28.76,28.57,25.34,22.64,19.95,16.61,12.13,10.01
2012-08-11,2012,8,11,28.79,28.79,28.8,28.78,28.77,28.76,28.67,25.39,22.72,20.16,17.36,12.22,10.0
2012-08-12,2012,8,12,28.82,28.81,28.81,28.79,28.76,28.74,28.35,25.31,21.93,20.02,16.6,12.18,10.06
2012-08-13,2012,8,13,28.89,28.85,28.84,28.81,28.78,28.75,28.23,25.2,22.64,20.17,17.35,12.09,9.94
2012-08-14,2012,8,14,28.94,28.88,28.88,28.84,28.8,28.77,28.36,25.66,22.49,20.04,17.22,12.22,10.11
2012-08-15,2012,8,15,28.93,28.9,28.9,28.87,28.83,28.79,28.08,24.83,22.06,20.23,17.29,12.15,9.97
2012-08-16,2012,8,16,28.85,28.85,28.86,28.84,28.82,28.65,27.43,24.81,22.14,19.84,17.0,12.21,10.02
2012-08-17,2012,8,17,28.82,28.82,28.83,28.81,28.79,28.68,28.01,25.66,22.51,20.17,17.32,12.21,10.07
2012-08-18,2012,8,18,28.78,28.78,28.79,28.77,28.74,28.62,28.32,25.77,22.49,19.98,17.08,12.17,9.98
2012-08-19,2012,8,19,28.78,28.77,28.78,28.74,28.7,28.4,27.86,25.28,22.53,19.94,17.01,12.2,10.02
2012-08-20,2012,8,20,28.72,28.72,28.74,28.72,28.72,28.53,27.41,24.81,22.64,20.05,16.76,12.07,9.98
2012-08-21,2012,8,21,28.59,28.6,28.61,28.6,28.62,28.59,27.65,25.08,22.64,20.32,16.79,12.09,9.98
2012-08-22,2012,8,22,28.76,28.74,28.74,28.72,28.71,28.42,26.65,24.67,22.74,20.37,16.54,12.04,9.98
2012-08-23,2012,8,23,28.73,28.73,28.75,28.73,28.71,27.84,25.71,24.26,22.67,20.33,16.28,12.02,9.98
2012-08-24,2012,8,24,28.68,28.69,28.71,28.69,28.67,27.94,26.42,23.92,22.36,20.5,16.49,11.82,9.96
2012-08-25,2012,8,25,28.64,28.64,28.65,28.64,28.37,26.95,25.11,23.2,21.79,19.98,16.29,11.85,9.98
2012-08-26,2012,8,26,28.57,28.57,28.59,28.57,28.1,26.09,24.28,22.94,21.53,19.84,15.87,11.67,9.95
2012-08-27,2012,8,27,28.48,28.48,28.49,28.48,28.3,26.28,23.86,22.42,20.78,18.88,15.23,11.58,9.89
2012-08-28,2012,8,28,28.46,28.46,28.48,28.46,28.46,27.21,24.7,22.21,19.81,18.16,15.29,11.49,9.92
2012-08-29,2012,8,29,28.42,28.43,28.44,28.43,28.41,27.38,24.81,22.0,19.4,17.52,14.44,11.45,9.89
2012-08-30,2012,8,30,28.38,28.39,28.4,28.39,28.39,27.71,24.45,21.59,19.19,17.25,14.48,11.38,9.92
2012-08-31,2012,8,31,28.38,28.38,28.39,28.36,28.36,27.93,25.38,21.71,19.35,17.39,14.41,11.4,9.92
2012-09-01,2012,9,1,28.37,28.37,28.38,28.37,28.35,28.26,25.53,21.34,18.97,16.96,14.16,11.28,9.93
2012-09-02,2012,9,2,28.39,28.39,28.4,28.38,28.37,28.11,25.22,21.9,19.19,17.31,14.42,11.36,9.98
2012-09-03,2012,9,3,28.35,28.35,28.37,28.35,28.35,28.14,26.03,21.82,18.95,17.11,14.3,11.36,9.99
2012-09-04,2012,9,4,28.47,28.47,28.48,28.46,28.42,28.05,25.15,22.29,19.36,17.18,14.28,11.4,9.98
2012-09-05,2012,9,5,28.59,28.55,28.54,28.5,28.46,28.05,24.9,21.45,18.83,17.05,14.29,11.49,9.91
2012-09-06,2012,9,6,28.62,28.62,28.63,28.59,28.39,26.58,23.58,20.94,18.68,16.68,13.93,11.55,9.91
2012-09-07,2012,9,7,28.5,28.51,28.53,28.51,28.41,26.54,23.54,20.71,18.27,16.54,14.16,11.4,9.88
2012-09-08,2012,9,8,28.41,28.42,28.44,28.43,28.29,26.4,24.19,21.13,19.0,16.71,14.44,11.46,9.85
2012-09-09,2012,9,9,28.47,28.47,28.47,28.46,28.32,26.12,23.29,20.96,19.05,16.56,14.41,11.48,9.94
2012-09-10,2012,9,10,28.55,28.54,28.55,28.52,28.56,26.41,22.59,20.73,18.54,16.53,14.26,11.51,9.87
2012-09-11,2012,9,11,28.6,28.56,28.57,28.54,28.55,26.62,22.46,20.57,18.47,16.97,14.24,11.51,10.03
2012-09-12,2012,9,12,28.56,28.56,28.58,28.57,28.58,27.34,23.43,20.49,18.21,16.23,14.08,11.63,9.98
2012-09-13,2012,9,13,28.51,28.51,28.53,28.53,28.59,26.95,22.69,20.29,17.85,16.14,14.46,11.63,9.99
2012-09-14,2012,9,14,28.57,28.56,28.57,28.54,28.5,27.55,23.59,21.12,18.69,16.82,14.48,11.69,10.07
2012-09-15,2012,9,15,28.46,28.46,28.47,28.46,28.45,27.85,23.53,21.32,18.93,16.71,14.35,11.7,10.09
2012-09-16,2012,9,16,28.38,28.4,28.42,28.41,28.46,27.98,24.18,21.14,19.38,17.67,14.5,11.87,10.11
2012-09-17,2012,9,17,28.45,28.44,28.46,28.44,28.46,28.45,25.36,21.82,19.85,18.07,14.66,11.8,10.15
2012-09-18,2012,9,18,28.49,28.49,28.51,28.5,28.5,28.41,25.66,22.08,19.87,18.01,14.82,11.88,10.25
2012-09-19,2012,9,19,28.45,28.46,28.47,28.46,28.45,28.35,26.83,23.4,20.66,18.82,15.13,11.85,10.19
2012-09-20,2012,9,20,28.53,28.52,28.52,28.5,28.47,28.23,25.92,22.62,20.35,17.97,14.66,11.89,10.31
2012-09-21,2012,9,21,28.69,28.61,28.6,28.55,28.47,27.98,26.5,23.29,20.36,17.94,14.64,11.88,10.23
2012-09-22,2012,9,22,28.77,28.68,28.69,28.65,28.45,27.93,27.21,24.42,21.24,19.18,15.41,11.81,10.2
2012-09-23,2012,9,23,28.72,28.68,28.69,28.67,28.59,28.21,27.28,24.16,20.58,18.45,14.84,11.83,10.27
2012-09-24,2012,9,24,28.69,28.68,28.69,28.66,28.65,28.39,26.97,24.88,20.99,18.57,15.24,11.86,10.23
2012-09-25,2012,9,25,28.59,28.59,28.6,28.58,28.54,28.12,26.86,23.85,20.48,18.52,15.39,11.86,10.3
2012-09-26,2012,9,26,28.49,28.52,28.54,28.52,28.45,27.73,26.47,23.24,19.89,18.33,15.05,11.85,10.22
2012-09-27,2012,9,27,28.38,28.39,28.41,28.41,28.46,28.29,26.61,22.82,19.47,18.1,15.17,11.83,10.28
2012-09-28,2012,9,28,28.4,28.41,28.42,28.42,28.45,28.37,26.82,23.01,19.88,18.07,15.39,11.88,10.33
2012-09-29,2012,9,29,28.45,28.45,28.47,28.45,28.45,28.39,26.12,22.35,19.26,17.29,14.83,11.89,10.23
2012-09-30,2012,9,30,28.46,28.46,28.47,28.46,28.45,28.1,25.92,22.94,19.98,17.72,15.23,11.86,10.25
2012-10-01,2012,10,1,28.49,28.49,28.51,28.5,28.41,28.28,26.51,23.36,20.93,18.28,15.2,11.89,10.31
2012-10-02,2012,10,2,28.54,28.53,28.55,28.55,28.43,28.04,25.85,22.89,20.42,17.45,14.8,11.96,10.19
2012-10-03,2012,10,3,28.67,28.61,28.62,28.61,28.42,28.2,25.42,22.68,20.27,17.81,15.0,11.96,10.21
2012-10-04,2012,10,4,28.76,28.68,28.68,28.64,28.39,28.07,25.0,22.09,20.14,18.42,15.15,11.94,10.24
2012-10-05,2012,10,5,28.7,28.65,28.65,28.59,28.36,27.47,24.29,21.85,19.84,18.27,14.74,11.87,10.2
2012-10-06,2012,10,6,28.81,28.73,28.72,28.68,28.33,26.38,23.26,21.34,19.39,17.92,14.62,11.87,10.13
2012-10-07,2012,10,7,28.85,28.83,28.83,28.8,28.64,27.1,23.37,21.45,19.59,17.95,14.82,11.87,10.06
2012-10-08,2012,10,8,28.86,28.89,28.9,28.88,28.66,25.57,22.51,20.34,18.86,17.37,14.63,11.82,10.1
2012-10-09,2012,10,9,28.93,28.93,28.94,28.92,28.68,25.77,22.41,20.49,18.89,17.41,14.82,11.86,9.95
2012-10-10,2012,10,10,28.71,28.63,28.64,28.63,28.61,26.3,22.67,20.93,19.41,17.56,15.04,11.77,10.03
2012-10-11,2012,10,11,28.94,28.71,28.71,28.68,28.43,25.26,22.2,20.36,18.75,16.9,14.89,11.74,9.95
2012-10-12,2012,10,12,29.08,28.63,28.6,28.51,28.28,25.37,22.4,20.47,18.97,17.21,15.19,11.82,9.94
2012-10-13,2012,10,13,29.19,28.68,28.67,28.53,28.17,25.72,22.56,20.45,18.52,16.86,15.15,11.72,9.89
2012-10-14,2012,10,14,29.21,28.78,28.69,28.64,27.9,25.56,22.62,20.66,19.09,17.32,15.3,11.79,9.87
2012-10-15,2012,10,15,29.02,28.98,28.98,28.85,27.76,25.28,22.4,20.52,18.94,17.08,15.1,11.73,9.91
2012-10-16,2012,10,16,28.92,28.94,28.94,28.89,27.46,24.91,22.38,20.41,19.09,17.64,15.19,11.75,9.79
2012-10-17,2012,10,17,28.95,28.93,28.94,28.88,27.0,24.36,22.33,20.22,19.01,17.45,14.92,11.6,9.83
2012-10-18,2012,10,18,29.15,29.06,29.06,29.0,26.83,24.65,22.4,20.07,18.75,17.4,14.91,11.72,9.75
2012-10-19,2012,10,19,29.27,29.08,29.08,28.94,26.03,24.31,22.35,20.25,18.82,17.55,14.99,11.57,9.75
2012-10-20,2012,10,20,29.25,29.16,29.11,28.83,25.8,24.04,22.47,20.48,18.87,17.42,14.85,11.54,9.75
2012-10-21,2012,10,21,29.11,29.1,29.08,28.89,25.56,23.65,21.86,20.0,18.42,17.01,14.73,11.54,9.75
2012-10-22,2012,10,22,29.12,29.11,29.13,28.98,25.87,24.09,22.37,20.52,18.71,17.21,14.89,11.53,9.69
2012-10-23,2012,10,23,29.26,29.19,29.18,29.09,26.74,24.66,22.52,20.5,18.72,17.26,14.86,11.64,9.72
2012-10-24,2012,10,24,29.65,29.24,29.23,29.16,27.09,24.89,22.53,20.58,18.68,17.17,14.83,11.56,9.74
2012-10-25,2012,10,25,29.36,29.23,29.21,29.15,26.92,24.98,23.16,21.31,19.26,17.6,15.08,11.66,9.81
2012-10-26,2012,10,26,29.33,29.28,29.34,29.32,27.47,25.61,23.08,21.02,19.1,17.55,15.13,11.69,9.79
2012-10-27,2012,10,27,29.23,29.28,29.31,29.3,28.83,26.14,23.77,21.87,19.97,18.42,15.28,11.65,9.87
2012-10-28,2012,10,28,29.24,29.25,29.27,29.28,29.03,25.98,23.34,21.3,19.43,18.17,15.35,11.69,9.82
2012-10-29,2012,10,29,28.94,28.93,28.97,29.04,29.0,27.31,24.03,21.82,20.45,18.76,15.56,11.75,9.92
2012-10-30,2012,10,30,28.96,28.92,28.92,28.84,28.63,28.31,24.94,22.14,20.11,18.63,15.57,11.75,9.88
2012-10-31,2012,10,31,28.91,28.75,28.73,28.68,27.84,27.96,25.24,22.88,20.53,18.89,15.76,11.65,9.91
2012-11-01,2012,11,1,29.03,28.77,28.77,28.74,27.83,27.57,24.38,22.31,20.08,18.62,15.65,11.76,9.88
2012-11-02,2012,11,2,28.93,28.86,28.86,28.76,28.25,26.61,24.43,22.33,19.99,18.61,15.46,11.75,9.83
2012-11-03,2012,11,3,29.25,29.07,29.07,28.96,28.34,26.43,25.15,23.15,20.82,19.18,16.11,11.73,9.92
2012-11-04,2012,11,4,29.25,29.05,29.06,29.09,28.86,27.41,25.7,23.82,21.39,19.19,15.93,11.76,9.89
2012-11-05,2012,11,5,29.48,29.06,29.04,28.98,28.88,27.95,24.89,23.0,20.56,19.04,16.39,11.84,9.93
2012-11-06,2012,11,6,29.15,28.99,28.94,28.87,28.86,27.32,24.69,23.45,21.2,19.52,15.89,11.67,9.82
2012-11-07,2012,11,7,29.47,29.18,29.14,29.02,28.63,27.87,25.65,23.92,21.81,19.86,16.34,11.9,9.95
2012-11-08,2012,11,8,29.24,29.18,29.18,29.18,28.81,28.82,26.82,23.95,21.89,19.72,16.53,11.69,9.77
2012-11-09,2012,11,9,29.49,29.31,29.29,29.23,28.83,28.82,26.13,23.37,21.96,20.02,16.72,11.93,9.86
2012-11-10,2012,11,10,29.42,29.33,29.33,29.25,29.13,28.11,24.77,23.03,21.7,19.78,16.31,11.75,9.77
2012-11-11,2012,11,11,29.31,29.28,29.28,29.17,29.24,28.34,26.35,23.72,22.35,20.1,16.5,11.7,9.7
2012-11-12,2012,11,12,29.28,29.29,29.33,29.31,29.14,28.38,25.65,23.34,21.3,19.57,16.48,11.79,9.8
2012-11-13,2012,11,13,29.19,29.19,29.21,29.21,29.1,28.41,26.14,23.19,21.49,20.1,16.4,11.73,9.74
2012-11-14,2012,11,14,28.99,29.05,29.08,29.15,29.06,28.41,25.23,23.15,21.69,19.81,16.42,11.64,9.8
2012-11-15,2012,11,15,28.99,29.02,29.06,29.11,29.06,28.43,25.01,22.95,21.18,19.39,16.21,11.71,9.85
2012-11-16,2012,11,16,29.09,29.1,29.11,29.1,29.07,28.28,25.72,23.0,21.34,19.91,16.51,11.77,9.79
2012-11-17,2012,11,17,29.2,29.14,29.15,29.13,29.14,28.44,25.32,22.65,21.22,19.68,16.01,11.62,9.81
2012-11-18,2012,11,18,29.29,29.13,29.13,29.1,29.12,28.0,24.93,22.61,20.68,19.12,16.07,11.71,9.79
2012-11-19,2012,11,19,29.31,29.12,29.12,29.09,29.04,28.03,25.59,22.62,20.97,19.63,16.16,11.7,9.85
2012-11-20,2012,11,20,29.71,29.13,29.12,29.09,28.96,28.78,26.11,22.7,21.2,19.51,15.91,11.65,9.81
2012-11-21,2012,11,21,29.54,29.17,29.1,29.0,28.85,28.54,25.35,22.45,20.71,19.18,15.48,11.65,9.8
2012-11-22,2012,11,22,29.42,29.19,29.1,28.97,28.71,28.33,25.14,22.17,20.7,19.06,15.61,11.57,9.77
2012-11-23,2012,11,23,29.38,29.17,29.11,28.96,28.78,28.71,26.11,22.39,20.98,19.18,15.32,11.65,9.7
2012-11-24,2012,11,24,29.35,29.18,29.13,28.91,28.72,28.25,25.04,21.92,20.47,18.7,15.11,11.54,9.78
2012-11-25,2012,11,25,29.21,29.17,29.11,28.91,28.81,28.06,24.48,22.37,20.45,18.34,14.85,11.56,9.64
2012-11-26,2012,11,26,29.26,29.13,29.13,29.05,28.99,27.64,24.64,22.42,20.03,18.22,14.94,11.45,9.67
2012-11-27,2012,11,27,29.23,29.24,29.26,29.17,28.78,26.81,24.43,22.44,20.08,18.41,14.72,11.53,9.65
2012-11-28,2012,11,28,29.13,29.16,29.21,29.21,29.0,27.77,24.93,21.99,20.14,18.03,14.86,11.51,9.67
2012-11-29,2012,11,29,29.05,29.07,29.09,29.11,29.02,27.93,24.51,21.42,19.52,17.77,14.66,11.35,9.73
2012-11-30,2012,11,30,28.97,28.98,28.99,29.0,28.75,27.23,24.55,21.81,19.9,17.69,14.8,11.26,9.64
2012-12-01,2012,12,1,29.13,28.98,28.99,28.98,28.94,27.51,24.07,21.71,19.48,17.26,14.44,11.2,9.68
2012-12-02,2012,12,2,29.29,29.02,29.02,29.0,29.13,27.22,24.02,21.84,19.83,17.4,14.47,11.07,9.62
2012-12-03,2012,12,3,29.47,29.05,29.06,29.07,28.88,27.02,23.43,21.36,19.05,17.09,14.29,11.23,9.64
2012-12-04,2012,12,4,29.23,29.17,29.16,29.13,29.1,27.14,23.78,21.68,19.59,17.12,14.19,11.23,9.63
2012-12-05,2012,12,5,29.12,29.12,29.13,29.1,28.8,27.17,23.88,21.33,18.9,16.9,13.98,11.32,9.64
2012-12-06,2012,12,6,29.02,29.02,29.02,29.0,28.73,27.24,24.25,21.31,19.21,16.76,13.87,11.49,9.66
2012-12-07,2012,12,7,28.98,28.97,28.97,28.93,28.89,26.94,24.07,21.46,19.03,16.95,13.87,11.47,9.66
2012-12-08,2012,12,8,28.88,28.89,28.9,28.89,28.94,27.38,24.62,21.42,19.03,16.97,13.96,11.43,9.67
2012-12-09,2012,12,9,28.9,28.88,28.89,28.87,29.01,27.49,24.65,21.97,19.24,16.85,14.09,11.55,9.7
2012-12-10,2012,12,10,28.71,28.69,28.7,28.69,28.83,27.79,24.46,21.58,19.56,17.1,13.99,11.47,9.69
2012-12-11,2012,12,11,28.72,28.64,28.65,28.63,28.93,27.6,25.11,21.58,19.69,17.31,14.24,11.53,9.72
2012-12-12,2012,12,12,28.67,28.62,28.62,28.63,28.86,28.01,23.83,21.39,19.31,17.15,14.13,11.48,9.69
2012-12-13,2012,12,13,28.69,28.69,28.69,28.68,28.85,27.57,24.18,21.47,19.43,17.65,14.4,11.53,9.76
2012-12-14,2012,12,14,28.63,28.63,28.65,28.64,28.54,26.75,24.28,21.33,19.66,17.74,14.53,11.56,9.8
2012-12-15,2012,12,15,28.64,28.65,28.66,28.65,28.54,27.02,24.16,21.64,19.45,17.34,14.59,11.59,9.77
2012-12-16,2012,12,16,28.72,28.73,28.74,28.73,28.64,27.65,24.34,22.2,19.99,17.88,14.96,11.59,9.76
2012-12-17,2012,12,17,28.74,28.74,28.75,28.74,28.52,28.47,25.56,22.58,19.97,17.92,14.49,11.51,9.69
2012-12-18,2012,12,18,28.63,28.66,28.69,28.7,28.63,28.38,26.44,22.8,19.91,18.28,15.2,11.68,9.77
2012-12-19,2012,12,19,28.63,28.64,28.65,28.65,28.75,28.43,27.01,23.83,20.49,18.37,15.49,11.67,9.74
2012-12-20,2012,12,20,28.59,28.63,28.65,28.65,28.72,28.4,27.5,24.82,21.03,18.06,15.61,11.9,9.8
2012-12-21,2012,12,21,28.62,28.62,28.64,28.62,28.68,28.47,27.11,24.54,20.62,18.11,15.57,11.69,9.71
2012-12-22,2012,12,22,28.63,28.64,28.66,28.66,28.77,28.27,27.06,24.81,20.81,18.2,15.33,11.9,9.76
2012-12-23,2012,12,23,28.61,28.62,28.64,28.65,28.88,28.73,27.86,25.94,22.07,19.18,15.77,11.79,9.78
2012-12-24,2012,12,24,28.67,28.68,28.69,28.68,28.75,28.9,28.29,25.91,21.88,19.2,15.75,11.86,9.76
2012-12-25,2012,12,25,28.67,28.69,28.71,28.7,28.75,28.86,27.88,24.63,21.2,18.62,15.55,11.85,9.8
2012-12-26,2012,12,26,28.59,28.63,28.67,28.71,28.75,28.93,27.83,24.6,22.18,19.38,15.88,11.76,9.79
2012-12-27,2012,12,27,28.58,28.62,28.64,28.65,28.75,28.83,27.16,24.81,22.56,19.61,15.72,11.87,9.72
2012-12-28,2012,12,28,28.68,28.67,28.68,28.67,28.71,28.81,28.12,25.08,22.38,19.59,16.02,11.89,9.81
2012-12-29,2012,12,29,28.71,28.7,28.7,28.7,28.76,28.62,27.32,24.37,22.58,19.94,15.83,11.81,9.74
2012-12-30,2012,12,30,28.7,28.69,28.7,28.68,28.69,28.91,26.9,24.11,22.59,20.46,15.95,11.92,9.78
2012-12-31,2012,12,31,28.62,28.63,28.64,28.64,28.65,28.96,27.41,24.54,23.0,20.58,16.13,11.87,9.76
2013-01-01,2013,1,1,28.62,28.62,28.63,28.61,28.63,28.89,27.56,24.75,23.05,20.47,16.3,12.06,9.78
2013-01-02,2013,1,2,28.41,28.5,28.52,28.53,28.61,28.85,27.19,24.23,22.6,20.66,16.14,11.98,9.79
2013-01-03,2013,1,3,28.43,28.44,28.47,28.49,28.59,28.82,27.78,24.16,22.24,20.49,16.19,12.06,9.8
2013-01-04,2013,1,4,28.49,28.5,28.52,28.52,28.6,28.73,28.05,25.47,21.97,20.04,16.62,12.28,9.85
2013-01-05,2013,1,5,28.41,28.41,28.43,28.43,28.5,27.49,26.21,23.97,21.77,19.58,16.78,12.2,9.84
2013-01-06,2013,1,6,28.4,28.4,28.41,28.4,28.91,28.09,25.58,23.51,21.29,19.2,16.32,12.31,9.88
2013-01-07,2013,1,7,28.39,28.4,28.42,28.49,28.49,26.32,24.98,23.77,22.73,20.43,16.4,12.29,9.84
2013-01-08,2013,1,8,28.52,28.48,28.49,28.47,28.58,26.78,25.17,23.85,22.47,19.69,16.12,12.31,9.99
2013-01-09,2013,1,9,28.95,28.58,28.58,28.56,28.61,28.09,25.54,24.27,22.26,19.74,16.27,12.38,9.97
2013-01-10,2013,1,10,28.7,28.65,28.65,28.62,28.7,28.1,26.66,24.35,22.2,20.03,16.0,12.59,10.03
2013-01-11,2013,1,11,28.64,28.65,28.66,28.64,28.69,28.18,26.7,24.64,21.68,19.7,16.01,12.36,10.02
2013-01-12,2013,1,12,28.7,28.71,28.72,28.71,28.67,27.91,26.72,24.9,21.78,19.1,16.34,12.41,10.02
2013-01-13,2013,1,13,28.6,28.61,28.63,28.62,28.67,28.06,26.79,24.54,21.86,19.43,15.6,12.49,10.06
2013-01-14,2013,1,14,28.59,28.58,28.59,28.61,28.6,27.93,26.56,24.83,22.02,19.41,15.8,12.55,10.07
2013-01-15,2013,1,15,28.59,28.6,28.61,28.63,28.78,28.41,27.33,25.15,22.35,19.75,15.94,12.45,10.09
2013-01-16,2013,1,16,28.58,28.59,28.6,28.6,28.87,28.62,26.97,24.6,22.09,19.4,15.94,12.61,10.07
2013-01-17,2013,1,17,28.61,28.6,28.61,28.6,28.88,28.6,27.25,24.79,21.93,19.81,15.67,12.46,10.07
2013-01-18,2013,1,18,28.57,28.57,28.58,28.56,28.72,28.59,27.5,25.88,22.64,20.58,16.16,12.74,10.16
2013-01-19,2013,1,19,28.58,28.57,28.58,28.55,28.71,28.59,27.36,25.51,23.0,20.37,15.88,12.8,10.05
2013-01-20,2013,1,20,28.59,28.58,28.59,28.57,28.69,28.66,28.19,26.09,22.27,19.76,15.91,12.49,10.15
2013-01-21,2013,1,21,28.51,28.52,28.53,28.53,28.58,28.43,27.91,26.25,23.1,20.21,16.18,12.7,10.12
2013-01-22,2013,1,22,28.53,28.53,28.53,28.51,28.55,28.45,27.76,26.1,22.88,19.53,15.73,12.76,10.03
2013-01-23,2013,1,23,28.48,28.47,28.48,28.44,28.33,28.4,27.01,25.02,22.83,19.7,15.83,12.58,10.11
2013-01-24,2013,1,24,28.29,28.3,28.31,28.28,28.34,28.45,27.15,24.72,22.67,19.58,15.83,12.53,10.02
2013-01-25,2013,1,25,28.26,28.26,28.27,28.24,28.31,28.57,27.29,24.17,22.19,18.97,15.84,12.59,10.07
2013-01-26,2013,1,26,28.1,28.11,28.12,28.11,28.18,27.94,27.28,25.15,22.79,20.16,15.85,12.57,10.02
2013-01-27,2013,1,27,28.0,28.01,28.03,28.02,28.05,28.09,27.34,24.56,21.7,18.87,15.69,12.15,9.97
2013-01-28,2013,1,28,28.01,28.01,28.01,27.99,27.98,28.19,26.75,24.34,21.45,19.19,15.89,12.42,9.98
2013-01-29,2013,1,29,28.07,28.06,28.06,28.04,28.03,28.28,26.66,24.91,21.65,19.34,15.93,12.13,9.93
2013-01-30,2013,1,30,28.17,28.1,28.11,28.11,28.13,28.27,27.3,24.23,20.92,18.6,15.51,12.03,9.95
2013-01-31,2013,1,31,27.94,27.92,27.92,27.88,28.04,28.23,26.89,23.8,21.1,19.09,15.9,12.08,9.84
2013-02-01,2013,2,1,27.96,27.95,27.95,27.93,28.07,28.22,27.12,24.17,21.06,18.84,15.58,11.95,9.91
2013-02-02,2013,2,2,27.93,27.93,27.94,27.96,28.2,28.26,27.06,23.4,20.73,18.84,15.64,12.03,9.85
2013-02-03,2013,2,3,28.06,28.01,28.01,28.02,28.06,28.19,26.55,23.35,20.72,18.9,15.9,11.97,9.86
2013-02-04,2013,2,4,28.22,28.19,28.19,28.13,27.99,28.27,26.67,23.67,21.21,18.77,15.42,11.95,9.87
2013-02-05,2013,2,5,28.25,28.23,28.22,28.17,28.02,28.26,26.94,23.96,20.95,19.05,15.9,12.0,9.83
2013-02-06,2013,2,6,28.62,28.63,28.65,28.64,28.69,28.62,27.21,23.51,20.56,18.45,15.63,12.04,9.93
2013-02-07,2013,2,7,28.89,28.89,28.9,28.89,28.87,28.72,26.78,24.17,21.5,19.16,15.79,11.94,9.82
2013-02-08,2013,2,8,28.74,28.76,28.78,28.81,28.89,28.91,27.74,24.65,21.25,18.76,15.69,12.03,9.82
2013-02-09,2013,2,9,28.92,28.92,28.92,28.91,28.97,28.69,26.72,24.23,21.31,19.15,15.99,12.06,9.93
2013-02-10,2013,2,10,28.96,28.98,28.99,28.98,28.98,28.89,28.17,25.12,21.89,18.98,16.1,12.17,9.86
2013-02-11,2013,2,11,28.98,28.98,28.99,28.99,29.0,28.98,27.97,24.57,21.72,19.14,16.01,12.09,9.89
2013-02-12,2013,2,12,28.94,28.95,28.95,28.94,28.92,28.88,28.2,25.76,22.37,19.3,15.96,12.26,9.93
2013-02-13,2013,2,13,29.02,29.0,29.01,28.98,28.91,28.83,28.35,25.54,22.46,19.97,16.16,12.36,9.87
2013-02-14,2013,2,14,29.23,29.07,29.06,29.03,28.97,28.91,28.24,25.42,23.38,20.09,16.08,12.35,9.96
2013-02-15,2013,2,15,29.02,29.03,29.05,29.06,29.0,29.02,28.56,26.02,23.8,19.81,15.91,12.47,9.96
2013-02-16,2013,2,16,29.09,29.06,29.06,29.08,29.04,28.9,28.06,25.83,23.25,20.0,16.1,12.41,9.9
2013-02-17,2013,2,17,29.21,29.09,29.12,29.13,29.08,28.99,28.3,25.89,23.21,20.98,16.08,12.46,9.96
2013-02-18,2013,2,18,29.3,29.2,29.21,29.2,29.13,29.04,28.55,26.4,23.68,20.56,16.38,12.27,9.91
2013-02-19,2013,2,19,29.3,29.29,29.3,29.25,29.12,29.06,28.55,25.89,23.58,20.53,16.38,12.3,9.93
2013-02-20,2013,2,20,29.28,29.28,29.29,29.25,29.13,29.08,28.18,25.45,23.27,20.49,15.92,12.16,9.93
2013-02-21,2013,2,21,29.23,29.23,29.24,29.21,29.11,28.99,27.68,25.89,23.12,20.29,16.22,12.18,9.88
2013-02-22,2013,2,22,29.15,29.16,29.16,29.16,29.08,28.93,28.39,26.33,23.31,20.76,16.32,12.03,9.88
2013-02-23,2013,2,23,29.17,29.13,29.13,29.11,29.14,28.94,28.12,24.7,22.69,20.03,16.03,12.09,9.9
2013-02-24,2013,2,24,29.14,29.12,29.12,29.1,29.14,28.98,27.81,24.44,23.18,19.79,15.99,11.96,9.88
2013-02-25,2013,2,25,29.14,29.09,29.08,29.1,29.12,28.99,27.92,25.27,22.56,19.43,16.13,12.0,9.83
2013-02-26,2013,2,26,29.06,29.06,29.07,29.13,29.13,28.98,27.59,24.69,21.78,19.8,16.02,11.97,9.91
2013-02-27,2013,2,27,29.14,29.11,29.12,29.14,29.13,28.93,27.69,24.63,22.05,19.67,15.91,11.81,9.86
2013-02-28,2013,2,28,29.26,29.2,29.2,29.19,29.15,28.92,27.15,24.16,21.72,19.08,16.02,11.81,9.77
2013-03-01,2013,3,1,29.12,29.04,29.04,29.07,29.13,28.93,27.69,24.74,21.74,19.64,15.99,11.9,9.9
2013-03-02,2013,3,2,28.92,28.91,28.94,29.04,29.09,28.97,27.43,23.91,21.43,19.03,16.1,11.74,9.77
2013-03-03,2013,3,3,29.0,28.99,29.01,29.08,29.16,29.0,27.82,24.0,21.46,18.98,15.78,11.75,9.79
2013-03-04,2013,3,4,29.07,29.04,29.05,29.06,29.2,29.04,27.58,24.18,21.18,19.25,16.05,11.75,9.81
2013-03-05,2013,3,5,29.13,29.12,29.13,29.11,29.2,28.97,27.59,24.22,21.5,19.33,15.77,11.81,9.82
2013-03-06,2013,3,6,29.25,29.2,29.19,29.14,29.26,29.02,27.42,23.9,21.58,18.99,15.69,11.68,9.75
2013-03-07,2013,3,7,29.24,29.24,29.24,29.22,29.14,28.34,27.53,24.51,21.67,19.2,16.02,11.71,9.81
2013-03-08,2013,3,8,29.37,29.28,29.26,29.24,29.02,27.79,27.4,24.11,21.49,19.47,15.97,11.68,9.77
2013-03-09,2013,3,9,29.42,29.38,29.36,29.29,28.82,27.68,26.54,23.86,21.01,18.91,15.6,11.69,9.71
2013-03-10,2013,3,10,29.49,29.38,29.37,29.31,28.91,27.94,26.57,23.88,21.2,19.13,16.02,11.72,9.82
2013-03-11,2013,3,11,29.6,29.43,29.39,29.25,28.76,28.35,26.99,23.6,20.93,18.82,15.94,11.68,9.71
2013-03-12,2013,3,12,29.68,29.46,29.43,29.28,28.93,28.23,27.37,24.17,21.24,19.23,15.67,11.7,9.74
2013-03-13,2013,3,13,29.62,29.56,29.53,29.3,28.92,28.05,26.94,23.37,20.65,18.66,15.69,11.71,9.77
2013-03-14,2013,3,14,29.62,29.56,29.46,29.12,28.67,28.0,27.25,23.73,20.66,18.74,15.8,11.62,9.71
2013-03-15,2013,3,15,29.48,29.45,29.39,29.01,28.21,27.66,26.72,23.03,20.48,18.56,15.56,11.63,9.74
2013-03-16,2013,3,16,29.49,29.39,29.38,29.21,28.45,27.81,26.97,23.34,20.33,18.38,15.54,11.64,9.73
2013-03-17,2013,3,17,29.51,29.42,29.4,29.19,28.52,27.74,26.86,23.03,20.19,18.39,15.51,11.7,9.74
2013-03-18,2013,3,18,29.62,29.46,29.41,29.28,28.44,27.68,26.92,22.6,20.11,18.29,15.58,11.62,9.72
2013-03-19,2013,3,19,29.54,29.42,29.39,29.32,28.55,27.78,26.82,22.92,19.88,18.14,15.24,11.62,9.7
2013-03-20,2013,3,20,29.51,29.47,29.47,29.35,28.55,29.03,26.42,22.37,19.87,17.97,15.39,11.59,9.74
2013-03-21,2013,3,21,29.56,29.49,29.47,29.43,28.41,28.63,26.95,22.27,19.72,17.88,15.2,11.54,9.69
2013-03-22,2013,3,22,29.65,29.55,29.52,29.43,28.39,28.46,26.47,22.58,19.86,17.91,15.24,11.55,9.67
2013-03-23,2013,3,23,29.85,29.61,29.61,29.57,28.82,28.17,26.27,22.1,19.65,17.77,14.91,11.47,9.66
2013-03-24,2013,3,24,29.66,29.66,29.66,29.64,29.22,28.81,26.01,22.24,19.8,18.0,15.03,11.53,9.72
2013-03-25,2013,3,25,29.81,29.73,29.69,29.64,29.13,28.19,25.62,22.06,19.68,17.81,15.02,11.45,9.63
2013-03-26,2013,3,26,29.98,29.78,29.74,29.66,29.22,28.36,25.53,21.91,19.63,17.79,15.03,11.48,9.73
2013-03-27,2013,3,27,30.15,29.94,29.87,29.75,29.2,27.76,25.2,21.94,19.55,17.87,14.94,11.45,9.66
2013-03-28,2013,3,28,30.38,30.08,30.04,29.87,29.19,28.09,25.25,22.01,19.65,17.7,14.97,11.46,9.67
2013-03-29,2013,3,29,30.24,30.03,29.99,29.83,28.9,28.06,25.01,21.79,19.49,17.71,15.0,11.45,9.71
2013-03-30,2013,3,30,30.3,30.14,30.07,29.81,28.95,27.92,25.12,21.79,19.48,17.68,14.86,11.47,9.68
2013-03-31,2013,3,31,30.38,30.2,30.16,29.93,28.59,28.07,24.96,21.71,19.41,17.54,14.9,11.56,9.71
2013-04-01,2013,4,1,30.46,30.31,30.27,30.03,28.9,28.12,24.92,21.62,19.31,17.65,14.85,11.46,9.67
2013-04-02,2013,4,2,30.38,30.31,30.25,30.0,29.21,28.15,25.2,21.51,19.07,17.32,14.78,11.51,9.72
2013-04-03,2013,4,3,30.34,30.33,30.29,30.08,28.99,28.18,25.1,21.6,19.33,17.4,14.78,11.54,9.72
2013-04-04,2013,4,4,30.3,30.27,30.27,30.09,28.62,28.53,25.7,21.92,19.38,17.31,14.73,11.51,9.73
2013-04-05,2013,4,5,30.53,30.3,30.3,29.96,28.47,28.6,25.66,21.85,18.84,17.07,14.85,11.61,9.77
2013-04-06,2013,4,6,30.4,30.3,30.27,29.89,28.61,28.75,25.29,21.8,19.21,17.22,14.56,11.56,9.84
2013-04-07,2013,4,7,30.62,30.28,30.25,29.93,28.76,28.51,25.18,22.15,19.35,17.33,14.76,11.54,9.81
2013-04-08,2013,4,8,30.36,30.32,30.27,29.64,28.81,28.63,25.62,21.72,18.84,16.82,14.4,11.5,9.77
2013-04-09,2013,4,9,30.51,30.37,30.36,30.22,28.96,28.92,25.23,22.13,19.24,17.33,14.59,11.59,9.87
2013-04-10,2013,4,10,30.6,30.43,30.42,30.37,29.03,28.05,24.73,21.78,19.23,17.19,14.32,11.54,9.96
2013-04-11,2013,4,11,30.53,30.38,30.38,30.29,28.85,27.81,25.42,22.0,19.55,16.94,14.32,11.63,9.93
2013-04-12,2013,4,12,30.44,30.35,30.34,30.24,28.9,27.96,25.03,21.46,18.83,16.73,14.11,11.6,9.95
2013-04-13,2013,4,13,30.46,30.37,30.36,30.33,29.31,27.86,24.3,21.21,19.07,17.11,14.1,11.79,9.97
2013-04-14,2013,4,14,30.48,30.42,30.42,30.4,29.47,27.4,24.65,22.12,19.56,17.29,14.17,11.72,9.98
2013-04-15,2013,4,15,30.84,30.54,30.53,30.47,28.76,26.83,24.7,21.48,18.9,16.42,14.06,11.64,9.89
2013-04-16,2013,4,16,30.95,30.63,30.59,30.45,28.61,26.68,23.56,20.97,18.68,16.66,14.11,11.67,10.02
2013-04-17,2013,4,17,31.08,30.72,30.69,30.6,28.78,27.1,24.47,21.57,19.46,17.04,14.33,11.8,9.96
2013-04-18,2013,4,18,30.92,30.79,30.73,30.53,28.39,26.63,24.31,21.05,18.86,16.46,14.23,11.66,9.9
2013-04-19,2013,4,19,31.28,30.84,30.77,30.4,28.5,26.81,23.79,20.93,18.46,16.48,14.02,11.67,10.04
2013-04-20,2013,4,20,31.08,30.84,30.76,30.28,28.39,26.93,24.27,21.34,18.98,16.45,14.31,11.69,10.05
2013-04-21,2013,4,21,31.08,30.89,30.87,30.59,28.62,27.07,24.32,21.12,19.03,16.76,14.21,11.72,9.98
2013-04-22,2013,4,22,31.24,30.87,30.79,30.15,28.37,27.07,23.9,20.92,18.68,16.59,14.3,11.67,10.01
2013-04-23,2013,4,23,31.41,31.0,30.71,30.23,29.08,27.2,24.58,21.23,18.89,16.43,14.1,11.64,10.04
2013-04-24,2013,4,24,31.28,30.99,30.84,30.54,30.04,27.94,24.22,20.9,18.53,16.66,14.21,11.74,10.03
2013-04-25,2013,4,25,31.27,30.95,30.9,30.7,29.84,28.67,24.13,21.29,18.85,17.01,14.25,11.69,9.94
2013-04-26,2013,4,26,30.97,30.8,30.79,30.73,29.66,28.31,24.35,21.35,19.0,17.01,14.41,11.74,9.97
2013-04-27,2013,4,27,31.25,30.93,30.88,30.64,29.63,28.05,24.07,21.19,18.77,16.74,14.25,11.73,9.95
2013-04-28,2013,4,28,31.48,31.01,30.97,30.88,29.98,28.18,24.84,21.51,19.23,17.51,14.51,11.74,9.87
2013-04-29,2013,4,29,31.59,31.19,31.13,30.96,29.88,28.23,24.71,21.26,19.07,17.17,14.55,11.63,9.93
2013-04-30,2013,4,30,31.53,31.18,31.12,30.94,29.91,28.19,24.67,21.05,19.16,17.25,14.55,11.74,9.88
2013-05-01,2013,5,1,31.17,31.17,31.16,31.07,29.67,27.94,24.82,21.33,19.31,17.59,14.69,11.58,9.87
2013-05-02,2013,5,2,31.09,31.1,31.09,30.98,29.66,27.96,24.96,21.56,19.12,17.46,14.63,11.71,9.88
2013-05-03,2013,5,3,31.12,31.05,31.04,30.96,29.6,27.59,24.45,21.1,19.23,17.3,14.71,11.59,9.84
2013-05-04,2013,5,4,31.12,31.07,31.07,31.05,29.93,27.79,24.39,21.11,19.2,17.68,14.76,11.66,9.84
2013-05-05,2013,5,5,31.01,31.01,31.01,31.0,29.98,27.44,24.59,21.25,19.27,17.67,14.66,11.56,9.85
2013-05-06,2013,5,6,30.97,30.93,30.93,30.92,29.6,27.36,24.39,21.35,19.4,17.65,14.6,11.6,9.83
2013-05-07,2013,5,7,31.15,30.93,30.93,30.91,29.69,27.68,24.62,21.58,19.22,17.61,14.72,11.54,9.78
2013-05-08,2013,5,8,31.28,30.97,30.96,30.97,29.76,27.53,24.16,21.01,19.06,17.54,14.54,11.56,9.82
2013-05-09,2013,5,9,31.09,31.02,31.03,31.06,29.73,28.12,24.93,21.33,19.19,17.28,14.49,11.48,9.84
2013-05-10,2013,5,10,30.76,30.82,30.85,30.61,29.09,27.92,24.59,21.73,19.15,17.52,14.79,11.51,9.81
2013-05-11,2013,5,11,30.16,30.19,30.2,30.19,29.42,28.72,26.48,22.2,19.34,17.74,15.04,11.56,9.82
2013-05-12,2013,5,12,29.65,29.67,29.67,29.67,29.63,28.48,25.64,21.21,18.52,17.2,14.48,11.33,9.72
2013-05-13,2013,5,13,29.64,29.65,29.65,29.64,29.61,28.47,24.45,20.46,18.96,17.44,14.95,11.44,9.79
2013-05-14,2013,5,14,29.76,29.77,29.77,29.76,29.64,28.6,25.75,22.55,19.65,17.15,14.77,11.3,9.81
2013-05-15,2013,5,15,29.78,29.78,29.78,29.76,29.68,28.48,25.45,21.66,18.52,16.74,14.79,11.32,9.75
2013-05-16,2013,5,16,29.81,29.81,29.82,29.81,29.55,28.74,25.48,21.82,18.89,17.53,14.71,11.37,9.77
2013-05-17,2013,5,17,29.84,29.86,29.86,29.85,29.29,28.6,26.25,22.69,20.14,17.46,14.65,11.36,9.79
2013-05-18,2013,5,18,29.7,29.72,29.72,29.72,29.6,28.79,25.81,21.95,19.32,17.08,14.89,11.47,9.79
2013-05-19,2013,5,19,29.72,29.74,29.74,29.74,29.73,28.81,25.87,21.87,19.6,18.05,14.63,11.66,9.84
2013-05-20,2013,5,20,29.77,29.77,29.77,29.76,29.69,27.95,25.33,22.87,20.74,18.67,14.54,11.54,9.83
2013-05-21,2013,5,21,29.74,29.75,29.76,29.75,29.67,28.31,26.64,22.69,19.96,17.94,14.67,11.71,9.91
2013-05-22,2013,5,22,29.73,29.74,29.75,29.75,29.69,28.52,26.28,22.59,20.24,18.55,15.24,11.76,9.93
2013-05-23,2013,5,23,29.74,29.76,29.76,29.75,29.76,28.21,26.02,22.97,20.9,18.81,15.12,11.74,9.94
2013-05-24,2013,5,24,29.73,29.74,29.75,29.74,29.76,28.44,26.7,23.84,21.52,18.84,15.01,11.82,9.97
2013-05-25,2013,5,25,29.71,29.73,29.73,29.73,29.64,28.65,26.74,23.23,20.56,18.66,15.6,11.95,10.03
2013-05-26,2013,5,26,29.67,29.68,29.69,29.68,29.68,28.37,26.58,23.72,21.11,19.19,15.62,11.79,9.93
2013-05-27,2013,5,27,29.63,29.64,29.65,29.64,29.64,27.99,26.14,23.85,21.55,19.46,15.53,12.03,10.12
2013-05-28,2013,5,28,29.66,29.68,29.68,29.67,29.67,27.95,26.51,24.7,22.14,19.27,15.83,12.01,10.05
2013-05-29,2013,5,29,29.69,29.71,29.71,29.7,29.7,28.16,26.49,24.46,21.92,19.61,16.26,11.96,10.02
2013-05-30,2013,5,30,29.61,29.63,29.63,29.63,29.63,28.21,26.81,24.64,22.16,19.98,16.09,12.18,10.13
2013-05-31,2013,5,31,29.52,29.54,29.54,29.54,29.54,28.77,26.68,24.73,22.64,20.6,16.63,12.25,10.1
2013-06-01,2013,6,1,29.37,29.39,29.4,29.4,29.42,28.71,26.49,25.24,22.84,20.68,16.43,12.14,10.14
2013-06-02,2013,6,2,29.36,29.37,29.38,29.37,29.37,29.01,26.83,25.52,23.37,20.87,17.36,12.3,10.14
2013-06-03,2013,6,3,29.3,29.31,29.32,29.31,29.31,28.8,26.5,24.87,22.51,20.43,16.51,12.23,10.15
2013-06-04,2013,6,4,29.27,29.28,29.29,29.28,29.28,28.85,26.55,25.23,22.7,21.04,17.2,12.22,10.09
2013-06-05,2013,6,5,29.24,29.25,29.26,29.25,29.26,28.75,26.28,24.68,22.4,20.49,16.6,12.14,10.12
2013-06-06,2013,6,6,29.12,29.13,29.14,29.13,29.14,28.96,26.35,25.08,22.43,20.37,16.54,12.12,9.99
2013-06-07,2013,6,7,29.14,29.16,29.16,29.15,29.14,28.67,26.38,24.96,21.96,20.09,16.42,12.1,10.09
2013-06-08,2013,6,8,29.11,29.12,29.13,29.12,29.12,29.1,26.47,24.53,22.34,20.25,16.62,12.08,10.02
2013-06-09,2013,6,9,29.05,29.07,29.07,29.06,29.05,29.03,26.25,24.47,22.33,20.31,16.44,12.16,10.05
2013-06-10,2013,6,10,29.19,29.2,29.2,29.19,29.18,28.59,25.84,24.43,21.47,19.28,16.09,11.97,9.94
2013-06-11,2013,6,11,29.17,29.18,29.19,29.18,29.18,28.63,25.61,23.64,21.83,19.64,16.17,12.02,10.0
2013-06-12,2013,6,12,29.1,29.12,29.12,29.12,29.13,29.1,26.21,23.77,22.11,19.74,16.45,12.06,10.02
2013-06-13,2013,6,13,29.05,29.07,29.07,29.07,29.07,28.8,26.03,23.9,21.4,19.39,16.08,11.99,9.94
2014-12-04,2014,12,4,28.75,28.76,28.77,28.78,28.62,27.57,24.75,23.38,21.59,19.85,15.97,11.88,9.84
2014-12-05,2014,12,5,28.6,28.61,28.62,28.69,28.53,27.24,24.66,23.3,21.49,19.88,16.26,11.92,9.89
2014-12-06,2014,12,6,28.56,28.58,28.59,28.61,28.57,27.97,25.12,23.57,21.85,20.49,16.51,12.06,9.87
2014-12-07,2014,12,7,28.59,28.58,28.59,28.6,28.59,28.01,25.09,23.61,22.1,20.89,16.36,12.02,9.89
2014-12-08,2014,12,8,28.79,28.68,28.68,28.69,28.67,28.03,24.88,23.47,22.05,20.84,16.84,12.11,9.87
2014-12-09,2014,12,9,28.87,28.77,28.76,28.72,28.73,28.32,25.43,23.88,22.56,21.59,17.21,12.21,9.89
2014-12-10,2014,12,10,28.82,28.77,28.77,28.76,28.71,28.17,24.81,23.43,22.1,20.57,16.8,12.16,9.93
2014-12-11,2014,12,11,28.75,28.75,28.75,28.76,28.76,28.44,25.29,23.8,22.3,21.08,16.94,12.24,9.88
2014-12-12,2014,12,12,28.77,28.77,28.78,28.77,28.72,28.13,25.57,23.58,22.33,21.27,17.08,12.09,9.94
2014-12-13,2014,12,13,28.78,28.76,28.76,28.75,28.73,28.37,26.23,23.65,22.25,21.13,16.81,12.21,9.93
2014-12-14,2014,12,14,28.79,28.78,28.78,28.77,28.79,28.31,26.35,23.2,22.3,21.15,17.22,12.05,9.9
2014-12-15,2014,12,15,28.88,28.84,28.84,28.82,28.79,28.42,26.55,23.19,22.01,20.79,16.95,11.93,9.93
2014-12-16,2014,12,16,28.82,28.84,28.85,28.84,28.8,28.37,26.59,23.26,21.92,20.8,16.54,12.06,10.02
2014-12-17,2014,12,17,28.8,28.82,28.82,28.82,28.8,28.49,26.71,23.54,22.3,21.06,17.08,12.02,10.01
2014-12-18,2014,12,18,28.84,28.86,28.87,28.87,28.8,28.3,26.51,23.67,22.07,20.57,16.4,11.98,10.02
2014-12-19,2014,12,19,28.77,28.79,28.8,28.81,28.81,28.23,26.23,23.55,21.3,19.46,15.9,12.21,10.12
2014-12-20,2014,12,20,28.66,28.69,28.7,28.7,28.74,28.31,25.9,23.69,21.27,19.24,15.92,12.31,10.11
2014-12-21,2014,12,21,28.59,28.6,28.61,28.6,28.61,27.25,24.96,23.26,21.76,18.91,15.64,12.42,10.08
2014-12-22,2014,12,22,28.48,28.5,28.51,28.51,28.52,27.26,25.08,23.47,22.05,18.55,15.34,12.54,10.26
2014-12-23,2014,12,23,28.43,28.45,28.45,28.45,27.46,26.22,24.97,23.59,21.42,18.29,15.27,12.8,10.17
2014-12-24,2014,12,24,28.44,28.46,28.47,28.46,27.52,26.53,25.38,23.66,22.23,19.19,15.34,12.85,10.14
2014-12-25,2014,12,25,28.31,28.34,28.35,28.35,27.73,26.72,25.38,23.52,20.98,18.04,15.31,12.72,10.32
2014-12-26,2014,12,26,28.33,28.33,28.34,28.34,27.95,26.67,25.81,24.32,22.06,18.63,15.21,12.43,10.19
2014-12-27,2014,12,27,28.5,28.4,28.41,28.39,28.04,26.87,25.79,23.59,21.04,18.62,15.45,12.34,10.08
2014-12-28,2014,12,28,28.47,28.46,28.46,28.45,28.44,27.74,26.22,23.85,21.43,19.38,15.65,12.13,10.13
2014-12-29,2014,12,29,28.5,28.51,28.51,28.49,28.48,28.14,25.98,23.48,21.06,19.36,15.91,12.0,10.12
2014-12-30,2014,12,30,28.56,28.58,28.58,28.58,28.56,28.4,26.14,23.32,21.26,19.68,16.15,12.11,10.15
2014-12-31,2014,12,31,28.64,28.62,28.62,28.59,28.56,28.52,27.19,24.01,21.92,19.81,16.08,11.94,10.04
2015-01-01,2015,1,1,28.65,28.64,28.64,28.63,28.62,28.52,26.08,23.56,21.51,19.44,16.06,11.82,10.01
2015-01-02,2015,1,2,28.74,28.72,28.72,28.72,28.72,28.57,26.99,24.57,22.19,19.65,16.09,11.78,10.01
2015-01-03,2015,1,3,28.86,28.79,28.78,28.76,28.76,28.66,26.65,24.48,21.88,19.62,15.52,11.98,10.06
2015-01-04,2015,1,4,28.87,28.84,28.84,28.82,28.81,28.71,27.3,24.46,22.14,19.92,15.89,11.96,10.03
2015-01-05,2015,1,5,28.88,28.86,28.86,28.85,28.84,28.83,27.82,24.75,22.12,19.79,16.09,12.05,10.07
2015-01-06,2015,1,6,28.87,28.88,28.88,28.87,28.86,28.87,27.74,24.86,22.14,20.36,16.2,12.11,10.0
2015-01-07,2015,1,7,28.9,28.86,28.86,28.85,28.83,28.82,26.92,25.01,22.2,19.95,15.92,12.02,10.07
2015-01-08,2015,1,8,28.71,28.72,28.72,28.71,28.78,28.83,27.46,25.55,22.32,20.35,16.51,12.14,10.08
2015-01-09,2015,1,9,28.66,28.67,28.68,28.67,28.67,28.83,28.08,25.08,22.71,20.53,16.64,12.1,10.02
2015-01-10,2015,1,10,28.65,28.66,28.67,28.67,28.67,28.73,27.19,24.63,22.79,20.68,16.2,12.08,10.08
2015-01-11,2015,1,11,28.7,28.69,28.7,28.68,28.68,28.61,27.04,24.86,22.6,20.7,16.52,12.08,10.04
2015-01-12,2015,1,12,28.63,28.65,28.65,28.64,28.64,28.61,27.12,24.79,22.35,20.94,16.4,11.97,10.06
2015-01-13,2015,1,13,28.62,28.55,28.54,28.53,28.54,28.61,27.37,25.2,22.85,20.85,16.79,12.09,10.05
2015-01-14,2015,1,14,28.74,28.56,28.56,28.55,28.52,28.51,26.88,24.56,22.55,20.51,16.54,12.11,10.08
2015-01-15,2015,1,15,28.69,28.51,28.54,28.58,28.55,28.61,27.01,24.69,22.23,20.59,16.75,11.99,10.03
2015-01-16,2015,1,16,28.63,28.51,28.56,28.59,28.61,28.54,27.33,25.23,22.75,20.72,16.52,12.16,10.07
2015-01-17,2015,1,17,28.53,28.55,28.56,28.6,28.63,28.51,27.37,24.45,21.72,20.33,16.84,12.12,10.03
2015-01-18,2015,1,18,28.27,28.34,28.35,28.38,28.61,28.49,27.22,23.81,21.96,20.48,16.75,12.16,10.07
2015-01-19,2015,1,19,28.44,28.43,28.43,28.44,28.6,28.36,27.18,24.27,21.98,20.68,16.51,12.13,10.03
2015-01-20,2015,1,20,28.53,28.5,28.5,28.5,28.61,28.25,26.91,23.79,21.57,20.43,16.8,12.19,10.03
2015-01-21,2015,1,21,28.39,28.38,28.38,28.38,28.39,28.7,27.37,24.44,22.19,20.95,16.91,12.15,10.05
2015-01-22,2015,1,22,28.33,28.35,28.35,28.34,28.49,28.6,27.0,24.18,22.18,20.65,16.63,12.11,10.02
2015-01-23,2015,1,23,28.36,28.37,28.38,28.38,28.57,28.36,27.08,24.11,21.97,21.03,16.81,12.08,10.02
2015-01-24,2015,1,24,28.27,28.29,28.29,28.29,28.37,28.73,27.09,24.3,22.02,20.91,16.85,12.11,10.04
2015-01-25,2015,1,25,28.24,28.25,28.25,28.24,28.27,28.81,27.25,24.26,22.15,20.96,16.87,12.08,10.01
2015-01-26,2015,1,26,28.22,28.24,28.25,28.24,28.34,28.81,27.67,24.71,22.22,20.86,16.7,12.14,10.11
2015-01-27,2015,1,27,28.24,28.25,28.25,28.24,28.45,28.78,28.08,25.71,22.31,20.56,17.23,12.03,9.96
2015-01-28,2015,1,28,28.22,28.23,28.24,28.23,28.36,28.62,28.01,25.43,22.04,20.41,16.48,11.98,10.05
2015-01-29,2015,1,29,28.25,28.24,28.25,28.26,28.47,28.58,27.9,25.66,22.46,20.44,16.62,12.05,9.98
2015-01-30,2015,1,30,28.41,28.34,28.34,28.33,28.44,28.55,28.03,26.06,22.6,20.49,16.64,11.92,10.02
2015-01-31,2015,1,31,28.41,28.41,28.42,28.41,28.44,28.54,28.03,25.83,22.29,20.19,16.2,11.85,9.96
2015-02-01,2015,2,1,28.31,28.32,28.33,28.33,28.43,28.52,27.8,25.41,22.14,20.12,16.24,11.86,9.93
2015-02-02,2015,2,2,28.22,28.24,28.25,28.26,28.54,28.65,27.57,25.29,22.35,20.24,16.37,11.78,9.95
2015-02-03,2015,2,3,28.23,28.24,28.25,28.25,28.29,28.54,28.2,25.62,21.92,19.86,16.11,11.85,9.94
2015-02-04,2015,2,4,28.27,28.28,28.29,28.28,28.29,28.47,28.15,25.5,22.66,20.4,16.32,11.88,9.91
2015-02-05,2015,2,5,28.3,28.31,28.32,28.3,28.33,28.57,28.16,25.86,22.2,20.28,16.38,11.71,9.9
2015-02-06,2015,2,6,28.42,28.43,28.43,28.41,28.39,28.5,28.04,25.21,22.04,20.2,16.42,11.81,9.9
2015-02-07,2015,2,7,28.49,28.5,28.5,28.49,28.49,28.5,28.29,25.97,22.5,20.06,16.31,11.88,9.95
2015-02-08,2015,2,8,28.59,28.6,28.61,28.6,28.56,28.53,28.22,25.58,22.12,20.08,16.64,11.66,9.88
2015-02-09,2015,2,9,28.58,28.6,28.61,28.6,28.59,28.54,28.29,26.39,23.1,20.46,16.41,11.79,9.89
2015-02-10,2015,2,10,28.5,28.52,28.53,28.52,28.53,28.52,27.97,25.71,22.74,20.32,16.41,11.82,9.94
2015-02-11,2015,2,11,28.43,28.45,28.46,28.46,28.49,28.56,28.32,26.29,22.98,20.17,16.51,11.63,9.88
2015-02-12,2015,2,12,28.5,28.47,28.47,28.45,28.48,28.5,28.18,26.1,22.74,20.12,15.77,11.68,9.9
2015-02-13,2015,2,13,28.54,28.5,28.5,28.49,28.49,28.44,28.13,25.84,23.0,20.17,16.15,11.66,9.86
2015-02-14,2015,2,14,28.48,28.49,28.49,28.47,28.48,28.46,28.07,25.53,22.91,19.95,15.65,11.57,9.87
2015-02-15,2015,2,15,28.43,28.44,28.44,28.43,28.44,28.4,28.15,25.55,22.86,20.26,15.91,11.71,9.93
2015-02-16,2015,2,16,28.36,28.38,28.39,28.37,28.39,28.41,28.19,25.6,22.64,19.57,14.96,11.67,9.87
2015-02-17,2015,2,17,28.33,28.31,28.31,28.3,28.3,28.44,27.75,25.01,22.36,19.72,15.24,11.64,9.82
2015-02-18,2015,2,18,28.27,28.29,28.29,28.29,28.3,28.37,27.83,25.49,22.69,19.89,15.23,11.68,9.88
2015-02-19,2015,2,19,28.33,28.29,28.29,28.27,28.27,28.43,27.69,25.41,22.33,19.49,15.18,11.76,9.93
2015-02-20,2015,2,20,28.45,28.35,28.34,28.31,28.3,28.25,27.17,25.4,22.46,19.71,15.03,11.62,9.81
2015-02-21,2015,2,21,28.35,28.35,28.36,28.34,28.31,28.23,26.6,24.6,21.94,19.25,14.99,11.62,9.88
2015-02-22,2015,2,22,28.35,28.34,28.33,28.31,28.35,28.41,27.17,25.13,21.93,19.28,15.07,11.66,9.92
2015-02-23,2015,2,23,28.47,28.37,28.36,28.34,28.49,28.36,26.38,23.78,21.63,19.29,14.71,11.63,9.81
2015-02-24,2015,2,24,28.4,28.35,28.34,28.33,28.36,28.41,27.29,24.38,22.04,19.49,15.15,11.65,9.95
2015-02-25,2015,2,25,28.7,28.52,28.48,28.39,28.32,28.41,27.31,24.4,21.84,19.04,15.21,11.55,9.82
2015-02-26,2015,2,26,28.8,28.72,28.68,28.38,28.42,28.42,27.38,23.71,21.42,19.14,14.68,11.61,9.91
2015-02-27,2015,2,27,28.73,28.67,28.66,28.49,28.51,28.49,28.19,24.56,21.64,18.67,14.91,11.59,9.84
2015-02-28,2015,2,28,28.66,28.58,28.57,28.51,28.41,28.39,28.33,24.94,21.77,18.97,15.13,11.57,9.82
2015-03-01,2015,3,1,28.64,28.56,28.57,28.56,28.43,28.37,27.89,23.89,21.22,18.81,14.58,11.61,9.9
2015-03-02,2015,3,2,28.74,28.61,28.6,28.58,28.43,28.26,27.26,24.4,21.24,18.6,14.66,11.55,9.77
2015-03-03,2015,3,3,28.75,28.65,28.63,28.6,28.43,28.33,27.22,25.08,21.71,18.86,15.13,11.49,9.83
2015-03-04,2015,3,4,29.07,28.75,28.75,28.65,28.42,28.36,27.43,24.92,21.46,18.69,14.68,11.59,9.82
2015-03-05,2015,3,5,28.95,28.82,28.77,28.68,28.58,28.24,26.62,23.85,20.78,18.16,14.86,11.52,9.79
2015-03-06,2015,3,6,28.77,28.76,28.76,28.74,28.58,28.4,27.31,24.75,20.59,18.51,14.84,11.52,9.86
2015-03-07,2015,3,7,28.71,28.68,28.68,28.66,28.52,28.42,27.06,24.47,21.17,18.55,14.79,11.5,9.81
2015-03-08,2015,3,8,28.66,28.64,28.64,28.62,28.44,28.3,27.33,23.95,20.17,17.4,14.61,11.47,9.76
2015-03-09,2015,3,9,28.61,28.59,28.59,28.58,28.51,28.2,27.21,23.43,19.82,17.25,14.5,11.45,9.8
2015-03-10,2015,3,10,28.53,28.55,28.57,28.55,28.26,28.04,27.0,23.6,20.48,17.6,14.56,11.45,9.76
2015-03-11,2015,3,11,28.49,28.51,28.51,28.49,28.24,27.94,26.61,22.49,19.61,17.3,14.38,11.39,9.73
2015-03-12,2015,3,12,28.59,28.59,28.59,28.56,27.94,27.85,25.98,22.7,19.36,16.71,14.3,11.42,9.72
2015-03-13,2015,3,13,28.69,28.68,28.68,28.64,28.08,27.76,26.42,23.09,19.42,16.83,14.51,11.27,9.72
2015-03-14,2015,3,14,28.77,28.73,28.73,28.69,28.11,27.78,26.03,22.68,19.22,16.5,14.8,11.43,9.67
2015-03-15,2015,3,15,28.82,28.73,28.73,28.7,28.17,27.84,25.63,22.35,19.03,16.42,14.09,11.34,9.69
2015-03-16,2015,3,16,28.82,28.77,28.77,28.74,28.12,27.79,26.08,22.4,19.33,16.31,14.2,11.23,9.63
2015-03-17,2015,3,17,29.16,28.87,28.85,28.83,28.26,27.86,25.79,22.45,19.41,16.56,14.32,11.26,9.66
2015-03-18,2015,3,18,29.22,28.89,28.88,28.86,28.2,27.85,25.24,21.81,18.99,16.32,14.01,11.19,9.65
2015-03-19,2015,3,19,29.43,29.14,29.18,29.17,28.36,26.86,24.88,21.55,18.82,16.45,13.85,11.21,9.62
2015-03-20,2015,3,20,29.64,29.24,29.22,29.12,28.45,26.11,23.84,21.46,18.4,16.39,13.91,11.17,9.65
2015-03-21,2015,3,21,29.25,29.22,29.22,29.16,28.74,25.81,23.51,21.36,18.62,16.48,13.78,11.17,9.59
2015-03-22,2015,3,22,29.22,29.11,29.13,29.09,27.49,24.51,22.16,20.0,17.8,16.18,13.87,11.19,9.64
2015-03-23,2015,3,23,29.38,29.22,29.22,29.17,28.19,24.83,22.33,20.22,18.2,16.58,13.85,11.08,9.54
2015-03-24,2015,3,24,29.44,29.34,29.33,29.28,28.35,25.85,22.9,20.5,18.15,16.34,13.87,11.2,9.68
2015-03-25,2015,3,25,29.39,29.33,29.34,29.25,28.46,25.96,22.97,20.58,18.17,16.48,13.95,11.2,9.57
2015-03-26,2015,3,26,29.46,29.44,29.44,29.39,29.06,26.89,24.08,21.07,18.52,16.52,13.94,11.22,9.68
2015-03-27,2015,3,27,29.44,29.44,29.45,29.42,28.08,26.88,24.33,21.1,19.01,16.71,14.13,11.27,9.66
2015-03-28,2015,3,28,29.36,29.38,29.4,29.4,29.08,26.65,24.26,21.37,18.66,16.74,14.17,11.31,9.7
2015-03-29,2015,3,29,29.16,29.12,29.15,29.06,28.74,26.35,24.48,21.98,19.19,16.69,14.12,11.32,9.67
2015-03-30,2015,3,30,29.48,29.3,29.35,29.43,28.28,26.57,24.24,21.32,18.37,16.78,14.31,11.37,9.68
2015-03-31,2015,3,31,29.39,29.2,29.15,29.05,27.4,26.41,23.52,21.23,18.49,17.54,14.25,11.38,9.77
2015-04-01,2015,4,1,29.45,29.37,29.26,29.01,28.04,25.77,23.73,21.06,18.46,17.14,14.39,11.36,9.75
2015-04-02,2015,4,2,29.83,29.5,29.49,29.44,29.1,25.69,24.1,20.87,18.41,17.09,14.28,11.44,9.68
2015-04-03,2015,4,3,30.03,29.59,29.58,29.5,29.42,26.67,23.98,21.2,18.45,16.95,14.44,11.4,9.82
2015-04-04,2015,4,4,30.15,29.54,29.6,29.59,29.47,26.54,23.51,21.09,19.05,17.25,14.78,11.51,9.79
2015-04-05,2015,4,5,29.74,29.37,29.2,29.25,27.91,25.38,23.12,21.18,19.83,17.83,14.74,11.47,9.84
2015-04-06,2015,4,6,29.76,29.54,29.37,29.31,27.48,25.48,22.94,21.32,20.0,17.56,14.65,11.59,9.83
2015-04-07,2015,4,7,29.79,29.74,29.75,29.7,28.78,26.51,23.11,21.2,19.51,17.32,14.86,11.54,9.82
2015-04-08,2015,4,8,29.94,29.92,29.94,29.9,28.31,26.86,22.35,20.81,19.45,17.47,15.23,11.49,9.94
2015-04-09,2015,4,9,29.82,29.81,29.87,29.91,28.65,26.98,22.9,21.21,19.88,18.04,14.87,11.7,9.76
2015-04-10,2015,4,10,29.98,29.86,29.85,29.85,28.96,27.53,22.85,20.8,19.4,17.61,14.58,11.64,9.92
2015-04-11,2015,4,11,30.04,29.86,29.84,29.74,28.69,27.41,22.64,20.82,19.07,17.22,14.75,11.57,9.84
2015-04-12,2015,4,12,29.84,29.84,29.85,29.79,28.65,27.33,23.03,21.02,19.13,17.3,14.73,11.65,9.9
2015-04-13,2015,4,13,29.68,29.73,29.78,29.87,29.12,27.36,23.99,21.31,19.08,17.03,14.64,11.62,9.88
2015-04-14,2015,4,14,29.85,29.81,29.82,29.81,29.42,27.43,23.9,21.03,19.1,17.49,14.57,11.62,9.9
2015-04-15,2015,4,15,29.73,29.73,29.75,29.75,29.71,27.72,23.65,21.1,18.63,16.59,14.34,11.6,9.9
2015-04-16,2015,4,16,29.72,29.66,29.66,29.63,29.42,27.73,24.51,21.23,19.1,16.93,14.32,11.54,9.84
2015-04-17,2015,4,17,29.7,29.68,29.7,29.68,29.4,27.16,24.64,20.81,18.76,16.86,14.2,11.7,9.87
2015-04-18,2015,4,18,29.73,29.72,29.72,29.71,29.63,28.41,24.82,21.52,19.05,16.74,14.2,11.57,9.87
2015-04-19,2015,4,19,29.92,29.81,29.81,29.78,29.7,28.55,25.32,21.47,18.85,16.77,14.25,11.55,9.94
2015-04-20,2015,4,20,29.83,29.81,29.81,29.79,29.7,27.65,24.52,21.79,19.01,17.03,14.2,11.65,9.85
2015-04-21,2015,4,21,30.27,29.83,29.84,29.83,29.92,28.52,25.05,22.35,19.09,17.1,14.43,11.63,9.92
2015-04-22,2015,4,22,30.35,29.91,29.9,29.92,29.86,28.19,24.38,21.76,18.79,16.74,14.13,11.61,9.9
2015-04-23,2015,4,23,30.53,30.04,30.01,29.96,29.98,28.11,25.12,22.34,19.07,17.2,14.34,11.6,9.9
2015-04-24,2015,4,24,30.65,30.2,30.14,30.04,29.7,27.89,24.34,21.84,18.83,16.68,14.39,11.66,9.89
2015-04-25,2015,4,25,30.75,30.33,30.27,30.14,29.86,27.85,24.63,22.22,19.38,17.45,14.37,11.61,9.91
2015-04-26,2015,4,26,30.73,30.32,30.28,30.19,29.6,27.65,24.92,21.89,18.96,16.73,14.31,11.68,9.9
2015-04-27,2015,4,27,30.43,30.35,30.32,30.23,28.82,26.79,24.95,22.02,19.24,16.9,14.32,11.62,9.9
2015-04-28,2015,4,28,30.32,30.27,30.27,30.25,29.55,26.51,24.73,22.32,19.3,17.2,14.46,11.69,9.91
2015-04-29,2015,4,29,30.57,30.31,30.29,30.27,29.54,26.49,25.05,22.56,19.34,16.88,14.26,11.75,9.93
2015-04-30,2015,4,30,30.35,30.28,30.32,30.17,29.16,26.76,24.81,21.98,19.26,16.85,14.3,11.63,9.93
2015-05-01,2015,5,1,30.29,30.29,30.34,30.32,29.46,27.88,25.13,22.57,20.05,17.25,14.39,11.68,9.91
2015-05-02,2015,5,2,30.31,30.33,30.33,30.28,29.19,26.63,24.1,22.31,19.24,17.01,14.27,11.72,9.94
2015-05-03,2015,5,3,30.12,30.11,30.12,30.1,29.11,27.01,24.58,22.68,19.46,17.34,14.36,11.78,9.93
2015-05-04,2015,5,4,30.68,30.24,30.24,30.21,28.86,26.92,24.98,22.12,19.62,17.29,14.37,11.67,9.96
2015-05-05,2015,5,5,30.47,30.36,30.36,30.28,28.82,27.18,24.89,21.91,19.64,17.22,14.49,11.76,9.92
2015-05-06,2015,5,6,30.7,30.34,30.33,30.13,28.63,27.11,24.4,22.18,20.08,17.59,14.47,11.78,9.98
2015-05-07,2015,5,7,30.72,30.38,30.36,30.24,28.99,27.48,24.98,22.44,20.27,17.69,14.5,11.75,9.92
2015-05-08,2015,5,8,30.74,30.37,30.34,30.23,29.72,27.61,25.44,22.35,20.05,17.65,14.62,11.78,9.94
2015-05-09,2015,5,9,30.52,30.39,30.36,30.13,29.7,27.23,25.09,22.62,20.5,18.47,14.74,11.71,9.97
2015-05-10,2015,5,10,30.64,30.43,30.43,30.23,29.28,26.87,24.8,22.68,20.61,18.25,14.58,11.75,9.92
2015-05-11,2015,5,11,30.62,30.46,30.46,30.24,29.02,27.03,24.92,22.94,20.75,18.49,14.77,11.8,9.94
2015-05-12,2015,5,12,30.47,30.47,30.48,30.33,29.4,27.32,25.09,23.08,20.69,18.48,14.89,11.67,10.0
2015-05-13,2015,5,13,30.39,30.41,30.42,30.4,29.1,26.99,24.76,22.99,20.85,18.53,14.54,11.79,9.91
2015-05-14,2015,5,14,30.43,30.36,30.37,30.35,28.86,27.21,25.14,22.72,20.65,18.5,14.97,11.81,9.94
2015-05-15,2015,5,15,30.33,30.34,30.35,30.32,29.17,27.58,24.9,22.6,20.96,18.75,14.91,11.68,9.96
2015-05-16,2015,5,16,30.22,30.24,30.25,30.24,29.44,27.53,25.04,23.25,20.91,18.37,14.72,11.75,9.9
2015-05-17,2015,5,17,30.16,30.17,30.18,30.18,29.95,27.93,25.48,23.15,20.71,18.1,15.03,11.78,9.95
2015-05-18,2015,5,18,30.16,30.16,30.16,30.14,30.08,27.96,25.11,22.97,20.87,18.14,14.83,11.71,9.9
2015-05-19,2015,5,19,30.01,30.03,30.04,30.03,29.7,27.55,25.66,23.21,21.15,18.41,14.96,11.76,9.91
2015-05-20,2015,5,20,29.96,29.98,29.99,29.99,29.89,28.11,26.03,23.05,20.76,18.21,14.82,11.72,9.82
2015-05-21,2015,5,21,29.93,29.95,29.96,29.95,29.96,28.79,26.52,23.28,20.86,18.47,15.04,11.75,9.88
2015-05-22,2015,5,22,29.85,29.87,29.88,29.88,29.89,29.43,26.63,23.25,20.97,18.54,15.16,11.71,9.91
2015-05-23,2015,5,23,29.76,29.77,29.78,29.77,29.77,29.0,26.93,24.09,21.21,18.3,15.04,11.79,9.85
2015-05-24,2015,5,24,29.69,29.7,29.71,29.71,29.7,28.96,27.2,23.88,20.59,18.28,15.39,11.78,9.93
2015-05-25,2015,5,25,29.65,29.67,29.68,29.68,29.69,29.65,27.52,24.08,20.74,18.46,15.2,11.69,9.99
2015-05-26,2015,5,26,29.62,29.64,29.65,29.65,29.68,29.59,27.38,23.92,20.77,18.77,15.24,11.96,9.98
2015-05-27,2015,5,27,29.51,29.57,29.59,29.63,29.83,29.43,26.9,23.71,20.8,18.42,15.15,11.69,9.96
2015-05-28,2015,5,28,29.59,29.6,29.61,29.61,29.68,29.09,27.09,24.41,21.06,18.5,15.08,11.76,10.01
2015-05-29,2015,5,29,29.65,29.65,29.65,29.63,29.63,29.44,27.83,23.83,20.7,18.76,15.2,11.86,9.98
2015-05-30,2015,5,30,29.3,29.4,29.45,29.53,29.6,29.66,27.7,23.88,20.7,18.35,15.29,11.74,10.01
2015-05-31,2015,5,31,29.41,29.42,29.44,29.46,29.57,29.75,27.89,24.3,20.54,18.46,15.62,11.79,10.06
2015-06-01,2015,6,1,29.54,29.54,29.54,29.52,29.52,29.94,27.93,24.08,20.97,18.61,15.1,11.86,9.9
2015-06-02,2015,6,2,29.7,29.6,29.59,29.56,29.55,29.61,28.7,24.43,20.85,18.45,15.3,11.81,10.1
2015-06-03,2015,6,3,29.8,29.71,29.7,29.69,29.62,29.34,27.59,23.55,20.81,18.53,15.12,11.79,9.95
2015-06-04,2015,6,4,29.99,29.78,29.76,29.7,29.63,28.96,27.22,24.68,21.28,18.83,14.71,11.84,9.95
2015-06-05,2015,6,5,30.01,29.66,29.64,29.6,29.64,29.17,27.15,24.06,21.61,19.25,14.86,11.87,10.04
2015-06-06,2015,6,6,30.37,29.86,29.83,29.77,29.71,29.26,27.09,24.35,21.7,18.96,14.99,11.82,9.94
2015-06-07,2015,6,7,30.13,30.02,29.96,29.87,29.76,28.63,26.74,24.2,21.92,19.3,14.93,11.84,9.98
2015-06-08,2015,6,8,29.87,29.88,29.88,29.86,29.81,28.72,26.9,24.15,21.82,19.46,15.25,11.87,9.98
2015-06-09,2015,6,9,29.8,29.82,29.83,29.83,29.83,29.0,26.98,24.23,21.43,19.14,15.08,11.88,9.93
2015-06-10,2015,6,10,29.89,29.87,29.87,29.85,29.83,28.55,26.56,24.21,21.48,19.1,15.53,11.86,9.96
2015-06-11,2015,6,11,29.89,29.89,29.9,29.88,29.85,28.5,26.49,24.38,21.82,19.53,15.3,11.83,9.91
2015-06-12,2015,6,12,29.95,29.94,29.94,29.93,29.92,28.81,26.36,23.96,21.69,19.17,15.2,11.76,9.88
2015-06-13,2015,6,13,29.96,29.91,29.92,29.91,29.91,28.8,26.22,24.2,21.48,19.18,15.23,11.81,9.86
2015-06-14,2015,6,14,29.94,29.94,29.94,29.92,29.91,28.71,26.17,23.52,21.25,19.02,15.14,11.74,9.85
2015-06-15,2015,6,15,29.9,29.93,29.94,29.93,29.95,29.3,26.14,23.56,21.41,19.15,15.31,11.69,9.82
2015-06-16,2015,6,16,29.82,29.85,29.87,29.87,29.92,28.89,25.93,22.88,20.6,18.36,15.23,11.73,9.86
2015-06-17,2015,6,17,29.75,29.77,29.78,29.77,29.79,28.94,26.1,23.52,21.08,19.14,15.23,11.76,9.82
2015-06-18,2015,6,18,29.7,29.72,29.73,29.72,29.73,29.08,26.31,23.32,20.69,18.32,15.12,11.7,9.85
2015-06-19,2015,6,19,29.66,29.68,29.69,29.69,29.71,29.6,26.35,23.04,20.9,18.58,15.19,11.72,9.86
2015-06-20,2015,6,20,29.64,29.66,29.67,29.66,29.66,29.46,26.99,23.55,21.19,18.8,15.14,11.81,9.9
2015-06-21,2015,6,21,29.64,29.66,29.67,29.66,29.66,29.73,26.63,23.51,20.99,18.66,15.12,11.73,9.81
2015-06-22,2015,6,22,29.68,29.69,29.7,29.68,29.67,29.8,26.8,23.64,20.92,18.65,15.26,11.83,9.87
2015-06-23,2015,6,23,29.72,29.74,29.75,29.73,29.73,29.72,27.26,23.92,21.67,19.0,15.26,11.71,10.0
2015-06-24,2015,6,24,29.71,29.72,29.73,29.72,29.71,29.57,27.18,23.89,20.89,18.49,15.43,11.86,9.91
2015-06-25,2015,6,25,29.68,29.7,29.71,29.7,29.7,29.66,27.07,23.89,21.36,19.01,15.41,11.83,9.92
2015-06-26,2015,6,26,29.67,29.69,29.7,29.69,29.69,29.47,27.55,24.04,21.37,18.89,15.44,11.78,9.99
2015-06-27,2015,6,27,29.65,29.67,29.68,29.67,29.69,29.51,27.12,23.74,21.46,19.1,15.36,11.89,9.98
2015-06-28,2015,6,28,29.64,29.65,29.67,29.66,29.67,29.48,27.5,23.94,21.11,18.43,15.44,11.94,10.0
2015-06-29,2015,6,29,29.59,29.61,29.62,29.62,29.71,29.32,27.02,23.96,21.43,18.84,15.54,11.93,10.04
2015-06-30,2015,6,30,29.58,29.6,29.61,29.61,29.65,29.61,27.1,23.31,20.88,18.81,15.5,11.96,10.04
2015-07-01,2015,7,1,29.52,29.53,29.54,29.54,29.66,29.58,27.16,23.83,21.28,19.23,15.52,11.96,10.05
2015-07-02,2015,7,2,29.51,29.53,29.54,29.53,29.57,29.31,26.87,24.19,21.81,19.37,15.79,12.04,10.1
2015-07-03,2015,7,3,29.58,29.6,29.61,29.59,29.57,29.39,27.07,24.35,21.5,19.18,15.68,12.02,10.04
2015-07-04,2015,7,4,29.56,29.57,29.58,29.57,29.58,29.43,27.65,24.93,22.28,19.83,15.95,12.03,10.12
2015-07-05,2015,7,5,29.52,29.54,29.55,29.55,29.55,29.34,27.47,24.6,22.47,19.53,15.72,12.09,10.13
2015-07-06,2015,7,6,29.5,29.52,29.53,29.52,29.53,29.34,27.56,24.94,22.77,20.01,16.2,12.06,10.1
2015-07-07,2015,7,7,29.5,29.51,29.52,29.52,29.52,29.18,27.62,24.95,22.3,19.82,15.85,12.14,10.11
2015-07-08,2015,7,8,29.47,29.48,29.5,29.48,29.48,29.03,26.84,24.58,22.18,19.56,15.91,12.04,10.12
2015-07-09,2015,7,9,29.42,29.44,29.45,29.44,29.46,29.29,27.18,24.67,22.39,19.71,15.85,12.19,10.13
2015-07-10,2015,7,10,29.42,29.44,29.45,29.44,29.45,29.32,27.4,25.55,22.72,19.81,15.99,11.99,10.07
2015-07-11,2015,7,11,29.44,29.45,29.46,29.45,29.51,29.08,27.6,25.19,21.89,19.24,15.73,12.01,10.11
2015-07-12,2015,7,12,29.51,29.52,29.53,29.51,29.51,29.4,28.03,25.5,22.07,19.82,15.69,12.09,10.08
2015-07-13,2015,7,13,29.5,29.51,29.52,29.51,29.5,29.13,27.44,25.21,22.17,19.42,15.56,11.95,10.05
2015-07-14,2015,7,14,29.45,29.47,29.48,29.47,29.47,29.26,27.59,25.31,21.82,19.37,15.68,12.02,10.09
2015-07-15,2015,7,15,29.39,29.41,29.42,29.41,29.43,29.24,27.48,26.13,22.36,20.03,15.97,12.04,10.11
2015-07-16,2015,7,16,29.35,29.36,29.38,29.37,29.38,28.35,27.44,25.17,22.2,19.32,15.68,12.02,10.02
2015-07-17,2015,7,17,29.34,29.35,29.36,29.36,29.31,28.73,27.5,25.85,22.37,19.39,15.68,12.03,10.08
2015-07-18,2015,7,18,29.28,29.3,29.31,29.3,29.19,29.09,27.62,24.96,21.93,19.62,15.69,11.88,10.06
2015-07-19,2015,7,19,29.29,29.28,29.28,29.26,29.19,29.1,28.23,25.12,22.01,19.11,15.47,12.01,9.98
2015-07-20,2015,7,20,29.18,29.2,29.21,29.21,29.21,29.06,27.86,25.66,22.37,19.21,15.7,11.91,9.97
2015-07-21,2015,7,21,29.12,29.14,29.16,29.16,29.18,29.0,28.3,25.51,21.86,19.38,15.4,11.91,10.08
2015-07-22,2015,7,22,29.02,29.04,29.05,29.06,29.09,28.99,28.86,25.52,22.38,19.88,15.6,11.92,10.0
2015-07-23,2015,7,23,28.91,28.93,28.94,28.94,28.98,28.96,28.47,25.39,22.68,19.62,15.77,11.87,10.02
2015-07-24,2015,7,24,28.96,28.94,28.95,28.93,28.94,28.93,28.73,25.32,22.55,19.72,15.77,11.79,10.03
2015-07-25,2015,7,25,28.97,28.98,28.99,28.96,28.97,28.91,28.57,26.08,22.63,19.83,15.66,11.98,10.04
2015-07-26,2015,7,26,29.02,29.03,29.04,29.02,28.99,28.95,28.5,26.49,22.9,20.14,16.0,11.78,10.01
2015-07-27,2015,7,27,29.08,29.08,29.09,29.07,29.03,28.96,28.79,25.92,22.6,20.47,16.15,11.89,9.96
2015-07-28,2015,7,28,29.12,29.11,29.11,29.09,29.02,28.95,28.74,25.54,23.08,19.45,15.42,11.79,9.98
2015-07-29,2015,7,29,29.16,29.16,29.16,29.14,29.08,28.99,28.3,25.07,22.31,19.64,15.84,11.79,10.0
2015-07-30,2015,7,30,29.16,29.17,29.18,29.16,29.11,29.04,28.57,26.02,22.07,20.24,15.64,11.74,9.93
2015-07-31,2015,7,31,29.18,29.17,29.18,29.16,29.12,29.06,28.68,25.46,21.89,19.16,15.77,11.81,9.93
2015-08-01,2015,8,1,29.15,29.16,29.16,29.14,29.08,29.0,28.8,25.66,21.65,19.04,15.63,11.81,9.92
2015-08-02,2015,8,2,29.12,29.14,29.14,29.13,29.12,29.0,28.36,25.01,21.35,19.09,15.24,11.73,9.96
2015-08-03,2015,8,3,29.15,29.17,29.18,29.17,29.17,29.02,28.24,24.35,21.23,19.28,15.09,11.82,9.89
2015-08-04,2015,8,4,29.09,29.11,29.12,29.11,29.11,28.93,28.16,23.98,21.33,19.17,15.68,11.76,9.99
2015-08-05,2015,8,5,28.96,28.98,28.99,28.99,29.01,29.0,27.81,23.61,21.12,18.77,15.29,11.73,9.89
2015-08-06,2015,8,6,29.01,29.02,29.03,29.02,29.01,28.85,26.45,23.25,20.65,18.86,15.51,11.79,9.96
2015-08-07,2015,8,7,29.04,29.05,29.06,29.05,29.05,28.95,26.7,22.91,20.3,18.73,15.04,11.73,9.95
2015-08-08,2015,8,8,29.0,29.02,29.03,29.02,29.01,28.75,25.9,22.8,20.63,18.66,15.46,11.65,9.88
2015-08-09,2015,8,9,28.89,28.91,28.92,28.91,28.92,28.86,25.8,23.2,20.75,18.87,15.32,11.75,9.94
2015-08-10,2015,8,10,28.88,28.89,28.9,28.9,28.89,28.74,25.07,22.77,20.19,18.23,15.08,11.67,9.9
2015-08-11,2015,8,11,28.86,28.87,28.88,28.87,28.87,28.04,24.72,22.45,20.27,18.43,15.37,11.65,9.91
2015-08-12,2015,8,12,28.87,28.88,28.89,28.88,28.73,26.97,24.68,22.52,20.34,18.23,15.19,11.65,9.91
2015-08-13,2015,8,13,28.93,28.93,28.93,28.91,28.8,27.8,25.2,23.05,20.31,18.2,15.05,11.64,9.9
2015-08-14,2015,8,14,29.03,28.99,28.95,28.9,28.91,28.14,25.21,22.92,20.55,18.19,15.17,11.66,9.88
2015-08-15,2015,8,15,28.95,28.97,28.99,28.99,28.97,28.66,25.5,23.03,21.01,18.76,15.22,11.61,9.94
2015-08-16,2015,8,16,29.06,29.02,29.01,28.95,28.94,28.65,25.64,23.21,21.08,18.85,15.16,11.66,9.94
2015-08-17,2015,8,17,29.15,29.14,29.14,29.12,28.98,27.8,25.27,23.01,20.67,18.58,15.26,11.74,9.96
2015-08-18,2015,8,18,29.17,29.17,29.17,29.15,29.01,28.41,25.58,23.31,20.84,19.05,15.19,11.66,9.98
2015-08-19,2015,8,19,29.29,29.19,29.18,29.15,29.08,28.54,25.9,23.65,20.71,18.69,15.29,11.63,9.99
2015-08-20,2015,8,20,29.24,29.23,29.22,29.18,29.09,28.66,26.05,23.25,20.5,18.86,15.61,11.82,10.02
2015-08-21,2015,8,21,29.22,29.22,29.23,29.21,29.15,28.66,26.08,23.78,20.97,18.64,15.42,11.6,9.98
2015-08-22,2015,8,22,29.21,29.22,29.23,29.21,29.17,28.89,26.29,23.85,20.62,18.53,15.51,11.6,10.12
2015-08-23,2015,8,23,29.18,29.2,29.21,29.2,29.2,28.95,26.09,23.63,20.46,18.34,15.11,11.72,9.97
2015-08-24,2015,8,24,29.22,29.23,29.24,29.23,29.22,28.99,26.47,23.81,21.06,18.97,15.9,11.77,9.97
2015-08-25,2015,8,25,29.09,29.11,29.12,29.11,29.12,29.06,26.99,23.71,20.85,18.48,15.0,11.68,10.02
2015-08-26,2015,8,26,29.07,29.09,29.1,29.09,29.09,29.09,27.71,23.64,20.9,18.88,15.34,11.74,10.06
2015-08-27,2015,8,27,29.09,29.1,29.1,29.07,29.06,29.05,27.13,23.2,20.87,18.7,15.28,11.57,9.96
2015-08-28,2015,8,28,29.05,29.06,29.07,29.06,29.05,29.04,28.09,23.43,20.58,19.02,15.07,11.67,10.09
2015-08-29,2015,8,29,29.07,29.07,29.07,29.05,29.04,29.03,27.32,23.36,20.77,18.79,15.39,11.81,10.05
2015-08-30,2015,8,30,29.04,29.05,29.06,29.06,29.05,29.04,27.41,23.11,20.8,18.61,15.21,11.72,10.04
2015-08-31,2015,8,31,28.99,29.01,29.03,29.03,29.05,29.03,27.45,23.36,20.52,18.14,15.02,11.83,9.98
2015-09-01,2015,9,1,29.08,29.08,29.08,29.06,29.0,28.83,26.95,23.06,20.26,18.37,14.99,11.69,9.94
2015-09-02,2015,9,2,29.08,29.06,29.06,29.04,29.06,29.02,27.51,23.54,20.76,18.37,15.06,11.69,9.98
2015-09-03,2015,9,3,29.2,29.14,29.14,29.11,29.02,28.9,27.01,23.37,20.64,18.3,14.87,11.69,9.9
2015-09-04,2015,9,4,28.98,29.06,29.08,29.07,29.04,28.98,28.14,23.72,21.03,18.55,15.02,11.6,9.95
2015-09-05,2015,9,5,29.1,29.05,29.06,29.05,29.06,29.02,27.24,23.13,20.48,18.17,15.04,11.78,9.92
2015-09-06,2015,9,6,29.34,29.06,29.06,29.06,29.07,28.93,26.84,23.48,20.5,18.0,14.77,11.66,9.96
2015-09-07,2015,9,7,29.26,29.19,29.16,29.12,29.15,28.71,26.13,22.96,20.27,17.98,14.85,11.65,9.88
2015-09-08,2015,9,8,29.2,29.18,29.18,29.15,29.15,29.16,27.01,23.2,20.36,18.03,14.95,11.7,9.96
2015-09-09,2015,9,9,29.17,29.18,29.19,29.17,29.15,29.14,26.6,23.15,20.28,18.12,15.05,11.69,9.93
2015-09-10,2015,9,10,29.09,29.11,29.12,29.12,29.13,28.87,26.88,23.13,20.18,17.82,14.8,11.71,9.97
2015-09-11,2015,9,11,28.99,29.01,29.02,29.02,29.11,28.96,28.23,24.0,21.06,18.42,15.3,11.57,9.91
2015-09-12,2015,9,12,29.04,29.05,29.06,29.06,29.1,28.76,27.27,23.66,20.74,18.57,14.9,11.61,9.94
2015-09-13,2015,9,13,29.11,29.13,29.13,29.11,29.08,28.63,28.02,24.49,21.37,18.85,15.36,11.69,9.94
2015-09-14,2015,9,14,29.24,29.25,29.26,29.25,29.19,28.83,28.05,24.93,21.29,19.08,15.43,11.68,9.94
2015-09-15,2015,9,15,29.21,29.23,29.24,29.23,29.17,28.93,28.25,25.67,21.83,18.81,15.3,11.68,9.91
2015-09-16,2015,9,16,29.12,29.14,29.15,29.14,29.16,29.09,28.6,26.08,22.13,19.11,15.82,11.76,10.02
2015-09-17,2015,9,17,29.21,29.23,29.24,29.23,29.23,29.18,28.51,26.27,22.49,19.56,15.76,11.75,10.0
2015-09-18,2015,9,18,29.21,29.23,29.25,29.24,29.25,29.19,28.51,26.16,22.59,19.86,15.88,11.88,10.03
2015-09-19,2015,9,19,29.18,29.2,29.21,29.2,29.22,29.2,28.89,26.82,23.23,19.98,16.18,11.85,10.09
2015-09-20,2015,9,20,29.24,29.24,29.25,29.22,29.21,29.17,28.66,26.41,22.24,19.77,15.54,11.76,9.94
2015-09-22,2015,9,22,29.4,29.33,29.32,29.29,29.25,29.19,28.85,26.2,22.73,19.67,15.94,11.7,10.01
2015-09-24,2015,9,24,29.25,29.27,29.28,29.27,29.27,29.16,28.23,25.87,22.1,19.75,15.85,11.73,10.05
2015-09-26,2015,9,26,28.94,28.97,28.99,28.99,29.03,29.02,28.85,26.84,22.57,19.77,15.72,11.73,10.05
2015-09-27,2015,9,27,28.83,28.85,28.87,28.87,28.94,28.99,28.82,26.25,22.81,19.8,15.71,11.75,10.07
2015-09-28,2015,9,28,28.78,28.8,28.81,28.8,28.77,28.88,28.52,26.41,23.46,19.91,15.7,11.77,10.1
2015-09-29,2015,9,29,28.62,28.64,28.66,28.66,28.68,28.72,27.88,25.67,22.88,19.67,15.6,11.75,10.08
2015-09-30,2015,9,30,28.63,28.65,28.66,28.65,28.68,28.75,27.96,25.75,23.7,20.52,15.71,11.76,10.06
2015-10-01,2015,10,1,28.54,28.47,28.5,28.55,28.69,28.65,27.61,25.55,23.43,20.2,15.39,11.74,9.99
2015-10-13,2015,10,13,29.41,28.97,28.95,28.9,28.82,28.75,27.04,24.38,21.8,19.43,15.66,11.81,9.75
2015-10-18,2015,10,18,30.1,29.43,29.39,29.13,28.92,28.82,27.54,23.86,21.01,18.89,15.47,11.72,9.69
2015-10-20,2015,10,20,30.55,29.58,29.48,29.39,29.12,28.59,27.35,24.62,21.19,18.75,15.48,11.74,9.67
2015-11-03,2015,11,3,29.61,29.54,29.55,29.52,29.64,28.89,26.64,23.48,20.32,18.16,14.72,11.48,9.6
2015-11-16,2015,11,16,29.23,29.21,29.21,29.18,29.16,28.58,24.71,21.98,19.45,17.41,14.39,11.44,9.82
2015-11-17,2015,11,17,29.55,29.38,29.37,29.33,29.23,27.09,23.87,21.23,18.65,16.66,14.21,11.47,9.86
2015-11-18,2015,11,18,29.58,29.46,29.45,29.38,28.86,26.43,24.07,21.61,18.96,16.82,14.37,11.4,9.79
2015-11-20,2015,11,20,29.31,29.36,29.4,29.44,29.27,27.24,24.38,21.54,18.23,16.23,14.39,11.69,9.91
