Date,Year,month,day,RH_AVG_preprocessed
2005-01-01,2005,1,1,90.0
2005-01-02,2005,1,2,90.0
2005-01-03,2005,1,3,90.0
2005-01-04,2005,1,4,89.0
2005-01-05,2005,1,5,88.0
2005-01-06,2005,1,6,89.0
2005-01-07,2005,1,7,89.0
2005-01-08,2005,1,8,90.0
2005-01-09,2005,1,9,91.0
2005-01-10,2005,1,10,94.0
2005-01-11,2005,1,11,94.0
2005-01-12,2005,1,12,90.0
2005-01-13,2005,1,13,89.0
2005-01-14,2005,1,14,91.0
2005-01-15,2005,1,15,93.0
2005-01-16,2005,1,16,92.0
2005-01-17,2005,1,17,94.0
2005-01-18,2005,1,18,94.0
2005-01-19,2005,1,19,91.0
2005-01-20,2005,1,20,93.0
2005-01-21,2005,1,21,88.0
2005-01-22,2005,1,22,90.0
2005-01-23,2005,1,23,92.0
2005-01-24,2005,1,24,95.0
2005-01-25,2005,1,25,90.0
2005-01-26,2005,1,26,89.0
2005-01-27,2005,1,27,93.0
2005-01-28,2005,1,28,95.0
2005-01-29,2005,1,29,93.0
2005-01-30,2005,1,30,93.0
2005-01-31,2005,1,31,89.0
2005-02-01,2005,2,1,89.0
2005-02-02,2005,2,2,93.0
2005-02-03,2005,2,3,94.0
2005-02-04,2005,2,4,92.0
2005-02-05,2005,2,5,94.0
2005-02-06,2005,2,6,90.0
2005-02-07,2005,2,7,92.0
2005-02-08,2005,2,8,89.0
2005-02-09,2005,2,9,91.0
2005-02-10,2005,2,10,92.0
2005-02-11,2005,2,11,89.0
2005-02-12,2005,2,12,88.0
2005-02-13,2005,2,13,90.0
2005-02-14,2005,2,14,91.0
2005-02-15,2005,2,15,89.0
2005-02-16,2005,2,16,92.0
2005-02-17,2005,2,17,94.0
2005-02-18,2005,2,18,91.0
2005-02-19,2005,2,19,90.0
2005-02-20,2005,2,20,90.0
2005-02-21,2005,2,21,86.0
2005-02-22,2005,2,22,86.0
2005-02-23,2005,2,23,90.0
2005-02-24,2005,2,24,86.0
2005-02-25,2005,2,25,89.0
2005-02-26,2005,2,26,94.0
2005-02-27,2005,2,27,90.0
2005-02-28,2005,2,28,92.0
2005-03-01,2005,3,1,89.0
2005-03-02,2005,3,2,90.0
2005-03-03,2005,3,3,92.0
2005-03-04,2005,3,4,89.0
2005-03-05,2005,3,5,89.0
2005-03-06,2005,3,6,87.0
2005-03-07,2005,3,7,90.0
2005-03-08,2005,3,8,89.0
2005-03-09,2005,3,9,86.0
2005-03-10,2005,3,10,89.0
2005-03-11,2005,3,11,89.0
2005-03-12,2005,3,12,88.0
2005-03-13,2005,3,13,89.0
2005-03-14,2005,3,14,95.0
2005-03-15,2005,3,15,91.0
2005-03-16,2005,3,16,92.0
2005-03-17,2005,3,17,89.0
2005-03-18,2005,3,18,88.0
2005-03-19,2005,3,19,86.0
2005-03-20,2005,3,20,89.0
2005-03-21,2005,3,21,88.0
2005-03-22,2005,3,22,91.0
2005-03-23,2005,3,23,90.0
2005-03-24,2005,3,24,91.0
2005-03-25,2005,3,25,91.0
2005-03-26,2005,3,26,95.0
2005-03-27,2005,3,27,92.0
2005-03-28,2005,3,28,95.0
2005-03-29,2005,3,29,92.0
2005-03-30,2005,3,30,92.0
2005-03-31,2005,3,31,91.0
2005-04-01,2005,4,1,93.0
2005-04-02,2005,4,2,94.0
2005-04-03,2005,4,3,94.0
2005-04-04,2005,4,4,87.0
2005-04-05,2005,4,5,91.0
2005-04-06,2005,4,6,88.0
2005-04-07,2005,4,7,88.0
2005-04-08,2005,4,8,93.0
2005-04-09,2005,4,9,88.0
2005-04-10,2005,4,10,88.0
2005-04-11,2005,4,11,91.0
2005-04-12,2005,4,12,89.0
2005-04-13,2005,4,13,90.0
2005-04-14,2005,4,14,91.0
2005-04-15,2005,4,15,89.0
2005-04-16,2005,4,16,90.0
2005-04-17,2005,4,17,88.0
2005-04-18,2005,4,18,90.0
2005-04-19,2005,4,19,88.0
2005-04-20,2005,4,20,84.0
2005-04-21,2005,4,21,87.0
2005-04-22,2005,4,22,90.0
2005-04-23,2005,4,23,89.0
2005-04-24,2005,4,24,90.0
2005-04-25,2005,4,25,86.0
2005-04-26,2005,4,26,92.0
2005-04-27,2005,4,27,94.0
2005-04-28,2005,4,28,93.0
2005-04-29,2005,4,29,90.0
2005-04-30,2005,4,30,94.0
2005-05-01,2005,5,1,90.0
2005-05-02,2005,5,2,91.0
2005-05-03,2005,5,3,92.0
2005-05-04,2005,5,4,92.0
2005-05-05,2005,5,5,92.0
2005-05-06,2005,5,6,90.0
2005-05-07,2005,5,7,84.0
2005-05-08,2005,5,8,86.0
2005-05-09,2005,5,9,89.0
2005-05-10,2005,5,10,87.0
2005-05-11,2005,5,11,85.0
2005-05-12,2005,5,12,90.0
2005-05-13,2005,5,13,88.0
2005-05-14,2005,5,14,94.0
2005-05-15,2005,5,15,91.0
2005-05-16,2005,5,16,91.0
2005-05-17,2005,5,17,86.0
2005-05-18,2005,5,18,91.0
2005-05-19,2005,5,19,88.0
2005-05-20,2005,5,20,86.0
2005-05-21,2005,5,21,88.0
2005-05-22,2005,5,22,85.0
2005-05-23,2005,5,23,84.0
2005-05-24,2005,5,24,85.0
2005-05-25,2005,5,25,90.0
2005-05-26,2005,5,26,91.0
2005-05-27,2005,5,27,92.0
2005-05-28,2005,5,28,94.0
2005-05-29,2005,5,29,90.0
2005-05-30,2005,5,30,91.0
2005-05-31,2005,5,31,91.0
2005-06-01,2005,6,1,90.0
2005-06-02,2005,6,2,92.0
2005-06-03,2005,6,3,90.0
2005-06-04,2005,6,4,90.0
2005-06-05,2005,6,5,86.0
2005-06-06,2005,6,6,87.0
2005-06-07,2005,6,7,89.0
2005-06-08,2005,6,8,78.0
2005-06-09,2005,6,9,91.0
2005-06-10,2005,6,10,92.0
2005-06-11,2005,6,11,89.0
2005-06-12,2005,6,12,80.0
2005-06-13,2005,6,13,88.0
2005-06-14,2005,6,14,90.0
2005-06-15,2005,6,15,84.0
2005-06-16,2005,6,16,86.0
2005-06-17,2005,6,17,95.0
2005-06-18,2005,6,18,87.0
2005-06-19,2005,6,19,94.0
2005-06-20,2005,6,20,86.0
2005-06-21,2005,6,21,87.0
2005-06-22,2005,6,22,86.0
2005-06-23,2005,6,23,92.0
2005-06-24,2005,6,24,89.0
2005-06-25,2005,6,25,88.0
2005-06-26,2005,6,26,86.0
2005-06-27,2005,6,27,92.0
2005-06-28,2005,6,28,89.0
2005-06-29,2005,6,29,87.0
2005-06-30,2005,6,30,87.0
2005-07-01,2005,7,1,88.0
2005-07-02,2005,7,2,88.0
2005-07-03,2005,7,3,86.0
2005-07-04,2005,7,4,84.0
2005-07-05,2005,7,5,87.0
2005-07-06,2005,7,6,84.0
2005-07-07,2005,7,7,85.0
2005-07-08,2005,7,8,86.0
2005-07-09,2005,7,9,86.0
2005-07-10,2005,7,10,87.0
2005-07-11,2005,7,11,84.0
2005-07-12,2005,7,12,92.0
2005-07-13,2005,7,13,89.0
2005-07-14,2005,7,14,94.0
2005-07-15,2005,7,15,87.0
2005-07-16,2005,7,16,87.0
2005-07-17,2005,7,17,85.0
2005-07-18,2005,7,18,90.0
2005-07-19,2005,7,19,85.0
2005-07-20,2005,7,20,89.0
2005-07-21,2005,7,21,85.0
2005-07-22,2005,7,22,88.0
2005-07-23,2005,7,23,79.0
2005-07-24,2005,7,24,82.0
2005-07-25,2005,7,25,79.0
2005-07-26,2005,7,26,79.0
2005-07-27,2005,7,27,75.0
2005-07-28,2005,7,28,87.0
2005-07-29,2005,7,29,86.0
2005-07-30,2005,7,30,84.0
2005-07-31,2005,7,31,80.0
2005-08-01,2005,8,1,86.0
2005-08-02,2005,8,2,88.0
2005-08-03,2005,8,3,82.0
2005-08-04,2005,8,4,84.0
2005-08-05,2005,8,5,86.0
2005-08-06,2005,8,6,85.0
2005-08-07,2005,8,7,84.0
2005-08-08,2005,8,8,83.0
2005-08-09,2005,8,9,81.0
2005-08-10,2005,8,10,82.0
2005-08-11,2005,8,11,83.0
2005-08-12,2005,8,12,84.0
2005-08-13,2005,8,13,82.0
2005-08-14,2005,8,14,90.0
2005-08-15,2005,8,15,89.0
2005-08-16,2005,8,16,84.0
2005-08-17,2005,8,17,83.0
2005-08-18,2005,8,18,84.0
2005-08-19,2005,8,19,86.0
2005-08-20,2005,8,20,92.0
2005-08-21,2005,8,21,90.0
2005-08-22,2005,8,22,90.0
2005-08-23,2005,8,23,90.0
2005-08-24,2005,8,24,92.0
2005-08-25,2005,8,25,94.0
2005-08-26,2005,8,26,89.0
2005-08-27,2005,8,27,87.0
2005-08-28,2005,8,28,85.0
2005-08-29,2005,8,29,88.0
2005-08-30,2005,8,30,87.0
2005-08-31,2005,8,31,91.0
2005-09-01,2005,9,1,90.0
2005-09-02,2005,9,2,84.0
2005-09-03,2005,9,3,91.0
2005-09-04,2005,9,4,90.0
2005-09-05,2005,9,5,92.0
2005-09-06,2005,9,6,87.0
2005-09-07,2005,9,7,87.0
2005-09-08,2005,9,8,86.0
2005-09-09,2005,9,9,82.0
2005-09-10,2005,9,10,86.0
2005-09-11,2005,9,11,86.0
2005-09-12,2005,9,12,86.0
2005-09-13,2005,9,13,87.0
2005-09-14,2005,9,14,86.0
2005-09-15,2005,9,15,83.0
2005-09-16,2005,9,16,81.0
2005-09-17,2005,9,17,81.0
2005-09-18,2005,9,18,82.0
2005-09-19,2005,9,19,86.0
2005-09-20,2005,9,20,88.0
2005-09-21,2005,9,21,90.0
2005-09-22,2005,9,22,95.0
2005-09-23,2005,9,23,92.0
2005-09-24,2005,9,24,88.0
2005-09-25,2005,9,25,86.0
2005-09-26,2005,9,26,87.0
2005-09-27,2005,9,27,87.0
2005-09-28,2005,9,28,86.0
2005-09-29,2005,9,29,88.0
2005-09-30,2005,9,30,90.0
2005-10-01,2005,10,1,92.0
2005-10-02,2005,10,2,92.0
2005-10-03,2005,10,3,92.0
2005-10-04,2005,10,4,87.0
2005-10-05,2005,10,5,88.0
2005-10-06,2005,10,6,91.0
2005-10-07,2005,10,7,91.0
2005-10-08,2005,10,8,91.0
2005-10-09,2005,10,9,91.0
2005-10-10,2005,10,10,91.0
2005-10-11,2005,10,11,93.0
2005-10-12,2005,10,12,91.0
2005-10-13,2005,10,13,91.0
2005-10-14,2005,10,14,90.0
2005-10-15,2005,10,15,92.0
2005-10-16,2005,10,16,92.0
2005-10-17,2005,10,17,90.0
2005-10-18,2005,10,18,93.0
2005-10-19,2005,10,19,89.0
2005-10-20,2005,10,20,88.0
2005-10-21,2005,10,21,92.0
2005-10-22,2005,10,22,92.0
2005-10-23,2005,10,23,90.0
2005-10-24,2005,10,24,94.0
2005-10-25,2005,10,25,88.0
2005-10-26,2005,10,26,86.0
2005-10-27,2005,10,27,90.0
2005-10-28,2005,10,28,84.0
2005-10-29,2005,10,29,87.0
2005-10-30,2005,10,30,91.0
2005-10-31,2005,10,31,95.0
2005-11-01,2005,11,1,92.0
2005-11-02,2005,11,2,91.0
2005-11-03,2005,11,3,93.0
2005-11-04,2005,11,4,93.0
2005-11-05,2005,11,5,90.0
2005-11-06,2005,11,6,89.0
2005-11-07,2005,11,7,90.0
2005-11-08,2005,11,8,92.0
2005-11-09,2005,11,9,90.0
2005-11-10,2005,11,10,94.0
2005-11-11,2005,11,11,92.0
2005-11-12,2005,11,12,92.0
2005-11-13,2005,11,13,94.0
2005-11-14,2005,11,14,90.0
2005-11-15,2005,11,15,92.0
2005-11-16,2005,11,16,94.0
2005-11-17,2005,11,17,89.0
2005-11-18,2005,11,18,92.0
2005-11-19,2005,11,19,95.0
2005-11-20,2005,11,20,93.0
2005-11-21,2005,11,21,90.0
2005-11-22,2005,11,22,90.0
2005-11-23,2005,11,23,90.0
2005-11-24,2005,11,24,89.0
2005-11-25,2005,11,25,88.0
2005-11-26,2005,11,26,92.0
2005-11-27,2005,11,27,90.0
2005-11-28,2005,11,28,93.0
2005-11-29,2005,11,29,91.0
2005-11-30,2005,11,30,91.0
2005-12-01,2005,12,1,90.0
2005-12-02,2005,12,2,92.0
2005-12-03,2005,12,3,89.0
2005-12-04,2005,12,4,88.0
2005-12-05,2005,12,5,94.0
2005-12-06,2005,12,6,90.0
2005-12-07,2005,12,7,94.0
2005-12-08,2005,12,8,92.0
2005-12-09,2005,12,9,92.0
2005-12-10,2005,12,10,94.0
2005-12-11,2005,12,11,92.0
2005-12-12,2005,12,12,92.0
2005-12-13,2005,12,13,92.0
2005-12-14,2005,12,14,95.0
2005-12-15,2005,12,15,93.0
2005-12-16,2005,12,16,94.0
2005-12-17,2005,12,17,95.0
2005-12-18,2005,12,18,91.0
2005-12-19,2005,12,19,90.0
2005-12-20,2005,12,20,93.0
2005-12-21,2005,12,21,92.0
2005-12-22,2005,12,22,93.0
2005-12-23,2005,12,23,89.0
2005-12-24,2005,12,24,92.0
2005-12-25,2005,12,25,92.0
2005-12-26,2005,12,26,92.0
2005-12-27,2005,12,27,94.0
2005-12-28,2005,12,28,89.0
2005-12-29,2005,12,29,91.0
2005-12-30,2005,12,30,91.0
2005-12-31,2005,12,31,91.0
2006-01-01,2006,1,1,92.0
2006-01-02,2006,1,2,94.0
2006-01-03,2006,1,3,92.0
2006-01-04,2006,1,4,90.0
2006-01-05,2006,1,5,92.0
2006-01-06,2006,1,6,94.0
2006-01-07,2006,1,7,93.0
2006-01-08,2006,1,8,93.0
2006-01-09,2006,1,9,92.0
2006-01-10,2006,1,10,95.0
2006-01-11,2006,1,11,90.0
2006-01-12,2006,1,12,91.0
2006-01-13,2006,1,13,90.0
2006-01-14,2006,1,14,90.0
2006-01-15,2006,1,15,92.0
2006-01-16,2006,1,16,92.0
2006-01-17,2006,1,17,92.0
2006-01-18,2006,1,18,91.0
2006-01-19,2006,1,19,93.0
2006-01-20,2006,1,20,89.0
2006-01-21,2006,1,21,91.0
2006-01-22,2006,1,22,90.0
2006-01-23,2006,1,23,94.0
2006-01-24,2006,1,24,89.0
2006-01-25,2006,1,25,94.0
2006-01-26,2006,1,26,91.0
2006-01-27,2006,1,27,90.0
2006-01-28,2006,1,28,87.0
2006-01-29,2006,1,29,85.0
2006-01-30,2006,1,30,90.0
2006-01-31,2006,1,31,89.0
2006-02-01,2006,2,1,88.0
2006-02-02,2006,2,2,88.0
2006-02-03,2006,2,3,90.0
2006-02-04,2006,2,4,89.0
2006-02-05,2006,2,5,89.0
2006-02-06,2006,2,6,88.0
2006-02-07,2006,2,7,91.0
2006-02-08,2006,2,8,92.0
2006-02-09,2006,2,9,88.0
2006-02-10,2006,2,10,89.0
2006-02-11,2006,2,11,86.0
2006-02-12,2006,2,12,91.0
2006-02-13,2006,2,13,94.0
2006-02-14,2006,2,14,90.0
2006-02-15,2006,2,15,90.0
2006-02-16,2006,2,16,93.0
2006-02-17,2006,2,17,92.0
2006-02-18,2006,2,18,90.0
2006-02-19,2006,2,19,85.0
2006-02-20,2006,2,20,89.0
2006-02-21,2006,2,21,90.0
2006-02-22,2006,2,22,87.0
2006-02-23,2006,2,23,86.0
2006-02-24,2006,2,24,88.0
2006-02-25,2006,2,25,92.0
2006-02-26,2006,2,26,89.0
2006-02-27,2006,2,27,93.0
2006-02-28,2006,2,28,90.0
2006-03-01,2006,3,1,88.0
2006-03-02,2006,3,2,91.0
2006-03-03,2006,3,3,95.0
2006-03-04,2006,3,4,90.0
2006-03-05,2006,3,5,92.0
2006-03-06,2006,3,6,91.0
2006-03-07,2006,3,7,90.0
2006-03-08,2006,3,8,91.0
2006-03-09,2006,3,9,88.0
2006-03-10,2006,3,10,89.0
2006-03-11,2006,3,11,88.0
2006-03-12,2006,3,12,91.0
2006-03-13,2006,3,13,87.0
2006-03-14,2006,3,14,87.0
2006-03-15,2006,3,15,89.0
2006-03-16,2006,3,16,89.0
2006-03-17,2006,3,17,88.0
2006-03-18,2006,3,18,91.0
2006-03-19,2006,3,19,91.0
2006-03-20,2006,3,20,93.0
2006-03-21,2006,3,21,94.0
2006-03-22,2006,3,22,94.0
2006-03-23,2006,3,23,94.0
2006-03-24,2006,3,24,91.0
2006-03-25,2006,3,25,94.0
2006-03-26,2006,3,26,92.0
2006-03-27,2006,3,27,79.0
2006-03-28,2006,3,28,88.0
2006-03-29,2006,3,29,90.0
2006-03-30,2006,3,30,91.0
2006-03-31,2006,3,31,92.0
2006-04-01,2006,4,1,89.0
2006-04-02,2006,4,2,90.0
2006-04-03,2006,4,3,90.0
2006-04-04,2006,4,4,91.0
2006-04-05,2006,4,5,90.0
2006-04-06,2006,4,6,90.0
2006-04-07,2006,4,7,93.0
2006-04-08,2006,4,8,94.0
2006-04-09,2006,4,9,89.0
2006-04-10,2006,4,10,94.0
2006-04-11,2006,4,11,91.0
2006-04-12,2006,4,12,92.0
2006-04-13,2006,4,13,93.0
2006-04-14,2006,4,14,95.0
2006-04-15,2006,4,15,91.0
2006-04-16,2006,4,16,93.0
2006-04-17,2006,4,17,93.0
2006-04-18,2006,4,18,94.0
2006-04-19,2006,4,19,94.0
2006-04-20,2006,4,20,91.0
2006-04-21,2006,4,21,93.0
2006-04-22,2006,4,22,90.0
2006-04-23,2006,4,23,88.0
2006-04-24,2006,4,24,84.0
2006-04-25,2006,4,25,91.0
2006-04-26,2006,4,26,91.0
2006-04-27,2006,4,27,86.0
2006-04-28,2006,4,28,84.0
2006-04-29,2006,4,29,89.0
2006-04-30,2006,4,30,88.0
2006-05-01,2006,5,1,91.0
2006-05-02,2006,5,2,88.0
2006-05-03,2006,5,3,89.0
2006-05-04,2006,5,4,89.0
2006-05-05,2006,5,5,87.0
2006-05-06,2006,5,6,88.0
2006-05-07,2006,5,7,87.0
2006-05-08,2006,5,8,88.0
2006-05-09,2006,5,9,87.0
2006-05-10,2006,5,10,88.0
2006-05-11,2006,5,11,90.0
2006-05-12,2006,5,12,87.0
2006-05-13,2006,5,13,87.0
2006-05-14,2006,5,14,86.0
2006-05-15,2006,5,15,85.0
2006-05-16,2006,5,16,86.0
2006-05-17,2006,5,17,87.0
2006-05-18,2006,5,18,88.0
2006-05-19,2006,5,19,90.0
2006-05-20,2006,5,20,83.0
2006-05-21,2006,5,21,80.0
2006-05-22,2006,5,22,90.0
2006-05-23,2006,5,23,88.0
2006-05-24,2006,5,24,85.0
2006-05-25,2006,5,25,84.0
2006-05-26,2006,5,26,86.0
2006-05-27,2006,5,27,84.0
2006-05-28,2006,5,28,84.0
2006-05-29,2006,5,29,85.0
2006-05-30,2006,5,30,86.0
2006-05-31,2006,5,31,89.0
2006-06-01,2006,6,1,91.0
2006-06-02,2006,6,2,88.0
2006-06-03,2006,6,3,88.0
2006-06-04,2006,6,4,88.0
2006-06-05,2006,6,5,88.0
2006-06-06,2006,6,6,85.0
2006-06-07,2006,6,7,87.0
2006-06-08,2006,6,8,89.0
2006-06-09,2006,6,9,88.0
2006-06-10,2006,6,10,90.0
2006-06-11,2006,6,11,84.0
2006-06-12,2006,6,12,85.0
2006-06-13,2006,6,13,89.0
2006-06-14,2006,6,14,88.0
2006-06-15,2006,6,15,87.0
2006-06-16,2006,6,16,87.0
2006-06-17,2006,6,17,87.0
2006-06-18,2006,6,18,95.0
2006-06-19,2006,6,19,87.0
2006-06-20,2006,6,20,88.0
2006-06-21,2006,6,21,92.0
2006-06-22,2006,6,22,87.0
2006-06-23,2006,6,23,85.0
2006-06-24,2006,6,24,88.0
2006-06-25,2006,6,25,90.0
2006-06-26,2006,6,26,86.0
2006-06-27,2006,6,27,86.0
2006-06-28,2006,6,28,78.0
2006-06-29,2006,6,29,66.0
2006-06-30,2006,6,30,82.0
2006-07-01,2006,7,1,74.0
2006-07-02,2006,7,2,74.0
2006-07-03,2006,7,3,77.0
2006-07-04,2006,7,4,79.0
2006-07-05,2006,7,5,83.0
2006-07-06,2006,7,6,82.0
2006-07-07,2006,7,7,82.0
2006-07-08,2006,7,8,80.0
2006-07-09,2006,7,9,85.0
2006-07-10,2006,7,10,80.0
2006-07-11,2006,7,11,82.0
2006-07-12,2006,7,12,90.0
2006-07-13,2006,7,13,94.0
2006-07-14,2006,7,14,75.0
2006-07-15,2006,7,15,78.0
2006-07-16,2006,7,16,81.0
2006-07-17,2006,7,17,85.0
2006-07-18,2006,7,18,86.0
2006-07-19,2006,7,19,80.0
2006-07-20,2006,7,20,81.0
2006-07-21,2006,7,21,80.0
2006-07-22,2006,7,22,81.0
2006-07-23,2006,7,23,78.0
2006-07-24,2006,7,24,78.0
2006-07-25,2006,7,25,80.0
2006-07-26,2006,7,26,79.0
2006-07-27,2006,7,27,82.0
2006-07-28,2006,7,28,76.0
2006-07-29,2006,7,29,78.0
2006-07-30,2006,7,30,86.0
2006-07-31,2006,7,31,80.0
2006-08-01,2006,8,1,82.0
2006-08-02,2006,8,2,79.0
2006-08-03,2006,8,3,77.0
2006-08-04,2006,8,4,86.0
2006-08-05,2006,8,5,86.0
2006-08-06,2006,8,6,82.0
2006-08-07,2006,8,7,79.0
2006-08-08,2006,8,8,76.0
2006-08-09,2006,8,9,78.0
2006-08-10,2006,8,10,75.0
2006-08-11,2006,8,11,76.0
2006-08-12,2006,8,12,76.0
2006-08-13,2006,8,13,81.0
2006-08-14,2006,8,14,78.0
2006-08-15,2006,8,15,69.0
2006-08-16,2006,8,16,71.0
2006-08-17,2006,8,17,82.0
2006-08-18,2006,8,18,93.0
2006-08-19,2006,8,19,80.0
2006-08-20,2006,8,20,81.0
2006-08-21,2006,8,21,82.0
2006-08-22,2006,8,22,80.0
2006-08-23,2006,8,23,87.0
2006-08-24,2006,8,24,82.0
2006-08-25,2006,8,25,81.0
2006-08-26,2006,8,26,86.0
2006-08-27,2006,8,27,83.0
2006-08-28,2006,8,28,81.0
2006-08-29,2006,8,29,87.0
2006-08-30,2006,8,30,84.0
2006-08-31,2006,8,31,77.0
2006-09-01,2006,9,1,81.0
2006-09-02,2006,9,2,87.0
2006-09-03,2006,9,3,82.0
2006-09-04,2006,9,4,84.0
2006-09-05,2006,9,5,86.0
2006-09-06,2006,9,6,84.0
2006-09-07,2006,9,7,84.0
2006-09-08,2006,9,8,91.0
2006-09-09,2006,9,9,85.0
2006-09-10,2006,9,10,80.0
2006-09-11,2006,9,11,88.0
2006-09-12,2006,9,12,88.0
2006-09-13,2006,9,13,92.0
2006-09-14,2006,9,14,82.0
2006-09-15,2006,9,15,82.0
2006-09-16,2006,9,16,84.0
2006-09-17,2006,9,17,85.0
2006-09-18,2006,9,18,88.0
2006-09-19,2006,9,19,87.0
2006-09-20,2006,9,20,88.0
2006-09-21,2006,9,21,90.0
2006-09-22,2006,9,22,83.0
2006-09-23,2006,9,23,84.0
2006-09-24,2006,9,24,83.0
2006-09-25,2006,9,25,83.0
2006-09-26,2006,9,26,80.0
2006-09-27,2006,9,27,86.0
2006-09-28,2006,9,28,84.0
2006-09-29,2006,9,29,89.0
2006-09-30,2006,9,30,93.0
2006-10-01,2006,10,1,83.0
2006-10-02,2006,10,2,91.0
2006-10-03,2006,10,3,74.0
2006-10-04,2006,10,4,84.0
2006-10-05,2006,10,5,91.0
2006-10-06,2006,10,6,89.0
2006-10-07,2006,10,7,86.0
2006-10-08,2006,10,8,82.0
2006-10-09,2006,10,9,83.0
2006-10-10,2006,10,10,83.0
2006-10-11,2006,10,11,84.0
2006-10-12,2006,10,12,88.0
2006-10-13,2006,10,13,91.0
2006-10-14,2006,10,14,90.0
2006-10-15,2006,10,15,92.0
2006-10-16,2006,10,16,94.0
2006-10-17,2006,10,17,91.0
2006-10-18,2006,10,18,89.0
2006-10-19,2006,10,19,93.0
2006-10-20,2006,10,20,95.0
2006-10-21,2006,10,21,90.0
2006-10-22,2006,10,22,92.0
2006-10-23,2006,10,23,89.0
2006-10-24,2006,10,24,92.0
2006-10-25,2006,10,25,95.0
2006-10-26,2006,10,26,88.0
2006-10-27,2006,10,27,88.0
2006-10-28,2006,10,28,90.0
2006-10-29,2006,10,29,88.0
2006-10-30,2006,10,30,87.0
2006-10-31,2006,10,31,91.0
2006-11-01,2006,11,1,89.0
2006-11-02,2006,11,2,90.0
2006-11-03,2006,11,3,89.0
2006-11-04,2006,11,4,94.0
2006-11-05,2006,11,5,92.0
2006-11-06,2006,11,6,92.0
2006-11-07,2006,11,7,92.0
2006-11-08,2006,11,8,94.0
2006-11-09,2006,11,9,86.0
2006-11-10,2006,11,10,93.0
2006-11-11,2006,11,11,95.0
2006-11-12,2006,11,12,92.0
2006-11-13,2006,11,13,90.0
2006-11-14,2006,11,14,92.0
2006-11-15,2006,11,15,89.0
2006-11-16,2006,11,16,88.0
2006-11-17,2006,11,17,86.0
2006-11-18,2006,11,18,91.0
2006-11-19,2006,11,19,91.0
2006-11-20,2006,11,20,93.0
2006-11-21,2006,11,21,89.0
2006-11-22,2006,11,22,90.0
2006-11-23,2006,11,23,88.0
2006-11-24,2006,11,24,88.0
2006-11-25,2006,11,25,92.0
2006-11-26,2006,11,26,88.0
2006-11-27,2006,11,27,89.0
2006-11-28,2006,11,28,89.0
2006-11-29,2006,11,29,87.0
2006-11-30,2006,11,30,88.0
2006-12-01,2006,12,1,89.0
2006-12-02,2006,12,2,86.0
2006-12-03,2006,12,3,90.0
2006-12-04,2006,12,4,86.0
2006-12-05,2006,12,5,86.0
2006-12-06,2006,12,6,89.0
2006-12-07,2006,12,7,88.0
2006-12-08,2006,12,8,87.0
2006-12-09,2006,12,9,87.0
2006-12-10,2006,12,10,88.0
2006-12-11,2006,12,11,90.0
2006-12-12,2006,12,12,92.0
2006-12-13,2006,12,13,89.0
2006-12-14,2006,12,14,91.0
2006-12-15,2006,12,15,89.0
2006-12-16,2006,12,16,91.0
2006-12-17,2006,12,17,90.0
2006-12-18,2006,12,18,88.0
2006-12-19,2006,12,19,88.0
2006-12-20,2006,12,20,88.0
2006-12-21,2006,12,21,92.0
2006-12-22,2006,12,22,90.0
2006-12-23,2006,12,23,89.0
2006-12-24,2006,12,24,94.0
2006-12-25,2006,12,25,90.0
2006-12-26,2006,12,26,89.0
2006-12-27,2006,12,27,94.0
2006-12-28,2006,12,28,92.0
2006-12-29,2006,12,29,89.0
2006-12-30,2006,12,30,87.0
2006-12-31,2006,12,31,86.0
2007-01-01,2007,1,1,93.0
2007-01-02,2007,1,2,89.0
2007-01-03,2007,1,3,88.0
2007-01-04,2007,1,4,90.0
2007-01-05,2007,1,5,91.0
2007-01-06,2007,1,6,94.0
2007-01-07,2007,1,7,90.0
2007-01-08,2007,1,8,90.0
2007-01-09,2007,1,9,92.0
2007-01-10,2007,1,10,92.0
2007-01-11,2007,1,11,89.0
2007-01-12,2007,1,12,88.0
2007-01-13,2007,1,13,89.0
2007-01-14,2007,1,14,86.0
2007-01-15,2007,1,15,88.0
2007-01-16,2007,1,16,86.0
2007-01-17,2007,1,17,90.0
2007-01-18,2007,1,18,87.0
2007-01-19,2007,1,19,88.0
2007-01-20,2007,1,20,90.0
2007-01-21,2007,1,21,89.0
2007-01-22,2007,1,22,93.0
2007-01-23,2007,1,23,91.0
2007-01-24,2007,1,24,90.0
2007-01-25,2007,1,25,90.0
2007-01-26,2007,1,26,89.0
2007-01-27,2007,1,27,87.0
2007-01-28,2007,1,28,86.0
2007-01-29,2007,1,29,87.0
2007-01-30,2007,1,30,90.0
2007-01-31,2007,1,31,89.0
2007-02-01,2007,2,1,86.0
2007-02-02,2007,2,2,88.0
2007-02-03,2007,2,3,89.0
2007-02-04,2007,2,4,88.0
2007-02-05,2007,2,5,84.0
2007-02-06,2007,2,6,87.0
2007-02-07,2007,2,7,84.0
2007-02-08,2007,2,8,87.0
2007-02-09,2007,2,9,86.0
2007-02-10,2007,2,10,83.0
2007-02-11,2007,2,11,83.0
2007-02-12,2007,2,12,85.0
2007-02-13,2007,2,13,86.0
2007-02-14,2007,2,14,85.0
2007-02-15,2007,2,15,87.0
2007-02-16,2007,2,16,87.0
2007-02-17,2007,2,17,84.0
2007-02-18,2007,2,18,94.0
2007-02-19,2007,2,19,85.0
2007-02-20,2007,2,20,83.0
2007-02-21,2007,2,21,87.0
2007-02-22,2007,2,22,88.0
2007-02-23,2007,2,23,90.0
2007-02-24,2007,2,24,86.0
2007-02-25,2007,2,25,86.0
2007-02-26,2007,2,26,86.0
2007-02-27,2007,2,27,83.0
2007-02-28,2007,2,28,86.0
2007-03-01,2007,3,1,87.0
2007-03-02,2007,3,2,86.0
2007-03-03,2007,3,3,86.0
2007-03-04,2007,3,4,88.0
2007-03-05,2007,3,5,88.0
2007-03-06,2007,3,6,89.0
2007-03-07,2007,3,7,87.0
2007-03-08,2007,3,8,90.0
2007-03-09,2007,3,9,88.0
2007-03-10,2007,3,10,89.0
2007-03-11,2007,3,11,91.0
2007-03-12,2007,3,12,91.0
2007-03-13,2007,3,13,91.0
2007-03-14,2007,3,14,87.0
2007-03-15,2007,3,15,91.0
2007-03-16,2007,3,16,88.0
2007-03-17,2007,3,17,86.0
2007-03-18,2007,3,18,85.0
2007-03-19,2007,3,19,94.0
2007-03-20,2007,3,20,88.0
2007-03-21,2007,3,21,86.0
2007-03-22,2007,3,22,91.0
2007-03-23,2007,3,23,85.0
2007-03-24,2007,3,24,89.0
2007-03-25,2007,3,25,86.0
2007-03-26,2007,3,26,78.0
2007-03-27,2007,3,27,86.0
2007-03-28,2007,3,28,85.0
2007-03-29,2007,3,29,92.0
2007-03-30,2007,3,30,92.0
2007-03-31,2007,3,31,94.0
2007-04-01,2007,4,1,91.0
2007-04-02,2007,4,2,92.0
2007-04-03,2007,4,3,90.0
2007-04-04,2007,4,4,86.0
2007-04-05,2007,4,5,84.0
2007-04-06,2007,4,6,89.0
2007-04-07,2007,4,7,88.0
2007-04-08,2007,4,8,89.0
2007-04-09,2007,4,9,90.0
2007-04-10,2007,4,10,89.0
2007-04-11,2007,4,11,91.0
2007-04-12,2007,4,12,94.0
2007-04-13,2007,4,13,92.0
2007-04-14,2007,4,14,89.0
2007-04-15,2007,4,15,91.0
2007-04-16,2007,4,16,92.0
2007-04-17,2007,4,17,86.0
2007-04-18,2007,4,18,89.0
2007-04-19,2007,4,19,89.0
2007-04-20,2007,4,20,88.0
2007-04-21,2007,4,21,90.0
2007-04-22,2007,4,22,88.0
2007-04-23,2007,4,23,89.0
2007-04-24,2007,4,24,86.0
2007-04-25,2007,4,25,91.0
2007-04-26,2007,4,26,86.0
2007-04-27,2007,4,27,92.0
2007-04-28,2007,4,28,91.0
2007-04-29,2007,4,29,88.0
2007-04-30,2007,4,30,92.0
2007-05-01,2007,5,1,88.0
2007-05-02,2007,5,2,87.0
2007-05-03,2007,5,3,88.0
2007-05-04,2007,5,4,85.0
2007-05-05,2007,5,5,84.0
2007-05-06,2007,5,6,86.0
2007-05-07,2007,5,7,86.0
2007-05-08,2007,5,8,88.0
2007-05-09,2007,5,9,94.0
2007-05-10,2007,5,10,91.0
2007-05-11,2007,5,11,84.0
2007-05-12,2007,5,12,84.0
2007-05-13,2007,5,13,86.0
2007-05-14,2007,5,14,91.0
2007-05-15,2007,5,15,91.0
2007-05-16,2007,5,16,90.0
2007-05-17,2007,5,17,86.0
2007-05-18,2007,5,18,84.0
2007-05-19,2007,5,19,86.0
2007-05-20,2007,5,20,88.0
2007-05-21,2007,5,21,94.0
2007-05-22,2007,5,22,88.0
2007-05-23,2007,5,23,90.0
2007-05-24,2007,5,24,90.0
2007-05-25,2007,5,25,90.0
2007-05-26,2007,5,26,88.0
2007-05-27,2007,5,27,83.0
2007-05-28,2007,5,28,86.0
2007-05-29,2007,5,29,88.0
2007-05-30,2007,5,30,84.0
2007-05-31,2007,5,31,91.0
2007-06-01,2007,6,1,91.0
2007-06-02,2007,6,2,89.0
2007-06-03,2007,6,3,93.0
2007-06-04,2007,6,4,92.0
2007-06-05,2007,6,5,87.0
2007-06-06,2007,6,6,89.0
2007-06-07,2007,6,7,83.0
2007-06-08,2007,6,8,93.0
2007-06-09,2007,6,9,88.0
2007-06-10,2007,6,10,92.0
2007-06-11,2007,6,11,83.0
2007-06-12,2007,6,12,90.0
2007-06-13,2007,6,13,91.0
2007-06-14,2007,6,14,90.0
2007-06-15,2007,6,15,91.0
2007-06-16,2007,6,16,90.0
2007-06-17,2007,6,17,85.0
2007-06-18,2007,6,18,85.0
2007-06-19,2007,6,19,90.0
2007-06-20,2007,6,20,90.0
2007-06-21,2007,6,21,94.0
2007-06-22,2007,6,22,84.0
2007-06-23,2007,6,23,86.0
2007-06-24,2007,6,24,91.0
2007-06-25,2007,6,25,89.0
2007-06-26,2007,6,26,82.0
2007-06-27,2007,6,27,85.0
2007-06-28,2007,6,28,77.0
2007-06-29,2007,6,29,78.0
2007-06-30,2007,6,30,86.0
2007-07-01,2007,7,1,84.0
2007-07-02,2007,7,2,86.0
2007-07-03,2007,7,3,81.0
2007-07-04,2007,7,4,85.0
2007-07-05,2007,7,5,82.0
2007-07-06,2007,7,6,77.0
2007-07-07,2007,7,7,90.0
2007-07-08,2007,7,8,73.0
2007-07-09,2007,7,9,80.0
2007-07-10,2007,7,10,79.0
2007-07-11,2007,7,11,68.0
2007-07-12,2007,7,12,79.0
2007-07-13,2007,7,13,84.0
2007-07-14,2007,7,14,78.0
2007-07-15,2007,7,15,80.0
2007-07-16,2007,7,16,85.0
2007-07-17,2007,7,17,87.0
2007-07-18,2007,7,18,90.0
2007-07-19,2007,7,19,92.0
2007-07-20,2007,7,20,90.0
2007-07-21,2007,7,21,90.0
2007-07-22,2007,7,22,88.0
2007-07-23,2007,7,23,95.0
2007-07-24,2007,7,24,85.0
2007-07-25,2007,7,25,84.0
2007-07-26,2007,7,26,88.0
2007-07-27,2007,7,27,90.0
2007-07-28,2007,7,28,91.0
2007-07-29,2007,7,29,89.0
2007-07-30,2007,7,30,83.0
2007-07-31,2007,7,31,80.0
2007-08-01,2007,8,1,84.0
2007-08-02,2007,8,2,86.0
2007-08-03,2007,8,3,84.0
2007-08-04,2007,8,4,84.0
2007-08-05,2007,8,5,81.0
2007-08-06,2007,8,6,82.0
2007-08-07,2007,8,7,84.0
2007-08-08,2007,8,8,83.0
2007-08-09,2007,8,9,78.0
2007-08-10,2007,8,10,74.0
2007-08-11,2007,8,11,74.0
2007-08-12,2007,8,12,88.0
2007-08-13,2007,8,13,84.0
2007-08-14,2007,8,14,82.0
2007-08-15,2007,8,15,86.0
2007-08-16,2007,8,16,78.0
2007-08-17,2007,8,17,78.0
2007-08-18,2007,8,18,83.0
2007-08-19,2007,8,19,89.0
2007-08-20,2007,8,20,78.0
2007-08-21,2007,8,21,86.0
2007-08-22,2007,8,22,81.0
2007-08-23,2007,8,23,85.0
2007-08-24,2007,8,24,86.0
2007-08-25,2007,8,25,86.0
2007-08-26,2007,8,26,92.0
2007-08-27,2007,8,27,85.0
2007-08-28,2007,8,28,84.0
2007-08-29,2007,8,29,87.0
2007-08-30,2007,8,30,86.0
2007-08-31,2007,8,31,87.0
2007-09-01,2007,9,1,91.0
2007-09-02,2007,9,2,90.0
2007-09-03,2007,9,3,82.0
2007-09-04,2007,9,4,86.0
2007-09-05,2007,9,5,83.0
2007-09-06,2007,9,6,92.0
2007-09-07,2007,9,7,89.0
2007-09-08,2007,9,8,87.0
2007-09-09,2007,9,9,86.0
2007-09-10,2007,9,10,89.0
2007-09-11,2007,9,11,80.0
2007-09-12,2007,9,12,78.0
2007-09-13,2007,9,13,80.0
2007-09-14,2007,9,14,86.0
2007-09-15,2007,9,15,90.0
2007-09-16,2007,9,16,82.0
2007-09-17,2007,9,17,80.0
2007-09-18,2007,9,18,79.0
2007-09-19,2007,9,19,86.0
2007-09-20,2007,9,20,84.0
2007-09-21,2007,9,21,83.0
2007-09-22,2007,9,22,84.0
2007-09-23,2007,9,23,88.0
2007-09-24,2007,9,24,84.0
2007-09-25,2007,9,25,83.0
2007-09-26,2007,9,26,82.0
2007-09-27,2007,9,27,84.0
2007-09-28,2007,9,28,86.0
2007-09-29,2007,9,29,78.0
2007-09-30,2007,9,30,87.0
2007-10-01,2007,10,1,78.0
2007-10-02,2007,10,2,84.0
2007-10-03,2007,10,3,82.0
2007-10-04,2007,10,4,81.0
2007-10-05,2007,10,5,86.0
2007-10-06,2007,10,6,84.0
2007-10-07,2007,10,7,83.0
2007-10-08,2007,10,8,80.0
2007-10-09,2007,10,9,82.0
2007-10-10,2007,10,10,88.0
2007-10-11,2007,10,11,90.0
2007-10-12,2007,10,12,92.0
2007-10-13,2007,10,13,87.0
2007-10-14,2007,10,14,94.0
2007-10-15,2007,10,15,93.0
2007-10-16,2007,10,16,84.0
2007-10-17,2007,10,17,92.0
2007-10-18,2007,10,18,92.0
2007-10-19,2007,10,19,92.0
2007-10-20,2007,10,20,92.0
2007-10-21,2007,10,21,91.0
2007-10-22,2007,10,22,90.0
2007-10-23,2007,10,23,91.0
2007-10-24,2007,10,24,91.0
2007-10-25,2007,10,25,94.0
2007-10-26,2007,10,26,86.0
2007-10-27,2007,10,27,94.0
2007-10-28,2007,10,28,88.0
2007-10-29,2007,10,29,84.0
2007-10-30,2007,10,30,90.0
2007-10-31,2007,10,31,88.0
2007-11-01,2007,11,1,92.0
2007-11-02,2007,11,2,88.0
2007-11-03,2007,11,3,93.0
2007-11-04,2007,11,4,90.0
2007-11-05,2007,11,5,89.0
2007-11-06,2007,11,6,91.0
2007-11-07,2007,11,7,89.0
2007-11-08,2007,11,8,93.0
2007-11-09,2007,11,9,90.0
2007-11-10,2007,11,10,93.0
2007-11-11,2007,11,11,90.0
2007-11-12,2007,11,12,88.0
2007-11-13,2007,11,13,88.0
2007-11-14,2007,11,14,88.0
2007-11-15,2007,11,15,89.0
2007-11-16,2007,11,16,92.0
2007-11-17,2007,11,17,91.0
2007-11-18,2007,11,18,91.0
2007-11-19,2007,11,19,90.0
2007-11-20,2007,11,20,88.0
2007-11-21,2007,11,21,89.0
2007-11-22,2007,11,22,86.0
2007-11-23,2007,11,23,86.0
2007-11-24,2007,11,24,86.0
2007-11-25,2007,11,25,88.0
2007-11-26,2007,11,26,91.0
2007-11-27,2007,11,27,89.0
2007-11-28,2007,11,28,93.0
2007-11-29,2007,11,29,86.0
2007-11-30,2007,11,30,87.0
2007-12-01,2007,12,1,89.0
2007-12-02,2007,12,2,88.0
2007-12-03,2007,12,3,88.0
2007-12-04,2007,12,4,86.0
2007-12-05,2007,12,5,90.0
2007-12-06,2007,12,6,94.0
2007-12-07,2007,12,7,89.0
2007-12-08,2007,12,8,89.0
2007-12-09,2007,12,9,94.0
2007-12-10,2007,12,10,88.0
2007-12-11,2007,12,11,86.0
2007-12-12,2007,12,12,86.0
2007-12-13,2007,12,13,94.0
2007-12-14,2007,12,14,88.0
2007-12-15,2007,12,15,91.0
2007-12-16,2007,12,16,88.0
2007-12-17,2007,12,17,83.0
2007-12-18,2007,12,18,86.0
2007-12-19,2007,12,19,91.0
2007-12-20,2007,12,20,91.0
2007-12-21,2007,12,21,88.0
2007-12-22,2007,12,22,87.0
2007-12-23,2007,12,23,86.0
2007-12-24,2007,12,24,88.0
2007-12-25,2007,12,25,88.0
2007-12-26,2007,12,26,89.0
2007-12-27,2007,12,27,87.0
2007-12-28,2007,12,28,84.0
2007-12-29,2007,12,29,84.0
2007-12-30,2007,12,30,82.0
2007-12-31,2007,12,31,86.0
2008-01-01,2008,1,1,84.0
2008-01-02,2008,1,2,88.0
2008-01-03,2008,1,3,88.0
2008-01-04,2008,1,4,85.0
2008-01-05,2008,1,5,87.0
2008-01-06,2008,1,6,92.0
2008-01-07,2008,1,7,91.0
2008-01-08,2008,1,8,91.0
2008-01-09,2008,1,9,92.0
2008-01-10,2008,1,10,90.0
2008-01-11,2008,1,11,92.0
2008-01-12,2008,1,12,87.0
2008-01-13,2008,1,13,94.0
2008-01-14,2008,1,14,89.0
2008-01-15,2008,1,15,86.0
2008-01-16,2008,1,16,87.0
2008-01-17,2008,1,17,92.0
2008-01-18,2008,1,18,91.0
2008-01-19,2008,1,19,84.0
2008-01-20,2008,1,20,93.0
2008-01-21,2008,1,21,90.0
2008-01-22,2008,1,22,89.0
2008-01-23,2008,1,23,90.0
2008-01-24,2008,1,24,87.0
2008-01-25,2008,1,25,85.0
2008-01-26,2008,1,26,88.0
2008-01-27,2008,1,27,92.0
2008-01-28,2008,1,28,92.0
2008-01-29,2008,1,29,92.0
2008-01-30,2008,1,30,88.0
2008-01-31,2008,1,31,93.0
2008-02-01,2008,2,1,89.0
2008-02-02,2008,2,2,91.0
2008-02-03,2008,2,3,88.0
2008-02-04,2008,2,4,90.0
2008-02-05,2008,2,5,89.0
2008-02-06,2008,2,6,86.0
2008-02-07,2008,2,7,90.0
2008-02-08,2008,2,8,86.0
2008-02-09,2008,2,9,88.0
2008-02-10,2008,2,10,85.0
2008-02-11,2008,2,11,83.0
2008-02-12,2008,2,12,82.0
2008-02-13,2008,2,13,86.0
2008-02-14,2008,2,14,84.0
2008-02-15,2008,2,15,84.0
2008-02-16,2008,2,16,86.0
2008-02-17,2008,2,17,85.0
2008-02-18,2008,2,18,85.0
2008-02-19,2008,2,19,86.0
2008-02-20,2008,2,20,84.0
2008-02-21,2008,2,21,85.0
2008-02-22,2008,2,22,82.0
2008-02-23,2008,2,23,89.0
2008-02-24,2008,2,24,92.0
2008-02-25,2008,2,25,86.0
2008-02-26,2008,2,26,86.0
2008-02-27,2008,2,27,84.0
2008-02-28,2008,2,28,87.0
2008-02-29,2008,2,29,89.0
2008-03-01,2008,3,1,92.0
2008-03-02,2008,3,2,87.0
2008-03-03,2008,3,3,93.0
2008-03-04,2008,3,4,78.0
2008-03-05,2008,3,5,86.0
2008-03-06,2008,3,6,84.0
2008-03-07,2008,3,7,84.0
2008-03-08,2008,3,8,91.0
2008-03-09,2008,3,9,91.0
2008-03-10,2008,3,10,92.0
2008-03-11,2008,3,11,90.0
2008-03-12,2008,3,12,90.0
2008-03-13,2008,3,13,88.0
2008-03-14,2008,3,14,92.0
2008-03-15,2008,3,15,86.0
2008-03-16,2008,3,16,87.0
2008-03-17,2008,3,17,88.0
2008-03-18,2008,3,18,91.0
2008-03-19,2008,3,19,89.0
2008-03-20,2008,3,20,85.0
2008-03-21,2008,3,21,87.0
2008-03-22,2008,3,22,94.0
2008-03-23,2008,3,23,88.0
2008-03-24,2008,3,24,84.0
2008-03-25,2008,3,25,88.0
2008-03-26,2008,3,26,90.0
2008-03-27,2008,3,27,89.0
2008-03-28,2008,3,28,85.0
2008-03-29,2008,3,29,89.0
2008-03-30,2008,3,30,88.0
2008-03-31,2008,3,31,82.0
2008-04-01,2008,4,1,86.0
2008-04-02,2008,4,2,90.0
2008-04-03,2008,4,3,91.0
2008-04-04,2008,4,4,89.0
2008-04-05,2008,4,5,91.0
2008-04-06,2008,4,6,93.0
2008-04-07,2008,4,7,90.0
2008-04-08,2008,4,8,85.0
2008-04-09,2008,4,9,88.0
2008-04-10,2008,4,10,94.0
2008-04-11,2008,4,11,92.0
2008-04-12,2008,4,12,92.0
2008-04-13,2008,4,13,90.0
2008-04-14,2008,4,14,90.0
2008-04-15,2008,4,15,89.0
2008-04-16,2008,4,16,92.0
2008-04-17,2008,4,17,90.0
2008-04-18,2008,4,18,91.0
2008-04-19,2008,4,19,91.0
2008-04-20,2008,4,20,89.0
2008-04-21,2008,4,21,92.0
2008-04-22,2008,4,22,93.0
2008-04-23,2008,4,23,91.0
2008-04-24,2008,4,24,92.0
2008-04-25,2008,4,25,91.0
2008-04-26,2008,4,26,90.0
2008-04-27,2008,4,27,90.0
2008-04-28,2008,4,28,92.0
2008-04-29,2008,4,29,90.0
2008-04-30,2008,4,30,87.0
2008-05-01,2008,5,1,86.0
2008-05-02,2008,5,2,84.0
2008-05-03,2008,5,3,88.0
2008-05-04,2008,5,4,87.0
2008-05-05,2008,5,5,86.0
2008-05-06,2008,5,6,90.0
2008-05-07,2008,5,7,91.0
2008-05-08,2008,5,8,90.0
2008-05-09,2008,5,9,90.0
2008-05-10,2008,5,10,90.0
2008-05-11,2008,5,11,88.0
2008-05-12,2008,5,12,84.0
2008-05-13,2008,5,13,75.0
2008-05-14,2008,5,14,78.0
2008-05-15,2008,5,15,83.0
2008-05-16,2008,5,16,87.0
2008-05-17,2008,5,17,87.0
2008-05-18,2008,5,18,85.0
2008-05-19,2008,5,19,82.0
2008-05-20,2008,5,20,83.0
2008-05-21,2008,5,21,86.0
2008-05-22,2008,5,22,92.0
2008-05-23,2008,5,23,92.0
2008-05-24,2008,5,24,93.0
2008-05-25,2008,5,25,91.0
2008-05-26,2008,5,26,92.0
2008-05-27,2008,5,27,88.0
2008-05-28,2008,5,28,88.0
2008-05-29,2008,5,29,92.0
2008-05-30,2008,5,30,91.0
2008-05-31,2008,5,31,88.0
2008-06-01,2008,6,1,90.0
2008-06-02,2008,6,2,88.0
2008-06-03,2008,6,3,88.0
2008-06-04,2008,6,4,90.0
2008-06-05,2008,6,5,87.0
2008-06-06,2008,6,6,89.0
2008-06-07,2008,6,7,90.0
2008-06-08,2008,6,8,82.0
2008-06-09,2008,6,9,90.0
2008-06-10,2008,6,10,85.0
2008-06-11,2008,6,11,85.0
2008-06-12,2008,6,12,84.0
2008-06-13,2008,6,13,88.0
2008-06-14,2008,6,14,75.0
2008-06-15,2008,6,15,81.0
2008-06-16,2008,6,16,88.0
2008-06-17,2008,6,17,86.0
2008-06-18,2008,6,18,85.0
2008-06-19,2008,6,19,89.0
2008-06-20,2008,6,20,87.0
2008-06-21,2008,6,21,86.0
2008-06-22,2008,6,22,83.0
2008-06-23,2008,6,23,82.0
2008-06-24,2008,6,24,84.0
2008-06-25,2008,6,25,84.0
2008-06-26,2008,6,26,82.0
2008-06-27,2008,6,27,88.0
2008-06-28,2008,6,28,86.0
2008-06-29,2008,6,29,84.0
2008-06-30,2008,6,30,83.0
2008-07-01,2008,7,1,86.0
2008-07-02,2008,7,2,85.0
2008-07-03,2008,7,3,89.0
2008-07-04,2008,7,4,88.0
2008-07-05,2008,7,5,84.0
2008-07-06,2008,7,6,86.0
2008-07-07,2008,7,7,89.0
2008-07-08,2008,7,8,84.0
2008-07-09,2008,7,9,94.0
2008-07-10,2008,7,10,87.0
2008-07-11,2008,7,11,85.0
2008-07-12,2008,7,12,87.0
2008-07-13,2008,7,13,90.0
2008-07-14,2008,7,14,93.0
2008-07-15,2008,7,15,90.0
2008-07-16,2008,7,16,92.0
2008-07-17,2008,7,17,90.0
2008-07-18,2008,7,18,87.0
2008-07-19,2008,7,19,90.0
2008-07-20,2008,7,20,89.0
2008-07-21,2008,7,21,89.0
2008-07-22,2008,7,22,83.0
2008-07-23,2008,7,23,82.0
2008-07-24,2008,7,24,89.0
2008-07-25,2008,7,25,82.0
2008-07-26,2008,7,26,86.0
2008-07-27,2008,7,27,82.0
2008-07-28,2008,7,28,82.0
2008-07-29,2008,7,29,76.0
2008-07-30,2008,7,30,73.0
2008-07-31,2008,7,31,76.0
2008-08-01,2008,8,1,73.0
2008-08-02,2008,8,2,76.0
2008-08-03,2008,8,3,78.0
2008-08-04,2008,8,4,77.0
2008-08-05,2008,8,5,79.0
2008-08-06,2008,8,6,74.0
2008-08-07,2008,8,7,75.0
2008-08-08,2008,8,8,74.0
2008-08-09,2008,8,9,70.0
2008-08-10,2008,8,10,70.0
2008-08-11,2008,8,11,72.0
2008-08-12,2008,8,12,71.0
2008-08-13,2008,8,13,73.0
2008-08-14,2008,8,14,74.0
2008-08-15,2008,8,15,73.0
2008-08-16,2008,8,16,77.0
2008-08-17,2008,8,17,79.0
2008-08-18,2008,8,18,81.0
2008-08-19,2008,8,19,85.0
2008-08-20,2008,8,20,93.0
2008-08-21,2008,8,21,84.0
2008-08-22,2008,8,22,81.0
2008-08-23,2008,8,23,84.0
2008-08-24,2008,8,24,90.0
2008-08-25,2008,8,25,86.0
2008-08-26,2008,8,26,83.0
2008-08-27,2008,8,27,83.0
2008-08-28,2008,8,28,83.0
2008-08-29,2008,8,29,88.0
2008-08-30,2008,8,30,80.0
2008-08-31,2008,8,31,84.5
2008-09-01,2008,9,1,89.0
2008-09-02,2008,9,2,88.0
2008-09-03,2008,9,3,85.0
2008-09-04,2008,9,4,86.0
2008-09-05,2008,9,5,86.0
2008-09-06,2008,9,6,91.0
2008-09-07,2008,9,7,74.0
2008-09-08,2008,9,8,76.0
2008-09-09,2008,9,9,78.0
2008-09-10,2008,9,10,74.0
2008-09-11,2008,9,11,57.0
2008-09-12,2008,9,12,62.0
2008-09-13,2008,9,13,76.0
2008-09-14,2008,9,14,70.0
2008-09-15,2008,9,15,70.0
2008-09-16,2008,9,16,68.0
2008-09-17,2008,9,17,73.0
2008-09-18,2008,9,18,75.0
2008-09-19,2008,9,19,81.0
2008-09-20,2008,9,20,82.0
2008-09-21,2008,9,21,78.0
2008-09-22,2008,9,22,88.0
2008-09-23,2008,9,23,76.0
2008-09-24,2008,9,24,74.0
2008-09-25,2008,9,25,73.0
2008-09-26,2008,9,26,68.0
2008-09-27,2008,9,27,68.0
2008-09-28,2008,9,28,74.0
2008-09-29,2008,9,29,86.0
2008-09-30,2008,9,30,89.0
2008-10-01,2008,10,1,74.0
2008-10-02,2008,10,2,84.0
2008-10-03,2008,10,3,87.0
2008-10-04,2008,10,4,86.0
2008-10-05,2008,10,5,88.0
2008-10-06,2008,10,6,86.0
2008-10-07,2008,10,7,84.0
2008-10-08,2008,10,8,80.0
2008-10-09,2008,10,9,88.0
2008-10-10,2008,10,10,87.0
2008-10-11,2008,10,11,87.0
2008-10-12,2008,10,12,84.0
2008-10-13,2008,10,13,82.0
2008-10-14,2008,10,14,82.0
2008-10-15,2008,10,15,90.0
2008-10-16,2008,10,16,81.0
2008-10-17,2008,10,17,88.0
2008-10-18,2008,10,18,86.0
2008-10-19,2008,10,19,86.0
2008-10-20,2008,10,20,82.0
2008-10-21,2008,10,21,82.0
2008-10-22,2008,10,22,81.0
2008-10-23,2008,10,23,74.0
2008-10-24,2008,10,24,85.0
2008-10-25,2008,10,25,80.0
2008-10-26,2008,10,26,75.0
2008-10-27,2008,10,27,72.0
2008-10-28,2008,10,28,70.0
2008-10-29,2008,10,29,74.0
2008-10-30,2008,10,30,84.0
2008-10-31,2008,10,31,76.0
2008-11-01,2008,11,1,80.0
2008-11-02,2008,11,2,75.0
2008-11-03,2008,11,3,76.0
2008-11-04,2008,11,4,86.0
2008-11-05,2008,11,5,84.0
2008-11-06,2008,11,6,80.0
2008-11-07,2008,11,7,79.0
2008-11-08,2008,11,8,84.0
2008-11-09,2008,11,9,90.0
2008-11-10,2008,11,10,82.0
2008-11-11,2008,11,11,86.0
2008-11-12,2008,11,12,84.0
2008-11-13,2008,11,13,84.0
2008-11-14,2008,11,14,88.0
2008-11-15,2008,11,15,78.0
2008-11-16,2008,11,16,88.0
2008-11-17,2008,11,17,82.0
2008-11-18,2008,11,18,84.0
2008-11-19,2008,11,19,85.0
2008-11-20,2008,11,20,90.0
2008-11-21,2008,11,21,86.0
2008-11-22,2008,11,22,90.0
2008-11-23,2008,11,23,93.0
2008-11-24,2008,11,24,90.0
2008-11-25,2008,11,25,91.0
2008-11-26,2008,11,26,91.0
2008-11-27,2008,11,27,91.0
2008-11-28,2008,11,28,93.0
2008-11-29,2008,11,29,92.0
2008-11-30,2008,11,30,95.0
2008-12-01,2008,12,1,92.0
2008-12-02,2008,12,2,93.0
2008-12-03,2008,12,3,90.0
2008-12-04,2008,12,4,88.0
2008-12-05,2008,12,5,85.0
2008-12-06,2008,12,6,85.0
2008-12-07,2008,12,7,92.0
2008-12-08,2008,12,8,89.0
2008-12-09,2008,12,9,82.0
2008-12-10,2008,12,10,78.0
2008-12-11,2008,12,11,80.0
2008-12-12,2008,12,12,82.0
2008-12-13,2008,12,13,94.0
2008-12-14,2008,12,14,85.0
2008-12-15,2008,12,15,80.0
2008-12-16,2008,12,16,83.0
2008-12-17,2008,12,17,85.0
2008-12-18,2008,12,18,86.0
2008-12-19,2008,12,19,81.0
2008-12-20,2008,12,20,78.0
2008-12-21,2008,12,21,81.0
2008-12-22,2008,12,22,79.0
2008-12-23,2008,12,23,88.0
2008-12-24,2008,12,24,90.0
2008-12-25,2008,12,25,90.0
2008-12-26,2008,12,26,83.0
2008-12-27,2008,12,27,87.0
2008-12-28,2008,12,28,94.0
2008-12-29,2008,12,29,88.0
2008-12-30,2008,12,30,92.0
2008-12-31,2008,12,31,92.0
2009-01-01,2009,1,1,91.0
2009-01-02,2009,1,2,91.0
2009-01-03,2009,1,3,94.0
2009-01-04,2009,1,4,87.0
2009-01-05,2009,1,5,95.0
2009-01-06,2009,1,6,84.0
2009-01-07,2009,1,7,88.0
2009-01-08,2009,1,8,85.0
2009-01-09,2009,1,9,84.0
2009-01-10,2009,1,10,86.0
2009-01-11,2009,1,11,86.0
2009-01-12,2009,1,12,90.0
2009-01-13,2009,1,13,89.0
2009-01-14,2009,1,14,89.0
2009-01-15,2009,1,15,94.0
2009-01-16,2009,1,16,84.0
2009-01-17,2009,1,17,86.0
2009-01-18,2009,1,18,88.0
2009-01-19,2009,1,19,89.0
2009-01-20,2009,1,20,86.0
2009-01-21,2009,1,21,88.0
2009-01-22,2009,1,22,87.0
2009-01-23,2009,1,23,82.0
2009-01-24,2009,1,24,92.0
2009-01-25,2009,1,25,86.0
2009-01-26,2009,1,26,87.0
2009-01-27,2009,1,27,84.0
2009-01-28,2009,1,28,84.0
2009-01-29,2009,1,29,90.0
2009-01-30,2009,1,30,88.0
2009-01-31,2009,1,31,91.0
2009-02-01,2009,2,1,85.0
2009-02-02,2009,2,2,83.0
2009-02-03,2009,2,3,84.0
2009-02-04,2009,2,4,80.0
2009-02-05,2009,2,5,86.0
2009-02-06,2009,2,6,88.0
2009-02-07,2009,2,7,88.0
2009-02-08,2009,2,8,86.0
2009-02-09,2009,2,9,83.0
2009-02-10,2009,2,10,83.0
2009-02-11,2009,2,11,82.0
2009-02-12,2009,2,12,77.0
2009-02-13,2009,2,13,82.0
2009-02-14,2009,2,14,82.0
2009-02-15,2009,2,15,84.0
2009-02-16,2009,2,16,85.0
2009-02-17,2009,2,17,77.0
2009-02-18,2009,2,18,83.0
2009-02-19,2009,2,19,81.0
2009-02-20,2009,2,20,82.0
2009-02-21,2009,2,21,84.0
2009-02-22,2009,2,22,88.0
2009-02-23,2009,2,23,82.0
2009-02-24,2009,2,24,80.0
2009-02-25,2009,2,25,83.0
2009-02-26,2009,2,26,82.0
2009-02-27,2009,2,27,89.0
2009-02-28,2009,2,28,81.0
2009-03-01,2009,3,1,80.0
2009-03-02,2009,3,2,88.0
2009-03-03,2009,3,3,89.0
2009-03-04,2009,3,4,90.0
2009-03-05,2009,3,5,88.0
2009-03-06,2009,3,6,85.0
2009-03-07,2009,3,7,85.0
2009-03-08,2009,3,8,86.0
2009-03-09,2009,3,9,85.0
2009-03-10,2009,3,10,84.0
2009-03-11,2009,3,11,90.0
2009-03-12,2009,3,12,83.0
2009-03-13,2009,3,13,84.0
2009-03-14,2009,3,14,83.0
2009-03-15,2009,3,15,81.0
2009-03-16,2009,3,16,88.0
2009-03-17,2009,3,17,87.0
2009-03-18,2009,3,18,91.0
2009-03-19,2009,3,19,89.0
2009-03-20,2009,3,20,89.0
2009-03-21,2009,3,21,91.0
2009-03-22,2009,3,22,91.0
2009-03-23,2009,3,23,89.0
2009-03-24,2009,3,24,90.0
2009-03-25,2009,3,25,88.0
2009-03-26,2009,3,26,85.0
2009-03-27,2009,3,27,86.0
2009-03-28,2009,3,28,91.0
2009-03-29,2009,3,29,87.0
2009-03-30,2009,3,30,90.0
2009-03-31,2009,3,31,83.0
2009-04-01,2009,4,1,80.0
2009-04-02,2009,4,2,86.0
2009-04-03,2009,4,3,90.0
2009-04-04,2009,4,4,89.0
2009-04-05,2009,4,5,88.0
2009-04-06,2009,4,6,90.0
2009-04-07,2009,4,7,90.0
2009-04-08,2009,4,8,93.0
2009-04-09,2009,4,9,92.0
2009-04-10,2009,4,10,90.0
2009-04-11,2009,4,11,86.0
2009-04-12,2009,4,12,87.0
2009-04-13,2009,4,13,88.0
2009-04-14,2009,4,14,88.0
2009-04-15,2009,4,15,88.0
2009-04-16,2009,4,16,86.0
2009-04-17,2009,4,17,86.0
2009-04-18,2009,4,18,88.0
2009-04-19,2009,4,19,86.0
2009-04-20,2009,4,20,86.0
2009-04-21,2009,4,21,86.0
2009-04-22,2009,4,22,84.0
2009-04-23,2009,4,23,83.0
2009-04-24,2009,4,24,86.0
2009-04-25,2009,4,25,84.0
2009-04-26,2009,4,26,82.0
2009-04-27,2009,4,27,86.0
2009-04-28,2009,4,28,86.0
2009-04-29,2009,4,29,86.0
2009-04-30,2009,4,30,90.0
2009-05-01,2009,5,1,90.0
2009-05-02,2009,5,2,91.0
2009-05-03,2009,5,3,91.0
2009-05-04,2009,5,4,92.0
2009-05-05,2009,5,5,83.0
2009-05-06,2009,5,6,86.0
2009-05-07,2009,5,7,82.0
2009-05-08,2009,5,8,79.0
2009-05-09,2009,5,9,89.0
2009-05-10,2009,5,10,86.0
2009-05-11,2009,5,11,86.0
2009-05-12,2009,5,12,88.0
2009-05-13,2009,5,13,88.0
2009-05-14,2009,5,14,90.0
2009-05-15,2009,5,15,90.0
2009-05-16,2009,5,16,90.0
2009-05-17,2009,5,17,86.0
2009-05-18,2009,5,18,86.0
2009-05-19,2009,5,19,82.0
2009-05-20,2009,5,20,86.0
2009-05-21,2009,5,21,81.0
2009-05-22,2009,5,22,80.0
2009-05-23,2009,5,23,85.0
2009-05-24,2009,5,24,80.0
2009-05-25,2009,5,25,80.0
2009-05-26,2009,5,26,87.0
2009-05-27,2009,5,27,88.0
2009-05-28,2009,5,28,89.0
2009-05-29,2009,5,29,79.0
2009-05-30,2009,5,30,80.0
2009-05-31,2009,5,31,85.0
2009-06-01,2009,6,1,81.0
2009-06-02,2009,6,2,83.0
2009-06-03,2009,6,3,77.0
2009-06-04,2009,6,4,70.0
2009-06-05,2009,6,5,72.0
2009-06-06,2009,6,6,62.0
2009-06-07,2009,6,7,78.0
2009-06-08,2009,6,8,79.0
2009-06-09,2009,6,9,74.0
2009-06-10,2009,6,10,80.0
2009-06-11,2009,6,11,85.0
2009-06-12,2009,6,12,83.0
2009-06-13,2009,6,13,84.0
2009-06-14,2009,6,14,80.0
2009-06-15,2009,6,15,73.0
2009-06-16,2009,6,16,66.0
2009-06-17,2009,6,17,68.0
2009-06-18,2009,6,18,76.0
2009-06-19,2009,6,19,79.0
2009-06-20,2009,6,20,84.0
2009-06-21,2009,6,21,82.0
2009-06-22,2009,6,22,81.0
2009-06-23,2009,6,23,86.0
2009-06-24,2009,6,24,76.0
2009-06-25,2009,6,25,77.0
2009-06-26,2009,6,26,80.0
2009-06-27,2009,6,27,87.0
2009-06-28,2009,6,28,85.0
2009-06-29,2009,6,29,75.0
2009-06-30,2009,6,30,80.0
2009-07-01,2009,7,1,84.0
2009-07-02,2009,7,2,80.0
2009-07-03,2009,7,3,82.0
2009-07-04,2009,7,4,75.0
2009-07-05,2009,7,5,80.0
2009-07-06,2009,7,6,77.0
2009-07-07,2009,7,7,79.0
2009-07-08,2009,7,8,78.0
2009-07-09,2009,7,9,78.0
2009-07-10,2009,7,10,82.0
2009-07-11,2009,7,11,82.0
2009-07-12,2009,7,12,79.0
2009-07-13,2009,7,13,78.0
2009-07-14,2009,7,14,73.0
2009-07-15,2009,7,15,71.0
2009-07-16,2009,7,16,74.0
2009-07-17,2009,7,17,76.0
2009-07-18,2009,7,18,74.0
2009-07-19,2009,7,19,80.0
2009-07-20,2009,7,20,74.0
2009-07-21,2009,7,21,92.0
2009-07-22,2009,7,22,82.0
2009-07-23,2009,7,23,83.0
2009-07-24,2009,7,24,78.0
2009-07-25,2009,7,25,87.0
2009-07-26,2009,7,26,73.0
2009-07-27,2009,7,27,81.0
2009-07-28,2009,7,28,90.0
2009-07-29,2009,7,29,86.0
2009-07-30,2009,7,30,75.0
2009-07-31,2009,7,31,79.0
2009-08-01,2009,8,1,78.0
2009-08-02,2009,8,2,71.0
2009-08-03,2009,8,3,69.0
2009-08-04,2009,8,4,64.0
2009-08-05,2009,8,5,62.0
2009-08-06,2009,8,6,74.0
2009-08-07,2009,8,7,79.0
2009-08-08,2009,8,8,74.0
2009-08-09,2009,8,9,75.0
2009-08-10,2009,8,10,64.0
2009-08-11,2009,8,11,72.0
2009-08-12,2009,8,12,84.0
2009-08-13,2009,8,13,83.0
2009-08-14,2009,8,14,92.0
2009-08-15,2009,8,15,84.0
2009-08-16,2009,8,16,86.0
2009-08-17,2009,8,17,82.0
2009-08-18,2009,8,18,85.0
2009-08-19,2009,8,19,88.0
2009-08-20,2009,8,20,84.0
2009-08-21,2009,8,21,83.0
2009-08-22,2009,8,22,77.0
2009-08-23,2009,8,23,84.0
2009-08-24,2009,8,24,86.0
2009-08-25,2009,8,25,79.0
2009-08-26,2009,8,26,81.0
2009-08-27,2009,8,27,90.0
2009-08-28,2009,8,28,88.0
2009-08-29,2009,8,29,85.0
2009-08-30,2009,8,30,82.0
2009-08-31,2009,8,31,78.0
2009-09-01,2009,9,1,81.0
2009-09-02,2009,9,2,80.0
2009-09-03,2009,9,3,80.0
2009-09-04,2009,9,4,76.0
2009-09-05,2009,9,5,77.0
2009-09-06,2009,9,6,77.0
2009-09-07,2009,9,7,74.0
2009-09-08,2009,9,8,78.0
2009-09-09,2009,9,9,80.0
2009-09-10,2009,9,10,74.0
2009-09-11,2009,9,11,79.0
2009-09-12,2009,9,12,79.0
2009-09-13,2009,9,13,81.0
2009-09-14,2009,9,14,92.0
2009-09-15,2009,9,15,91.0
2009-09-16,2009,9,16,79.0
2009-09-17,2009,9,17,82.0
2009-09-18,2009,9,18,90.0
2009-09-19,2009,9,19,87.0
2009-09-20,2009,9,20,78.0
2009-09-21,2009,9,21,80.0
2009-09-22,2009,9,22,76.0
2009-09-23,2009,9,23,77.0
2009-09-24,2009,9,24,76.0
2009-09-25,2009,9,25,74.0
2009-09-26,2009,9,26,74.0
2009-09-27,2009,9,27,65.0
2009-09-28,2009,9,28,71.0
2009-09-29,2009,9,29,79.0
2009-09-30,2009,9,30,66.0
2009-10-01,2009,10,1,76.0
2009-10-02,2009,10,2,74.0
2009-10-03,2009,10,3,77.0
2009-10-04,2009,10,4,66.0
2009-10-05,2009,10,5,70.0
2009-10-06,2009,10,6,71.0
2009-10-07,2009,10,7,76.0
2009-10-08,2009,10,8,74.0
2009-10-09,2009,10,9,76.0
2009-10-10,2009,10,10,75.0
2009-10-11,2009,10,11,80.0
2009-10-12,2009,10,12,78.0
2009-10-13,2009,10,13,82.0
2009-10-14,2009,10,14,86.0
2009-10-15,2009,10,15,88.0
2009-10-16,2009,10,16,86.0
2009-10-17,2009,10,17,83.0
2009-10-18,2009,10,18,87.0
2009-10-19,2009,10,19,85.0
2009-10-20,2009,10,20,93.0
2009-10-21,2009,10,21,82.0
2009-10-22,2009,10,22,85.0
2009-10-23,2009,10,23,85.0
2009-10-24,2009,10,24,86.0
2009-10-25,2009,10,25,89.0
2009-10-26,2009,10,26,81.0
2009-10-27,2009,10,27,89.0
2009-10-28,2009,10,28,89.0
2009-10-29,2009,10,29,86.0
2009-10-30,2009,10,30,89.0
2009-10-31,2009,10,31,77.0
2009-11-01,2009,11,1,88.0
2009-11-02,2009,11,2,87.0
2009-11-03,2009,11,3,77.0
2009-11-04,2009,11,4,82.0
2009-11-05,2009,11,5,87.0
2009-11-06,2009,11,6,88.0
2009-11-07,2009,11,7,85.0
2009-11-08,2009,11,8,89.0
2009-11-09,2009,11,9,87.0
2009-11-10,2009,11,10,92.0
2009-11-11,2009,11,11,88.0
2009-11-12,2009,11,12,85.0
2009-11-13,2009,11,13,87.0
2009-11-14,2009,11,14,94.0
2009-11-15,2009,11,15,94.0
2009-11-16,2009,11,16,83.0
2009-11-17,2009,11,17,86.0
2009-11-18,2009,11,18,94.0
2009-11-19,2009,11,19,92.0
2009-11-20,2009,11,20,91.0
2009-11-21,2009,11,21,90.0
2009-11-22,2009,11,22,94.0
2009-11-23,2009,11,23,95.0
2009-11-24,2009,11,24,94.0
2009-11-25,2009,11,25,90.0
2009-11-26,2009,11,26,95.0
2009-11-27,2009,11,27,85.0
2009-11-28,2009,11,28,88.0
2009-11-29,2009,11,29,85.0
2009-11-30,2009,11,30,82.0
2009-12-01,2009,12,1,85.0
2009-12-02,2009,12,2,94.0
2009-12-03,2009,12,3,94.0
2009-12-04,2009,12,4,87.0
2009-12-05,2009,12,5,89.0
2009-12-06,2009,12,6,88.0
2009-12-07,2009,12,7,88.0
2009-12-08,2009,12,8,88.0
2009-12-09,2009,12,9,80.0
2009-12-10,2009,12,10,81.0
2009-12-11,2009,12,11,84.0
2009-12-12,2009,12,12,83.0
2009-12-13,2009,12,13,90.0
2009-12-14,2009,12,14,85.0
2009-12-15,2009,12,15,80.0
2009-12-16,2009,12,16,79.0
2009-12-17,2009,12,17,83.0
2009-12-18,2009,12,18,83.0
2009-12-19,2009,12,19,83.0
2009-12-20,2009,12,20,90.0
2009-12-21,2009,12,21,84.0
2009-12-22,2009,12,22,79.0
2009-12-23,2009,12,23,83.0
2009-12-24,2009,12,24,90.0
2009-12-25,2009,12,25,88.0
2009-12-26,2009,12,26,90.0
2009-12-27,2009,12,27,87.0
2009-12-28,2009,12,28,92.0
2009-12-29,2009,12,29,84.0
2009-12-30,2009,12,30,86.0
2009-12-31,2009,12,31,81.0
2010-01-01,2010,1,1,82.0
2010-01-02,2010,1,2,82.0
2010-01-03,2010,1,3,92.0
2010-01-04,2010,1,4,88.0
2010-01-05,2010,1,5,89.0
2010-01-06,2010,1,6,89.0
2010-01-07,2010,1,7,91.0
2010-01-08,2010,1,8,87.0
2010-01-09,2010,1,9,85.0
2010-01-10,2010,1,10,81.0
2010-01-11,2010,1,11,85.0
2010-01-12,2010,1,12,84.0
2010-01-13,2010,1,13,81.0
2010-01-14,2010,1,14,79.0
2010-01-15,2010,1,15,80.0
2010-01-16,2010,1,16,77.0
2010-01-17,2010,1,17,73.0
2010-01-18,2010,1,18,79.0
2010-01-19,2010,1,19,83.0
2010-01-20,2010,1,20,85.0
2010-01-21,2010,1,21,86.0
2010-01-22,2010,1,22,83.0
2010-01-23,2010,1,23,83.0
2010-01-24,2010,1,24,86.0
2010-01-25,2010,1,25,85.0
2010-01-26,2010,1,26,78.0
2010-01-27,2010,1,27,82.0
2010-01-28,2010,1,28,81.0
2010-01-29,2010,1,29,78.0
2010-01-30,2010,1,30,81.0
2010-01-31,2010,1,31,80.0
2010-02-01,2010,2,1,83.0
2010-02-02,2010,2,2,81.0
2010-02-03,2010,2,3,81.0
2010-02-04,2010,2,4,85.0
2010-02-05,2010,2,5,82.0
2010-02-06,2010,2,6,78.0
2010-02-07,2010,2,7,82.0
2010-02-08,2010,2,8,81.0
2010-02-09,2010,2,9,78.0
2010-02-10,2010,2,10,85.0
2010-02-11,2010,2,11,81.0
2010-02-12,2010,2,12,80.0
2010-02-13,2010,2,13,82.0
2010-02-14,2010,2,14,75.0
2010-02-15,2010,2,15,81.0
2010-02-16,2010,2,16,77.0
2010-02-17,2010,2,17,69.0
2010-02-18,2010,2,18,77.0
2010-02-19,2010,2,19,80.0
2010-02-20,2010,2,20,78.0
2010-02-21,2010,2,21,82.0
2010-02-22,2010,2,22,74.0
2010-02-23,2010,2,23,83.0
2010-02-24,2010,2,24,82.0
2010-02-25,2010,2,25,86.0
2010-02-26,2010,2,26,86.0
2010-02-27,2010,2,27,87.0
2010-02-28,2010,2,28,89.0
2010-03-01,2010,3,1,94.0
2010-03-02,2010,3,2,87.0
2010-03-03,2010,3,3,84.0
2010-03-04,2010,3,4,84.0
2010-03-05,2010,3,5,89.0
2010-03-06,2010,3,6,79.0
2010-03-07,2010,3,7,79.0
2010-03-08,2010,3,8,82.0
2010-03-09,2010,3,9,84.0
2010-03-10,2010,3,10,86.0
2010-03-11,2010,3,11,84.0
2010-03-12,2010,3,12,89.0
2010-03-13,2010,3,13,83.0
2010-03-14,2010,3,14,82.0
2010-03-15,2010,3,15,94.0
2010-03-16,2010,3,16,80.0
2010-03-17,2010,3,17,74.0
2010-03-18,2010,3,18,78.0
2010-03-19,2010,3,19,76.0
2010-03-20,2010,3,20,83.0
2010-03-21,2010,3,21,81.0
2010-03-22,2010,3,22,88.0
2010-03-23,2010,3,23,84.0
2010-03-24,2010,3,24,89.0
2010-03-25,2010,3,25,95.0
2010-03-26,2010,3,26,82.0
2010-03-27,2010,3,27,84.0
2010-03-28,2010,3,28,90.0
2010-03-29,2010,3,29,82.0
2010-03-30,2010,3,30,86.0
2010-03-31,2010,3,31,82.0
2010-04-01,2010,4,1,87.0
2010-04-02,2010,4,2,84.0
2010-04-03,2010,4,3,84.0
2010-04-04,2010,4,4,81.0
2010-04-05,2010,4,5,84.0
2010-04-06,2010,4,6,87.0
2010-04-07,2010,4,7,82.0
2010-04-08,2010,4,8,91.0
2010-04-09,2010,4,9,91.0
2010-04-10,2010,4,10,83.0
2010-04-11,2010,4,11,82.0
2010-04-12,2010,4,12,84.0
2010-04-13,2010,4,13,92.0
2010-04-14,2010,4,14,83.0
2010-04-15,2010,4,15,85.0
2010-04-16,2010,4,16,82.0
2010-04-17,2010,4,17,82.0
2010-04-18,2010,4,18,86.0
2010-04-19,2010,4,19,84.0
2010-04-20,2010,4,20,84.0
2010-04-21,2010,4,21,81.0
2010-04-22,2010,4,22,86.0
2010-04-23,2010,4,23,87.0
2010-04-24,2010,4,24,84.0
2010-04-25,2010,4,25,80.0
2010-04-26,2010,4,26,86.0
2010-04-27,2010,4,27,89.0
2010-04-28,2010,4,28,88.0
2010-04-29,2010,4,29,88.0
2010-04-30,2010,4,30,88.0
2010-05-01,2010,5,1,94.0
2010-05-02,2010,5,2,78.0
2010-05-03,2010,5,3,88.0
2010-05-04,2010,5,4,85.0
2010-05-05,2010,5,5,84.0
2010-05-06,2010,5,6,86.0
2010-05-07,2010,5,7,84.0
2010-05-08,2010,5,8,83.0
2010-05-09,2010,5,9,87.0
2010-05-10,2010,5,10,88.0
2010-05-11,2010,5,11,84.0
2010-05-12,2010,5,12,82.0
2010-05-13,2010,5,13,84.0
2010-05-14,2010,5,14,88.0
2010-05-15,2010,5,15,86.0
2010-05-16,2010,5,16,82.0
2010-05-17,2010,5,17,82.0
2010-05-18,2010,5,18,87.0
2010-05-19,2010,5,19,77.0
2010-05-20,2010,5,20,78.0
2010-05-21,2010,5,21,94.0
2010-05-22,2010,5,22,88.0
2010-05-23,2010,5,23,84.0
2010-05-24,2010,5,24,83.0
2010-05-25,2010,5,25,72.0
2010-05-26,2010,5,26,75.0
2010-05-27,2010,5,27,70.0
2010-05-28,2010,5,28,74.0
2010-05-29,2010,5,29,90.0
2010-05-30,2010,5,30,83.0
2010-05-31,2010,5,31,81.0
2010-06-01,2010,6,1,87.0
2010-06-02,2010,6,2,80.0
2010-06-03,2010,6,3,83.0
2010-06-04,2010,6,4,84.0
2010-06-05,2010,6,5,88.0
2010-06-06,2010,6,6,93.0
2010-06-07,2010,6,7,74.0
2010-06-08,2010,6,8,80.0
2010-06-09,2010,6,9,68.0
2010-06-10,2010,6,10,73.0
2010-06-11,2010,6,11,78.0
2010-06-12,2010,6,12,84.0
2010-06-13,2010,6,13,80.0
2010-06-14,2010,6,14,84.0
2010-06-15,2010,6,15,80.0
2010-06-16,2010,6,16,88.0
2010-06-17,2010,6,17,86.0
2010-06-18,2010,6,18,81.0
2010-06-19,2010,6,19,77.0
2010-06-20,2010,6,20,80.0
2010-06-21,2010,6,21,80.0
2010-06-22,2010,6,22,83.0
2010-06-23,2010,6,23,76.0
2010-06-24,2010,6,24,78.0
2010-06-25,2010,6,25,82.0
2010-06-26,2010,6,26,80.0
2010-06-27,2010,6,27,74.0
2010-06-28,2010,6,28,78.0
2010-06-29,2010,6,29,82.0
2010-06-30,2010,6,30,87.0
2010-07-01,2010,7,1,82.0
2010-07-02,2010,7,2,76.0
2010-07-03,2010,7,3,79.0
2010-07-04,2010,7,4,81.0
2010-07-05,2010,7,5,82.0
2010-07-06,2010,7,6,86.0
2010-07-07,2010,7,7,87.0
2010-07-08,2010,7,8,84.0
2010-07-09,2010,7,9,88.0
2010-07-10,2010,7,10,79.0
2010-07-11,2010,7,11,89.0
2010-07-12,2010,7,12,84.0
2010-07-13,2010,7,13,86.0
2010-07-14,2010,7,14,90.0
2010-07-15,2010,7,15,92.0
2010-07-16,2010,7,16,82.0
2010-07-17,2010,7,17,77.0
2010-07-18,2010,7,18,81.0
2010-07-19,2010,7,19,87.0
2010-07-20,2010,7,20,76.0
2010-07-21,2010,7,21,78.0
2010-07-22,2010,7,22,78.0
2010-07-23,2010,7,23,72.0
2010-07-24,2010,7,24,81.0
2010-07-25,2010,7,25,90.0
2010-07-26,2010,7,26,68.0
2010-07-27,2010,7,27,86.0
2010-07-28,2010,7,28,74.0
2010-07-29,2010,7,29,81.0
2010-07-30,2010,7,30,79.0
2010-07-31,2010,7,31,82.0
2010-08-01,2010,8,1,77.0
2010-08-02,2010,8,2,79.0
2010-08-03,2010,8,3,80.0
2010-08-04,2010,8,4,62.0
2010-08-05,2010,8,5,75.0
2010-08-06,2010,8,6,79.0
2010-08-07,2010,8,7,78.0
2010-08-08,2010,8,8,75.0
2010-08-09,2010,8,9,73.0
2010-08-10,2010,8,10,86.0
2010-08-11,2010,8,11,78.0
2010-08-12,2010,8,12,88.0
2010-08-13,2010,8,13,85.0
2010-08-14,2010,8,14,79.0
2010-08-15,2010,8,15,83.0
2010-08-16,2010,8,16,83.0
2010-08-17,2010,8,17,79.0
2010-08-18,2010,8,18,86.0
2010-08-19,2010,8,19,90.0
2010-08-20,2010,8,20,83.0
2010-08-21,2010,8,21,92.0
2010-08-22,2010,8,22,76.0
2010-08-23,2010,8,23,77.0
2010-08-24,2010,8,24,62.0
2010-08-25,2010,8,25,77.0
2010-08-26,2010,8,26,72.0
2010-08-27,2010,8,27,74.0
2010-08-28,2010,8,28,72.0
2010-08-29,2010,8,29,72.0
2010-08-30,2010,8,30,76.0
2010-08-31,2010,8,31,82.0
2010-09-01,2010,9,1,78.0
2010-09-02,2010,9,2,80.0
2010-09-03,2010,9,3,76.0
2010-09-04,2010,9,4,69.0
2010-09-05,2010,9,5,71.0
2010-09-06,2010,9,6,79.0
2010-09-07,2010,9,7,78.0
2010-09-08,2010,9,8,79.0
2010-09-09,2010,9,9,72.0
2010-09-10,2010,9,10,77.0
2010-09-11,2010,9,11,84.0
2010-09-12,2010,9,12,77.0
2010-09-13,2010,9,13,82.0
2010-09-14,2010,9,14,84.0
2010-09-15,2010,9,15,80.0
2010-09-16,2010,9,16,81.0
2010-09-17,2010,9,17,84.0
2010-09-18,2010,9,18,85.0
2010-09-19,2010,9,19,89.0
2010-09-20,2010,9,20,89.0
2010-09-21,2010,9,21,86.0
2010-09-22,2010,9,22,89.0
2010-09-23,2010,9,23,88.0
2010-09-24,2010,9,24,87.0
2010-09-25,2010,9,25,86.0
2010-09-26,2010,9,26,90.0
2010-09-27,2010,9,27,90.0
2010-09-28,2010,9,28,88.0
2010-09-29,2010,9,29,92.0
2010-09-30,2010,9,30,86.0
2010-10-01,2010,10,1,86.0
2010-10-02,2010,10,2,89.0
2010-10-03,2010,10,3,80.0
2010-10-04,2010,10,4,82.0
2010-10-05,2010,10,5,91.0
2010-10-06,2010,10,6,74.0
2010-10-07,2010,10,7,74.0
2010-10-08,2010,10,8,75.0
2010-10-09,2010,10,9,67.0
2010-10-10,2010,10,10,78.0
2010-10-11,2010,10,11,66.0
2010-10-12,2010,10,12,62.0
2010-10-13,2010,10,13,87.0
2010-10-14,2010,10,14,76.0
2010-10-15,2010,10,15,66.0
2010-10-16,2010,10,16,72.0
2010-10-17,2010,10,17,79.0
2010-10-18,2010,10,18,74.0
2010-10-19,2010,10,19,69.0
2010-10-20,2010,10,20,74.0
2010-10-21,2010,10,21,76.0
2010-10-22,2010,10,22,80.0
2010-10-23,2010,10,23,75.0
2010-10-24,2010,10,24,76.0
2010-10-25,2010,10,25,79.0
2010-10-26,2010,10,26,86.0
2010-10-27,2010,10,27,86.0
2010-10-28,2010,10,28,82.0
2010-10-29,2010,10,29,91.0
2010-10-30,2010,10,30,87.0
2010-10-31,2010,10,31,89.0
2010-11-01,2010,11,1,91.0
2010-11-02,2010,11,2,91.0
2010-11-03,2010,11,3,82.0
2010-11-04,2010,11,4,89.0
2010-11-05,2010,11,5,92.0
2010-11-06,2010,11,6,76.0
2010-11-07,2010,11,7,79.0
2010-11-08,2010,11,8,87.0
2010-11-09,2010,11,9,93.0
2010-11-10,2010,11,10,87.0
2010-11-11,2010,11,11,93.0
2010-11-12,2010,11,12,87.0
2010-11-13,2010,11,13,81.0
2010-11-14,2010,11,14,88.0
2010-11-15,2010,11,15,87.0
2010-11-16,2010,11,16,89.0
2010-11-17,2010,11,17,88.0
2010-11-18,2010,11,18,86.0
2010-11-19,2010,11,19,91.0
2010-11-20,2010,11,20,92.0
2010-11-21,2010,11,21,88.0
2010-11-22,2010,11,22,94.0
2010-11-23,2010,11,23,91.0
2010-11-24,2010,11,24,90.0
2010-11-25,2010,11,25,88.0
2010-11-26,2010,11,26,89.0
2010-11-27,2010,11,27,82.0
2010-11-28,2010,11,28,84.0
2010-11-29,2010,11,29,89.0
2010-11-30,2010,11,30,86.0
2010-12-01,2010,12,1,89.0
2010-12-02,2010,12,2,90.0
2010-12-03,2010,12,3,87.0
2010-12-04,2010,12,4,88.0
2010-12-05,2010,12,5,89.0
2010-12-06,2010,12,6,86.0
2010-12-07,2010,12,7,84.0
2010-12-08,2010,12,8,90.0
2010-12-09,2010,12,9,90.0
2010-12-10,2010,12,10,79.0
2010-12-11,2010,12,11,90.0
2010-12-12,2010,12,12,84.0
2010-12-13,2010,12,13,86.0
2010-12-14,2010,12,14,85.0
2010-12-15,2010,12,15,80.0
2010-12-16,2010,12,16,89.0
2010-12-17,2010,12,17,88.0
2010-12-18,2010,12,18,82.0
2010-12-19,2010,12,19,86.0
2010-12-20,2010,12,20,92.0
2010-12-21,2010,12,21,86.0
2010-12-22,2010,12,22,90.0
2010-12-23,2010,12,23,84.0
2010-12-24,2010,12,24,88.0
2010-12-25,2010,12,25,82.0
2010-12-26,2010,12,26,83.0
2010-12-27,2010,12,27,78.0
2010-12-28,2010,12,28,81.0
2010-12-29,2010,12,29,82.0
2010-12-30,2010,12,30,87.0
2010-12-31,2010,12,31,90.0
2011-01-01,2011,1,1,90.0
2011-01-02,2011,1,2,83.0
2011-01-03,2011,1,3,86.0
2011-01-04,2011,1,4,86.0
2011-01-05,2011,1,5,86.0
2011-01-06,2011,1,6,91.0
2011-01-07,2011,1,7,91.0
2011-01-08,2011,1,8,89.0
2011-01-09,2011,1,9,81.0
2011-01-10,2011,1,10,90.0
2011-01-11,2011,1,11,83.0
2011-01-12,2011,1,12,82.0
2011-01-13,2011,1,13,84.0
2011-01-14,2011,1,14,79.0
2011-01-15,2011,1,15,82.0
2011-01-16,2011,1,16,85.0
2011-01-17,2011,1,17,81.0
2011-01-18,2011,1,18,82.0
2011-01-19,2011,1,19,81.0
2011-01-20,2011,1,20,79.0
2011-01-21,2011,1,21,80.0
2011-01-22,2011,1,22,80.0
2011-01-23,2011,1,23,75.0
2011-01-24,2011,1,24,81.0
2011-01-25,2011,1,25,82.0
2011-01-26,2011,1,26,84.0
2011-01-27,2011,1,27,92.0
2011-01-28,2011,1,28,91.0
2011-01-29,2011,1,29,93.0
2011-01-30,2011,1,30,82.0
2011-01-31,2011,1,31,84.0
2011-02-01,2011,2,1,89.0
2011-02-02,2011,2,2,92.0
2011-02-03,2011,2,3,84.0
2011-02-04,2011,2,4,86.0
2011-02-05,2011,2,5,78.0
2011-02-06,2011,2,6,83.0
2011-02-07,2011,2,7,86.0
2011-02-08,2011,2,8,82.0
2011-02-09,2011,2,9,81.0
2011-02-10,2011,2,10,88.0
2011-02-11,2011,2,11,88.0
2011-02-12,2011,2,12,84.0
2011-02-13,2011,2,13,89.0
2011-02-14,2011,2,14,90.0
2011-02-15,2011,2,15,88.0
2011-02-16,2011,2,16,86.0
2011-02-17,2011,2,17,83.0
2011-02-18,2011,2,18,87.0
2011-02-19,2011,2,19,82.0
2011-02-20,2011,2,20,81.0
2011-02-21,2011,2,21,83.0
2011-02-22,2011,2,22,80.0
2011-02-23,2011,2,23,84.0
2011-02-24,2011,2,24,87.0
2011-02-25,2011,2,25,89.0
2011-02-26,2011,2,26,83.0
2011-02-27,2011,2,27,86.0
2011-02-28,2011,2,28,85.0
2011-03-01,2011,3,1,82.0
2011-03-02,2011,3,2,81.0
2011-03-03,2011,3,3,82.0
2011-03-04,2011,3,4,81.0
2011-03-05,2011,3,5,75.0
2011-03-06,2011,3,6,81.0
2011-03-07,2011,3,7,86.0
2011-03-08,2011,3,8,90.0
2011-03-09,2011,3,9,89.0
2011-03-10,2011,3,10,87.0
2011-03-11,2011,3,11,91.0
2011-03-12,2011,3,12,86.0
2011-03-13,2011,3,13,88.0
2011-03-14,2011,3,14,89.0
2011-03-15,2011,3,15,88.0
2011-03-16,2011,3,16,85.0
2011-03-17,2011,3,17,90.0
2011-03-18,2011,3,18,85.0
2011-03-19,2011,3,19,82.0
2011-03-20,2011,3,20,85.0
2011-03-21,2011,3,21,88.0
2011-03-22,2011,3,22,90.0
2011-03-23,2011,3,23,93.0
2011-03-24,2011,3,24,92.0
2011-03-25,2011,3,25,92.0
2011-03-26,2011,3,26,91.0
2011-03-27,2011,3,27,92.0
2011-03-28,2011,3,28,92.0
2011-03-29,2011,3,29,92.0
2011-03-30,2011,3,30,88.0
2011-03-31,2011,3,31,95.0
2011-04-01,2011,4,1,90.0
2011-04-02,2011,4,2,88.0
2011-04-03,2011,4,3,86.0
2011-04-04,2011,4,4,88.0
2011-04-05,2011,4,5,86.0
2011-04-06,2011,4,6,92.0
2011-04-07,2011,4,7,95.0
2011-04-08,2011,4,8,93.0
2011-04-09,2011,4,9,86.0
2011-04-10,2011,4,10,91.0
2011-04-11,2011,4,11,89.0
2011-04-12,2011,4,12,93.0
2011-04-13,2011,4,13,95.0
2011-04-14,2011,4,14,92.0
2011-04-15,2011,4,15,94.0
2011-04-16,2011,4,16,93.0
2011-04-17,2011,4,17,94.0
2011-04-18,2011,4,18,92.0
2011-04-19,2011,4,19,92.0
2011-04-20,2011,4,20,92.0
2011-04-21,2011,4,21,91.0
2011-04-22,2011,4,22,92.0
2011-04-23,2011,4,23,89.0
2011-04-24,2011,4,24,92.0
2011-04-25,2011,4,25,90.0
2011-04-26,2011,4,26,91.0
2011-04-27,2011,4,27,92.0
2011-04-28,2011,4,28,88.0
2011-04-29,2011,4,29,93.0
2011-04-30,2011,4,30,88.0
2011-05-01,2011,5,1,86.0
2011-05-02,2011,5,2,80.0
2011-05-03,2011,5,3,88.0
2011-05-04,2011,5,4,84.0
2011-05-05,2011,5,5,84.0
2011-05-06,2011,5,6,84.0
2011-05-07,2011,5,7,85.0
2011-05-08,2011,5,8,86.0
2011-05-09,2011,5,9,93.0
2011-05-10,2011,5,10,92.0
2011-05-11,2011,5,11,90.0
2011-05-12,2011,5,12,88.0
2011-05-13,2011,5,13,89.0
2011-05-14,2011,5,14,89.0
2011-05-15,2011,5,15,90.0
2011-05-16,2011,5,16,92.0
2011-05-17,2011,5,17,91.0
2011-05-18,2011,5,18,92.0
2011-05-19,2011,5,19,91.0
2011-05-20,2011,5,20,88.0
2011-05-21,2011,5,21,92.0
2011-05-22,2011,5,22,89.0
2011-05-23,2011,5,23,89.0
2011-05-24,2011,5,24,90.0
2011-05-25,2011,5,25,89.0
2011-05-26,2011,5,26,89.0
2011-05-27,2011,5,27,84.0
2011-05-28,2011,5,28,81.0
2011-05-29,2011,5,29,94.0
2011-05-30,2011,5,30,94.0
2011-05-31,2011,5,31,88.0
2011-06-01,2011,6,1,93.0
2011-06-02,2011,6,2,84.0
2011-06-03,2011,6,3,88.0
2011-06-04,2011,6,4,89.0
2011-06-05,2011,6,5,87.0
2011-06-06,2011,6,6,88.0
2011-06-07,2011,6,7,84.0
2011-06-08,2011,6,8,86.0
2011-06-09,2011,6,9,88.0
2011-06-10,2011,6,10,78.0
2011-06-11,2011,6,11,78.0
2011-06-12,2011,6,12,79.0
2011-06-13,2011,6,13,78.0
2011-06-14,2011,6,14,80.0
2011-06-15,2011,6,15,73.0
2011-06-16,2011,6,16,77.0
2011-06-17,2011,6,17,77.0
2011-06-18,2011,6,18,82.0
2011-06-19,2011,6,19,80.0
2011-06-20,2011,6,20,75.0
2011-06-21,2011,6,21,84.0
2011-06-22,2011,6,22,84.0
2011-06-23,2011,6,23,78.0
2011-06-24,2011,6,24,80.0
2011-06-25,2011,6,25,77.0
2011-06-26,2011,6,26,77.0
2011-06-27,2011,6,27,76.0
2011-06-28,2011,6,28,85.0
2011-06-29,2011,6,29,83.0
2011-06-30,2011,6,30,86.0
2011-07-01,2011,7,1,86.0
2011-07-02,2011,7,2,82.0
2011-07-03,2011,7,3,86.0
2011-07-04,2011,7,4,86.0
2011-07-05,2011,7,5,86.0
2011-07-06,2011,7,6,82.0
2011-07-07,2011,7,7,83.0
2011-07-08,2011,7,8,78.0
2011-07-09,2011,7,9,72.0
2011-07-10,2011,7,10,79.0
2011-07-11,2011,7,11,82.0
2011-07-12,2011,7,12,89.0
2011-07-13,2011,7,13,82.0
2011-07-14,2011,7,14,86.0
2011-07-15,2011,7,15,89.0
2011-07-16,2011,7,16,89.0
2011-07-17,2011,7,17,78.0
2011-07-18,2011,7,18,81.0
2011-07-19,2011,7,19,80.0
2011-07-20,2011,7,20,82.0
2011-07-21,2011,7,21,80.0
2011-07-22,2011,7,22,82.0
2011-07-23,2011,7,23,79.0
2011-07-24,2011,7,24,86.0
2011-07-25,2011,7,25,84.0
2011-07-26,2011,7,26,81.0
2011-07-27,2011,7,27,81.0
2011-07-28,2011,7,28,78.0
2011-07-29,2011,7,29,80.0
2011-07-30,2011,7,30,72.0
2011-07-31,2011,7,31,83.0
2011-08-01,2011,8,1,82.0
2011-08-02,2011,8,2,81.0
2011-08-03,2011,8,3,81.0
2011-08-04,2011,8,4,85.0
2011-08-05,2011,8,5,76.0
2011-08-06,2011,8,6,80.0
2011-08-07,2011,8,7,78.0
2011-08-08,2011,8,8,72.0
2011-08-09,2011,8,9,80.0
2011-08-10,2011,8,10,84.0
2011-08-11,2011,8,11,84.0
2011-08-12,2011,8,12,88.0
2011-08-13,2011,8,13,94.0
2011-08-14,2011,8,14,82.0
2011-08-15,2011,8,15,86.0
2011-08-16,2011,8,16,85.0
2011-08-17,2011,8,17,86.0
2011-08-18,2011,8,18,92.0
2011-08-19,2011,8,19,92.0
2011-08-20,2011,8,20,88.0
2011-08-21,2011,8,21,85.0
2011-08-22,2011,8,22,86.0
2011-08-23,2011,8,23,90.0
2011-08-24,2011,8,24,90.0
2011-08-25,2011,8,25,89.0
2011-08-26,2011,8,26,86.0
2011-08-27,2011,8,27,88.0
2011-08-28,2011,8,28,93.0
2011-08-29,2011,8,29,89.0
2011-08-30,2011,8,30,85.0
2011-08-31,2011,8,31,84.0
2011-09-01,2011,9,1,86.0
2011-09-02,2011,9,2,85.0
2011-09-03,2011,9,3,87.0
2011-09-04,2011,9,4,83.0
2011-09-05,2011,9,5,86.0
2011-09-06,2011,9,6,89.0
2011-09-07,2011,9,7,88.0
2011-09-08,2011,9,8,83.0
2011-09-09,2011,9,9,86.0
2011-09-10,2011,9,10,93.0
2011-09-11,2011,9,11,91.0
2011-09-12,2011,9,12,88.0
2011-09-13,2011,9,13,84.0
2011-09-14,2011,9,14,91.0
2011-09-15,2011,9,15,90.0
2011-09-16,2011,9,16,90.0
2011-09-17,2011,9,17,88.0
2011-09-18,2011,9,18,88.0
2011-09-19,2011,9,19,84.0
2011-09-20,2011,9,20,85.0
2011-09-21,2011,9,21,89.0
2011-09-22,2011,9,22,84.0
2011-09-23,2011,9,23,87.0
2011-09-24,2011,9,24,90.0
2011-09-25,2011,9,25,90.0
2011-09-26,2011,9,26,85.0
2011-09-27,2011,9,27,82.0
2011-09-28,2011,9,28,91.0
2011-09-29,2011,9,29,81.0
2011-09-30,2011,9,30,90.0
2011-10-01,2011,10,1,83.0
2011-10-02,2011,10,2,80.0
2011-10-03,2011,10,3,84.0
2011-10-04,2011,10,4,85.0
2011-10-05,2011,10,5,94.0
2011-10-06,2011,10,6,85.0
2011-10-07,2011,10,7,84.0
2011-10-08,2011,10,8,91.0
2011-10-09,2011,10,9,86.0
2011-10-10,2011,10,10,86.0
2011-10-11,2011,10,11,86.0
2011-10-12,2011,10,12,80.0
2011-10-13,2011,10,13,84.0
2011-10-14,2011,10,14,81.0
2011-10-15,2011,10,15,90.0
2011-10-16,2011,10,16,86.0
2011-10-17,2011,10,17,86.0
2011-10-18,2011,10,18,88.0
2011-10-19,2011,10,19,92.0
2011-10-20,2011,10,20,90.0
2011-10-21,2011,10,21,92.0
2011-10-22,2011,10,22,87.0
2011-10-23,2011,10,23,91.0
2011-10-24,2011,10,24,91.0
2011-10-25,2011,10,25,94.0
2011-10-26,2011,10,26,93.0
2011-10-27,2011,10,27,90.0
2011-10-28,2011,10,28,88.0
2011-10-29,2011,10,29,94.0
2011-10-30,2011,10,30,92.0
2011-10-31,2011,10,31,91.0
2011-11-01,2011,11,1,88.0
2011-11-02,2011,11,2,90.0
2011-11-03,2011,11,3,92.0
2011-11-04,2011,11,4,91.0
2011-11-05,2011,11,5,91.0
2011-11-06,2011,11,6,91.0
2011-11-07,2011,11,7,88.0
2011-11-08,2011,11,8,86.0
2011-11-09,2011,11,9,92.0
2011-11-10,2011,11,10,88.0
2011-11-11,2011,11,11,95.0
2011-11-12,2011,11,12,86.0
2011-11-13,2011,11,13,86.0
2011-11-14,2011,11,14,89.0
2011-11-15,2011,11,15,86.0
2011-11-16,2011,11,16,90.0
2011-11-17,2011,11,17,89.0
2011-11-18,2011,11,18,91.0
2011-11-19,2011,11,19,90.0
2011-11-20,2011,11,20,88.0
2011-11-21,2011,11,21,91.0
2011-11-22,2011,11,22,90.0
2011-11-23,2011,11,23,89.0
2011-11-24,2011,11,24,85.0
2011-11-25,2011,11,25,88.0
2011-11-26,2011,11,26,92.0
2011-11-27,2011,11,27,91.0
2011-11-28,2011,11,28,88.0
2011-11-29,2011,11,29,94.0
2011-11-30,2011,11,30,93.0
2011-12-01,2011,12,1,90.0
2011-12-02,2011,12,2,74.0
2011-12-03,2011,12,3,88.0
2011-12-04,2011,12,4,89.0
2011-12-05,2011,12,5,90.0
2011-12-06,2011,12,6,88.0
2011-12-07,2011,12,7,92.0
2011-12-08,2011,12,8,90.0
2011-12-09,2011,12,9,93.0
2011-12-10,2011,12,10,90.0
2011-12-11,2011,12,11,92.0
2011-12-12,2011,12,12,93.0
2011-12-13,2011,12,13,95.0
2011-12-14,2011,12,14,89.0
2011-12-15,2011,12,15,94.0
2011-12-16,2011,12,16,92.0
2011-12-17,2011,12,17,93.0
2011-12-18,2011,12,18,92.0
2011-12-19,2011,12,19,91.0
2011-12-20,2011,12,20,92.0
2011-12-21,2011,12,21,89.0
2011-12-22,2011,12,22,90.0
2011-12-23,2011,12,23,92.0
2011-12-24,2011,12,24,94.0
2011-12-25,2011,12,25,95.0
2011-12-26,2011,12,26,90.0
2011-12-27,2011,12,27,92.0
2011-12-28,2011,12,28,88.0
2011-12-29,2011,12,29,88.0
2011-12-30,2011,12,30,95.0
2011-12-31,2011,12,31,90.0
2012-01-01,2012,1,1,93.0
2012-01-02,2012,1,2,91.0
2012-01-03,2012,1,3,95.0
2012-01-04,2012,1,4,93.0
2012-01-05,2012,1,5,92.0
2012-01-06,2012,1,6,93.0
2012-01-07,2012,1,7,85.0
2012-01-08,2012,1,8,87.0
2012-01-09,2012,1,9,93.0
2012-01-10,2012,1,10,93.0
2012-01-11,2012,1,11,91.0
2012-01-12,2012,1,12,93.0
2012-01-13,2012,1,13,91.0
2012-01-14,2012,1,14,95.0
2012-01-15,2012,1,15,92.0
2012-01-16,2012,1,16,91.0
2012-01-17,2012,1,17,87.0
2012-01-18,2012,1,18,93.0
2012-01-19,2012,1,19,95.0
2012-01-20,2012,1,20,91.0
2012-01-21,2012,1,21,91.0
2012-01-22,2012,1,22,90.0
2012-01-23,2012,1,23,89.0
2012-01-24,2012,1,24,92.0
2012-01-25,2012,1,25,89.0
2012-01-26,2012,1,26,88.0
2012-01-27,2012,1,27,88.0
2012-01-28,2012,1,28,72.0
2012-01-29,2012,1,29,88.0
2012-01-30,2012,1,30,94.0
2012-01-31,2012,1,31,90.0
2012-02-01,2012,2,1,87.0
2012-02-02,2012,2,2,95.0
2012-02-03,2012,2,3,88.0
2012-02-04,2012,2,4,91.0
2012-02-05,2012,2,5,91.0
2012-02-06,2012,2,6,88.0
2012-02-07,2012,2,7,90.0
2012-02-08,2012,2,8,89.0
2012-02-09,2012,2,9,88.0
2012-02-10,2012,2,10,90.0
2012-02-11,2012,2,11,93.0
2012-02-12,2012,2,12,92.0
2012-02-13,2012,2,13,90.0
2012-02-14,2012,2,14,92.0
2012-02-15,2012,2,15,89.0
2012-02-16,2012,2,16,91.0
2012-02-17,2012,2,17,88.0
2012-02-18,2012,2,18,88.0
2012-02-19,2012,2,19,92.0
2012-02-20,2012,2,20,88.0
2012-02-21,2012,2,21,93.0
2012-02-22,2012,2,22,89.0
2012-02-23,2012,2,23,93.0
2012-02-24,2012,2,24,88.0
2012-02-25,2012,2,25,91.0
2012-02-26,2012,2,26,90.0
2012-02-27,2012,2,27,93.0
2012-02-28,2012,2,28,92.0
2012-02-29,2012,2,29,94.0
2012-03-01,2012,3,1,89.0
2012-03-02,2012,3,2,92.0
2012-03-03,2012,3,3,89.0
2012-03-04,2012,3,4,91.0
2012-03-05,2012,3,5,91.0
2012-03-06,2012,3,6,91.0
2012-03-07,2012,3,7,92.0
2012-03-08,2012,3,8,90.0
2012-03-09,2012,3,9,88.0
2012-03-10,2012,3,10,87.0
2012-03-11,2012,3,11,91.0
2012-03-12,2012,3,12,92.0
2012-03-13,2012,3,13,86.0
2012-03-14,2012,3,14,91.0
2012-03-15,2012,3,15,87.0
2012-03-16,2012,3,16,84.0
2012-03-17,2012,3,17,88.0
2012-03-18,2012,3,18,88.0
2012-03-19,2012,3,19,92.0
2012-03-20,2012,3,20,89.0
2012-03-21,2012,3,21,87.0
2012-03-22,2012,3,22,86.0
2012-03-23,2012,3,23,85.0
2012-03-24,2012,3,24,90.0
2012-03-25,2012,3,25,87.0
2012-03-26,2012,3,26,85.0
2012-03-27,2012,3,27,91.0
2012-03-28,2012,3,28,95.0
2012-03-29,2012,3,29,91.0
2012-03-30,2012,3,30,91.0
2012-03-31,2012,3,31,91.0
2012-04-01,2012,4,1,91.0
2012-04-02,2012,4,2,88.0
2012-04-03,2012,4,3,90.0
2012-04-04,2012,4,4,85.0
2012-04-05,2012,4,5,90.0
2012-04-06,2012,4,6,86.0
2012-04-07,2012,4,7,91.0
2012-04-08,2012,4,8,88.0
2012-04-09,2012,4,9,89.0
2012-04-10,2012,4,10,91.0
2012-04-11,2012,4,11,92.0
2012-04-12,2012,4,12,90.0
2012-04-13,2012,4,13,90.0
2012-04-14,2012,4,14,90.0
2012-04-15,2012,4,15,89.0
2012-04-16,2012,4,16,89.0
2012-04-17,2012,4,17,90.0
2012-04-18,2012,4,18,91.0
2012-04-19,2012,4,19,91.0
2012-04-20,2012,4,20,85.0
2012-04-21,2012,4,21,87.0
2012-04-22,2012,4,22,84.0
2012-04-23,2012,4,23,81.0
2012-04-24,2012,4,24,87.0
2012-04-25,2012,4,25,93.0
2012-04-26,2012,4,26,88.0
2012-04-27,2012,4,27,87.0
2012-04-28,2012,4,28,91.0
2012-04-29,2012,4,29,90.0
2012-04-30,2012,4,30,87.0
2012-05-01,2012,5,1,85.0
2012-05-02,2012,5,2,86.0
2012-05-03,2012,5,3,93.0
2012-05-04,2012,5,4,87.0
2012-05-05,2012,5,5,91.0
2012-05-06,2012,5,6,88.0
2012-05-07,2012,5,7,91.0
2012-05-08,2012,5,8,90.0
2012-05-09,2012,5,9,86.0
2012-05-10,2012,5,10,85.0
2012-05-11,2012,5,11,90.0
2012-05-12,2012,5,12,91.0
2012-05-13,2012,5,13,90.0
2012-05-14,2012,5,14,83.0
2012-05-15,2012,5,15,91.0
2012-05-16,2012,5,16,85.0
2012-05-17,2012,5,17,92.0
2012-05-18,2012,5,18,87.0
2012-05-19,2012,5,19,94.0
2012-05-20,2012,5,20,83.0
2012-05-21,2012,5,21,86.0
2012-05-22,2012,5,22,87.0
2012-05-23,2012,5,23,86.0
2012-05-24,2012,5,24,87.0
2012-05-25,2012,5,25,84.0
2012-05-26,2012,5,26,89.0
2012-05-27,2012,5,27,89.0
2012-05-28,2012,5,28,89.0
2012-05-29,2012,5,29,87.0
2012-05-30,2012,5,30,88.0
2012-05-31,2012,5,31,86.0
2012-06-01,2012,6,1,87.0
2012-06-02,2012,6,2,86.0
2012-06-03,2012,6,3,83.0
2012-06-04,2012,6,4,77.0
2012-06-05,2012,6,5,81.0
2012-06-06,2012,6,6,84.0
2012-06-07,2012,6,7,78.0
2012-06-08,2012,6,8,83.0
2012-06-09,2012,6,9,65.0
2012-06-10,2012,6,10,71.0
2012-06-11,2012,6,11,62.0
2012-06-12,2012,6,12,63.0
2012-06-13,2012,6,13,71.0
2012-06-14,2012,6,14,60.0
2012-06-15,2012,6,15,68.0
2012-06-16,2012,6,16,72.0
2012-06-17,2012,6,17,68.0
2012-06-18,2012,6,18,78.0
2012-06-19,2012,6,19,73.0
2012-06-20,2012,6,20,75.0
2012-06-21,2012,6,21,76.0
2012-06-22,2012,6,22,71.0
2012-06-23,2012,6,23,70.0
2012-06-24,2012,6,24,66.0
2012-06-25,2012,6,25,70.0
2012-06-26,2012,6,26,82.0
2012-06-27,2012,6,27,77.0
2012-06-28,2012,6,28,78.0
2012-06-29,2012,6,29,76.0
2012-06-30,2012,6,30,78.0
2012-07-01,2012,7,1,73.0
2012-07-02,2012,7,2,82.0
2012-07-03,2012,7,3,78.0
2012-07-04,2012,7,4,74.0
2012-07-05,2012,7,5,73.0
2012-07-06,2012,7,6,77.0
2012-07-07,2012,7,7,84.0
2012-07-08,2012,7,8,88.0
2012-07-09,2012,7,9,77.0
2012-07-10,2012,7,10,84.0
2012-07-11,2012,7,11,76.0
2012-07-12,2012,7,12,74.0
2012-07-13,2012,7,13,72.0
2012-07-14,2012,7,14,74.0
2012-07-15,2012,7,15,79.0
2012-07-16,2012,7,16,84.0
2012-07-17,2012,7,17,78.0
2012-07-18,2012,7,18,78.0
2012-07-19,2012,7,19,80.0
2012-07-20,2012,7,20,81.0
2012-07-21,2012,7,21,87.0
2012-07-22,2012,7,22,77.0
2012-07-23,2012,7,23,75.0
2012-07-24,2012,7,24,76.0
2012-07-25,2012,7,25,72.0
2012-07-26,2012,7,26,70.0
2012-07-27,2012,7,27,70.0
2012-07-28,2012,7,28,72.0
2012-07-29,2012,7,29,69.0
2012-07-30,2012,7,30,73.0
2012-07-31,2012,7,31,71.0
2012-08-01,2012,8,1,70.0
2012-08-02,2012,8,2,75.0
2012-08-03,2012,8,3,75.0
2012-08-04,2012,8,4,68.0
2012-08-05,2012,8,5,73.0
2012-08-06,2012,8,6,76.0
2012-08-07,2012,8,7,78.0
2012-08-08,2012,8,8,82.0
2012-08-09,2012,8,9,82.0
2012-08-10,2012,8,10,82.0
2012-08-11,2012,8,11,81.0
2012-08-12,2012,8,12,85.0
2012-08-13,2012,8,13,79.0
2012-08-14,2012,8,14,79.0
2012-08-15,2012,8,15,87.0
2012-08-16,2012,8,16,83.0
2012-08-17,2012,8,17,76.0
2012-08-18,2012,8,18,74.0
2012-08-19,2012,8,19,85.0
2012-08-20,2012,8,20,88.0
2012-08-21,2012,8,21,83.0
2012-08-22,2012,8,22,83.0
2012-08-23,2012,8,23,82.0
2012-08-24,2012,8,24,63.0
2012-08-25,2012,8,25,75.0
2012-08-26,2012,8,26,79.0
2012-08-27,2012,8,27,79.0
2012-08-28,2012,8,28,64.0
2012-08-29,2012,8,29,73.0
2012-08-30,2012,8,30,71.0
2012-08-31,2012,8,31,76.0
2012-09-01,2012,9,1,73.0
2012-09-02,2012,9,2,80.0
2012-09-03,2012,9,3,80.0
2012-09-04,2012,9,4,80.0
2012-09-05,2012,9,5,85.0
2012-09-06,2012,9,6,82.0
2012-09-07,2012,9,7,74.0
2012-09-08,2012,9,8,77.0
2012-09-09,2012,9,9,71.0
2012-09-10,2012,9,10,75.0
2012-09-11,2012,9,11,86.0
2012-09-12,2012,9,12,86.0
2012-09-13,2012,9,13,75.0
2012-09-14,2012,9,14,74.0
2012-09-15,2012,9,15,79.0
2012-09-16,2012,9,16,73.0
2012-09-17,2012,9,17,74.0
2012-09-18,2012,9,18,75.0
2012-09-19,2012,9,19,71.0
2012-09-20,2012,9,20,72.0
2012-09-21,2012,9,21,72.0
2012-09-22,2012,9,22,76.0
2012-09-23,2012,9,23,73.0
2012-09-24,2012,9,24,73.0
2012-09-25,2012,9,25,92.0
2012-09-26,2012,9,26,90.0
2012-09-27,2012,9,27,82.0
2012-09-28,2012,9,28,82.0
2012-09-29,2012,9,29,75.0
2012-09-30,2012,9,30,73.0
2012-10-01,2012,10,1,73.0
2012-10-02,2012,10,2,78.0
2012-10-03,2012,10,3,84.0
2012-10-04,2012,10,4,83.0
2012-10-05,2012,10,5,79.0
2012-10-06,2012,10,6,82.0
2012-10-07,2012,10,7,87.0
2012-10-08,2012,10,8,82.0
2012-10-09,2012,10,9,84.0
2012-10-10,2012,10,10,87.0
2012-10-11,2012,10,11,82.0
2012-10-12,2012,10,12,85.0
2012-10-13,2012,10,13,87.0
2012-10-14,2012,10,14,84.0
2012-10-15,2012,10,15,95.0
2012-10-16,2012,10,16,92.0
2012-10-17,2012,10,17,91.0
2012-10-18,2012,10,18,90.0
2012-10-19,2012,10,19,90.0
2012-10-20,2012,10,20,85.0
2012-10-21,2012,10,21,91.0
2012-10-22,2012,10,22,88.0
2012-10-23,2012,10,23,93.0
2012-10-24,2012,10,24,87.0
2012-10-25,2012,10,25,90.0
2012-10-26,2012,10,26,91.0
2012-10-27,2012,10,27,86.0
2012-10-28,2012,10,28,87.0
2012-10-29,2012,10,29,86.0
2012-10-30,2012,10,30,91.0
2012-10-31,2012,10,31,92.0
2012-11-01,2012,11,1,88.0
2012-11-02,2012,11,2,93.0
2012-11-03,2012,11,3,92.0
2012-11-04,2012,11,4,93.0
2012-11-05,2012,11,5,94.0
2012-11-06,2012,11,6,91.0
2012-11-07,2012,11,7,86.0
2012-11-08,2012,11,8,91.0
2012-11-09,2012,11,9,92.0
2012-11-10,2012,11,10,93.0
2012-11-11,2012,11,11,93.0
2012-11-12,2012,11,12,89.0
2012-11-13,2012,11,13,87.0
2012-11-14,2012,11,14,84.0
2012-11-15,2012,11,15,87.0
2012-11-16,2012,11,16,85.0
2012-11-17,2012,11,17,94.0
2012-11-18,2012,11,18,77.0
2012-11-19,2012,11,19,88.0
2012-11-20,2012,11,20,94.0
2012-11-21,2012,11,21,91.0
2012-11-22,2012,11,22,90.0
2012-11-23,2012,11,23,90.0
2012-11-24,2012,11,24,90.0
2012-11-25,2012,11,25,90.0
2012-11-26,2012,11,26,90.0
2012-11-27,2012,11,27,89.0
2012-11-28,2012,11,28,89.0
2012-11-29,2012,11,29,89.0
2012-11-30,2012,11,30,90.0
2012-12-01,2012,12,1,92.0
2012-12-02,2012,12,2,87.0
2012-12-03,2012,12,3,86.0
2012-12-04,2012,12,4,83.0
2012-12-05,2012,12,5,85.0
2012-12-06,2012,12,6,86.0
2012-12-07,2012,12,7,93.0
2012-12-08,2012,12,8,87.0
2012-12-09,2012,12,9,91.0
2012-12-10,2012,12,10,88.0
2012-12-11,2012,12,11,91.0
2012-12-12,2012,12,12,90.0
2012-12-13,2012,12,13,86.0
2012-12-14,2012,12,14,85.0
2012-12-15,2012,12,15,90.0
2012-12-16,2012,12,16,92.0
2012-12-17,2012,12,17,90.0
2012-12-18,2012,12,18,83.0
2012-12-19,2012,12,19,91.0
2012-12-20,2012,12,20,85.0
2012-12-21,2012,12,21,92.0
2012-12-22,2012,12,22,87.0
2012-12-23,2012,12,23,94.0
2012-12-24,2012,12,24,83.0
2012-12-25,2012,12,25,86.0
2012-12-26,2012,12,26,87.0
2012-12-27,2012,12,27,86.0
2012-12-28,2012,12,28,87.0
2012-12-29,2012,12,29,84.0
2012-12-30,2012,12,30,89.0
2012-12-31,2012,12,31,89.0
2013-01-01,2013,1,1,86.0
2013-01-02,2013,1,2,91.0
2013-01-03,2013,1,3,89.0
2013-01-04,2013,1,4,89.0
2013-01-05,2013,1,5,92.0
2013-01-06,2013,1,6,90.0
2013-01-07,2013,1,7,86.0
2013-01-08,2013,1,8,86.0
2013-01-09,2013,1,9,95.0
2013-01-10,2013,1,10,87.0
2013-01-11,2013,1,11,83.0
2013-01-12,2013,1,12,82.0
2013-01-13,2013,1,13,93.0
2013-01-14,2013,1,14,87.0
2013-01-15,2013,1,15,87.0
2013-01-16,2013,1,16,84.0
2013-01-17,2013,1,17,84.0
2013-01-18,2013,1,18,78.0
2013-01-19,2013,1,19,81.0
2013-01-20,2013,1,20,94.0
2013-01-21,2013,1,21,83.0
2013-01-22,2013,1,22,88.0
2013-01-23,2013,1,23,91.0
2013-01-24,2013,1,24,94.0
2013-01-25,2013,1,25,90.0
2013-01-26,2013,1,26,87.0
2013-01-27,2013,1,27,90.0
2013-01-28,2013,1,28,85.0
2013-01-29,2013,1,29,92.0
2013-01-30,2013,1,30,86.0
2013-01-31,2013,1,31,89.0
2013-02-01,2013,2,1,87.0
2013-02-02,2013,2,2,87.0
2013-02-03,2013,2,3,81.0
2013-02-04,2013,2,4,91.0
2013-02-05,2013,2,5,92.0
2013-02-06,2013,2,6,88.0
2013-02-07,2013,2,7,89.0
2013-02-08,2013,2,8,83.0
2013-02-09,2013,2,9,90.0
2013-02-10,2013,2,10,86.0
2013-02-11,2013,2,11,85.0
2013-02-12,2013,2,12,84.0
2013-02-13,2013,2,13,95.0
2013-02-14,2013,2,14,86.0
2013-02-15,2013,2,15,88.0
2013-02-16,2013,2,16,91.0
2013-02-17,2013,2,17,90.0
2013-02-18,2013,2,18,91.0
2013-02-19,2013,2,19,90.0
2013-02-20,2013,2,20,86.0
2013-02-21,2013,2,21,92.0
2013-02-22,2013,2,22,79.0
2013-02-23,2013,2,23,82.0
2013-02-24,2013,2,24,94.0
2013-02-25,2013,2,25,92.0
2013-02-26,2013,2,26,95.0
2013-02-27,2013,2,27,84.0
2013-02-28,2013,2,28,91.0
2013-03-01,2013,3,1,91.0
2013-03-02,2013,3,2,94.0
2013-03-03,2013,3,3,92.0
2013-03-04,2013,3,4,88.0
2013-03-05,2013,3,5,86.0
2013-03-06,2013,3,6,83.0
2013-03-07,2013,3,7,86.0
2013-03-08,2013,3,8,82.0
2013-03-09,2013,3,9,87.0
2013-03-10,2013,3,10,85.0
2013-03-11,2013,3,11,85.0
2013-03-12,2013,3,12,90.0
2013-03-13,2013,3,13,93.0
2013-03-14,2013,3,14,92.0
2013-03-15,2013,3,15,87.0
2013-03-16,2013,3,16,90.0
2013-03-17,2013,3,17,89.0
2013-03-18,2013,3,18,93.0
2013-03-19,2013,3,19,85.0
2013-03-20,2013,3,20,87.0
2013-03-21,2013,3,21,87.0
2013-03-22,2013,3,22,92.0
2013-03-23,2013,3,23,88.0
2013-03-24,2013,3,24,88.0
2013-03-25,2013,3,25,82.0
2013-03-26,2013,3,26,82.0
2013-03-27,2013,3,27,86.0
2013-03-28,2013,3,28,87.0
2013-03-29,2013,3,29,85.0
2013-03-30,2013,3,30,86.0
2013-03-31,2013,3,31,88.0
2013-04-01,2013,4,1,86.0
2013-04-02,2013,4,2,91.0
2013-04-03,2013,4,3,90.0
2013-04-04,2013,4,4,90.0
2013-04-05,2013,4,5,86.0
2013-04-06,2013,4,6,88.0
2013-04-07,2013,4,7,85.0
2013-04-08,2013,4,8,86.0
2013-04-09,2013,4,9,89.0
2013-04-10,2013,4,10,91.0
2013-04-11,2013,4,11,90.0
2013-04-12,2013,4,12,90.0
2013-04-13,2013,4,13,91.0
2013-04-14,2013,4,14,91.0
2013-04-15,2013,4,15,95.0
2013-04-16,2013,4,16,90.0
2013-04-17,2013,4,17,84.0
2013-04-18,2013,4,18,86.0
2013-04-19,2013,4,19,85.0
2013-04-20,2013,4,20,86.0
2013-04-21,2013,4,21,87.0
2013-04-22,2013,4,22,88.0
2013-04-23,2013,4,23,89.0
2013-04-24,2013,4,24,93.0
2013-04-25,2013,4,25,92.0
2013-04-26,2013,4,26,88.0
2013-04-27,2013,4,27,90.0
2013-04-28,2013,4,28,89.0
2013-04-29,2013,4,29,89.0
2013-04-30,2013,4,30,93.0
2013-05-01,2013,5,1,92.0
2013-05-02,2013,5,2,94.0
2013-05-03,2013,5,3,93.0
2013-05-04,2013,5,4,90.0
2013-05-05,2013,5,5,94.0
2013-05-06,2013,5,6,95.0
2013-05-07,2013,5,7,93.0
2013-05-08,2013,5,8,90.0
2013-05-09,2013,5,9,92.0
2013-05-10,2013,5,10,91.0
2013-05-11,2013,5,11,91.0
2013-05-12,2013,5,12,84.0
2013-05-13,2013,5,13,92.0
2013-05-14,2013,5,14,94.0
2013-05-15,2013,5,15,85.0
2013-05-16,2013,5,16,87.0
2013-05-17,2013,5,17,92.0
2013-05-18,2013,5,18,86.0
2013-05-19,2013,5,19,84.0
2013-05-20,2013,5,20,88.0
2013-05-21,2013,5,21,86.0
2013-05-22,2013,5,22,84.0
2013-05-23,2013,5,23,85.0
2013-05-24,2013,5,24,84.0
2013-05-25,2013,5,25,95.0
2013-05-26,2013,5,26,86.0
2013-05-27,2013,5,27,83.0
2013-05-28,2013,5,28,94.0
2013-05-29,2013,5,29,83.0
2013-05-30,2013,5,30,84.0
2013-05-31,2013,5,31,84.0
2013-06-01,2013,6,1,89.0
2013-06-02,2013,6,2,88.0
2013-06-03,2013,6,3,85.0
2013-06-04,2013,6,4,84.0
2013-06-05,2013,6,5,79.0
2013-06-06,2013,6,6,87.0
2013-06-07,2013,6,7,88.0
2013-06-08,2013,6,8,85.0
2013-06-09,2013,6,9,88.0
2013-06-10,2013,6,10,83.0
2013-06-11,2013,6,11,95.0
2013-06-12,2013,6,12,83.0
2013-06-13,2013,6,13,88.0
2013-06-14,2013,6,14,79.0
2013-06-15,2013,6,15,88.0
2013-06-16,2013,6,16,93.0
2013-06-17,2013,6,17,88.0
2013-06-18,2013,6,18,87.0
2013-06-19,2013,6,19,88.0
2013-06-20,2013,6,20,86.0
2013-06-21,2013,6,21,82.0
2013-06-22,2013,6,22,81.0
2013-06-23,2013,6,23,83.0
2013-06-24,2013,6,24,86.0
2013-06-25,2013,6,25,88.0
2013-06-26,2013,6,26,81.0
2013-06-27,2013,6,27,78.0
2013-06-28,2013,6,28,77.0
2013-06-29,2013,6,29,80.0
2013-06-30,2013,6,30,82.0
2013-07-01,2013,7,1,78.0
2013-07-02,2013,7,2,76.0
2013-07-03,2013,7,3,89.0
2013-07-04,2013,7,4,81.0
2013-07-05,2013,7,5,72.0
2013-07-06,2013,7,6,80.0
2013-07-07,2013,7,7,80.0
2013-07-08,2013,7,8,71.0
2013-07-09,2013,7,9,74.0
2013-07-10,2013,7,10,81.0
2013-07-11,2013,7,11,80.0
2013-07-12,2013,7,12,77.0
2013-07-13,2013,7,13,69.0
2013-07-14,2013,7,14,67.0
2013-07-15,2013,7,15,61.0
2013-07-16,2013,7,16,87.0
2013-07-17,2013,7,17,77.0
2013-07-18,2013,7,18,77.0
2013-07-19,2013,7,19,61.0
2013-07-20,2013,7,20,78.0
2013-07-21,2013,7,21,77.0
2013-07-22,2013,7,22,70.0
2013-07-23,2013,7,23,70.0
2013-07-24,2013,7,24,77.0
2013-07-25,2013,7,25,78.0
2013-07-26,2013,7,26,77.0
2013-07-27,2013,7,27,79.0
2013-07-28,2013,7,28,84.0
2013-07-29,2013,7,29,76.0
2013-07-30,2013,7,30,69.0
2013-07-31,2013,7,31,63.0
2013-08-01,2013,8,1,77.0
2013-08-02,2013,8,2,79.0
2013-08-03,2013,8,3,72.0
2013-08-04,2013,8,4,69.0
2013-08-05,2013,8,5,77.0
2013-08-06,2013,8,6,77.0
2013-08-07,2013,8,7,74.0
2013-08-08,2013,8,8,65.0
2013-08-09,2013,8,9,71.0
2013-08-10,2013,8,10,80.0
2013-08-11,2013,8,11,90.0
2013-08-12,2013,8,12,82.0
2013-08-13,2013,8,13,68.0
2013-08-14,2013,8,14,76.0
2013-08-15,2013,8,15,75.0
2013-08-16,2013,8,16,77.0
2013-08-17,2013,8,17,83.0
2013-08-18,2013,8,18,84.0
2013-08-19,2013,8,19,81.0
2013-08-20,2013,8,20,77.0
2013-08-21,2013,8,21,76.0
2013-08-22,2013,8,22,72.0
2013-08-23,2013,8,23,66.0
2013-08-24,2013,8,24,77.0
2013-08-25,2013,8,25,76.0
2013-08-26,2013,8,26,77.0
2013-08-27,2013,8,27,84.0
2013-08-28,2013,8,28,85.0
2013-08-29,2013,8,29,82.0
2013-08-30,2013,8,30,84.0
2013-08-31,2013,8,31,89.0
2013-09-01,2013,9,1,93.0
2013-09-02,2013,9,2,89.0
2013-09-03,2013,9,3,93.0
2013-09-04,2013,9,4,93.0
2013-09-05,2013,9,5,84.0
2013-09-06,2013,9,6,81.0
2013-09-07,2013,9,7,80.0
2013-09-08,2013,9,8,78.0
2013-09-09,2013,9,9,81.0
2013-09-10,2013,9,10,84.0
2013-09-11,2013,9,11,92.0
2013-09-12,2013,9,12,79.0
2013-09-13,2013,9,13,74.0
2013-09-14,2013,9,14,69.0
2013-09-15,2013,9,15,70.0
2013-09-16,2013,9,16,73.0
2013-09-17,2013,9,17,71.0
2013-09-18,2013,9,18,76.0
2013-09-19,2013,9,19,69.0
2013-09-20,2013,9,20,58.0
2013-09-21,2013,9,21,65.0
2013-09-22,2013,9,22,63.0
2013-09-23,2013,9,23,73.0
2013-09-24,2013,9,24,72.0
2013-09-25,2013,9,25,64.0
2013-09-26,2013,9,26,73.0
2013-09-27,2013,9,27,74.0
2013-09-28,2013,9,28,70.0
2013-09-29,2013,9,29,60.0
2013-09-30,2013,9,30,74.0
2013-10-01,2013,10,1,76.0
2013-10-02,2013,10,2,74.0
2013-10-03,2013,10,3,80.0
2013-10-04,2013,10,4,79.0
2013-10-05,2013,10,5,82.0
2013-10-06,2013,10,6,77.0
2013-10-07,2013,10,7,79.0
2013-10-08,2013,10,8,90.0
2013-10-09,2013,10,9,79.0
2013-10-10,2013,10,10,84.0
2013-10-11,2013,10,11,77.0
2013-10-12,2013,10,12,80.0
2013-10-13,2013,10,13,83.0
2013-10-14,2013,10,14,80.0
2013-10-15,2013,10,15,81.0
2013-10-16,2013,10,16,85.0
2013-10-17,2013,10,17,88.0
2013-10-18,2013,10,18,87.0
2013-10-19,2013,10,19,87.0
2013-10-20,2013,10,20,75.0
2013-10-21,2013,10,21,86.0
2013-10-22,2013,10,22,91.0
2013-10-23,2013,10,23,85.0
2013-10-24,2013,10,24,82.0
2013-10-25,2013,10,25,84.0
2013-10-26,2013,10,26,83.0
2013-10-27,2013,10,27,82.0
2013-10-28,2013,10,28,81.0
2013-10-29,2013,10,29,85.0
2013-10-30,2013,10,30,86.0
2013-10-31,2013,10,31,95.0
2013-11-01,2013,11,1,81.0
2013-11-02,2013,11,2,93.0
2013-11-03,2013,11,3,89.0
2013-11-04,2013,11,4,94.0
2013-11-05,2013,11,5,81.0
2013-11-06,2013,11,6,88.0
2013-11-07,2013,11,7,90.0
2013-11-08,2013,11,8,88.0
2013-11-09,2013,11,9,87.0
2013-11-10,2013,11,10,82.0
2013-11-11,2013,11,11,87.0
2013-11-12,2013,11,12,88.0
2013-11-13,2013,11,13,91.0
2013-11-14,2013,11,14,91.0
2013-11-15,2013,11,15,93.0
2013-11-16,2013,11,16,84.0
2013-11-17,2013,11,17,86.0
2013-11-18,2013,11,18,85.0
2013-11-19,2013,11,19,87.0
2013-11-20,2013,11,20,90.0
2013-11-21,2013,11,21,85.0
2013-11-22,2013,11,22,87.0
2013-11-23,2013,11,23,84.0
2013-11-24,2013,11,24,75.0
2013-11-25,2013,11,25,84.0
2013-11-26,2013,11,26,82.0
2013-11-27,2013,11,27,88.0
2013-11-28,2013,11,28,86.0
2013-11-29,2013,11,29,88.0
2013-11-30,2013,11,30,90.0
2013-12-01,2013,12,1,86.0
2013-12-02,2013,12,2,85.0
2013-12-03,2013,12,3,93.0
2013-12-04,2013,12,4,88.0
2013-12-05,2013,12,5,92.0
2013-12-06,2013,12,6,94.0
2013-12-07,2013,12,7,88.0
2013-12-08,2013,12,8,85.0
2013-12-09,2013,12,9,91.0
2013-12-10,2013,12,10,92.0
2013-12-11,2013,12,11,91.0
2013-12-12,2013,12,12,87.0
2013-12-13,2013,12,13,88.0
2013-12-14,2013,12,14,88.0
2013-12-15,2013,12,15,85.0
2013-12-16,2013,12,16,87.0
2013-12-17,2013,12,17,81.0
2013-12-18,2013,12,18,85.0
2013-12-19,2013,12,19,88.0
2013-12-20,2013,12,20,88.0
2013-12-21,2013,12,21,88.0
2013-12-22,2013,12,22,90.0
2013-12-23,2013,12,23,87.0
2013-12-24,2013,12,24,85.0
2013-12-25,2013,12,25,84.0
2013-12-26,2013,12,26,88.0
2013-12-27,2013,12,27,86.0
2013-12-28,2013,12,28,90.0
2013-12-29,2013,12,29,92.0
2013-12-30,2013,12,30,82.0
2013-12-31,2013,12,31,87.0
2014-01-01,2014,1,1,88.0
2014-01-02,2014,1,2,90.0
2014-01-03,2014,1,3,90.0
2014-01-04,2014,1,4,88.0
2014-01-05,2014,1,5,83.0
2014-01-06,2014,1,6,83.0
2014-01-07,2014,1,7,87.0
2014-01-08,2014,1,8,81.0
2014-01-09,2014,1,9,80.0
2014-01-10,2014,1,10,86.0
2014-01-11,2014,1,11,87.0
2014-01-12,2014,1,12,83.0
2014-01-13,2014,1,13,83.0
2014-01-14,2014,1,14,81.0
2014-01-15,2014,1,15,80.0
2014-01-16,2014,1,16,81.0
2014-01-17,2014,1,17,89.0
2014-01-18,2014,1,18,82.0
2014-01-19,2014,1,19,78.0
2014-01-20,2014,1,20,77.0
2014-01-21,2014,1,21,86.0
2014-01-22,2014,1,22,80.0
2014-01-23,2014,1,23,78.0
2014-01-24,2014,1,24,78.0
2014-01-25,2014,1,25,79.0
2014-01-26,2014,1,26,86.0
2014-01-27,2014,1,27,92.0
2014-01-28,2014,1,28,77.0
2014-01-29,2014,1,29,82.0
2014-01-30,2014,1,30,81.0
2014-01-31,2014,1,31,79.0
2014-02-01,2014,2,1,79.0
2014-02-02,2014,2,2,80.0
2014-02-03,2014,2,3,78.0
2014-02-04,2014,2,4,80.0
2014-02-05,2014,2,5,77.0
2014-02-06,2014,2,6,76.0
2014-02-07,2014,2,7,79.0
2014-02-08,2014,2,8,83.0
2014-02-09,2014,2,9,84.0
2014-02-10,2014,2,10,80.0
2014-02-11,2014,2,11,75.0
2014-02-12,2014,2,12,76.0
2014-02-13,2014,2,13,68.0
2014-02-14,2014,2,14,78.0
2014-02-15,2014,2,15,77.0
2014-02-16,2014,2,16,82.0
2014-02-17,2014,2,17,85.0
2014-02-18,2014,2,18,83.0
2014-02-19,2014,2,19,87.0
2014-02-20,2014,2,20,92.0
2014-02-21,2014,2,21,80.0
2014-02-22,2014,2,22,82.0
2014-02-23,2014,2,23,80.0
2014-02-24,2014,2,24,78.0
2014-02-25,2014,2,25,76.0
2014-02-26,2014,2,26,76.0
2014-02-27,2014,2,27,74.0
2014-02-28,2014,2,28,82.0
2014-03-01,2014,3,1,80.0
2014-03-02,2014,3,2,89.0
2014-03-03,2014,3,3,89.0
2014-03-04,2014,3,4,83.0
2014-03-05,2014,3,5,79.0
2014-03-06,2014,3,6,81.0
2014-03-07,2014,3,7,76.0
2014-03-08,2014,3,8,80.0
2014-03-09,2014,3,9,76.0
2014-03-10,2014,3,10,75.0
2014-03-11,2014,3,11,78.0
2014-03-12,2014,3,12,70.0
2014-03-13,2014,3,13,77.0
2014-03-14,2014,3,14,77.0
2014-03-15,2014,3,15,85.0
2014-03-16,2014,3,16,86.0
2014-03-17,2014,3,17,83.0
2014-03-18,2014,3,18,88.0
2014-03-19,2014,3,19,87.0
2014-03-20,2014,3,20,85.0
2014-03-21,2014,3,21,78.0
2014-03-22,2014,3,22,80.0
2014-03-23,2014,3,23,78.0
2014-03-24,2014,3,24,79.0
2014-03-25,2014,3,25,80.0
2014-03-26,2014,3,26,80.0
2014-03-27,2014,3,27,80.0
2014-03-28,2014,3,28,83.0
2014-03-29,2014,3,29,78.0
2014-03-30,2014,3,30,83.0
2014-03-31,2014,3,31,81.0
2014-04-01,2014,4,1,90.0
2014-04-02,2014,4,2,86.0
2014-04-03,2014,4,3,91.0
2014-04-04,2014,4,4,86.0
2014-04-05,2014,4,5,89.0
2014-04-06,2014,4,6,76.0
2014-04-07,2014,4,7,79.0
2014-04-08,2014,4,8,79.0
2014-04-09,2014,4,9,81.0
2014-04-10,2014,4,10,85.0
2014-04-11,2014,4,11,81.0
2014-04-12,2014,4,12,84.0
2014-04-13,2014,4,13,86.0
2014-04-14,2014,4,14,89.0
2014-04-15,2014,4,15,89.0
2014-04-16,2014,4,16,83.0
2014-04-17,2014,4,17,83.0
2014-04-18,2014,4,18,83.0
2014-04-19,2014,4,19,78.0
2014-04-20,2014,4,20,87.0
2014-04-21,2014,4,21,86.0
2014-04-22,2014,4,22,82.0
2014-04-23,2014,4,23,81.0
2014-04-24,2014,4,24,86.0
2014-04-25,2014,4,25,92.0
2014-04-26,2014,4,26,80.0
2014-04-27,2014,4,27,91.0
2014-04-28,2014,4,28,84.0
2014-04-29,2014,4,29,85.0
2014-04-30,2014,4,30,83.0
2014-05-01,2014,5,1,81.0
2014-05-02,2014,5,2,88.0
2014-05-03,2014,5,3,83.0
2014-05-04,2014,5,4,82.0
2014-05-05,2014,5,5,87.0
2014-05-06,2014,5,6,88.0
2014-05-07,2014,5,7,87.0
2014-05-08,2014,5,8,87.0
2014-05-09,2014,5,9,89.0
2014-05-10,2014,5,10,86.0
2014-05-11,2014,5,11,84.0
2014-05-12,2014,5,12,87.0
2014-05-13,2014,5,13,83.0
2014-05-14,2014,5,14,84.0
2014-05-15,2014,5,15,80.0
2014-05-16,2014,5,16,83.0
2014-05-17,2014,5,17,76.0
2014-05-18,2014,5,18,81.0
2014-05-19,2014,5,19,77.0
2014-05-20,2014,5,20,81.0
2014-05-21,2014,5,21,78.0
2014-05-22,2014,5,22,77.0
2014-05-23,2014,5,23,72.0
2014-05-24,2014,5,24,82.0
2014-05-25,2014,5,25,80.0
2014-05-26,2014,5,26,91.0
2014-05-27,2014,5,27,83.0
2014-05-28,2014,5,28,89.0
2014-05-29,2014,5,29,89.0
2014-05-30,2014,5,30,89.0
2014-05-31,2014,5,31,87.0
2014-06-01,2014,6,1,83.0
2014-06-02,2014,6,2,85.0
2014-06-03,2014,6,3,87.0
2014-06-04,2014,6,4,89.0
2014-06-05,2014,6,5,72.0
2014-06-06,2014,6,6,78.0
2014-06-07,2014,6,7,79.0
2014-06-08,2014,6,8,77.0
2014-06-09,2014,6,9,74.0
2014-06-10,2014,6,10,72.0
2014-06-11,2014,6,11,77.0
2014-06-12,2014,6,12,80.0
2014-06-13,2014,6,13,55.0
2014-06-14,2014,6,14,77.0
2014-06-15,2014,6,15,79.0
2014-06-16,2014,6,16,74.0
2014-06-17,2014,6,17,68.0
2014-06-18,2014,6,18,61.0
2014-06-19,2014,6,19,65.0
2014-06-20,2014,6,20,74.0
2014-06-21,2014,6,21,72.0
2014-06-22,2014,6,22,61.0
2014-06-23,2014,6,23,62.0
2014-06-24,2014,6,24,64.0
2014-06-25,2014,6,25,61.0
2014-06-26,2014,6,26,72.0
2014-06-27,2014,6,27,70.0
2014-06-28,2014,6,28,72.0
2014-06-29,2014,6,29,70.0
2014-06-30,2014,6,30,70.0
2014-07-01,2014,7,1,79.0
2014-07-02,2014,7,2,79.0
2014-07-03,2014,7,3,73.0
2014-07-04,2014,7,4,65.0
2014-07-05,2014,7,5,56.0
2014-07-06,2014,7,6,73.0
2014-07-07,2014,7,7,75.0
2014-07-08,2014,7,8,63.0
2014-07-09,2014,7,9,68.0
2014-07-10,2014,7,10,79.0
2014-07-11,2014,7,11,66.0
2014-07-12,2014,7,12,64.0
2014-07-13,2014,7,13,68.0
2014-07-14,2014,7,14,71.0
2014-07-15,2014,7,15,71.0
2014-07-16,2014,7,16,71.0
2014-07-17,2014,7,17,65.0
2014-07-18,2014,7,18,65.0
2014-07-19,2014,7,19,56.0
2014-07-20,2014,7,20,62.0
2014-07-21,2014,7,21,68.0
2014-07-22,2014,7,22,53.0
2014-07-23,2014,7,23,67.0
2014-07-24,2014,7,24,69.0
2014-07-25,2014,7,25,80.0
2014-07-26,2014,7,26,64.0
2014-07-27,2014,7,27,68.0
2014-07-28,2014,7,28,69.0
2014-07-29,2014,7,29,68.0
2014-07-30,2014,7,30,70.0
2014-07-31,2014,7,31,55.0
2014-08-01,2014,8,1,66.0
2014-08-02,2014,8,2,69.0
2014-08-03,2014,8,3,65.0
2014-08-04,2014,8,4,64.0
2014-08-05,2014,8,5,59.0
2014-08-06,2014,8,6,83.0
2014-08-07,2014,8,7,77.0
2014-08-08,2014,8,8,75.0
2014-08-09,2014,8,9,77.0
2014-08-10,2014,8,10,78.0
2014-08-11,2014,8,11,82.0
2014-08-12,2014,8,12,78.0
2014-08-13,2014,8,13,72.0
2014-08-14,2014,8,14,73.0
2014-08-15,2014,8,15,84.0
2014-08-16,2014,8,16,85.0
2014-08-17,2014,8,17,79.0
2014-08-18,2014,8,18,76.0
2014-08-19,2014,8,19,73.0
2014-08-20,2014,8,20,77.0
2014-08-21,2014,8,21,83.0
2014-08-22,2014,8,22,82.0
2014-08-23,2014,8,23,94.0
2014-08-24,2014,8,24,90.0
2014-08-25,2014,8,25,91.0
2014-08-26,2014,8,26,86.0
2014-08-27,2014,8,27,81.0
2014-08-28,2014,8,28,72.0
2014-08-29,2014,8,29,79.0
2014-08-30,2014,8,30,78.0
2014-08-31,2014,8,31,74.0
2014-09-01,2014,9,1,76.0
2014-09-02,2014,9,2,78.0
2014-09-03,2014,9,3,85.0
2014-09-04,2014,9,4,85.0
2014-09-05,2014,9,5,72.0
2014-09-06,2014,9,6,68.0
2014-09-07,2014,9,7,76.0
2014-09-08,2014,9,8,71.0
2014-09-09,2014,9,9,81.0
2014-09-10,2014,9,10,75.0
2014-09-11,2014,9,11,80.0
2014-09-12,2014,9,12,81.0
2014-09-13,2014,9,13,93.0
2014-09-14,2014,9,14,88.0
2014-09-15,2014,9,15,86.0
2014-09-16,2014,9,16,75.0
2014-09-17,2014,9,17,84.0
2014-09-18,2014,9,18,82.0
2014-09-19,2014,9,19,94.0
2014-09-20,2014,9,20,79.0
2014-09-21,2014,9,21,85.0
2014-09-22,2014,9,22,82.0
2014-09-23,2014,9,23,87.0
2014-09-24,2014,9,24,93.0
2014-09-25,2014,9,25,90.0
2014-09-26,2014,9,26,89.0
2014-09-27,2014,9,27,84.0
2014-09-28,2014,9,28,92.0
2014-09-29,2014,9,29,89.0
2014-09-30,2014,9,30,87.0
2014-10-01,2014,10,1,87.0
2014-10-02,2014,10,2,91.0
2014-10-03,2014,10,3,89.0
2014-10-04,2014,10,4,86.0
2014-10-05,2014,10,5,84.0
2014-10-06,2014,10,6,94.0
2014-10-07,2014,10,7,89.0
2014-10-08,2014,10,8,81.0
2014-10-09,2014,10,9,81.0
2014-10-10,2014,10,10,86.0
2014-10-11,2014,10,11,83.0
2014-10-12,2014,10,12,86.0
2014-10-13,2014,10,13,84.0
2014-10-14,2014,10,14,90.0
2014-10-15,2014,10,15,93.0
2014-10-16,2014,10,16,94.0
2014-10-17,2014,10,17,93.0
2014-10-18,2014,10,18,94.0
2014-10-19,2014,10,19,94.0
2014-10-20,2014,10,20,87.0
2014-10-21,2014,10,21,90.0
2014-10-22,2014,10,22,91.0
2014-10-23,2014,10,23,86.0
2014-10-24,2014,10,24,90.0
2014-10-25,2014,10,25,86.0
2014-10-26,2014,10,26,90.0
2014-10-27,2014,10,27,86.0
2014-10-28,2014,10,28,89.0
2014-10-29,2014,10,29,93.0
2014-10-30,2014,10,30,91.0
2014-10-31,2014,10,31,88.0
2014-11-01,2014,11,1,91.0
2014-11-02,2014,11,2,91.0
2014-11-03,2014,11,3,92.0
2014-11-04,2014,11,4,85.0
2014-11-05,2014,11,5,75.0
2014-11-06,2014,11,6,80.0
2014-11-07,2014,11,7,81.0
2014-11-08,2014,11,8,90.0
2014-11-09,2014,11,9,91.0
2014-11-10,2014,11,10,90.0
2014-11-11,2014,11,11,90.0
2014-11-12,2014,11,12,89.0
2014-11-13,2014,11,13,91.0
2014-11-14,2014,11,14,88.0
2014-11-15,2014,11,15,86.0
2014-11-16,2014,11,16,91.0
2014-11-17,2014,11,17,87.0
2014-11-18,2014,11,18,85.0
2014-11-19,2014,11,19,93.0
2014-11-20,2014,11,20,89.0
2014-11-21,2014,11,21,91.0
2014-11-22,2014,11,22,89.0
2014-11-23,2014,11,23,93.0
2014-11-24,2014,11,24,91.0
2014-11-25,2014,11,25,89.0
2014-11-26,2014,11,26,91.0
2014-11-27,2014,11,27,83.0
2014-11-28,2014,11,28,89.0
2014-11-29,2014,11,29,85.0
2014-11-30,2014,11,30,89.0
2014-12-01,2014,12,1,89.0
2014-12-02,2014,12,2,87.0
2014-12-03,2014,12,3,91.0
2014-12-04,2014,12,4,89.0
2014-12-05,2014,12,5,89.0
2014-12-06,2014,12,6,92.0
2014-12-07,2014,12,7,86.0
2014-12-08,2014,12,8,90.0
2014-12-09,2014,12,9,87.0
2014-12-10,2014,12,10,87.0
2014-12-11,2014,12,11,81.0
2014-12-12,2014,12,12,81.0
2014-12-13,2014,12,13,82.0
2014-12-14,2014,12,14,86.0
2014-12-15,2014,12,15,85.0
2014-12-16,2014,12,16,87.0
2014-12-17,2014,12,17,87.0
2014-12-18,2014,12,18,92.0
2014-12-19,2014,12,19,89.0
2014-12-20,2014,12,20,89.0
2014-12-21,2014,12,21,95.0
2014-12-22,2014,12,22,92.0
2014-12-23,2014,12,23,93.0
2014-12-24,2014,12,24,93.0
2014-12-25,2014,12,25,92.0
2014-12-26,2014,12,26,89.0
2014-12-27,2014,12,27,90.0
2014-12-28,2014,12,28,91.0
2014-12-29,2014,12,29,83.0
2014-12-30,2014,12,30,84.0
2014-12-31,2014,12,31,88.0
2015-01-01,2015,1,1,74.0
2015-01-02,2015,1,2,74.0
2015-01-03,2015,1,3,74.0
2015-01-04,2015,1,4,74.0
2015-01-05,2015,1,5,74.0
2015-01-06,2015,1,6,74.0
2015-01-07,2015,1,7,74.0
2015-01-08,2015,1,8,74.0
2015-01-09,2015,1,9,74.0
2015-01-10,2015,1,10,74.0
2015-01-11,2015,1,11,74.0
2015-01-12,2015,1,12,74.0
2015-01-13,2015,1,13,74.0
2015-01-14,2015,1,14,74.0
2015-01-15,2015,1,15,74.0
2015-01-16,2015,1,16,74.0
2015-01-17,2015,1,17,74.0
2015-01-18,2015,1,18,74.0
2015-01-19,2015,1,19,74.0
2015-01-20,2015,1,20,74.0
2015-01-21,2015,1,21,74.0
2015-01-22,2015,1,22,74.0
2015-01-23,2015,1,23,69.0
2015-01-24,2015,1,24,74.0
2015-01-25,2015,1,25,74.0
2015-01-26,2015,1,26,74.0
2015-01-27,2015,1,27,74.0
2015-01-28,2015,1,28,78.0
2015-01-29,2015,1,29,68.0
2015-01-30,2015,1,30,75.0
2015-01-31,2015,1,31,79.0
2015-02-01,2015,2,1,73.0
2015-02-02,2015,2,2,71.0
2015-02-03,2015,2,3,74.0
2015-02-04,2015,2,4,74.0
2015-02-05,2015,2,5,80.0
2015-02-06,2015,2,6,74.0
2015-02-07,2015,2,7,75.0
2015-02-08,2015,2,8,80.0
2015-02-09,2015,2,9,82.0
2015-02-10,2015,2,10,75.0
2015-02-11,2015,2,11,67.0
2015-02-12,2015,2,12,66.0
2015-02-13,2015,2,13,68.0
2015-02-14,2015,2,14,69.0
2015-02-15,2015,2,15,75.0
2015-02-16,2015,2,16,77.0
2015-02-17,2015,2,17,86.0
2015-02-18,2015,2,18,93.0
2015-02-19,2015,2,19,76.0
2015-02-20,2015,2,20,69.0
2015-02-21,2015,2,21,71.0
2015-02-22,2015,2,22,63.0
2015-02-23,2015,2,23,72.0
2015-02-24,2015,2,24,70.0
2015-02-25,2015,2,25,74.0
2015-02-26,2015,2,26,73.0
2015-02-27,2015,2,27,73.0
2015-02-28,2015,2,28,72.0
2015-03-01,2015,3,1,71.0
2015-03-02,2015,3,2,70.0
2015-03-03,2015,3,3,68.0
2015-03-04,2015,3,4,73.0
2015-03-05,2015,3,5,75.0
2015-03-06,2015,3,6,74.0
2015-03-07,2015,3,7,75.0
2015-03-08,2015,3,8,83.0
2015-03-09,2015,3,9,80.0
2015-03-10,2015,3,10,81.0
2015-03-11,2015,3,11,72.0
2015-03-12,2015,3,12,71.0
2015-03-13,2015,3,13,68.0
2015-03-14,2015,3,14,68.0
2015-03-15,2015,3,15,65.0
2015-03-16,2015,3,16,62.0
2015-03-17,2015,3,17,72.0
2015-03-18,2015,3,18,72.0
2015-03-19,2015,3,19,75.0
2015-03-20,2015,3,20,70.0
2015-03-21,2015,3,21,71.0
2015-03-22,2015,3,22,68.0
2015-03-23,2015,3,23,72.0
2015-03-24,2015,3,24,79.0
2015-03-25,2015,3,25,68.0
2015-03-26,2015,3,26,79.0
2015-03-27,2015,3,27,72.0
2015-03-28,2015,3,28,73.0
2015-03-29,2015,3,29,76.0
2015-03-30,2015,3,30,69.0
2015-03-31,2015,3,31,84.0
2015-04-01,2015,4,1,85.0
2015-04-02,2015,4,2,77.0
2015-04-03,2015,4,3,72.0
2015-04-04,2015,4,4,73.0
2015-04-05,2015,4,5,82.0
2015-04-06,2015,4,6,75.0
2015-04-07,2015,4,7,74.0
2015-04-08,2015,4,8,72.0
2015-04-09,2015,4,9,74.0
2015-04-10,2015,4,10,74.0
2015-04-11,2015,4,11,84.0
2015-04-12,2015,4,12,81.0
2015-04-13,2015,4,13,74.0
2015-04-14,2015,4,14,74.0
2015-04-15,2015,4,15,85.0
2015-04-16,2015,4,16,74.0
2015-04-17,2015,4,17,86.0
2015-04-18,2015,4,18,74.0
2015-04-19,2015,4,19,74.0
2015-04-20,2015,4,20,74.0
2015-04-21,2015,4,21,74.0
2015-04-22,2015,4,22,74.0
2015-04-23,2015,4,23,74.0
2015-04-24,2015,4,24,74.0
2015-04-25,2015,4,25,74.0
2015-04-26,2015,4,26,74.0
2015-04-27,2015,4,27,74.0
2015-04-28,2015,4,28,74.0
2015-04-29,2015,4,29,73.0
2015-04-30,2015,4,30,74.0
2015-05-01,2015,5,1,74.0
2015-05-02,2015,5,2,74.0
2015-05-03,2015,5,3,74.0
2015-05-04,2015,5,4,74.0
2015-05-05,2015,5,5,74.0
2015-05-06,2015,5,6,74.0
2015-05-07,2015,5,7,74.0
2015-05-08,2015,5,8,76.0
2015-05-09,2015,5,9,78.0
2015-05-10,2015,5,10,74.0
2015-05-11,2015,5,11,74.0
2015-05-12,2015,5,12,84.0
2015-05-13,2015,5,13,76.0
2015-05-14,2015,5,14,85.0
2015-05-15,2015,5,15,75.0
2015-05-16,2015,5,16,78.0
2015-05-17,2015,5,17,81.0
2015-05-18,2015,5,18,76.0
2015-05-19,2015,5,19,69.0
2015-05-20,2015,5,20,74.0
2015-05-21,2015,5,21,75.0
2015-05-22,2015,5,22,76.0
2015-05-23,2015,5,23,74.0
2015-05-24,2015,5,24,78.0
2015-05-25,2015,5,25,72.0
2015-05-26,2015,5,26,72.0
2015-05-27,2015,5,27,72.0
2015-05-28,2015,5,28,74.0
2015-05-29,2015,5,29,76.0
2015-05-30,2015,5,30,80.0
2015-05-31,2015,5,31,81.0
2015-06-01,2015,6,1,70.0
2015-06-02,2015,6,2,79.0
2015-06-03,2015,6,3,70.0
2015-06-04,2015,6,4,78.0
2015-06-05,2015,6,5,80.0
2015-06-06,2015,6,6,78.0
2015-06-07,2015,6,7,76.0
2015-06-08,2015,6,8,74.0
2015-06-09,2015,6,9,75.0
2015-06-10,2015,6,10,75.0
2015-06-11,2015,6,11,74.0
2015-06-12,2015,6,12,79.0
2015-06-13,2015,6,13,74.0
2015-06-14,2015,6,14,81.0
2015-06-15,2015,6,15,86.0
2015-06-16,2015,6,16,74.0
2015-06-17,2015,6,17,82.0
2015-06-18,2015,6,18,79.0
2015-06-19,2015,6,19,74.0
2015-06-20,2015,6,20,74.0
2015-06-21,2015,6,21,74.0
2015-06-22,2015,6,22,61.0
2015-06-23,2015,6,23,58.0
2015-06-24,2015,6,24,64.0
2015-06-25,2015,6,25,57.0
2015-06-27,2015,6,27,60.0
2015-06-28,2015,6,28,65.0
2015-06-29,2015,6,29,76.0
2015-06-30,2015,6,30,65.0
2015-07-01,2015,7,1,61.0
2015-07-02,2015,7,2,74.0
2015-07-03,2015,7,3,66.0
2015-07-04,2015,7,4,66.0
2015-07-05,2015,7,5,62.0
2015-07-06,2015,7,6,75.0
2015-07-07,2015,7,7,83.0
2015-07-08,2015,7,8,68.0
2015-07-09,2015,7,9,66.0
2015-07-10,2015,7,10,74.0
2015-07-11,2015,7,11,74.0
2015-07-12,2015,7,12,63.0
2015-07-13,2015,7,13,80.0
2015-07-14,2015,7,14,79.0
2015-07-15,2015,7,15,66.0
2015-07-16,2015,7,16,66.0
2015-07-17,2015,7,17,74.0
2015-07-18,2015,7,18,74.0
2015-07-19,2015,7,19,69.0
2015-07-20,2015,7,20,62.0
2015-07-21,2015,7,21,79.0
2015-07-23,2015,7,23,77.0
2015-07-24,2015,7,24,73.0
2015-07-25,2015,7,25,81.0
2015-07-26,2015,7,26,74.0
2015-07-27,2015,7,27,74.0
2015-07-28,2015,7,28,72.0
2015-07-29,2015,7,29,76.0
2015-07-30,2015,7,30,80.0
2015-07-31,2015,7,31,75.0
2015-08-01,2015,8,1,77.0
2015-08-02,2015,8,2,78.0
2015-08-03,2015,8,3,74.0
2015-08-04,2015,8,4,62.0
2015-08-05,2015,8,5,66.0
2015-08-06,2015,8,6,61.0
2015-08-07,2015,8,7,72.0
2015-08-08,2015,8,8,76.0
2015-08-09,2015,8,9,67.0
2015-08-10,2015,8,10,72.0
2015-08-11,2015,8,11,73.0
2015-08-12,2015,8,12,74.0
2015-08-13,2015,8,13,74.0
2015-08-14,2015,8,14,69.0
2015-08-15,2015,8,15,74.0
2015-08-16,2015,8,16,74.0
2015-08-17,2015,8,17,74.0
2015-08-18,2015,8,18,74.0
2015-08-19,2015,8,19,74.0
2015-08-20,2015,8,20,74.0
2015-08-21,2015,8,21,74.0
2015-08-22,2015,8,22,74.0
2015-08-23,2015,8,23,74.0
2015-08-24,2015,8,24,57.0
2015-08-26,2015,8,26,68.0
2015-08-27,2015,8,27,74.0
2015-08-28,2015,8,28,74.0
2015-08-29,2015,8,29,74.0
2015-08-31,2015,8,31,74.0
2015-09-01,2015,9,1,74.0
2015-09-02,2015,9,2,74.0
2015-09-03,2015,9,3,74.0
2015-09-04,2015,9,4,74.0
2015-09-05,2015,9,5,74.0
2015-09-06,2015,9,6,74.0
2015-09-07,2015,9,7,76.0
2015-09-08,2015,9,8,74.0
2015-09-09,2015,9,9,74.0
2015-09-10,2015,9,10,74.0
2015-09-11,2015,9,11,81.0
2015-09-12,2015,9,12,75.0
2015-09-13,2015,9,13,82.0
2015-09-14,2015,9,14,63.0
2015-09-15,2015,9,15,64.0
2015-09-16,2015,9,16,63.0
2015-09-17,2015,9,17,69.0
2015-09-18,2015,9,18,71.0
2015-09-19,2015,9,19,75.0
2015-09-20,2015,9,20,83.0
2015-09-21,2015,9,21,76.0
2015-09-22,2015,9,22,77.0
2015-09-23,2015,9,23,77.0
2015-09-24,2015,9,24,67.0
2015-09-25,2015,9,25,68.0
2015-09-26,2015,9,26,72.0
2015-09-27,2015,9,27,80.0
2015-09-28,2015,9,28,72.0
2015-09-29,2015,9,29,84.0
2015-09-30,2015,9,30,68.0
2015-10-01,2015,10,1,79.0
2015-10-02,2015,10,2,69.0
2015-10-03,2015,10,3,72.0
2015-10-04,2015,10,4,65.0
2015-10-05,2015,10,5,78.0
2015-10-06,2015,10,6,80.0
2015-10-07,2015,10,7,81.0
2015-10-08,2015,10,8,72.0
2015-10-09,2015,10,9,81.0
2015-10-10,2015,10,10,78.0
2015-10-11,2015,10,11,77.0
2015-10-12,2015,10,12,79.0
2015-10-13,2015,10,13,80.0
2015-10-14,2015,10,14,82.0
2015-10-15,2015,10,15,85.0
2015-10-16,2015,10,16,81.0
2015-10-17,2015,10,17,76.0
2015-10-18,2015,10,18,76.0
2015-10-19,2015,10,19,74.0
2015-10-20,2015,10,20,83.0
2015-10-21,2015,10,21,79.0
2015-10-22,2015,10,22,84.0
2015-10-23,2015,10,23,84.0
2015-10-24,2015,10,24,80.0
2015-10-25,2015,10,25,83.0
2015-10-26,2015,10,26,86.0
2015-10-27,2015,10,27,88.0
2015-10-28,2015,10,28,89.0
2015-10-29,2015,10,29,81.0
2015-10-30,2015,10,30,74.0
2015-10-31,2015,10,31,79.0
2015-11-01,2015,11,1,83.0
2015-11-02,2015,11,2,84.0
2015-11-03,2015,11,3,77.0
2015-11-04,2015,11,4,84.0
2015-11-05,2015,11,5,88.0
2015-11-06,2015,11,6,80.0
2015-11-07,2015,11,7,79.0
2015-11-08,2015,11,8,76.0
2015-11-09,2015,11,9,81.0
2015-11-10,2015,11,10,91.0
2015-11-11,2015,11,11,83.0
2015-11-12,2015,11,12,79.0
2015-11-13,2015,11,13,84.0
2015-11-14,2015,11,14,79.0
2015-11-15,2015,11,15,82.0
2015-11-16,2015,11,16,83.0
2015-11-17,2015,11,17,76.0
2015-11-18,2015,11,18,77.0
2015-11-19,2015,11,19,86.0
2015-11-20,2015,11,20,80.0
2015-11-21,2015,11,21,71.0
2015-11-22,2015,11,22,75.0
2015-11-23,2015,11,23,76.0
2015-11-24,2015,11,24,82.0
2015-11-25,2015,11,25,83.0
2015-11-26,2015,11,26,81.0
2015-11-27,2015,11,27,78.0
2015-11-28,2015,11,28,77.0
2015-11-29,2015,11,29,84.0
2015-11-30,2015,11,30,79.0
2015-12-01,2015,12,1,85.0
2015-12-02,2015,12,2,82.0
2015-12-03,2015,12,3,80.0
2015-12-04,2015,12,4,84.0
2015-12-05,2015,12,5,79.0
2015-12-06,2015,12,6,88.0
2015-12-08,2015,12,8,71.0
2015-12-09,2015,12,9,79.0
2015-12-10,2015,12,10,84.0
2015-12-11,2015,12,11,80.0
2015-12-12,2015,12,12,82.0
2015-12-13,2015,12,13,80.0
2015-12-14,2015,12,14,78.0
2015-12-15,2015,12,15,83.0
2015-12-16,2015,12,16,72.0
2015-12-17,2015,12,17,68.0
2015-12-18,2015,12,18,75.0
2015-12-19,2015,12,19,86.0
2015-12-20,2015,12,20,76.0
2015-12-21,2015,12,21,68.0
2015-12-22,2015,12,22,77.0
2015-12-23,2015,12,23,74.0
2015-12-24,2015,12,24,73.0
2015-12-25,2015,12,25,71.0
2015-12-26,2015,12,26,75.0
2015-12-27,2015,12,27,87.0
2015-12-28,2015,12,28,78.0
2015-12-29,2015,12,29,83.0
2015-12-30,2015,12,30,72.0
2015-12-31,2015,12,31,70.0
2016-01-01,2016,1,1,70.0
2016-01-02,2016,1,2,75.0
2016-01-03,2016,1,3,73.0
2016-01-04,2016,1,4,68.0
2016-01-05,2016,1,5,73.0
2016-01-06,2016,1,6,71.0
2016-01-07,2016,1,7,70.0
2016-01-08,2016,1,8,68.0
2016-01-09,2016,1,9,73.0
2016-01-10,2016,1,10,68.0
2016-01-11,2016,1,11,82.0
2016-01-12,2016,1,12,77.0
2016-01-13,2016,1,13,72.0
2016-01-14,2016,1,14,79.0
2016-01-15,2016,1,15,87.0
2016-01-16,2016,1,16,80.0
2016-01-17,2016,1,17,88.0
2016-01-18,2016,1,18,78.0
2016-01-19,2016,1,19,80.0
2016-01-20,2016,1,20,73.0
2016-01-21,2016,1,21,74.0
2016-01-22,2016,1,22,80.0
2016-01-23,2016,1,23,79.0
2016-01-24,2016,1,24,71.0
2016-01-25,2016,1,25,72.0
2016-01-26,2016,1,26,77.0
2016-01-27,2016,1,27,83.0
2016-01-28,2016,1,28,84.0
2016-01-29,2016,1,29,85.0
2016-01-30,2016,1,30,75.0
2016-01-31,2016,1,31,80.0
2016-02-01,2016,2,1,75.0
2016-02-02,2016,2,2,72.0
2016-02-03,2016,2,3,73.0
2016-02-04,2016,2,4,71.0
2016-02-05,2016,2,5,80.0
2016-02-06,2016,2,6,85.0
2016-02-07,2016,2,7,80.0
2016-02-08,2016,2,8,78.0
2016-02-09,2016,2,9,77.0
2016-02-10,2016,2,10,85.0
2016-02-12,2016,2,12,78.0
2016-02-13,2016,2,13,72.0
2016-02-14,2016,2,14,82.0
2016-02-15,2016,2,15,87.0
2016-02-16,2016,2,16,78.0
2016-02-17,2016,2,17,76.0
2016-02-18,2016,2,18,72.0
2016-02-19,2016,2,19,71.0
2016-02-20,2016,2,20,69.0
2016-02-21,2016,2,21,69.0
2016-02-22,2016,2,22,69.0
2016-02-23,2016,2,23,70.0
2016-02-24,2016,2,24,74.0
2016-02-25,2016,2,25,68.0
2016-02-26,2016,2,26,71.0
2016-02-27,2016,2,27,69.0
2016-02-28,2016,2,28,69.0
2016-02-29,2016,2,29,69.0
2016-03-01,2016,3,1,70.0
2016-03-02,2016,3,2,70.0
2016-03-03,2016,3,3,68.0
2016-03-04,2016,3,4,69.0
2016-03-05,2016,3,5,72.0
2016-03-06,2016,3,6,77.0
2016-03-07,2016,3,7,73.0
2016-03-08,2016,3,8,74.0
2016-03-09,2016,3,9,76.0
2016-03-10,2016,3,10,73.0
2016-03-11,2016,3,11,68.0
2016-03-12,2016,3,12,70.0
2016-03-13,2016,3,13,71.0
2016-03-14,2016,3,14,73.0
2016-03-15,2016,3,15,78.0
2016-03-16,2016,3,16,73.0
2016-03-17,2016,3,17,63.0
2016-03-18,2016,3,18,68.0
2016-03-19,2016,3,19,72.0
2016-03-20,2016,3,20,72.0
2016-03-21,2016,3,21,78.0
2016-03-22,2016,3,22,66.0
2016-03-23,2016,3,23,68.0
2016-03-24,2016,3,24,72.0
2016-03-25,2016,3,25,71.0
2016-03-26,2016,3,26,79.0
2016-03-27,2016,3,27,80.0
2016-03-28,2016,3,28,75.0
2016-03-29,2016,3,29,73.0
2016-03-30,2016,3,30,74.0
2016-03-31,2016,3,31,77.0
2016-04-01,2016,4,1,81.0
2016-04-02,2016,4,2,73.0
2016-04-03,2016,4,3,78.0
2016-04-04,2016,4,4,84.0
2016-04-05,2016,4,5,82.0
2016-04-06,2016,4,6,83.0
2016-04-07,2016,4,7,80.0
2016-04-08,2016,4,8,75.0
2016-04-09,2016,4,9,85.0
2016-04-10,2016,4,10,75.0
2016-04-11,2016,4,11,85.0
2016-04-12,2016,4,12,71.0
2016-04-13,2016,4,13,72.0
2016-04-14,2016,4,14,69.0
2016-04-15,2016,4,15,77.0
2016-04-16,2016,4,16,72.0
2016-04-17,2016,4,17,84.0
2016-04-18,2016,4,18,81.0
2016-04-19,2016,4,19,74.0
2016-04-20,2016,4,20,75.0
2016-04-21,2016,4,21,73.0
2016-04-22,2016,4,22,72.0
2016-04-23,2016,4,23,75.0
2016-04-24,2016,4,24,72.0
2016-04-25,2016,4,25,72.0
2016-04-26,2016,4,26,73.0
2016-04-27,2016,4,27,73.0
2016-04-28,2016,4,28,67.0
2016-04-29,2016,4,29,75.0
2016-04-30,2016,4,30,75.0
2016-05-01,2016,5,1,71.0
2016-05-02,2016,5,2,70.0
2016-05-03,2016,5,3,71.0
2016-05-04,2016,5,4,85.0
2016-05-05,2016,5,5,81.0
2016-05-06,2016,5,6,76.0
2016-05-07,2016,5,7,81.0
2016-05-08,2016,5,8,73.0
2016-05-09,2016,5,9,75.0
2016-05-10,2016,5,10,76.0
2016-05-11,2016,5,11,76.0
2016-05-12,2016,5,12,82.0
2016-05-13,2016,5,13,74.0
2016-05-14,2016,5,14,80.0
2016-05-15,2016,5,15,86.0
2016-05-16,2016,5,16,79.0
2016-05-17,2016,5,17,75.0
2016-05-18,2016,5,18,73.0
2016-05-19,2016,5,19,74.0
2016-05-20,2016,5,20,78.0
2016-05-21,2016,5,21,79.0
2016-05-22,2016,5,22,69.0
2016-05-23,2016,5,23,69.0
2016-05-24,2016,5,24,71.0
2016-05-25,2016,5,25,79.0
2016-05-26,2016,5,26,72.0
2016-05-27,2016,5,27,80.0
2016-05-28,2016,5,28,86.0
2016-05-29,2016,5,29,71.0
2016-05-30,2016,5,30,82.0
2016-05-31,2016,5,31,68.0
2016-06-01,2016,6,1,66.0
2016-06-02,2016,6,2,82.0
2016-06-03,2016,6,3,60.0
2016-06-04,2016,6,4,61.0
2016-06-05,2016,6,5,64.0
2016-06-06,2016,6,6,69.0
2016-06-07,2016,6,7,71.0
2016-06-08,2016,6,8,60.0
2016-06-09,2016,6,9,60.0
2016-06-10,2016,6,10,62.0
2016-06-11,2016,6,11,70.0
2016-06-12,2016,6,12,74.0
2016-06-13,2016,6,13,70.0
2016-06-14,2016,6,14,71.0
2016-06-15,2016,6,15,65.0
2016-06-16,2016,6,16,75.0
2016-06-17,2016,6,17,74.0
2016-06-18,2016,6,18,67.0
2016-06-19,2016,6,19,66.0
2016-06-20,2016,6,20,63.0
2016-06-21,2016,6,21,69.0
2016-06-22,2016,6,22,58.0
2016-06-23,2016,6,23,73.0
2016-06-24,2016,6,24,60.0
2016-06-25,2016,6,25,54.0
2016-06-26,2016,6,26,55.0
2016-06-27,2016,6,27,57.0
2016-06-28,2016,6,28,60.0
2016-06-29,2016,6,29,62.0
2016-06-30,2016,6,30,63.0
2016-07-01,2016,7,1,56.0
2016-07-02,2016,7,2,58.0
2016-07-03,2016,7,3,60.0
2016-07-04,2016,7,4,68.0
2016-07-05,2016,7,5,62.0
2016-07-06,2016,7,6,77.0
2016-07-07,2016,7,7,75.0
2016-07-08,2016,7,8,67.0
2016-07-09,2016,7,9,74.0
2016-07-10,2016,7,10,62.0
2016-07-11,2016,7,11,57.0
2016-07-12,2016,7,12,61.0
2016-07-13,2016,7,13,67.0
2016-07-14,2016,7,14,67.0
2016-07-15,2016,7,15,66.0
2016-07-16,2016,7,16,74.0
2016-07-17,2016,7,17,72.0
2016-07-18,2016,7,18,86.0
2016-07-19,2016,7,19,78.0
2016-07-20,2016,7,20,77.0
2016-07-21,2016,7,21,60.0
2016-07-22,2016,7,22,64.0
2016-07-23,2016,7,23,74.0
2016-07-24,2016,7,24,76.0
2016-07-25,2016,7,25,71.0
2016-07-26,2016,7,26,74.0
2016-07-27,2016,7,27,62.0
2016-07-28,2016,7,28,58.0
2016-07-29,2016,7,29,59.0
2016-07-30,2016,7,30,61.0
2016-07-31,2016,7,31,62.0
2016-08-01,2016,8,1,54.0
2016-08-02,2016,8,2,44.0
2016-08-03,2016,8,3,50.0
2016-08-04,2016,8,4,51.0
2016-08-05,2016,8,5,55.0
2016-08-06,2016,8,6,58.0
2016-08-07,2016,8,7,66.0
2016-08-08,2016,8,8,60.0
2016-08-09,2016,8,9,60.0
2016-08-10,2016,8,10,62.0
2016-08-11,2016,8,11,60.0
2016-08-12,2016,8,12,63.0
2016-08-13,2016,8,13,58.0
2016-08-14,2016,8,14,54.0
2016-08-15,2016,8,15,68.0
2016-08-16,2016,8,16,56.0
2016-08-17,2016,8,17,64.0
2016-08-18,2016,8,18,61.0
2016-08-19,2016,8,19,57.0
2016-08-20,2016,8,20,57.0
2016-08-21,2016,8,21,60.0
2016-08-22,2016,8,22,60.0
2016-08-23,2016,8,23,76.0
2016-08-24,2016,8,24,87.0
2016-08-25,2016,8,25,78.0
2016-08-26,2016,8,26,72.0
2016-08-27,2016,8,27,67.0
2016-08-28,2016,8,28,69.0
2016-08-29,2016,8,29,62.0
2016-08-30,2016,8,30,74.0
2016-08-31,2016,8,31,86.0
2016-09-01,2016,9,1,66.0
2016-09-02,2016,9,2,76.0
2016-09-03,2016,9,3,67.0
2016-09-04,2016,9,4,64.0
2016-09-05,2016,9,5,62.0
2016-09-06,2016,9,6,72.0
2016-09-07,2016,9,7,72.0
2016-09-08,2016,9,8,85.0
2016-09-09,2016,9,9,68.0
2016-09-10,2016,9,10,60.0
2016-09-11,2016,9,11,60.0
2016-09-12,2016,9,12,63.0
2016-09-13,2016,9,13,59.0
2016-09-14,2016,9,14,56.0
2016-09-15,2016,9,15,60.0
2016-09-16,2016,9,16,68.0
2016-09-17,2016,9,17,66.0
2016-09-18,2016,9,18,68.0
2016-09-19,2016,9,19,62.0
2016-09-20,2016,9,20,63.0
2016-09-21,2016,9,21,68.0
2016-09-22,2016,9,22,68.0
2016-09-23,2016,9,23,68.0
2016-09-24,2016,9,24,68.0
2016-09-25,2016,9,25,57.0
2016-09-26,2016,9,26,68.0
2016-09-27,2016,9,27,65.0
2016-09-28,2016,9,28,59.0
2016-09-29,2016,9,29,62.0
2016-09-30,2016,9,30,68.0
2016-10-01,2016,10,1,68.0
2016-10-02,2016,10,2,68.0
2016-10-03,2016,10,3,57.0
2016-10-04,2016,10,4,68.0
2016-10-05,2016,10,5,64.0
2016-10-06,2016,10,6,61.0
2016-10-07,2016,10,7,58.0
2016-10-08,2016,10,8,56.0
2016-10-09,2016,10,9,68.0
2016-10-10,2016,10,10,59.0
2016-10-11,2016,10,11,59.0
2016-10-12,2016,10,12,68.0
2016-10-13,2016,10,13,68.0
2016-10-14,2016,10,14,67.0
2016-10-15,2016,10,15,60.0
2016-10-16,2016,10,16,86.0
2016-10-17,2016,10,17,92.0
2016-10-18,2016,10,18,86.0
2016-10-19,2016,10,19,91.0
2016-10-20,2016,10,20,89.0
2016-10-21,2016,10,21,73.0
2016-10-22,2016,10,22,67.0
2016-10-23,2016,10,23,70.0
2016-10-24,2016,10,24,67.0
2016-10-25,2016,10,25,90.0
2016-10-26,2016,10,26,68.0
2016-10-27,2016,10,27,69.0
2016-10-28,2016,10,28,73.0
2016-10-29,2016,10,29,85.0
2016-10-30,2016,10,30,88.0
2016-10-31,2016,10,31,74.0
2016-11-01,2016,11,1,70.0
2016-11-02,2016,11,2,80.0
2016-11-03,2016,11,3,85.0
2016-11-04,2016,11,4,84.0
2016-11-05,2016,11,5,80.0
2016-11-06,2016,11,6,77.0
2016-11-07,2016,11,7,91.0
2016-11-08,2016,11,8,83.0
2016-11-09,2016,11,9,83.0
2016-11-10,2016,11,10,82.0
2016-11-11,2016,11,11,73.0
2016-11-12,2016,11,12,84.0
2016-11-13,2016,11,13,88.0
2016-11-14,2016,11,14,85.0
2016-11-15,2016,11,15,88.0
2016-11-16,2016,11,16,79.0
2016-11-17,2016,11,17,86.0
2016-11-18,2016,11,18,87.0
2016-11-19,2016,11,19,87.0
2016-11-20,2016,11,20,81.0
2016-11-21,2016,11,21,78.0
2016-11-22,2016,11,22,78.0
2016-11-23,2016,11,23,87.0
2016-11-24,2016,11,24,81.0
2016-11-25,2016,11,25,76.0
2016-11-26,2016,11,26,82.0
2016-11-27,2016,11,27,86.0
2016-11-28,2016,11,28,83.0
2016-11-29,2016,11,29,81.0
2016-11-30,2016,11,30,80.0
2016-12-01,2016,12,1,92.0
2016-12-02,2016,12,2,85.0
2016-12-03,2016,12,3,91.0
2016-12-04,2016,12,4,88.0
2016-12-05,2016,12,5,88.0
2016-12-06,2016,12,6,76.0
2016-12-07,2016,12,7,74.0
2016-12-08,2016,12,8,62.0
2016-12-09,2016,12,9,80.0
2016-12-10,2016,12,10,70.0
2016-12-11,2016,12,11,69.0
2016-12-12,2016,12,12,71.0
2016-12-13,2016,12,13,76.0
2016-12-14,2016,12,14,77.0
2016-12-15,2016,12,15,69.0
2016-12-16,2016,12,16,71.0
2016-12-17,2016,12,17,75.0
2016-12-18,2016,12,18,80.0
2016-12-19,2016,12,19,83.0
2016-12-20,2016,12,20,84.0
2016-12-21,2016,12,21,85.0
2016-12-22,2016,12,22,90.0
2016-12-23,2016,12,23,86.0
2016-12-24,2016,12,24,84.0
2016-12-25,2016,12,25,81.0
2016-12-26,2016,12,26,78.0
2016-12-27,2016,12,27,72.0
2016-12-28,2016,12,28,78.0
2016-12-29,2016,12,29,78.0
2016-12-30,2016,12,30,72.0
2016-12-31,2016,12,31,72.0
2017-01-01,2017,1,1,79.0
2017-01-02,2017,1,2,82.0
2017-01-03,2017,1,3,85.0
2017-01-04,2017,1,4,94.0
2017-01-05,2017,1,5,89.0
2017-01-06,2017,1,6,91.0
2017-01-07,2017,1,7,93.0
2017-01-08,2017,1,8,79.0
2017-01-09,2017,1,9,69.0
2017-01-10,2017,1,10,64.0
2017-01-11,2017,1,11,69.0
2017-01-12,2017,1,12,82.0
2017-01-13,2017,1,13,84.0
2017-01-14,2017,1,14,83.0
2017-01-15,2017,1,15,79.0
2017-01-16,2017,1,16,78.0
2017-01-17,2017,1,17,87.0
2017-01-18,2017,1,18,83.0
2017-01-19,2017,1,19,81.0
2017-01-20,2017,1,20,93.0
2017-01-21,2017,1,21,80.0
2017-01-22,2017,1,22,82.0
2017-01-23,2017,1,23,91.0
2017-01-24,2017,1,24,87.0
2017-01-25,2017,1,25,74.0
2017-01-26,2017,1,26,78.0
2017-01-27,2017,1,27,79.0
2017-01-28,2017,1,28,80.0
2017-01-29,2017,1,29,72.0
2017-01-30,2017,1,30,74.0
2017-01-31,2017,1,31,79.0
2017-02-01,2017,2,1,76.0
2017-02-02,2017,2,2,71.0
2017-02-03,2017,2,3,77.0
2017-02-04,2017,2,4,81.0
2017-02-05,2017,2,5,76.0
2017-02-06,2017,2,6,73.0
2017-02-07,2017,2,7,75.0
2017-02-08,2017,2,8,79.0
2017-02-09,2017,2,9,71.0
2017-02-10,2017,2,10,71.0
2017-02-11,2017,2,11,65.0
2017-02-12,2017,2,12,69.0
2017-02-13,2017,2,13,74.0
2017-02-14,2017,2,14,69.0
2017-02-15,2017,2,15,70.0
2017-02-16,2017,2,16,75.0
2017-02-17,2017,2,17,67.0
2017-02-18,2017,2,18,67.0
2017-02-19,2017,2,19,74.0
2017-02-20,2017,2,20,78.0
2017-02-21,2017,2,21,79.0
2017-02-22,2017,2,22,78.0
2017-02-23,2017,2,23,79.0
2017-02-24,2017,2,24,72.0
2017-02-25,2017,2,25,78.0
2017-02-26,2017,2,26,83.0
2017-02-27,2017,2,27,73.0
2017-02-28,2017,2,28,84.0
2017-03-01,2017,3,1,80.0
2017-03-02,2017,3,2,83.0
2017-03-03,2017,3,3,81.0
2017-03-04,2017,3,4,87.0
2017-03-05,2017,3,5,90.0
2017-03-06,2017,3,6,80.0
2017-03-07,2017,3,7,80.0
2017-03-08,2017,3,8,79.0
2017-03-09,2017,3,9,76.0
2017-03-10,2017,3,10,70.0
2017-03-11,2017,3,11,75.0
2017-03-12,2017,3,12,74.0
2017-03-13,2017,3,13,63.0
2017-03-14,2017,3,14,68.0
2017-03-15,2017,3,15,72.0
2017-03-16,2017,3,16,86.0
2017-03-17,2017,3,17,73.0
2017-03-18,2017,3,18,76.0
2017-03-19,2017,3,19,83.0
2017-03-20,2017,3,20,81.0
2017-03-21,2017,3,21,70.0
2017-03-22,2017,3,22,72.0
2017-03-23,2017,3,23,69.0
2017-03-24,2017,3,24,68.0
2017-03-25,2017,3,25,74.0
2017-03-26,2017,3,26,80.0
2017-03-27,2017,3,27,84.0
2017-03-28,2017,3,28,87.0
2017-03-29,2017,3,29,88.0
2017-03-30,2017,3,30,78.0
2017-03-31,2017,3,31,78.0
2017-04-01,2017,4,1,80.0
2017-04-02,2017,4,2,74.0
2017-04-03,2017,4,3,73.0
2017-04-04,2017,4,4,71.0
2017-04-05,2017,4,5,76.0
2017-04-06,2017,4,6,80.0
2017-04-07,2017,4,7,79.0
2017-04-08,2017,4,8,74.0
2017-04-09,2017,4,9,80.0
2017-04-10,2017,4,10,83.0
2017-04-11,2017,4,11,80.0
2017-04-12,2017,4,12,85.0
2017-04-13,2017,4,13,84.0
2017-04-14,2017,4,14,78.0
2017-04-15,2017,4,15,70.0
2017-04-16,2017,4,16,75.0
2017-04-17,2017,4,17,82.0
2017-04-18,2017,4,18,78.0
2017-04-19,2017,4,19,73.0
2017-04-20,2017,4,20,79.0
2017-04-21,2017,4,21,74.0
2017-04-22,2017,4,22,79.0
2017-04-23,2017,4,23,82.0
2017-04-24,2017,4,24,73.0
2017-04-25,2017,4,25,74.0
2017-04-26,2017,4,26,74.0
2017-04-27,2017,4,27,73.0
2017-04-28,2017,4,28,84.0
2017-04-29,2017,4,29,70.0
2017-04-30,2017,4,30,81.0
2017-05-01,2017,5,1,77.0
2017-05-02,2017,5,2,83.0
2017-05-03,2017,5,3,79.0
2017-05-04,2017,5,4,79.0
2017-05-05,2017,5,5,80.0
2017-05-06,2017,5,6,77.0
2017-05-07,2017,5,7,75.0
2017-05-08,2017,5,8,76.0
2017-05-09,2017,5,9,85.0
2017-05-10,2017,5,10,84.0
2017-05-11,2017,5,11,83.0
2017-05-12,2017,5,12,86.0
2017-05-13,2017,5,13,75.0
2017-05-14,2017,5,14,76.0
2017-05-15,2017,5,15,71.0
2017-05-16,2017,5,16,75.0
2017-05-17,2017,5,17,81.0
2017-05-18,2017,5,18,88.0
2017-05-19,2017,5,19,74.0
2017-05-20,2017,5,20,77.0
2017-05-21,2017,5,21,76.0
2017-05-22,2017,5,22,66.0
2017-05-23,2017,5,23,68.0
2017-05-24,2017,5,24,80.0
2017-05-25,2017,5,25,87.0
2017-05-26,2017,5,26,61.0
2017-05-27,2017,5,27,68.0
2017-05-28,2017,5,28,58.0
2017-05-29,2017,5,29,61.0
2017-05-30,2017,5,30,71.0
2017-05-31,2017,5,31,63.0
2017-06-01,2017,6,1,62.0
2017-06-02,2017,6,2,64.0
2017-06-03,2017,6,3,60.0
2017-06-04,2017,6,4,66.0
2017-06-05,2017,6,5,65.0
2017-06-06,2017,6,6,59.0
2017-06-07,2017,6,7,65.0
2017-06-08,2017,6,8,68.0
2017-06-09,2017,6,9,55.0
2017-06-10,2017,6,10,57.0
2017-06-11,2017,6,11,62.0
2017-06-12,2017,6,12,71.0
2017-06-13,2017,6,13,72.0
2017-06-14,2017,6,14,74.0
2017-06-15,2017,6,15,78.0
2017-06-16,2017,6,16,74.0
2017-06-17,2017,6,17,68.0
2017-06-18,2017,6,18,61.0
2017-06-19,2017,6,19,58.0
2017-06-20,2017,6,20,60.0
2017-06-21,2017,6,21,64.0
2017-06-22,2017,6,22,66.0
2017-06-23,2017,6,23,62.0
2017-06-24,2017,6,24,81.0
2017-06-25,2017,6,25,81.0
2017-06-26,2017,6,26,71.0
2017-06-27,2017,6,27,57.0
2017-06-28,2017,6,28,62.0
2017-06-29,2017,6,29,66.0
2017-06-30,2017,6,30,68.0
2017-07-01,2017,7,1,58.0
2017-07-02,2017,7,2,59.0
2017-07-03,2017,7,3,62.0
2017-07-04,2017,7,4,63.0
2017-07-05,2017,7,5,60.0
2017-07-06,2017,7,6,61.0
2017-07-07,2017,7,7,61.0
2017-07-08,2017,7,8,62.0
2017-07-09,2017,7,9,59.0
2017-07-10,2017,7,10,66.0
2017-07-11,2017,7,11,67.0
2017-07-12,2017,7,12,57.0
2017-07-13,2017,7,13,59.0
2017-07-14,2017,7,14,61.0
2017-07-16,2017,7,16,52.0
2017-07-17,2017,7,17,52.0
2017-07-18,2017,7,18,49.0
2017-07-19,2017,7,19,60.0
2017-07-20,2017,7,20,55.0
2017-07-21,2017,7,21,64.0
2017-07-22,2017,7,22,63.0
2017-07-23,2017,7,23,62.0
2017-07-24,2017,7,24,53.0
2017-07-25,2017,7,25,57.0
2017-07-26,2017,7,26,55.0
2017-07-27,2017,7,27,69.0
2017-07-28,2017,7,28,64.0
2017-07-29,2017,7,29,59.0
2017-07-30,2017,7,30,72.0
2017-07-31,2017,7,31,78.0
2017-08-01,2017,8,1,72.0
2017-08-02,2017,8,2,62.0
2017-08-03,2017,8,3,67.0
2017-08-04,2017,8,4,76.0
2017-08-05,2017,8,5,69.0
2017-08-06,2017,8,6,68.0
2017-08-07,2017,8,7,72.0
2017-08-08,2017,8,8,65.0
2017-08-09,2017,8,9,70.0
2017-08-10,2017,8,10,69.0
2017-08-11,2017,8,11,70.0
2017-08-12,2017,8,12,81.0
2017-08-13,2017,8,13,78.0
2017-08-14,2017,8,14,75.0
2017-08-15,2017,8,15,75.0
2017-08-16,2017,8,16,59.0
2017-08-17,2017,8,17,65.0
2017-08-18,2017,8,18,66.0
2017-08-19,2017,8,19,67.0
2017-08-20,2017,8,20,63.0
2017-08-21,2017,8,21,56.0
2017-08-22,2017,8,22,50.0
2017-08-23,2017,8,23,56.0
2017-08-24,2017,8,24,58.0
2017-08-25,2017,8,25,56.0
2017-08-26,2017,8,26,69.0
2017-08-27,2017,8,27,87.0
2017-08-28,2017,8,28,80.0
2017-08-29,2017,8,29,69.0
2017-08-30,2017,8,30,70.0
2017-08-31,2017,8,31,71.0
2017-09-01,2017,9,1,72.0
2017-09-02,2017,9,2,72.0
2017-09-03,2017,9,3,84.0
2017-09-04,2017,9,4,76.0
2017-09-05,2017,9,5,76.0
2017-09-06,2017,9,6,84.0
2017-09-07,2017,9,7,84.0
2017-09-08,2017,9,8,85.0
2017-09-09,2017,9,9,82.0
2017-09-10,2017,9,10,75.0
2017-09-11,2017,9,11,78.0
2017-09-12,2017,9,12,81.0
2017-09-13,2017,9,13,83.0
2017-09-14,2017,9,14,86.0
2017-09-15,2017,9,15,77.0
2017-09-16,2017,9,16,69.0
2017-09-17,2017,9,17,75.0
2017-09-18,2017,9,18,84.0
2017-09-19,2017,9,19,76.0
2017-09-20,2017,9,20,66.0
2017-09-21,2017,9,21,70.0
2017-09-22,2017,9,22,70.0
2017-09-23,2017,9,23,66.0
2017-09-24,2017,9,24,76.0
2017-09-25,2017,9,25,75.0
2017-09-26,2017,9,26,82.0
2017-09-27,2017,9,27,70.0
2017-09-28,2017,9,28,73.0
2017-09-29,2017,9,29,76.0
2017-09-30,2017,9,30,82.0
2017-10-02,2017,10,2,66.0
2017-10-03,2017,10,3,70.0
2017-10-04,2017,10,4,72.0
2017-10-05,2017,10,5,77.0
2017-10-06,2017,10,6,80.0
2017-10-07,2017,10,7,87.0
2017-10-08,2017,10,8,77.0
2017-10-09,2017,10,9,76.0
2017-10-10,2017,10,10,76.0
2017-10-11,2017,10,11,82.0
2017-10-12,2017,10,12,68.0
2017-10-13,2017,10,13,76.0
2017-10-14,2017,10,14,58.0
2017-10-15,2017,10,15,61.0
2017-10-16,2017,10,16,68.0
2017-10-17,2017,10,17,68.0
2017-10-18,2017,10,18,68.0
2017-10-19,2017,10,19,68.0
2017-10-20,2017,10,20,64.0
2017-10-21,2017,10,21,58.0
2017-10-22,2017,10,22,63.0
2017-10-23,2017,10,23,70.0
2017-10-24,2017,10,24,75.0
2017-10-26,2017,10,26,85.0
2017-10-27,2017,10,27,89.0
2017-10-28,2017,10,28,81.0
2017-10-29,2017,10,29,83.0
2017-10-30,2017,10,30,89.0
2017-10-31,2017,10,31,93.0
2017-11-01,2017,11,1,83.0
2017-11-02,2017,11,2,73.0
2017-11-03,2017,11,3,81.0
2017-11-04,2017,11,4,87.0
2017-11-05,2017,11,5,77.0
2017-11-06,2017,11,6,75.0
2017-11-07,2017,11,7,78.0
2017-11-08,2017,11,8,86.0
2017-11-09,2017,11,9,71.0
2017-11-10,2017,11,10,78.0
2017-11-11,2017,11,11,80.0
2017-11-12,2017,11,12,80.0
2017-11-13,2017,11,13,73.0
2017-11-14,2017,11,14,79.0
2017-11-15,2017,11,15,80.0
2017-11-16,2017,11,16,81.0
2017-11-17,2017,11,17,77.0
2017-11-18,2017,11,18,86.0
2017-11-19,2017,11,19,77.0
2017-11-20,2017,11,20,77.0
2017-11-21,2017,11,21,75.0
2017-11-22,2017,11,22,85.0
2017-11-23,2017,11,23,88.0
2017-11-24,2017,11,24,86.0
2017-11-25,2017,11,25,93.0
2017-11-26,2017,11,26,91.0
2017-11-27,2017,11,27,90.0
2017-11-28,2017,11,28,91.0
2017-11-29,2017,11,29,87.0
2017-11-30,2017,11,30,91.0
2017-12-01,2017,12,1,92.0
2017-12-02,2017,12,2,94.0
2017-12-03,2017,12,3,89.0
2017-12-04,2017,12,4,89.0
2017-12-05,2017,12,5,91.0
2017-12-06,2017,12,6,82.0
2017-12-07,2017,12,7,80.0
2017-12-08,2017,12,8,78.0
2017-12-09,2017,12,9,82.0
2017-12-10,2017,12,10,80.0
2017-12-11,2017,12,11,72.0
2017-12-12,2017,12,12,79.0
2017-12-13,2017,12,13,73.0
2017-12-14,2017,12,14,72.0
2017-12-15,2017,12,15,72.0
2017-12-16,2017,12,16,79.0
2017-12-17,2017,12,17,73.0
2017-12-18,2017,12,18,81.0
2017-12-19,2017,12,19,87.0
2017-12-20,2017,12,20,90.0
2017-12-21,2017,12,21,90.0
2017-12-22,2017,12,22,75.0
2017-12-23,2017,12,23,87.0
2017-12-24,2017,12,24,82.0
2017-12-25,2017,12,25,79.0
2017-12-26,2017,12,26,82.0
2017-12-27,2017,12,27,78.0
2017-12-28,2017,12,28,74.0
2017-12-29,2017,12,29,78.0
2017-12-30,2017,12,30,88.0
2017-12-31,2017,12,31,86.0
2018-01-01,2018,1,1,82.0
2018-01-02,2018,1,2,88.0
2018-01-03,2018,1,3,92.0
2018-01-04,2018,1,4,78.0
2018-01-05,2018,1,5,76.0
2018-01-06,2018,1,6,76.0
2018-01-07,2018,1,7,78.0
2018-01-08,2018,1,8,83.0
2018-01-09,2018,1,9,76.0
2018-01-10,2018,1,10,72.0
2018-01-11,2018,1,11,69.0
2018-01-12,2018,1,12,73.0
2018-01-13,2018,1,13,70.0
2018-01-14,2018,1,14,69.0
2018-01-15,2018,1,15,70.0
2018-01-16,2018,1,16,72.0
2018-01-17,2018,1,17,77.0
2018-01-18,2018,1,18,86.0
2018-01-19,2018,1,19,85.0
2018-01-20,2018,1,20,79.0
2018-01-21,2018,1,21,83.0
2018-01-22,2018,1,22,83.0
2018-01-23,2018,1,23,76.0
2018-01-24,2018,1,24,77.0
2018-01-25,2018,1,25,83.0
2018-01-26,2018,1,26,84.0
2018-01-27,2018,1,27,77.0
2018-01-28,2018,1,28,87.0
2018-01-29,2018,1,29,81.0
2018-01-30,2018,1,30,82.0
2018-02-01,2018,2,1,81.0
2018-02-02,2018,2,2,77.0
2018-02-03,2018,2,3,75.0
2018-02-04,2018,2,4,70.0
2018-02-05,2018,2,5,70.0
2018-02-06,2018,2,6,70.0
2018-02-07,2018,2,7,65.0
2018-02-08,2018,2,8,67.0
2018-02-09,2018,2,9,73.0
2018-02-10,2018,2,10,77.0
2018-02-11,2018,2,11,70.0
2018-02-12,2018,2,12,62.0
2018-02-13,2018,2,13,67.0
2018-02-14,2018,2,14,75.0
2018-02-15,2018,2,15,71.0
2018-02-16,2018,2,16,81.0
2018-02-17,2018,2,17,75.0
2018-02-18,2018,2,18,78.0
2018-02-19,2018,2,19,78.0
2018-02-20,2018,2,20,68.0
2018-02-21,2018,2,21,76.0
2018-02-22,2018,2,22,85.0
2018-02-23,2018,2,23,90.0
2018-02-24,2018,2,24,78.0
2018-02-25,2018,2,25,82.0
2018-02-26,2018,2,26,73.0
2018-02-27,2018,2,27,83.0
2018-02-28,2018,2,28,80.0
2018-03-01,2018,3,1,83.0
2018-03-02,2018,3,2,76.0
2018-03-03,2018,3,3,83.0
2018-03-04,2018,3,4,78.0
2018-03-05,2018,3,5,82.0
2018-03-06,2018,3,6,82.0
2018-03-07,2018,3,7,76.0
2018-03-08,2018,3,8,73.0
2018-03-09,2018,3,9,72.0
2018-03-10,2018,3,10,74.0
2018-03-11,2018,3,11,72.0
2018-03-12,2018,3,12,71.0
2018-03-13,2018,3,13,69.0
2018-03-14,2018,3,14,68.0
2018-03-15,2018,3,15,82.0
2018-03-16,2018,3,16,78.0
2018-03-17,2018,3,17,73.0
2018-03-18,2018,3,18,75.0
2018-03-19,2018,3,19,75.0
2018-03-20,2018,3,20,82.0
2018-03-21,2018,3,21,75.0
2018-03-22,2018,3,22,72.0
2018-03-23,2018,3,23,77.0
2018-03-24,2018,3,24,78.0
2018-03-25,2018,3,25,71.0
2018-03-26,2018,3,26,81.0
2018-03-27,2018,3,27,73.0
2018-03-28,2018,3,28,70.0
2018-03-29,2018,3,29,67.0
2018-03-30,2018,3,30,65.0
2018-03-31,2018,3,31,66.0
2018-04-01,2018,4,1,80.0
2018-04-02,2018,4,2,71.0
2018-04-03,2018,4,3,71.0
2018-04-04,2018,4,4,81.0
2018-04-05,2018,4,5,74.0
2018-04-06,2018,4,6,81.0
2018-04-07,2018,4,7,76.0
2018-04-08,2018,4,8,71.0
2018-04-09,2018,4,9,68.0
2018-04-10,2018,4,10,71.0
2018-04-11,2018,4,11,75.0
2018-04-12,2018,4,12,72.0
2018-04-13,2018,4,13,70.0
2018-04-14,2018,4,14,84.0
2018-04-15,2018,4,15,84.0
2018-04-16,2018,4,16,79.0
2018-04-17,2018,4,17,70.0
2018-04-18,2018,4,18,76.0
2018-04-19,2018,4,19,69.0
2018-04-20,2018,4,20,76.0
2018-04-21,2018,4,21,78.0
2018-04-22,2018,4,22,72.0
2018-04-23,2018,4,23,74.0
2018-04-24,2018,4,24,77.0
2018-04-25,2018,4,25,76.0
2018-04-26,2018,4,26,89.0
2018-04-27,2018,4,27,72.0
2018-04-28,2018,4,28,66.0
2018-04-29,2018,4,29,67.0
2018-04-30,2018,4,30,73.0
2018-05-01,2018,5,1,71.0
2018-05-02,2018,5,2,74.0
2018-05-03,2018,5,3,80.0
2018-05-04,2018,5,4,74.0
2018-05-05,2018,5,5,82.0
2018-05-06,2018,5,6,81.0
2018-05-07,2018,5,7,80.0
2018-05-08,2018,5,8,84.0
2018-05-09,2018,5,9,86.0
2018-05-10,2018,5,10,76.0
2018-05-11,2018,5,11,85.0
2018-05-12,2018,5,12,81.0
2018-05-13,2018,5,13,77.0
2018-05-14,2018,5,14,77.0
2018-05-15,2018,5,15,80.0
2018-05-16,2018,5,16,85.0
2018-05-17,2018,5,17,81.0
2018-05-18,2018,5,18,91.0
2018-05-19,2018,5,19,90.0
2018-05-20,2018,5,20,74.0
2018-05-21,2018,5,21,82.0
2018-05-22,2018,5,22,84.0
2018-05-23,2018,5,23,83.0
2018-05-24,2018,5,24,84.0
2018-05-25,2018,5,25,78.0
2018-05-26,2018,5,26,79.0
2018-05-27,2018,5,27,76.0
2018-05-28,2018,5,28,71.0
2018-05-29,2018,5,29,77.0
2018-05-30,2018,5,30,70.0
2018-05-31,2018,5,31,68.0
2018-06-01,2018,6,1,76.0
2018-06-02,2018,6,2,71.0
2018-06-03,2018,6,3,60.0
2018-06-04,2018,6,4,64.0
2018-06-05,2018,6,5,72.0
2018-06-06,2018,6,6,70.0
2018-06-07,2018,6,7,60.0
2018-06-08,2018,6,8,54.0
2018-06-09,2018,6,9,61.0
2018-06-10,2018,6,10,58.0
2018-06-11,2018,6,11,58.0
2018-06-12,2018,6,12,56.0
2018-06-13,2018,6,13,53.0
2018-06-14,2018,6,14,56.0
2018-06-15,2018,6,15,56.0
2018-06-16,2018,6,16,60.0
2018-06-17,2018,6,17,69.0
2018-06-18,2018,6,18,80.0
2018-06-19,2018,6,19,75.0
2018-06-20,2018,6,20,78.0
2018-06-21,2018,6,21,74.0
2018-06-22,2018,6,22,68.0
2018-06-23,2018,6,23,76.0
2018-06-24,2018,6,24,67.0
2018-06-25,2018,6,25,65.0
2018-06-26,2018,6,26,64.0
2018-06-27,2018,6,27,66.0
2018-06-28,2018,6,28,79.0
2018-06-29,2018,6,29,74.0
2018-06-30,2018,6,30,66.0
2018-07-01,2018,7,1,75.0
2018-07-02,2018,7,2,73.0
2018-07-03,2018,7,3,55.0
2018-07-04,2018,7,4,57.0
2018-07-05,2018,7,5,68.0
2018-07-06,2018,7,6,59.0
2018-07-07,2018,7,7,70.0
2018-07-08,2018,7,8,62.0
2018-07-09,2018,7,9,63.0
2018-07-10,2018,7,10,51.0
2018-07-11,2018,7,11,62.0
2018-07-12,2018,7,12,53.0
2018-07-13,2018,7,13,56.0
2018-07-14,2018,7,14,55.0
2018-07-15,2018,7,15,49.0
2018-07-16,2018,7,16,53.0
2018-07-17,2018,7,17,56.0
2018-07-18,2018,7,18,54.0
2018-07-19,2018,7,19,57.0
2018-07-20,2018,7,20,51.0
2018-07-21,2018,7,21,56.0
2018-07-22,2018,7,22,55.0
2018-07-23,2018,7,23,58.0
2018-07-24,2018,7,24,56.0
2018-07-25,2018,7,25,54.0
2018-07-26,2018,7,26,62.0
2018-07-27,2018,7,27,62.0
2018-07-28,2018,7,28,74.0
2018-07-29,2018,7,29,82.0
2018-07-30,2018,7,30,76.0
2018-07-31,2018,7,31,61.0
2018-08-01,2018,8,1,63.0
2018-08-02,2018,8,2,65.0
2018-08-03,2018,8,3,67.0
2018-08-04,2018,8,4,62.0
2018-08-05,2018,8,5,58.0
2018-08-06,2018,8,6,56.0
2018-08-07,2018,8,7,59.0
2018-08-08,2018,8,8,62.0
2018-08-09,2018,8,9,69.0
2018-08-10,2018,8,10,61.0
2018-08-11,2018,8,11,52.0
2018-08-12,2018,8,12,63.0
2018-08-13,2018,8,13,58.0
2018-08-14,2018,8,14,62.0
2018-08-15,2018,8,15,54.0
2018-08-16,2018,8,16,60.0
2018-08-17,2018,8,17,54.0
2018-08-18,2018,8,18,58.0
2018-08-19,2018,8,19,75.0
2018-08-20,2018,8,20,66.0
2018-08-21,2018,8,21,90.0
2018-08-22,2018,8,22,87.0
2018-08-23,2018,8,23,58.0
2018-08-24,2018,8,24,65.0
2018-08-25,2018,8,25,65.0
2018-08-26,2018,8,26,56.0
2018-08-27,2018,8,27,64.0
2018-08-28,2018,8,28,54.0
2018-08-29,2018,8,29,55.0
2018-08-30,2018,8,30,58.0
2018-08-31,2018,8,31,53.0
2018-09-01,2018,9,1,56.0
2018-09-02,2018,9,2,59.0
2018-09-03,2018,9,3,62.0
2018-09-04,2018,9,4,63.0
2018-09-05,2018,9,5,63.0
2018-09-06,2018,9,6,67.0
2018-09-07,2018,9,7,65.0
2018-09-08,2018,9,8,67.0
2018-09-09,2018,9,9,67.0
2018-09-10,2018,9,10,73.0
2018-09-11,2018,9,11,76.0
2018-09-12,2018,9,12,74.0
2018-09-13,2018,9,13,71.0
2018-09-14,2018,9,14,65.0
2018-09-15,2018,9,15,69.0
2018-09-16,2018,9,16,62.0
2018-09-17,2018,9,17,75.0
2018-09-18,2018,9,18,86.0
2018-09-19,2018,9,19,60.0
2018-09-20,2018,9,20,63.0
2018-09-21,2018,9,21,65.0
2018-09-22,2018,9,22,76.0
2018-09-23,2018,9,23,85.0
2018-09-24,2018,9,24,74.0
2018-09-25,2018,9,25,69.0
2018-09-26,2018,9,26,69.0
2018-09-27,2018,9,27,71.0
2018-09-28,2018,9,28,78.0
2018-09-29,2018,9,29,75.0
2018-09-30,2018,9,30,85.0
2018-10-01,2018,10,1,85.0
2018-10-02,2018,10,2,78.0
2018-10-03,2018,10,3,79.0
2018-10-04,2018,10,4,94.0
2018-10-05,2018,10,5,87.0
2018-10-06,2018,10,6,84.0
2018-10-07,2018,10,7,85.0
2018-10-08,2018,10,8,81.0
2018-10-09,2018,10,9,82.0
2018-10-10,2018,10,10,86.0
2018-10-11,2018,10,11,89.0
2018-10-12,2018,10,12,80.0
2018-10-13,2018,10,13,81.0
2018-10-14,2018,10,14,87.0
2018-10-15,2018,10,15,82.0
2018-10-16,2018,10,16,79.0
2018-10-17,2018,10,17,70.0
2018-10-18,2018,10,18,66.0
2018-10-19,2018,10,19,82.0
2018-10-20,2018,10,20,84.0
2018-10-21,2018,10,21,76.0
2018-10-22,2018,10,22,81.0
2018-10-23,2018,10,23,78.0
2018-10-24,2018,10,24,74.0
2018-10-25,2018,10,25,81.0
2018-10-26,2018,10,26,80.0
2018-10-27,2018,10,27,82.0
2018-10-28,2018,10,28,88.0
2018-10-29,2018,10,29,72.0
2018-10-30,2018,10,30,76.0
2018-10-31,2018,10,31,75.0
2018-11-01,2018,11,1,73.0
2018-11-02,2018,11,2,77.0
2018-11-03,2018,11,3,78.0
2018-11-04,2018,11,4,88.0
2018-11-05,2018,11,5,82.0
2018-11-06,2018,11,6,88.0
2018-11-07,2018,11,7,87.0
2018-11-08,2018,11,8,80.0
2018-11-09,2018,11,9,87.0
2018-11-10,2018,11,10,84.0
2018-11-11,2018,11,11,86.0
2018-11-12,2018,11,12,78.0
2018-11-13,2018,11,13,87.0
2018-11-14,2018,11,14,85.0
2018-11-15,2018,11,15,79.0
2018-11-16,2018,11,16,85.0
2018-11-17,2018,11,17,79.0
2018-11-18,2018,11,18,83.0
2018-11-19,2018,11,19,84.0
2018-11-20,2018,11,20,83.0
2018-11-21,2018,11,21,94.0
2018-11-22,2018,11,22,93.0
2018-11-23,2018,11,23,79.0
2018-11-24,2018,11,24,84.0
2018-11-25,2018,11,25,81.0
2018-11-26,2018,11,26,80.0
2018-11-27,2018,11,27,80.0
2018-11-28,2018,11,28,80.0
2018-11-29,2018,11,29,77.0
2018-11-30,2018,11,30,76.0
2018-12-01,2018,12,1,81.0
2018-12-02,2018,12,2,76.0
2018-12-03,2018,12,3,74.0
2018-12-04,2018,12,4,79.0
2018-12-05,2018,12,5,77.0
2018-12-06,2018,12,6,86.0
2018-12-07,2018,12,7,81.0
2018-12-08,2018,12,8,84.0
2018-12-09,2018,12,9,82.0
2018-12-10,2018,12,10,88.0
2018-12-11,2018,12,11,78.0
2018-12-12,2018,12,12,78.0
2018-12-13,2018,12,13,93.0
2018-12-14,2018,12,14,78.0
2018-12-15,2018,12,15,78.0
2018-12-16,2018,12,16,83.0
2018-12-17,2018,12,17,80.0
2018-12-18,2018,12,18,81.0
2018-12-19,2018,12,19,81.0
2018-12-20,2018,12,20,81.0
2018-12-21,2018,12,21,77.0
2018-12-22,2018,12,22,78.0
2018-12-23,2018,12,23,76.0
2018-12-24,2018,12,24,80.0
2018-12-25,2018,12,25,79.0
2018-12-26,2018,12,26,76.0
2018-12-27,2018,12,27,76.0
2018-12-28,2018,12,28,70.0
2018-12-29,2018,12,29,75.0
2018-12-30,2018,12,30,78.0
2018-12-31,2018,12,31,71.0
2019-01-01,2019,1,1,70.0
2019-01-02,2019,1,2,68.0
2019-01-03,2019,1,3,76.0
2019-01-04,2019,1,4,64.0
2019-01-05,2019,1,5,66.0
2019-01-06,2019,1,6,72.0
2019-01-07,2019,1,7,82.0
2019-01-08,2019,1,8,82.0
2019-01-09,2019,1,9,78.0
2019-01-10,2019,1,10,80.0
2019-01-11,2019,1,11,83.0
2019-01-12,2019,1,12,72.0
2019-01-13,2019,1,13,69.0
2019-01-14,2019,1,14,75.0
2019-01-15,2019,1,15,84.0
2019-01-16,2019,1,16,71.0
2019-01-17,2019,1,17,73.0
2019-01-18,2019,1,18,74.0
2019-01-19,2019,1,19,73.0
2019-01-20,2019,1,20,80.0
2019-01-21,2019,1,21,79.0
2019-01-22,2019,1,22,73.0
2019-01-23,2019,1,23,72.0
2019-01-24,2019,1,24,73.0
2019-01-25,2019,1,25,73.0
2019-01-26,2019,1,26,80.0
2019-01-27,2019,1,27,73.0
2019-01-28,2019,1,28,79.0
2019-01-29,2019,1,29,78.0
2019-01-30,2019,1,30,72.0
2019-01-31,2019,1,31,82.0
2019-02-01,2019,2,1,83.0
2019-02-02,2019,2,2,80.0
2019-02-03,2019,2,3,84.0
2019-02-04,2019,2,4,77.0
2019-02-05,2019,2,5,78.0
2019-02-06,2019,2,6,76.0
2019-02-07,2019,2,7,68.0
2019-02-08,2019,2,8,70.0
2019-02-09,2019,2,9,71.0
2019-02-10,2019,2,10,79.0
2019-02-11,2019,2,11,69.0
2019-02-12,2019,2,12,62.0
2019-02-13,2019,2,13,70.0
2019-02-14,2019,2,14,71.0
2019-02-15,2019,2,15,72.0
2019-02-16,2019,2,16,78.0
2019-02-17,2019,2,17,87.0
2019-02-18,2019,2,18,76.0
2019-02-19,2019,2,19,77.0
2019-02-20,2019,2,20,74.0
2019-02-21,2019,2,21,75.0
2019-02-22,2019,2,22,74.0
2019-02-23,2019,2,23,80.0
2019-02-24,2019,2,24,73.0
2019-02-25,2019,2,25,68.0
2019-02-26,2019,2,26,73.0
2019-02-27,2019,2,27,72.0
2019-02-28,2019,2,28,73.0
2019-03-01,2019,3,1,78.0
2019-03-02,2019,3,2,71.0
2019-03-03,2019,3,3,74.0
2019-03-04,2019,3,4,74.0
2019-03-05,2019,3,5,72.0
2019-03-06,2019,3,6,73.0
2019-03-07,2019,3,7,73.0
2019-03-08,2019,3,8,70.0
2019-03-09,2019,3,9,75.0
2019-03-10,2019,3,10,81.0
2019-03-11,2019,3,11,83.0
2019-03-12,2019,3,12,80.0
2019-03-13,2019,3,13,78.0
2019-03-14,2019,3,14,73.0
2019-03-15,2019,3,15,74.0
2019-03-16,2019,3,16,70.0
2019-03-17,2019,3,17,67.0
2019-03-18,2019,3,18,73.0
2019-03-19,2019,3,19,77.0
2019-03-20,2019,3,20,84.0
2019-03-21,2019,3,21,88.0
2019-03-22,2019,3,22,71.0
2019-03-23,2019,3,23,63.0
2019-03-24,2019,3,24,74.0
2019-03-25,2019,3,25,75.0
2019-03-26,2019,3,26,76.0
2019-03-27,2019,3,27,83.0
2019-03-28,2019,3,28,82.0
2019-03-29,2019,3,29,73.0
2019-03-30,2019,3,30,77.0
2019-03-31,2019,3,31,72.0
2019-04-01,2019,4,1,88.0
2019-04-02,2019,4,2,71.0
2019-04-03,2019,4,3,77.0
2019-04-04,2019,4,4,81.0
2019-04-05,2019,4,5,79.0
2019-04-06,2019,4,6,67.0
2019-04-07,2019,4,7,78.0
2019-04-08,2019,4,8,74.0
2019-04-09,2019,4,9,74.0
2019-04-10,2019,4,10,70.0
2019-04-11,2019,4,11,67.0
2019-04-12,2019,4,12,79.0
2019-04-13,2019,4,13,74.0
2019-04-14,2019,4,14,76.0
2019-04-15,2019,4,15,85.0
2019-04-16,2019,4,16,66.0
2019-04-17,2019,4,17,71.0
2019-04-18,2019,4,18,72.0
2019-04-19,2019,4,19,67.0
2019-04-21,2019,4,21,67.0
2019-04-22,2019,4,22,66.0
2019-04-23,2019,4,23,73.0
2019-04-24,2019,4,24,69.0
2019-04-25,2019,4,25,78.0
2019-04-26,2019,4,26,85.0
2019-04-27,2019,4,27,82.0
2019-04-28,2019,4,28,72.0
2019-04-29,2019,4,29,73.0
2019-04-30,2019,4,30,80.0
2019-05-01,2019,5,1,70.0
2019-05-02,2019,5,2,64.0
2019-05-03,2019,5,3,69.0
2019-05-04,2019,5,4,60.0
2019-05-05,2019,5,5,66.0
2019-05-06,2019,5,6,64.0
2019-05-07,2019,5,7,56.0
2019-05-08,2019,5,8,64.0
2019-05-09,2019,5,9,62.0
2019-05-10,2019,5,10,61.0
2019-05-11,2019,5,11,66.0
2019-05-12,2019,5,12,67.0
2019-05-13,2019,5,13,68.0
2019-05-14,2019,5,14,69.0
2019-05-15,2019,5,15,77.0
2019-05-16,2019,5,16,66.0
2019-05-17,2019,5,17,62.0
2019-05-18,2019,5,18,64.0
2019-05-19,2019,5,19,72.0
2019-05-20,2019,5,20,74.0
2019-05-21,2019,5,21,74.0
2019-05-22,2019,5,22,78.0
2019-05-23,2019,5,23,78.0
2019-05-24,2019,5,24,79.0
2019-05-25,2019,5,25,77.0
2019-05-26,2019,5,26,79.0
2019-05-27,2019,5,27,82.0
2019-05-28,2019,5,28,87.0
2019-05-29,2019,5,29,78.0
2019-05-30,2019,5,30,78.0
2019-05-31,2019,5,31,88.0
2019-06-01,2019,6,1,84.0
2019-06-02,2019,6,2,79.0
2019-06-03,2019,6,3,78.0
2019-06-04,2019,6,4,84.0
2019-06-05,2019,6,5,78.0
2019-06-06,2019,6,6,92.0
2019-06-07,2019,6,7,85.0
2019-06-08,2019,6,8,87.0
2019-06-09,2019,6,9,76.0
2019-06-10,2019,6,10,79.0
2019-06-11,2019,6,11,73.0
2019-06-12,2019,6,12,74.0
2019-06-13,2019,6,13,60.0
2019-06-14,2019,6,14,62.0
2019-06-15,2019,6,15,68.0
2019-06-16,2019,6,16,62.0
2019-06-17,2019,6,17,66.0
2019-06-18,2019,6,18,72.0
2019-06-19,2019,6,19,64.0
2019-06-20,2019,6,20,63.0
2019-06-21,2019,6,21,64.0
2019-06-22,2019,6,22,62.0
2019-06-23,2019,6,23,76.0
2019-06-24,2019,6,24,65.0
2019-06-25,2019,6,25,78.0
2019-06-26,2019,6,26,58.0
2019-06-27,2019,6,27,53.0
2019-06-28,2019,6,28,54.0
2019-06-29,2019,6,29,58.0
2019-06-30,2019,6,30,51.0
2019-07-01,2019,7,1,52.0
2019-07-02,2019,7,2,58.0
2019-07-03,2019,7,3,53.0
2019-07-04,2019,7,4,62.0
2019-07-05,2019,7,5,61.0
2019-07-06,2019,7,6,63.0
2019-07-07,2019,7,7,64.0
2019-07-08,2019,7,8,68.0
2019-07-09,2019,7,9,65.0
2019-07-10,2019,7,10,82.0
2019-07-11,2019,7,11,77.0
2019-07-12,2019,7,12,78.0
2019-07-13,2019,7,13,69.0
2019-07-14,2019,7,14,75.0
2019-07-15,2019,7,15,63.0
2019-07-16,2019,7,16,62.0
2019-07-17,2019,7,17,60.0
2019-07-18,2019,7,18,77.0
2019-07-19,2019,7,19,89.0
2019-07-20,2019,7,20,81.0
2019-07-21,2019,7,21,76.0
2019-07-22,2019,7,22,66.0
2019-07-23,2019,7,23,68.0
2019-07-24,2019,7,24,62.0
2019-07-25,2019,7,25,69.0
2019-07-26,2019,7,26,64.0
2019-07-27,2019,7,27,58.0
2019-07-28,2019,7,28,56.0
2019-07-29,2019,7,29,62.0
2019-07-30,2019,7,30,62.0
2019-07-31,2019,7,31,57.0
2019-08-01,2019,8,1,64.0
2019-08-02,2019,8,2,56.0
2019-08-03,2019,8,3,63.0
2019-08-04,2019,8,4,60.0
2019-08-05,2019,8,5,51.0
2019-08-06,2019,8,6,44.0
2019-08-07,2019,8,7,63.0
2019-08-08,2019,8,8,59.0
2019-08-09,2019,8,9,66.0
2019-08-10,2019,8,10,80.0
2019-08-11,2019,8,11,64.0
2019-08-12,2019,8,12,57.0
2019-08-13,2019,8,13,67.0
2019-08-14,2019,8,14,64.0
2019-08-15,2019,8,15,66.0
2019-08-16,2019,8,16,58.0
2019-08-17,2019,8,17,64.0
2019-08-18,2019,8,18,70.0
2019-08-19,2019,8,19,67.0
2019-08-20,2019,8,20,66.0
2019-08-21,2019,8,21,66.0
2019-08-22,2019,8,22,72.0
2019-08-23,2019,8,23,76.0
2019-08-24,2019,8,24,76.0
2019-08-25,2019,8,25,55.0
2019-08-26,2019,8,26,78.0
2019-08-27,2019,8,27,58.0
2019-08-28,2019,8,28,51.0
2019-08-29,2019,8,29,63.0
2019-08-30,2019,8,30,51.0
2019-08-31,2019,8,31,60.0
2019-09-01,2019,9,1,69.0
2019-09-02,2019,9,2,70.0
2019-09-03,2019,9,3,63.0
2019-09-04,2019,9,4,68.0
2019-09-05,2019,9,5,58.0
2019-09-06,2019,9,6,64.0
2019-09-07,2019,9,7,69.0
2019-09-08,2019,9,8,77.0
2019-09-09,2019,9,9,72.0
2019-09-10,2019,9,10,80.0
2019-09-11,2019,9,11,72.0
2019-09-12,2019,9,12,64.0
2019-09-13,2019,9,13,68.0
2019-09-14,2019,9,14,61.0
2019-09-15,2019,9,15,63.0
2019-09-16,2019,9,16,59.0
2019-09-17,2019,9,17,56.0
2019-09-18,2019,9,18,66.0
2019-09-19,2019,9,19,74.0
2019-09-20,2019,9,20,71.0
2019-09-21,2019,9,21,80.0
2019-09-22,2019,9,22,80.0
2019-09-23,2019,9,23,79.0
2019-09-24,2019,9,24,79.0
2019-09-25,2019,9,25,76.0
2019-09-26,2019,9,26,70.0
2019-09-27,2019,9,27,74.0
2019-09-28,2019,9,28,84.0
2019-09-29,2019,9,29,90.0
2019-09-30,2019,9,30,79.0
2019-10-01,2019,10,1,80.0
2019-10-02,2019,10,2,84.0
2019-10-03,2019,10,3,82.0
2019-10-04,2019,10,4,79.0
2019-10-05,2019,10,5,84.0
2019-10-06,2019,10,6,80.0
2019-10-07,2019,10,7,82.0
2019-10-08,2019,10,8,81.0
2019-10-09,2019,10,9,94.0
2019-10-10,2019,10,10,89.0
2019-10-11,2019,10,11,83.0
2019-10-12,2019,10,12,77.0
2019-10-13,2019,10,13,76.0
2019-10-14,2019,10,14,85.0
2019-10-15,2019,10,15,86.0
2019-10-16,2019,10,16,74.0
2019-10-17,2019,10,17,85.0
2019-10-18,2019,10,18,84.0
2019-10-19,2019,10,19,85.0
2019-10-20,2019,10,20,82.0
2019-10-21,2019,10,21,88.0
2019-10-22,2019,10,22,81.0
2019-10-23,2019,10,23,86.0
2019-10-24,2019,10,24,84.0
2019-10-25,2019,10,25,85.0
2019-10-26,2019,10,26,92.0
2019-10-27,2019,10,27,91.0
2019-10-28,2019,10,28,84.0
2019-10-29,2019,10,29,76.0
2019-10-30,2019,10,30,83.0
2019-10-31,2019,10,31,79.0
2019-11-01,2019,11,1,76.0
2019-11-02,2019,11,2,75.0
2019-11-03,2019,11,3,69.0
2019-11-04,2019,11,4,66.0
2019-11-05,2019,11,5,68.0
2019-11-06,2019,11,6,78.0
2019-11-07,2019,11,7,77.0
2019-11-08,2019,11,8,78.0
2019-11-09,2019,11,9,71.0
2019-11-10,2019,11,10,74.0
2019-11-11,2019,11,11,82.0
2019-11-12,2019,11,12,81.0
2019-11-13,2019,11,13,83.0
2019-11-14,2019,11,14,80.0
2019-11-15,2019,11,15,82.0
2019-11-16,2019,11,16,84.0
2019-11-17,2019,11,17,80.0
2019-11-18,2019,11,18,81.0
2019-11-19,2019,11,19,87.0
2019-11-20,2019,11,20,77.0
2019-11-21,2019,11,21,78.0
2019-11-22,2019,11,22,83.0
2019-11-23,2019,11,23,85.0
2019-11-24,2019,11,24,81.0
2019-11-25,2019,11,25,79.0
2019-11-26,2019,11,26,77.0
2019-11-28,2019,11,28,81.0
2019-11-29,2019,11,29,78.0
2019-11-30,2019,11,30,77.0
2019-12-01,2019,12,1,88.0
2019-12-02,2019,12,2,85.0
2019-12-03,2019,12,3,84.0
2019-12-04,2019,12,4,86.0
2019-12-05,2019,12,5,78.0
2019-12-06,2019,12,6,78.0
2019-12-07,2019,12,7,80.0
2019-12-08,2019,12,8,75.0
2019-12-09,2019,12,9,74.0
2019-12-10,2019,12,10,72.0
2019-12-11,2019,12,11,79.0
2019-12-12,2019,12,12,72.0
2019-12-13,2019,12,13,70.0
2019-12-14,2019,12,14,73.0
2019-12-15,2019,12,15,79.0
2019-12-16,2019,12,16,84.0
2019-12-17,2019,12,17,82.0
2019-12-18,2019,12,18,78.0
2019-12-19,2019,12,19,81.0
2019-12-20,2019,12,20,84.0
2019-12-21,2019,12,21,84.0
2019-12-22,2019,12,22,73.0
2019-12-23,2019,12,23,68.0
2019-12-24,2019,12,24,68.0
2019-12-25,2019,12,25,73.0
2019-12-26,2019,12,26,75.0
2019-12-27,2019,12,27,71.0
2019-12-28,2019,12,28,76.0
2019-12-29,2019,12,29,70.0
2019-12-30,2019,12,30,74.0
2019-12-31,2019,12,31,73.0
2020-01-01,2020,1,1,68.0
2020-01-02,2020,1,2,69.0
2020-01-03,2020,1,3,70.0
2020-01-04,2020,1,4,67.0
2020-01-05,2020,1,5,68.0
2020-01-06,2020,1,6,66.0
2020-01-07,2020,1,7,67.0
2020-01-08,2020,1,8,68.0
2020-01-09,2020,1,9,72.0
2020-01-10,2020,1,10,66.0
2020-01-11,2020,1,11,73.0
2020-01-12,2020,1,12,68.0
2020-01-13,2020,1,13,74.0
2020-01-14,2020,1,14,69.0
2020-01-15,2020,1,15,69.0
2020-01-16,2020,1,16,67.0
2020-01-17,2020,1,17,68.0
2020-01-18,2020,1,18,65.0
2020-01-19,2020,1,19,70.0
2020-01-20,2020,1,20,76.0
2020-01-21,2020,1,21,78.0
2020-01-22,2020,1,22,68.0
2020-01-23,2020,1,23,67.0
2020-01-24,2020,1,24,73.0
2020-01-25,2020,1,25,75.0
2020-01-26,2020,1,26,72.0
2020-01-27,2020,1,27,70.0
2020-01-28,2020,1,28,74.0
2020-01-29,2020,1,29,76.0
2020-01-30,2020,1,30,69.0
2020-01-31,2020,1,31,68.0
2020-02-01,2020,2,1,68.0
2020-02-02,2020,2,2,86.0
2020-02-03,2020,2,3,68.0
2020-02-04,2020,2,4,67.0
2020-02-05,2020,2,5,61.0
2020-02-06,2020,2,6,76.0
2020-02-07,2020,2,7,80.0
2020-02-08,2020,2,8,65.0
2020-02-09,2020,2,9,69.0
2020-02-10,2020,2,10,71.0
2020-02-11,2020,2,11,75.0
2020-02-12,2020,2,12,68.0
2020-02-13,2020,2,13,85.0
2020-02-14,2020,2,14,78.0
2020-02-15,2020,2,15,87.0
2020-02-16,2020,2,16,79.0
2020-02-17,2020,2,17,77.0
2020-02-18,2020,2,18,78.0
2020-02-19,2020,2,19,76.0
2020-02-20,2020,2,20,64.0
2020-02-21,2020,2,21,70.0
2020-02-22,2020,2,22,70.0
2020-02-23,2020,2,23,78.0
2020-02-24,2020,2,24,75.0
2020-02-25,2020,2,25,71.0
2020-02-26,2020,2,26,68.0
2020-02-27,2020,2,27,67.0
2020-02-28,2020,2,28,69.0
2020-02-29,2020,2,29,70.0
2020-03-01,2020,3,1,71.0
2020-03-02,2020,3,2,66.0
2020-03-03,2020,3,3,64.0
2020-03-04,2020,3,4,70.0
2020-03-05,2020,3,5,81.0
2020-03-06,2020,3,6,86.0
2020-03-07,2020,3,7,67.0
2020-03-08,2020,3,8,71.0
2020-03-09,2020,3,9,74.0
2020-03-10,2020,3,10,77.0
2020-03-11,2020,3,11,77.0
2020-03-12,2020,3,12,80.0
2020-03-13,2020,3,13,68.0
2020-03-14,2020,3,14,63.0
2020-03-15,2020,3,15,72.0
2020-03-16,2020,3,16,67.0
2020-03-17,2020,3,17,72.0
2020-03-18,2020,3,18,66.0
2020-03-19,2020,3,19,61.0
2020-03-20,2020,3,20,63.0
2020-03-21,2020,3,21,74.0
2020-03-22,2020,3,22,63.0
2020-03-23,2020,3,23,62.0
2020-03-24,2020,3,24,68.0
2020-03-26,2020,3,26,86.0
2020-03-27,2020,3,27,73.0
2020-03-28,2020,3,28,72.0
2020-03-29,2020,3,29,74.0
2020-03-30,2020,3,30,73.0
2020-03-31,2020,3,31,75.0
2020-04-01,2020,4,1,82.0
2020-04-02,2020,4,2,81.0
2020-04-03,2020,4,3,82.0
2020-04-04,2020,4,4,78.0
2020-04-05,2020,4,5,70.0
2020-04-06,2020,4,6,88.0
2020-04-07,2020,4,7,68.0
2020-04-08,2020,4,8,76.0
2020-04-09,2020,4,9,73.0
2020-04-10,2020,4,10,72.0
2020-04-11,2020,4,11,76.0
2020-04-12,2020,4,12,79.0
2020-04-13,2020,4,13,80.0
2020-04-14,2020,4,14,74.0
2020-04-15,2020,4,15,73.0
2020-04-16,2020,4,16,71.0
2020-04-17,2020,4,17,81.0
2020-04-18,2020,4,18,74.0
2020-04-19,2020,4,19,73.0
2020-04-20,2020,4,20,67.0
2020-04-21,2020,4,21,69.0
2020-04-22,2020,4,22,73.0
2020-04-23,2020,4,23,74.0
2020-04-24,2020,4,24,85.0
2020-04-25,2020,4,25,78.0
2020-04-26,2020,4,26,78.0
2020-04-27,2020,4,27,83.0
2020-04-28,2020,4,28,90.0
2020-04-29,2020,4,29,79.0
2020-04-30,2020,4,30,81.0
2020-05-01,2020,5,1,85.0
2020-05-02,2020,5,2,78.0
2020-05-03,2020,5,3,76.0
2020-05-04,2020,5,4,82.0
2020-05-05,2020,5,5,73.0
2020-05-06,2020,5,6,72.0
2020-05-07,2020,5,7,90.0
2020-05-08,2020,5,8,91.0
2020-05-09,2020,5,9,95.0
2020-05-10,2020,5,10,86.0
2020-05-11,2020,5,11,91.0
2020-05-12,2020,5,12,80.0
2020-05-13,2020,5,13,86.0
2020-05-14,2020,5,14,85.0
2020-05-15,2020,5,15,79.0
2020-05-16,2020,5,16,84.0
2020-05-17,2020,5,17,91.0
2020-05-18,2020,5,18,61.0
2020-05-19,2020,5,19,79.0
2020-05-20,2020,5,20,70.0
2020-05-21,2020,5,21,67.0
2020-05-22,2020,5,22,83.0
2020-05-23,2020,5,23,75.0
2020-05-24,2020,5,24,82.0
2020-05-25,2020,5,25,71.0
2020-05-26,2020,5,26,77.0
2020-05-27,2020,5,27,72.0
2020-05-28,2020,5,28,71.0
2020-05-29,2020,5,29,82.0
2020-05-30,2020,5,30,81.0
2020-05-31,2020,5,31,77.0
2020-06-01,2020,6,1,77.0
2020-06-02,2020,6,2,84.0
2020-06-03,2020,6,3,82.0
2020-06-04,2020,6,4,83.0
2020-06-05,2020,6,5,78.0
2020-06-06,2020,6,6,72.0
2020-06-07,2020,6,7,70.0
2020-06-08,2020,6,8,70.0
2020-06-09,2020,6,9,66.0
2020-06-10,2020,6,10,70.0
2020-06-11,2020,6,11,74.0
2020-06-12,2020,6,12,78.0
2020-06-13,2020,6,13,66.0
2020-06-14,2020,6,14,66.0
2020-06-15,2020,6,15,82.0
2020-06-16,2020,6,16,74.0
2020-06-17,2020,6,17,69.0
2020-06-18,2020,6,18,77.0
2020-06-19,2020,6,19,68.0
2020-06-20,2020,6,20,76.0
2020-06-21,2020,6,21,70.0
2020-06-22,2020,6,22,72.0
2020-06-23,2020,6,23,68.0
2020-06-24,2020,6,24,71.0
2020-06-25,2020,6,25,69.0
2020-06-26,2020,6,26,71.0
2020-06-27,2020,6,27,65.0
2020-06-28,2020,6,28,68.0
2020-06-29,2020,6,29,67.0
2020-06-30,2020,6,30,69.0
2020-07-01,2020,7,1,70.0
2020-07-02,2020,7,2,61.0
2020-07-03,2020,7,3,65.0
2020-07-04,2020,7,4,73.0
2020-07-05,2020,7,5,80.0
2020-07-06,2020,7,6,74.0
2020-07-07,2020,7,7,71.0
2020-07-08,2020,7,8,82.0
2020-07-09,2020,7,9,72.0
2020-07-10,2020,7,10,74.0
2020-07-11,2020,7,11,76.0
2020-07-12,2020,7,12,68.0
2020-07-13,2020,7,13,80.0
2020-07-14,2020,7,14,71.0
2020-07-15,2020,7,15,74.0
2020-07-16,2020,7,16,71.0
2020-07-17,2020,7,17,81.0
2020-07-18,2020,7,18,73.0
2020-07-19,2020,7,19,81.0
2020-07-20,2020,7,20,80.0
2020-07-21,2020,7,21,86.0
2020-07-22,2020,7,22,76.0
2020-07-23,2020,7,23,78.0
2020-07-24,2020,7,24,79.0
2020-07-25,2020,7,25,80.0
2020-07-26,2020,7,26,83.0
2020-07-27,2020,7,27,76.0
2020-07-28,2020,7,28,77.0
2020-07-29,2020,7,29,69.0
2020-07-30,2020,7,30,79.0
2020-07-31,2020,7,31,69.0
2020-08-01,2020,8,1,63.0
2020-08-02,2020,8,2,62.0
2020-08-03,2020,8,3,61.0
2020-08-04,2020,8,4,57.0
2020-08-05,2020,8,5,68.0
2020-08-06,2020,8,6,71.0
2020-08-07,2020,8,7,62.0
2020-08-08,2020,8,8,76.0
2020-08-09,2020,8,9,70.0
2020-08-10,2020,8,10,75.0
2020-08-11,2020,8,11,62.0
2020-08-12,2020,8,12,70.0
2020-08-13,2020,8,13,67.0
2020-08-14,2020,8,14,68.0
2020-08-15,2020,8,15,68.0
2020-08-16,2020,8,16,68.0
2020-08-17,2020,8,17,66.0
2020-08-18,2020,8,18,64.0
2020-08-19,2020,8,19,64.0
2020-08-20,2020,8,20,70.0
2020-08-21,2020,8,21,82.0
2020-08-22,2020,8,22,76.0
2020-08-23,2020,8,23,78.0
2020-08-24,2020,8,24,74.0
2020-08-25,2020,8,25,85.0
2020-08-26,2020,8,26,82.0
2020-08-27,2020,8,27,76.0
2020-08-28,2020,8,28,79.0
2020-08-29,2020,8,29,78.0
2020-08-30,2020,8,30,81.0
2020-08-31,2020,8,31,84.0
2020-09-01,2020,9,1,78.0
2020-09-02,2020,9,2,74.0
2020-09-03,2020,9,3,82.0
2020-09-04,2020,9,4,74.0
2020-09-05,2020,9,5,77.0
2020-09-06,2020,9,6,85.0
2020-09-07,2020,9,7,76.0
2020-09-08,2020,9,8,86.0
2020-09-09,2020,9,9,70.0
2020-09-10,2020,9,10,72.0
2020-09-11,2020,9,11,93.0
2020-09-12,2020,9,12,79.0
2020-09-13,2020,9,13,84.0
2020-09-14,2020,9,14,77.0
2020-09-15,2020,9,15,80.0
2020-09-16,2020,9,16,61.0
2020-09-17,2020,9,17,66.0
2020-09-18,2020,9,18,73.0
2020-09-19,2020,9,19,72.0
2020-09-20,2020,9,20,75.0
2020-09-21,2020,9,21,72.0
2020-09-22,2020,9,22,70.0
2020-09-23,2020,9,23,80.0
2020-09-24,2020,9,24,73.0
2020-09-25,2020,9,25,65.0
2020-09-26,2020,9,26,75.0
2020-09-27,2020,9,27,69.0
2020-09-28,2020,9,28,60.0
2020-09-29,2020,9,29,78.0
2020-09-30,2020,9,30,77.0
2020-10-01,2020,10,1,69.0
2020-10-02,2020,10,2,64.0
2020-10-03,2020,10,3,86.0
2020-10-03,2020,10,3,86.0
2020-10-04,2020,10,4,71.0
2020-10-05,2020,10,5,72.0
2020-10-05,2020,10,5,72.0
2020-10-06,2020,10,6,78.0
2020-10-07,2020,10,7,83.0
2020-10-07,2020,10,7,83.0
2020-10-08,2020,10,8,76.0
2020-10-09,2020,10,9,72.0
2020-10-10,2020,10,10,78.0
2020-10-10,2020,10,10,78.0
2020-10-11,2020,10,11,69.0
2020-10-12,2020,10,12,70.0
2020-10-13,2020,10,13,75.0
2020-10-13,2020,10,13,75.0
2020-10-14,2020,10,14,66.0
2020-10-14,2020,10,14,66.0
2020-10-15,2020,10,15,62.0
2020-10-15,2020,10,15,62.0
2020-10-16,2020,10,16,63.0
2020-10-17,2020,10,17,74.0
2020-10-18,2020,10,18,61.0
2020-10-18,2020,10,18,61.0
2020-10-19,2020,10,19,64.0
2020-10-19,2020,10,19,64.0
2020-10-20,2020,10,20,62.0
2020-10-21,2020,10,21,62.0
2020-10-22,2020,10,22,65.0
2020-10-23,2020,10,23,71.0
2020-10-24,2020,10,24,73.0
2020-10-24,2020,10,24,73.0
2020-10-25,2020,10,25,78.0
2020-10-25,2020,10,25,78.0
2020-10-26,2020,10,26,71.0
2020-10-27,2020,10,27,70.0
2020-10-28,2020,10,28,68.0
2020-10-29,2020,10,29,77.0
2020-10-30,2020,10,30,74.0
2020-10-31,2020,10,31,64.0
2020-11-01,2020,11,1,75.0
2020-11-02,2020,11,2,74.0
2020-11-03,2020,11,3,89.0
2020-11-04,2020,11,4,80.0
2020-11-05,2020,11,5,76.0
2020-11-06,2020,11,6,80.0
2020-11-07,2020,11,7,90.0
2020-11-08,2020,11,8,86.0
2020-11-09,2020,11,9,81.0
2020-11-10,2020,11,10,81.0
2020-11-11,2020,11,11,77.0
2020-11-11,2020,11,11,77.0
2020-11-12,2020,11,12,79.0
2020-11-13,2020,11,13,86.0
2020-11-14,2020,11,14,81.0
2020-11-14,2020,11,14,81.0
2020-11-15,2020,11,15,85.0
2020-11-15,2020,11,15,85.0
2020-11-16,2020,11,16,76.0
2020-11-16,2020,11,16,76.0
2020-11-17,2020,11,17,72.0
2020-11-18,2020,11,18,82.0
2020-11-18,2020,11,18,82.0
2020-11-19,2020,11,19,90.0
2020-11-19,2020,11,19,90.0
2020-11-20,2020,11,20,86.0
2020-11-20,2020,11,20,86.0
2020-11-21,2020,11,21,88.0
2020-11-22,2020,11,22,85.0
2020-11-22,2020,11,22,85.0
2020-11-23,2020,11,23,80.0
2020-11-23,2020,11,23,80.0
2020-11-24,2020,11,24,80.0
2020-11-24,2020,11,24,80.0
2020-11-25,2020,11,25,70.0
2020-11-25,2020,11,25,70.0
2020-11-26,2020,11,26,90.0
2020-11-26,2020,11,26,90.0
2020-11-27,2020,11,27,86.0
2020-11-27,2020,11,27,86.0
2020-11-28,2020,11,28,89.0
2020-11-28,2020,11,28,89.0
2020-11-29,2020,11,29,88.0
2020-11-29,2020,11,29,88.0
2020-11-30,2020,11,30,79.0
2020-11-30,2020,11,30,79.0
2020-12-01,2020,12,1,83.0
2020-12-02,2020,12,2,82.0
2020-12-03,2020,12,3,79.0
2020-12-04,2020,12,4,81.0
2020-12-04,2020,12,4,81.0
2020-12-05,2020,12,5,85.0
2020-12-05,2020,12,5,85.0
2020-12-06,2020,12,6,84.0
2020-12-06,2020,12,6,84.0
2020-12-07,2020,12,7,83.0
2020-12-07,2020,12,7,83.0
2020-12-08,2020,12,8,75.0
2020-12-08,2020,12,8,75.0
2020-12-09,2020,12,9,82.0
2020-12-10,2020,12,10,86.0
2020-12-11,2020,12,11,77.0
2020-12-11,2020,12,11,77.0
2020-12-12,2020,12,12,87.0
2020-12-13,2020,12,13,85.0
2020-12-14,2020,12,14,81.0
2020-12-15,2020,12,15,80.0
2020-12-16,2020,12,16,85.0
2020-12-16,2020,12,16,85.0
2020-12-17,2020,12,17,84.0
2020-12-18,2020,12,18,82.0
2020-12-18,2020,12,18,82.0
2020-12-19,2020,12,19,77.0
2020-12-20,2020,12,20,86.0
2020-12-21,2020,12,21,76.0
2020-12-21,2020,12,21,76.0
2020-12-22,2020,12,22,78.0
2020-12-23,2020,12,23,71.0
2020-12-24,2020,12,24,78.0
2020-12-25,2020,12,25,81.0
2020-12-26,2020,12,26,88.0
2020-12-26,2020,12,26,88.0
2020-12-27,2020,12,27,81.0
2020-12-27,2020,12,27,81.0
2020-12-28,2020,12,28,87.0
2020-12-29,2020,12,29,78.0
2020-12-29,2020,12,29,78.0
2020-12-30,2020,12,30,76.0
2020-12-31,2020,12,31,74.0
2020-12-31,2020,12,31,74.0
2021-01-01,2021,1,1,77.0
2021-01-01,2021,1,1,77.0
2021-01-02,2021,1,2,79.0
2021-01-02,2021,1,2,79.0
2021-01-03,2021,1,3,80.0
2021-01-03,2021,1,3,80.0
2021-01-04,2021,1,4,80.0
2021-01-04,2021,1,4,80.0
2021-01-05,2021,1,5,85.0
2021-01-05,2021,1,5,85.0
2021-01-06,2021,1,6,77.0
2021-01-06,2021,1,6,77.0
2021-01-07,2021,1,7,74.0
2021-01-07,2021,1,7,74.0
2021-01-08,2021,1,8,76.0
2021-01-08,2021,1,8,76.0
2021-01-09,2021,1,9,81.0
2021-01-09,2021,1,9,81.0
2021-01-10,2021,1,10,89.0
2021-01-10,2021,1,10,89.0
2021-01-11,2021,1,11,80.0
2021-01-11,2021,1,11,80.0
2021-01-12,2021,1,12,81.0
2021-01-13,2021,1,13,84.0
2021-01-13,2021,1,13,84.0
2021-01-14,2021,1,14,77.0
2021-01-14,2021,1,14,77.0
2021-01-15,2021,1,15,83.0
2021-01-15,2021,1,15,83.0
2021-01-16,2021,1,16,85.0
2021-01-16,2021,1,16,85.0
2021-01-17,2021,1,17,77.0
2021-01-18,2021,1,18,78.0
2021-01-19,2021,1,19,76.0
2021-01-20,2021,1,20,77.0
2021-01-21,2021,1,21,72.0
2021-01-21,2021,1,21,72.0
2021-01-22,2021,1,22,77.0
2021-01-23,2021,1,23,77.0
2021-01-24,2021,1,24,81.0
2021-01-24,2021,1,24,81.0
2021-01-25,2021,1,25,80.0
2021-01-25,2021,1,25,80.0
2021-01-26,2021,1,26,74.0
2021-01-26,2021,1,26,74.0
2021-01-27,2021,1,27,79.0
2021-01-27,2021,1,27,79.0
2021-01-28,2021,1,28,79.0
2021-01-29,2021,1,29,73.0
2021-01-29,2021,1,29,73.0
2021-01-30,2021,1,30,72.0
2021-01-31,2021,1,31,74.0
2021-02-01,2021,2,1,73.0
2021-02-01,2021,2,1,73.0
2021-02-02,2021,2,2,80.0
2021-02-02,2021,2,2,80.0
2021-02-03,2021,2,3,73.0
2021-02-03,2021,2,3,73.0
2021-02-04,2021,2,4,72.0
2021-02-05,2021,2,5,71.0
2021-02-05,2021,2,5,71.0
2021-02-06,2021,2,6,77.0
2021-02-06,2021,2,6,77.0
2021-02-07,2021,2,7,74.0
2021-02-08,2021,2,8,76.0
2021-02-08,2021,2,8,76.0
2021-02-09,2021,2,9,75.0
2021-02-09,2021,2,9,75.0
2021-02-10,2021,2,10,84.0
2021-02-11,2021,2,11,77.0
2021-02-12,2021,2,12,70.0
2021-02-12,2021,2,12,70.0
2021-02-13,2021,2,13,71.0
2021-02-13,2021,2,13,71.0
2021-02-14,2021,2,14,78.0
2021-02-15,2021,2,15,69.0
2021-02-15,2021,2,15,69.0
2021-02-16,2021,2,16,69.0
2021-02-17,2021,2,17,64.0
2021-02-17,2021,2,17,64.0
2021-02-18,2021,2,18,66.0
2021-02-18,2021,2,18,66.0
2021-02-19,2021,2,19,68.0
2021-02-19,2021,2,19,68.0
2021-02-20,2021,2,20,66.0
2021-02-20,2021,2,20,66.0
2021-02-21,2021,2,21,66.0
2021-02-21,2021,2,21,66.0
2021-02-22,2021,2,22,69.0
2021-02-23,2021,2,23,68.0
2021-02-24,2021,2,24,74.0
2021-02-25,2021,2,25,80.0
2021-02-26,2021,2,26,74.0
2021-02-26,2021,2,26,74.0
2021-02-27,2021,2,27,70.0
2021-02-27,2021,2,27,70.0
2021-02-28,2021,2,28,70.0
2021-03-01,2021,3,1,75.0
2021-03-01,2021,3,1,75.0
2021-03-02,2021,3,2,76.0
2021-03-02,2021,3,2,76.0
2021-03-03,2021,3,3,75.0
2021-03-03,2021,3,3,75.0
2021-03-04,2021,3,4,68.0
2021-03-05,2021,3,5,75.0
2021-03-05,2021,3,5,75.0
2021-03-06,2021,3,6,89.0
2021-03-06,2021,3,6,89.0
2021-03-07,2021,3,7,86.0
2021-03-07,2021,3,7,86.0
2021-03-08,2021,3,8,66.0
2021-03-09,2021,3,9,68.0
2021-03-10,2021,3,10,67.0
2021-03-11,2021,3,11,66.0
2021-03-11,2021,3,11,66.0
2021-03-12,2021,3,12,70.0
2021-03-12,2021,3,12,70.0
2021-03-13,2021,3,13,79.0
2021-03-13,2021,3,13,79.0
2021-03-14,2021,3,14,76.0
2021-03-14,2021,3,14,76.0
2021-03-15,2021,3,15,68.0
2021-03-16,2021,3,16,85.0
2021-03-16,2021,3,16,85.0
2021-03-17,2021,3,17,84.0
2021-03-17,2021,3,17,84.0
2021-03-18,2021,3,18,84.0
2021-03-18,2021,3,18,84.0
2021-03-19,2021,3,19,79.0
2021-03-19,2021,3,19,79.0
2021-03-20,2021,3,20,75.0
2021-03-20,2021,3,20,75.0
2021-03-21,2021,3,21,71.0
2021-03-21,2021,3,21,71.0
2021-03-22,2021,3,22,77.0
2021-03-22,2021,3,22,77.0
2021-03-23,2021,3,23,79.0
2021-03-23,2021,3,23,79.0
2021-03-24,2021,3,24,87.0
2021-03-24,2021,3,24,87.0
2021-03-25,2021,3,25,74.0
2021-03-25,2021,3,25,74.0
2021-03-26,2021,3,26,86.0
2021-03-26,2021,3,26,86.0
2021-03-27,2021,3,27,84.0
2021-03-27,2021,3,27,84.0
2021-03-28,2021,3,28,92.0
2021-03-28,2021,3,28,92.0
2021-03-29,2021,3,29,84.0
2021-03-29,2021,3,29,84.0
2021-03-30,2021,3,30,75.0
2021-03-30,2021,3,30,75.0
2021-03-31,2021,3,31,71.0
2021-03-31,2021,3,31,71.0
2021-04-01,2021,4,1,76.0
2021-04-01,2021,4,1,76.0
2021-04-02,2021,4,2,92.0
2021-04-02,2021,4,2,92.0
2021-04-03,2021,4,3,74.0
2021-04-03,2021,4,3,74.0
2021-04-04,2021,4,4,72.0
2021-04-04,2021,4,4,72.0
2021-04-05,2021,4,5,76.0
2021-04-05,2021,4,5,76.0
2021-04-06,2021,4,6,85.0
2021-04-06,2021,4,6,85.0
2021-04-07,2021,4,7,88.0
2021-04-07,2021,4,7,88.0
2021-04-08,2021,4,8,76.0
2021-04-08,2021,4,8,76.0
2021-04-09,2021,4,9,74.0
2021-04-09,2021,4,9,74.0
2021-04-10,2021,4,10,81.0
2021-04-10,2021,4,10,81.0
2021-04-11,2021,4,11,80.0
2021-04-11,2021,4,11,80.0
2021-04-12,2021,4,12,77.0
2021-04-12,2021,4,12,77.0
2021-04-13,2021,4,13,86.0
2021-04-13,2021,4,13,86.0
2021-04-14,2021,4,14,87.0
2021-04-14,2021,4,14,87.0
2021-04-15,2021,4,15,77.0
2021-04-15,2021,4,15,77.0
2021-04-16,2021,4,16,78.0
2021-04-16,2021,4,16,78.0
2021-04-17,2021,4,17,70.0
2021-04-17,2021,4,17,70.0
2021-04-18,2021,4,18,70.0
2021-04-18,2021,4,18,70.0
2021-04-19,2021,4,19,80.0
2021-04-20,2021,4,20,68.0
2021-04-20,2021,4,20,68.0
2021-04-21,2021,4,21,75.0
2021-04-21,2021,4,21,75.0
2021-04-22,2021,4,22,73.0
2021-04-22,2021,4,22,73.0
2021-04-23,2021,4,23,68.0
2021-04-23,2021,4,23,68.0
2021-04-24,2021,4,24,72.0
2021-04-24,2021,4,24,72.0
2021-04-25,2021,4,25,67.0
2021-04-25,2021,4,25,67.0
2021-04-26,2021,4,26,82.0
2021-04-26,2021,4,26,82.0
2021-04-27,2021,4,27,73.0
2021-04-27,2021,4,27,73.0
2021-04-28,2021,4,28,72.0
2021-04-28,2021,4,28,72.0
2021-04-29,2021,4,29,77.0
2021-04-29,2021,4,29,77.0
2021-04-30,2021,4,30,79.0
2021-04-30,2021,4,30,79.0
2021-05-01,2021,5,1,70.0
2021-05-01,2021,5,1,70.0
2021-05-02,2021,5,2,82.0
2021-05-02,2021,5,2,82.0
2021-05-03,2021,5,3,74.0
2021-05-03,2021,5,3,74.0
2021-05-04,2021,5,4,84.0
2021-05-04,2021,5,4,84.0
2021-05-05,2021,5,5,92.0
2021-05-05,2021,5,5,92.0
2021-05-06,2021,5,6,80.0
2021-05-06,2021,5,6,80.0
2021-05-07,2021,5,7,83.0
2021-05-07,2021,5,7,83.0
2021-05-08,2021,5,8,80.0
2021-05-08,2021,5,8,80.0
2021-05-09,2021,5,9,83.0
2021-05-09,2021,5,9,83.0
2021-05-10,2021,5,10,81.0
2021-05-10,2021,5,10,81.0
2021-05-11,2021,5,11,76.0
2021-05-11,2021,5,11,76.0
2021-05-12,2021,5,12,79.0
2021-05-12,2021,5,12,79.0
2021-05-13,2021,5,13,81.0
2021-05-13,2021,5,13,81.0
2021-05-14,2021,5,14,84.0
2021-05-14,2021,5,14,84.0
2021-05-15,2021,5,15,84.0
2021-05-15,2021,5,15,84.0
2021-05-16,2021,5,16,79.0
2021-05-16,2021,5,16,79.0
2021-05-17,2021,5,17,80.0
2021-05-17,2021,5,17,80.0
2021-05-18,2021,5,18,87.0
2021-05-18,2021,5,18,87.0
2021-05-19,2021,5,19,76.0
2021-05-19,2021,5,19,76.0
2021-05-20,2021,5,20,68.0
2021-05-20,2021,5,20,68.0
2021-05-21,2021,5,21,66.0
2021-05-21,2021,5,21,66.0
2021-05-22,2021,5,22,64.0
2021-05-22,2021,5,22,64.0
2021-05-23,2021,5,23,66.0
2021-05-23,2021,5,23,66.0
2021-05-24,2021,5,24,67.0
2021-05-24,2021,5,24,67.0
2021-05-25,2021,5,25,68.0
2021-05-25,2021,5,25,68.0
2021-05-26,2021,5,26,83.0
2021-05-26,2021,5,26,83.0
2021-05-27,2021,5,27,74.0
2021-05-27,2021,5,27,74.0
2021-05-28,2021,5,28,72.0
2021-05-29,2021,5,29,68.0
2021-05-29,2021,5,29,68.0
2021-05-30,2021,5,30,71.0
2021-05-30,2021,5,30,71.0
2021-05-31,2021,5,31,83.0
2021-05-31,2021,5,31,83.0
2021-06-01,2021,6,1,84.0
2021-06-01,2021,6,1,84.0
2021-06-02,2021,6,2,89.0
2021-06-02,2021,6,2,89.0
2021-06-03,2021,6,3,84.0
2021-06-03,2021,6,3,84.0
2021-06-04,2021,6,4,86.0
2021-06-04,2021,6,4,86.0
2021-06-05,2021,6,5,74.0
2021-06-05,2021,6,5,74.0
2021-06-06,2021,6,6,68.0
2021-06-06,2021,6,6,68.0
2021-06-07,2021,6,7,67.0
2021-06-07,2021,6,7,67.0
2021-06-08,2021,6,8,65.0
2021-06-08,2021,6,8,65.0
2021-06-09,2021,6,9,60.0
2021-06-10,2021,6,10,77.0
2021-06-10,2021,6,10,77.0
2021-06-11,2021,6,11,63.0
2021-06-11,2021,6,11,63.0
2021-06-12,2021,6,12,75.0
2021-06-12,2021,6,12,75.0
2021-06-13,2021,6,13,74.0
2021-06-13,2021,6,13,74.0
2021-06-14,2021,6,14,78.0
2021-06-14,2021,6,14,78.0
2021-06-15,2021,6,15,60.0
2021-06-15,2021,6,15,60.0
2021-06-16,2021,6,16,60.0
2021-06-16,2021,6,16,60.0
2021-06-17,2021,6,17,60.0
2021-06-17,2021,6,17,60.0
2021-06-18,2021,6,18,63.0
2021-06-18,2021,6,18,63.0
2021-06-19,2021,6,19,73.0
2021-06-19,2021,6,19,73.0
2021-06-20,2021,6,20,69.0
2021-06-20,2021,6,20,69.0
2021-06-21,2021,6,21,69.0
2021-06-21,2021,6,21,69.0
2021-06-22,2021,6,22,62.0
2021-06-22,2021,6,22,62.0
2021-06-23,2021,6,23,66.0
2021-06-23,2021,6,23,66.0
2021-06-24,2021,6,24,63.0
2021-06-24,2021,6,24,63.0
2021-06-25,2021,6,25,90.0
2021-06-26,2021,6,26,79.0
2021-06-26,2021,6,26,79.0
2021-06-27,2021,6,27,64.0
2021-06-27,2021,6,27,64.0
2021-06-28,2021,6,28,83.0
2021-06-28,2021,6,28,83.0
2021-06-29,2021,6,29,75.0
2021-06-29,2021,6,29,75.0
2021-06-30,2021,6,30,71.0
2021-06-30,2021,6,30,71.0
2021-07-01,2021,7,1,71.0
2021-07-01,2021,7,1,71.0
2021-07-02,2021,7,2,74.0
2021-07-02,2021,7,2,74.0
2021-07-03,2021,7,3,82.0
2021-07-03,2021,7,3,82.0
2021-07-04,2021,7,4,72.0
2021-07-05,2021,7,5,73.0
2021-07-06,2021,7,6,70.0
2021-07-06,2021,7,6,70.0
2021-07-07,2021,7,7,73.0
2021-07-07,2021,7,7,73.0
2021-07-08,2021,7,8,77.0
2021-07-08,2021,7,8,77.0
2021-07-09,2021,7,9,87.0
2021-07-09,2021,7,9,87.0
2021-07-10,2021,7,10,90.0
2021-07-10,2021,7,10,90.0
2021-07-11,2021,7,11,84.0
2021-07-11,2021,7,11,84.0
2021-07-12,2021,7,12,65.0
2021-07-13,2021,7,13,73.0
2021-07-13,2021,7,13,73.0
2021-07-14,2021,7,14,74.0
2021-07-14,2021,7,14,74.0
2021-07-15,2021,7,15,78.0
2021-07-15,2021,7,15,78.0
2021-07-16,2021,7,16,74.0
2021-07-16,2021,7,16,74.0
2021-07-17,2021,7,17,68.0
2021-07-17,2021,7,17,68.0
2021-07-18,2021,7,18,54.0
2021-07-18,2021,7,18,54.0
2021-07-19,2021,7,19,57.0
2021-07-19,2021,7,19,57.0
2021-07-20,2021,7,20,61.0
2021-07-21,2021,7,21,63.0
2021-07-21,2021,7,21,63.0
2021-07-22,2021,7,22,63.0
2021-07-23,2021,7,23,60.0
2021-07-23,2021,7,23,60.0
2021-07-24,2021,7,24,56.0
2021-07-24,2021,7,24,56.0
2021-07-25,2021,7,25,62.0
2021-07-25,2021,7,25,62.0
2021-07-26,2021,7,26,61.0
2021-07-27,2021,7,27,61.0
2021-07-27,2021,7,27,61.0
2021-07-28,2021,7,28,61.0
2021-07-28,2021,7,28,61.0
2021-07-29,2021,7,29,61.0
2021-07-29,2021,7,29,61.0
2021-07-30,2021,7,30,68.0
2021-07-31,2021,7,31,79.0
2021-08-01,2021,8,1,60.0
2021-08-01,2021,8,1,60.0
2021-08-02,2021,8,2,62.0
2021-08-03,2021,8,3,60.0
2021-08-03,2021,8,3,60.0
2021-08-04,2021,8,4,61.0
2021-08-04,2021,8,4,61.0
2021-08-05,2021,8,5,58.0
2021-08-05,2021,8,5,58.0
2021-08-06,2021,8,6,56.0
2021-08-06,2021,8,6,56.0
2021-08-07,2021,8,7,60.0
2021-08-07,2021,8,7,60.0
2021-08-08,2021,8,8,69.0
2021-08-08,2021,8,8,69.0
2021-08-09,2021,8,9,69.0
2021-08-09,2021,8,9,69.0
2021-08-10,2021,8,10,89.0
2021-08-10,2021,8,10,89.0
2021-08-11,2021,8,11,70.0
2021-08-11,2021,8,11,70.0
2021-08-12,2021,8,12,81.0
2021-08-12,2021,8,12,81.0
2021-08-13,2021,8,13,75.0
2021-08-13,2021,8,13,75.0
2021-08-14,2021,8,14,70.0
2021-08-14,2021,8,14,70.0
2021-08-15,2021,8,15,72.0
2021-08-15,2021,8,15,72.0
2021-08-16,2021,8,16,76.0
2021-08-16,2021,8,16,76.0
2021-08-17,2021,8,17,73.0
2021-08-17,2021,8,17,73.0
2021-08-18,2021,8,18,69.0
2021-08-18,2021,8,18,69.0
2021-08-19,2021,8,19,82.0
2021-08-20,2021,8,20,74.0
2021-08-20,2021,8,20,74.0
2021-08-21,2021,8,21,81.0
2021-08-21,2021,8,21,81.0
2021-08-22,2021,8,22,84.0
2021-08-22,2021,8,22,84.0
2021-08-23,2021,8,23,78.0
2021-08-23,2021,8,23,78.0
2021-08-24,2021,8,24,81.0
2021-08-24,2021,8,24,81.0
2021-08-25,2021,8,25,70.0
2021-08-25,2021,8,25,70.0
2021-08-26,2021,8,26,74.0
2021-08-26,2021,8,26,74.0
2021-08-27,2021,8,27,71.0
2021-08-27,2021,8,27,71.0
2021-08-28,2021,8,28,71.0
2021-08-28,2021,8,28,71.0
2021-08-29,2021,8,29,76.0
2021-08-29,2021,8,29,76.0
2021-08-30,2021,8,30,79.0
2021-08-30,2021,8,30,79.0
2021-08-31,2021,8,31,75.0
2021-08-31,2021,8,31,75.0
2021-09-01,2021,9,1,79.0
2021-09-01,2021,9,1,79.0
2021-09-02,2021,9,2,73.0
2021-09-02,2021,9,2,73.0
2021-09-03,2021,9,3,72.0
2021-09-03,2021,9,3,72.0
2021-09-04,2021,9,4,70.0
2021-09-04,2021,9,4,70.0
2021-09-05,2021,9,5,65.0
2021-09-05,2021,9,5,65.0
2021-09-06,2021,9,6,67.0
2021-09-06,2021,9,6,67.0
2021-09-07,2021,9,7,67.0
2021-09-07,2021,9,7,67.0
2021-09-08,2021,9,8,74.0
2021-09-08,2021,9,8,74.0
2021-09-09,2021,9,9,78.0
2021-09-09,2021,9,9,78.0
2021-09-10,2021,9,10,62.0
2021-09-10,2021,9,10,62.0
2021-09-11,2021,9,11,77.0
2021-09-11,2021,9,11,77.0
2021-09-12,2021,9,12,78.0
2021-09-12,2021,9,12,78.0
2021-09-13,2021,9,13,60.0
2021-09-13,2021,9,13,60.0
2021-09-14,2021,9,14,57.0
2021-09-14,2021,9,14,57.0
2021-09-15,2021,9,15,71.0
2021-09-16,2021,9,16,72.0
2021-09-17,2021,9,17,69.0
2021-09-17,2021,9,17,69.0
2021-09-18,2021,9,18,75.0
2021-09-18,2021,9,18,75.0
2021-09-19,2021,9,19,85.0
2021-09-19,2021,9,19,85.0
2021-09-20,2021,9,20,79.0
2021-09-21,2021,9,21,66.0
2021-09-21,2021,9,21,66.0
2021-09-22,2021,9,22,64.0
2021-09-22,2021,9,22,64.0
2021-09-23,2021,9,23,62.0
2021-09-23,2021,9,23,62.0
2021-09-24,2021,9,24,71.0
2021-09-24,2021,9,24,71.0
2021-09-25,2021,9,25,70.0
2021-09-25,2021,9,25,70.0
2021-09-26,2021,9,26,82.0
2021-09-27,2021,9,27,88.0
2021-09-28,2021,9,28,76.0
2021-09-28,2021,9,28,76.0
2021-09-29,2021,9,29,82.0
2021-09-29,2021,9,29,82.0
2021-09-30,2021,9,30,85.0
2021-09-30,2021,9,30,85.0
2021-10-01,2021,10,1,74.0
2021-10-01,2021,10,1,74.0
2021-10-02,2021,10,2,74.0
2021-10-03,2021,10,3,75.0
2021-10-04,2021,10,4,68.0
2021-10-04,2021,10,4,68.0
2021-10-05,2021,10,5,65.0
2021-10-06,2021,10,6,74.0
2021-10-07,2021,10,7,68.0
2021-10-08,2021,10,8,64.0
2021-10-09,2021,10,9,66.0
2021-10-09,2021,10,9,66.0
2021-10-10,2021,10,10,57.0
2021-10-11,2021,10,11,68.0
2021-10-11,2021,10,11,68.0
2021-10-12,2021,10,12,58.0
2021-10-12,2021,10,12,58.0
2021-10-13,2021,10,13,57.0
2021-10-13,2021,10,13,57.0
2021-10-14,2021,10,14,61.0
2021-10-14,2021,10,14,61.0
2021-10-15,2021,10,15,64.0
2021-10-15,2021,10,15,64.0
2021-10-16,2021,10,16,64.0
2021-10-16,2021,10,16,64.0
2021-10-17,2021,10,17,79.0
2021-10-18,2021,10,18,75.0
2021-10-19,2021,10,19,80.0
2021-10-20,2021,10,20,95.0
2021-10-21,2021,10,21,82.0
2021-10-22,2021,10,22,87.0
2021-10-23,2021,10,23,81.0
2021-10-24,2021,10,24,86.0
2021-10-25,2021,10,25,85.0
2021-10-26,2021,10,26,86.0
2021-10-26,2021,10,26,86.0
2021-10-27,2021,10,27,91.0
2021-10-27,2021,10,27,91.0
2021-10-28,2021,10,28,80.0
2021-10-28,2021,10,28,80.0
2021-10-29,2021,10,29,81.0
2021-10-29,2021,10,29,81.0
2021-10-30,2021,10,30,92.0
2021-10-30,2021,10,30,92.0
2021-10-31,2021,10,31,84.0
2021-10-31,2021,10,31,84.0
2021-11-01,2021,11,1,83.0
2021-11-01,2021,11,1,83.0
2021-11-02,2021,11,2,83.0
2021-11-03,2021,11,3,86.0
2021-11-04,2021,11,4,86.0
2021-11-05,2021,11,5,85.0
2021-11-05,2021,11,5,85.0
2021-11-06,2021,11,6,84.0
2021-11-07,2021,11,7,87.0
2021-11-08,2021,11,8,90.0
2021-11-09,2021,11,9,84.0
2021-11-10,2021,11,10,88.0
2021-11-11,2021,11,11,84.0
2021-11-12,2021,11,12,90.0
2021-11-12,2021,11,12,90.0
2021-11-13,2021,11,13,75.0
2021-11-13,2021,11,13,75.0
2021-11-14,2021,11,14,81.0
2021-11-15,2021,11,15,79.0
2021-11-16,2021,11,16,82.0
2021-11-17,2021,11,17,87.0
2021-11-18,2021,11,18,79.0
2021-11-19,2021,11,19,78.0
2021-11-20,2021,11,20,76.0
2021-11-20,2021,11,20,76.0
2021-11-21,2021,11,21,80.0
2021-11-22,2021,11,22,80.0
2021-11-23,2021,11,23,82.0
2021-11-24,2021,11,24,89.0
2021-11-25,2021,11,25,87.0
2021-11-26,2021,11,26,88.0
2021-11-27,2021,11,27,84.0
2021-11-27,2021,11,27,84.0
2021-11-28,2021,11,28,93.0
2021-11-28,2021,11,28,93.0
2021-11-29,2021,11,29,90.0
2021-11-30,2021,11,30,91.0
2021-12-01,2021,12,1,71.0
2021-12-02,2021,12,2,81.0
2021-12-02,2021,12,2,81.0
2021-12-03,2021,12,3,91.0
2021-12-03,2021,12,3,91.0
2021-12-04,2021,12,4,71.0
2021-12-05,2021,12,5,82.0
2021-12-06,2021,12,6,80.0
2021-12-06,2021,12,6,80.0
2021-12-07,2021,12,7,86.0
2021-12-07,2021,12,7,86.0
2021-12-08,2021,12,8,76.0
2021-12-08,2021,12,8,76.0
2021-12-09,2021,12,9,83.0
2021-12-10,2021,12,10,84.0
2021-12-11,2021,12,11,82.0
2021-12-11,2021,12,11,82.0
2021-12-12,2021,12,12,74.0
2021-12-12,2021,12,12,74.0
2021-12-13,2021,12,13,73.0
2021-12-13,2021,12,13,73.0
2021-12-14,2021,12,14,77.0
2021-12-15,2021,12,15,80.0
2021-12-16,2021,12,16,79.0
2021-12-17,2021,12,17,87.0
2021-12-18,2021,12,18,95.0
2021-12-19,2021,12,19,87.0
2021-12-20,2021,12,20,93.0
2021-12-21,2021,12,21,77.0
2021-12-22,2021,12,22,74.0
2021-12-23,2021,12,23,72.0
2021-12-24,2021,12,24,77.0
2021-12-25,2021,12,25,75.0
2021-12-26,2021,12,26,74.0
2021-12-27,2021,12,27,70.0
2021-12-28,2021,12,28,71.0
2021-12-29,2021,12,29,71.0
2021-12-30,2021,12,30,80.0
2021-12-31,2021,12,31,90.0
2022-01-01,2022,1,1,91.0
2022-01-02,2022,1,2,84.0
2022-01-03,2022,1,3,82.0
2022-01-04,2022,1,4,87.0
2022-01-05,2022,1,5,77.0
2022-01-06,2022,1,6,82.0
2022-01-07,2022,1,7,76.0
2022-01-08,2022,1,8,90.0
2022-01-09,2022,1,9,82.0
2022-01-10,2022,1,10,83.0
2022-01-11,2022,1,11,76.0
2022-01-12,2022,1,12,76.0
2022-01-13,2022,1,13,80.0
2022-01-14,2022,1,14,72.0
2022-01-15,2022,1,15,78.0
2022-01-16,2022,1,16,73.0
2022-01-17,2022,1,17,80.0
2022-01-18,2022,1,18,81.0
2022-01-19,2022,1,19,70.0
2022-01-20,2022,1,20,75.0
2022-01-21,2022,1,21,76.0
2022-01-22,2022,1,22,77.0
2022-01-23,2022,1,23,78.0
2022-01-24,2022,1,24,83.0
2022-01-25,2022,1,25,79.0
2022-01-26,2022,1,26,76.0
2022-01-27,2022,1,27,78.0
2022-01-28,2022,1,28,73.0
2022-01-29,2022,1,29,80.0
2022-01-30,2022,1,30,74.0
2022-01-31,2022,1,31,73.0
2022-02-01,2022,2,1,77.0
2022-02-02,2022,2,2,82.0
2022-02-03,2022,2,3,74.0
2022-02-04,2022,2,4,79.0
2022-02-05,2022,2,5,72.0
2022-02-06,2022,2,6,81.0
2022-02-07,2022,2,7,90.0
2022-02-08,2022,2,8,77.0
2022-02-09,2022,2,9,90.0
2022-02-10,2022,2,10,82.0
2022-02-11,2022,2,11,76.0
2022-02-12,2022,2,12,82.0
2022-02-13,2022,2,13,73.0
2022-02-14,2022,2,14,81.0
2022-02-15,2022,2,15,87.0
2022-02-16,2022,2,16,88.0
2022-02-17,2022,2,17,83.0
2022-02-18,2022,2,18,80.0
2022-02-19,2022,2,19,79.0
2022-02-20,2022,2,20,75.0
2022-02-21,2022,2,21,76.0
2022-02-22,2022,2,22,82.0
2022-02-23,2022,2,23,84.0
2022-02-24,2022,2,24,79.0
2022-02-25,2022,2,25,78.0
2022-02-26,2022,2,26,83.0
2022-02-27,2022,2,27,91.0
2022-02-28,2022,2,28,86.0
2022-03-01,2022,3,1,83.0
2022-03-02,2022,3,2,87.0
2022-03-03,2022,3,3,83.0
2022-03-04,2022,3,4,78.0
2022-03-05,2022,3,5,85.0
2022-03-06,2022,3,6,83.0
2022-03-07,2022,3,7,80.0
2022-03-08,2022,3,8,86.0
2022-03-09,2022,3,9,86.0
2022-03-10,2022,3,10,80.0
2022-03-11,2022,3,11,84.0
2022-03-12,2022,3,12,80.0
2022-03-13,2022,3,13,79.0
2022-03-14,2022,3,14,82.0
2022-03-15,2022,3,15,79.0
2022-03-16,2022,3,16,86.0
2022-03-17,2022,3,17,85.0
2022-03-18,2022,3,18,79.0
2022-03-19,2022,3,19,86.0
2022-03-20,2022,3,20,82.0
2022-03-21,2022,3,21,73.0
2022-03-22,2022,3,22,75.0
2022-03-23,2022,3,23,81.0
2022-03-24,2022,3,24,82.0
2022-03-25,2022,3,25,83.0
2022-03-26,2022,3,26,83.0
2022-03-27,2022,3,27,76.0
2022-03-28,2022,3,28,80.0
2022-03-29,2022,3,29,81.0
2022-03-30,2022,3,30,78.0
2022-03-31,2022,3,31,82.0
2022-04-01,2022,4,1,74.0
2022-04-02,2022,4,2,79.0
2022-04-03,2022,4,3,92.0
2022-04-04,2022,4,4,78.0
2022-04-05,2022,4,5,89.0
2022-04-06,2022,4,6,85.0
2022-04-07,2022,4,7,79.0
2022-04-08,2022,4,8,79.0
2022-04-09,2022,4,9,79.0
2022-04-10,2022,4,10,74.0
2022-04-11,2022,4,11,78.0
2022-04-12,2022,4,12,69.0
2022-04-13,2022,4,13,76.0
2022-04-14,2022,4,14,71.0
2022-04-15,2022,4,15,74.0
2022-04-16,2022,4,16,75.0
2022-04-17,2022,4,17,72.0
2022-04-18,2022,4,18,73.0
2022-04-19,2022,4,19,76.0
2022-04-20,2022,4,20,84.0
2022-04-21,2022,4,21,78.0
2022-04-22,2022,4,22,80.0
2022-04-23,2022,4,23,77.0
2022-04-24,2022,4,24,71.0
2022-04-25,2022,4,25,80.0
2022-04-26,2022,4,26,76.0
2022-04-27,2022,4,27,78.0
2022-04-28,2022,4,28,72.0
2022-04-29,2022,4,29,77.0
2022-04-30,2022,4,30,76.0
2022-05-01,2022,5,1,76.0
2022-05-02,2022,5,2,76.0
2022-05-03,2022,5,3,73.0
2022-05-04,2022,5,4,82.0
2022-05-05,2022,5,5,76.0
2022-05-06,2022,5,6,82.0
2022-05-07,2022,5,7,74.0
2022-05-08,2022,5,8,73.0
2022-05-09,2022,5,9,78.0
2022-05-10,2022,5,10,77.0
2022-05-11,2022,5,11,79.0
2022-05-12,2022,5,12,64.0
2022-05-13,2022,5,13,75.0
2022-05-14,2022,5,14,71.0
2022-05-15,2022,5,15,72.0
2022-05-16,2022,5,16,73.0
2022-05-17,2022,5,17,70.0
2022-05-18,2022,5,18,59.0
2022-05-19,2022,5,19,58.0
2022-05-20,2022,5,20,62.0
2022-05-21,2022,5,21,66.0
2022-05-22,2022,5,22,64.0
2022-05-23,2022,5,23,58.0
2022-05-24,2022,5,24,58.0
2022-05-25,2022,5,25,61.0
2022-05-26,2022,5,26,61.0
2022-05-27,2022,5,27,60.0
2022-05-28,2022,5,28,64.0
2022-05-29,2022,5,29,77.0
2022-05-30,2022,5,30,81.0
2022-05-31,2022,5,31,80.0
2022-06-01,2022,6,1,80.0
2022-06-02,2022,6,2,70.0
2022-06-03,2022,6,3,68.0
2022-06-04,2022,6,4,73.0
2022-06-05,2022,6,5,76.0
2022-06-06,2022,6,6,73.0
2022-06-07,2022,6,7,69.0
2022-06-08,2022,6,8,67.0
2022-06-09,2022,6,9,66.0
2022-06-10,2022,6,10,83.0
2022-06-11,2022,6,11,65.0
2022-06-12,2022,6,12,65.0
2022-06-13,2022,6,13,68.0
2022-06-14,2022,6,14,78.0
2022-06-15,2022,6,15,78.0
2022-06-16,2022,6,16,71.0
2022-06-17,2022,6,17,74.0
2022-06-18,2022,6,18,75.0
2022-06-19,2022,6,19,77.0
2022-06-20,2022,6,20,70.0
2022-06-21,2022,6,21,77.0
2022-06-22,2022,6,22,73.0
2022-06-23,2022,6,23,83.0
2022-06-24,2022,6,24,72.0
2022-06-25,2022,6,25,65.0
2022-06-26,2022,6,26,72.0
2022-06-27,2022,6,27,74.0
2022-06-28,2022,6,28,71.0
2022-06-29,2022,6,29,62.0
2022-06-30,2022,6,30,52.0
2022-07-01,2022,7,1,72.0
2022-07-02,2022,7,2,71.0
2022-07-03,2022,7,3,63.0
2022-07-04,2022,7,4,68.0
2022-07-05,2022,7,5,62.0
2022-07-06,2022,7,6,55.0
2022-07-07,2022,7,7,58.0
2022-07-08,2022,7,8,59.0
2022-07-09,2022,7,9,62.0
2022-07-10,2022,7,10,58.0
2022-07-11,2022,7,11,65.0
2022-07-12,2022,7,12,71.0
2022-07-13,2022,7,13,68.0
2022-07-14,2022,7,14,63.0
2022-07-15,2022,7,15,58.0
2022-07-16,2022,7,16,66.0
2022-07-17,2022,7,17,63.0
2022-07-18,2022,7,18,60.0
2022-07-19,2022,7,19,58.0
2022-07-20,2022,7,20,56.0
2022-07-21,2022,7,21,69.0
2022-07-22,2022,7,22,66.0
2022-07-23,2022,7,23,77.0
2022-07-24,2022,7,24,82.0
2022-07-25,2022,7,25,82.0
2022-07-26,2022,7,26,84.0
2022-07-27,2022,7,27,84.0
2022-07-28,2022,7,28,80.0
2022-07-29,2022,7,29,76.0
2022-07-30,2022,7,30,64.0
2022-07-31,2022,7,31,69.0
2022-08-01,2022,8,1,71.0
2022-08-02,2022,8,2,86.0
2022-08-03,2022,8,3,73.0
2022-08-04,2022,8,4,68.0
2022-08-05,2022,8,5,62.0
2022-08-06,2022,8,6,72.0
2022-08-07,2022,8,7,60.0
2022-08-08,2022,8,8,62.0
2022-08-09,2022,8,9,62.0
2022-08-10,2022,8,10,60.0
2022-08-11,2022,8,11,65.0
2022-08-12,2022,8,12,61.0
2022-08-13,2022,8,13,62.0
2022-08-14,2022,8,14,72.0
2022-08-15,2022,8,15,70.0
2022-08-16,2022,8,16,68.0
2022-08-17,2022,8,17,72.0
2022-08-18,2022,8,18,75.0
2022-08-19,2022,8,19,78.0
2022-08-20,2022,8,20,71.0
2022-08-21,2022,8,21,68.0
2022-08-22,2022,8,22,78.0
2022-08-23,2022,8,23,63.0
2022-08-24,2022,8,24,70.0
2022-08-25,2022,8,25,83.0
2022-08-26,2022,8,26,78.0
2022-08-27,2022,8,27,79.0
2022-08-28,2022,8,28,68.0
2022-08-29,2022,8,29,77.0
2022-08-30,2022,8,30,87.0
2022-08-31,2022,8,31,85.0
2022-09-01,2022,9,1,87.0
2022-09-02,2022,9,2,71.0
2022-09-03,2022,9,3,68.0
2022-09-04,2022,9,4,63.0
2022-09-05,2022,9,5,72.0
2022-09-06,2022,9,6,65.0
2022-09-07,2022,9,7,78.0
2022-09-08,2022,9,8,70.0
2022-09-09,2022,9,9,64.0
2022-09-10,2022,9,10,62.0
2022-09-11,2022,9,11,61.0
2022-09-12,2022,9,12,65.0
2022-09-13,2022,9,13,60.0
2022-09-14,2022,9,14,69.0
2022-09-15,2022,9,15,77.0
2022-09-16,2022,9,16,68.0
2022-09-17,2022,9,17,65.0
2022-09-18,2022,9,18,61.0
2022-09-19,2022,9,19,63.0
2022-09-20,2022,9,20,70.0
2022-09-21,2022,9,21,68.0
2022-09-22,2022,9,22,60.0
2022-09-23,2022,9,23,75.0
2022-09-24,2022,9,24,69.0
2022-09-25,2022,9,25,69.0
2022-09-26,2022,9,26,66.0
2022-09-27,2022,9,27,84.0
2022-09-28,2022,9,28,72.0
2022-09-29,2022,9,29,73.0
2022-09-30,2022,9,30,78.0
2022-10-01,2022,10,1,77.0
2022-10-02,2022,10,2,66.0
2022-10-03,2022,10,3,67.0
2022-10-04,2022,10,4,79.0
2022-10-05,2022,10,5,83.0
2022-10-06,2022,10,6,83.0
2022-10-07,2022,10,7,80.0
2022-10-08,2022,10,8,76.0
2022-10-09,2022,10,9,74.0
2022-10-10,2022,10,10,73.0
2022-10-11,2022,10,11,68.0
2022-10-12,2022,10,12,76.0
2022-10-13,2022,10,13,74.0
2022-10-14,2022,10,14,71.0
2022-10-15,2022,10,15,82.0
2022-10-16,2022,10,16,85.0
2022-10-17,2022,10,17,79.0
2022-10-18,2022,10,18,84.0
2022-10-19,2022,10,19,82.0
2022-10-20,2022,10,20,75.0
2022-10-21,2022,10,21,71.0
2022-10-22,2022,10,22,74.0
2022-10-23,2022,10,23,80.0
2022-10-24,2022,10,24,73.0
2022-10-25,2022,10,25,75.0
2022-10-26,2022,10,26,82.0
2022-10-27,2022,10,27,89.0
2022-10-28,2022,10,28,78.0
2022-10-29,2022,10,29,80.0
2022-10-30,2022,10,30,89.0
2022-10-31,2022,10,31,84.0
2022-11-01,2022,11,1,85.0
2022-11-02,2022,11,2,83.0
2022-11-03,2022,11,3,87.0
2022-11-04,2022,11,4,89.0
2022-11-05,2022,11,5,81.0
2022-11-06,2022,11,6,80.0
2022-11-07,2022,11,7,87.0
2022-11-08,2022,11,8,84.0
2022-11-09,2022,11,9,83.0
2022-11-10,2022,11,10,92.0
2022-11-11,2022,11,11,87.0
2022-11-12,2022,11,12,93.0
2022-11-13,2022,11,13,87.0
2022-11-14,2022,11,14,87.0
2022-11-15,2022,11,15,82.0
2022-11-16,2022,11,16,87.0
2022-11-17,2022,11,17,77.0
2022-11-18,2022,11,18,75.0
2022-11-19,2022,11,19,74.0
2022-11-20,2022,11,20,73.0
2022-11-21,2022,11,21,72.0
2022-11-22,2022,11,22,71.0
2022-11-23,2022,11,23,75.0
2022-11-24,2022,11,24,78.0
2022-11-25,2022,11,25,75.0
2022-11-26,2022,11,26,70.0
2022-11-27,2022,11,27,71.0
2022-11-28,2022,11,28,69.0
2022-11-29,2022,11,29,81.0
2022-11-30,2022,11,30,78.0
2022-12-01,2022,12,1,80.0
2022-12-02,2022,12,2,81.0
2022-12-03,2022,12,3,78.0
2022-12-04,2022,12,4,84.0
2022-12-05,2022,12,5,75.0
2022-12-06,2022,12,6,80.0
2022-12-07,2022,12,7,81.0
2022-12-08,2022,12,8,84.0
2022-12-09,2022,12,9,82.0
2022-12-10,2022,12,10,85.0
2022-12-11,2022,12,11,88.0
2022-12-12,2022,12,12,86.0
2022-12-13,2022,12,13,95.0
2022-12-14,2022,12,14,86.0
2022-12-15,2022,12,15,82.0
2022-12-16,2022,12,16,78.0
2022-12-17,2022,12,17,77.0
2022-12-18,2022,12,18,95.0
2022-12-19,2022,12,19,84.0
2022-12-20,2022,12,20,89.0
2022-12-21,2022,12,21,81.0
2022-12-22,2022,12,22,78.0
2022-12-23,2022,12,23,69.0
2022-12-24,2022,12,24,73.0
2022-12-25,2022,12,25,74.0
2022-12-26,2022,12,26,78.0
2022-12-27,2022,12,27,76.0
2022-12-28,2022,12,28,77.0
2022-12-29,2022,12,29,89.0
2022-12-30,2022,12,30,79.0
2022-12-31,2022,12,31,74.0
2023-01-01,2023,1,1,72.0
2023-01-02,2023,1,2,72.0
2023-01-03,2023,1,3,72.0
2023-01-04,2023,1,4,71.0
2023-01-05,2023,1,5,73.0
2023-01-06,2023,1,6,71.0
2023-01-07,2023,1,7,84.0
2023-01-08,2023,1,8,75.0
2023-01-09,2023,1,9,72.0
2023-01-10,2023,1,10,74.0
2023-01-11,2023,1,11,75.0
2023-01-12,2023,1,12,72.0
2023-01-13,2023,1,13,78.0
2023-01-14,2023,1,14,83.0
2023-01-15,2023,1,15,78.0
2023-01-16,2023,1,16,80.0
2023-01-17,2023,1,17,76.0
2023-01-18,2023,1,18,72.0
2023-01-19,2023,1,19,69.0
2023-01-20,2023,1,20,73.0
2023-01-21,2023,1,21,92.0
2023-01-22,2023,1,22,80.0
2023-01-23,2023,1,23,92.0
2023-01-24,2023,1,24,85.0
2023-01-25,2023,1,25,75.0
2023-01-26,2023,1,26,87.0
2023-01-27,2023,1,27,82.0
2023-01-28,2023,1,28,78.0
2023-01-29,2023,1,29,83.0
2023-01-30,2023,1,30,80.0
2023-01-31,2023,1,31,86.0
2023-02-01,2023,2,1,74.0
2023-02-02,2023,2,2,70.0
2023-02-03,2023,2,3,78.0
2023-02-04,2023,2,4,88.0
2023-02-05,2023,2,5,82.0
2023-02-06,2023,2,6,86.0
2023-02-07,2023,2,7,81.0
2023-02-08,2023,2,8,84.0
2023-02-09,2023,2,9,78.0
2023-02-10,2023,2,10,89.0
2023-02-11,2023,2,11,76.0
2023-02-12,2023,2,12,77.0
2023-02-13,2023,2,13,79.0
2023-02-13,2023,2,13,79.0
2023-02-14,2023,2,14,80.0
2023-02-15,2023,2,15,76.0
2023-02-16,2023,2,16,75.0
2023-02-17,2023,2,17,78.0
2023-02-18,2023,2,18,81.0
2023-02-19,2023,2,19,76.0
2023-02-20,2023,2,20,73.0
2023-02-21,2023,2,21,76.0
2023-02-22,2023,2,22,73.0
2023-02-23,2023,2,23,74.0
2023-02-24,2023,2,24,72.0
2023-02-25,2023,2,25,70.0
2023-02-26,2023,2,26,79.0
2023-02-27,2023,2,27,72.0
2023-02-28,2023,2,28,76.0
2023-03-01,2023,3,1,80.0
2023-03-02,2023,3,2,67.0
2023-03-03,2023,3,3,80.0
2023-03-04,2023,3,4,67.0
2023-03-04,2023,3,4,67.0
2023-03-05,2023,3,5,68.0
2023-03-06,2023,3,6,63.0
2023-03-06,2023,3,6,63.0
2023-03-07,2023,3,7,67.0
2023-03-08,2023,3,8,66.0
2023-03-09,2023,3,9,79.0
2023-03-10,2023,3,10,82.0
2023-03-11,2023,3,11,80.0
2023-03-12,2023,3,12,80.0
2023-03-13,2023,3,13,82.0
2023-03-14,2023,3,14,68.0
2023-03-15,2023,3,15,75.0
2023-03-16,2023,3,16,67.0
2023-03-17,2023,3,17,69.0
2023-03-18,2023,3,18,80.0
2023-03-19,2023,3,19,80.0
2023-03-20,2023,3,20,80.0
2023-03-21,2023,3,21,75.0
2023-03-22,2023,3,22,73.0
2023-03-23,2023,3,23,83.0
2023-03-24,2023,3,24,84.0
2023-03-25,2023,3,25,78.0
2023-03-26,2023,3,26,79.0
2023-03-27,2023,3,27,78.0
2023-03-28,2023,3,28,76.0
2023-03-29,2023,3,29,75.0
2023-03-30,2023,3,30,73.0
2023-03-31,2023,3,31,71.0
2023-04-01,2023,4,1,67.0
2023-04-02,2023,4,2,69.0
2023-04-03,2023,4,3,72.0
2023-04-04,2023,4,4,75.0
2023-04-05,2023,4,5,70.0
2023-04-06,2023,4,6,66.0
2023-04-07,2023,4,7,73.0
2023-04-08,2023,4,8,73.0
2023-04-09,2023,4,9,67.0
2023-04-10,2023,4,10,66.0
2023-04-11,2023,4,11,70.0
2023-04-12,2023,4,12,71.0
2023-04-13,2023,4,13,69.0
2023-04-14,2023,4,14,67.0
2023-04-15,2023,4,15,68.0
2023-04-16,2023,4,16,70.0
2023-04-17,2023,4,17,65.0
2023-04-18,2023,4,18,69.0
2023-04-19,2023,4,19,73.0
2023-04-20,2023,4,20,77.0
2023-04-21,2023,4,21,75.0
2023-04-22,2023,4,22,81.0
2023-04-23,2023,4,23,78.0
2023-04-24,2023,4,24,83.0
2023-04-25,2023,4,25,74.0
2023-04-26,2023,4,26,74.0
2023-04-27,2023,4,27,83.0
2023-04-28,2023,4,28,80.0
2023-04-29,2023,4,29,76.0
2023-04-30,2023,4,30,78.0
2023-04-30,2023,4,30,78.0
2023-05-01,2023,5,1,70.0
2023-05-02,2023,5,2,84.0
2023-05-03,2023,5,3,80.0
2023-05-03,2023,5,3,80.0
2023-05-04,2023,5,4,85.0
2023-05-05,2023,5,5,80.0
2023-05-06,2023,5,6,84.0
2023-05-06,2023,5,6,84.0
2023-05-07,2023,5,7,73.0
2023-05-07,2023,5,7,73.0
2023-05-08,2023,5,8,75.0
2023-05-08,2023,5,8,75.0
2023-05-09,2023,5,9,75.0
2023-05-10,2023,5,10,63.0
2023-05-10,2023,5,10,63.0
2023-05-11,2023,5,11,68.0
2023-05-11,2023,5,11,68.0
2023-05-12,2023,5,12,66.0
2023-05-12,2023,5,12,66.0
2023-05-13,2023,5,13,67.0
2023-05-13,2023,5,13,67.0
2023-05-14,2023,5,14,60.0
2023-05-15,2023,5,15,59.0
2023-05-15,2023,5,15,59.0
2023-05-16,2023,5,16,69.0
2023-05-17,2023,5,17,64.0
2023-05-18,2023,5,18,70.0
2023-05-19,2023,5,19,66.0
2023-05-20,2023,5,20,68.0
2023-05-21,2023,5,21,67.0
2023-05-22,2023,5,22,72.0
2023-05-23,2023,5,23,67.0
2023-05-24,2023,5,24,64.0
2023-05-25,2023,5,25,68.0
2023-05-26,2023,5,26,67.0
2023-05-27,2023,5,27,58.0
2023-05-28,2023,5,28,70.0
2023-05-29,2023,5,29,70.0
2023-05-30,2023,5,30,63.0
2023-05-31,2023,5,31,78.0
2023-06-01,2023,6,1,63.0
2023-06-02,2023,6,2,61.0
2023-06-03,2023,6,3,80.0
2023-06-04,2023,6,4,64.0
2023-06-05,2023,6,5,60.0
2023-06-06,2023,6,6,76.0
2023-06-07,2023,6,7,58.0
2023-06-08,2023,6,8,60.0
2023-06-09,2023,6,9,64.0
2023-06-10,2023,6,10,61.0
2023-06-11,2023,6,11,56.0
2023-06-12,2023,6,12,52.0
2023-06-13,2023,6,13,54.0
2023-06-14,2023,6,14,53.0
2023-06-15,2023,6,15,62.0
2023-06-16,2023,6,16,60.0
2023-06-17,2023,6,17,57.0
2023-06-18,2023,6,18,50.0
2023-06-19,2023,6,19,50.0
2023-06-20,2023,6,20,57.0
2023-06-21,2023,6,21,59.0
2023-06-22,2023,6,22,66.0
2023-06-23,2023,6,23,68.0
2023-06-24,2023,6,24,66.0
2023-06-25,2023,6,25,66.0
2023-06-26,2023,6,26,64.0
2023-06-27,2023,6,27,66.0
2023-06-28,2023,6,28,62.0
2023-06-29,2023,6,29,71.0
2023-06-30,2023,6,30,93.0
2023-07-01,2023,7,1,78.0
2023-07-02,2023,7,2,60.0
2023-07-03,2023,7,3,58.0
2023-07-04,2023,7,4,61.0
2023-07-05,2023,7,5,61.0
2023-07-06,2023,7,6,62.0
2023-07-07,2023,7,7,62.0
2023-07-08,2023,7,8,70.0
2023-07-09,2023,7,9,79.0
2023-07-10,2023,7,10,77.0
2023-07-11,2023,7,11,65.0
2023-07-12,2023,7,12,67.0
2023-07-13,2023,7,13,66.0
2023-07-14,2023,7,14,66.0
2023-07-15,2023,7,15,55.0
2023-07-16,2023,7,16,54.0
2023-07-17,2023,7,17,56.0
2023-07-18,2023,7,18,64.0
2023-07-19,2023,7,19,73.0
2023-07-20,2023,7,20,56.0
2023-07-21,2023,7,21,55.0
2023-07-22,2023,7,22,59.0
2023-07-23,2023,7,23,54.0
2023-07-24,2023,7,24,59.0
2023-07-25,2023,7,25,59.0
2023-07-26,2023,7,26,57.0
2023-07-27,2023,7,27,57.0
2023-07-28,2023,7,28,58.0
2023-07-29,2023,7,29,59.0
2023-07-30,2023,7,30,80.0
2023-07-31,2023,7,31,77.0
2023-08-01,2023,8,1,69.0
2023-08-02,2023,8,2,54.0
2023-08-03,2023,8,3,53.0
2023-08-04,2023,8,4,55.0
2023-08-05,2023,8,5,67.0
2023-08-06,2023,8,6,67.0
2023-08-07,2023,8,7,68.0
2023-08-08,2023,8,8,75.0
2023-08-09,2023,8,9,80.0
2023-08-10,2023,8,10,77.0
2023-08-11,2023,8,11,75.0
2023-08-12,2023,8,12,70.0
2023-08-13,2023,8,13,77.0
2023-08-14,2023,8,14,75.0
2023-08-15,2023,8,15,67.0
2023-08-16,2023,8,16,75.0
2023-08-17,2023,8,17,68.0
2023-08-18,2023,8,18,61.0
2023-08-19,2023,8,19,68.0
2023-08-20,2023,8,20,60.0
2023-08-21,2023,8,21,66.0
2023-08-22,2023,8,22,68.0
2023-08-23,2023,8,23,73.0
2023-08-24,2023,8,24,77.0
2023-08-25,2023,8,25,79.0
2023-08-26,2023,8,26,67.0
2023-08-27,2023,8,27,70.0
2023-08-28,2023,8,28,62.0
2023-08-29,2023,8,29,64.0
2023-08-30,2023,8,30,60.0
2023-08-31,2023,8,31,66.0
2023-09-01,2023,9,1,69.0
2023-09-02,2023,9,2,63.0
2023-09-03,2023,9,3,67.0
2023-09-04,2023,9,4,93.0
2023-09-05,2023,9,5,66.0
2023-09-06,2023,9,6,70.0
2023-09-07,2023,9,7,66.0
2023-09-08,2023,9,8,60.0
2023-09-09,2023,9,9,59.0
2023-09-10,2023,9,10,73.0
2023-09-11,2023,9,11,68.0
2023-09-12,2023,9,12,66.0
2023-09-13,2023,9,13,65.0
2023-09-14,2023,9,14,74.0
2023-09-15,2023,9,15,78.0
2023-09-16,2023,9,16,74.0
2023-09-17,2023,9,17,69.0
2023-09-18,2023,9,18,76.0
2023-09-19,2023,9,19,81.0
2023-09-20,2023,9,20,80.0
2023-09-21,2023,9,21,85.0
2023-09-22,2023,9,22,74.0
2023-09-23,2023,9,23,71.0
2023-09-24,2023,9,24,70.0
2023-09-25,2023,9,25,67.0
2023-09-26,2023,9,26,70.0
2023-09-27,2023,9,27,83.0
2023-09-28,2023,9,28,66.0
2023-09-29,2023,9,29,56.0
2023-09-30,2023,9,30,68.0
2023-10-01,2023,10,1,72.0
2023-10-02,2023,10,2,71.0
2023-10-03,2023,10,3,68.0
2023-10-04,2023,10,4,78.0
2023-10-05,2023,10,5,85.0
2023-10-06,2023,10,6,77.0
2023-10-07,2023,10,7,84.0
2023-10-08,2023,10,8,80.0
2023-10-09,2023,10,9,80.0
2023-10-10,2023,10,10,82.0
2023-10-11,2023,10,11,84.0
2023-10-12,2023,10,12,80.0
2023-10-13,2023,10,13,85.0
2023-10-14,2023,10,14,85.0
2023-10-15,2023,10,15,82.0
2023-10-16,2023,10,16,74.0
2023-10-17,2023,10,17,74.0
2023-10-18,2023,10,18,77.0
2023-10-19,2023,10,19,87.0
2023-10-20,2023,10,20,79.0
2023-10-21,2023,10,21,80.0
2023-10-22,2023,10,22,83.0
2023-10-23,2023,10,23,84.0
2023-10-24,2023,10,24,82.0
2023-10-25,2023,10,25,78.0
2023-10-26,2023,10,26,80.0
2023-10-27,2023,10,27,81.0
2023-10-28,2023,10,28,78.0
2023-10-29,2023,10,29,78.0
2023-10-30,2023,10,30,83.0
2023-10-31,2023,10,31,80.0
2023-11-01,2023,11,1,83.0
2023-11-02,2023,11,2,82.0
2023-11-03,2023,11,3,82.0
2023-11-04,2023,11,4,82.0
2023-11-05,2023,11,5,81.0
2023-11-06,2023,11,6,80.0
2023-11-07,2023,11,7,76.0
2023-11-08,2023,11,8,79.0
2023-11-09,2023,11,9,83.0
2023-11-10,2023,11,10,76.0
2023-11-11,2023,11,11,83.0
2023-11-12,2023,11,12,79.0
2023-11-13,2023,11,13,85.0
2023-11-14,2023,11,14,82.0
2023-11-15,2023,11,15,87.0
2023-11-16,2023,11,16,78.0
2023-11-17,2023,11,17,82.0
2023-11-18,2023,11,18,84.0
2023-11-19,2023,11,19,74.0
2023-11-20,2023,11,20,75.0
2023-11-21,2023,11,21,90.0
2023-11-22,2023,11,22,82.0
2023-11-23,2023,11,23,85.0
2023-11-24,2023,11,24,83.0
2023-11-25,2023,11,25,85.0
2023-11-26,2023,11,26,85.0
2023-11-27,2023,11,27,80.0
2023-11-28,2023,11,28,83.0
2023-11-29,2023,11,29,91.0
2023-11-30,2023,11,30,86.0
2023-12-01,2023,12,1,87.0
2023-12-02,2023,12,2,83.0
2023-12-03,2023,12,3,87.0
2023-12-04,2023,12,4,77.0
2023-12-05,2023,12,5,89.0
2023-12-06,2023,12,6,86.0
2023-12-07,2023,12,7,82.0
2023-12-08,2023,12,8,74.0
2023-12-09,2023,12,9,75.0
2023-12-10,2023,12,10,85.0
2023-12-11,2023,12,11,80.0
2023-12-12,2023,12,12,87.0
2023-12-13,2023,12,13,77.0
2023-12-14,2023,12,14,77.0
2023-12-15,2023,12,15,84.0
2023-12-16,2023,12,16,89.0
2023-12-17,2023,12,17,78.0
2023-12-18,2023,12,18,77.0
2023-12-19,2023,12,19,71.0
2023-12-20,2023,12,20,75.0
2023-12-21,2023,12,21,70.0
2023-12-22,2023,12,22,71.0
2023-12-23,2023,12,23,74.0
2023-12-24,2023,12,24,94.0
2023-12-25,2023,12,25,92.0
2023-12-26,2023,12,26,79.0
2023-12-27,2023,12,27,79.0
2023-12-28,2023,12,28,75.0
2023-12-29,2023,12,29,81.0
2023-12-30,2023,12,30,85.0
2023-12-31,2023,12,31,77.0
2024-01-01,2024,1,1,73.0
2024-01-02,2024,1,2,69.0
2024-01-03,2024,1,3,77.0
2024-01-04,2024,1,4,70.0
2024-01-05,2024,1,5,71.0
2024-01-06,2024,1,6,76.0
2024-01-07,2024,1,7,73.0
2024-01-08,2024,1,8,75.0
2024-01-09,2024,1,9,78.0
2024-01-10,2024,1,10,76.0
2024-01-11,2024,1,11,72.0
2024-01-12,2024,1,12,71.0
2024-01-13,2024,1,13,66.0
2024-01-14,2024,1,14,66.0
2024-01-15,2024,1,15,67.0
2024-01-16,2024,1,16,69.0
2024-01-17,2024,1,17,93.0
2024-01-18,2024,1,18,72.0
2024-01-19,2024,1,19,80.0
2024-01-20,2024,1,20,71.0
2024-01-21,2024,1,21,72.0
2024-01-22,2024,1,22,72.0
2024-01-23,2024,1,23,74.0
2024-01-24,2024,1,24,75.0
2024-01-25,2024,1,25,74.0
2024-01-26,2024,1,26,84.0
2024-01-27,2024,1,27,81.0
2024-01-28,2024,1,28,85.0
2024-01-29,2024,1,29,81.0
2024-01-30,2024,1,30,74.0
2024-01-31,2024,1,31,71.0
2024-02-01,2024,2,1,71.0
2024-02-02,2024,2,2,76.0
2024-02-03,2024,2,3,76.0
2024-02-04,2024,2,4,74.0
2024-02-05,2024,2,5,71.0
2024-02-06,2024,2,6,76.0
2024-02-07,2024,2,7,73.0
2024-02-08,2024,2,8,72.0
2024-02-09,2024,2,9,70.0
2024-02-10,2024,2,10,72.0
2024-02-11,2024,2,11,67.0
2024-02-12,2024,2,12,65.0
2024-02-13,2024,2,13,69.0
2024-02-14,2024,2,14,74.0
2024-02-15,2024,2,15,76.0
2024-02-16,2024,2,16,77.0
2024-02-17,2024,2,17,70.0
2024-02-18,2024,2,18,69.0
2024-02-19,2024,2,19,73.0
2024-02-20,2024,2,20,82.0
2024-02-21,2024,2,21,78.0
2024-02-22,2024,2,22,81.0
2024-02-23,2024,2,23,76.0
2024-02-24,2024,2,24,64.0
2024-02-25,2024,2,25,75.0
2024-02-26,2024,2,26,69.0
2024-02-27,2024,2,27,71.0
2024-02-28,2024,2,28,68.0
2024-02-29,2024,2,29,74.0
2024-03-01,2024,3,1,67.0
2024-03-02,2024,3,2,68.0
2024-03-03,2024,3,3,70.0
2024-03-04,2024,3,4,79.0
2024-03-05,2024,3,5,86.0
2024-03-06,2024,3,6,72.0
2024-03-07,2024,3,7,72.0
2024-03-08,2024,3,8,78.0
2024-03-09,2024,3,9,74.0
2024-03-10,2024,3,10,67.0
2024-03-11,2024,3,11,67.0
2024-03-12,2024,3,12,65.0
2024-03-13,2024,3,13,63.0
2024-03-14,2024,3,14,65.0
2024-03-15,2024,3,15,66.0
2024-03-16,2024,3,16,81.0
2024-03-17,2024,3,17,60.0
2024-03-18,2024,3,18,72.0
2024-03-19,2024,3,19,65.0
2024-03-20,2024,3,20,81.0
2024-03-21,2024,3,21,70.0
2024-03-22,2024,3,22,72.0
2024-03-23,2024,3,23,72.0
2024-03-24,2024,3,24,76.0
2024-03-25,2024,3,25,71.0
2024-03-26,2024,3,26,75.0
2024-03-27,2024,3,27,84.0
2024-03-28,2024,3,28,72.0
2024-03-29,2024,3,29,73.0
2024-03-30,2024,3,30,89.0
2024-03-31,2024,3,31,77.0
2024-04-01,2024,4,1,81.0
2024-04-02,2024,4,2,76.0
2024-04-03,2024,4,3,70.0
2024-04-04,2024,4,4,72.0
2024-04-05,2024,4,5,74.0
2024-04-06,2024,4,6,70.0
2024-04-07,2024,4,7,73.0
2024-04-08,2024,4,8,70.0
2024-04-09,2024,4,9,83.0
2024-04-10,2024,4,10,78.0
2024-04-11,2024,4,11,69.0
2024-04-12,2024,4,12,77.0
2024-04-13,2024,4,13,70.0
2024-04-14,2024,4,14,71.0
2024-04-15,2024,4,15,72.0
2024-04-16,2024,4,16,76.0
2024-04-17,2024,4,17,84.0
2024-04-18,2024,4,18,81.0
2024-04-19,2024,4,19,83.0
2024-04-20,2024,4,20,82.0
2024-04-21,2024,4,21,80.0
2024-04-22,2024,4,22,80.0
2024-04-23,2024,4,23,72.0
2024-04-24,2024,4,24,78.0
2024-04-25,2024,4,25,80.0
2024-04-26,2024,4,26,81.0
2024-04-27,2024,4,27,79.0
2024-04-28,2024,4,28,74.0
2024-04-29,2024,4,29,76.0
2024-04-30,2024,4,30,84.0
2024-05-01,2024,5,1,73.0
2024-05-02,2024,5,2,84.0
2024-05-03,2024,5,3,83.0
2024-05-04,2024,5,4,76.0
2024-05-05,2024,5,5,78.0
2024-05-06,2024,5,6,74.0
2024-05-07,2024,5,7,77.0
2024-05-08,2024,5,8,80.0
2024-05-09,2024,5,9,71.0
2024-05-10,2024,5,10,84.0
2024-05-11,2024,5,11,87.0
2024-05-12,2024,5,12,82.0
2024-05-13,2024,5,13,82.0
2024-05-14,2024,5,14,79.0
2024-05-15,2024,5,15,82.0
2024-05-16,2024,5,16,83.0
2024-05-17,2024,5,17,82.0
2024-05-18,2024,5,18,79.0
2024-05-19,2024,5,19,82.0
2024-05-20,2024,5,20,79.0
2024-05-21,2024,5,21,70.0
2024-05-22,2024,5,22,74.0
2024-05-23,2024,5,23,68.0
2024-05-24,2024,5,24,66.0
2024-05-25,2024,5,25,71.0
2024-05-26,2024,5,26,67.0
2024-05-27,2024,5,27,71.0
2024-05-28,2024,5,28,64.0
2024-05-29,2024,5,29,59.0
2024-05-30,2024,5,30,66.0
2024-05-31,2024,5,31,68.0
2024-06-01,2024,6,1,55.0
2024-06-02,2024,6,2,73.0
2024-06-03,2024,6,3,69.0
2024-06-04,2024,6,4,63.0
2024-06-05,2024,6,5,70.0
2024-06-06,2024,6,6,75.0
2024-06-07,2024,6,7,70.0
2024-06-08,2024,6,8,64.0
2024-06-09,2024,6,9,62.0
2024-06-10,2024,6,10,56.0
2024-06-11,2024,6,11,59.0
2024-06-12,2024,6,12,56.0
2024-06-13,2024,6,13,61.0
2024-06-14,2024,6,14,62.0
2024-06-15,2024,6,15,67.0
2024-06-16,2024,6,16,71.0
2024-06-17,2024,6,17,70.0
2024-06-18,2024,6,18,64.0
2024-06-19,2024,6,19,74.0
2024-06-20,2024,6,20,66.0
2024-06-21,2024,6,21,62.0
2024-06-22,2024,6,22,57.0
2024-06-23,2024,6,23,57.0
2024-06-24,2024,6,24,68.0
2024-06-25,2024,6,25,58.0
2024-06-26,2024,6,26,55.0
2024-06-27,2024,6,27,65.0
2024-06-28,2024,6,28,58.0
2024-06-29,2024,6,29,64.0
2024-06-30,2024,6,30,74.0
2024-07-01,2024,7,1,63.0
2024-07-02,2024,7,2,54.0
2024-07-03,2024,7,3,54.0
2024-07-04,2024,7,4,65.0
2024-07-05,2024,7,5,74.0
2024-07-06,2024,7,6,61.0
2024-07-07,2024,7,7,82.0
2024-07-08,2024,7,8,82.5
2024-07-09,2024,7,9,83.0
2024-07-10,2024,7,10,87.0
2024-07-11,2024,7,11,78.0
2024-07-12,2024,7,12,74.0
2024-07-13,2024,7,13,70.0
2024-07-14,2024,7,14,87.0
2024-07-15,2024,7,15,76.0
2024-07-16,2024,7,16,63.0
2024-07-17,2024,7,17,70.0
2024-07-18,2024,7,18,68.0
2024-07-19,2024,7,19,64.0
2024-07-20,2024,7,20,69.0
2024-07-21,2024,7,21,67.0
2024-07-22,2024,7,22,70.0
2024-07-23,2024,7,23,65.0
2024-07-24,2024,7,24,70.0
2024-07-25,2024,7,25,53.0
2024-07-26,2024,7,26,72.0
2024-07-27,2024,7,27,68.0
2024-07-28,2024,7,28,73.0
2024-07-29,2024,7,29,67.0
2024-07-30,2024,7,30,77.0
2024-07-31,2024,7,31,67.0
2024-08-01,2024,8,1,83.0
2024-08-02,2024,8,2,77.0
2024-08-03,2024,8,3,73.0
2024-08-04,2024,8,4,80.0
2024-08-05,2024,8,5,83.0
2024-08-06,2024,8,6,85.0
2024-08-07,2024,8,7,81.0
2024-08-08,2024,8,8,80.0
2024-08-09,2024,8,9,88.0
2024-08-10,2024,8,10,91.0
2024-08-11,2024,8,11,79.0
2024-08-12,2024,8,12,76.0
2024-08-13,2024,8,13,83.0
2024-08-14,2024,8,14,87.0
2024-08-15,2024,8,15,83.0
2024-08-16,2024,8,16,89.0
2024-08-17,2024,8,17,85.0
2024-08-18,2024,8,18,87.0
2024-08-19,2024,8,19,80.0
2024-08-20,2024,8,20,83.0
2024-08-21,2024,8,21,76.0
2024-08-22,2024,8,22,81.0
2024-08-23,2024,8,23,85.0
2024-08-24,2024,8,24,83.0
2024-08-25,2024,8,25,84.0
2024-08-26,2024,8,26,78.0
2024-08-27,2024,8,27,79.0
2024-08-28,2024,8,28,82.0
2024-08-29,2024,8,29,73.0
2024-08-30,2024,8,30,78.0
2024-08-31,2024,8,31,80.0
2024-09-01,2024,9,1,79.0
2024-09-02,2024,9,2,75.0
2024-09-03,2024,9,3,66.0
2024-09-04,2024,9,4,60.0
2024-09-05,2024,9,5,75.0
2024-09-06,2024,9,6,75.0
2024-09-07,2024,9,7,80.0
2024-09-08,2024,9,8,77.0
2024-09-09,2024,9,9,76.0
2024-09-10,2024,9,10,73.0
2024-09-11,2024,9,11,82.0
2024-09-12,2024,9,12,74.0
2024-09-13,2024,9,13,77.0
2024-09-14,2024,9,14,81.0
2024-09-15,2024,9,15,69.0
2024-09-16,2024,9,16,79.0
2024-09-17,2024,9,17,91.0
2024-09-18,2024,9,18,64.0
2024-09-19,2024,9,19,68.0
2024-09-20,2024,9,20,84.0
2024-09-21,2024,9,21,64.0
2024-09-22,2024,9,22,73.0
2024-09-23,2024,9,23,76.0
2024-09-24,2024,9,24,82.0
2024-09-25,2024,9,25,77.0
2024-09-26,2024,9,26,77.0
2024-09-27,2024,9,27,90.0
2024-09-28,2024,9,28,92.0
2024-09-29,2024,9,29,90.0
2024-09-30,2024,9,30,82.0
2024-10-01,2024,10,1,79.0
2024-10-02,2024,10,2,88.0
2024-10-03,2024,10,3,95.0
2024-10-04,2024,10,4,86.0
2024-10-05,2024,10,5,89.0
2024-10-06,2024,10,6,89.0
2024-10-07,2024,10,7,92.0
2024-10-08,2024,10,8,89.0
2024-10-09,2024,10,9,87.0
2024-10-10,2024,10,10,87.0
2024-10-11,2024,10,11,87.0
2024-10-12,2024,10,12,85.0
2024-10-13,2024,10,13,81.0
2024-10-14,2024,10,14,85.0
2024-10-15,2024,10,15,82.0
2024-10-16,2024,10,16,79.0
2024-10-17,2024,10,17,88.0
2024-10-18,2024,10,18,85.0
2024-10-19,2024,10,19,80.0
2024-10-20,2024,10,20,70.0
2024-10-21,2024,10,21,69.0
2024-10-22,2024,10,22,75.0
2024-10-23,2024,10,23,77.0
2024-10-24,2024,10,24,75.0
2024-10-25,2024,10,25,80.0
2024-10-26,2024,10,26,74.0
2024-10-27,2024,10,27,75.0
2024-10-28,2024,10,28,76.0
2024-10-29,2024,10,29,80.0
2024-10-30,2024,10,30,82.0
2024-10-31,2024,10,31,75.0
2024-11-01,2024,11,1,78.0
2024-11-02,2024,11,2,80.0
2024-11-03,2024,11,3,85.0
2024-11-04,2024,11,4,80.0
2024-11-05,2024,11,5,84.0
2024-11-06,2024,11,6,87.0
2024-11-07,2024,11,7,83.0
2024-11-08,2024,11,8,84.0
2024-11-09,2024,11,9,88.0
2024-11-10,2024,11,10,83.0
2024-11-11,2024,11,11,89.0
2024-11-12,2024,11,12,83.0
2024-11-13,2024,11,13,87.0
2024-11-14,2024,11,14,87.0
2024-11-15,2024,11,15,89.0
2024-11-16,2024,11,16,84.0
2024-11-17,2024,11,17,88.0
2024-11-18,2024,11,18,85.0
2024-11-19,2024,11,19,82.0
2024-11-20,2024,11,20,78.0
2024-11-21,2024,11,21,91.0
2024-11-22,2024,11,22,91.0
2024-11-23,2024,11,23,90.0
2024-11-24,2024,11,24,85.0
2024-11-25,2024,11,25,90.0
2024-11-26,2024,11,26,90.0
2024-11-27,2024,11,27,86.0
2024-11-28,2024,11,28,82.0
2024-11-29,2024,11,29,81.0
2024-11-30,2024,11,30,87.0
2024-12-01,2024,12,1,85.0
2024-12-02,2024,12,2,83.0
2024-12-03,2024,12,3,93.0
2024-12-04,2024,12,4,84.0
2024-12-05,2024,12,5,86.0
2024-12-06,2024,12,6,91.0
2024-12-07,2024,12,7,88.0
2024-12-08,2024,12,8,89.0
2024-12-09,2024,12,9,86.0
2024-12-10,2024,12,10,90.0
2024-12-11,2024,12,11,85.0
2024-12-12,2024,12,12,83.0
2024-12-13,2024,12,13,82.0
2024-12-14,2024,12,14,83.0
2024-12-15,2024,12,15,86.0
2024-12-16,2024,12,16,91.0
2024-12-17,2024,12,17,90.0
2024-12-18,2024,12,18,87.0
2024-12-19,2024,12,19,83.0
2024-12-20,2024,12,20,87.0
2024-12-21,2024,12,21,87.0
2024-12-22,2024,12,22,87.0
2024-12-23,2024,12,23,89.0
2024-12-24,2024,12,24,85.0
2024-12-25,2024,12,25,86.0
2024-12-26,2024,12,26,78.0
2024-12-27,2024,12,27,78.0
2024-12-28,2024,12,28,89.0
2024-12-29,2024,12,29,87.0
2024-12-30,2024,12,30,89.0
2024-12-31,2024,12,31,90.0
2025-01-01,2025,1,1,83.0
2025-01-02,2025,1,2,83.0
2025-01-03,2025,1,3,92.0
2025-01-04,2025,1,4,90.0
2025-01-05,2025,1,5,83.0
2025-01-06,2025,1,6,91.0
2025-01-07,2025,1,7,85.0
2025-01-08,2025,1,8,88.0
2025-01-09,2025,1,9,84.0
2025-01-10,2025,1,10,76.0
2025-01-11,2025,1,11,78.0
2025-01-12,2025,1,12,90.0
2025-01-13,2025,1,13,91.0
2025-01-14,2025,1,14,87.0
2025-01-15,2025,1,15,82.0
2025-01-16,2025,1,16,93.0
2025-01-17,2025,1,17,79.0
2025-01-18,2025,1,18,84.0
2025-01-19,2025,1,19,82.0
2025-01-20,2025,1,20,82.0
2025-01-21,2025,1,21,80.0
2025-01-22,2025,1,22,83.0
2025-01-23,2025,1,23,85.0
2025-01-24,2025,1,24,80.0
2025-01-25,2025,1,25,90.0
2025-01-26,2025,1,26,86.0
2025-01-27,2025,1,27,89.0
2025-01-28,2025,1,28,92.0
2025-01-29,2025,1,29,80.0
2025-01-30,2025,1,30,79.0
2025-01-31,2025,1,31,78.0
2025-02-01,2025,2,1,83.0
2025-02-02,2025,2,2,84.0
2025-02-03,2025,2,3,81.0
2025-02-04,2025,2,4,83.0
2025-02-05,2025,2,5,76.0
2025-02-06,2025,2,6,81.0
2025-02-07,2025,2,7,81.0
2025-02-08,2025,2,8,78.0
2025-02-09,2025,2,9,73.0
2025-02-10,2025,2,10,78.0
2025-02-11,2025,2,11,83.0
2025-02-12,2025,2,12,81.0
2025-02-13,2025,2,13,89.0
2025-02-14,2025,2,14,92.0
2025-02-15,2025,2,15,93.0
2025-02-16,2025,2,16,83.0
2025-02-17,2025,2,17,82.0
2025-02-18,2025,2,18,84.0
2025-02-19,2025,2,19,84.0
2025-02-20,2025,2,20,83.0
2025-02-21,2025,2,21,85.0
2025-02-22,2025,2,22,89.0
2025-02-23,2025,2,23,83.0
2025-02-24,2025,2,24,86.0
2025-02-25,2025,2,25,87.0
2025-02-26,2025,2,26,89.0
2025-02-27,2025,2,27,84.0
2025-02-28,2025,2,28,84.0
2025-03-01,2025,3,1,86.0
2025-03-02,2025,3,2,80.0
2025-03-03,2025,3,3,79.0
2025-03-04,2025,3,4,81.0
2025-03-05,2025,3,5,84.0
2025-03-06,2025,3,6,89.0
2025-03-07,2025,3,7,93.0
2025-03-08,2025,3,8,89.0
2025-03-09,2025,3,9,88.0
2025-03-10,2025,3,10,81.0
2025-03-11,2025,3,11,86.0
2025-03-12,2025,3,12,81.0
2025-03-13,2025,3,13,92.0
2025-03-14,2025,3,14,87.0
2025-03-15,2025,3,15,88.0
2025-03-16,2025,3,16,88.0
2025-03-17,2025,3,17,81.0
2025-03-18,2025,3,18,80.0
2025-03-19,2025,3,19,81.0
2025-03-20,2025,3,20,78.0
2025-03-21,2025,3,21,80.0
2025-03-22,2025,3,22,81.0
2025-03-23,2025,3,23,80.0
2025-03-24,2025,3,24,89.0
2025-03-25,2025,3,25,82.0
2025-03-26,2025,3,26,87.0
2025-03-27,2025,3,27,86.0
2025-03-28,2025,3,28,85.0
2025-03-29,2025,3,29,87.0
2025-03-30,2025,3,30,84.0
2025-03-31,2025,3,31,87.0
2025-04-01,2025,4,1,85.0
2025-04-02,2025,4,2,85.0
2025-04-03,2025,4,3,85.0
2025-04-04,2025,4,4,89.0
2025-04-05,2025,4,5,94.0
2025-04-06,2025,4,6,88.0
2025-04-07,2025,4,7,83.0
2025-04-08,2025,4,8,89.0
2025-04-09,2025,4,9,86.0
2025-04-10,2025,4,10,85.0
2025-04-11,2025,4,11,92.0
2025-04-12,2025,4,12,84.0
2025-04-13,2025,4,13,83.0
2025-04-14,2025,4,14,85.0
2025-04-15,2025,4,15,90.0
2025-04-16,2025,4,16,91.0
2025-04-17,2025,4,17,82.0
2025-04-18,2025,4,18,83.0
2025-04-19,2025,4,19,84.0
2025-04-20,2025,4,20,85.0
2025-04-21,2025,4,21,80.0
2025-04-22,2025,4,22,87.0
2025-04-23,2025,4,23,86.0
2025-04-24,2025,4,24,87.0
2025-04-25,2025,4,25,86.0
2025-04-26,2025,4,26,78.0
2025-04-27,2025,4,27,88.0
2025-04-28,2025,4,28,90.0
2025-04-29,2025,4,29,85.0
2025-04-30,2025,4,30,83.0
2025-05-01,2025,5,1,89.0
2025-05-02,2025,5,2,84.0
2025-05-03,2025,5,3,86.0
2025-05-04,2025,5,4,82.0
2025-05-05,2025,5,5,80.0
2025-05-06,2025,5,6,86.0
2025-05-07,2025,5,7,86.0
2025-05-08,2025,5,8,79.0
2025-05-09,2025,5,9,80.0
2025-05-10,2025,5,10,79.0
2025-05-11,2025,5,11,77.0
2025-05-12,2025,5,12,72.0
2025-05-13,2025,5,13,80.0
2025-05-14,2025,5,14,85.0
2025-05-15,2025,5,15,84.0
2025-05-16,2025,5,16,82.0
2025-05-17,2025,5,17,77.0
2025-05-18,2025,5,18,80.0
2025-05-19,2025,5,19,84.0
2025-05-20,2025,5,20,89.0
2025-05-21,2025,5,21,79.0
2025-05-22,2025,5,22,78.0
2025-05-23,2025,5,23,68.0
2025-05-24,2025,5,24,83.0
2025-05-25,2025,5,25,89.0
2025-05-26,2025,5,26,91.0
2025-05-27,2025,5,27,79.0
2025-05-28,2025,5,28,75.0
2025-05-29,2025,5,29,75.0
2025-05-30,2025,5,30,79.0
2025-05-31,2025,5,31,76.0
2025-06-01,2025,6,1,75.0
2025-06-02,2025,6,2,74.0
2025-06-03,2025,6,3,74.0
2025-06-04,2025,6,4,74.0
2025-06-05,2025,6,5,74.0
2025-06-06,2025,6,6,73.0
2025-06-07,2025,6,7,82.0
2025-06-08,2025,6,8,86.0
2025-06-09,2025,6,9,86.0
2025-06-10,2025,6,10,66.0
2025-06-11,2025,6,11,61.0
2025-06-12,2025,6,12,76.0
2025-06-13,2025,6,13,70.0
2025-06-14,2025,6,14,79.0
2025-06-15,2025,6,15,78.0
2025-06-16,2025,6,16,78.0
2025-06-17,2025,6,17,76.0
2025-06-18,2025,6,18,71.0
2025-06-19,2025,6,19,77.0
2025-06-20,2025,6,20,73.0
2025-06-21,2025,6,21,83.0
2025-06-22,2025,6,22,86.0
2025-06-23,2025,6,23,67.0
2025-06-24,2025,6,24,74.0
2025-06-25,2025,6,25,78.0
2025-06-26,2025,6,26,78.0
2025-06-27,2025,6,27,73.0
2025-06-28,2025,6,28,73.0
2025-06-29,2025,6,29,76.0
2025-06-30,2025,6,30,67.0
2025-07-01,2025,7,1,69.0
2025-07-02,2025,7,2,74.0
2025-07-03,2025,7,3,72.0
2025-07-04,2025,7,4,68.0
2025-07-05,2025,7,5,73.0
2025-07-06,2025,7,6,71.0
2025-07-07,2025,7,7,68.0
2025-07-08,2025,7,8,79.0
2025-07-09,2025,7,9,70.0
2025-07-10,2025,7,10,88.0
2025-07-11,2025,7,11,59.0
2025-07-12,2025,7,12,75.0
2025-07-13,2025,7,13,58.0
2025-07-14,2025,7,14,87.0
2025-07-15,2025,7,15,78.0
2025-07-16,2025,7,16,79.0
2025-07-17,2025,7,17,68.0
2025-07-18,2025,7,18,69.0
2025-07-19,2025,7,19,66.0
2025-07-20,2025,7,20,75.0
2025-07-21,2025,7,21,68.0
2025-07-22,2025,7,22,59.0
2025-07-23,2025,7,23,62.0
2025-07-24,2025,7,24,68.0
2025-07-25,2025,7,25,63.0
2025-07-26,2025,7,26,73.0
2025-07-27,2025,7,27,71.0
2025-07-28,2025,7,28,68.0
2025-07-29,2025,7,29,72.0
2025-07-30,2025,7,30,66.0
2025-07-31,2025,7,31,71.0
2025-08-01,2025,8,1,74.0
2025-08-02,2025,8,2,79.0
2025-08-03,2025,8,3,65.0
2025-08-04,2025,8,4,73.0
2025-08-05,2025,8,5,82.0
2025-08-06,2025,8,6,78.0
2025-08-07,2025,8,7,93.0
2025-08-08,2025,8,8,83.0
2025-08-09,2025,8,9,76.0
2025-08-10,2025,8,10,77.0
2025-08-11,2025,8,11,76.0
2025-08-12,2025,8,12,70.0
2025-08-13,2025,8,13,71.0
2025-08-14,2025,8,14,72.0
2025-08-15,2025,8,15,60.0
2025-08-16,2025,8,16,65.0
2025-08-17,2025,8,17,61.0
2025-08-18,2025,8,18,73.0
2025-08-19,2025,8,19,72.0
2025-08-20,2025,8,20,77.0
2025-08-21,2025,8,21,83.0
2025-08-22,2025,8,22,83.0
2025-08-23,2025,8,23,78.0
2025-08-24,2025,8,24,71.0
2025-08-25,2025,8,25,70.0
2025-08-26,2025,8,26,65.0
2025-08-27,2025,8,27,82.0
2025-08-28,2025,8,28,78.0
2025-08-29,2025,8,29,66.0
2025-08-30,2025,8,30,61.0
2025-08-31,2025,8,31,62.0
2025-09-01,2025,9,1,73.0
2025-09-02,2025,9,2,70.0
2025-09-03,2025,9,3,72.0
2025-09-04,2025,9,4,72.0
2025-09-05,2025,9,5,64.0
2025-09-06,2025,9,6,67.0
2025-09-07,2025,9,7,70.0
2025-09-08,2025,9,8,73.0
2025-09-09,2025,9,9,71.0
2025-09-10,2025,9,10,78.0
2025-09-11,2025,9,11,76.0
2025-09-12,2025,9,12,78.0
2025-09-13,2025,9,13,85.0
2025-09-14,2025,9,14,87.0
2025-09-15,2025,9,15,75.0
2025-09-16,2025,9,16,76.0
2025-09-17,2025,9,17,71.0
2025-09-18,2025,9,18,69.0
2025-09-19,2025,9,19,70.0
2025-09-20,2025,9,20,72.0
2025-09-21,2025,9,21,74.0
2025-09-22,2025,9,22,78.0
2025-09-23,2025,9,23,75.0
2025-09-24,2025,9,24,75.0
2025-09-25,2025,9,25,64.0
2025-09-26,2025,9,26,77.0
2025-09-27,2025,9,27,83.0
2025-09-28,2025,9,28,74.0
2025-09-29,2025,9,29,69.0
2025-09-30,2025,9,30,68.0
