,Total_Records,Available_Records,Coverage_Pct
SST,4257,4184,98.28517735494479
Prec,4257,3142,73.80784590086915
RH,4257,3428,80.52619215409914
WSPD,4257,2866,67.32440685929058
SWRad,4257,3545,83.27460653042048
