Date,Year,Month,Day,SWRad,StDev,Max
2005-01-01,2005,1,1,681.56,2,5
2005-01-02,2005,1,2,289.75,2,5
2005-01-03,2005,1,3,694.65,2,5
2005-01-04,2005,1,4,1284.63,2,5
2005-01-05,2005,1,5,645.0,2,5
2005-01-06,2005,1,6,1440.81,2,5
2005-01-07,2005,1,7,1116.26,2,5
2005-01-08,2005,1,8,1175.39,2,5
2005-01-09,2005,1,9,956.01,2,5
2005-01-10,2005,1,10,1267.93,2,5
2005-01-11,2005,1,11,1221.43,2,5
2005-01-12,2005,1,12,1231.36,2,5
2005-01-13,2005,1,13,1166.36,2,5
2005-01-14,2005,1,14,1138.83,2,5
2005-01-15,2005,1,15,1072.47,2,5
2005-01-16,2005,1,16,1176.29,2,5
2005-01-17,2005,1,17,1040.42,2,5
2005-01-18,2005,1,18,1041.78,2,5
2005-01-19,2005,1,19,1060.28,2,5
2005-01-20,2005,1,20,1238.59,2,5
2005-01-21,2005,1,21,1082.85,2,5
2005-01-22,2005,1,22,1184.87,2,5
2005-01-23,2005,1,23,1090.98,2,5
2005-01-24,2005,1,24,1293.21,2,5
2005-01-25,2005,1,25,1411.47,2,5
2005-01-26,2005,1,26,748.82,2,5
2005-01-27,2005,1,27,1219.63,2,5
2005-01-28,2005,1,28,1386.64,2,5
2005-01-29,2005,1,29,1297.27,2,5
2005-01-30,2005,1,30,1299.53,2,5
2005-01-31,2005,1,31,1272.44,2,5
2005-02-01,2005,2,1,1287.79,2,5
2005-02-02,2005,2,2,1165.46,2,5
2005-02-03,2005,2,3,1297.72,2,5
2005-02-04,2005,2,4,1288.69,2,5
2005-02-05,2005,2,5,1222.79,2,5
2005-02-06,2005,2,6,1419.15,2,5
2005-02-07,2005,2,7,1102.72,2,5
2005-02-08,2005,2,8,1104.97,2,5
2005-02-09,2005,2,9,1273.34,2,5
2005-02-10,2005,2,10,1346.47,2,5
2005-02-11,2005,2,11,1119.87,2,5
2005-02-12,2005,2,12,1194.35,2,5
2005-02-13,2005,2,13,1241.29,2,5
2005-02-14,2005,2,14,1105.88,2,5
2005-02-15,2005,2,15,1122.13,2,5
2005-02-16,2005,2,16,1176.75,2,5
2005-02-17,2005,2,17,1208.34,2,5
2005-02-18,2005,2,18,1419.6,2,5
2005-02-19,2005,2,19,1408.76,2,5
2005-02-20,2005,2,20,1402.44,2,5
2005-02-21,2005,2,21,1205.63,2,5
2005-02-22,2005,2,22,1013.34,2,5
2005-02-23,2005,2,23,1282.37,2,5
2005-02-24,2005,2,24,1291.4,2,5
2005-02-25,2005,2,25,1255.29,2,5
2005-02-26,2005,2,26,1292.3,2,5
2005-02-27,2005,2,27,1287.34,2,5
2005-02-28,2005,2,28,1505.36,2,5
2005-03-01,2005,3,1,1118.97,2,5
2005-03-02,2005,3,2,1252.58,2,5
2005-03-03,2005,3,3,1274.7,2,5
2005-03-04,2005,3,4,1146.95,2,5
2005-03-05,2005,3,5,1190.29,2,5
2005-03-06,2005,3,6,1117.61,2,5
2005-03-07,2005,3,7,1104.52,2,5
2005-03-08,2005,3,8,1084.21,2,5
2005-03-09,2005,3,9,1156.88,2,5
2005-03-10,2005,3,10,1368.14,2,5
2005-03-11,2005,3,11,1202.47,2,5
2005-03-12,2005,3,12,1227.75,2,5
2005-03-13,2005,3,13,1109.94,2,5
2005-03-14,2005,3,14,1016.05,2,5
2005-03-15,2005,3,15,1150.56,2,5
2005-03-16,2005,3,16,1208.34,2,5
2005-03-17,2005,3,17,927.12,2,5
2005-03-18,2005,3,18,1239.04,2,5
2005-03-19,2005,3,19,825.11,2,5
2005-03-20,2005,3,20,1245.36,2,5
2005-03-21,2005,3,21,291.1,2,5
2005-03-22,2005,3,22,1270.64,2,5
2005-03-23,2005,3,23,1378.07,2,5
2005-03-24,2005,3,24,1167.27,2,5
2005-03-25,2005,3,25,1319.84,2,5
2005-03-26,2005,3,26,503.26,2,5
2005-03-27,2005,3,27,1098.65,2,5
2005-03-28,2005,3,28,653.58,2,5
2005-03-29,2005,3,29,1252.58,2,5
2005-03-30,2005,3,30,1333.83,2,5
2005-03-31,2005,3,31,1188.93,2,5
2005-04-01,2005,4,1,779.06,2,5
2005-04-02,2005,4,2,1228.2,2,5
2005-04-03,2005,4,3,1182.61,2,5
2005-04-04,2005,4,4,1110.39,2,5
2005-04-05,2005,4,5,1158.69,2,5
2005-04-06,2005,4,6,1105.88,2,5
2005-04-07,2005,4,7,1086.47,2,5
2005-04-08,2005,4,8,1108.13,2,5
2005-04-09,2005,4,9,1124.83,2,5
2005-04-10,2005,4,10,1115.36,2,5
2005-04-11,2005,4,11,1084.21,2,5
2005-04-12,2005,4,12,1182.61,2,5
2005-04-13,2005,4,13,879.73,2,5
2005-04-14,2005,4,14,1206.54,2,5
2005-04-15,2005,4,15,1485.05,2,5
2005-04-16,2005,4,16,1388.45,2,5
2005-04-17,2005,4,17,1143.34,2,5
2005-04-18,2005,4,18,1235.88,2,5
2005-04-19,2005,4,19,1098.65,2,5
2005-04-20,2005,4,20,1149.66,2,5
2005-04-21,2005,4,21,1233.62,2,5
2005-04-22,2005,4,22,1234.07,2,5
2005-04-23,2005,4,23,1135.22,2,5
2005-04-24,2005,4,24,1216.92,2,5
2005-04-25,2005,4,25,1206.54,2,5
2005-04-26,2005,4,26,1127.09,2,5
2005-04-27,2005,4,27,1072.47,2,5
2005-04-28,2005,4,28,1126.64,2,5
2005-04-29,2005,4,29,1038.17,2,5
2005-04-30,2005,4,30,1061.64,2,5
2005-05-01,2005,5,1,1157.34,2,5
2005-05-02,2005,5,2,1169.07,2,5
2005-05-03,2005,5,3,153.88,2,5
2005-05-04,2005,5,4,203.53,2,5
2005-05-05,2005,5,5,1230.46,2,5
2005-05-06,2005,5,6,1201.57,2,5
2005-05-07,2005,5,7,191.34,2,5
2005-05-08,2005,5,8,412.08,2,5
2005-05-09,2005,5,9,914.03,2,5
2005-05-10,2005,5,10,862.12,2,5
2005-05-11,2005,5,11,1202.93,2,5
2005-05-12,2005,5,12,903.2,2,5
2005-05-13,2005,5,13,970.46,2,5
2005-05-14,2005,5,14,1122.13,2,5
2005-05-15,2005,5,15,1076.08,2,5
2005-05-16,2005,5,16,1120.77,2,5
2005-05-17,2005,5,17,1177.65,2,5
2005-05-18,2005,5,18,1126.19,2,5
2005-05-19,2005,5,19,1161.4,2,5
2005-05-20,2005,5,20,1105.88,2,5
2005-05-21,2005,5,21,1089.63,2,5
2005-05-22,2005,5,22,1016.95,2,5
2005-05-23,2005,5,23,1126.64,2,5
2005-05-24,2005,5,24,661.7,2,5
2005-05-25,2005,5,25,906.81,2,5
2005-05-26,2005,5,26,1018.3,2,5
2005-05-27,2005,5,27,1178.55,2,5
2005-05-28,2005,5,28,1126.64,2,5
2005-05-29,2005,5,29,1049.9,2,5
2005-05-30,2005,5,30,1215.11,2,5
2005-05-31,2005,5,31,1129.35,2,5
2005-06-01,2005,6,1,1116.71,2,5
2005-06-02,2005,6,2,1143.34,2,5
2005-06-03,2005,6,3,1121.67,2,5
2005-06-04,2005,6,4,758.75,2,5
2005-06-05,2005,6,5,1054.42,2,5
2005-06-06,2005,6,6,1059.83,2,5
2005-06-07,2005,6,7,1084.21,2,5
2005-06-08,2005,6,8,1053.51,2,5
2005-06-09,2005,6,9,1116.71,2,5
2005-06-10,2005,6,10,915.39,2,5
2005-06-11,2005,6,11,964.14,2,5
2005-06-12,2005,6,12,1191.64,2,5
2005-06-13,2005,6,13,1049.45,2,5
2005-06-14,2005,6,14,307.81,2,5
2005-06-15,2005,6,15,991.67,2,5
2005-06-16,2005,6,16,434.2,2,5
2005-06-17,2005,6,17,659.44,2,5
2005-06-18,2005,6,18,991.22,2,5
2005-06-19,2005,6,19,1054.42,2,5
2005-06-20,2005,6,20,969.55,2,5
2005-06-21,2005,6,21,1105.42,2,5
2005-06-22,2005,6,22,1004.31,2,5
2005-06-23,2005,6,23,1029.14,2,5
2005-06-24,2005,6,24,1000.7,2,5
2005-06-25,2005,6,25,1062.09,2,5
2005-06-26,2005,6,26,715.42,2,5
2005-06-27,2005,6,27,1311.26,2,5
2005-06-28,2005,6,28,1083.31,2,5
2005-06-29,2005,6,29,1114.0,2,5
2005-06-30,2005,6,30,1062.99,2,5
2005-07-01,2005,7,1,1061.64,2,5
2005-07-02,2005,7,2,1274.7,2,5
2005-07-03,2005,7,3,1082.85,2,5
2005-07-04,2005,7,4,1273.34,2,5
2005-07-05,2005,7,5,1019.21,2,5
2005-07-06,2005,7,6,1024.62,2,5
2005-07-07,2005,7,7,1074.73,2,5
2005-07-08,2005,7,8,1134.31,2,5
2005-07-09,2005,7,9,1121.67,2,5
2005-07-10,2005,7,10,457.22,2,5
2005-07-11,2005,7,11,995.73,2,5
2005-07-12,2005,7,12,215.27,2,5
2005-07-13,2005,7,13,1010.63,2,5
2005-07-14,2005,7,14,907.26,2,5
2005-07-15,2005,7,15,1018.3,2,5
2005-07-16,2005,7,16,1039.52,2,5
2005-07-17,2005,7,17,1284.18,2,5
2005-07-18,2005,7,18,1054.87,2,5
2005-07-19,2005,7,19,485.2,2,5
2005-07-20,2005,7,20,1047.19,2,5
2005-07-21,2005,7,21,1034.1,2,5
2005-07-22,2005,7,22,1007.92,2,5
2005-07-23,2005,7,23,1116.71,2,5
2005-07-24,2005,7,24,1350.53,2,5
2005-07-25,2005,7,25,1187.58,2,5
2005-07-26,2005,7,26,1214.21,2,5
2005-07-27,2005,7,27,1103.17,2,5
2005-07-28,2005,7,28,1152.37,2,5
2005-07-29,2005,7,29,1127.54,2,5
2005-07-30,2005,7,30,1079.24,2,5
2005-07-31,2005,7,31,1142.44,2,5
2005-08-01,2005,8,1,984.9,2,5
2005-08-02,2005,8,2,973.62,2,5
2005-08-03,2005,8,3,1047.65,2,5
2005-08-04,2005,8,4,1073.38,2,5
2005-08-05,2005,8,5,1069.76,2,5
2005-08-06,2005,8,6,1030.04,2,5
2005-08-07,2005,8,7,1067.96,2,5
2005-08-08,2005,8,8,1126.19,2,5
2005-08-09,2005,8,9,1084.21,2,5
2005-08-10,2005,8,10,1081.05,2,5
2005-08-11,2005,8,11,1186.22,2,5
2005-08-12,2005,8,12,961.43,2,5
2005-08-13,2005,8,13,1234.07,2,5
2005-08-14,2005,8,14,1089.63,2,5
2005-08-15,2005,8,15,1094.14,2,5
2005-08-16,2005,8,16,1086.47,2,5
2005-08-17,2005,8,17,1119.87,2,5
2005-08-18,2005,8,18,933.89,2,5
2005-08-19,2005,8,19,468.95,2,5
2005-08-20,2005,8,20,1200.22,2,5
2005-08-21,2005,8,21,491.52,2,5
2005-08-22,2005,8,22,1206.99,2,5
2005-08-23,2005,8,23,1067.51,2,5
2005-08-24,2005,8,24,782.22,2,5
2005-08-25,2005,8,25,1022.37,2,5
2005-08-26,2005,8,26,1260.25,2,5
2005-08-27,2005,8,27,1094.59,2,5
2005-08-28,2005,8,28,1082.4,2,5
2005-08-29,2005,8,29,1160.04,2,5
2005-08-30,2005,8,30,1193.9,2,5
2005-08-31,2005,8,31,1188.03,2,5
2005-09-01,2005,9,1,380.48,2,5
2005-09-02,2005,9,2,751.08,2,5
2005-09-03,2005,9,3,555.17,2,5
2005-09-04,2005,9,4,1186.22,2,5
2005-09-05,2005,9,5,1245.36,2,5
2005-09-06,2005,9,6,1048.1,2,5
2005-09-07,2005,9,7,1225.04,2,5
2005-09-08,2005,9,8,1303.14,2,5
2005-09-09,2005,9,9,1197.96,2,5
2005-09-10,2005,9,10,1147.86,2,5
2005-09-11,2005,9,11,1178.55,2,5
2005-09-12,2005,9,12,1239.04,2,5
2005-09-13,2005,9,13,1094.59,2,5
2005-09-14,2005,9,14,1393.42,2,5
2005-09-15,2005,9,15,1183.06,2,5
2005-09-16,2005,9,16,1247.16,2,5
2005-09-17,2005,9,17,1174.94,2,5
2005-09-18,2005,9,18,1238.59,2,5
2005-09-19,2005,9,19,1225.04,2,5
2005-09-20,2005,9,20,1167.27,2,5
2005-09-21,2005,9,21,1095.49,2,5
2005-09-22,2005,9,22,1118.06,2,5
2005-09-23,2005,9,23,1104.07,2,5
2005-09-24,2005,9,24,1203.83,2,5
2005-09-25,2005,9,25,1190.29,2,5
2005-09-26,2005,9,26,1128.45,2,5
2005-09-27,2005,9,27,1492.72,2,5
2005-09-28,2005,9,28,1267.93,2,5
2005-09-29,2005,9,29,1179.0,2,5
2005-09-30,2005,9,30,1264.77,2,5
2005-10-01,2005,10,1,383.19,2,5
2005-10-02,2005,10,2,1115.36,2,5
2005-10-03,2005,10,3,1271.09,2,5
2005-10-04,2005,10,4,417.95,2,5
2005-10-05,2005,10,5,1153.72,2,5
2005-10-06,2005,10,6,1152.82,2,5
2005-10-07,2005,10,7,1288.69,2,5
2005-10-08,2005,10,8,1355.95,2,5
2005-10-09,2005,10,9,1264.77,2,5
2005-10-10,2005,10,10,659.44,2,5
2005-10-11,2005,10,11,1351.89,2,5
2005-10-12,2005,10,12,425.17,2,5
2005-10-13,2005,10,13,1389.8,2,5
2005-10-14,2005,10,14,412.08,2,5
2005-10-15,2005,10,15,1304.94,2,5
2005-10-16,2005,10,16,432.84,2,5
2005-10-17,2005,10,17,1058.93,2,5
2005-10-18,2005,10,18,1160.04,2,5
2005-10-19,2005,10,19,1180.36,2,5
2005-10-20,2005,10,20,1346.47,2,5
2005-10-21,2005,10,21,1272.89,2,5
2005-10-22,2005,10,22,1245.81,2,5
2005-10-23,2005,10,23,1109.49,2,5
2005-10-24,2005,10,24,1172.68,2,5
2005-10-25,2005,10,25,1264.32,2,5
2005-10-26,2005,10,26,706.84,2,5
2005-10-27,2005,10,27,1411.47,2,5
2005-10-28,2005,10,28,1355.5,2,5
2005-10-29,2005,10,29,1413.73,2,5
2005-10-30,2005,10,30,1035.91,2,5
2005-10-31,2005,10,31,1218.73,2,5
2005-11-01,2005,11,1,703.68,2,5
2005-11-02,2005,11,2,861.67,2,5
2005-11-03,2005,11,3,922.61,2,5
2005-11-04,2005,11,4,1131.15,2,5
2005-11-05,2005,11,5,1095.95,2,5
2005-11-06,2005,11,6,1115.36,2,5
2005-11-07,2005,11,7,1163.2,2,5
2005-11-08,2005,11,8,1199.77,2,5
2005-11-09,2005,11,9,1211.05,2,5
2005-11-10,2005,11,10,1115.36,2,5
2005-11-11,2005,11,11,1355.5,2,5
2005-11-12,2005,11,12,1219.63,2,5
2005-11-13,2005,11,13,1205.63,2,5
2005-11-14,2005,11,14,489.27,2,5
2005-11-15,2005,11,15,660.35,2,5
2005-11-16,2005,11,16,351.14,2,5
2005-11-17,2005,11,17,1229.56,2,5
2005-11-18,2005,11,18,990.77,2,5
2005-11-19,2005,11,19,866.18,2,5
2005-11-20,2005,11,20,1081.95,2,5
2005-11-21,2005,11,21,1190.29,2,5
2005-11-22,2005,11,22,1074.73,2,5
2005-11-23,2005,11,23,905.0,2,5
2005-11-24,2005,11,24,1119.42,2,5
2005-11-25,2005,11,25,1151.02,2,5
2005-11-26,2005,11,26,735.73,2,5
2005-11-27,2005,11,27,819.24,2,5
2005-11-28,2005,11,28,1056.67,2,5
2005-11-29,2005,11,29,1384.39,2,5
2005-11-30,2005,11,30,1035.91,2,5
2005-12-01,2005,12,1,1093.24,2,5
2005-12-02,2005,12,2,1142.89,2,5
2005-12-03,2005,12,3,934.8,2,5
2005-12-04,2005,12,4,831.88,2,5
2005-12-05,2005,12,5,1355.05,2,5
2005-12-06,2005,12,6,1266.12,2,5
2005-12-07,2005,12,7,725.8,2,5
2005-12-08,2005,12,8,1159.59,2,5
2005-12-09,2005,12,9,1026.43,2,5
2005-12-10,2005,12,10,1251.68,2,5
2005-12-11,2005,12,11,945.63,2,5
2005-12-12,2005,12,12,1176.29,2,5
2005-12-13,2005,12,13,1039.97,2,5
2005-12-14,2005,12,14,257.25,2,5
2005-12-15,2005,12,15,1108.13,2,5
2005-12-16,2005,12,16,1072.02,2,5
2005-12-17,2005,12,17,1036.36,2,5
2005-12-18,2005,12,18,1099.56,2,5
2005-12-19,2005,12,19,1054.42,2,5
2005-12-20,2005,12,20,760.11,2,5
2005-12-21,2005,12,21,1189.38,2,5
2005-12-22,2005,12,22,1161.4,2,5
2005-12-23,2005,12,23,1230.01,2,5
2005-12-24,2005,12,24,1271.09,2,5
2005-12-25,2005,12,25,1127.54,2,5
2005-12-26,2005,12,26,1021.46,2,5
2005-12-27,2005,12,27,976.32,2,5
2005-12-28,2005,12,28,337.6,2,5
2005-12-29,2005,12,29,1238.59,2,5
2005-12-30,2005,12,30,1155.98,2,5
2005-12-31,2005,12,31,1093.69,2,5
2006-01-01,2006,1,1,1032.75,2,5
2006-01-02,2006,1,2,1095.49,2,5
2006-01-03,2006,1,3,1086.47,2,5
2006-01-04,2006,1,4,1035.46,2,5
2006-01-05,2006,1,5,1062.54,2,5
2006-01-06,2006,1,6,1205.18,2,5
2006-01-07,2006,1,7,838.65,2,5
2006-01-08,2006,1,8,1177.65,2,5
2006-01-09,2006,1,9,858.06,2,5
2006-01-10,2006,1,10,928.03,2,5
2006-01-11,2006,1,11,651.77,2,5
2006-01-12,2006,1,12,1175.84,2,5
2006-01-13,2006,1,13,1176.75,2,5
2006-01-14,2006,1,14,1154.18,2,5
2006-01-15,2006,1,15,1050.81,2,5
2006-01-16,2006,1,16,542.08,2,5
2006-01-17,2006,1,17,1156.88,2,5
2006-01-18,2006,1,18,1351.44,2,5
2006-01-19,2006,1,19,1292.3,2,5
2006-01-20,2006,1,20,1226.85,2,5
2006-01-21,2006,1,21,1131.61,2,5
2006-01-22,2006,1,22,510.93,2,5
2006-01-23,2006,1,23,1157.79,2,5
2006-01-24,2006,1,24,1149.66,2,5
2006-01-25,2006,1,25,1147.86,2,5
2006-01-26,2006,1,26,1072.02,2,5
2006-01-27,2006,1,27,1179.9,2,5
2006-01-28,2006,1,28,1123.48,2,5
2006-01-29,2006,1,29,1214.21,2,5
2006-01-30,2006,1,30,1190.74,2,5
2006-01-31,2006,1,31,1288.24,2,5
2006-02-01,2006,2,1,1251.68,2,5
2006-02-02,2006,2,2,1185.77,2,5
2006-02-03,2006,2,3,1100.01,2,5
2006-02-04,2006,2,4,1144.24,2,5
2006-02-05,2006,2,5,1123.48,2,5
2006-02-06,2006,2,6,1151.92,2,5
2006-02-07,2006,2,7,1239.94,2,5
2006-02-08,2006,2,8,1133.41,2,5
2006-02-09,2006,2,9,1132.96,2,5
2006-02-10,2006,2,10,1131.15,2,5
2006-02-11,2006,2,11,1145.15,2,5
2006-02-12,2006,2,12,1065.7,2,5
2006-02-13,2006,2,13,331.28,2,5
2006-02-14,2006,2,14,1224.14,2,5
2006-02-15,2006,2,15,1417.79,2,5
2006-02-16,2006,2,16,1127.99,2,5
2006-02-17,2006,2,17,1110.84,2,5
2006-02-18,2006,2,18,1215.57,2,5
2006-02-19,2006,2,19,1062.54,2,5
2006-02-20,2006,2,20,1233.17,2,5
2006-02-21,2006,2,21,1192.54,2,5
2006-02-22,2006,2,22,1205.18,2,5
2006-02-23,2006,2,23,1324.35,2,5
2006-02-24,2006,2,24,876.11,2,5
2006-02-25,2006,2,25,1179.45,2,5
2006-02-26,2006,2,26,1266.12,2,5
2006-02-27,2006,2,27,1169.97,2,5
2006-02-28,2006,2,28,1218.73,2,5
2006-03-01,2006,3,1,1200.22,2,5
2006-03-02,2006,3,2,1211.05,2,5
2006-03-03,2006,3,3,1095.49,2,5
2006-03-04,2006,3,4,1113.1,2,5
2006-03-05,2006,3,5,1183.06,2,5
2006-03-06,2006,3,6,1157.79,2,5
2006-03-07,2006,3,7,1087.37,2,5
2006-03-08,2006,3,8,1092.79,2,5
2006-03-09,2006,3,9,1259.8,2,5
2006-03-10,2006,3,10,1155.08,2,5
2006-03-11,2006,3,11,1103.17,2,5
2006-03-12,2006,3,12,1188.93,2,5
2006-03-13,2006,3,13,1171.78,2,5
2006-03-14,2006,3,14,1057.58,2,5
2006-03-15,2006,3,15,570.52,2,5
2006-03-16,2006,3,16,1226.85,2,5
2006-03-17,2006,3,17,1136.12,2,5
2006-03-18,2006,3,18,1254.84,2,5
2006-03-19,2006,3,19,455.41,2,5
2006-03-20,2006,3,20,1071.57,2,5
2006-03-21,2006,3,21,500.1,2,5
2006-03-22,2006,3,22,1186.68,2,5
2006-03-23,2006,3,23,876.57,2,5
2006-03-24,2006,3,24,1085.56,2,5
2006-03-25,2006,3,25,1362.27,2,5
2006-03-26,2006,3,26,1121.22,2,5
2006-03-27,2006,3,27,1165.46,2,5
2006-03-28,2006,3,28,1185.32,2,5
2006-03-29,2006,3,29,932.09,2,5
2006-03-30,2006,3,30,1119.87,2,5
2006-03-31,2006,3,31,1071.12,2,5
2006-04-01,2006,4,1,1190.29,2,5
2006-04-02,2006,4,2,1176.75,2,5
2006-04-03,2006,4,3,1167.27,2,5
2006-04-04,2006,4,4,1129.8,2,5
2006-04-05,2006,4,5,1188.48,2,5
2006-04-06,2006,4,6,1183.06,2,5
2006-04-07,2006,4,7,1101.36,2,5
2006-04-08,2006,4,8,1058.93,2,5
2006-04-09,2006,4,9,1010.18,2,5
2006-04-10,2006,4,10,1180.81,2,5
2006-04-11,2006,4,11,1123.03,2,5
2006-04-12,2006,4,12,1167.27,2,5
2006-04-13,2006,4,13,1144.7,2,5
2006-04-14,2006,4,14,1166.36,2,5
2006-04-15,2006,4,15,1165.46,2,5
2006-04-16,2006,4,16,1300.43,2,5
2006-04-17,2006,4,17,1301.33,2,5
2006-04-18,2006,4,18,1115.81,2,5
2006-04-19,2006,4,19,555.62,2,5
2006-04-20,2006,4,20,303.74,2,5
2006-04-21,2006,4,21,1166.81,2,5
2006-04-22,2006,4,22,255.44,2,5
2006-04-23,2006,4,23,635.07,2,5
2006-04-24,2006,4,24,957.82,2,5
2006-04-25,2006,4,25,949.24,2,5
2006-04-26,2006,4,26,1133.41,2,5
2006-04-27,2006,4,27,1073.83,2,5
2006-04-28,2006,4,28,1124.83,2,5
2006-04-29,2006,4,29,1161.85,2,5
2006-04-30,2006,4,30,1065.25,2,5
2006-05-01,2006,5,1,1001.6,2,5
2006-05-02,2006,5,2,1158.69,2,5
2006-05-03,2006,5,3,1106.78,2,5
2006-05-04,2006,5,4,1097.75,2,5
2006-05-05,2006,5,5,1040.87,2,5
2006-05-06,2006,5,6,1094.59,2,5
2006-05-07,2006,5,7,1027.33,2,5
2006-05-08,2006,5,8,816.98,2,5
2006-05-09,2006,5,9,1190.74,2,5
2006-05-10,2006,5,10,1016.05,2,5
2006-05-11,2006,5,11,988.06,2,5
2006-05-12,2006,5,12,1207.44,2,5
2006-05-13,2006,5,13,1055.77,2,5
2006-05-14,2006,5,14,1138.83,2,5
2006-05-15,2006,5,15,1021.46,2,5
2006-05-16,2006,5,16,1053.97,2,5
2006-05-17,2006,5,17,268.08,2,5
2006-05-18,2006,5,18,1121.22,2,5
2006-05-19,2006,5,19,990.77,2,5
2006-05-20,2006,5,20,750.63,2,5
2006-05-21,2006,5,21,844.07,2,5
2006-05-22,2006,5,22,1033.65,2,5
2006-09-12,2006,9,12,1317.65,2,1
2006-09-13,2006,9,13,816.05,2,1
2006-09-14,2006,9,14,1211.63,2,1
2006-09-15,2006,9,15,901.99,2,1
2006-09-16,2006,9,16,986.33,2,1
2006-09-17,2006,9,17,1178.7,2,1
2006-09-18,2006,9,18,1069.46,2,1
2006-09-19,2006,9,19,1077.09,2,1
2006-09-20,2006,9,20,1057.41,2,1
2006-09-21,2006,9,21,1123.68,2,1
2006-09-22,2006,9,22,1203.19,2,1
2006-09-23,2006,9,23,1124.48,2,1
2006-09-24,2006,9,24,1136.13,2,1
2006-09-25,2006,9,25,1163.44,2,1
2006-09-26,2006,9,26,1293.15,2,1
2006-09-27,2006,9,27,1136.13,2,1
2006-09-28,2006,9,28,1132.11,2,1
2006-09-29,2006,9,29,1227.29,2,1
2006-09-30,2006,9,30,1158.21,2,1
2006-10-01,2006,10,1,1135.72,2,1
2006-10-02,2006,10,2,1204.0,2,1
2006-10-03,2006,10,3,1116.85,2,1
2006-10-04,2006,10,4,1114.44,2,1
2006-10-05,2006,10,5,1095.97,2,1
2006-10-06,2006,10,6,1105.6,2,1
2006-10-07,2006,10,7,1102.79,2,1
2006-10-08,2006,10,8,1130.1,2,1
2006-10-09,2006,10,9,1213.23,2,1
2006-10-10,2006,10,10,1125.28,2,1
2006-10-11,2006,10,11,636.94,2,1
2006-10-12,2006,10,12,1149.78,2,1
2006-10-13,2006,10,13,1139.34,2,1
2006-10-14,2006,10,14,1242.15,2,1
2006-10-15,2006,10,15,1196.77,2,1
2006-10-16,2006,10,16,1083.12,2,1
2006-10-17,2006,10,17,1356.2,2,1
2006-10-18,2006,10,18,1032.92,2,1
2006-10-19,2006,10,19,1157.81,2,1
2006-10-20,2006,10,20,647.38,2,1
2006-10-21,2006,10,21,1131.31,2,1
2006-10-22,2006,10,22,953.0,2,1
2006-10-23,2006,10,23,1021.67,2,1
2006-10-24,2006,10,24,1176.69,2,1
2006-10-25,2006,10,25,592.36,2,1
2006-10-26,2006,10,26,1014.04,2,1
2006-10-27,2006,10,27,1075.48,2,1
2006-10-28,2006,10,28,959.42,2,1
2006-10-29,2006,10,29,1203.6,2,1
2006-10-30,2006,10,30,1232.11,2,1
2006-10-31,2006,10,31,1040.95,2,1
2007-09-29,2007,9,29,1168.45,2,1
2007-09-30,2007,9,30,413.19,2,1
2007-10-01,2007,10,1,1117.17,2,1
2007-10-02,2007,10,2,1210.48,2,1
2007-10-03,2007,10,3,1182.3,2,1
2007-10-04,2007,10,4,1137.03,2,1
2007-10-05,2007,10,5,1136.11,2,1
2007-10-06,2007,10,6,771.19,2,1
2007-10-07,2007,10,7,1010.0,2,1
2007-10-08,2007,10,8,1116.25,2,1
2007-10-09,2007,10,9,276.0,2,1
2007-10-10,2007,10,10,1155.51,2,1
2007-10-11,2007,10,11,1116.71,2,1
2007-10-12,2007,10,12,1200.78,2,1
2007-10-13,2007,10,13,356.84,2,1
2007-10-14,2007,10,14,1146.74,2,1
2007-10-15,2007,10,15,1155.97,2,1
2007-10-16,2007,10,16,336.51,2,1
2007-10-17,2007,10,17,235.35,2,1
2007-10-18,2007,10,18,1157.82,2,1
2007-10-19,2007,10,19,1208.63,2,1
2007-10-20,2007,10,20,626.14,2,1
2007-10-21,2007,10,21,1083.45,2,1
2007-10-22,2007,10,22,1194.78,2,1
2007-10-23,2007,10,23,1301.02,2,1
2007-10-24,2007,10,24,1087.15,2,1
2007-10-25,2007,10,25,1250.67,2,1
2007-10-26,2007,10,26,1210.48,2,1
2007-10-27,2007,10,27,1236.35,2,1
2007-10-28,2007,10,28,1119.48,2,1
2007-10-29,2007,10,29,1193.39,2,1
2007-10-30,2007,10,30,1057.12,2,1
2007-10-31,2007,10,31,1137.03,2,1
2007-11-01,2007,11,1,1350.45,2,1
2007-11-02,2007,11,2,1109.78,2,1
2007-11-03,2007,11,3,1269.61,2,1
2007-11-04,2007,11,4,917.62,2,1
2007-11-05,2007,11,5,1307.02,2,1
2007-11-06,2007,11,6,1335.66,2,1
2007-11-07,2007,11,7,1234.96,2,1
2007-11-08,2007,11,8,330.97,2,1
2007-11-09,2007,11,9,1035.87,2,1
2007-11-10,2007,11,10,1274.23,2,1
2007-11-11,2007,11,11,1060.35,2,1
2007-11-12,2007,11,12,1306.56,2,1
2007-11-13,2007,11,13,1160.59,2,1
2007-11-14,2007,11,14,1276.07,2,1
2007-11-15,2007,11,15,1239.12,2,1
2007-11-16,2007,11,16,1149.97,2,1
2007-11-17,2007,11,17,1135.19,2,1
2007-11-18,2007,11,18,1031.25,2,1
2007-11-19,2007,11,19,1179.07,2,1
2007-11-20,2007,11,20,1249.28,2,1
2007-11-21,2007,11,21,1080.68,2,1
2007-11-22,2007,11,22,1048.34,2,1
2007-11-23,2007,11,23,1150.89,2,1
2007-11-24,2007,11,24,1279.77,2,1
2007-11-25,2007,11,25,1105.62,2,1
2007-11-26,2007,11,26,1177.68,2,1
2007-11-27,2007,11,27,1289.93,2,1
2007-11-28,2007,11,28,1283.0,2,1
2007-11-29,2007,11,29,870.5,2,1
2007-11-30,2007,11,30,1169.83,2,1
2007-12-01,2007,12,1,1119.48,2,1
2007-12-02,2007,12,2,1242.82,2,1
2007-12-03,2007,12,3,1303.33,2,1
2007-12-04,2007,12,4,1232.19,2,1
2007-12-05,2007,12,5,721.76,2,1
2007-12-06,2007,12,6,1125.49,2,1
2007-12-07,2007,12,7,1039.11,2,1
2007-12-08,2007,12,8,1113.94,2,1
2007-12-09,2007,12,9,330.51,2,1
2007-12-10,2007,12,10,1051.58,2,1
2007-12-11,2007,12,11,900.53,2,1
2007-12-12,2007,12,12,715.76,2,1
2007-12-13,2007,12,13,1300.56,2,1
2007-12-14,2007,12,14,129.11,2,1
2007-12-15,2007,12,15,1105.62,2,1
2007-12-16,2007,12,16,1159.21,2,1
2007-12-17,2007,12,17,1076.52,2,1
2007-12-18,2007,12,18,1012.78,2,1
2007-12-19,2007,12,19,1115.32,2,1
2007-12-20,2007,12,20,1211.41,2,1
2007-12-21,2007,12,21,1118.1,2,1
2007-12-22,2007,12,22,715.29,2,1
2007-12-23,2007,12,23,1283.47,2,1
2007-12-24,2007,12,24,1008.16,2,1
2007-12-25,2007,12,25,1120.41,2,1
2007-12-26,2007,12,26,828.01,2,1
2007-12-27,2007,12,27,1193.85,2,1
2007-12-28,2007,12,28,640.0,2,1
2007-12-29,2007,12,29,1136.57,2,1
2007-12-30,2007,12,30,1031.72,2,1
2007-12-31,2007,12,31,1098.69,2,1
2008-01-01,2008,1,1,868.65,2,1
2008-01-02,2008,1,2,1016.93,2,1
2008-01-03,2008,1,3,1009.08,2,1
2008-01-04,2008,1,4,1029.87,2,1
2008-01-05,2008,1,5,979.52,2,1
2008-01-06,2008,1,6,1053.89,2,1
2008-01-07,2008,1,7,1155.05,2,1
2008-01-08,2008,1,8,1049.27,2,1
2008-01-09,2008,1,9,1187.85,2,1
2008-01-10,2008,1,10,1078.37,2,1
2008-01-11,2008,1,11,1025.25,2,1
2008-01-12,2008,1,12,1023.4,2,1
2008-01-13,2008,1,13,1039.57,2,1
2008-01-14,2008,1,14,1081.6,2,1
2008-01-15,2008,1,15,1109.32,2,1
2008-01-16,2008,1,16,1137.96,2,1
2008-01-17,2008,1,17,1036.8,2,1
2008-01-18,2008,1,18,1041.88,2,1
2008-01-19,2008,1,19,1076.98,2,1
2008-01-20,2008,1,20,1133.34,2,1
2008-01-21,2008,1,21,1294.55,2,1
2008-01-22,2008,1,22,1271.92,2,1
2008-01-23,2008,1,23,1178.61,2,1
2008-01-24,2008,1,24,950.88,2,1
2008-01-25,2008,1,25,1200.32,2,1
2008-01-26,2008,1,26,1164.75,2,1
2008-01-27,2008,1,27,533.76,2,1
2008-01-28,2008,1,28,,2,1
2008-01-29,2008,1,29,1173.53,2,1
2008-01-30,2008,1,30,1177.22,2,1
2008-01-31,2008,1,31,968.43,2,1
2008-02-01,2008,2,1,1055.27,2,1
2008-02-02,2008,2,2,1025.25,2,1
2008-02-03,2008,2,3,1163.83,2,1
2008-02-04,2008,2,4,1246.05,2,1
2008-02-05,2008,2,5,1254.36,2,1
2008-02-06,2008,2,6,1105.62,2,1
2008-02-07,2008,2,7,1186.0,2,1
2008-02-08,2008,2,8,674.65,2,1
2008-02-09,2008,2,9,1105.16,2,1
2008-02-10,2008,2,10,1276.54,2,1
2008-02-11,2008,2,11,1089.92,2,1
2008-02-12,2008,2,12,973.51,2,1
2008-02-13,2008,2,13,1079.76,2,1
2008-02-14,2008,2,14,1212.79,2,1
2008-02-15,2008,2,15,1133.34,2,1
2008-02-16,2008,2,16,1151.35,2,1
2008-02-17,2008,2,17,1124.1,2,1
2008-02-18,2008,2,18,1261.29,2,1
2008-02-19,2008,2,19,1175.37,2,1
2008-02-20,2008,2,20,1348.14,2,1
2008-02-21,2008,2,21,803.52,2,1
2008-02-22,2008,2,22,317.58,2,1
2008-02-23,2008,2,23,1107.01,2,1
2008-02-24,2008,2,24,904.69,2,1
2008-02-25,2008,2,25,268.15,2,1
2008-02-26,2008,2,26,1186.92,2,1
2008-02-27,2008,2,27,1150.43,2,1
2008-02-28,2008,2,28,1117.17,2,1
2008-02-29,2008,2,29,1116.25,2,1
2008-03-01,2008,3,1,1076.52,2,1
2008-03-02,2008,3,2,374.85,2,1
2008-03-03,2008,3,3,1064.97,2,1
2008-03-04,2008,3,4,711.6,2,1
2008-03-05,2008,3,5,1246.05,2,1
2008-03-06,2008,3,6,349.45,2,1
2008-03-07,2008,3,7,1116.71,2,1
2008-03-08,2008,3,8,1275.15,2,1
2008-03-09,2008,3,9,670.03,2,1
2008-03-10,2008,3,10,819.69,2,1
2008-03-11,2008,3,11,1187.38,2,1
2008-03-12,2008,3,12,577.18,2,1
2008-03-13,2008,3,13,914.39,2,1
2008-03-14,2008,3,14,1125.49,2,1
2008-03-15,2008,3,15,1207.25,2,1
2008-03-16,2008,3,16,1337.97,2,1
2008-03-17,2008,3,17,432.13,2,1
2008-03-18,2008,3,18,1155.51,2,1
2008-03-19,2008,3,19,1124.56,2,1
2008-03-20,2008,3,20,1246.05,2,1
2008-03-21,2008,3,21,1176.3,2,1
2008-03-22,2008,3,22,1121.79,2,1
2008-03-23,2008,3,23,1097.77,2,1
2008-03-24,2008,3,24,1239.58,2,1
2008-03-25,2008,3,25,1221.11,2,1
2008-03-26,2008,3,26,1252.05,2,1
2008-03-27,2008,3,27,1346.75,2,1
2008-03-28,2008,3,28,1253.9,2,1
2008-03-29,2008,3,29,1184.15,2,1
2008-03-30,2008,3,30,1186.92,2,1
2008-03-31,2008,3,31,1229.42,2,1
2008-04-01,2008,4,1,1152.28,2,1
2008-04-02,2008,4,2,1329.66,2,1
2008-04-03,2008,4,3,1166.14,2,1
2008-04-04,2008,4,4,1116.25,2,1
2008-04-05,2008,4,5,1078.83,2,1
2008-04-06,2008,4,6,1070.52,2,1
2008-04-07,2008,4,7,1111.63,2,1
2008-04-08,2008,4,8,1188.31,2,1
2008-04-09,2008,4,9,1082.07,2,1
2008-04-10,2008,4,10,1067.28,2,1
2008-04-11,2008,4,11,1109.32,2,1
2008-04-12,2008,4,12,1304.25,2,1
2008-04-13,2008,4,13,1131.03,2,1
2008-04-14,2008,4,14,1064.51,2,1
2008-04-15,2008,4,15,409.04,2,1
2008-04-16,2008,4,16,1173.53,2,1
2008-04-17,2008,4,17,1107.01,2,1
2008-04-18,2008,4,18,318.96,2,1
2008-04-19,2008,4,19,195.63,2,1
2008-04-20,2008,4,20,822.92,2,1
2008-04-21,2008,4,21,830.78,2,1
2008-04-22,2008,4,22,1058.51,2,1
2008-04-23,2008,4,23,984.6,2,1
2008-04-24,2008,4,24,698.67,2,1
2008-04-25,2008,4,25,1230.81,2,1
2008-04-26,2008,4,26,1143.96,2,1
2008-04-27,2008,4,27,1266.84,2,1
2008-04-28,2008,4,28,1152.28,2,1
2008-04-29,2008,4,29,1139.34,2,1
2008-04-30,2008,4,30,1161.05,2,1
2008-05-01,2008,5,1,1146.27,2,1
2008-05-02,2008,5,2,1167.06,2,1
2008-05-03,2008,5,3,1030.33,2,1
2008-05-04,2008,5,4,1106.55,2,1
2008-05-05,2008,5,5,1039.57,2,1
2008-05-06,2008,5,6,1085.3,2,1
2008-05-07,2008,5,7,1076.98,2,1
2008-05-08,2008,5,8,1192.93,2,1
2008-05-09,2008,5,9,1131.49,2,1
2008-05-10,2008,5,10,420.59,2,1
2008-05-11,2008,5,11,1252.52,2,1
2008-05-12,2008,5,12,1112.09,2,1
2008-05-13,2008,5,13,1191.08,2,1
2008-05-14,2008,5,14,1196.62,2,1
2008-05-15,2008,5,15,1058.51,2,1
2008-05-16,2008,5,16,1161.52,2,1
2008-05-17,2008,5,17,1064.51,2,1
2008-05-18,2008,5,18,1013.7,2,1
2008-05-19,2008,5,19,1020.63,2,1
2008-05-20,2008,5,20,968.89,2,1
2008-05-21,2008,5,21,1002.15,2,1
2008-05-22,2008,5,22,1090.84,2,1
2008-05-23,2008,5,23,1121.33,2,1
2008-05-24,2008,5,24,1193.39,2,1
2008-05-25,2008,5,25,1090.38,2,1
2008-05-26,2008,5,26,1253.9,2,1
2008-05-27,2008,5,27,1168.91,2,1
2008-05-28,2008,5,28,1110.7,2,1
2008-05-29,2008,5,29,839.09,2,1
2008-05-30,2008,5,30,961.5,2,1
2008-05-31,2008,5,31,1080.22,2,1
2008-06-01,2008,6,1,1090.38,2,1
2008-06-02,2008,6,2,1062.2,2,1
2008-06-03,2008,6,3,257.06,2,1
2008-06-04,2008,6,4,1074.67,2,1
2008-06-05,2008,6,5,356.38,2,1
2008-06-06,2008,6,6,653.4,2,1
2008-06-07,2008,6,7,975.82,2,1
2008-06-08,2008,6,8,969.82,2,1
2008-06-09,2008,6,9,1028.94,2,1
2008-06-10,2008,6,10,1047.88,2,1
2008-06-11,2008,6,11,992.91,2,1
2008-06-12,2008,6,12,1016.93,2,1
2008-06-13,2008,6,13,932.86,2,1
2008-06-14,2008,6,14,967.51,2,1
2008-06-15,2008,6,15,1015.09,2,1
2008-06-16,2008,6,16,1005.85,2,1
2008-06-17,2008,6,17,1090.84,2,1
2008-06-18,2008,6,18,1085.76,2,1
2008-06-19,2008,6,19,1117.63,2,1
2008-06-20,2008,6,20,1117.17,2,1
2008-06-21,2008,6,21,1058.97,2,1
2008-06-22,2008,6,22,991.53,2,1
2008-06-23,2008,6,23,1034.49,2,1
2008-06-24,2008,6,24,1240.51,2,1
2008-06-25,2008,6,25,1002.61,2,1
2008-06-26,2008,6,26,1048.34,2,1
2008-06-27,2008,6,27,1047.88,2,1
2008-06-28,2008,6,28,1012.31,2,1
2008-06-29,2008,6,29,1178.61,2,1
2008-06-30,2008,6,30,1021.09,2,1
2008-07-01,2008,7,1,1112.55,2,1
2008-07-02,2008,7,2,1137.03,2,1
2008-07-03,2008,7,3,856.64,2,1
2008-07-04,2008,7,4,1256.67,2,1
2008-07-05,2008,7,5,1064.05,2,1
2008-07-06,2008,7,6,1009.08,2,1
2008-07-07,2008,7,7,1079.29,2,1
2008-07-08,2008,7,8,961.96,2,1
2008-07-09,2008,7,9,388.71,2,1
2008-07-10,2008,7,10,1014.16,2,1
2008-07-11,2008,7,11,190.08,2,1
2008-07-12,2008,7,12,572.1,2,1
2008-07-13,2008,7,13,834.93,2,1
2008-07-14,2008,7,14,787.36,2,1
2008-07-15,2008,7,15,1166.6,2,1
2008-07-16,2008,7,16,484.79,2,1
2008-07-17,2008,7,17,1063.13,2,1
2008-07-18,2008,7,18,1056.2,2,1
2008-07-19,2008,7,19,978.13,2,1
2008-07-20,2008,7,20,853.87,2,1
2008-07-21,2008,7,21,941.18,2,1
2008-07-22,2008,7,22,1119.02,2,1
2008-07-23,2008,7,23,1120.41,2,1
2008-07-24,2008,7,24,988.76,2,1
2008-07-25,2008,7,25,776.73,2,1
2008-07-26,2008,7,26,1082.07,2,1
2008-07-27,2008,7,27,1264.99,2,1
2008-07-28,2008,7,28,1044.19,2,1
2008-07-29,2008,7,29,1038.18,2,1
2008-07-30,2008,7,30,1016.47,2,1
2008-07-31,2008,7,31,1037.26,2,1
2008-08-01,2008,8,1,1057.12,2,1
2008-08-02,2008,8,2,1044.65,2,1
2008-08-03,2008,8,3,1083.91,2,1
2008-08-04,2008,8,4,1090.84,2,1
2008-08-05,2008,8,5,1101.47,2,1
2008-08-06,2008,8,6,1044.65,2,1
2008-08-07,2008,8,7,280.62,2,1
2008-08-08,2008,8,8,1072.36,2,1
2008-08-09,2008,8,9,1156.9,2,1
2008-08-10,2008,8,10,1131.95,2,1
2008-08-11,2008,8,11,1032.64,2,1
2008-08-12,2008,8,12,1159.21,2,1
2008-08-13,2008,8,13,1076.52,2,1
2008-08-14,2008,8,14,1034.49,2,1
2008-08-15,2008,8,15,1057.58,2,1
2008-08-16,2008,8,16,1060.82,2,1
2008-08-17,2008,8,17,909.3,2,1
2008-08-18,2008,8,18,1226.19,2,1
2008-08-19,2008,8,19,1063.59,2,1
2008-08-20,2008,8,20,888.98,2,1
2008-08-21,2008,8,21,1015.09,2,1
2008-08-22,2008,8,22,1166.6,2,1
2008-08-23,2008,8,23,1022.48,2,1
2008-08-24,2008,8,24,1052.96,2,1
2008-08-25,2008,8,25,1209.56,2,1
2008-08-26,2008,8,26,764.72,2,1
2008-08-27,2008,8,27,867.73,2,1
2008-08-28,2008,8,28,1151.82,2,1
2008-08-29,2008,8,29,656.17,2,1
2008-08-30,2008,8,30,1228.03,2,1
2008-08-31,2008,8,31,1250.21,2,1
2008-09-01,2008,9,1,1209.56,2,1
2008-09-02,2008,9,2,783.2,2,1
2008-09-03,2008,9,3,633.07,2,1
2008-09-04,2008,9,4,1335.66,2,1
2008-09-05,2008,9,5,1380.93,2,1
2008-09-06,2008,9,6,1104.7,2,1
2008-09-07,2008,9,7,1083.91,2,1
2008-09-08,2008,9,8,410.88,2,1
2008-09-09,2008,9,9,1106.09,2,1
2008-09-10,2008,9,10,780.89,2,1
2008-09-11,2008,9,11,1310.26,2,1
2008-09-12,2008,9,12,1164.29,2,1
2008-09-13,2008,9,13,881.13,2,1
2008-09-14,2008,9,14,1008.16,2,1
2008-09-15,2008,9,15,1088.07,2,1
2008-09-16,2008,9,16,1252.52,2,1
2008-09-17,2008,9,17,1197.55,2,1
2008-09-18,2008,9,18,1186.46,2,1
2008-09-19,2008,9,19,1163.36,2,1
2008-09-20,2008,9,20,1086.22,2,1
2008-09-21,2008,9,21,1183.23,2,1
2008-09-22,2008,9,22,1058.51,2,1
2008-09-23,2008,9,23,1149.97,2,1
2008-09-24,2008,9,24,1122.25,2,1
2008-09-25,2008,9,25,1079.76,2,1
2008-09-26,2008,9,26,1262.22,2,1
2008-09-27,2008,9,27,1115.32,2,1
2008-09-28,2008,9,28,1387.86,2,1
2008-09-29,2008,9,29,1057.12,2,1
2008-09-30,2008,9,30,986.45,2,1
2008-10-01,2008,10,1,1137.03,2,1
2008-10-02,2008,10,2,1189.23,2,1
2008-10-03,2008,10,3,1216.02,2,1
2008-10-04,2008,10,4,1340.28,2,1
2008-10-05,2008,10,5,930.55,2,1
2008-10-06,2008,10,6,909.3,2,1
2008-10-07,2008,10,7,301.41,2,1
2008-10-08,2008,10,8,1255.75,2,1
2008-10-09,2008,10,9,203.94,2,1
2008-10-10,2008,10,10,1312.57,2,1
2008-10-11,2008,10,11,1218.8,2,1
2008-10-12,2008,10,12,1284.85,2,1
2008-10-13,2008,10,13,698.67,2,1
2008-10-14,2008,10,14,1065.44,2,1
2008-10-15,2008,10,15,1048.81,2,1
2008-10-16,2008,10,16,1095.46,2,1
2008-10-17,2008,10,17,1201.24,2,1
2008-10-18,2008,10,18,1163.83,2,1
2008-10-19,2008,10,19,902.84,2,1
2008-10-20,2008,10,20,1098.23,2,1
2008-10-21,2008,10,21,1220.18,2,1
2008-10-22,2008,10,22,1369.85,2,1
2008-10-23,2008,10,23,1043.73,2,1
2008-10-24,2008,10,24,1101.47,2,1
2008-10-25,2008,10,25,1197.55,2,1
2008-10-26,2008,10,26,1265.45,2,1
2008-10-27,2008,10,27,,2,1
2008-10-28,2008,10,28,1037.26,2,1
2008-10-29,2008,10,29,1180.92,2,1
2008-10-30,2008,10,30,1284.39,2,1
2008-10-31,2008,10,31,403.49,2,1
2008-11-01,2008,11,1,858.49,2,1
2008-11-02,2008,11,2,,2,1
2008-11-03,2008,11,3,1259.45,2,1
2008-11-04,2008,11,4,1113.48,2,1
2008-11-05,2008,11,5,1093.15,2,1
2008-11-06,2008,11,6,1117.63,2,1
2008-11-07,2008,11,7,465.85,2,1
2008-11-08,2008,11,8,1144.43,2,1
2008-11-09,2008,11,9,1078.83,2,1
2008-11-10,2008,11,10,1116.71,2,1
2008-11-11,2008,11,11,1207.25,2,1
2008-11-12,2008,11,12,1155.05,2,1
2008-11-13,2008,11,13,1151.82,2,1
2008-11-14,2008,11,14,851.1,2,1
2008-11-15,2008,11,15,549.0,2,1
2008-11-16,2008,11,16,232.12,2,1
2008-11-17,2008,11,17,1110.7,2,1
2008-11-18,2008,11,18,998.92,2,1
2008-11-19,2008,11,19,1071.9,2,1
2008-11-20,2008,11,20,1294.09,2,1
2008-11-21,2008,11,21,152.67,2,1
2008-11-22,2008,11,22,1240.97,2,1
2008-11-23,2008,11,23,868.19,2,1
2008-11-24,2008,11,24,1071.9,2,1
2008-11-25,2008,11,25,1143.04,2,1
2008-11-26,2008,11,26,1105.16,2,1
2008-11-27,2008,11,27,1091.77,2,1
2008-11-28,2008,11,28,1078.83,2,1
2008-11-29,2008,11,29,1117.17,2,1
2008-11-30,2008,11,30,1157.36,2,1
2008-12-01,2008,12,1,939.79,2,1
2008-12-02,2008,12,2,958.73,2,1
2008-12-03,2008,12,3,1172.6,2,1
2008-12-04,2008,12,4,818.77,2,1
2008-12-05,2008,12,5,1147.66,2,1
2008-12-06,2008,12,6,791.05,2,1
2008-12-07,2008,12,7,866.81,2,1
2008-12-08,2008,12,8,1097.77,2,1
2008-12-09,2008,12,9,1211.41,2,1
2008-12-10,2008,12,10,1034.02,2,1
2008-12-11,2008,12,11,744.4,2,1
2008-12-12,2008,12,12,674.65,2,1
2008-12-13,2008,12,13,1105.16,2,1
2008-12-14,2008,12,14,925.01,2,1
2008-12-15,2008,12,15,859.42,2,1
2008-12-16,2008,12,16,1215.1,2,1
2008-12-17,2008,12,17,999.38,2,1
2008-12-18,2008,12,18,1071.9,2,1
2008-12-19,2008,12,19,1040.49,2,1
2008-12-20,2008,12,20,1280.23,2,1
2008-12-21,2008,12,21,1103.31,2,1
2008-12-22,2008,12,22,1135.19,2,1
2008-12-23,2008,12,23,1069.13,2,1
2008-12-24,2008,12,24,893.6,2,1
2008-12-25,2008,12,25,1033.1,2,1
2008-12-26,2008,12,26,988.29,2,1
2008-12-27,2008,12,27,1253.9,2,1
2008-12-28,2008,12,28,740.24,2,1
2008-12-29,2008,12,29,1221.11,2,1
2008-12-30,2008,12,30,1104.7,2,1
2008-12-31,2008,12,31,1116.25,2,1
2009-01-01,2009,1,1,1139.81,2,1
2009-01-02,2009,1,2,383.17,2,1
2009-01-03,2009,1,3,1228.5,2,1
2009-01-04,2009,1,4,1046.04,2,1
2009-01-05,2009,1,5,1021.09,2,1
2009-01-06,2009,1,6,992.45,2,1
2009-01-07,2009,1,7,1076.52,2,1
2009-01-08,2009,1,8,1140.73,2,1
2009-01-09,2009,1,9,1345.36,2,1
2009-01-10,2009,1,10,1051.58,2,1
2009-01-11,2009,1,11,1041.88,2,1
2009-01-12,2009,1,12,1107.47,2,1
2009-01-13,2009,1,13,902.84,2,1
2009-01-14,2009,1,14,1160.59,2,1
2009-01-15,2009,1,15,1082.07,2,1
2009-01-16,2009,1,16,1103.78,2,1
2009-01-17,2009,1,17,1337.51,2,1
2009-01-18,2009,1,18,1113.01,2,1
2009-01-19,2009,1,19,1129.64,2,1
2009-01-20,2009,1,20,1208.17,2,1
2009-01-21,2009,1,21,1122.71,2,1
2009-01-22,2009,1,22,1117.63,2,1
2009-01-23,2009,1,23,456.62,2,1
2009-01-24,2009,1,24,539.3,2,1
2009-01-25,2009,1,25,1145.81,2,1
2009-01-26,2009,1,26,1273.77,2,1
2009-01-27,2009,1,27,920.85,2,1
2009-01-28,2009,1,28,589.65,2,1
2009-01-29,2009,1,29,429.82,2,1
2009-01-30,2009,1,30,1294.09,2,1
2009-01-31,2009,1,31,130.03,2,1
2009-02-01,2009,2,1,1165.21,2,1
2009-02-02,2009,2,2,789.2,2,1
2009-02-03,2009,2,3,454.77,2,1
2009-02-04,2009,2,4,1197.55,2,1
2009-02-05,2009,2,5,1072.36,2,1
2009-02-06,2009,2,6,778.58,2,1
2009-02-07,2009,2,7,1153.2,2,1
2009-02-08,2009,2,8,1091.77,2,1
2009-02-09,2009,2,9,1179.99,2,1
2009-02-10,2009,2,10,1088.53,2,1
2009-02-11,2009,2,11,1107.47,2,1
2009-02-12,2009,2,12,1103.78,2,1
2009-02-13,2009,2,13,1111.17,2,1
2009-02-14,2009,2,14,1104.7,2,1
2009-02-15,2009,2,15,1167.52,2,1
2009-02-16,2009,2,16,1039.11,2,1
2009-02-17,2009,2,17,1039.57,2,1
2009-02-18,2009,2,18,1044.65,2,1
2009-07-31,2009,7,31,1098.22,1,5
2009-08-01,2009,8,1,1168.7,1,5
2009-08-02,2009,8,2,1206.35,1,5
2009-08-03,2009,8,3,1002.78,1,5
2009-08-04,2009,8,4,1029.05,1,5
2009-08-05,2009,8,5,239.31,1,5
2009-08-06,2009,8,6,1085.08,1,5
2009-08-07,2009,8,7,1169.14,1,5
2009-08-08,2009,8,8,903.85,1,5
2009-08-09,2009,8,9,1032.55,1,5
2009-08-10,2009,8,10,990.09,1,5
2009-08-11,2009,8,11,1184.9,1,5
2009-08-12,2009,8,12,188.53,1,5
2009-08-13,2009,8,13,555.38,1,5
2009-08-14,2009,8,14,1144.62,1,5
2009-08-15,2009,8,15,1159.94,1,5
2009-08-16,2009,8,16,1126.67,1,5
2009-08-17,2009,8,17,1229.99,1,5
2009-08-18,2009,8,18,1065.38,1,5
2009-08-19,2009,8,19,790.46,1,5
2009-08-20,2009,8,20,1119.67,1,5
2009-08-21,2009,8,21,1125.8,1,5
2009-08-22,2009,8,22,1340.3,1,5
2009-08-23,2009,8,23,549.69,1,5
2009-08-24,2009,8,24,1039.56,1,5
2009-08-25,2009,8,25,1194.96,1,5
2009-08-26,2009,8,26,941.49,1,5
2009-08-27,2009,8,27,1346.43,1,5
2009-08-28,2009,8,28,1232.61,1,5
2009-08-29,2009,8,29,1135.87,1,5
2009-08-30,2009,8,30,1250.12,1,5
2009-08-31,2009,8,31,829.86,1,5
2009-09-01,2009,9,1,1052.69,1,5
2009-09-02,2009,9,2,1101.72,1,5
2009-09-03,2009,9,3,909.98,1,5
2009-09-04,2009,9,4,1322.36,1,5
2009-09-05,2009,9,5,1118.35,1,5
2009-09-06,2009,9,6,1029.05,1,5
2009-09-07,2009,9,7,1163.45,1,5
2009-09-08,2009,9,8,1293.03,1,5
2009-09-09,2009,9,9,1131.49,1,5
2009-09-10,2009,9,10,1179.64,1,5
2009-09-11,2009,9,11,1174.83,1,5
2009-09-12,2009,9,12,976.95,1,5
2009-09-13,2009,9,13,207.35,1,5
2009-09-14,2009,9,14,703.78,1,5
2009-09-15,2009,9,15,1309.66,1,5
2009-09-16,2009,9,16,1109.6,1,5
2009-09-17,2009,9,17,1198.03,1,5
2009-09-18,2009,9,18,1318.42,1,5
2009-09-19,2009,9,19,1262.82,1,5
2009-09-20,2009,9,20,1223.86,1,5
2009-09-21,2009,9,21,1111.79,1,5
2009-09-22,2009,9,22,1186.65,1,5
2009-09-23,2009,9,23,1139.81,1,5
2009-09-24,2009,9,24,1363.51,1,5
2009-09-25,2009,9,25,1272.01,1,5
2009-09-26,2009,9,26,1137.18,1,5
2009-09-27,2009,9,27,1252.75,1,5
2009-09-28,2009,9,28,1166.07,1,5
2009-09-29,2009,9,29,1147.69,1,5
2009-09-30,2009,9,30,1127.11,1,5
2009-10-01,2009,10,1,1180.08,1,5
2009-10-02,2009,10,2,1130.61,1,5
2009-10-03,2009,10,3,1110.04,1,5
2009-10-04,2009,10,4,745.81,1,5
2009-10-05,2009,10,5,1252.31,1,5
2009-10-06,2009,10,6,1318.85,1,5
2009-10-07,2009,10,7,1205.03,1,5
2009-10-08,2009,10,8,1094.28,1,5
2009-10-09,2009,10,9,1183.58,1,5
2009-10-10,2009,10,10,1124.92,1,5
2009-10-11,2009,10,11,1290.84,1,5
2009-10-12,2009,10,12,1172.64,1,5
2009-10-13,2009,10,13,1183.58,1,5
2009-10-14,2009,10,14,1211.16,1,5
2009-10-15,2009,10,15,1244.87,1,5
2009-10-16,2009,10,16,1162.57,1,5
2009-10-17,2009,10,17,470.89,1,5
2009-10-18,2009,10,18,1156.0,1,5
2009-10-19,2009,10,19,1448.0,1,5
2009-10-20,2009,10,20,391.22,1,5
2009-10-21,2009,10,21,1205.47,1,5
2009-10-22,2009,10,22,1099.09,1,5
2009-10-23,2009,10,23,822.42,1,5
2009-10-24,2009,10,24,1158.63,1,5
2009-10-25,2009,10,25,1011.98,1,5
2009-10-26,2009,10,26,1116.6,1,5
2009-10-27,2009,10,27,1166.95,1,5
2009-10-28,2009,10,28,1161.69,1,5
2009-10-29,2009,10,29,1284.71,1,5
2009-10-30,2009,10,30,1106.97,1,5
2009-10-31,2009,10,31,1265.88,1,5
2009-11-01,2009,11,1,1205.91,1,5
2009-11-02,2009,11,2,1214.66,1,5
2009-11-03,2009,11,3,1102.16,1,5
2009-11-04,2009,11,4,1314.48,1,5
2009-11-05,2009,11,5,1215.98,1,5
2009-11-06,2009,11,6,1231.74,1,5
2009-11-07,2009,11,7,969.51,1,5
2009-11-08,2009,11,8,1286.9,1,5
2009-11-09,2009,11,9,1174.39,1,5
2009-11-10,2009,11,10,765.07,1,5
2009-11-11,2009,11,11,1042.18,1,5
2009-11-12,2009,11,12,1173.51,1,5
2009-11-13,2009,11,13,1218.17,1,5
2009-11-14,2009,11,14,1188.84,1,5
2009-11-15,2009,11,15,1206.35,1,5
2009-11-16,2009,11,16,715.17,1,5
2009-11-17,2009,11,17,1089.46,1,5
2009-11-18,2009,11,18,1363.94,1,5
2009-11-19,2009,11,19,1179.2,1,5
2009-11-20,2009,11,20,1127.99,1,5
2009-11-21,2009,11,21,1302.66,1,5
2009-11-22,2009,11,22,1070.2,1,5
2009-11-23,2009,11,23,1173.51,1,5
2009-11-24,2009,11,24,1085.96,1,5
2009-11-25,2009,11,25,1085.96,1,5
2009-11-26,2009,11,26,1458.5,1,5
2009-11-27,2009,11,27,860.07,1,5
2009-11-28,2009,11,28,1390.65,1,5
2009-11-29,2009,11,29,1099.53,1,5
2009-11-30,2009,11,30,1162.13,1,5
2009-12-01,2009,12,1,1105.22,1,5
2009-12-02,2009,12,2,1318.42,1,5
2009-12-03,2009,12,3,1251.44,1,5
2009-12-04,2009,12,4,1187.08,1,5
2009-12-05,2009,12,5,1134.55,1,5
2009-12-06,2009,12,6,1051.38,1,5
2009-12-07,2009,12,7,1223.42,1,5
2009-12-08,2009,12,8,1107.85,1,5
2009-12-09,2009,12,9,1225.61,1,5
2009-12-10,2009,12,10,1161.69,1,5
2009-12-11,2009,12,11,1118.35,1,5
2009-12-12,2009,12,12,1082.9,1,5
2009-12-13,2009,12,13,1019.86,1,5
2009-12-14,2009,12,14,1096.03,1,5
2009-12-15,2009,12,15,1215.98,1,5
2009-12-16,2009,12,16,1128.42,1,5
2009-12-17,2009,12,17,218.73,1,5
2009-12-18,2009,12,18,1069.32,1,5
2009-12-19,2009,12,19,931.86,1,5
2009-12-20,2009,12,20,1039.56,1,5
2009-12-21,2009,12,21,1127.11,1,5
2009-12-22,2009,12,22,1077.2,1,5
2009-12-23,2009,12,23,1102.16,1,5
2009-12-24,2009,12,24,1126.67,1,5
2009-12-25,2009,12,25,1032.11,1,5
2009-12-26,2009,12,26,989.65,1,5
2009-12-27,2009,12,27,1129.3,1,5
2009-12-28,2009,12,28,1018.1,1,5
2009-12-29,2009,12,29,963.82,1,5
2009-12-30,2009,12,30,954.63,1,5
2009-12-31,2009,12,31,1077.64,1,5
2010-01-01,2010,1,1,1063.2,1,5
2010-01-02,2010,1,2,419.23,1,5
2010-01-03,2010,1,3,976.95,1,5
2010-01-04,2010,1,4,1194.96,1,5
2010-01-05,2010,1,5,1147.25,1,5
2010-01-06,2010,1,6,1180.52,1,5
2010-01-07,2010,1,7,1020.29,1,5
2010-01-08,2010,1,8,1063.63,1,5
2010-01-09,2010,1,9,1139.37,1,5
2010-01-10,2010,1,10,1123.61,1,5
2010-01-11,2010,1,11,1077.2,1,5
2010-01-12,2010,1,12,1205.91,1,5
2010-01-13,2010,1,13,709.91,1,5
2010-01-14,2010,1,14,1142.43,1,5
2010-01-15,2010,1,15,1040.87,1,5
2010-01-16,2010,1,16,1319.73,1,5
2010-01-17,2010,1,17,567.2,1,5
2010-01-18,2010,1,18,1145.06,1,5
2010-01-19,2010,1,19,945.87,1,5
2010-01-20,2010,1,20,1038.24,1,5
2010-01-21,2010,1,21,1125.8,1,5
2010-01-22,2010,1,22,1141.99,1,5
2010-01-23,2010,1,23,1110.47,1,5
2010-01-24,2010,1,24,1333.74,1,5
2010-01-25,2010,1,25,1041.31,1,5
2010-01-26,2010,1,26,1062.76,1,5
2010-01-27,2010,1,27,1144.18,1,5
2010-01-28,2010,1,28,1179.2,1,5
2010-01-29,2010,1,29,1102.59,1,5
2010-01-30,2010,1,30,1053.13,1,5
2010-01-31,2010,1,31,1157.32,1,5
2010-02-01,2010,2,1,1127.99,1,5
2010-02-02,2010,2,2,1153.81,1,5
2010-02-03,2010,2,3,1079.39,1,5
2010-02-04,2010,2,4,888.52,1,5
2010-02-05,2010,2,5,1070.2,1,5
2010-02-06,2010,2,6,1092.53,1,5
2010-02-07,2010,2,7,1207.22,1,5
2010-02-08,2010,2,8,1321.92,1,5
2010-02-09,2010,2,9,1198.47,1,5
2010-02-10,2010,2,10,1325.42,1,5
2010-02-11,2010,2,11,1115.29,1,5
2010-02-12,2010,2,12,1345.56,1,5
2010-02-13,2010,2,13,1236.99,1,5
2010-02-14,2010,2,14,192.03,1,5
2010-02-15,2010,2,15,385.96,1,5
2010-02-16,2010,2,16,1243.56,1,5
2010-02-17,2010,2,17,1256.69,1,5
2010-02-18,2010,2,18,1175.26,1,5
2010-02-19,2010,2,19,226.18,1,5
2010-02-20,2010,2,20,1453.25,1,5
2010-02-21,2010,2,21,1328.05,1,5
2010-02-22,2010,2,22,1141.12,1,5
2010-02-23,2010,2,23,1230.86,1,5
2010-02-24,2010,2,24,1168.26,1,5
2010-02-25,2010,2,25,1185.33,1,5
2010-02-26,2010,2,26,1214.23,1,5
2010-02-27,2010,2,27,1243.56,1,5
2010-02-28,2010,2,28,,0,0
2010-03-01,2010,3,1,914.35,1,5
2010-03-02,2010,3,2,,0,0
2010-03-03,2010,3,3,1172.2,1,5
2010-03-04,2010,3,4,1152.94,1,5
2010-03-05,2010,3,5,1325.86,1,5
2010-03-06,2010,3,6,1327.17,1,5
2010-03-07,2010,3,7,1136.74,1,5
2010-03-08,2010,3,8,845.62,1,5
2010-03-09,2010,3,9,977.83,1,5
2010-03-10,2010,3,10,1266.32,1,5
2010-03-11,2010,3,11,1165.2,1,5
2010-03-12,2010,3,12,1189.27,1,5
2010-03-13,2010,3,13,1226.05,1,5
2010-03-14,2010,3,14,,0,0
2010-03-15,2010,3,15,1310.54,1,5
2010-03-16,2010,3,16,838.62,1,5
2010-03-17,2010,3,17,1206.35,1,5
2010-03-18,2010,3,18,1240.49,1,5
2010-03-19,2010,3,19,1170.01,1,5
2010-03-20,2010,3,20,1126.67,1,5
2010-03-21,2010,3,21,1077.64,1,5
2010-03-22,2010,3,22,1282.96,1,5
2010-03-23,2010,3,23,1050.5,1,5
2010-03-24,2010,3,24,1260.63,1,5
2010-03-25,2010,3,25,1154.25,1,5
2010-03-26,2010,3,26,1037.37,1,5
2010-03-27,2010,3,27,578.14,1,5
2010-03-28,2010,3,28,210.42,1,5
2010-03-29,2010,3,29,1189.71,1,5
2010-03-30,2010,3,30,1259.32,1,5
2010-03-31,2010,3,31,1162.13,1,5
2010-04-01,2010,4,1,253.76,1,5
2010-04-02,2010,4,2,1412.54,1,5
2010-04-03,2010,4,3,301.47,1,5
2010-04-04,2010,4,4,917.86,1,5
2010-04-05,2010,4,5,1209.85,1,5
2010-04-06,2010,4,6,1360.0,1,5
2010-04-07,2010,4,7,1121.42,1,5
2010-04-08,2010,4,8,1086.4,1,5
2010-04-09,2010,4,9,1397.65,1,5
2010-04-10,2010,4,10,1316.67,1,5
2010-04-11,2010,4,11,1226.48,1,5
2010-04-12,2010,4,12,1149.44,1,5
2010-04-13,2010,4,13,1189.71,1,5
2010-04-14,2010,4,14,1053.56,1,5
2010-04-15,2010,4,15,1069.32,1,5
2010-04-16,2010,4,16,978.71,1,5
2010-04-17,2010,4,17,1260.19,1,5
2010-04-18,2010,4,18,1130.61,1,5
2010-04-19,2010,4,19,851.31,1,5
2010-04-20,2010,4,20,1289.09,1,5
2010-04-21,2010,4,21,1226.05,1,5
2010-04-22,2010,4,22,1155.57,1,5
2010-04-23,2010,4,23,1142.87,1,5
2010-04-24,2010,4,24,1092.09,1,5
2010-04-25,2010,4,25,1231.74,1,5
2010-04-26,2010,4,26,561.51,1,5
2010-04-27,2010,4,27,1271.14,1,5
2010-04-28,2010,4,28,1361.76,1,5
2010-04-29,2010,4,29,1253.19,1,5
2010-04-30,2010,4,30,1117.48,1,5
2010-05-01,2010,5,1,1162.13,1,5
2010-05-02,2010,5,2,1061.88,1,5
2010-05-03,2010,5,3,948.06,1,5
2010-05-04,2010,5,4,1051.81,1,5
2010-05-05,2010,5,5,1028.17,1,5
2010-05-06,2010,5,6,1085.96,1,5
2010-05-07,2010,5,7,1028.61,1,5
2010-05-08,2010,5,8,1025.98,1,5
2010-05-09,2010,5,9,1096.03,1,5
2010-05-10,2010,5,10,1063.2,1,5
2010-05-11,2010,5,11,1253.63,1,5
2010-05-12,2010,5,12,249.82,1,5
2010-05-13,2010,5,13,609.23,1,5
2010-05-14,2010,5,14,484.02,1,5
2010-05-15,2010,5,15,614.92,1,5
2010-05-16,2010,5,16,933.18,1,5
2010-05-17,2010,5,17,1064.07,1,5
2010-05-18,2010,5,18,1092.53,1,5
2010-05-19,2010,5,19,1017.23,1,5
2010-05-20,2010,5,20,1136.3,1,5
2010-05-21,2010,5,21,1065.38,1,5
2010-05-22,2010,5,22,969.07,1,5
2010-05-23,2010,5,23,1114.41,1,5
2010-05-24,2010,5,24,984.83,1,5
2010-05-25,2010,5,25,1021.17,1,5
2010-05-26,2010,5,26,1039.99,1,5
2010-05-27,2010,5,27,1174.83,1,5
2010-05-28,2010,5,28,1191.02,1,5
2010-05-29,2010,5,29,1147.25,1,5
2010-05-30,2010,5,30,994.47,1,5
2010-05-31,2010,5,31,974.77,1,5
2010-06-01,2010,6,1,1069.76,1,5
2010-06-02,2010,6,2,1154.25,1,5
2010-06-03,2010,6,3,1232.18,1,5
2010-06-04,2010,6,4,1221.23,1,5
2010-06-05,2010,6,5,273.89,1,5
2010-06-06,2010,6,6,457.76,1,5
2010-06-07,2010,6,7,654.32,1,5
2010-06-08,2010,6,8,885.46,1,5
2010-06-09,2010,6,9,1061.01,1,5
2010-06-10,2010,6,10,939.31,1,5
2010-06-11,2010,6,11,1065.82,1,5
2010-06-12,2010,6,12,942.37,1,5
2010-06-13,2010,6,13,1072.83,1,5
2010-06-14,2010,6,14,1097.34,1,5
2010-06-15,2010,6,15,1175.26,1,5
2010-06-16,2010,6,16,1030.36,1,5
2010-06-17,2010,6,17,1026.42,1,5
2010-06-18,2010,6,18,1032.99,1,5
2010-06-19,2010,6,19,1047.44,1,5
2010-06-20,2010,6,20,1180.08,1,5
2010-06-21,2010,6,21,909.98,1,5
2010-06-22,2010,6,22,587.78,1,5
2010-06-23,2010,6,23,1142.43,1,5
2010-06-24,2010,6,24,990.09,1,5
2010-06-25,2010,6,25,1108.29,1,5
2010-06-26,2010,6,26,1046.56,1,5
2010-06-27,2010,6,27,178.46,1,5
2010-06-28,2010,6,28,894.65,1,5
2010-06-29,2010,6,29,1085.52,1,5
2010-06-30,2010,6,30,858.76,1,5
2010-07-01,2010,7,1,989.21,1,5
2010-07-02,2010,7,2,439.37,1,5
2010-07-03,2010,7,3,1097.34,1,5
2010-07-04,2010,7,4,1085.52,1,5
2010-07-05,2010,7,5,1032.55,1,5
2010-07-06,2010,7,6,923.11,1,5
2010-07-07,2010,7,7,970.83,1,5
2010-07-08,2010,7,8,1070.64,1,5
2010-07-09,2010,7,9,966.89,1,5
2010-07-10,2010,7,10,1178.33,1,5
2010-07-11,2010,7,11,,0,0
2010-07-12,2010,7,12,,0,0
2010-07-13,2010,7,13,1081.5,1,1
2010-07-14,2010,7,14,733.73,1,1
2010-07-15,2010,7,15,415.96,1,1
2010-07-16,2010,7,16,586.89,1,1
2010-07-17,2010,7,17,1004.67,1,1
2010-07-18,2010,7,18,412.78,1,1
2010-07-19,2010,7,19,882.39,1,1
2010-07-20,2010,7,20,1001.04,1,1
2010-07-21,2010,7,21,965.12,1,1
2010-07-22,2010,7,22,1200.61,1,1
2010-07-23,2010,7,23,1096.05,1,1
2010-07-24,2010,7,24,1093.78,1,1
2010-07-25,2010,7,25,1019.68,1,1
2010-07-26,2010,7,26,1046.04,1,1
2010-07-27,2010,7,27,1091.5,1,1
2010-07-28,2010,7,28,988.76,1,1
2010-07-29,2010,7,29,1042.86,1,1
2010-07-30,2010,7,30,1095.14,1,1
2010-07-31,2010,7,31,1046.5,1,1
2010-08-01,2010,8,1,1094.68,1,1
2010-08-02,2010,8,2,1101.96,1,1
2010-08-03,2010,8,3,1031.04,1,1
2010-08-04,2010,8,4,1015.58,1,1
2010-08-05,2010,8,5,1192.88,1,1
2010-08-06,2010,8,6,1157.42,1,1
2010-08-07,2010,8,7,1101.5,1,1
2010-08-08,2010,8,8,1082.41,1,1
2010-08-09,2010,8,9,1085.59,1,1
2010-08-10,2010,8,10,1001.04,1,1
2010-08-11,2010,8,11,1176.06,1,1
2010-08-12,2010,8,12,622.35,1,1
2010-08-13,2010,8,13,1232.43,1,1
2010-08-14,2010,8,14,1168.79,1,1
2010-08-15,2010,8,15,1311.53,1,1
2010-08-16,2010,8,16,1307.44,1,1
2010-08-17,2010,8,17,1170.15,1,1
2010-08-18,2010,8,18,1007.4,1,1
2010-08-19,2010,8,19,747.82,1,1
2010-08-20,2010,8,20,964.21,1,1
2010-08-21,2010,8,21,1133.78,1,1
2010-08-22,2010,8,22,1057.86,1,1
2010-08-23,2010,8,23,1071.95,1,1
2010-08-24,2010,8,24,1088.77,1,1
2010-08-25,2010,8,25,1100.59,1,1
2010-08-26,2010,8,26,1011.49,1,1
2010-08-27,2010,8,27,1046.95,1,1
2010-08-28,2010,8,28,1067.86,1,1
2010-08-29,2010,8,29,1051.95,1,1
2010-08-30,2010,8,30,1172.88,1,1
2010-08-31,2010,8,31,1201.52,1,1
2010-09-01,2010,9,1,1204.24,1,1
2010-09-02,2010,9,2,982.85,1,1
2010-09-03,2010,9,3,1147.87,1,1
2010-09-04,2010,9,4,1189.24,1,1
2010-09-05,2010,9,5,1155.15,1,1
2010-09-06,2010,9,6,1110.14,1,1
2010-09-07,2010,9,7,1262.89,1,1
2010-09-08,2010,9,8,1121.51,1,1
2010-09-09,2010,9,9,1084.68,1,1
2010-09-10,2010,9,10,1103.78,1,1
2010-09-11,2010,9,11,1181.51,1,1
2010-09-12,2010,9,12,1070.59,1,1
2010-09-13,2010,9,13,1135.14,1,1
2010-09-14,2010,9,14,1086.05,1,1
2010-09-15,2010,9,15,1098.78,1,1
2010-09-16,2010,9,16,1189.24,1,1
2010-09-17,2010,9,17,352.77,1,1
2010-09-18,2010,9,18,1216.52,1,1
2010-09-19,2010,9,19,1334.72,1,1
2010-09-20,2010,9,20,1283.35,1,1
2010-09-21,2010,9,21,260.49,1,1
2010-09-22,2010,9,22,1185.15,1,1
2010-09-23,2010,9,23,1335.62,1,1
2010-09-24,2010,9,24,424.14,1,1
2010-09-25,2010,9,25,1253.34,1,1
2010-09-26,2010,9,26,589.62,1,1
2010-09-27,2010,9,27,1386.54,1,1
2010-09-28,2010,9,28,247.76,1,1
2010-09-29,2010,9,29,1132.87,1,1
2010-09-30,2010,9,30,433.69,1,1
2010-10-01,2010,10,1,850.11,1,1
2010-10-02,2010,10,2,1311.53,1,1
2010-10-03,2010,10,3,245.49,1,1
2010-10-04,2010,10,4,1252.89,1,1
2010-10-05,2010,10,5,1101.96,1,1
2010-10-06,2010,10,6,1050.59,1,1
2010-10-07,2010,10,7,1145.6,1,1
2010-10-08,2010,10,8,1302.44,1,1
2010-10-09,2010,10,9,1070.14,1,1
2010-10-10,2010,10,10,1084.23,1,1
2010-10-11,2010,10,11,1146.51,1,1
2010-10-12,2010,10,12,1219.7,1,1
2010-10-13,2010,10,13,1099.23,1,1
2010-10-14,2010,10,14,1167.88,1,1
2010-10-15,2010,10,15,1173.79,1,1
2010-10-16,2010,10,16,1135.6,1,1
2010-10-17,2010,10,17,1103.32,1,1
2010-10-18,2010,10,18,1159.24,1,1
2010-10-19,2010,10,19,1124.23,1,1
2010-10-20,2010,10,20,1092.87,1,1
2010-10-21,2010,10,21,1128.78,1,1
2010-10-22,2010,10,22,445.51,1,1
2010-10-23,2010,10,23,395.05,1,1
2010-10-24,2010,10,24,1152.42,1,1
2010-10-25,2010,10,25,1158.78,1,1
2010-10-26,2010,10,26,906.02,1,1
2010-10-27,2010,10,27,1325.62,1,1
2010-10-28,2010,10,28,1273.8,1,1
2010-10-29,2010,10,29,1133.78,1,1
2010-10-30,2010,10,30,948.3,1,1
2010-10-31,2010,10,31,1146.51,1,1
2010-11-01,2010,11,1,1119.69,1,1
2010-11-02,2010,11,2,359.14,1,1
2010-11-03,2010,11,3,1156.97,1,1
2010-11-04,2010,11,4,1146.96,1,1
2010-11-05,2010,11,5,1274.71,1,1
2010-11-06,2010,11,6,867.84,1,1
2010-11-07,2010,11,7,934.66,1,1
2010-11-08,2010,11,8,911.03,1,1
2010-11-09,2010,11,9,1259.25,1,1
2010-11-10,2010,11,10,806.92,1,1
2010-11-11,2010,11,11,1183.79,1,1
2010-11-12,2010,11,12,450.06,1,1
2010-11-13,2010,11,13,1238.34,1,1
2010-11-14,2010,11,14,1044.22,1,1
2010-11-15,2010,11,15,1102.87,1,1
2010-11-16,2010,11,16,1049.22,1,1
2010-11-17,2010,11,17,702.82,1,1
2010-11-18,2010,11,18,357.77,1,1
2010-11-19,2010,11,19,1157.87,1,1
2010-11-20,2010,11,20,1303.8,1,1
2010-11-21,2010,11,21,898.75,1,1
2010-11-22,2010,11,22,331.86,1,1
2010-11-23,2010,11,23,1177.42,1,1
2010-11-24,2010,11,24,940.57,1,1
2010-11-25,2010,11,25,1163.78,1,1
2010-11-26,2010,11,26,840.11,1,1
2010-11-27,2010,11,27,500.52,1,1
2010-11-28,2010,11,28,1353.35,1,1
2010-11-29,2010,11,29,1161.97,1,1
2010-11-30,2010,11,30,336.41,1,1
2010-12-01,2010,12,1,1084.68,1,1
2010-12-02,2010,12,2,184.57,1,1
2010-12-03,2010,12,3,1104.23,1,1
2010-12-04,2010,12,4,1074.23,1,1
2010-12-05,2010,12,5,1313.8,1,1
2010-12-06,2010,12,6,1108.32,1,1
2010-12-07,2010,12,7,1054.23,1,1
2010-12-08,2010,12,8,1091.96,1,1
2010-12-09,2010,12,9,1179.24,1,1
2010-12-10,2010,12,10,1028.31,1,1
2010-12-11,2010,12,11,1115.6,1,1
2010-12-12,2010,12,12,1031.04,1,1
2010-12-13,2010,12,13,1049.22,1,1
2010-12-14,2010,12,14,1193.33,1,1
2010-12-15,2010,12,15,1060.13,1,1
2010-12-16,2010,12,16,1076.5,1,1
2010-12-17,2010,12,17,1045.13,1,1
2010-12-18,2010,12,18,1099.23,1,1
2010-12-19,2010,12,19,1056.95,1,1
2010-12-20,2010,12,20,1071.5,1,1
2010-12-21,2010,12,21,985.13,1,1
2010-12-22,2010,12,22,1028.31,1,1
2010-12-23,2010,12,23,1135.6,1,1
2010-12-24,2010,12,24,225.48,1,1
2010-12-25,2010,12,25,1073.77,1,1
2010-12-26,2010,12,26,394.14,1,1
2010-12-27,2010,12,27,1304.71,1,1
2010-12-28,2010,12,28,1012.4,1,1
2010-12-29,2010,12,29,670.99,1,1
2010-12-30,2010,12,30,1078.77,1,1
2010-12-31,2010,12,31,1074.68,1,1
2011-01-01,2011,1,1,1071.95,1,1
2011-01-02,2011,1,2,1107.41,1,1
2011-01-03,2011,1,3,1083.77,1,1
2011-01-04,2011,1,4,899.21,1,1
2011-01-05,2011,1,5,1118.78,1,1
2011-01-06,2011,1,6,936.03,1,1
2011-01-07,2011,1,7,1317.44,1,1
2011-01-08,2011,1,8,331.41,1,1
2011-01-09,2011,1,9,1097.41,1,1
2011-01-10,2011,1,10,1075.14,1,1
2011-01-11,2011,1,11,1162.88,1,1
2011-01-12,2011,1,12,1084.68,1,1
2011-01-13,2011,1,13,1110.6,1,1
2011-01-14,2011,1,14,1150.6,1,1
2011-01-15,2011,1,15,1045.13,1,1
2011-01-16,2011,1,16,1123.32,1,1
2011-01-17,2011,1,17,1029.22,1,1
2011-01-18,2011,1,18,1089.68,1,1
2011-01-19,2011,1,19,1042.41,1,1
2011-01-20,2011,1,20,1196.52,1,1
2011-01-21,2011,1,21,1125.14,1,1
2011-01-22,2011,1,22,1011.95,1,1
2011-01-23,2011,1,23,1007.4,1,1
2011-01-24,2011,1,24,1042.41,1,1
2011-01-25,2011,1,25,1070.59,1,1
2011-01-26,2011,1,26,1132.42,1,1
2011-01-27,2011,1,27,1142.42,1,1
2011-01-28,2011,1,28,1050.59,1,1
2011-01-29,2011,1,29,1167.88,1,1
2011-01-30,2011,1,30,1216.97,1,1
2011-01-31,2011,1,31,1018.77,1,1
2011-02-01,2011,2,1,1114.69,1,1
2011-02-02,2011,2,2,895.57,1,1
2011-02-03,2011,2,3,243.67,1,1
2011-02-04,2011,2,4,1234.25,1,1
2011-02-05,2011,2,5,1094.23,1,1
2011-02-06,2011,2,6,1071.95,1,1
2011-02-07,2011,2,7,1131.05,1,1
2011-02-08,2011,2,8,995.13,1,1
2011-02-09,2011,2,9,1004.67,1,1
2011-02-10,2011,2,10,1011.95,1,1
2011-02-11,2011,2,11,1039.22,1,1
2011-02-12,2011,2,12,1066.95,1,1
2011-02-13,2011,2,13,1095.59,1,1
2011-02-14,2011,2,14,1124.69,1,1
2011-02-15,2011,2,15,1088.77,1,1
2011-02-16,2011,2,16,1182.88,1,1
2011-02-17,2011,2,17,1171.97,1,1
2011-02-18,2011,2,18,1133.33,1,1
2011-02-19,2011,2,19,1100.14,1,1
2011-02-20,2011,2,20,1323.35,1,1
2011-02-21,2011,2,21,1143.33,1,1
2011-02-22,2011,2,22,1154.24,1,1
2011-02-23,2011,2,23,1262.89,1,1
2011-02-24,2011,2,24,1113.78,1,1
2011-02-25,2011,2,25,602.8,1,1
2011-02-26,2011,2,26,988.31,1,1
2011-02-27,2011,2,27,1243.79,1,1
2011-02-28,2011,2,28,1015.58,1,1
2011-03-01,2011,3,1,1093.78,1,1
2011-03-02,2011,3,2,1121.05,1,1
2011-03-03,2011,3,3,1079.23,1,1
2011-03-04,2011,3,4,1128.78,1,1
2011-03-05,2011,3,5,1147.87,1,1
2011-03-06,2011,3,6,1108.32,1,1
2011-03-07,2011,3,7,1175.6,1,1
2011-03-08,2011,3,8,553.25,1,1
2011-03-09,2011,3,9,959.67,1,1
2011-03-10,2011,3,10,1176.97,1,1
2011-03-11,2011,3,11,1222.43,1,1
2011-03-12,2011,3,12,1212.43,1,1
2011-03-13,2011,3,13,1161.97,1,1
2011-03-14,2011,3,14,1219.7,1,1
2011-03-15,2011,3,15,1255.16,1,1
2011-03-16,2011,3,16,1195.61,1,1
2011-03-17,2011,3,17,1083.77,1,1
2011-03-18,2011,3,18,1109.69,1,1
2011-03-19,2011,3,19,1099.69,1,1
2011-03-20,2011,3,20,1221.97,1,1
2011-03-21,2011,3,21,1131.96,1,1
2011-03-22,2011,3,22,1156.06,1,1
2011-03-23,2011,3,23,1122.42,1,1
2011-03-24,2011,3,24,1183.79,1,1
2011-03-25,2011,3,25,1009.22,1,1
2011-03-26,2011,3,26,1328.81,1,1
2011-03-27,2011,3,27,1150.15,1,1
2011-03-28,2011,3,28,1121.51,1,1
2011-03-29,2011,3,29,1226.97,1,1
2011-03-30,2011,3,30,1190.15,1,1
2011-03-31,2011,3,31,1054.23,1,1
2011-04-01,2011,4,1,1195.15,1,1
2011-04-02,2011,4,2,1130.14,1,1
2011-04-03,2011,4,3,1181.51,1,1
2011-04-04,2011,4,4,1053.32,1,1
2011-04-05,2011,4,5,1030.59,1,1
2011-04-06,2011,4,6,992.4,1,1
2011-04-07,2011,4,7,1010.58,1,1
2011-04-08,2011,4,8,1013.77,1,1
2011-04-09,2011,4,9,1041.04,1,1
2011-04-10,2011,4,10,1074.68,1,1
2011-04-11,2011,4,11,1136.51,1,1
2011-04-12,2011,4,12,1063.32,1,1
2011-04-13,2011,4,13,942.39,1,1
2011-04-14,2011,4,14,1150.6,1,1
2011-04-15,2011,4,15,1334.72,1,1
2011-04-16,2011,4,16,1272.89,1,1
2011-04-17,2011,4,17,1064.23,1,1
2011-04-18,2011,4,18,1299.26,1,1
2011-04-19,2011,4,19,1311.99,1,1
2011-04-20,2011,4,20,1146.96,1,1
2011-04-21,2011,4,21,1090.59,1,1
2011-04-22,2011,4,22,1160.15,1,1
2011-04-23,2011,4,23,1110.6,1,1
2011-04-24,2011,4,24,1244.7,1,1
2011-04-25,2011,4,25,1012.4,1,1
2011-04-26,2011,4,26,1134.69,1,1
2011-04-27,2011,4,27,1187.42,1,1
2011-04-28,2011,4,28,725.09,1,1
2011-04-29,2011,4,29,1076.5,1,1
2011-04-30,2011,4,30,566.44,1,1
2011-05-01,2011,5,1,1164.24,1,1
2011-05-02,2011,5,2,429.6,1,1
2011-05-03,2011,5,3,559.62,1,1
2011-05-04,2011,5,4,936.94,1,1
2011-05-05,2011,5,5,1152.42,1,1
2011-05-06,2011,5,6,981.49,1,1
2011-05-07,2011,5,7,1092.87,1,1
2011-05-08,2011,5,8,1098.32,1,1
2011-05-09,2011,5,9,1030.59,1,1
2011-05-10,2011,5,10,878.75,1,1
2011-05-11,2011,5,11,986.03,1,1
2011-05-12,2011,5,12,939.67,1,1
2011-05-13,2011,5,13,974.21,1,1
2011-05-14,2011,5,14,983.31,1,1
2011-05-15,2011,5,15,1100.14,1,1
2011-05-16,2011,5,16,1049.22,1,1
2011-05-17,2011,5,17,1098.32,1,1
2011-05-18,2011,5,18,978.76,1,1
2011-05-19,2011,5,19,976.94,1,1
2011-05-20,2011,5,20,1032.4,1,1
2011-05-21,2011,5,21,957.39,1,1
2011-05-22,2011,5,22,953.3,1,1
2011-05-23,2011,5,23,946.48,1,1
2011-05-24,2011,5,24,,0,0
2011-05-25,2011,5,25,,0,0
2011-05-26,2011,5,26,996.96,2,5
2011-05-27,2011,5,27,1236.89,2,5
2011-05-28,2011,5,28,1193.67,2,5
2011-05-29,2011,5,29,237.12,2,5
2011-05-30,2011,5,30,1173.87,2,5
2011-05-31,2011,5,31,1166.22,2,5
2011-06-01,2011,6,1,985.26,2,5
2011-06-02,2011,6,2,1270.2,2,5
2011-06-03,2011,6,3,1133.36,2,5
2011-06-04,2011,6,4,1051.43,2,5
2011-06-05,2011,6,5,1050.08,2,5
2011-06-06,2011,6,6,1126.15,2,5
2011-06-07,2011,6,7,1168.02,2,5
2011-06-08,2011,6,8,1113.55,2,5
2011-06-09,2011,6,9,1037.93,2,5
2011-06-10,2011,6,10,1117.15,2,5
2011-06-11,2011,6,11,1041.08,2,5
2011-06-12,2011,6,12,1157.21,2,5
2011-06-13,2011,6,13,1044.68,2,5
2011-06-14,2011,6,14,1047.83,2,5
2011-06-15,2011,6,15,1208.98,2,5
2011-06-16,2011,6,16,1134.71,2,5
2011-06-17,2011,6,17,1054.13,2,5
2011-06-18,2011,6,18,1046.03,2,5
2011-06-19,2011,6,19,1222.03,2,5
2011-06-20,2011,6,20,614.34,2,5
2011-06-21,2011,6,21,1128.4,2,5
2011-06-22,2011,6,22,1002.81,2,5
2011-06-23,2011,6,23,1115.35,2,5
2011-06-24,2011,6,24,1010.47,2,5
2011-06-25,2011,6,25,883.98,2,5
2011-06-26,2011,6,26,555.37,2,5
2011-06-27,2011,6,27,939.79,2,5
2011-06-28,2011,6,28,1052.78,2,5
2011-06-29,2011,6,29,1066.28,2,5
2011-06-30,2011,6,30,940.69,2,5
2011-07-01,2011,7,1,978.06,2,5
2011-07-02,2011,7,2,968.15,2,5
2011-07-03,2011,7,3,1068.99,2,5
2011-07-04,2011,7,4,974.91,2,5
2011-07-05,2011,7,5,1085.64,2,5
2011-07-06,2011,7,6,942.95,2,5
2011-07-07,2011,7,7,1026.67,2,5
2011-07-08,2011,7,8,964.1,2,5
2011-07-09,2011,7,9,1186.92,2,5
2011-07-10,2011,7,10,1148.66,2,5
2011-07-11,2011,7,11,195.71,2,5
2011-07-12,2011,7,12,1242.29,2,5
2011-07-13,2011,7,13,1045.13,2,5
2011-07-14,2011,7,14,1040.63,2,5
2011-07-15,2011,7,15,1008.67,2,5
2011-07-16,2011,7,16,1127.5,2,5
2011-07-17,2011,7,17,977.61,2,5
2011-07-18,2011,7,18,977.16,2,5
2011-07-19,2011,7,19,990.21,2,5
2011-07-20,2011,7,20,995.16,2,5
2011-07-21,2011,7,21,1085.19,2,5
2011-07-22,2011,7,22,1120.3,2,5
2011-07-23,2011,7,23,1107.7,2,5
2011-07-24,2011,7,24,925.84,2,5
2011-07-25,2011,7,25,1075.29,2,5
2011-07-26,2011,7,26,1088.34,2,5
2011-07-27,2011,7,27,1166.22,2,5
2011-07-28,2011,7,28,1170.72,2,5
2011-07-29,2011,7,29,1167.12,2,5
2011-07-30,2011,7,30,1042.88,2,5
2011-07-31,2011,7,31,312.3,2,5
2011-08-01,2011,8,1,524.31,2,5
2011-08-02,2011,8,2,707.97,2,5
2011-08-03,2011,8,3,1065.38,2,5
2011-08-04,2011,8,4,1062.68,2,5
2011-08-05,2011,8,5,1200.88,2,5
2011-08-06,2011,8,6,1091.49,2,5
2011-08-07,2011,8,7,1110.4,2,5
2011-08-08,2011,8,8,1196.38,2,5
2011-08-09,2011,8,9,1231.94,2,5
2011-08-10,2011,8,10,1249.94,2,5
2011-08-11,2011,8,11,1060.43,2,5
2011-08-12,2011,8,12,272.68,2,5
2011-08-13,2011,8,13,209.66,2,5
2011-08-14,2011,8,14,1158.56,2,5
2011-08-15,2011,8,15,1189.17,2,5
2011-08-16,2011,8,16,1230.14,2,5
2011-08-17,2011,8,17,1097.34,2,5
2011-08-18,2011,8,18,1253.99,2,5
2011-08-19,2011,8,19,1209.43,2,5
2011-08-20,2011,8,20,1027.57,2,5
2011-08-21,2011,8,21,1111.3,2,5
2011-08-22,2011,8,22,1110.4,2,5
2011-08-23,2011,8,23,1146.41,2,5
2011-08-24,2011,8,24,1118.95,2,5
2011-08-25,2011,8,25,1208.53,2,5
2011-08-26,2011,8,26,1116.7,2,5
2011-08-27,2011,8,27,833.11,2,5
2011-08-28,2011,8,28,802.5,2,5
2011-08-29,2011,8,29,986.61,2,5
2011-08-30,2011,8,30,1215.28,2,5
2011-08-31,2011,8,31,1187.82,2,5
2011-09-01,2011,9,1,1042.88,2,5
2011-09-02,2011,9,2,1113.55,2,5
2011-09-03,2011,9,3,1087.89,2,5
2011-09-04,2011,9,4,1154.51,2,5
2011-09-05,2011,9,5,1212.58,2,5
2011-09-06,2011,9,6,1233.29,2,5
2011-09-07,2011,9,7,721.93,2,5
2011-09-08,2011,9,8,1265.25,2,5
2011-09-09,2011,9,9,398.27,2,5
2011-09-10,2011,9,10,703.92,2,5
2011-09-11,2011,9,11,289.34,2,5
2011-09-12,2011,9,12,1066.28,2,5
2011-09-13,2011,9,13,1213.03,2,5
2011-09-14,2011,9,14,608.04,2,5
2011-09-15,2011,9,15,1128.85,2,5
2011-09-16,2011,9,16,424.38,2,5
2011-09-17,2011,9,17,301.94,2,5
2011-09-18,2011,9,18,505.41,2,5
2011-09-19,2011,9,19,732.73,2,5
2011-09-20,2011,9,20,960.05,2,5
2011-09-21,2011,9,21,242.52,2,5
2011-09-22,2011,9,22,1205.83,2,5
2011-09-23,2011,9,23,1124.8,2,5
2011-09-24,2011,9,24,1339.52,2,5
2011-09-25,2011,9,25,1280.1,2,5
2011-09-26,2011,9,26,1244.54,2,5
2011-09-27,2011,9,27,1219.33,2,5
2011-09-28,2011,9,28,1151.36,2,5
2011-09-29,2011,9,29,1244.99,2,5
2011-09-30,2011,9,30,770.54,2,5
2011-10-01,2011,10,1,1232.84,2,5
2011-10-02,2011,10,2,1187.82,2,5
2011-10-03,2011,10,3,1392.19,2,5
2011-10-04,2011,10,4,1393.54,2,5
2011-10-05,2011,10,5,1093.29,2,5
2011-10-06,2011,10,6,1174.32,2,5
2011-10-07,2011,10,7,1164.42,2,5
2011-10-08,2011,10,8,1201.78,2,5
2011-10-09,2011,10,9,1134.71,2,5
2011-10-10,2011,10,10,1118.5,2,5
2011-10-11,2011,10,11,1138.76,2,5
2011-10-12,2011,10,12,1181.07,2,5
2011-10-13,2011,10,13,1232.84,2,5
2011-10-14,2011,10,14,1326.47,2,5
2011-10-15,2011,10,15,1190.97,2,5
2011-10-16,2011,10,16,1216.18,2,5
2011-10-17,2011,10,17,1111.3,2,5
2011-10-18,2011,10,18,1215.28,2,5
2011-10-19,2011,10,19,1300.36,2,5
2011-10-20,2011,10,20,1350.32,2,5
2011-10-21,2011,10,21,704.82,2,5
2011-10-22,2011,10,22,1134.71,2,5
2011-10-23,2011,10,23,1240.94,2,5
2011-10-24,2011,10,24,1076.19,2,5
2011-10-25,2011,10,25,1157.66,2,5
2011-10-26,2011,10,26,1304.41,2,5
2011-10-27,2011,10,27,1195.93,2,5
2011-10-28,2011,10,28,1299.46,2,5
2011-10-29,2011,10,29,1195.02,2,5
2011-10-30,2011,10,30,1189.62,2,5
2011-10-31,2011,10,31,1222.48,2,5
2011-11-01,2011,11,1,1282.35,2,5
2011-11-02,2011,11,2,582.38,2,5
2011-11-03,2011,11,3,606.24,2,5
2011-11-04,2011,11,4,296.54,2,5
2011-11-05,2011,11,5,1012.27,2,5
2011-11-06,2011,11,6,1180.62,2,5
2011-11-07,2011,11,7,1103.65,2,5
2011-11-08,2011,11,8,960.5,2,5
2011-11-09,2011,11,9,1212.13,2,5
2011-11-10,2011,11,10,1153.61,2,5
2011-11-11,2011,11,11,1063.13,2,5
2011-11-12,2011,11,12,1159.46,2,5
2011-11-13,2011,11,13,1159.91,2,5
2011-11-14,2011,11,14,1082.04,2,5
2011-11-15,2011,11,15,1196.38,2,5
2011-11-16,2011,11,16,1076.64,2,5
2011-11-17,2011,11,17,1091.49,2,5
2011-11-18,2011,11,18,1190.52,2,5
2011-11-19,2011,11,19,1169.37,2,5
2011-11-20,2011,11,20,1063.58,2,5
2011-11-21,2011,11,21,1038.38,2,5
2011-11-22,2011,11,22,1174.77,2,5
2011-11-23,2011,11,23,1127.05,2,5
2011-11-24,2011,11,24,1100.95,2,5
2011-11-25,2011,11,25,1193.67,2,5
2011-11-26,2011,11,26,1051.43,2,5
2011-11-27,2011,11,27,854.72,2,5
2011-11-28,2011,11,28,1176.57,2,5
2011-11-29,2011,11,29,407.28,2,5
2011-11-30,2011,11,30,800.25,2,5
2011-12-01,2011,12,1,1126.15,2,5
2011-12-02,2011,12,2,680.96,2,5
2011-12-03,2011,12,3,1155.86,2,5
2011-12-04,2011,12,4,1266.15,2,5
2011-12-05,2011,12,5,1126.6,2,5
2011-12-06,2011,12,6,1086.54,2,5
2011-12-07,2011,12,7,1174.77,2,5
2011-12-08,2011,12,8,1070.79,2,5
2011-12-09,2011,12,9,1064.03,2,5
2011-12-10,2011,12,10,1097.34,2,5
2011-12-11,2011,12,11,1041.08,2,5
2011-12-12,2011,12,12,1063.58,2,5
2011-12-13,2011,12,13,1402.09,2,5
2011-12-14,2011,12,14,1349.87,2,5
2011-12-15,2011,12,15,989.31,2,5
2011-12-16,2011,12,16,1120.75,2,5
2011-12-17,2011,12,17,932.14,2,5
2011-12-18,2011,12,18,639.55,2,5
2011-12-19,2011,12,19,966.35,2,5
2011-12-20,2011,12,20,1106.8,2,5
2011-12-21,2011,12,21,1008.22,2,5
2011-12-22,2011,12,22,564.38,2,5
2011-12-23,2011,12,23,175.0,2,5
2011-12-24,2011,12,24,493.25,2,5
2011-12-25,2011,12,25,1144.61,2,5
2011-12-26,2011,12,26,822.31,2,5
2011-12-27,2011,12,27,1076.64,2,5
2011-12-28,2011,12,28,1039.28,2,5
2011-12-29,2011,12,29,1033.87,2,5
2011-12-30,2011,12,30,1137.41,2,5
2011-12-31,2011,12,31,1080.69,2,5
2012-01-01,2012,1,1,1100.95,2,5
2012-01-02,2012,1,2,1107.7,2,5
2012-01-03,2012,1,3,1172.97,2,5
2012-01-04,2012,1,4,1134.26,2,5
2012-01-05,2012,1,5,1163.51,2,5
2012-01-06,2012,1,6,1109.05,2,5
2012-01-07,2012,1,7,1212.13,2,5
2012-01-08,2012,1,8,1187.37,2,5
2012-01-09,2012,1,9,1172.97,2,5
2012-01-10,2012,1,10,380.27,2,5
2012-01-11,2012,1,11,1181.97,2,5
2012-01-12,2012,1,12,1035.67,2,5
2012-01-13,2012,1,13,1092.39,2,5
2012-01-14,2012,1,14,1213.93,2,5
2012-01-15,2012,1,15,1092.39,2,5
2012-01-16,2012,1,16,963.2,2,5
2012-01-17,2012,1,17,1088.34,2,5
2012-01-18,2012,1,18,1100.95,2,5
2012-01-19,2012,1,19,1055.48,2,5
2012-01-20,2012,1,20,1086.09,2,5
2012-01-21,2012,1,21,1141.46,2,5
2012-01-22,2012,1,22,1106.35,2,5
2012-01-23,2012,1,23,1062.23,2,5
2012-01-24,2012,1,24,1067.18,2,5
2012-01-25,2012,1,25,1043.33,2,5
2012-01-26,2012,1,26,972.65,2,5
2012-01-27,2012,1,27,1054.58,2,5
2012-01-28,2012,1,28,1147.76,2,5
2012-01-29,2012,1,29,1103.2,2,5
2012-01-30,2012,1,30,1146.41,2,5
2012-01-31,2012,1,31,1090.14,2,5
2012-02-01,2012,2,1,1231.49,2,5
2012-02-02,2012,2,2,1224.28,2,5
2012-02-03,2012,2,3,1110.85,2,5
2012-02-04,2012,2,4,1140.56,2,5
2012-02-05,2012,2,5,1126.6,2,5
2012-02-06,2012,2,6,1184.22,2,5
2012-02-07,2012,2,7,1036.57,2,5
2012-02-08,2012,2,8,1281.9,2,5
2012-02-09,2012,2,9,1118.05,2,5
2012-02-10,2012,2,10,1261.2,2,5
2012-02-11,2012,2,11,1191.42,2,5
2012-02-12,2012,2,12,1306.21,2,5
2012-02-13,2012,2,13,1410.64,2,5
2012-02-14,2012,2,14,1183.32,2,5
2012-02-15,2012,2,15,1111.3,2,5
2012-02-16,2012,2,16,1303.06,2,5
2012-02-17,2012,2,17,1378.68,2,5
2012-02-18,2012,2,18,1190.07,2,5
2012-02-19,2012,2,19,1357.08,2,5
2012-02-20,2012,2,20,,0,0
2012-02-21,2012,2,21,1159.01,2,5
2012-02-22,2012,2,22,1121.65,2,5
2012-02-23,2012,2,23,626.95,2,5
2012-02-24,2012,2,24,1213.48,2,5
2012-02-25,2012,2,25,1109.95,2,5
2012-02-26,2012,2,26,1259.85,2,5
2012-02-27,2012,2,27,1161.71,2,5
2012-02-28,2012,2,28,974.01,2,5
2012-02-29,2012,2,29,1248.59,2,5
2012-03-01,2012,3,1,945.2,2,5
2012-03-02,2012,3,2,1209.88,2,5
2012-03-03,2012,3,3,1239.59,2,5
2012-03-04,2012,3,4,947.0,2,5
2012-03-05,2012,3,5,652.15,2,5
2012-03-06,2012,3,6,1010.47,2,5
2012-03-07,2012,3,7,1201.33,2,5
2012-03-08,2012,3,8,1123.9,2,5
2012-03-09,2012,3,9,540.97,2,5
2012-03-10,2012,3,10,1000.56,2,5
2012-03-11,2012,3,11,1073.04,2,5
2012-03-12,2012,3,12,1198.63,2,5
2012-03-13,2012,3,13,1189.62,2,5
2012-03-14,2012,3,14,1050.53,2,5
2012-03-15,2012,3,15,1104.55,2,5
2012-03-16,2012,3,16,1261.65,2,5
2012-03-17,2012,3,17,1180.17,2,5
2012-03-18,2012,3,18,1064.93,2,5
2012-03-19,2012,3,19,1149.11,2,5
2012-03-20,2012,3,20,1117.15,2,5
2012-03-21,2012,3,21,1160.81,2,5
2012-03-22,2012,3,22,1315.66,2,5
2012-03-23,2012,3,23,1281.9,2,5
2012-03-24,2012,3,24,1223.83,2,5
2012-03-25,2012,3,25,1152.71,2,5
2012-03-26,2012,3,26,1278.3,2,5
2012-03-27,2012,3,27,1128.85,2,5
2012-03-28,2012,3,28,1115.35,2,5
2012-03-29,2012,3,29,1261.2,2,5
2012-03-30,2012,3,30,1065.38,2,5
2012-03-31,2012,3,31,594.09,2,5
2012-04-01,2012,4,1,1167.12,2,5
2012-04-02,2012,4,2,1302.16,2,5
2012-04-03,2012,4,3,1205.38,2,5
2012-04-04,2012,4,4,1171.62,2,5
2012-04-05,2012,4,5,1150.46,2,5
2012-04-06,2012,4,6,1120.75,2,5
2012-04-07,2012,4,7,1001.01,2,5
2012-04-08,2012,4,8,1029.82,2,5
2012-04-09,2012,4,9,,0,0
2012-04-10,2012,4,10,1261.2,2,5
2012-04-11,2012,4,11,1158.56,2,5
2012-04-12,2012,4,12,1242.29,2,5
2012-04-13,2012,4,13,1127.05,2,5
2012-04-14,2012,4,14,1191.42,2,5
2012-04-15,2012,4,15,1239.59,2,5
2012-04-16,2012,4,16,1274.7,2,5
2012-04-17,2012,4,17,1185.12,2,5
2012-04-18,2012,4,18,963.2,2,5
2012-04-19,2012,4,19,1448.45,2,5
2012-04-20,2012,4,20,1304.86,2,5
2012-04-21,2012,4,21,1213.93,2,5
2012-04-22,2012,4,22,1416.49,2,5
2012-04-23,2012,4,23,1123.0,2,5
2012-04-24,2012,4,24,1199.53,2,5
2012-04-25,2012,4,25,1160.81,2,5
2012-04-26,2012,4,26,1069.89,2,5
2012-04-27,2012,4,27,1115.8,2,5
2012-04-28,2012,4,28,625.6,2,5
2012-04-29,2012,4,29,1164.87,2,5
2012-04-30,2012,4,30,1117.6,2,5
2012-05-01,2012,5,1,1059.53,2,5
2012-05-02,2012,5,2,1030.28,1,5
2012-05-03,2012,5,3,1097.29,1,5
2012-05-04,2012,5,4,1121.53,1,5
2012-05-05,2012,5,5,1157.65,1,5
2012-05-06,2012,5,6,1104.9,1,5
2012-05-07,2012,5,7,1247.48,1,5
2012-05-08,2012,5,8,1073.06,1,5
2012-05-09,2012,5,9,1221.34,1,5
2012-05-10,2012,5,10,1097.77,1,5
2012-05-11,2012,5,11,1051.19,1,5
2012-05-12,2012,5,12,1207.08,1,5
2012-05-13,2012,5,13,1096.34,1,5
2012-05-14,2012,5,14,1025.53,1,5
2012-05-15,2012,5,15,1245.58,1,5
2012-05-16,2012,5,16,1033.61,1,5
2012-05-17,2012,5,17,1090.64,1,5
2012-05-18,2012,5,18,1046.92,1,5
2012-05-19,2012,5,19,1142.45,1,5
2012-05-20,2012,5,20,1078.76,1,5
2012-05-21,2012,5,21,237.52,1,5
2012-05-22,2012,5,22,686.66,1,5
2012-05-23,2012,5,23,1062.12,1,5
2012-05-24,2012,5,24,1049.29,1,5
2012-05-25,2012,5,25,1137.22,1,5
2012-05-26,2012,5,26,1059.27,1,5
2012-05-27,2012,5,27,1068.78,1,5
2012-05-28,2012,5,28,708.52,1,5
2012-05-29,2012,5,29,1042.64,1,5
2012-05-30,2012,5,30,952.81,1,5
2012-05-31,2012,5,31,899.58,1,5
2012-06-01,2012,6,1,998.91,1,5
2012-06-02,2012,6,2,1090.17,1,5
2012-06-03,2012,6,3,935.7,1,5
2012-06-04,2012,6,4,1035.98,1,5
2012-06-05,2012,6,5,602.06,1,5
2012-06-06,2012,6,6,1131.99,1,5
2012-06-07,2012,6,7,1126.29,1,5
2012-06-08,2012,6,8,803.1,1,5
2012-06-09,2012,6,9,777.43,1,5
2012-06-10,2012,6,10,774.11,1,5
2012-06-11,2012,6,11,984.65,1,5
2012-06-12,2012,6,12,979.9,1,5
2012-06-13,2012,6,13,1005.57,1,5
2012-06-14,2012,6,14,1004.14,1,5
2012-06-15,2012,6,15,1066.4,1,5
2012-06-16,2012,6,16,964.69,1,5
2012-06-17,2012,6,17,1005.09,1,5
2012-06-18,2012,6,18,1074.96,1,5
2012-06-19,2012,6,19,1062.6,1,5
2012-06-20,2012,6,20,1269.34,1,5
2012-06-21,2012,6,21,906.23,1,5
2012-06-22,2012,6,22,955.66,1,5
2012-06-23,2012,6,23,950.91,1,5
2012-06-24,2012,6,24,968.97,1,5
2012-06-25,2012,6,25,1078.76,1,5
2012-06-26,2012,6,26,946.63,1,5
2012-06-27,2012,6,27,1121.53,1,5
2012-06-28,2012,6,28,1224.67,1,5
2012-06-29,2012,6,29,1060.22,1,5
2012-06-30,2012,6,30,1038.84,1,5
2012-07-01,2012,7,1,705.19,1,5
2012-07-02,2012,7,2,661.47,1,5
2012-07-03,2012,7,3,1074.01,1,5
2012-07-04,2012,7,4,878.19,1,5
2012-07-05,2012,7,5,1065.93,1,5
2012-07-06,2012,7,6,1155.75,1,5
2012-07-07,2012,7,7,933.32,1,5
2012-07-08,2012,7,8,1098.72,1,5
2012-07-09,2012,7,9,1101.1,1,5
2012-07-10,2012,7,10,1084.46,1,5
2012-07-11,2012,7,11,1048.82,1,5
2012-07-12,2012,7,12,1074.48,1,5
2012-07-13,2012,7,13,987.51,1,5
2012-07-14,2012,7,14,1069.73,1,5
2012-07-15,2012,7,15,1109.18,1,5
2012-07-16,2012,7,16,918.12,1,5
2012-07-17,2012,7,17,932.37,1,5
2012-07-18,2012,7,18,1232.75,1,5
2012-07-19,2012,7,19,1032.18,1,5
2012-07-20,2012,7,20,1154.8,1,5
2012-07-21,2012,7,21,533.14,1,5
2012-07-22,2012,7,22,552.15,1,5
2012-07-23,2012,7,23,401.02,1,5
2012-07-24,2012,7,24,1231.32,1,5
2012-07-25,2012,7,25,992.26,1,5
2012-07-26,2012,7,26,1049.29,1,5
2012-07-27,2012,7,27,1116.78,1,5
2012-07-28,2012,7,28,990.83,1,5
2012-07-29,2012,7,29,1064.03,1,5
2012-07-30,2012,7,30,545.98,1,5
2012-07-31,2012,7,31,1143.4,1,5
2012-08-01,2012,8,1,1209.46,1,5
2012-08-02,2012,8,2,1291.21,1,5
2012-08-03,2012,8,3,1079.23,1,5
2012-08-04,2012,8,4,1083.04,1,5
2012-08-05,2012,8,5,1078.28,1,5
2012-08-06,2012,8,6,1136.74,1,5
2012-08-07,2012,8,7,1201.38,1,5
2012-08-08,2012,8,8,1170.96,1,5
2012-08-09,2012,8,9,1069.25,1,5
2012-08-10,2012,8,10,1028.86,1,5
2012-08-11,2012,8,11,1072.11,1,5
2012-08-12,2012,8,12,1154.33,1,5
2012-08-13,2012,8,13,1155.28,1,5
2012-08-14,2012,8,14,1020.3,1,5
2012-08-15,2012,8,15,1153.85,1,5
2012-08-16,2012,8,16,509.85,1,5
2012-08-17,2012,8,17,1172.86,1,5
2012-08-18,2012,8,18,971.35,1,5
2012-08-19,2012,8,19,1012.7,1,5
2012-08-20,2012,8,20,1109.65,1,5
2012-08-21,2012,8,21,1052.14,1,5
2012-08-22,2012,8,22,1219.44,1,5
2012-08-23,2012,8,23,329.25,1,5
2012-08-24,2012,8,24,1280.75,1,5
2012-08-25,2012,8,25,1207.08,1,5
2012-08-26,2012,8,26,681.43,1,5
2012-08-27,2012,8,27,856.81,1,5
2012-08-28,2012,8,28,1132.94,1,5
2012-08-29,2012,8,29,1124.39,1,5
2012-08-30,2012,8,30,1176.19,1,5
2012-08-31,2012,8,31,1137.69,1,5
2012-09-01,2012,9,1,1114.88,1,5
2012-09-02,2012,9,2,1088.26,1,5
2012-09-03,2012,9,3,1181.89,1,5
2012-09-04,2012,9,4,440.94,1,5
2012-09-05,2012,9,5,1397.67,1,5
2012-09-06,2012,9,6,1360.12,1,5
2012-09-07,2012,9,7,1152.9,1,5
2012-09-08,2012,9,8,861.56,1,5
2012-09-09,2012,9,9,1205.66,1,5
2012-09-10,2012,9,10,1055.47,1,5
2012-09-11,2012,9,11,673.82,1,5
2012-09-12,2012,9,12,1273.62,1,5
2012-09-13,2012,9,13,1253.18,1,5
2012-09-14,2012,9,14,1076.38,1,5
2012-09-15,2012,9,15,1106.8,1,5
2012-09-16,2012,9,16,1105.37,1,5
2012-09-17,2012,9,17,1232.27,1,5
2012-09-18,2012,9,18,1178.09,1,5
2012-09-19,2012,9,19,1097.29,1,5
2012-09-20,2012,9,20,1307.84,1,5
2012-09-21,2012,9,21,1072.11,1,5
2012-09-22,2012,9,22,1084.46,1,5
2012-09-23,2012,9,23,1235.12,1,5
2012-09-24,2012,9,24,1115.83,1,5
2012-09-25,2012,9,25,1221.82,1,5
2012-09-26,2012,9,26,1142.45,1,5
2012-09-27,2012,9,27,1150.53,1,5
2012-09-28,2012,9,28,1285.5,1,5
2012-09-29,2012,9,29,1115.36,1,5
2012-09-30,2012,9,30,1037.89,1,5
2012-10-01,2012,10,1,1150.05,1,5
2012-10-02,2012,10,2,1234.17,1,5
2012-10-03,2012,10,3,1223.72,1,5
2012-10-04,2012,10,4,1249.38,1,5
2012-10-05,2012,10,5,1088.74,1,5
2012-10-06,2012,10,6,1166.21,1,5
2012-10-07,2012,10,7,1069.73,1,5
2012-10-08,2012,10,8,1160.03,1,5
2012-10-09,2012,10,9,1075.91,1,5
2012-10-10,2012,10,10,1217.54,1,5
2012-10-11,2012,10,11,1169.54,1,5
2012-10-12,2012,10,12,992.26,1,5
2012-10-13,2012,10,13,1140.54,1,5
2012-10-14,2012,10,14,1241.3,1,5
2012-10-15,2012,10,15,1389.11,1,5
2012-10-16,2012,10,16,1255.56,1,5
2012-10-17,2012,10,17,826.86,1,5
2012-10-18,2012,10,18,985.13,1,5
2012-10-19,2012,10,19,1386.26,1,5
2012-10-20,2012,10,20,1294.06,1,5
2012-10-21,2012,10,21,1271.25,1,5
2012-10-22,2012,10,22,1335.41,1,5
2012-10-23,2012,10,23,1341.11,1,5
2012-10-24,2012,10,24,1250.33,1,5
2012-10-25,2012,10,25,776.48,1,5
2012-10-26,2012,10,26,1136.74,1,5
2012-10-27,2012,10,27,1075.91,1,5
2012-10-28,2012,10,28,1267.92,1,5
2012-10-29,2012,10,29,1255.56,1,5
2012-10-30,2012,10,30,1230.85,1,5
2012-10-31,2012,10,31,1099.2,1,5
2012-11-01,2012,11,1,486.57,1,5
2012-11-02,2012,11,2,194.27,1,5
2012-11-03,2012,11,3,410.52,1,5
2012-11-04,2012,11,4,876.29,1,5
2012-11-05,2012,11,5,1103.47,1,5
2012-11-06,2012,11,6,1352.99,1,5
2012-11-07,2012,11,7,1130.56,1,5
2012-11-08,2012,11,8,1035.51,1,5
2012-11-09,2012,11,9,1228.47,1,5
2012-11-10,2012,11,10,1058.32,1,5
2012-11-11,2012,11,11,1245.58,1,5
2012-11-12,2012,11,12,1276.0,1,5
2012-11-13,2012,11,13,571.64,1,5
2012-11-14,2012,11,14,1287.4,1,5
2012-11-15,2012,11,15,1283.13,1,5
2012-11-16,2012,11,16,1124.86,1,5
2012-11-17,2012,11,17,249.88,1,5
2012-11-18,2012,11,18,1157.65,1,5
2012-11-19,2012,11,19,1090.64,1,5
2012-11-20,2012,11,20,1168.59,1,5
2012-11-21,2012,11,21,1042.16,1,5
2012-11-22,2012,11,22,1265.07,1,5
2012-11-23,2012,11,23,1164.31,1,5
2012-11-24,2012,11,24,1137.22,1,5
2012-11-25,2012,11,25,1125.34,1,5
2012-11-26,2012,11,26,415.28,1,5
2012-11-27,2012,11,27,1225.14,1,5
2012-11-28,2012,11,28,1038.84,1,5
2012-11-29,2012,11,29,793.59,1,5
2012-11-30,2012,11,30,1067.35,1,5
2012-12-01,2012,12,1,720.88,1,5
2012-12-02,2012,12,2,1081.61,1,5
2012-12-03,2012,12,3,1047.87,1,5
2012-12-04,2012,12,4,1039.79,1,5
2012-12-05,2012,12,5,1087.79,1,5
2012-12-06,2012,12,6,1073.53,1,5
2012-12-07,2012,12,7,996.54,1,5
2012-12-08,2012,12,8,1129.14,1,5
2012-12-09,2012,12,9,1087.31,1,5
2012-12-10,2012,12,10,1194.25,1,5
2012-12-11,2012,12,11,1323.05,1,5
2012-12-12,2012,12,12,1178.57,1,5
2012-12-13,2012,12,13,1088.74,1,5
2012-12-14,2012,12,14,1051.67,1,5
2012-12-15,2012,12,15,420.5,1,5
2012-12-16,2012,12,16,679.05,1,5
2012-12-17,2012,12,17,1352.52,1,5
2012-12-18,2012,12,18,944.26,1,5
2012-12-19,2012,12,19,1400.52,1,5
2012-12-20,2012,12,20,1080.18,1,5
2012-12-21,2012,12,21,1016.97,1,5
2012-12-22,2012,12,22,838.75,1,5
2012-12-23,2012,12,23,655.76,1,5
2012-12-24,2012,12,24,817.83,1,5
2012-12-25,2012,12,25,1277.9,1,5
2012-12-26,2012,12,26,414.8,1,5
2012-12-27,2012,12,27,178.59,1,5
2012-12-28,2012,12,28,1053.57,1,5
2012-12-29,2012,12,29,1117.73,1,5
2012-12-30,2012,12,30,878.19,1,5
2012-12-31,2012,12,31,1182.37,1,5
2013-01-01,2013,1,1,1108.23,1,5
2013-01-02,2013,1,2,1160.03,1,5
2013-01-03,2013,1,3,274.59,1,5
2013-01-04,2013,1,4,1225.62,1,5
2013-01-05,2013,1,5,1198.05,1,5
2013-01-06,2013,1,6,1019.82,1,5
2013-01-07,2013,1,7,1059.75,1,5
2013-01-08,2013,1,8,1041.21,1,5
2013-01-09,2013,1,9,1001.76,1,5
2013-01-10,2013,1,10,1065.93,1,5
2013-01-11,2013,1,11,1045.01,1,5
2013-01-12,2013,1,12,1168.11,1,5
2013-01-13,2013,1,13,1013.17,1,5
2013-01-14,2013,1,14,1123.43,1,5
2013-01-15,2013,1,15,1171.91,1,5
2013-01-16,2013,1,16,1088.74,1,5
2013-01-17,2013,1,17,1132.46,1,5
2013-01-18,2013,1,18,1120.11,1,5
2013-01-19,2013,1,19,1164.78,1,5
2013-01-20,2013,1,20,1160.03,1,5
2013-01-21,2013,1,21,1146.72,1,5
2013-01-22,2013,1,22,1111.08,1,5
2013-01-23,2013,1,23,1083.04,1,5
2013-01-24,2013,1,24,491.79,1,5
2013-01-25,2013,1,25,1191.87,1,5
2013-01-26,2013,1,26,1200.9,1,5
2013-01-27,2013,1,27,1205.18,1,5
2013-01-28,2013,1,28,1145.3,1,5
2013-01-29,2013,1,29,1296.91,1,5
2013-01-30,2013,1,30,1139.59,1,5
2013-01-31,2013,1,31,1081.61,1,5
2013-02-01,2013,2,1,1023.63,1,5
2013-02-02,2013,2,2,1131.04,1,5
2013-02-03,2013,2,3,89.24,1,5
2013-02-04,2013,2,4,1209.93,1,5
2013-02-05,2013,2,5,1029.33,1,5
2013-02-06,2013,2,6,633.43,1,5
2013-02-07,2013,2,7,391.99,1,5
2013-02-08,2013,2,8,1037.41,1,5
2013-02-09,2013,2,9,1135.32,1,5
2013-02-10,2013,2,10,1209.46,1,5
2013-02-11,2013,2,11,1213.74,1,5
2013-02-12,2013,2,12,1152.43,1,5
2013-02-13,2013,2,13,1168.11,1,5
2013-02-14,2013,2,14,1199.0,1,5
2013-02-15,2013,2,15,1411.93,1,5
2013-02-16,2013,2,16,1138.64,1,5
2013-02-17,2013,2,17,1254.14,1,5
2013-02-18,2013,2,18,1136.27,1,5
2013-02-19,2013,2,19,484.19,1,5
2013-02-20,2013,2,20,987.98,1,5
2013-02-21,2013,2,21,1065.93,1,5
2013-02-22,2013,2,22,1113.93,1,5
2013-02-23,2013,2,23,363.95,1,5
2013-02-24,2013,2,24,1304.04,1,5
2013-02-25,2013,2,25,1108.23,1,5
2013-02-26,2013,2,26,1110.6,1,5
2013-02-27,2013,2,27,1129.61,1,5
2013-02-28,2013,2,28,1027.9,1,5
2013-03-01,2013,3,1,1109.18,1,5
2013-03-02,2013,3,2,1103.0,1,5
2013-03-03,2013,3,3,1063.55,1,5
2013-03-04,2013,3,4,1202.33,1,5
2013-03-05,2013,3,5,1143.4,1,5
2013-03-06,2013,3,6,1152.43,1,5
2013-03-07,2013,3,7,1067.83,1,5
2013-03-08,2013,3,8,1133.89,1,5
2013-03-09,2013,3,9,1145.3,1,5
2013-03-10,2013,3,10,1171.44,1,5
2013-03-11,2013,3,11,1208.98,1,5
2013-03-12,2013,3,12,1074.96,1,5
2013-03-13,2013,3,13,1232.27,1,5
2013-03-14,2013,3,14,1215.16,1,5
2013-03-15,2013,3,15,1182.37,1,5
2013-03-16,2013,3,16,1196.63,1,5
2013-03-17,2013,3,17,1117.73,1,5
2013-03-18,2013,3,18,1190.45,1,5
2013-03-19,2013,3,19,1117.26,1,5
2013-03-20,2013,3,20,1114.88,1,5
2013-03-21,2013,3,21,1081.61,1,5
2013-03-22,2013,3,22,1141.5,1,5
2013-03-23,2013,3,23,1361.07,1,5
2013-03-24,2013,3,24,1129.61,1,5
2013-03-25,2013,3,25,1067.35,1,5
2013-03-26,2013,3,26,1196.63,1,5
2013-03-27,2013,3,27,1259.36,1,5
2013-03-28,2013,3,28,1201.86,1,5
2013-03-29,2013,3,29,1170.49,1,5
2013-03-30,2013,3,30,1363.45,1,5
2013-03-31,2013,3,31,1341.59,1,5
2013-04-01,2013,4,1,1063.07,1,5
2013-04-02,2013,4,2,181.92,1,5
2013-04-03,2013,4,3,788.37,1,5
2013-04-04,2013,4,4,1283.13,1,5
2013-04-05,2013,4,5,848.73,1,5
2013-04-06,2013,4,6,526.96,1,5
2013-04-07,2013,4,7,1221.34,1,5
2013-04-08,2013,4,8,1131.99,1,5
2013-04-09,2013,4,9,1114.4,1,5
2013-04-10,2013,4,10,1168.11,1,5
2013-04-11,2013,4,11,1157.65,1,5
2013-04-12,2013,4,12,1148.62,1,5
2013-04-13,2013,4,13,1142.45,1,5
2013-04-14,2013,4,14,1177.62,1,5
2013-04-15,2013,4,15,1169.54,1,5
2013-04-16,2013,4,16,590.65,1,5
2013-04-17,2013,4,17,1156.7,1,5
2013-04-18,2013,4,18,1193.3,1,5
2013-04-19,2013,4,19,1229.9,1,5
2013-04-20,2013,4,20,1190.45,1,5
2013-04-21,2013,4,21,1131.99,1,5
2013-04-22,2013,4,22,1042.16,1,5
2013-04-23,2013,4,23,1036.93,1,5
2013-04-24,2013,4,24,913.36,1,5
2013-04-25,2013,4,25,1167.64,1,5
2013-04-26,2013,4,26,1016.5,1,5
2013-04-27,2013,4,27,963.27,1,5
2013-04-28,2013,4,28,1004.14,1,5
2013-04-29,2013,4,29,1094.92,1,5
2013-04-30,2013,4,30,1249.38,1,5
2013-05-01,2013,5,1,1151.0,1,5
2013-05-02,2013,5,2,1056.9,1,5
2013-05-03,2013,5,3,821.64,1,5
2013-05-04,2013,5,4,1178.09,1,5
2013-05-05,2013,5,5,278.87,1,5
2013-05-06,2013,5,6,1084.94,1,5
2013-05-07,2013,5,7,1001.29,1,1
2013-05-08,2013,5,8,525.06,2,1
2013-05-09,2013,5,9,301.6,2,1
2013-05-10,2013,5,10,877.95,2,1
2013-05-11,2013,5,11,879.62,2,1
2013-05-12,2013,5,12,1095.59,2,1
2013-05-13,2013,5,13,1014.86,2,1
2013-05-14,2013,5,14,1056.48,2,1
2013-05-15,2013,5,15,950.36,2,1
2013-05-16,2013,5,16,,0,0
2013-05-17,2013,5,17,1049.82,2,1
2013-05-18,2013,5,18,1123.47,2,1
2013-05-19,2013,5,19,1086.85,2,1
2013-05-20,2013,5,20,1133.05,2,1
2013-05-21,2013,5,21,1128.05,2,1
2013-05-22,2013,5,22,1125.56,2,1
2013-05-23,2013,5,23,947.03,2,1
2013-05-24,2013,5,24,1063.97,2,1
2013-05-25,2013,5,25,990.73,2,1
2013-05-26,2013,5,26,952.44,2,1
2013-05-27,2013,5,27,1006.54,2,1
2013-05-28,2013,5,28,1202.54,2,1
2013-05-29,2013,5,29,991.14,2,1
2013-05-30,2013,5,30,954.11,2,1
2013-05-31,2013,5,31,1117.65,2,1
2013-06-01,2013,6,1,999.88,2,1
2013-06-02,2013,6,2,1070.62,2,1
2013-06-03,2013,6,3,1083.94,2,1
2013-06-04,2013,6,4,890.44,2,1
2013-06-05,2013,6,5,1032.34,2,1
2013-06-06,2013,6,6,1011.95,2,1
2013-06-07,2013,6,7,953.69,2,1
2013-06-08,2013,6,8,1076.03,2,1
2013-06-09,2013,6,9,338.22,2,1
2013-06-10,2013,6,10,943.7,2,1
2013-06-11,2013,6,11,380.25,2,1
2013-06-12,2013,6,12,976.16,2,1
2013-06-13,2013,6,13,1057.31,2,1
2013-06-14,2013,6,14,904.58,2,1
2013-06-15,2013,6,15,1177.16,2,1
2013-06-16,2013,6,16,924.14,2,1
2013-06-17,2013,6,17,919.98,2,1
2013-06-18,2013,6,18,994.89,2,1
2013-06-19,2013,6,19,906.67,2,1
2013-06-20,2013,6,20,917.07,2,1
2013-06-21,2013,6,21,967.42,2,1
2013-06-22,2013,6,22,999.46,2,1
2013-06-23,2013,6,23,979.07,2,1
2013-06-24,2013,6,24,1053.98,2,1
2013-06-25,2013,6,25,944.95,2,1
2013-06-26,2013,6,26,1272.45,2,1
2013-06-27,2013,6,27,1123.89,2,1
2013-06-28,2013,6,28,973.25,2,1
2013-06-29,2013,6,29,1185.48,2,1
2013-06-30,2013,6,30,999.88,2,1
2013-07-01,2013,7,1,996.55,2,1
2013-07-02,2013,7,2,833.01,2,1
2013-07-03,2013,7,3,852.57,2,1
2013-07-04,2013,7,4,917.07,2,1
2013-07-05,2013,7,5,894.18,2,1
2013-07-06,2013,7,6,1168.42,2,1
2013-07-07,2013,7,7,1014.86,2,1
2013-07-08,2013,7,8,1071.87,2,1
2013-07-09,2013,7,9,1194.22,2,1
2013-07-10,2013,7,10,1019.02,2,1
2013-07-11,2013,7,11,1014.86,2,1
2013-07-12,2013,7,12,1070.21,2,1
2013-07-13,2013,7,13,605.38,2,1
2013-07-14,2013,7,14,442.67,2,1
2013-07-15,2013,7,15,1067.3,2,1
2013-07-16,2013,7,16,974.5,2,1
2013-07-17,2013,7,17,1005.71,2,1
2013-07-18,2013,7,18,974.5,2,1
2013-07-19,2013,7,19,982.82,2,1
2013-07-20,2013,7,20,1014.03,2,1
2013-07-21,2013,7,21,1113.9,2,1
2013-07-22,2013,7,22,1059.81,2,1
2013-07-23,2013,7,23,1084.77,2,1
2013-07-24,2013,7,24,1050.23,2,1
2013-07-25,2013,7,25,972.0,2,1
2013-07-26,2013,7,26,1044.41,2,1
2013-07-27,2013,7,27,1130.97,2,1
2013-07-28,2013,7,28,928.3,2,1
2013-07-29,2013,7,29,1079.36,2,1
2013-07-30,2013,7,30,1155.52,2,1
2013-07-31,2013,7,31,1060.64,2,1
2013-08-01,2013,8,1,1136.79,2,1
2013-08-02,2013,8,2,1059.39,2,1
2013-08-03,2013,8,3,345.71,2,1
2013-08-04,2013,8,4,625.35,2,1
2013-08-05,2013,8,5,663.64,2,1
2013-08-06,2013,8,6,829.26,2,1
2013-08-07,2013,8,7,621.19,2,1
2013-08-08,2013,8,8,1227.93,2,1
2013-08-09,2013,8,9,1033.17,2,1
2013-08-10,2013,8,10,1081.03,2,1
2013-08-11,2013,8,11,1198.8,2,1
2013-08-12,2013,8,12,989.48,2,1
2013-08-13,2013,8,13,1079.78,2,1
2013-08-14,2013,8,14,1114.74,2,1
2013-08-15,2013,8,15,1066.88,2,1
2013-08-16,2013,8,16,1037.75,2,1
2013-08-17,2013,8,17,1045.66,2,1
2013-08-18,2013,8,18,620.36,2,1
2013-08-19,2013,8,19,1115.57,2,1
2013-08-20,2013,8,20,596.22,2,1
2013-08-21,2013,8,21,1071.87,2,1
2013-08-22,2013,8,22,1043.16,2,1
2013-08-23,2013,8,23,1125.14,2,1
2013-08-24,2013,8,24,1034.0,2,1
2013-08-25,2013,8,25,996.14,2,1
2013-08-26,2013,8,26,1031.92,2,1
2013-08-27,2013,8,27,511.75,2,1
2013-08-28,2013,8,28,662.39,2,1
2013-08-29,2013,8,29,1102.67,2,1
2013-08-30,2013,8,30,992.39,2,1
2013-08-31,2013,8,31,1146.36,2,1
2013-09-01,2013,9,1,980.74,2,1
2013-09-02,2013,9,2,961.6,2,1
2013-09-03,2013,9,3,739.38,2,1
2013-09-04,2013,9,4,1144.28,2,1
2013-09-05,2013,9,5,1173.83,2,1
2013-09-06,2013,9,6,1063.55,2,1
2013-09-07,2013,9,7,1105.58,2,1
2013-09-08,2013,9,8,1166.75,2,1
2013-09-09,2013,9,9,1126.39,2,1
2013-09-10,2013,9,10,929.97,2,1
2013-09-11,2013,9,11,988.23,2,1
2013-09-12,2013,9,12,732.3,2,1
2013-09-13,2013,9,13,674.04,2,1
2013-09-14,2013,9,14,1174.24,2,1
2013-09-15,2013,9,15,1056.06,2,1
2013-09-16,2013,9,16,1078.53,2,1
2013-09-17,2013,9,17,1316.56,2,1
2013-09-18,2013,9,18,1096.01,2,1
2013-09-19,2013,9,19,1071.04,2,1
2013-09-20,2013,9,20,1065.21,2,1
2013-09-21,2013,9,21,1077.7,2,1
2013-09-22,2013,9,22,1099.75,2,1
2013-09-23,2013,9,23,1044.82,2,1
2013-09-24,2013,9,24,1153.44,2,1
2013-09-25,2013,9,25,1129.3,2,1
2013-09-26,2013,9,26,1136.38,2,1
2013-09-27,2013,9,27,1059.81,2,1
2013-09-28,2013,9,28,1081.03,2,1
2013-09-29,2013,9,29,1136.79,2,1
2013-09-30,2013,9,30,1040.25,2,1
2013-10-01,2013,10,1,1098.51,2,1
2013-10-02,2013,10,2,991.56,2,1
2013-10-03,2013,10,3,1312.82,2,1
2013-10-04,2013,10,4,1150.11,2,1
2013-10-05,2013,10,5,1096.01,2,1
2013-10-06,2013,10,6,1077.28,2,1
2013-10-07,2013,10,7,1230.84,2,1
2013-10-08,2013,10,8,446.0,2,1
2013-10-09,2013,10,9,1291.6,2,1
2013-10-10,2013,10,10,1179.24,2,1
2013-10-11,2013,10,11,1101.84,2,1
2013-10-12,2013,10,12,1081.03,2,1
2013-10-13,2013,10,13,1163.42,2,1
2013-10-14,2013,10,14,1155.93,2,1
2013-10-15,2013,10,15,1179.24,2,1
2013-10-16,2013,10,16,1083.11,2,1
2013-10-17,2013,10,17,185.91,2,1
2013-10-18,2013,10,18,942.04,2,1
2013-10-19,2013,10,19,635.76,2,1
2013-10-20,2013,10,20,1097.67,2,1
2013-10-21,2013,10,21,1109.33,2,1
2013-10-22,2013,10,22,1141.79,2,1
2013-10-23,2013,10,23,1061.05,2,1
2013-10-24,2013,10,24,1199.21,2,1
2013-10-25,2013,10,25,1200.88,2,1
2013-10-26,2013,10,26,1325.72,2,1
2013-10-27,2013,10,27,1037.33,2,1
2013-10-28,2013,10,28,1080.2,2,1
2013-10-29,2013,10,29,1080.2,2,1
2013-10-30,2013,10,30,1256.64,2,1
2013-10-31,2013,10,31,1193.8,2,1
2013-11-01,2013,11,1,1107.66,2,1
2013-11-02,2013,11,2,1242.08,2,1
2013-11-03,2013,11,3,1207.12,2,1
2013-11-04,2013,11,4,1222.1,2,1
2013-11-05,2013,11,5,1275.78,2,1
2013-11-06,2013,11,6,1163.84,2,1
2013-11-07,2013,11,7,1255.39,2,1
2013-11-08,2013,11,8,722.73,2,1
2013-11-09,2013,11,9,1198.8,2,1
2013-11-10,2013,11,10,1061.89,2,1
2013-11-11,2013,11,11,999.05,2,1
2013-11-12,2013,11,12,1129.3,2,1
2013-11-13,2013,11,13,1075.62,2,1
2013-11-14,2013,11,14,1130.13,2,1
2013-11-15,2013,11,15,1058.56,2,1
2013-11-16,2013,11,16,1226.68,2,1
2013-11-17,2013,11,17,1024.02,2,1
2013-11-18,2013,11,18,1009.45,2,1
2013-11-19,2013,11,19,780.99,2,1
2013-11-20,2013,11,20,945.37,2,1
2013-11-21,2013,11,21,1001.55,2,1
2013-11-22,2013,11,22,997.38,2,1
2013-11-23,2013,11,23,912.91,2,1
2013-11-24,2013,11,24,1108.91,2,1
2013-11-25,2013,11,25,1125.14,2,1
2013-11-26,2013,11,26,1129.72,2,1
2013-11-27,2013,11,27,1095.59,2,1
2013-11-28,2013,11,28,929.55,2,1
2013-11-29,2013,11,29,929.97,2,1
2013-11-30,2013,11,30,293.69,2,1
2013-12-01,2013,12,1,1068.96,2,1
2013-12-02,2013,12,2,795.56,2,1
2013-12-03,2013,12,3,1185.06,2,1
2013-12-04,2013,12,4,934.55,2,1
2013-12-05,2013,12,5,991.56,2,1
2013-12-06,2013,12,6,1058.14,2,1
2013-12-07,2013,12,7,1123.89,2,1
2013-12-08,2013,12,8,1124.72,2,1
2013-12-09,2013,12,9,341.55,2,1
2013-12-10,2013,12,10,1010.28,2,1
2013-12-11,2013,12,11,820.11,2,1
2013-12-12,2013,12,12,891.68,2,1
2013-12-13,2013,12,13,899.59,2,1
2013-12-14,2013,12,14,984.9,2,1
2013-12-15,2013,12,15,923.31,2,1
2013-12-16,2013,12,16,843.0,2,1
2013-12-17,2013,12,17,805.96,2,1
2013-12-18,2013,12,18,936.63,2,1
2013-12-19,2013,12,19,956.6,2,1
2013-12-20,2013,12,20,926.22,2,1
2013-12-21,2013,12,21,868.8,2,1
2013-12-22,2013,12,22,1001.96,2,1
2013-12-23,2013,12,23,985.73,2,1
2013-12-24,2013,12,24,1043.58,2,1
2013-12-25,2013,12,25,905.0,2,1
2013-12-26,2013,12,26,851.73,2,1
2013-12-27,2013,12,27,557.11,2,1
2013-12-28,2013,12,28,805.13,2,1
2013-12-29,2013,12,29,375.67,2,1
2013-12-30,2013,12,30,964.51,2,1
2013-12-31,2013,12,31,1019.02,2,1
2014-01-01,2014,1,1,1013.61,2,1
2014-01-02,2014,1,2,1008.2,2,1
2014-01-03,2014,1,3,747.7,2,1
2014-01-04,2014,1,4,1038.58,2,1
2014-01-05,2014,1,5,1069.38,2,1
2014-01-06,2014,1,6,491.36,2,1
2014-01-07,2014,1,7,780.57,2,1
2014-01-08,2014,1,8,1139.7,2,1
2014-01-09,2014,1,9,1140.95,2,1
2014-01-10,2014,1,10,1085.61,2,1
2014-01-11,2014,1,11,1101.84,2,1
2014-01-12,2014,1,12,1002.38,2,1
2014-01-13,2014,1,13,983.24,2,1
2014-01-14,2014,1,14,1104.75,2,1
2014-01-15,2014,1,15,1096.43,2,1
2014-01-16,2014,1,16,1293.26,2,1
2014-01-17,2014,1,17,1092.68,2,1
2014-01-18,2014,1,18,1093.93,2,1
2014-01-19,2014,1,19,850.9,2,1
2014-01-20,2014,1,20,1055.23,2,1
2014-01-21,2014,1,21,1136.79,2,1
2014-01-22,2014,1,22,914.16,2,1
2014-01-23,2014,1,23,1105.58,2,1
2014-01-24,2014,1,24,1042.33,2,1
2014-01-25,2014,1,25,1073.95,2,1
2014-01-26,2014,1,26,1147.61,2,1
2014-01-27,2014,1,27,1027.76,2,1
2014-01-28,2014,1,28,1120.98,2,1
2014-01-29,2014,1,29,1152.19,2,1
2014-01-30,2014,1,30,1282.86,2,1
2015-05-07,2015,5,7,1120.37,1,5
2015-05-08,2015,5,8,1050.8,1,5
2015-05-09,2015,5,9,1091.64,1,5
2015-05-10,2015,5,10,957.44,1,5
2015-05-11,2015,5,11,1264.89,1,5
2015-05-12,2015,5,12,576.38,1,5
2015-05-13,2015,5,13,1195.77,1,5
2015-05-14,2015,5,14,1207.89,1,5
2015-05-15,2015,5,15,961.03,1,5
2015-05-16,2015,5,16,1023.87,1,5
2015-05-17,2015,5,17,1066.06,1,5
2015-05-18,2015,5,18,1044.51,1,5
2015-05-19,2015,5,19,1101.96,1,5
2015-05-20,2015,5,20,1140.11,1,5
2015-05-21,2015,5,21,970.46,1,5
2015-05-22,2015,5,22,995.59,1,5
2015-05-23,2015,5,23,1020.72,1,5
2015-05-24,2015,5,24,424.67,1,5
2015-05-25,2015,5,25,1037.78,1,5
2015-05-26,2015,5,26,1144.6,1,5
2015-05-27,2015,5,27,1088.05,1,5
2015-05-28,2015,5,28,1031.5,1,5
2015-05-29,2015,5,29,1040.02,1,5
2015-05-30,2015,5,30,974.49,1,5
2015-05-31,2015,5,31,930.96,1,5
2015-06-01,2015,6,1,944.87,1,5
2015-06-02,2015,6,2,1057.08,1,5
2015-06-03,2015,6,3,1053.94,1,5
2015-06-04,2015,6,4,943.97,1,5
2015-06-05,2015,6,5,955.19,1,5
2015-06-06,2015,6,6,1089.85,1,5
2015-06-07,2015,6,7,952.05,1,5
2015-06-08,2015,6,8,807.98,1,5
2015-06-09,2015,6,9,996.04,1,5
2015-06-10,2015,6,10,844.78,1,5
2015-06-11,2015,6,11,912.11,1,5
2015-06-12,2015,6,12,1184.55,1,5
2015-06-13,2015,6,13,203.85,1,5
2015-06-14,2015,6,14,508.16,1,5
2015-06-15,2015,6,15,1203.85,1,5
2015-06-16,2015,6,16,429.16,1,5
2015-06-17,2015,6,17,1086.25,1,5
2015-06-18,2015,6,18,1000.98,1,5
2015-06-19,2015,6,19,,0,0
2015-06-20,2015,6,20,1022.52,1,5
2015-06-21,2015,6,21,1004.57,1,5
2015-06-22,2015,6,22,1022.07,1,5
2015-06-23,2015,6,23,1055.28,1,5
2015-06-24,2015,6,24,1029.7,1,5
2015-06-25,2015,6,25,961.03,1,5
2015-06-26,2015,6,26,918.39,1,5
2015-06-27,2015,6,27,904.03,1,5
2015-06-28,2015,6,28,975.39,1,5
2015-06-29,2015,6,29,1036.88,1,5
2015-06-30,2015,6,30,1034.19,1,5
2015-07-01,2015,7,1,1042.27,1,5
2015-07-02,2015,7,2,1087.15,1,5
2015-07-03,2015,7,3,981.68,1,5
2015-07-04,2015,7,4,1226.29,1,5
2015-07-05,2015,7,5,871.26,1,5
2015-07-06,2015,7,6,1149.09,1,5
2015-07-07,2015,7,7,329.97,1,5
2015-07-08,2015,7,8,1145.05,1,5
2015-07-09,2015,7,9,987.96,1,5
2015-07-10,2015,7,10,1006.36,1,5
2015-07-11,2015,7,11,1050.35,1,5
2015-07-12,2015,7,12,,0,0
2015-07-13,2015,7,13,1092.54,1,5
2015-07-14,2015,7,14,952.05,1,5
2015-07-15,2015,7,15,720.9,1,5
2015-07-16,2015,7,16,1114.98,1,5
2015-07-17,2015,7,17,825.93,1,5
2015-07-18,2015,7,18,1095.23,1,5
2015-07-19,2015,7,19,908.52,1,5
2015-07-20,2015,7,20,934.1,1,5
2015-07-21,2015,7,21,804.39,1,5
2015-07-22,2015,7,22,1022.52,1,5
2015-07-23,2015,7,23,909.41,1,5
2015-07-24,2015,7,24,,0,0
2015-07-25,2015,7,25,1105.55,1,5
2015-07-26,2015,7,26,1246.94,1,5
2015-07-27,2015,7,27,1067.85,1,5
2015-07-28,2015,7,28,1012.2,1,5
2015-07-29,2015,7,29,1158.07,1,5
2015-07-30,2015,7,30,398.64,1,5
2015-07-31,2015,7,31,633.83,1,5
2015-08-01,2015,8,1,537.33,1,5
2015-08-02,2015,8,2,1051.69,1,5
2015-08-03,2015,8,3,1025.21,1,5
2015-08-04,2015,8,4,1051.25,1,5
2015-08-05,2015,8,5,1084.01,1,5
2015-08-06,2015,8,6,1047.21,1,5
2015-08-07,2015,8,7,657.17,1,5
2015-08-08,2015,8,8,1120.37,1,5
2015-08-09,2015,8,9,1214.62,1,5
2015-08-10,2015,8,10,535.09,1,5
2015-08-11,2015,8,11,997.39,1,5
2015-08-12,2015,8,12,423.77,1,5
2015-08-13,2015,8,13,1197.57,1,5
2015-08-14,2015,8,14,1095.68,1,5
2015-08-15,2015,8,15,1248.28,1,5
2015-08-16,2015,8,16,1174.67,1,5
2015-08-17,2015,8,17,1188.59,1,5
2015-08-18,2015,8,18,1175.57,1,5
2015-08-19,2015,8,19,1073.69,1,5
2015-08-20,2015,8,20,1263.1,1,5
2015-08-21,2015,8,21,999.63,1,5
2015-08-22,2015,8,22,1035.99,1,5
2015-08-23,2015,8,23,1119.92,1,5
2015-08-24,2015,8,24,1094.78,1,5
2015-08-25,2015,8,25,1129.34,1,5
2015-08-26,2015,8,26,1062.02,1,5
2015-08-27,2015,8,27,1110.49,1,5
2015-08-28,2015,8,28,1014.89,1,5
2015-08-29,2015,8,29,653.58,1,5
2015-08-30,2015,8,30,1163.45,1,5
2015-08-31,2015,8,31,1196.22,1,5
2015-09-01,2015,9,1,281.94,1,5
2015-09-02,2015,9,2,1054.84,1,5
2015-09-03,2015,9,3,963.72,1,5
2015-09-04,2015,9,4,1118.12,1,5
2015-09-05,2015,9,5,732.12,1,5
2015-09-06,2015,9,6,1009.05,1,5
2015-09-07,2015,9,7,781.5,1,5
2015-09-08,2015,9,8,1280.6,1,5
2015-09-09,2015,9,9,714.62,1,5
2015-09-10,2015,9,10,1150.44,1,5
2015-09-11,2015,9,11,1086.25,1,5
2015-09-12,2015,9,12,1119.47,1,5
2015-09-13,2015,9,13,649.09,1,5
2015-09-14,2015,9,14,1211.48,1,5
2015-09-15,2015,9,15,946.67,1,5
2015-09-16,2015,9,16,1050.8,1,5
2015-09-17,2015,9,17,1162.11,1,5
2015-09-18,2015,9,18,1106.45,1,5
2015-09-19,2015,9,19,1100.62,1,5
2015-09-20,2015,9,20,1051.69,1,5
2015-09-21,2015,9,21,782.84,1,5
2015-09-22,2015,9,22,805.73,1,5
2015-09-23,2015,9,23,833.11,1,5
2015-09-24,2015,9,24,1106.45,1,5
2015-09-25,2015,9,25,1084.01,1,5
2015-09-26,2015,9,26,386.52,1,5
2015-09-27,2015,9,27,1241.1,1,5
2015-09-28,2015,9,28,1348.37,1,5
2015-09-29,2015,9,29,1151.34,1,5
2015-09-30,2015,9,30,1233.02,1,5
2015-10-01,2015,10,1,1186.34,1,5
2015-10-02,2015,10,2,1132.93,1,5
2015-10-03,2015,10,3,1105.11,1,5
2015-10-04,2015,10,4,1071.89,1,5
2015-10-05,2015,10,5,1222.7,1,5
2015-10-06,2015,10,6,921.53,1,5
2015-10-07,2015,10,7,1175.57,1,5
2015-10-08,2015,10,8,829.07,1,5
2015-10-09,2015,10,9,1253.67,1,5
2015-10-10,2015,10,10,1075.48,1,5
2015-10-11,2015,10,11,1063.36,1,5
2015-10-12,2015,10,12,1218.21,1,5
2015-10-13,2015,10,13,596.13,1,5
2015-10-14,2015,10,14,1032.39,1,5
2015-10-15,2015,10,15,1369.92,1,5
2015-10-16,2015,10,16,1120.81,1,5
2015-10-17,2015,10,17,1099.72,1,5
2015-10-18,2015,10,18,1226.29,1,5
2015-10-19,2015,10,19,750.98,1,5
2015-10-20,2015,10,20,861.39,1,5
2015-10-21,2015,10,21,1053.04,1,5
2015-10-22,2015,10,22,1003.22,1,5
2015-10-23,2015,10,23,1092.09,1,5
2015-10-24,2015,10,24,614.98,1,5
2015-10-25,2015,10,25,1151.34,1,5
2015-10-26,2015,10,26,916.6,1,5
2015-10-27,2015,10,27,989.76,1,5
2015-10-28,2015,10,28,685.0,1,5
2015-10-29,2015,10,29,1162.11,1,5
2015-10-30,2015,10,30,978.98,1,5
2015-10-31,2015,10,31,1000.08,1,5
2015-11-01,2015,11,1,1071.89,1,5
2015-11-02,2015,11,2,1097.03,1,5
2015-11-03,2015,11,3,1136.97,1,5
2015-11-04,2015,11,4,1005.02,1,5
2015-11-05,2015,11,5,1234.37,1,5
2015-11-06,2015,11,6,1348.82,1,5
2015-11-07,2015,11,7,1183.65,1,5
2015-11-08,2015,11,8,1092.54,1,5
2015-11-09,2015,11,9,1242.9,1,5
2015-11-10,2015,11,10,1237.51,1,5
2015-11-11,2015,11,11,721.35,1,5
2015-11-12,2015,11,12,319.2,1,5
2015-11-13,2015,11,13,746.04,1,5
2015-11-14,2015,11,14,1303.94,1,5
2015-11-15,2015,11,15,260.85,1,5
2015-11-16,2015,11,16,1283.74,1,5
2015-11-17,2015,11,17,1134.73,1,5
2015-11-18,2015,11,18,1139.67,1,5
2015-11-19,2015,11,19,1059.77,1,5
2015-11-20,2015,11,20,1358.7,1,5
2015-11-21,2015,11,21,1191.28,1,5
2015-11-22,2015,11,22,1178.27,1,5
2015-11-23,2015,11,23,558.43,1,5
2015-11-24,2015,11,24,1291.82,1,5
2015-11-25,2015,11,25,950.71,1,5
2015-11-26,2015,11,26,1118.12,1,5
2015-11-27,2015,11,27,501.42,1,5
2015-11-28,2015,11,28,663.45,1,5
2015-11-29,2015,11,29,1188.59,1,5
2015-11-30,2015,11,30,609.59,1,5
2015-12-01,2015,12,1,1099.27,1,5
2015-12-02,2015,12,2,526.11,1,5
2015-12-03,2015,12,3,1360.04,1,5
2015-12-04,2015,12,4,486.61,1,5
2015-12-05,2015,12,5,633.38,1,5
2015-12-06,2015,12,6,1112.29,1,5
2015-12-07,2015,12,7,1179.16,1,5
2015-12-08,2015,12,8,1119.92,1,5
2015-12-09,2015,12,9,1230.33,1,5
2015-12-10,2015,12,10,1110.04,1,5
2015-12-11,2015,12,11,1132.04,1,5
2015-12-12,2015,12,12,547.2,1,5
2015-12-13,2015,12,13,1241.1,1,5
2015-12-14,2015,12,14,1036.88,1,5
2015-12-15,2015,12,15,1248.28,1,5
2015-12-16,2015,12,16,1073.24,1,5
2015-12-17,2015,12,17,1077.73,1,5
2015-12-18,2015,12,18,1034.64,1,5
2015-12-19,2015,12,19,1031.95,1,5
2015-12-20,2015,12,20,1138.77,1,5
2015-12-21,2015,12,21,1044.51,1,5
2015-12-22,2015,12,22,1035.54,1,5
2015-12-23,2015,12,23,1181.41,1,5
2015-12-24,2015,12,24,1049.45,1,5
2015-12-25,2015,12,25,1110.04,1,5
2015-12-26,2015,12,26,1129.79,1,5
2015-12-27,2015,12,27,1209.68,1,5
2015-12-28,2015,12,28,1063.36,1,5
2015-12-29,2015,12,29,1111.84,1,5
2015-12-30,2015,12,30,1067.85,1,5
2015-12-31,2015,12,31,1141.46,1,5
2016-01-01,2016,1,1,1170.64,1,5
2016-01-02,2016,1,2,1180.06,1,5
2016-01-03,2016,1,3,1175.57,1,5
2016-01-04,2016,1,4,1079.07,1,5
2016-01-05,2016,1,5,1025.21,1,5
2016-01-06,2016,1,6,1131.59,1,5
2016-01-07,2016,1,7,1029.7,1,5
2016-01-08,2016,1,8,1337.15,1,5
2016-01-09,2016,1,9,1196.22,1,5
2016-01-10,2016,1,10,1214.62,1,5
2016-01-11,2016,1,11,1274.76,1,5
2016-01-12,2016,1,12,1131.14,1,5
2016-01-13,2016,1,13,199.81,1,5
2016-01-14,2016,1,14,970.01,1,5
2016-01-15,2016,1,15,1217.76,1,5
2016-01-16,2016,1,16,1152.23,1,5
2016-01-17,2016,1,17,557.53,1,5
2016-01-18,2016,1,18,1087.6,1,5
2016-01-19,2016,1,19,1316.06,1,5
2016-01-20,2016,1,20,1203.85,1,5
2016-01-21,2016,1,21,1126.65,1,5
2016-01-22,2016,1,22,1099.27,1,5
2016-01-23,2016,1,23,1220.01,1,5
2016-01-24,2016,1,24,1158.97,1,5
2016-01-25,2016,1,25,1079.52,1,5
2016-01-26,2016,1,26,1036.43,1,5
2016-01-27,2016,1,27,1126.65,1,5
2016-01-28,2016,1,28,1101.51,1,5
2016-01-29,2016,1,29,987.06,1,5
2016-01-30,2016,1,30,1109.15,1,5
2016-01-31,2016,1,31,1124.85,1,5
2016-02-01,2016,2,1,1242.0,1,5
2016-02-02,2016,2,2,1196.67,1,5
2016-02-03,2016,2,3,1179.61,1,5
2016-02-04,2016,2,4,1182.75,1,5
2016-02-05,2016,2,5,1051.69,1,5
2016-02-06,2016,2,6,1187.24,1,5
2016-02-07,2016,2,7,509.95,1,5
2016-02-08,2016,2,8,1153.58,1,5
2016-02-09,2016,2,9,296.31,1,5
2016-02-10,2016,2,10,811.12,1,5
2016-02-11,2016,2,11,1139.67,1,5
2016-02-12,2016,2,12,1255.47,1,5
2016-02-13,2016,2,13,1171.98,1,5
2016-02-14,2016,2,14,1038.68,1,5
2016-02-15,2016,2,15,1150.44,1,5
2016-02-16,2016,2,16,1057.08,1,5
2016-02-17,2016,2,17,1089.4,1,5
2016-02-18,2016,2,18,1077.73,1,5
2016-02-19,2016,2,19,1267.13,1,5
2016-02-20,2016,2,20,1227.19,1,5
2016-02-21,2016,2,21,1171.98,1,5
2016-02-22,2016,2,22,1129.79,1,5
2016-02-23,2016,2,23,1014.89,1,5
2016-02-24,2016,2,24,1209.68,1,5
2016-02-25,2016,2,25,1179.61,1,5
2016-02-26,2016,2,26,1325.03,1,5
2016-02-27,2016,2,27,1244.69,1,5
2016-02-28,2016,2,28,,0,0
2016-02-29,2016,2,29,1194.63,2,1
2016-03-01,2016,3,1,1232.68,2,1
2016-03-02,2016,3,2,1182.54,2,1
2016-03-03,2016,3,3,1237.15,2,1
2016-03-04,2016,3,4,1198.66,2,1
2016-03-05,2016,3,5,1276.99,2,1
2016-03-06,2016,3,6,1159.26,2,1
2016-03-07,2016,3,7,471.68,2,1
2016-03-08,2016,3,8,1173.59,2,1
2016-03-09,2016,3,9,1225.07,2,1
2016-03-10,2016,3,10,1211.64,2,1
2016-03-11,2016,3,11,1092.12,2,1
2016-03-12,2016,3,12,1136.88,2,1
2016-03-13,2016,3,13,1134.64,2,1
2016-03-14,2016,3,14,1179.86,2,1
2016-03-15,2016,3,15,1162.85,2,1
2016-03-16,2016,3,16,870.53,2,1
2016-03-17,2016,3,17,704.46,2,1
2016-03-18,2016,3,18,1213.88,2,1
2016-03-19,2016,3,19,1240.29,2,1
2016-03-20,2016,3,20,790.4,2,1
2016-03-21,2016,3,21,192.35,2,1
2016-03-22,2016,3,22,1326.24,2,1
2016-03-23,2016,3,23,,2,1
2016-03-24,2016,3,24,1271.62,2,1
2016-03-25,2016,3,25,1203.58,2,1
2016-03-26,2016,3,26,1245.21,2,1
2016-03-27,2016,3,27,1189.26,2,1
2016-03-28,2016,3,28,1064.36,2,1
2016-03-29,2016,3,29,1111.37,2,1
2016-03-30,2016,3,30,1310.57,2,1
2016-03-31,2016,3,31,1170.9,2,1
2016-04-01,2016,4,1,1271.18,2,1
2016-04-02,2016,4,2,1153.44,2,1
2016-04-03,2016,4,3,1226.86,2,1
2016-04-04,2016,4,4,1044.67,2,1
2016-04-05,2016,4,5,1312.36,2,1
2016-04-06,2016,4,6,1115.84,2,1
2016-04-07,2016,4,7,1052.72,2,1
2016-04-08,2016,4,8,1071.08,2,1
2016-04-09,2016,4,9,1195.97,2,1
2016-04-10,2016,4,10,1061.68,2,1
2016-04-11,2016,4,11,1049.14,2,1
2016-04-12,2016,4,12,1115.84,2,1
2016-04-13,2016,4,13,1132.85,2,1
2016-04-14,2016,4,14,1097.04,2,1
2016-04-15,2016,4,15,1101.07,2,1
2016-04-16,2016,4,16,1084.51,2,1
2016-04-17,2016,4,17,1133.3,2,1
2016-04-18,2016,4,18,1064.36,2,1
2016-04-19,2016,4,19,1287.74,2,1
2016-04-20,2016,4,20,1020.05,2,1
2016-04-21,2016,4,21,1001.69,2,1
2016-04-22,2016,4,22,963.2,2,1
2016-04-23,2016,4,23,999.01,2,1
2016-04-24,2016,4,24,342.76,2,1
2016-04-25,2016,4,25,1123.0,2,1
2016-04-26,2016,4,26,1030.34,2,1
2016-04-27,2016,4,27,1204.48,2,1
2016-04-28,2016,4,28,1118.53,2,1
2016-04-29,2016,4,29,1003.93,2,1
2016-04-30,2016,4,30,1037.95,2,1
2016-05-01,2016,5,1,401.85,2,1
2016-05-02,2016,5,2,1154.79,2,1
2016-05-03,2016,5,3,975.28,2,1
2016-05-04,2016,5,4,1021.39,2,1
2016-05-05,2016,5,5,177.13,2,1
2016-05-06,2016,5,6,1170.9,2,1
2016-05-07,2016,5,7,999.01,2,1
2016-05-08,2016,5,8,1020.49,2,1
2016-05-09,2016,5,9,1157.47,2,1
2016-05-10,2016,5,10,211.6,2,1
2016-05-11,2016,5,11,812.79,2,1
2016-05-12,2016,5,12,405.88,2,1
2016-05-13,2016,5,13,514.66,2,1
2016-05-14,2016,5,14,1126.59,2,1
2016-05-15,2016,5,15,395.13,2,1
2016-05-16,2016,5,16,1046.91,2,1
2016-05-17,2016,5,17,1237.15,2,1
2016-05-18,2016,5,18,1020.05,2,1
2016-05-19,2016,5,19,1026.31,2,1
2016-05-20,2016,5,20,1084.95,2,1
2016-05-21,2016,5,21,1129.72,2,1
2016-05-22,2016,5,22,1084.51,2,1
2016-05-23,2016,5,23,1190.15,2,1
2016-05-24,2016,5,24,1070.63,2,1
2016-05-25,2016,5,25,1256.4,2,1
2016-05-26,2016,5,26,790.4,2,1
2016-05-27,2016,5,27,1099.28,2,1
2016-05-28,2016,5,28,910.37,2,1
2016-05-29,2016,5,29,972.6,2,1
2016-05-30,2016,5,30,996.77,2,1
2016-05-31,2016,5,31,1008.86,2,1
2016-06-01,2016,6,1,1024.52,2,1
2016-06-02,2016,6,2,1099.73,2,1
2016-06-03,2016,6,3,983.34,2,1
2016-06-04,2016,6,4,935.89,2,1
2016-06-05,2016,6,5,964.54,2,1
2016-06-06,2016,6,6,1040.19,2,1
2016-06-07,2016,6,7,971.25,2,1
2016-06-08,2016,6,8,1078.24,2,1
2016-06-09,2016,6,9,1003.48,2,1
2016-06-10,2016,6,10,950.66,2,1
2016-06-11,2016,6,11,1088.09,2,1
2016-06-12,2016,6,12,688.34,2,1
2016-06-13,2016,6,13,1074.66,2,1
2016-06-14,2016,6,14,1029.0,2,1
2016-06-15,2016,6,15,336.49,2,1
2016-06-16,2016,6,16,1061.23,2,1
2016-06-17,2016,6,17,1073.76,2,1
2016-06-18,2016,6,18,1071.97,2,1
2016-06-19,2016,6,19,1026.31,2,1
2016-06-20,2016,6,20,983.34,2,1
2017-03-03,2017,3,3,1377.14,2,5
2017-03-04,2017,3,4,1049.45,2,5
2017-03-05,2017,3,5,717.82,2,5
2017-03-06,2017,3,6,1126.21,2,5
2017-03-07,2017,3,7,1231.99,2,5
2017-03-08,2017,3,8,1191.15,2,5
2017-03-09,2017,3,9,1203.95,2,5
2017-03-10,2017,3,10,1103.57,2,5
2017-03-11,2017,3,11,1279.23,2,5
2017-03-12,2017,3,12,1196.07,2,5
2017-03-13,2017,3,13,1129.16,2,5
2017-03-14,2017,3,14,1061.26,2,5
2017-03-15,2017,3,15,1155.73,2,5
2017-03-16,2017,3,16,1089.3,2,5
2017-03-17,2017,3,17,1083.4,2,5
2017-03-18,2017,3,18,1228.06,2,5
2017-03-19,2017,3,19,1190.17,2,5
2017-03-20,2017,3,20,1099.14,2,5
2017-03-21,2017,3,21,1095.21,2,5
2017-03-22,2017,3,22,1092.26,2,5
2017-03-23,2017,3,23,1069.13,2,5
2017-03-24,2017,3,24,1127.19,2,5
2017-03-25,2017,3,25,1243.8,2,5
2017-03-26,2017,3,26,1051.42,2,5
2017-03-27,2017,3,27,1199.52,2,5
2017-03-28,2017,3,28,1166.55,2,5
2017-03-29,2017,3,29,1246.26,2,5
2017-03-30,2017,3,30,1161.14,2,5
2017-03-31,2017,3,31,1152.78,2,5
2017-04-01,2017,4,1,1188.2,2,5
2017-04-02,2017,4,2,1124.24,2,5
2017-04-03,2017,4,3,1108.49,2,5
2017-04-04,2017,4,4,1206.9,2,5
2017-04-05,2017,4,5,1077.5,2,5
2017-04-06,2017,4,6,1008.61,2,5
2017-04-07,2017,4,7,1008.61,2,5
2017-04-08,2017,4,8,1102.1,2,5
2017-04-09,2017,4,9,1160.65,2,5
2017-04-10,2017,4,10,1224.12,2,5
2017-04-11,2017,4,11,1045.51,2,5
2017-04-12,2017,4,12,1119.81,2,5
2017-04-13,2017,4,13,1090.78,2,5
2017-04-14,2017,4,14,1102.59,2,5
2017-04-15,2017,4,15,1114.4,2,5
2017-04-16,2017,4,16,1247.25,2,5
2017-04-17,2017,4,17,1085.86,2,5
2017-04-18,2017,4,18,1033.21,2,5
2017-04-19,2017,4,19,1061.75,2,5
2017-04-20,2017,4,20,1077.0,2,5
2017-04-21,2017,4,21,995.82,2,5
2017-04-22,2017,4,22,1186.73,2,5
2017-04-23,2017,4,23,1060.27,2,5
2017-04-24,2017,4,24,1067.16,2,5
2017-04-25,2017,4,25,1143.92,2,5
2017-04-26,2017,4,26,1070.11,2,5
2017-04-27,2017,4,27,1279.72,2,5
2017-04-28,2017,4,28,1012.05,2,5
2017-04-29,2017,4,29,1077.99,2,5
2017-04-30,2017,4,30,1174.92,2,5
2017-05-01,2017,5,1,1262.5,2,5
2017-05-02,2017,5,2,1008.61,2,5
2017-05-03,2017,5,3,1098.16,2,5
2017-05-04,2017,5,4,439.82,2,5
2017-05-05,2017,5,5,802.94,2,5
2017-05-06,2017,5,6,1013.04,2,5
2017-05-07,2017,5,7,982.04,2,5
2017-05-08,2017,5,8,1065.69,2,5
2017-05-09,2017,5,9,1181.31,2,5
2017-05-10,2017,5,10,1086.84,2,5
2017-05-11,2017,5,11,752.75,2,5
2017-05-12,2017,5,12,967.28,2,5
2017-05-13,2017,5,13,1041.08,2,5
2017-05-14,2017,5,14,1071.1,2,5
2017-05-15,2017,5,15,984.01,2,5
2017-05-16,2017,5,16,1292.02,2,5
2017-05-17,2017,5,17,697.65,2,5
2017-05-18,2017,5,18,1013.53,2,5
2017-05-19,2017,5,19,1116.37,2,5
2017-05-20,2017,5,20,1015.99,2,5
2017-05-21,2017,5,21,881.67,2,5
2017-05-22,2017,5,22,1147.36,2,5
2017-05-23,2017,5,23,1016.48,2,5
2017-05-24,2017,5,24,1186.23,2,5
2017-05-25,2017,5,25,1142.94,2,5
2017-05-26,2017,5,26,995.33,2,5
2017-05-27,2017,5,27,406.37,2,5
2017-05-28,2017,5,28,991.88,2,5
2017-05-29,2017,5,29,1094.22,2,5
2017-05-30,2017,5,30,457.54,2,5
2017-05-31,2017,5,31,1006.64,2,5
2017-06-01,2017,6,1,983.52,2,5
2017-06-02,2017,6,2,945.63,2,5
2017-06-03,2017,6,3,1007.63,2,5
2017-06-04,2017,6,4,909.71,2,5
2017-06-05,2017,6,5,914.14,2,5
2017-06-06,2017,6,6,927.43,2,5
2017-06-07,2017,6,7,1173.93,2,5
2017-06-08,2017,6,8,426.05,2,5
2017-06-09,2017,6,9,1046.99,2,5
2017-06-10,2017,6,10,1124.73,2,5
2017-06-11,2017,6,11,1153.76,2,5
2017-06-12,2017,6,12,1104.56,2,5
2017-06-13,2017,6,13,1035.67,2,5
2017-06-14,2017,6,14,984.01,2,5
2017-06-15,2017,6,15,956.95,2,5
2017-06-16,2017,6,16,992.87,2,5
2017-06-17,2017,6,17,1001.72,2,5
2017-06-18,2017,6,18,1070.61,2,5
2017-06-19,2017,6,19,960.39,2,5
2017-06-20,2017,6,20,1024.36,2,5
2017-06-21,2017,6,21,1069.62,2,5
2017-06-22,2017,6,22,931.36,2,5
2017-06-23,2017,6,23,961.38,2,5
2017-06-24,2017,6,24,1002.21,2,5
2017-06-25,2017,6,25,289.26,2,5
2017-06-26,2017,6,26,1167.04,2,5
2018-06-01,2018,6,1,1096.32,2,1
2018-06-02,2018,6,2,969.91,2,1
2018-06-03,2018,6,3,1003.53,2,1
2018-06-04,2018,6,4,1051.82,2,1
2018-06-05,2018,6,5,1006.37,2,1
2018-06-06,2018,6,6,1109.57,2,1
2018-06-07,2018,6,7,1051.82,2,1
2018-06-08,2018,6,8,1141.29,2,1
2018-06-09,2018,6,9,1174.9,2,1
2018-06-10,2018,6,10,1107.68,2,1
2018-06-11,2018,6,11,1078.8,2,1
2018-06-12,2018,6,12,1016.31,2,1
2018-06-13,2018,6,13,1065.07,2,1
2018-06-14,2018,6,14,935.83,2,1
2018-06-15,2018,6,15,987.43,2,1
2018-06-16,2018,6,16,1056.08,2,1
2018-06-17,2018,6,17,857.71,2,1
2018-06-18,2018,6,18,718.06,2,1
2018-06-19,2018,6,19,608.7,2,1
2018-06-20,2018,6,20,474.25,2,1
2018-06-21,2018,6,21,1025.78,2,1
2018-06-22,2018,6,22,1129.93,2,1
2018-06-23,2018,6,23,652.25,2,1
2018-06-24,2018,6,24,415.07,2,1
2018-06-25,2018,6,25,1063.18,2,1
2018-06-26,2018,6,26,819.37,2,1
2018-06-27,2018,6,27,264.52,2,1
2018-06-28,2018,6,28,1077.38,2,1
2018-06-29,2018,6,29,1067.91,2,1
2018-06-30,2018,6,30,933.93,2,1
2018-07-01,2018,7,1,977.96,2,1
2018-07-02,2018,7,2,977.49,2,1
2018-07-03,2018,7,3,1142.24,2,1
2018-07-04,2018,7,4,1065.54,2,1
2018-07-05,2018,7,5,1056.08,2,1
2018-07-06,2018,7,6,997.37,2,1
2018-07-07,2018,7,7,999.74,2,1
2018-07-08,2018,7,8,1031.93,2,1
2018-07-09,2018,7,9,278.73,2,1
2018-07-10,2018,7,10,1111.47,2,1
2018-07-11,2018,7,11,1103.42,2,1
2018-07-12,2018,7,12,1089.69,2,1
2018-07-13,2018,7,13,1020.57,2,1
2018-07-14,2018,7,14,1052.76,2,1
2018-07-15,2018,7,15,1122.83,2,1
2018-07-16,2018,7,16,1002.11,2,1
2018-07-17,2018,7,17,1051.82,2,1
2018-07-18,2018,7,18,1089.69,2,1
2018-07-19,2018,7,19,862.92,2,1
2018-07-20,2018,7,20,1161.65,2,1
2018-07-21,2018,7,21,1181.53,2,1
2018-07-22,2018,7,22,1028.62,2,1
2018-07-23,2018,7,23,1034.77,2,1
2018-07-24,2018,7,24,961.39,2,1
2018-07-25,2018,7,25,1103.42,2,1
2018-07-26,2018,7,26,671.19,2,1
2018-07-27,2018,7,27,878.55,2,1
2018-07-28,2018,7,28,673.56,2,1
2018-07-29,2018,7,29,840.67,2,1
2018-07-30,2018,7,30,1102.47,2,1
2018-07-31,2018,7,31,995.95,2,1
2018-08-01,2018,8,1,1104.36,2,1
2018-08-02,2018,8,2,1165.91,2,1
2018-08-03,2018,8,3,1074.54,2,1
2018-08-04,2018,8,4,1220.35,2,1
2018-08-05,2018,8,5,1011.1,2,1
2018-08-06,2018,8,6,1014.89,2,1
2018-08-07,2018,8,7,1088.27,2,1
2018-08-08,2018,8,8,1129.93,2,1
2018-08-09,2018,8,9,975.6,2,1
2018-08-10,2018,8,10,964.71,2,1
2018-08-11,2018,8,11,1054.18,2,1
2018-08-12,2018,8,12,1102.0,2,1
2018-08-13,2018,8,13,1047.08,2,1
2018-08-14,2018,8,14,1028.14,2,1
2018-08-15,2018,8,15,1042.82,2,1
2018-08-16,2018,8,16,1042.82,2,1
2018-08-17,2018,8,17,1337.29,2,1
2018-08-18,2018,8,18,1053.24,2,1
2018-08-19,2018,8,19,1083.53,2,1
2018-08-20,2018,8,20,614.38,2,1
2018-08-21,2018,8,21,1144.13,2,1
2018-08-22,2018,8,22,839.25,2,1
2018-08-23,2018,8,23,1035.25,2,1
2018-08-24,2018,8,24,950.98,2,1
2018-08-25,2018,8,25,966.6,2,1
2018-08-26,2018,8,26,1143.18,2,1
2018-08-27,2018,8,27,890.85,2,1
2018-08-28,2018,8,28,995.48,2,1
2018-08-29,2018,8,29,1100.58,2,1
2018-08-30,2018,8,30,1200.94,2,1
2018-08-31,2018,8,31,1095.84,2,1
2018-09-01,2018,9,1,1094.42,2,1
2018-09-02,2018,9,2,1190.53,2,1
2018-09-03,2018,9,3,1048.5,2,1
2018-09-04,2018,9,4,1053.71,2,1
2018-09-05,2018,9,5,,2,1
2018-09-06,2018,9,6,1153.6,2,1
2018-09-07,2018,9,7,1129.46,2,1
2018-09-08,2018,9,8,1161.17,2,1
2018-09-09,2018,9,9,1136.08,2,1
2018-09-10,2018,9,10,752.14,2,1
2018-09-11,2018,9,11,1227.45,2,1
2018-09-12,2018,9,12,1199.05,2,1
2018-09-13,2018,9,13,995.48,2,1
2018-09-14,2018,9,14,1222.72,2,1
2018-09-15,2018,9,15,393.77,2,1
2018-09-16,2018,9,16,1150.76,2,1
2018-09-17,2018,9,17,1175.38,2,1
2018-09-18,2018,9,18,1084.48,2,1
2018-09-19,2018,9,19,1051.82,2,1
2018-09-20,2018,9,20,1122.35,2,1
2018-09-21,2018,9,21,1191.47,2,1
2018-09-22,2018,9,22,1201.41,2,1
2018-09-23,2018,9,23,1230.29,2,1
2018-09-24,2018,9,24,309.03,2,1
2018-09-25,2018,9,25,1160.7,2,1
2018-09-26,2018,9,26,1132.77,2,1
2018-09-27,2018,9,27,1160.7,2,1
2018-09-28,2018,9,28,1244.5,2,1
2019-11-20,2019,11,20,1170.82,2,1
2019-11-21,2019,11,21,1067.62,2,1
2019-11-22,2019,11,22,1309.68,2,1
2019-11-23,2019,11,23,1092.48,2,1
2019-11-24,2019,11,24,1172.7,2,1
2019-11-25,2019,11,25,1090.6,2,1
2019-11-26,2019,11,26,1275.43,2,1
2019-11-27,2019,11,27,1174.1,2,1
2019-11-28,2019,11,28,1069.49,2,1
2019-11-29,2019,11,29,1038.53,2,1
2019-11-30,2019,11,30,1105.61,2,1
2019-12-01,2019,12,1,1121.09,2,1
2019-12-02,2019,12,2,1191.93,2,1
2019-12-03,2019,12,3,,2,1
2019-12-04,2019,12,4,1193.34,2,1
2019-12-05,2019,12,5,1180.67,2,1
2019-12-06,2019,12,6,1206.0,2,1
2019-12-07,2019,12,7,1204.13,2,1
2019-12-08,2019,12,8,1108.9,2,1
2019-12-09,2019,12,9,1141.74,2,1
2019-12-10,2019,12,10,1259.95,2,1
2019-12-11,2019,12,11,1196.62,2,1
2019-12-12,2019,12,12,1178.8,2,1
2019-12-13,2019,12,13,1110.77,2,1
2019-12-14,2019,12,14,1165.66,2,1
2019-12-15,2019,12,15,906.24,2,1
2019-12-16,2019,12,16,1289.97,2,1
2019-12-17,2019,12,17,1118.75,2,1
2019-12-18,2019,12,18,1017.89,2,1
2019-12-19,2019,12,19,1142.67,2,1
2019-12-20,2019,12,20,1042.28,2,1
2019-12-21,2019,12,21,1081.69,2,1
2019-12-22,2019,12,22,1247.75,2,1
2019-12-23,2019,12,23,1095.76,2,1
2019-12-24,2019,12,24,1096.7,2,1
2019-12-25,2019,12,25,1295.6,2,1
2019-12-26,2019,12,26,1196.15,2,1
2019-12-27,2019,12,27,219.93,2,1
2019-12-28,2019,12,28,1127.19,2,1
2019-12-29,2019,12,29,586.31,2,1
2019-12-30,2019,12,30,1144.08,2,1
2019-12-31,2019,12,31,1155.81,2,1
2020-01-01,2020,1,1,1220.08,2,1
2020-01-02,2020,1,2,1285.75,2,1
2020-01-03,2020,1,3,1039.0,2,1
2020-01-04,2020,1,4,1032.43,2,1
2020-01-05,2020,1,5,1166.6,2,1
2020-01-06,2020,1,6,1140.33,2,1
2020-01-07,2020,1,7,1074.65,2,1
2020-01-08,2020,1,8,1001.94,2,1
2020-01-09,2020,1,9,1014.14,2,1
2020-01-10,2020,1,10,425.87,2,1
2020-01-11,2020,1,11,981.77,2,1
2020-01-12,2020,1,12,1146.9,2,1
2020-01-13,2020,1,13,510.78,2,1
2020-01-14,2020,1,14,625.25,2,1
2020-01-15,2020,1,15,1315.31,2,1
2020-01-16,2020,1,16,1092.01,2,1
2020-01-17,2020,1,17,1127.66,2,1
2020-01-18,2020,1,18,1049.32,2,1
2020-01-19,2020,1,19,1140.33,2,1
2020-01-20,2020,1,20,1137.04,2,1
2020-01-21,2020,1,21,1132.35,2,1
2020-01-22,2020,1,22,1140.33,2,1
2020-01-23,2020,1,23,1278.25,2,1
2020-01-24,2020,1,24,1088.73,2,1
2020-01-25,2020,1,25,1260.89,2,1
2020-01-26,2020,1,26,1021.64,2,1
2020-01-27,2020,1,27,1038.53,2,1
2020-01-28,2020,1,28,416.49,2,1
2020-01-29,2020,1,29,1205.07,2,1
2020-01-30,2020,1,30,1203.66,2,1
2020-01-31,2020,1,31,1115.93,2,1
2020-02-01,2020,2,1,1300.29,2,1
2020-02-02,2020,2,2,330.18,2,1
2020-02-03,2020,2,3,1100.92,2,1
2020-02-04,2020,2,4,1273.09,2,1
2020-02-05,2020,2,5,507.5,2,1
2020-02-06,2020,2,6,1079.81,2,1
2020-02-07,2020,2,7,1119.22,2,1
2020-02-08,2020,2,8,576.93,2,1
2020-02-09,2020,2,9,1115.0,2,1
2020-02-10,2020,2,10,1006.63,2,1
2020-02-11,2020,2,11,1158.15,2,1
2020-02-12,2020,2,12,1128.13,2,1
2020-02-13,2020,2,13,1125.79,2,1
2020-02-14,2020,2,14,1058.7,2,1
2020-02-15,2020,2,15,1006.63,2,1
2020-02-16,2020,2,16,1228.99,2,1
2020-02-17,2020,2,17,1194.74,2,1
2020-02-18,2020,2,18,1278.72,2,1
2020-02-19,2020,2,19,1150.18,2,1
2020-02-20,2020,2,20,1143.61,2,1
2020-02-21,2020,2,21,1215.85,2,1
2020-02-22,2020,2,22,1205.07,2,1
2020-02-23,2020,2,23,1211.16,2,1
2020-02-24,2020,2,24,1060.58,2,1
2020-02-25,2020,2,25,1277.78,2,1
2020-02-26,2020,2,26,1275.9,2,1
2020-02-27,2020,2,27,1099.98,2,1
2020-02-28,2020,2,28,982.24,2,1
2020-02-29,2020,2,29,1133.29,2,1
2020-03-01,2020,3,1,1178.33,2,1
2020-03-02,2020,3,2,1176.45,2,1
2020-03-03,2020,3,3,1239.78,2,1
2020-03-04,2020,3,4,1327.97,2,1
2020-03-05,2020,3,5,1089.66,2,1
2020-03-06,2020,3,6,1159.56,2,1
2020-03-07,2020,3,7,1234.15,2,1
2020-03-08,2020,3,8,1159.09,2,1
2020-03-09,2020,3,9,1208.82,2,1
2020-03-10,2020,3,10,1196.15,2,1
2020-03-11,2020,3,11,1167.54,2,1
2020-03-12,2020,3,12,1256.67,2,1
2020-03-13,2020,3,13,1098.11,2,1
2020-03-14,2020,3,14,1066.21,2,1
2020-03-15,2020,3,15,1297.48,2,1
2020-03-16,2020,3,16,1315.78,2,1
2020-03-17,2020,3,17,1089.66,2,1
2020-03-18,2020,3,18,1093.42,2,1
2020-03-19,2020,3,19,,2,1
2020-03-20,2020,3,20,1168.94,2,1
2020-03-21,2020,3,21,524.39,2,1
2020-03-22,2020,3,22,1394.59,2,1
2020-03-23,2020,3,23,1345.8,2,1
2020-03-24,2020,3,24,1167.07,2,1
2020-03-25,2020,3,25,1137.04,2,1
2020-03-26,2020,3,26,1024.93,2,1
2020-03-27,2020,3,27,1134.23,2,1
2020-03-28,2020,3,28,1184.89,2,1
2020-03-29,2020,3,29,1050.26,2,1
2020-03-30,2020,3,30,1084.97,2,1
2020-03-31,2020,3,31,1183.49,2,1
2020-04-01,2020,4,1,1328.91,2,1
2020-04-02,2020,4,2,,2,1
2020-04-03,2020,4,3,1061.52,2,1
2020-04-04,2020,4,4,1142.2,2,1
2020-04-05,2020,4,5,1271.21,2,1
2020-04-06,2020,4,6,1377.7,2,1
2020-04-07,2020,4,7,1209.76,2,1
2020-04-08,2020,4,8,1270.27,2,1
2020-04-09,2020,4,9,494.36,2,1
2020-04-10,2020,4,10,1145.96,2,1
2020-04-11,2020,4,11,1053.54,2,1
2020-04-12,2020,4,12,1089.2,2,1
2020-04-13,2020,4,13,1094.36,2,1
2020-04-14,2020,4,14,1072.31,2,1
2020-04-15,2020,4,15,1133.76,2,1
2020-04-16,2020,4,16,727.51,2,1
2020-04-17,2020,4,17,1039.47,2,1
2020-04-18,2020,4,18,1070.9,2,1
2020-04-19,2020,4,19,1215.39,2,1
2020-04-20,2020,4,20,1271.21,2,1
2020-04-21,2020,4,21,1065.74,2,1
2020-04-22,2020,4,22,1156.75,2,1
2020-04-23,2020,4,23,957.38,2,1
2020-04-24,2020,4,24,471.85,2,1
2020-04-25,2020,4,25,1139.86,2,1
2020-04-26,2020,4,26,888.89,2,1
2020-04-27,2020,4,27,1001.0,2,1
2020-04-28,2020,4,28,1089.2,2,1
2020-04-29,2020,4,29,1104.21,2,1
2020-04-30,2020,4,30,1000.06,2,1
2020-05-01,2020,5,1,1024.93,2,1
2020-05-02,2020,5,2,412.74,2,1
2020-05-03,2020,5,3,1142.2,2,1
2020-05-04,2020,5,4,951.75,2,1
2020-05-05,2020,5,5,1156.75,2,1
2020-05-06,2020,5,6,976.61,2,1
2020-05-07,2020,5,7,845.73,2,1
2020-05-08,2020,5,8,1213.98,2,1
2020-05-09,2020,5,9,972.86,2,1
2020-05-10,2020,5,10,1034.31,2,1
2020-05-11,2020,5,11,1089.2,2,1
2020-05-12,2020,5,12,646.82,2,1
2020-05-13,2020,5,13,1215.85,2,1
2020-05-14,2020,5,14,1262.77,2,1
2020-05-15,2020,5,15,78.26,2,1
2020-05-16,2020,5,16,327.83,2,1
2020-05-17,2020,5,17,1092.48,2,1
2020-05-18,2020,5,18,497.65,2,1
2020-05-19,2020,5,19,1017.42,2,1
2020-05-20,2020,5,20,1008.98,2,1
2020-05-21,2020,5,21,987.87,2,1
2020-05-22,2020,5,22,1146.43,2,1
2020-05-23,2020,5,23,1008.98,2,1
2020-05-24,2020,5,24,995.37,2,1
2020-05-25,2020,5,25,249.96,2,1
2020-05-26,2020,5,26,941.89,2,1
2020-05-27,2020,5,27,993.5,2,1
2020-05-28,2020,5,28,1175.98,2,1
2020-05-29,2020,5,29,1071.84,2,1
2020-05-30,2020,5,30,1092.48,2,1
2020-05-31,2020,5,31,1052.6,2,1
2020-06-01,2020,6,1,1179.73,2,1
2020-06-02,2020,6,2,1130.95,2,1
2020-06-03,2020,6,3,984.58,2,1
2020-06-04,2020,6,4,1301.23,2,1
2020-06-05,2020,6,5,,2,1
2020-06-06,2020,6,6,1163.31,2,1
2020-06-07,2020,6,7,988.34,2,1
