_id,Date,Year,month,day,T2M,T2M_MAX,T2M_MIN,RH2M,PRECTOTCORR,ALLSKY_SFC_SW_DWN,WS10M,WS10M_MAX,WD10M,__v
6958bb42a2106ae9c65ee81b,2005-01-01T00:00:00.000Z,2005,1,1,26.17,27.87,24.77,84.23,1.63,14.22,7.12,9.52,66,0
6958bb42a2106ae9c65ee81c,2005-01-02T00:00:00.000Z,2005,1,2,26.02,27.62,25.15,84.35,6.18,13.83,8.04,9.78,65.3,0
6958bb42a2106ae9c65ee81d,2005-01-03T00:00:00.000Z,2005,1,3,26.2,28.18,24.86,83.18,1.44,16.88,6.62,8.48,65.6,0
6958bb42a2106ae9c65ee81e,2005-01-04T00:00:00.000Z,2005,1,4,25.73,26.9,24.93,86.02,1.56,14.05,6.3,7.33,55.4,0
6958bb42a2106ae9c65ee81f,2005-01-05T00:00:00.000Z,2005,1,5,26.25,28.23,24.93,82.9,0.38,17.77,5.17,6.35,68.1,0
6958bb42a2106ae9c65ee820,2005-01-06T00:00:00.000Z,2005,1,6,25.68,26.67,24.95,86.52,3.73,15.29,5.62,6.68,71.5,0
6958bb42a2106ae9c65ee821,2005-01-07T00:00:00.000Z,2005,1,7,26.11,28.15,24.72,81.33,2.29,18.95,4.37,5.95,83.6,0
6958bb42a2106ae9c65ee822,2005-01-08T00:00:00.000Z,2005,1,8,25.83,27.23,24.65,83.54,16.21,15.4,2.23,3.33,94.6,0
6958bb42a2106ae9c65ee823,2005-01-09T00:00:00.000Z,2005,1,9,25.81,27.43,24.52,86.49,17,16.81,3.9,5.92,69.3,0
6958bb42a2106ae9c65ee824,2005-01-10T00:00:00.000Z,2005,1,10,25.83,26.98,24.99,87.48,20.31,15.23,3.73,5.57,72.5,0
6958bb42a2106ae9c65ee825,2005-01-11T00:00:00.000Z,2005,1,11,26.01,27.94,24.68,84.02,11.53,17.79,2.91,3.86,159.6,0
6958bb42a2106ae9c65ee826,2005-01-12T00:00:00.000Z,2005,1,12,26.29,27.99,24.99,81.64,5,15.36,1.6,3.47,128.9,0
6958bb42a2106ae9c65ee827,2005-01-13T00:00:00.000Z,2005,1,13,26.47,27.88,25.26,82.19,2.54,17.07,1.75,2.8,141.2,0
6958bb42a2106ae9c65ee828,2005-01-14T00:00:00.000Z,2005,1,14,26.54,28.6,25.19,84.02,1.43,18.74,3.66,4.76,70.3,0
6958bb42a2106ae9c65ee829,2005-01-15T00:00:00.000Z,2005,1,15,26.38,28.16,24.94,85.27,2.08,19.53,4.28,6.15,73.9,0
6958bb42a2106ae9c65ee82a,2005-01-16T00:00:00.000Z,2005,1,16,26.01,27.54,24.79,85.21,27.26,15.93,5.25,6.54,72.7,0
6958bb42a2106ae9c65ee82b,2005-01-17T00:00:00.000Z,2005,1,17,26.05,27.66,24.77,85.22,21.56,14.76,5.11,6.83,74,0
6958bb42a2106ae9c65ee82c,2005-01-18T00:00:00.000Z,2005,1,18,26.34,28,25.2,84.4,8.48,18.59,2.17,2.9,72.1,0
6958bb42a2106ae9c65ee82d,2005-01-19T00:00:00.000Z,2005,1,19,26.28,27.96,25.07,84.76,4.89,18.42,4.54,5.45,64.6,0
6958bb42a2106ae9c65ee82e,2005-01-20T00:00:00.000Z,2005,1,20,26.41,28.33,24.8,83.75,1.32,19.63,6.1,7.54,72.3,0
6958bb42a2106ae9c65ee82f,2005-01-21T00:00:00.000Z,2005,1,21,26.45,28.79,24.94,79.77,0.04,19.23,5.91,7.9,73.7,0
6958bb42a2106ae9c65ee830,2005-01-22T00:00:00.000Z,2005,1,22,26.52,28.65,24.92,80.87,0.57,19.47,5.47,6.4,72.9,0
6958bb42a2106ae9c65ee831,2005-01-23T00:00:00.000Z,2005,1,23,26.27,28.21,25.12,81.42,1.04,17.56,6.07,8.2,74.5,0
6958bb42a2106ae9c65ee832,2005-01-24T00:00:00.000Z,2005,1,24,25.94,27.49,24.73,82.08,5.77,15.43,4.11,4.83,65.8,0
6958bb42a2106ae9c65ee833,2005-01-25T00:00:00.000Z,2005,1,25,25.63,27.67,23.79,81.2,0.26,22.12,5.33,6.56,68.2,0
6958bb42a2106ae9c65ee834,2005-01-26T00:00:00.000Z,2005,1,26,25.81,27.98,23.94,80.84,0.16,17.89,4.68,6.17,53.5,0
6958bb42a2106ae9c65ee835,2005-01-27T00:00:00.000Z,2005,1,27,25.82,28.04,24.12,81.34,0.19,15.97,3.35,3.92,44.9,0
6958bb42a2106ae9c65ee836,2005-01-28T00:00:00.000Z,2005,1,28,25.48,27.55,23.94,83.73,13.68,10.29,3.93,5.16,32,0
6958bb42a2106ae9c65ee837,2005-01-29T00:00:00.000Z,2005,1,29,26.1,28.36,24.76,82.4,7.79,20.92,3.24,4.51,358.4,0
6958bb42a2106ae9c65ee838,2005-01-30T00:00:00.000Z,2005,1,30,26.01,27.83,24.58,82.22,2.72,17.1,3.56,5.29,12.1,0
6958bb42a2106ae9c65ee839,2005-01-31T00:00:00.000Z,2005,1,31,25.81,27.97,24.26,81.13,0.01,22.03,3.9,5.52,45.7,0
6958bb42a2106ae9c65ee83a,2005-02-01T00:00:00.000Z,2005,2,1,25.9,28.31,23.69,80.15,0.22,20.66,3.45,5.36,36,0
6958bb42a2106ae9c65ee83b,2005-02-02T00:00:00.000Z,2005,2,2,26.1,28.27,24.22,84.89,14.2,19.95,3.56,4.67,40.4,0
6958bb42a2106ae9c65ee83c,2005-02-03T00:00:00.000Z,2005,2,3,26.58,28.63,24.73,82.29,2.24,19.01,3.81,5.73,59.4,0
6958bb42a2106ae9c65ee83d,2005-02-04T00:00:00.000Z,2005,2,4,26.81,28.55,25.61,80.23,2.56,19.17,2.68,4.29,78.7,0
6958bb42a2106ae9c65ee83e,2005-02-05T00:00:00.000Z,2005,2,5,26.39,27.8,25.22,87.63,2.08,17.24,3.53,4.97,61,0
6958bb42a2106ae9c65ee83f,2005-02-06T00:00:00.000Z,2005,2,6,26.58,28.27,25.24,83.72,0.59,16.06,3.15,4.23,69.3,0
6958bb42a2106ae9c65ee840,2005-02-07T00:00:00.000Z,2005,2,7,26.64,28.97,24.64,78.14,0.03,17.39,5.04,7.33,53.7,0
6958bb42a2106ae9c65ee841,2005-02-08T00:00:00.000Z,2005,2,8,26.59,29.27,23.89,79.26,0.03,23.11,6.17,7.43,73.3,0
6958bb42a2106ae9c65ee842,2005-02-09T00:00:00.000Z,2005,2,9,26.97,29.43,25.14,78.24,0.01,22.17,4.98,6.39,61.2,0
6958bb42a2106ae9c65ee843,2005-02-10T00:00:00.000Z,2005,2,10,26.42,28.69,24.65,82.58,0.94,18.9,5.76,7.77,52.7,0
6958bb42a2106ae9c65ee844,2005-02-11T00:00:00.000Z,2005,2,11,26.67,29.09,24.77,82.89,0.49,20.46,5.28,7.22,64,0
6958bb42a2106ae9c65ee845,2005-02-12T00:00:00.000Z,2005,2,12,26.57,28.53,25.04,82.95,3.41,17.32,5.9,8.17,61.3,0
6958bb42a2106ae9c65ee846,2005-02-13T00:00:00.000Z,2005,2,13,26.84,29.41,24.81,77.47,0.12,22.19,5.43,7.44,66,0
6958bb42a2106ae9c65ee847,2005-02-14T00:00:00.000Z,2005,2,14,26.46,28.67,24.62,78.62,0.04,22.27,4.16,5.52,62.2,0
6958bb42a2106ae9c65ee848,2005-02-15T00:00:00.000Z,2005,2,15,26.59,28.81,24.4,80.75,0.01,20.96,4.38,6.54,58.5,0
6958bb42a2106ae9c65ee849,2005-02-16T00:00:00.000Z,2005,2,16,27.44,29.78,25.29,77.78,1.15,17.66,1.95,2.89,49.4,0
6958bb42a2106ae9c65ee84a,2005-02-17T00:00:00.000Z,2005,2,17,26.21,27.21,25.52,82.29,6.4,10.48,2.53,2.98,12.7,0
6958bb42a2106ae9c65ee84b,2005-02-18T00:00:00.000Z,2005,2,18,27.1,29.59,25.02,76.61,0.15,19.97,3.64,4.92,43.5,0
6958bb42a2106ae9c65ee84c,2005-02-19T00:00:00.000Z,2005,2,19,26.94,29.07,25.36,80.3,0.24,19.99,4.97,6.46,41.4,0
6958bb42a2106ae9c65ee84d,2005-02-20T00:00:00.000Z,2005,2,20,26.88,29.24,25.07,80,0.09,21.99,5.2,7.58,61.3,0
6958bb42a2106ae9c65ee84e,2005-02-21T00:00:00.000Z,2005,2,21,27.3,29.9,24.96,76.77,0.15,20.93,4.66,6.06,75.4,0
6958bb42a2106ae9c65ee84f,2005-02-22T00:00:00.000Z,2005,2,22,27.82,30.32,25.65,74.7,0.41,19.34,4.27,5.28,65.4,0
6958bb42a2106ae9c65ee850,2005-02-23T00:00:00.000Z,2005,2,23,27.39,29.53,25.92,78.21,0.01,20.64,4.92,6.81,56.8,0
6958bb42a2106ae9c65ee851,2005-02-24T00:00:00.000Z,2005,2,24,27.46,30.11,25.21,75.47,0,22.81,4.09,5.54,56.4,0
6958bb42a2106ae9c65ee852,2005-02-25T00:00:00.000Z,2005,2,25,27.01,28.83,25.71,80.38,0.43,18.54,2.62,3.33,21.8,0
6958bb42a2106ae9c65ee853,2005-02-26T00:00:00.000Z,2005,2,26,27.13,29.43,25.67,79.34,7.7,12.45,2.31,3.18,356.2,0
6958bb42a2106ae9c65ee854,2005-02-27T00:00:00.000Z,2005,2,27,27.58,30.25,25.74,76.23,3.41,21.07,1.63,2.75,300.5,0
6958bb42a2106ae9c65ee855,2005-02-28T00:00:00.000Z,2005,2,28,26.83,28.24,25.73,83.44,2.97,10.42,3.19,4.33,349.7,0
6958bb42a2106ae9c65ee856,2005-03-01T00:00:00.000Z,2005,3,1,27.09,28.27,26.07,85.33,4.15,19.24,3.95,6.96,51.2,0
6958bb42a2106ae9c65ee857,2005-03-02T00:00:00.000Z,2005,3,2,27.88,29.98,26.44,76.51,5.73,16.96,3.25,5.16,190.9,0
6958bb42a2106ae9c65ee858,2005-03-03T00:00:00.000Z,2005,3,3,27.52,30.14,25.83,78.21,2.72,19.62,3.38,4.43,86.4,0
6958bb42a2106ae9c65ee859,2005-03-04T00:00:00.000Z,2005,3,4,27.41,29.42,26.05,81.31,2.64,19.12,3.94,5.87,64.6,0
6958bb42a2106ae9c65ee85a,2005-03-05T00:00:00.000Z,2005,3,5,27.36,28.93,26.04,80.67,1.2,19.88,5.74,7.8,72.6,0
6958bb42a2106ae9c65ee85b,2005-03-06T00:00:00.000Z,2005,3,6,27.58,29.84,25.8,78.54,4.72,18.27,4.46,5.46,77.1,0
6958bb42a2106ae9c65ee85c,2005-03-07T00:00:00.000Z,2005,3,7,27.02,28.64,25.92,81.16,5,19.88,5.38,7.63,63,0
6958bb42a2106ae9c65ee85d,2005-03-08T00:00:00.000Z,2005,3,8,26.97,28.86,25.74,80.31,1.01,20.65,5.51,7.03,69.4,0
6958bb42a2106ae9c65ee85e,2005-03-09T00:00:00.000Z,2005,3,9,26.93,29.63,24.93,76.31,0.12,23.56,4.17,5.35,55,0
6958bb42a2106ae9c65ee85f,2005-03-10T00:00:00.000Z,2005,3,10,26.36,29.3,24.04,76.3,0,23.2,3.55,5.2,35.3,0
6958bb42a2106ae9c65ee860,2005-03-11T00:00:00.000Z,2005,3,11,26.67,29.97,23.66,72.38,0.02,22.53,2.8,3.64,49.4,0
6958bb42a2106ae9c65ee861,2005-03-12T00:00:00.000Z,2005,3,12,27.11,29.97,24.95,75.15,0,23.12,2.7,4.08,34.1,0
6958bb42a2106ae9c65ee862,2005-03-13T00:00:00.000Z,2005,3,13,27.26,29.81,25.53,74.47,0.57,21.33,2.54,4.34,21.1,0
6958bb42a2106ae9c65ee863,2005-03-14T00:00:00.000Z,2005,3,14,27.28,29.93,25.62,76.6,2.59,13.48,2.63,3.23,53.9,0
6958bb42a2106ae9c65ee864,2005-03-15T00:00:00.000Z,2005,3,15,27.35,29.92,25.65,79.69,3.12,20.94,2.56,4.23,30.8,0
6958bb42a2106ae9c65ee865,2005-03-16T00:00:00.000Z,2005,3,16,28.01,30.92,25.99,75.84,17.43,17.03,1.69,3.04,117.1,0
6958bb42a2106ae9c65ee866,2005-03-17T00:00:00.000Z,2005,3,17,27.08,28.88,25.89,82.76,4.28,19.92,4.12,6.35,59.4,0
6958bb42a2106ae9c65ee867,2005-03-18T00:00:00.000Z,2005,3,18,27.38,29.99,25.17,78.83,0.17,20.55,5.13,6.89,59.7,0
6958bb42a2106ae9c65ee868,2005-03-19T00:00:00.000Z,2005,3,19,27.5,29.95,25.79,79.28,0.79,19.75,5.28,7.59,59.4,0
6958bb42a2106ae9c65ee869,2005-03-20T00:00:00.000Z,2005,3,20,27.55,29.75,25.88,78.33,2.3,18.84,3.92,6.18,71.2,0
6958bb42a2106ae9c65ee86a,2005-03-21T00:00:00.000Z,2005,3,21,27.74,30.25,26.02,77.27,6.35,16.33,2.77,4.59,92.5,0
6958bb42a2106ae9c65ee86b,2005-03-22T00:00:00.000Z,2005,3,22,27.61,29.37,26.33,75.73,12.98,13.04,1.39,2.29,287.1,0
6958bb42a2106ae9c65ee86c,2005-03-23T00:00:00.000Z,2005,3,23,28.46,31.15,26.5,70.47,0.27,20.15,1.78,3.94,205.2,0
6958bb42a2106ae9c65ee86d,2005-03-24T00:00:00.000Z,2005,3,24,27.87,29.64,26.85,76.06,2.67,18.94,1.88,3.37,28.2,0
6958bb42a2106ae9c65ee86e,2005-03-25T00:00:00.000Z,2005,3,25,27.96,30.27,26.6,75.84,5.92,15.96,1.63,3.15,350.9,0
6958bb42a2106ae9c65ee86f,2005-03-26T00:00:00.000Z,2005,3,26,27.52,29.44,26.29,77.1,16.33,13.22,1.72,3.61,223.6,0
6958bb42a2106ae9c65ee870,2005-03-27T00:00:00.000Z,2005,3,27,27.63,30.41,25.74,77.06,10.98,21,2.25,4.03,186.5,0
6958bb42a2106ae9c65ee871,2005-03-28T00:00:00.000Z,2005,3,28,26.45,27.49,25.74,85.32,11.16,14.37,2.1,3.16,247.2,0
6958bb42a2106ae9c65ee872,2005-03-29T00:00:00.000Z,2005,3,29,26.44,28.25,25.28,83.16,5.55,19.2,4.19,5.28,214.9,0
6958bb42a2106ae9c65ee873,2005-03-30T00:00:00.000Z,2005,3,30,27.43,29.92,24.99,77.41,1.13,12.95,2.2,3.56,199.4,0
6958bb42a2106ae9c65ee874,2005-03-31T00:00:00.000Z,2005,3,31,26.99,29.24,25.65,83.3,3.14,18.32,2.73,3.89,239.6,0
6958bb42a2106ae9c65ee875,2005-04-01T00:00:00.000Z,2005,4,1,28.01,31.19,25.63,76.17,0.58,19.23,2.57,4.18,192.2,0
6958bb42a2106ae9c65ee876,2005-04-02T00:00:00.000Z,2005,4,2,27.8,30.29,25.91,77.38,0.67,20.31,3.48,5.55,161.5,0
6958bb42a2106ae9c65ee877,2005-04-03T00:00:00.000Z,2005,4,3,27.42,29.55,25.97,79.16,1.76,20.24,1.67,2.46,106.1,0
6958bb42a2106ae9c65ee878,2005-04-04T00:00:00.000Z,2005,4,4,27.15,29.13,25.77,81.76,1.63,21.62,2.12,3.01,172.7,0
6958bb42a2106ae9c65ee879,2005-04-05T00:00:00.000Z,2005,4,5,28.1,31.03,25.77,72.01,1.47,21.36,2.27,3.92,213.1,0
6958bb42a2106ae9c65ee87a,2005-04-06T00:00:00.000Z,2005,4,6,27.5,30.16,25.47,74.98,1.38,22.64,3.01,4.23,262.4,0
6958bb42a2106ae9c65ee87b,2005-04-07T00:00:00.000Z,2005,4,7,28.22,30.91,25.59,71.11,0.66,22,1.47,2.54,200.9,0
6958bb42a2106ae9c65ee87c,2005-04-08T00:00:00.000Z,2005,4,8,27.94,30.53,25.68,71.21,1.42,20.25,4.63,5.93,210.9,0
6958bb42a2106ae9c65ee87d,2005-04-09T00:00:00.000Z,2005,4,9,27.02,29.58,25.36,75.34,2.74,18.03,4.97,6.23,200.8,0
6958bb42a2106ae9c65ee87e,2005-04-10T00:00:00.000Z,2005,4,10,27.6,30.74,24.84,73.53,0.3,23.72,3.01,3.89,244.6,0
6958bb42a2106ae9c65ee87f,2005-04-11T00:00:00.000Z,2005,4,11,27.62,29.5,26.21,77.41,0.31,21.95,2.66,3.79,248.1,0
6958bb42a2106ae9c65ee880,2005-04-12T00:00:00.000Z,2005,4,12,27.97,30.39,26.45,75.7,0.53,24.66,1.88,3.68,340.7,0
6958bb42a2106ae9c65ee881,2005-04-13T00:00:00.000Z,2005,4,13,28.32,31.45,26.11,75.03,0.71,23.59,1.78,3.01,357.9,0
6958bb42a2106ae9c65ee882,2005-04-14T00:00:00.000Z,2005,4,14,27.79,30.09,26.14,79.41,2.28,22.06,2.76,4.61,36.4,0
6958bb42a2106ae9c65ee883,2005-04-15T00:00:00.000Z,2005,4,15,28.08,30.51,26.02,74.95,0.99,21.38,1.95,3.06,55.5,0
6958bb42a2106ae9c65ee884,2005-04-16T00:00:00.000Z,2005,4,16,28.24,30.23,26.73,72.09,3.16,13.7,2.63,3.83,190.1,0
6958bb42a2106ae9c65ee885,2005-04-17T00:00:00.000Z,2005,4,17,27.43,29.45,25.89,72.9,4.72,21.45,1.89,3.27,191.1,0
6958bb42a2106ae9c65ee886,2005-04-18T00:00:00.000Z,2005,4,18,28.17,30.66,26.58,72.13,3.9,22.66,1.47,2.39,340.3,0
6958bb42a2106ae9c65ee887,2005-04-19T00:00:00.000Z,2005,4,19,28.34,31.17,25.92,71.46,0.9,24.05,2.49,3.63,40.8,0
6958bb42a2106ae9c65ee888,2005-04-20T00:00:00.000Z,2005,4,20,28.6,31.13,26.31,73.3,14.49,23.3,3.51,5.23,64.7,0
6958bb42a2106ae9c65ee889,2005-04-21T00:00:00.000Z,2005,4,21,28.72,30.89,26.77,71.62,4.42,17.61,1.55,3.17,81.5,0
6958bb42a2106ae9c65ee88a,2005-04-22T00:00:00.000Z,2005,4,22,28.06,29.71,27.01,75.65,2.52,18.93,1.63,2.9,25.8,0
6958bb42a2106ae9c65ee88b,2005-04-23T00:00:00.000Z,2005,4,23,28.5,30.52,27.11,75.91,4.82,17.29,1.72,2.65,247.8,0
6958bb42a2106ae9c65ee88c,2005-04-24T00:00:00.000Z,2005,4,24,27.48,29.04,26.57,82.65,3.44,14.25,2.55,3.84,310.8,0
6958bb42a2106ae9c65ee88d,2005-04-25T00:00:00.000Z,2005,4,25,27.69,29.18,26.45,79.35,0.51,23.19,1.78,2.86,311.2,0
6958bb42a2106ae9c65ee88e,2005-04-26T00:00:00.000Z,2005,4,26,28.44,30.49,26.82,75.95,2.63,19.59,1.96,2.5,320.8,0
6958bb42a2106ae9c65ee88f,2005-04-27T00:00:00.000Z,2005,4,27,28.39,30.22,26.98,75.48,5.31,15.69,2.13,2.91,294.8,0
6958bb42a2106ae9c65ee890,2005-04-28T00:00:00.000Z,2005,4,28,28.41,30.42,26.79,75.18,1.14,20.25,2.15,3,271.4,0
6958bb42a2106ae9c65ee891,2005-04-29T00:00:00.000Z,2005,4,29,28.37,30.79,26.83,78.29,1.74,21.66,1.64,2.53,49.6,0
6958bb42a2106ae9c65ee892,2005-04-30T00:00:00.000Z,2005,4,30,28.04,29.87,26.84,80.64,9.79,18.82,2.48,3.93,345.8,0
6958bb42a2106ae9c65ee893,2005-05-01T00:00:00.000Z,2005,5,1,27.8,29.85,26.15,77.81,8.07,14.64,3.46,4.16,232,0
6958bb42a2106ae9c65ee894,2005-05-02T00:00:00.000Z,2005,5,2,27.82,29.97,26.09,80.33,1.42,14.61,2.33,2.84,263,0
6958bb42a2106ae9c65ee895,2005-05-03T00:00:00.000Z,2005,5,3,27.07,27.97,26.4,88,2.74,19.03,3.85,4.46,304,0
6958bb42a2106ae9c65ee896,2005-05-04T00:00:00.000Z,2005,5,4,27.67,29.99,26,79.59,1.14,16.66,3.98,4.61,251.6,0
6958bb42a2106ae9c65ee897,2005-05-05T00:00:00.000Z,2005,5,5,27.78,30.12,25.94,78.37,1.19,16.14,4.11,5.49,266.4,0
6958bb42a2106ae9c65ee898,2005-05-06T00:00:00.000Z,2005,5,6,28.27,31.05,26.18,74.82,1.21,18.08,3.44,4.75,239.3,0
6958bb42a2106ae9c65ee899,2005-05-07T00:00:00.000Z,2005,5,7,27.96,30.49,26.48,78.38,4,14.38,5.75,7.34,234.1,0
6958bb42a2106ae9c65ee89a,2005-05-08T00:00:00.000Z,2005,5,8,27.27,28.66,26.36,82.77,10.83,14.87,6.87,8.03,232.5,0
6958bb42a2106ae9c65ee89b,2005-05-09T00:00:00.000Z,2005,5,9,27.24,28.71,26.43,82.9,7.22,10.35,8.62,9.92,233.9,0
6958bb42a2106ae9c65ee89c,2005-05-10T00:00:00.000Z,2005,5,10,27.28,28.81,26.32,83.82,4.87,12.96,7.49,8.75,236.4,0
6958bb42a2106ae9c65ee89d,2005-05-11T00:00:00.000Z,2005,5,11,27.44,29.19,26.24,80.29,13.54,12.04,7.56,9.53,231.8,0
6958bb42a2106ae9c65ee89e,2005-05-12T00:00:00.000Z,2005,5,12,26.94,28.39,26.13,83.08,6.08,10.2,7.31,8.89,241.6,0
6958bb42a2106ae9c65ee89f,2005-05-13T00:00:00.000Z,2005,5,13,27.54,29.4,26.04,80.93,6.99,17.98,4.79,5.33,260.5,0
6958bb42a2106ae9c65ee8a0,2005-05-14T00:00:00.000Z,2005,5,14,27.63,29.15,26.5,81.08,14.21,18.32,5.57,6.55,262.2,0
6958bb42a2106ae9c65ee8a1,2005-05-15T00:00:00.000Z,2005,5,15,27.59,29.32,26.34,82.27,16.33,9.75,5.8,7.37,241.4,0
6958bb42a2106ae9c65ee8a2,2005-05-16T00:00:00.000Z,2005,5,16,27.07,28.86,25.61,82.21,7.11,11.99,5.25,7.26,260.9,0
6958bb42a2106ae9c65ee8a3,2005-05-17T00:00:00.000Z,2005,5,17,27.34,30,25.04,79.81,1.02,22.27,4.28,5.55,241.9,0
6958bb42a2106ae9c65ee8a4,2005-05-18T00:00:00.000Z,2005,5,18,27.86,29.69,26.47,80.04,0.45,23.09,3.4,3.97,234.8,0
6958bb42a2106ae9c65ee8a5,2005-05-19T00:00:00.000Z,2005,5,19,28.12,30.71,26.05,75.81,0.04,22.9,3.22,4.06,240,0
6958bb42a2106ae9c65ee8a6,2005-05-20T00:00:00.000Z,2005,5,20,28.02,31.08,25.76,73.9,0.12,22.68,2.9,3.82,229.7,0
6958bb42a2106ae9c65ee8a7,2005-05-21T00:00:00.000Z,2005,5,21,28,31.51,25.4,71.92,0,23.86,3.47,4.12,231.2,0
6958bb42a2106ae9c65ee8a8,2005-05-22T00:00:00.000Z,2005,5,22,28.2,31.66,25.38,70.59,0,22.99,3.88,4.41,223.6,0
6958bb42a2106ae9c65ee8a9,2005-05-23T00:00:00.000Z,2005,5,23,28.37,31.59,25.87,71.83,0.03,22.93,4.08,5.06,223.4,0
6958bb42a2106ae9c65ee8aa,2005-05-24T00:00:00.000Z,2005,5,24,27.57,29.61,26,76.51,0.09,18.99,3.82,4.53,235.6,0
6958bb42a2106ae9c65ee8ab,2005-05-25T00:00:00.000Z,2005,5,25,27,28.55,25.65,79.2,3.51,14.74,2.7,3.18,255,0
6958bb42a2106ae9c65ee8ac,2005-05-26T00:00:00.000Z,2005,5,26,27.73,31.07,25.39,75.65,5.13,21.3,1.78,3.33,323.9,0
6958bb42a2106ae9c65ee8ad,2005-05-27T00:00:00.000Z,2005,5,27,27.58,29.44,26.33,76.44,3.75,18.4,2.34,4.17,225.8,0
6958bb42a2106ae9c65ee8ae,2005-05-28T00:00:00.000Z,2005,5,28,27.65,29.82,25.9,77.29,1.33,19.54,2.89,3.69,234.2,0
6958bb42a2106ae9c65ee8af,2005-05-29T00:00:00.000Z,2005,5,29,27.71,29.23,26.45,77.98,1.54,19.46,2.42,3.21,240,0
6958bb42a2106ae9c65ee8b0,2005-05-30T00:00:00.000Z,2005,5,30,27.21,29.14,25.82,82.3,1.71,11.85,3.66,6.21,261.5,0
6958bb42a2106ae9c65ee8b1,2005-05-31T00:00:00.000Z,2005,5,31,26.93,28.7,25.48,80.73,1.21,12.07,3.93,4.69,239,0
6958bb42a2106ae9c65ee8b2,2005-06-01T00:00:00.000Z,2005,6,1,27.71,30.04,25.97,78.9,3.53,20.22,4.42,5.63,219,0
6958bb42a2106ae9c65ee8b3,2005-06-02T00:00:00.000Z,2005,6,2,27.66,29.61,26.35,79.45,6.68,17.22,5.42,7.33,228.7,0
6958bb42a2106ae9c65ee8b4,2005-06-03T00:00:00.000Z,2005,6,3,27.48,29.49,26.12,81.02,16.93,20.54,5.22,6.65,217.5,0
6958bb42a2106ae9c65ee8b5,2005-06-04T00:00:00.000Z,2005,6,4,27.09,28.61,26.09,84.34,7.16,11.41,6,7.3,227.3,0
6958bb42a2106ae9c65ee8b6,2005-06-05T00:00:00.000Z,2005,6,5,26.55,27.87,25.66,85.47,0.51,15.02,3.83,4.73,256.8,0
6958bb42a2106ae9c65ee8b7,2005-06-06T00:00:00.000Z,2005,6,6,27.05,29.31,25.21,80.63,1.26,23.2,4.2,5.48,239.9,0
6958bb42a2106ae9c65ee8b8,2005-06-07T00:00:00.000Z,2005,6,7,26.67,28.29,25.53,82.65,1.7,14.42,5.87,7,240,0
6958bb42a2106ae9c65ee8b9,2005-06-08T00:00:00.000Z,2005,6,8,27.09,28.92,25.67,81.07,0.39,15.39,6.14,6.69,230.3,0
6958bb42a2106ae9c65ee8ba,2005-06-09T00:00:00.000Z,2005,6,9,27.39,29.3,26.06,82.2,0.89,11.29,5.27,6.2,225.6,0
6958bb42a2106ae9c65ee8bb,2005-06-10T00:00:00.000Z,2005,6,10,26.94,28.11,25.81,83.19,1.37,19.92,2.68,4.01,250.3,0
6958bb42a2106ae9c65ee8bc,2005-06-11T00:00:00.000Z,2005,6,11,27.81,30.4,25.94,76.95,0.36,21.79,2.68,3.94,249.9,0
6958bb42a2106ae9c65ee8bd,2005-06-12T00:00:00.000Z,2005,6,12,27.53,29.26,26.43,81.46,1.62,17.11,6.21,7.68,223.4,0
6958bb42a2106ae9c65ee8be,2005-06-13T00:00:00.000Z,2005,6,13,27.6,30.07,25.9,76.79,1.93,16.55,6.78,7.58,209.8,0
6958bb42a2106ae9c65ee8bf,2005-06-14T00:00:00.000Z,2005,6,14,27.13,28.99,25.51,79.06,1.32,13.58,6.66,8.44,236,0
6958bb42a2106ae9c65ee8c0,2005-06-15T00:00:00.000Z,2005,6,15,27.52,29.86,26.07,79.48,2.84,20.59,5.67,6.87,239.9,0
6958bb42a2106ae9c65ee8c1,2005-06-16T00:00:00.000Z,2005,6,16,27.23,29.04,25.86,80.74,6.45,12.88,7.31,9.22,227.4,0
6958bb42a2106ae9c65ee8c2,2005-06-17T00:00:00.000Z,2005,6,17,27.4,28.91,26.31,82.27,18.97,8.75,8.11,9.87,232.2,0
6958bb42a2106ae9c65ee8c3,2005-06-18T00:00:00.000Z,2005,6,18,27.31,28.97,26.23,82.31,20.35,13.52,7.65,9.59,236,0
6958bb42a2106ae9c65ee8c4,2005-06-19T00:00:00.000Z,2005,6,19,26.47,27.77,25.49,84.98,31.08,11.79,7.96,9.44,236.3,0
6958bb42a2106ae9c65ee8c5,2005-06-20T00:00:00.000Z,2005,6,20,26.2,27.71,25.09,80.88,5.36,14.27,7.96,8.8,209.9,0
6958bb42a2106ae9c65ee8c6,2005-06-21T00:00:00.000Z,2005,6,21,26.78,28.93,25.15,79.03,0.06,18.52,6.43,8.52,222.2,0
6958bb42a2106ae9c65ee8c7,2005-06-22T00:00:00.000Z,2005,6,22,27.05,29.12,25.69,78.58,0.55,20.75,5.12,6.22,221.3,0
6958bb42a2106ae9c65ee8c8,2005-06-23T00:00:00.000Z,2005,6,23,27.3,29.53,25.68,79.43,1.78,20.27,5.66,6.7,207.8,0
6958bb42a2106ae9c65ee8c9,2005-06-24T00:00:00.000Z,2005,6,24,26.96,28.38,25.94,81.59,0.83,11.51,5.99,7.13,208.7,0
6958bb42a2106ae9c65ee8ca,2005-06-25T00:00:00.000Z,2005,6,25,26.87,28.6,25.55,78.74,0.56,15.99,5.99,8.52,200.9,0
6958bb42a2106ae9c65ee8cb,2005-06-26T00:00:00.000Z,2005,6,26,27.5,30.07,25.56,77.44,0.14,22.54,4.9,5.76,209.6,0
6958bb42a2106ae9c65ee8cc,2005-06-27T00:00:00.000Z,2005,6,27,27.45,29.93,25.84,78.75,0.02,22.2,5.17,6.51,219.9,0
6958bb42a2106ae9c65ee8cd,2005-06-28T00:00:00.000Z,2005,6,28,27.27,29.39,25.75,78.02,0.03,20.86,6.09,8.16,207.1,0
6958bb42a2106ae9c65ee8ce,2005-06-29T00:00:00.000Z,2005,6,29,27.04,29.56,25.43,77.85,0.02,21.24,5,5.67,211.7,0
6958bb42a2106ae9c65ee8cf,2005-06-30T00:00:00.000Z,2005,6,30,27.98,31.12,25.33,71.42,0,20.57,4.05,5.78,214.7,0
6958bb42a2106ae9c65ee8d0,2005-07-01T00:00:00.000Z,2005,7,1,27.59,29.83,25.61,74.6,0,18.72,2.75,3.1,217.6,0
6958bb42a2106ae9c65ee8d1,2005-07-02T00:00:00.000Z,2005,7,2,27.52,30.19,25.76,77.25,0,23.42,4.31,5.25,234,0
6958bb42a2106ae9c65ee8d2,2005-07-03T00:00:00.000Z,2005,7,3,27.41,29.8,25.73,79.08,0,22.77,5.89,7.42,227.7,0
6958bb42a2106ae9c65ee8d3,2005-07-04T00:00:00.000Z,2005,7,4,27.47,30.52,25.34,73.22,0,21.79,5.24,6.76,216.6,0
6958bb42a2106ae9c65ee8d4,2005-07-05T00:00:00.000Z,2005,7,5,27.43,30.51,25.08,76.11,0.85,23.16,5,5.56,237.6,0
6958bb42a2106ae9c65ee8d5,2005-07-06T00:00:00.000Z,2005,7,6,26.74,27.86,25.72,79.62,7.01,12.37,6.05,8.19,245.3,0
6958bb42a2106ae9c65ee8d6,2005-07-07T00:00:00.000Z,2005,7,7,26.98,29.34,25.17,74.7,2.82,19.53,6.19,7.88,223.3,0
6958bb42a2106ae9c65ee8d7,2005-07-08T00:00:00.000Z,2005,7,8,27.31,29.33,25.77,78.56,0.84,18.89,6.65,8.69,220,0
6958bb42a2106ae9c65ee8d8,2005-07-09T00:00:00.000Z,2005,7,9,27.58,29.39,26.42,78.01,1.22,19.83,5.5,5.97,230.3,0
6958bb42a2106ae9c65ee8d9,2005-07-10T00:00:00.000Z,2005,7,10,27.03,29.14,25.38,78.45,0.66,18.04,5.57,6.86,237.5,0
6958bb42a2106ae9c65ee8da,2005-07-11T00:00:00.000Z,2005,7,11,27.12,29.71,24.9,79.96,1.82,20.82,5.35,6.71,245.7,0
6958bb42a2106ae9c65ee8db,2005-07-12T00:00:00.000Z,2005,7,12,26.94,28.75,25.24,83.64,6.69,13.12,6.31,9.25,264.5,0
6958bb42a2106ae9c65ee8dc,2005-07-13T00:00:00.000Z,2005,7,13,26.2,28.09,24.99,82.78,4.71,13.49,5.67,8.01,234.6,0
6958bb42a2106ae9c65ee8dd,2005-07-14T00:00:00.000Z,2005,7,14,26.54,28.15,25.2,81.35,11.69,12.48,5.2,6.51,217.3,0
6958bb42a2106ae9c65ee8de,2005-07-15T00:00:00.000Z,2005,7,15,26.95,29.35,25.15,76.6,1.38,12.9,5.04,6.7,219.4,0
6958bb42a2106ae9c65ee8df,2005-07-16T00:00:00.000Z,2005,7,16,27.24,29.68,24.94,71.27,0.09,21.64,2.11,3.47,238.1,0
6958bb42a2106ae9c65ee8e0,2005-07-17T00:00:00.000Z,2005,7,17,27.4,29.76,25.79,76.29,2.54,20.59,2.73,4.02,263.1,0
6958bb42a2106ae9c65ee8e1,2005-07-18T00:00:00.000Z,2005,7,18,26.9,29.2,25.32,78.2,1.67,15.64,4.01,4.91,223.2,0
6958bb42a2106ae9c65ee8e2,2005-07-19T00:00:00.000Z,2005,7,19,26.41,28.56,25.1,80.04,15.21,20.21,6.43,7.83,208.6,0
6958bb42a2106ae9c65ee8e3,2005-07-20T00:00:00.000Z,2005,7,20,26.04,27.36,24.96,81.14,5.43,13.01,7.32,8.72,217,0
6958bb42a2106ae9c65ee8e4,2005-07-21T00:00:00.000Z,2005,7,21,26.58,28.99,24.86,79.05,0.53,18.74,7.5,9.44,216.4,0
6958bb42a2106ae9c65ee8e5,2005-07-22T00:00:00.000Z,2005,7,22,26.18,27.42,25.35,81.66,1.36,11.96,8.81,11.24,231.8,0
6958bb42a2106ae9c65ee8e6,2005-07-23T00:00:00.000Z,2005,7,23,26.55,27.97,25.64,81.4,1.7,15.26,8.06,9.58,214.8,0
6958bb42a2106ae9c65ee8e7,2005-07-24T00:00:00.000Z,2005,7,24,26.77,28.75,24.97,79.55,0.72,15.99,6.74,7.88,203.6,0
6958bb42a2106ae9c65ee8e8,2005-07-25T00:00:00.000Z,2005,7,25,27.06,29.85,25.32,77.53,0.22,21.8,7.6,10.07,211.3,0
6958bb42a2106ae9c65ee8e9,2005-07-26T00:00:00.000Z,2005,7,26,26.93,29.77,24.79,78.15,0.01,21.23,7.55,9.35,209.3,0
6958bb42a2106ae9c65ee8ea,2005-07-27T00:00:00.000Z,2005,7,27,27.46,30.75,24.97,75.83,0,23.02,6.1,6.94,209.8,0
6958bb42a2106ae9c65ee8eb,2005-07-28T00:00:00.000Z,2005,7,28,27.51,30.46,25.31,75.01,0,20.92,5.13,5.89,207.2,0
6958bb42a2106ae9c65ee8ec,2005-07-29T00:00:00.000Z,2005,7,29,27.48,29.99,25.53,76.95,0,21.87,5.51,6.48,216.3,0
6958bb42a2106ae9c65ee8ed,2005-07-30T00:00:00.000Z,2005,7,30,27.22,29.75,25.66,78.29,0.44,16.98,7.76,9.47,216.1,0
6958bb42a2106ae9c65ee8ee,2005-07-31T00:00:00.000Z,2005,7,31,26.77,28.81,25.05,78.63,3.59,11.3,8.66,10.78,218.1,0
6958bb42a2106ae9c65ee8ef,2005-08-01T00:00:00.000Z,2005,8,1,27.06,28.7,25.81,78.05,5.79,13.17,7.13,8.79,220.7,0
6958bb42a2106ae9c65ee8f0,2005-08-02T00:00:00.000Z,2005,8,2,27.02,28.77,25.74,78.73,2,18.05,5.41,6.23,228.8,0
6958bb42a2106ae9c65ee8f1,2005-08-03T00:00:00.000Z,2005,8,3,27.19,29.84,25.12,76.91,0.3,21.6,5.15,6.03,220,0
6958bb42a2106ae9c65ee8f2,2005-08-04T00:00:00.000Z,2005,8,4,26.97,28.92,25.49,74.47,0.03,15.31,5.69,8.02,223.1,0
6958bb42a2106ae9c65ee8f3,2005-08-05T00:00:00.000Z,2005,8,5,27.66,30.78,25.37,74.21,0.01,22.5,6.09,7.02,231,0
6958bb42a2106ae9c65ee8f4,2005-08-06T00:00:00.000Z,2005,8,6,27.29,29.73,25.58,76.98,0,22.69,6.55,7.14,218.7,0
6958bb42a2106ae9c65ee8f5,2005-08-07T00:00:00.000Z,2005,8,7,27.73,30.49,25.84,76.37,0,23.08,6.97,7.95,213.3,0
6958bb42a2106ae9c65ee8f6,2005-08-08T00:00:00.000Z,2005,8,8,27.92,30.41,25.89,77.02,0.01,19.2,7.89,9.61,214,0
6958bb42a2106ae9c65ee8f7,2005-08-09T00:00:00.000Z,2005,8,9,27.58,29.35,26.55,78.57,0.33,20.3,8.01,9.97,215.5,0
6958bb42a2106ae9c65ee8f8,2005-08-10T00:00:00.000Z,2005,8,10,27.62,29.43,26.11,78.78,0.51,22.37,6.93,7.87,220.2,0
6958bb42a2106ae9c65ee8f9,2005-08-11T00:00:00.000Z,2005,8,11,27.63,29.39,26.31,79.06,4.04,16.34,8.91,10.38,223.9,0
6958bb42a2106ae9c65ee8fa,2005-08-12T00:00:00.000Z,2005,8,12,27.54,29.33,26.47,77.85,5.3,17.65,9.21,10.36,218,0
6958bb42a2106ae9c65ee8fb,2005-08-13T00:00:00.000Z,2005,8,13,27.4,29.39,26.16,77.56,9.91,17.67,7.61,8.65,211.6,0
6958bb42a2106ae9c65ee8fc,2005-08-14T00:00:00.000Z,2005,8,14,27.63,30.09,25.4,73.8,0.99,16.13,3.7,6.33,195.1,0
6958bb42a2106ae9c65ee8fd,2005-08-15T00:00:00.000Z,2005,8,15,27.85,30.16,26.01,72.97,0.58,9.76,1.71,3.57,177,0
6958bb42a2106ae9c65ee8fe,2005-08-16T00:00:00.000Z,2005,8,16,27.28,28.8,26.07,77.74,0.18,18.77,1.85,3.02,272.1,0
6958bb42a2106ae9c65ee8ff,2005-08-17T00:00:00.000Z,2005,8,17,27.56,30.55,25.51,72.41,0.23,22.6,4.98,7.11,213.4,0
6958bb42a2106ae9c65ee900,2005-08-18T00:00:00.000Z,2005,8,18,27.12,29.42,25.36,77.36,2.47,16.73,7.41,9.27,201.5,0
6958bb42a2106ae9c65ee901,2005-08-19T00:00:00.000Z,2005,8,19,26.8,29.33,25.07,76.19,2.71,18.4,5.32,5.98,206.7,0
6958bb42a2106ae9c65ee902,2005-08-20T00:00:00.000Z,2005,8,20,26.25,27.32,25.26,81.61,1.59,14.78,4.34,5.71,228,0
6958bb42a2106ae9c65ee903,2005-08-21T00:00:00.000Z,2005,8,21,26.63,28.5,25.16,78.82,1.25,19.09,4.86,5.79,216.9,0
6958bb42a2106ae9c65ee904,2005-08-22T00:00:00.000Z,2005,8,22,26.79,28.92,25.25,77.25,1.15,13.6,5.55,7.07,223,0
6958bb42a2106ae9c65ee905,2005-08-23T00:00:00.000Z,2005,8,23,26.15,28.22,24.5,78.43,2.29,15.73,3,4.24,247.3,0
6958bb42a2106ae9c65ee906,2005-08-24T00:00:00.000Z,2005,8,24,26.13,27.8,24.98,80.7,7.71,15.7,3.91,5.21,256.7,0
6958bb42a2106ae9c65ee907,2005-08-25T00:00:00.000Z,2005,8,25,25.83,27.1,24.73,84.52,8.62,8.22,5.76,7.76,283.8,0
6958bb42a2106ae9c65ee908,2005-08-26T00:00:00.000Z,2005,8,26,25.64,27.24,24.55,80.2,4.06,14.95,5.34,6.68,255,0
6958bb42a2106ae9c65ee909,2005-08-27T00:00:00.000Z,2005,8,27,26.27,28.64,24.45,76.83,3.14,19.71,6.11,7.04,243.7,0
6958bb42a2106ae9c65ee90a,2005-08-28T00:00:00.000Z,2005,8,28,26.72,29.01,25.22,76.37,0.8,18.01,5.22,6.09,244.1,0
6958bb42a2106ae9c65ee90b,2005-08-29T00:00:00.000Z,2005,8,29,26.97,29.2,25.24,78.59,1.59,22.82,5.85,8,236.9,0
6958bb42a2106ae9c65ee90c,2005-08-30T00:00:00.000Z,2005,8,30,26.83,28.63,25.47,80.51,2.91,19.69,4.86,5.39,235.9,0
6958bb42a2106ae9c65ee90d,2005-08-31T00:00:00.000Z,2005,8,31,26.79,28.59,25.4,81.93,6.09,14.21,5.14,7.27,237.9,0
6958bb42a2106ae9c65ee90e,2005-09-01T00:00:00.000Z,2005,9,1,26.97,28.69,25.8,81.19,18.59,14.87,5.58,6.92,230.1,0
6958bb42a2106ae9c65ee90f,2005-09-02T00:00:00.000Z,2005,9,2,26.92,28.85,25.85,80.74,3.58,12.98,7.03,8.82,220.8,0
6958bb42a2106ae9c65ee910,2005-09-03T00:00:00.000Z,2005,9,3,26.54,27.82,25.3,83.87,13.53,14.43,7.07,10,220.7,0
6958bb42a2106ae9c65ee911,2005-09-04T00:00:00.000Z,2005,9,4,26.8,28.68,25.74,79.4,6.54,12.99,7.83,9.59,217.8,0
6958bb42a2106ae9c65ee912,2005-09-05T00:00:00.000Z,2005,9,5,26.97,28.88,25.54,79.75,3.65,14.59,5.84,7.11,210.6,0
6958bb42a2106ae9c65ee913,2005-09-06T00:00:00.000Z,2005,9,6,26.83,29.16,25.11,79.3,1.73,17.28,6.79,7.91,215.3,0
6958bb42a2106ae9c65ee914,2005-09-07T00:00:00.000Z,2005,9,7,27.05,30.16,24.9,75.88,1.22,20.58,5.88,7.16,197.5,0
6958bb42a2106ae9c65ee915,2005-09-08T00:00:00.000Z,2005,9,8,27.5,30.69,24.98,73.15,0.03,21.43,4.92,6.11,192.9,0
6958bb42a2106ae9c65ee916,2005-09-09T00:00:00.000Z,2005,9,9,27.48,30.37,25.24,73.34,0,22.84,4.63,6.56,191.7,0
6958bb42a2106ae9c65ee917,2005-09-10T00:00:00.000Z,2005,9,10,27.62,31.27,25.1,73.97,0,24.8,5.21,6.25,197.8,0
6958bb42a2106ae9c65ee918,2005-09-11T00:00:00.000Z,2005,9,11,27.73,30.92,25.25,73.84,0,23.22,4.33,5.3,216.6,0
6958bb42a2106ae9c65ee919,2005-09-12T00:00:00.000Z,2005,9,12,27.74,30.97,25.26,74.16,0,23.34,3.65,4.83,237.9,0
6958bb42a2106ae9c65ee91a,2005-09-13T00:00:00.000Z,2005,9,13,27.02,29.35,25.48,72.95,0.09,20.43,4.17,5.48,224.2,0
6958bb42a2106ae9c65ee91b,2005-09-14T00:00:00.000Z,2005,9,14,27.1,30.11,24.73,74.21,0.04,17.13,3.95,4.45,248.2,0
6958bb42a2106ae9c65ee91c,2005-09-15T00:00:00.000Z,2005,9,15,27.2,30.09,24.98,77.24,0.06,24.32,4.87,6.87,242,0
6958bb42a2106ae9c65ee91d,2005-09-16T00:00:00.000Z,2005,9,16,27.14,29.63,25.21,72.92,0.06,22.94,6.53,8.72,227.3,0
6958bb42a2106ae9c65ee91e,2005-09-17T00:00:00.000Z,2005,9,17,27.31,29.93,25.73,75.86,0.72,22.92,7.5,8.79,234,0
6958bb42a2106ae9c65ee91f,2005-09-18T00:00:00.000Z,2005,9,18,26.45,28.2,25.23,78.02,13.42,17.21,7.54,9.07,232,0
6958bb42a2106ae9c65ee920,2005-09-19T00:00:00.000Z,2005,9,19,26.89,29.29,25.32,75.86,3.6,11.11,7.97,9.85,224.7,0
6958bb42a2106ae9c65ee921,2005-09-20T00:00:00.000Z,2005,9,20,27.11,29.97,24.97,78.28,0.7,15.72,3.94,5,228,0
6958bb42a2106ae9c65ee922,2005-09-21T00:00:00.000Z,2005,9,21,27.92,30.95,25.31,72.08,0.37,23.84,2.64,4.53,213.4,0
6958bb42a2106ae9c65ee923,2005-09-22T00:00:00.000Z,2005,9,22,27.14,28.73,25.71,79.06,3.9,14.7,1.61,2.25,346.1,0
6958bb42a2106ae9c65ee924,2005-09-23T00:00:00.000Z,2005,9,23,26.32,27.31,25.2,81.36,4.47,8.19,1.9,2.57,305,0
6958bb42a2106ae9c65ee925,2005-09-24T00:00:00.000Z,2005,9,24,26.69,28.98,24.9,79.56,1.25,23.92,3.05,5,279,0
6958bb42a2106ae9c65ee926,2005-09-25T00:00:00.000Z,2005,9,25,27.09,30.05,25.19,77.19,1.4,21.3,5.85,7.23,239.8,0
6958bb42a2106ae9c65ee927,2005-09-26T00:00:00.000Z,2005,9,26,26.05,27.87,24.84,80.08,8.62,18.34,6.93,8.93,241.4,0
6958bb42a2106ae9c65ee928,2005-09-27T00:00:00.000Z,2005,9,27,25.85,27.66,25.01,79.84,3.33,15.93,6.35,8.52,228.6,0
6958bb42a2106ae9c65ee929,2005-09-28T00:00:00.000Z,2005,9,28,26.18,27.66,24.68,80.54,0.46,17.6,3.81,4.75,216.1,0
6958bb42a2106ae9c65ee92a,2005-09-29T00:00:00.000Z,2005,9,29,27.14,29.41,25.09,76.59,0.9,20.93,2.86,3.86,253.5,0
6958bb42a2106ae9c65ee92b,2005-09-30T00:00:00.000Z,2005,9,30,26.67,28.39,25.24,78.29,0.76,10.34,2.94,3.72,242.9,0
6958bb42a2106ae9c65ee92c,2005-10-01T00:00:00.000Z,2005,10,1,26.68,28.97,25.03,78.39,5.4,19.35,2.72,3.25,243,0
6958bb42a2106ae9c65ee92d,2005-10-02T00:00:00.000Z,2005,10,2,25.92,26.96,25.26,83.08,1.88,17.24,3.48,4.09,268.5,0
6958bb42a2106ae9c65ee92e,2005-10-03T00:00:00.000Z,2005,10,3,26.03,27.52,24.7,83.1,2.98,17.35,5.1,5.99,242.6,0
6958bb42a2106ae9c65ee92f,2005-10-04T00:00:00.000Z,2005,10,4,25.93,27.68,24.71,80.13,3.81,11.05,6.05,7.99,215.8,0
6958bb42a2106ae9c65ee930,2005-10-05T00:00:00.000Z,2005,10,5,26.19,28.52,24.46,80.18,2.32,21.74,5.24,6.05,241,0
6958bb42a2106ae9c65ee931,2005-10-06T00:00:00.000Z,2005,10,6,26.7,29.07,24.98,79.62,3.63,18.03,4.48,5,256.7,0
6958bb42a2106ae9c65ee932,2005-10-07T00:00:00.000Z,2005,10,7,26.11,27.34,25.17,85.67,9.9,10.14,4.94,6.21,258.8,0
6958bb42a2106ae9c65ee933,2005-10-08T00:00:00.000Z,2005,10,8,25.82,27.25,24.91,87.85,22.1,6.26,4.56,6.46,275.9,0
6958bb42a2106ae9c65ee934,2005-10-09T00:00:00.000Z,2005,10,9,25.94,27.78,24.66,86.07,16.96,12.65,3.51,6.08,309.6,0
6958bb42a2106ae9c65ee935,2005-10-10T00:00:00.000Z,2005,10,10,25.66,26.77,24.82,89.11,9.3,13.83,3.74,5.39,253.8,0
6958bb42a2106ae9c65ee936,2005-10-11T00:00:00.000Z,2005,10,11,26.63,29.2,24.97,82.41,3.35,15.85,4.19,5.6,228.9,0
6958bb42a2106ae9c65ee937,2005-10-12T00:00:00.000Z,2005,10,12,25.8,27.18,25.18,87.07,3.51,11.48,6.01,7.13,262.9,0
6958bb42a2106ae9c65ee938,2005-10-13T00:00:00.000Z,2005,10,13,26.31,28.05,25.07,83.05,3.25,18.79,4.7,5.9,274.2,0
6958bb42a2106ae9c65ee939,2005-10-14T00:00:00.000Z,2005,10,14,26.52,28.64,25,79.96,1.71,14.29,2.43,3.3,258.7,0
6958bb42a2106ae9c65ee93a,2005-10-15T00:00:00.000Z,2005,10,15,25.86,26.84,25.01,84.71,10.28,12.9,2.95,4.26,239.5,0
6958bb42a2106ae9c65ee93b,2005-10-16T00:00:00.000Z,2005,10,16,26.43,28.33,25.17,81.45,4.29,15.69,3.92,5.48,193.9,0
6958bb42a2106ae9c65ee93c,2005-10-17T00:00:00.000Z,2005,10,17,26.52,28.79,24.92,78.8,2.92,15.1,2.75,3.86,217.2,0
6958bb42a2106ae9c65ee93d,2005-10-18T00:00:00.000Z,2005,10,18,26.4,28.56,25.03,76.07,0.69,15.82,1.77,2.79,253.7,0
6958bb42a2106ae9c65ee93e,2005-10-19T00:00:00.000Z,2005,10,19,26.17,28.24,24.63,81.37,1.57,15.66,3.82,5.43,257.6,0
6958bb42a2106ae9c65ee93f,2005-10-20T00:00:00.000Z,2005,10,20,25.14,26.09,24.38,86.6,2.57,11.78,3.31,4.12,303.8,0
6958bb42a2106ae9c65ee940,2005-10-21T00:00:00.000Z,2005,10,21,25.49,26.74,24.41,85.72,3.05,9.32,4.79,7.15,262.8,0
6958bb42a2106ae9c65ee941,2005-10-22T00:00:00.000Z,2005,10,22,26.2,28,24.57,82.73,1.65,14.69,4.1,4.68,244.8,0
6958bb42a2106ae9c65ee942,2005-10-23T00:00:00.000Z,2005,10,23,26.46,28.26,25.22,82.59,3.27,15.37,5.48,6.65,223.6,0
6958bb42a2106ae9c65ee943,2005-10-24T00:00:00.000Z,2005,10,24,26.05,28.11,24.77,85.04,11.38,6.68,5.93,8.57,247.5,0
6958bb42a2106ae9c65ee944,2005-10-25T00:00:00.000Z,2005,10,25,26.39,29.18,24.45,79.39,0.74,19.58,4.83,5.89,224.3,0
6958bb42a2106ae9c65ee945,2005-10-26T00:00:00.000Z,2005,10,26,26.72,28.82,24.48,73.91,0.03,22.43,2.73,3.83,232.8,0
6958bb42a2106ae9c65ee946,2005-10-27T00:00:00.000Z,2005,10,27,26.45,28.18,25.26,77.99,0.37,17.16,2.65,4.16,8.2,0
6958bb42a2106ae9c65ee947,2005-10-28T00:00:00.000Z,2005,10,28,26.18,27.96,24.98,81.21,0.8,16.56,4.59,6.16,35.5,0
6958bb42a2106ae9c65ee948,2005-10-29T00:00:00.000Z,2005,10,29,26.22,28.24,24.92,84.53,2.8,18.17,3.93,4.72,343.9,0
6958bb42a2106ae9c65ee949,2005-10-30T00:00:00.000Z,2005,10,30,25.67,27.04,24.71,87.66,8.35,15.11,4.92,6.46,281.8,0
6958bb42a2106ae9c65ee94a,2005-10-31T00:00:00.000Z,2005,10,31,25.75,27.48,24.58,83.28,11.31,9.43,4.89,6.53,234,0
6958bb42a2106ae9c65ee94b,2005-11-01T00:00:00.000Z,2005,11,1,26.1,28.29,24.52,81.67,3.19,16.66,5.95,8.22,232.4,0
6958bb42a2106ae9c65ee94c,2005-11-02T00:00:00.000Z,2005,11,2,25.94,27.41,24.99,83.25,2.31,16.58,4.61,5.68,261.2,0
6958bb42a2106ae9c65ee94d,2005-11-03T00:00:00.000Z,2005,11,3,25.87,27.57,24.66,83.38,1.93,15.7,5.61,7.97,223.1,0
6958bb42a2106ae9c65ee94e,2005-11-04T00:00:00.000Z,2005,11,4,26.87,29.94,24.97,79.17,1.54,16.08,5.45,7.37,194.4,0
6958bb42a2106ae9c65ee94f,2005-11-05T00:00:00.000Z,2005,11,5,26.79,29.44,24.83,72.85,0.43,18.54,4.16,5.36,183.2,0
6958bb42a2106ae9c65ee950,2005-11-06T00:00:00.000Z,2005,11,6,27.54,29.67,25.61,68.85,0.27,21.11,1,2.31,112.5,0
6958bb42a2106ae9c65ee951,2005-11-07T00:00:00.000Z,2005,11,7,27.8,30.37,26.04,74.47,1.59,20.84,2.7,3.85,182.7,0
6958bb42a2106ae9c65ee952,2005-11-08T00:00:00.000Z,2005,11,8,27.91,31,25.25,72.19,1.33,17.59,2.23,3.23,130,0
6958bb42a2106ae9c65ee953,2005-11-09T00:00:00.000Z,2005,11,9,27.78,30.54,26.09,75.77,1.77,21.08,2.01,2.79,318.3,0
6958bb42a2106ae9c65ee954,2005-11-10T00:00:00.000Z,2005,11,10,26.71,28.49,25.56,84.09,0.73,20.65,3.02,3.8,33.2,0
6958bb42a2106ae9c65ee955,2005-11-11T00:00:00.000Z,2005,11,11,26.4,28.43,24.96,82.28,1.2,19.19,2.55,3.56,342,0
6958bb42a2106ae9c65ee956,2005-11-12T00:00:00.000Z,2005,11,12,25.82,26.9,25.13,85.22,6.79,11.76,4.04,5.18,289.3,0
6958bb42a2106ae9c65ee957,2005-11-13T00:00:00.000Z,2005,11,13,25.91,27.88,24.61,84.51,6.41,17.43,3.72,4.42,284.5,0
6958bb42a2106ae9c65ee958,2005-11-14T00:00:00.000Z,2005,11,14,26.4,28.06,24.9,82.42,10.5,18.26,3.39,4.25,258,0
6958bb42a2106ae9c65ee959,2005-11-15T00:00:00.000Z,2005,11,15,26.24,27.42,25.24,85.65,7.93,17.08,4.32,6.39,238,0
6958bb42a2106ae9c65ee95a,2005-11-16T00:00:00.000Z,2005,11,16,26.21,28.14,24.79,82.32,6.97,12.21,5.67,6.92,216.1,0
6958bb42a2106ae9c65ee95b,2005-11-17T00:00:00.000Z,2005,11,17,26.18,28.11,24.64,83.54,2.96,15.78,4.22,4.92,225.5,0
6958bb42a2106ae9c65ee95c,2005-11-18T00:00:00.000Z,2005,11,18,26.13,27.93,24.8,83.34,1.38,18.06,3.39,4.55,216.8,0
6958bb42a2106ae9c65ee95d,2005-11-19T00:00:00.000Z,2005,11,19,25.74,27.58,24.53,78.89,6.9,16.33,1.44,2.88,207.3,0
6958bb42a2106ae9c65ee95e,2005-11-20T00:00:00.000Z,2005,11,20,25.31,26.42,24.59,84.6,7.12,14.34,0.98,2.08,80.8,0
6958bb42a2106ae9c65ee95f,2005-11-21T00:00:00.000Z,2005,11,21,26.07,27.92,24.58,85.22,2.59,15.02,4.58,7.15,66,0
6958bb42a2106ae9c65ee960,2005-11-22T00:00:00.000Z,2005,11,22,26.56,28.4,25.17,80.94,1.73,12.92,6.85,9.13,61.8,0
6958bb42a2106ae9c65ee961,2005-11-23T00:00:00.000Z,2005,11,23,25.79,26.95,24.86,86.09,34.83,11.52,6.07,8.52,68,0
6958bb42a2106ae9c65ee962,2005-11-24T00:00:00.000Z,2005,11,24,25.21,26.36,24.39,86.04,5.86,11.71,3.13,4.19,52,0
6958bb42a2106ae9c65ee963,2005-11-25T00:00:00.000Z,2005,11,25,25.81,28.09,24.14,82.21,4.51,13.07,3.02,4.86,222,0
6958bb42a2106ae9c65ee964,2005-11-26T00:00:00.000Z,2005,11,26,25.67,28.05,23.93,83.26,7.27,13.37,6.12,9.54,197.2,0
6958bb42a2106ae9c65ee965,2005-11-27T00:00:00.000Z,2005,11,27,25.77,27.48,24.58,83.16,4.22,15.8,4.63,6.96,215.5,0
6958bb42a2106ae9c65ee966,2005-11-28T00:00:00.000Z,2005,11,28,25.71,27.41,24.53,82.75,4.45,13.57,2.91,4.68,209.4,0
6958bb42a2106ae9c65ee967,2005-11-29T00:00:00.000Z,2005,11,29,25.53,27.37,24.36,83.62,7.84,17.1,5.17,6.85,235.7,0
6958bb42a2106ae9c65ee968,2005-11-30T00:00:00.000Z,2005,11,30,24.87,25.82,24.09,84.77,19.49,5.19,4.24,5.38,270.3,0
6958bb42a2106ae9c65ee969,2005-12-01T00:00:00.000Z,2005,12,1,24.49,25.81,23.39,86.99,7.77,17.37,2.36,3,297.9,0
6958bb42a2106ae9c65ee96a,2005-12-02T00:00:00.000Z,2005,12,2,24.34,26.03,23.31,86.63,10.48,9.36,4.34,6.26,274.9,0
6958bb42a2106ae9c65ee96b,2005-12-03T00:00:00.000Z,2005,12,3,25,26.93,23.43,84.44,1.75,17.73,6.75,7.55,239.5,0
6958bb42a2106ae9c65ee96c,2005-12-04T00:00:00.000Z,2005,12,4,25.41,27.53,23.9,83.42,10.37,14.62,5.94,6.43,230.8,0
6958bb42a2106ae9c65ee96d,2005-12-05T00:00:00.000Z,2005,12,5,25.52,27.27,24.23,83.09,0.98,9.15,4.84,5.74,207.5,0
6958bb42a2106ae9c65ee96e,2005-12-06T00:00:00.000Z,2005,12,6,26.27,28.95,24.17,77.82,6.27,19.78,1.85,3.79,175.2,0
6958bb42a2106ae9c65ee96f,2005-12-07T00:00:00.000Z,2005,12,7,25.7,27.08,24.82,84.47,4.2,14.25,1.24,1.83,264.4,0
6958bb42a2106ae9c65ee970,2005-12-08T00:00:00.000Z,2005,12,8,25.41,26.43,24.69,84.72,3.44,10.84,1.59,2.42,40.6,0
6958bb42a2106ae9c65ee971,2005-12-09T00:00:00.000Z,2005,12,9,25.51,27.02,24.43,86.8,5.28,13.67,2.35,2.9,58.1,0
6958bb42a2106ae9c65ee972,2005-12-10T00:00:00.000Z,2005,12,10,25.49,26.74,24.62,89.94,13.78,8.84,2.59,3.86,24.3,0
6958bb42a2106ae9c65ee973,2005-12-11T00:00:00.000Z,2005,12,11,25.48,27.07,24.48,87.36,12.92,7.3,3.83,5.31,184.3,0
6958bb42a2106ae9c65ee974,2005-12-12T00:00:00.000Z,2005,12,12,25.16,25.99,24.35,90.43,11.61,13.15,2.36,3.24,82.1,0
6958bb42a2106ae9c65ee975,2005-12-13T00:00:00.000Z,2005,12,13,25.08,25.86,24.41,90.6,20.61,13.02,2.72,3.35,81,0
6958bb42a2106ae9c65ee976,2005-12-14T00:00:00.000Z,2005,12,14,25.36,27.05,23.83,86.27,17.92,10.37,3.13,3.81,133.5,0
6958bb42a2106ae9c65ee977,2005-12-15T00:00:00.000Z,2005,12,15,25.21,26.46,23.97,86.61,6.8,11.46,2.5,3.65,108.7,0
6958bb42a2106ae9c65ee978,2005-12-16T00:00:00.000Z,2005,12,16,24.96,26.23,23.61,89.11,12.82,12.42,2.91,4.34,77.7,0
6958bb42a2106ae9c65ee979,2005-12-17T00:00:00.000Z,2005,12,17,25.19,26.25,24.33,86.32,12.66,6.5,3.37,5.68,92.5,0
6958bb42a2106ae9c65ee97a,2005-12-18T00:00:00.000Z,2005,12,18,25.25,26.83,23.72,87.86,13.77,17.36,4.9,6.09,80,0
6958bb42a2106ae9c65ee97b,2005-12-19T00:00:00.000Z,2005,12,19,25.79,27.35,24.49,87.38,12.57,16.87,4.31,5.76,72.7,0
6958bb42a2106ae9c65ee97c,2005-12-20T00:00:00.000Z,2005,12,20,26.32,28.74,24.52,78.06,10.03,15.23,2.68,3.77,146.7,0
6958bb42a2106ae9c65ee97d,2005-12-21T00:00:00.000Z,2005,12,21,25.58,26.77,24.52,84.99,5.12,14.41,2.08,2.88,111.6,0
6958bb42a2106ae9c65ee97e,2005-12-22T00:00:00.000Z,2005,12,22,25.3,26.34,24.21,88.8,6.54,15.83,3.79,5.43,78.8,0
6958bb42a2106ae9c65ee97f,2005-12-23T00:00:00.000Z,2005,12,23,25.96,27.83,24.56,86.89,2.93,16.13,5.67,8.02,72.4,0
6958bb42a2106ae9c65ee980,2005-12-24T00:00:00.000Z,2005,12,24,25.84,27.22,24.7,88.29,7.39,11.69,3.92,6.2,86.1,0
6958bb42a2106ae9c65ee981,2005-12-25T00:00:00.000Z,2005,12,25,26.02,27.62,24.46,84.27,6.45,14.92,2.96,3.48,125.2,0
6958bb42a2106ae9c65ee982,2005-12-26T00:00:00.000Z,2005,12,26,26.36,28,24.98,79.24,8.47,18.23,2.23,3.24,217.7,0
6958bb42a2106ae9c65ee983,2005-12-27T00:00:00.000Z,2005,12,27,25.71,26.86,24.65,84.85,6.4,14.43,2.8,3.39,339.8,0
6958bb42a2106ae9c65ee984,2005-12-28T00:00:00.000Z,2005,12,28,25.67,27.44,24.07,85.33,0.12,20.3,3.49,4.62,35.6,0
6958bb42a2106ae9c65ee985,2005-12-29T00:00:00.000Z,2005,12,29,25.69,27.27,24.34,84.99,0.88,19.14,3.33,4.14,37.5,0
6958bb42a2106ae9c65ee986,2005-12-30T00:00:00.000Z,2005,12,30,25.48,27.28,24.22,84.41,0.87,19.11,2.97,4.3,35.6,0
6958bb42a2106ae9c65ee987,2005-12-31T00:00:00.000Z,2005,12,31,25.86,27.62,24.49,83.52,2.02,13.62,4.97,6.52,45.5,0
6958bb42a2106ae9c65ee988,2006-01-01T00:00:00.000Z,2006,1,1,25.97,27.34,25.02,84.92,2.08,13.8,3.72,4.81,51.5,0
6958bb42a2106ae9c65ee989,2006-01-02T00:00:00.000Z,2006,1,2,25.76,27.7,24.1,81.42,3.66,13.39,2.95,5.2,105.7,0
6958bb42a2106ae9c65ee98a,2006-01-03T00:00:00.000Z,2006,1,3,24.81,26.33,23.56,80.81,6.24,15.44,1.83,2.54,256.5,0
6958bb42a2106ae9c65ee98b,2006-01-04T00:00:00.000Z,2006,1,4,25.52,27.27,24.13,85.55,3.48,10.03,1.8,2.43,40.6,0
6958bb42a2106ae9c65ee98c,2006-01-05T00:00:00.000Z,2006,1,5,25.94,26.88,25.2,86.85,4.65,17.93,1.52,2.65,39.1,0
6958bb42a2106ae9c65ee98d,2006-01-06T00:00:00.000Z,2006,1,6,25.48,26.12,24.82,86.16,7.65,9.05,2.43,3.59,10.6,0
6958bb42a2106ae9c65ee98e,2006-01-07T00:00:00.000Z,2006,1,7,25.99,27.54,24.61,84.73,1.93,14.14,7.94,10.2,71.7,0
6958bb42a2106ae9c65ee98f,2006-01-08T00:00:00.000Z,2006,1,8,25.94,27.24,24.96,85.82,2.88,13.92,7.98,9.35,72.7,0
6958bb42a2106ae9c65ee990,2006-01-09T00:00:00.000Z,2006,1,9,26.09,27.75,24.85,85.91,6.02,11.65,8.01,9.71,72.3,0
6958bb42a2106ae9c65ee991,2006-01-10T00:00:00.000Z,2006,1,10,25.96,27.16,25.2,85.35,3.44,14.78,7.75,9.86,77.3,0
6958bb42a2106ae9c65ee992,2006-01-11T00:00:00.000Z,2006,1,11,25.65,26.6,24.86,88.53,98.22,11.83,4.82,7.08,81.3,0
6958bb42a2106ae9c65ee993,2006-01-12T00:00:00.000Z,2006,1,12,25.68,26.76,24.72,87.34,23.63,17.89,4.64,6.2,66.2,0
6958bb42a2106ae9c65ee994,2006-01-13T00:00:00.000Z,2006,1,13,25.99,27.49,24.56,86.6,5.93,18.13,5.01,5.66,64.1,0
6958bb42a2106ae9c65ee995,2006-01-14T00:00:00.000Z,2006,1,14,26.1,27.41,24.74,87.15,18.39,17.39,4.5,5.7,62.8,0
6958bb42a2106ae9c65ee996,2006-01-15T00:00:00.000Z,2006,1,15,26.23,27.8,25.02,85.37,17.55,17.81,3.72,4.5,59.3,0
6958bb42a2106ae9c65ee997,2006-01-16T00:00:00.000Z,2006,1,16,26.16,28.82,24.34,81.82,0.85,17.51,3.41,4.58,71.4,0
6958bb42a2106ae9c65ee998,2006-01-17T00:00:00.000Z,2006,1,17,25.44,27.42,23.7,83.04,0.04,16.62,3.98,5,41.4,0
6958bb42a2106ae9c65ee999,2006-01-18T00:00:00.000Z,2006,1,18,25.13,26.54,24.02,86.89,0.55,19.58,4.14,5.29,27,0
6958bb42a2106ae9c65ee99a,2006-01-19T00:00:00.000Z,2006,1,19,25.44,27.26,24.11,86.17,0.34,17.62,3.49,4.2,21.1,0
6958bb42a2106ae9c65ee99b,2006-01-20T00:00:00.000Z,2006,1,20,25.43,27.11,24.31,85.52,0.75,15.71,3.56,6.07,355.5,0
6958bb42a2106ae9c65ee99c,2006-01-21T00:00:00.000Z,2006,1,21,25.19,27.1,23.5,80.98,3.36,17.67,3.76,5.28,353,0
6958bb42a2106ae9c65ee99d,2006-01-22T00:00:00.000Z,2006,1,22,24.77,27.07,22.53,78.3,0.2,20.36,3.27,3.99,356,0
6958bb42a2106ae9c65ee99e,2006-01-23T00:00:00.000Z,2006,1,23,25.47,27.45,23.84,73.9,0.44,16.5,3.72,5.04,7.7,0
6958bb42a2106ae9c65ee99f,2006-01-24T00:00:00.000Z,2006,1,24,25.8,28.05,24.11,73.33,0.05,20.25,3.23,5.07,25.8,0
6958bb42a2106ae9c65ee9a0,2006-01-25T00:00:00.000Z,2006,1,25,25.89,27.96,24.16,82.01,5.14,16.74,4.47,5.76,59,0
6958bb42a2106ae9c65ee9a1,2006-01-26T00:00:00.000Z,2006,1,26,26.02,27.8,24.63,80.89,6.33,12.97,5.91,7.59,71,0
6958bb42a2106ae9c65ee9a2,2006-01-27T00:00:00.000Z,2006,1,27,26.1,28.63,24.27,76.09,0.14,19.19,2.95,3.92,59.3,0
6958bb42a2106ae9c65ee9a3,2006-01-28T00:00:00.000Z,2006,1,28,25.98,28.36,24.07,77.17,0.3,22.87,3.4,4.44,39.2,0
6958bb42a2106ae9c65ee9a4,2006-01-29T00:00:00.000Z,2006,1,29,26.13,28.7,24.18,73.9,0.23,23.75,3.55,4.79,34.1,0
6958bb42a2106ae9c65ee9a5,2006-01-30T00:00:00.000Z,2006,1,30,26.11,28.62,23.9,77.54,0.27,23.02,3.8,4.86,35.2,0
6958bb42a2106ae9c65ee9a6,2006-01-31T00:00:00.000Z,2006,1,31,26.7,29.38,24.38,77.14,0.03,22.42,4.61,6.1,54.6,0
6958bb42a2106ae9c65ee9a7,2006-02-01T00:00:00.000Z,2006,2,1,26.78,29.3,24.3,78.78,0.49,22.1,5.18,6.28,70.1,0
6958bb42a2106ae9c65ee9a8,2006-02-02T00:00:00.000Z,2006,2,2,26.87,28.74,25.08,81.59,4.18,19.75,4.2,5.73,79.2,0
6958bb42a2106ae9c65ee9a9,2006-02-03T00:00:00.000Z,2006,2,3,27.05,28.82,25.49,80.23,10.27,18.37,5.33,6.39,76.1,0
6958bb42a2106ae9c65ee9aa,2006-02-04T00:00:00.000Z,2006,2,4,26.65,28.26,25.23,81.65,5.93,15.44,5.07,7.14,67.7,0
6958bb42a2106ae9c65ee9ab,2006-02-05T00:00:00.000Z,2006,2,5,26.64,28.18,25.6,83,14.71,16.13,5.85,7.74,58,0
6958bb42a2106ae9c65ee9ac,2006-02-06T00:00:00.000Z,2006,2,6,26.49,27.69,25.41,82.2,3.76,21.02,5.53,6.66,66.3,0
6958bb42a2106ae9c65ee9ad,2006-02-07T00:00:00.000Z,2006,2,7,26.89,28.52,25.72,81.47,24.85,17.2,5.22,5.95,70.1,0
6958bb42a2106ae9c65ee9ae,2006-02-08T00:00:00.000Z,2006,2,8,26.98,28.59,25.83,80.86,8.31,15.45,6.12,7.45,59.9,0
6958bb42a2106ae9c65ee9af,2006-02-09T00:00:00.000Z,2006,2,9,27.1,29.28,25.72,78.49,1.96,20.24,6.86,8.7,67.1,0
6958bb42a2106ae9c65ee9b0,2006-02-10T00:00:00.000Z,2006,2,10,26.53,28.34,25.37,82.73,3.57,16.88,6.07,7.63,76,0
6958bb42a2106ae9c65ee9b1,2006-02-11T00:00:00.000Z,2006,2,11,26.12,27.37,24.92,84.6,2.36,18.48,4.65,6.21,83.6,0
6958bb42a2106ae9c65ee9b2,2006-02-12T00:00:00.000Z,2006,2,12,26.13,27.64,24.77,86.19,12.25,20.52,3.65,4.29,62.9,0
6958bb42a2106ae9c65ee9b3,2006-02-13T00:00:00.000Z,2006,2,13,25.75,26.34,25,83.54,8.56,11.48,2.18,2.91,0.7,0
6958bb42a2106ae9c65ee9b4,2006-02-14T00:00:00.000Z,2006,2,14,27.19,30.27,24.63,74.96,2.97,15.88,2.24,3.23,254.1,0
6958bb42a2106ae9c65ee9b5,2006-02-15T00:00:00.000Z,2006,2,15,26.95,28.56,25.7,81.94,3.02,13.04,2.13,3.21,258.6,0
6958bb42a2106ae9c65ee9b6,2006-02-16T00:00:00.000Z,2006,2,16,26.99,28.84,25.43,79.67,1.19,19.69,1.85,3.57,140.1,0
6958bb42a2106ae9c65ee9b7,2006-02-17T00:00:00.000Z,2006,2,17,26.2,28.1,25.14,87.8,7.51,18.18,3.25,5.49,11.4,0
6958bb42a2106ae9c65ee9b8,2006-02-18T00:00:00.000Z,2006,2,18,26.38,27.94,25.13,85.07,1.71,19.91,3.15,3.96,15.3,0
6958bb42a2106ae9c65ee9b9,2006-02-19T00:00:00.000Z,2006,2,19,26.86,28.85,25.2,82.12,0.04,22.29,5.38,6.84,61.9,0
6958bb42a2106ae9c65ee9ba,2006-02-20T00:00:00.000Z,2006,2,20,27.19,28.96,25.75,81.05,2.45,17.65,4.63,6.04,62.8,0
6958bb42a2106ae9c65ee9bb,2006-02-21T00:00:00.000Z,2006,2,21,27.2,28.85,25.99,81.97,2.99,18.79,5.52,6.67,62,0
6958bb42a2106ae9c65ee9bc,2006-02-22T00:00:00.000Z,2006,2,22,27.03,29.46,25.32,81.73,2.42,18.77,4.49,5.43,76.3,0
6958bb42a2106ae9c65ee9bd,2006-02-23T00:00:00.000Z,2006,2,23,27.1,29.29,25.15,78.29,1.11,18.56,4.6,6.69,67.9,0
6958bb42a2106ae9c65ee9be,2006-02-24T00:00:00.000Z,2006,2,24,26.68,29.09,25.07,83.37,3.36,15.67,3.9,5.28,74.7,0
6958bb42a2106ae9c65ee9bf,2006-02-25T00:00:00.000Z,2006,2,25,26.76,29.4,24.73,81.95,11.46,17.3,2.02,3.5,89.5,0
6958bb42a2106ae9c65ee9c0,2006-02-26T00:00:00.000Z,2006,2,26,26.68,28.71,25.41,79.84,9.38,15.95,1.22,2.22,69.3,0
6958bb42a2106ae9c65ee9c1,2006-02-27T00:00:00.000Z,2006,2,27,27.03,29.48,25.11,77.78,2.82,19.43,1.01,2.73,248.5,0
6958bb42a2106ae9c65ee9c2,2006-02-28T00:00:00.000Z,2006,2,28,27.57,30.38,25.42,75.68,4.5,22.22,1.74,3.11,170.3,0
6958bb42a2106ae9c65ee9c3,2006-03-01T00:00:00.000Z,2006,3,1,27.48,30.13,25.48,78.3,1.25,23.33,2.85,4.26,50.4,0
6958bb42a2106ae9c65ee9c4,2006-03-02T00:00:00.000Z,2006,3,2,27.67,30.11,25.68,77.21,3.73,22.55,3.82,4.94,57.7,0
6958bb42a2106ae9c65ee9c5,2006-03-03T00:00:00.000Z,2006,3,3,27.52,29.24,26.24,81.33,9.24,16.95,5.71,7.31,51.9,0
6958bb42a2106ae9c65ee9c6,2006-03-04T00:00:00.000Z,2006,3,4,27.6,29.62,26.09,79.53,2.39,22.12,4.18,5.47,55.1,0
6958bb42a2106ae9c65ee9c7,2006-03-05T00:00:00.000Z,2006,3,5,27.05,29.01,25.46,81.19,1.72,22.64,4.43,5.64,62.4,0
6958bb42a2106ae9c65ee9c8,2006-03-06T00:00:00.000Z,2006,3,6,27.46,29.28,25.5,75.25,0.49,22.96,2.26,3.46,93.3,0
6958bb42a2106ae9c65ee9c9,2006-03-07T00:00:00.000Z,2006,3,7,27.19,28.34,26.24,80.07,5.97,22.64,3.4,4.89,37.2,0
6958bb42a2106ae9c65ee9ca,2006-03-08T00:00:00.000Z,2006,3,8,27.81,30.59,25.79,74.47,0.67,21.73,2.75,3.52,48.7,0
6958bb42a2106ae9c65ee9cb,2006-03-09T00:00:00.000Z,2006,3,9,27.45,29.62,25.86,78.15,3.74,21.67,3.67,4.66,43.1,0
6958bb42a2106ae9c65ee9cc,2006-03-10T00:00:00.000Z,2006,3,10,27.17,29.33,25.65,79.06,7.56,18.81,3.14,4.07,44.4,0
6958bb42a2106ae9c65ee9cd,2006-03-11T00:00:00.000Z,2006,3,11,27.25,29.53,25.67,78.98,12.74,21.83,1.91,3.03,338.8,0
6958bb42a2106ae9c65ee9ce,2006-03-12T00:00:00.000Z,2006,3,12,27.27,28.48,25.97,76.87,6.38,19.44,1.09,2.19,292.5,0
6958bb42a2106ae9c65ee9cf,2006-03-13T00:00:00.000Z,2006,3,13,28,30.77,25.84,72.01,0,22.6,1.82,2.53,287.7,0
6958bb42a2106ae9c65ee9d0,2006-03-14T00:00:00.000Z,2006,3,14,27.41,29.96,25.76,77.09,0,20.1,2.26,3.15,358.7,0
6958bb42a2106ae9c65ee9d1,2006-03-15T00:00:00.000Z,2006,3,15,26.88,29.08,25.31,81.53,0,18.72,3.14,4.51,31.8,0
6958bb42a2106ae9c65ee9d2,2006-03-16T00:00:00.000Z,2006,3,16,26.98,29.22,25.21,80.74,0,22.42,2.79,3.87,21.1,0
6958bb42a2106ae9c65ee9d3,2006-03-17T00:00:00.000Z,2006,3,17,27.13,29.35,25.35,82.34,3.85,21.88,3.3,4.54,51.2,0
6958bb42a2106ae9c65ee9d4,2006-03-18T00:00:00.000Z,2006,3,18,26.7,28.23,25.41,84.16,8.66,18.28,3.68,5.32,39.6,0
6958bb42a2106ae9c65ee9d5,2006-03-19T00:00:00.000Z,2006,3,19,27.63,30.12,25.46,78.26,4.9,13.86,2.18,3.89,89.8,0
6958bb42a2106ae9c65ee9d6,2006-03-20T00:00:00.000Z,2006,3,20,27.28,29.63,25.75,77.78,10.67,17.31,2.42,3.39,249.5,0
6958bb42a2106ae9c65ee9d7,2006-03-21T00:00:00.000Z,2006,3,21,26.05,26.99,25.27,84.15,22.48,13.55,2.77,3.89,258.1,0
6958bb42a2106ae9c65ee9d8,2006-03-22T00:00:00.000Z,2006,3,22,27.28,29.91,24.94,76.95,10.74,14.46,2.69,4.75,180.5,0
6958bb42a2106ae9c65ee9d9,2006-03-23T00:00:00.000Z,2006,3,23,26.1,27.12,25.39,86.87,22.46,13.06,5.56,10.69,224.9,0
6958bb42a2106ae9c65ee9da,2006-03-24T00:00:00.000Z,2006,3,24,25.98,27.28,24.77,87.34,30.8,7.29,6.07,9.42,244.4,0
6958bb42a2106ae9c65ee9db,2006-03-25T00:00:00.000Z,2006,3,25,26.06,27.64,24.73,80.66,8.07,17.45,1.68,4.13,350.3,0
6958bb42a2106ae9c65ee9dc,2006-03-26T00:00:00.000Z,2006,3,26,25.76,27.42,24.6,86.04,9.66,15.04,5,6.2,268.4,0
6958bb42a2106ae9c65ee9dd,2006-03-27T00:00:00.000Z,2006,3,27,25.96,27.38,24.85,80.6,2.24,12.35,5.99,7.03,240.3,0
6958bb42a2106ae9c65ee9de,2006-03-28T00:00:00.000Z,2006,3,28,27,29.99,24.43,77.06,0.03,23.69,3.14,3.8,252.2,0
6958bb42a2106ae9c65ee9df,2006-03-29T00:00:00.000Z,2006,3,29,27.5,30.43,25.2,77.58,0.28,22.4,2.78,3.13,250.8,0
6958bb42a2106ae9c65ee9e0,2006-03-30T00:00:00.000Z,2006,3,30,26.77,28.3,25.43,81.73,0.85,21.54,3.02,3.61,253.5,0
6958bb42a2106ae9c65ee9e1,2006-03-31T00:00:00.000Z,2006,3,31,26.88,28.42,25.8,81.37,8.84,18.22,2.01,3.07,291.9,0
6958bb42a2106ae9c65ee9e2,2006-04-01T00:00:00.000Z,2006,4,1,26.69,27.96,25.69,81.85,1.64,21.01,2.37,3.12,279.3,0
6958bb42a2106ae9c65ee9e3,2006-04-02T00:00:00.000Z,2006,4,2,26.85,28.48,25.44,80.25,0.49,20.27,2.97,3.58,251.2,0
6958bb42a2106ae9c65ee9e4,2006-04-03T00:00:00.000Z,2006,4,3,26.67,28.66,25.08,79.91,0.41,21.32,2.5,3.11,262.1,0
6958bb42a2106ae9c65ee9e5,2006-04-04T00:00:00.000Z,2006,4,4,27.35,29.77,25.41,76.78,0.61,23.59,2.51,3.63,275.8,0
6958bb42a2106ae9c65ee9e6,2006-04-05T00:00:00.000Z,2006,4,5,27.39,29.55,25.62,76.66,1.37,23.39,2.32,2.83,293.8,0
6958bb42a2106ae9c65ee9e7,2006-04-06T00:00:00.000Z,2006,4,6,27.29,29.13,25.69,79.77,0.91,23.04,3.18,4.7,3.4,0
6958bb42a2106ae9c65ee9e8,2006-04-07T00:00:00.000Z,2006,4,7,26.88,28.08,25.86,82.55,2.77,19.27,3,3.9,2.4,0
6958bb42a2106ae9c65ee9e9,2006-04-08T00:00:00.000Z,2006,4,8,25.68,26.25,24.84,84.7,3.38,14,2.96,4.05,281.3,0
6958bb42a2106ae9c65ee9ea,2006-04-09T00:00:00.000Z,2006,4,9,26.64,28.87,24.47,78.44,0.22,18.64,3.62,4.46,228.5,0
6958bb42a2106ae9c65ee9eb,2006-04-10T00:00:00.000Z,2006,4,10,26.69,28.47,25.43,78.56,1.37,19.36,3.14,4.05,246.5,0
6958bb42a2106ae9c65ee9ec,2006-04-11T00:00:00.000Z,2006,4,11,26.38,28.08,25.27,82.16,2.66,20.04,3.11,4.23,264.3,0
6958bb42a2106ae9c65ee9ed,2006-04-12T00:00:00.000Z,2006,4,12,26.67,28.74,25.07,83.07,7.63,18.63,3.63,4.71,266.2,0
6958bb42a2106ae9c65ee9ee,2006-04-13T00:00:00.000Z,2006,4,13,26.98,29.21,25.98,81.99,3.19,21.82,4.92,6.15,237.2,0
6958bb42a2106ae9c65ee9ef,2006-04-14T00:00:00.000Z,2006,4,14,26.95,28.4,25.73,82.15,3.49,18.58,2.52,4.38,244.3,0
6958bb42a2106ae9c65ee9f0,2006-04-15T00:00:00.000Z,2006,4,15,26.51,28.04,25.51,84.16,7.18,14.41,2.27,3.34,328.5,0
6958bb42a2106ae9c65ee9f1,2006-04-16T00:00:00.000Z,2006,4,16,26.05,27.2,25.3,85.04,1.78,16.42,2.27,3.35,345.5,0
6958bb42a2106ae9c65ee9f2,2006-04-17T00:00:00.000Z,2006,4,17,26.16,27.23,25.1,84.14,1.02,22.02,2.34,3.77,269.5,0
6958bb42a2106ae9c65ee9f3,2006-04-18T00:00:00.000Z,2006,4,18,26.93,29.04,25.58,78.85,1.88,17.38,2.01,2.84,327.9,0
6958bb42a2106ae9c65ee9f4,2006-04-19T00:00:00.000Z,2006,4,19,26.35,27.53,25.41,85.45,5.11,16.7,2.53,3.7,23.7,0
6958bb42a2106ae9c65ee9f5,2006-04-20T00:00:00.000Z,2006,4,20,26.3,27.68,25.14,81.06,8.29,19.55,1.18,2.61,152.6,0
6958bb42a2106ae9c65ee9f6,2006-04-21T00:00:00.000Z,2006,4,21,27.15,29.02,25.97,81.06,8.33,14.3,3.41,4.4,201.6,0
6958bb42a2106ae9c65ee9f7,2006-04-22T00:00:00.000Z,2006,4,22,27.06,29.26,25.42,81.16,4.96,16.83,5.48,7.21,216.3,0
6958bb42a2106ae9c65ee9f8,2006-04-23T00:00:00.000Z,2006,4,23,26.8,28.49,25.53,81.97,4.98,18.39,5.89,6.99,210.2,0
6958bb42a2106ae9c65ee9f9,2006-04-24T00:00:00.000Z,2006,4,24,27.28,29.29,25.7,81.23,6.76,13.97,6.84,8.56,212.7,0
6958bb42a2106ae9c65ee9fa,2006-04-25T00:00:00.000Z,2006,4,25,27.43,29.12,26.1,81.77,8.67,11.32,6.79,8.46,217.9,0
6958bb42a2106ae9c65ee9fb,2006-04-26T00:00:00.000Z,2006,4,26,26.61,27.96,25.64,83.06,6.49,5.35,6.48,7.81,224.1,0
6958bb42a2106ae9c65ee9fc,2006-04-27T00:00:00.000Z,2006,4,27,27.51,29.98,25.89,81.31,1.58,19.31,5.78,6.26,208.2,0
6958bb42a2106ae9c65ee9fd,2006-04-28T00:00:00.000Z,2006,4,28,27.33,29.72,25.54,81.25,0.27,22.3,5.16,5.86,208.7,0
6958bb42a2106ae9c65ee9fe,2006-04-29T00:00:00.000Z,2006,4,29,27.94,30.42,26.12,79.94,0.21,17.6,4.78,5.72,220.5,0
6958bb42a2106ae9c65ee9ff,2006-04-30T00:00:00.000Z,2006,4,30,27.65,29.53,26.16,80.5,0.31,22.21,3.84,4.83,227.7,0
6958bb42a2106ae9c65eea00,2006-05-01T00:00:00.000Z,2006,5,1,27.49,28.78,26.07,78.9,0.98,15.98,2.32,3.8,230.7,0
6958bb42a2106ae9c65eea01,2006-05-02T00:00:00.000Z,2006,5,2,27.88,29.57,26.4,76.44,3.38,21.79,1.44,2.57,201.5,0
6958bb42a2106ae9c65eea02,2006-05-03T00:00:00.000Z,2006,5,3,27.35,28.64,26.44,79.83,3.13,21.04,1.57,2.75,336.5,0
6958bb42a2106ae9c65eea03,2006-05-04T00:00:00.000Z,2006,5,4,26.9,28.05,26.05,83.46,2.31,19.61,2.56,3.16,27.2,0
6958bb42a2106ae9c65eea04,2006-05-05T00:00:00.000Z,2006,5,5,27.05,28.72,25.99,79.31,1.97,17.88,1.7,2.77,340.4,0
6958bb42a2106ae9c65eea05,2006-05-06T00:00:00.000Z,2006,5,6,26.82,28.67,25.32,77.35,1.6,15.14,2.8,4,273.5,0
6958bb42a2106ae9c65eea06,2006-05-07T00:00:00.000Z,2006,5,7,27.17,29.85,24.8,75.92,1.19,19.13,3.01,3.83,252.9,0
6958bb42a2106ae9c65eea07,2006-05-08T00:00:00.000Z,2006,5,8,27.57,30.14,25.59,77.5,2.12,22.16,3,3.52,259.7,0
6958bb42a2106ae9c65eea08,2006-05-09T00:00:00.000Z,2006,5,9,27.37,29.16,26.15,79.1,0.44,20.82,2.56,3.43,264.7,0
6958bb42a2106ae9c65eea09,2006-05-10T00:00:00.000Z,2006,5,10,27.58,29.64,25.98,77.23,0.23,23.83,1.64,2.53,302.8,0
6958bb42a2106ae9c65eea0a,2006-05-11T00:00:00.000Z,2006,5,11,27.55,29.16,26.36,77.53,0.46,20.85,1.78,3,310.1,0
6958bb42a2106ae9c65eea0b,2006-05-12T00:00:00.000Z,2006,5,12,28.26,30.55,26.56,74.35,0.66,22.39,2.09,2.88,269.3,0
6958bb42a2106ae9c65eea0c,2006-05-13T00:00:00.000Z,2006,5,13,27.7,29.62,26.4,78.44,0.66,21.55,3.41,4.51,250.9,0
6958bb42a2106ae9c65eea0d,2006-05-14T00:00:00.000Z,2006,5,14,27.22,28.74,26.02,81.64,2.11,21.49,4.21,5.03,242.1,0
6958bb42a2106ae9c65eea0e,2006-05-15T00:00:00.000Z,2006,5,15,27.29,28.82,26.06,81.71,1.19,20.76,4.16,5.12,230.9,0
6958bb42a2106ae9c65eea0f,2006-05-16T00:00:00.000Z,2006,5,16,27.37,28.97,26.26,81.47,4.17,19.77,5.43,6.56,219.5,0
6958bb42a2106ae9c65eea10,2006-05-17T00:00:00.000Z,2006,5,17,26.89,28.47,25.94,81.28,7.39,11.76,6.17,7.57,223,0
6958bb42a2106ae9c65eea11,2006-05-18T00:00:00.000Z,2006,5,18,26.99,28.67,25.97,83.04,1.22,15.81,5.78,7.35,238.3,0
6958bb42a2106ae9c65eea12,2006-05-19T00:00:00.000Z,2006,5,19,27.52,30.01,25.64,78.21,6.29,20.43,4.89,5.66,225.3,0
6958bb42a2106ae9c65eea13,2006-05-20T00:00:00.000Z,2006,5,20,26.92,28.24,25.93,81.41,3.09,17.05,5.32,6.94,224.2,0
6958bb42a2106ae9c65eea14,2006-05-21T00:00:00.000Z,2006,5,21,27.27,29.31,25.7,80.16,10.4,16.62,6.39,7.64,228.8,0
6958bb42a2106ae9c65eea15,2006-05-22T00:00:00.000Z,2006,5,22,26.77,27.99,25.59,83.8,12.88,12.61,6.75,8.15,233.6,0
6958bb42a2106ae9c65eea16,2006-05-23T00:00:00.000Z,2006,5,23,26.64,28.85,25.14,78.26,6.56,13.94,5.44,5.93,209.9,0
6958bb42a2106ae9c65eea17,2006-05-24T00:00:00.000Z,2006,5,24,26.47,28.73,24.42,78.98,3.77,16.49,4.25,5.8,228.2,0
6958bb42a2106ae9c65eea18,2006-05-25T00:00:00.000Z,2006,5,25,26.83,29.69,24.41,77.09,15.58,20.7,3.53,4.28,235.7,0
6958bb42a2106ae9c65eea19,2006-05-26T00:00:00.000Z,2006,5,26,26.35,28.07,25.15,81.15,6.4,13.23,5.04,5.79,230.3,0
6958bb42a2106ae9c65eea1a,2006-05-27T00:00:00.000Z,2006,5,27,26.78,29.01,25.08,78.71,0.11,17.47,4.1,4.54,237.8,0
6958bb42a2106ae9c65eea1b,2006-05-28T00:00:00.000Z,2006,5,28,27.05,29.43,25.09,78.64,0.05,20.59,4.41,6.11,238.1,0
6958bb42a2106ae9c65eea1c,2006-05-29T00:00:00.000Z,2006,5,29,27.34,30.21,25.25,77.3,0.07,23.05,4.26,5.17,227,0
6958bb42a2106ae9c65eea1d,2006-05-30T00:00:00.000Z,2006,5,30,27.63,30.17,25.47,74.85,0.04,20.81,3.32,4.38,205.4,0
6958bb42a2106ae9c65eea1e,2006-05-31T00:00:00.000Z,2006,5,31,28.05,30.76,26,72.46,0.28,21.52,1.83,3.14,189.2,0
6958bb42a2106ae9c65eea1f,2006-06-01T00:00:00.000Z,2006,6,1,27.95,29.86,26.58,71.87,1.02,20.57,1.39,2.19,300.5,0
6958bb42a2106ae9c65eea20,2006-06-02T00:00:00.000Z,2006,6,2,27.47,29.5,26.01,75.51,0.81,21.09,3.43,4.74,216,0
6958bb42a2106ae9c65eea21,2006-06-03T00:00:00.000Z,2006,6,3,27.75,30.62,25.66,74.87,2.53,22.22,4.15,4.68,206.4,0
6958bb42a2106ae9c65eea22,2006-06-04T00:00:00.000Z,2006,6,4,26.82,28.53,25.69,79.61,2.5,22.32,4.89,5.98,216.9,0
6958bb42a2106ae9c65eea23,2006-06-05T00:00:00.000Z,2006,6,5,26.72,28.82,25.38,78.04,5.4,14.55,4.86,6.65,237.3,0
6958bb42a2106ae9c65eea24,2006-06-06T00:00:00.000Z,2006,6,6,27.69,30.55,25.29,67.31,0.52,21.62,2.36,4.14,289.3,0
6958bb42a2106ae9c65eea25,2006-06-07T00:00:00.000Z,2006,6,7,27.27,29.27,25.9,75,4.09,20.71,1.92,3.14,298.3,0
6958bb42a2106ae9c65eea26,2006-06-08T00:00:00.000Z,2006,6,8,26.36,27.9,25.27,80.38,6.24,21.14,4.01,5.7,255.6,0
6958bb42a2106ae9c65eea27,2006-06-09T00:00:00.000Z,2006,6,9,27.2,30.12,25,74.74,0.93,14.88,4.12,5.61,210.5,0
6958bb42a2106ae9c65eea28,2006-06-10T00:00:00.000Z,2006,6,10,26.66,28.62,25.44,80.31,0.45,21.16,5.31,6.6,229,0
6958bb42a2106ae9c65eea29,2006-06-11T00:00:00.000Z,2006,6,11,27.17,29.91,24.92,75.53,0.04,21.32,4.12,4.67,226.9,0
6958bb42a2106ae9c65eea2a,2006-06-12T00:00:00.000Z,2006,6,12,27.19,29.24,25.41,78.11,0.09,19.81,3.07,3.61,236.9,0
6958bb42a2106ae9c65eea2b,2006-06-13T00:00:00.000Z,2006,6,13,26.92,28.3,25.74,79.84,0.09,19.9,3.02,3.35,245.1,0
6958bb42a2106ae9c65eea2c,2006-06-14T00:00:00.000Z,2006,6,14,27.13,29.26,25.62,77.89,0.08,19.28,2.9,3.33,261.5,0
6958bb42a2106ae9c65eea2d,2006-06-15T00:00:00.000Z,2006,6,15,27.51,30.05,25.6,75.3,0.21,19.56,3.08,3.68,255.3,0
6958bb42a2106ae9c65eea2e,2006-06-16T00:00:00.000Z,2006,6,16,27.29,29.34,25.73,79.73,4.28,20.02,4.58,5.45,244.6,0
6958bb42a2106ae9c65eea2f,2006-06-17T00:00:00.000Z,2006,6,17,26.63,27.94,25.73,83.36,20.54,18.31,5.66,6.49,243.6,0
6958bb42a2106ae9c65eea30,2006-06-18T00:00:00.000Z,2006,6,18,26.32,27.3,25.17,87.08,33.9,7.44,7.32,9.22,264.4,0
6958bb42a2106ae9c65eea31,2006-06-19T00:00:00.000Z,2006,6,19,26.42,27.79,25.54,83.53,28.88,7.33,6.76,8.14,249.8,0
6958bb42a2106ae9c65eea32,2006-06-20T00:00:00.000Z,2006,6,20,26.47,28.25,25.13,83.42,10.38,15.24,4.6,5.66,231.6,0
6958bb42a2106ae9c65eea33,2006-06-21T00:00:00.000Z,2006,6,21,26.48,27.62,25.32,85.05,8.78,13.07,2.64,3.3,287.5,0
6958bb42a2106ae9c65eea34,2006-06-22T00:00:00.000Z,2006,6,22,26.29,27.2,25.5,85.26,10.81,16.44,3,4.21,268.5,0
6958bb42a2106ae9c65eea35,2006-06-23T00:00:00.000Z,2006,6,23,26.42,28.08,25.31,83.18,6.05,17.45,6.26,8.17,237.2,0
6958bb42a2106ae9c65eea36,2006-06-24T00:00:00.000Z,2006,6,24,26.58,28.59,25.35,79.75,2.87,14,5.58,6.49,232,0
6958bb42a2106ae9c65eea37,2006-06-25T00:00:00.000Z,2006,6,25,26.16,27.67,24.88,81,7.52,10.95,7.29,9.36,211.8,0
6958bb42a2106ae9c65eea38,2006-06-26T00:00:00.000Z,2006,6,26,26.49,29.67,24.05,75.9,6.34,20.26,7.28,8.68,196.1,0
6958bb42a2106ae9c65eea39,2006-06-27T00:00:00.000Z,2006,6,27,26.42,28.56,24.67,80.84,34.35,11.99,8.15,10.37,197.9,0
6958bb42a2106ae9c65eea3a,2006-06-28T00:00:00.000Z,2006,6,28,27.2,29.81,25.53,79.47,4.88,22.26,7.39,9.46,190.5,0
6958bb42a2106ae9c65eea3b,2006-06-29T00:00:00.000Z,2006,6,29,27.4,30.18,25.38,79.16,0.27,19.99,5.73,6.99,197.6,0
6958bb42a2106ae9c65eea3c,2006-06-30T00:00:00.000Z,2006,6,30,27.17,29.57,25.67,80.77,0.23,21.55,6.37,8.27,203.5,0
6958bb42a2106ae9c65eea3d,2006-07-01T00:00:00.000Z,2006,7,1,27.03,29.18,25.52,80.54,0.03,22.85,6.28,8.15,206.5,0
6958bb42a2106ae9c65eea3e,2006-07-02T00:00:00.000Z,2006,7,2,27.09,28.88,25.86,80.29,0.31,19.2,8.44,10.87,215.3,0
6958bb42a2106ae9c65eea3f,2006-07-03T00:00:00.000Z,2006,7,3,27.33,29.53,25.65,78.5,0.02,21.24,6.11,7.56,219.8,0
6958bb42a2106ae9c65eea40,2006-07-04T00:00:00.000Z,2006,7,4,28.35,31.5,25.52,74.08,0.01,22.48,3.23,5.01,219.8,0
6958bb42a2106ae9c65eea41,2006-07-05T00:00:00.000Z,2006,7,5,27.67,30.38,25.77,77.4,0.29,20.94,5.63,7.62,222.2,0
6958bb42a2106ae9c65eea42,2006-07-06T00:00:00.000Z,2006,7,6,27.46,29.97,25.63,79.58,0.57,20.03,5.54,6.69,225.8,0
6958bb42a2106ae9c65eea43,2006-07-07T00:00:00.000Z,2006,7,7,27.15,29.13,25.82,81.71,0.73,20.35,6.87,8.89,220,0
6958bb42a2106ae9c65eea44,2006-07-08T00:00:00.000Z,2006,7,8,27.13,29.3,25.53,79.46,0.82,15.34,6.97,8.28,211.5,0
6958bb42a2106ae9c65eea45,2006-07-09T00:00:00.000Z,2006,7,9,26.35,28.26,25.1,82.06,6.91,17.27,7.82,10.04,212.6,0
6958bb42a2106ae9c65eea46,2006-07-10T00:00:00.000Z,2006,7,10,26.69,28.86,25.41,80.52,4.95,11.69,7.45,8.82,226.5,0
6958bb42a2106ae9c65eea47,2006-07-11T00:00:00.000Z,2006,7,11,26.42,28.51,25.23,79.75,6.49,16.96,7.52,9.09,214.9,0
6958bb42a2106ae9c65eea48,2006-07-12T00:00:00.000Z,2006,7,12,26.31,28.4,25.05,79.69,1.81,14.04,7.75,8.58,216.9,0
6958bb42a2106ae9c65eea49,2006-07-13T00:00:00.000Z,2006,7,13,26.16,27.21,25.37,84.89,11.81,7.87,7.54,10.17,237.4,0
6958bb42a2106ae9c65eea4a,2006-07-14T00:00:00.000Z,2006,7,14,26.69,28.06,25.86,80.34,3.66,10.93,7.36,9.72,237.2,0
6958bb42a2106ae9c65eea4b,2006-07-15T00:00:00.000Z,2006,7,15,27.15,29.24,25.53,79.94,0.61,17.47,6.5,7.99,222,0
6958bb42a2106ae9c65eea4c,2006-07-16T00:00:00.000Z,2006,7,16,27.19,29.2,25.74,79.8,0.46,18.53,6.43,7.89,211.2,0
6958bb42a2106ae9c65eea4d,2006-07-17T00:00:00.000Z,2006,7,17,26.89,28.88,25.58,80.02,1.29,13.65,7.21,9.07,207.9,0
6958bb42a2106ae9c65eea4e,2006-07-18T00:00:00.000Z,2006,7,18,25.89,27.17,24.99,83.41,0.7,12.87,6.73,8.19,224.7,0
6958bb42a2106ae9c65eea4f,2006-07-19T00:00:00.000Z,2006,7,19,26.48,28.32,24.95,79.84,0.11,18.95,5.11,6.7,212.4,0
6958bb42a2106ae9c65eea50,2006-07-20T00:00:00.000Z,2006,7,20,26.79,29.44,25.04,77.16,0.02,16.27,3.85,5.14,205.9,0
6958bb42a2106ae9c65eea51,2006-07-21T00:00:00.000Z,2006,7,21,26.98,29.64,25.19,79.35,0,21.19,3.91,4.72,213,0
6958bb42a2106ae9c65eea52,2006-07-22T00:00:00.000Z,2006,7,22,27.69,31.23,24.83,73.43,0,21.93,3.4,4.25,217.8,0
6958bb42a2106ae9c65eea53,2006-07-23T00:00:00.000Z,2006,7,23,26.87,28.86,25.28,79.12,0,22.56,3.91,5.09,214.2,0
6958bb42a2106ae9c65eea54,2006-07-24T00:00:00.000Z,2006,7,24,27.24,30.14,25.26,75.4,0.01,22.28,5.29,6.34,215.6,0
6958bb42a2106ae9c65eea55,2006-07-25T00:00:00.000Z,2006,7,25,27.09,30.33,25.04,74.69,0.02,19.72,6.49,8.36,197.9,0
6958bb42a2106ae9c65eea56,2006-07-26T00:00:00.000Z,2006,7,26,27.02,29.51,25.39,77.44,0.18,17.27,6.2,7.49,197,0
6958bb42a2106ae9c65eea57,2006-07-27T00:00:00.000Z,2006,7,27,26.14,27.88,25,80.74,0.2,14.68,5.01,6.36,232,0
6958bb42a2106ae9c65eea58,2006-07-28T00:00:00.000Z,2006,7,28,26.37,28.45,24.91,78.07,0.69,15.17,6.77,7.82,239,0
6958bb42a2106ae9c65eea59,2006-07-29T00:00:00.000Z,2006,7,29,26.62,28.81,25.21,77.45,0.21,19.25,6.35,7.59,217.4,0
6958bb42a2106ae9c65eea5a,2006-07-30T00:00:00.000Z,2006,7,30,26.63,28.68,25.02,74.78,0.41,18.28,5.95,7.09,219.7,0
6958bb42a2106ae9c65eea5b,2006-07-31T00:00:00.000Z,2006,7,31,26.73,29.75,24.52,75.02,0.06,19.42,5.67,6.5,208,0
6958bb42a2106ae9c65eea5c,2006-08-01T00:00:00.000Z,2006,8,1,26.48,28.51,25.1,76.91,0.14,14.14,5.74,6.59,219.8,0
6958bb42a2106ae9c65eea5d,2006-08-02T00:00:00.000Z,2006,8,2,27.14,29.92,25.1,73.74,0.06,18.94,4.6,5.47,216.8,0
6958bb42a2106ae9c65eea5e,2006-08-03T00:00:00.000Z,2006,8,3,27.71,31.24,25.01,71.14,0.07,23.19,4.89,5.71,202.4,0
6958bb42a2106ae9c65eea5f,2006-08-04T00:00:00.000Z,2006,8,4,27.39,29.62,25.42,74.95,2.32,21.86,4.32,6.47,223.1,0
6958bb42a2106ae9c65eea60,2006-08-05T00:00:00.000Z,2006,8,5,27.62,29.84,25.62,73.62,1.31,12.62,2.36,3.62,219.3,0
6958bb42a2106ae9c65eea61,2006-08-06T00:00:00.000Z,2006,8,6,27.18,29.03,25.78,76.99,0.53,20.27,2.48,5.36,246.8,0
6958bb42a2106ae9c65eea62,2006-08-07T00:00:00.000Z,2006,8,7,26.64,28.45,25.32,80.65,1.27,21.07,5.87,7.15,233.5,0
6958bb42a2106ae9c65eea63,2006-08-08T00:00:00.000Z,2006,8,8,26.88,29.96,24.64,69.14,1.11,22.15,6.91,7.81,224.9,0
6958bb42a2106ae9c65eea64,2006-08-09T00:00:00.000Z,2006,8,9,26.85,29.63,24.41,73.15,1.18,19.64,7.89,9.34,216.2,0
6958bb42a2106ae9c65eea65,2006-08-10T00:00:00.000Z,2006,8,10,27.26,30.5,25.29,75.99,0.2,21.43,7.02,8.21,209.3,0
6958bb42a2106ae9c65eea66,2006-08-11T00:00:00.000Z,2006,8,11,27.19,29.75,25.42,77.86,0.21,21.56,7.06,8.64,216.8,0
6958bb42a2106ae9c65eea67,2006-08-12T00:00:00.000Z,2006,8,12,27.23,30.32,25.22,75.28,0,17.12,6.09,7.38,218.9,0
6958bb42a2106ae9c65eea68,2006-08-13T00:00:00.000Z,2006,8,13,27.37,29.95,25.38,75.16,0.04,23.96,6.4,7.72,218.9,0
6958bb42a2106ae9c65eea69,2006-08-14T00:00:00.000Z,2006,8,14,27.63,30.37,25.5,74.91,0.66,23.25,7.32,8.7,213.7,0
6958bb42a2106ae9c65eea6a,2006-08-15T00:00:00.000Z,2006,8,15,27.28,29.37,26,77.21,4.08,14.55,8.15,10.03,209.9,0
6958bb42a2106ae9c65eea6b,2006-08-16T00:00:00.000Z,2006,8,16,27.09,29.76,25.24,72.74,0.65,16.84,6.83,8.06,199.1,0
6958bb42a2106ae9c65eea6c,2006-08-17T00:00:00.000Z,2006,8,17,27.38,29.28,25.61,74.4,0.36,15.36,3.65,5.59,230.4,0
6958bb42a2106ae9c65eea6d,2006-08-18T00:00:00.000Z,2006,8,18,26.79,28.98,25.42,78.48,3.62,11.81,6.09,8.73,232.3,0
6958bb42a2106ae9c65eea6e,2006-08-19T00:00:00.000Z,2006,8,19,27.01,29.55,25.47,73.09,0.34,21.81,5.66,7.64,216.9,0
6958bb42a2106ae9c65eea6f,2006-08-20T00:00:00.000Z,2006,8,20,27.32,30.18,25.11,71.17,0.02,21.47,3.14,4.07,252.1,0
6958bb42a2106ae9c65eea70,2006-08-21T00:00:00.000Z,2006,8,21,27.68,30.87,25.18,70.55,0.02,23.15,3.04,3.67,239.2,0
6958bb42a2106ae9c65eea71,2006-08-22T00:00:00.000Z,2006,8,22,27.95,31.45,25.07,69.64,0.01,22,2.1,2.52,262.3,0
6958bb42a2106ae9c65eea72,2006-08-23T00:00:00.000Z,2006,8,23,27.71,30.85,25.94,70.97,0.09,19.56,2.08,3.3,345.5,0
6958bb42a2106ae9c65eea73,2006-08-24T00:00:00.000Z,2006,8,24,27.5,30.56,25.49,72.52,0.08,23.19,2.49,4.24,289.7,0
6958bb42a2106ae9c65eea74,2006-08-25T00:00:00.000Z,2006,8,25,27.82,31.26,25.48,70.13,1.26,21.44,3.47,5.53,262.9,0
6958bb42a2106ae9c65eea75,2006-08-26T00:00:00.000Z,2006,8,26,26.74,28.85,25.58,78.25,4.81,15.79,5.65,6.54,237.8,0
6958bb42a2106ae9c65eea76,2006-08-27T00:00:00.000Z,2006,8,27,26.23,27.98,24.9,77.54,1.66,16.19,4.84,6.35,239.2,0
6958bb42a2106ae9c65eea77,2006-08-28T00:00:00.000Z,2006,8,28,26.48,28.3,24.9,77.94,3.43,17.73,3.16,3.91,243.2,0
6958bb42a2106ae9c65eea78,2006-08-29T00:00:00.000Z,2006,8,29,26.19,28.4,24.62,78.75,3.38,14.49,5.1,6.81,230.5,0
6958bb42a2106ae9c65eea79,2006-08-30T00:00:00.000Z,2006,8,30,26.44,28.39,25.02,77.19,4.5,11.55,5.77,6.34,219.6,0
6958bb42a2106ae9c65eea7a,2006-08-31T00:00:00.000Z,2006,8,31,26.34,28.21,24.79,76.72,1.98,14.93,6.77,8.63,222.4,0
6958bb42a2106ae9c65eea7b,2006-09-01T00:00:00.000Z,2006,9,1,26.97,29.57,24.85,71.53,0.69,17.87,5.7,6.66,210.7,0
6958bb42a2106ae9c65eea7c,2006-09-02T00:00:00.000Z,2006,9,2,27.04,29.81,24.58,72.83,3.77,16.25,3.75,5.58,198.2,0
6958bb42a2106ae9c65eea7d,2006-09-03T00:00:00.000Z,2006,9,3,27.65,30.62,25.52,70.79,4.14,21.32,2.36,3.52,269.2,0
6958bb42a2106ae9c65eea7e,2006-09-04T00:00:00.000Z,2006,9,4,26.72,28.5,25.38,79.35,3.89,22.64,3.01,3.66,264.6,0
6958bb42a2106ae9c65eea7f,2006-09-05T00:00:00.000Z,2006,9,5,26.56,28.28,25.25,76.89,14.54,17.63,1.96,3.08,257.5,0
6958bb42a2106ae9c65eea80,2006-09-06T00:00:00.000Z,2006,9,6,26.46,28.35,25.05,79.49,9.54,18.79,3.02,4.02,270.5,0
6958bb42a2106ae9c65eea81,2006-09-07T00:00:00.000Z,2006,9,7,25.55,26.41,24.74,85.74,15.85,16.85,3.43,3.82,298.8,0
6958bb42a2106ae9c65eea82,2006-09-08T00:00:00.000Z,2006,9,8,25.71,26.8,24.58,85.02,27.46,3.95,4.04,4.95,270.8,0
6958bb42a2106ae9c65eea83,2006-09-09T00:00:00.000Z,2006,9,9,25.43,26.31,24.65,85.79,8.72,16.45,3.63,4.76,281.3,0
6958bb42a2106ae9c65eea84,2006-09-10T00:00:00.000Z,2006,9,10,25.79,27.54,24.41,83.46,13.82,20.82,3.47,4.67,265.1,0
6958bb42a2106ae9c65eea85,2006-09-11T00:00:00.000Z,2006,9,11,25.89,27.27,24.89,85.46,10.44,11.6,4.72,5.73,266,0
6958bb42a2106ae9c65eea86,2006-09-12T00:00:00.000Z,2006,9,12,25.88,27.11,24.86,85,15.67,13.63,4.26,5.36,259.9,0
6958bb42a2106ae9c65eea87,2006-09-13T00:00:00.000Z,2006,9,13,25.64,26.75,24.84,83.84,15.37,9.8,6.94,8.04,230.5,0
6958bb42a2106ae9c65eea88,2006-09-14T00:00:00.000Z,2006,9,14,25.74,27.76,24.33,79.16,6.56,15.57,5.79,7.59,221.7,0
6958bb42a2106ae9c65eea89,2006-09-15T00:00:00.000Z,2006,9,15,26.85,29.61,24.3,71.62,0.28,16.87,2.92,3.69,241.8,0
6958bb42a2106ae9c65eea8a,2006-09-16T00:00:00.000Z,2006,9,16,26.6,28.64,24.43,75.97,1.43,20.07,1.8,3.08,260.4,0
6958bb42a2106ae9c65eea8b,2006-09-17T00:00:00.000Z,2006,9,17,27.28,29.98,25.4,74.88,0.15,22.81,2.04,2.74,261,0
6958bb42a2106ae9c65eea8c,2006-09-18T00:00:00.000Z,2006,9,18,27.6,30.44,25.54,72.31,0.63,22.99,1.42,2.35,190.8,0
6958bb42a2106ae9c65eea8d,2006-09-19T00:00:00.000Z,2006,9,19,27.79,29.77,25.94,73.25,1.22,21.71,1.72,3.92,193.2,0
6958bb42a2106ae9c65eea8e,2006-09-20T00:00:00.000Z,2006,9,20,27.13,28.75,25.72,78.74,1.98,21.03,1.49,2.49,91.5,0
6958bb42a2106ae9c65eea8f,2006-09-21T00:00:00.000Z,2006,9,21,27,29.06,25.6,78.1,4.9,18.38,1.79,2.89,238.8,0
6958bb42a2106ae9c65eea90,2006-09-22T00:00:00.000Z,2006,9,22,26.92,29.22,25.6,73.73,2.65,22.19,1.71,2.91,266,0
6958bb42a2106ae9c65eea91,2006-09-23T00:00:00.000Z,2006,9,23,27.19,29.91,25.09,76.5,0.77,22.99,3.72,4.4,228.6,0
6958bb42a2106ae9c65eea92,2006-09-24T00:00:00.000Z,2006,9,24,26.16,27.97,24.63,81.52,1.49,17.86,5.53,6.57,230.3,0
6958bb42a2106ae9c65eea93,2006-09-25T00:00:00.000Z,2006,9,25,26.47,29.51,23.86,75.93,0.48,21.57,5.45,6.65,213.2,0
6958bb42a2106ae9c65eea94,2006-09-26T00:00:00.000Z,2006,9,26,25.97,27.96,24.4,80.39,2.23,14.75,6.25,8.18,236.2,0
6958bb42a2106ae9c65eea95,2006-09-27T00:00:00.000Z,2006,9,27,25.77,26.94,24.88,81.77,8.56,10.41,6.75,8.24,207.8,0
6958bb42a2106ae9c65eea96,2006-09-28T00:00:00.000Z,2006,9,28,26.53,29.11,24.77,76.8,2.31,12.89,6.3,7.4,195.9,0
6958bb42a2106ae9c65eea97,2006-09-29T00:00:00.000Z,2006,9,29,26.23,28.43,24.92,80.14,2.83,10.8,6.11,7.6,208,0
6958bb42a2106ae9c65eea98,2006-09-30T00:00:00.000Z,2006,9,30,25.79,27.57,24.63,81.74,2.74,8.06,5.07,5.84,223.7,0
6958bb42a2106ae9c65eea99,2006-10-01T00:00:00.000Z,2006,10,1,25.62,27.32,24.22,83.14,0.83,17.18,5.47,6.08,234.5,0
6958bb42a2106ae9c65eea9a,2006-10-02T00:00:00.000Z,2006,10,2,26.25,28.33,24.81,80.31,1.36,12.6,6.71,7.88,218,0
6958bb42a2106ae9c65eea9b,2006-10-03T00:00:00.000Z,2006,10,3,26.74,29.99,24.62,75.37,2.19,22.42,6.95,8.97,209.5,0
6958bb42a2106ae9c65eea9c,2006-10-04T00:00:00.000Z,2006,10,4,26.57,29.44,24.33,75.42,3.83,15.01,6.56,7.87,204.6,0
6958bb42a2106ae9c65eea9d,2006-10-05T00:00:00.000Z,2006,10,5,25.76,27.05,24.48,78.41,8.54,16.72,5.24,7.25,202.6,0
6958bb42a2106ae9c65eea9e,2006-10-06T00:00:00.000Z,2006,10,6,26.5,29.05,24.55,78.5,9.27,9.75,5.43,7.53,227.3,0
6958bb42a2106ae9c65eea9f,2006-10-07T00:00:00.000Z,2006,10,7,27.06,30.18,24.96,75.08,0.98,22.63,4.88,6.02,200.6,0
6958bb42a2106ae9c65eeaa0,2006-10-08T00:00:00.000Z,2006,10,8,27.15,30.96,24.09,72.77,0,25.03,4.41,5.44,204.4,0
6958bb42a2106ae9c65eeaa1,2006-10-09T00:00:00.000Z,2006,10,9,27.36,30.89,24.46,72.99,0,19.39,4.21,4.81,213.4,0
6958bb42a2106ae9c65eeaa2,2006-10-10T00:00:00.000Z,2006,10,10,27.26,30.25,25,74.55,0,22.84,4.9,5.85,219.3,0
6958bb42a2106ae9c65eeaa3,2006-10-11T00:00:00.000Z,2006,10,11,27.05,29.99,25,75.32,0,22.83,4.08,4.95,232.2,0
6958bb42a2106ae9c65eeaa4,2006-10-12T00:00:00.000Z,2006,10,12,26.26,28.23,25,79.5,0.08,17.44,4.12,4.96,249,0
6958bb42a2106ae9c65eeaa5,2006-10-13T00:00:00.000Z,2006,10,13,27.09,29.99,24.76,73.28,2.12,17.52,2.68,4.35,228.4,0
6958bb42a2106ae9c65eeaa6,2006-10-14T00:00:00.000Z,2006,10,14,26.1,27.69,25.03,80.31,3.87,19.16,1.62,3.03,330.6,0
6958bb42a2106ae9c65eeaa7,2006-10-15T00:00:00.000Z,2006,10,15,25.85,27.05,24.81,81.95,3.6,19.53,3.4,5.08,237.5,0
6958bb42a2106ae9c65eeaa8,2006-10-16T00:00:00.000Z,2006,10,16,27.28,30.19,24.78,72.6,4.04,18.21,2.07,3.05,209.2,0
6958bb42a2106ae9c65eeaa9,2006-10-17T00:00:00.000Z,2006,10,17,26.48,28.45,25.2,82.05,15.49,13.87,2.83,3.69,10.3,0
6958bb42a2106ae9c65eeaaa,2006-10-18T00:00:00.000Z,2006,10,18,26.4,28.06,25.11,83.73,12.22,10.87,2.91,4.05,62.9,0
6958bb42a2106ae9c65eeaab,2006-10-19T00:00:00.000Z,2006,10,19,26.72,28.04,25.5,78.44,9.95,16.15,1.05,1.66,113.3,0
6958bb42a2106ae9c65eeaac,2006-10-20T00:00:00.000Z,2006,10,20,26.25,26.98,25.67,88.44,10.35,10.29,4.33,6.08,21.2,0
6958bb42a2106ae9c65eeaad,2006-10-21T00:00:00.000Z,2006,10,21,26.5,28.25,25.41,82.07,8.83,14.08,2.08,3.69,259.4,0
6958bb42a2106ae9c65eeaae,2006-10-22T00:00:00.000Z,2006,10,22,25.67,26.19,25.37,89.17,4.94,8,1.85,3.23,331.8,0
6958bb42a2106ae9c65eeaaf,2006-10-23T00:00:00.000Z,2006,10,23,25.95,27.1,25.17,87.35,3.07,17.75,2.42,3.32,294.9,0
6958bb42a2106ae9c65eeab0,2006-10-24T00:00:00.000Z,2006,10,24,26.32,27.77,25.25,85.85,4.96,7.33,3.28,5.2,75.2,0
6958bb42a2106ae9c65eeab1,2006-10-25T00:00:00.000Z,2006,10,25,26.55,28.77,24.81,79.47,8.07,12.17,1.81,2.85,240.4,0
6958bb42a2106ae9c65eeab2,2006-10-26T00:00:00.000Z,2006,10,26,25.99,27.38,25.01,83,1.6,16.83,2.55,3.25,334.5,0
6958bb42a2106ae9c65eeab3,2006-10-27T00:00:00.000Z,2006,10,27,25.65,27.51,24.5,82.54,1.38,12.75,2.23,3,318.7,0
6958bb42a2106ae9c65eeab4,2006-10-28T00:00:00.000Z,2006,10,28,25.96,27.31,24.71,82.47,2.45,20.82,1.87,2.9,336.3,0
6958bb42a2106ae9c65eeab5,2006-10-29T00:00:00.000Z,2006,10,29,26.3,27.68,25.47,82.11,2.65,16.57,1.9,2.67,13.6,0
6958bb42a2106ae9c65eeab6,2006-10-30T00:00:00.000Z,2006,10,30,26.6,28.56,25.23,80.68,3.84,15.58,2.12,3.03,255.9,0
6958bb42a2106ae9c65eeab7,2006-10-31T00:00:00.000Z,2006,10,31,26.26,27.43,25.06,83.43,11.95,11.15,3,3.37,229.1,0
6958bb42a2106ae9c65eeab8,2006-11-01T00:00:00.000Z,2006,11,1,25.56,27.4,24.59,82.99,4.8,13.18,2.43,3.82,317.5,0
6958bb42a2106ae9c65eeab9,2006-11-02T00:00:00.000Z,2006,11,2,26.07,28.33,24.27,83.7,2.72,17.95,3.19,4.46,47.4,0
6958bb42a2106ae9c65eeaba,2006-11-03T00:00:00.000Z,2006,11,3,26.13,28.17,24.52,85.33,7.07,18.6,3.47,4.54,55.9,0
6958bb42a2106ae9c65eeabb,2006-11-04T00:00:00.000Z,2006,11,4,26.07,27.07,25.22,87.54,17.61,16.72,3.5,4.85,97.8,0
6958bb42a2106ae9c65eeabc,2006-11-05T00:00:00.000Z,2006,11,5,25.9,27.05,24.98,84.2,9.34,12.93,2.34,3.63,276,0
6958bb42a2106ae9c65eeabd,2006-11-06T00:00:00.000Z,2006,11,6,26.05,27.19,25.18,82.74,5.84,18.04,1.53,3.08,9.8,0
6958bb42a2106ae9c65eeabe,2006-11-07T00:00:00.000Z,2006,11,7,26.19,27.57,25.17,80.6,8.66,17.33,1.58,3.14,42,0
6958bb42a2106ae9c65eeabf,2006-11-08T00:00:00.000Z,2006,11,8,25.54,26.72,24.72,86.58,13.95,10.41,2.68,4.98,42,0
6958bb42a2106ae9c65eeac0,2006-11-09T00:00:00.000Z,2006,11,9,26.2,28.39,24.41,83.76,2.98,20.56,2.91,4.13,47.5,0
6958bb42a2106ae9c65eeac1,2006-11-10T00:00:00.000Z,2006,11,10,26.47,27.81,25.65,84.81,8.38,15.82,3.15,4.21,66.2,0
6958bb42a2106ae9c65eeac2,2006-11-11T00:00:00.000Z,2006,11,11,26.18,27.54,25.05,85.52,7.52,7.83,2.96,3.83,61.5,0
6958bb42a2106ae9c65eeac3,2006-11-12T00:00:00.000Z,2006,11,12,25.69,26.85,24.98,87.95,18.65,14.23,4.56,5.94,55.5,0
6958bb42a2106ae9c65eeac4,2006-11-13T00:00:00.000Z,2006,11,13,25.73,26.89,24.98,87.55,13.97,12.15,3.28,5.38,62.8,0
6958bb42a2106ae9c65eeac5,2006-11-14T00:00:00.000Z,2006,11,14,25.16,26.09,24.55,88.3,7.37,12.28,3.14,4.7,47.1,0
6958bb42a2106ae9c65eeac6,2006-11-15T00:00:00.000Z,2006,11,15,25.78,27.3,24.18,85.98,6.55,14.43,2.98,4.7,51.7,0
6958bb42a2106ae9c65eeac7,2006-11-16T00:00:00.000Z,2006,11,16,26.21,27.08,25.46,89.75,4.71,15.63,5.52,7.48,61.2,0
6958bb42a2106ae9c65eeac8,2006-11-17T00:00:00.000Z,2006,11,17,26.81,28.51,25.26,83.53,2.68,14.8,3.87,4.64,76.6,0
6958bb42a2106ae9c65eeac9,2006-11-18T00:00:00.000Z,2006,11,18,26.53,27.65,25.76,85.73,2.81,10.19,2.5,3.43,64.1,0
6958bb42a2106ae9c65eeaca,2006-11-19T00:00:00.000Z,2006,11,19,26.23,27.05,25.53,88.22,6.25,14.74,3.52,4.54,60.5,0
6958bb42a2106ae9c65eeacb,2006-11-20T00:00:00.000Z,2006,11,20,25.96,26.95,25.24,89.43,2.92,8.98,3,5.88,65.4,0
6958bb42a2106ae9c65eeacc,2006-11-21T00:00:00.000Z,2006,11,21,26.31,27.96,24.95,84.77,2.88,19.82,2.95,4.33,43.9,0
6958bb42a2106ae9c65eeacd,2006-11-22T00:00:00.000Z,2006,11,22,25.97,27.27,24.92,86.39,2.31,15.97,3.11,4.01,6.2,0
6958bb42a2106ae9c65eeace,2006-11-23T00:00:00.000Z,2006,11,23,25.77,27.39,24.49,86.66,1.07,14.33,2.9,3.6,0.8,0
6958bb42a2106ae9c65eeacf,2006-11-24T00:00:00.000Z,2006,11,24,26.74,29.19,25.43,84.67,5.19,18.35,1.92,3.17,39.5,0
6958bb42a2106ae9c65eead0,2006-11-25T00:00:00.000Z,2006,11,25,26.48,28.03,25.25,85.84,1.37,15.2,4.12,5.44,54.8,0
6958bb42a2106ae9c65eead1,2006-11-26T00:00:00.000Z,2006,11,26,26.54,27.72,25.38,84.67,1.64,15.93,5.14,5.88,47.1,0
6958bb42a2106ae9c65eead2,2006-11-27T00:00:00.000Z,2006,11,27,26.67,27.99,25.7,84.06,1.77,10.25,4.62,5.92,47.8,0
6958bb42a2106ae9c65eead3,2006-11-28T00:00:00.000Z,2006,11,28,26.74,28.42,25.48,82.97,0.55,19.12,3.4,4.93,56,0
6958bb42a2106ae9c65eead4,2006-11-29T00:00:00.000Z,2006,11,29,26.71,28.59,25.08,83.1,7.9,15.33,4.67,6.52,59.8,0
6958bb42a2106ae9c65eead5,2006-11-30T00:00:00.000Z,2006,11,30,26.46,28.32,25.1,82.94,3.85,12.67,3.58,4.91,71.6,0
6958bb42a2106ae9c65eead6,2006-12-01T00:00:00.000Z,2006,12,1,26.09,27.53,24.77,82.96,1.25,14.12,1.56,3.54,23.8,0
6958bb42a2106ae9c65eead7,2006-12-02T00:00:00.000Z,2006,12,2,26.39,28,24.91,82.69,1.48,15.97,3.99,5.33,60.2,0
6958bb42a2106ae9c65eead8,2006-12-03T00:00:00.000Z,2006,12,3,26.51,28.38,24.96,79.63,0.63,14.7,4.43,5.41,63.8,0
6958bb42a2106ae9c65eead9,2006-12-04T00:00:00.000Z,2006,12,4,26.68,28.94,25.09,78.69,0.05,18.42,5.95,8.11,68.4,0
6958bb42a2106ae9c65eeada,2006-12-05T00:00:00.000Z,2006,12,5,26.88,29.16,24.95,78.77,0.12,19.1,5.08,7.31,63,0
6958bb42a2106ae9c65eeadb,2006-12-06T00:00:00.000Z,2006,12,6,26.73,28.65,25.49,79.17,1.87,16.75,2.58,3.42,16.6,0
6958bb42a2106ae9c65eeadc,2006-12-07T00:00:00.000Z,2006,12,7,26.84,28.79,25.18,80.53,1.27,18.35,2.3,3.59,185.8,0
6958bb42a2106ae9c65eeadd,2006-12-08T00:00:00.000Z,2006,12,8,26.69,28.41,25.62,79.73,2.8,14.56,1.9,2.8,314.8,0
6958bb42a2106ae9c65eeade,2006-12-09T00:00:00.000Z,2006,12,9,25.99,27.26,24.87,86.35,1.4,18.23,3.82,5.28,61.6,0
6958bb42a2106ae9c65eeadf,2006-12-10T00:00:00.000Z,2006,12,10,26.3,28.2,24.94,84.7,1.19,19.83,4.42,5.96,54,0
6958bb42a2106ae9c65eeae0,2006-12-11T00:00:00.000Z,2006,12,11,25.83,26.71,25.13,87.79,15.37,12.27,2.78,3.67,41.5,0
6958bb42a2106ae9c65eeae1,2006-12-12T00:00:00.000Z,2006,12,12,26.44,28.32,25.2,80.72,5.67,13.16,1.53,2.65,66.1,0
6958bb42a2106ae9c65eeae2,2006-12-13T00:00:00.000Z,2006,12,13,26.63,28.51,25.22,78.44,1.07,16.76,1.03,1.71,291.7,0
6958bb42a2106ae9c65eeae3,2006-12-14T00:00:00.000Z,2006,12,14,26.51,28.31,25.23,83.49,3.43,16.58,3.01,5.23,18.9,0
6958bb42a2106ae9c65eeae4,2006-12-15T00:00:00.000Z,2006,12,15,26.92,28.81,25.42,83.73,1.8,18.08,5.43,7.17,62.9,0
6958bb42a2106ae9c65eeae5,2006-12-16T00:00:00.000Z,2006,12,16,26.53,28.22,25.53,87.31,7.43,14.82,5.34,6.52,56.7,0
6958bb42a2106ae9c65eeae6,2006-12-17T00:00:00.000Z,2006,12,17,26.43,26.81,25.92,89.88,34.42,10.31,5.99,7.37,64.2,0
6958bb42a2106ae9c65eeae7,2006-12-18T00:00:00.000Z,2006,12,18,26.81,28.01,26.07,86.17,17.43,14.4,7.58,9.72,63.2,0
6958bb42a2106ae9c65eeae8,2006-12-19T00:00:00.000Z,2006,12,19,26.73,28.29,25.83,84.29,9.6,14.3,8.88,11.24,66.8,0
6958bb42a2106ae9c65eeae9,2006-12-20T00:00:00.000Z,2006,12,20,26.65,28.31,25.49,82.52,17,14.5,8.53,9.81,58.4,0
6958bb42a2106ae9c65eeaea,2006-12-21T00:00:00.000Z,2006,12,21,26.4,27.65,25.34,84.67,23.38,5.72,9.68,11.33,55.1,0
6958bb42a2106ae9c65eeaeb,2006-12-22T00:00:00.000Z,2006,12,22,26.3,27.64,25.44,85.16,26.47,8.97,8.43,9.51,65.5,0
6958bb42a2106ae9c65eeaec,2006-12-23T00:00:00.000Z,2006,12,23,25.93,27.32,25.21,84.55,14.23,11.19,7.86,9.12,59.8,0
6958bb42a2106ae9c65eeaed,2006-12-24T00:00:00.000Z,2006,12,24,25.64,27.08,24.58,84.19,5.7,10.15,7.74,9.72,60.6,0
6958bb42a2106ae9c65eeaee,2006-12-25T00:00:00.000Z,2006,12,25,25.85,27.71,24.28,82.74,0.81,16.5,6.52,7.91,64.3,0
6958bb42a2106ae9c65eeaef,2006-12-26T00:00:00.000Z,2006,12,26,25.77,27.4,24.28,84.09,2.21,15.77,5.95,7.66,54.2,0
6958bb42a2106ae9c65eeaf0,2006-12-27T00:00:00.000Z,2006,12,27,25.72,27.27,24.7,85.41,3.22,10.46,6.45,8.09,43,0
6958bb42a2106ae9c65eeaf1,2006-12-28T00:00:00.000Z,2006,12,28,25.4,26.78,24.48,88.19,22.84,5.56,6.47,8.29,40.1,0
6958bb42a2106ae9c65eeaf2,2006-12-29T00:00:00.000Z,2006,12,29,25.31,26.41,24.47,87.78,2.45,15.36,6.13,7.71,51.1,0
6958bb42a2106ae9c65eeaf3,2006-12-30T00:00:00.000Z,2006,12,30,25.53,27.35,24.11,84.33,2.98,15.61,5.54,7.4,52.2,0
6958bb42a2106ae9c65eeaf4,2006-12-31T00:00:00.000Z,2006,12,31,25.64,27.54,24.38,83.99,6.25,17.14,5.7,6.65,51.8,0
6958bb42a2106ae9c65eeaf5,2007-01-01T00:00:00.000Z,2007,1,1,25.45,27.05,24.21,82.04,0.16,12.67,5.22,6.59,27.2,0
6958bb42a2106ae9c65eeaf6,2007-01-02T00:00:00.000Z,2007,1,2,25.35,27.26,24.02,79.6,0.01,18.36,4.35,5.76,1.9,0
6958bb42a2106ae9c65eeaf7,2007-01-03T00:00:00.000Z,2007,1,3,24.97,27,23.38,78.56,0.01,18.35,3.24,3.7,336,0
6958bb42a2106ae9c65eeaf8,2007-01-04T00:00:00.000Z,2007,1,4,24.83,26.82,23.32,77.84,0.01,17.93,3.58,4.63,343.7,0
6958bb42a2106ae9c65eeaf9,2007-01-05T00:00:00.000Z,2007,1,5,25.15,27.03,23.56,79.39,0.02,17.89,3.37,4.05,8.2,0
6958bb42a2106ae9c65eeafa,2007-01-06T00:00:00.000Z,2007,1,6,25.53,27.06,24.23,84.87,7.44,12.88,3.59,4.88,50.9,0
6958bb42a2106ae9c65eeafb,2007-01-07T00:00:00.000Z,2007,1,7,25.74,27.36,24.55,86.74,8.12,16.3,3.32,5.76,46.7,0
6958bb42a2106ae9c65eeafc,2007-01-08T00:00:00.000Z,2007,1,8,26.28,28.15,25.11,85.93,12.3,11.53,6.71,8.11,68.5,0
6958bb42a2106ae9c65eeafd,2007-01-09T00:00:00.000Z,2007,1,9,26.41,28.08,25.13,86.73,19.73,12.26,7.04,8.43,67.6,0
6958bb42a2106ae9c65eeafe,2007-01-10T00:00:00.000Z,2007,1,10,26.17,27.7,25.21,86.89,18.66,11.21,6.53,9.99,69.6,0
6958bb42a2106ae9c65eeaff,2007-01-11T00:00:00.000Z,2007,1,11,26.24,27.86,25.06,85.37,2.61,18.82,6.61,7.77,67.9,0
6958bb42a2106ae9c65eeb00,2007-01-12T00:00:00.000Z,2007,1,12,26.32,28.26,24.99,84.98,2.06,18.06,5.14,5.73,69.6,0
6958bb42a2106ae9c65eeb01,2007-01-13T00:00:00.000Z,2007,1,13,26.1,27.81,24.71,85.86,3.91,13.82,4.73,5.37,72.2,0
6958bb42a2106ae9c65eeb02,2007-01-14T00:00:00.000Z,2007,1,14,26.51,28.32,25.15,83.51,3.89,15.39,5.11,7.37,78,0
6958bb42a2106ae9c65eeb03,2007-01-15T00:00:00.000Z,2007,1,15,26.38,28.5,24.9,84,0.15,21.34,5.12,6.09,71.9,0
6958bb42a2106ae9c65eeb04,2007-01-16T00:00:00.000Z,2007,1,16,26.38,28.51,24.49,84.37,0.71,19.59,4.55,5.4,66.1,0
6958bb42a2106ae9c65eeb05,2007-01-17T00:00:00.000Z,2007,1,17,26.46,28.32,25.16,85.82,4.8,16.14,5.98,7.65,64.1,0
6958bb42a2106ae9c65eeb06,2007-01-18T00:00:00.000Z,2007,1,18,26.52,28.57,24.88,86.04,2.92,14.94,5.44,6.99,70.1,0
6958bb42a2106ae9c65eeb07,2007-01-19T00:00:00.000Z,2007,1,19,26.55,28.48,25.01,85.57,2.05,19.63,4.73,5.78,58.2,0
6958bb42a2106ae9c65eeb08,2007-01-20T00:00:00.000Z,2007,1,20,26.56,28.41,25.13,85.73,10.35,15.48,4.88,6.13,49.1,0
6958bb42a2106ae9c65eeb09,2007-01-21T00:00:00.000Z,2007,1,21,26.5,28.23,25.34,84.94,13.61,14.87,3.21,5.43,61.2,0
6958bb42a2106ae9c65eeb0a,2007-01-22T00:00:00.000Z,2007,1,22,25.86,26.91,25,88.72,27.03,7.64,4.79,5.88,63.1,0
6958bb42a2106ae9c65eeb0b,2007-01-23T00:00:00.000Z,2007,1,23,26.22,28.06,24.78,85.2,22.56,17.85,2.96,3.5,91.6,0
6958bb42a2106ae9c65eeb0c,2007-01-24T00:00:00.000Z,2007,1,24,26.69,28.19,25.31,85.49,13.61,18.68,3.96,5.01,69.6,0
6958bb42a2106ae9c65eeb0d,2007-01-25T00:00:00.000Z,2007,1,25,26.31,27.78,25.29,85.18,14.58,17.1,3.34,5.15,92.5,0
6958bb42a2106ae9c65eeb0e,2007-01-26T00:00:00.000Z,2007,1,26,26.35,28.23,24.85,83.41,4.8,19.33,5.27,6.35,74.8,0
6958bb42a2106ae9c65eeb0f,2007-01-27T00:00:00.000Z,2007,1,27,26.14,28.09,24.58,82.97,1.35,20.62,6.11,7.88,66.7,0
6958bb42a2106ae9c65eeb10,2007-01-28T00:00:00.000Z,2007,1,28,26.11,28.06,24.74,81.25,0.25,17.61,7.75,9.75,70.6,0
6958bb42a2106ae9c65eeb11,2007-01-29T00:00:00.000Z,2007,1,29,25.96,27.96,24.55,78.95,0.73,19.33,7.57,9.42,77.5,0
6958bb42a2106ae9c65eeb12,2007-01-30T00:00:00.000Z,2007,1,30,25.9,28.11,24.14,78.75,0.07,22.31,6.79,9.07,69.7,0
6958bb42a2106ae9c65eeb13,2007-01-31T00:00:00.000Z,2007,1,31,25.77,27.87,24.23,77.52,0.04,21.98,6.98,7.96,66.4,0
6958bb42a2106ae9c65eeb14,2007-02-01T00:00:00.000Z,2007,2,1,25.5,27.86,23.7,76.25,0.02,22.19,6.97,9.03,70.2,0
6958bb42a2106ae9c65eeb15,2007-02-02T00:00:00.000Z,2007,2,2,25.46,27.59,23.78,74.35,0.08,19.82,7.02,8.75,67.6,0
6958bb42a2106ae9c65eeb16,2007-02-03T00:00:00.000Z,2007,2,3,25.53,27.45,23.86,76.31,0.47,18,7.29,8.69,65.1,0
6958bb42a2106ae9c65eeb17,2007-02-04T00:00:00.000Z,2007,2,4,25.64,27.64,24.14,76.09,0.19,20.38,6.35,7.29,62.4,0
6958bb42a2106ae9c65eeb18,2007-02-05T00:00:00.000Z,2007,2,5,25.55,27.7,23.76,75.48,0,23.51,5.89,7.27,62.5,0
6958bb42a2106ae9c65eeb19,2007-02-06T00:00:00.000Z,2007,2,6,25.94,28.58,23.21,76.72,0,21.75,4.14,5.43,74.9,0
6958bb42a2106ae9c65eeb1a,2007-02-07T00:00:00.000Z,2007,2,7,26.22,28.29,24.3,79.24,0,19.81,4.71,7.91,72,0
6958bb42a2106ae9c65eeb1b,2007-02-08T00:00:00.000Z,2007,2,8,26.4,28.99,24.74,80.09,0,22.44,4.86,5.45,62.7,0
6958bb42a2106ae9c65eeb1c,2007-02-09T00:00:00.000Z,2007,2,9,26.02,28.3,24.28,80.48,0,21.73,5.67,7.51,64,0
6958bb42a2106ae9c65eeb1d,2007-02-10T00:00:00.000Z,2007,2,10,26.47,29.2,24.14,80.67,0.47,21.15,6.08,7.89,76.9,0
6958bb42a2106ae9c65eeb1e,2007-02-11T00:00:00.000Z,2007,2,11,26.6,29.08,24.68,80.43,1.24,20.7,5.43,6.92,69.8,0
6958bb42a2106ae9c65eeb1f,2007-02-12T00:00:00.000Z,2007,2,12,26.33,29.04,23.93,80.52,4.83,21.84,4.41,5.37,55.5,0
6958bb42a2106ae9c65eeb20,2007-02-13T00:00:00.000Z,2007,2,13,26.26,28.41,24.45,82.7,2.71,20.51,4.05,5.45,61.3,0
6958bb42a2106ae9c65eeb21,2007-02-14T00:00:00.000Z,2007,2,14,26.66,29.19,24.48,81.19,1.8,22.21,4.21,5.22,61.1,0
6958bb42a2106ae9c65eeb22,2007-02-15T00:00:00.000Z,2007,2,15,26.4,28.82,24.32,80.91,0.76,22.62,4.31,5.28,41.2,0
6958bb42a2106ae9c65eeb23,2007-02-16T00:00:00.000Z,2007,2,16,25.97,28.15,24.3,82.29,0.89,21.77,4.58,5.77,23.1,0
6958bb42a2106ae9c65eeb24,2007-02-17T00:00:00.000Z,2007,2,17,25.87,28.12,24.24,81.46,3.2,21.66,4.24,5.72,6.1,0
6958bb42a2106ae9c65eeb25,2007-02-18T00:00:00.000Z,2007,2,18,25.18,26.47,24.32,81.47,6.49,7.9,3.94,4.97,351.1,0
6958bb42a2106ae9c65eeb26,2007-02-19T00:00:00.000Z,2007,2,19,25.51,27.29,24.01,77.49,0.47,16.44,2.05,2.43,305.7,0
6958bb42a2106ae9c65eeb27,2007-02-20T00:00:00.000Z,2007,2,20,26.21,28.52,24.88,77.24,0.5,20.82,2.61,4.88,1.9,0
6958bb42a2106ae9c65eeb28,2007-02-21T00:00:00.000Z,2007,2,21,26.5,28.58,24.91,80.64,1.93,17.85,4.28,5.81,35.5,0
6958bb42a2106ae9c65eeb29,2007-02-22T00:00:00.000Z,2007,2,22,26.36,28.24,25.23,82.46,3.52,17.25,4.2,5.17,46,0
6958bb42a2106ae9c65eeb2a,2007-02-23T00:00:00.000Z,2007,2,23,25.78,26.88,24.78,85.17,1.1,13.67,2.89,4.01,89.6,0
6958bb42a2106ae9c65eeb2b,2007-02-24T00:00:00.000Z,2007,2,24,27.16,30.06,25,76.07,0.08,22.71,2.88,4.71,54.6,0
6958bb42a2106ae9c65eeb2c,2007-02-25T00:00:00.000Z,2007,2,25,26.84,29.53,25.07,79.96,0.32,22.38,3.6,5.21,29.4,0
6958bb42a2106ae9c65eeb2d,2007-02-26T00:00:00.000Z,2007,2,26,26.29,28.39,24.68,84.23,3.55,20.24,4.49,6.08,40.3,0
6958bb42a2106ae9c65eeb2e,2007-02-27T00:00:00.000Z,2007,2,27,27,29.79,24.93,77.89,1.03,20.29,3.99,5.08,62.5,0
6958bb42a2106ae9c65eeb2f,2007-02-28T00:00:00.000Z,2007,2,28,26.68,28.87,25.18,79.27,3.17,21.36,3.72,5,32.4,0
6958bb42a2106ae9c65eeb30,2007-03-01T00:00:00.000Z,2007,3,1,26.64,28.88,25.25,77.4,0.6,19.02,2.02,3.79,322.4,0
6958bb42a2106ae9c65eeb31,2007-03-02T00:00:00.000Z,2007,3,2,26.97,30.26,25.07,72.48,6.06,21.52,2.35,3.53,277.4,0
6958bb42a2106ae9c65eeb32,2007-03-03T00:00:00.000Z,2007,3,3,26.77,29.44,25.07,76.29,7.7,17.82,1.78,2.84,291.9,0
6958bb42a2106ae9c65eeb33,2007-03-04T00:00:00.000Z,2007,3,4,26.34,27.55,25.25,79.35,1.67,18.77,2.32,2.91,24.1,0
6958bb42a2106ae9c65eeb34,2007-03-05T00:00:00.000Z,2007,3,5,27,29.32,25.27,74.47,3.07,22.53,2.39,4.26,17.7,0
6958bb42a2106ae9c65eeb35,2007-03-06T00:00:00.000Z,2007,3,6,26.55,29.2,24.42,77.27,0.09,20.02,2.98,4.67,19.7,0
6958bb42a2106ae9c65eeb36,2007-03-07T00:00:00.000Z,2007,3,7,26.76,29.45,24.64,77.76,0.07,18.39,3.37,4.03,42.9,0
6958bb42a2106ae9c65eeb37,2007-03-08T00:00:00.000Z,2007,3,8,27.03,29.52,25.18,76.55,0.82,17.94,3.68,4.52,50.8,0
6958bb42a2106ae9c65eeb38,2007-03-09T00:00:00.000Z,2007,3,9,27.1,30.11,24.32,76.78,0.09,23.1,4.64,6.84,67.2,0
6958bb42a2106ae9c65eeb39,2007-03-10T00:00:00.000Z,2007,3,10,27.43,30.53,24.91,76.42,3.7,21.42,3.84,5.3,49.8,0
6958bb42a2106ae9c65eeb3a,2007-03-11T00:00:00.000Z,2007,3,11,27.25,29.33,25.7,80.42,6.15,18.28,5.11,6.48,48.8,0
6958bb42a2106ae9c65eeb3b,2007-03-12T00:00:00.000Z,2007,3,12,27.41,29.88,25.34,78.68,23.44,19.27,4.14,6.25,58.2,0
6958bb42a2106ae9c65eeb3c,2007-03-13T00:00:00.000Z,2007,3,13,27.48,29.65,26.21,81.18,34.54,18.13,3.36,5.11,102.2,0
6958bb42a2106ae9c65eeb3d,2007-03-14T00:00:00.000Z,2007,3,14,27.55,30.11,25.42,74.71,12.49,18.72,2.33,3.21,249.2,0
6958bb42a2106ae9c65eeb3e,2007-03-15T00:00:00.000Z,2007,3,15,26.44,27.99,25.48,81.79,12.34,10.73,2.39,2.85,276.5,0
6958bb42a2106ae9c65eeb3f,2007-03-16T00:00:00.000Z,2007,3,16,26.86,28.77,25.3,78.94,2.9,20.93,2.57,3.15,269.9,0
6958bb42a2106ae9c65eeb40,2007-03-17T00:00:00.000Z,2007,3,17,27.24,29.4,25.49,75.65,0.67,23.2,3.07,3.73,283,0
6958bb42a2106ae9c65eeb41,2007-03-18T00:00:00.000Z,2007,3,18,27.67,30.19,25.92,71.3,0.13,23.75,2.55,3.43,309.4,0
6958bb42a2106ae9c65eeb42,2007-03-19T00:00:00.000Z,2007,3,19,26.89,28.88,25.47,77.06,2.02,13.39,3.3,4.43,303.7,0
6958bb42a2106ae9c65eeb43,2007-03-20T00:00:00.000Z,2007,3,20,26.7,29.09,25.17,75.63,0.05,22.08,3.07,5.09,337.8,0
6958bb42a2106ae9c65eeb44,2007-03-21T00:00:00.000Z,2007,3,21,26.59,29.09,24.56,73.59,0.28,21.5,2.55,3.71,341.7,0
6958bb42a2106ae9c65eeb45,2007-03-22T00:00:00.000Z,2007,3,22,26.36,28.78,24.94,77.49,0.25,17.25,3.25,4.56,350.8,0
6958bb42a2106ae9c65eeb46,2007-03-23T00:00:00.000Z,2007,3,23,26.23,27.97,24.92,81.02,0.26,24.25,2.66,3.67,5,0
6958bb42a2106ae9c65eeb47,2007-03-24T00:00:00.000Z,2007,3,24,26.29,28.07,25.14,80.41,0.42,14.84,2.6,3.89,282,0
6958bb42a2106ae9c65eeb48,2007-03-25T00:00:00.000Z,2007,3,25,26.84,29.12,25.03,75.96,0.06,16.89,2.69,3.91,269.1,0
6958bb42a2106ae9c65eeb49,2007-03-26T00:00:00.000Z,2007,3,26,27.29,30.62,24.64,71.06,0,25.33,2.15,4.13,227.5,0
6958bb42a2106ae9c65eeb4a,2007-03-27T00:00:00.000Z,2007,3,27,27.87,30.97,25.29,68.91,0.06,25.26,1.02,1.43,298.2,0
6958bb42a2106ae9c65eeb4b,2007-03-28T00:00:00.000Z,2007,3,28,27.82,30.42,26.02,74.79,1.94,24.08,1.91,2.57,284.2,0
6958bb42a2106ae9c65eeb4c,2007-03-29T00:00:00.000Z,2007,3,29,27.73,30.56,25.92,76.43,3.8,20.08,1.87,2.85,354.7,0
6958bb42a2106ae9c65eeb4d,2007-03-30T00:00:00.000Z,2007,3,30,27.4,29.59,25.94,80.43,14.87,19.27,3.07,3.96,46.8,0
6958bb42a2106ae9c65eeb4e,2007-03-31T00:00:00.000Z,2007,3,31,27.16,29.54,25.85,80.21,8.13,14.65,2.91,3.93,61.2,0
6958bb42a2106ae9c65eeb4f,2007-04-01T00:00:00.000Z,2007,4,1,26.95,28.7,25.89,83.5,2.24,17.77,2.62,4.77,62.4,0
6958bb42a2106ae9c65eeb50,2007-04-02T00:00:00.000Z,2007,4,2,26.86,28.34,25.84,83.24,5.91,20.94,2.59,3.57,5.3,0
6958bb42a2106ae9c65eeb51,2007-04-03T00:00:00.000Z,2007,4,3,26.24,26.97,25.63,85.85,17.29,20.14,2.27,3.53,292.2,0
6958bb42a2106ae9c65eeb52,2007-04-04T00:00:00.000Z,2007,4,4,26.86,28.63,25.92,82.75,11.9,23.07,2.93,5.39,62.5,0
6958bb42a2106ae9c65eeb53,2007-04-05T00:00:00.000Z,2007,4,5,27.36,28.75,26.19,79.98,13.52,18.46,2.96,4.34,94.5,0
6958bb42a2106ae9c65eeb54,2007-04-06T00:00:00.000Z,2007,4,6,27.68,29.25,26.35,73.63,4.01,12.31,1.85,3.24,90.7,0
6958bb42a2106ae9c65eeb55,2007-04-07T00:00:00.000Z,2007,4,7,27.62,29.4,26.08,75.3,1.3,21.29,2.67,4.31,42.1,0
6958bb42a2106ae9c65eeb56,2007-04-08T00:00:00.000Z,2007,4,8,27.29,29.13,25.66,79.28,4.54,21.16,2.83,3.8,33.3,0
6958bb42a2106ae9c65eeb57,2007-04-09T00:00:00.000Z,2007,4,9,27.16,28.72,26.2,78.54,3.82,16.17,1.19,1.7,320.4,0
6958bb42a2106ae9c65eeb58,2007-04-10T00:00:00.000Z,2007,4,10,27.46,29.69,25.9,76.97,4.65,22.42,1.52,2.74,338.8,0
6958bb42a2106ae9c65eeb59,2007-04-11T00:00:00.000Z,2007,4,11,27.13,29.15,26.09,79.65,2.93,18.6,1.8,2.7,310.4,0
6958bb42a2106ae9c65eeb5a,2007-04-12T00:00:00.000Z,2007,4,12,25.87,26.45,25.3,86.43,3.66,18.52,2.31,3.17,315.6,0
6958bb42a2106ae9c65eeb5b,2007-04-13T00:00:00.000Z,2007,4,13,27.45,29.89,25.71,73.7,2.73,16.82,1.59,2.78,255.5,0
6958bb42a2106ae9c65eeb5c,2007-04-14T00:00:00.000Z,2007,4,14,26.78,28.52,25.77,80.82,1.97,21.82,2.6,3.49,250,0
6958bb42a2106ae9c65eeb5d,2007-04-15T00:00:00.000Z,2007,4,15,26.81,28.57,25.42,79.36,4.07,22.12,1.73,3.53,234.2,0
6958bb42a2106ae9c65eeb5e,2007-04-16T00:00:00.000Z,2007,4,16,27.4,30.25,25.47,77.74,6.88,11.53,1.64,3.55,317.5,0
6958bb42a2106ae9c65eeb5f,2007-04-17T00:00:00.000Z,2007,4,17,27.71,30.18,26.16,75.58,0.33,23.29,1.37,2.73,333.8,0
6958bb42a2106ae9c65eeb60,2007-04-18T00:00:00.000Z,2007,4,18,27.61,29.37,26.27,78.87,0.49,22.88,2.09,3.33,291.8,0
6958bb42a2106ae9c65eeb61,2007-04-19T00:00:00.000Z,2007,4,19,27.56,29.53,26.13,76.51,1.11,18.98,1.89,2.76,293.6,0
6958bb42a2106ae9c65eeb62,2007-04-20T00:00:00.000Z,2007,4,20,28.06,30.89,26.36,74.63,3.08,22.64,1.95,3.75,359.5,0
6958bb42a2106ae9c65eeb63,2007-04-21T00:00:00.000Z,2007,4,21,27.65,29.44,26.54,79.12,2.75,20.77,2.21,3.36,345.5,0
6958bb42a2106ae9c65eeb64,2007-04-22T00:00:00.000Z,2007,4,22,27.39,28.65,26.52,81.33,2.08,18.12,3.25,4.55,290.2,0
6958bb42a2106ae9c65eeb65,2007-04-23T00:00:00.000Z,2007,4,23,26.86,28.06,26.1,85.05,3.12,12.65,3.29,5.05,345.9,0
6958bb42a2106ae9c65eeb66,2007-04-24T00:00:00.000Z,2007,4,24,27.3,29.08,25.99,82.75,2.97,17.99,3.28,4.25,243.3,0
6958bb42a2106ae9c65eeb67,2007-04-25T00:00:00.000Z,2007,4,25,27.02,28.1,26.36,86.92,18.68,17.72,4.03,7.17,9.7,0
6958bb42a2106ae9c65eeb68,2007-04-26T00:00:00.000Z,2007,4,26,27.29,28.67,26.18,81.68,1.98,17.29,3.83,7.13,83.8,0
6958bb42a2106ae9c65eeb69,2007-04-27T00:00:00.000Z,2007,4,27,27.2,28.82,25.93,81.72,6.45,13.28,1.29,2.65,327.5,0
6958bb42a2106ae9c65eeb6a,2007-04-28T00:00:00.000Z,2007,4,28,26.73,27.99,25.68,82.17,3.13,12.94,2.11,3.43,171.7,0
6958bb42a2106ae9c65eeb6b,2007-04-29T00:00:00.000Z,2007,4,29,26.12,26.74,25.25,85.4,0.88,16.64,4.4,8.32,266.8,0
6958bb42a2106ae9c65eeb6c,2007-04-30T00:00:00.000Z,2007,4,30,26.98,29.38,25.19,76.6,1.77,20.04,3.43,5.1,241.1,0
6958bb42a2106ae9c65eeb6d,2007-05-01T00:00:00.000Z,2007,5,1,26.83,28.45,25.36,82.94,5.11,14.41,4.05,5.58,252.7,0
6958bb42a2106ae9c65eeb6e,2007-05-02T00:00:00.000Z,2007,5,2,27.5,29.75,26.07,80.08,3.94,17.41,5.6,7.04,208.2,0
6958bb42a2106ae9c65eeb6f,2007-05-03T00:00:00.000Z,2007,5,3,27.35,29.44,25.82,81.52,7.76,9.2,5.05,7.8,206.7,0
6958bb42a2106ae9c65eeb70,2007-05-04T00:00:00.000Z,2007,5,4,26.61,29.23,24.6,76.88,1.22,13.61,6.1,8.1,215.3,0
6958bb42a2106ae9c65eeb71,2007-05-05T00:00:00.000Z,2007,5,5,27.96,31.04,25.31,75.5,1.72,20.13,3.1,4.85,207.1,0
6958bb42a2106ae9c65eeb72,2007-05-06T00:00:00.000Z,2007,5,6,28.16,30.39,26.46,76.62,1.17,19.09,2.91,3.61,215.7,0
6958bb42a2106ae9c65eeb73,2007-05-07T00:00:00.000Z,2007,5,7,27.94,30.18,26.4,76.89,3.12,18.57,3.19,3.55,228.1,0
6958bb42a2106ae9c65eeb74,2007-05-08T00:00:00.000Z,2007,5,8,27.36,29.27,25.77,78.89,3.44,19.12,3.29,3.81,254.6,0
6958bb42a2106ae9c65eeb75,2007-05-09T00:00:00.000Z,2007,5,9,26.81,28.71,25.72,85.67,14.87,11.11,5.15,7.13,243.3,0
6958bb42a2106ae9c65eeb76,2007-05-10T00:00:00.000Z,2007,5,10,26.97,28.7,25.81,83.4,13.85,8.66,5.66,6.87,230.3,0
6958bb42a2106ae9c65eeb77,2007-05-11T00:00:00.000Z,2007,5,11,27.52,29.51,25.87,81.99,3.57,19.71,5.83,6.97,224.2,0
6958bb42a2106ae9c65eeb78,2007-05-12T00:00:00.000Z,2007,5,12,27.8,29.87,26.42,79.73,1.31,19.39,5.44,6.61,203.9,0
6958bb42a2106ae9c65eeb79,2007-05-13T00:00:00.000Z,2007,5,13,27.02,28.84,25.78,78.37,2.08,17.35,5.37,8.1,203.4,0
6958bb42a2106ae9c65eeb7a,2007-05-14T00:00:00.000Z,2007,5,14,27.25,29.63,25.6,78.65,3.6,9.65,6.33,7.89,215.2,0
6958bb42a2106ae9c65eeb7b,2007-05-15T00:00:00.000Z,2007,5,15,27.39,29.24,25.76,78.82,7.45,10.04,4.43,6.39,209,0
6958bb42a2106ae9c65eeb7c,2007-05-16T00:00:00.000Z,2007,5,16,27.6,29.78,25.75,78.3,0.84,20.43,3.77,4.71,218.2,0
6958bb42a2106ae9c65eeb7d,2007-05-17T00:00:00.000Z,2007,5,17,27.75,30.25,25.9,78.95,0.33,20.12,3.55,4.16,239.9,0
6958bb42a2106ae9c65eeb7e,2007-05-18T00:00:00.000Z,2007,5,18,27.89,30.02,26.02,76.22,0.06,21.82,2.75,3.92,230.7,0
6958bb42a2106ae9c65eeb7f,2007-05-19T00:00:00.000Z,2007,5,19,27.53,29.16,26.34,78.41,0.05,21.56,2.36,3.07,233.5,0
6958bb42a2106ae9c65eeb80,2007-05-20T00:00:00.000Z,2007,5,20,27.68,29.99,25.79,77.88,0.06,23.01,2.93,3.25,238.2,0
6958bb42a2106ae9c65eeb81,2007-05-21T00:00:00.000Z,2007,5,21,27.81,29.87,26.1,78.03,0.46,21.1,3.35,4.74,213.3,0
6958bb42a2106ae9c65eeb82,2007-05-22T00:00:00.000Z,2007,5,22,28.04,30.86,26.2,74.7,1.06,21.36,2.45,4.02,131.8,0
6958bb42a2106ae9c65eeb83,2007-05-23T00:00:00.000Z,2007,5,23,27.27,28.83,26.14,81.36,2.46,19.34,2.1,3.23,44.4,0
6958bb42a2106ae9c65eeb84,2007-05-24T00:00:00.000Z,2007,5,24,27.59,29.32,26.33,76.27,0.83,18.13,1.41,2.73,297.6,0
6958bb42a2106ae9c65eeb85,2007-05-25T00:00:00.000Z,2007,5,25,27.74,29.74,26.39,77.11,1.38,20.92,2.46,3.43,276,0
6958bb42a2106ae9c65eeb86,2007-05-26T00:00:00.000Z,2007,5,26,27.75,30.47,25.86,75.83,0.1,19.68,2.68,4.1,264.6,0
6958bb42a2106ae9c65eeb87,2007-05-27T00:00:00.000Z,2007,5,27,27.73,30.26,25.81,75.81,0.03,19.32,3.09,3.88,267.6,0
6958bb42a2106ae9c65eeb88,2007-05-28T00:00:00.000Z,2007,5,28,27.49,29.82,25.85,77.03,2.03,19.22,3.95,4.81,248.6,0
6958bb42a2106ae9c65eeb89,2007-05-29T00:00:00.000Z,2007,5,29,27.2,29.48,25.51,78.03,0.57,21.27,4.51,5.7,249.7,0
6958bb42a2106ae9c65eeb8a,2007-05-30T00:00:00.000Z,2007,5,30,27.13,29.06,25.64,80.78,0.56,19.42,5.06,6.03,231.9,0
6958bb42a2106ae9c65eeb8b,2007-05-31T00:00:00.000Z,2007,5,31,27.12,28.46,26.06,81.8,1.88,13.23,4.27,4.88,239.9,0
6958bb42a2106ae9c65eeb8c,2007-06-01T00:00:00.000Z,2007,6,1,27.22,28.93,26,80.38,0.68,17.42,4.06,5.07,246,0
6958bb42a2106ae9c65eeb8d,2007-06-02T00:00:00.000Z,2007,6,2,28.21,30.15,25.99,72.41,0.81,20.14,1.79,3.06,219.4,0
6958bb42a2106ae9c65eeb8e,2007-06-03T00:00:00.000Z,2007,6,3,27.83,28.94,26.82,77.17,1.29,19.27,1.17,1.89,317.3,0
6958bb42a2106ae9c65eeb8f,2007-06-04T00:00:00.000Z,2007,6,4,27.22,28.17,25.89,78.61,2.37,9.46,2.11,3.78,246.8,0
6958bb42a2106ae9c65eeb90,2007-06-05T00:00:00.000Z,2007,6,5,27.4,29.47,25.81,77.18,5.58,16.74,2.5,4.67,245.1,0
6958bb42a2106ae9c65eeb91,2007-06-06T00:00:00.000Z,2007,6,6,26.68,27.82,25.78,82.19,8.04,12.25,4.84,5.33,236.9,0
6958bb42a2106ae9c65eeb92,2007-06-07T00:00:00.000Z,2007,6,7,27.94,31.04,25.46,72.64,0.37,22.12,2.36,3.93,296.4,0
6958bb42a2106ae9c65eeb93,2007-06-08T00:00:00.000Z,2007,6,8,27.07,28.26,26.23,80.67,4.15,17.93,2.62,3.72,357.9,0
6958bb42a2106ae9c65eeb94,2007-06-09T00:00:00.000Z,2007,6,9,26.99,28.56,25.8,82.49,19.69,17.95,2.61,3.15,317.3,0
6958bb42a2106ae9c65eeb95,2007-06-10T00:00:00.000Z,2007,6,10,27.14,28.42,26.24,82.6,3.87,15.51,2.94,3.55,278.4,0
6958bb42a2106ae9c65eeb96,2007-06-11T00:00:00.000Z,2007,6,11,27.53,29.21,26.34,80.17,2.94,20.18,3.82,5.21,245.8,0
6958bb42a2106ae9c65eeb97,2007-06-12T00:00:00.000Z,2007,6,12,26.65,27.95,25.59,83.65,3.32,16.13,3.99,5.1,247.9,0
6958bb42a2106ae9c65eeb98,2007-06-13T00:00:00.000Z,2007,6,13,27.32,29.58,25.59,79.48,0.7,18.31,3.32,4.58,241.3,0
6958bb42a2106ae9c65eeb99,2007-06-14T00:00:00.000Z,2007,6,14,27.35,29.33,25.96,78.93,2.22,10.7,2.87,3.92,239.9,0
6958bb42a2106ae9c65eeb9a,2007-06-15T00:00:00.000Z,2007,6,15,27.09,29.25,25.6,83.58,17.14,14.03,5.25,6.8,258,0
6958bb42a2106ae9c65eeb9b,2007-06-16T00:00:00.000Z,2007,6,16,26.57,27.49,25.66,84.02,3.55,11.1,6.51,7.87,242.8,0
6958bb42a2106ae9c65eeb9c,2007-06-17T00:00:00.000Z,2007,6,17,26.7,28.6,25.42,78.63,2.46,11.33,7.13,8.88,223.2,0
6958bb42a2106ae9c65eeb9d,2007-06-18T00:00:00.000Z,2007,6,18,26.84,28.98,25.13,80.2,6.86,12.36,7.16,8.75,221.6,0
6958bb42a2106ae9c65eeb9e,2007-06-19T00:00:00.000Z,2007,6,19,26.75,27.95,25.82,82.21,6.14,8.26,7.89,10.08,241.4,0
6958bb42a2106ae9c65eeb9f,2007-06-20T00:00:00.000Z,2007,6,20,26.82,28.61,25.3,78.04,0.85,10.48,7.89,9.88,223,0
6958bb42a2106ae9c65eeba0,2007-06-21T00:00:00.000Z,2007,6,21,27.83,31.1,24.97,72.92,0.04,15.17,4.06,5.39,219.5,0
6958bb42a2106ae9c65eeba1,2007-06-22T00:00:00.000Z,2007,6,22,27.46,29.06,26.24,74.52,0.02,20.64,1.61,2.35,37.7,0
6958bb42a2106ae9c65eeba2,2007-06-23T00:00:00.000Z,2007,6,23,27.57,29.89,26.04,78.22,0.13,20.24,2.3,3.62,34.7,0
6958bb42a2106ae9c65eeba3,2007-06-24T00:00:00.000Z,2007,6,24,27.65,29.78,26.36,78.24,0.36,19.03,3.38,5.7,227.7,0
6958bb42a2106ae9c65eeba4,2007-06-25T00:00:00.000Z,2007,6,25,27.05,28.7,25.73,80.82,1.68,14.48,5.97,7.79,219.9,0
6958bb42a2106ae9c65eeba5,2007-06-26T00:00:00.000Z,2007,6,26,27.23,29.15,25.73,81.07,2.3,16.62,8.4,11.06,209.4,0
6958bb42a2106ae9c65eeba6,2007-06-27T00:00:00.000Z,2007,6,27,26.73,27.54,26.06,80.47,6.45,12.57,9.76,11.35,221.6,0
6958bb42a2106ae9c65eeba7,2007-06-28T00:00:00.000Z,2007,6,28,26.69,28.59,25.36,77.64,1.04,20.03,6.61,7.77,206.2,0
6958bb42a2106ae9c65eeba8,2007-06-29T00:00:00.000Z,2007,6,29,27.56,30.85,25.38,71.9,0.1,17.41,5.44,6.95,205.5,0
6958bb42a2106ae9c65eeba9,2007-06-30T00:00:00.000Z,2007,6,30,27.88,31.01,24.84,69.31,0,22.93,1.99,3.48,199.8,0
6958bb42a2106ae9c65eebaa,2007-07-01T00:00:00.000Z,2007,7,1,27.23,29.2,25.85,74.96,0,22.36,2.83,4.5,237,0
6958bb42a2106ae9c65eebab,2007-07-02T00:00:00.000Z,2007,7,2,28.08,31.51,25.04,72.99,0,22.82,3.12,4.65,215.2,0
6958bb42a2106ae9c65eebac,2007-07-03T00:00:00.000Z,2007,7,3,27.81,30.49,25.92,75.43,0,21.77,4.43,5.68,210.9,0
6958bb42a2106ae9c65eebad,2007-07-04T00:00:00.000Z,2007,7,4,28.03,31.36,25.57,73.17,0,23.3,3.69,4.54,221.2,0
6958bb42a2106ae9c65eebae,2007-07-05T00:00:00.000Z,2007,7,5,27.54,29.71,25.84,76.2,0.09,22.44,5.29,6.13,221.2,0
6958bb42a2106ae9c65eebaf,2007-07-06T00:00:00.000Z,2007,7,6,26.8,28,25.61,78.24,0.32,18.26,6.52,7.52,223.1,0
6958bb42a2106ae9c65eebb0,2007-07-07T00:00:00.000Z,2007,7,7,26.87,28.43,25.6,79.81,5.32,13.75,7.37,8.53,233.5,0
6958bb42a2106ae9c65eebb1,2007-07-08T00:00:00.000Z,2007,7,8,26.79,28.74,25.69,78.91,1.75,13.34,7.31,8.05,230.7,0
6958bb42a2106ae9c65eebb2,2007-07-09T00:00:00.000Z,2007,7,9,26.71,28.57,25.52,79.22,1.26,13.49,7.68,9,228.6,0
6958bb42a2106ae9c65eebb3,2007-07-10T00:00:00.000Z,2007,7,10,26.64,28.45,25.36,77.23,0.85,15.58,6.95,8.73,224.1,0
6958bb42a2106ae9c65eebb4,2007-07-11T00:00:00.000Z,2007,7,11,27.44,30.21,25.5,75.84,0.77,21.1,5.66,6.68,225.2,0
6958bb42a2106ae9c65eebb5,2007-07-12T00:00:00.000Z,2007,7,12,27.37,29.96,25.61,77,0.47,23.7,7.39,8.24,218.4,0
6958bb42a2106ae9c65eebb6,2007-07-13T00:00:00.000Z,2007,7,13,26.95,28.61,25.85,80.15,2.24,16.28,6.96,8.58,215.4,0
6958bb42a2106ae9c65eebb7,2007-07-14T00:00:00.000Z,2007,7,14,27.17,29.17,25.73,79.53,1.42,17.97,5.53,6.89,213.5,0
6958bb42a2106ae9c65eebb8,2007-07-15T00:00:00.000Z,2007,7,15,27.23,29.33,25.76,77.54,1.53,13.45,5.5,7.69,215.3,0
6958bb42a2106ae9c65eebb9,2007-07-16T00:00:00.000Z,2007,7,16,28.08,31.49,25.35,70.84,0.92,19.93,2.29,3.27,197,0
6958bb42a2106ae9c65eebba,2007-07-17T00:00:00.000Z,2007,7,17,26.87,28.6,25.89,82.01,13.21,11.9,2.61,4.61,299.4,0
6958bb42a2106ae9c65eebbb,2007-07-18T00:00:00.000Z,2007,7,18,26.68,28.18,25.34,80.19,4.95,16.96,3.81,4.43,207.4,0
6958bb42a2106ae9c65eebbc,2007-07-19T00:00:00.000Z,2007,7,19,26.8,29.06,25.32,79.74,21.02,16.53,2.77,4.33,244.8,0
6958bb42a2106ae9c65eebbd,2007-07-20T00:00:00.000Z,2007,7,20,26.02,27.69,24.87,84.45,7.52,11.68,3.72,4.17,286.3,0
6958bb42a2106ae9c65eebbe,2007-07-21T00:00:00.000Z,2007,7,21,25.72,27.21,24.58,84.09,4.69,13.59,4.11,5.55,271.9,0
6958bb42a2106ae9c65eebbf,2007-07-22T00:00:00.000Z,2007,7,22,25.5,26.76,24.63,85.8,4.38,9.78,3.96,5.2,299.5,0
6958bb42a2106ae9c65eebc0,2007-07-23T00:00:00.000Z,2007,7,23,25.24,26.66,24.05,85.15,16.23,6.07,3.89,4.98,276.8,0
6958bb42a2106ae9c65eebc1,2007-07-24T00:00:00.000Z,2007,7,24,25.98,28.35,23.9,77.27,0.32,17.91,3.19,4.6,251.6,0
6958bb42a2106ae9c65eebc2,2007-07-25T00:00:00.000Z,2007,7,25,25.61,26.64,24.78,82.07,0.38,21.46,1.86,2.47,343.8,0
6958bb42a2106ae9c65eebc3,2007-07-26T00:00:00.000Z,2007,7,26,26.07,27.82,24.61,81.26,0.75,14.42,3,4.38,293.1,0
6958bb42a2106ae9c65eebc4,2007-07-27T00:00:00.000Z,2007,7,27,25.61,26.8,24.75,82.86,1.67,12.16,3.45,4.65,251.7,0
6958bb42a2106ae9c65eebc5,2007-07-28T00:00:00.000Z,2007,7,28,25.93,27.39,24.69,82.29,2.25,13.78,4.22,5.28,251,0
6958bb42a2106ae9c65eebc6,2007-07-29T00:00:00.000Z,2007,7,29,26.41,28.6,24.87,76.88,0.69,16.19,5.46,6.37,210.9,0
6958bb42a2106ae9c65eebc7,2007-07-30T00:00:00.000Z,2007,7,30,26.76,29.32,24.75,74.35,0.51,21.33,5.02,6.22,198,0
6958bb42a2106ae9c65eebc8,2007-07-31T00:00:00.000Z,2007,7,31,27.08,29.42,25.01,72.54,1.18,19.54,3.26,4.27,193,0
6958bb42a2106ae9c65eebc9,2007-08-01T00:00:00.000Z,2007,8,1,27.15,29.74,25.04,74.83,0.38,19.34,3.64,4.37,189.6,0
6958bb42a2106ae9c65eebca,2007-08-02T00:00:00.000Z,2007,8,2,27.32,30.02,25.09,71.45,0.07,16.23,2.81,3.82,199.2,0
6958bb42a2106ae9c65eebcb,2007-08-03T00:00:00.000Z,2007,8,3,27.75,31.28,24.73,70.18,0.04,21.93,2.22,3.07,229.3,0
6958bb42a2106ae9c65eebcc,2007-08-04T00:00:00.000Z,2007,8,4,27.18,30,25.3,76.66,0.1,22.5,5.33,6.72,221.6,0
6958bb42a2106ae9c65eebcd,2007-08-05T00:00:00.000Z,2007,8,5,27.25,30.25,25.3,76.42,0,22.62,6.52,7.83,219.5,0
6958bb42a2106ae9c65eebce,2007-08-06T00:00:00.000Z,2007,8,6,27.71,31.16,25.17,73.48,0,23.9,4.03,5.4,229.6,0
6958bb42a2106ae9c65eebcf,2007-08-07T00:00:00.000Z,2007,8,7,27.5,30.93,25.03,72.96,0,19.42,3.15,4.3,251.7,0
6958bb42a2106ae9c65eebd0,2007-08-08T00:00:00.000Z,2007,8,8,26.88,28.8,25.39,78.57,0.01,16.94,6.4,8.1,229.4,0
6958bb42a2106ae9c65eebd1,2007-08-09T00:00:00.000Z,2007,8,9,27.38,29.48,25.79,77.16,0.51,18.41,8.42,10.38,214.8,0
6958bb42a2106ae9c65eebd2,2007-08-10T00:00:00.000Z,2007,8,10,26.91,28.81,25.39,74.93,0.2,19.9,7.56,9.79,213.7,0
6958bb42a2106ae9c65eebd3,2007-08-11T00:00:00.000Z,2007,8,11,27.39,30.56,24.99,73.11,0.12,23.23,5.45,6.69,210.3,0
6958bb42a2106ae9c65eebd4,2007-08-12T00:00:00.000Z,2007,8,12,26.99,29.19,25.46,77.42,1.01,14.43,5.13,6.13,236.9,0
6958bb42a2106ae9c65eebd5,2007-08-13T00:00:00.000Z,2007,8,13,26.2,27.53,25.17,82.8,0.8,15.41,4.82,6.21,255.1,0
6958bb42a2106ae9c65eebd6,2007-08-14T00:00:00.000Z,2007,8,14,26.55,29.02,24.85,80.88,2.1,17.34,5.09,6.5,254.3,0
6958bb42a2106ae9c65eebd7,2007-08-15T00:00:00.000Z,2007,8,15,26.26,27.93,25.4,80.78,1.76,15.92,6.51,7.51,234.3,0
6958bb42a2106ae9c65eebd8,2007-08-16T00:00:00.000Z,2007,8,16,26.36,27.91,25.17,79.83,0.47,15.22,6.64,7.72,226.3,0
6958bb42a2106ae9c65eebd9,2007-08-17T00:00:00.000Z,2007,8,17,26.56,28.84,24.86,78.81,0.24,10.19,5.84,7.42,225.4,0
6958bb42a2106ae9c65eebda,2007-08-18T00:00:00.000Z,2007,8,18,26.83,28.92,25.19,79.31,0.27,17.69,4.81,5.57,237.6,0
6958bb42a2106ae9c65eebdb,2007-08-19T00:00:00.000Z,2007,8,19,26.53,29.01,24.94,77.75,1.57,11.71,7.1,8.74,248.7,0
6958bb42a2106ae9c65eebdc,2007-08-20T00:00:00.000Z,2007,8,20,26.39,28.78,25.02,78.43,1.05,20.63,7.22,8.24,227.2,0
6958bb42a2106ae9c65eebdd,2007-08-21T00:00:00.000Z,2007,8,21,25.82,27.54,24.89,80.2,6.28,8.56,7.76,10.34,222.8,0
6958bb42a2106ae9c65eebde,2007-08-22T00:00:00.000Z,2007,8,22,27.2,30.66,24.57,71.67,0.19,22.92,5,6.38,224.9,0
6958bb42a2106ae9c65eebdf,2007-08-23T00:00:00.000Z,2007,8,23,26.63,29.28,24.71,75.79,2.26,15.77,4.6,5.22,235.6,0
6958bb42a2106ae9c65eebe0,2007-08-24T00:00:00.000Z,2007,8,24,27,29.59,24.94,74.57,2.64,18.57,2.87,4.11,222.3,0
6958bb42a2106ae9c65eebe1,2007-08-25T00:00:00.000Z,2007,8,25,26.91,29.52,24.99,75.98,1.93,20.44,3.32,4.34,232.7,0
6958bb42a2106ae9c65eebe2,2007-08-26T00:00:00.000Z,2007,8,26,26.71,29.27,25.09,77.6,1.26,18.55,2.81,4.03,2.7,0
6958bb42a2106ae9c65eebe3,2007-08-27T00:00:00.000Z,2007,8,27,26.35,28.31,25.11,79.22,3.55,18.18,2.27,2.97,290.5,0
6958bb42a2106ae9c65eebe4,2007-08-28T00:00:00.000Z,2007,8,28,26.05,27.61,25,81.39,3.1,16.66,4.81,6.09,243.1,0
6958bb42a2106ae9c65eebe5,2007-08-29T00:00:00.000Z,2007,8,29,26,27.39,24.9,82.05,5.41,10.39,3.81,4.16,238.2,0
6958bb42a2106ae9c65eebe6,2007-08-30T00:00:00.000Z,2007,8,30,27.21,29.86,24.75,71.66,0.66,20,1.38,3.59,219.2,0
6958bb42a2106ae9c65eebe7,2007-08-31T00:00:00.000Z,2007,8,31,27.02,28.41,26.05,77.51,5.02,22.29,1.51,2.77,5.1,0
6958bb42a2106ae9c65eebe8,2007-09-01T00:00:00.000Z,2007,9,1,26.49,28.46,25.17,80.22,8.74,13.77,2.8,4.72,305.8,0
6958bb42a2106ae9c65eebe9,2007-09-02T00:00:00.000Z,2007,9,2,26.64,28.92,24.8,78.27,5.27,8.82,4.81,5.96,253.2,0
6958bb42a2106ae9c65eebea,2007-09-03T00:00:00.000Z,2007,9,3,27.1,29.82,25.24,75.45,1.26,18.22,5.08,5.91,252.7,0
6958bb42a2106ae9c65eebeb,2007-09-04T00:00:00.000Z,2007,9,4,26.91,29.13,25.2,76.28,1.08,12.12,2.94,4.56,222.2,0
6958bb42a2106ae9c65eebec,2007-09-05T00:00:00.000Z,2007,9,5,27.8,30.41,25.78,74.66,8.41,21.9,2.24,3.22,82.8,0
6958bb42a2106ae9c65eebed,2007-09-06T00:00:00.000Z,2007,9,6,26.95,28.92,25.62,80.15,11.25,9.75,2.76,3.41,340.6,0
6958bb42a2106ae9c65eebee,2007-09-07T00:00:00.000Z,2007,9,7,26.44,28.36,25.14,76.74,7.59,11.13,4.22,5.73,219.1,0
6958bb42a2106ae9c65eebef,2007-09-08T00:00:00.000Z,2007,9,8,27.65,31.25,24.92,70.77,1.52,17.9,4.18,6.51,196.8,0
6958bb42a2106ae9c65eebf0,2007-09-09T00:00:00.000Z,2007,9,9,27.41,29.88,25.6,70.1,0.05,21.5,1.88,2.51,241.7,0
6958bb42a2106ae9c65eebf1,2007-09-10T00:00:00.000Z,2007,9,10,26.68,28.9,25.11,77.08,0.11,20.92,3.77,4.65,244.2,0
6958bb42a2106ae9c65eebf2,2007-09-11T00:00:00.000Z,2007,9,11,26.93,29.73,24.97,75.65,0.04,21.96,5.18,6.38,227.6,0
6958bb42a2106ae9c65eebf3,2007-09-12T00:00:00.000Z,2007,9,12,27.67,30.96,25.22,74.38,0.4,21.81,4.86,5.95,219.7,0
6958bb42a2106ae9c65eebf4,2007-09-13T00:00:00.000Z,2007,9,13,26.83,29.21,25.23,78.24,4.03,18.39,3.92,5.22,266.1,0
6958bb42a2106ae9c65eebf5,2007-09-14T00:00:00.000Z,2007,9,14,26.38,27.95,25.16,82.62,10.77,13.58,6.88,8.86,252.5,0
6958bb42a2106ae9c65eebf6,2007-09-15T00:00:00.000Z,2007,9,15,26.21,27.91,25.17,82.34,11.68,9.93,7.06,8.67,234.5,0
6958bb42a2106ae9c65eebf7,2007-09-16T00:00:00.000Z,2007,9,16,26.16,27.71,25.05,82.33,2.58,15.31,6.62,8.45,219,0
6958bb42a2106ae9c65eebf8,2007-09-17T00:00:00.000Z,2007,9,17,26.86,29.98,24.51,76.41,0.58,17.11,6.71,8.23,204.2,0
6958bb42a2106ae9c65eebf9,2007-09-18T00:00:00.000Z,2007,9,18,26.84,29.53,25.01,76.8,0.14,19.06,6.24,7.5,215,0
6958bb42a2106ae9c65eebfa,2007-09-19T00:00:00.000Z,2007,9,19,26.7,29.86,24.69,77.84,0.01,19.84,7.07,9.49,212.5,0
6958bb42a2106ae9c65eebfb,2007-09-20T00:00:00.000Z,2007,9,20,27.58,30.86,24.69,73,0,23.69,5.41,6.82,208.4,0
6958bb42a2106ae9c65eebfc,2007-09-21T00:00:00.000Z,2007,9,21,27.53,30.97,25.16,71.67,0.36,24.68,5.13,5.89,215.8,0
6958bb42a2106ae9c65eebfd,2007-09-22T00:00:00.000Z,2007,9,22,27.25,30.17,25.32,73.92,0.16,21.34,4.84,5.43,203.5,0
6958bb42a2106ae9c65eebfe,2007-09-23T00:00:00.000Z,2007,9,23,27.59,30.72,25.35,72.61,0.04,20.16,5.26,6.47,216.4,0
6958bb42a2106ae9c65eebff,2007-09-24T00:00:00.000Z,2007,9,24,27.29,29.74,25.34,73.48,0.21,23.01,3.97,5.25,230,0
6958bb42a2106ae9c65eec00,2007-09-25T00:00:00.000Z,2007,9,25,26.8,29.14,25.28,77.82,0.36,18.74,6.14,6.96,232.3,0
6958bb42a2106ae9c65eec01,2007-09-26T00:00:00.000Z,2007,9,26,26.37,28.22,25.17,78.37,0.25,14.21,6.31,7.29,219.2,0
6958bb42a2106ae9c65eec02,2007-09-27T00:00:00.000Z,2007,9,27,27.11,30.18,24.87,71.57,0.01,23.71,4.74,5.68,202.3,0
6958bb42a2106ae9c65eec03,2007-09-28T00:00:00.000Z,2007,9,28,27.32,30.27,24.83,72.17,0.65,23.63,3.04,4.01,227.7,0
6958bb42a2106ae9c65eec04,2007-09-29T00:00:00.000Z,2007,9,29,26.58,28.62,25.18,77.53,1.94,20.29,4.69,6.67,228.6,0
6958bb42a2106ae9c65eec05,2007-09-30T00:00:00.000Z,2007,9,30,26.44,29.09,24.71,77.38,3.02,12.34,6.49,8.11,235.5,0
6958bb42a2106ae9c65eec06,2007-10-01T00:00:00.000Z,2007,10,1,26.33,28.26,25.04,79.73,5.06,11.05,6.97,8.52,233.5,0
6958bb42a2106ae9c65eec07,2007-10-02T00:00:00.000Z,2007,10,2,26.89,30.3,24.42,73.99,4.23,16.79,5.48,6.49,218.3,0
6958bb42a2106ae9c65eec08,2007-10-03T00:00:00.000Z,2007,10,3,27.87,31,25.36,73.68,0.12,18.31,3.92,5.66,199.1,0
6958bb42a2106ae9c65eec09,2007-10-04T00:00:00.000Z,2007,10,4,27.53,30.09,25.88,75.91,0.33,17.8,4.88,5.97,215,0
6958bb42a2106ae9c65eec0a,2007-10-05T00:00:00.000Z,2007,10,5,27.09,29.07,25.6,78.99,4.37,13.71,4.59,5.68,229.2,0
6958bb42a2106ae9c65eec0b,2007-10-06T00:00:00.000Z,2007,10,6,26.13,27.89,25.08,80.73,2.14,13.26,5.65,6.81,238,0
6958bb42a2106ae9c65eec0c,2007-10-07T00:00:00.000Z,2007,10,7,25.73,27.17,24.6,81.43,3.12,14.28,5.18,6.45,253.8,0
6958bb42a2106ae9c65eec0d,2007-10-08T00:00:00.000Z,2007,10,8,26.03,28.28,24.39,75.68,1.12,16.03,3.58,4.31,233,0
6958bb42a2106ae9c65eec0e,2007-10-09T00:00:00.000Z,2007,10,9,26.51,29.18,24.44,73.62,0.07,23.15,2.49,3.36,278.2,0
6958bb42a2106ae9c65eec0f,2007-10-10T00:00:00.000Z,2007,10,10,26.21,27.89,25.05,78.69,0.56,19.4,2.01,3.03,273.9,0
6958bb42a2106ae9c65eec10,2007-10-11T00:00:00.000Z,2007,10,11,26.35,28.34,25.1,78.66,1.14,16.66,1.68,2.37,325.8,0
6958bb42a2106ae9c65eec11,2007-10-12T00:00:00.000Z,2007,10,12,25.88,27.17,24.85,84.96,4.62,14.11,3.16,4.5,356.3,0
6958bb42a2106ae9c65eec12,2007-10-13T00:00:00.000Z,2007,10,13,25.53,26.42,24.61,84.64,8.29,16.01,2.57,3.3,330.7,0
6958bb42a2106ae9c65eec13,2007-10-14T00:00:00.000Z,2007,10,14,25.69,27.11,24.72,83.82,6.1,12.91,2.48,3.09,287.3,0
6958bb42a2106ae9c65eec14,2007-10-15T00:00:00.000Z,2007,10,15,25.58,26.87,24.63,84.86,7.57,18.69,3.04,3.92,318.6,0
6958bb42a2106ae9c65eec15,2007-10-16T00:00:00.000Z,2007,10,16,26.06,27.89,24.55,81.19,5.06,12.67,2.81,3.65,8.9,0
6958bb42a2106ae9c65eec16,2007-10-17T00:00:00.000Z,2007,10,17,26.46,28.92,24.77,78.83,7.88,17.73,2.23,3.01,350.4,0
6958bb42a2106ae9c65eec17,2007-10-18T00:00:00.000Z,2007,10,18,25.86,26.86,24.98,81.97,3.55,9.08,2.15,2.54,293.3,0
6958bb42a2106ae9c65eec18,2007-10-19T00:00:00.000Z,2007,10,19,25.69,27.55,24.66,83.24,4.68,15.73,2.65,4.02,321.8,0
6958bb42a2106ae9c65eec19,2007-10-20T00:00:00.000Z,2007,10,20,26.1,28.04,24.84,80.39,12.76,18.48,0.74,1.32,206.7,0
6958bb42a2106ae9c65eec1a,2007-10-21T00:00:00.000Z,2007,10,21,26.27,28.91,24.72,79.87,9.42,16.69,2.22,4.03,244.2,0
6958bb42a2106ae9c65eec1b,2007-10-22T00:00:00.000Z,2007,10,22,25.73,26.88,24.83,83.95,7.97,14.74,4.69,5.61,247.7,0
6958bb42a2106ae9c65eec1c,2007-10-23T00:00:00.000Z,2007,10,23,25.81,27.35,24.54,84.59,12.34,8.28,5.47,7.42,251.1,0
6958bb42a2106ae9c65eec1d,2007-10-24T00:00:00.000Z,2007,10,24,25.35,26.31,24.58,86.89,37.52,7.7,5.29,7.8,261.4,0
6958bb42a2106ae9c65eec1e,2007-10-25T00:00:00.000Z,2007,10,25,25.42,27.28,24.37,83.3,19.8,11.62,4.41,5.15,209.4,0
6958bb42a2106ae9c65eec1f,2007-10-26T00:00:00.000Z,2007,10,26,26.2,29.16,24.13,77.56,1.39,18.43,5.54,6.79,209.9,0
6958bb42a2106ae9c65eec20,2007-10-27T00:00:00.000Z,2007,10,27,25.87,27.4,24.49,82.53,5.59,13.9,4.27,5.12,231.2,0
6958bb42a2106ae9c65eec21,2007-10-28T00:00:00.000Z,2007,10,28,26.05,27.9,24.89,81.41,0.7,18.25,5.74,7.6,220.8,0
6958bb42a2106ae9c65eec22,2007-10-29T00:00:00.000Z,2007,10,29,26.31,28.81,24.45,78.92,0.43,16.46,5.2,6.28,223.4,0
6958bb42a2106ae9c65eec23,2007-10-30T00:00:00.000Z,2007,10,30,26.09,27.85,24.75,79.18,1.93,11.17,3.17,4.44,237.4,0
6958bb42a2106ae9c65eec24,2007-10-31T00:00:00.000Z,2007,10,31,25.67,27.25,24.29,79.06,1.87,18.28,2.32,3.52,262.8,0
6958bb42a2106ae9c65eec25,2007-11-01T00:00:00.000Z,2007,11,1,25.58,26.59,24.49,82.51,3.5,14.79,2.22,4.03,213.4,0
6958bb42a2106ae9c65eec26,2007-11-02T00:00:00.000Z,2007,11,2,26.76,29.72,24.82,74.26,2.18,19.41,3.47,4.47,195.9,0
6958bb42a2106ae9c65eec27,2007-11-03T00:00:00.000Z,2007,11,3,26.1,28.59,24.17,76.55,1.52,15.39,2.42,3.96,205.9,0
6958bb42a2106ae9c65eec28,2007-11-04T00:00:00.000Z,2007,11,4,25.51,27.34,24.29,80.42,4.1,9.99,2.7,3.34,294.5,0
6958bb42a2106ae9c65eec29,2007-11-05T00:00:00.000Z,2007,11,5,25.01,26.13,24.09,85.52,5.19,13.73,2.81,4.21,2.7,0
6958bb42a2106ae9c65eec2a,2007-11-06T00:00:00.000Z,2007,11,6,25.3,26.91,24.04,85.35,9.72,13.96,3.34,4.66,292.4,0
6958bb42a2106ae9c65eec2b,2007-11-07T00:00:00.000Z,2007,11,7,25.43,26.37,24.76,85.9,9.39,15.28,4.52,5.34,256.6,0
6958bb42a2106ae9c65eec2c,2007-11-08T00:00:00.000Z,2007,11,8,25.75,27.49,24.63,83.72,11.42,9.64,6.11,8.6,233.9,0
6958bb42a2106ae9c65eec2d,2007-11-09T00:00:00.000Z,2007,11,9,25.85,27.09,24.63,85.89,22.98,14.17,6.46,8.83,208.5,0
6958bb42a2106ae9c65eec2e,2007-11-10T00:00:00.000Z,2007,11,10,25.97,27.57,25.15,83.12,20.09,11.51,7.6,10.49,212.4,0
6958bb42a2106ae9c65eec2f,2007-11-11T00:00:00.000Z,2007,11,11,25.87,27.22,24.82,84.2,4.13,11.2,4.81,5.5,215.9,0
6958bb42a2106ae9c65eec30,2007-11-12T00:00:00.000Z,2007,11,12,26.06,28.19,24.33,79.87,0.8,18.48,3.89,4.97,198.6,0
6958bb42a2106ae9c65eec31,2007-11-13T00:00:00.000Z,2007,11,13,26.43,27.79,24.93,77.96,0.51,19.29,2.25,3.37,197.2,0
6958bb42a2106ae9c65eec32,2007-11-14T00:00:00.000Z,2007,11,14,27.32,29.83,24.91,73.53,0.56,21.64,1.47,2.6,152.4,0
6958bb42a2106ae9c65eec33,2007-11-15T00:00:00.000Z,2007,11,15,26.25,27.33,25.23,82.87,9.77,14.69,2.28,3.32,86.4,0
6958bb42a2106ae9c65eec34,2007-11-16T00:00:00.000Z,2007,11,16,26.08,27.77,24.9,85.92,11.68,14.99,2.9,4.86,37.2,0
6958bb42a2106ae9c65eec35,2007-11-17T00:00:00.000Z,2007,11,17,25.89,27.38,25.01,87.04,5.48,15.74,3.15,4.62,49.7,0
6958bb42a2106ae9c65eec36,2007-11-18T00:00:00.000Z,2007,11,18,26.25,27.76,25.12,83.86,2.63,17.01,1.45,2.39,27.4,0
6958bb42a2106ae9c65eec37,2007-11-19T00:00:00.000Z,2007,11,19,26.04,27.69,25.24,85.67,8.99,14.15,1.97,2.96,282.8,0
6958bb42a2106ae9c65eec38,2007-11-20T00:00:00.000Z,2007,11,20,25.81,27.16,24.81,82.99,5.49,11.74,3.93,4.63,220.1,0
6958bb42a2106ae9c65eec39,2007-11-21T00:00:00.000Z,2007,11,21,25.54,27.17,24.33,81.74,0.65,12.81,2.6,3.46,78.1,0
6958bb42a2106ae9c65eec3a,2007-11-22T00:00:00.000Z,2007,11,22,26.21,28.62,24.61,79,0.31,20.94,2.05,3.34,346.5,0
6958bb42a2106ae9c65eec3b,2007-11-23T00:00:00.000Z,2007,11,23,26.05,28.08,24.73,82.35,0.99,20.88,2.45,3.48,11.4,0
6958bb42a2106ae9c65eec3c,2007-11-24T00:00:00.000Z,2007,11,24,26.4,28.2,24.9,81.3,1.13,20,2.84,3.98,2.8,0
6958bb42a2106ae9c65eec3d,2007-11-25T00:00:00.000Z,2007,11,25,26.98,28.95,25.76,75.6,0.31,19.59,1.39,3.01,350.7,0
6958bb42a2106ae9c65eec3e,2007-11-26T00:00:00.000Z,2007,11,26,27.03,29.42,25.3,74.59,1.71,19.48,1.73,3.51,303.2,0
6958bb42a2106ae9c65eec3f,2007-11-27T00:00:00.000Z,2007,11,27,26.24,28.08,24.8,78.22,0.95,20.92,2.2,3.28,312.4,0
6958bb42a2106ae9c65eec40,2007-11-28T00:00:00.000Z,2007,11,28,26.11,28.13,24.54,80.64,4.25,15.87,4.18,6.86,34.6,0
6958bb42a2106ae9c65eec41,2007-11-29T00:00:00.000Z,2007,11,29,26.28,28.31,24.59,78.18,3.55,20.5,5.87,8.08,55.6,0
6958bb42a2106ae9c65eec42,2007-11-30T00:00:00.000Z,2007,11,30,26.16,27.83,25.1,82.43,24.15,12.95,6.62,7.77,54.5,0
6958bb42a2106ae9c65eec43,2007-12-01T00:00:00.000Z,2007,12,1,26.03,27.64,25.05,81.48,15.98,11.4,7.9,9.23,61,0
6958bb42a2106ae9c65eec44,2007-12-02T00:00:00.000Z,2007,12,2,25.79,27.49,24.6,78.84,0.7,12.81,7.98,9.29,66.1,0
6958bb42a2106ae9c65eec45,2007-12-03T00:00:00.000Z,2007,12,3,26.04,28.24,24.57,76.92,0.78,19.71,8.61,10.57,72.5,0
6958bb42a2106ae9c65eec46,2007-12-04T00:00:00.000Z,2007,12,4,25.87,27.79,24.25,77.13,0.94,20.28,8.31,10.02,68.4,0
6958bb42a2106ae9c65eec47,2007-12-05T00:00:00.000Z,2007,12,5,26.02,27.94,24.59,78.71,3.5,15.11,7.8,10.17,65.3,0
6958bb42a2106ae9c65eec48,2007-12-06T00:00:00.000Z,2007,12,6,25.92,27.61,24.36,84.05,11.59,7.25,7.9,10.36,54.5,0
6958bb42a2106ae9c65eec49,2007-12-07T00:00:00.000Z,2007,12,7,26.4,28.14,25.22,84.59,12.28,9.09,8.64,10.77,64.7,0
6958bb42a2106ae9c65eec4a,2007-12-08T00:00:00.000Z,2007,12,8,26.31,27.74,25.48,87.21,60.56,10.83,6.97,8.07,55.6,0
6958bb42a2106ae9c65eec4b,2007-12-09T00:00:00.000Z,2007,12,9,25.65,26.28,25.23,90.44,35.86,10.02,8.88,11.62,50.9,0
6958bb42a2106ae9c65eec4c,2007-12-10T00:00:00.000Z,2007,12,10,25.64,26.86,24.79,89.17,17.2,15.31,5.38,7.42,82,0
6958bb42a2106ae9c65eec4d,2007-12-11T00:00:00.000Z,2007,12,11,25.49,27.23,24.52,86.25,8.41,13.97,3.88,5.5,51.5,0
6958bb42a2106ae9c65eec4e,2007-12-12T00:00:00.000Z,2007,12,12,25.88,27.3,24.51,87.57,7.08,18.8,6.52,8.47,61.5,0
6958bb42a2106ae9c65eec4f,2007-12-13T00:00:00.000Z,2007,12,13,26.07,27.55,25.06,86.62,7.45,13.05,6.21,8.39,51.8,0
6958bb42a2106ae9c65eec50,2007-12-14T00:00:00.000Z,2007,12,14,25.55,26.73,24.9,88.68,8.37,13.16,6.14,7.96,59.9,0
6958bb42a2106ae9c65eec51,2007-12-15T00:00:00.000Z,2007,12,15,26.02,27.93,24.66,86.01,9.64,11.85,7.25,11.89,123.8,0
6958bb42a2106ae9c65eec52,2007-12-16T00:00:00.000Z,2007,12,16,25.57,27.26,24.38,84.45,3.31,18.08,3.06,3.63,100.4,0
6958bb42a2106ae9c65eec53,2007-12-17T00:00:00.000Z,2007,12,17,25.85,26.99,24.62,88.12,2.92,15.9,4.59,5.89,83.4,0
6958bb42a2106ae9c65eec54,2007-12-18T00:00:00.000Z,2007,12,18,26.49,28.2,25.36,85.24,7.43,18.29,4.88,6.43,85.7,0
6958bb42a2106ae9c65eec55,2007-12-19T00:00:00.000Z,2007,12,19,26.27,28.22,24.64,86.52,5.93,14.34,6.25,8.47,71.1,0
6958bb42a2106ae9c65eec56,2007-12-20T00:00:00.000Z,2007,12,20,26.14,27.5,24.97,86.53,17.46,12.21,4.04,6.23,91.8,0
6958bb42a2106ae9c65eec57,2007-12-21T00:00:00.000Z,2007,12,21,25.89,28,24.39,80.69,2.25,17.05,2.6,3.55,90.5,0
6958bb42a2106ae9c65eec58,2007-12-22T00:00:00.000Z,2007,12,22,25.74,27.02,24.51,85.83,1.12,19.41,3.56,4.83,54.3,0
6958bb42a2106ae9c65eec59,2007-12-23T00:00:00.000Z,2007,12,23,25.8,27.59,24.38,83.78,0.19,19.7,2.94,4.23,15.2,0
6958bb42a2106ae9c65eec5a,2007-12-24T00:00:00.000Z,2007,12,24,25.45,27.14,24.18,83.54,0.53,17.85,3.87,4.66,4,0
6958bb42a2106ae9c65eec5b,2007-12-25T00:00:00.000Z,2007,12,25,25.12,26.68,23.85,84.03,0.3,15.86,3.4,4.51,355.4,0
6958bb42a2106ae9c65eec5c,2007-12-26T00:00:00.000Z,2007,12,26,24.83,26.52,23.68,80.22,0.05,13.14,2.84,3.9,336.9,0
6958bb42a2106ae9c65eec5d,2007-12-27T00:00:00.000Z,2007,12,27,24.86,26.87,23.27,76.62,0,19.44,2.51,3.79,14.1,0
6958bb42a2106ae9c65eec5e,2007-12-28T00:00:00.000Z,2007,12,28,25.52,27.82,24.1,74.62,0,21.2,2.19,3.27,326.3,0
6958bb42a2106ae9c65eec5f,2007-12-29T00:00:00.000Z,2007,12,29,25.23,27.32,23.61,76.77,0,19.89,2.41,3.7,355.7,0
6958bb42a2106ae9c65eec60,2007-12-30T00:00:00.000Z,2007,12,30,25.55,27.27,24.07,79.29,0,19.06,2.57,3.21,21.5,0
6958bb42a2106ae9c65eec61,2007-12-31T00:00:00.000Z,2007,12,31,25.47,27.45,24.05,81.53,0,18.74,3.02,4.58,40.1,0
6958bb42a2106ae9c65eec62,2008-01-01T00:00:00.000Z,2008,1,1,25.4,26.61,24.05,84.54,0.16,22,4.95,6.58,70.6,0
6958bb42a2106ae9c65eec63,2008-01-02T00:00:00.000Z,2008,1,2,26.23,28.27,24.56,81.67,0.57,17.87,5,5.99,74,0
6958bb42a2106ae9c65eec64,2008-01-03T00:00:00.000Z,2008,1,3,26.02,27.27,25.17,84.67,0.4,17.95,5.45,6.77,77,0
6958bb42a2106ae9c65eec65,2008-01-04T00:00:00.000Z,2008,1,4,26.19,28.1,24.77,84.28,3.51,18.25,4.87,5.48,75.9,0
6958bb42a2106ae9c65eec66,2008-01-05T00:00:00.000Z,2008,1,5,25.94,27.74,24.63,83.46,2.67,17.31,4.87,6.35,68.8,0
6958bb42a2106ae9c65eec67,2008-01-06T00:00:00.000Z,2008,1,6,25.54,27.15,24.04,83.52,2.98,16.25,2.33,3.45,82.2,0
6958bb42a2106ae9c65eec68,2008-01-07T00:00:00.000Z,2008,1,7,25.72,27.18,24.73,84.03,13.27,14.13,2.58,3.87,80.7,0
6958bb42a2106ae9c65eec69,2008-01-08T00:00:00.000Z,2008,1,8,25.47,26.42,24.66,89.28,9.38,16.07,3.97,4.87,53.5,0
6958bb42a2106ae9c65eec6a,2008-01-09T00:00:00.000Z,2008,1,9,26.43,28.31,25.09,78.33,15.44,13.06,2.69,4.58,160.7,0
6958bb42a2106ae9c65eec6b,2008-01-10T00:00:00.000Z,2008,1,10,26.34,28.36,24.93,76.85,7.12,17.98,1.1,2.19,21.2,0
6958bb42a2106ae9c65eec6c,2008-01-11T00:00:00.000Z,2008,1,11,26.09,28.02,24.97,81.35,4.05,19.72,1.78,3.27,13,0
6958bb42a2106ae9c65eec6d,2008-01-12T00:00:00.000Z,2008,1,12,26.03,28.06,24.53,82.48,3.79,21.12,2.68,3.63,3.6,0
6958bb42a2106ae9c65eec6e,2008-01-13T00:00:00.000Z,2008,1,13,25.91,27.61,24.71,83.16,1.62,16.84,3.34,3.9,3.8,0
6958bb42a2106ae9c65eec6f,2008-01-14T00:00:00.000Z,2008,1,14,26.03,27.86,24.33,78.74,0.43,19.52,2.34,3.29,11.4,0
6958bb42a2106ae9c65eec70,2008-01-15T00:00:00.000Z,2008,1,15,26.12,27.95,24.42,79.84,0.45,20.04,3.33,4.52,28.2,0
6958bb42a2106ae9c65eec71,2008-01-16T00:00:00.000Z,2008,1,16,26.55,28.75,24.95,80.47,3.7,18.93,4.73,6.08,58.7,0
6958bb42a2106ae9c65eec72,2008-01-17T00:00:00.000Z,2008,1,17,26.17,28.04,24.56,80.9,1.61,18.73,4.63,6.52,52.8,0
6958bb42a2106ae9c65eec73,2008-01-18T00:00:00.000Z,2008,1,18,26.07,27.81,24.66,83.67,2.28,14.06,6.1,8.61,62.7,0
6958bb42a2106ae9c65eec74,2008-01-19T00:00:00.000Z,2008,1,19,26.49,28.83,24.63,82.33,1,19,4.46,5.97,74.3,0
6958bb42a2106ae9c65eec75,2008-01-20T00:00:00.000Z,2008,1,20,26.67,28.46,25.51,80.2,0.99,16.68,5.29,7.09,65.7,0
6958bb42a2106ae9c65eec76,2008-01-21T00:00:00.000Z,2008,1,21,26.32,28.14,24.86,83,1.75,18.6,5.59,7.07,57.4,0
6958bb42a2106ae9c65eec77,2008-01-22T00:00:00.000Z,2008,1,22,26.71,29.19,24.85,81.43,0.85,20.7,5.39,7.35,73.5,0
6958bb42a2106ae9c65eec78,2008-01-23T00:00:00.000Z,2008,1,23,26.73,28.75,25.13,80.97,5.99,12.38,5.04,6.85,74.7,0
6958bb42a2106ae9c65eec79,2008-01-24T00:00:00.000Z,2008,1,24,26.7,29,25.16,81.73,6.33,17.38,4.16,5.05,60.6,0
6958bb42a2106ae9c65eec7a,2008-01-25T00:00:00.000Z,2008,1,25,26.59,28.31,25.09,83.85,6.2,17.88,5.36,6.97,56.4,0
6958bb42a2106ae9c65eec7b,2008-01-26T00:00:00.000Z,2008,1,26,26.66,28.47,25.15,84.3,1.25,18.08,4.36,5.68,59.7,0
6958bb42a2106ae9c65eec7c,2008-01-27T00:00:00.000Z,2008,1,27,26.16,26.88,25.65,88.91,9.46,13.37,5.32,6.46,5.3,0
6958bb42a2106ae9c65eec7d,2008-01-28T00:00:00.000Z,2008,1,28,26.35,27.74,25.65,86.84,5.68,16.51,4.84,5.7,42.6,0
6958bb42a2106ae9c65eec7e,2008-01-29T00:00:00.000Z,2008,1,29,26.07,27.33,25.05,86.08,0.91,15.56,4.2,5.47,42.8,0
6958bb42a2106ae9c65eec7f,2008-01-30T00:00:00.000Z,2008,1,30,26.56,28.68,25.12,83.37,0.35,18.07,2.62,4.75,64.3,0
6958bb42a2106ae9c65eec80,2008-01-31T00:00:00.000Z,2008,1,31,26.23,27.97,24.68,79.95,0.64,16.02,2.58,3.62,53.5,0
6958bb42a2106ae9c65eec81,2008-02-01T00:00:00.000Z,2008,2,1,26.96,28.6,25.29,73.98,0.34,14.09,0.95,1.37,83.4,0
6958bb42a2106ae9c65eec82,2008-02-02T00:00:00.000Z,2008,2,2,26.76,29.23,25.25,77.43,2.69,19.2,1.6,2.81,354.9,0
6958bb42a2106ae9c65eec83,2008-02-03T00:00:00.000Z,2008,2,3,26.32,28.14,25.11,78.39,0.77,15.06,1.78,2.31,9.2,0
6958bb42a2106ae9c65eec84,2008-02-04T00:00:00.000Z,2008,2,4,26.62,28.49,25.36,82.63,0.64,19.27,3.42,5.04,61.4,0
6958bb42a2106ae9c65eec85,2008-02-05T00:00:00.000Z,2008,2,5,26.82,29.05,25.62,83.12,10.62,14.01,4.91,7.88,78.4,0
6958bb42a2106ae9c65eec86,2008-02-06T00:00:00.000Z,2008,2,6,27.16,29.25,25.47,82.16,4.77,18.77,6,7.17,77.4,0
6958bb42a2106ae9c65eec87,2008-02-07T00:00:00.000Z,2008,2,7,26.85,28.58,25.46,82.08,7.05,17.03,4.26,5.8,64,0
6958bb42a2106ae9c65eec88,2008-02-08T00:00:00.000Z,2008,2,8,26.8,29.47,24.53,80.05,1.43,19.5,3.89,4.94,74.5,0
6958bb42a2106ae9c65eec89,2008-02-09T00:00:00.000Z,2008,2,9,26.63,29.07,24.63,79.28,0.57,18.84,4.1,6.14,67.6,0
6958bb42a2106ae9c65eec8a,2008-02-10T00:00:00.000Z,2008,2,10,26.7,29.44,24.59,76.75,0.19,21.64,5.34,6.89,74,0
6958bb42a2106ae9c65eec8b,2008-02-11T00:00:00.000Z,2008,2,11,26.26,28.85,24.11,75.12,0,21.04,6.15,8.26,71.5,0
6958bb42a2106ae9c65eec8c,2008-02-12T00:00:00.000Z,2008,2,12,26.5,29.21,24.5,74.9,0,22.3,6.53,8.31,73.4,0
6958bb42a2106ae9c65eec8d,2008-02-13T00:00:00.000Z,2008,2,13,26.61,29.6,24.05,74.68,0.64,19.52,5.08,6.02,76.2,0
6958bb42a2106ae9c65eec8e,2008-02-14T00:00:00.000Z,2008,2,14,26.52,29.11,24.11,75.95,0.12,21.11,5.62,7.49,72.3,0
6958bb42a2106ae9c65eec8f,2008-02-15T00:00:00.000Z,2008,2,15,26.64,29.07,24.42,75.51,0.01,17.87,5.38,6.66,70.9,0
6958bb42a2106ae9c65eec90,2008-02-16T00:00:00.000Z,2008,2,16,26.62,28.89,24.65,76.84,0.15,15.75,4.64,5.07,67,0
6958bb42a2106ae9c65eec91,2008-02-17T00:00:00.000Z,2008,2,17,26.59,28.72,24.86,77.24,0.02,20.07,5.35,7.7,71.3,0
6958bb42a2106ae9c65eec92,2008-02-18T00:00:00.000Z,2008,2,18,26.85,29.39,24.7,75.16,1.35,19.82,4.97,6.1,71.1,0
6958bb42a2106ae9c65eec93,2008-02-19T00:00:00.000Z,2008,2,19,26.69,28.66,24.87,77.65,0.39,18.95,5.61,7.07,71.3,0
6958bb42a2106ae9c65eec94,2008-02-20T00:00:00.000Z,2008,2,20,26.51,28.77,24.82,76.62,0.18,18.93,5.16,6.71,71.8,0
6958bb42a2106ae9c65eec95,2008-02-21T00:00:00.000Z,2008,2,21,26.17,28.32,24.39,76.99,0.05,19.45,5.42,7.35,55.3,0
6958bb42a2106ae9c65eec96,2008-02-22T00:00:00.000Z,2008,2,22,26.31,28.94,24.31,74.54,0,21.47,5.33,6.6,58.6,0
6958bb42a2106ae9c65eec97,2008-02-23T00:00:00.000Z,2008,2,23,26.21,29.05,23.62,73.1,0,19.83,4.5,6.27,51.1,0
6958bb42a2106ae9c65eec98,2008-02-24T00:00:00.000Z,2008,2,24,26.91,29.95,24.03,70.41,0.11,15.69,3.2,4.3,49.2,0
6958bb42a2106ae9c65eec99,2008-02-25T00:00:00.000Z,2008,2,25,27.04,29.52,25.4,72.63,0.81,15.97,2.19,3.95,311.5,0
6958bb42a2106ae9c65eec9a,2008-02-26T00:00:00.000Z,2008,2,26,27.15,29.47,25.37,73.45,0.45,18.07,1.87,2.6,321.8,0
6958bb42a2106ae9c65eec9b,2008-02-27T00:00:00.000Z,2008,2,27,27.48,30.17,25.53,72.67,0.23,20.01,2.58,3.92,69.8,0
6958bb42a2106ae9c65eec9c,2008-02-28T00:00:00.000Z,2008,2,28,26.98,28.69,25.63,77.88,2.7,15.69,3.45,4.84,70,0
6958bb42a2106ae9c65eec9d,2008-02-29T00:00:00.000Z,2008,2,29,26.19,27.77,25.1,81.49,4.75,11.94,3.28,4.34,77.3,0
6958bb42a2106ae9c65eec9e,2008-03-01T00:00:00.000Z,2008,3,1,25.96,27.8,24.86,84.08,12.82,7.53,3.48,4.31,81.3,0
6958bb42a2106ae9c65eec9f,2008-03-02T00:00:00.000Z,2008,3,2,26.04,27.57,24.67,82.78,1.88,19.38,4.07,5.8,77.2,0
6958bb42a2106ae9c65eeca0,2008-03-03T00:00:00.000Z,2008,3,3,26.63,29.06,24.91,77.95,1.32,10.2,4.81,6.66,78.4,0
6958bb42a2106ae9c65eeca1,2008-03-04T00:00:00.000Z,2008,3,4,26.58,29.01,24.67,76.93,2.11,17.76,4.34,5.53,76.2,0
6958bb42a2106ae9c65eeca2,2008-03-05T00:00:00.000Z,2008,3,5,26.13,27.99,24.45,81.2,2.15,17.22,5.06,6.03,76.8,0
6958bb42a2106ae9c65eeca3,2008-03-06T00:00:00.000Z,2008,3,6,26.78,28.86,25.4,79.98,7.47,18.96,5.78,6.66,73.2,0
6958bb42a2106ae9c65eeca4,2008-03-07T00:00:00.000Z,2008,3,7,26.2,27.94,24.86,84.16,4.7,16.96,4.25,5.5,72.6,0
6958bb42a2106ae9c65eeca5,2008-03-08T00:00:00.000Z,2008,3,8,26.06,27.86,24.66,82.82,6.97,19.28,3.46,4.03,121.5,0
6958bb42a2106ae9c65eeca6,2008-03-09T00:00:00.000Z,2008,3,9,26.71,28.87,25.04,75.34,8.07,18.82,3.17,5.85,134.8,0
6958bb42a2106ae9c65eeca7,2008-03-10T00:00:00.000Z,2008,3,10,26.33,28.27,25.19,77.52,5.45,15.73,1.64,2.31,62.7,0
6958bb42a2106ae9c65eeca8,2008-03-11T00:00:00.000Z,2008,3,11,26.53,28.92,25.04,78.02,0.99,18.38,3.56,5.7,40.8,0
6958bb42a2106ae9c65eeca9,2008-03-12T00:00:00.000Z,2008,3,12,26.31,28.19,24.88,82.49,5.76,14.77,5.79,7.29,51.5,0
6958bb42a2106ae9c65eecaa,2008-03-13T00:00:00.000Z,2008,3,13,26.42,28.32,25.02,82.3,3.85,19.15,5.08,6.4,77.7,0
6958bb42a2106ae9c65eecab,2008-03-14T00:00:00.000Z,2008,3,14,26.52,28.53,25.06,82.21,6.1,14.31,4.29,6.12,63.2,0
6958bb42a2106ae9c65eecac,2008-03-15T00:00:00.000Z,2008,3,15,27.37,29.77,25.68,78.04,1.79,20.73,3.86,5.38,84,0
6958bb42a2106ae9c65eecad,2008-03-16T00:00:00.000Z,2008,3,16,27.35,28.99,26.29,80.3,4.84,18.89,3.9,6.13,63.6,0
6958bb42a2106ae9c65eecae,2008-03-17T00:00:00.000Z,2008,3,17,26.9,29.13,25.43,81.52,10.29,15.84,4.73,6.03,41.9,0
6958bb42a2106ae9c65eecaf,2008-03-18T00:00:00.000Z,2008,3,18,25.37,26.25,24.62,84.07,6.63,16.81,3.25,4.28,316.7,0
6958bb42a2106ae9c65eecb0,2008-03-19T00:00:00.000Z,2008,3,19,25.92,27.33,24.59,80.52,4.15,13.54,2.12,2.98,302.5,0
6958bb42a2106ae9c65eecb1,2008-03-20T00:00:00.000Z,2008,3,20,26.81,29.12,25.13,79.16,1.39,19.72,3.51,4.78,49.8,0
6958bb42a2106ae9c65eecb2,2008-03-21T00:00:00.000Z,2008,3,21,27.12,29.46,25.5,78.86,2.32,20.73,4.55,5.51,50.7,0
6958bb42a2106ae9c65eecb3,2008-03-22T00:00:00.000Z,2008,3,22,26.27,27.48,25.41,82.86,22.21,9.31,2.31,3.18,3.1,0
6958bb42a2106ae9c65eecb4,2008-03-23T00:00:00.000Z,2008,3,23,26.84,29.23,25.38,77.84,0.95,22.78,1.9,4.08,21.5,0
6958bb42a2106ae9c65eecb5,2008-03-24T00:00:00.000Z,2008,3,24,27.14,29.73,25.25,77.99,8.1,20.25,2.85,4.3,55.2,0
6958bb42a2106ae9c65eecb6,2008-03-25T00:00:00.000Z,2008,3,25,25.91,27.06,24.68,85.72,30.53,18.65,4.96,9.53,107.1,0
6958bb42a2106ae9c65eecb7,2008-03-26T00:00:00.000Z,2008,3,26,26,28.81,23.91,78.84,10.93,15.06,3.9,5.23,148.8,0
6958bb42a2106ae9c65eecb8,2008-03-27T00:00:00.000Z,2008,3,27,26.8,29.36,24.66,74.25,5.98,21.03,4.33,6.68,154,0
6958bb42a2106ae9c65eecb9,2008-03-28T00:00:00.000Z,2008,3,28,28.01,31.28,25.18,73.81,2.5,24.19,2.06,3.24,123.9,0
6958bb42a2106ae9c65eecba,2008-03-29T00:00:00.000Z,2008,3,29,27.23,28.56,26.22,81.4,5.62,23.37,1.33,2.03,302.6,0
6958bb42a2106ae9c65eecbb,2008-03-30T00:00:00.000Z,2008,3,30,27,28.9,25.64,77.98,2.79,14.32,2.01,3.55,288.6,0
6958bb42a2106ae9c65eecbc,2008-03-31T00:00:00.000Z,2008,3,31,27.53,30.78,24.9,72.09,0.16,25.4,3.07,4.5,252.1,0
6958bb42a2106ae9c65eecbd,2008-04-01T00:00:00.000Z,2008,4,1,27.8,30.47,25.56,72.59,0.35,23.31,1.95,3.01,268.2,0
6958bb42a2106ae9c65eecbe,2008-04-02T00:00:00.000Z,2008,4,2,27.76,30.64,25.78,71.82,0.15,21.36,2,3.52,29,0
6958bb42a2106ae9c65eecbf,2008-04-03T00:00:00.000Z,2008,4,3,26.51,28,25.47,79.98,0.35,19.63,2.08,3.37,353.3,0
6958bb42a2106ae9c65eecc0,2008-04-04T00:00:00.000Z,2008,4,4,26.5,28.41,25.07,81.89,0.23,20.43,2.96,4.17,30.8,0
6958bb42a2106ae9c65eecc1,2008-04-05T00:00:00.000Z,2008,4,5,26.46,28.25,25.06,82.55,0.67,16.28,2.76,4.15,34.4,0
6958bb42a2106ae9c65eecc2,2008-04-06T00:00:00.000Z,2008,4,6,26.93,28.59,25.71,78.54,7.11,17.87,1.97,2.91,174.1,0
6958bb42a2106ae9c65eecc3,2008-04-07T00:00:00.000Z,2008,4,7,27.08,29.43,25.36,77.4,11.94,19.49,2.3,3.52,250.5,0
6958bb42a2106ae9c65eecc4,2008-04-08T00:00:00.000Z,2008,4,8,26.45,27.77,25.47,83.66,6.89,19.98,2.45,3.42,279.6,0
6958bb42a2106ae9c65eecc5,2008-04-09T00:00:00.000Z,2008,4,9,26.62,28,25.61,82.97,5.28,20.56,3.35,4.67,245.2,0
6958bb42a2106ae9c65eecc6,2008-04-10T00:00:00.000Z,2008,4,10,26.53,28.13,25.41,84.15,10.16,14.21,3.16,4.25,292.1,0
6958bb42a2106ae9c65eecc7,2008-04-11T00:00:00.000Z,2008,4,11,26.34,27.92,25.36,85.49,18.61,16.46,3.41,4.88,290.3,0
6958bb42a2106ae9c65eecc8,2008-04-12T00:00:00.000Z,2008,4,12,26.09,27.96,25.32,86.65,38.27,19.03,3.5,5.69,336.2,0
6958bb42a2106ae9c65eecc9,2008-04-13T00:00:00.000Z,2008,4,13,26.33,27.42,25.35,82.33,7.54,21.75,1.8,2.9,32.5,0
6958bb42a2106ae9c65eecca,2008-04-14T00:00:00.000Z,2008,4,14,26.4,27.47,25.48,84.91,14.09,18.65,2.79,3.8,77.3,0
6958bb42a2106ae9c65eeccb,2008-04-15T00:00:00.000Z,2008,4,15,26.98,29.41,25.24,77.97,32.42,18.27,1.98,2.65,247.7,0
6958bb42a2106ae9c65eeccc,2008-04-16T00:00:00.000Z,2008,4,16,26.72,28.81,25.42,78.39,3.61,19.84,2,3.29,307.9,0
6958bb42a2106ae9c65eeccd,2008-04-17T00:00:00.000Z,2008,4,17,27.02,29.31,25.14,78.3,1,16.36,2.23,2.99,280.2,0
6958bb42a2106ae9c65eecce,2008-04-18T00:00:00.000Z,2008,4,18,26.95,28.59,25.7,80.83,1.09,15.87,3.16,3.63,282.9,0
6958bb42a2106ae9c65eeccf,2008-04-19T00:00:00.000Z,2008,4,19,26.97,28.73,25.55,81.39,3.08,16.47,2.72,3.22,281.5,0
6958bb42a2106ae9c65eecd0,2008-04-20T00:00:00.000Z,2008,4,20,26.59,27.92,25.61,83.75,1.62,18.94,3,5.1,290.8,0
6958bb42a2106ae9c65eecd1,2008-04-21T00:00:00.000Z,2008,4,21,26.81,28.37,25.44,81.7,3.15,18.22,2.32,3.38,284.1,0
6958bb42a2106ae9c65eecd2,2008-04-22T00:00:00.000Z,2008,4,22,26.97,28.04,26.15,81.53,10.47,15.94,2.62,4.03,22.2,0
6958bb42a2106ae9c65eecd3,2008-04-23T00:00:00.000Z,2008,4,23,26.26,27.36,25.53,88.96,37.26,9.94,4.65,6.55,87.4,0
6958bb42a2106ae9c65eecd4,2008-04-24T00:00:00.000Z,2008,4,24,26.85,28.76,25.71,81.69,15.66,16.09,6.34,8.35,196.8,0
6958bb42a2106ae9c65eecd5,2008-04-25T00:00:00.000Z,2008,4,25,26.89,28.09,25.77,81.86,4.05,16.39,3.73,4.33,192.9,0
6958bb42a2106ae9c65eecd6,2008-04-26T00:00:00.000Z,2008,4,26,27.46,29.56,25.72,76.77,1.12,20.95,3.1,5.71,188.8,0
6958bb42a2106ae9c65eecd7,2008-04-27T00:00:00.000Z,2008,4,27,27.02,28.45,25.69,80.45,0.23,20.73,1.41,2.27,216.9,0
6958bb42a2106ae9c65eecd8,2008-04-28T00:00:00.000Z,2008,4,28,26.98,28.11,25.86,80.13,1.18,17.62,1.98,2.81,250.9,0
6958bb42a2106ae9c65eecd9,2008-04-29T00:00:00.000Z,2008,4,29,27.19,28.36,25.72,77.54,0.76,19.15,1.82,3.28,213.1,0
6958bb42a2106ae9c65eecda,2008-04-30T00:00:00.000Z,2008,4,30,27.95,30.22,26.22,73.39,0.03,18.15,1.37,2.14,228.3,0
6958bb42a2106ae9c65eecdb,2008-05-01T00:00:00.000Z,2008,5,1,27.44,29.22,26.12,79.68,0.25,22.93,2.85,4.43,215.1,0
6958bb42a2106ae9c65eecdc,2008-05-02T00:00:00.000Z,2008,5,2,27.2,29.34,25.69,81.94,0.22,21.44,5.54,6.09,216.2,0
6958bb42a2106ae9c65eecdd,2008-05-03T00:00:00.000Z,2008,5,3,27.51,30.3,25.59,77.59,0.33,24.25,5.71,6.52,216.6,0
6958bb42a2106ae9c65eecde,2008-05-04T00:00:00.000Z,2008,5,4,27.58,30.2,25.47,78.59,1.03,21.23,4.01,4.78,211.5,0
6958bb42a2106ae9c65eecdf,2008-05-05T00:00:00.000Z,2008,5,5,27.15,28.73,25.67,80.85,2.61,16.62,3.43,4.04,227.8,0
6958bb42a2106ae9c65eece0,2008-05-06T00:00:00.000Z,2008,5,6,26.79,28.49,25.53,82.34,0.78,18.92,3.37,4.09,235.8,0
6958bb42a2106ae9c65eece1,2008-05-07T00:00:00.000Z,2008,5,7,26.96,28.54,25.61,80.71,2.82,17.04,3.34,4.1,211.1,0
6958bb42a2106ae9c65eece2,2008-05-08T00:00:00.000Z,2008,5,8,27.13,28.69,25.86,79.78,1.36,22.49,3.81,5.18,212.1,0
6958bb42a2106ae9c65eece3,2008-05-09T00:00:00.000Z,2008,5,9,26.59,28.09,25.63,82.23,3.57,12.94,5.87,7.24,234.6,0
6958bb42a2106ae9c65eece4,2008-05-10T00:00:00.000Z,2008,5,10,26.47,27.71,25.4,83.72,2.6,12.43,7.43,8.66,232.7,0
6958bb42a2106ae9c65eece5,2008-05-11T00:00:00.000Z,2008,5,11,26.35,27.54,25.29,82.29,3.45,10.86,9.2,10.77,217.5,0
6958bb42a2106ae9c65eece6,2008-05-12T00:00:00.000Z,2008,5,12,26.67,28.72,24.83,81.49,5.06,15.06,7.45,8.66,222.2,0
6958bb42a2106ae9c65eece7,2008-05-13T00:00:00.000Z,2008,5,13,26.67,28.48,25.42,81.87,0.34,20.06,5.8,6.46,224.7,0
6958bb42a2106ae9c65eece8,2008-05-14T00:00:00.000Z,2008,5,14,26.71,28.38,25.44,81.26,0.08,21.11,6.04,7.03,213.8,0
6958bb42a2106ae9c65eece9,2008-05-15T00:00:00.000Z,2008,5,15,27.21,29.37,25.68,79.13,0.11,23.44,6.01,7.06,211.4,0
6958bb42a2106ae9c65eecea,2008-05-16T00:00:00.000Z,2008,5,16,27.41,29.6,25.87,78.27,0.02,21,6.06,7.8,204.7,0
6958bb42a2106ae9c65eeceb,2008-05-17T00:00:00.000Z,2008,5,17,27.63,30.53,25.42,75.37,0,23.63,4.55,5.1,215.6,0
6958bb42a2106ae9c65eecec,2008-05-18T00:00:00.000Z,2008,5,18,27.69,30.77,25.51,75.66,0,22.79,5.66,6.6,213.1,0
6958bb42a2106ae9c65eeced,2008-05-19T00:00:00.000Z,2008,5,19,27.92,31.32,25.3,75.77,0.55,22.97,5.01,5.64,210.7,0
6958bb42a2106ae9c65eecee,2008-05-20T00:00:00.000Z,2008,5,20,27.88,30.64,25.57,75.75,0.27,18.29,3.56,5.15,226.6,0
6958bb42a2106ae9c65eecef,2008-05-21T00:00:00.000Z,2008,5,21,27.3,29.02,25.85,77.18,0.56,18.75,2.42,2.99,253.6,0
6958bb42a2106ae9c65eecf0,2008-05-22T00:00:00.000Z,2008,5,22,27.72,30.35,25.99,74.15,5.58,16.9,2.08,3.57,274,0
6958bb42a2106ae9c65eecf1,2008-05-23T00:00:00.000Z,2008,5,23,26.75,27.97,25.82,82.92,16.39,11.56,3.34,4.05,249.7,0
6958bb42a2106ae9c65eecf2,2008-05-24T00:00:00.000Z,2008,5,24,26.03,27.46,24.69,83.87,3.61,14.78,4.83,6.94,239.8,0
6958bb42a2106ae9c65eecf3,2008-05-25T00:00:00.000Z,2008,5,25,25.96,28.07,24.37,81.25,0.77,12.43,4.05,5.25,241.2,0
6958bb42a2106ae9c65eecf4,2008-05-26T00:00:00.000Z,2008,5,26,26.02,27.34,24.82,81.32,1.48,18.19,2.05,3.03,286.3,0
6958bb42a2106ae9c65eecf5,2008-05-27T00:00:00.000Z,2008,5,27,27.19,29.63,25.42,74.22,0.45,20.85,1.46,2.61,357.6,0
6958bb42a2106ae9c65eecf6,2008-05-28T00:00:00.000Z,2008,5,28,27.18,29.15,25.71,77.06,0.47,19.06,2.27,3.25,263.9,0
6958bb42a2106ae9c65eecf7,2008-05-29T00:00:00.000Z,2008,5,29,27.29,29.54,25.56,75.87,1.45,16.53,2.71,3.17,238.2,0
6958bb42a2106ae9c65eecf8,2008-05-30T00:00:00.000Z,2008,5,30,26.85,28.99,25.43,78.67,1.38,16.63,2.82,3.55,258.4,0
6958bb42a2106ae9c65eecf9,2008-05-31T00:00:00.000Z,2008,5,31,27.47,30.22,25.2,75.87,0.5,18.99,3.43,3.98,260.2,0
6958bb42a2106ae9c65eecfa,2008-06-01T00:00:00.000Z,2008,6,1,27.02,29.13,25.64,80.68,1.19,19.8,3.56,4.4,268,0
6958bb42a2106ae9c65eecfb,2008-06-02T00:00:00.000Z,2008,6,2,26.49,27.9,25.34,83.69,1.23,17,3.99,4.88,258.4,0
6958bb42a2106ae9c65eecfc,2008-06-03T00:00:00.000Z,2008,6,3,26.59,28.13,25.2,81.15,2.72,18.82,2.32,3.05,276.5,0
6958bb42a2106ae9c65eecfd,2008-06-04T00:00:00.000Z,2008,6,4,27.43,30.27,25.54,75.79,1.28,19.6,1.46,2.87,351.7,0
6958bb42a2106ae9c65eecfe,2008-06-05T00:00:00.000Z,2008,6,5,27.36,29.46,25.96,76.95,4.97,17.41,2.16,4.16,264.7,0
6958bb42a2106ae9c65eecff,2008-06-06T00:00:00.000Z,2008,6,6,27.19,29.23,25.84,79.8,7.04,17.49,5.49,6.68,217.5,0
6958bb42a2106ae9c65eed00,2008-06-07T00:00:00.000Z,2008,6,7,26.96,28.79,25.89,81.85,5.92,15.56,5.45,5.98,228.6,0
6958bb42a2106ae9c65eed01,2008-06-08T00:00:00.000Z,2008,6,8,27.56,29.85,25.55,73.99,0.64,15.57,3.78,5.43,198.9,0
6958bb42a2106ae9c65eed02,2008-06-09T00:00:00.000Z,2008,6,9,27.01,28.46,25.75,76.23,4.36,18.81,2.28,5.57,227.6,0
6958bb42a2106ae9c65eed03,2008-06-10T00:00:00.000Z,2008,6,10,26.47,28.12,25.42,79.52,1.44,16.13,5.61,7.19,225.7,0
6958bb42a2106ae9c65eed04,2008-06-11T00:00:00.000Z,2008,6,11,26.51,28.78,25.04,78.69,2.25,10.62,8.08,9.38,210.5,0
6958bb42a2106ae9c65eed05,2008-06-12T00:00:00.000Z,2008,6,12,26.76,28.94,25.39,75.87,1.53,15.8,7.44,9.13,224.5,0
6958bb42a2106ae9c65eed06,2008-06-13T00:00:00.000Z,2008,6,13,26.92,29.31,25.12,75.82,0.27,12.48,6.18,7.16,218.2,0
6958bb42a2106ae9c65eed07,2008-06-14T00:00:00.000Z,2008,6,14,27.23,29.72,25.57,77.27,0.19,21.11,6.66,7.41,218.4,0
6958bb42a2106ae9c65eed08,2008-06-15T00:00:00.000Z,2008,6,15,27.09,29.31,25.26,76.83,0.35,21.07,4.92,6.57,218.6,0
6958bb42a2106ae9c65eed09,2008-06-16T00:00:00.000Z,2008,6,16,27.1,29.73,25.24,73.7,0.11,22.83,4.65,6.19,223.8,0
6958bb42a2106ae9c65eed0a,2008-06-17T00:00:00.000Z,2008,6,17,27.44,30.04,25.26,73.53,0.24,19.84,2.3,3.95,247.3,0
6958bb42a2106ae9c65eed0b,2008-06-18T00:00:00.000Z,2008,6,18,27.44,29.84,25.74,73.56,0.2,21.68,2.59,3.44,232.9,0
6958bb42a2106ae9c65eed0c,2008-06-19T00:00:00.000Z,2008,6,19,27.18,29.64,25.17,75.54,0.23,17.57,2.8,3.6,255,0
6958bb42a2106ae9c65eed0d,2008-06-20T00:00:00.000Z,2008,6,20,27.66,30.16,25.98,74.24,0.13,22.01,2.74,3.5,252.7,0
6958bb42a2106ae9c65eed0e,2008-06-21T00:00:00.000Z,2008,6,21,27.49,30.25,25.48,76.44,0.04,23.08,4.28,5.16,239.6,0
6958bb42a2106ae9c65eed0f,2008-06-22T00:00:00.000Z,2008,6,22,27.37,29.62,25.7,77.28,0.08,17.68,4.99,6.59,235.1,0
6958bb42a2106ae9c65eed10,2008-06-23T00:00:00.000Z,2008,6,23,26.99,29.28,25.39,77.7,0.47,21.07,5.93,6.59,238.9,0
6958bb42a2106ae9c65eed11,2008-06-24T00:00:00.000Z,2008,6,24,26.34,28.22,24.93,76.25,0.75,12.89,4.6,5.12,234.4,0
6958bb42a2106ae9c65eed12,2008-06-25T00:00:00.000Z,2008,6,25,26.21,28.03,24.76,82.47,0.71,18.87,4.66,5.8,229.4,0
6958bb42a2106ae9c65eed13,2008-06-26T00:00:00.000Z,2008,6,26,27.27,30.4,24.83,72.51,0.11,15.29,3.91,5.06,232.7,0
6958bb42a2106ae9c65eed14,2008-06-27T00:00:00.000Z,2008,6,27,27.44,29.9,25.1,71.34,0.17,19.93,3.12,4.62,252.9,0
6958bb42a2106ae9c65eed15,2008-06-28T00:00:00.000Z,2008,6,28,27.66,30.37,25.53,73.85,1.09,21.59,2.15,3,264.4,0
6958bb42a2106ae9c65eed16,2008-06-29T00:00:00.000Z,2008,6,29,27.52,30.44,26.01,76.3,0.48,19.13,1.47,2.85,319.6,0
6958bb42a2106ae9c65eed17,2008-06-30T00:00:00.000Z,2008,6,30,27.74,30.33,25.75,73.6,0.66,20.56,2.52,3.36,261.5,0
6958bb42a2106ae9c65eed18,2008-07-01T00:00:00.000Z,2008,7,1,27.71,30.39,25.69,73.2,1,21.27,3.49,4.32,231.6,0
6958bb42a2106ae9c65eed19,2008-07-02T00:00:00.000Z,2008,7,2,26.91,28.46,25.66,78.12,11.14,18.41,3.46,4.21,249.5,0
6958bb42a2106ae9c65eed1a,2008-07-03T00:00:00.000Z,2008,7,3,26.43,28.49,24.83,75.87,1.79,8,5.63,7.61,212.7,0
6958bb42a2106ae9c65eed1b,2008-07-04T00:00:00.000Z,2008,7,4,27.68,31.08,24.67,69.16,0.65,19.97,2.62,4,231.4,0
6958bb42a2106ae9c65eed1c,2008-07-05T00:00:00.000Z,2008,7,5,27.46,29.81,25.75,73.33,1.22,20.69,1.77,2.27,310.2,0
6958bb42a2106ae9c65eed1d,2008-07-06T00:00:00.000Z,2008,7,6,27.77,30.08,25.94,72.17,0.29,17.76,1.03,1.49,314.9,0
6958bb42a2106ae9c65eed1e,2008-07-07T00:00:00.000Z,2008,7,7,27.27,29.04,25.96,77.25,0.87,13.16,2.85,4.88,247,0
6958bb42a2106ae9c65eed1f,2008-07-08T00:00:00.000Z,2008,7,8,26.4,27.61,25.46,78.94,0.43,15.16,3.66,4.34,224.3,0
6958bb42a2106ae9c65eed20,2008-07-09T00:00:00.000Z,2008,7,9,26.19,27.99,24.86,78.22,2.27,6.47,4.4,6,213.1,0
6958bb42a2106ae9c65eed21,2008-07-10T00:00:00.000Z,2008,7,10,26.66,28.57,24.81,71.76,0.31,16,2.97,5.11,206.3,0
6958bb42a2106ae9c65eed22,2008-07-11T00:00:00.000Z,2008,7,11,27.66,30.29,26.09,68.89,0.24,22.82,2.01,3.54,3,0
6958bb42a2106ae9c65eed23,2008-07-12T00:00:00.000Z,2008,7,12,27.46,30.01,25.58,72.59,1.37,21.4,1.98,3.15,315.7,0
6958bb42a2106ae9c65eed24,2008-07-13T00:00:00.000Z,2008,7,13,27.48,30.13,25.79,74.36,0.79,18.9,4.88,6.54,225.1,0
6958bb42a2106ae9c65eed25,2008-07-14T00:00:00.000Z,2008,7,14,27.27,30.01,25.34,74.59,1.12,14.29,4.07,4.85,224.2,0
6958bb42a2106ae9c65eed26,2008-07-15T00:00:00.000Z,2008,7,15,26.59,28.61,25.33,80.42,6.38,18.19,4.71,6.15,253.1,0
6958bb42a2106ae9c65eed27,2008-07-16T00:00:00.000Z,2008,7,16,26.62,28.62,25.21,82.09,11.43,17.2,5.61,7.65,273,0
6958bb42a2106ae9c65eed28,2008-07-17T00:00:00.000Z,2008,7,17,26.18,27.89,25.24,81.27,7.82,10.79,6.2,6.95,247.8,0
6958bb42a2106ae9c65eed29,2008-07-18T00:00:00.000Z,2008,7,18,26.77,29.07,25.29,78.37,5.54,16.78,5.7,6.94,222.9,0
6958bb42a2106ae9c65eed2a,2008-07-19T00:00:00.000Z,2008,7,19,27.05,29.42,25.38,78.48,5.75,15.36,6.23,7.14,228.9,0
6958bb42a2106ae9c65eed2b,2008-07-20T00:00:00.000Z,2008,7,20,26.71,29.04,24.98,75.8,1.54,12.28,5.17,6.25,201.1,0
6958bb42a2106ae9c65eed2c,2008-07-21T00:00:00.000Z,2008,7,21,26.52,28.91,24.59,76.53,0.66,18.27,5.56,7.14,199.4,0
6958bb42a2106ae9c65eed2d,2008-07-22T00:00:00.000Z,2008,7,22,27.5,30.95,24.71,70.57,0.09,21.65,5.08,5.83,194.8,0
6958bb42a2106ae9c65eed2e,2008-07-23T00:00:00.000Z,2008,7,23,26.55,29.06,24.81,75.28,0.46,17.73,6.33,8.16,201,0
6958bb42a2106ae9c65eed2f,2008-07-24T00:00:00.000Z,2008,7,24,25.71,27.44,24.84,81.04,2.1,10.64,6.77,8.82,231.5,0
6958bb42a2106ae9c65eed30,2008-07-25T00:00:00.000Z,2008,7,25,26.49,29.03,24.86,76.55,1.53,11.88,8.18,9.93,214,0
6958bb42a2106ae9c65eed31,2008-07-26T00:00:00.000Z,2008,7,26,26.46,28.54,25.2,77.54,0.52,16.3,6.94,8.11,220.3,0
6958bb42a2106ae9c65eed32,2008-07-27T00:00:00.000Z,2008,7,27,26.5,28.53,24.88,68.02,0.28,16.42,4.69,6.16,210.1,0
6958bb42a2106ae9c65eed33,2008-07-28T00:00:00.000Z,2008,7,28,27.17,30.89,24.33,65.96,0,21.56,3.5,4.96,225.4,0
6958bb42a2106ae9c65eed34,2008-07-29T00:00:00.000Z,2008,7,29,27.62,31.51,24.22,63.34,0,20.66,2.22,3.46,211.9,0
6958bb42a2106ae9c65eed35,2008-07-30T00:00:00.000Z,2008,7,30,27.77,30.77,25.25,69,0.03,20.76,1.91,2.88,226.8,0
6958bb42a2106ae9c65eed36,2008-07-31T00:00:00.000Z,2008,7,31,28.5,31.73,25.65,70.25,0.17,21.3,1.71,3.05,178.7,0
6958bb42a2106ae9c65eed37,2008-08-01T00:00:00.000Z,2008,8,1,28.43,31.63,25.96,72.16,0.45,23.9,2.21,4.4,196.5,0
6958bb42a2106ae9c65eed38,2008-08-02T00:00:00.000Z,2008,8,2,27.6,29.42,25.98,75.54,1.79,17.37,2.79,4.4,225.9,0
6958bb42a2106ae9c65eed39,2008-08-03T00:00:00.000Z,2008,8,3,26.43,27.94,25.03,78.93,4.63,13.31,5.85,7.51,224.7,0
6958bb42a2106ae9c65eed3a,2008-08-04T00:00:00.000Z,2008,8,4,27.76,30.77,24.96,66.1,0.23,21.76,2.58,5.57,216.6,0
6958bb42a2106ae9c65eed3b,2008-08-05T00:00:00.000Z,2008,8,5,27.62,29.98,25.98,72.85,0.46,18.32,1.93,2.43,224.8,0
6958bb42a2106ae9c65eed3c,2008-08-06T00:00:00.000Z,2008,8,6,26.53,28.98,24.69,76.1,0.52,18.94,5.73,7.98,231.1,0
6958bb42a2106ae9c65eed3d,2008-08-07T00:00:00.000Z,2008,8,7,26.92,29.91,24.64,76.29,0.12,20.26,7.25,8.23,221.4,0
6958bb42a2106ae9c65eed3e,2008-08-08T00:00:00.000Z,2008,8,8,27.13,29.55,25.55,75.52,0.72,20.45,6.86,7.38,215.9,0
6958bb42a2106ae9c65eed3f,2008-08-09T00:00:00.000Z,2008,8,9,27.48,30.45,25.34,72.28,0.17,23.64,6.41,7.55,215,0
6958bb42a2106ae9c65eed40,2008-08-10T00:00:00.000Z,2008,8,10,27.54,30.61,25.28,72.12,0,24.3,4.54,5.38,227.3,0
6958bb42a2106ae9c65eed41,2008-08-11T00:00:00.000Z,2008,8,11,27.78,31.12,25.22,70.79,0,18.06,4.02,4.84,226.6,0
6958bb42a2106ae9c65eed42,2008-08-12T00:00:00.000Z,2008,8,12,27.68,30.86,25.23,71.27,0,21.28,3.51,4.57,229.2,0
6958bb42a2106ae9c65eed43,2008-08-13T00:00:00.000Z,2008,8,13,27.61,30.38,25.38,73.03,0,23.73,1.91,2.9,154.9,0
6958bb42a2106ae9c65eed44,2008-08-14T00:00:00.000Z,2008,8,14,27.93,31,25.8,71.4,0.18,23.41,1.08,1.6,274.5,0
6958bb42a2106ae9c65eed45,2008-08-15T00:00:00.000Z,2008,8,15,28.12,31.58,25.41,69.42,1.23,23.8,2.03,2.71,231.3,0
6958bb42a2106ae9c65eed46,2008-08-16T00:00:00.000Z,2008,8,16,27.35,29.64,25.56,72.65,1.15,17.41,2.48,3.91,235.5,0
6958bb42a2106ae9c65eed47,2008-08-17T00:00:00.000Z,2008,8,17,27.35,29.92,25.75,74.5,0.76,21.61,2.56,3.89,6.4,0
6958bb42a2106ae9c65eed48,2008-08-18T00:00:00.000Z,2008,8,18,26.72,28.46,25.22,75.71,2.37,17.31,1.41,2.38,320.9,0
6958bb42a2106ae9c65eed49,2008-08-19T00:00:00.000Z,2008,8,19,27.39,30,25.87,74.55,3.79,20.25,1.55,2.59,312.9,0
6958bb42a2106ae9c65eed4a,2008-08-20T00:00:00.000Z,2008,8,20,26.78,28.53,25.68,79.21,12.63,19.49,2.61,4.22,286.2,0
6958bb42a2106ae9c65eed4b,2008-08-21T00:00:00.000Z,2008,8,21,25.93,27.55,24.8,82.57,24.01,12.75,4.45,5.59,282.8,0
6958bb42a2106ae9c65eed4c,2008-08-22T00:00:00.000Z,2008,8,22,25.88,27.88,24.66,78.92,9.15,14.07,3.72,4.31,265,0
6958bb42a2106ae9c65eed4d,2008-08-23T00:00:00.000Z,2008,8,23,26.52,29.19,24.58,80.11,5.65,17.32,4.72,6.17,260.2,0
6958bb42a2106ae9c65eed4e,2008-08-24T00:00:00.000Z,2008,8,24,26.44,28.43,25.16,78.66,2.45,15.54,3.62,4.12,260.4,0
6958bb42a2106ae9c65eed4f,2008-08-25T00:00:00.000Z,2008,8,25,26.63,28.78,25.22,77.67,4.12,17.3,3.23,4.34,255.8,0
6958bb42a2106ae9c65eed50,2008-08-26T00:00:00.000Z,2008,8,26,26.35,28.27,25.06,80.84,1.71,20.1,4.75,6.14,280.7,0
6958bb42a2106ae9c65eed51,2008-08-27T00:00:00.000Z,2008,8,27,25.95,27.39,25.02,82.2,10.82,15.24,5.65,6.16,242.4,0
6958bb42a2106ae9c65eed52,2008-08-28T00:00:00.000Z,2008,8,28,25.92,27.82,24.81,81.44,4.8,11.08,5.58,6.36,242.4,0
6958bb42a2106ae9c65eed53,2008-08-29T00:00:00.000Z,2008,8,29,25.41,27.11,24.35,82.69,10.85,13.82,5.14,5.55,248,0
6958bb42a2106ae9c65eed54,2008-08-30T00:00:00.000Z,2008,8,30,25.91,28.11,24.07,81.09,2.65,20.21,4.85,6.32,252.4,0
6958bb42a2106ae9c65eed55,2008-08-31T00:00:00.000Z,2008,8,31,26.34,28.16,24.98,81.75,1.02,19.19,2.31,3.11,311.2,0
6958bb42a2106ae9c65eed56,2008-09-01T00:00:00.000Z,2008,9,1,26.3,27.96,25.12,82.2,3.93,14.97,2.53,3.55,321.3,0
6958bb42a2106ae9c65eed57,2008-09-02T00:00:00.000Z,2008,9,2,26.7,28.81,25.14,76.56,8.38,16.89,1.86,2.64,239,0
6958bb42a2106ae9c65eed58,2008-09-03T00:00:00.000Z,2008,9,3,26.52,28.76,24.84,76.87,5.1,13.46,3.18,4.15,215.5,0
6958bb42a2106ae9c65eed59,2008-09-04T00:00:00.000Z,2008,9,4,27.03,29.88,25.02,74.97,0.43,19.11,4.35,5.08,239.3,0
6958bb42a2106ae9c65eed5a,2008-09-05T00:00:00.000Z,2008,9,5,25.42,26.64,24.56,82.4,3.54,13.75,5.2,6.38,246.3,0
6958bb42a2106ae9c65eed5b,2008-09-06T00:00:00.000Z,2008,9,6,26.01,28.75,24.22,75.32,0.35,10.48,5.66,6.72,224.6,0
6958bb42a2106ae9c65eed5c,2008-09-07T00:00:00.000Z,2008,9,7,25.95,28.06,24.43,74.25,0.11,17.14,5.6,6.93,224,0
6958bb42a2106ae9c65eed5d,2008-09-08T00:00:00.000Z,2008,9,8,26.15,28.71,24.28,74.2,0.14,17.17,4.5,5.75,246.4,0
6958bb42a2106ae9c65eed5e,2008-09-09T00:00:00.000Z,2008,9,9,26.35,28.85,24.4,75.59,0.14,21,4.13,5.73,257.5,0
6958bb42a2106ae9c65eed5f,2008-09-10T00:00:00.000Z,2008,9,10,26.04,28.08,24.59,79.5,0.79,20.95,6.11,7.69,232.8,0
6958bb42a2106ae9c65eed60,2008-09-11T00:00:00.000Z,2008,9,11,26.9,29.99,24.79,74.81,0.08,22.95,6.6,7.6,204.1,0
6958bb42a2106ae9c65eed61,2008-09-12T00:00:00.000Z,2008,9,12,26.84,29.79,25.09,75.73,0.04,23.56,6.41,7.39,206.1,0
6958bb42a2106ae9c65eed62,2008-09-13T00:00:00.000Z,2008,9,13,26.05,27.89,24.91,77.35,0.47,11.65,6.12,7.75,224.4,0
6958bb42a2106ae9c65eed63,2008-09-14T00:00:00.000Z,2008,9,14,27.12,30.4,24.59,73.55,0.21,23.32,5.35,6.87,218.7,0
6958bb42a2106ae9c65eed64,2008-09-15T00:00:00.000Z,2008,9,15,26.83,30.08,24.65,73.29,0.22,22.88,6.46,7.93,205.8,0
6958bb42a2106ae9c65eed65,2008-09-16T00:00:00.000Z,2008,9,16,26.5,29.67,23.68,69.97,0.03,21.04,5.76,7.11,210.3,0
6958bb42a2106ae9c65eed66,2008-09-17T00:00:00.000Z,2008,9,17,27.71,31.02,25.03,71.18,0.03,18.08,3.83,5.3,223,0
6958bb42a2106ae9c65eed67,2008-09-18T00:00:00.000Z,2008,9,18,27.87,30.97,25.49,72.9,0.14,22.48,3.25,4.99,211.6,0
6958bb42a2106ae9c65eed68,2008-09-19T00:00:00.000Z,2008,9,19,27.41,29.93,25.67,74.09,0.04,17.6,4.41,5.66,198.2,0
6958bb42a2106ae9c65eed69,2008-09-20T00:00:00.000Z,2008,9,20,27.31,29.95,25.26,73.83,0.03,14.85,3,4.49,219.3,0
6958bb42a2106ae9c65eed6a,2008-09-21T00:00:00.000Z,2008,9,21,26.65,28.86,25,78.59,0.03,22.75,4.56,6.52,215.1,0
6958bb42a2106ae9c65eed6b,2008-09-22T00:00:00.000Z,2008,9,22,27.61,31.63,24.26,67.32,0.01,23.87,2.57,3.41,264.5,0
6958bb42a2106ae9c65eed6c,2008-09-23T00:00:00.000Z,2008,9,23,27.53,31.16,25.02,71.2,0.01,25.62,2.82,4.07,265.2,0
6958bb42a2106ae9c65eed6d,2008-09-24T00:00:00.000Z,2008,9,24,27.74,31.56,24.66,69.98,0.7,24.21,4.66,5.17,217.5,0
6958bb42a2106ae9c65eed6e,2008-09-25T00:00:00.000Z,2008,9,25,27.36,30.5,25.29,74.24,2.28,22.58,5.37,6.11,230.3,0
6958bb42a2106ae9c65eed6f,2008-09-26T00:00:00.000Z,2008,9,26,27.33,30.4,25.31,73.16,1.03,23.86,5.63,6.83,225.5,0
6958bb42a2106ae9c65eed70,2008-09-27T00:00:00.000Z,2008,9,27,27.54,30.42,25.04,73.31,0.79,21.55,5.13,5.9,206.6,0
6958bb42a2106ae9c65eed71,2008-09-28T00:00:00.000Z,2008,9,28,27.03,29.76,25.26,75.84,0.91,18.74,5.34,6.99,238.8,0
6958bb42a2106ae9c65eed72,2008-09-29T00:00:00.000Z,2008,9,29,26.33,29.03,24.81,79.4,13.95,13.02,6.09,7.68,254.5,0
6958bb42a2106ae9c65eed73,2008-09-30T00:00:00.000Z,2008,9,30,25.4,26.63,24.63,81.59,13.61,9.9,4.94,6.32,256.9,0
6958bb42a2106ae9c65eed74,2008-10-01T00:00:00.000Z,2008,10,1,27.21,30.51,24.6,72.01,0.58,20.56,3.57,4.98,244.8,0
6958bb42a2106ae9c65eed75,2008-10-02T00:00:00.000Z,2008,10,2,27.46,30.78,25.14,71.81,0.72,16.57,2.04,3.16,294.5,0
6958bb42a2106ae9c65eed76,2008-10-03T00:00:00.000Z,2008,10,3,27.26,29.65,25.5,73.55,4.21,18.71,1.87,2.83,259.1,0
6958bb42a2106ae9c65eed77,2008-10-04T00:00:00.000Z,2008,10,4,26.61,29.02,25.05,74.77,2.96,16.71,2.27,3.3,239.1,0
6958bb42a2106ae9c65eed78,2008-10-05T00:00:00.000Z,2008,10,5,26.73,29.2,25.08,76.26,2.65,17.33,3.58,4.54,260.1,0
6958bb42a2106ae9c65eed79,2008-10-06T00:00:00.000Z,2008,10,6,25.97,27.32,24.85,80.45,1.37,17.7,3.44,4.01,266.4,0
6958bb42a2106ae9c65eed7a,2008-10-07T00:00:00.000Z,2008,10,7,26.8,30.02,24.48,74.38,1.33,19.88,2.81,3.5,279.5,0
6958bb42a2106ae9c65eed7b,2008-10-08T00:00:00.000Z,2008,10,8,26.64,29.18,24.94,77.77,2.21,20.17,3.28,5.01,356.4,0
6958bb42a2106ae9c65eed7c,2008-10-09T00:00:00.000Z,2008,10,9,26.81,28.89,25.28,80.59,2.05,17.2,3.75,5.41,44.2,0
6958bb42a2106ae9c65eed7d,2008-10-10T00:00:00.000Z,2008,10,10,26.57,28.62,25.19,80.14,9.21,12.05,2.09,3.34,56.5,0
6958bb42a2106ae9c65eed7e,2008-10-11T00:00:00.000Z,2008,10,11,27.54,30.47,25.28,73.06,1.81,18.02,2.54,3.71,197.9,0
6958bb42a2106ae9c65eed7f,2008-10-12T00:00:00.000Z,2008,10,12,26.72,28.58,25.57,80.55,1.34,19.38,2.98,4.75,279.3,0
6958bb42a2106ae9c65eed80,2008-10-13T00:00:00.000Z,2008,10,13,26.75,29.18,25.19,77.65,0.97,18.06,2.6,4.09,289,0
6958bb42a2106ae9c65eed81,2008-10-14T00:00:00.000Z,2008,10,14,27.26,30.35,25.14,76.51,0.94,19.46,2.73,4.97,13.7,0
6958bb42a2106ae9c65eed82,2008-10-15T00:00:00.000Z,2008,10,15,26.75,28.29,25.64,82.51,5.98,9.98,2.66,4.1,11.5,0
6958bb42a2106ae9c65eed83,2008-10-16T00:00:00.000Z,2008,10,16,27.27,29.28,25.7,76.54,0.95,20.08,1.47,1.95,329.8,0
6958bb42a2106ae9c65eed84,2008-10-17T00:00:00.000Z,2008,10,17,27.02,28.99,25.83,79.21,2.63,18.3,2.5,3.49,289.3,0
6958bb42a2106ae9c65eed85,2008-10-18T00:00:00.000Z,2008,10,18,27.4,30.23,25.77,76.09,1.58,16.34,1.81,2.18,243.3,0
6958bb42a2106ae9c65eed86,2008-10-19T00:00:00.000Z,2008,10,19,26.33,27.44,25.7,86.45,8.99,17.21,3.34,5.15,287.1,0
6958bb42a2106ae9c65eed87,2008-10-20T00:00:00.000Z,2008,10,20,26.16,27.55,25.28,81.87,3.37,12.94,5.72,6.78,242.2,0
6958bb42a2106ae9c65eed88,2008-10-21T00:00:00.000Z,2008,10,21,26.26,28.31,25.17,83.84,6.09,14.94,5.16,7.38,253.3,0
6958bb42a2106ae9c65eed89,2008-10-22T00:00:00.000Z,2008,10,22,26.56,28.84,25.16,78.21,2.96,11.89,4.13,5.57,257.1,0
6958bb42a2106ae9c65eed8a,2008-10-23T00:00:00.000Z,2008,10,23,27.44,30.48,25.12,72.18,0.27,21.42,3.36,4.16,282.6,0
6958bb42a2106ae9c65eed8b,2008-10-24T00:00:00.000Z,2008,10,24,25.94,27.2,25.04,78.04,0.7,9.22,1.64,2.67,301.2,0
6958bb42a2106ae9c65eed8c,2008-10-25T00:00:00.000Z,2008,10,25,26.33,28.66,24.42,72.81,0.33,12.61,2.09,3.98,302.1,0
6958bb42a2106ae9c65eed8d,2008-10-26T00:00:00.000Z,2008,10,26,28.04,31.45,24.78,67.68,0,19.28,2.02,3.31,234.7,0
6958bb42a2106ae9c65eed8e,2008-10-27T00:00:00.000Z,2008,10,27,28.23,31.91,25.59,67.57,0.03,22.82,1.92,2.98,285.9,0
6958bb42a2106ae9c65eed8f,2008-10-28T00:00:00.000Z,2008,10,28,27.2,30.41,25.3,74.71,0.34,17.06,3.95,6.41,264,0
6958bb42a2106ae9c65eed90,2008-10-29T00:00:00.000Z,2008,10,29,26.85,29.03,25.54,72.82,2.71,15.36,7.36,9.4,232.7,0
6958bb42a2106ae9c65eed91,2008-10-30T00:00:00.000Z,2008,10,30,26.85,29.06,25.4,74.84,3.78,10.78,6.22,7.15,226.2,0
6958bb42a2106ae9c65eed92,2008-10-31T00:00:00.000Z,2008,10,31,26.87,29.29,25.14,76.91,0.52,20.6,5.53,5.94,235.1,0
6958bb42a2106ae9c65eed93,2008-11-01T00:00:00.000Z,2008,11,1,26.83,29.18,25.35,77.27,2.56,12.5,5.81,7.07,237.4,0
6958bb42a2106ae9c65eed94,2008-11-02T00:00:00.000Z,2008,11,2,27.04,30.11,24.73,73.71,0.52,18.93,5.82,6.37,224.4,0
6958bb42a2106ae9c65eed95,2008-11-03T00:00:00.000Z,2008,11,3,27.69,30.92,24.87,69.73,0.2,22.4,3.04,4.81,211.4,0
6958bb42a2106ae9c65eed96,2008-11-04T00:00:00.000Z,2008,11,4,28,31.1,25.78,69.66,2.24,18.73,2.41,2.91,256.6,0
6958bb42a2106ae9c65eed97,2008-11-05T00:00:00.000Z,2008,11,5,27.05,28.93,25.66,77.96,2.76,19.77,2.23,2.98,302.4,0
6958bb42a2106ae9c65eed98,2008-11-06T00:00:00.000Z,2008,11,6,27.07,29.4,25.55,75.99,0.6,20.3,3.1,4.2,298.7,0
6958bb42a2106ae9c65eed99,2008-11-07T00:00:00.000Z,2008,11,7,27.39,30.42,25.08,72.29,0.28,22.73,2.18,3.26,324,0
6958bb42a2106ae9c65eed9a,2008-11-08T00:00:00.000Z,2008,11,8,26.78,28.24,25.65,77.66,0.7,13.94,2.81,3.7,300.3,0
6958bb42a2106ae9c65eed9b,2008-11-09T00:00:00.000Z,2008,11,9,26.79,28.42,25.56,77.87,1.22,12.78,4.36,6.06,226.3,0
6958bb42a2106ae9c65eed9c,2008-11-10T00:00:00.000Z,2008,11,10,26.65,28.44,25.53,81.5,5.34,12.37,5.89,7.35,215.7,0
6958bb42a2106ae9c65eed9d,2008-11-11T00:00:00.000Z,2008,11,11,26.34,27.84,24.76,75.52,1.9,13.5,2.12,3.32,171.3,0
6958bb42a2106ae9c65eed9e,2008-11-12T00:00:00.000Z,2008,11,12,26.11,28.27,24.91,81.71,6.85,20.44,2.83,4.1,40.4,0
6958bb42a2106ae9c65eed9f,2008-11-13T00:00:00.000Z,2008,11,13,26.11,27.39,24.9,83.04,10.84,17.68,2.05,2.62,46,0
6958bb42a2106ae9c65eeda0,2008-11-14T00:00:00.000Z,2008,11,14,26.61,28.49,25.3,78.69,13.58,13.68,1.65,2.69,311,0
6958bb42a2106ae9c65eeda1,2008-11-15T00:00:00.000Z,2008,11,15,26.33,28.58,25.07,80.64,21.47,15.6,1.96,2.49,318.3,0
6958bb42a2106ae9c65eeda2,2008-11-16T00:00:00.000Z,2008,11,16,26.77,28.75,25.04,78.41,5.87,15.33,2.13,2.46,22.6,0
6958bb42a2106ae9c65eeda3,2008-11-17T00:00:00.000Z,2008,11,17,27.04,29.35,25.42,76.51,1.55,17.15,2.93,4.95,32.3,0
6958bb42a2106ae9c65eeda4,2008-11-18T00:00:00.000Z,2008,11,18,26.86,29.16,25.57,79.96,1.71,17.05,3.2,4.22,68.3,0
6958bb42a2106ae9c65eeda5,2008-11-19T00:00:00.000Z,2008,11,19,26.77,28.91,25.65,82.47,4.32,13.26,3.76,6.33,77.9,0
6958bb42a2106ae9c65eeda6,2008-11-20T00:00:00.000Z,2008,11,20,26.58,28.75,25.32,84.46,5.42,13.86,4.26,6.57,80,0
6958bb42a2106ae9c65eeda7,2008-11-21T00:00:00.000Z,2008,11,21,26.27,27.94,25.14,81.72,6.13,9.02,2.72,4.06,86.6,0
6958bb42a2106ae9c65eeda8,2008-11-22T00:00:00.000Z,2008,11,22,25.92,27.3,24.86,85.59,13.34,9.03,2.14,4.01,43.9,0
6958bb42a2106ae9c65eeda9,2008-11-23T00:00:00.000Z,2008,11,23,26.05,27.48,25.22,79.13,4.02,15.43,1.28,2.07,289.1,0
6958bb42a2106ae9c65eedaa,2008-11-24T00:00:00.000Z,2008,11,24,25.9,27.28,25.09,82.23,13.9,11.66,2.31,4.04,281.1,0
6958bb42a2106ae9c65eedab,2008-11-25T00:00:00.000Z,2008,11,25,25.54,26.25,25.03,85.87,41.18,4.77,5.57,7.18,263.3,0
6958bb42a2106ae9c65eedac,2008-11-26T00:00:00.000Z,2008,11,26,25.78,27.11,24.85,85.56,48.23,7,6.32,9.82,244.1,0
6958bb42a2106ae9c65eedad,2008-11-27T00:00:00.000Z,2008,11,27,26.03,27.87,24.93,85.14,29.36,6.13,5.36,7.09,159.5,0
6958bb42a2106ae9c65eedae,2008-11-28T00:00:00.000Z,2008,11,28,25.5,26.74,24.48,88.05,24.52,6.26,6.53,8.35,82.4,0
6958bb42a2106ae9c65eedaf,2008-11-29T00:00:00.000Z,2008,11,29,25.83,27.44,24.82,87.79,13.54,7.5,6.19,7.41,65.5,0
6958bb42a2106ae9c65eedb0,2008-11-30T00:00:00.000Z,2008,11,30,25.85,26.96,25.14,88.96,15.75,7.25,4.92,5.81,53.2,0
6958bb42a2106ae9c65eedb1,2008-12-01T00:00:00.000Z,2008,12,1,25.76,26.7,24.98,89.44,13.83,6.66,4.59,6.46,86.9,0
6958bb42a2106ae9c65eedb2,2008-12-02T00:00:00.000Z,2008,12,2,25.95,27.53,24.73,83.24,8.73,5.61,3.07,4.43,119.5,0
6958bb42a2106ae9c65eedb3,2008-12-03T00:00:00.000Z,2008,12,3,26.3,28.12,24.75,80,4.17,14.95,2.67,3.35,163.4,0
6958bb42a2106ae9c65eedb4,2008-12-04T00:00:00.000Z,2008,12,4,26.32,28.49,24.91,81.25,7.89,16.09,1.78,3.11,179,0
6958bb42a2106ae9c65eedb5,2008-12-05T00:00:00.000Z,2008,12,5,25.98,27.32,25.1,84.94,12.61,10.74,1.63,2.64,315.6,0
6958bb42a2106ae9c65eedb6,2008-12-06T00:00:00.000Z,2008,12,6,25.64,27.12,24.82,85.78,4.45,14.72,4.03,5.33,58.7,0
6958bb42a2106ae9c65eedb7,2008-12-07T00:00:00.000Z,2008,12,7,25.28,26.14,24.11,90.12,29.5,5.88,6.07,8.7,53.5,0
6958bb42a2106ae9c65eedb8,2008-12-08T00:00:00.000Z,2008,12,8,25.53,27.46,24.1,87.43,16.07,9.77,5.03,8.23,80.9,0
6958bb42a2106ae9c65eedb9,2008-12-09T00:00:00.000Z,2008,12,9,25.64,27.41,24.3,84.51,6.02,15.01,5.34,6.84,70.8,0
6958bb42a2106ae9c65eedba,2008-12-10T00:00:00.000Z,2008,12,10,25.81,27.49,24.45,82.8,0.87,15.61,5.31,6.43,57.5,0
6958bb42a2106ae9c65eedbb,2008-12-11T00:00:00.000Z,2008,12,11,25.19,26.63,24.29,83.41,2.42,12.66,4.16,4.98,39.9,0
6958bb42a2106ae9c65eedbc,2008-12-12T00:00:00.000Z,2008,12,12,25.41,26.54,24.44,85.59,2.45,15.14,4.14,4.56,64.5,0
6958bb42a2106ae9c65eedbd,2008-12-13T00:00:00.000Z,2008,12,13,25.53,26.51,24.87,88.54,24.23,11.85,4.36,5.08,58.9,0
6958bb42a2106ae9c65eedbe,2008-12-14T00:00:00.000Z,2008,12,14,25.58,26.97,24.38,86.16,8.48,15.26,3.76,4.49,60.7,0
6958bb42a2106ae9c65eedbf,2008-12-15T00:00:00.000Z,2008,12,15,25.7,26.57,25,85.76,2.84,17.86,3.51,4.59,77.9,0
6958bb42a2106ae9c65eedc0,2008-12-16T00:00:00.000Z,2008,12,16,25.97,27.52,24.87,86.61,7.91,15.93,5.6,7.03,64,0
6958bb42a2106ae9c65eedc1,2008-12-17T00:00:00.000Z,2008,12,17,25.9,27.1,24.85,83.41,4.81,14.14,4.29,6.62,75.5,0
6958bb42a2106ae9c65eedc2,2008-12-18T00:00:00.000Z,2008,12,18,25.84,27.64,24.37,81.11,0.38,11.59,6.97,9.16,64.8,0
6958bb42a2106ae9c65eedc3,2008-12-19T00:00:00.000Z,2008,12,19,25.58,27.29,24.13,81.85,7.35,16.67,5.59,6.48,59.7,0
6958bb42a2106ae9c65eedc4,2008-12-20T00:00:00.000Z,2008,12,20,25.72,27.47,24.22,82.86,1.65,16.25,6.77,8.99,60.7,0
6958bb42a2106ae9c65eedc5,2008-12-21T00:00:00.000Z,2008,12,21,25.8,27.49,24.34,83.04,2.9,15.74,5.91,7.9,59.2,0
6958bb42a2106ae9c65eedc6,2008-12-22T00:00:00.000Z,2008,12,22,25.91,27.9,24.31,83.52,2.18,18.36,6.02,8.23,56,0
6958bb42a2106ae9c65eedc7,2008-12-23T00:00:00.000Z,2008,12,23,26.06,27.86,24.57,83.23,6.21,15.14,5.99,7.76,66.3,0
6958bb42a2106ae9c65eedc8,2008-12-24T00:00:00.000Z,2008,12,24,25.38,26.42,24.53,86.86,18.64,11.88,5.18,6.25,60.4,0
6958bb42a2106ae9c65eedc9,2008-12-25T00:00:00.000Z,2008,12,25,24.75,25.65,23.78,87.46,9.17,11.32,5.38,6.88,52,0
6958bb42a2106ae9c65eedca,2008-12-26T00:00:00.000Z,2008,12,26,25.4,27.1,24.02,85.38,2.22,17.79,3.81,4.72,57.7,0
6958bb42a2106ae9c65eedcb,2008-12-27T00:00:00.000Z,2008,12,27,25.65,27.21,24.31,84.46,2.43,19.99,2.75,3.41,27.3,0
6958bb42a2106ae9c65eedcc,2008-12-28T00:00:00.000Z,2008,12,28,25.17,26.49,24.27,85.73,7.07,10.64,3.1,4.33,42.5,0
6958bb42a2106ae9c65eedcd,2008-12-29T00:00:00.000Z,2008,12,29,25.05,26.3,23.91,83.91,6.31,12.26,2.78,4.7,79,0
6958bb42a2106ae9c65eedce,2008-12-30T00:00:00.000Z,2008,12,30,25.55,27.29,24.06,84.26,7.84,16.51,2.68,4.11,33.4,0
6958bb42a2106ae9c65eedcf,2008-12-31T00:00:00.000Z,2008,12,31,24.93,25.77,24.08,89.55,9.21,13.28,3.85,4.37,27.1,0
6958bb42a2106ae9c65eedd0,2009-01-01T00:00:00.000Z,2009,1,1,24.87,25.95,24.14,90.6,14.04,10.72,4.31,5.19,55.8,0
6958bb42a2106ae9c65eedd1,2009-01-02T00:00:00.000Z,2009,1,2,25.38,26.95,24.25,88.87,9.26,15.6,3.54,5.96,51,0
6958bb42a2106ae9c65eedd2,2009-01-03T00:00:00.000Z,2009,1,3,24.97,25.43,24.56,91.68,35.08,10.59,9.56,11.29,46.7,0
6958bb42a2106ae9c65eedd3,2009-01-04T00:00:00.000Z,2009,1,4,25.32,27.1,24.4,87.7,15.47,13.9,4.46,6.61,80.5,0
6958bb42a2106ae9c65eedd4,2009-01-05T00:00:00.000Z,2009,1,5,25.03,26.34,24.08,89.62,25.23,7.74,4.94,7.38,47.1,0
6958bb42a2106ae9c65eedd5,2009-01-06T00:00:00.000Z,2009,1,6,25.44,27.3,24,83.04,3.31,16.7,3.04,3.99,56,0
6958bb42a2106ae9c65eedd6,2009-01-07T00:00:00.000Z,2009,1,7,25.45,26.63,24.65,85.74,1.12,16.83,4.56,6.84,50.2,0
6958bb42a2106ae9c65eedd7,2009-01-08T00:00:00.000Z,2009,1,8,25.59,27.51,24.21,82.44,0.55,19.58,5.05,7.29,48.8,0
6958bb42a2106ae9c65eedd8,2009-01-09T00:00:00.000Z,2009,1,9,25.57,27.34,24.24,81.38,0.12,17.16,7.35,9.46,64.3,0
6958bb42a2106ae9c65eedd9,2009-01-10T00:00:00.000Z,2009,1,10,25.2,27.15,23.68,79.63,0.08,16.27,7.49,9.15,67.1,0
6958bb42a2106ae9c65eedda,2009-01-11T00:00:00.000Z,2009,1,11,24.76,26.82,23.17,80.3,1.54,18.45,6.5,8.32,52.6,0
6958bb42a2106ae9c65eeddb,2009-01-12T00:00:00.000Z,2009,1,12,24.82,26.52,23.4,82.32,6.34,13.48,6.19,7.53,50.7,0
6958bb42a2106ae9c65eeddc,2009-01-13T00:00:00.000Z,2009,1,13,25.13,26.67,23.54,84.23,12.11,15.08,6.89,8.85,59.8,0
6958bb42a2106ae9c65eeddd,2009-01-14T00:00:00.000Z,2009,1,14,25.33,26.9,24.17,84.23,16.57,9.79,7.35,9.32,63.4,0
6958bb42a2106ae9c65eedde,2009-01-15T00:00:00.000Z,2009,1,15,24.73,26.06,23.78,82.08,11.4,11.44,9.29,11.38,62.5,0
6958bb42a2106ae9c65eeddf,2009-01-16T00:00:00.000Z,2009,1,16,25,26.7,23.57,82.52,3.75,14.83,7.33,8.39,63,0
6958bb42a2106ae9c65eede0,2009-01-17T00:00:00.000Z,2009,1,17,25.19,26.67,24.11,83.48,10.37,14.02,6.9,8.57,62.3,0
6958bb42a2106ae9c65eede1,2009-01-18T00:00:00.000Z,2009,1,18,25.24,27.13,23.71,84.23,3.25,12.09,5.99,8.45,63.2,0
6958bb42a2106ae9c65eede2,2009-01-19T00:00:00.000Z,2009,1,19,25.6,27.58,24.07,83.23,1.42,16.55,6.2,7.24,68.7,0
6958bb42a2106ae9c65eede3,2009-01-20T00:00:00.000Z,2009,1,20,25.49,27.21,24.1,84.33,0.87,13.19,6.38,7.78,57.2,0
6958bb42a2106ae9c65eede4,2009-01-21T00:00:00.000Z,2009,1,21,25.26,26.76,23.96,85.12,6.36,13.4,5.94,7.56,52.5,0
6958bb42a2106ae9c65eede5,2009-01-22T00:00:00.000Z,2009,1,22,25.37,27.34,24.06,85.06,3.71,14.7,5.29,6.61,46.2,0
6958bb42a2106ae9c65eede6,2009-01-23T00:00:00.000Z,2009,1,23,25.51,27.34,23.95,84.25,0.06,16.99,5.13,6,67.9,0
6958bb42a2106ae9c65eede7,2009-01-24T00:00:00.000Z,2009,1,24,25.93,28.15,24.29,84.61,9.09,15.14,4.39,5.33,63.8,0
6958bb42a2106ae9c65eede8,2009-01-25T00:00:00.000Z,2009,1,25,26.19,28.06,24.38,85.36,5.07,18.55,4.91,6.16,69.5,0
6958bb42a2106ae9c65eede9,2009-01-26T00:00:00.000Z,2009,1,26,26.16,27.83,24.83,85.31,4.94,21.09,5.43,6.86,69.5,0
6958bb42a2106ae9c65eedea,2009-01-27T00:00:00.000Z,2009,1,27,25.73,27.5,24.27,86.05,5.33,17.47,5.5,7.41,60.9,0
6958bb42a2106ae9c65eedeb,2009-01-28T00:00:00.000Z,2009,1,28,25.68,27.65,24.09,83.72,3.01,18.5,5.06,5.99,53.9,0
6958bb42a2106ae9c65eedec,2009-01-29T00:00:00.000Z,2009,1,29,25.27,26.79,24.02,83.1,3.01,15.68,4.67,5.63,41.6,0
6958bb42a2106ae9c65eeded,2009-01-30T00:00:00.000Z,2009,1,30,25.71,27.85,24.1,82.3,14.9,16.62,3.7,4.24,41.3,0
6958bb42a2106ae9c65eedee,2009-01-31T00:00:00.000Z,2009,1,31,25.27,26.38,24.37,84.48,16.23,13.78,3.88,4.94,34.7,0
6958bb42a2106ae9c65eedef,2009-02-01T00:00:00.000Z,2009,2,1,25.49,27.42,24.25,84.34,1.43,17.04,3.83,4.64,49.5,0
6958bb42a2106ae9c65eedf0,2009-02-02T00:00:00.000Z,2009,2,2,25.66,27.42,24.08,81.82,0.91,18.71,4.51,6.31,39.5,0
6958bb42a2106ae9c65eedf1,2009-02-03T00:00:00.000Z,2009,2,3,25.73,27.92,24.04,79.99,0.79,19.88,3.48,4.63,51.5,0
6958bb42a2106ae9c65eedf2,2009-02-04T00:00:00.000Z,2009,2,4,25.82,27.88,24.14,81.01,2.59,19.8,3.85,5.44,43.8,0
6958bb42a2106ae9c65eedf3,2009-02-05T00:00:00.000Z,2009,2,5,25.61,27.56,24.16,83.66,7.14,16.41,4.45,5.7,27.7,0
6958bb42a2106ae9c65eedf4,2009-02-06T00:00:00.000Z,2009,2,6,25.31,27.01,23.9,84.24,3.95,13.98,4.58,5.75,30.7,0
6958bb42a2106ae9c65eedf5,2009-02-07T00:00:00.000Z,2009,2,7,25.6,27.39,23.99,82.74,7.46,15.7,3.38,3.8,37.7,0
6958bb42a2106ae9c65eedf6,2009-02-08T00:00:00.000Z,2009,2,8,26.3,28.56,24.79,78.47,3.11,18.63,3.63,4.86,57.7,0
6958bb42a2106ae9c65eedf7,2009-02-09T00:00:00.000Z,2009,2,9,26.37,28.69,24.07,80.01,0.02,23.64,4.17,5.28,57.8,0
6958bb42a2106ae9c65eedf8,2009-02-10T00:00:00.000Z,2009,2,10,26.64,28.86,24.46,78.32,0,22.51,3.35,4.45,61.3,0
6958bb42a2106ae9c65eedf9,2009-02-11T00:00:00.000Z,2009,2,11,27.08,29.6,25.46,75.43,0,20.2,1.6,2.83,264.1,0
6958bb42a2106ae9c65eedfa,2009-02-12T00:00:00.000Z,2009,2,12,26.83,29.59,24.66,74.13,0,19.73,2.17,2.93,275.4,0
6958bb42a2106ae9c65eedfb,2009-02-13T00:00:00.000Z,2009,2,13,26.61,28.79,24.97,76.17,0,20.91,2.69,3.48,284.6,0
6958bb42a2106ae9c65eedfc,2009-02-14T00:00:00.000Z,2009,2,14,26.5,29,24.66,75.15,0,19.7,2.46,3.44,298.8,0
6958bb42a2106ae9c65eedfd,2009-02-15T00:00:00.000Z,2009,2,15,26.4,28.97,24.75,76.37,0.17,19.86,2.32,3.63,322.8,0
6958bb42a2106ae9c65eedfe,2009-02-16T00:00:00.000Z,2009,2,16,26.46,28.89,24.61,75.12,1.45,21.51,1.6,2.78,340.1,0
6958bb42a2106ae9c65eedff,2009-02-17T00:00:00.000Z,2009,2,17,26.66,29.44,24.5,75.49,0.21,23.5,2.32,2.75,36,0
6958bb42a2106ae9c65eee00,2009-02-18T00:00:00.000Z,2009,2,18,26.64,28.96,24.94,79.51,5.12,20.58,3.49,5.39,46.4,0
6958bb42a2106ae9c65eee01,2009-02-19T00:00:00.000Z,2009,2,19,26.97,29.73,24.68,80.24,3.74,20.58,3.51,4.67,67.6,0
6958bb42a2106ae9c65eee02,2009-02-20T00:00:00.000Z,2009,2,20,27.15,29.38,25.41,78.57,1.18,19.78,3.32,5.1,53.3,0
6958bb42a2106ae9c65eee03,2009-02-21T00:00:00.000Z,2009,2,21,26.6,27.7,25.44,82.29,1.01,17.95,3.41,4.87,24.9,0
6958bb42a2106ae9c65eee04,2009-02-22T00:00:00.000Z,2009,2,22,26.56,28,25.75,82.29,1.49,14.97,3.73,6.55,66.5,0
6958bb42a2106ae9c65eee05,2009-02-23T00:00:00.000Z,2009,2,23,26.75,28.75,25.56,77.02,1.43,21.77,1.95,3.69,56.3,0
6958bb42a2106ae9c65eee06,2009-02-24T00:00:00.000Z,2009,2,24,26.95,29.65,25.27,74.56,0.29,19.8,1.81,3.95,10.2,0
6958bb42a2106ae9c65eee07,2009-02-25T00:00:00.000Z,2009,2,25,26.64,29.2,24.94,79.33,0.83,22.09,2.83,4.82,24.6,0
6958bb42a2106ae9c65eee08,2009-02-26T00:00:00.000Z,2009,2,26,27.14,29.7,25.11,77.44,1.27,21.07,2.72,3.86,46,0
6958bb42a2106ae9c65eee09,2009-02-27T00:00:00.000Z,2009,2,27,25.95,26.88,25.01,82.79,6.53,12.65,2.39,2.96,0,0
6958bb42a2106ae9c65eee0a,2009-02-28T00:00:00.000Z,2009,2,28,26.92,29.79,24.5,75.84,0.11,20.27,3.45,4.59,246.6,0
6958bb42a2106ae9c65eee0b,2009-03-01T00:00:00.000Z,2009,3,1,26.75,27.95,25.55,80.5,1.66,19.02,2.72,4.05,32.1,0
6958bb42a2106ae9c65eee0c,2009-03-02T00:00:00.000Z,2009,3,2,26.48,28.06,25.4,83.34,7.67,11.39,2.8,3.63,88.9,0
6958bb42a2106ae9c65eee0d,2009-03-03T00:00:00.000Z,2009,3,3,25.42,26.29,24.55,82.29,16.72,11.73,4.19,5.9,157.1,0
6958bb42a2106ae9c65eee0e,2009-03-04T00:00:00.000Z,2009,3,4,27.05,30.7,24.22,72.17,6.57,18.13,2.68,4.12,192,0
6958bb42a2106ae9c65eee0f,2009-03-05T00:00:00.000Z,2009,3,5,26.74,28.91,24.86,77.54,3.38,17.14,2.54,3.25,207.9,0
6958bb42a2106ae9c65eee10,2009-03-06T00:00:00.000Z,2009,3,6,27.29,29.18,25.62,75.64,0.86,20.04,1.61,2.78,201.9,0
6958bb42a2106ae9c65eee11,2009-03-07T00:00:00.000Z,2009,3,7,26.73,28.58,25.39,81.41,8.64,19.2,3.41,6.53,215.9,0
6958bb42a2106ae9c65eee12,2009-03-08T00:00:00.000Z,2009,3,8,26.56,28.73,24.68,78.53,5.47,17.02,3.25,6.31,219.2,0
6958bb42a2106ae9c65eee13,2009-03-09T00:00:00.000Z,2009,3,9,26.3,27.91,25.06,80.21,2.45,15.07,1.8,3.27,38,0
6958bb42a2106ae9c65eee14,2009-03-10T00:00:00.000Z,2009,3,10,26.69,28.86,24.83,82.16,3.05,23.58,2.45,3.74,33.2,0
6958bb42a2106ae9c65eee15,2009-03-11T00:00:00.000Z,2009,3,11,26.01,27.55,25.06,84.34,10.14,20.91,1.62,2.81,336.2,0
6958bb42a2106ae9c65eee16,2009-03-12T00:00:00.000Z,2009,3,12,26.77,29.56,24.51,75.13,1.13,23.9,2.11,2.91,254.4,0
6958bb42a2106ae9c65eee17,2009-03-13T00:00:00.000Z,2009,3,13,26.74,28.97,25.01,74.4,1.8,20.75,2,2.27,287.5,0
6958bb42a2106ae9c65eee18,2009-03-14T00:00:00.000Z,2009,3,14,27.14,30.24,25.05,74.7,1.67,24.69,2.24,3.94,53.2,0
6958bb42a2106ae9c65eee19,2009-03-15T00:00:00.000Z,2009,3,15,26.49,28.4,25.49,80.21,1.92,21.04,2.75,4.28,72.6,0
6958bb42a2106ae9c65eee1a,2009-03-16T00:00:00.000Z,2009,3,16,25.92,27.11,25.06,85.74,9.04,19.11,3.27,6.07,86.8,0
6958bb42a2106ae9c65eee1b,2009-03-17T00:00:00.000Z,2009,3,17,26.26,27.9,24.96,81.04,6.8,20.41,2.17,4.21,80.7,0
6958bb42a2106ae9c65eee1c,2009-03-18T00:00:00.000Z,2009,3,18,26.14,27.49,25.38,80.45,3.63,11.54,1.61,3.19,327.9,0
6958bb42a2106ae9c65eee1d,2009-03-19T00:00:00.000Z,2009,3,19,27.21,29.16,25.42,75.77,1.66,21.75,1.56,2.4,251.6,0
6958bb42a2106ae9c65eee1e,2009-03-20T00:00:00.000Z,2009,3,20,27.26,29.04,26.1,76.68,5.27,20.49,2.03,3,216.1,0
6958bb42a2106ae9c65eee1f,2009-03-21T00:00:00.000Z,2009,3,21,26.6,28.11,25.44,77.03,10.24,13.46,2.7,3.79,179.3,0
6958bb42a2106ae9c65eee20,2009-03-22T00:00:00.000Z,2009,3,22,26.55,29.54,24.54,78.9,0.66,18.96,3.67,5.36,138.4,0
6958bb42a2106ae9c65eee21,2009-03-23T00:00:00.000Z,2009,3,23,26.86,29.07,25.26,78.14,0.53,20.25,2.33,3.14,78.6,0
6958bb42a2106ae9c65eee22,2009-03-24T00:00:00.000Z,2009,3,24,26.81,28.9,25.46,79.24,1.1,20.95,1.68,2.73,52.6,0
6958bb42a2106ae9c65eee23,2009-03-25T00:00:00.000Z,2009,3,25,27.31,30.81,25.08,76.14,0.82,20.67,2.32,3.42,351.4,0
6958bb42a2106ae9c65eee24,2009-03-26T00:00:00.000Z,2009,3,26,26.64,28.75,25.01,80.64,0.39,20.77,2.28,3.19,22.1,0
6958bb42a2106ae9c65eee25,2009-03-27T00:00:00.000Z,2009,3,27,26.75,28.97,25.01,80.48,0.38,22.64,3.44,5.85,47.6,0
6958bb42a2106ae9c65eee26,2009-03-28T00:00:00.000Z,2009,3,28,26.43,28.01,25.17,81.34,3.21,18.86,2.61,3.74,18.8,0
6958bb42a2106ae9c65eee27,2009-03-29T00:00:00.000Z,2009,3,29,27.1,29.27,25.34,75.52,3.97,20.69,1.54,2.21,277.3,0
6958bb42a2106ae9c65eee28,2009-03-30T00:00:00.000Z,2009,3,30,27.04,29.06,25.46,79.99,2.43,21.29,2.67,4.02,25,0
6958bb42a2106ae9c65eee29,2009-03-31T00:00:00.000Z,2009,3,31,26.95,28.03,25.97,82.49,0.39,21.54,3.74,5.13,60.9,0
6958bb42a2106ae9c65eee2a,2009-04-01T00:00:00.000Z,2009,4,1,27.62,30.08,25.88,75.96,1.15,22.38,3.37,4.61,75.5,0
6958bb42a2106ae9c65eee2b,2009-04-02T00:00:00.000Z,2009,4,2,27.24,29.13,25.94,83.1,8.35,22.04,4.26,6.55,54.7,0
6958bb42a2106ae9c65eee2c,2009-04-03T00:00:00.000Z,2009,4,3,27.34,29.03,25.98,80.65,6.78,18.23,2.79,5.34,143.4,0
6958bb42a2106ae9c65eee2d,2009-04-04T00:00:00.000Z,2009,4,4,26.56,27.96,25.61,85.24,5.22,19.39,2.41,3.82,352.8,0
6958bb42a2106ae9c65eee2e,2009-04-05T00:00:00.000Z,2009,4,5,26.2,27.53,25.27,87.54,2.23,19.75,3.53,5.31,334.7,0
6958bb42a2106ae9c65eee2f,2009-04-06T00:00:00.000Z,2009,4,6,26.55,28.48,25.13,82.34,11.16,16.46,2.64,4.08,42.4,0
6958bb42a2106ae9c65eee30,2009-04-07T00:00:00.000Z,2009,4,7,26.55,28.15,25.61,82.8,7.48,14.19,2.19,3.35,28.3,0
6958bb42a2106ae9c65eee31,2009-04-08T00:00:00.000Z,2009,4,8,27.18,29.55,25.37,81.63,5.63,18.38,2.76,4.09,63.8,0
6958bb42a2106ae9c65eee32,2009-04-09T00:00:00.000Z,2009,4,9,26.86,28.79,25.89,84.21,6.35,13.5,2.43,3.64,347.3,0
6958bb42a2106ae9c65eee33,2009-04-10T00:00:00.000Z,2009,4,10,26.59,28.58,25.36,86.12,3.78,15.13,3.46,3.88,253.9,0
6958bb42a2106ae9c65eee34,2009-04-11T00:00:00.000Z,2009,4,11,27.08,29.45,25.45,79.77,0.65,20.3,4.43,5.71,225.2,0
6958bb42a2106ae9c65eee35,2009-04-12T00:00:00.000Z,2009,4,12,27.88,30.21,25.8,75.14,0.27,21.56,3.08,4.07,230.4,0
6958bb42a2106ae9c65eee36,2009-04-13T00:00:00.000Z,2009,4,13,28.55,31.21,25.83,70.95,0.12,21.69,2.08,3.27,190.5,0
6958bb42a2106ae9c65eee37,2009-04-14T00:00:00.000Z,2009,4,14,28.38,31.08,26.31,73.04,1.91,21.32,3.2,4.34,207.3,0
6958bb42a2106ae9c65eee38,2009-04-15T00:00:00.000Z,2009,4,15,27.06,29.62,25.16,72.66,1.89,18.42,5.14,6.5,189.4,0
6958bb42a2106ae9c65eee39,2009-04-16T00:00:00.000Z,2009,4,16,27.95,31.4,25.28,71.72,0.24,20.54,4.44,6.3,178.9,0
6958bb42a2106ae9c65eee3a,2009-04-17T00:00:00.000Z,2009,4,17,28.23,30.4,26.02,75.11,0.23,23.48,1.78,3.77,119.3,0
6958bb42a2106ae9c65eee3b,2009-04-18T00:00:00.000Z,2009,4,18,28.75,30.85,26.95,72.73,0.78,24.32,0.85,1.55,164.3,0
6958bb42a2106ae9c65eee3c,2009-04-19T00:00:00.000Z,2009,4,19,28.24,30.27,26.59,77.16,1.33,20.3,2,3.08,216.9,0
6958bb42a2106ae9c65eee3d,2009-04-20T00:00:00.000Z,2009,4,20,27.69,30.54,25.79,77.78,1.4,21.96,4.47,6.73,221.1,0
6958bb42a2106ae9c65eee3e,2009-04-21T00:00:00.000Z,2009,4,21,27.58,30.18,25.66,77.02,0.48,21.31,5.15,6.04,233.7,0
6958bb42a2106ae9c65eee3f,2009-04-22T00:00:00.000Z,2009,4,22,27.59,30.09,26.01,78.21,0.01,22.31,5.37,6.57,231.6,0
6958bb42a2106ae9c65eee40,2009-04-23T00:00:00.000Z,2009,4,23,27.54,30.06,25.69,77.11,0,25.79,4.21,5.09,236.4,0
6958bb42a2106ae9c65eee41,2009-04-24T00:00:00.000Z,2009,4,24,27.85,31.38,25.33,73.84,0,25.31,3.9,5.11,249.9,0
6958bb42a2106ae9c65eee42,2009-04-25T00:00:00.000Z,2009,4,25,27.92,31.28,25.51,74.95,0.01,24.64,3.65,4.65,246.7,0
6958bb42a2106ae9c65eee43,2009-04-26T00:00:00.000Z,2009,4,26,27.86,30.49,25.92,75.82,0.09,18.42,4.06,4.52,239.8,0
6958bb42a2106ae9c65eee44,2009-04-27T00:00:00.000Z,2009,4,27,27.65,29.92,25.86,76.61,0.02,22.31,3.54,4.15,250.1,0
6958bb42a2106ae9c65eee45,2009-04-28T00:00:00.000Z,2009,4,28,28.05,30.9,25.73,73.72,0.03,23.25,2.69,3.27,263.5,0
6958bb42a2106ae9c65eee46,2009-04-29T00:00:00.000Z,2009,4,29,28.02,30.95,25.85,75.1,0.1,22.19,3.08,4.54,273.2,0
6958bb42a2106ae9c65eee47,2009-04-30T00:00:00.000Z,2009,4,30,27.69,29.99,26.04,77.16,0.12,17.98,3.05,4.25,254.6,0
6958bb42a2106ae9c65eee48,2009-05-01T00:00:00.000Z,2009,5,1,27.95,30.78,26.05,75.44,5.66,21,3.41,4.47,258.3,0
6958bb42a2106ae9c65eee49,2009-05-02T00:00:00.000Z,2009,5,2,26.84,28.28,25.89,81.52,15.45,14.67,4.38,6.61,248.8,0
6958bb42a2106ae9c65eee4a,2009-05-03T00:00:00.000Z,2009,5,3,26.94,28.89,25.56,79.03,4.51,17.91,4.47,5.7,256.1,0
6958bb42a2106ae9c65eee4b,2009-05-04T00:00:00.000Z,2009,5,4,26.86,28.12,25.71,81.96,22.04,16.92,4.12,5.32,268.3,0
6958bb42a2106ae9c65eee4c,2009-05-05T00:00:00.000Z,2009,5,5,26.7,28.12,25.62,82.45,5.43,21.17,4.9,7.26,255.8,0
6958bb42a2106ae9c65eee4d,2009-05-06T00:00:00.000Z,2009,5,6,27.07,29.66,25.27,78.44,1.67,20.54,4,5.51,268.1,0
6958bb42a2106ae9c65eee4e,2009-05-07T00:00:00.000Z,2009,5,7,27.79,30.4,25.55,77.99,0.26,23.42,4.61,6.1,253.3,0
6958bb42a2106ae9c65eee4f,2009-05-08T00:00:00.000Z,2009,5,8,27.94,30.4,26.28,76.52,0.48,22.95,4.52,5.36,250.3,0
6958bb42a2106ae9c65eee50,2009-05-09T00:00:00.000Z,2009,5,9,27.27,28.78,26.08,81.36,3.15,12.9,4.12,4.76,250.2,0
6958bb42a2106ae9c65eee51,2009-05-10T00:00:00.000Z,2009,5,10,27.32,29.8,25.46,77.68,1.76,16.31,4.63,6.66,248.2,0
6958bb42a2106ae9c65eee52,2009-05-11T00:00:00.000Z,2009,5,11,27.25,30.02,25.19,77.95,1.35,20.12,3.97,4.68,251.9,0
6958bb42a2106ae9c65eee53,2009-05-12T00:00:00.000Z,2009,5,12,27.25,29.71,25.05,75.61,1.78,21.02,4,4.78,219.7,0
6958bb42a2106ae9c65eee54,2009-05-13T00:00:00.000Z,2009,5,13,27.3,28.74,26.25,81.46,4.22,10.75,4.95,5.7,246.5,0
6958bb42a2106ae9c65eee55,2009-05-14T00:00:00.000Z,2009,5,14,26.6,28.64,25.28,79.13,5.21,12.29,4.78,5.63,242.2,0
6958bb42a2106ae9c65eee56,2009-05-15T00:00:00.000Z,2009,5,15,26.35,27.83,25.15,81.5,3.44,15.3,4.53,5.56,252.1,0
6958bb42a2106ae9c65eee57,2009-05-16T00:00:00.000Z,2009,5,16,26.62,27.94,25.84,84.85,30.29,17.36,5.22,6.25,232.6,0
6958bb42a2106ae9c65eee58,2009-05-17T00:00:00.000Z,2009,5,17,27.02,28.92,25.41,80.94,10.27,15.78,5.6,6.97,224.8,0
6958bb42a2106ae9c65eee59,2009-05-18T00:00:00.000Z,2009,5,18,27.85,29.91,25.68,73.9,0.6,18.16,2.96,6.11,217.9,0
6958bb42a2106ae9c65eee5a,2009-05-19T00:00:00.000Z,2009,5,19,27.66,29.74,26.15,75.45,0.54,22.02,3.39,4.71,229.9,0
6958bb42a2106ae9c65eee5b,2009-05-20T00:00:00.000Z,2009,5,20,27.31,29.43,25.91,78.94,2.28,14.39,5.13,5.84,224.4,0
6958bb42a2106ae9c65eee5c,2009-05-21T00:00:00.000Z,2009,5,21,26.89,28.56,25.54,79.36,1.08,21.57,5.34,6.8,225.6,0
6958bb42a2106ae9c65eee5d,2009-05-22T00:00:00.000Z,2009,5,22,28.04,31.31,24.94,71.47,0.08,22.92,3.92,6.35,216.5,0
6958bb42a2106ae9c65eee5e,2009-05-23T00:00:00.000Z,2009,5,23,28.39,31.09,26,69.73,0.05,21.07,1.92,3.58,187.5,0
6958bb42a2106ae9c65eee5f,2009-05-24T00:00:00.000Z,2009,5,24,28.45,31.18,26.19,73.23,0.57,23.79,3.53,4.62,191.6,0
6958bb42a2106ae9c65eee60,2009-05-25T00:00:00.000Z,2009,5,25,27.95,30.3,26.13,76.85,2.55,17.38,4.94,5.63,203.4,0
6958bb42a2106ae9c65eee61,2009-05-26T00:00:00.000Z,2009,5,26,27.75,30,26.24,74.91,2.13,17.18,3.93,5.07,203.1,0
6958bb42a2106ae9c65eee62,2009-05-27T00:00:00.000Z,2009,5,27,28,30.67,25.51,72.87,6.37,19.95,3.81,5.41,207.3,0
6958bb42a2106ae9c65eee63,2009-05-28T00:00:00.000Z,2009,5,28,27.47,29.37,25.99,73.83,1.05,11.63,4.04,5.26,223.9,0
6958bb42a2106ae9c65eee64,2009-05-29T00:00:00.000Z,2009,5,29,26.87,28.82,25.71,80.94,10.15,11.64,7.22,9.04,216.9,0
6958bb42a2106ae9c65eee65,2009-05-30T00:00:00.000Z,2009,5,30,27.38,30.11,25.16,73.61,0.3,17.11,5.55,7.41,210.8,0
6958bb42a2106ae9c65eee66,2009-05-31T00:00:00.000Z,2009,5,31,28.04,30.93,25.62,72.61,0.15,20.63,2.72,3.87,235.1,0
6958bb42a2106ae9c65eee67,2009-06-01T00:00:00.000Z,2009,6,1,27.81,30.08,26.2,77.87,0.02,23.3,2.74,3.91,252.3,0
6958bb42a2106ae9c65eee68,2009-06-02T00:00:00.000Z,2009,6,2,27.75,30,26.27,80.98,0.02,18.57,5.15,6.2,228.2,0
6958bb42a2106ae9c65eee69,2009-06-03T00:00:00.000Z,2009,6,3,27.7,29.65,26.52,79.78,0.03,19.51,7.86,9.77,214.9,0
6958bb42a2106ae9c65eee6a,2009-06-04T00:00:00.000Z,2009,6,4,27.42,28.79,26.43,79.76,0.02,19.03,8.32,9.48,207,0
6958bb42a2106ae9c65eee6b,2009-06-05T00:00:00.000Z,2009,6,5,27.61,29.52,26.36,79.31,0,19.04,7.05,8.21,207.8,0
6958bb42a2106ae9c65eee6c,2009-06-06T00:00:00.000Z,2009,6,6,27.83,30.76,25.89,75.74,0,22.41,5.34,6.06,215.4,0
6958bb42a2106ae9c65eee6d,2009-06-07T00:00:00.000Z,2009,6,7,28.14,31.45,25.65,75.04,0,23.03,5.14,6.09,222,0
6958bb42a2106ae9c65eee6e,2009-06-08T00:00:00.000Z,2009,6,8,28.03,31.16,25.95,73.77,0,23.9,6.03,7.17,218.5,0
6958bb42a2106ae9c65eee6f,2009-06-09T00:00:00.000Z,2009,6,9,28.09,31.5,25.47,70.98,0,24.05,5.39,6.39,215.1,0
6958bb42a2106ae9c65eee70,2009-06-10T00:00:00.000Z,2009,6,10,28.2,31.7,25.75,71.95,0,21.83,4.71,5.66,213.8,0
6958bb42a2106ae9c65eee71,2009-06-11T00:00:00.000Z,2009,6,11,28.47,32.25,25.16,68.88,0.07,22.16,3.36,4.66,218,0
6958bb42a2106ae9c65eee72,2009-06-12T00:00:00.000Z,2009,6,12,27.97,30.53,26.05,74.4,0.39,20.42,2.72,3.53,238.6,0
6958bb42a2106ae9c65eee73,2009-06-13T00:00:00.000Z,2009,6,13,27.61,29.86,26.01,77.16,0.93,19.95,3.9,5.09,247.7,0
6958bb42a2106ae9c65eee74,2009-06-14T00:00:00.000Z,2009,6,14,27.86,30.94,25.79,74.95,0.29,23.2,5.36,6.82,245.1,0
6958bb42a2106ae9c65eee75,2009-06-15T00:00:00.000Z,2009,6,15,27.85,30.97,25.7,73.76,0.48,21.03,6.4,7.75,235.1,0
6958bb42a2106ae9c65eee76,2009-06-16T00:00:00.000Z,2009,6,16,27.64,30.37,25.66,73.6,0.17,18.77,7.59,8.88,221.7,0
6958bb42a2106ae9c65eee77,2009-06-17T00:00:00.000Z,2009,6,17,27.6,30.17,25.98,76.32,0.81,17.15,6.71,7.45,221.6,0
6958bb42a2106ae9c65eee78,2009-06-18T00:00:00.000Z,2009,6,18,28.18,31.02,25.93,71.95,0.2,17.69,4.52,6.28,219.1,0
6958bb42a2106ae9c65eee79,2009-06-19T00:00:00.000Z,2009,6,19,28.18,31,26,73.6,1.44,19.45,3.09,4,224,0
6958bb42a2106ae9c65eee7a,2009-06-20T00:00:00.000Z,2009,6,20,27.59,29.8,25.71,77.43,0.24,20.55,2.54,3.06,258.4,0
6958bb42a2106ae9c65eee7b,2009-06-21T00:00:00.000Z,2009,6,21,27.64,30.1,26.01,77.23,0.8,19.34,3.55,4.71,251.7,0
6958bb42a2106ae9c65eee7c,2009-06-22T00:00:00.000Z,2009,6,22,27.52,30.04,25.96,76.21,0.63,20.06,6,6.73,222.8,0
6958bb42a2106ae9c65eee7d,2009-06-23T00:00:00.000Z,2009,6,23,27.27,29.02,25.82,74.03,0.93,15.38,5.72,6.7,238.7,0
6958bb42a2106ae9c65eee7e,2009-06-24T00:00:00.000Z,2009,6,24,27.74,30.23,25.98,72.27,2.33,18.42,4.51,5.92,223.9,0
6958bb42a2106ae9c65eee7f,2009-06-25T00:00:00.000Z,2009,6,25,27.95,31,25.69,70.46,0.17,18.9,3.69,4.81,236.7,0
6958bb42a2106ae9c65eee80,2009-06-26T00:00:00.000Z,2009,6,26,27.04,28.8,25.47,79.51,4.52,17.47,5.32,6.2,227.3,0
6958bb42a2106ae9c65eee81,2009-06-27T00:00:00.000Z,2009,6,27,26.78,28.68,25.26,81.69,30.19,9.35,6.03,6.99,244.7,0
6958bb42a2106ae9c65eee82,2009-06-28T00:00:00.000Z,2009,6,28,26.52,28.3,25.25,78.53,8.07,13.84,5.84,7.33,222,0
6958bb42a2106ae9c65eee83,2009-06-29T00:00:00.000Z,2009,6,29,27.66,30.88,24.7,68.58,0.08,19.56,3.57,5.12,223.9,0
6958bb42a2106ae9c65eee84,2009-06-30T00:00:00.000Z,2009,6,30,27.96,30.51,25.99,69.29,0.18,20.75,2.08,2.76,205.2,0
6958bb42a2106ae9c65eee85,2009-07-01T00:00:00.000Z,2009,7,1,28.01,31.54,25.35,70.75,0.02,21.78,2.93,3.88,234.6,0
6958bb42a2106ae9c65eee86,2009-07-02T00:00:00.000Z,2009,7,2,28.05,31.72,25.23,69.63,0.16,22.74,4.6,5.49,213.9,0
6958bb42a2106ae9c65eee87,2009-07-03T00:00:00.000Z,2009,7,3,27.76,30.55,25.6,73.63,0.67,18.21,5.58,6.91,213.8,0
6958bb42a2106ae9c65eee88,2009-07-04T00:00:00.000Z,2009,7,4,27.43,29.52,25.64,75.84,0.09,19.24,4.83,5.87,213.9,0
6958bb42a2106ae9c65eee89,2009-07-05T00:00:00.000Z,2009,7,5,26.91,29.07,25.42,77.38,7.76,12.76,6,7.32,208.8,0
6958bb42a2106ae9c65eee8a,2009-07-06T00:00:00.000Z,2009,7,6,27.24,29.72,24.95,70.9,0.89,12.13,3.93,6.3,198.2,0
6958bb42a2106ae9c65eee8b,2009-07-07T00:00:00.000Z,2009,7,7,27.83,29.66,25.99,67.98,4.44,16.62,1.16,2.05,166.8,0
6958bb42a2106ae9c65eee8c,2009-07-08T00:00:00.000Z,2009,7,8,26.93,28.2,25.88,77.79,0.62,16.4,1.74,2.46,22.3,0
6958bb42a2106ae9c65eee8d,2009-07-09T00:00:00.000Z,2009,7,9,27.52,30.52,25.67,74.97,0.36,21,2.1,3.74,331.4,0
6958bb42a2106ae9c65eee8e,2009-07-10T00:00:00.000Z,2009,7,10,27.19,29.78,25.41,77.03,3.18,21.13,4.12,5.37,249.4,0
6958bb42a2106ae9c65eee8f,2009-07-11T00:00:00.000Z,2009,7,11,26.62,27.91,25.55,79.05,8.08,14.08,7.06,9.22,247,0
6958bb42a2106ae9c65eee90,2009-07-12T00:00:00.000Z,2009,7,12,25.99,27.56,25.21,78.53,6.88,7.47,6.94,7.62,224.4,0
6958bb42a2106ae9c65eee91,2009-07-13T00:00:00.000Z,2009,7,13,26.82,29.16,24.99,75.34,0.51,15.92,6.18,7.26,210.6,0
6958bb42a2106ae9c65eee92,2009-07-14T00:00:00.000Z,2009,7,14,26.77,28.86,25.47,78.32,3.21,17.99,6.86,8.76,211.8,0
6958bb42a2106ae9c65eee93,2009-07-15T00:00:00.000Z,2009,7,15,27.06,28.74,25.47,79.86,0.83,16.81,7.45,8.72,218.4,0
6958bb42a2106ae9c65eee94,2009-07-16T00:00:00.000Z,2009,7,16,27.38,29.37,26,77.75,0.28,18.63,6.63,7.66,228.7,0
6958bb42a2106ae9c65eee95,2009-07-17T00:00:00.000Z,2009,7,17,27.67,30.67,25.49,74.29,0.07,22.5,6.34,7.49,212.5,0
6958bb42a2106ae9c65eee96,2009-07-18T00:00:00.000Z,2009,7,18,27.5,29.75,25.68,75.8,0.71,21.51,5.76,6.73,219.3,0
6958bb42a2106ae9c65eee97,2009-07-19T00:00:00.000Z,2009,7,19,27.31,29.86,25.64,75.38,0.22,22.22,6.53,8.6,223.9,0
6958bb42a2106ae9c65eee98,2009-07-20T00:00:00.000Z,2009,7,20,27.98,30.85,25.71,74.22,0.13,22.55,6.68,7.84,220.2,0
6958bb42a2106ae9c65eee99,2009-07-21T00:00:00.000Z,2009,7,21,27.46,29.76,26.07,79.27,3.67,8.83,5.21,6.29,232.1,0
6958bb42a2106ae9c65eee9a,2009-07-22T00:00:00.000Z,2009,7,22,27.46,29.99,25.77,73.88,0.41,19.09,5.74,7.37,217,0
6958bb42a2106ae9c65eee9b,2009-07-23T00:00:00.000Z,2009,7,23,26.49,28.37,25.22,78.29,1.23,14.18,6.82,7.65,224.3,0
6958bb42a2106ae9c65eee9c,2009-07-24T00:00:00.000Z,2009,7,24,26.98,28.71,25.64,77.53,0.17,20.11,7.36,8.76,229.6,0
6958bb42a2106ae9c65eee9d,2009-07-25T00:00:00.000Z,2009,7,25,27.24,28.93,25.8,77.35,0.13,21.07,6.25,7.15,222.4,0
6958bb42a2106ae9c65eee9e,2009-07-26T00:00:00.000Z,2009,7,26,27.6,30.32,25.67,72.19,0.35,21.92,6.79,7.88,203.5,0
6958bb42a2106ae9c65eee9f,2009-07-27T00:00:00.000Z,2009,7,27,27.84,30.66,25.79,72.43,0.09,20.76,5.07,6.86,209.5,0
6958bb42a2106ae9c65eeea0,2009-07-28T00:00:00.000Z,2009,7,28,27.77,30.49,25.47,72.22,0,19.12,3.76,4.43,220.1,0
6958bb42a2106ae9c65eeea1,2009-07-29T00:00:00.000Z,2009,7,29,28.2,31.65,25.33,69.26,0,23.48,3.53,4.99,214.3,0
6958bb42a2106ae9c65eeea2,2009-07-30T00:00:00.000Z,2009,7,30,28.41,32.18,25.78,70.39,0.01,21.4,3.88,4.82,230.5,0
6958bb42a2106ae9c65eeea3,2009-07-31T00:00:00.000Z,2009,7,31,27.78,30.55,25.88,76.45,0.48,16.77,5.51,6.33,237.1,0
6958bb42a2106ae9c65eeea4,2009-08-01T00:00:00.000Z,2009,8,1,27.16,28.59,26.22,80.73,0.83,15.33,6.41,7.84,231.6,0
6958bb42a2106ae9c65eeea5,2009-08-02T00:00:00.000Z,2009,8,2,27.59,29.67,25.73,75.67,0.07,21.78,6.47,8.38,218.4,0
6958bb42a2106ae9c65eeea6,2009-08-03T00:00:00.000Z,2009,8,3,28.06,30.78,26.05,75.28,0.09,22.56,6.53,7.63,213.9,0
6958bb42a2106ae9c65eeea7,2009-08-04T00:00:00.000Z,2009,8,4,27.4,29.4,26.28,78.24,1.97,17.1,7.74,8.43,222.6,0
6958bb42a2106ae9c65eeea8,2009-08-05T00:00:00.000Z,2009,8,5,27.37,30.1,25.76,74.02,1.72,15.83,8.91,9.92,223.6,0
6958bb42a2106ae9c65eeea9,2009-08-06T00:00:00.000Z,2009,8,6,27.84,30.44,25.94,76.68,8.87,19.1,8.61,9.88,226.1,0
6958bb42a2106ae9c65eeeaa,2009-08-07T00:00:00.000Z,2009,8,7,27.19,28.88,25.88,79.88,7.23,12.25,9.11,10.66,231,0
6958bb42a2106ae9c65eeeab,2009-08-08T00:00:00.000Z,2009,8,8,26.78,28.35,25.59,79.5,2.84,17.31,8.29,10.97,226.7,0
6958bb42a2106ae9c65eeeac,2009-08-09T00:00:00.000Z,2009,8,9,27.16,29.32,25.74,78.78,4.7,15.76,7.71,9.68,232.2,0
6958bb42a2106ae9c65eeead,2009-08-10T00:00:00.000Z,2009,8,10,27.29,30.27,25.4,75.76,3.08,19.33,6.42,7.11,220.5,0
6958bb42a2106ae9c65eeeae,2009-08-11T00:00:00.000Z,2009,8,11,27.53,30.51,25.17,75.44,3.95,22.31,4.52,6.06,224.8,0
6958bb42a2106ae9c65eeeaf,2009-08-12T00:00:00.000Z,2009,8,12,27.53,29.95,25.56,78.13,10.54,21.53,4.35,5.6,229,0
6958bb42a2106ae9c65eeeb0,2009-08-13T00:00:00.000Z,2009,8,13,26.97,28.65,25.73,82.31,11.52,11.61,5.56,6.82,243.7,0
6958bb42a2106ae9c65eeeb1,2009-08-14T00:00:00.000Z,2009,8,14,26.37,27.66,25.6,84.07,9.54,9.91,5.49,6.31,226.8,0
6958bb42a2106ae9c65eeeb2,2009-08-15T00:00:00.000Z,2009,8,15,26.93,29.46,25.31,78.85,2.81,12.9,4.23,4.8,226,0
6958bb42a2106ae9c65eeeb3,2009-08-16T00:00:00.000Z,2009,8,16,28.13,31.56,25.2,70.13,0.68,19.75,2.24,3.25,238,0
6958bb42a2106ae9c65eeeb4,2009-08-17T00:00:00.000Z,2009,8,17,27.65,29.53,26.19,74.17,2.14,21.68,1.49,1.99,225.6,0
6958bb42a2106ae9c65eeeb5,2009-08-18T00:00:00.000Z,2009,8,18,26.97,29.74,25.42,74.11,7.46,10.95,1.92,2.59,236,0
6958bb42a2106ae9c65eeeb6,2009-08-19T00:00:00.000Z,2009,8,19,27,28.81,25.4,76.5,2.01,13.64,4.12,5.2,213.2,0
6958bb42a2106ae9c65eeeb7,2009-08-20T00:00:00.000Z,2009,8,20,27.24,30.12,25.06,72.19,0.64,12.76,2.29,3.75,255.1,0
6958bb42a2106ae9c65eeeb8,2009-08-21T00:00:00.000Z,2009,8,21,27.12,29.69,25.51,75.89,1.59,19.52,2.4,3.68,277,0
6958bb42a2106ae9c65eeeb9,2009-08-22T00:00:00.000Z,2009,8,22,26.23,27.88,24.98,80.33,3.22,14.93,4.13,5.24,259.6,0
6958bb42a2106ae9c65eeeba,2009-08-23T00:00:00.000Z,2009,8,23,25.68,26.96,24.7,83.2,9.04,10.26,5.39,6.17,267.3,0
6958bb42a2106ae9c65eeebb,2009-08-24T00:00:00.000Z,2009,8,24,26.22,28.3,24.33,73.84,3.54,13.22,2.99,5.14,258.6,0
6958bb42a2106ae9c65eeebc,2009-08-25T00:00:00.000Z,2009,8,25,26.96,29.4,25.28,71.3,0.03,21.04,2,3.68,319.2,0
6958bb42a2106ae9c65eeebd,2009-08-26T00:00:00.000Z,2009,8,26,26.39,28.22,25.02,77.94,1.18,19.85,2.21,3.26,306.9,0
6958bb42a2106ae9c65eeebe,2009-08-27T00:00:00.000Z,2009,8,27,25.74,27.2,24.8,80.9,17.04,11.61,4.98,6.8,243.5,0
6958bb42a2106ae9c65eeebf,2009-08-28T00:00:00.000Z,2009,8,28,25.69,27.82,24.11,81.64,17.94,10.09,6,7.06,230.8,0
6958bb42a2106ae9c65eeec0,2009-08-29T00:00:00.000Z,2009,8,29,26.09,27.63,25.01,84.02,22.75,12.34,7.67,9.29,239.6,0
6958bb42a2106ae9c65eeec1,2009-08-30T00:00:00.000Z,2009,8,30,25.99,27.64,24.76,82.07,6.98,14.74,7.29,8.43,221.8,0
6958bb42a2106ae9c65eeec2,2009-08-31T00:00:00.000Z,2009,8,31,26.09,28.07,24.81,82.22,3.24,16.63,6.8,8.69,227.1,0
6958bb42a2106ae9c65eeec3,2009-09-01T00:00:00.000Z,2009,9,1,26.42,29.02,24.75,76.71,0.88,19.87,6.27,7.89,220.5,0
6958bb42a2106ae9c65eeec4,2009-09-02T00:00:00.000Z,2009,9,2,27.57,31.11,24.34,74.09,1.02,24,3.2,5.09,219.3,0
6958bb42a2106ae9c65eeec5,2009-09-03T00:00:00.000Z,2009,9,3,27.19,29.57,25.64,78.86,0.98,22.17,4.59,5.26,230.5,0
6958bb42a2106ae9c65eeec6,2009-09-04T00:00:00.000Z,2009,9,4,27.27,30.12,25.22,78.69,4.05,21.86,6.14,7.31,226.1,0
6958bb42a2106ae9c65eeec7,2009-09-05T00:00:00.000Z,2009,9,5,26.44,27.83,25.16,81.6,7.53,9.73,8.33,10.13,225.5,0
6958bb42a2106ae9c65eeec8,2009-09-06T00:00:00.000Z,2009,9,6,26.54,29.02,25.01,78.76,2.12,19.25,7.42,8.53,214.9,0
6958bb42a2106ae9c65eeec9,2009-09-07T00:00:00.000Z,2009,9,7,27.34,30.33,25.26,76.31,0.42,21.41,5.65,6.66,213.6,0
6958bb42a2106ae9c65eeeca,2009-09-08T00:00:00.000Z,2009,9,8,27.42,30.62,25.08,75.44,0.05,22.32,4.68,5.8,220.8,0
6958bb42a2106ae9c65eeecb,2009-09-09T00:00:00.000Z,2009,9,9,27.03,29.81,24.98,75.99,0.03,16.76,4.37,6.07,242.6,0
6958bb42a2106ae9c65eeecc,2009-09-10T00:00:00.000Z,2009,9,10,26.99,29.54,25.16,77.72,0.1,21.98,4.58,6.62,244.4,0
6958bb42a2106ae9c65eeecd,2009-09-11T00:00:00.000Z,2009,9,11,27.15,29.66,25.2,78.57,0.14,20.95,4.6,6.19,239.9,0
6958bb42a2106ae9c65eeece,2009-09-12T00:00:00.000Z,2009,9,12,27.45,30.01,25.77,79.39,0.6,21.44,5.11,6.15,239.5,0
6958bb42a2106ae9c65eeecf,2009-09-13T00:00:00.000Z,2009,9,13,26.77,28.58,25.38,81.78,9.9,15.55,5.33,6.41,229,0
6958bb42a2106ae9c65eeed0,2009-09-14T00:00:00.000Z,2009,9,14,26.22,27.88,25.26,85.02,25.74,14.78,5.68,6.99,257.9,0
6958bb42a2106ae9c65eeed1,2009-09-15T00:00:00.000Z,2009,9,15,25.57,27.27,24.53,85.85,31.46,8.31,5.86,7.42,249.4,0
6958bb42a2106ae9c65eeed2,2009-09-16T00:00:00.000Z,2009,9,16,26.02,27.92,24.78,83.11,7.97,19.09,6.12,7.05,245,0
6958bb42a2106ae9c65eeed3,2009-09-17T00:00:00.000Z,2009,9,17,26.3,28.83,24.71,82.01,7,15.31,5.32,5.93,232.4,0
6958bb42a2106ae9c65eeed4,2009-09-18T00:00:00.000Z,2009,9,18,25.98,28.15,24.57,82.78,4.18,9.61,4.07,5.37,228.9,0
6958bb42a2106ae9c65eeed5,2009-09-19T00:00:00.000Z,2009,9,19,26.48,29.37,24.2,77.18,0.57,11.58,3.52,4.35,231.5,0
6958bb42a2106ae9c65eeed6,2009-09-20T00:00:00.000Z,2009,9,20,27.07,30.14,24.37,71.32,0.01,18.02,2.75,3.77,223.2,0
6958bb42a2106ae9c65eeed7,2009-09-21T00:00:00.000Z,2009,9,21,27.5,30.7,24.84,71.83,0.19,23.75,2.8,3.69,211.6,0
6958bb42a2106ae9c65eeed8,2009-09-22T00:00:00.000Z,2009,9,22,27.41,30.37,25.08,74.11,0.2,22.77,3.61,4.92,213.1,0
6958bb42a2106ae9c65eeed9,2009-09-23T00:00:00.000Z,2009,9,23,27.3,30.25,25.11,75.64,0.06,23.96,3.94,4.72,229.3,0
6958bb42a2106ae9c65eeeda,2009-09-24T00:00:00.000Z,2009,9,24,27.25,30.58,24.88,75.47,0.44,23.17,4.75,6.22,237.1,0
6958bb42a2106ae9c65eeedb,2009-09-25T00:00:00.000Z,2009,9,25,26.92,29.37,25.18,77.79,3.55,16.44,6.29,7.27,223.8,0
6958bb42a2106ae9c65eeedc,2009-09-26T00:00:00.000Z,2009,9,26,26.03,27.45,25.13,83.07,18.3,17.53,7.49,9.4,218.3,0
6958bb42a2106ae9c65eeedd,2009-09-27T00:00:00.000Z,2009,9,27,26.66,28.06,25.39,80.98,2.28,16.69,8.09,10.32,218.1,0
6958bb42a2106ae9c65eeede,2009-09-28T00:00:00.000Z,2009,9,28,26.58,28.33,25.33,81.83,3.81,16.64,7.29,8.05,229.9,0
6958bb42a2106ae9c65eeedf,2009-09-29T00:00:00.000Z,2009,9,29,26.49,28.41,24.89,79.8,2.77,20.5,7.65,8.72,233.4,0
6958bb42a2106ae9c65eeee0,2009-09-30T00:00:00.000Z,2009,9,30,26.43,28.11,25.07,81.43,3.62,18.56,7.31,8.86,233.9,0
6958bb42a2106ae9c65eeee1,2009-10-01T00:00:00.000Z,2009,10,1,26.78,28.61,25.52,80.51,1.03,15.36,6.69,8.46,228.8,0
6958bb42a2106ae9c65eeee2,2009-10-02T00:00:00.000Z,2009,10,2,26.95,29.4,25.31,78.02,1.25,18.02,5.71,6.61,225.9,0
6958bb42a2106ae9c65eeee3,2009-10-03T00:00:00.000Z,2009,10,3,26.36,28.54,24.91,78.33,0.18,17.14,5.79,6.86,242,0
6958bb42a2106ae9c65eeee4,2009-10-04T00:00:00.000Z,2009,10,4,26.81,29.7,24.72,77.75,0,21.21,4.75,5.93,241.8,0
6958bb42a2106ae9c65eeee5,2009-10-05T00:00:00.000Z,2009,10,5,26.59,28.72,25.1,78.95,0.05,18.68,5.91,6.88,220.9,0
6958bb42a2106ae9c65eeee6,2009-10-06T00:00:00.000Z,2009,10,6,26.74,29.46,24.54,74.89,0.05,18.69,6.2,8.04,220.6,0
6958bb42a2106ae9c65eeee7,2009-10-07T00:00:00.000Z,2009,10,7,26.96,29.86,24.68,73.02,0.05,17.72,5.66,7.29,212.4,0
6958bb42a2106ae9c65eeee8,2009-10-08T00:00:00.000Z,2009,10,8,26.51,28.63,25.15,74.78,0.74,15.72,5.48,7.1,216.2,0
6958bb42a2106ae9c65eeee9,2009-10-09T00:00:00.000Z,2009,10,9,26.64,28.98,24.78,79.5,1.28,20.43,5.03,6.04,225.2,0
6958bb42a2106ae9c65eeeea,2009-10-10T00:00:00.000Z,2009,10,10,26.55,28.43,25.19,79.84,0.45,21.14,4.23,5,230.4,0
6958bb42a2106ae9c65eeeeb,2009-10-11T00:00:00.000Z,2009,10,11,26.27,28.01,24.92,78.36,5.22,18.91,4.23,5.55,235.3,0
6958bb42a2106ae9c65eeeec,2009-10-12T00:00:00.000Z,2009,10,12,26.47,29.1,24.82,75.5,1.7,15.56,5.05,6.92,229.7,0
6958bb42a2106ae9c65eeeed,2009-10-13T00:00:00.000Z,2009,10,13,26.7,30.05,24.05,73.38,0.22,21.49,4.5,5.67,222,0
6958bb42a2106ae9c65eeeee,2009-10-14T00:00:00.000Z,2009,10,14,26.94,29.8,24.83,74.5,3.95,18.41,2.09,3.09,186.8,0
6958bb42a2106ae9c65eeeef,2009-10-15T00:00:00.000Z,2009,10,15,27.8,30.41,25.86,71.03,2.33,21.78,1.48,2.47,247.5,0
6958bb42a2106ae9c65eeef0,2009-10-16T00:00:00.000Z,2009,10,16,27.37,29.52,25.78,75.11,3.68,18.62,2.11,2.82,241.3,0
6958bb42a2106ae9c65eeef1,2009-10-17T00:00:00.000Z,2009,10,17,27.14,29.67,25.36,76.31,1.07,19.43,3.87,4.9,235.8,0
6958bb42a2106ae9c65eeef2,2009-10-18T00:00:00.000Z,2009,10,18,27.02,29.5,25.32,76.75,0.88,20.37,4.18,5.44,220.9,0
6958bb42a2106ae9c65eeef3,2009-10-19T00:00:00.000Z,2009,10,19,26.55,28.8,25.2,80.14,0.87,14.56,4.41,5.29,239.7,0
6958bb42a2106ae9c65eeef4,2009-10-20T00:00:00.000Z,2009,10,20,25.9,27.42,24.86,83.61,4.97,7.31,3.14,4.18,264.7,0
6958bb42a2106ae9c65eeef5,2009-10-21T00:00:00.000Z,2009,10,21,26.73,29.43,24.87,77.26,0.72,19.18,3.61,4.3,239.3,0
6958bb42a2106ae9c65eeef6,2009-10-22T00:00:00.000Z,2009,10,22,26.88,29.57,25.11,77.21,0.79,16.45,4.71,6.12,230.2,0
6958bb42a2106ae9c65eeef7,2009-10-23T00:00:00.000Z,2009,10,23,26.89,29.11,25.11,77.2,1.4,20.24,3.99,4.99,224.6,0
6958bb42a2106ae9c65eeef8,2009-10-24T00:00:00.000Z,2009,10,24,27.15,29.99,24.95,75.73,4.34,18.07,4,5.46,219,0
6958bb42a2106ae9c65eeef9,2009-10-25T00:00:00.000Z,2009,10,25,26.51,28.51,25.09,79.11,2.87,16.01,3.87,4.86,243.5,0
6958bb42a2106ae9c65eeefa,2009-10-26T00:00:00.000Z,2009,10,26,26.93,29.69,24.86,75.28,1,19.83,2.69,3.16,267.6,0
6958bb42a2106ae9c65eeefb,2009-10-27T00:00:00.000Z,2009,10,27,26.92,29,25.53,78.22,3.2,16.39,2.58,3.38,282.2,0
6958bb42a2106ae9c65eeefc,2009-10-28T00:00:00.000Z,2009,10,28,26.47,28.11,25.48,79.73,1.7,13.77,2,2.85,268,0
6958bb42a2106ae9c65eeefd,2009-10-29T00:00:00.000Z,2009,10,29,26.79,29.29,25.28,77.52,3.15,14.98,2.13,3.27,47.1,0
6958bb42a2106ae9c65eeefe,2009-10-30T00:00:00.000Z,2009,10,30,26.64,28.23,25.19,82.5,3.29,17,3.22,4.88,27.6,0
6958bb42a2106ae9c65eeeff,2009-10-31T00:00:00.000Z,2009,10,31,26.85,28.78,25.53,79.22,0.59,20.39,3.67,4.58,32.4,0
6958bb42a2106ae9c65eef00,2009-11-01T00:00:00.000Z,2009,11,1,26.31,26.99,25.36,85.24,3.62,18.6,5.13,6.29,48.3,0
6958bb42a2106ae9c65eef01,2009-11-02T00:00:00.000Z,2009,11,2,26.56,28.31,25.09,83.7,4.46,17.58,5.68,7.99,70.8,0
6958bb42a2106ae9c65eef02,2009-11-03T00:00:00.000Z,2009,11,3,27.18,29.33,25.36,79.76,5.24,20.25,6.11,8.04,71,0
6958bb42a2106ae9c65eef03,2009-11-04T00:00:00.000Z,2009,11,4,27.31,29.7,25.3,81.28,31.82,14.5,4.91,6.64,77.8,0
6958bb42a2106ae9c65eef04,2009-11-05T00:00:00.000Z,2009,11,5,27.22,28.55,26.35,84.04,24.11,12.09,6.69,8.56,74.1,0
6958bb42a2106ae9c65eef05,2009-11-06T00:00:00.000Z,2009,11,6,26.81,27.66,26.04,86.53,16.74,13.69,5.22,6.51,68.6,0
6958bb42a2106ae9c65eef06,2009-11-07T00:00:00.000Z,2009,11,7,26.59,28.31,25.41,85.02,10.77,15.8,4.17,5.11,80.6,0
6958bb42a2106ae9c65eef07,2009-11-08T00:00:00.000Z,2009,11,8,27.32,29.65,25.83,80.46,8.26,18.04,2.28,3.16,49.6,0
6958bb42a2106ae9c65eef08,2009-11-09T00:00:00.000Z,2009,11,9,26.5,28.01,25.39,85.47,7.74,17.37,3.27,5.4,42.7,0
6958bb42a2106ae9c65eef09,2009-11-10T00:00:00.000Z,2009,11,10,26.25,27.4,25.42,84.78,5.94,17.93,2.42,4,12.3,0
6958bb42a2106ae9c65eef0a,2009-11-11T00:00:00.000Z,2009,11,11,27.39,30.55,25.27,73.35,7.89,13.03,1.38,2.56,337.1,0
6958bb42a2106ae9c65eef0b,2009-11-12T00:00:00.000Z,2009,11,12,26.44,27.94,25.56,83.64,7.23,15.45,2.4,4.77,25.8,0
6958bb42a2106ae9c65eef0c,2009-11-13T00:00:00.000Z,2009,11,13,27.23,28.95,25.93,80.52,8.27,18.13,2.47,5.35,159.2,0
6958bb42a2106ae9c65eef0d,2009-11-14T00:00:00.000Z,2009,11,14,26.64,28.97,25.05,79.07,9.6,12,2.52,3.73,260.4,0
6958bb42a2106ae9c65eef0e,2009-11-15T00:00:00.000Z,2009,11,15,25.37,26.36,24.66,85.27,5.71,5.83,4.32,5.42,262.9,0
6958bb42a2106ae9c65eef0f,2009-11-16T00:00:00.000Z,2009,11,16,26.03,28.43,23.97,75.59,1.89,12.48,3.69,4.54,259,0
6958bb42a2106ae9c65eef10,2009-11-17T00:00:00.000Z,2009,11,17,26.44,29.14,24.38,76.66,12.04,21.26,2.92,3.67,270.5,0
6958bb42a2106ae9c65eef11,2009-11-18T00:00:00.000Z,2009,11,18,25.33,26.47,24.19,80.95,14.36,14.38,1.3,2.28,37.3,0
6958bb42a2106ae9c65eef12,2009-11-19T00:00:00.000Z,2009,11,19,24.99,25.48,24.44,84.64,27.92,13.44,3.39,5.71,174.6,0
6958bb42a2106ae9c65eef13,2009-11-20T00:00:00.000Z,2009,11,20,25.14,26.44,24.39,85.92,42.63,10.68,2.3,4.23,207.9,0
6958bb42a2106ae9c65eef14,2009-11-21T00:00:00.000Z,2009,11,21,25.19,25.99,24.55,89.15,22.96,9.74,3.67,6.07,41.6,0
6958bb42a2106ae9c65eef15,2009-11-22T00:00:00.000Z,2009,11,22,25.79,27.77,24.48,81.74,10.04,13.87,2.72,3.91,132.8,0
6958bb42a2106ae9c65eef16,2009-11-23T00:00:00.000Z,2009,11,23,25.58,27.37,24.33,79.09,14.34,13.51,3.18,4.45,207.8,0
6958bb42a2106ae9c65eef17,2009-11-24T00:00:00.000Z,2009,11,24,25.65,27.95,23.99,77.34,9.3,14.64,3.73,4.32,191.1,0
6958bb42a2106ae9c65eef18,2009-11-25T00:00:00.000Z,2009,11,25,26.5,28.78,24.27,74.64,4.66,14.98,2.13,3.33,150.5,0
6958bb42a2106ae9c65eef19,2009-11-26T00:00:00.000Z,2009,11,26,26.74,28.87,24.93,75.87,1.63,18.3,2.79,3.69,179.2,0
6958bb42a2106ae9c65eef1a,2009-11-27T00:00:00.000Z,2009,11,27,26.74,29.42,24.58,76.64,2.79,18.96,1.97,3.18,141.4,0
6958bb42a2106ae9c65eef1b,2009-11-28T00:00:00.000Z,2009,11,28,26.53,28.38,25.44,79.93,2.74,17.61,1.75,2.29,70.2,0
6958bb42a2106ae9c65eef1c,2009-11-29T00:00:00.000Z,2009,11,29,26.03,27.23,25.19,83.64,2.36,16.82,2.54,3.77,33.1,0
6958bb42a2106ae9c65eef1d,2009-11-30T00:00:00.000Z,2009,11,30,26.02,28.16,24.68,80.62,0.81,18.63,4.28,7.43,78.2,0
6958bb42a2106ae9c65eef1e,2009-12-01T00:00:00.000Z,2009,12,1,26,28.12,24.42,81.49,1.53,16.3,4.51,6.14,70.2,0
6958bb42a2106ae9c65eef1f,2009-12-02T00:00:00.000Z,2009,12,2,25.49,26.58,24.66,89.59,13.05,5.89,4.57,6.14,55.7,0
6958bb42a2106ae9c65eef20,2009-12-03T00:00:00.000Z,2009,12,3,25.53,27.09,24.42,87.79,7.55,11.89,4.87,5.9,77,0
6958bb42a2106ae9c65eef21,2009-12-04T00:00:00.000Z,2009,12,4,25.51,26.24,24.58,89.22,10.82,16.22,3.48,4.31,76.8,0
6958bb42a2106ae9c65eef22,2009-12-05T00:00:00.000Z,2009,12,5,25.68,26.72,24.85,88.55,28.86,13.46,3.96,5.93,78.3,0
6958bb42a2106ae9c65eef23,2009-12-06T00:00:00.000Z,2009,12,6,25.86,27.71,24.6,82.27,17.08,16.22,1.69,2.15,107.4,0
6958bb42a2106ae9c65eef24,2009-12-07T00:00:00.000Z,2009,12,7,25.83,28.02,24.68,83.99,11.17,16.2,1.9,3.04,2.7,0
6958bb42a2106ae9c65eef25,2009-12-08T00:00:00.000Z,2009,12,8,25.79,27.5,24.08,82.96,0.9,20.1,1.91,2.36,43.1,0
6958bb42a2106ae9c65eef26,2009-12-09T00:00:00.000Z,2009,12,9,26.66,28.51,25.3,82.11,1,19.8,3.51,4.81,64.9,0
6958bb42a2106ae9c65eef27,2009-12-10T00:00:00.000Z,2009,12,10,26.68,28.96,24.9,81.92,3.19,18.61,3.93,4.62,63.4,0
6958bb42a2106ae9c65eef28,2009-12-11T00:00:00.000Z,2009,12,11,26.45,28.13,24.73,82.87,1.26,18.91,5.83,7.28,64.3,0
6958bb42a2106ae9c65eef29,2009-12-12T00:00:00.000Z,2009,12,12,26.68,28.78,25.09,79.19,0.65,20.61,5.57,6.93,68.4,0
6958bb42a2106ae9c65eef2a,2009-12-13T00:00:00.000Z,2009,12,13,26.46,28.33,24.95,79.85,4.27,13.46,4.65,5.73,61.5,0
6958bb42a2106ae9c65eef2b,2009-12-14T00:00:00.000Z,2009,12,14,26.44,28.28,25.19,82.11,1.16,18.59,4.42,5.16,54,0
6958bb42a2106ae9c65eef2c,2009-12-15T00:00:00.000Z,2009,12,15,26.61,29.05,24.11,80.31,0.77,20.4,3.2,3.82,65.7,0
6958bb42a2106ae9c65eef2d,2009-12-16T00:00:00.000Z,2009,12,16,26.58,27.94,25.23,83.55,1.14,19.89,4.41,5.84,67.1,0
6958bb42a2106ae9c65eef2e,2009-12-17T00:00:00.000Z,2009,12,17,26.5,28.08,25.14,83.53,7.07,15.32,3.49,3.75,69.9,0
6958bb42a2106ae9c65eef2f,2009-12-18T00:00:00.000Z,2009,12,18,25.64,26.78,24.85,87.68,6.91,11.89,3.93,5.01,76.6,0
6958bb42a2106ae9c65eef30,2009-12-19T00:00:00.000Z,2009,12,19,26.26,28.09,25.01,85.67,39.32,12.6,4.67,6.15,87.4,0
6958bb42a2106ae9c65eef31,2009-12-20T00:00:00.000Z,2009,12,20,26.12,27.3,24.95,86.05,10.4,10.74,6.61,8.33,83,0
6958bb42a2106ae9c65eef32,2009-12-21T00:00:00.000Z,2009,12,21,26.65,28.37,25.3,82.73,3.64,17.18,7.72,9.09,77.4,0
6958bb42a2106ae9c65eef33,2009-12-22T00:00:00.000Z,2009,12,22,26.81,28.48,25.3,82.43,3.18,17.38,6.84,7.97,78.5,0
6958bb42a2106ae9c65eef34,2009-12-23T00:00:00.000Z,2009,12,23,26.81,28.42,25.66,83.09,3.52,15.28,7.3,8.99,67.4,0
6958bb42a2106ae9c65eef35,2009-12-24T00:00:00.000Z,2009,12,24,26.7,28.5,25.49,82.49,4.09,14.36,6.3,7.66,70.6,0
6958bb42a2106ae9c65eef36,2009-12-25T00:00:00.000Z,2009,12,25,26.35,28.33,24.85,83.85,3.83,16.38,5.9,7.32,71.9,0
6958bb42a2106ae9c65eef37,2009-12-26T00:00:00.000Z,2009,12,26,26.27,27.91,25.19,82.95,11.64,14.16,3.47,4.83,72.4,0
6958bb42a2106ae9c65eef38,2009-12-27T00:00:00.000Z,2009,12,27,26.57,28.7,24.88,80.81,1.57,16.63,2.72,3.71,66.4,0
6958bb42a2106ae9c65eef39,2009-12-28T00:00:00.000Z,2009,12,28,26.39,28.12,25.42,83.38,16.97,15.55,3.42,4.43,46.2,0
6958bb42a2106ae9c65eef3a,2009-12-29T00:00:00.000Z,2009,12,29,26.41,28.46,25.38,82.56,8.95,14.2,2.46,3.36,77.3,0
6958bb42a2106ae9c65eef3b,2009-12-30T00:00:00.000Z,2009,12,30,26.36,27.9,25.21,83.43,1.46,16.45,4.02,4.83,63.3,0
6958bb42a2106ae9c65eef3c,2009-12-31T00:00:00.000Z,2009,12,31,25.94,27.51,24.76,82.46,0.34,17.17,4.96,6.3,52.6,0
6958bb42a2106ae9c65eef3d,2010-01-01T00:00:00.000Z,2010,1,1,26.2,28.29,24.43,80.37,0.14,16.76,5.79,7.42,67.1,0
6958bb42a2106ae9c65eef3e,2010-01-02T00:00:00.000Z,2010,1,2,26.07,27.24,24.9,84.74,7.46,12.97,4.96,6.39,61.3,0
6958bb42a2106ae9c65eef3f,2010-01-03T00:00:00.000Z,2010,1,3,25.76,26.64,25.15,89.73,31.27,5.95,3.76,5.45,223.9,0
6958bb42a2106ae9c65eef40,2010-01-04T00:00:00.000Z,2010,1,4,26.51,28.54,24.91,81.3,2.58,10.92,3.54,6.16,202,0
6958bb42a2106ae9c65eef41,2010-01-05T00:00:00.000Z,2010,1,5,26.92,29.37,24.55,73.61,7.76,16.89,1.58,2.9,167.5,0
6958bb42a2106ae9c65eef42,2010-01-06T00:00:00.000Z,2010,1,6,26.49,28.66,25.33,82.12,10.88,14.77,3,4.25,121,0
6958bb42a2106ae9c65eef43,2010-01-07T00:00:00.000Z,2010,1,7,25.59,26.57,24.52,86.97,14.2,10.01,3.1,5.87,95.4,0
6958bb42a2106ae9c65eef44,2010-01-08T00:00:00.000Z,2010,1,8,25.6,27.05,24.24,86.97,4.09,17.6,3.85,4.54,70.5,0
6958bb42a2106ae9c65eef45,2010-01-09T00:00:00.000Z,2010,1,9,26.06,27.58,24.63,85.27,2.19,19.55,3.42,3.99,68.4,0
6958bb42a2106ae9c65eef46,2010-01-10T00:00:00.000Z,2010,1,10,26.39,28.24,24.89,85.34,5.93,19.97,3.83,4.6,66.8,0
6958bb42a2106ae9c65eef47,2010-01-11T00:00:00.000Z,2010,1,11,26.07,27.74,24.66,85.55,3.58,17.13,4.03,5.1,43.2,0
6958bb42a2106ae9c65eef48,2010-01-12T00:00:00.000Z,2010,1,12,25.71,27.49,24.38,84.64,1.51,19.88,4.27,5.79,50.9,0
6958bb42a2106ae9c65eef49,2010-01-13T00:00:00.000Z,2010,1,13,26.02,28.09,24,78.49,1.71,16.84,2.85,4,60.7,0
6958bb42a2106ae9c65eef4a,2010-01-14T00:00:00.000Z,2010,1,14,26.23,28.07,24.65,79.58,2.76,17.56,3.29,4.28,69.2,0
6958bb42a2106ae9c65eef4b,2010-01-15T00:00:00.000Z,2010,1,15,26.26,28.39,24.58,80.36,2.18,16.5,5.21,6.48,75.4,0
6958bb42a2106ae9c65eef4c,2010-01-16T00:00:00.000Z,2010,1,16,26.25,28.28,24.5,77.8,0.31,20.45,5.66,6.94,64.1,0
6958bb42a2106ae9c65eef4d,2010-01-17T00:00:00.000Z,2010,1,17,26.37,28.26,24.77,77.59,0.51,21.04,4.22,4.91,70.5,0
6958bb42a2106ae9c65eef4e,2010-01-18T00:00:00.000Z,2010,1,18,26.07,27.6,24.99,80.34,11.26,19.11,3.3,3.99,50.5,0
6958bb42a2106ae9c65eef4f,2010-01-19T00:00:00.000Z,2010,1,19,25.75,27.23,24.68,82.92,7.03,16.22,3.13,4.18,49.2,0
6958bb42a2106ae9c65eef50,2010-01-20T00:00:00.000Z,2010,1,20,26.2,27.85,24.81,80.3,1.7,19.47,3.28,4.34,35.6,0
6958bb42a2106ae9c65eef51,2010-01-21T00:00:00.000Z,2010,1,21,26.32,28.3,24.69,79.95,2.57,18.47,2.73,3.08,9.5,0
6958bb42a2106ae9c65eef52,2010-01-22T00:00:00.000Z,2010,1,22,26.44,28.64,24.91,81.14,4.62,18.31,2.94,4.36,31.2,0
6958bb42a2106ae9c65eef53,2010-01-23T00:00:00.000Z,2010,1,23,26.07,27.13,25.01,87.26,34.63,16.4,3.82,4.8,57.5,0
6958bb42a2106ae9c65eef54,2010-01-24T00:00:00.000Z,2010,1,24,26.38,27.96,25.43,83.63,25.6,15.17,2.72,4.04,73.6,0
6958bb42a2106ae9c65eef55,2010-01-25T00:00:00.000Z,2010,1,25,26.4,27.53,25.54,84.07,6.6,16.64,4.87,5.72,66.6,0
6958bb42a2106ae9c65eef56,2010-01-26T00:00:00.000Z,2010,1,26,26.69,28.64,24.94,82.02,1.49,18.65,4.61,5.76,67.7,0
6958bb42a2106ae9c65eef57,2010-01-27T00:00:00.000Z,2010,1,27,26.74,28.22,25.43,84.08,3.06,18.18,6.3,8.16,74,0
6958bb42a2106ae9c65eef58,2010-01-28T00:00:00.000Z,2010,1,28,26.56,28.21,25.03,82.69,5.33,17.64,3.91,5.93,79.3,0
6958bb42a2106ae9c65eef59,2010-01-29T00:00:00.000Z,2010,1,29,26.8,28.54,25.23,79.24,0.17,21.52,3.5,5.2,63.7,0
6958bb42a2106ae9c65eef5a,2010-01-30T00:00:00.000Z,2010,1,30,26.5,28.48,24.69,78.36,0.17,21.1,3.82,4.59,52.7,0
6958bb42a2106ae9c65eef5b,2010-01-31T00:00:00.000Z,2010,1,31,26.87,29.11,24.76,81.5,0.22,22.03,4.85,6.33,61.2,0
6958bb42a2106ae9c65eef5c,2010-02-01T00:00:00.000Z,2010,2,1,26.6,28.68,24.83,81.61,3.58,19.52,4.21,5.55,64.5,0
6958bb42a2106ae9c65eef5d,2010-02-02T00:00:00.000Z,2010,2,2,26.82,29.17,24.7,77.63,0.75,19.87,3.14,4.11,70.3,0
6958bb42a2106ae9c65eef5e,2010-02-03T00:00:00.000Z,2010,2,3,26.77,28.89,25.08,78,0.3,22.48,3.29,4.13,46.4,0
6958bb42a2106ae9c65eef5f,2010-02-04T00:00:00.000Z,2010,2,4,26.85,29.22,25.08,77.56,1.65,21.92,2.76,3.79,42.3,0
6958bb42a2106ae9c65eef60,2010-02-05T00:00:00.000Z,2010,2,5,26.81,29.04,25.08,78.03,1.68,22.29,3.08,4.34,34.8,0
6958bb42a2106ae9c65eef61,2010-02-06T00:00:00.000Z,2010,2,6,26.64,28.79,24.89,81.86,1,21.67,3.71,4.58,50.9,0
6958bb42a2106ae9c65eef62,2010-02-07T00:00:00.000Z,2010,2,7,27.4,29.81,25.66,77.43,0.4,21.54,3.61,4.48,71.3,0
6958bb42a2106ae9c65eef63,2010-02-08T00:00:00.000Z,2010,2,8,27.21,29.5,25.64,80.62,4.24,19.9,3.88,5.22,61.2,0
6958bb42a2106ae9c65eef64,2010-02-09T00:00:00.000Z,2010,2,9,27.22,29.38,25.39,81.95,12.84,21.06,4.61,5.7,61.6,0
6958bb42a2106ae9c65eef65,2010-02-10T00:00:00.000Z,2010,2,10,27.27,28.86,25.94,83.55,9.98,15.96,3.91,5.19,69.8,0
6958bb42a2106ae9c65eef66,2010-02-11T00:00:00.000Z,2010,2,11,27.45,29.36,26.38,83.06,1.41,19.24,4.66,5.41,58.1,0
6958bb42a2106ae9c65eef67,2010-02-12T00:00:00.000Z,2010,2,12,27.05,28.24,25.88,83.84,0.31,19.5,3.88,5.67,63.5,0
6958bb42a2106ae9c65eef68,2010-02-13T00:00:00.000Z,2010,2,13,26.9,29.03,25.09,80.49,0.39,14.16,5.37,7.28,70.7,0
6958bb42a2106ae9c65eef69,2010-02-14T00:00:00.000Z,2010,2,14,27.17,29.14,25.66,80.53,1.87,21.24,3.54,4.59,66.4,0
6958bb42a2106ae9c65eef6a,2010-02-15T00:00:00.000Z,2010,2,15,27.39,29.58,25.53,78.76,0.94,18.07,4.11,5.74,76.9,0
6958bb42a2106ae9c65eef6b,2010-02-16T00:00:00.000Z,2010,2,16,27.29,29.97,25.13,76.45,0.37,24.06,5.33,6.74,72.2,0
6958bb42a2106ae9c65eef6c,2010-02-17T00:00:00.000Z,2010,2,17,27.46,29.99,25,77.31,0.33,18.91,4.04,4.77,70.8,0
6958bb42a2106ae9c65eef6d,2010-02-18T00:00:00.000Z,2010,2,18,27.39,28.75,25.93,80.43,0.87,19.42,3.89,4.89,77.4,0
6958bb42a2106ae9c65eef6e,2010-02-19T00:00:00.000Z,2010,2,19,27.34,29.5,25.55,78.79,0.26,16.38,4.23,5.88,77.8,0
6958bb42a2106ae9c65eef6f,2010-02-20T00:00:00.000Z,2010,2,20,26.88,29.29,24.85,76.47,0.31,17.27,3.81,5.59,79.4,0
6958bb42a2106ae9c65eef70,2010-02-21T00:00:00.000Z,2010,2,21,27.51,30.01,25.34,70.47,0.52,14.91,1.38,1.84,51,0
6958bb42a2106ae9c65eef71,2010-02-22T00:00:00.000Z,2010,2,22,27.21,29.34,25.48,77.98,0.51,20.99,3.76,6.12,40.2,0
6958bb42a2106ae9c65eef72,2010-02-23T00:00:00.000Z,2010,2,23,27.7,30.24,25.88,78.48,16.43,21.95,1.48,2.61,136.6,0
6958bb42a2106ae9c65eef73,2010-02-24T00:00:00.000Z,2010,2,24,27.3,29.97,25.54,76.7,3.52,14.72,4.26,5.15,220.2,0
6958bb42a2106ae9c65eef74,2010-02-25T00:00:00.000Z,2010,2,25,27.71,30.98,25.33,74.51,2.56,21.76,2.79,3.98,290,0
6958bb42a2106ae9c65eef75,2010-02-26T00:00:00.000Z,2010,2,26,27.58,29.59,25.98,80.98,0.35,20.38,3.14,4.81,29.4,0
6958bb42a2106ae9c65eef76,2010-02-27T00:00:00.000Z,2010,2,27,27.34,29.09,26.01,82.35,7.36,18.61,3.19,4.19,27.8,0
6958bb42a2106ae9c65eef77,2010-02-28T00:00:00.000Z,2010,2,28,27.21,28.27,26.51,82.54,12.95,17.37,2.41,3.19,4.7,0
6958bb42a2106ae9c65eef78,2010-03-01T00:00:00.000Z,2010,3,1,26.89,27.99,26.14,81.78,14.28,10.4,3.19,4.69,359.7,0
6958bb42a2106ae9c65eef79,2010-03-02T00:00:00.000Z,2010,3,2,27.21,28.68,26.02,81.98,2.89,22.05,2.66,3.92,16.8,0
6958bb42a2106ae9c65eef7a,2010-03-03T00:00:00.000Z,2010,3,3,27.75,29.95,26.24,79.66,3.11,19.08,2.11,3.41,36.2,0
6958bb42a2106ae9c65eef7b,2010-03-04T00:00:00.000Z,2010,3,4,27.76,30.59,26.1,77.42,5.06,20,1.88,2.76,261,0
6958bb42a2106ae9c65eef7c,2010-03-05T00:00:00.000Z,2010,3,5,27.11,28.82,26.05,79.07,10.68,15.48,2.33,4.05,302.5,0
6958bb42a2106ae9c65eef7d,2010-03-06T00:00:00.000Z,2010,3,6,27.33,30.06,25.63,75.94,0.16,23.22,2.58,4.32,354.1,0
6958bb42a2106ae9c65eef7e,2010-03-07T00:00:00.000Z,2010,3,7,26.62,28.93,24.81,79.33,0.29,24.06,4.52,6.17,16.6,0
6958bb42a2106ae9c65eef7f,2010-03-08T00:00:00.000Z,2010,3,8,26.86,29.5,24.31,78.04,0.12,21.23,2.87,3.55,29.5,0
6958bb42a2106ae9c65eef80,2010-03-09T00:00:00.000Z,2010,3,9,27.04,28.81,26.01,80.25,1.64,17.02,2.53,4.41,19.2,0
6958bb42a2106ae9c65eef81,2010-03-10T00:00:00.000Z,2010,3,10,27.14,28.69,25.88,80.9,3.26,12.24,4.38,5.3,46.5,0
6958bb42a2106ae9c65eef82,2010-03-11T00:00:00.000Z,2010,3,11,27.87,29.92,26.06,77.62,1.05,21.64,4.83,6.14,82.3,0
6958bb42a2106ae9c65eef83,2010-03-12T00:00:00.000Z,2010,3,12,27.69,29.76,25.83,76.9,2.71,15.51,4.9,6.03,79.1,0
6958bb42a2106ae9c65eef84,2010-03-13T00:00:00.000Z,2010,3,13,27.22,28.92,26.14,78.59,4.34,20.7,3.04,4.75,89.8,0
6958bb42a2106ae9c65eef85,2010-03-14T00:00:00.000Z,2010,3,14,27.64,29.86,26.08,75.65,5.74,21.97,2.28,3.35,38.8,0
6958bb42a2106ae9c65eef86,2010-03-15T00:00:00.000Z,2010,3,15,27.23,28.48,26.15,82.15,6.39,13.71,3.94,5.36,36.5,0
6958bb42a2106ae9c65eef87,2010-03-16T00:00:00.000Z,2010,3,16,27.72,29.9,26.21,78.05,0.71,21.31,3.86,5.79,65.6,0
6958bb42a2106ae9c65eef88,2010-03-17T00:00:00.000Z,2010,3,17,27.77,30.36,25.74,75.72,0.01,23.51,6.16,8.42,77.7,0
6958bb42a2106ae9c65eef89,2010-03-18T00:00:00.000Z,2010,3,18,27.86,30.14,26.24,77.69,0.29,23.82,6.5,8.61,83.7,0
6958bb42a2106ae9c65eef8a,2010-03-19T00:00:00.000Z,2010,3,19,27.83,30.11,25.83,77.89,3.13,20.3,4.11,5.64,76.8,0
6958bb42a2106ae9c65eef8b,2010-03-20T00:00:00.000Z,2010,3,20,27.34,28.93,26.33,78.35,1.99,18.59,2.41,3.31,65,0
6958bb42a2106ae9c65eef8c,2010-03-21T00:00:00.000Z,2010,3,21,27.5,29.41,26.02,76.88,0.84,22.33,2.65,3.97,59.4,0
6958bb42a2106ae9c65eef8d,2010-03-22T00:00:00.000Z,2010,3,22,27.81,30.04,26.01,76.39,3.75,18.51,2.3,3.37,47,0
6958bb42a2106ae9c65eef8e,2010-03-23T00:00:00.000Z,2010,3,23,28.06,29.68,26.74,74.22,7.4,17.04,1.3,2.24,133.4,0
6958bb42a2106ae9c65eef8f,2010-03-24T00:00:00.000Z,2010,3,24,28.52,31.44,26.67,74.24,5.45,21.29,2.02,3.12,224.8,0
6958bb42a2106ae9c65eef90,2010-03-25T00:00:00.000Z,2010,3,25,27.43,29.27,25.77,78.41,5.69,18.62,2.51,4.45,250.4,0
6958bb42a2106ae9c65eef91,2010-03-26T00:00:00.000Z,2010,3,26,28.66,32.21,25.28,70.66,0.63,20.08,2.3,3.77,225.4,0
6958bb42a2106ae9c65eef92,2010-03-27T00:00:00.000Z,2010,3,27,27.98,29.55,26.71,79.33,4.03,20.26,3.38,5.18,50.7,0
6958bb42a2106ae9c65eef93,2010-03-28T00:00:00.000Z,2010,3,28,28.18,30.27,26.46,73.84,7.22,14.22,2.43,3.16,166.7,0
6958bb42a2106ae9c65eef94,2010-03-29T00:00:00.000Z,2010,3,29,27.46,29.23,25.86,75.07,1.43,17.12,1.51,2.23,298.7,0
6958bb42a2106ae9c65eef95,2010-03-30T00:00:00.000Z,2010,3,30,27.47,29.14,26.33,75.73,4.14,16.83,1.24,2.81,58,0
6958bb42a2106ae9c65eef96,2010-03-31T00:00:00.000Z,2010,3,31,27.45,29.09,26.27,77.59,2.35,18.9,1.59,2.4,13.6,0
6958bb42a2106ae9c65eef97,2010-04-01T00:00:00.000Z,2010,4,1,27.18,28.87,25.84,78.27,6.53,9.24,2.05,2.98,22.2,0
6958bb42a2106ae9c65eef98,2010-04-02T00:00:00.000Z,2010,4,2,27.65,30.01,26.35,75.78,8.72,16.77,2.75,4.45,30.1,0
6958bb42a2106ae9c65eef99,2010-04-03T00:00:00.000Z,2010,4,3,27.13,28.43,26.05,85.19,7.48,14.74,4.57,6.03,48.9,0
6958bb42a2106ae9c65eef9a,2010-04-04T00:00:00.000Z,2010,4,4,28.01,30.55,26.3,78.25,6.74,19.31,3.65,5.17,93,0
6958bb42a2106ae9c65eef9b,2010-04-05T00:00:00.000Z,2010,4,5,28.16,30.52,26.64,78.86,4.64,20.37,3.12,3.83,96.4,0
6958bb42a2106ae9c65eef9c,2010-04-06T00:00:00.000Z,2010,4,6,28.37,31.31,26.34,74.39,2.28,21.11,2.11,3.48,68,0
6958bb42a2106ae9c65eef9d,2010-04-07T00:00:00.000Z,2010,4,7,28.49,30.69,27.04,78.24,2.91,21.76,2.61,4.11,63.8,0
6958bb42a2106ae9c65eef9e,2010-04-08T00:00:00.000Z,2010,4,8,28.6,30.73,27.04,76.45,3.26,10.57,1.9,3.13,102.2,0
6958bb42a2106ae9c65eef9f,2010-04-09T00:00:00.000Z,2010,4,9,27,28.22,26.37,82.46,4.83,16.12,2.74,3.84,281.6,0
6958bb42a2106ae9c65eefa0,2010-04-10T00:00:00.000Z,2010,4,10,28.08,30.33,25.8,76.62,2.19,18.9,2.15,2.89,245.6,0
6958bb42a2106ae9c65eefa1,2010-04-11T00:00:00.000Z,2010,4,11,28.77,31.48,26.68,75.82,1.7,21.33,2.9,3.5,259.9,0
6958bb42a2106ae9c65eefa2,2010-04-12T00:00:00.000Z,2010,4,12,27.98,29.74,26.69,79.35,2.29,22.95,2.74,4.33,310.8,0
6958bb42a2106ae9c65eefa3,2010-04-13T00:00:00.000Z,2010,4,13,27.99,29.9,26.55,80.6,4.92,18.6,2.7,4.18,2.8,0
6958bb42a2106ae9c65eefa4,2010-04-14T00:00:00.000Z,2010,4,14,28.51,31.08,26.62,77.6,1.14,21.32,3.35,4.26,34,0
6958bb42a2106ae9c65eefa5,2010-04-15T00:00:00.000Z,2010,4,15,28.58,30.97,26.74,76.94,0.71,18.85,3.16,4.58,47.7,0
6958bb42a2106ae9c65eefa6,2010-04-16T00:00:00.000Z,2010,4,16,29.34,32.21,27.56,71.05,0.31,20.77,1.16,2.16,237.4,0
6958bb42a2106ae9c65eefa7,2010-04-17T00:00:00.000Z,2010,4,17,28.39,30.82,26.78,76.84,0.88,17.51,2.92,4.17,270.3,0
6958bb42a2106ae9c65eefa8,2010-04-18T00:00:00.000Z,2010,4,18,28.6,31.1,26.72,74.23,2.29,19.72,1.8,2.46,12.2,0
6958bb42a2106ae9c65eefa9,2010-04-19T00:00:00.000Z,2010,4,19,28.73,31.43,26.86,73.16,0.66,21.18,2.9,3.77,229.2,0
6958bb42a2106ae9c65eefaa,2010-04-20T00:00:00.000Z,2010,4,20,28.03,30.2,26.37,74.86,0.35,20.92,3.08,3.7,220.1,0
6958bb42a2106ae9c65eefab,2010-04-21T00:00:00.000Z,2010,4,21,28.42,31.33,26.31,75.15,3.42,23.54,2.86,3.62,261.4,0
6958bb42a2106ae9c65eefac,2010-04-22T00:00:00.000Z,2010,4,22,28.63,31.16,26.91,74.24,6.34,22.82,2.11,3.48,322,0
6958bb42a2106ae9c65eefad,2010-04-23T00:00:00.000Z,2010,4,23,28.5,30.75,26.99,75.52,2.77,17.09,2.3,3.55,350.1,0
6958bb42a2106ae9c65eefae,2010-04-24T00:00:00.000Z,2010,4,24,28.54,30.89,26.75,76.96,1.98,17.95,2.71,3.99,32.7,0
6958bb42a2106ae9c65eefaf,2010-04-25T00:00:00.000Z,2010,4,25,28.8,31.08,27.24,76.15,4.66,20.05,2.54,3.29,82.6,0
6958bb42a2106ae9c65eefb0,2010-04-26T00:00:00.000Z,2010,4,26,27.96,29.58,26.91,82.09,13.26,14.88,3.05,4.46,57.8,0
6958bb42a2106ae9c65eefb1,2010-04-27T00:00:00.000Z,2010,4,27,27.03,27.84,26.31,87.84,32.36,11.47,4.32,5.86,1.8,0
6958bb42a2106ae9c65eefb2,2010-04-28T00:00:00.000Z,2010,4,28,27.09,28.58,25.95,78.59,12.6,18.89,1.2,2.43,3.7,0
6958bb42a2106ae9c65eefb3,2010-04-29T00:00:00.000Z,2010,4,29,27.98,29.86,26.66,76.77,7.44,20.04,1.37,1.86,30,0
6958bb42a2106ae9c65eefb4,2010-04-30T00:00:00.000Z,2010,4,30,27.97,29.56,26.63,80.97,8.6,19.1,2.19,3.12,53,0
6958bb42a2106ae9c65eefb5,2010-05-01T00:00:00.000Z,2010,5,1,27.76,29.05,26.55,82.49,6.31,14.66,2.68,3.57,44.7,0
6958bb42a2106ae9c65eefb6,2010-05-02T00:00:00.000Z,2010,5,2,28.42,31.01,26.23,80.23,0.43,23.55,3.69,5.69,63.5,0
6958bb42a2106ae9c65eefb7,2010-05-03T00:00:00.000Z,2010,5,3,28.97,31.14,27.13,75.06,4.74,17.17,1.88,3.22,132,0
6958bb42a2106ae9c65eefb8,2010-05-04T00:00:00.000Z,2010,5,4,28.58,30.72,27.25,76.32,7.87,19.48,2.09,3.02,265.5,0
6958bb42a2106ae9c65eefb9,2010-05-05T00:00:00.000Z,2010,5,5,28,29.08,27.2,78.83,1.45,21.3,1.81,2.65,269.2,0
6958bb42a2106ae9c65eefba,2010-05-06T00:00:00.000Z,2010,5,6,28.08,29.53,27.02,78.48,3.54,17.31,1.94,3.01,318.6,0
6958bb42a2106ae9c65eefbb,2010-05-07T00:00:00.000Z,2010,5,7,28.96,31.32,26.85,74.89,1.19,18.85,1.59,2.18,96.6,0
6958bb42a2106ae9c65eefbc,2010-05-08T00:00:00.000Z,2010,5,8,29.24,31.68,27.79,75.42,3.18,22.34,1.61,2.92,334,0
6958bb42a2106ae9c65eefbd,2010-05-09T00:00:00.000Z,2010,5,9,28.48,30.03,27.13,78.38,4.06,15.65,2.7,3.42,238.8,0
6958bb42a2106ae9c65eefbe,2010-05-10T00:00:00.000Z,2010,5,10,28.6,30.97,26.7,77.47,4.16,15.74,2.7,3.43,290.2,0
6958bb42a2106ae9c65eefbf,2010-05-11T00:00:00.000Z,2010,5,11,29.19,32.22,27.03,71.72,3.14,20.78,1.74,3.55,352,0
6958bb42a2106ae9c65eefc0,2010-05-12T00:00:00.000Z,2010,5,12,28.99,31.49,27.3,74.01,2.8,17.89,2.24,3.33,329.9,0
6958bb42a2106ae9c65eefc1,2010-05-13T00:00:00.000Z,2010,5,13,28.91,31.4,27.04,75.51,1.47,18.6,2.44,3.91,33.2,0
6958bb42a2106ae9c65eefc2,2010-05-14T00:00:00.000Z,2010,5,14,28.24,30.02,27.16,81.07,7.65,17.92,2.56,4.15,346.6,0
6958bb42a2106ae9c65eefc3,2010-05-15T00:00:00.000Z,2010,5,15,27.22,27.92,26.71,87.22,6.36,17.7,3,4.1,281.5,0
6958bb42a2106ae9c65eefc4,2010-05-16T00:00:00.000Z,2010,5,16,28.18,30.92,26.6,76.8,3.92,14.42,4.01,6.14,193.1,0
6958bb42a2106ae9c65eefc5,2010-05-17T00:00:00.000Z,2010,5,17,28.5,30.78,26.4,75.86,2.12,15.39,2.86,4.46,188.1,0
6958bb42a2106ae9c65eefc6,2010-05-18T00:00:00.000Z,2010,5,18,28.42,30.12,27.12,72.01,0.63,11.53,1.05,1.91,334.8,0
6958bb42a2106ae9c65eefc7,2010-05-19T00:00:00.000Z,2010,5,19,28.64,30.98,26.68,70.96,0.9,20.37,2.52,3.59,52.7,0
6958bb42a2106ae9c65eefc8,2010-05-20T00:00:00.000Z,2010,5,20,28.64,30.77,27.01,75.86,3.06,18.92,3.78,4.64,66.9,0
6958bb42a2106ae9c65eefc9,2010-05-21T00:00:00.000Z,2010,5,21,28.26,30.71,26.83,77.31,6.94,13.61,2.89,4.55,215.7,0
6958bb42a2106ae9c65eefca,2010-05-22T00:00:00.000Z,2010,5,22,27.52,29.64,26.09,73.91,2.99,10.54,1.88,3.25,313.5,0
6958bb42a2106ae9c65eefcb,2010-05-23T00:00:00.000Z,2010,5,23,28.27,30.4,26.44,73.68,0.78,21.27,1.38,2.47,317.7,0
6958bb42a2106ae9c65eefcc,2010-05-24T00:00:00.000Z,2010,5,24,28.71,30.85,27.31,74.95,1.23,18.23,1.66,2.86,253.5,0
6958bb42a2106ae9c65eefcd,2010-05-25T00:00:00.000Z,2010,5,25,28.33,30.51,26.7,75.62,0.16,21.57,3.9,4.59,227.5,0
6958bb42a2106ae9c65eefce,2010-05-26T00:00:00.000Z,2010,5,26,28.32,30.98,26.37,74.4,0,21.73,4.34,5.39,222.7,0
6958bb42a2106ae9c65eefcf,2010-05-27T00:00:00.000Z,2010,5,27,28.33,31.14,26.03,74.22,0,20.96,4.31,5.18,229.9,0
6958bb42a2106ae9c65eefd0,2010-05-28T00:00:00.000Z,2010,5,28,28.76,31.98,26.13,69.88,0.04,19.43,3.01,4.41,230.6,0
6958bb42a2106ae9c65eefd1,2010-05-29T00:00:00.000Z,2010,5,29,28.75,31.56,26.77,72.09,0.54,20.86,2.8,3.6,237,0
6958bb42a2106ae9c65eefd2,2010-05-30T00:00:00.000Z,2010,5,30,27.47,28.99,26.47,78.75,3.99,18.41,2.7,3.27,247.4,0
6958bb42a2106ae9c65eefd3,2010-05-31T00:00:00.000Z,2010,5,31,27.46,28.6,26.26,78.03,2.27,20.7,2.96,3.55,262.3,0
6958bb42a2106ae9c65eefd4,2010-06-01T00:00:00.000Z,2010,6,1,27.85,30.05,26.12,76.67,1.6,17.25,4.39,5.34,234.4,0
6958bb42a2106ae9c65eefd5,2010-06-02T00:00:00.000Z,2010,6,2,28.27,30.58,26.46,76.26,0.51,19.49,3.77,5.14,227.6,0
6958bb42a2106ae9c65eefd6,2010-06-03T00:00:00.000Z,2010,6,3,27.87,29.75,26.77,80.03,3.24,19.33,4.23,5.51,242.4,0
6958bb42a2106ae9c65eefd7,2010-06-04T00:00:00.000Z,2010,6,4,27.1,28.38,25.99,84.22,10.33,12.76,6.3,8.8,265.4,0
6958bb42a2106ae9c65eefd8,2010-06-05T00:00:00.000Z,2010,6,5,26.32,27.34,25.66,85.1,39.09,14.08,6.24,7.32,259.2,0
6958bb42a2106ae9c65eefd9,2010-06-06T00:00:00.000Z,2010,6,6,26.52,27.45,25.66,84.25,51.41,8.01,8.87,10.39,248.9,0
6958bb42a2106ae9c65eefda,2010-06-07T00:00:00.000Z,2010,6,7,27.48,29.41,25.93,77.95,6.75,12.83,7.36,8.56,225.5,0
6958bb42a2106ae9c65eefdb,2010-06-08T00:00:00.000Z,2010,6,8,26.94,29.08,25.73,78.94,11.36,12.92,7.35,8.51,216.3,0
6958bb42a2106ae9c65eefdc,2010-06-09T00:00:00.000Z,2010,6,9,27.02,28.78,25.75,80.21,4.59,16.47,7.46,8.3,208.6,0
6958bb42a2106ae9c65eefdd,2010-06-10T00:00:00.000Z,2010,6,10,27.53,30.48,25.39,76.63,3.54,19.12,5.06,6.11,218.7,0
6958bb42a2106ae9c65eefde,2010-06-11T00:00:00.000Z,2010,6,11,28.26,31.04,25.12,68.62,5.31,18.62,2.51,4.63,232.5,0
6958bb42a2106ae9c65eefdf,2010-06-12T00:00:00.000Z,2010,6,12,28.3,30.11,26.81,73.09,5.69,17.32,1.56,2.27,30.3,0
6958bb42a2106ae9c65eefe0,2010-06-13T00:00:00.000Z,2010,6,13,28.45,30.67,26.94,77.44,10.08,22.12,2.62,3.7,71.1,0
6958bb42a2106ae9c65eefe1,2010-06-14T00:00:00.000Z,2010,6,14,26.85,27.66,25.82,86.39,24.56,14.34,3.53,5.7,267.6,0
6958bb42a2106ae9c65eefe2,2010-06-15T00:00:00.000Z,2010,6,15,27.04,28.75,25.46,77.51,3.11,16.95,3.09,3.95,229.7,0
6958bb42a2106ae9c65eefe3,2010-06-16T00:00:00.000Z,2010,6,16,26.63,28.18,25.43,79.58,4.25,17.43,3.05,4.2,259.5,0
6958bb42a2106ae9c65eefe4,2010-06-17T00:00:00.000Z,2010,6,17,26.66,29.28,24.45,64.74,1.21,9.19,3.83,5.53,200.4,0
6958bb42a2106ae9c65eefe5,2010-06-18T00:00:00.000Z,2010,6,18,27.6,30.07,25.12,72.89,0.42,20.91,4.09,5.63,212.6,0
6958bb42a2106ae9c65eefe6,2010-06-19T00:00:00.000Z,2010,6,19,28.05,30.59,25.56,73.92,0.13,22.53,2.29,3.54,228.8,0
6958bb42a2106ae9c65eefe7,2010-06-20T00:00:00.000Z,2010,6,20,27.44,29.29,26.04,80.55,0.94,23.39,2.81,3.96,268.3,0
6958bb42a2106ae9c65eefe8,2010-06-21T00:00:00.000Z,2010,6,21,26.99,28.04,26.13,83.08,2.93,15.1,4.26,5.09,268.6,0
6958bb42a2106ae9c65eefe9,2010-06-22T00:00:00.000Z,2010,6,22,26.27,27.59,25.02,80.72,11.63,13.09,6.46,7.49,229.7,0
6958bb42a2106ae9c65eefea,2010-06-23T00:00:00.000Z,2010,6,23,26.82,28.84,25.03,81.62,5.21,12.9,5.5,6.8,229.2,0
6958bb42a2106ae9c65eefeb,2010-06-24T00:00:00.000Z,2010,6,24,27.27,29.12,25.89,80.5,5.95,18.72,4.24,5.77,237.2,0
6958bb42a2106ae9c65eefec,2010-06-25T00:00:00.000Z,2010,6,25,27.5,29.78,25.7,75.96,1.55,14.62,4.42,5.41,215.6,0
6958bb42a2106ae9c65eefed,2010-06-26T00:00:00.000Z,2010,6,26,27.91,30.68,25.55,76.4,0.21,18.52,4.02,5.3,196.8,0
6958bb42a2106ae9c65eefee,2010-06-27T00:00:00.000Z,2010,6,27,27.37,29.65,25.52,77.98,0.76,16.22,4.91,5.9,203.5,0
6958bb42a2106ae9c65eefef,2010-06-28T00:00:00.000Z,2010,6,28,26.6,28.47,25.18,81.47,2.32,17.02,4.84,5.79,222.8,0
6958bb42a2106ae9c65eeff0,2010-06-29T00:00:00.000Z,2010,6,29,26.77,29.06,25.07,80.97,3.86,16.03,5.42,7.22,232,0
6958bb42a2106ae9c65eeff1,2010-06-30T00:00:00.000Z,2010,6,30,26.34,27.49,25.63,85.88,6.93,12.65,6.34,10.14,248,0
6958bb42a2106ae9c65eeff2,2010-07-01T00:00:00.000Z,2010,7,1,26.4,27.65,25.3,80.7,3.87,14.69,7.16,9.32,248.7,0
6958bb42a2106ae9c65eeff3,2010-07-02T00:00:00.000Z,2010,7,2,26.56,28.53,25.08,78.02,3.3,17.97,4.66,6.05,250.9,0
6958bb42a2106ae9c65eeff4,2010-07-03T00:00:00.000Z,2010,7,3,27.27,29.92,24.75,72.56,0.65,16.31,4.09,6.44,217,0
6958bb42a2106ae9c65eeff5,2010-07-04T00:00:00.000Z,2010,7,4,28.23,30.84,26.12,68.38,0.02,21.54,1.15,2.45,151.8,0
6958bb42a2106ae9c65eeff6,2010-07-05T00:00:00.000Z,2010,7,5,27.49,29.17,26.44,76.74,0.47,20.52,1.55,2.36,65.9,0
6958bb42a2106ae9c65eeff7,2010-07-06T00:00:00.000Z,2010,7,6,27.65,29.07,26.41,75.73,3.04,16.86,1.76,2.66,250.5,0
6958bb42a2106ae9c65eeff8,2010-07-07T00:00:00.000Z,2010,7,7,27.95,30.4,26.07,64.69,2.33,13.11,2.17,3.5,144.7,0
6958bb42a2106ae9c65eeff9,2010-07-08T00:00:00.000Z,2010,7,8,27.93,30.91,25.72,71.38,1.44,22.81,1.33,2.09,317.4,0
6958bb42a2106ae9c65eeffa,2010-07-09T00:00:00.000Z,2010,7,9,27.26,28.55,26.25,77.11,4.68,13.46,2.07,2.45,254.1,0
6958bb42a2106ae9c65eeffb,2010-07-10T00:00:00.000Z,2010,7,10,27.06,28.89,25.73,78.55,2.35,21.27,2.65,3.08,255.8,0
6958bb42a2106ae9c65eeffc,2010-07-11T00:00:00.000Z,2010,7,11,25.96,26.81,25.42,84.72,1.12,9.26,2.65,3.26,293,0
6958bb42a2106ae9c65eeffd,2010-07-12T00:00:00.000Z,2010,7,12,26.22,27.25,25.11,83.46,2.58,19.12,2.27,3.25,314.5,0
6958bb42a2106ae9c65eeffe,2010-07-13T00:00:00.000Z,2010,7,13,26.09,27.14,25.28,85.26,6.27,19.34,3.32,4.37,318,0
6958bb42a2106ae9c65eefff,2010-07-14T00:00:00.000Z,2010,7,14,25.94,27.07,24.92,86.58,7.85,15.23,3.88,4.68,287.3,0
6958bb42a2106ae9c65ef000,2010-07-15T00:00:00.000Z,2010,7,15,26.2,27.2,25.56,86.6,10.82,13.41,6.36,7.66,262.7,0
6958bb42a2106ae9c65ef001,2010-07-16T00:00:00.000Z,2010,7,16,27.08,29.49,25.29,80.4,3.19,17.44,6.31,7.53,227.8,0
6958bb42a2106ae9c65ef002,2010-07-17T00:00:00.000Z,2010,7,17,26.75,28.2,25.73,82.71,2.75,14.56,6.85,9.28,234.2,0
6958bb42a2106ae9c65ef003,2010-07-18T00:00:00.000Z,2010,7,18,26.9,29.02,25.21,75.82,1.45,12.84,5.19,6.21,212.6,0
6958bb42a2106ae9c65ef004,2010-07-19T00:00:00.000Z,2010,7,19,26.5,28.52,24.72,78.1,1.44,13.58,5.1,5.86,205.9,0
6958bb42a2106ae9c65ef005,2010-07-20T00:00:00.000Z,2010,7,20,27.8,31.01,25.39,74.83,0.17,22.84,3.19,4.31,227.3,0
6958bb42a2106ae9c65ef006,2010-07-21T00:00:00.000Z,2010,7,21,27.94,30.31,26.02,71.61,0.15,18.71,2.56,3.29,207.9,0
6958bb42a2106ae9c65ef007,2010-07-22T00:00:00.000Z,2010,7,22,27.58,30.61,25.24,73.91,0.12,19.92,4.59,6.29,191.8,0
6958bb42a2106ae9c65ef008,2010-07-23T00:00:00.000Z,2010,7,23,26.83,29.25,25.3,77.41,0.25,19.3,5.62,7,208.6,0
6958bb42a2106ae9c65ef009,2010-07-24T00:00:00.000Z,2010,7,24,27.17,30.47,24.86,71.38,0.31,16.63,6.55,7.3,207.7,0
6958bb42a2106ae9c65ef00a,2010-07-25T00:00:00.000Z,2010,7,25,25.56,26.98,24.54,78.54,11.51,7.83,6.6,7.96,227.6,0
6958bb42a2106ae9c65ef00b,2010-07-26T00:00:00.000Z,2010,7,26,26.8,29.69,24.54,76.94,3.12,22.03,5.28,6.68,224.7,0
6958bb42a2106ae9c65ef00c,2010-07-27T00:00:00.000Z,2010,7,27,25.94,28.06,24.45,76.68,16.7,12.49,6.54,7.76,211,0
6958bb42a2106ae9c65ef00d,2010-07-28T00:00:00.000Z,2010,7,28,26.45,29.13,24.47,77.1,6.43,17.67,6.86,7.79,211.3,0
6958bb42a2106ae9c65ef00e,2010-07-29T00:00:00.000Z,2010,7,29,26.54,29.15,24.88,79.6,2.72,16.42,6.29,8.56,217.1,0
6958bb42a2106ae9c65ef00f,2010-07-30T00:00:00.000Z,2010,7,30,26.55,28.78,24.66,75.91,4.72,12.82,4.69,5.8,215.4,0
6958bb42a2106ae9c65ef010,2010-07-31T00:00:00.000Z,2010,7,31,27.66,30.76,25.27,68.49,0.24,13.23,3.78,4.78,210.2,0
6958bb42a2106ae9c65ef011,2010-08-01T00:00:00.000Z,2010,8,1,26.84,28.94,25.17,77.87,3.7,22.82,6.5,8.4,209.8,0
6958bb42a2106ae9c65ef012,2010-08-02T00:00:00.000Z,2010,8,2,26.11,27.58,24.91,77.74,1.95,18.67,6.7,8.85,207.1,0
6958bb42a2106ae9c65ef013,2010-08-03T00:00:00.000Z,2010,8,3,26.46,29,24.74,78.77,4.96,12.62,6.96,9.04,202.2,0
6958bb42a2106ae9c65ef014,2010-08-04T00:00:00.000Z,2010,8,4,26.67,28.92,25.28,76.07,0.79,18.19,6.04,7.81,211.7,0
6958bb42a2106ae9c65ef015,2010-08-05T00:00:00.000Z,2010,8,5,27.56,30.77,24.75,71.21,0,20.27,3.82,5.29,218.5,0
6958bb42a2106ae9c65ef016,2010-08-06T00:00:00.000Z,2010,8,6,26.56,28.25,25.13,80.89,0.02,17.97,3.68,5.12,244.1,0
6958bb42a2106ae9c65ef017,2010-08-07T00:00:00.000Z,2010,8,7,26.58,28.65,24.97,79.7,0.02,17.88,5.66,6.5,232.6,0
6958bb42a2106ae9c65ef018,2010-08-08T00:00:00.000Z,2010,8,8,26.93,29.98,24.69,77.23,0.03,22.21,6.31,7.43,219.4,0
6958bb42a2106ae9c65ef019,2010-08-09T00:00:00.000Z,2010,8,9,26.88,28.98,25.4,79.44,1.8,16.54,6.4,7.29,219.4,0
6958bb42a2106ae9c65ef01a,2010-08-10T00:00:00.000Z,2010,8,10,26.57,28.57,25,79.98,2.45,16.53,7.47,9.81,220.5,0
6958bb42a2106ae9c65ef01b,2010-08-11T00:00:00.000Z,2010,8,11,26.99,29.1,25.24,78.45,1.31,16.65,4.96,6.8,205.4,0
6958bb42a2106ae9c65ef01c,2010-08-12T00:00:00.000Z,2010,8,12,27.4,29.71,25.8,77.86,4.69,10.9,3.62,4.79,202.5,0
6958bb42a2106ae9c65ef01d,2010-08-13T00:00:00.000Z,2010,8,13,26.55,27.82,25.56,82.76,1.78,11.72,5.1,6.36,245.6,0
6958bb42a2106ae9c65ef01e,2010-08-14T00:00:00.000Z,2010,8,14,26.41,28.37,25.23,79.83,0.23,16.85,5.61,7.3,239.3,0
6958bb42a2106ae9c65ef01f,2010-08-15T00:00:00.000Z,2010,8,15,26.77,29.13,24.86,76.86,0.15,14.42,4.55,5.36,219.3,0
6958bb42a2106ae9c65ef020,2010-08-16T00:00:00.000Z,2010,8,16,26.94,29.91,24.96,78.37,0.43,20.36,5.19,6.5,239.8,0
6958bb42a2106ae9c65ef021,2010-08-17T00:00:00.000Z,2010,8,17,26.38,28.07,25.04,79.08,0.29,18.87,5.33,6.06,239.3,0
6958bb42a2106ae9c65ef022,2010-08-18T00:00:00.000Z,2010,8,18,26.9,29.79,24.92,74.79,0.56,18.14,5.11,6.24,208.7,0
6958bb42a2106ae9c65ef023,2010-08-19T00:00:00.000Z,2010,8,19,26.71,29.18,24.85,77.42,17.16,17.03,4.25,6.38,178.1,0
6958bb42a2106ae9c65ef024,2010-08-20T00:00:00.000Z,2010,8,20,26.43,28.37,25.18,78.26,7.57,14.26,6.58,8.8,195.6,0
6958bb42a2106ae9c65ef025,2010-08-21T00:00:00.000Z,2010,8,21,26.71,29.03,24.81,75.89,4.03,6.39,3.5,4.6,200,0
6958bb42a2106ae9c65ef026,2010-08-22T00:00:00.000Z,2010,8,22,26.72,28.67,25.14,75.45,1.86,18.07,4.26,6.67,225.8,0
6958bb42a2106ae9c65ef027,2010-08-23T00:00:00.000Z,2010,8,23,27.49,30.52,25.01,75.5,0.5,21.74,5.37,7.85,207.1,0
6958bb42a2106ae9c65ef028,2010-08-24T00:00:00.000Z,2010,8,24,27.97,31.3,25.17,73.65,0.14,19.09,3.91,5.1,187.5,0
6958bb42a2106ae9c65ef029,2010-08-25T00:00:00.000Z,2010,8,25,27.43,30.15,25.74,70.86,0.02,18.34,5.1,6.24,194.6,0
6958bb42a2106ae9c65ef02a,2010-08-26T00:00:00.000Z,2010,8,26,27.85,31.13,25.39,71.52,0.01,25.25,3.37,4.36,224.1,0
6958bb42a2106ae9c65ef02b,2010-08-27T00:00:00.000Z,2010,8,27,27.53,30.5,25.38,73.09,0.04,22.59,3.87,4.56,229.7,0
6958bb42a2106ae9c65ef02c,2010-08-28T00:00:00.000Z,2010,8,28,27.82,31.21,25.25,72.42,0.01,24.15,4.66,5.83,209.7,0
6958bb42a2106ae9c65ef02d,2010-08-29T00:00:00.000Z,2010,8,29,26.76,29.02,24.82,73.58,0.18,21.65,4.61,5.69,195.8,0
6958bb42a2106ae9c65ef02e,2010-08-30T00:00:00.000Z,2010,8,30,27.23,30.68,24.54,67.34,0.5,19.14,2.14,3.23,251.2,0
6958bb42a2106ae9c65ef02f,2010-08-31T00:00:00.000Z,2010,8,31,26.37,28.42,25.07,79.34,11.84,16.88,3.88,5.85,267.9,0
6958bb42a2106ae9c65ef030,2010-09-01T00:00:00.000Z,2010,9,1,27.13,29.81,25.04,76.18,3.59,20.67,4.99,6.35,228,0
6958bb42a2106ae9c65ef031,2010-09-02T00:00:00.000Z,2010,9,2,26.85,29.12,25.44,79.01,12.43,20.44,7.04,8.04,229.9,0
6958bb42a2106ae9c65ef032,2010-09-03T00:00:00.000Z,2010,9,3,26.02,27.52,25.28,81.2,2.64,12.24,8.81,10.98,226.7,0
6958bb42a2106ae9c65ef033,2010-09-04T00:00:00.000Z,2010,9,4,26.62,29,25.11,75.87,1.02,14.66,6.32,7.24,227.4,0
6958bb42a2106ae9c65ef034,2010-09-05T00:00:00.000Z,2010,9,5,27.13,30.17,24.88,75.55,0.21,19.41,4.97,6.38,230,0
6958bb42a2106ae9c65ef035,2010-09-06T00:00:00.000Z,2010,9,6,27.16,29.71,25.16,75.99,0.77,22.54,3.12,3.72,262.6,0
6958bb42a2106ae9c65ef036,2010-09-07T00:00:00.000Z,2010,9,7,27.03,29.31,25.41,78.68,0.72,21.26,2.89,3.88,269.1,0
6958bb42a2106ae9c65ef037,2010-09-08T00:00:00.000Z,2010,9,8,27.14,29.25,25.51,75.46,3.79,19.56,2.83,3.48,236.8,0
6958bb42a2106ae9c65ef038,2010-09-09T00:00:00.000Z,2010,9,9,27.58,30.32,25.42,71.33,1.25,21.13,3.43,3.72,231.9,0
6958bb42a2106ae9c65ef039,2010-09-10T00:00:00.000Z,2010,9,10,27.03,29.54,25.08,72.83,0.64,22.98,3.09,3.97,252.9,0
6958bb42a2106ae9c65ef03a,2010-09-11T00:00:00.000Z,2010,9,11,27.55,30.49,25.26,72.7,1.07,21.16,3.81,5.1,229.1,0
6958bb42a2106ae9c65ef03b,2010-09-12T00:00:00.000Z,2010,9,12,27.81,30.72,25.53,71.22,2.7,20.62,2.48,3.43,231.4,0
6958bb42a2106ae9c65ef03c,2010-09-13T00:00:00.000Z,2010,9,13,27.89,30.86,25.51,72.74,1.14,23.54,2.61,2.96,244.4,0
6958bb42a2106ae9c65ef03d,2010-09-14T00:00:00.000Z,2010,9,14,27.07,29.67,25.21,75.4,2.33,17.89,3.63,4.02,237.6,0
6958bb42a2106ae9c65ef03e,2010-09-15T00:00:00.000Z,2010,9,15,26.7,28.66,24.99,75.22,0.72,13.86,2.51,3.2,258.2,0
6958bb42a2106ae9c65ef03f,2010-09-16T00:00:00.000Z,2010,9,16,27.8,30.88,25.2,67.35,0.9,22.68,2.79,4.26,250.2,0
6958bb42a2106ae9c65ef040,2010-09-17T00:00:00.000Z,2010,9,17,27.04,29.1,25.44,73.62,1.34,21.01,4.83,6.68,221.1,0
6958bb42a2106ae9c65ef041,2010-09-18T00:00:00.000Z,2010,9,18,27.62,30.6,25.14,71.59,1.47,20.49,3.21,4.03,227.8,0
6958bb42a2106ae9c65ef042,2010-09-19T00:00:00.000Z,2010,9,19,27.56,30.77,25.05,72.19,8.39,17.52,2.56,3.98,222.7,0
6958bb42a2106ae9c65ef043,2010-09-20T00:00:00.000Z,2010,9,20,26.48,27.33,25.59,81.39,6.88,16.14,2.33,4.03,248.2,0
6958bb42a2106ae9c65ef044,2010-09-21T00:00:00.000Z,2010,9,21,27.37,29.73,25.45,76.36,4.14,19.1,2.73,3.52,251.9,0
6958bb42a2106ae9c65ef045,2010-09-22T00:00:00.000Z,2010,9,22,26.47,27.5,25.27,82.02,5.1,14.33,4.7,5.57,250.4,0
6958bb42a2106ae9c65ef046,2010-09-23T00:00:00.000Z,2010,9,23,25.96,27.91,24.94,82.94,16.69,14.95,4.38,5.51,236.1,0
6958bb42a2106ae9c65ef047,2010-09-24T00:00:00.000Z,2010,9,24,26.5,28.96,24.58,78.66,5.95,15.65,3.87,4.69,238.1,0
6958bb42a2106ae9c65ef048,2010-09-25T00:00:00.000Z,2010,9,25,26.95,29.93,24.81,76.39,8.38,19.95,2.72,3.66,262.2,0
6958bb42a2106ae9c65ef049,2010-09-26T00:00:00.000Z,2010,9,26,26.66,28.26,25.46,79.38,5.99,18.58,2.5,4.1,236.1,0
6958bb42a2106ae9c65ef04a,2010-09-27T00:00:00.000Z,2010,9,27,27.05,29,25.53,76.45,4.77,10.39,3.6,4.53,202.9,0
6958bb42a2106ae9c65ef04b,2010-09-28T00:00:00.000Z,2010,9,28,26.87,28.71,25.42,76.67,4.96,9.21,2.98,3.96,193,0
6958bb42a2106ae9c65ef04c,2010-09-29T00:00:00.000Z,2010,9,29,26.64,28.4,25.54,80.13,3.57,16.03,3.44,4.25,237.8,0
6958bb42a2106ae9c65ef04d,2010-09-30T00:00:00.000Z,2010,9,30,26.38,27.87,25.42,80.41,1.58,16.94,3.69,4.53,224.2,0
6958bb42a2106ae9c65ef04e,2010-10-01T00:00:00.000Z,2010,10,1,26.62,28.8,25.13,79.5,4.23,20.19,3.96,4.81,227.7,0
6958bb42a2106ae9c65ef04f,2010-10-02T00:00:00.000Z,2010,10,2,26.24,27.66,25.15,81.42,4.64,18.07,5.42,6.13,220.8,0
6958bb42a2106ae9c65ef050,2010-10-03T00:00:00.000Z,2010,10,3,26.59,28.89,24.75,80.97,12.34,15.63,6.9,10.12,209.7,0
6958bb42a2106ae9c65ef051,2010-10-04T00:00:00.000Z,2010,10,4,26.75,28.64,25.12,81.3,12.15,14.48,6.17,7.32,200.6,0
6958bb42a2106ae9c65ef052,2010-10-05T00:00:00.000Z,2010,10,5,26.47,28.18,25.16,82.49,40.76,6.45,6.25,7.72,195.7,0
6958bb42a2106ae9c65ef053,2010-10-06T00:00:00.000Z,2010,10,6,26.57,29.08,24.44,74.26,3.51,19.38,5.22,7.06,201.4,0
6958bb42a2106ae9c65ef054,2010-10-07T00:00:00.000Z,2010,10,7,27.04,29.21,25.25,70.25,0.41,19.1,3.6,5.16,196.5,0
6958bb42a2106ae9c65ef055,2010-10-08T00:00:00.000Z,2010,10,8,27.35,30.42,24.97,73.03,0,20.82,4.22,5.41,203.3,0
6958bb42a2106ae9c65ef056,2010-10-09T00:00:00.000Z,2010,10,9,27.18,30.14,25.11,77.44,0.06,22.3,5.72,7.22,215.2,0
6958bb42a2106ae9c65ef057,2010-10-10T00:00:00.000Z,2010,10,10,26.72,28.99,25.18,79.41,0.14,20.07,5.68,7.26,219.4,0
6958bb42a2106ae9c65ef058,2010-10-11T00:00:00.000Z,2010,10,11,27.27,30.52,25,71.17,0.2,19.38,5.32,6.92,233.9,0
6958bb42a2106ae9c65ef059,2010-10-12T00:00:00.000Z,2010,10,12,26.4,28.79,24.86,77.01,1.97,18.97,6.41,9.38,234.7,0
6958bb42a2106ae9c65ef05a,2010-10-13T00:00:00.000Z,2010,10,13,26.93,28.75,25.34,80.1,3.47,17.35,7.59,9.55,227.1,0
6958bb42a2106ae9c65ef05b,2010-10-14T00:00:00.000Z,2010,10,14,26.59,27.86,25.63,81.71,2.3,17.3,5.51,6.62,217,0
6958bb42a2106ae9c65ef05c,2010-10-15T00:00:00.000Z,2010,10,15,26.62,28.2,25.57,80.84,0.73,19.22,6.04,7.16,231.9,0
6958bb42a2106ae9c65ef05d,2010-10-16T00:00:00.000Z,2010,10,16,27.18,29.84,25.14,77.02,1.19,19.49,5.87,7.4,233.3,0
6958bb42a2106ae9c65ef05e,2010-10-17T00:00:00.000Z,2010,10,17,26.91,29.12,25.24,78.26,0.93,18.78,6.06,7.53,225.7,0
6958bb42a2106ae9c65ef05f,2010-10-18T00:00:00.000Z,2010,10,18,26.88,29.78,24.92,75.94,0.12,18.85,4.95,5.97,216.6,0
6958bb42a2106ae9c65ef060,2010-10-19T00:00:00.000Z,2010,10,19,27.21,30.76,24.56,74.32,0,24.52,4.26,4.96,219.8,0
6958bb42a2106ae9c65ef061,2010-10-20T00:00:00.000Z,2010,10,20,27.48,30.52,25.13,74.85,0,22.19,4.46,5.53,220.5,0
6958bb42a2106ae9c65ef062,2010-10-21T00:00:00.000Z,2010,10,21,27.07,29.62,25.09,76.65,0.01,20.75,4.68,5.21,223.1,0
6958bb42a2106ae9c65ef063,2010-10-22T00:00:00.000Z,2010,10,22,26.93,29.14,25.31,76.27,0,17.23,3.99,5.16,226,0
6958bb42a2106ae9c65ef064,2010-10-23T00:00:00.000Z,2010,10,23,26.94,29.75,24.92,76.82,0,21.43,4.5,5.8,241,0
6958bb42a2106ae9c65ef065,2010-10-24T00:00:00.000Z,2010,10,24,27.25,30.12,25.04,75.1,0.54,21.61,3.75,4.22,248.4,0
6958bb42a2106ae9c65ef066,2010-10-25T00:00:00.000Z,2010,10,25,26.62,28.88,25.11,77.59,1.12,18.85,3.85,5.01,242.2,0
6958bb42a2106ae9c65ef067,2010-10-26T00:00:00.000Z,2010,10,26,26.95,29.52,24.74,72.05,3.32,16.01,3.92,4.46,230.8,0
6958bb42a2106ae9c65ef068,2010-10-27T00:00:00.000Z,2010,10,27,26.6,28.57,24.97,73.23,6.93,13.79,3.66,4.94,214.4,0
6958bb42a2106ae9c65ef069,2010-10-28T00:00:00.000Z,2010,10,28,26.55,29.29,24.86,77.72,3.4,19.9,3.62,4.65,205.8,0
6958bb42a2106ae9c65ef06a,2010-10-29T00:00:00.000Z,2010,10,29,25.83,27.06,24.61,81.29,10.07,9.14,4.45,5.94,226.3,0
6958bb42a2106ae9c65ef06b,2010-10-30T00:00:00.000Z,2010,10,30,26,27.97,24.19,71.2,3.54,14.72,1.57,2.23,329.6,0
6958bb42a2106ae9c65ef06c,2010-10-31T00:00:00.000Z,2010,10,31,26.09,28.14,24.64,80.98,4.97,12.23,3.3,4.38,335.1,0
6958bb42a2106ae9c65ef06d,2010-11-01T00:00:00.000Z,2010,11,1,24.93,25.51,24.51,88.24,37.28,6.74,3.86,5.42,288.4,0
6958bb42a2106ae9c65ef06e,2010-11-02T00:00:00.000Z,2010,11,2,25.29,25.69,24.78,89.9,30.75,5.31,4.85,7.02,305.7,0
6958bb42a2106ae9c65ef06f,2010-11-03T00:00:00.000Z,2010,11,3,26.34,28.1,25.07,82.89,10.48,14.87,7.41,9.61,225.8,0
6958bb42a2106ae9c65ef070,2010-11-04T00:00:00.000Z,2010,11,4,26.77,28.67,25.39,81.59,6.43,7.96,4.95,7.16,189.3,0
6958bb42a2106ae9c65ef071,2010-11-05T00:00:00.000Z,2010,11,5,26.54,28.11,25.43,80.14,5.54,11.33,3.35,4.67,205.4,0
6958bb42a2106ae9c65ef072,2010-11-06T00:00:00.000Z,2010,11,6,26.88,29.48,24.93,73.32,0.74,17.81,2.33,2.97,176,0
6958bb42a2106ae9c65ef073,2010-11-07T00:00:00.000Z,2010,11,7,26.36,28.57,24.16,72.76,0.74,14.47,1.86,3.02,203.8,0
6958bb42a2106ae9c65ef074,2010-11-08T00:00:00.000Z,2010,11,8,26.47,28.98,25.05,75.72,3.8,17.92,1.84,3.2,316.7,0
6958bb42a2106ae9c65ef075,2010-11-09T00:00:00.000Z,2010,11,9,24.99,25.73,24.27,84.04,14.09,10.22,2.3,2.63,305.9,0
6958bb42a2106ae9c65ef076,2010-11-10T00:00:00.000Z,2010,11,10,25.47,26.77,24.21,85.31,17.7,13.8,5.1,7.08,225.3,0
6958bb42a2106ae9c65ef077,2010-11-11T00:00:00.000Z,2010,11,11,25.5,27.02,24.64,85.06,19.61,9.87,7.01,11.65,245.5,0
6958bb42a2106ae9c65ef078,2010-11-12T00:00:00.000Z,2010,11,12,25.54,26.56,24.61,86.44,13.38,10.36,7.17,8.23,250.1,0
6958bb42a2106ae9c65ef079,2010-11-13T00:00:00.000Z,2010,11,13,25.92,28.08,24.49,79.34,1.63,14.43,5.62,7.13,213.7,0
6958bb42a2106ae9c65ef07a,2010-11-14T00:00:00.000Z,2010,11,14,25.99,27.9,24.39,77.47,3.1,13.85,2.42,4.93,185.8,0
6958bb42a2106ae9c65ef07b,2010-11-15T00:00:00.000Z,2010,11,15,25.34,26.76,24.22,77.61,2.98,13.57,1.02,1.77,343.1,0
6958bb42a2106ae9c65ef07c,2010-11-16T00:00:00.000Z,2010,11,16,25.37,26.57,24.55,81.33,1.89,14.38,2.53,3.56,29.9,0
6958bb42a2106ae9c65ef07d,2010-11-17T00:00:00.000Z,2010,11,17,25.86,27.87,24.48,82.84,5.81,13.98,3.33,3.96,87.6,0
6958bb42a2106ae9c65ef07e,2010-11-18T00:00:00.000Z,2010,11,18,25.68,26.99,24.27,87.62,4.54,17.38,3.44,4.45,49.8,0
6958bb42a2106ae9c65ef07f,2010-11-19T00:00:00.000Z,2010,11,19,25.94,27.07,25.04,85.56,11,13.38,3.34,4.67,144.4,0
6958bb42a2106ae9c65ef080,2010-11-20T00:00:00.000Z,2010,11,20,26.05,27.35,24.9,77.73,14.5,11.59,1.67,3.29,143.7,0
6958bb42a2106ae9c65ef081,2010-11-21T00:00:00.000Z,2010,11,21,26.66,28.57,25.34,76.37,22.06,13.87,1.27,2.01,197.8,0
6958bb42a2106ae9c65ef082,2010-11-22T00:00:00.000Z,2010,11,22,26.52,27.85,25.32,77.06,9.25,16.8,1.28,2.03,132.3,0
6958bb42a2106ae9c65ef083,2010-11-23T00:00:00.000Z,2010,11,23,26.3,27.95,25.07,82.43,33.24,15.78,1.11,2.22,296.9,0
6958bb42a2106ae9c65ef084,2010-11-24T00:00:00.000Z,2010,11,24,26.06,27.67,24.84,83.38,5.12,15.67,2.79,3.79,203.7,0
6958bb42a2106ae9c65ef085,2010-11-25T00:00:00.000Z,2010,11,25,26.76,28.7,24.99,74.34,3.42,9.56,1.62,2.84,207.8,0
6958bb42a2106ae9c65ef086,2010-11-26T00:00:00.000Z,2010,11,26,26.43,27.82,25.4,81.15,3.53,16.72,2.1,3.82,34,0
6958bb42a2106ae9c65ef087,2010-11-27T00:00:00.000Z,2010,11,27,26.22,27.94,25.22,84.7,2.99,14.39,3.87,4.65,79.3,0
6958bb42a2106ae9c65ef088,2010-11-28T00:00:00.000Z,2010,11,28,26.15,27.86,24.78,85.54,2.18,11.88,3.97,5.68,62.6,0
6958bb42a2106ae9c65ef089,2010-11-29T00:00:00.000Z,2010,11,29,25.9,26.91,25.27,87.58,16.32,12.9,3.32,4.93,80.3,0
6958bb42a2106ae9c65ef08a,2010-11-30T00:00:00.000Z,2010,11,30,25.87,26.85,24.81,87.14,4.46,12.69,3.64,6.19,84.3,0
6958bb42a2106ae9c65ef08b,2010-12-01T00:00:00.000Z,2010,12,1,26,26.72,25,83.93,7.76,15.28,1.31,1.74,54.5,0
6958bb42a2106ae9c65ef08c,2010-12-02T00:00:00.000Z,2010,12,2,26.2,28.11,24.93,84.08,8.75,11.47,2.96,5.33,125.4,0
6958bb42a2106ae9c65ef08d,2010-12-03T00:00:00.000Z,2010,12,3,25.83,27.37,24.6,85.41,10.12,14.71,3.26,4.35,110.2,0
6958bb42a2106ae9c65ef08e,2010-12-04T00:00:00.000Z,2010,12,4,25.49,26.73,24.52,82.59,10.65,11.15,2.53,3.68,130.5,0
6958bb42a2106ae9c65ef08f,2010-12-05T00:00:00.000Z,2010,12,5,25.88,27.65,24.35,80.42,9.94,16.39,3.83,5.97,199.7,0
6958bb42a2106ae9c65ef090,2010-12-06T00:00:00.000Z,2010,12,6,25.51,27.52,24.07,78.43,3.78,8.62,2.42,3.13,251.8,0
6958bb42a2106ae9c65ef091,2010-12-07T00:00:00.000Z,2010,12,7,25.28,26.98,23.95,80.75,3.05,15.73,1.42,1.89,359.4,0
6958bb42a2106ae9c65ef092,2010-12-08T00:00:00.000Z,2010,12,8,25.76,27.42,24.47,75.89,22.02,13.82,1.44,2.3,273.4,0
6958bb42a2106ae9c65ef093,2010-12-09T00:00:00.000Z,2010,12,9,25.21,26.63,24.09,83.49,9.41,11.34,3.37,4.71,250.2,0
6958bb42a2106ae9c65ef094,2010-12-10T00:00:00.000Z,2010,12,10,25.43,27.01,24.28,82.63,10.97,19.36,4.09,6.56,255.4,0
6958bb42a2106ae9c65ef095,2010-12-11T00:00:00.000Z,2010,12,11,25.16,26.49,24.25,85.43,12.77,13.15,5.61,6.49,245.5,0
6958bb42a2106ae9c65ef096,2010-12-12T00:00:00.000Z,2010,12,12,24.99,26.28,23.97,84.97,12.73,12.49,5.87,7.02,234,0
6958bb42a2106ae9c65ef097,2010-12-13T00:00:00.000Z,2010,12,13,25.51,27.75,23.75,78.04,6.15,14,4.37,5.14,227.9,0
6958bb42a2106ae9c65ef098,2010-12-14T00:00:00.000Z,2010,12,14,26.14,28.74,23.78,73.22,0.34,14.48,2.28,3.53,244.6,0
6958bb42a2106ae9c65ef099,2010-12-15T00:00:00.000Z,2010,12,15,25.77,27.07,24.81,79.68,3,19.19,1.8,2.4,319,0
6958bb42a2106ae9c65ef09a,2010-12-16T00:00:00.000Z,2010,12,16,25.58,26.72,24.63,80.5,3.36,14.04,1.64,2.12,340,0
6958bb42a2106ae9c65ef09b,2010-12-17T00:00:00.000Z,2010,12,17,25.67,27.23,24.12,79.87,2.13,16.63,1.9,4.36,34,0
6958bb42a2106ae9c65ef09c,2010-12-18T00:00:00.000Z,2010,12,18,25.9,28.93,23.69,72.66,5.49,15.72,2.49,3.55,96.3,0
6958bb42a2106ae9c65ef09d,2010-12-19T00:00:00.000Z,2010,12,19,25.54,27.06,24.61,81.72,33.4,12.79,3.01,4.2,108.6,0
6958bb42a2106ae9c65ef09e,2010-12-20T00:00:00.000Z,2010,12,20,24.92,26.56,23.93,83.35,31.41,10.46,1.56,3.02,56.8,0
6958bb42a2106ae9c65ef09f,2010-12-21T00:00:00.000Z,2010,12,21,25.09,26.41,23.82,82.94,3.35,16.33,1.79,2.81,36.2,0
6958bb42a2106ae9c65ef0a0,2010-12-22T00:00:00.000Z,2010,12,22,25.27,26.62,24.34,87.32,8.22,14.11,3.65,5.08,53.7,0
6958bb42a2106ae9c65ef0a1,2010-12-23T00:00:00.000Z,2010,12,23,25.75,27.48,24.37,80.95,8.28,15.34,1.33,2.34,66.6,0
6958bb42a2106ae9c65ef0a2,2010-12-24T00:00:00.000Z,2010,12,24,25.97,27.92,24.66,80.05,16.8,17.77,1.9,3.36,51.8,0
6958bb42a2106ae9c65ef0a3,2010-12-25T00:00:00.000Z,2010,12,25,25.1,25.85,24.13,82.55,4.34,16.88,2.15,3.29,57.7,0
6958bb42a2106ae9c65ef0a4,2010-12-26T00:00:00.000Z,2010,12,26,25.86,27.33,24.58,80.12,0.93,18.1,2.81,4.53,71.3,0
6958bb42a2106ae9c65ef0a5,2010-12-27T00:00:00.000Z,2010,12,27,25.99,28.12,24.33,79.15,0.93,16.17,3.84,5.14,102.8,0
6958bb42a2106ae9c65ef0a6,2010-12-28T00:00:00.000Z,2010,12,28,25.37,26.3,24.42,83.69,0.27,15.26,3.28,4.46,83,0
6958bb42a2106ae9c65ef0a7,2010-12-29T00:00:00.000Z,2010,12,29,25.24,26.13,24.54,86.69,1.63,9.89,4.45,4.77,84.8,0
6958bb42a2106ae9c65ef0a8,2010-12-30T00:00:00.000Z,2010,12,30,24.93,26.13,24.21,87.91,0.62,12.74,4.34,4.93,77.6,0
6958bb42a2106ae9c65ef0a9,2010-12-31T00:00:00.000Z,2010,12,31,25.42,27.19,23.94,85.32,3.24,15.13,3.65,4.37,78.1,0
6958bb42a2106ae9c65ef0aa,2011-01-01T00:00:00.000Z,2011,1,1,26.02,27.78,24.53,81.96,10.95,16.19,2.57,3.22,104.2,0
6958bb42a2106ae9c65ef0ab,2011-01-02T00:00:00.000Z,2011,1,2,25.93,27.13,24.92,84.82,6.97,17.61,2.39,3.05,97,0
6958bb42a2106ae9c65ef0ac,2011-01-03T00:00:00.000Z,2011,1,3,26.1,27.31,25.12,80.89,4.85,14.8,3.02,3.65,129.4,0
6958bb42a2106ae9c65ef0ad,2011-01-04T00:00:00.000Z,2011,1,4,25.73,27.37,24.57,80.59,9.94,14.78,2.13,3.58,141.8,0
6958bb42a2106ae9c65ef0ae,2011-01-05T00:00:00.000Z,2011,1,5,25.6,27.33,24.63,84,5.05,14.77,1.65,2.48,122.5,0
6958bb42a2106ae9c65ef0af,2011-01-06T00:00:00.000Z,2011,1,6,25.19,26.19,24.11,82.97,9.82,15.2,2.7,4.34,119.5,0
6958bb42a2106ae9c65ef0b0,2011-01-07T00:00:00.000Z,2011,1,7,25.42,26.94,24.08,76.3,4.24,9.21,2.15,3.35,118,0
6958bb42a2106ae9c65ef0b1,2011-01-08T00:00:00.000Z,2011,1,8,25.02,26.5,23.5,86.89,7.68,10.46,3.46,4.39,76.2,0
6958bb42a2106ae9c65ef0b2,2011-01-09T00:00:00.000Z,2011,1,9,25.55,26.93,24.45,78.63,4.37,15.82,1.9,3.09,83.6,0
6958bb42a2106ae9c65ef0b3,2011-01-10T00:00:00.000Z,2011,1,10,25.07,26.58,24.03,82.95,11.62,11.92,2.36,3.71,284.6,0
6958bb42a2106ae9c65ef0b4,2011-01-11T00:00:00.000Z,2011,1,11,25.26,27.27,23.92,78.75,0.14,17.74,2.33,3.31,264.4,0
6958bb42a2106ae9c65ef0b5,2011-01-12T00:00:00.000Z,2011,1,12,25.54,27.09,23.8,80.93,0,21.19,2.61,3.41,259.7,0
6958bb42a2106ae9c65ef0b6,2011-01-13T00:00:00.000Z,2011,1,13,26.16,27.84,24.6,78.64,0,18.82,2,2.96,279.1,0
6958bb42a2106ae9c65ef0b7,2011-01-14T00:00:00.000Z,2011,1,14,26.44,28.73,24.58,76.38,0,18.38,1.61,2.7,299.6,0
6958bb42a2106ae9c65ef0b8,2011-01-15T00:00:00.000Z,2011,1,15,26.17,27.7,25.09,80.23,0,17.81,1.99,3.02,16.7,0
6958bb42a2106ae9c65ef0b9,2011-01-16T00:00:00.000Z,2011,1,16,25.74,27.28,24.51,83.49,4.81,15.41,3.51,4.25,58.9,0
6958bb42a2106ae9c65ef0ba,2011-01-17T00:00:00.000Z,2011,1,17,26.18,28.1,24.66,79.67,0.66,18.34,4.61,5.25,48.5,0
6958bb42a2106ae9c65ef0bb,2011-01-18T00:00:00.000Z,2011,1,18,25.49,27.73,23.36,78.14,0.13,22.33,4.66,5.78,44.5,0
6958bb42a2106ae9c65ef0bc,2011-01-19T00:00:00.000Z,2011,1,19,25.28,27.94,22.37,80.8,0.09,22.83,4.34,5.85,62.9,0
6958bb42a2106ae9c65ef0bd,2011-01-20T00:00:00.000Z,2011,1,20,26.02,28.18,24.02,77.13,1.15,21.67,5.03,5.95,48.2,0
6958bb42a2106ae9c65ef0be,2011-01-21T00:00:00.000Z,2011,1,21,26.01,28.19,24.19,73.3,0.03,19.2,4.9,6.25,45.6,0
6958bb42a2106ae9c65ef0bf,2011-01-22T00:00:00.000Z,2011,1,22,26.12,28.26,24.04,73.73,0.01,18.94,4.44,5.73,56.5,0
6958bb42a2106ae9c65ef0c0,2011-01-23T00:00:00.000Z,2011,1,23,26.33,28.49,24.37,79.05,4.34,18.19,4.02,4.64,60.8,0
6958bb42a2106ae9c65ef0c1,2011-01-24T00:00:00.000Z,2011,1,24,26.53,28.87,24.9,76.18,2.14,17.48,2.15,3.11,83.3,0
6958bb42a2106ae9c65ef0c2,2011-01-25T00:00:00.000Z,2011,1,25,25.83,27.44,24.64,84.66,6.87,17.77,5.35,7.08,82.8,0
6958bb42a2106ae9c65ef0c3,2011-01-26T00:00:00.000Z,2011,1,26,26,27.6,24.86,83.06,12.65,15.87,5.86,7.82,79.6,0
6958bb42a2106ae9c65ef0c4,2011-01-27T00:00:00.000Z,2011,1,27,25.6,26.55,24.92,89.37,27.62,7.96,5.25,6.39,70.5,0
6958bb42a2106ae9c65ef0c5,2011-01-28T00:00:00.000Z,2011,1,28,25.56,26.32,24.92,90.06,24.66,9.44,5.58,6.77,55.2,0
6958bb42a2106ae9c65ef0c6,2011-01-29T00:00:00.000Z,2011,1,29,25.46,26.71,24.51,87.61,18.02,10.67,6.14,7.79,75.2,0
6958bb42a2106ae9c65ef0c7,2011-01-30T00:00:00.000Z,2011,1,30,25.23,26.43,24.34,86.79,3.89,16.1,3.97,5.33,86.7,0
6958bb42a2106ae9c65ef0c8,2011-01-31T00:00:00.000Z,2011,1,31,26.28,28.15,24.83,83.54,4.34,18.16,6.21,7.35,77.2,0
6958bb42a2106ae9c65ef0c9,2011-02-01T00:00:00.000Z,2011,2,1,26.23,27.78,25.05,83.56,10.84,10.69,4.73,6.57,82.5,0
6958bb42a2106ae9c65ef0ca,2011-02-02T00:00:00.000Z,2011,2,2,25.88,27.15,24.92,83.39,16.41,13.54,4.48,6.19,71.4,0
6958bb42a2106ae9c65ef0cb,2011-02-03T00:00:00.000Z,2011,2,3,25.85,27.09,24.55,82.05,2.39,20.02,2.93,4.97,81.8,0
6958bb42a2106ae9c65ef0cc,2011-02-04T00:00:00.000Z,2011,2,4,26.05,27.5,25.05,79.64,3.29,17.83,2.04,3.35,53.4,0
6958bb42a2106ae9c65ef0cd,2011-02-05T00:00:00.000Z,2011,2,5,26.38,28.34,24.72,79.8,0.51,21.74,2.95,3.62,80.3,0
6958bb42a2106ae9c65ef0ce,2011-02-06T00:00:00.000Z,2011,2,6,26.58,28.44,25.16,80.27,0.88,18,2.7,3.89,55.7,0
6958bb42a2106ae9c65ef0cf,2011-02-07T00:00:00.000Z,2011,2,7,26.61,28.47,25.32,78.16,1.29,20.2,1.97,2.68,16.9,0
6958bb42a2106ae9c65ef0d0,2011-02-08T00:00:00.000Z,2011,2,8,26.54,28.73,24.86,75.81,0.29,21.84,1.84,3.34,335.1,0
6958bb42a2106ae9c65ef0d1,2011-02-09T00:00:00.000Z,2011,2,9,26.76,29.39,25.07,72.82,0.03,21.83,1.77,3.41,337.1,0
6958bb42a2106ae9c65ef0d2,2011-02-10T00:00:00.000Z,2011,2,10,26.32,28.06,25.01,78.85,0.16,21.55,2.12,3.65,6.1,0
6958bb42a2106ae9c65ef0d3,2011-02-11T00:00:00.000Z,2011,2,11,26.77,28.88,25.21,77.22,9.63,20.21,1.49,2.86,27.9,0
6958bb42a2106ae9c65ef0d4,2011-02-12T00:00:00.000Z,2011,2,12,27.5,29.89,25.81,71.18,5.62,18.27,1.02,1.55,265.9,0
6958bb42a2106ae9c65ef0d5,2011-02-13T00:00:00.000Z,2011,2,13,26.87,28.91,25.56,78.99,5.55,19.83,2.7,4.64,35.3,0
6958bb42a2106ae9c65ef0d6,2011-02-14T00:00:00.000Z,2011,2,14,26.98,29.03,25.41,76.18,3.78,15.12,2.13,3.69,90.2,0
6958bb42a2106ae9c65ef0d7,2011-02-15T00:00:00.000Z,2011,2,15,26.57,28.41,25.6,80.67,4.5,17.08,2.13,3.63,11,0
6958bb42a2106ae9c65ef0d8,2011-02-16T00:00:00.000Z,2011,2,16,26.52,28.1,25.25,84.03,1.4,14.15,3.34,5.02,62.1,0
6958bb42a2106ae9c65ef0d9,2011-02-17T00:00:00.000Z,2011,2,17,26.8,28.42,25.47,82.58,0.82,21.45,2.76,3.83,76.4,0
6958bb42a2106ae9c65ef0da,2011-02-18T00:00:00.000Z,2011,2,18,26.81,28.65,25.73,82.06,4.39,19.9,2.18,3.53,42.2,0
6958bb42a2106ae9c65ef0db,2011-02-19T00:00:00.000Z,2011,2,19,26.93,29.33,25.21,77.57,1.73,19.9,2.15,2.85,41.1,0
6958bb42a2106ae9c65ef0dc,2011-02-20T00:00:00.000Z,2011,2,20,26.26,27.62,25.14,81.47,0.51,20.86,2.62,3.49,48.1,0
6958bb42a2106ae9c65ef0dd,2011-02-21T00:00:00.000Z,2011,2,21,26.57,28.42,25.29,81.25,4.08,21.22,3.39,5.31,58.6,0
6958bb42a2106ae9c65ef0de,2011-02-22T00:00:00.000Z,2011,2,22,26.32,28.29,24.7,77.26,0.99,19.72,4.26,5.66,72.2,0
6958bb42a2106ae9c65ef0df,2011-02-23T00:00:00.000Z,2011,2,23,26.25,28.03,24.8,80.22,1.54,20.92,3.08,3.83,52.1,0
6958bb42a2106ae9c65ef0e0,2011-02-24T00:00:00.000Z,2011,2,24,26.57,28.22,25.48,76.37,2.47,16.4,1.24,2.68,145.8,0
6958bb42a2106ae9c65ef0e1,2011-02-25T00:00:00.000Z,2011,2,25,26.99,29.73,24.83,71.46,1.8,18.45,2.12,3.48,182.3,0
6958bb42a2106ae9c65ef0e2,2011-02-26T00:00:00.000Z,2011,2,26,27.14,29.92,24.95,71.71,1.11,20.67,1.88,2.8,170.6,0
6958bb42a2106ae9c65ef0e3,2011-02-27T00:00:00.000Z,2011,2,27,27.07,29.23,25.56,72.9,1.92,19.15,1,1.88,228.8,0
6958bb42a2106ae9c65ef0e4,2011-02-28T00:00:00.000Z,2011,2,28,26.66,28.47,25.16,74.05,0.16,17.97,1.51,1.84,58.1,0
6958bb42a2106ae9c65ef0e5,2011-03-01T00:00:00.000Z,2011,3,1,27.06,28.71,25.91,73.34,0.49,23.1,1.47,2.48,272.6,0
6958bb42a2106ae9c65ef0e6,2011-03-02T00:00:00.000Z,2011,3,2,26.73,28.01,25.76,78.71,0.17,22.2,1.98,2.78,326.2,0
6958bb42a2106ae9c65ef0e7,2011-03-03T00:00:00.000Z,2011,3,3,26.94,29.17,25.3,76.98,0.07,20.48,2.6,3.68,1.5,0
6958bb42a2106ae9c65ef0e8,2011-03-04T00:00:00.000Z,2011,3,4,26.66,28.76,25.25,77.8,0.02,21.84,2.12,3.07,356.1,0
6958bb42a2106ae9c65ef0e9,2011-03-05T00:00:00.000Z,2011,3,5,27.12,29.88,25.31,72.74,0.14,23.8,1.7,3,332.7,0
6958bb42a2106ae9c65ef0ea,2011-03-06T00:00:00.000Z,2011,3,6,27.23,29.72,25.62,75.22,0.26,18.16,1.68,2.64,357.6,0
6958bb42a2106ae9c65ef0eb,2011-03-07T00:00:00.000Z,2011,3,7,27.18,29.74,25.78,76.08,10.15,19.51,1.68,2.74,311.3,0
6958bb42a2106ae9c65ef0ec,2011-03-08T00:00:00.000Z,2011,3,8,25.56,26.52,24.78,83.19,9.75,9.63,2.33,3.26,299,0
6958bb42a2106ae9c65ef0ed,2011-03-09T00:00:00.000Z,2011,3,9,25.97,28.17,24.38,80.39,26.8,16.25,2.17,3.23,19,0
6958bb42a2106ae9c65ef0ee,2011-03-10T00:00:00.000Z,2011,3,10,26.65,28.65,25.07,78.47,39.89,18.56,1.88,2.53,126.9,0
6958bb42a2106ae9c65ef0ef,2011-03-11T00:00:00.000Z,2011,3,11,26.24,27.21,25.18,77.64,35.32,17.01,2.24,3.16,171.8,0
6958bb42a2106ae9c65ef0f0,2011-03-12T00:00:00.000Z,2011,3,12,26.09,27.24,25.07,77.07,6.71,22.03,1.48,2.26,139.7,0
6958bb42a2106ae9c65ef0f1,2011-03-13T00:00:00.000Z,2011,3,13,26.58,28.93,24.84,78.82,0.92,21.38,1.91,2.75,92.8,0
6958bb42a2106ae9c65ef0f2,2011-03-14T00:00:00.000Z,2011,3,14,27.77,30.48,25.67,74.99,1.9,20.71,1.44,2.45,121.8,0
6958bb42a2106ae9c65ef0f3,2011-03-15T00:00:00.000Z,2011,3,15,27.39,28.98,26.1,76.54,1.13,21.71,1.08,1.99,57.4,0
6958bb42a2106ae9c65ef0f4,2011-03-16T00:00:00.000Z,2011,3,16,27.94,30.36,25.9,71.12,0.83,21.89,1.27,1.79,172.3,0
6958bb42a2106ae9c65ef0f5,2011-03-17T00:00:00.000Z,2011,3,17,28.02,30.81,25.79,72.03,8.91,22,1.06,1.66,87.3,0
6958bb42a2106ae9c65ef0f6,2011-03-18T00:00:00.000Z,2011,3,18,27.12,29.21,25.68,80.98,2.2,23.87,2.94,4.26,51.1,0
6958bb42a2106ae9c65ef0f7,2011-03-19T00:00:00.000Z,2011,3,19,26.83,28.41,25.54,83.32,0.52,21.45,2.89,4.73,72.1,0
6958bb42a2106ae9c65ef0f8,2011-03-20T00:00:00.000Z,2011,3,20,26.87,28.78,25.53,81.15,1,19.13,2.54,3.53,58.6,0
6958bb42a2106ae9c65ef0f9,2011-03-21T00:00:00.000Z,2011,3,21,26.09,27.99,24.68,80.38,2.77,12.69,2.14,3.61,1.6,0
6958bb42a2106ae9c65ef0fa,2011-03-22T00:00:00.000Z,2011,3,22,25.27,26.24,24.55,81.02,3.25,9.91,1.84,2.9,17.4,0
6958bb42a2106ae9c65ef0fb,2011-03-23T00:00:00.000Z,2011,3,23,25.55,26.83,24.31,83.15,12.06,15.75,2.37,3.56,355.3,0
6958bb42a2106ae9c65ef0fc,2011-03-24T00:00:00.000Z,2011,3,24,25.84,27.87,24.67,79.96,17.83,19.88,2.77,4.4,314,0
6958bb42a2106ae9c65ef0fd,2011-03-25T00:00:00.000Z,2011,3,25,25.52,26.94,24.15,84.46,20.73,14.2,5.37,8.05,249,0
6958bb42a2106ae9c65ef0fe,2011-03-26T00:00:00.000Z,2011,3,26,26.1,27.02,25.2,86.09,39.33,11.09,7.61,8.94,241.1,0
6958bb42a2106ae9c65ef0ff,2011-03-27T00:00:00.000Z,2011,3,27,26.34,27.57,25.13,84.02,35.59,14.52,8.63,10.26,236.4,0
6958bb42a2106ae9c65ef100,2011-03-28T00:00:00.000Z,2011,3,28,26.24,27.93,25.38,85.38,19.6,15.57,7.28,8.92,259.5,0
6958bb42a2106ae9c65ef101,2011-03-29T00:00:00.000Z,2011,3,29,25.88,27.15,24.93,84.28,12.03,12.43,6.41,8.29,249.8,0
6958bb42a2106ae9c65ef102,2011-03-30T00:00:00.000Z,2011,3,30,25.69,27.64,24.52,80.87,3.97,19.64,6.95,8.71,238,0
6958bb42a2106ae9c65ef103,2011-03-31T00:00:00.000Z,2011,3,31,25.38,27.06,24.05,77.79,3.43,13.96,6.17,7.61,230.7,0
6958bb42a2106ae9c65ef104,2011-04-01T00:00:00.000Z,2011,4,1,25.35,26.48,24.26,88.4,1.84,15.99,6.21,8.62,252.9,0
6958bb42a2106ae9c65ef105,2011-04-02T00:00:00.000Z,2011,4,2,25.64,27.62,23.62,79.96,1.33,20,3.6,4.52,249.6,0
6958bb42a2106ae9c65ef106,2011-04-03T00:00:00.000Z,2011,4,3,26.7,29.19,24.88,78.16,0.33,23.33,3.76,4.36,235.2,0
6958bb42a2106ae9c65ef107,2011-04-04T00:00:00.000Z,2011,4,4,26.63,28.46,24.77,78.77,0.51,23.71,2.53,3.5,241.9,0
6958bb42a2106ae9c65ef108,2011-04-05T00:00:00.000Z,2011,4,5,27.28,29.29,25.61,76.75,0.17,23.81,2.05,2.63,225.1,0
6958bb42a2106ae9c65ef109,2011-04-06T00:00:00.000Z,2011,4,6,26.93,29.22,25.55,77.5,0.05,23.22,2.06,3.06,317.7,0
6958bb42a2106ae9c65ef10a,2011-04-07T00:00:00.000Z,2011,4,7,26.83,29.85,24.23,70.94,0.74,16.47,2.37,3.55,33.8,0
6958bb42a2106ae9c65ef10b,2011-04-08T00:00:00.000Z,2011,4,8,26.65,28.93,25.08,79.11,0.4,17.54,2.24,3.3,26.1,0
6958bb42a2106ae9c65ef10c,2011-04-09T00:00:00.000Z,2011,4,9,27.14,29.62,25.16,77.54,0.42,23.39,2.87,3.7,68.2,0
6958bb42a2106ae9c65ef10d,2011-04-10T00:00:00.000Z,2011,4,10,27.09,29.12,25.97,77.26,0.94,19.33,2.61,3.6,75.2,0
6958bb42a2106ae9c65ef10e,2011-04-11T00:00:00.000Z,2011,4,11,27.18,28.73,25.81,74.31,14.61,19.75,0.97,1.89,113.5,0
6958bb42a2106ae9c65ef10f,2011-04-12T00:00:00.000Z,2011,4,12,27.02,28.59,26,77.09,11.58,21.14,0.87,1.43,359.2,0
6958bb42a2106ae9c65ef110,2011-04-13T00:00:00.000Z,2011,4,13,26.32,27,25.43,80.39,19.86,20.2,1.73,2.75,285.6,0
6958bb42a2106ae9c65ef111,2011-04-14T00:00:00.000Z,2011,4,14,26.69,28.76,25.34,78.29,8.4,22.43,1.72,2.45,359.7,0
6958bb42a2106ae9c65ef112,2011-04-15T00:00:00.000Z,2011,4,15,26.93,28.31,25.76,78.66,5.34,21.14,1.39,1.9,25.9,0
6958bb42a2106ae9c65ef113,2011-04-16T00:00:00.000Z,2011,4,16,27.41,29.44,25.78,75.56,5.85,19.63,2.25,3.56,183.4,0
6958bb42a2106ae9c65ef114,2011-04-17T00:00:00.000Z,2011,4,17,27.12,29.49,25.2,76.87,15.48,16.91,3.22,4.89,193.4,0
6958bb42a2106ae9c65ef115,2011-04-18T00:00:00.000Z,2011,4,18,27.01,29.67,24.94,78.14,2.48,21.6,4.33,5.21,206,0
6958bb42a2106ae9c65ef116,2011-04-19T00:00:00.000Z,2011,4,19,27.24,29.46,25.39,78.86,1.57,22,3.53,5.12,236.8,0
6958bb42a2106ae9c65ef117,2011-04-20T00:00:00.000Z,2011,4,20,26.83,28.28,26.05,79.94,4.42,18.77,1.55,3.1,311.9,0
6958bb42a2106ae9c65ef118,2011-04-21T00:00:00.000Z,2011,4,21,26.98,28.38,26.03,80.1,3.9,21.5,1.97,2.93,276.8,0
6958bb42a2106ae9c65ef119,2011-04-22T00:00:00.000Z,2011,4,22,27.11,28.8,25.95,81.96,2.32,22.24,2.21,3.89,0.3,0
6958bb42a2106ae9c65ef11a,2011-04-23T00:00:00.000Z,2011,4,23,26.87,28.02,25.98,81.41,2.8,17.95,1.96,2.97,267.9,0
6958bb42a2106ae9c65ef11b,2011-04-24T00:00:00.000Z,2011,4,24,27.14,29.23,25.77,79.29,2.78,17.24,2.05,3.27,297.8,0
6958bb42a2106ae9c65ef11c,2011-04-25T00:00:00.000Z,2011,4,25,26.86,28.21,26.08,80.93,4.34,19.43,1.32,2.04,317.8,0
6958bb42a2106ae9c65ef11d,2011-04-26T00:00:00.000Z,2011,4,26,26.88,28.52,25.83,81.13,4.54,19.3,2.28,3.32,269.2,0
6958bb42a2106ae9c65ef11e,2011-04-27T00:00:00.000Z,2011,4,27,27.13,29.09,25.94,81.87,6.9,13.66,2.88,4.23,264.1,0
6958bb42a2106ae9c65ef11f,2011-04-28T00:00:00.000Z,2011,4,28,26.98,28.75,25.62,81.77,11.01,18.36,3.37,3.74,255.8,0
6958bb42a2106ae9c65ef120,2011-04-29T00:00:00.000Z,2011,4,29,26.08,26.62,25.35,86.92,7.56,11.91,5.62,8.54,292.6,0
6958bb42a2106ae9c65ef121,2011-04-30T00:00:00.000Z,2011,4,30,26.41,28.69,24.83,78.76,1.16,16.84,5.44,7.31,218.6,0
6958bb42a2106ae9c65ef122,2011-05-01T00:00:00.000Z,2011,5,1,26.73,28.82,24.87,78.41,0.21,19.45,4.24,6.42,218.9,0
6958bb42a2106ae9c65ef123,2011-05-02T00:00:00.000Z,2011,5,2,27.08,28.9,25.53,79.29,0.14,20.96,4.06,5.74,232.2,0
6958bb42a2106ae9c65ef124,2011-05-03T00:00:00.000Z,2011,5,3,27.58,29.84,25.95,78.35,0.08,24.41,4.06,4.8,237.7,0
6958bb42a2106ae9c65ef125,2011-05-04T00:00:00.000Z,2011,5,4,27.74,30.11,26.01,77.43,0.13,18.95,4.41,5.4,230,0
6958bb42a2106ae9c65ef126,2011-05-05T00:00:00.000Z,2011,5,5,27.49,29.55,25.86,80.52,1.63,21.11,6.02,8.08,222.4,0
6958bb42a2106ae9c65ef127,2011-05-06T00:00:00.000Z,2011,5,6,27.71,29.52,26.18,79.67,5.89,15.01,7.53,9.59,227.2,0
6958bb42a2106ae9c65ef128,2011-05-07T00:00:00.000Z,2011,5,7,27.49,28.94,26.5,83.37,4.86,12.81,7.97,9.71,230.5,0
6958bb42a2106ae9c65ef129,2011-05-08T00:00:00.000Z,2011,5,8,27.44,29.35,26.2,81.91,3.23,14.38,6.84,7.83,224,0
6958bb42a2106ae9c65ef12a,2011-05-09T00:00:00.000Z,2011,5,9,26.97,28.62,26.05,84.83,8.49,14.34,6.01,7.88,227.8,0
6958bb42a2106ae9c65ef12b,2011-05-10T00:00:00.000Z,2011,5,10,27.32,29.19,25.84,79.39,6.32,9.72,5.23,7.03,220.6,0
6958bb42a2106ae9c65ef12c,2011-05-11T00:00:00.000Z,2011,5,11,27.06,29.17,25.14,81.57,2.12,19.97,4.06,4.9,245,0
6958bb42a2106ae9c65ef12d,2011-05-12T00:00:00.000Z,2011,5,12,26.98,28.79,25.85,81.72,1.22,19.81,4.27,5.05,253.3,0
6958bb42a2106ae9c65ef12e,2011-05-13T00:00:00.000Z,2011,5,13,27.28,29.48,25.54,79.85,2.53,24.01,3.35,3.88,271.4,0
6958bb42a2106ae9c65ef12f,2011-05-14T00:00:00.000Z,2011,5,14,27.48,29.81,25.65,78.69,2.06,22.76,3.42,3.99,263.7,0
6958bb42a2106ae9c65ef130,2011-05-15T00:00:00.000Z,2011,5,15,27.64,30.4,25.59,77.2,1.84,21.45,2.59,3.31,290.3,0
6958bb42a2106ae9c65ef131,2011-05-16T00:00:00.000Z,2011,5,16,27.51,29.5,26.11,77.08,1.78,17.49,2.6,3.55,4.1,0
6958bb42a2106ae9c65ef132,2011-05-17T00:00:00.000Z,2011,5,17,26.92,27.65,26.09,79.5,1.25,16.63,1.98,3.46,346.4,0
6958bb42a2106ae9c65ef133,2011-05-18T00:00:00.000Z,2011,5,18,27.34,29.74,25.66,71.37,4.08,16.96,2.3,3.23,238.2,0
6958bb42a2106ae9c65ef134,2011-05-19T00:00:00.000Z,2011,5,19,27.07,29.03,25.93,74.98,1.86,19.64,1.76,2.3,270.4,0
6958bb42a2106ae9c65ef135,2011-05-20T00:00:00.000Z,2011,5,20,27.45,29.54,25.69,77.5,2.26,22.89,2.42,3.79,240.5,0
6958bb42a2106ae9c65ef136,2011-05-21T00:00:00.000Z,2011,5,21,27.04,28.46,25.75,81.75,1.79,18.68,2.91,3.7,251.3,0
6958bb42a2106ae9c65ef137,2011-05-22T00:00:00.000Z,2011,5,22,27.14,28.36,26.21,81.88,1.12,15.38,2.86,4.05,296.2,0
6958bb42a2106ae9c65ef138,2011-05-23T00:00:00.000Z,2011,5,23,27.56,29.23,26.22,77.24,0.14,20.4,2.13,3.04,293.7,0
6958bb42a2106ae9c65ef139,2011-05-24T00:00:00.000Z,2011,5,24,26.98,28.34,25.84,80.17,0.23,18.89,3.42,4.36,252.6,0
6958bb42a2106ae9c65ef13a,2011-05-25T00:00:00.000Z,2011,5,25,27.51,29.72,25.75,77.19,0.21,20.7,3.65,4.19,238.1,0
6958bb42a2106ae9c65ef13b,2011-05-26T00:00:00.000Z,2011,5,26,27.71,30.15,25.61,76.15,0.12,20.71,3.79,4.44,232.4,0
6958bb42a2106ae9c65ef13c,2011-05-27T00:00:00.000Z,2011,5,27,27.39,29.69,25.87,78.05,0.01,22.39,4.24,4.97,226.7,0
6958bb42a2106ae9c65ef13d,2011-05-28T00:00:00.000Z,2011,5,28,27.57,30.08,25.24,78.18,1.05,22.13,5.93,6.95,213.8,0
6958bb42a2106ae9c65ef13e,2011-05-29T00:00:00.000Z,2011,5,29,27.06,28.5,25.92,81.34,8.33,10.63,5.23,5.71,232.6,0
6958bb42a2106ae9c65ef13f,2011-05-30T00:00:00.000Z,2011,5,30,27.7,29.95,26.17,77.94,3.61,17.05,5.14,6.29,217.6,0
6958bb42a2106ae9c65ef140,2011-05-31T00:00:00.000Z,2011,5,31,27.02,28.68,25.77,80.64,1.05,17.2,4.69,5.85,215.6,0
6958bb42a2106ae9c65ef141,2011-06-01T00:00:00.000Z,2011,6,1,27.11,29.3,25.65,80.58,1.38,15.14,5.16,6.89,228.9,0
6958bb42a2106ae9c65ef142,2011-06-02T00:00:00.000Z,2011,6,2,27.46,30.04,25.63,78.76,3.09,20.27,3.85,5.49,250.2,0
6958bb42a2106ae9c65ef143,2011-06-03T00:00:00.000Z,2011,6,3,27.76,29.86,26.12,79.34,2.01,20.74,5.1,6.87,261.2,0
6958bb42a2106ae9c65ef144,2011-06-04T00:00:00.000Z,2011,6,4,27.86,29.58,26.61,78.91,0.63,21,4.79,5.81,262.9,0
6958bb42a2106ae9c65ef145,2011-06-05T00:00:00.000Z,2011,6,5,27.94,30.09,26.55,77.22,0.06,22.23,5.34,6.44,221.4,0
6958bb42a2106ae9c65ef146,2011-06-06T00:00:00.000Z,2011,6,6,28.06,30.69,26.02,73.52,0.01,19.46,4,5.17,216.2,0
6958bb42a2106ae9c65ef147,2011-06-07T00:00:00.000Z,2011,6,7,27.91,30.61,25.81,75.11,0.02,17.51,3.67,4.42,227.4,0
6958bb42a2106ae9c65ef148,2011-06-08T00:00:00.000Z,2011,6,8,27.56,29.56,25.99,76.82,0,22.77,3.92,4.82,219,0
6958bb42a2106ae9c65ef149,2011-06-09T00:00:00.000Z,2011,6,9,27.43,29.47,25.71,78.08,0.02,21,4.27,5.08,228.8,0
6958bb42a2106ae9c65ef14a,2011-06-10T00:00:00.000Z,2011,6,10,27.33,30.33,25.14,69.73,0.02,20.81,4.31,5.55,224.8,0
6958bb42a2106ae9c65ef14b,2011-06-11T00:00:00.000Z,2011,6,11,27.37,29.96,25.42,74.51,0.06,23.09,4.28,4.9,239.5,0
6958bb42a2106ae9c65ef14c,2011-06-12T00:00:00.000Z,2011,6,12,27.81,30.37,25.34,69.18,0.07,22.31,4.48,5.97,246.3,0
6958bb42a2106ae9c65ef14d,2011-06-13T00:00:00.000Z,2011,6,13,27.99,30.87,25.67,72.72,0.07,23.08,5.05,6.4,222.5,0
6958bb42a2106ae9c65ef14e,2011-06-14T00:00:00.000Z,2011,6,14,27.21,29.15,25.67,77.98,0.23,21.2,5.63,7.57,223.7,0
6958bb42a2106ae9c65ef14f,2011-06-15T00:00:00.000Z,2011,6,15,27.46,29.56,26.1,76.66,2.17,12.85,5.81,6.99,235.9,0
6958bb42a2106ae9c65ef150,2011-06-16T00:00:00.000Z,2011,6,16,27.51,29.81,25.72,75.33,1.12,17.79,6.58,9.13,236.1,0
6958bb42a2106ae9c65ef151,2011-06-17T00:00:00.000Z,2011,6,17,27.71,30.11,26,77.79,0.58,22.02,6.74,8.37,228.4,0
6958bb42a2106ae9c65ef152,2011-06-18T00:00:00.000Z,2011,6,18,27.86,30.32,26.24,76.83,1.44,21.23,6.75,7.82,222.2,0
6958bb42a2106ae9c65ef153,2011-06-19T00:00:00.000Z,2011,6,19,27.69,29.81,26.18,78.73,0.28,23.04,6.62,7.23,218.6,0
6958bb42a2106ae9c65ef154,2011-06-20T00:00:00.000Z,2011,6,20,27.76,29.95,26.3,77.52,0.19,22.51,6.35,7.29,217.5,0
6958bb42a2106ae9c65ef155,2011-06-21T00:00:00.000Z,2011,6,21,27.76,30.52,25.86,76.04,1.62,22.67,4.84,5.47,227,0
6958bb42a2106ae9c65ef156,2011-06-22T00:00:00.000Z,2011,6,22,27.2,29.17,26.08,78.69,4.37,15.84,6.41,7.49,222.9,0
6958bb42a2106ae9c65ef157,2011-06-23T00:00:00.000Z,2011,6,23,27.56,30.03,25.93,77.02,1.23,21.29,7.04,8.52,223,0
6958bb42a2106ae9c65ef158,2011-06-24T00:00:00.000Z,2011,6,24,27.53,29.62,25.96,77.19,1.91,19.86,6.6,8.13,220.5,0
6958bb42a2106ae9c65ef159,2011-06-25T00:00:00.000Z,2011,6,25,27.61,29.89,25.87,77.16,1.65,15.88,6.96,8.13,215.5,0
6958bb42a2106ae9c65ef15a,2011-06-26T00:00:00.000Z,2011,6,26,27.46,30.01,25.74,76.19,1,13.17,7.07,8.16,227.4,0
6958bb42a2106ae9c65ef15b,2011-06-27T00:00:00.000Z,2011,6,27,27.69,30.46,25.59,74.05,1.04,17.08,5.22,6.09,221.3,0
6958bb42a2106ae9c65ef15c,2011-06-28T00:00:00.000Z,2011,6,28,26.81,28.9,25.27,79.48,2.09,15.05,5.41,6.05,226.5,0
6958bb42a2106ae9c65ef15d,2011-06-29T00:00:00.000Z,2011,6,29,26.51,28.97,24.67,78.47,1.56,14.82,6.22,8.45,212.8,0
6958bb42a2106ae9c65ef15e,2011-06-30T00:00:00.000Z,2011,6,30,27.48,30.45,25.05,73,0.71,18.21,3.72,5.13,191.3,0
6958bb42a2106ae9c65ef15f,2011-07-01T00:00:00.000Z,2011,7,1,26.72,28.78,25.27,71.63,0.41,10.99,4.98,6.43,190.3,0
6958bb42a2106ae9c65ef160,2011-07-02T00:00:00.000Z,2011,7,2,27.18,29.89,24.8,67.96,0.24,19.02,5.52,7.84,198.6,0
6958bb42a2106ae9c65ef161,2011-07-03T00:00:00.000Z,2011,7,3,28.06,31.11,25.21,67.59,0.05,13.74,3.48,5.36,202.8,0
6958bb42a2106ae9c65ef162,2011-07-04T00:00:00.000Z,2011,7,4,27.75,29.99,25.6,70.9,0.01,18.87,2.34,3.13,204.7,0
6958bb42a2106ae9c65ef163,2011-07-05T00:00:00.000Z,2011,7,5,28.29,30.62,26.09,71.17,0.03,21.43,2.12,4.17,191.2,0
6958bb42a2106ae9c65ef164,2011-07-06T00:00:00.000Z,2011,7,6,27.92,29.82,26.54,73.37,0,20.83,1.42,2,256,0
6958bb42a2106ae9c65ef165,2011-07-07T00:00:00.000Z,2011,7,7,27.99,30.78,25.72,69.64,0,22.19,2.19,3.12,259.1,0
6958bb42a2106ae9c65ef166,2011-07-08T00:00:00.000Z,2011,7,8,27.69,30.05,25.93,71.97,0,22.74,2.27,3.19,266.5,0
6958bb42a2106ae9c65ef167,2011-07-09T00:00:00.000Z,2011,7,9,28.01,31.74,25.01,70.12,0,23.57,4.76,6.68,227.9,0
6958bb42a2106ae9c65ef168,2011-07-10T00:00:00.000Z,2011,7,10,27.76,30.22,25.92,75.01,1.71,16.48,7.1,9.05,216.9,0
6958bb42a2106ae9c65ef169,2011-07-11T00:00:00.000Z,2011,7,11,26.77,27.59,25.94,84.53,24.12,11.97,9.12,12.21,230.4,0
6958bb42a2106ae9c65ef16a,2011-07-12T00:00:00.000Z,2011,7,12,26.48,27.72,25.56,82.81,9.06,11.81,7.87,9.26,225.8,0
6958bb42a2106ae9c65ef16b,2011-07-13T00:00:00.000Z,2011,7,13,26.78,28.93,25.28,79.75,3.33,14.22,7.21,9.28,222.9,0
6958bb42a2106ae9c65ef16c,2011-07-14T00:00:00.000Z,2011,7,14,26.45,28.4,25.1,76.54,6.9,17.09,5.73,6.68,219,0
6958bb42a2106ae9c65ef16d,2011-07-15T00:00:00.000Z,2011,7,15,26.52,29.39,24.75,74.46,0.55,12.69,5.96,7.3,223.2,0
6958bb42a2106ae9c65ef16e,2011-07-16T00:00:00.000Z,2011,7,16,27.22,30.35,24.75,69.78,0,11.31,4.17,6.11,206,0
6958bb42a2106ae9c65ef16f,2011-07-17T00:00:00.000Z,2011,7,17,27.85,31.06,24.73,67.19,0,23.99,2.31,4.01,202.4,0
6958bb42a2106ae9c65ef170,2011-07-18T00:00:00.000Z,2011,7,18,28.28,31.67,25.21,68.86,0,23.7,2.01,3.35,211.9,0
6958bb42a2106ae9c65ef171,2011-07-19T00:00:00.000Z,2011,7,19,27.99,30.75,25.98,73.98,0,22.49,4.18,5.6,207.2,0
6958bb42a2106ae9c65ef172,2011-07-20T00:00:00.000Z,2011,7,20,27.71,30.22,25.58,72.91,0.06,22.13,4.3,5.72,199.4,0
6958bb42a2106ae9c65ef173,2011-07-21T00:00:00.000Z,2011,7,21,27.77,30.47,25.61,74.13,0.97,20.15,3.95,4.49,206.4,0
6958bb42a2106ae9c65ef174,2011-07-22T00:00:00.000Z,2011,7,22,27.72,30.61,25.81,72.58,0.41,21.91,2.97,4.19,219.4,0
6958bb42a2106ae9c65ef175,2011-07-23T00:00:00.000Z,2011,7,23,26.95,29.14,25.38,70.44,0.86,22.04,4.28,5.15,218.1,0
6958bb42a2106ae9c65ef176,2011-07-24T00:00:00.000Z,2011,7,24,27.03,29.87,25.22,67.4,2.7,10.59,6.04,6.99,221.1,0
6958bb42a2106ae9c65ef177,2011-07-25T00:00:00.000Z,2011,7,25,27.6,30.32,25.48,69.48,1.27,18.66,6.26,8.06,211.7,0
6958bb42a2106ae9c65ef178,2011-07-26T00:00:00.000Z,2011,7,26,27.4,30.03,25.6,70.45,1.08,16.85,5.32,6.79,216.9,0
6958bb42a2106ae9c65ef179,2011-07-27T00:00:00.000Z,2011,7,27,27.06,29.96,24.94,72.56,0.06,12.78,5.53,6.43,230.4,0
6958bb42a2106ae9c65ef17a,2011-07-28T00:00:00.000Z,2011,7,28,27.16,29.94,25.38,75.57,0.61,18.4,7.75,9.48,217.2,0
6958bb42a2106ae9c65ef17b,2011-07-29T00:00:00.000Z,2011,7,29,27.16,29.45,25.29,72.23,0.24,17.89,6.91,8.29,214.4,0
6958bb42a2106ae9c65ef17c,2011-07-30T00:00:00.000Z,2011,7,30,27.49,30.21,25.49,72.77,0.11,17.78,5.43,6.85,204.3,0
6958bb42a2106ae9c65ef17d,2011-07-31T00:00:00.000Z,2011,7,31,28.07,31.95,24.96,70.05,0.08,17.01,4.52,5.51,216.8,0
6958bb42a2106ae9c65ef17e,2011-08-01T00:00:00.000Z,2011,8,1,27.78,31.31,25.4,71.85,1.14,20.7,5.79,7.33,214.7,0
6958bb42a2106ae9c65ef17f,2011-08-02T00:00:00.000Z,2011,8,2,28.13,31.27,25.57,71.7,2.14,22.34,5.03,6.69,202.6,0
6958bb42a2106ae9c65ef180,2011-08-03T00:00:00.000Z,2011,8,3,28.19,31.19,25.53,71.01,0.55,19.22,4.03,5.86,208.9,0
6958bb42a2106ae9c65ef181,2011-08-04T00:00:00.000Z,2011,8,4,28,30.74,25.92,69.79,0.35,20.39,2,3.86,256.4,0
6958bb42a2106ae9c65ef182,2011-08-05T00:00:00.000Z,2011,8,5,27.97,31.81,24.95,66.73,0.04,25.05,3.05,3.94,254.2,0
6958bb42a2106ae9c65ef183,2011-08-06T00:00:00.000Z,2011,8,6,27.77,31.21,25.07,71.1,0.23,25.11,4.95,6.16,242,0
6958bb42a2106ae9c65ef184,2011-08-07T00:00:00.000Z,2011,8,7,28.02,31.37,25.34,71.17,0.01,24.3,5.03,6.32,230.3,0
6958bb42a2106ae9c65ef185,2011-08-08T00:00:00.000Z,2011,8,8,28.5,31.88,25.95,69.73,0.02,22.75,5.19,6.26,201.3,0
6958bb42a2106ae9c65ef186,2011-08-09T00:00:00.000Z,2011,8,9,28.14,31.15,25.99,70.53,2.51,18.74,2.25,3.7,240.2,0
6958bb42a2106ae9c65ef187,2011-08-10T00:00:00.000Z,2011,8,10,27.66,29.77,25.96,71.71,3.58,18.09,2.13,3.12,250.5,0
6958bb42a2106ae9c65ef188,2011-08-11T00:00:00.000Z,2011,8,11,27.04,29.25,25.56,74.01,2.11,21.25,2.84,3.76,267.2,0
6958bb42a2106ae9c65ef189,2011-08-12T00:00:00.000Z,2011,8,12,27.23,29.88,25.15,74.72,5.52,17.24,2.68,3,254.1,0
6958bb42a2106ae9c65ef18a,2011-08-13T00:00:00.000Z,2011,8,13,26.88,28.69,25.33,77.15,19.44,17.59,3.72,4.75,228.3,0
6958bb42a2106ae9c65ef18b,2011-08-14T00:00:00.000Z,2011,8,14,26.36,28.15,24.98,78.62,5.07,18.98,4.34,6.65,236.4,0
6958bb42a2106ae9c65ef18c,2011-08-15T00:00:00.000Z,2011,8,15,27.11,30.06,24.74,73.4,9.13,19.8,4.77,5.42,212.4,0
6958bb42a2106ae9c65ef18d,2011-08-16T00:00:00.000Z,2011,8,16,26.95,29.46,25.46,77.91,3.07,18.82,4.92,5.61,224.2,0
6958bb42a2106ae9c65ef18e,2011-08-17T00:00:00.000Z,2011,8,17,26.35,28.3,25.08,75.2,4.5,16.71,3.3,5.01,229.8,0
6958bb42a2106ae9c65ef18f,2011-08-18T00:00:00.000Z,2011,8,18,27.68,30.7,24.97,70.97,5.71,20.93,2.8,3.88,232,0
6958bb42a2106ae9c65ef190,2011-08-19T00:00:00.000Z,2011,8,19,26.73,28.46,25.26,76.63,6.41,15.88,3.8,5.57,230,0
6958bb42a2106ae9c65ef191,2011-08-20T00:00:00.000Z,2011,8,20,27.25,30.08,24.54,69.91,1.6,13.21,2.88,3.98,186.6,0
6958bb42a2106ae9c65ef192,2011-08-21T00:00:00.000Z,2011,8,21,27.49,29.73,25.84,74.49,3.95,21.6,2.03,2.93,314.7,0
6958bb42a2106ae9c65ef193,2011-08-22T00:00:00.000Z,2011,8,22,27.01,28.88,25.56,73.51,3.1,17.56,2.29,3.83,256.4,0
6958bb42a2106ae9c65ef194,2011-08-23T00:00:00.000Z,2011,8,23,27.34,29.83,25.69,72.7,4.65,21.47,2.48,3.34,5.9,0
6958bb42a2106ae9c65ef195,2011-08-24T00:00:00.000Z,2011,8,24,26.93,28.67,25.63,78.05,11.69,15.98,2.94,3.77,263.4,0
6958bb42a2106ae9c65ef196,2011-08-25T00:00:00.000Z,2011,8,25,26.21,27.4,25.25,80.2,2.78,11.5,4.57,6.8,258.5,0
6958bb42a2106ae9c65ef197,2011-08-26T00:00:00.000Z,2011,8,26,26.77,29.36,25.03,77.33,5.3,15.44,4.6,5.85,235.6,0
6958bb42a2106ae9c65ef198,2011-08-27T00:00:00.000Z,2011,8,27,26.62,28.92,25.16,75.76,5.82,14.15,6,7.71,219.1,0
6958bb42a2106ae9c65ef199,2011-08-28T00:00:00.000Z,2011,8,28,25.8,27.2,24.77,79.04,8.06,8.57,7.14,9.42,239,0
6958bb42a2106ae9c65ef19a,2011-08-29T00:00:00.000Z,2011,8,29,26.7,28.8,25.13,76.51,2.65,10.98,5.87,7.64,213.8,0
6958bb42a2106ae9c65ef19b,2011-08-30T00:00:00.000Z,2011,8,30,27.65,31.11,24.75,69.56,0.05,21.2,3.12,3.71,204.7,0
6958bb42a2106ae9c65ef19c,2011-08-31T00:00:00.000Z,2011,8,31,27.83,30.55,25.2,68.48,0.15,22.38,1.53,2.63,184.4,0
6958bb42a2106ae9c65ef19d,2011-09-01T00:00:00.000Z,2011,9,1,27.83,30.9,25.64,75.01,0.11,22.97,1.81,2.44,285.9,0
6958bb42a2106ae9c65ef19e,2011-09-02T00:00:00.000Z,2011,9,2,27.91,30.73,25.67,72.07,0.24,21.32,2.77,3.65,240.9,0
6958bb42a2106ae9c65ef19f,2011-09-03T00:00:00.000Z,2011,9,3,27.96,30.73,25.5,70.39,0.75,22.21,2.39,3.64,227.8,0
6958bb42a2106ae9c65ef1a0,2011-09-04T00:00:00.000Z,2011,9,4,27.28,29.2,26.04,74.74,1.94,18.01,3.13,4.09,220,0
6958bb42a2106ae9c65ef1a1,2011-09-05T00:00:00.000Z,2011,9,5,28.26,31.34,25.54,70.44,1.62,18.75,2.41,4.51,200.8,0
6958bb42a2106ae9c65ef1a2,2011-09-06T00:00:00.000Z,2011,9,6,27.39,29.32,26.13,75.58,1.92,16.83,1.63,2.95,284.3,0
6958bb42a2106ae9c65ef1a3,2011-09-07T00:00:00.000Z,2011,9,7,27.06,29.55,25.41,76.76,2.19,19.98,4.77,6.41,234.3,0
6958bb42a2106ae9c65ef1a4,2011-09-08T00:00:00.000Z,2011,9,8,27.74,31.06,25.32,70.62,0.19,22.97,4.98,6.37,204.8,0
6958bb42a2106ae9c65ef1a5,2011-09-09T00:00:00.000Z,2011,9,9,27.35,29.84,25.31,73.4,2.21,16.26,4.27,5.37,216.2,0
6958bb42a2106ae9c65ef1a6,2011-09-10T00:00:00.000Z,2011,9,10,26.39,28.07,25.25,80.84,24.51,13.39,6.73,8.12,234.2,0
6958bb42a2106ae9c65ef1a7,2011-09-11T00:00:00.000Z,2011,9,11,25.95,27.54,24.68,84.16,31.62,6.48,7.16,9.28,235.7,0
6958bb42a2106ae9c65ef1a8,2011-09-12T00:00:00.000Z,2011,9,12,26.72,29.08,24.85,76.87,4.22,17.7,5.22,7.78,205.2,0
6958bb42a2106ae9c65ef1a9,2011-09-13T00:00:00.000Z,2011,9,13,27.51,30.48,25,72.3,0.08,23.21,2.58,3.31,240.2,0
6958bb42a2106ae9c65ef1aa,2011-09-14T00:00:00.000Z,2011,9,14,26.7,28.43,25.29,76.98,0.96,14.75,3.21,4.26,225.3,0
6958bb42a2106ae9c65ef1ab,2011-09-15T00:00:00.000Z,2011,9,15,27.41,30.53,24.96,73.69,0.36,14.33,3.61,4.44,230.8,0
6958bb42a2106ae9c65ef1ac,2011-09-16T00:00:00.000Z,2011,9,16,27.19,29.6,25.49,75.74,2.41,19.53,2.26,3.01,260.2,0
6958bb42a2106ae9c65ef1ad,2011-09-17T00:00:00.000Z,2011,9,17,27.09,29.61,25.23,76.12,1.62,22.46,2.86,4.05,256.7,0
6958bb42a2106ae9c65ef1ae,2011-09-18T00:00:00.000Z,2011,9,18,26.88,29.29,25.31,77.43,2.05,19.58,6.42,8.07,227.2,0
6958bb42a2106ae9c65ef1af,2011-09-19T00:00:00.000Z,2011,9,19,26.61,29.19,24.98,75.77,0.71,18.66,7.01,8.49,216.7,0
6958bb42a2106ae9c65ef1b0,2011-09-20T00:00:00.000Z,2011,9,20,27.13,29.69,25.04,71.86,0.26,16.36,4.96,7.77,214.5,0
6958bb42a2106ae9c65ef1b1,2011-09-21T00:00:00.000Z,2011,9,21,26.63,28.64,24.87,68.6,4.39,11.47,5.23,6.49,212.6,0
6958bb42a2106ae9c65ef1b2,2011-09-22T00:00:00.000Z,2011,9,22,27.13,30.77,24.56,73.12,0.54,22.86,5.77,6.91,204.4,0
6958bb42a2106ae9c65ef1b3,2011-09-23T00:00:00.000Z,2011,9,23,27.7,30.74,24.9,72.15,0.33,19.81,2.34,4.83,201.1,0
6958bb42a2106ae9c65ef1b4,2011-09-24T00:00:00.000Z,2011,9,24,27.45,29.23,26.1,74.56,2.6,17.8,1.69,2.79,336.4,0
6958bb42a2106ae9c65ef1b5,2011-09-25T00:00:00.000Z,2011,9,25,26.51,28.37,25.09,77.31,3.22,9.98,2.76,4.16,244.9,0
6958bb42a2106ae9c65ef1b6,2011-09-26T00:00:00.000Z,2011,9,26,26.64,29.43,24.48,75.48,2.18,19.07,5.14,5.96,230.3,0
6958bb42a2106ae9c65ef1b7,2011-09-27T00:00:00.000Z,2011,9,27,26.11,28.18,24.82,75.64,6.63,16.01,7.49,9.44,216.1,0
6958bb42a2106ae9c65ef1b8,2011-09-28T00:00:00.000Z,2011,9,28,26.37,28.54,24.91,73.79,8.13,12.02,7.99,10.62,218.8,0
6958bb42a2106ae9c65ef1b9,2011-09-29T00:00:00.000Z,2011,9,29,26.1,28.69,24.76,77.67,3.12,17.04,7.45,8.62,215.3,0
6958bb42a2106ae9c65ef1ba,2011-09-30T00:00:00.000Z,2011,9,30,26.87,29.89,24.72,77.08,1.94,17.54,6.86,7.69,215.8,0
6958bb42a2106ae9c65ef1bb,2011-10-01T00:00:00.000Z,2011,10,1,26.38,28.28,25.08,80.22,1.4,21.49,6.74,9.72,221.5,0
6958bb42a2106ae9c65ef1bc,2011-10-02T00:00:00.000Z,2011,10,2,26.39,28.97,24.85,77.89,2.3,17.82,6.49,7.89,210.4,0
6958bb42a2106ae9c65ef1bd,2011-10-03T00:00:00.000Z,2011,10,3,26.53,29.09,24.56,76.88,1.62,18.28,5.93,7.9,214.6,0
6958bb42a2106ae9c65ef1be,2011-10-04T00:00:00.000Z,2011,10,4,26.43,28.73,24.78,76.7,4.93,14.49,4.82,5.55,213.3,0
6958bb42a2106ae9c65ef1bf,2011-10-05T00:00:00.000Z,2011,10,5,25.5,27.22,23.99,81.38,3.95,11.79,4.19,6.93,237.5,0
6958bb42a2106ae9c65ef1c0,2011-10-06T00:00:00.000Z,2011,10,6,27.06,30.48,24.29,74.8,0.17,24.08,4.02,4.59,223.2,0
6958bb42a2106ae9c65ef1c1,2011-10-07T00:00:00.000Z,2011,10,7,26.9,29.49,25,76.92,1.21,16.96,5.54,6.15,228.8,0
6958bb42a2106ae9c65ef1c2,2011-10-08T00:00:00.000Z,2011,10,8,26.34,28.36,24.74,77.42,2.43,12.14,5.59,6.62,235.4,0
6958bb42a2106ae9c65ef1c3,2011-10-09T00:00:00.000Z,2011,10,9,26.11,28.42,24.71,75.55,0.43,16.52,4.6,6.06,226.8,0
6958bb42a2106ae9c65ef1c4,2011-10-10T00:00:00.000Z,2011,10,10,26.46,29.49,24.47,75.75,0.49,19.52,5.48,6.37,224.7,0
6958bb42a2106ae9c65ef1c5,2011-10-11T00:00:00.000Z,2011,10,11,26.21,28.17,24.85,76.77,2.49,15.17,5.91,7.78,214.2,0
6958bb42a2106ae9c65ef1c6,2011-10-12T00:00:00.000Z,2011,10,12,26.49,29.15,24.35,76.21,0.44,16.68,4.63,4.99,223,0
6958bb42a2106ae9c65ef1c7,2011-10-13T00:00:00.000Z,2011,10,13,27.56,30.72,24.94,73.04,0.1,24.35,2.69,4.09,220.2,0
6958bb42a2106ae9c65ef1c8,2011-10-14T00:00:00.000Z,2011,10,14,27.84,30.52,25.85,71.81,0.63,24.01,1.35,1.91,238.9,0
6958bb42a2106ae9c65ef1c9,2011-10-15T00:00:00.000Z,2011,10,15,26.99,28.74,25.72,77.78,5.26,18.7,1.78,3.1,341.3,0
6958bb42a2106ae9c65ef1ca,2011-10-16T00:00:00.000Z,2011,10,16,26.9,28.96,25.32,80.16,3.04,21.8,3.43,4.9,48.8,0
6958bb42a2106ae9c65ef1cb,2011-10-17T00:00:00.000Z,2011,10,17,26.98,28.73,25.46,82.16,4.95,20.95,3.46,3.94,54.4,0
6958bb42a2106ae9c65ef1cc,2011-10-18T00:00:00.000Z,2011,10,18,26.59,27.72,25.74,85.99,8.04,16,5.72,11.22,57.9,0
6958bb42a2106ae9c65ef1cd,2011-10-19T00:00:00.000Z,2011,10,19,25.9,27.03,25.03,84.01,7.9,13.14,4.54,6.42,65.9,0
6958bb42a2106ae9c65ef1ce,2011-10-20T00:00:00.000Z,2011,10,20,26.46,28.66,24.86,77.46,4.68,12.07,1.74,2.23,77.4,0
6958bb42a2106ae9c65ef1cf,2011-10-21T00:00:00.000Z,2011,10,21,26.31,28.55,24.56,77.58,6.92,16.69,1.48,3.14,31.1,0
6958bb42a2106ae9c65ef1d0,2011-10-22T00:00:00.000Z,2011,10,22,26.08,28.32,24.31,77.87,2.21,13.35,1.67,3.82,32.8,0
6958bb42a2106ae9c65ef1d1,2011-10-23T00:00:00.000Z,2011,10,23,26.33,27.69,25.45,83.81,20.78,17.67,3.28,4.66,61.3,0
6958bb42a2106ae9c65ef1d2,2011-10-24T00:00:00.000Z,2011,10,24,26.64,28.5,24.97,82.85,6.64,12.67,3.15,4.77,80.5,0
6958bb42a2106ae9c65ef1d3,2011-10-25T00:00:00.000Z,2011,10,25,26.89,28.58,25.81,80.04,13.2,11.32,1.5,2.46,54.6,0
6958bb42a2106ae9c65ef1d4,2011-10-26T00:00:00.000Z,2011,10,26,26.27,27.2,25.6,85.02,20.85,13.72,4.43,5.61,62.3,0
6958bb42a2106ae9c65ef1d5,2011-10-27T00:00:00.000Z,2011,10,27,26.67,27.98,25.54,83.73,4.79,13.3,4.4,5.54,75.1,0
6958bb42a2106ae9c65ef1d6,2011-10-28T00:00:00.000Z,2011,10,28,26.87,28.41,25.74,83.68,5.6,16.24,4.94,6.24,80.4,0
6958bb42a2106ae9c65ef1d7,2011-10-29T00:00:00.000Z,2011,10,29,26.71,28.34,25.72,83.32,6.09,15.6,4.34,5.71,80.8,0
6958bb42a2106ae9c65ef1d8,2011-10-30T00:00:00.000Z,2011,10,30,26.65,28.58,25.38,83.55,18.35,16.26,4.47,6.69,60.6,0
6958bb42a2106ae9c65ef1d9,2011-10-31T00:00:00.000Z,2011,10,31,26.04,26.96,25.22,84.83,7.52,7.53,6.74,7.67,55.4,0
6958bb42a2106ae9c65ef1da,2011-11-01T00:00:00.000Z,2011,11,1,26.6,28.55,25.15,82.02,5.44,18.72,4.18,5.05,74.2,0
6958bb42a2106ae9c65ef1db,2011-11-02T00:00:00.000Z,2011,11,2,26.45,28.43,25.06,83.13,2.27,18.99,3.82,4.9,69.9,0
6958bb42a2106ae9c65ef1dc,2011-11-03T00:00:00.000Z,2011,11,3,26.91,28.97,25.24,75.23,5.89,14.97,1.46,2.49,109.4,0
6958bb42a2106ae9c65ef1dd,2011-11-04T00:00:00.000Z,2011,11,4,26,27.3,25.13,79.17,9.58,10.85,1.14,2.11,341,0
6958bb42a2106ae9c65ef1de,2011-11-05T00:00:00.000Z,2011,11,5,25.68,27.12,24.68,79.5,18.87,6.15,1.62,2.96,14.2,0
6958bb42a2106ae9c65ef1df,2011-11-06T00:00:00.000Z,2011,11,6,24.87,25.76,24.13,82.67,7.04,11.3,1.86,3.59,358.1,0
6958bb42a2106ae9c65ef1e0,2011-11-07T00:00:00.000Z,2011,11,7,26.22,28.18,24.44,73.43,1.04,16.17,2.58,4.29,262.9,0
6958bb42a2106ae9c65ef1e1,2011-11-08T00:00:00.000Z,2011,11,8,26.35,28.73,24.74,78.56,1.36,19.7,4.91,6.64,234.2,0
6958bb42a2106ae9c65ef1e2,2011-11-09T00:00:00.000Z,2011,11,9,26.65,29.45,24.3,78.37,0.59,18.66,3.49,4.77,249.2,0
6958bb42a2106ae9c65ef1e3,2011-11-10T00:00:00.000Z,2011,11,10,26.96,29.6,25.22,76.43,0.58,21.71,2.12,3.36,312.8,0
6958bb42a2106ae9c65ef1e4,2011-11-11T00:00:00.000Z,2011,11,11,26.06,27.48,24.83,81.54,9.89,12.59,2.74,5.28,270.5,0
6958bb42a2106ae9c65ef1e5,2011-11-12T00:00:00.000Z,2011,11,12,26.93,30.21,24.53,75.67,1.8,18.95,2.78,5.18,194.2,0
6958bb42a2106ae9c65ef1e6,2011-11-13T00:00:00.000Z,2011,11,13,26.43,28.25,25.37,79.48,4.17,21.3,2.11,3.24,46.3,0
6958bb42a2106ae9c65ef1e7,2011-11-14T00:00:00.000Z,2011,11,14,25.72,26.78,24.84,82.62,2.67,16.76,2.83,3.92,60.8,0
6958bb42a2106ae9c65ef1e8,2011-11-15T00:00:00.000Z,2011,11,15,26.05,27.47,24.69,84.98,2.82,18.01,4.75,5.99,77.8,0
6958bb42a2106ae9c65ef1e9,2011-11-16T00:00:00.000Z,2011,11,16,26.25,27.94,24.54,83.22,10.11,19.03,3.51,5.22,78.6,0
6958bb42a2106ae9c65ef1ea,2011-11-17T00:00:00.000Z,2011,11,17,26.7,28.94,25.28,81.1,3.37,18.99,3.36,4.51,55.5,0
6958bb42a2106ae9c65ef1eb,2011-11-18T00:00:00.000Z,2011,11,18,26.83,29.03,25.32,80.18,1.5,18.16,2.75,3.3,52.6,0
6958bb42a2106ae9c65ef1ec,2011-11-19T00:00:00.000Z,2011,11,19,26.28,27.37,25.37,83.76,0.57,19.38,2.91,3.83,42,0
6958bb42a2106ae9c65ef1ed,2011-11-20T00:00:00.000Z,2011,11,20,26.57,28.63,25.03,80.6,0.35,17.17,3.4,4.47,81.6,0
6958bb42a2106ae9c65ef1ee,2011-11-21T00:00:00.000Z,2011,11,21,25.87,26.87,25.38,87.46,3.87,10.96,5.96,7.66,65.8,0
6958bb42a2106ae9c65ef1ef,2011-11-22T00:00:00.000Z,2011,11,22,26.41,28.17,25.18,84.99,8.93,13.98,6.86,8.2,68.9,0
6958bb42a2106ae9c65ef1f0,2011-11-23T00:00:00.000Z,2011,11,23,25.92,27.09,24.69,86.03,8.04,16,8.07,10.38,73,0
6958bb42a2106ae9c65ef1f1,2011-11-24T00:00:00.000Z,2011,11,24,26.41,28.19,24.82,83.02,2.62,18.49,7.81,10.46,75.8,0
6958bb42a2106ae9c65ef1f2,2011-11-25T00:00:00.000Z,2011,11,25,26.76,28.4,25.62,84.13,4.97,11.51,7.98,10.2,71.2,0
6958bb42a2106ae9c65ef1f3,2011-11-26T00:00:00.000Z,2011,11,26,26.76,28.18,25.87,85.95,8.34,8.54,6.28,8.82,67.6,0
6958bb42a2106ae9c65ef1f4,2011-11-27T00:00:00.000Z,2011,11,27,26.53,27.7,25.61,87.79,24.47,4.28,6.81,9.17,49.7,0
6958bb42a2106ae9c65ef1f5,2011-11-28T00:00:00.000Z,2011,11,28,26.82,29.03,25.21,83.78,4.44,17.24,4.26,5.42,69.5,0
6958bb42a2106ae9c65ef1f6,2011-11-29T00:00:00.000Z,2011,11,29,26.32,27.3,25.49,87.23,8.37,12.58,4.85,8.12,83.1,0
6958bb42a2106ae9c65ef1f7,2011-11-30T00:00:00.000Z,2011,11,30,25.87,26.64,25.22,85.9,41.15,14.93,2.65,4.39,116.7,0
6958bb42a2106ae9c65ef1f8,2011-12-01T00:00:00.000Z,2011,12,1,25.93,27.56,24.71,82.93,11.54,10.58,4.61,6.24,211.7,0
6958bb42a2106ae9c65ef1f9,2011-12-02T00:00:00.000Z,2011,12,2,26.13,28.38,24.35,77.76,0.16,16.99,4.71,5.61,220.9,0
6958bb42a2106ae9c65ef1fa,2011-12-03T00:00:00.000Z,2011,12,3,26.45,28.96,24.43,75.39,0.05,20.17,4.09,5.82,207.7,0
6958bb42a2106ae9c65ef1fb,2011-12-04T00:00:00.000Z,2011,12,4,26.68,29.2,24.63,78.53,0.09,19.72,2.97,3.65,240.7,0
6958bb42a2106ae9c65ef1fc,2011-12-05T00:00:00.000Z,2011,12,5,26.52,28.82,24.88,76.74,0.01,11.17,1.87,2.55,328.4,0
6958bb42a2106ae9c65ef1fd,2011-12-06T00:00:00.000Z,2011,12,6,26.41,28.18,24.92,83.06,0.01,18.41,3.93,5.23,56.8,0
6958bb42a2106ae9c65ef1fe,2011-12-07T00:00:00.000Z,2011,12,7,26.36,27.78,25.1,83.18,8.81,17.62,3.45,4.54,63.4,0
6958bb42a2106ae9c65ef1ff,2011-12-08T00:00:00.000Z,2011,12,8,26.32,27.87,25.35,83.25,8.98,16.16,2.33,3.14,48.1,0
6958bb42a2106ae9c65ef200,2011-12-09T00:00:00.000Z,2011,12,9,26.37,28.07,25.25,83.17,3.63,16.44,3.22,4.45,52.6,0
6958bb42a2106ae9c65ef201,2011-12-10T00:00:00.000Z,2011,12,10,26.57,28.46,24.9,84.66,7.02,15.92,5.94,7.23,78.7,0
6958bb42a2106ae9c65ef202,2011-12-11T00:00:00.000Z,2011,12,11,25.8,26.53,24.77,87.3,19.9,5.18,4.43,5.94,72.2,0
6958bb42a2106ae9c65ef203,2011-12-12T00:00:00.000Z,2011,12,12,25.63,27.22,24.43,83.74,22.44,9.7,3.22,4.64,68,0
6958bb42a2106ae9c65ef204,2011-12-13T00:00:00.000Z,2011,12,13,25.74,26.78,25,86.45,10.1,13.24,3.54,4.85,54.1,0
6958bb42a2106ae9c65ef205,2011-12-14T00:00:00.000Z,2011,12,14,25.75,27.14,24.82,84.24,5.08,16.54,2.96,5.15,23.7,0
6958bb42a2106ae9c65ef206,2011-12-15T00:00:00.000Z,2011,12,15,26.1,27.39,24.99,81.82,3.06,13.7,3.97,5.1,49.5,0
6958bb42a2106ae9c65ef207,2011-12-16T00:00:00.000Z,2011,12,16,25.58,26.42,24.92,85.88,3.35,12.12,3.82,5.96,55.9,0
6958bb42a2106ae9c65ef208,2011-12-17T00:00:00.000Z,2011,12,17,25.68,26.67,24.61,88.35,13.23,9.18,6.75,8.49,73.8,0
6958bb42a2106ae9c65ef209,2011-12-18T00:00:00.000Z,2011,12,18,25.98,27.3,24.98,86.82,20.12,11.31,6.31,9.04,72.6,0
6958bb42a2106ae9c65ef20a,2011-12-19T00:00:00.000Z,2011,12,19,25.93,27.06,24.85,85.66,6.17,13.63,6.19,7.89,65.4,0
6958bb42a2106ae9c65ef20b,2011-12-20T00:00:00.000Z,2011,12,20,25.86,27.29,24.59,86.06,8.89,12.96,5.88,7.96,59.9,0
6958bb42a2106ae9c65ef20c,2011-12-21T00:00:00.000Z,2011,12,21,26.11,27.64,24.76,84.29,0.66,17.04,6.14,7.74,73.8,0
6958bb42a2106ae9c65ef20d,2011-12-22T00:00:00.000Z,2011,12,22,26.15,27.83,24.97,86.17,16.78,11.78,3.37,4.82,90.8,0
6958bb42a2106ae9c65ef20e,2011-12-23T00:00:00.000Z,2011,12,23,25.91,27.08,24.9,83.88,36.53,10.96,2.57,3.53,164,0
6958bb42a2106ae9c65ef20f,2011-12-24T00:00:00.000Z,2011,12,24,26.01,27.98,24.05,78.74,8.11,13.19,3.73,5.55,117.4,0
6958bb42a2106ae9c65ef210,2011-12-25T00:00:00.000Z,2011,12,25,26.71,28.85,24.79,83.33,11.96,12.97,3.96,4.98,109,0
6958bb42a2106ae9c65ef211,2011-12-26T00:00:00.000Z,2011,12,26,26.74,28.34,25.4,83.34,8.42,17.99,2.03,3.16,117.6,0
6958bb42a2106ae9c65ef212,2011-12-27T00:00:00.000Z,2011,12,27,26.54,28.79,25.18,80.35,4.57,14.98,2.44,4.17,140.8,0
6958bb42a2106ae9c65ef213,2011-12-28T00:00:00.000Z,2011,12,28,26.44,28.37,24.76,85.03,0.13,20.07,4.3,5.23,87.7,0
6958bb42a2106ae9c65ef214,2011-12-29T00:00:00.000Z,2011,12,29,26.6,28.07,25.36,84.38,0.62,20.28,4.28,6.08,71.7,0
6958bb42a2106ae9c65ef215,2011-12-30T00:00:00.000Z,2011,12,30,26.49,27.86,25.36,84.62,1.64,12.67,5.41,5.96,76.1,0
6958bb42a2106ae9c65ef216,2011-12-31T00:00:00.000Z,2011,12,31,26.07,27.25,25.25,84.73,2.42,16.2,3.74,4.91,79.6,0
6958bb42a2106ae9c65ef217,2012-01-01T00:00:00.000Z,2012,1,1,25.59,26.83,24.82,89.14,8.22,9.71,2.61,3.97,55.2,0
6958bb42a2106ae9c65ef218,2012-01-02T00:00:00.000Z,2012,1,2,25.92,26.76,24.74,81.43,2.2,16.99,1.18,2.05,325.1,0
6958bb42a2106ae9c65ef219,2012-01-03T00:00:00.000Z,2012,1,3,26.86,29.01,25.34,80.02,3.14,17.7,1.95,2.66,312.4,0
6958bb42a2106ae9c65ef21a,2012-01-04T00:00:00.000Z,2012,1,4,26.76,28.25,25.86,82.75,11.44,18.43,2.12,3.62,59.2,0
6958bb42a2106ae9c65ef21b,2012-01-05T00:00:00.000Z,2012,1,5,26.16,27.43,25.39,86.14,35.72,9.75,2.59,4.24,70.8,0
6958bb42a2106ae9c65ef21c,2012-01-06T00:00:00.000Z,2012,1,6,26.4,28.18,25.23,83.27,10.82,15.95,3.5,5.83,61.2,0
6958bb42a2106ae9c65ef21d,2012-01-07T00:00:00.000Z,2012,1,7,26.22,28.08,24.95,81.64,1.39,21.23,5.49,6.55,74.9,0
6958bb42a2106ae9c65ef21e,2012-01-08T00:00:00.000Z,2012,1,8,26,27.77,24.52,83.09,2.98,17.11,6.08,6.91,71.1,0
6958bb42a2106ae9c65ef21f,2012-01-09T00:00:00.000Z,2012,1,9,25.86,27.45,24.84,83.06,8.71,10.57,6.85,8.18,64.9,0
6958bb42a2106ae9c65ef220,2012-01-10T00:00:00.000Z,2012,1,10,25.77,27.29,24.36,86.11,6.15,15.31,5.4,5.86,69.1,0
6958bb42a2106ae9c65ef221,2012-01-11T00:00:00.000Z,2012,1,11,25.59,26.57,24.85,88.81,7.49,9.88,4.54,7.56,57.9,0
6958bb42a2106ae9c65ef222,2012-01-12T00:00:00.000Z,2012,1,12,25.55,27.17,24.44,82.59,6.62,16.36,1.85,2.94,97.8,0
6958bb42a2106ae9c65ef223,2012-01-13T00:00:00.000Z,2012,1,13,25,26.69,23.51,80.04,7.71,17.4,2.25,3.37,94.4,0
6958bb42a2106ae9c65ef224,2012-01-14T00:00:00.000Z,2012,1,14,25.62,26.96,24.53,82.3,13.01,17.16,2.14,3.65,76.5,0
6958bb42a2106ae9c65ef225,2012-01-15T00:00:00.000Z,2012,1,15,25.79,27.09,24.37,81.23,11.67,11.05,1.43,2.42,212.6,0
6958bb42a2106ae9c65ef226,2012-01-16T00:00:00.000Z,2012,1,16,27.22,29.6,25.04,75.04,3.06,16.92,1.54,2.77,181.7,0
6958bb42a2106ae9c65ef227,2012-01-17T00:00:00.000Z,2012,1,17,26.51,28.58,25.05,76.34,2.27,15.27,2.75,3.71,217.2,0
6958bb42a2106ae9c65ef228,2012-01-18T00:00:00.000Z,2012,1,18,26.15,27.9,24.5,77.7,1.66,16.04,2.07,3.18,222,0
6958bb42a2106ae9c65ef229,2012-01-19T00:00:00.000Z,2012,1,19,26.19,28.07,24.9,73.91,15.55,6.5,1.19,2.42,282.1,0
6958bb42a2106ae9c65ef22a,2012-01-20T00:00:00.000Z,2012,1,20,25.83,27.53,24.67,81.77,2.09,14.75,2.03,3.27,311.3,0
6958bb42a2106ae9c65ef22b,2012-01-21T00:00:00.000Z,2012,1,21,25.02,25.66,24.45,85.58,0.46,18.03,3.12,5.55,339.1,0
6958bb42a2106ae9c65ef22c,2012-01-22T00:00:00.000Z,2012,1,22,25.54,26.75,24.31,82.81,1.02,20.37,2.63,3.73,344.8,0
6958bb42a2106ae9c65ef22d,2012-01-23T00:00:00.000Z,2012,1,23,26.12,27.68,24.76,80.24,1.62,18.59,2.02,2.79,320,0
6958bb42a2106ae9c65ef22e,2012-01-24T00:00:00.000Z,2012,1,24,26.72,29.1,25.2,75.17,0.11,17.44,1.44,2.06,335.2,0
6958bb42a2106ae9c65ef22f,2012-01-25T00:00:00.000Z,2012,1,25,26.09,27.65,24.9,84.07,1.19,18.95,3.84,5.55,58.6,0
6958bb42a2106ae9c65ef230,2012-01-26T00:00:00.000Z,2012,1,26,25.9,27.29,24.71,84,0.6,20.89,4.56,5.79,75.3,0
6958bb42a2106ae9c65ef231,2012-01-27T00:00:00.000Z,2012,1,27,26.15,27.94,24.36,81.63,0.35,20.69,4.11,5.09,54.2,0
6958bb42a2106ae9c65ef232,2012-01-28T00:00:00.000Z,2012,1,28,25.97,27.03,24.91,82.03,1.18,17.21,4.14,5.47,56.3,0
6958bb42a2106ae9c65ef233,2012-01-29T00:00:00.000Z,2012,1,29,26.32,28.2,24.66,81.45,0.2,18.9,5.18,6.22,61,0
6958bb42a2106ae9c65ef234,2012-01-30T00:00:00.000Z,2012,1,30,25.91,27.6,24.85,82.94,3.49,10.4,2.92,4.02,23.7,0
6958bb42a2106ae9c65ef235,2012-01-31T00:00:00.000Z,2012,1,31,26.36,28.64,24.44,77.95,0.74,19.22,2.08,3.18,252.7,0
6958bb42a2106ae9c65ef236,2012-02-01T00:00:00.000Z,2012,2,1,27,28.91,25.22,81.02,3.39,21.18,2.51,3.53,90,0
6958bb42a2106ae9c65ef237,2012-02-02T00:00:00.000Z,2012,2,2,26.66,28.24,25.65,77.89,4.89,11.79,2.61,6.51,165.4,0
6958bb42a2106ae9c65ef238,2012-02-03T00:00:00.000Z,2012,2,3,26.61,29.06,24.84,78.82,0.47,18.32,3.38,4.55,80.4,0
6958bb42a2106ae9c65ef239,2012-02-04T00:00:00.000Z,2012,2,4,26.39,27.6,25.48,82.34,1.84,18.36,2.38,4.16,101.7,0
6958bb42a2106ae9c65ef23a,2012-02-05T00:00:00.000Z,2012,2,5,26.08,27.63,25.1,82.12,11.77,15.09,1.61,3.33,92.8,0
6958bb42a2106ae9c65ef23b,2012-02-06T00:00:00.000Z,2012,2,6,26.68,29.35,24.82,78.21,1.52,21.36,2.35,3.94,8,0
6958bb42a2106ae9c65ef23c,2012-02-07T00:00:00.000Z,2012,2,7,26.53,28.85,24.85,80.92,2.21,23.39,3.07,4.57,29.6,0
6958bb42a2106ae9c65ef23d,2012-02-08T00:00:00.000Z,2012,2,8,26.37,28.73,24.48,83.11,1.72,23.54,4.09,5.42,53.6,0
6958bb42a2106ae9c65ef23e,2012-02-09T00:00:00.000Z,2012,2,9,26.45,28.34,24.57,83.1,1.64,21.35,4.55,6.41,73.8,0
6958bb42a2106ae9c65ef23f,2012-02-10T00:00:00.000Z,2012,2,10,26.69,28.62,24.98,78.64,2.05,20.02,4.48,5.8,63.2,0
6958bb42a2106ae9c65ef240,2012-02-11T00:00:00.000Z,2012,2,11,26.92,28.98,25.24,81.01,5.33,19.83,4.7,5.6,69.7,0
6958bb42a2106ae9c65ef241,2012-02-12T00:00:00.000Z,2012,2,12,26.91,28.79,25.3,80.28,3.64,16.59,4.03,4.73,69.2,0
6958bb42a2106ae9c65ef242,2012-02-13T00:00:00.000Z,2012,2,13,26.79,28.12,25.46,84.08,7.58,18.9,3.65,4.75,67.5,0
6958bb42a2106ae9c65ef243,2012-02-14T00:00:00.000Z,2012,2,14,26.59,28.02,25.39,83.34,5.57,20.24,3.86,4.82,59.7,0
6958bb42a2106ae9c65ef244,2012-02-15T00:00:00.000Z,2012,2,15,26.57,28.64,24.84,78.68,1.94,18.37,2.42,3.67,42,0
6958bb42a2106ae9c65ef245,2012-02-16T00:00:00.000Z,2012,2,16,26.62,28.37,25.22,76.12,1.95,15.19,1.58,2.56,318,0
6958bb42a2106ae9c65ef246,2012-02-17T00:00:00.000Z,2012,2,17,27,29.28,25.25,75.71,1.24,19.42,2.1,3.55,247.2,0
6958bb42a2106ae9c65ef247,2012-02-18T00:00:00.000Z,2012,2,18,25.9,27.25,24.67,82.04,5.81,13.33,2.13,3.34,254.4,0
6958bb42a2106ae9c65ef248,2012-02-19T00:00:00.000Z,2012,2,19,25.91,28.44,23.99,77.69,0.32,10.96,2.7,3.8,352.7,0
6958bb42a2106ae9c65ef249,2012-02-20T00:00:00.000Z,2012,2,20,26.38,28.38,24.71,80.8,0.33,21.24,3.32,4.45,61.5,0
6958bb42a2106ae9c65ef24a,2012-02-21T00:00:00.000Z,2012,2,21,26.44,28.06,25.53,83.04,4.49,18.19,2.62,3.65,67.6,0
6958bb42a2106ae9c65ef24b,2012-02-22T00:00:00.000Z,2012,2,22,26.9,29.15,25.2,80.69,0.92,19.89,3.44,4.61,48.5,0
6958bb42a2106ae9c65ef24c,2012-02-23T00:00:00.000Z,2012,2,23,26.91,28.96,25.65,82.27,3.15,16.65,3.66,4.2,46.8,0
6958bb42a2106ae9c65ef24d,2012-02-24T00:00:00.000Z,2012,2,24,27.06,28.84,25.86,80.27,2.29,21.06,2.1,3.72,45.9,0
6958bb42a2106ae9c65ef24e,2012-02-25T00:00:00.000Z,2012,2,25,26.83,28.47,25.49,80.34,3.83,16.92,1.44,2.62,287.6,0
6958bb42a2106ae9c65ef24f,2012-02-26T00:00:00.000Z,2012,2,26,27.14,28.49,25.97,80.19,2.31,15.4,2.5,3.28,80,0
6958bb42a2106ae9c65ef250,2012-02-27T00:00:00.000Z,2012,2,27,27.44,29.47,26.05,78.93,5.2,19.32,1.87,2.98,323.4,0
6958bb42a2106ae9c65ef251,2012-02-28T00:00:00.000Z,2012,2,28,26.11,26.85,25.47,85.66,6.12,15.89,2.65,3.99,290.5,0
6958bb42a2106ae9c65ef252,2012-02-29T00:00:00.000Z,2012,2,29,25.43,26.46,24.41,89.73,20.16,8.9,4.23,5.7,329.6,0
6958bb42a2106ae9c65ef253,2012-03-01T00:00:00.000Z,2012,3,1,26.45,29.27,24.34,79.26,1.5,20.42,3.24,4.96,63.9,0
6958bb42a2106ae9c65ef254,2012-03-02T00:00:00.000Z,2012,3,2,26.77,29.08,25.06,78.93,6.06,9.52,3.32,4.69,53.6,0
6958bb42a2106ae9c65ef255,2012-03-03T00:00:00.000Z,2012,3,3,26.24,28.02,25.07,80.48,3.13,15.68,1.95,2.98,244.6,0
6958bb42a2106ae9c65ef256,2012-03-04T00:00:00.000Z,2012,3,4,25.31,26.2,24.39,87.34,2.24,16.27,1.96,3.64,340.6,0
6958bb42a2106ae9c65ef257,2012-03-05T00:00:00.000Z,2012,3,5,25.95,27.52,25.08,84.8,8.34,16.87,3.24,5.04,278,0
6958bb42a2106ae9c65ef258,2012-03-06T00:00:00.000Z,2012,3,6,26.03,28.13,25.03,84.59,17.73,10.24,3.8,9.33,343.6,0
6958bb42a2106ae9c65ef259,2012-03-07T00:00:00.000Z,2012,3,7,25,25.99,23.74,86,7.27,10.45,3.32,6.39,311.3,0
6958bb42a2106ae9c65ef25a,2012-03-08T00:00:00.000Z,2012,3,8,25.12,26.92,23.57,82.23,1.17,11.39,3.05,4.66,262.8,0
6958bb42a2106ae9c65ef25b,2012-03-09T00:00:00.000Z,2012,3,9,25.79,27.45,24.4,81.91,0.03,21.98,3.5,4.84,276.1,0
6958bb42a2106ae9c65ef25c,2012-03-10T00:00:00.000Z,2012,3,10,26.76,30.13,24.08,74.92,0.19,20.98,3.32,4.83,208.9,0
6958bb42a2106ae9c65ef25d,2012-03-11T00:00:00.000Z,2012,3,11,26.71,29.63,25.28,76.34,3.47,17.49,2.38,3.09,104.7,0
6958bb42a2106ae9c65ef25e,2012-03-12T00:00:00.000Z,2012,3,12,26.56,28.35,25.19,73.95,4.95,13.33,0.82,1.67,77.9,0
6958bb42a2106ae9c65ef25f,2012-03-13T00:00:00.000Z,2012,3,13,26.5,28.7,24.76,78.25,1.21,20.96,3.01,5.38,91.7,0
6958bb42a2106ae9c65ef260,2012-03-14T00:00:00.000Z,2012,3,14,27.18,29.69,25.23,76.98,4.33,20.62,2.2,3.04,81.8,0
6958bb42a2106ae9c65ef261,2012-03-15T00:00:00.000Z,2012,3,15,26.96,28.72,25.79,80.05,1.92,20.34,2.72,4.16,58.6,0
6958bb42a2106ae9c65ef262,2012-03-16T00:00:00.000Z,2012,3,16,26.9,29.24,25.14,80.86,0.39,22.83,3.34,4.82,56.2,0
6958bb42a2106ae9c65ef263,2012-03-17T00:00:00.000Z,2012,3,17,26.8,28.97,25.22,78.14,0.99,21.63,1.94,2.85,338.9,0
6958bb42a2106ae9c65ef264,2012-03-18T00:00:00.000Z,2012,3,18,26.9,29.08,25.28,79.65,0.74,22.68,2.38,2.71,30.2,0
6958bb42a2106ae9c65ef265,2012-03-19T00:00:00.000Z,2012,3,19,27.41,29.8,25.62,74.7,0.56,20.76,1.92,3.04,357.7,0
6958bb42a2106ae9c65ef266,2012-03-20T00:00:00.000Z,2012,3,20,27.42,29.81,25.69,73.84,0.56,22.56,2.33,3.29,306,0
6958bb42a2106ae9c65ef267,2012-03-21T00:00:00.000Z,2012,3,21,27.06,30.04,24.92,72.88,0.01,24.37,2.15,3.62,12,0
6958bb42a2106ae9c65ef268,2012-03-22T00:00:00.000Z,2012,3,22,26.99,29.94,24.9,69.09,0,24.92,1.98,3.21,0.1,0
6958bb42a2106ae9c65ef269,2012-03-23T00:00:00.000Z,2012,3,23,26.85,29.39,24.71,70.5,0.02,25.19,2.23,3.45,22.7,0
6958bb42a2106ae9c65ef26a,2012-03-24T00:00:00.000Z,2012,3,24,27.41,30.32,25.66,69.11,2.4,23.42,1.58,3.52,7.3,0
6958bb42a2106ae9c65ef26b,2012-03-25T00:00:00.000Z,2012,3,25,27.29,29.26,25.93,73.56,1.56,21.23,2.11,4.07,47.7,0
6958bb42a2106ae9c65ef26c,2012-03-26T00:00:00.000Z,2012,3,26,27.47,29.53,25.62,77.04,4.1,22.68,3.07,3.72,43.8,0
6958bb42a2106ae9c65ef26d,2012-03-27T00:00:00.000Z,2012,3,27,26.89,28.33,25.72,80.11,5.46,18.91,3.79,6.15,69.8,0
6958bb42a2106ae9c65ef26e,2012-03-28T00:00:00.000Z,2012,3,28,26.34,28.36,24.84,79.04,14.02,17.89,2.8,3.46,13.5,0
6958bb42a2106ae9c65ef26f,2012-03-29T00:00:00.000Z,2012,3,29,26.42,28.68,24.73,76.27,4.44,20.57,2.83,3.97,247,0
6958bb42a2106ae9c65ef270,2012-03-30T00:00:00.000Z,2012,3,30,26.04,28.02,24.87,79.49,3.78,16.46,4.37,6.01,244.8,0
6958bb42a2106ae9c65ef271,2012-03-31T00:00:00.000Z,2012,3,31,26.31,28.53,24.62,75.64,2.65,15.82,3.25,3.52,238.9,0
6958bb42a2106ae9c65ef272,2012-04-01T00:00:00.000Z,2012,4,1,27.11,30.35,24.54,72.46,0.07,22.06,2.44,3.52,259.4,0
6958bb42a2106ae9c65ef273,2012-04-02T00:00:00.000Z,2012,4,2,27.66,30.39,25.59,73.31,1.73,21.48,2.08,3.17,281.8,0
6958bb42a2106ae9c65ef274,2012-04-03T00:00:00.000Z,2012,4,3,26.86,27.89,25.99,79.98,3.72,21.34,2.29,3.05,293.1,0
6958bb42a2106ae9c65ef275,2012-04-04T00:00:00.000Z,2012,4,4,26.67,28.27,25.47,77.67,2.82,18.34,3.05,5.01,240.3,0
6958bb42a2106ae9c65ef276,2012-04-05T00:00:00.000Z,2012,4,5,27.1,29.93,25.14,75.62,2.62,20.18,3.3,3.82,231.4,0
6958bb42a2106ae9c65ef277,2012-04-06T00:00:00.000Z,2012,4,6,27.73,30.66,25.17,71.41,5.74,17.57,1.72,2.97,217.7,0
6958bb42a2106ae9c65ef278,2012-04-07T00:00:00.000Z,2012,4,7,27.1,28.85,26.08,80.03,5.88,10.8,1.77,3.65,9.3,0
6958bb42a2106ae9c65ef279,2012-04-08T00:00:00.000Z,2012,4,8,27.46,29.62,25.92,77.18,2.7,23.81,2.67,3.55,49.3,0
6958bb42a2106ae9c65ef27a,2012-04-09T00:00:00.000Z,2012,4,9,26.84,28.11,25.94,81.07,2.74,17.44,2.48,3.3,347.1,0
6958bb42a2106ae9c65ef27b,2012-04-10T00:00:00.000Z,2012,4,10,26.49,28.2,25.46,82.49,14.17,10.44,4.63,5.46,225.9,0
6958bb42a2106ae9c65ef27c,2012-04-11T00:00:00.000Z,2012,4,11,27,29.24,25.16,77.17,12.63,22.27,2.21,3.54,253.4,0
6958bb42a2106ae9c65ef27d,2012-04-12T00:00:00.000Z,2012,4,12,27.06,28.64,25.94,78.73,0.39,21.99,1.76,2.63,7,0
6958bb42a2106ae9c65ef27e,2012-04-13T00:00:00.000Z,2012,4,13,26.88,28.3,25.82,81.56,0.99,20.83,2.7,3.6,253.9,0
6958bb42a2106ae9c65ef27f,2012-04-14T00:00:00.000Z,2012,4,14,27.45,29.41,25.74,77.83,2.2,20.27,2.36,2.74,248.7,0
6958bb42a2106ae9c65ef280,2012-04-15T00:00:00.000Z,2012,4,15,26.9,28.14,25.95,81.96,2.49,21.44,2.71,3.73,274.5,0
6958bb42a2106ae9c65ef281,2012-04-16T00:00:00.000Z,2012,4,16,26.18,27.03,25.55,86.21,3.25,16.1,3.35,4.52,284,0
6958bb42a2106ae9c65ef282,2012-04-17T00:00:00.000Z,2012,4,17,26.29,28.1,25.16,81.92,3.65,22.52,2.68,4.32,306.4,0
6958bb42a2106ae9c65ef283,2012-04-18T00:00:00.000Z,2012,4,18,27.02,29.41,25.33,79.23,5.68,15.05,3.27,4.12,234.3,0
6958bb42a2106ae9c65ef284,2012-04-19T00:00:00.000Z,2012,4,19,26.59,28.13,25.64,84.76,1.81,16.49,2.85,4.4,259.2,0
6958bb42a2106ae9c65ef285,2012-04-20T00:00:00.000Z,2012,4,20,26.02,27.55,25.06,87.49,2.29,16.47,4.89,9.39,275.2,0
6958bb42a2106ae9c65ef286,2012-04-21T00:00:00.000Z,2012,4,21,27.05,29.34,24.95,77.2,0.2,19.05,4.11,5.44,244.4,0
6958bb42a2106ae9c65ef287,2012-04-22T00:00:00.000Z,2012,4,22,28.04,31.27,25.41,75.15,0.02,24.83,3.24,4.36,228.6,0
6958bb42a2106ae9c65ef288,2012-04-23T00:00:00.000Z,2012,4,23,27.35,28.91,26.09,79.47,0.01,23.16,1.69,2.33,279.8,0
6958bb42a2106ae9c65ef289,2012-04-24T00:00:00.000Z,2012,4,24,27.69,30.17,25.73,75.64,0.09,22.46,2.29,3.11,270.9,0
6958bb42a2106ae9c65ef28a,2012-04-25T00:00:00.000Z,2012,4,25,27.47,30.02,25.85,78.16,0.12,15.55,3.76,4.67,248.9,0
6958bb42a2106ae9c65ef28b,2012-04-26T00:00:00.000Z,2012,4,26,26.74,28.17,25.27,79.29,0.92,19.04,3.92,5.05,230.7,0
6958bb42a2106ae9c65ef28c,2012-04-27T00:00:00.000Z,2012,4,27,27.56,30.92,24.8,74.61,0.53,22.22,4.42,5.01,229.2,0
6958bb42a2106ae9c65ef28d,2012-04-28T00:00:00.000Z,2012,4,28,27.56,30.35,25.72,75.55,2.49,18.53,3.28,4.57,235.9,0
6958bb42a2106ae9c65ef28e,2012-04-29T00:00:00.000Z,2012,4,29,27.07,29.45,25.44,78.89,4.16,11.92,4.81,6.03,232.6,0
6958bb42a2106ae9c65ef28f,2012-04-30T00:00:00.000Z,2012,4,30,27.32,29.47,25.74,77.29,0.26,17.58,4.13,4.96,221.9,0
6958bb42a2106ae9c65ef290,2012-05-01T00:00:00.000Z,2012,5,1,26.95,28.71,25.66,81.26,6.17,21.27,4.09,4.55,240.5,0
6958bb42a2106ae9c65ef291,2012-05-02T00:00:00.000Z,2012,5,2,26.73,27.87,25.64,80.1,5.56,16.71,3.93,4.5,260,0
6958bb42a2106ae9c65ef292,2012-05-03T00:00:00.000Z,2012,5,3,27.53,30.11,25.82,75.02,4.49,21.97,4.94,6.12,262,0
6958bb42a2106ae9c65ef293,2012-05-04T00:00:00.000Z,2012,5,4,27.12,28.86,25.65,75.56,4.98,12.87,6.76,8.93,245,0
6958bb42a2106ae9c65ef294,2012-05-05T00:00:00.000Z,2012,5,5,27.25,29.03,25.87,75.91,1.88,15.86,4.09,5.74,248.3,0
6958bb42a2106ae9c65ef295,2012-05-06T00:00:00.000Z,2012,5,6,27.12,28.98,25.85,79.4,1.12,20.63,5.69,7.19,232.3,0
6958bb42a2106ae9c65ef296,2012-05-07T00:00:00.000Z,2012,5,7,27.2,29.88,25.12,75.88,0.35,16.41,4.71,6.44,211.1,0
6958bb42a2106ae9c65ef297,2012-05-08T00:00:00.000Z,2012,5,8,27.2,29.46,25.63,78.23,0.48,19.97,4.68,5.23,213.5,0
6958bb42a2106ae9c65ef298,2012-05-09T00:00:00.000Z,2012,5,9,27.77,30.59,25.37,74.4,0.3,22.28,3.42,4.61,231.5,0
6958bb42a2106ae9c65ef299,2012-05-10T00:00:00.000Z,2012,5,10,27.28,29.82,25.61,78.5,1.33,21.14,2.76,4.21,279.7,0
6958bb42a2106ae9c65ef29a,2012-05-11T00:00:00.000Z,2012,5,11,27.43,29.68,25.78,79.03,0.27,22.01,3.07,4.08,262.2,0
6958bb42a2106ae9c65ef29b,2012-05-12T00:00:00.000Z,2012,5,12,27.47,29.83,25.71,77.6,0.05,21.43,4.62,5.58,231.7,0
6958bb42a2106ae9c65ef29c,2012-05-13T00:00:00.000Z,2012,5,13,27.7,30.46,25.55,76.43,0.04,23.05,4.33,4.9,239.4,0
6958bb42a2106ae9c65ef29d,2012-05-14T00:00:00.000Z,2012,5,14,27.85,30.29,26.11,76.45,0.04,24.56,5,6.32,224.1,0
6958bb42a2106ae9c65ef29e,2012-05-15T00:00:00.000Z,2012,5,15,27.75,30.18,26.2,77.35,0.05,20.11,4.96,5.7,228.2,0
6958bb42a2106ae9c65ef29f,2012-05-16T00:00:00.000Z,2012,5,16,27.17,28.92,26.11,81.45,1.64,18.95,5.06,5.78,240.4,0
6958bb42a2106ae9c65ef2a0,2012-05-17T00:00:00.000Z,2012,5,17,27.07,28.73,25.77,80.9,1.51,17.58,4.56,5.48,242.9,0
6958bb42a2106ae9c65ef2a1,2012-05-18T00:00:00.000Z,2012,5,18,28.31,31.48,25.64,71.55,0.26,22.79,3.71,4.17,225.1,0
6958bb42a2106ae9c65ef2a2,2012-05-19T00:00:00.000Z,2012,5,19,28.64,31.96,25.89,69.92,0.2,23.75,2.71,3.77,215.4,0
6958bb42a2106ae9c65ef2a3,2012-05-20T00:00:00.000Z,2012,5,20,28.57,31.95,26.06,71.87,0.08,23.45,3.29,4.29,235.6,0
6958bb42a2106ae9c65ef2a4,2012-05-21T00:00:00.000Z,2012,5,21,28.01,31.11,25.88,73.4,1.79,21.02,5.34,6.81,222.9,0
6958bb42a2106ae9c65ef2a5,2012-05-22T00:00:00.000Z,2012,5,22,27.43,28.96,26.32,82.29,19.53,13.74,6.02,7.89,245.3,0
6958bb42a2106ae9c65ef2a6,2012-05-23T00:00:00.000Z,2012,5,23,27.39,29.17,26.16,81.21,8.55,15.73,6.41,7.81,245.6,0
6958bb42a2106ae9c65ef2a7,2012-05-24T00:00:00.000Z,2012,5,24,26.86,28.15,25.81,83.46,14.89,11.5,6.91,8.3,235.9,0
6958bb42a2106ae9c65ef2a8,2012-05-25T00:00:00.000Z,2012,5,25,26.77,28.3,25.91,83.01,15.12,7.2,6.99,9.02,235,0
6958bb42a2106ae9c65ef2a9,2012-05-26T00:00:00.000Z,2012,5,26,26.94,28.76,25.66,81.11,7.38,10.14,5.5,6.49,224.4,0
6958bb42a2106ae9c65ef2aa,2012-05-27T00:00:00.000Z,2012,5,27,27.04,28.58,25.94,80.79,3.17,8.31,6.15,7.63,232.4,0
6958bb42a2106ae9c65ef2ab,2012-05-28T00:00:00.000Z,2012,5,28,27.37,28.93,26.02,79.15,5.29,12.33,5.93,6.77,233.7,0
6958bb42a2106ae9c65ef2ac,2012-05-29T00:00:00.000Z,2012,5,29,27.75,30.03,25.97,79.29,3.25,17.12,5.79,7.55,235.7,0
6958bb42a2106ae9c65ef2ad,2012-05-30T00:00:00.000Z,2012,5,30,26.52,27.67,25.56,83.03,7.36,18.23,5.62,8.28,231.9,0
6958bb42a2106ae9c65ef2ae,2012-05-31T00:00:00.000Z,2012,5,31,27.1,28.88,25.95,82.46,6.01,17.14,5.97,7.6,226.4,0
6958bb42a2106ae9c65ef2af,2012-06-01T00:00:00.000Z,2012,6,1,27.53,30.01,25.9,79.92,0.81,17.81,6.3,7.8,218.6,0
6958bb42a2106ae9c65ef2b0,2012-06-02T00:00:00.000Z,2012,6,2,27.56,29.42,26.18,80.4,0.4,16.69,6.51,7.99,223,0
6958bb42a2106ae9c65ef2b1,2012-06-03T00:00:00.000Z,2012,6,3,27.87,30.03,26.23,79.43,0.37,20.58,6.3,7.59,222.6,0
6958bb42a2106ae9c65ef2b2,2012-06-04T00:00:00.000Z,2012,6,4,27.91,30.36,26.22,77.42,1.09,16.79,6.65,7.88,223.9,0
6958bb42a2106ae9c65ef2b3,2012-06-05T00:00:00.000Z,2012,6,5,27.23,28.69,26.38,80.84,6.07,10.5,7.83,9.12,234.2,0
6958bb42a2106ae9c65ef2b4,2012-06-06T00:00:00.000Z,2012,6,6,27.1,28.67,26.33,81.21,12.24,11.73,10.02,12.44,234.8,0
6958bb42a2106ae9c65ef2b5,2012-06-07T00:00:00.000Z,2012,6,7,26.94,28.4,25.69,83,9.68,11.61,8.91,9.85,238.1,0
6958bb42a2106ae9c65ef2b6,2012-06-08T00:00:00.000Z,2012,6,8,26.93,28.53,25.48,82.88,6.78,14.11,7.7,9.28,220.2,0
6958bb42a2106ae9c65ef2b7,2012-06-09T00:00:00.000Z,2012,6,9,27.22,29.14,25.76,79.62,2.58,17.93,8.65,10.75,211.8,0
6958bb42a2106ae9c65ef2b8,2012-06-10T00:00:00.000Z,2012,6,10,26.62,28.7,25.31,75.87,2.82,12.31,7.93,10.65,216.8,0
6958bb42a2106ae9c65ef2b9,2012-06-11T00:00:00.000Z,2012,6,11,27.32,30.23,25.31,77.82,0.19,20.67,7.15,8.22,204.3,0
6958bb42a2106ae9c65ef2ba,2012-06-12T00:00:00.000Z,2012,6,12,27.48,30.46,25.4,76.1,0.03,20.22,6,7.33,199.8,0
6958bb42a2106ae9c65ef2bb,2012-06-13T00:00:00.000Z,2012,6,13,27.42,30.97,24.83,69.96,0,24.29,3.4,4,204.1,0
6958bb42a2106ae9c65ef2bc,2012-06-14T00:00:00.000Z,2012,6,14,26.98,30.61,23.96,72.12,0,23.78,3.47,4.57,220.4,0
6958bb42a2106ae9c65ef2bd,2012-06-15T00:00:00.000Z,2012,6,15,26.84,30.91,23.77,70.7,0,24.27,3.9,4.49,223.1,0
6958bb42a2106ae9c65ef2be,2012-06-16T00:00:00.000Z,2012,6,16,26.58,30.03,23.72,73.14,0,25.03,5.74,6.71,217.7,0
6958bb42a2106ae9c65ef2bf,2012-06-17T00:00:00.000Z,2012,6,17,27.47,30.44,24.99,73.9,0,21.45,6.13,7.71,214.5,0
6958bb42a2106ae9c65ef2c0,2012-06-18T00:00:00.000Z,2012,6,18,27.54,30.5,25.34,74.36,0.49,18.57,4.39,5.35,222.5,0
6958bb42a2106ae9c65ef2c1,2012-06-19T00:00:00.000Z,2012,6,19,27.47,30.78,25.05,73.64,0.03,21.51,4.34,5.59,229.8,0
6958bb42a2106ae9c65ef2c2,2012-06-20T00:00:00.000Z,2012,6,20,27.69,30.71,25.33,73.53,0.1,20.53,5.15,6.06,212.6,0
6958bb42a2106ae9c65ef2c3,2012-06-21T00:00:00.000Z,2012,6,21,27.83,30.78,25.22,72.49,0.02,21.43,3.39,4.77,210.8,0
6958bb42a2106ae9c65ef2c4,2012-06-22T00:00:00.000Z,2012,6,22,27.64,30.36,25.68,71.41,0.01,23.06,2.39,3.31,222.6,0
6958bb42a2106ae9c65ef2c5,2012-06-23T00:00:00.000Z,2012,6,23,27.37,30.2,25.02,70.79,0,23.59,2.7,3.33,239,0
6958bb42a2106ae9c65ef2c6,2012-06-24T00:00:00.000Z,2012,6,24,27.86,31.49,25.11,68.44,0,23.44,3.15,4.04,224.1,0
6958bb42a2106ae9c65ef2c7,2012-06-25T00:00:00.000Z,2012,6,25,27.98,31.5,24.83,66.33,0.01,22.7,2.63,3.73,220.8,0
6958bb42a2106ae9c65ef2c8,2012-06-26T00:00:00.000Z,2012,6,26,27.82,30.41,26.04,72.3,0.21,15.41,2.72,3.95,255.9,0
6958bb42a2106ae9c65ef2c9,2012-06-27T00:00:00.000Z,2012,6,27,26.99,28.93,25.49,76.59,0.1,23.08,4.28,5.01,222.7,0
6958bb42a2106ae9c65ef2ca,2012-06-28T00:00:00.000Z,2012,6,28,27.58,30.33,25.8,74.52,1.48,22.23,3.51,4.52,247.9,0
6958bb42a2106ae9c65ef2cb,2012-06-29T00:00:00.000Z,2012,6,29,27.28,30.24,25.24,76.98,0.86,23.09,4.66,5.75,242.8,0
6958bb42a2106ae9c65ef2cc,2012-06-30T00:00:00.000Z,2012,6,30,27.35,30.16,25.67,75.66,0.27,20.94,5.57,6.93,223.5,0
6958bb42a2106ae9c65ef2cd,2012-07-01T00:00:00.000Z,2012,7,1,27.23,29.12,25.78,75.91,3.96,19.1,4.95,5.81,229.7,0
6958bb42a2106ae9c65ef2ce,2012-07-02T00:00:00.000Z,2012,7,2,26.87,28.55,25.66,77.71,2.16,14.94,4.47,5.59,227.5,0
6958bb42a2106ae9c65ef2cf,2012-07-03T00:00:00.000Z,2012,7,3,26.85,28.89,25.39,79.07,2.8,11.7,6.02,7.18,241.7,0
6958bb42a2106ae9c65ef2d0,2012-07-04T00:00:00.000Z,2012,7,4,26.72,28.55,25.62,78.32,1.82,12.18,7.47,9.37,233,0
6958bb42a2106ae9c65ef2d1,2012-07-05T00:00:00.000Z,2012,7,5,26.76,28.87,25.38,76.42,1.73,18.03,5.62,6.93,229.8,0
6958bb42a2106ae9c65ef2d2,2012-07-06T00:00:00.000Z,2012,7,6,26.89,29.14,25.16,76.12,2.93,16.99,6.19,7.3,232.9,0
6958bb42a2106ae9c65ef2d3,2012-07-07T00:00:00.000Z,2012,7,7,26.72,28.34,25.43,79.95,8.45,12.1,6.53,8.36,239.7,0
6958bb42a2106ae9c65ef2d4,2012-07-08T00:00:00.000Z,2012,7,8,26.33,27.88,25.34,79.72,7.25,12.85,7.18,8.7,236.6,0
6958bb42a2106ae9c65ef2d5,2012-07-09T00:00:00.000Z,2012,7,9,26.81,29.28,24.92,76.63,2.72,18.09,6.06,7.26,221.4,0
6958bb42a2106ae9c65ef2d6,2012-07-10T00:00:00.000Z,2012,7,10,26.93,29.43,25.26,77.15,1.65,13.15,5.09,6.06,240.4,0
6958bb42a2106ae9c65ef2d7,2012-07-11T00:00:00.000Z,2012,7,11,27.44,30.16,25.53,74.11,0.55,17.16,3.5,4.97,235.7,0
6958bb42a2106ae9c65ef2d8,2012-07-12T00:00:00.000Z,2012,7,12,27.58,30.1,25.67,74.62,1.77,18.65,5.06,5.74,205.8,0
6958bb42a2106ae9c65ef2d9,2012-07-13T00:00:00.000Z,2012,7,13,26.95,29.26,25.14,72.1,0.52,19.24,5.29,7.74,192.3,0
6958bb42a2106ae9c65ef2da,2012-07-14T00:00:00.000Z,2012,7,14,27.28,30.74,24.77,70.47,1,14.14,5.73,7.17,191.8,0
6958bb42a2106ae9c65ef2db,2012-07-15T00:00:00.000Z,2012,7,15,27.92,31.18,24.94,68.32,0.06,22.92,3.34,5.33,197.6,0
6958bb42a2106ae9c65ef2dc,2012-07-16T00:00:00.000Z,2012,7,16,27,29.31,25.22,73.61,1.28,20.6,4.63,6.39,208.7,0
6958bb42a2106ae9c65ef2dd,2012-07-17T00:00:00.000Z,2012,7,17,27.57,30.73,24.78,69.53,0.49,15.09,4.63,6.36,209,0
6958bb42a2106ae9c65ef2de,2012-07-18T00:00:00.000Z,2012,7,18,27.12,29.42,25.33,72.79,2.97,19.58,3.05,3.75,236.6,0
6958bb42a2106ae9c65ef2df,2012-07-19T00:00:00.000Z,2012,7,19,26.46,28.15,25.27,76.12,1.83,14.52,4.1,4.94,245.4,0
6958bb42a2106ae9c65ef2e0,2012-07-20T00:00:00.000Z,2012,7,20,27.16,29.71,25.12,75.22,0.79,22.43,4.04,4.76,210.7,0
6958bb42a2106ae9c65ef2e1,2012-07-21T00:00:00.000Z,2012,7,21,27.07,29.14,25.58,76.75,1.42,18.49,5.41,6.86,211.8,0
6958bb42a2106ae9c65ef2e2,2012-07-22T00:00:00.000Z,2012,7,22,27.64,30.73,25.37,71.82,0.76,19.63,6.07,7.71,211.1,0
6958bb42a2106ae9c65ef2e3,2012-07-23T00:00:00.000Z,2012,7,23,27.22,30.34,25.39,75.63,6.33,18.82,7.24,9.03,211.7,0
6958bb42a2106ae9c65ef2e4,2012-07-24T00:00:00.000Z,2012,7,24,26.22,27.38,25.27,81.11,7.39,11.25,8.18,12.74,213.7,0
6958bb42a2106ae9c65ef2e5,2012-07-25T00:00:00.000Z,2012,7,25,27.3,30.63,24.79,73.76,0.04,16.8,5.79,7.47,206.5,0
6958bb42a2106ae9c65ef2e6,2012-07-26T00:00:00.000Z,2012,7,26,27.45,30.02,25.35,75.21,0.07,24.29,5.29,6.14,202.4,0
6958bb42a2106ae9c65ef2e7,2012-07-27T00:00:00.000Z,2012,7,27,27.91,31.08,25.31,71.27,0.04,24.18,4.22,5.02,197.7,0
6958bb42a2106ae9c65ef2e8,2012-07-28T00:00:00.000Z,2012,7,28,27.97,30.98,25.67,71.79,0.03,21.24,4.88,6.08,202.3,0
6958bb42a2106ae9c65ef2e9,2012-07-29T00:00:00.000Z,2012,7,29,27.9,31.1,25.34,71.25,0.22,21.96,4.98,5.92,206.4,0
6958bb42a2106ae9c65ef2ea,2012-07-30T00:00:00.000Z,2012,7,30,27.05,28.8,25.68,77.91,0.27,22.2,5.72,7.25,213.3,0
6958bb42a2106ae9c65ef2eb,2012-07-31T00:00:00.000Z,2012,7,31,27.79,30.79,25.63,73.33,0.01,19.45,5.89,6.78,217.4,0
6958bb42a2106ae9c65ef2ec,2012-08-01T00:00:00.000Z,2012,8,1,27.65,30.42,25.71,73.46,0.01,18.79,5.42,6.24,215.3,0
6958bb42a2106ae9c65ef2ed,2012-08-02T00:00:00.000Z,2012,8,2,27.44,29.88,25.59,77.39,0.04,18.04,6.11,7.23,213.7,0
6958bb42a2106ae9c65ef2ee,2012-08-03T00:00:00.000Z,2012,8,3,27.43,29.76,26.06,77.76,0.02,22.07,5.92,7.43,215.3,0
6958bb42a2106ae9c65ef2ef,2012-08-04T00:00:00.000Z,2012,8,4,27.41,29.52,25.83,77.56,0,22.4,4.84,6.03,220,0
6958bb42a2106ae9c65ef2f0,2012-08-05T00:00:00.000Z,2012,8,5,28.01,31.24,25.44,72.3,0.01,23,4.68,5.42,215.9,0
6958bb42a2106ae9c65ef2f1,2012-08-06T00:00:00.000Z,2012,8,6,27.98,31.4,25.55,71.36,0.27,23.74,5.36,6.57,217,0
6958bb42a2106ae9c65ef2f2,2012-08-07T00:00:00.000Z,2012,8,7,28.14,31.42,25.14,69.51,0.02,21.25,2.99,4.58,227.2,0
6958bb42a2106ae9c65ef2f3,2012-08-08T00:00:00.000Z,2012,8,8,27.67,30,25.89,75.82,0.15,18.4,2.21,3.37,291.7,0
6958bb42a2106ae9c65ef2f4,2012-08-09T00:00:00.000Z,2012,8,9,27.49,29.71,25.92,76.45,0.16,19.13,3.19,3.92,266.4,0
6958bb42a2106ae9c65ef2f5,2012-08-10T00:00:00.000Z,2012,8,10,27.89,30.94,25.6,73.06,0.28,22.98,2.7,4.29,243.9,0
6958bb42a2106ae9c65ef2f6,2012-08-11T00:00:00.000Z,2012,8,11,27.87,30.41,25.92,71.97,0.12,23.35,1.66,2.22,32.6,0
6958bb42a2106ae9c65ef2f7,2012-08-12T00:00:00.000Z,2012,8,12,27.81,29.99,26.25,72.62,0.4,19.67,1.59,2.8,5.2,0
6958bb42a2106ae9c65ef2f8,2012-08-13T00:00:00.000Z,2012,8,13,28.03,31.4,25.87,70.34,0.48,20.98,1.73,3.28,292,0
6958bb42a2106ae9c65ef2f9,2012-08-14T00:00:00.000Z,2012,8,14,28.27,31.32,26.25,70.46,0.64,22.47,2.71,3.43,259,0
6958bb42a2106ae9c65ef2fa,2012-08-15T00:00:00.000Z,2012,8,15,28.25,31.22,26.2,71.66,7.44,19.35,3.71,4.33,246.4,0
6958bb42a2106ae9c65ef2fb,2012-08-16T00:00:00.000Z,2012,8,16,27.43,29.91,25.62,75.62,5.74,21.56,5.6,7.05,239.9,0
6958bb42a2106ae9c65ef2fc,2012-08-17T00:00:00.000Z,2012,8,17,27.66,30.6,25.76,72.57,2.77,15.73,5.39,6.33,228.3,0
6958bb42a2106ae9c65ef2fd,2012-08-18T00:00:00.000Z,2012,8,18,26.98,29.33,25.56,75,1.26,14.49,5.29,6.01,220.4,0
6958bb42a2106ae9c65ef2fe,2012-08-19T00:00:00.000Z,2012,8,19,27.22,29.69,25.33,72.84,1.05,20.45,3.38,4.57,221.4,0
6958bb42a2106ae9c65ef2ff,2012-08-20T00:00:00.000Z,2012,8,20,27.15,29.65,25.41,75.24,6.12,14.52,5.21,6.41,218.7,0
6958bb42a2106ae9c65ef300,2012-08-21T00:00:00.000Z,2012,8,21,26.9,29.64,25.24,76.79,3.18,16.78,5.13,5.88,230.2,0
6958bb42a2106ae9c65ef301,2012-08-22T00:00:00.000Z,2012,8,22,26,27.57,25.01,81.15,11.85,16.41,4.55,5.97,263,0
6958bb42a2106ae9c65ef302,2012-08-23T00:00:00.000Z,2012,8,23,26.7,29.24,25.12,76.28,4.74,20.02,4.79,5.51,258.6,0
6958bb42a2106ae9c65ef303,2012-08-24T00:00:00.000Z,2012,8,24,26.07,27.99,24.51,78.21,2.39,13.18,4.43,4.78,253.4,0
6958bb42a2106ae9c65ef304,2012-08-25T00:00:00.000Z,2012,8,25,27.02,30,24.9,74.03,0.36,16.89,3.94,4.92,237.4,0
6958bb42a2106ae9c65ef305,2012-08-26T00:00:00.000Z,2012,8,26,27.03,29.81,25.28,75.53,1.4,18.26,5.3,7.12,243.2,0
6958bb42a2106ae9c65ef306,2012-08-27T00:00:00.000Z,2012,8,27,26.53,28.65,25.22,77.81,4.85,15.95,8.63,10.03,237.5,0
6958bb42a2106ae9c65ef307,2012-08-28T00:00:00.000Z,2012,8,28,26.1,27.65,24.75,79.08,4.45,13.56,7.29,9,224.9,0
6958bb42a2106ae9c65ef308,2012-08-29T00:00:00.000Z,2012,8,29,27.49,31.3,24.51,68.78,0.43,21.02,4.13,5.53,229,0
6958bb42a2106ae9c65ef309,2012-08-30T00:00:00.000Z,2012,8,30,27.55,30.47,25.16,69.64,0,21.77,1.96,2.61,270.3,0
6958bb42a2106ae9c65ef30a,2012-08-31T00:00:00.000Z,2012,8,31,27.73,30.93,25.54,71.47,0,23.69,1.75,2.76,295.3,0
6958bb42a2106ae9c65ef30b,2012-09-01T00:00:00.000Z,2012,9,1,27.87,31,25.65,71.37,0,22.42,2.01,2.63,259,0
6958bb42a2106ae9c65ef30c,2012-09-02T00:00:00.000Z,2012,9,2,28.13,31.12,25.81,71.29,0,21.92,2.34,3.33,232.4,0
6958bb42a2106ae9c65ef30d,2012-09-03T00:00:00.000Z,2012,9,3,28.47,31.6,25.78,71.19,0.43,24.21,2.25,3.34,236.7,0
6958bb42a2106ae9c65ef30e,2012-09-04T00:00:00.000Z,2012,9,4,27.69,30.14,26.01,74.24,2.79,22.82,4.38,7.22,227.8,0
6958bb42a2106ae9c65ef30f,2012-09-05T00:00:00.000Z,2012,9,5,26.75,29.07,25.24,78.03,12.46,12.63,5.22,6.04,250.5,0
6958bb42a2106ae9c65ef310,2012-09-06T00:00:00.000Z,2012,9,6,27.05,29.89,24.99,72.25,4.35,13.42,5.49,6.47,222.4,0
6958bb42a2106ae9c65ef311,2012-09-07T00:00:00.000Z,2012,9,7,27.33,30.54,24.79,70.87,0.95,16.63,3.9,5.57,249.9,0
6958bb42a2106ae9c65ef312,2012-09-08T00:00:00.000Z,2012,9,8,27.97,30.85,25.54,68.42,0.71,23.49,2.92,4.36,217.4,0
6958bb42a2106ae9c65ef313,2012-09-09T00:00:00.000Z,2012,9,9,27.93,31.02,25.57,69.6,0.65,21.69,3.94,4.9,228.3,0
6958bb42a2106ae9c65ef314,2012-09-10T00:00:00.000Z,2012,9,10,27.81,30.43,25.65,71.68,0.76,21.58,3.75,4.51,239.5,0
6958bb42a2106ae9c65ef315,2012-09-11T00:00:00.000Z,2012,9,11,26.86,28.9,25.52,75.72,1.98,10.58,4.59,5.46,227.6,0
6958bb42a2106ae9c65ef316,2012-09-12T00:00:00.000Z,2012,9,12,26.41,27.89,25.4,79.09,3.71,13.76,5.44,6.26,224.8,0
6958bb42a2106ae9c65ef317,2012-09-13T00:00:00.000Z,2012,9,13,25.77,27.21,24.79,80.76,1.62,12.97,6.34,8.81,237.5,0
6958bb42a2106ae9c65ef318,2012-09-14T00:00:00.000Z,2012,9,14,26.59,29.16,24.52,73.69,0.35,19.45,4.11,4.81,234.2,0
6958bb42a2106ae9c65ef319,2012-09-15T00:00:00.000Z,2012,9,15,25.84,28.11,24.19,72.17,1.36,14.13,4.64,6.46,230.8,0
6958bb42a2106ae9c65ef31a,2012-09-16T00:00:00.000Z,2012,9,16,27.14,30.18,23.74,64.54,0.59,18.28,4.28,6.04,234.6,0
6958bb42a2106ae9c65ef31b,2012-09-17T00:00:00.000Z,2012,9,17,28.17,31.38,25.22,66.28,0.02,20.69,1.89,3.16,208.5,0
6958bb42a2106ae9c65ef31c,2012-09-18T00:00:00.000Z,2012,9,18,27.13,29.07,25.63,73.92,0.13,18.6,2.98,4.48,244.4,0
6958bb42a2106ae9c65ef31d,2012-09-19T00:00:00.000Z,2012,9,19,27.08,30.06,25.21,72.04,0.22,20.54,4.29,6.75,235.1,0
6958bb42a2106ae9c65ef31e,2012-09-20T00:00:00.000Z,2012,9,20,26.84,29.01,25.02,71.71,0.13,16.48,3.09,3.78,223.5,0
6958bb42a2106ae9c65ef31f,2012-09-21T00:00:00.000Z,2012,9,21,27.36,30.88,24.81,70.55,0.62,22.08,3.33,5.15,262.3,0
6958bb42a2106ae9c65ef320,2012-09-22T00:00:00.000Z,2012,9,22,27.3,29.39,25.64,69.08,0.1,16.89,2.47,3.01,298,0
6958bb42a2106ae9c65ef321,2012-09-23T00:00:00.000Z,2012,9,23,27.57,30.61,25.29,71.79,0.73,21.3,3.81,4.92,272.5,0
6958bb42a2106ae9c65ef322,2012-09-24T00:00:00.000Z,2012,9,24,27.12,28.85,25.8,75.68,3.62,19.28,5.03,6.4,251.9,0
6958bb42a2106ae9c65ef323,2012-09-25T00:00:00.000Z,2012,9,25,26.24,28.33,24.79,79.02,27.13,10.16,6.3,7.95,252.8,0
6958bb42a2106ae9c65ef324,2012-09-26T00:00:00.000Z,2012,9,26,25.82,27.45,24.57,80.82,15.46,6.99,5.71,7.17,231.8,0
6958bb42a2106ae9c65ef325,2012-09-27T00:00:00.000Z,2012,9,27,25.92,27.51,24.74,82.6,19.13,14.18,7.47,10.29,225.4,0
6958bb42a2106ae9c65ef326,2012-09-28T00:00:00.000Z,2012,9,28,26.33,28.85,24.48,74.69,2.39,18.15,5.74,9.31,227.1,0
6958bb42a2106ae9c65ef327,2012-09-29T00:00:00.000Z,2012,9,29,27.63,31.73,23.71,65.67,0.1,19.61,2.8,4.51,212.5,0
6958bb42a2106ae9c65ef328,2012-09-30T00:00:00.000Z,2012,9,30,27.92,31.22,25.15,70.75,0.01,24.72,2.92,4.05,213.8,0
6958bb42a2106ae9c65ef329,2012-10-01T00:00:00.000Z,2012,10,1,27.39,30.09,25.08,71.91,0,21.29,2.39,3.03,245.6,0
6958bb42a2106ae9c65ef32a,2012-10-02T00:00:00.000Z,2012,10,2,28.07,31.3,25.2,69.18,0.02,22.7,1.54,2.06,276.7,0
6958bb42a2106ae9c65ef32b,2012-10-03T00:00:00.000Z,2012,10,3,27.57,30.24,25.8,74.66,2.05,22.74,2.46,3.81,269.8,0
6958bb42a2106ae9c65ef32c,2012-10-04T00:00:00.000Z,2012,10,4,27.24,30.09,25.25,74.63,2.48,20.72,3.81,4.71,253.3,0
6958bb42a2106ae9c65ef32d,2012-10-05T00:00:00.000Z,2012,10,5,26.85,29.01,25.24,73.96,0.43,20.47,2.1,3.41,267,0
6958bb42a2106ae9c65ef32e,2012-10-06T00:00:00.000Z,2012,10,6,27.32,30.14,25.25,76.63,3.44,21.88,2.66,3.07,258.3,0
6958bb42a2106ae9c65ef32f,2012-10-07T00:00:00.000Z,2012,10,7,26.64,28.37,25.43,78.85,4.25,20.35,2.71,3.68,256.6,0
6958bb42a2106ae9c65ef330,2012-10-08T00:00:00.000Z,2012,10,8,27.03,29.76,24.92,72.25,1.28,20.06,2.82,4.03,246.4,0
6958bb42a2106ae9c65ef331,2012-10-09T00:00:00.000Z,2012,10,9,27.84,31.12,25.06,70.31,5.41,19.77,2.29,3.98,229.6,0
6958bb42a2106ae9c65ef332,2012-10-10T00:00:00.000Z,2012,10,10,26.61,27.84,25.57,80.89,10.9,22.73,2.63,4.91,45.7,0
6958bb42a2106ae9c65ef333,2012-10-11T00:00:00.000Z,2012,10,11,26.56,28.27,25.06,81.26,0.99,21.29,3.68,4.36,48.1,0
6958bb42a2106ae9c65ef334,2012-10-12T00:00:00.000Z,2012,10,12,26.83,28.8,25.25,80.55,2.68,20.9,3.19,4.43,26.6,0
6958bb42a2106ae9c65ef335,2012-10-13T00:00:00.000Z,2012,10,13,26.48,27.7,25.56,80.33,6.74,13.99,2.47,3.17,311.2,0
6958bb42a2106ae9c65ef336,2012-10-14T00:00:00.000Z,2012,10,14,26.97,29.52,25.09,74.8,2.75,20.47,2.62,3.61,310.7,0
6958bb42a2106ae9c65ef337,2012-10-15T00:00:00.000Z,2012,10,15,26.2,27.93,25.26,78.39,22.1,15.27,1.76,2.46,349.4,0
6958bb42a2106ae9c65ef338,2012-10-16T00:00:00.000Z,2012,10,16,26.82,28.84,25.35,76.57,16.95,15.51,1.87,2.38,253.8,0
6958bb42a2106ae9c65ef339,2012-10-17T00:00:00.000Z,2012,10,17,27.2,29.68,25.51,75.09,9.87,19.53,2.12,2.93,267,0
6958bb42a2106ae9c65ef33a,2012-10-18T00:00:00.000Z,2012,10,18,26.67,28.52,25.49,78.88,5.79,15.65,2.28,3.72,351.7,0
6958bb42a2106ae9c65ef33b,2012-10-19T00:00:00.000Z,2012,10,19,26.43,28.3,25.34,81.51,3.47,16.32,3.4,4.95,42.9,0
6958bb42a2106ae9c65ef33c,2012-10-20T00:00:00.000Z,2012,10,20,26.56,28.72,24.89,81.49,13.61,19.01,4.56,6.33,66.2,0
6958bb42a2106ae9c65ef33d,2012-10-21T00:00:00.000Z,2012,10,21,26.19,27.46,25.45,86,6.99,12.25,4.19,6.16,73.8,0
6958bb42a2106ae9c65ef33e,2012-10-22T00:00:00.000Z,2012,10,22,26.59,28.76,25.15,81.61,4.95,18.54,2.91,4.37,73.8,0
6958bb42a2106ae9c65ef33f,2012-10-23T00:00:00.000Z,2012,10,23,25.73,26.57,25,83.65,4.32,11.03,2.75,4.58,41.2,0
6958bb42a2106ae9c65ef340,2012-10-24T00:00:00.000Z,2012,10,24,26.28,28.06,24.7,81.67,5.59,20.44,2.13,3.04,333.3,0
6958bb42a2106ae9c65ef341,2012-10-25T00:00:00.000Z,2012,10,25,25.92,27.33,25,82.24,9.04,17.03,2.71,3.5,242.1,0
6958bb42a2106ae9c65ef342,2012-10-26T00:00:00.000Z,2012,10,26,26.6,28.84,24.74,78.36,3.35,13.96,2.84,3.9,226,0
6958bb42a2106ae9c65ef343,2012-10-27T00:00:00.000Z,2012,10,27,27.03,29.52,25.36,77.44,2.2,18.72,2.6,4.09,76.1,0
6958bb42a2106ae9c65ef344,2012-10-28T00:00:00.000Z,2012,10,28,26.87,28.47,25.65,83.23,6.32,18.12,4.78,6.09,35.8,0
6958bb42a2106ae9c65ef345,2012-10-29T00:00:00.000Z,2012,10,29,27.74,30.14,26.11,77.94,1.23,18.71,4.41,5.8,63.7,0
6958bb42a2106ae9c65ef346,2012-10-30T00:00:00.000Z,2012,10,30,26.72,28.22,25.67,80.96,5.51,12.29,2.93,3.37,8.4,0
6958bb42a2106ae9c65ef347,2012-10-31T00:00:00.000Z,2012,10,31,25.96,26.6,25.24,84.52,4.14,14.96,2.72,3.59,359.6,0
6958bb42a2106ae9c65ef348,2012-11-01T00:00:00.000Z,2012,11,1,26.23,27.83,25.01,83.51,2.33,13.7,4.12,5.88,56.7,0
6958bb42a2106ae9c65ef349,2012-11-02T00:00:00.000Z,2012,11,2,26.5,28.58,25.11,82.2,35.54,17.01,3.05,4.81,44.9,0
6958bb42a2106ae9c65ef34a,2012-11-03T00:00:00.000Z,2012,11,3,26.08,27.53,25.16,82.87,22.87,12.3,2.07,2.61,21.4,0
6958bb42a2106ae9c65ef34b,2012-11-04T00:00:00.000Z,2012,11,4,25.58,26.71,24.71,81.02,11.83,10.67,2.1,2.64,287,0
6958bb42a2106ae9c65ef34c,2012-11-05T00:00:00.000Z,2012,11,5,26.2,27.85,24.51,73.49,22.35,10.29,0.77,2.5,294.5,0
6958bb42a2106ae9c65ef34d,2012-11-06T00:00:00.000Z,2012,11,6,26.24,27.75,25.11,76.81,3.42,13.16,3.12,5.06,42.5,0
6958bb42a2106ae9c65ef34e,2012-11-07T00:00:00.000Z,2012,11,7,26.62,28.22,25.09,84.59,5.13,18.92,4.12,5.48,54.3,0
6958bb42a2106ae9c65ef34f,2012-11-08T00:00:00.000Z,2012,11,8,26.75,28.05,25.68,83,6.56,15.17,3.03,4.96,71,0
6958bb42a2106ae9c65ef350,2012-11-09T00:00:00.000Z,2012,11,9,26.82,28.95,25.52,77.44,5.86,14.38,1.76,2.98,10.5,0
6958bb42a2106ae9c65ef351,2012-11-10T00:00:00.000Z,2012,11,10,26.38,28.34,25.04,83.96,5.91,13.19,1.77,2.76,12.7,0
6958bb42a2106ae9c65ef352,2012-11-11T00:00:00.000Z,2012,11,11,26.08,27.63,24.98,86.44,16.97,12.97,1.78,2.58,5.3,0
6958bb42a2106ae9c65ef353,2012-11-12T00:00:00.000Z,2012,11,12,26.63,28.9,24.93,80.49,8.01,14.49,2.85,4.58,159.1,0
6958bb42a2106ae9c65ef354,2012-11-13T00:00:00.000Z,2012,11,13,26.17,28.19,24.46,79.93,3.46,12.45,4.4,5.04,176.4,0
6958bb42a2106ae9c65ef355,2012-11-14T00:00:00.000Z,2012,11,14,26.84,29.3,25.06,79.58,1.08,17.99,4.68,5.83,192.7,0
6958bb42a2106ae9c65ef356,2012-11-15T00:00:00.000Z,2012,11,15,26.97,29.38,25.21,79.24,0.21,17,3.62,4.74,203.7,0
6958bb42a2106ae9c65ef357,2012-11-16T00:00:00.000Z,2012,11,16,27.08,30.03,25.01,77.1,0.27,20.83,2.45,3.42,248.5,0
6958bb42a2106ae9c65ef358,2012-11-17T00:00:00.000Z,2012,11,17,27,29.75,25.31,78.54,2.13,14.43,3.1,4.66,243.9,0
6958bb42a2106ae9c65ef359,2012-11-18T00:00:00.000Z,2012,11,18,27.24,29.88,25,73.01,0.87,21.39,4.01,5.39,231.2,0
6958bb42a2106ae9c65ef35a,2012-11-19T00:00:00.000Z,2012,11,19,26.85,28.67,25.42,78.69,3.06,18.27,2.85,3.88,222.6,0
6958bb42a2106ae9c65ef35b,2012-11-20T00:00:00.000Z,2012,11,20,25.64,26.23,24.71,84.22,9.06,12.01,3.29,3.64,248.6,0
6958bb42a2106ae9c65ef35c,2012-11-21T00:00:00.000Z,2012,11,21,26.1,27.91,24.31,79.13,5.05,18.18,2.45,3.42,261,0
6958bb42a2106ae9c65ef35d,2012-11-22T00:00:00.000Z,2012,11,22,27.23,29.75,25.22,77.63,1.38,19.38,2.4,3.16,263.4,0
6958bb42a2106ae9c65ef35e,2012-11-23T00:00:00.000Z,2012,11,23,26.48,27.73,25.59,83.44,2.71,16.56,2.88,3.16,269,0
6958bb42a2106ae9c65ef35f,2012-11-24T00:00:00.000Z,2012,11,24,26.23,27.16,25.4,80.71,2.61,16.4,1.91,2.54,219.8,0
6958bb42a2106ae9c65ef360,2012-11-25T00:00:00.000Z,2012,11,25,26.16,27.71,25.11,80.73,8.35,14.5,2.15,2.71,285.1,0
6958bb42a2106ae9c65ef361,2012-11-26T00:00:00.000Z,2012,11,26,25.86,27.29,24.7,84.74,7.3,16.53,3.71,4.81,267.1,0
6958bb42a2106ae9c65ef362,2012-11-27T00:00:00.000Z,2012,11,27,26.08,27.91,24.76,83.63,5.77,16.63,3.8,4.53,247.7,0
6958bb42a2106ae9c65ef363,2012-11-28T00:00:00.000Z,2012,11,28,26.5,28.87,24.88,81.12,3.54,16.25,3.71,4.39,221.1,0
6958bb42a2106ae9c65ef364,2012-11-29T00:00:00.000Z,2012,11,29,26.94,28.81,25.44,78.28,9.15,18.22,2.99,5.09,171.4,0
6958bb42a2106ae9c65ef365,2012-11-30T00:00:00.000Z,2012,11,30,26.46,28.09,25.24,80.88,20.4,16.53,2.68,3.5,200.7,0
6958bb42a2106ae9c65ef366,2012-12-01T00:00:00.000Z,2012,12,1,25.97,27.52,24.48,83.18,16.12,9.13,4.77,7.41,203.9,0
6958bb42a2106ae9c65ef367,2012-12-02T00:00:00.000Z,2012,12,2,25.45,26.48,24.37,79.26,0.47,15.42,1.46,2.91,269.6,0
6958bb42a2106ae9c65ef368,2012-12-03T00:00:00.000Z,2012,12,3,26.7,29.55,24.85,69,0.12,16.57,1.75,3.01,26.3,0
6958bb42a2106ae9c65ef369,2012-12-04T00:00:00.000Z,2012,12,4,26.76,28.71,25.32,81.39,0.26,16.95,3.51,4.8,77.4,0
6958bb42a2106ae9c65ef36a,2012-12-05T00:00:00.000Z,2012,12,5,27.08,29.39,25.67,82.7,1.88,17.41,3.22,4.31,68.4,0
6958bb42a2106ae9c65ef36b,2012-12-06T00:00:00.000Z,2012,12,6,27.04,28.76,25.82,82,2.43,18.76,2.32,2.96,62.1,0
6958bb42a2106ae9c65ef36c,2012-12-07T00:00:00.000Z,2012,12,7,26.67,28.63,25.77,83.74,13.09,11.84,3.39,4.28,28.1,0
6958bb42a2106ae9c65ef36d,2012-12-08T00:00:00.000Z,2012,12,8,26.7,28.44,25.63,82.68,5.66,18.55,4,5.7,31.5,0
6958bb42a2106ae9c65ef36e,2012-12-09T00:00:00.000Z,2012,12,9,26.65,28.33,25.35,81.37,6.53,14.68,3.1,4.58,74.7,0
6958bb42a2106ae9c65ef36f,2012-12-10T00:00:00.000Z,2012,12,10,26.45,28.87,24.95,76.39,8.8,14.7,2.11,3.53,19.2,0
6958bb42a2106ae9c65ef370,2012-12-11T00:00:00.000Z,2012,12,11,25.59,26.6,24.8,83.85,13.86,14.39,3.21,4.26,356.9,0
6958bb42a2106ae9c65ef371,2012-12-12T00:00:00.000Z,2012,12,12,25.58,26.34,24.84,89.3,2.91,16.06,3.24,4.88,249.7,0
6958bb42a2106ae9c65ef372,2012-12-13T00:00:00.000Z,2012,12,13,26.13,27.31,24.89,85.71,9.29,13.16,4.83,5.66,74,0
6958bb42a2106ae9c65ef373,2012-12-14T00:00:00.000Z,2012,12,14,26.69,28.69,25.43,84.83,23.27,16.02,5.48,7.55,57.6,0
6958bb42a2106ae9c65ef374,2012-12-15T00:00:00.000Z,2012,12,15,26.21,27.46,24.95,86.78,10.01,9.68,5.71,7.45,63,0
6958bb42a2106ae9c65ef375,2012-12-16T00:00:00.000Z,2012,12,16,25.89,27.32,24.56,85.36,11.11,14.68,4.07,5.06,58.2,0
6958bb42a2106ae9c65ef376,2012-12-17T00:00:00.000Z,2012,12,17,26.19,27.4,25.05,86.17,4.86,9.64,4.53,6.43,82,0
6958bb42a2106ae9c65ef377,2012-12-18T00:00:00.000Z,2012,12,18,26.54,28.14,25.54,83.63,8.22,15.3,3.06,4.29,78.1,0
6958bb42a2106ae9c65ef378,2012-12-19T00:00:00.000Z,2012,12,19,26.24,27.41,25.17,85.08,14.53,13,4.8,6.26,75.7,0
6958bb42a2106ae9c65ef379,2012-12-20T00:00:00.000Z,2012,12,20,26.33,27.72,25.4,83.63,5.55,15.13,6.12,8.05,85.2,0
6958bb42a2106ae9c65ef37a,2012-12-21T00:00:00.000Z,2012,12,21,26.28,28.19,24.9,85.51,6.56,9.81,4.94,6.63,67,0
6958bb42a2106ae9c65ef37b,2012-12-22T00:00:00.000Z,2012,12,22,26.05,27.39,25.2,85.35,8.4,13.16,4.58,5.46,66.5,0
6958bb42a2106ae9c65ef37c,2012-12-23T00:00:00.000Z,2012,12,23,25.75,26.87,24.78,88.06,15.59,13.15,4.63,6.19,50.8,0
6958bb42a2106ae9c65ef37d,2012-12-24T00:00:00.000Z,2012,12,24,25.81,26.73,24.98,86.16,1.79,15.4,6.4,7.57,72.9,0
6958bb42a2106ae9c65ef37e,2012-12-25T00:00:00.000Z,2012,12,25,25.89,27.36,24.72,86.55,8.05,14.01,4.9,5.96,84.3,0
6958bb42a2106ae9c65ef37f,2012-12-26T00:00:00.000Z,2012,12,26,26.23,27.38,25.37,87.77,3.32,15.78,5.54,6.14,69.8,0
6958bb42a2106ae9c65ef380,2012-12-27T00:00:00.000Z,2012,12,27,26.45,27.8,25.51,85.06,2.09,17.9,5.48,6.94,80.7,0
6958bb42a2106ae9c65ef381,2012-12-28T00:00:00.000Z,2012,12,28,26.37,28.06,24.48,84.13,0.7,16.23,4.02,4.46,76.5,0
6958bb42a2106ae9c65ef382,2012-12-29T00:00:00.000Z,2012,12,29,26.46,28.12,25.01,84.29,1.32,17.18,5.26,6.98,71.9,0
6958bb42a2106ae9c65ef383,2012-12-30T00:00:00.000Z,2012,12,30,26.33,27.87,24.84,85.98,3.02,13.08,4.81,7.11,58.6,0
6958bb42a2106ae9c65ef384,2012-12-31T00:00:00.000Z,2012,12,31,25.8,26.54,25.15,87.09,6.24,12.72,2.62,4.09,85.6,0
6958bb42a2106ae9c65ef385,2013-01-01T00:00:00.000Z,2013,1,1,26.41,27.99,25.08,83.75,4.67,17.63,3.51,4.58,100.1,0
6958bb42a2106ae9c65ef386,2013-01-02T00:00:00.000Z,2013,1,2,26.61,28.28,25.29,82.88,42.46,17.18,2.89,4,103.6,0
6958bb42a2106ae9c65ef387,2013-01-03T00:00:00.000Z,2013,1,3,25.63,26.84,24.87,88.34,17.08,10.43,3.72,6.51,83.5,0
6958bb42a2106ae9c65ef388,2013-01-04T00:00:00.000Z,2013,1,4,25.83,27.2,24.73,85.49,38.01,17.95,2.25,3.87,110.7,0
6958bb42a2106ae9c65ef389,2013-01-05T00:00:00.000Z,2013,1,5,26.04,27.21,24.64,79.8,27.35,11.24,1.49,2.75,188.8,0
6958bb42a2106ae9c65ef38a,2013-01-06T00:00:00.000Z,2013,1,6,26.88,28.5,25.55,79.62,1.56,19.43,2.58,3.85,95,0
6958bb42a2106ae9c65ef38b,2013-01-07T00:00:00.000Z,2013,1,7,27.36,29.21,26.16,77.62,1.25,19.01,1.37,2.4,13.4,0
6958bb42a2106ae9c65ef38c,2013-01-08T00:00:00.000Z,2013,1,8,26.63,28,25.43,81.67,6.67,16.24,1.55,2.08,313.3,0
6958bb42a2106ae9c65ef38d,2013-01-09T00:00:00.000Z,2013,1,9,25.74,27.09,25.03,83.28,3.66,12.37,1.76,2.55,34,0
6958bb42a2106ae9c65ef38e,2013-01-10T00:00:00.000Z,2013,1,10,26.7,29.08,24.62,75.95,0.19,20.1,1.69,2.53,273.9,0
6958bb42a2106ae9c65ef38f,2013-01-11T00:00:00.000Z,2013,1,11,26.38,28.12,24.85,79.87,0.18,21.48,2.64,3.69,33.8,0
6958bb42a2106ae9c65ef390,2013-01-12T00:00:00.000Z,2013,1,12,26.42,27.77,25.42,78.31,2.25,20.11,2.03,3.54,12.9,0
6958bb42a2106ae9c65ef391,2013-01-13T00:00:00.000Z,2013,1,13,25.93,27.8,24.83,82.71,21.01,17.29,3.05,4.81,3.4,0
6958bb42a2106ae9c65ef392,2013-01-14T00:00:00.000Z,2013,1,14,26.15,27.86,24.73,83.57,5.88,20.7,4.45,5.94,42.7,0
6958bb42a2106ae9c65ef393,2013-01-15T00:00:00.000Z,2013,1,15,26.16,27.64,25.02,84.2,4.91,17.92,3.52,4.74,36.6,0
6958bb42a2106ae9c65ef394,2013-01-16T00:00:00.000Z,2013,1,16,26.03,27.11,25.15,86.03,6.61,16.58,4.69,6.17,41.8,0
6958bb42a2106ae9c65ef395,2013-01-17T00:00:00.000Z,2013,1,17,26.68,28.62,24.94,80.65,13.31,19.17,4.55,5.75,73,0
6958bb42a2106ae9c65ef396,2013-01-18T00:00:00.000Z,2013,1,18,26.56,28.33,25.18,80.67,8.95,19.47,6.13,7.82,70.4,0
6958bb42a2106ae9c65ef397,2013-01-19T00:00:00.000Z,2013,1,19,26.53,28.25,25.02,83.71,9.94,18.23,5.89,7.01,72.3,0
6958bb42a2106ae9c65ef398,2013-01-20T00:00:00.000Z,2013,1,20,26.45,28.02,25.4,82.95,13.61,10.14,4.55,6.05,75.4,0
6958bb42a2106ae9c65ef399,2013-01-21T00:00:00.000Z,2013,1,21,26.38,28.03,24.71,83.87,1.75,19.46,5.53,6.9,73,0
6958bb42a2106ae9c65ef39a,2013-01-22T00:00:00.000Z,2013,1,22,26.72,28.36,25.05,82.73,2.92,18.54,4.14,5.44,86.1,0
6958bb42a2106ae9c65ef39b,2013-01-23T00:00:00.000Z,2013,1,23,26.07,26.79,25.08,84.01,3.42,15.51,1.94,2.78,19.9,0
6958bb42a2106ae9c65ef39c,2013-01-24T00:00:00.000Z,2013,1,24,25.95,27.62,24.58,80.6,5.27,17.66,2.36,3.19,232.6,0
6958bb42a2106ae9c65ef39d,2013-01-25T00:00:00.000Z,2013,1,25,26.2,28.41,24.87,80.26,4.44,17.73,1.76,2.53,313.6,0
6958bb42a2106ae9c65ef39e,2013-01-26T00:00:00.000Z,2013,1,26,26.26,28.12,24.53,82.8,1.55,19.93,3.18,4.96,60.1,0
6958bb42a2106ae9c65ef39f,2013-01-27T00:00:00.000Z,2013,1,27,26.4,27.73,25.46,83.09,8.39,19.92,2.62,3.21,25.7,0
6958bb42a2106ae9c65ef3a0,2013-01-28T00:00:00.000Z,2013,1,28,26.61,28.7,25.14,80.3,4.55,19.89,2.28,3.34,91.6,0
6958bb42a2106ae9c65ef3a1,2013-01-29T00:00:00.000Z,2013,1,29,26.66,28.44,25.08,79.83,3.38,11.63,2.63,3.71,76.6,0
6958bb42a2106ae9c65ef3a2,2013-01-30T00:00:00.000Z,2013,1,30,26.8,28.37,25.65,79.39,1.63,19.78,3.54,4.97,86.7,0
6958bb42a2106ae9c65ef3a3,2013-01-31T00:00:00.000Z,2013,1,31,26.46,27.93,25.8,83.68,9.21,18.54,3.85,5.03,64.7,0
6958bb42a2106ae9c65ef3a4,2013-02-01T00:00:00.000Z,2013,2,1,26.3,27.42,25.66,86.66,11.52,16.63,4.35,5.82,86.5,0
6958bb42a2106ae9c65ef3a5,2013-02-02T00:00:00.000Z,2013,2,2,26.65,28.12,25.6,82.79,3.27,12.5,4.59,5.5,70.1,0
6958bb42a2106ae9c65ef3a6,2013-02-03T00:00:00.000Z,2013,2,3,26.91,29.32,24.9,79.73,0.17,18.75,4.5,6.34,77,0
6958bb42a2106ae9c65ef3a7,2013-02-04T00:00:00.000Z,2013,2,4,26.62,28.56,25.11,83.63,6.14,13.56,5.06,5.92,71.3,0
6958bb42a2106ae9c65ef3a8,2013-02-05T00:00:00.000Z,2013,2,5,26.55,28.11,25.18,85.39,14.22,12.58,3.89,4.9,76.4,0
6958bb42a2106ae9c65ef3a9,2013-02-06T00:00:00.000Z,2013,2,6,26.99,28.82,25.48,79.63,8.14,17.59,2.05,3.52,97.6,0
6958bb42a2106ae9c65ef3aa,2013-02-07T00:00:00.000Z,2013,2,7,26.18,27.35,24.77,78.65,4.85,13.62,1.33,2.33,300.5,0
6958bb42a2106ae9c65ef3ab,2013-02-08T00:00:00.000Z,2013,2,8,26.6,28.99,24.6,76.86,3.76,19.93,1.35,2.31,51.6,0
6958bb42a2106ae9c65ef3ac,2013-02-09T00:00:00.000Z,2013,2,9,25.87,26.98,24.75,80.47,4.46,16.05,1.49,2.74,59.4,0
6958bb42a2106ae9c65ef3ad,2013-02-10T00:00:00.000Z,2013,2,10,26.6,28.86,24.68,81.36,1.64,17.99,4.35,6.59,76.7,0
6958bb42a2106ae9c65ef3ae,2013-02-11T00:00:00.000Z,2013,2,11,26.91,29.11,25.47,78.8,4.86,17.17,4.65,6.34,81.5,0
6958bb42a2106ae9c65ef3af,2013-02-12T00:00:00.000Z,2013,2,12,26.28,27.94,25.2,83.63,2.76,19.89,4.65,6.26,72.2,0
6958bb42a2106ae9c65ef3b0,2013-02-13T00:00:00.000Z,2013,2,13,25.99,28.05,24.64,84.7,22.36,13.05,4.61,5.63,83.5,0
6958bb42a2106ae9c65ef3b1,2013-02-14T00:00:00.000Z,2013,2,14,25.97,28.09,24.18,84.19,4.28,19.64,4.26,5.75,80.7,0
6958bb42a2106ae9c65ef3b2,2013-02-15T00:00:00.000Z,2013,2,15,26.03,27.41,24.51,81.43,2.96,19.04,3.71,5.25,67.1,0
6958bb42a2106ae9c65ef3b3,2013-02-16T00:00:00.000Z,2013,2,16,25.81,27.26,24.64,83.5,7.08,14.3,2.82,4.23,75.2,0
6958bb42a2106ae9c65ef3b4,2013-02-17T00:00:00.000Z,2013,2,17,25.77,26.97,25.17,78.82,5.87,15.2,2.32,4.07,111.5,0
6958bb42a2106ae9c65ef3b5,2013-02-18T00:00:00.000Z,2013,2,18,26.13,27.75,25.08,78.45,10.26,16.46,2.06,3.35,3.6,0
6958bb42a2106ae9c65ef3b6,2013-02-19T00:00:00.000Z,2013,2,19,26.29,28.74,24.82,77.18,2.93,16.77,2.08,2.88,45,0
6958bb42a2106ae9c65ef3b7,2013-02-20T00:00:00.000Z,2013,2,20,26.51,28.67,24.58,76.34,1.28,22.39,2.96,4.35,54.1,0
6958bb42a2106ae9c65ef3b8,2013-02-21T00:00:00.000Z,2013,2,21,26.66,28.58,25.21,76.77,0.62,16.99,3.15,4.29,50.7,0
6958bb42a2106ae9c65ef3b9,2013-02-22T00:00:00.000Z,2013,2,22,26.51,29.08,24.58,77.62,0.01,22.21,3.28,4.82,57.4,0
6958bb42a2106ae9c65ef3ba,2013-02-23T00:00:00.000Z,2013,2,23,26.76,29.06,24.73,78.95,1.46,21.03,3.59,4.53,55.7,0
6958bb42a2106ae9c65ef3bb,2013-02-24T00:00:00.000Z,2013,2,24,25.68,26.91,24.59,87.08,15.4,11,4.52,8.24,44.2,0
6958bb42a2106ae9c65ef3bc,2013-02-25T00:00:00.000Z,2013,2,25,25.75,26.72,25.22,88.76,15.34,8.29,5.52,7.53,41.4,0
6958bb42a2106ae9c65ef3bd,2013-02-26T00:00:00.000Z,2013,2,26,25.69,26.63,25.09,88.34,8.86,7.86,6.27,8.65,66.8,0
6958bb42a2106ae9c65ef3be,2013-02-27T00:00:00.000Z,2013,2,27,25.66,27.16,24.67,86.72,3.94,20.27,3.89,4.65,57.2,0
6958bb42a2106ae9c65ef3bf,2013-02-28T00:00:00.000Z,2013,2,28,26.37,27.88,25.14,83.68,11.5,16.34,3.04,3.86,107.5,0
6958bb42a2106ae9c65ef3c0,2013-03-01T00:00:00.000Z,2013,3,1,27.25,29.6,25.4,76.95,12.18,20.23,2.09,2.99,182.6,0
6958bb42a2106ae9c65ef3c1,2013-03-02T00:00:00.000Z,2013,3,2,27.29,29.42,25.93,80.65,6.12,19.56,2.35,3.36,80,0
6958bb42a2106ae9c65ef3c2,2013-03-03T00:00:00.000Z,2013,3,3,27.15,28.86,25.8,82.58,5.18,15.27,1.71,2.77,26.3,0
6958bb42a2106ae9c65ef3c3,2013-03-04T00:00:00.000Z,2013,3,4,26.72,28.11,25.71,83.7,0.54,19.03,2.88,3.84,63.8,0
6958bb42a2106ae9c65ef3c4,2013-03-05T00:00:00.000Z,2013,3,5,26.83,28.73,25.24,81.17,0.08,23.83,6.74,8.6,75.9,0
6958bb42a2106ae9c65ef3c5,2013-03-06T00:00:00.000Z,2013,3,6,26.97,29.23,24.68,79.99,0.81,22.68,5.64,6.65,75.7,0
6958bb42a2106ae9c65ef3c6,2013-03-07T00:00:00.000Z,2013,3,7,27.13,29.57,25.17,79.54,1.31,22.97,5.83,7.86,75.1,0
6958bb42a2106ae9c65ef3c7,2013-03-08T00:00:00.000Z,2013,3,8,27.12,29.41,25.14,81.31,0.55,22.27,4.24,5.78,74,0
6958bb42a2106ae9c65ef3c8,2013-03-09T00:00:00.000Z,2013,3,9,27.3,29.59,25.63,80.15,4.18,22.12,2.93,3.89,42.7,0
6958bb42a2106ae9c65ef3c9,2013-03-10T00:00:00.000Z,2013,3,10,27.52,30.21,25.48,77.76,0.56,24,2.22,2.83,38.7,0
6958bb42a2106ae9c65ef3ca,2013-03-11T00:00:00.000Z,2013,3,11,27.65,29.81,26.02,79.95,0.69,24.3,2.16,2.7,46.6,0
6958bb42a2106ae9c65ef3cb,2013-03-12T00:00:00.000Z,2013,3,12,27.58,29.38,26.18,76.72,1,22.63,1.43,1.91,348.1,0
6958bb42a2106ae9c65ef3cc,2013-03-13T00:00:00.000Z,2013,3,13,27.34,29.45,25.85,79.21,4.53,22.25,2.57,3.49,359.7,0
6958bb42a2106ae9c65ef3cd,2013-03-14T00:00:00.000Z,2013,3,14,27.1,29.25,25.43,81,2.96,22.86,3.17,4.72,39.5,0
6958bb42a2106ae9c65ef3ce,2013-03-15T00:00:00.000Z,2013,3,15,27.61,30.13,25.5,78.51,0.86,24.95,3.91,4.74,63.7,0
6958bb42a2106ae9c65ef3cf,2013-03-16T00:00:00.000Z,2013,3,16,28.24,31.03,26.01,73,3.65,23.38,1.98,3.42,79.3,0
6958bb42a2106ae9c65ef3d0,2013-03-17T00:00:00.000Z,2013,3,17,28,30.39,26.53,75.48,1.53,22.5,1.67,2.47,46.1,0
6958bb42a2106ae9c65ef3d1,2013-03-18T00:00:00.000Z,2013,3,18,27.45,29.95,26.1,79.61,5.81,18.85,1.98,3.52,340.5,0
6958bb42a2106ae9c65ef3d2,2013-03-19T00:00:00.000Z,2013,3,19,27.79,30.42,25.93,74.9,0.45,24.6,1.92,3.26,14.1,0
6958bb42a2106ae9c65ef3d3,2013-03-20T00:00:00.000Z,2013,3,20,27.82,30.32,25.96,77.49,0.35,25.05,3.1,4.1,36.4,0
6958bb42a2106ae9c65ef3d4,2013-03-21T00:00:00.000Z,2013,3,21,27.89,30.49,25.79,77.69,0.67,23.78,3.35,4.8,42.6,0
6958bb42a2106ae9c65ef3d5,2013-03-22T00:00:00.000Z,2013,3,22,27.45,28.87,26.41,78.46,5.47,15.43,1.51,2.52,28.7,0
6958bb42a2106ae9c65ef3d6,2013-03-23T00:00:00.000Z,2013,3,23,27.65,29.69,26.12,80.29,8.3,22.69,2.56,3.35,55.9,0
6958bb42a2106ae9c65ef3d7,2013-03-24T00:00:00.000Z,2013,3,24,27.85,29.71,26.5,74.49,11.38,19.2,1.05,1.64,314.9,0
6958bb42a2106ae9c65ef3d8,2013-03-25T00:00:00.000Z,2013,3,25,27.83,29.76,26.42,75.22,1.83,22.01,1.81,3.12,304.1,0
6958bb42a2106ae9c65ef3d9,2013-03-26T00:00:00.000Z,2013,3,26,27.99,30.52,25.91,72.05,1.55,23.84,1.72,2.46,292.2,0
6958bb42a2106ae9c65ef3da,2013-03-27T00:00:00.000Z,2013,3,27,27.96,30.16,26.26,74.53,1.54,21.63,1.84,3.22,332.7,0
6958bb42a2106ae9c65ef3db,2013-03-28T00:00:00.000Z,2013,3,28,28.1,30.11,26.51,75.37,12.29,21.36,2.32,3.58,337.3,0
6958bb42a2106ae9c65ef3dc,2013-03-29T00:00:00.000Z,2013,3,29,28.27,30.41,26.57,73.37,2.75,22.69,2.1,2.65,327.8,0
6958bb42a2106ae9c65ef3dd,2013-03-30T00:00:00.000Z,2013,3,30,28.18,30.3,26.72,76.61,2.76,22.22,2.09,2.85,325,0
6958bb42a2106ae9c65ef3de,2013-03-31T00:00:00.000Z,2013,3,31,28.49,30.86,26.8,76.06,1.23,20.09,2.46,3.79,3.9,0
6958bb42a2106ae9c65ef3df,2013-04-01T00:00:00.000Z,2013,4,1,28.24,30.17,26.99,77.48,3.91,20.19,2.43,3.91,358.3,0
6958bb42a2106ae9c65ef3e0,2013-04-02T00:00:00.000Z,2013,4,2,27.6,28.93,26.61,81.95,3.08,17.25,2.79,3.95,51.7,0
6958bb42a2106ae9c65ef3e1,2013-04-03T00:00:00.000Z,2013,4,3,27.86,29.44,26.61,77.13,3.04,13.2,2.48,3.26,223.8,0
6958bb42a2106ae9c65ef3e2,2013-04-04T00:00:00.000Z,2013,4,4,27.29,28.58,26.02,76.96,2.65,15.49,3.5,4.87,225.3,0
6958bb42a2106ae9c65ef3e3,2013-04-05T00:00:00.000Z,2013,4,5,27.7,30.29,25.75,79.07,5.19,17.47,5.22,6.12,235.1,0
6958bb42a2106ae9c65ef3e4,2013-04-06T00:00:00.000Z,2013,4,6,26.65,27.86,25.62,83.67,5.18,14.51,5.39,7.46,246,0
6958bb42a2106ae9c65ef3e5,2013-04-07T00:00:00.000Z,2013,4,7,27.33,29.93,25.04,75.72,0.22,22.98,4.14,5.25,219.9,0
6958bb42a2106ae9c65ef3e6,2013-04-08T00:00:00.000Z,2013,4,8,27.88,30.74,25.46,74.06,1.91,23.37,2.59,3.01,272,0
6958bb42a2106ae9c65ef3e7,2013-04-09T00:00:00.000Z,2013,4,9,28.39,31.23,26.42,73.43,4.67,21.19,1.64,3.01,308,0
6958bb42a2106ae9c65ef3e8,2013-04-10T00:00:00.000Z,2013,4,10,27,28.55,25.35,81.1,19.8,14.53,3.37,5.22,346.5,0
6958bb42a2106ae9c65ef3e9,2013-04-11T00:00:00.000Z,2013,4,11,26.24,27.5,25.23,79.49,9.82,19.25,2.2,2.67,326.2,0
6958bb42a2106ae9c65ef3ea,2013-04-12T00:00:00.000Z,2013,4,12,26.56,28.36,24.95,81.28,0.25,22.32,3.12,4.04,51.2,0
6958bb42a2106ae9c65ef3eb,2013-04-13T00:00:00.000Z,2013,4,13,27.36,29.63,25.93,78.65,4.37,15.69,2.64,3.59,153.5,0
6958bb42a2106ae9c65ef3ec,2013-04-14T00:00:00.000Z,2013,4,14,26.77,28.87,25.44,81.17,15.88,11.64,3.78,5.64,210.4,0
6958bb42a2106ae9c65ef3ed,2013-04-15T00:00:00.000Z,2013,4,15,27.76,30.57,25.7,77.78,5.91,11.39,5.54,6.39,200.7,0
6958bb42a2106ae9c65ef3ee,2013-04-16T00:00:00.000Z,2013,4,16,27.44,29.34,25.63,81.6,5.98,18.39,4.7,6.53,215.2,0
6958bb42a2106ae9c65ef3ef,2013-04-17T00:00:00.000Z,2013,4,17,26.95,29.07,25.54,76.45,1.07,13.79,3.89,6.07,233.4,0
6958bb42a2106ae9c65ef3f0,2013-04-18T00:00:00.000Z,2013,4,18,28.02,31.43,24.95,72.84,0.09,22.4,2.43,3.88,232.6,0
6958bb42a2106ae9c65ef3f1,2013-04-19T00:00:00.000Z,2013,4,19,28.03,30.95,26.17,75.67,1.14,20.47,2.51,3.19,267.5,0
6958bb42a2106ae9c65ef3f2,2013-04-20T00:00:00.000Z,2013,4,20,27.81,30.84,25.89,73.06,0.57,23.57,1.68,2.45,326.8,0
6958bb42a2106ae9c65ef3f3,2013-04-21T00:00:00.000Z,2013,4,21,27.4,30.24,25.69,74.38,0.03,23.42,2.4,4.31,16.5,0
6958bb42a2106ae9c65ef3f4,2013-04-22T00:00:00.000Z,2013,4,22,27.11,29.9,24.92,75.22,0.02,23.49,2.19,3.66,31.9,0
6958bb42a2106ae9c65ef3f5,2013-04-23T00:00:00.000Z,2013,4,23,27.38,28.83,26.14,79.39,0.15,20.48,1.68,3,17.1,0
6958bb42a2106ae9c65ef3f6,2013-04-24T00:00:00.000Z,2013,4,24,27.62,29.36,26.35,76.93,6.68,18.89,1.41,2.22,287.7,0
6958bb42a2106ae9c65ef3f7,2013-04-25T00:00:00.000Z,2013,4,25,27.45,29.69,26.12,77.06,4.31,15.65,2.43,3.56,226.7,0
6958bb42a2106ae9c65ef3f8,2013-04-26T00:00:00.000Z,2013,4,26,27.65,29.79,25.88,74.43,2.3,20.48,2.06,3.14,225.6,0
6958bb42a2106ae9c65ef3f9,2013-04-27T00:00:00.000Z,2013,4,27,26.94,28.54,25.98,79.25,7.86,19.33,1.82,2.68,283.1,0
6958bb42a2106ae9c65ef3fa,2013-04-28T00:00:00.000Z,2013,4,28,27.97,30.72,25.76,74.71,0.88,23.2,1.67,3.12,330.2,0
6958bb42a2106ae9c65ef3fb,2013-04-29T00:00:00.000Z,2013,4,29,28.65,31.35,26.68,70.52,1,24.19,1.6,2.76,306.9,0
6958bb42a2106ae9c65ef3fc,2013-04-30T00:00:00.000Z,2013,4,30,27.93,29.82,26.61,73.75,1.86,19.03,1.79,2.87,267.5,0
6958bb42a2106ae9c65ef3fd,2013-05-01T00:00:00.000Z,2013,5,1,28.39,31.48,26,72.37,4.37,19.11,2.31,2.67,230.8,0
6958bb42a2106ae9c65ef3fe,2013-05-02T00:00:00.000Z,2013,5,2,27.75,30.41,26.13,78.25,21.41,21.75,2.75,3.56,244.2,0
6958bb42a2106ae9c65ef3ff,2013-05-03T00:00:00.000Z,2013,5,3,26.99,27.98,26.17,84.32,9.53,13.49,2.31,3.13,251.8,0
6958bb42a2106ae9c65ef400,2013-05-04T00:00:00.000Z,2013,5,4,27.38,29.32,26.19,82.49,14.14,18.94,1.58,2.42,350,0
6958bb42a2106ae9c65ef401,2013-05-05T00:00:00.000Z,2013,5,5,27.27,28.43,26.47,84.27,19.82,13.52,1.88,2.59,102.8,0
6958bb42a2106ae9c65ef402,2013-05-06T00:00:00.000Z,2013,5,6,26.63,27.47,25.95,81.95,18.07,13.5,1.47,2.41,196.3,0
6958bb42a2106ae9c65ef403,2013-05-07T00:00:00.000Z,2013,5,7,27.91,30.33,25.7,76.98,6.06,19.61,2.68,3.51,226.1,0
6958bb42a2106ae9c65ef404,2013-05-08T00:00:00.000Z,2013,5,8,28.02,30.48,26.24,76.59,8.16,19.98,4.08,4.82,199.2,0
6958bb42a2106ae9c65ef405,2013-05-09T00:00:00.000Z,2013,5,9,27.41,28.87,26.43,81.9,10.38,18.51,2.98,5.31,163.1,0
6958bb42a2106ae9c65ef406,2013-05-10T00:00:00.000Z,2013,5,10,27.62,29.71,25.71,81.02,15.36,4.61,7.37,10.48,171.3,0
6958bb42a2106ae9c65ef407,2013-05-11T00:00:00.000Z,2013,5,11,27.57,29.19,26.52,81.34,4.1,13.28,7.25,10.07,206.1,0
6958bb42a2106ae9c65ef408,2013-05-12T00:00:00.000Z,2013,5,12,27.3,28.94,26.06,79.47,1.85,11.63,5.3,6.22,210.5,0
6958bb42a2106ae9c65ef409,2013-05-13T00:00:00.000Z,2013,5,13,27.56,30.1,25.53,80.29,0.7,14.6,4.77,5.39,215.1,0
6958bb42a2106ae9c65ef40a,2013-05-14T00:00:00.000Z,2013,5,14,27.71,29.83,25.98,80.32,1.29,17.98,4.5,5.66,229.7,0
6958bb42a2106ae9c65ef40b,2013-05-15T00:00:00.000Z,2013,5,15,27.7,29.05,26.6,82.32,1.89,22.37,4.81,5.79,230.2,0
6958bb42a2106ae9c65ef40c,2013-05-16T00:00:00.000Z,2013,5,16,27.74,29.86,26.09,79.26,0.78,19.39,5.51,6.9,217.6,0
6958bb42a2106ae9c65ef40d,2013-05-17T00:00:00.000Z,2013,5,17,27.59,30.18,25.67,77.29,0.42,20.84,3.91,5.28,209.8,0
6958bb42a2106ae9c65ef40e,2013-05-18T00:00:00.000Z,2013,5,18,26.9,28.85,25.58,81.99,0.88,17.89,5.09,5.8,236.1,0
6958bb42a2106ae9c65ef40f,2013-05-19T00:00:00.000Z,2013,5,19,26.76,28.4,25.2,80.39,0.17,17.8,4.23,5.56,234.5,0
6958bb42a2106ae9c65ef410,2013-05-20T00:00:00.000Z,2013,5,20,28,30.89,25.97,74.36,0.06,22.29,3.21,4.05,248.5,0
6958bb42a2106ae9c65ef411,2013-05-21T00:00:00.000Z,2013,5,21,27.25,29.55,25.42,79.95,1.08,23.38,3.78,4.73,265.5,0
6958bb42a2106ae9c65ef412,2013-05-22T00:00:00.000Z,2013,5,22,27.28,29.44,25.92,79.28,0.21,22.53,3.9,5.4,262.4,0
6958bb42a2106ae9c65ef413,2013-05-23T00:00:00.000Z,2013,5,23,27.2,29.24,25.48,80.42,0.23,21.93,3.78,4.75,253.6,0
6958bb42a2106ae9c65ef414,2013-05-24T00:00:00.000Z,2013,5,24,27.37,29.42,25.65,78.07,0.16,20.9,3.34,4.28,241.1,0
6958bb42a2106ae9c65ef415,2013-05-25T00:00:00.000Z,2013,5,25,26.89,28.97,25.4,78.49,1.76,13.3,4.1,4.85,227.9,0
6958bb42a2106ae9c65ef416,2013-05-26T00:00:00.000Z,2013,5,26,26.65,29,25.01,76.19,0.42,16.38,3.45,4.32,223.2,0
6958bb42a2106ae9c65ef417,2013-05-27T00:00:00.000Z,2013,5,27,27.26,29.96,25.06,77.86,0.06,19.92,4.83,5.65,228.6,0
6958bb42a2106ae9c65ef418,2013-05-28T00:00:00.000Z,2013,5,28,26.69,28.01,25.67,74.69,1.06,17.48,4.42,5.76,213.2,0
6958bb42a2106ae9c65ef419,2013-05-29T00:00:00.000Z,2013,5,29,27.99,31.26,25.4,67.06,0.18,20.59,3.12,4.6,241.9,0
6958bb42a2106ae9c65ef41a,2013-05-30T00:00:00.000Z,2013,5,30,27.57,30,25.84,76.6,0.13,21.28,2.66,3.8,258.9,0
6958bb42a2106ae9c65ef41b,2013-05-31T00:00:00.000Z,2013,5,31,27.36,29.56,25.88,76.26,0.69,23.58,1.84,3.14,310.7,0
6958bb42a2106ae9c65ef41c,2013-06-01T00:00:00.000Z,2013,6,1,26.49,27.91,25.67,84,14.34,22.46,2.92,4.3,333.8,0
6958bb42a2106ae9c65ef41d,2013-06-02T00:00:00.000Z,2013,6,2,27.1,29.2,25.55,78.69,13.78,18.06,4.82,6.88,278.4,0
6958bb42a2106ae9c65ef41e,2013-06-03T00:00:00.000Z,2013,6,3,27.1,29.68,25.37,80.15,7.43,19.73,6.2,7.74,237.9,0
6958bb42a2106ae9c65ef41f,2013-06-04T00:00:00.000Z,2013,6,4,26.89,28.5,25.89,80.5,4.65,16.43,6.93,9.16,229.4,0
6958bb42a2106ae9c65ef420,2013-06-05T00:00:00.000Z,2013,6,5,26.98,28.92,25.64,79.76,1.32,18.41,5.49,6.58,227.1,0
6958bb42a2106ae9c65ef421,2013-06-06T00:00:00.000Z,2013,6,6,27.62,30.41,25.25,74.66,0.53,19.47,3.06,4.28,241.1,0
6958bb42a2106ae9c65ef422,2013-06-07T00:00:00.000Z,2013,6,7,27.94,30.58,25.81,75.56,1.17,22.96,2.19,2.56,264.8,0
6958bb42a2106ae9c65ef423,2013-06-08T00:00:00.000Z,2013,6,8,27.9,30.54,26.25,77.54,4,22.95,3.97,5.48,271.8,0
6958bb42a2106ae9c65ef424,2013-06-09T00:00:00.000Z,2013,6,9,27.09,28.8,25.98,82.67,13.94,12.61,7.87,10.8,254.7,0
6958bb42a2106ae9c65ef425,2013-06-10T00:00:00.000Z,2013,6,10,26.48,27.93,25.73,84.86,15.25,12.95,6.94,8.47,249.3,0
6958bb42a2106ae9c65ef426,2013-06-11T00:00:00.000Z,2013,6,11,25.95,27.12,25.23,87.22,15.17,9.32,7.36,10.7,243.6,0
6958bb42a2106ae9c65ef427,2013-06-12T00:00:00.000Z,2013,6,12,26.15,27.25,25.3,82.84,10.44,11.12,6.5,7.41,231.8,0
6958bb42a2106ae9c65ef428,2013-06-13T00:00:00.000Z,2013,6,13,26.5,28.47,25.37,81.34,22.94,5.95,6.72,9.04,228.8,0
6958bb42a2106ae9c65ef429,2013-06-14T00:00:00.000Z,2013,6,14,26.93,28.94,25.21,82.4,4.24,15.16,5.93,7.31,217.9,0
6958bb42a2106ae9c65ef42a,2013-06-15T00:00:00.000Z,2013,6,15,27.21,29.15,25.68,80.11,3.04,12.01,6.36,7.29,221.7,0
6958bb42a2106ae9c65ef42b,2013-06-16T00:00:00.000Z,2013,6,16,26.11,27.18,25.14,81.12,4.75,16.18,7.26,9.51,234.5,0
6958bb42a2106ae9c65ef42c,2013-06-17T00:00:00.000Z,2013,6,17,26.82,28.91,25.28,81.57,5.14,16.04,7.21,8.83,222.8,0
6958bb42a2106ae9c65ef42d,2013-06-18T00:00:00.000Z,2013,6,18,27.14,28.4,26.19,85.4,8.01,6.46,7.39,9.04,240.3,0
6958bb42a2106ae9c65ef42e,2013-06-19T00:00:00.000Z,2013,6,19,27,28.26,26.21,84.56,6.97,9.66,8.19,9.48,224.1,0
6958bb42a2106ae9c65ef42f,2013-06-20T00:00:00.000Z,2013,6,20,27.07,28.79,25.92,82.06,3.12,17.04,7.7,8.96,218.8,0
6958bb42a2106ae9c65ef430,2013-06-21T00:00:00.000Z,2013,6,21,27.16,28.83,25.86,82.31,1.06,15.58,7.11,8.47,220.6,0
6958bb42a2106ae9c65ef431,2013-06-22T00:00:00.000Z,2013,6,22,27.24,28.95,26,81.98,0.36,15.28,6.95,7.85,213.1,0
6958bb42a2106ae9c65ef432,2013-06-23T00:00:00.000Z,2013,6,23,27.26,29.14,26.13,81.83,2,18.64,7.08,8.17,212.8,0
6958bb42a2106ae9c65ef433,2013-06-24T00:00:00.000Z,2013,6,24,27.14,28.65,25.95,81.15,0.17,16.98,5.23,7.32,209.7,0
6958bb42a2106ae9c65ef434,2013-06-25T00:00:00.000Z,2013,6,25,27.37,29.36,25.82,78.61,0.76,19.34,3.19,4.16,233.2,0
6958bb42a2106ae9c65ef435,2013-06-26T00:00:00.000Z,2013,6,26,26.19,27.89,24.72,80.02,4.66,15.01,3.44,5.88,265.6,0
6958bb42a2106ae9c65ef436,2013-06-27T00:00:00.000Z,2013,6,27,26.74,29.53,24.29,74.79,0.81,17.14,3.87,5.82,232.1,0
6958bb42a2106ae9c65ef437,2013-06-28T00:00:00.000Z,2013,6,28,26.88,29.26,25.22,79.07,0.44,21.81,3.7,4.94,250.5,0
6958bb42a2106ae9c65ef438,2013-06-29T00:00:00.000Z,2013,6,29,27.22,29.79,25.03,76.58,1.27,23.21,2.86,3.24,266.9,0
6958bb42a2106ae9c65ef439,2013-06-30T00:00:00.000Z,2013,6,30,27.06,29.45,25.24,79.71,1.68,24.27,3.1,3.62,273.3,0
6958bb42a2106ae9c65ef43a,2013-07-01T00:00:00.000Z,2013,7,1,26.98,29.44,25.38,78.92,2.38,21.91,5.1,6.09,243.7,0
6958bb42a2106ae9c65ef43b,2013-07-02T00:00:00.000Z,2013,7,2,26.18,27.11,25.24,83.83,5.07,13.65,5.66,6.5,243.6,0
6958bb42a2106ae9c65ef43c,2013-07-03T00:00:00.000Z,2013,7,3,26.1,27.19,25.27,85.42,23.02,12.91,8.23,9.76,240.2,0
6958bb42a2106ae9c65ef43d,2013-07-04T00:00:00.000Z,2013,7,4,25.93,27.89,24.47,79.26,2.87,12.22,6.22,8.96,239.9,0
6958bb42a2106ae9c65ef43e,2013-07-05T00:00:00.000Z,2013,7,5,26.86,29.84,24.4,73.8,0.44,16.75,4.78,5.77,199.9,0
6958bb42a2106ae9c65ef43f,2013-07-06T00:00:00.000Z,2013,7,6,27.21,30.3,24.82,73.59,0.84,21.15,3.43,4.34,209.4,0
6958bb42a2106ae9c65ef440,2013-07-07T00:00:00.000Z,2013,7,7,26.96,29.45,25.03,75.88,7.24,15.31,4.53,5.96,213.5,0
6958bb42a2106ae9c65ef441,2013-07-08T00:00:00.000Z,2013,7,8,25.75,27.16,24.49,80.15,2.52,14.44,6.57,7.72,222.5,0
6958bb42a2106ae9c65ef442,2013-07-09T00:00:00.000Z,2013,7,9,26.41,29.01,24.38,78.21,3.73,19.55,6.01,6.5,204.9,0
6958bb42a2106ae9c65ef443,2013-07-10T00:00:00.000Z,2013,7,10,26.6,29.08,24.77,79.03,0.87,14.9,5.32,6.61,210.8,0
6958bb42a2106ae9c65ef444,2013-07-11T00:00:00.000Z,2013,7,11,27.18,29.41,25.05,71.01,0,16.53,2.45,4.33,208.8,0
6958bb42a2106ae9c65ef445,2013-07-12T00:00:00.000Z,2013,7,12,27.37,30.07,25.48,69.6,0,20.36,2.81,3.82,243.2,0
6958bb42a2106ae9c65ef446,2013-07-13T00:00:00.000Z,2013,7,13,27.08,29.79,24.85,76.2,0.01,22.9,6.06,8.12,222.3,0
6958bb42a2106ae9c65ef447,2013-07-14T00:00:00.000Z,2013,7,14,26.38,28.52,25,76.59,0.06,15.27,7.29,8.11,209.5,0
6958bb42a2106ae9c65ef448,2013-07-15T00:00:00.000Z,2013,7,15,26.1,27.97,24.77,76.53,3.77,13.22,5.76,7.87,213.5,0
6958bb42a2106ae9c65ef449,2013-07-16T00:00:00.000Z,2013,7,16,26.06,27.99,24.46,73.85,4.68,8.07,5.7,7.64,204.9,0
6958bb42a2106ae9c65ef44a,2013-07-17T00:00:00.000Z,2013,7,17,26.83,29.74,24.76,76.58,0.46,23.09,5.26,6.12,230.2,0
6958bb42a2106ae9c65ef44b,2013-07-18T00:00:00.000Z,2013,7,18,27.12,29.99,25.04,76.11,0.13,19.4,5.78,6.55,213.7,0
6958bb42a2106ae9c65ef44c,2013-07-19T00:00:00.000Z,2013,7,19,27.1,29.85,25.08,76.08,0.11,14.88,5.95,6.79,213.8,0
6958bb42a2106ae9c65ef44d,2013-07-20T00:00:00.000Z,2013,7,20,27.38,30.72,25.38,73.94,0.03,17.22,4.59,5.7,214,0
6958bb42a2106ae9c65ef44e,2013-07-21T00:00:00.000Z,2013,7,21,26.93,29.4,25.08,77.65,0,18.11,5.82,7.31,216.3,0
6958bb42a2106ae9c65ef44f,2013-07-22T00:00:00.000Z,2013,7,22,27,29.04,25.19,78.09,0,20.92,5.89,7.32,212.9,0
6958bb42a2106ae9c65ef450,2013-07-23T00:00:00.000Z,2013,7,23,27.35,29.96,25.5,72.62,0,17.45,4.14,4.49,218.5,0
6958bb42a2106ae9c65ef451,2013-07-24T00:00:00.000Z,2013,7,24,26.91,29.1,25.12,73.72,0,19.29,4.68,6.49,223.4,0
6958bb42a2106ae9c65ef452,2013-07-25T00:00:00.000Z,2013,7,25,27.57,30.45,25.14,71.39,1.41,22.83,3.55,4.18,227.2,0
6958bb42a2106ae9c65ef453,2013-07-26T00:00:00.000Z,2013,7,26,27.5,30.57,25.29,74.66,0.67,21.13,4.39,5.27,220.3,0
6958bb42a2106ae9c65ef454,2013-07-27T00:00:00.000Z,2013,7,27,27.56,30.15,25.49,73.87,0.33,18.73,3.57,4.82,208.1,0
6958bb42a2106ae9c65ef455,2013-07-28T00:00:00.000Z,2013,7,28,27.58,30.76,25.54,69.76,0.44,10.52,2.98,4.23,235.1,0
6958bb42a2106ae9c65ef456,2013-07-29T00:00:00.000Z,2013,7,29,27.15,29.89,25.49,75.59,0.36,18.63,6.08,7.82,212.4,0
6958bb42a2106ae9c65ef457,2013-07-30T00:00:00.000Z,2013,7,30,27.09,29.33,25.3,77.89,1.55,18.92,5.97,6.77,215.7,0
6958bb42a2106ae9c65ef458,2013-07-31T00:00:00.000Z,2013,7,31,27.12,28.72,25.92,79.36,1.17,18.63,6.5,7.84,232,0
6958bb42a2106ae9c65ef459,2013-08-01T00:00:00.000Z,2013,8,1,26.74,28.02,25.85,80.36,3.65,11.77,6.13,7.38,240.6,0
6958bb42a2106ae9c65ef45a,2013-08-02T00:00:00.000Z,2013,8,2,26.23,28.23,24.93,80.68,2.69,10.2,6.04,6.57,233.9,0
6958bb42a2106ae9c65ef45b,2013-08-03T00:00:00.000Z,2013,8,3,26.44,28.75,24.92,78.63,1.69,17.29,5.55,6.8,227.4,0
6958bb42a2106ae9c65ef45c,2013-08-04T00:00:00.000Z,2013,8,4,26.57,29.3,25.01,77.18,2.28,10.42,6.52,7.39,206.5,0
6958bb42a2106ae9c65ef45d,2013-08-05T00:00:00.000Z,2013,8,5,26.27,28.81,24.65,79,2.41,14.64,6.51,7.83,214.8,0
6958bb42a2106ae9c65ef45e,2013-08-06T00:00:00.000Z,2013,8,6,25.97,27.87,24.87,81.24,1.55,14.16,6.01,7.44,233,0
6958bb42a2106ae9c65ef45f,2013-08-07T00:00:00.000Z,2013,8,7,26.65,29.64,24.51,76.22,2.16,16.58,6.91,9.04,214.9,0
6958bb42a2106ae9c65ef460,2013-08-08T00:00:00.000Z,2013,8,8,26.31,28.98,24.64,77.17,4.64,18.09,6.95,7.98,211.6,0
6958bb42a2106ae9c65ef461,2013-08-09T00:00:00.000Z,2013,8,9,25.83,27.7,24.34,80.07,3.45,16.47,6.71,7.35,225.1,0
6958bb42a2106ae9c65ef462,2013-08-10T00:00:00.000Z,2013,8,10,26.04,28.55,24.68,77.63,8.63,16.31,7.14,8.84,225.3,0
6958bb42a2106ae9c65ef463,2013-08-11T00:00:00.000Z,2013,8,11,26.43,29,24.31,71.23,2.85,11.44,5.63,6.9,206.3,0
6958bb42a2106ae9c65ef464,2013-08-12T00:00:00.000Z,2013,8,12,26.78,29.94,24.64,72.78,1.34,14.66,6.02,7.28,210.8,0
6958bb42a2106ae9c65ef465,2013-08-13T00:00:00.000Z,2013,8,13,26.97,30.13,24.91,73.01,1.42,18.67,6.26,6.78,219.3,0
6958bb42a2106ae9c65ef466,2013-08-14T00:00:00.000Z,2013,8,14,27.45,30.77,24.56,70.97,0.4,17.56,5.24,6.23,216.1,0
6958bb42a2106ae9c65ef467,2013-08-15T00:00:00.000Z,2013,8,15,27.59,30.32,25.29,71.16,0.01,20.93,2.98,4.2,216.9,0
6958bb42a2106ae9c65ef468,2013-08-16T00:00:00.000Z,2013,8,16,27.76,30.76,25.22,70.28,0.17,21.28,2.68,3.57,228.4,0
6958bb42a2106ae9c65ef469,2013-08-17T00:00:00.000Z,2013,8,17,27.21,30.05,25.31,76.14,1.14,17.79,2.91,3.93,242.1,0
6958bb42a2106ae9c65ef46a,2013-08-18T00:00:00.000Z,2013,8,18,26.55,28.74,25.02,78.56,2.86,13.48,3.5,4.46,257.6,0
6958bb42a2106ae9c65ef46b,2013-08-19T00:00:00.000Z,2013,8,19,26.43,28.8,24.87,77.78,2.53,21.01,4.83,5.93,229.7,0
6958bb42a2106ae9c65ef46c,2013-08-20T00:00:00.000Z,2013,8,20,26.48,29.03,24.25,75.95,0.25,22.52,4.59,6.63,212.9,0
6958bb42a2106ae9c65ef46d,2013-08-21T00:00:00.000Z,2013,8,21,27.19,30.52,24.65,74.74,0.07,23.47,4.67,5.24,221,0
6958bb42a2106ae9c65ef46e,2013-08-22T00:00:00.000Z,2013,8,22,27.05,29.8,25.18,76.01,0.11,19.76,5.36,6.49,222.7,0
6958bb42a2106ae9c65ef46f,2013-08-23T00:00:00.000Z,2013,8,23,27.05,29.49,25.2,74.4,0.03,19.66,4.79,5.8,214.8,0
6958bb42a2106ae9c65ef470,2013-08-24T00:00:00.000Z,2013,8,24,27.64,30.92,25.39,72.29,0.02,19.67,4.15,5.28,218.2,0
6958bb42a2106ae9c65ef471,2013-08-25T00:00:00.000Z,2013,8,25,27.74,30.47,25.43,71.92,0.06,22.67,3.18,4.7,224.4,0
6958bb42a2106ae9c65ef472,2013-08-26T00:00:00.000Z,2013,8,26,27.78,31,25.49,72.14,0.13,21.96,2.6,3.8,272,0
6958bb42a2106ae9c65ef473,2013-08-27T00:00:00.000Z,2013,8,27,27.7,30.38,25.46,73.13,1.12,17.95,2.53,3.61,235.9,0
6958bb42a2106ae9c65ef474,2013-08-28T00:00:00.000Z,2013,8,28,27.01,29.06,25.36,76.45,0.56,16.28,4.55,5.52,230.3,0
6958bb42a2106ae9c65ef475,2013-08-29T00:00:00.000Z,2013,8,29,27.21,29.81,24.85,73.57,1.68,12.22,2.51,5.07,216.9,0
6958bb42a2106ae9c65ef476,2013-08-30T00:00:00.000Z,2013,8,30,26.76,29,25.24,78.79,15.39,18.6,2.8,4.25,278.4,0
6958bb42a2106ae9c65ef477,2013-08-31T00:00:00.000Z,2013,8,31,26.59,29.64,24.77,77.42,12.47,20.21,2.63,3.94,289.2,0
6958bb42a2106ae9c65ef478,2013-09-01T00:00:00.000Z,2013,9,1,25.52,26.67,24.69,85.26,10.58,8.89,2.88,3.72,6.1,0
6958bb42a2106ae9c65ef479,2013-09-02T00:00:00.000Z,2013,9,2,25.86,27.4,24.82,85.46,43.49,15.68,3.87,5.57,7.2,0
6958bb42a2106ae9c65ef47a,2013-09-03T00:00:00.000Z,2013,9,3,25.69,26.76,24.93,86.91,26.05,17.74,4.73,5.43,311.1,0
6958bb42a2106ae9c65ef47b,2013-09-04T00:00:00.000Z,2013,9,4,25.37,26.16,24.67,88.47,15.72,6.46,6.22,7.61,273.2,0
6958bb42a2106ae9c65ef47c,2013-09-05T00:00:00.000Z,2013,9,5,25.13,26.24,24.33,86.36,5.93,16.28,5.12,6.24,260.3,0
6958bb42a2106ae9c65ef47d,2013-09-06T00:00:00.000Z,2013,9,6,25.23,27.05,23.98,82.43,5.99,9.84,6.06,7.49,246.7,0
6958bb42a2106ae9c65ef47e,2013-09-07T00:00:00.000Z,2013,9,7,26.33,28.52,24.4,74.56,0.78,18.17,3.57,4.6,256.5,0
6958bb42a2106ae9c65ef47f,2013-09-08T00:00:00.000Z,2013,9,8,26.54,29.02,24.62,75.14,4.65,22.06,2.51,3.43,270.8,0
6958bb42a2106ae9c65ef480,2013-09-09T00:00:00.000Z,2013,9,9,25.87,28.01,24.54,79.59,4.48,16,4.37,6.2,249.7,0
6958bb42a2106ae9c65ef481,2013-09-10T00:00:00.000Z,2013,9,10,25.49,27.3,24.32,82.57,12.74,13.05,5.59,7.44,249.5,0
6958bb42a2106ae9c65ef482,2013-09-11T00:00:00.000Z,2013,9,11,25.88,27.21,24.72,84.35,22.12,15.46,6.41,8.68,239.2,0
6958bb42a2106ae9c65ef483,2013-09-12T00:00:00.000Z,2013,9,12,26.48,28.74,24.88,80.7,5.6,19.9,4.59,5.54,234.2,0
6958bb42a2106ae9c65ef484,2013-09-13T00:00:00.000Z,2013,9,13,26.86,29.59,24.79,73.38,0.21,20.24,4.29,5.01,215.9,0
6958bb42a2106ae9c65ef485,2013-09-14T00:00:00.000Z,2013,9,14,26.65,29.27,24.58,72.16,0,19.8,4.15,5.05,204.8,0
6958bb42a2106ae9c65ef486,2013-09-15T00:00:00.000Z,2013,9,15,27.37,30.53,24.57,70.61,0,21.56,2.91,4.38,201.4,0
6958bb42a2106ae9c65ef487,2013-09-16T00:00:00.000Z,2013,9,16,27.2,30.28,25.22,73.45,0,23.1,4.06,5.02,220,0
6958bb42a2106ae9c65ef488,2013-09-17T00:00:00.000Z,2013,9,17,26.71,29.28,24.57,78.05,0,23.25,5.07,6.03,213.3,0
6958bb42a2106ae9c65ef489,2013-09-18T00:00:00.000Z,2013,9,18,27.47,31.21,24.32,72.86,0,24.03,4.39,5.03,221.5,0
6958bb42a2106ae9c65ef48a,2013-09-19T00:00:00.000Z,2013,9,19,27.25,30.36,25.03,74.02,0,22.53,5.43,6.73,222.7,0
6958bb42a2106ae9c65ef48b,2013-09-20T00:00:00.000Z,2013,9,20,27.03,29.13,25.43,74.95,0,21.72,6.52,8.12,217.6,0
6958bb42a2106ae9c65ef48c,2013-09-21T00:00:00.000Z,2013,9,21,27.75,31.24,25,73.39,0,22.12,4.91,5.76,220.6,0
6958bb42a2106ae9c65ef48d,2013-09-22T00:00:00.000Z,2013,9,22,27.25,29.71,25.59,77.33,0,19.92,5.26,6.56,214.4,0
6958bb42a2106ae9c65ef48e,2013-09-23T00:00:00.000Z,2013,9,23,27.55,30.73,25.26,76.33,0.02,18.96,5.46,7.29,224.4,0
6958bb42a2106ae9c65ef48f,2013-09-24T00:00:00.000Z,2013,9,24,27.65,30.85,25.47,75.29,0.03,18.86,5.71,6.89,220.3,0
6958bb42a2106ae9c65ef490,2013-09-25T00:00:00.000Z,2013,9,25,27.35,29.97,25.35,76.91,0.05,22.21,5,5.97,218,0
6958bb42a2106ae9c65ef491,2013-09-26T00:00:00.000Z,2013,9,26,27.47,30.1,25.44,76.53,0.13,20.47,4,4.69,224.9,0
6958bb42a2106ae9c65ef492,2013-09-27T00:00:00.000Z,2013,9,27,27.05,29.33,25.58,78.5,0.48,16.17,4.48,5.32,229.5,0
6958bb42a2106ae9c65ef493,2013-09-28T00:00:00.000Z,2013,9,28,26.9,29.28,25.23,78.55,0.47,22.02,5.32,6.33,235.2,0
6958bb42a2106ae9c65ef494,2013-09-29T00:00:00.000Z,2013,9,29,26.77,28.55,25.4,80.19,0.64,18.63,6.43,7.59,224.8,0
6958bb42a2106ae9c65ef495,2013-09-30T00:00:00.000Z,2013,9,30,27.31,30.84,24.61,71.25,1.57,20.8,6,7.8,232.3,0
6958bb42a2106ae9c65ef496,2013-10-01T00:00:00.000Z,2013,10,1,26.88,29.96,24.6,74.13,2.48,18.3,5.71,7.27,216.1,0
6958bb42a2106ae9c65ef497,2013-10-02T00:00:00.000Z,2013,10,2,26.74,29.69,24.63,73.57,3.99,20.57,4.6,6.22,214.9,0
6958bb42a2106ae9c65ef498,2013-10-03T00:00:00.000Z,2013,10,3,26.98,29.66,24.83,70.59,1.43,16.54,4.39,5.47,225.9,0
6958bb42a2106ae9c65ef499,2013-10-04T00:00:00.000Z,2013,10,4,26.89,29.69,24.5,72.51,0.13,20.25,3.81,5.09,265.1,0
6958bb42a2106ae9c65ef49a,2013-10-05T00:00:00.000Z,2013,10,5,26.08,28,24.47,77.03,2.99,15.32,3.29,3.98,264.8,0
6958bb42a2106ae9c65ef49b,2013-10-06T00:00:00.000Z,2013,10,6,25.56,27.22,24.54,79.64,5.69,15.04,5.55,6.37,257.1,0
6958bb42a2106ae9c65ef49c,2013-10-07T00:00:00.000Z,2013,10,7,25.99,27.64,24.41,77.61,7.22,16.77,6.84,9.21,244.5,0
6958bb42a2106ae9c65ef49d,2013-10-08T00:00:00.000Z,2013,10,8,26.02,28.02,24.59,76.5,3.62,9.62,7.74,9.74,236.8,0
6958bb42a2106ae9c65ef49e,2013-10-09T00:00:00.000Z,2013,10,9,26.34,28.58,24.41,77.49,5.29,21.46,6.78,8.58,232.5,0
6958bb42a2106ae9c65ef49f,2013-10-10T00:00:00.000Z,2013,10,10,26.97,29.7,24.91,76.98,0.61,20.36,4.06,5.3,252.3,0
6958bb42a2106ae9c65ef4a0,2013-10-11T00:00:00.000Z,2013,10,11,27.43,30.13,25.25,76.74,0.47,23.91,3.39,4.34,253.6,0
6958bb42a2106ae9c65ef4a1,2013-10-12T00:00:00.000Z,2013,10,12,26.88,28.96,25.44,78.41,1.14,19.59,4.91,7.37,234.2,0
6958bb42a2106ae9c65ef4a2,2013-10-13T00:00:00.000Z,2013,10,13,26.88,29.35,24.84,76.88,1.17,18.15,4.18,5.42,248.3,0
6958bb42a2106ae9c65ef4a3,2013-10-14T00:00:00.000Z,2013,10,14,26.82,29.13,25.05,78.43,2.34,17.42,3.46,4.34,262.5,0
6958bb42a2106ae9c65ef4a4,2013-10-15T00:00:00.000Z,2013,10,15,27.07,29.8,25.18,76.09,2.73,18.23,4.37,5.13,251.8,0
6958bb42a2106ae9c65ef4a5,2013-10-16T00:00:00.000Z,2013,10,16,26.97,29.46,25.4,77.93,1.72,15.95,4.91,6.18,237.8,0
6958bb42a2106ae9c65ef4a6,2013-10-17T00:00:00.000Z,2013,10,17,26.49,29.06,25.03,81.28,3.96,19.26,3.95,5.5,255.1,0
6958bb42a2106ae9c65ef4a7,2013-10-18T00:00:00.000Z,2013,10,18,26.37,28.1,25.19,82.29,6.56,11.92,4.39,7.17,242.4,0
6958bb42a2106ae9c65ef4a8,2013-10-19T00:00:00.000Z,2013,10,19,26.25,28.14,24.71,78.97,1.49,12.53,4.58,6.23,233.7,0
6958bb42a2106ae9c65ef4a9,2013-10-20T00:00:00.000Z,2013,10,20,25.71,28.08,24.15,80.57,6.09,14.18,5.4,7.12,250.9,0
6958bb42a2106ae9c65ef4aa,2013-10-21T00:00:00.000Z,2013,10,21,25.84,27.81,24.44,79.02,4.13,13.37,3.5,4.04,254.8,0
6958bb42a2106ae9c65ef4ab,2013-10-22T00:00:00.000Z,2013,10,22,26.78,29.49,24.5,73.22,1.07,18.01,2.91,4.2,243.4,0
6958bb42a2106ae9c65ef4ac,2013-10-23T00:00:00.000Z,2013,10,23,26.63,28.95,24.72,73.71,1.13,16.07,2.52,3.59,260,0
6958bb42a2106ae9c65ef4ad,2013-10-24T00:00:00.000Z,2013,10,24,26.51,28.55,25.01,75.29,1.11,16.56,1.72,3.14,19.9,0
6958bb42a2106ae9c65ef4ae,2013-10-25T00:00:00.000Z,2013,10,25,27.06,29.24,25.43,72.09,0.33,16.81,1.28,1.92,304.3,0
6958bb42a2106ae9c65ef4af,2013-10-26T00:00:00.000Z,2013,10,26,27,28.88,25.57,74.54,0.64,18.7,1.77,2.85,311.8,0
6958bb42a2106ae9c65ef4b0,2013-10-27T00:00:00.000Z,2013,10,27,26.16,27.83,24.84,78.58,1.13,15.16,3.04,4.48,297.6,0
6958bb42a2106ae9c65ef4b1,2013-10-28T00:00:00.000Z,2013,10,28,25.94,28.55,23.74,72.99,1.69,12.6,2.45,3.27,282.5,0
6958bb42a2106ae9c65ef4b2,2013-10-29T00:00:00.000Z,2013,10,29,26.58,28.79,24.76,78.04,0.81,18.29,3.17,4.2,292.3,0
6958bb42a2106ae9c65ef4b3,2013-10-30T00:00:00.000Z,2013,10,30,27.17,29.78,25.21,75.9,1.03,20.79,2.07,2.93,274.5,0
6958bb42a2106ae9c65ef4b4,2013-10-31T00:00:00.000Z,2013,10,31,27.21,29.63,25.48,76.11,2.29,16.53,2.33,3.74,47.9,0
6958bb42a2106ae9c65ef4b5,2013-11-01T00:00:00.000Z,2013,11,1,27,29.52,25.24,78.32,1.23,16.3,2.74,3.98,72.8,0
6958bb42a2106ae9c65ef4b6,2013-11-02T00:00:00.000Z,2013,11,2,27.19,29.05,25.99,76.55,2.87,17.81,1.73,3.03,46.5,0
6958bb42a2106ae9c65ef4b7,2013-11-03T00:00:00.000Z,2013,11,3,26.85,28.9,25.37,76.96,4.22,14.99,2.54,4.19,64.5,0
6958bb42a2106ae9c65ef4b8,2013-11-04T00:00:00.000Z,2013,11,4,26.74,28.78,25.17,78.57,3.32,11.06,3.93,6.28,69.8,0
6958bb42a2106ae9c65ef4b9,2013-11-05T00:00:00.000Z,2013,11,5,27.22,29.91,25.23,76.62,2.46,19.22,3.44,4.13,78.7,0
6958bb42a2106ae9c65ef4ba,2013-11-06T00:00:00.000Z,2013,11,6,27.11,29.3,25.84,76.24,8.04,10.86,2.52,3.29,59.6,0
6958bb42a2106ae9c65ef4bb,2013-11-07T00:00:00.000Z,2013,11,7,26.9,29.52,25.38,75.57,5.06,15.11,1.44,2.48,229.2,0
6958bb42a2106ae9c65ef4bc,2013-11-08T00:00:00.000Z,2013,11,8,27.31,30.3,25.2,72.51,0.8,16.51,2.15,2.61,222.4,0
6958bb42a2106ae9c65ef4bd,2013-11-09T00:00:00.000Z,2013,11,9,26.72,28.7,25.41,79.09,2.49,15.86,3.1,3.83,241.6,0
6958bb42a2106ae9c65ef4be,2013-11-10T00:00:00.000Z,2013,11,10,26.82,29.06,25.18,78.25,0.86,18.46,3.12,3.97,241.7,0
6958bb42a2106ae9c65ef4bf,2013-11-11T00:00:00.000Z,2013,11,11,27.57,30.6,25.3,74.56,3.15,17.99,2.66,3.38,225.7,0
6958bb42a2106ae9c65ef4c0,2013-11-12T00:00:00.000Z,2013,11,12,26.66,28.34,25.44,77.82,5.11,10.54,2.07,2.74,212.7,0
6958bb42a2106ae9c65ef4c1,2013-11-13T00:00:00.000Z,2013,11,13,26.84,28.99,25.31,77.24,4.68,15.48,1.59,2.27,261.3,0
6958bb42a2106ae9c65ef4c2,2013-11-14T00:00:00.000Z,2013,11,14,26.88,28.6,25.48,77.77,7.61,14.67,1.85,3.34,222,0
6958bb42a2106ae9c65ef4c3,2013-11-15T00:00:00.000Z,2013,11,15,26.89,28.21,25.61,76.12,6.82,14.13,1.72,2.74,167.4,0
6958bb42a2106ae9c65ef4c4,2013-11-16T00:00:00.000Z,2013,11,16,26.46,28.21,25.17,74.5,2.56,17.92,1.66,2.33,252.2,0
6958bb42a2106ae9c65ef4c5,2013-11-17T00:00:00.000Z,2013,11,17,26.61,28.36,25.15,75.22,6.42,10.42,1.14,2.24,64.4,0
6958bb42a2106ae9c65ef4c6,2013-11-18T00:00:00.000Z,2013,11,18,26.96,29.87,25.46,76.67,3.2,17.4,1.4,2.73,348.7,0
6958bb42a2106ae9c65ef4c7,2013-11-19T00:00:00.000Z,2013,11,19,26.45,28.12,25.18,77.22,3.97,12.99,1.95,3.48,204.9,0
6958bb42a2106ae9c65ef4c8,2013-11-20T00:00:00.000Z,2013,11,20,25.94,27.05,24.8,78.06,4.22,12.25,3.52,4.75,91.4,0
6958bb42a2106ae9c65ef4c9,2013-11-21T00:00:00.000Z,2013,11,21,25.82,27.71,24.32,82.13,2.22,15.92,3.28,4.03,73.8,0
6958bb42a2106ae9c65ef4ca,2013-11-22T00:00:00.000Z,2013,11,22,25,26.41,23.73,79.95,3.57,10.48,2.02,3.86,32.4,0
6958bb42a2106ae9c65ef4cb,2013-11-23T00:00:00.000Z,2013,11,23,25.41,28.17,23.49,79.77,2.83,11.93,3.66,6.26,255,0
6958bb42a2106ae9c65ef4cc,2013-11-24T00:00:00.000Z,2013,11,24,26.89,29.85,24.56,76.38,5.59,17.85,4.6,6.22,225.1,0
6958bb42a2106ae9c65ef4cd,2013-11-25T00:00:00.000Z,2013,11,25,27.13,29.83,24.85,75.49,0.56,19.81,3.31,4.11,217.9,0
6958bb42a2106ae9c65ef4ce,2013-11-26T00:00:00.000Z,2013,11,26,27.44,30.11,25.26,72.57,3.85,17.59,2.58,4.45,180.5,0
6958bb42a2106ae9c65ef4cf,2013-11-27T00:00:00.000Z,2013,11,27,27.13,29.23,25.65,77.67,3.39,16.39,2.19,3.18,40.5,0
6958bb42a2106ae9c65ef4d0,2013-11-28T00:00:00.000Z,2013,11,28,26.36,28.13,24.88,81.56,2.87,12.54,2.93,3.65,55.6,0
6958bb42a2106ae9c65ef4d1,2013-11-29T00:00:00.000Z,2013,11,29,25.54,26.54,24.64,86.21,15.12,13.99,2.9,4.2,67.5,0
6958bb42a2106ae9c65ef4d2,2013-11-30T00:00:00.000Z,2013,11,30,26.23,27.64,24.96,86.64,12.47,11.65,5.04,6.43,75.7,0
6958bb42a2106ae9c65ef4d3,2013-12-01T00:00:00.000Z,2013,12,1,26.18,27.72,25.25,83.64,7.46,11.6,4.43,5.57,91.1,0
6958bb42a2106ae9c65ef4d4,2013-12-02T00:00:00.000Z,2013,12,2,25.77,26.71,24.44,85.03,5.91,16.29,4.11,6.12,57.2,0
6958bb42a2106ae9c65ef4d5,2013-12-03T00:00:00.000Z,2013,12,3,25.83,26.98,25.12,88.93,10.84,7,4.65,5.71,83.3,0
6958bb42a2106ae9c65ef4d6,2013-12-04T00:00:00.000Z,2013,12,4,25.7,27.31,24.75,86.86,5.24,10.54,4.24,5.44,72.7,0
6958bb42a2106ae9c65ef4d7,2013-12-05T00:00:00.000Z,2013,12,5,25.45,26.55,24.43,89.06,15.1,6.7,5.14,7.67,48.2,0
6958bb42a2106ae9c65ef4d8,2013-12-06T00:00:00.000Z,2013,12,6,25.41,26.55,24.66,89.89,20.29,9.47,5.8,8.28,42.1,0
6958bb42a2106ae9c65ef4d9,2013-12-07T00:00:00.000Z,2013,12,7,25.28,26.21,24.4,85.73,4.07,11.37,2.11,4.13,89.4,0
6958bb42a2106ae9c65ef4da,2013-12-08T00:00:00.000Z,2013,12,8,26.25,27.86,24.94,85.23,6.67,16.49,3.57,4.79,73.2,0
6958bb42a2106ae9c65ef4db,2013-12-09T00:00:00.000Z,2013,12,9,25.95,27.02,24.5,88.84,15.71,16.56,3.66,5.1,66.6,0
6958bb42a2106ae9c65ef4dc,2013-12-10T00:00:00.000Z,2013,12,10,25.82,27.75,24.39,80.56,12.45,11.09,1.37,2.3,135.8,0
6958bb42a2106ae9c65ef4dd,2013-12-11T00:00:00.000Z,2013,12,11,25.75,27.29,24.59,86.1,11.13,15.17,2.59,4.14,66.6,0
6958bb42a2106ae9c65ef4de,2013-12-12T00:00:00.000Z,2013,12,12,25.54,26.54,24.69,88.71,8.2,12.95,2.02,2.45,72.2,0
6958bb42a2106ae9c65ef4df,2013-12-13T00:00:00.000Z,2013,12,13,25.8,26.43,25.14,88.05,12.37,14.36,2.82,4.22,60.8,0
6958bb42a2106ae9c65ef4e0,2013-12-14T00:00:00.000Z,2013,12,14,26.76,28.31,25.68,82.27,5.45,14.49,2.29,4.15,112.1,0
6958bb42a2106ae9c65ef4e1,2013-12-15T00:00:00.000Z,2013,12,15,26.89,28.99,25.25,77.01,3.07,18.05,1.91,3.51,198.9,0
6958bb42a2106ae9c65ef4e2,2013-12-16T00:00:00.000Z,2013,12,16,27.04,29.8,25,74.74,0.72,18.21,2.39,3.1,232.1,0
6958bb42a2106ae9c65ef4e3,2013-12-17T00:00:00.000Z,2013,12,17,26.6,28.5,25.15,76.75,0.61,19.47,2.17,2.64,279.2,0
6958bb42a2106ae9c65ef4e4,2013-12-18T00:00:00.000Z,2013,12,18,26.25,27.89,24.74,81.55,1.01,17.33,3.23,4.31,5.8,0
6958bb42a2106ae9c65ef4e5,2013-12-19T00:00:00.000Z,2013,12,19,26.65,28.13,25.37,82.82,3.52,18.8,4.49,5.8,62.2,0
6958bb42a2106ae9c65ef4e6,2013-12-20T00:00:00.000Z,2013,12,20,26.46,28.19,25.32,82.08,6.34,13.64,2.97,3.74,54.5,0
6958bb42a2106ae9c65ef4e7,2013-12-21T00:00:00.000Z,2013,12,21,26.17,27.22,25.38,86.35,6.2,11.98,5.04,5.88,58.9,0
6958bb42a2106ae9c65ef4e8,2013-12-22T00:00:00.000Z,2013,12,22,25.67,26.52,24.86,85.29,15.17,9.08,4.17,6.03,66.6,0
6958bb42a2106ae9c65ef4e9,2013-12-23T00:00:00.000Z,2013,12,23,26.34,27.98,24.9,83.13,7.45,18.38,4.39,5.32,51.5,0
6958bb42a2106ae9c65ef4ea,2013-12-24T00:00:00.000Z,2013,12,24,26.27,27.71,24.92,83.24,4.58,16.13,5.8,6.95,56.7,0
6958bb42a2106ae9c65ef4eb,2013-12-25T00:00:00.000Z,2013,12,25,25.97,27.53,24.67,82.24,8,16.57,5.74,6.45,50.8,0
6958bb42a2106ae9c65ef4ec,2013-12-26T00:00:00.000Z,2013,12,26,26.05,27.73,24.41,81.28,8.38,14.98,5.32,6.21,53,0
6958bb42a2106ae9c65ef4ed,2013-12-27T00:00:00.000Z,2013,12,27,26.06,27.66,24.83,84.67,19.58,13.08,5.73,6.84,60.2,0
6958bb42a2106ae9c65ef4ee,2013-12-28T00:00:00.000Z,2013,12,28,25.51,26.26,25.02,88.94,43.52,5.26,4.33,5.4,57.4,0
6958bb42a2106ae9c65ef4ef,2013-12-29T00:00:00.000Z,2013,12,29,25.17,26.2,24.31,88.55,31.83,9.36,3.23,5.23,67.1,0
6958bb42a2106ae9c65ef4f0,2013-12-30T00:00:00.000Z,2013,12,30,25.07,26.18,24.27,89.15,10.37,15.64,4.35,5.84,88,0
6958bb42a2106ae9c65ef4f1,2013-12-31T00:00:00.000Z,2013,12,31,25.6,26.85,24.46,87.97,17.01,15.26,3.93,4.88,83.3,0
6958bb42a2106ae9c65ef4f2,2014-01-01T00:00:00.000Z,2014,1,1,25.8,26.75,25.23,87.94,34.36,15.88,4.27,5.59,69.7,0
6958bb42a2106ae9c65ef4f3,2014-01-02T00:00:00.000Z,2014,1,2,26.24,27.86,24.73,84.44,30.97,14.36,2.47,3.74,87.3,0
6958bb42a2106ae9c65ef4f4,2014-01-03T00:00:00.000Z,2014,1,3,25.34,25.92,24.56,87.26,8.53,16.59,2.77,4.28,298.4,0
6958bb42a2106ae9c65ef4f5,2014-01-04T00:00:00.000Z,2014,1,4,25.27,26.24,24.26,83.65,2.03,15.51,1.83,2.77,315.8,0
6958bb42a2106ae9c65ef4f6,2014-01-05T00:00:00.000Z,2014,1,5,25.65,27.54,24.24,82.9,5.03,18.68,1.89,2.9,34.5,0
6958bb42a2106ae9c65ef4f7,2014-01-06T00:00:00.000Z,2014,1,6,25.91,27.72,24.14,82.88,1.99,18.95,2.61,3.58,55.1,0
6958bb42a2106ae9c65ef4f8,2014-01-07T00:00:00.000Z,2014,1,7,25.83,26.9,24.93,85.22,2.16,17.98,3.3,4.52,55.9,0
6958bb42a2106ae9c65ef4f9,2014-01-08T00:00:00.000Z,2014,1,8,25.53,26.69,24.69,87.51,0.29,19.4,4.49,6.15,65.4,0
6958bb42a2106ae9c65ef4fa,2014-01-09T00:00:00.000Z,2014,1,9,26.28,28.27,24.5,82.36,0.58,17.33,5.02,5.99,68.7,0
6958bb42a2106ae9c65ef4fb,2014-01-10T00:00:00.000Z,2014,1,10,25.74,27.25,24.57,85.68,6.36,7.99,5.49,7.85,77.1,0
6958bb42a2106ae9c65ef4fc,2014-01-11T00:00:00.000Z,2014,1,11,25.95,27.44,24.86,85.88,5.24,15.06,4.04,5.45,65.8,0
6958bb42a2106ae9c65ef4fd,2014-01-12T00:00:00.000Z,2014,1,12,26.31,27.95,25.17,84.06,0.53,19.05,5.22,6.18,57.3,0
6958bb42a2106ae9c65ef4fe,2014-01-13T00:00:00.000Z,2014,1,13,26.05,27.94,24.55,84.74,0.33,18.35,5.62,7.13,64.5,0
6958bb42a2106ae9c65ef4ff,2014-01-14T00:00:00.000Z,2014,1,14,25.82,27.1,24.63,85,1.39,19.29,5.38,6.64,59.5,0
6958bb42a2106ae9c65ef500,2014-01-15T00:00:00.000Z,2014,1,15,25.69,27.38,24.18,82.69,0.43,16.65,5.67,6.74,61.2,0
6958bb42a2106ae9c65ef501,2014-01-16T00:00:00.000Z,2014,1,16,25.71,27.51,24.22,82.74,2.95,17.24,5.71,7.77,53,0
6958bb42a2106ae9c65ef502,2014-01-17T00:00:00.000Z,2014,1,17,25.74,27.38,24.54,82.53,4.98,12.45,7.04,9.54,60.8,0
6958bb42a2106ae9c65ef503,2014-01-18T00:00:00.000Z,2014,1,18,25.69,27.12,24.51,79.94,0.93,15.15,7.35,8.33,68,0
6958bb42a2106ae9c65ef504,2014-01-19T00:00:00.000Z,2014,1,19,25.42,27.09,24.13,79.11,1.9,15.83,7.2,9.35,69.3,0
6958bb42a2106ae9c65ef505,2014-01-20T00:00:00.000Z,2014,1,20,25.29,27.27,23.81,80.25,0.61,19.79,6.05,7.38,62.1,0
6958bb42a2106ae9c65ef506,2014-01-21T00:00:00.000Z,2014,1,21,25.05,26.86,23.53,79.26,0.26,16.83,6.7,8.64,60.5,0
6958bb42a2106ae9c65ef507,2014-01-22T00:00:00.000Z,2014,1,22,25.39,27.6,23.62,76.11,0.11,18.82,7.15,8.94,70.3,0
6958bb42a2106ae9c65ef508,2014-01-23T00:00:00.000Z,2014,1,23,25.28,27.31,23.51,78.38,2.48,19.28,5.74,6.94,66.4,0
6958bb42a2106ae9c65ef509,2014-01-24T00:00:00.000Z,2014,1,24,25.15,27.15,23.35,80.84,1.82,19.46,4.96,6.01,55.7,0
6958bb42a2106ae9c65ef50a,2014-01-25T00:00:00.000Z,2014,1,25,25.77,28.42,23.55,77.29,1,21.34,3.79,4.4,51.3,0
6958bb42a2106ae9c65ef50b,2014-01-26T00:00:00.000Z,2014,1,26,25.52,27.6,23.73,81.92,5.02,16.79,3.9,5.44,44.9,0
6958bb42a2106ae9c65ef50c,2014-01-27T00:00:00.000Z,2014,1,27,25.99,27.93,24.46,79.41,3.75,11.68,4.96,5.68,58.8,0
6958bb42a2106ae9c65ef50d,2014-01-28T00:00:00.000Z,2014,1,28,26.06,28.32,23.91,75.53,0,21.09,5.63,6.93,68.9,0
6958bb42a2106ae9c65ef50e,2014-01-29T00:00:00.000Z,2014,1,29,26.22,28.77,24.12,76.63,0.18,19.12,5.59,7.01,74.4,0
6958bb42a2106ae9c65ef50f,2014-01-30T00:00:00.000Z,2014,1,30,26.15,28.23,24.6,79,0.73,18.17,7.04,9.38,68.3,0
6958bb42a2106ae9c65ef510,2014-01-31T00:00:00.000Z,2014,1,31,25.75,27.68,24.06,78.67,0.63,18.83,6,7.54,71,0
6958bb42a2106ae9c65ef511,2014-02-01T00:00:00.000Z,2014,2,1,26.09,28.4,24.36,75.73,0.23,19.34,5.94,7.2,65.2,0
6958bb42a2106ae9c65ef512,2014-02-02T00:00:00.000Z,2014,2,2,25.66,27.94,23.69,76.05,0.06,19.11,4.17,4.82,36.8,0
6958bb42a2106ae9c65ef513,2014-02-03T00:00:00.000Z,2014,2,3,25.32,27.78,23.19,75.75,0.01,22.23,3.69,5.43,25.1,0
6958bb42a2106ae9c65ef514,2014-02-04T00:00:00.000Z,2014,2,4,25.11,27.65,23.49,77.8,0.14,23.5,2.89,4.51,14.6,0
6958bb42a2106ae9c65ef515,2014-02-05T00:00:00.000Z,2014,2,5,24.89,27.65,22.74,76.9,0,22.9,3.5,4.9,44.7,0
6958bb42a2106ae9c65ef516,2014-02-06T00:00:00.000Z,2014,2,6,25.49,28.59,22.95,79.1,0,22.69,4.59,5.74,59.6,0
6958bb42a2106ae9c65ef517,2014-02-07T00:00:00.000Z,2014,2,7,25.75,28.53,23.4,79.55,0.23,20.93,3.38,4.74,43.1,0
6958bb42a2106ae9c65ef518,2014-02-08T00:00:00.000Z,2014,2,8,26.22,28.84,24.11,77.54,0.46,18.45,2.02,2.72,354.5,0
6958bb42a2106ae9c65ef519,2014-02-09T00:00:00.000Z,2014,2,9,25.84,28.08,24.2,79.66,0.08,19.08,3.14,4.76,8.7,0
6958bb42a2106ae9c65ef51a,2014-02-10T00:00:00.000Z,2014,2,10,26.12,28.74,24.4,75.71,0.02,23.87,2.64,4,3.4,0
6958bb42a2106ae9c65ef51b,2014-02-11T00:00:00.000Z,2014,2,11,25.84,28.68,23.81,72.07,0,24.09,2.47,3.31,333.5,0
6958bb42a2106ae9c65ef51c,2014-02-12T00:00:00.000Z,2014,2,12,25.9,29.15,23.56,70.75,0,24.53,2.41,4.32,353.7,0
6958bb42a2106ae9c65ef51d,2014-02-13T00:00:00.000Z,2014,2,13,26.64,29.45,24.53,70.76,0,23.54,2.53,3.6,48.7,0
6958bb42a2106ae9c65ef51e,2014-02-14T00:00:00.000Z,2014,2,14,26.94,29.6,24.61,75.46,0,23.52,3.69,4.55,59.7,0
6958bb42a2106ae9c65ef51f,2014-02-15T00:00:00.000Z,2014,2,15,27.2,29.41,25.32,75.52,1.62,19.33,2.83,4,68.9,0
6958bb42a2106ae9c65ef520,2014-02-16T00:00:00.000Z,2014,2,16,27.75,30.34,25.78,71.65,6.78,20.06,1.46,2.56,200.1,0
6958bb42a2106ae9c65ef521,2014-02-17T00:00:00.000Z,2014,2,17,27.06,29.16,25.81,79.04,7.83,16.46,2.48,4.55,17.9,0
6958bb42a2106ae9c65ef522,2014-02-18T00:00:00.000Z,2014,2,18,27.18,29.54,25.74,79.67,8.54,15.5,2.75,3.71,34.2,0
6958bb42a2106ae9c65ef523,2014-02-19T00:00:00.000Z,2014,2,19,26.6,27.7,25.66,82.39,8.32,15.65,2.49,3.36,45,0
6958bb42a2106ae9c65ef524,2014-02-20T00:00:00.000Z,2014,2,20,26.32,28.31,25.04,77.94,26.6,5.91,3.65,4.54,68.4,0
6958bb42a2106ae9c65ef525,2014-02-21T00:00:00.000Z,2014,2,21,26.31,28.66,24.2,80.35,4.07,20.81,3.86,5.48,63.3,0
6958bb42a2106ae9c65ef526,2014-02-22T00:00:00.000Z,2014,2,22,26.74,29.12,24.7,78.92,1.34,20.44,5.05,7.03,70.4,0
6958bb42a2106ae9c65ef527,2014-02-23T00:00:00.000Z,2014,2,23,26.96,29.62,24.65,78.17,0.58,23.96,4.65,5.87,80.9,0
6958bb42a2106ae9c65ef528,2014-02-24T00:00:00.000Z,2014,2,24,26.92,29.73,24.8,78.14,2.06,23.2,3.71,5.3,72.3,0
6958bb42a2106ae9c65ef529,2014-02-25T00:00:00.000Z,2014,2,25,26.57,29.54,23.79,76.37,0.29,24.71,5.13,7.16,71.8,0
6958bb42a2106ae9c65ef52a,2014-02-26T00:00:00.000Z,2014,2,26,26.45,29.39,23.66,74.17,0,24.41,5.31,7.04,61.5,0
6958bb42a2106ae9c65ef52b,2014-02-27T00:00:00.000Z,2014,2,27,26.61,29.81,23.3,72.25,0,25.28,5.29,7.1,65.8,0
6958bb42a2106ae9c65ef52c,2014-02-28T00:00:00.000Z,2014,2,28,26.88,29.77,24.24,77.54,1.26,22.78,4.73,6.67,65.7,0
6958bb42a2106ae9c65ef52d,2014-03-01T00:00:00.000Z,2014,3,1,27.11,29.63,24.96,76.34,4.66,19.79,5.11,6.66,65,0
6958bb42a2106ae9c65ef52e,2014-03-02T00:00:00.000Z,2014,3,2,26.88,29.09,25.3,77.65,2.04,17.86,3.44,4.76,40.1,0
6958bb42a2106ae9c65ef52f,2014-03-03T00:00:00.000Z,2014,3,3,26.77,28.98,25.25,77.83,0.16,17.38,3.24,4.92,24.8,0
6958bb42a2106ae9c65ef530,2014-03-04T00:00:00.000Z,2014,3,4,27.14,29.97,24.69,73.98,0.14,18.27,3.24,4.19,53.6,0
6958bb42a2106ae9c65ef531,2014-03-05T00:00:00.000Z,2014,3,5,27.47,30.22,25.12,76.4,0,23.58,4.07,6.09,64.8,0
6958bb42a2106ae9c65ef532,2014-03-06T00:00:00.000Z,2014,3,6,27.06,29.62,25.21,77.77,0,23.91,4.83,6.3,60.7,0
6958bb42a2106ae9c65ef533,2014-03-07T00:00:00.000Z,2014,3,7,27.23,30.57,24.24,69.58,0,25.45,3.96,4.6,64.4,0
6958bb42a2106ae9c65ef534,2014-03-08T00:00:00.000Z,2014,3,8,27.41,30.33,24.89,75.02,0,22.92,4.93,6.9,65.1,0
6958bb42a2106ae9c65ef535,2014-03-09T00:00:00.000Z,2014,3,9,27.11,30.21,24.62,75.61,0,22.48,5.13,7.21,68.4,0
6958bb42a2106ae9c65ef536,2014-03-10T00:00:00.000Z,2014,3,10,27.08,30.41,23.92,73.9,0,22.97,5.72,7.51,70.3,0
6958bb42a2106ae9c65ef537,2014-03-11T00:00:00.000Z,2014,3,11,27.29,29.95,24.83,74.68,0,23.29,6.11,7.33,66.5,0
6958bb42a2106ae9c65ef538,2014-03-12T00:00:00.000Z,2014,3,12,27.29,30.31,24.42,73.94,0.27,24.75,5.27,6.23,71.3,0
6958bb42a2106ae9c65ef539,2014-03-13T00:00:00.000Z,2014,3,13,27.19,29.84,24.74,75.81,0.84,20.5,4.78,6.16,50.7,0
6958bb42a2106ae9c65ef53a,2014-03-14T00:00:00.000Z,2014,3,14,27.92,31.46,24.86,73.2,0.14,23.38,5.12,6.57,74,0
6958bb42a2106ae9c65ef53b,2014-03-15T00:00:00.000Z,2014,3,15,27.37,29.1,26.02,81.07,21.33,17.41,5.37,6.75,60.3,0
6958bb42a2106ae9c65ef53c,2014-03-16T00:00:00.000Z,2014,3,16,27.32,29.39,26.02,78.96,11.05,10.86,6.16,8.06,85.1,0
6958bb42a2106ae9c65ef53d,2014-03-17T00:00:00.000Z,2014,3,17,26.44,27.88,25.12,86.27,14.98,12.94,4.98,6.73,61.9,0
6958bb42a2106ae9c65ef53e,2014-03-18T00:00:00.000Z,2014,3,18,26.63,28.01,25.57,84.43,4.69,16.17,3.51,4.56,63.3,0
6958bb42a2106ae9c65ef53f,2014-03-19T00:00:00.000Z,2014,3,19,27.13,29.19,25.74,81.22,1.73,19.4,4.16,5.53,47,0
6958bb42a2106ae9c65ef540,2014-03-20T00:00:00.000Z,2014,3,20,27.27,29.73,25.55,76.39,0.88,21.54,2.83,4.72,40,0
6958bb42a2106ae9c65ef541,2014-03-21T00:00:00.000Z,2014,3,21,27.84,31.19,25.39,72.56,0.18,23.16,2.4,3.67,34.2,0
6958bb42a2106ae9c65ef542,2014-03-22T00:00:00.000Z,2014,3,22,27.75,30.72,25.97,73.83,0.03,22.87,2.91,4.94,40.3,0
6958bb42a2106ae9c65ef543,2014-03-23T00:00:00.000Z,2014,3,23,28.03,31.05,25.48,74.65,0.27,22.21,4.62,6.01,70.9,0
6958bb42a2106ae9c65ef544,2014-03-24T00:00:00.000Z,2014,3,24,27.93,30.24,25.76,77.58,1.21,21.92,5.08,6.7,68.8,0
6958bb42a2106ae9c65ef545,2014-03-25T00:00:00.000Z,2014,3,25,27.94,29.94,26.53,78.82,1.71,20.08,4.83,6,66,0
6958bb42a2106ae9c65ef546,2014-03-26T00:00:00.000Z,2014,3,26,28.13,30.71,26.26,77.5,0.68,21.18,3.94,5.34,59.5,0
6958bb42a2106ae9c65ef547,2014-03-27T00:00:00.000Z,2014,3,27,28.06,30.34,26.32,77.67,0.99,21.46,3.16,4.45,53.7,0
6958bb42a2106ae9c65ef548,2014-03-28T00:00:00.000Z,2014,3,28,27.9,30.12,26.42,76.49,2.12,20.74,3.42,6.16,27.1,0
6958bb42a2106ae9c65ef549,2014-03-29T00:00:00.000Z,2014,3,29,28.41,31.45,26.26,72.91,2.26,24.33,2.58,4.46,37.8,0
6958bb42a2106ae9c65ef54a,2014-03-30T00:00:00.000Z,2014,3,30,28.96,32.09,26.69,71.09,1.72,22.91,1.97,3.08,16,0
6958bb42a2106ae9c65ef54b,2014-03-31T00:00:00.000Z,2014,3,31,27.18,28.64,25.68,81.09,5.59,15.57,3.41,4.37,282.3,0
6958bb42a2106ae9c65ef54c,2014-04-01T00:00:00.000Z,2014,4,1,27.84,31.05,25.03,71.38,2.93,13.69,2.54,4,246.6,0
6958bb42a2106ae9c65ef54d,2014-04-02T00:00:00.000Z,2014,4,2,27.45,29.56,26.17,78.1,7.17,17.68,2.75,3.9,285.9,0
6958bb42a2106ae9c65ef54e,2014-04-03T00:00:00.000Z,2014,4,3,26.9,28.28,25.54,79.4,3.43,16.9,2.79,4.17,285.8,0
6958bb42a2106ae9c65ef54f,2014-04-04T00:00:00.000Z,2014,4,4,27.06,28.89,25.82,77.21,3.65,15.39,3.81,5.03,208.4,0
6958bb42a2106ae9c65ef550,2014-04-05T00:00:00.000Z,2014,4,5,26.03,27.39,25.09,77.46,11.3,10.06,3.38,5.4,226.4,0
6958bb42a2106ae9c65ef551,2014-04-06T00:00:00.000Z,2014,4,6,27.93,31.48,25.13,65.28,0.17,23.74,2.51,4.36,13,0
6958bb42a2106ae9c65ef552,2014-04-07T00:00:00.000Z,2014,4,7,27.9,31.02,25.97,71.45,0.2,24.19,2.11,4.23,345.6,0
6958bb42a2106ae9c65ef553,2014-04-08T00:00:00.000Z,2014,4,8,27.98,31.26,25.45,68.76,0.69,22.91,1.81,3.55,319.5,0
6958bb42a2106ae9c65ef554,2014-04-09T00:00:00.000Z,2014,4,9,27.85,30.62,25.99,71.76,0.1,24.04,2.39,4.41,323.2,0
6958bb42a2106ae9c65ef555,2014-04-10T00:00:00.000Z,2014,4,10,28.04,30.76,25.68,70.41,0.31,22.24,1.94,2.68,334.3,0
6958bb42a2106ae9c65ef556,2014-04-11T00:00:00.000Z,2014,4,11,28.06,30.77,26.13,72,0.71,19.57,2.55,3.84,273.6,0
6958bb42a2106ae9c65ef557,2014-04-12T00:00:00.000Z,2014,4,12,28.01,30.69,25.77,70.6,0.44,20.91,2.5,3.52,267.6,0
6958bb42a2106ae9c65ef558,2014-04-13T00:00:00.000Z,2014,4,13,27.76,29.27,26.39,72.88,0.05,21.8,1.97,2.59,271.1,0
6958bb42a2106ae9c65ef559,2014-04-14T00:00:00.000Z,2014,4,14,27.95,30.08,26.26,71.38,0.49,15.94,2.41,3.83,244,0
6958bb42a2106ae9c65ef55a,2014-04-15T00:00:00.000Z,2014,4,15,27.65,30.19,25.43,74.46,0.29,18.19,3.19,3.85,244.2,0
6958bb42a2106ae9c65ef55b,2014-04-16T00:00:00.000Z,2014,4,16,27.73,29.76,26.14,74.52,0.61,22.31,2.55,3.43,260,0
6958bb42a2106ae9c65ef55c,2014-04-17T00:00:00.000Z,2014,4,17,28.12,31.33,25.65,72.03,0.72,22.17,3.41,4.26,257.4,0
6958bb42a2106ae9c65ef55d,2014-04-18T00:00:00.000Z,2014,4,18,28.65,31.7,26.37,69.53,0.26,23.64,2.55,3.83,295.4,0
6958bb42a2106ae9c65ef55e,2014-04-19T00:00:00.000Z,2014,4,19,28.65,31.8,26.17,70.34,0.98,24.52,2.81,4.13,269.5,0
6958bb42a2106ae9c65ef55f,2014-04-20T00:00:00.000Z,2014,4,20,28.44,30.97,26.35,72.23,1.88,19.77,3.7,4.15,231.1,0
6958bb42a2106ae9c65ef560,2014-04-21T00:00:00.000Z,2014,4,21,28.85,31.98,26.57,68.04,1.95,17.2,3.22,4.03,213.2,0
6958bb42a2106ae9c65ef561,2014-04-22T00:00:00.000Z,2014,4,22,28.77,31.9,25.98,63.69,4.31,22.36,2.12,3.35,153.1,0
6958bb42a2106ae9c65ef562,2014-04-23T00:00:00.000Z,2014,4,23,28.49,30.9,26.94,73.44,8.53,23.21,2.16,4.02,2.6,0
6958bb42a2106ae9c65ef563,2014-04-24T00:00:00.000Z,2014,4,24,27.88,29.01,26.83,76.03,9.46,17.05,1.52,2.33,295.8,0
6958bb42a2106ae9c65ef564,2014-04-25T00:00:00.000Z,2014,4,25,28.42,30.47,26.91,72.74,12.29,15.06,1.47,2.44,225.3,0
6958bb42a2106ae9c65ef565,2014-04-26T00:00:00.000Z,2014,4,26,28.97,31.96,26.75,69.94,2.98,22.02,2.02,3.44,286.6,0
6958bb42a2106ae9c65ef566,2014-04-27T00:00:00.000Z,2014,4,27,28.07,29.65,27.08,76.34,3.69,18.03,1.58,2.14,266,0
6958bb42a2106ae9c65ef567,2014-04-28T00:00:00.000Z,2014,4,28,28.29,30.22,26.95,75.16,1.75,19.47,2.08,2.6,243.2,0
6958bb42a2106ae9c65ef568,2014-04-29T00:00:00.000Z,2014,4,29,28.24,29.99,26.82,74.58,5.14,20.51,2.18,2.89,264.3,0
6958bb42a2106ae9c65ef569,2014-04-30T00:00:00.000Z,2014,4,30,28.56,31.4,26.39,71.98,0.23,21.38,2.26,2.93,279.8,0
6958bb42a2106ae9c65ef56a,2014-05-01T00:00:00.000Z,2014,5,1,28.81,31.45,26.9,70.4,0.6,21.71,2.14,2.86,260.2,0
6958bb42a2106ae9c65ef56b,2014-05-02T00:00:00.000Z,2014,5,2,28.48,30.75,26.73,70.73,2.77,20.08,1.86,2.68,218.5,0
6958bb42a2106ae9c65ef56c,2014-05-03T00:00:00.000Z,2014,5,3,28.74,30.92,27.15,73.17,1.77,19.77,1.91,3.12,345.5,0
6958bb42a2106ae9c65ef56d,2014-05-04T00:00:00.000Z,2014,5,4,28.44,30.28,26.98,77.45,2,20.36,3.42,4.86,58.9,0
6958bb42a2106ae9c65ef56e,2014-05-05T00:00:00.000Z,2014,5,5,28.6,30.72,26.94,78.13,2.36,20.29,3.54,4.17,71.5,0
6958bb42a2106ae9c65ef56f,2014-05-06T00:00:00.000Z,2014,5,6,28.57,30.32,27.36,78.82,11.1,16.19,2.69,3.66,169.6,0
6958bb42a2106ae9c65ef570,2014-05-07T00:00:00.000Z,2014,5,7,27.23,28.46,26.3,85.46,8.65,16.64,3.72,5.21,289.1,0
6958bb42a2106ae9c65ef571,2014-05-08T00:00:00.000Z,2014,5,8,28.43,31.53,25.81,74.11,2.06,14.3,2.41,3.31,249.7,0
6958bb42a2106ae9c65ef572,2014-05-09T00:00:00.000Z,2014,5,9,28.36,30.41,26.66,73.96,6.44,18.63,2.33,2.82,236.5,0
6958bb42a2106ae9c65ef573,2014-05-10T00:00:00.000Z,2014,5,10,28.62,31.38,26.65,71.66,4.5,16.65,2.94,3.65,218.2,0
6958bb42a2106ae9c65ef574,2014-05-11T00:00:00.000Z,2014,5,11,28.48,30.68,26.79,72.83,2.75,16.1,2.51,3,245,0
6958bb42a2106ae9c65ef575,2014-05-12T00:00:00.000Z,2014,5,12,27.46,28.81,26.48,78.49,5,18.06,3.84,4.98,240.1,0
6958bb42a2106ae9c65ef576,2014-05-13T00:00:00.000Z,2014,5,13,27.81,30.38,25.81,75.71,1.8,19.32,4.56,5.45,242,0
6958bb42a2106ae9c65ef577,2014-05-14T00:00:00.000Z,2014,5,14,27.34,29.2,26.07,78.56,2.17,17.98,3.91,4.92,240.1,0
6958bb42a2106ae9c65ef578,2014-05-15T00:00:00.000Z,2014,5,15,27.57,29.78,26.05,79.78,2.41,16.99,3.85,5.38,246.9,0
6958bb42a2106ae9c65ef579,2014-05-16T00:00:00.000Z,2014,5,16,27.38,29.18,26.19,79.19,2.61,10.19,4.58,6.07,229.4,0
6958bb42a2106ae9c65ef57a,2014-05-17T00:00:00.000Z,2014,5,17,28.23,31.21,25.92,74.04,1.62,17.22,4.5,5.26,200.3,0
6958bb42a2106ae9c65ef57b,2014-05-18T00:00:00.000Z,2014,5,18,27.68,29.74,26.43,76.85,1.08,16.07,3.7,6.54,203.7,0
6958bb42a2106ae9c65ef57c,2014-05-19T00:00:00.000Z,2014,5,19,27.32,29.54,25.47,69.23,1.47,18.63,3.3,4.78,185.6,0
6958bb42a2106ae9c65ef57d,2014-05-20T00:00:00.000Z,2014,5,20,27.86,30.14,25.95,70.55,0.92,19.68,3.04,4.04,221.8,0
6958bb42a2106ae9c65ef57e,2014-05-21T00:00:00.000Z,2014,5,21,28.18,31.34,25.67,74.17,1.02,23.37,3.87,4.52,245.9,0
6958bb42a2106ae9c65ef57f,2014-05-22T00:00:00.000Z,2014,5,22,27.99,30.51,25.9,75.52,0.38,19.6,4.19,4.86,240.3,0
6958bb42a2106ae9c65ef580,2014-05-23T00:00:00.000Z,2014,5,23,28.86,31.98,26.23,69.65,0.58,21.42,3.54,4.72,224.7,0
6958bb42a2106ae9c65ef581,2014-05-24T00:00:00.000Z,2014,5,24,28.53,31.31,26.49,73.62,0.7,23.06,2.11,2.99,49.6,0
6958bb42a2106ae9c65ef582,2014-05-25T00:00:00.000Z,2014,5,25,28.22,30.18,26.85,78.51,2.62,19.48,2.1,3.47,32.7,0
6958bb42a2106ae9c65ef583,2014-05-26T00:00:00.000Z,2014,5,26,27.79,28.91,27.03,79.36,3.62,14.82,2.19,3.33,12.5,0
6958bb42a2106ae9c65ef584,2014-05-27T00:00:00.000Z,2014,5,27,28.39,31.38,26.45,70.87,0.64,19.3,2.18,4.6,284.7,0
6958bb42a2106ae9c65ef585,2014-05-28T00:00:00.000Z,2014,5,28,27.47,29.18,26.19,77.71,1.73,14.53,2.68,3.46,279.8,0
6958bb42a2106ae9c65ef586,2014-05-29T00:00:00.000Z,2014,5,29,28.06,30.21,26.45,77.71,1.81,16.7,3.06,3.97,306.7,0
6958bb42a2106ae9c65ef587,2014-05-30T00:00:00.000Z,2014,5,30,27.75,29.29,26.51,81.64,4.39,11.79,3.39,4.16,280.9,0
6958bb42a2106ae9c65ef588,2014-05-31T00:00:00.000Z,2014,5,31,27.6,29.5,26.27,80.81,8.3,11.63,3.79,5.09,269.6,0
6958bb42a2106ae9c65ef589,2014-06-01T00:00:00.000Z,2014,6,1,27.2,28.72,25.86,78.65,2.45,13.72,3.36,4.98,249.3,0
6958bb42a2106ae9c65ef58a,2014-06-02T00:00:00.000Z,2014,6,2,28.04,30.52,26.08,74.47,1.2,17.56,2.22,3.05,264.3,0
6958bb42a2106ae9c65ef58b,2014-06-03T00:00:00.000Z,2014,6,3,27.94,29.52,26.81,79.46,8.03,18.57,3.59,4.92,250.8,0
6958bb42a2106ae9c65ef58c,2014-06-04T00:00:00.000Z,2014,6,4,26.94,27.78,26.06,82.94,22.1,7.56,4.53,5.84,235.5,0
6958bb42a2106ae9c65ef58d,2014-06-05T00:00:00.000Z,2014,6,5,27.96,30.45,25.91,75.85,1.04,15.98,4.89,6.55,219.7,0
6958bb42a2106ae9c65ef58e,2014-06-06T00:00:00.000Z,2014,6,6,29.03,32.03,26.13,67.74,0.06,20.23,2.23,3.77,202.1,0
6958bb42a2106ae9c65ef58f,2014-06-07T00:00:00.000Z,2014,6,7,29.03,31.58,27.08,72.49,0.07,21.55,3.01,4.44,205.8,0
6958bb42a2106ae9c65ef590,2014-06-08T00:00:00.000Z,2014,6,8,28.66,31.45,26.73,73.97,1.5,18.86,3.97,4.39,214.6,0
6958bb42a2106ae9c65ef591,2014-06-09T00:00:00.000Z,2014,6,9,28.29,30.71,26.37,73.59,0.01,22.74,4.49,5.17,227,0
6958bb42a2106ae9c65ef592,2014-06-10T00:00:00.000Z,2014,6,10,28.52,30.77,26.79,74.74,0.27,22.96,4.71,5.46,228.1,0
6958bb42a2106ae9c65ef593,2014-06-11T00:00:00.000Z,2014,6,11,28.33,30.5,26.81,77.62,6.1,18.18,6.06,7.56,233.8,0
6958bb42a2106ae9c65ef594,2014-06-12T00:00:00.000Z,2014,6,12,27.77,29.63,26.7,75.85,4.13,7.85,8.71,10.5,223,0
6958bb42a2106ae9c65ef595,2014-06-13T00:00:00.000Z,2014,6,13,27.67,29.24,26.47,77.44,7.38,13.21,9.16,10.73,225.6,0
6958bb42a2106ae9c65ef596,2014-06-14T00:00:00.000Z,2014,6,14,27.41,29.34,26.2,75.21,5.84,10.73,7.58,10.09,215.8,0
6958bb42a2106ae9c65ef597,2014-06-15T00:00:00.000Z,2014,6,15,28.43,31.17,26.24,73.25,2.22,15.8,6.63,7.59,207.5,0
6958bb42a2106ae9c65ef598,2014-06-16T00:00:00.000Z,2014,6,16,27.96,29.86,26.26,77.94,1.22,14.95,6.62,7.85,209,0
6958bb42a2106ae9c65ef599,2014-06-17T00:00:00.000Z,2014,6,17,27.92,30.02,26.07,78.15,1.49,20.93,7.33,9.4,214.9,0
6958bb42a2106ae9c65ef59a,2014-06-18T00:00:00.000Z,2014,6,18,27.8,30.35,26.23,76.27,1.42,22.22,7.43,9.88,211.2,0
6958bb42a2106ae9c65ef59b,2014-06-19T00:00:00.000Z,2014,6,19,28.25,31.12,26.3,72.64,1.88,19.39,6.47,7.98,209.8,0
6958bb42a2106ae9c65ef59c,2014-06-20T00:00:00.000Z,2014,6,20,28.33,31.66,25.73,74.07,0.79,20.43,5.58,6.28,211.1,0
6958bb42a2106ae9c65ef59d,2014-06-21T00:00:00.000Z,2014,6,21,27.96,30.28,26.35,77.58,0.28,20.75,5.89,7.24,216.9,0
6958bb42a2106ae9c65ef59e,2014-06-22T00:00:00.000Z,2014,6,22,27.83,29.69,26.35,79.14,0.07,22.83,6.12,7.12,216.3,0
6958bb42a2106ae9c65ef59f,2014-06-23T00:00:00.000Z,2014,6,23,27.9,29.71,26.56,78.36,0.3,21.19,5.97,6.71,225.6,0
6958bb42a2106ae9c65ef5a0,2014-06-24T00:00:00.000Z,2014,6,24,28.25,30.66,26.62,75.31,0.19,21.01,7.23,8.67,219.2,0
6958bb42a2106ae9c65ef5a1,2014-06-25T00:00:00.000Z,2014,6,25,28.35,31.05,26.35,73.51,0.07,22.81,6.25,7.12,211.4,0
6958bb42a2106ae9c65ef5a2,2014-06-26T00:00:00.000Z,2014,6,26,28.33,31.22,26.2,71.93,0.01,18.31,5.41,6.62,212,0
6958bb42a2106ae9c65ef5a3,2014-06-27T00:00:00.000Z,2014,6,27,28.25,31.66,25.81,69.23,0.04,19.66,6.24,7.52,212.9,0
6958bb42a2106ae9c65ef5a4,2014-06-28T00:00:00.000Z,2014,6,28,28.22,31.53,25.76,71.9,0.2,21.97,5.03,5.64,215.9,0
6958bb42a2106ae9c65ef5a5,2014-06-29T00:00:00.000Z,2014,6,29,27.18,29.52,25.68,74.92,0.92,18.85,5.24,6.12,240.1,0
6958bb42a2106ae9c65ef5a6,2014-06-30T00:00:00.000Z,2014,6,30,28.04,31.34,25.2,68.84,1.31,20.9,5.23,6.76,232,0
6958bb42a2106ae9c65ef5a7,2014-07-01T00:00:00.000Z,2014,7,1,28.09,30.83,26.05,72.32,1.12,21.19,2.59,3.68,246.3,0
6958bb42a2106ae9c65ef5a8,2014-07-02T00:00:00.000Z,2014,7,2,28.16,30.79,26.08,73.28,0.67,19.1,2.87,3.98,245.7,0
6958bb42a2106ae9c65ef5a9,2014-07-03T00:00:00.000Z,2014,7,3,28.33,31.32,26.17,71.78,2.75,22.34,5.84,7.61,220.3,0
6958bb42a2106ae9c65ef5aa,2014-07-04T00:00:00.000Z,2014,7,4,27.52,29.08,26.22,78.73,5.58,16.23,7.21,9.3,225.1,0
6958bb42a2106ae9c65ef5ab,2014-07-05T00:00:00.000Z,2014,7,5,27.36,29.37,25.84,76.81,1.12,14.54,6.22,7.04,209.7,0
6958bb42a2106ae9c65ef5ac,2014-07-06T00:00:00.000Z,2014,7,6,27.27,29.23,26,77.66,4.84,11.45,6.75,8.05,209.7,0
6958bb42a2106ae9c65ef5ad,2014-07-07T00:00:00.000Z,2014,7,7,26.66,28.39,25.37,79.09,4.43,15.17,7.84,8.86,223.1,0
6958bb42a2106ae9c65ef5ae,2014-07-08T00:00:00.000Z,2014,7,8,27.68,30.68,25.66,74.42,4.65,16.13,8.42,10.88,221.3,0
6958bb42a2106ae9c65ef5af,2014-07-09T00:00:00.000Z,2014,7,9,27.53,29.85,26.06,73.09,4.36,14.4,8.02,10.35,226.6,0
6958bb42a2106ae9c65ef5b0,2014-07-10T00:00:00.000Z,2014,7,10,27.57,30.07,25.47,73.24,3.76,14.01,5.5,6.18,218.3,0
6958bb42a2106ae9c65ef5b1,2014-07-11T00:00:00.000Z,2014,7,11,27.52,29.73,25.52,75.71,1.38,16.42,7.77,10.13,237.7,0
6958bb42a2106ae9c65ef5b2,2014-07-12T00:00:00.000Z,2014,7,12,28.03,30.38,26.46,74.16,0.84,21.1,7.19,7.94,233.4,0
6958bb42a2106ae9c65ef5b3,2014-07-13T00:00:00.000Z,2014,7,13,27.63,29.68,26.16,76.09,1.11,18.35,6.6,7.72,225.3,0
6958bb42a2106ae9c65ef5b4,2014-07-14T00:00:00.000Z,2014,7,14,27.4,29.8,25.12,67.48,3.23,15.14,6.48,8.28,212.1,0
6958bb42a2106ae9c65ef5b5,2014-07-15T00:00:00.000Z,2014,7,15,27.5,30.33,25.36,65.93,0.78,12.6,5.35,6.64,217.7,0
6958bb42a2106ae9c65ef5b6,2014-07-16T00:00:00.000Z,2014,7,16,28.09,31.46,25.61,68.99,0.27,20.75,4.07,5.09,241.4,0
6958bb42a2106ae9c65ef5b7,2014-07-17T00:00:00.000Z,2014,7,17,27.98,30.97,26.02,74.58,0.06,23.25,6.08,7.62,218.5,0
6958bb42a2106ae9c65ef5b8,2014-07-18T00:00:00.000Z,2014,7,18,27.68,30.22,25.85,74.84,0.02,16.04,6.73,8.08,201.4,0
6958bb42a2106ae9c65ef5b9,2014-07-19T00:00:00.000Z,2014,7,19,27.99,30.7,25.91,74.49,0.03,18.49,5.97,7.42,201.2,0
6958bb42a2106ae9c65ef5ba,2014-07-20T00:00:00.000Z,2014,7,20,28.48,31.8,26.04,72.14,0.03,19.58,3.99,5.73,206.8,0
6958bb42a2106ae9c65ef5bb,2014-07-21T00:00:00.000Z,2014,7,21,28.28,31.09,26.4,73.25,0.02,22.83,5.81,6.63,214.7,0
6958bb42a2106ae9c65ef5bc,2014-07-22T00:00:00.000Z,2014,7,22,28.03,30.31,26.47,74.7,0,21.72,5.78,6.76,224.4,0
6958bb42a2106ae9c65ef5bd,2014-07-23T00:00:00.000Z,2014,7,23,27.91,30.59,25.91,74.25,0.01,20.36,5.67,7.29,220.8,0
6958bb42a2106ae9c65ef5be,2014-07-24T00:00:00.000Z,2014,7,24,27.47,29.34,26.11,77.15,0.62,18.42,6.06,7.63,213.5,0
6958bb42a2106ae9c65ef5bf,2014-07-25T00:00:00.000Z,2014,7,25,26.68,28.71,25.16,71.48,1.3,13.8,6.64,7.96,213.9,0
6958bb42a2106ae9c65ef5c0,2014-07-26T00:00:00.000Z,2014,7,26,26.92,28.96,25.17,74.69,4.31,13.61,5.64,7.05,208.3,0
6958bb42a2106ae9c65ef5c1,2014-07-27T00:00:00.000Z,2014,7,27,27.2,30.01,25.41,73.75,0.81,18.73,5.42,6.86,215,0
6958bb42a2106ae9c65ef5c2,2014-07-28T00:00:00.000Z,2014,7,28,27.74,30.89,25.47,70.27,0.62,20.86,5.02,6.11,223.9,0
6958bb42a2106ae9c65ef5c3,2014-07-29T00:00:00.000Z,2014,7,29,27.97,30.65,25.91,73.93,0.39,17.25,5.38,6.21,224.9,0
6958bb42a2106ae9c65ef5c4,2014-07-30T00:00:00.000Z,2014,7,30,28.36,31.59,26.18,72.69,0.72,21.5,5.71,6.56,213.8,0
6958bb42a2106ae9c65ef5c5,2014-07-31T00:00:00.000Z,2014,7,31,28.14,31.43,25.87,70.47,0.19,22.91,6.22,7.26,210.2,0
6958bb42a2106ae9c65ef5c6,2014-08-01T00:00:00.000Z,2014,8,1,28.16,31.06,25.98,69.59,0.36,21.05,6.35,7.94,207.5,0
6958bb42a2106ae9c65ef5c7,2014-08-02T00:00:00.000Z,2014,8,2,28.13,31.23,25.8,69.89,0.18,22.84,5.61,6.2,206.6,0
6958bb42a2106ae9c65ef5c8,2014-08-03T00:00:00.000Z,2014,8,3,27.96,31.16,25.81,67.17,1.63,20.2,6.25,7,206.2,0
6958bb42a2106ae9c65ef5c9,2014-08-04T00:00:00.000Z,2014,8,4,27.14,29.14,25.74,73.89,1.22,16.35,7.1,8.22,212.6,0
6958bb42a2106ae9c65ef5ca,2014-08-05T00:00:00.000Z,2014,8,5,26.61,28.24,25.55,77.52,4.47,15.77,6.5,7.28,214.7,0
6958bb42a2106ae9c65ef5cb,2014-08-06T00:00:00.000Z,2014,8,6,26.48,28.44,25.16,77,6.31,11.41,6.62,8.48,222.2,0
6958bb42a2106ae9c65ef5cc,2014-08-07T00:00:00.000Z,2014,8,7,26.77,28.97,25.14,74.72,1.66,11.08,6.55,7.54,219.7,0
6958bb42a2106ae9c65ef5cd,2014-08-08T00:00:00.000Z,2014,8,8,27.42,29.96,25.32,66.22,0.15,16.09,3.22,5.3,195.1,0
6958bb42a2106ae9c65ef5ce,2014-08-09T00:00:00.000Z,2014,8,9,27.59,30.12,25.88,68.6,0.79,18.93,2.09,3.5,261.3,0
6958bb42a2106ae9c65ef5cf,2014-08-10T00:00:00.000Z,2014,8,10,27.88,30.94,25.58,71.49,3.15,19.05,2.85,3.77,281.2,0
6958bb42a2106ae9c65ef5d0,2014-08-11T00:00:00.000Z,2014,8,11,26.62,27.94,25.51,76.81,9.96,17.37,2.8,4.22,251.1,0
6958bb42a2106ae9c65ef5d1,2014-08-12T00:00:00.000Z,2014,8,12,26.74,29.3,24.91,77.25,8.98,19.43,4.7,6.81,262.4,0
6958bb42a2106ae9c65ef5d2,2014-08-13T00:00:00.000Z,2014,8,13,27.32,30.2,25.38,73.77,2.7,21.57,5.59,7.84,246.2,0
6958bb42a2106ae9c65ef5d3,2014-08-14T00:00:00.000Z,2014,8,14,27.13,29.77,25.43,76.26,2.55,19.36,5.69,6.84,242,0
6958bb42a2106ae9c65ef5d4,2014-08-15T00:00:00.000Z,2014,8,15,25.88,27.11,24.78,79.91,5.09,11.49,4.62,5.5,238.6,0
6958bb42a2106ae9c65ef5d5,2014-08-16T00:00:00.000Z,2014,8,16,26.09,27.97,24.49,78.49,7.47,19.42,3.27,4.52,270.2,0
6958bb42a2106ae9c65ef5d6,2014-08-17T00:00:00.000Z,2014,8,17,26.78,28.99,25.13,78.06,5.45,20.59,3.5,4.18,243.7,0
6958bb43a2106ae9c65ef5d7,2014-08-18T00:00:00.000Z,2014,8,18,26.37,28.01,24.96,79.12,6.15,19.55,4.84,5.59,238.9,0
6958bb43a2106ae9c65ef5d8,2014-08-19T00:00:00.000Z,2014,8,19,27,30.15,24.61,71.81,2.31,13.96,4.5,6.88,242.1,0
6958bb43a2106ae9c65ef5d9,2014-08-20T00:00:00.000Z,2014,8,20,27.72,30.95,25.06,72.18,2.27,17.35,3.61,4.6,247.8,0
6958bb43a2106ae9c65ef5da,2014-08-21T00:00:00.000Z,2014,8,21,27.97,30.92,25.45,70.67,1.47,14.24,2.23,2.94,234.6,0
6958bb43a2106ae9c65ef5db,2014-08-22T00:00:00.000Z,2014,8,22,27.32,28.98,26.21,78.32,8.63,19.14,2.57,4.24,11.7,0
6958bb43a2106ae9c65ef5dc,2014-08-23T00:00:00.000Z,2014,8,23,26.27,26.93,25.66,83.02,8.02,5.2,3.03,4.23,329.2,0
6958bb43a2106ae9c65ef5dd,2014-08-24T00:00:00.000Z,2014,8,24,25.58,26.95,24.82,86.76,43,18.22,4.18,5.89,308.5,0
6958bb43a2106ae9c65ef5de,2014-08-25T00:00:00.000Z,2014,8,25,25.49,26.23,24.9,84.67,23.58,12.89,4.06,5.57,286.8,0
6958bb43a2106ae9c65ef5df,2014-08-26T00:00:00.000Z,2014,8,26,25.3,26.53,24.37,80.78,15.37,12.83,5.02,5.62,225.8,0
6958bb43a2106ae9c65ef5e0,2014-08-27T00:00:00.000Z,2014,8,27,25.7,27.8,24.07,80.56,3.82,18.44,4.76,5.2,237.6,0
6958bb43a2106ae9c65ef5e1,2014-08-28T00:00:00.000Z,2014,8,28,26.61,29.5,24.11,74.34,0.98,18.66,4.71,6.41,223.4,0
6958bb43a2106ae9c65ef5e2,2014-08-29T00:00:00.000Z,2014,8,29,27.81,30.9,24.39,66.08,0.31,22.02,2.76,5.01,209.1,0
6958bb43a2106ae9c65ef5e3,2014-08-30T00:00:00.000Z,2014,8,30,27.29,29.72,25.88,75.81,0.11,21.55,2.1,3.53,351.9,0
6958bb43a2106ae9c65ef5e4,2014-08-31T00:00:00.000Z,2014,8,31,27.51,30.78,25.64,71.7,0.01,22.7,1.48,3.37,326.6,0
6958bb43a2106ae9c65ef5e5,2014-09-01T00:00:00.000Z,2014,9,1,27.58,30.41,25.45,71.4,0.27,24.85,1.42,2.39,302.7,0
6958bb43a2106ae9c65ef5e6,2014-09-02T00:00:00.000Z,2014,9,2,26.73,29.3,25.48,75.59,0.33,22.48,2.07,3.55,278.9,0
6958bb43a2106ae9c65ef5e7,2014-09-03T00:00:00.000Z,2014,9,3,27.5,30.29,25.05,68.79,0.76,22.6,2.46,3.76,255.6,0
6958bb43a2106ae9c65ef5e8,2014-09-04T00:00:00.000Z,2014,9,4,26.93,28.26,25.89,77.83,1.57,16.85,1.79,2.79,312.3,0
6958bb43a2106ae9c65ef5e9,2014-09-05T00:00:00.000Z,2014,9,5,27.06,30.05,25.17,71.97,0.53,24.59,5.31,7.55,227.4,0
6958bb43a2106ae9c65ef5ea,2014-09-06T00:00:00.000Z,2014,9,6,26.88,29.03,25.09,73.45,0.11,20.68,5.39,7.28,213.2,0
6958bb43a2106ae9c65ef5eb,2014-09-07T00:00:00.000Z,2014,9,7,26.56,28.13,25.04,67.4,0.13,10.56,3.29,5.28,257,0
6958bb43a2106ae9c65ef5ec,2014-09-08T00:00:00.000Z,2014,9,8,27.13,29.3,25.06,70.69,3.32,22.6,3.35,3.71,262.6,0
6958bb43a2106ae9c65ef5ed,2014-09-09T00:00:00.000Z,2014,9,9,25.99,27.44,24.81,82.29,4.9,14.62,4.95,6.91,265.1,0
6958bb43a2106ae9c65ef5ee,2014-09-10T00:00:00.000Z,2014,9,10,26.06,27.95,24.68,79.62,1.53,16.42,5.13,6.29,239.3,0
6958bb43a2106ae9c65ef5ef,2014-09-11T00:00:00.000Z,2014,9,11,26.6,29.43,24.68,76.28,4.7,16,4.78,5.85,237.7,0
6958bb43a2106ae9c65ef5f0,2014-09-12T00:00:00.000Z,2014,9,12,26.09,27.69,24.73,81.81,3.71,18.75,5.1,5.99,253.9,0
6958bb43a2106ae9c65ef5f1,2014-09-13T00:00:00.000Z,2014,9,13,25.95,27.12,25.18,85.91,20.58,8.77,5.53,8.13,265,0
6958bb43a2106ae9c65ef5f2,2014-09-14T00:00:00.000Z,2014,9,14,25.73,26.83,24.97,85.37,14.79,14.29,6.9,8.19,245.4,0
6958bb43a2106ae9c65ef5f3,2014-09-15T00:00:00.000Z,2014,9,15,25.81,27,24.96,82.83,3.8,14.07,6.95,9.09,237.6,0
6958bb43a2106ae9c65ef5f4,2014-09-16T00:00:00.000Z,2014,9,16,26.58,28.86,24.93,79.48,5.38,18.07,5.68,6.79,232,0
6958bb43a2106ae9c65ef5f5,2014-09-17T00:00:00.000Z,2014,9,17,27.49,29.92,25,71.43,0.41,17.59,2.52,4.57,225.2,0
6958bb43a2106ae9c65ef5f6,2014-09-18T00:00:00.000Z,2014,9,18,27.03,28.38,26.06,76.96,2.25,13.04,1.76,2.89,336.8,0
6958bb43a2106ae9c65ef5f7,2014-09-19T00:00:00.000Z,2014,9,19,27.41,29.57,25.4,71.69,2.2,10.6,1.66,2.32,310.6,0
6958bb43a2106ae9c65ef5f8,2014-09-20T00:00:00.000Z,2014,9,20,27.31,30.09,25.34,75.19,3.11,21.81,3.85,5.01,252.9,0
6958bb43a2106ae9c65ef5f9,2014-09-21T00:00:00.000Z,2014,9,21,27.6,30.19,25.06,71.57,2.64,16.71,2.54,4.18,205.7,0
6958bb43a2106ae9c65ef5fa,2014-09-22T00:00:00.000Z,2014,9,22,27.5,29.58,25.97,75.38,8.43,20.8,1.31,2.19,318.2,0
6958bb43a2106ae9c65ef5fb,2014-09-23T00:00:00.000Z,2014,9,23,27.5,29.79,26.09,74.28,3.81,20.01,1.92,3.39,333.1,0
6958bb43a2106ae9c65ef5fc,2014-09-24T00:00:00.000Z,2014,9,24,26.82,28.59,25.57,77.83,17.26,17.8,1.88,2.42,351.3,0
6958bb43a2106ae9c65ef5fd,2014-09-25T00:00:00.000Z,2014,9,25,26.25,27.46,25.43,81.03,9.48,14.99,2.33,3.21,260.7,0
6958bb43a2106ae9c65ef5fe,2014-09-26T00:00:00.000Z,2014,9,26,27.01,29.91,24.74,74.88,0.25,20.88,2.23,3.1,291.6,0
6958bb43a2106ae9c65ef5ff,2014-09-27T00:00:00.000Z,2014,9,27,27.28,29.65,25.66,77.17,3.26,19.78,1.85,2.86,348.8,0
6958bb43a2106ae9c65ef600,2014-09-28T00:00:00.000Z,2014,9,28,26.72,28.03,25.68,81.34,16.16,18.18,2.67,3.52,332.8,0
6958bb43a2106ae9c65ef601,2014-09-29T00:00:00.000Z,2014,9,29,26.94,28.34,25.69,77.45,7.02,16.19,2.38,3.62,250.1,0
6958bb43a2106ae9c65ef602,2014-09-30T00:00:00.000Z,2014,9,30,27.15,28.76,25.38,73.1,3.72,18.46,2.2,3.95,208.3,0
6958bb43a2106ae9c65ef603,2014-10-01T00:00:00.000Z,2014,10,1,27.47,30.21,25.76,74.14,6.01,19.02,1.6,2.8,269.9,0
6958bb43a2106ae9c65ef604,2014-10-02T00:00:00.000Z,2014,10,2,26.86,27.71,25.95,78.12,4.61,17.17,1.98,2.61,230.4,0
6958bb43a2106ae9c65ef605,2014-10-03T00:00:00.000Z,2014,10,3,25.94,27.02,24.92,82.2,12.32,18.33,2.25,3.38,265.8,0
6958bb43a2106ae9c65ef606,2014-10-04T00:00:00.000Z,2014,10,4,25.68,27.49,24.48,80.86,10.85,13.11,5.06,6.23,255.7,0
6958bb43a2106ae9c65ef607,2014-10-05T00:00:00.000Z,2014,10,5,25.36,25.86,24.92,86.5,42.17,15.33,7.27,8.82,254.1,0
6958bb43a2106ae9c65ef608,2014-10-06T00:00:00.000Z,2014,10,6,26.12,28.47,24.74,81.33,30.86,14.91,6.98,8.42,243.3,0
6958bb43a2106ae9c65ef609,2014-10-07T00:00:00.000Z,2014,10,7,25.44,26.76,24.45,83.26,32.58,9.41,7.01,9.27,217.8,0
6958bb43a2106ae9c65ef60a,2014-10-08T00:00:00.000Z,2014,10,8,26.28,28.3,24.59,80.04,8.61,17.04,6.54,8.16,209.4,0
6958bb43a2106ae9c65ef60b,2014-10-09T00:00:00.000Z,2014,10,9,27.1,29.21,24.86,74.73,0.3,23.65,2.5,4.11,210.8,0
6958bb43a2106ae9c65ef60c,2014-10-10T00:00:00.000Z,2014,10,10,27.55,29.74,25.62,76.9,1.02,23.29,1.76,2.73,232.3,0
6958bb43a2106ae9c65ef60d,2014-10-11T00:00:00.000Z,2014,10,11,27.2,29.81,25.52,78.34,1.82,23.35,2.13,3.42,23,0
6958bb43a2106ae9c65ef60e,2014-10-12T00:00:00.000Z,2014,10,12,26.64,28.21,25.32,81.09,3.79,17.04,3.49,5.01,56.5,0
6958bb43a2106ae9c65ef60f,2014-10-13T00:00:00.000Z,2014,10,13,26.87,29.21,24.95,79.44,4.03,21.1,3.72,4.98,70,0
6958bb43a2106ae9c65ef610,2014-10-14T00:00:00.000Z,2014,10,14,26.59,28.7,25.13,81.95,5.84,18.64,2.74,3.95,55.8,0
6958bb43a2106ae9c65ef611,2014-10-15T00:00:00.000Z,2014,10,15,26.39,27.93,25.44,85.45,18.24,15.16,3.36,5.26,70.8,0
6958bb43a2106ae9c65ef612,2014-10-16T00:00:00.000Z,2014,10,16,26.89,28.81,25.73,80.32,13.42,16.82,2.34,3.8,12.8,0
6958bb43a2106ae9c65ef613,2014-10-17T00:00:00.000Z,2014,10,17,26.35,27.66,25.54,88.46,17.58,14.36,4.29,5.23,23.2,0
6958bb43a2106ae9c65ef614,2014-10-18T00:00:00.000Z,2014,10,18,25.66,26.32,25.18,88.68,13.83,10.07,3.91,4.97,11.9,0
6958bb43a2106ae9c65ef615,2014-10-19T00:00:00.000Z,2014,10,19,25.62,26.91,24.82,83.89,9.95,7.88,2.39,4.22,325.6,0
6958bb43a2106ae9c65ef616,2014-10-20T00:00:00.000Z,2014,10,20,26.38,27.82,24.89,76.66,13.51,16.19,1.38,2.32,211.1,0
6958bb43a2106ae9c65ef617,2014-10-21T00:00:00.000Z,2014,10,21,26.26,27.86,25.29,80.78,23.42,13.88,1.72,2.35,39.1,0
6958bb43a2106ae9c65ef618,2014-10-22T00:00:00.000Z,2014,10,22,26.34,27.55,25.4,81.96,14.71,14.28,1.41,2.78,256.8,0
6958bb43a2106ae9c65ef619,2014-10-23T00:00:00.000Z,2014,10,23,26.44,28.5,25.04,78.22,3.16,14.46,1.97,3.37,27.9,0
6958bb43a2106ae9c65ef61a,2014-10-24T00:00:00.000Z,2014,10,24,26.48,28.06,25.14,78.78,4.29,14.7,1.63,3.15,348.7,0
6958bb43a2106ae9c65ef61b,2014-10-25T00:00:00.000Z,2014,10,25,26.66,28.62,24.98,79,3.49,18.21,1.78,2.64,285.9,0
6958bb43a2106ae9c65ef61c,2014-10-26T00:00:00.000Z,2014,10,26,26.54,28.06,25.52,82.34,12.27,18.77,2.34,3.88,285.5,0
6958bb43a2106ae9c65ef61d,2014-10-27T00:00:00.000Z,2014,10,27,26.58,28.13,25.34,78.72,3.7,17.03,1.61,2.52,315.6,0
6958bb43a2106ae9c65ef61e,2014-10-28T00:00:00.000Z,2014,10,28,26.96,29,25.46,77.9,3.64,19.03,2.25,3.36,245.2,0
6958bb43a2106ae9c65ef61f,2014-10-29T00:00:00.000Z,2014,10,29,26.4,27.62,25.29,82.3,8.16,19.01,2.7,3.62,224.1,0
6958bb43a2106ae9c65ef620,2014-10-30T00:00:00.000Z,2014,10,30,26.49,27.87,25.13,81.8,6.63,18.56,2.16,2.74,279.1,0
6958bb43a2106ae9c65ef621,2014-10-31T00:00:00.000Z,2014,10,31,26.43,27.5,25.4,81.83,20.46,13.09,1.94,3.35,306.7,0
6958bb43a2106ae9c65ef622,2014-11-01T00:00:00.000Z,2014,11,1,25.88,26.44,25.31,88.58,19.55,16,3.93,7.28,302.6,0
6958bb43a2106ae9c65ef623,2014-11-02T00:00:00.000Z,2014,11,2,25.69,26.7,25.1,88.5,89.55,9.51,6.84,8.39,270.6,0
6958bb43a2106ae9c65ef624,2014-11-03T00:00:00.000Z,2014,11,3,25.87,27.18,24.89,86.45,38.76,7.73,6.13,7.45,242.7,0
6958bb43a2106ae9c65ef625,2014-11-04T00:00:00.000Z,2014,11,4,25.89,27.38,24.45,81.63,6.69,16.86,2.73,4.37,230.4,0
6958bb43a2106ae9c65ef626,2014-11-05T00:00:00.000Z,2014,11,5,26.93,29.01,25.42,70.18,1.23,22.27,1.86,3.21,218.9,0
6958bb43a2106ae9c65ef627,2014-11-06T00:00:00.000Z,2014,11,6,26.72,29.08,24.93,76.86,1.89,21.08,3.46,4.49,221.3,0
6958bb43a2106ae9c65ef628,2014-11-07T00:00:00.000Z,2014,11,7,26.72,28.9,24.8,80.03,1.39,19.1,2.12,2.89,245.7,0
6958bb43a2106ae9c65ef629,2014-11-08T00:00:00.000Z,2014,11,8,25.92,27.26,24.89,79.67,1.64,9.4,1.68,3.23,25.2,0
6958bb43a2106ae9c65ef62a,2014-11-09T00:00:00.000Z,2014,11,9,24.67,25.45,23.88,85.58,5.11,7.62,3.26,5.49,284.1,0
6958bb43a2106ae9c65ef62b,2014-11-10T00:00:00.000Z,2014,11,10,26.25,28.35,24.85,83.13,8.6,15.14,3.33,5.77,208.9,0
6958bb43a2106ae9c65ef62c,2014-11-11T00:00:00.000Z,2014,11,11,26.29,28.95,24.87,78.77,7.73,16.98,1.95,3.3,151,0
6958bb43a2106ae9c65ef62d,2014-11-12T00:00:00.000Z,2014,11,12,26.89,29.37,25.25,73.18,9.75,18.08,1.64,2.36,47.9,0
6958bb43a2106ae9c65ef62e,2014-11-13T00:00:00.000Z,2014,11,13,26.02,27.27,24.97,84.85,5.29,18.91,3.08,4.15,59.5,0
6958bb43a2106ae9c65ef62f,2014-11-14T00:00:00.000Z,2014,11,14,25.98,27.4,24.67,81.68,1.99,18.51,3.8,5.11,94.6,0
6958bb43a2106ae9c65ef630,2014-11-15T00:00:00.000Z,2014,11,15,26.54,28.5,25.08,80.5,7.63,19.47,2.93,4.37,78,0
6958bb43a2106ae9c65ef631,2014-11-16T00:00:00.000Z,2014,11,16,26.09,27.25,25.2,85.33,9.39,16.24,3.52,4.55,71,0
6958bb43a2106ae9c65ef632,2014-11-17T00:00:00.000Z,2014,11,17,26.14,27.62,24.93,85.36,3.14,17.39,4.98,6.58,80.4,0
6958bb43a2106ae9c65ef633,2014-11-18T00:00:00.000Z,2014,11,18,25.96,27.65,24.76,86.48,8.14,15.8,6.12,8.92,66.4,0
6958bb43a2106ae9c65ef634,2014-11-19T00:00:00.000Z,2014,11,19,26.32,27.65,25.41,86.5,21.75,12.51,5.8,7.58,61.6,0
6958bb43a2106ae9c65ef635,2014-11-20T00:00:00.000Z,2014,11,20,25.97,26.83,25.03,88.37,15.17,17.02,5.71,6.56,62.7,0
6958bb43a2106ae9c65ef636,2014-11-21T00:00:00.000Z,2014,11,21,26.52,27.96,25.2,86.54,32.35,16.72,3.53,4.57,68.7,0
6958bb43a2106ae9c65ef637,2014-11-22T00:00:00.000Z,2014,11,22,26.8,28.99,25.63,81.93,13.66,14.24,2.53,4.67,80.6,0
6958bb43a2106ae9c65ef638,2014-11-23T00:00:00.000Z,2014,11,23,26.54,28.2,25.61,82.34,8.15,17.27,1.72,2.89,355.7,0
6958bb43a2106ae9c65ef639,2014-11-24T00:00:00.000Z,2014,11,24,26.42,27.6,25.2,81.71,6.02,14.12,1.67,2.69,277.3,0
6958bb43a2106ae9c65ef63a,2014-11-25T00:00:00.000Z,2014,11,25,26.4,27.79,25.49,81.97,17.44,17.11,1.17,2.27,291.9,0
6958bb43a2106ae9c65ef63b,2014-11-26T00:00:00.000Z,2014,11,26,25.92,27.27,25.03,84.21,8.28,13.07,3.41,5.01,246.7,0
6958bb43a2106ae9c65ef63c,2014-11-27T00:00:00.000Z,2014,11,27,26.35,28.57,24.89,79.74,1.22,19.74,2.54,3.33,284.5,0
6958bb43a2106ae9c65ef63d,2014-11-28T00:00:00.000Z,2014,11,28,25.9,27.49,24.81,82.91,4.77,13.07,2.59,4.71,282.2,0
6958bb43a2106ae9c65ef63e,2014-11-29T00:00:00.000Z,2014,11,29,25.8,27.26,24.68,84.69,3.23,17.89,2.26,2.88,279.4,0
6958bb43a2106ae9c65ef63f,2014-11-30T00:00:00.000Z,2014,11,30,26.24,27.52,24.81,81.35,1.96,15.93,1.53,2.08,278.2,0
6958bb43a2106ae9c65ef640,2014-12-01T00:00:00.000Z,2014,12,1,26.21,27.82,24.82,82.89,2.35,17.24,2.25,3.5,257.2,0
6958bb43a2106ae9c65ef641,2014-12-02T00:00:00.000Z,2014,12,2,25.9,28.03,24.26,81.34,1.76,13.86,3.84,4.4,220.2,0
6958bb43a2106ae9c65ef642,2014-12-03T00:00:00.000Z,2014,12,3,25.36,26.45,24.4,83.41,1.25,9.41,2.07,2.95,303.7,0
6958bb43a2106ae9c65ef643,2014-12-04T00:00:00.000Z,2014,12,4,26.35,28.19,25.16,79.24,3.78,12.8,0.72,1.48,120.8,0
6958bb43a2106ae9c65ef644,2014-12-05T00:00:00.000Z,2014,12,5,26.88,28.69,25.25,79,10.84,19.14,1.52,2.42,238.8,0
6958bb43a2106ae9c65ef645,2014-12-06T00:00:00.000Z,2014,12,6,27.46,29.4,25.76,74.64,2.78,14.8,1,1.65,233.6,0
6958bb43a2106ae9c65ef646,2014-12-07T00:00:00.000Z,2014,12,7,26.75,28.05,25.82,79.9,4.96,20.43,1.73,3.09,9.3,0
6958bb43a2106ae9c65ef647,2014-12-08T00:00:00.000Z,2014,12,8,25.48,25.76,24.85,83.01,8.31,10.44,2.16,3.21,56,0
6958bb43a2106ae9c65ef648,2014-12-09T00:00:00.000Z,2014,12,9,26.43,27.69,25.24,81.24,8.69,19.38,3.1,4.6,64.6,0
6958bb43a2106ae9c65ef649,2014-12-10T00:00:00.000Z,2014,12,10,26.55,28.21,25.71,85.66,3.33,18.59,3.28,4.39,63,0
6958bb43a2106ae9c65ef64a,2014-12-11T00:00:00.000Z,2014,12,11,26.48,27.98,25.4,82.93,3.51,17.52,4.81,6.73,55.5,0
6958bb43a2106ae9c65ef64b,2014-12-12T00:00:00.000Z,2014,12,12,26.63,28.33,25.31,79.94,0.87,20.15,5.19,6.83,58.4,0
6958bb43a2106ae9c65ef64c,2014-12-13T00:00:00.000Z,2014,12,13,26.55,28.16,25.12,82.36,1.73,18.79,3.6,5.42,76.8,0
6958bb43a2106ae9c65ef64d,2014-12-14T00:00:00.000Z,2014,12,14,26.66,28.39,25.49,83,2.32,15.49,2.85,4.61,68.2,0
6958bb43a2106ae9c65ef64e,2014-12-15T00:00:00.000Z,2014,12,15,26.36,27.65,25.19,86.71,5.68,15.71,5.82,7.09,65.2,0
6958bb43a2106ae9c65ef64f,2014-12-16T00:00:00.000Z,2014,12,16,26.35,27.52,25.3,86.46,6.03,17.4,5.55,6.77,67.8,0
6958bb43a2106ae9c65ef650,2014-12-17T00:00:00.000Z,2014,12,17,25.83,27.09,24.65,87.01,11.36,8.05,5.61,7.4,81.9,0
6958bb43a2106ae9c65ef651,2014-12-18T00:00:00.000Z,2014,12,18,25.91,27.23,24.97,87.46,20.5,10.3,4.84,8,67.1,0
6958bb43a2106ae9c65ef652,2014-12-19T00:00:00.000Z,2014,12,19,26.21,27.09,25.42,88.14,18.66,7.67,7.15,8.71,66.5,0
6958bb43a2106ae9c65ef653,2014-12-20T00:00:00.000Z,2014,12,20,25.97,26.63,25.5,89.48,51.54,14.1,3.13,4.75,43.7,0
6958bb43a2106ae9c65ef654,2014-12-21T00:00:00.000Z,2014,12,21,25.75,26.67,24.63,90.1,59.08,9.28,5.47,7.49,31,0
6958bb43a2106ae9c65ef655,2014-12-22T00:00:00.000Z,2014,12,22,25.4,26.49,24.5,89.33,52.18,8.81,7.09,10.53,71.6,0
6958bb43a2106ae9c65ef656,2014-12-23T00:00:00.000Z,2014,12,23,25.46,26.82,24.23,89.36,81.36,7.69,5.77,6.91,85.3,0
6958bb43a2106ae9c65ef657,2014-12-24T00:00:00.000Z,2014,12,24,25.57,26.26,25.01,90.35,69.48,7.18,4.24,5.12,47.8,0
6958bb43a2106ae9c65ef658,2014-12-25T00:00:00.000Z,2014,12,25,25.66,26.44,24.89,91.85,69.71,2.98,6.2,10.11,56.9,0
6958bb43a2106ae9c65ef659,2014-12-26T00:00:00.000Z,2014,12,26,25.1,26.13,24.35,86,8.23,11.44,5.65,8.52,239.3,0
6958bb43a2106ae9c65ef65a,2014-12-27T00:00:00.000Z,2014,12,27,26.15,28.27,24.6,82.42,1.68,14.74,2.82,4.7,201.8,0
6958bb43a2106ae9c65ef65b,2014-12-28T00:00:00.000Z,2014,12,28,26.01,28.24,24.29,76.27,17.09,14.55,2.6,4.76,111.8,0
6958bb43a2106ae9c65ef65c,2014-12-29T00:00:00.000Z,2014,12,29,25.6,26.94,24.48,85.73,6.66,14.62,4.85,6.14,95.4,0
6958bb43a2106ae9c65ef65d,2014-12-30T00:00:00.000Z,2014,12,30,26,27.46,24.61,84.06,0.49,20.35,4.93,6.04,82.2,0
6958bb43a2106ae9c65ef65e,2014-12-31T00:00:00.000Z,2014,12,31,26.38,28.28,24.56,83.04,5.41,17.27,3.38,4.87,90.7,0
6958bb43a2106ae9c65ef65f,2015-01-01T00:00:00.000Z,2015,1,1,26.27,27.45,25.17,85.99,2.85,14.27,4.15,5.88,83.1,0
6958bb43a2106ae9c65ef660,2015-01-02T00:00:00.000Z,2015,1,2,26.13,27.31,25.11,84.97,1.64,16.79,5.44,7.47,62.9,0
6958bb43a2106ae9c65ef661,2015-01-03T00:00:00.000Z,2015,1,3,25.74,26.91,24.58,83.88,2.33,16.27,4.83,6.33,67.3,0
6958bb43a2106ae9c65ef662,2015-01-04T00:00:00.000Z,2015,1,4,26.07,27.54,24.65,81.03,0.7,17.64,3.21,5.03,59.3,0
6958bb43a2106ae9c65ef663,2015-01-05T00:00:00.000Z,2015,1,5,26.41,28.66,24.97,78.08,8.45,18.52,1.66,2.26,244.6,0
6958bb43a2106ae9c65ef664,2015-01-06T00:00:00.000Z,2015,1,6,25.33,25.93,24.69,86.66,10.88,16.15,1.29,2.28,303.1,0
6958bb43a2106ae9c65ef665,2015-01-07T00:00:00.000Z,2015,1,7,25.75,27.02,24.85,83.02,6.88,19.54,1.21,1.79,10.2,0
6958bb43a2106ae9c65ef666,2015-01-08T00:00:00.000Z,2015,1,8,24.93,25.78,24.16,85.94,4.78,15.96,3.21,4.12,68.4,0
6958bb43a2106ae9c65ef667,2015-01-09T00:00:00.000Z,2015,1,9,25.21,26.58,24.07,86.23,11.39,12.4,2.53,3.75,101.7,0
6958bb43a2106ae9c65ef668,2015-01-10T00:00:00.000Z,2015,1,10,26.43,28.87,24.64,79.05,1.79,19.71,2.36,3.98,213,0
6958bb43a2106ae9c65ef669,2015-01-11T00:00:00.000Z,2015,1,11,26.81,29.11,24.85,76.76,2.09,17.23,1.46,2.36,165,0
6958bb43a2106ae9c65ef66a,2015-01-12T00:00:00.000Z,2015,1,12,26.6,28.55,25.05,80.73,5.16,12.8,1.88,4.37,63.4,0
6958bb43a2106ae9c65ef66b,2015-01-13T00:00:00.000Z,2015,1,13,26.63,28.27,25.47,79.58,2.94,19.88,1.86,2.93,49.3,0
6958bb43a2106ae9c65ef66c,2015-01-14T00:00:00.000Z,2015,1,14,26.43,27.85,25.46,84.18,7.16,16.63,3,4.56,74.1,0
6958bb43a2106ae9c65ef66d,2015-01-15T00:00:00.000Z,2015,1,15,26.37,27.93,25.13,83.89,16.98,15.02,2.8,3.65,63.9,0
6958bb43a2106ae9c65ef66e,2015-01-16T00:00:00.000Z,2015,1,16,26.49,28.18,24.91,80.85,1.24,20.01,5.61,7.37,70.1,0
6958bb43a2106ae9c65ef66f,2015-01-17T00:00:00.000Z,2015,1,17,26.21,28.55,24.33,77.84,0,22.55,5.84,7.06,71.2,0
6958bb43a2106ae9c65ef670,2015-01-18T00:00:00.000Z,2015,1,18,25.94,27.78,23.86,79.28,0.11,20.27,5.83,6.96,68.1,0
6958bb43a2106ae9c65ef671,2015-01-19T00:00:00.000Z,2015,1,19,25.95,27.81,24.15,79.83,0,20.09,6.35,7.83,64.1,0
6958bb43a2106ae9c65ef672,2015-01-20T00:00:00.000Z,2015,1,20,26.18,28.04,24.51,79.58,0.04,21.2,5.88,7.09,70.3,0
6958bb43a2106ae9c65ef673,2015-01-21T00:00:00.000Z,2015,1,21,26.23,28.04,24.5,79.57,4.46,17.82,4.87,6.27,65.3,0
6958bb43a2106ae9c65ef674,2015-01-22T00:00:00.000Z,2015,1,22,26.15,27.71,24.75,78.72,2.54,17.12,4.47,5.19,60.4,0
6958bb43a2106ae9c65ef675,2015-01-23T00:00:00.000Z,2015,1,23,25.89,27.62,24.53,78.28,0.29,22.09,4.18,5.04,56.4,0
6958bb43a2106ae9c65ef676,2015-01-24T00:00:00.000Z,2015,1,24,25.55,27.16,23.77,79.84,0.11,20.91,4.85,6.1,65.1,0
6958bb43a2106ae9c65ef677,2015-01-25T00:00:00.000Z,2015,1,25,26.08,28.03,24.49,79.69,1.13,12.76,5.25,6,63.8,0
6958bb43a2106ae9c65ef678,2015-01-26T00:00:00.000Z,2015,1,26,25.9,27.58,24.74,82.88,11.72,12.84,4.71,5.64,49.9,0
6958bb43a2106ae9c65ef679,2015-01-27T00:00:00.000Z,2015,1,27,26.27,28.71,24.54,78.2,1.6,18.02,2.93,4.35,57.5,0
6958bb43a2106ae9c65ef67a,2015-01-28T00:00:00.000Z,2015,1,28,26.47,28.5,25.03,79.94,0.48,20.57,4.34,6.21,56.1,0
6958bb43a2106ae9c65ef67b,2015-01-29T00:00:00.000Z,2015,1,29,26.85,29.44,24.74,77.6,0.12,21.57,5.38,6.69,70.7,0
6958bb43a2106ae9c65ef67c,2015-01-30T00:00:00.000Z,2015,1,30,26.21,27.84,24.81,82.5,6.88,18.66,3.26,4.43,40.7,0
6958bb43a2106ae9c65ef67d,2015-01-31T00:00:00.000Z,2015,1,31,25.75,26.44,25.02,86.77,4.22,19.1,4.8,7.34,27.2,0
6958bb43a2106ae9c65ef67e,2015-02-01T00:00:00.000Z,2015,2,1,26.21,28.26,24.32,80.15,0.05,21.41,6.49,8.18,77.8,0
6958bb43a2106ae9c65ef67f,2015-02-02T00:00:00.000Z,2015,2,2,26.03,28.32,24.12,75.28,0.03,18.58,6.61,8.32,73.1,0
6958bb43a2106ae9c65ef680,2015-02-03T00:00:00.000Z,2015,2,3,26.3,28.56,24.73,76.37,0.24,20.18,6.78,8.94,75.4,0
6958bb43a2106ae9c65ef681,2015-02-04T00:00:00.000Z,2015,2,4,26.16,27.91,24.45,79.03,4.06,20.16,4.91,6.55,59.7,0
6958bb43a2106ae9c65ef682,2015-02-05T00:00:00.000Z,2015,2,5,26.05,27.57,24.75,82.5,4.39,19.29,5.25,6.19,55.1,0
6958bb43a2106ae9c65ef683,2015-02-06T00:00:00.000Z,2015,2,6,26.33,28.34,24.53,80.38,1.46,18.61,6.19,7.49,75.3,0
6958bb43a2106ae9c65ef684,2015-02-07T00:00:00.000Z,2015,2,7,26.4,28.65,24.83,77.66,0.54,18.39,6.31,8.15,69.8,0
6958bb43a2106ae9c65ef685,2015-02-08T00:00:00.000Z,2015,2,8,26.09,27.5,24.97,79.03,6.62,16.28,4.89,6.21,58.7,0
6958bb43a2106ae9c65ef686,2015-02-09T00:00:00.000Z,2015,2,9,26.17,27.89,25.17,80.2,13.58,13.8,5.35,7.27,56.7,0
6958bb43a2106ae9c65ef687,2015-02-10T00:00:00.000Z,2015,2,10,25.93,27.63,24.28,78.04,1.81,16.98,5.39,7.5,56.3,0
6958bb43a2106ae9c65ef688,2015-02-11T00:00:00.000Z,2015,2,11,25.92,28.44,23.72,75.66,0.01,24.41,5.23,7.31,57.5,0
6958bb43a2106ae9c65ef689,2015-02-12T00:00:00.000Z,2015,2,12,25.97,28.5,23.66,76.29,0.01,24.19,5.31,7.36,61,0
6958bb43a2106ae9c65ef68a,2015-02-13T00:00:00.000Z,2015,2,13,25.78,27.84,23.52,77.04,0.06,23.78,4.21,5.59,53.6,0
6958bb43a2106ae9c65ef68b,2015-02-14T00:00:00.000Z,2015,2,14,26.23,28.73,23.92,78.1,0.8,23.14,4.7,6.03,46.8,0
6958bb43a2106ae9c65ef68c,2015-02-15T00:00:00.000Z,2015,2,15,26.36,28.71,24.39,79.31,1.78,20.23,4.75,5.68,45.4,0
6958bb43a2106ae9c65ef68d,2015-02-16T00:00:00.000Z,2015,2,16,26.23,27.95,24.82,76.95,1.15,14.7,4.17,5.57,61.4,0
6958bb43a2106ae9c65ef68e,2015-02-17T00:00:00.000Z,2015,2,17,26.65,28.88,24.98,76.95,3.37,13.59,3.79,5.05,65,0
6958bb43a2106ae9c65ef68f,2015-02-18T00:00:00.000Z,2015,2,18,25.75,27.12,24.94,83.33,10.41,5.53,1.76,2.84,57.3,0
6958bb43a2106ae9c65ef690,2015-02-19T00:00:00.000Z,2015,2,19,25.47,27.09,24.09,83.53,0.16,17.08,4.16,5.97,66.7,0
6958bb43a2106ae9c65ef691,2015-02-20T00:00:00.000Z,2015,2,20,27,30,24.55,79.02,0.05,24.5,4.17,5.24,77.5,0
6958bb43a2106ae9c65ef692,2015-02-21T00:00:00.000Z,2015,2,21,27.55,29.99,25.19,72.99,2.35,23.46,2,4.35,93.2,0
6958bb43a2106ae9c65ef693,2015-02-22T00:00:00.000Z,2015,2,22,27.41,30.27,25.25,69.62,0.12,25.06,2.16,3.58,22.8,0
6958bb43a2106ae9c65ef694,2015-02-23T00:00:00.000Z,2015,2,23,26.53,29.28,24.52,76,0.01,24.29,2.87,4.48,28.3,0
6958bb43a2106ae9c65ef695,2015-02-24T00:00:00.000Z,2015,2,24,26.76,29.36,24.46,78.48,0.01,25.18,3.76,5.51,45.1,0
6958bb43a2106ae9c65ef696,2015-02-25T00:00:00.000Z,2015,2,25,26.81,29.31,24.94,77.85,0.01,24.41,4.02,5.43,44.6,0
6958bb43a2106ae9c65ef697,2015-02-26T00:00:00.000Z,2015,2,26,26.82,29.48,24.68,78.8,0.33,23.84,3.41,4.69,45.2,0
6958bb43a2106ae9c65ef698,2015-02-27T00:00:00.000Z,2015,2,27,26.77,28.92,25.34,81.89,1.4,20.66,4.45,6.27,31.8,0
6958bb43a2106ae9c65ef699,2015-02-28T00:00:00.000Z,2015,2,28,27.02,29.62,25.07,76.2,2.88,19.54,2.35,3.3,34.1,0
6958bb43a2106ae9c65ef69a,2015-03-01T00:00:00.000Z,2015,3,1,27.17,29.53,25.19,77.07,0.4,20.89,2.43,3.67,58.9,0
6958bb43a2106ae9c65ef69b,2015-03-02T00:00:00.000Z,2015,3,2,27.52,30.01,26.1,74.93,0.26,22.28,2.57,4.07,45.7,0
6958bb43a2106ae9c65ef69c,2015-03-03T00:00:00.000Z,2015,3,3,27.44,30.04,25.49,74.77,0.04,22.76,3.48,5.04,40,0
6958bb43a2106ae9c65ef69d,2015-03-04T00:00:00.000Z,2015,3,4,27.43,30.15,25.81,72.51,0.86,20.44,1.69,2.78,294.9,0
6958bb43a2106ae9c65ef69e,2015-03-05T00:00:00.000Z,2015,3,5,27.17,29.74,25.43,74.72,0.04,19.85,2.51,4.21,346,0
6958bb43a2106ae9c65ef69f,2015-03-06T00:00:00.000Z,2015,3,6,27.26,29.71,25.18,78.61,0.06,21.6,3.62,5.22,43,0
6958bb43a2106ae9c65ef6a0,2015-03-07T00:00:00.000Z,2015,3,7,27.34,29.15,26.09,76.63,1.32,19.34,1.66,2.55,27.2,0
6958bb43a2106ae9c65ef6a1,2015-03-08T00:00:00.000Z,2015,3,8,27.5,29.94,25.84,73.09,3.31,18.59,1.37,2.2,305.5,0
6958bb43a2106ae9c65ef6a2,2015-03-09T00:00:00.000Z,2015,3,9,26.85,28.74,25.41,76.85,2.01,18.85,2.27,3.76,48.2,0
6958bb43a2106ae9c65ef6a3,2015-03-10T00:00:00.000Z,2015,3,10,27.4,29.87,25.52,74.28,5.46,19.53,2.16,3.03,74.5,0
6958bb43a2106ae9c65ef6a4,2015-03-11T00:00:00.000Z,2015,3,11,26.93,28.53,25.86,79.98,1.34,18.77,2.79,4.73,58.5,0
6958bb43a2106ae9c65ef6a5,2015-03-12T00:00:00.000Z,2015,3,12,27.73,30.2,25.84,74.69,0.07,22.89,4.76,6.99,71.9,0
6958bb43a2106ae9c65ef6a6,2015-03-13T00:00:00.000Z,2015,3,13,28.09,30.93,25.73,72.96,0.24,23.4,5.1,5.96,66.3,0
6958bb43a2106ae9c65ef6a7,2015-03-14T00:00:00.000Z,2015,3,14,27.95,30.85,25.78,72.14,0.56,23.94,4.62,6,56.1,0
6958bb43a2106ae9c65ef6a8,2015-03-15T00:00:00.000Z,2015,3,15,27.3,30.29,24.66,71.2,0.03,25.42,4.56,6.33,48.1,0
6958bb43a2106ae9c65ef6a9,2015-03-16T00:00:00.000Z,2015,3,16,27.69,31.09,24.44,67.74,0,25.76,4.35,6.02,66.6,0
6958bb43a2106ae9c65ef6aa,2015-03-17T00:00:00.000Z,2015,3,17,27.87,30.94,25.51,71.88,0.41,23.37,2.89,4.54,43.4,0
6958bb43a2106ae9c65ef6ab,2015-03-18T00:00:00.000Z,2015,3,18,28.55,32.56,25.23,67.75,0.86,24.8,2.38,3.87,3,0
6958bb43a2106ae9c65ef6ac,2015-03-19T00:00:00.000Z,2015,3,19,28.13,30.74,25.91,73.74,1.78,20.76,2.96,3.77,14.9,0
6958bb43a2106ae9c65ef6ad,2015-03-20T00:00:00.000Z,2015,3,20,28.27,31.09,26.31,73.01,0.63,19.75,2.01,2.79,350.8,0
6958bb43a2106ae9c65ef6ae,2015-03-21T00:00:00.000Z,2015,3,21,28.18,30.4,26.16,72.48,2.15,20.71,2.03,2.51,309.8,0
6958bb43a2106ae9c65ef6af,2015-03-22T00:00:00.000Z,2015,3,22,28.5,30.78,26.78,72.79,0.23,22.53,1.7,2.09,296.4,0
6958bb43a2106ae9c65ef6b0,2015-03-23T00:00:00.000Z,2015,3,23,27.26,28.33,26.33,79.63,1.55,19.56,1.49,1.84,1.2,0
6958bb43a2106ae9c65ef6b1,2015-03-24T00:00:00.000Z,2015,3,24,28.01,30.15,26.38,73.73,0.67,21.06,2.58,4.06,47,0
6958bb43a2106ae9c65ef6b2,2015-03-25T00:00:00.000Z,2015,3,25,28.27,30.58,26.39,73.28,0.73,20.47,3.58,4.86,67.1,0
6958bb43a2106ae9c65ef6b3,2015-03-26T00:00:00.000Z,2015,3,26,27.81,29.41,26.65,79.98,10.01,17.52,4.84,6.16,68.7,0
6958bb43a2106ae9c65ef6b4,2015-03-27T00:00:00.000Z,2015,3,27,27.6,29.1,26.19,79.93,7.6,19.47,5.17,6.14,69.1,0
6958bb43a2106ae9c65ef6b5,2015-03-28T00:00:00.000Z,2015,3,28,27.67,29.62,26.03,79.02,11.25,14.29,3.85,4.8,78.9,0
6958bb43a2106ae9c65ef6b6,2015-03-29T00:00:00.000Z,2015,3,29,27.73,29.41,26.34,80.95,31.04,15.59,3.89,5.64,67.1,0
6958bb43a2106ae9c65ef6b7,2015-03-30T00:00:00.000Z,2015,3,30,28,30.46,25.89,76.58,4.82,21.3,2.46,4.19,75.3,0
6958bb43a2106ae9c65ef6b8,2015-03-31T00:00:00.000Z,2015,3,31,27.31,28.99,26.21,79.42,17.83,16.93,1.29,2.58,57.2,0
6958bb43a2106ae9c65ef6b9,2015-04-01T00:00:00.000Z,2015,4,1,27.14,29.71,25.75,79.05,5.2,18.53,2.91,3.85,241,0
6958bb43a2106ae9c65ef6ba,2015-04-02T00:00:00.000Z,2015,4,2,27.46,30.12,25.43,78.26,1.06,19.69,2.23,3,284,0
6958bb43a2106ae9c65ef6bb,2015-04-03T00:00:00.000Z,2015,4,3,27.29,28.64,26.24,81.31,0.46,24.22,2.64,3.24,332.2,0
6958bb43a2106ae9c65ef6bc,2015-04-04T00:00:00.000Z,2015,4,4,28.12,30.66,26.36,75.84,0.23,23.24,1.95,3.26,350.3,0
6958bb43a2106ae9c65ef6bd,2015-04-05T00:00:00.000Z,2015,4,5,27.4,28.63,26.7,82.83,1.93,17.15,4.06,4.87,11.2,0
6958bb43a2106ae9c65ef6be,2015-04-06T00:00:00.000Z,2015,4,6,28.37,31.39,26.06,74.24,1.41,22.52,3.11,4.21,83.2,0
6958bb43a2106ae9c65ef6bf,2015-04-07T00:00:00.000Z,2015,4,7,27.81,29.23,26.84,82,23.79,20.86,3.12,5,38.9,0
6958bb43a2106ae9c65ef6c0,2015-04-08T00:00:00.000Z,2015,4,8,28.34,30.82,26.6,74.26,4.46,20.08,1.96,3.06,303,0
6958bb43a2106ae9c65ef6c1,2015-04-09T00:00:00.000Z,2015,4,9,28.18,30.42,26.66,73.99,2.38,20.46,2.69,3.83,19,0
6958bb43a2106ae9c65ef6c2,2015-04-10T00:00:00.000Z,2015,4,10,27.31,28.36,26.54,79.92,3.26,18.88,3.63,5,28.9,0
6958bb43a2106ae9c65ef6c3,2015-04-11T00:00:00.000Z,2015,4,11,27.52,29.56,26.08,79.19,25.37,14.3,3.48,7.32,143.6,0
6958bb43a2106ae9c65ef6c4,2015-04-12T00:00:00.000Z,2015,4,12,27.46,29.32,26.43,80.04,3.55,18.37,3.39,5.02,53.3,0
6958bb43a2106ae9c65ef6c5,2015-04-13T00:00:00.000Z,2015,4,13,26.35,27.12,25.81,84.47,12.17,19.08,1.99,2.36,43.3,0
6958bb43a2106ae9c65ef6c6,2015-04-14T00:00:00.000Z,2015,4,14,26.7,28.35,25.36,82.53,15.51,15.08,2.32,3.59,33.8,0
6958bb43a2106ae9c65ef6c7,2015-04-15T00:00:00.000Z,2015,4,15,26.86,28.42,25.82,80.31,16.94,14.84,1.51,2.87,128,0
6958bb43a2106ae9c65ef6c8,2015-04-16T00:00:00.000Z,2015,4,16,27.31,30.24,24.99,75.99,5.9,20.73,2.03,3.27,293.7,0
6958bb43a2106ae9c65ef6c9,2015-04-17T00:00:00.000Z,2015,4,17,26.59,28.25,25.62,79.44,19.37,16.73,2.48,4.03,245.5,0
6958bb43a2106ae9c65ef6ca,2015-04-18T00:00:00.000Z,2015,4,18,27.26,29.66,25.24,76.54,9.06,18.6,3.4,4.21,186.3,0
6958bb43a2106ae9c65ef6cb,2015-04-19T00:00:00.000Z,2015,4,19,27.58,29.68,26.01,77.65,14.32,19.68,1.95,3.13,168.5,0
6958bb43a2106ae9c65ef6cc,2015-04-20T00:00:00.000Z,2015,4,20,27.34,29.29,26.06,76.12,6.52,18.46,2.33,4.03,221.5,0
6958bb43a2106ae9c65ef6cd,2015-04-21T00:00:00.000Z,2015,4,21,27.18,28.76,25.72,80.48,3.34,20.46,3.15,3.89,268.2,0
6958bb43a2106ae9c65ef6ce,2015-04-22T00:00:00.000Z,2015,4,22,26.82,28.19,25.91,83.38,39.69,15.35,2.98,4.31,261.5,0
6958bb43a2106ae9c65ef6cf,2015-04-23T00:00:00.000Z,2015,4,23,26.62,28.14,25.36,80.64,28.49,11.87,2.22,3.43,299,0
6958bb43a2106ae9c65ef6d0,2015-04-24T00:00:00.000Z,2015,4,24,26.92,29.15,25.09,78.18,0.47,20.27,1.91,3.36,8.4,0
6958bb43a2106ae9c65ef6d1,2015-04-25T00:00:00.000Z,2015,4,25,26.88,28.43,25.76,81.83,2.59,18.89,2.6,3.53,54.5,0
6958bb43a2106ae9c65ef6d2,2015-04-26T00:00:00.000Z,2015,4,26,27.09,28.71,25.87,82.21,26.81,19.53,2.55,2.97,54.9,0
6958bb43a2106ae9c65ef6d3,2015-04-27T00:00:00.000Z,2015,4,27,26.77,27.33,26.17,84.17,12.65,13.05,2.28,3.5,65.3,0
6958bb43a2106ae9c65ef6d4,2015-04-28T00:00:00.000Z,2015,4,28,27.41,29.61,25.81,77.12,3.6,19.84,2.05,2.93,52.3,0
6958bb43a2106ae9c65ef6d5,2015-04-29T00:00:00.000Z,2015,4,29,27.66,29.54,26.34,76.79,3.04,18.46,1.84,2.29,233.3,0
6958bb43a2106ae9c65ef6d6,2015-04-30T00:00:00.000Z,2015,4,30,26.46,27.63,25,78.86,5.13,15.18,2.28,3.53,222.2,0
6958bb43a2106ae9c65ef6d7,2015-05-01T00:00:00.000Z,2015,5,1,25.96,27.35,24.56,82.72,0.32,20.35,3.34,3.82,255.1,0
6958bb43a2106ae9c65ef6d8,2015-05-02T00:00:00.000Z,2015,5,2,26.45,28.29,25.18,80.9,0.3,17.24,4.8,5.7,223.8,0
6958bb43a2106ae9c65ef6d9,2015-05-03T00:00:00.000Z,2015,5,3,27.28,30.16,25.1,77.72,0.31,23.62,4.59,5.16,221.3,0
6958bb43a2106ae9c65ef6da,2015-05-04T00:00:00.000Z,2015,5,4,27.28,29.54,25.59,77.89,0.1,21.29,3.67,5.22,215.6,0
6958bb43a2106ae9c65ef6db,2015-05-05T00:00:00.000Z,2015,5,5,27.04,28.97,25.61,80.87,0.15,19.66,3.93,5.23,238.3,0
6958bb43a2106ae9c65ef6dc,2015-05-06T00:00:00.000Z,2015,5,6,27.14,28.41,25.95,81.53,0.63,23.32,3.03,3.46,260.6,0
6958bb43a2106ae9c65ef6dd,2015-05-07T00:00:00.000Z,2015,5,7,27.49,29.39,25.95,80.59,0.9,20.02,2.74,4.14,281,0
6958bb43a2106ae9c65ef6de,2015-05-08T00:00:00.000Z,2015,5,8,27.65,29.51,26.36,80.81,3.26,19.68,3.5,4.6,247.1,0
6958bb43a2106ae9c65ef6df,2015-05-09T00:00:00.000Z,2015,5,9,27.78,29.31,26.31,79.55,1.46,21.49,2.76,4.05,223.5,0
6958bb43a2106ae9c65ef6e0,2015-05-10T00:00:00.000Z,2015,5,10,27.32,28.24,26.51,80.92,6.33,17.46,1.71,2.88,220.5,0
6958bb43a2106ae9c65ef6e1,2015-05-11T00:00:00.000Z,2015,5,11,27.9,30.62,25.86,77.27,1.13,18.6,2.25,3.19,285.9,0
6958bb43a2106ae9c65ef6e2,2015-05-12T00:00:00.000Z,2015,5,12,28.34,31.09,26.56,75.78,1.05,17.8,1.67,2.72,288.4,0
6958bb43a2106ae9c65ef6e3,2015-05-13T00:00:00.000Z,2015,5,13,27.39,29,26.33,86.05,5.42,18.98,2.47,3.24,276.8,0
6958bb43a2106ae9c65ef6e4,2015-05-14T00:00:00.000Z,2015,5,14,26.88,28.37,25.93,84.42,25.99,17.48,2.88,4.83,279.8,0
6958bb43a2106ae9c65ef6e5,2015-05-15T00:00:00.000Z,2015,5,15,28.4,31.35,25.59,73.55,0.55,18.49,2.38,3.95,212.5,0
6958bb43a2106ae9c65ef6e6,2015-05-16T00:00:00.000Z,2015,5,16,28.06,30.35,26.37,76.78,7.28,21.49,3.56,4.64,216.2,0
6958bb43a2106ae9c65ef6e7,2015-05-17T00:00:00.000Z,2015,5,17,28.2,30.6,26.23,76.39,1.89,19.08,3.08,4.75,232.6,0
6958bb43a2106ae9c65ef6e8,2015-05-18T00:00:00.000Z,2015,5,18,28.53,30.91,26.37,71.52,0.28,22.63,1.37,2.5,230.2,0
6958bb43a2106ae9c65ef6e9,2015-05-19T00:00:00.000Z,2015,5,19,28.76,31.05,27.1,75.54,0.98,24.46,2.59,3.57,227.7,0
6958bb43a2106ae9c65ef6ea,2015-05-20T00:00:00.000Z,2015,5,20,27.34,28.52,26.46,79.25,1.84,22.2,3.14,4.69,286.6,0
6958bb43a2106ae9c65ef6eb,2015-05-21T00:00:00.000Z,2015,5,21,27.91,30.74,25.82,73.7,1.61,20.66,3.45,4.78,227.5,0
6958bb43a2106ae9c65ef6ec,2015-05-22T00:00:00.000Z,2015,5,22,27.82,30.7,25.69,74.17,0.39,18.73,4.03,5.08,228.1,0
6958bb43a2106ae9c65ef6ed,2015-05-23T00:00:00.000Z,2015,5,23,28.07,30.63,25.6,71.13,0.23,16.78,2.31,3.66,224.1,0
6958bb43a2106ae9c65ef6ee,2015-05-24T00:00:00.000Z,2015,5,24,27.47,29.18,25.73,77.9,1.23,20.3,2.83,3.81,249.3,0
6958bb43a2106ae9c65ef6ef,2015-05-25T00:00:00.000Z,2015,5,25,26.76,28.52,25.48,77.85,1.3,17.95,5,6,221.2,0
6958bb43a2106ae9c65ef6f0,2015-05-26T00:00:00.000Z,2015,5,26,27.04,29.71,25.3,75.2,2.55,13.22,3.72,4.86,231.4,0
6958bb43a2106ae9c65ef6f1,2015-05-27T00:00:00.000Z,2015,5,27,27.29,29.53,25.32,75.42,0.38,19.81,2.48,4.03,248.8,0
6958bb43a2106ae9c65ef6f2,2015-05-28T00:00:00.000Z,2015,5,28,27.57,29.52,26.06,76.42,0.22,20.22,2.35,2.97,249.6,0
6958bb43a2106ae9c65ef6f3,2015-05-29T00:00:00.000Z,2015,5,29,28.63,31.4,25.93,72.24,0.48,22.87,2.04,3.14,217.1,0
6958bb43a2106ae9c65ef6f4,2015-05-30T00:00:00.000Z,2015,5,30,27.98,29.21,26.86,78.76,0.46,20.94,1.85,3.38,11.5,0
6958bb43a2106ae9c65ef6f5,2015-05-31T00:00:00.000Z,2015,5,31,27.57,29.34,26.33,76.9,0.29,12.67,1.95,2.36,290.9,0
6958bb43a2106ae9c65ef6f6,2015-06-01T00:00:00.000Z,2015,6,1,28.08,30.75,26.18,73.8,0.6,23.82,2.09,3.52,325.9,0
6958bb43a2106ae9c65ef6f7,2015-06-02T00:00:00.000Z,2015,6,2,28.21,31.33,26.05,70.9,0.26,19.63,1.68,2.67,344.9,0
6958bb43a2106ae9c65ef6f8,2015-06-03T00:00:00.000Z,2015,6,3,28.35,31.04,26.25,73.98,3.05,22.62,2.66,3.58,54.3,0
6958bb43a2106ae9c65ef6f9,2015-06-04T00:00:00.000Z,2015,6,4,27.65,29.53,26.59,79.01,5.45,20.28,2.06,2.64,41.3,0
6958bb43a2106ae9c65ef6fa,2015-06-05T00:00:00.000Z,2015,6,5,27.38,28.82,26.46,83.26,4.84,16.9,2.29,2.76,36.2,0
6958bb43a2106ae9c65ef6fb,2015-06-06T00:00:00.000Z,2015,6,6,27.36,28.61,26.51,83.46,4.32,20.65,2.52,3.84,359.2,0
6958bb43a2106ae9c65ef6fc,2015-06-07T00:00:00.000Z,2015,6,7,27.59,28.9,26.41,77.93,1.21,19.08,2.41,2.8,249.5,0
6958bb43a2106ae9c65ef6fd,2015-06-08T00:00:00.000Z,2015,6,8,27.56,29.64,25.85,79.58,1.89,11.77,3.6,4.07,254.7,0
6958bb43a2106ae9c65ef6fe,2015-06-09T00:00:00.000Z,2015,6,9,26.66,27.66,25.7,81.05,0.99,16.08,2.96,3.85,253.7,0
6958bb43a2106ae9c65ef6ff,2015-06-10T00:00:00.000Z,2015,6,10,27.57,29.72,25.7,77.81,1.44,21.02,3.15,3.63,258,0
6958bb43a2106ae9c65ef700,2015-06-11T00:00:00.000Z,2015,6,11,27.06,28.34,26.29,82.2,21.11,16.97,2.62,4.5,294.6,0
6958bb43a2106ae9c65ef701,2015-06-12T00:00:00.000Z,2015,6,12,26.29,27.23,25.58,83.82,10.17,16.37,4.84,5.53,235.5,0
6958bb43a2106ae9c65ef702,2015-06-13T00:00:00.000Z,2015,6,13,26.34,27.89,25.41,82.32,4,17.99,3.74,4.37,240.6,0
6958bb43a2106ae9c65ef703,2015-06-14T00:00:00.000Z,2015,6,14,26.5,28.39,25.38,78.8,3.47,9.92,4.4,6.02,235.3,0
6958bb43a2106ae9c65ef704,2015-06-15T00:00:00.000Z,2015,6,15,25.92,26.85,25.24,83.46,9.27,7.22,5.85,6.51,224.6,0
6958bb43a2106ae9c65ef705,2015-06-16T00:00:00.000Z,2015,6,16,26.36,28.03,25.25,80.97,20.52,13.09,6.68,7.77,225.5,0
6958bb43a2106ae9c65ef706,2015-06-17T00:00:00.000Z,2015,6,17,26.83,28.76,25.22,76.82,4.15,11.67,6.07,7.79,216,0
6958bb43a2106ae9c65ef707,2015-06-18T00:00:00.000Z,2015,6,18,27.55,29.96,25.5,74.91,2.43,12.62,3.85,5.18,216.7,0
6958bb43a2106ae9c65ef708,2015-06-19T00:00:00.000Z,2015,6,19,27.93,31.11,25.7,72.05,0.96,20.69,4.85,6.29,221.7,0
6958bb43a2106ae9c65ef709,2015-06-20T00:00:00.000Z,2015,6,20,28.06,30.72,25.49,69.14,0.13,15.16,3.53,4.83,221,0
6958bb43a2106ae9c65ef70a,2015-06-21T00:00:00.000Z,2015,6,21,27.97,30.27,25.88,75.01,0.07,20.81,2.76,3.9,205.9,0
6958bb43a2106ae9c65ef70b,2015-06-22T00:00:00.000Z,2015,6,22,28.05,30.34,26.07,76.24,0.05,21.78,2.75,3.8,207.6,0
6958bb43a2106ae9c65ef70c,2015-06-23T00:00:00.000Z,2015,6,23,28.29,30.7,26.02,71.05,0.04,22.72,2.13,2.94,204.6,0
6958bb43a2106ae9c65ef70d,2015-06-24T00:00:00.000Z,2015,6,24,28.05,30.68,26.04,75.97,0.11,21.58,4.28,6.97,195.1,0
6958bb43a2106ae9c65ef70e,2015-06-25T00:00:00.000Z,2015,6,25,28.18,31.24,26.07,71.21,0.1,21.97,3.68,8.93,199.9,0
6958bb43a2106ae9c65ef70f,2015-06-26T00:00:00.000Z,2015,6,26,27.62,30.15,25.32,70.21,0.21,19.56,2.3,3.64,209.7,0
6958bb43a2106ae9c65ef710,2015-06-27T00:00:00.000Z,2015,6,27,27.91,30.61,25.39,72.81,0.22,21.36,3.47,4.4,217.9,0
6958bb43a2106ae9c65ef711,2015-06-28T00:00:00.000Z,2015,6,28,27.86,30.03,25.93,75.37,0.27,19.86,3.92,5.37,206.8,0
6958bb43a2106ae9c65ef712,2015-06-29T00:00:00.000Z,2015,6,29,28.43,31.5,25.92,70.67,0.33,21.21,2,3.5,241.3,0
6958bb43a2106ae9c65ef713,2015-06-30T00:00:00.000Z,2015,6,30,28.06,30.93,26.03,74.06,1.19,22.98,2.84,3.91,262.9,0
6958bb43a2106ae9c65ef714,2015-07-01T00:00:00.000Z,2015,7,1,27.86,31.14,25.25,73.83,0.78,23.46,3.64,4.49,251.7,0
6958bb43a2106ae9c65ef715,2015-07-02T00:00:00.000Z,2015,7,2,28.15,31.16,25.67,76.32,1.11,22.1,4.2,4.95,212.6,0
6958bb43a2106ae9c65ef716,2015-07-03T00:00:00.000Z,2015,7,3,27.51,29.28,26.39,80.84,4.29,20.58,5.65,7.03,214,0
6958bb43a2106ae9c65ef717,2015-07-04T00:00:00.000Z,2015,7,4,27.33,29.17,26.09,80.1,5.29,22.14,6.3,7.26,221.6,0
6958bb43a2106ae9c65ef718,2015-07-05T00:00:00.000Z,2015,7,5,27.4,29.35,26.06,78.23,3.16,19.16,7.12,8.95,222.4,0
6958bb43a2106ae9c65ef719,2015-07-06T00:00:00.000Z,2015,7,6,27.09,28.53,25.99,80.79,3.75,11.33,7.69,9.04,212.3,0
6958bb43a2106ae9c65ef71a,2015-07-07T00:00:00.000Z,2015,7,7,26.92,28.45,26.03,83.87,21.44,9.28,7.8,9.58,226.6,0
6958bb43a2106ae9c65ef71b,2015-07-08T00:00:00.000Z,2015,7,8,27.41,29.32,26.08,80.49,1.33,16.97,6.86,7.98,224,0
6958bb43a2106ae9c65ef71c,2015-07-09T00:00:00.000Z,2015,7,9,27.1,28.41,26.02,82.67,5.45,14.18,7.34,8.95,216.9,0
6958bb43a2106ae9c65ef71d,2015-07-10T00:00:00.000Z,2015,7,10,27.5,29.07,26.47,81.42,2.56,15.92,6.92,8.74,224.2,0
6958bb43a2106ae9c65ef71e,2015-07-11T00:00:00.000Z,2015,7,11,27.84,29.96,26.27,78.64,0.97,21.25,5.58,6.53,232.6,0
6958bb43a2106ae9c65ef71f,2015-07-12T00:00:00.000Z,2015,7,12,27.9,29.91,26.41,76.37,10.69,22.04,5.44,6.37,247.5,0
6958bb43a2106ae9c65ef720,2015-07-13T00:00:00.000Z,2015,7,13,27.22,28.65,25.88,82.85,11.1,11.69,5.91,7.62,234.7,0
6958bb43a2106ae9c65ef721,2015-07-14T00:00:00.000Z,2015,7,14,26.7,27.74,25.66,87.91,32.36,12.28,6.9,10.07,235.8,0
6958bb43a2106ae9c65ef722,2015-07-15T00:00:00.000Z,2015,7,15,26.51,27.76,25.51,83.55,4.17,14.96,7.62,10.68,207.4,0
6958bb43a2106ae9c65ef723,2015-07-16T00:00:00.000Z,2015,7,16,26.88,29.15,25.11,80.12,1.14,19.89,4,5.31,228.3,0
6958bb43a2106ae9c65ef724,2015-07-17T00:00:00.000Z,2015,7,17,27.63,30.09,25.57,77.34,1.45,20.26,4.63,5.99,220,0
6958bb43a2106ae9c65ef725,2015-07-18T00:00:00.000Z,2015,7,18,26.86,28.74,25.74,82.38,2.98,14.72,5.06,6.15,236.6,0
6958bb43a2106ae9c65ef726,2015-07-19T00:00:00.000Z,2015,7,19,26.58,28.27,25.39,80.67,1.73,14.36,5.29,6.1,218.9,0
6958bb43a2106ae9c65ef727,2015-07-20T00:00:00.000Z,2015,7,20,25.75,27.46,24.79,82.11,8.45,15.61,5.19,6.05,218.7,0
6958bb43a2106ae9c65ef728,2015-07-21T00:00:00.000Z,2015,7,21,27.19,30.14,24.39,69.22,2.69,13.67,3.76,5.57,185.2,0
6958bb43a2106ae9c65ef729,2015-07-22T00:00:00.000Z,2015,7,22,28.35,30.86,25.99,68.27,0.35,22.48,1.57,2.56,84.7,0
6958bb43a2106ae9c65ef72a,2015-07-23T00:00:00.000Z,2015,7,23,27.34,28.79,26.18,79.46,4.02,17.88,1.51,2.41,344.3,0
6958bb43a2106ae9c65ef72b,2015-07-24T00:00:00.000Z,2015,7,24,27.06,28.78,25.76,82.14,1.17,21.8,1.89,2.75,9.8,0
6958bb43a2106ae9c65ef72c,2015-07-25T00:00:00.000Z,2015,7,25,27.41,29.66,25.9,77.06,1.76,18.54,2.6,4.21,246.5,0
6958bb43a2106ae9c65ef72d,2015-07-26T00:00:00.000Z,2015,7,26,27.17,29.3,25.52,73.76,1.04,18.23,3.28,4.93,209.5,0
6958bb43a2106ae9c65ef72e,2015-07-27T00:00:00.000Z,2015,7,27,27.89,30.26,25.67,68.58,3.41,20.89,1.67,2.99,153.6,0
6958bb43a2106ae9c65ef72f,2015-07-28T00:00:00.000Z,2015,7,28,27.81,29.39,26.73,75.13,3.48,19.67,1.35,2.32,43,0
6958bb43a2106ae9c65ef730,2015-07-29T00:00:00.000Z,2015,7,29,27.69,30.16,25.93,73.64,2,15.9,2.65,4.52,248.3,0
6958bb43a2106ae9c65ef731,2015-07-30T00:00:00.000Z,2015,7,30,25.87,27.24,24.7,81.29,3.12,16.05,3.8,4.64,238.6,0
6958bb43a2106ae9c65ef732,2015-07-31T00:00:00.000Z,2015,7,31,26.85,29.13,24.81,76.17,1.29,15.97,2.74,4.32,237.9,0
6958bb43a2106ae9c65ef733,2015-08-01T00:00:00.000Z,2015,8,1,27.12,29.22,25.46,74.64,0.89,17.42,2.4,3.5,229.5,0
6958bb43a2106ae9c65ef734,2015-08-02T00:00:00.000Z,2015,8,2,26.59,28.35,25.27,81.45,2.87,21.7,4.13,4.56,237.1,0
6958bb43a2106ae9c65ef735,2015-08-03T00:00:00.000Z,2015,8,3,25.96,27.63,24.67,76,4.47,10.51,6.19,7.53,217.6,0
6958bb43a2106ae9c65ef736,2015-08-04T00:00:00.000Z,2015,8,4,26.67,29.71,24.03,76.04,1.86,21.9,4.97,6.63,228.6,0
6958bb43a2106ae9c65ef737,2015-08-05T00:00:00.000Z,2015,8,5,26.57,28.74,24.9,77.1,4.96,17.78,5.18,5.91,243.1,0
6958bb43a2106ae9c65ef738,2015-08-06T00:00:00.000Z,2015,8,6,26.58,28.1,25.44,81.86,15.15,18.63,5.93,7.11,246.5,0
6958bb43a2106ae9c65ef739,2015-08-07T00:00:00.000Z,2015,8,7,26.7,28.39,25.56,83.32,7.41,13.85,6.43,7.4,232.5,0
6958bb43a2106ae9c65ef73a,2015-08-08T00:00:00.000Z,2015,8,8,26.39,27.95,25.21,82.9,4.62,9.71,5.37,6.49,223.1,0
6958bb43a2106ae9c65ef73b,2015-08-09T00:00:00.000Z,2015,8,9,26.88,29.41,25.03,80.81,4.56,20.47,4.75,6.18,228.4,0
6958bb43a2106ae9c65ef73c,2015-08-10T00:00:00.000Z,2015,8,10,26.76,28.71,24.94,81.25,9.29,17.3,3.86,5.5,221.6,0
6958bb43a2106ae9c65ef73d,2015-08-11T00:00:00.000Z,2015,8,11,26.41,28.34,24.85,83.54,19.59,16.74,4.19,5.38,240.7,0
6958bb43a2106ae9c65ef73e,2015-08-12T00:00:00.000Z,2015,8,12,27.36,29.84,24.92,76.94,0.93,15.34,2.82,4.43,219.6,0
6958bb43a2106ae9c65ef73f,2015-08-13T00:00:00.000Z,2015,8,13,26.96,28.57,25.53,80.86,0.84,19.35,2.53,4.07,259.5,0
6958bb43a2106ae9c65ef740,2015-08-14T00:00:00.000Z,2015,8,14,27.47,30.15,25.26,76.52,0.69,23.63,3.2,3.55,222.4,0
6958bb43a2106ae9c65ef741,2015-08-15T00:00:00.000Z,2015,8,15,27.67,30.2,25.66,74.4,3.42,21.52,2.48,3.25,215.8,0
6958bb43a2106ae9c65ef742,2015-08-16T00:00:00.000Z,2015,8,16,26.62,27.94,25.63,82.03,4.52,14.64,2.38,5.4,217.8,0
6958bb43a2106ae9c65ef743,2015-08-17T00:00:00.000Z,2015,8,17,26.93,28.64,24.82,75.37,4.47,21.66,2.83,6.4,211.6,0
6958bb43a2106ae9c65ef744,2015-08-18T00:00:00.000Z,2015,8,18,28.21,30.78,26.16,70.2,0.86,21.52,1.67,2.59,352,0
6958bb43a2106ae9c65ef745,2015-08-19T00:00:00.000Z,2015,8,19,27.23,28.64,26.21,80.54,3.55,19.24,2.43,3.4,322.6,0
6958bb43a2106ae9c65ef746,2015-08-20T00:00:00.000Z,2015,8,20,26.73,28.38,25.24,81.13,2.32,21.48,3.67,5.25,250.9,0
6958bb43a2106ae9c65ef747,2015-08-21T00:00:00.000Z,2015,8,21,25.92,27.65,24.6,82.13,0.73,18.11,4.57,6.06,240.7,0
6958bb43a2106ae9c65ef748,2015-08-22T00:00:00.000Z,2015,8,22,27.13,30.21,24.96,75.78,0.68,21.25,3.87,4.47,234.6,0
6958bb43a2106ae9c65ef749,2015-08-23T00:00:00.000Z,2015,8,23,27.08,29.22,25.44,76.54,0.6,21.19,3.54,4.32,244.9,0
6958bb43a2106ae9c65ef74a,2015-08-24T00:00:00.000Z,2015,8,24,26.85,29.4,25.07,72.56,0.79,23.93,4.39,5.77,226.1,0
6958bb43a2106ae9c65ef74b,2015-08-25T00:00:00.000Z,2015,8,25,27.14,29.57,25.16,78.18,1.17,24.02,3.76,4.76,225.9,0
6958bb43a2106ae9c65ef74c,2015-08-26T00:00:00.000Z,2015,8,26,27.68,30.51,25.32,72.51,0.85,20.2,2.28,4.29,183.6,0
6958bb43a2106ae9c65ef74d,2015-08-27T00:00:00.000Z,2015,8,27,26.69,28.68,25.3,78.65,2.25,20.88,2.84,3.89,70.7,0
6958bb43a2106ae9c65ef74e,2015-08-28T00:00:00.000Z,2015,8,28,27.56,30.04,26.06,74.99,5.96,16.32,2.65,3.77,20.3,0
6958bb43a2106ae9c65ef74f,2015-08-29T00:00:00.000Z,2015,8,29,26.64,28.21,25.21,80.99,6.4,16.91,3.53,4.68,264.3,0
6958bb43a2106ae9c65ef750,2015-08-30T00:00:00.000Z,2015,8,30,26.63,29.27,24.85,77.08,1.74,17.32,3.23,4.29,234.3,0
6958bb43a2106ae9c65ef751,2015-08-31T00:00:00.000Z,2015,8,31,27.26,30.59,24.49,74.25,1.9,19.48,2.81,3.51,228.2,0
6958bb43a2106ae9c65ef752,2015-09-01T00:00:00.000Z,2015,9,1,27.05,28.9,25.56,76.87,1.69,18.8,2.11,3.08,273.9,0
6958bb43a2106ae9c65ef753,2015-09-02T00:00:00.000Z,2015,9,2,27.72,30.84,25.55,74.99,0.55,23.17,2.42,3.97,33.4,0
6958bb43a2106ae9c65ef754,2015-09-03T00:00:00.000Z,2015,9,3,26.93,28.19,25.94,83.18,2.96,16.15,2.75,3.71,17,0
6958bb43a2106ae9c65ef755,2015-09-04T00:00:00.000Z,2015,9,4,26.27,27.06,25.36,87.53,10.81,6.15,3.55,5.79,20.4,0
6958bb43a2106ae9c65ef756,2015-09-05T00:00:00.000Z,2015,9,5,25.81,26.98,24.96,83.37,2.73,10.81,2.18,3.48,289.7,0
6958bb43a2106ae9c65ef757,2015-09-06T00:00:00.000Z,2015,9,6,26.86,29.12,24.65,76.13,1.06,21.24,1.7,2.43,296,0
6958bb43a2106ae9c65ef758,2015-09-07T00:00:00.000Z,2015,9,7,27.26,29.42,25.85,77.41,3.09,20.64,2.21,4.06,299.5,0
6958bb43a2106ae9c65ef759,2015-09-08T00:00:00.000Z,2015,9,8,26.69,28.23,25.37,79.65,4.91,19.76,3.89,5.6,285.5,0
6958bb43a2106ae9c65ef75a,2015-09-09T00:00:00.000Z,2015,9,9,25.3,26.1,24.61,84.19,15.21,11.94,3.34,3.98,274.8,0
6958bb43a2106ae9c65ef75b,2015-09-10T00:00:00.000Z,2015,9,10,26.43,28.54,24.46,78.75,1.93,19.46,3.73,4.34,228.8,0
6958bb43a2106ae9c65ef75c,2015-09-11T00:00:00.000Z,2015,9,11,27.29,29.81,25.27,75.95,3.68,15.77,2.29,3,237.9,0
6958bb43a2106ae9c65ef75d,2015-09-12T00:00:00.000Z,2015,9,12,27.58,29.94,25.74,75.07,4.67,23.84,1.59,2.27,253.1,0
6958bb43a2106ae9c65ef75e,2015-09-13T00:00:00.000Z,2015,9,13,26.82,27.96,25.47,78.34,38.81,17.38,3.16,4.26,244.1,0
6958bb43a2106ae9c65ef75f,2015-09-14T00:00:00.000Z,2015,9,14,27.12,29.74,25.39,74.79,0.85,21.21,4.33,5.02,223,0
6958bb43a2106ae9c65ef760,2015-09-15T00:00:00.000Z,2015,9,15,27.13,29.63,25.51,78.82,0.61,19.85,4.09,5.31,219.3,0
6958bb43a2106ae9c65ef761,2015-09-16T00:00:00.000Z,2015,9,16,26.83,29.2,25.47,75.5,4.82,15.72,4.24,5,213.8,0
6958bb43a2106ae9c65ef762,2015-09-17T00:00:00.000Z,2015,9,17,26.59,28.54,25.18,78.76,10.12,15.06,4.72,6.38,188.9,0
6958bb43a2106ae9c65ef763,2015-09-18T00:00:00.000Z,2015,9,18,27.5,30.6,24.89,73.09,0.87,15.85,2.73,3.73,124.4,0
6958bb43a2106ae9c65ef764,2015-09-19T00:00:00.000Z,2015,9,19,27.29,28.39,26.04,82.58,4.56,19.34,2.13,2.86,70.6,0
6958bb43a2106ae9c65ef765,2015-09-20T00:00:00.000Z,2015,9,20,27.18,28.27,26.43,86.12,11.23,10.37,1.59,3.05,32.6,0
6958bb43a2106ae9c65ef766,2015-09-21T00:00:00.000Z,2015,9,21,27.29,29.29,26,80.29,2.05,20.05,1.47,2.3,248.5,0
6958bb43a2106ae9c65ef767,2015-09-22T00:00:00.000Z,2015,9,22,26.55,27.57,25.59,84.18,4.01,7.75,2.93,3.53,270.5,0
6958bb43a2106ae9c65ef768,2015-09-23T00:00:00.000Z,2015,9,23,26.2,27.58,25.27,85.26,13.05,16.45,3.79,4.89,236.5,0
6958bb43a2106ae9c65ef769,2015-09-24T00:00:00.000Z,2015,9,24,26.24,28.28,24.67,77.97,4.77,20.24,3.73,4.44,222.3,0
6958bb43a2106ae9c65ef76a,2015-09-25T00:00:00.000Z,2015,9,25,26.13,27.74,24.73,79.66,8.8,20.39,5.05,5.87,220.7,0
6958bb43a2106ae9c65ef76b,2015-09-26T00:00:00.000Z,2015,9,26,26.42,28.81,24.89,79.27,7.01,17.83,4.38,5.06,235.8,0
6958bb43a2106ae9c65ef76c,2015-09-27T00:00:00.000Z,2015,9,27,25.81,27.52,24.64,83.12,21.85,14.37,6.08,7.37,232.3,0
6958bb43a2106ae9c65ef76d,2015-09-28T00:00:00.000Z,2015,9,28,25.9,27.6,24.52,80.56,6.06,17.54,6.05,7.21,211.4,0
6958bb43a2106ae9c65ef76e,2015-09-29T00:00:00.000Z,2015,9,29,26.23,27.86,24.48,77.21,4.86,7.88,2.89,4.47,240,0
6958bb43a2106ae9c65ef76f,2015-09-30T00:00:00.000Z,2015,9,30,26.82,29.15,24.88,77.66,2.47,22.13,2.34,3.08,21.9,0
6958bb43a2106ae9c65ef770,2015-10-01T00:00:00.000Z,2015,10,1,27.03,29.24,25.23,77.92,0.18,17.41,2.15,3.46,52.8,0
6958bb43a2106ae9c65ef771,2015-10-02T00:00:00.000Z,2015,10,2,27.78,30.12,26.2,74.49,0.03,20.5,2.02,4.03,248.2,0
6958bb43a2106ae9c65ef772,2015-10-03T00:00:00.000Z,2015,10,3,27.31,30.14,24.85,72.47,0.15,20.39,3.24,3.69,208.5,0
6958bb43a2106ae9c65ef773,2015-10-04T00:00:00.000Z,2015,10,4,27.24,28.67,25.67,78.04,1.15,20.89,2.57,4.08,232.3,0
6958bb43a2106ae9c65ef774,2015-10-05T00:00:00.000Z,2015,10,5,27.72,29.45,25.89,72.43,2.01,16.42,1.31,2.51,215.2,0
6958bb43a2106ae9c65ef775,2015-10-06T00:00:00.000Z,2015,10,6,26.97,28.28,26.09,74.59,6.8,11.99,1.35,2.25,259.6,0
6958bb43a2106ae9c65ef776,2015-10-07T00:00:00.000Z,2015,10,7,26.8,28.28,25.74,74.61,1.71,8.79,1.16,2.1,262.4,0
6958bb43a2106ae9c65ef777,2015-10-08T00:00:00.000Z,2015,10,8,27.35,30.16,25.78,74.04,2.7,16.84,1.53,2.47,277.4,0
6958bb43a2106ae9c65ef778,2015-10-09T00:00:00.000Z,2015,10,9,26.63,28.22,25.37,80.9,1.45,11.9,2.9,3.77,235.1,0
6958bb43a2106ae9c65ef779,2015-10-10T00:00:00.000Z,2015,10,10,26.9,28.64,25.47,74.97,0.43,17.47,1.63,2.88,340.6,0
6958bb43a2106ae9c65ef77a,2015-10-11T00:00:00.000Z,2015,10,11,27.15,29.03,25.99,75.67,0.23,20.65,1.43,3.12,18.9,0
6958bb43a2106ae9c65ef77b,2015-10-12T00:00:00.000Z,2015,10,12,27.49,29.88,25.73,75.65,2.83,19.37,1.78,2.51,19.6,0
6958bb43a2106ae9c65ef77c,2015-10-13T00:00:00.000Z,2015,10,13,26.67,27.41,25.93,83.62,1.55,17.61,3.13,4,42.7,0
6958bb43a2106ae9c65ef77d,2015-10-14T00:00:00.000Z,2015,10,14,26.12,27.55,24.91,86.41,8.53,14.12,3.54,4.54,42.9,0
6958bb43a2106ae9c65ef77e,2015-10-15T00:00:00.000Z,2015,10,15,26.9,29.96,24,73.71,21.81,16.15,2.09,5.68,249.8,0
6958bb43a2106ae9c65ef77f,2015-10-16T00:00:00.000Z,2015,10,16,27.13,29.06,25.55,77.33,8.43,16.85,1.75,3,323.9,0
6958bb43a2106ae9c65ef780,2015-10-17T00:00:00.000Z,2015,10,17,27.04,28.36,26.03,81.32,4.43,17.2,2.2,2.87,279.8,0
6958bb43a2106ae9c65ef781,2015-10-18T00:00:00.000Z,2015,10,18,26.91,28.4,25.83,80.84,0.97,19.45,2.5,3.22,273.2,0
6958bb43a2106ae9c65ef782,2015-10-19T00:00:00.000Z,2015,10,19,27.08,28.39,25.96,81.39,2.21,18.87,2.87,3.64,254.8,0
6958bb43a2106ae9c65ef783,2015-10-20T00:00:00.000Z,2015,10,20,26.88,28.39,25.82,83.24,9.07,14.12,3.14,3.54,251.9,0
6958bb43a2106ae9c65ef784,2015-10-21T00:00:00.000Z,2015,10,21,27.5,29.96,25.63,79.7,0.66,18.53,2.39,3.26,274.2,0
6958bb43a2106ae9c65ef785,2015-10-22T00:00:00.000Z,2015,10,22,27.31,28.95,26.26,82.97,11.31,18.99,2.49,3.59,295.6,0
6958bb43a2106ae9c65ef786,2015-10-23T00:00:00.000Z,2015,10,23,27.27,28.52,26.2,83.1,11,15.68,2.14,3.24,337.3,0
6958bb43a2106ae9c65ef787,2015-10-24T00:00:00.000Z,2015,10,24,27.1,28.46,26.13,83.16,16.26,11.88,2.24,2.95,0.6,0
6958bb43a2106ae9c65ef788,2015-10-25T00:00:00.000Z,2015,10,25,26.11,26.76,25.49,88.65,28.39,11.82,2.37,3.8,13.5,0
6958bb43a2106ae9c65ef789,2015-10-26T00:00:00.000Z,2015,10,26,26.17,27.29,25.31,87.88,24.34,11.34,3.62,4.59,47.9,0
6958bb43a2106ae9c65ef78a,2015-10-27T00:00:00.000Z,2015,10,27,25.8,26.29,25.16,89.7,24.72,8.31,3.94,4.92,31.1,0
6958bb43a2106ae9c65ef78b,2015-10-28T00:00:00.000Z,2015,10,28,25.87,26.65,25.31,89,18.87,8.88,3.59,4.65,25.8,0
6958bb43a2106ae9c65ef78c,2015-10-29T00:00:00.000Z,2015,10,29,25.97,26.7,24.98,89.24,9.64,10.23,2.79,3.96,35.1,0
6958bb43a2106ae9c65ef78d,2015-10-30T00:00:00.000Z,2015,10,30,26.78,28.16,25.78,83.87,1.56,19.45,3.73,5.79,79.3,0
6958bb43a2106ae9c65ef78e,2015-10-31T00:00:00.000Z,2015,10,31,26.73,28.02,25.37,84.12,2.06,15.19,3.46,4.17,68.8,0
6958bb43a2106ae9c65ef78f,2015-11-01T00:00:00.000Z,2015,11,1,27,28.22,26.17,79.79,5.55,13.26,1.97,3.32,66.6,0
6958bb43a2106ae9c65ef790,2015-11-02T00:00:00.000Z,2015,11,2,26.45,27.75,25.69,83,2.93,11.84,2.17,3.19,58.5,0
6958bb43a2106ae9c65ef791,2015-11-03T00:00:00.000Z,2015,11,3,26.34,27.28,25.53,80.14,5.44,15.56,1.4,2.38,247.5,0
6958bb43a2106ae9c65ef792,2015-11-04T00:00:00.000Z,2015,11,4,25.95,26.77,25.22,83.72,3.55,14.12,2.15,2.87,231.2,0
6958bb43a2106ae9c65ef793,2015-11-05T00:00:00.000Z,2015,11,5,25.77,27.04,24.85,84.33,10.02,13.68,3.2,4.1,236.4,0
6958bb43a2106ae9c65ef794,2015-11-06T00:00:00.000Z,2015,11,6,25.88,27.14,24.69,81.84,9.74,17.59,2.84,4.28,225.4,0
6958bb43a2106ae9c65ef795,2015-11-07T00:00:00.000Z,2015,11,7,26.32,28.21,24.51,79,0.74,18.17,2.22,2.9,270.4,0
6958bb43a2106ae9c65ef796,2015-11-08T00:00:00.000Z,2015,11,8,26.62,28.59,24.97,79.08,1.62,19.71,1.92,3.01,330.2,0
6958bb43a2106ae9c65ef797,2015-11-09T00:00:00.000Z,2015,11,9,26.72,28.56,25.54,80,20.03,20.38,1.78,3.13,358.6,0
6958bb43a2106ae9c65ef798,2015-11-10T00:00:00.000Z,2015,11,10,25.74,26.7,24.96,89.43,25.22,6.64,4.11,5.71,335,0
6958bb43a2106ae9c65ef799,2015-11-11T00:00:00.000Z,2015,11,11,25.58,26.32,24.85,87.8,9.89,16.93,1.74,2.9,279.4,0
6958bb43a2106ae9c65ef79a,2015-11-12T00:00:00.000Z,2015,11,12,27.05,29.06,25.47,79.56,4.68,16.06,1.09,1.99,110.1,0
6958bb43a2106ae9c65ef79b,2015-11-13T00:00:00.000Z,2015,11,13,26.78,28.64,25.32,81.83,6.97,19.05,2.14,3.19,146.8,0
6958bb43a2106ae9c65ef79c,2015-11-14T00:00:00.000Z,2015,11,14,26.36,27.87,25.16,79.78,8.53,19.42,1.76,2.99,199.2,0
6958bb43a2106ae9c65ef79d,2015-11-15T00:00:00.000Z,2015,11,15,26.35,28.23,25.04,83.28,5.78,16.51,2.34,3.47,280.3,0
6958bb43a2106ae9c65ef79e,2015-11-16T00:00:00.000Z,2015,11,16,26.1,27.19,25.15,83,0.25,17.35,1.96,3.12,14.3,0
6958bb43a2106ae9c65ef79f,2015-11-17T00:00:00.000Z,2015,11,17,26.9,29.07,25.04,81.11,0.89,18.11,2.62,4.29,71.1,0
6958bb43a2106ae9c65ef7a0,2015-11-18T00:00:00.000Z,2015,11,18,27.01,28.32,26.09,83.71,5.41,20.81,2.56,4.06,64.6,0
6958bb43a2106ae9c65ef7a1,2015-11-19T00:00:00.000Z,2015,11,19,26,26.51,25.52,90.14,11.94,13.4,2.65,4.04,13.6,0
6958bb43a2106ae9c65ef7a2,2015-11-20T00:00:00.000Z,2015,11,20,26.89,28.96,25.32,78.75,4.28,13.81,2.25,3.94,137,0
6958bb43a2106ae9c65ef7a3,2015-11-21T00:00:00.000Z,2015,11,21,26.57,27.83,25.65,83.65,7.38,20.24,2.28,3.72,49.9,0
6958bb43a2106ae9c65ef7a4,2015-11-22T00:00:00.000Z,2015,11,22,26.93,28.73,25.69,82.45,2.6,17.69,2.92,3.24,72.7,0
6958bb43a2106ae9c65ef7a5,2015-11-23T00:00:00.000Z,2015,11,23,26.43,28.31,25.19,84.84,4.76,15.73,2.8,3.44,60.3,0
6958bb43a2106ae9c65ef7a6,2015-11-24T00:00:00.000Z,2015,11,24,25.9,27,25.17,87.78,12.91,15.64,2.16,3.16,327.5,0
6958bb43a2106ae9c65ef7a7,2015-11-25T00:00:00.000Z,2015,11,25,25.81,26.63,25.1,85.64,15.34,8.5,2,3.24,217.2,0
6958bb43a2106ae9c65ef7a8,2015-11-26T00:00:00.000Z,2015,11,26,26.44,27.44,25.57,79.32,11.24,19.75,1.1,2.26,55.3,0
6958bb43a2106ae9c65ef7a9,2015-11-27T00:00:00.000Z,2015,11,27,26.5,27.83,25.78,83.69,14.91,16.95,2.28,4.06,47.7,0
6958bb43a2106ae9c65ef7aa,2015-11-28T00:00:00.000Z,2015,11,28,26.67,28.09,25.55,81.76,12.9,17.65,2.73,4.01,95.1,0
6958bb43a2106ae9c65ef7ab,2015-11-29T00:00:00.000Z,2015,11,29,26.18,28.37,25.13,80.83,11.68,12.5,1.56,2.95,320.4,0
6958bb43a2106ae9c65ef7ac,2015-11-30T00:00:00.000Z,2015,11,30,26.02,27.28,24.76,84.01,1.98,15.35,1.34,2.55,271.6,0
6958bb43a2106ae9c65ef7ad,2015-12-01T00:00:00.000Z,2015,12,1,26.11,27.24,25.31,83.58,3.27,10.18,1.9,3.03,341.8,0
6958bb43a2106ae9c65ef7ae,2015-12-02T00:00:00.000Z,2015,12,2,26.82,27.98,25.69,78.58,3.23,18.31,0.67,1.61,64.8,0
6958bb43a2106ae9c65ef7af,2015-12-03T00:00:00.000Z,2015,12,3,26.91,28.31,25.81,82.3,1.12,19.08,2.09,3.11,59.3,0
6958bb43a2106ae9c65ef7b0,2015-12-04T00:00:00.000Z,2015,12,4,27.09,28.72,26.07,83.79,13.08,17,1.94,3.06,115.2,0
6958bb43a2106ae9c65ef7b1,2015-12-05T00:00:00.000Z,2015,12,5,26.24,26.91,25.83,89.57,13.32,18.32,1.6,2.67,342.1,0
6958bb43a2106ae9c65ef7b2,2015-12-06T00:00:00.000Z,2015,12,6,26.84,28.85,25.57,83.08,17.32,15.4,1.84,2.78,63.6,0
6958bb43a2106ae9c65ef7b3,2015-12-07T00:00:00.000Z,2015,12,7,26.47,27.84,25.29,85.54,3.02,16.65,3.45,5.47,76.8,0
6958bb43a2106ae9c65ef7b4,2015-12-08T00:00:00.000Z,2015,12,8,27.07,28.71,25.61,85.97,3.62,19.1,3.88,4.93,64.3,0
6958bb43a2106ae9c65ef7b5,2015-12-09T00:00:00.000Z,2015,12,9,26.17,27.13,24.91,89.63,20,17.11,2.99,3.99,322.3,0
6958bb43a2106ae9c65ef7b6,2015-12-10T00:00:00.000Z,2015,12,10,26.85,29.33,24.89,81.86,3.52,16.47,2.6,4.39,276.5,0
6958bb43a2106ae9c65ef7b7,2015-12-11T00:00:00.000Z,2015,12,11,26.57,27.98,25.54,85.88,4.99,18.4,4,5.15,262.1,0
6958bb43a2106ae9c65ef7b8,2015-12-12T00:00:00.000Z,2015,12,12,25.99,26.83,25.36,90.24,12.23,16.83,3.05,5.27,276.6,0
6958bb43a2106ae9c65ef7b9,2015-12-13T00:00:00.000Z,2015,12,13,27.11,28.89,25.26,77.38,1.39,11.46,2.36,3.69,157.9,0
6958bb43a2106ae9c65ef7ba,2015-12-14T00:00:00.000Z,2015,12,14,27.44,29.44,26.14,74.85,1.62,15.5,1.48,2.9,317.6,0
6958bb43a2106ae9c65ef7bb,2015-12-15T00:00:00.000Z,2015,12,15,26.53,27.96,25.55,82.46,2.23,12.24,2.46,4.01,41,0
6958bb43a2106ae9c65ef7bc,2015-12-16T00:00:00.000Z,2015,12,16,26.67,28.82,25.32,80.61,0.29,18.21,2.58,3.52,64.6,0
6958bb43a2106ae9c65ef7bd,2015-12-17T00:00:00.000Z,2015,12,17,26.57,28.47,24.96,81.26,0.12,19.1,3.15,4.3,87.7,0
6958bb43a2106ae9c65ef7be,2015-12-18T00:00:00.000Z,2015,12,18,26.71,28.46,25.25,80.97,1.06,17.24,3.71,6.21,70.6,0
6958bb43a2106ae9c65ef7bf,2015-12-19T00:00:00.000Z,2015,12,19,26.44,28.04,25.45,83.38,10.16,9.12,3.7,5.07,56.1,0
6958bb43a2106ae9c65ef7c0,2015-12-20T00:00:00.000Z,2015,12,20,26.42,27.8,25.36,81.96,1.36,16.16,5.01,6.41,60.7,0
6958bb43a2106ae9c65ef7c1,2015-12-21T00:00:00.000Z,2015,12,21,26.41,27.86,24.98,81.09,5.83,17.57,4.08,4.92,66.7,0
6958bb43a2106ae9c65ef7c2,2015-12-22T00:00:00.000Z,2015,12,22,26.52,28.31,25.23,80.93,1.31,15.29,3.45,4.58,46.2,0
6958bb43a2106ae9c65ef7c3,2015-12-23T00:00:00.000Z,2015,12,23,26.95,29.1,25.42,79.01,1.05,16.9,2.23,3.32,13.1,0
6958bb43a2106ae9c65ef7c4,2015-12-24T00:00:00.000Z,2015,12,24,26.39,27.23,25.76,82.52,1.06,18.92,1.39,2.02,282.2,0
6958bb43a2106ae9c65ef7c5,2015-12-25T00:00:00.000Z,2015,12,25,26.88,28.39,25.7,80.38,0.14,19.97,2.09,3.71,42.4,0
6958bb43a2106ae9c65ef7c6,2015-12-26T00:00:00.000Z,2015,12,26,27.01,28.39,25.67,83.06,13.09,16.57,3.7,5.01,79,0
6958bb43a2106ae9c65ef7c7,2015-12-27T00:00:00.000Z,2015,12,27,27.06,28.99,25.8,82.25,16.21,12.21,3.94,5.16,75.9,0
6958bb43a2106ae9c65ef7c8,2015-12-28T00:00:00.000Z,2015,12,28,27.02,28.82,25.56,82.83,3.55,14.63,6.55,8.99,65.3,0
6958bb43a2106ae9c65ef7c9,2015-12-29T00:00:00.000Z,2015,12,29,27.05,28.69,25.84,82.99,4.16,15.35,7.27,9.09,65.1,0
6958bb43a2106ae9c65ef7ca,2015-12-30T00:00:00.000Z,2015,12,30,26.75,29.01,25.02,77.45,0.17,21.43,6.6,7.96,73.3,0
6958bb43a2106ae9c65ef7cb,2015-12-31T00:00:00.000Z,2015,12,31,26.37,28.2,24.95,77.46,0.02,19.8,6.89,8.62,70.2,0
6958bb43a2106ae9c65ef7cc,2016-01-01T00:00:00.000Z,2016,1,1,26.67,28.74,24.91,81.82,0.69,20.2,7.03,8.64,80.7,0
6958bb43a2106ae9c65ef7cd,2016-01-02T00:00:00.000Z,2016,1,2,26.88,28.81,25.05,81.53,2.34,17.06,4.78,6.02,67.6,0
6958bb43a2106ae9c65ef7ce,2016-01-03T00:00:00.000Z,2016,1,3,27.03,28.75,25.35,80.9,0.44,18,4.72,5.98,72.6,0
6958bb43a2106ae9c65ef7cf,2016-01-04T00:00:00.000Z,2016,1,4,27.11,29.03,25.34,82.52,0.13,21.51,5.02,6.28,69.1,0
6958bb43a2106ae9c65ef7d0,2016-01-05T00:00:00.000Z,2016,1,5,27.05,28.7,25.58,82.7,1.83,21.05,4.42,5.37,51.7,0
6958bb43a2106ae9c65ef7d1,2016-01-06T00:00:00.000Z,2016,1,6,27.13,29.08,25.4,82.76,3.39,20.99,4.5,5.49,51.9,0
6958bb43a2106ae9c65ef7d2,2016-01-07T00:00:00.000Z,2016,1,7,27.37,29.37,25.62,82.07,2.72,20.87,5.19,6.42,63.1,0
6958bb43a2106ae9c65ef7d3,2016-01-08T00:00:00.000Z,2016,1,8,27.29,29.65,25.51,80.52,1.25,21.52,4.8,5.87,64.5,0
6958bb43a2106ae9c65ef7d4,2016-01-09T00:00:00.000Z,2016,1,9,27.24,29.59,25.1,80.58,0.56,21.14,4.24,5.2,56.7,0
6958bb43a2106ae9c65ef7d5,2016-01-10T00:00:00.000Z,2016,1,10,27.44,29.78,25.5,79.01,4.23,21.14,3.98,4.72,54.7,0
6958bb43a2106ae9c65ef7d6,2016-01-11T00:00:00.000Z,2016,1,11,27.13,29.24,25.66,81.91,2.38,14.43,4.22,5.07,49.8,0
6958bb43a2106ae9c65ef7d7,2016-01-12T00:00:00.000Z,2016,1,12,27.16,29.36,25.39,82.44,5.18,18.8,4.19,4.84,48.2,0
6958bb43a2106ae9c65ef7d8,2016-01-13T00:00:00.000Z,2016,1,13,27.37,29.59,26.09,80.34,8.7,17.97,3.77,5.24,52.6,0
6958bb43a2106ae9c65ef7d9,2016-01-14T00:00:00.000Z,2016,1,14,26.97,28.55,25.66,83.73,52.17,18.65,3.82,4.41,28,0
6958bb43a2106ae9c65ef7da,2016-01-15T00:00:00.000Z,2016,1,15,26.37,27.44,25.53,87.55,39.09,15.61,4.13,6.45,354.8,0
6958bb43a2106ae9c65ef7db,2016-01-16T00:00:00.000Z,2016,1,16,25.88,27.28,24.83,85.8,20.56,18.13,2.88,5.86,279.1,0
6958bb43a2106ae9c65ef7dc,2016-01-17T00:00:00.000Z,2016,1,17,26.31,27.99,25.2,82.67,6.96,9.27,2.31,2.82,269.5,0
6958bb43a2106ae9c65ef7dd,2016-01-18T00:00:00.000Z,2016,1,18,26.63,28.43,25.19,81.51,3.33,21.39,2.02,2.86,350,0
6958bb43a2106ae9c65ef7de,2016-01-19T00:00:00.000Z,2016,1,19,26.1,26.55,25.68,88.79,9.04,17.88,2.15,3.71,13.6,0
6958bb43a2106ae9c65ef7df,2016-01-20T00:00:00.000Z,2016,1,20,27.53,29.67,25.79,82.93,1.95,20.34,4.66,6.41,74.4,0
6958bb43a2106ae9c65ef7e0,2016-01-21T00:00:00.000Z,2016,1,21,27.67,29.72,26.08,82.22,1.57,19.99,4.14,5.09,79.1,0
6958bb43a2106ae9c65ef7e1,2016-01-22T00:00:00.000Z,2016,1,22,27.53,29.7,26.01,78.66,7.37,17.4,2.17,3.28,79.2,0
6958bb43a2106ae9c65ef7e2,2016-01-23T00:00:00.000Z,2016,1,23,26.77,28.66,25.45,84.48,0.99,19.38,4.83,6.41,63,0
6958bb43a2106ae9c65ef7e3,2016-01-24T00:00:00.000Z,2016,1,24,27.11,29.1,25.24,85.17,0.08,21.23,6.26,8.12,77.9,0
6958bb43a2106ae9c65ef7e4,2016-01-25T00:00:00.000Z,2016,1,25,27.35,28.92,26.09,83.77,1.18,20.07,6.6,7.75,77.7,0
6958bb43a2106ae9c65ef7e5,2016-01-26T00:00:00.000Z,2016,1,26,27.32,28.98,26,83.39,25.21,19.65,4.66,6.04,86.9,0
6958bb43a2106ae9c65ef7e6,2016-01-27T00:00:00.000Z,2016,1,27,27.29,28.69,26.46,85.06,36.26,16.75,4.37,6.74,71.8,0
6958bb43a2106ae9c65ef7e7,2016-01-28T00:00:00.000Z,2016,1,28,26.46,27.11,25.84,90.7,11.02,18.15,2.59,3.88,18.8,0
6958bb43a2106ae9c65ef7e8,2016-01-29T00:00:00.000Z,2016,1,29,26.66,28.02,25.44,85.44,4.05,13.19,3.02,5.24,29.3,0
6958bb43a2106ae9c65ef7e9,2016-01-30T00:00:00.000Z,2016,1,30,27.07,28.85,25.86,84.58,7.13,19.91,3.64,4.23,58.3,0
6958bb43a2106ae9c65ef7ea,2016-01-31T00:00:00.000Z,2016,1,31,26.8,28.15,25.49,85.04,5.38,18.04,5.12,6.95,50.2,0
6958bb43a2106ae9c65ef7eb,2016-02-01T00:00:00.000Z,2016,2,1,26.7,28.18,25.21,83.92,0.6,19.49,5.89,7.84,62.5,0
6958bb43a2106ae9c65ef7ec,2016-02-02T00:00:00.000Z,2016,2,2,26.54,28.63,24.56,82.41,0.14,20.77,4.47,5.7,67.7,0
6958bb43a2106ae9c65ef7ed,2016-02-03T00:00:00.000Z,2016,2,3,26.93,29.39,25,82.75,0.1,19.71,4.54,5.61,68.7,0
6958bb43a2106ae9c65ef7ee,2016-02-04T00:00:00.000Z,2016,2,4,27.16,29.25,25.22,83.3,2.17,19.98,4.97,6.08,68.4,0
6958bb43a2106ae9c65ef7ef,2016-02-05T00:00:00.000Z,2016,2,5,27.09,28.65,25.94,85.43,26.79,12.29,5.4,7.21,58,0
6958bb43a2106ae9c65ef7f0,2016-02-06T00:00:00.000Z,2016,2,6,26.89,28.48,25.89,87.49,8.7,13.3,6.25,9.81,59.4,0
6958bb43a2106ae9c65ef7f1,2016-02-07T00:00:00.000Z,2016,2,7,26.98,28.44,25.96,84.54,12.28,15.42,8.44,11.01,66,0
6958bb43a2106ae9c65ef7f2,2016-02-08T00:00:00.000Z,2016,2,8,26.02,26.92,25.27,81.55,3.3,15.36,8.01,10.62,68.5,0
6958bb43a2106ae9c65ef7f3,2016-02-09T00:00:00.000Z,2016,2,9,26.18,27.8,25.2,83.19,19.75,15.65,3.88,4.92,75.9,0
6958bb43a2106ae9c65ef7f4,2016-02-10T00:00:00.000Z,2016,2,10,26.08,27.44,25.19,86.31,35.9,7.45,4.38,5.5,70.1,0
6958bb43a2106ae9c65ef7f5,2016-02-11T00:00:00.000Z,2016,2,11,26.58,27.96,25.44,86.49,32.83,12.86,5.14,7.03,81.5,0
6958bb43a2106ae9c65ef7f6,2016-02-12T00:00:00.000Z,2016,2,12,26.15,27.43,25.18,85.16,4.2,19.13,3.83,5.83,101,0
6958bb43a2106ae9c65ef7f7,2016-02-13T00:00:00.000Z,2016,2,13,26.45,27.99,24.84,82.63,1.72,20.04,3.39,4.89,70.4,0
6958bb43a2106ae9c65ef7f8,2016-02-14T00:00:00.000Z,2016,2,14,27.14,28.81,25.79,84.29,6.12,14.29,2.65,5.06,86.6,0
6958bb43a2106ae9c65ef7f9,2016-02-15T00:00:00.000Z,2016,2,15,26.71,28.42,25.82,85.83,8.06,15.09,2.9,4.15,63.7,0
6958bb43a2106ae9c65ef7fa,2016-02-16T00:00:00.000Z,2016,2,16,27,28.8,25.8,84.83,2.34,20.05,5.07,6.6,73.3,0
6958bb43a2106ae9c65ef7fb,2016-02-17T00:00:00.000Z,2016,2,17,26.95,28.84,25.56,84.01,0.63,21,5.49,6.65,77.9,0
6958bb43a2106ae9c65ef7fc,2016-02-18T00:00:00.000Z,2016,2,18,26.82,28.9,24.86,82.64,0.01,24.6,5.6,6.75,78.8,0
6958bb43a2106ae9c65ef7fd,2016-02-19T00:00:00.000Z,2016,2,19,27.09,28.81,25.5,83.49,0.3,21.04,5.11,6.79,66.4,0
6958bb43a2106ae9c65ef7fe,2016-02-20T00:00:00.000Z,2016,2,20,26.99,29.36,25.2,81.91,0.4,23.37,5.08,6.13,63.9,0
6958bb43a2106ae9c65ef7ff,2016-02-21T00:00:00.000Z,2016,2,21,26.87,29.45,24.55,79.05,0.06,23.57,4.82,5.29,72.1,0
6958bb43a2106ae9c65ef800,2016-02-22T00:00:00.000Z,2016,2,22,26.87,29.3,24.5,78.52,0.15,22.33,4.71,5.56,63,0
6958bb43a2106ae9c65ef801,2016-02-23T00:00:00.000Z,2016,2,23,26.95,29.32,24.98,79.18,1.17,23.42,4.65,5.95,59,0
6958bb43a2106ae9c65ef802,2016-02-24T00:00:00.000Z,2016,2,24,26.71,28.69,24.81,80.61,0.99,21.46,4.99,6.84,60.8,0
6958bb43a2106ae9c65ef803,2016-02-25T00:00:00.000Z,2016,2,25,27.12,29.35,25.51,78.05,0.2,24.19,7.64,10.13,75.8,0
6958bb43a2106ae9c65ef804,2016-02-26T00:00:00.000Z,2016,2,26,27.16,29.54,25.53,77.71,2.21,22.98,6.98,8.66,77,0
6958bb43a2106ae9c65ef805,2016-02-27T00:00:00.000Z,2016,2,27,27.09,29.17,25.22,79.5,0.23,21.65,6.47,7.8,69.9,0
6958bb43a2106ae9c65ef806,2016-02-28T00:00:00.000Z,2016,2,28,27.13,29.09,25.66,81.51,0.5,20.95,5.85,7.34,65.8,0
6958bb43a2106ae9c65ef807,2016-02-29T00:00:00.000Z,2016,2,29,27.34,29.8,25.78,80.43,0.39,24.02,5.75,7.88,69.3,0
6958bb43a2106ae9c65ef808,2016-03-01T00:00:00.000Z,2016,3,1,27.12,29.35,25.22,80.26,0.86,22.01,3.49,4.07,79.3,0
6958bb43a2106ae9c65ef809,2016-03-02T00:00:00.000Z,2016,3,2,27.02,29.19,25.36,80.92,0.22,19.69,5.13,6.54,69.9,0
6958bb43a2106ae9c65ef80a,2016-03-03T00:00:00.000Z,2016,3,3,27.21,29.93,24.79,80.08,0.01,21.63,5.02,6.31,71.5,0
6958bb43a2106ae9c65ef80b,2016-03-04T00:00:00.000Z,2016,3,4,27.28,29.79,25.16,80.56,0.05,23.47,4.35,5.35,63,0
6958bb43a2106ae9c65ef80c,2016-03-05T00:00:00.000Z,2016,3,5,27.64,29.98,25.78,79.77,0.19,20.03,3.87,6.56,65.1,0
6958bb43a2106ae9c65ef80d,2016-03-06T00:00:00.000Z,2016,3,6,27.4,29.16,26.01,80.93,1.45,20.4,2.23,3.24,65.1,0
6958bb43a2106ae9c65ef80e,2016-03-07T00:00:00.000Z,2016,3,7,27.76,30.1,25.76,82.01,5.54,22.67,3.25,4.67,63.9,0
6958bb43a2106ae9c65ef80f,2016-03-08T00:00:00.000Z,2016,3,8,27.44,28.7,26.53,85.67,8.47,19.09,3.17,4.33,39.2,0
6958bb43a2106ae9c65ef810,2016-03-09T00:00:00.000Z,2016,3,9,27.65,29.6,26.22,83.21,4.28,20.61,3.3,4.26,38.8,0
6958bb43a2106ae9c65ef811,2016-03-10T00:00:00.000Z,2016,3,10,27.45,28.86,26.3,83.01,0.98,22.76,3.77,4.42,26.8,0
6958bb43a2106ae9c65ef812,2016-03-11T00:00:00.000Z,2016,3,11,27.87,30.27,26.07,78.12,0.46,24.76,2.79,3.83,29.6,0
6958bb43a2106ae9c65ef813,2016-03-12T00:00:00.000Z,2016,3,12,28.22,30.66,25.76,77.19,0.12,24.31,2.24,3.86,42.9,0
6958bb43a2106ae9c65ef814,2016-03-13T00:00:00.000Z,2016,3,13,27.83,29.75,26.52,80.18,0.17,20.54,2.48,3.65,43.3,0
6958bb43a2106ae9c65ef815,2016-03-14T00:00:00.000Z,2016,3,14,27.39,29.1,26.05,82.28,0.23,20.88,1.99,2.86,14.9,0
6958bb43a2106ae9c65ef816,2016-03-15T00:00:00.000Z,2016,3,15,27.83,29.77,26.51,76.77,3.32,16.47,1.12,1.95,290.1,0
6958bb43a2106ae9c65ef817,2016-03-16T00:00:00.000Z,2016,3,16,28.41,31.34,26.75,74.34,1.36,21.79,2.44,4.48,2.9,0
6958bb43a2106ae9c65ef818,2016-03-17T00:00:00.000Z,2016,3,17,28.32,31.33,25.91,75.05,0.1,23.06,3.4,4.81,47.2,0
6958bb43a2106ae9c65ef819,2016-03-18T00:00:00.000Z,2016,3,18,28.29,30.86,26.22,76.81,0.25,22.07,3.29,4,38.2,0
6958bb43a2106ae9c65ef81a,2016-03-19T00:00:00.000Z,2016,3,19,28.29,30.79,26.65,76.35,0.72,23.73,2.59,4.11,24.9,0
6958bb43a2106ae9c65ef81b,2016-03-20T00:00:00.000Z,2016,3,20,28.18,30.84,26.25,77.73,3.27,17.47,2.83,4.64,5.7,0
6958bb43a2106ae9c65ef81c,2016-03-21T00:00:00.000Z,2016,3,21,27.33,28.41,26.15,83.61,21.37,15.84,3.81,6.92,305.6,0
6958bb43a2106ae9c65ef81d,2016-03-22T00:00:00.000Z,2016,3,22,27.83,31.01,25.38,74.34,4.82,20.35,3.6,4.63,249.7,0
6958bb43a2106ae9c65ef81e,2016-03-23T00:00:00.000Z,2016,3,23,28.13,30.99,25.96,73.56,0.07,24.08,3.5,4.2,268.1,0
6958bb43a2106ae9c65ef81f,2016-03-24T00:00:00.000Z,2016,3,24,28.17,30.56,25.92,76.47,0.03,23.17,3.86,5.45,32.5,0
6958bb43a2106ae9c65ef820,2016-03-25T00:00:00.000Z,2016,3,25,28.8,31.01,26.94,71.24,0.41,21.1,1.7,3,75.4,0
6958bb43a2106ae9c65ef821,2016-03-26T00:00:00.000Z,2016,3,26,28.21,29.79,27.1,78.45,3.98,17.15,3.58,5.73,49.4,0
6958bb43a2106ae9c65ef822,2016-03-27T00:00:00.000Z,2016,3,27,28.28,29.57,27.13,75.19,25.44,16.05,1.36,2.19,120.4,0
6958bb43a2106ae9c65ef823,2016-03-28T00:00:00.000Z,2016,3,28,28.45,30.32,26.67,77.64,4.71,20.98,2.76,3.86,57.7,0
6958bb43a2106ae9c65ef824,2016-03-29T00:00:00.000Z,2016,3,29,28.63,30.77,26.64,77.72,1.79,22.73,4.05,5.59,71,0
6958bb43a2106ae9c65ef825,2016-03-30T00:00:00.000Z,2016,3,30,28.71,30.95,26.98,75.83,1.25,21.05,3.18,4.54,68.3,0
6958bb43a2106ae9c65ef826,2016-03-31T00:00:00.000Z,2016,3,31,28.42,30.45,26.98,77.78,0.98,21.9,3.36,4.35,50.2,0
6958bb43a2106ae9c65ef827,2016-04-01T00:00:00.000Z,2016,4,1,27.89,29.04,26.72,78.4,2.67,15.91,3.03,3.66,42.1,0
6958bb43a2106ae9c65ef828,2016-04-02T00:00:00.000Z,2016,4,2,28.21,30.26,26.48,78.44,0.5,21.06,3.54,4.41,59.2,0
6958bb43a2106ae9c65ef829,2016-04-03T00:00:00.000Z,2016,4,3,28.61,30.97,26.96,77.79,3.06,20.9,3,3.71,57.8,0
6958bb43a2106ae9c65ef82a,2016-04-04T00:00:00.000Z,2016,4,4,28.02,29.35,26.99,79.46,14.17,14.13,1.6,2.63,76.8,0
6958bb43a2106ae9c65ef82b,2016-04-05T00:00:00.000Z,2016,4,5,28.42,30.7,26.46,74.8,1.94,16.56,1.93,2.64,262.5,0
6958bb43a2106ae9c65ef82c,2016-04-06T00:00:00.000Z,2016,4,6,28.04,29.65,26.98,79.8,6.74,17.7,2.42,3.25,331.9,0
6958bb43a2106ae9c65ef82d,2016-04-07T00:00:00.000Z,2016,4,7,28.1,30.14,26.63,80.34,2.61,17.27,2.81,4.01,9.2,0
6958bb43a2106ae9c65ef82e,2016-04-08T00:00:00.000Z,2016,4,8,28.52,30.73,26.59,78.78,0.38,24.1,3.24,5.05,38.7,0
6958bb43a2106ae9c65ef82f,2016-04-09T00:00:00.000Z,2016,4,9,28.56,30.81,27.19,78.54,7.91,17.78,1.77,2.94,8.5,0
6958bb43a2106ae9c65ef830,2016-04-10T00:00:00.000Z,2016,4,10,28.51,31.25,26.66,78.55,3.57,23.61,2.86,3.88,293.8,0
6958bb43a2106ae9c65ef831,2016-04-11T00:00:00.000Z,2016,4,11,28.5,30.68,26.94,77.97,2.04,16.35,3.09,4.14,264.9,0
6958bb43a2106ae9c65ef832,2016-04-12T00:00:00.000Z,2016,4,12,28.48,31.14,26.57,77.03,0.72,21.75,4.33,5.21,245.4,0
6958bb43a2106ae9c65ef833,2016-04-13T00:00:00.000Z,2016,4,13,28.52,31.32,26.39,75.61,0.32,22.09,3.26,4.22,259.7,0
6958bb43a2106ae9c65ef834,2016-04-14T00:00:00.000Z,2016,4,14,28.7,31.8,26.29,73.05,0.03,23.65,2.2,3.02,271.2,0
6958bb43a2106ae9c65ef835,2016-04-15T00:00:00.000Z,2016,4,15,28.53,31.05,27.04,73.74,0.01,21.44,2.05,3.43,347.3,0
6958bb43a2106ae9c65ef836,2016-04-16T00:00:00.000Z,2016,4,16,28.33,29.8,26.74,75.16,0.76,22.85,1.01,1.7,354.8,0
6958bb43a2106ae9c65ef837,2016-04-17T00:00:00.000Z,2016,4,17,28.54,30.98,27.17,76.46,6.82,11.62,2.12,3.79,315.5,0
6958bb43a2106ae9c65ef838,2016-04-18T00:00:00.000Z,2016,4,18,28.12,29.17,27.3,80.45,1.28,16.38,2.05,3.63,2.5,0
6958bb43a2106ae9c65ef839,2016-04-19T00:00:00.000Z,2016,4,19,28.33,29.45,27.09,82.38,0.74,20.41,3.4,4.58,47.5,0
6958bb43a2106ae9c65ef83a,2016-04-20T00:00:00.000Z,2016,4,20,29.03,31.14,27.65,78.87,2.38,21.4,2.75,3.54,59.4,0
6958bb43a2106ae9c65ef83b,2016-04-21T00:00:00.000Z,2016,4,21,28.77,30.53,27.51,76.07,1.52,19.58,1.59,2.96,7.2,0
6958bb43a2106ae9c65ef83c,2016-04-22T00:00:00.000Z,2016,4,22,28.93,31,27.45,72.74,0.92,22.84,2.08,3.71,298.1,0
6958bb43a2106ae9c65ef83d,2016-04-23T00:00:00.000Z,2016,4,23,28.98,31.46,26.88,71.98,0.21,23.35,2.63,3.23,285.1,0
6958bb43a2106ae9c65ef83e,2016-04-24T00:00:00.000Z,2016,4,24,29.16,32.09,26.68,72.35,0.33,23.41,2.59,3.69,275,0
6958bb43a2106ae9c65ef83f,2016-04-25T00:00:00.000Z,2016,4,25,29.49,32.35,27.49,69.7,0.74,21.13,2.02,4.04,345.9,0
6958bb43a2106ae9c65ef840,2016-04-26T00:00:00.000Z,2016,4,26,29.89,32,28.3,68.32,1.39,22.03,1.02,1.56,359.2,0
6958bb43a2106ae9c65ef841,2016-04-27T00:00:00.000Z,2016,4,27,29.93,32.51,28.18,68.58,2.11,22.54,1.57,3.22,338.9,0
6958bb43a2106ae9c65ef842,2016-04-28T00:00:00.000Z,2016,4,28,29.79,32.49,28,70.05,1.23,23.54,1.88,2.64,261.3,0
6958bb43a2106ae9c65ef843,2016-04-29T00:00:00.000Z,2016,4,29,29.19,31.65,27.5,73.79,3.66,20.6,2.38,3.11,255.7,0
6958bb43a2106ae9c65ef844,2016-04-30T00:00:00.000Z,2016,4,30,28.87,30.77,27.35,75.28,10.5,15.62,2.28,3.22,276.6,0
6958bb43a2106ae9c65ef845,2016-05-01T00:00:00.000Z,2016,5,1,29.32,31.75,27.52,71.27,4.19,20.22,1.78,2.66,348.4,0
6958bb43a2106ae9c65ef846,2016-05-02T00:00:00.000Z,2016,5,2,28.89,30.7,27.37,75.89,0.12,20.52,2.18,2.75,33.9,0
6958bb43a2106ae9c65ef847,2016-05-03T00:00:00.000Z,2016,5,3,29.41,32.19,27.18,73.27,0.09,20.92,2.89,3.73,51.8,0
6958bb43a2106ae9c65ef848,2016-05-04T00:00:00.000Z,2016,5,4,28.76,29.9,27.91,78.64,1.52,15.35,4.12,7.65,40.2,0
6958bb43a2106ae9c65ef849,2016-05-05T00:00:00.000Z,2016,5,5,27.81,28.77,26.66,84.75,3.99,19.45,3.32,4.46,333.6,0
6958bb43a2106ae9c65ef84a,2016-05-06T00:00:00.000Z,2016,5,6,29.2,31.93,26.49,71.18,3.12,16.69,1.6,3.08,256.9,0
6958bb43a2106ae9c65ef84b,2016-05-07T00:00:00.000Z,2016,5,7,28.44,29.47,27.43,78.18,5,17.4,2.11,3.01,294.8,0
6958bb43a2106ae9c65ef84c,2016-05-08T00:00:00.000Z,2016,5,8,28.35,30.17,27.21,78.12,11.02,20.16,2.92,5.38,3.5,0
6958bb43a2106ae9c65ef84d,2016-05-09T00:00:00.000Z,2016,5,9,29.46,31.94,27.6,72.39,1.46,16.24,2.87,6.08,168.5,0
6958bb43a2106ae9c65ef84e,2016-05-10T00:00:00.000Z,2016,5,10,28.97,31.1,27.75,74.07,15.15,20.54,2.05,3.81,325.8,0
6958bb43a2106ae9c65ef84f,2016-05-11T00:00:00.000Z,2016,5,11,28.33,29.44,27.18,78.28,13.36,20.62,2.22,3.07,271.5,0
6958bb43a2106ae9c65ef850,2016-05-12T00:00:00.000Z,2016,5,12,28.25,29.44,27.21,78.32,4.73,18.64,1.9,2.38,256.9,0
6958bb43a2106ae9c65ef851,2016-05-13T00:00:00.000Z,2016,5,13,27.69,28.4,27.04,80.81,3.07,18.35,2.14,3.86,306.1,0
6958bb43a2106ae9c65ef852,2016-05-14T00:00:00.000Z,2016,5,14,29.02,31.74,27.09,70.8,10.43,19.84,1.66,3,179.2,0
6958bb43a2106ae9c65ef853,2016-05-15T00:00:00.000Z,2016,5,15,27.71,28.93,27.01,82.81,19.74,10.84,2.95,4.01,238.3,0
6958bb43a2106ae9c65ef854,2016-05-16T00:00:00.000Z,2016,5,16,28.3,31.08,26.34,74.78,8.09,13.9,3.31,4.22,209.8,0
6958bb43a2106ae9c65ef855,2016-05-17T00:00:00.000Z,2016,5,17,29.23,32.17,26.87,71.77,0.2,20.68,2.66,3.47,235,0
6958bb43a2106ae9c65ef856,2016-05-18T00:00:00.000Z,2016,5,18,29.58,32.85,27.07,69.94,0.52,20.33,2.32,3.35,262.7,0
6958bb43a2106ae9c65ef857,2016-05-19T00:00:00.000Z,2016,5,19,28.81,31.03,27.31,75.89,1.28,21.44,2.95,3.83,280.7,0
6958bb43a2106ae9c65ef858,2016-05-20T00:00:00.000Z,2016,5,20,28.39,30.66,27.01,76.23,5.96,14.73,3.75,5.15,285.9,0
6958bb43a2106ae9c65ef859,2016-05-21T00:00:00.000Z,2016,5,21,27.89,29.44,26.83,77.51,2.1,12.77,4,6.17,244.5,0
6958bb43a2106ae9c65ef85a,2016-05-22T00:00:00.000Z,2016,5,22,27.95,29.65,26.53,76.13,1.74,15.53,4.29,5.68,219.4,0
6958bb43a2106ae9c65ef85b,2016-05-23T00:00:00.000Z,2016,5,23,28.5,30.63,26.96,77.1,10.7,14.85,6.7,8.16,218,0
6958bb43a2106ae9c65ef85c,2016-05-24T00:00:00.000Z,2016,5,24,27.75,28.89,26.94,81.75,4.89,11,6.42,7.52,216.3,0
6958bb43a2106ae9c65ef85d,2016-05-25T00:00:00.000Z,2016,5,25,28.29,29.74,26.99,81.64,16.7,10.85,6.71,7.95,240.4,0
6958bb43a2106ae9c65ef85e,2016-05-26T00:00:00.000Z,2016,5,26,27.64,28.86,26.7,80.88,24.54,9.14,6.47,7.99,226.6,0
6958bb43a2106ae9c65ef85f,2016-05-27T00:00:00.000Z,2016,5,27,27.96,29.94,26.61,80.77,11.73,13.3,6.44,7.18,214.5,0
6958bb43a2106ae9c65ef860,2016-05-28T00:00:00.000Z,2016,5,28,27.24,28.97,25.97,82.95,22.14,10.37,5.84,7.28,232.6,0
6958bb43a2106ae9c65ef861,2016-05-29T00:00:00.000Z,2016,5,29,27.22,29.22,25.79,81.11,31.26,10.07,6.65,8.79,243,0
6958bb43a2106ae9c65ef862,2016-05-30T00:00:00.000Z,2016,5,30,27.3,29.39,25.71,79.43,12.44,14.54,5.21,5.81,230.3,0
6958bb43a2106ae9c65ef863,2016-05-31T00:00:00.000Z,2016,5,31,27.71,29.55,25.79,78.04,2.56,17.48,4.59,5.85,239.6,0
6958bb43a2106ae9c65ef864,2016-06-01T00:00:00.000Z,2016,6,1,27.73,29.99,26.27,77.79,9.69,20.68,4.96,6.46,246.4,0
6958bb43a2106ae9c65ef865,2016-06-02T00:00:00.000Z,2016,6,2,27.37,29.48,25.89,72.37,9.85,11.47,5.9,7.8,231,0
6958bb43a2106ae9c65ef866,2016-06-03T00:00:00.000Z,2016,6,3,27.39,29.45,25.54,78.86,0.83,22.43,4.76,5.91,217.6,0
6958bb43a2106ae9c65ef867,2016-06-04T00:00:00.000Z,2016,6,4,28.01,30.46,25.24,76.7,0.96,23.54,3.17,4.7,203.4,0
6958bb43a2106ae9c65ef868,2016-06-05T00:00:00.000Z,2016,6,5,28.34,30.73,26.32,74.97,0.55,22.84,2.62,3.03,210.1,0
6958bb43a2106ae9c65ef869,2016-06-06T00:00:00.000Z,2016,6,6,27.94,29.78,26.38,77.93,0.05,23.31,2.59,3.8,227.9,0
6958bb43a2106ae9c65ef86a,2016-06-07T00:00:00.000Z,2016,6,7,28.05,29.68,26.45,77.78,0.03,19.47,2.22,2.99,233.3,0
6958bb43a2106ae9c65ef86b,2016-06-08T00:00:00.000Z,2016,6,8,27.71,29.28,26.48,77.76,0.6,22.35,4.15,5.99,214.1,0
6958bb43a2106ae9c65ef86c,2016-06-09T00:00:00.000Z,2016,6,9,27.73,29.87,25.93,77.48,0.08,24.15,2.74,3,235.9,0
6958bb43a2106ae9c65ef86d,2016-06-10T00:00:00.000Z,2016,6,10,27.9,30.29,26.22,77.44,0.72,24.04,3.43,4.19,252.9,0
6958bb43a2106ae9c65ef86e,2016-06-11T00:00:00.000Z,2016,6,11,27.66,30,25.85,80.52,2.59,23.39,3.95,4.57,252.7,0
6958bb43a2106ae9c65ef86f,2016-06-12T00:00:00.000Z,2016,6,12,26.75,27.79,25.93,82.02,0.83,17.35,5.81,6.88,238.6,0
6958bb43a2106ae9c65ef870,2016-06-13T00:00:00.000Z,2016,6,13,27,28.7,25.85,78.81,2.29,21.37,5.02,5.62,228,0
6958bb43a2106ae9c65ef871,2016-06-14T00:00:00.000Z,2016,6,14,26.68,28.26,25.64,84.38,3.61,17.66,6.24,7.48,242.3,0
6958bb43a2106ae9c65ef872,2016-06-15T00:00:00.000Z,2016,6,15,26.76,27.72,25.87,84.63,6.01,16.78,5.86,6.89,239.5,0
6958bb43a2106ae9c65ef873,2016-06-16T00:00:00.000Z,2016,6,16,26.32,27.24,25.46,85.84,16.53,11.74,6.94,9.1,243.8,0
6958bb43a2106ae9c65ef874,2016-06-17T00:00:00.000Z,2016,6,17,25.78,26.88,24.94,82.98,14.87,10.47,7.41,9.12,227.6,0
6958bb43a2106ae9c65ef875,2016-06-18T00:00:00.000Z,2016,6,18,26.06,27.62,25.12,81.04,1.01,15.2,6.32,8.07,231.5,0
6958bb43a2106ae9c65ef876,2016-06-19T00:00:00.000Z,2016,6,19,26.71,29.06,25.07,78.54,4.33,21.03,4.78,7.05,235.3,0
6958bb43a2106ae9c65ef877,2016-06-20T00:00:00.000Z,2016,6,20,26.63,29.02,24.59,77.22,2.24,16.53,6.83,7.62,213.4,0
6958bb43a2106ae9c65ef878,2016-06-21T00:00:00.000Z,2016,6,21,26.39,28.43,25.1,80.58,5.18,15.81,7.37,10.2,211.8,0
6958bb43a2106ae9c65ef879,2016-06-22T00:00:00.000Z,2016,6,22,27.22,29.89,25.25,75.58,3.48,18.84,5.22,7.58,204.6,0
6958bb43a2106ae9c65ef87a,2016-06-23T00:00:00.000Z,2016,6,23,26.77,28.57,25.29,81.06,10.11,10.11,6.5,9.45,205.1,0
6958bb43a2106ae9c65ef87b,2016-06-24T00:00:00.000Z,2016,6,24,26.89,28.79,25.53,79.81,2.09,11.77,7.5,10.16,205.3,0
6958bb43a2106ae9c65ef87c,2016-06-25T00:00:00.000Z,2016,6,25,26.72,28.74,25.33,79.03,1.88,16.38,8.24,9.97,198.2,0
6958bb43a2106ae9c65ef87d,2016-06-26T00:00:00.000Z,2016,6,26,26.87,28.81,25.55,79.23,0.6,19.49,6.9,7.94,201.9,0
6958bb43a2106ae9c65ef87e,2016-06-27T00:00:00.000Z,2016,6,27,27.49,30.1,25.42,76.45,0.88,20.61,5.62,6.96,203,0
6958bb43a2106ae9c65ef87f,2016-06-28T00:00:00.000Z,2016,6,28,27.22,29.28,25.92,80.38,1.14,14.95,6.27,7.74,202.3,0
6958bb43a2106ae9c65ef880,2016-06-29T00:00:00.000Z,2016,6,29,27.61,30.27,25.69,70.91,0.78,13.36,4.69,6.46,221.6,0
6958bb43a2106ae9c65ef881,2016-06-30T00:00:00.000Z,2016,6,30,28.29,31.49,25.62,66.18,0.18,15.84,4.06,6.2,217.9,0
6958bb43a2106ae9c65ef882,2016-07-01T00:00:00.000Z,2016,7,1,28.29,31.25,26.07,75.44,0.09,23.01,4.54,6.59,196.3,0
6958bb43a2106ae9c65ef883,2016-07-02T00:00:00.000Z,2016,7,2,27.85,30.37,25.95,77.11,0.1,23.7,4.13,5.21,193.5,0
6958bb43a2106ae9c65ef884,2016-07-03T00:00:00.000Z,2016,7,3,28.5,31.47,25.78,72.17,0.05,22.65,2.69,4.45,190.4,0
6958bb43a2106ae9c65ef885,2016-07-04T00:00:00.000Z,2016,7,4,28.45,30.77,26.41,71.94,0.12,19.06,1.76,2.66,172.2,0
6958bb43a2106ae9c65ef886,2016-07-05T00:00:00.000Z,2016,7,5,27.5,28.89,26.37,80.48,3.58,20.73,4.53,5.44,220,0
6958bb43a2106ae9c65ef887,2016-07-06T00:00:00.000Z,2016,7,6,26.42,27.42,25.38,80.89,10.5,10.1,5.69,10.24,244.9,0
6958bb43a2106ae9c65ef888,2016-07-07T00:00:00.000Z,2016,7,7,26.18,28.06,25.03,79.65,8.44,11.28,5.43,7.88,226.2,0
6958bb43a2106ae9c65ef889,2016-07-08T00:00:00.000Z,2016,7,8,26.61,29,24.53,78.07,3.16,18.31,4.75,5.61,229.3,0
6958bb43a2106ae9c65ef88a,2016-07-09T00:00:00.000Z,2016,7,9,27.52,29.62,25.83,78.62,1.4,15.97,5.33,6.83,236.5,0
6958bb43a2106ae9c65ef88b,2016-07-10T00:00:00.000Z,2016,7,10,27.54,29.68,26.24,78.16,3.23,19.6,5.64,7.72,243.9,0
6958bb43a2106ae9c65ef88c,2016-07-11T00:00:00.000Z,2016,7,11,27.38,29.11,25.94,75.88,0.69,20.26,5.46,6.54,238.8,0
6958bb43a2106ae9c65ef88d,2016-07-12T00:00:00.000Z,2016,7,12,27.79,29.91,26.12,76.75,0.81,19.85,5.51,6.76,222.6,0
6958bb43a2106ae9c65ef88e,2016-07-13T00:00:00.000Z,2016,7,13,27.18,28.97,26.13,79.84,2.43,16.8,6.02,7.48,227.4,0
6958bb43a2106ae9c65ef88f,2016-07-14T00:00:00.000Z,2016,7,14,26.79,28.75,25.36,79.73,9.32,12.85,6.78,8.33,210.5,0
6958bb43a2106ae9c65ef890,2016-07-15T00:00:00.000Z,2016,7,15,27.09,29.61,25.19,80.17,8.4,15.87,6.24,7.96,199.8,0
6958bb43a2106ae9c65ef891,2016-07-16T00:00:00.000Z,2016,7,16,27.19,29.3,25.57,78.4,2.76,19.64,3.92,4.72,224.7,0
6958bb43a2106ae9c65ef892,2016-07-17T00:00:00.000Z,2016,7,17,26.46,28.37,25.1,82.45,10.37,19.69,4.67,5.81,263.1,0
6958bb43a2106ae9c65ef893,2016-07-18T00:00:00.000Z,2016,7,18,25.76,26.93,24.9,84.77,2.37,6.89,3.83,5.54,278.2,0
6958bb43a2106ae9c65ef894,2016-07-19T00:00:00.000Z,2016,7,19,26.48,28.47,25.2,80.07,9.12,12.16,5.01,5.78,253.3,0
6958bb43a2106ae9c65ef895,2016-07-20T00:00:00.000Z,2016,7,20,26.51,28.32,25.21,76.53,9.23,9.83,5.74,7.14,228.9,0
6958bb43a2106ae9c65ef896,2016-07-21T00:00:00.000Z,2016,7,21,27.08,29.9,24.99,75.12,1.61,18.99,5.09,5.62,210.2,0
6958bb43a2106ae9c65ef897,2016-07-22T00:00:00.000Z,2016,7,22,26.78,29.64,24.52,72.28,0.65,21.83,4.82,5.66,197.4,0
6958bb43a2106ae9c65ef898,2016-07-23T00:00:00.000Z,2016,7,23,25.66,27.19,24.38,78.81,4.59,15.69,4.4,5.1,199.3,0
6958bb43a2106ae9c65ef899,2016-07-24T00:00:00.000Z,2016,7,24,25.34,27.46,23.65,74.87,6.78,12.2,5.2,5.62,208.3,0
6958bb43a2106ae9c65ef89a,2016-07-25T00:00:00.000Z,2016,7,25,25.75,28.08,23.83,77.4,1.49,16.23,4.38,5.25,205.1,0
6958bb43a2106ae9c65ef89b,2016-07-26T00:00:00.000Z,2016,7,26,26.87,29.26,24.8,75.33,0.18,16.73,2.42,3.66,241.2,0
6958bb43a2106ae9c65ef89c,2016-07-27T00:00:00.000Z,2016,7,27,27.31,29.99,25.51,75.9,0.1,23.77,2.62,3.42,243.9,0
6958bb43a2106ae9c65ef89d,2016-07-28T00:00:00.000Z,2016,7,28,26.82,28.99,25.02,77.92,0.2,20.75,4.14,5.69,237.3,0
6958bb43a2106ae9c65ef89e,2016-07-29T00:00:00.000Z,2016,7,29,27.72,30.72,25.3,72.6,0.16,18.79,3.06,4.33,221.3,0
6958bb43a2106ae9c65ef89f,2016-07-30T00:00:00.000Z,2016,7,30,27.43,29.43,25.55,75.26,0.17,20.94,2.9,3.97,225.3,0
6958bb43a2106ae9c65ef8a0,2016-07-31T00:00:00.000Z,2016,7,31,27.23,29.97,25.47,77.34,0.08,23.8,3.37,4,267.9,0
6958bb43a2106ae9c65ef8a1,2016-08-01T00:00:00.000Z,2016,8,1,27.2,29.74,25.21,77.49,0.63,24.46,5.15,6.57,243.2,0
6958bb43a2106ae9c65ef8a2,2016-08-02T00:00:00.000Z,2016,8,2,27.65,30.13,25.79,74.91,1.85,24.18,6.55,7.03,226,0
6958bb43a2106ae9c65ef8a3,2016-08-03T00:00:00.000Z,2016,8,3,27.52,29.76,25.77,77.33,0.29,21.27,7.07,9.07,222.7,0
6958bb43a2106ae9c65ef8a4,2016-08-04T00:00:00.000Z,2016,8,4,27.24,29.31,25.48,73.76,0.11,20.05,7.18,9.56,203.4,0
6958bb43a2106ae9c65ef8a5,2016-08-05T00:00:00.000Z,2016,8,5,27.61,30.42,25.42,72.84,0.23,23.9,5.76,7.6,207.8,0
6958bb43a2106ae9c65ef8a6,2016-08-06T00:00:00.000Z,2016,8,6,27.47,30.2,25.58,73.82,1.76,20.05,6.2,7.49,211.8,0
6958bb43a2106ae9c65ef8a7,2016-08-07T00:00:00.000Z,2016,8,7,27.39,30.57,25.42,74.7,3.76,13.47,5.56,6.95,209.6,0
6958bb43a2106ae9c65ef8a8,2016-08-08T00:00:00.000Z,2016,8,8,27.45,29.81,25.85,76.49,2.14,19.3,6.78,7.65,216.7,0
6958bb43a2106ae9c65ef8a9,2016-08-09T00:00:00.000Z,2016,8,9,27.41,29.54,26.02,78.36,3.93,17.55,6.69,7.84,220.3,0
6958bb43a2106ae9c65ef8aa,2016-08-10T00:00:00.000Z,2016,8,10,27.19,29.36,25.68,78.58,5.72,14.37,6.83,7.56,228.1,0
6958bb43a2106ae9c65ef8ab,2016-08-11T00:00:00.000Z,2016,8,11,26.66,28.29,25.58,80.77,2.84,18.45,7.42,8.6,229.7,0
6958bb43a2106ae9c65ef8ac,2016-08-12T00:00:00.000Z,2016,8,12,26.78,28.73,25.61,80.77,9.1,16.49,7.56,8.3,227.9,0
6958bb43a2106ae9c65ef8ad,2016-08-13T00:00:00.000Z,2016,8,13,26.78,29.18,25.05,76.21,6.73,15.74,7.02,8.93,224.8,0
6958bb43a2106ae9c65ef8ae,2016-08-14T00:00:00.000Z,2016,8,14,27.09,29.12,25.36,78.89,2.65,17.58,7.57,9.05,225,0
6958bb43a2106ae9c65ef8af,2016-08-15T00:00:00.000Z,2016,8,15,27.38,28.95,26.17,81.1,17.24,13.64,7.82,9.09,234.4,0
6958bb43a2106ae9c65ef8b0,2016-08-16T00:00:00.000Z,2016,8,16,27.44,29.11,26.36,80.69,3.72,19.84,8.26,9.8,232.2,0
6958bb43a2106ae9c65ef8b1,2016-08-17T00:00:00.000Z,2016,8,17,27.62,29.51,26.3,79.34,2.99,20.02,7.41,8.48,227.8,0
6958bb43a2106ae9c65ef8b2,2016-08-18T00:00:00.000Z,2016,8,18,27.16,29.05,25.98,80.11,4.58,21.5,7.46,9.13,226.6,0
6958bb43a2106ae9c65ef8b3,2016-08-19T00:00:00.000Z,2016,8,19,27.5,29.74,25.88,78.84,12.2,20.19,7.59,8.8,225.6,0
6958bb43a2106ae9c65ef8b4,2016-08-20T00:00:00.000Z,2016,8,20,27.64,30.45,25.74,77.55,3.16,22.47,6.98,8.7,216.6,0
6958bb43a2106ae9c65ef8b5,2016-08-21T00:00:00.000Z,2016,8,21,27.58,29.91,25.95,77.19,1.72,18.96,5.61,6.79,218.2,0
6958bb43a2106ae9c65ef8b6,2016-08-22T00:00:00.000Z,2016,8,22,27.13,29.18,25.7,76.07,4.7,19.13,5.45,6.42,217.4,0
6958bb43a2106ae9c65ef8b7,2016-08-23T00:00:00.000Z,2016,8,23,26.67,29.04,25.35,82.2,61.75,13.43,8.56,11.5,219.5,0
6958bb43a2106ae9c65ef8b8,2016-08-24T00:00:00.000Z,2016,8,24,26.15,27.19,25.09,85.87,81.8,5.95,7.09,8.68,249.6,0
6958bb43a2106ae9c65ef8b9,2016-08-25T00:00:00.000Z,2016,8,25,25.68,26.48,24.98,84.96,34.28,12.22,5.79,6.77,249.7,0
6958bb43a2106ae9c65ef8ba,2016-08-26T00:00:00.000Z,2016,8,26,26.08,27.72,24.96,83.48,37.72,13.97,6.73,7.98,231.2,0
6958bb43a2106ae9c65ef8bb,2016-08-27T00:00:00.000Z,2016,8,27,26.41,28.53,24.69,81.73,6.95,18.03,5.09,6.36,216.4,0
6958bb43a2106ae9c65ef8bc,2016-08-28T00:00:00.000Z,2016,8,28,26.4,27.67,25.35,83.65,5.54,18.3,3.95,4.86,226.3,0
6958bb43a2106ae9c65ef8bd,2016-08-29T00:00:00.000Z,2016,8,29,26.33,28.03,25.17,83.29,3.71,21.22,5.3,6.27,226.8,0
6958bb43a2106ae9c65ef8be,2016-08-30T00:00:00.000Z,2016,8,30,25.99,27.86,24.56,83.1,15.85,15.06,6.19,7.75,209.6,0
6958bb43a2106ae9c65ef8bf,2016-08-31T00:00:00.000Z,2016,8,31,26.88,29.67,24.25,71.99,3.49,9.39,2.64,5.64,201.6,0
6958bb43a2106ae9c65ef8c0,2016-09-01T00:00:00.000Z,2016,9,1,27.05,28.83,25.4,74.99,0.36,22.01,1.55,2.31,322.2,0
6958bb43a2106ae9c65ef8c1,2016-09-02T00:00:00.000Z,2016,9,2,26.3,28.5,24.54,78.04,0.79,17.05,3.34,4.88,249.7,0
6958bb43a2106ae9c65ef8c2,2016-09-03T00:00:00.000Z,2016,9,3,26.03,28.23,24.12,82.82,3.89,18.38,5.05,5.79,238.8,0
6958bb43a2106ae9c65ef8c3,2016-09-04T00:00:00.000Z,2016,9,4,26.35,27.75,25.27,84.66,5.61,19.8,5.19,6.03,259.1,0
6958bb43a2106ae9c65ef8c4,2016-09-05T00:00:00.000Z,2016,9,5,26.06,27.56,24.99,83.89,4.3,20.6,6.28,7.26,244.5,0
6958bb43a2106ae9c65ef8c5,2016-09-06T00:00:00.000Z,2016,9,6,25.71,26.53,25.06,85.6,17.73,10.81,7.92,9.27,246.9,0
6958bb43a2106ae9c65ef8c6,2016-09-07T00:00:00.000Z,2016,9,7,25.76,26.91,24.81,84.95,10.02,10.19,6.88,7.88,236.1,0
6958bb43a2106ae9c65ef8c7,2016-09-08T00:00:00.000Z,2016,9,8,25.86,27.21,25.16,86.04,6.89,11.67,7.02,8.15,231.1,0
6958bb43a2106ae9c65ef8c8,2016-09-09T00:00:00.000Z,2016,9,9,26.25,27.95,24.84,81.02,0.7,16.29,5.03,6.73,224.2,0
6958bb43a2106ae9c65ef8c9,2016-09-10T00:00:00.000Z,2016,9,10,26.35,27.9,24.83,82.76,0.19,25.17,4.08,4.71,245.6,0
6958bb43a2106ae9c65ef8ca,2016-09-11T00:00:00.000Z,2016,9,11,26.61,28.43,24.96,80.91,0.99,23.57,5.37,6.83,244.9,0
6958bb43a2106ae9c65ef8cb,2016-09-12T00:00:00.000Z,2016,9,12,26.71,28.78,25.36,80.76,1.21,21.26,7.01,8.56,211.5,0
6958bb43a2106ae9c65ef8cc,2016-09-13T00:00:00.000Z,2016,9,13,26.67,28.45,25.22,80.41,0.31,18.66,4.8,6.46,213.8,0
6958bb43a2106ae9c65ef8cd,2016-09-14T00:00:00.000Z,2016,9,14,26.81,28.82,25.19,79.94,1.53,22.61,5.21,6.13,210,0
6958bb43a2106ae9c65ef8ce,2016-09-15T00:00:00.000Z,2016,9,15,26.85,29.2,25.45,79.77,1.64,19.78,6.2,7.14,211,0
6958bb43a2106ae9c65ef8cf,2016-09-16T00:00:00.000Z,2016,9,16,26.71,29.22,25.13,80.57,2.15,20.86,6.21,7.36,220.2,0
6958bb43a2106ae9c65ef8d0,2016-09-17T00:00:00.000Z,2016,9,17,25.91,27.84,24.68,80.9,4.29,16.05,6.64,7.74,225.2,0
6958bb43a2106ae9c65ef8d1,2016-09-18T00:00:00.000Z,2016,9,18,26.79,29.36,24.93,78.74,1.95,19.9,5.33,6.57,247.4,0
6958bb43a2106ae9c65ef8d2,2016-09-19T00:00:00.000Z,2016,9,19,25.69,27.63,24.41,80.69,6.58,16.1,7.35,9.69,238.3,0
6958bb43a2106ae9c65ef8d3,2016-09-20T00:00:00.000Z,2016,9,20,25.94,27.98,24.4,80.68,5.08,18.01,8.03,8.91,221.6,0
6958bb43a2106ae9c65ef8d4,2016-09-21T00:00:00.000Z,2016,9,21,26.3,28.11,25.04,79.73,3.25,19.92,6.08,8.15,227.3,0
6958bb43a2106ae9c65ef8d5,2016-09-22T00:00:00.000Z,2016,9,22,26.39,28.89,24.59,78.54,0.54,19.89,4.41,5.2,226,0
6958bb43a2106ae9c65ef8d6,2016-09-23T00:00:00.000Z,2016,9,23,26.44,28.97,24.65,76.93,0.46,20.63,5.08,7.76,234.8,0
6958bb43a2106ae9c65ef8d7,2016-09-24T00:00:00.000Z,2016,9,24,26.87,29.37,24.72,79.86,0.46,23.18,5.89,7.91,232.4,0
6958bb43a2106ae9c65ef8d8,2016-09-25T00:00:00.000Z,2016,9,25,27.21,29.52,25.5,78.32,0.5,22.01,6.56,7.87,236.9,0
6958bb43a2106ae9c65ef8d9,2016-09-26T00:00:00.000Z,2016,9,26,26.98,29.27,25.21,79.46,1.4,22.34,6.81,8.14,238.2,0
6958bb43a2106ae9c65ef8da,2016-09-27T00:00:00.000Z,2016,9,27,27.12,29.12,25.68,80.31,6.33,20.08,6.98,8.96,242.9,0
6958bb43a2106ae9c65ef8db,2016-09-28T00:00:00.000Z,2016,9,28,26.66,28.43,25.55,82.7,5.51,18.18,6.34,7.29,235.4,0
6958bb43a2106ae9c65ef8dc,2016-09-29T00:00:00.000Z,2016,9,29,26.78,29.22,24.98,76.81,3.78,16.43,6,7.26,224.8,0
6958bb43a2106ae9c65ef8dd,2016-09-30T00:00:00.000Z,2016,9,30,26.76,29.52,24.6,79.41,0.93,23.02,6.17,7.76,226.1,0
6958bb43a2106ae9c65ef8de,2016-10-01T00:00:00.000Z,2016,10,1,27.07,29.51,25.15,79.43,0.53,24.09,4.98,6.35,239.9,0
6958bb43a2106ae9c65ef8df,2016-10-02T00:00:00.000Z,2016,10,2,26.98,29.56,25.25,79.97,0.26,22.19,5.32,6.54,246.2,0
6958bb43a2106ae9c65ef8e0,2016-10-03T00:00:00.000Z,2016,10,3,27.01,28.96,25.29,78.61,0.5,19.54,4.88,5.93,244.5,0
6958bb43a2106ae9c65ef8e1,2016-10-04T00:00:00.000Z,2016,10,4,26.76,28.36,25.69,82.52,6.41,22.3,5.11,6.66,247.8,0
6958bb43a2106ae9c65ef8e2,2016-10-05T00:00:00.000Z,2016,10,5,25.81,27.34,24.66,82.31,6.93,13.32,5.62,7.07,240.6,0
6958bb43a2106ae9c65ef8e3,2016-10-06T00:00:00.000Z,2016,10,6,26,27.91,24.55,81.27,2.7,16.79,6.07,7.49,221.3,0
6958bb43a2106ae9c65ef8e4,2016-10-07T00:00:00.000Z,2016,10,7,25.8,27.84,24.46,79.03,4.29,14.77,6.27,7.64,210.2,0
6958bb43a2106ae9c65ef8e5,2016-10-08T00:00:00.000Z,2016,10,8,25.98,28.89,23.8,78.88,0.5,19.1,4.8,5.75,219.8,0
6958bb43a2106ae9c65ef8e6,2016-10-09T00:00:00.000Z,2016,10,9,26.4,28.05,24.93,83.61,0.48,20.38,4.61,5.66,249.7,0
6958bb43a2106ae9c65ef8e7,2016-10-10T00:00:00.000Z,2016,10,10,26.79,28.8,25.5,81.76,2.98,22.51,4.43,5.85,261.3,0
6958bb43a2106ae9c65ef8e8,2016-10-11T00:00:00.000Z,2016,10,11,26.81,28.82,25.53,81.77,3.07,22.13,5.51,7.13,239.7,0
6958bb43a2106ae9c65ef8e9,2016-10-12T00:00:00.000Z,2016,10,12,26.94,29.02,25.33,81.45,1.89,23.15,5.46,6.99,247.2,0
6958bb43a2106ae9c65ef8ea,2016-10-13T00:00:00.000Z,2016,10,13,27.11,29.18,25.6,81.84,1.86,23.22,5.14,6.12,257.2,0
6958bb43a2106ae9c65ef8eb,2016-10-14T00:00:00.000Z,2016,10,14,26.48,28.25,25.04,78.39,10.89,16.09,5.86,7.53,234.5,0
6958bb43a2106ae9c65ef8ec,2016-10-15T00:00:00.000Z,2016,10,15,25.52,26.49,24.8,82.71,9.78,19.99,5.88,7.31,231,0
6958bb43a2106ae9c65ef8ed,2016-10-16T00:00:00.000Z,2016,10,16,26.35,28.23,25.12,84.16,17.93,11.74,7.32,9.8,248,0
6958bb43a2106ae9c65ef8ee,2016-10-17T00:00:00.000Z,2016,10,17,25.92,27.15,25.01,85.3,49.01,11.21,7.56,9.66,242.7,0
6958bb43a2106ae9c65ef8ef,2016-10-18T00:00:00.000Z,2016,10,18,26.03,27.45,24.96,86.71,46.75,11.36,6.26,7.28,237.1,0
6958bb43a2106ae9c65ef8f0,2016-10-19T00:00:00.000Z,2016,10,19,26.32,28.24,25.01,84.23,23.46,8.04,8.21,10.29,217.4,0
6958bb43a2106ae9c65ef8f1,2016-10-20T00:00:00.000Z,2016,10,20,25.66,26.89,24.77,86.27,24.79,7.22,6.72,9.27,213.5,0
6958bb43a2106ae9c65ef8f2,2016-10-21T00:00:00.000Z,2016,10,21,26.01,27.88,24.78,82.11,8.92,14.06,6.23,8.36,210.1,0
6958bb43a2106ae9c65ef8f3,2016-10-22T00:00:00.000Z,2016,10,22,25.64,27.66,24.49,82.79,3.94,13.78,5.85,6.85,232.2,0
6958bb43a2106ae9c65ef8f4,2016-10-23T00:00:00.000Z,2016,10,23,25.27,27.01,23.95,82.09,17.08,16.24,6.86,7.89,237.4,0
6958bb43a2106ae9c65ef8f5,2016-10-24T00:00:00.000Z,2016,10,24,25.61,27.12,24.16,83.55,19.8,12.51,7.29,9.66,234.7,0
6958bb43a2106ae9c65ef8f6,2016-10-25T00:00:00.000Z,2016,10,25,26.26,28.09,24.92,81.81,13.83,14.47,6.03,7.39,254.7,0
6958bb43a2106ae9c65ef8f7,2016-10-26T00:00:00.000Z,2016,10,26,25.75,26.78,24.83,82.97,4.27,18.65,5.17,6.81,235.3,0
6958bb43a2106ae9c65ef8f8,2016-10-27T00:00:00.000Z,2016,10,27,26.2,27.89,24.62,81.53,1.09,20.06,3.33,4.13,248,0
6958bb43a2106ae9c65ef8f9,2016-10-28T00:00:00.000Z,2016,10,28,25.93,26.79,25.04,83.75,1.61,18.88,2.21,2.66,281.7,0
6958bb43a2106ae9c65ef8fa,2016-10-29T00:00:00.000Z,2016,10,29,25.35,26.56,24.34,85.44,3.04,10.95,2.45,3.17,287.1,0
6958bb43a2106ae9c65ef8fb,2016-10-30T00:00:00.000Z,2016,10,30,25.18,26.2,24.01,85.43,6.82,10.98,2.65,3.83,259.6,0
6958bb43a2106ae9c65ef8fc,2016-10-31T00:00:00.000Z,2016,10,31,25.37,26.55,24.48,83.94,3.16,14.25,3.6,4.05,249.2,0
6958bb43a2106ae9c65ef8fd,2016-11-01T00:00:00.000Z,2016,11,1,26.03,28.38,24.22,81.3,0.65,21,4.42,5.13,221,0
6958bb43a2106ae9c65ef8fe,2016-11-02T00:00:00.000Z,2016,11,2,26.2,28.47,24.63,80.78,7.27,17.25,3.1,4.47,227.2,0
6958bb43a2106ae9c65ef8ff,2016-11-03T00:00:00.000Z,2016,11,3,26.08,28.21,24.76,80.03,9.96,14.01,2.62,4.47,228.1,0
6958bb43a2106ae9c65ef900,2016-11-04T00:00:00.000Z,2016,11,4,25.5,26.89,24.19,83.76,8.01,13.19,3.54,4.32,264.2,0
6958bb43a2106ae9c65ef901,2016-11-05T00:00:00.000Z,2016,11,5,25.79,27.81,24.2,83.83,9.01,14.62,4.12,5.81,247.4,0
6958bb43a2106ae9c65ef902,2016-11-06T00:00:00.000Z,2016,11,6,26.18,27.58,25.07,85.3,37.88,10.44,5.56,6.64,248.7,0
6958bb43a2106ae9c65ef903,2016-11-07T00:00:00.000Z,2016,11,7,26.16,27.95,24.91,83.74,54.43,3.9,5.01,5.7,216.9,0
6958bb43a2106ae9c65ef904,2016-11-08T00:00:00.000Z,2016,11,8,26.51,28.36,25.33,83.48,41.3,17.47,4.42,6.55,194,0
6958bb43a2106ae9c65ef905,2016-11-09T00:00:00.000Z,2016,11,9,25.74,27.08,24.92,85.2,9.26,14.56,2.92,4.3,204.6,0
6958bb43a2106ae9c65ef906,2016-11-10T00:00:00.000Z,2016,11,10,26.56,29.28,24.67,80.48,8.73,18.79,2.45,3.2,274.2,0
6958bb43a2106ae9c65ef907,2016-11-11T00:00:00.000Z,2016,11,11,26.3,27.52,25.06,83.37,1.58,19.94,2.7,4.19,42.3,0
6958bb43a2106ae9c65ef908,2016-11-12T00:00:00.000Z,2016,11,12,25.96,26.93,25.08,87.75,7.92,10.93,4.45,6.31,74.2,0
6958bb43a2106ae9c65ef909,2016-11-13T00:00:00.000Z,2016,11,13,25.95,27.41,24.77,84.1,3.29,15.81,3.22,4.1,79.9,0
6958bb43a2106ae9c65ef90a,2016-11-14T00:00:00.000Z,2016,11,14,26.11,27.7,24.66,86.32,8.22,12.26,3.09,3.67,72.4,0
6958bb43a2106ae9c65ef90b,2016-11-15T00:00:00.000Z,2016,11,15,26.47,27.75,25.62,82.84,5.57,19.2,1.63,2.34,355.8,0
6958bb43a2106ae9c65ef90c,2016-11-16T00:00:00.000Z,2016,11,16,25.8,26.65,25.28,89.01,15.71,16.33,2.31,3.39,19.3,0
6958bb43a2106ae9c65ef90d,2016-11-17T00:00:00.000Z,2016,11,17,26.43,28.79,24.96,81.22,25.41,17.21,2.2,3.22,45,0
6958bb43a2106ae9c65ef90e,2016-11-18T00:00:00.000Z,2016,11,18,26.35,27.23,25.37,87.34,25,16.27,3.28,4.74,64.4,0
6958bb43a2106ae9c65ef90f,2016-11-19T00:00:00.000Z,2016,11,19,26.77,27.95,25.63,81.71,6.57,19.27,1.42,2.18,345.4,0
6958bb43a2106ae9c65ef910,2016-11-20T00:00:00.000Z,2016,11,20,26.45,27.46,25.54,84.63,6.25,14.84,3.28,4.48,262.4,0
6958bb43a2106ae9c65ef911,2016-11-21T00:00:00.000Z,2016,11,21,26.77,28.57,25.4,83.15,3.87,18.64,3.76,4.36,238.5,0
6958bb43a2106ae9c65ef912,2016-11-22T00:00:00.000Z,2016,11,22,26.93,28.84,25.36,81.18,2.03,18.75,2.35,4.01,241.8,0
6958bb43a2106ae9c65ef913,2016-11-23T00:00:00.000Z,2016,11,23,26.88,28.89,25.49,82,4.91,14.82,2.42,3.77,275.7,0
6958bb43a2106ae9c65ef914,2016-11-24T00:00:00.000Z,2016,11,24,26.68,28.49,25.39,82.84,3.3,15.59,3.16,4.01,245.5,0
6958bb43a2106ae9c65ef915,2016-11-25T00:00:00.000Z,2016,11,25,26.75,28.79,25.08,80.89,1.57,17.59,1.84,3.41,39.2,0
6958bb43a2106ae9c65ef916,2016-11-26T00:00:00.000Z,2016,11,26,27.07,28.51,26.01,80.79,4.67,15.93,1.26,2.71,327.9,0
6958bb43a2106ae9c65ef917,2016-11-27T00:00:00.000Z,2016,11,27,26.07,26.94,25.42,89.92,39.57,13.28,2.09,3.08,14.2,0
6958bb43a2106ae9c65ef918,2016-11-28T00:00:00.000Z,2016,11,28,26.66,28.05,25.26,79.75,3.4,16.25,2.86,4.02,155.8,0
6958bb43a2106ae9c65ef919,2016-11-29T00:00:00.000Z,2016,11,29,26.6,28.44,25.27,82.46,11.38,14.91,3.74,4.69,121.8,0
6958bb43a2106ae9c65ef91a,2016-11-30T00:00:00.000Z,2016,11,30,26.67,28.86,25.22,78.89,10.15,13.73,1.6,2.46,237.7,0
6958bb43a2106ae9c65ef91b,2016-12-01T00:00:00.000Z,2016,12,1,25.45,26.28,24.33,82.08,8.73,5.81,2.44,3.37,74.5,0
6958bb43a2106ae9c65ef91c,2016-12-02T00:00:00.000Z,2016,12,2,25.12,26.65,24.16,81.62,9.93,9.3,3.38,5,40.1,0
6958bb43a2106ae9c65ef91d,2016-12-03T00:00:00.000Z,2016,12,3,25.16,25.85,24.19,90.58,18.8,6.72,6.17,8.86,350.7,0
6958bb43a2106ae9c65ef91e,2016-12-04T00:00:00.000Z,2016,12,4,25.69,26.37,25.24,92.04,54.04,9.81,9.71,12.57,357.3,0
6958bb43a2106ae9c65ef91f,2016-12-05T00:00:00.000Z,2016,12,5,25.81,26.37,25.4,89.88,14.94,8.69,5.7,8.97,212.5,0
6958bb43a2106ae9c65ef920,2016-12-06T00:00:00.000Z,2016,12,6,26.31,27.84,25.23,83.09,6.82,14.03,5.02,6.34,179.3,0
6958bb43a2106ae9c65ef921,2016-12-07T00:00:00.000Z,2016,12,7,26.57,28.2,25.07,78.59,1.58,16.87,2.8,3.59,183.6,0
6958bb43a2106ae9c65ef922,2016-12-08T00:00:00.000Z,2016,12,8,26.43,28.52,24.93,78.82,4.01,21.73,4.16,5.67,196.1,0
6958bb43a2106ae9c65ef923,2016-12-09T00:00:00.000Z,2016,12,9,25.79,27.67,24.43,81.66,3.73,9.74,6.1,8.45,214.3,0
6958bb43a2106ae9c65ef924,2016-12-10T00:00:00.000Z,2016,12,10,26,28.62,23.61,73.45,1.03,17.02,4.28,5.9,190.8,0
6958bb43a2106ae9c65ef925,2016-12-11T00:00:00.000Z,2016,12,11,25.99,28.17,24.03,74.9,3.95,14.24,2.99,3.96,203.1,0
6958bb43a2106ae9c65ef926,2016-12-12T00:00:00.000Z,2016,12,12,25.59,27.6,24.04,80.68,2.71,12.93,5.25,7.17,217.2,0
6958bb43a2106ae9c65ef927,2016-12-13T00:00:00.000Z,2016,12,13,25.86,27.84,23.83,82.58,3.97,16.2,4.32,6.22,265.1,0
6958bb43a2106ae9c65ef928,2016-12-14T00:00:00.000Z,2016,12,14,25.67,27.43,24.32,85.19,8.92,12.35,2.93,3.68,322.2,0
6958bb43a2106ae9c65ef929,2016-12-15T00:00:00.000Z,2016,12,15,25.95,27.88,24.68,83.83,1.03,21.61,2.73,3.65,337.5,0
6958bb43a2106ae9c65ef92a,2016-12-16T00:00:00.000Z,2016,12,16,26.33,28.54,24.52,81.02,0.29,20.3,2.96,3.88,274.2,0
6958bb43a2106ae9c65ef92b,2016-12-17T00:00:00.000Z,2016,12,17,26.87,29.62,24.23,76.71,3.98,20.82,2.44,4.76,199.7,0
6958bb43a2106ae9c65ef92c,2016-12-18T00:00:00.000Z,2016,12,18,26.21,27.4,25.18,83.25,13.7,17.61,1.85,2.6,49.1,0
6958bb43a2106ae9c65ef92d,2016-12-19T00:00:00.000Z,2016,12,19,26.19,27.45,25.32,82.66,7.25,14.09,1.5,1.93,38.3,0
6958bb43a2106ae9c65ef92e,2016-12-20T00:00:00.000Z,2016,12,20,25.44,26.58,24.52,86.42,6.02,9.15,2.52,3.82,4.7,0
6958bb43a2106ae9c65ef92f,2016-12-21T00:00:00.000Z,2016,12,21,25.18,26.59,23.99,88.22,14.13,10.94,3.38,5.07,353.3,0
6958bb43a2106ae9c65ef930,2016-12-22T00:00:00.000Z,2016,12,22,25.82,26.67,24.99,89.19,15.06,8.97,3.38,5.53,29.7,0
6958bb43a2106ae9c65ef931,2016-12-23T00:00:00.000Z,2016,12,23,26.17,28.03,24.88,88.55,11.31,15.43,5.22,7.35,118.1,0
6958bb43a2106ae9c65ef932,2016-12-24T00:00:00.000Z,2016,12,24,25.9,26.89,24.82,87.54,6.93,12.25,6.14,12.05,154.8,0
6958bb43a2106ae9c65ef933,2016-12-25T00:00:00.000Z,2016,12,25,25.9,27.94,24.62,80.46,2.68,17.03,2.17,3.03,44.6,0
6958bb43a2106ae9c65ef934,2016-12-26T00:00:00.000Z,2016,12,26,26.08,27.77,24.96,81.42,0.28,16.16,3.22,4.82,63.5,0
6958bb43a2106ae9c65ef935,2016-12-27T00:00:00.000Z,2016,12,27,25.8,27.37,24.58,87.04,0.76,18.06,5.02,7.46,76.5,0
6958bb43a2106ae9c65ef936,2016-12-28T00:00:00.000Z,2016,12,28,26.08,27.45,24.8,84.38,1.48,17.42,3.29,3.85,77,0
6958bb43a2106ae9c65ef937,2016-12-29T00:00:00.000Z,2016,12,29,26.36,27.76,25.03,82.33,0.24,14.36,5.2,6.29,74.2,0
6958bb43a2106ae9c65ef938,2016-12-30T00:00:00.000Z,2016,12,30,26.35,27.95,24.91,82.89,1.93,17.48,5.64,6.77,80.9,0
6958bb43a2106ae9c65ef939,2016-12-31T00:00:00.000Z,2016,12,31,26.44,28.29,24.75,84.88,2.49,16.42,5.95,8.13,70.8,0
6958bb43a2106ae9c65ef93a,2017-01-01T00:00:00.000Z,2017,1,1,26.2,27.66,25.26,87.01,50.54,13.06,3.61,5.65,75.7,0
6958bb43a2106ae9c65ef93b,2017-01-02T00:00:00.000Z,2017,1,2,25.08,25.89,24.5,83.75,11.04,15.12,2.77,4.98,122.1,0
6958bb43a2106ae9c65ef93c,2017-01-03T00:00:00.000Z,2017,1,3,25.31,25.96,24.79,85.24,14.73,14.54,1.02,3.38,248.8,0
6958bb43a2106ae9c65ef93d,2017-01-04T00:00:00.000Z,2017,1,4,25.62,27.56,24.29,85.46,22.33,4.2,4.9,7.24,174.5,0
6958bb43a2106ae9c65ef93e,2017-01-05T00:00:00.000Z,2017,1,5,25.5,26.3,24.5,86.45,38.89,10.34,11.02,19.44,177.7,0
6958bb43a2106ae9c65ef93f,2017-01-06T00:00:00.000Z,2017,1,6,25.57,26.5,24.38,88.48,16.48,4.33,11.15,12.75,230,0
6958bb43a2106ae9c65ef940,2017-01-07T00:00:00.000Z,2017,1,7,25.44,27.04,24.33,84.75,31.38,7.72,5,7.17,263.2,0
6958bb43a2106ae9c65ef941,2017-01-08T00:00:00.000Z,2017,1,8,25.89,28.24,23.84,79.87,2.76,14.16,4.3,5.67,238.8,0
6958bb43a2106ae9c65ef942,2017-01-09T00:00:00.000Z,2017,1,9,25.98,28.15,24.26,81.25,0.57,19.9,4.84,5.83,221.6,0
6958bb43a2106ae9c65ef943,2017-01-10T00:00:00.000Z,2017,1,10,25.97,28.36,23.7,78.37,0.01,23.49,5.45,6.63,208.3,0
6958bb43a2106ae9c65ef944,2017-01-11T00:00:00.000Z,2017,1,11,26.84,29.5,24.51,74.43,0.85,18.8,2.09,3.92,197.6,0
6958bb43a2106ae9c65ef945,2017-01-12T00:00:00.000Z,2017,1,12,26.77,29.11,25.12,78.43,5.73,13.44,1.63,3.15,123,0
6958bb43a2106ae9c65ef946,2017-01-13T00:00:00.000Z,2017,1,13,25.78,26.58,25.21,86.96,5.04,12.65,2.49,3.19,335.5,0
6958bb43a2106ae9c65ef947,2017-01-14T00:00:00.000Z,2017,1,14,25.77,27.21,24.83,84.65,1.71,15.71,2.23,3.15,357.3,0
6958bb43a2106ae9c65ef948,2017-01-15T00:00:00.000Z,2017,1,15,25.69,26.79,24.81,85.49,2.36,18.68,3.16,4.09,0.4,0
6958bb43a2106ae9c65ef949,2017-01-16T00:00:00.000Z,2017,1,16,26.08,27.59,24.78,82.43,11.13,19.23,2.67,3.2,2.2,0
6958bb43a2106ae9c65ef94a,2017-01-17T00:00:00.000Z,2017,1,17,26.05,27.44,24.92,85.39,8,11.58,3.71,5.45,5.2,0
6958bb43a2106ae9c65ef94b,2017-01-18T00:00:00.000Z,2017,1,18,25.33,25.87,24.87,84.84,21.07,19.25,3.13,5.54,37.6,0
6958bb43a2106ae9c65ef94c,2017-01-19T00:00:00.000Z,2017,1,19,25.82,27.17,24.78,76.76,24.14,17.08,1.84,3.38,88.1,0
6958bb43a2106ae9c65ef94d,2017-01-20T00:00:00.000Z,2017,1,20,25.6,26.71,24.77,89.24,28.03,8.62,5.29,7.66,44.5,0
6958bb43a2106ae9c65ef94e,2017-01-21T00:00:00.000Z,2017,1,21,25.48,26.23,24.68,89.66,5.33,13.85,5.66,7.08,64.4,0
6958bb43a2106ae9c65ef94f,2017-01-22T00:00:00.000Z,2017,1,22,26.2,27.36,25,88.05,13.18,14.61,4.76,6.26,66.9,0
6958bb43a2106ae9c65ef950,2017-01-23T00:00:00.000Z,2017,1,23,25.22,26.4,23.56,87.4,33.77,5.61,3.59,6.27,168.1,0
6958bb43a2106ae9c65ef951,2017-01-24T00:00:00.000Z,2017,1,24,24.36,25.78,22.83,78.27,1.16,10.44,2.76,4.33,99.1,0
6958bb43a2106ae9c65ef952,2017-01-25T00:00:00.000Z,2017,1,25,25.75,27.71,23.94,83,4.07,21.1,5.99,7.64,89.7,0
6958bb43a2106ae9c65ef953,2017-01-26T00:00:00.000Z,2017,1,26,25.58,26.48,24.68,87.36,3.56,17.41,5.11,5.98,79.5,0
6958bb43a2106ae9c65ef954,2017-01-27T00:00:00.000Z,2017,1,27,25.97,27.21,24.67,85.77,7.27,16.94,4.12,5.57,79.4,0
6958bb43a2106ae9c65ef955,2017-01-28T00:00:00.000Z,2017,1,28,26.01,27.1,25.15,83.93,6.39,13.2,3.79,5.64,89.5,0
6958bb43a2106ae9c65ef956,2017-01-29T00:00:00.000Z,2017,1,29,26.28,27.99,25.1,79.8,0.18,21.75,2.91,4.04,64,0
6958bb43a2106ae9c65ef957,2017-01-30T00:00:00.000Z,2017,1,30,26.11,27.72,24.71,78.15,0.01,20.67,4.25,5.66,43.2,0
6958bb43a2106ae9c65ef958,2017-01-31T00:00:00.000Z,2017,1,31,25.71,27.42,24.23,77.29,0.54,17.94,3.55,4.68,22.2,0
6958bb43a2106ae9c65ef959,2017-02-01T00:00:00.000Z,2017,2,1,26.03,28.02,24.32,75.86,0.3,18.02,2.54,3.09,20.9,0
6958bb43a2106ae9c65ef95a,2017-02-02T00:00:00.000Z,2017,2,2,25.9,27,24.7,82.23,0.12,22.59,3.26,3.85,58.5,0
6958bb43a2106ae9c65ef95b,2017-02-03T00:00:00.000Z,2017,2,3,26.38,28.21,24.94,81.39,3.04,20.56,4.14,5.13,38.7,0
6958bb43a2106ae9c65ef95c,2017-02-04T00:00:00.000Z,2017,2,4,26.62,28.09,25.21,81.35,6.45,20.03,2.94,4.19,56.2,0
6958bb43a2106ae9c65ef95d,2017-02-05T00:00:00.000Z,2017,2,5,26.63,27.98,25.51,80.06,3.56,21.66,1.61,2.31,266.9,0
6958bb43a2106ae9c65ef95e,2017-02-06T00:00:00.000Z,2017,2,6,26.43,28.15,25.01,80.62,1.92,21.29,2.36,2.78,288.3,0
6958bb43a2106ae9c65ef95f,2017-02-07T00:00:00.000Z,2017,2,7,26.32,28.1,24.93,79.59,0.33,17.8,2.49,3.62,334.1,0
6958bb43a2106ae9c65ef960,2017-02-08T00:00:00.000Z,2017,2,8,26.05,27.82,24.75,78.43,0.08,18.39,4.35,5.69,15.7,0
6958bb43a2106ae9c65ef961,2017-02-09T00:00:00.000Z,2017,2,9,25.74,27.87,24.26,79.52,0.01,23.73,3.72,4.76,16.7,0
6958bb43a2106ae9c65ef962,2017-02-10T00:00:00.000Z,2017,2,10,25.48,27.88,23.62,75.92,0.01,23.44,3.2,4.81,17.5,0
6958bb43a2106ae9c65ef963,2017-02-11T00:00:00.000Z,2017,2,11,25.56,28.15,22.72,82.01,0.33,25.26,4.82,5.94,62.9,0
6958bb43a2106ae9c65ef964,2017-02-12T00:00:00.000Z,2017,2,12,26.63,28.98,24.75,79.99,2.26,17.9,6.66,8.43,76.3,0
6958bb43a2106ae9c65ef965,2017-02-13T00:00:00.000Z,2017,2,13,26.69,28.83,24.79,79.41,3.88,21.32,7.56,8.96,75.3,0
6958bb43a2106ae9c65ef966,2017-02-14T00:00:00.000Z,2017,2,14,26.75,28.9,25.15,78.74,1.82,22.96,8.2,10.13,77,0
6958bb43a2106ae9c65ef967,2017-02-15T00:00:00.000Z,2017,2,15,26.54,28.57,24.99,78.87,0.53,20.92,7.24,8.85,68.1,0
6958bb43a2106ae9c65ef968,2017-02-16T00:00:00.000Z,2017,2,16,26.38,28.09,24.91,81.12,2.69,16.12,6.64,7.94,69.4,0
6958bb43a2106ae9c65ef969,2017-02-17T00:00:00.000Z,2017,2,17,26.42,28.3,24.75,80.67,0.42,19.68,5.9,7.14,71.2,0
6958bb43a2106ae9c65ef96a,2017-02-18T00:00:00.000Z,2017,2,18,26.4,28.12,25.05,81.91,1.57,20.89,4.28,6.01,68.3,0
6958bb43a2106ae9c65ef96b,2017-02-19T00:00:00.000Z,2017,2,19,26.09,27.2,25.24,84.99,1.55,17.04,4.1,6.35,49.4,0
6958bb43a2106ae9c65ef96c,2017-02-20T00:00:00.000Z,2017,2,20,26.43,28.69,24.67,82.6,5.45,19.02,3.26,4.14,27.3,0
6958bb43a2106ae9c65ef96d,2017-02-21T00:00:00.000Z,2017,2,21,26.65,28.74,25.03,79.16,0.36,20.78,2.61,3.48,30.1,0
6958bb43a2106ae9c65ef96e,2017-02-22T00:00:00.000Z,2017,2,22,26.97,29.08,25.33,79.84,0.75,20.17,2.65,4.44,65.7,0
6958bb43a2106ae9c65ef96f,2017-02-23T00:00:00.000Z,2017,2,23,26.84,28.69,25.42,80.49,4.98,17.01,2.4,3.65,44.6,0
6958bb43a2106ae9c65ef970,2017-02-24T00:00:00.000Z,2017,2,24,26.81,29.2,24.73,77.23,6.36,18.19,2.47,3.12,88.5,0
6958bb43a2106ae9c65ef971,2017-02-25T00:00:00.000Z,2017,2,25,26.24,27.43,25.37,80.85,3.9,17.58,2.38,3.68,351.2,0
6958bb43a2106ae9c65ef972,2017-02-26T00:00:00.000Z,2017,2,26,26.63,29.05,24.99,79.05,7.68,15.08,2.88,4.19,45.4,0
6958bb43a2106ae9c65ef973,2017-02-27T00:00:00.000Z,2017,2,27,26.73,28.84,25.28,83.44,19.52,18.38,5.44,6.83,59.4,0
6958bb43a2106ae9c65ef974,2017-02-28T00:00:00.000Z,2017,2,28,26.61,28.13,25.79,83.47,21.08,14.24,5.58,6.69,84.2,0
6958bb43a2106ae9c65ef975,2017-03-01T00:00:00.000Z,2017,3,1,26.7,28.48,25.32,81.6,4.43,20.42,3.31,3.94,93.4,0
6958bb43a2106ae9c65ef976,2017-03-02T00:00:00.000Z,2017,3,2,26.71,28.21,25.54,83.67,4.44,16.68,3.85,4.52,75,0
6958bb43a2106ae9c65ef977,2017-03-03T00:00:00.000Z,2017,3,3,26.75,28.55,25.34,82.86,2.78,17.93,5.43,7.57,80.7,0
6958bb43a2106ae9c65ef978,2017-03-04T00:00:00.000Z,2017,3,4,27.13,29.72,25.39,78.17,4.29,17.43,2.13,3.72,61.1,0
6958bb43a2106ae9c65ef979,2017-03-05T00:00:00.000Z,2017,3,5,26.01,26.8,25.3,85.05,21.24,14.62,1.3,2.43,293.4,0
6958bb43a2106ae9c65ef97a,2017-03-06T00:00:00.000Z,2017,3,6,26.6,28.37,24.78,77.59,3.53,20.43,1.32,2.53,257.6,0
6958bb43a2106ae9c65ef97b,2017-03-07T00:00:00.000Z,2017,3,7,26.95,28.9,25.79,78.97,1.45,21.44,1.64,2.42,256.2,0
6958bb43a2106ae9c65ef97c,2017-03-08T00:00:00.000Z,2017,3,8,27.04,28.95,25.69,78.79,0.31,21.83,2.89,5.26,33.4,0
6958bb43a2106ae9c65ef97d,2017-03-09T00:00:00.000Z,2017,3,9,27.33,29.83,25.53,77.8,0.58,21.53,3.03,4.61,65.7,0
6958bb43a2106ae9c65ef97e,2017-03-10T00:00:00.000Z,2017,3,10,27.22,29.44,25.56,79.23,0.35,23.86,4.55,5.94,55.8,0
6958bb43a2106ae9c65ef97f,2017-03-11T00:00:00.000Z,2017,3,11,27.38,30.14,24.93,74.6,0.09,21.49,2.67,3.21,46.3,0
6958bb43a2106ae9c65ef980,2017-03-12T00:00:00.000Z,2017,3,12,27.04,29.16,25.51,78.97,0.23,24.24,2.76,3.7,5.5,0
6958bb43a2106ae9c65ef981,2017-03-13T00:00:00.000Z,2017,3,13,26.74,28.99,24.86,79.02,0.03,26.3,4.01,5.73,30.4,0
6958bb43a2106ae9c65ef982,2017-03-14T00:00:00.000Z,2017,3,14,27.05,29.64,24.91,76.97,0.06,25.78,3.47,4.91,20.6,0
6958bb43a2106ae9c65ef983,2017-03-15T00:00:00.000Z,2017,3,15,27.23,29.65,25.55,76.49,7.22,24.6,2.2,3.25,356,0
6958bb43a2106ae9c65ef984,2017-03-16T00:00:00.000Z,2017,3,16,26.81,28.63,25.28,79.09,15.46,11.78,2.33,3.16,314.3,0
6958bb43a2106ae9c65ef985,2017-03-17T00:00:00.000Z,2017,3,17,26.82,28.81,25.54,79.05,0.41,22.46,2.67,3.9,330.1,0
6958bb43a2106ae9c65ef986,2017-03-18T00:00:00.000Z,2017,3,18,26.67,28.43,25.58,80.64,4.59,20.87,1.91,2.55,308.3,0
6958bb43a2106ae9c65ef987,2017-03-19T00:00:00.000Z,2017,3,19,26.25,27.3,25.65,81.92,19.98,17.46,2.83,4.66,205,0
6958bb43a2106ae9c65ef988,2017-03-20T00:00:00.000Z,2017,3,20,26.03,27.27,24.89,80.72,41.13,15.48,2.86,4.56,268.9,0
6958bb43a2106ae9c65ef989,2017-03-21T00:00:00.000Z,2017,3,21,26.47,28.77,24.67,79.52,1.32,19.92,3.02,3.86,317.5,0
6958bb43a2106ae9c65ef98a,2017-03-22T00:00:00.000Z,2017,3,22,26.97,29.28,24.95,78.99,0.15,19.16,4.16,5.57,15.8,0
6958bb43a2106ae9c65ef98b,2017-03-23T00:00:00.000Z,2017,3,23,27.24,29.92,25.12,75.16,0.61,23.05,2.36,3.2,354.7,0
6958bb43a2106ae9c65ef98c,2017-03-24T00:00:00.000Z,2017,3,24,26.98,28.31,25.74,79.81,3.31,20.21,2.38,2.83,280.9,0
6958bb43a2106ae9c65ef98d,2017-03-25T00:00:00.000Z,2017,3,25,27.01,28.61,25.98,80.08,0.56,19.86,2.29,3.5,343.7,0
6958bb43a2106ae9c65ef98e,2017-03-26T00:00:00.000Z,2017,3,26,27.4,29.51,25.93,80.39,2.55,24.24,2.27,3.32,26.7,0
6958bb43a2106ae9c65ef98f,2017-03-27T00:00:00.000Z,2017,3,27,27.12,29.26,25.97,82.5,17.49,15.38,2.31,3.49,58.4,0
6958bb43a2106ae9c65ef990,2017-03-28T00:00:00.000Z,2017,3,28,27,28.67,25.74,75.4,42.92,17.32,1.88,4.35,165.1,0
6958bb43a2106ae9c65ef991,2017-03-29T00:00:00.000Z,2017,3,29,26.59,27.88,25.66,71.2,16.76,10.15,1.62,2.25,195.4,0
6958bb43a2106ae9c65ef992,2017-03-30T00:00:00.000Z,2017,3,30,27.64,30.47,25.49,68.43,3.11,23.56,1.98,2.66,78.3,0
6958bb43a2106ae9c65ef993,2017-03-31T00:00:00.000Z,2017,3,31,26.68,27.66,25.75,82.7,5.54,17.43,1.47,2.09,145.7,0
6958bb43a2106ae9c65ef994,2017-04-01T00:00:00.000Z,2017,4,1,26.97,28.42,25.84,79.36,1.68,19.9,2.67,3.18,265.6,0
6958bb43a2106ae9c65ef995,2017-04-02T00:00:00.000Z,2017,4,2,26.95,28.85,25.53,78.28,1.4,15.82,2.67,3.72,262,0
6958bb43a2106ae9c65ef996,2017-04-03T00:00:00.000Z,2017,4,3,26.57,27.82,25.76,82.81,7.64,23.67,1.99,2.73,321.2,0
6958bb43a2106ae9c65ef997,2017-04-04T00:00:00.000Z,2017,4,4,27.64,30.47,25.77,74.6,2.41,25.22,1.51,2.53,248.7,0
6958bb43a2106ae9c65ef998,2017-04-05T00:00:00.000Z,2017,4,5,27.06,28.84,25.68,80.13,0.95,22.28,3.37,4.11,259.7,0
6958bb43a2106ae9c65ef999,2017-04-06T00:00:00.000Z,2017,4,6,26.92,28.65,25.71,80.49,1.11,18.27,3.07,3.39,271.3,0
6958bb43a2106ae9c65ef99a,2017-04-07T00:00:00.000Z,2017,4,7,26.82,28.52,25.68,83.47,6.86,14.86,4.31,5.84,270.4,0
6958bb43a2106ae9c65ef99b,2017-04-08T00:00:00.000Z,2017,4,8,27.28,29.52,25.71,77.21,1.48,21.1,3.07,5.11,269.8,0
6958bb43a2106ae9c65ef99c,2017-04-09T00:00:00.000Z,2017,4,9,27.28,29.31,25.75,80.05,1.25,23.1,4.21,5.01,233.7,0
6958bb43a2106ae9c65ef99d,2017-04-10T00:00:00.000Z,2017,4,10,26.66,28.31,25.57,83.27,7.3,18.9,5.33,6.29,232.2,0
6958bb43a2106ae9c65ef99e,2017-04-11T00:00:00.000Z,2017,4,11,27.01,28.88,25.62,80.63,2.78,21.21,4.11,5.06,240.7,0
6958bb43a2106ae9c65ef99f,2017-04-12T00:00:00.000Z,2017,4,12,27.03,29.1,25.57,80.72,12.4,19.58,4.14,5.16,217.9,0
6958bb43a2106ae9c65ef9a0,2017-04-13T00:00:00.000Z,2017,4,13,27.39,29.99,24.98,74.89,4.92,18.91,2.59,4.86,179.3,0
6958bb43a2106ae9c65ef9a1,2017-04-14T00:00:00.000Z,2017,4,14,27.68,30.09,26,76.87,1.66,23.16,2.17,3.09,220.6,0
6958bb43a2106ae9c65ef9a2,2017-04-15T00:00:00.000Z,2017,4,15,28.16,31.35,25.55,73.45,0.4,22.89,2.39,2.97,169,0
6958bb43a2106ae9c65ef9a3,2017-04-16T00:00:00.000Z,2017,4,16,28.68,31.41,26.16,71.3,0.6,22.72,2.18,4.41,185.9,0
6958bb43a2106ae9c65ef9a4,2017-04-17T00:00:00.000Z,2017,4,17,27.33,29.52,25.42,79.8,4.31,18.25,4.72,6.15,230.9,0
6958bb43a2106ae9c65ef9a5,2017-04-18T00:00:00.000Z,2017,4,18,27.38,30.23,25.09,75.62,0.69,19.89,5.29,6.76,223.1,0
6958bb43a2106ae9c65ef9a6,2017-04-19T00:00:00.000Z,2017,4,19,27.49,29.77,25.62,76.33,1.63,21.41,4.35,5.35,223.1,0
6958bb43a2106ae9c65ef9a7,2017-04-20T00:00:00.000Z,2017,4,20,27.54,30.06,25.18,77.46,1.8,18.91,3.68,4.5,231.1,0
6958bb43a2106ae9c65ef9a8,2017-04-21T00:00:00.000Z,2017,4,21,27.65,29.74,26.17,76.68,0.7,18.3,2.95,4.19,241.1,0
6958bb43a2106ae9c65ef9a9,2017-04-22T00:00:00.000Z,2017,4,22,27.96,30.49,26.01,76.07,0.93,18.8,2.45,3.27,262.6,0
6958bb43a2106ae9c65ef9aa,2017-04-23T00:00:00.000Z,2017,4,23,28.08,30.56,25.99,76.39,0.58,21.13,2.95,3.45,233.5,0
6958bb43a2106ae9c65ef9ab,2017-04-24T00:00:00.000Z,2017,4,24,27.97,30.49,25.97,77.21,0.86,21.12,3.11,3.94,256.2,0
6958bb43a2106ae9c65ef9ac,2017-04-25T00:00:00.000Z,2017,4,25,27.39,28.75,26.51,80.6,1.35,21.33,2.55,3.21,290.6,0
6958bb43a2106ae9c65ef9ad,2017-04-26T00:00:00.000Z,2017,4,26,27.57,29.11,26.24,78.23,0.68,20.97,2.37,3.38,291.7,0
6958bb43a2106ae9c65ef9ae,2017-04-27T00:00:00.000Z,2017,4,27,27.29,29.14,26.06,78.47,0.8,20.98,2.7,4.35,302.2,0
6958bb43a2106ae9c65ef9af,2017-04-28T00:00:00.000Z,2017,4,28,26.72,28.02,25.76,79.32,1.31,13.89,2.87,3.61,289,0
6958bb43a2106ae9c65ef9b0,2017-04-29T00:00:00.000Z,2017,4,29,27.68,30.22,25.32,73.65,0.36,22.83,2.22,3.12,283.6,0
6958bb43a2106ae9c65ef9b1,2017-04-30T00:00:00.000Z,2017,4,30,28.21,30.5,26.85,73.15,0.71,21.01,1.55,2.92,340.2,0
6958bb43a2106ae9c65ef9b2,2017-05-01T00:00:00.000Z,2017,5,1,27.66,29.21,26.56,78.28,2.52,19.19,1.49,2.5,326,0
6958bb43a2106ae9c65ef9b3,2017-05-02T00:00:00.000Z,2017,5,2,27.31,29.18,26.02,82.66,5.24,15.66,3.02,4.82,333.7,0
6958bb43a2106ae9c65ef9b4,2017-05-03T00:00:00.000Z,2017,5,3,27.95,30.58,25.71,74.71,1.28,20.1,2.1,2.62,261,0
6958bb43a2106ae9c65ef9b5,2017-05-04T00:00:00.000Z,2017,5,4,27.79,29.3,26.84,78.45,3.43,18.46,2.68,4.48,259.3,0
6958bb43a2106ae9c65ef9b6,2017-05-05T00:00:00.000Z,2017,5,5,28.07,30.32,26.31,76.05,1.43,18.85,3.8,5.34,224.3,0
6958bb43a2106ae9c65ef9b7,2017-05-06T00:00:00.000Z,2017,5,6,27.64,29.97,25.84,75.85,0.31,11.7,2.21,3.86,130.9,0
6958bb43a2106ae9c65ef9b8,2017-05-07T00:00:00.000Z,2017,5,7,27.62,29.64,26.41,76.47,1.13,20.68,1.89,3.61,314,0
6958bb43a2106ae9c65ef9b9,2017-05-08T00:00:00.000Z,2017,5,8,27.84,30.96,25.99,76.48,0.97,21.64,2.05,3.96,319,0
6958bb43a2106ae9c65ef9ba,2017-05-09T00:00:00.000Z,2017,5,9,27.54,29.23,26.05,80.02,1.48,17.8,2.66,3.67,266.9,0
6958bb43a2106ae9c65ef9bb,2017-05-10T00:00:00.000Z,2017,5,10,26.88,27.75,26.3,86.31,8.42,18.34,3.78,4.62,254.5,0
6958bb43a2106ae9c65ef9bc,2017-05-11T00:00:00.000Z,2017,5,11,27.39,29.69,25.87,78.58,26.71,15.25,3.81,4.88,213.4,0
6958bb43a2106ae9c65ef9bd,2017-05-12T00:00:00.000Z,2017,5,12,26.88,28.76,25.76,83.19,55.29,15.87,4.17,4.79,236.1,0
6958bb43a2106ae9c65ef9be,2017-05-13T00:00:00.000Z,2017,5,13,27.24,28.52,25.98,83.03,17.87,17.1,5.67,7.46,227.6,0
6958bb43a2106ae9c65ef9bf,2017-05-14T00:00:00.000Z,2017,5,14,27.58,29.78,26.38,82.07,4.56,19.42,4.33,5.11,236.8,0
6958bb43a2106ae9c65ef9c0,2017-05-15T00:00:00.000Z,2017,5,15,27.5,29.71,25.98,81.08,3.47,14.55,5.6,6.88,230,0
6958bb43a2106ae9c65ef9c1,2017-05-16T00:00:00.000Z,2017,5,16,27.37,28.64,26.27,85.1,7.7,15.87,6.21,7.33,231.4,0
6958bb43a2106ae9c65ef9c2,2017-05-17T00:00:00.000Z,2017,5,17,27.93,29.59,26.59,82.63,8.43,11.52,5.56,6.9,227.4,0
6958bb43a2106ae9c65ef9c3,2017-05-18T00:00:00.000Z,2017,5,18,27.22,28.39,26.34,86.24,13.36,9.96,3.84,5.06,226.8,0
6958bb43a2106ae9c65ef9c4,2017-05-19T00:00:00.000Z,2017,5,19,27.3,29.18,25.99,84.34,14.37,18.18,4.42,6.45,248,0
6958bb43a2106ae9c65ef9c5,2017-05-20T00:00:00.000Z,2017,5,20,26.97,29.26,25.62,84.94,8.44,22.85,5.41,6.93,240.7,0
6958bb43a2106ae9c65ef9c6,2017-05-21T00:00:00.000Z,2017,5,21,26.74,27.58,25.92,85.8,9.3,15.7,4.88,5.67,233.6,0
6958bb43a2106ae9c65ef9c7,2017-05-22T00:00:00.000Z,2017,5,22,27.5,29.27,26.05,81.36,4.95,18.06,5.53,6.94,228.5,0
6958bb43a2106ae9c65ef9c8,2017-05-23T00:00:00.000Z,2017,5,23,27.83,29.74,26.4,81.48,5.1,15.93,5.99,7.14,228.7,0
6958bb43a2106ae9c65ef9c9,2017-05-24T00:00:00.000Z,2017,5,24,27.77,29.6,26.36,82.12,5.68,10.28,5.69,6.88,228.3,0
6958bb43a2106ae9c65ef9ca,2017-05-25T00:00:00.000Z,2017,5,25,27.69,29.71,26.42,82,7.82,11.69,4.89,5.47,231.9,0
6958bb43a2106ae9c65ef9cb,2017-05-26T00:00:00.000Z,2017,5,26,27.98,30.17,26.48,80.36,1.15,20.27,5.11,6.83,230.1,0
6958bb43a2106ae9c65ef9cc,2017-05-27T00:00:00.000Z,2017,5,27,27.68,29.75,26.14,81.35,0.37,15.84,5.05,6.74,223.6,0
6958bb43a2106ae9c65ef9cd,2017-05-28T00:00:00.000Z,2017,5,28,27.53,29.3,26.2,80.65,0.46,16.32,4.79,5.49,221.8,0
6958bb43a2106ae9c65ef9ce,2017-05-29T00:00:00.000Z,2017,5,29,27.99,30.96,25.74,75.73,0.38,20.37,4.67,5.62,213,0
6958bb43a2106ae9c65ef9cf,2017-05-30T00:00:00.000Z,2017,5,30,27.24,29.26,25.92,79.06,1.94,14.44,5.71,7.17,227.5,0
6958bb43a2106ae9c65ef9d0,2017-05-31T00:00:00.000Z,2017,5,31,27.52,29.95,25.79,74.67,1.24,17.7,5.51,6.95,219.3,0
6958bb43a2106ae9c65ef9d1,2017-06-01T00:00:00.000Z,2017,6,1,27.6,30.42,25.34,78.36,2.07,21.26,6.03,7.04,213.4,0
6958bb43a2106ae9c65ef9d2,2017-06-02T00:00:00.000Z,2017,6,2,27.77,29.88,26.28,79.11,2.28,21.91,5.96,6.8,217.1,0
6958bb43a2106ae9c65ef9d3,2017-06-03T00:00:00.000Z,2017,6,3,27.58,29.76,25.96,80.8,5.78,22.99,4.89,5.66,222.1,0
6958bb43a2106ae9c65ef9d4,2017-06-04T00:00:00.000Z,2017,6,4,27.8,30.15,26.24,79.29,2.25,20.83,4.89,5.48,217.1,0
6958bb43a2106ae9c65ef9d5,2017-06-05T00:00:00.000Z,2017,6,5,27.31,28.6,26.34,81.99,3.34,13.42,5.16,6,215.4,0
6958bb43a2106ae9c65ef9d6,2017-06-06T00:00:00.000Z,2017,6,6,27.01,28.4,26.1,83.12,1.3,12.34,5.72,7.38,220.4,0
6958bb43a2106ae9c65ef9d7,2017-06-07T00:00:00.000Z,2017,6,7,27.34,29.28,25.84,80.97,0.5,20.73,3.91,5.19,238.1,0
6958bb43a2106ae9c65ef9d8,2017-06-08T00:00:00.000Z,2017,6,8,27.27,28.98,25.95,80.94,1.86,23.25,3.92,4.64,242.8,0
6958bb43a2106ae9c65ef9d9,2017-06-09T00:00:00.000Z,2017,6,9,27.75,30.54,25.71,77.89,0.39,24.35,5.05,5.87,223.9,0
6958bb43a2106ae9c65ef9da,2017-06-10T00:00:00.000Z,2017,6,10,27.82,30.19,26.08,77.91,0.15,23.16,5.38,6.85,221.4,0
6958bb43a2106ae9c65ef9db,2017-06-11T00:00:00.000Z,2017,6,11,27.79,30.01,26.2,79.74,0.16,22.48,4.2,5.51,219.8,0
6958bb43a2106ae9c65ef9dc,2017-06-12T00:00:00.000Z,2017,6,12,27.51,29.58,25.84,79.11,0.08,22.6,2.73,3.45,223.9,0
6958bb43a2106ae9c65ef9dd,2017-06-13T00:00:00.000Z,2017,6,13,27.72,29.58,26.12,78.76,0.58,22.13,2.47,3.82,223.2,0
6958bb43a2106ae9c65ef9de,2017-06-14T00:00:00.000Z,2017,6,14,28.04,30.09,26.36,75.52,0.42,18.28,2.4,4.66,186.8,0
6958bb43a2106ae9c65ef9df,2017-06-15T00:00:00.000Z,2017,6,15,27.98,30.06,26.71,74.64,1.48,18.73,1.06,2.06,5.7,0
6958bb43a2106ae9c65ef9e0,2017-06-16T00:00:00.000Z,2017,6,16,27.14,28.49,26.06,82.89,1.69,22.27,2.45,3.5,39.8,0
6958bb43a2106ae9c65ef9e1,2017-06-17T00:00:00.000Z,2017,6,17,27.18,28.73,26.11,80.71,0.59,20.32,2.39,3.22,310.7,0
6958bb43a2106ae9c65ef9e2,2017-06-18T00:00:00.000Z,2017,6,18,27.26,29.53,25.53,76.51,0.09,18.95,4.3,5.54,222.6,0
6958bb43a2106ae9c65ef9e3,2017-06-19T00:00:00.000Z,2017,6,19,27.8,30.92,25.56,74.98,0.21,22.13,5.15,6.02,203,0
6958bb43a2106ae9c65ef9e4,2017-06-20T00:00:00.000Z,2017,6,20,27.66,30.14,25.76,75.28,0.23,21.59,4.03,4.53,225.5,0
6958bb43a2106ae9c65ef9e5,2017-06-21T00:00:00.000Z,2017,6,21,27.84,30.39,25.71,75.33,0.2,21.42,3.18,4.25,219.4,0
6958bb43a2106ae9c65ef9e6,2017-06-22T00:00:00.000Z,2017,6,22,27.09,28.67,25.81,78.27,1.33,18.62,3.25,4.51,231.4,0
6958bb43a2106ae9c65ef9e7,2017-06-23T00:00:00.000Z,2017,6,23,26.69,28.44,25.44,78.25,1.88,17.4,4.1,4.87,234.5,0
6958bb43a2106ae9c65ef9e8,2017-06-24T00:00:00.000Z,2017,6,24,26.48,28.54,25.21,76.88,1.8,11.21,5.56,6.49,224.5,0
6958bb43a2106ae9c65ef9e9,2017-06-25T00:00:00.000Z,2017,6,25,26.69,28.97,24.82,78.46,7.02,11.52,5.47,6.67,226.9,0
6958bb43a2106ae9c65ef9ea,2017-06-26T00:00:00.000Z,2017,6,26,27.18,29.29,25.69,76.97,1.35,15.85,3.08,4.15,243.6,0
6958bb43a2106ae9c65ef9eb,2017-06-27T00:00:00.000Z,2017,6,27,27.3,29.73,25.37,76.62,0.93,23.15,4.05,5.56,247.5,0
6958bb43a2106ae9c65ef9ec,2017-06-28T00:00:00.000Z,2017,6,28,27.74,30.46,25.78,73.89,2.18,19.72,4.1,4.92,256.8,0
6958bb43a2106ae9c65ef9ed,2017-06-29T00:00:00.000Z,2017,6,29,27.44,29.82,25.63,77.6,7.31,19.68,4.72,5.79,233.8,0
6958bb43a2106ae9c65ef9ee,2017-06-30T00:00:00.000Z,2017,6,30,27.51,29.87,25.68,75.41,0.43,17.87,4.13,5.01,211,0
6958bb43a2106ae9c65ef9ef,2017-07-01T00:00:00.000Z,2017,7,1,27.82,30,25.58,73.51,0.19,19.63,3.44,5.62,212,0
6958bb43a2106ae9c65ef9f0,2017-07-02T00:00:00.000Z,2017,7,2,27.81,30.04,26.16,73.93,0.13,22.83,2.96,3.73,220.9,0
6958bb43a2106ae9c65ef9f1,2017-07-03T00:00:00.000Z,2017,7,3,27.87,30.54,25.49,73.81,0.06,21.6,2.95,3.9,221.9,0
6958bb43a2106ae9c65ef9f2,2017-07-04T00:00:00.000Z,2017,7,4,27.47,29.4,26.14,77.61,0.31,21.2,5.2,6.17,221.1,0
6958bb43a2106ae9c65ef9f3,2017-07-05T00:00:00.000Z,2017,7,5,27.44,29.77,25.81,75.68,1.66,22.26,5.41,5.83,200.3,0
6958bb43a2106ae9c65ef9f4,2017-07-06T00:00:00.000Z,2017,7,6,26.66,28.46,25.78,80.36,3.5,20.35,6.72,7.87,233.8,0
6958bb43a2106ae9c65ef9f5,2017-07-07T00:00:00.000Z,2017,7,7,26.45,28.11,25.22,78.63,4.58,16.43,5.44,7.38,224.9,0
6958bb43a2106ae9c65ef9f6,2017-07-08T00:00:00.000Z,2017,7,8,26.66,28.39,25.38,78.97,2.18,14.49,5.46,6.71,221.7,0
6958bb43a2106ae9c65ef9f7,2017-07-09T00:00:00.000Z,2017,7,9,27.28,30.03,25.41,75.58,1.17,21.83,4.84,5.3,228.4,0
6958bb43a2106ae9c65ef9f8,2017-07-10T00:00:00.000Z,2017,7,10,26.96,29.25,25.28,77.5,1.49,21.73,3.77,5.96,251,0
6958bb43a2106ae9c65ef9f9,2017-07-11T00:00:00.000Z,2017,7,11,26.88,29.4,25.15,77.28,1.49,18.64,5.73,8.42,221,0
6958bb43a2106ae9c65ef9fa,2017-07-12T00:00:00.000Z,2017,7,12,27.41,30.88,24.45,73.28,0.4,19.28,5.06,5.88,196.2,0
6958bb43a2106ae9c65ef9fb,2017-07-13T00:00:00.000Z,2017,7,13,27.03,29.74,25.19,73.2,6.55,19.91,6.79,9.5,203.7,0
6958bb43a2106ae9c65ef9fc,2017-07-14T00:00:00.000Z,2017,7,14,26.7,29.4,24.67,74.11,4.37,11.54,6.58,9.65,221.2,0
6958bb43a2106ae9c65ef9fd,2017-07-15T00:00:00.000Z,2017,7,15,27.35,30.2,24.94,74.93,0.18,22.66,5.73,6.74,220.6,0
6958bb43a2106ae9c65ef9fe,2017-07-16T00:00:00.000Z,2017,7,16,27.33,29.65,25.59,76.91,0.12,23.96,7.27,9.2,220,0
6958bb43a2106ae9c65ef9ff,2017-07-17T00:00:00.000Z,2017,7,17,26.91,29.07,25.52,71.34,0.1,18.08,6.32,7.58,201.4,0
6958bb43a2106ae9c65efa00,2017-07-18T00:00:00.000Z,2017,7,18,28.19,31.36,25.8,72.33,0.19,24.52,5.09,7.37,203.8,0
6958bb43a2106ae9c65efa01,2017-07-19T00:00:00.000Z,2017,7,19,27.35,29.82,25.37,76.65,0.09,19.01,4.1,4.99,216.1,0
6958bb43a2106ae9c65efa02,2017-07-20T00:00:00.000Z,2017,7,20,27.95,30.99,25.42,72.4,0.14,20.04,4.17,5.78,218.3,0
6958bb43a2106ae9c65efa03,2017-07-21T00:00:00.000Z,2017,7,21,28.34,31.71,25.64,71.77,0.02,20.78,2.22,3.58,149,0
6958bb43a2106ae9c65efa04,2017-07-22T00:00:00.000Z,2017,7,22,28.64,31.55,25.83,70.91,0.01,20.95,3.26,5.58,203,0
6958bb43a2106ae9c65efa05,2017-07-23T00:00:00.000Z,2017,7,23,28.47,31.7,26.16,71.5,0.01,23.81,3.44,4.82,195.9,0
6958bb43a2106ae9c65efa06,2017-07-24T00:00:00.000Z,2017,7,24,28.17,31.09,25.97,72.68,0.04,23.92,4.25,5.57,208.8,0
6958bb43a2106ae9c65efa07,2017-07-25T00:00:00.000Z,2017,7,25,27.89,30.07,26.18,74.64,0.72,18.95,5.04,6.54,226,0
6958bb43a2106ae9c65efa08,2017-07-26T00:00:00.000Z,2017,7,26,27.77,29.97,26.28,75.07,1.7,20.23,5.69,6.76,218,0
6958bb43a2106ae9c65efa09,2017-07-27T00:00:00.000Z,2017,7,27,27.29,29.48,25.71,77.64,6.29,11.6,7.78,8.71,227.2,0
6958bb43a2106ae9c65efa0a,2017-07-28T00:00:00.000Z,2017,7,28,27.41,29.8,25.61,73.87,1.89,15.53,7.43,9.05,228.6,0
6958bb43a2106ae9c65efa0b,2017-07-29T00:00:00.000Z,2017,7,29,27.72,30.38,25.99,71.55,0.56,20.25,5.66,7.04,224.7,0
6958bb43a2106ae9c65efa0c,2017-07-30T00:00:00.000Z,2017,7,30,27.62,30.17,25.63,77.4,5.8,14.9,6.13,7.1,231.2,0
6958bb43a2106ae9c65efa0d,2017-07-31T00:00:00.000Z,2017,7,31,27.29,28.87,26.33,82.02,46.08,11.15,7.65,8.84,238.3,0
6958bb43a2106ae9c65efa0e,2017-08-01T00:00:00.000Z,2017,8,1,27.23,28.82,26.06,80.78,31.27,16.15,6.3,7.64,237.4,0
6958bb43a2106ae9c65efa0f,2017-08-02T00:00:00.000Z,2017,8,2,27.59,29.86,25.8,76.95,0.81,20.84,5.2,5.81,237.2,0
6958bb43a2106ae9c65efa10,2017-08-03T00:00:00.000Z,2017,8,3,27.48,29.49,26.13,81.28,8.71,18.14,7.29,8.87,235.3,0
6958bb43a2106ae9c65efa11,2017-08-04T00:00:00.000Z,2017,8,4,26.38,27.38,25.43,83.85,26.24,12.65,7.51,8.82,219.4,0
6958bb43a2106ae9c65efa12,2017-08-05T00:00:00.000Z,2017,8,5,26.68,28.75,25.19,80.65,9.52,16.63,7.06,8.69,206.6,0
6958bb43a2106ae9c65efa13,2017-08-06T00:00:00.000Z,2017,8,6,26.5,28.95,24.82,76.79,3.01,14.17,5.91,7.11,204.5,0
6958bb43a2106ae9c65efa14,2017-08-07T00:00:00.000Z,2017,8,7,27.52,30.76,24.33,71.83,0.91,18.99,3,4.75,219.9,0
6958bb43a2106ae9c65efa15,2017-08-08T00:00:00.000Z,2017,8,8,27.64,30.04,25.78,75,2.51,22.14,3.02,4.2,219.2,0
6958bb43a2106ae9c65efa16,2017-08-09T00:00:00.000Z,2017,8,9,27.71,30.32,25.9,72.02,0.51,15.16,1.77,2.39,217.5,0
6958bb43a2106ae9c65efa17,2017-08-10T00:00:00.000Z,2017,8,10,27.59,30.11,25.59,72.34,0.14,22.36,2.17,3.12,232.9,0
6958bb43a2106ae9c65efa18,2017-08-11T00:00:00.000Z,2017,8,11,26.71,28.72,25.45,74.29,0.82,15.62,3.8,5.03,223.5,0
6958bb43a2106ae9c65efa19,2017-08-12T00:00:00.000Z,2017,8,12,25.86,27.65,24.43,79.9,6.86,8.09,3.86,4.84,233.5,0
6958bb43a2106ae9c65efa1a,2017-08-13T00:00:00.000Z,2017,8,13,26.28,28.31,24.78,80.17,2.89,18.84,5.13,6.01,226,0
6958bb43a2106ae9c65efa1b,2017-08-14T00:00:00.000Z,2017,8,14,25.51,26.57,24.47,84.65,7.56,12.13,6.65,7.34,240.4,0
6958bb43a2106ae9c65efa1c,2017-08-15T00:00:00.000Z,2017,8,15,25.59,27.22,24.5,79.7,4.97,12.8,6.87,8.77,226,0
6958bb43a2106ae9c65efa1d,2017-08-16T00:00:00.000Z,2017,8,16,25.98,28.23,24.39,77.14,0.8,18.41,5.47,7.14,231.9,0
6958bb43a2106ae9c65efa1e,2017-08-17T00:00:00.000Z,2017,8,17,26.62,28.93,24.63,80.26,3.91,18.73,5.76,7.04,228.1,0
6958bb43a2106ae9c65efa1f,2017-08-18T00:00:00.000Z,2017,8,18,27.24,29.16,24.99,76.98,0.96,22.97,3.08,4.72,221.5,0
6958bb43a2106ae9c65efa20,2017-08-19T00:00:00.000Z,2017,8,19,27.14,28.8,25.62,76.46,0.03,23.74,1.54,3.26,17.8,0
6958bb43a2106ae9c65efa21,2017-08-20T00:00:00.000Z,2017,8,20,27.49,30.67,25.28,74.73,0.06,24.2,2.02,3.39,310.4,0
6958bb43a2106ae9c65efa22,2017-08-21T00:00:00.000Z,2017,8,21,27.14,30.14,24.96,75.33,0.16,23.83,5.62,7.05,222.7,0
6958bb43a2106ae9c65efa23,2017-08-22T00:00:00.000Z,2017,8,22,27.6,31.56,24.14,69.61,0.02,24.7,4.85,7.13,202.1,0
6958bb43a2106ae9c65efa24,2017-08-23T00:00:00.000Z,2017,8,23,27.76,30.68,25.34,73.74,0.32,24.08,3.13,3.5,214.2,0
6958bb43a2106ae9c65efa25,2017-08-24T00:00:00.000Z,2017,8,24,27.81,30.69,25.77,75.14,0.68,23.2,5.02,5.84,211.2,0
6958bb43a2106ae9c65efa26,2017-08-25T00:00:00.000Z,2017,8,25,27.92,30.29,25.78,73.08,0.6,24.54,3.43,4.63,218.7,0
6958bb43a2106ae9c65efa27,2017-08-26T00:00:00.000Z,2017,8,26,27.7,29.87,25.95,73.44,2.82,16.57,2.47,3.23,242.4,0
6958bb43a2106ae9c65efa28,2017-08-27T00:00:00.000Z,2017,8,27,26.65,28.82,25.02,78.02,13.44,8.75,3.36,4.11,235.7,0
6958bb43a2106ae9c65efa29,2017-08-28T00:00:00.000Z,2017,8,28,27.25,30.37,24.72,70.87,1.7,13.11,3.64,5.73,234.2,0
6958bb43a2106ae9c65efa2a,2017-08-29T00:00:00.000Z,2017,8,29,27.99,31.52,24.95,68.78,0.79,21.74,2.71,3.74,242.8,0
6958bb43a2106ae9c65efa2b,2017-08-30T00:00:00.000Z,2017,8,30,27.97,30.69,25.79,72.32,0.97,21.7,2.38,3.13,223.4,0
6958bb43a2106ae9c65efa2c,2017-08-31T00:00:00.000Z,2017,8,31,28.13,31.03,25.8,72.3,1.12,24.16,2.71,3.39,222.7,0
6958bb43a2106ae9c65efa2d,2017-09-01T00:00:00.000Z,2017,9,1,27.11,29.4,25.38,75.69,2.47,16.69,4.72,6.58,196.2,0
6958bb43a2106ae9c65efa2e,2017-09-02T00:00:00.000Z,2017,9,2,27.14,28.71,25.97,77.44,3.39,18.07,1.63,2.72,302.8,0
6958bb43a2106ae9c65efa2f,2017-09-03T00:00:00.000Z,2017,9,3,27.01,29.4,25.53,77.71,3.42,17.44,2.19,3.27,291.6,0
6958bb43a2106ae9c65efa30,2017-09-04T00:00:00.000Z,2017,9,4,26.82,29.05,25.16,78.65,2.78,19.35,3.14,4.2,272.1,0
6958bb43a2106ae9c65efa31,2017-09-05T00:00:00.000Z,2017,9,5,27,29.57,25.38,79.02,7.21,21.19,4.98,6.02,243.2,0
6958bb43a2106ae9c65efa32,2017-09-06T00:00:00.000Z,2017,9,6,27.05,29.11,25.49,81.29,15.74,17.55,4.07,5.22,205.9,0
6958bb43a2106ae9c65efa33,2017-09-07T00:00:00.000Z,2017,9,7,26.9,29.22,25.69,82.47,4.38,18.92,3.88,4.9,241.1,0
6958bb43a2106ae9c65efa34,2017-09-08T00:00:00.000Z,2017,9,8,26.75,28.36,25.32,80.49,10.36,17.86,2.92,3.75,231.6,0
6958bb43a2106ae9c65efa35,2017-09-09T00:00:00.000Z,2017,9,9,26.95,29.82,24.75,78.6,2.26,13.46,4.48,5.26,223,0
6958bb43a2106ae9c65efa36,2017-09-10T00:00:00.000Z,2017,9,10,27.55,30.04,25.54,76.2,2.22,15.01,3.16,4.77,234.4,0
6958bb43a2106ae9c65efa37,2017-09-11T00:00:00.000Z,2017,9,11,26.84,28.07,25.62,78.55,4.74,15.35,1.95,2.69,203.4,0
6958bb43a2106ae9c65efa38,2017-09-12T00:00:00.000Z,2017,9,12,27.78,30.43,25.96,74.48,4.61,18.49,2.06,2.95,222.6,0
6958bb43a2106ae9c65efa39,2017-09-13T00:00:00.000Z,2017,9,13,26.52,27.25,25.84,80.98,2.21,20.17,1.93,2.7,273.8,0
6958bb43a2106ae9c65efa3a,2017-09-14T00:00:00.000Z,2017,9,14,25.89,27.38,24.34,81.72,22.06,9.63,4.69,6.27,265,0
6958bb43a2106ae9c65efa3b,2017-09-15T00:00:00.000Z,2017,9,15,25.93,27.91,24.22,78.01,33.18,10.45,6.38,7.63,247.3,0
6958bb43a2106ae9c65efa3c,2017-09-16T00:00:00.000Z,2017,9,16,26.29,28.08,25.03,79.49,2.75,12.17,5.6,6.67,228,0
6958bb43a2106ae9c65efa3d,2017-09-17T00:00:00.000Z,2017,9,17,27.06,29.63,24.87,76.34,2.53,20.63,3.95,5.05,243.5,0
6958bb43a2106ae9c65efa3e,2017-09-18T00:00:00.000Z,2017,9,18,26.95,29.13,25.68,76.01,6.57,13.48,2,2.99,336.3,0
6958bb43a2106ae9c65efa3f,2017-09-19T00:00:00.000Z,2017,9,19,26.92,29.13,25.17,77.09,3.07,14.45,2.7,4.53,256.2,0
6958bb43a2106ae9c65efa40,2017-09-20T00:00:00.000Z,2017,9,20,26.84,29.47,25.24,78.79,1.65,21.22,5.86,7.36,228.2,0
6958bb43a2106ae9c65efa41,2017-09-21T00:00:00.000Z,2017,9,21,25.74,27.93,24.19,77.37,6.21,13.75,6.25,7.03,217.7,0
6958bb43a2106ae9c65efa42,2017-09-22T00:00:00.000Z,2017,9,22,26.05,28.35,24.03,78.48,5.15,18.22,7.59,9.39,222.5,0
6958bb43a2106ae9c65efa43,2017-09-23T00:00:00.000Z,2017,9,23,26.86,29.11,25.43,75.33,3.04,18.62,6.41,7.82,217.5,0
6958bb43a2106ae9c65efa44,2017-09-24T00:00:00.000Z,2017,9,24,26.96,29.3,25.45,76.4,5.12,17.73,6.2,7.82,221.6,0
6958bb43a2106ae9c65efa45,2017-09-25T00:00:00.000Z,2017,9,25,27.2,30.12,24.96,74.39,1.84,22.02,5.72,6.47,224.7,0
6958bb43a2106ae9c65efa46,2017-09-26T00:00:00.000Z,2017,9,26,26.65,28.91,25.12,77.82,9.56,12.56,5.49,6.64,238.5,0
6958bb43a2106ae9c65efa47,2017-09-27T00:00:00.000Z,2017,9,27,27.42,30.55,25.08,76.24,1.87,20.25,4.05,4.71,244,0
6958bb43a2106ae9c65efa48,2017-09-28T00:00:00.000Z,2017,9,28,26.81,28.37,25.6,81.48,1.29,21.18,3.13,3.96,269.9,0
6958bb43a2106ae9c65efa49,2017-09-29T00:00:00.000Z,2017,9,29,26.61,28.06,25.58,78.15,3.84,13.54,3.11,3.78,267.1,0
6958bb43a2106ae9c65efa4a,2017-09-30T00:00:00.000Z,2017,9,30,27.12,29.82,25.19,69.46,0.38,18.9,3.2,4.01,252.8,0
6958bb43a2106ae9c65efa4b,2017-10-01T00:00:00.000Z,2017,10,1,26.82,29.07,25.02,74.33,0.46,19.55,2.79,3.43,251.5,0
6958bb43a2106ae9c65efa4c,2017-10-02T00:00:00.000Z,2017,10,2,27.22,30.01,25.33,75.74,0.21,19.59,4.15,5.6,234.9,0
6958bb43a2106ae9c65efa4d,2017-10-03T00:00:00.000Z,2017,10,3,26.5,28.95,25.01,74.65,2.56,16.61,4.16,4.66,220.5,0
6958bb43a2106ae9c65efa4e,2017-10-04T00:00:00.000Z,2017,10,4,27.49,30.51,24.8,73.03,2.15,23.99,3.23,4.93,205.9,0
6958bb43a2106ae9c65efa4f,2017-10-05T00:00:00.000Z,2017,10,5,27.87,30.36,25.71,71.18,3.85,22.4,1.98,3.64,179.8,0
6958bb43a2106ae9c65efa50,2017-10-06T00:00:00.000Z,2017,10,6,27.6,30.1,26.03,77.98,10.52,18.34,2.74,4.79,248.9,0
6958bb43a2106ae9c65efa51,2017-10-07T00:00:00.000Z,2017,10,7,26.87,29.14,25.45,78.81,3.61,13.73,4.12,4.93,246.3,0
6958bb43a2106ae9c65efa52,2017-10-08T00:00:00.000Z,2017,10,8,26.89,29.29,25.38,81.28,8.69,21.12,4.56,5.16,247.6,0
6958bb43a2106ae9c65efa53,2017-10-09T00:00:00.000Z,2017,10,9,26.13,27.34,25.24,85.95,14.12,14.16,4.81,5.65,252.6,0
6958bb43a2106ae9c65efa54,2017-10-10T00:00:00.000Z,2017,10,10,26.53,28.29,25.45,82.1,9.87,14.18,6.77,8.03,222.6,0
6958bb43a2106ae9c65efa55,2017-10-11T00:00:00.000Z,2017,10,11,26.36,28.42,25.14,81.05,12.15,9.34,6.64,8.44,209,0
6958bb43a2106ae9c65efa56,2017-10-12T00:00:00.000Z,2017,10,12,26.89,29.77,24.75,78.08,3.45,21.3,5.21,5.91,228.6,0
6958bb43a2106ae9c65efa57,2017-10-13T00:00:00.000Z,2017,10,13,26.44,28.1,25.19,79.04,7.8,12.46,5.99,7.12,224.5,0
6958bb43a2106ae9c65efa58,2017-10-14T00:00:00.000Z,2017,10,14,26.7,29.73,24.51,77.11,0.5,22.33,4.68,6.66,224.8,0
6958bb43a2106ae9c65efa59,2017-10-15T00:00:00.000Z,2017,10,15,26.78,29.45,24.64,79.91,0.83,21.96,5.46,6.87,226.4,0
6958bb43a2106ae9c65efa5a,2017-10-16T00:00:00.000Z,2017,10,16,27.1,29.74,25.39,79.89,0.26,22.14,6.37,7.21,215.9,0
6958bb43a2106ae9c65efa5b,2017-10-17T00:00:00.000Z,2017,10,17,27.43,30.57,25.11,75.76,0.07,24.44,5.57,7.93,193.4,0
6958bb43a2106ae9c65efa5c,2017-10-18T00:00:00.000Z,2017,10,18,27.44,30.9,24.75,74.74,0.02,24.86,5.92,7.69,196.9,0
6958bb43a2106ae9c65efa5d,2017-10-19T00:00:00.000Z,2017,10,19,27.77,31.6,24.67,72.38,0,24.73,4.66,5.73,194.6,0
6958bb43a2106ae9c65efa5e,2017-10-20T00:00:00.000Z,2017,10,20,28.18,32.06,24.78,67.59,0,24.44,2.14,3.92,167.9,0
6958bb43a2106ae9c65efa5f,2017-10-21T00:00:00.000Z,2017,10,21,27.47,30.38,25.51,74.1,0,25.23,2.44,3.58,292.9,0
6958bb43a2106ae9c65efa60,2017-10-22T00:00:00.000Z,2017,10,22,27.15,29.99,24.73,77.39,0.01,24.97,3.4,4.42,288.6,0
6958bb43a2106ae9c65efa61,2017-10-23T00:00:00.000Z,2017,10,23,27.43,29.65,25.59,78.15,1.11,21.72,3.34,3.88,276.3,0
6958bb43a2106ae9c65efa62,2017-10-24T00:00:00.000Z,2017,10,24,27.14,29.01,25.87,79.6,4.08,20.51,3.36,3.99,261.8,0
6958bb43a2106ae9c65efa63,2017-10-25T00:00:00.000Z,2017,10,25,26.83,28.35,25.48,77.21,3.31,16.61,1.22,1.72,355.1,0
6958bb43a2106ae9c65efa64,2017-10-26T00:00:00.000Z,2017,10,26,26.82,28.27,26,78.79,9.28,17.89,1.34,2.77,274.5,0
6958bb43a2106ae9c65efa65,2017-10-27T00:00:00.000Z,2017,10,27,26.36,27.93,25.17,78.63,6.69,10.08,2.36,3.18,284.6,0
6958bb43a2106ae9c65efa66,2017-10-28T00:00:00.000Z,2017,10,28,27.09,29.73,24.64,75.27,2.67,18.68,2.05,3.18,321.8,0
6958bb43a2106ae9c65efa67,2017-10-29T00:00:00.000Z,2017,10,29,27.13,29.14,25.77,79.85,8.78,20.78,2.83,3.97,47.7,0
6958bb43a2106ae9c65efa68,2017-10-30T00:00:00.000Z,2017,10,30,26.43,27.88,25.47,81.78,37.94,16.49,1.9,3.66,60.1,0
6958bb43a2106ae9c65efa69,2017-10-31T00:00:00.000Z,2017,10,31,25.79,26.75,25.09,83.09,70.97,12.46,2.12,2.96,160.2,0
6958bb43a2106ae9c65efa6a,2017-11-01T00:00:00.000Z,2017,11,1,26.63,28.17,25.41,77.13,3.67,17.82,1.79,2.53,327.8,0
6958bb43a2106ae9c65efa6b,2017-11-02T00:00:00.000Z,2017,11,2,27.21,29.67,25.42,77.25,3.32,20.26,2.21,3.04,345.7,0
6958bb43a2106ae9c65efa6c,2017-11-03T00:00:00.000Z,2017,11,3,26.59,28.22,25.25,80.99,13.42,11.42,3.18,4.33,267.8,0
6958bb43a2106ae9c65efa6d,2017-11-04T00:00:00.000Z,2017,11,4,25.92,26.77,25.25,79.54,2.7,11.62,2.99,4.87,149.3,0
6958bb43a2106ae9c65efa6e,2017-11-05T00:00:00.000Z,2017,11,5,27.25,29.47,25.21,73.05,0.7,18.56,1.15,2,110.1,0
6958bb43a2106ae9c65efa6f,2017-11-06T00:00:00.000Z,2017,11,6,27.04,28.57,25.71,79.79,2.2,19.11,2.62,4.29,320.4,0
6958bb43a2106ae9c65efa70,2017-11-07T00:00:00.000Z,2017,11,7,27.15,29.12,25.53,78.7,2.05,17.5,3.6,4.3,241.7,0
6958bb43a2106ae9c65efa71,2017-11-08T00:00:00.000Z,2017,11,8,26.82,28.99,25.49,80.7,4.03,12.54,4.07,5.03,228.5,0
6958bb43a2106ae9c65efa72,2017-11-09T00:00:00.000Z,2017,11,9,26.53,27.95,25.39,79.82,4.63,16.38,4.17,5.73,216.5,0
6958bb43a2106ae9c65efa73,2017-11-10T00:00:00.000Z,2017,11,10,26.14,27.65,25.03,81.64,9.67,17.46,2.97,3.8,190.3,0
6958bb43a2106ae9c65efa74,2017-11-11T00:00:00.000Z,2017,11,11,26.05,27.21,25.21,82.2,5.92,14.41,3.7,4.33,240.7,0
6958bb43a2106ae9c65efa75,2017-11-12T00:00:00.000Z,2017,11,12,26.16,27.95,24.73,79.32,1.33,15.91,3.84,5.43,216.9,0
6958bb43a2106ae9c65efa76,2017-11-13T00:00:00.000Z,2017,11,13,26.54,28.49,25.21,79.43,1.39,19.37,2,2.63,275.7,0
6958bb43a2106ae9c65efa77,2017-11-14T00:00:00.000Z,2017,11,14,26.92,29.37,24.97,80.51,0.78,18.71,2.52,3.46,257.8,0
6958bb43a2106ae9c65efa78,2017-11-15T00:00:00.000Z,2017,11,15,26.84,28.31,25.27,80.08,0.82,15.7,1.15,1.69,359.4,0
6958bb43a2106ae9c65efa79,2017-11-16T00:00:00.000Z,2017,11,16,26.59,27.54,25.53,80.12,1.42,13.24,1.4,2.69,63.1,0
6958bb43a2106ae9c65efa7a,2017-11-17T00:00:00.000Z,2017,11,17,27.08,28.72,26.01,77.76,1.22,18.8,1.4,2.06,21.6,0
6958bb43a2106ae9c65efa7b,2017-11-18T00:00:00.000Z,2017,11,18,27.04,28.57,25.92,80.56,6.8,15.76,2.08,3.16,295.5,0
6958bb43a2106ae9c65efa7c,2017-11-19T00:00:00.000Z,2017,11,19,27.34,30.08,25.71,76.23,1.71,17.91,2.03,3.23,266.1,0
6958bb43a2106ae9c65efa7d,2017-11-20T00:00:00.000Z,2017,11,20,26.82,28.72,24.96,79.57,0.99,20.48,2.53,3.18,289,0
6958bb43a2106ae9c65efa7e,2017-11-21T00:00:00.000Z,2017,11,21,27.11,29.02,25.81,78.09,3.1,19.57,3.17,4.69,225.3,0
6958bb43a2106ae9c65efa7f,2017-11-22T00:00:00.000Z,2017,11,22,26.38,27.8,25.37,82.08,3.29,15.84,4.48,6.29,218.3,0
6958bb43a2106ae9c65efa80,2017-11-23T00:00:00.000Z,2017,11,23,26.14,27.61,24.94,78.09,28.46,13.94,1.61,3.23,180.4,0
6958bb43a2106ae9c65efa81,2017-11-24T00:00:00.000Z,2017,11,24,26.67,29.41,24.91,77.27,27.95,17.32,1.5,2.45,121.7,0
6958bb43a2106ae9c65efa82,2017-11-25T00:00:00.000Z,2017,11,25,25.99,27.65,25.26,85.11,25.68,11.57,1.57,3.51,71.8,0
6958bb43a2106ae9c65efa83,2017-11-26T00:00:00.000Z,2017,11,26,25.48,26.29,24.74,88.25,53.13,7.12,4.15,5.69,65.6,0
6958bb43a2106ae9c65efa84,2017-11-27T00:00:00.000Z,2017,11,27,25.58,26.28,24.82,89.94,45.44,12.06,7.57,9.49,13.6,0
6958bb43a2106ae9c65efa85,2017-11-28T00:00:00.000Z,2017,11,28,25.49,26.53,24.59,90.35,14.46,5.6,6.27,7.22,26.5,0
6958bb43a2106ae9c65efa86,2017-11-29T00:00:00.000Z,2017,11,29,25.71,27.17,24.73,85.52,18.54,9.69,4.51,6.07,36.8,0
6958bb43a2106ae9c65efa87,2017-11-30T00:00:00.000Z,2017,11,30,25.25,26.55,24.43,87.57,16.18,5.8,5.44,8.76,328.1,0
6958bb43a2106ae9c65efa88,2017-12-01T00:00:00.000Z,2017,12,1,25.47,26.3,24.6,89.08,79.24,5.5,7.97,10.07,4.3,0
6958bb43a2106ae9c65efa89,2017-12-02T00:00:00.000Z,2017,12,2,25.68,26.8,24.48,89.17,117.56,4.8,4.71,5.18,41.4,0
6958bb43a2106ae9c65efa8a,2017-12-03T00:00:00.000Z,2017,12,3,26.05,27.11,25.29,90.39,41.08,6.08,4.71,5.38,50.3,0
6958bb43a2106ae9c65efa8b,2017-12-04T00:00:00.000Z,2017,12,4,26.33,27.89,25.31,87.66,36.87,10.12,4.4,6.23,119.3,0
6958bb43a2106ae9c65efa8c,2017-12-05T00:00:00.000Z,2017,12,5,26.62,28.19,25.43,84.81,8.49,10.77,4.31,6.66,182.1,0
6958bb43a2106ae9c65efa8d,2017-12-06T00:00:00.000Z,2017,12,6,26.09,27.96,24.68,79.93,2.93,13.3,3.36,4.54,173.2,0
6958bb43a2106ae9c65efa8e,2017-12-07T00:00:00.000Z,2017,12,7,26.8,29.69,24.38,73.61,0.49,17.43,2.23,3.28,180.7,0
6958bb43a2106ae9c65efa8f,2017-12-08T00:00:00.000Z,2017,12,8,26.49,27.69,25.5,83,6.69,15.21,3,4.03,89,0
6958bb43a2106ae9c65efa90,2017-12-09T00:00:00.000Z,2017,12,9,26.41,27.96,25.36,83.95,5.69,19.51,2.71,3.28,72.2,0
6958bb43a2106ae9c65efa91,2017-12-10T00:00:00.000Z,2017,12,10,26.09,27.4,24.93,84.97,5.35,16.7,2.97,4.12,58.6,0
6958bb43a2106ae9c65efa92,2017-12-11T00:00:00.000Z,2017,12,11,26.06,27.4,24.75,85.32,8.5,19.1,3.04,3.89,61.7,0
6958bb43a2106ae9c65efa93,2017-12-12T00:00:00.000Z,2017,12,12,26.43,27.75,25.23,81.62,3.01,18.6,2.28,3.46,23.2,0
6958bb43a2106ae9c65efa94,2017-12-13T00:00:00.000Z,2017,12,13,26.39,27.92,25.2,79.72,0.46,20.14,2.22,3.06,1,0
6958bb43a2106ae9c65efa95,2017-12-14T00:00:00.000Z,2017,12,14,26.48,28.54,24.98,75.73,0.06,19.05,1.94,2.92,328.1,0
6958bb43a2106ae9c65efa96,2017-12-15T00:00:00.000Z,2017,12,15,26.82,28.98,25.16,78.38,0.16,21.71,2.77,4.41,24,0
6958bb43a2106ae9c65efa97,2017-12-16T00:00:00.000Z,2017,12,16,26.45,28.07,25.23,80.79,4.8,19.32,3.55,4.15,23.9,0
6958bb43a2106ae9c65efa98,2017-12-17T00:00:00.000Z,2017,12,17,26.02,27.23,24.55,85.23,1.22,16.33,4.5,5.49,62.4,0
6958bb43a2106ae9c65efa99,2017-12-18T00:00:00.000Z,2017,12,18,26.57,28.02,25.27,83.93,17.39,8.59,4.73,6.29,71.5,0
6958bb43a2106ae9c65efa9a,2017-12-19T00:00:00.000Z,2017,12,19,26.2,27.59,25.22,83.26,64.82,10.62,7.15,8.59,61.7,0
6958bb43a2106ae9c65efa9b,2017-12-20T00:00:00.000Z,2017,12,20,25.53,27,24.5,83.63,29.57,9.72,5.42,6.5,48,0
6958bb43a2106ae9c65efa9c,2017-12-21T00:00:00.000Z,2017,12,21,25.46,26.99,24.32,83.55,9.4,10.24,5.93,7.87,50.2,0
6958bb43a2106ae9c65efa9d,2017-12-22T00:00:00.000Z,2017,12,22,25.76,27.3,24.3,84.39,2.01,18.83,5.36,6.38,52.6,0
6958bb43a2106ae9c65efa9e,2017-12-23T00:00:00.000Z,2017,12,23,25.87,27.42,24.5,85.43,6.16,12.25,4.96,5.74,54.6,0
6958bb43a2106ae9c65efa9f,2017-12-24T00:00:00.000Z,2017,12,24,25.87,27.4,24.61,88.84,16.53,14.46,4.91,6.3,61.5,0
6958bb43a2106ae9c65efaa0,2017-12-25T00:00:00.000Z,2017,12,25,26.19,27.68,24.99,85.08,7.75,15.28,3.87,5.65,76.8,0
6958bb43a2106ae9c65efaa1,2017-12-26T00:00:00.000Z,2017,12,26,25.98,27.51,25.13,82.32,4.52,12.02,1.93,3.06,64.5,0
6958bb43a2106ae9c65efaa2,2017-12-27T00:00:00.000Z,2017,12,27,26.19,28.11,24.71,79.87,0.71,20.43,2.42,3.28,38.4,0
6958bb43a2106ae9c65efaa3,2017-12-28T00:00:00.000Z,2017,12,28,26.17,27.86,24.81,80.84,1.1,19.03,2.22,3.8,56.5,0
6958bb43a2106ae9c65efaa4,2017-12-29T00:00:00.000Z,2017,12,29,26.53,28.64,24.79,81.59,0.9,14.96,3.42,4.39,68.8,0
6958bb43a2106ae9c65efaa5,2017-12-30T00:00:00.000Z,2017,12,30,26.6,28.01,25.56,87.36,7.67,6.99,6.12,8.21,73.2,0
6958bb43a2106ae9c65efaa6,2017-12-31T00:00:00.000Z,2017,12,31,26.39,27.81,25.25,85.69,16.83,11.42,4.46,6.02,80.2,0
6958bb43a2106ae9c65efaa7,2018-01-01T00:00:00.000Z,2018,1,1,26.17,27.4,25.34,85.57,17.43,16.46,5,6.21,86.1,0
6958bb43a2106ae9c65efaa8,2018-01-02T00:00:00.000Z,2018,1,2,26.1,27.59,25.05,86.22,23.62,15.03,3.4,5.81,90.6,0
6958bb43a2106ae9c65efaa9,2018-01-03T00:00:00.000Z,2018,1,3,25.29,26.35,24.55,91.27,41.51,6.59,3.69,6.13,49.2,0
6958bb43a2106ae9c65efaaa,2018-01-04T00:00:00.000Z,2018,1,4,25.13,25.98,24.18,87.34,5.11,15.89,2.52,4.78,61.2,0
6958bb43a2106ae9c65efaab,2018-01-05T00:00:00.000Z,2018,1,5,26.78,28.71,24.65,75.99,0.2,17.7,1.81,2.5,140.4,0
6958bb43a2106ae9c65efaac,2018-01-06T00:00:00.000Z,2018,1,6,26.89,29.15,24.98,78.23,0.04,19.48,2.58,3.02,194.6,0
6958bb43a2106ae9c65efaad,2018-01-07T00:00:00.000Z,2018,1,7,26.72,29.61,24.15,74.2,0.06,19.1,1.92,3.55,144.2,0
6958bb43a2106ae9c65efaae,2018-01-08T00:00:00.000Z,2018,1,8,26.33,27.72,25.45,77.09,2.53,16.9,0.68,1.68,290.7,0
6958bb43a2106ae9c65efaaf,2018-01-09T00:00:00.000Z,2018,1,9,26.32,29.38,24.1,72.97,0.14,14.7,1.47,4.03,346.6,0
6958bb43a2106ae9c65efab0,2018-01-10T00:00:00.000Z,2018,1,10,26.62,29.05,24.01,69.66,0.06,21.39,1.43,2.45,306.1,0
6958bb43a2106ae9c65efab1,2018-01-11T00:00:00.000Z,2018,1,11,26.77,28.84,25.3,69.05,1.69,20.36,1.83,2.99,263.5,0
6958bb43a2106ae9c65efab2,2018-01-12T00:00:00.000Z,2018,1,12,25.71,26.83,24.55,77.05,1.11,18.21,3.1,5.59,99.6,0
6958bb43a2106ae9c65efab3,2018-01-13T00:00:00.000Z,2018,1,13,25.29,27.02,23.54,83.57,3.13,17.54,5.43,7.61,77.9,0
6958bb43a2106ae9c65efab4,2018-01-14T00:00:00.000Z,2018,1,14,25.46,27.37,23.73,81.61,2.41,19.03,5.58,6.64,77.4,0
6958bb43a2106ae9c65efab5,2018-01-15T00:00:00.000Z,2018,1,15,25.28,26.73,24.21,81.2,4.95,19.93,3.3,5.32,74.6,0
6958bb43a2106ae9c65efab6,2018-01-16T00:00:00.000Z,2018,1,16,26.13,28.1,24.49,76.66,0.65,19.7,1.13,1.97,41.9,0
6958bb43a2106ae9c65efab7,2018-01-17T00:00:00.000Z,2018,1,17,25.99,27.52,24.75,83.22,8.76,18.04,3,4.21,48.5,0
6958bb43a2106ae9c65efab8,2018-01-18T00:00:00.000Z,2018,1,18,26,27.81,24.7,84.91,7.87,14.56,4.18,5.33,49.3,0
6958bb43a2106ae9c65efab9,2018-01-19T00:00:00.000Z,2018,1,19,26.04,27.72,24.73,84.45,1.34,17.49,4.6,5.33,64.7,0
6958bb43a2106ae9c65efaba,2018-01-20T00:00:00.000Z,2018,1,20,26.11,28.13,24.59,81.81,14.77,15.82,2.65,3.7,57.1,0
6958bb43a2106ae9c65efabb,2018-01-21T00:00:00.000Z,2018,1,21,25.34,26.45,24.56,88.65,7.92,13.28,3.21,4.72,0.5,0
6958bb43a2106ae9c65efabc,2018-01-22T00:00:00.000Z,2018,1,22,25.62,27.34,24.36,82.79,2.21,16.67,1.76,2.19,288.8,0
6958bb43a2106ae9c65efabd,2018-01-23T00:00:00.000Z,2018,1,23,25.82,27.3,24.7,78.21,0.8,20.16,2.54,4.27,250.4,0
6958bb43a2106ae9c65efabe,2018-01-24T00:00:00.000Z,2018,1,24,26.54,29.12,24.36,75.41,1.18,19.84,2.06,3.08,249,0
6958bb43a2106ae9c65efabf,2018-01-25T00:00:00.000Z,2018,1,25,27,29.26,25.38,77.11,1.84,18.38,1.48,3.01,104.5,0
6958bb43a2106ae9c65efac0,2018-01-26T00:00:00.000Z,2018,1,26,26.23,28,25.32,82.69,13.25,16.78,1.42,2.1,45,0
6958bb43a2106ae9c65efac1,2018-01-27T00:00:00.000Z,2018,1,27,27.33,30.19,25.12,73.42,1.89,20.33,1.98,4.08,186.8,0
6958bb43a2106ae9c65efac2,2018-01-28T00:00:00.000Z,2018,1,28,26.66,28.35,25.41,74.83,9.02,10.78,1.43,2.14,319.5,0
6958bb43a2106ae9c65efac3,2018-01-29T00:00:00.000Z,2018,1,29,26.89,28.62,25.41,73.92,1.17,19.1,1.19,1.81,285.4,0
6958bb43a2106ae9c65efac4,2018-01-30T00:00:00.000Z,2018,1,30,26.84,28.12,25.54,79.09,23.04,21.21,1.33,1.87,31.7,0
6958bb43a2106ae9c65efac5,2018-01-31T00:00:00.000Z,2018,1,31,26.69,28.03,25.8,81.66,9.05,23.13,1.51,2.36,336.5,0
6958bb43a2106ae9c65efac6,2018-02-01T00:00:00.000Z,2018,2,1,26.39,27.57,25.36,85.27,0.55,21.11,2.59,3.34,19.8,0
6958bb43a2106ae9c65efac7,2018-02-02T00:00:00.000Z,2018,2,2,27.07,28.95,25.42,81.33,1.23,22.43,3.59,4.74,79.9,0
6958bb43a2106ae9c65efac8,2018-02-03T00:00:00.000Z,2018,2,3,27.09,28.71,25.7,82.7,1.78,20.76,5.65,7.4,78.3,0
6958bb43a2106ae9c65efac9,2018-02-04T00:00:00.000Z,2018,2,4,27.01,29.04,25.26,80.6,2.11,22.21,5.96,7.51,76.4,0
6958bb43a2106ae9c65efaca,2018-02-05T00:00:00.000Z,2018,2,5,26.74,28.89,25.05,77.82,0.14,21.61,6.23,7.1,78.9,0
6958bb43a2106ae9c65efacb,2018-02-06T00:00:00.000Z,2018,2,6,26.57,28.45,24.87,78.02,0.02,21.55,6.51,8.02,77.9,0
6958bb43a2106ae9c65efacc,2018-02-07T00:00:00.000Z,2018,2,7,26.65,28.91,24.86,75.37,0.02,23.56,4.65,5.32,68.2,0
6958bb43a2106ae9c65efacd,2018-02-08T00:00:00.000Z,2018,2,8,26.63,28.91,24.69,75.15,0.02,23.72,5.17,6.27,59.4,0
6958bb43a2106ae9c65eface,2018-02-09T00:00:00.000Z,2018,2,9,26.67,29.04,24.51,76.43,0.01,21.49,4.65,5.47,74.3,0
6958bb43a2106ae9c65efacf,2018-02-10T00:00:00.000Z,2018,2,10,26.56,28.58,24.82,77.65,3.7,21.26,5.08,6.1,57,0
6958bb43a2106ae9c65efad0,2018-02-11T00:00:00.000Z,2018,2,11,26.5,28.55,24.63,76.38,0.08,21.15,5.42,6.64,63.1,0
6958bb43a2106ae9c65efad1,2018-02-12T00:00:00.000Z,2018,2,12,26.59,29.41,24.1,74.28,0.01,23.82,6.48,9.16,83.8,0
6958bb43a2106ae9c65efad2,2018-02-13T00:00:00.000Z,2018,2,13,26.99,29.75,24.25,72.69,0.6,23.32,4.92,6.3,79.4,0
6958bb43a2106ae9c65efad3,2018-02-14T00:00:00.000Z,2018,2,14,26.85,28.34,25.31,76.82,1.61,18.65,4.03,6.26,72.1,0
6958bb43a2106ae9c65efad4,2018-02-15T00:00:00.000Z,2018,2,15,26.8,28.54,25.45,78.07,1.25,23.37,2.92,4.06,39.7,0
6958bb43a2106ae9c65efad5,2018-02-16T00:00:00.000Z,2018,2,16,26.92,29.17,25.12,77.6,0.05,19.09,2.8,3.44,10.9,0
6958bb43a2106ae9c65efad6,2018-02-17T00:00:00.000Z,2018,2,17,26.96,29.16,25.31,78.52,0.04,22.99,3.17,4,10.6,0
6958bb43a2106ae9c65efad7,2018-02-18T00:00:00.000Z,2018,2,18,27.06,29.28,25.31,79.6,0.31,21.86,2.59,3.34,41.2,0
6958bb43a2106ae9c65efad8,2018-02-19T00:00:00.000Z,2018,2,19,26.91,28.85,25.52,81.27,9.77,19.29,3.78,4.75,48.1,0
6958bb43a2106ae9c65efad9,2018-02-20T00:00:00.000Z,2018,2,20,26.68,28.3,24.8,76.53,0.34,22.69,2.4,3.66,68.1,0
6958bb43a2106ae9c65efada,2018-02-21T00:00:00.000Z,2018,2,21,27.24,28.74,25.78,74.15,20.35,15.51,1.6,2.22,151.9,0
6958bb43a2106ae9c65efadb,2018-02-22T00:00:00.000Z,2018,2,22,26.45,28.25,25.16,79.68,20.72,11.82,2.58,3.92,220.7,0
6958bb43a2106ae9c65efadc,2018-02-23T00:00:00.000Z,2018,2,23,26.4,28.11,24.69,74.41,6.74,13.7,1.98,3.64,177.7,0
6958bb43a2106ae9c65efadd,2018-02-24T00:00:00.000Z,2018,2,24,26.66,28.62,25.06,82.28,7.44,18.87,4.74,6.25,75.7,0
6958bb43a2106ae9c65efade,2018-02-25T00:00:00.000Z,2018,2,25,26.51,28.08,25.55,85.12,8.54,9.71,5.19,6.67,78.8,0
6958bb43a2106ae9c65efadf,2018-02-26T00:00:00.000Z,2018,2,26,26.85,28.84,25.37,81.95,2.26,17.29,4.39,5.43,70.9,0
6958bb43a2106ae9c65efae0,2018-02-27T00:00:00.000Z,2018,2,27,26.79,28.19,25.55,81.43,70.6,13.13,3.57,4.62,64.7,0
6958bb43a2106ae9c65efae1,2018-02-28T00:00:00.000Z,2018,2,28,26.8,28.84,24.6,79.85,21.1,21.67,3.77,5.87,73.9,0
6958bb43a2106ae9c65efae2,2018-03-01T00:00:00.000Z,2018,3,1,26.57,28.23,25.03,79.55,4.07,20.85,1.9,2.59,57.4,0
6958bb43a2106ae9c65efae3,2018-03-02T00:00:00.000Z,2018,3,2,26.93,28.62,25.37,82.82,1.24,23.56,3.17,4.88,50.2,0
6958bb43a2106ae9c65efae4,2018-03-03T00:00:00.000Z,2018,3,3,27.25,28.73,26.03,79.04,4.77,17.97,1.62,2.19,11.4,0
6958bb43a2106ae9c65efae5,2018-03-04T00:00:00.000Z,2018,3,4,26.98,28.44,26.05,80.14,4.21,19.83,2.1,3.24,357.9,0
6958bb43a2106ae9c65efae6,2018-03-05T00:00:00.000Z,2018,3,5,26.98,28.1,25.64,81.81,1.85,20.6,2.25,2.9,29.4,0
6958bb43a2106ae9c65efae7,2018-03-06T00:00:00.000Z,2018,3,6,27.29,28.82,26.15,79.11,5.44,16.44,1.65,2.55,22.6,0
6958bb43a2106ae9c65efae8,2018-03-07T00:00:00.000Z,2018,3,7,26.58,27.16,25.98,81.44,3.72,20.57,2.08,3.28,16.4,0
6958bb43a2106ae9c65efae9,2018-03-08T00:00:00.000Z,2018,3,8,27.22,29.23,26.04,82.36,4.39,19.34,3.23,4.09,88.4,0
6958bb43a2106ae9c65efaea,2018-03-09T00:00:00.000Z,2018,3,9,27.31,29.41,25.58,79.7,1.84,19.8,5.3,7.02,75.3,0
6958bb43a2106ae9c65efaeb,2018-03-10T00:00:00.000Z,2018,3,10,26.92,28.6,25.57,83.18,17.01,15.99,5.65,7.64,80,0
6958bb43a2106ae9c65efaec,2018-03-11T00:00:00.000Z,2018,3,11,27.18,29.16,25.49,80.23,7.67,21.62,4.32,5.45,80.3,0
6958bb43a2106ae9c65efaed,2018-03-12T00:00:00.000Z,2018,3,12,27.18,29.33,25.26,78.36,0.51,19.79,4.44,5.72,74.1,0
6958bb43a2106ae9c65efaee,2018-03-13T00:00:00.000Z,2018,3,13,27.34,29.75,24.99,78.4,0.02,24.49,5.05,6.99,62.2,0
6958bb43a2106ae9c65efaef,2018-03-14T00:00:00.000Z,2018,3,14,27.64,30.43,25.16,74.73,0.26,25.13,3.19,3.89,78,0
6958bb43a2106ae9c65efaf0,2018-03-15T00:00:00.000Z,2018,3,15,27.67,29.73,26.41,77.58,7.42,21.96,1.71,3.77,7.4,0
6958bb43a2106ae9c65efaf1,2018-03-16T00:00:00.000Z,2018,3,16,27.34,29.19,26.29,77.28,2.17,21.54,2.52,3.99,45.6,0
6958bb43a2106ae9c65efaf2,2018-03-17T00:00:00.000Z,2018,3,17,27.43,29.22,25.98,80.17,0.23,23.53,3.33,4.42,50.6,0
6958bb43a2106ae9c65efaf3,2018-03-18T00:00:00.000Z,2018,3,18,27.49,29.02,26.16,82,1.39,20.12,3.32,4.72,57.6,0
6958bb43a2106ae9c65efaf4,2018-03-19T00:00:00.000Z,2018,3,19,27.65,29.9,26.08,79.89,0.89,22.4,2.8,3.92,24.3,0
6958bb43a2106ae9c65efaf5,2018-03-20T00:00:00.000Z,2018,3,20,27.23,29.15,25.87,81.57,7.93,19.6,2.4,3.05,348,0
6958bb43a2106ae9c65efaf6,2018-03-21T00:00:00.000Z,2018,3,21,27.1,28.8,25.66,79.67,2.34,23,2.45,3.74,3,0
6958bb43a2106ae9c65efaf7,2018-03-22T00:00:00.000Z,2018,3,22,27.46,29.8,25.39,77.23,1.73,22.54,3.79,4.76,38.6,0
6958bb43a2106ae9c65efaf8,2018-03-23T00:00:00.000Z,2018,3,23,27.23,28.67,25.73,79.74,0.55,16.79,3.87,5.28,66.1,0
6958bb43a2106ae9c65efaf9,2018-03-24T00:00:00.000Z,2018,3,24,27.44,29.41,25.94,80.62,1.57,19.93,3.8,4.58,64.1,0
6958bb43a2106ae9c65efafa,2018-03-25T00:00:00.000Z,2018,3,25,27.99,30.5,26.34,75.01,4.37,20.76,1.9,3.53,142.8,0
6958bb43a2106ae9c65efafb,2018-03-26T00:00:00.000Z,2018,3,26,27.58,29.5,26.32,75.54,1.15,21.88,1.73,2.62,19.8,0
6958bb43a2106ae9c65efafc,2018-03-27T00:00:00.000Z,2018,3,27,27.31,29.45,25.85,76.88,0.1,20.53,2.83,4.52,37.7,0
6958bb43a2106ae9c65efafd,2018-03-28T00:00:00.000Z,2018,3,28,27.31,29.01,25.9,78.56,0.48,22.79,3.34,4.6,47.4,0
6958bb43a2106ae9c65efafe,2018-03-29T00:00:00.000Z,2018,3,29,27.59,29.45,26.09,75.64,0.75,21.57,1.54,2.28,315.3,0
6958bb43a2106ae9c65efaff,2018-03-30T00:00:00.000Z,2018,3,30,27.48,29.23,26.18,77.5,0.67,23.25,2.47,3.62,226.7,0
6958bb43a2106ae9c65efb00,2018-03-31T00:00:00.000Z,2018,3,31,27.25,29.67,25.63,78.57,2.72,21.68,4.02,4.4,218.8,0
6958bb43a2106ae9c65efb01,2018-04-01T00:00:00.000Z,2018,4,1,25.42,26.47,24.12,83.8,15.42,18.26,2.98,5.72,303.9,0
6958bb43a2106ae9c65efb02,2018-04-02T00:00:00.000Z,2018,4,2,27.28,30.29,25.05,70.66,4.17,22.55,2.34,4.55,347.3,0
6958bb43a2106ae9c65efb03,2018-04-03T00:00:00.000Z,2018,4,3,27.28,28.32,25.87,77.78,3.13,21.73,1.69,2.89,11.1,0
6958bb43a2106ae9c65efb04,2018-04-04T00:00:00.000Z,2018,4,4,27.5,29.03,26.66,79.59,5.66,17.31,1.82,2.9,352.1,0
6958bb43a2106ae9c65efb05,2018-04-05T00:00:00.000Z,2018,4,5,26.83,27.43,26.15,83.14,15.1,20.09,1.55,2.76,351.3,0
6958bb43a2106ae9c65efb06,2018-04-06T00:00:00.000Z,2018,4,6,27.16,28.07,26.33,80.74,3.87,17.98,1.97,3.01,30.4,0
6958bb43a2106ae9c65efb07,2018-04-07T00:00:00.000Z,2018,4,7,27.05,28.31,26.15,81.56,2.93,19.95,3.04,3.74,30.6,0
6958bb43a2106ae9c65efb08,2018-04-08T00:00:00.000Z,2018,4,8,27.27,29.04,25.72,80.29,0.7,14.83,4.39,5.97,56.3,0
6958bb43a2106ae9c65efb09,2018-04-09T00:00:00.000Z,2018,4,9,28.16,29.97,26.58,77.82,3.27,20.27,4.17,5.79,78.4,0
6958bb43a2106ae9c65efb0a,2018-04-10T00:00:00.000Z,2018,4,10,28.07,30.12,26.74,77.94,2.38,19.93,3.14,4.02,73.7,0
6958bb43a2106ae9c65efb0b,2018-04-11T00:00:00.000Z,2018,4,11,27.82,29.37,26.33,80.97,8.52,19.32,3.17,4.16,71.7,0
6958bb43a2106ae9c65efb0c,2018-04-12T00:00:00.000Z,2018,4,12,27.67,29.05,26.41,83.83,7.77,19.9,4.06,5.14,69.4,0
6958bb43a2106ae9c65efb0d,2018-04-13T00:00:00.000Z,2018,4,13,28.06,29.56,26.98,83,10.83,20.05,4.06,5.21,61.1,0
6958bb43a2106ae9c65efb0e,2018-04-14T00:00:00.000Z,2018,4,14,27.42,28.46,26.71,84.54,4.51,12.43,5.92,9.2,66.4,0
6958bb43a2106ae9c65efb0f,2018-04-15T00:00:00.000Z,2018,4,15,27.68,29.37,26.55,80.01,9.86,15.97,2.83,9.1,118.6,0
6958bb43a2106ae9c65efb10,2018-04-16T00:00:00.000Z,2018,4,16,28.05,29.95,26.82,75.26,5.56,15.67,1.21,2.33,62,0
6958bb43a2106ae9c65efb11,2018-04-17T00:00:00.000Z,2018,4,17,27.75,29.47,26.7,78,1.15,20.67,1.93,3.5,24.3,0
6958bb43a2106ae9c65efb12,2018-04-18T00:00:00.000Z,2018,4,18,27.32,28.51,26.31,83.93,4.02,19.15,3.48,4.52,54.9,0
6958bb43a2106ae9c65efb13,2018-04-19T00:00:00.000Z,2018,4,19,27.75,30.07,26.26,78.98,6.75,21.82,2.61,3.39,49.3,0
6958bb43a2106ae9c65efb14,2018-04-20T00:00:00.000Z,2018,4,20,27.36,28.79,26.26,80.93,5.65,17.4,2.3,3.82,44.2,0
6958bb43a2106ae9c65efb15,2018-04-21T00:00:00.000Z,2018,4,21,27.01,27.49,26.37,82.75,9.25,20.24,1.48,2.76,19.2,0
6958bb43a2106ae9c65efb16,2018-04-22T00:00:00.000Z,2018,4,22,27.53,29.15,26.43,78.93,8.72,19.86,1.49,2.84,306.3,0
6958bb43a2106ae9c65efb17,2018-04-23T00:00:00.000Z,2018,4,23,27.77,29.79,26.08,77.91,3.61,20.21,2.26,2.96,308,0
6958bb43a2106ae9c65efb18,2018-04-24T00:00:00.000Z,2018,4,24,27.37,28.6,26.29,79.5,4.18,17.08,2.76,3.36,240.1,0
6958bb43a2106ae9c65efb19,2018-04-25T00:00:00.000Z,2018,4,25,27.64,30.26,25.62,75.77,14.8,14.67,3.04,3.7,206.5,0
6958bb43a2106ae9c65efb1a,2018-04-26T00:00:00.000Z,2018,4,26,27.05,28.81,25.55,81.55,43.87,9.56,4.19,5.03,194.6,0
6958bb43a2106ae9c65efb1b,2018-04-27T00:00:00.000Z,2018,4,27,28.02,30.77,25.21,71.63,0.54,23.25,1.44,2.63,219,0
6958bb43a2106ae9c65efb1c,2018-04-28T00:00:00.000Z,2018,4,28,28.69,31.48,26.42,71.14,0.65,24.18,1.84,2.85,212.5,0
6958bb43a2106ae9c65efb1d,2018-04-29T00:00:00.000Z,2018,4,29,27.99,29.8,26.8,78.62,2.61,19.85,3.39,4.77,206.2,0
6958bb43a2106ae9c65efb1e,2018-04-30T00:00:00.000Z,2018,4,30,26.99,28.44,25.49,80.84,5.92,16.08,4.4,5.92,209.9,0
6958bb43a2106ae9c65efb1f,2018-05-01T00:00:00.000Z,2018,5,1,27.21,29.23,25.02,76.4,3.61,16.33,3.41,5.17,218,0
6958bb43a2106ae9c65efb20,2018-05-02T00:00:00.000Z,2018,5,2,26.58,27.73,25.58,80.94,9.88,21.12,1.33,2,45.4,0
6958bb43a2106ae9c65efb21,2018-05-03T00:00:00.000Z,2018,5,3,27.4,29.68,25.49,79.52,7.51,17.43,1.81,2.69,53.6,0
6958bb43a2106ae9c65efb22,2018-05-04T00:00:00.000Z,2018,5,4,28.04,30.68,25.97,78.64,6.42,22.92,2.04,3.36,56,0
6958bb43a2106ae9c65efb23,2018-05-05T00:00:00.000Z,2018,5,5,27.85,29.97,26.55,79.89,4.56,18.34,2.32,3.52,39.6,0
6958bb43a2106ae9c65efb24,2018-05-06T00:00:00.000Z,2018,5,6,27.01,28.51,26.11,84.39,3.77,18.77,3.34,4.26,355.9,0
6958bb43a2106ae9c65efb25,2018-05-07T00:00:00.000Z,2018,5,7,26.77,27.53,25.67,83.85,5.48,15.57,2.27,3.59,2.3,0
6958bb43a2106ae9c65efb26,2018-05-08T00:00:00.000Z,2018,5,8,27.73,29.69,26.48,78.24,6.02,20.01,1.48,2.56,3.2,0
6958bb43a2106ae9c65efb27,2018-05-09T00:00:00.000Z,2018,5,9,27.04,28.29,26.11,83.65,6.65,15.21,2.11,3.14,12.5,0
6958bb43a2106ae9c65efb28,2018-05-10T00:00:00.000Z,2018,5,10,27.1,28.06,26.13,82.71,0.45,21.57,2.34,2.97,29.7,0
6958bb43a2106ae9c65efb29,2018-05-11T00:00:00.000Z,2018,5,11,27.5,28.75,26.24,80.28,7.41,16.06,1.56,2.57,59.7,0
6958bb43a2106ae9c65efb2a,2018-05-12T00:00:00.000Z,2018,5,12,27.74,28.94,26.48,79.63,1.5,19.95,1.66,3.18,74.7,0
6958bb43a2106ae9c65efb2b,2018-05-13T00:00:00.000Z,2018,5,13,27.73,29.44,26.45,80.76,4.19,22.02,2.4,3.04,43.9,0
6958bb43a2106ae9c65efb2c,2018-05-14T00:00:00.000Z,2018,5,14,27.33,28.32,26.55,84.18,7.21,21.06,2.91,3.72,40.6,0
6958bb43a2106ae9c65efb2d,2018-05-15T00:00:00.000Z,2018,5,15,27.65,29.75,26.37,80.32,5.02,20.49,1.68,3.2,66,0
6958bb43a2106ae9c65efb2e,2018-05-16T00:00:00.000Z,2018,5,16,26.95,28.06,26.17,86.33,3.43,15.36,1.68,2.37,294.4,0
6958bb43a2106ae9c65efb2f,2018-05-17T00:00:00.000Z,2018,5,17,26.76,27.54,26.08,86.92,10.14,19.11,3.12,4.26,288.3,0
6958bb43a2106ae9c65efb30,2018-05-18T00:00:00.000Z,2018,5,18,26.96,28.29,25.92,82.27,6.6,12.39,2.48,3.44,301.3,0
6958bb43a2106ae9c65efb31,2018-05-19T00:00:00.000Z,2018,5,19,26.29,27.14,25.45,84.72,8.5,5.95,2.98,4.05,323,0
6958bb43a2106ae9c65efb32,2018-05-20T00:00:00.000Z,2018,5,20,27.66,30.14,25.72,77.03,1.85,21.71,1.75,2.47,23.1,0
6958bb43a2106ae9c65efb33,2018-05-21T00:00:00.000Z,2018,5,21,27.01,28.07,26.22,83,7.33,20.16,2.66,3.48,356.8,0
6958bb43a2106ae9c65efb34,2018-05-22T00:00:00.000Z,2018,5,22,26.59,27.37,26.12,88.48,25.59,9.78,2.96,4.2,348.1,0
6958bb43a2106ae9c65efb35,2018-05-23T00:00:00.000Z,2018,5,23,27.42,29.57,25.99,81.54,5.06,20.59,2,2.76,221.7,0
6958bb43a2106ae9c65efb36,2018-05-24T00:00:00.000Z,2018,5,24,27.1,28.74,25.97,85.03,24.5,9.97,3.49,4.52,223.9,0
6958bb43a2106ae9c65efb37,2018-05-25T00:00:00.000Z,2018,5,25,27.11,29.15,25.98,83.35,56.67,22,3.36,5.14,267.8,0
6958bb43a2106ae9c65efb38,2018-05-26T00:00:00.000Z,2018,5,26,26.93,28.09,25.98,80.01,50.74,14.96,2.65,4.05,237.3,0
6958bb43a2106ae9c65efb39,2018-05-27T00:00:00.000Z,2018,5,27,27.63,29.94,25.94,74.13,0.23,14.26,1.99,3.38,91.1,0
6958bb43a2106ae9c65efb3a,2018-05-28T00:00:00.000Z,2018,5,28,28.29,30.89,26.47,74.94,1.23,18.9,2.43,3.39,89.1,0
6958bb43a2106ae9c65efb3b,2018-05-29T00:00:00.000Z,2018,5,29,27.53,29.7,26.01,75.66,1.27,12.31,2.3,4.07,247.4,0
6958bb43a2106ae9c65efb3c,2018-05-30T00:00:00.000Z,2018,5,30,27.45,29.24,25.54,79.18,1.31,22.41,3.78,5.35,190.2,0
6958bb43a2106ae9c65efb3d,2018-05-31T00:00:00.000Z,2018,5,31,27.7,29.49,25.99,76.53,0.6,21.08,4.03,6.18,198.8,0
6958bb43a2106ae9c65efb3e,2018-06-01T00:00:00.000Z,2018,6,1,27.83,30.08,25.97,72.9,0.05,15.17,3.58,5.68,206,0
6958bb43a2106ae9c65efb3f,2018-06-02T00:00:00.000Z,2018,6,2,28.05,31.29,25.45,74.64,0.07,22.28,3.31,4.49,240.2,0
6958bb43a2106ae9c65efb40,2018-06-03T00:00:00.000Z,2018,6,3,27.84,29.74,26.55,80.26,0.14,23.95,4.1,4.81,233.7,0
6958bb43a2106ae9c65efb41,2018-06-04T00:00:00.000Z,2018,6,4,27.81,30.02,26.23,78.8,0.33,19.41,4.23,5.35,224.7,0
6958bb43a2106ae9c65efb42,2018-06-05T00:00:00.000Z,2018,6,5,28.44,30.75,26.27,73.24,0.49,17.14,2.82,4.59,204.5,0
6958bb43a2106ae9c65efb43,2018-06-06T00:00:00.000Z,2018,6,6,28.52,31.1,26.53,73.97,0.15,23.26,2.38,3.53,230.4,0
6958bb43a2106ae9c65efb44,2018-06-07T00:00:00.000Z,2018,6,7,27.83,29.88,26.35,80.45,0.8,20.46,4.87,5.78,215.9,0
6958bb43a2106ae9c65efb45,2018-06-08T00:00:00.000Z,2018,6,8,27.45,28.99,26.24,81.07,0.61,20.33,5.51,6.69,227,0
6958bb43a2106ae9c65efb46,2018-06-09T00:00:00.000Z,2018,6,9,27.55,28.91,26.63,81.42,4.23,16.02,5.69,6.56,225.1,0
6958bb43a2106ae9c65efb47,2018-06-10T00:00:00.000Z,2018,6,10,28,29.97,26.35,79.35,1.68,20.57,4.65,5.98,208.8,0
6958bb43a2106ae9c65efb48,2018-06-11T00:00:00.000Z,2018,6,11,27.77,29.58,26.37,78.24,0.29,21.26,4.21,5.79,205.4,0
6958bb43a2106ae9c65efb49,2018-06-12T00:00:00.000Z,2018,6,12,28.22,31.2,25.75,75.26,0.03,23.32,3.84,5.26,196.1,0
6958bb43a2106ae9c65efb4a,2018-06-13T00:00:00.000Z,2018,6,13,28.74,31.92,25.64,69.47,0.01,22.76,2.73,4.27,197.1,0
6958bb43a2106ae9c65efb4b,2018-06-14T00:00:00.000Z,2018,6,14,27.89,30.42,26.06,75.5,0.04,19.21,4.56,5.88,216.2,0
6958bb43a2106ae9c65efb4c,2018-06-15T00:00:00.000Z,2018,6,15,27.56,29.76,25.81,77.5,0.45,17.26,6.23,7.62,207.7,0
6958bb43a2106ae9c65efb4d,2018-06-16T00:00:00.000Z,2018,6,16,27.62,29.51,26.39,78.28,0.58,18.03,5.79,6.96,230.2,0
6958bb43a2106ae9c65efb4e,2018-06-17T00:00:00.000Z,2018,6,17,27.05,28.6,25.84,82.04,5.44,17.37,5.9,6.57,236.8,0
6958bb43a2106ae9c65efb4f,2018-06-18T00:00:00.000Z,2018,6,18,26.22,27.23,25.38,83.76,25.04,8.09,6.68,7.9,221.8,0
6958bb43a2106ae9c65efb50,2018-06-19T00:00:00.000Z,2018,6,19,26.47,27.97,25.3,82.26,11.9,8,7.7,10.13,231.7,0
6958bb43a2106ae9c65efb51,2018-06-20T00:00:00.000Z,2018,6,20,27.39,29.56,25.13,75.51,1.95,13.4,3.72,5.15,234.5,0
6958bb43a2106ae9c65efb52,2018-06-21T00:00:00.000Z,2018,6,21,27.75,30.01,26.32,72.48,0.38,16.37,1.23,2.35,307.3,0
6958bb43a2106ae9c65efb53,2018-06-22T00:00:00.000Z,2018,6,22,27.19,28.96,25.83,79.22,0.88,23.37,2.31,3.2,288,0
6958bb43a2106ae9c65efb54,2018-06-23T00:00:00.000Z,2018,6,23,26.69,28.25,25.45,79.24,4.31,14.42,4.27,5.12,223.7,0
6958bb43a2106ae9c65efb55,2018-06-24T00:00:00.000Z,2018,6,24,26.92,29.31,24.96,77.03,4.31,16.75,4.61,6.21,224,0
6958bb43a2106ae9c65efb56,2018-06-25T00:00:00.000Z,2018,6,25,26.28,27.9,25.14,78.69,5.69,14.37,5.12,7.05,229.3,0
6958bb43a2106ae9c65efb57,2018-06-26T00:00:00.000Z,2018,6,26,26.59,29.18,24.85,76.51,2.25,17,4.6,5.85,220.8,0
6958bb43a2106ae9c65efb58,2018-06-27T00:00:00.000Z,2018,6,27,26.7,29.5,24.47,73.99,5.07,20.73,4.53,5.61,211,0
6958bb43a2106ae9c65efb59,2018-06-28T00:00:00.000Z,2018,6,28,26.69,28.72,25.11,76.4,4.18,21.61,4.52,5.86,216.5,0
6958bb43a2106ae9c65efb5a,2018-06-29T00:00:00.000Z,2018,6,29,26.96,29.57,24.86,74.85,1.79,20.43,4.29,6.02,214.7,0
6958bb43a2106ae9c65efb5b,2018-06-30T00:00:00.000Z,2018,6,30,26.92,29.25,25.08,76.88,1.34,20.47,5.4,6.85,199.9,0
6958bb43a2106ae9c65efb5c,2018-07-01T00:00:00.000Z,2018,7,1,27.05,29.68,24.74,74.67,1.05,20.77,3.3,4.78,224,0
6958bb43a2106ae9c65efb5d,2018-07-02T00:00:00.000Z,2018,7,2,27.16,29.47,25.37,74.47,0.09,14.08,3,3.64,229.2,0
6958bb43a2106ae9c65efb5e,2018-07-03T00:00:00.000Z,2018,7,3,27.34,29.92,25.06,75.33,0.21,24.18,3.6,4.77,220.9,0
6958bb43a2106ae9c65efb5f,2018-07-04T00:00:00.000Z,2018,7,4,26.5,28.1,25.36,79.7,0.71,21.53,5.27,6.68,231.4,0
6958bb43a2106ae9c65efb60,2018-07-05T00:00:00.000Z,2018,7,5,26.05,28.32,24.81,76.25,10,15.47,5.89,7.98,223.6,0
6958bb43a2106ae9c65efb61,2018-07-06T00:00:00.000Z,2018,7,6,26.81,29.3,24.7,78.48,3.93,22.72,6.27,8.31,214,0
6958bb43a2106ae9c65efb62,2018-07-07T00:00:00.000Z,2018,7,7,27.36,29.71,25.16,78.75,1.47,21.02,3.99,4.51,220,0
6958bb43a2106ae9c65efb63,2018-07-08T00:00:00.000Z,2018,7,8,27.09,28.9,25.96,81.96,3.8,20.45,5.02,5.92,235.5,0
6958bb43a2106ae9c65efb64,2018-07-09T00:00:00.000Z,2018,7,9,26.47,27.38,25.86,83.74,10.66,11.1,7.45,8.59,229.2,0
6958bb43a2106ae9c65efb65,2018-07-10T00:00:00.000Z,2018,7,10,26.87,29.04,24.99,77.78,5.26,14.66,7.59,9.99,219.8,0
6958bb43a2106ae9c65efb66,2018-07-11T00:00:00.000Z,2018,7,11,26.4,28.13,24.57,79.03,0.21,14.26,5.42,6.86,222.1,0
6958bb43a2106ae9c65efb67,2018-07-12T00:00:00.000Z,2018,7,12,26.9,28.81,25.47,79.12,0.5,22.41,5.52,6.64,220.4,0
6958bb43a2106ae9c65efb68,2018-07-13T00:00:00.000Z,2018,7,13,27.36,30.76,24.61,73.74,1.02,22.01,7.31,8.49,212.4,0
6958bb43a2106ae9c65efb69,2018-07-14T00:00:00.000Z,2018,7,14,26.97,28.76,25.71,78.8,0.46,21.37,9.27,11.43,211.3,0
6958bb43a2106ae9c65efb6a,2018-07-15T00:00:00.000Z,2018,7,15,27.08,28.82,25.66,79.82,0.18,22.94,8.28,10.63,205,0
6958bb43a2106ae9c65efb6b,2018-07-16T00:00:00.000Z,2018,7,16,27.36,29.37,25.67,79.53,0.56,22.54,5.5,6.58,211.3,0
6958bb43a2106ae9c65efb6c,2018-07-17T00:00:00.000Z,2018,7,17,26.57,28.44,25.5,81.05,1.56,12.12,7.25,9.03,230,0
6958bb43a2106ae9c65efb6d,2018-07-18T00:00:00.000Z,2018,7,18,27.24,29.18,25.51,79.38,0.7,20.57,8.45,10.07,224.3,0
6958bb43a2106ae9c65efb6e,2018-07-19T00:00:00.000Z,2018,7,19,27.61,29.91,26.23,78.95,2.97,20.14,9.18,9.75,215.6,0
6958bb43a2106ae9c65efb6f,2018-07-20T00:00:00.000Z,2018,7,20,27.13,28.97,25.95,77.39,2.98,15.54,9.8,11.44,223.1,0
6958bb43a2106ae9c65efb70,2018-07-21T00:00:00.000Z,2018,7,21,27.2,29.57,25.59,77.35,0.14,20.83,7.81,8.33,215,0
6958bb43a2106ae9c65efb71,2018-07-22T00:00:00.000Z,2018,7,22,27.14,29.35,25.43,77.06,0.44,21.93,6.42,7.24,214.3,0
6958bb43a2106ae9c65efb72,2018-07-23T00:00:00.000Z,2018,7,23,27.28,29.96,25.32,76.94,0.25,21.04,6.17,7.29,207.4,0
6958bb43a2106ae9c65efb73,2018-07-24T00:00:00.000Z,2018,7,24,27.31,29.4,25.51,76.57,0.08,21.5,5.98,7.95,215.2,0
6958bb43a2106ae9c65efb74,2018-07-25T00:00:00.000Z,2018,7,25,27.65,30.33,25.76,76.09,2.23,19.75,6.24,7.19,209.2,0
6958bb43a2106ae9c65efb75,2018-07-26T00:00:00.000Z,2018,7,26,27.38,29.01,26.22,79.82,6.36,17.75,6.57,7.9,222.6,0
6958bb43a2106ae9c65efb76,2018-07-27T00:00:00.000Z,2018,7,27,27.29,29.16,26.15,81.77,12.78,16.55,7.46,9.29,225.5,0
6958bb43a2106ae9c65efb77,2018-07-28T00:00:00.000Z,2018,7,28,26.51,27.78,25.76,83.65,23.8,12.34,7.16,8.67,223.6,0
6958bb43a2106ae9c65efb78,2018-07-29T00:00:00.000Z,2018,7,29,26.24,27.86,25.36,83.53,32.68,10.04,8.56,10.86,224.2,0
6958bb43a2106ae9c65efb79,2018-07-30T00:00:00.000Z,2018,7,30,26.23,27.63,25.12,79.98,11.36,8.82,6.44,8.51,220.8,0
6958bb43a2106ae9c65efb7a,2018-07-31T00:00:00.000Z,2018,7,31,27.1,30.28,24.66,75.04,0.25,17.72,4.87,5.98,227.7,0
6958bb43a2106ae9c65efb7b,2018-08-01T00:00:00.000Z,2018,8,1,26.89,28.79,25.44,80.49,0.74,21.9,5.14,6.21,228.7,0
6958bb43a2106ae9c65efb7c,2018-08-02T00:00:00.000Z,2018,8,2,27.18,30.18,25.46,75.69,0.39,21.51,4.26,4.82,224.3,0
6958bb43a2106ae9c65efb7d,2018-08-03T00:00:00.000Z,2018,8,3,27.08,29.84,25.25,79.41,0.21,24.08,4.19,4.93,223.4,0
6958bb43a2106ae9c65efb7e,2018-08-04T00:00:00.000Z,2018,8,4,26.92,29.7,25.28,79.11,0.06,24.59,5.54,6.89,229,0
6958bb43a2106ae9c65efb7f,2018-08-05T00:00:00.000Z,2018,8,5,27.17,29.48,25.34,79.6,1.06,22.18,6.78,7.82,219.8,0
6958bb43a2106ae9c65efb80,2018-08-06T00:00:00.000Z,2018,8,6,26.94,28.47,25.58,81.92,1.28,21.3,8.14,9.4,226.4,0
6958bb43a2106ae9c65efb81,2018-08-07T00:00:00.000Z,2018,8,7,26.89,28.37,25.95,81.28,1.44,17.19,7.98,9.4,230,0
6958bb43a2106ae9c65efb82,2018-08-08T00:00:00.000Z,2018,8,8,26.88,28.54,25.86,80.72,0.96,10.84,7.19,9.09,226.8,0
6958bb43a2106ae9c65efb83,2018-08-09T00:00:00.000Z,2018,8,9,26.32,27.85,25.18,81.37,4.34,11.28,6.65,8.48,223.7,0
6958bb43a2106ae9c65efb84,2018-08-10T00:00:00.000Z,2018,8,10,26.73,29.02,25.12,79.49,3.3,17.2,6.77,8.02,216.5,0
6958bb43a2106ae9c65efb85,2018-08-11T00:00:00.000Z,2018,8,11,26.55,28.08,25.43,81.63,1.48,20.55,8,10.19,219.3,0
6958bb43a2106ae9c65efb86,2018-08-12T00:00:00.000Z,2018,8,12,27.2,29.33,25.64,78.22,0.71,21.13,8.07,9.55,213.6,0
6958bb43a2106ae9c65efb87,2018-08-13T00:00:00.000Z,2018,8,13,27.13,29.07,25.67,79.76,1.11,18.61,7.45,9.46,209.6,0
6958bb43a2106ae9c65efb88,2018-08-14T00:00:00.000Z,2018,8,14,26.94,28.64,25.81,81.92,2.05,18.36,5.96,7.97,213.8,0
6958bb43a2106ae9c65efb89,2018-08-15T00:00:00.000Z,2018,8,15,27.68,30.31,25.66,76.94,3.26,22.71,4.6,5.68,218.1,0
6958bb43a2106ae9c65efb8a,2018-08-16T00:00:00.000Z,2018,8,16,27.35,30.41,25.57,75.93,1.61,22.19,4.55,6.83,239.5,0
6958bb43a2106ae9c65efb8b,2018-08-17T00:00:00.000Z,2018,8,17,27.19,29.11,25.72,78.86,1.46,20,6.57,7.69,234.9,0
6958bb43a2106ae9c65efb8c,2018-08-18T00:00:00.000Z,2018,8,18,27.38,29.37,26.04,79.08,4.72,20.56,7.46,8.61,220.6,0
6958bb43a2106ae9c65efb8d,2018-08-19T00:00:00.000Z,2018,8,19,26.48,27.77,25.39,83.44,24.3,10.24,7.37,9.84,222.6,0
6958bb43a2106ae9c65efb8e,2018-08-20T00:00:00.000Z,2018,8,20,26.65,28.63,25.35,81.6,6.41,13.57,5.25,6.21,231.5,0
6958bb43a2106ae9c65efb8f,2018-08-21T00:00:00.000Z,2018,8,21,26.07,27.03,25.3,84.99,14.78,9.16,6.65,7.76,242.4,0
6958bb43a2106ae9c65efb90,2018-08-22T00:00:00.000Z,2018,8,22,25.56,26.53,24.86,86.49,27.48,8.21,6.76,7.81,238.7,0
6958bb43a2106ae9c65efb91,2018-08-23T00:00:00.000Z,2018,8,23,25.98,27.69,24.99,82.31,3.74,14.23,7.6,8.77,224.7,0
6958bb43a2106ae9c65efb92,2018-08-24T00:00:00.000Z,2018,8,24,26.64,29.36,25,76.49,1.08,19.65,6.52,7.47,204.6,0
6958bb43a2106ae9c65efb93,2018-08-25T00:00:00.000Z,2018,8,25,26.5,29.05,24.55,73.77,1.93,19.01,6.16,8.33,216.2,0
6958bb43a2106ae9c65efb94,2018-08-26T00:00:00.000Z,2018,8,26,26.75,29.51,24.67,76.85,0.36,20.09,4.66,5.74,209,0
6958bb43a2106ae9c65efb95,2018-08-27T00:00:00.000Z,2018,8,27,26.87,29.49,24.87,78.14,2.43,17.74,5.37,6.09,198,0
6958bb43a2106ae9c65efb96,2018-08-28T00:00:00.000Z,2018,8,28,27.3,30.38,24.96,76,0.78,22.03,4.98,6.02,188.8,0
6958bb43a2106ae9c65efb97,2018-08-29T00:00:00.000Z,2018,8,29,27.47,30.94,24.85,71.89,0.17,23.7,2.93,4.08,205.4,0
6958bb43a2106ae9c65efb98,2018-08-30T00:00:00.000Z,2018,8,30,27.17,30.3,25.06,74.27,0.71,23.24,4.29,6.59,223.3,0
6958bb43a2106ae9c65efb99,2018-08-31T00:00:00.000Z,2018,8,31,26.65,29.43,24.82,71.38,1.29,22.08,5.57,7.14,199.5,0
6958bb43a2106ae9c65efb9a,2018-09-01T00:00:00.000Z,2018,9,1,27.02,29.84,24.73,74.44,0.06,24.3,3.95,5.41,225.1,0
6958bb43a2106ae9c65efb9b,2018-09-02T00:00:00.000Z,2018,9,2,27,29.67,25.15,77.28,0.19,17.57,4.4,5.37,237.6,0
6958bb43a2106ae9c65efb9c,2018-09-03T00:00:00.000Z,2018,9,3,26.49,28.64,24.85,78.9,3.2,20.77,5.22,6.26,233.2,0
6958bb43a2106ae9c65efb9d,2018-09-04T00:00:00.000Z,2018,9,4,25.34,26.59,24.43,78.9,2.06,7.93,6.68,9.31,220,0
6958bb43a2106ae9c65efb9e,2018-09-05T00:00:00.000Z,2018,9,5,26.7,29.87,24.1,75.14,0.18,15.57,4.18,5.34,225.6,0
6958bb43a2106ae9c65efb9f,2018-09-06T00:00:00.000Z,2018,9,6,26.78,28.74,25.08,78.79,1.35,21.02,3.33,3.89,258.3,0
6958bb43a2106ae9c65efba0,2018-09-07T00:00:00.000Z,2018,9,7,26.59,28.43,24.8,80.53,2.61,21.8,3.87,5.38,268.2,0
6958bb43a2106ae9c65efba1,2018-09-08T00:00:00.000Z,2018,9,8,26.95,28.58,25.77,81.44,4.87,21.15,4.97,6.07,260.8,0
6958bb43a2106ae9c65efba2,2018-09-09T00:00:00.000Z,2018,9,9,26.7,28.8,24.8,76.97,5.25,17.09,5.73,6.9,217.3,0
6958bb43a2106ae9c65efba3,2018-09-10T00:00:00.000Z,2018,9,10,25.36,27.03,23.84,78.58,3.05,19.04,5.39,7,216.3,0
6958bb43a2106ae9c65efba4,2018-09-11T00:00:00.000Z,2018,9,11,26.17,28.27,24.54,77.08,1.19,15.07,3.07,4.19,229.4,0
6958bb43a2106ae9c65efba5,2018-09-12T00:00:00.000Z,2018,9,12,26.7,29.42,24.63,77.58,2.26,22.18,4.48,5.7,231.5,0
6958bb43a2106ae9c65efba6,2018-09-13T00:00:00.000Z,2018,9,13,26.79,29.12,25.26,79.32,2.87,21.98,5.16,6.18,224.7,0
6958bb43a2106ae9c65efba7,2018-09-14T00:00:00.000Z,2018,9,14,26.3,28.35,24.95,80.23,1.47,19.87,5.12,5.82,239.4,0
6958bb43a2106ae9c65efba8,2018-09-15T00:00:00.000Z,2018,9,15,25.82,27.61,24.52,83.93,6.7,15.22,5.21,6.93,252.7,0
6958bb43a2106ae9c65efba9,2018-09-16T00:00:00.000Z,2018,9,16,25.71,26.68,24.91,85,9.11,17.64,5.46,7.93,227.4,0
6958bb43a2106ae9c65efbaa,2018-09-17T00:00:00.000Z,2018,9,17,25.99,27.74,24.9,84.02,22.14,12.14,6.43,8.98,215.6,0
6958bb43a2106ae9c65efbab,2018-09-18T00:00:00.000Z,2018,9,18,26.12,27.29,25.03,80.65,19.6,10.65,4.72,6.32,210.7,0
6958bb43a2106ae9c65efbac,2018-09-19T00:00:00.000Z,2018,9,19,26.54,28.45,24.6,76.2,2.01,21.85,3.27,4.18,201.3,0
6958bb43a2106ae9c65efbad,2018-09-20T00:00:00.000Z,2018,9,20,27.41,29.95,25.21,74.01,0.61,24.43,1.98,3.07,91.1,0
6958bb43a2106ae9c65efbae,2018-09-21T00:00:00.000Z,2018,9,21,27.03,28.58,25.92,80.45,0.38,24.07,2.22,4.42,35.5,0
6958bb43a2106ae9c65efbaf,2018-09-22T00:00:00.000Z,2018,9,22,26.28,28.24,25.01,81.82,6.88,19.55,2.91,4.49,29.4,0
6958bb43a2106ae9c65efbb0,2018-09-23T00:00:00.000Z,2018,9,23,25.92,27.25,24.77,83.32,25.68,18.76,2.21,4.11,241.8,0
6958bb43a2106ae9c65efbb1,2018-09-24T00:00:00.000Z,2018,9,24,26.88,29.26,25.08,79.76,15.8,16.36,5.34,6.47,202,0
6958bb43a2106ae9c65efbb2,2018-09-25T00:00:00.000Z,2018,9,25,26.05,27.5,24.89,82.24,1.37,18.27,3.82,4.85,229.8,0
6958bb43a2106ae9c65efbb3,2018-09-26T00:00:00.000Z,2018,9,26,26.83,29.78,24.65,78.29,0.78,21.78,4.11,5.35,223.7,0
6958bb43a2106ae9c65efbb4,2018-09-27T00:00:00.000Z,2018,9,27,27.28,30.25,25.07,76.06,0.96,22.29,2.75,4.43,251.8,0
6958bb43a2106ae9c65efbb5,2018-09-28T00:00:00.000Z,2018,9,28,26.8,28.63,25.52,79.61,3.83,16.32,2.1,3.33,352,0
6958bb43a2106ae9c65efbb6,2018-09-29T00:00:00.000Z,2018,9,29,26.78,28.7,25.24,81.76,7.51,22.02,2.23,2.98,8.6,0
6958bb43a2106ae9c65efbb7,2018-09-30T00:00:00.000Z,2018,9,30,26.08,26.86,25.62,88.09,7.3,17.65,2.48,3.66,289.6,0
6958bb43a2106ae9c65efbb8,2018-10-01T00:00:00.000Z,2018,10,1,26.72,28.58,25.66,83.41,10.12,16.12,3.77,4.77,235.1,0
6958bb43a2106ae9c65efbb9,2018-10-02T00:00:00.000Z,2018,10,2,26.5,27.69,25.49,83.91,5.38,15.07,2.75,5.1,253.7,0
6958bb43a2106ae9c65efbba,2018-10-03T00:00:00.000Z,2018,10,3,26.94,28.51,25.69,82.49,1.61,20.28,2.27,3.18,331.9,0
6958bb43a2106ae9c65efbbb,2018-10-04T00:00:00.000Z,2018,10,4,26.45,27.44,25.46,85.08,16.73,9.5,2.64,3.12,291.6,0
6958bb43a2106ae9c65efbbc,2018-10-05T00:00:00.000Z,2018,10,5,26.22,27.97,25.09,85.62,6.57,16.13,4.2,5.25,239.3,0
6958bb43a2106ae9c65efbbd,2018-10-06T00:00:00.000Z,2018,10,6,26.19,28.17,24.88,82.25,29.5,17.16,2.82,3.54,228.7,0
6958bb43a2106ae9c65efbbe,2018-10-07T00:00:00.000Z,2018,10,7,26.05,27.8,25.03,81.41,25.79,18.4,2.11,2.97,321.6,0
6958bb43a2106ae9c65efbbf,2018-10-08T00:00:00.000Z,2018,10,8,26.02,27.63,24.67,79.47,7.34,17.35,1.64,3.26,321.5,0
6958bb43a2106ae9c65efbc0,2018-10-09T00:00:00.000Z,2018,10,9,26.23,27.75,25.09,78.91,8.73,18.52,1.14,2.17,332,0
6958bb43a2106ae9c65efbc1,2018-10-10T00:00:00.000Z,2018,10,10,25.29,26.37,24.77,88.11,8.51,11.61,3.06,4.16,316.4,0
6958bb43a2106ae9c65efbc2,2018-10-11T00:00:00.000Z,2018,10,11,25.76,27.69,24.35,81.61,2.94,7.39,2.66,3.23,282.5,0
6958bb43a2106ae9c65efbc3,2018-10-12T00:00:00.000Z,2018,10,12,25.52,27.41,24.16,81.6,9.87,11.83,2.35,3.19,326.8,0
6958bb43a2106ae9c65efbc4,2018-10-13T00:00:00.000Z,2018,10,13,25.36,27.13,23.83,83.65,13.38,17.68,2.66,3.32,349.4,0
6958bb43a2106ae9c65efbc5,2018-10-14T00:00:00.000Z,2018,10,14,26.21,27.81,24.69,83.18,23.72,10.04,1.88,3.13,14.6,0
6958bb43a2106ae9c65efbc6,2018-10-15T00:00:00.000Z,2018,10,15,26.48,28.39,25.21,81.36,3.92,19.81,2.73,3.44,252.1,0
6958bb43a2106ae9c65efbc7,2018-10-16T00:00:00.000Z,2018,10,16,25.75,26.61,25,83.84,10.27,15.53,3.36,3.78,222.5,0
6958bb43a2106ae9c65efbc8,2018-10-17T00:00:00.000Z,2018,10,17,25.65,27.35,24.49,84.13,7.68,14.56,5.5,6.61,229.8,0
6958bb43a2106ae9c65efbc9,2018-10-18T00:00:00.000Z,2018,10,18,25.6,27.44,24.1,82.21,1.78,18.95,5.16,6.76,244.4,0
6958bb43a2106ae9c65efbca,2018-10-19T00:00:00.000Z,2018,10,19,26.53,28.69,24.54,78.1,1.58,8.4,3.51,4.37,233.8,0
6958bb43a2106ae9c65efbcb,2018-10-20T00:00:00.000Z,2018,10,20,26.1,27.64,25.03,81.55,3.68,19.81,3.59,5.41,245.4,0
6958bb43a2106ae9c65efbcc,2018-10-21T00:00:00.000Z,2018,10,21,26.35,28.51,24.58,80.68,1.17,20.66,2.84,3.69,248.5,0
6958bb43a2106ae9c65efbcd,2018-10-22T00:00:00.000Z,2018,10,22,26.74,29,25.22,78.76,5.64,22.19,1.56,2.48,278.1,0
6958bb43a2106ae9c65efbce,2018-10-23T00:00:00.000Z,2018,10,23,26.78,28.84,25.31,75.96,2.9,16.14,2.51,3.2,231.4,0
6958bb43a2106ae9c65efbcf,2018-10-24T00:00:00.000Z,2018,10,24,26.61,29.03,24.68,78.84,2.84,22.12,2.9,3.85,249.2,0
6958bb43a2106ae9c65efbd0,2018-10-25T00:00:00.000Z,2018,10,25,26.17,27.78,25,83.26,24.05,19.74,2,2.81,275,0
6958bb43a2106ae9c65efbd1,2018-10-26T00:00:00.000Z,2018,10,26,26.41,28.16,25.1,81.6,14.24,20.81,1.83,2.45,318,0
6958bb43a2106ae9c65efbd2,2018-10-27T00:00:00.000Z,2018,10,27,27.13,29.44,25.19,76.56,0.78,20.1,1.65,2.95,35.3,0
6958bb43a2106ae9c65efbd3,2018-10-28T00:00:00.000Z,2018,10,28,26.53,27.18,25.72,79.84,13.4,15.41,0.98,1.51,358.9,0
6958bb43a2106ae9c65efbd4,2018-10-29T00:00:00.000Z,2018,10,29,26.91,28.2,25.81,81.74,3.42,23.3,2.19,3.71,60.1,0
6958bb43a2106ae9c65efbd5,2018-10-30T00:00:00.000Z,2018,10,30,27.1,28.59,25.72,84.26,5.76,19.45,3.5,4.59,71.7,0
6958bb43a2106ae9c65efbd6,2018-10-31T00:00:00.000Z,2018,10,31,26.92,27.9,26.24,85.01,5.11,19.74,4.46,6.31,91.7,0
6958bb43a2106ae9c65efbd7,2018-11-01T00:00:00.000Z,2018,11,1,26.52,27.37,25.65,85.1,6.16,17.51,3.08,4.57,86.8,0
6958bb43a2106ae9c65efbd8,2018-11-02T00:00:00.000Z,2018,11,2,26.68,28.03,25.42,83.57,3.23,16.41,4.23,5.32,72.5,0
6958bb43a2106ae9c65efbd9,2018-11-03T00:00:00.000Z,2018,11,3,26.98,28.79,25.63,84.17,9.69,12.9,4.59,5.99,65.2,0
6958bb43a2106ae9c65efbda,2018-11-04T00:00:00.000Z,2018,11,4,26.27,27.23,25.53,86.24,39.75,17.47,2.69,4.9,74,0
6958bb43a2106ae9c65efbdb,2018-11-05T00:00:00.000Z,2018,11,5,26.01,26.67,25.43,87.61,10.35,15.79,3.83,4.92,54.1,0
6958bb43a2106ae9c65efbdc,2018-11-06T00:00:00.000Z,2018,11,6,26.1,26.96,25.09,87.85,30.99,14.07,4.45,6.33,67.4,0
6958bb43a2106ae9c65efbdd,2018-11-07T00:00:00.000Z,2018,11,7,26.59,28.11,25.44,85.54,4.01,18.23,4.73,6.39,74.9,0
6958bb43a2106ae9c65efbde,2018-11-08T00:00:00.000Z,2018,11,8,26.51,27.59,25.37,82.59,6.5,19.17,2.6,5.47,69.6,0
6958bb43a2106ae9c65efbdf,2018-11-09T00:00:00.000Z,2018,11,9,25.81,26.67,24.69,83.17,25.93,14.6,3.85,6.42,213,0
6958bb43a2106ae9c65efbe0,2018-11-10T00:00:00.000Z,2018,11,10,26.04,28.19,24.31,79.55,13.18,14.11,3.13,3.79,212,0
6958bb43a2106ae9c65efbe1,2018-11-11T00:00:00.000Z,2018,11,11,26.29,27.83,24.85,80.51,16.22,17.62,3.15,3.62,197.5,0
6958bb43a2106ae9c65efbe2,2018-11-12T00:00:00.000Z,2018,11,12,27.15,29.71,24.96,75.38,2.59,17.93,2.49,3.37,181.8,0
6958bb43a2106ae9c65efbe3,2018-11-13T00:00:00.000Z,2018,11,13,26.61,28.87,25.21,80.93,19.48,14.9,2.68,3.54,198,0
6958bb43a2106ae9c65efbe4,2018-11-14T00:00:00.000Z,2018,11,14,25.49,26.57,24.77,87.96,6.27,12.34,1.76,2.78,298.9,0
6958bb43a2106ae9c65efbe5,2018-11-15T00:00:00.000Z,2018,11,15,25.83,27.5,24.47,83.04,5.52,15.5,1.27,1.81,340.6,0
6958bb43a2106ae9c65efbe6,2018-11-16T00:00:00.000Z,2018,11,16,26.48,28.33,25.46,81.38,56.28,14.65,1.13,2.44,180.7,0
6958bb43a2106ae9c65efbe7,2018-11-17T00:00:00.000Z,2018,11,17,27.02,29.59,24.83,77.47,6.9,18.67,2.48,3.59,163.6,0
6958bb43a2106ae9c65efbe8,2018-11-18T00:00:00.000Z,2018,11,18,26.8,28.38,25.54,79.1,31.52,16.56,1.9,2.69,161.2,0
6958bb43a2106ae9c65efbe9,2018-11-19T00:00:00.000Z,2018,11,19,26.76,28.37,25.17,73.46,31.77,12.01,1.6,2.29,173.3,0
6958bb43a2106ae9c65efbea,2018-11-20T00:00:00.000Z,2018,11,20,25.77,26.97,24.9,83.1,3.77,17.52,2.18,3.4,352,0
6958bb43a2106ae9c65efbeb,2018-11-21T00:00:00.000Z,2018,11,21,25.56,26.66,24.71,83.57,13.18,5.89,3.29,5.31,326.6,0
6958bb43a2106ae9c65efbec,2018-11-22T00:00:00.000Z,2018,11,22,25.82,26.82,24.88,83.72,42.24,8.84,2.25,4.31,53.8,0
6958bb43a2106ae9c65efbed,2018-11-23T00:00:00.000Z,2018,11,23,25.83,27.81,24.12,80.13,8.48,20.06,2.08,4.2,164.1,0
6958bb43a2106ae9c65efbee,2018-11-24T00:00:00.000Z,2018,11,24,26.81,28.93,25.35,75.63,10.94,15.84,1.42,2.78,44.3,0
6958bb43a2106ae9c65efbef,2018-11-25T00:00:00.000Z,2018,11,25,26.54,27.73,25.48,82,5.87,13.74,2.87,3.9,353.7,0
6958bb43a2106ae9c65efbf0,2018-11-26T00:00:00.000Z,2018,11,26,26.61,27.58,25.53,79.24,1.1,17.08,1.55,2.17,355.9,0
6958bb43a2106ae9c65efbf1,2018-11-27T00:00:00.000Z,2018,11,27,27.12,28.66,25.93,75.14,0.16,21.06,1.73,2.32,22,0
6958bb43a2106ae9c65efbf2,2018-11-28T00:00:00.000Z,2018,11,28,26.35,27.49,25.24,85.63,1,16.86,3.58,5.27,33.6,0
6958bb43a2106ae9c65efbf3,2018-11-29T00:00:00.000Z,2018,11,29,26.74,28.08,25.72,85.31,12.63,17.8,3.3,5.1,69.5,0
6958bb43a2106ae9c65efbf4,2018-11-30T00:00:00.000Z,2018,11,30,26.88,28.39,25.7,85.28,4.91,19.04,3.13,4.02,68.1,0
6958bb43a2106ae9c65efbf5,2018-12-01T00:00:00.000Z,2018,12,1,27.25,28.99,25.89,79.78,38.43,17.57,1.71,3.2,88.1,0
6958bb43a2106ae9c65efbf6,2018-12-02T00:00:00.000Z,2018,12,2,26.77,27.86,25.79,84.45,9.48,18.34,4.16,5.45,83.2,0
6958bb43a2106ae9c65efbf7,2018-12-03T00:00:00.000Z,2018,12,3,27.09,28.72,25.53,83.03,1.05,18.92,5.04,6.21,76.7,0
6958bb43a2106ae9c65efbf8,2018-12-04T00:00:00.000Z,2018,12,4,26.59,27.8,25.78,86.82,4.45,7.72,4.17,4.87,69.2,0
6958bb43a2106ae9c65efbf9,2018-12-05T00:00:00.000Z,2018,12,5,26.69,27.97,25.81,87.08,7.44,16.7,2.8,4.92,86.3,0
6958bb43a2106ae9c65efbfa,2018-12-06T00:00:00.000Z,2018,12,6,25.79,26.71,24.66,89.79,86.08,10.73,2.17,3.25,41.7,0
6958bb43a2106ae9c65efbfb,2018-12-07T00:00:00.000Z,2018,12,7,25.7,26.7,24.41,83.31,1.31,15.89,1.55,2.59,354.4,0
6958bb43a2106ae9c65efbfc,2018-12-08T00:00:00.000Z,2018,12,8,26.18,27.75,25.07,82.13,4.26,18.74,0.73,1.68,338.3,0
6958bb43a2106ae9c65efbfd,2018-12-09T00:00:00.000Z,2018,12,9,26.6,28.53,25.34,80.88,1.71,19.86,1.45,3.09,338,0
6958bb43a2106ae9c65efbfe,2018-12-10T00:00:00.000Z,2018,12,10,26.05,27.33,25.2,83.99,14.59,13.96,1.81,2.86,331.7,0
6958bb43a2106ae9c65efbff,2018-12-11T00:00:00.000Z,2018,12,11,26.28,28.05,25.02,82.1,35.18,16.57,1.19,2.34,91,0
6958bb43a2106ae9c65efc00,2018-12-12T00:00:00.000Z,2018,12,12,26.28,27.73,25.45,83.7,14.18,17.63,2.49,4.64,97.4,0
6958bb43a2106ae9c65efc01,2018-12-13T00:00:00.000Z,2018,12,13,25.18,25.92,24.02,84.78,46.72,8.52,2.43,3.91,210,0
6958bb43a2106ae9c65efc02,2018-12-14T00:00:00.000Z,2018,12,14,25.72,27.52,23.5,78.35,0.13,17.64,2.69,4.23,174.1,0
6958bb43a2106ae9c65efc03,2018-12-15T00:00:00.000Z,2018,12,15,26.64,28.99,24.87,75.39,1.24,17.51,2.07,2.99,269.2,0
6958bb43a2106ae9c65efc04,2018-12-16T00:00:00.000Z,2018,12,16,25.77,26.81,24.85,85.33,5.11,11.02,2.93,3.86,29.2,0
6958bb43a2106ae9c65efc05,2018-12-17T00:00:00.000Z,2018,12,17,25.83,26.69,24.97,89.82,6.55,14.43,5.75,7.71,68,0
6958bb43a2106ae9c65efc06,2018-12-18T00:00:00.000Z,2018,12,18,26.95,28.65,25.36,81.6,36.27,16.62,3.09,5.82,138.4,0
6958bb43a2106ae9c65efc07,2018-12-19T00:00:00.000Z,2018,12,19,25.69,27.65,23.51,77.39,23.09,15.83,2.53,4.36,151.5,0
6958bb43a2106ae9c65efc08,2018-12-20T00:00:00.000Z,2018,12,20,27.37,29.72,25.06,67.93,4.08,15.76,1.61,2.77,147.9,0
6958bb43a2106ae9c65efc09,2018-12-21T00:00:00.000Z,2018,12,21,26.56,27.85,25.4,78.69,3.61,20.75,2.22,3.35,355.8,0
6958bb43a2106ae9c65efc0a,2018-12-22T00:00:00.000Z,2018,12,22,26.11,27.05,25.21,85.55,1.4,16.83,3.28,4.43,26.5,0
6958bb43a2106ae9c65efc0b,2018-12-23T00:00:00.000Z,2018,12,23,26.43,28.34,24.79,83.5,0.28,19.85,2.59,3.51,40.2,0
6958bb43a2106ae9c65efc0c,2018-12-24T00:00:00.000Z,2018,12,24,26.76,27.96,25.66,77.52,0.31,17.36,0.97,1.95,10.4,0
6958bb43a2106ae9c65efc0d,2018-12-25T00:00:00.000Z,2018,12,25,26.88,28.84,25.8,77.21,2.12,16.61,1.24,2.29,288.9,0
6958bb43a2106ae9c65efc0e,2018-12-26T00:00:00.000Z,2018,12,26,25.88,26.64,25.18,80.52,0.9,13.61,1.36,2,334.7,0
6958bb43a2106ae9c65efc0f,2018-12-27T00:00:00.000Z,2018,12,27,26.15,27.46,24.96,78.8,0.79,19.49,2.2,2.95,339.2,0
6958bb43a2106ae9c65efc10,2018-12-28T00:00:00.000Z,2018,12,28,26.18,28.17,24.6,77.52,1.3,20.81,2.47,3.44,351.2,0
6958bb43a2106ae9c65efc11,2018-12-29T00:00:00.000Z,2018,12,29,26.23,27.97,24.96,77.04,0.2,19.07,1.89,2.51,11.3,0
6958bb43a2106ae9c65efc12,2018-12-30T00:00:00.000Z,2018,12,30,26.6,28.91,25.02,74.9,1.69,20.87,1.89,3.15,18.5,0
6958bb43a2106ae9c65efc13,2018-12-31T00:00:00.000Z,2018,12,31,26.69,28.5,25.09,76.33,0.27,19.97,2.15,2.59,35.4,0
6958bb43a2106ae9c65efc14,2019-01-01T00:00:00.000Z,2019,1,1,26.15,27.56,25.07,83.78,0.25,20.7,3.02,3.83,49.5,0
6958bb43a2106ae9c65efc15,2019-01-02T00:00:00.000Z,2019,1,2,26.22,27.73,24.81,83.85,0.09,18.52,4.41,5.67,65.5,0
6958bb43a2106ae9c65efc16,2019-01-03T00:00:00.000Z,2019,1,3,26.56,28.16,25.18,78.48,0,21.31,4.15,4.64,48.4,0
6958bb43a2106ae9c65efc17,2019-01-04T00:00:00.000Z,2019,1,4,26.23,28.5,24.44,74.71,0,21.58,4.14,5.94,47.1,0
6958bb43a2106ae9c65efc18,2019-01-05T00:00:00.000Z,2019,1,5,26.42,28.67,24.13,77.13,0,22.2,2.44,3.09,284.9,0
6958bb43a2106ae9c65efc19,2019-01-06T00:00:00.000Z,2019,1,6,27.22,29.75,24.64,75.43,0.76,20.4,1.85,3.57,170.4,0
6958bb43a2106ae9c65efc1a,2019-01-07T00:00:00.000Z,2019,1,7,27.61,30.06,25.3,77.17,19.27,18.18,1.57,3.55,92.2,0
6958bb43a2106ae9c65efc1b,2019-01-08T00:00:00.000Z,2019,1,8,26.79,28.4,25.94,85.02,8.15,18.83,2.32,6.06,57.7,0
6958bb43a2106ae9c65efc1c,2019-01-09T00:00:00.000Z,2019,1,9,26.76,28.5,25.24,82.84,25.46,15.76,5.04,6.91,83.1,0
6958bb43a2106ae9c65efc1d,2019-01-10T00:00:00.000Z,2019,1,10,26.96,28.7,25.58,84.22,8.26,15.7,4.3,5.28,83.6,0
6958bb43a2106ae9c65efc1e,2019-01-11T00:00:00.000Z,2019,1,11,26.61,27.64,25.7,84.71,6.01,12.69,5.05,6.21,72.4,0
6958bb43a2106ae9c65efc1f,2019-01-12T00:00:00.000Z,2019,1,12,26.81,28.7,25.37,81.3,0.51,20.49,5.18,6.42,72.1,0
6958bb43a2106ae9c65efc20,2019-01-13T00:00:00.000Z,2019,1,13,26.43,28.21,25.04,83.21,0.29,21.76,4.17,5.5,79.3,0
6958bb43a2106ae9c65efc21,2019-01-14T00:00:00.000Z,2019,1,14,26.92,28.64,25.67,77.77,3.24,19.05,1.82,3.14,98.9,0
6958bb43a2106ae9c65efc22,2019-01-15T00:00:00.000Z,2019,1,15,26.66,28,25.82,79.12,3.17,17.98,1.53,2.59,49.4,0
6958bb43a2106ae9c65efc23,2019-01-16T00:00:00.000Z,2019,1,16,26.31,27.62,25.2,78.57,0.52,20.83,2.27,3.56,57.8,0
6958bb43a2106ae9c65efc24,2019-01-17T00:00:00.000Z,2019,1,17,26.66,29.09,24.6,80.75,0.5,18.08,4.01,5.35,71,0
6958bb43a2106ae9c65efc25,2019-01-18T00:00:00.000Z,2019,1,18,26.9,28.86,25.36,81.86,2.46,17.11,4.74,7.09,80.7,0
6958bb43a2106ae9c65efc26,2019-01-19T00:00:00.000Z,2019,1,19,26.79,28.21,25.4,81.55,2.07,16.2,5.49,6.63,72.6,0
6958bb43a2106ae9c65efc27,2019-01-20T00:00:00.000Z,2019,1,20,26.76,28.11,25.91,82.14,6.83,15.42,4.42,7.66,66.7,0
6958bb43a2106ae9c65efc28,2019-01-21T00:00:00.000Z,2019,1,21,26.5,27.97,25.5,82.18,4.57,16.97,2.64,4.02,132.7,0
6958bb43a2106ae9c65efc29,2019-01-22T00:00:00.000Z,2019,1,22,26.65,28.36,25.01,80.25,1.53,18.75,2.87,4.08,81.2,0
6958bb43a2106ae9c65efc2a,2019-01-23T00:00:00.000Z,2019,1,23,27.06,29.15,25.1,81.1,0.59,22.29,5.25,6.26,76.6,0
6958bb43a2106ae9c65efc2b,2019-01-24T00:00:00.000Z,2019,1,24,27.07,28.94,25.34,79.35,0.18,19.86,4.56,6.44,77.6,0
6958bb43a2106ae9c65efc2c,2019-01-25T00:00:00.000Z,2019,1,25,26.87,28.75,25.13,78.73,0.07,19.38,5.15,7.05,68.6,0
6958bb43a2106ae9c65efc2d,2019-01-26T00:00:00.000Z,2019,1,26,26.45,27.98,25.06,76.7,0.12,14.45,6.2,7.97,66.4,0
6958bb43a2106ae9c65efc2e,2019-01-27T00:00:00.000Z,2019,1,27,25.91,27.99,24.5,81,6.32,14.82,5.91,7.37,70.7,0
6958bb43a2106ae9c65efc2f,2019-01-28T00:00:00.000Z,2019,1,28,25.69,27.18,24.18,84.44,15.59,18.98,4.23,6.14,82.9,0
6958bb43a2106ae9c65efc30,2019-01-29T00:00:00.000Z,2019,1,29,26.24,28.12,24.9,84.61,2.44,17.37,4.95,6.57,60.2,0
6958bb43a2106ae9c65efc31,2019-01-30T00:00:00.000Z,2019,1,30,26.86,28.74,25.36,82.72,0.59,19.99,5.51,6.99,75.7,0
6958bb43a2106ae9c65efc32,2019-01-31T00:00:00.000Z,2019,1,31,26.44,27.98,25.2,82.99,14.3,16.16,3.55,4.73,70.3,0
6958bb43a2106ae9c65efc33,2019-02-01T00:00:00.000Z,2019,2,1,26.29,27.87,25.15,82.76,21.05,14.55,3.11,5.11,86.4,0
6958bb43a2106ae9c65efc34,2019-02-02T00:00:00.000Z,2019,2,2,26.53,28.2,24.87,82.53,5.96,17.66,3.27,4.79,60.7,0
6958bb43a2106ae9c65efc35,2019-02-03T00:00:00.000Z,2019,2,3,26.6,28.52,25.14,84.4,28.08,19.59,3.78,5.02,60.8,0
6958bb43a2106ae9c65efc36,2019-02-04T00:00:00.000Z,2019,2,4,26.63,28.31,25.15,84.4,9.77,17.77,3.77,4.73,44.9,0
6958bb43a2106ae9c65efc37,2019-02-05T00:00:00.000Z,2019,2,5,26.48,27.97,25.05,85.74,1.9,19.12,4.43,6,42.7,0
6958bb43a2106ae9c65efc38,2019-02-06T00:00:00.000Z,2019,2,6,27.36,29.66,25.93,81.85,0.13,22.2,3.81,5.27,62.3,0
6958bb43a2106ae9c65efc39,2019-02-07T00:00:00.000Z,2019,2,7,26.99,29.53,24.76,79.51,0.37,24.13,4.27,5.44,69.3,0
6958bb43a2106ae9c65efc3a,2019-02-08T00:00:00.000Z,2019,2,8,26.89,29.21,24.56,77.24,0.2,23.74,2.93,3.82,52.3,0
6958bb43a2106ae9c65efc3b,2019-02-09T00:00:00.000Z,2019,2,9,27.53,29.71,25.58,74.12,0.38,21.12,1.28,2.13,86.4,0
6958bb43a2106ae9c65efc3c,2019-02-10T00:00:00.000Z,2019,2,10,26.79,28.27,25.61,82.46,5.22,18.46,3.87,6.12,34.2,0
6958bb43a2106ae9c65efc3d,2019-02-11T00:00:00.000Z,2019,2,11,26.94,29.3,24.62,76.03,0.31,24.06,6.33,8.41,81.9,0
6958bb43a2106ae9c65efc3e,2019-02-12T00:00:00.000Z,2019,2,12,26.69,29.51,24.05,75.57,0,25,5.58,6.86,82.1,0
6958bb43a2106ae9c65efc3f,2019-02-13T00:00:00.000Z,2019,2,13,27.02,29.5,24.75,79.98,0.03,23.49,6.44,8.01,72.8,0
6958bb43a2106ae9c65efc40,2019-02-14T00:00:00.000Z,2019,2,14,27.24,29.24,25.45,81.85,0.13,22.11,5.62,7.17,68.1,0
6958bb43a2106ae9c65efc41,2019-02-15T00:00:00.000Z,2019,2,15,27.17,28.85,25.85,81.48,1.08,20.96,5.12,7.22,74,0
6958bb43a2106ae9c65efc42,2019-02-16T00:00:00.000Z,2019,2,16,27.28,28.68,26.03,77.69,2.17,18.8,2.03,3.33,120.5,0
6958bb43a2106ae9c65efc43,2019-02-17T00:00:00.000Z,2019,2,17,27.09,29.57,25.59,76.73,3.04,18.15,1.74,2.91,273.1,0
6958bb43a2106ae9c65efc44,2019-02-18T00:00:00.000Z,2019,2,18,27.17,29.91,25.22,76.25,0.14,24.36,2.12,3.1,317,0
6958bb43a2106ae9c65efc45,2019-02-19T00:00:00.000Z,2019,2,19,27.39,30.03,25.32,76.7,0.01,23.09,2.9,3.6,66.2,0
6958bb43a2106ae9c65efc46,2019-02-20T00:00:00.000Z,2019,2,20,27.16,29.29,25.45,77.07,3.44,22.88,4.19,5.24,50.1,0
6958bb43a2106ae9c65efc47,2019-02-21T00:00:00.000Z,2019,2,21,27.5,29.9,25.7,77.75,4.63,21.91,4.62,6.22,40.7,0
6958bb43a2106ae9c65efc48,2019-02-22T00:00:00.000Z,2019,2,22,27.52,29.33,25.94,81.75,1.79,21.8,4.37,6.24,61.5,0
6958bb43a2106ae9c65efc49,2019-02-23T00:00:00.000Z,2019,2,23,27.56,28.8,26.4,78.99,8.03,15.62,2.66,5.23,80.7,0
6958bb43a2106ae9c65efc4a,2019-02-24T00:00:00.000Z,2019,2,24,27.67,29.83,25.99,79.85,2.05,20.59,3.76,5.2,55.6,0
6958bb43a2106ae9c65efc4b,2019-02-25T00:00:00.000Z,2019,2,25,27.48,29.36,25.65,79.93,0.42,23.86,4.85,5.93,69.6,0
6958bb43a2106ae9c65efc4c,2019-02-26T00:00:00.000Z,2019,2,26,27.54,29.57,25.89,78.56,0.77,20.47,5.17,6.27,65.6,0
6958bb43a2106ae9c65efc4d,2019-02-27T00:00:00.000Z,2019,2,27,27.86,29.86,26.38,80.36,26.8,20.01,5.19,5.91,68.2,0
6958bb43a2106ae9c65efc4e,2019-02-28T00:00:00.000Z,2019,2,28,27.73,30.04,26.01,78.84,17.15,19.55,3.88,7.19,79.1,0
6958bb43a2106ae9c65efc4f,2019-03-01T00:00:00.000Z,2019,3,1,27.23,29.56,25.11,79.47,7.38,18.08,3.8,6.27,56.2,0
6958bb43a2106ae9c65efc50,2019-03-02T00:00:00.000Z,2019,3,2,27.62,29.78,25.66,79.61,0.31,23.42,3.81,5.05,62.3,0
6958bb43a2106ae9c65efc51,2019-03-03T00:00:00.000Z,2019,3,3,27.58,29.51,25.89,78.65,0.14,21.45,3.41,4.41,38.9,0
6958bb43a2106ae9c65efc52,2019-03-04T00:00:00.000Z,2019,3,4,27.67,29.61,25.99,79.06,1.76,23.22,3.11,4.26,18.7,0
6958bb43a2106ae9c65efc53,2019-03-05T00:00:00.000Z,2019,3,5,27.56,29.48,25.9,76.43,8.99,22.58,2.56,3.88,285.9,0
6958bb43a2106ae9c65efc54,2019-03-06T00:00:00.000Z,2019,3,6,27.56,29.77,25.42,78.38,0.06,22.04,2.44,3.58,33.2,0
6958bb43a2106ae9c65efc55,2019-03-07T00:00:00.000Z,2019,3,7,27.56,30.29,25.68,76.57,2.19,25.02,3.21,4.99,31.5,0
6958bb43a2106ae9c65efc56,2019-03-08T00:00:00.000Z,2019,3,8,27.24,29.46,24.98,79.05,0.66,23.54,4.04,5.34,43.2,0
6958bb43a2106ae9c65efc57,2019-03-09T00:00:00.000Z,2019,3,9,27.21,29.38,25.4,80.41,1.22,21.13,4.04,5.02,30.1,0
6958bb43a2106ae9c65efc58,2019-03-10T00:00:00.000Z,2019,3,10,26.58,28.14,25.3,79.95,25.95,17.57,2.55,4.69,20.2,0
6958bb43a2106ae9c65efc59,2019-03-11T00:00:00.000Z,2019,3,11,26.96,29.54,25,77.03,14.61,19.98,2.95,4.17,247.7,0
6958bb43a2106ae9c65efc5a,2019-03-12T00:00:00.000Z,2019,3,12,27.3,29.32,25.76,73.9,18.72,20.56,2,3.77,222.8,0
6958bb43a2106ae9c65efc5b,2019-03-13T00:00:00.000Z,2019,3,13,27.58,30.37,25.45,74.97,3.05,24.41,2.62,4.2,319.8,0
6958bb43a2106ae9c65efc5c,2019-03-14T00:00:00.000Z,2019,3,14,27.53,29.32,25.99,79.98,2.1,21.56,3.59,4.67,54,0
6958bb43a2106ae9c65efc5d,2019-03-15T00:00:00.000Z,2019,3,15,27.79,30.36,25.74,77.46,6.64,22.24,2.9,3.56,67.4,0
6958bb43a2106ae9c65efc5e,2019-03-16T00:00:00.000Z,2019,3,16,27.73,29.75,26.04,78.72,2.5,23.39,3.82,4.84,62.9,0
6958bb43a2106ae9c65efc5f,2019-03-17T00:00:00.000Z,2019,3,17,27.98,30.33,25.85,78.89,1.4,23.78,4.57,5.75,65.9,0
6958bb43a2106ae9c65efc60,2019-03-18T00:00:00.000Z,2019,3,18,28,29.89,26.1,78.23,2.02,21.63,2.93,4.9,61.3,0
6958bb43a2106ae9c65efc61,2019-03-19T00:00:00.000Z,2019,3,19,27.92,29.54,26.8,76.15,2.13,19.9,1.31,2.02,26.9,0
6958bb43a2106ae9c65efc62,2019-03-20T00:00:00.000Z,2019,3,20,27.58,29.24,26.39,76.33,1.26,20.26,1.58,2.26,302.4,0
6958bb43a2106ae9c65efc63,2019-03-21T00:00:00.000Z,2019,3,21,26.79,27.66,26.03,80.76,11.69,12.67,1.78,2.51,333.8,0
6958bb43a2106ae9c65efc64,2019-03-22T00:00:00.000Z,2019,3,22,28.03,31.12,25.9,70.74,0.2,24.82,1.66,3.32,337.2,0
6958bb43a2106ae9c65efc65,2019-03-23T00:00:00.000Z,2019,3,23,27.79,30.32,25.95,74.87,0,25.33,2.58,4.42,4.8,0
6958bb43a2106ae9c65efc66,2019-03-24T00:00:00.000Z,2019,3,24,27.61,29.93,25.75,76.13,0.03,22.31,2.84,4.22,286.1,0
6958bb43a2106ae9c65efc67,2019-03-25T00:00:00.000Z,2019,3,25,27.63,29.67,26.15,77.67,0.02,23.43,2.45,3.59,336.1,0
6958bb43a2106ae9c65efc68,2019-03-26T00:00:00.000Z,2019,3,26,28.28,30.93,25.97,76.3,0.12,21.69,2.69,3.5,66.2,0
6958bb43a2106ae9c65efc69,2019-03-27T00:00:00.000Z,2019,3,27,27.97,29.4,26.84,79.41,0.71,13.76,1.62,2.64,43.9,0
6958bb43a2106ae9c65efc6a,2019-03-28T00:00:00.000Z,2019,3,28,27.95,29.7,26.39,77.64,11.21,18.85,1.67,3.4,96,0
6958bb43a2106ae9c65efc6b,2019-03-29T00:00:00.000Z,2019,3,29,27.48,28.66,26.56,79.34,4.61,21.31,2.24,4.43,234.7,0
6958bb43a2106ae9c65efc6c,2019-03-30T00:00:00.000Z,2019,3,30,27.56,29.68,25.87,78.39,5.07,18.73,4,4.47,216,0
6958bb43a2106ae9c65efc6d,2019-03-31T00:00:00.000Z,2019,3,31,27.38,29.44,26.03,78.25,2.73,21.7,4.01,4.71,233.1,0
6958bb43a2106ae9c65efc6e,2019-04-01T00:00:00.000Z,2019,4,1,26.64,28.09,25.76,79.09,6.72,7.11,2.5,3.9,233.7,0
6958bb43a2106ae9c65efc6f,2019-04-02T00:00:00.000Z,2019,4,2,28.19,30.95,25.59,68.05,0.81,21.88,1.61,2.69,230.6,0
6958bb43a2106ae9c65efc70,2019-04-03T00:00:00.000Z,2019,4,3,28.34,30.95,26.3,69.3,9.57,23.47,1.27,2.05,13.6,0
6958bb43a2106ae9c65efc71,2019-04-04T00:00:00.000Z,2019,4,4,27.81,29.84,26.3,78.02,5.06,22.26,2,3.21,296.6,0
6958bb43a2106ae9c65efc72,2019-04-05T00:00:00.000Z,2019,4,5,27.32,28.74,26.32,80.23,1.61,23.34,2.13,3.12,21.4,0
6958bb43a2106ae9c65efc73,2019-04-06T00:00:00.000Z,2019,4,6,28.08,30.84,25.71,77.63,1.13,25.72,3.14,4.74,49.6,0
6958bb43a2106ae9c65efc74,2019-04-07T00:00:00.000Z,2019,4,7,27.72,29.02,26.74,82.34,4.76,17.85,2.27,3.57,262.4,0
6958bb43a2106ae9c65efc75,2019-04-08T00:00:00.000Z,2019,4,8,28.3,30.75,26.28,76.38,2.18,23.02,2.3,2.68,253.5,0
6958bb43a2106ae9c65efc76,2019-04-09T00:00:00.000Z,2019,4,9,27.75,29.16,26.72,80.41,4.44,22.64,2.16,3.63,1,0
6958bb43a2106ae9c65efc77,2019-04-10T00:00:00.000Z,2019,4,10,28.46,31.08,26.52,76.04,0.28,22.65,2.63,4.08,39.9,0
6958bb43a2106ae9c65efc78,2019-04-11T00:00:00.000Z,2019,4,11,28.95,31.51,26.86,71.28,0.22,22.8,1.59,2.16,26.6,0
6958bb43a2106ae9c65efc79,2019-04-12T00:00:00.000Z,2019,4,12,28.49,30.62,27.11,76.37,0.74,20.37,2.09,3.72,286.5,0
6958bb43a2106ae9c65efc7a,2019-04-13T00:00:00.000Z,2019,4,13,28.17,29.91,26.97,76.89,4.01,20.73,2.6,3.69,244.8,0
6958bb43a2106ae9c65efc7b,2019-04-14T00:00:00.000Z,2019,4,14,28.15,30.14,26.68,76.45,2.45,11.51,2.49,3.16,257.7,0
6958bb43a2106ae9c65efc7c,2019-04-15T00:00:00.000Z,2019,4,15,27.78,29.01,26.61,77.64,2.19,5.19,1.59,2.81,254.3,0
6958bb43a2106ae9c65efc7d,2019-04-16T00:00:00.000Z,2019,4,16,28.87,31.23,26.96,72.16,0.62,22.48,1.08,2.03,331.2,0
6958bb43a2106ae9c65efc7e,2019-04-17T00:00:00.000Z,2019,4,17,28.84,31.14,27.21,75.23,0.34,22.55,1.88,2.98,22.4,0
6958bb43a2106ae9c65efc7f,2019-04-18T00:00:00.000Z,2019,4,18,28.9,31.29,27.6,74.66,3.48,20.39,1.71,3.37,297.4,0
6958bb43a2106ae9c65efc80,2019-04-19T00:00:00.000Z,2019,4,19,28.5,30.58,27.09,78.67,2.74,20.36,3.43,4,237.6,0
6958bb43a2106ae9c65efc81,2019-04-20T00:00:00.000Z,2019,4,20,28.02,29.95,26.51,78.91,1.31,19.91,2.63,3.6,302.2,0
6958bb43a2106ae9c65efc82,2019-04-21T00:00:00.000Z,2019,4,21,28.53,31.04,26.7,77.21,0.28,25.09,2.37,3.55,325.5,0
6958bb43a2106ae9c65efc83,2019-04-22T00:00:00.000Z,2019,4,22,28.98,31.52,26.92,76.98,0.23,21.43,2.9,4,51.6,0
6958bb43a2106ae9c65efc84,2019-04-23T00:00:00.000Z,2019,4,23,28.87,30.17,27.83,75.86,1.08,17.78,1.65,2.38,64.6,0
6958bb43a2106ae9c65efc85,2019-04-24T00:00:00.000Z,2019,4,24,28.52,29.77,27.52,78.6,1.99,15.99,1.71,3.16,81.6,0
6958bb43a2106ae9c65efc86,2019-04-25T00:00:00.000Z,2019,4,25,27.25,27.99,26.77,88.51,11.53,18.47,1.99,3.16,329,0
6958bb43a2106ae9c65efc87,2019-04-26T00:00:00.000Z,2019,4,26,27.33,28.4,26.43,83.52,11.56,16.39,2.14,4.45,190.5,0
6958bb43a2106ae9c65efc88,2019-04-27T00:00:00.000Z,2019,4,27,28.29,31.33,26.18,74.71,27.47,16.12,3.73,4.75,174.7,0
6958bb43a2106ae9c65efc89,2019-04-28T00:00:00.000Z,2019,4,28,28.48,31.66,25.75,71.63,0.2,18.66,3.13,5.18,168,0
6958bb43a2106ae9c65efc8a,2019-04-29T00:00:00.000Z,2019,4,29,29.06,31.9,26.44,71.23,1.2,23.16,1.81,2.76,189.7,0
6958bb43a2106ae9c65efc8b,2019-04-30T00:00:00.000Z,2019,4,30,28.04,29.35,26.96,79.08,4.57,15.43,2.54,4.27,222.3,0
6958bb43a2106ae9c65efc8c,2019-05-01T00:00:00.000Z,2019,5,1,28.29,30.87,26.39,76.4,0.51,22.89,1.88,3.03,270,0
6958bb43a2106ae9c65efc8d,2019-05-02T00:00:00.000Z,2019,5,2,28.92,31.46,26.94,74.1,0.19,24.63,1.51,2.05,260.3,0
6958bb43a2106ae9c65efc8e,2019-05-03T00:00:00.000Z,2019,5,3,28.77,31.28,27.03,77.55,0.87,23.92,2.32,2.87,224.6,0
6958bb43a2106ae9c65efc8f,2019-05-04T00:00:00.000Z,2019,5,4,28.03,29.94,26.69,79.6,1.38,24.34,2.92,3.82,257,0
6958bb43a2106ae9c65efc90,2019-05-05T00:00:00.000Z,2019,5,5,27.7,29.54,26.47,79.49,4.46,16.74,5.66,7.63,239.6,0
6958bb43a2106ae9c65efc91,2019-05-06T00:00:00.000Z,2019,5,6,27.52,29.55,26.21,78.42,3.87,17.35,5.46,6.98,248,0
6958bb43a2106ae9c65efc92,2019-05-07T00:00:00.000Z,2019,5,7,28.14,30.89,26.2,77.75,6.56,20.05,5.21,6.39,255.3,0
6958bb43a2106ae9c65efc93,2019-05-08T00:00:00.000Z,2019,5,8,27.67,29.34,26.28,80.72,11.05,13.79,4.49,5.37,261.5,0
6958bb43a2106ae9c65efc94,2019-05-09T00:00:00.000Z,2019,5,9,27.25,28.79,25.99,83.06,4.9,20.47,4.5,5.8,245.3,0
6958bb43a2106ae9c65efc95,2019-05-10T00:00:00.000Z,2019,5,10,28.06,30.42,26.21,78.13,1.49,19.1,4.31,4.81,228,0
6958bb43a2106ae9c65efc96,2019-05-11T00:00:00.000Z,2019,5,11,28.08,30.26,26.55,77.6,0.56,21.84,3.68,4.52,233.3,0
6958bb43a2106ae9c65efc97,2019-05-12T00:00:00.000Z,2019,5,12,28.06,30.26,26.22,77.55,0.82,23.69,3.76,4.13,242.2,0
6958bb43a2106ae9c65efc98,2019-05-13T00:00:00.000Z,2019,5,13,27.72,29.53,26.26,80.01,1,21.68,3.35,4.18,256.7,0
6958bb43a2106ae9c65efc99,2019-05-14T00:00:00.000Z,2019,5,14,28.04,30.39,26.2,77.46,0.98,23.02,3.02,3.66,272.2,0
6958bb43a2106ae9c65efc9a,2019-05-15T00:00:00.000Z,2019,5,15,27.87,29.11,26.93,79.31,2.09,16.61,2.63,3.43,288.8,0
6958bb43a2106ae9c65efc9b,2019-05-16T00:00:00.000Z,2019,5,16,27.82,29.4,26.54,75.19,0.13,17,3.37,3.94,267,0
6958bb43a2106ae9c65efc9c,2019-05-17T00:00:00.000Z,2019,5,17,28.14,31.04,25.86,74.97,0.34,22.26,3.68,4.31,257.6,0
6958bb43a2106ae9c65efc9d,2019-05-18T00:00:00.000Z,2019,5,18,27.28,28.78,26.13,80.37,0.81,22.38,3.98,5.25,266,0
6958bb43a2106ae9c65efc9e,2019-05-19T00:00:00.000Z,2019,5,19,27.75,30.08,25.88,76.18,0.29,21.06,4.42,6.47,240.9,0
6958bb43a2106ae9c65efc9f,2019-05-20T00:00:00.000Z,2019,5,20,28.18,30.54,26.12,75.78,0.34,22.49,3,4.17,255.6,0
6958bb43a2106ae9c65efca0,2019-05-21T00:00:00.000Z,2019,5,21,28.26,30.67,26.36,75.79,0.35,23.52,2.79,3.09,246.4,0
6958bb43a2106ae9c65efca1,2019-05-22T00:00:00.000Z,2019,5,22,27.77,29.34,26.41,78.49,0.35,20.69,2.65,3.2,270.3,0
6958bb43a2106ae9c65efca2,2019-05-23T00:00:00.000Z,2019,5,23,27.92,30.14,26.48,76.18,0.25,20.93,1.97,2.76,332.4,0
6958bb43a2106ae9c65efca3,2019-05-24T00:00:00.000Z,2019,5,24,28.01,30.68,26.24,76.51,2.12,20.89,2.37,4,33.1,0
6958bb43a2106ae9c65efca4,2019-05-25T00:00:00.000Z,2019,5,25,28.35,30.86,26.36,75.11,1.69,21.01,2.47,3.47,254.9,0
6958bb43a2106ae9c65efca5,2019-05-26T00:00:00.000Z,2019,5,26,28.17,30.05,26.46,77.9,19.6,17.83,2.63,3.52,246.6,0
6958bb43a2106ae9c65efca6,2019-05-27T00:00:00.000Z,2019,5,27,27.88,29.31,26.84,78.79,2.81,16.32,1.85,2.46,289,0
6958bb43a2106ae9c65efca7,2019-05-28T00:00:00.000Z,2019,5,28,27.8,29.29,26.61,79.07,27.15,14.81,1.68,2.48,243.4,0
6958bb43a2106ae9c65efca8,2019-05-29T00:00:00.000Z,2019,5,29,28.29,31.05,26.32,72.03,20.14,17.41,1.97,2.79,224,0
6958bb43a2106ae9c65efca9,2019-05-30T00:00:00.000Z,2019,5,30,27.85,29.85,26.41,76.58,13.09,17.01,1.55,2.01,349,0
6958bb43a2106ae9c65efcaa,2019-05-31T00:00:00.000Z,2019,5,31,26.88,27.43,26.51,88.42,11.29,12.46,1.76,2.37,4,0
6958bb43a2106ae9c65efcab,2019-06-01T00:00:00.000Z,2019,6,1,27.1,28.21,26.39,87.82,10.42,17.63,4.03,5.86,18.4,0
6958bb43a2106ae9c65efcac,2019-06-02T00:00:00.000Z,2019,6,2,26.87,27.79,26.2,84.72,16.22,16.91,4.27,6.32,290.7,0
6958bb43a2106ae9c65efcad,2019-06-03T00:00:00.000Z,2019,6,3,28.32,31.64,25.44,72.95,1.52,18.92,2.92,4.13,254.9,0
6958bb43a2106ae9c65efcae,2019-06-04T00:00:00.000Z,2019,6,4,28.2,30.7,26.55,77.62,2.64,19.96,1.95,3.6,8,0
6958bb43a2106ae9c65efcaf,2019-06-05T00:00:00.000Z,2019,6,5,27.57,28.58,26.6,80.81,2.67,15.2,1.92,2.75,293.1,0
6958bb43a2106ae9c65efcb0,2019-06-06T00:00:00.000Z,2019,6,6,26.83,27.56,25.99,83.55,4.57,5.57,3.99,5.45,242.5,0
6958bb43a2106ae9c65efcb1,2019-06-07T00:00:00.000Z,2019,6,7,27.16,29.12,25.74,78.37,3.94,10.19,3.79,4.3,241.3,0
6958bb43a2106ae9c65efcb2,2019-06-08T00:00:00.000Z,2019,6,8,27.24,29.14,25.8,79.79,3.41,10.6,5.6,6.95,241.2,0
6958bb43a2106ae9c65efcb3,2019-06-09T00:00:00.000Z,2019,6,9,27.69,29.8,25.7,75.7,0.92,19.46,3.29,5.14,226,0
6958bb43a2106ae9c65efcb4,2019-06-10T00:00:00.000Z,2019,6,10,28.33,30.64,26.19,75.85,1.33,17.47,2.65,3.92,213.6,0
6958bb43a2106ae9c65efcb5,2019-06-11T00:00:00.000Z,2019,6,11,28.68,31.41,26.38,74.49,0.8,21.17,3,3.95,212.6,0
6958bb43a2106ae9c65efcb6,2019-06-12T00:00:00.000Z,2019,6,12,28.56,31.1,26.68,77.24,0.43,18.85,4.02,4.74,198.2,0
6958bb43a2106ae9c65efcb7,2019-06-13T00:00:00.000Z,2019,6,13,28.49,30.97,26.61,76.42,0.86,23.24,4.7,5.7,201.4,0
6958bb43a2106ae9c65efcb8,2019-06-14T00:00:00.000Z,2019,6,14,28.08,30.32,26.58,78.19,2.15,23.06,6.02,6.65,219.3,0
6958bb43a2106ae9c65efcb9,2019-06-15T00:00:00.000Z,2019,6,15,27.93,29.59,26.71,77.83,2.38,18.77,5.41,6.37,229.3,0
6958bb43a2106ae9c65efcba,2019-06-16T00:00:00.000Z,2019,6,16,28.3,30.87,26.36,75.61,0.27,21.2,4.55,5.07,218.3,0
6958bb43a2106ae9c65efcbb,2019-06-17T00:00:00.000Z,2019,6,17,28.02,30.35,26.45,77.05,1.02,15.2,5,5.53,222.2,0
6958bb43a2106ae9c65efcbc,2019-06-18T00:00:00.000Z,2019,6,18,27.4,29.03,26.19,78.91,2.15,12.25,5.21,6.34,222,0
6958bb43a2106ae9c65efcbd,2019-06-19T00:00:00.000Z,2019,6,19,27.24,28.99,25.99,80.91,1.49,20.06,5.06,6.01,225.3,0
6958bb43a2106ae9c65efcbe,2019-06-20T00:00:00.000Z,2019,6,20,27.45,29.38,26.13,77.94,2.09,17.84,5.72,6.67,223.8,0
6958bb43a2106ae9c65efcbf,2019-06-21T00:00:00.000Z,2019,6,21,27.16,28.8,25.72,80.66,6.36,19.05,6.55,7.62,226.2,0
6958bb43a2106ae9c65efcc0,2019-06-22T00:00:00.000Z,2019,6,22,26.98,28.51,25.98,81.37,6.88,19.58,6.01,6.82,231.5,0
6958bb43a2106ae9c65efcc1,2019-06-23T00:00:00.000Z,2019,6,23,26.75,28.47,25.64,80.91,9.19,16.76,6.28,7.77,233,0
6958bb43a2106ae9c65efcc2,2019-06-24T00:00:00.000Z,2019,6,24,27,28.93,25.64,81.17,1.41,20.33,5.57,7.32,217.9,0
6958bb43a2106ae9c65efcc3,2019-06-25T00:00:00.000Z,2019,6,25,27.01,28.72,25.86,78.56,8.86,13.57,4.67,5.47,221.7,0
6958bb43a2106ae9c65efcc4,2019-06-26T00:00:00.000Z,2019,6,26,27.78,30.52,25.71,74.62,0.92,22.32,4.87,6.42,230.7,0
6958bb43a2106ae9c65efcc5,2019-06-27T00:00:00.000Z,2019,6,27,27.7,30.18,25.67,79.7,0.46,23.56,5.05,6.31,222.8,0
6958bb43a2106ae9c65efcc6,2019-06-28T00:00:00.000Z,2019,6,28,28.2,31.21,25.89,76,0.45,24.08,3.89,5.35,214.5,0
6958bb43a2106ae9c65efcc7,2019-06-29T00:00:00.000Z,2019,6,29,27.86,30.28,26.17,77.82,0.64,19.6,5.44,7.12,215.4,0
6958bb43a2106ae9c65efcc8,2019-06-30T00:00:00.000Z,2019,6,30,28.17,30.99,26.09,75.69,0.22,21.4,5.21,5.77,214.6,0
6958bb43a2106ae9c65efcc9,2019-07-01T00:00:00.000Z,2019,7,1,28.68,31.92,26.21,72.75,0.14,23.61,4.53,5.99,212.6,0
6958bb43a2106ae9c65efcca,2019-07-02T00:00:00.000Z,2019,7,2,28.01,30.75,25.86,76.25,0.08,19.5,4.49,5.11,212.5,0
6958bb43a2106ae9c65efccb,2019-07-03T00:00:00.000Z,2019,7,3,28.01,30.14,26.43,77.19,0.16,19.73,4.82,6.2,225.2,0
6958bb43a2106ae9c65efccc,2019-07-04T00:00:00.000Z,2019,7,4,28.61,30.85,26.15,72.54,0.19,17.99,3.16,5.47,212.3,0
6958bb43a2106ae9c65efccd,2019-07-05T00:00:00.000Z,2019,7,5,28.58,30.93,26.59,70.93,0.31,23.23,1.54,2.27,218.3,0
6958bb43a2106ae9c65efcce,2019-07-06T00:00:00.000Z,2019,7,6,27.66,29.3,26.33,76,0.2,21.44,1.95,2.44,265.6,0
6958bb43a2106ae9c65efccf,2019-07-07T00:00:00.000Z,2019,7,7,28.03,30.67,25.88,72.51,0.02,23.02,2.13,2.74,264.8,0
6958bb43a2106ae9c65efcd0,2019-07-08T00:00:00.000Z,2019,7,8,27.76,29.83,25.88,75.77,0.03,21.41,2.62,4.34,234.8,0
6958bb43a2106ae9c65efcd1,2019-07-09T00:00:00.000Z,2019,7,9,28.1,30.58,25.83,71.83,0.02,19.99,2.28,3.58,223.1,0
6958bb43a2106ae9c65efcd2,2019-07-10T00:00:00.000Z,2019,7,10,27.35,29.01,26.02,78.1,2.56,11.64,1.15,1.75,358,0
6958bb43a2106ae9c65efcd3,2019-07-11T00:00:00.000Z,2019,7,11,26.86,27.99,25.84,81.45,23.36,14.98,1.58,2.33,20.5,0
6958bb43a2106ae9c65efcd4,2019-07-12T00:00:00.000Z,2019,7,12,27.55,29.38,25.81,78.29,7.68,18.12,1.57,2.29,209.9,0
6958bb43a2106ae9c65efcd5,2019-07-13T00:00:00.000Z,2019,7,13,27.44,29.46,25.96,79.44,1.92,19.71,3.71,5.23,216.3,0
6958bb43a2106ae9c65efcd6,2019-07-14T00:00:00.000Z,2019,7,14,26.91,28.33,25.66,81.14,1.81,13.37,3.98,5.36,241.5,0
6958bb43a2106ae9c65efcd7,2019-07-15T00:00:00.000Z,2019,7,15,27.56,30.56,25.15,74.85,0.34,21.99,3.91,4.88,233.7,0
6958bb43a2106ae9c65efcd8,2019-07-16T00:00:00.000Z,2019,7,16,27.07,29.09,25.8,79.1,1.15,21.52,5.03,5.62,240.5,0
6958bb43a2106ae9c65efcd9,2019-07-17T00:00:00.000Z,2019,7,17,27.5,29.46,25.76,78.13,1.82,21.87,5.52,6.5,224.6,0
6958bb43a2106ae9c65efcda,2019-07-18T00:00:00.000Z,2019,7,18,26.7,27.7,25.88,80.11,7.7,11.86,6.09,7.5,221.6,0
6958bb43a2106ae9c65efcdb,2019-07-19T00:00:00.000Z,2019,7,19,26.57,27.88,25.4,82.98,40.83,7.69,6.17,7.08,212.7,0
6958bb43a2106ae9c65efcdc,2019-07-20T00:00:00.000Z,2019,7,20,26.44,28.33,25.2,81.18,26.46,11.46,6.22,6.93,211,0
6958bb43a2106ae9c65efcdd,2019-07-21T00:00:00.000Z,2019,7,21,26.69,28.83,25.01,80.46,9.56,13.66,6.22,7.27,217.3,0
6958bb43a2106ae9c65efcde,2019-07-22T00:00:00.000Z,2019,7,22,28.13,31.04,25.78,72.78,1.32,22.91,3.8,5.34,217.5,0
6958bb43a2106ae9c65efcdf,2019-07-23T00:00:00.000Z,2019,7,23,28.02,30.47,26.35,72.91,1.52,21.16,1.42,2.23,225.8,0
6958bb43a2106ae9c65efce0,2019-07-24T00:00:00.000Z,2019,7,24,27.94,30.55,25.81,73.89,0.49,20.61,3.34,4.33,191.7,0
6958bb43a2106ae9c65efce1,2019-07-25T00:00:00.000Z,2019,7,25,27.3,29.7,25.53,73.8,0.05,16.5,1.94,2.95,102.4,0
6958bb43a2106ae9c65efce2,2019-07-26T00:00:00.000Z,2019,7,26,27.74,29.93,26.09,74.56,0.02,23.33,1.59,2.28,277.9,0
6958bb43a2106ae9c65efce3,2019-07-27T00:00:00.000Z,2019,7,27,27.43,29.87,25.68,73.87,0.01,24.82,3.06,4.02,259.8,0
6958bb43a2106ae9c65efce4,2019-07-28T00:00:00.000Z,2019,7,28,27.5,30.67,24.94,73.59,0,23.29,4.15,5.05,228.1,0
6958bb43a2106ae9c65efce5,2019-07-29T00:00:00.000Z,2019,7,29,28,31,25.37,72.09,0.01,24.36,3.33,4.66,226.6,0
6958bb43a2106ae9c65efce6,2019-07-30T00:00:00.000Z,2019,7,30,27.69,30.4,25.54,71.69,0.01,23.55,2.69,3.03,244.3,0
6958bb43a2106ae9c65efce7,2019-07-31T00:00:00.000Z,2019,7,31,27.45,29.82,25.74,75.54,0.02,23.6,3.78,4.71,242.3,0
6958bb43a2106ae9c65efce8,2019-08-01T00:00:00.000Z,2019,8,1,27.53,29.9,25.57,74.53,0.14,15.69,5.64,6.78,205.6,0
6958bb43a2106ae9c65efce9,2019-08-02T00:00:00.000Z,2019,8,2,27.47,29.88,25.43,77.14,0.08,23.02,6.01,7.61,211.3,0
6958bb43a2106ae9c65efcea,2019-08-03T00:00:00.000Z,2019,8,3,27.91,30.65,25.83,72.81,0.34,17.03,4.35,5.19,222.4,0
6958bb43a2106ae9c65efceb,2019-08-04T00:00:00.000Z,2019,8,4,27.48,30.31,25.58,75.96,0.11,22.57,6.11,7.09,217,0
6958bb43a2106ae9c65efcec,2019-08-05T00:00:00.000Z,2019,8,5,27.21,29.09,25.82,78.38,0.13,24.09,6.83,7.94,209.4,0
6958bb43a2106ae9c65efced,2019-08-06T00:00:00.000Z,2019,8,6,28.33,31.85,25.77,71.25,0.03,24.82,5.5,6.71,210.9,0
6958bb43a2106ae9c65efcee,2019-08-07T00:00:00.000Z,2019,8,7,28.08,31.05,25.53,71.92,0.07,20.15,3.87,4.52,204,0
6958bb43a2106ae9c65efcef,2019-08-08T00:00:00.000Z,2019,8,8,27.72,30.33,25.99,76.81,0.67,20.11,4.81,7.14,216.4,0
6958bb43a2106ae9c65efcf0,2019-08-09T00:00:00.000Z,2019,8,9,27.09,30.49,25.66,74.26,1.78,15.95,5.92,8.23,226.9,0
6958bb43a2106ae9c65efcf1,2019-08-10T00:00:00.000Z,2019,8,10,26.48,27.8,25.47,82.37,30.97,9.75,7.41,9.52,226.6,0
6958bb43a2106ae9c65efcf2,2019-08-11T00:00:00.000Z,2019,8,11,26.99,29.28,25.38,78.84,7.53,20.5,8.53,10.04,214.3,0
6958bb43a2106ae9c65efcf3,2019-08-12T00:00:00.000Z,2019,8,12,27.32,29.61,25.71,77.95,3.24,21.7,7.8,9.95,206.4,0
6958bb43a2106ae9c65efcf4,2019-08-13T00:00:00.000Z,2019,8,13,26.84,28.73,25.71,79.63,3.16,15.86,6.93,8.24,214.7,0
6958bb43a2106ae9c65efcf5,2019-08-14T00:00:00.000Z,2019,8,14,26.95,28.84,25.47,80.93,3.16,18.31,5.31,6.93,241,0
6958bb43a2106ae9c65efcf6,2019-08-15T00:00:00.000Z,2019,8,15,27.06,29.17,25.75,78.5,1.11,16.73,6.04,7.51,225,0
6958bb43a2106ae9c65efcf7,2019-08-16T00:00:00.000Z,2019,8,16,27.13,29.34,25.57,77.36,1.45,16.99,6.98,7.68,211.2,0
6958bb43a2106ae9c65efcf8,2019-08-17T00:00:00.000Z,2019,8,17,27.38,29.69,25.29,72.4,0.23,19.76,4.85,7.78,213.8,0
6958bb43a2106ae9c65efcf9,2019-08-18T00:00:00.000Z,2019,8,18,28.1,30.9,25.82,71.49,0.11,23.89,1.97,3.06,293.2,0
6958bb43a2106ae9c65efcfa,2019-08-19T00:00:00.000Z,2019,8,19,28.25,31.24,26.33,74.97,0.16,22.38,2.15,3.65,26.6,0
6958bb43a2106ae9c65efcfb,2019-08-20T00:00:00.000Z,2019,8,20,27.96,30.4,26.32,75.57,2.83,21.28,2.96,5.37,265.2,0
6958bb43a2106ae9c65efcfc,2019-08-21T00:00:00.000Z,2019,8,21,27.15,29.34,25.57,77.1,8.77,19.67,4.68,5.75,229.8,0
6958bb43a2106ae9c65efcfd,2019-08-22T00:00:00.000Z,2019,8,22,27.24,29.96,25.29,77.34,1.95,23.1,3.56,4.22,234.1,0
6958bb43a2106ae9c65efcfe,2019-08-23T00:00:00.000Z,2019,8,23,26.88,28.73,25.52,79.27,9.62,18.29,4.19,5.27,229.6,0
6958bb43a2106ae9c65efcff,2019-08-24T00:00:00.000Z,2019,8,24,26.3,28.17,25.09,81.82,10.4,15.07,6.05,7.5,230,0
6958bb43a2106ae9c65efd00,2019-08-25T00:00:00.000Z,2019,8,25,26.03,27.54,24.99,81.57,3.03,15.64,6.16,7.52,233.2,0
6958bb43a2106ae9c65efd01,2019-08-26T00:00:00.000Z,2019,8,26,26.51,28.2,25.29,80.14,3.96,12.04,5.18,6.19,241.7,0
6958bb43a2106ae9c65efd02,2019-08-27T00:00:00.000Z,2019,8,27,27,28.76,25.68,76.92,1.01,20.58,5.65,6.69,242.3,0
6958bb43a2106ae9c65efd03,2019-08-28T00:00:00.000Z,2019,8,28,27.68,30.61,25.47,73.07,0.52,22.05,5.53,6.57,227.1,0
6958bb43a2106ae9c65efd04,2019-08-29T00:00:00.000Z,2019,8,29,27.31,29.72,25.59,75.91,0.73,15.3,5.35,5.83,222.9,0
6958bb43a2106ae9c65efd05,2019-08-30T00:00:00.000Z,2019,8,30,27.24,29.26,25.6,70.85,0.85,13.95,6.1,8.35,218.8,0
6958bb43a2106ae9c65efd06,2019-08-31T00:00:00.000Z,2019,8,31,27.41,30.18,25.47,73.8,2.23,21.95,5.64,6.46,214.2,0
6958bb43a2106ae9c65efd07,2019-09-01T00:00:00.000Z,2019,9,1,27.65,30.07,25.59,71.36,1.71,13.06,4.06,6.33,197.2,0
6958bb43a2106ae9c65efd08,2019-09-02T00:00:00.000Z,2019,9,2,27.78,29.75,26.28,72.42,1.08,21.6,1.81,2.65,173.5,0
6958bb43a2106ae9c65efd09,2019-09-03T00:00:00.000Z,2019,9,3,27.7,30.22,25.54,74.82,1.04,21.24,3.2,4.8,201,0
6958bb43a2106ae9c65efd0a,2019-09-04T00:00:00.000Z,2019,9,4,27.79,30.91,25.65,73.45,1.84,22.98,4.14,6.04,218,0
6958bb43a2106ae9c65efd0b,2019-09-05T00:00:00.000Z,2019,9,5,27.81,31,24.89,70.67,0.66,17.92,3.02,4.01,206.5,0
6958bb43a2106ae9c65efd0c,2019-09-06T00:00:00.000Z,2019,9,6,28.36,31.65,25.82,72.76,2.14,22.64,2.96,3.83,191.6,0
6958bb43a2106ae9c65efd0d,2019-09-07T00:00:00.000Z,2019,9,7,28.5,31.94,25.99,72.87,4.04,23.07,3.52,4.55,187.5,0
6958bb43a2106ae9c65efd0e,2019-09-08T00:00:00.000Z,2019,9,8,27.67,29.37,26.22,75.84,4.12,18.37,3.04,4.35,220.2,0
6958bb43a2106ae9c65efd0f,2019-09-09T00:00:00.000Z,2019,9,9,26.85,28.11,25.72,79.58,0.87,10.64,3.78,4.79,213.8,0
6958bb43a2106ae9c65efd10,2019-09-10T00:00:00.000Z,2019,9,10,26.87,28.98,25.34,76.22,2.26,14.17,5.09,6.27,210.5,0
6958bb43a2106ae9c65efd11,2019-09-11T00:00:00.000Z,2019,9,11,27.74,30.86,25.14,69.49,0.01,17.67,2.29,3.43,199.2,0
6958bb43a2106ae9c65efd12,2019-09-12T00:00:00.000Z,2019,9,12,27.7,30.22,26.22,74.58,0.07,21.33,1.62,2.82,303,0
6958bb43a2106ae9c65efd13,2019-09-13T00:00:00.000Z,2019,9,13,26.92,29.05,25.54,77.78,1.81,16.99,3.1,3.94,279.3,0
6958bb43a2106ae9c65efd14,2019-09-14T00:00:00.000Z,2019,9,14,26.69,28.23,25.4,77.58,2.53,17.63,3.91,5.34,243.4,0
6958bb43a2106ae9c65efd15,2019-09-15T00:00:00.000Z,2019,9,15,27.13,30.06,25.28,73.16,2.06,13.49,5.04,6.51,233.6,0
6958bb43a2106ae9c65efd16,2019-09-16T00:00:00.000Z,2019,9,16,27.24,29.68,25.32,73.36,0.47,16.78,4.04,5.19,221.1,0
6958bb43a2106ae9c65efd17,2019-09-17T00:00:00.000Z,2019,9,17,27.98,30.88,25.74,72.68,0.34,22.87,3.89,5.34,208.7,0
6958bb43a2106ae9c65efd18,2019-09-18T00:00:00.000Z,2019,9,18,27.55,29.14,26.14,74.76,0.7,18.06,1.5,2.44,174.2,0
6958bb43a2106ae9c65efd19,2019-09-19T00:00:00.000Z,2019,9,19,27.34,28.67,26.32,75.32,11.75,19.64,1.59,2.79,283.7,0
6958bb43a2106ae9c65efd1a,2019-09-20T00:00:00.000Z,2019,9,20,27.58,29.89,26.1,74.1,3.43,18.53,1.72,2.75,277.6,0
6958bb43a2106ae9c65efd1b,2019-09-21T00:00:00.000Z,2019,9,21,27.86,30.27,25.9,75.56,2.39,16.62,2.28,2.7,246.3,0
6958bb43a2106ae9c65efd1c,2019-09-22T00:00:00.000Z,2019,9,22,27.84,30.73,26.15,74.68,7.11,15.79,2.39,2.96,47.1,0
6958bb43a2106ae9c65efd1d,2019-09-23T00:00:00.000Z,2019,9,23,26.93,28.12,25.8,84.26,13.52,7.78,3,4.04,60.6,0
6958bb43a2106ae9c65efd1e,2019-09-24T00:00:00.000Z,2019,9,24,27.5,29.37,25.98,79.3,7.73,12.41,2.65,4.51,81.4,0
6958bb43a2106ae9c65efd1f,2019-09-25T00:00:00.000Z,2019,9,25,27.71,29.89,26.24,81.13,10.7,14.07,4.39,5.87,77.6,0
6958bb43a2106ae9c65efd20,2019-09-26T00:00:00.000Z,2019,9,26,27.51,29.08,26.01,80.2,3.57,18.99,3.93,5.05,81.7,0
6958bb43a2106ae9c65efd21,2019-09-27T00:00:00.000Z,2019,9,27,27.01,28.36,26.2,82.68,14.22,16.72,2.42,3.26,47.1,0
6958bb43a2106ae9c65efd22,2019-09-28T00:00:00.000Z,2019,9,28,26.95,28.73,25.68,82.77,14.35,12.29,2.56,4.38,177.5,0
6958bb43a2106ae9c65efd23,2019-09-29T00:00:00.000Z,2019,9,29,26.33,27.77,25.25,85.43,17.31,13.69,3.52,5.26,6.8,0
6958bb43a2106ae9c65efd24,2019-09-30T00:00:00.000Z,2019,9,30,26.08,27.35,25.29,84.33,7.72,19.99,2.83,4.07,253.4,0
6958bb43a2106ae9c65efd25,2019-10-01T00:00:00.000Z,2019,10,1,26.36,27.96,25,81.71,2.99,16.06,3.27,4.15,244.6,0
6958bb43a2106ae9c65efd26,2019-10-02T00:00:00.000Z,2019,10,2,25.75,26.84,24.68,82.78,6.45,10.35,3.23,4.03,257.8,0
6958bb43a2106ae9c65efd27,2019-10-03T00:00:00.000Z,2019,10,3,26.19,28.07,24.39,79.5,4.19,19.92,2.87,3.92,228.7,0
6958bb43a2106ae9c65efd28,2019-10-04T00:00:00.000Z,2019,10,4,26.39,27.73,25.56,79.77,2.04,15.03,1.84,3.38,354.4,0
6958bb43a2106ae9c65efd29,2019-10-05T00:00:00.000Z,2019,10,5,25.96,26.94,25.06,82.19,11.31,17.28,2.2,2.99,234.7,0
6958bb43a2106ae9c65efd2a,2019-10-06T00:00:00.000Z,2019,10,6,25.87,27.61,24.82,84.06,11.38,14.75,2.73,3.4,297.3,0
6958bb43a2106ae9c65efd2b,2019-10-07T00:00:00.000Z,2019,10,7,25.4,26.21,24.77,85.43,11.03,17.95,3.09,4.48,330.9,0
6958bb43a2106ae9c65efd2c,2019-10-08T00:00:00.000Z,2019,10,8,26.2,28.55,24.62,80.7,7.01,19.37,3.28,4.59,216.1,0
6958bb43a2106ae9c65efd2d,2019-10-09T00:00:00.000Z,2019,10,9,25.87,27.3,24.9,80.58,56.31,4.95,2.64,3.49,203.3,0
6958bb43a2106ae9c65efd2e,2019-10-10T00:00:00.000Z,2019,10,10,26.66,29.08,24.58,74.92,3.14,16.81,1.92,3.08,150.5,0
6958bb43a2106ae9c65efd2f,2019-10-11T00:00:00.000Z,2019,10,11,26.09,26.9,25.31,82.2,17.39,14.22,1.75,2.62,326.6,0
6958bb43a2106ae9c65efd30,2019-10-12T00:00:00.000Z,2019,10,12,26.02,27.2,24.83,84.23,9.2,17.58,2.31,3.44,328.3,0
6958bb43a2106ae9c65efd31,2019-10-13T00:00:00.000Z,2019,10,13,26.36,27.56,25.5,83.35,4.74,19.44,2.04,3.11,285.6,0
6958bb43a2106ae9c65efd32,2019-10-14T00:00:00.000Z,2019,10,14,26.28,27.6,25.53,83.59,10.55,17.7,1.73,2.42,286,0
6958bb43a2106ae9c65efd33,2019-10-15T00:00:00.000Z,2019,10,15,26.08,27.16,25.26,84.27,5.97,17.83,1.39,2.43,16.6,0
6958bb43a2106ae9c65efd34,2019-10-16T00:00:00.000Z,2019,10,16,26.98,28.58,25.7,82.1,7.89,20.56,2.97,4.19,51.3,0
6958bb43a2106ae9c65efd35,2019-10-17T00:00:00.000Z,2019,10,17,26.87,28.37,25.69,82.65,5.97,12.29,2.89,3.93,40.3,0
6958bb43a2106ae9c65efd36,2019-10-18T00:00:00.000Z,2019,10,18,26.67,28.28,25.55,85.75,15.45,13.66,3.17,4.29,75.6,0
6958bb43a2106ae9c65efd37,2019-10-19T00:00:00.000Z,2019,10,19,26.65,28.74,25.66,82.65,6.12,8.27,2.37,3,80.7,0
6958bb43a2106ae9c65efd38,2019-10-20T00:00:00.000Z,2019,10,20,26.31,27.53,25.35,87.09,28.23,14.02,2.6,3.08,63.2,0
6958bb43a2106ae9c65efd39,2019-10-21T00:00:00.000Z,2019,10,21,26.01,27.19,25.1,88.22,20.12,14.6,3.5,5.04,358.5,0
6958bb43a2106ae9c65efd3a,2019-10-22T00:00:00.000Z,2019,10,22,25.81,26.58,25.12,88.93,12.45,15.61,3.3,4.69,344.4,0
6958bb43a2106ae9c65efd3b,2019-10-23T00:00:00.000Z,2019,10,23,26.15,27.63,25.2,85.02,8.01,13.98,3.1,4.6,225.2,0
6958bb43a2106ae9c65efd3c,2019-10-24T00:00:00.000Z,2019,10,24,25.74,26.53,24.99,83.46,12.68,13.01,3,4.72,219.2,0
6958bb43a2106ae9c65efd3d,2019-10-25T00:00:00.000Z,2019,10,25,26.29,28.61,24.55,79.61,9.13,11.28,1.8,3.02,287.3,0
6958bb43a2106ae9c65efd3e,2019-10-26T00:00:00.000Z,2019,10,26,25.68,26.8,24.94,86.31,25.29,16.98,2.39,3.64,340.6,0
6958bb43a2106ae9c65efd3f,2019-10-27T00:00:00.000Z,2019,10,27,25.46,26.76,24.44,86.29,28.28,10.99,2.96,4.3,327.6,0
6958bb43a2106ae9c65efd40,2019-10-28T00:00:00.000Z,2019,10,28,26.09,27.71,24.19,80.34,4.49,11.67,1.66,2.78,202.8,0
6958bb43a2106ae9c65efd41,2019-10-29T00:00:00.000Z,2019,10,29,26.57,28.22,25.53,79.25,15.48,15.97,1.34,2.54,8.7,0
6958bb43a2106ae9c65efd42,2019-10-30T00:00:00.000Z,2019,10,30,26.72,29.16,25.28,79.08,7.68,17.66,1.72,2.62,307.7,0
6958bb43a2106ae9c65efd43,2019-10-31T00:00:00.000Z,2019,10,31,26.32,28.01,25.21,83.64,5.86,16.75,3.75,5.56,235.4,0
6958bb43a2106ae9c65efd44,2019-11-01T00:00:00.000Z,2019,11,1,25.81,27.05,25.01,83.58,1.06,19.54,5.45,6.14,202,0
6958bb43a2106ae9c65efd45,2019-11-02T00:00:00.000Z,2019,11,2,26.28,28.34,24.7,81.37,2.91,11.35,4.55,5.92,205.4,0
6958bb43a2106ae9c65efd46,2019-11-03T00:00:00.000Z,2019,11,3,26.3,27.85,25.19,81.82,0.84,16.99,3.83,5.08,214.3,0
6958bb43a2106ae9c65efd47,2019-11-04T00:00:00.000Z,2019,11,4,26.2,27.88,24.9,81.52,0.27,20.33,4.13,4.71,220.7,0
6958bb43a2106ae9c65efd48,2019-11-05T00:00:00.000Z,2019,11,5,26.37,28.27,24.8,80.42,0.97,21.76,3.75,4.43,205.5,0
6958bb43a2106ae9c65efd49,2019-11-06T00:00:00.000Z,2019,11,6,26.59,28.75,25.08,81.29,5.75,12.64,5.09,5.95,209,0
6958bb43a2106ae9c65efd4a,2019-11-07T00:00:00.000Z,2019,11,7,25.93,27.69,24.66,82.07,9.12,13.38,3.87,4.44,218.3,0
6958bb43a2106ae9c65efd4b,2019-11-08T00:00:00.000Z,2019,11,8,26.11,28.11,24.49,79.28,1.28,16.08,2.22,3.37,259.1,0
6958bb43a2106ae9c65efd4c,2019-11-09T00:00:00.000Z,2019,11,9,26.11,27.67,24.76,81.05,0.9,22.46,1.73,2.35,354.6,0
6958bb43a2106ae9c65efd4d,2019-11-10T00:00:00.000Z,2019,11,10,25.93,27.04,24.95,83.65,4.01,18.1,1.69,2.46,324.7,0
6958bb43a2106ae9c65efd4e,2019-11-11T00:00:00.000Z,2019,11,11,26.21,27.87,24.85,83.89,6,18.81,2.93,4.07,279.4,0
6958bb43a2106ae9c65efd4f,2019-11-12T00:00:00.000Z,2019,11,12,26.31,28.05,25.03,80.84,11.02,16.75,2.28,3.03,277.4,0
6958bb43a2106ae9c65efd50,2019-11-13T00:00:00.000Z,2019,11,13,26.29,27.91,25.04,82.31,14.27,19.55,2.2,3.42,352.2,0
6958bb43a2106ae9c65efd51,2019-11-14T00:00:00.000Z,2019,11,14,27.01,28.81,25.5,81.36,6.63,16.12,2.97,4.04,34.6,0
6958bb43a2106ae9c65efd52,2019-11-15T00:00:00.000Z,2019,11,15,26.5,27.57,25.74,84.46,12,16.04,2.3,3.27,54.9,0
6958bb43a2106ae9c65efd53,2019-11-16T00:00:00.000Z,2019,11,16,26.43,27.61,25.25,85.3,21.63,14.07,2.69,3.53,50.1,0
6958bb43a2106ae9c65efd54,2019-11-17T00:00:00.000Z,2019,11,17,26.6,28.37,25.25,83.62,34.71,20.46,2.8,3.72,55.9,0
6958bb43a2106ae9c65efd55,2019-11-18T00:00:00.000Z,2019,11,18,26.53,27.82,25.46,85.52,17.72,19.92,3.56,4.5,35,0
6958bb43a2106ae9c65efd56,2019-11-19T00:00:00.000Z,2019,11,19,26.53,28.29,25.13,84.13,7.28,16.48,2.52,3.13,42.3,0
6958bb43a2106ae9c65efd57,2019-11-20T00:00:00.000Z,2019,11,20,26.64,28.24,25.22,83.56,3.49,15.3,3.07,4.39,53.6,0
6958bb43a2106ae9c65efd58,2019-11-21T00:00:00.000Z,2019,11,21,26.91,28.31,25.86,85.93,22.58,15.01,4.4,5.7,66.9,0
6958bb43a2106ae9c65efd59,2019-11-22T00:00:00.000Z,2019,11,22,27.12,28.8,25.84,80.18,8.5,15.31,2.67,5.8,90.8,0
6958bb43a2106ae9c65efd5a,2019-11-23T00:00:00.000Z,2019,11,23,26.31,27.39,25.24,85.37,3.36,12.73,3.46,4.68,66,0
6958bb43a2106ae9c65efd5b,2019-11-24T00:00:00.000Z,2019,11,24,25.86,26.75,25,86.07,2.23,13.55,2.55,3.98,59.9,0
6958bb43a2106ae9c65efd5c,2019-11-25T00:00:00.000Z,2019,11,25,26.39,27.8,25.26,84.12,4.78,17.29,2.93,4.34,71.8,0
6958bb43a2106ae9c65efd5d,2019-11-26T00:00:00.000Z,2019,11,26,26.59,27.69,25.63,86.61,3.92,16.38,5.62,6.8,78.4,0
6958bb43a2106ae9c65efd5e,2019-11-27T00:00:00.000Z,2019,11,27,26.98,28.36,25.73,85.28,8.14,10.62,5.53,6.34,77.8,0
6958bb43a2106ae9c65efd5f,2019-11-28T00:00:00.000Z,2019,11,28,26.84,28.16,25.83,87.3,5.67,13.95,3.6,4.86,62.6,0
6958bb43a2106ae9c65efd60,2019-11-29T00:00:00.000Z,2019,11,29,26.94,28.03,26.09,87.04,8.93,15.36,6.26,7.52,76.8,0
6958bb43a2106ae9c65efd61,2019-11-30T00:00:00.000Z,2019,11,30,26.81,28.26,25.51,87.2,6.56,15.38,4.82,6.08,71.5,0
6958bb43a2106ae9c65efd62,2019-12-01T00:00:00.000Z,2019,12,1,26.68,27.96,25.8,88.85,61.19,9.66,5.07,7.08,78.2,0
6958bb43a2106ae9c65efd63,2019-12-02T00:00:00.000Z,2019,12,2,25.62,26.7,24.61,88.59,14.61,9.07,4.42,5.54,80,0
6958bb43a2106ae9c65efd64,2019-12-03T00:00:00.000Z,2019,12,3,25.48,27.25,24.25,87.05,5.46,14.33,3.38,4.43,65.6,0
6958bb43a2106ae9c65efd65,2019-12-04T00:00:00.000Z,2019,12,4,26.2,27.75,24.88,85.59,2.6,13.92,6.32,9.4,70.1,0
6958bb43a2106ae9c65efd66,2019-12-05T00:00:00.000Z,2019,12,5,26.41,28.21,24.85,84.8,3.54,14.82,5.85,7,69.1,0
6958bb43a2106ae9c65efd67,2019-12-06T00:00:00.000Z,2019,12,6,26.2,27.78,25.09,83.51,3.48,15.16,6.31,8.41,60,0
6958bb43a2106ae9c65efd68,2019-12-07T00:00:00.000Z,2019,12,7,25.96,27.76,24.55,84.39,2.16,13.35,5.96,7.41,65.1,0
6958bb43a2106ae9c65efd69,2019-12-08T00:00:00.000Z,2019,12,8,25.88,27.74,24.5,84.27,0.75,17.86,4.92,5.85,69.5,0
6958bb43a2106ae9c65efd6a,2019-12-09T00:00:00.000Z,2019,12,9,25.96,27.35,24.94,85.39,2.43,14.21,5.91,7.97,68.2,0
6958bb43a2106ae9c65efd6b,2019-12-10T00:00:00.000Z,2019,12,10,25.76,27.57,24.43,85.64,3,18.44,4.75,6.26,60.4,0
6958bb43a2106ae9c65efd6c,2019-12-11T00:00:00.000Z,2019,12,11,25.97,27.62,24.79,86.16,3.71,17.5,4.77,5.75,61.7,0
6958bb43a2106ae9c65efd6d,2019-12-12T00:00:00.000Z,2019,12,12,25.95,27.71,24.62,85.31,1.7,20.58,6.09,7.6,70.8,0
6958bb43a2106ae9c65efd6e,2019-12-13T00:00:00.000Z,2019,12,13,25.84,27.99,24.07,84.81,0.58,19.22,5.7,7.18,74.9,0
6958bb43a2106ae9c65efd6f,2019-12-14T00:00:00.000Z,2019,12,14,25.8,27.89,24,85.63,3.55,12.69,6.08,7.89,70.5,0
6958bb43a2106ae9c65efd70,2019-12-15T00:00:00.000Z,2019,12,15,25.47,26.83,24.35,88.75,14.35,12.34,4.37,6.21,52.4,0
6958bb43a2106ae9c65efd71,2019-12-16T00:00:00.000Z,2019,12,16,25.93,27.3,24.84,88.98,4.92,14.63,4.65,5.89,75.1,0
6958bb43a2106ae9c65efd72,2019-12-17T00:00:00.000Z,2019,12,17,25.89,27.14,24.65,86.99,4.17,13.79,3.91,4.91,73.9,0
6958bb43a2106ae9c65efd73,2019-12-18T00:00:00.000Z,2019,12,18,26.37,28.49,24.83,83.1,11.44,14.4,3.85,4.77,80.7,0
6958bb43a2106ae9c65efd74,2019-12-19T00:00:00.000Z,2019,12,19,26.05,27.48,24.81,87.09,3.96,17.11,3.07,3.83,52.3,0
6958bb43a2106ae9c65efd75,2019-12-20T00:00:00.000Z,2019,12,20,26.37,27.66,25.4,86.82,1.88,17.21,2.58,3.3,67.9,0
6958bb43a2106ae9c65efd76,2019-12-21T00:00:00.000Z,2019,12,21,26.39,27.99,25.05,85.57,1.82,14.42,4.3,5.24,58.9,0
6958bb43a2106ae9c65efd77,2019-12-22T00:00:00.000Z,2019,12,22,26.75,29.03,25.07,80.41,1.06,19.28,3.67,5.81,84.5,0
6958bb43a2106ae9c65efd78,2019-12-23T00:00:00.000Z,2019,12,23,26.26,28.18,24.79,82.05,0.19,21.74,3.16,4.72,47.7,0
6958bb43a2106ae9c65efd79,2019-12-24T00:00:00.000Z,2019,12,24,26.48,28.66,24.27,81.12,0.42,21.29,4.22,5.56,60.5,0
6958bb43a2106ae9c65efd7a,2019-12-25T00:00:00.000Z,2019,12,25,26.55,28.53,24.97,81.12,1.02,19.76,2.69,3.88,52.9,0
6958bb43a2106ae9c65efd7b,2019-12-26T00:00:00.000Z,2019,12,26,26.69,28.74,25.09,80.15,0.27,21.1,2.8,3.56,35.3,0
6958bb43a2106ae9c65efd7c,2019-12-27T00:00:00.000Z,2019,12,27,26.8,28.97,25.1,80.54,0.21,19.35,3.47,5.28,74.1,0
6958bb43a2106ae9c65efd7d,2019-12-28T00:00:00.000Z,2019,12,28,26.89,28.83,25.34,80.34,0.92,16.13,3.79,4.69,67.4,0
6958bb43a2106ae9c65efd7e,2019-12-29T00:00:00.000Z,2019,12,29,27.05,29.33,25.44,79.97,1.54,20.82,4.38,5.63,69.4,0
6958bb43a2106ae9c65efd7f,2019-12-30T00:00:00.000Z,2019,12,30,26.72,28.84,24.95,81.33,8.66,18.76,4.81,6.22,74.8,0
6958bb43a2106ae9c65efd80,2019-12-31T00:00:00.000Z,2019,12,31,26.81,28.69,25.16,82.34,0.43,19.56,5.34,6.23,76.4,0
6958bb43a2106ae9c65efd81,2020-01-01T00:00:00.000Z,2020,1,1,26.56,29.14,24.89,80.36,0.22,18.6,6.14,8.05,81.3,0
6958bb43a2106ae9c65efd82,2020-01-02T00:00:00.000Z,2020,1,2,26.36,28.45,24.62,81.18,0.05,22.03,6.56,8.55,76.5,0
6958bb43a2106ae9c65efd83,2020-01-03T00:00:00.000Z,2020,1,3,26.47,28.66,24.81,83.25,0.06,19.55,5.7,7.14,71.9,0
6958bb43a2106ae9c65efd84,2020-01-04T00:00:00.000Z,2020,1,4,26.41,28.85,24.58,83.58,0.01,21.89,5.86,7.44,75.8,0
6958bb43a2106ae9c65efd85,2020-01-05T00:00:00.000Z,2020,1,5,26.2,28.49,24.3,82.61,0.02,21.98,5.39,7.1,70.7,0
6958bb43a2106ae9c65efd86,2020-01-06T00:00:00.000Z,2020,1,6,26.25,28.81,24.45,83.12,0.74,21.91,5.57,6.99,75.6,0
6958bb43a2106ae9c65efd87,2020-01-07T00:00:00.000Z,2020,1,7,26.25,28.84,24.16,80.78,0.28,22.43,5.6,7.3,65.1,0
6958bb43a2106ae9c65efd88,2020-01-08T00:00:00.000Z,2020,1,8,26.38,28.82,24.09,82.62,0.04,21.1,5.59,8.11,67.4,0
6958bb43a2106ae9c65efd89,2020-01-09T00:00:00.000Z,2020,1,9,26.33,28.48,24.63,85.02,1.21,16.98,3.95,4.75,71.8,0
6958bb43a2106ae9c65efd8a,2020-01-10T00:00:00.000Z,2020,1,10,26.66,28.9,24.49,80.1,1.1,18.91,2.58,4.74,75.9,0
6958bb43a2106ae9c65efd8b,2020-01-11T00:00:00.000Z,2020,1,11,26.14,27.06,25.2,80.36,0.21,15.7,1.31,2.17,43.5,0
6958bb43a2106ae9c65efd8c,2020-01-12T00:00:00.000Z,2020,1,12,26.6,28.79,24.81,80.63,0.25,19.84,3.17,4.68,51.7,0
6958bb43a2106ae9c65efd8d,2020-01-13T00:00:00.000Z,2020,1,13,26.9,29.09,25.16,80.34,1.57,18.4,3.52,5.05,42.7,0
6958bb43a2106ae9c65efd8e,2020-01-14T00:00:00.000Z,2020,1,14,27.11,29.1,25.44,80.95,0.85,19.66,4.42,5.38,60.8,0
6958bb43a2106ae9c65efd8f,2020-01-15T00:00:00.000Z,2020,1,15,26.79,29.25,24.86,79.77,0.72,20.84,5.39,7.12,59.3,0
6958bb43a2106ae9c65efd90,2020-01-16T00:00:00.000Z,2020,1,16,26.82,29.3,24.63,78.77,0.83,20.81,4.78,5.87,63.8,0
6958bb43a2106ae9c65efd91,2020-01-17T00:00:00.000Z,2020,1,17,27.1,29.56,25.33,78.72,1.61,21.13,4.81,5.63,64.1,0
6958bb43a2106ae9c65efd92,2020-01-18T00:00:00.000Z,2020,1,18,27.25,29.84,24.91,79.57,0.12,20.34,4.78,7,77.5,0
6958bb43a2106ae9c65efd93,2020-01-19T00:00:00.000Z,2020,1,19,27.18,29.29,25.4,81.11,3.39,16.77,3.77,5.24,63.2,0
6958bb43a2106ae9c65efd94,2020-01-20T00:00:00.000Z,2020,1,20,27.22,29.37,25.61,81.84,8.47,19.41,4.17,6.21,68.1,0
6958bb43a2106ae9c65efd95,2020-01-21T00:00:00.000Z,2020,1,21,27.07,28.96,25.69,82.89,5.4,12.72,5.7,6.99,76.2,0
6958bb43a2106ae9c65efd96,2020-01-22T00:00:00.000Z,2020,1,22,27.01,29.29,25.2,80.4,2.23,21.35,6.18,7.92,71.8,0
6958bb43a2106ae9c65efd97,2020-01-23T00:00:00.000Z,2020,1,23,27.16,29.69,25.01,79.19,2.29,20.2,4.69,6.28,74.2,0
6958bb43a2106ae9c65efd98,2020-01-24T00:00:00.000Z,2020,1,24,27.15,29.51,25.23,81.9,3.31,21.07,5.67,7.12,64.2,0
6958bb43a2106ae9c65efd99,2020-01-25T00:00:00.000Z,2020,1,25,27.14,29.77,24.8,77.44,2.7,20.21,4.23,5.52,58.8,0
6958bb43a2106ae9c65efd9a,2020-01-26T00:00:00.000Z,2020,1,26,26.9,29.54,24.81,75.51,0.05,21.8,4.03,5.27,37.8,0
6958bb43a2106ae9c65efd9b,2020-01-27T00:00:00.000Z,2020,1,27,26.89,29.24,25.07,80.11,1.26,19.6,4.44,5.67,22.9,0
6958bb43a2106ae9c65efd9c,2020-01-28T00:00:00.000Z,2020,1,28,26.81,29.06,25.36,78.44,4.25,17.89,4.12,4.72,357.6,0
6958bb43a2106ae9c65efd9d,2020-01-29T00:00:00.000Z,2020,1,29,26.16,28.25,24.65,77.6,1.68,17.39,3.38,4.08,343.3,0
6958bb43a2106ae9c65efd9e,2020-01-30T00:00:00.000Z,2020,1,30,25.94,27.99,24.19,78.93,0.17,21.05,3.75,4.57,36.8,0
6958bb43a2106ae9c65efd9f,2020-01-31T00:00:00.000Z,2020,1,31,26.77,29.18,24.98,77.86,0.68,20.67,5.36,6.83,52.6,0
6958bb43a2106ae9c65efda0,2020-02-01T00:00:00.000Z,2020,2,1,27.29,30.17,24.63,77.77,0.24,19.84,4.69,6.77,71.4,0
6958bb43a2106ae9c65efda1,2020-02-02T00:00:00.000Z,2020,2,2,26.66,27.73,25.69,83.55,3.83,12.85,5.86,7.86,48.6,0
6958bb43a2106ae9c65efda2,2020-02-03T00:00:00.000Z,2020,2,3,27.03,29.5,25.28,77.69,0.16,19.64,6.13,7.89,66.4,0
6958bb43a2106ae9c65efda3,2020-02-04T00:00:00.000Z,2020,2,4,26.7,29.42,24.7,77.58,0.01,21.7,6,7.19,69.4,0
6958bb43a2106ae9c65efda4,2020-02-05T00:00:00.000Z,2020,2,5,26.55,29.29,24.13,74.99,0.01,20.95,4.83,6.97,68.2,0
6958bb43a2106ae9c65efda5,2020-02-06T00:00:00.000Z,2020,2,6,26.77,29.15,24.91,77.75,7.68,15.78,4.39,5.85,51.6,0
6958bb43a2106ae9c65efda6,2020-02-07T00:00:00.000Z,2020,2,7,26.64,29.05,24.99,80.46,3.78,16.47,4.94,5.99,46.9,0
6958bb43a2106ae9c65efda7,2020-02-08T00:00:00.000Z,2020,2,8,27.27,29.94,25.12,75.53,0.68,22.27,3.96,5.21,63.7,0
6958bb43a2106ae9c65efda8,2020-02-09T00:00:00.000Z,2020,2,9,26.91,29.51,24.97,76.89,0.02,20.77,4.81,7.06,69.6,0
6958bb43a2106ae9c65efda9,2020-02-10T00:00:00.000Z,2020,2,10,27.15,29.56,25.23,76.58,2.57,19.34,5.53,7.23,81.3,0
6958bb43a2106ae9c65efdaa,2020-02-11T00:00:00.000Z,2020,2,11,27.02,28.96,25.6,83.8,6.94,15.9,6.24,7.17,70.7,0
6958bb43a2106ae9c65efdab,2020-02-12T00:00:00.000Z,2020,2,12,27.38,29.92,25.62,81.11,1.98,20.28,4.1,6.17,81.8,0
6958bb43a2106ae9c65efdac,2020-02-13T00:00:00.000Z,2020,2,13,26.82,28.67,25.75,85.02,30.04,17.15,2.38,3.38,37.8,0
6958bb43a2106ae9c65efdad,2020-02-14T00:00:00.000Z,2020,2,14,27.76,30.48,25.66,77.44,5.91,22.14,1.51,2.26,308.7,0
6958bb43a2106ae9c65efdae,2020-02-15T00:00:00.000Z,2020,2,15,27.06,29.34,25.62,80.24,12.44,13.2,2.36,3.94,16.8,0
6958bb43a2106ae9c65efdaf,2020-02-16T00:00:00.000Z,2020,2,16,26.77,28.97,25.25,80.41,4.86,20.9,4.2,5.83,36.2,0
6958bb43a2106ae9c65efdb0,2020-02-17T00:00:00.000Z,2020,2,17,27.05,29.62,24.92,78.55,0.24,20.6,4.24,6.2,46.1,0
6958bb43a2106ae9c65efdb1,2020-02-18T00:00:00.000Z,2020,2,18,26.69,27.93,25.55,81.5,2.45,14.1,3.57,5.58,83.4,0
6958bb43a2106ae9c65efdb2,2020-02-19T00:00:00.000Z,2020,2,19,26.79,29.25,25.28,80.26,3.13,19.59,4.8,8.69,77.3,0
6958bb43a2106ae9c65efdb3,2020-02-20T00:00:00.000Z,2020,2,20,27.14,29.5,25.39,77.5,0.08,23.53,7.19,8.91,79.3,0
6958bb43a2106ae9c65efdb4,2020-02-21T00:00:00.000Z,2020,2,21,27.04,29.6,24.94,77.94,0.03,22.42,8.13,10.85,76.7,0
6958bb43a2106ae9c65efdb5,2020-02-22T00:00:00.000Z,2020,2,22,27.18,29.73,25.41,78.5,0.6,22.38,8.43,10.16,78.2,0
6958bb43a2106ae9c65efdb6,2020-02-23T00:00:00.000Z,2020,2,23,26.8,29.28,25.13,78.42,1.28,18.42,6.92,9.02,74.4,0
6958bb43a2106ae9c65efdb7,2020-02-24T00:00:00.000Z,2020,2,24,27.08,29.63,25.34,79.18,0.03,21.63,7.7,9.54,76.9,0
6958bb43a2106ae9c65efdb8,2020-02-25T00:00:00.000Z,2020,2,25,27.19,29.88,24.98,79.9,0.94,21.85,5.64,7.11,70.8,0
6958bb43a2106ae9c65efdb9,2020-02-26T00:00:00.000Z,2020,2,26,27.59,30.25,25.57,78.72,0.72,21.84,5.86,7.47,72.1,0
6958bb43a2106ae9c65efdba,2020-02-27T00:00:00.000Z,2020,2,27,27.65,30.63,25.66,78.2,0.04,24.06,5.16,6.83,71,0
6958bb43a2106ae9c65efdbb,2020-02-28T00:00:00.000Z,2020,2,28,27.35,30.1,24.99,79.64,0.07,23.64,5.2,6.53,62.1,0
6958bb43a2106ae9c65efdbc,2020-02-29T00:00:00.000Z,2020,2,29,27.46,30.02,25.11,79.91,0.24,22.27,4.77,6.62,61.3,0
6958bb43a2106ae9c65efdbd,2020-03-01T00:00:00.000Z,2020,3,1,27.86,30.78,25.74,76.73,0.71,21.57,4.09,6.22,62.4,0
6958bb43a2106ae9c65efdbe,2020-03-02T00:00:00.000Z,2020,3,2,28.17,31.16,25.74,74.3,0.49,22,3.17,4.95,61.9,0
6958bb43a2106ae9c65efdbf,2020-03-03T00:00:00.000Z,2020,3,3,27.8,30.42,25.69,77.24,0.15,23.07,4.29,6.25,59.1,0
6958bb43a2106ae9c65efdc0,2020-03-04T00:00:00.000Z,2020,3,4,28.06,30.6,26.2,76.46,0.65,23.24,3.01,4.28,50.9,0
6958bb43a2106ae9c65efdc1,2020-03-05T00:00:00.000Z,2020,3,5,27.69,30.02,25.92,76.64,25.32,19.01,2.23,2.77,113.2,0
6958bb43a2106ae9c65efdc2,2020-03-06T00:00:00.000Z,2020,3,6,27.15,28.84,25.23,66.34,4.21,15.04,1.79,3.03,174.5,0
6958bb43a2106ae9c65efdc3,2020-03-07T00:00:00.000Z,2020,3,7,27.74,30.15,25.75,73.71,0.45,19.06,3.01,4.64,47.4,0
6958bb43a2106ae9c65efdc4,2020-03-08T00:00:00.000Z,2020,3,8,27.58,30.03,25.46,79.25,0.58,23.18,3.61,4.81,31,0
6958bb43a2106ae9c65efdc5,2020-03-09T00:00:00.000Z,2020,3,9,28,30.38,26.18,76.41,0.47,20.58,1.6,3.18,17.9,0
6958bb43a2106ae9c65efdc6,2020-03-10T00:00:00.000Z,2020,3,10,28.17,30.9,26.1,74.77,8.04,19.63,2.71,3.55,254.2,0
6958bb43a2106ae9c65efdc7,2020-03-11T00:00:00.000Z,2020,3,11,28.14,30.86,26.15,73.08,1.83,18.14,1.49,2.56,356.1,0
6958bb43a2106ae9c65efdc8,2020-03-12T00:00:00.000Z,2020,3,12,27.52,30,25.97,78.92,5.91,18,2.66,4.56,5,0
6958bb43a2106ae9c65efdc9,2020-03-13T00:00:00.000Z,2020,3,13,27.88,30.91,25.36,77.09,0.23,25.18,4.41,6.29,56.6,0
6958bb43a2106ae9c65efdca,2020-03-14T00:00:00.000Z,2020,3,14,28.53,31.67,25.9,77.87,0.38,25.8,4.58,6.82,77.2,0
6958bb43a2106ae9c65efdcb,2020-03-15T00:00:00.000Z,2020,3,15,28.4,30.54,26.84,79.79,4.06,20.44,5.2,7.09,64.5,0
6958bb43a2106ae9c65efdcc,2020-03-16T00:00:00.000Z,2020,3,16,28.37,30.52,26.78,80.27,9.79,22.12,5.58,7.08,70.9,0
6958bb43a2106ae9c65efdcd,2020-03-17T00:00:00.000Z,2020,3,17,28.09,29.55,26.86,76.93,2.95,18.06,3.01,6,100.4,0
6958bb43a2106ae9c65efdce,2020-03-18T00:00:00.000Z,2020,3,18,27.81,30.39,25.85,76.92,0.98,22.31,3.51,5.28,36.8,0
6958bb43a2106ae9c65efdcf,2020-03-19T00:00:00.000Z,2020,3,19,27.88,30.86,25.62,74.95,0.18,24.76,3.12,4.12,50,0
6958bb43a2106ae9c65efdd0,2020-03-20T00:00:00.000Z,2020,3,20,28.05,31.09,25.42,72.82,0.06,23.73,2.2,3.6,70.2,0
6958bb43a2106ae9c65efdd1,2020-03-21T00:00:00.000Z,2020,3,21,27.77,29.63,26.57,71.46,0.19,21.61,2.25,4.59,54.7,0
6958bb43a2106ae9c65efdd2,2020-03-22T00:00:00.000Z,2020,3,22,28.02,30.73,26.1,71.08,0.28,25.11,2.59,4.31,20.5,0
6958bb43a2106ae9c65efdd3,2020-03-23T00:00:00.000Z,2020,3,23,27.85,30.53,25.61,73.8,0.34,24.99,3.56,4.39,29.1,0
6958bb43a2106ae9c65efdd4,2020-03-24T00:00:00.000Z,2020,3,24,27.84,30.73,25.72,74.96,0.02,23.13,4.27,6.45,54.9,0
6958bb43a2106ae9c65efdd5,2020-03-25T00:00:00.000Z,2020,3,25,28.12,30.78,26.06,74.95,3.51,22.49,3.09,3.79,50.7,0
6958bb43a2106ae9c65efdd6,2020-03-26T00:00:00.000Z,2020,3,26,26.98,28.03,26.15,81.15,78,12.64,1.38,2.94,105.6,0
6958bb43a2106ae9c65efdd7,2020-03-27T00:00:00.000Z,2020,3,27,27.91,30.51,26.07,75.33,1.01,19.13,2.24,4.27,32.7,0
6958bb43a2106ae9c65efdd8,2020-03-28T00:00:00.000Z,2020,3,28,28.08,30.2,26.65,78.2,1.56,21.42,2.29,3.88,1.7,0
6958bb43a2106ae9c65efdd9,2020-03-29T00:00:00.000Z,2020,3,29,27.47,28.58,26.57,80.44,3.28,21.97,1.67,2.24,4.3,0
6958bb43a2106ae9c65efdda,2020-03-30T00:00:00.000Z,2020,3,30,28.12,30.47,26.37,76.06,16.66,19.78,1.49,2.07,318.4,0
6958bb43a2106ae9c65efddb,2020-03-31T00:00:00.000Z,2020,3,31,27.76,29.34,26.4,76.59,4.47,22.58,1.78,2.86,29,0
6958bb43a2106ae9c65efddc,2020-04-01T00:00:00.000Z,2020,4,1,28.18,30.56,26.75,73.38,8.4,20.41,1.92,3.59,281.3,0
6958bb43a2106ae9c65efddd,2020-04-02T00:00:00.000Z,2020,4,2,27.45,29.19,26.05,75.9,3.63,17.8,2.23,3.75,237.4,0
6958bb43a2106ae9c65efdde,2020-04-03T00:00:00.000Z,2020,4,3,27.81,29.58,26.45,77.26,2.06,17.61,2.16,3.74,38.2,0
6958bb43a2106ae9c65efddf,2020-04-04T00:00:00.000Z,2020,4,4,27.64,29.47,26.32,82.1,2.12,13.04,3.28,5.03,51.6,0
6958bb43a2106ae9c65efde0,2020-04-05T00:00:00.000Z,2020,4,5,28.22,30.82,26.19,76.03,1.81,22.9,2.9,4.72,64.1,0
6958bb43a2106ae9c65efde1,2020-04-06T00:00:00.000Z,2020,4,6,26.45,27.07,25.81,80.84,22.05,6.42,2.19,3.31,246.9,0
6958bb43a2106ae9c65efde2,2020-04-07T00:00:00.000Z,2020,4,7,27.6,30.3,25.56,73.42,4.22,20.92,1.95,2.99,278.6,0
6958bb43a2106ae9c65efde3,2020-04-08T00:00:00.000Z,2020,4,8,27.88,30.2,26.12,75.03,4.36,19.99,1.86,2.72,295.4,0
6958bb43a2106ae9c65efde4,2020-04-09T00:00:00.000Z,2020,4,9,28.17,30.46,26.5,74.66,4.94,21.46,1.49,2.46,21.8,0
6958bb43a2106ae9c65efde5,2020-04-10T00:00:00.000Z,2020,4,10,27.78,29.44,26.76,78.16,1.97,19.85,1.89,3.54,39.1,0
6958bb43a2106ae9c65efde6,2020-04-11T00:00:00.000Z,2020,4,11,28.32,30.74,26.31,76.8,0.75,21.74,3.22,5.16,61.5,0
6958bb43a2106ae9c65efde7,2020-04-12T00:00:00.000Z,2020,4,12,28.18,29.58,26.96,76.22,8.5,15.37,2.55,4.39,93.1,0
6958bb43a2106ae9c65efde8,2020-04-13T00:00:00.000Z,2020,4,13,27.84,29,26.69,78.61,36.66,17.3,1.65,2.25,270.5,0
6958bb43a2106ae9c65efde9,2020-04-14T00:00:00.000Z,2020,4,14,27.77,29.48,26.59,79.1,9.53,17.79,2.02,2.99,63.2,0
6958bb43a2106ae9c65efdea,2020-04-15T00:00:00.000Z,2020,4,15,28.6,30.63,26.71,73.32,2.42,21.97,1.24,2.09,99.5,0
6958bb43a2106ae9c65efdeb,2020-04-16T00:00:00.000Z,2020,4,16,28.15,30.25,26.72,74.85,14.83,17.98,1.62,2.89,258.2,0
6958bb43a2106ae9c65efdec,2020-04-17T00:00:00.000Z,2020,4,17,26.86,28.06,26.17,83.16,12.88,11.27,1.54,2.32,301.3,0
6958bb43a2106ae9c65efded,2020-04-18T00:00:00.000Z,2020,4,18,27.58,29.49,25.97,77.92,1.76,20.93,2.22,3.68,36.1,0
6958bb43a2106ae9c65efdee,2020-04-19T00:00:00.000Z,2020,4,19,27.99,30.25,26.44,75.92,2.24,23.19,2.07,3.41,28.8,0
6958bb43a2106ae9c65efdef,2020-04-20T00:00:00.000Z,2020,4,20,28.35,30.53,26.64,80.57,2.35,23.32,4.2,5.89,69.9,0
6958bb43a2106ae9c65efdf0,2020-04-21T00:00:00.000Z,2020,4,21,28.46,30.22,26.91,80.12,5.81,19.81,2.89,4.1,75.2,0
6958bb43a2106ae9c65efdf1,2020-04-22T00:00:00.000Z,2020,4,22,28.12,29.09,27.33,83.61,11.9,20.57,2.81,3.97,61.7,0
6958bb43a2106ae9c65efdf2,2020-04-23T00:00:00.000Z,2020,4,23,27.11,28.45,26.15,84.52,18.44,12.35,3.05,4.65,45.3,0
6958bb43a2106ae9c65efdf3,2020-04-24T00:00:00.000Z,2020,4,24,27.49,29.36,26.09,79.95,5.71,18.56,2.54,3.95,64.7,0
6958bb43a2106ae9c65efdf4,2020-04-25T00:00:00.000Z,2020,4,25,27.45,29.31,26.56,81.28,5.29,15.86,1.64,2.67,47.4,0
6958bb43a2106ae9c65efdf5,2020-04-26T00:00:00.000Z,2020,4,26,27.44,29.36,26.13,82.34,7.32,16.35,3.26,3.71,58.2,0
6958bb43a2106ae9c65efdf6,2020-04-27T00:00:00.000Z,2020,4,27,26.87,28.14,25.97,85.27,10.69,10.75,3.31,4.06,43,0
6958bb43a2106ae9c65efdf7,2020-04-28T00:00:00.000Z,2020,4,28,26.3,27.15,25.53,89.74,36.13,13.36,3.66,5.08,17.9,0
6958bb43a2106ae9c65efdf8,2020-04-29T00:00:00.000Z,2020,4,29,26.45,27.26,25.64,84.95,17.82,22.46,2.73,4.17,270.3,0
6958bb43a2106ae9c65efdf9,2020-04-30T00:00:00.000Z,2020,4,30,26.61,27.83,25.7,82.55,7.06,19.01,2.79,4.07,246.3,0
6958bb43a2106ae9c65efdfa,2020-05-01T00:00:00.000Z,2020,5,1,27.09,28.53,25.92,81.66,28.37,13.65,3.81,4.97,228.8,0
6958bb43a2106ae9c65efdfb,2020-05-02T00:00:00.000Z,2020,5,2,26.75,28.44,25.46,81.57,10.84,14.52,5.04,6.36,224.4,0
6958bb43a2106ae9c65efdfc,2020-05-03T00:00:00.000Z,2020,5,3,27.52,29.77,25.71,78.23,3.56,18.53,3.94,4.51,208.2,0
6958bb43a2106ae9c65efdfd,2020-05-04T00:00:00.000Z,2020,5,4,27.02,28.31,25.88,79.5,24,18.05,2.76,4.36,208.2,0
6958bb43a2106ae9c65efdfe,2020-05-05T00:00:00.000Z,2020,5,5,27.44,29.53,25.6,81.21,4.48,19.7,3.87,4.54,239.7,0
6958bb43a2106ae9c65efdff,2020-05-06T00:00:00.000Z,2020,5,6,27.89,30.01,26.2,79.81,2.48,19.92,4.35,5.02,229.5,0
6958bb43a2106ae9c65efe00,2020-05-07T00:00:00.000Z,2020,5,7,27.96,30.34,26.45,82.31,67.97,7.27,5,7.05,217.6,0
6958bb43a2106ae9c65efe01,2020-05-08T00:00:00.000Z,2020,5,8,26.96,28.06,26.09,91.24,149.12,4.63,7.26,10.75,324.4,0
6958bb43a2106ae9c65efe02,2020-05-09T00:00:00.000Z,2020,5,9,26.09,26.76,25.52,91.16,42.87,7.05,6.88,9.6,320.5,0
6958bb43a2106ae9c65efe03,2020-05-10T00:00:00.000Z,2020,5,10,26.54,27.86,25.36,86.83,19.96,17.22,2.36,4.13,328.4,0
6958bb43a2106ae9c65efe04,2020-05-11T00:00:00.000Z,2020,5,11,27.46,28.9,26.23,82.02,35.05,8.89,1.28,3.19,202.1,0
6958bb43a2106ae9c65efe05,2020-05-12T00:00:00.000Z,2020,5,12,27.92,30.18,26.46,80.27,2.77,20.88,2.18,3.28,152.3,0
6958bb43a2106ae9c65efe06,2020-05-13T00:00:00.000Z,2020,5,13,27.81,29.08,26.62,80.43,39.52,14.76,1.81,2.71,159.2,0
6958bb43a2106ae9c65efe07,2020-05-14T00:00:00.000Z,2020,5,14,27.52,29.14,26.43,80.29,17.21,20.73,1.23,2.17,184.9,0
6958bb43a2106ae9c65efe08,2020-05-15T00:00:00.000Z,2020,5,15,28.28,30.8,26.38,80.43,11.15,22.65,2.01,3.22,225.9,0
6958bb43a2106ae9c65efe09,2020-05-16T00:00:00.000Z,2020,5,16,27.96,30.42,26.52,82.54,17.48,17.29,2.78,4.98,242.1,0
6958bb43a2106ae9c65efe0a,2020-05-17T00:00:00.000Z,2020,5,17,27.71,29.11,26.63,84.64,17.78,11.44,6.47,8.48,219.7,0
6958bb43a2106ae9c65efe0b,2020-05-18T00:00:00.000Z,2020,5,18,27.61,29.48,26.19,82.06,6.27,20.78,6.96,8.87,201.4,0
6958bb43a2106ae9c65efe0c,2020-05-19T00:00:00.000Z,2020,5,19,27.13,28.77,25.48,84.21,23.88,10.67,6.06,7.17,202,0
6958bb43a2106ae9c65efe0d,2020-05-20T00:00:00.000Z,2020,5,20,27.04,28.66,25.91,82.45,16.61,13.05,6.57,8.92,213.6,0
6958bb43a2106ae9c65efe0e,2020-05-21T00:00:00.000Z,2020,5,21,26.16,28.23,24.74,78.22,3.26,16.29,3.49,6.09,245.1,0
6958bb43a2106ae9c65efe0f,2020-05-22T00:00:00.000Z,2020,5,22,26.98,29.34,25.21,81.01,10.8,13.31,3.32,4.44,266.7,0
6958bb43a2106ae9c65efe10,2020-05-23T00:00:00.000Z,2020,5,23,27.17,29.03,25.44,81.3,7.35,15.76,3.59,4.85,235.4,0
6958bb43a2106ae9c65efe11,2020-05-24T00:00:00.000Z,2020,5,24,27.3,29.25,25.86,81.71,2.29,15.15,3.99,5.23,234.8,0
6958bb43a2106ae9c65efe12,2020-05-25T00:00:00.000Z,2020,5,25,27.25,29.36,25.81,81.52,4.51,19.78,4.84,5.92,213.1,0
6958bb43a2106ae9c65efe13,2020-05-26T00:00:00.000Z,2020,5,26,27.14,29.01,25.95,82.95,4.6,16.27,3.84,5.27,223.2,0
6958bb43a2106ae9c65efe14,2020-05-27T00:00:00.000Z,2020,5,27,27.81,29.87,25.75,78.29,0.47,22.64,2.73,3.98,225.6,0
6958bb43a2106ae9c65efe15,2020-05-28T00:00:00.000Z,2020,5,28,27.81,29.43,26.38,80.13,3.53,22.26,2.41,2.99,242,0
6958bb43a2106ae9c65efe16,2020-05-29T00:00:00.000Z,2020,5,29,27.05,28.58,25.97,81.75,0.75,13.99,1.96,3.8,13.2,0
6958bb43a2106ae9c65efe17,2020-05-30T00:00:00.000Z,2020,5,30,27.42,29.69,25.74,80.06,0.46,21.49,2.03,3.34,38.8,0
6958bb43a2106ae9c65efe18,2020-05-31T00:00:00.000Z,2020,5,31,27.43,29.82,26.18,79.06,2.6,20.82,2.08,3.9,265.3,0
6958bb43a2106ae9c65efe19,2020-06-01T00:00:00.000Z,2020,6,1,27.8,30.15,26.1,75.68,3.49,20.52,2.1,2.98,232.6,0
6958bb43a2106ae9c65efe1a,2020-06-02T00:00:00.000Z,2020,6,2,27.67,29.39,26.01,77.01,10.21,14.56,2.18,3.15,228.2,0
6958bb43a2106ae9c65efe1b,2020-06-03T00:00:00.000Z,2020,6,3,27.3,29.24,26.09,82.65,3.68,21.57,2.85,4.08,261.3,0
6958bb43a2106ae9c65efe1c,2020-06-04T00:00:00.000Z,2020,6,4,26.42,27.5,25.27,86.06,4,15.54,4.23,6.28,265.2,0
6958bb43a2106ae9c65efe1d,2020-06-05T00:00:00.000Z,2020,6,5,26.57,28.6,24.97,76.36,0.56,15.97,4.92,5.7,245,0
6958bb43a2106ae9c65efe1e,2020-06-06T00:00:00.000Z,2020,6,6,26.27,27.94,24.84,79.82,1.23,16.11,4.94,5.92,225.9,0
6958bb43a2106ae9c65efe1f,2020-06-07T00:00:00.000Z,2020,6,7,27.23,29.78,25.33,72.1,2.11,15.51,4.13,5.39,231,0
6958bb43a2106ae9c65efe20,2020-06-08T00:00:00.000Z,2020,6,8,26.69,28.43,25.3,81.71,1.7,19.73,4.7,5.38,219.9,0
6958bb43a2106ae9c65efe21,2020-06-09T00:00:00.000Z,2020,6,9,27.48,29.8,25.74,78.73,0.92,21.55,4.18,4.66,213.3,0
6958bb43a2106ae9c65efe22,2020-06-10T00:00:00.000Z,2020,6,10,27.87,30.36,25.94,73.51,0.89,21.12,3.57,5.19,219.2,0
6958bb43a2106ae9c65efe23,2020-06-11T00:00:00.000Z,2020,6,11,27.39,29.41,25.57,75.64,19.72,21.7,3.26,4.07,230.2,0
6958bb43a2106ae9c65efe24,2020-06-12T00:00:00.000Z,2020,6,12,27.67,29.94,25.82,74.69,5.9,16.19,3.49,5.01,224.7,0
6958bb43a2106ae9c65efe25,2020-06-13T00:00:00.000Z,2020,6,13,27.83,30.32,25.82,75.48,0.79,21.35,3.81,4.91,234.2,0
6958bb43a2106ae9c65efe26,2020-06-14T00:00:00.000Z,2020,6,14,27.86,30.45,25.8,78.21,0.93,21.66,3.6,4.54,238.4,0
6958bb43a2106ae9c65efe27,2020-06-15T00:00:00.000Z,2020,6,15,27.05,29.1,25.69,80.78,6.74,17.63,5.08,5.9,227.2,0
6958bb43a2106ae9c65efe28,2020-06-16T00:00:00.000Z,2020,6,16,27.35,29.58,25.5,79.06,1.85,13.56,4.49,5.45,222.6,0
6958bb43a2106ae9c65efe29,2020-06-17T00:00:00.000Z,2020,6,17,27.15,28.67,25.91,77.84,0.89,20.44,3.16,4.41,228.8,0
6958bb43a2106ae9c65efe2a,2020-06-18T00:00:00.000Z,2020,6,18,27.12,29.12,25.23,77.85,3.76,13.13,3.09,3.73,239.5,0
6958bb43a2106ae9c65efe2b,2020-06-19T00:00:00.000Z,2020,6,19,27.12,28.69,25.89,81.88,1.6,19.32,3.64,4.7,245.9,0
6958bb43a2106ae9c65efe2c,2020-06-20T00:00:00.000Z,2020,6,20,27.33,29.35,26.01,81.49,4.11,20.75,5.26,6.29,224.7,0
6958bb43a2106ae9c65efe2d,2020-06-21T00:00:00.000Z,2020,6,21,26.39,27.5,25.52,87.22,7.09,20.43,4.85,8.04,218.5,0
6958bb43a2106ae9c65efe2e,2020-06-22T00:00:00.000Z,2020,6,22,26.32,27.82,25.22,84.09,13.2,16.05,5.9,8.44,221.5,0
6958bb43a2106ae9c65efe2f,2020-06-23T00:00:00.000Z,2020,6,23,26.77,28.98,25.21,78.83,1.7,17.44,6.13,6.66,208,0
6958bb43a2106ae9c65efe30,2020-06-24T00:00:00.000Z,2020,6,24,27.59,29.97,25.17,73.42,0.19,19.72,3.21,5.17,180.7,0
6958bb43a2106ae9c65efe31,2020-06-25T00:00:00.000Z,2020,6,25,26.68,28.32,25.37,78.57,2.4,20.34,4.62,6.5,198.6,0
6958bb43a2106ae9c65efe32,2020-06-26T00:00:00.000Z,2020,6,26,26.63,28.44,24.78,76.59,0.6,18.72,4.07,5.65,208,0
6958bb43a2106ae9c65efe33,2020-06-27T00:00:00.000Z,2020,6,27,27.9,31,25.22,70.28,0.18,22.58,2.38,2.89,214.1,0
6958bb43a2106ae9c65efe34,2020-06-28T00:00:00.000Z,2020,6,28,28.29,31.32,25.68,71.76,0.28,22.7,2.48,4.02,200.1,0
6958bb43a2106ae9c65efe35,2020-06-29T00:00:00.000Z,2020,6,29,27.85,30.24,25.94,74.88,0.26,19.48,2.92,4,185.9,0
6958bb43a2106ae9c65efe36,2020-06-30T00:00:00.000Z,2020,6,30,27.75,30.23,25.7,71.83,0.49,21.08,1.92,2.72,211.2,0
6958bb43a2106ae9c65efe37,2020-07-01T00:00:00.000Z,2020,7,1,26.85,27.99,25.96,77.28,2.29,19.28,1.55,2.58,288.9,0
6958bb43a2106ae9c65efe38,2020-07-02T00:00:00.000Z,2020,7,2,27.85,30.43,25.57,73.19,0.12,23.33,2.71,3.33,234.2,0
6958bb43a2106ae9c65efe39,2020-07-03T00:00:00.000Z,2020,7,3,28.24,31.06,25.76,71.99,0.65,23.25,2.21,3.93,196.4,0
6958bb43a2106ae9c65efe3a,2020-07-04T00:00:00.000Z,2020,7,4,27.13,28.37,26.2,78.11,1.33,19.21,1.51,2.43,60.9,0
6958bb43a2106ae9c65efe3b,2020-07-05T00:00:00.000Z,2020,7,5,27.54,30.06,25.63,69.86,4.84,22.29,2.08,3.26,39.5,0
6958bb43a2106ae9c65efe3c,2020-07-06T00:00:00.000Z,2020,7,6,27.91,30.42,26.1,71.01,1.81,15.19,2.1,3,32.7,0
6958bb43a2106ae9c65efe3d,2020-07-07T00:00:00.000Z,2020,7,7,27.07,29.86,25.19,73.64,4.01,16.85,1.87,3.92,340.9,0
6958bb43a2106ae9c65efe3e,2020-07-08T00:00:00.000Z,2020,7,8,25.73,26.8,24.83,81.1,4.2,11.42,3.6,4.53,253.6,0
6958bb43a2106ae9c65efe3f,2020-07-09T00:00:00.000Z,2020,7,9,26.85,28.87,24.98,77.08,0.73,18.45,3.42,4.32,209.3,0
6958bb43a2106ae9c65efe40,2020-07-10T00:00:00.000Z,2020,7,10,26.85,29.1,25.53,77.46,1.81,16.32,2.37,4.27,199.1,0
6958bb43a2106ae9c65efe41,2020-07-11T00:00:00.000Z,2020,7,11,27.31,29.9,25.5,76.18,1.49,18.95,3.17,4.03,239.1,0
6958bb43a2106ae9c65efe42,2020-07-12T00:00:00.000Z,2020,7,12,27,29.6,25.21,76.33,1.19,16.91,5.01,5.8,216,0
6958bb43a2106ae9c65efe43,2020-07-13T00:00:00.000Z,2020,7,13,26.78,28.31,25.55,79.14,1.88,8.64,4.15,5.04,198.9,0
6958bb43a2106ae9c65efe44,2020-07-14T00:00:00.000Z,2020,7,14,27.34,30.45,24.81,72.98,0.15,20.97,2.17,3.39,107.9,0
6958bb43a2106ae9c65efe45,2020-07-15T00:00:00.000Z,2020,7,15,27.16,28.39,26.15,82.02,1.97,16.31,1.73,2.35,57.2,0
6958bb43a2106ae9c65efe46,2020-07-16T00:00:00.000Z,2020,7,16,27.05,28.26,26.12,79.76,2.78,22.58,1.86,3.26,35.7,0
6958bb43a2106ae9c65efe47,2020-07-17T00:00:00.000Z,2020,7,17,26.12,27.03,25.16,82.59,14.83,11.86,2.06,2.88,348,0
6958bb43a2106ae9c65efe48,2020-07-18T00:00:00.000Z,2020,7,18,27.43,29.73,25.02,72.99,4.19,20.04,1.55,2.46,275,0
6958bb43a2106ae9c65efe49,2020-07-19T00:00:00.000Z,2020,7,19,27.73,29.91,26.5,73.36,6.48,20.85,1.76,3.36,10.1,0
6958bb43a2106ae9c65efe4a,2020-07-20T00:00:00.000Z,2020,7,20,26.62,27.18,25.77,85.02,9.44,18.55,3.31,4.21,27.9,0
6958bb43a2106ae9c65efe4b,2020-07-21T00:00:00.000Z,2020,7,21,26.61,27.51,25.78,84.25,11.99,8.24,3.18,4.42,357.5,0
6958bb43a2106ae9c65efe4c,2020-07-22T00:00:00.000Z,2020,7,22,26.07,27.22,25.04,82.66,6.69,16.81,3.49,4.03,263.3,0
6958bb43a2106ae9c65efe4d,2020-07-23T00:00:00.000Z,2020,7,23,26.46,28.66,24.59,79.3,4.53,16.02,3.1,3.67,241.6,0
6958bb43a2106ae9c65efe4e,2020-07-24T00:00:00.000Z,2020,7,24,26.53,28.15,25.23,81.14,6.74,16.56,2.47,3.53,307.3,0
6958bb43a2106ae9c65efe4f,2020-07-25T00:00:00.000Z,2020,7,25,26.56,27.91,25.53,83.97,15.89,18.55,1.92,3.34,322.9,0
6958bb43a2106ae9c65efe50,2020-07-26T00:00:00.000Z,2020,7,26,26.1,27.01,25.42,86.1,30.3,17.19,3.44,4.46,249.8,0
6958bb43a2106ae9c65efe51,2020-07-27T00:00:00.000Z,2020,7,27,26.68,28.1,25.2,83.14,21.66,13.78,5.69,7.73,209.8,0
6958bb43a2106ae9c65efe52,2020-07-28T00:00:00.000Z,2020,7,28,26.66,28.24,25.52,80.72,12.35,10.27,6.05,7.72,189.7,0
6958bb43a2106ae9c65efe53,2020-07-29T00:00:00.000Z,2020,7,29,26.88,28.92,25.39,77.8,1.5,17.38,5.05,6.73,188.2,0
6958bb43a2106ae9c65efe54,2020-07-30T00:00:00.000Z,2020,7,30,26.49,28.49,24.92,78.35,8.39,11.73,5.92,8.37,202.8,0
6958bb43a2106ae9c65efe55,2020-07-31T00:00:00.000Z,2020,7,31,26.63,28.52,25.34,81.14,2.93,17.8,8.16,9.09,221.3,0
6958bb43a2106ae9c65efe56,2020-08-01T00:00:00.000Z,2020,8,1,26.49,28.6,24.97,80.26,3.25,18.32,7.41,8.92,210.7,0
6958bb43a2106ae9c65efe57,2020-08-02T00:00:00.000Z,2020,8,2,26.93,29.04,25.45,80.59,2.66,14.36,7.45,8.96,222.7,0
6958bb43a2106ae9c65efe58,2020-08-03T00:00:00.000Z,2020,8,3,26.64,28.49,25.15,80.33,1.39,18.12,7.65,8.68,221.6,0
6958bb43a2106ae9c65efe59,2020-08-04T00:00:00.000Z,2020,8,4,27.44,29.82,25.85,76.91,0.4,16.93,7.06,8.44,213.9,0
6958bb43a2106ae9c65efe5a,2020-08-05T00:00:00.000Z,2020,8,5,27.75,30,25.29,73.71,0.25,15.23,3.67,5.65,205.9,0
6958bb43a2106ae9c65efe5b,2020-08-06T00:00:00.000Z,2020,8,6,28.35,30.78,26.66,71.41,0.21,20.19,1.33,2.24,210.5,0
6958bb43a2106ae9c65efe5c,2020-08-07T00:00:00.000Z,2020,8,7,27.54,30.15,25.86,78.53,0.66,22.76,4.88,6.16,220.9,0
6958bb43a2106ae9c65efe5d,2020-08-08T00:00:00.000Z,2020,8,8,26.41,27.59,25.53,81.62,7.54,15.54,6.63,8.01,228.8,0
6958bb43a2106ae9c65efe5e,2020-08-09T00:00:00.000Z,2020,8,9,27.35,29.89,25.21,76.9,2.64,21.92,6.44,8.13,209.7,0
6958bb43a2106ae9c65efe5f,2020-08-10T00:00:00.000Z,2020,8,10,27.26,29.78,25.6,79.37,5.96,16.33,6.41,8.93,212.3,0
6958bb43a2106ae9c65efe60,2020-08-11T00:00:00.000Z,2020,8,11,27.56,30.36,25.56,77.95,1.02,22.52,5.04,6.34,224.1,0
6958bb43a2106ae9c65efe61,2020-08-12T00:00:00.000Z,2020,8,12,26.88,28.71,25.42,79.36,2.91,12.4,5.22,6.25,204,0
6958bb43a2106ae9c65efe62,2020-08-13T00:00:00.000Z,2020,8,13,26.03,28.17,24.6,76.39,0.58,14.68,5.81,6.93,209.2,0
6958bb43a2106ae9c65efe63,2020-08-14T00:00:00.000Z,2020,8,14,28.04,31.54,24.61,65.34,0.01,20.22,2.26,3.93,184.1,0
6958bb43a2106ae9c65efe64,2020-08-15T00:00:00.000Z,2020,8,15,28.07,30.75,25.98,73.37,0.01,21.99,1.96,3.15,221.1,0
6958bb43a2106ae9c65efe65,2020-08-16T00:00:00.000Z,2020,8,16,28.06,30.89,26.15,72.6,0.01,24.24,1.5,2.03,263.5,0
6958bb43a2106ae9c65efe66,2020-08-17T00:00:00.000Z,2020,8,17,27.99,31.16,25.42,73.21,0.01,23.85,2.71,4.03,217.8,0
6958bb43a2106ae9c65efe67,2020-08-18T00:00:00.000Z,2020,8,18,27.92,30.57,25.85,74.28,0.01,21.15,3.35,5,214.2,0
6958bb43a2106ae9c65efe68,2020-08-19T00:00:00.000Z,2020,8,19,27.77,30.57,25.41,71.61,0.11,24.08,2.24,2.82,223.1,0
6958bb43a2106ae9c65efe69,2020-08-20T00:00:00.000Z,2020,8,20,28.34,31.68,25.82,69.61,0.41,20.34,1.83,2.84,74.1,0
6958bb43a2106ae9c65efe6a,2020-08-21T00:00:00.000Z,2020,8,21,26.92,28.05,26.12,83.04,1.54,18.29,2.63,3.87,335.6,0
6958bb43a2106ae9c65efe6b,2020-08-22T00:00:00.000Z,2020,8,22,27.29,28.58,25.98,77.36,17.77,20.8,1.4,2.73,333.4,0
6958bb43a2106ae9c65efe6c,2020-08-23T00:00:00.000Z,2020,8,23,27.78,29.6,26.53,75.36,11.35,20.77,1.51,2.25,289.3,0
6958bb43a2106ae9c65efe6d,2020-08-24T00:00:00.000Z,2020,8,24,26.88,28.29,25.97,82.78,5.38,19.52,3.08,4.81,13.2,0
6958bb43a2106ae9c65efe6e,2020-08-25T00:00:00.000Z,2020,8,25,26.71,28.18,25.68,83.5,10.7,21.02,2.84,4.49,353.3,0
6958bb43a2106ae9c65efe6f,2020-08-26T00:00:00.000Z,2020,8,26,26.38,27.57,25.44,84.19,8.01,17.3,2.75,3.38,256.2,0
6958bb43a2106ae9c65efe70,2020-08-27T00:00:00.000Z,2020,8,27,26.87,28.45,25.72,83.7,4.36,19.56,3.84,4.8,290.7,0
6958bb43a2106ae9c65efe71,2020-08-28T00:00:00.000Z,2020,8,28,26.71,28.11,25.8,84.58,14.83,19.34,4.25,5.09,275,0
6958bb43a2106ae9c65efe72,2020-08-29T00:00:00.000Z,2020,8,29,27.09,28.8,25.72,80.12,4.37,20.46,2.99,4.65,277.5,0
6958bb43a2106ae9c65efe73,2020-08-30T00:00:00.000Z,2020,8,30,26.9,28.57,25.85,81.54,2.27,19.96,3.32,4.61,259.2,0
6958bb43a2106ae9c65efe74,2020-08-31T00:00:00.000Z,2020,8,31,26.99,29.86,25.33,80.95,15.23,15.71,4.89,5.99,224.4,0
6958bb43a2106ae9c65efe75,2020-09-01T00:00:00.000Z,2020,9,1,26.96,29.92,25.37,79.06,12.42,20.69,4.76,5.3,218.6,0
6958bb43a2106ae9c65efe76,2020-09-02T00:00:00.000Z,2020,9,2,27.08,29.52,25.37,79.66,1.42,17.1,4.53,5.15,213.7,0
6958bb43a2106ae9c65efe77,2020-09-03T00:00:00.000Z,2020,9,3,26.25,27.87,25.25,81.16,5.87,16.07,3.11,4.87,260.9,0
6958bb43a2106ae9c65efe78,2020-09-04T00:00:00.000Z,2020,9,4,27.73,30.81,25.27,69.21,0.48,15,1.42,2.19,246.1,0
6958bb43a2106ae9c65efe79,2020-09-05T00:00:00.000Z,2020,9,5,26.69,28.13,25.44,80.29,7.62,21.41,4.64,6.49,216.9,0
6958bb43a2106ae9c65efe7a,2020-09-06T00:00:00.000Z,2020,9,6,26.43,28.56,25.17,81.46,8.77,10.31,5.35,6.54,208.9,0
6958bb43a2106ae9c65efe7b,2020-09-07T00:00:00.000Z,2020,9,7,27.28,30.04,24.76,74.55,4.46,23.83,2.38,3.68,215.3,0
6958bb43a2106ae9c65efe7c,2020-09-08T00:00:00.000Z,2020,9,8,26.69,28.64,25.37,80.33,4.83,16.09,4.13,5.12,229.9,0
6958bb43a2106ae9c65efe7d,2020-09-09T00:00:00.000Z,2020,9,9,26.22,27.67,25.01,82.67,2.01,18.88,4.83,5.89,229.1,0
6958bb43a2106ae9c65efe7e,2020-09-10T00:00:00.000Z,2020,9,10,25.44,27.09,24.65,84.63,28.79,13.6,7.12,8.17,239,0
6958bb43a2106ae9c65efe7f,2020-09-11T00:00:00.000Z,2020,9,11,25.26,26.57,24.58,86.47,25.2,7.28,6,7.85,242.6,0
6958bb43a2106ae9c65efe80,2020-09-12T00:00:00.000Z,2020,9,12,25.85,27.16,24.82,81.3,3,15.23,4.22,5.87,254.5,0
6958bb43a2106ae9c65efe81,2020-09-13T00:00:00.000Z,2020,9,13,26.03,28.19,23.87,74.58,9.07,11.6,4.24,5.09,220.3,0
6958bb43a2106ae9c65efe82,2020-09-14T00:00:00.000Z,2020,9,14,27,30,24.63,74.41,1.49,21.72,3.85,5.3,226.5,0
6958bb43a2106ae9c65efe83,2020-09-15T00:00:00.000Z,2020,9,15,25.92,27.62,24.97,80.78,3.87,10.94,6.02,8.38,211.8,0
6958bb43a2106ae9c65efe84,2020-09-16T00:00:00.000Z,2020,9,16,27.05,30.06,24.77,75.81,1.09,21.02,5.72,6.52,210.8,0
6958bb43a2106ae9c65efe85,2020-09-17T00:00:00.000Z,2020,9,17,25.95,27.6,24.33,80.19,6.82,18.4,6.31,7.23,220.4,0
6958bb43a2106ae9c65efe86,2020-09-18T00:00:00.000Z,2020,9,18,26.07,28.12,24.19,79.2,9.19,10.22,6.9,7.78,223.6,0
6958bb43a2106ae9c65efe87,2020-09-19T00:00:00.000Z,2020,9,19,26.33,28.01,25.01,79.75,11.21,12.07,7.37,8.2,225.7,0
6958bb43a2106ae9c65efe88,2020-09-20T00:00:00.000Z,2020,9,20,26.73,29.05,25.1,77.27,6.86,16.26,5,5.85,216.4,0
6958bb43a2106ae9c65efe89,2020-09-21T00:00:00.000Z,2020,9,21,27.39,30.12,24.93,69.24,0.34,17.06,1.95,3.17,110.1,0
6958bb43a2106ae9c65efe8a,2020-09-22T00:00:00.000Z,2020,9,22,27.66,29.63,25.89,75.04,0.76,23.12,1.68,2.53,294.1,0
6958bb43a2106ae9c65efe8b,2020-09-23T00:00:00.000Z,2020,9,23,27.04,29.31,25.33,78.52,10.25,16.33,2.9,5.23,231.8,0
6958bb43a2106ae9c65efe8c,2020-09-24T00:00:00.000Z,2020,9,24,26.84,29.64,24.62,74.88,9.35,19.44,3.36,5.1,211.4,0
6958bb43a2106ae9c65efe8d,2020-09-25T00:00:00.000Z,2020,9,25,26.41,28.45,25.05,80.55,3.51,21.44,4.67,6.12,218.8,0
6958bb43a2106ae9c65efe8e,2020-09-26T00:00:00.000Z,2020,9,26,26.58,29.33,24.72,75.41,1.75,12.39,4.07,4.48,221.5,0
6958bb43a2106ae9c65efe8f,2020-09-27T00:00:00.000Z,2020,9,27,26.5,29.27,24.2,73.75,0.08,18.26,4.36,5.48,231.8,0
6958bb43a2106ae9c65efe90,2020-09-28T00:00:00.000Z,2020,9,28,26.53,29.08,24.84,75.32,1,23.08,4.43,6.19,228.8,0
6958bb43a2106ae9c65efe91,2020-09-29T00:00:00.000Z,2020,9,29,27.28,30.19,24.93,76.27,1.44,13.95,2.91,4.72,226.2,0
6958bb43a2106ae9c65efe92,2020-09-30T00:00:00.000Z,2020,9,30,27.31,29.72,25.49,76.96,2.05,18.8,2.44,3.4,237.2,0
6958bb43a2106ae9c65efe93,2020-10-01T00:00:00.000Z,2020,10,1,26.5,28.08,25.22,81.41,5.73,21.59,3.14,3.6,248.5,0
6958bb43a2106ae9c65efe94,2020-10-02T00:00:00.000Z,2020,10,2,26.24,28.97,24.26,76.79,4.1,17.8,5.02,6.67,221.9,0
6958bb43a2106ae9c65efe95,2020-10-03T00:00:00.000Z,2020,10,3,25.77,27.48,24.7,81,7.88,6.46,4.65,6.32,216,0
6958bb43a2106ae9c65efe96,2020-10-04T00:00:00.000Z,2020,10,4,26.19,28.19,24.5,81.22,6.15,20.2,5.51,6.33,237.9,0
6958bb43a2106ae9c65efe97,2020-10-05T00:00:00.000Z,2020,10,5,26.85,28.84,25.31,80.65,1.26,23.3,4.36,4.85,250.2,0
6958bb43a2106ae9c65efe98,2020-10-06T00:00:00.000Z,2020,10,6,26.63,28.74,25.35,79.77,3.2,18.18,5.92,7.48,223.3,0
6958bb43a2106ae9c65efe99,2020-10-07T00:00:00.000Z,2020,10,7,26.09,28.37,24.72,80.43,22.55,11.3,5.87,6.68,247.6,0
6958bb43a2106ae9c65efe9a,2020-10-08T00:00:00.000Z,2020,10,8,26.17,27.92,24.75,80.75,10.89,13.48,7.05,8.1,249,0
6958bb43a2106ae9c65efe9b,2020-10-09T00:00:00.000Z,2020,10,9,26.09,28.13,24.92,80.83,18.88,13.41,7.8,9.41,226.1,0
6958bb43a2106ae9c65efe9c,2020-10-10T00:00:00.000Z,2020,10,10,26.25,27.49,24.97,85.15,24.87,13.45,7.21,9.05,238.9,0
6958bb43a2106ae9c65efe9d,2020-10-11T00:00:00.000Z,2020,10,11,26.62,28.08,25.55,83.09,7.56,14,7.24,8.83,232.4,0
6958bb43a2106ae9c65efe9e,2020-10-12T00:00:00.000Z,2020,10,12,26.22,27.36,25.4,82.91,21.25,10.3,7.54,8.3,233.5,0
6958bb43a2106ae9c65efe9f,2020-10-13T00:00:00.000Z,2020,10,13,26.3,27.94,25.02,82.74,7.82,13.7,6.33,8.1,227.5,0
6958bb43a2106ae9c65efea0,2020-10-14T00:00:00.000Z,2020,10,14,26.6,28.83,24.78,81.05,3.75,19.72,4.88,5.52,226.2,0
6958bb43a2106ae9c65efea1,2020-10-15T00:00:00.000Z,2020,10,15,26.64,28.96,24.95,79.44,2.31,19.53,6.02,6.52,222.5,0
6958bb43a2106ae9c65efea2,2020-10-16T00:00:00.000Z,2020,10,16,25.69,26.83,24.81,79.4,6.39,19.5,6.99,8.82,215.1,0
6958bb43a2106ae9c65efea3,2020-10-17T00:00:00.000Z,2020,10,17,26.15,27.98,24.81,80.98,6.64,13.27,8.18,10.15,224,0
6958bb43a2106ae9c65efea4,2020-10-18T00:00:00.000Z,2020,10,18,26.82,29.05,25.26,80.5,0.48,15.29,6.53,8.53,208.5,0
6958bb43a2106ae9c65efea5,2020-10-19T00:00:00.000Z,2020,10,19,27.27,30.29,25.03,76.3,1.05,14.99,4.96,5.71,202.2,0
6958bb43a2106ae9c65efea6,2020-10-20T00:00:00.000Z,2020,10,20,26.97,29.38,25.25,77.34,3.3,21.24,3.86,4.89,201.6,0
6958bb43a2106ae9c65efea7,2020-10-21T00:00:00.000Z,2020,10,21,26.74,29.07,25.37,81.71,0.43,19.78,4.69,5.67,230.5,0
6958bb43a2106ae9c65efea8,2020-10-22T00:00:00.000Z,2020,10,22,26.57,28.4,25.29,81.94,1.38,19.51,4.07,5.3,239.3,0
6958bb43a2106ae9c65efea9,2020-10-23T00:00:00.000Z,2020,10,23,26.84,29.05,24.78,75.81,4.44,18.45,2.68,3.56,251.8,0
6958bb43a2106ae9c65efeaa,2020-10-24T00:00:00.000Z,2020,10,24,26.21,28.32,25.01,79.74,5.34,15.97,4.13,6.49,242.6,0
6958bb43a2106ae9c65efeab,2020-10-25T00:00:00.000Z,2020,10,25,25.66,27.17,24.56,82.35,13.48,13.2,6.16,7.46,223.4,0
6958bb43a2106ae9c65efeac,2020-10-26T00:00:00.000Z,2020,10,26,25.95,27.89,24.54,81.71,4.67,17.89,4.54,5.08,218.9,0
6958bb43a2106ae9c65efead,2020-10-27T00:00:00.000Z,2020,10,27,26.61,29.84,24.42,75.74,1.97,12.58,5.58,7.42,221.1,0
6958bb43a2106ae9c65efeae,2020-10-28T00:00:00.000Z,2020,10,28,26.73,28.85,24.97,79.82,1.74,16.33,4.7,5.72,218.8,0
6958bb43a2106ae9c65efeaf,2020-10-29T00:00:00.000Z,2020,10,29,25.99,28.13,24.56,78.48,3.62,14.56,4.78,5.41,224.8,0
6958bb43a2106ae9c65efeb0,2020-10-30T00:00:00.000Z,2020,10,30,26.62,29.67,24.38,76.27,3.1,17.74,5.21,6.27,216.3,0
6958bb43a2106ae9c65efeb1,2020-10-31T00:00:00.000Z,2020,10,31,26.63,29.3,24.63,75.07,1.8,17.55,3.92,4.95,228.7,0
6958bb43a2106ae9c65efeb2,2020-11-01T00:00:00.000Z,2020,11,1,26.49,28.63,24.79,79.5,4.42,15.83,4,4.67,238.9,0
6958bb43a2106ae9c65efeb3,2020-11-02T00:00:00.000Z,2020,11,2,25.97,27.09,25.03,83.37,4.42,16.25,2.67,3.91,279,0
6958bb43a2106ae9c65efeb4,2020-11-03T00:00:00.000Z,2020,11,3,26.86,28.7,25.3,79.37,7.95,9.19,1.37,2.04,251,0
6958bb43a2106ae9c65efeb5,2020-11-04T00:00:00.000Z,2020,11,4,26.51,27.84,25.67,80.2,7.07,15.58,1.59,2.41,32.4,0
6958bb43a2106ae9c65efeb6,2020-11-05T00:00:00.000Z,2020,11,5,26.71,28.62,25.26,79.71,0.81,19.9,2.39,3.97,48.5,0
6958bb43a2106ae9c65efeb7,2020-11-06T00:00:00.000Z,2020,11,6,26.91,29.09,25.34,80.55,17.67,18.13,2.08,2.95,70.8,0
6958bb43a2106ae9c65efeb8,2020-11-07T00:00:00.000Z,2020,11,7,27.26,29.28,25.73,74.33,27.66,12.2,1.14,1.78,203.1,0
6958bb43a2106ae9c65efeb9,2020-11-08T00:00:00.000Z,2020,11,8,27.66,30.15,25.36,71.74,2.95,17.48,1.33,1.88,186.7,0
6958bb43a2106ae9c65efeba,2020-11-09T00:00:00.000Z,2020,11,9,26.91,28.02,25.73,75.32,3.73,17.54,0.89,1.47,64.8,0
6958bb43a2106ae9c65efebb,2020-11-10T00:00:00.000Z,2020,11,10,27.18,29.24,25.58,76.24,7.72,20.09,0.9,2.05,128.6,0
6958bb43a2106ae9c65efebc,2020-11-11T00:00:00.000Z,2020,11,11,26.67,27.78,25.51,83.72,5.9,19.04,2.63,4.34,55.8,0
6958bb43a2106ae9c65efebd,2020-11-12T00:00:00.000Z,2020,11,12,27.01,28.6,25.69,83.42,9.82,19.03,3.14,5.18,60,0
6958bb43a2106ae9c65efebe,2020-11-13T00:00:00.000Z,2020,11,13,27.47,30.27,25.51,74.62,15.3,14.49,1.67,2.58,113.5,0
6958bb43a2106ae9c65efebf,2020-11-14T00:00:00.000Z,2020,11,14,27.59,29.95,25.63,78.93,20.33,18.71,1.82,3.56,87.6,0
6958bb43a2106ae9c65efec0,2020-11-15T00:00:00.000Z,2020,11,15,27.02,28.52,26.21,87.81,42.7,16.99,3.79,4.83,45.5,0
6958bb43a2106ae9c65efec1,2020-11-16T00:00:00.000Z,2020,11,16,26.75,28.43,25.78,87.05,3.5,17.17,5.69,7.64,68.1,0
6958bb43a2106ae9c65efec2,2020-11-17T00:00:00.000Z,2020,11,17,26.92,28.18,26,85.88,23.23,17.19,3.9,4.72,75.1,0
6958bb43a2106ae9c65efec3,2020-11-18T00:00:00.000Z,2020,11,18,26.3,26.84,25.62,84.69,7.52,14.11,2.49,5.28,73.2,0
6958bb43a2106ae9c65efec4,2020-11-19T00:00:00.000Z,2020,11,19,25.87,26.89,25.18,85.99,31.59,14.78,1.69,2.25,10.2,0
6958bb43a2106ae9c65efec5,2020-11-20T00:00:00.000Z,2020,11,20,26.09,27.3,24.97,83.49,26.64,14.5,1.77,2.33,346.3,0
6958bb43a2106ae9c65efec6,2020-11-21T00:00:00.000Z,2020,11,21,26.14,27.99,25.01,85.04,11.96,18.2,2.54,3.2,225.4,0
6958bb43a2106ae9c65efec7,2020-11-22T00:00:00.000Z,2020,11,22,26.11,27.92,24.67,76.6,11.4,10.63,1.82,2.98,221.9,0
6958bb43a2106ae9c65efec8,2020-11-23T00:00:00.000Z,2020,11,23,26.2,28.11,24.6,79.73,1.38,15.16,2.11,2.82,279.1,0
6958bb43a2106ae9c65efec9,2020-11-24T00:00:00.000Z,2020,11,24,25.73,27.01,24.53,84.93,1.63,14.86,3.19,4.21,67.6,0
6958bb43a2106ae9c65efeca,2020-11-25T00:00:00.000Z,2020,11,25,26.25,27.51,24.9,86,12.36,18.98,4.51,5.58,71.5,0
6958bb43a2106ae9c65efecb,2020-11-26T00:00:00.000Z,2020,11,26,25.7,27.01,24.84,88.32,16.27,6.64,4.7,6.01,55.7,0
6958bb43a2106ae9c65efecc,2020-11-27T00:00:00.000Z,2020,11,27,25.58,26.66,24.74,91.06,41.75,8.12,6.14,8.99,6.8,0
6958bb43a2106ae9c65efecd,2020-11-28T00:00:00.000Z,2020,11,28,25.75,26.88,24.63,81.63,18.31,6.97,3.4,6.41,188.9,0
6958bb43a2106ae9c65efece,2020-11-29T00:00:00.000Z,2020,11,29,26.55,28.96,24.62,77.66,0.41,10.48,2.45,4.56,109.1,0
6958bb43a2106ae9c65efecf,2020-11-30T00:00:00.000Z,2020,11,30,26.56,27.91,25.22,82.64,4.86,19.36,1.86,2.71,95.9,0
6958bb43a2106ae9c65efed0,2020-12-01T00:00:00.000Z,2020,12,1,26.2,27.34,25.57,84.55,5.34,13.74,1.91,3.76,60.1,0
6958bb43a2106ae9c65efed1,2020-12-02T00:00:00.000Z,2020,12,2,26,27.1,25.01,79.6,9.95,19.52,2.45,4.67,35,0
6958bb43a2106ae9c65efed2,2020-12-03T00:00:00.000Z,2020,12,3,26.01,28.02,24.26,81.68,5.83,16.85,2.92,4.99,321.5,0
6958bb43a2106ae9c65efed3,2020-12-04T00:00:00.000Z,2020,12,4,25.24,26.09,24.61,87.91,8.68,10.78,4.94,7.84,71.9,0
6958bb43a2106ae9c65efed4,2020-12-05T00:00:00.000Z,2020,12,5,25.22,26.57,24.29,87.52,43.81,12.54,3.65,6.06,91.3,0
6958bb43a2106ae9c65efed5,2020-12-06T00:00:00.000Z,2020,12,6,25.37,27.11,23.69,77.29,4.17,11.92,2.11,3.23,142.3,0
6958bb43a2106ae9c65efed6,2020-12-07T00:00:00.000Z,2020,12,7,25.85,27.29,24.35,84.96,3.99,8.95,2.75,3.55,63,0
6958bb43a2106ae9c65efed7,2020-12-08T00:00:00.000Z,2020,12,8,26.18,27.5,25.03,84.85,1.05,17.68,3.6,4.67,44.8,0
6958bb43a2106ae9c65efed8,2020-12-09T00:00:00.000Z,2020,12,9,26.37,28,24.9,84.23,3.37,16.39,2.96,3.87,55.7,0
6958bb43a2106ae9c65efed9,2020-12-10T00:00:00.000Z,2020,12,10,26.16,27.46,24.98,81.27,10.42,15.53,1.3,2.2,65.1,0
6958bb43a2106ae9c65efeda,2020-12-11T00:00:00.000Z,2020,12,11,25.71,27.14,24.8,83.01,18.29,16.59,1.32,1.78,305,0
6958bb43a2106ae9c65efedb,2020-12-12T00:00:00.000Z,2020,12,12,25.34,26.46,24.56,86.05,15.33,13.1,1.06,1.71,341.6,0
6958bb43a2106ae9c65efedc,2020-12-13T00:00:00.000Z,2020,12,13,26.2,28.53,24.48,77.77,0.7,16.18,2.6,4.04,210.6,0
6958bb43a2106ae9c65efedd,2020-12-14T00:00:00.000Z,2020,12,14,26.5,28.62,24.34,72.6,4.34,16.36,1.37,2.88,175.7,0
6958bb43a2106ae9c65efede,2020-12-15T00:00:00.000Z,2020,12,15,25.96,27.01,24.68,82.15,6.55,12.23,1.56,2.77,57.9,0
6958bb43a2106ae9c65efedf,2020-12-16T00:00:00.000Z,2020,12,16,25.71,26.77,25.11,86.97,26.21,13.42,1.34,2.84,6.5,0
6958bb43a2106ae9c65efee0,2020-12-17T00:00:00.000Z,2020,12,17,25.77,27.54,24.55,85.48,14.44,11.36,2.32,4.46,81.8,0
6958bb43a2106ae9c65efee1,2020-12-18T00:00:00.000Z,2020,12,18,25.56,26.79,24.43,85.95,8.58,10.88,3.56,4.37,82.2,0
6958bb43a2106ae9c65efee2,2020-12-19T00:00:00.000Z,2020,12,19,25.75,26.78,24.93,86.47,14.61,13.46,4.15,4.86,91.8,0
6958bb43a2106ae9c65efee3,2020-12-20T00:00:00.000Z,2020,12,20,25.49,26.31,24.8,88.41,9.96,7.52,5.36,6.45,75.7,0
6958bb43a2106ae9c65efee4,2020-12-21T00:00:00.000Z,2020,12,21,25.57,26.74,24.34,87.77,33.22,15.58,5.02,5.41,73.9,0
6958bb43a2106ae9c65efee5,2020-12-22T00:00:00.000Z,2020,12,22,26.09,27.71,24.86,84.64,3.9,16.43,4.92,6.41,57.6,0
6958bb43a2106ae9c65efee6,2020-12-23T00:00:00.000Z,2020,12,23,26.04,27.83,24.45,82.01,0.77,20.04,4.18,5.19,59.3,0
6958bb43a2106ae9c65efee7,2020-12-24T00:00:00.000Z,2020,12,24,25.93,27.56,24.58,81.67,1.11,16.74,2.87,3.38,42.7,0
6958bb43a2106ae9c65efee8,2020-12-25T00:00:00.000Z,2020,12,25,26.38,28.26,24.72,82.77,9.24,15.84,2.32,3.21,41.4,0
6958bb43a2106ae9c65efee9,2020-12-26T00:00:00.000Z,2020,12,26,26.72,28.03,25.22,77.62,7.96,13.14,1.79,3.65,157.4,0
6958bb43a2106ae9c65efeea,2020-12-27T00:00:00.000Z,2020,12,27,27.06,28.84,25.68,75.15,1.34,19.38,0.89,1.42,79.7,0
6958bb43a2106ae9c65efeeb,2020-12-28T00:00:00.000Z,2020,12,28,26.36,28.06,25.29,81.14,7.04,15.6,1.92,3.25,260.1,0
6958bb43a2106ae9c65efeec,2020-12-29T00:00:00.000Z,2020,12,29,26.12,27.11,25.3,83.4,0.31,15.9,2.28,3.65,46,0
6958bb43a2106ae9c65efeed,2020-12-30T00:00:00.000Z,2020,12,30,26.57,28.29,24.91,81.92,0.98,19.75,4.18,4.92,67.7,0
6958bb43a2106ae9c65efeee,2020-12-31T00:00:00.000Z,2020,12,31,26.41,27.91,24.97,82.64,1.06,18.64,4.63,5.85,68.6,0
6958bb43a2106ae9c65efeef,2021-01-01T00:00:00.000Z,2021,1,1,26.5,28.08,25.35,84.12,18.92,15.49,6.04,7.04,73.3,0
6958bb43a2106ae9c65efef0,2021-01-02T00:00:00.000Z,2021,1,2,26.4,27.92,25.22,85.22,11.79,12.13,6.34,8.33,69.8,0
6958bb43a2106ae9c65efef1,2021-01-03T00:00:00.000Z,2021,1,3,25.82,26.93,25.1,88.16,4.74,7.82,4.95,6.72,81.6,0
6958bb43a2106ae9c65efef2,2021-01-04T00:00:00.000Z,2021,1,4,25.57,26.45,24.94,89.84,46.67,14.51,3.55,5.36,73.4,0
6958bb43a2106ae9c65efef3,2021-01-05T00:00:00.000Z,2021,1,5,25.65,26.67,24.89,89.43,21.6,15.03,2.99,5.38,67.8,0
6958bb43a2106ae9c65efef4,2021-01-06T00:00:00.000Z,2021,1,6,25.76,26.8,24.76,89.4,1.54,16.59,4.9,6.16,86,0
6958bb43a2106ae9c65efef5,2021-01-07T00:00:00.000Z,2021,1,7,26.41,28.13,24.79,84.73,6.83,19.89,3.81,5,78.4,0
6958bb43a2106ae9c65efef6,2021-01-08T00:00:00.000Z,2021,1,8,26.2,27.41,25.4,85.24,13.24,16.62,3.53,5.85,91.6,0
6958bb43a2106ae9c65efef7,2021-01-09T00:00:00.000Z,2021,1,9,26.29,27.51,25.12,85.14,16.47,15.05,4.48,6.23,88.7,0
6958bb43a2106ae9c65efef8,2021-01-10T00:00:00.000Z,2021,1,10,26.4,27.89,25.03,82.63,29.3,11.32,4.38,6.05,89,0
6958bb43a2106ae9c65efef9,2021-01-11T00:00:00.000Z,2021,1,11,26.05,27.52,24.79,86.97,10.83,19.49,6.03,7.28,72.5,0
6958bb43a2106ae9c65efefa,2021-01-12T00:00:00.000Z,2021,1,12,25.87,26.77,25.23,87.07,8.95,14.76,5.96,8.39,78.9,0
6958bb43a2106ae9c65efefb,2021-01-13T00:00:00.000Z,2021,1,13,25.76,26.75,24.86,85.9,65.49,11.12,4.9,5.97,76.6,0
6958bb43a2106ae9c65efefc,2021-01-14T00:00:00.000Z,2021,1,14,25.93,27.16,24.63,84.66,20.81,15.8,5.3,6.92,77.8,0
6958bb43a2106ae9c65efefd,2021-01-15T00:00:00.000Z,2021,1,15,26.1,27.6,24.9,84.21,20.37,17.27,2.59,4.87,101.6,0
6958bb43a2106ae9c65efefe,2021-01-16T00:00:00.000Z,2021,1,16,26.12,28.33,24.57,81.03,37.32,11.23,2.48,4.46,164.4,0
6958bb43a2106ae9c65efeff,2021-01-17T00:00:00.000Z,2021,1,17,26.35,28.9,24.6,77.97,21.15,17.42,3.76,5.79,125.4,0
6958bb43a2106ae9c65eff00,2021-01-18T00:00:00.000Z,2021,1,18,26.39,27.8,25.43,82.58,24.61,15.74,6.86,8.63,74.8,0
6958bb43a2106ae9c65eff01,2021-01-19T00:00:00.000Z,2021,1,19,26.26,27.8,25.1,82.22,16.97,17.68,5.29,6.21,70.8,0
6958bb43a2106ae9c65eff02,2021-01-20T00:00:00.000Z,2021,1,20,25.88,27.78,24.7,84.12,31.52,18.95,4.66,5.39,60.5,0
6958bb43a2106ae9c65eff03,2021-01-21T00:00:00.000Z,2021,1,21,25.55,27.16,24.25,82.2,0.09,23.04,4.37,5.43,35.3,0
6958bb43a2106ae9c65eff04,2021-01-22T00:00:00.000Z,2021,1,22,25.59,27.67,24.23,76.77,0.05,22.12,3.01,4.3,0,0
6958bb43a2106ae9c65eff05,2021-01-23T00:00:00.000Z,2021,1,23,25.68,27.78,24.17,75.7,0.04,21.53,2.6,3.5,32.9,0
6958bb43a2106ae9c65eff06,2021-01-24T00:00:00.000Z,2021,1,24,25.65,27.3,24.16,82.23,1.22,17.63,3.46,4.47,36.7,0
6958bb43a2106ae9c65eff07,2021-01-25T00:00:00.000Z,2021,1,25,25.77,27.2,24.58,84.78,4.2,15.02,4.24,5.66,50.6,0
6958bb43a2106ae9c65eff08,2021-01-26T00:00:00.000Z,2021,1,26,26.64,28.71,24.99,80.85,2.04,20.02,3.04,4.89,84.8,0
6958bb43a2106ae9c65eff09,2021-01-27T00:00:00.000Z,2021,1,27,27.1,29.41,25.32,74.71,6.85,20,2.07,3.51,129.3,0
6958bb43a2106ae9c65eff0a,2021-01-28T00:00:00.000Z,2021,1,28,26.32,27.44,25.23,84,6.17,17.06,3.64,5.25,68.9,0
6958bb43a2106ae9c65eff0b,2021-01-29T00:00:00.000Z,2021,1,29,26.55,28.31,25.18,80.94,3.79,17.35,3.4,4.37,77.1,0
6958bb43a2106ae9c65eff0c,2021-01-30T00:00:00.000Z,2021,1,30,26.26,27.92,24.78,81.27,0.68,20.78,5.53,7.48,79.1,0
6958bb43a2106ae9c65eff0d,2021-01-31T00:00:00.000Z,2021,1,31,26.26,27.85,24.89,80.93,2.53,18.8,6.82,8.68,74.2,0
6958bb43a2106ae9c65eff0e,2021-02-01T00:00:00.000Z,2021,2,1,26.44,28.43,24.96,83.15,2.63,18.92,5.82,6.73,68.7,0
6958bb43a2106ae9c65eff0f,2021-02-02T00:00:00.000Z,2021,2,2,26.32,27.69,25.46,85.32,4.08,17.74,5.82,7.08,64.2,0
6958bb43a2106ae9c65eff10,2021-02-03T00:00:00.000Z,2021,2,3,26.47,28.08,24.64,83.62,2.07,21.54,4.78,5.36,70.2,0
6958bb43a2106ae9c65eff11,2021-02-04T00:00:00.000Z,2021,2,4,26.69,28.86,25.09,80.1,0.26,19.73,6.15,7.78,73.7,0
6958bb43a2106ae9c65eff12,2021-02-05T00:00:00.000Z,2021,2,5,26.61,28.61,24.93,80.67,0.35,20.97,5.14,6.27,71.7,0
6958bb43a2106ae9c65eff13,2021-02-06T00:00:00.000Z,2021,2,6,26.59,28.02,25.29,83.04,17.94,17,4.34,5.57,66.1,0
6958bb43a2106ae9c65eff14,2021-02-07T00:00:00.000Z,2021,2,7,27.17,29.35,25.1,81.22,9,21.88,3.62,5.29,81.6,0
6958bb43a2106ae9c65eff15,2021-02-08T00:00:00.000Z,2021,2,8,27.16,29.03,25.54,81.76,2.04,21.07,3.76,5.19,65.3,0
6958bb43a2106ae9c65eff16,2021-02-09T00:00:00.000Z,2021,2,9,26.98,28.7,25.33,81.92,6.49,21.91,3.82,5.1,47.3,0
6958bb43a2106ae9c65eff17,2021-02-10T00:00:00.000Z,2021,2,10,26.82,28.16,25.69,82.83,5.16,18.99,3.53,4.85,34.4,0
6958bb43a2106ae9c65eff18,2021-02-11T00:00:00.000Z,2021,2,11,27.27,29.02,25.83,76.37,5.43,21.44,1.05,2.06,350.4,0
6958bb43a2106ae9c65eff19,2021-02-12T00:00:00.000Z,2021,2,12,26.92,28.83,25.35,80.94,1.69,24.31,3.37,5.09,49.8,0
6958bb43a2106ae9c65eff1a,2021-02-13T00:00:00.000Z,2021,2,13,27.07,29.37,25.21,79.91,5.68,23.25,2.56,3.63,42.7,0
6958bb43a2106ae9c65eff1b,2021-02-14T00:00:00.000Z,2021,2,14,26.98,28.73,25.47,79.74,2.05,23.53,2.91,4.5,33.6,0
6958bb43a2106ae9c65eff1c,2021-02-15T00:00:00.000Z,2021,2,15,27.23,29.65,25.38,79.8,0.43,24.34,4.75,6.37,58.3,0
6958bb43a2106ae9c65eff1d,2021-02-16T00:00:00.000Z,2021,2,16,27.24,29.6,25.38,78.48,0.02,21.16,4.74,6.26,66.4,0
6958bb43a2106ae9c65eff1e,2021-02-17T00:00:00.000Z,2021,2,17,27.22,29.69,25.29,74.31,0.01,24.41,5.29,7.12,76.4,0
6958bb43a2106ae9c65eff1f,2021-02-18T00:00:00.000Z,2021,2,18,26.92,29.5,24.42,74.09,0.1,22.98,5.94,7.85,82.8,0
6958bb43a2106ae9c65eff20,2021-02-19T00:00:00.000Z,2021,2,19,26.72,28.86,25.19,72.11,0.01,21.85,6.85,8.41,76.2,0
6958bb43a2106ae9c65eff21,2021-02-20T00:00:00.000Z,2021,2,20,26.7,29.03,24.79,76.17,0.62,22.43,6.14,8.39,76.4,0
6958bb43a2106ae9c65eff22,2021-02-21T00:00:00.000Z,2021,2,21,27.06,29.35,25.36,78.36,0.15,20.85,5.58,6.7,73.4,0
6958bb43a2106ae9c65eff23,2021-02-22T00:00:00.000Z,2021,2,22,26.95,28.72,25.69,79.36,0.15,19.48,5.67,8.18,59.4,0
6958bb43a2106ae9c65eff24,2021-02-23T00:00:00.000Z,2021,2,23,27.03,29.45,25.26,77.09,0.07,22.23,3.6,5.34,61.6,0
6958bb43a2106ae9c65eff25,2021-02-24T00:00:00.000Z,2021,2,24,27.39,30.16,25.24,73.44,1.7,21.92,1.66,2.33,261.5,0
6958bb43a2106ae9c65eff26,2021-02-25T00:00:00.000Z,2021,2,25,27,29.28,25.42,76.14,0.65,16.61,2.34,3.42,284.7,0
6958bb43a2106ae9c65eff27,2021-02-26T00:00:00.000Z,2021,2,26,26.93,29.43,25.13,76.29,0.25,20.47,2.71,3.76,304.2,0
6958bb43a2106ae9c65eff28,2021-02-27T00:00:00.000Z,2021,2,27,26.84,29.65,24.99,75.37,0.03,25.53,2.9,4.32,317.6,0
6958bb43a2106ae9c65eff29,2021-02-28T00:00:00.000Z,2021,2,28,26.2,29,24,73.56,0.01,25.98,2.53,3.85,4.4,0
6958bb43a2106ae9c65eff2a,2021-03-01T00:00:00.000Z,2021,3,1,26.42,29.32,23.82,74.66,0.02,23.5,3.15,5.09,42.5,0
6958bb43a2106ae9c65eff2b,2021-03-02T00:00:00.000Z,2021,3,2,26.94,29.53,24.63,79.18,0.78,21.49,3.64,5.18,44.1,0
6958bb43a2106ae9c65eff2c,2021-03-03T00:00:00.000Z,2021,3,3,27.17,29.13,25.4,76.24,24.04,16.96,2.72,4.62,124.9,0
6958bb43a2106ae9c65eff2d,2021-03-04T00:00:00.000Z,2021,3,4,27.57,30.12,25.29,79.18,2.78,22.9,3.6,5.68,85,0
6958bb43a2106ae9c65eff2e,2021-03-05T00:00:00.000Z,2021,3,5,27.02,28.56,26.15,81.67,4.3,20.56,1.99,3.39,31.4,0
6958bb43a2106ae9c65eff2f,2021-03-06T00:00:00.000Z,2021,3,6,26.68,28.05,25.65,81.32,4.64,12.76,1.63,2.68,13.3,0
6958bb43a2106ae9c65eff30,2021-03-07T00:00:00.000Z,2021,3,7,27.04,28.69,25.49,75.98,22.93,15.3,1.85,3.33,147.7,0
6958bb43a2106ae9c65eff31,2021-03-08T00:00:00.000Z,2021,3,8,27.39,29.74,25.55,73.62,2.04,22.69,2.38,3.46,104.5,0
6958bb43a2106ae9c65eff32,2021-03-09T00:00:00.000Z,2021,3,9,27.19,29.86,25.08,78.32,1.06,24.84,5.49,6.96,75.4,0
6958bb43a2106ae9c65eff33,2021-03-10T00:00:00.000Z,2021,3,10,27.01,29.94,24.36,76.68,1.43,24.33,4.87,6.58,72.6,0
6958bb43a2106ae9c65eff34,2021-03-11T00:00:00.000Z,2021,3,11,27.26,29.96,24.57,76.5,0.14,23.95,4.11,5.47,75,0
6958bb43a2106ae9c65eff35,2021-03-12T00:00:00.000Z,2021,3,12,27.46,29.89,25.4,75.69,3.43,18.37,3.52,4.47,64,0
6958bb43a2106ae9c65eff36,2021-03-13T00:00:00.000Z,2021,3,13,26.96,29.09,25.3,77.67,11.23,19.69,3.58,4.33,77.2,0
6958bb43a2106ae9c65eff37,2021-03-14T00:00:00.000Z,2021,3,14,27.26,29.56,25.59,76.93,15.59,23.05,3.4,4.21,65.7,0
6958bb43a2106ae9c65eff38,2021-03-15T00:00:00.000Z,2021,3,15,27.39,29.5,25.62,79.17,4.38,23.41,4.08,5.27,64.4,0
6958bb43a2106ae9c65eff39,2021-03-16T00:00:00.000Z,2021,3,16,27.28,28.77,26.03,77.99,4.43,19.82,2,2.87,60.2,0
6958bb43a2106ae9c65eff3a,2021-03-17T00:00:00.000Z,2021,3,17,27.85,30.77,25.8,72.25,3.94,20.2,1.97,2.83,344.3,0
6958bb43a2106ae9c65eff3b,2021-03-18T00:00:00.000Z,2021,3,18,27.31,29.25,26.11,78.77,16.03,21.33,2.75,4.31,32.6,0
6958bb43a2106ae9c65eff3c,2021-03-19T00:00:00.000Z,2021,3,19,27.22,28.73,26.17,79.18,13.34,21.42,2.31,3.56,39.5,0
6958bb43a2106ae9c65eff3d,2021-03-20T00:00:00.000Z,2021,3,20,26.74,28.2,25.71,82,1.37,19.45,2.89,4.67,4.1,0
6958bb43a2106ae9c65eff3e,2021-03-21T00:00:00.000Z,2021,3,21,27.06,28.62,25.89,80.35,0.8,22.81,2.4,3.55,7.6,0
6958bb43a2106ae9c65eff3f,2021-03-22T00:00:00.000Z,2021,3,22,27.57,29.68,25.9,80.11,3.13,20.59,3.55,5.31,52.8,0
6958bb43a2106ae9c65eff40,2021-03-23T00:00:00.000Z,2021,3,23,27.5,29.39,26.16,80.73,5.14,15.12,5.11,6.38,79.2,0
6958bb43a2106ae9c65eff41,2021-03-24T00:00:00.000Z,2021,3,24,27.57,29.96,26.17,81.49,3.3,18.42,3.69,5.52,72.3,0
6958bb43a2106ae9c65eff42,2021-03-25T00:00:00.000Z,2021,3,25,27.11,28.48,26,84.14,7.43,19.77,3.86,4.64,78.2,0
6958bb43a2106ae9c65eff43,2021-03-26T00:00:00.000Z,2021,3,26,27.07,28.32,26.14,82.3,11.22,18.78,3.66,4.83,62.7,0
6958bb43a2106ae9c65eff44,2021-03-27T00:00:00.000Z,2021,3,27,27.15,29.14,25.86,83.43,16.81,19.7,3.21,5.3,93.3,0
6958bb43a2106ae9c65eff45,2021-03-28T00:00:00.000Z,2021,3,28,26.57,28.42,25.43,85.28,40.18,12.15,2.68,3.6,247,0
6958bb43a2106ae9c65eff46,2021-03-29T00:00:00.000Z,2021,3,29,26.6,28.44,25.36,81.92,38.54,20.37,3.13,4.56,195.8,0
6958bb43a2106ae9c65eff47,2021-03-30T00:00:00.000Z,2021,3,30,26.84,28.76,25.49,80.2,19.65,22.37,4.68,5.22,203,0
6958bb43a2106ae9c65eff48,2021-03-31T00:00:00.000Z,2021,3,31,26.78,28.05,25.44,82.82,19.95,16.98,7.05,8.83,222.8,0
6958bb43a2106ae9c65eff49,2021-04-01T00:00:00.000Z,2021,4,1,26.88,28.69,25.46,80.04,20.15,13.71,6.95,8.68,221.9,0
6958bb43a2106ae9c65eff4a,2021-04-02T00:00:00.000Z,2021,4,2,26.15,27.4,24.89,81.98,59.33,6.43,6.76,8.28,226.2,0
6958bb43a2106ae9c65eff4b,2021-04-03T00:00:00.000Z,2021,4,3,26.57,28.57,25.14,82.18,9.05,21.49,6.05,6.9,234.7,0
6958bb43a2106ae9c65eff4c,2021-04-04T00:00:00.000Z,2021,4,4,26.78,28.47,25.38,82.23,6.67,20.1,4.07,5.69,249.7,0
6958bb43a2106ae9c65eff4d,2021-04-05T00:00:00.000Z,2021,4,5,27.68,29.68,25.58,75.46,3.48,22.09,1.63,2.66,258.3,0
6958bb43a2106ae9c65eff4e,2021-04-06T00:00:00.000Z,2021,4,6,27.64,29.71,26.14,77.35,6.26,18.42,1.2,1.88,223.1,0
6958bb43a2106ae9c65eff4f,2021-04-07T00:00:00.000Z,2021,4,7,26.15,27.1,25.55,82.37,24.47,13.64,2.51,3.44,121.2,0
6958bb43a2106ae9c65eff50,2021-04-08T00:00:00.000Z,2021,4,8,27.02,28.92,25.52,77.18,3.24,23.42,1.3,1.98,289.4,0
6958bb43a2106ae9c65eff51,2021-04-09T00:00:00.000Z,2021,4,9,26.66,27.68,25.68,83.04,0.43,24.08,2.16,3.14,356.1,0
6958bb43a2106ae9c65eff52,2021-04-10T00:00:00.000Z,2021,4,10,27.18,28.61,25.87,82.77,1.02,22.86,3.23,4.65,47.8,0
6958bb43a2106ae9c65eff53,2021-04-11T00:00:00.000Z,2021,4,11,27.52,29.42,25.86,79.75,5.32,20.51,2.26,3.52,59,0
6958bb43a2106ae9c65eff54,2021-04-12T00:00:00.000Z,2021,4,12,27.98,30.14,26.4,75.87,5.66,18.68,1.4,2.2,198.1,0
6958bb43a2106ae9c65eff55,2021-04-13T00:00:00.000Z,2021,4,13,27.39,28.84,26.28,77.5,10.91,17.05,1.53,2.21,216.8,0
6958bb43a2106ae9c65eff56,2021-04-14T00:00:00.000Z,2021,4,14,26.89,28.86,25.78,78.02,7.51,20.81,2.07,3.06,268,0
6958bb43a2106ae9c65eff57,2021-04-15T00:00:00.000Z,2021,4,15,27.1,29.17,25.48,78.03,8.26,24.71,1.69,2.5,274.4,0
6958bb43a2106ae9c65eff58,2021-04-16T00:00:00.000Z,2021,4,16,27.23,28.86,26.07,78.02,4.78,22.42,2.9,3.33,255.5,0
6958bb43a2106ae9c65eff59,2021-04-17T00:00:00.000Z,2021,4,17,27.07,28.52,25.78,79.19,0.83,23.05,2.06,3.2,258,0
6958bb43a2106ae9c65eff5a,2021-04-18T00:00:00.000Z,2021,4,18,26.89,28.78,25.62,81.06,1.41,24.98,3.46,5.18,247,0
6958bb43a2106ae9c65eff5b,2021-04-19T00:00:00.000Z,2021,4,19,26.54,28.13,25.47,81.27,13.67,18.75,4.38,5.33,234.8,0
6958bb43a2106ae9c65eff5c,2021-04-20T00:00:00.000Z,2021,4,20,26.97,29.13,25.02,77.56,0.35,24.76,2.68,3.21,265.5,0
6958bb43a2106ae9c65eff5d,2021-04-21T00:00:00.000Z,2021,4,21,26.53,27.71,25.43,84.6,0.27,24.08,3.45,3.8,261.8,0
6958bb43a2106ae9c65eff5e,2021-04-22T00:00:00.000Z,2021,4,22,26.65,28.08,25.63,85.08,1.44,22.44,3.37,4.41,265.9,0
6958bb43a2106ae9c65eff5f,2021-04-23T00:00:00.000Z,2021,4,23,26.92,28.39,25.69,83.01,2.45,21.24,4.53,5.22,230.8,0
6958bb43a2106ae9c65eff60,2021-04-24T00:00:00.000Z,2021,4,24,26.52,27.77,25.38,82.94,3.09,14.13,4.34,5.03,224,0
6958bb43a2106ae9c65eff61,2021-04-25T00:00:00.000Z,2021,4,25,27.06,29.2,25.09,80.06,0.14,18.86,3.56,4.36,214.1,0
6958bb43a2106ae9c65eff62,2021-04-26T00:00:00.000Z,2021,4,26,27.32,29.49,25.67,78.7,0.73,21.98,3.08,3.6,243,0
6958bb43a2106ae9c65eff63,2021-04-27T00:00:00.000Z,2021,4,27,27.15,29.46,25.6,77.8,0.27,22.21,1.78,2.9,345.2,0
6958bb43a2106ae9c65eff64,2021-04-28T00:00:00.000Z,2021,4,28,27.56,29.7,25.86,77.95,5.68,24.12,1.67,2.68,2.9,0
6958bb43a2106ae9c65eff65,2021-04-29T00:00:00.000Z,2021,4,29,27.81,29.91,26.28,76.89,0.46,23.06,1.85,2.73,339.8,0
6958bb43a2106ae9c65eff66,2021-04-30T00:00:00.000Z,2021,4,30,28.14,30.63,26.71,73.55,14.32,20.18,1.56,2.89,20,0
6958bb43a2106ae9c65eff67,2021-05-01T00:00:00.000Z,2021,5,1,28.24,30.77,26.11,76.1,4.13,22.86,3.52,4.69,69.2,0
6958bb43a2106ae9c65eff68,2021-05-02T00:00:00.000Z,2021,5,2,27.96,29.64,26.75,80.96,5.48,19.15,3.92,6.07,79.1,0
6958bb43a2106ae9c65eff69,2021-05-03T00:00:00.000Z,2021,5,3,27.75,29.25,26.43,81.69,5.86,19.83,2.19,3.47,88.4,0
6958bb43a2106ae9c65eff6a,2021-05-04T00:00:00.000Z,2021,5,4,27.07,28.12,26.46,85.91,9.16,16.46,2.75,3.6,63.9,0
6958bb43a2106ae9c65eff6b,2021-05-05T00:00:00.000Z,2021,5,5,26.68,27.93,25.79,84.82,13.25,6.63,3.12,4.65,25,0
6958bb43a2106ae9c65eff6c,2021-05-06T00:00:00.000Z,2021,5,6,26.59,27.78,25.69,81.45,13.97,16.57,2.2,3.62,25.8,0
6958bb43a2106ae9c65eff6d,2021-05-07T00:00:00.000Z,2021,5,7,27.1,28.79,25.24,80.06,14.99,18.53,1.57,3.23,61.9,0
6958bb43a2106ae9c65eff6e,2021-05-08T00:00:00.000Z,2021,5,8,27.22,28.49,26.34,82.02,7.98,12.68,2.13,2.59,37.2,0
6958bb43a2106ae9c65eff6f,2021-05-09T00:00:00.000Z,2021,5,9,27.27,29.03,25.99,83.11,1.55,22.38,2.26,3.64,29.9,0
6958bb43a2106ae9c65eff70,2021-05-10T00:00:00.000Z,2021,5,10,27.65,29.36,26.34,81.98,0.35,20.79,2.44,3.79,21.6,0
6958bb43a2106ae9c65eff71,2021-05-11T00:00:00.000Z,2021,5,11,27.92,29.89,26.52,79.86,0.26,21.88,1.95,3.1,11.1,0
6958bb43a2106ae9c65eff72,2021-05-12T00:00:00.000Z,2021,5,12,28.07,29.71,26.86,77.55,4.41,17.98,1.43,2.61,339.2,0
6958bb43a2106ae9c65eff73,2021-05-13T00:00:00.000Z,2021,5,13,27.82,29.26,26.78,80.56,3.47,19.29,1.93,3.28,319.2,0
6958bb43a2106ae9c65eff74,2021-05-14T00:00:00.000Z,2021,5,14,28.04,29.46,26.77,75.36,4.54,17.84,1.29,1.64,315.6,0
6958bb43a2106ae9c65eff75,2021-05-15T00:00:00.000Z,2021,5,15,28.12,30.16,26.78,78.81,25.95,20,2.32,3.89,311.7,0
6958bb43a2106ae9c65eff76,2021-05-16T00:00:00.000Z,2021,5,16,28.22,30.11,26.88,77.68,6.1,19.07,1.44,2.5,299.3,0
6958bb43a2106ae9c65eff77,2021-05-17T00:00:00.000Z,2021,5,17,27.48,28.62,26.85,86.45,15.56,16.91,4.35,6.31,236.5,0
6958bb43a2106ae9c65eff78,2021-05-18T00:00:00.000Z,2021,5,18,26.98,28.32,25.71,82.87,6.14,9.38,6,8.31,203.1,0
6958bb43a2106ae9c65eff79,2021-05-19T00:00:00.000Z,2021,5,19,27.48,29.8,25.33,77.33,0.73,16.36,4.08,5.18,221.5,0
6958bb43a2106ae9c65eff7a,2021-05-20T00:00:00.000Z,2021,5,20,27.2,29.09,25.83,80.15,1.57,20.11,4.36,5.39,233.8,0
6958bb43a2106ae9c65eff7b,2021-05-21T00:00:00.000Z,2021,5,21,27,28.6,25.85,80.18,1.66,17.08,2.64,4.25,259.5,0
6958bb43a2106ae9c65eff7c,2021-05-22T00:00:00.000Z,2021,5,22,27.18,29.25,25.45,78.56,0.06,18.95,4.31,5.88,238,0
6958bb43a2106ae9c65eff7d,2021-05-23T00:00:00.000Z,2021,5,23,27.56,29.87,25.82,79.48,0.81,16.71,3.49,4.46,232.4,0
6958bb43a2106ae9c65eff7e,2021-05-24T00:00:00.000Z,2021,5,24,27.68,29.63,26.15,79.84,0.68,19.23,4.9,6.08,222.8,0
6958bb43a2106ae9c65eff7f,2021-05-25T00:00:00.000Z,2021,5,25,26.86,27.85,26.19,82.11,4.42,19.35,4.13,5.31,250.8,0
6958bb43a2106ae9c65eff80,2021-05-26T00:00:00.000Z,2021,5,26,26.85,29,25.27,78.62,17.51,10.43,3.16,3.88,243.9,0
6958bb43a2106ae9c65eff81,2021-05-27T00:00:00.000Z,2021,5,27,26.61,27.96,25.23,82.86,15.73,13.62,3.92,5.46,249,0
6958bb43a2106ae9c65eff82,2021-05-28T00:00:00.000Z,2021,5,28,27.04,29.04,25.6,79.27,2.96,15.82,5.01,6.13,225.7,0
6958bb43a2106ae9c65eff83,2021-05-29T00:00:00.000Z,2021,5,29,27.42,30.15,25.33,79.42,2.09,18.63,5.51,6.64,208.9,0
6958bb43a2106ae9c65eff84,2021-05-30T00:00:00.000Z,2021,5,30,27.16,29.49,25.66,79.5,1.99,18.36,5.9,6.85,209.5,0
6958bb43a2106ae9c65eff85,2021-05-31T00:00:00.000Z,2021,5,31,27.36,29.62,25.56,78.51,19.54,14.16,5.09,6.08,206.4,0
6958bb43a2106ae9c65eff86,2021-06-01T00:00:00.000Z,2021,6,1,27.39,29.35,25.74,78.69,10.42,17.5,3.12,4.74,216.2,0
6958bb43a2106ae9c65eff87,2021-06-02T00:00:00.000Z,2021,6,2,27.98,30.11,26.1,75.81,6.13,9.07,2.12,2.79,197,0
6958bb43a2106ae9c65eff88,2021-06-03T00:00:00.000Z,2021,6,3,27.73,29.87,25.74,76.83,3.48,14.58,1.64,2.74,179.8,0
6958bb43a2106ae9c65eff89,2021-06-04T00:00:00.000Z,2021,6,4,27.21,28.34,26.43,85.74,39.07,12.02,2.44,3.72,254.6,0
6958bb43a2106ae9c65eff8a,2021-06-05T00:00:00.000Z,2021,6,5,27.87,30.32,25.82,76.29,0.57,15.5,2.63,4.12,209.7,0
6958bb43a2106ae9c65eff8b,2021-06-06T00:00:00.000Z,2021,6,6,27.33,29.36,25.9,79.57,1.59,20.32,4.56,5.14,222.3,0
6958bb43a2106ae9c65eff8c,2021-06-07T00:00:00.000Z,2021,6,7,27.05,29.6,25.32,79.05,2.42,16.49,4.57,5.42,220.3,0
6958bb43a2106ae9c65eff8d,2021-06-08T00:00:00.000Z,2021,6,8,26.81,28.55,25.5,79.44,1.7,19.16,5.45,6.09,214.6,0
6958bb43a2106ae9c65eff8e,2021-06-09T00:00:00.000Z,2021,6,9,27.1,29.52,25.5,77.23,1.62,20.99,5.42,6.28,217.8,0
6958bb43a2106ae9c65eff8f,2021-06-10T00:00:00.000Z,2021,6,10,26.95,29.25,25.4,76.1,3.92,12.05,5.44,6.34,210,0
6958bb43a2106ae9c65eff90,2021-06-11T00:00:00.000Z,2021,6,11,27.45,30.09,25.36,77.47,6.85,20.22,5.31,6.86,209.4,0
6958bb43a2106ae9c65eff91,2021-06-12T00:00:00.000Z,2021,6,12,26.91,28.99,25.58,77.58,5.66,9.45,5.99,8.22,204.5,0
6958bb43a2106ae9c65eff92,2021-06-13T00:00:00.000Z,2021,6,13,27.26,29.76,25.22,78.65,6.83,18.36,4.88,5.34,212.3,0
6958bb43a2106ae9c65eff93,2021-06-14T00:00:00.000Z,2021,6,14,27.34,29.72,25.52,76.69,4.08,15.52,4.09,4.89,213.2,0
6958bb43a2106ae9c65eff94,2021-06-15T00:00:00.000Z,2021,6,15,27.54,30.58,25.49,73.11,1.83,20.28,3.44,4.3,224.5,0
6958bb43a2106ae9c65eff95,2021-06-16T00:00:00.000Z,2021,6,16,27.65,30.51,25.15,73.96,0.06,23.02,3.01,4.89,208.1,0
6958bb43a2106ae9c65eff96,2021-06-17T00:00:00.000Z,2021,6,17,27.83,30.18,25.65,74.32,0.23,23.69,2.98,4.99,205.5,0
6958bb43a2106ae9c65eff97,2021-06-18T00:00:00.000Z,2021,6,18,27.18,28.03,26.23,73.74,0.34,20.89,1.54,2.21,154.7,0
6958bb43a2106ae9c65eff98,2021-06-19T00:00:00.000Z,2021,6,19,27.31,28.73,25.73,77.32,0.96,21.28,1.61,2.22,236.1,0
6958bb43a2106ae9c65eff99,2021-06-20T00:00:00.000Z,2021,6,20,26.71,28.41,24.65,75.41,1.55,18.48,5.62,7.71,198.7,0
6958bb43a2106ae9c65eff9a,2021-06-21T00:00:00.000Z,2021,6,21,26.2,28.5,24.05,78.74,2.84,17.4,5.72,7.02,201.6,0
6958bb43a2106ae9c65eff9b,2021-06-22T00:00:00.000Z,2021,6,22,26.13,28.09,24.88,79.22,8.32,22.06,6.95,8.06,211.6,0
6958bb43a2106ae9c65eff9c,2021-06-23T00:00:00.000Z,2021,6,23,26.53,28.57,24.81,74.93,1.61,14.47,5.89,8.47,228.7,0
6958bb43a2106ae9c65eff9d,2021-06-24T00:00:00.000Z,2021,6,24,27.07,29.08,24.98,76.21,1.52,22.35,3.61,4.33,258.4,0
6958bb43a2106ae9c65eff9e,2021-06-25T00:00:00.000Z,2021,6,25,26.14,27.22,24.82,80.68,12.49,7.72,4.16,5.32,239.1,0
6958bb43a2106ae9c65eff9f,2021-06-26T00:00:00.000Z,2021,6,26,25.99,27.62,24.77,81.19,7.02,18.74,6,7.74,229.6,0
6958bb43a2106ae9c65effa0,2021-06-27T00:00:00.000Z,2021,6,27,26.36,28.21,24.72,79.36,0.89,21.22,4.64,6.09,228.1,0
6958bb43a2106ae9c65effa1,2021-06-28T00:00:00.000Z,2021,6,28,26.88,29.17,25.32,81.78,9.91,14.24,4.51,5.66,239.9,0
6958bb43a2106ae9c65effa2,2021-06-29T00:00:00.000Z,2021,6,29,26.77,28.45,25.34,78.44,0.69,14.01,4.3,5.63,217.9,0
6958bb43a2106ae9c65effa3,2021-06-30T00:00:00.000Z,2021,6,30,27.91,30.97,25.08,71.78,0.22,24.12,2.89,5.67,199.6,0
6958bb43a2106ae9c65effa4,2021-07-01T00:00:00.000Z,2021,7,1,27.8,30.52,25.49,73.12,0.46,23.77,2.36,3.71,222.6,0
6958bb43a2106ae9c65effa5,2021-07-02T00:00:00.000Z,2021,7,2,27,28.25,25.98,79.4,4.45,19.48,1.69,2.33,288.1,0
6958bb43a2106ae9c65effa6,2021-07-03T00:00:00.000Z,2021,7,3,26.57,27.32,25.58,79.54,6.77,21.93,1.57,2.21,314,0
6958bb43a2106ae9c65effa7,2021-07-04T00:00:00.000Z,2021,7,4,26.92,28.62,25.45,79.95,4.72,20.21,4.3,5.73,238.5,0
6958bb43a2106ae9c65effa8,2021-07-05T00:00:00.000Z,2021,7,5,26.46,27.95,25.29,83.61,46.73,17.74,5.28,6.33,234.7,0
6958bb43a2106ae9c65effa9,2021-07-06T00:00:00.000Z,2021,7,6,25.73,26.97,24.92,83.89,23.92,9.97,6.58,9.52,222.5,0
6958bb43a2106ae9c65effaa,2021-07-07T00:00:00.000Z,2021,7,7,26.5,28.76,24.87,79.25,3.18,14.86,4.72,6.26,202.2,0
6958bb43a2106ae9c65effab,2021-07-08T00:00:00.000Z,2021,7,8,26.47,28.6,25.08,81.03,26.92,11.61,4.61,5.71,224.7,0
6958bb43a2106ae9c65effac,2021-07-09T00:00:00.000Z,2021,7,9,26.43,27.59,25.22,89.11,92.97,5,5.92,8.99,255.6,0
6958bb43a2106ae9c65effad,2021-07-10T00:00:00.000Z,2021,7,10,25.86,27.27,24.84,82.96,51.79,6.48,6.03,7.99,227.2,0
6958bb43a2106ae9c65effae,2021-07-11T00:00:00.000Z,2021,7,11,25.95,27.17,24.84,85.51,18.81,12.86,6.44,7.21,237.5,0
6958bb43a2106ae9c65effaf,2021-07-12T00:00:00.000Z,2021,7,12,27.08,29.31,25.32,79.86,1.01,19.49,4.53,7.2,217.4,0
6958bb43a2106ae9c65effb0,2021-07-13T00:00:00.000Z,2021,7,13,26.81,29.38,25.39,76.21,1.84,18.53,2.61,3.52,206.9,0
6958bb43a2106ae9c65effb1,2021-07-14T00:00:00.000Z,2021,7,14,26.35,28.53,24.69,75.09,4.12,19.41,3.66,5.48,197.6,0
6958bb43a2106ae9c65effb2,2021-07-15T00:00:00.000Z,2021,7,15,26.42,28.25,24.81,79.09,13.51,13.16,4.86,5.88,194.6,0
6958bb43a2106ae9c65effb3,2021-07-16T00:00:00.000Z,2021,7,16,27.39,29.76,24.73,72.13,0.16,21.42,2.14,3.89,179.8,0
6958bb43a2106ae9c65effb4,2021-07-17T00:00:00.000Z,2021,7,17,27.75,30.8,25.08,73.43,0.19,24.48,2.8,4.07,195,0
6958bb43a2106ae9c65effb5,2021-07-18T00:00:00.000Z,2021,7,18,27.22,29.66,25.19,79.06,0.24,20.04,5.36,6.6,202.2,0
6958bb43a2106ae9c65effb6,2021-07-19T00:00:00.000Z,2021,7,19,26.88,28.76,25.62,81.44,2.28,13.41,5.66,7.01,209.5,0
6958bb43a2106ae9c65effb7,2021-07-20T00:00:00.000Z,2021,7,20,26.71,29.01,25.02,81.13,2.14,15.83,5.44,7.46,213.1,0
6958bb43a2106ae9c65effb8,2021-07-21T00:00:00.000Z,2021,7,21,26.83,28.72,25.49,81.96,1.7,16.49,6.5,7.19,209,0
6958bb43a2106ae9c65effb9,2021-07-22T00:00:00.000Z,2021,7,22,27.26,29.54,25.76,79.96,2.6,22.05,6.58,8.03,208.3,0
6958bb43a2106ae9c65effba,2021-07-23T00:00:00.000Z,2021,7,23,27.34,30.1,25.39,75.66,0.71,20.86,6.78,8.21,211,0
6958bb43a2106ae9c65effbb,2021-07-24T00:00:00.000Z,2021,7,24,27.26,29.97,24.94,78.63,0.19,23.87,5.5,6.64,212.8,0
6958bb43a2106ae9c65effbc,2021-07-25T00:00:00.000Z,2021,7,25,27.8,30.12,26.12,78.46,0.21,18.65,4.15,5.7,222.5,0
6958bb43a2106ae9c65effbd,2021-07-26T00:00:00.000Z,2021,7,26,27.42,30.1,25.69,79.86,0.04,21.32,4.49,5.74,225.3,0
6958bb43a2106ae9c65effbe,2021-07-27T00:00:00.000Z,2021,7,27,27.14,29.18,25.69,82.62,0.05,22.35,5.5,6.73,232.5,0
6958bb43a2106ae9c65effbf,2021-07-28T00:00:00.000Z,2021,7,28,27.35,29.55,25.91,80.33,0.12,23.12,5.74,6.57,228.7,0
6958bb43a2106ae9c65effc0,2021-07-29T00:00:00.000Z,2021,7,29,27.1,28.76,25.85,81.82,0.18,21.44,6.04,7.82,218.4,0
6958bb43a2106ae9c65effc1,2021-07-30T00:00:00.000Z,2021,7,30,26.12,27.4,25.18,82.41,4.71,9.77,5.41,6.47,216.2,0
6958bb43a2106ae9c65effc2,2021-07-31T00:00:00.000Z,2021,7,31,26.23,28.16,25.04,80.48,11.02,8.89,7.59,9.24,217.7,0
6958bb43a2106ae9c65effc3,2021-08-01T00:00:00.000Z,2021,8,1,26.2,28.02,25.02,80.62,8.09,19.17,7.23,8.37,214.8,0
6958bb43a2106ae9c65effc4,2021-08-02T00:00:00.000Z,2021,8,2,26.83,29.16,24.8,79.48,1.15,16.48,6.5,8.2,215.9,0
6958bb43a2106ae9c65effc5,2021-08-03T00:00:00.000Z,2021,8,3,27.09,28.89,25.78,79.08,1.42,22,6.35,7.32,231.6,0
6958bb43a2106ae9c65effc6,2021-08-04T00:00:00.000Z,2021,8,4,27.23,29.1,25.83,79.19,1.81,18.79,7.06,8.02,230.3,0
6958bb43a2106ae9c65effc7,2021-08-05T00:00:00.000Z,2021,8,5,27.14,28.7,26.09,81.33,0.59,21.18,7.16,8.38,223.3,0
6958bb43a2106ae9c65effc8,2021-08-06T00:00:00.000Z,2021,8,6,27.35,29.66,25.83,79.2,0.21,22.76,5.46,6.41,217.3,0
6958bb43a2106ae9c65effc9,2021-08-07T00:00:00.000Z,2021,8,7,27.35,29.32,25.61,79.94,0.12,23.11,3.45,4.33,232.5,0
6958bb43a2106ae9c65effca,2021-08-08T00:00:00.000Z,2021,8,8,27.25,29.42,25.85,81.32,0.31,18.43,3.92,4.78,242.5,0
6958bb43a2106ae9c65effcb,2021-08-09T00:00:00.000Z,2021,8,9,27.1,28.83,25.61,83.89,11.64,20.79,4.56,6.22,255.7,0
6958bb43a2106ae9c65effcc,2021-08-10T00:00:00.000Z,2021,8,10,26.58,28.04,25.69,86.25,51.01,9.05,6.71,8.15,260.4,0
6958bb43a2106ae9c65effcd,2021-08-11T00:00:00.000Z,2021,8,11,26.14,28.09,24.96,83.46,20.75,16.7,7.31,8.44,224.5,0
6958bb43a2106ae9c65effce,2021-08-12T00:00:00.000Z,2021,8,12,26.52,28.51,25.13,79.73,6.48,11.16,4.74,5.73,202.1,0
6958bb43a2106ae9c65effcf,2021-08-13T00:00:00.000Z,2021,8,13,26.77,28.92,25.14,79.39,4.55,18.47,5.11,6.56,213.9,0
6958bb43a2106ae9c65effd0,2021-08-14T00:00:00.000Z,2021,8,14,26.12,27.61,24.96,82.52,5.52,17.9,5.44,6.62,210.4,0
6958bb43a2106ae9c65effd1,2021-08-15T00:00:00.000Z,2021,8,15,26.19,28.5,24.6,78.94,1.13,14.73,5.27,6.92,206.9,0
6958bb43a2106ae9c65effd2,2021-08-16T00:00:00.000Z,2021,8,16,26.66,28.55,24.63,72.48,3.57,14.69,2.68,4.08,205.7,0
6958bb43a2106ae9c65effd3,2021-08-17T00:00:00.000Z,2021,8,17,26.87,29.34,25.06,72.63,2.45,21.01,2.66,3.59,237,0
6958bb43a2106ae9c65effd4,2021-08-18T00:00:00.000Z,2021,8,18,26.01,27.77,24.61,78.15,2.91,16.7,3.18,4.15,254,0
6958bb43a2106ae9c65effd5,2021-08-19T00:00:00.000Z,2021,8,19,25.17,26.82,24.23,84.68,4.38,9.23,3.62,4.74,241.9,0
6958bb43a2106ae9c65effd6,2021-08-20T00:00:00.000Z,2021,8,20,25.52,27.29,23.94,79.74,1.31,20.22,2.51,3.24,232.6,0
6958bb43a2106ae9c65effd7,2021-08-21T00:00:00.000Z,2021,8,21,26.53,28.9,24.76,78.48,11.58,22.86,2.7,3.27,229.7,0
6958bb43a2106ae9c65effd8,2021-08-22T00:00:00.000Z,2021,8,22,25.91,27.39,24.78,80.24,6.23,12.28,3.29,3.76,233,0
6958bb43a2106ae9c65effd9,2021-08-23T00:00:00.000Z,2021,8,23,26.74,29.92,24.51,73.74,4.69,19.12,2.6,3.76,253.8,0
6958bb43a2106ae9c65effda,2021-08-24T00:00:00.000Z,2021,8,24,25.93,28.08,24.38,75.42,2.08,16.09,3.28,3.75,234.7,0
6958bb43a2106ae9c65effdb,2021-08-25T00:00:00.000Z,2021,8,25,26.01,28.82,23.9,75.63,3.5,17.37,4.28,5.9,245.8,0
6958bb43a2106ae9c65effdc,2021-08-26T00:00:00.000Z,2021,8,26,26.89,29.33,24.88,75.33,0.61,18.73,2.38,3.33,245.1,0
6958bb43a2106ae9c65effdd,2021-08-27T00:00:00.000Z,2021,8,27,27.28,30.03,25.06,75.63,1.47,22.92,3.39,4.16,231.9,0
6958bb43a2106ae9c65effde,2021-08-28T00:00:00.000Z,2021,8,28,27.07,29.76,24.9,76.82,1.14,18.65,3.94,4.39,223.8,0
6958bb43a2106ae9c65effdf,2021-08-29T00:00:00.000Z,2021,8,29,26.96,29.16,25.2,77.47,5.77,19.55,4.27,5.32,212.5,0
6958bb43a2106ae9c65effe0,2021-08-30T00:00:00.000Z,2021,8,30,26.42,28.07,25.23,81.31,8.99,18.03,4.16,4.83,238.8,0
6958bb43a2106ae9c65effe1,2021-08-31T00:00:00.000Z,2021,8,31,26.02,27.53,24.94,81.79,5.64,17.3,4.93,6.18,222.5,0
6958bb43a2106ae9c65effe2,2021-09-01T00:00:00.000Z,2021,9,1,26.33,29.1,24.45,76.51,0.89,20.73,4.9,6.24,202.4,0
6958bb43a2106ae9c65effe3,2021-09-02T00:00:00.000Z,2021,9,2,26.42,28.89,23.79,65.19,1.33,16.29,3.22,4.19,206.4,0
6958bb43a2106ae9c65effe4,2021-09-03T00:00:00.000Z,2021,9,3,27.14,30.34,24.26,69.59,0.18,21.94,3.1,3.76,205.4,0
6958bb43a2106ae9c65effe5,2021-09-04T00:00:00.000Z,2021,9,4,27.51,30.09,25.33,71.62,0.07,21.74,2.14,3.78,194.9,0
6958bb43a2106ae9c65effe6,2021-09-05T00:00:00.000Z,2021,9,5,27.69,30.63,25.35,71.43,0.03,22.32,2.2,3.1,267,0
6958bb43a2106ae9c65effe7,2021-09-06T00:00:00.000Z,2021,9,6,27.95,30.78,25.91,69.61,0.04,24.88,1.66,3.19,342.9,0
6958bb43a2106ae9c65effe8,2021-09-07T00:00:00.000Z,2021,9,7,27.67,30.93,25.48,72.96,0.39,23.15,3.24,5.33,257.6,0
6958bb43a2106ae9c65effe9,2021-09-08T00:00:00.000Z,2021,9,8,26.49,28.21,25.31,79.94,7.27,11.4,6.58,7.55,237.5,0
6958bb43a2106ae9c65effea,2021-09-09T00:00:00.000Z,2021,9,9,26.01,27.88,25.04,80.83,7.81,10.98,7.24,8.33,228.8,0
6958bb43a2106ae9c65effeb,2021-09-10T00:00:00.000Z,2021,9,10,26.49,28.66,24.88,80.03,1.64,19.54,7.4,8.59,212.2,0
6958bb43a2106ae9c65effec,2021-09-11T00:00:00.000Z,2021,9,11,26.93,29.05,25.29,77.8,12.34,12.97,4.86,5.85,213.6,0
6958bb43a2106ae9c65effed,2021-09-12T00:00:00.000Z,2021,9,12,26.51,28.56,25.22,79.8,3.57,13.96,5.17,5.85,228.6,0
6958bb43a2106ae9c65effee,2021-09-13T00:00:00.000Z,2021,9,13,26.71,28.84,25.24,79.71,2.62,17.58,5.71,6.59,223.4,0
6958bb43a2106ae9c65effef,2021-09-14T00:00:00.000Z,2021,9,14,27.16,29.5,25.03,75.67,0.14,22.4,3.71,5.51,235,0
6958bb43a2106ae9c65efff0,2021-09-15T00:00:00.000Z,2021,9,15,28.04,31.02,25.69,70.57,1.02,15.98,1.54,1.92,276.2,0
6958bb43a2106ae9c65efff1,2021-09-16T00:00:00.000Z,2021,9,16,27.45,29.79,25.63,73.34,0.23,18.3,2.09,2.53,264,0
6958bb43a2106ae9c65efff2,2021-09-17T00:00:00.000Z,2021,9,17,27.56,30.89,25.12,71.86,0.03,23.74,1.95,3.31,347.1,0
6958bb43a2106ae9c65efff3,2021-09-18T00:00:00.000Z,2021,9,18,26.95,28.62,25.83,80.51,11.14,21.46,1.95,3.54,4.7,0
6958bb43a2106ae9c65efff4,2021-09-19T00:00:00.000Z,2021,9,19,26.55,28.44,24.88,78.49,10.79,11.95,3.97,5.32,235.9,0
6958bb43a2106ae9c65efff5,2021-09-20T00:00:00.000Z,2021,9,20,26.83,29.34,24.64,76.08,1.21,14.01,3.62,5.15,238.3,0
6958bb43a2106ae9c65efff6,2021-09-21T00:00:00.000Z,2021,9,21,27.09,29.19,25.59,76.75,0.71,21.92,5.07,6.19,237.7,0
6958bb43a2106ae9c65efff7,2021-09-22T00:00:00.000Z,2021,9,22,26.68,29.2,25.07,72.56,0.06,20.18,5.06,6.82,214.1,0
6958bb43a2106ae9c65efff8,2021-09-23T00:00:00.000Z,2021,9,23,27.54,30.47,24.62,71.71,0.02,25.1,3.23,4.4,202.4,0
6958bb43a2106ae9c65efff9,2021-09-24T00:00:00.000Z,2021,9,24,28.1,31.31,25.4,73.05,1.07,24.77,2.81,3.95,211.8,0
6958bb43a2106ae9c65efffa,2021-09-25T00:00:00.000Z,2021,9,25,27.39,29.67,25.77,76.33,3.35,19.94,3.48,4.49,242,0
6958bb43a2106ae9c65efffb,2021-09-26T00:00:00.000Z,2021,9,26,26.1,27.39,25.37,84.52,30.94,9.64,4.84,7.03,237.5,0
6958bb43a2106ae9c65efffc,2021-09-27T00:00:00.000Z,2021,9,27,26.77,28.76,25.15,78.23,20.06,8.71,3.98,5.69,213.9,0
6958bb43a2106ae9c65efffd,2021-09-28T00:00:00.000Z,2021,9,28,26.13,27.46,25,83.59,23.11,17.72,4.25,6.89,260.3,0
6958bb43a2106ae9c65efffe,2021-09-29T00:00:00.000Z,2021,9,29,26.39,27.71,25.29,84.42,24.2,17.18,4.07,5.39,250.4,0
6958bb43a2106ae9c65effff,2021-09-30T00:00:00.000Z,2021,9,30,26.74,29.13,25.18,82.58,42.59,19.41,4.55,6.26,200.9,0
6958bb43a2106ae9c65f0000,2021-10-01T00:00:00.000Z,2021,10,1,25.96,27.42,24.55,83.11,41.39,13.95,6.01,9.76,195.9,0
6958bb43a2106ae9c65f0001,2021-10-02T00:00:00.000Z,2021,10,2,26.65,29.06,24.11,74.32,0.85,23.83,2.65,3.87,127.1,0
6958bb43a2106ae9c65f0002,2021-10-03T00:00:00.000Z,2021,10,3,27.78,30.4,25.58,71.32,54.87,23.05,1.1,1.71,184.4,0
6958bb43a2106ae9c65f0003,2021-10-04T00:00:00.000Z,2021,10,4,27.76,30.43,25.57,75.28,48.08,25.42,2.28,3.47,228,0
6958bb43a2106ae9c65f0004,2021-10-05T00:00:00.000Z,2021,10,5,26.77,28.54,25.07,78.37,1.43,23.03,3.06,4.19,242,0
6958bb43a2106ae9c65f0005,2021-10-06T00:00:00.000Z,2021,10,6,26.35,28.01,24.85,82.78,18.49,12.62,3.61,4.97,273.7,0
6958bb43a2106ae9c65f0006,2021-10-07T00:00:00.000Z,2021,10,7,26.39,27.87,25.12,85,30.24,19.75,5.49,6.92,247.4,0
6958bb43a2106ae9c65f0007,2021-10-08T00:00:00.000Z,2021,10,8,26.83,28.62,25.44,82.35,5.53,20.26,5.76,7.25,226.1,0
6958bb43a2106ae9c65f0008,2021-10-09T00:00:00.000Z,2021,10,9,27.35,30.61,25.29,76.06,0.28,20.09,4.73,6.18,227.9,0
6958bb43a2106ae9c65f0009,2021-10-10T00:00:00.000Z,2021,10,10,27.18,29.24,25.67,81.83,0.31,21.67,6.88,8.38,228,0
6958bb43a2106ae9c65f000a,2021-10-11T00:00:00.000Z,2021,10,11,26.67,28.38,25.37,82.08,0.16,23.3,7.49,9.21,214.6,0
6958bb43a2106ae9c65f000b,2021-10-12T00:00:00.000Z,2021,10,12,26.62,28.15,25.35,83.31,0.26,20.42,6,6.86,224.7,0
6958bb43a2106ae9c65f000c,2021-10-13T00:00:00.000Z,2021,10,13,27.48,29.89,25.76,80.06,0.28,23.07,6.22,7.97,218.9,0
6958bb43a2106ae9c65f000d,2021-10-14T00:00:00.000Z,2021,10,14,27.17,28.58,26.28,82.95,1.47,21.04,6.41,7.87,208.6,0
6958bb43a2106ae9c65f000e,2021-10-15T00:00:00.000Z,2021,10,15,27.24,29.48,25.53,80.22,1.75,20.15,5.99,7.21,207.6,0
6958bb43a2106ae9c65f000f,2021-10-16T00:00:00.000Z,2021,10,16,27.07,29.35,25.25,79.77,4.37,18.68,3.9,5.34,198.9,0
6958bb43a2106ae9c65f0010,2021-10-17T00:00:00.000Z,2021,10,17,26.85,28.58,25.3,76.8,4.3,21.52,2.85,3.77,259.3,0
6958bb43a2106ae9c65f0011,2021-10-18T00:00:00.000Z,2021,10,18,27.71,30.63,25.19,71.4,1.05,16.01,1.83,2.5,230,0
6958bb43a2106ae9c65f0012,2021-10-19T00:00:00.000Z,2021,10,19,26.77,28.24,25.32,79.53,6.16,18.34,3.28,4.17,210.6,0
6958bb43a2106ae9c65f0013,2021-10-20T00:00:00.000Z,2021,10,20,25.47,26.34,24.68,83.2,11.7,6.23,1.59,3.05,246.1,0
6958bb43a2106ae9c65f0014,2021-10-21T00:00:00.000Z,2021,10,21,26.1,28.14,24.46,79.42,0.81,13.11,2.22,2.9,242.7,0
6958bb43a2106ae9c65f0015,2021-10-22T00:00:00.000Z,2021,10,22,26.43,28.37,24.95,81.55,4.36,11.06,2.31,3.41,299.7,0
6958bb43a2106ae9c65f0016,2021-10-23T00:00:00.000Z,2021,10,23,26.6,28.36,25.26,81.48,3.2,21,2.7,3.75,243.1,0
6958bb43a2106ae9c65f0017,2021-10-24T00:00:00.000Z,2021,10,24,26.29,27.88,25.08,82.35,4.93,17.32,3.13,3.94,259.5,0
6958bb43a2106ae9c65f0018,2021-10-25T00:00:00.000Z,2021,10,25,26.42,27.92,24.81,78.57,1.84,18.78,1.41,2.53,241.5,0
6958bb43a2106ae9c65f0019,2021-10-26T00:00:00.000Z,2021,10,26,27.24,30.25,24.89,74.45,10.84,19.62,3.15,4.91,191.5,0
6958bb43a2106ae9c65f001a,2021-10-27T00:00:00.000Z,2021,10,27,26.18,27.46,24.84,78.97,20.93,13.82,3.4,3.71,182.3,0
6958bb43a2106ae9c65f001b,2021-10-28T00:00:00.000Z,2021,10,28,27.08,30.2,24.16,74.59,2.32,20.88,2.49,3.69,135.5,0
6958bb43a2106ae9c65f001c,2021-10-29T00:00:00.000Z,2021,10,29,27.32,28.92,25.75,81.14,10.3,16.14,1.86,2.94,183.9,0
6958bb43a2106ae9c65f001d,2021-10-30T00:00:00.000Z,2021,10,30,26.21,26.93,25.24,83.04,16.87,6.98,3.3,4.13,204.2,0
6958bb43a2106ae9c65f001e,2021-10-31T00:00:00.000Z,2021,10,31,26.32,28.03,24.8,77.55,2.55,13.39,1.75,3.45,206.6,0
6958bb43a2106ae9c65f001f,2021-11-01T00:00:00.000Z,2021,11,1,26.84,29.11,25.52,77.87,5.02,20.02,1.62,2.48,275.1,0
6958bb43a2106ae9c65f0020,2021-11-02T00:00:00.000Z,2021,11,2,26.68,28.37,25.47,81.36,7.98,18.36,1.67,2.54,269,0
6958bb43a2106ae9c65f0021,2021-11-03T00:00:00.000Z,2021,11,3,26.49,27.67,25.36,79.24,1.5,11.76,1.22,2.1,338,0
6958bb43a2106ae9c65f0022,2021-11-04T00:00:00.000Z,2021,11,4,26.42,27.94,25.31,77.41,13.82,14.1,1.78,3.54,2.9,0
6958bb43a2106ae9c65f0023,2021-11-05T00:00:00.000Z,2021,11,5,25.79,26.85,24.75,89.54,17.15,14.36,2.85,4.35,356.1,0
6958bb43a2106ae9c65f0024,2021-11-06T00:00:00.000Z,2021,11,6,25.81,26.72,25.19,90.94,40.55,14.99,3.85,5.76,275.1,0
6958bb43a2106ae9c65f0025,2021-11-07T00:00:00.000Z,2021,11,7,26.8,29.11,25.08,83.08,21.13,17.23,2.65,4.53,146.3,0
6958bb43a2106ae9c65f0026,2021-11-08T00:00:00.000Z,2021,11,8,26.44,27.57,25.61,82.85,49.18,13.41,3.52,6.47,209.4,0
6958bb43a2106ae9c65f0027,2021-11-09T00:00:00.000Z,2021,11,9,27.03,28.37,25.54,77.87,2.41,9.19,2.48,4.22,184.9,0
6958bb43a2106ae9c65f0028,2021-11-10T00:00:00.000Z,2021,11,10,26.39,27.68,25.4,80.16,12.08,13.36,2.62,4.38,116.2,0
6958bb43a2106ae9c65f0029,2021-11-11T00:00:00.000Z,2021,11,11,26.57,28.49,25.23,75.12,2.97,11.65,3.62,4.92,210.1,0
6958bb43a2106ae9c65f002a,2021-11-12T00:00:00.000Z,2021,11,12,26.32,28.11,24.72,75.25,7.06,10.41,1.98,2.64,259.9,0
6958bb43a2106ae9c65f002b,2021-11-13T00:00:00.000Z,2021,11,13,26.01,27.67,24.43,81.06,1.37,18.23,2.99,4.19,266.5,0
6958bb43a2106ae9c65f002c,2021-11-14T00:00:00.000Z,2021,11,14,26.13,27.87,24.84,82.7,2.35,13.56,3.07,4.3,249,0
6958bb43a2106ae9c65f002d,2021-11-15T00:00:00.000Z,2021,11,15,26.65,28.82,24.72,81.56,13.74,19.87,3.51,5.16,236.2,0
6958bb43a2106ae9c65f002e,2021-11-16T00:00:00.000Z,2021,11,16,26.63,28.65,25.37,81.26,4.82,18.48,3.54,4.61,211.5,0
6958bb43a2106ae9c65f002f,2021-11-17T00:00:00.000Z,2021,11,17,25.64,27.32,24.5,79.84,4.93,6.56,3.32,3.85,221.2,0
6958bb43a2106ae9c65f0030,2021-11-18T00:00:00.000Z,2021,11,18,25.74,27.39,24.45,81.6,2,13.65,4.61,6.72,226.6,0
6958bb43a2106ae9c65f0031,2021-11-19T00:00:00.000Z,2021,11,19,25.88,27.66,24.57,83.73,0.62,16.63,4.84,7.25,255.8,0
6958bb43a2106ae9c65f0032,2021-11-20T00:00:00.000Z,2021,11,20,26.66,29.06,24.76,80.27,1.62,20.12,3.97,4.51,223.1,0
6958bb43a2106ae9c65f0033,2021-11-21T00:00:00.000Z,2021,11,21,26.35,27.75,25.02,80.38,7.28,15.24,3.75,5.01,223.7,0
6958bb43a2106ae9c65f0034,2021-11-22T00:00:00.000Z,2021,11,22,26.35,28.53,24.86,78.21,6.48,20.51,1.96,3.27,173,0
6958bb43a2106ae9c65f0035,2021-11-23T00:00:00.000Z,2021,11,23,26.22,28.13,24.89,82.15,4.13,16.1,2.3,3.98,224.3,0
6958bb43a2106ae9c65f0036,2021-11-24T00:00:00.000Z,2021,11,24,25.35,26.32,24.33,79.87,12.88,15.7,3.6,5.69,177.3,0
6958bb43a2106ae9c65f0037,2021-11-25T00:00:00.000Z,2021,11,25,25.77,28.2,23.85,71.18,4.72,12.36,2.24,3.88,184.9,0
6958bb43a2106ae9c65f0038,2021-11-26T00:00:00.000Z,2021,11,26,25.84,28.55,23.83,75.08,1.64,16.3,2.02,2.91,46.8,0
6958bb43a2106ae9c65f0039,2021-11-27T00:00:00.000Z,2021,11,27,25.75,27.28,24.42,83.54,14.43,17.88,2.62,4.34,61.3,0
6958bb43a2106ae9c65f003a,2021-11-28T00:00:00.000Z,2021,11,28,25.49,26.27,24.72,85.69,32.93,10.41,3.29,4.2,85.8,0
6958bb43a2106ae9c65f003b,2021-11-29T00:00:00.000Z,2021,11,29,25.4,26.64,24.52,84.45,47.28,9.61,2.04,3.06,337,0
6958bb43a2106ae9c65f003c,2021-11-30T00:00:00.000Z,2021,11,30,25.43,26.59,24.56,89.67,34.95,6.2,4.54,7.94,323.6,0
6958bb43a2106ae9c65f003d,2021-12-01T00:00:00.000Z,2021,12,1,26.35,28.36,24.45,80.6,1.64,20.21,2.01,3.65,207.2,0
6958bb43a2106ae9c65f003e,2021-12-02T00:00:00.000Z,2021,12,2,26.28,27.73,25.18,80.9,6.79,13.84,3.54,4.32,160,0
6958bb43a2106ae9c65f003f,2021-12-03T00:00:00.000Z,2021,12,3,25.51,26.66,24.22,84.12,3.31,9.3,2.85,3.54,91.5,0
6958bb43a2106ae9c65f0040,2021-12-04T00:00:00.000Z,2021,12,4,25.61,27.31,24.03,86.2,3.96,21.89,3.66,5.1,52.8,0
6958bb43a2106ae9c65f0041,2021-12-05T00:00:00.000Z,2021,12,5,25.66,26.59,24.55,84.88,3.25,10.81,3.64,4.74,51.9,0
6958bb43a2106ae9c65f0042,2021-12-06T00:00:00.000Z,2021,12,6,25.91,27.14,25.08,82.26,10.14,18.44,4.82,6.23,56.6,0
6958bb43a2106ae9c65f0043,2021-12-07T00:00:00.000Z,2021,12,7,25.8,27.02,24.6,84,18.77,13.69,4.93,5.54,64.9,0
6958bb43a2106ae9c65f0044,2021-12-08T00:00:00.000Z,2021,12,8,26.76,28.33,25.39,82.56,4.19,19.09,5.3,6.21,69.7,0
6958bb43a2106ae9c65f0045,2021-12-09T00:00:00.000Z,2021,12,9,26.55,28.19,25.26,84.35,9.87,16.51,4.89,5.56,60.4,0
6958bb43a2106ae9c65f0046,2021-12-10T00:00:00.000Z,2021,12,10,26.55,28.01,25.32,82.21,12.16,17.08,3.42,4.64,81.6,0
6958bb43a2106ae9c65f0047,2021-12-11T00:00:00.000Z,2021,12,11,26.4,28.13,25.04,85.35,3.68,12.89,5.27,6.21,64.1,0
6958bb43a2106ae9c65f0048,2021-12-12T00:00:00.000Z,2021,12,12,26.47,28.19,25.16,82.55,4.08,20.23,5.66,6.39,65.3,0
6958bb43a2106ae9c65f0049,2021-12-13T00:00:00.000Z,2021,12,13,26.3,27.94,24.63,81.22,0.79,20.7,4.63,5.02,67.2,0
6958bb43a2106ae9c65f004a,2021-12-14T00:00:00.000Z,2021,12,14,26.62,28.65,25.08,84.87,2.41,18.36,4.83,6.96,59.4,0
6958bb43a2106ae9c65f004b,2021-12-15T00:00:00.000Z,2021,12,15,26.78,28.55,25.55,85.01,11.72,17.56,5.35,8.29,64.3,0
6958bb43a2106ae9c65f004c,2021-12-16T00:00:00.000Z,2021,12,16,26.52,28.27,25.16,84.93,5.9,17.96,3.99,5.29,54.4,0
6958bb43a2106ae9c65f004d,2021-12-17T00:00:00.000Z,2021,12,17,26.29,27.21,25.3,81.89,5.76,15.28,2.4,4.25,23.9,0
6958bb43a2106ae9c65f004e,2021-12-18T00:00:00.000Z,2021,12,18,25.69,26.81,24.78,84.92,34.74,5.9,1.96,3.38,354.7,0
6958bb43a2106ae9c65f004f,2021-12-19T00:00:00.000Z,2021,12,19,25.78,27.28,24.62,84.19,37.15,13.4,2.68,3.93,97.2,0
6958bb43a2106ae9c65f0050,2021-12-20T00:00:00.000Z,2021,12,20,25.99,27.96,24.63,86.31,73.84,10.73,3.06,4.62,155.9,0
6958bb43a2106ae9c65f0051,2021-12-21T00:00:00.000Z,2021,12,21,25.61,26.19,25.05,86.78,28.97,20.79,3.54,5.79,339.1,0
6958bb43a2106ae9c65f0052,2021-12-22T00:00:00.000Z,2021,12,22,26.04,27.77,24.56,80.04,0.03,20.39,2.71,3.49,15,0
6958bb43a2106ae9c65f0053,2021-12-23T00:00:00.000Z,2021,12,23,25.87,27.81,24.58,77.14,0,21.75,2.56,3.78,355.9,0
6958bb43a2106ae9c65f0054,2021-12-24T00:00:00.000Z,2021,12,24,25.69,27.82,23.95,76.24,0,22.11,2.79,3.93,20.5,0
6958bb43a2106ae9c65f0055,2021-12-25T00:00:00.000Z,2021,12,25,25.8,27.95,23.58,78.74,0,22,2.96,3.61,37.8,0
6958bb43a2106ae9c65f0056,2021-12-26T00:00:00.000Z,2021,12,26,26.01,28.13,24.38,80.3,0,21.96,3.69,4.84,42.8,0
6958bb43a2106ae9c65f0057,2021-12-27T00:00:00.000Z,2021,12,27,25.57,27.93,23.48,83.03,0.04,23.06,4.23,5.64,60.3,0
6958bb43a2106ae9c65f0058,2021-12-28T00:00:00.000Z,2021,12,28,26.26,28.52,24.11,83.72,0.22,21.81,5.38,6.47,77.2,0
6958bb43a2106ae9c65f0059,2021-12-29T00:00:00.000Z,2021,12,29,26.81,29.02,24.56,80.79,0.52,19.53,5.25,6.2,81.7,0
6958bb43a2106ae9c65f005a,2021-12-30T00:00:00.000Z,2021,12,30,26.9,28.53,25.2,85.05,29.56,15.95,6.42,7.89,69.3,0
6958bb43a2106ae9c65f005b,2021-12-31T00:00:00.000Z,2021,12,31,26.48,27.68,25.45,85.83,32.23,8,8.83,11.7,71.3,0
6958bb43a2106ae9c65f005c,2022-01-01T00:00:00.000Z,2022,1,1,26.15,27.36,25.3,86.06,55.67,6.65,6.34,8.78,73.3,0
6958bb43a2106ae9c65f005d,2022-01-02T00:00:00.000Z,2022,1,2,26.24,27.57,25.29,84.97,17.43,13.92,6.5,7.97,73.8,0
6958bb43a2106ae9c65f005e,2022-01-03T00:00:00.000Z,2022,1,3,26.27,27.99,25.03,84.82,4.09,17.54,5.33,7.52,67.4,0
6958bb43a2106ae9c65f005f,2022-01-04T00:00:00.000Z,2022,1,4,25.46,26.62,23.65,86.03,79.86,12.99,4.04,6.12,98.1,0
6958bb43a2106ae9c65f0060,2022-01-05T00:00:00.000Z,2022,1,5,25.6,27.49,23.56,86.43,6.24,19.14,3.62,5.27,58.5,0
6958bb43a2106ae9c65f0061,2022-01-06T00:00:00.000Z,2022,1,6,25.89,26.88,24.91,86.56,6.21,14.23,5.33,6.45,60,0
6958bb43a2106ae9c65f0062,2022-01-07T00:00:00.000Z,2022,1,7,26.55,28.29,25.06,82.8,1.17,19.86,3.32,4.69,90.4,0
6958bb43a2106ae9c65f0063,2022-01-08T00:00:00.000Z,2022,1,8,26.21,27.46,25.33,86.22,16.72,12.38,2.25,3.8,90.1,0
6958bb43a2106ae9c65f0064,2022-01-09T00:00:00.000Z,2022,1,9,25.82,27.27,24.79,85.88,12.01,17.7,1.46,1.88,357.3,0
6958bb43a2106ae9c65f0065,2022-01-10T00:00:00.000Z,2022,1,10,25.06,26,24.46,89.22,8.21,11.61,2.71,3.84,308.1,0
6958bb43a2106ae9c65f0066,2022-01-11T00:00:00.000Z,2022,1,11,26.41,28.1,24.54,81.38,1.34,22.28,4.52,6.4,67.1,0
6958bb43a2106ae9c65f0067,2022-01-12T00:00:00.000Z,2022,1,12,27.16,29.01,25.8,77.59,50.43,21.05,3.09,4.42,84.6,0
6958bb43a2106ae9c65f0068,2022-01-13T00:00:00.000Z,2022,1,13,26.16,27.81,24.53,81.68,15.82,18.2,5.73,8,71.8,0
6958bb43a2106ae9c65f0069,2022-01-14T00:00:00.000Z,2022,1,14,26.08,28.16,24.31,80.06,0.23,21.48,6.09,7.02,73.1,0
6958bb43a2106ae9c65f006a,2022-01-15T00:00:00.000Z,2022,1,15,26.26,28.35,24.74,80.51,0.76,20.85,5.41,7.12,75.8,0
6958bb43a2106ae9c65f006b,2022-01-16T00:00:00.000Z,2022,1,16,26.27,27.99,24.78,82.8,4.5,19.65,4.53,6.21,58,0
6958bb43a2106ae9c65f006c,2022-01-17T00:00:00.000Z,2022,1,17,26.22,27.93,24.72,85.21,5.25,15.8,3.86,5.42,57.8,0
6958bb43a2106ae9c65f006d,2022-01-18T00:00:00.000Z,2022,1,18,26.14,27.24,25.06,82.7,1.92,19.55,3.8,5.36,57,0
6958bb43a2106ae9c65f006e,2022-01-19T00:00:00.000Z,2022,1,19,26.37,27.71,24.99,77.8,0.46,22.05,1.84,2.47,94.6,0
6958bb43a2106ae9c65f006f,2022-01-20T00:00:00.000Z,2022,1,20,26.89,28.66,25.4,73.76,0.17,22.69,1.37,2.4,202.4,0
6958bb43a2106ae9c65f0070,2022-01-21T00:00:00.000Z,2022,1,21,26.86,29.06,24.87,76.4,4.8,22.47,2.2,3.19,242,0
6958bb43a2106ae9c65f0071,2022-01-22T00:00:00.000Z,2022,1,22,27.4,29.61,25.77,73.1,1.26,22,1.21,2.09,253,0
6958bb43a2106ae9c65f0072,2022-01-23T00:00:00.000Z,2022,1,23,26.47,28.39,24.96,78.77,1.14,22.08,1.89,2.23,356,0
6958bb43a2106ae9c65f0073,2022-01-24T00:00:00.000Z,2022,1,24,26.1,28.08,24.92,81.28,8.35,17.6,2.69,4.43,35.9,0
6958bb43a2106ae9c65f0074,2022-01-25T00:00:00.000Z,2022,1,25,26.41,28.31,24.74,80.25,1.16,20.69,2.69,3.33,60.9,0
6958bb43a2106ae9c65f0075,2022-01-26T00:00:00.000Z,2022,1,26,26.84,28.67,25.17,81.66,0.15,19.94,4.42,6.31,75.2,0
6958bb43a2106ae9c65f0076,2022-01-27T00:00:00.000Z,2022,1,27,27.71,30.01,25.83,77.12,0.14,20.27,1.52,2.7,114,0
6958bb43a2106ae9c65f0077,2022-01-28T00:00:00.000Z,2022,1,28,27.13,28.4,25.8,81.55,0.91,21.47,2.3,3.16,65.3,0
6958bb43a2106ae9c65f0078,2022-01-29T00:00:00.000Z,2022,1,29,26.94,28.74,25.58,83.04,0.35,21.11,3.02,4,30.9,0
6958bb43a2106ae9c65f0079,2022-01-30T00:00:00.000Z,2022,1,30,26.48,28.66,24.89,81.26,0.02,23.51,2.67,3.46,355.5,0
6958bb43a2106ae9c65f007a,2022-01-31T00:00:00.000Z,2022,1,31,26.72,29.23,24.8,79.19,2.83,21.8,2.61,3.75,27.6,0
6958bb43a2106ae9c65f007b,2022-02-01T00:00:00.000Z,2022,2,1,27.03,28.91,25.39,80.04,2.49,20.94,2.38,3.39,58.8,0
6958bb43a2106ae9c65f007c,2022-02-02T00:00:00.000Z,2022,2,2,27.65,29.85,25.98,73.11,3.07,17.7,1.78,2.41,75.1,0
6958bb43a2106ae9c65f007d,2022-02-03T00:00:00.000Z,2022,2,3,27.18,28.87,25.77,79.88,3.91,19.51,2.79,3.91,50.8,0
6958bb43a2106ae9c65f007e,2022-02-04T00:00:00.000Z,2022,2,4,26.97,28.35,25.85,81.93,8.54,16.84,2.5,3.83,81.3,0
6958bb43a2106ae9c65f007f,2022-02-05T00:00:00.000Z,2022,2,5,26.91,29.24,25.46,78.02,4.55,19.02,2.01,3.37,116.8,0
6958bb43a2106ae9c65f0080,2022-02-06T00:00:00.000Z,2022,2,6,26.32,28.42,24.94,76.32,55.12,17.21,2.47,3.35,127.9,0
6958bb43a2106ae9c65f0081,2022-02-07T00:00:00.000Z,2022,2,7,26.3,27.86,25.06,78.87,45.99,13.06,3.44,4.84,198.2,0
6958bb43a2106ae9c65f0082,2022-02-08T00:00:00.000Z,2022,2,8,26.41,27.81,24.84,82.1,0.91,19.39,2.68,4.1,57.6,0
6958bb43a2106ae9c65f0083,2022-02-09T00:00:00.000Z,2022,2,9,25.92,26.95,24.96,81.07,18.59,10.67,3.32,5.64,172,0
6958bb43a2106ae9c65f0084,2022-02-10T00:00:00.000Z,2022,2,10,26.83,28.91,25.14,74.88,2.08,11.24,2.14,3.19,112.1,0
6958bb43a2106ae9c65f0085,2022-02-11T00:00:00.000Z,2022,2,11,26.71,28.59,25.43,78.43,8.12,20.34,2.51,4.82,28.7,0
6958bb43a2106ae9c65f0086,2022-02-12T00:00:00.000Z,2022,2,12,26.09,27.39,24.78,85.17,4.35,17.99,4.6,5.56,58.8,0
6958bb43a2106ae9c65f0087,2022-02-13T00:00:00.000Z,2022,2,13,26.75,28.81,25.07,80.59,1.47,22.21,3.33,4.25,62.2,0
6958bb43a2106ae9c65f0088,2022-02-14T00:00:00.000Z,2022,2,14,26.7,28.02,25.55,83.16,12.91,17.45,2.73,3.53,34.3,0
6958bb43a2106ae9c65f0089,2022-02-15T00:00:00.000Z,2022,2,15,26.55,27.46,25.8,84.56,14.02,18.07,2.65,3.71,174.4,0
6958bb43a2106ae9c65f008a,2022-02-16T00:00:00.000Z,2022,2,16,26.58,28.45,25.11,80.38,15.98,12.28,3.49,4.95,184.1,0
6958bb43a2106ae9c65f008b,2022-02-17T00:00:00.000Z,2022,2,17,26.68,28.71,24.89,78.04,14.31,16.05,3.55,5.18,152.8,0
6958bb43a2106ae9c65f008c,2022-02-18T00:00:00.000Z,2022,2,18,26.67,28.29,25.42,79.17,12.13,12.96,3.04,5.11,186.6,0
6958bb43a2106ae9c65f008d,2022-02-19T00:00:00.000Z,2022,2,19,27.68,30.26,25.09,69,0.9,21.42,2.99,5.1,187.7,0
6958bb43a2106ae9c65f008e,2022-02-20T00:00:00.000Z,2022,2,20,27.23,29.07,25.86,76.51,0.23,24.61,1.75,2.91,321.9,0
6958bb43a2106ae9c65f008f,2022-02-21T00:00:00.000Z,2022,2,21,26.91,28.94,25.63,78.33,0.1,23.42,1.65,2.75,20.1,0
6958bb43a2106ae9c65f0090,2022-02-22T00:00:00.000Z,2022,2,22,26.89,28.56,25.63,82.33,24.73,16.14,3.59,5,53.1,0
6958bb43a2106ae9c65f0091,2022-02-23T00:00:00.000Z,2022,2,23,26.98,28.61,25.66,82.32,8.42,16.83,2.69,3.52,67.2,0
6958bb43a2106ae9c65f0092,2022-02-24T00:00:00.000Z,2022,2,24,26.84,28.13,25.97,83.13,4.68,16.29,4.1,5.3,75.3,0
6958bb43a2106ae9c65f0093,2022-02-25T00:00:00.000Z,2022,2,25,25.77,26.65,24.7,86.76,2.72,17.78,6.44,9.72,69.2,0
6958bb43a2106ae9c65f0094,2022-02-26T00:00:00.000Z,2022,2,26,25.68,26.7,24.65,86.46,14.01,12.74,6.88,7.58,66.3,0
6958bb43a2106ae9c65f0095,2022-02-27T00:00:00.000Z,2022,2,27,25.88,26.67,25.39,87.56,47.56,7.15,7.71,10.77,73.3,0
6958bb43a2106ae9c65f0096,2022-02-28T00:00:00.000Z,2022,2,28,26.14,28.13,24.9,81.85,21.59,18.32,2.09,3.93,112.7,0
6958bb43a2106ae9c65f0097,2022-03-01T00:00:00.000Z,2022,3,1,26.21,27.57,24.69,83.54,21.13,13.2,2.44,5.06,144.9,0
6958bb43a2106ae9c65f0098,2022-03-02T00:00:00.000Z,2022,3,2,27.33,29.44,25.02,72.32,3.17,19.84,1.71,3.04,141.4,0
6958bb43a2106ae9c65f0099,2022-03-03T00:00:00.000Z,2022,3,3,27.06,29.15,25.31,75.85,4.48,17.4,2.21,4.11,206.5,0
6958bb43a2106ae9c65f009a,2022-03-04T00:00:00.000Z,2022,3,4,27.25,29.53,25.9,76.15,0.96,22.64,1.53,3.44,33.8,0
6958bb43a2106ae9c65f009b,2022-03-05T00:00:00.000Z,2022,3,5,26.17,27.74,24.95,80.67,0.51,10.19,2.92,3.93,22.1,0
6958bb43a2106ae9c65f009c,2022-03-06T00:00:00.000Z,2022,3,6,26.03,27.8,24.74,82.15,1.81,21.4,2.2,3.69,39.2,0
6958bb43a2106ae9c65f009d,2022-03-07T00:00:00.000Z,2022,3,7,26.52,28.1,24.99,82.68,1.21,17.43,2.53,2.94,60.6,0
6958bb43a2106ae9c65f009e,2022-03-08T00:00:00.000Z,2022,3,8,26.58,27.45,25.26,83.59,31.23,11.34,2.07,3.74,85.9,0
6958bb43a2106ae9c65f009f,2022-03-09T00:00:00.000Z,2022,3,9,26.92,28.92,24.81,78.78,17.87,23.46,1.25,2.43,139.2,0
6958bb43a2106ae9c65f00a0,2022-03-10T00:00:00.000Z,2022,3,10,26.4,27.61,25.13,81.08,10.43,18.52,2.07,3.35,190,0
6958bb43a2106ae9c65f00a1,2022-03-11T00:00:00.000Z,2022,3,11,26.81,28.75,24.98,79.3,6.29,19.25,3.09,4.1,221.4,0
6958bb43a2106ae9c65f00a2,2022-03-12T00:00:00.000Z,2022,3,12,27.17,29.32,25.33,78.29,2.85,23.47,1.99,2.93,317.1,0
6958bb43a2106ae9c65f00a3,2022-03-13T00:00:00.000Z,2022,3,13,27.66,29.83,26.23,76.33,1.03,23.25,1.39,2.82,3.2,0
6958bb43a2106ae9c65f00a4,2022-03-14T00:00:00.000Z,2022,3,14,27.29,28.82,26.1,82.63,4.08,15.96,2.1,3.71,319,0
6958bb43a2106ae9c65f00a5,2022-03-15T00:00:00.000Z,2022,3,15,28.1,31.01,25.53,76.97,0.84,23.27,2.57,3.87,221.4,0
6958bb43a2106ae9c65f00a6,2022-03-16T00:00:00.000Z,2022,3,16,27.53,29.17,26.4,81.48,5.86,17.96,2.59,4.84,185.2,0
6958bb43a2106ae9c65f00a7,2022-03-17T00:00:00.000Z,2022,3,17,27.23,29.52,25.77,80.33,16.14,15.76,2.48,3.78,154.4,0
6958bb43a2106ae9c65f00a8,2022-03-18T00:00:00.000Z,2022,3,18,27.36,29.54,25.72,79.32,26.82,20.9,4.71,6.64,156.4,0
6958bb43a2106ae9c65f00a9,2022-03-19T00:00:00.000Z,2022,3,19,26.63,28.69,25.13,79.83,32.82,9.47,5.07,6.91,196.9,0
6958bb43a2106ae9c65f00aa,2022-03-20T00:00:00.000Z,2022,3,20,27.17,28.69,25.54,81.76,7.96,12.89,7.36,9.17,222.9,0
6958bb43a2106ae9c65f00ab,2022-03-21T00:00:00.000Z,2022,3,21,26.61,28.62,25.33,79.08,13.32,17.03,6.59,8.65,197.5,0
6958bb43a2106ae9c65f00ac,2022-03-22T00:00:00.000Z,2022,3,22,27.44,29.96,25,74.36,3.44,22.24,3.27,4.53,179.1,0
6958bb43a2106ae9c65f00ad,2022-03-23T00:00:00.000Z,2022,3,23,27.77,29.55,26.29,72.43,15.09,19.45,1.17,1.85,271.4,0
6958bb43a2106ae9c65f00ae,2022-03-24T00:00:00.000Z,2022,3,24,27.02,28.31,25.97,81.09,4.15,12.11,1.88,2.7,63.9,0
6958bb43a2106ae9c65f00af,2022-03-25T00:00:00.000Z,2022,3,25,26.88,28.29,25.72,84.47,3.66,16.75,2.78,3.89,39.7,0
6958bb43a2106ae9c65f00b0,2022-03-26T00:00:00.000Z,2022,3,26,27.08,28.47,25.85,79.83,8.02,23.24,1.79,2.59,24.2,0
6958bb43a2106ae9c65f00b1,2022-03-27T00:00:00.000Z,2022,3,27,27.43,28.57,26.69,77.97,0.73,24.33,1.3,2.35,351.9,0
6958bb43a2106ae9c65f00b2,2022-03-28T00:00:00.000Z,2022,3,28,27.2,28.18,26.33,79.28,0.15,23.45,1.61,2.22,297.6,0
6958bb43a2106ae9c65f00b3,2022-03-29T00:00:00.000Z,2022,3,29,27.23,28.62,25.88,79.26,0.71,23.13,1.87,2.31,298.5,0
6958bb43a2106ae9c65f00b4,2022-03-30T00:00:00.000Z,2022,3,30,27.04,28.72,25.94,77.4,4.69,23.12,2.26,3.79,298.5,0
6958bb43a2106ae9c65f00b5,2022-03-31T00:00:00.000Z,2022,3,31,26.61,27.88,25.56,79.52,1.13,19.98,2.18,2.91,274.2,0
6958bb43a2106ae9c65f00b6,2022-04-01T00:00:00.000Z,2022,4,1,26.95,28.55,25.72,78.88,1.29,23.29,1.75,2.81,311.3,0
6958bb43a2106ae9c65f00b7,2022-04-02T00:00:00.000Z,2022,4,2,26.65,28.29,25.34,80.2,7.57,18.7,1.68,2.09,343.4,0
6958bb43a2106ae9c65f00b8,2022-04-03T00:00:00.000Z,2022,4,3,26.65,28.9,25.03,67.93,9.11,10.61,1.47,2.26,291.9,0
6958bb43a2106ae9c65f00b9,2022-04-04T00:00:00.000Z,2022,4,4,27.1,29.03,24.87,71.83,1.83,21.19,1.67,2.26,59.8,0
6958bb43a2106ae9c65f00ba,2022-04-05T00:00:00.000Z,2022,4,5,26.2,26.71,25.04,84.94,12.4,11.37,1.99,3.14,339.8,0
6958bb43a2106ae9c65f00bb,2022-04-06T00:00:00.000Z,2022,4,6,26.5,28.7,24.77,76.49,1.3,12.03,1.99,3.15,338,0
6958bb43a2106ae9c65f00bc,2022-04-07T00:00:00.000Z,2022,4,7,27.21,29.76,25.43,73.4,1.27,21.83,1.35,2.29,263.2,0
6958bb43a2106ae9c65f00bd,2022-04-08T00:00:00.000Z,2022,4,8,26.84,28.23,25.5,78.85,1.13,22.04,2.4,2.71,238.5,0
6958bb43a2106ae9c65f00be,2022-04-09T00:00:00.000Z,2022,4,9,26.91,28.12,25.63,76.19,2.96,21.28,2.03,3.22,254,0
6958bb43a2106ae9c65f00bf,2022-04-10T00:00:00.000Z,2022,4,10,27.71,30.36,25.85,73.84,0.86,23.19,1.74,2.99,292.8,0
6958bb43a2106ae9c65f00c0,2022-04-11T00:00:00.000Z,2022,4,11,27.66,29.84,26.01,76.38,0.54,20.89,2.29,2.73,264.5,0
6958bb43a2106ae9c65f00c1,2022-04-12T00:00:00.000Z,2022,4,12,27.93,30.38,25.89,75.02,0.02,24.4,2.22,3.17,268.3,0
6958bb43a2106ae9c65f00c2,2022-04-13T00:00:00.000Z,2022,4,13,28.34,29.85,26.95,75.33,0.03,22.91,2.61,4.4,265.2,0
6958bb43a2106ae9c65f00c3,2022-04-14T00:00:00.000Z,2022,4,14,27.75,29.11,26.58,80.35,0.05,23.8,3.17,4.18,255.5,0
6958bb43a2106ae9c65f00c4,2022-04-15T00:00:00.000Z,2022,4,15,27.77,29.42,26.35,78.35,0.02,23.08,2.31,3.11,273.9,0
6958bb43a2106ae9c65f00c5,2022-04-16T00:00:00.000Z,2022,4,16,28.38,30.6,26.8,75.93,0.53,22.91,2.17,3.15,304.3,0
6958bb43a2106ae9c65f00c6,2022-04-17T00:00:00.000Z,2022,4,17,27.97,30.27,26.4,76.54,0.49,23.7,2.33,3.39,355.4,0
6958bb43a2106ae9c65f00c7,2022-04-18T00:00:00.000Z,2022,4,18,28.19,30.75,26.02,75.25,0.22,22.07,2.41,3.64,13.1,0
6958bb43a2106ae9c65f00c8,2022-04-19T00:00:00.000Z,2022,4,19,28.16,29.5,27.16,75.52,3.16,21.94,1.46,2.59,277.5,0
6958bb43a2106ae9c65f00c9,2022-04-20T00:00:00.000Z,2022,4,20,28.01,30.05,26.27,72.42,6.24,14.13,1.58,2.79,224.1,0
6958bb43a2106ae9c65f00ca,2022-04-21T00:00:00.000Z,2022,4,21,27.89,30.26,25.8,75.92,2.12,22.07,2.11,3.02,95,0
6958bb43a2106ae9c65f00cb,2022-04-22T00:00:00.000Z,2022,4,22,27.67,28.75,26.8,81.95,3.47,21.37,2.28,3.52,311.7,0
6958bb43a2106ae9c65f00cc,2022-04-23T00:00:00.000Z,2022,4,23,27.84,29.45,26.6,78.78,1.47,16.51,1.84,2.99,253.9,0
6958bb43a2106ae9c65f00cd,2022-04-24T00:00:00.000Z,2022,4,24,27.95,29.75,26.18,76.53,0.7,22.93,1.09,2.01,280.5,0
6958bb43a2106ae9c65f00ce,2022-04-25T00:00:00.000Z,2022,4,25,28.1,29.91,26.77,77.73,7.14,21.38,2.93,5.9,211.6,0
6958bb43a2106ae9c65f00cf,2022-04-26T00:00:00.000Z,2022,4,26,27.44,29.73,25.97,78.79,2.85,17.33,5.76,7.82,205.2,0
6958bb43a2106ae9c65f00d0,2022-04-27T00:00:00.000Z,2022,4,27,27.98,30.3,25.73,76.98,0.24,21.49,1.94,3.68,302.9,0
6958bb43a2106ae9c65f00d1,2022-04-28T00:00:00.000Z,2022,4,28,28.34,29.98,27.03,78.82,0.29,22.03,2.54,3.8,233.5,0
6958bb43a2106ae9c65f00d2,2022-04-29T00:00:00.000Z,2022,4,29,27.49,28.77,26.53,81.28,0.85,16.78,2.87,3.41,255,0
6958bb43a2106ae9c65f00d3,2022-04-30T00:00:00.000Z,2022,4,30,27.64,29.15,26.35,80.93,0.35,21.18,3,3.39,242.2,0
6958bb43a2106ae9c65f00d4,2022-05-01T00:00:00.000Z,2022,5,1,27.64,29.36,26.38,79.08,1.09,20.02,4.27,4.93,225.6,0
6958bb43a2106ae9c65f00d5,2022-05-02T00:00:00.000Z,2022,5,2,27.41,29.16,26.18,82.18,6.45,17.52,4.27,5.03,242.1,0
6958bb43a2106ae9c65f00d6,2022-05-03T00:00:00.000Z,2022,5,3,27.87,30.63,25.97,75.42,4.23,15.39,3.44,4.53,207.7,0
6958bb43a2106ae9c65f00d7,2022-05-04T00:00:00.000Z,2022,5,4,27.98,30.51,25.78,72.37,9.3,17.03,2.2,3.49,158.6,0
6958bb43a2106ae9c65f00d8,2022-05-05T00:00:00.000Z,2022,5,5,27.9,30.45,25.6,74.46,22.79,15.08,3.75,5.3,184.4,0
6958bb43a2106ae9c65f00d9,2022-05-06T00:00:00.000Z,2022,5,6,27.07,28.81,25.7,81.67,9.27,13.24,4.73,5.8,209.3,0
6958bb43a2106ae9c65f00da,2022-05-07T00:00:00.000Z,2022,5,7,27.57,29.45,26.02,80.61,1.6,19.49,3.77,5.32,190,0
6958bb43a2106ae9c65f00db,2022-05-08T00:00:00.000Z,2022,5,8,27.95,29.92,26.25,77.05,5.05,18.36,2.45,3.52,174.9,0
6958bb43a2106ae9c65f00dc,2022-05-09T00:00:00.000Z,2022,5,9,27.56,29.18,26.09,80.36,3.38,15.17,2.4,3.03,148.6,0
6958bb43a2106ae9c65f00dd,2022-05-10T00:00:00.000Z,2022,5,10,27.79,29.5,26.43,81.31,9.09,22.21,3,4.17,195.8,0
6958bb43a2106ae9c65f00de,2022-05-11T00:00:00.000Z,2022,5,11,27.22,28.64,26.08,79.93,1.44,11.88,4.22,5.96,214.7,0
6958bb43a2106ae9c65f00df,2022-05-12T00:00:00.000Z,2022,5,12,27.58,29.38,25.93,76.47,2.28,19.08,5.45,8.58,217.6,0
6958bb43a2106ae9c65f00e0,2022-05-13T00:00:00.000Z,2022,5,13,27.54,29.45,26.23,79.38,0.56,20.01,4.39,5.9,254.4,0
6958bb43a2106ae9c65f00e1,2022-05-14T00:00:00.000Z,2022,5,14,27.78,30.02,25.98,79.21,0.4,22.11,2.88,4.2,257.8,0
6958bb43a2106ae9c65f00e2,2022-05-15T00:00:00.000Z,2022,5,15,28.13,29.96,26.36,79.64,0.77,23.38,3.08,4.24,255.4,0
6958bb43a2106ae9c65f00e3,2022-05-16T00:00:00.000Z,2022,5,16,28.24,30.29,26.81,74.74,0.45,18.25,2.62,4.25,241.5,0
6958bb43a2106ae9c65f00e4,2022-05-17T00:00:00.000Z,2022,5,17,28.57,31.12,26.38,75.88,0.21,22.03,2.89,3.94,189.4,0
6958bb43a2106ae9c65f00e5,2022-05-18T00:00:00.000Z,2022,5,18,28.29,30.99,26.65,73.48,0.29,21.6,2.3,3.68,251.5,0
6958bb43a2106ae9c65f00e6,2022-05-19T00:00:00.000Z,2022,5,19,27.84,30.65,26.07,73.88,0.19,22.75,3.33,5.69,256.6,0
6958bb43a2106ae9c65f00e7,2022-05-20T00:00:00.000Z,2022,5,20,27.87,30.34,25.74,74.86,0.17,20.94,2.6,4.64,263.2,0
6958bb43a2106ae9c65f00e8,2022-05-21T00:00:00.000Z,2022,5,21,28.33,31.11,26.62,75.95,0.56,18.29,4.3,5.19,247.7,0
6958bb43a2106ae9c65f00e9,2022-05-22T00:00:00.000Z,2022,5,22,28.12,30.96,26.46,75.95,4.61,19.56,4.43,6.08,236.1,0
6958bb43a2106ae9c65f00ea,2022-05-23T00:00:00.000Z,2022,5,23,28.08,30.48,26.12,77.12,1.23,23.03,4.23,4.91,227.6,0
6958bb43a2106ae9c65f00eb,2022-05-24T00:00:00.000Z,2022,5,24,28.1,30.13,26.21,76.74,0.15,23.09,4.37,5.59,218.6,0
6958bb43a2106ae9c65f00ec,2022-05-25T00:00:00.000Z,2022,5,25,27.73,29.95,26.41,65.24,0.4,16.15,4.41,6.78,209.6,0
6958bb43a2106ae9c65f00ed,2022-05-26T00:00:00.000Z,2022,5,26,27.86,30.83,25.67,73.39,1.01,22.6,5.21,6.18,221.1,0
6958bb43a2106ae9c65f00ee,2022-05-27T00:00:00.000Z,2022,5,27,27.27,29.53,25.67,81.7,2.32,20.02,5.41,7.47,251.7,0
6958bb43a2106ae9c65f00ef,2022-05-28T00:00:00.000Z,2022,5,28,27.36,29.55,26.11,81.65,18.44,12.6,7.48,9.21,227.6,0
6958bb43a2106ae9c65f00f0,2022-05-29T00:00:00.000Z,2022,5,29,27.35,29.14,26.01,79.88,18.21,9.35,6.06,7.34,241.3,0
6958bb43a2106ae9c65f00f1,2022-05-30T00:00:00.000Z,2022,5,30,27.67,29.59,26.38,77.45,3.46,10.42,5.72,7.63,251.1,0
6958bb43a2106ae9c65f00f2,2022-05-31T00:00:00.000Z,2022,5,31,26.95,28.36,25.54,80.57,10.68,15.62,5.96,7.63,240.4,0
6958bb43a2106ae9c65f00f3,2022-06-01T00:00:00.000Z,2022,6,1,26.19,27.45,25.06,81.69,42.33,10.27,6.15,7.88,222.6,0
6958bb43a2106ae9c65f00f4,2022-06-02T00:00:00.000Z,2022,6,2,26.67,28.66,24.94,79.41,13.66,15.78,7.52,8.76,220.5,0
6958bb43a2106ae9c65f00f5,2022-06-03T00:00:00.000Z,2022,6,3,26.95,29,25.27,77.11,2.89,18.2,6.06,7.29,218.7,0
6958bb43a2106ae9c65f00f6,2022-06-04T00:00:00.000Z,2022,6,4,27.47,30.48,24.94,76.02,2.51,21.26,3.63,4.67,219.9,0
6958bb43a2106ae9c65f00f7,2022-06-05T00:00:00.000Z,2022,6,5,27.63,30.26,26.03,75.01,2.56,16.64,3.63,4.64,225.3,0
6958bb43a2106ae9c65f00f8,2022-06-06T00:00:00.000Z,2022,6,6,26.78,29.48,24.58,75.87,4.26,15.66,3.56,5,244.2,0
6958bb43a2106ae9c65f00f9,2022-06-07T00:00:00.000Z,2022,6,7,26.71,29.45,24.55,76.23,0.47,17.07,3.91,5.56,236.6,0
6958bb43a2106ae9c65f00fa,2022-06-08T00:00:00.000Z,2022,6,8,26.87,28.68,25.42,79.52,0.94,20.32,2.72,3.26,256.4,0
6958bb43a2106ae9c65f00fb,2022-06-09T00:00:00.000Z,2022,6,9,27.26,29.72,25.34,78.09,2.52,21.67,3.86,4.82,236.5,0
6958bb43a2106ae9c65f00fc,2022-06-10T00:00:00.000Z,2022,6,10,26.2,27.25,25.25,83.04,20.43,10.4,4.59,5.08,235.3,0
6958bb43a2106ae9c65f00fd,2022-06-11T00:00:00.000Z,2022,6,11,26.82,28.95,24.99,77.06,0.85,20.37,3.89,4.49,238,0
6958bb43a2106ae9c65f00fe,2022-06-12T00:00:00.000Z,2022,6,12,26.72,29.04,25.56,79.59,5.21,16.62,4.77,6.12,227.2,0
6958bb43a2106ae9c65f00ff,2022-06-13T00:00:00.000Z,2022,6,13,26.9,28.52,25.33,79.59,3.82,22.31,3.29,4.45,264.9,0
6958bb43a2106ae9c65f0100,2022-06-14T00:00:00.000Z,2022,6,14,27.32,29.42,25.86,78.9,6.17,19.9,3,4.08,219.1,0
6958bb43a2106ae9c65f0101,2022-06-15T00:00:00.000Z,2022,6,15,26.52,27.61,25.51,83.37,49.63,12.46,5.43,8.34,206.4,0
6958bb43a2106ae9c65f0102,2022-06-16T00:00:00.000Z,2022,6,16,27.72,30.41,25.26,75.12,0.79,21.14,2.79,4.83,181.5,0
6958bb43a2106ae9c65f0103,2022-06-17T00:00:00.000Z,2022,6,17,28.59,31.29,26.15,69.88,0.16,20.56,1.98,3.53,189.6,0
6958bb43a2106ae9c65f0104,2022-06-18T00:00:00.000Z,2022,6,18,27.29,28.68,25.84,77.68,1.87,17.3,2.86,3.69,234.7,0
6958bb43a2106ae9c65f0105,2022-06-19T00:00:00.000Z,2022,6,19,26.96,28.74,25.25,77.48,1.03,17.61,2.51,3.64,250.1,0
6958bb43a2106ae9c65f0106,2022-06-20T00:00:00.000Z,2022,6,20,27.72,30.26,25.93,75.42,2.22,21.15,2.01,3.63,271.2,0
6958bb43a2106ae9c65f0107,2022-06-21T00:00:00.000Z,2022,6,21,26.33,27.17,25.41,84.87,3.96,9.36,5.42,6.68,235.2,0
6958bb43a2106ae9c65f0108,2022-06-22T00:00:00.000Z,2022,6,22,26.3,27.83,25.08,78.76,8.41,20.02,4.27,5.54,227.9,0
6958bb43a2106ae9c65f0109,2022-06-23T00:00:00.000Z,2022,6,23,26.18,27.42,25.32,87.34,31.25,10.65,5.98,7.57,245.3,0
6958bb43a2106ae9c65f010a,2022-06-24T00:00:00.000Z,2022,6,24,26.39,28.25,25.06,80.9,3.44,14.87,5.36,6.64,230.5,0
6958bb43a2106ae9c65f010b,2022-06-25T00:00:00.000Z,2022,6,25,27.06,29.83,25.23,77.14,1.86,22.22,5.63,6.53,207.7,0
6958bb43a2106ae9c65f010c,2022-06-26T00:00:00.000Z,2022,6,26,26.17,27.7,24.91,82.42,2.79,15.55,4.7,6.25,225.8,0
6958bb43a2106ae9c65f010d,2022-06-27T00:00:00.000Z,2022,6,27,27.46,29.73,25.82,79.07,6.3,20.15,4.48,5.37,214.6,0
6958bb43a2106ae9c65f010e,2022-06-28T00:00:00.000Z,2022,6,28,27.36,29.9,25.56,77.46,3.06,19.12,5.4,6.95,213.8,0
6958bb43a2106ae9c65f010f,2022-06-29T00:00:00.000Z,2022,6,29,26.43,28.47,25.06,79.56,0.75,22.6,8.13,9.12,219.3,0
6958bb43a2106ae9c65f0110,2022-06-30T00:00:00.000Z,2022,6,30,26.62,28.88,24.97,77.78,0.08,21.15,7.94,9.76,210.4,0
6958bb43a2106ae9c65f0111,2022-07-01T00:00:00.000Z,2022,7,1,27.21,29.56,25.4,78.62,9.73,16.82,6.58,7.28,202.4,0
6958bb43a2106ae9c65f0112,2022-07-02T00:00:00.000Z,2022,7,2,27.2,29.12,26.01,81.33,5.16,11.69,7.82,9.53,202.7,0
6958bb43a2106ae9c65f0113,2022-07-03T00:00:00.000Z,2022,7,3,27.27,29.58,25.78,79.81,4.84,13.93,6.92,8.53,205.6,0
6958bb43a2106ae9c65f0114,2022-07-04T00:00:00.000Z,2022,7,4,26.39,27.37,25.73,83.71,11.07,11.49,8.17,10.46,228.5,0
6958bb43a2106ae9c65f0115,2022-07-05T00:00:00.000Z,2022,7,5,27.09,29.18,25.69,78.95,0.4,16.8,6.51,7.55,217.6,0
6958bb43a2106ae9c65f0116,2022-07-06T00:00:00.000Z,2022,7,6,27.45,29.67,25.75,76.56,0.15,22.96,5.2,6.53,213.8,0
6958bb43a2106ae9c65f0117,2022-07-07T00:00:00.000Z,2022,7,7,27.72,30.53,25.36,75.82,0.17,22.13,4.43,5.39,215.5,0
6958bb43a2106ae9c65f0118,2022-07-08T00:00:00.000Z,2022,7,8,27.65,29.44,26.36,79.3,1.19,20.31,6.75,8.95,200.6,0
6958bb43a2106ae9c65f0119,2022-07-09T00:00:00.000Z,2022,7,9,27.42,30.19,25.69,77.58,1.22,16.91,6.72,8.57,209.3,0
6958bb43a2106ae9c65f011a,2022-07-10T00:00:00.000Z,2022,7,10,27.38,29.42,26.06,77.01,0.74,12.75,7.14,8.94,219.2,0
6958bb43a2106ae9c65f011b,2022-07-11T00:00:00.000Z,2022,7,11,27.08,29.01,25.58,78.1,11.15,12.36,8.39,10.18,234.1,0
6958bb43a2106ae9c65f011c,2022-07-12T00:00:00.000Z,2022,7,12,26.42,28.03,25.33,80.58,7.71,10.56,6.49,9.31,232.4,0
6958bb43a2106ae9c65f011d,2022-07-13T00:00:00.000Z,2022,7,13,26.75,28.38,25.28,82.26,2.98,15.37,4.56,5.42,237,0
6958bb43a2106ae9c65f011e,2022-07-14T00:00:00.000Z,2022,7,14,27.21,29.07,25.98,81.46,1.17,20.24,5.44,7.01,245.1,0
6958bb43a2106ae9c65f011f,2022-07-15T00:00:00.000Z,2022,7,15,27.59,30.07,25.65,77.97,0.41,22.43,4.72,5.53,236.4,0
6958bb43a2106ae9c65f0120,2022-07-16T00:00:00.000Z,2022,7,16,27.55,29.68,25.67,77.9,0.28,20.14,3.49,4.69,200.4,0
6958bb43a2106ae9c65f0121,2022-07-17T00:00:00.000Z,2022,7,17,27.91,29.76,26.07,75.15,0.19,21.45,2.16,3.92,216.5,0
6958bb43a2106ae9c65f0122,2022-07-18T00:00:00.000Z,2022,7,18,28.1,30.97,25.98,72.38,0.01,22.73,1.79,2.44,265.5,0
6958bb43a2106ae9c65f0123,2022-07-19T00:00:00.000Z,2022,7,19,27.77,30.44,25.74,76.85,0.01,20.58,3.53,4.79,236.9,0
6958bb43a2106ae9c65f0124,2022-07-20T00:00:00.000Z,2022,7,20,27.64,30.58,25.65,77.16,0.6,22.23,5.11,6.39,211.2,0
6958bb43a2106ae9c65f0125,2022-07-21T00:00:00.000Z,2022,7,21,26.55,27.54,25.66,81.17,5.45,14.81,3.79,5.06,204.7,0
6958bb43a2106ae9c65f0126,2022-07-22T00:00:00.000Z,2022,7,22,27.52,30.31,25.25,76.86,8.23,16.5,3.56,4.59,223.7,0
6958bb43a2106ae9c65f0127,2022-07-23T00:00:00.000Z,2022,7,23,27.03,28.73,25.89,81.63,15.87,18.57,2.74,3.49,259.1,0
6958bb43a2106ae9c65f0128,2022-07-24T00:00:00.000Z,2022,7,24,26.78,28.06,25.78,82.64,13.31,12.33,4.04,5.53,261.8,0
6958bb43a2106ae9c65f0129,2022-07-25T00:00:00.000Z,2022,7,25,26.56,27.59,25.81,84.37,6.17,17.24,3.36,5.13,226.7,0
6958bb43a2106ae9c65f012a,2022-07-26T00:00:00.000Z,2022,7,26,26.53,28.38,25.31,83.97,23.72,17.88,2.59,3.81,219.4,0
6958bb43a2106ae9c65f012b,2022-07-27T00:00:00.000Z,2022,7,27,26.24,28,25.18,83.19,11.71,16.03,4.26,5.11,189.3,0
6958bb43a2106ae9c65f012c,2022-07-28T00:00:00.000Z,2022,7,28,27.1,29.72,24.85,78.95,2.43,16.44,3.21,4.94,187.4,0
6958bb43a2106ae9c65f012d,2022-07-29T00:00:00.000Z,2022,7,29,26.31,27.58,25.56,82.73,15.61,15.24,6.2,7.15,214.3,0
6958bb43a2106ae9c65f012e,2022-07-30T00:00:00.000Z,2022,7,30,26.77,29.06,25.17,80.04,7.95,16.92,6.49,7.57,201.1,0
6958bb43a2106ae9c65f012f,2022-07-31T00:00:00.000Z,2022,7,31,26.96,29.26,25.28,80.41,2.15,19.54,5.33,6.4,221.6,0
6958bb43a2106ae9c65f0130,2022-08-01T00:00:00.000Z,2022,8,1,27.15,28.99,25.69,80.13,14.01,17.64,3.93,4.94,229.7,0
6958bb43a2106ae9c65f0131,2022-08-02T00:00:00.000Z,2022,8,2,26.12,27.76,25.15,85.42,29.91,8.21,6.73,9.28,217.6,0
6958bb43a2106ae9c65f0132,2022-08-03T00:00:00.000Z,2022,8,3,25.62,27.56,24.52,81.27,9.19,14.54,7.01,8.22,199.3,0
6958bb43a2106ae9c65f0133,2022-08-04T00:00:00.000Z,2022,8,4,26.72,29.82,24.08,74.97,0.75,15.8,5.02,6.01,197.9,0
6958bb43a2106ae9c65f0134,2022-08-05T00:00:00.000Z,2022,8,5,26.93,29.62,25.18,77.76,0.9,19.04,5.48,6.43,215.2,0
6958bb43a2106ae9c65f0135,2022-08-06T00:00:00.000Z,2022,8,6,26.71,28.79,25.02,77.98,2.2,13.76,6.8,8.33,212.5,0
6958bb43a2106ae9c65f0136,2022-08-07T00:00:00.000Z,2022,8,7,27.4,30.37,25.28,76.05,0.29,21.93,5.63,6.8,206.2,0
6958bb43a2106ae9c65f0137,2022-08-08T00:00:00.000Z,2022,8,8,27.02,29.17,25.52,78.4,0.09,21.92,5.95,7.35,208.2,0
6958bb43a2106ae9c65f0138,2022-08-09T00:00:00.000Z,2022,8,9,27.48,30.34,25.35,76.63,0.52,21.37,5.1,6.62,210.5,0
6958bb43a2106ae9c65f0139,2022-08-10T00:00:00.000Z,2022,8,10,27.32,30.1,25.33,78.18,0.23,24.97,5.09,6.08,218.8,0
6958bb43a2106ae9c65f013a,2022-08-11T00:00:00.000Z,2022,8,11,27.77,30.98,25.03,75.74,0.15,24.21,4.29,5.17,207.8,0
6958bb43a2106ae9c65f013b,2022-08-12T00:00:00.000Z,2022,8,12,27.26,29.4,25.54,78.05,0.18,23.69,5.69,7.06,204.5,0
6958bb43a2106ae9c65f013c,2022-08-13T00:00:00.000Z,2022,8,13,27.75,29.98,25.76,74.46,1.25,22.51,3.9,5.87,200.9,0
6958bb43a2106ae9c65f013d,2022-08-14T00:00:00.000Z,2022,8,14,28.15,31,25.64,71.32,2.04,22.13,1.87,3.06,204.3,0
6958bb43a2106ae9c65f013e,2022-08-15T00:00:00.000Z,2022,8,15,27.94,30.54,26.03,71.9,1.07,20.6,3.7,5.96,222.6,0
6958bb43a2106ae9c65f013f,2022-08-16T00:00:00.000Z,2022,8,16,27.16,29.53,25.58,78.69,2.69,16.96,4.55,5.35,225.7,0
6958bb43a2106ae9c65f0140,2022-08-17T00:00:00.000Z,2022,8,17,27.34,30.09,25.21,76.79,1.9,21.86,3.53,4.33,252.8,0
6958bb43a2106ae9c65f0141,2022-08-18T00:00:00.000Z,2022,8,18,27.56,30.42,25.58,76.48,2.55,19.19,3.22,3.84,243.3,0
6958bb43a2106ae9c65f0142,2022-08-19T00:00:00.000Z,2022,8,19,27.84,30.31,25.92,76.2,2.78,15.49,2.87,4.35,251.1,0
6958bb43a2106ae9c65f0143,2022-08-20T00:00:00.000Z,2022,8,20,26.96,28.47,24.94,80.09,1.83,20.07,5.25,6.43,239.5,0
6958bb43a2106ae9c65f0144,2022-08-21T00:00:00.000Z,2022,8,21,26.49,29.04,24.3,78.74,1.78,17.5,6.22,7.65,219.4,0
6958bb43a2106ae9c65f0145,2022-08-22T00:00:00.000Z,2022,8,22,26.52,28.74,25.04,77.2,4,12.23,4.47,5.43,233.3,0
6958bb43a2106ae9c65f0146,2022-08-23T00:00:00.000Z,2022,8,23,26.79,29.14,25.09,75.73,2.74,22.41,5.08,5.88,229.4,0
6958bb43a2106ae9c65f0147,2022-08-24T00:00:00.000Z,2022,8,24,26.77,28.47,25.19,80.17,1.15,17.43,6.05,7.31,246.4,0
6958bb43a2106ae9c65f0148,2022-08-25T00:00:00.000Z,2022,8,25,26.53,28.03,25.49,83.72,28.24,15.74,5.9,7.02,229.6,0
6958bb43a2106ae9c65f0149,2022-08-26T00:00:00.000Z,2022,8,26,26.33,27.69,25.45,81.42,8.21,15.55,6.48,8.26,217.7,0
6958bb43a2106ae9c65f014a,2022-08-27T00:00:00.000Z,2022,8,27,26.43,28.27,25.02,80.98,7.38,13.63,4.3,5.07,230.8,0
6958bb43a2106ae9c65f014b,2022-08-28T00:00:00.000Z,2022,8,28,26.64,28.58,25.14,80.6,3.8,18.16,5.31,6.47,232.6,0
6958bb43a2106ae9c65f014c,2022-08-29T00:00:00.000Z,2022,8,29,26.73,28.82,25.32,80.05,5.87,19.67,4.24,5.25,223,0
6958bb43a2106ae9c65f014d,2022-08-30T00:00:00.000Z,2022,8,30,26.35,28.18,25.1,81.09,45.05,16.61,4.13,5.43,198.8,0
6958bb43a2106ae9c65f014e,2022-08-31T00:00:00.000Z,2022,8,31,26.81,29.17,25.04,78.27,5.16,20.46,5.17,6.09,196,0
6958bb43a2106ae9c65f014f,2022-09-01T00:00:00.000Z,2022,9,1,26.4,28.09,25.29,81.29,17.48,13.16,4.7,6.65,227.5,0
6958bb43a2106ae9c65f0150,2022-09-02T00:00:00.000Z,2022,9,2,26.63,28.65,25.31,80.61,5.87,19.39,6.45,7.65,229.4,0
6958bb43a2106ae9c65f0151,2022-09-03T00:00:00.000Z,2022,9,3,26.51,28.74,25.01,80.44,4.29,18.99,6.63,7.1,229.5,0
6958bb43a2106ae9c65f0152,2022-09-04T00:00:00.000Z,2022,9,4,26.54,28.24,25.07,80.01,0.91,19.2,6,7.38,226.8,0
6958bb43a2106ae9c65f0153,2022-09-05T00:00:00.000Z,2022,9,5,27.48,30.12,25.56,74.6,0.61,20.61,4.87,6.23,212.2,0
6958bb43a2106ae9c65f0154,2022-09-06T00:00:00.000Z,2022,9,6,27.09,29.67,25.48,78.63,5.59,18.57,5.14,7.07,225.4,0
6958bb43a2106ae9c65f0155,2022-09-07T00:00:00.000Z,2022,9,7,26.34,27.85,24.99,79.05,10.43,14.18,5.45,7.43,221.5,0
6958bb43a2106ae9c65f0156,2022-09-08T00:00:00.000Z,2022,9,8,27.12,29.58,24.55,72.36,0.08,16.57,3.08,4.53,220,0
6958bb43a2106ae9c65f0157,2022-09-09T00:00:00.000Z,2022,9,9,27.5,30.12,25.49,75.51,0.02,25.04,3.38,4.71,199.3,0
6958bb43a2106ae9c65f0158,2022-09-10T00:00:00.000Z,2022,9,10,27.25,30.13,24.93,74.67,0.03,23.5,2.7,3.45,211.9,0
6958bb43a2106ae9c65f0159,2022-09-11T00:00:00.000Z,2022,9,11,27.12,29.54,24.95,77.82,0.03,22.64,3.8,4.64,236.5,0
6958bb43a2106ae9c65f015a,2022-09-12T00:00:00.000Z,2022,9,12,26.92,29.03,25.38,79.29,0.08,22.87,3.27,4.05,263.3,0
6958bb43a2106ae9c65f015b,2022-09-13T00:00:00.000Z,2022,9,13,26.88,29.26,25.29,75.67,1.5,23.94,3.88,5.25,240.1,0
6958bb43a2106ae9c65f015c,2022-09-14T00:00:00.000Z,2022,9,14,27.08,29.91,24.6,71.05,0.65,22.04,3.24,4.11,259.5,0
6958bb43a2106ae9c65f015d,2022-09-15T00:00:00.000Z,2022,9,15,26.19,28.52,24.07,77.26,1.73,22.17,3.44,4.23,270.3,0
6958bb43a2106ae9c65f015e,2022-09-16T00:00:00.000Z,2022,9,16,26.46,29.48,23.53,75.27,0.62,23.94,4.57,5.78,253.6,0
6958bb43a2106ae9c65f015f,2022-09-17T00:00:00.000Z,2022,9,17,27.09,29.62,25.12,79.23,1.09,22.87,5.77,6.78,235.3,0
6958bb43a2106ae9c65f0160,2022-09-18T00:00:00.000Z,2022,9,18,26.97,29.29,25.01,76.06,0.84,22.06,6.55,8.25,208.8,0
6958bb43a2106ae9c65f0161,2022-09-19T00:00:00.000Z,2022,9,19,26.99,29.68,24.59,74.01,0.22,23.65,4.41,5.38,229.5,0
6958bb43a2106ae9c65f0162,2022-09-20T00:00:00.000Z,2022,9,20,26.69,28.6,25.1,71.92,0.19,19.04,4.43,5.38,235.8,0
6958bb43a2106ae9c65f0163,2022-09-21T00:00:00.000Z,2022,9,21,26.99,29.65,25.09,77.24,2.57,19.85,4.42,5.23,235.7,0
6958bb43a2106ae9c65f0164,2022-09-22T00:00:00.000Z,2022,9,22,25.88,28.27,24.39,75.73,1.06,21.85,5.83,7.42,225.5,0
6958bb43a2106ae9c65f0165,2022-09-23T00:00:00.000Z,2022,9,23,26.09,28.19,23.99,79.98,9.1,16.2,5.14,6.73,255.4,0
6958bb43a2106ae9c65f0166,2022-09-24T00:00:00.000Z,2022,9,24,25.89,27.79,24.69,79.75,6.95,19.48,5.96,7.17,245.6,0
6958bb43a2106ae9c65f0167,2022-09-25T00:00:00.000Z,2022,9,25,26.33,28.09,24.96,78.89,4.1,21.46,6.07,7.32,210,0
6958bb43a2106ae9c65f0168,2022-09-26T00:00:00.000Z,2022,9,26,26.64,28.97,25.01,78.97,2.28,20.56,5.7,6.45,208.5,0
6958bb43a2106ae9c65f0169,2022-09-27T00:00:00.000Z,2022,9,27,26.38,28.08,25.16,81.08,18.37,12.72,6.93,8.35,221.4,0
6958bb43a2106ae9c65f016a,2022-09-28T00:00:00.000Z,2022,9,28,26.65,28.38,25.48,80.75,10.76,13.02,7.21,8.43,217.5,0
6958bb43a2106ae9c65f016b,2022-09-29T00:00:00.000Z,2022,9,29,26.33,28.05,25.35,85.68,25.23,13.66,7.49,10.66,232.5,0
6958bb43a2106ae9c65f016c,2022-09-30T00:00:00.000Z,2022,9,30,26.2,27.9,25.27,85.21,14.7,12.9,7.16,9.87,252.7,0
6958bb43a2106ae9c65f016d,2022-10-01T00:00:00.000Z,2022,10,1,26.23,28.07,25.06,81.99,7.12,16.07,4.35,6.81,260.7,0
6958bb43a2106ae9c65f016e,2022-10-02T00:00:00.000Z,2022,10,2,26.59,28.37,24.99,81.67,3.53,21.04,4.91,6.41,248.8,0
6958bb43a2106ae9c65f016f,2022-10-03T00:00:00.000Z,2022,10,3,26.47,28.09,25.35,82.71,4.64,18.83,5.06,6.01,238.7,0
6958bb43a2106ae9c65f0170,2022-10-04T00:00:00.000Z,2022,10,4,25.84,27.36,24.68,82.63,28.4,15.49,4.4,5.25,217.2,0
6958bb43a2106ae9c65f0171,2022-10-05T00:00:00.000Z,2022,10,5,26.17,28.22,24.46,79.88,31.89,17.16,3.73,5.11,190.4,0
6958bb43a2106ae9c65f0172,2022-10-06T00:00:00.000Z,2022,10,6,26.4,28.3,24.89,80.15,9.84,17.26,3.7,4.34,211.4,0
6958bb43a2106ae9c65f0173,2022-10-07T00:00:00.000Z,2022,10,7,26.69,29.23,24.97,77.22,38.32,11.8,3.53,4.49,199,0
6958bb43a2106ae9c65f0174,2022-10-08T00:00:00.000Z,2022,10,8,26.83,29.23,24.95,76.11,1.89,18.09,3.19,3.79,186.3,0
6958bb43a2106ae9c65f0175,2022-10-09T00:00:00.000Z,2022,10,9,26.72,28.32,24.77,75.93,1.05,15.56,2.22,3.4,139.5,0
6958bb43a2106ae9c65f0176,2022-10-10T00:00:00.000Z,2022,10,10,26.96,28.73,25.57,76.54,0.11,20.96,1.86,2.83,251.6,0
6958bb43a2106ae9c65f0177,2022-10-11T00:00:00.000Z,2022,10,11,27.12,29.47,25.28,77.17,0.17,22.33,3.59,4.21,230.6,0
6958bb43a2106ae9c65f0178,2022-10-12T00:00:00.000Z,2022,10,12,27.22,29.62,25.57,73.63,0.08,13.44,2.39,3.7,215.9,0
6958bb43a2106ae9c65f0179,2022-10-13T00:00:00.000Z,2022,10,13,26.68,28.76,25.27,77.53,0.12,17.49,3.72,4.74,239.7,0
6958bb43a2106ae9c65f017a,2022-10-14T00:00:00.000Z,2022,10,14,26.51,28.68,24.94,78.16,3.39,19.03,5.08,6.25,235.9,0
6958bb43a2106ae9c65f017b,2022-10-15T00:00:00.000Z,2022,10,15,26.17,27.87,25.05,82.52,26.71,13.71,7.95,9.05,243.5,0
6958bb43a2106ae9c65f017c,2022-10-16T00:00:00.000Z,2022,10,16,25.96,27.26,24.98,84.25,19.63,8.97,6.4,7.37,224.4,0
6958bb43a2106ae9c65f017d,2022-10-17T00:00:00.000Z,2022,10,17,26.47,28.26,24.88,82.18,11.29,14.29,6.29,7.13,235.2,0
6958bb43a2106ae9c65f017e,2022-10-18T00:00:00.000Z,2022,10,18,26.13,27.46,25.25,85.87,31.58,8.97,6.12,7.29,231,0
6958bb43a2106ae9c65f017f,2022-10-19T00:00:00.000Z,2022,10,19,25.93,27.39,24.61,82.67,13.51,10.31,7.17,9.09,222.9,0
6958bb43a2106ae9c65f0180,2022-10-20T00:00:00.000Z,2022,10,20,26.55,28.39,25.36,84.39,22.01,15.38,6.5,7.89,225.8,0
6958bb43a2106ae9c65f0181,2022-10-21T00:00:00.000Z,2022,10,21,26.12,27.61,25.22,84.18,11.52,12.48,6.62,8.02,216.7,0
6958bb43a2106ae9c65f0182,2022-10-22T00:00:00.000Z,2022,10,22,26.29,27.88,25.14,83.91,2.96,12.02,4.73,6.1,206.1,0
6958bb43a2106ae9c65f0183,2022-10-23T00:00:00.000Z,2022,10,23,26.32,28.38,24.64,80.55,10.52,14.71,3.94,4.58,209.7,0
6958bb43a2106ae9c65f0184,2022-10-24T00:00:00.000Z,2022,10,24,26.4,28.93,24.36,78.97,0.75,20.54,4.21,4.67,230.7,0
6958bb43a2106ae9c65f0185,2022-10-25T00:00:00.000Z,2022,10,25,26.77,28.87,24.96,80.15,1.01,21.41,3.62,4.06,250.6,0
6958bb43a2106ae9c65f0186,2022-10-26T00:00:00.000Z,2022,10,26,26.33,27.34,25.44,83.75,5.08,9.82,3.65,4.31,256.2,0
6958bb43a2106ae9c65f0187,2022-10-27T00:00:00.000Z,2022,10,27,26.14,27.25,25.06,82.33,3.52,12.59,3.64,4.44,237.1,0
6958bb43a2106ae9c65f0188,2022-10-28T00:00:00.000Z,2022,10,28,26.35,28.4,24.7,82.18,4.31,17.86,3.09,4.74,229.9,0
6958bb43a2106ae9c65f0189,2022-10-29T00:00:00.000Z,2022,10,29,26.49,28.11,25.1,83.18,15.05,15.58,1.53,2.42,260.3,0
6958bb43a2106ae9c65f018a,2022-10-30T00:00:00.000Z,2022,10,30,26.34,27.99,25.36,79.25,21.76,15.06,2.34,3.64,207.1,0
6958bb43a2106ae9c65f018b,2022-10-31T00:00:00.000Z,2022,10,31,26.22,27.45,25.08,81.84,32.91,17.26,3.9,6.24,217,0
6958bb43a2106ae9c65f018c,2022-11-01T00:00:00.000Z,2022,11,1,26.53,28.75,24.71,79.77,2,17.01,2.98,3.93,242.6,0
6958bb43a2106ae9c65f018d,2022-11-02T00:00:00.000Z,2022,11,2,26.24,27.81,25.39,83.89,4.15,14.19,2.06,3.63,286.2,0
6958bb43a2106ae9c65f018e,2022-11-03T00:00:00.000Z,2022,11,3,25.79,27.12,24.71,84.97,22.7,14.33,2.43,4.67,295.7,0
6958bb43a2106ae9c65f018f,2022-11-04T00:00:00.000Z,2022,11,4,25.24,26.34,24.26,81.65,27.68,14.6,1.06,2.15,278.7,0
6958bb43a2106ae9c65f0190,2022-11-05T00:00:00.000Z,2022,11,5,25.77,27.23,24.79,81.05,5.93,16.28,1.45,2.95,287.8,0
6958bb43a2106ae9c65f0191,2022-11-06T00:00:00.000Z,2022,11,6,25.42,25.9,25.04,88.79,7.34,19.55,1.56,2.86,320.3,0
6958bb43a2106ae9c65f0192,2022-11-07T00:00:00.000Z,2022,11,7,25.78,27.27,24.84,85.2,27.4,16.84,3.39,6.99,212.9,0
6958bb43a2106ae9c65f0193,2022-11-08T00:00:00.000Z,2022,11,8,26.1,28.01,24.61,82.5,27.98,12.7,2.43,3.74,225.9,0
6958bb43a2106ae9c65f0194,2022-11-09T00:00:00.000Z,2022,11,9,26.28,27.89,25.23,81.66,0.78,18.23,1.9,3.01,51.1,0
6958bb43a2106ae9c65f0195,2022-11-10T00:00:00.000Z,2022,11,10,25.69,26.88,25.02,85.8,15.6,8.98,2.31,3.29,20.1,0
6958bb43a2106ae9c65f0196,2022-11-11T00:00:00.000Z,2022,11,11,25.6,26.99,24.64,84.56,9.52,10.17,3.56,4.7,30.5,0
6958bb43a2106ae9c65f0197,2022-11-12T00:00:00.000Z,2022,11,12,25.41,26.56,24.69,87.36,18.67,8.21,3.8,4.45,357.1,0
6958bb43a2106ae9c65f0198,2022-11-13T00:00:00.000Z,2022,11,13,24.6,25.23,24.12,89.16,6.1,10.27,4.07,5.05,1.7,0
6958bb43a2106ae9c65f0199,2022-11-14T00:00:00.000Z,2022,11,14,24.81,26.05,23.86,87.83,21.27,11.58,4.11,5.07,264.2,0
6958bb43a2106ae9c65f019a,2022-11-15T00:00:00.000Z,2022,11,15,25.4,26.64,24.23,85.92,6.98,14.4,4.14,5.46,230.9,0
6958bb43a2106ae9c65f019b,2022-11-16T00:00:00.000Z,2022,11,16,26.17,27.8,24.97,81.89,5.48,9.87,4.18,4.73,196.6,0
6958bb43a2106ae9c65f019c,2022-11-17T00:00:00.000Z,2022,11,17,26.1,27.75,24.7,79.88,10.38,18.17,4.56,6.01,190.8,0
6958bb43a2106ae9c65f019d,2022-11-18T00:00:00.000Z,2022,11,18,26.29,28.18,24.72,77.6,4.05,15.45,3.35,4.29,180.6,0
6958bb43a2106ae9c65f019e,2022-11-19T00:00:00.000Z,2022,11,19,25.81,27.37,24.62,80.81,2.12,16.49,3.61,4.56,212.7,0
6958bb43a2106ae9c65f019f,2022-11-20T00:00:00.000Z,2022,11,20,26.07,28.62,23.69,78.59,0.3,15.38,3.7,5,227.9,0
6958bb43a2106ae9c65f01a0,2022-11-21T00:00:00.000Z,2022,11,21,26.43,28.51,24.66,82.51,1.75,18.52,3.76,5.18,245.9,0
6958bb43a2106ae9c65f01a1,2022-11-22T00:00:00.000Z,2022,11,22,26.69,28.3,25.37,83.29,2.75,17.8,4.36,5.34,251.4,0
6958bb43a2106ae9c65f01a2,2022-11-23T00:00:00.000Z,2022,11,23,26.6,28.59,24.88,81.61,8.69,18.38,4.94,6.26,254.4,0
6958bb43a2106ae9c65f01a3,2022-11-24T00:00:00.000Z,2022,11,24,26.06,27.96,24.65,81.35,4.29,18,5.57,7.85,239.9,0
6958bb43a2106ae9c65f01a4,2022-11-25T00:00:00.000Z,2022,11,25,26.11,28.13,24.56,72.18,2.01,18.45,5.34,7.6,217.7,0
6958bb43a2106ae9c65f01a5,2022-11-26T00:00:00.000Z,2022,11,26,26.05,28.37,24.07,74.07,1.24,20.91,3.57,5,202.7,0
6958bb43a2106ae9c65f01a6,2022-11-27T00:00:00.000Z,2022,11,27,27.17,29.93,24.63,75.48,0.24,20.89,1.81,3.65,195.8,0
6958bb43a2106ae9c65f01a7,2022-11-28T00:00:00.000Z,2022,11,28,26.63,28.18,25.61,80.32,0.17,19.55,1.78,3.16,46.4,0
6958bb43a2106ae9c65f01a8,2022-11-29T00:00:00.000Z,2022,11,29,26.86,28.47,25.5,81.92,1.55,14.33,2.76,3.69,59.4,0
6958bb43a2106ae9c65f01a9,2022-11-30T00:00:00.000Z,2022,11,30,26.57,27.9,25.62,84.17,5.23,11.84,1.57,2.52,54.9,0
6958bb43a2106ae9c65f01aa,2022-12-01T00:00:00.000Z,2022,12,1,25.87,26.52,25.14,81.53,9.37,12.89,0.8,1.25,345.4,0
6958bb43a2106ae9c65f01ab,2022-12-02T00:00:00.000Z,2022,12,2,25.59,26.46,24.77,79.74,5.77,11.79,1.64,3.04,68.8,0
6958bb43a2106ae9c65f01ac,2022-12-03T00:00:00.000Z,2022,12,3,25.83,27.34,24.35,81.44,2.18,11.52,2.18,3.11,53.7,0
6958bb43a2106ae9c65f01ad,2022-12-04T00:00:00.000Z,2022,12,4,25.7,27.73,24.22,84.77,3.4,10.53,1.56,2.58,26.6,0
6958bb43a2106ae9c65f01ae,2022-12-05T00:00:00.000Z,2022,12,5,26.12,27.99,24.72,85.95,11.74,15.28,4.52,7.68,192.6,0
6958bb43a2106ae9c65f01af,2022-12-06T00:00:00.000Z,2022,12,6,26.24,28.3,24.36,79.34,4.49,13.82,3.48,4.48,158.6,0
6958bb43a2106ae9c65f01b0,2022-12-07T00:00:00.000Z,2022,12,7,26.61,29.57,24.19,79.05,16.18,17.73,2.03,3.27,185.6,0
6958bb43a2106ae9c65f01b1,2022-12-08T00:00:00.000Z,2022,12,8,25.08,25.81,24.21,86.9,9.78,13.14,1.62,2.25,327.3,0
6958bb43a2106ae9c65f01b2,2022-12-09T00:00:00.000Z,2022,12,9,24.73,26.14,23.73,85.11,1.76,11.99,2.31,3.65,33,0
6958bb43a2106ae9c65f01b3,2022-12-10T00:00:00.000Z,2022,12,10,24.92,26.35,23.76,87.9,19.76,10.03,2.87,3.92,0.2,0
6958bb43a2106ae9c65f01b4,2022-12-11T00:00:00.000Z,2022,12,11,24.84,25.95,24,87.66,23.44,10.37,3.99,6.19,40.2,0
6958bb43a2106ae9c65f01b5,2022-12-12T00:00:00.000Z,2022,12,12,24.72,25.8,23.76,87.72,20.56,9.07,2.93,4.38,27.1,0
6958bb43a2106ae9c65f01b6,2022-12-13T00:00:00.000Z,2022,12,13,25.18,26.09,23.82,90.7,75.93,6.26,4.36,6.47,55.2,0
6958bb43a2106ae9c65f01b7,2022-12-14T00:00:00.000Z,2022,12,14,25.38,26.18,24.61,89.82,29.26,10.24,5.31,7.9,82.5,0
6958bb43a2106ae9c65f01b8,2022-12-15T00:00:00.000Z,2022,12,15,25.17,25.85,24.22,89.07,18.32,15.87,3.43,4.6,97.4,0
6958bb43a2106ae9c65f01b9,2022-12-16T00:00:00.000Z,2022,12,16,26.35,27.66,25.14,88.43,2.35,14.77,3.97,6.3,84,0
6958bb43a2106ae9c65f01ba,2022-12-17T00:00:00.000Z,2022,12,17,26.42,27.67,25.49,86.77,18.99,16.87,6.24,6.72,83.9,0
6958bb43a2106ae9c65f01bb,2022-12-18T00:00:00.000Z,2022,12,18,25.77,26.59,25.1,87.79,52.22,2.72,6.93,8.19,76.2,0
6958bb43a2106ae9c65f01bc,2022-12-19T00:00:00.000Z,2022,12,19,25.88,27.06,25.06,89.03,39.29,15.14,6.9,8.49,82.7,0
6958bb43a2106ae9c65f01bd,2022-12-20T00:00:00.000Z,2022,12,20,26.05,27.49,25.01,86.3,14.17,8.06,3.79,5.43,73.7,0
6958bb43a2106ae9c65f01be,2022-12-21T00:00:00.000Z,2022,12,21,25.56,26.36,24.25,86.08,11.62,15.82,3.49,5.06,92.9,0
6958bb43a2106ae9c65f01bf,2022-12-22T00:00:00.000Z,2022,12,22,26.55,28.79,25.28,79.52,5.17,15.25,2.47,3.41,112.8,0
6958bb43a2106ae9c65f01c0,2022-12-23T00:00:00.000Z,2022,12,23,26.15,27.72,24.61,84.44,0.38,20.73,3.87,4.97,75.9,0
6958bb43a2106ae9c65f01c1,2022-12-24T00:00:00.000Z,2022,12,24,26.18,28.02,24.72,82.61,0.06,19.06,4.97,5.66,85.7,0
6958bb43a2106ae9c65f01c2,2022-12-25T00:00:00.000Z,2022,12,25,26.29,28.44,24.53,80.93,0.99,17.77,4.04,5.88,78.1,0
6958bb43a2106ae9c65f01c3,2022-12-26T00:00:00.000Z,2022,12,26,25.8,26.81,24.81,86.18,2.46,15.57,4.59,5.88,74.1,0
6958bb43a2106ae9c65f01c4,2022-12-27T00:00:00.000Z,2022,12,27,26.32,28.04,25.09,82.67,1.98,15.88,5.05,6.44,65.3,0
6958bb43a2106ae9c65f01c5,2022-12-28T00:00:00.000Z,2022,12,28,26.43,28.53,24.63,79.32,0.23,18.03,3.14,4.47,62.7,0
6958bb43a2106ae9c65f01c6,2022-12-29T00:00:00.000Z,2022,12,29,25.79,27.16,24.67,81.62,10.61,14.05,4.08,5.25,28,0
6958bb43a2106ae9c65f01c7,2022-12-30T00:00:00.000Z,2022,12,30,25.88,27.9,24.2,77.14,1.86,15.66,3.33,4,22.3,0
6958bb43a2106ae9c65f01c8,2022-12-31T00:00:00.000Z,2022,12,31,25.77,27.68,24.13,75.08,0.05,17.99,3.32,4.05,40.9,0
6958bb43a2106ae9c65f01c9,2023-01-01T00:00:00.000Z,2023,1,1,26.09,27.93,24.24,79.51,0.18,18.05,5.01,6.28,60.9,0
6958bb43a2106ae9c65f01ca,2023-01-02T00:00:00.000Z,2023,1,2,26.17,28.17,24.57,81.03,0.31,19.01,4.62,6.08,75.4,0
6958bb43a2106ae9c65f01cb,2023-01-03T00:00:00.000Z,2023,1,3,26.14,28.27,24.09,82.99,0.2,16.48,5,5.72,83.9,0
6958bb43a2106ae9c65f01cc,2023-01-04T00:00:00.000Z,2023,1,4,25.91,27.48,24.6,83.62,0.28,19.7,5.46,6.37,81.1,0
6958bb43a2106ae9c65f01cd,2023-01-05T00:00:00.000Z,2023,1,5,26.22,28,25.02,84.31,0.11,18.56,6.78,7.8,80,0
6958bb43a2106ae9c65f01ce,2023-01-06T00:00:00.000Z,2023,1,6,26.37,28.36,24.58,83.17,3.65,16.78,4.78,6.08,72.8,0
6958bb43a2106ae9c65f01cf,2023-01-07T00:00:00.000Z,2023,1,7,25.92,27.5,24.74,81.92,6.97,13.3,3.45,4.36,40.1,0
6958bb43a2106ae9c65f01d0,2023-01-08T00:00:00.000Z,2023,1,8,25.77,27.06,24.72,80.22,1.99,16.98,2.23,2.81,19.7,0
6958bb43a2106ae9c65f01d1,2023-01-09T00:00:00.000Z,2023,1,9,26.25,28.38,24.4,78.69,0.15,21.36,2.35,2.66,13.9,0
6958bb43a2106ae9c65f01d2,2023-01-10T00:00:00.000Z,2023,1,10,26.74,29.26,24.81,75.13,0.07,20.59,1.67,2.41,279.1,0
6958bb43a2106ae9c65f01d3,2023-01-11T00:00:00.000Z,2023,1,11,27.03,29.97,24.92,71.63,0.03,19.95,1.7,2.39,215.9,0
6958bb43a2106ae9c65f01d4,2023-01-12T00:00:00.000Z,2023,1,12,27.2,30.29,24.26,69.91,0.11,20.08,1.66,2.87,197,0
6958bb43a2106ae9c65f01d5,2023-01-13T00:00:00.000Z,2023,1,13,26.73,29.05,25.48,76.69,6.58,17.01,2.23,4.01,339,0
6958bb43a2106ae9c65f01d6,2023-01-14T00:00:00.000Z,2023,1,14,26.47,28.19,25.38,82.21,3.79,15.88,2.97,3.9,20.6,0
6958bb43a2106ae9c65f01d7,2023-01-15T00:00:00.000Z,2023,1,15,26,26.85,25.08,83.5,3.55,18.96,2.31,2.88,315.3,0
6958bb43a2106ae9c65f01d8,2023-01-16T00:00:00.000Z,2023,1,16,26.29,28.37,24.8,79.13,2.44,17.2,4.31,6.4,4.2,0
6958bb43a2106ae9c65f01d9,2023-01-17T00:00:00.000Z,2023,1,17,25.26,27.45,23.55,78.2,0.04,17.55,4.9,5.85,48.1,0
6958bb43a2106ae9c65f01da,2023-01-18T00:00:00.000Z,2023,1,18,26.11,28.52,23.65,75.5,0.12,17.59,4.8,5.96,59.6,0
6958bb43a2106ae9c65f01db,2023-01-19T00:00:00.000Z,2023,1,19,26.63,28.5,24.81,79.84,2.7,16.79,6.18,7.92,62.6,0
6958bb43a2106ae9c65f01dc,2023-01-20T00:00:00.000Z,2023,1,20,26.28,27.92,25.05,83.32,27.09,16.84,4.52,6.22,75.1,0
6958bb43a2106ae9c65f01dd,2023-01-21T00:00:00.000Z,2023,1,21,26.14,27.32,25.36,87.97,86.52,2.67,7.01,9.41,64.9,0
6958bb43a2106ae9c65f01de,2023-01-22T00:00:00.000Z,2023,1,22,25.87,27.3,24.77,86.78,45.91,13.56,3.97,5.19,88.7,0
6958bb43a2106ae9c65f01df,2023-01-23T00:00:00.000Z,2023,1,23,25.83,26.94,25.06,87.25,50.33,8.5,4.86,7.07,72.3,0
6958bb43a2106ae9c65f01e0,2023-01-24T00:00:00.000Z,2023,1,24,25.43,26.85,24.47,86.67,13.6,9.87,5.07,6.61,83.4,0
6958bb43a2106ae9c65f01e1,2023-01-25T00:00:00.000Z,2023,1,25,26.3,28.54,24.29,80.58,26.63,20.96,3.72,4.62,90.8,0
6958bb43a2106ae9c65f01e2,2023-01-26T00:00:00.000Z,2023,1,26,26.32,28.19,25.07,82.22,53.53,14.19,3.13,5.13,103.7,0
6958bb43a2106ae9c65f01e3,2023-01-27T00:00:00.000Z,2023,1,27,25.46,27.26,24.31,83.02,34.99,16.4,2.91,3.55,127,0
6958bb43a2106ae9c65f01e4,2023-01-28T00:00:00.000Z,2023,1,28,25.55,27.11,24.12,85.41,19.31,18.26,5.13,6.62,99.3,0
6958bb43a2106ae9c65f01e5,2023-01-29T00:00:00.000Z,2023,1,29,26.07,27.6,24.88,84.67,17.64,12.79,4.12,5.44,111.3,0
6958bb43a2106ae9c65f01e6,2023-01-30T00:00:00.000Z,2023,1,30,25.94,26.89,24.87,87.36,13.93,15.19,3.62,4.49,90.5,0
6958bb43a2106ae9c65f01e7,2023-01-31T00:00:00.000Z,2023,1,31,25.84,27.48,24.06,84.34,33.55,10.56,3.22,4.87,125.1,0
6958bb43a2106ae9c65f01e8,2023-02-01T00:00:00.000Z,2023,2,1,26.62,29.8,24.15,64.85,2.22,21.16,1.45,2.47,118.5,0
6958bb43a2106ae9c65f01e9,2023-02-02T00:00:00.000Z,2023,2,2,26.68,28.91,25.16,80.91,0.26,22.66,2.99,4.21,91.7,0
6958bb43a2106ae9c65f01ea,2023-02-03T00:00:00.000Z,2023,2,3,25.55,26.87,24.68,86.66,5.4,18.91,3.64,5.1,55.5,0
6958bb43a2106ae9c65f01eb,2023-02-04T00:00:00.000Z,2023,2,4,25.84,27.11,24.49,84.53,31.09,16.28,2.68,6.85,140.8,0
6958bb43a2106ae9c65f01ec,2023-02-05T00:00:00.000Z,2023,2,5,26.35,27.73,25.5,85.17,13.74,17.78,2.06,3.32,61.8,0
6958bb43a2106ae9c65f01ed,2023-02-06T00:00:00.000Z,2023,2,6,25.98,27.14,25.16,86.36,3.03,12.41,3.57,5.26,48.7,0
6958bb43a2106ae9c65f01ee,2023-02-07T00:00:00.000Z,2023,2,7,26.51,28.78,24.91,80.56,3.7,19.61,2.62,3.68,96.7,0
6958bb43a2106ae9c65f01ef,2023-02-08T00:00:00.000Z,2023,2,8,26.23,27.43,25.06,85.74,4.02,13.54,3.73,5.02,51.4,0
6958bb43a2106ae9c65f01f0,2023-02-09T00:00:00.000Z,2023,2,9,26.41,27.65,25.3,85.48,2.28,18.45,2.74,4.04,44.5,0
6958bb43a2106ae9c65f01f1,2023-02-10T00:00:00.000Z,2023,2,10,25.17,26.44,23.51,86.31,124.71,13.17,3.46,4.3,179.8,0
6958bb43a2106ae9c65f01f2,2023-02-11T00:00:00.000Z,2023,2,11,26.2,28.16,23.74,76.55,2.28,20.18,1.96,3.2,159.5,0
6958bb43a2106ae9c65f01f3,2023-02-12T00:00:00.000Z,2023,2,12,26.5,29.17,24.12,79.14,4.47,21.08,3.14,4.8,69.5,0
6958bb43a2106ae9c65f01f4,2023-02-13T00:00:00.000Z,2023,2,13,26.67,28.17,25.35,81.58,3.78,15.68,2.11,2.68,40.9,0
6958bb43a2106ae9c65f01f5,2023-02-14T00:00:00.000Z,2023,2,14,26.62,27.93,25.22,84.5,4.91,19.56,3.69,4.59,27.4,0
6958bb43a2106ae9c65f01f6,2023-02-15T00:00:00.000Z,2023,2,15,26.58,27.92,25.57,82.34,4.22,16.77,4.87,5.85,64.8,0
6958bb43a2106ae9c65f01f7,2023-02-16T00:00:00.000Z,2023,2,16,26.72,28.25,25.54,81.7,10.38,16.21,5.35,6.77,81.6,0
6958bb43a2106ae9c65f01f8,2023-02-17T00:00:00.000Z,2023,2,17,26.55,28.26,25.19,81.86,15.46,18.39,3.67,5.15,81.6,0
6958bb43a2106ae9c65f01f9,2023-02-18T00:00:00.000Z,2023,2,18,26.22,27.93,24.61,84.24,1.42,19.97,4.18,5.53,63.5,0
6958bb43a2106ae9c65f01fa,2023-02-19T00:00:00.000Z,2023,2,19,26.5,28.21,25.05,83.75,1.55,21.27,4.12,5.25,56.3,0
6958bb43a2106ae9c65f01fb,2023-02-20T00:00:00.000Z,2023,2,20,26.56,28.63,24.77,83.59,0.74,23.49,4.3,5.24,51.8,0
6958bb43a2106ae9c65f01fc,2023-02-21T00:00:00.000Z,2023,2,21,26.41,27.89,25.08,83.43,5.41,20.82,3.89,4.83,40,0
6958bb43a2106ae9c65f01fd,2023-02-22T00:00:00.000Z,2023,2,22,26.6,27.67,25.34,83.63,4.02,20.14,3.53,4.86,72.1,0
6958bb43a2106ae9c65f01fe,2023-02-23T00:00:00.000Z,2023,2,23,26.92,28.78,25.59,80.34,0.38,21.04,2.5,3.71,55.9,0
6958bb43a2106ae9c65f01ff,2023-02-24T00:00:00.000Z,2023,2,24,26.31,27.63,25.1,81.94,0.12,22.19,4.53,5.89,45,0
6958bb43a2106ae9c65f0200,2023-02-25T00:00:00.000Z,2023,2,25,26.68,29.1,24.41,79.83,0.09,23.76,5.29,6.57,52.9,0
6958bb43a2106ae9c65f0201,2023-02-26T00:00:00.000Z,2023,2,26,26.79,28.98,25.29,79.64,6.99,12.08,6.72,8.44,78,0
6958bb43a2106ae9c65f0202,2023-02-27T00:00:00.000Z,2023,2,27,26.95,29.2,24.8,77.34,1.16,21.41,5.82,7.8,86.2,0
6958bb43a2106ae9c65f0203,2023-02-28T00:00:00.000Z,2023,2,28,26.94,28.74,25.78,81.35,7.56,17.21,5.05,6.21,76.2,0
6958bb43a2106ae9c65f0204,2023-03-01T00:00:00.000Z,2023,3,1,26.31,27.62,25.32,84.36,14.84,9.13,6.23,8.56,80.7,0
6958bb43a2106ae9c65f0205,2023-03-02T00:00:00.000Z,2023,3,2,26.98,29.14,25.16,79.59,1.2,23.43,3.57,5.21,81.3,0
6958bb43a2106ae9c65f0206,2023-03-03T00:00:00.000Z,2023,3,3,26.39,28.94,24.37,75.81,2.87,14.23,3.25,4.7,116.2,0
6958bb43a2106ae9c65f0207,2023-03-04T00:00:00.000Z,2023,3,4,26.5,28.08,24.84,80.02,0.28,20.57,5.38,7.97,77.2,0
6958bb43a2106ae9c65f0208,2023-03-05T00:00:00.000Z,2023,3,5,26.35,28.38,24.53,80.39,0.13,21.84,6.12,7.92,77.2,0
6958bb43a2106ae9c65f0209,2023-03-06T00:00:00.000Z,2023,3,6,26.4,28.86,24.26,77.6,0.02,24.51,5.65,7.02,72,0
6958bb43a2106ae9c65f020a,2023-03-07T00:00:00.000Z,2023,3,7,26.73,29.05,24.56,74.72,0.88,24.58,5.09,6.17,65.4,0
6958bb43a2106ae9c65f020b,2023-03-08T00:00:00.000Z,2023,3,8,27.12,29.64,25.21,78.66,0.43,23.11,6.19,7.59,67.9,0
6958bb43a2106ae9c65f020c,2023-03-09T00:00:00.000Z,2023,3,9,26.73,28.78,24.97,81.55,2.93,18.14,4.75,5.76,62.7,0
6958bb43a2106ae9c65f020d,2023-03-10T00:00:00.000Z,2023,3,10,26.33,27.06,25.61,87.46,54.58,18.65,5.22,7.14,89.7,0
6958bb43a2106ae9c65f020e,2023-03-11T00:00:00.000Z,2023,3,11,26.78,28.45,25.22,77.12,3.86,19.95,2.18,3.88,106,0
6958bb43a2106ae9c65f020f,2023-03-12T00:00:00.000Z,2023,3,12,27.32,29.3,25.51,79.47,15.6,18.94,3.6,5.22,50.1,0
6958bb43a2106ae9c65f0210,2023-03-13T00:00:00.000Z,2023,3,13,27.12,28.64,26.05,81.5,12.94,14.54,5.65,7.18,59.3,0
6958bb43a2106ae9c65f0211,2023-03-14T00:00:00.000Z,2023,3,14,27.2,29.21,25.6,76.64,0.18,22.73,4.7,6.49,87,0
6958bb43a2106ae9c65f0212,2023-03-15T00:00:00.000Z,2023,3,15,27.49,29.48,25.82,75.1,0.98,19.75,3.08,4.01,56.8,0
6958bb43a2106ae9c65f0213,2023-03-16T00:00:00.000Z,2023,3,16,27.1,29.01,25.66,78.88,0.36,23.34,5.37,7.09,64,0
6958bb43a2106ae9c65f0214,2023-03-17T00:00:00.000Z,2023,3,17,27.11,29.26,25.34,81.79,0.17,22.53,4.92,5.99,67.2,0
6958bb43a2106ae9c65f0215,2023-03-18T00:00:00.000Z,2023,3,18,27.18,28.54,26.07,83.93,2.2,19.86,4.54,5.8,63.4,0
6958bb43a2106ae9c65f0216,2023-03-19T00:00:00.000Z,2023,3,19,27.64,30.03,25.6,79.38,0.85,21.57,2.32,4.88,99.5,0
6958bb43a2106ae9c65f0217,2023-03-20T00:00:00.000Z,2023,3,20,26.69,27.51,26.16,86.4,13.87,16.85,2.29,3.72,9.3,0
6958bb43a2106ae9c65f0218,2023-03-21T00:00:00.000Z,2023,3,21,27.85,30.06,26.19,80.55,0.7,17.76,2.68,3.2,83.6,0
6958bb43a2106ae9c65f0219,2023-03-22T00:00:00.000Z,2023,3,22,28.14,30.76,26.46,75.73,0.53,21.81,1.98,2.94,33,0
6958bb43a2106ae9c65f021a,2023-03-23T00:00:00.000Z,2023,3,23,26.74,27.58,26.04,81.71,2.32,20.41,2.01,3.7,347.4,0
6958bb43a2106ae9c65f021b,2023-03-24T00:00:00.000Z,2023,3,24,26.38,27.62,25.6,84.59,2.73,17.22,3.31,4.8,315.1,0
6958bb43a2106ae9c65f021c,2023-03-25T00:00:00.000Z,2023,3,25,26.42,28.03,25.12,80.39,1.24,21.92,2.56,3.6,338.3,0
6958bb43a2106ae9c65f021d,2023-03-26T00:00:00.000Z,2023,3,26,27.06,29.01,25.63,79.68,2.07,20.37,1.98,3.31,341.5,0
6958bb43a2106ae9c65f021e,2023-03-27T00:00:00.000Z,2023,3,27,27.56,28.84,26.49,80,16.44,20.59,1.85,3.22,12.9,0
6958bb43a2106ae9c65f021f,2023-03-28T00:00:00.000Z,2023,3,28,27.91,29.56,26.54,81.11,11.29,16.19,2.09,3.73,43.2,0
6958bb43a2106ae9c65f0220,2023-03-29T00:00:00.000Z,2023,3,29,27.37,29.53,25.97,79.52,1.34,23.76,2.18,3.46,10.6,0
6958bb43a2106ae9c65f0221,2023-03-30T00:00:00.000Z,2023,3,30,27.84,29.97,26.27,76.43,1.46,19.44,1.79,2.8,28.2,0
6958bb43a2106ae9c65f0222,2023-03-31T00:00:00.000Z,2023,3,31,28.02,30.74,26.1,73.45,1.07,22.18,1.23,2.52,45.9,0
6958bb43a2106ae9c65f0223,2023-04-01T00:00:00.000Z,2023,4,1,28.47,30.74,26.91,71.46,0.57,23.3,1.28,2.68,56.7,0
6958bb43a2106ae9c65f0224,2023-04-02T00:00:00.000Z,2023,4,2,27.41,29.31,25.83,77.61,7.9,20.74,3.45,4.55,243.9,0
6958bb43a2106ae9c65f0225,2023-04-03T00:00:00.000Z,2023,4,3,26.65,27.79,25.29,78.07,1.96,14.85,2.24,3.8,262.6,0
6958bb43a2106ae9c65f0226,2023-04-04T00:00:00.000Z,2023,4,4,27.68,30.5,25.41,74.63,0.72,21.62,2.47,3.47,298.2,0
6958bb43a2106ae9c65f0227,2023-04-05T00:00:00.000Z,2023,4,5,27.92,30.29,26.14,68.79,0.06,25.39,2.04,2.62,306.4,0
6958bb43a2106ae9c65f0228,2023-04-06T00:00:00.000Z,2023,4,6,27.87,30.29,25.96,70.91,0.08,23.69,1.88,2.95,311.3,0
6958bb43a2106ae9c65f0229,2023-04-07T00:00:00.000Z,2023,4,7,27.21,28.65,26.28,78.98,20.96,22.17,1.83,2.69,297.1,0
6958bb43a2106ae9c65f022a,2023-04-08T00:00:00.000Z,2023,4,8,27.59,28.72,26.38,78.48,9.89,23.06,1.66,2.32,321.7,0
6958bb43a2106ae9c65f022b,2023-04-09T00:00:00.000Z,2023,4,9,27.64,28.83,26.92,82.17,1.67,20.11,2.68,4.32,61,0
6958bb43a2106ae9c65f022c,2023-04-10T00:00:00.000Z,2023,4,10,28.32,30.79,26.49,75.08,0.69,24.87,1.98,2.47,80.1,0
6958bb43a2106ae9c65f022d,2023-04-11T00:00:00.000Z,2023,4,11,28.55,31.43,26.34,77.32,0.77,23.47,2.62,3.66,40.6,0
6958bb43a2106ae9c65f022e,2023-04-12T00:00:00.000Z,2023,4,12,28.58,31.43,26.89,76.36,0.41,21.43,2.09,3.47,287.5,0
6958bb43a2106ae9c65f022f,2023-04-13T00:00:00.000Z,2023,4,13,28.3,30.81,26.38,77.85,0.11,23.82,2.52,3.17,272.7,0
6958bb43a2106ae9c65f0230,2023-04-14T00:00:00.000Z,2023,4,14,28.05,30,26.64,80.09,0.08,23.13,3.34,4.19,262.5,0
6958bb43a2106ae9c65f0231,2023-04-15T00:00:00.000Z,2023,4,15,27.98,29.92,26.56,79.73,0.13,21.74,4.09,5.27,246.3,0
6958bb43a2106ae9c65f0232,2023-04-16T00:00:00.000Z,2023,4,16,28.27,29.98,26.61,77.93,1.52,21.36,2.68,3.26,263.5,0
6958bb43a2106ae9c65f0233,2023-04-17T00:00:00.000Z,2023,4,17,28.78,30.84,27.15,76.82,0.89,23.64,2.74,4.48,228.8,0
6958bb43a2106ae9c65f0234,2023-04-18T00:00:00.000Z,2023,4,18,28.81,30.63,27.02,77.17,1.49,21.46,1.98,2.78,251.4,0
6958bb43a2106ae9c65f0235,2023-04-19T00:00:00.000Z,2023,4,19,28.58,30.16,27.3,81.83,1.6,21.81,3.44,4.42,233.6,0
6958bb43a2106ae9c65f0236,2023-04-20T00:00:00.000Z,2023,4,20,28.17,30.45,26.49,78.78,1.67,17.53,3.85,5.57,221.5,0
6958bb43a2106ae9c65f0237,2023-04-21T00:00:00.000Z,2023,4,21,28.03,30.16,26.11,78.57,1.32,21.82,2.29,3.73,271.2,0
6958bb43a2106ae9c65f0238,2023-04-22T00:00:00.000Z,2023,4,22,27.76,28.92,26.63,81.57,1.45,22.84,1.8,2.34,341.1,0
6958bb43a2106ae9c65f0239,2023-04-23T00:00:00.000Z,2023,4,23,28.58,30.29,27.29,76.11,6.8,20.53,1.04,1.59,66.4,0
6958bb43a2106ae9c65f023a,2023-04-24T00:00:00.000Z,2023,4,24,28.15,29.35,27.17,79.04,4.96,18.43,2.02,3.06,68.7,0
6958bb43a2106ae9c65f023b,2023-04-25T00:00:00.000Z,2023,4,25,28.49,30.04,27.08,78.42,2.31,18.4,1.73,2.38,191.6,0
6958bb43a2106ae9c65f023c,2023-04-26T00:00:00.000Z,2023,4,26,28.25,29.51,27.36,80.23,4.33,20.51,2.4,3.29,39.2,0
6958bb43a2106ae9c65f023d,2023-04-27T00:00:00.000Z,2023,4,27,28.31,29.88,27,77.1,1.93,15.31,1.94,3.22,93.2,0
6958bb43a2106ae9c65f023e,2023-04-28T00:00:00.000Z,2023,4,28,27.78,29.15,26.78,78.53,0.44,14.11,1.94,2.64,258.6,0
6958bb43a2106ae9c65f023f,2023-04-29T00:00:00.000Z,2023,4,29,28.06,29.97,26.72,76.75,0.13,16.86,1.35,2.11,309.7,0
6958bb43a2106ae9c65f0240,2023-04-30T00:00:00.000Z,2023,4,30,28.17,30.44,26.62,76.21,0.19,19.92,1.63,2.92,37.2,0
6958bb43a2106ae9c65f0241,2023-05-01T00:00:00.000Z,2023,5,1,28.94,31.41,26.68,75,0.91,21.16,1.87,2.92,80.4,0
6958bb43a2106ae9c65f0242,2023-05-02T00:00:00.000Z,2023,5,2,28.4,30.3,26.52,79.86,9.06,18.29,2.06,5.12,310.9,0
6958bb43a2106ae9c65f0243,2023-05-03T00:00:00.000Z,2023,5,3,27.16,28.17,26.11,84.71,14.19,13.39,2.17,3.38,327.6,0
6958bb43a2106ae9c65f0244,2023-05-04T00:00:00.000Z,2023,5,4,27.94,29.97,26.31,76.32,10.24,17.78,2.42,3.7,240.1,0
6958bb43a2106ae9c65f0245,2023-05-05T00:00:00.000Z,2023,5,5,28.22,30.86,25.98,76.15,2.4,21.59,3.52,4.15,234.8,0
6958bb43a2106ae9c65f0246,2023-05-06T00:00:00.000Z,2023,5,6,27.68,29.66,26.47,83.56,4.75,15.91,5.26,7.28,226.2,0
6958bb43a2106ae9c65f0247,2023-05-07T00:00:00.000Z,2023,5,7,27.76,29.09,26.77,83.01,3.67,20.54,4.84,5.95,230.7,0
6958bb43a2106ae9c65f0248,2023-05-08T00:00:00.000Z,2023,5,8,28.14,29.81,26.78,81.32,8.54,14.6,4.69,6.65,180.3,0
6958bb43a2106ae9c65f0249,2023-05-09T00:00:00.000Z,2023,5,9,28.15,30.48,26.43,79.33,3.84,12.37,6.44,7.54,186.7,0
6958bb43a2106ae9c65f024a,2023-05-10T00:00:00.000Z,2023,5,10,28.82,30.77,27.16,77.11,0.69,20.08,4.31,5.28,206.3,0
6958bb43a2106ae9c65f024b,2023-05-11T00:00:00.000Z,2023,5,11,29.23,31.99,26.76,72.43,0.18,23.14,1.91,3.28,204.7,0
6958bb43a2106ae9c65f024c,2023-05-12T00:00:00.000Z,2023,5,12,29.02,32.03,26.67,72.14,0.02,23.99,1.93,3.19,266.2,0
6958bb43a2106ae9c65f024d,2023-05-13T00:00:00.000Z,2023,5,13,29.86,32.99,26.8,67.53,0.05,24.37,2.09,2.91,230.7,0
6958bb43a2106ae9c65f024e,2023-05-14T00:00:00.000Z,2023,5,14,29.51,32.24,27.3,71.28,0.79,23.23,3.92,5.06,219.9,0
6958bb43a2106ae9c65f024f,2023-05-15T00:00:00.000Z,2023,5,15,29.05,32.2,26.43,72.3,0.27,22.54,3.57,4.62,224.8,0
6958bb43a2106ae9c65f0250,2023-05-16T00:00:00.000Z,2023,5,16,29.6,32.4,27.16,70.53,0.33,21.5,2.74,4.33,199,0
6958bb43a2106ae9c65f0251,2023-05-17T00:00:00.000Z,2023,5,17,29.29,32.03,27.52,71.22,1.59,20.27,3.08,5.5,218.1,0
6958bb43a2106ae9c65f0252,2023-05-18T00:00:00.000Z,2023,5,18,28.51,30.36,27.1,74.76,3.55,18.35,4.37,5.87,247.7,0
6958bb43a2106ae9c65f0253,2023-05-19T00:00:00.000Z,2023,5,19,27.9,29.47,26.58,79.1,4.84,20.79,3.46,3.83,267.2,0
6958bb43a2106ae9c65f0254,2023-05-20T00:00:00.000Z,2023,5,20,28.84,30.85,27.17,75.24,1.5,21.46,3.65,4.44,271.6,0
6958bb43a2106ae9c65f0255,2023-05-21T00:00:00.000Z,2023,5,21,28.51,30.11,27.3,76.69,0.39,22.24,2.84,4.13,283.4,0
6958bb43a2106ae9c65f0256,2023-05-22T00:00:00.000Z,2023,5,22,27.84,29.39,26.48,80.16,0.7,19.27,3.8,4.72,272.9,0
6958bb43a2106ae9c65f0257,2023-05-23T00:00:00.000Z,2023,5,23,28.12,30.56,26.05,77.52,0.32,18.38,2.97,4.77,283.3,0
6958bb43a2106ae9c65f0258,2023-05-24T00:00:00.000Z,2023,5,24,28.24,30.3,26.77,78.85,1.22,20.76,3.18,4.53,249.9,0
6958bb43a2106ae9c65f0259,2023-05-25T00:00:00.000Z,2023,5,25,28.47,30.58,26.95,79.31,1.35,22.97,4.27,4.82,226.7,0
6958bb43a2106ae9c65f025a,2023-05-26T00:00:00.000Z,2023,5,26,28.2,30.02,26.76,79.53,2.09,19.44,4.87,5.7,249.9,0
6958bb43a2106ae9c65f025b,2023-05-27T00:00:00.000Z,2023,5,27,28.08,30.82,26.02,76.91,0.51,24.61,5.32,6.26,243.8,0
6958bb43a2106ae9c65f025c,2023-05-28T00:00:00.000Z,2023,5,28,28.26,30.83,26.21,75.38,0.13,24.25,5.72,6.45,236.2,0
6958bb43a2106ae9c65f025d,2023-05-29T00:00:00.000Z,2023,5,29,28.05,30.1,26.4,78.63,2.63,13.09,5.55,6.69,230.7,0
6958bb43a2106ae9c65f025e,2023-05-30T00:00:00.000Z,2023,5,30,28.16,29.94,26.8,80.49,2.35,18.68,4.46,5.26,237.1,0
6958bb43a2106ae9c65f025f,2023-05-31T00:00:00.000Z,2023,5,31,27.08,28.44,25.77,79.62,20.71,13.6,5.06,6.45,266.5,0
6958bb43a2106ae9c65f0260,2023-06-01T00:00:00.000Z,2023,6,1,27.34,28.71,26.18,77.24,1.42,22.37,4.92,5.75,245.6,0
6958bb43a2106ae9c65f0261,2023-06-02T00:00:00.000Z,2023,6,2,29.07,32.28,26.44,73.62,5.14,23.83,3.53,4.83,233.3,0
6958bb43a2106ae9c65f0262,2023-06-03T00:00:00.000Z,2023,6,3,27.58,28.92,26.06,80.15,10.67,7.42,5.3,6.49,216.5,0
6958bb43a2106ae9c65f0263,2023-06-04T00:00:00.000Z,2023,6,4,28.14,31.1,25.84,73.87,2.62,19.44,5.15,6.16,214.6,0
6958bb43a2106ae9c65f0264,2023-06-05T00:00:00.000Z,2023,6,5,27.98,30.45,26.18,75.88,4.01,19.09,5.73,6.49,229.2,0
6958bb43a2106ae9c65f0265,2023-06-06T00:00:00.000Z,2023,6,6,27.8,30.25,25.92,72.97,3.06,13.32,6.33,7.66,225.8,0
6958bb43a2106ae9c65f0266,2023-06-07T00:00:00.000Z,2023,6,7,28.24,30.55,26.37,74.4,1.83,18.55,4.94,5.72,215.9,0
6958bb43a2106ae9c65f0267,2023-06-08T00:00:00.000Z,2023,6,8,28.54,31.35,26.4,74.43,0.32,20.2,5.29,6.4,214.2,0
6958bb43a2106ae9c65f0268,2023-06-09T00:00:00.000Z,2023,6,9,28.22,30.42,26.53,76.03,1.18,19.37,4.62,5.51,216,0
6958bb43a2106ae9c65f0269,2023-06-10T00:00:00.000Z,2023,6,10,27.73,30.02,26.31,77.98,2.5,16.6,5,5.88,220.6,0
6958bb43a2106ae9c65f026a,2023-06-11T00:00:00.000Z,2023,6,11,28.71,31.86,25.95,71.49,0.31,22.85,4.47,5.31,219.1,0
6958bb43a2106ae9c65f026b,2023-06-12T00:00:00.000Z,2023,6,12,28.59,31.19,26.63,75.25,0.22,23.44,4.68,5.79,206.1,0
6958bb43a2106ae9c65f026c,2023-06-13T00:00:00.000Z,2023,6,13,28.79,31.85,26.55,72.68,0.14,23.68,4.67,5.91,208.2,0
6958bb43a2106ae9c65f026d,2023-06-14T00:00:00.000Z,2023,6,14,28.99,31.96,26.75,71.06,0.22,22.77,4.56,5.73,215.6,0
6958bb43a2106ae9c65f026e,2023-06-15T00:00:00.000Z,2023,6,15,28.57,30.97,26.73,71.89,1.74,20.96,4.59,5.26,223.5,0
6958bb43a2106ae9c65f026f,2023-06-16T00:00:00.000Z,2023,6,16,28.45,31.49,26.23,74.2,3.56,19.65,5.73,6.79,205.7,0
6958bb43a2106ae9c65f0270,2023-06-17T00:00:00.000Z,2023,6,17,28.3,30.44,26.7,75.9,4.17,18.79,7.14,8.6,215.1,0
6958bb43a2106ae9c65f0271,2023-06-18T00:00:00.000Z,2023,6,18,28.25,30.36,26.75,72.74,0.81,18.55,5.44,7.23,217.4,0
6958bb43a2106ae9c65f0272,2023-06-19T00:00:00.000Z,2023,6,19,28.43,30.95,26.24,72.48,0.11,23.8,5.55,7.52,211.5,0
6958bb43a2106ae9c65f0273,2023-06-20T00:00:00.000Z,2023,6,20,28.39,31.77,24.96,71.72,0.05,24.46,3.14,4.63,207.3,0
6958bb43a2106ae9c65f0274,2023-06-21T00:00:00.000Z,2023,6,21,28.94,32.17,26.35,70.03,0.08,24.23,1.91,2.61,215.4,0
6958bb43a2106ae9c65f0275,2023-06-22T00:00:00.000Z,2023,6,22,28.06,30.65,26.27,78,0.69,21.87,2.41,3.7,41.7,0
6958bb43a2106ae9c65f0276,2023-06-23T00:00:00.000Z,2023,6,23,28.4,31.2,26.55,73.6,0.33,21.41,1.86,2.9,310.2,0
6958bb43a2106ae9c65f0277,2023-06-24T00:00:00.000Z,2023,6,24,28.3,30.84,26.23,74.09,0.1,21.48,1.82,2.9,266,0
6958bb43a2106ae9c65f0278,2023-06-25T00:00:00.000Z,2023,6,25,28.27,30.74,26.36,74.51,1.29,21.14,3.6,4.35,242,0
6958bb43a2106ae9c65f0279,2023-06-26T00:00:00.000Z,2023,6,26,27.7,30.11,26.12,76.31,14.35,21.55,5.02,6.05,231.6,0
6958bb43a2106ae9c65f027a,2023-06-27T00:00:00.000Z,2023,6,27,27.4,29.72,25.87,78.2,8.27,14.8,5.25,6.01,236.6,0
6958bb43a2106ae9c65f027b,2023-06-28T00:00:00.000Z,2023,6,28,27.53,29.66,25.88,78.95,4.3,18.22,4.85,5.55,240.9,0
6958bb43a2106ae9c65f027c,2023-06-29T00:00:00.000Z,2023,6,29,27.05,28.44,26.34,83.55,9.44,17.67,5.25,6.79,257.3,0
6958bb43a2106ae9c65f027d,2023-06-30T00:00:00.000Z,2023,6,30,26.38,27.52,25.62,84.81,48.18,7.65,7.92,8.64,252.5,0
6958bb43a2106ae9c65f027e,2023-07-01T00:00:00.000Z,2023,7,1,26.32,27.41,25.59,84.72,25.18,12.26,7.52,8.96,230.3,0
6958bb43a2106ae9c65f027f,2023-07-02T00:00:00.000Z,2023,7,2,27.79,30.22,25.73,77.24,1.1,19.66,4.56,5.98,215,0
6958bb43a2106ae9c65f0280,2023-07-03T00:00:00.000Z,2023,7,3,28.28,30.86,25.64,71.11,0.15,22.36,2.08,4.48,197.7,0
6958bb43a2106ae9c65f0281,2023-07-04T00:00:00.000Z,2023,7,4,28.39,31.37,26.23,71.45,0.26,23.09,2.02,3.46,221.6,0
6958bb43a2106ae9c65f0282,2023-07-05T00:00:00.000Z,2023,7,5,28.08,31.3,25.28,73.71,0.13,21.88,4.3,5.61,211.7,0
6958bb43a2106ae9c65f0283,2023-07-06T00:00:00.000Z,2023,7,6,28.22,30.78,25.95,75.41,0.15,22.81,3.75,4.81,222.8,0
6958bb43a2106ae9c65f0284,2023-07-07T00:00:00.000Z,2023,7,7,27.95,30.23,26.08,77.69,0.75,23.31,4.1,4.88,231.1,0
6958bb43a2106ae9c65f0285,2023-07-08T00:00:00.000Z,2023,7,8,27.27,28.83,26.08,80.17,1.45,15.79,4.51,5.66,249.2,0
6958bb43a2106ae9c65f0286,2023-07-09T00:00:00.000Z,2023,7,9,26.41,27.64,25.56,81.54,2.64,11.88,6.03,7.01,225.5,0
6958bb43a2106ae9c65f0287,2023-07-10T00:00:00.000Z,2023,7,10,26.71,28.26,25.64,82.98,7.05,13.29,6.35,7.46,224.8,0
6958bb43a2106ae9c65f0288,2023-07-11T00:00:00.000Z,2023,7,11,27.17,30.08,24.82,75.54,3.5,15.46,5.71,7.03,214.4,0
6958bb43a2106ae9c65f0289,2023-07-12T00:00:00.000Z,2023,7,12,28.05,30.77,25.69,73.91,0.24,22.77,3.69,4.77,222.4,0
6958bb43a2106ae9c65f028a,2023-07-13T00:00:00.000Z,2023,7,13,27.69,29.93,26.02,76.24,2.3,16.89,5.47,6.11,206.9,0
6958bb43a2106ae9c65f028b,2023-07-14T00:00:00.000Z,2023,7,14,27.67,30.75,25.27,71.92,0.37,15.28,5.62,6.55,208.6,0
6958bb43a2106ae9c65f028c,2023-07-15T00:00:00.000Z,2023,7,15,27.57,29.92,25.61,78.15,0.68,23.6,5.59,6.65,219.3,0
6958bb43a2106ae9c65f028d,2023-07-16T00:00:00.000Z,2023,7,16,28.02,30.99,25.65,76.17,0.39,23.18,5.57,6.87,213,0
6958bb43a2106ae9c65f028e,2023-07-17T00:00:00.000Z,2023,7,17,27.71,30.23,26.13,79.16,0.28,21.01,6.6,8.81,221.7,0
6958bb43a2106ae9c65f028f,2023-07-18T00:00:00.000Z,2023,7,18,27.67,29.6,26.5,79.72,4.18,19.22,6.64,7.74,232.7,0
6958bb43a2106ae9c65f0290,2023-07-19T00:00:00.000Z,2023,7,19,27.04,28.21,26.23,80.97,5.85,10.82,7.86,9.5,229.5,0
6958bb43a2106ae9c65f0291,2023-07-20T00:00:00.000Z,2023,7,20,27.67,30.06,25.81,77.47,3.12,22.43,7.23,8.87,224.1,0
6958bb43a2106ae9c65f0292,2023-07-21T00:00:00.000Z,2023,7,21,28.49,31.01,26.39,75.66,0.21,21.54,4.65,5.97,210.8,0
6958bb43a2106ae9c65f0293,2023-07-22T00:00:00.000Z,2023,7,22,27.27,28.59,25.68,76.33,0.28,18.73,5.73,7.46,217.7,0
6958bb43a2106ae9c65f0294,2023-07-23T00:00:00.000Z,2023,7,23,27.41,29.99,24.98,74.6,0.2,22.04,6.43,7.6,207.3,0
6958bb43a2106ae9c65f0295,2023-07-24T00:00:00.000Z,2023,7,24,28.44,31.62,25.99,71.94,0.21,21.46,5.72,6.78,203,0
6958bb43a2106ae9c65f0296,2023-07-25T00:00:00.000Z,2023,7,25,28.75,31.78,26.28,71.49,0.42,18.1,5.28,7.47,211.4,0
6958bb43a2106ae9c65f0297,2023-07-26T00:00:00.000Z,2023,7,26,28.65,31.59,26.54,73.08,0.37,20.35,4.73,5.58,218.6,0
6958bb43a2106ae9c65f0298,2023-07-27T00:00:00.000Z,2023,7,27,28.16,30.95,26.25,75.98,0.2,23.6,4.62,5.22,228,0
6958bb43a2106ae9c65f0299,2023-07-28T00:00:00.000Z,2023,7,28,28.14,31.16,26.05,76.17,0.04,20.97,5.82,6.59,229.6,0
6958bb43a2106ae9c65f029a,2023-07-29T00:00:00.000Z,2023,7,29,28.31,30.99,26.4,77.68,1.51,21.41,6.41,7.58,222.5,0
6958bb43a2106ae9c65f029b,2023-07-30T00:00:00.000Z,2023,7,30,28.29,30.74,26.77,79.06,7.02,11.32,5.99,8.27,213.4,0
6958bb43a2106ae9c65f029c,2023-07-31T00:00:00.000Z,2023,7,31,28.4,31.05,26.7,78.84,7.94,15.36,3.37,4.87,214.2,0
6958bb43a2106ae9c65f029d,2023-08-01T00:00:00.000Z,2023,8,1,27.63,29.13,26.54,80.45,6.27,12.2,6.43,8.88,217.7,0
6958bb43a2106ae9c65f029e,2023-08-02T00:00:00.000Z,2023,8,2,27.89,30.83,25.77,74.93,0.45,22.7,6.87,8.61,210.7,0
6958bb43a2106ae9c65f029f,2023-08-03T00:00:00.000Z,2023,8,3,28.39,31.1,26.36,74.02,0.11,22.03,5.76,6.81,209.7,0
6958bb43a2106ae9c65f02a0,2023-08-04T00:00:00.000Z,2023,8,4,28.35,31.47,25.95,72.05,0.09,22.76,3.56,4.4,214,0
6958bb43a2106ae9c65f02a1,2023-08-05T00:00:00.000Z,2023,8,5,28.43,31.45,25.67,75.06,0.25,21.46,2.1,3.05,148.3,0
6958bb43a2106ae9c65f02a2,2023-08-06T00:00:00.000Z,2023,8,6,27.7,29.83,26.31,77.3,1.49,18.06,4.64,6.2,234.2,0
6958bb43a2106ae9c65f02a3,2023-08-07T00:00:00.000Z,2023,8,7,27.41,29.61,26.09,77.75,14.3,16.25,6.49,7.39,231.1,0
6958bb43a2106ae9c65f02a4,2023-08-08T00:00:00.000Z,2023,8,8,27.51,29.35,26.1,78.87,6.4,12.52,5.11,6.54,230.2,0
6958bb43a2106ae9c65f02a5,2023-08-09T00:00:00.000Z,2023,8,9,27.14,28.81,25.69,80.11,3.79,12.75,4.32,5.35,251,0
6958bb43a2106ae9c65f02a6,2023-08-10T00:00:00.000Z,2023,8,10,27.29,29.24,25.92,80.1,0.89,20.02,4.56,5.77,237.3,0
6958bb43a2106ae9c65f02a7,2023-08-11T00:00:00.000Z,2023,8,11,27.39,29.75,25.71,79.45,1.64,21.06,4.6,5.25,227.6,0
6958bb43a2106ae9c65f02a8,2023-08-12T00:00:00.000Z,2023,8,12,27.2,29.15,25.93,81.14,4.95,20.37,5.24,6.23,235.7,0
6958bb43a2106ae9c65f02a9,2023-08-13T00:00:00.000Z,2023,8,13,26.99,28.47,25.64,84.01,9.36,7.12,6.22,9.48,253.7,0
6958bb43a2106ae9c65f02aa,2023-08-14T00:00:00.000Z,2023,8,14,26.8,28.35,25.78,81.97,7.39,10.98,6.48,9.37,226.1,0
6958bb43a2106ae9c65f02ab,2023-08-15T00:00:00.000Z,2023,8,15,27.23,29.23,25.52,76.91,1.05,16.51,5.81,7.81,232.6,0
6958bb43a2106ae9c65f02ac,2023-08-16T00:00:00.000Z,2023,8,16,27.38,29.38,25.83,75.73,1.13,16.45,4.34,5.18,245.3,0
6958bb43a2106ae9c65f02ad,2023-08-17T00:00:00.000Z,2023,8,17,27.46,30.13,25.43,77.06,0.69,20.87,4.11,5.23,238.1,0
6958bb43a2106ae9c65f02ae,2023-08-18T00:00:00.000Z,2023,8,18,27.57,30.6,25.54,76.4,0.18,24.36,4.14,5.33,247.1,0
6958bb43a2106ae9c65f02af,2023-08-19T00:00:00.000Z,2023,8,19,27.47,29.71,25.45,78.9,1.03,23.52,3.49,4.57,260.3,0
6958bb43a2106ae9c65f02b0,2023-08-20T00:00:00.000Z,2023,8,20,27.84,30.49,26.08,78.24,1.33,24.03,4.86,6.23,242.4,0
6958bb43a2106ae9c65f02b1,2023-08-21T00:00:00.000Z,2023,8,21,28.12,30.69,26.15,73.7,6.17,21.19,4.37,5.02,198.9,0
6958bb43a2106ae9c65f02b2,2023-08-22T00:00:00.000Z,2023,8,22,28.1,30.76,25.82,68.82,0.98,23.79,1.74,3.32,194.7,0
6958bb43a2106ae9c65f02b3,2023-08-23T00:00:00.000Z,2023,8,23,28.39,30.64,26.34,72.99,0.68,17.58,1.59,2.66,228.2,0
6958bb43a2106ae9c65f02b4,2023-08-24T00:00:00.000Z,2023,8,24,28.18,30.78,26.47,74.19,2.04,19.55,2.26,3.07,235,0
6958bb43a2106ae9c65f02b5,2023-08-25T00:00:00.000Z,2023,8,25,27.99,31.02,26.04,72.69,3.29,22.3,3.77,5.27,225,0
6958bb43a2106ae9c65f02b6,2023-08-26T00:00:00.000Z,2023,8,26,28.13,31.02,25.71,71.86,1.87,22.24,4.27,6.28,217.4,0
6958bb43a2106ae9c65f02b7,2023-08-27T00:00:00.000Z,2023,8,27,28.15,30.93,26.15,72.62,0.14,21.61,2.86,4.51,236.8,0
6958bb43a2106ae9c65f02b8,2023-08-28T00:00:00.000Z,2023,8,28,27.97,30.77,25.8,75.42,0.52,24.07,5.4,6.26,234.4,0
6958bb43a2106ae9c65f02b9,2023-08-29T00:00:00.000Z,2023,8,29,27.66,30.35,25.99,77.12,2.59,20.55,7.21,8.34,232.7,0
6958bb43a2106ae9c65f02ba,2023-08-30T00:00:00.000Z,2023,8,30,28.4,31.92,25.66,72.89,0.58,21.88,5.61,6.49,228.8,0
6958bb43a2106ae9c65f02bb,2023-08-31T00:00:00.000Z,2023,8,31,27.44,29.26,26.22,77.21,2.46,20.41,5.21,5.99,227.6,0
6958bb43a2106ae9c65f02bc,2023-09-01T00:00:00.000Z,2023,9,1,27,28.51,26,80.74,6.93,13.62,5.38,6.11,224.4,0
6958bb43a2106ae9c65f02bd,2023-09-02T00:00:00.000Z,2023,9,2,27.12,29.11,25.73,80.62,1.12,16.43,5.94,6.77,238.6,0
6958bb43a2106ae9c65f02be,2023-09-03T00:00:00.000Z,2023,9,3,26.7,28.37,25.45,78.96,15.12,15.37,6.95,8.6,216.8,0
6958bb43a2106ae9c65f02bf,2023-09-04T00:00:00.000Z,2023,9,4,26.43,28.41,25.16,84.09,14.67,6.74,4.39,5.94,237.9,0
6958bb43a2106ae9c65f02c0,2023-09-05T00:00:00.000Z,2023,9,5,26.95,29.37,24.99,77.74,6.47,13.12,5.24,6.36,219.6,0
6958bb43a2106ae9c65f02c1,2023-09-06T00:00:00.000Z,2023,9,6,27.98,31.11,25.26,72.93,0.25,17.05,2.27,3.85,220.1,0
6958bb43a2106ae9c65f02c2,2023-09-07T00:00:00.000Z,2023,9,7,27.87,30.17,26.23,77.43,0.22,22.25,1.78,2.69,65.6,0
6958bb43a2106ae9c65f02c3,2023-09-08T00:00:00.000Z,2023,9,8,27.92,30.34,26.21,76.55,0.16,21.02,2.2,3.42,32.8,0
6958bb43a2106ae9c65f02c4,2023-09-09T00:00:00.000Z,2023,9,9,27.3,29.15,26.02,76.72,2.32,22.82,3.89,5.64,249,0
6958bb43a2106ae9c65f02c5,2023-09-10T00:00:00.000Z,2023,9,10,27.24,28.98,25.91,77.15,1.91,8.85,5.47,6.9,210.8,0
6958bb43a2106ae9c65f02c6,2023-09-11T00:00:00.000Z,2023,9,11,28.6,31.93,25.45,66.61,0.62,21.84,1.39,3.06,183.7,0
6958bb43a2106ae9c65f02c7,2023-09-12T00:00:00.000Z,2023,9,12,28.32,29.9,27.08,70.73,0.77,19.76,2.04,3.36,225.7,0
6958bb43a2106ae9c65f02c8,2023-09-13T00:00:00.000Z,2023,9,13,28.55,31.49,26.31,69.28,0.36,22.24,2.25,3.31,195.1,0
6958bb43a2106ae9c65f02c9,2023-09-14T00:00:00.000Z,2023,9,14,28.24,30.93,26.31,72.98,2.62,21.51,3.15,4.01,217.6,0
6958bb43a2106ae9c65f02ca,2023-09-15T00:00:00.000Z,2023,9,15,28.32,31.31,25.63,66.49,4.85,15.19,2.94,4.09,263.9,0
6958bb43a2106ae9c65f02cb,2023-09-16T00:00:00.000Z,2023,9,16,27.31,28.88,26.22,77.33,7.27,12.94,3.04,4.24,258.4,0
6958bb43a2106ae9c65f02cc,2023-09-17T00:00:00.000Z,2023,9,17,28.4,31.55,25.87,72.04,1,20.92,2.68,3.62,225.1,0
6958bb43a2106ae9c65f02cd,2023-09-18T00:00:00.000Z,2023,9,18,27.99,30.24,26.18,71.28,2.17,21.03,2.34,4.21,162.1,0
6958bb43a2106ae9c65f02ce,2023-09-19T00:00:00.000Z,2023,9,19,28.14,30.42,26.64,73.45,9.15,15.58,1.85,3.09,288.9,0
6958bb43a2106ae9c65f02cf,2023-09-20T00:00:00.000Z,2023,9,20,27.28,28.77,26.11,79.11,14.12,16.11,2.17,3.14,293.9,0
6958bb43a2106ae9c65f02d0,2023-09-21T00:00:00.000Z,2023,9,21,26.32,27.12,25.73,81.42,8.01,12.91,2.03,2.54,335.7,0
6958bb43a2106ae9c65f02d1,2023-09-22T00:00:00.000Z,2023,9,22,27.66,29.59,25.86,76.73,4.13,12.46,2.75,7.15,236.7,0
6958bb43a2106ae9c65f02d2,2023-09-23T00:00:00.000Z,2023,9,23,26.51,27.25,25.42,87.97,24.58,17.87,6.8,8.61,267,0
6958bb43a2106ae9c65f02d3,2023-09-24T00:00:00.000Z,2023,9,24,26.25,27.73,24.97,83.27,10.11,16.78,5.35,6.2,259.4,0
6958bb43a2106ae9c65f02d4,2023-09-25T00:00:00.000Z,2023,9,25,26.71,28.42,25.44,82.14,4.76,16.46,6.36,8.3,231.6,0
6958bb43a2106ae9c65f02d5,2023-09-26T00:00:00.000Z,2023,9,26,27.03,28.86,25.56,80.86,7.26,15.07,5.2,6.66,220.1,0
6958bb43a2106ae9c65f02d6,2023-09-27T00:00:00.000Z,2023,9,27,26.98,28.7,25.69,79.99,7.07,11.1,4.46,5.13,218.3,0
6958bb43a2106ae9c65f02d7,2023-09-28T00:00:00.000Z,2023,9,28,27.9,30.76,25.48,77.58,4.15,19.59,3.26,4.94,209.4,0
6958bb43a2106ae9c65f02d8,2023-09-29T00:00:00.000Z,2023,9,29,27.53,29.14,26.13,78.37,1.02,22.51,2.64,3.91,206.6,0
6958bb43a2106ae9c65f02d9,2023-09-30T00:00:00.000Z,2023,9,30,28.71,31.47,26.09,75.61,0.31,24.48,1.88,3.14,94.1,0
6958bb43a2106ae9c65f02da,2023-10-01T00:00:00.000Z,2023,10,1,28.58,31.11,26.81,76.52,1.15,21.98,1.91,2.82,226,0
6958bb43a2106ae9c65f02db,2023-10-02T00:00:00.000Z,2023,10,2,28.33,30.82,26.4,77.43,5.04,21.42,3.34,4.04,221.8,0
6958bb43a2106ae9c65f02dc,2023-10-03T00:00:00.000Z,2023,10,3,27.2,28.7,26.07,84.69,2.96,20.38,4.39,5.13,243.9,0
6958bb43a2106ae9c65f02dd,2023-10-04T00:00:00.000Z,2023,10,4,27.06,28.83,25.54,79.25,16.73,14.54,3.54,3.79,217.5,0
6958bb43a2106ae9c65f02de,2023-10-05T00:00:00.000Z,2023,10,5,27.54,30.11,25.62,78.32,7.47,16.88,3.52,4.09,239.3,0
6958bb43a2106ae9c65f02df,2023-10-06T00:00:00.000Z,2023,10,6,27.05,28.42,25.85,82.42,1.91,19.81,3.64,4.75,230.3,0
6958bb43a2106ae9c65f02e0,2023-10-07T00:00:00.000Z,2023,10,7,27.36,28.92,26.1,80.28,14.11,14.95,1.67,2.79,213.4,0
6958bb43a2106ae9c65f02e1,2023-10-08T00:00:00.000Z,2023,10,8,27.16,28.99,25.67,79.74,8.84,18.46,1.67,2.87,350,0
6958bb43a2106ae9c65f02e2,2023-10-09T00:00:00.000Z,2023,10,9,27.39,29.17,26.01,81.05,8.18,19.46,1.86,2.36,10.6,0
6958bb43a2106ae9c65f02e3,2023-10-10T00:00:00.000Z,2023,10,10,27.18,29.34,25.88,76.71,5.67,16.86,2.23,3.98,285.9,0
6958bb43a2106ae9c65f02e4,2023-10-11T00:00:00.000Z,2023,10,11,27.18,29.7,25.42,77.48,4.62,15.3,2.04,2.94,295.3,0
6958bb43a2106ae9c65f02e5,2023-10-12T00:00:00.000Z,2023,10,12,26.77,27.92,25.81,83.57,10.69,17.94,2.68,3.47,290.8,0
6958bb43a2106ae9c65f02e6,2023-10-13T00:00:00.000Z,2023,10,13,27.41,29.96,25.39,80.87,21.44,15.36,2.18,3.27,283.1,0
6958bb43a2106ae9c65f02e7,2023-10-14T00:00:00.000Z,2023,10,14,26.87,29.03,25.86,86.31,22.57,10.04,4.01,5.62,273.3,0
6958bb43a2106ae9c65f02e8,2023-10-15T00:00:00.000Z,2023,10,15,26.39,27.45,25.52,84.93,8.38,8.62,4.38,5.08,250,0
6958bb43a2106ae9c65f02e9,2023-10-16T00:00:00.000Z,2023,10,16,26.84,29.18,25.66,85.35,2.93,17.19,5.3,6.68,245.7,0
6958bb43a2106ae9c65f02ea,2023-10-17T00:00:00.000Z,2023,10,17,26.59,28.42,25.39,84.23,4.49,12.55,4.3,7.69,205.5,0
6958bb43a2106ae9c65f02eb,2023-10-18T00:00:00.000Z,2023,10,18,27.1,30.18,24.87,78.46,2.47,18.69,2.49,3.94,231.8,0
6958bb43a2106ae9c65f02ec,2023-10-19T00:00:00.000Z,2023,10,19,26.81,29,25.23,81.39,4.34,8.43,2.45,3.07,356.8,0
6958bb43a2106ae9c65f02ed,2023-10-20T00:00:00.000Z,2023,10,20,26.55,27.83,25.5,82.12,22.44,14.5,2.3,3.07,318.7,0
6958bb43a2106ae9c65f02ee,2023-10-21T00:00:00.000Z,2023,10,21,26.88,28.91,25.35,78.99,4.9,11.77,1.94,3.56,327.5,0
6958bb43a2106ae9c65f02ef,2023-10-22T00:00:00.000Z,2023,10,22,25.92,26.75,25.26,83.39,6.72,10.77,1.64,2.71,0.3,0
6958bb43a2106ae9c65f02f0,2023-10-23T00:00:00.000Z,2023,10,23,26.18,27.69,24.95,83.84,2.11,17.76,1.97,3.07,314.9,0
6958bb43a2106ae9c65f02f1,2023-10-24T00:00:00.000Z,2023,10,24,26.79,28.44,25.34,82.5,7.19,17.62,2.39,3.34,282.9,0
6958bb43a2106ae9c65f02f2,2023-10-25T00:00:00.000Z,2023,10,25,26.56,27.74,25.5,82.36,4.13,14.9,1.95,2.46,288.6,0
6958bb43a2106ae9c65f02f3,2023-10-26T00:00:00.000Z,2023,10,26,26.8,28.74,25.69,82.93,2.66,20.9,2.76,3.82,261.8,0
6958bb43a2106ae9c65f02f4,2023-10-27T00:00:00.000Z,2023,10,27,26.78,27.94,25.61,82.26,19,19.43,2.86,3.45,226.1,0
6958bb43a2106ae9c65f02f5,2023-10-28T00:00:00.000Z,2023,10,28,27.06,29.57,25.16,78.91,1.96,16.1,2.08,2.81,279.2,0
6958bb43a2106ae9c65f02f6,2023-10-29T00:00:00.000Z,2023,10,29,26.36,27.57,25.31,84.5,8.56,21.32,2.33,3.35,24.8,0
6958bb43a2106ae9c65f02f7,2023-10-30T00:00:00.000Z,2023,10,30,26.75,28.9,25.1,83.11,4.2,15.84,2.6,3.42,22.2,0
6958bb43a2106ae9c65f02f8,2023-10-31T00:00:00.000Z,2023,10,31,26.05,26.64,25.52,89.41,11.28,18.19,2.37,3.27,306.4,0
6958bb43a2106ae9c65f02f9,2023-11-01T00:00:00.000Z,2023,11,1,26.63,28.22,25.36,84.03,21.57,11.66,2.44,6.08,191.5,0
6958bb43a2106ae9c65f02fa,2023-11-02T00:00:00.000Z,2023,11,2,26.55,28.12,25.26,81.76,38.33,16.58,2.16,3.31,353.5,0
6958bb43a2106ae9c65f02fb,2023-11-03T00:00:00.000Z,2023,11,3,27.22,28.77,25.93,78.76,3.26,17.93,1.52,2.26,297.5,0
6958bb43a2106ae9c65f02fc,2023-11-04T00:00:00.000Z,2023,11,4,26.75,27.8,25.86,83.67,2.34,19.53,2.31,2.89,277.3,0
6958bb43a2106ae9c65f02fd,2023-11-05T00:00:00.000Z,2023,11,5,26.7,27.7,25.63,83.77,3.51,17.79,2.11,3.21,332.3,0
6958bb43a2106ae9c65f02fe,2023-11-06T00:00:00.000Z,2023,11,6,27.46,28.45,26.53,82.79,12.12,18.17,1.45,2.58,26.8,0
6958bb43a2106ae9c65f02ff,2023-11-07T00:00:00.000Z,2023,11,7,27.32,28.92,26.39,80.84,4.3,17.13,1.65,2.98,305.1,0
6958bb43a2106ae9c65f0300,2023-11-08T00:00:00.000Z,2023,11,8,26.96,28.06,26,83.19,2.17,13.68,2.67,3.55,261.9,0
6958bb43a2106ae9c65f0301,2023-11-09T00:00:00.000Z,2023,11,9,26.93,28.5,25.58,81.99,3.26,14.93,2.85,3.5,232.5,0
6958bb43a2106ae9c65f0302,2023-11-10T00:00:00.000Z,2023,11,10,26.79,28.14,25.61,85.67,1.97,17.54,3.16,3.65,256.3,0
6958bb43a2106ae9c65f0303,2023-11-11T00:00:00.000Z,2023,11,11,26.33,27.51,25.1,85.19,1.78,12.84,2.79,3.88,275.4,0
6958bb43a2106ae9c65f0304,2023-11-12T00:00:00.000Z,2023,11,12,26.63,27.7,25.73,82.21,2.22,16.42,1.56,2.21,248.5,0
6958bb43a2106ae9c65f0305,2023-11-13T00:00:00.000Z,2023,11,13,26.84,28.44,25.67,82.6,6.73,16.53,2.71,3.8,254.8,0
6958bb43a2106ae9c65f0306,2023-11-14T00:00:00.000Z,2023,11,14,26.6,28.25,25.38,80.96,1.88,12.61,1.99,2.75,335,0
6958bb43a2106ae9c65f0307,2023-11-15T00:00:00.000Z,2023,11,15,26.2,27.35,25.09,86.63,3.93,7.59,2.75,3.49,43.1,0
6958bb43a2106ae9c65f0308,2023-11-16T00:00:00.000Z,2023,11,16,26.86,28.35,25.4,85.89,13.34,18.97,2.62,4.09,52.2,0
6958bb43a2106ae9c65f0309,2023-11-17T00:00:00.000Z,2023,11,17,26.71,27.63,25.88,87.54,12.65,9.84,2.14,4.3,80.9,0
6958bb43a2106ae9c65f030a,2023-11-18T00:00:00.000Z,2023,11,18,26.46,27.48,25.34,86.81,10.72,11.55,2.69,4.96,55.8,0
6958bb43a2106ae9c65f030b,2023-11-19T00:00:00.000Z,2023,11,19,27.12,28.57,25.69,87.04,5.85,18.77,4.19,5.68,82.1,0
6958bb43a2106ae9c65f030c,2023-11-20T00:00:00.000Z,2023,11,20,27.01,28.3,25.81,84.77,1.56,17.63,4.22,4.69,82.8,0
6958bb43a2106ae9c65f030d,2023-11-21T00:00:00.000Z,2023,11,21,26.28,27.03,25.65,83.34,4.17,13,3.06,4.34,83.3,0
6958bb43a2106ae9c65f030e,2023-11-22T00:00:00.000Z,2023,11,22,26.28,27.33,25.14,82.72,0.96,16.82,2.17,3.92,36.8,0
6958bb43a2106ae9c65f030f,2023-11-23T00:00:00.000Z,2023,11,23,26.34,27.96,24.89,84.43,11.81,14.32,2.61,4.36,41.4,0
6958bb43a2106ae9c65f0310,2023-11-24T00:00:00.000Z,2023,11,24,26.12,27.56,24.94,85.31,9.48,14.43,3.34,4.09,70.7,0
6958bb43a2106ae9c65f0311,2023-11-25T00:00:00.000Z,2023,11,25,26.65,28.78,25.19,81.22,46.54,15.73,2.54,3.31,93.3,0
6958bb43a2106ae9c65f0312,2023-11-26T00:00:00.000Z,2023,11,26,25.98,26.7,25.42,84.78,25.37,9.39,1.78,2.61,310.3,0
6958bb43a2106ae9c65f0313,2023-11-27T00:00:00.000Z,2023,11,27,25.67,26.27,25.22,88.13,20.52,10.51,2.87,3.64,38.9,0
6958bb43a2106ae9c65f0314,2023-11-28T00:00:00.000Z,2023,11,28,26.17,27.12,25.09,88.74,26.79,12.98,4.26,5.47,83.2,0
6958bb43a2106ae9c65f0315,2023-11-29T00:00:00.000Z,2023,11,29,26.6,27.84,25.62,88.08,27.62,10.22,1.8,3.19,91.4,0
6958bb43a2106ae9c65f0316,2023-11-30T00:00:00.000Z,2023,11,30,26.25,27.31,25.05,87.15,12.63,11.86,2.57,4.33,71.9,0
6958bb43a2106ae9c65f0317,2023-12-01T00:00:00.000Z,2023,12,1,26.16,27.15,25.16,86.46,8.92,13.93,1.91,3.38,12.1,0
6958bb43a2106ae9c65f0318,2023-12-02T00:00:00.000Z,2023,12,2,26.54,27.91,25.24,88.77,10.21,11.54,4.79,5.97,43.5,0
6958bb43a2106ae9c65f0319,2023-12-03T00:00:00.000Z,2023,12,3,26.04,26.56,25.38,89.77,4.79,10.04,3.79,5.86,16.1,0
6958bb43a2106ae9c65f031a,2023-12-04T00:00:00.000Z,2023,12,4,26.75,28.24,25.36,81.85,10.58,17.75,0.95,1.69,42.5,0
6958bb43a2106ae9c65f031b,2023-12-05T00:00:00.000Z,2023,12,5,26.75,28.23,25.55,81.89,4.1,5.51,1.49,2.56,182.5,0
6958bb43a2106ae9c65f031c,2023-12-06T00:00:00.000Z,2023,12,6,26.71,28.98,25.11,80.85,10.46,13.91,1.5,2.47,59.5,0
6958bb43a2106ae9c65f031d,2023-12-07T00:00:00.000Z,2023,12,7,26.48,28.15,25.28,84.61,5.36,15.01,2.26,3.97,52.2,0
6958bb43a2106ae9c65f031e,2023-12-08T00:00:00.000Z,2023,12,8,26.76,28.04,25.29,86.23,1.62,17.08,4.29,5.38,76.4,0
6958bb43a2106ae9c65f031f,2023-12-09T00:00:00.000Z,2023,12,9,27.33,28.43,26.4,87.51,6.59,18.14,3.26,4.13,60.2,0
6958bb43a2106ae9c65f0320,2023-12-10T00:00:00.000Z,2023,12,10,26.82,27.54,26.24,88.68,8.85,17.21,3.03,3.93,60.7,0
6958bb43a2106ae9c65f0321,2023-12-11T00:00:00.000Z,2023,12,11,27.05,29.32,25.47,80.78,8,17.62,1.75,2.3,62,0
6958bb43a2106ae9c65f0322,2023-12-12T00:00:00.000Z,2023,12,12,26.13,26.86,25.62,82.6,13.42,12.98,1.26,2.21,199.9,0
6958bb43a2106ae9c65f0323,2023-12-13T00:00:00.000Z,2023,12,13,26.8,28.04,25.63,82.01,9.05,17.22,2.95,3.96,64.6,0
6958bb43a2106ae9c65f0324,2023-12-14T00:00:00.000Z,2023,12,14,26.54,27.6,25.57,87.26,2.74,17.34,3.67,4.41,80,0
6958bb43a2106ae9c65f0325,2023-12-15T00:00:00.000Z,2023,12,15,26.79,28.03,25.58,87.88,6.32,11.73,5.01,6.86,54.6,0
6958bb43a2106ae9c65f0326,2023-12-16T00:00:00.000Z,2023,12,16,27.02,28.35,26.22,88.42,11.83,11.7,6.07,6.97,54.7,0
6958bb43a2106ae9c65f0327,2023-12-17T00:00:00.000Z,2023,12,17,26.67,28.19,25.37,84.97,10.06,15.34,4.74,7.06,75,0
6958bb43a2106ae9c65f0328,2023-12-18T00:00:00.000Z,2023,12,18,26.78,27.9,25.69,86.96,5.09,16.02,3.09,5.49,61,0
6958bb43a2106ae9c65f0329,2023-12-19T00:00:00.000Z,2023,12,19,27.36,29.07,25.54,83.99,1.5,20.35,4,5.64,73.7,0
6958bb43a2106ae9c65f032a,2023-12-20T00:00:00.000Z,2023,12,20,27.24,29.09,25.52,86,6.58,16.46,4.03,5.17,59.2,0
6958bb43a2106ae9c65f032b,2023-12-21T00:00:00.000Z,2023,12,21,27.21,28.5,26.2,86.2,2.92,19.04,4.6,6.76,71.9,0
6958bb43a2106ae9c65f032c,2023-12-22T00:00:00.000Z,2023,12,22,27.26,29.15,25.58,84.59,2.37,18.86,6.36,8.97,75.1,0
6958bb43a2106ae9c65f032d,2023-12-23T00:00:00.000Z,2023,12,23,27.16,28.68,26.12,84.47,3.83,16.44,6.15,8.52,75,0
6958bb43a2106ae9c65f032e,2023-12-24T00:00:00.000Z,2023,12,24,26.42,27.61,25.82,89.1,54.77,6.86,6.01,7.65,64.5,0
6958bb43a2106ae9c65f032f,2023-12-25T00:00:00.000Z,2023,12,25,26.01,26.6,25.46,90.49,35.68,3.76,4.73,6.68,84.9,0
6958bb43a2106ae9c65f0330,2023-12-26T00:00:00.000Z,2023,12,26,26.1,27.2,24.89,89.71,19.7,13.54,5.17,6.57,80.5,0
6958bb43a2106ae9c65f0331,2023-12-27T00:00:00.000Z,2023,12,27,26.85,28.5,25.8,87.98,14.51,17.78,7.41,8.09,77.8,0
6958bb43a2106ae9c65f0332,2023-12-28T00:00:00.000Z,2023,12,28,26.7,28.15,25.74,88.66,2.61,18.05,6.92,8.31,75.2,0
6958bb43a2106ae9c65f0333,2023-12-29T00:00:00.000Z,2023,12,29,26.65,28.26,25.58,87.43,6.56,12.38,5.73,7.06,73.8,0
6958bb43a2106ae9c65f0334,2023-12-30T00:00:00.000Z,2023,12,30,26.19,27.3,25.38,90.49,10.12,10.63,5.9,8.27,72.5,0
6958bb43a2106ae9c65f0335,2023-12-31T00:00:00.000Z,2023,12,31,26.21,27.95,24.54,86.34,5.94,18.4,5.1,6.72,86.3,0
6958bb43a2106ae9c65f0336,2024-01-01T00:00:00.000Z,2024,1,1,26.44,28.12,24.76,87.01,2.64,18.23,3.86,4.95,69.5,0
6958bb43a2106ae9c65f0337,2024-01-02T00:00:00.000Z,2024,1,2,26.93,28.74,25.28,84.98,4.78,20.35,3.53,4.57,80.3,0
6958bb43a2106ae9c65f0338,2024-01-03T00:00:00.000Z,2024,1,3,26.77,28,25.81,86.43,4.02,15.16,3.3,5.52,75.5,0
6958bb43a2106ae9c65f0339,2024-01-04T00:00:00.000Z,2024,1,4,26.94,28.45,25.67,85.58,3.05,18.91,3.97,5.3,67.5,0
6958bb43a2106ae9c65f033a,2024-01-05T00:00:00.000Z,2024,1,5,27.2,29.25,25.37,84.33,4.97,16.79,3.58,5.69,81.8,0
6958bb43a2106ae9c65f033b,2024-01-06T00:00:00.000Z,2024,1,6,27.07,28.96,25.67,83.39,0.95,14.96,3.28,4.46,67.9,0
6958bb43a2106ae9c65f033c,2024-01-07T00:00:00.000Z,2024,1,7,26.54,27.92,25.57,87.03,2.34,15.07,5.31,6.43,85.3,0
6958bb43a2106ae9c65f033d,2024-01-08T00:00:00.000Z,2024,1,8,26.98,28.67,25.48,87.7,6.87,13.88,4.3,6.07,58.1,0
6958bb43a2106ae9c65f033e,2024-01-09T00:00:00.000Z,2024,1,9,26.96,28.41,25.98,87.92,3.22,13.93,4.06,5.99,71.9,0
6958bb43a2106ae9c65f033f,2024-01-10T00:00:00.000Z,2024,1,10,26.96,28.42,26.03,86.8,5.14,14.34,5.96,7.36,68.4,0
6958bb43a2106ae9c65f0340,2024-01-11T00:00:00.000Z,2024,1,11,26.92,28.39,25.41,85.25,0.54,17.54,5.52,7.5,61.6,0
6958bb43a2106ae9c65f0341,2024-01-12T00:00:00.000Z,2024,1,12,26.95,28.93,25.37,84.07,0.07,17.71,5.43,6.72,65.3,0
6958bb43a2106ae9c65f0342,2024-01-13T00:00:00.000Z,2024,1,13,26.8,28.57,25.04,82.89,0.09,17.63,5.11,6.2,61.3,0
6958bb43a2106ae9c65f0343,2024-01-14T00:00:00.000Z,2024,1,14,27.11,28.76,25.61,81.58,0.05,20.58,4.54,5.8,73.8,0
6958bb43a2106ae9c65f0344,2024-01-15T00:00:00.000Z,2024,1,15,27.45,29.54,25.75,80.78,0.11,18.03,3.59,4.27,73.4,0
6958bb43a2106ae9c65f0345,2024-01-16T00:00:00.000Z,2024,1,16,27.33,28.85,26.16,84.82,5.79,16.89,4.92,6.4,76.5,0
6958bb43a2106ae9c65f0346,2024-01-17T00:00:00.000Z,2024,1,17,26.54,27.17,26.05,88.32,27.34,7.06,3.9,7.16,85.4,0
6958bb43a2106ae9c65f0347,2024-01-18T00:00:00.000Z,2024,1,18,26.74,27.88,25.58,85.2,2.17,19.07,4.74,6.06,76.2,0
6958bb43a2106ae9c65f0348,2024-01-19T00:00:00.000Z,2024,1,19,26.62,28.38,25.32,85.14,0.69,14.39,5.39,7.03,67.4,0
6958bb43a2106ae9c65f0349,2024-01-20T00:00:00.000Z,2024,1,20,27.19,29.35,25.54,82.89,1.04,20.76,4.09,5.3,64.2,0
6958bb43a2106ae9c65f034a,2024-01-21T00:00:00.000Z,2024,1,21,27.2,28.82,25.72,83.67,0.93,19.3,4.82,6,59.9,0
6958bb43a2106ae9c65f034b,2024-01-22T00:00:00.000Z,2024,1,22,27.45,29.43,25.81,81.64,0.19,21.5,4.95,5.81,50.5,0
6958bb43a2106ae9c65f034c,2024-01-23T00:00:00.000Z,2024,1,23,26.82,28.35,25.81,82.83,0.31,18.08,5.55,7.01,50.1,0
6958bb43a2106ae9c65f034d,2024-01-24T00:00:00.000Z,2024,1,24,27.1,28.79,25.63,83.73,2.83,17.55,3.29,4.49,77.3,0
6958bb43a2106ae9c65f034e,2024-01-25T00:00:00.000Z,2024,1,25,27.02,29.23,25.47,83.42,28.02,20.31,3.37,4.65,78.3,0
6958bb43a2106ae9c65f034f,2024-01-26T00:00:00.000Z,2024,1,26,26.67,27.88,25.6,87.93,25.97,16.88,6.16,7.55,76.2,0
6958bb43a2106ae9c65f0350,2024-01-27T00:00:00.000Z,2024,1,27,26.32,27.54,25.34,87.36,29.01,11.44,4.51,6.19,97.1,0
6958bb43a2106ae9c65f0351,2024-01-28T00:00:00.000Z,2024,1,28,26.76,28.23,25.3,85.7,19.64,14.59,3.99,5.38,74.8,0
6958bb43a2106ae9c65f0352,2024-01-29T00:00:00.000Z,2024,1,29,27.15,28.54,25.49,82.99,14.78,15.89,3.62,5.23,95.2,0
6958bb43a2106ae9c65f0353,2024-01-30T00:00:00.000Z,2024,1,30,27.32,29.22,25.72,82.22,2.53,20.06,3.92,5.52,59.4,0
6958bb43a2106ae9c65f0354,2024-01-31T00:00:00.000Z,2024,1,31,27.22,29.09,25.94,82.4,0.42,22.12,6.09,7.8,73,0
6958bb43a2106ae9c65f0355,2024-02-01T00:00:00.000Z,2024,2,1,26.79,28.31,25.31,84.54,0.17,21.78,5.1,6.52,64.2,0
6958bb43a2106ae9c65f0356,2024-02-02T00:00:00.000Z,2024,2,2,26.84,28.25,25.56,83.9,0.27,21.61,3.37,4.8,48.6,0
6958bb43a2106ae9c65f0357,2024-02-03T00:00:00.000Z,2024,2,3,27.39,29.35,25.64,79.31,0.18,21.1,2.71,4.13,45,0
6958bb43a2106ae9c65f0358,2024-02-04T00:00:00.000Z,2024,2,4,27.15,28.85,26.09,82.54,1.51,21.88,3.87,5.32,45.5,0
6958bb43a2106ae9c65f0359,2024-02-05T00:00:00.000Z,2024,2,5,27.31,29.64,25.6,81.88,1.9,22.88,4.03,4.91,52.2,0
6958bb43a2106ae9c65f035a,2024-02-06T00:00:00.000Z,2024,2,6,27.43,29.76,25.43,82.61,0.37,19.08,4.42,5.09,47.1,0
6958bb43a2106ae9c65f035b,2024-02-07T00:00:00.000Z,2024,2,7,27.52,29.62,25.7,82.68,0.08,21.59,4.64,5.61,53.4,0
6958bb43a2106ae9c65f035c,2024-02-08T00:00:00.000Z,2024,2,8,27.78,29.77,25.93,80.87,0.12,20.36,4.68,6.73,37.9,0
6958bb43a2106ae9c65f035d,2024-02-09T00:00:00.000Z,2024,2,9,27.89,29.33,26.43,82.6,0.96,19.98,5.02,6.21,43.4,0
6958bb43a2106ae9c65f035e,2024-02-10T00:00:00.000Z,2024,2,10,28.07,30.31,26.13,80.76,0.37,21.67,5.23,7.94,77.7,0
6958bb43a2106ae9c65f035f,2024-02-11T00:00:00.000Z,2024,2,11,28.09,30.4,26.57,79.72,1.2,22.06,7.16,9.28,79.5,0
6958bb43a2106ae9c65f0360,2024-02-12T00:00:00.000Z,2024,2,12,27.21,29.19,25.91,78.24,4.15,22.51,8.44,10.39,75.1,0
6958bb43a2106ae9c65f0361,2024-02-13T00:00:00.000Z,2024,2,13,27.57,30.01,25.75,80.06,1.27,22.1,7.23,9.07,74.4,0
6958bb43a2106ae9c65f0362,2024-02-14T00:00:00.000Z,2024,2,14,27.74,30.35,25.66,81.88,0.96,18.96,6.44,7.83,69.6,0
6958bb43a2106ae9c65f0363,2024-02-15T00:00:00.000Z,2024,2,15,27.47,29.45,26.16,84.25,2.83,19.38,5.93,8.06,75.8,0
6958bb43a2106ae9c65f0364,2024-02-16T00:00:00.000Z,2024,2,16,27.41,29.52,25.88,82.09,2.06,16.94,6.09,7.66,66.4,0
6958bb43a2106ae9c65f0365,2024-02-17T00:00:00.000Z,2024,2,17,27.23,28.78,25.77,83.71,1.57,19.37,4,5.42,73.3,0
6958bb43a2106ae9c65f0366,2024-02-18T00:00:00.000Z,2024,2,18,27.36,28.84,26.1,82.54,0.86,20.99,3.43,5.34,64,0
6958bb43a2106ae9c65f0367,2024-02-19T00:00:00.000Z,2024,2,19,27.35,29.07,26.15,80.36,9.83,20.03,1.95,3.18,8.9,0
6958bb43a2106ae9c65f0368,2024-02-20T00:00:00.000Z,2024,2,20,26.92,28.14,25.93,84.93,12.33,16.64,2.78,4.1,345.5,0
6958bb43a2106ae9c65f0369,2024-02-21T00:00:00.000Z,2024,2,21,27.87,30.44,25.91,79.27,1.99,23.22,1.91,2.86,332,0
6958bb43a2106ae9c65f036a,2024-02-22T00:00:00.000Z,2024,2,22,28.07,30.3,26.29,80.63,1.65,22.36,2.55,4.06,7.6,0
6958bb43a2106ae9c65f036b,2024-02-23T00:00:00.000Z,2024,2,23,27.96,29.85,26.75,81.21,3.47,21.94,4.48,5.36,28.6,0
6958bb43a2106ae9c65f036c,2024-02-24T00:00:00.000Z,2024,2,24,28.42,30.98,26.41,78.55,0.39,24.26,3.31,4.91,67.2,0
6958bb43a2106ae9c65f036d,2024-02-25T00:00:00.000Z,2024,2,25,28,29.98,26.48,78.74,0.9,21.61,3.91,6.17,67.2,0
6958bb43a2106ae9c65f036e,2024-02-26T00:00:00.000Z,2024,2,26,28.23,30.67,26.28,78.78,0.98,20.49,5.28,6.63,77.9,0
6958bb43a2106ae9c65f036f,2024-02-27T00:00:00.000Z,2024,2,27,27.95,30.31,26.33,79.55,0.93,18.89,6.12,7.69,72.2,0
6958bb43a2106ae9c65f0370,2024-02-28T00:00:00.000Z,2024,2,28,27.89,30.36,25.75,80.48,0.54,21.72,5.19,6.36,68.9,0
6958bb43a2106ae9c65f0371,2024-02-29T00:00:00.000Z,2024,2,29,27.91,30.36,26.22,81.04,4.03,20.33,4.95,6.28,67.7,0
6958bb43a2106ae9c65f0372,2024-03-01T00:00:00.000Z,2024,3,1,28.08,30.38,26.13,78.5,1.43,23.12,4.39,5.75,58.3,0
6958bb43a2106ae9c65f0373,2024-03-02T00:00:00.000Z,2024,3,2,27.86,30.09,26.04,80.59,0.36,20.14,4.12,5.72,59.8,0
6958bb43a2106ae9c65f0374,2024-03-03T00:00:00.000Z,2024,3,3,27.77,29.58,26.13,82.3,0.7,20.65,4.37,5.53,57.4,0
6958bb43a2106ae9c65f0375,2024-03-04T00:00:00.000Z,2024,3,4,28.01,29.81,26.64,83.23,2.37,17.12,2.87,4.08,46.7,0
6958bb43a2106ae9c65f0376,2024-03-05T00:00:00.000Z,2024,3,5,27.62,29.32,26.25,84.25,6.16,16.3,3.28,6.83,29.9,0
6958bb43a2106ae9c65f0377,2024-03-06T00:00:00.000Z,2024,3,6,27.97,30.31,26.15,77.04,0.77,21.02,2.21,2.82,42.7,0
6958bb43a2106ae9c65f0378,2024-03-07T00:00:00.000Z,2024,3,7,27.5,29.32,26.35,79.41,2.35,20.24,3.31,5.38,342.2,0
6958bb43a2106ae9c65f0379,2024-03-08T00:00:00.000Z,2024,3,8,27.25,28.63,25.92,76.53,5.89,18.73,2.42,3.16,298.5,0
6958bb43a2106ae9c65f037a,2024-03-09T00:00:00.000Z,2024,3,9,27.44,29.49,25.75,76.23,1.6,19.42,3.2,4.56,336.6,0
6958bb43a2106ae9c65f037b,2024-03-10T00:00:00.000Z,2024,3,10,27.64,29.91,26.3,78.81,1.73,20.77,4.2,5.74,68.6,0
6958bb43a2106ae9c65f037c,2024-03-11T00:00:00.000Z,2024,3,11,28.21,31.03,26.31,79.01,0.3,23.57,4.37,5.55,78.9,0
6958bb43a2106ae9c65f037d,2024-03-12T00:00:00.000Z,2024,3,12,28.37,31.71,25.97,73.11,0.13,25.46,2.28,3.56,63.7,0
6958bb43a2106ae9c65f037e,2024-03-13T00:00:00.000Z,2024,3,13,28.22,31.55,25.29,73.28,0.01,25.22,3.23,4.5,66,0
6958bb43a2106ae9c65f037f,2024-03-14T00:00:00.000Z,2024,3,14,28.25,30.89,26.25,75.72,0.67,25.26,2.96,4.68,40.8,0
6958bb43a2106ae9c65f0380,2024-03-15T00:00:00.000Z,2024,3,15,28.62,30.94,26.76,77.58,1.7,22.82,3.84,6.02,47.2,0
6958bb43a2106ae9c65f0381,2024-03-16T00:00:00.000Z,2024,3,16,28.24,30.45,26.63,78.38,1.25,19.52,3.89,5.6,45.8,0
6958bb43a2106ae9c65f0382,2024-03-17T00:00:00.000Z,2024,3,17,28.81,31.69,26.19,73.63,0.11,25.1,3.38,5.07,58.4,0
6958bb43a2106ae9c65f0383,2024-03-18T00:00:00.000Z,2024,3,18,28.32,30.25,26.55,76.81,2.05,18.81,3.98,5.63,65.8,0
6958bb43a2106ae9c65f0384,2024-03-19T00:00:00.000Z,2024,3,19,28.1,30.56,25.84,77.07,0.85,24.18,4.03,5.48,57.8,0
6958bb43a2106ae9c65f0385,2024-03-20T00:00:00.000Z,2024,3,20,28.19,29.94,26.8,77.88,2.03,16.76,3.14,5.72,75.6,0
6958bb43a2106ae9c65f0386,2024-03-21T00:00:00.000Z,2024,3,21,28.76,30.92,27.11,76.16,0.29,23.36,2.83,4.34,49.4,0
6958bb43a2106ae9c65f0387,2024-03-22T00:00:00.000Z,2024,3,22,28.69,30.98,26.7,77.38,0.69,22.03,3.74,4.89,36.3,0
6958bb43a2106ae9c65f0388,2024-03-23T00:00:00.000Z,2024,3,23,28.71,30.58,27.18,76.74,0.25,23.39,2.15,3.28,58.8,0
6958bb43a2106ae9c65f0389,2024-03-24T00:00:00.000Z,2024,3,24,28.88,31.59,27.3,75.36,0.19,23.37,2.49,4.36,19,0
6958bb43a2106ae9c65f038a,2024-03-25T00:00:00.000Z,2024,3,25,28.98,31.59,27.01,76.67,0.78,23.28,3.54,5.13,41.8,0
6958bb43a2106ae9c65f038b,2024-03-26T00:00:00.000Z,2024,3,26,29.12,31.17,27.26,77.18,0.65,21.44,3.58,5.16,60.8,0
6958bb43a2106ae9c65f038c,2024-03-27T00:00:00.000Z,2024,3,27,27.99,29.16,26.86,79.24,24.56,9.34,2.56,4.21,97.1,0
6958bb43a2106ae9c65f038d,2024-03-28T00:00:00.000Z,2024,3,28,28.89,31.96,26.58,74.09,3.69,23.39,2.25,3.48,83.8,0
6958bb43a2106ae9c65f038e,2024-03-29T00:00:00.000Z,2024,3,29,28.68,31.03,27.07,74.84,2.99,23.62,1.79,2.36,36.7,0
6958bb43a2106ae9c65f038f,2024-03-30T00:00:00.000Z,2024,3,30,27.72,29.66,26.66,81.31,12.51,13.73,1.71,2.67,337.5,0
6958bb43a2106ae9c65f0390,2024-03-31T00:00:00.000Z,2024,3,31,28.66,31.19,26.91,80.12,1.51,20.65,2.61,3.74,13.4,0
6958bb43a2106ae9c65f0391,2024-04-01T00:00:00.000Z,2024,4,1,28.95,31.37,26.74,72.98,12.74,17.14,2.13,4.2,97.5,0
6958bb43a2106ae9c65f0392,2024-04-02T00:00:00.000Z,2024,4,2,29.14,31.59,27.51,74.82,16.93,23.71,1.84,3.18,340.5,0
6958bb43a2106ae9c65f0393,2024-04-03T00:00:00.000Z,2024,4,3,28.53,29.96,27.72,81.68,4.36,22.45,2.58,4.31,337,0
6958bb43a2106ae9c65f0394,2024-04-04T00:00:00.000Z,2024,4,4,28.57,29.76,27.7,78.08,1.55,21.41,2.5,3.58,338.2,0
6958bb43a2106ae9c65f0395,2024-04-05T00:00:00.000Z,2024,4,5,29.06,31.17,27.21,74.36,0.98,23.31,2.26,3.62,356.3,0
6958bb43a2106ae9c65f0396,2024-04-06T00:00:00.000Z,2024,4,6,29.64,31.32,28.22,79.35,0.57,23.82,3.33,4.9,31.1,0
6958bb43a2106ae9c65f0397,2024-04-07T00:00:00.000Z,2024,4,7,28.79,30.51,27.49,82.93,0.29,22.87,5.51,8.44,6.4,0
6958bb43a2106ae9c65f0398,2024-04-08T00:00:00.000Z,2024,4,8,29.09,31.81,27.17,72.47,1.44,22.29,1.95,3.65,353.2,0
6958bb43a2106ae9c65f0399,2024-04-09T00:00:00.000Z,2024,4,9,28.71,30.82,27.32,76.27,16.05,16.03,2.14,4.24,22.8,0
6958bb43a2106ae9c65f039a,2024-04-10T00:00:00.000Z,2024,4,10,27.88,29.06,26.61,79.86,4.35,17.5,3.22,4.92,102,0
6958bb43a2106ae9c65f039b,2024-04-11T00:00:00.000Z,2024,4,11,29.04,31.09,27.68,76.82,3.53,19.94,4.32,6.62,68.6,0
6958bb43a2106ae9c65f039c,2024-04-12T00:00:00.000Z,2024,4,12,28.63,30.51,27.21,80.36,2.59,14.21,4.21,6.6,89.7,0
6958bb43a2106ae9c65f039d,2024-04-13T00:00:00.000Z,2024,4,13,28.71,30.88,26.91,76.92,3.39,21.73,2.09,3.15,74.2,0
6958bb43a2106ae9c65f039e,2024-04-14T00:00:00.000Z,2024,4,14,28.92,30.98,27.52,74.15,1.04,21.87,1.96,3.49,50.1,0
6958bb43a2106ae9c65f039f,2024-04-15T00:00:00.000Z,2024,4,15,29.14,31.73,27.39,74.44,2.21,20.98,2.24,4.38,33.7,0
6958bb43a2106ae9c65f03a0,2024-04-16T00:00:00.000Z,2024,4,16,28.22,29.86,27.36,79.81,3.21,17.41,1.69,2.74,313.1,0
6958bb43a2106ae9c65f03a1,2024-04-17T00:00:00.000Z,2024,4,17,28.59,29.97,27.43,76.64,4.02,17.44,1.41,2.56,29.6,0
6958bb43a2106ae9c65f03a2,2024-04-18T00:00:00.000Z,2024,4,18,29.03,30.7,27.77,77.56,2.44,20.79,1.88,2.94,269.3,0
6958bb43a2106ae9c65f03a3,2024-04-19T00:00:00.000Z,2024,4,19,28.18,29.78,27.15,79.95,7.6,19.16,3.02,3.69,232.6,0
6958bb43a2106ae9c65f03a4,2024-04-20T00:00:00.000Z,2024,4,20,29.06,31.81,26.81,74.29,6.06,21.17,3.36,4.66,215.5,0
6958bb43a2106ae9c65f03a5,2024-04-21T00:00:00.000Z,2024,4,21,29.1,31.87,26.82,76.05,1.86,22.12,3.41,4.54,249.7,0
6958bb43a2106ae9c65f03a6,2024-04-22T00:00:00.000Z,2024,4,22,29.19,30.75,28.04,75.09,2.68,22.01,1.88,2.54,291.3,0
6958bb43a2106ae9c65f03a7,2024-04-23T00:00:00.000Z,2024,4,23,29.19,31.23,27.66,74.3,1.14,21.37,2.45,4.02,331.8,0
6958bb43a2106ae9c65f03a8,2024-04-24T00:00:00.000Z,2024,4,24,29.11,30.23,28.15,79.14,0.51,20.91,2.68,3.9,7,0
6958bb43a2106ae9c65f03a9,2024-04-25T00:00:00.000Z,2024,4,25,28.79,30.13,27.89,82.12,5.23,17.38,2.71,3.44,31.3,0
6958bb43a2106ae9c65f03aa,2024-04-26T00:00:00.000Z,2024,4,26,29.16,30.64,27.54,76.14,0.74,19.37,1.67,2.96,246.9,0
6958bb43a2106ae9c65f03ab,2024-04-27T00:00:00.000Z,2024,4,27,28.67,30.11,27.59,80.27,1.27,17.9,2.18,3.35,2.7,0
6958bb43a2106ae9c65f03ac,2024-04-28T00:00:00.000Z,2024,4,28,29.75,31.66,27.74,74.13,2.75,22.16,1.96,4.92,190.6,0
6958bb43a2106ae9c65f03ad,2024-04-29T00:00:00.000Z,2024,4,29,29.65,30.88,28.43,79.17,0.52,18.76,2.36,3.64,37.9,0
6958bb43a2106ae9c65f03ae,2024-04-30T00:00:00.000Z,2024,4,30,29.67,31.04,28.17,83.12,7.41,18.65,2.74,5.61,147,0
6958bb43a2106ae9c65f03af,2024-05-01T00:00:00.000Z,2024,5,1,28.93,30.21,27.95,81.25,0.67,21.66,3.43,4.76,233.6,0
6958bb43a2106ae9c65f03b0,2024-05-02T00:00:00.000Z,2024,5,2,29.81,32.53,27.98,74.32,0.94,15.78,1.47,2.58,310,0
6958bb43a2106ae9c65f03b1,2024-05-03T00:00:00.000Z,2024,5,3,28.94,30.03,27.97,83.52,5.04,15.13,2.24,4.26,223.3,0
6958bb43a2106ae9c65f03b2,2024-05-04T00:00:00.000Z,2024,5,4,29.28,31.97,27.09,77.08,6.5,22.44,2.61,3.99,242.5,0
6958bb43a2106ae9c65f03b3,2024-05-05T00:00:00.000Z,2024,5,5,29.61,31.88,27.81,76.49,0.41,18.54,2.31,3.14,341.6,0
6958bb43a2106ae9c65f03b4,2024-05-06T00:00:00.000Z,2024,5,6,29.76,31.31,28.37,75.92,3.13,21.12,2,2.67,356.3,0
6958bb43a2106ae9c65f03b5,2024-05-07T00:00:00.000Z,2024,5,7,28.85,30.15,28.04,79.66,7.37,18.8,1.82,4.1,346.4,0
6958bb43a2106ae9c65f03b6,2024-05-08T00:00:00.000Z,2024,5,8,29.02,29.95,28.09,76.89,2.39,16.12,1.37,2.01,22.5,0
6958bb43a2106ae9c65f03b7,2024-05-09T00:00:00.000Z,2024,5,9,29.52,31.14,28.25,73.96,0.32,20.94,2.14,4.52,84.6,0
6958bb43a2106ae9c65f03b8,2024-05-10T00:00:00.000Z,2024,5,10,28.93,30.28,27.96,79.39,10.9,13.92,1.76,3.26,291.2,0
6958bb43a2106ae9c65f03b9,2024-05-11T00:00:00.000Z,2024,5,11,28.02,29.25,26.99,83.32,9.14,10.34,2.73,4.84,238.6,0
6958bb43a2106ae9c65f03ba,2024-05-12T00:00:00.000Z,2024,5,12,27.91,29.1,26.99,81.41,25.05,19.43,2.18,3.54,207.8,0
6958bb43a2106ae9c65f03bb,2024-05-13T00:00:00.000Z,2024,5,13,28.77,30.98,26.66,72.7,6.3,17.02,2.33,4.7,165.7,0
6958bb43a2106ae9c65f03bc,2024-05-14T00:00:00.000Z,2024,5,14,28.75,30.76,27.27,77.38,10.85,19.68,1.46,2.14,12.3,0
6958bb43a2106ae9c65f03bd,2024-05-15T00:00:00.000Z,2024,5,15,28.38,30.08,27.07,79.61,3.36,12.82,1.65,2.73,337.8,0
6958bb43a2106ae9c65f03be,2024-05-16T00:00:00.000Z,2024,5,16,28.25,29.62,27.24,82.88,3.68,16.32,2.04,2.82,337.7,0
6958bb43a2106ae9c65f03bf,2024-05-17T00:00:00.000Z,2024,5,17,27.73,28.81,27.03,88.77,8.76,16.77,2.43,3.87,258.7,0
6958bb43a2106ae9c65f03c0,2024-05-18T00:00:00.000Z,2024,5,18,27.87,29.41,26.85,86.76,1.88,20.15,1.59,3.17,309.2,0
6958bb43a2106ae9c65f03c1,2024-05-19T00:00:00.000Z,2024,5,19,27.82,28.98,26.84,86.01,6.36,19.62,3.3,4.99,255.2,0
6958bb43a2106ae9c65f03c2,2024-05-20T00:00:00.000Z,2024,5,20,28.16,29.39,27.13,88.71,19.24,15.62,4.15,6.41,245.6,0
6958bb43a2106ae9c65f03c3,2024-05-21T00:00:00.000Z,2024,5,21,27.67,28.9,26.96,85.58,17.55,14.55,5.55,7.74,221.1,0
6958bb43a2106ae9c65f03c4,2024-05-22T00:00:00.000Z,2024,5,22,27.74,29.34,26.57,82.94,3.27,15.83,5.2,7.49,225.9,0
6958bb43a2106ae9c65f03c5,2024-05-23T00:00:00.000Z,2024,5,23,28.83,31.53,26.53,75.7,0.42,17.36,3.8,5.43,218.6,0
6958bb43a2106ae9c65f03c6,2024-05-24T00:00:00.000Z,2024,5,24,28.18,30.57,25.95,74.66,1.07,17.05,4.95,5.76,221.9,0
6958bb43a2106ae9c65f03c7,2024-05-25T00:00:00.000Z,2024,5,25,29.09,31.53,26.93,72.93,1,16.12,2.57,4.57,234.5,0
6958bb43a2106ae9c65f03c8,2024-05-26T00:00:00.000Z,2024,5,26,29.21,31.57,27.17,76.53,0.91,20.71,2.18,3.92,168.6,0
6958bb43a2106ae9c65f03c9,2024-05-27T00:00:00.000Z,2024,5,27,29.36,32.56,26.54,70,0.38,20.45,2.9,4.31,189,0
6958bb43a2106ae9c65f03ca,2024-05-28T00:00:00.000Z,2024,5,28,29.23,32.13,26.92,75.2,0.08,21.37,2.64,3.78,218.4,0
6958bb43a2106ae9c65f03cb,2024-05-29T00:00:00.000Z,2024,5,29,29.3,32.15,27.11,76.63,0.42,22.32,3.55,4.62,219.1,0
6958bb43a2106ae9c65f03cc,2024-05-30T00:00:00.000Z,2024,5,30,29.01,30.95,27.48,77.33,0.92,18.71,4.64,6.75,194.5,0
6958bb43a2106ae9c65f03cd,2024-05-31T00:00:00.000Z,2024,5,31,28.12,30.16,27.11,81.33,4.11,12.59,7.1,8.78,203.6,0
6958bb43a2106ae9c65f03ce,2024-06-01T00:00:00.000Z,2024,6,1,28.3,30.72,26.67,74.94,0.67,14.09,6.59,8.02,193.2,0
6958bb43a2106ae9c65f03cf,2024-06-02T00:00:00.000Z,2024,6,2,29.05,31.81,26.47,69.58,0.16,13.51,2.82,4.37,201.8,0
6958bb43a2106ae9c65f03d0,2024-06-03T00:00:00.000Z,2024,6,3,28.72,30.38,27.57,72.84,0.21,17.65,1.43,3.16,41.5,0
6958bb43a2106ae9c65f03d1,2024-06-04T00:00:00.000Z,2024,6,4,30.07,33.13,28.01,69.32,0.06,23.57,1.82,3.22,227.7,0
6958bb43a2106ae9c65f03d2,2024-06-05T00:00:00.000Z,2024,6,5,29,31.63,26.69,72.41,0.31,21.99,2.52,3.42,228.2,0
6958bb43a2106ae9c65f03d3,2024-06-06T00:00:00.000Z,2024,6,6,29.22,32.19,27.21,68.65,1.51,20.67,2.67,3.42,211.5,0
6958bb43a2106ae9c65f03d4,2024-06-07T00:00:00.000Z,2024,6,7,28.69,31.38,26.55,71.32,0.29,21.31,2.09,3.09,235.1,0
6958bb43a2106ae9c65f03d5,2024-06-08T00:00:00.000Z,2024,6,8,28.19,29.87,26.96,80.01,0.26,23.7,3.69,4.89,252.4,0
6958bb43a2106ae9c65f03d6,2024-06-09T00:00:00.000Z,2024,6,9,28.36,30.59,26.73,78.32,0.15,21.88,5.24,6.63,245.9,0
6958bb43a2106ae9c65f03d7,2024-06-10T00:00:00.000Z,2024,6,10,28.52,30.85,26.74,73.34,0.4,20.93,5.31,7.27,245.4,0
6958bb43a2106ae9c65f03d8,2024-06-11T00:00:00.000Z,2024,6,11,28.99,31.1,27.25,71.53,0.46,20.62,4.37,5.21,232.7,0
6958bb43a2106ae9c65f03d9,2024-06-12T00:00:00.000Z,2024,6,12,28.91,31.55,26.75,71.23,0.66,22.52,5,6.07,215.7,0
6958bb43a2106ae9c65f03da,2024-06-13T00:00:00.000Z,2024,6,13,28.78,31.5,26.86,74.83,1.3,22.08,4.66,5.4,224.3,0
6958bb43a2106ae9c65f03db,2024-06-14T00:00:00.000Z,2024,6,14,28.69,31.23,26.87,76.11,2.11,23.25,4.5,4.98,229,0
6958bb43a2106ae9c65f03dc,2024-06-15T00:00:00.000Z,2024,6,15,28.2,29.8,27.07,81.25,4.21,21.63,4.72,5.81,237,0
6958bb43a2106ae9c65f03dd,2024-06-16T00:00:00.000Z,2024,6,16,27.37,28.9,26.39,81.64,4.81,10.89,5.02,5.9,249.4,0
6958bb43a2106ae9c65f03de,2024-06-17T00:00:00.000Z,2024,6,17,28.18,30.38,26.4,72.29,1.36,12.63,3.9,5.69,227.7,0
6958bb43a2106ae9c65f03df,2024-06-18T00:00:00.000Z,2024,6,18,28.31,30.77,26.33,73.66,0.66,20.77,3.92,4.53,236.8,0
6958bb43a2106ae9c65f03e0,2024-06-19T00:00:00.000Z,2024,6,19,28.29,30.98,26.36,74.81,0.59,16.56,4.04,4.59,227.6,0
6958bb43a2106ae9c65f03e1,2024-06-20T00:00:00.000Z,2024,6,20,28.27,30.54,26.43,76.81,1.99,19.21,4.53,5.67,241.9,0
6958bb43a2106ae9c65f03e2,2024-06-21T00:00:00.000Z,2024,6,21,27.73,29.34,26.17,76.29,4.51,14.88,7.53,8.75,230.7,0
6958bb43a2106ae9c65f03e3,2024-06-22T00:00:00.000Z,2024,6,22,27.61,29.8,26.19,74.79,1.84,16.92,6.92,8.2,219.8,0
6958bb43a2106ae9c65f03e4,2024-06-23T00:00:00.000Z,2024,6,23,27.27,29.16,26.02,79.1,3.6,15.5,5.4,6.34,215.5,0
6958bb43a2106ae9c65f03e5,2024-06-24T00:00:00.000Z,2024,6,24,27.99,29.73,26.3,74.81,3.25,17.99,4.89,6.88,217.1,0
6958bb43a2106ae9c65f03e6,2024-06-25T00:00:00.000Z,2024,6,25,28.9,31.51,26.38,67.2,0.67,19.65,2.28,3.78,219.9,0
6958bb43a2106ae9c65f03e7,2024-06-26T00:00:00.000Z,2024,6,26,28.69,31.03,26.74,71.46,0.62,22.87,3.59,4.8,221,0
6958bb43a2106ae9c65f03e8,2024-06-27T00:00:00.000Z,2024,6,27,28.82,31.73,26.85,71.93,8.69,19.79,2.48,3.41,244.3,0
6958bb43a2106ae9c65f03e9,2024-06-28T00:00:00.000Z,2024,6,28,28.8,31.2,26.39,71.45,1.87,21.14,1.89,2.97,265.3,0
6958bb43a2106ae9c65f03ea,2024-06-29T00:00:00.000Z,2024,6,29,27.78,29.66,26.04,78.63,4.5,18.95,2.81,5.25,248.4,0
6958bb43a2106ae9c65f03eb,2024-06-30T00:00:00.000Z,2024,6,30,26.85,28.72,24.67,76.43,4.87,15.34,3.66,5.63,221,0
6958bb43a2106ae9c65f03ec,2024-07-01T00:00:00.000Z,2024,7,1,27.73,29.38,26.4,74.21,0.06,21.05,1.78,2.87,34.4,0
6958bb43a2106ae9c65f03ed,2024-07-02T00:00:00.000Z,2024,7,2,28.22,31.02,26.29,71.13,0.03,21.68,2.51,3.79,282.4,0
6958bb43a2106ae9c65f03ee,2024-07-03T00:00:00.000Z,2024,7,3,28.39,31.71,25.66,71.47,0.17,23.39,3.99,4.63,228.2,0
6958bb43a2106ae9c65f03ef,2024-07-04T00:00:00.000Z,2024,7,4,28.07,30.61,26.24,75.08,1.83,15.97,3.2,4.41,222.1,0
6958bb43a2106ae9c65f03f0,2024-07-05T00:00:00.000Z,2024,7,5,27.46,29.29,25.84,73.37,0.88,12.2,3.01,3.93,289.5,0
6958bb43a2106ae9c65f03f1,2024-07-06T00:00:00.000Z,2024,7,6,27.7,29.52,26.18,77.48,1.07,23.63,3.45,4.27,286.5,0
6958bb43a2106ae9c65f03f2,2024-07-07T00:00:00.000Z,2024,7,7,27.37,29.57,25.75,77.02,8.47,12.23,4.89,6.42,257.4,0
6958bb43a2106ae9c65f03f3,2024-07-08T00:00:00.000Z,2024,7,8,28.29,30.66,26.24,72.97,2.31,17.91,3.49,4.46,237.1,0
6958bb43a2106ae9c65f03f4,2024-07-09T00:00:00.000Z,2024,7,9,28.14,29.38,26.69,72.24,2.34,19.67,1.57,3.48,235.4,0
6958bb43a2106ae9c65f03f5,2024-07-10T00:00:00.000Z,2024,7,10,26.67,28.26,25.36,75.66,5.41,9.77,4.09,4.97,201.9,0
6958bb43a2106ae9c65f03f6,2024-07-11T00:00:00.000Z,2024,7,11,27.6,29.99,25.54,75.3,2.96,18.75,4.33,5.21,216.9,0
6958bb43a2106ae9c65f03f7,2024-07-12T00:00:00.000Z,2024,7,12,28.08,30.14,26.29,74.14,1.02,21.52,4.44,5.76,216.1,0
6958bb43a2106ae9c65f03f8,2024-07-13T00:00:00.000Z,2024,7,13,28.02,30.73,25.97,75.7,0.48,17.45,5.33,6.76,208.4,0
6958bb43a2106ae9c65f03f9,2024-07-14T00:00:00.000Z,2024,7,14,27.17,29.12,26.04,74.53,21.7,5.97,6.12,7.54,232.9,0
6958bb43a2106ae9c65f03fa,2024-07-15T00:00:00.000Z,2024,7,15,27.88,30.33,25.63,79.09,3.16,21.83,5.85,7.98,212.5,0
6958bb43a2106ae9c65f03fb,2024-07-16T00:00:00.000Z,2024,7,16,28.67,30.8,26.99,77.68,13.46,21.5,4.96,6.08,222.4,0
6958bb43a2106ae9c65f03fc,2024-07-17T00:00:00.000Z,2024,7,17,28.07,30.16,26.48,75.64,1.81,19.57,5.85,7.31,213.7,0
6958bb43a2106ae9c65f03fd,2024-07-18T00:00:00.000Z,2024,7,18,27.69,29.6,26.41,80.11,70.97,22.23,6,7.17,201.6,0
6958bb43a2106ae9c65f03fe,2024-07-19T00:00:00.000Z,2024,7,19,28.26,30.39,26.49,77.8,27.31,22.74,5.2,6.15,211,0
6958bb43a2106ae9c65f03ff,2024-07-20T00:00:00.000Z,2024,7,20,28.27,29.87,26.81,77.89,0.62,22.99,4.76,6.28,207.2,0
6958bb43a2106ae9c65f0400,2024-07-21T00:00:00.000Z,2024,7,21,28.69,31.32,26.62,76.41,0.04,21.07,3.37,4.13,191.9,0
6958bb43a2106ae9c65f0401,2024-07-22T00:00:00.000Z,2024,7,22,28.87,31.8,26.46,76.63,0.06,21.24,4.18,5.41,196.7,0
6958bb43a2106ae9c65f0402,2024-07-23T00:00:00.000Z,2024,7,23,28.62,30.88,26.91,78.5,0.31,22.11,5.05,6.08,202.7,0
6958bb43a2106ae9c65f0403,2024-07-24T00:00:00.000Z,2024,7,24,28.79,31.45,27.12,78.86,0.24,17.69,5.87,7.33,202.9,0
6958bb43a2106ae9c65f0404,2024-07-25T00:00:00.000Z,2024,7,25,28.44,30.54,27.18,77.16,0.26,21.65,7.37,8.88,199.5,0
6958bb43a2106ae9c65f0405,2024-07-26T00:00:00.000Z,2024,7,26,28.53,30.76,26.77,76.79,0.4,20.12,5.54,6.82,208.8,0
6958bb43a2106ae9c65f0406,2024-07-27T00:00:00.000Z,2024,7,27,28.23,30.16,26.69,77.86,0.67,18.2,4.9,6.14,206.5,0
6958bb43a2106ae9c65f0407,2024-07-28T00:00:00.000Z,2024,7,28,27.91,29.84,26.57,81.71,2.39,14.95,5.7,6.67,216.4,0
6958bb43a2106ae9c65f0408,2024-07-29T00:00:00.000Z,2024,7,29,27.31,29.04,26.31,83.93,2.43,12.03,5.47,6.81,214.8,0
6958bb43a2106ae9c65f0409,2024-07-30T00:00:00.000Z,2024,7,30,27.98,30.25,25.58,75.32,1.05,16.14,2.63,4.42,213.8,0
6958bb43a2106ae9c65f040a,2024-07-31T00:00:00.000Z,2024,7,31,28.43,30.56,26.83,73.99,3.36,19.05,4.08,5.29,211.6,0
6958bb43a2106ae9c65f040b,2024-08-01T00:00:00.000Z,2024,8,1,28.33,30.95,26.44,74.83,2.67,21.23,3.41,4.67,218.1,0
6958bb43a2106ae9c65f040c,2024-08-02T00:00:00.000Z,2024,8,2,28.42,30.84,26.51,74.35,0.74,18.72,1.91,2.52,231.8,0
6958bb43a2106ae9c65f040d,2024-08-03T00:00:00.000Z,2024,8,3,28.21,30.42,26.48,76.43,1.64,20.44,3.27,4.07,231.3,0
6958bb43a2106ae9c65f040e,2024-08-04T00:00:00.000Z,2024,8,4,27.71,29.5,26.42,77.01,4.02,11.71,2.97,3.88,219.2,0
6958bb43a2106ae9c65f040f,2024-08-05T00:00:00.000Z,2024,8,5,27.34,29.37,25.75,76.34,2,19.95,3.59,5.77,229.1,0
6958bb43a2106ae9c65f0410,2024-08-06T00:00:00.000Z,2024,8,6,26.29,27.81,25.25,81.15,3.56,17.96,4.25,6.07,256,0
6958bb43a2106ae9c65f0411,2024-08-07T00:00:00.000Z,2024,8,7,27.77,30.32,25,75.91,1.07,16.82,2.49,3.82,240.7,0
6958bb43a2106ae9c65f0412,2024-08-08T00:00:00.000Z,2024,8,8,28.11,29.87,26.43,76.97,0.93,20.97,1.64,2.34,52.2,0
6958bb43a2106ae9c65f0413,2024-08-09T00:00:00.000Z,2024,8,9,27.1,28.5,26.15,82.13,48.37,16.77,3.1,4.6,305.1,0
6958bb43a2106ae9c65f0414,2024-08-10T00:00:00.000Z,2024,8,10,26.98,28.46,26.02,82.04,24.58,11.33,3.36,5.3,278.5,0
6958bb43a2106ae9c65f0415,2024-08-11T00:00:00.000Z,2024,8,11,26.63,27.51,25.97,87.67,7.79,15.95,6.42,7.63,256.5,0
6958bb43a2106ae9c65f0416,2024-08-12T00:00:00.000Z,2024,8,12,27.27,29.42,25.78,79.32,2.16,20.83,4.72,6.16,212.8,0
6958bb43a2106ae9c65f0417,2024-08-13T00:00:00.000Z,2024,8,13,27.97,31.1,25.71,75.07,0.82,21.66,1.87,3.27,268.9,0
6958bb43a2106ae9c65f0418,2024-08-14T00:00:00.000Z,2024,8,14,27.69,29.72,26.25,80.77,0.37,16.32,2.53,3.92,24.8,0
6958bb43a2106ae9c65f0419,2024-08-15T00:00:00.000Z,2024,8,15,27.53,28.74,26.4,82.08,1.14,20.46,2.12,2.93,39.3,0
6958bb43a2106ae9c65f041a,2024-08-16T00:00:00.000Z,2024,8,16,28.54,31.36,26.45,76.32,4.49,22.3,1.52,2.42,2,0
6958bb43a2106ae9c65f041b,2024-08-17T00:00:00.000Z,2024,8,17,28.06,30.22,26.59,80.75,3.4,16.65,1.91,2.89,9.2,0
6958bb43a2106ae9c65f041c,2024-08-18T00:00:00.000Z,2024,8,18,26.79,28.03,25.98,85.31,21.73,11.21,3.98,5.25,302.6,0
6958bb43a2106ae9c65f041d,2024-08-19T00:00:00.000Z,2024,8,19,26.21,27.36,25.47,85.26,5.06,11.07,6.19,7.8,242.6,0
6958bb43a2106ae9c65f041e,2024-08-20T00:00:00.000Z,2024,8,20,27.84,30.12,25.24,69.81,11.09,14.1,2.54,5.12,205.8,0
6958bb43a2106ae9c65f041f,2024-08-21T00:00:00.000Z,2024,8,21,27.44,28.91,26,78.32,2.43,21.95,2.08,2.97,47.2,0
6958bb43a2106ae9c65f0420,2024-08-22T00:00:00.000Z,2024,8,22,27.32,29.28,25.93,79.24,6.62,20.33,2.32,3.93,303.3,0
6958bb43a2106ae9c65f0421,2024-08-23T00:00:00.000Z,2024,8,23,27.1,29,25.72,76.94,13.98,12.25,3,4.94,266.7,0
6958bb43a2106ae9c65f0422,2024-08-24T00:00:00.000Z,2024,8,24,26.71,28.1,25.77,83.87,5.92,11.62,4.25,4.81,254.2,0
6958bb43a2106ae9c65f0423,2024-08-25T00:00:00.000Z,2024,8,25,25.82,26.84,25.06,83.63,2.02,14.77,2.99,4.5,303.6,0
6958bb43a2106ae9c65f0424,2024-08-26T00:00:00.000Z,2024,8,26,25.98,27.51,24.81,83.28,10.7,21,4.54,6.4,255.5,0
6958bb43a2106ae9c65f0425,2024-08-27T00:00:00.000Z,2024,8,27,25.93,27.22,24.83,82.72,15.08,15.8,6.86,8.23,246.3,0
6958bb43a2106ae9c65f0426,2024-08-28T00:00:00.000Z,2024,8,28,26.73,29.05,24.67,74.5,2.28,16.58,3.92,4.82,220,0
6958bb43a2106ae9c65f0427,2024-08-29T00:00:00.000Z,2024,8,29,27.43,29.77,25.48,78.44,1.1,24.04,5.42,6.65,208.7,0
6958bb43a2106ae9c65f0428,2024-08-30T00:00:00.000Z,2024,8,30,27.37,29.35,25.81,80.25,2.01,23.01,4.82,5.69,205.4,0
6958bb43a2106ae9c65f0429,2024-08-31T00:00:00.000Z,2024,8,31,28.17,30.76,25.61,75.14,0.87,23.57,2.42,4.44,210.1,0
6958bb43a2106ae9c65f042a,2024-09-01T00:00:00.000Z,2024,9,1,28.21,30.68,26.78,73.75,0.87,24.99,1.35,2.82,300.8,0
6958bb43a2106ae9c65f042b,2024-09-02T00:00:00.000Z,2024,9,2,27.74,30.04,25.98,78.1,9.01,20.16,3.9,5.17,230.8,0
6958bb43a2106ae9c65f042c,2024-09-03T00:00:00.000Z,2024,9,3,26.9,28.07,25.97,81.93,14.73,17.51,4.98,6.86,225.3,0
6958bb43a2106ae9c65f042d,2024-09-04T00:00:00.000Z,2024,9,4,27.11,28.63,25.9,83.34,3.05,20.17,6.1,7.93,241.8,0
6958bb43a2106ae9c65f042e,2024-09-05T00:00:00.000Z,2024,9,5,27.25,28.97,25.76,79.16,1.45,22.61,5.8,6.83,238.2,0
6958bb43a2106ae9c65f042f,2024-09-06T00:00:00.000Z,2024,9,6,27.59,29.98,25.95,79.92,4.73,16.16,5.44,6.22,226.4,0
6958bb43a2106ae9c65f0430,2024-09-07T00:00:00.000Z,2024,9,7,27.09,28.61,26.06,85.93,6.68,15.07,5.98,7.51,243.4,0
6958bb43a2106ae9c65f0431,2024-09-08T00:00:00.000Z,2024,9,8,27.22,29.33,25.82,79.72,2.33,15.77,5.13,7.29,229.6,0
6958bb43a2106ae9c65f0432,2024-09-09T00:00:00.000Z,2024,9,9,27.08,29.33,25.4,80.05,0.34,18.96,5.17,7.19,235.7,0
6958bb43a2106ae9c65f0433,2024-09-10T00:00:00.000Z,2024,9,10,27.63,30.2,25.54,79.4,0.2,22.85,4.21,5.9,247.2,0
6958bb43a2106ae9c65f0434,2024-09-11T00:00:00.000Z,2024,9,11,27.66,29.98,25.96,78.37,1.24,18.52,4.87,6.28,237,0
6958bb43a2106ae9c65f0435,2024-09-12T00:00:00.000Z,2024,9,12,27.43,29.47,25.82,80.13,1.04,22.44,5.2,6.34,250.6,0
6958bb43a2106ae9c65f0436,2024-09-13T00:00:00.000Z,2024,9,13,26.97,28.54,25.46,78.99,3.47,12.08,4.99,5.69,227.9,0
6958bb43a2106ae9c65f0437,2024-09-14T00:00:00.000Z,2024,9,14,26.74,28.9,24.98,82.11,23.74,19.08,5.35,6.29,224.3,0
6958bb43a2106ae9c65f0438,2024-09-15T00:00:00.000Z,2024,9,15,27.21,29.94,25.2,77.12,6.58,17.3,5.68,6.89,220.7,0
6958bb43a2106ae9c65f0439,2024-09-16T00:00:00.000Z,2024,9,16,26.47,28.15,25.33,83.19,27.93,13.12,7.63,9.44,227.3,0
6958bb43a2106ae9c65f043a,2024-09-17T00:00:00.000Z,2024,9,17,26.47,27.52,25.25,87.25,59.77,5.18,7.78,9.67,236.1,0
6958bb43a2106ae9c65f043b,2024-09-18T00:00:00.000Z,2024,9,18,26.3,27.05,25.63,85.4,8.93,12.54,7.52,9.34,228.4,0
6958bb43a2106ae9c65f043c,2024-09-19T00:00:00.000Z,2024,9,19,26.68,28.12,25.7,80.15,13.49,16.77,6.55,8.39,229.5,0
6958bb43a2106ae9c65f043d,2024-09-20T00:00:00.000Z,2024,9,20,26.25,27.76,25.47,85.18,14.35,14.68,7.51,9.42,236.9,0
6958bb43a2106ae9c65f043e,2024-09-21T00:00:00.000Z,2024,9,21,27.23,29.74,25.01,75.37,9.34,17.57,4.16,5.96,224.2,0
6958bb43a2106ae9c65f043f,2024-09-22T00:00:00.000Z,2024,9,22,27.91,30.24,25.61,74.36,4.66,20.03,3.33,4.75,195.4,0
6958bb43a2106ae9c65f0440,2024-09-23T00:00:00.000Z,2024,9,23,27.07,28.6,25.33,78.7,2.69,15.18,4.3,5.64,213.4,0
6958bb43a2106ae9c65f0441,2024-09-24T00:00:00.000Z,2024,9,24,27.43,30.53,25.12,72.61,1.2,13.54,1.93,3.22,118.7,0
6958bb43a2106ae9c65f0442,2024-09-25T00:00:00.000Z,2024,9,25,27.39,28.97,26.07,77.51,1.28,17.99,2.47,4.12,64.4,0
6958bb43a2106ae9c65f0443,2024-09-26T00:00:00.000Z,2024,9,26,27.74,30.05,25.53,79.66,0.57,23.41,3.3,4.12,71.1,0
6958bb43a2106ae9c65f0444,2024-09-27T00:00:00.000Z,2024,9,27,27.64,29.34,26.52,81,3.61,10.55,1.97,2.9,38.5,0
6958bb43a2106ae9c65f0445,2024-09-28T00:00:00.000Z,2024,9,28,26.39,28.03,25.35,85.48,18.61,16.56,4.3,6.7,194.1,0
6958bb43a2106ae9c65f0446,2024-09-29T00:00:00.000Z,2024,9,29,26.78,28.28,25.23,82.33,9.18,18.38,3.03,5.15,214.4,0
6958bb43a2106ae9c65f0447,2024-09-30T00:00:00.000Z,2024,9,30,26.76,28.09,25.77,84.06,1.03,20.86,4.18,5.1,253.4,0
6958bb43a2106ae9c65f0448,2024-10-01T00:00:00.000Z,2024,10,1,26.98,28.06,25.73,82.43,1.33,19.45,2.78,3.75,268.7,0
6958bb43a2106ae9c65f0449,2024-10-02T00:00:00.000Z,2024,10,2,27.57,29.54,25.93,80.47,2.14,18.67,3.2,4.63,279.5,0
6958bb43a2106ae9c65f044a,2024-10-03T00:00:00.000Z,2024,10,3,26.46,27.86,25.38,81.43,6.91,13.2,2.89,4.39,275.6,0
6958bb43a2106ae9c65f044b,2024-10-04T00:00:00.000Z,2024,10,4,26.06,27.58,24.74,83.96,7.53,20.67,2.35,3.19,320.1,0
6958bb43a2106ae9c65f044c,2024-10-05T00:00:00.000Z,2024,10,5,25.98,27.3,25.01,85.27,17.47,8.5,2.72,3.65,287.5,0
6958bb43a2106ae9c65f044d,2024-10-06T00:00:00.000Z,2024,10,6,25.97,26.72,25.44,85.79,12.13,13.75,1.95,3.11,310.2,0
6958bb43a2106ae9c65f044e,2024-10-07T00:00:00.000Z,2024,10,7,26.83,28.45,25.73,81.44,4.51,20.14,1.66,2.68,218.1,0
6958bb43a2106ae9c65f044f,2024-10-08T00:00:00.000Z,2024,10,8,26.69,28.02,25.65,83.96,5.09,17.1,2.1,3.07,249.5,0
6958bb43a2106ae9c65f0450,2024-10-09T00:00:00.000Z,2024,10,9,26.49,27.74,25.61,84.83,4.19,20.52,2.31,3.04,263.3,0
6958bb43a2106ae9c65f0451,2024-10-10T00:00:00.000Z,2024,10,10,26.77,28.28,25.85,84.2,4.23,20.03,3.93,4.47,240.9,0
6958bb43a2106ae9c65f0452,2024-10-11T00:00:00.000Z,2024,10,11,26.81,28.57,25.71,86.15,27.92,18.66,4.29,5.04,230.3,0
6958bb43a2106ae9c65f0453,2024-10-12T00:00:00.000Z,2024,10,12,26.93,28.91,25.5,82.42,2.18,12.88,3.96,5.18,218.4,0
6958bb43a2106ae9c65f0454,2024-10-13T00:00:00.000Z,2024,10,13,26.75,28.56,25.56,82.21,3.81,13.23,5.41,6.09,202,0
6958bb43a2106ae9c65f0455,2024-10-14T00:00:00.000Z,2024,10,14,26.49,28.36,25.19,82.29,6.61,14.81,5.27,5.93,211.4,0
6958bb43a2106ae9c65f0456,2024-10-15T00:00:00.000Z,2024,10,15,26.51,28.19,25.24,82.62,3.25,19.72,4.41,5.9,234.5,0
6958bb43a2106ae9c65f0457,2024-10-16T00:00:00.000Z,2024,10,16,27.94,30.83,25.35,76.62,0.85,21.68,2.27,4.14,253.3,0
6958bb43a2106ae9c65f0458,2024-10-17T00:00:00.000Z,2024,10,17,26.76,27.95,25.66,80.54,2.9,16.21,4.37,5.41,226.6,0
6958bb43a2106ae9c65f0459,2024-10-18T00:00:00.000Z,2024,10,18,26.52,28.21,25.27,79.25,3.16,16.22,3.92,5.05,224.1,0
6958bb43a2106ae9c65f045a,2024-10-19T00:00:00.000Z,2024,10,19,26.9,29.6,24.87,77.26,1.5,21.6,4.03,5.89,234.7,0
6958bb43a2106ae9c65f045b,2024-10-20T00:00:00.000Z,2024,10,20,27.58,30.66,25.19,76.16,0.76,23.63,3.93,5.27,217,0
6958bb43a2106ae9c65f045c,2024-10-21T00:00:00.000Z,2024,10,21,27.56,30.56,25.01,75.65,0.13,25.26,3.21,3.98,208.3,0
6958bb43a2106ae9c65f045d,2024-10-22T00:00:00.000Z,2024,10,22,27.51,30.48,24.91,76.94,0.15,24.95,3.4,4,220,0
6958bb43a2106ae9c65f045e,2024-10-23T00:00:00.000Z,2024,10,23,28,30.92,25.6,75.88,0.36,23.96,2.75,3.74,227.6,0
6958bb43a2106ae9c65f045f,2024-10-24T00:00:00.000Z,2024,10,24,26.93,27.96,25.89,80.94,1.05,23.27,2.65,3.35,271.3,0
6958bb43a2106ae9c65f0460,2024-10-25T00:00:00.000Z,2024,10,25,26.41,28.18,25.15,82.14,0.46,13.22,3.29,4.62,277.4,0
6958bb43a2106ae9c65f0461,2024-10-26T00:00:00.000Z,2024,10,26,27.43,29.67,24.95,80.45,0.1,22.29,4.24,5.6,270.6,0
6958bb43a2106ae9c65f0462,2024-10-27T00:00:00.000Z,2024,10,27,27.64,30.11,25.88,79.61,4.14,21.4,5.09,6.38,257.4,0
6958bb43a2106ae9c65f0463,2024-10-28T00:00:00.000Z,2024,10,28,27.23,29.17,25.94,82.66,1.48,22.41,4.94,5.93,249.5,0
6958bb43a2106ae9c65f0464,2024-10-29T00:00:00.000Z,2024,10,29,27.39,29.56,25.78,80.01,1.41,21.12,4.78,5.7,230.6,0
6958bb43a2106ae9c65f0465,2024-10-30T00:00:00.000Z,2024,10,30,27.68,29.89,25.94,78.45,1.49,19.55,5.08,6.04,209.9,0
6958bb43a2106ae9c65f0466,2024-10-31T00:00:00.000Z,2024,10,31,27.82,30.96,25.82,75.6,0.22,22.66,3.82,4.62,221.2,0
6958bb43a2106ae9c65f0467,2024-11-01T00:00:00.000Z,2024,11,1,27.36,29.86,25.58,77.41,1.22,21.87,3.81,5.01,243.6,0
6958bb43a2106ae9c65f0468,2024-11-02T00:00:00.000Z,2024,11,2,27.51,30.23,25.47,76.8,1.73,18.41,3.55,4.19,255,0
6958bb43a2106ae9c65f0469,2024-11-03T00:00:00.000Z,2024,11,3,27.11,28.83,25.69,80.99,1.62,18.83,3.88,4.65,245.5,0
6958bb43a2106ae9c65f046a,2024-11-04T00:00:00.000Z,2024,11,4,26.45,27.86,25.42,81.3,0.3,21.15,3.48,4.68,237,0
6958bb43a2106ae9c65f046b,2024-11-05T00:00:00.000Z,2024,11,5,26.59,28.7,25.29,81.12,2.1,12.24,4.45,5.73,216.4,0
6958bb43a2106ae9c65f046c,2024-11-06T00:00:00.000Z,2024,11,6,26.37,28.18,25.22,81.82,2.31,16.96,3.76,5.06,225.1,0
6958bb43a2106ae9c65f046d,2024-11-07T00:00:00.000Z,2024,11,7,27.13,29.49,25.35,78.34,2.2,21.32,3.03,3.97,211.6,0
6958bb43a2106ae9c65f046e,2024-11-08T00:00:00.000Z,2024,11,8,27.3,30.11,25.44,75.07,2.03,19.89,2.4,3.7,223.7,0
6958bb43a2106ae9c65f046f,2024-11-09T00:00:00.000Z,2024,11,9,26.82,28.59,25.28,79.99,2.43,14.42,3.22,4.71,238,0
6958bb43a2106ae9c65f0470,2024-11-10T00:00:00.000Z,2024,11,10,27.17,29.71,24.61,75.69,1.28,16.96,1.97,3.19,223.4,0
6958bb43a2106ae9c65f0471,2024-11-11T00:00:00.000Z,2024,11,11,27.84,30.14,26.04,73.79,2.15,19.29,1.23,1.68,261.9,0
6958bb43a2106ae9c65f0472,2024-11-12T00:00:00.000Z,2024,11,12,27.34,28.91,25.91,75.97,0.46,17.42,1.32,2.34,266.5,0
6958bb43a2106ae9c65f0473,2024-11-13T00:00:00.000Z,2024,11,13,27.57,29.39,26.52,77.88,1,19.91,1.64,3.09,339.7,0
6958bb43a2106ae9c65f0474,2024-11-14T00:00:00.000Z,2024,11,14,27.23,28.75,26.32,81.51,2.83,18.45,2.39,3.33,346.9,0
6958bb43a2106ae9c65f0475,2024-11-15T00:00:00.000Z,2024,11,15,26.98,28.02,26.12,81.19,2.72,16.41,2.4,3.47,330.1,0
6958bb43a2106ae9c65f0476,2024-11-16T00:00:00.000Z,2024,11,16,27.63,29.7,26.34,80.19,8.35,20.14,2.96,5.53,17.4,0
6958bb43a2106ae9c65f0477,2024-11-17T00:00:00.000Z,2024,11,17,27.66,29.82,26.53,83.7,26.52,8.27,3.81,5.27,89.2,0
6958bb43a2106ae9c65f0478,2024-11-18T00:00:00.000Z,2024,11,18,27.47,29.18,25.88,82.3,1.6,15.7,4.65,6.68,67.9,0
6958bb43a2106ae9c65f0479,2024-11-19T00:00:00.000Z,2024,11,19,27.21,28.33,26.07,82.97,5.22,15.91,4.54,5.58,81.8,0
6958bb43a2106ae9c65f047a,2024-11-20T00:00:00.000Z,2024,11,20,27.41,29.29,26.05,81.45,11.41,19.57,5.21,7.25,85.1,0
6958bb43a2106ae9c65f047b,2024-11-21T00:00:00.000Z,2024,11,21,26.57,27.76,25.4,86.67,29.95,10.87,5.45,6.63,73.1,0
6958bb43a2106ae9c65f047c,2024-11-22T00:00:00.000Z,2024,11,22,26.03,27.32,25.05,88.08,32.79,12.67,5.88,6.69,80.3,0
6958bb43a2106ae9c65f047d,2024-11-23T00:00:00.000Z,2024,11,23,26.53,27.86,25.58,86.73,55.07,12.13,3.33,4.33,76.6,0
6958bb43a2106ae9c65f047e,2024-11-24T00:00:00.000Z,2024,11,24,26.66,27.55,26.2,86.59,10.18,15.18,3.81,6.65,73,0
6958bb43a2106ae9c65f047f,2024-11-25T00:00:00.000Z,2024,11,25,26.52,27.92,25.44,84.6,23.3,16.77,2.25,3.22,98.5,0
6958bb43a2106ae9c65f0480,2024-11-26T00:00:00.000Z,2024,11,26,26.36,27.83,25.22,84.12,12.87,10.18,2.61,5.53,200.5,0
6958bb43a2106ae9c65f0481,2024-11-27T00:00:00.000Z,2024,11,27,26.65,28.59,25.68,81.24,1.92,15.44,4.32,7.1,101.5,0
6958bb43a2106ae9c65f0482,2024-11-28T00:00:00.000Z,2024,11,28,26.31,27.9,25.07,83.15,0.39,17.5,5.5,6.88,87.6,0
6958bb43a2106ae9c65f0483,2024-11-29T00:00:00.000Z,2024,11,29,26.23,28.04,24.68,85.66,1.15,16.17,4.23,5.63,91.7,0
6958bb43a2106ae9c65f0484,2024-11-30T00:00:00.000Z,2024,11,30,26.01,26.84,25.11,83.41,5.99,13.43,2.47,4.92,194.1,0
6958bb43a2106ae9c65f0485,2024-12-01T00:00:00.000Z,2024,12,1,26.87,28.78,25.42,78.01,5.94,13.38,1.7,2.67,232.1,0
6958bb43a2106ae9c65f0486,2024-12-02T00:00:00.000Z,2024,12,2,26.1,27.54,25.27,85.42,6.79,15.06,2.23,3.03,348.8,0
6958bb43a2106ae9c65f0487,2024-12-03T00:00:00.000Z,2024,12,3,26.01,27.13,25.24,85.55,8.62,6.79,3.26,5.48,71.6,0
6958bb43a2106ae9c65f0488,2024-12-04T00:00:00.000Z,2024,12,4,25.97,26.79,25.4,84.35,17.86,13.89,2.21,4.04,140.6,0
6958bb43a2106ae9c65f0489,2024-12-05T00:00:00.000Z,2024,12,5,25.92,26.66,25.42,86.5,12.44,15.64,1.77,2.76,125.1,0
6958bb43a2106ae9c65f048a,2024-12-06T00:00:00.000Z,2024,12,6,25.93,27.18,25.2,82.79,16.72,14.48,1.88,2.85,172.3,0
6958bb43a2106ae9c65f048b,2024-12-07T00:00:00.000Z,2024,12,7,27.28,29.91,24.6,74.09,10.15,17.48,1.72,3.14,159.7,0
6958bb43a2106ae9c65f048c,2024-12-08T00:00:00.000Z,2024,12,8,27.84,30.25,25.78,76.12,1.47,17.37,1.72,3.11,170.5,0
6958bb43a2106ae9c65f048d,2024-12-09T00:00:00.000Z,2024,12,9,27.26,29.59,25.92,77.58,5.44,10.41,1.64,3.44,139.3,0
6958bb43a2106ae9c65f048e,2024-12-10T00:00:00.000Z,2024,12,10,26.6,27.87,25.62,77.62,17.61,13.94,1.88,2.92,143.7,0
6958bb43a2106ae9c65f048f,2024-12-11T00:00:00.000Z,2024,12,11,26.71,28.18,25.45,84.36,1.95,18.81,3.77,5.26,248.2,0
6958bb43a2106ae9c65f0490,2024-12-12T00:00:00.000Z,2024,12,12,26.96,28.8,25.6,82.14,1.18,18.28,1.77,2.76,317.4,0
6958bb43a2106ae9c65f0491,2024-12-13T00:00:00.000Z,2024,12,13,26.11,26.81,25.34,82.29,4.02,18.89,3.35,5.48,260.4,0
6958bb43a2106ae9c65f0492,2024-12-14T00:00:00.000Z,2024,12,14,25.96,27.27,24.38,80.34,1.24,11.59,4.88,6.14,227.7,0
6958bb43a2106ae9c65f0493,2024-12-15T00:00:00.000Z,2024,12,15,27.05,29.15,25.63,81.26,11.1,19.34,3.14,4.4,225.4,0
6958bb43a2106ae9c65f0494,2024-12-16T00:00:00.000Z,2024,12,16,27.01,28.79,25.89,83.26,8.53,15.61,2.82,4.63,165.2,0
6958bb43a2106ae9c65f0495,2024-12-17T00:00:00.000Z,2024,12,17,26.56,27.53,25.75,83.75,4.56,10.32,1.38,2.31,125.6,0
6958bb43a2106ae9c65f0496,2024-12-18T00:00:00.000Z,2024,12,18,26.7,27.76,25.7,80.92,3.17,14.47,1.5,2.12,127.9,0
6958bb43a2106ae9c65f0497,2024-12-19T00:00:00.000Z,2024,12,19,26.2,26.8,25.62,84.42,9.18,12.07,2.31,3.79,90.4,0
6958bb43a2106ae9c65f0498,2024-12-20T00:00:00.000Z,2024,12,20,27.12,29.12,25.42,77.19,8.99,16.31,2.48,3.58,147.2,0
6958bb43a2106ae9c65f0499,2024-12-21T00:00:00.000Z,2024,12,21,26.77,28.46,25.55,80.63,7.51,14.93,3.16,4.8,185.1,0
6958bb43a2106ae9c65f049a,2024-12-22T00:00:00.000Z,2024,12,22,26.58,27.73,25,79,3.77,15.43,2.16,3.68,178.9,0
6958bb43a2106ae9c65f049b,2024-12-23T00:00:00.000Z,2024,12,23,26.61,28.26,25.17,78.48,7.07,16.1,2.13,3.13,139.5,0
6958bb43a2106ae9c65f049c,2024-12-24T00:00:00.000Z,2024,12,24,26.33,27.67,25.43,84.12,3.46,15.39,3.4,5.91,30.2,0
6958bb43a2106ae9c65f049d,2024-12-25T00:00:00.000Z,2024,12,25,26.1,27.22,25.01,80.47,0.74,18.07,3.67,6.02,18.6,0
6958bb43a2106ae9c65f049e,2024-12-26T00:00:00.000Z,2024,12,26,26.36,27.92,24.78,81.92,0.1,21.81,5.17,6.7,61.6,0
6958bb43a2106ae9c65f049f,2024-12-27T00:00:00.000Z,2024,12,27,26.82,28.7,25.05,81.89,0.58,19.48,3.43,4.98,74,0
6958bb43a2106ae9c65f04a0,2024-12-28T00:00:00.000Z,2024,12,28,27.18,28.75,25.83,80.15,2.7,15.59,1.61,3.49,34.5,0
6958bb43a2106ae9c65f04a1,2024-12-29T00:00:00.000Z,2024,12,29,27,28.32,25.57,81.75,3.87,15.63,2.77,3.52,96.3,0
6958bb43a2106ae9c65f04a2,2024-12-30T00:00:00.000Z,2024,12,30,26.34,27.58,25.61,84.42,31.32,9.16,2.52,3.69,126.9,0
6958bb43a2106ae9c65f04a3,2024-12-31T00:00:00.000Z,2024,12,31,26.39,27.86,25.15,83.11,25.82,15.61,2.68,4.06,76.8,0
6958bb43a2106ae9c65f04a4,2025-01-01T00:00:00.000Z,2025,1,1,26.54,28.97,24.47,79.92,0.81,20.32,2.66,3.82,65.6,0
6958bb43a2106ae9c65f04a5,2025-01-02T00:00:00.000Z,2025,1,2,26.64,28.19,25.41,81.21,10.26,18.09,2.3,3.46,37.2,0
6958bb43a2106ae9c65f04a6,2025-01-03T00:00:00.000Z,2025,1,3,26.56,28.57,25.29,83.12,7.01,14.11,2.54,2.98,26.5,0
6958bb43a2106ae9c65f04a7,2025-01-04T00:00:00.000Z,2025,1,4,26.28,27.63,25.21,83.85,19.14,17.36,2.97,3.8,80.1,0
6958bb43a2106ae9c65f04a8,2025-01-05T00:00:00.000Z,2025,1,5,26.58,28.28,25.15,82.78,6.11,20.6,2.42,3.77,76.6,0
6958bb43a2106ae9c65f04a9,2025-01-06T00:00:00.000Z,2025,1,6,26.56,28.82,25.02,78.99,32.94,7.35,2.82,3.99,178.9,0
6958bb43a2106ae9c65f04aa,2025-01-07T00:00:00.000Z,2025,1,7,27.07,29.76,24.39,72.52,4.99,16.5,2.03,3,153.5,0
6958bb43a2106ae9c65f04ab,2025-01-08T00:00:00.000Z,2025,1,8,26.86,29.39,25.12,76.77,13.94,18.44,1.53,2.83,94.2,0
6958bb43a2106ae9c65f04ac,2025-01-09T00:00:00.000Z,2025,1,9,26.65,28.24,25.31,81.88,9.53,19.43,1.64,3.08,66.8,0
6958bb43a2106ae9c65f04ad,2025-01-10T00:00:00.000Z,2025,1,10,27.08,28.88,25.81,80.44,0.17,21.27,5.34,6.91,69.5,0
6958bb43a2106ae9c65f04ae,2025-01-11T00:00:00.000Z,2025,1,11,26.36,28.39,25.04,84.85,11.04,13.67,6.66,8.65,81.8,0
6958bb43a2106ae9c65f04af,2025-01-12T00:00:00.000Z,2025,1,12,26.09,27.85,24.93,84.8,52.51,10.28,6.07,7.6,88.4,0
6958bb43a2106ae9c65f04b0,2025-01-13T00:00:00.000Z,2025,1,13,26.19,27.22,25.21,85.35,44.13,8.63,7.4,8.8,75.3,0
6958bb43a2106ae9c65f04b1,2025-01-14T00:00:00.000Z,2025,1,14,26.37,27.75,25.4,84.6,17.15,13.47,5.49,6.02,73.2,0
6958bb43a2106ae9c65f04b2,2025-01-15T00:00:00.000Z,2025,1,15,26.24,28.05,24.8,84.12,7.58,18.54,6.33,7.85,67.3,0
6958bb43a2106ae9c65f04b3,2025-01-16T00:00:00.000Z,2025,1,16,25.96,27.13,24.39,88.61,12.84,12.36,4.94,7.07,72.2,0
6958bb43a2106ae9c65f04b4,2025-01-17T00:00:00.000Z,2025,1,17,26.63,27.95,25.83,84.91,1.9,16.85,6.73,8.67,81.1,0
6958bb43a2106ae9c65f04b5,2025-01-18T00:00:00.000Z,2025,1,18,26.29,27.29,25.59,86.39,5.49,15.9,5.72,7.27,73.3,0
6958bb43a2106ae9c65f04b6,2025-01-19T00:00:00.000Z,2025,1,19,26.26,27.86,25.1,85.84,0.67,15.12,5,6.04,74.7,0
6958bb43a2106ae9c65f04b7,2025-01-20T00:00:00.000Z,2025,1,20,26.67,28.37,25.34,83.59,0.23,19.7,5.01,6.39,70.1,0
6958bb43a2106ae9c65f04b8,2025-01-21T00:00:00.000Z,2025,1,21,26.71,28.47,25.09,82.38,0.07,21.43,4.24,4.87,71.5,0
6958bb43a2106ae9c65f04b9,2025-01-22T00:00:00.000Z,2025,1,22,26.71,28.85,25.37,82.83,1.04,17.07,4.08,5.09,78.7,0
6958bb43a2106ae9c65f04ba,2025-01-23T00:00:00.000Z,2025,1,23,26.31,28.06,25.3,86.76,4.5,14.46,4.07,5.3,70.7,0
6958bb43a2106ae9c65f04bb,2025-01-24T00:00:00.000Z,2025,1,24,26.43,27.86,25.56,87.8,15.56,15.86,3.9,5.29,65.6,0
6958bb43a2106ae9c65f04bc,2025-01-25T00:00:00.000Z,2025,1,25,27.01,28.97,25.36,86.49,18.09,18.45,3.06,6.58,58.1,0
6958bb43a2106ae9c65f04bd,2025-01-26T00:00:00.000Z,2025,1,26,26.68,27.91,25.91,87.53,2.87,12.34,3.97,5.63,71.7,0
6958bb43a2106ae9c65f04be,2025-01-27T00:00:00.000Z,2025,1,27,27.38,29.46,25.76,79.71,8.5,18.45,1.91,2.93,144.9,0
6958bb43a2106ae9c65f04bf,2025-01-28T00:00:00.000Z,2025,1,28,26.09,27.13,25.35,83.95,2.46,16.02,2.91,4.67,112.5,0
6958bb43a2106ae9c65f04c0,2025-01-29T00:00:00.000Z,2025,1,29,26.81,28.99,25.61,82.73,5.22,19.96,5.59,6.5,70.2,0
6958bb43a2106ae9c65f04c1,2025-01-30T00:00:00.000Z,2025,1,30,26.71,28.84,25.38,82.06,0.33,20.11,5.29,6.29,77.4,0
6958bb43a2106ae9c65f04c2,2025-01-31T00:00:00.000Z,2025,1,31,26.27,27.53,25.02,79.06,0.02,23.59,5.38,6.37,53.9,0
6958bb43a2106ae9c65f04c3,2025-02-01T00:00:00.000Z,2025,2,1,26.27,28.5,24.3,75.01,0,17.39,4.19,5,35.9,0
6958bb43a2106ae9c65f04c4,2025-02-02T00:00:00.000Z,2025,2,2,25.91,27.94,24.48,79.85,0.05,18.8,3.49,4.55,358.7,0
6958bb43a2106ae9c65f04c5,2025-02-03T00:00:00.000Z,2025,2,3,26.59,28.96,24.38,81.36,0.09,22.92,4.08,4.67,45.2,0
6958bb43a2106ae9c65f04c6,2025-02-04T00:00:00.000Z,2025,2,4,26.43,28.37,24.96,83.39,0.2,20.39,4.47,5.98,45.8,0
6958bb43a2106ae9c65f04c7,2025-02-05T00:00:00.000Z,2025,2,5,27.14,29.87,24.41,78.38,0.47,18.36,3.12,5.37,80.7,0
6958bb43a2106ae9c65f04c8,2025-02-06T00:00:00.000Z,2025,2,6,26.63,28.03,25.6,83.02,0.33,18.28,4.09,6.82,37.1,0
6958bb43a2106ae9c65f04c9,2025-02-07T00:00:00.000Z,2025,2,7,26.77,28.55,25.19,81.95,0.2,20.2,4.4,5.55,45.3,0
6958bb43a2106ae9c65f04ca,2025-02-08T00:00:00.000Z,2025,2,8,26.79,28.31,25.37,80.35,0.18,20.87,5.27,6.83,68.2,0
6958bb43a2106ae9c65f04cb,2025-02-09T00:00:00.000Z,2025,2,9,27.17,29.79,24.81,77.67,0.05,19.56,5.03,6.54,76.9,0
6958bb43a2106ae9c65f04cc,2025-02-10T00:00:00.000Z,2025,2,10,27.37,29.24,25.58,80.42,0.34,21.92,5.87,6.55,61.2,0
6958bb43a2106ae9c65f04cd,2025-02-11T00:00:00.000Z,2025,2,11,27.1,28.82,25.64,81.4,1.7,20.2,5.82,7.1,57.2,0
6958bb43a2106ae9c65f04ce,2025-02-12T00:00:00.000Z,2025,2,12,26.99,29.5,24.79,78.78,0.5,20.23,3.96,4.51,48.8,0
6958bb43a2106ae9c65f04cf,2025-02-13T00:00:00.000Z,2025,2,13,26.9,28.27,25.68,82.42,24.07,13.53,2.79,4.39,54.6,0
6958bb43a2106ae9c65f04d0,2025-02-14T00:00:00.000Z,2025,2,14,27.22,28.97,25.81,82.32,30.77,12.25,2.4,3.76,48.4,0
6958bb43a2106ae9c65f04d1,2025-02-15T00:00:00.000Z,2025,2,15,27.07,28.5,26.1,82.25,10.53,8.08,2.42,4.98,286.8,0
6958bb43a2106ae9c65f04d2,2025-02-16T00:00:00.000Z,2025,2,16,26.9,28.45,25.49,80.43,4.22,21.04,2.17,3.78,23.3,0
6958bb43a2106ae9c65f04d3,2025-02-17T00:00:00.000Z,2025,2,17,27.04,28.51,25.81,81.26,2.89,21,2.97,4.11,15.5,0
6958bb43a2106ae9c65f04d4,2025-02-18T00:00:00.000Z,2025,2,18,26.77,28.88,25.31,74.52,4.56,17.92,1.64,3.2,48.1,0
6958bb43a2106ae9c65f04d5,2025-02-19T00:00:00.000Z,2025,2,19,26.74,29.04,24.91,80.38,0.87,22.37,2.83,4.61,46.8,0
6958bb43a2106ae9c65f04d6,2025-02-20T00:00:00.000Z,2025,2,20,27.59,29.84,25.75,79.29,0.14,20.92,3.24,4.96,61.7,0
6958bb43a2106ae9c65f04d7,2025-02-21T00:00:00.000Z,2025,2,21,27.24,28.79,26.09,81.72,0.75,18.31,2.7,3.66,72.5,0
6958bb43a2106ae9c65f04d8,2025-02-22T00:00:00.000Z,2025,2,22,27.15,29.16,25.84,79.11,14.31,16.82,1.94,3.11,357.5,0
6958bb43a2106ae9c65f04d9,2025-02-23T00:00:00.000Z,2025,2,23,27.11,29.46,25.44,76.93,6.34,19.68,1.71,2.79,33.1,0
6958bb43a2106ae9c65f04da,2025-02-24T00:00:00.000Z,2025,2,24,26.91,28.51,25.93,84.02,24.45,19.8,2.4,5.72,315.6,0
6958bb43a2106ae9c65f04db,2025-02-25T00:00:00.000Z,2025,2,25,26.15,27.04,25.03,85.82,14.53,17.45,3.96,7.49,113.3,0
6958bb43a2106ae9c65f04dc,2025-02-26T00:00:00.000Z,2025,2,26,26.56,27.57,26.06,88.1,6.98,14.07,4.6,6.31,63.3,0
6958bb43a2106ae9c65f04dd,2025-02-27T00:00:00.000Z,2025,2,27,26.5,27.88,25.74,85.71,5.28,19.17,4.94,7.69,83.2,0
6958bb43a2106ae9c65f04de,2025-02-28T00:00:00.000Z,2025,2,28,27.03,29.08,25.68,84.23,2.29,19.9,4.85,6.47,77.1,0
6958bb43a2106ae9c65f04df,2025-03-01T00:00:00.000Z,2025,3,1,26.97,28.14,26.02,86.2,4.34,16.46,4.83,6.3,61.2,0
6958bb43a2106ae9c65f04e0,2025-03-02T00:00:00.000Z,2025,3,2,27.44,29.57,25.83,82.61,1.11,23.46,4.42,5.63,65.8,0
6958bb43a2106ae9c65f04e1,2025-03-03T00:00:00.000Z,2025,3,3,27.66,30.43,24.98,79.85,0.16,25.01,3.34,4.41,47.1,0
6958bb43a2106ae9c65f04e2,2025-03-04T00:00:00.000Z,2025,3,4,27.23,29.48,25.76,82.86,4.2,23.2,2.81,4.21,350.1,0
6958bb43a2106ae9c65f04e3,2025-03-05T00:00:00.000Z,2025,3,5,27.27,29.4,25.54,81.64,5.93,17.54,2.64,3.14,314,0
6958bb43a2106ae9c65f04e4,2025-03-06T00:00:00.000Z,2025,3,6,27.13,28.54,26.16,81.36,16.7,19.29,2.23,3.81,344.2,0
6958bb43a2106ae9c65f04e5,2025-03-07T00:00:00.000Z,2025,3,7,27.43,29.06,26.2,83.81,12.02,19.64,2.47,3.8,240.7,0
6958bb43a2106ae9c65f04e6,2025-03-08T00:00:00.000Z,2025,3,8,26.58,27.72,25.8,87.67,77.89,18.24,2.37,4.9,259.3,0
6958bb43a2106ae9c65f04e7,2025-03-09T00:00:00.000Z,2025,3,9,26.69,27.56,25.81,85.39,15,14.68,3.11,5.9,112.7,0
6958bb43a2106ae9c65f04e8,2025-03-10T00:00:00.000Z,2025,3,10,27.86,29.45,26.7,84.89,1.83,22.04,4.23,6.53,73.3,0
6958bb43a2106ae9c65f04e9,2025-03-11T00:00:00.000Z,2025,3,11,27.1,28.61,25.8,86.45,1.33,21.03,4.96,6.16,65.2,0
6958bb43a2106ae9c65f04ea,2025-03-12T00:00:00.000Z,2025,3,12,27.26,28.74,25.78,86.48,1.72,19.84,5.11,6.33,57.9,0
6958bb43a2106ae9c65f04eb,2025-03-13T00:00:00.000Z,2025,3,13,26.45,27.4,25.73,87.61,9.08,5.54,3.81,5.15,57.5,0
6958bb43a2106ae9c65f04ec,2025-03-14T00:00:00.000Z,2025,3,14,26.92,28.08,25.84,81.44,15.72,12.12,1.96,3.65,68.6,0
6958bb43a2106ae9c65f04ed,2025-03-15T00:00:00.000Z,2025,3,15,27.64,29.4,26.58,81.03,3.91,20.55,1.93,2.66,277.5,0
6958bb43a2106ae9c65f04ee,2025-03-16T00:00:00.000Z,2025,3,16,27.4,29.03,26.38,82.19,1.81,20.59,2.02,2.69,22,0
6958bb43a2106ae9c65f04ef,2025-03-17T00:00:00.000Z,2025,3,17,27.64,30.62,25.97,77.2,0.16,19.67,2.39,3.44,53.3,0
6958bb43a2106ae9c65f04f0,2025-03-18T00:00:00.000Z,2025,3,18,27.18,29.27,25.29,80.94,0.1,21.11,3.42,4.63,68.2,0
6958bb43a2106ae9c65f04f1,2025-03-19T00:00:00.000Z,2025,3,19,27.59,29.1,26.07,81.23,0.33,19.3,4.43,6.35,76.5,0
6958bb43a2106ae9c65f04f2,2025-03-20T00:00:00.000Z,2025,3,20,27.73,29.73,26.26,79.99,0.14,21.13,5.52,8.16,85.1,0
6958bb43a2106ae9c65f04f3,2025-03-21T00:00:00.000Z,2025,3,21,26.99,28.82,25.56,82.78,0.51,17.27,6.16,8.06,70.7,0
6958bb43a2106ae9c65f04f4,2025-03-22T00:00:00.000Z,2025,3,22,27.46,29.17,25.8,81.99,5.63,19.04,4.49,5.45,81.1,0
6958bb43a2106ae9c65f04f5,2025-03-23T00:00:00.000Z,2025,3,23,27.45,28.98,26.18,81.21,5.77,14.32,3.63,4.63,83.5,0
6958bb43a2106ae9c65f04f6,2025-03-24T00:00:00.000Z,2025,3,24,27.3,29.24,25.73,81.68,2.41,22.91,3.32,4.41,45.2,0
6958bb43a2106ae9c65f04f7,2025-03-25T00:00:00.000Z,2025,3,25,27.41,29.26,25.92,81.05,3.57,22.37,3.08,3.83,22.1,0
6958bb43a2106ae9c65f04f8,2025-03-26T00:00:00.000Z,2025,3,26,27.32,28.93,26.28,82.51,12.14,22.63,2.24,3.9,323.9,0
6958bb43a2106ae9c65f04f9,2025-03-27T00:00:00.000Z,2025,3,27,27.21,28.54,26.01,82.82,9.4,16.23,3.29,4.53,308.1,0
6958bb43a2106ae9c65f04fa,2025-03-28T00:00:00.000Z,2025,3,28,27.72,29.81,26.27,75.93,15.57,16.55,4.19,5.05,278.2,0
6958bb43a2106ae9c65f04fb,2025-03-29T00:00:00.000Z,2025,3,29,27.39,29.85,25.7,75.97,2.63,20.41,2.56,3.57,305.6,0
6958bb43a2106ae9c65f04fc,2025-03-30T00:00:00.000Z,2025,3,30,28.02,30.77,25.89,75.35,0.83,21.47,1.76,3.04,331.1,0
6958bb43a2106ae9c65f04fd,2025-03-31T00:00:00.000Z,2025,3,31,27.37,28.71,25.97,79.43,3.13,18.65,2.23,3.11,256.9,0
6958bb43a2106ae9c65f04fe,2025-04-01T00:00:00.000Z,2025,4,1,28.09,30.67,26.55,77.82,0.9,19.22,2,3.62,20.9,0
6958bb43a2106ae9c65f04ff,2025-04-02T00:00:00.000Z,2025,4,2,27.55,28.85,26.59,84.19,0.23,17.84,3.36,4.43,50,0
6958bb43a2106ae9c65f0500,2025-04-03T00:00:00.000Z,2025,4,3,27.94,30.18,26.63,84.2,1.77,18.94,3.4,4.73,305.7,0
6958bb43a2106ae9c65f0501,2025-04-04T00:00:00.000Z,2025,4,4,26.99,28.29,25.57,77.05,4.63,10.78,2.59,4.74,253.7,0
6958bb43a2106ae9c65f0502,2025-04-05T00:00:00.000Z,2025,4,5,27.55,29.71,26.09,75.64,5.09,14.01,2.56,3.8,253,0
6958bb43a2106ae9c65f0503,2025-04-06T00:00:00.000Z,2025,4,6,27.72,30.02,25.64,76.99,23.61,19.16,2.18,3.73,271,0
6958bb43a2106ae9c65f0504,2025-04-07T00:00:00.000Z,2025,4,7,28.01,29.34,26.93,80.53,6.19,20.57,1.66,2.87,52,0
6958bb43a2106ae9c65f0505,2025-04-08T00:00:00.000Z,2025,4,8,28.08,29.78,26.87,80.18,18.75,21.51,2.57,6.49,110.8,0
6958bb43a2106ae9c65f0506,2025-04-09T00:00:00.000Z,2025,4,9,27.25,28.53,26,80.55,3.6,18.71,2.87,4.9,236.2,0
6958bb43a2106ae9c65f0507,2025-04-10T00:00:00.000Z,2025,4,10,26.82,28.85,25.32,80.6,8.6,18.56,3.37,3.97,245.4,0
6958bb43a2106ae9c65f0508,2025-04-11T00:00:00.000Z,2025,4,11,26.13,27.81,24.36,81.71,28,14.72,3.74,4.6,264.4,0
6958bb43a2106ae9c65f0509,2025-04-12T00:00:00.000Z,2025,4,12,27.12,28.58,25.78,81.85,1.89,20.32,3.43,4.9,265.3,0
6958bb43a2106ae9c65f050a,2025-04-13T00:00:00.000Z,2025,4,13,27.77,29.49,26.4,79.72,1.61,23.08,3.09,3.81,273.1,0
6958bb43a2106ae9c65f050b,2025-04-14T00:00:00.000Z,2025,4,14,28.1,30.31,26.62,78.35,0.66,18.48,1.74,2.48,271,0
6958bb43a2106ae9c65f050c,2025-04-15T00:00:00.000Z,2025,4,15,27.74,29.51,26.62,81.94,13.17,16.54,3.16,5.88,224.2,0
6958bb43a2106ae9c65f050d,2025-04-16T00:00:00.000Z,2025,4,16,26.32,27.04,25.68,86.96,7.96,10.39,4.36,6.78,242.8,0
6958bb43a2106ae9c65f050e,2025-04-17T00:00:00.000Z,2025,4,17,27.66,30.02,25.61,75.67,0.34,20.44,3.48,5.13,203.2,0
6958bb43a2106ae9c65f050f,2025-04-18T00:00:00.000Z,2025,4,18,27.43,29.4,25.98,81.15,0.61,23.15,4.56,5.35,227.6,0
6958bb43a2106ae9c65f0510,2025-04-19T00:00:00.000Z,2025,4,19,27.27,28.89,26.14,81.19,0.98,17.5,4.36,5.21,259.4,0
6958bb43a2106ae9c65f0511,2025-04-20T00:00:00.000Z,2025,4,20,26.78,28.03,26,85.36,1.16,16,4.77,6.24,255.3,0
6958bb43a2106ae9c65f0512,2025-04-21T00:00:00.000Z,2025,4,21,27.01,28.35,25.9,83.45,0.7,20.23,2.45,3,268.2,0
6958bb43a2106ae9c65f0513,2025-04-22T00:00:00.000Z,2025,4,22,27.12,28.58,26.22,82.89,11.07,15.79,2.58,3.79,249.3,0
6958bb43a2106ae9c65f0514,2025-04-23T00:00:00.000Z,2025,4,23,27.19,29.13,25.72,79.73,1.83,20.57,3.89,4.65,234.9,0
6958bb43a2106ae9c65f0515,2025-04-24T00:00:00.000Z,2025,4,24,26.9,29.01,25.56,78.85,3.8,14.83,3.42,5.04,226.9,0
6958bb43a2106ae9c65f0516,2025-04-25T00:00:00.000Z,2025,4,25,27.2,29.24,25.45,79.81,0.34,20.85,2.34,3.15,266.8,0
6958bb43a2106ae9c65f0517,2025-04-26T00:00:00.000Z,2025,4,26,28.12,29.63,26.88,84,1.34,22.47,2.53,3.44,280.5,0
6958bb43a2106ae9c65f0518,2025-04-27T00:00:00.000Z,2025,4,27,27.54,28.39,26.81,87.56,2.3,20.65,1.65,3.29,57.4,0
6958bb43a2106ae9c65f0519,2025-04-28T00:00:00.000Z,2025,4,28,27.18,28.87,25.6,80.7,29.88,10.73,4.43,6.85,199.6,0
6958bb43a2106ae9c65f051a,2025-04-29T00:00:00.000Z,2025,4,29,28.05,31.34,25.27,73.04,19.33,23.99,2.37,3.25,266.8,0
6958bb43a2106ae9c65f051b,2025-04-30T00:00:00.000Z,2025,4,30,27.69,28.9,26.76,81.78,11.59,22.56,2.54,3.1,34.9,0
6958bb43a2106ae9c65f051c,2025-05-01T00:00:00.000Z,2025,5,1,27.4,28.66,25.95,82.38,2.29,19.19,2.43,3.27,11.4,0
6958bb43a2106ae9c65f051d,2025-05-02T00:00:00.000Z,2025,5,2,27.76,28.78,26.78,83.25,1.89,16.35,2.45,3.31,9.3,0
6958bb43a2106ae9c65f051e,2025-05-03T00:00:00.000Z,2025,5,3,27.65,28.62,26.87,83.88,3.51,18.26,2.46,3.47,294.8,0
6958bb43a2106ae9c65f051f,2025-05-04T00:00:00.000Z,2025,5,4,27.26,28.41,26.43,80.91,3.09,15.72,1.56,2.71,351.9,0
6958bb43a2106ae9c65f0520,2025-05-05T00:00:00.000Z,2025,5,5,28.1,30.92,26.11,75.1,0.83,17.9,1.78,3.22,280.4,0
6958bb43a2106ae9c65f0521,2025-05-06T00:00:00.000Z,2025,5,6,27.21,28.83,25.88,80.11,1.74,15.51,2.55,4.35,268,0
6958bb43a2106ae9c65f0522,2025-05-07T00:00:00.000Z,2025,5,7,27.59,29.81,25.72,79.8,1.68,21.23,3.79,4.71,245.8,0
6958bb43a2106ae9c65f0523,2025-05-08T00:00:00.000Z,2025,5,8,27.42,28.72,26.47,83.05,1.76,20.26,5.01,6.49,258.9,0
6958bb43a2106ae9c65f0524,2025-05-09T00:00:00.000Z,2025,5,9,28,30.4,26.44,79.9,1.06,22.22,4.4,6.76,227.3,0
6958bb43a2106ae9c65f0525,2025-05-10T00:00:00.000Z,2025,5,10,27.32,28.77,26.47,86.08,1.06,19.42,4.97,7.67,247.8,0
6958bb43a2106ae9c65f0526,2025-05-11T00:00:00.000Z,2025,5,11,27.07,28.14,26.16,85.14,1.18,20.19,6.54,8.66,239.4,0
6958bb43a2106ae9c65f0527,2025-05-12T00:00:00.000Z,2025,5,12,26.97,28.16,26.12,87.25,7.59,15.21,5.37,8.43,247.4,0
6958bb43a2106ae9c65f0528,2025-05-13T00:00:00.000Z,2025,5,13,26.99,28.49,25.89,84.89,9.74,13.54,5.83,7.39,231.5,0
6958bb43a2106ae9c65f0529,2025-05-14T00:00:00.000Z,2025,5,14,27.57,29.63,25.84,82.61,5.02,17.59,4.8,6.24,216.7,0
6958bb43a2106ae9c65f052a,2025-05-15T00:00:00.000Z,2025,5,15,28.12,30.45,26.58,81.13,2.5,18.85,3.89,5.52,156,0
6958bb43a2106ae9c65f052b,2025-05-16T00:00:00.000Z,2025,5,16,27.68,29.54,25.98,82.3,14.84,16.39,4.75,7.76,171.4,0
6958bb43a2106ae9c65f052c,2025-05-17T00:00:00.000Z,2025,5,17,28.19,29.78,26.85,78.3,2.19,14.98,3.66,6.45,221.3,0
6958bb43a2106ae9c65f052d,2025-05-18T00:00:00.000Z,2025,5,18,28.42,30.34,26.96,80.82,0.09,21.83,2.14,2.71,229.5,0
6958bb43a2106ae9c65f052e,2025-05-19T00:00:00.000Z,2025,5,19,27.82,29.98,26.05,78.85,0.07,21.31,1.98,2.74,255.2,0
6958bb43a2106ae9c65f052f,2025-05-20T00:00:00.000Z,2025,5,20,27.52,28.74,26.6,82.03,0.3,16.61,1.43,2.21,355.2,0
6958bb43a2106ae9c65f0530,2025-05-21T00:00:00.000Z,2025,5,21,28.34,30.63,26.88,76.37,1.75,20.56,2.63,4.24,246.8,0
6958bb43a2106ae9c65f0531,2025-05-22T00:00:00.000Z,2025,5,22,27.19,29.3,25.68,77.98,4.75,20.22,4.92,7.59,239.5,0
6958bb43a2106ae9c65f0532,2025-05-23T00:00:00.000Z,2025,5,23,26.55,28.21,25.32,80.86,4.15,11.75,6.01,7.75,224,0
6958bb43a2106ae9c65f0533,2025-05-24T00:00:00.000Z,2025,5,24,27.28,29.51,25.68,79.95,11.39,10.65,5.42,7.72,216.7,0
6958bb43a2106ae9c65f0534,2025-05-25T00:00:00.000Z,2025,5,25,27.23,28.78,26.16,81.77,42.46,6.41,6.9,9.56,237.6,0
6958bb43a2106ae9c65f0535,2025-05-26T00:00:00.000Z,2025,5,26,27.8,29.9,25.92,73.79,6.96,8.59,4.41,6.22,229.8,0
6958bb43a2106ae9c65f0536,2025-05-27T00:00:00.000Z,2025,5,27,27.46,29.36,25.8,69.14,0.41,17.01,4.95,8.86,236.9,0
6958bb43a2106ae9c65f0537,2025-05-28T00:00:00.000Z,2025,5,28,28.38,31.55,25.71,75.19,0.16,22.93,4.7,5.8,216.3,0
6958bb43a2106ae9c65f0538,2025-05-29T00:00:00.000Z,2025,5,29,28.27,30.91,26.01,78.52,0.28,21.27,4.97,7.06,209.2,0
6958bb43a2106ae9c65f0539,2025-05-30T00:00:00.000Z,2025,5,30,27.95,30.46,26.05,77.74,0.24,22.8,4.63,5.94,203,0
6958bb43a2106ae9c65f053a,2025-05-31T00:00:00.000Z,2025,5,31,27.89,30.63,25.81,76.92,0.12,23.22,4.41,5.82,209.7,0
6958bb43a2106ae9c65f053b,2025-06-01T00:00:00.000Z,2025,6,1,27.95,30.69,25.73,77.57,0.32,22.85,5.13,6.91,207.7,0
6958bb43a2106ae9c65f053c,2025-06-02T00:00:00.000Z,2025,6,2,27.69,29.9,26.08,81.44,0.7,21.76,5.64,7.15,212.8,0
6958bb43a2106ae9c65f053d,2025-06-03T00:00:00.000Z,2025,6,3,27.95,29.96,26.5,74.28,0.36,17.3,3.62,4.76,213.7,0
6958bb43a2106ae9c65f053e,2025-06-04T00:00:00.000Z,2025,6,4,27.71,29.76,26.28,80.5,1.06,17.45,4.08,5.1,220.7,0
6958bb43a2106ae9c65f053f,2025-06-05T00:00:00.000Z,2025,6,5,27.66,29.59,26.75,82.74,4.6,16.07,5.66,6.76,202.9,0
6958bb43a2106ae9c65f0540,2025-06-06T00:00:00.000Z,2025,6,6,26.86,27.92,25.79,81.2,2.91,17.51,6.06,7.16,257.2,0
6958bb43a2106ae9c65f0541,2025-06-07T00:00:00.000Z,2025,6,7,26.88,28.77,25.4,76.67,6.63,10.22,5.64,6.76,233.7,0
6958bb43a2106ae9c65f0542,2025-06-08T00:00:00.000Z,2025,6,8,26.13,27.21,25.2,83.26,36.69,12.26,7.86,10.39,233.1,0
6958bb43a2106ae9c65f0543,2025-06-09T00:00:00.000Z,2025,6,9,26.54,27.68,25.47,83.24,11.03,10.8,7.43,9.2,227,0
6958bb43a2106ae9c65f0544,2025-06-10T00:00:00.000Z,2025,6,10,26.69,29.07,25.23,79.39,14.96,17.6,8.03,9.87,198.9,0
6958bb43a2106ae9c65f0545,2025-06-11T00:00:00.000Z,2025,6,11,27.32,30.08,24.64,79.3,3.99,20.83,6.57,8.77,214.8,0
6958bb43a2106ae9c65f0546,2025-06-12T00:00:00.000Z,2025,6,12,27.63,29.43,26.27,79.27,12.39,14.45,6.29,9.07,223.1,0
6958bb43a2106ae9c65f0547,2025-06-13T00:00:00.000Z,2025,6,13,27.78,30.05,26.16,79.03,4.21,22.99,5.36,6.09,202.5,0
6958bb43a2106ae9c65f0548,2025-06-14T00:00:00.000Z,2025,6,14,28.14,30.64,26.05,76.25,0.28,22.6,3.39,4.87,207,0
6958bb43a2106ae9c65f0549,2025-06-15T00:00:00.000Z,2025,6,15,27.72,29.63,26.2,77.79,0.37,21.73,2.14,2.49,248.7,0
6958bb43a2106ae9c65f054a,2025-06-16T00:00:00.000Z,2025,6,16,27.44,29.87,25.53,74.28,0.21,17.94,2.93,4.7,243.8,0
6958bb43a2106ae9c65f054b,2025-06-17T00:00:00.000Z,2025,6,17,26.41,28.02,25.04,78.64,0.35,14.22,5.51,7.13,220.2,0
6958bb43a2106ae9c65f054c,2025-06-18T00:00:00.000Z,2025,6,18,27.3,29.66,25.21,75.17,0.17,22.58,4.96,6.43,211.3,0
6958bb43a2106ae9c65f054d,2025-06-19T00:00:00.000Z,2025,6,19,27.66,29.74,26.04,77.97,0.43,20.13,3.5,4.1,216.2,0
6958bb43a2106ae9c65f054e,2025-06-20T00:00:00.000Z,2025,6,20,27.01,28.98,25.71,79.17,1.33,18.17,5.54,7.04,226.6,0
6958bb43a2106ae9c65f054f,2025-06-21T00:00:00.000Z,2025,6,21,26.4,27.94,25.12,80.27,5.21,11.1,5.08,5.92,234.6,0
6958bb43a2106ae9c65f0550,2025-06-22T00:00:00.000Z,2025,6,22,27.43,29.89,25.08,76.61,10.81,15.96,5.55,7.75,228.7,0
6958bb43a2106ae9c65f0551,2025-06-23T00:00:00.000Z,2025,6,23,27.72,29.84,26.21,76.72,7.78,20.33,5.62,7.94,229.3,0
6958bb43a2106ae9c65f0552,2025-06-24T00:00:00.000Z,2025,6,24,27.54,29.87,25.81,78.49,0.98,22.32,4.91,6.26,223.9,0
6958bb43a2106ae9c65f0553,2025-06-25T00:00:00.000Z,2025,6,25,27.45,30.17,25.43,76.83,0.49,21.4,4.68,5.69,199.5,0
6958bb43a2106ae9c65f0554,2025-06-26T00:00:00.000Z,2025,6,26,28.17,30.81,25.27,74.35,0.05,21.89,2.58,4.72,185.5,0
6958bb43a2106ae9c65f0555,2025-06-27T00:00:00.000Z,2025,6,27,28.36,29.9,26.85,77.27,0.12,20.11,3,4.2,225.5,0
6958bb43a2106ae9c65f0556,2025-06-28T00:00:00.000Z,2025,6,28,27.97,31.22,26.15,73.23,0.17,21.47,5.24,6.28,210.1,0
6958bb43a2106ae9c65f0557,2025-06-29T00:00:00.000Z,2025,6,29,27.49,30.34,25.37,75.46,0.1,23.87,5.15,6.15,215.5,0
6958bb43a2106ae9c65f0558,2025-06-30T00:00:00.000Z,2025,6,30,27.41,30.31,25.36,77.04,0.06,24.47,5.21,5.97,233.2,0
6958bb43a2106ae9c65f0559,2025-07-01T00:00:00.000Z,2025,7,1,27.81,30.99,25.17,75.88,0.98,24.12,4.97,6.27,219,0
6958bb43a2106ae9c65f055a,2025-07-02T00:00:00.000Z,2025,7,2,27.79,29.48,26.14,78.51,2.91,16.61,4.02,6.81,217.4,0
6958bb43a2106ae9c65f055b,2025-07-03T00:00:00.000Z,2025,7,3,28.28,30.94,26.13,74.1,0.22,19.36,2.41,3.2,227.9,0
6958bb43a2106ae9c65f055c,2025-07-04T00:00:00.000Z,2025,7,4,27.96,30.93,25.96,74.96,0.51,23.43,4.8,6.25,215.5,0
6958bb43a2106ae9c65f055d,2025-07-05T00:00:00.000Z,2025,7,5,27.71,30.26,25.6,78.39,0.65,23.21,5.69,7.05,219.4,0
6958bb43a2106ae9c65f055e,2025-07-06T00:00:00.000Z,2025,7,6,28.12,30.42,26.52,78.43,0.45,19.94,6.07,7.19,209.2,0
6958bb43a2106ae9c65f055f,2025-07-07T00:00:00.000Z,2025,7,7,27.51,29.45,25.94,78.87,0.99,20.28,5.27,6.98,225.7,0
6958bb43a2106ae9c65f0560,2025-07-08T00:00:00.000Z,2025,7,8,26.68,27.98,25.57,83.66,2.53,8.57,5.32,7.76,236.8,0
6958bb43a2106ae9c65f0561,2025-07-09T00:00:00.000Z,2025,7,9,27.19,29.53,25.01,76.84,0.17,21.77,4.38,7.84,211.9,0
6958bb43a2106ae9c65f0562,2025-07-10T00:00:00.000Z,2025,7,10,26.99,28.66,25.63,79.83,18.78,12.62,5.83,8.77,231.2,0
6958bb43a2106ae9c65f0563,2025-07-11T00:00:00.000Z,2025,7,11,27.61,29.92,25.89,76.61,5.6,21.56,6.37,8.45,221.6,0
6958bb43a2106ae9c65f0564,2025-07-12T00:00:00.000Z,2025,7,12,27.04,28.28,26.24,82.69,5.73,13.3,7.66,10.23,235.1,0
6958bb43a2106ae9c65f0565,2025-07-13T00:00:00.000Z,2025,7,13,27.77,29.69,26.49,80.38,2.74,20.87,6.99,8.66,219.3,0
6958bb43a2106ae9c65f0566,2025-07-14T00:00:00.000Z,2025,7,14,26.25,27.5,24.94,83.46,44.85,10.13,7,8.5,224.3,0
6958bb43a2106ae9c65f0567,2025-07-15T00:00:00.000Z,2025,7,15,26.3,27.62,25.4,86.04,42.02,13.32,7,8.48,238.8,0
6958bb43a2106ae9c65f0568,2025-07-16T00:00:00.000Z,2025,7,16,27.06,28.77,25.86,80.53,2.59,13.54,6.65,8.36,218.5,0
6958bb43a2106ae9c65f0569,2025-07-17T00:00:00.000Z,2025,7,17,27.31,29.84,25.63,78.21,2.16,22.99,5.96,7.36,200.7,0
6958bb43a2106ae9c65f056a,2025-07-18T00:00:00.000Z,2025,7,18,27.38,29.59,25.65,78.7,0.76,22.19,6.59,8.15,203.4,0
6958bb43a2106ae9c65f056b,2025-07-19T00:00:00.000Z,2025,7,19,27.27,29.05,26.19,80.23,7.09,22.21,7.62,10.42,200.9,0
6958bb43a2106ae9c65f056c,2025-07-20T00:00:00.000Z,2025,7,20,27.24,28.43,26.25,82.05,12.29,7.11,8.96,12.45,214.2,0
6958bb43a2106ae9c65f056d,2025-07-21T00:00:00.000Z,2025,7,21,27.4,29.49,25.92,79.49,0.89,16.52,7.3,9.45,209,0
6958bb43a2106ae9c65f056e,2025-07-22T00:00:00.000Z,2025,7,22,27.27,29.7,25.48,79.85,0.62,21.16,7.16,8.46,214.7,0
6958bb43a2106ae9c65f056f,2025-07-23T00:00:00.000Z,2025,7,23,27.45,29.98,25.88,80.67,0.22,19.65,6.49,8.18,215.5,0
6958bb43a2106ae9c65f0570,2025-07-24T00:00:00.000Z,2025,7,24,27.78,30.87,25.58,77.82,0.11,25.04,6.19,7.12,219.4,0
6958bb43a2106ae9c65f0571,2025-07-25T00:00:00.000Z,2025,7,25,27.8,30.47,25.82,78.22,0.73,20.63,6.67,8.77,216.2,0
6958bb43a2106ae9c65f0572,2025-07-26T00:00:00.000Z,2025,7,26,28.25,31.62,25.66,73.65,0.06,20.65,4.07,4.85,221.5,0
6958bb43a2106ae9c65f0573,2025-07-27T00:00:00.000Z,2025,7,27,28.31,30.47,26.39,80.42,0.04,17.44,4.17,5.35,242.5,0
6958bb43a2106ae9c65f0574,2025-07-28T00:00:00.000Z,2025,7,28,28.14,30.5,26.47,77.66,0.04,23.45,5.1,6.71,216.4,0
6958bb43a2106ae9c65f0575,2025-07-29T00:00:00.000Z,2025,7,29,28.22,30.75,26.1,78.8,0.08,23.84,4.96,6.39,208.7,0
6958bb43a2106ae9c65f0576,2025-07-30T00:00:00.000Z,2025,7,30,27.93,30.48,26.38,78.18,0.31,21.08,6.72,9.18,208.7,0
6958bb43a2106ae9c65f0577,2025-07-31T00:00:00.000Z,2025,7,31,28.18,30.93,26.08,77.55,0.94,19.8,6.52,7.76,176.8,0
6958bb43a2106ae9c65f0578,2025-08-01T00:00:00.000Z,2025,8,1,28.22,31.21,26.35,78.4,2.27,13.31,7.5,9.46,178.2,0
6958bb43a2106ae9c65f0579,2025-08-02T00:00:00.000Z,2025,8,2,27.87,30.16,26.54,82,1.54,14.9,7.66,10.58,199.4,0
6958bb43a2106ae9c65f057a,2025-08-03T00:00:00.000Z,2025,8,3,27.26,28.27,26.38,81.09,0.18,15.86,4.94,8.55,229.5,0
6958bb43a2106ae9c65f057b,2025-08-04T00:00:00.000Z,2025,8,4,27.7,30.15,25.81,75.72,0.22,18.85,4.89,7.09,221.9,0
6958bb43a2106ae9c65f057c,2025-08-05T00:00:00.000Z,2025,8,5,28.06,31.13,25.64,73.01,1.3,21.82,4.16,5.02,204.7,0
6958bb43a2106ae9c65f057d,2025-08-06T00:00:00.000Z,2025,8,6,27.28,29.47,25.87,78.09,3.93,16.71,5.86,7.71,208.4,0
6958bb43a2106ae9c65f057e,2025-08-07T00:00:00.000Z,2025,8,7,26.29,27.54,25.27,82.38,26.54,9.1,4.73,6.04,226.2,0
6958bb43a2106ae9c65f057f,2025-08-08T00:00:00.000Z,2025,8,8,27.58,30.29,24.98,75.51,1.64,20.79,4.41,5.6,196,0
6958bb43a2106ae9c65f0580,2025-08-09T00:00:00.000Z,2025,8,9,27.42,29.82,25.94,80.31,0.94,20.3,5.59,7.43,223.4,0
6958bb43a2106ae9c65f0581,2025-08-10T00:00:00.000Z,2025,8,10,27.01,29.64,25.41,75.01,0.8,17.08,4.23,5.65,244.7,0
6958bb43a2106ae9c65f0582,2025-08-11T00:00:00.000Z,2025,8,11,26.65,28.28,25.32,79.64,0.86,14.85,5.14,5.73,221.5,0
6958bb43a2106ae9c65f0583,2025-08-12T00:00:00.000Z,2025,8,12,26.63,28.8,25.2,75.66,1.58,17.08,6.03,8.43,228.5,0
6958bb43a2106ae9c65f0584,2025-08-13T00:00:00.000Z,2025,8,13,27.32,30.48,24.87,73.59,2.36,22.72,5.6,6.87,217.6,0
6958bb43a2106ae9c65f0585,2025-08-14T00:00:00.000Z,2025,8,14,27.08,29.74,25.1,76.25,0.79,21.07,5.19,6.88,215.1,0
6958bb43a2106ae9c65f0586,2025-08-15T00:00:00.000Z,2025,8,15,27.37,29.94,25.61,76.68,0.68,14.81,5.49,7.9,204.1,0
6958bb43a2106ae9c65f0587,2025-08-16T00:00:00.000Z,2025,8,16,27.38,29.65,25.61,75.19,0.41,14.44,5.31,7.47,207.6,0
6958bb43a2106ae9c65f0588,2025-08-17T00:00:00.000Z,2025,8,17,28.12,31.33,25.49,74.7,0.23,23.3,4.37,5.84,199.2,0
6958bb43a2106ae9c65f0589,2025-08-18T00:00:00.000Z,2025,8,18,28.17,31.41,25.94,75.86,0.07,25.44,4.32,5.35,212.1,0
6958bb43a2106ae9c65f058a,2025-08-19T00:00:00.000Z,2025,8,19,27.74,31.07,25.74,75.65,0.55,20.72,3.28,3.96,231.1,0
6958bb43a2106ae9c65f058b,2025-08-20T00:00:00.000Z,2025,8,20,27.73,31.1,25.45,71.06,1.08,22.94,4.5,5.94,217.1,0
6958bb43a2106ae9c65f058c,2025-08-21T00:00:00.000Z,2025,8,21,27.05,29.49,25.47,76.02,0.94,21.76,4.7,5.26,201.5,0
6958bb43a2106ae9c65f058d,2025-08-22T00:00:00.000Z,2025,8,22,26.7,28.86,25.42,76.93,9.07,12.32,5.78,7.89,214.7,0
6958bb43a2106ae9c65f058e,2025-08-23T00:00:00.000Z,2025,8,23,26.64,28.91,25.08,76.69,3.85,20.75,5.54,7.27,235.2,0
6958bb43a2106ae9c65f058f,2025-08-24T00:00:00.000Z,2025,8,24,27.39,30.44,24.83,72.75,0.84,21.26,4.51,6.06,233,0
6958bb43a2106ae9c65f0590,2025-08-25T00:00:00.000Z,2025,8,25,27.29,29.3,25.74,76.01,1.06,18.24,6.64,7.99,211.4,0
6958bb43a2106ae9c65f0591,2025-08-26T00:00:00.000Z,2025,8,26,27.63,30.61,25.37,75.14,0.51,23.54,6.07,7.19,194.1,0
6958bb43a2106ae9c65f0592,2025-08-27T00:00:00.000Z,2025,8,27,27.21,29.36,25.54,75.02,2.33,12.31,5.98,6.91,215.2,0
6958bb43a2106ae9c65f0593,2025-08-28T00:00:00.000Z,2025,8,28,27.13,29.5,25.28,75.53,2.69,13.51,5.45,7.26,227.4,0
6958bb43a2106ae9c65f0594,2025-08-29T00:00:00.000Z,2025,8,29,27.37,29.66,25.61,76.37,0.53,22.59,6.77,8.55,214.4,0
6958bb43a2106ae9c65f0595,2025-08-30T00:00:00.000Z,2025,8,30,27.63,30.61,25.54,75.14,0.84,21.69,6.6,8.17,221.9,0
6958bb43a2106ae9c65f0596,2025-08-31T00:00:00.000Z,2025,8,31,27.01,28.73,25.82,78.85,3.41,18.98,7.9,9.05,233.5,0
6958bb43a2106ae9c65f0597,2025-09-01T00:00:00.000Z,2025,9,1,26.57,27.86,25.73,79.97,1.09,12.87,8.02,9.34,222.9,0
6958bb43a2106ae9c65f0598,2025-09-02T00:00:00.000Z,2025,9,2,27.31,29.66,25.91,77.15,0.87,17.82,8.4,10.18,207.6,0
6958bb43a2106ae9c65f0599,2025-09-03T00:00:00.000Z,2025,9,3,26.7,28.58,25.31,79.24,5.78,14.49,6.68,8.86,214.1,0
6958bb43a2106ae9c65f059a,2025-09-04T00:00:00.000Z,2025,9,4,26.99,29,25.36,78.46,1.08,20.87,6.49,7.76,232.7,0
6958bb43a2106ae9c65f059b,2025-09-05T00:00:00.000Z,2025,9,5,28.01,30.76,25.93,75.48,0.16,21.7,6.62,7.35,225.3,0
6958bb43a2106ae9c65f059c,2025-09-06T00:00:00.000Z,2025,9,6,27.22,29.52,25.66,75.06,2.45,16.14,6.4,8.27,214.4,0
6958bb43a2106ae9c65f059d,2025-09-07T00:00:00.000Z,2025,9,7,26.92,29.79,25.21,73.78,4.94,18,6.96,8.74,201.1,0
6958bb43a2106ae9c65f059e,2025-09-08T00:00:00.000Z,2025,9,8,27.15,29.6,25.05,73.46,0.3,18.7,5.78,7,205.9,0
6958bb43a2106ae9c65f059f,2025-09-09T00:00:00.000Z,2025,9,9,27.38,29.99,25.45,73.5,0.64,14.19,5.63,7.16,210.7,0
6958bb43a2106ae9c65f05a0,2025-09-10T00:00:00.000Z,2025,9,10,27.66,30.42,25.56,73.96,18.76,20.38,3.67,5.11,216.9,0
6958bb43a2106ae9c65f05a1,2025-09-11T00:00:00.000Z,2025,9,11,27.05,29.99,24.92,74.71,3.64,20.99,5.19,6.58,229.4,0
6958bb43a2106ae9c65f05a2,2025-09-12T00:00:00.000Z,2025,9,12,27.53,30.52,25.3,76.8,0.99,17.64,5.19,6.8,214.5,0
6958bb43a2106ae9c65f05a3,2025-09-13T00:00:00.000Z,2025,9,13,26.41,28.76,24.85,77.11,1.31,16.24,5.79,7.11,209.9,0
6958bb43a2106ae9c65f05a4,2025-09-14T00:00:00.000Z,2025,9,14,26.72,29.17,24.72,77.51,5.31,12.84,6.9,8.37,209.9,0
6958bb43a2106ae9c65f05a5,2025-09-15T00:00:00.000Z,2025,9,15,26.8,28.92,25.25,80.88,12.66,11.51,8.68,10.93,207.1,0
6958bb43a2106ae9c65f05a6,2025-09-16T00:00:00.000Z,2025,9,16,26.79,29.75,24.98,77.14,6.79,19.44,6.49,7.9,218,0
6958bb43a2106ae9c65f05a7,2025-09-17T00:00:00.000Z,2025,9,17,27.63,30.52,25.23,75.9,1.54,22.98,4.95,5.45,199.8,0
6958bb43a2106ae9c65f05a8,2025-09-18T00:00:00.000Z,2025,9,18,27.16,29.25,25.81,78.1,0.95,19.48,3.89,4.7,226.3,0
6958bb43a2106ae9c65f05a9,2025-09-19T00:00:00.000Z,2025,9,19,27.07,29.19,25.57,79.37,0.07,25.42,5.29,6.43,232.7,0
6958bb43a2106ae9c65f05aa,2025-09-20T00:00:00.000Z,2025,9,20,27.57,30.8,25.19,77.12,0.09,24.46,4.61,6,243.5,0
6958bb43a2106ae9c65f05ab,2025-09-21T00:00:00.000Z,2025,9,21,28.53,31.75,25.51,76.96,0.02,25.04,3.3,4.23,242.4,0
6958bb43a2106ae9c65f05ac,2025-09-22T00:00:00.000Z,2025,9,22,28.34,30.07,26.61,80.01,0.13,23.79,3.12,4.73,238.8,0
6958bb43a2106ae9c65f05ad,2025-09-23T00:00:00.000Z,2025,9,23,27.53,30.34,25.57,75.52,2.41,22.09,4.69,6.8,236.8,0
6958bb43a2106ae9c65f05ae,2025-09-24T00:00:00.000Z,2025,9,24,27.2,29.87,25.22,77.1,4.64,21.12,7.62,10.62,224.9,0
6958bb43a2106ae9c65f05af,2025-09-25T00:00:00.000Z,2025,9,25,27.62,30.18,25.69,71.96,0.63,22.66,6.52,8.3,219.1,0
6958bb43a2106ae9c65f05b0,2025-09-26T00:00:00.000Z,2025,9,26,27.78,30.97,25.41,70.76,0.11,20.56,3.77,4.68,227.9,0
6958bb43a2106ae9c65f05b1,2025-09-27T00:00:00.000Z,2025,9,27,27.47,30.18,25.52,75.03,0.62,19,3.46,4.65,258.2,0
6958bb43a2106ae9c65f05b2,2025-09-28T00:00:00.000Z,2025,9,28,26.87,28.89,25.38,78.36,11.74,19.78,6.42,8.46,234.2,0
6958bb43a2106ae9c65f05b3,2025-09-29T00:00:00.000Z,2025,9,29,26.4,28.36,25.09,78.69,4.83,11.6,7.35,9.47,215.4,0
6958bb43a2106ae9c65f05b4,2025-09-30T00:00:00.000Z,2025,9,30,27.31,30.57,24.78,70.98,0.46,18.18,4.96,6.48,213.1,0
