_id,Date,Year,Month,Day,TN,TX,TAVG,__v
689175a03cfdbc8f3403c526,2005-01-01,2005,1,1,21,33.2,27.1,0
689175a03cfdbc8f3403c527,2005-01-02,2005,1,2,22,33,27.5,0
689175a03cfdbc8f3403c528,2005-01-03,2005,1,3,21,33,27,0
689175a03cfdbc8f3403c529,2005-01-04,2005,1,4,22,33,27.5,0
689175a03cfdbc8f3403c52a,2005-01-05,2005,1,5,21,32.8,26.9,0
689175a03cfdbc8f3403c52b,2005-01-06,2005,1,6,22,32,27,0
689175a03cfdbc8f3403c52c,2005-01-07,2005,1,7,21,32.4,26.7,0
689175a03cfdbc8f3403c52d,2005-01-08,2005,1,8,22,33,27.5,0
689175a03cfdbc8f3403c52e,2005-01-09,2005,1,9,21,33,27,0
689175a03cfdbc8f3403c52f,2005-01-10,2005,1,10,22,32.6,27.3,0
689175a03cfdbc8f3403c530,2005-01-11,2005,1,11,21,32.6,26.8,0
689175a03cfdbc8f3403c531,2005-01-12,2005,1,12,20,32.4,26.2,0
689175a03cfdbc8f3403c532,2005-01-13,2005,1,13,21,33,27,0
689175a03cfdbc8f3403c533,2005-01-14,2005,1,14,21,33,27,0
689175a03cfdbc8f3403c534,2005-01-15,2005,1,15,21,33,27,0
689175a03cfdbc8f3403c535,2005-01-16,2005,1,16,23,33.4,28.2,0
689175a03cfdbc8f3403c536,2005-01-17,2005,1,17,20,33.4,26.7,0
689175a03cfdbc8f3403c537,2005-01-18,2005,1,18,23,33.4,28.2,0
689175a03cfdbc8f3403c538,2005-01-19,2005,1,19,20,33.4,26.7,0
689175a03cfdbc8f3403c539,2005-01-20,2005,1,20,23,33.4,28.2,0
689175a03cfdbc8f3403c53a,2005-01-21,2005,1,21,20,33.4,26.7,0
689175a03cfdbc8f3403c53b,2005-01-22,2005,1,22,23,33.4,28.2,0
689175a03cfdbc8f3403c53c,2005-01-23,2005,1,23,19,33.4,26.2,0
689175a03cfdbc8f3403c53d,2005-01-24,2005,1,24,22,33.4,27.7,0
689175a03cfdbc8f3403c53e,2005-01-25,2005,1,25,19,33.4,26.2,0
689175a03cfdbc8f3403c53f,2005-01-26,2005,1,26,22,33.4,27.7,0
689175a03cfdbc8f3403c540,2005-01-27,2005,1,27,19,33.4,26.2,0
689175a03cfdbc8f3403c541,2005-01-28,2005,1,28,22,33.4,27.7,0
689175a03cfdbc8f3403c542,2005-01-29,2005,1,29,19,33.4,26.2,0
689175a03cfdbc8f3403c543,2005-01-30,2005,1,30,22,33.4,27.7,0
689175a03cfdbc8f3403c544,2005-01-31,2005,1,31,19,33.4,26.2,0
689175a03cfdbc8f3403c545,2005-02-01,2005,2,1,21,33.4,27.2,0
689175a03cfdbc8f3403c546,2005-02-02,2005,2,2,21,33.4,27.2,0
689175a03cfdbc8f3403c547,2005-02-03,2005,2,3,20,33.4,26.7,0
689175a03cfdbc8f3403c548,2005-02-04,2005,2,4,21,33.6,27.3,0
689175a03cfdbc8f3403c549,2005-02-05,2005,2,5,23,33.4,28.2,0
689175a03cfdbc8f3403c54a,2005-02-06,2005,2,6,20,32.8,26.4,0
689175a03cfdbc8f3403c54b,2005-02-07,2005,2,7,22,32.8,27.4,0
689175a03cfdbc8f3403c54c,2005-02-08,2005,2,8,21,33.6,27.3,0
689175a03cfdbc8f3403c54d,2005-02-09,2005,2,9,20,32.4,26.2,0
689175a03cfdbc8f3403c54e,2005-02-10,2005,2,10,20,32.8,26.4,0
689175a03cfdbc8f3403c54f,2005-02-11,2005,2,11,20,32.8,26.4,0
689175a03cfdbc8f3403c550,2005-02-12,2005,2,12,20,33,26.5,0
689175a03cfdbc8f3403c551,2005-02-13,2005,2,13,20,33.2,26.6,0
689175a03cfdbc8f3403c552,2005-02-14,2005,2,14,20,33.6,26.8,0
689175a03cfdbc8f3403c553,2005-02-15,2005,2,15,20,33.6,26.8,0
689175a03cfdbc8f3403c554,2005-02-16,2005,2,16,20,33.6,26.8,0
689175a03cfdbc8f3403c555,2005-02-17,2005,2,17,21,33.6,27.3,0
689175a03cfdbc8f3403c556,2005-02-18,2005,2,18,20,33.6,26.8,0
689175a03cfdbc8f3403c557,2005-02-19,2005,2,19,21,33.6,27.3,0
689175a03cfdbc8f3403c558,2005-02-20,2005,2,20,20,33.6,26.8,0
689175a03cfdbc8f3403c559,2005-02-21,2005,2,21,20,33.6,26.8,0
689175a03cfdbc8f3403c55a,2005-02-22,2005,2,22,20,34,27,0
689175a03cfdbc8f3403c55b,2005-02-23,2005,2,23,20,34,27,0
689175a03cfdbc8f3403c55c,2005-02-24,2005,2,24,20,34.4,27.2,0
689175a03cfdbc8f3403c55d,2005-02-25,2005,2,25,20,34.4,27.2,0
689175a03cfdbc8f3403c55e,2005-02-26,2005,2,26,20,34,27,0
689175a03cfdbc8f3403c55f,2005-02-27,2005,2,27,20,34.4,27.2,0
689175a03cfdbc8f3403c560,2005-02-28,2005,2,28,20,34,27,0
689175a03cfdbc8f3403c561,2005-03-01,2005,3,1,20,35,27.5,0
689175a03cfdbc8f3403c562,2005-03-02,2005,3,2,20,35,27.5,0
689175a03cfdbc8f3403c563,2005-03-03,2005,3,3,20,35,27.5,0
689175a03cfdbc8f3403c564,2005-03-04,2005,3,4,20,35,27.5,0
689175a03cfdbc8f3403c565,2005-03-05,2005,3,5,20,35,27.5,0
689175a03cfdbc8f3403c566,2005-03-06,2005,3,6,20,35,27.5,0
689175a03cfdbc8f3403c567,2005-03-07,2005,3,7,20,35,27.5,0
689175a03cfdbc8f3403c568,2005-03-08,2005,3,8,20,35,27.5,0
689175a03cfdbc8f3403c569,2005-03-09,2005,3,9,20,35,27.5,0
689175a03cfdbc8f3403c56a,2005-03-10,2005,3,10,20,35,27.5,0
689175a03cfdbc8f3403c56b,2005-03-11,2005,3,11,20,35,27.5,0
689175a03cfdbc8f3403c56c,2005-03-12,2005,3,12,20,35,27.5,0
689175a03cfdbc8f3403c56d,2005-03-13,2005,3,13,20,35,27.5,0
689175a03cfdbc8f3403c56e,2005-03-14,2005,3,14,20,35,27.5,0
689175a03cfdbc8f3403c56f,2005-03-15,2005,3,15,20,35,27.5,0
689175a03cfdbc8f3403c570,2005-03-16,2005,3,16,20,33.8,26.9,0
689175a03cfdbc8f3403c571,2005-03-17,2005,3,17,20,33,26.5,0
689175a03cfdbc8f3403c572,2005-03-18,2005,3,18,20,33.8,26.9,0
689175a03cfdbc8f3403c573,2005-03-19,2005,3,19,20,33.8,26.9,0
689175a03cfdbc8f3403c574,2005-03-20,2005,3,20,20,34,27,0
689175a03cfdbc8f3403c575,2005-03-21,2005,3,21,19,33.8,26.4,0
689175a03cfdbc8f3403c576,2005-03-22,2005,3,22,19,33.8,26.4,0
689175a03cfdbc8f3403c577,2005-03-23,2005,3,23,19,33.8,26.4,0
689175a03cfdbc8f3403c578,2005-03-24,2005,3,24,19,33.8,26.4,0
689175a03cfdbc8f3403c579,2005-03-25,2005,3,25,19,33.8,26.4,0
689175a03cfdbc8f3403c57a,2005-03-26,2005,3,26,19,33.8,26.4,0
689175a03cfdbc8f3403c57b,2005-03-27,2005,3,27,19,33.8,26.4,0
689175a03cfdbc8f3403c57c,2005-03-28,2005,3,28,19,32.4,25.7,0
689175a03cfdbc8f3403c57d,2005-03-29,2005,3,29,19,32.8,25.9,0
689175a03cfdbc8f3403c57e,2005-03-30,2005,3,30,19,32.8,25.9,0
689175a03cfdbc8f3403c57f,2005-03-31,2005,3,31,19,32.8,25.9,0
689175a03cfdbc8f3403c580,2005-04-01,2005,4,1,19,32.8,25.9,0
689175a03cfdbc8f3403c581,2005-04-02,2005,4,2,19,32.8,25.9,0
689175a03cfdbc8f3403c582,2005-04-03,2005,4,3,19,33.4,26.2,0
689175a03cfdbc8f3403c583,2005-04-04,2005,4,4,19,33.6,26.3,0
689175a03cfdbc8f3403c584,2005-04-05,2005,4,5,19,34.4,26.7,0
689175a03cfdbc8f3403c585,2005-04-06,2005,4,6,19,34.4,26.7,0
689175a03cfdbc8f3403c586,2005-04-07,2005,4,7,19,34.4,26.7,0
689175a03cfdbc8f3403c587,2005-04-08,2005,4,8,19,34.4,26.7,0
689175a03cfdbc8f3403c588,2005-04-09,2005,4,9,19,34.4,26.7,0
689175a03cfdbc8f3403c589,2005-04-10,2005,4,10,19,34,26.5,0
689175a03cfdbc8f3403c58a,2005-04-11,2005,4,11,19,33.4,26.2,0
689175a03cfdbc8f3403c58b,2005-04-12,2005,4,12,24,33.8,28.9,0
689175a03cfdbc8f3403c58c,2005-04-13,2005,4,13,20,34,27,0
689175a03cfdbc8f3403c58d,2005-04-14,2005,4,14,23,34,28.5,0
689175a03cfdbc8f3403c58e,2005-04-15,2005,4,15,20,34.6,27.3,0
689175a03cfdbc8f3403c58f,2005-04-16,2005,4,16,23,34.2,28.6,0
689175a03cfdbc8f3403c590,2005-04-17,2005,4,17,20,34.2,27.1,0
689175a03cfdbc8f3403c591,2005-04-18,2005,4,18,23,34,28.5,0
689175a03cfdbc8f3403c592,2005-04-19,2005,4,19,20,34.4,27.2,0
689175a03cfdbc8f3403c593,2005-04-20,2005,4,20,23,34.6,28.8,0
689175a03cfdbc8f3403c594,2005-04-21,2005,4,21,20,34.6,27.3,0
689175a03cfdbc8f3403c595,2005-04-22,2005,4,22,23,34.4,28.7,0
689175a03cfdbc8f3403c596,2005-04-23,2005,4,23,20,34.4,27.2,0
689175a03cfdbc8f3403c597,2005-04-24,2005,4,24,23,34.4,28.7,0
689175a03cfdbc8f3403c598,2005-04-25,2005,4,25,20,34.4,27.2,0
689175a03cfdbc8f3403c599,2005-04-26,2005,4,26,23,34.4,28.7,0
689175a03cfdbc8f3403c59a,2005-04-27,2005,4,27,20,34.4,27.2,0
689175a03cfdbc8f3403c59b,2005-04-28,2005,4,28,23,34.4,28.7,0
689175a03cfdbc8f3403c59c,2005-04-29,2005,4,29,20,34.8,27.4,0
689175a03cfdbc8f3403c59d,2005-04-30,2005,4,30,23,34.4,28.7,0
689175a03cfdbc8f3403c59e,2005-05-01,2005,5,1,20,34,27,0
689175a03cfdbc8f3403c59f,2005-05-02,2005,5,2,23,34.4,28.7,0
689175a03cfdbc8f3403c5a0,2005-05-03,2005,5,3,20,34,27,0
689175a03cfdbc8f3403c5a1,2005-05-04,2005,5,4,23,34.4,28.7,0
689175a03cfdbc8f3403c5a2,2005-05-05,2005,5,5,20,34.4,27.2,0
689175a03cfdbc8f3403c5a3,2005-05-06,2005,5,6,23,35,29,0
689175a03cfdbc8f3403c5a4,2005-05-07,2005,5,7,19,35,27,0
689175a03cfdbc8f3403c5a5,2005-05-08,2005,5,8,23,35,29,0
689175a03cfdbc8f3403c5a6,2005-05-09,2005,5,9,20,31.8,25.9,0
689175a03cfdbc8f3403c5a7,2005-05-10,2005,5,10,23,35,29,0
689175a03cfdbc8f3403c5a8,2005-05-11,2005,5,11,20,32.4,26.2,0
689175a03cfdbc8f3403c5a9,2005-05-12,2005,5,12,23,30.4,26.7,0
689175a03cfdbc8f3403c5aa,2005-05-13,2005,5,13,23,33.2,28.1,0
689175a03cfdbc8f3403c5ab,2005-05-14,2005,5,14,23,33.4,28.2,0
689175a03cfdbc8f3403c5ac,2005-05-15,2005,5,15,23,33.6,28.3,0
689175a03cfdbc8f3403c5ad,2005-05-16,2005,5,16,23,34,28.5,0
689175a03cfdbc8f3403c5ae,2005-05-17,2005,5,17,23,34,28.5,0
689175a03cfdbc8f3403c5af,2005-05-18,2005,5,18,23,34.4,28.7,0
689175a03cfdbc8f3403c5b0,2005-05-19,2005,5,19,22,34.4,28.2,0
689175a03cfdbc8f3403c5b1,2005-05-20,2005,5,20,22,36.6,29.3,0
689175a03cfdbc8f3403c5b2,2005-05-21,2005,5,21,20,34.6,27.3,0
689175a03cfdbc8f3403c5b3,2005-05-22,2005,5,22,20,34.6,27.3,0
689175a03cfdbc8f3403c5b4,2005-05-23,2005,5,23,20,34.6,27.3,0
689175a03cfdbc8f3403c5b5,2005-05-24,2005,5,24,20,34.6,27.3,0
689175a03cfdbc8f3403c5b6,2005-05-25,2005,5,25,20,34.6,27.3,0
689175a03cfdbc8f3403c5b7,2005-05-26,2005,5,26,20,34.6,27.3,0
689175a03cfdbc8f3403c5b8,2005-05-27,2005,5,27,20,34.6,27.3,0
689175a03cfdbc8f3403c5b9,2005-05-28,2005,5,28,20,34.4,27.2,0
689175a03cfdbc8f3403c5ba,2005-05-29,2005,5,29,20,34.6,27.3,0
689175a03cfdbc8f3403c5bb,2005-05-30,2005,5,30,20,34.6,27.3,0
689175a03cfdbc8f3403c5bc,2005-05-31,2005,5,31,20,33,26.5,0
689175a03cfdbc8f3403c5bd,2005-06-01,2005,6,1,20,35,27.5,0
689175a03cfdbc8f3403c5be,2005-06-02,2005,6,2,20,33.6,26.8,0
689175a03cfdbc8f3403c5bf,2005-06-03,2005,6,3,20,34.4,27.2,0
689175a03cfdbc8f3403c5c0,2005-06-04,2005,6,4,20,34.4,27.2,0
689175a03cfdbc8f3403c5c1,2005-06-05,2005,6,5,20,34.4,27.2,0
689175a03cfdbc8f3403c5c2,2005-06-06,2005,6,6,20,34.6,27.3,0
689175a03cfdbc8f3403c5c3,2005-06-07,2005,6,7,20,34.4,27.2,0
689175a03cfdbc8f3403c5c4,2005-06-08,2005,6,8,20,34,27,0
689175a03cfdbc8f3403c5c5,2005-06-09,2005,6,9,20,33.9,26.95,0
689175a03cfdbc8f3403c5c6,2005-06-10,2005,6,10,20,34,27,0
689175a03cfdbc8f3403c5c7,2005-06-11,2005,6,11,20,35,27.5,0
689175a03cfdbc8f3403c5c8,2005-06-12,2005,6,12,20,35,27.5,0
689175a03cfdbc8f3403c5c9,2005-06-13,2005,6,13,19,35,27,0
689175a03cfdbc8f3403c5ca,2005-06-14,2005,6,14,20,35,27.5,0
689175a03cfdbc8f3403c5cb,2005-06-15,2005,6,15,19,35,27,0
689175a03cfdbc8f3403c5cc,2005-06-16,2005,6,16,19,32,25.5,0
689175a03cfdbc8f3403c5cd,2005-06-17,2005,6,17,19,29.4,24.2,0
689175a03cfdbc8f3403c5ce,2005-06-18,2005,6,18,19,31,25,0
689175a03cfdbc8f3403c5cf,2005-06-19,2005,6,19,19,31,25,0
689175a03cfdbc8f3403c5d0,2005-06-20,2005,6,20,19,31.8,25.4,0
689175a03cfdbc8f3403c5d1,2005-06-21,2005,6,21,19,34,26.5,0
689175a03cfdbc8f3403c5d2,2005-06-22,2005,6,22,19,35,27,0
689175a03cfdbc8f3403c5d3,2005-06-23,2005,6,23,19,35,27,0
689175a03cfdbc8f3403c5d4,2005-06-24,2005,6,24,19,35,27,0
689175a03cfdbc8f3403c5d5,2005-06-25,2005,6,25,19,33.6,26.3,0
689175a03cfdbc8f3403c5d6,2005-06-26,2005,6,26,19,34.6,26.8,0
689175a03cfdbc8f3403c5d7,2005-06-27,2005,6,27,19,35.6,27.3,0
689175a03cfdbc8f3403c5d8,2005-06-28,2005,6,28,19,35.6,27.3,0
689175a03cfdbc8f3403c5d9,2005-06-29,2005,6,29,18,35.8,26.9,0
689175a03cfdbc8f3403c5da,2005-06-30,2005,6,30,14,35.6,24.8,0
689175a03cfdbc8f3403c5db,2005-07-01,2005,7,1,18,35.6,26.8,0
689175a03cfdbc8f3403c5dc,2005-07-02,2005,7,2,18,35.6,26.8,0
689175a03cfdbc8f3403c5dd,2005-07-03,2005,7,3,18,35.6,26.8,0
689175a03cfdbc8f3403c5de,2005-07-04,2005,7,4,18,35.6,26.8,0
689175a03cfdbc8f3403c5df,2005-07-05,2005,7,5,18,36,27,0
689175a03cfdbc8f3403c5e0,2005-07-06,2005,7,6,18,31.8,24.9,0
689175a03cfdbc8f3403c5e1,2005-07-07,2005,7,7,18,36,27,0
689175a03cfdbc8f3403c5e2,2005-07-08,2005,7,8,18,36,27,0
689175a03cfdbc8f3403c5e3,2005-07-09,2005,7,9,18,36,27,0
689175a03cfdbc8f3403c5e4,2005-07-10,2005,7,10,18,35.6,26.8,0
689175a03cfdbc8f3403c5e5,2005-07-11,2005,7,11,23,36,29.5,0
689175a03cfdbc8f3403c5e6,2005-07-12,2005,7,12,18,35.4,26.7,0
689175a03cfdbc8f3403c5e7,2005-07-13,2005,7,13,24,33.2,28.6,0
689175a03cfdbc8f3403c5e8,2005-07-14,2005,7,14,21,33.4,27.2,0
689175a03cfdbc8f3403c5e9,2005-07-15,2005,7,15,23,33,28,0
689175a03cfdbc8f3403c5ea,2005-07-16,2005,7,16,19,34.6,26.8,0
689175a03cfdbc8f3403c5eb,2005-07-17,2005,7,17,22,33.4,27.7,0
689175a03cfdbc8f3403c5ec,2005-07-18,2005,7,18,19,33.4,26.2,0
689175a03cfdbc8f3403c5ed,2005-07-19,2005,7,19,22,35.4,28.7,0
689175a03cfdbc8f3403c5ee,2005-07-20,2005,7,20,19,31.6,25.3,0
689175a03cfdbc8f3403c5ef,2005-07-21,2005,7,21,22,33.6,27.8,0
689175a03cfdbc8f3403c5f0,2005-07-22,2005,7,22,19,30.6,24.8,0
689175a03cfdbc8f3403c5f1,2005-07-23,2005,7,23,24,34.2,29.1,0
689175a03cfdbc8f3403c5f2,2005-07-24,2005,7,24,21,33.6,27.3,0
689175a03cfdbc8f3403c5f3,2005-07-25,2005,7,25,24,35.2,29.6,0
689175a03cfdbc8f3403c5f4,2005-07-26,2005,7,26,24,35,29.5,0
689175a03cfdbc8f3403c5f5,2005-07-27,2005,7,27,24,35.2,29.6,0
689175a03cfdbc8f3403c5f6,2005-07-28,2005,7,28,21,35.2,28.1,0
689175a03cfdbc8f3403c5f7,2005-07-29,2005,7,29,21,35.4,28.2,0
689175a03cfdbc8f3403c5f8,2005-07-30,2005,7,30,21,35.4,28.2,0
689175a03cfdbc8f3403c5f9,2005-07-31,2005,7,31,21,35.4,28.2,0
689175a03cfdbc8f3403c5fa,2005-08-01,2005,8,1,21,35.2,28.1,0
689175a03cfdbc8f3403c5fb,2005-08-02,2005,8,2,21,35.6,28.3,0
689175a03cfdbc8f3403c5fc,2005-08-03,2005,8,3,21,35.6,28.3,0
689175a03cfdbc8f3403c5fd,2005-08-04,2005,8,4,20,35.6,27.8,0
689175a03cfdbc8f3403c5fe,2005-08-05,2005,8,5,21,35.6,28.3,0
689175a03cfdbc8f3403c5ff,2005-08-06,2005,8,6,20,36,28,0
689175a03cfdbc8f3403c600,2005-08-07,2005,8,7,20,36,28,0
689175a03cfdbc8f3403c601,2005-08-08,2005,8,8,20,36,28,0
689175a03cfdbc8f3403c602,2005-08-09,2005,8,9,20,36,28,0
689175a03cfdbc8f3403c603,2005-08-10,2005,8,10,20,36,28,0
689175a03cfdbc8f3403c604,2005-08-11,2005,8,11,20,36,28,0
689175a03cfdbc8f3403c605,2005-08-12,2005,8,12,20,36,28,0
689175a03cfdbc8f3403c606,2005-08-13,2005,8,13,19,36.4,27.7,0
689175a03cfdbc8f3403c607,2005-08-14,2005,8,14,19,36,27.5,0
689175a03cfdbc8f3403c608,2005-08-15,2005,8,15,19,36.2,27.6,0
689175a03cfdbc8f3403c609,2005-08-16,2005,8,16,19,36,27.5,0
689175a03cfdbc8f3403c60a,2005-08-17,2005,8,17,19,37.2,28.1,0
689175a03cfdbc8f3403c60b,2005-08-18,2005,8,18,19,34,26.5,0
689175a03cfdbc8f3403c60c,2005-08-19,2005,8,19,19,35.4,27.2,0
689175a03cfdbc8f3403c60d,2005-08-20,2005,8,20,19,35,27,0
689175a03cfdbc8f3403c60e,2005-08-21,2005,8,21,19,35.4,27.2,0
689175a03cfdbc8f3403c60f,2005-08-22,2005,8,22,19,35,27,0
689175a03cfdbc8f3403c610,2005-08-23,2005,8,23,19,35,27,0
689175a03cfdbc8f3403c611,2005-08-24,2005,8,24,19,35,27,0
689175a03cfdbc8f3403c612,2005-08-25,2005,8,25,19,35,27,0
689175a03cfdbc8f3403c613,2005-08-26,2005,8,26,19,35,27,0
689175a03cfdbc8f3403c614,2005-08-27,2005,8,27,19,35,27,0
689175a03cfdbc8f3403c615,2005-08-28,2005,8,28,19,35,27,0
689175a03cfdbc8f3403c616,2005-08-29,2005,8,29,19,35,27,0
689175a03cfdbc8f3403c617,2005-08-30,2005,8,30,18,35.4,26.7,0
689175a03cfdbc8f3403c618,2005-08-31,2005,8,31,18,35,26.5,0
689175a03cfdbc8f3403c619,2005-09-01,2005,9,1,18,35,26.5,0
689175a03cfdbc8f3403c61a,2005-09-02,2005,9,2,18,35,26.5,0
689175a03cfdbc8f3403c61b,2005-09-03,2005,9,3,18,35,26.5,0
689175a03cfdbc8f3403c61c,2005-09-04,2005,9,4,18,35,26.5,0
689175a03cfdbc8f3403c61d,2005-09-05,2005,9,5,18,35,26.5,0
689175a03cfdbc8f3403c61e,2005-09-06,2005,9,6,18,35,26.5,0
689175a03cfdbc8f3403c61f,2005-09-07,2005,9,7,18,35.4,26.7,0
689175a03cfdbc8f3403c620,2005-09-08,2005,9,8,18,35.4,26.7,0
689175a03cfdbc8f3403c621,2005-09-09,2005,9,9,18,36.6,27.3,0
689175a03cfdbc8f3403c622,2005-09-10,2005,9,10,18,36.6,27.3,0
689175a03cfdbc8f3403c623,2005-09-11,2005,9,11,22,36.6,29.3,0
689175a03cfdbc8f3403c624,2005-09-12,2005,9,12,19,33.6,26.3,0
689175a03cfdbc8f3403c625,2005-09-13,2005,9,13,22,33.6,27.8,0
689175a03cfdbc8f3403c626,2005-09-14,2005,9,14,19,33.6,26.3,0
689175a03cfdbc8f3403c627,2005-09-15,2005,9,15,22,33.6,27.8,0
689175a03cfdbc8f3403c628,2005-09-16,2005,9,16,19,33.6,26.3,0
689175a03cfdbc8f3403c629,2005-09-17,2005,9,17,21,33.6,27.3,0
689175a03cfdbc8f3403c62a,2005-09-18,2005,9,18,18,33.6,25.8,0
689175a03cfdbc8f3403c62b,2005-09-19,2005,9,19,21,36.4,28.7,0
689175a03cfdbc8f3403c62c,2005-09-20,2005,9,20,21,36.4,28.7,0
689175a03cfdbc8f3403c62d,2005-09-21,2005,9,21,24,36.6,30.3,0
689175a03cfdbc8f3403c62e,2005-09-22,2005,9,22,23.272487804878047,32.89998392282958,28.086235863853812,0
689175a03cfdbc8f3403c62f,2005-09-23,2005,9,23,23,29,26,0
689175a03cfdbc8f3403c630,2005-09-24,2005,9,24,22,32.6,27.3,0
689175a03cfdbc8f3403c631,2005-09-25,2005,9,25,22,33.6,27.8,0
689175a03cfdbc8f3403c632,2005-09-26,2005,9,26,22,34,28,0
689175a03cfdbc8f3403c633,2005-09-27,2005,9,27,22,33.6,27.8,0
689175a03cfdbc8f3403c634,2005-09-28,2005,9,28,22,32.6,27.3,0
689175a03cfdbc8f3403c635,2005-09-29,2005,9,29,22,35.4,28.7,0
689175a03cfdbc8f3403c636,2005-09-30,2005,9,30,22,34.4,28.2,0
689175a03cfdbc8f3403c637,2005-10-01,2005,10,1,22,34.2,28.1,0
689175a03cfdbc8f3403c638,2005-10-02,2005,10,2,22,33.6,27.8,0
689175a03cfdbc8f3403c639,2005-10-03,2005,10,3,22,33,27.5,0
689175a03cfdbc8f3403c63a,2005-10-04,2005,10,4,22,29.6,25.8,0
689175a03cfdbc8f3403c63b,2005-10-05,2005,10,5,22,33.8,27.9,0
689175a03cfdbc8f3403c63c,2005-10-06,2005,10,6,22,32,27,0
689175a03cfdbc8f3403c63d,2005-10-07,2005,10,7,22,31.6,26.8,0
689175a03cfdbc8f3403c63e,2005-10-08,2005,10,8,22,27.6,24.8,0
689175a03cfdbc8f3403c63f,2005-10-09,2005,10,9,22,31.2,26.6,0
689175a03cfdbc8f3403c640,2005-10-10,2005,10,10,22,31.2,26.6,0
689175a03cfdbc8f3403c641,2005-10-11,2005,10,11,22,31,26.5,0
689175a03cfdbc8f3403c642,2005-10-12,2005,10,12,22,31.2,26.6,0
689175a03cfdbc8f3403c643,2005-10-13,2005,10,13,22,31.4,26.7,0
689175a03cfdbc8f3403c644,2005-10-14,2005,10,14,22,32,27,0
689175a03cfdbc8f3403c645,2005-10-15,2005,10,15,22,31,26.5,0
689175a03cfdbc8f3403c646,2005-10-16,2005,10,16,22,32,27,0
689175a03cfdbc8f3403c647,2005-10-17,2005,10,17,22,31.8,26.9,0
689175a03cfdbc8f3403c648,2005-10-18,2005,10,18,22,31.8,26.9,0
689175a03cfdbc8f3403c649,2005-10-19,2005,10,19,22,32.4,27.2,0
689175a03cfdbc8f3403c64a,2005-10-20,2005,10,20,22,32.4,27.2,0
689175a03cfdbc8f3403c64b,2005-10-21,2005,10,21,22,32.4,27.2,0
689175a03cfdbc8f3403c64c,2005-10-22,2005,10,22,22,32.4,27.2,0
689175a03cfdbc8f3403c64d,2005-10-23,2005,10,23,21,32.4,26.7,0
689175a03cfdbc8f3403c64e,2005-10-24,2005,10,24,21,32.4,26.7,0
689175a03cfdbc8f3403c64f,2005-10-25,2005,10,25,21,33.2,27.1,0
689175a03cfdbc8f3403c650,2005-10-26,2005,10,26,21,33.4,27.2,0
689175a03cfdbc8f3403c651,2005-10-27,2005,10,27,21,33.4,27.2,0
689175a03cfdbc8f3403c652,2005-10-28,2005,10,28,21,33.4,27.2,0
689175a03cfdbc8f3403c653,2005-10-29,2005,10,29,21,33.4,27.2,0
689175a03cfdbc8f3403c654,2005-10-30,2005,10,30,21,33.4,27.2,0
689175a03cfdbc8f3403c655,2005-10-31,2005,10,31,21,33.4,27.2,0
689175a03cfdbc8f3403c656,2005-11-01,2005,11,1,21,33.4,27.2,0
689175a03cfdbc8f3403c657,2005-11-02,2005,11,2,21,33.4,27.2,0
689175a03cfdbc8f3403c658,2005-11-03,2005,11,3,21,33.4,27.2,0
689175a03cfdbc8f3403c659,2005-11-04,2005,11,4,21,33.4,27.2,0
689175a03cfdbc8f3403c65a,2005-11-05,2005,11,5,21,33.4,27.2,0
689175a03cfdbc8f3403c65b,2005-11-06,2005,11,6,21,33.4,27.2,0
689175a03cfdbc8f3403c65c,2005-11-07,2005,11,7,21,33.4,27.2,0
689175a03cfdbc8f3403c65d,2005-11-08,2005,11,8,21,33.4,27.2,0
689175a03cfdbc8f3403c65e,2005-11-09,2005,11,9,21,33.4,27.2,0
689175a03cfdbc8f3403c65f,2005-11-10,2005,11,10,21,33.4,27.2,0
689175a03cfdbc8f3403c660,2005-11-11,2005,11,11,21,33.4,27.2,0
689175a03cfdbc8f3403c661,2005-11-12,2005,11,12,21,33.4,27.2,0
689175a03cfdbc8f3403c662,2005-11-13,2005,11,13,21,33.4,27.2,0
689175a03cfdbc8f3403c663,2005-11-14,2005,11,14,21,33.4,27.2,0
689175a03cfdbc8f3403c664,2005-11-15,2005,11,15,21,33.4,27.2,0
689175a03cfdbc8f3403c665,2005-11-16,2005,11,16,21,33.4,27.2,0
689175a03cfdbc8f3403c666,2005-11-17,2005,11,17,21,33.4,27.2,0
689175a03cfdbc8f3403c667,2005-11-18,2005,11,18,21,33.4,27.2,0
689175a03cfdbc8f3403c668,2005-11-19,2005,11,19,21,33.4,27.2,0
689175a03cfdbc8f3403c669,2005-11-20,2005,11,20,21,33.4,27.2,0
689175a03cfdbc8f3403c66a,2005-11-21,2005,11,21,21,33.4,27.2,0
689175a03cfdbc8f3403c66b,2005-11-22,2005,11,22,21,33.4,27.2,0
689175a03cfdbc8f3403c66c,2005-11-23,2005,11,23,21,33.4,27.2,0
689175a03cfdbc8f3403c66d,2005-11-24,2005,11,24,21,33.4,27.2,0
689175a03cfdbc8f3403c66e,2005-11-25,2005,11,25,21,33.4,27.2,0
689175a03cfdbc8f3403c66f,2005-11-26,2005,11,26,21,33.4,27.2,0
689175a03cfdbc8f3403c670,2005-11-27,2005,11,27,21,32.4,26.7,0
689175a03cfdbc8f3403c671,2005-11-28,2005,11,28,23,33.9,28.45,0
689175a03cfdbc8f3403c672,2005-11-29,2005,11,29,23,31.8,27.4,0
689175a03cfdbc8f3403c673,2005-11-30,2005,11,30,23,31.6,27.3,0
689175a03cfdbc8f3403c674,2005-12-01,2005,12,1,22,32.8,27.4,0
689175a03cfdbc8f3403c675,2005-12-02,2005,12,2,22,31.6,26.8,0
689175a03cfdbc8f3403c676,2005-12-03,2005,12,3,21,32,26.5,0
689175a03cfdbc8f3403c677,2005-12-04,2005,12,4,21,33.2,27.1,0
689175a03cfdbc8f3403c678,2005-12-05,2005,12,5,21,33.2,27.1,0
689175a03cfdbc8f3403c679,2005-12-06,2005,12,6,21,33.2,27.1,0
689175a03cfdbc8f3403c67a,2005-12-07,2005,12,7,21,30.8,25.9,0
689175a03cfdbc8f3403c67b,2005-12-08,2005,12,8,23,31.6,27.3,0
689175a03cfdbc8f3403c67c,2005-12-09,2005,12,9,22,31.6,26.8,0
689175a03cfdbc8f3403c67d,2005-12-10,2005,12,10,23,31.9,27.45,0
689175a03cfdbc8f3403c67e,2005-12-11,2005,12,11,23,31.4,27.2,0
689175a03cfdbc8f3403c67f,2005-12-12,2005,12,12,23,31.9,27.45,0
689175a03cfdbc8f3403c680,2005-12-13,2005,12,13,23,31.4,27.2,0
689175a03cfdbc8f3403c681,2005-12-14,2005,12,14,23,31.9,27.45,0
689175a03cfdbc8f3403c682,2005-12-15,2005,12,15,23,31.9,27.45,0
689175a03cfdbc8f3403c683,2005-12-16,2005,12,16,23,32,27.5,0
689175a03cfdbc8f3403c684,2005-12-17,2005,12,17,23,32,27.5,0
689175a03cfdbc8f3403c685,2005-12-18,2005,12,18,23,32,27.5,0
689175a03cfdbc8f3403c686,2005-12-19,2005,12,19,23,32,27.5,0
689175a03cfdbc8f3403c687,2005-12-20,2005,12,20,23,32,27.5,0
689175a03cfdbc8f3403c688,2005-12-21,2005,12,21,23,32,27.5,0
689175a03cfdbc8f3403c689,2005-12-22,2005,12,22,23,32.9,27.95,0
689175a03cfdbc8f3403c68a,2005-12-23,2005,12,23,23,32.4,27.7,0
689175a03cfdbc8f3403c68b,2005-12-24,2005,12,24,23,32.9,27.95,0
689175a03cfdbc8f3403c68c,2005-12-25,2005,12,25,23,32.9,27.95,0
689175a03cfdbc8f3403c68d,2005-12-26,2005,12,26,22,32.9,27.45,0
689175a03cfdbc8f3403c68e,2005-12-27,2005,12,27,22,32.4,27.2,0
689175a03cfdbc8f3403c68f,2005-12-28,2005,12,28,22,33.6,27.8,0
689175a03cfdbc8f3403c690,2005-12-29,2005,12,29,22,33.6,27.8,0
689175a03cfdbc8f3403c691,2005-12-30,2005,12,30,22,33.6,27.8,0
689175a03cfdbc8f3403c692,2005-12-31,2005,12,31,22,33.6,27.8,0
689175a03cfdbc8f3403c693,2006-01-01,2006,1,1,22,33.6,27.8,0
689175a03cfdbc8f3403c694,2006-01-02,2006,1,2,22,33.6,27.8,0
689175a03cfdbc8f3403c695,2006-01-03,2006,1,3,22,33.6,27.8,0
689175a03cfdbc8f3403c696,2006-01-04,2006,1,4,22,33.6,27.8,0
689175a03cfdbc8f3403c697,2006-01-05,2006,1,5,22,33.6,27.8,0
689175a03cfdbc8f3403c698,2006-01-06,2006,1,6,22,33.6,27.8,0
689175a03cfdbc8f3403c699,2006-01-07,2006,1,7,22,33.6,27.8,0
689175a03cfdbc8f3403c69a,2006-01-08,2006,1,8,22,33.6,27.8,0
689175a03cfdbc8f3403c69b,2006-01-09,2006,1,9,22,33.6,27.8,0
689175a03cfdbc8f3403c69c,2006-01-10,2006,1,10,22,33.6,27.8,0
689175a03cfdbc8f3403c69d,2006-01-11,2006,1,11,22,33.6,27.8,0
689175a03cfdbc8f3403c69e,2006-01-12,2006,1,12,22,33.6,27.8,0
689175a03cfdbc8f3403c69f,2006-01-13,2006,1,13,22,33.6,27.8,0
689175a03cfdbc8f3403c6a0,2006-01-14,2006,1,14,22,33.6,27.8,0
689175a03cfdbc8f3403c6a1,2006-01-15,2006,1,15,22,33.6,27.8,0
689175a03cfdbc8f3403c6a2,2006-01-16,2006,1,16,22,33.6,27.8,0
689175a03cfdbc8f3403c6a3,2006-01-17,2006,1,17,22,33.6,27.8,0
689175a03cfdbc8f3403c6a4,2006-01-18,2006,1,18,22,33.6,27.8,0
689175a03cfdbc8f3403c6a5,2006-01-19,2006,1,19,22,33.6,27.8,0
689175a03cfdbc8f3403c6a6,2006-01-20,2006,1,20,22,33.6,27.8,0
689175a03cfdbc8f3403c6a7,2006-01-21,2006,1,21,20,33.6,26.8,0
689175a03cfdbc8f3403c6a8,2006-01-22,2006,1,22,20,33.6,26.8,0
689175a03cfdbc8f3403c6a9,2006-01-23,2006,1,23,20,33.6,26.8,0
689175a03cfdbc8f3403c6aa,2006-01-24,2006,1,24,20,32.6,26.3,0
689175a03cfdbc8f3403c6ab,2006-01-25,2006,1,25,20,32.6,26.3,0
689175a03cfdbc8f3403c6ac,2006-01-26,2006,1,26,20,32.6,26.3,0
689175a03cfdbc8f3403c6ad,2006-01-27,2006,1,27,20,33,26.5,0
689175a03cfdbc8f3403c6ae,2006-01-28,2006,1,28,20,33,26.5,0
689175a03cfdbc8f3403c6af,2006-01-29,2006,1,29,19,33,26,0
689175a03cfdbc8f3403c6b0,2006-01-30,2006,1,30,19,33,26,0
689175a03cfdbc8f3403c6b1,2006-01-31,2006,1,31,19,33,26,0
689175a03cfdbc8f3403c6b2,2006-02-01,2006,2,1,19,33.4,26.2,0
689175a03cfdbc8f3403c6b3,2006-02-02,2006,2,2,19,34,26.5,0
689175a03cfdbc8f3403c6b4,2006-02-03,2006,2,3,19,34.4,26.7,0
689175a03cfdbc8f3403c6b5,2006-02-04,2006,2,4,19,34,26.5,0
689175a03cfdbc8f3403c6b6,2006-02-05,2006,2,5,19,34,26.5,0
689175a03cfdbc8f3403c6b7,2006-02-06,2006,2,6,19,34.4,26.7,0
689175a03cfdbc8f3403c6b8,2006-02-07,2006,2,7,19,34,26.5,0
689175a03cfdbc8f3403c6b9,2006-02-08,2006,2,8,19,34,26.5,0
689175a03cfdbc8f3403c6ba,2006-02-09,2006,2,9,19,34.4,26.7,0
689175a03cfdbc8f3403c6bb,2006-02-10,2006,2,10,19,34.4,26.7,0
689175a03cfdbc8f3403c6bc,2006-02-11,2006,2,11,19,34.4,26.7,0
689175a03cfdbc8f3403c6bd,2006-02-12,2006,2,12,19,34.4,26.7,0
689175a03cfdbc8f3403c6be,2006-02-13,2006,2,13,19,32.2,25.6,0
689175a03cfdbc8f3403c6bf,2006-02-14,2006,2,14,19,32.2,25.6,0
689175a03cfdbc8f3403c6c0,2006-02-15,2006,2,15,19,32.2,25.6,0
689175a03cfdbc8f3403c6c1,2006-02-16,2006,2,16,19,33,26,0
689175a03cfdbc8f3403c6c2,2006-02-17,2006,2,17,19,33,26,0
689175a03cfdbc8f3403c6c3,2006-02-18,2006,2,18,19,33,26,0
689175a03cfdbc8f3403c6c4,2006-02-19,2006,2,19,19,33.8,26.4,0
689175a03cfdbc8f3403c6c5,2006-02-20,2006,2,20,19,34,26.5,0
689175a03cfdbc8f3403c6c6,2006-02-21,2006,2,21,19,34,26.5,0
689175a03cfdbc8f3403c6c7,2006-02-22,2006,2,22,19,33.8,26.4,0
689175a03cfdbc8f3403c6c8,2006-02-23,2006,2,23,19,33.8,26.4,0
689175a03cfdbc8f3403c6c9,2006-02-24,2006,2,24,19,33.8,26.4,0
689175a03cfdbc8f3403c6ca,2006-02-25,2006,2,25,19,33.8,26.4,0
689175a03cfdbc8f3403c6cb,2006-02-26,2006,2,26,19,33.8,26.4,0
689175a03cfdbc8f3403c6cc,2006-02-27,2006,2,27,19,33.8,26.4,0
689175a03cfdbc8f3403c6cd,2006-02-28,2006,2,28,19,33.8,26.4,0
689175a03cfdbc8f3403c6ce,2006-03-01,2006,3,1,19,33.8,26.4,0
689175a03cfdbc8f3403c6cf,2006-03-02,2006,3,2,19,33.8,26.4,0
689175a03cfdbc8f3403c6d0,2006-03-03,2006,3,3,19,33.8,26.4,0
689175a03cfdbc8f3403c6d1,2006-03-04,2006,3,4,19,33.8,26.4,0
689175a03cfdbc8f3403c6d2,2006-03-05,2006,3,5,19,34,26.5,0
689175a03cfdbc8f3403c6d3,2006-03-06,2006,3,6,19,34,26.5,0
689175a03cfdbc8f3403c6d4,2006-03-07,2006,3,7,19,34,26.5,0
689175a03cfdbc8f3403c6d5,2006-03-08,2006,3,8,19,34,26.5,0
689175a03cfdbc8f3403c6d6,2006-03-09,2006,3,9,19,34.2,26.6,0
689175a03cfdbc8f3403c6d7,2006-03-10,2006,3,10,19,34.2,26.6,0
689175a03cfdbc8f3403c6d8,2006-03-11,2006,3,11,20,34.2,27.1,0
689175a03cfdbc8f3403c6d9,2006-03-12,2006,3,12,19,34,26.5,0
689175a03cfdbc8f3403c6da,2006-03-13,2006,3,13,19,34.2,26.6,0
689175a03cfdbc8f3403c6db,2006-03-14,2006,3,14,19,34.2,26.6,0
689175a03cfdbc8f3403c6dc,2006-03-15,2006,3,15,19,34.2,26.6,0
689175a03cfdbc8f3403c6dd,2006-03-16,2006,3,16,19,34.2,26.6,0
689175a03cfdbc8f3403c6de,2006-03-17,2006,3,17,19,34.4,26.7,0
689175a03cfdbc8f3403c6df,2006-03-18,2006,3,18,19,34.6,26.8,0
689175a03cfdbc8f3403c6e0,2006-03-19,2006,3,19,19,34.6,26.8,0
689175a03cfdbc8f3403c6e1,2006-03-20,2006,3,20,19,33.6,26.3,0
689175a03cfdbc8f3403c6e2,2006-03-21,2006,3,21,19,34.6,26.8,0
689175a03cfdbc8f3403c6e3,2006-03-22,2006,3,22,19,34.4,26.7,0
689175a03cfdbc8f3403c6e4,2006-03-23,2006,3,23,19,34.4,26.7,0
689175a03cfdbc8f3403c6e5,2006-03-24,2006,3,24,19,34.4,26.7,0
689175a03cfdbc8f3403c6e6,2006-03-25,2006,3,25,19,34.4,26.7,0
689175a03cfdbc8f3403c6e7,2006-03-26,2006,3,26,19,34.4,26.7,0
689175a03cfdbc8f3403c6e8,2006-03-27,2006,3,27,19,34.4,26.7,0
689175a03cfdbc8f3403c6e9,2006-03-28,2006,3,28,18,34.4,26.2,0
689175a03cfdbc8f3403c6ea,2006-03-29,2006,3,29,18,34.6,26.3,0
689175a03cfdbc8f3403c6eb,2006-03-30,2006,3,30,19,34.6,26.8,0
689175a03cfdbc8f3403c6ec,2006-03-31,2006,3,31,18,34.6,26.3,0
689175a03cfdbc8f3403c6ed,2006-04-01,2006,4,1,18,34.6,26.3,0
689175a03cfdbc8f3403c6ee,2006-04-02,2006,4,2,18,34.4,26.2,0
689175a03cfdbc8f3403c6ef,2006-04-03,2006,4,3,18,34.4,26.2,0
689175a03cfdbc8f3403c6f0,2006-04-04,2006,4,4,18,34.4,26.2,0
689175a03cfdbc8f3403c6f1,2006-04-05,2006,4,5,18,34.6,26.3,0
689175a03cfdbc8f3403c6f2,2006-04-06,2006,4,6,18,34.6,26.3,0
689175a03cfdbc8f3403c6f3,2006-04-07,2006,4,7,18,34.4,26.2,0
689175a03cfdbc8f3403c6f4,2006-04-08,2006,4,8,18,34.4,26.2,0
689175a03cfdbc8f3403c6f5,2006-04-09,2006,4,9,18,34.6,26.3,0
689175a03cfdbc8f3403c6f6,2006-04-10,2006,4,10,18,34.4,26.2,0
689175a03cfdbc8f3403c6f7,2006-04-11,2006,4,11,18,34.4,26.2,0
689175a03cfdbc8f3403c6f8,2006-04-12,2006,4,12,18,30.6,24.3,0
689175a03cfdbc8f3403c6f9,2006-04-13,2006,4,13,18,33.6,25.8,0
689175a03cfdbc8f3403c6fa,2006-04-14,2006,4,14,18,34.2,26.1,0
689175a03cfdbc8f3403c6fb,2006-04-15,2006,4,15,18,34.4,26.2,0
689175a03cfdbc8f3403c6fc,2006-04-16,2006,4,16,18,34.2,26.1,0
689175a03cfdbc8f3403c6fd,2006-04-17,2006,4,17,18,32.6,25.3,0
689175a03cfdbc8f3403c6fe,2006-04-18,2006,4,18,18,32.6,25.3,0
689175a03cfdbc8f3403c6ff,2006-04-19,2006,4,19,18,32.6,25.3,0
689175a03cfdbc8f3403c700,2006-04-20,2006,4,20,18,32.4,25.2,0
689175a03cfdbc8f3403c701,2006-04-21,2006,4,21,18,32.4,25.2,0
689175a03cfdbc8f3403c702,2006-04-22,2006,4,22,18,32.4,25.2,0
689175a03cfdbc8f3403c703,2006-04-23,2006,4,23,18,33.4,25.7,0
689175a03cfdbc8f3403c704,2006-04-24,2006,4,24,18,33.4,25.7,0
689175a03cfdbc8f3403c705,2006-04-25,2006,4,25,18,33.2,25.6,0
689175a03cfdbc8f3403c706,2006-04-26,2006,4,26,17,33.4,25.2,0
689175a03cfdbc8f3403c707,2006-04-27,2006,4,27,18,34.6,26.3,0
689175a03cfdbc8f3403c708,2006-04-28,2006,4,28,18,33.8,25.9,0
689175a03cfdbc8f3403c709,2006-04-29,2006,4,29,23,34,28.5,0
689175a03cfdbc8f3403c70a,2006-04-30,2006,4,30,23,34.4,28.7,0
689175a03cfdbc8f3403c70b,2006-05-01,2006,5,1,23,32.6,27.8,0
689175a03cfdbc8f3403c70c,2006-05-02,2006,5,2,23,32.6,27.8,0
689175a03cfdbc8f3403c70d,2006-05-03,2006,5,3,23,34,28.5,0
689175a03cfdbc8f3403c70e,2006-05-04,2006,5,4,23,32.6,27.8,0
689175a03cfdbc8f3403c70f,2006-05-05,2006,5,5,22,33,27.5,0
689175a03cfdbc8f3403c710,2006-05-06,2006,5,6,22,32.6,27.3,0
689175a03cfdbc8f3403c711,2006-05-07,2006,5,7,22,33.6,27.8,0
689175a03cfdbc8f3403c712,2006-05-08,2006,5,8,22,33.6,27.8,0
689175a03cfdbc8f3403c713,2006-05-09,2006,5,9,22,32.8,27.4,0
689175a03cfdbc8f3403c714,2006-05-10,2006,5,10,22,33.6,27.8,0
689175a03cfdbc8f3403c715,2006-05-11,2006,5,11,22,34,28,0
689175a03cfdbc8f3403c716,2006-05-12,2006,5,12,22,33.4,27.7,0
689175a03cfdbc8f3403c717,2006-05-13,2006,5,13,21,33.4,27.2,0
689175a03cfdbc8f3403c718,2006-05-14,2006,5,14,21,33.4,27.2,0
689175a03cfdbc8f3403c719,2006-05-15,2006,5,15,21,34.6,27.8,0
689175a03cfdbc8f3403c71a,2006-05-16,2006,5,16,21,34.6,27.8,0
689175a03cfdbc8f3403c71b,2006-05-17,2006,5,17,21,30.8,25.9,0
689175a03cfdbc8f3403c71c,2006-05-18,2006,5,18,21,31,26,0
689175a03cfdbc8f3403c71d,2006-05-19,2006,5,19,21,33,27,0
689175a03cfdbc8f3403c71e,2006-05-20,2006,5,20,21,34,27.5,0
689175a03cfdbc8f3403c71f,2006-05-21,2006,5,21,23,34.2,28.6,0
689175a03cfdbc8f3403c720,2006-05-22,2006,5,22,23,32.6,27.8,0
689175a03cfdbc8f3403c721,2006-05-23,2006,5,23,23,31.6,27.3,0
689175a03cfdbc8f3403c722,2006-05-24,2006,5,24,23,32.2,27.6,0
689175a03cfdbc8f3403c723,2006-05-25,2006,5,25,22,33.8,27.9,0
689175a03cfdbc8f3403c724,2006-05-26,2006,5,26,22,32.6,27.3,0
689175a03cfdbc8f3403c725,2006-05-27,2006,5,27,22,32.8,27.4,0
689175a03cfdbc8f3403c726,2006-05-28,2006,5,28,22,33.6,27.8,0
689175a03cfdbc8f3403c727,2006-05-29,2006,5,29,22,33,27.5,0
689175a03cfdbc8f3403c728,2006-05-30,2006,5,30,20,33.4,26.7,0
689175a03cfdbc8f3403c729,2006-05-31,2006,5,31,23,33.6,28.3,0
689175a03cfdbc8f3403c72a,2006-06-01,2006,6,1,23,33.4,28.2,0
689175a03cfdbc8f3403c72b,2006-06-02,2006,6,2,22,33.6,27.8,0
689175a03cfdbc8f3403c72c,2006-06-03,2006,6,3,22,33.8,27.9,0
689175a03cfdbc8f3403c72d,2006-06-04,2006,6,4,22,34.8,28.4,0
689175a03cfdbc8f3403c72e,2006-06-05,2006,6,5,23,33.6,28.3,0
689175a03cfdbc8f3403c72f,2006-06-06,2006,6,6,23,33.6,28.3,0
689175a03cfdbc8f3403c730,2006-06-07,2006,6,7,23,33.2,28.1,0
689175a03cfdbc8f3403c731,2006-06-08,2006,6,8,22,33.4,27.7,0
689175a03cfdbc8f3403c732,2006-06-09,2006,6,9,22,32.2,27.1,0
689175a03cfdbc8f3403c733,2006-06-10,2006,6,10,22,33.8,27.9,0
689175a03cfdbc8f3403c734,2006-06-11,2006,6,11,22,33.4,27.7,0
689175a03cfdbc8f3403c735,2006-06-12,2006,6,12,22,33,27.5,0
689175a03cfdbc8f3403c736,2006-06-13,2006,6,13,22,33.6,27.8,0
689175a03cfdbc8f3403c737,2006-06-14,2006,6,14,22,34,28,0
689175a03cfdbc8f3403c738,2006-06-15,2006,6,15,21,33.6,27.3,0
689175a03cfdbc8f3403c739,2006-06-16,2006,6,16,22,33.6,27.8,0
689175a03cfdbc8f3403c73a,2006-06-17,2006,6,17,21,33.2,27.1,0
689175a03cfdbc8f3403c73b,2006-06-18,2006,6,18,21,29,25,0
689175a03cfdbc8f3403c73c,2006-06-19,2006,6,19,21,27,24,0
689175a03cfdbc8f3403c73d,2006-06-20,2006,6,20,21,32.6,26.8,0
689175a03cfdbc8f3403c73e,2006-06-21,2006,6,21,23,32.8,27.9,0
689175a03cfdbc8f3403c73f,2006-06-22,2006,6,22,23,31.2,27.1,0
689175a03cfdbc8f3403c740,2006-06-23,2006,6,23,20,34.2,27.1,0
689175a03cfdbc8f3403c741,2006-06-24,2006,6,24,23,33.2,28.1,0
689175a03cfdbc8f3403c742,2006-06-25,2006,6,25,21,33.2,27.1,0
689175a03cfdbc8f3403c743,2006-06-26,2006,6,26,23,34.2,28.6,0
689175a03cfdbc8f3403c744,2006-06-27,2006,6,27,22,33.4,27.7,0
689175a03cfdbc8f3403c745,2006-06-28,2006,6,28,21,33.8,27.4,0
689175a03cfdbc8f3403c746,2006-06-29,2006,6,29,17,33.2,25.1,0
689175a03cfdbc8f3403c747,2006-06-30,2006,6,30,25,34.6,29.8,0
689175a03cfdbc8f3403c748,2006-07-01,2006,7,1,26,34.8,30.4,0
689175a03cfdbc8f3403c749,2006-07-02,2006,7,2,26,34.2,30.1,0
689175a03cfdbc8f3403c74a,2006-07-03,2006,7,3,26,35.8,30.9,0
689175a03cfdbc8f3403c74b,2006-07-04,2006,7,4,21,35,28,0
689175a03cfdbc8f3403c74c,2006-07-05,2006,7,5,21,35.2,28.1,0
689175a03cfdbc8f3403c74d,2006-07-06,2006,7,6,21,34.8,27.9,0
689175a03cfdbc8f3403c74e,2006-07-07,2006,7,7,23,34.8,28.9,0
689175a03cfdbc8f3403c74f,2006-07-08,2006,7,8,22,33.4,27.7,0
689175a03cfdbc8f3403c750,2006-07-09,2006,7,9,23,32.6,27.8,0
689175a03cfdbc8f3403c751,2006-07-10,2006,7,10,23,32,27.5,0
689175a03cfdbc8f3403c752,2006-07-11,2006,7,11,23,34.4,28.7,0
689175a03cfdbc8f3403c753,2006-07-12,2006,7,12,24,33.2,28.6,0
689175a03cfdbc8f3403c754,2006-07-13,2006,7,13,24,33,28.5,0
689175a03cfdbc8f3403c755,2006-07-14,2006,7,14,23,31,27,0
689175a03cfdbc8f3403c756,2006-07-15,2006,7,15,23,33,28,0
689175a03cfdbc8f3403c757,2006-07-16,2006,7,16,23,33.8,28.4,0
689175a03cfdbc8f3403c758,2006-07-17,2006,7,17,22,32.6,27.3,0
689175a03cfdbc8f3403c759,2006-07-18,2006,7,18,22,31.4,26.7,0
689175a03cfdbc8f3403c75a,2006-07-19,2006,7,19,13,34.2,23.6,0
689175a03cfdbc8f3403c75b,2006-07-20,2006,7,20,22,34.2,28.1,0
689175a03cfdbc8f3403c75c,2006-07-21,2006,7,21,22,35.2,28.6,0
689175a03cfdbc8f3403c75d,2006-07-22,2006,7,22,22,35.2,28.6,0
689175a03cfdbc8f3403c75e,2006-07-23,2006,7,23,21,35,28,0
689175a03cfdbc8f3403c75f,2006-07-24,2006,7,24,21,34.2,27.6,0
689175a03cfdbc8f3403c760,2006-07-25,2006,7,25,21,33.8,27.4,0
689175a03cfdbc8f3403c761,2006-07-26,2006,7,26,21,33.2,27.1,0
689175a03cfdbc8f3403c762,2006-07-27,2006,7,27,21,34.2,27.6,0
689175a03cfdbc8f3403c763,2006-07-28,2006,7,28,22,33.2,27.6,0
689175a03cfdbc8f3403c764,2006-07-29,2006,7,29,23,35,29,0
689175a03cfdbc8f3403c765,2006-07-30,2006,7,30,22,34,28,0
689175a03cfdbc8f3403c766,2006-07-31,2006,7,31,22,34.2,28.1,0
689175a03cfdbc8f3403c767,2006-08-01,2006,8,1,22,32.6,27.3,0
689175a03cfdbc8f3403c768,2006-08-02,2006,8,2,19,36,27.5,0
689175a03cfdbc8f3403c769,2006-08-03,2006,8,3,22,35.6,28.8,0
689175a03cfdbc8f3403c76a,2006-08-04,2006,8,4,22,36.2,29.1,0
689175a03cfdbc8f3403c76b,2006-08-05,2006,8,5,22,36.4,29.2,0
689175a03cfdbc8f3403c76c,2006-08-06,2006,8,6,22,34.6,28.3,0
689175a03cfdbc8f3403c76d,2006-08-07,2006,8,7,22,35.4,28.7,0
689175a03cfdbc8f3403c76e,2006-08-08,2006,8,8,22,35,28.5,0
689175a03cfdbc8f3403c76f,2006-08-09,2006,8,9,25,36,30.5,0
689175a03cfdbc8f3403c770,2006-08-10,2006,8,10,25,36.2,30.6,0
689175a03cfdbc8f3403c771,2006-08-11,2006,8,11,25,36,30.5,0
689175a03cfdbc8f3403c772,2006-08-12,2006,8,12,21,36.2,28.6,0
689175a03cfdbc8f3403c773,2006-08-13,2006,8,13,20,36.4,28.2,0
689175a03cfdbc8f3403c774,2006-08-14,2006,8,14,22,36.2,29.1,0
689175a03cfdbc8f3403c775,2006-08-15,2006,8,15,25,33.2,29.1,0
689175a03cfdbc8f3403c776,2006-08-16,2006,8,16,25,35.8,30.4,0
689175a03cfdbc8f3403c777,2006-08-17,2006,8,17,25,36,30.5,0
689175a03cfdbc8f3403c778,2006-08-18,2006,8,18,24,36,30,0
689175a03cfdbc8f3403c779,2006-08-19,2006,8,19,23,36.4,29.7,0
689175a03cfdbc8f3403c77a,2006-08-20,2006,8,20,21,34,27.5,0
689175a03cfdbc8f3403c77b,2006-08-21,2006,8,21,21,35,28,0
689175a03cfdbc8f3403c77c,2006-08-22,2006,8,22,22,35.2,28.6,0
689175a03cfdbc8f3403c77d,2006-08-23,2006,8,23,22,35.2,28.6,0
689175a03cfdbc8f3403c77e,2006-08-24,2006,8,24,22,35.2,28.6,0
689175a03cfdbc8f3403c77f,2006-08-25,2006,8,25,21,35,28,0
689175a03cfdbc8f3403c780,2006-08-26,2006,8,26,21,34.6,27.8,0
689175a03cfdbc8f3403c781,2006-08-27,2006,8,27,21,33.8,27.4,0
689175a03cfdbc8f3403c782,2006-08-28,2006,8,28,23,35.2,29.1,0
689175a03cfdbc8f3403c783,2006-08-29,2006,8,29,23,33.2,28.1,0
689175a03cfdbc8f3403c784,2006-08-30,2006,8,30,22,32.8,27.4,0
689175a03cfdbc8f3403c785,2006-08-31,2006,8,31,23,33,28,0
689175a03cfdbc8f3403c786,2006-09-01,2006,9,1,22,33.8,27.9,0
689175a03cfdbc8f3403c787,2006-09-02,2006,9,2,22,33.6,27.8,0
689175a03cfdbc8f3403c788,2006-09-03,2006,9,3,22,33.2,27.6,0
689175a03cfdbc8f3403c789,2006-09-04,2006,9,4,22,34.4,28.2,0
689175a03cfdbc8f3403c78a,2006-09-05,2006,9,5,22,33.2,27.6,0
689175a03cfdbc8f3403c78b,2006-09-06,2006,9,6,22,33.4,27.7,0
689175a03cfdbc8f3403c78c,2006-09-07,2006,9,7,23,32.6,27.8,0
689175a03cfdbc8f3403c78d,2006-09-08,2006,9,8,23,27.8,25.4,0
689175a03cfdbc8f3403c78e,2006-09-09,2006,9,9,22,31.8,26.9,0
689175a03cfdbc8f3403c78f,2006-09-10,2006,9,10,22,33.2,27.6,0
689175a03cfdbc8f3403c790,2006-09-11,2006,9,11,23,33.2,28.1,0
689175a03cfdbc8f3403c791,2006-09-12,2006,9,12,22,31,26.5,0
689175a03cfdbc8f3403c792,2006-09-13,2006,9,13,23,31.2,27.1,0
689175a03cfdbc8f3403c793,2006-09-14,2006,9,14,22,32,27,0
689175a03cfdbc8f3403c794,2006-09-15,2006,9,15,23,32,27.5,0
689175a03cfdbc8f3403c795,2006-09-16,2006,9,16,23,33.2,28.1,0
689175a03cfdbc8f3403c796,2006-09-17,2006,9,17,23,33.2,28.1,0
689175a03cfdbc8f3403c797,2006-09-18,2006,9,18,23,33.2,28.1,0
689175a03cfdbc8f3403c798,2006-09-19,2006,9,19,23,33.8,28.4,0
689175a03cfdbc8f3403c799,2006-09-20,2006,9,20,22,32.4,27.2,0
689175a03cfdbc8f3403c79a,2006-09-21,2006,9,21,24,31.6,27.8,0
689175a03cfdbc8f3403c79b,2006-09-22,2006,9,22,22,33,27.5,0
689175a03cfdbc8f3403c79c,2006-09-23,2006,9,23,22,33.8,27.9,0
689175a03cfdbc8f3403c79d,2006-09-24,2006,9,24,22,34.2,28.1,0
689175a03cfdbc8f3403c79e,2006-09-25,2006,9,25,22,35,28.5,0
689175a03cfdbc8f3403c79f,2006-09-26,2006,9,26,22,35,28.5,0
689175a03cfdbc8f3403c7a0,2006-09-27,2006,9,27,23,35.2,29.1,0
689175a03cfdbc8f3403c7a1,2006-09-28,2006,9,28,24,35,29.5,0
689175a03cfdbc8f3403c7a2,2006-09-29,2006,9,29,22,35,28.5,0
689175a03cfdbc8f3403c7a3,2006-09-30,2006,9,30,23,35,29,0
689175a03cfdbc8f3403c7a4,2006-10-01,2006,10,1,21,33.2,27.1,0
689175a03cfdbc8f3403c7a5,2006-10-02,2006,10,2,22,31,26.5,0
689175a03cfdbc8f3403c7a6,2006-10-03,2006,10,3,24,35.2,29.6,0
689175a03cfdbc8f3403c7a7,2006-10-04,2006,10,4,24,33.8,28.9,0
689175a03cfdbc8f3403c7a8,2006-10-05,2006,10,5,23,32.8,27.9,0
689175a03cfdbc8f3403c7a9,2006-10-06,2006,10,6,22,30.6,26.3,0
689175a03cfdbc8f3403c7aa,2006-10-07,2006,10,7,22,34.2,28.1,0
689175a03cfdbc8f3403c7ab,2006-10-08,2006,10,8,20,34.8,27.4,0
689175a03cfdbc8f3403c7ac,2006-10-09,2006,10,9,20,33.6,26.8,0
689175a03cfdbc8f3403c7ad,2006-10-10,2006,10,10,20,34.4,27.2,0
689175a03cfdbc8f3403c7ae,2006-10-11,2006,10,11,20,35.2,27.6,0
689175a03cfdbc8f3403c7af,2006-10-12,2006,10,12,20,35,27.5,0
689175a03cfdbc8f3403c7b0,2006-10-13,2006,10,13,20,33.6,26.8,0
689175a03cfdbc8f3403c7b1,2006-10-14,2006,10,14,22,33.8,27.9,0
689175a03cfdbc8f3403c7b2,2006-10-15,2006,10,15,22,31.6,26.8,0
689175a03cfdbc8f3403c7b3,2006-10-16,2006,10,16,22,32.6,27.3,0
689175a03cfdbc8f3403c7b4,2006-10-17,2006,10,17,22,32,27,0
689175a03cfdbc8f3403c7b5,2006-10-18,2006,10,18,22,32,27,0
689175a03cfdbc8f3403c7b6,2006-10-19,2006,10,19,23,32,27.5,0
689175a03cfdbc8f3403c7b7,2006-10-20,2006,10,20,24,34,29,0
689175a03cfdbc8f3403c7b8,2006-10-21,2006,10,21,21,35.4,28.2,0
689175a03cfdbc8f3403c7b9,2006-10-22,2006,10,22,24,30,27,0
689175a03cfdbc8f3403c7ba,2006-10-23,2006,10,23,23,31.8,27.4,0
689175a03cfdbc8f3403c7bb,2006-10-24,2006,10,24,24,31.8,27.9,0
689175a03cfdbc8f3403c7bc,2006-10-25,2006,10,25,23,31.8,27.4,0
689175a03cfdbc8f3403c7bd,2006-10-26,2006,10,26,22,31.4,26.7,0
689175a03cfdbc8f3403c7be,2006-10-27,2006,10,27,23,31.2,27.1,0
689175a03cfdbc8f3403c7bf,2006-10-28,2006,10,28,23,32.4,27.7,0
689175a03cfdbc8f3403c7c0,2006-10-29,2006,10,29,21,32,26.5,0
689175a03cfdbc8f3403c7c1,2006-10-30,2006,10,30,22,32.2,27.1,0
689175a03cfdbc8f3403c7c2,2006-10-31,2006,10,31,23,32.8,27.9,0
689175a03cfdbc8f3403c7c3,2006-11-01,2006,11,1,22,31.2,26.6,0
689175a03cfdbc8f3403c7c4,2006-11-02,2006,11,2,23,35.2,29.1,0
689175a03cfdbc8f3403c7c5,2006-11-03,2006,11,3,23,33.2,28.1,0
689175a03cfdbc8f3403c7c6,2006-11-04,2006,11,4,23,33.2,28.1,0
689175a03cfdbc8f3403c7c7,2006-11-05,2006,11,5,23,33.2,28.1,0
689175a03cfdbc8f3403c7c8,2006-11-06,2006,11,6,22,33,27.5,0
689175a03cfdbc8f3403c7c9,2006-11-07,2006,11,7,23,33,28,0
689175a03cfdbc8f3403c7ca,2006-11-08,2006,11,8,23,33.2,28.1,0
689175a03cfdbc8f3403c7cb,2006-11-09,2006,11,9,22,33.2,27.6,0
689175a03cfdbc8f3403c7cc,2006-11-10,2006,11,10,22,33,27.5,0
689175a03cfdbc8f3403c7cd,2006-11-11,2006,11,11,23,28.2,25.6,0
689175a03cfdbc8f3403c7ce,2006-11-12,2006,11,12,22,31.4,26.7,0
689175a03cfdbc8f3403c7cf,2006-11-13,2006,11,13,22,30.8,26.4,0
689175a03cfdbc8f3403c7d0,2006-11-14,2006,11,14,22,31,26.5,0
689175a03cfdbc8f3403c7d1,2006-11-15,2006,11,15,22,32.2,27.1,0
689175a03cfdbc8f3403c7d2,2006-11-16,2006,11,16,24,32.4,28.2,0
689175a03cfdbc8f3403c7d3,2006-11-17,2006,11,17,23,33,28,0
689175a03cfdbc8f3403c7d4,2006-11-18,2006,11,18,23,31.2,27.1,0
689175a03cfdbc8f3403c7d5,2006-11-19,2006,11,19,24,31.4,27.7,0
689175a03cfdbc8f3403c7d6,2006-11-20,2006,11,20,23,31.6,27.3,0
689175a03cfdbc8f3403c7d7,2006-11-21,2006,11,21,23,33.4,28.2,0
689175a03cfdbc8f3403c7d8,2006-11-22,2006,11,22,23,33.4,28.2,0
689175a03cfdbc8f3403c7d9,2006-11-23,2006,11,23,23,33,28,0
689175a03cfdbc8f3403c7da,2006-11-24,2006,11,24,23,32.2,27.6,0
689175a03cfdbc8f3403c7db,2006-11-25,2006,11,25,23,31,27,0
689175a03cfdbc8f3403c7dc,2006-11-26,2006,11,26,23,32.4,27.7,0
689175a03cfdbc8f3403c7dd,2006-11-27,2006,11,27,23,32.4,27.7,0
689175a03cfdbc8f3403c7de,2006-11-28,2006,11,28,22,31.8,26.9,0
689175a03cfdbc8f3403c7df,2006-11-29,2006,11,29,22,32.4,27.2,0
689175a03cfdbc8f3403c7e0,2006-11-30,2006,11,30,22,32.2,27.1,0
689175a03cfdbc8f3403c7e1,2006-12-01,2006,12,1,23,32.2,27.6,0
689175a03cfdbc8f3403c7e2,2006-12-02,2006,12,2,23,32.6,27.8,0
689175a03cfdbc8f3403c7e3,2006-12-03,2006,12,3,22,31,26.5,0
689175a03cfdbc8f3403c7e4,2006-12-04,2006,12,4,21,32.4,26.7,0
689175a03cfdbc8f3403c7e5,2006-12-05,2006,12,5,21,33.6,27.3,0
689175a03cfdbc8f3403c7e6,2006-12-06,2006,12,6,21,32.6,26.8,0
689175a03cfdbc8f3403c7e7,2006-12-07,2006,12,7,22,32.8,27.4,0
689175a03cfdbc8f3403c7e8,2006-12-08,2006,12,8,23,32,27.5,0
689175a03cfdbc8f3403c7e9,2006-12-09,2006,12,9,21,32.4,26.7,0
689175a03cfdbc8f3403c7ea,2006-12-10,2006,12,10,22,32.4,27.2,0
689175a03cfdbc8f3403c7eb,2006-12-11,2006,12,11,23,31.6,27.3,0
689175a03cfdbc8f3403c7ec,2006-12-12,2006,12,12,22,32.8,27.4,0
689175a03cfdbc8f3403c7ed,2006-12-13,2006,12,13,23,32.2,27.6,0
689175a03cfdbc8f3403c7ee,2006-12-14,2006,12,14,23,32.4,27.7,0
689175a03cfdbc8f3403c7ef,2006-12-15,2006,12,15,23,33,28,0
689175a03cfdbc8f3403c7f0,2006-12-16,2006,12,16,23,32.2,27.6,0
689175a03cfdbc8f3403c7f1,2006-12-17,2006,12,17,23,30,26.5,0
689175a03cfdbc8f3403c7f2,2006-12-18,2006,12,18,24,31.6,27.8,0
689175a03cfdbc8f3403c7f3,2006-12-19,2006,12,19,24,32.2,28.1,0
689175a03cfdbc8f3403c7f4,2006-12-20,2006,12,20,25,31.8,28.4,0
689175a03cfdbc8f3403c7f5,2006-12-21,2006,12,21,25,28.8,26.9,0
689175a03cfdbc8f3403c7f6,2006-12-22,2006,12,22,24,30,27,0
689175a03cfdbc8f3403c7f7,2006-12-23,2006,12,23,23,30.6,26.8,0
689175a03cfdbc8f3403c7f8,2006-12-24,2006,12,24,22,30.6,26.3,0
689175a03cfdbc8f3403c7f9,2006-12-25,2006,12,25,22,31.6,26.8,0
689175a03cfdbc8f3403c7fa,2006-12-26,2006,12,26,22,32.4,27.2,0
689175a03cfdbc8f3403c7fb,2006-12-27,2006,12,27,24,30,27,0
689175a03cfdbc8f3403c7fc,2006-12-28,2006,12,28,22,27.2,24.6,0
689175a03cfdbc8f3403c7fd,2006-12-29,2006,12,29,22,31,26.5,0
689175a03cfdbc8f3403c7fe,2006-12-30,2006,12,30,22,32.2,27.1,0
689175a03cfdbc8f3403c7ff,2006-12-31,2006,12,31,22,32.4,27.2,0
689175a03cfdbc8f3403c800,2007-01-01,2007,1,1,24,34,29,0
689175a03cfdbc8f3403c801,2007-01-02,2007,1,2,24,31,27.5,0
689175a03cfdbc8f3403c802,2007-01-03,2007,1,3,20,31.2,25.6,0
689175a03cfdbc8f3403c803,2007-01-04,2007,1,4,20,30.2,25.1,0
689175a03cfdbc8f3403c804,2007-01-05,2007,1,5,22,30.4,26.2,0
689175a03cfdbc8f3403c805,2007-01-06,2007,1,6,23,31.6,27.3,0
689175a03cfdbc8f3403c806,2007-01-07,2007,1,7,22,32,27,0
689175a03cfdbc8f3403c807,2007-01-08,2007,1,8,23,31,27,0
689175a03cfdbc8f3403c808,2007-01-09,2007,1,9,24,30,27,0
689175a03cfdbc8f3403c809,2007-01-10,2007,1,10,24,31,27.5,0
689175a03cfdbc8f3403c80a,2007-01-11,2007,1,11,24,31.6,27.8,0
689175a03cfdbc8f3403c80b,2007-01-12,2007,1,12,23,31.2,27.1,0
689175a03cfdbc8f3403c80c,2007-01-13,2007,1,13,24,31,27.5,0
689175a03cfdbc8f3403c80d,2007-01-14,2007,1,14,23,31,27,0
689175a03cfdbc8f3403c80e,2007-01-15,2007,1,15,23,31,27,0
689175a03cfdbc8f3403c80f,2007-01-16,2007,1,16,24,33,28.5,0
689175a03cfdbc8f3403c810,2007-01-17,2007,1,17,24,30.8,27.4,0
689175a03cfdbc8f3403c811,2007-01-18,2007,1,18,24,33.2,28.6,0
689175a03cfdbc8f3403c812,2007-01-19,2007,1,19,23,33.2,28.1,0
689175a03cfdbc8f3403c813,2007-01-20,2007,1,20,24,33.2,28.6,0
689175a03cfdbc8f3403c814,2007-01-21,2007,1,21,23,32,27.5,0
689175a03cfdbc8f3403c815,2007-01-22,2007,1,22,23,28.2,25.6,0
689175a03cfdbc8f3403c816,2007-01-23,2007,1,23,23,32,27.5,0
689175a03cfdbc8f3403c817,2007-01-24,2007,1,24,23,32.8,27.9,0
689175a03cfdbc8f3403c818,2007-01-25,2007,1,25,24,31.8,27.9,0
689175a03cfdbc8f3403c819,2007-01-26,2007,1,26,23,31.6,27.3,0
689175a03cfdbc8f3403c81a,2007-01-27,2007,1,27,22,31.8,26.9,0
689175a03cfdbc8f3403c81b,2007-01-28,2007,1,28,22,31,26.5,0
689175a03cfdbc8f3403c81c,2007-01-29,2007,1,29,21,31.2,26.1,0
689175a03cfdbc8f3403c81d,2007-01-30,2007,1,30,20,32,26,0
689175a03cfdbc8f3403c81e,2007-01-31,2007,1,31,20,32,26,0
689175a03cfdbc8f3403c81f,2007-02-01,2007,2,1,20,31.2,25.6,0
689175a03cfdbc8f3403c820,2007-02-02,2007,2,2,22,31.2,26.6,0
689175a03cfdbc8f3403c821,2007-02-03,2007,2,3,20,31.4,25.7,0
689175a03cfdbc8f3403c822,2007-02-04,2007,2,4,20,31.4,25.7,0
689175a03cfdbc8f3403c823,2007-02-05,2007,2,5,20,31.6,25.8,0
689175a03cfdbc8f3403c824,2007-02-06,2007,2,6,20,32.8,26.4,0
689175a03cfdbc8f3403c825,2007-02-07,2007,2,7,20,33,26.5,0
689175a03cfdbc8f3403c826,2007-02-08,2007,2,8,20,33.2,26.6,0
689175a03cfdbc8f3403c827,2007-02-09,2007,2,9,21,33.2,27.1,0
689175a03cfdbc8f3403c828,2007-02-10,2007,2,10,24,32.6,28.3,0
689175a03cfdbc8f3403c829,2007-02-11,2007,2,11,23,33,28,0
689175a03cfdbc8f3403c82a,2007-02-12,2007,2,12,22,33.6,27.8,0
689175a03cfdbc8f3403c82b,2007-02-13,2007,2,13,23,33.8,28.4,0
689175a03cfdbc8f3403c82c,2007-02-14,2007,2,14,24,34.4,29.2,0
689175a03cfdbc8f3403c82d,2007-02-15,2007,2,15,23,32.6,27.8,0
689175a03cfdbc8f3403c82e,2007-02-16,2007,2,16,21,32.6,26.8,0
689175a03cfdbc8f3403c82f,2007-02-17,2007,2,17,22,33.2,27.6,0
689175a03cfdbc8f3403c830,2007-02-18,2007,2,18,25,29.6,27.3,0
689175a03cfdbc8f3403c831,2007-02-19,2007,2,19,22,32,27,0
689175a03cfdbc8f3403c832,2007-02-20,2007,2,20,23,32.2,27.6,0
689175a03cfdbc8f3403c833,2007-02-21,2007,2,21,24,32.4,28.2,0
689175a03cfdbc8f3403c834,2007-02-22,2007,2,22,23,32.8,27.9,0
689175a03cfdbc8f3403c835,2007-02-23,2007,2,23,21,30.4,25.7,0
689175a03cfdbc8f3403c836,2007-02-24,2007,2,24,22,33,27.5,0
689175a03cfdbc8f3403c837,2007-02-25,2007,2,25,25,33.2,29.1,0
689175a03cfdbc8f3403c838,2007-02-26,2007,2,26,22,32,27,0
689175a03cfdbc8f3403c839,2007-02-27,2007,2,27,22,32.6,27.3,0
689175a03cfdbc8f3403c83a,2007-02-28,2007,2,28,22,33,27.5,0
689175a03cfdbc8f3403c83b,2007-03-01,2007,3,1,22,33.2,27.6,0
689175a03cfdbc8f3403c83c,2007-03-02,2007,3,2,22,33.2,27.6,0
689175a03cfdbc8f3403c83d,2007-03-03,2007,3,3,20,33,26.5,0
689175a03cfdbc8f3403c83e,2007-03-04,2007,3,4,20,32,26,0
689175a03cfdbc8f3403c83f,2007-03-05,2007,3,5,22,33,27.5,0
689175a03cfdbc8f3403c840,2007-03-06,2007,3,6,23,32,27.5,0
689175a03cfdbc8f3403c841,2007-03-07,2007,3,7,22,32.8,27.4,0
689175a03cfdbc8f3403c842,2007-03-08,2007,3,8,22,32.6,27.3,0
689175a03cfdbc8f3403c843,2007-03-09,2007,3,9,23,35.4,29.2,0
689175a03cfdbc8f3403c844,2007-03-10,2007,3,10,23,33.6,28.3,0
689175a03cfdbc8f3403c845,2007-03-11,2007,3,11,24,30.8,27.4,0
689175a03cfdbc8f3403c846,2007-03-12,2007,3,12,23,33.4,28.2,0
689175a03cfdbc8f3403c847,2007-03-13,2007,3,13,24,33.4,28.7,0
689175a03cfdbc8f3403c848,2007-03-14,2007,3,14,23,32.2,27.6,0
689175a03cfdbc8f3403c849,2007-03-15,2007,3,15,22.49775784753363,32.821352154531944,27.659555001032786,0
689175a03cfdbc8f3403c84a,2007-03-16,2007,3,16,22,33.4,27.7,0
689175a03cfdbc8f3403c84b,2007-03-17,2007,3,17,22,33.4,27.7,0
689175a03cfdbc8f3403c84c,2007-03-18,2007,3,18,22,34,28,0
689175a03cfdbc8f3403c84d,2007-03-19,2007,3,19,23,31.4,27.2,0
689175a03cfdbc8f3403c84e,2007-03-20,2007,3,20,22,31.2,26.6,0
689175a03cfdbc8f3403c84f,2007-03-21,2007,3,21,22,33,27.5,0
689175a03cfdbc8f3403c850,2007-03-22,2007,3,22,23,33,28,0
689175a03cfdbc8f3403c851,2007-03-23,2007,3,23,21,33.8,27.4,0
689175a03cfdbc8f3403c852,2007-03-24,2007,3,24,21,33.2,27.1,0
689175a03cfdbc8f3403c853,2007-03-25,2007,3,25,20.74775784753363,33.451352154531946,27.09955500103279,0
689175a03cfdbc8f3403c854,2007-03-26,2007,3,26,19,34.2,26.6,0
689175a03cfdbc8f3403c855,2007-03-27,2007,3,27,22,34.4,28.2,0
689175a03cfdbc8f3403c856,2007-03-28,2007,3,28,20,34.4,27.2,0
689175a03cfdbc8f3403c857,2007-03-29,2007,3,29,22,34.4,28.2,0
689175a03cfdbc8f3403c858,2007-03-30,2007,3,30,23,32.4,27.7,0
689175a03cfdbc8f3403c859,2007-03-31,2007,3,31,23,32.4,27.7,0
689175a03cfdbc8f3403c85a,2007-04-01,2007,4,1,23,31.4,27.2,0
689175a03cfdbc8f3403c85b,2007-04-02,2007,4,2,23,32.4,27.7,0
689175a03cfdbc8f3403c85c,2007-04-03,2007,4,3,22,33.8,27.9,0
689175a03cfdbc8f3403c85d,2007-04-04,2007,4,4,23,33.4,28.2,0
689175a03cfdbc8f3403c85e,2007-04-05,2007,4,5,23,33.6,28.3,0
689175a03cfdbc8f3403c85f,2007-04-06,2007,4,6,25,33.6,29.3,0
689175a03cfdbc8f3403c860,2007-04-07,2007,4,7,22,33.6,27.8,0
689175a03cfdbc8f3403c861,2007-04-08,2007,4,8,22,33.4,27.7,0
689175a03cfdbc8f3403c862,2007-04-09,2007,4,9,22,33.6,27.8,0
689175a03cfdbc8f3403c863,2007-04-10,2007,4,10,23,33.6,28.3,0
689175a03cfdbc8f3403c864,2007-04-11,2007,4,11,25,31.2,28.1,0
689175a03cfdbc8f3403c865,2007-04-12,2007,4,12,23,30.6,26.8,0
689175a03cfdbc8f3403c866,2007-04-13,2007,4,13,24,31.6,27.8,0
689175a03cfdbc8f3403c867,2007-04-14,2007,4,14,23,33.2,28.1,0
689175a03cfdbc8f3403c868,2007-04-15,2007,4,15,24,33.4,28.7,0
689175a03cfdbc8f3403c869,2007-04-16,2007,4,16,24,33.4,28.7,0
689175a03cfdbc8f3403c86a,2007-04-17,2007,4,17,22,33.2,27.6,0
689175a03cfdbc8f3403c86b,2007-04-18,2007,4,18,23,34,28.5,0
689175a03cfdbc8f3403c86c,2007-04-19,2007,4,19,24,32.8,28.4,0
689175a03cfdbc8f3403c86d,2007-04-20,2007,4,20,23,33.4,28.2,0
689175a03cfdbc8f3403c86e,2007-04-21,2007,4,21,24,33.4,28.7,0
689175a03cfdbc8f3403c86f,2007-04-22,2007,4,22,23,33.4,28.2,0
689175a03cfdbc8f3403c870,2007-04-23,2007,4,23,24,33.4,28.7,0
689175a03cfdbc8f3403c871,2007-04-24,2007,4,24,23,33.4,28.2,0
689175a03cfdbc8f3403c872,2007-04-25,2007,4,25,23,33.2,28.1,0
689175a03cfdbc8f3403c873,2007-04-26,2007,4,26,23,33.4,28.2,0
689175a03cfdbc8f3403c874,2007-04-27,2007,4,27,25,31.4,28.2,0
689175a03cfdbc8f3403c875,2007-04-28,2007,4,28,23,31.6,27.3,0
689175a03cfdbc8f3403c876,2007-04-29,2007,4,29,23,32,27.5,0
689175a03cfdbc8f3403c877,2007-04-30,2007,4,30,23,34.8,28.9,0
689175a03cfdbc8f3403c878,2007-05-01,2007,5,1,24,34.6,29.3,0
689175a03cfdbc8f3403c879,2007-05-02,2007,5,2,24,34.4,29.2,0
689175a03cfdbc8f3403c87a,2007-05-03,2007,5,3,23,34.8,28.9,0
689175a03cfdbc8f3403c87b,2007-05-04,2007,5,4,23,31.6,27.3,0
689175a03cfdbc8f3403c87c,2007-05-05,2007,5,5,23,34,28.5,0
689175a03cfdbc8f3403c87d,2007-05-06,2007,5,6,24,35.5,29.75,0
689175a03cfdbc8f3403c87e,2007-05-07,2007,5,7,23,34.6,28.8,0
689175a03cfdbc8f3403c87f,2007-05-08,2007,5,8,24,35,29.5,0
689175a03cfdbc8f3403c880,2007-05-09,2007,5,9,24,33,28.5,0
689175a03cfdbc8f3403c881,2007-05-10,2007,5,10,23,29.4,26.2,0
689175a03cfdbc8f3403c882,2007-05-11,2007,5,11,23,33.2,28.1,0
689175a03cfdbc8f3403c883,2007-05-12,2007,5,12,25,34.6,29.8,0
689175a03cfdbc8f3403c884,2007-05-13,2007,5,13,24,33.2,28.6,0
689175a03cfdbc8f3403c885,2007-05-14,2007,5,14,23,31.4,27.2,0
689175a03cfdbc8f3403c886,2007-05-15,2007,5,15,23,31.6,27.3,0
689175a03cfdbc8f3403c887,2007-05-16,2007,5,16,23,33.6,28.3,0
689175a03cfdbc8f3403c888,2007-05-17,2007,5,17,23,34.6,28.8,0
689175a03cfdbc8f3403c889,2007-05-18,2007,5,18,23,33,28,0
689175a03cfdbc8f3403c88a,2007-05-19,2007,5,19,22,33,27.5,0
689175a03cfdbc8f3403c88b,2007-05-20,2007,5,20,23,33.4,28.2,0
689175a03cfdbc8f3403c88c,2007-05-21,2007,5,21,23,33.6,28.3,0
689175a03cfdbc8f3403c88d,2007-05-22,2007,5,22,23,32.8,27.9,0
689175a03cfdbc8f3403c88e,2007-05-23,2007,5,23,24,33.8,28.9,0
689175a03cfdbc8f3403c88f,2007-05-24,2007,5,24,23,33.6,28.3,0
689175a03cfdbc8f3403c890,2007-05-25,2007,5,25,23,33,28,0
689175a03cfdbc8f3403c891,2007-05-26,2007,5,26,23,33.6,28.3,0
689175a03cfdbc8f3403c892,2007-05-27,2007,5,27,23,33.6,28.3,0
689175a03cfdbc8f3403c893,2007-05-28,2007,5,28,24,33,28.5,0
689175a03cfdbc8f3403c894,2007-05-29,2007,5,29,23.67698529411765,33.27418367346939,28.47558448379352,0
689175a03cfdbc8f3403c895,2007-05-30,2007,5,30,23.46791176470588,33.460469387755104,28.464190576230493,0
689175a03cfdbc8f3403c896,2007-05-31,2007,5,31,23.3157544117647,33.61034795918367,28.463051185474185,0
689175a03cfdbc8f3403c897,2007-06-01,2007,6,1,23,34,28.5,0
689175a03cfdbc8f3403c898,2007-06-02,2007,6,2,22,34,28,0
689175a03cfdbc8f3403c899,2007-06-03,2007,6,3,22,34.2,28.1,0
689175a03cfdbc8f3403c89a,2007-06-04,2007,6,4,22,34.2,28.1,0
689175a03cfdbc8f3403c89b,2007-06-05,2007,6,5,23,34.2,28.6,0
689175a03cfdbc8f3403c89c,2007-06-06,2007,6,6,23,31.6,27.3,0
689175a03cfdbc8f3403c89d,2007-06-07,2007,6,7,22,35,28.5,0
689175a03cfdbc8f3403c89e,2007-06-08,2007,6,8,22,35,28.5,0
689175a03cfdbc8f3403c89f,2007-06-09,2007,6,9,22,34.8,28.4,0
689175a03cfdbc8f3403c8a0,2007-06-10,2007,6,10,23,35,29,0
689175a03cfdbc8f3403c8a1,2007-06-11,2007,6,11,23,33.6,28.3,0
689175a03cfdbc8f3403c8a2,2007-06-12,2007,6,12,23,35,29,0
689175a03cfdbc8f3403c8a3,2007-06-13,2007,6,13,23,32.8,27.9,0
689175a03cfdbc8f3403c8a4,2007-06-14,2007,6,14,23,31.4,27.2,0
689175a03cfdbc8f3403c8a5,2007-06-15,2007,6,15,24,33.4,28.7,0
689175a03cfdbc8f3403c8a6,2007-06-16,2007,6,16,23,33.6,28.3,0
689175a03cfdbc8f3403c8a7,2007-06-17,2007,6,17,24,30.2,27.1,0
689175a03cfdbc8f3403c8a8,2007-06-18,2007,6,18,23,30.6,26.8,0
689175a03cfdbc8f3403c8a9,2007-06-19,2007,6,19,23,30.6,26.8,0
689175a03cfdbc8f3403c8aa,2007-06-20,2007,6,20,23,31.6,27.3,0
689175a03cfdbc8f3403c8ab,2007-06-21,2007,6,21,23,33.2,28.1,0
689175a03cfdbc8f3403c8ac,2007-06-22,2007,6,22,24,33.8,28.9,0
689175a03cfdbc8f3403c8ad,2007-06-23,2007,6,23,24,33.2,28.6,0
689175a03cfdbc8f3403c8ae,2007-06-24,2007,6,24,24,34.2,29.1,0
689175a03cfdbc8f3403c8af,2007-06-25,2007,6,25,24,34.2,29.1,0
689175a03cfdbc8f3403c8b0,2007-06-26,2007,6,26,24,33.6,28.8,0
689175a03cfdbc8f3403c8b1,2007-06-27,2007,6,27,24,31.4,27.7,0
689175a03cfdbc8f3403c8b2,2007-06-28,2007,6,28,24,34,29,0
689175a03cfdbc8f3403c8b3,2007-06-29,2007,6,29,25,35.4,30.2,0
689175a03cfdbc8f3403c8b4,2007-06-30,2007,6,30,21,35.4,28.2,0
689175a03cfdbc8f3403c8b5,2007-07-01,2007,7,1,21,35.2,28.1,0
689175a03cfdbc8f3403c8b6,2007-07-02,2007,7,2,21,35.8,28.4,0
689175a03cfdbc8f3403c8b7,2007-07-03,2007,7,3,21,35.8,28.4,0
689175a03cfdbc8f3403c8b8,2007-07-04,2007,7,4,23,35.6,29.3,0
689175a03cfdbc8f3403c8b9,2007-07-05,2007,7,5,23,36,29.5,0
689175a03cfdbc8f3403c8ba,2007-07-06,2007,7,6,23,35.4,29.2,0
689175a03cfdbc8f3403c8bb,2007-07-07,2007,7,7,24,35.4,29.7,0
689175a03cfdbc8f3403c8bc,2007-07-08,2007,7,8,28,33.4,30.7,0
689175a03cfdbc8f3403c8bd,2007-07-09,2007,7,9,23,32.2,27.6,0
689175a03cfdbc8f3403c8be,2007-07-10,2007,7,10,24,33,28.5,0
689175a03cfdbc8f3403c8bf,2007-07-11,2007,7,11,24,35.2,29.6,0
689175a03cfdbc8f3403c8c0,2007-07-12,2007,7,12,23,35.6,29.3,0
689175a03cfdbc8f3403c8c1,2007-07-13,2007,7,13,23,35.6,29.3,0
689175a03cfdbc8f3403c8c2,2007-07-14,2007,7,14,23,35.8,29.4,0
689175a03cfdbc8f3403c8c3,2007-07-15,2007,7,15,23,35.8,29.4,0
689175a03cfdbc8f3403c8c4,2007-07-16,2007,7,16,23,34.8,28.9,0
689175a03cfdbc8f3403c8c5,2007-07-17,2007,7,17,23,32,27.5,0
689175a03cfdbc8f3403c8c6,2007-07-18,2007,7,18,22,34.2,28.1,0
689175a03cfdbc8f3403c8c7,2007-07-19,2007,7,19,23,34,28.5,0
689175a03cfdbc8f3403c8c8,2007-07-20,2007,7,20,23,29.6,26.3,0
689175a03cfdbc8f3403c8c9,2007-07-21,2007,7,21,23,31,27,0
689175a03cfdbc8f3403c8ca,2007-07-22,2007,7,22,23,31.2,27.1,0
689175a03cfdbc8f3403c8cb,2007-07-23,2007,7,23,22,31.2,26.6,0
689175a03cfdbc8f3403c8cc,2007-07-24,2007,7,24,21,30.8,25.9,0
689175a03cfdbc8f3403c8cd,2007-07-25,2007,7,25,21,32.2,26.6,0
689175a03cfdbc8f3403c8ce,2007-07-26,2007,7,26,21,32.8,26.9,0
689175a03cfdbc8f3403c8cf,2007-07-27,2007,7,27,21,32.6,26.8,0
689175a03cfdbc8f3403c8d0,2007-07-28,2007,7,28,23,31,27,0
689175a03cfdbc8f3403c8d1,2007-07-29,2007,7,29,23,32.8,27.9,0
689175a03cfdbc8f3403c8d2,2007-07-30,2007,7,30,22,35,28.5,0
689175a03cfdbc8f3403c8d3,2007-07-31,2007,7,31,22,34.2,28.1,0
689175a03cfdbc8f3403c8d4,2007-08-01,2007,8,1,22,35,28.5,0
689175a03cfdbc8f3403c8d5,2007-08-02,2007,8,2,22,36,29,0
689175a03cfdbc8f3403c8d6,2007-08-03,2007,8,3,20,36.2,28.1,0
689175a03cfdbc8f3403c8d7,2007-08-04,2007,8,4,21,36.6,28.8,0
689175a03cfdbc8f3403c8d8,2007-08-05,2007,8,5,22,35,28.5,0
689175a03cfdbc8f3403c8d9,2007-08-06,2007,8,6,20,34.4,27.2,0
689175a03cfdbc8f3403c8da,2007-08-07,2007,8,7,20,34,27,0
689175a03cfdbc8f3403c8db,2007-08-08,2007,8,8,20,34,27,0
689175a03cfdbc8f3403c8dc,2007-08-09,2007,8,9,26,33,29.5,0
689175a03cfdbc8f3403c8dd,2007-08-10,2007,8,10,22,35.2,28.6,0
689175a03cfdbc8f3403c8de,2007-08-11,2007,8,11,21,36,28.5,0
689175a03cfdbc8f3403c8df,2007-08-12,2007,8,12,22,35,28.5,0
689175a03cfdbc8f3403c8e0,2007-08-13,2007,8,13,24,35,29.5,0
689175a03cfdbc8f3403c8e1,2007-08-14,2007,8,14,22,35,28.5,0
689175a03cfdbc8f3403c8e2,2007-08-15,2007,8,15,22,35,28.5,0
689175a03cfdbc8f3403c8e3,2007-08-16,2007,8,16,22,35,28.5,0
689175a03cfdbc8f3403c8e4,2007-08-17,2007,8,17,27,35,31,0
689175a03cfdbc8f3403c8e5,2007-08-18,2007,8,18,22,35.4,28.7,0
689175a03cfdbc8f3403c8e6,2007-08-19,2007,8,19,22,35.8,28.9,0
689175a03cfdbc8f3403c8e7,2007-08-20,2007,8,20,22,35.4,28.7,0
689175a03cfdbc8f3403c8e8,2007-08-21,2007,8,21,22,35.9,28.95,0
689175a03cfdbc8f3403c8e9,2007-08-22,2007,8,22,22,34.2,28.1,0
689175a03cfdbc8f3403c8ea,2007-08-23,2007,8,23,22,35.4,28.7,0
689175a03cfdbc8f3403c8eb,2007-08-24,2007,8,24,22,36,29,0
689175a03cfdbc8f3403c8ec,2007-08-25,2007,8,25,22,35.2,28.6,0
689175a03cfdbc8f3403c8ed,2007-08-26,2007,8,26,22,36,29,0
689175a03cfdbc8f3403c8ee,2007-08-27,2007,8,27,22,35,28.5,0
689175a03cfdbc8f3403c8ef,2007-08-28,2007,8,28,23,35.2,29.1,0
689175a03cfdbc8f3403c8f0,2007-08-29,2007,8,29,23,35.2,29.1,0
689175a03cfdbc8f3403c8f1,2007-08-30,2007,8,30,21,35.9,28.45,0
689175a03cfdbc8f3403c8f2,2007-08-31,2007,8,31,21,34.2,27.6,0
689175a03cfdbc8f3403c8f3,2007-09-01,2007,9,1,21,34,27.5,0
689175a03cfdbc8f3403c8f4,2007-09-02,2007,9,2,24,34,29,0
689175a03cfdbc8f3403c8f5,2007-09-03,2007,9,3,23,35,29,0
689175a03cfdbc8f3403c8f6,2007-09-04,2007,9,4,22,35,28.5,0
689175a03cfdbc8f3403c8f7,2007-09-05,2007,9,5,22,36,29,0
689175a03cfdbc8f3403c8f8,2007-09-06,2007,9,6,23,35.8,29.4,0
689175a03cfdbc8f3403c8f9,2007-09-07,2007,9,7,22,36,29,0
689175a03cfdbc8f3403c8fa,2007-09-08,2007,9,8,24,36,30,0
689175a03cfdbc8f3403c8fb,2007-09-09,2007,9,9,22,33.2,27.6,0
689175a03cfdbc8f3403c8fc,2007-09-10,2007,9,10,22,33.6,27.8,0
689175a03cfdbc8f3403c8fd,2007-09-11,2007,9,11,22,35,28.5,0
689175a03cfdbc8f3403c8fe,2007-09-12,2007,9,12,22,36.2,29.1,0
689175a03cfdbc8f3403c8ff,2007-09-13,2007,9,13,22,35.2,28.6,0
689175a03cfdbc8f3403c900,2007-09-14,2007,9,14,23,33,28,0
689175a03cfdbc8f3403c901,2007-09-15,2007,9,15,21,30.6,25.8,0
689175a03cfdbc8f3403c902,2007-09-16,2007,9,16,22,32.8,27.4,0
689175a03cfdbc8f3403c903,2007-09-17,2007,9,17,21,33,27,0
689175a03cfdbc8f3403c904,2007-09-18,2007,9,18,24,34.6,29.3,0
689175a03cfdbc8f3403c905,2007-09-19,2007,9,19,21,34.6,27.8,0
689175a03cfdbc8f3403c906,2007-09-20,2007,9,20,22,36.4,29.2,0
689175a03cfdbc8f3403c907,2007-09-21,2007,9,21,22,36.6,29.3,0
689175a03cfdbc8f3403c908,2007-09-22,2007,9,22,23,36.8,29.9,0
689175a03cfdbc8f3403c909,2007-09-23,2007,9,23,22,36.2,29.1,0
689175a03cfdbc8f3403c90a,2007-09-24,2007,9,24,22,36.4,29.2,0
689175a03cfdbc8f3403c90b,2007-09-25,2007,9,25,23,36.4,29.7,0
689175a03cfdbc8f3403c90c,2007-09-26,2007,9,26,23,35.6,29.3,0
689175a03cfdbc8f3403c90d,2007-09-27,2007,9,27,23,36.2,29.6,0
689175a03cfdbc8f3403c90e,2007-09-28,2007,9,28,22,36,29,0
689175a03cfdbc8f3403c90f,2007-09-29,2007,9,29,22,36.4,29.2,0
689175a03cfdbc8f3403c910,2007-09-30,2007,9,30,23,36.4,29.7,0
689175a03cfdbc8f3403c911,2007-10-01,2007,10,1,22,36.8,29.4,0
689175a03cfdbc8f3403c912,2007-10-02,2007,10,2,23,34.4,28.7,0
689175a03cfdbc8f3403c913,2007-10-03,2007,10,3,22,36.2,29.1,0
689175a03cfdbc8f3403c914,2007-10-04,2007,10,4,22,36,29,0
689175a03cfdbc8f3403c915,2007-10-05,2007,10,5,22,35.4,28.7,0
689175a03cfdbc8f3403c916,2007-10-06,2007,10,6,23,36.2,29.6,0
689175a03cfdbc8f3403c917,2007-10-07,2007,10,7,23,34,28.5,0
689175a03cfdbc8f3403c918,2007-10-08,2007,10,8,23,30,26.5,0
689175a03cfdbc8f3403c919,2007-10-09,2007,10,9,22,34.6,28.3,0
689175a03cfdbc8f3403c91a,2007-10-10,2007,10,10,22,34.8,28.4,0
689175a03cfdbc8f3403c91b,2007-10-11,2007,10,11,22,34.8,28.4,0
689175a03cfdbc8f3403c91c,2007-10-12,2007,10,12,22,34.8,28.4,0
689175a03cfdbc8f3403c91d,2007-10-13,2007,10,13,22,35,28.5,0
689175a03cfdbc8f3403c91e,2007-10-14,2007,10,14,22,34.8,28.4,0
689175a03cfdbc8f3403c91f,2007-10-15,2007,10,15,22,34.8,28.4,0
689175a03cfdbc8f3403c920,2007-10-16,2007,10,16,22,35,28.5,0
689175a03cfdbc8f3403c921,2007-10-17,2007,10,17,22,34.8,28.4,0
689175a03cfdbc8f3403c922,2007-10-18,2007,10,18,22,34.8,28.4,0
689175a03cfdbc8f3403c923,2007-10-19,2007,10,19,22,34.6,28.3,0
689175a03cfdbc8f3403c924,2007-10-20,2007,10,20,22,34.2,28.1,0
689175a03cfdbc8f3403c925,2007-10-21,2007,10,21,22,34,28,0
689175a03cfdbc8f3403c926,2007-10-22,2007,10,22,23,34,28.5,0
689175a03cfdbc8f3403c927,2007-10-23,2007,10,23,22,33.6,27.8,0
689175a03cfdbc8f3403c928,2007-10-24,2007,10,24,23,29.2,26.1,0
689175a03cfdbc8f3403c929,2007-10-25,2007,10,25,23,33,28,0
689175a03cfdbc8f3403c92a,2007-10-26,2007,10,26,22,33.8,27.9,0
689175a03cfdbc8f3403c92b,2007-10-27,2007,10,27,22,33,27.5,0
689175a03cfdbc8f3403c92c,2007-10-28,2007,10,28,22,33.6,27.8,0
689175a03cfdbc8f3403c92d,2007-10-29,2007,10,29,22,33.4,27.7,0
689175a03cfdbc8f3403c92e,2007-10-30,2007,10,30,23,33.6,28.3,0
689175a03cfdbc8f3403c92f,2007-10-31,2007,10,31,23,34,28.5,0
689175a03cfdbc8f3403c930,2007-11-01,2007,11,1,24,33.8,28.9,0
689175a03cfdbc8f3403c931,2007-11-02,2007,11,2,23,32.8,27.9,0
689175a03cfdbc8f3403c932,2007-11-03,2007,11,3,22,32.6,27.3,0
689175a03cfdbc8f3403c933,2007-11-04,2007,11,4,22,33,27.5,0
689175a03cfdbc8f3403c934,2007-11-05,2007,11,5,23,33,28,0
689175a03cfdbc8f3403c935,2007-11-06,2007,11,6,22,33,27.5,0
689175a03cfdbc8f3403c936,2007-11-07,2007,11,7,23,33,28,0
689175a03cfdbc8f3403c937,2007-11-08,2007,11,8,24,31,27.5,0
689175a03cfdbc8f3403c938,2007-11-09,2007,11,9,22,32.2,27.1,0
689175a03cfdbc8f3403c939,2007-11-10,2007,11,10,22,32.6,27.3,0
689175a03cfdbc8f3403c93a,2007-11-11,2007,11,11,22,31,26.5,0
689175a03cfdbc8f3403c93b,2007-11-12,2007,11,12,22,32.4,27.2,0
689175a03cfdbc8f3403c93c,2007-11-13,2007,11,13,23,32,27.5,0
689175a03cfdbc8f3403c93d,2007-11-14,2007,11,14,22,33,27.5,0
689175a03cfdbc8f3403c93e,2007-11-15,2007,11,15,22,33,27.5,0
689175a03cfdbc8f3403c93f,2007-11-16,2007,11,16,22,30.4,26.2,0
689175a03cfdbc8f3403c940,2007-11-17,2007,11,17,24,31.2,27.6,0
689175a03cfdbc8f3403c941,2007-11-18,2007,11,18,24,31.2,27.6,0
689175a03cfdbc8f3403c942,2007-11-19,2007,11,19,23,30.4,26.7,0
689175a03cfdbc8f3403c943,2007-11-20,2007,11,20,23,31,27,0
689175a03cfdbc8f3403c944,2007-11-21,2007,11,21,23,30,26.5,0
689175a03cfdbc8f3403c945,2007-11-22,2007,11,22,22,32,27,0
689175a03cfdbc8f3403c946,2007-11-23,2007,11,23,22,32,27,0
689175a03cfdbc8f3403c947,2007-11-24,2007,11,24,22,33.2,27.6,0
689175a03cfdbc8f3403c948,2007-11-25,2007,11,25,22,32.8,27.4,0
689175a03cfdbc8f3403c949,2007-11-26,2007,11,26,23,32,27.5,0
689175a03cfdbc8f3403c94a,2007-11-27,2007,11,27,21,34.6,27.8,0
689175a03cfdbc8f3403c94b,2007-11-28,2007,11,28,21,33.2,27.1,0
689175a03cfdbc8f3403c94c,2007-11-29,2007,11,29,22,32,27,0
689175a03cfdbc8f3403c94d,2007-11-30,2007,11,30,22,32.4,27.2,0
689175a03cfdbc8f3403c94e,2007-12-01,2007,12,1,22,30.6,26.3,0
689175a03cfdbc8f3403c94f,2007-12-02,2007,12,2,22,30.6,26.3,0
689175a03cfdbc8f3403c950,2007-12-03,2007,12,3,21.971870047543582,30.942938388625592,26.457404218084587,0
689175a03cfdbc8f3403c951,2007-12-04,2007,12,4,21,31,26,0
689175a03cfdbc8f3403c952,2007-12-05,2007,12,5,21,31,26,0
689175a03cfdbc8f3403c953,2007-12-06,2007,12,6,21,31,26,0
689175a03cfdbc8f3403c954,2007-12-07,2007,12,7,22,30,26,0
689175a03cfdbc8f3403c955,2007-12-08,2007,12,8,22,30,26,0
689175a03cfdbc8f3403c956,2007-12-09,2007,12,9,23,31.2,27.1,0
689175a03cfdbc8f3403c957,2007-12-10,2007,12,10,23,30.2,26.6,0
689175a03cfdbc8f3403c958,2007-12-11,2007,12,11,23,31.6,27.3,0
689175a03cfdbc8f3403c959,2007-12-12,2007,12,12,23,31.4,27.2,0
689175a03cfdbc8f3403c95a,2007-12-13,2007,12,13,24,31.2,27.6,0
689175a03cfdbc8f3403c95b,2007-12-14,2007,12,14,23,31,27,0
689175a03cfdbc8f3403c95c,2007-12-15,2007,12,15,23,31.4,27.2,0
689175a03cfdbc8f3403c95d,2007-12-16,2007,12,16,23,33,28,0
689175a03cfdbc8f3403c95e,2007-12-17,2007,12,17,23,32.8,27.9,0
689175a03cfdbc8f3403c95f,2007-12-18,2007,12,18,23,32.8,27.9,0
689175a03cfdbc8f3403c960,2007-12-19,2007,12,19,23,31.8,27.4,0
689175a03cfdbc8f3403c961,2007-12-20,2007,12,20,22,31.8,26.9,0
689175a03cfdbc8f3403c962,2007-12-21,2007,12,21,23,31.8,27.4,0
689175a03cfdbc8f3403c963,2007-12-22,2007,12,22,23,33.2,28.1,0
689175a03cfdbc8f3403c964,2007-12-23,2007,12,23,22,32.8,27.4,0
689175a03cfdbc8f3403c965,2007-12-24,2007,12,24,23,33.4,28.2,0
689175a03cfdbc8f3403c966,2007-12-25,2007,12,25,23,30.4,26.7,0
689175a03cfdbc8f3403c967,2007-12-26,2007,12,26,23,30,26.5,0
689175a03cfdbc8f3403c968,2007-12-27,2007,12,27,22,31.4,26.7,0
689175a03cfdbc8f3403c969,2007-12-28,2007,12,28,19,30.4,24.7,0
689175a03cfdbc8f3403c96a,2007-12-29,2007,12,29,20,30.6,25.3,0
689175a03cfdbc8f3403c96b,2007-12-30,2007,12,30,20,32.2,26.1,0
689175a03cfdbc8f3403c96c,2007-12-31,2007,12,31,20,32,26,0
689175a03cfdbc8f3403c96d,2008-01-01,2008,1,1,20,33.8,26.9,0
689175a03cfdbc8f3403c96e,2008-01-02,2008,1,2,20,33.8,26.9,0
689175a03cfdbc8f3403c96f,2008-01-03,2008,1,3,20,32.4,26.2,0
689175a03cfdbc8f3403c970,2008-01-04,2008,1,4,24,33.6,28.8,0
689175a03cfdbc8f3403c971,2008-01-05,2008,1,5,22,33.6,27.8,0
689175a03cfdbc8f3403c972,2008-01-06,2008,1,6,23,32.2,27.6,0
689175a03cfdbc8f3403c973,2008-01-07,2008,1,7,23,32.2,27.6,0
689175a03cfdbc8f3403c974,2008-01-08,2008,1,8,22,32.2,27.1,0
689175a03cfdbc8f3403c975,2008-01-09,2008,1,9,22,30.6,26.3,0
689175a03cfdbc8f3403c976,2008-01-10,2008,1,10,22,32,27,0
689175a03cfdbc8f3403c977,2008-01-11,2008,1,11,22,32.2,27.1,0
689175a03cfdbc8f3403c978,2008-01-12,2008,1,12,22,32.2,27.1,0
689175a03cfdbc8f3403c979,2008-01-13,2008,1,13,23,32.2,27.6,0
689175a03cfdbc8f3403c97a,2008-01-14,2008,1,14,22,32.4,27.2,0
689175a03cfdbc8f3403c97b,2008-01-15,2008,1,15,22,32.4,27.2,0
689175a03cfdbc8f3403c97c,2008-01-16,2008,1,16,22,32.6,27.3,0
689175a03cfdbc8f3403c97d,2008-01-17,2008,1,17,22,31.4,26.7,0
689175a03cfdbc8f3403c97e,2008-01-18,2008,1,18,23,33.2,28.1,0
689175a03cfdbc8f3403c97f,2008-01-19,2008,1,19,22,33.5,27.75,0
689175a03cfdbc8f3403c980,2008-01-20,2008,1,20,23,33.4,28.2,0
689175a03cfdbc8f3403c981,2008-01-21,2008,1,21,23,31.6,27.3,0
689175a03cfdbc8f3403c982,2008-01-22,2008,1,22,22,32.4,27.2,0
689175a03cfdbc8f3403c983,2008-01-23,2008,1,23,22,32.2,27.1,0
689175a03cfdbc8f3403c984,2008-01-24,2008,1,24,23,32.4,27.7,0
689175a03cfdbc8f3403c985,2008-01-25,2008,1,25,24,32.4,28.2,0
689175a03cfdbc8f3403c986,2008-01-26,2008,1,26,23,32.4,27.7,0
689175a03cfdbc8f3403c987,2008-01-27,2008,1,27,24,33.4,28.7,0
689175a03cfdbc8f3403c988,2008-01-28,2008,1,28,24,31.8,27.9,0
689175a03cfdbc8f3403c989,2008-01-29,2008,1,29,24,32,28,0
689175a03cfdbc8f3403c98a,2008-01-30,2008,1,30,23,32.2,27.6,0
689175a03cfdbc8f3403c98b,2008-01-31,2008,1,31,23,30.4,26.7,0
689175a03cfdbc8f3403c98c,2008-02-01,2008,2,1,23.13041390728477,31.460394736842105,27.295404322063437,0
689175a03cfdbc8f3403c98d,2008-02-02,2008,2,2,24,31.8,27.9,0
689175a03cfdbc8f3403c98e,2008-02-03,2008,2,3,22,32,27,0
689175a03cfdbc8f3403c98f,2008-02-04,2008,2,4,22,32.6,27.3,0
689175a03cfdbc8f3403c990,2008-02-05,2008,2,5,22,31.8,26.9,0
689175a03cfdbc8f3403c991,2008-02-06,2008,2,6,23,32,27.5,0
689175a03cfdbc8f3403c992,2008-02-07,2008,2,7,24,33,28.5,0
689175a03cfdbc8f3403c993,2008-02-08,2008,2,8,22,32.4,27.2,0
689175a03cfdbc8f3403c994,2008-02-09,2008,2,9,22,32,27,0
689175a03cfdbc8f3403c995,2008-02-10,2008,2,10,21,32.2,26.6,0
689175a03cfdbc8f3403c996,2008-02-11,2008,2,11,21,31.6,26.3,0
689175a03cfdbc8f3403c997,2008-02-12,2008,2,12,21,32.8,26.9,0
689175a03cfdbc8f3403c998,2008-02-13,2008,2,13,20,31.8,25.9,0
689175a03cfdbc8f3403c999,2008-02-14,2008,2,14,21,32.6,26.8,0
689175a03cfdbc8f3403c99a,2008-02-15,2008,2,15,22,31.8,26.9,0
689175a03cfdbc8f3403c99b,2008-02-16,2008,2,16,21,31,26,0
689175a03cfdbc8f3403c99c,2008-02-17,2008,2,17,22,33,27.5,0
689175a03cfdbc8f3403c99d,2008-02-18,2008,2,18,22,32.8,27.4,0
689175a03cfdbc8f3403c99e,2008-02-19,2008,2,19,23,33.2,28.1,0
689175a03cfdbc8f3403c99f,2008-02-20,2008,2,20,22,32.4,27.2,0
689175a03cfdbc8f3403c9a0,2008-02-21,2008,2,21,20,31.6,25.8,0
689175a03cfdbc8f3403c9a1,2008-02-22,2008,2,22,20,32.4,26.2,0
689175a03cfdbc8f3403c9a2,2008-02-23,2008,2,23,20,32.4,26.2,0
689175a03cfdbc8f3403c9a3,2008-02-24,2008,2,24,22,31.6,26.8,0
689175a03cfdbc8f3403c9a4,2008-02-25,2008,2,25,21,31.8,26.4,0
689175a03cfdbc8f3403c9a5,2008-02-26,2008,2,26,21,33.4,27.2,0
689175a03cfdbc8f3403c9a6,2008-02-27,2008,2,27,23,33.8,28.4,0
689175a03cfdbc8f3403c9a7,2008-02-28,2008,2,28,22,33.8,27.9,0
689175a03cfdbc8f3403c9a8,2008-02-29,2008,2,29,23,31.8,27.4,0
689175a03cfdbc8f3403c9a9,2008-03-01,2008,3,1,23,30,26.5,0
689175a03cfdbc8f3403c9aa,2008-03-02,2008,3,2,21,32,26.5,0
689175a03cfdbc8f3403c9ab,2008-03-03,2008,3,3,21,30.4,25.7,0
689175a03cfdbc8f3403c9ac,2008-03-04,2008,3,4,21,31,26,0
689175a03cfdbc8f3403c9ad,2008-03-05,2008,3,5,21,32,26.5,0
689175a03cfdbc8f3403c9ae,2008-03-06,2008,3,6,21,32.6,26.8,0
689175a03cfdbc8f3403c9af,2008-03-07,2008,3,7,23,32,27.5,0
689175a03cfdbc8f3403c9b0,2008-03-08,2008,3,8,23,34,28.5,0
689175a03cfdbc8f3403c9b1,2008-03-09,2008,3,9,23,32,27.5,0
689175a03cfdbc8f3403c9b2,2008-03-10,2008,3,10,22,31,26.5,0
689175a03cfdbc8f3403c9b3,2008-03-11,2008,3,11,22,31.6,26.8,0
689175a03cfdbc8f3403c9b4,2008-03-12,2008,3,12,22,30.2,26.1,0
689175a03cfdbc8f3403c9b5,2008-03-13,2008,3,13,21,33,27,0
689175a03cfdbc8f3403c9b6,2008-03-14,2008,3,14,22,31,26.5,0
689175a03cfdbc8f3403c9b7,2008-03-15,2008,3,15,22,33,27.5,0
689175a03cfdbc8f3403c9b8,2008-03-16,2008,3,16,22,33,27.5,0
689175a03cfdbc8f3403c9b9,2008-03-17,2008,3,17,22,33,27.5,0
689175a03cfdbc8f3403c9ba,2008-03-18,2008,3,18,23,32,27.5,0
689175a03cfdbc8f3403c9bb,2008-03-19,2008,3,19,23,30.6,26.8,0
689175a03cfdbc8f3403c9bc,2008-03-20,2008,3,20,22,33,27.5,0
689175a03cfdbc8f3403c9bd,2008-03-21,2008,3,21,23,32.4,27.7,0
689175a03cfdbc8f3403c9be,2008-03-22,2008,3,22,22,29.6,25.8,0
689175a03cfdbc8f3403c9bf,2008-03-23,2008,3,23,21,31.8,26.4,0
689175a03cfdbc8f3403c9c0,2008-03-24,2008,3,24,21,33.8,27.4,0
689175a03cfdbc8f3403c9c1,2008-03-25,2008,3,25,21,33.6,27.3,0
689175a03cfdbc8f3403c9c2,2008-03-26,2008,3,26,21,31.6,26.3,0
689175a03cfdbc8f3403c9c3,2008-03-27,2008,3,27,21,33,27,0
689175a03cfdbc8f3403c9c4,2008-03-28,2008,3,28,21,33,27,0
689175a03cfdbc8f3403c9c5,2008-03-29,2008,3,29,21,33.2,27.1,0
689175a03cfdbc8f3403c9c6,2008-03-30,2008,3,30,21,33,27,0
689175a03cfdbc8f3403c9c7,2008-03-31,2008,3,31,21,33,27,0
689175a03cfdbc8f3403c9c8,2008-04-01,2008,4,1,21,34.4,27.7,0
689175a03cfdbc8f3403c9c9,2008-04-02,2008,4,2,21,33.4,27.2,0
689175a03cfdbc8f3403c9ca,2008-04-03,2008,4,3,21,33,27,0
689175a03cfdbc8f3403c9cb,2008-04-04,2008,4,4,21,33.2,27.1,0
689175a03cfdbc8f3403c9cc,2008-04-05,2008,4,5,21,33.2,27.1,0
689175a03cfdbc8f3403c9cd,2008-04-06,2008,4,6,22,32,27,0
689175a03cfdbc8f3403c9ce,2008-04-07,2008,4,7,21,33,27,0
689175a03cfdbc8f3403c9cf,2008-04-08,2008,4,8,21,33.2,27.1,0
689175a03cfdbc8f3403c9d0,2008-04-09,2008,4,9,23,32.8,27.9,0
689175a03cfdbc8f3403c9d1,2008-04-10,2008,4,10,21,30.8,25.9,0
689175a03cfdbc8f3403c9d2,2008-04-11,2008,4,11,21,32.2,26.6,0
689175a03cfdbc8f3403c9d3,2008-04-12,2008,4,12,23,31,27,0
689175a03cfdbc8f3403c9d4,2008-04-13,2008,4,13,21,32.4,26.7,0
689175a03cfdbc8f3403c9d5,2008-04-14,2008,4,14,21,32.6,26.8,0
689175a03cfdbc8f3403c9d6,2008-04-15,2008,4,15,23,33.2,28.1,0
689175a03cfdbc8f3403c9d7,2008-04-16,2008,4,16,21,33.4,27.2,0
689175a03cfdbc8f3403c9d8,2008-04-17,2008,4,17,21,33,27,0
689175a03cfdbc8f3403c9d9,2008-04-18,2008,4,18,22,32,27,0
689175a03cfdbc8f3403c9da,2008-04-19,2008,4,19,23,33.2,28.1,0
689175a03cfdbc8f3403c9db,2008-04-20,2008,4,20,23,33,28,0
689175a03cfdbc8f3403c9dc,2008-04-21,2008,4,21,23,33,28,0
689175a03cfdbc8f3403c9dd,2008-04-22,2008,4,22,23,32.8,27.9,0
689175a03cfdbc8f3403c9de,2008-04-23,2008,4,23,25,33,29,0
689175a03cfdbc8f3403c9df,2008-04-24,2008,4,24,23,31,27,0
689175a03cfdbc8f3403c9e0,2008-04-25,2008,4,25,22,34.2,28.1,0
689175a03cfdbc8f3403c9e1,2008-04-26,2008,4,26,23,34.4,28.7,0
689175a03cfdbc8f3403c9e2,2008-04-27,2008,4,27,23,33,28,0
689175a03cfdbc8f3403c9e3,2008-04-28,2008,4,28,23,33.4,28.2,0
689175a03cfdbc8f3403c9e4,2008-04-29,2008,4,29,23,33.6,28.3,0
689175a03cfdbc8f3403c9e5,2008-04-30,2008,4,30,22,34,28,0
689175a03cfdbc8f3403c9e6,2008-05-01,2008,5,1,22,35.2,28.6,0
689175a03cfdbc8f3403c9e7,2008-05-02,2008,5,2,22,35.2,28.6,0
689175a03cfdbc8f3403c9e8,2008-05-03,2008,5,3,21,36,28.5,0
689175a03cfdbc8f3403c9e9,2008-05-04,2008,5,4,21,35.2,28.1,0
689175a03cfdbc8f3403c9ea,2008-05-05,2008,5,5,21,35.4,28.2,0
689175a03cfdbc8f3403c9eb,2008-05-06,2008,5,6,22,35,28.5,0
689175a03cfdbc8f3403c9ec,2008-05-07,2008,5,7,21,34.6,27.8,0
689175a03cfdbc8f3403c9ed,2008-05-08,2008,5,8,21,35,28,0
689175a03cfdbc8f3403c9ee,2008-05-09,2008,5,9,22,32,27,0
689175a03cfdbc8f3403c9ef,2008-05-10,2008,5,10,21,32.2,26.6,0
689175a03cfdbc8f3403c9f0,2008-05-11,2008,5,11,25,32,28.5,0
689175a03cfdbc8f3403c9f1,2008-05-12,2008,5,12,25,32,28.5,0
689175a03cfdbc8f3403c9f2,2008-05-13,2008,5,13,23,34.2,28.6,0
689175a03cfdbc8f3403c9f3,2008-05-14,2008,5,14,23,35.2,29.1,0
689175a03cfdbc8f3403c9f4,2008-05-15,2008,5,15,24,34,29,0
689175a03cfdbc8f3403c9f5,2008-05-16,2008,5,16,22,35,28.5,0
689175a03cfdbc8f3403c9f6,2008-05-17,2008,5,17,22,35.2,28.6,0
689175a03cfdbc8f3403c9f7,2008-05-18,2008,5,18,18,36.2,27.1,0
689175a03cfdbc8f3403c9f8,2008-05-19,2008,5,19,22,35.6,28.8,0
689175a03cfdbc8f3403c9f9,2008-05-20,2008,5,20,21,36.4,28.7,0
689175a03cfdbc8f3403c9fa,2008-05-21,2008,5,21,21,34,27.5,0
689175a03cfdbc8f3403c9fb,2008-05-22,2008,5,22,22,33.4,27.7,0
689175a03cfdbc8f3403c9fc,2008-05-23,2008,5,23,22,33.4,27.7,0
689175a03cfdbc8f3403c9fd,2008-05-24,2008,5,24,22,32,27,0
689175a03cfdbc8f3403c9fe,2008-05-25,2008,5,25,22,32.4,27.2,0
689175a03cfdbc8f3403c9ff,2008-05-26,2008,5,26,22,32.6,27.3,0
689175a03cfdbc8f3403ca00,2008-05-27,2008,5,27,22,34,28,0
689175a03cfdbc8f3403ca01,2008-05-28,2008,5,28,22,34.4,28.2,0
689175a03cfdbc8f3403ca02,2008-05-29,2008,5,29,22,32.6,27.3,0
689175a03cfdbc8f3403ca03,2008-05-30,2008,5,30,21,33,27,0
689175a03cfdbc8f3403ca04,2008-05-31,2008,5,31,21,33.2,27.1,0
689175a03cfdbc8f3403ca05,2008-06-01,2008,6,1,21,33.6,27.3,0
689175a03cfdbc8f3403ca06,2008-06-02,2008,6,2,22,33.2,27.6,0
689175a03cfdbc8f3403ca07,2008-06-03,2008,6,3,22,33.6,27.8,0
689175a03cfdbc8f3403ca08,2008-06-04,2008,6,4,22,33.2,27.6,0
689175a03cfdbc8f3403ca09,2008-06-05,2008,6,5,22,33.2,27.6,0
689175a03cfdbc8f3403ca0a,2008-06-06,2008,6,6,22,33.8,27.9,0
689175a03cfdbc8f3403ca0b,2008-06-07,2008,6,7,23,33.2,28.1,0
689175a03cfdbc8f3403ca0c,2008-06-08,2008,6,8,23,33.4,28.2,0
689175a03cfdbc8f3403ca0d,2008-06-09,2008,6,9,23,33.6,28.3,0
689175a03cfdbc8f3403ca0e,2008-06-10,2008,6,10,23,34.4,28.7,0
689175a03cfdbc8f3403ca0f,2008-06-11,2008,6,11,24,34.4,29.2,0
689175a03cfdbc8f3403ca10,2008-06-12,2008,6,12,23,32.4,27.7,0
689175a03cfdbc8f3403ca11,2008-06-13,2008,6,13,22,31,26.5,0
689175a03cfdbc8f3403ca12,2008-06-14,2008,6,14,22,33.8,27.9,0
689175a03cfdbc8f3403ca13,2008-06-15,2008,6,15,22,35,28.5,0
689175a03cfdbc8f3403ca14,2008-06-16,2008,6,16,22,35.4,28.7,0
689175a03cfdbc8f3403ca15,2008-06-17,2008,6,17,22,33.8,27.9,0
689175a03cfdbc8f3403ca16,2008-06-18,2008,6,18,23,35,29,0
689175a03cfdbc8f3403ca17,2008-06-19,2008,6,19,22,34.2,28.1,0
689175a03cfdbc8f3403ca18,2008-06-20,2008,6,20,23,34,28.5,0
689175a03cfdbc8f3403ca19,2008-06-21,2008,6,21,21,35,28,0
689175a03cfdbc8f3403ca1a,2008-06-22,2008,6,22,21,34.2,27.6,0
689175a03cfdbc8f3403ca1b,2008-06-23,2008,6,23,23,35,29,0
689175a03cfdbc8f3403ca1c,2008-06-24,2008,6,24,21,34.8,27.9,0
689175a03cfdbc8f3403ca1d,2008-06-25,2008,6,25,21,34,27.5,0
689175a03cfdbc8f3403ca1e,2008-06-26,2008,6,26,23,33.8,28.4,0
689175a03cfdbc8f3403ca1f,2008-06-27,2008,6,27,22,34.4,28.2,0
689175a03cfdbc8f3403ca20,2008-06-28,2008,6,28,22,34.8,28.4,0
689175a03cfdbc8f3403ca21,2008-06-29,2008,6,29,23,34.2,28.6,0
689175a03cfdbc8f3403ca22,2008-06-30,2008,6,30,22,36.2,29.1,0
689175a03cfdbc8f3403ca23,2008-07-01,2008,7,1,23,35.4,29.2,0
689175a03cfdbc8f3403ca24,2008-07-02,2008,7,2,19,35.2,27.1,0
689175a03cfdbc8f3403ca25,2008-07-03,2008,7,3,22,35.2,28.6,0
689175a03cfdbc8f3403ca26,2008-07-04,2008,7,4,21,33.8,27.4,0
689175a03cfdbc8f3403ca27,2008-07-05,2008,7,5,23,33.8,28.4,0
689175a03cfdbc8f3403ca28,2008-07-06,2008,7,6,21,34,27.5,0
689175a03cfdbc8f3403ca29,2008-07-07,2008,7,7,21,32.6,26.8,0
689175a03cfdbc8f3403ca2a,2008-07-08,2008,7,8,22,34.2,28.1,0
689175a03cfdbc8f3403ca2b,2008-07-09,2008,7,9,22,34.2,28.1,0
689175a03cfdbc8f3403ca2c,2008-07-10,2008,7,10,22,33.6,27.8,0
689175a03cfdbc8f3403ca2d,2008-07-11,2008,7,11,22,34.4,28.2,0
689175a03cfdbc8f3403ca2e,2008-07-12,2008,7,12,21,34.6,27.8,0
689175a03cfdbc8f3403ca2f,2008-07-13,2008,7,13,22,33.2,27.6,0
689175a03cfdbc8f3403ca30,2008-07-14,2008,7,14,22,32,27,0
689175a03cfdbc8f3403ca31,2008-07-15,2008,7,15,21,34.2,27.6,0
689175a03cfdbc8f3403ca32,2008-07-16,2008,7,16,21,33,27,0
689175a03cfdbc8f3403ca33,2008-07-17,2008,7,17,19,33.4,26.2,0
689175a03cfdbc8f3403ca34,2008-07-18,2008,7,18,22,33.8,27.9,0
689175a03cfdbc8f3403ca35,2008-07-19,2008,7,19,22,32.8,27.4,0
689175a03cfdbc8f3403ca36,2008-07-20,2008,7,20,23,32,27.5,0
689175a03cfdbc8f3403ca37,2008-07-21,2008,7,21,23,33.8,28.4,0
689175a03cfdbc8f3403ca38,2008-07-22,2008,7,22,23,35,29,0
689175a03cfdbc8f3403ca39,2008-07-23,2008,7,23,25,34.6,29.8,0
689175a03cfdbc8f3403ca3a,2008-07-24,2008,7,24,22,34.2,28.1,0
689175a03cfdbc8f3403ca3b,2008-07-25,2008,7,25,22,31.2,26.6,0
689175a03cfdbc8f3403ca3c,2008-07-26,2008,7,26,24,34.2,29.1,0
689175a03cfdbc8f3403ca3d,2008-07-27,2008,7,27,23,34.2,28.6,0
689175a03cfdbc8f3403ca3e,2008-07-28,2008,7,28,21,36.2,28.6,0
689175a03cfdbc8f3403ca3f,2008-07-29,2008,7,29,20,34.8,27.4,0
689175a03cfdbc8f3403ca40,2008-07-30,2008,7,30,19,35.4,27.2,0
689175a03cfdbc8f3403ca41,2008-07-31,2008,7,31,19,35.4,27.2,0
689175a03cfdbc8f3403ca42,2008-08-01,2008,8,1,21,36.6,28.8,0
689175a03cfdbc8f3403ca43,2008-08-02,2008,8,2,21,36.6,28.8,0
689175a03cfdbc8f3403ca44,2008-08-03,2008,8,3,21,34.4,27.7,0
689175a03cfdbc8f3403ca45,2008-08-04,2008,8,4,19,34.4,26.7,0
689175a03cfdbc8f3403ca46,2008-08-05,2008,8,5,22,33.2,27.6,0
689175a03cfdbc8f3403ca47,2008-08-06,2008,8,6,21,35,28,0
689175a03cfdbc8f3403ca48,2008-08-07,2008,8,7,22,35,28.5,0
689175a03cfdbc8f3403ca49,2008-08-08,2008,8,8,21,35.4,28.2,0
689175a03cfdbc8f3403ca4a,2008-08-09,2008,8,9,22,35.6,28.8,0
689175a03cfdbc8f3403ca4b,2008-08-10,2008,8,10,20,36.6,28.3,0
689175a03cfdbc8f3403ca4c,2008-08-11,2008,8,11,21,36.8,28.9,0
689175a03cfdbc8f3403ca4d,2008-08-12,2008,8,12,20,36.6,28.3,0
689175a03cfdbc8f3403ca4e,2008-08-13,2008,8,13,21,36.8,28.9,0
689175a03cfdbc8f3403ca4f,2008-08-14,2008,8,14,21,37,29,0
689175a03cfdbc8f3403ca50,2008-08-15,2008,8,15,22,26.8,24.4,0
689175a03cfdbc8f3403ca51,2008-08-16,2008,8,16,22,26.8,24.4,0
689175a03cfdbc8f3403ca52,2008-08-17,2008,8,17,22,34.4,28.2,0
689175a03cfdbc8f3403ca53,2008-08-18,2008,8,18,22,34.6,28.3,0
689175a03cfdbc8f3403ca54,2008-08-19,2008,8,19,19,32.4,25.7,0
689175a03cfdbc8f3403ca55,2008-08-20,2008,8,20,23,33.4,28.2,0
689175a03cfdbc8f3403ca56,2008-08-21,2008,8,21,22,33.6,27.8,0
689175a03cfdbc8f3403ca57,2008-08-22,2008,8,22,22,31.6,26.8,0
689175a03cfdbc8f3403ca58,2008-08-23,2008,8,23,19,32.6,25.8,0
689175a03cfdbc8f3403ca59,2008-08-24,2008,8,24,22,32.6,27.3,0
689175a03cfdbc8f3403ca5a,2008-08-25,2008,8,25,22,32.4,27.2,0
689175a03cfdbc8f3403ca5b,2008-08-26,2008,8,26,22,32.6,27.3,0
689175a03cfdbc8f3403ca5c,2008-08-27,2008,8,27,22,33.4,27.7,0
689175a03cfdbc8f3403ca5d,2008-08-28,2008,8,28,19,29,24,0
689175a03cfdbc8f3403ca5e,2008-08-29,2008,8,29,22,30.2,26.1,0
689175a03cfdbc8f3403ca5f,2008-08-30,2008,8,30,22,32.2,27.1,0
689175a03cfdbc8f3403ca60,2008-08-31,2008,8,31,21.214570982839312,32.386338028169014,26.800454505504163,0
689175a03cfdbc8f3403ca61,2008-09-01,2008,9,1,19,31.6,25.3,0
689175a03cfdbc8f3403ca62,2008-09-02,2008,9,2,22,32,27,0
689175a03cfdbc8f3403ca63,2008-09-03,2008,9,3,21,30.8,25.9,0
689175a03cfdbc8f3403ca64,2008-09-04,2008,9,4,22,32.6,27.3,0
689175a03cfdbc8f3403ca65,2008-09-05,2008,9,5,19,32,25.5,0
689175a03cfdbc8f3403ca66,2008-09-06,2008,9,6,22,32.2,27.1,0
689175a03cfdbc8f3403ca67,2008-09-07,2008,9,7,21,33.2,27.1,0
689175a03cfdbc8f3403ca68,2008-09-08,2008,9,8,22,33,27.5,0
689175a03cfdbc8f3403ca69,2008-09-09,2008,9,9,21,33.2,27.1,0
689175a03cfdbc8f3403ca6a,2008-09-10,2008,9,10,21,33.4,27.2,0
689175a03cfdbc8f3403ca6b,2008-09-11,2008,9,11,22,35.4,28.7,0
689175a03cfdbc8f3403ca6c,2008-09-12,2008,9,12,25,34,29.5,0
689175a03cfdbc8f3403ca6d,2008-09-13,2008,9,13,23,35,29,0
689175a03cfdbc8f3403ca6e,2008-09-14,2008,9,14,19,35.6,27.3,0
689175a03cfdbc8f3403ca6f,2008-09-15,2008,9,15,24,34.6,29.3,0
689175a03cfdbc8f3403ca70,2008-09-16,2008,9,16,21,35,28,0
689175a03cfdbc8f3403ca71,2008-09-17,2008,9,17,22,35,28.5,0
689175a03cfdbc8f3403ca72,2008-09-18,2008,9,18,22,35.4,28.7,0
689175a03cfdbc8f3403ca73,2008-09-19,2008,9,19,22,33.6,27.8,0
689175a03cfdbc8f3403ca74,2008-09-20,2008,9,20,23,32.8,27.9,0
689175a03cfdbc8f3403ca75,2008-09-21,2008,9,21,22,35.4,28.7,0
689175a03cfdbc8f3403ca76,2008-09-22,2008,9,22,22,36.5,29.25,0
689175a03cfdbc8f3403ca77,2008-09-23,2008,9,23,21,33.8,27.4,0
689175a03cfdbc8f3403ca78,2008-09-24,2008,9,24,19,36.2,27.6,0
689175a03cfdbc8f3403ca79,2008-09-25,2008,9,25,19,36,27.5,0
689175a03cfdbc8f3403ca7a,2008-09-26,2008,9,26,18,36.8,27.4,0
689175a03cfdbc8f3403ca7b,2008-09-27,2008,9,27,19,36.6,27.8,0
689175a03cfdbc8f3403ca7c,2008-09-28,2008,9,28,19,36.4,27.7,0
689175a03cfdbc8f3403ca7d,2008-09-29,2008,9,29,22,31.4,26.7,0
689175a03cfdbc8f3403ca7e,2008-09-30,2008,9,30,22,34,28,0
689175a03cfdbc8f3403ca7f,2008-10-01,2008,10,1,21,33.8,27.4,0
689175a03cfdbc8f3403ca80,2008-10-02,2008,10,2,19,31.8,25.4,0
689175a03cfdbc8f3403ca81,2008-10-03,2008,10,3,23,33,28,0
689175a03cfdbc8f3403ca82,2008-10-04,2008,10,4,22,33,27.5,0
689175a03cfdbc8f3403ca83,2008-10-05,2008,10,5,22,31.4,26.7,0
689175a03cfdbc8f3403ca84,2008-10-06,2008,10,6,22,31.2,26.6,0
689175a03cfdbc8f3403ca85,2008-10-07,2008,10,7,22,32,27,0
689175a03cfdbc8f3403ca86,2008-10-08,2008,10,8,22,32.2,27.1,0
689175a03cfdbc8f3403ca87,2008-10-09,2008,10,9,22,32.2,27.1,0
689175a03cfdbc8f3403ca88,2008-10-10,2008,10,10,20,32,26,0
689175a03cfdbc8f3403ca89,2008-10-11,2008,10,11,22,31,26.5,0
689175a03cfdbc8f3403ca8a,2008-10-12,2008,10,12,21,33.4,27.2,0
689175a03cfdbc8f3403ca8b,2008-10-13,2008,10,13,21,33.2,27.1,0
689175a03cfdbc8f3403ca8c,2008-10-14,2008,10,14,22,33,27.5,0
689175a03cfdbc8f3403ca8d,2008-10-15,2008,10,15,22,33.2,27.6,0
689175a03cfdbc8f3403ca8e,2008-10-16,2008,10,16,23,33.6,28.3,0
689175a03cfdbc8f3403ca8f,2008-10-17,2008,10,17,23,31.6,27.3,0
689175a03cfdbc8f3403ca90,2008-10-18,2008,10,18,24,33,28.5,0
689175a03cfdbc8f3403ca91,2008-10-19,2008,10,19,23,33.2,28.1,0
689175a03cfdbc8f3403ca92,2008-10-20,2008,10,20,22,32.8,27.4,0
689175a03cfdbc8f3403ca93,2008-10-21,2008,10,21,22,32.4,27.2,0
689175a03cfdbc8f3403ca94,2008-10-22,2008,10,22,23,31.2,27.1,0
689175a03cfdbc8f3403ca95,2008-10-23,2008,10,23,22,33.4,27.7,0
689175a03cfdbc8f3403ca96,2008-10-24,2008,10,24,22,31,26.5,0
689175a03cfdbc8f3403ca97,2008-10-25,2008,10,25,22,31.2,26.6,0
689175a03cfdbc8f3403ca98,2008-10-26,2008,10,26,21,33.6,27.3,0
689175a03cfdbc8f3403ca99,2008-10-27,2008,10,27,21,34.8,27.9,0
689175a03cfdbc8f3403ca9a,2008-10-28,2008,10,28,20,33.4,26.7,0
689175a03cfdbc8f3403ca9b,2008-10-29,2008,10,29,20,33,26.5,0
689175a03cfdbc8f3403ca9c,2008-10-30,2008,10,30,24,31,27.5,0
689175a03cfdbc8f3403ca9d,2008-10-31,2008,10,31,22,33.2,27.6,0
689175a03cfdbc8f3403ca9e,2008-11-01,2008,11,1,22,30.8,26.4,0
689175a03cfdbc8f3403ca9f,2008-11-02,2008,11,2,22,36,29,0
689175a03cfdbc8f3403caa0,2008-11-03,2008,11,3,21,33.4,27.2,0
689175a03cfdbc8f3403caa1,2008-11-04,2008,11,4,23,32.2,27.6,0
689175a03cfdbc8f3403caa2,2008-11-05,2008,11,5,23,33.4,28.2,0
689175a03cfdbc8f3403caa3,2008-11-06,2008,11,6,22,33.4,27.7,0
689175a03cfdbc8f3403caa4,2008-11-07,2008,11,7,21,33.6,27.3,0
689175a03cfdbc8f3403caa5,2008-11-08,2008,11,8,21,32,26.5,0
689175a03cfdbc8f3403caa6,2008-11-09,2008,11,9,23,31.8,27.4,0
689175a03cfdbc8f3403caa7,2008-11-10,2008,11,10,23,32,27.5,0
689175a03cfdbc8f3403caa8,2008-11-11,2008,11,11,23,32.2,27.6,0
689175a03cfdbc8f3403caa9,2008-11-12,2008,11,12,22,33.4,27.7,0
689175a03cfdbc8f3403caaa,2008-11-13,2008,11,13,23,33.4,28.2,0
689175a03cfdbc8f3403caab,2008-11-14,2008,11,14,21,32,26.5,0
689175a03cfdbc8f3403caac,2008-11-15,2008,11,15,22,32,27,0
689175a03cfdbc8f3403caad,2008-11-16,2008,11,16,22,32.2,27.1,0
689175a03cfdbc8f3403caae,2008-11-17,2008,11,17,22,32.2,27.1,0
689175a03cfdbc8f3403caaf,2008-11-18,2008,11,18,24,33.4,28.7,0
689175a03cfdbc8f3403cab0,2008-11-19,2008,11,19,23,31.4,27.2,0
689175a03cfdbc8f3403cab1,2008-11-20,2008,11,20,23,31.6,27.3,0
689175a03cfdbc8f3403cab2,2008-11-21,2008,11,21,23,30,26.5,0
689175a03cfdbc8f3403cab3,2008-11-22,2008,11,22,22,31,26.5,0
689175a03cfdbc8f3403cab4,2008-11-23,2008,11,23,23,31.2,27.1,0
689175a03cfdbc8f3403cab5,2008-11-24,2008,11,24,23,30.6,26.8,0
689175a03cfdbc8f3403cab6,2008-11-25,2008,11,25,23,30.6,26.8,0
689175a03cfdbc8f3403cab7,2008-11-26,2008,11,26,23,30.6,26.8,0
689175a03cfdbc8f3403cab8,2008-11-27,2008,11,27,23,27.6,25.3,0
689175a03cfdbc8f3403cab9,2008-11-28,2008,11,28,23,28.2,25.6,0
689175a03cfdbc8f3403caba,2008-11-29,2008,11,29,23,30.2,26.6,0
689175a03cfdbc8f3403cabb,2008-11-30,2008,11,30,23,29.8,26.4,0
689175a03cfdbc8f3403cabc,2008-12-01,2008,12,1,23,29.8,26.4,0
689175a03cfdbc8f3403cabd,2008-12-02,2008,12,2,23,29.2,26.1,0
689175a03cfdbc8f3403cabe,2008-12-03,2008,12,3,23,30.8,26.9,0
689175a03cfdbc8f3403cabf,2008-12-04,2008,12,4,24,32.2,28.1,0
689175a03cfdbc8f3403cac0,2008-12-05,2008,12,5,23,32,27.5,0
689175a03cfdbc8f3403cac1,2008-12-06,2008,12,6,22,32.4,27.2,0
689175a03cfdbc8f3403cac2,2008-12-07,2008,12,7,22,32,27,0
689175a03cfdbc8f3403cac3,2008-12-08,2008,12,8,23,29.8,26.4,0
689175a03cfdbc8f3403cac4,2008-12-09,2008,12,9,23,30.4,26.7,0
689175a03cfdbc8f3403cac5,2008-12-10,2008,12,10,23,32,27.5,0
689175a03cfdbc8f3403cac6,2008-12-11,2008,12,11,23,29.8,26.4,0
689175a03cfdbc8f3403cac7,2008-12-12,2008,12,12,23,32,27.5,0
689175a03cfdbc8f3403cac8,2008-12-13,2008,12,13,24,30.4,27.2,0
689175a03cfdbc8f3403cac9,2008-12-14,2008,12,14,23,31.4,27.2,0
689175a03cfdbc8f3403caca,2008-12-15,2008,12,15,23,32,27.5,0
689175a03cfdbc8f3403cacb,2008-12-16,2008,12,16,23,32,27.5,0
689175a03cfdbc8f3403cacc,2008-12-17,2008,12,17,23,32,27.5,0
689175a03cfdbc8f3403cacd,2008-12-18,2008,12,18,22,29.2,25.6,0
689175a03cfdbc8f3403cace,2008-12-19,2008,12,19,22,32.6,27.3,0
689175a03cfdbc8f3403cacf,2008-12-20,2008,12,20,23,31.6,27.3,0
689175a03cfdbc8f3403cad0,2008-12-21,2008,12,21,22,31.6,26.8,0
689175a03cfdbc8f3403cad1,2008-12-22,2008,12,22,23,33,28,0
689175a03cfdbc8f3403cad2,2008-12-23,2008,12,23,23,33,28,0
689175a03cfdbc8f3403cad3,2008-12-24,2008,12,24,23,30.8,26.9,0
689175a03cfdbc8f3403cad4,2008-12-25,2008,12,25,22,30.8,26.4,0
689175a03cfdbc8f3403cad5,2008-12-26,2008,12,26,22,33,27.5,0
689175a03cfdbc8f3403cad6,2008-12-27,2008,12,27,22,32.2,27.1,0
689175a03cfdbc8f3403cad7,2008-12-28,2008,12,28,22,29.2,25.6,0
689175a03cfdbc8f3403cad8,2008-12-29,2008,12,29,22,30.4,26.2,0
689175a03cfdbc8f3403cad9,2008-12-30,2008,12,30,22,32,27,0
689175a03cfdbc8f3403cada,2008-12-31,2008,12,31,22,31.2,26.6,0
689175a03cfdbc8f3403cadb,2009-01-01,2009,1,1,22,30.6,26.3,0
689175a03cfdbc8f3403cadc,2009-01-02,2009,1,2,22,31.2,26.6,0
689175a03cfdbc8f3403cadd,2009-01-03,2009,1,3,22,30.6,26.3,0
689175a03cfdbc8f3403cade,2009-01-04,2009,1,4,23,30.6,26.8,0
689175a03cfdbc8f3403cadf,2009-01-05,2009,1,5,23,30.2,26.6,0
689175a03cfdbc8f3403cae0,2009-01-06,2009,1,6,22,32,27,0
689175a03cfdbc8f3403cae1,2009-01-07,2009,1,7,22,32,27,0
689175a03cfdbc8f3403cae2,2009-01-08,2009,1,8,21,33.4,27.2,0
689175a03cfdbc8f3403cae3,2009-01-09,2009,1,9,21,33,27,0
689175a03cfdbc8f3403cae4,2009-01-10,2009,1,10,21,33.2,27.1,0
689175a03cfdbc8f3403cae5,2009-01-11,2009,1,11,21,31,26,0
689175a03cfdbc8f3403cae6,2009-01-12,2009,1,12,23,29.8,26.4,0
689175a03cfdbc8f3403cae7,2009-01-13,2009,1,13,21,30,25.5,0
689175a03cfdbc8f3403cae8,2009-01-14,2009,1,14,22,29.8,25.9,0
689175a03cfdbc8f3403cae9,2009-01-15,2009,1,15,22,29.8,25.9,0
689175a03cfdbc8f3403caea,2009-01-16,2009,1,16,21,30.4,25.7,0
689175a03cfdbc8f3403caeb,2009-01-17,2009,1,17,21,30.6,25.8,0
689175a03cfdbc8f3403caec,2009-01-18,2009,1,18,22,31.2,26.6,0
689175a03cfdbc8f3403caed,2009-01-19,2009,1,19,22,31.2,26.6,0
689175a03cfdbc8f3403caee,2009-01-20,2009,1,20,23,31.2,27.1,0
689175a03cfdbc8f3403caef,2009-01-21,2009,1,21,23,30.6,26.8,0
689175a03cfdbc8f3403caf0,2009-01-22,2009,1,22,22,30.6,26.3,0
689175a03cfdbc8f3403caf1,2009-01-23,2009,1,23,22,30.6,26.3,0
689175a03cfdbc8f3403caf2,2009-01-24,2009,1,24,22,31.2,26.6,0
689175a03cfdbc8f3403caf3,2009-01-25,2009,1,25,22,32,27,0
689175a03cfdbc8f3403caf4,2009-01-26,2009,1,26,22,32.4,27.2,0
689175a03cfdbc8f3403caf5,2009-01-27,2009,1,27,23,31.6,27.3,0
689175a03cfdbc8f3403caf6,2009-01-28,2009,1,28,22,31,26.5,0
689175a03cfdbc8f3403caf7,2009-01-29,2009,1,29,22,31.2,26.6,0
689175a03cfdbc8f3403caf8,2009-01-30,2009,1,30,23,31.6,27.3,0
689175a03cfdbc8f3403caf9,2009-01-31,2009,1,31,23,30.2,26.6,0
689175a03cfdbc8f3403cafa,2009-02-01,2009,2,1,22,31,26.5,0
689175a03cfdbc8f3403cafb,2009-02-02,2009,2,2,21,31.4,26.2,0
689175a03cfdbc8f3403cafc,2009-02-03,2009,2,3,21,31.8,26.4,0
689175a03cfdbc8f3403cafd,2009-02-04,2009,2,4,21,31,26,0
689175a03cfdbc8f3403cafe,2009-02-05,2009,2,5,22,31.8,26.9,0
689175a03cfdbc8f3403caff,2009-02-06,2009,2,6,22,32.2,27.1,0
689175a03cfdbc8f3403cb00,2009-02-07,2009,2,7,23,31,27,0
689175a03cfdbc8f3403cb01,2009-02-08,2009,2,8,22,31.4,26.7,0
689175a03cfdbc8f3403cb02,2009-02-09,2009,2,9,21,33.6,27.3,0
689175a03cfdbc8f3403cb03,2009-02-10,2009,2,10,21,30,25.5,0
689175a03cfdbc8f3403cb04,2009-02-11,2009,2,11,23,33.2,28.1,0
689175a03cfdbc8f3403cb05,2009-02-12,2009,2,12,19,32,25.5,0
689175a03cfdbc8f3403cb06,2009-02-13,2009,2,13,22,32.2,27.1,0
689175a03cfdbc8f3403cb07,2009-02-14,2009,2,14,20,33.2,26.6,0
689175a03cfdbc8f3403cb08,2009-02-15,2009,2,15,21,31.2,26.1,0
689175a03cfdbc8f3403cb09,2009-02-16,2009,2,16,22,31.4,26.7,0
689175a03cfdbc8f3403cb0a,2009-02-17,2009,2,17,20,33.2,26.6,0
689175a03cfdbc8f3403cb0b,2009-02-18,2009,2,18,20,31,25.5,0
689175a03cfdbc8f3403cb0c,2009-02-19,2009,2,19,22,32.4,27.2,0
689175a03cfdbc8f3403cb0d,2009-02-20,2009,2,20,23,31.8,27.4,0
689175a03cfdbc8f3403cb0e,2009-02-21,2009,2,21,23,31.8,27.4,0
689175a03cfdbc8f3403cb0f,2009-02-22,2009,2,22,23,31.4,27.2,0
689175a03cfdbc8f3403cb10,2009-02-23,2009,2,23,21,33.4,27.2,0
689175a03cfdbc8f3403cb11,2009-02-24,2009,2,24,21,33.4,27.2,0
689175a03cfdbc8f3403cb12,2009-02-25,2009,2,25,22,33,27.5,0
689175a03cfdbc8f3403cb13,2009-02-26,2009,2,26,22,33.2,27.6,0
689175a03cfdbc8f3403cb14,2009-02-27,2009,2,27,22,30,26,0
689175a03cfdbc8f3403cb15,2009-02-28,2009,2,28,22,33.8,27.9,0
689175a03cfdbc8f3403cb16,2009-03-01,2009,3,1,22,32.2,27.1,0
689175a03cfdbc8f3403cb17,2009-03-02,2009,3,2,23,31.8,27.4,0
689175a03cfdbc8f3403cb18,2009-03-03,2009,3,3,24,33.2,28.6,0
689175a03cfdbc8f3403cb19,2009-03-04,2009,3,4,23,33.2,28.1,0
689175a03cfdbc8f3403cb1a,2009-03-05,2009,3,5,23,32.2,27.6,0
689175a03cfdbc8f3403cb1b,2009-03-06,2009,3,6,22,32.8,27.4,0
689175a03cfdbc8f3403cb1c,2009-03-07,2009,3,7,22,33.6,27.8,0
689175a03cfdbc8f3403cb1d,2009-03-08,2009,3,8,22,31.6,26.8,0
689175a03cfdbc8f3403cb1e,2009-03-09,2009,3,9,23,33.4,28.2,0
689175a03cfdbc8f3403cb1f,2009-03-10,2009,3,10,23,33.4,28.2,0
689175a03cfdbc8f3403cb20,2009-03-11,2009,3,11,23,33.4,28.2,0
689175a03cfdbc8f3403cb21,2009-03-12,2009,3,12,23,33.2,28.1,0
689175a03cfdbc8f3403cb22,2009-03-13,2009,3,13,22,32.4,27.2,0
689175a03cfdbc8f3403cb23,2009-03-14,2009,3,14,22,33.9,27.95,0
689175a03cfdbc8f3403cb24,2009-03-15,2009,3,15,23,33.4,28.2,0
689175a03cfdbc8f3403cb25,2009-03-16,2009,3,16,24,33.6,28.8,0
689175a03cfdbc8f3403cb26,2009-03-17,2009,3,17,22,31.6,26.8,0
689175a03cfdbc8f3403cb27,2009-03-18,2009,3,18,22,32,27,0
689175a03cfdbc8f3403cb28,2009-03-19,2009,3,19,22,32.6,27.3,0
689175a03cfdbc8f3403cb29,2009-03-20,2009,3,20,22,32.4,27.2,0
689175a03cfdbc8f3403cb2a,2009-03-21,2009,3,21,22,32.6,27.3,0
689175a03cfdbc8f3403cb2b,2009-03-22,2009,3,22,22,32.6,27.3,0
689175a03cfdbc8f3403cb2c,2009-03-23,2009,3,23,22,32.2,27.1,0
689175a03cfdbc8f3403cb2d,2009-03-24,2009,3,24,23,33.2,28.1,0
689175a03cfdbc8f3403cb2e,2009-03-25,2009,3,25,21,33.4,27.2,0
689175a03cfdbc8f3403cb2f,2009-03-26,2009,3,26,21,33.6,27.3,0
689175a03cfdbc8f3403cb30,2009-03-27,2009,3,27,22,33.4,27.7,0
689175a03cfdbc8f3403cb31,2009-03-28,2009,3,28,23,32.4,27.7,0
689175a03cfdbc8f3403cb32,2009-03-29,2009,3,29,23,32.6,27.8,0
689175a03cfdbc8f3403cb33,2009-03-30,2009,3,30,23,32.4,27.7,0
689175a03cfdbc8f3403cb34,2009-03-31,2009,3,31,22,32.8,27.4,0
689175a03cfdbc8f3403cb35,2009-04-01,2009,4,1,23,33.4,28.2,0
689175a03cfdbc8f3403cb36,2009-04-02,2009,4,2,23,33.6,28.3,0
689175a03cfdbc8f3403cb37,2009-04-03,2009,4,3,24,32,28,0
689175a03cfdbc8f3403cb38,2009-04-04,2009,4,4,23,32,27.5,0
689175a03cfdbc8f3403cb39,2009-04-05,2009,4,5,24,32.4,28.2,0
689175a03cfdbc8f3403cb3a,2009-04-06,2009,4,6,23,32.2,27.6,0
689175a03cfdbc8f3403cb3b,2009-04-07,2009,4,7,23,32.2,27.6,0
689175a03cfdbc8f3403cb3c,2009-04-08,2009,4,8,24,30,27,0
689175a03cfdbc8f3403cb3d,2009-04-09,2009,4,9,23,31.6,27.3,0
689175a03cfdbc8f3403cb3e,2009-04-10,2009,4,10,23,32.4,27.7,0
689175a03cfdbc8f3403cb3f,2009-04-11,2009,4,11,24,33.2,28.6,0
689175a03cfdbc8f3403cb40,2009-04-12,2009,4,12,24,33.6,28.8,0
689175a03cfdbc8f3403cb41,2009-04-13,2009,4,13,23,34.8,28.9,0
689175a03cfdbc8f3403cb42,2009-04-14,2009,4,14,24,35,29.5,0
689175a03cfdbc8f3403cb43,2009-04-15,2009,4,15,24,35.4,29.7,0
689175a03cfdbc8f3403cb44,2009-04-16,2009,4,16,23,35,29,0
689175a03cfdbc8f3403cb45,2009-04-17,2009,4,17,23,35,29,0
689175a03cfdbc8f3403cb46,2009-04-18,2009,4,18,23,34.4,28.7,0
689175a03cfdbc8f3403cb47,2009-04-19,2009,4,19,23,34.2,28.6,0
689175a03cfdbc8f3403cb48,2009-04-20,2009,4,20,23,35,29,0
689175a03cfdbc8f3403cb49,2009-04-21,2009,4,21,23,34.6,28.8,0
689175a03cfdbc8f3403cb4a,2009-04-22,2009,4,22,22,35.4,28.7,0
689175a03cfdbc8f3403cb4b,2009-04-23,2009,4,23,21,36.6,28.8,0
689175a03cfdbc8f3403cb4c,2009-04-24,2009,4,24,21.21687116564417,35.48592705167173,28.35139910865795,0
689175a03cfdbc8f3403cb4d,2009-04-25,2009,4,25,20,36.4,28.2,0
689175a03cfdbc8f3403cb4e,2009-04-26,2009,4,26,22,35.4,28.7,0
689175a03cfdbc8f3403cb4f,2009-04-27,2009,4,27,23,35.6,29.3,0
689175a03cfdbc8f3403cb50,2009-04-28,2009,4,28,23,34.2,28.6,0
689175a03cfdbc8f3403cb51,2009-04-29,2009,4,29,24,34.4,29.2,0
689175a03cfdbc8f3403cb52,2009-04-30,2009,4,30,23,34.4,28.7,0
689175a03cfdbc8f3403cb53,2009-05-01,2009,5,1,23,34.4,28.7,0
689175a03cfdbc8f3403cb54,2009-05-02,2009,5,2,23,33.2,28.1,0
689175a03cfdbc8f3403cb55,2009-05-03,2009,5,3,24,33.8,28.9,0
689175a03cfdbc8f3403cb56,2009-05-04,2009,5,4,23,34,28.5,0
689175a03cfdbc8f3403cb57,2009-05-05,2009,5,5,23,33.6,28.3,0
689175a03cfdbc8f3403cb58,2009-05-06,2009,5,6,23,34.2,28.6,0
689175a03cfdbc8f3403cb59,2009-05-07,2009,5,7,22,35.6,28.8,0
689175a03cfdbc8f3403cb5a,2009-05-08,2009,5,8,22,35.4,28.7,0
689175a03cfdbc8f3403cb5b,2009-05-09,2009,5,9,22,35.4,28.7,0
689175a03cfdbc8f3403cb5c,2009-05-10,2009,5,10,23,32.4,27.7,0
689175a03cfdbc8f3403cb5d,2009-05-11,2009,5,11,23,33.8,28.4,0
689175a03cfdbc8f3403cb5e,2009-05-12,2009,5,12,23,34.4,28.7,0
689175a03cfdbc8f3403cb5f,2009-05-13,2009,5,13,23,32,27.5,0
689175a03cfdbc8f3403cb60,2009-05-14,2009,5,14,24,32,28,0
689175a03cfdbc8f3403cb61,2009-05-15,2009,5,15,23,33.4,28.2,0
689175a03cfdbc8f3403cb62,2009-05-16,2009,5,16,22,33.8,27.9,0
689175a03cfdbc8f3403cb63,2009-05-17,2009,5,17,23,33.8,28.4,0
689175a03cfdbc8f3403cb64,2009-05-18,2009,5,18,24,34.2,29.1,0
689175a03cfdbc8f3403cb65,2009-05-19,2009,5,19,23,35,29,0
689175a03cfdbc8f3403cb66,2009-05-20,2009,5,20,23,35,29,0
689175a03cfdbc8f3403cb67,2009-05-21,2009,5,21,23,34.8,28.9,0
689175a03cfdbc8f3403cb68,2009-05-22,2009,5,22,24,35.6,29.8,0
689175a03cfdbc8f3403cb69,2009-05-23,2009,5,23,22,33.8,27.9,0
689175a03cfdbc8f3403cb6a,2009-05-24,2009,5,24,22,35,28.5,0
689175a03cfdbc8f3403cb6b,2009-05-25,2009,5,25,22,35.6,28.8,0
689175a03cfdbc8f3403cb6c,2009-05-26,2009,5,26,24,36,30,0
689175a03cfdbc8f3403cb6d,2009-05-27,2009,5,27,24,36.2,30.1,0
689175a03cfdbc8f3403cb6e,2009-05-28,2009,5,28,24,32,28,0
689175a03cfdbc8f3403cb6f,2009-05-29,2009,5,29,24,33.4,28.7,0
689175a03cfdbc8f3403cb70,2009-05-30,2009,5,30,22,34.2,28.1,0
689175a03cfdbc8f3403cb71,2009-05-31,2009,5,31,23,34.2,28.6,0
689175a03cfdbc8f3403cb72,2009-06-01,2009,6,1,23,35,29,0
689175a03cfdbc8f3403cb73,2009-06-02,2009,6,2,23,35,29,0
689175a03cfdbc8f3403cb74,2009-06-03,2009,6,3,24,34,29,0
689175a03cfdbc8f3403cb75,2009-06-04,2009,6,4,25,34.4,29.7,0
689175a03cfdbc8f3403cb76,2009-06-05,2009,6,5,25,34.4,29.7,0
689175a03cfdbc8f3403cb77,2009-06-06,2009,6,6,25,36.4,30.7,0
689175a03cfdbc8f3403cb78,2009-06-07,2009,6,7,22,36.2,29.1,0
689175a03cfdbc8f3403cb79,2009-06-08,2009,6,8,22,36.8,29.4,0
689175a03cfdbc8f3403cb7a,2009-06-09,2009,6,9,20,36.6,28.3,0
689175a03cfdbc8f3403cb7b,2009-06-10,2009,6,10,20,35.8,27.9,0
689175a03cfdbc8f3403cb7c,2009-06-11,2009,6,11,20,35,27.5,0
689175a03cfdbc8f3403cb7d,2009-06-12,2009,6,12,23,35,29,0
689175a03cfdbc8f3403cb7e,2009-06-13,2009,6,13,16,35,25.5,0
689175a03cfdbc8f3403cb7f,2009-06-14,2009,6,14,16,36,26,0
689175a03cfdbc8f3403cb80,2009-06-15,2009,6,15,20,35.8,27.9,0
689175a03cfdbc8f3403cb81,2009-06-16,2009,6,16,20,34.2,27.1,0
689175a03cfdbc8f3403cb82,2009-06-17,2009,6,17,26,34.6,30.3,0
689175a03cfdbc8f3403cb83,2009-06-18,2009,6,18,23,35.2,29.1,0
689175a03cfdbc8f3403cb84,2009-06-19,2009,6,19,23,35.2,29.1,0
689175a03cfdbc8f3403cb85,2009-06-20,2009,6,20,23,34.8,28.9,0
689175a03cfdbc8f3403cb86,2009-06-21,2009,6,21,23,34.4,28.7,0
689175a03cfdbc8f3403cb87,2009-06-22,2009,6,22,22,36.2,29.1,0
689175a03cfdbc8f3403cb88,2009-06-23,2009,6,23,22,36,29,0
689175a03cfdbc8f3403cb89,2009-06-24,2009,6,24,22,35.2,28.6,0
689175a03cfdbc8f3403cb8a,2009-06-25,2009,6,25,22,34.2,28.1,0
689175a03cfdbc8f3403cb8b,2009-06-26,2009,6,26,22,35.2,28.6,0
689175a03cfdbc8f3403cb8c,2009-06-27,2009,6,27,23,31.6,27.3,0
689175a03cfdbc8f3403cb8d,2009-06-28,2009,6,28,22,32.2,27.1,0
689175a03cfdbc8f3403cb8e,2009-06-29,2009,6,29,22,33.6,27.8,0
689175a03cfdbc8f3403cb8f,2009-06-30,2009,6,30,22,33.4,27.7,0
689175a03cfdbc8f3403cb90,2009-07-01,2009,7,1,22,33.6,27.8,0
689175a03cfdbc8f3403cb91,2009-07-02,2009,7,2,22,35,28.5,0
689175a03cfdbc8f3403cb92,2009-07-03,2009,7,3,22,34.8,28.4,0
689175a03cfdbc8f3403cb93,2009-07-04,2009,7,4,22,35,28.5,0
689175a03cfdbc8f3403cb94,2009-07-05,2009,7,5,22,33.6,27.8,0
689175a03cfdbc8f3403cb95,2009-07-06,2009,7,6,23,33.4,28.2,0
689175a03cfdbc8f3403cb96,2009-07-07,2009,7,7,22,33.6,27.8,0
689175a03cfdbc8f3403cb97,2009-07-08,2009,7,8,22,34.4,28.2,0
689175a03cfdbc8f3403cb98,2009-07-09,2009,7,9,23,34,28.5,0
689175a03cfdbc8f3403cb99,2009-07-10,2009,7,10,22,33.6,27.8,0
689175a03cfdbc8f3403cb9a,2009-07-11,2009,7,11,22,35.2,28.6,0
689175a03cfdbc8f3403cb9b,2009-07-12,2009,7,12,28,33,30.5,0
689175a03cfdbc8f3403cb9c,2009-07-13,2009,7,13,23,33.8,28.4,0
689175a03cfdbc8f3403cb9d,2009-07-14,2009,7,14,23,34.6,28.8,0
689175a03cfdbc8f3403cb9e,2009-07-15,2009,7,15,23,35.6,29.3,0
689175a03cfdbc8f3403cb9f,2009-07-16,2009,7,16,24,35.6,29.8,0
689175a03cfdbc8f3403cba0,2009-07-17,2009,7,17,26,35.6,30.8,0
689175a03cfdbc8f3403cba1,2009-07-18,2009,7,18,24,36,30,0
689175a03cfdbc8f3403cba2,2009-07-19,2009,7,19,22,36.2,29.1,0
689175a03cfdbc8f3403cba3,2009-07-20,2009,7,20,23,35.6,29.3,0
689175a03cfdbc8f3403cba4,2009-07-21,2009,7,21,23,34.4,28.7,0
689175a03cfdbc8f3403cba5,2009-07-22,2009,7,22,22,34.8,28.4,0
689175a03cfdbc8f3403cba6,2009-07-23,2009,7,23,23,34.8,28.9,0
689175a03cfdbc8f3403cba7,2009-07-24,2009,7,24,23,35.6,29.3,0
689175a03cfdbc8f3403cba8,2009-07-25,2009,7,25,23,36.2,29.6,0
689175a03cfdbc8f3403cba9,2009-07-26,2009,7,26,24,37.2,30.6,0
689175a03cfdbc8f3403cbaa,2009-07-27,2009,7,27,24,36.4,30.2,0
689175a03cfdbc8f3403cbab,2009-07-28,2009,7,28,23,36.4,29.7,0
689175a03cfdbc8f3403cbac,2009-07-29,2009,7,29,21,36.6,28.8,0
689175a03cfdbc8f3403cbad,2009-07-30,2009,7,30,21,35.4,28.2,0
689175a03cfdbc8f3403cbae,2009-07-31,2009,7,31,21,35.2,28.1,0
689175a03cfdbc8f3403cbaf,2009-08-01,2009,8,1,24,34.4,29.2,0
689175a03cfdbc8f3403cbb0,2009-08-02,2009,8,2,23,35.4,29.2,0
689175a03cfdbc8f3403cbb1,2009-08-03,2009,8,3,23,36.4,29.7,0
689175a03cfdbc8f3403cbb2,2009-08-04,2009,8,4,23,34.6,28.8,0
689175a03cfdbc8f3403cbb3,2009-08-05,2009,8,5,26,35.6,30.8,0
689175a03cfdbc8f3403cbb4,2009-08-06,2009,8,6,26,34.4,30.2,0
689175a03cfdbc8f3403cbb5,2009-08-07,2009,8,7,23,34.4,28.7,0
689175a03cfdbc8f3403cbb6,2009-08-08,2009,8,8,23,32.8,27.9,0
689175a03cfdbc8f3403cbb7,2009-08-09,2009,8,9,25,33.4,29.2,0
689175a03cfdbc8f3403cbb8,2009-08-10,2009,8,10,25,35,30,0
689175a03cfdbc8f3403cbb9,2009-08-11,2009,8,11,23,36,29.5,0
689175a03cfdbc8f3403cbba,2009-08-12,2009,8,12,23,36,29.5,0
689175a03cfdbc8f3403cbbb,2009-08-13,2009,8,13,23,36,29.5,0
689175a03cfdbc8f3403cbbc,2009-08-14,2009,8,14,23,27.6,25.3,0
689175a03cfdbc8f3403cbbd,2009-08-15,2009,8,15,25,31,28,0
689175a03cfdbc8f3403cbbe,2009-08-16,2009,8,16,23,34,28.5,0
689175a03cfdbc8f3403cbbf,2009-08-17,2009,8,17,22,34.2,28.1,0
689175a03cfdbc8f3403cbc0,2009-08-18,2009,8,18,22,31.2,26.6,0
689175a03cfdbc8f3403cbc1,2009-08-19,2009,8,19,23,31.4,27.2,0
689175a03cfdbc8f3403cbc2,2009-08-20,2009,8,20,22,31,26.5,0
689175a03cfdbc8f3403cbc3,2009-08-21,2009,8,21,22,32.2,27.1,0
689175a03cfdbc8f3403cbc4,2009-08-22,2009,8,22,22,32.2,27.1,0
689175a03cfdbc8f3403cbc5,2009-08-23,2009,8,23,22,32,27,0
689175a03cfdbc8f3403cbc6,2009-08-24,2009,8,24,23,30.8,26.9,0
689175a03cfdbc8f3403cbc7,2009-08-25,2009,8,25,23,33,28,0
689175a03cfdbc8f3403cbc8,2009-08-26,2009,8,26,23,33,28,0
689175a03cfdbc8f3403cbc9,2009-08-27,2009,8,27,23,33,28,0
689175a03cfdbc8f3403cbca,2009-08-28,2009,8,28,23,33,28,0
689175a03cfdbc8f3403cbcb,2009-08-29,2009,8,29,23,29.4,26.2,0
689175a03cfdbc8f3403cbcc,2009-08-30,2009,8,30,23,31.8,27.4,0
689175a03cfdbc8f3403cbcd,2009-08-31,2009,8,31,23,33,28,0
689175a03cfdbc8f3403cbce,2009-09-01,2009,9,1,23,34.6,28.8,0
689175a03cfdbc8f3403cbcf,2009-09-02,2009,9,2,23,35.2,29.1,0
689175a03cfdbc8f3403cbd0,2009-09-03,2009,9,3,23,34,28.5,0
689175a03cfdbc8f3403cbd1,2009-09-04,2009,9,4,23,33.2,28.1,0
689175a03cfdbc8f3403cbd2,2009-09-05,2009,9,5,23,35.6,29.3,0
689175a03cfdbc8f3403cbd3,2009-09-06,2009,9,6,25,33,29,0
689175a03cfdbc8f3403cbd4,2009-09-07,2009,9,7,25,34.6,29.8,0
689175a03cfdbc8f3403cbd5,2009-09-08,2009,9,8,22,34.8,28.4,0
689175a03cfdbc8f3403cbd6,2009-09-09,2009,9,9,22,32,27,0
689175a03cfdbc8f3403cbd7,2009-09-10,2009,9,10,22,34.2,28.1,0
689175a03cfdbc8f3403cbd8,2009-09-11,2009,9,11,23,35,29,0
689175a03cfdbc8f3403cbd9,2009-09-12,2009,9,12,23,35,29,0
689175a03cfdbc8f3403cbda,2009-09-13,2009,9,13,22,35,28.5,0
689175a03cfdbc8f3403cbdb,2009-09-14,2009,9,14,24,31.8,27.9,0
689175a03cfdbc8f3403cbdc,2009-09-15,2009,9,15,23,26.2,24.6,0
689175a03cfdbc8f3403cbdd,2009-09-16,2009,9,16,23,33,28,0
689175a03cfdbc8f3403cbde,2009-09-17,2009,9,17,23,32.8,27.9,0
689175a03cfdbc8f3403cbdf,2009-09-18,2009,9,18,23,32.8,27.9,0
689175a03cfdbc8f3403cbe0,2009-09-19,2009,9,19,23,29.8,26.4,0
689175a03cfdbc8f3403cbe1,2009-09-20,2009,9,20,23,32.6,27.8,0
689175a03cfdbc8f3403cbe2,2009-09-21,2009,9,21,22,34,28,0
689175a03cfdbc8f3403cbe3,2009-09-22,2009,9,22,22,34.4,28.2,0
689175a03cfdbc8f3403cbe4,2009-09-23,2009,9,23,21,34.6,27.8,0
689175a03cfdbc8f3403cbe5,2009-09-24,2009,9,24,21,33.8,27.4,0
689175a03cfdbc8f3403cbe6,2009-09-25,2009,9,25,22,33.6,27.8,0
689175a03cfdbc8f3403cbe7,2009-09-26,2009,9,26,25,33,29,0
689175a03cfdbc8f3403cbe8,2009-09-27,2009,9,27,23,33,28,0
689175a03cfdbc8f3403cbe9,2009-09-28,2009,9,28,23,32.8,27.9,0
689175a03cfdbc8f3403cbea,2009-09-29,2009,9,29,23,32.4,27.7,0
689175a03cfdbc8f3403cbeb,2009-09-30,2009,9,30,23,33,28,0
689175a03cfdbc8f3403cbec,2009-10-01,2009,10,1,25,35.4,30.2,0
689175a03cfdbc8f3403cbed,2009-10-02,2009,10,2,25,33.8,29.4,0
689175a03cfdbc8f3403cbee,2009-10-03,2009,10,3,24,32.2,28.1,0
689175a03cfdbc8f3403cbef,2009-10-04,2009,10,4,24,35.2,29.6,0
689175a03cfdbc8f3403cbf0,2009-10-05,2009,10,5,24,34.8,29.4,0
689175a03cfdbc8f3403cbf1,2009-10-06,2009,10,6,25,34.2,29.6,0
689175a03cfdbc8f3403cbf2,2009-10-07,2009,10,7,24,34.4,29.2,0
689175a03cfdbc8f3403cbf3,2009-10-08,2009,10,8,24,33,28.5,0
689175a03cfdbc8f3403cbf4,2009-10-09,2009,10,9,23,34.4,28.7,0
689175a03cfdbc8f3403cbf5,2009-10-10,2009,10,10,23,34.4,28.7,0
689175a03cfdbc8f3403cbf6,2009-10-11,2009,10,11,23,34.4,28.7,0
689175a03cfdbc8f3403cbf7,2009-10-12,2009,10,12,23,32.4,27.7,0
689175a03cfdbc8f3403cbf8,2009-10-13,2009,10,13,22,35.2,28.6,0
689175a03cfdbc8f3403cbf9,2009-10-14,2009,10,14,23,33.2,28.1,0
689175a03cfdbc8f3403cbfa,2009-10-15,2009,10,15,22,32.4,27.2,0
689175a03cfdbc8f3403cbfb,2009-10-16,2009,10,16,22,33,27.5,0
689175a03cfdbc8f3403cbfc,2009-10-17,2009,10,17,22,33.2,27.6,0
689175a03cfdbc8f3403cbfd,2009-10-18,2009,10,18,22,34.4,28.2,0
689175a03cfdbc8f3403cbfe,2009-10-19,2009,10,19,23,32.8,27.9,0
689175a03cfdbc8f3403cbff,2009-10-20,2009,10,20,23,29.8,26.4,0
689175a03cfdbc8f3403cc00,2009-10-21,2009,10,21,22,33,27.5,0
689175a03cfdbc8f3403cc01,2009-10-22,2009,10,22,22,33.2,27.6,0
689175a03cfdbc8f3403cc02,2009-10-23,2009,10,23,22,33.8,27.9,0
689175a03cfdbc8f3403cc03,2009-10-24,2009,10,24,22,33,27.5,0
689175a03cfdbc8f3403cc04,2009-10-25,2009,10,25,22,31.6,26.8,0
689175a03cfdbc8f3403cc05,2009-10-26,2009,10,26,24,33,28.5,0
689175a03cfdbc8f3403cc06,2009-10-27,2009,10,27,22,33,27.5,0
689175a03cfdbc8f3403cc07,2009-10-28,2009,10,28,22,31.4,26.7,0
689175a03cfdbc8f3403cc08,2009-10-29,2009,10,29,22,31.6,26.8,0
689175a03cfdbc8f3403cc09,2009-10-30,2009,10,30,23,35.2,29.1,0
689175a03cfdbc8f3403cc0a,2009-10-31,2009,10,31,22,32.8,27.4,0
689175a03cfdbc8f3403cc0b,2009-11-01,2009,11,1,22,32.8,27.4,0
689175a03cfdbc8f3403cc0c,2009-11-02,2009,11,2,22,32.4,27.2,0
689175a03cfdbc8f3403cc0d,2009-11-03,2009,11,3,23,32.6,27.8,0
689175a03cfdbc8f3403cc0e,2009-11-04,2009,11,4,24,32.4,28.2,0
689175a03cfdbc8f3403cc0f,2009-11-05,2009,11,5,23,32.6,27.8,0
689175a03cfdbc8f3403cc10,2009-11-06,2009,11,6,24,30.8,27.4,0
689175a03cfdbc8f3403cc11,2009-11-07,2009,11,7,23,32.2,27.6,0
689175a03cfdbc8f3403cc12,2009-11-08,2009,11,8,24,32,28,0
689175a03cfdbc8f3403cc13,2009-11-09,2009,11,9,24,31.6,27.8,0
689175a03cfdbc8f3403cc14,2009-11-10,2009,11,10,23,31.6,27.3,0
689175a03cfdbc8f3403cc15,2009-11-11,2009,11,11,23,31.4,27.2,0
689175a03cfdbc8f3403cc16,2009-11-12,2009,11,12,23,31,27,0
689175a03cfdbc8f3403cc17,2009-11-13,2009,11,13,24,33,28.5,0
689175a03cfdbc8f3403cc18,2009-11-14,2009,11,14,23,30.4,26.7,0
689175a03cfdbc8f3403cc19,2009-11-15,2009,11,15,23,30.4,26.7,0
689175a03cfdbc8f3403cc1a,2009-11-16,2009,11,16,23,33,28,0
689175a03cfdbc8f3403cc1b,2009-11-17,2009,11,17,23,33,28,0
689175a03cfdbc8f3403cc1c,2009-11-18,2009,11,18,23,31,27,0
689175a03cfdbc8f3403cc1d,2009-11-19,2009,11,19,22,30,26,0
689175a03cfdbc8f3403cc1e,2009-11-20,2009,11,20,21,30,25.5,0
689175a03cfdbc8f3403cc1f,2009-11-21,2009,11,21,21,30,25.5,0
689175a03cfdbc8f3403cc20,2009-11-22,2009,11,22,22,30.6,26.3,0
689175a03cfdbc8f3403cc21,2009-11-23,2009,11,23,21,30.4,25.7,0
689175a03cfdbc8f3403cc22,2009-11-24,2009,11,24,24,31,27.5,0
689175a03cfdbc8f3403cc23,2009-11-25,2009,11,25,21,31.4,26.2,0
689175a03cfdbc8f3403cc24,2009-11-26,2009,11,26,21,31.4,26.2,0
689175a03cfdbc8f3403cc25,2009-11-27,2009,11,27,21,31.8,26.4,0
689175a03cfdbc8f3403cc26,2009-11-28,2009,11,28,23,35.4,29.2,0
689175a03cfdbc8f3403cc27,2009-11-29,2009,11,29,23,31.2,27.1,0
689175a03cfdbc8f3403cc28,2009-11-30,2009,11,30,22,31.6,26.8,0
689175a03cfdbc8f3403cc29,2009-12-01,2009,12,1,22,33,27.5,0
689175a03cfdbc8f3403cc2a,2009-12-02,2009,12,2,23,32.8,27.9,0
689175a03cfdbc8f3403cc2b,2009-12-03,2009,12,3,22,29.2,25.6,0
689175a03cfdbc8f3403cc2c,2009-12-04,2009,12,4,24,32.6,28.3,0
689175a03cfdbc8f3403cc2d,2009-12-05,2009,12,5,23,30.6,26.8,0
689175a03cfdbc8f3403cc2e,2009-12-06,2009,12,6,23,31.4,27.2,0
689175a03cfdbc8f3403cc2f,2009-12-07,2009,12,7,23,31.4,27.2,0
689175a03cfdbc8f3403cc30,2009-12-08,2009,12,8,23,32.6,27.8,0
689175a03cfdbc8f3403cc31,2009-12-09,2009,12,9,23,32.6,27.8,0
689175a03cfdbc8f3403cc32,2009-12-10,2009,12,10,24,33.4,28.7,0
689175a03cfdbc8f3403cc33,2009-12-11,2009,12,11,23,33.6,28.3,0
689175a03cfdbc8f3403cc34,2009-12-12,2009,12,12,23,32.4,27.7,0
689175a03cfdbc8f3403cc35,2009-12-13,2009,12,13,22,32.4,27.2,0
689175a03cfdbc8f3403cc36,2009-12-14,2009,12,14,24,32.8,28.4,0
689175a03cfdbc8f3403cc37,2009-12-15,2009,12,15,23,32.8,27.9,0
689175a03cfdbc8f3403cc38,2009-12-16,2009,12,16,23,33,28,0
689175a03cfdbc8f3403cc39,2009-12-17,2009,12,17,23,33,28,0
689175a03cfdbc8f3403cc3a,2009-12-18,2009,12,18,23,30.6,26.8,0
689175a03cfdbc8f3403cc3b,2009-12-19,2009,12,19,23,33.2,28.1,0
689175a03cfdbc8f3403cc3c,2009-12-20,2009,12,20,23,32.8,27.9,0
689175a03cfdbc8f3403cc3d,2009-12-21,2009,12,21,23,33,28,0
689175a03cfdbc8f3403cc3e,2009-12-22,2009,12,22,24,30.8,27.4,0
689175a03cfdbc8f3403cc3f,2009-12-23,2009,12,23,24,33.2,28.6,0
689175a03cfdbc8f3403cc40,2009-12-24,2009,12,24,24,30,27,0
689175a03cfdbc8f3403cc41,2009-12-25,2009,12,25,23,32.4,27.7,0
689175a03cfdbc8f3403cc42,2009-12-26,2009,12,26,23,32.6,27.8,0
689175a03cfdbc8f3403cc43,2009-12-27,2009,12,27,23,32.6,27.8,0
689175a03cfdbc8f3403cc44,2009-12-28,2009,12,28,23,32,27.5,0
689175a03cfdbc8f3403cc45,2009-12-29,2009,12,29,23,31.2,27.1,0
689175a03cfdbc8f3403cc46,2009-12-30,2009,12,30,23,32.8,27.9,0
689175a03cfdbc8f3403cc47,2009-12-31,2009,12,31,23,32.6,27.8,0
689175a03cfdbc8f3403cc48,2010-01-01,2010,1,1,23,32.4,27.7,0
689175a03cfdbc8f3403cc49,2010-01-02,2010,1,2,23,31.2,27.1,0
689175a03cfdbc8f3403cc4a,2010-01-03,2010,1,3,24,29,26.5,0
689175a03cfdbc8f3403cc4b,2010-01-04,2010,1,4,24,31.2,27.6,0
689175a03cfdbc8f3403cc4c,2010-01-05,2010,1,5,23,32.6,27.8,0
689175a03cfdbc8f3403cc4d,2010-01-06,2010,1,6,24,31.2,27.6,0
689175a03cfdbc8f3403cc4e,2010-01-07,2010,1,7,24,29.6,26.8,0
689175a03cfdbc8f3403cc4f,2010-01-08,2010,1,8,23,32.2,27.6,0
689175a03cfdbc8f3403cc50,2010-01-09,2010,1,9,23,32.2,27.6,0
689175a03cfdbc8f3403cc51,2010-01-10,2010,1,10,22,32.4,27.2,0
689175a03cfdbc8f3403cc52,2010-01-11,2010,1,11,23,32.4,27.7,0
689175a03cfdbc8f3403cc53,2010-01-12,2010,1,12,22,31.8,26.9,0
689175a03cfdbc8f3403cc54,2010-01-13,2010,1,13,22,33.2,27.6,0
689175a03cfdbc8f3403cc55,2010-01-14,2010,1,14,22,33.2,27.6,0
689175a03cfdbc8f3403cc56,2010-01-15,2010,1,15,22,33,27.5,0
689175a03cfdbc8f3403cc57,2010-01-16,2010,1,16,20,33,26.5,0
689175a03cfdbc8f3403cc58,2010-01-17,2010,1,17,20,32,26,0
689175a03cfdbc8f3403cc59,2010-01-18,2010,1,18,20,33.2,26.6,0
689175a03cfdbc8f3403cc5a,2010-01-19,2010,1,19,20,32,26,0
689175a03cfdbc8f3403cc5b,2010-01-20,2010,1,20,20,31.8,25.9,0
689175a03cfdbc8f3403cc5c,2010-01-21,2010,1,21,21,31.6,26.3,0
689175a03cfdbc8f3403cc5d,2010-01-22,2010,1,22,21,32.8,26.9,0
689175a03cfdbc8f3403cc5e,2010-01-23,2010,1,23,21,33.6,27.3,0
689175a03cfdbc8f3403cc5f,2010-01-24,2010,1,24,23,33,28,0
689175a03cfdbc8f3403cc60,2010-01-25,2010,1,25,21,33,27,0
689175a03cfdbc8f3403cc61,2010-01-26,2010,1,26,24,33,28.5,0
689175a03cfdbc8f3403cc62,2010-01-27,2010,1,27,23,32.2,27.6,0
689175a03cfdbc8f3403cc63,2010-01-28,2010,1,28,21,32.4,26.7,0
689175a03cfdbc8f3403cc64,2010-01-29,2010,1,29,21,32,26.5,0
689175a03cfdbc8f3403cc65,2010-01-30,2010,1,30,22,32.6,27.3,0
689175a03cfdbc8f3403cc66,2010-01-31,2010,1,31,22.16693113772455,32.375427286356825,27.271179212040686,0
689175a03cfdbc8f3403cc67,2010-02-01,2010,2,1,22,32.6,27.3,0
689175a03cfdbc8f3403cc68,2010-02-02,2010,2,2,24,33.6,28.8,0
689175a03cfdbc8f3403cc69,2010-02-03,2010,2,3,23,34,28.5,0
689175a03cfdbc8f3403cc6a,2010-02-04,2010,2,4,23,34,28.5,0
689175a03cfdbc8f3403cc6b,2010-02-05,2010,2,5,23,34,28.5,0
689175a03cfdbc8f3403cc6c,2010-02-06,2010,2,6,23,34,28.5,0
689175a03cfdbc8f3403cc6d,2010-02-07,2010,2,7,23,33.4,28.2,0
689175a03cfdbc8f3403cc6e,2010-02-08,2010,2,8,23,34.2,28.6,0
689175a03cfdbc8f3403cc6f,2010-02-09,2010,2,9,24,33.8,28.9,0
689175a03cfdbc8f3403cc70,2010-02-10,2010,2,10,24,33.8,28.9,0
689175a03cfdbc8f3403cc71,2010-02-11,2010,2,11,23,34.2,28.6,0
689175a03cfdbc8f3403cc72,2010-02-12,2010,2,12,24,34.2,29.1,0
689175a03cfdbc8f3403cc73,2010-02-13,2010,2,13,23,31.4,27.2,0
689175a03cfdbc8f3403cc74,2010-02-14,2010,2,14,24,34.4,29.2,0
689175a03cfdbc8f3403cc75,2010-02-15,2010,2,15,24,33.2,28.6,0
689175a03cfdbc8f3403cc76,2010-02-16,2010,2,16,23,34,28.5,0
689175a03cfdbc8f3403cc77,2010-02-17,2010,2,17,21,34,27.5,0
689175a03cfdbc8f3403cc78,2010-02-18,2010,2,18,21,34.2,27.6,0
689175a03cfdbc8f3403cc79,2010-02-19,2010,2,19,21,32.6,26.8,0
689175a03cfdbc8f3403cc7a,2010-02-20,2010,2,20,22,32.6,27.3,0
689175a03cfdbc8f3403cc7b,2010-02-21,2010,2,21,22,35.4,28.7,0
689175a03cfdbc8f3403cc7c,2010-02-22,2010,2,22,21,35.2,28.1,0
689175a03cfdbc8f3403cc7d,2010-02-23,2010,2,23,21,34,27.5,0
689175a03cfdbc8f3403cc7e,2010-02-24,2010,2,24,21,33,27,0
689175a03cfdbc8f3403cc7f,2010-02-25,2010,2,25,23,33,28,0
689175a03cfdbc8f3403cc80,2010-02-26,2010,2,26,23,32.2,27.6,0
689175a03cfdbc8f3403cc81,2010-02-27,2010,2,27,24,32.2,28.1,0
689175a03cfdbc8f3403cc82,2010-02-28,2010,2,28,24,33,28.5,0
689175a03cfdbc8f3403cc83,2010-03-01,2010,3,1,24,32,28,0
689175a03cfdbc8f3403cc84,2010-03-02,2010,3,2,24,32.8,28.4,0
689175a03cfdbc8f3403cc85,2010-03-03,2010,3,3,24,34.2,29.1,0
689175a03cfdbc8f3403cc86,2010-03-04,2010,3,4,23,33,28,0
689175a03cfdbc8f3403cc87,2010-03-05,2010,3,5,23,32.2,27.6,0
689175a03cfdbc8f3403cc88,2010-03-06,2010,3,6,23,33,28,0
689175a03cfdbc8f3403cc89,2010-03-07,2010,3,7,20,33.2,26.6,0
689175a03cfdbc8f3403cc8a,2010-03-08,2010,3,8,20,33.2,26.6,0
689175a03cfdbc8f3403cc8b,2010-03-09,2010,3,9,20,32.2,26.1,0
689175a03cfdbc8f3403cc8c,2010-03-10,2010,3,10,23,30.8,26.9,0
689175a03cfdbc8f3403cc8d,2010-03-11,2010,3,11,23,33.2,28.1,0
689175a03cfdbc8f3403cc8e,2010-03-12,2010,3,12,23,33.2,28.1,0
689175a03cfdbc8f3403cc8f,2010-03-13,2010,3,13,23,33.2,28.1,0
689175a03cfdbc8f3403cc90,2010-03-14,2010,3,14,20,33.4,26.7,0
689175a03cfdbc8f3403cc91,2010-03-15,2010,3,15,20,29.6,24.8,0
689175a03cfdbc8f3403cc92,2010-03-16,2010,3,16,20,32.4,26.2,0
689175a03cfdbc8f3403cc93,2010-03-17,2010,3,17,23,33,28,0
689175a03cfdbc8f3403cc94,2010-03-18,2010,3,18,22,33,27.5,0
689175a03cfdbc8f3403cc95,2010-03-19,2010,3,19,23,34,28.5,0
689175a03cfdbc8f3403cc96,2010-03-20,2010,3,20,22,34,28,0
689175a03cfdbc8f3403cc97,2010-03-21,2010,3,21,22,33.4,27.7,0
689175a03cfdbc8f3403cc98,2010-03-22,2010,3,22,24,33.2,28.6,0
689175a03cfdbc8f3403cc99,2010-03-23,2010,3,23,24,33.2,28.6,0
689175a03cfdbc8f3403cc9a,2010-03-24,2010,3,24,24,34.2,29.1,0
689175a03cfdbc8f3403cc9b,2010-03-25,2010,3,25,24,32.8,28.4,0
689175a03cfdbc8f3403cc9c,2010-03-26,2010,3,26,24,33.8,28.9,0
689175a03cfdbc8f3403cc9d,2010-03-27,2010,3,27,23,33,28,0
689175a03cfdbc8f3403cc9e,2010-03-28,2010,3,28,22,35.4,28.7,0
689175a03cfdbc8f3403cc9f,2010-03-29,2010,3,29,23,33.4,28.2,0
689175a03cfdbc8f3403cca0,2010-03-30,2010,3,30,23,33.2,28.1,0
689175a03cfdbc8f3403cca1,2010-03-31,2010,3,31,23,33,28,0
689175a03cfdbc8f3403cca2,2010-04-01,2010,4,1,24,32.8,28.4,0
689175a03cfdbc8f3403cca3,2010-04-02,2010,4,2,23,31.4,27.2,0
689175a03cfdbc8f3403cca4,2010-04-03,2010,4,3,23,32.2,27.6,0
689175a03cfdbc8f3403cca5,2010-04-04,2010,4,4,24,34,29,0
689175a03cfdbc8f3403cca6,2010-04-05,2010,4,5,20,34.2,27.1,0
689175a03cfdbc8f3403cca7,2010-04-06,2010,4,6,21,33.6,27.3,0
689175a03cfdbc8f3403cca8,2010-04-07,2010,4,7,24,34.8,29.4,0
689175a03cfdbc8f3403cca9,2010-04-08,2010,4,8,24,31.4,27.7,0
689175a03cfdbc8f3403ccaa,2010-04-09,2010,4,9,23,31.2,27.1,0
689175a03cfdbc8f3403ccab,2010-04-10,2010,4,10,23,34.2,28.6,0
689175a03cfdbc8f3403ccac,2010-04-11,2010,4,11,23,33.6,28.3,0
689175a03cfdbc8f3403ccad,2010-04-12,2010,4,12,22,33.8,27.9,0
689175a03cfdbc8f3403ccae,2010-04-13,2010,4,13,22,33.8,27.9,0
689175a03cfdbc8f3403ccaf,2010-04-14,2010,4,14,22,34.4,28.2,0
689175a03cfdbc8f3403ccb0,2010-04-15,2010,4,15,24,33.4,28.7,0
689175a03cfdbc8f3403ccb1,2010-04-16,2010,4,16,24,34.2,29.1,0
689175a03cfdbc8f3403ccb2,2010-04-17,2010,4,17,23,34.2,28.6,0
689175a03cfdbc8f3403ccb3,2010-04-18,2010,4,18,23,34,28.5,0
689175a03cfdbc8f3403ccb4,2010-04-19,2010,4,19,23,34.2,28.6,0
689175a03cfdbc8f3403ccb5,2010-04-20,2010,4,20,23,34.6,28.8,0
689175a03cfdbc8f3403ccb6,2010-04-21,2010,4,21,23,34.2,28.6,0
689175a03cfdbc8f3403ccb7,2010-04-22,2010,4,22,23,33.6,28.3,0
689175a03cfdbc8f3403ccb8,2010-04-23,2010,4,23,24,33.6,28.8,0
689175a03cfdbc8f3403ccb9,2010-04-24,2010,4,24,23,33.6,28.3,0
689175a03cfdbc8f3403ccba,2010-04-25,2010,4,25,23,35.2,29.1,0
689175a03cfdbc8f3403ccbb,2010-04-26,2010,4,26,23,35,29,0
689175a03cfdbc8f3403ccbc,2010-04-27,2010,4,27,24,32,28,0
689175a03cfdbc8f3403ccbd,2010-04-28,2010,4,28,24,33,28.5,0
689175a03cfdbc8f3403ccbe,2010-04-29,2010,4,29,24,33,28.5,0
689175a03cfdbc8f3403ccbf,2010-04-30,2010,4,30,21,32.2,26.6,0
689175a03cfdbc8f3403ccc0,2010-05-01,2010,5,1,24,33.2,28.6,0
689175a03cfdbc8f3403ccc1,2010-05-02,2010,5,2,23,34.4,28.7,0
689175a03cfdbc8f3403ccc2,2010-05-03,2010,5,3,26,33.4,29.7,0
689175a03cfdbc8f3403ccc3,2010-05-04,2010,5,4,24,33.2,28.6,0
689175a03cfdbc8f3403ccc4,2010-05-05,2010,5,5,24,33.4,28.7,0
689175a03cfdbc8f3403ccc5,2010-05-06,2010,5,6,25,35,30,0
689175a03cfdbc8f3403ccc6,2010-05-07,2010,5,7,24,35,29.5,0
689175a03cfdbc8f3403ccc7,2010-05-08,2010,5,8,21,34.8,27.9,0
689175a03cfdbc8f3403ccc8,2010-05-09,2010,5,9,24,33.8,28.9,0
689175a03cfdbc8f3403ccc9,2010-05-10,2010,5,10,24,33,28.5,0
689175a03cfdbc8f3403ccca,2010-05-11,2010,5,11,24,34,29,0
689175a03cfdbc8f3403cccb,2010-05-12,2010,5,12,24,34,29,0
689175a03cfdbc8f3403cccc,2010-05-13,2010,5,13,24,34,29,0
689175a03cfdbc8f3403cccd,2010-05-14,2010,5,14,24,33.8,28.9,0
689175a03cfdbc8f3403ccce,2010-05-15,2010,5,15,24,33.2,28.6,0
689175a03cfdbc8f3403cccf,2010-05-16,2010,5,16,24,33.6,28.8,0
689175a03cfdbc8f3403ccd0,2010-05-17,2010,5,17,25,33.6,29.3,0
689175a03cfdbc8f3403ccd1,2010-05-18,2010,5,18,24,33.6,28.8,0
689175a03cfdbc8f3403ccd2,2010-05-19,2010,5,19,24,34,29,0
689175a03cfdbc8f3403ccd3,2010-05-20,2010,5,20,25,35.4,30.2,0
689175a03cfdbc8f3403ccd4,2010-05-21,2010,5,21,22,33.4,27.7,0
689175a03cfdbc8f3403ccd5,2010-05-22,2010,5,22,23,31.2,27.1,0
689175a03cfdbc8f3403ccd6,2010-05-23,2010,5,23,24,35.2,29.6,0
689175a03cfdbc8f3403ccd7,2010-05-24,2010,5,24,24,34.2,29.1,0
689175a03cfdbc8f3403ccd8,2010-05-25,2010,5,25,24,35.3,29.65,0
689175a03cfdbc8f3403ccd9,2010-05-26,2010,5,26,22,35.4,28.7,0
689175a03cfdbc8f3403ccda,2010-05-27,2010,5,27,22,36.2,29.1,0
689175a03cfdbc8f3403ccdb,2010-05-28,2010,5,28,23,34.8,28.9,0
689175a03cfdbc8f3403ccdc,2010-05-29,2010,5,29,22,34.4,28.2,0
689175a03cfdbc8f3403ccdd,2010-05-30,2010,5,30,22,35,28.5,0
689175a03cfdbc8f3403ccde,2010-05-31,2010,5,31,23,34.8,28.9,0
689175a03cfdbc8f3403ccdf,2010-06-01,2010,6,1,22,33,27.5,0
689175a03cfdbc8f3403cce0,2010-06-02,2010,6,2,24,34.2,29.1,0
689175a03cfdbc8f3403cce1,2010-06-03,2010,6,3,24,34,29,0
689175a03cfdbc8f3403cce2,2010-06-04,2010,6,4,24,34.2,29.1,0
689175a03cfdbc8f3403cce3,2010-06-05,2010,6,5,24,33.6,28.8,0
689175a03cfdbc8f3403cce4,2010-06-06,2010,6,6,23,29.8,26.4,0
689175a03cfdbc8f3403cce5,2010-06-07,2010,6,7,24,31,27.5,0
689175a03cfdbc8f3403cce6,2010-06-08,2010,6,8,25,30,27.5,0
689175a03cfdbc8f3403cce7,2010-06-09,2010,6,9,25,32.4,28.7,0
689175a03cfdbc8f3403cce8,2010-06-10,2010,6,10,25,33.4,29.2,0
689175a03cfdbc8f3403cce9,2010-06-11,2010,6,11,23,33.4,28.2,0
689175a03cfdbc8f3403ccea,2010-06-12,2010,6,12,23,34,28.5,0
689175a03cfdbc8f3403cceb,2010-06-13,2010,6,13,23,34.6,28.8,0
689175a03cfdbc8f3403ccec,2010-06-14,2010,6,14,25,32.2,28.6,0
689175a03cfdbc8f3403cced,2010-06-15,2010,6,15,24,32.6,28.3,0
689175a03cfdbc8f3403ccee,2010-06-16,2010,6,16,23,32.6,27.8,0
689175a03cfdbc8f3403ccef,2010-06-17,2010,6,17,24,30.8,27.4,0
689175a03cfdbc8f3403ccf0,2010-06-18,2010,6,18,23,33.4,28.2,0
689175a03cfdbc8f3403ccf1,2010-06-19,2010,6,19,22,33.4,27.7,0
689175a03cfdbc8f3403ccf2,2010-06-20,2010,6,20,22,33.2,27.6,0
689175a03cfdbc8f3403ccf3,2010-06-21,2010,6,21,23,33.2,28.1,0
689175a03cfdbc8f3403ccf4,2010-06-22,2010,6,22,23,33,28,0
689175a03cfdbc8f3403ccf5,2010-06-23,2010,6,23,23,33.2,28.1,0
689175a03cfdbc8f3403ccf6,2010-06-24,2010,6,24,23,34.2,28.6,0
689175a03cfdbc8f3403ccf7,2010-06-25,2010,6,25,23,32.8,27.9,0
689175a03cfdbc8f3403ccf8,2010-06-26,2010,6,26,24,34,29,0
689175a03cfdbc8f3403ccf9,2010-06-27,2010,6,27,24,34.2,29.1,0
689175a03cfdbc8f3403ccfa,2010-06-28,2010,6,28,24,34.2,29.1,0
689175a03cfdbc8f3403ccfb,2010-06-29,2010,6,29,23,32.8,27.9,0
689175a03cfdbc8f3403ccfc,2010-06-30,2010,6,30,23,31.6,27.3,0
689175a03cfdbc8f3403ccfd,2010-07-01,2010,7,1,23,31.4,27.2,0
689175a03cfdbc8f3403ccfe,2010-07-02,2010,7,2,24,33.2,28.6,0
689175a03cfdbc8f3403ccff,2010-07-03,2010,7,3,23,33.6,28.3,0
689175a03cfdbc8f3403cd00,2010-07-04,2010,7,4,23,33.8,28.4,0
689175a03cfdbc8f3403cd01,2010-07-05,2010,7,5,24,33.6,28.8,0
689175a03cfdbc8f3403cd02,2010-07-06,2010,7,6,25,34.4,29.7,0
689175a03cfdbc8f3403cd03,2010-07-07,2010,7,7,24,31.4,27.7,0
689175a03cfdbc8f3403cd04,2010-07-08,2010,7,8,23,33.6,28.3,0
689175a03cfdbc8f3403cd05,2010-07-09,2010,7,9,23,33.6,28.3,0
689175a03cfdbc8f3403cd06,2010-07-10,2010,7,10,23,33.6,28.3,0
689175a03cfdbc8f3403cd07,2010-07-11,2010,7,11,23,30.4,26.7,0
689175a03cfdbc8f3403cd08,2010-07-12,2010,7,12,23,31.8,27.4,0
689175a03cfdbc8f3403cd09,2010-07-13,2010,7,13,23,32.8,27.9,0
689175a03cfdbc8f3403cd0a,2010-07-14,2010,7,14,24,31.4,27.7,0
689175a03cfdbc8f3403cd0b,2010-07-15,2010,7,15,23,31.2,27.1,0
689175a03cfdbc8f3403cd0c,2010-07-16,2010,7,16,23,31.8,27.4,0
689175a03cfdbc8f3403cd0d,2010-07-17,2010,7,17,23,32.2,27.6,0
689175a03cfdbc8f3403cd0e,2010-07-18,2010,7,18,23,32.8,27.9,0
689175a03cfdbc8f3403cd0f,2010-07-19,2010,7,19,22,33,27.5,0
689175a03cfdbc8f3403cd10,2010-07-20,2010,7,20,23,34.8,28.9,0
689175a03cfdbc8f3403cd11,2010-07-21,2010,7,21,23,33.6,28.3,0
689175a03cfdbc8f3403cd12,2010-07-22,2010,7,22,23,29.8,26.4,0
689175a03cfdbc8f3403cd13,2010-07-23,2010,7,23,24,30.4,27.2,0
689175a03cfdbc8f3403cd14,2010-07-24,2010,7,24,24,28.2,26.1,0
689175a03cfdbc8f3403cd15,2010-07-25,2010,7,25,24,26.2,25.1,0
689175a03cfdbc8f3403cd16,2010-07-26,2010,7,26,24,32.2,28.1,0
689175a03cfdbc8f3403cd17,2010-07-27,2010,7,27,22.99729857819905,31.93163751987281,27.46446804903593,0
689175a03cfdbc8f3403cd18,2010-07-28,2010,7,28,22,30.2,26.1,0
689175a03cfdbc8f3403cd19,2010-07-29,2010,7,29,22,33.6,27.8,0
689175a03cfdbc8f3403cd1a,2010-07-30,2010,7,30,23,33.6,28.3,0
689175a03cfdbc8f3403cd1b,2010-07-31,2010,7,31,23,31.4,27.2,0
689175a03cfdbc8f3403cd1c,2010-08-01,2010,8,1,23,34.4,28.7,0
689175a03cfdbc8f3403cd1d,2010-08-02,2010,8,2,23,34.2,28.6,0
689175a03cfdbc8f3403cd1e,2010-08-03,2010,8,3,23,33.4,28.2,0
689175a03cfdbc8f3403cd1f,2010-08-04,2010,8,4,23,33.4,28.2,0
689175a03cfdbc8f3403cd20,2010-08-05,2010,8,5,23,34,28.5,0
689175a03cfdbc8f3403cd21,2010-08-06,2010,8,6,23,33,28,0
689175a03cfdbc8f3403cd22,2010-08-07,2010,8,7,22,33.6,27.8,0
689175a03cfdbc8f3403cd23,2010-08-08,2010,8,8,23,35.2,29.1,0
689175a03cfdbc8f3403cd24,2010-08-09,2010,8,9,24,35,29.5,0
689175a03cfdbc8f3403cd25,2010-08-10,2010,8,10,23,33,28,0
689175a03cfdbc8f3403cd26,2010-08-11,2010,8,11,24,32.6,28.3,0
689175a03cfdbc8f3403cd27,2010-08-12,2010,8,12,24,31,27.5,0
689175a03cfdbc8f3403cd28,2010-08-13,2010,8,13,24,31.4,27.7,0
689175a03cfdbc8f3403cd29,2010-08-14,2010,8,14,24,32.6,28.3,0
689175a03cfdbc8f3403cd2a,2010-08-15,2010,8,15,23,32.4,27.7,0
689175a03cfdbc8f3403cd2b,2010-08-16,2010,8,16,23,34,28.5,0
689175a03cfdbc8f3403cd2c,2010-08-17,2010,8,17,23,33.4,28.2,0
689175a03cfdbc8f3403cd2d,2010-08-18,2010,8,18,24,33.6,28.8,0
689175a03cfdbc8f3403cd2e,2010-08-19,2010,8,19,23,32,27.5,0
689175a03cfdbc8f3403cd2f,2010-08-20,2010,8,20,23,31.2,27.1,0
689175a03cfdbc8f3403cd30,2010-08-21,2010,8,21,23,31,27,0
689175a03cfdbc8f3403cd31,2010-08-22,2010,8,22,23,34.4,28.7,0
689175a03cfdbc8f3403cd32,2010-08-23,2010,8,23,23,34.4,28.7,0
689175a03cfdbc8f3403cd33,2010-08-24,2010,8,24,23,33.6,28.3,0
689175a03cfdbc8f3403cd34,2010-08-25,2010,8,25,24,33.6,28.8,0
689175a03cfdbc8f3403cd35,2010-08-26,2010,8,26,23,36,29.5,0
689175a03cfdbc8f3403cd36,2010-08-27,2010,8,27,23,36,29.5,0
689175a03cfdbc8f3403cd37,2010-08-28,2010,8,28,22,36,29,0
689175a03cfdbc8f3403cd38,2010-08-29,2010,8,29,22,35.8,28.9,0
689175a03cfdbc8f3403cd39,2010-08-30,2010,8,30,22,33.4,27.7,0
689175a03cfdbc8f3403cd3a,2010-08-31,2010,8,31,23,32,27.5,0
689175a03cfdbc8f3403cd3b,2010-09-01,2010,9,1,23,35.8,29.4,0
689175a03cfdbc8f3403cd3c,2010-09-02,2010,9,2,23,35.2,29.1,0
689175a03cfdbc8f3403cd3d,2010-09-03,2010,9,3,23,33.2,28.1,0
689175a03cfdbc8f3403cd3e,2010-09-04,2010,9,4,23,33,28,0
689175a03cfdbc8f3403cd3f,2010-09-05,2010,9,5,23,35,29,0
689175a03cfdbc8f3403cd40,2010-09-06,2010,9,6,23,33.6,28.3,0
689175a03cfdbc8f3403cd41,2010-09-07,2010,9,7,23,33.4,28.2,0
689175a03cfdbc8f3403cd42,2010-09-08,2010,9,8,23,35.2,29.1,0
689175a03cfdbc8f3403cd43,2010-09-09,2010,9,9,23,35.2,29.1,0
689175a03cfdbc8f3403cd44,2010-09-10,2010,9,10,22,35.2,28.6,0
689175a03cfdbc8f3403cd45,2010-09-11,2010,9,11,22,34.8,28.4,0
689175a03cfdbc8f3403cd46,2010-09-12,2010,9,12,22,35,28.5,0
689175a03cfdbc8f3403cd47,2010-09-13,2010,9,13,22,33.4,27.7,0
689175a03cfdbc8f3403cd48,2010-09-14,2010,9,14,23,33.4,28.2,0
689175a03cfdbc8f3403cd49,2010-09-15,2010,9,15,23,33.8,28.4,0
689175a03cfdbc8f3403cd4a,2010-09-16,2010,9,16,23,34,28.5,0
689175a03cfdbc8f3403cd4b,2010-09-17,2010,9,17,24,34.4,29.2,0
689175a03cfdbc8f3403cd4c,2010-09-18,2010,9,18,22,34.6,28.3,0
689175a03cfdbc8f3403cd4d,2010-09-19,2010,9,19,23,33.4,28.2,0
689175a03cfdbc8f3403cd4e,2010-09-20,2010,9,20,24,32.6,28.3,0
689175a03cfdbc8f3403cd4f,2010-09-21,2010,9,21,22,32.6,27.3,0
689175a03cfdbc8f3403cd50,2010-09-22,2010,9,22,23,31.6,27.3,0
689175a03cfdbc8f3403cd51,2010-09-23,2010,9,23,23,32.2,27.6,0
689175a03cfdbc8f3403cd52,2010-09-24,2010,9,24,23,33,28,0
689175a03cfdbc8f3403cd53,2010-09-25,2010,9,25,23,33.2,28.1,0
689175a03cfdbc8f3403cd54,2010-09-26,2010,9,26,24,33,28.5,0
689175a03cfdbc8f3403cd55,2010-09-27,2010,9,27,23,33.2,28.1,0
689175a03cfdbc8f3403cd56,2010-09-28,2010,9,28,23,30,26.5,0
689175a03cfdbc8f3403cd57,2010-09-29,2010,9,29,23,30.8,26.9,0
689175a03cfdbc8f3403cd58,2010-09-30,2010,9,30,24,32.4,28.2,0
689175a03cfdbc8f3403cd59,2010-10-01,2010,10,1,23,32.4,27.7,0
689175a03cfdbc8f3403cd5a,2010-10-02,2010,10,2,23,33.6,28.3,0
689175a03cfdbc8f3403cd5b,2010-10-03,2010,10,3,23,32,27.5,0
689175a03cfdbc8f3403cd5c,2010-10-04,2010,10,4,24,32.4,28.2,0
689175a03cfdbc8f3403cd5d,2010-10-05,2010,10,5,24,29.2,26.6,0
689175a03cfdbc8f3403cd5e,2010-10-06,2010,10,6,24,33.4,28.7,0
689175a03cfdbc8f3403cd5f,2010-10-07,2010,10,7,23,35,29,0
689175a03cfdbc8f3403cd60,2010-10-08,2010,10,8,23,34.8,28.9,0
689175a03cfdbc8f3403cd61,2010-10-09,2010,10,9,22,35,28.5,0
689175a03cfdbc8f3403cd62,2010-10-10,2010,10,10,27,33.6,30.3,0
689175a03cfdbc8f3403cd63,2010-10-11,2010,10,11,26,34.2,30.1,0
689175a03cfdbc8f3403cd64,2010-10-12,2010,10,12,23,33.4,28.2,0
689175a03cfdbc8f3403cd65,2010-10-13,2010,10,13,23,32,27.5,0
689175a03cfdbc8f3403cd66,2010-10-14,2010,10,14,23,33.2,28.1,0
689175a03cfdbc8f3403cd67,2010-10-15,2010,10,15,23,33.4,28.2,0
689175a03cfdbc8f3403cd68,2010-10-16,2010,10,16,24,33.6,28.8,0
689175a03cfdbc8f3403cd69,2010-10-17,2010,10,17,22,33.4,27.7,0
689175a03cfdbc8f3403cd6a,2010-10-18,2010,10,18,20,33,26.5,0
689175a03cfdbc8f3403cd6b,2010-10-19,2010,10,19,21,35,28,0
689175a03cfdbc8f3403cd6c,2010-10-20,2010,10,20,21,35.2,28.1,0
689175a03cfdbc8f3403cd6d,2010-10-21,2010,10,21,21,34.4,27.7,0
689175a03cfdbc8f3403cd6e,2010-10-22,2010,10,22,22,34.2,28.1,0
689175a03cfdbc8f3403cd6f,2010-10-23,2010,10,23,21,33.4,27.2,0
689175a03cfdbc8f3403cd70,2010-10-24,2010,10,24,20,34.2,27.1,0
689175a03cfdbc8f3403cd71,2010-10-25,2010,10,25,22,33,27.5,0
689175a03cfdbc8f3403cd72,2010-10-26,2010,10,26,21,34.4,27.7,0
689175a03cfdbc8f3403cd73,2010-10-27,2010,10,27,22,32,27,0
689175a03cfdbc8f3403cd74,2010-10-28,2010,10,28,22,33.4,27.7,0
689175a03cfdbc8f3403cd75,2010-10-29,2010,10,29,23,30.2,26.6,0
689175a03cfdbc8f3403cd76,2010-10-30,2010,10,30,23,31.2,27.1,0
689175a03cfdbc8f3403cd77,2010-10-31,2010,10,31,23,31,27,0
689175a03cfdbc8f3403cd78,2010-11-01,2010,11,1,23,31,27,0
689175a03cfdbc8f3403cd79,2010-11-02,2010,11,2,23,26.4,24.7,0
689175a03cfdbc8f3403cd7a,2010-11-03,2010,11,3,23,30.6,26.8,0
689175a03cfdbc8f3403cd7b,2010-11-04,2010,11,4,24,31,27.5,0
689175a03cfdbc8f3403cd7c,2010-11-05,2010,11,5,24,30.6,27.3,0
689175a03cfdbc8f3403cd7d,2010-11-06,2010,11,6,22,33.6,27.8,0
689175a03cfdbc8f3403cd7e,2010-11-07,2010,11,7,22,31.4,26.7,0
689175a03cfdbc8f3403cd7f,2010-11-08,2010,11,8,23,31.2,27.1,0
689175a03cfdbc8f3403cd80,2010-11-09,2010,11,9,24,29.2,26.6,0
689175a03cfdbc8f3403cd81,2010-11-10,2010,11,10,23,31.8,27.4,0
689175a03cfdbc8f3403cd82,2010-11-11,2010,11,11,23,31.6,27.3,0
689175a03cfdbc8f3403cd83,2010-11-12,2010,11,12,23,29.2,26.1,0
689175a03cfdbc8f3403cd84,2010-11-13,2010,11,13,23,32.4,27.7,0
689175a03cfdbc8f3403cd85,2010-11-14,2010,11,14,23,30.2,26.6,0
689175a03cfdbc8f3403cd86,2010-11-15,2010,11,15,23,30.6,26.8,0
689175a03cfdbc8f3403cd87,2010-11-16,2010,11,16,23,30.6,26.8,0
689175a03cfdbc8f3403cd88,2010-11-17,2010,11,17,23,31.4,27.2,0
689175a03cfdbc8f3403cd89,2010-11-18,2010,11,18,23,32.8,27.9,0
689175a03cfdbc8f3403cd8a,2010-11-19,2010,11,19,23,31.2,27.1,0
689175a03cfdbc8f3403cd8b,2010-11-20,2010,11,20,23,31,27,0
689175a03cfdbc8f3403cd8c,2010-11-21,2010,11,21,23,31.2,27.1,0
689175a03cfdbc8f3403cd8d,2010-11-22,2010,11,22,23,30.4,26.7,0
689175a03cfdbc8f3403cd8e,2010-11-23,2010,11,23,23,31.2,27.1,0
689175a03cfdbc8f3403cd8f,2010-11-24,2010,11,24,23,31.2,27.1,0
689175a03cfdbc8f3403cd90,2010-11-25,2010,11,25,23,30,26.5,0
689175a03cfdbc8f3403cd91,2010-11-26,2010,11,26,23,31.4,27.2,0
689175a03cfdbc8f3403cd92,2010-11-27,2010,11,27,23,31,27,0
689175a03cfdbc8f3403cd93,2010-11-28,2010,11,28,23,30.4,26.7,0
689175a03cfdbc8f3403cd94,2010-11-29,2010,11,29,24,29.8,26.9,0
689175a03cfdbc8f3403cd95,2010-11-30,2010,11,30,24,31.4,27.7,0
689175a03cfdbc8f3403cd96,2010-12-01,2010,12,1,24,31.6,27.8,0
689175a03cfdbc8f3403cd97,2010-12-02,2010,12,2,24,30.2,27.1,0
689175a03cfdbc8f3403cd98,2010-12-03,2010,12,3,24,31.8,27.9,0
689175a03cfdbc8f3403cd99,2010-12-04,2010,12,4,24,30,27,0
689175a03cfdbc8f3403cd9a,2010-12-05,2010,12,5,24,32,28,0
689175a03cfdbc8f3403cd9b,2010-12-06,2010,12,6,24,29,26.5,0
689175a03cfdbc8f3403cd9c,2010-12-07,2010,12,7,23,31.2,27.1,0
689175a03cfdbc8f3403cd9d,2010-12-08,2010,12,8,24,31,27.5,0
689175a03cfdbc8f3403cd9e,2010-12-09,2010,12,9,25,28.6,26.8,0
689175a03cfdbc8f3403cd9f,2010-12-10,2010,12,10,23,32,27.5,0
689175a03cfdbc8f3403cda0,2010-12-11,2010,12,11,21,29.2,25.1,0
689175a03cfdbc8f3403cda1,2010-12-12,2010,12,12,21,29.4,25.2,0
689175a03cfdbc8f3403cda2,2010-12-13,2010,12,13,23,31,27,0
689175a03cfdbc8f3403cda3,2010-12-14,2010,12,14,24,31.2,27.6,0
689175a03cfdbc8f3403cda4,2010-12-15,2010,12,15,23,32.2,27.6,0
689175a03cfdbc8f3403cda5,2010-12-16,2010,12,16,22,30.8,26.4,0
689175a03cfdbc8f3403cda6,2010-12-17,2010,12,17,23,31.2,27.1,0
689175a03cfdbc8f3403cda7,2010-12-18,2010,12,18,22,32.2,27.1,0
689175a03cfdbc8f3403cda8,2010-12-19,2010,12,19,23,32,27.5,0
689175a03cfdbc8f3403cda9,2010-12-20,2010,12,20,22,28.8,25.4,0
689175a03cfdbc8f3403cdaa,2010-12-21,2010,12,21,22,30.8,26.4,0
689175a03cfdbc8f3403cdab,2010-12-22,2010,12,22,23,30.4,26.7,0
689175a03cfdbc8f3403cdac,2010-12-23,2010,12,23,23,31.2,27.1,0
689175a03cfdbc8f3403cdad,2010-12-24,2010,12,24,23,31.8,27.4,0
689175a03cfdbc8f3403cdae,2010-12-25,2010,12,25,22,31,26.5,0
689175a03cfdbc8f3403cdaf,2010-12-26,2010,12,26,22,31.8,26.9,0
689175a03cfdbc8f3403cdb0,2010-12-27,2010,12,27,22,31.2,26.6,0
689175a03cfdbc8f3403cdb1,2010-12-28,2010,12,28,22,31.6,26.8,0
689175a03cfdbc8f3403cdb2,2010-12-29,2010,12,29,24,29.2,26.6,0
689175a03cfdbc8f3403cdb3,2010-12-30,2010,12,30,23,29.6,26.3,0
689175a03cfdbc8f3403cdb4,2010-12-31,2010,12,31,22,31,26.5,0
689175a03cfdbc8f3403cdb5,2011-01-01,2011,1,1,22,32.2,27.1,0
689175a03cfdbc8f3403cdb6,2011-01-02,2011,1,2,22,32.2,27.1,0
689175a03cfdbc8f3403cdb7,2011-01-03,2011,1,3,24,31.6,27.8,0
689175a03cfdbc8f3403cdb8,2011-01-04,2011,1,4,24,30.6,27.3,0
689175a03cfdbc8f3403cdb9,2011-01-05,2011,1,5,23,32,27.5,0
689175a03cfdbc8f3403cdba,2011-01-06,2011,1,6,23,32,27.5,0
689175a03cfdbc8f3403cdbb,2011-01-07,2011,1,7,23,32.4,27.7,0
689175a03cfdbc8f3403cdbc,2011-01-08,2011,1,8,23,28,25.5,0
689175a03cfdbc8f3403cdbd,2011-01-09,2011,1,9,21,30.8,25.9,0
689175a03cfdbc8f3403cdbe,2011-01-10,2011,1,10,21,29.8,25.4,0
689175a03cfdbc8f3403cdbf,2011-01-11,2011,1,11,22,31,26.5,0
689175a03cfdbc8f3403cdc0,2011-01-12,2011,1,12,22,31,26.5,0
689175a03cfdbc8f3403cdc1,2011-01-13,2011,1,13,22,31,26.5,0
689175a03cfdbc8f3403cdc2,2011-01-14,2011,1,14,22,32.8,27.4,0
689175a03cfdbc8f3403cdc3,2011-01-15,2011,1,15,22,32.2,27.1,0
689175a03cfdbc8f3403cdc4,2011-01-16,2011,1,16,22,31.8,26.9,0
689175a03cfdbc8f3403cdc5,2011-01-17,2011,1,17,24,31.6,27.8,0
689175a03cfdbc8f3403cdc6,2011-01-18,2011,1,18,23,32,27.5,0
689175a03cfdbc8f3403cdc7,2011-01-19,2011,1,19,20,31.8,25.9,0
689175a03cfdbc8f3403cdc8,2011-01-20,2011,1,20,21,31.8,26.4,0
689175a03cfdbc8f3403cdc9,2011-01-21,2011,1,21,21,31.8,26.4,0
689175a03cfdbc8f3403cdca,2011-01-22,2011,1,22,23,31.8,27.4,0
689175a03cfdbc8f3403cdcb,2011-01-23,2011,1,23,23,33,28,0
689175a03cfdbc8f3403cdcc,2011-01-24,2011,1,24,22,32,27,0
689175a03cfdbc8f3403cdcd,2011-01-25,2011,1,25,21,31.6,26.3,0
689175a03cfdbc8f3403cdce,2011-01-26,2011,1,26,23,31.6,27.3,0
689175a03cfdbc8f3403cdcf,2011-01-27,2011,1,27,24,29.6,26.8,0
689175a03cfdbc8f3403cdd0,2011-01-28,2011,1,28,23,30,26.5,0
689175a03cfdbc8f3403cdd1,2011-01-29,2011,1,29,23,27.4,25.2,0
689175a03cfdbc8f3403cdd2,2011-01-30,2011,1,30,23,31.2,27.1,0
689175a03cfdbc8f3403cdd3,2011-01-31,2011,1,31,23,32,27.5,0
689175a03cfdbc8f3403cdd4,2011-02-01,2011,2,1,24,31,27.5,0
689175a03cfdbc8f3403cdd5,2011-02-02,2011,2,2,23,29.6,26.3,0
689175a03cfdbc8f3403cdd6,2011-02-03,2011,2,3,23,32,27.5,0
689175a03cfdbc8f3403cdd7,2011-02-04,2011,2,4,24,31.4,27.7,0
689175a03cfdbc8f3403cdd8,2011-02-05,2011,2,5,23,31.8,27.4,0
689175a03cfdbc8f3403cdd9,2011-02-06,2011,2,6,22,33,27.5,0
689175a03cfdbc8f3403cdda,2011-02-07,2011,2,7,23,32,27.5,0
689175a03cfdbc8f3403cddb,2011-02-08,2011,2,8,22,32,27,0
689175a03cfdbc8f3403cddc,2011-02-09,2011,2,9,23,32.4,27.7,0
689175a03cfdbc8f3403cddd,2011-02-10,2011,2,10,23,32,27.5,0
689175a03cfdbc8f3403cdde,2011-02-11,2011,2,11,22,32,27,0
689175a03cfdbc8f3403cddf,2011-02-12,2011,2,12,22,31.4,26.7,0
689175a03cfdbc8f3403cde0,2011-02-13,2011,2,13,22,32,27,0
689175a03cfdbc8f3403cde1,2011-02-14,2011,2,14,23,30.4,26.7,0
689175a03cfdbc8f3403cde2,2011-02-15,2011,2,15,24,31.6,27.8,0
689175a03cfdbc8f3403cde3,2011-02-16,2011,2,16,22,31,26.5,0
689175a03cfdbc8f3403cde4,2011-02-17,2011,2,17,21,32,26.5,0
689175a03cfdbc8f3403cde5,2011-02-18,2011,2,18,21,31.4,26.2,0
689175a03cfdbc8f3403cde6,2011-02-19,2011,2,19,22,32.8,27.4,0
689175a03cfdbc8f3403cde7,2011-02-20,2011,2,20,23,33.2,28.1,0
689175a03cfdbc8f3403cde8,2011-02-21,2011,2,21,22,32.4,27.2,0
689175a03cfdbc8f3403cde9,2011-02-22,2011,2,22,22,32,27,0
689175a03cfdbc8f3403cdea,2011-02-23,2011,2,23,22,32,27,0
689175a03cfdbc8f3403cdeb,2011-02-24,2011,2,24,22,31.2,26.6,0
689175a03cfdbc8f3403cdec,2011-02-25,2011,2,25,23,31.2,27.1,0
689175a03cfdbc8f3403cded,2011-02-26,2011,2,26,23,31.6,27.3,0
689175a03cfdbc8f3403cdee,2011-02-27,2011,2,27,23,31.8,27.4,0
689175a03cfdbc8f3403cdef,2011-02-28,2011,2,28,23,32,27.5,0
689175a03cfdbc8f3403cdf0,2011-03-01,2011,3,1,22,33,27.5,0
689175a03cfdbc8f3403cdf1,2011-03-02,2011,3,2,22,32.6,27.3,0
689175a03cfdbc8f3403cdf2,2011-03-03,2011,3,3,22,33,27.5,0
689175a03cfdbc8f3403cdf3,2011-03-04,2011,3,4,23,32.6,27.8,0
689175a03cfdbc8f3403cdf4,2011-03-05,2011,3,5,22,33,27.5,0
689175a03cfdbc8f3403cdf5,2011-03-06,2011,3,6,22,33,27.5,0
689175a03cfdbc8f3403cdf6,2011-03-07,2011,3,7,22,32.8,27.4,0
689175a03cfdbc8f3403cdf7,2011-03-08,2011,3,8,22,27.8,24.9,0
689175a03cfdbc8f3403cdf8,2011-03-09,2011,3,9,22,31.4,26.7,0
689175a03cfdbc8f3403cdf9,2011-03-10,2011,3,10,23,32.2,27.6,0
689175a03cfdbc8f3403cdfa,2011-03-11,2011,3,11,22,31.6,26.8,0
689175a03cfdbc8f3403cdfb,2011-03-12,2011,3,12,22,32.6,27.3,0
689175a03cfdbc8f3403cdfc,2011-03-13,2011,3,13,22,33,27.5,0
689175a03cfdbc8f3403cdfd,2011-03-14,2011,3,14,22,32.6,27.3,0
689175a03cfdbc8f3403cdfe,2011-03-15,2011,3,15,23,31.8,27.4,0
689175a03cfdbc8f3403cdff,2011-03-16,2011,3,16,23,32.4,27.7,0
689175a03cfdbc8f3403ce00,2011-03-17,2011,3,17,22,32.8,27.4,0
689175a03cfdbc8f3403ce01,2011-03-18,2011,3,18,22,33,27.5,0
689175a03cfdbc8f3403ce02,2011-03-19,2011,3,19,22,33.2,27.6,0
689175a03cfdbc8f3403ce03,2011-03-20,2011,3,20,22,31.4,26.7,0
689175a03cfdbc8f3403ce04,2011-03-21,2011,3,21,23,30.4,26.7,0
689175a03cfdbc8f3403ce05,2011-03-22,2011,3,22,24,29.2,26.6,0
689175a03cfdbc8f3403ce06,2011-03-23,2011,3,23,24,31.6,27.8,0
689175a03cfdbc8f3403ce07,2011-03-24,2011,3,24,23,31.2,27.1,0
689175a03cfdbc8f3403ce08,2011-03-25,2011,3,25,23,31.4,27.2,0
689175a03cfdbc8f3403ce09,2011-03-26,2011,3,26,23,25.8,24.4,0
689175a03cfdbc8f3403ce0a,2011-03-27,2011,3,27,23,31.6,27.3,0
689175a03cfdbc8f3403ce0b,2011-03-28,2011,3,28,23,31.4,27.2,0
689175a03cfdbc8f3403ce0c,2011-03-29,2011,3,29,24,31.2,27.6,0
689175a03cfdbc8f3403ce0d,2011-03-30,2011,3,30,23,33,28,0
689175a03cfdbc8f3403ce0e,2011-03-31,2011,3,31,23,33,28,0
689175a03cfdbc8f3403ce0f,2011-04-01,2011,4,1,22,32.4,27.2,0
689175a03cfdbc8f3403ce10,2011-04-02,2011,4,2,23,34,28.5,0
689175a03cfdbc8f3403ce11,2011-04-03,2011,4,3,23,33.2,28.1,0
689175a03cfdbc8f3403ce12,2011-04-04,2011,4,4,22,33.4,27.7,0
689175a03cfdbc8f3403ce13,2011-04-05,2011,4,5,22,33,27.5,0
689175a03cfdbc8f3403ce14,2011-04-06,2011,4,6,22,33,27.5,0
689175a03cfdbc8f3403ce15,2011-04-07,2011,4,7,24,31.2,27.6,0
689175a03cfdbc8f3403ce16,2011-04-08,2011,4,8,23,31.4,27.2,0
689175a03cfdbc8f3403ce17,2011-04-09,2011,4,9,23,33.4,28.2,0
689175a03cfdbc8f3403ce18,2011-04-10,2011,4,10,24,32.8,28.4,0
689175a03cfdbc8f3403ce19,2011-04-11,2011,4,11,23,32,27.5,0
689175a03cfdbc8f3403ce1a,2011-04-12,2011,4,12,23,31.8,27.4,0
689175a03cfdbc8f3403ce1b,2011-04-13,2011,4,13,23,32,27.5,0
689175a03cfdbc8f3403ce1c,2011-04-14,2011,4,14,23,32.6,27.8,0
689175a03cfdbc8f3403ce1d,2011-04-15,2011,4,15,23,31.8,27.4,0
689175a03cfdbc8f3403ce1e,2011-04-16,2011,4,16,22,33,27.5,0
689175a03cfdbc8f3403ce1f,2011-04-17,2011,4,17,24,30.8,27.4,0
689175a03cfdbc8f3403ce20,2011-04-18,2011,4,18,23,33,28,0
689175a03cfdbc8f3403ce21,2011-04-19,2011,4,19,23,32.6,27.8,0
689175a03cfdbc8f3403ce22,2011-04-20,2011,4,20,23,32.4,27.7,0
689175a03cfdbc8f3403ce23,2011-04-21,2011,4,21,24,32.8,28.4,0
689175a03cfdbc8f3403ce24,2011-04-22,2011,4,22,24,32,28,0
689175a03cfdbc8f3403ce25,2011-04-23,2011,4,23,24,32.6,28.3,0
689175a03cfdbc8f3403ce26,2011-04-24,2011,4,24,25,32,28.5,0
689175a03cfdbc8f3403ce27,2011-04-25,2011,4,25,24,32.8,28.4,0
689175a03cfdbc8f3403ce28,2011-04-26,2011,4,26,24,32.4,28.2,0
689175a03cfdbc8f3403ce29,2011-04-27,2011,4,27,23,31.4,27.2,0
689175a03cfdbc8f3403ce2a,2011-04-28,2011,4,28,23,33,28,0
689175a03cfdbc8f3403ce2b,2011-04-29,2011,4,29,23,30.8,26.9,0
689175a03cfdbc8f3403ce2c,2011-04-30,2011,4,30,23,30.8,26.9,0
689175a03cfdbc8f3403ce2d,2011-05-01,2011,5,1,24,34,29,0
689175a03cfdbc8f3403ce2e,2011-05-02,2011,5,2,23,34.2,28.6,0
689175a03cfdbc8f3403ce2f,2011-05-03,2011,5,3,23,35,29,0
689175a03cfdbc8f3403ce30,2011-05-04,2011,5,4,23,34,28.5,0
689175a03cfdbc8f3403ce31,2011-05-05,2011,5,5,24,33.2,28.6,0
689175a03cfdbc8f3403ce32,2011-05-06,2011,5,6,24,32,28,0
689175a03cfdbc8f3403ce33,2011-05-07,2011,5,7,24,31.6,27.8,0
689175a03cfdbc8f3403ce34,2011-05-08,2011,5,8,25,32.4,28.7,0
689175a03cfdbc8f3403ce35,2011-05-09,2011,5,9,24,31.4,27.7,0
689175a03cfdbc8f3403ce36,2011-05-10,2011,5,10,24,30.4,27.2,0
689175a03cfdbc8f3403ce37,2011-05-11,2011,5,11,23,33.6,28.3,0
689175a03cfdbc8f3403ce38,2011-05-12,2011,5,12,22,33.8,27.9,0
689175a03cfdbc8f3403ce39,2011-05-13,2011,5,13,22,33,27.5,0
689175a03cfdbc8f3403ce3a,2011-05-14,2011,5,14,23,34.4,28.7,0
689175a03cfdbc8f3403ce3b,2011-05-15,2011,5,15,23,33.2,28.1,0
689175a03cfdbc8f3403ce3c,2011-05-16,2011,5,16,23,32.6,27.8,0
689175a03cfdbc8f3403ce3d,2011-05-17,2011,5,17,24,32.8,28.4,0
689175a03cfdbc8f3403ce3e,2011-05-18,2011,5,18,24,33,28.5,0
689175a03cfdbc8f3403ce3f,2011-05-19,2011,5,19,22,31.6,26.8,0
689175a03cfdbc8f3403ce40,2011-05-20,2011,5,20,23,33.2,28.1,0
689175a03cfdbc8f3403ce41,2011-05-21,2011,5,21,24,32.4,28.2,0
689175a03cfdbc8f3403ce42,2011-05-22,2011,5,22,23,32,27.5,0
689175a03cfdbc8f3403ce43,2011-05-23,2011,5,23,23,33,28,0
689175a03cfdbc8f3403ce44,2011-05-24,2011,5,24,23,32.4,27.7,0
689175a03cfdbc8f3403ce45,2011-05-25,2011,5,25,22,34.2,28.1,0
689175a03cfdbc8f3403ce46,2011-05-26,2011,5,26,23,34.4,28.7,0
689175a03cfdbc8f3403ce47,2011-05-27,2011,5,27,21,34.4,27.7,0
689175a03cfdbc8f3403ce48,2011-05-28,2011,5,28,22,35,28.5,0
689175a03cfdbc8f3403ce49,2011-05-29,2011,5,29,24,30.6,27.3,0
689175a03cfdbc8f3403ce4a,2011-05-30,2011,5,30,24,34,29,0
689175a03cfdbc8f3403ce4b,2011-05-31,2011,5,31,24,33,28.5,0
689175a03cfdbc8f3403ce4c,2011-06-01,2011,6,1,24,33.4,28.7,0
689175a03cfdbc8f3403ce4d,2011-06-02,2011,6,2,23,33.2,28.1,0
689175a03cfdbc8f3403ce4e,2011-06-03,2011,6,3,23,32.6,27.8,0
689175a03cfdbc8f3403ce4f,2011-06-04,2011,6,4,22,33.2,27.6,0
689175a03cfdbc8f3403ce50,2011-06-05,2011,6,5,22,34.2,28.1,0
689175a03cfdbc8f3403ce51,2011-06-06,2011,6,6,22,34,28,0
689175a03cfdbc8f3403ce52,2011-06-07,2011,6,7,24,33.4,28.7,0
689175a03cfdbc8f3403ce53,2011-06-08,2011,6,8,21,35,28,0
689175a03cfdbc8f3403ce54,2011-06-09,2011,6,9,23,33.8,28.4,0
689175a03cfdbc8f3403ce55,2011-06-10,2011,6,10,23,33.6,28.3,0
689175a03cfdbc8f3403ce56,2011-06-11,2011,6,11,23,34.8,28.9,0
689175a03cfdbc8f3403ce57,2011-06-12,2011,6,12,23,36.2,29.6,0
689175a03cfdbc8f3403ce58,2011-06-13,2011,6,13,23,35,29,0
689175a03cfdbc8f3403ce59,2011-06-14,2011,6,14,25,35.2,30.1,0
689175a03cfdbc8f3403ce5a,2011-06-15,2011,6,15,25,32.2,28.6,0
689175a03cfdbc8f3403ce5b,2011-06-16,2011,6,16,25,34.4,29.7,0
689175a03cfdbc8f3403ce5c,2011-06-17,2011,6,17,24,35,29.5,0
689175a03cfdbc8f3403ce5d,2011-06-18,2011,6,18,22,34.8,28.4,0
689175a03cfdbc8f3403ce5e,2011-06-19,2011,6,19,24,34.6,29.3,0
689175a03cfdbc8f3403ce5f,2011-06-20,2011,6,20,25,35.6,30.3,0
689175a03cfdbc8f3403ce60,2011-06-21,2011,6,21,23,36,29.5,0
689175a03cfdbc8f3403ce61,2011-06-22,2011,6,22,23,34,28.5,0
689175a03cfdbc8f3403ce62,2011-06-23,2011,6,23,25,35,30,0
689175a03cfdbc8f3403ce63,2011-06-24,2011,6,24,26,35.2,30.6,0
689175a03cfdbc8f3403ce64,2011-06-25,2011,6,25,25,34,29.5,0
689175a03cfdbc8f3403ce65,2011-06-26,2011,6,26,26,32.8,29.4,0
689175a03cfdbc8f3403ce66,2011-06-27,2011,6,27,23,35.4,29.2,0
689175a03cfdbc8f3403ce67,2011-06-28,2011,6,28,24,34,29,0
689175a03cfdbc8f3403ce68,2011-06-29,2011,6,29,24,33.6,28.8,0
689175a03cfdbc8f3403ce69,2011-06-30,2011,6,30,24,33.6,28.8,0
689175a03cfdbc8f3403ce6a,2011-07-01,2011,7,1,24,32.2,28.1,0
689175a03cfdbc8f3403ce6b,2011-07-02,2011,7,2,23,34.6,28.8,0
689175a03cfdbc8f3403ce6c,2011-07-03,2011,7,3,22,36.8,29.4,0
689175a03cfdbc8f3403ce6d,2011-07-04,2011,7,4,22,34,28,0
689175a03cfdbc8f3403ce6e,2011-07-05,2011,7,5,23,34.2,28.6,0
689175a03cfdbc8f3403ce6f,2011-07-06,2011,7,6,23,33.4,28.2,0
689175a03cfdbc8f3403ce70,2011-07-07,2011,7,7,22,35.6,28.8,0
689175a03cfdbc8f3403ce71,2011-07-08,2011,7,8,22,35.4,28.7,0
689175a03cfdbc8f3403ce72,2011-07-09,2011,7,9,20,36.8,28.4,0
689175a03cfdbc8f3403ce73,2011-07-10,2011,7,10,21,33.2,27.1,0
689175a03cfdbc8f3403ce74,2011-07-11,2011,7,11,24,32,28,0
689175a03cfdbc8f3403ce75,2011-07-12,2011,7,12,23,32.8,27.9,0
689175a03cfdbc8f3403ce76,2011-07-13,2011,7,13,23,31.2,27.1,0
689175a03cfdbc8f3403ce77,2011-07-14,2011,7,14,23,33.8,28.4,0
689175a03cfdbc8f3403ce78,2011-07-15,2011,7,15,23,31,27,0
689175a03cfdbc8f3403ce79,2011-07-16,2011,7,16,23,31.4,27.2,0
689175a03cfdbc8f3403ce7a,2011-07-17,2011,7,17,21,34.2,27.6,0
689175a03cfdbc8f3403ce7b,2011-07-18,2011,7,18,21,33.2,27.1,0
689175a03cfdbc8f3403ce7c,2011-07-19,2011,7,19,22,34.6,28.3,0
689175a03cfdbc8f3403ce7d,2011-07-20,2011,7,20,21,35.2,28.1,0
689175a03cfdbc8f3403ce7e,2011-07-21,2011,7,21,22,34.4,28.2,0
689175a03cfdbc8f3403ce7f,2011-07-22,2011,7,22,24,35.6,29.8,0
689175a03cfdbc8f3403ce80,2011-07-23,2011,7,23,23,35.2,29.1,0
689175a03cfdbc8f3403ce81,2011-07-24,2011,7,24,25,32,28.5,0
689175a03cfdbc8f3403ce82,2011-07-25,2011,7,25,22,34,28,0
689175a03cfdbc8f3403ce83,2011-07-26,2011,7,26,25,34.6,29.8,0
689175a03cfdbc8f3403ce84,2011-07-27,2011,7,27,24,34.4,29.2,0
689175a03cfdbc8f3403ce85,2011-07-28,2011,7,28,24,33,28.5,0
689175a03cfdbc8f3403ce86,2011-07-29,2011,7,29,24,34,29,0
689175a03cfdbc8f3403ce87,2011-07-30,2011,7,30,26,35.8,30.9,0
689175a03cfdbc8f3403ce88,2011-07-31,2011,7,31,23,34.6,28.8,0
689175a03cfdbc8f3403ce89,2011-08-01,2011,8,1,22,35,28.5,0
689175a03cfdbc8f3403ce8a,2011-08-02,2011,8,2,22,36,29,0
689175a03cfdbc8f3403ce8b,2011-08-03,2011,8,3,24,34.8,29.4,0
689175a03cfdbc8f3403ce8c,2011-08-04,2011,8,4,24,33.8,28.9,0
689175a03cfdbc8f3403ce8d,2011-08-05,2011,8,5,22,35,28.5,0
689175a03cfdbc8f3403ce8e,2011-08-06,2011,8,6,21,35.6,28.3,0
689175a03cfdbc8f3403ce8f,2011-08-07,2011,8,7,20,35.6,27.8,0
689175a03cfdbc8f3403ce90,2011-08-08,2011,8,8,21,35.8,28.4,0
689175a03cfdbc8f3403ce91,2011-08-09,2011,8,9,22,34,28,0
689175a03cfdbc8f3403ce92,2011-08-10,2011,8,10,24,34,29,0
689175a03cfdbc8f3403ce93,2011-08-11,2011,8,11,22,35,28.5,0
689175a03cfdbc8f3403ce94,2011-08-12,2011,8,12,23,32.6,27.8,0
689175a03cfdbc8f3403ce95,2011-08-13,2011,8,13,23,32.8,27.9,0
689175a03cfdbc8f3403ce96,2011-08-14,2011,8,14,23,34.4,28.7,0
689175a03cfdbc8f3403ce97,2011-08-15,2011,8,15,23,33.4,28.2,0
689175a03cfdbc8f3403ce98,2011-08-16,2011,8,16,23,33.6,28.3,0
689175a03cfdbc8f3403ce99,2011-08-17,2011,8,17,23,32.2,27.6,0
689175a03cfdbc8f3403ce9a,2011-08-18,2011,8,18,24,32.4,28.2,0
689175a03cfdbc8f3403ce9b,2011-08-19,2011,8,19,23,32.6,27.8,0
689175a03cfdbc8f3403ce9c,2011-08-20,2011,8,20,23,31.6,27.3,0
689175a03cfdbc8f3403ce9d,2011-08-21,2011,8,21,23,32.2,27.6,0
689175a03cfdbc8f3403ce9e,2011-08-22,2011,8,22,23,31.4,27.2,0
689175a03cfdbc8f3403ce9f,2011-08-23,2011,8,23,22,32,27,0
689175a03cfdbc8f3403cea0,2011-08-24,2011,8,24,23,32.2,27.6,0
689175a03cfdbc8f3403cea1,2011-08-25,2011,8,25,23,30.6,26.8,0
689175a03cfdbc8f3403cea2,2011-08-26,2011,8,26,24,33,28.5,0
689175a03cfdbc8f3403cea3,2011-08-27,2011,8,27,23,33.4,28.2,0
689175a03cfdbc8f3403cea4,2011-08-28,2011,8,28,23,29.4,26.2,0
689175a03cfdbc8f3403cea5,2011-08-29,2011,8,29,23,27.8,25.4,0
689175a03cfdbc8f3403cea6,2011-08-30,2011,8,30,22,34,28,0
689175a03cfdbc8f3403cea7,2011-08-31,2011,8,31,22,33.2,27.6,0
689175a03cfdbc8f3403cea8,2011-09-01,2011,9,1,22,33.4,27.7,0
689175a03cfdbc8f3403cea9,2011-09-02,2011,9,2,22,33.6,27.8,0
689175a03cfdbc8f3403ceaa,2011-09-03,2011,9,3,23,34,28.5,0
689175a03cfdbc8f3403ceab,2011-09-04,2011,9,4,24,34.4,29.2,0
689175a03cfdbc8f3403ceac,2011-09-05,2011,9,5,23,32.4,27.7,0
689175a03cfdbc8f3403cead,2011-09-06,2011,9,6,24,32.2,28.1,0
689175a03cfdbc8f3403ceae,2011-09-07,2011,9,7,23,34.2,28.6,0
689175a03cfdbc8f3403ceaf,2011-09-08,2011,9,8,23,35,29,0
689175a03cfdbc8f3403ceb0,2011-09-09,2011,9,9,23,32.6,27.8,0
689175a03cfdbc8f3403ceb1,2011-09-10,2011,9,10,23,30.6,26.8,0
689175a03cfdbc8f3403ceb2,2011-09-11,2011,9,11,23,25.2,24.1,0
689175a03cfdbc8f3403ceb3,2011-09-12,2011,9,12,23,33,28,0
689175a03cfdbc8f3403ceb4,2011-09-13,2011,9,13,22,33,27.5,0
689175a03cfdbc8f3403ceb5,2011-09-14,2011,9,14,22,31,26.5,0
689175a03cfdbc8f3403ceb6,2011-09-15,2011,9,15,24,31,27.5,0
689175a03cfdbc8f3403ceb7,2011-09-16,2011,9,16,24,32.2,28.1,0
689175a03cfdbc8f3403ceb8,2011-09-17,2011,9,17,23,32.6,27.8,0
689175a03cfdbc8f3403ceb9,2011-09-18,2011,9,18,24,33.8,28.9,0
689175a03cfdbc8f3403ceba,2011-09-19,2011,9,19,23,33.4,28.2,0
689175a03cfdbc8f3403cebb,2011-09-20,2011,9,20,23,32.4,27.7,0
689175a03cfdbc8f3403cebc,2011-09-21,2011,9,21,23,30.2,26.6,0
689175a03cfdbc8f3403cebd,2011-09-22,2011,9,22,23,34,28.5,0
689175a03cfdbc8f3403cebe,2011-09-23,2011,9,23,22,33.2,27.6,0
689175a03cfdbc8f3403cebf,2011-09-24,2011,9,24,24,32.8,28.4,0
689175a03cfdbc8f3403cec0,2011-09-25,2011,9,25,23,31,27,0
689175a03cfdbc8f3403cec1,2011-09-26,2011,9,26,22,34,28,0
689175a03cfdbc8f3403cec2,2011-09-27,2011,9,27,26,29.6,27.8,0
689175a03cfdbc8f3403cec3,2011-09-28,2011,9,28,24,31.4,27.7,0
689175a03cfdbc8f3403cec4,2011-09-29,2011,9,29,24,31.4,27.7,0
689175a03cfdbc8f3403cec5,2011-09-30,2011,9,30,23,32.6,27.8,0
689175a03cfdbc8f3403cec6,2011-10-01,2011,10,1,23,33.8,28.4,0
689175a03cfdbc8f3403cec7,2011-10-02,2011,10,2,23,32.6,27.8,0
689175a03cfdbc8f3403cec8,2011-10-03,2011,10,3,23,34.2,28.6,0
689175a03cfdbc8f3403cec9,2011-10-04,2011,10,4,24,31.2,27.6,0
689175a03cfdbc8f3403ceca,2011-10-05,2011,10,5,23,30.2,26.6,0
689175a03cfdbc8f3403cecb,2011-10-06,2011,10,6,23,34,28.5,0
689175a03cfdbc8f3403cecc,2011-10-07,2011,10,7,22,34,28,0
689175a03cfdbc8f3403cecd,2011-10-08,2011,10,8,23,29.6,26.3,0
689175a03cfdbc8f3403cece,2011-10-09,2011,10,9,23,31.2,27.1,0
689175a03cfdbc8f3403cecf,2011-10-10,2011,10,10,22,33.4,27.7,0
689175a03cfdbc8f3403ced0,2011-10-11,2011,10,11,24,31.4,27.7,0
689175a03cfdbc8f3403ced1,2011-10-12,2011,10,12,25,33.8,29.4,0
689175a03cfdbc8f3403ced2,2011-10-13,2011,10,13,23,34.6,28.8,0
689175a03cfdbc8f3403ced3,2011-10-14,2011,10,14,22,33.8,27.9,0
689175a03cfdbc8f3403ced4,2011-10-15,2011,10,15,23,32.4,27.7,0
689175a03cfdbc8f3403ced5,2011-10-16,2011,10,16,24,33.8,28.9,0
689175a03cfdbc8f3403ced6,2011-10-17,2011,10,17,23,34.4,28.7,0
689175a03cfdbc8f3403ced7,2011-10-18,2011,10,18,24,32.2,28.1,0
689175a03cfdbc8f3403ced8,2011-10-19,2011,10,19,23,30.6,26.8,0
689175a03cfdbc8f3403ced9,2011-10-20,2011,10,20,23,32,27.5,0
689175a03cfdbc8f3403ceda,2011-10-21,2011,10,21,24,31.4,27.7,0
689175a03cfdbc8f3403cedb,2011-10-22,2011,10,22,23,31.2,27.1,0
689175a03cfdbc8f3403cedc,2011-10-23,2011,10,23,23,32.8,27.9,0
689175a03cfdbc8f3403cedd,2011-10-24,2011,10,24,23,30.6,26.8,0
689175a03cfdbc8f3403cede,2011-10-25,2011,10,25,23,29.6,26.3,0
689175a03cfdbc8f3403cedf,2011-10-26,2011,10,26,23,30.8,26.9,0
689175a03cfdbc8f3403cee0,2011-10-27,2011,10,27,23,30.4,26.7,0
689175a03cfdbc8f3403cee1,2011-10-28,2011,10,28,24,31.8,27.9,0
689175a03cfdbc8f3403cee2,2011-10-29,2011,10,29,23,32,27.5,0
689175a03cfdbc8f3403cee3,2011-10-30,2011,10,30,24,31,27.5,0
689175a03cfdbc8f3403cee4,2011-10-31,2011,10,31,24,27.8,25.9,0
689175a03cfdbc8f3403cee5,2011-11-01,2011,11,1,23,32.8,27.9,0
689175a03cfdbc8f3403cee6,2011-11-02,2011,11,2,23,33.4,28.2,0
689175a03cfdbc8f3403cee7,2011-11-03,2011,11,3,22,30.8,26.4,0
689175a03cfdbc8f3403cee8,2011-11-04,2011,11,4,23,30,26.5,0
689175a03cfdbc8f3403cee9,2011-11-05,2011,11,5,23,26.2,24.6,0
689175a03cfdbc8f3403ceea,2011-11-06,2011,11,6,23,29.6,26.3,0
689175a03cfdbc8f3403ceeb,2011-11-07,2011,11,7,23,32.2,27.6,0
689175a03cfdbc8f3403ceec,2011-11-08,2011,11,8,22,33.4,27.7,0
689175a03cfdbc8f3403ceed,2011-11-09,2011,11,9,23,32.6,27.8,0
689175a03cfdbc8f3403ceee,2011-11-10,2011,11,10,23,32.4,27.7,0
689175a03cfdbc8f3403ceef,2011-11-11,2011,11,11,24,30.6,27.3,0
689175a03cfdbc8f3403cef0,2011-11-12,2011,11,12,23,33,28,0
689175a03cfdbc8f3403cef1,2011-11-13,2011,11,13,22,33,27.5,0
689175a03cfdbc8f3403cef2,2011-11-14,2011,11,14,22,31.2,26.6,0
689175a03cfdbc8f3403cef3,2011-11-15,2011,11,15,22,31.8,26.9,0
689175a03cfdbc8f3403cef4,2011-11-16,2011,11,16,23,32.4,27.7,0
689175a03cfdbc8f3403cef5,2011-11-17,2011,11,17,23,32.4,27.7,0
689175a03cfdbc8f3403cef6,2011-11-18,2011,11,18,23,32.4,27.7,0
689175a03cfdbc8f3403cef7,2011-11-19,2011,11,19,23,31,27,0
689175a03cfdbc8f3403cef8,2011-11-20,2011,11,20,23,31.4,27.2,0
689175a03cfdbc8f3403cef9,2011-11-21,2011,11,21,23,31.2,27.1,0
689175a03cfdbc8f3403cefa,2011-11-22,2011,11,22,23,32.2,27.6,0
689175a03cfdbc8f3403cefb,2011-11-23,2011,11,23,24,31.4,27.7,0
689175a03cfdbc8f3403cefc,2011-11-24,2011,11,24,23,32,27.5,0
689175a03cfdbc8f3403cefd,2011-11-25,2011,11,25,23,30.4,26.7,0
689175a03cfdbc8f3403cefe,2011-11-26,2011,11,26,23,31.8,27.4,0
689175a03cfdbc8f3403ceff,2011-11-27,2011,11,27,23,27.6,25.3,0
689175a03cfdbc8f3403cf00,2011-11-28,2011,11,28,23,32.2,27.6,0
689175a03cfdbc8f3403cf01,2011-11-29,2011,11,29,24,29.8,26.9,0
689175a03cfdbc8f3403cf02,2011-11-30,2011,11,30,24,31.4,27.7,0
689175a03cfdbc8f3403cf03,2011-12-01,2011,12,1,23,30,26.5,0
689175a03cfdbc8f3403cf04,2011-12-02,2011,12,2,23,33.4,28.2,0
689175a03cfdbc8f3403cf05,2011-12-03,2011,12,3,23,33.4,28.2,0
689175a03cfdbc8f3403cf06,2011-12-04,2011,12,4,23,32.8,27.9,0
689175a03cfdbc8f3403cf07,2011-12-05,2011,12,5,23,31,27,0
689175a03cfdbc8f3403cf08,2011-12-06,2011,12,6,23,33,28,0
689175a03cfdbc8f3403cf09,2011-12-07,2011,12,7,23,32.2,27.6,0
689175a03cfdbc8f3403cf0a,2011-12-08,2011,12,8,24,31.8,27.9,0
689175a03cfdbc8f3403cf0b,2011-12-09,2011,12,9,24,31.4,27.7,0
689175a03cfdbc8f3403cf0c,2011-12-10,2011,12,10,23,31.6,27.3,0
689175a03cfdbc8f3403cf0d,2011-12-11,2011,12,11,24,28.4,26.2,0
689175a03cfdbc8f3403cf0e,2011-12-12,2011,12,12,22,30.8,26.4,0
689175a03cfdbc8f3403cf0f,2011-12-13,2011,12,13,22,30.6,26.3,0
689175a03cfdbc8f3403cf10,2011-12-14,2011,12,14,22,31.2,26.6,0
689175a03cfdbc8f3403cf11,2011-12-15,2011,12,15,24,30.2,27.1,0
689175a03cfdbc8f3403cf12,2011-12-16,2011,12,16,23,30.6,26.8,0
689175a03cfdbc8f3403cf13,2011-12-17,2011,12,17,24,28,26,0
689175a03cfdbc8f3403cf14,2011-12-18,2011,12,18,24,28.4,26.2,0
689175a03cfdbc8f3403cf15,2011-12-19,2011,12,19,23,30.6,26.8,0
689175a03cfdbc8f3403cf16,2011-12-20,2011,12,20,23,33.4,28.2,0
689175a03cfdbc8f3403cf17,2011-12-21,2011,12,21,22,31.4,26.7,0
689175a03cfdbc8f3403cf18,2011-12-22,2011,12,22,25,32.6,28.8,0
689175a03cfdbc8f3403cf19,2011-12-23,2011,12,23,23,29.8,26.4,0
689175a03cfdbc8f3403cf1a,2011-12-24,2011,12,24,24,29.6,26.8,0
689175a03cfdbc8f3403cf1b,2011-12-25,2011,12,25,24,29.4,26.7,0
689175a03cfdbc8f3403cf1c,2011-12-26,2011,12,26,24,32.2,28.1,0
689175a03cfdbc8f3403cf1d,2011-12-27,2011,12,27,24,31.8,27.9,0
689175a03cfdbc8f3403cf1e,2011-12-28,2011,12,28,23,32.2,27.6,0
689175a03cfdbc8f3403cf1f,2011-12-29,2011,12,29,22,32.2,27.1,0
689175a03cfdbc8f3403cf20,2011-12-30,2011,12,30,22,29.2,25.6,0
689175a03cfdbc8f3403cf21,2011-12-31,2011,12,31,23,31.4,27.2,0
689175a03cfdbc8f3403cf22,2012-01-01,2012,1,1,22.6,31.4,27,0
689175a03cfdbc8f3403cf23,2012-01-02,2012,1,2,22.6,31,26.8,0
689175a03cfdbc8f3403cf24,2012-01-03,2012,1,3,23.2,30.4,26.799999999999997,0
689175a03cfdbc8f3403cf25,2012-01-04,2012,1,4,23,31.8,27.4,0
689175a03cfdbc8f3403cf26,2012-01-05,2012,1,5,23,29.4,26.2,0
689175a03cfdbc8f3403cf27,2012-01-06,2012,1,6,22.8,31,26.9,0
689175a03cfdbc8f3403cf28,2012-01-07,2012,1,7,23,31.4,27.2,0
689175a03cfdbc8f3403cf29,2012-01-08,2012,1,8,22.2,33.6,27.9,0
689175a03cfdbc8f3403cf2a,2012-01-09,2012,1,9,22.2,31.8,27,0
689175a03cfdbc8f3403cf2b,2012-01-10,2012,1,10,22.2,31,26.6,0
689175a03cfdbc8f3403cf2c,2012-01-11,2012,1,11,22.4,30.8,26.6,0
689175a03cfdbc8f3403cf2d,2012-01-12,2012,1,12,22.2,31.6,26.9,0
689175a03cfdbc8f3403cf2e,2012-01-13,2012,1,13,23,31.4,27.2,0
689175a03cfdbc8f3403cf2f,2012-01-14,2012,1,14,22.6,31.8,27.200000000000003,0
689175a03cfdbc8f3403cf30,2012-01-15,2012,1,15,24,29.2,26.6,0
689175a03cfdbc8f3403cf31,2012-01-16,2012,1,16,24,32.4,28.2,0
689175a03cfdbc8f3403cf32,2012-01-17,2012,1,17,23.8,32.6,28.200000000000003,0
689175a03cfdbc8f3403cf33,2012-01-18,2012,1,18,23.4,31.8,27.6,0
689175a03cfdbc8f3403cf34,2012-01-19,2012,1,19,23.2,29.8,26.5,0
689175a03cfdbc8f3403cf35,2012-01-20,2012,1,20,22.2,30.6,26.4,0
689175a03cfdbc8f3403cf36,2012-01-21,2012,1,21,21,30.8,25.9,0
689175a03cfdbc8f3403cf37,2012-01-22,2012,1,22,21,31.6,26.3,0
689175a03cfdbc8f3403cf38,2012-01-23,2012,1,23,22.4,31.81542728635682,27.107713643178407,0
689175a03cfdbc8f3403cf39,2012-01-24,2012,1,24,22.4,32,27.2,0
689175a03cfdbc8f3403cf3a,2012-01-25,2012,1,25,22.8,32.4,27.6,0
689175a03cfdbc8f3403cf3b,2012-01-26,2012,1,26,22.4,32.4,27.4,0
689175a03cfdbc8f3403cf3c,2012-01-27,2012,1,27,22.6,32.8,27.7,0
689175a03cfdbc8f3403cf3d,2012-01-28,2012,1,28,24.2,33.28542728635682,28.742713643178412,0
689175a03cfdbc8f3403cf3e,2012-01-29,2012,1,29,23.28693113772455,35,29.143465568862275,0
689175a03cfdbc8f3403cf3f,2012-01-30,2012,1,30,23,30.4,26.7,0
689175a03cfdbc8f3403cf40,2012-01-31,2012,1,31,22,31.6,26.8,0
689175a03cfdbc8f3403cf41,2012-02-01,2012,2,1,22.2,33.4,27.799999999999997,0
689175a03cfdbc8f3403cf42,2012-02-02,2012,2,2,24.4,29.2,26.799999999999997,0
689175a03cfdbc8f3403cf43,2012-02-03,2012,2,3,22.4,32,27.2,0
689175a03cfdbc8f3403cf44,2012-02-04,2012,2,4,23,32.2,27.6,0
689175a03cfdbc8f3403cf45,2012-02-05,2012,2,5,23,31.4,27.2,0
689175a03cfdbc8f3403cf46,2012-02-06,2012,2,6,22.8,32.2,27.5,0
689175a03cfdbc8f3403cf47,2012-02-07,2012,2,7,21.6,31.4,26.5,0
689175a03cfdbc8f3403cf48,2012-02-08,2012,2,8,21.6,32.4,27,0
689175a03cfdbc8f3403cf49,2012-02-09,2012,2,9,21.6,32.6,27.1,0
689175a03cfdbc8f3403cf4a,2012-02-10,2012,2,10,23.2,32,27.6,0
689175a03cfdbc8f3403cf4b,2012-02-11,2012,2,11,22.8,31.6,27.200000000000003,0
689175a03cfdbc8f3403cf4c,2012-02-12,2012,2,12,22.8,33,27.9,0
689175a03cfdbc8f3403cf4d,2012-02-13,2012,2,13,24,32.8,28.4,0
689175a03cfdbc8f3403cf4e,2012-02-14,2012,2,14,23.2,33.2,28.200000000000003,0
689175a03cfdbc8f3403cf4f,2012-02-15,2012,2,15,22.8,31,26.9,0
689175a03cfdbc8f3403cf50,2012-02-16,2012,2,16,23.6,31,27.3,0
689175a03cfdbc8f3403cf51,2012-02-17,2012,2,17,21.2,31.4,26.299999999999997,0
689175a03cfdbc8f3403cf52,2012-02-18,2012,2,18,23.4,31,27.2,0
689175a03cfdbc8f3403cf53,2012-02-19,2012,2,19,23,30,26.5,0
689175a03cfdbc8f3403cf54,2012-02-20,2012,2,20,23,33.2,28.1,0
689175a03cfdbc8f3403cf55,2012-02-21,2012,2,21,24,33,28.5,0
689175a03cfdbc8f3403cf56,2012-02-22,2012,2,22,22.8,32,27.4,0
689175a03cfdbc8f3403cf57,2012-02-23,2012,2,23,23.8,31.6,27.700000000000003,0
689175a03cfdbc8f3403cf58,2012-02-24,2012,2,24,23,32.4,27.7,0
689175a03cfdbc8f3403cf59,2012-02-25,2012,2,25,23,32,27.5,0
689175a03cfdbc8f3403cf5a,2012-02-26,2012,2,26,22.6,31.6,27.1,0
689175a03cfdbc8f3403cf5b,2012-02-27,2012,2,27,23,32.2,27.6,0
689175a03cfdbc8f3403cf5c,2012-02-28,2012,2,28,22.6,31,26.8,0
689175a03cfdbc8f3403cf5d,2012-02-29,2012,2,29,22.8,28,25.4,0
689175a03cfdbc8f3403cf5e,2012-03-01,2012,3,1,21.6,31,26.3,0
689175a03cfdbc8f3403cf5f,2012-03-02,2012,3,2,21.4,29,25.2,0
689175a03cfdbc8f3403cf60,2012-03-03,2012,3,3,21.2,31.2,26.2,0
689175a03cfdbc8f3403cf61,2012-03-04,2012,3,4,21.6,30.6,26.1,0
689175a03cfdbc8f3403cf62,2012-03-05,2012,3,5,21.2,31.6,26.4,0
689175a03cfdbc8f3403cf63,2012-03-06,2012,3,6,22.8,29.2,26,0
689175a03cfdbc8f3403cf64,2012-03-07,2012,3,7,23,29.2,26.1,0
689175a03cfdbc8f3403cf65,2012-03-08,2012,3,8,21.4,29.4,25.4,0
689175a03cfdbc8f3403cf66,2012-03-09,2012,3,9,22.2,31.2,26.7,0
689175a03cfdbc8f3403cf67,2012-03-10,2012,3,10,21.6,32.2,26.900000000000002,0
689175a03cfdbc8f3403cf68,2012-03-11,2012,3,11,22.4,32,27.2,0
689175a03cfdbc8f3403cf69,2012-03-12,2012,3,12,22.6,30.8,26.700000000000003,0
689175a03cfdbc8f3403cf6a,2012-03-13,2012,3,13,23,32.8,27.9,0
689175a03cfdbc8f3403cf6b,2012-03-14,2012,3,14,22.2,33,27.6,0
689175a03cfdbc8f3403cf6c,2012-03-15,2012,3,15,22.6,32.2,27.400000000000002,0
689175a03cfdbc8f3403cf6d,2012-03-16,2012,3,16,22.8,32.6,27.700000000000003,0
689175a03cfdbc8f3403cf6e,2012-03-17,2012,3,17,22.6,32.6,27.6,0
689175a03cfdbc8f3403cf6f,2012-03-18,2012,3,18,22.4,32.6,27.5,0
689175a03cfdbc8f3403cf70,2012-03-19,2012,3,19,22.6,32.2,27.400000000000002,0
689175a03cfdbc8f3403cf71,2012-03-20,2012,3,20,21.8,31.4,26.6,0
689175a03cfdbc8f3403cf72,2012-03-21,2012,3,21,21.8,32.2,27,0
689175a03cfdbc8f3403cf73,2012-03-22,2012,3,22,21.8,32.8,27.299999999999997,0
689175a03cfdbc8f3403cf74,2012-03-23,2012,3,23,21.6,32.4,27,0
689175a03cfdbc8f3403cf75,2012-03-24,2012,3,24,22.2,32.2,27.200000000000003,0
689175a03cfdbc8f3403cf76,2012-03-25,2012,3,25,22,33.2,27.6,0
689175a03cfdbc8f3403cf77,2012-03-26,2012,3,26,22.2,32.6,27.4,0
689175a03cfdbc8f3403cf78,2012-03-27,2012,3,27,23.2,32.6,27.9,0
689175a03cfdbc8f3403cf79,2012-03-28,2012,3,28,23.4,31.8,27.6,0
689175a03cfdbc8f3403cf7a,2012-03-29,2012,3,29,23.2,33,28.1,0
689175a03cfdbc8f3403cf7b,2012-03-30,2012,3,30,22.4,32.6,27.5,0
689175a03cfdbc8f3403cf7c,2012-03-31,2012,3,31,22.2,32.4,27.299999999999997,0
689175a03cfdbc8f3403cf7d,2012-04-01,2012,4,1,22.4,31.4,26.9,0
689175a03cfdbc8f3403cf7e,2012-04-02,2012,4,2,22.6,32.6,27.6,0
689175a03cfdbc8f3403cf7f,2012-04-03,2012,4,3,23.6,32.4,28,0
689175a03cfdbc8f3403cf80,2012-04-04,2012,4,4,23.2,32.2,27.700000000000003,0
689175a03cfdbc8f3403cf81,2012-04-05,2012,4,5,23,33,28,0
689175a03cfdbc8f3403cf82,2012-04-06,2012,4,6,22,31.4,26.7,0
689175a03cfdbc8f3403cf83,2012-04-07,2012,4,7,23,29.4,26.2,0
689175a03cfdbc8f3403cf84,2012-04-08,2012,4,8,21.8,32.4,27.1,0
689175a03cfdbc8f3403cf85,2012-04-09,2012,4,9,21.8,32,26.9,0
689175a03cfdbc8f3403cf86,2012-04-10,2012,4,10,23.8,31.2,27.5,0
689175a03cfdbc8f3403cf87,2012-04-11,2012,4,11,21.8,32,26.9,0
689175a03cfdbc8f3403cf88,2012-04-12,2012,4,12,22.2,33.2,27.700000000000003,0
689175a03cfdbc8f3403cf89,2012-04-13,2012,4,13,22.2,32.6,27.4,0
689175a03cfdbc8f3403cf8a,2012-04-14,2012,4,14,22.2,32,27.1,0
689175a03cfdbc8f3403cf8b,2012-04-15,2012,4,15,23,33.6,28.3,0
689175a03cfdbc8f3403cf8c,2012-04-16,2012,4,16,23,30.8,26.9,0
689175a03cfdbc8f3403cf8d,2012-04-17,2012,4,17,23.4,32.8,28.099999999999998,0
689175a03cfdbc8f3403cf8e,2012-04-18,2012,4,18,23.6,32.8,28.2,0
689175a03cfdbc8f3403cf8f,2012-04-19,2012,4,19,23.6,32.2,27.900000000000002,0
689175a03cfdbc8f3403cf90,2012-04-20,2012,4,20,23.6,31.4,27.5,0
689175a03cfdbc8f3403cf91,2012-04-21,2012,4,21,22.2,34,28.1,0
689175a03cfdbc8f3403cf92,2012-04-22,2012,4,22,22.8,35.2,29,0
689175a03cfdbc8f3403cf93,2012-04-23,2012,4,23,23.4,33.2,28.3,0
689175a03cfdbc8f3403cf94,2012-04-24,2012,4,24,22.8,33.4,28.1,0
689175a03cfdbc8f3403cf95,2012-04-25,2012,4,25,22.8,33.4,28.1,0
689175a03cfdbc8f3403cf96,2012-04-26,2012,4,26,22.8,33.4,28.1,0
689175a03cfdbc8f3403cf97,2012-04-27,2012,4,27,23,35,29,0
689175a03cfdbc8f3403cf98,2012-04-28,2012,4,28,22.4,33.6,28,0
689175a03cfdbc8f3403cf99,2012-04-29,2012,4,29,22.6,29.6,26.1,0
689175a03cfdbc8f3403cf9a,2012-04-30,2012,4,30,22.6,35,28.8,0
689175a03cfdbc8f3403cf9b,2012-05-01,2012,5,1,22.6,33.6,28.1,0
689175a03cfdbc8f3403cf9c,2012-05-02,2012,5,2,24.2,33.8,29,0
689175a03cfdbc8f3403cf9d,2012-05-03,2012,5,3,23.6,34,28.8,0
689175a03cfdbc8f3403cf9e,2012-05-04,2012,5,4,24.6,28.4,26.5,0
689175a03cfdbc8f3403cf9f,2012-05-05,2012,5,5,22.8,32.6,27.700000000000003,0
689175a03cfdbc8f3403cfa0,2012-05-06,2012,5,6,22.8,33.8,28.299999999999997,0
689175a03cfdbc8f3403cfa1,2012-05-07,2012,5,7,22.8,33.6,28.200000000000003,0
689175a03cfdbc8f3403cfa2,2012-05-08,2012,5,8,22.6,33.2,27.900000000000002,0
689175a03cfdbc8f3403cfa3,2012-05-09,2012,5,9,22.6,34,28.3,0
689175a03cfdbc8f3403cfa4,2012-05-10,2012,5,10,22.6,32.6,27.6,0
689175a03cfdbc8f3403cfa5,2012-05-11,2012,5,11,22.6,33.4,28,0
689175a03cfdbc8f3403cfa6,2012-05-12,2012,5,12,22.6,35,28.8,0
689175a03cfdbc8f3403cfa7,2012-05-13,2012,5,13,22.8,35.6,29.200000000000003,0
689175a03cfdbc8f3403cfa8,2012-05-14,2012,5,14,22.6,35.2,28.900000000000002,0
689175a03cfdbc8f3403cfa9,2012-05-15,2012,5,15,24.2,34.4,29.299999999999997,0
689175a03cfdbc8f3403cfaa,2012-05-16,2012,5,16,22.8,34.8,28.799999999999997,0
689175a03cfdbc8f3403cfab,2012-05-17,2012,5,17,23.4,33,28.2,0
689175a03cfdbc8f3403cfac,2012-05-18,2012,5,18,22.6,35.8,29.2,0
689175a03cfdbc8f3403cfad,2012-05-19,2012,5,19,22.4,34.8,28.599999999999998,0
689175a03cfdbc8f3403cfae,2012-05-20,2012,5,20,22.4,34.6,28.5,0
689175a03cfdbc8f3403cfaf,2012-05-21,2012,5,21,22.6,34.8,28.7,0
689175a03cfdbc8f3403cfb0,2012-05-22,2012,5,22,22.4,30.4,26.4,0
689175a03cfdbc8f3403cfb1,2012-05-23,2012,5,23,22.4,32,27.2,0
689175a03cfdbc8f3403cfb2,2012-05-24,2012,5,24,23.6,29.2,26.4,0
689175a03cfdbc8f3403cfb3,2012-05-25,2012,5,25,23.8,29.2,26.5,0
689175a03cfdbc8f3403cfb4,2012-05-26,2012,5,26,22.6,30.4,26.5,0
689175a03cfdbc8f3403cfb5,2012-05-27,2012,5,27,23.6,30.2,26.9,0
689175a03cfdbc8f3403cfb6,2012-05-28,2012,5,28,23.4,31.4,27.4,0
689175a03cfdbc8f3403cfb7,2012-05-29,2012,5,29,24.4,33.6,29,0
689175a03cfdbc8f3403cfb8,2012-05-30,2012,5,30,23.8,34,28.9,0
689175a03cfdbc8f3403cfb9,2012-05-31,2012,5,31,23.6,32.6,28.1,0
689175a03cfdbc8f3403cfba,2012-06-01,2012,6,1,24.6,33.2,28.900000000000002,0
689175a03cfdbc8f3403cfbb,2012-06-02,2012,6,2,24.4,33.4,28.9,0
689175a03cfdbc8f3403cfbc,2012-06-03,2012,6,3,24.4,34,29.2,0
689175a03cfdbc8f3403cfbd,2012-06-04,2012,6,4,23.4,33.6,28.5,0
689175a03cfdbc8f3403cfbe,2012-06-05,2012,6,5,23.4,31.6,27.5,0
689175a03cfdbc8f3403cfbf,2012-06-06,2012,6,6,25.6,32.8,29.2,0
689175a03cfdbc8f3403cfc0,2012-06-07,2012,6,7,24,31.4,27.7,0
689175a03cfdbc8f3403cfc1,2012-06-08,2012,6,8,24.4,31.2,27.799999999999997,0
689175a03cfdbc8f3403cfc2,2012-06-09,2012,6,9,24.6,35.4,30,0
689175a03cfdbc8f3403cfc3,2012-06-10,2012,6,10,25.4,31.4,28.4,0
689175a03cfdbc8f3403cfc4,2012-06-11,2012,6,11,23.4,33.2,28.3,0
689175a03cfdbc8f3403cfc5,2012-06-12,2012,6,12,24.2,33.4,28.799999999999997,0
689175a03cfdbc8f3403cfc6,2012-06-13,2012,6,13,20.4,34.8,27.599999999999998,0
689175a03cfdbc8f3403cfc7,2012-06-14,2012,6,14,20.2,35,27.6,0
689175a03cfdbc8f3403cfc8,2012-06-15,2012,6,15,18.8,34.4,26.6,0
689175a03cfdbc8f3403cfc9,2012-06-16,2012,6,16,19.2,34.2,26.700000000000003,0
689175a03cfdbc8f3403cfca,2012-06-17,2012,6,17,20,34.8,27.4,0
689175a03cfdbc8f3403cfcb,2012-06-18,2012,6,18,20.2,34.2,27.200000000000003,0
689175a03cfdbc8f3403cfcc,2012-06-19,2012,6,19,21.2,34.6,27.9,0
689175a03cfdbc8f3403cfcd,2012-06-20,2012,6,20,22,34.8,28.4,0
689175a03cfdbc8f3403cfce,2012-06-21,2012,6,21,22.2,35.4,28.799999999999997,0
689175a03cfdbc8f3403cfcf,2012-06-22,2012,6,22,22,34.4,28.2,0
689175a03cfdbc8f3403cfd0,2012-06-23,2012,6,23,21,35.2,28.1,0
689175a03cfdbc8f3403cfd1,2012-06-24,2012,6,24,20.8,35.4,28.1,0
689175a03cfdbc8f3403cfd2,2012-06-25,2012,6,25,19.6,34.6,27.1,0
689175a03cfdbc8f3403cfd3,2012-06-26,2012,6,26,23.6,33.2,28.400000000000002,0
689175a03cfdbc8f3403cfd4,2012-06-27,2012,6,27,21.6,36,28.8,0
689175a03cfdbc8f3403cfd5,2012-06-28,2012,6,28,22,35.2,28.6,0
689175a03cfdbc8f3403cfd6,2012-06-29,2012,6,29,22.8,35.8,29.299999999999997,0
689175a03cfdbc8f3403cfd7,2012-06-30,2012,6,30,22.4,35.8,29.099999999999998,0
689175a03cfdbc8f3403cfd8,2012-07-01,2012,7,1,23.2,35,29.1,0
689175a03cfdbc8f3403cfd9,2012-07-02,2012,7,2,24,34.2,29.1,0
689175a03cfdbc8f3403cfda,2012-07-03,2012,7,3,23.2,31.4,27.299999999999997,0
689175a03cfdbc8f3403cfdb,2012-07-04,2012,7,4,22.4,33.2,27.8,0
689175a03cfdbc8f3403cfdc,2012-07-05,2012,7,5,22.2,35.4,28.799999999999997,0
689175a03cfdbc8f3403cfdd,2012-07-06,2012,7,6,22.4,34,28.2,0
689175a03cfdbc8f3403cfde,2012-07-07,2012,7,7,23.6,30,26.8,0
689175a03cfdbc8f3403cfdf,2012-07-08,2012,7,8,23.4,29.4,26.4,0
689175a03cfdbc8f3403cfe0,2012-07-09,2012,7,9,23,33.6,28.3,0
689175a03cfdbc8f3403cfe1,2012-07-10,2012,7,10,23.2,31.2,27.2,0
689175a03cfdbc8f3403cfe2,2012-07-11,2012,7,11,23,33.4,28.2,0
689175a03cfdbc8f3403cfe3,2012-07-12,2012,7,12,22.2,34.4,28.299999999999997,0
689175a03cfdbc8f3403cfe4,2012-07-13,2012,7,13,22.2,34.4,28.299999999999997,0
689175a03cfdbc8f3403cfe5,2012-07-14,2012,7,14,22.2,34.2,28.200000000000003,0
689175a03cfdbc8f3403cfe6,2012-07-15,2012,7,15,21.6,35.4,28.5,0
689175a03cfdbc8f3403cfe7,2012-07-16,2012,7,16,23.4,35.2,29.3,0
689175a03cfdbc8f3403cfe8,2012-07-17,2012,7,17,22.8,33.4,28.1,0
689175a03cfdbc8f3403cfe9,2012-07-18,2012,7,18,22,34.8,28.4,0
689175a03cfdbc8f3403cfea,2012-07-19,2012,7,19,23.2,33,28.1,0
689175a03cfdbc8f3403cfeb,2012-07-20,2012,7,20,23,35.2,29.1,0
689175a03cfdbc8f3403cfec,2012-07-21,2012,7,21,23.2,35,29.1,0
689175a03cfdbc8f3403cfed,2012-07-22,2012,7,22,23.4,34,28.7,0
689175a03cfdbc8f3403cfee,2012-07-23,2012,7,23,22.4,34.6,28.5,0
689175a03cfdbc8f3403cfef,2012-07-24,2012,7,24,22.6,31.6,27.1,0
689175a03cfdbc8f3403cff0,2012-07-25,2012,7,25,23,34.8,28.9,0
689175a03cfdbc8f3403cff1,2012-07-26,2012,7,26,21.8,35.2,28.5,0
689175a03cfdbc8f3403cff2,2012-07-27,2012,7,27,21.8,35.2,28.5,0
689175a03cfdbc8f3403cff3,2012-07-28,2012,7,28,22,35,28.5,0
689175a03cfdbc8f3403cff4,2012-07-29,2012,7,29,21.4,34.8,28.099999999999998,0
689175a03cfdbc8f3403cff5,2012-07-30,2012,7,30,21.4,34.8,28.099999999999998,0
689175a03cfdbc8f3403cff6,2012-07-31,2012,7,31,22.8,35.4,29.1,0
689175a03cfdbc8f3403cff7,2012-08-01,2012,8,1,21.6,34,27.8,0
689175a03cfdbc8f3403cff8,2012-08-02,2012,8,2,21.6,35,28.3,0
689175a03cfdbc8f3403cff9,2012-08-03,2012,8,3,24.2,35.6,29.9,0
689175a03cfdbc8f3403cffa,2012-08-04,2012,8,4,22.6,35.8,29.2,0
689175a03cfdbc8f3403cffb,2012-08-05,2012,8,5,22.2,36,29.1,0
689175a03cfdbc8f3403cffc,2012-08-06,2012,8,6,21.4,36.4,28.9,0
689175a03cfdbc8f3403cffd,2012-08-07,2012,8,7,21.4,35.2,28.3,0
689175a03cfdbc8f3403cffe,2012-08-08,2012,8,8,22.2,34,28.1,0
689175a03cfdbc8f3403cfff,2012-08-09,2012,8,9,22.6,33.4,28,0
689175a03cfdbc8f3403d000,2012-08-10,2012,8,10,22.8,34.6,28.700000000000003,0
689175a03cfdbc8f3403d001,2012-08-11,2012,8,11,21.8,35,28.4,0
689175a03cfdbc8f3403d002,2012-08-12,2012,8,12,23,33.8,28.4,0
689175a03cfdbc8f3403d003,2012-08-13,2012,8,13,23,34.6,28.8,0
689175a03cfdbc8f3403d004,2012-08-14,2012,8,14,23,35.2,29.1,0
689175a03cfdbc8f3403d005,2012-08-15,2012,8,15,23.2,34.4,28.799999999999997,0
689175a03cfdbc8f3403d006,2012-08-16,2012,8,16,22.8,34.2,28.5,0
689175a03cfdbc8f3403d007,2012-08-17,2012,8,17,23,33.8,28.4,0
689175a03cfdbc8f3403d008,2012-08-18,2012,8,18,23.4,33.8,28.599999999999998,0
689175a03cfdbc8f3403d009,2012-08-19,2012,8,19,24,34,29,0
689175a03cfdbc8f3403d00a,2012-08-20,2012,8,20,23,33.6,28.3,0
689175a03cfdbc8f3403d00b,2012-08-21,2012,8,21,22.8,33,27.9,0
689175a03cfdbc8f3403d00c,2012-08-22,2012,8,22,22.8,31.6,27.200000000000003,0
689175a03cfdbc8f3403d00d,2012-08-23,2012,8,23,22.8,33.6,28.200000000000003,0
689175a03cfdbc8f3403d00e,2012-08-24,2012,8,24,23.2,32.8,28,0
689175a03cfdbc8f3403d00f,2012-08-25,2012,8,25,22.4,34,28.2,0
689175a03cfdbc8f3403d010,2012-08-26,2012,8,26,22.6,33.2,27.900000000000002,0
689175a03cfdbc8f3403d011,2012-08-27,2012,8,27,23,30.8,26.9,0
689175a03cfdbc8f3403d012,2012-08-28,2012,8,28,22.4,32.6,27.5,0
689175a03cfdbc8f3403d013,2012-08-29,2012,8,29,22.4,35.4,28.9,0
689175a03cfdbc8f3403d014,2012-08-30,2012,8,30,21,33.8,27.4,0
689175a03cfdbc8f3403d015,2012-08-31,2012,8,31,21,33.8,27.4,0
689175a03cfdbc8f3403d016,2012-09-01,2012,9,1,20.8,36,28.4,0
689175a03cfdbc8f3403d017,2012-09-02,2012,9,2,21.4,33.6,27.5,0
689175a03cfdbc8f3403d018,2012-09-03,2012,9,3,21.4,34.4,27.9,0
689175a03cfdbc8f3403d019,2012-09-04,2012,9,4,23.2,34.8,29,0
689175a03cfdbc8f3403d01a,2012-09-05,2012,9,5,23.2,34.2,28.700000000000003,0
689175a03cfdbc8f3403d01b,2012-09-06,2012,9,6,23.2,32.6,27.9,0
689175a03cfdbc8f3403d01c,2012-09-07,2012,9,7,23.2,34.8,29,0
689175a03cfdbc8f3403d01d,2012-09-08,2012,9,8,23,36.2,29.6,0
689175a03cfdbc8f3403d01e,2012-09-09,2012,9,9,23,36.6,29.8,0
689175a03cfdbc8f3403d01f,2012-09-10,2012,9,10,22.2,35.6,28.9,0
689175a03cfdbc8f3403d020,2012-09-11,2012,9,11,22.2,32.2,27.200000000000003,0
689175a03cfdbc8f3403d021,2012-09-12,2012,9,12,21.8,32.2,27,0
689175a03cfdbc8f3403d022,2012-09-13,2012,9,13,22,32.6,27.3,0
689175a03cfdbc8f3403d023,2012-09-14,2012,9,14,22.6,35.2,28.900000000000002,0
689175a03cfdbc8f3403d024,2012-09-15,2012,9,15,22.4,31.4,26.9,0
689175a03cfdbc8f3403d025,2012-09-16,2012,9,16,22.4,35.2,28.8,0
689175a03cfdbc8f3403d026,2012-09-17,2012,9,17,23.2,34.2,28.700000000000003,0
689175a03cfdbc8f3403d027,2012-09-18,2012,9,18,23,35.2,29.1,0
689175a03cfdbc8f3403d028,2012-09-19,2012,9,19,22.8,35.8,29.299999999999997,0
689175a03cfdbc8f3403d029,2012-09-20,2012,9,20,23.6,35.2,29.400000000000002,0
689175a03cfdbc8f3403d02a,2012-09-21,2012,9,21,21.8,36,28.9,0
689175a03cfdbc8f3403d02b,2012-09-22,2012,9,22,21.8,33.4,27.6,0
689175a03cfdbc8f3403d02c,2012-09-23,2012,9,23,22,34.2,28.1,0
689175a03cfdbc8f3403d02d,2012-09-24,2012,9,24,22,36.6,29.3,0
689175a03cfdbc8f3403d02e,2012-09-25,2012,9,25,22,31.6,26.8,0
689175a03cfdbc8f3403d02f,2012-09-26,2012,9,26,22.6,28.4,25.5,0
689175a03cfdbc8f3403d030,2012-09-27,2012,9,27,23,31.8,27.4,0
689175a03cfdbc8f3403d031,2012-09-28,2012,9,28,22.4,33,27.7,0
689175a03cfdbc8f3403d032,2012-09-29,2012,9,29,22.6,34,28.3,0
689175a03cfdbc8f3403d033,2012-09-30,2012,9,30,22.2,35,28.6,0
689175a03cfdbc8f3403d034,2012-10-01,2012,10,1,21.2,34.2,27.700000000000003,0
689175a03cfdbc8f3403d035,2012-10-02,2012,10,2,21.8,33.2,27.5,0
689175a03cfdbc8f3403d036,2012-10-03,2012,10,3,23,33.6,28.3,0
689175a03cfdbc8f3403d037,2012-10-04,2012,10,4,22,33,27.5,0
689175a03cfdbc8f3403d038,2012-10-05,2012,10,5,22.8,33.8,28.299999999999997,0
689175a03cfdbc8f3403d039,2012-10-06,2012,10,6,22.2,35,28.6,0
689175a03cfdbc8f3403d03a,2012-10-07,2012,10,7,22.4,32,27.2,0
689175a03cfdbc8f3403d03b,2012-10-08,2012,10,8,22.6,35,28.8,0
689175a03cfdbc8f3403d03c,2012-10-09,2012,10,9,22.2,32.2,27.200000000000003,0
689175a03cfdbc8f3403d03d,2012-10-10,2012,10,10,22.2,33.2,27.700000000000003,0
689175a03cfdbc8f3403d03e,2012-10-11,2012,10,11,23.4,33.4,28.4,0
689175a03cfdbc8f3403d03f,2012-10-12,2012,10,12,23.8,32.6,28.200000000000003,0
689175a03cfdbc8f3403d040,2012-10-13,2012,10,13,23.8,31.6,27.700000000000003,0
689175a03cfdbc8f3403d041,2012-10-14,2012,10,14,22.2,32,27.1,0
689175a03cfdbc8f3403d042,2012-10-15,2012,10,15,23,29.6,26.3,0
689175a03cfdbc8f3403d043,2012-10-16,2012,10,16,22,31.2,26.6,0
689175a03cfdbc8f3403d044,2012-10-17,2012,10,17,23,32.2,27.6,0
689175a03cfdbc8f3403d045,2012-10-18,2012,10,18,22,31.8,26.9,0
689175a03cfdbc8f3403d046,2012-10-19,2012,10,19,22,31.4,26.7,0
689175a03cfdbc8f3403d047,2012-10-20,2012,10,20,22.8,33,27.9,0
689175a03cfdbc8f3403d048,2012-10-21,2012,10,21,22.8,30,26.4,0
689175a03cfdbc8f3403d049,2012-10-22,2012,10,22,22.6,32.2,27.400000000000002,0
689175a03cfdbc8f3403d04a,2012-10-23,2012,10,23,24.2,29.4,26.799999999999997,0
689175a03cfdbc8f3403d04b,2012-10-24,2012,10,24,22.6,31.8,27.200000000000003,0
689175a03cfdbc8f3403d04c,2012-10-25,2012,10,25,22.6,32.2,27.400000000000002,0
689175a03cfdbc8f3403d04d,2012-10-26,2012,10,26,23,30.6,26.8,0
689175a03cfdbc8f3403d04e,2012-10-27,2012,10,27,23,31.6,27.3,0
689175a03cfdbc8f3403d04f,2012-10-28,2012,10,28,23.2,32.6,27.9,0
689175a03cfdbc8f3403d050,2012-10-29,2012,10,29,23.4,32.4,27.9,0
689175a03cfdbc8f3403d051,2012-10-30,2012,10,30,23.6,31,27.3,0
689175a03cfdbc8f3403d052,2012-10-31,2012,10,31,22.4,31,26.7,0
689175a03cfdbc8f3403d053,2012-11-01,2012,11,1,22.4,29.6,26,0
689175a03cfdbc8f3403d054,2012-11-02,2012,11,2,23.4,30.8,27.1,0
689175a03cfdbc8f3403d055,2012-11-03,2012,11,3,23.4,29.4,26.4,0
689175a03cfdbc8f3403d056,2012-11-04,2012,11,4,23,29.6,26.3,0
689175a03cfdbc8f3403d057,2012-11-05,2012,11,5,22.8,29.4,26.1,0
689175a03cfdbc8f3403d058,2012-11-06,2012,11,6,22.8,29.8,26.3,0
689175a03cfdbc8f3403d059,2012-11-07,2012,11,7,22.8,32.6,27.700000000000003,0
689175a03cfdbc8f3403d05a,2012-11-08,2012,11,8,22.8,31.2,27,0
689175a03cfdbc8f3403d05b,2012-11-09,2012,11,9,23,31,27,0
689175a03cfdbc8f3403d05c,2012-11-10,2012,11,10,23,31,27,0
689175a03cfdbc8f3403d05d,2012-11-11,2012,11,11,23.4,31.4,27.4,0
689175a03cfdbc8f3403d05e,2012-11-12,2012,11,12,23.4,30.4,26.9,0
689175a03cfdbc8f3403d05f,2012-11-13,2012,11,13,23.4,30.4,26.9,0
689175a03cfdbc8f3403d060,2012-11-14,2012,11,14,23.4,33.8,28.599999999999998,0
689175a03cfdbc8f3403d061,2012-11-15,2012,11,15,23.4,32.4,27.9,0
689175a03cfdbc8f3403d062,2012-11-16,2012,11,16,23.4,32.2,27.8,0
689175a03cfdbc8f3403d063,2012-11-17,2012,11,17,24,30.4,27.2,0
689175a03cfdbc8f3403d064,2012-11-18,2012,11,18,22.8,33.4,28.1,0
689175a03cfdbc8f3403d065,2012-11-19,2012,11,19,23.2,32.6,27.9,0
689175a03cfdbc8f3403d066,2012-11-20,2012,11,20,23.2,30,26.6,0
689175a03cfdbc8f3403d067,2012-11-21,2012,11,21,23.4,32.8,28.099999999999998,0
689175a03cfdbc8f3403d068,2012-11-22,2012,11,22,24.2,32.8,28.5,0
689175a03cfdbc8f3403d069,2012-11-23,2012,11,23,23.4,32,27.7,0
689175a03cfdbc8f3403d06a,2012-11-24,2012,11,24,22.6,32,27.3,0
689175a03cfdbc8f3403d06b,2012-11-25,2012,11,25,22.6,32,27.3,0
689175a03cfdbc8f3403d06c,2012-11-26,2012,11,26,23.2,32.2,27.700000000000003,0
689175a03cfdbc8f3403d06d,2012-11-27,2012,11,27,23.4,32.6,28,0
689175a03cfdbc8f3403d06e,2012-11-28,2012,11,28,23.8,32.6,28.200000000000003,0
689175a03cfdbc8f3403d06f,2012-11-29,2012,11,29,23.8,31.6,27.700000000000003,0
689175a03cfdbc8f3403d070,2012-11-30,2012,11,30,24,31.4,27.7,0
689175a03cfdbc8f3403d071,2012-12-01,2012,12,1,24,29.6,26.8,0
689175a03cfdbc8f3403d072,2012-12-02,2012,12,2,22.6,30.8,26.700000000000003,0
689175a03cfdbc8f3403d073,2012-12-03,2012,12,3,22.6,31.8,27.200000000000003,0
689175a03cfdbc8f3403d074,2012-12-04,2012,12,4,23.2,31.8,27.5,0
689175a03cfdbc8f3403d075,2012-12-05,2012,12,5,24,32.8,28.4,0
689175a03cfdbc8f3403d076,2012-12-06,2012,12,6,24,33,28.5,0
689175a03cfdbc8f3403d077,2012-12-07,2012,12,7,24.4,31.2,27.799999999999997,0
689175a03cfdbc8f3403d078,2012-12-08,2012,12,8,22.4,34.2,28.3,0
689175a03cfdbc8f3403d079,2012-12-09,2012,12,9,22.6,32.2,27.400000000000002,0
689175a03cfdbc8f3403d07a,2012-12-10,2012,12,10,22.8,30.8,26.8,0
689175a03cfdbc8f3403d07b,2012-12-11,2012,12,11,22.6,31,26.8,0
689175a03cfdbc8f3403d07c,2012-12-12,2012,12,12,22.8,30.4,26.6,0
689175a03cfdbc8f3403d07d,2012-12-13,2012,12,13,23.4,30.4,26.9,0
689175a03cfdbc8f3403d07e,2012-12-14,2012,12,14,23.4,32.4,27.9,0
689175a03cfdbc8f3403d07f,2012-12-15,2012,12,15,23.8,30,26.9,0
689175a03cfdbc8f3403d080,2012-12-16,2012,12,16,23.6,28,25.8,0
689175a03cfdbc8f3403d081,2012-12-17,2012,12,17,23,29.2,26.1,0
689175a03cfdbc8f3403d082,2012-12-18,2012,12,18,23.091870047543583,30.10293838862559,26.597404218084584,0
689175a03cfdbc8f3403d083,2012-12-19,2012,12,19,23.2,30,26.6,0
689175a03cfdbc8f3403d084,2012-12-20,2012,12,20,23.2,30.4,26.799999999999997,0
689175a03cfdbc8f3403d085,2012-12-21,2012,12,21,23.4,29.8,26.6,0
689175a03cfdbc8f3403d086,2012-12-22,2012,12,22,23.4,31.6,27.5,0
689175a03cfdbc8f3403d087,2012-12-23,2012,12,23,24.2,31.6,27.9,0
689175a03cfdbc8f3403d088,2012-12-24,2012,12,24,23.2,30.8,27,0
689175a03cfdbc8f3403d089,2012-12-25,2012,12,25,23.2,31.6,27.4,0
689175a03cfdbc8f3403d08a,2012-12-26,2012,12,26,23.4,32,27.7,0
689175a03cfdbc8f3403d08b,2012-12-27,2012,12,27,23.4,31.2,27.299999999999997,0
689175a03cfdbc8f3403d08c,2012-12-28,2012,12,28,23.2,31.8,27.5,0
689175a03cfdbc8f3403d08d,2012-12-29,2012,12,29,23.4,31.4,27.4,0
689175a03cfdbc8f3403d08e,2012-12-30,2012,12,30,22.8,31.6,27.200000000000003,0
689175a03cfdbc8f3403d08f,2012-12-31,2012,12,31,23.8,31.8,27.8,0
689175a03cfdbc8f3403d090,2013-01-01,2013,1,1,22.6,32.6,27.6,0
689175a03cfdbc8f3403d091,2013-01-02,2013,1,2,24.6,33.6,29.1,0
689175a03cfdbc8f3403d092,2013-01-03,2013,1,3,23.4,30.2,26.799999999999997,0
689175a03cfdbc8f3403d093,2013-01-04,2013,1,4,23.4,32.2,27.8,0
689175a03cfdbc8f3403d094,2013-01-05,2013,1,5,24.2,28.8,26.5,0
689175a03cfdbc8f3403d095,2013-01-06,2013,1,6,23,31.4,27.2,0
689175a03cfdbc8f3403d096,2013-01-07,2013,1,7,23.6,32.4,28,0
689175a03cfdbc8f3403d097,2013-01-08,2013,1,8,23.6,32.2,27.900000000000002,0
689175a03cfdbc8f3403d098,2013-01-09,2013,1,9,24.2,32.8,28.5,0
689175a03cfdbc8f3403d099,2013-01-10,2013,1,10,21.8,33,27.4,0
689175a03cfdbc8f3403d09a,2013-01-11,2013,1,11,21.4,32.6,27,0
689175a03cfdbc8f3403d09b,2013-01-12,2013,1,12,21,33.4,27.2,0
689175a03cfdbc8f3403d09c,2013-01-13,2013,1,13,22.6,32.4,27.5,0
689175a03cfdbc8f3403d09d,2013-01-14,2013,1,14,23,31.8,27.4,0
689175a03cfdbc8f3403d09e,2013-01-15,2013,1,15,23.4,32.2,27.8,0
689175a03cfdbc8f3403d09f,2013-01-16,2013,1,16,23.4,32.2,27.8,0
689175a03cfdbc8f3403d0a0,2013-01-17,2013,1,17,22.2,32.6,27.4,0
689175a03cfdbc8f3403d0a1,2013-01-18,2013,1,18,22.4,30.8,26.6,0
689175a03cfdbc8f3403d0a2,2013-01-19,2013,1,19,23.2,32,27.6,0
689175a03cfdbc8f3403d0a3,2013-01-20,2013,1,20,23.2,32,27.6,0
689175a03cfdbc8f3403d0a4,2013-01-21,2013,1,21,23.2,32.8,28,0
689175a03cfdbc8f3403d0a5,2013-01-22,2013,1,22,23.6,32.2,27.900000000000002,0
689175a03cfdbc8f3403d0a6,2013-01-23,2013,1,23,23.6,32.2,27.900000000000002,0
689175a03cfdbc8f3403d0a7,2013-01-24,2013,1,24,23.2,30.4,26.799999999999997,0
689175a03cfdbc8f3403d0a8,2013-01-25,2013,1,25,22.2,30.2,26.2,0
689175a03cfdbc8f3403d0a9,2013-01-26,2013,1,26,22.8,33.2,28,0
689175a03cfdbc8f3403d0aa,2013-01-27,2013,1,27,23,32.6,27.8,0
689175a03cfdbc8f3403d0ab,2013-01-28,2013,1,28,22.8,32.6,27.700000000000003,0
689175a03cfdbc8f3403d0ac,2013-01-29,2013,1,29,23,30.4,26.7,0
689175a03cfdbc8f3403d0ad,2013-01-30,2013,1,30,22.6,32.4,27.5,0
689175a03cfdbc8f3403d0ae,2013-01-31,2013,1,31,24.4,31.8,28.1,0
689175a03cfdbc8f3403d0af,2013-02-01,2013,2,1,23.6,30.8,27.200000000000003,0
689175a03cfdbc8f3403d0b0,2013-02-02,2013,2,2,24,31.4,27.7,0
689175a03cfdbc8f3403d0b1,2013-02-03,2013,2,3,22.8,32.4,27.6,0
689175a03cfdbc8f3403d0b2,2013-02-04,2013,2,4,22.8,31.4,27.1,0
689175a03cfdbc8f3403d0b3,2013-02-05,2013,2,5,24.2,29.2,26.7,0
689175a03cfdbc8f3403d0b4,2013-02-06,2013,2,6,23.4,32.2,27.8,0
689175a03cfdbc8f3403d0b5,2013-02-07,2013,2,7,23.6,29.4,26.5,0
689175a03cfdbc8f3403d0b6,2013-02-08,2013,2,8,21.8,32.2,27,0
689175a03cfdbc8f3403d0b7,2013-02-09,2013,2,9,24.2,31.2,27.7,0
689175a03cfdbc8f3403d0b8,2013-02-10,2013,2,10,23,32.4,27.7,0
689175a03cfdbc8f3403d0b9,2013-02-11,2013,2,11,23.8,32,27.9,0
689175a03cfdbc8f3403d0ba,2013-02-12,2013,2,12,23.6,32.6,28.1,0
689175a03cfdbc8f3403d0bb,2013-02-13,2013,2,13,23.8,31.6,27.700000000000003,0
689175a03cfdbc8f3403d0bc,2013-02-14,2013,2,14,22.2,32.2,27.200000000000003,0
689175a03cfdbc8f3403d0bd,2013-02-15,2013,2,15,23.4,32,27.7,0
689175a03cfdbc8f3403d0be,2013-02-16,2013,2,16,23.4,31.8,27.6,0
689175a03cfdbc8f3403d0bf,2013-02-17,2013,2,17,23.2,30.8,27,0
689175a03cfdbc8f3403d0c0,2013-02-18,2013,2,18,22.4,30.4,26.4,0
689175a03cfdbc8f3403d0c1,2013-02-19,2013,2,19,22.8,30.8,26.8,0
689175a03cfdbc8f3403d0c2,2013-02-20,2013,2,20,20.2,32,26.1,0
689175a03cfdbc8f3403d0c3,2013-02-21,2013,2,21,20.2,32,26.1,0
689175a03cfdbc8f3403d0c4,2013-02-22,2013,2,22,22,32.6,27.3,0
689175a03cfdbc8f3403d0c5,2013-02-23,2013,2,23,20.8,32.8,26.799999999999997,0
689175a03cfdbc8f3403d0c6,2013-02-24,2013,2,24,23.8,29,26.4,0
689175a03cfdbc8f3403d0c7,2013-02-25,2013,2,25,23.4,29.6,26.5,0
689175a03cfdbc8f3403d0c8,2013-02-26,2013,2,26,24,27.4,25.7,0
689175a03cfdbc8f3403d0c9,2013-02-27,2013,2,27,23.4,33,28.2,0
689175a03cfdbc8f3403d0ca,2013-02-28,2013,2,28,23.4,30.6,27,0
689175a03cfdbc8f3403d0cb,2013-03-01,2013,3,1,23.6,32,27.8,0
689175a03cfdbc8f3403d0cc,2013-03-02,2013,3,2,23.4,31,27.2,0
689175a03cfdbc8f3403d0cd,2013-03-03,2013,3,3,24.4,31.6,28,0
689175a03cfdbc8f3403d0ce,2013-03-04,2013,3,4,22,32.8,27.4,0
689175a03cfdbc8f3403d0cf,2013-03-05,2013,3,5,23.8,31.4,27.6,0
689175a03cfdbc8f3403d0d0,2013-03-06,2013,3,6,22.6,32.6,27.6,0
689175a03cfdbc8f3403d0d1,2013-03-07,2013,3,7,23.8,33,28.4,0
689175a03cfdbc8f3403d0d2,2013-03-08,2013,3,8,23.4,33,28.2,0
689175a03cfdbc8f3403d0d3,2013-03-09,2013,3,9,22.6,32.8,27.7,0
689175a03cfdbc8f3403d0d4,2013-03-10,2013,3,10,23.6,33,28.3,0
689175a03cfdbc8f3403d0d5,2013-03-11,2013,3,11,23,34.4,28.7,0
689175a03cfdbc8f3403d0d6,2013-03-12,2013,3,12,23.4,32.6,28,0
689175a03cfdbc8f3403d0d7,2013-03-13,2013,3,13,23.4,32.4,27.9,0
689175a03cfdbc8f3403d0d8,2013-03-14,2013,3,14,22.8,31.4,27.1,0
689175a03cfdbc8f3403d0d9,2013-03-15,2013,3,15,22.8,34.2,28.5,0
689175a03cfdbc8f3403d0da,2013-03-16,2013,3,16,25,34,29.5,0
689175a03cfdbc8f3403d0db,2013-03-17,2013,3,17,23.8,34.2,29,0
689175a03cfdbc8f3403d0dc,2013-03-18,2013,3,18,24,30.6,27.3,0
689175a03cfdbc8f3403d0dd,2013-03-19,2013,3,19,22.8,33,27.9,0
689175a03cfdbc8f3403d0de,2013-03-20,2013,3,20,22.8,33.8,28.299999999999997,0
689175a03cfdbc8f3403d0df,2013-03-21,2013,3,21,24.6,33,28.8,0
689175a03cfdbc8f3403d0e0,2013-03-22,2013,3,22,24.4,31.4,27.9,0
689175a03cfdbc8f3403d0e1,2013-03-23,2013,3,23,23.8,33,28.4,0
689175a03cfdbc8f3403d0e2,2013-03-24,2013,3,24,25,33,29,0
689175a03cfdbc8f3403d0e3,2013-03-25,2013,3,25,24.6,33.4,29,0
689175a03cfdbc8f3403d0e4,2013-03-26,2013,3,26,24,33.4,28.7,0
689175a03cfdbc8f3403d0e5,2013-03-27,2013,3,27,22.8,32.8,27.799999999999997,0
689175a03cfdbc8f3403d0e6,2013-03-28,2013,3,28,24,33,28.5,0
689175a03cfdbc8f3403d0e7,2013-03-29,2013,3,29,24,33.4,28.7,0
689175a03cfdbc8f3403d0e8,2013-03-30,2013,3,30,24.2,34.2,29.200000000000003,0
689175a03cfdbc8f3403d0e9,2013-03-31,2013,3,31,24.8,33.6,29.200000000000003,0
689175a03cfdbc8f3403d0ea,2013-04-01,2013,4,1,25.6,33.4,29.5,0
689175a03cfdbc8f3403d0eb,2013-04-02,2013,4,2,23.6,29,26.3,0
689175a03cfdbc8f3403d0ec,2013-04-03,2013,4,3,23.4,31.4,27.4,0
689175a03cfdbc8f3403d0ed,2013-04-04,2013,4,4,23.6,32.4,28,0
689175a03cfdbc8f3403d0ee,2013-04-05,2013,4,5,24.6,33.2,28.900000000000002,0
689175a03cfdbc8f3403d0ef,2013-04-06,2013,4,6,24.2,33.6,28.9,0
689175a03cfdbc8f3403d0f0,2013-04-07,2013,4,7,23.2,34.2,28.700000000000003,0
689175a03cfdbc8f3403d0f1,2013-04-08,2013,4,8,23.6,34.2,28.900000000000002,0
689175a03cfdbc8f3403d0f2,2013-04-09,2013,4,9,23.4,34,28.7,0
689175a03cfdbc8f3403d0f3,2013-04-10,2013,4,10,24.6,31.4,28,0
689175a03cfdbc8f3403d0f4,2013-04-11,2013,4,11,24.2,31.2,27.7,0
689175a03cfdbc8f3403d0f5,2013-04-12,2013,4,12,23.4,33.2,28.3,0
689175a03cfdbc8f3403d0f6,2013-04-13,2013,4,13,24.4,33.2,28.8,0
689175a03cfdbc8f3403d0f7,2013-04-14,2013,4,14,24,31.8,27.9,0
689175a03cfdbc8f3403d0f8,2013-04-15,2013,4,15,23.2,28.8,26,0
689175a03cfdbc8f3403d0f9,2013-04-16,2013,4,16,24.6,33.8,29.2,0
689175a03cfdbc8f3403d0fa,2013-04-17,2013,4,17,23.6,31.2,27.4,0
689175a03cfdbc8f3403d0fb,2013-04-18,2013,4,18,23.4,34.6,29,0
689175a03cfdbc8f3403d0fc,2013-04-19,2013,4,19,23.6,33.4,28.5,0
689175a03cfdbc8f3403d0fd,2013-04-20,2013,4,20,23.6,33,28.3,0
689175a03cfdbc8f3403d0fe,2013-04-21,2013,4,21,23.8,33.6,28.700000000000003,0
689175a03cfdbc8f3403d0ff,2013-04-22,2013,4,22,22.2,34,28.1,0
689175a03cfdbc8f3403d100,2013-04-23,2013,4,23,24,33,28.5,0
689175a03cfdbc8f3403d101,2013-04-24,2013,4,24,24.6,34.2,29.400000000000002,0
689175a03cfdbc8f3403d102,2013-04-25,2013,4,25,23,32.6,27.8,0
689175a03cfdbc8f3403d103,2013-04-26,2013,4,26,23.2,33,28.1,0
689175a03cfdbc8f3403d104,2013-04-27,2013,4,27,23.2,31.6,27.4,0
689175a03cfdbc8f3403d105,2013-04-28,2013,4,28,22.8,33.6,28.200000000000003,0
689175a03cfdbc8f3403d106,2013-04-29,2013,4,29,23.2,33.8,28.5,0
689175a03cfdbc8f3403d107,2013-04-30,2013,4,30,24,33.2,28.6,0
689175a03cfdbc8f3403d108,2013-05-01,2013,5,1,23,33.4,28.2,0
689175a03cfdbc8f3403d109,2013-05-02,2013,5,2,23.2,32,27.6,0
689175a03cfdbc8f3403d10a,2013-05-03,2013,5,3,23.2,31.2,27.2,0
689175a03cfdbc8f3403d10b,2013-05-04,2013,5,4,23.6,33.2,28.400000000000002,0
689175a03cfdbc8f3403d10c,2013-05-05,2013,5,5,24,31.8,27.9,0
689175a03cfdbc8f3403d10d,2013-05-06,2013,5,6,24.4,31.4,27.9,0
689175a03cfdbc8f3403d10e,2013-05-07,2013,5,7,24.2,33.8,29,0
689175a03cfdbc8f3403d10f,2013-05-08,2013,5,8,24.2,33.8,29,0
689175a03cfdbc8f3403d110,2013-05-09,2013,5,9,24.2,32.8,28.5,0
689175a03cfdbc8f3403d111,2013-05-10,2013,5,10,25.6,27.4,26.5,0
689175a03cfdbc8f3403d112,2013-05-11,2013,5,11,24,29.2,26.6,0
689175a03cfdbc8f3403d113,2013-05-12,2013,5,12,25,29.8,27.4,0
689175a03cfdbc8f3403d114,2013-05-13,2013,5,13,24.6,31.6,28.1,0
689175a03cfdbc8f3403d115,2013-05-14,2013,5,14,24.4,33.6,29,0
689175a03cfdbc8f3403d116,2013-05-15,2013,5,15,23.6,34.8,29.2,0
689175a03cfdbc8f3403d117,2013-05-16,2013,5,16,23.6,33.4,28.5,0
689175a03cfdbc8f3403d118,2013-05-17,2013,5,17,23.8,34.8,29.299999999999997,0
689175a03cfdbc8f3403d119,2013-05-18,2013,5,18,24.4,34,29.2,0
689175a03cfdbc8f3403d11a,2013-05-19,2013,5,19,24.6,33.4,29,0
689175a03cfdbc8f3403d11b,2013-05-20,2013,5,20,23.4,34.8,29.099999999999998,0
689175a03cfdbc8f3403d11c,2013-05-21,2013,5,21,22.4,33.8,28.099999999999998,0
689175a03cfdbc8f3403d11d,2013-05-22,2013,5,22,20.8,33.2,27,0
689175a03cfdbc8f3403d11e,2013-05-23,2013,5,23,21,33.6,27.3,0
689175a03cfdbc8f3403d11f,2013-05-24,2013,5,24,22.8,34.6,28.700000000000003,0
689175a03cfdbc8f3403d120,2013-05-25,2013,5,25,24.2,33,28.6,0
689175a03cfdbc8f3403d121,2013-05-26,2013,5,26,22.8,32.4,27.6,0
689175a03cfdbc8f3403d122,2013-05-27,2013,5,27,24.2,33.8,29,0
689175a03cfdbc8f3403d123,2013-05-28,2013,5,28,23.4,32.6,28,0
689175a03cfdbc8f3403d124,2013-05-29,2013,5,29,22.8,35.4,29.1,0
689175a03cfdbc8f3403d125,2013-05-30,2013,5,30,22.2,35.8,29,0
689175a03cfdbc8f3403d126,2013-05-31,2013,5,31,21.4,33.8,27.599999999999998,0
689175a03cfdbc8f3403d127,2013-06-01,2013,6,1,23,34.6,28.8,0
689175a03cfdbc8f3403d128,2013-06-02,2013,6,2,23,32.2,27.6,0
689175a03cfdbc8f3403d129,2013-06-03,2013,6,3,24.4,33.6,29,0
689175a03cfdbc8f3403d12a,2013-06-04,2013,6,4,23.8,32.6,28.200000000000003,0
689175a03cfdbc8f3403d12b,2013-06-05,2013,6,5,25,34.4,29.7,0
689175a03cfdbc8f3403d12c,2013-06-06,2013,6,6,24,33.8,28.9,0
689175a03cfdbc8f3403d12d,2013-06-07,2013,6,7,24.6,34.6,29.6,0
689175a03cfdbc8f3403d12e,2013-06-08,2013,6,8,23.6,34.2,28.900000000000002,0
689175a03cfdbc8f3403d12f,2013-06-09,2013,6,9,24,30.8,27.4,0
689175a03cfdbc8f3403d130,2013-06-10,2013,6,10,25.2,30.2,27.7,0
689175a03cfdbc8f3403d131,2013-06-11,2013,6,11,23.4,27.2,25.299999999999997,0
689175a03cfdbc8f3403d132,2013-06-12,2013,6,12,25.4,31,28.2,0
689175a03cfdbc8f3403d133,2013-06-13,2013,6,13,24.4,31.4,27.9,0
689175a03cfdbc8f3403d134,2013-06-14,2013,6,14,23.2,32.6,27.9,0
689175a03cfdbc8f3403d135,2013-06-15,2013,6,15,25.4,33.2,29.3,0
689175a03cfdbc8f3403d136,2013-06-16,2013,6,16,24.8,31.6,28.200000000000003,0
689175a03cfdbc8f3403d137,2013-06-17,2013,6,17,24.8,32.2,28.5,0
689175a03cfdbc8f3403d138,2013-06-18,2013,6,18,24.2,29.6,26.9,0
689175a03cfdbc8f3403d139,2013-06-19,2013,6,19,24.2,30,27.1,0
689175a03cfdbc8f3403d13a,2013-06-20,2013,6,20,24.6,32,28.3,0
689175a03cfdbc8f3403d13b,2013-06-21,2013,6,21,27.2,32.6,29.9,0
689175a03cfdbc8f3403d13c,2013-06-22,2013,6,22,27,32.4,29.7,0
689175a03cfdbc8f3403d13d,2013-06-23,2013,6,23,27,33.6,30.3,0
689175a03cfdbc8f3403d13e,2013-06-24,2013,6,24,24,34,29,0
689175a03cfdbc8f3403d13f,2013-06-25,2013,6,25,23,33.4,28.2,0
689175a03cfdbc8f3403d140,2013-06-26,2013,6,26,23.2,32.2,27.700000000000003,0
689175a03cfdbc8f3403d141,2013-06-27,2013,6,27,23,33.8,28.4,0
689175a03cfdbc8f3403d142,2013-06-28,2013,6,28,21.6,33.8,27.7,0
689175a03cfdbc8f3403d143,2013-06-29,2013,6,29,21.6,33.8,27.7,0
689175a03cfdbc8f3403d144,2013-06-30,2013,6,30,22.6,34.4,28.5,0
689175a03cfdbc8f3403d145,2013-07-01,2013,7,1,22.6,33.6,28.1,0
689175a03cfdbc8f3403d146,2013-07-02,2013,7,2,24.4,32.4,28.4,0
689175a03cfdbc8f3403d147,2013-07-03,2013,7,3,24.4,32.6,28.5,0
689175a03cfdbc8f3403d148,2013-07-04,2013,7,4,22.8,30.4,26.6,0
689175a03cfdbc8f3403d149,2013-07-05,2013,7,5,23,32.2,27.6,0
689175a03cfdbc8f3403d14a,2013-07-06,2013,7,6,22.4,33.2,27.8,0
689175a03cfdbc8f3403d14b,2013-07-07,2013,7,7,23.6,32.8,28.2,0
689175a03cfdbc8f3403d14c,2013-07-08,2013,7,8,23.2,30.4,26.799999999999997,0
689175a03cfdbc8f3403d14d,2013-07-09,2013,7,9,23.2,32.6,27.9,0
689175a03cfdbc8f3403d14e,2013-07-10,2013,7,10,22.4,32.4,27.4,0
689175a03cfdbc8f3403d14f,2013-07-11,2013,7,11,22,33.6,27.8,0
689175a03cfdbc8f3403d150,2013-07-12,2013,7,12,20.8,33.4,27.1,0
689175a03cfdbc8f3403d151,2013-07-13,2013,7,13,20.8,34,27.4,0
689175a03cfdbc8f3403d152,2013-07-14,2013,7,14,20.8,33,26.9,0
689175a03cfdbc8f3403d153,2013-07-15,2013,7,15,21.2,31.4,26.299999999999997,0
689175a03cfdbc8f3403d154,2013-07-16,2013,7,16,22.6,26.6,24.6,0
689175a03cfdbc8f3403d155,2013-07-17,2013,7,17,22.4,33.6,28,0
689175a03cfdbc8f3403d156,2013-07-18,2013,7,18,22.8,33.4,28.1,0
689175a03cfdbc8f3403d157,2013-07-19,2013,7,19,26.4,32.4,29.4,0
689175a03cfdbc8f3403d158,2013-07-20,2013,7,20,25,32.8,28.9,0
689175a03cfdbc8f3403d159,2013-07-21,2013,7,21,20.8,33.6,27.200000000000003,0
689175a03cfdbc8f3403d15a,2013-07-22,2013,7,22,23.8,33.4,28.6,0
689175a03cfdbc8f3403d15b,2013-07-23,2013,7,23,25.4,33.6,29.5,0
689175a03cfdbc8f3403d15c,2013-07-24,2013,7,24,21.6,34.6,28.1,0
689175a03cfdbc8f3403d15d,2013-07-25,2013,7,25,22.6,34.4,28.5,0
689175a03cfdbc8f3403d15e,2013-07-26,2013,7,26,23.4,35.2,29.3,0
689175a03cfdbc8f3403d15f,2013-07-27,2013,7,27,22,33.2,27.6,0
689175a03cfdbc8f3403d160,2013-07-28,2013,7,28,23.4,31.6,27.5,0
689175a03cfdbc8f3403d161,2013-07-29,2013,7,29,22.4,33.2,27.8,0
689175a03cfdbc8f3403d162,2013-07-30,2013,7,30,23.4,33,28.2,0
689175a03cfdbc8f3403d163,2013-07-31,2013,7,31,23.6,33.2,28.400000000000002,0
689175a03cfdbc8f3403d164,2013-08-01,2013,8,1,25.8,31,28.4,0
689175a03cfdbc8f3403d165,2013-08-02,2013,8,2,25.6,31,28.3,0
689175a03cfdbc8f3403d166,2013-08-03,2013,8,3,24.4,33,28.7,0
689175a03cfdbc8f3403d167,2013-08-04,2013,8,4,25.8,30.6,28.200000000000003,0
689175a03cfdbc8f3403d168,2013-08-05,2013,8,5,23,31.2,27.1,0
689175a03cfdbc8f3403d169,2013-08-06,2013,8,6,23,32.8,27.9,0
689175a03cfdbc8f3403d16a,2013-08-07,2013,8,7,24.2,34.4,29.299999999999997,0
689175a03cfdbc8f3403d16b,2013-08-08,2013,8,8,23.8,32.6,28.200000000000003,0
689175a03cfdbc8f3403d16c,2013-08-09,2013,8,9,22.8,32.8,27.799999999999997,0
689175a03cfdbc8f3403d16d,2013-08-10,2013,8,10,22.8,32.6,27.700000000000003,0
689175a03cfdbc8f3403d16e,2013-08-11,2013,8,11,22.8,28.2,25.5,0
689175a03cfdbc8f3403d16f,2013-08-12,2013,8,12,22.2,32.4,27.299999999999997,0
689175a03cfdbc8f3403d170,2013-08-13,2013,8,13,23.4,33,28.2,0
689175a03cfdbc8f3403d171,2013-08-14,2013,8,14,22.4,32.6,27.5,0
689175a03cfdbc8f3403d172,2013-08-15,2013,8,15,22,35,28.5,0
689175a03cfdbc8f3403d173,2013-08-16,2013,8,16,22.2,33.2,27.700000000000003,0
689175a03cfdbc8f3403d174,2013-08-17,2013,8,17,22.8,33.2,28,0
689175a03cfdbc8f3403d175,2013-08-18,2013,8,18,24,30.8,27.4,0
689175a03cfdbc8f3403d176,2013-08-19,2013,8,19,22.8,33.6,28.200000000000003,0
689175a03cfdbc8f3403d177,2013-08-20,2013,8,20,23,34.4,28.7,0
689175a03cfdbc8f3403d178,2013-08-21,2013,8,21,21.4,34.4,27.9,0
689175a03cfdbc8f3403d179,2013-08-22,2013,8,22,21.4,34,27.7,0
689175a03cfdbc8f3403d17a,2013-08-23,2013,8,23,21.8,35.2,28.5,0
689175a03cfdbc8f3403d17b,2013-08-24,2013,8,24,22,34,28,0
689175a03cfdbc8f3403d17c,2013-08-25,2013,8,25,21.8,34.6,28.200000000000003,0
689175a03cfdbc8f3403d17d,2013-08-26,2013,8,26,22.8,34.2,28.5,0
689175a03cfdbc8f3403d17e,2013-08-27,2013,8,27,22.8,33.6,28.200000000000003,0
689175a03cfdbc8f3403d17f,2013-08-28,2013,8,28,23.4,33.2,28.3,0
689175a03cfdbc8f3403d180,2013-08-29,2013,8,29,22.6,32,27.3,0
689175a03cfdbc8f3403d181,2013-08-30,2013,8,30,24,33,28.5,0
689175a03cfdbc8f3403d182,2013-08-31,2013,8,31,23.6,30,26.8,0
689175a03cfdbc8f3403d183,2013-09-01,2013,9,1,24,30,27,0
689175a03cfdbc8f3403d184,2013-09-02,2013,9,2,23.4,32.6,28,0
689175a03cfdbc8f3403d185,2013-09-03,2013,9,3,23.2,30.2,26.7,0
689175a03cfdbc8f3403d186,2013-09-04,2013,9,4,23.6,28.2,25.9,0
689175a03cfdbc8f3403d187,2013-09-05,2013,9,5,22.4,30.6,26.5,0
689175a03cfdbc8f3403d188,2013-09-06,2013,9,6,23,28.4,25.7,0
689175a03cfdbc8f3403d189,2013-09-07,2013,9,7,22.2,31.8,27,0
689175a03cfdbc8f3403d18a,2013-09-08,2013,9,8,22.2,33,27.6,0
689175a03cfdbc8f3403d18b,2013-09-09,2013,9,9,22.6,31.8,27.200000000000003,0
689175a03cfdbc8f3403d18c,2013-09-10,2013,9,10,23,31.4,27.2,0
689175a03cfdbc8f3403d18d,2013-09-11,2013,9,11,22.8,30,26.4,0
689175a03cfdbc8f3403d18e,2013-09-12,2013,9,12,22.2,32,27.1,0
689175a03cfdbc8f3403d18f,2013-09-13,2013,9,13,22.4,33.6,28,0
689175a03cfdbc8f3403d190,2013-09-14,2013,9,14,21.6,33,27.3,0
689175a03cfdbc8f3403d191,2013-09-15,2013,9,15,23,34.2,28.6,0
689175a03cfdbc8f3403d192,2013-09-16,2013,9,16,21.6,34,27.8,0
689175a03cfdbc8f3403d193,2013-09-17,2013,9,17,21.6,34,27.8,0
689175a03cfdbc8f3403d194,2013-09-18,2013,9,18,20.2,34.4,27.299999999999997,0
689175a03cfdbc8f3403d195,2013-09-19,2013,9,19,22.2,34,28.1,0
689175a03cfdbc8f3403d196,2013-09-20,2013,9,20,27.2,33.6,30.4,0
689175a03cfdbc8f3403d197,2013-09-21,2013,9,21,27,34.4,30.7,0
689175a03cfdbc8f3403d198,2013-09-22,2013,9,22,27,34.4,30.7,0
689175a03cfdbc8f3403d199,2013-09-23,2013,9,23,22,34.6,28.3,0
689175a03cfdbc8f3403d19a,2013-09-24,2013,9,24,22.6,33.8,28.2,0
689175a03cfdbc8f3403d19b,2013-09-25,2013,9,25,26.2,35.4,30.799999999999997,0
689175a03cfdbc8f3403d19c,2013-09-26,2013,9,26,23.6,35,29.3,0
689175a03cfdbc8f3403d19d,2013-09-27,2013,9,27,23.6,32.6,28.1,0
689175a03cfdbc8f3403d19e,2013-09-28,2013,9,28,22.6,34.6,28.6,0
689175a03cfdbc8f3403d19f,2013-09-29,2013,9,29,24.8,34,29.4,0
689175a03cfdbc8f3403d1a0,2013-09-30,2013,9,30,24.8,34.2,29.5,0
689175a03cfdbc8f3403d1a1,2013-10-01,2013,10,1,23.2,34.6,28.9,0
689175a03cfdbc8f3403d1a2,2013-10-02,2013,10,2,24,34,29,0
689175a03cfdbc8f3403d1a3,2013-10-03,2013,10,3,23.6,33.4,28.5,0
689175a03cfdbc8f3403d1a4,2013-10-04,2013,10,4,21.8,33.8,27.799999999999997,0
689175a03cfdbc8f3403d1a5,2013-10-05,2013,10,5,22.4,30.8,26.6,0
689175a03cfdbc8f3403d1a6,2013-10-06,2013,10,6,23,33.2,28.1,0
689175a03cfdbc8f3403d1a7,2013-10-07,2013,10,7,23,30.4,26.7,0
689175a03cfdbc8f3403d1a8,2013-10-08,2013,10,8,23.2,27.8,25.5,0
689175a03cfdbc8f3403d1a9,2013-10-09,2013,10,9,22.6,33,27.8,0
689175a03cfdbc8f3403d1aa,2013-10-10,2013,10,10,22,32.6,27.3,0
689175a03cfdbc8f3403d1ab,2013-10-11,2013,10,11,22.4,33.6,28,0
689175a03cfdbc8f3403d1ac,2013-10-12,2013,10,12,22,33.6,27.8,0
689175a03cfdbc8f3403d1ad,2013-10-13,2013,10,13,22.4,32.2,27.3,0
689175a03cfdbc8f3403d1ae,2013-10-14,2013,10,14,23.4,32.4,27.9,0
689175a03cfdbc8f3403d1af,2013-10-15,2013,10,15,23.2,32.4,27.799999999999997,0
689175a03cfdbc8f3403d1b0,2013-10-16,2013,10,16,23.2,31.4,27.299999999999997,0
689175a03cfdbc8f3403d1b1,2013-10-17,2013,10,17,23,33,28,0
689175a03cfdbc8f3403d1b2,2013-10-18,2013,10,18,24,32,28,0
689175a03cfdbc8f3403d1b3,2013-10-19,2013,10,19,22.8,31.8,27.3,0
689175a03cfdbc8f3403d1b4,2013-10-20,2013,10,20,22.8,32,27.4,0
689175a03cfdbc8f3403d1b5,2013-10-21,2013,10,21,23,31.4,27.2,0
689175a03cfdbc8f3403d1b6,2013-10-22,2013,10,22,23.6,31.6,27.6,0
689175a03cfdbc8f3403d1b7,2013-10-23,2013,10,23,22.8,30.8,26.8,0
689175a03cfdbc8f3403d1b8,2013-10-24,2013,10,24,23.6,32,27.8,0
689175a03cfdbc8f3403d1b9,2013-10-25,2013,10,25,23,32,27.5,0
689175a03cfdbc8f3403d1ba,2013-10-26,2013,10,26,22.2,32.6,27.4,0
689175a03cfdbc8f3403d1bb,2013-10-27,2013,10,27,22.4,32.4,27.4,0
689175a03cfdbc8f3403d1bc,2013-10-28,2013,10,28,23.2,31.8,27.5,0
689175a03cfdbc8f3403d1bd,2013-10-29,2013,10,29,21.8,32,26.9,0
689175a03cfdbc8f3403d1be,2013-10-30,2013,10,30,22.2,32,27.1,0
689175a03cfdbc8f3403d1bf,2013-10-31,2013,10,31,23.4,30.8,27.1,0
689175a03cfdbc8f3403d1c0,2013-11-01,2013,11,1,21.8,34,27.9,0
689175a03cfdbc8f3403d1c1,2013-11-02,2013,11,2,22.8,30,26.4,0
689175a03cfdbc8f3403d1c2,2013-11-03,2013,11,3,23.2,31.2,27.2,0
689175a03cfdbc8f3403d1c3,2013-11-04,2013,11,4,22.8,29.6,26.200000000000003,0
689175a03cfdbc8f3403d1c4,2013-11-05,2013,11,5,21.6,33.2,27.400000000000002,0
689175a03cfdbc8f3403d1c5,2013-11-06,2013,11,6,24.2,31.2,27.7,0
689175a03cfdbc8f3403d1c6,2013-11-07,2013,11,7,24,30.4,27.2,0
689175a03cfdbc8f3403d1c7,2013-11-08,2013,11,8,22.8,32.4,27.6,0
689175a03cfdbc8f3403d1c8,2013-11-09,2013,11,9,23.4,31.4,27.4,0
689175a03cfdbc8f3403d1c9,2013-11-10,2013,11,10,22.4,32.4,27.4,0
689175a03cfdbc8f3403d1ca,2013-11-11,2013,11,11,23.4,32.6,28,0
689175a03cfdbc8f3403d1cb,2013-11-12,2013,11,12,23.6,31.2,27.4,0
689175a03cfdbc8f3403d1cc,2013-11-13,2013,11,13,23.4,29.4,26.4,0
689175a03cfdbc8f3403d1cd,2013-11-14,2013,11,14,24.2,31.8,28,0
689175a03cfdbc8f3403d1ce,2013-11-15,2013,11,15,23.2,32,27.6,0
689175a03cfdbc8f3403d1cf,2013-11-16,2013,11,16,22.6,31.6,27.1,0
689175a03cfdbc8f3403d1d0,2013-11-17,2013,11,17,23,31.4,27.2,0
689175a03cfdbc8f3403d1d1,2013-11-18,2013,11,18,22.4,32.4,27.4,0
689175a03cfdbc8f3403d1d2,2013-11-19,2013,11,19,23,32.8,27.9,0
689175a03cfdbc8f3403d1d3,2013-11-20,2013,11,20,23.2,30,26.6,0
689175a03cfdbc8f3403d1d4,2013-11-21,2013,11,21,22.4,31.6,27,0
689175a03cfdbc8f3403d1d5,2013-11-22,2013,11,22,22.4,30.6,26.5,0
689175a03cfdbc8f3403d1d6,2013-11-23,2013,11,23,24.2,30.6,27.4,0
689175a03cfdbc8f3403d1d7,2013-11-24,2013,11,24,24.2,33.6,28.9,0
689175a03cfdbc8f3403d1d8,2013-11-25,2013,11,25,23.4,32.2,27.8,0
689175a03cfdbc8f3403d1d9,2013-11-26,2013,11,26,22.8,33.2,28,0
689175a03cfdbc8f3403d1da,2013-11-27,2013,11,27,23.6,30.6,27.1,0
689175a03cfdbc8f3403d1db,2013-11-28,2013,11,28,24,30.4,27.2,0
689175a03cfdbc8f3403d1dc,2013-11-29,2013,11,29,23,32,27.5,0
689175a03cfdbc8f3403d1dd,2013-11-30,2013,11,30,23,32.2,27.6,0
689175a03cfdbc8f3403d1de,2013-12-01,2013,12,1,24,28.6,26.3,0
689175a03cfdbc8f3403d1df,2013-12-02,2013,12,2,23.8,31.6,27.700000000000003,0
689175a03cfdbc8f3403d1e0,2013-12-03,2013,12,3,24.2,28.4,26.299999999999997,0
689175a03cfdbc8f3403d1e1,2013-12-04,2013,12,4,23.6,30.2,26.9,0
689175a03cfdbc8f3403d1e2,2013-12-05,2013,12,5,23.8,28.8,26.3,0
689175a03cfdbc8f3403d1e3,2013-12-06,2013,12,6,24,27.8,25.9,0
689175a03cfdbc8f3403d1e4,2013-12-07,2013,12,7,23.8,30.4,27.1,0
689175a03cfdbc8f3403d1e5,2013-12-08,2013,12,8,23.4,32.2,27.8,0
689175a03cfdbc8f3403d1e6,2013-12-09,2013,12,9,23,31.4,27.2,0
689175a03cfdbc8f3403d1e7,2013-12-10,2013,12,10,23.4,29.4,26.4,0
689175a03cfdbc8f3403d1e8,2013-12-11,2013,12,11,23.4,30.2,26.799999999999997,0
689175a03cfdbc8f3403d1e9,2013-12-12,2013,12,12,23.2,30,26.6,0
689175a03cfdbc8f3403d1ea,2013-12-13,2013,12,13,24.6,32,28.3,0
689175a03cfdbc8f3403d1eb,2013-12-14,2013,12,14,23.4,32,27.7,0
689175a03cfdbc8f3403d1ec,2013-12-15,2013,12,15,23.4,32,27.7,0
689175a03cfdbc8f3403d1ed,2013-12-16,2013,12,16,23.8,31.6,27.700000000000003,0
689175a03cfdbc8f3403d1ee,2013-12-17,2013,12,17,23.2,31.6,27.4,0
689175a03cfdbc8f3403d1ef,2013-12-18,2013,12,18,22.8,31.6,27.200000000000003,0
689175a03cfdbc8f3403d1f0,2013-12-19,2013,12,19,24.6,32.4,28.5,0
689175a03cfdbc8f3403d1f1,2013-12-20,2013,12,20,23.6,31,27.3,0
689175a03cfdbc8f3403d1f2,2013-12-21,2013,12,21,23,30.8,26.9,0
689175a03cfdbc8f3403d1f3,2013-12-22,2013,12,22,22.8,31.2,27,0
689175a03cfdbc8f3403d1f4,2013-12-23,2013,12,23,22.4,32,27.2,0
689175a03cfdbc8f3403d1f5,2013-12-24,2013,12,24,22.2,31,26.6,0
689175a03cfdbc8f3403d1f6,2013-12-25,2013,12,25,22.4,32,27.2,0
689175a03cfdbc8f3403d1f7,2013-12-26,2013,12,26,23.2,30.2,26.7,0
689175a03cfdbc8f3403d1f8,2013-12-27,2013,12,27,24,32.6,28.3,0
689175a03cfdbc8f3403d1f9,2013-12-28,2013,12,28,24,29,26.5,0
689175a03cfdbc8f3403d1fa,2013-12-29,2013,12,29,23.4,29,26.2,0
689175a03cfdbc8f3403d1fb,2013-12-30,2013,12,30,23.8,30.6,27.200000000000003,0
689175a03cfdbc8f3403d1fc,2013-12-31,2013,12,31,23,32,27.5,0
689175a03cfdbc8f3403d1fd,2014-01-01,2014,1,1,23.4,31.4,27.4,0
689175a03cfdbc8f3403d1fe,2014-01-02,2014,1,2,23.4,31.8,27.6,0
689175a03cfdbc8f3403d1ff,2014-01-03,2014,1,3,23,30.4,26.7,0
689175a03cfdbc8f3403d200,2014-01-04,2014,1,4,22.6,30.4,26.5,0
689175a03cfdbc8f3403d201,2014-01-05,2014,1,5,23.4,31.8,27.6,0
689175a03cfdbc8f3403d202,2014-01-06,2014,1,6,22.4,32.4,27.4,0
689175a03cfdbc8f3403d203,2014-01-07,2014,1,7,23.4,32.2,27.8,0
689175a03cfdbc8f3403d204,2014-01-08,2014,1,8,22.8,32.2,27.5,0
689175a03cfdbc8f3403d205,2014-01-09,2014,1,9,22.4,31.8,27.1,0
689175a03cfdbc8f3403d206,2014-01-10,2014,1,10,23.6,29.4,26.5,0
689175a03cfdbc8f3403d207,2014-01-11,2014,1,11,22.6,30.2,26.4,0
689175a03cfdbc8f3403d208,2014-01-12,2014,1,12,22.6,32.4,27.5,0
689175a03cfdbc8f3403d209,2014-01-13,2014,1,13,22.8,30.6,26.700000000000003,0
689175a03cfdbc8f3403d20a,2014-01-14,2014,1,14,21.6,32,26.8,0
689175a03cfdbc8f3403d20b,2014-01-15,2014,1,15,22.8,31.4,27.1,0
689175a03cfdbc8f3403d20c,2014-01-16,2014,1,16,22,32.2,27.1,0
689175a03cfdbc8f3403d20d,2014-01-17,2014,1,17,23.4,28.8,26.1,0
689175a03cfdbc8f3403d20e,2014-01-18,2014,1,18,22.4,30.6,26.5,0
689175a03cfdbc8f3403d20f,2014-01-19,2014,1,19,23.4,29.4,26.4,0
689175a03cfdbc8f3403d210,2014-01-20,2014,1,20,20.4,32.2,26.3,0
689175a03cfdbc8f3403d211,2014-01-21,2014,1,21,22.4,30,26.2,0
689175a03cfdbc8f3403d212,2014-01-22,2014,1,22,21.8,31.4,26.6,0
689175a03cfdbc8f3403d213,2014-01-23,2014,1,23,20.8,31.6,26.200000000000003,0
689175a03cfdbc8f3403d214,2014-01-24,2014,1,24,21.4,31.6,26.5,0
689175a03cfdbc8f3403d215,2014-01-25,2014,1,25,21.8,31.6,26.700000000000003,0
689175a03cfdbc8f3403d216,2014-01-26,2014,1,26,22.6,30.6,26.6,0
689175a03cfdbc8f3403d217,2014-01-27,2014,1,27,22.2,28.4,25.299999999999997,0
689175a03cfdbc8f3403d218,2014-01-28,2014,1,28,22.4,31.6,27,0
689175a03cfdbc8f3403d219,2014-01-29,2014,1,29,21.4,31.2,26.299999999999997,0
689175a03cfdbc8f3403d21a,2014-01-30,2014,1,30,23.8,31.6,27.700000000000003,0
689175a03cfdbc8f3403d21b,2014-01-31,2014,1,31,22.2,31.4,26.799999999999997,0
689175a03cfdbc8f3403d21c,2014-02-01,2014,2,1,21.2,31.8,26.5,0
689175a03cfdbc8f3403d21d,2014-02-02,2014,2,2,24.2,30.8,27.5,0
689175a03cfdbc8f3403d21e,2014-02-03,2014,2,3,21.6,31,26.3,0
689175a03cfdbc8f3403d21f,2014-02-04,2014,2,4,21.8,31.2,26.5,0
689175a03cfdbc8f3403d220,2014-02-05,2014,2,5,23.4,33,28.2,0
689175a03cfdbc8f3403d221,2014-02-06,2014,2,6,20.4,32.4,26.4,0
689175a03cfdbc8f3403d222,2014-02-07,2014,2,7,21,32.4,26.7,0
689175a03cfdbc8f3403d223,2014-02-08,2014,2,8,22.8,31.4,27.1,0
689175a03cfdbc8f3403d224,2014-02-09,2014,2,9,22.2,31,26.6,0
689175a03cfdbc8f3403d225,2014-02-10,2014,2,10,21.2,32.6,26.9,0
689175a03cfdbc8f3403d226,2014-02-11,2014,2,11,20.4,31.8,26.1,0
689175a03cfdbc8f3403d227,2014-02-12,2014,2,12,19.2,31.8,25.5,0
689175a03cfdbc8f3403d228,2014-02-13,2014,2,13,19,34.4,26.7,0
689175a03cfdbc8f3403d229,2014-02-14,2014,2,14,21.2,34.2,27.700000000000003,0
689175a03cfdbc8f3403d22a,2014-02-15,2014,2,15,21.4,34.4,27.9,0
689175a03cfdbc8f3403d22b,2014-02-16,2014,2,16,22.6,33,27.8,0
689175a03cfdbc8f3403d22c,2014-02-17,2014,2,17,23.2,32.2,27.700000000000003,0
689175a03cfdbc8f3403d22d,2014-02-18,2014,2,18,24.4,33.2,28.8,0
689175a03cfdbc8f3403d22e,2014-02-19,2014,2,19,24.8,31.4,28.1,0
689175a03cfdbc8f3403d22f,2014-02-20,2014,2,20,23.8,25.6,24.700000000000003,0
689175a03cfdbc8f3403d230,2014-02-21,2014,2,21,22.4,32.6,27.5,0
689175a03cfdbc8f3403d231,2014-02-22,2014,2,22,23.2,31.4,27.299999999999997,0
689175a03cfdbc8f3403d232,2014-02-23,2014,2,23,22.2,32.4,27.299999999999997,0
689175a03cfdbc8f3403d233,2014-02-24,2014,2,24,20.6,33,26.8,0
689175a03cfdbc8f3403d234,2014-02-25,2014,2,25,22,32.6,27.3,0
689175a03cfdbc8f3403d235,2014-02-26,2014,2,26,19.2,32.2,25.700000000000003,0
689175a03cfdbc8f3403d236,2014-02-27,2014,2,27,20.6,33,26.8,0
689175a03cfdbc8f3403d237,2014-02-28,2014,2,28,22.2,33.4,27.799999999999997,0
689175a03cfdbc8f3403d238,2014-03-01,2014,3,1,24,32.8,28.4,0
689175a03cfdbc8f3403d239,2014-03-02,2014,3,2,24.4,32,28.2,0
689175a03cfdbc8f3403d23a,2014-03-03,2014,3,3,24.4,31,27.7,0
689175a03cfdbc8f3403d23b,2014-03-04,2014,3,4,22.6,32.4,27.5,0
689175a03cfdbc8f3403d23c,2014-03-05,2014,3,5,21.2,34.2,27.700000000000003,0
689175a03cfdbc8f3403d23d,2014-03-06,2014,3,6,23.4,33.4,28.4,0
689175a03cfdbc8f3403d23e,2014-03-07,2014,3,7,20.2,33.4,26.799999999999997,0
689175a03cfdbc8f3403d23f,2014-03-08,2014,3,8,22.6,34,28.3,0
689175a03cfdbc8f3403d240,2014-03-09,2014,3,9,21.6,33.6,27.6,0
689175a03cfdbc8f3403d241,2014-03-10,2014,3,10,20.6,33.4,27,0
689175a03cfdbc8f3403d242,2014-03-11,2014,3,11,22.4,33.2,27.8,0
689175a03cfdbc8f3403d243,2014-03-12,2014,3,12,21.4,34.4,27.9,0
689175a03cfdbc8f3403d244,2014-03-13,2014,3,13,22.6,33.4,28,0
689175a03cfdbc8f3403d245,2014-03-14,2014,3,14,23.2,34.6,28.9,0
689175a03cfdbc8f3403d246,2014-03-15,2014,3,15,24.2,32.6,28.4,0
689175a03cfdbc8f3403d247,2014-03-16,2014,3,16,25.2,29.4,27.299999999999997,0
689175a03cfdbc8f3403d248,2014-03-17,2014,3,17,25,31.6,28.3,0
689175a03cfdbc8f3403d249,2014-03-18,2014,3,18,23.6,32.6,28.1,0
689175a03cfdbc8f3403d24a,2014-03-19,2014,3,19,23.4,33.8,28.599999999999998,0
689175a03cfdbc8f3403d24b,2014-03-20,2014,3,20,24.4,32.2,28.3,0
689175a03cfdbc8f3403d24c,2014-03-21,2014,3,21,21,33.8,27.4,0
689175a03cfdbc8f3403d24d,2014-03-22,2014,3,22,22.8,33,27.9,0
689175a03cfdbc8f3403d24e,2014-03-23,2014,3,23,22.2,35,28.6,0
689175a03cfdbc8f3403d24f,2014-03-24,2014,3,24,23.2,34.6,28.9,0
689175a03cfdbc8f3403d250,2014-03-25,2014,3,25,24.4,34.4,29.4,0
689175a03cfdbc8f3403d251,2014-03-26,2014,3,26,24.4,35,29.7,0
689175a03cfdbc8f3403d252,2014-03-27,2014,3,27,24.6,35.2,29.900000000000002,0
689175a03cfdbc8f3403d253,2014-03-28,2014,3,28,25.2,33.8,29.5,0
689175a03cfdbc8f3403d254,2014-03-29,2014,3,29,23.2,34,28.6,0
689175a03cfdbc8f3403d255,2014-03-30,2014,3,30,23.4,34.6,29,0
689175a03cfdbc8f3403d256,2014-03-31,2014,3,31,25.6,32.8,29.2,0
689175a03cfdbc8f3403d257,2014-04-01,2014,4,1,23.2,32.4,27.799999999999997,0
689175a03cfdbc8f3403d258,2014-04-02,2014,4,2,23.6,32.6,28.1,0
689175a03cfdbc8f3403d259,2014-04-03,2014,4,3,23.6,32.4,28,0
689175a03cfdbc8f3403d25a,2014-04-04,2014,4,4,23.2,32.4,27.799999999999997,0
689175a03cfdbc8f3403d25b,2014-04-05,2014,4,5,24.2,30.8,27.5,0
689175a03cfdbc8f3403d25c,2014-04-06,2014,4,6,22.4,33.6,28,0
689175a03cfdbc8f3403d25d,2014-04-07,2014,4,7,22.4,33.6,28,0
689175a03cfdbc8f3403d25e,2014-04-08,2014,4,8,22.6,33.4,28,0
689175a03cfdbc8f3403d25f,2014-04-09,2014,4,9,23.2,33.4,28.299999999999997,0
689175a03cfdbc8f3403d260,2014-04-10,2014,4,10,22,32.8,27.4,0
689175a03cfdbc8f3403d261,2014-04-11,2014,4,11,23.6,31.8,27.700000000000003,0
689175a03cfdbc8f3403d262,2014-04-12,2014,4,12,23,32.4,27.7,0
689175a03cfdbc8f3403d263,2014-04-13,2014,4,13,22.6,33.2,27.900000000000002,0
689175a03cfdbc8f3403d264,2014-04-14,2014,4,14,23.6,33,28.3,0
689175a03cfdbc8f3403d265,2014-04-15,2014,4,15,22.6,33,27.8,0
689175a03cfdbc8f3403d266,2014-04-16,2014,4,16,22.2,32.4,27.299999999999997,0
689175a03cfdbc8f3403d267,2014-04-17,2014,4,17,23.2,33.6,28.4,0
689175a03cfdbc8f3403d268,2014-04-18,2014,4,18,23.2,33.8,28.5,0
689175a03cfdbc8f3403d269,2014-04-19,2014,4,19,22.6,33.6,28.1,0
689175a03cfdbc8f3403d26a,2014-04-20,2014,4,20,24.2,34,29.1,0
689175a03cfdbc8f3403d26b,2014-04-21,2014,4,21,23.2,33.6,28.4,0
689175a03cfdbc8f3403d26c,2014-04-22,2014,4,22,23.6,33,28.3,0
689175a03cfdbc8f3403d26d,2014-04-23,2014,4,23,23.6,34,28.8,0
689175a03cfdbc8f3403d26e,2014-04-24,2014,4,24,25,33.2,29.1,0
689175a03cfdbc8f3403d26f,2014-04-25,2014,4,25,24.8,31.6,28.200000000000003,0
689175a03cfdbc8f3403d270,2014-04-26,2014,4,26,23,34,28.5,0
689175a03cfdbc8f3403d271,2014-04-27,2014,4,27,25.4,32.8,29.099999999999998,0
689175a03cfdbc8f3403d272,2014-04-28,2014,4,28,22.6,33,27.8,0
689175a03cfdbc8f3403d273,2014-04-29,2014,4,29,24.2,32.6,28.4,0
689175a03cfdbc8f3403d274,2014-04-30,2014,4,30,24,33.6,28.8,0
689175a03cfdbc8f3403d275,2014-05-01,2014,5,1,23.6,33.6,28.6,0
689175a03cfdbc8f3403d276,2014-05-02,2014,5,2,24.2,33,28.6,0
689175a03cfdbc8f3403d277,2014-05-03,2014,5,3,22.8,33,27.9,0
689175a03cfdbc8f3403d278,2014-05-04,2014,5,4,24.8,34.2,29.5,0
689175a03cfdbc8f3403d279,2014-05-05,2014,5,5,25.2,34.2,29.700000000000003,0
689175a03cfdbc8f3403d27a,2014-05-06,2014,5,6,24.4,33.2,28.8,0
689175a03cfdbc8f3403d27b,2014-05-07,2014,5,7,24.2,33.2,28.700000000000003,0
689175a03cfdbc8f3403d27c,2014-05-08,2014,5,8,23,32,27.5,0
689175a03cfdbc8f3403d27d,2014-05-09,2014,5,9,24.4,33.2,28.8,0
689175a03cfdbc8f3403d27e,2014-05-10,2014,5,10,24.4,32.4,28.4,0
689175a03cfdbc8f3403d27f,2014-05-11,2014,5,11,25.6,32.4,29,0
689175a03cfdbc8f3403d280,2014-05-12,2014,5,12,25,33,29,0
689175a03cfdbc8f3403d281,2014-05-13,2014,5,13,23.8,33.2,28.5,0
689175a03cfdbc8f3403d282,2014-05-14,2014,5,14,23.6,33.2,28.400000000000002,0
689175a03cfdbc8f3403d283,2014-05-15,2014,5,15,23.4,32.8,28.099999999999998,0
689175a03cfdbc8f3403d284,2014-05-16,2014,5,16,24.4,32.2,28.3,0
689175a03cfdbc8f3403d285,2014-05-17,2014,5,17,24.2,32,28.1,0
689175a03cfdbc8f3403d286,2014-05-18,2014,5,18,24.4,33,28.7,0
689175a03cfdbc8f3403d287,2014-05-19,2014,5,19,25.2,33.4,29.299999999999997,0
689175a03cfdbc8f3403d288,2014-05-20,2014,5,20,25,33.4,29.2,0
689175a03cfdbc8f3403d289,2014-05-21,2014,5,21,23.8,34.4,29.1,0
689175a03cfdbc8f3403d28a,2014-05-22,2014,5,22,23,34,28.5,0
689175a03cfdbc8f3403d28b,2014-05-23,2014,5,23,22.8,35.2,29,0
689175a03cfdbc8f3403d28c,2014-05-24,2014,5,24,23.8,34,28.9,0
689175a03cfdbc8f3403d28d,2014-05-25,2014,5,25,24.6,35.2,29.900000000000002,0
689175a03cfdbc8f3403d28e,2014-05-26,2014,5,26,25,32.4,28.7,0
689175a03cfdbc8f3403d28f,2014-05-27,2014,5,27,23.4,33,28.2,0
689175a03cfdbc8f3403d290,2014-05-28,2014,5,28,24,32.8,28.4,0
689175a03cfdbc8f3403d291,2014-05-29,2014,5,29,23.4,32.2,27.8,0
689175a03cfdbc8f3403d292,2014-05-30,2014,5,30,24.4,30.4,27.4,0
689175a03cfdbc8f3403d293,2014-05-31,2014,5,31,23.6,31.8,27.700000000000003,0
689175a03cfdbc8f3403d294,2014-06-01,2014,6,1,24.2,33.6,28.9,0
689175a03cfdbc8f3403d295,2014-06-02,2014,6,2,24.2,32.6,28.4,0
689175a03cfdbc8f3403d296,2014-06-03,2014,6,3,23.8,33.6,28.700000000000003,0
689175a03cfdbc8f3403d297,2014-06-04,2014,6,4,23.8,28.6,26.200000000000003,0
689175a03cfdbc8f3403d298,2014-06-05,2014,6,5,24.2,33.8,29,0
689175a03cfdbc8f3403d299,2014-06-06,2014,6,6,24.6,33.8,29.2,0
689175a03cfdbc8f3403d29a,2014-06-07,2014,6,7,24,34.8,29.4,0
689175a03cfdbc8f3403d29b,2014-06-08,2014,6,8,24,34.6,29.3,0
689175a03cfdbc8f3403d29c,2014-06-09,2014,6,9,24.6,35.2,29.900000000000002,0
689175a03cfdbc8f3403d29d,2014-06-10,2014,6,10,24.6,35,29.8,0
689175a03cfdbc8f3403d29e,2014-06-11,2014,6,11,25,34.2,29.6,0
689175a03cfdbc8f3403d29f,2014-06-12,2014,6,12,23.4,30,26.7,0
689175a03cfdbc8f3403d2a0,2014-06-13,2014,6,13,26.2,33,29.6,0
689175a03cfdbc8f3403d2a1,2014-06-14,2014,6,14,24,31,27.5,0
689175a03cfdbc8f3403d2a2,2014-06-15,2014,6,15,25.6,32.6,29.1,0
689175a03cfdbc8f3403d2a3,2014-06-16,2014,6,16,24.8,32.4,28.6,0
689175a03cfdbc8f3403d2a4,2014-06-17,2014,6,17,25.8,33.6,29.700000000000003,0
689175a03cfdbc8f3403d2a5,2014-06-18,2014,6,18,26.6,33.6,30.1,0
689175a03cfdbc8f3403d2a6,2014-06-19,2014,6,19,27.2,34.6,30.9,0
689175a03cfdbc8f3403d2a7,2014-06-20,2014,6,20,24.4,34.2,29.3,0
689175a03cfdbc8f3403d2a8,2014-06-21,2014,6,21,24.8,34.2,29.5,0
689175a03cfdbc8f3403d2a9,2014-06-22,2014,6,22,26.4,34.2,30.3,0
689175a03cfdbc8f3403d2aa,2014-06-23,2014,6,23,27.4,34.2,30.8,0
689175a03cfdbc8f3403d2ab,2014-06-24,2014,6,24,23.6,33.8,28.7,0
689175a03cfdbc8f3403d2ac,2014-06-25,2014,6,25,26,34.4,30.2,0
689175a03cfdbc8f3403d2ad,2014-06-26,2014,6,26,23,33.2,28.1,0
689175a03cfdbc8f3403d2ae,2014-06-27,2014,6,27,22.8,34,28.4,0
689175a03cfdbc8f3403d2af,2014-06-28,2014,6,28,22.3,34.8,28.549999999999997,0
689175a03cfdbc8f3403d2b0,2014-06-29,2014,6,29,24.2,34.4,29.299999999999997,0
689175a03cfdbc8f3403d2b1,2014-06-30,2014,6,30,23.8,34.8,29.299999999999997,0
689175a03cfdbc8f3403d2b2,2014-07-01,2014,7,1,23.2,34.2,28.700000000000003,0
689175a03cfdbc8f3403d2b3,2014-07-02,2014,7,2,22.6,34.8,28.7,0
689175a03cfdbc8f3403d2b4,2014-07-03,2014,7,3,22.6,34.8,28.7,0
689175a03cfdbc8f3403d2b5,2014-07-04,2014,7,4,27,33.2,30.1,0
689175a03cfdbc8f3403d2b6,2014-07-05,2014,7,5,24.2,32,28.1,0
689175a03cfdbc8f3403d2b7,2014-07-06,2014,7,6,25.6,30,27.8,0
689175a03cfdbc8f3403d2b8,2014-07-07,2014,7,7,23.6,32.4,28,0
689175a03cfdbc8f3403d2b9,2014-07-08,2014,7,8,23.6,33.4,28.5,0
689175a03cfdbc8f3403d2ba,2014-07-09,2014,7,9,26.4,31.2,28.799999999999997,0
689175a03cfdbc8f3403d2bb,2014-07-10,2014,7,10,24.4,32.8,28.599999999999998,0
689175a03cfdbc8f3403d2bc,2014-07-11,2014,7,11,24,32.4,28.2,0
689175a03cfdbc8f3403d2bd,2014-07-12,2014,7,12,26,34.2,30.1,0
689175a03cfdbc8f3403d2be,2014-07-13,2014,7,13,25.8,34,29.9,0
689175a03cfdbc8f3403d2bf,2014-07-14,2014,7,14,25.8,34.2,30,0
689175a03cfdbc8f3403d2c0,2014-07-15,2014,7,15,25.8,33.8,29.799999999999997,0
689175a03cfdbc8f3403d2c1,2014-07-16,2014,7,16,24.6,34.2,29.400000000000002,0
689175a03cfdbc8f3403d2c2,2014-07-17,2014,7,17,23,34.6,28.8,0
689175a03cfdbc8f3403d2c3,2014-07-18,2014,7,18,23.8,32.8,28.299999999999997,0
689175a03cfdbc8f3403d2c4,2014-07-19,2014,7,19,25.6,34,29.8,0
689175a03cfdbc8f3403d2c5,2014-07-20,2014,7,20,24.4,35,29.7,0
689175a03cfdbc8f3403d2c6,2014-07-21,2014,7,21,24.6,35,29.8,0
689175a03cfdbc8f3403d2c7,2014-07-22,2014,7,22,25.6,36,30.8,0
689175a03cfdbc8f3403d2c8,2014-07-23,2014,7,23,23.4,36.2,29.8,0
689175a03cfdbc8f3403d2c9,2014-07-24,2014,7,24,24,34,29,0
689175a03cfdbc8f3403d2ca,2014-07-25,2014,7,25,24,32.6,28.3,0
689175a03cfdbc8f3403d2cb,2014-07-26,2014,7,26,24.8,33.6,29.200000000000003,0
689175a03cfdbc8f3403d2cc,2014-07-27,2014,7,27,23.6,33.6,28.6,0
689175a03cfdbc8f3403d2cd,2014-07-28,2014,7,28,24,35,29.5,0
689175a03cfdbc8f3403d2ce,2014-07-29,2014,7,29,23.2,34.4,28.799999999999997,0
689175a03cfdbc8f3403d2cf,2014-07-30,2014,7,30,21.8,34.8,28.299999999999997,0
689175a03cfdbc8f3403d2d0,2014-07-31,2014,7,31,24.6,35.6,30.1,0
689175a03cfdbc8f3403d2d1,2014-08-01,2014,8,1,23.2,35,29.1,0
689175a03cfdbc8f3403d2d2,2014-08-02,2014,8,2,21.4,34.6,28,0
689175a03cfdbc8f3403d2d3,2014-08-03,2014,8,3,24.4,34.8,29.599999999999998,0
689175a03cfdbc8f3403d2d4,2014-08-04,2014,8,4,24.8,33.4,29.1,0
689175a03cfdbc8f3403d2d5,2014-08-05,2014,8,5,26.2,33,29.6,0
689175a03cfdbc8f3403d2d6,2014-08-06,2014,8,6,23.2,30,26.6,0
689175a03cfdbc8f3403d2d7,2014-08-07,2014,8,7,23.4,31.2,27.299999999999997,0
689175a03cfdbc8f3403d2d8,2014-08-08,2014,8,8,21.8,35.2,28.5,0
689175a03cfdbc8f3403d2d9,2014-08-09,2014,8,9,24,33.4,28.7,0
689175a03cfdbc8f3403d2da,2014-08-10,2014,8,10,23.2,33.8,28.5,0
689175a03cfdbc8f3403d2db,2014-08-11,2014,8,11,24.4,32.8,28.599999999999998,0
689175a03cfdbc8f3403d2dc,2014-08-12,2014,8,12,23.6,33.8,28.7,0
689175a03cfdbc8f3403d2dd,2014-08-13,2014,8,13,23.2,35,29.1,0
689175a03cfdbc8f3403d2de,2014-08-14,2014,8,14,24.2,34.4,29.299999999999997,0
689175a03cfdbc8f3403d2df,2014-08-15,2014,8,15,24,31.6,27.8,0
689175a03cfdbc8f3403d2e0,2014-08-16,2014,8,16,23.2,33,28.1,0
689175a03cfdbc8f3403d2e1,2014-08-17,2014,8,17,23,34,28.5,0
689175a03cfdbc8f3403d2e2,2014-08-18,2014,8,18,24.6,33.8,29.2,0
689175a03cfdbc8f3403d2e3,2014-08-19,2014,8,19,24.2,32.6,28.4,0
689175a03cfdbc8f3403d2e4,2014-08-20,2014,8,20,23.4,33.2,28.3,0
689175a03cfdbc8f3403d2e5,2014-08-21,2014,8,21,22.6,31.6,27.1,0
689175a03cfdbc8f3403d2e6,2014-08-22,2014,8,22,24.4,33.6,29,0
689175a03cfdbc8f3403d2e7,2014-08-23,2014,8,23,23.8,27.8,25.8,0
689175a03cfdbc8f3403d2e8,2014-08-24,2014,8,24,22.6,31.8,27.200000000000003,0
689175a03cfdbc8f3403d2e9,2014-08-25,2014,8,25,23.6,31,27.3,0
689175a03cfdbc8f3403d2ea,2014-08-26,2014,8,26,22.2,30.2,26.2,0
689175a03cfdbc8f3403d2eb,2014-08-27,2014,8,27,22,33,27.5,0
689175a03cfdbc8f3403d2ec,2014-08-28,2014,8,28,24.6,33.6,29.1,0
689175a03cfdbc8f3403d2ed,2014-08-29,2014,8,29,23,33.8,28.4,0
689175a03cfdbc8f3403d2ee,2014-08-30,2014,8,30,23.2,33,28.1,0
689175a03cfdbc8f3403d2ef,2014-08-31,2014,8,31,22.4,34,28.2,0
689175a03cfdbc8f3403d2f0,2014-09-01,2014,9,1,21.6,34,27.8,0
689175a03cfdbc8f3403d2f1,2014-09-02,2014,9,2,22.8,35,28.9,0
689175a03cfdbc8f3403d2f2,2014-09-03,2014,9,3,23.2,34,28.6,0
689175a03cfdbc8f3403d2f3,2014-09-04,2014,9,4,23.2,31.6,27.4,0
689175a03cfdbc8f3403d2f4,2014-09-05,2014,9,5,22.6,35.2,28.900000000000002,0
689175a03cfdbc8f3403d2f5,2014-09-06,2014,9,6,22,34.2,28.1,0
689175a03cfdbc8f3403d2f6,2014-09-07,2014,9,7,22.6,31,26.8,0
689175a03cfdbc8f3403d2f7,2014-09-08,2014,9,8,22.8,35.2,29,0
689175a03cfdbc8f3403d2f8,2014-09-09,2014,9,9,23,32,27.5,0
689175a03cfdbc8f3403d2f9,2014-09-10,2014,9,10,23,35,29,0
689175a03cfdbc8f3403d2fa,2014-09-11,2014,9,11,22.8,33.4,28.1,0
689175a03cfdbc8f3403d2fb,2014-09-12,2014,9,12,23.2,31.6,27.4,0
689175a03cfdbc8f3403d2fc,2014-09-13,2014,9,13,24,28.6,26.3,0
689175a03cfdbc8f3403d2fd,2014-09-14,2014,9,14,23.4,29.2,26.299999999999997,0
689175a03cfdbc8f3403d2fe,2014-09-15,2014,9,15,22.2,30.4,26.299999999999997,0
689175a03cfdbc8f3403d2ff,2014-09-16,2014,9,16,24.2,32.2,28.200000000000003,0
689175a03cfdbc8f3403d300,2014-09-17,2014,9,17,22.4,33.4,27.9,0
689175a03cfdbc8f3403d301,2014-09-18,2014,9,18,24.4,32.2,28.3,0
689175a03cfdbc8f3403d302,2014-09-19,2014,9,19,24.2,29.6,26.9,0
689175a03cfdbc8f3403d303,2014-09-20,2014,9,20,22.6,33,27.8,0
689175a03cfdbc8f3403d304,2014-09-21,2014,9,21,22.6,32.2,27.400000000000002,0
689175a03cfdbc8f3403d305,2014-09-22,2014,9,22,22.8,32.8,27.799999999999997,0
689175a03cfdbc8f3403d306,2014-09-23,2014,9,23,23.4,31.6,27.5,0
689175a03cfdbc8f3403d307,2014-09-24,2014,9,24,23.4,31.2,27.299999999999997,0
689175a03cfdbc8f3403d308,2014-09-25,2014,9,25,23.2,32.4,27.799999999999997,0
689175a03cfdbc8f3403d309,2014-09-26,2014,9,26,22.4,32.6,27.5,0
689175a03cfdbc8f3403d30a,2014-09-27,2014,9,27,23.2,32.2,27.700000000000003,0
689175a03cfdbc8f3403d30b,2014-09-28,2014,9,28,24,31.2,27.6,0
689175a03cfdbc8f3403d30c,2014-09-29,2014,9,29,23.4,31.6,27.5,0
689175a03cfdbc8f3403d30d,2014-09-30,2014,9,30,23.2,32,27.6,0
689175a03cfdbc8f3403d30e,2014-10-01,2014,10,1,23,32,27.5,0
689175a03cfdbc8f3403d30f,2014-10-02,2014,10,2,23.6,32,27.8,0
689175a03cfdbc8f3403d310,2014-10-03,2014,10,3,22.4,32,27.2,0
689175a03cfdbc8f3403d311,2014-10-04,2014,10,4,23.6,31,27.3,0
689175a03cfdbc8f3403d312,2014-10-05,2014,10,5,24.2,30,27.1,0
689175a03cfdbc8f3403d313,2014-10-06,2014,10,6,23,31.8,27.4,0
689175a03cfdbc8f3403d314,2014-10-07,2014,10,7,22.81434375,31.894484375,27.3544140625,0
689175a03cfdbc8f3403d315,2014-10-08,2014,10,8,22.6,31.6,27.1,0
689175a03cfdbc8f3403d316,2014-10-09,2014,10,9,23.4,33.4,28.4,0
689175a03cfdbc8f3403d317,2014-10-10,2014,10,10,22.4,33.4,27.9,0
689175a03cfdbc8f3403d318,2014-10-11,2014,10,11,22.2,33,27.6,0
689175a03cfdbc8f3403d319,2014-10-12,2014,10,12,23.2,31.8,27.5,0
689175a03cfdbc8f3403d31a,2014-10-13,2014,10,13,24.6,31.6,28.1,0
689175a03cfdbc8f3403d31b,2014-10-14,2014,10,14,23.2,31.2,27.2,0
689175a03cfdbc8f3403d31c,2014-10-15,2014,10,15,23.2,31.4,27.299999999999997,0
689175a03cfdbc8f3403d31d,2014-10-16,2014,10,16,22.8,31.6,27.200000000000003,0
689175a03cfdbc8f3403d31e,2014-10-17,2014,10,17,24.2,29.6,26.9,0
689175a03cfdbc8f3403d31f,2014-10-18,2014,10,18,23.2,27.8,25.5,0
689175a03cfdbc8f3403d320,2014-10-19,2014,10,19,23.2,28.6,25.9,0
689175a03cfdbc8f3403d321,2014-10-20,2014,10,20,22.8,31.6,27.200000000000003,0
689175a03cfdbc8f3403d322,2014-10-21,2014,10,21,23,31.8,27.4,0
689175a03cfdbc8f3403d323,2014-10-22,2014,10,22,22.8,29.6,26.200000000000003,0
689175a03cfdbc8f3403d324,2014-10-23,2014,10,23,23,31.2,27.1,0
689175a03cfdbc8f3403d325,2014-10-24,2014,10,24,23.2,30.4,26.799999999999997,0
689175a03cfdbc8f3403d326,2014-10-25,2014,10,25,23.6,32,27.8,0
689175a03cfdbc8f3403d327,2014-10-26,2014,10,26,23.6,32,27.8,0
689175a03cfdbc8f3403d328,2014-10-27,2014,10,27,23.6,31.4,27.5,0
689175a03cfdbc8f3403d329,2014-10-28,2014,10,28,23.8,31.6,27.700000000000003,0
689175a03cfdbc8f3403d32a,2014-10-29,2014,10,29,22.8,31,26.9,0
689175a03cfdbc8f3403d32b,2014-10-30,2014,10,30,23.4,31,27.2,0
689175a03cfdbc8f3403d32c,2014-10-31,2014,10,31,22.6,30.6,26.6,0
689175a03cfdbc8f3403d32d,2014-11-01,2014,11,1,24.2,30.6,27.4,0
689175a03cfdbc8f3403d32e,2014-11-02,2014,11,2,23.8,26.8,25.3,0
689175a03cfdbc8f3403d32f,2014-11-03,2014,11,3,23.6,25.8,24.700000000000003,0
689175a03cfdbc8f3403d330,2014-11-04,2014,11,4,23.2,31.6,27.4,0
689175a03cfdbc8f3403d331,2014-11-05,2014,11,5,23.2,34,28.6,0
689175a03cfdbc8f3403d332,2014-11-06,2014,11,6,23.4,33.2,28.3,0
689175a03cfdbc8f3403d333,2014-11-07,2014,11,7,23.4,32.6,28,0
689175a03cfdbc8f3403d334,2014-11-08,2014,11,8,23.8,29,26.4,0
689175a03cfdbc8f3403d335,2014-11-09,2014,11,9,23.4,28.4,25.9,0
689175a03cfdbc8f3403d336,2014-11-10,2014,11,10,22.8,32.6,27.700000000000003,0
689175a03cfdbc8f3403d337,2014-11-11,2014,11,11,23.8,31.6,27.700000000000003,0
689175a03cfdbc8f3403d338,2014-11-12,2014,11,12,23.4,31.6,27.5,0
689175a03cfdbc8f3403d339,2014-11-13,2014,11,13,23,30.6,26.8,0
689175a03cfdbc8f3403d33a,2014-11-14,2014,11,14,23.2,33,28.1,0
689175a03cfdbc8f3403d33b,2014-11-15,2014,11,15,23.4,33.2,28.3,0
689175a03cfdbc8f3403d33c,2014-11-16,2014,11,16,24,32.4,28.2,0
689175a03cfdbc8f3403d33d,2014-11-17,2014,11,17,23.4,32.4,27.9,0
689175a03cfdbc8f3403d33e,2014-11-18,2014,11,18,23.8,32.8,28.299999999999997,0
689175a03cfdbc8f3403d33f,2014-11-19,2014,11,19,23.8,31,27.4,0
689175a03cfdbc8f3403d340,2014-11-20,2014,11,20,23.2,32,27.6,0
689175a03cfdbc8f3403d341,2014-11-21,2014,11,21,24.4,33,28.7,0
689175a03cfdbc8f3403d342,2014-11-22,2014,11,22,23,31.2,27.1,0
689175a03cfdbc8f3403d343,2014-11-23,2014,11,23,23,29.8,26.4,0
689175a03cfdbc8f3403d344,2014-11-24,2014,11,24,23.4,31.4,27.4,0
689175a03cfdbc8f3403d345,2014-11-25,2014,11,25,23,33,28,0
689175a03cfdbc8f3403d346,2014-11-26,2014,11,26,23.8,30.2,27,0
689175a03cfdbc8f3403d347,2014-11-27,2014,11,27,23.2,32,27.6,0
689175a03cfdbc8f3403d348,2014-11-28,2014,11,28,23.8,30,26.9,0
689175a03cfdbc8f3403d349,2014-11-29,2014,11,29,23.8,32.2,28,0
689175a03cfdbc8f3403d34a,2014-11-30,2014,11,30,23.8,30.8,27.3,0
689175a03cfdbc8f3403d34b,2014-12-01,2014,12,1,23.8,32.2,28,0
689175a03cfdbc8f3403d34c,2014-12-02,2014,12,2,24.4,31,27.7,0
689175a03cfdbc8f3403d34d,2014-12-03,2014,12,3,23.8,28.6,26.200000000000003,0
689175a03cfdbc8f3403d34e,2014-12-04,2014,12,4,23.6,31.2,27.4,0
689175a03cfdbc8f3403d34f,2014-12-05,2014,12,5,23.4,32.6,28,0
689175a03cfdbc8f3403d350,2014-12-06,2014,12,6,23.8,31,27.4,0
689175a03cfdbc8f3403d351,2014-12-07,2014,12,7,22.6,33,27.8,0
689175a03cfdbc8f3403d352,2014-12-08,2014,12,8,23.8,30.6,27.200000000000003,0
689175a03cfdbc8f3403d353,2014-12-09,2014,12,9,22.8,33,27.9,0
689175a03cfdbc8f3403d354,2014-12-10,2014,12,10,23.4,33.4,28.4,0
689175a03cfdbc8f3403d355,2014-12-11,2014,12,11,23.2,32.4,27.799999999999997,0
689175a03cfdbc8f3403d356,2014-12-12,2014,12,12,21.8,32.6,27.200000000000003,0
689175a03cfdbc8f3403d357,2014-12-13,2014,12,13,22.8,33,27.9,0
689175a03cfdbc8f3403d358,2014-12-14,2014,12,14,23.6,32.2,27.900000000000002,0
689175a03cfdbc8f3403d359,2014-12-15,2014,12,15,24,33.2,28.6,0
689175a03cfdbc8f3403d35a,2014-12-16,2014,12,16,24,32.6,28.3,0
689175a03cfdbc8f3403d35b,2014-12-17,2014,12,17,24.6,28.4,26.5,0
689175a03cfdbc8f3403d35c,2014-12-18,2014,12,18,24,29.4,26.7,0
689175a03cfdbc8f3403d35d,2014-12-19,2014,12,19,24.4,28.8,26.6,0
689175a03cfdbc8f3403d35e,2014-12-20,2014,12,20,23.6,32,27.8,0
689175a03cfdbc8f3403d35f,2014-12-21,2014,12,21,23.6,28.2,25.9,0
689175a03cfdbc8f3403d360,2014-12-22,2014,12,22,23.4,26.4,24.9,0
689175a03cfdbc8f3403d361,2014-12-23,2014,12,23,23.8,29.6,26.700000000000003,0
689175a03cfdbc8f3403d362,2014-12-24,2014,12,24,23.8,27.6,25.700000000000003,0
689175a03cfdbc8f3403d363,2014-12-25,2014,12,25,24.4,25.2,24.799999999999997,0
689175a03cfdbc8f3403d364,2014-12-26,2014,12,26,23.6,29.8,26.700000000000003,0
689175a03cfdbc8f3403d365,2014-12-27,2014,12,27,23.8,30.6,27.200000000000003,0
689175a03cfdbc8f3403d366,2014-12-28,2014,12,28,23.6,30.6,27.1,0
689175a03cfdbc8f3403d367,2014-12-29,2014,12,29,23.2,31,27.1,0
689175a03cfdbc8f3403d368,2014-12-30,2014,12,30,22.6,32.8,27.7,0
689175a03cfdbc8f3403d369,2014-12-31,2014,12,31,24.4,33,28.7,0
689175a03cfdbc8f3403d36a,2015-01-01,2015,1,1,23.4,31.2,27.299999999999997,0
689175a03cfdbc8f3403d36b,2015-01-02,2015,1,2,24.4,32.2,28.3,0
689175a03cfdbc8f3403d36c,2015-01-03,2015,1,3,23.6,30.8,27.200000000000003,0
689175a03cfdbc8f3403d36d,2015-01-04,2015,1,4,24.2,32.2,28.200000000000003,0
689175a03cfdbc8f3403d36e,2015-01-05,2015,1,5,22.2,31.6,26.9,0
689175a03cfdbc8f3403d36f,2015-01-06,2015,1,6,23.8,30.8,27.3,0
689175a03cfdbc8f3403d370,2015-01-07,2015,1,7,22.2,31.2,26.7,0
689175a03cfdbc8f3403d371,2015-01-08,2015,1,8,23.4,31.8,27.6,0
689175a03cfdbc8f3403d372,2015-01-09,2015,1,9,23.6,30.2,26.9,0
689175a03cfdbc8f3403d373,2015-01-10,2015,1,10,23.6,31.6,27.6,0
689175a03cfdbc8f3403d374,2015-01-11,2015,1,11,22.2,31.2,26.7,0
689175a03cfdbc8f3403d375,2015-01-12,2015,1,12,24,30.2,27.1,0
689175a03cfdbc8f3403d376,2015-01-13,2015,1,13,22.8,32.4,27.6,0
689175a03cfdbc8f3403d377,2015-01-14,2015,1,14,24,32.6,28.3,0
689175a03cfdbc8f3403d378,2015-01-15,2015,1,15,23.4,30.6,27,0
689175a03cfdbc8f3403d379,2015-01-16,2015,1,16,23.6,32.4,28,0
689175a03cfdbc8f3403d37a,2015-01-17,2015,1,17,23.4,32,27.7,0
689175a03cfdbc8f3403d37b,2015-01-18,2015,1,18,22,32.6,27.3,0
689175a03cfdbc8f3403d37c,2015-01-19,2015,1,19,21.2,31.8,26.5,0
689175a03cfdbc8f3403d37d,2015-01-20,2015,1,20,21.8,33,27.4,0
689175a03cfdbc8f3403d37e,2015-01-21,2015,1,21,23.8,32.2,28,0
689175a03cfdbc8f3403d37f,2015-01-22,2015,1,22,23.8,33.2,28.5,0
689175a03cfdbc8f3403d380,2015-01-23,2015,1,23,23,32.8,27.9,0
689175a03cfdbc8f3403d381,2015-01-24,2015,1,24,20.6,32.4,26.5,0
689175a03cfdbc8f3403d382,2015-01-25,2015,1,25,24.2,31,27.6,0
689175a03cfdbc8f3403d383,2015-01-26,2015,1,26,24,31,27.5,0
689175a03cfdbc8f3403d384,2015-01-27,2015,1,27,23.4,32.6,28,0
689175a03cfdbc8f3403d385,2015-01-28,2015,1,28,22,32,27,0
689175a03cfdbc8f3403d386,2015-01-29,2015,1,29,22.4,33.2,27.8,0
689175a03cfdbc8f3403d387,2015-01-30,2015,1,30,24.6,34,29.3,0
689175a03cfdbc8f3403d388,2015-01-31,2015,1,31,22.6,32.2,27.400000000000002,0
689175a03cfdbc8f3403d389,2015-02-01,2015,2,1,23.8,31.8,27.8,0
689175a03cfdbc8f3403d38a,2015-02-02,2015,2,2,21.4,31.8,26.6,0
689175a03cfdbc8f3403d38b,2015-02-03,2015,2,3,22.2,31.8,27,0
689175a03cfdbc8f3403d38c,2015-02-04,2015,2,4,21.8,31.8,26.8,0
689175a03cfdbc8f3403d38d,2015-02-05,2015,2,5,22.6,30.8,26.700000000000003,0
689175a03cfdbc8f3403d38e,2015-02-06,2015,2,6,23.6,31,27.3,0
689175a03cfdbc8f3403d38f,2015-02-07,2015,2,7,23.6,31.8,27.700000000000003,0
689175a03cfdbc8f3403d390,2015-02-08,2015,2,8,23.4,31.2,27.299999999999997,0
689175a03cfdbc8f3403d391,2015-02-09,2015,2,9,23.4,29.8,26.6,0
689175a03cfdbc8f3403d392,2015-02-10,2015,2,10,23.2,31,27.1,0
689175a03cfdbc8f3403d393,2015-02-11,2015,2,11,19.6,31.6,25.6,0
689175a03cfdbc8f3403d394,2015-02-12,2015,2,12,20.8,32.4,26.6,0
689175a03cfdbc8f3403d395,2015-02-13,2015,2,13,20.6,32.6,26.6,0
689175a03cfdbc8f3403d396,2015-02-14,2015,2,14,20.8,33,26.9,0
689175a03cfdbc8f3403d397,2015-02-15,2015,2,15,21.6,31.6,26.6,0
689175a03cfdbc8f3403d398,2015-02-16,2015,2,16,22.8,31,26.9,0
689175a03cfdbc8f3403d399,2015-02-17,2015,2,17,24.4,29.500394736842104,26.95019736842105,0
689175a03cfdbc8f3403d39a,2015-02-18,2015,2,18,23.2,25.6,24.4,0
689175a03cfdbc8f3403d39b,2015-02-19,2015,2,19,22,31.4,26.7,0
689175a03cfdbc8f3403d39c,2015-02-20,2015,2,20,21,33.4,27.2,0
689175a03cfdbc8f3403d39d,2015-02-21,2015,2,21,21.4,32.6,27,0
689175a03cfdbc8f3403d39e,2015-02-22,2015,2,22,20.6,32.8,26.7,0
689175a03cfdbc8f3403d39f,2015-02-23,2015,2,23,20.4,32.4,26.4,0
689175a03cfdbc8f3403d3a0,2015-02-24,2015,2,24,21,34.2,27.6,0
689175a03cfdbc8f3403d3a1,2015-02-25,2015,2,25,22.4,33.4,27.9,0
689175a03cfdbc8f3403d3a2,2015-02-26,2015,2,26,22,32.8,27.4,0
689175a03cfdbc8f3403d3a3,2015-02-27,2015,2,27,22.6,33,27.8,0
689175a03cfdbc8f3403d3a4,2015-02-28,2015,2,28,24,33.8,28.9,0
689175a03cfdbc8f3403d3a5,2015-03-01,2015,3,1,22.2,33,27.6,0
689175a03cfdbc8f3403d3a6,2015-03-02,2015,3,2,22.8,33.8,28.299999999999997,0
689175a03cfdbc8f3403d3a7,2015-03-03,2015,3,3,22.2,32.4,27.299999999999997,0
689175a03cfdbc8f3403d3a8,2015-03-04,2015,3,4,22.2,33,27.6,0
689175a03cfdbc8f3403d3a9,2015-03-05,2015,3,5,23.2,32,27.6,0
689175a03cfdbc8f3403d3aa,2015-03-06,2015,3,6,22.4,33.6,28,0
689175a03cfdbc8f3403d3ab,2015-03-07,2015,3,7,22,33.2,27.6,0
689175a03cfdbc8f3403d3ac,2015-03-08,2015,3,8,23,31.8,27.4,0
689175a03cfdbc8f3403d3ad,2015-03-09,2015,3,9,22.4,32.4,27.4,0
689175a03cfdbc8f3403d3ae,2015-03-10,2015,3,10,23.6,32.6,28.1,0
689175a03cfdbc8f3403d3af,2015-03-11,2015,3,11,22.6,33,27.8,0
689175a03cfdbc8f3403d3b0,2015-03-12,2015,3,12,22.4,34,28.2,0
689175a03cfdbc8f3403d3b1,2015-03-13,2015,3,13,23.19775784753363,34.2,28.698878923766816,0
689175a03cfdbc8f3403d3b2,2015-03-14,2015,3,14,24.6,34.2,29.400000000000002,0
689175a03cfdbc8f3403d3b3,2015-03-15,2015,3,15,22,33.8,27.9,0
689175a03cfdbc8f3403d3b4,2015-03-16,2015,3,16,20.8,34.6,27.700000000000003,0
689175a03cfdbc8f3403d3b5,2015-03-17,2015,3,17,22,33.2,27.6,0
689175a03cfdbc8f3403d3b6,2015-03-18,2015,3,18,22,34.8,28.4,0
689175a03cfdbc8f3403d3b7,2015-03-19,2015,3,19,24.6,32.6,28.6,0
689175a03cfdbc8f3403d3b8,2015-03-20,2015,3,20,22.2,34,28.1,0
689175a03cfdbc8f3403d3b9,2015-03-21,2015,3,21,23.6,34,28.8,0
689175a03cfdbc8f3403d3ba,2015-03-22,2015,3,22,22.6,34.8,28.7,0
689175a03cfdbc8f3403d3bb,2015-03-23,2015,3,23,23.2,33.6,28.4,0
689175a03cfdbc8f3403d3bc,2015-03-24,2015,3,24,23,33.2,28.1,0
689175a03cfdbc8f3403d3bd,2015-03-25,2015,3,25,23,34.4,28.7,0
689175a03cfdbc8f3403d3be,2015-03-26,2015,3,26,24.2,33,28.6,0
689175a03cfdbc8f3403d3bf,2015-03-27,2015,3,27,23.2,33.8,28.5,0
689175a03cfdbc8f3403d3c0,2015-03-28,2015,3,28,25,33.2,29.1,0
689175a03cfdbc8f3403d3c1,2015-03-29,2015,3,29,25,33.4,29.2,0
689175a03cfdbc8f3403d3c2,2015-03-30,2015,3,30,23,32.961352154531944,27.980676077265972,0
689175a03cfdbc8f3403d3c3,2015-03-31,2015,3,31,24.8,32.6,28.700000000000003,0
689175a03cfdbc8f3403d3c4,2015-04-01,2015,4,1,22.6,32.2,27.400000000000002,0
689175a03cfdbc8f3403d3c5,2015-04-02,2015,4,2,23,33.6,28.3,0
689175a03cfdbc8f3403d3c6,2015-04-03,2015,4,3,22.4,33.4,27.9,0
689175a03cfdbc8f3403d3c7,2015-04-04,2015,4,4,23,33.6,28.3,0
689175a03cfdbc8f3403d3c8,2015-04-05,2015,4,5,24,32.4,28.2,0
689175a03cfdbc8f3403d3c9,2015-04-06,2015,4,6,24.15687116564417,33.2,28.678435582822086,0
689175a03cfdbc8f3403d3ca,2015-04-07,2015,4,7,25.4,31.8,28.6,0
689175a03cfdbc8f3403d3cb,2015-04-08,2015,4,8,23.8,34.2,29,0
689175a03cfdbc8f3403d3cc,2015-04-09,2015,4,9,23.8,33,28.4,0
689175a03cfdbc8f3403d3cd,2015-04-10,2015,4,10,24.4,32.2,28.3,0
689175a03cfdbc8f3403d3ce,2015-04-11,2015,4,11,24.2,32.6,28.4,0
689175a03cfdbc8f3403d3cf,2015-04-12,2015,4,12,22.8,32.4,27.6,0
689175a03cfdbc8f3403d3d0,2015-04-13,2015,4,13,23.6,33.2,28.400000000000002,0
689175a03cfdbc8f3403d3d1,2015-04-14,2015,4,14,23.2,31.8,27.5,0
689175a03cfdbc8f3403d3d2,2015-04-15,2015,4,15,22.8,31.6,27.200000000000003,0
689175a03cfdbc8f3403d3d3,2015-04-16,2015,4,16,22.2,33,27.6,0
689175a03cfdbc8f3403d3d4,2015-04-17,2015,4,17,24.8,33.2,29,0
689175a03cfdbc8f3403d3d5,2015-04-18,2015,4,18,22.8,32.4,27.6,0
689175a03cfdbc8f3403d3d6,2015-04-19,2015,4,19,24,33.2,28.6,0
689175a03cfdbc8f3403d3d7,2015-04-20,2015,4,20,23.2,32.4,27.799999999999997,0
689175a03cfdbc8f3403d3d8,2015-04-21,2015,4,21,23.8,32.4,28.1,0
689175a03cfdbc8f3403d3d9,2015-04-22,2015,4,22,24,30.6,27.3,0
689175a03cfdbc8f3403d3da,2015-04-23,2015,4,23,24,30.2,27.1,0
689175a03cfdbc8f3403d3db,2015-04-24,2015,4,24,22,31.8,26.9,0
689175a03cfdbc8f3403d3dc,2015-04-25,2015,4,25,23,32.8,27.9,0
689175a03cfdbc8f3403d3dd,2015-04-26,2015,4,26,22.8,32.6,27.700000000000003,0
689175a03cfdbc8f3403d3de,2015-04-27,2015,4,27,23.6,29.2,26.4,0
689175a03cfdbc8f3403d3df,2015-04-28,2015,4,28,23.6,32.6,28.1,0
689175a03cfdbc8f3403d3e0,2015-04-29,2015,4,29,23,33,28,0
689175a03cfdbc8f3403d3e1,2015-04-30,2015,4,30,23.6,32.2,27.900000000000002,0
689175a03cfdbc8f3403d3e2,2015-05-01,2015,5,1,23,31.8,27.4,0
689175a03cfdbc8f3403d3e3,2015-05-02,2015,5,2,24,32.8,28.4,0
689175a03cfdbc8f3403d3e4,2015-05-03,2015,5,3,24,34.4,29.2,0
689175a03cfdbc8f3403d3e5,2015-05-04,2015,5,4,24,33.4,28.7,0
689175a03cfdbc8f3403d3e6,2015-05-05,2015,5,5,24.4,33.8,29.099999999999998,0
689175a03cfdbc8f3403d3e7,2015-05-06,2015,5,6,23.4,33,28.2,0
689175a03cfdbc8f3403d3e8,2015-05-07,2015,5,7,24,33.2,28.6,0
689175a03cfdbc8f3403d3e9,2015-05-08,2015,5,8,23.4,33.4,28.4,0
689175a03cfdbc8f3403d3ea,2015-05-09,2015,5,9,23.6,33.4,28.5,0
689175a03cfdbc8f3403d3eb,2015-05-10,2015,5,10,23.8,32.2,28,0
689175a03cfdbc8f3403d3ec,2015-05-11,2015,5,11,23.2,33.2,28.200000000000003,0
689175a03cfdbc8f3403d3ed,2015-05-12,2015,5,12,24,32.4,28.2,0
689175a03cfdbc8f3403d3ee,2015-05-13,2015,5,13,24,33,28.5,0
689175a03cfdbc8f3403d3ef,2015-05-14,2015,5,14,24.6,33,28.8,0
689175a03cfdbc8f3403d3f0,2015-05-15,2015,5,15,23.4,32.4,27.9,0
689175a03cfdbc8f3403d3f1,2015-05-16,2015,5,16,24,34.2,29.1,0
689175a03cfdbc8f3403d3f2,2015-05-17,2015,5,17,24.4,33.4,28.9,0
689175a03cfdbc8f3403d3f3,2015-05-18,2015,5,18,23.6,34,28.8,0
689175a03cfdbc8f3403d3f4,2015-05-19,2015,5,19,23.2,34.4,28.799999999999997,0
689175a03cfdbc8f3403d3f5,2015-05-20,2015,5,20,24,34,29,0
689175a03cfdbc8f3403d3f6,2015-05-21,2015,5,21,24,34.2,29.1,0
689175a03cfdbc8f3403d3f7,2015-05-22,2015,5,22,24,33.4,28.7,0
689175a03cfdbc8f3403d3f8,2015-05-23,2015,5,23,24.2,32.8,28.5,0
689175a03cfdbc8f3403d3f9,2015-05-24,2015,5,24,24.6,33.8,29.2,0
689175a03cfdbc8f3403d3fa,2015-05-25,2015,5,25,24.2,33.6,28.9,0
689175a03cfdbc8f3403d3fb,2015-05-26,2015,5,26,24.4,32.2,28.3,0
689175a03cfdbc8f3403d3fc,2015-05-27,2015,5,27,23.4,33.4,28.4,0
689175a03cfdbc8f3403d3fd,2015-05-28,2015,5,28,24,34.4,29.2,0
689175a03cfdbc8f3403d3fe,2015-05-29,2015,5,29,23.4,33,28.2,0
689175a03cfdbc8f3403d3ff,2015-05-30,2015,5,30,23.2,32.6,27.9,0
689175a03cfdbc8f3403d400,2015-05-31,2015,5,31,24.6,32.6,28.6,0
689175a03cfdbc8f3403d401,2015-06-01,2015,6,1,22.8,33.4,28.1,0
689175a03cfdbc8f3403d402,2015-06-02,2015,6,2,24,33.2,28.6,0
689175a03cfdbc8f3403d403,2015-06-03,2015,6,3,23.4,33.8,28.599999999999998,0
689175a03cfdbc8f3403d404,2015-06-04,2015,6,4,24.4,33.2,28.8,0
689175a03cfdbc8f3403d405,2015-06-05,2015,6,5,25,32.6,28.8,0
689175a03cfdbc8f3403d406,2015-06-06,2015,6,6,23.7,32.8,28.25,0
689175a03cfdbc8f3403d407,2015-06-07,2015,6,7,23.8,33.2,28.5,0
689175a03cfdbc8f3403d408,2015-06-08,2015,6,8,24.6,32.2,28.400000000000002,0
689175a03cfdbc8f3403d409,2015-06-09,2015,6,9,23.4,33,28.2,0
689175a03cfdbc8f3403d40a,2015-06-10,2015,6,10,23.8,33.6,28.700000000000003,0
689175a03cfdbc8f3403d40b,2015-06-11,2015,6,11,24,32.6,28.3,0
689175a03cfdbc8f3403d40c,2015-06-12,2015,6,12,24,33.2,28.6,0
689175a03cfdbc8f3403d40d,2015-06-13,2015,6,13,23.4,32.2,27.8,0
689175a03cfdbc8f3403d40e,2015-06-14,2015,6,14,24,31,27.5,0
689175a03cfdbc8f3403d40f,2015-06-15,2015,6,15,23.4,29.4,26.4,0
689175a03cfdbc8f3403d410,2015-06-16,2015,6,16,22.8,32.8,27.799999999999997,0
689175a03cfdbc8f3403d411,2015-06-17,2015,6,17,22.8,29.6,26.200000000000003,0
689175a03cfdbc8f3403d412,2015-06-18,2015,6,18,22.8,33,27.9,0
689175a03cfdbc8f3403d413,2015-06-19,2015,6,19,23,33.8,28.4,0
689175a03cfdbc8f3403d414,2015-06-20,2015,6,20,23.4,32.8,28.099999999999998,0
689175a03cfdbc8f3403d415,2015-06-21,2015,6,21,21.8,34.6,28.200000000000003,0
689175a03cfdbc8f3403d416,2015-06-22,2015,6,22,22.6,33.8,28.2,0
689175a03cfdbc8f3403d417,2015-06-23,2015,6,23,22.2,34.4,28.299999999999997,0
689175a03cfdbc8f3403d418,2015-06-24,2015,6,24,22.6,34.4,28.5,0
689175a03cfdbc8f3403d419,2015-06-25,2015,6,25,23.6,35.2,29.400000000000002,0
689175a03cfdbc8f3403d41a,2015-06-27,2015,6,27,22.8,34.2,28.5,0
689175a03cfdbc8f3403d41b,2015-06-28,2015,6,28,21.8,34.8,28.299999999999997,0
689175a03cfdbc8f3403d41c,2015-06-29,2015,6,29,23.2,34,28.6,0
689175a03cfdbc8f3403d41d,2015-06-30,2015,6,30,22.6,34.2,28.400000000000002,0
689175a03cfdbc8f3403d41e,2015-07-01,2015,7,1,21.4,34.6,28,0
689175a03cfdbc8f3403d41f,2015-07-02,2015,7,2,22.4,35.4,28.9,0
689175a03cfdbc8f3403d420,2015-07-03,2015,7,3,23.4,33.6,28.5,0
689175a03cfdbc8f3403d421,2015-07-04,2015,7,4,24,33.4,28.7,0
689175a03cfdbc8f3403d422,2015-07-05,2015,7,5,24,32.8,28.4,0
689175a03cfdbc8f3403d423,2015-07-06,2015,7,6,23.6,32,27.8,0
689175a03cfdbc8f3403d424,2015-07-07,2015,7,7,24.2,29,26.6,0
689175a03cfdbc8f3403d425,2015-07-08,2015,7,8,25.2,32.8,29,0
689175a03cfdbc8f3403d426,2015-07-09,2015,7,9,25,32.8,28.9,0
689175a03cfdbc8f3403d427,2015-07-10,2015,7,10,26.4,33.4,29.9,0
689175a03cfdbc8f3403d428,2015-07-11,2015,7,11,26.2,34,30.1,0
689175a03cfdbc8f3403d429,2015-07-12,2015,7,12,26.2,34.2,30.200000000000003,0
689175a03cfdbc8f3403d42a,2015-07-13,2015,7,13,24.4,31.4,27.9,0
689175a03cfdbc8f3403d42b,2015-07-14,2015,7,14,25.6,31.8,28.700000000000003,0
689175a03cfdbc8f3403d42c,2015-07-15,2015,7,15,24,32.2,28.1,0
689175a03cfdbc8f3403d42d,2015-07-16,2015,7,16,23,34.4,28.7,0
689175a03cfdbc8f3403d42e,2015-07-17,2015,7,17,22.8,34.2,28.5,0
689175a03cfdbc8f3403d42f,2015-07-18,2015,7,18,23.2,30,26.6,0
689175a03cfdbc8f3403d430,2015-07-19,2015,7,19,24,34.8,29.4,0
689175a03cfdbc8f3403d431,2015-07-20,2015,7,20,24.2,32.8,28.5,0
689175a03cfdbc8f3403d432,2015-07-21,2015,7,21,22.8,31.2,27,0
689175a03cfdbc8f3403d433,2015-07-23,2015,7,23,22.8,32.8,27.799999999999997,0
689175a03cfdbc8f3403d434,2015-07-24,2015,7,24,24.6,34,29.3,0
689175a03cfdbc8f3403d435,2015-07-25,2015,7,25,25.2,32.8,29,0
689175a03cfdbc8f3403d436,2015-07-26,2015,7,26,22.2,33,27.6,0
689175a03cfdbc8f3403d437,2015-07-27,2015,7,27,22.4,33.2,27.8,0
689175a03cfdbc8f3403d438,2015-07-28,2015,7,28,22.6,33.2,27.900000000000002,0
689175a03cfdbc8f3403d439,2015-07-29,2015,7,29,23.6,32,27.8,0
689175a03cfdbc8f3403d43a,2015-07-30,2015,7,30,23.2,33,28.1,0
689175a03cfdbc8f3403d43b,2015-07-31,2015,7,31,23,31.2,27.1,0
689175a03cfdbc8f3403d43c,2015-08-01,2015,8,1,22.6,31.4,27,0
689175a03cfdbc8f3403d43d,2015-08-02,2015,8,2,22.4,33.8,28.099999999999998,0
689175a03cfdbc8f3403d43e,2015-08-03,2015,8,3,24,28,26,0
689175a03cfdbc8f3403d43f,2015-08-04,2015,8,4,22.6,33.4,28,0
689175a03cfdbc8f3403d440,2015-08-05,2015,8,5,23.2,33.6,28.4,0
689175a03cfdbc8f3403d441,2015-08-06,2015,8,6,23,33.2,28.1,0
689175a03cfdbc8f3403d442,2015-08-07,2015,8,7,24.8,31.4,28.1,0
689175a03cfdbc8f3403d443,2015-08-08,2015,8,8,24.2,33,28.6,0
689175a03cfdbc8f3403d444,2015-08-09,2015,8,9,23.4,33,28.2,0
689175a03cfdbc8f3403d445,2015-08-10,2015,8,10,23.8,32.6,28.200000000000003,0
689175a03cfdbc8f3403d446,2015-08-11,2015,8,11,23.8,33.4,28.6,0
689175a03cfdbc8f3403d447,2015-08-12,2015,8,12,24.2,32,28.1,0
689175a03cfdbc8f3403d448,2015-08-13,2015,8,13,23.4,33.6,28.5,0
689175a03cfdbc8f3403d449,2015-08-14,2015,8,14,22.6,33.8,28.2,0
689175a03cfdbc8f3403d44a,2015-08-15,2015,8,15,23,33.4,28.2,0
689175a03cfdbc8f3403d44b,2015-08-16,2015,8,16,24.4,32.4,28.4,0
689175a03cfdbc8f3403d44c,2015-08-17,2015,8,17,22.2,34,28.1,0
689175a03cfdbc8f3403d44d,2015-08-18,2015,8,18,23.2,33,28.1,0
689175a03cfdbc8f3403d44e,2015-08-19,2015,8,19,23.2,32.4,27.799999999999997,0
689175a03cfdbc8f3403d44f,2015-08-20,2015,8,20,23.6,33.8,28.7,0
689175a03cfdbc8f3403d450,2015-08-21,2015,8,21,22.2,32.8,27.5,0
689175a03cfdbc8f3403d451,2015-08-22,2015,8,22,22.6,34.8,28.7,0
689175a03cfdbc8f3403d452,2015-08-23,2015,8,23,23.4,34.6,29,0
689175a03cfdbc8f3403d453,2015-08-24,2015,8,24,23,35,29,0
689175a03cfdbc8f3403d454,2015-08-26,2015,8,26,22.4,34.4,28.4,0
689175a03cfdbc8f3403d455,2015-08-27,2015,8,27,23.4,34.2,28.8,0
689175a03cfdbc8f3403d456,2015-08-28,2015,8,28,24.2,30.8,27.5,0
689175a03cfdbc8f3403d457,2015-08-29,2015,8,29,23.6,32.8,28.2,0
689175a03cfdbc8f3403d458,2015-08-31,2015,8,31,22.2,34,28.1,0
689175a03cfdbc8f3403d459,2015-09-01,2015,9,1,23,34.2,28.6,0
689175a03cfdbc8f3403d45a,2015-09-02,2015,9,2,23.2,34.6,28.9,0
689175a03cfdbc8f3403d45b,2015-09-03,2015,9,3,24.6,33.2,28.900000000000002,0
689175a03cfdbc8f3403d45c,2015-09-04,2015,9,4,23.8,27.6,25.700000000000003,0
689175a03cfdbc8f3403d45d,2015-09-05,2015,9,5,22,30,26,0
689175a03cfdbc8f3403d45e,2015-09-06,2015,9,6,23.2,33.6,28.4,0
689175a03cfdbc8f3403d45f,2015-09-07,2015,9,7,23.2,33.6,28.4,0
689175a03cfdbc8f3403d460,2015-09-08,2015,9,8,23.6,32.8,28.2,0
689175a03cfdbc8f3403d461,2015-09-09,2015,9,9,23,31,27,0
689175a03cfdbc8f3403d462,2015-09-10,2015,9,10,22.4,33.6,28,0
689175a03cfdbc8f3403d463,2015-09-11,2015,9,11,23,32,27.5,0
689175a03cfdbc8f3403d464,2015-09-12,2015,9,12,22,33.6,27.8,0
689175a03cfdbc8f3403d465,2015-09-13,2015,9,13,23.4,32,27.7,0
689175a03cfdbc8f3403d466,2015-09-14,2015,9,14,23.2,33.8,28.5,0
689175a03cfdbc8f3403d467,2015-09-15,2015,9,15,21.8,33.4,27.6,0
689175a03cfdbc8f3403d468,2015-09-16,2015,9,16,24.6,32.8,28.7,0
689175a03cfdbc8f3403d469,2015-09-17,2015,9,17,25.4,31,28.2,0
689175a03cfdbc8f3403d46a,2015-09-18,2015,9,18,23.8,34.2,29,0
689175a03cfdbc8f3403d46b,2015-09-19,2015,9,19,23.6,33.4,28.5,0
689175a03cfdbc8f3403d46c,2015-09-20,2015,9,20,24.2,31,27.6,0
689175a03cfdbc8f3403d46d,2015-09-21,2015,9,21,23.2,33,28.1,0
689175a03cfdbc8f3403d46e,2015-09-22,2015,9,22,23.6,33.4,28.5,0
689175a03cfdbc8f3403d46f,2015-09-23,2015,9,23,22.4,32,27.2,0
689175a03cfdbc8f3403d470,2015-09-24,2015,9,24,22.8,33.6,28.200000000000003,0
689175a03cfdbc8f3403d471,2015-09-25,2015,9,25,23.2,33.6,28.4,0
689175a03cfdbc8f3403d472,2015-09-26,2015,9,26,23,32.6,27.8,0
689175a03cfdbc8f3403d473,2015-09-27,2015,9,27,23.4,32.6,28,0
689175a03cfdbc8f3403d474,2015-09-28,2015,9,28,23.6,33,28.3,0
689175a03cfdbc8f3403d475,2015-09-29,2015,9,29,23.6,28.2,25.9,0
689175a03cfdbc8f3403d476,2015-09-30,2015,9,30,22.4,34.2,28.3,0
689175a03cfdbc8f3403d477,2015-10-01,2015,10,1,23.6,33,28.3,0
689175a03cfdbc8f3403d478,2015-10-02,2015,10,2,23,33.6,28.3,0
689175a03cfdbc8f3403d479,2015-10-03,2015,10,3,22.2,34.4,28.299999999999997,0
689175a03cfdbc8f3403d47a,2015-10-04,2015,10,4,22.4,34.6,28.5,0
689175a03cfdbc8f3403d47b,2015-10-05,2015,10,5,23.2,32.6,27.9,0
689175a03cfdbc8f3403d47c,2015-10-06,2015,10,6,22.8,30.6,26.700000000000003,0
689175a03cfdbc8f3403d47d,2015-10-07,2015,10,7,23.6,30.2,26.9,0
689175a03cfdbc8f3403d47e,2015-10-08,2015,10,8,22.2,33,27.6,0
689175a03cfdbc8f3403d47f,2015-10-09,2015,10,9,24,32,28,0
689175a03cfdbc8f3403d480,2015-10-10,2015,10,10,22.2,32.4,27.299999999999997,0
689175a03cfdbc8f3403d481,2015-10-11,2015,10,11,23.4,33.6,28.5,0
689175a03cfdbc8f3403d482,2015-10-12,2015,10,12,23,32.6,27.8,0
689175a03cfdbc8f3403d483,2015-10-13,2015,10,13,23.6,32.4,28,0
689175a03cfdbc8f3403d484,2015-10-14,2015,10,14,23.2,31.8,27.5,0
689175a03cfdbc8f3403d485,2015-10-15,2015,10,15,23.2,31.6,27.4,0
689175a03cfdbc8f3403d486,2015-10-16,2015,10,16,22.8,31.6,27.200000000000003,0
689175a03cfdbc8f3403d487,2015-10-17,2015,10,17,24.4,32.8,28.599999999999998,0
689175a03cfdbc8f3403d488,2015-10-18,2015,10,18,23.4,33.2,28.3,0
689175a03cfdbc8f3403d489,2015-10-19,2015,10,19,24,33,28.5,0
689175a03cfdbc8f3403d48a,2015-10-20,2015,10,20,24.6,31.6,28.1,0
689175a03cfdbc8f3403d48b,2015-10-21,2015,10,21,23.8,32.2,28,0
689175a03cfdbc8f3403d48c,2015-10-22,2015,10,22,24,33,28.5,0
689175a03cfdbc8f3403d48d,2015-10-23,2015,10,23,24.6,31,27.8,0
689175a03cfdbc8f3403d48e,2015-10-24,2015,10,24,24.2,31.8,28,0
689175a03cfdbc8f3403d48f,2015-10-25,2015,10,25,22.8,31.2,27,0
689175a03cfdbc8f3403d490,2015-10-26,2015,10,26,23.2,32.2,27.700000000000003,0
689175a03cfdbc8f3403d491,2015-10-27,2015,10,27,23.8,29.6,26.700000000000003,0
689175a03cfdbc8f3403d492,2015-10-28,2015,10,28,23.4,30.4,26.9,0
689175a03cfdbc8f3403d493,2015-10-29,2015,10,29,23.8,30,26.9,0
689175a03cfdbc8f3403d494,2015-10-30,2015,10,30,23.8,32.8,28.299999999999997,0
689175a03cfdbc8f3403d495,2015-10-31,2015,10,31,23.4,30.8,27.1,0
689175a03cfdbc8f3403d496,2015-11-01,2015,11,1,23.8,30.4,27.1,0
689175a03cfdbc8f3403d497,2015-11-02,2015,11,2,24,32,28,0
689175a03cfdbc8f3403d498,2015-11-03,2015,11,3,22.8,31.6,27.200000000000003,0
689175a03cfdbc8f3403d499,2015-11-04,2015,11,4,23.2,30.2,26.7,0
689175a03cfdbc8f3403d49a,2015-11-05,2015,11,5,23.6,31,27.3,0
689175a03cfdbc8f3403d49b,2015-11-06,2015,11,6,22.8,32.2,27.5,0
689175a03cfdbc8f3403d49c,2015-11-07,2015,11,7,23.2,32.4,27.799999999999997,0
689175a03cfdbc8f3403d49d,2015-11-08,2015,11,8,24.6,32.4,28.5,0
689175a03cfdbc8f3403d49e,2015-11-09,2015,11,9,23.4,32.2,27.8,0
689175a03cfdbc8f3403d49f,2015-11-10,2015,11,10,24,28.2,26.1,0
689175a03cfdbc8f3403d4a0,2015-11-11,2015,11,11,23.6,30.2,26.9,0
689175a03cfdbc8f3403d4a1,2015-11-12,2015,11,12,23.8,32.6,28.200000000000003,0
689175a03cfdbc8f3403d4a2,2015-11-13,2015,11,13,23.6,31.6,27.6,0
689175a03cfdbc8f3403d4a3,2015-11-14,2015,11,14,23.6,32.4,28,0
689175a03cfdbc8f3403d4a4,2015-11-15,2015,11,15,24,30.6,27.3,0
689175a03cfdbc8f3403d4a5,2015-11-16,2015,11,16,23,32.2,27.6,0
689175a03cfdbc8f3403d4a6,2015-11-17,2015,11,17,23.2,31.6,27.4,0
689175a03cfdbc8f3403d4a7,2015-11-18,2015,11,18,23,32.6,27.8,0
689175a03cfdbc8f3403d4a8,2015-11-19,2015,11,19,24.2,30.2,27.2,0
689175a03cfdbc8f3403d4a9,2015-11-20,2015,11,20,23.4,31.6,27.5,0
689175a03cfdbc8f3403d4aa,2015-11-21,2015,11,21,23.6,33,28.3,0
689175a03cfdbc8f3403d4ab,2015-11-22,2015,11,22,24,31.6,27.8,0
689175a03cfdbc8f3403d4ac,2015-11-23,2015,11,23,24.6,32.6,28.6,0
689175a03cfdbc8f3403d4ad,2015-11-24,2015,11,24,24,31.2,27.6,0
689175a03cfdbc8f3403d4ae,2015-11-25,2015,11,25,24,29.6,26.8,0
689175a03cfdbc8f3403d4af,2015-11-26,2015,11,26,24.6,33.6,29.1,0
689175a03cfdbc8f3403d4b0,2015-11-27,2015,11,27,23.6,31.6,27.6,0
689175a03cfdbc8f3403d4b1,2015-11-28,2015,11,28,23.6,33.6,28.6,0
689175a03cfdbc8f3403d4b2,2015-11-29,2015,11,29,23.8,31,27.4,0
689175a03cfdbc8f3403d4b3,2015-11-30,2015,11,30,23.6,33,28.3,0
689175a03cfdbc8f3403d4b4,2015-12-01,2015,12,1,23.2,30.4,26.799999999999997,0
689175a03cfdbc8f3403d4b5,2015-12-02,2015,12,2,22.8,32.4,27.6,0
689175a03cfdbc8f3403d4b6,2015-12-03,2015,12,3,24.4,33,28.7,0
689175a03cfdbc8f3403d4b7,2015-12-04,2015,12,4,24,32,28,0
689175a03cfdbc8f3403d4b8,2015-12-05,2015,12,5,23.6,32.4,28,0
689175a03cfdbc8f3403d4b9,2015-12-06,2015,12,6,24.8,32,28.4,0
689175a03cfdbc8f3403d4ba,2015-12-08,2015,12,8,24,33.4,28.7,0
689175a03cfdbc8f3403d4bb,2015-12-09,2015,12,9,24.6,31.6,28.1,0
689175a03cfdbc8f3403d4bc,2015-12-10,2015,12,10,24.6,31.2,27.9,0
689175a03cfdbc8f3403d4bd,2015-12-11,2015,12,11,24,32,28,0
689175a03cfdbc8f3403d4be,2015-12-12,2015,12,12,24,31.6,27.8,0
689175a03cfdbc8f3403d4bf,2015-12-13,2015,12,13,23.4,30.2,26.799999999999997,0
689175a03cfdbc8f3403d4c0,2015-12-14,2015,12,14,22.8,32,27.4,0
689175a03cfdbc8f3403d4c1,2015-12-15,2015,12,15,23.6,30.2,26.9,0
689175a03cfdbc8f3403d4c2,2015-12-16,2015,12,16,22.6,32.6,27.6,0
689175a03cfdbc8f3403d4c3,2015-12-17,2015,12,17,22.2,32.4,27.299999999999997,0
689175a03cfdbc8f3403d4c4,2015-12-18,2015,12,18,22,30.6,26.3,0
689175a03cfdbc8f3403d4c5,2015-12-19,2015,12,19,23.8,30,26.9,0
689175a03cfdbc8f3403d4c6,2015-12-20,2015,12,20,22.6,30.4,26.5,0
689175a03cfdbc8f3403d4c7,2015-12-21,2015,12,21,23.2,31.6,27.4,0
689175a03cfdbc8f3403d4c8,2015-12-22,2015,12,22,22.2,30,26.1,0
689175a03cfdbc8f3403d4c9,2015-12-23,2015,12,23,23.4,32,27.7,0
689175a03cfdbc8f3403d4ca,2015-12-24,2015,12,24,23.2,33,28.1,0
689175a03cfdbc8f3403d4cb,2015-12-25,2015,12,25,23.6,33.2,28.400000000000002,0
689175a03cfdbc8f3403d4cc,2015-12-26,2015,12,26,23.8,33.8,28.799999999999997,0
689175a03cfdbc8f3403d4cd,2015-12-27,2015,12,27,24.2,30.8,27.5,0
689175a03cfdbc8f3403d4ce,2015-12-28,2015,12,28,24,32.6,28.3,0
689175a03cfdbc8f3403d4cf,2015-12-29,2015,12,29,23.6,30.8,27.200000000000003,0
689175a03cfdbc8f3403d4d0,2015-12-30,2015,12,30,23.2,32,27.6,0
689175a03cfdbc8f3403d4d1,2015-12-31,2015,12,31,21.4,31.2,26.299999999999997,0
689175a03cfdbc8f3403d4d2,2016-01-01,2016,1,1,22.4,32,27.2,0
689175a03cfdbc8f3403d4d3,2016-01-02,2016,1,2,23.8,32,27.9,0
689175a03cfdbc8f3403d4d4,2016-01-03,2016,1,3,24.4,32.2,28.3,0
689175a03cfdbc8f3403d4d5,2016-01-04,2016,1,4,24,33.4,28.7,0
689175a03cfdbc8f3403d4d6,2016-01-05,2016,1,5,23.8,33.6,28.700000000000003,0
689175a03cfdbc8f3403d4d7,2016-01-06,2016,1,6,25,33.6,29.3,0
689175a03cfdbc8f3403d4d8,2016-01-07,2016,1,7,25,33.6,29.3,0
689175a03cfdbc8f3403d4d9,2016-01-08,2016,1,8,23.8,33.6,28.700000000000003,0
689175a03cfdbc8f3403d4da,2016-01-09,2016,1,9,24,33.4,28.7,0
689175a03cfdbc8f3403d4db,2016-01-10,2016,1,10,22.2,33.4,27.799999999999997,0
689175a03cfdbc8f3403d4dc,2016-01-11,2016,1,11,24.8,31,27.9,0
689175a03cfdbc8f3403d4dd,2016-01-12,2016,1,12,24.8,32.2,28.5,0
689175a03cfdbc8f3403d4de,2016-01-13,2016,1,13,25.4,33.4,29.4,0
689175a03cfdbc8f3403d4df,2016-01-14,2016,1,14,23.2,32,27.6,0
689175a03cfdbc8f3403d4e0,2016-01-15,2016,1,15,24,31.4,27.7,0
689175a03cfdbc8f3403d4e1,2016-01-16,2016,1,16,23.8,31.8,27.8,0
689175a03cfdbc8f3403d4e2,2016-01-17,2016,1,17,25,30.4,27.7,0
689175a03cfdbc8f3403d4e3,2016-01-18,2016,1,18,23,33.6,28.3,0
689175a03cfdbc8f3403d4e4,2016-01-19,2016,1,19,24.2,31.6,27.9,0
689175a03cfdbc8f3403d4e5,2016-01-20,2016,1,20,24.8,33,28.9,0
689175a03cfdbc8f3403d4e6,2016-01-21,2016,1,21,24.8,33.2,29,0
689175a03cfdbc8f3403d4e7,2016-01-22,2016,1,22,24.2,33.6,28.9,0
689175a03cfdbc8f3403d4e8,2016-01-23,2016,1,23,24.6,33,28.8,0
689175a03cfdbc8f3403d4e9,2016-01-24,2016,1,24,23.4,32.6,28,0
689175a03cfdbc8f3403d4ea,2016-01-25,2016,1,25,23.6,32.4,28,0
689175a03cfdbc8f3403d4eb,2016-01-26,2016,1,26,25.4,33,29.2,0
689175a03cfdbc8f3403d4ec,2016-01-27,2016,1,27,23.6,31.6,27.6,0
689175a03cfdbc8f3403d4ed,2016-01-28,2016,1,28,23.8,32.2,28,0
689175a03cfdbc8f3403d4ee,2016-01-29,2016,1,29,23.6,30.4,27,0
689175a03cfdbc8f3403d4ef,2016-01-30,2016,1,30,22.8,32.8,27.799999999999997,0
689175a03cfdbc8f3403d4f0,2016-01-31,2016,1,31,24.8,32.8,28.799999999999997,0
689175a03cfdbc8f3403d4f1,2016-02-01,2016,2,1,22.6,32,27.3,0
689175a03cfdbc8f3403d4f2,2016-02-02,2016,2,2,22,32.6,27.3,0
689175a03cfdbc8f3403d4f3,2016-02-03,2016,2,3,22.2,32.2,27.200000000000003,0
689175a03cfdbc8f3403d4f4,2016-02-04,2016,2,4,23.8,33,28.4,0
689175a03cfdbc8f3403d4f5,2016-02-05,2016,2,5,24.6,31.6,28.1,0
689175a03cfdbc8f3403d4f6,2016-02-06,2016,2,6,24.4,30,27.2,0
689175a03cfdbc8f3403d4f7,2016-02-07,2016,2,7,24.8,30.6,27.700000000000003,0
689175a03cfdbc8f3403d4f8,2016-02-08,2016,2,8,24,30.4,27.2,0
689175a03cfdbc8f3403d4f9,2016-02-09,2016,2,9,22.8,30.6,26.700000000000003,0
689175a03cfdbc8f3403d4fa,2016-02-10,2016,2,10,22.8,29.2,26,0
689175a03cfdbc8f3403d4fb,2016-02-12,2016,2,12,23.4,32.6,28,0
689175a03cfdbc8f3403d4fc,2016-02-13,2016,2,13,24.4,33,28.7,0
689175a03cfdbc8f3403d4fd,2016-02-14,2016,2,14,24.4,31,27.7,0
689175a03cfdbc8f3403d4fe,2016-02-15,2016,2,15,24.4,29.8,27.1,0
689175a03cfdbc8f3403d4ff,2016-02-16,2016,2,16,24.2,32.8,28.5,0
689175a03cfdbc8f3403d500,2016-02-17,2016,2,17,24.6,32,28.3,0
689175a03cfdbc8f3403d501,2016-02-18,2016,2,18,22.4,32.2,27.3,0
689175a03cfdbc8f3403d502,2016-02-19,2016,2,19,24.2,33.4,28.799999999999997,0
689175a03cfdbc8f3403d503,2016-02-20,2016,2,20,24,33,28.5,0
689175a03cfdbc8f3403d504,2016-02-21,2016,2,21,22.6,32.4,27.5,0
689175a03cfdbc8f3403d505,2016-02-22,2016,2,22,22.2,32.4,27.299999999999997,0
689175a03cfdbc8f3403d506,2016-02-23,2016,2,23,24.4,33.4,28.9,0
689175a03cfdbc8f3403d507,2016-02-24,2016,2,24,23,32.8,27.9,0
689175a03cfdbc8f3403d508,2016-02-25,2016,2,25,23.6,32.6,28.1,0
689175a03cfdbc8f3403d509,2016-02-26,2016,2,26,22.8,32.4,27.6,0
689175a03cfdbc8f3403d50a,2016-02-27,2016,2,27,23.4,32.8,28.099999999999998,0
689175a03cfdbc8f3403d50b,2016-02-28,2016,2,28,22.6,32.6,27.6,0
689175a03cfdbc8f3403d50c,2016-02-29,2016,2,29,24,33.6,28.8,0
689175a03cfdbc8f3403d50d,2016-03-01,2016,3,1,23.6,32.8,28.2,0
689175a03cfdbc8f3403d50e,2016-03-02,2016,3,2,23.2,33,28.1,0
689175a03cfdbc8f3403d50f,2016-03-03,2016,3,3,22.4,33.2,27.8,0
689175a03cfdbc8f3403d510,2016-03-04,2016,3,4,23.8,34,28.9,0
689175a03cfdbc8f3403d511,2016-03-05,2016,3,5,23.4,34.2,28.8,0
689175a03cfdbc8f3403d512,2016-03-06,2016,3,6,25.4,33.8,29.599999999999998,0
689175a03cfdbc8f3403d513,2016-03-07,2016,3,7,24.4,33.8,29.099999999999998,0
689175a03cfdbc8f3403d514,2016-03-08,2016,3,8,25,34.2,29.6,0
689175a03cfdbc8f3403d515,2016-03-09,2016,3,9,24.4,34.2,29.3,0
689175a03cfdbc8f3403d516,2016-03-10,2016,3,10,25,34,29.5,0
689175a03cfdbc8f3403d517,2016-03-11,2016,3,11,22.8,34,28.4,0
689175a03cfdbc8f3403d518,2016-03-12,2016,3,12,22.6,35.8,29.2,0
689175a03cfdbc8f3403d519,2016-03-13,2016,3,13,23.8,34.8,29.299999999999997,0
689175a03cfdbc8f3403d51a,2016-03-14,2016,3,14,23.6,34,28.8,0
689175a03cfdbc8f3403d51b,2016-03-15,2016,3,15,25.8,32.4,29.1,0
689175a03cfdbc8f3403d51c,2016-03-16,2016,3,16,24.6,34.2,29.400000000000002,0
689175a03cfdbc8f3403d51d,2016-03-17,2016,3,17,25.2,35.4,30.299999999999997,0
689175a03cfdbc8f3403d51e,2016-03-18,2016,3,18,23.2,35.6,29.4,0
689175a03cfdbc8f3403d51f,2016-03-19,2016,3,19,24,34.2,29.1,0
689175a03cfdbc8f3403d520,2016-03-20,2016,3,20,23.6,34.2,28.900000000000002,0
689175a03cfdbc8f3403d521,2016-03-21,2016,3,21,24.6,33.4,29,0
689175a03cfdbc8f3403d522,2016-03-22,2016,3,22,23.2,34,28.6,0
689175a03cfdbc8f3403d523,2016-03-23,2016,3,23,22.8,34.4,28.6,0
689175a03cfdbc8f3403d524,2016-03-24,2016,3,24,23.4,34.2,28.8,0
689175a03cfdbc8f3403d525,2016-03-25,2016,3,25,23,34.2,28.6,0
689175a03cfdbc8f3403d526,2016-03-26,2016,3,26,24.2,34.4,29.299999999999997,0
689175a03cfdbc8f3403d527,2016-03-27,2016,3,27,25,34.2,29.6,0
689175a03cfdbc8f3403d528,2016-03-28,2016,3,28,23.8,33.6,28.700000000000003,0
689175a03cfdbc8f3403d529,2016-03-29,2016,3,29,24.2,34.6,29.4,0
689175a03cfdbc8f3403d52a,2016-03-30,2016,3,30,24,34.2,29.1,0
689175a03cfdbc8f3403d52b,2016-03-31,2016,3,31,23.8,34,28.9,0
689175a03cfdbc8f3403d52c,2016-04-01,2016,4,1,24,32,28,0
689175a03cfdbc8f3403d52d,2016-04-02,2016,4,2,23.8,35,29.4,0
689175a03cfdbc8f3403d52e,2016-04-03,2016,4,3,24.6,35.2,29.900000000000002,0
689175a03cfdbc8f3403d52f,2016-04-04,2016,4,4,25.4,33.6,29.5,0
689175a03cfdbc8f3403d530,2016-04-05,2016,4,5,24.2,33,28.6,0
689175a03cfdbc8f3403d531,2016-04-06,2016,4,6,24.2,33,28.6,0
689175a03cfdbc8f3403d532,2016-04-07,2016,4,7,25.2,33,29.1,0
689175a03cfdbc8f3403d533,2016-04-08,2016,4,8,23.4,33.8,28.599999999999998,0
689175a03cfdbc8f3403d534,2016-04-09,2016,4,9,24.6,33,28.8,0
689175a03cfdbc8f3403d535,2016-04-10,2016,4,10,24,34,29,0
689175a03cfdbc8f3403d536,2016-04-11,2016,4,11,26,32.4,29.2,0
689175a03cfdbc8f3403d537,2016-04-12,2016,4,12,22.8,34.4,28.6,0
689175a03cfdbc8f3403d538,2016-04-13,2016,4,13,23.8,33.8,28.799999999999997,0
689175a03cfdbc8f3403d539,2016-04-14,2016,4,14,23.6,34.4,29,0
689175a03cfdbc8f3403d53a,2016-04-15,2016,4,15,24.2,33.2,28.700000000000003,0
689175a03cfdbc8f3403d53b,2016-04-16,2016,4,16,23.8,34.4,29.1,0
689175a03cfdbc8f3403d53c,2016-04-17,2016,4,17,23.8,32.4,28.1,0
689175a03cfdbc8f3403d53d,2016-04-18,2016,4,18,24,33,28.5,0
689175a03cfdbc8f3403d53e,2016-04-19,2016,4,19,25,34.8,29.9,0
689175a03cfdbc8f3403d53f,2016-04-20,2016,4,20,25.2,34.6,29.9,0
689175a03cfdbc8f3403d540,2016-04-21,2016,4,21,25,34.7,29.85,0
689175a03cfdbc8f3403d541,2016-04-22,2016,4,22,24.8,34.2,29.5,0
689175a03cfdbc8f3403d542,2016-04-23,2016,4,23,23.8,34,28.9,0
689175a03cfdbc8f3403d543,2016-04-24,2016,4,24,23.8,34,28.9,0
689175a03cfdbc8f3403d544,2016-04-25,2016,4,25,24,34.6,29.3,0
689175a03cfdbc8f3403d545,2016-04-26,2016,4,26,24.6,34.6,29.6,0
689175a03cfdbc8f3403d546,2016-04-27,2016,4,27,24.4,34.6,29.5,0
689175a03cfdbc8f3403d547,2016-04-28,2016,4,28,24.6,35,29.8,0
689175a03cfdbc8f3403d548,2016-04-29,2016,4,29,24.8,33.6,29.200000000000003,0
689175a03cfdbc8f3403d549,2016-04-30,2016,4,30,24.4,33.7,29.05,0
689175a03cfdbc8f3403d54a,2016-05-01,2016,5,1,25,34.4,29.7,0
689175a03cfdbc8f3403d54b,2016-05-02,2016,5,2,24.4,35,29.7,0
689175a03cfdbc8f3403d54c,2016-05-03,2016,5,3,24.8,35,29.9,0
689175a03cfdbc8f3403d54d,2016-05-04,2016,5,4,25.2,33,29.1,0
689175a03cfdbc8f3403d54e,2016-05-05,2016,5,5,24.8,34.2,29.5,0
689175a03cfdbc8f3403d54f,2016-05-06,2016,5,6,23.8,33.6,28.700000000000003,0
689175a03cfdbc8f3403d550,2016-05-07,2016,5,7,24.6,32.8,28.7,0
689175a03cfdbc8f3403d551,2016-05-08,2016,5,8,23.6,33.8,28.7,0
689175a03cfdbc8f3403d552,2016-05-09,2016,5,9,24.2,33.6,28.9,0
689175a03cfdbc8f3403d553,2016-05-10,2016,5,10,24.8,34.2,29.5,0
689175a03cfdbc8f3403d554,2016-05-11,2016,5,11,25.4,34.6,30,0
689175a03cfdbc8f3403d555,2016-05-12,2016,5,12,25.4,33.6,29.5,0
689175a03cfdbc8f3403d556,2016-05-13,2016,5,13,24.4,34.2,29.3,0
689175a03cfdbc8f3403d557,2016-05-14,2016,5,14,25.6,33.8,29.7,0
689175a03cfdbc8f3403d558,2016-05-15,2016,5,15,25.4,33.6,29.5,0
689175a03cfdbc8f3403d559,2016-05-16,2016,5,16,24,32.2,28.1,0
689175a03cfdbc8f3403d55a,2016-05-17,2016,5,17,25.4,34,29.7,0
689175a03cfdbc8f3403d55b,2016-05-18,2016,5,18,25.2,34.8,30,0
689175a03cfdbc8f3403d55c,2016-05-19,2016,5,19,25.2,34.2,29.700000000000003,0
689175a03cfdbc8f3403d55d,2016-05-20,2016,5,20,25.2,32.2,28.700000000000003,0
689175a03cfdbc8f3403d55e,2016-05-21,2016,5,21,23.4,33.2,28.3,0
689175a03cfdbc8f3403d55f,2016-05-22,2016,5,22,24,33.2,28.6,0
689175a03cfdbc8f3403d560,2016-05-23,2016,5,23,23.8,33.6,28.700000000000003,0
689175a03cfdbc8f3403d561,2016-05-24,2016,5,24,23.2,31.4,27.299999999999997,0
689175a03cfdbc8f3403d562,2016-05-25,2016,5,25,27,33.2,30.1,0
689175a03cfdbc8f3403d563,2016-05-26,2016,5,26,24.4,32,28.2,0
689175a03cfdbc8f3403d564,2016-05-27,2016,5,27,24.2,33,28.6,0
689175a03cfdbc8f3403d565,2016-05-28,2016,5,28,24,29.8,26.9,0
689175a03cfdbc8f3403d566,2016-05-29,2016,5,29,24.2,33,28.6,0
689175a03cfdbc8f3403d567,2016-05-30,2016,5,30,24.4,33.4,28.9,0
689175a03cfdbc8f3403d568,2016-05-31,2016,5,31,24,33.8,28.9,0
689175a03cfdbc8f3403d569,2016-06-01,2016,6,1,23.4,33.6,28.5,0
689175a03cfdbc8f3403d56a,2016-06-02,2016,6,2,23,29,26,0
689175a03cfdbc8f3403d56b,2016-06-03,2016,6,3,24.4,34.4,29.4,0
689175a03cfdbc8f3403d56c,2016-06-04,2016,6,4,22.4,34.2,28.3,0
689175a03cfdbc8f3403d56d,2016-06-05,2016,6,5,23,34.6,28.8,0
689175a03cfdbc8f3403d56e,2016-06-06,2016,6,6,23.6,34.4,29,0
689175a03cfdbc8f3403d56f,2016-06-07,2016,6,7,23.2,34.2,28.700000000000003,0
689175a03cfdbc8f3403d570,2016-06-08,2016,6,8,24.2,34.8,29.5,0
689175a03cfdbc8f3403d571,2016-06-09,2016,6,9,22,34.4,28.2,0
689175a03cfdbc8f3403d572,2016-06-10,2016,6,10,21.8,35.2,28.5,0
689175a03cfdbc8f3403d573,2016-06-11,2016,6,11,23,34.2,28.6,0
689175a03cfdbc8f3403d574,2016-06-12,2016,6,12,23.2,33.6,28.4,0
689175a03cfdbc8f3403d575,2016-06-13,2016,6,13,23.6,34.8,29.2,0
689175a03cfdbc8f3403d576,2016-06-14,2016,6,14,23,32.8,27.9,0
689175a03cfdbc8f3403d577,2016-06-15,2016,6,15,23.6,33,28.3,0
689175a03cfdbc8f3403d578,2016-06-16,2016,6,16,24,31,27.5,0
689175a03cfdbc8f3403d579,2016-06-17,2016,6,17,23,30.2,26.6,0
689175a03cfdbc8f3403d57a,2016-06-18,2016,6,18,23.2,32.2,27.700000000000003,0
689175a03cfdbc8f3403d57b,2016-06-19,2016,6,19,23,34.6,28.8,0
689175a03cfdbc8f3403d57c,2016-06-20,2016,6,20,23.6,33.6,28.6,0
689175a03cfdbc8f3403d57d,2016-06-21,2016,6,21,23.6,30.4,27,0
689175a03cfdbc8f3403d57e,2016-06-22,2016,6,22,23.8,34.8,29.299999999999997,0
689175a03cfdbc8f3403d57f,2016-06-23,2016,6,23,25.2,31,28.1,0
689175a03cfdbc8f3403d580,2016-06-24,2016,6,24,25.6,30.6,28.1,0
689175a03cfdbc8f3403d581,2016-06-25,2016,6,25,27.2,33.6,30.4,0
689175a03cfdbc8f3403d582,2016-06-26,2016,6,26,26,33.6,29.8,0
689175a03cfdbc8f3403d583,2016-06-27,2016,6,27,25.8,34,29.9,0
689175a03cfdbc8f3403d584,2016-06-28,2016,6,28,26.8,33,29.9,0
689175a03cfdbc8f3403d585,2016-06-29,2016,6,29,23,33.2,28.1,0
689175a03cfdbc8f3403d586,2016-06-30,2016,6,30,24.7,35.4,30.049999999999997,0
689175a03cfdbc8f3403d587,2016-07-01,2016,7,1,23,35.6,29.3,0
689175a03cfdbc8f3403d588,2016-07-02,2016,7,2,22.6,36.6,29.6,0
689175a03cfdbc8f3403d589,2016-07-03,2016,7,3,23.2,35.6,29.4,0
689175a03cfdbc8f3403d58a,2016-07-04,2016,7,4,23.6,36,29.8,0
689175a03cfdbc8f3403d58b,2016-07-05,2016,7,5,23.8,34.4,29.1,0
689175a03cfdbc8f3403d58c,2016-07-06,2016,7,6,23,34.2,28.6,0
689175a03cfdbc8f3403d58d,2016-07-07,2016,7,7,22.2,30.6,26.4,0
689175a03cfdbc8f3403d58e,2016-07-08,2016,7,8,22.4,34,28.2,0
689175a03cfdbc8f3403d58f,2016-07-09,2016,7,9,24,33.8,28.9,0
689175a03cfdbc8f3403d590,2016-07-10,2016,7,10,22.8,36.4,29.6,0
689175a03cfdbc8f3403d591,2016-07-11,2016,7,11,25.8,34,29.9,0
689175a03cfdbc8f3403d592,2016-07-12,2016,7,12,23.8,33.8,28.799999999999997,0
689175a03cfdbc8f3403d593,2016-07-13,2016,7,13,24.2,34.6,29.4,0
689175a03cfdbc8f3403d594,2016-07-14,2016,7,14,24.6,31.2,27.9,0
689175a03cfdbc8f3403d595,2016-07-15,2016,7,15,23.4,32.4,27.9,0
689175a03cfdbc8f3403d596,2016-07-16,2016,7,16,22.8,33.2,28,0
689175a03cfdbc8f3403d597,2016-07-17,2016,7,17,23.4,33,28.2,0
689175a03cfdbc8f3403d598,2016-07-18,2016,7,18,23.8,33.8,28.799999999999997,0
689175a03cfdbc8f3403d599,2016-07-19,2016,7,19,22.8,31.2,27,0
689175a03cfdbc8f3403d59a,2016-07-20,2016,7,20,23,31.5,27.25,0
689175a03cfdbc8f3403d59b,2016-07-21,2016,7,21,22.4,33.6,28,0
689175a03cfdbc8f3403d59c,2016-07-22,2016,7,22,23.6,34.6,29.1,0
689175a03cfdbc8f3403d59d,2016-07-23,2016,7,23,23.4,33,28.2,0
689175a03cfdbc8f3403d59e,2016-07-24,2016,7,24,23.6,32,27.8,0
689175a03cfdbc8f3403d59f,2016-07-25,2016,7,25,23.4,32.2,27.8,0
689175a03cfdbc8f3403d5a0,2016-07-26,2016,7,26,23.2,32,27.6,0
689175a03cfdbc8f3403d5a1,2016-07-27,2016,7,27,21.8,35.2,28.5,0
689175a03cfdbc8f3403d5a2,2016-07-28,2016,7,28,20.8,33.8,27.299999999999997,0
689175a03cfdbc8f3403d5a3,2016-07-29,2016,7,29,19.6,34.8,27.2,0
689175a03cfdbc8f3403d5a4,2016-07-30,2016,7,30,21.8,34.6,28.200000000000003,0
689175a03cfdbc8f3403d5a5,2016-07-31,2016,7,31,22.6,34,28.3,0
689175a03cfdbc8f3403d5a6,2016-08-01,2016,8,1,21.1,35,28.05,0
689175a03cfdbc8f3403d5a7,2016-08-02,2016,8,2,24.2,35.2,29.700000000000003,0
689175a03cfdbc8f3403d5a8,2016-08-03,2016,8,3,22.8,34.6,28.700000000000003,0
689175a03cfdbc8f3403d5a9,2016-08-04,2016,8,4,28.6,34.4,31.5,0
689175a03cfdbc8f3403d5aa,2016-08-05,2016,8,5,23.2,36.2,29.700000000000003,0
689175a03cfdbc8f3403d5ab,2016-08-06,2016,8,6,24.2,33.4,28.799999999999997,0
689175a03cfdbc8f3403d5ac,2016-08-07,2016,8,7,24.2,33.4,28.799999999999997,0
689175a03cfdbc8f3403d5ad,2016-08-08,2016,8,8,24,34.4,29.2,0
689175a03cfdbc8f3403d5ae,2016-08-09,2016,8,9,26.2,34,30.1,0
689175a03cfdbc8f3403d5af,2016-08-10,2016,8,10,24.4,32.8,28.599999999999998,0
689175a03cfdbc8f3403d5b0,2016-08-11,2016,8,11,24.4,33.6,29,0
689175a03cfdbc8f3403d5b1,2016-08-12,2016,8,12,26.2,32,29.1,0
689175a03cfdbc8f3403d5b2,2016-08-13,2016,8,13,23,33.6,28.3,0
689175a03cfdbc8f3403d5b3,2016-08-14,2016,8,14,26.2,33,29.6,0
689175a03cfdbc8f3403d5b4,2016-08-15,2016,8,15,24.6,31.6,28.1,0
689175a03cfdbc8f3403d5b5,2016-08-16,2016,8,16,24.2,33.4,28.799999999999997,0
689175a03cfdbc8f3403d5b6,2016-08-17,2016,8,17,25.6,34,29.8,0
689175a03cfdbc8f3403d5b7,2016-08-18,2016,8,18,24.6,34.4,29.5,0
689175a03cfdbc8f3403d5b8,2016-08-19,2016,8,19,25,34.2,29.6,0
689175a03cfdbc8f3403d5b9,2016-08-20,2016,8,20,25,34.6,29.8,0
689175a03cfdbc8f3403d5ba,2016-08-21,2016,8,21,23.6,35.2,29.400000000000002,0
689175a03cfdbc8f3403d5bb,2016-08-22,2016,8,22,23.6,35,29.3,0
689175a03cfdbc8f3403d5bc,2016-08-23,2016,8,23,24.4,31.2,27.799999999999997,0
689175a03cfdbc8f3403d5bd,2016-08-24,2016,8,24,23.2,25.6,24.4,0
689175a03cfdbc8f3403d5be,2016-08-25,2016,8,25,23.4,30.4,26.9,0
689175a03cfdbc8f3403d5bf,2016-08-26,2016,8,26,23.8,30.2,27,0
689175a03cfdbc8f3403d5c0,2016-08-27,2016,8,27,23.4,33.2,28.3,0
689175a03cfdbc8f3403d5c1,2016-08-28,2016,8,28,23.4,33.8,28.599999999999998,0
689175a03cfdbc8f3403d5c2,2016-08-29,2016,8,29,23.6,34.2,28.900000000000002,0
689175a03cfdbc8f3403d5c3,2016-08-30,2016,8,30,24,32.8,28.4,0
689175a03cfdbc8f3403d5c4,2016-08-31,2016,8,31,23.8,29.6,26.700000000000003,0
689175a03cfdbc8f3403d5c5,2016-09-01,2016,9,1,21.8,33,27.4,0
689175a03cfdbc8f3403d5c6,2016-09-02,2016,9,2,23.8,33,28.4,0
689175a03cfdbc8f3403d5c7,2016-09-03,2016,9,3,22,33.2,27.6,0
689175a03cfdbc8f3403d5c8,2016-09-04,2016,9,4,23.8,33.8,28.799999999999997,0
689175a03cfdbc8f3403d5c9,2016-09-05,2016,9,5,23.4,33.4,28.4,0
689175a03cfdbc8f3403d5ca,2016-09-06,2016,9,6,23,30.4,26.7,0
689175a03cfdbc8f3403d5cb,2016-09-07,2016,9,7,22.6,30.8,26.700000000000003,0
689175a03cfdbc8f3403d5cc,2016-09-08,2016,9,8,24,30.4,27.2,0
689175a03cfdbc8f3403d5cd,2016-09-09,2016,9,9,23,33.2,28.1,0
689175a03cfdbc8f3403d5ce,2016-09-10,2016,9,10,21.6,34,27.8,0
689175a03cfdbc8f3403d5cf,2016-09-11,2016,9,11,20.2,33.6,26.9,0
689175a03cfdbc8f3403d5d0,2016-09-12,2016,9,12,22.2,33,27.6,0
689175a03cfdbc8f3403d5d1,2016-09-13,2016,9,13,22.6,33.6,28.1,0
689175a03cfdbc8f3403d5d2,2016-09-14,2016,9,14,24.8,33.6,29.200000000000003,0
689175a03cfdbc8f3403d5d3,2016-09-15,2016,9,15,24,33.6,28.8,0
689175a03cfdbc8f3403d5d4,2016-09-16,2016,9,16,25.4,34.4,29.9,0
689175a03cfdbc8f3403d5d5,2016-09-17,2016,9,17,24.4,31.4,27.9,0
689175a03cfdbc8f3403d5d6,2016-09-18,2016,9,18,23,32.8,27.9,0
689175a03cfdbc8f3403d5d7,2016-09-19,2016,9,19,24,33,28.5,0
689175a03cfdbc8f3403d5d8,2016-09-20,2016,9,20,22.6,32.4,27.5,0
689175a03cfdbc8f3403d5d9,2016-09-21,2016,9,21,24.8,33.4,29.1,0
689175a03cfdbc8f3403d5da,2016-09-22,2016,9,22,26.6,34,30.3,0
689175a03cfdbc8f3403d5db,2016-09-23,2016,9,23,22.2,34.2,28.200000000000003,0
689175a03cfdbc8f3403d5dc,2016-09-24,2016,9,24,26,34,30,0
689175a03cfdbc8f3403d5dd,2016-09-25,2016,9,25,23,34,28.5,0
689175a03cfdbc8f3403d5de,2016-09-26,2016,9,26,23.6,34.6,29.1,0
689175a03cfdbc8f3403d5df,2016-09-27,2016,9,27,24,34,29,0
689175a03cfdbc8f3403d5e0,2016-09-28,2016,9,28,24.4,33.8,29.099999999999998,0
689175a03cfdbc8f3403d5e1,2016-09-29,2016,9,29,25.2,33.2,29.200000000000003,0
689175a03cfdbc8f3403d5e2,2016-09-30,2016,9,30,26,34.6,30.3,0
689175a03cfdbc8f3403d5e3,2016-10-01,2016,10,1,22,35,28.5,0
689175a03cfdbc8f3403d5e4,2016-10-02,2016,10,2,21.4,34.8,28.099999999999998,0
689175a03cfdbc8f3403d5e5,2016-10-03,2016,10,3,22,34.8,28.4,0
689175a03cfdbc8f3403d5e6,2016-10-04,2016,10,4,23.8,35,29.4,0
689175a03cfdbc8f3403d5e7,2016-10-05,2016,10,5,24.2,32.2,28.200000000000003,0
689175a03cfdbc8f3403d5e8,2016-10-06,2016,10,6,24.8,32.6,28.700000000000003,0
689175a03cfdbc8f3403d5e9,2016-10-07,2016,10,7,25.6,32.8,29.2,0
689175a03cfdbc8f3403d5ea,2016-10-08,2016,10,8,26.4,34.4,30.4,0
689175a03cfdbc8f3403d5eb,2016-10-09,2016,10,9,24.2,34.2,29.200000000000003,0
689175a03cfdbc8f3403d5ec,2016-10-10,2016,10,10,23.8,34.4,29.1,0
689175a03cfdbc8f3403d5ed,2016-10-11,2016,10,11,24.6,34.4,29.5,0
689175a03cfdbc8f3403d5ee,2016-10-12,2016,10,12,25,34.8,29.9,0
689175a03cfdbc8f3403d5ef,2016-10-13,2016,10,13,25,35.2,30.1,0
689175a03cfdbc8f3403d5f0,2016-10-14,2016,10,14,23.4,33.8,28.599999999999998,0
689175a03cfdbc8f3403d5f1,2016-10-15,2016,10,15,24.2,35.2,29.700000000000003,0
689175a03cfdbc8f3403d5f2,2016-10-16,2016,10,16,24,30.6,27.3,0
689175a03cfdbc8f3403d5f3,2016-10-17,2016,10,17,24,28.2,26.1,0
689175a03cfdbc8f3403d5f4,2016-10-18,2016,10,18,23.8,31,27.4,0
689175a03cfdbc8f3403d5f5,2016-10-19,2016,10,19,23.8,28,25.9,0
689175a03cfdbc8f3403d5f6,2016-10-20,2016,10,20,23.2,27.4,25.299999999999997,0
689175a03cfdbc8f3403d5f7,2016-10-21,2016,10,21,23,32.2,27.6,0
689175a03cfdbc8f3403d5f8,2016-10-22,2016,10,22,24.4,32.4,28.4,0
689175a03cfdbc8f3403d5f9,2016-10-23,2016,10,23,25,31.2,28.1,0
689175a03cfdbc8f3403d5fa,2016-10-24,2016,10,24,23.4,31.8,27.6,0
689175a03cfdbc8f3403d5fb,2016-10-25,2016,10,25,23.2,29.6,26.4,0
689175a03cfdbc8f3403d5fc,2016-10-26,2016,10,26,23,32.6,27.8,0
689175a03cfdbc8f3403d5fd,2016-10-27,2016,10,27,24.2,33,28.6,0
689175a03cfdbc8f3403d5fe,2016-10-28,2016,10,28,23.6,32,27.8,0
689175a03cfdbc8f3403d5ff,2016-10-29,2016,10,29,23.2,31.4,27.299999999999997,0
689175a03cfdbc8f3403d600,2016-10-30,2016,10,30,22.8,29.8,26.3,0
689175a03cfdbc8f3403d601,2016-10-31,2016,10,31,23.6,32.6,28.1,0
689175a03cfdbc8f3403d602,2016-11-01,2016,11,1,23.4,34,28.7,0
689175a03cfdbc8f3403d603,2016-11-02,2016,11,2,22.8,32.6,27.700000000000003,0
689175a03cfdbc8f3403d604,2016-11-03,2016,11,3,23,30.2,26.6,0
689175a03cfdbc8f3403d605,2016-11-04,2016,11,4,23.2,30.6,26.9,0
689175a03cfdbc8f3403d606,2016-11-05,2016,11,5,23.4,30.6,27,0
689175a03cfdbc8f3403d607,2016-11-06,2016,11,6,24.4,31,27.7,0
689175a03cfdbc8f3403d608,2016-11-07,2016,11,7,23.6,27.6,25.6,0
689175a03cfdbc8f3403d609,2016-11-08,2016,11,8,22.8,32,27.4,0
689175a03cfdbc8f3403d60a,2016-11-09,2016,11,9,24.2,30.8,27.5,0
689175a03cfdbc8f3403d60b,2016-11-10,2016,11,10,22.8,32.2,27.5,0
689175a03cfdbc8f3403d60c,2016-11-11,2016,11,11,23,33,28,0
689175a03cfdbc8f3403d60d,2016-11-12,2016,11,12,23.6,29.6,26.6,0
689175a03cfdbc8f3403d60e,2016-11-13,2016,11,13,23,30.8,26.9,0
689175a03cfdbc8f3403d60f,2016-11-14,2016,11,14,22.8,30.2,26.5,0
689175a03cfdbc8f3403d610,2016-11-15,2016,11,15,23.8,31.6,27.700000000000003,0
689175a03cfdbc8f3403d611,2016-11-16,2016,11,16,22.8,32,27.4,0
689175a03cfdbc8f3403d612,2016-11-17,2016,11,17,23.6,31.8,27.700000000000003,0
689175a03cfdbc8f3403d613,2016-11-18,2016,11,18,24,31.8,27.9,0
689175a03cfdbc8f3403d614,2016-11-19,2016,11,19,24,32,28,0
689175a03cfdbc8f3403d615,2016-11-20,2016,11,20,24.2,31.4,27.799999999999997,0
689175a03cfdbc8f3403d616,2016-11-21,2016,11,21,23.6,33.2,28.400000000000002,0
689175a03cfdbc8f3403d617,2016-11-22,2016,11,22,24.2,33,28.6,0
689175a03cfdbc8f3403d618,2016-11-23,2016,11,23,24.2,32.2,28.200000000000003,0
689175a03cfdbc8f3403d619,2016-11-24,2016,11,24,23.4,31.6,27.5,0
689175a03cfdbc8f3403d61a,2016-11-25,2016,11,25,24.2,32.4,28.299999999999997,0
689175a03cfdbc8f3403d61b,2016-11-26,2016,11,26,24,31.8,27.9,0
689175a03cfdbc8f3403d61c,2016-11-27,2016,11,27,24.2,31,27.6,0
689175a03cfdbc8f3403d61d,2016-11-28,2016,11,28,24,32.2,28.1,0
689175a03cfdbc8f3403d61e,2016-11-29,2016,11,29,24,33,28.5,0
689175a03cfdbc8f3403d61f,2016-11-30,2016,11,30,23,31.2,27.1,0
689175a03cfdbc8f3403d620,2016-12-01,2016,12,1,23.2,28.2,25.7,0
689175a03cfdbc8f3403d621,2016-12-02,2016,12,2,23.8,29,26.4,0
689175a03cfdbc8f3403d622,2016-12-03,2016,12,3,23.2,28,25.6,0
689175a03cfdbc8f3403d623,2016-12-04,2016,12,4,23,29.2,26.1,0
689175a03cfdbc8f3403d624,2016-12-05,2016,12,5,23.6,29.6,26.6,0
689175a03cfdbc8f3403d625,2016-12-06,2016,12,6,24.2,32.8,28.5,0
689175a03cfdbc8f3403d626,2016-12-07,2016,12,7,24.2,32.6,28.4,0
689175a03cfdbc8f3403d627,2016-12-08,2016,12,8,23.2,33.4,28.299999999999997,0
689175a03cfdbc8f3403d628,2016-12-09,2016,12,9,24,30.4,27.2,0
689175a03cfdbc8f3403d629,2016-12-10,2016,12,10,22.2,32.2,27.200000000000003,0
689175a03cfdbc8f3403d62a,2016-12-11,2016,12,11,22.2,32.2,27.200000000000003,0
689175a03cfdbc8f3403d62b,2016-12-12,2016,12,12,22.6,29.6,26.1,0
689175a03cfdbc8f3403d62c,2016-12-13,2016,12,13,23.2,31,27.1,0
689175a03cfdbc8f3403d62d,2016-12-14,2016,12,14,23,30.8,26.9,0
689175a03cfdbc8f3403d62e,2016-12-15,2016,12,15,22.8,31.8,27.3,0
689175a03cfdbc8f3403d62f,2016-12-16,2016,12,16,21.2,31.8,26.5,0
689175a03cfdbc8f3403d630,2016-12-17,2016,12,17,22,32.4,27.2,0
689175a03cfdbc8f3403d631,2016-12-18,2016,12,18,22,31.4,26.7,0
689175a03cfdbc8f3403d632,2016-12-19,2016,12,19,24,32.2,28.1,0
689175a03cfdbc8f3403d633,2016-12-20,2016,12,20,23.8,29.4,26.6,0
689175a03cfdbc8f3403d634,2016-12-21,2016,12,21,23.6,30.2,26.9,0
689175a03cfdbc8f3403d635,2016-12-22,2016,12,22,23,28.2,25.6,0
689175a03cfdbc8f3403d636,2016-12-23,2016,12,23,23.2,31,27.1,0
689175a03cfdbc8f3403d637,2016-12-24,2016,12,24,23.2,30.2,26.7,0
689175a03cfdbc8f3403d638,2016-12-25,2016,12,25,24,31.4,27.7,0
689175a03cfdbc8f3403d639,2016-12-26,2016,12,26,23.6,31.4,27.5,0
689175a03cfdbc8f3403d63a,2016-12-27,2016,12,27,23.4,32,27.7,0
689175a03cfdbc8f3403d63b,2016-12-28,2016,12,28,23.2,32.8,28,0
689175a03cfdbc8f3403d63c,2016-12-29,2016,12,29,22.8,31.4,27.1,0
689175a03cfdbc8f3403d63d,2016-12-30,2016,12,30,23.4,31.2,27.299999999999997,0
689175a03cfdbc8f3403d63e,2016-12-31,2016,12,31,23.2,31.8,27.5,0
689175a03cfdbc8f3403d63f,2017-01-01,2017,1,1,24.4,30.4,27.4,0
689175a03cfdbc8f3403d640,2017-01-02,2017,1,2,23.2,32.2,27.700000000000003,0
689175a03cfdbc8f3403d641,2017-01-03,2017,1,3,23,31,27,0
689175a03cfdbc8f3403d642,2017-01-04,2017,1,4,23.4,26,24.7,0
689175a03cfdbc8f3403d643,2017-01-05,2017,1,5,23.4,30.6,27,0
689175a03cfdbc8f3403d644,2017-01-06,2017,1,6,23.4,27,25.2,0
689175a03cfdbc8f3403d645,2017-01-07,2017,1,7,23.8,29.4,26.6,0
689175a03cfdbc8f3403d646,2017-01-08,2017,1,8,23.4,32,27.7,0
689175a03cfdbc8f3403d647,2017-01-09,2017,1,9,23,33.4,28.2,0
689175a03cfdbc8f3403d648,2017-01-10,2017,1,10,19.4,33.4,26.4,0
689175a03cfdbc8f3403d649,2017-01-11,2017,1,11,21,32.2,26.6,0
689175a03cfdbc8f3403d64a,2017-01-12,2017,1,12,23,31,27,0
689175a03cfdbc8f3403d64b,2017-01-13,2017,1,13,23.4,29.4,26.4,0
689175a03cfdbc8f3403d64c,2017-01-14,2017,1,14,23.8,30.8,27.3,0
689175a03cfdbc8f3403d64d,2017-01-15,2017,1,15,22.8,30.4,26.6,0
689175a03cfdbc8f3403d64e,2017-01-16,2017,1,16,22.8,31.2,27,0
689175a03cfdbc8f3403d64f,2017-01-17,2017,1,17,22.6,29,25.8,0
689175a03cfdbc8f3403d650,2017-01-18,2017,1,18,22.8,31.2,27,0
689175a03cfdbc8f3403d651,2017-01-19,2017,1,19,22.8,31.2,27,0
689175a03cfdbc8f3403d652,2017-01-20,2017,1,20,23.2,28.6,25.9,0
689175a03cfdbc8f3403d653,2017-01-21,2017,1,21,23,30,26.5,0
689175a03cfdbc8f3403d654,2017-01-22,2017,1,22,23,31.6,27.3,0
689175a03cfdbc8f3403d655,2017-01-23,2017,1,23,23.8,27.6,25.700000000000003,0
689175a03cfdbc8f3403d656,2017-01-24,2017,1,24,22.2,28.2,25.2,0
689175a03cfdbc8f3403d657,2017-01-25,2017,1,25,22.4,32,27.2,0
689175a03cfdbc8f3403d658,2017-01-26,2017,1,26,22.8,31.4,27.1,0
689175a03cfdbc8f3403d659,2017-01-27,2017,1,27,23.4,31,27.2,0
689175a03cfdbc8f3403d65a,2017-01-28,2017,1,28,23.6,30.2,26.9,0
689175a03cfdbc8f3403d65b,2017-01-29,2017,1,29,21.6,32.4,27,0
689175a03cfdbc8f3403d65c,2017-01-30,2017,1,30,21.6,31.8,26.700000000000003,0
689175a03cfdbc8f3403d65d,2017-01-31,2017,1,31,23.6,30.2,26.9,0
689175a03cfdbc8f3403d65e,2017-02-01,2017,2,1,22.4,31.6,27,0
689175a03cfdbc8f3403d65f,2017-02-02,2017,2,2,22.6,33.2,27.900000000000002,0
689175a03cfdbc8f3403d660,2017-02-03,2017,2,3,23.6,31.2,27.4,0
689175a03cfdbc8f3403d661,2017-02-04,2017,2,4,23.2,32,27.6,0
689175a03cfdbc8f3403d662,2017-02-05,2017,2,5,22.6,31.6,27.1,0
689175a03cfdbc8f3403d663,2017-02-06,2017,2,6,22.4,32,27.2,0
689175a03cfdbc8f3403d664,2017-02-07,2017,2,7,22.2,31.6,26.9,0
689175a03cfdbc8f3403d665,2017-02-08,2017,2,8,22,30.4,26.2,0
689175a03cfdbc8f3403d666,2017-02-09,2017,2,9,23.4,32.2,27.8,0
689175a03cfdbc8f3403d667,2017-02-10,2017,2,10,23,31.2,27.1,0
689175a03cfdbc8f3403d668,2017-02-11,2017,2,11,21.2,32,26.6,0
689175a03cfdbc8f3403d669,2017-02-12,2017,2,12,21.2,31.4,26.299999999999997,0
689175a03cfdbc8f3403d66a,2017-02-13,2017,2,13,23,32.4,27.7,0
689175a03cfdbc8f3403d66b,2017-02-14,2017,2,14,23.4,31.8,27.6,0
689175a03cfdbc8f3403d66c,2017-02-15,2017,2,15,22.6,31.6,27.1,0
689175a03cfdbc8f3403d66d,2017-02-16,2017,2,16,22.2,29.8,26,0
689175a03cfdbc8f3403d66e,2017-02-17,2017,2,17,22.4,32.8,27.599999999999998,0
689175a03cfdbc8f3403d66f,2017-02-18,2017,2,18,22.4,33.6,28,0
689175a03cfdbc8f3403d670,2017-02-19,2017,2,19,23,32,27.5,0
689175a03cfdbc8f3403d671,2017-02-20,2017,2,20,24.2,32.4,28.299999999999997,0
689175a03cfdbc8f3403d672,2017-02-21,2017,2,21,23.6,31.4,27.5,0
689175a03cfdbc8f3403d673,2017-02-22,2017,2,22,22.6,32.8,27.7,0
689175a03cfdbc8f3403d674,2017-02-23,2017,2,23,23.4,32.4,27.9,0
689175a03cfdbc8f3403d675,2017-02-24,2017,2,24,23.6,32,27.8,0
689175a03cfdbc8f3403d676,2017-02-25,2017,2,25,22.6,31.8,27.200000000000003,0
689175a03cfdbc8f3403d677,2017-02-26,2017,2,26,22.4,30.4,26.4,0
689175a03cfdbc8f3403d678,2017-02-27,2017,2,27,22.4,33,27.7,0
689175a03cfdbc8f3403d679,2017-02-28,2017,2,28,22.4,30.4,26.4,0
689175a03cfdbc8f3403d67a,2017-03-01,2017,3,1,23,32.8,27.9,0
689175a03cfdbc8f3403d67b,2017-03-02,2017,3,2,23.2,31.2,27.2,0
689175a03cfdbc8f3403d67c,2017-03-03,2017,3,3,23.6,29.6,26.6,0
689175a03cfdbc8f3403d67d,2017-03-04,2017,3,4,22.8,31.6,27.200000000000003,0
689175a03cfdbc8f3403d67e,2017-03-05,2017,3,5,22.6,30.4,26.5,0
689175a03cfdbc8f3403d67f,2017-03-06,2017,3,6,22.4,31.8,27.1,0
689175a03cfdbc8f3403d680,2017-03-07,2017,3,7,22.8,31.4,27.1,0
689175a03cfdbc8f3403d681,2017-03-08,2017,3,8,22,31.4,26.7,0
689175a03cfdbc8f3403d682,2017-03-09,2017,3,9,22,32.6,27.3,0
689175a03cfdbc8f3403d683,2017-03-10,2017,3,10,24.2,32.8,28.5,0
689175a03cfdbc8f3403d684,2017-03-11,2017,3,11,22.8,32.8,27.799999999999997,0
689175a03cfdbc8f3403d685,2017-03-12,2017,3,12,22.2,32.2,27.200000000000003,0
689175a03cfdbc8f3403d686,2017-03-13,2017,3,13,20.2,33,26.6,0
689175a03cfdbc8f3403d687,2017-03-14,2017,3,14,20.4,33,26.7,0
689175a03cfdbc8f3403d688,2017-03-15,2017,3,15,20.2,33,26.6,0
689175a03cfdbc8f3403d689,2017-03-16,2017,3,16,23,30,26.5,0
689175a03cfdbc8f3403d68a,2017-03-17,2017,3,17,21,32,26.5,0
689175a03cfdbc8f3403d68b,2017-03-18,2017,3,18,24.4,32.4,28.4,0
689175a03cfdbc8f3403d68c,2017-03-19,2017,3,19,23.6,31.6,27.6,0
689175a03cfdbc8f3403d68d,2017-03-20,2017,3,20,21.2,31.2,26.2,0
689175a03cfdbc8f3403d68e,2017-03-21,2017,3,21,21.2,31.6,26.4,0
689175a03cfdbc8f3403d68f,2017-03-22,2017,3,22,22.6,31.6,27.1,0
689175a03cfdbc8f3403d690,2017-03-23,2017,3,23,21.2,33.2,27.200000000000003,0
689175a03cfdbc8f3403d691,2017-03-24,2017,3,24,20.8,34.4,27.6,0
689175a03cfdbc8f3403d692,2017-03-25,2017,3,25,23,32.4,27.7,0
689175a03cfdbc8f3403d693,2017-03-26,2017,3,26,22.4,33.6,28,0
689175a03cfdbc8f3403d694,2017-03-27,2017,3,27,23.4,32.8,28.099999999999998,0
689175a03cfdbc8f3403d695,2017-03-28,2017,3,28,23.2,32.6,27.9,0
689175a03cfdbc8f3403d696,2017-03-29,2017,3,29,23.2,30.4,26.799999999999997,0
689175a03cfdbc8f3403d697,2017-03-30,2017,3,30,23.6,32.2,27.900000000000002,0
689175a03cfdbc8f3403d698,2017-03-31,2017,3,31,23.6,32.4,28,0
689175a03cfdbc8f3403d699,2017-04-01,2017,4,1,23,31.4,27.2,0
689175a03cfdbc8f3403d69a,2017-04-02,2017,4,2,21.6,31.8,26.700000000000003,0
689175a03cfdbc8f3403d69b,2017-04-03,2017,4,3,22.2,33,27.6,0
689175a03cfdbc8f3403d69c,2017-04-04,2017,4,4,22.8,33.2,28,0
689175a03cfdbc8f3403d69d,2017-04-05,2017,4,5,22.4,32.6,27.5,0
689175a03cfdbc8f3403d69e,2017-04-06,2017,4,6,22.8,31.8,27.3,0
689175a03cfdbc8f3403d69f,2017-04-07,2017,4,7,22.6,32.6,27.6,0
689175a03cfdbc8f3403d6a0,2017-04-08,2017,4,8,23,32.8,27.9,0
689175a03cfdbc8f3403d6a1,2017-04-09,2017,4,9,23.4,34.6,29,0
689175a03cfdbc8f3403d6a2,2017-04-10,2017,4,10,22.8,33,27.9,0
689175a03cfdbc8f3403d6a3,2017-04-11,2017,4,11,23,33,28,0
689175a03cfdbc8f3403d6a4,2017-04-12,2017,4,12,23.2,32.8,28,0
689175a03cfdbc8f3403d6a5,2017-04-13,2017,4,13,23.8,32.6,28.200000000000003,0
689175a03cfdbc8f3403d6a6,2017-04-14,2017,4,14,23.4,32.6,28,0
689175a03cfdbc8f3403d6a7,2017-04-15,2017,4,15,24.2,33.8,29,0
689175a03cfdbc8f3403d6a8,2017-04-16,2017,4,16,24.2,34.8,29.5,0
689175a03cfdbc8f3403d6a9,2017-04-17,2017,4,17,23.8,33.8,28.799999999999997,0
689175a03cfdbc8f3403d6aa,2017-04-18,2017,4,18,23,33.8,28.4,0
689175a03cfdbc8f3403d6ab,2017-04-19,2017,4,19,22.8,33.4,28.1,0
689175a03cfdbc8f3403d6ac,2017-04-20,2017,4,20,23.2,32.4,27.799999999999997,0
689175a03cfdbc8f3403d6ad,2017-04-21,2017,4,21,23.4,32.4,27.9,0
689175a03cfdbc8f3403d6ae,2017-04-22,2017,4,22,23.6,33.6,28.6,0
689175a03cfdbc8f3403d6af,2017-04-23,2017,4,23,23,33.2,28.1,0
689175a03cfdbc8f3403d6b0,2017-04-24,2017,4,24,23.4,33.2,28.3,0
689175a03cfdbc8f3403d6b1,2017-04-25,2017,4,25,23.2,33,28.1,0
689175a03cfdbc8f3403d6b2,2017-04-26,2017,4,26,23.4,32.2,27.8,0
689175a03cfdbc8f3403d6b3,2017-04-27,2017,4,27,23,33,28,0
689175a03cfdbc8f3403d6b4,2017-04-28,2017,4,28,23,31.4,27.2,0
689175a03cfdbc8f3403d6b5,2017-04-29,2017,4,29,22.8,33,27.9,0
689175a03cfdbc8f3403d6b6,2017-04-30,2017,4,30,23,32.2,27.6,0
689175a03cfdbc8f3403d6b7,2017-05-01,2017,5,1,22.8,32.4,27.6,0
689175a03cfdbc8f3403d6b8,2017-05-02,2017,5,2,25.2,31.6,28.4,0
689175a03cfdbc8f3403d6b9,2017-05-03,2017,5,3,23.4,33.4,28.4,0
689175a03cfdbc8f3403d6ba,2017-05-04,2017,5,4,23,32,27.5,0
689175a03cfdbc8f3403d6bb,2017-05-05,2017,5,5,23,34,28.5,0
689175a03cfdbc8f3403d6bc,2017-05-06,2017,5,6,23.6,31.4,27.5,0
689175a03cfdbc8f3403d6bd,2017-05-07,2017,5,7,23.2,32.4,27.799999999999997,0
689175a03cfdbc8f3403d6be,2017-05-08,2017,5,8,23,33.4,28.2,0
689175a03cfdbc8f3403d6bf,2017-05-09,2017,5,9,23.7,32.8,28.25,0
689175a03cfdbc8f3403d6c0,2017-05-10,2017,5,10,23.6,32,27.8,0
689175a03cfdbc8f3403d6c1,2017-05-11,2017,5,11,23.8,33.2,28.5,0
689175a03cfdbc8f3403d6c2,2017-05-12,2017,5,12,23.4,31.2,27.299999999999997,0
689175a03cfdbc8f3403d6c3,2017-05-13,2017,5,13,23.4,30.8,27.1,0
689175a03cfdbc8f3403d6c4,2017-05-14,2017,5,14,23.8,32.8,28.299999999999997,0
689175a03cfdbc8f3403d6c5,2017-05-15,2017,5,15,24,32.67918367346938,28.33959183673469,0
689175a03cfdbc8f3403d6c6,2017-05-16,2017,5,16,23,32,27.5,0
689175a03cfdbc8f3403d6c7,2017-05-17,2017,5,17,24.6,30.2,27.4,0
689175a03cfdbc8f3403d6c8,2017-05-18,2017,5,18,24.2,30.8,27.5,0
689175a03cfdbc8f3403d6c9,2017-05-19,2017,5,19,24.2,33,28.6,0
689175a03cfdbc8f3403d6ca,2017-05-20,2017,5,20,24.4,33.8,29.099999999999998,0
689175a03cfdbc8f3403d6cb,2017-05-21,2017,5,21,24.4,31.6,28,0
689175a03cfdbc8f3403d6cc,2017-05-22,2017,5,22,24.6,32.8,28.7,0
689175a03cfdbc8f3403d6cd,2017-05-23,2017,5,23,25.4,33.2,29.3,0
689175a03cfdbc8f3403d6ce,2017-05-24,2017,5,24,24,30.4,27.2,0
689175a03cfdbc8f3403d6cf,2017-05-25,2017,5,25,24,31,27.5,0
689175a03cfdbc8f3403d6d0,2017-05-26,2017,5,26,24.6,35.2,29.900000000000002,0
689175a03cfdbc8f3403d6d1,2017-05-27,2017,5,27,24.2,33.8,29,0
689175a03cfdbc8f3403d6d2,2017-05-28,2017,5,28,24.4,34.2,29.3,0
689175a03cfdbc8f3403d6d3,2017-05-29,2017,5,29,25,34.4,29.7,0
689175a03cfdbc8f3403d6d4,2017-05-30,2017,5,30,24.8,34.2,29.5,0
689175a03cfdbc8f3403d6d5,2017-05-31,2017,5,31,25.4,34.4,29.9,0
689175a03cfdbc8f3403d6d6,2017-06-01,2017,6,1,25,34.16845329249617,29.584226646248084,0
689175a03cfdbc8f3403d6d7,2017-06-02,2017,6,2,24.2,34.4,29.299999999999997,0
689175a03cfdbc8f3403d6d8,2017-06-03,2017,6,3,24,35.2,29.6,0
689175a03cfdbc8f3403d6d9,2017-06-04,2017,6,4,24.8,35,29.9,0
689175a03cfdbc8f3403d6da,2017-06-05,2017,6,5,24.2,32.8,28.5,0
689175a03cfdbc8f3403d6db,2017-06-06,2017,6,6,25.2,32.2,28.700000000000003,0
689175a03cfdbc8f3403d6dc,2017-06-07,2017,6,7,23,35,29,0
689175a03cfdbc8f3403d6dd,2017-06-08,2017,6,8,23.2,34.6,28.9,0
689175a03cfdbc8f3403d6de,2017-06-09,2017,6,9,22,35.6,28.8,0
689175a03cfdbc8f3403d6df,2017-06-10,2017,6,10,22,34.4,28.2,0
689175a03cfdbc8f3403d6e0,2017-06-11,2017,6,11,23,35.4,29.2,0
689175a03cfdbc8f3403d6e1,2017-06-12,2017,6,12,24,34.65845329249616,29.32922664624808,0
689175a03cfdbc8f3403d6e2,2017-06-13,2017,6,13,23.09090352220521,34.8,28.945451761102603,0
689175a03cfdbc8f3403d6e3,2017-06-14,2017,6,14,22.2,33,27.6,0
689175a03cfdbc8f3403d6e4,2017-06-15,2017,6,15,24,33.8,28.9,0
689175a03cfdbc8f3403d6e5,2017-06-16,2017,6,16,23,32.4,27.7,0
689175a03cfdbc8f3403d6e6,2017-06-17,2017,6,17,23,33.4,28.2,0
689175a03cfdbc8f3403d6e7,2017-06-18,2017,6,18,22.4,34,28.2,0
689175a03cfdbc8f3403d6e8,2017-06-19,2017,6,19,22.2,34.2,28.200000000000003,0
689175a03cfdbc8f3403d6e9,2017-06-20,2017,6,20,22.8,35,28.9,0
689175a03cfdbc8f3403d6ea,2017-06-21,2017,6,21,23,34.6,28.8,0
689175a03cfdbc8f3403d6eb,2017-06-22,2017,6,22,23.2,35,29.1,0
689175a03cfdbc8f3403d6ec,2017-06-23,2017,6,23,23.4,35,29.2,0
689175a03cfdbc8f3403d6ed,2017-06-24,2017,6,24,23.6,30.8,27.200000000000003,0
689175a03cfdbc8f3403d6ee,2017-06-25,2017,6,25,22.6,30.6,26.6,0
689175a03cfdbc8f3403d6ef,2017-06-26,2017,6,26,23.4,33.4,28.4,0
689175a03cfdbc8f3403d6f0,2017-06-27,2017,6,27,23,35,29,0
689175a03cfdbc8f3403d6f1,2017-06-28,2017,6,28,23,34.6,28.8,0
689175a03cfdbc8f3403d6f2,2017-06-29,2017,6,29,23.8,34.5,29.15,0
689175a03cfdbc8f3403d6f3,2017-06-30,2017,6,30,24,34.6,29.3,0
689175a03cfdbc8f3403d6f4,2017-07-01,2017,7,1,23.34729857819905,35.2,29.273649289099527,0
689175a03cfdbc8f3403d6f5,2017-07-02,2017,7,2,23,34.6,28.8,0
689175a03cfdbc8f3403d6f6,2017-07-03,2017,7,3,22.2,35.2,28.700000000000003,0
689175a03cfdbc8f3403d6f7,2017-07-04,2017,7,4,22.2,35,28.6,0
689175a03cfdbc8f3403d6f8,2017-07-05,2017,7,5,23.4,33.75163751987281,28.575818759936404,0
689175a03cfdbc8f3403d6f9,2017-07-06,2017,7,6,23.8,32.6,28.200000000000003,0
689175a03cfdbc8f3403d6fa,2017-07-07,2017,7,7,23.6,31.6,27.6,0
689175a03cfdbc8f3403d6fb,2017-07-08,2017,7,8,23.8,33.68163751987281,28.740818759936403,0
689175a03cfdbc8f3403d6fc,2017-07-09,2017,7,9,22.4,35.8,29.099999999999998,0
689175a03cfdbc8f3403d6fd,2017-07-10,2017,7,10,22.6,34.2,28.400000000000002,0
689175a03cfdbc8f3403d6fe,2017-07-11,2017,7,11,22.92729857819905,33.8,28.363649289099524,0
689175a03cfdbc8f3403d6ff,2017-07-12,2017,7,12,23.2,33.8,28.5,0
689175a03cfdbc8f3403d700,2017-07-13,2017,7,13,23.2,34,28.6,0
689175a03cfdbc8f3403d701,2017-07-14,2017,7,14,22.4,34.07830418653948,28.239152093269738,0
689175a03cfdbc8f3403d702,2017-07-16,2017,7,16,25.6,34.8,30.2,0
689175a03cfdbc8f3403d703,2017-07-17,2017,7,17,26,34.2,30.1,0
689175a03cfdbc8f3403d704,2017-07-18,2017,7,18,28.2,35.8,32,0
689175a03cfdbc8f3403d705,2017-07-19,2017,7,19,24.88729857819905,34.4,29.643649289099525,0
689175a03cfdbc8f3403d706,2017-07-20,2017,7,20,23.2,34.63830418653947,28.919152093269737,0
689175a03cfdbc8f3403d707,2017-07-21,2017,7,21,23,34.95504398516162,28.97752199258081,0
689175a03cfdbc8f3403d708,2017-07-22,2017,7,22,23.2,36.4,29.799999999999997,0
689175a03cfdbc8f3403d709,2017-07-23,2017,7,23,22.2,35.6,28.9,0
689175a03cfdbc8f3403d70a,2017-07-24,2017,7,24,22.2,34.73163751987281,28.465818759936404,0
689175a03cfdbc8f3403d70b,2017-07-25,2017,7,25,23,34.8,28.9,0
689175a03cfdbc8f3403d70c,2017-07-26,2017,7,26,23.2,34.6,28.9,0
689175a03cfdbc8f3403d70d,2017-07-27,2017,7,27,25.6,31.2,28.4,0
689175a03cfdbc8f3403d70e,2017-07-28,2017,7,28,23.6,32.4,28,0
689175a03cfdbc8f3403d70f,2017-07-29,2017,7,29,23.6,34.4,29,0
689175a03cfdbc8f3403d710,2017-07-30,2017,7,30,24.2,32.2,28.200000000000003,0
689175a03cfdbc8f3403d711,2017-07-31,2017,7,31,23.8,30,26.9,0
689175a03cfdbc8f3403d712,2017-08-01,2017,8,1,23.2,32.4,27.799999999999997,0
689175a03cfdbc8f3403d713,2017-08-02,2017,8,2,23,33.36633802816901,28.183169014084505,0
689175a03cfdbc8f3403d714,2017-08-03,2017,8,3,22.8,34.2,28.5,0
689175a03cfdbc8f3403d715,2017-08-04,2017,8,4,23,29.8,26.4,0
689175a03cfdbc8f3403d716,2017-08-05,2017,8,5,23.2,32,27.6,0
689175a03cfdbc8f3403d717,2017-08-06,2017,8,6,23.2,32,27.6,0
689175a03cfdbc8f3403d718,2017-08-07,2017,8,7,23.4,34.2,28.8,0
689175a03cfdbc8f3403d719,2017-08-08,2017,8,8,22.8,35.8,29.299999999999997,0
689175a03cfdbc8f3403d71a,2017-08-09,2017,8,9,22.6,32.8,27.7,0
689175a03cfdbc8f3403d71b,2017-08-10,2017,8,10,23,33.4,28.2,0
689175a03cfdbc8f3403d71c,2017-08-11,2017,8,11,22.6,32.2,27.400000000000002,0
689175a03cfdbc8f3403d71d,2017-08-12,2017,8,12,22.8,30.6,26.700000000000003,0
689175a03cfdbc8f3403d71e,2017-08-13,2017,8,13,22.2,33.6,27.9,0
689175a03cfdbc8f3403d71f,2017-08-14,2017,8,14,22.6,31,26.8,0
689175a03cfdbc8f3403d720,2017-08-15,2017,8,15,22.6,32.946338028169016,27.77316901408451,0
689175a03cfdbc8f3403d721,2017-08-16,2017,8,16,24.8,34.4,29.6,0
689175a03cfdbc8f3403d722,2017-08-17,2017,8,17,24.4,34.556338028169016,29.478169014084507,0
689175a03cfdbc8f3403d723,2017-08-18,2017,8,18,23.4,35.6,29.5,0
689175a03cfdbc8f3403d724,2017-08-19,2017,8,19,22.4,34,28.2,0
689175a03cfdbc8f3403d725,2017-08-20,2017,8,20,22.2,35.4,28.799999999999997,0
689175a03cfdbc8f3403d726,2017-08-21,2017,8,21,22.4,35.4,28.9,0
689175a03cfdbc8f3403d727,2017-08-22,2017,8,22,22.2,36.2,29.200000000000003,0
689175a03cfdbc8f3403d728,2017-08-23,2017,8,23,22.2,34.90633802816901,28.553169014084503,0
689175a03cfdbc8f3403d729,2017-08-24,2017,8,24,22.2,34.8,28.5,0
689175a03cfdbc8f3403d72a,2017-08-25,2017,8,25,22.2,36.4,29.299999999999997,0
689175a03cfdbc8f3403d72b,2017-08-26,2017,8,26,22.684570982839315,34.8,28.742285491419658,0
689175a03cfdbc8f3403d72c,2017-08-27,2017,8,27,23,31.8,27.4,0
689175a03cfdbc8f3403d72d,2017-08-28,2017,8,28,23.2,31.6,27.4,0
689175a03cfdbc8f3403d72e,2017-08-29,2017,8,29,23.8,34.6,29.200000000000003,0
689175a03cfdbc8f3403d72f,2017-08-30,2017,8,30,22.8,33.8,28.299999999999997,0
689175a03cfdbc8f3403d730,2017-08-31,2017,8,31,22.6,32.946338028169016,27.77316901408451,0
689175a03cfdbc8f3403d731,2017-09-01,2017,9,1,23.4,31.6,27.5,0
689175a03cfdbc8f3403d732,2017-09-02,2017,9,2,23.4,32.2,27.8,0
689175a03cfdbc8f3403d733,2017-09-03,2017,9,3,23.8,32.8,28.299999999999997,0
689175a03cfdbc8f3403d734,2017-09-04,2017,9,4,22.78248780487805,33.4,28.091243902439025,0
689175a03cfdbc8f3403d735,2017-09-05,2017,9,5,21.8,34.6,28.200000000000003,0
689175a03cfdbc8f3403d736,2017-09-06,2017,9,6,22,32.4,27.2,0
689175a03cfdbc8f3403d737,2017-09-07,2017,9,7,24,32.5,28.25,0
689175a03cfdbc8f3403d738,2017-09-08,2017,9,8,23.8,33,28.4,0
689175a03cfdbc8f3403d739,2017-09-09,2017,9,9,23.202487804878047,31.5,27.351243902439023,0
689175a03cfdbc8f3403d73a,2017-09-10,2017,9,10,23,31.6,27.3,0
689175a03cfdbc8f3403d73b,2017-09-11,2017,9,11,23,31.6,27.3,0
689175a03cfdbc8f3403d73c,2017-09-12,2017,9,12,23.2,33,28.1,0
689175a03cfdbc8f3403d73d,2017-09-13,2017,9,13,23.4,31.8,27.6,0
689175a03cfdbc8f3403d73e,2017-09-14,2017,9,14,23.4,29.4,26.4,0
689175a03cfdbc8f3403d73f,2017-09-15,2017,9,15,23.2,29,26.1,0
689175a03cfdbc8f3403d740,2017-09-16,2017,9,16,22.8,31.8,27.3,0
689175a03cfdbc8f3403d741,2017-09-17,2017,9,17,23,33,28,0
689175a03cfdbc8f3403d742,2017-09-18,2017,9,18,23.2,29.8,26.5,0
689175a03cfdbc8f3403d743,2017-09-19,2017,9,19,24.2,31.6,27.9,0
689175a03cfdbc8f3403d744,2017-09-20,2017,9,20,23,33.4,28.2,0
689175a03cfdbc8f3403d745,2017-09-21,2017,9,21,22.747487804878048,32.2,27.473743902439026,0
689175a03cfdbc8f3403d746,2017-09-22,2017,9,22,22.5,32.6,27.55,0
689175a03cfdbc8f3403d747,2017-09-23,2017,9,23,22.4,32.8,27.599999999999998,0
689175a03cfdbc8f3403d748,2017-09-24,2017,9,24,22.2,33,27.6,0
689175a03cfdbc8f3403d749,2017-09-25,2017,9,25,22.4,33,27.7,0
689175a03cfdbc8f3403d74a,2017-09-26,2017,9,26,21.8,33.10998392282958,27.45499196141479,0
689175a03cfdbc8f3403d74b,2017-09-27,2017,9,27,22.2,33.2,27.700000000000003,0
689175a03cfdbc8f3403d74c,2017-09-28,2017,9,28,23.4,32.6,28,0
689175a03cfdbc8f3403d74d,2017-09-29,2017,9,29,23.2,31.6,27.4,0
689175a03cfdbc8f3403d74e,2017-09-30,2017,9,30,22.87582113821138,33.4,28.13791056910569,0
689175a03cfdbc8f3403d74f,2017-10-02,2017,10,2,22.4,33.2,27.8,0
689175a03cfdbc8f3403d750,2017-10-03,2017,10,3,22.2,33.4,27.799999999999997,0
689175a03cfdbc8f3403d751,2017-10-04,2017,10,4,21.6,34.2,27.900000000000002,0
689175a03cfdbc8f3403d752,2017-10-05,2017,10,5,21.8,33.6,27.700000000000003,0
689175a03cfdbc8f3403d753,2017-10-06,2017,10,6,22.4,33,27.7,0
689175a03cfdbc8f3403d754,2017-10-07,2017,10,7,22.8,31.4,27.1,0
689175a03cfdbc8f3403d755,2017-10-08,2017,10,8,22.6,32.8,27.7,0
689175a03cfdbc8f3403d756,2017-10-09,2017,10,9,22.8,31.8,27.3,0
689175a03cfdbc8f3403d757,2017-10-10,2017,10,10,23.4,32.2,27.8,0
689175a03cfdbc8f3403d758,2017-10-11,2017,10,11,23.4,29.8,26.6,0
689175a03cfdbc8f3403d759,2017-10-12,2017,10,12,23.6,34.6,29.1,0
689175a03cfdbc8f3403d75a,2017-10-13,2017,10,13,24,31.4,27.7,0
689175a03cfdbc8f3403d75b,2017-10-14,2017,10,14,22.6,34.2,28.400000000000002,0
689175a03cfdbc8f3403d75c,2017-10-15,2017,10,15,21.4,34,27.7,0
689175a03cfdbc8f3403d75d,2017-10-16,2017,10,16,21.6,34.2,27.900000000000002,0
689175a03cfdbc8f3403d75e,2017-10-17,2017,10,17,24.2,34.6,29.4,0
689175a03cfdbc8f3403d75f,2017-10-18,2017,10,18,22.6,35,28.8,0
689175a03cfdbc8f3403d760,2017-10-19,2017,10,19,20.6,35.8,28.2,0
689175a03cfdbc8f3403d761,2017-10-20,2017,10,20,20.4,34.8,27.599999999999998,0
689175a03cfdbc8f3403d762,2017-10-21,2017,10,21,20.8,34.8,27.799999999999997,0
689175a03cfdbc8f3403d763,2017-10-22,2017,10,22,20.4,33.2,26.8,0
689175a03cfdbc8f3403d764,2017-10-23,2017,10,23,20.4,33.2,26.8,0
689175a03cfdbc8f3403d765,2017-10-24,2017,10,24,22.2,32.617817708333334,27.40890885416667,0
689175a03cfdbc8f3403d766,2017-10-26,2017,10,26,23.047677083333333,31.8,27.42383854166667,0
689175a03cfdbc8f3403d767,2017-10-27,2017,10,27,23.6,30.6,27.1,0
689175a03cfdbc8f3403d768,2017-10-28,2017,10,28,23.2,31.6,27.4,0
689175a03cfdbc8f3403d769,2017-10-29,2017,10,29,22.8,33,27.9,0
689175a03cfdbc8f3403d76a,2017-10-30,2017,10,30,22.8,30.4,26.6,0
689175a03cfdbc8f3403d76b,2017-10-31,2017,10,31,23.2,31,27.1,0
689175a03cfdbc8f3403d76c,2017-11-01,2017,11,1,23.078363047001623,31.522792207792204,27.300577627396912,0
689175a03cfdbc8f3403d76d,2017-11-02,2017,11,2,23,32,27.5,0
689175a03cfdbc8f3403d76e,2017-11-03,2017,11,3,23.6,31,27.3,0
689175a03cfdbc8f3403d76f,2017-11-04,2017,11,4,23.4,30.6,27,0
689175a03cfdbc8f3403d770,2017-11-05,2017,11,5,23.6,32,27.8,0
689175a03cfdbc8f3403d771,2017-11-06,2017,11,6,23.6,31.8,27.700000000000003,0
689175a03cfdbc8f3403d772,2017-11-07,2017,11,7,23.6,31.8,27.700000000000003,0
689175a03cfdbc8f3403d773,2017-11-08,2017,11,8,23.21836304700162,32.0127922077922,27.61557762739691,0
689175a03cfdbc8f3403d774,2017-11-09,2017,11,9,23,32.6,27.8,0
689175a03cfdbc8f3403d775,2017-11-10,2017,11,10,23.4,32.6,28,0
689175a03cfdbc8f3403d776,2017-11-11,2017,11,11,23.4,31.2,27.299999999999997,0
689175a03cfdbc8f3403d777,2017-11-12,2017,11,12,23.6,32,27.8,0
689175a03cfdbc8f3403d778,2017-11-13,2017,11,13,23.6,32.0127922077922,27.806396103896102,0
689175a03cfdbc8f3403d779,2017-11-14,2017,11,14,23.6,32.4,28,0
689175a03cfdbc8f3403d77a,2017-11-15,2017,11,15,23.6,31.6,27.6,0
689175a03cfdbc8f3403d77b,2017-11-16,2017,11,16,23.6,30.8,27.200000000000003,0
689175a03cfdbc8f3403d77c,2017-11-17,2017,11,17,23.6,32.8,28.2,0
689175a03cfdbc8f3403d77d,2017-11-18,2017,11,18,23.6,32.8,28.2,0
689175a03cfdbc8f3403d77e,2017-11-19,2017,11,19,23.2,32.36279220779221,27.781396103896107,0
689175a03cfdbc8f3403d77f,2017-11-20,2017,11,20,22.2,32.6,27.4,0
689175a03cfdbc8f3403d780,2017-11-21,2017,11,21,22.4,32.6,27.5,0
689175a03cfdbc8f3403d781,2017-11-22,2017,11,22,23.6,32,27.8,0
689175a03cfdbc8f3403d782,2017-11-23,2017,11,23,23.4,31.732792207792205,27.566396103896103,0
689175a03cfdbc8f3403d783,2017-11-24,2017,11,24,23.2,31.6,27.4,0
689175a03cfdbc8f3403d784,2017-11-25,2017,11,25,23.4,29.6,26.5,0
689175a03cfdbc8f3403d785,2017-11-26,2017,11,26,23,29.4,26.2,0
689175a03cfdbc8f3403d786,2017-11-27,2017,11,27,23.2,30,26.6,0
689175a03cfdbc8f3403d787,2017-11-28,2017,11,28,23,26.6,24.8,0
689175a03cfdbc8f3403d788,2017-11-29,2017,11,29,23.4,29.2,26.299999999999997,0
689175a03cfdbc8f3403d789,2017-11-30,2017,11,30,22.8,27.2,25,0
689175a03cfdbc8f3403d78a,2017-12-01,2017,12,1,22.6,24.8,23.700000000000003,0
689175a03cfdbc8f3403d78b,2017-12-02,2017,12,2,23.2,27.5,25.35,0
689175a03cfdbc8f3403d78c,2017-12-03,2017,12,3,23.5,30.2,26.85,0
689175a03cfdbc8f3403d78d,2017-12-04,2017,12,4,24,30.8,27.4,0
689175a03cfdbc8f3403d78e,2017-12-05,2017,12,5,23.8,28.8,26.3,0
689175a03cfdbc8f3403d78f,2017-12-06,2017,12,6,24.2,28.8,26.5,0
689175a03cfdbc8f3403d790,2017-12-07,2017,12,7,23.6,32.8,28.2,0
689175a03cfdbc8f3403d791,2017-12-08,2017,12,8,23,32,27.5,0
689175a03cfdbc8f3403d792,2017-12-09,2017,12,9,23,31.60793838862559,27.303969194312796,0
689175a03cfdbc8f3403d793,2017-12-10,2017,12,10,23,31.5,27.25,0
689175a03cfdbc8f3403d794,2017-12-11,2017,12,11,23,32.8,27.9,0
689175a03cfdbc8f3403d795,2017-12-12,2017,12,12,23.8,30.8,27.3,0
689175a03cfdbc8f3403d796,2017-12-13,2017,12,13,22.4,31.8,27.1,0
689175a03cfdbc8f3403d797,2017-12-14,2017,12,14,22.2,32,27.1,0
689175a03cfdbc8f3403d798,2017-12-15,2017,12,15,23.8,33.2,28.5,0
689175a03cfdbc8f3403d799,2017-12-16,2017,12,16,22.6,31.8,27.200000000000003,0
689175a03cfdbc8f3403d79a,2017-12-17,2017,12,17,22.4,33,27.7,0
689175a03cfdbc8f3403d79b,2017-12-18,2017,12,18,22.4,30.4,26.4,0
689175a03cfdbc8f3403d79c,2017-12-19,2017,12,19,23.8,28.6,26.200000000000003,0
689175a03cfdbc8f3403d79d,2017-12-20,2017,12,20,23.30187004754358,29.2,26.25093502377179,0
689175a03cfdbc8f3403d79e,2017-12-21,2017,12,21,23,26,24.5,0
689175a03cfdbc8f3403d79f,2017-12-22,2017,12,22,22.6,28.84293838862559,25.721469194312796,0
689175a03cfdbc8f3403d7a0,2017-12-23,2017,12,23,24.6,29.6,27.1,0
689175a03cfdbc8f3403d7a1,2017-12-24,2017,12,24,24,30.4,27.2,0
689175a03cfdbc8f3403d7a2,2017-12-25,2017,12,25,23.8,30.8,27.3,0
689175a03cfdbc8f3403d7a3,2017-12-26,2017,12,26,23.6,30,26.8,0
689175a03cfdbc8f3403d7a4,2017-12-27,2017,12,27,22.8,31.432938388625587,27.116469194312792,0
689175a03cfdbc8f3403d7a5,2017-12-28,2017,12,28,21.6,33,27.3,0
689175a03cfdbc8f3403d7a6,2017-12-29,2017,12,29,22.6,30.6,26.6,0
689175a03cfdbc8f3403d7a7,2017-12-30,2017,12,30,23.02187004754358,30.59293838862559,26.807404218084585,0
689175a03cfdbc8f3403d7a8,2017-12-31,2017,12,31,23.4,30,26.7,0
689175a03cfdbc8f3403d7a9,2018-01-01,2018,1,1,23.8,31.4,27.6,0
689175a03cfdbc8f3403d7aa,2018-01-02,2018,1,2,23.2,30.2,26.7,0
689175a03cfdbc8f3403d7ab,2018-01-03,2018,1,3,23.2,27.8,25.5,0
689175a03cfdbc8f3403d7ac,2018-01-04,2018,1,4,22.8,30.6,26.700000000000003,0
689175a03cfdbc8f3403d7ad,2018-01-05,2018,1,5,22.6,32,27.3,0
689175a03cfdbc8f3403d7ae,2018-01-06,2018,1,6,21.8,32,26.9,0
689175a03cfdbc8f3403d7af,2018-01-07,2018,1,7,21.6,31.8,26.700000000000003,0
689175a03cfdbc8f3403d7b0,2018-01-08,2018,1,8,22.4,31.2,26.799999999999997,0
689175a03cfdbc8f3403d7b1,2018-01-09,2018,1,9,22.8,30.8,26.8,0
689175a03cfdbc8f3403d7b2,2018-01-10,2018,1,10,23,32.8,27.9,0
689175a03cfdbc8f3403d7b3,2018-01-11,2018,1,11,20.2,32.4,26.299999999999997,0
689175a03cfdbc8f3403d7b4,2018-01-12,2018,1,12,20.2,31.6,25.9,0
689175a03cfdbc8f3403d7b5,2018-01-13,2018,1,13,22.4,31.7,27.049999999999997,0
689175a03cfdbc8f3403d7b6,2018-01-14,2018,1,14,22,32,27,0
689175a03cfdbc8f3403d7b7,2018-01-15,2018,1,15,22,32.4,27.2,0
689175a03cfdbc8f3403d7b8,2018-01-16,2018,1,16,22.2,32.8,27.5,0
689175a03cfdbc8f3403d7b9,2018-01-17,2018,1,17,21.8,32.4,27.1,0
689175a03cfdbc8f3403d7ba,2018-01-18,2018,1,18,22,30.4,26.2,0
689175a03cfdbc8f3403d7bb,2018-01-19,2018,1,19,22.6,30.3,26.450000000000003,0
689175a03cfdbc8f3403d7bc,2018-01-20,2018,1,20,22,31.1,26.55,0
689175a03cfdbc8f3403d7bd,2018-01-21,2018,1,21,22,30.4,26.2,0
689175a03cfdbc8f3403d7be,2018-01-22,2018,1,22,22.6,30.8,26.700000000000003,0
689175a03cfdbc8f3403d7bf,2018-01-23,2018,1,23,23.4,32.4,27.9,0
689175a03cfdbc8f3403d7c0,2018-01-24,2018,1,24,22.4,32.8,27.599999999999998,0
689175a03cfdbc8f3403d7c1,2018-01-25,2018,1,25,22,31.6,26.8,0
689175a03cfdbc8f3403d7c2,2018-01-26,2018,1,26,22.6,32,27.3,0
689175a03cfdbc8f3403d7c3,2018-01-27,2018,1,27,23,33.4,28.2,0
689175a03cfdbc8f3403d7c4,2018-01-28,2018,1,28,22.8,32,27.4,0
689175a03cfdbc8f3403d7c5,2018-01-29,2018,1,29,22.2,32.2,27.200000000000003,0
689175a03cfdbc8f3403d7c6,2018-01-30,2018,1,30,22.2,32.14209395302349,27.171046976511747,0
689175a03cfdbc8f3403d7c7,2018-02-01,2018,2,1,22.8,32.4,27.6,0
689175a03cfdbc8f3403d7c8,2018-02-02,2018,2,2,23.2,32.6,27.9,0
689175a03cfdbc8f3403d7c9,2018-02-03,2018,2,3,23.2,32.8,28,0
689175a03cfdbc8f3403d7ca,2018-02-04,2018,2,4,23.2,32.4,27.799999999999997,0
689175a03cfdbc8f3403d7cb,2018-02-05,2018,2,5,23,32,27.5,0
689175a03cfdbc8f3403d7cc,2018-02-06,2018,2,6,21.6,31.6,26.6,0
689175a03cfdbc8f3403d7cd,2018-02-07,2018,2,7,23.4,33,28.2,0
689175a03cfdbc8f3403d7ce,2018-02-08,2018,2,8,23.6,32.6,28.1,0
689175a03cfdbc8f3403d7cf,2018-02-09,2018,2,9,23,32.2,27.6,0
689175a03cfdbc8f3403d7d0,2018-02-10,2018,2,10,23.4,30.6,27,0
689175a03cfdbc8f3403d7d1,2018-02-11,2018,2,11,21.6,32.2,26.900000000000002,0
689175a03cfdbc8f3403d7d2,2018-02-12,2018,2,12,21,32.2,26.6,0
689175a03cfdbc8f3403d7d3,2018-02-13,2018,2,13,20.6,33.4,27,0
689175a03cfdbc8f3403d7d4,2018-02-14,2018,2,14,21.8,32.4,27.1,0
689175a03cfdbc8f3403d7d5,2018-02-15,2018,2,15,23.2,33.4,28.299999999999997,0
689175a03cfdbc8f3403d7d6,2018-02-16,2018,2,16,23.2,32.6,27.9,0
689175a03cfdbc8f3403d7d7,2018-02-17,2018,2,17,22,33,27.5,0
689175a03cfdbc8f3403d7d8,2018-02-18,2018,2,18,23.6,32.8,28.2,0
689175a03cfdbc8f3403d7d9,2018-02-19,2018,2,19,23.4,33,28.2,0
689175a03cfdbc8f3403d7da,2018-02-20,2018,2,20,23.2,33.8,28.5,0
689175a03cfdbc8f3403d7db,2018-02-21,2018,2,21,23,32,27.5,0
689175a03cfdbc8f3403d7dc,2018-02-22,2018,2,22,23.2,32,27.6,0
689175a03cfdbc8f3403d7dd,2018-02-23,2018,2,23,23.4,30.4,26.9,0
689175a03cfdbc8f3403d7de,2018-02-24,2018,2,24,21.2,31.4,26.299999999999997,0
689175a03cfdbc8f3403d7df,2018-02-25,2018,2,25,22,29.2,25.6,0
689175a03cfdbc8f3403d7e0,2018-02-26,2018,2,26,23.8,32.2,28,0
689175a03cfdbc8f3403d7e1,2018-02-27,2018,2,27,24,31.4,27.7,0
689175a03cfdbc8f3403d7e2,2018-02-28,2018,2,28,22.6,32.6,27.6,0
689175a03cfdbc8f3403d7e3,2018-03-01,2018,3,1,22.4,32,27.2,0
689175a03cfdbc8f3403d7e4,2018-03-02,2018,3,2,22.2,32.5,27.35,0
689175a03cfdbc8f3403d7e5,2018-03-03,2018,3,3,22.8,31.2,27,0
689175a03cfdbc8f3403d7e6,2018-03-04,2018,3,4,23.6,32.4,28,0
689175a03cfdbc8f3403d7e7,2018-03-05,2018,3,5,23.4,32.2,27.8,0
689175a03cfdbc8f3403d7e8,2018-03-06,2018,3,6,24.4,31,27.7,0
689175a03cfdbc8f3403d7e9,2018-03-07,2018,3,7,23,32,27.5,0
689175a03cfdbc8f3403d7ea,2018-03-08,2018,3,8,23,32.9,27.95,0
689175a03cfdbc8f3403d7eb,2018-03-09,2018,3,9,23,33.6,28.3,0
689175a03cfdbc8f3403d7ec,2018-03-10,2018,3,10,22.8,32.8,27.799999999999997,0
689175a03cfdbc8f3403d7ed,2018-03-11,2018,3,11,22.6,33.8,28.2,0
689175a03cfdbc8f3403d7ee,2018-03-12,2018,3,12,22.6,32.8,27.7,0
689175a03cfdbc8f3403d7ef,2018-03-13,2018,3,13,21.6,32.6,27.1,0
689175a03cfdbc8f3403d7f0,2018-03-14,2018,3,14,21.6,34.4,28,0
689175a03cfdbc8f3403d7f1,2018-03-15,2018,3,15,22,32,27,0
689175a03cfdbc8f3403d7f2,2018-03-16,2018,3,16,22.4,33,27.7,0
689175a03cfdbc8f3403d7f3,2018-03-17,2018,3,17,22.4,33.2,27.8,0
689175a03cfdbc8f3403d7f4,2018-03-18,2018,3,18,22.2,33.8,28,0
689175a03cfdbc8f3403d7f5,2018-03-19,2018,3,19,24,33.4,28.7,0
689175a03cfdbc8f3403d7f6,2018-03-20,2018,3,20,23.8,31.8,27.8,0
689175a03cfdbc8f3403d7f7,2018-03-21,2018,3,21,23.2,32.8,28,0
689175a03cfdbc8f3403d7f8,2018-03-22,2018,3,22,23.2,32.8,28,0
689175a03cfdbc8f3403d7f9,2018-03-23,2018,3,23,23.6,32,27.8,0
689175a03cfdbc8f3403d7fa,2018-03-24,2018,3,24,23.4,33.4,28.4,0
689175a03cfdbc8f3403d7fb,2018-03-25,2018,3,25,23.2,33.8,28.5,0
689175a03cfdbc8f3403d7fc,2018-03-26,2018,3,26,23,33.2,28.1,0
689175a03cfdbc8f3403d7fd,2018-03-27,2018,3,27,23.2,31.8,27.5,0
689175a03cfdbc8f3403d7fe,2018-03-28,2018,3,28,23,33.2,28.1,0
689175a03cfdbc8f3403d7ff,2018-03-29,2018,3,29,23.4,33.4,28.4,0
689175a03cfdbc8f3403d800,2018-03-30,2018,3,30,22.4,34.8,28.599999999999998,0
689175a03cfdbc8f3403d801,2018-03-31,2018,3,31,23.2,33.48635215453194,28.343176077265973,0
689175a03cfdbc8f3403d802,2018-04-01,2018,4,1,22.2,32.7,27.450000000000003,0
689175a03cfdbc8f3403d803,2018-04-02,2018,4,2,23,31,27,0
689175a03cfdbc8f3403d804,2018-04-03,2018,4,3,23.6,34.9,29.25,0
689175a03cfdbc8f3403d805,2018-04-04,2018,4,4,24.2,32.4,28.299999999999997,0
689175a03cfdbc8f3403d806,2018-04-05,2018,4,5,22.6,31.5,27.05,0
689175a03cfdbc8f3403d807,2018-04-06,2018,4,6,23,32.6,27.8,0
689175a03cfdbc8f3403d808,2018-04-07,2018,4,7,23.2,33,28.1,0
689175a03cfdbc8f3403d809,2018-04-08,2018,4,8,23.8,30.7,27.25,0
689175a03cfdbc8f3403d80a,2018-04-09,2018,4,9,23,34.7,28.85,0
689175a03cfdbc8f3403d80b,2018-04-10,2018,4,10,23.3,34,28.65,0
689175a03cfdbc8f3403d80c,2018-04-11,2018,4,11,24.5,33,28.75,0
689175a03cfdbc8f3403d80d,2018-04-12,2018,4,12,24,33.4,28.7,0
689175a03cfdbc8f3403d80e,2018-04-13,2018,4,13,24,34.2,29.1,0
689175a03cfdbc8f3403d80f,2018-04-14,2018,4,14,24.2,30.3,27.25,0
689175a03cfdbc8f3403d810,2018-04-15,2018,4,15,24.4,33.2,28.8,0
689175a03cfdbc8f3403d811,2018-04-16,2018,4,16,24.3,31.2,27.75,0
689175a03cfdbc8f3403d812,2018-04-17,2018,4,17,23.9,33.4,28.65,0
689175a03cfdbc8f3403d813,2018-04-18,2018,4,18,24,33.2,28.6,0
689175a03cfdbc8f3403d814,2018-04-19,2018,4,19,23,34,28.5,0
689175a03cfdbc8f3403d815,2018-04-20,2018,4,20,23.6,33,28.3,0
689175a03cfdbc8f3403d816,2018-04-21,2018,4,21,22.4,32.3,27.349999999999998,0
689175a03cfdbc8f3403d817,2018-04-22,2018,4,22,23,33.3,28.15,0
689175a03cfdbc8f3403d818,2018-04-23,2018,4,23,24.4,32.3,28.349999999999998,0
689175a03cfdbc8f3403d819,2018-04-24,2018,4,24,24.8,33,28.9,0
689175a03cfdbc8f3403d81a,2018-04-25,2018,4,25,24.2,32.9,28.549999999999997,0
689175a03cfdbc8f3403d81b,2018-04-26,2018,4,26,23.8,30.6,27.200000000000003,0
689175a03cfdbc8f3403d81c,2018-04-27,2018,4,27,22.6,32.8,27.7,0
689175a03cfdbc8f3403d81d,2018-04-28,2018,4,28,22.6,34.8,28.7,0
689175a03cfdbc8f3403d81e,2018-04-29,2018,4,29,22.8,33,27.9,0
689175a03cfdbc8f3403d81f,2018-04-30,2018,4,30,24.2,33,28.6,0
689175a03cfdbc8f3403d820,2018-05-01,2018,5,1,24.4,33.3,28.849999999999998,0
689175a03cfdbc8f3403d821,2018-05-02,2018,5,2,24.2,33.4,28.799999999999997,0
689175a03cfdbc8f3403d822,2018-05-03,2018,5,3,24.2,32.4,28.299999999999997,0
689175a03cfdbc8f3403d823,2018-05-04,2018,5,4,24.4,34.2,29.3,0
689175a03cfdbc8f3403d824,2018-05-05,2018,5,5,24.3,33.2,28.75,0
689175a03cfdbc8f3403d825,2018-05-06,2018,5,6,24.4,32,28.2,0
689175a03cfdbc8f3403d826,2018-05-07,2018,5,7,24.4,31.6,28,0
689175a03cfdbc8f3403d827,2018-05-08,2018,5,8,24,32.6,28.3,0
689175a03cfdbc8f3403d828,2018-05-09,2018,5,9,24,32,28,0
689175a03cfdbc8f3403d829,2018-05-10,2018,5,10,23.8,32.6,28.200000000000003,0
689175a03cfdbc8f3403d82a,2018-05-11,2018,5,11,23.8,32.4,28.1,0
689175a03cfdbc8f3403d82b,2018-05-12,2018,5,12,23.2,32.6,27.9,0
689175a03cfdbc8f3403d82c,2018-05-13,2018,5,13,23,32.2,27.6,0
689175a03cfdbc8f3403d82d,2018-05-14,2018,5,14,24.6,33.6,29.1,0
689175a03cfdbc8f3403d82e,2018-05-15,2018,5,15,24.4,34,29.2,0
689175a03cfdbc8f3403d82f,2018-05-16,2018,5,16,24.4,32.2,28.3,0
689175a03cfdbc8f3403d830,2018-05-17,2018,5,17,24.2,32,28.1,0
689175a03cfdbc8f3403d831,2018-05-18,2018,5,18,23.8,30.4,27.1,0
689175a03cfdbc8f3403d832,2018-05-19,2018,5,19,23,27,25,0
689175a03cfdbc8f3403d833,2018-05-20,2018,5,20,22.9,33.6,28.25,0
689175a03cfdbc8f3403d834,2018-05-21,2018,5,21,22.8,31.8,27.3,0
689175a03cfdbc8f3403d835,2018-05-22,2018,5,22,24,30.2,27.1,0
689175a03cfdbc8f3403d836,2018-05-23,2018,5,23,23.8,31.8,27.8,0
689175a03cfdbc8f3403d837,2018-05-24,2018,5,24,23.8,30.2,27,0
689175a03cfdbc8f3403d838,2018-05-25,2018,5,25,23,33.4,28.2,0
689175a03cfdbc8f3403d839,2018-05-26,2018,5,26,23.1,31.2,27.15,0
689175a03cfdbc8f3403d83a,2018-05-27,2018,5,27,23.8,32,27.9,0
689175a03cfdbc8f3403d83b,2018-05-28,2018,5,28,24,33.2,28.6,0
689175a03cfdbc8f3403d83c,2018-05-29,2018,5,29,24.8,31.8,28.3,0
689175a03cfdbc8f3403d83d,2018-05-30,2018,5,30,24,35,29.5,0
689175a03cfdbc8f3403d83e,2018-05-31,2018,5,31,23.4,34.6,29,0
689175a03cfdbc8f3403d83f,2018-06-01,2018,6,1,23.4,32.8,28.099999999999998,0
689175a03cfdbc8f3403d840,2018-06-02,2018,6,2,24.4,34.6,29.5,0
689175a03cfdbc8f3403d841,2018-06-03,2018,6,3,22.6,35.4,29,0
689175a03cfdbc8f3403d842,2018-06-04,2018,6,4,22.8,34.4,28.6,0
689175a03cfdbc8f3403d843,2018-06-05,2018,6,5,22.8,34.6,28.700000000000003,0
689175a03cfdbc8f3403d844,2018-06-06,2018,6,6,23.2,34.4,28.799999999999997,0
689175a03cfdbc8f3403d845,2018-06-07,2018,6,7,23,34.4,28.7,0
689175a03cfdbc8f3403d846,2018-06-08,2018,6,8,23.4,34.2,28.8,0
689175a03cfdbc8f3403d847,2018-06-09,2018,6,9,26.2,33.6,29.9,0
689175a03cfdbc8f3403d848,2018-06-10,2018,6,10,25.2,36,30.6,0
689175a03cfdbc8f3403d849,2018-06-11,2018,6,11,24.4,35,29.7,0
689175a03cfdbc8f3403d84a,2018-06-12,2018,6,12,23,35,29,0
689175a03cfdbc8f3403d84b,2018-06-13,2018,6,13,23,36,29.5,0
689175a03cfdbc8f3403d84c,2018-06-14,2018,6,14,23,35.8,29.4,0
689175a03cfdbc8f3403d84d,2018-06-15,2018,6,15,23.8,33.8,28.799999999999997,0
689175a03cfdbc8f3403d84e,2018-06-16,2018,6,16,23.8,34,28.9,0
689175a03cfdbc8f3403d84f,2018-06-17,2018,6,17,23.8,35,29.4,0
689175a03cfdbc8f3403d850,2018-06-18,2018,6,18,23,30,26.5,0
689175a03cfdbc8f3403d851,2018-06-19,2018,6,19,23,30,26.5,0
689175a03cfdbc8f3403d852,2018-06-20,2018,6,20,23.2,31,27.1,0
689175a03cfdbc8f3403d853,2018-06-21,2018,6,21,23.2,33.2,28.200000000000003,0
689175a03cfdbc8f3403d854,2018-06-22,2018,6,22,22.2,34,28.1,0
689175a03cfdbc8f3403d855,2018-06-23,2018,6,23,22.2,33,27.6,0
689175a03cfdbc8f3403d856,2018-06-24,2018,6,24,23.6,33.8,28.7,0
689175a03cfdbc8f3403d857,2018-06-25,2018,6,25,23.2,32.6,27.9,0
689175a03cfdbc8f3403d858,2018-06-26,2018,6,26,22.6,32.8,27.7,0
689175a03cfdbc8f3403d859,2018-06-27,2018,6,27,21.8,34,27.9,0
689175a03cfdbc8f3403d85a,2018-06-28,2018,6,28,21.8,32.8,27.299999999999997,0
689175a03cfdbc8f3403d85b,2018-06-29,2018,6,29,22.4,33,27.7,0
689175a03cfdbc8f3403d85c,2018-06-30,2018,6,30,21.8,32.6,27.200000000000003,0
689175a03cfdbc8f3403d85d,2018-07-01,2018,7,1,22,32.8,27.4,0
689175a03cfdbc8f3403d85e,2018-07-02,2018,7,2,22.2,31.6,26.9,0
689175a03cfdbc8f3403d85f,2018-07-03,2018,7,3,21.6,34.6,28.1,0
689175a03cfdbc8f3403d860,2018-07-04,2018,7,4,21.5,34.6,28.05,0
689175a03cfdbc8f3403d861,2018-07-05,2018,7,5,21.6,34,27.8,0
689175a03cfdbc8f3403d862,2018-07-06,2018,7,6,23,34.8,28.9,0
689175a03cfdbc8f3403d863,2018-07-07,2018,7,7,23,35,29,0
689175a03cfdbc8f3403d864,2018-07-08,2018,7,8,23.4,35,29.2,0
689175a03cfdbc8f3403d865,2018-07-09,2018,7,9,23.6,33.4,28.5,0
689175a03cfdbc8f3403d866,2018-07-10,2018,7,10,25.2,33.4,29.299999999999997,0
689175a03cfdbc8f3403d867,2018-07-11,2018,7,11,23.2,33,28.1,0
689175a03cfdbc8f3403d868,2018-07-12,2018,7,12,23,35.2,29.1,0
689175a03cfdbc8f3403d869,2018-07-13,2018,7,13,23.2,34,28.6,0
689175a03cfdbc8f3403d86a,2018-07-14,2018,7,14,23.2,32.8,28,0
689175a03cfdbc8f3403d86b,2018-07-15,2018,7,15,21.4,33.8,27.599999999999998,0
689175a03cfdbc8f3403d86c,2018-07-16,2018,7,16,23.8,36.2,30,0
689175a03cfdbc8f3403d86d,2018-07-17,2018,7,17,23.8,33.4,28.6,0
689175a03cfdbc8f3403d86e,2018-07-18,2018,7,18,22.8,34.4,28.6,0
689175a03cfdbc8f3403d86f,2018-07-19,2018,7,19,25.2,33.6,29.4,0
689175a03cfdbc8f3403d870,2018-07-20,2018,7,20,24,33.6,28.8,0
689175a03cfdbc8f3403d871,2018-07-21,2018,7,21,26,34.2,30.1,0
689175a03cfdbc8f3403d872,2018-07-22,2018,7,22,24,35,29.5,0
689175a03cfdbc8f3403d873,2018-07-23,2018,7,23,23.8,35,29.4,0
689175a03cfdbc8f3403d874,2018-07-24,2018,7,24,22.4,34.4,28.4,0
689175a03cfdbc8f3403d875,2018-07-25,2018,7,25,22.6,34.8,28.7,0
689175a03cfdbc8f3403d876,2018-07-26,2018,7,26,25.8,34.2,30,0
689175a03cfdbc8f3403d877,2018-07-27,2018,7,27,25.2,32.6,28.9,0
689175a03cfdbc8f3403d878,2018-07-28,2018,7,28,25,30,27.5,0
689175a03cfdbc8f3403d879,2018-07-29,2018,7,29,24.4,29,26.7,0
689175a03cfdbc8f3403d87a,2018-07-30,2018,7,30,24.2,28.8,26.5,0
689175a03cfdbc8f3403d87b,2018-07-31,2018,7,31,23.2,33.6,28.4,0
689175a03cfdbc8f3403d87c,2018-08-01,2018,8,1,21.6,34.2,27.900000000000002,0
689175a03cfdbc8f3403d87d,2018-08-02,2018,8,2,21.6,34.6,28.1,0
689175a03cfdbc8f3403d87e,2018-08-03,2018,8,3,22,34,28,0
689175a03cfdbc8f3403d87f,2018-08-04,2018,8,4,22,34.4,28.2,0
689175a03cfdbc8f3403d880,2018-08-05,2018,8,5,22.4,35.2,28.8,0
689175a03cfdbc8f3403d881,2018-08-06,2018,8,6,25.4,33.8,29.599999999999998,0
689175a03cfdbc8f3403d882,2018-08-07,2018,8,7,26.4,33,29.7,0
689175a03cfdbc8f3403d883,2018-08-08,2018,8,8,22.8,32.2,27.5,0
689175a03cfdbc8f3403d884,2018-08-09,2018,8,9,25.8,31.4,28.6,0
689175a03cfdbc8f3403d885,2018-08-10,2018,8,10,25.6,33.4,29.5,0
689175a03cfdbc8f3403d886,2018-08-11,2018,8,11,21.6,34,27.8,0
689175a03cfdbc8f3403d887,2018-08-12,2018,8,12,24.8,34,29.4,0
689175a03cfdbc8f3403d888,2018-08-13,2018,8,13,26.4,34,30.2,0
689175a03cfdbc8f3403d889,2018-08-14,2018,8,14,26.4,32.8,29.599999999999998,0
689175a03cfdbc8f3403d88a,2018-08-15,2018,8,15,24.2,35,29.6,0
689175a03cfdbc8f3403d88b,2018-08-16,2018,8,16,23.2,35.4,29.299999999999997,0
689175a03cfdbc8f3403d88c,2018-08-17,2018,8,17,23.4,34.2,28.8,0
689175a03cfdbc8f3403d88d,2018-08-18,2018,8,18,28.4,34.6,31.5,0
689175a03cfdbc8f3403d88e,2018-08-19,2018,8,19,23.5,31.4,27.45,0
689175a03cfdbc8f3403d88f,2018-08-20,2018,8,20,23.6,31.8,27.700000000000003,0
689175a03cfdbc8f3403d890,2018-08-21,2018,8,21,24.2,28.8,26.5,0
689175a03cfdbc8f3403d891,2018-08-22,2018,8,22,23.6,28,25.8,0
689175a03cfdbc8f3403d892,2018-08-23,2018,8,23,23.6,32.8,28.2,0
689175a03cfdbc8f3403d893,2018-08-24,2018,8,24,23.8,33.4,28.6,0
689175a03cfdbc8f3403d894,2018-08-25,2018,8,25,22.8,32.8,27.799999999999997,0
689175a03cfdbc8f3403d895,2018-08-26,2018,8,26,21.8,33.6,27.700000000000003,0
689175a03cfdbc8f3403d896,2018-08-27,2018,8,27,21.2,34.2,27.700000000000003,0
689175a03cfdbc8f3403d897,2018-08-28,2018,8,28,23.2,34.6,28.9,0
689175a03cfdbc8f3403d898,2018-08-29,2018,8,29,22.2,35.2,28.700000000000003,0
689175a03cfdbc8f3403d899,2018-08-30,2018,8,30,22.47457098283931,35,28.737285491419655,0
689175a03cfdbc8f3403d89a,2018-08-31,2018,8,31,22.4,34.8,28.599999999999998,0
689175a03cfdbc8f3403d89b,2018-09-01,2018,9,1,22.8,36.2,29.5,0
689175a03cfdbc8f3403d89c,2018-09-02,2018,9,2,22.2,34,28.1,0
689175a03cfdbc8f3403d89d,2018-09-03,2018,9,3,22.2,35,28.6,0
689175a03cfdbc8f3403d89e,2018-09-04,2018,9,4,23,30.1,26.55,0
689175a03cfdbc8f3403d89f,2018-09-05,2018,9,5,22.6,32.4,27.5,0
689175a03cfdbc8f3403d8a0,2018-09-06,2018,9,6,22.4,33.8,28.099999999999998,0
689175a03cfdbc8f3403d8a1,2018-09-07,2018,9,7,22.6,33.6,28.1,0
689175a03cfdbc8f3403d8a2,2018-09-08,2018,9,8,22.2,33.4,27.799999999999997,0
689175a03cfdbc8f3403d8a3,2018-09-09,2018,9,9,22.4,34.8,28.599999999999998,0
689175a03cfdbc8f3403d8a4,2018-09-10,2018,9,10,22.4,33.2,27.8,0
689175a03cfdbc8f3403d8a5,2018-09-11,2018,9,11,22.1,31.4,26.75,0
689175a03cfdbc8f3403d8a6,2018-09-12,2018,9,12,22.2,33.6,27.9,0
689175a03cfdbc8f3403d8a7,2018-09-13,2018,9,13,21.8,33.6,27.700000000000003,0
689175a03cfdbc8f3403d8a8,2018-09-14,2018,9,14,21.8,33.03998392282958,27.419991961414787,0
689175a03cfdbc8f3403d8a9,2018-09-15,2018,9,15,23.2,32.4,27.799999999999997,0
689175a03cfdbc8f3403d8aa,2018-09-16,2018,9,16,23.97248780487805,32.8,28.386243902439023,0
689175a03cfdbc8f3403d8ab,2018-09-17,2018,9,17,25.8,31,28.4,0
689175a03cfdbc8f3403d8ac,2018-09-18,2018,9,18,22.6,29,25.8,0
689175a03cfdbc8f3403d8ad,2018-09-19,2018,9,19,20.8,34.6,27.700000000000003,0
689175a03cfdbc8f3403d8ae,2018-09-20,2018,9,20,20.8,34.4,27.6,0
689175a03cfdbc8f3403d8af,2018-09-21,2018,9,21,23.6,34.2,28.900000000000002,0
689175a03cfdbc8f3403d8b0,2018-09-22,2018,9,22,23,32.8,27.9,0
689175a03cfdbc8f3403d8b1,2018-09-23,2018,9,23,23.2,31.8,27.5,0
689175a03cfdbc8f3403d8b2,2018-09-24,2018,9,24,23.6,31.4,27.5,0
689175a03cfdbc8f3403d8b3,2018-09-25,2018,9,25,23.8,33,28.4,0
689175a03cfdbc8f3403d8b4,2018-09-26,2018,9,26,22.6,33,27.8,0
689175a03cfdbc8f3403d8b5,2018-09-27,2018,9,27,22.2,33.4,27.799999999999997,0
689175a03cfdbc8f3403d8b6,2018-09-28,2018,9,28,22.2,32.2,27.200000000000003,0
689175a03cfdbc8f3403d8b7,2018-09-29,2018,9,29,23.5,32.6,28.05,0
689175a03cfdbc8f3403d8b8,2018-09-30,2018,9,30,24,31.6,27.8,0
689175a03cfdbc8f3403d8b9,2018-10-01,2018,10,1,23.2,32,27.6,0
689175a03cfdbc8f3403d8ba,2018-10-02,2018,10,2,23,31.2,27.1,0
689175a03cfdbc8f3403d8bb,2018-10-03,2018,10,3,23.4,32.4,27.9,0
689175a03cfdbc8f3403d8bc,2018-10-04,2018,10,4,23.8,28.8,26.3,0
689175a03cfdbc8f3403d8bd,2018-10-05,2018,10,5,23.4,31,27.2,0
689175a03cfdbc8f3403d8be,2018-10-06,2018,10,6,23.4,31.8,27.6,0
689175a03cfdbc8f3403d8bf,2018-10-07,2018,10,7,23.8,31.8,27.8,0
689175a03cfdbc8f3403d8c0,2018-10-08,2018,10,8,23.6,31.6,27.6,0
689175a03cfdbc8f3403d8c1,2018-10-09,2018,10,9,23.6,31.8,27.700000000000003,0
689175a03cfdbc8f3403d8c2,2018-10-10,2018,10,10,23.8,29.8,26.8,0
689175a03cfdbc8f3403d8c3,2018-10-11,2018,10,11,23.2,32.4,27.799999999999997,0
689175a03cfdbc8f3403d8c4,2018-10-12,2018,10,12,23,30,26.5,0
689175a03cfdbc8f3403d8c5,2018-10-13,2018,10,13,22.8,31,26.9,0
689175a03cfdbc8f3403d8c6,2018-10-14,2018,10,14,22.2,29,25.6,0
689175a03cfdbc8f3403d8c7,2018-10-15,2018,10,15,22.6,31.6,27.1,0
689175a03cfdbc8f3403d8c8,2018-10-16,2018,10,16,23.2,31.6,27.4,0
689175a03cfdbc8f3403d8c9,2018-10-17,2018,10,17,23,30.4,26.7,0
689175a03cfdbc8f3403d8ca,2018-10-18,2018,10,18,22.4,32.8,27.599999999999998,0
689175a03cfdbc8f3403d8cb,2018-10-19,2018,10,19,22.6,32.454484375,27.5272421875,0
689175a03cfdbc8f3403d8cc,2018-10-20,2018,10,20,22.4,32.2,27.3,0
689175a03cfdbc8f3403d8cd,2018-10-21,2018,10,21,21.8,32,26.9,0
689175a03cfdbc8f3403d8ce,2018-10-22,2018,10,22,21.8,32.1,26.950000000000003,0
689175a03cfdbc8f3403d8cf,2018-10-23,2018,10,23,22,31.4,26.7,0
689175a03cfdbc8f3403d8d0,2018-10-24,2018,10,24,22.6,32.4,27.5,0
689175a03cfdbc8f3403d8d1,2018-10-25,2018,10,25,22.8,31.6,27.200000000000003,0
689175a03cfdbc8f3403d8d2,2018-10-26,2018,10,26,22.8,31.8,27.3,0
689175a03cfdbc8f3403d8d3,2018-10-27,2018,10,27,22.8,32.6,27.700000000000003,0
689175a03cfdbc8f3403d8d4,2018-10-28,2018,10,28,22.8,29.4,26.1,0
689175a03cfdbc8f3403d8d5,2018-10-29,2018,10,29,22.2,32.4,27.299999999999997,0
689175a03cfdbc8f3403d8d6,2018-10-30,2018,10,30,23,33.4,28.2,0
689175a03cfdbc8f3403d8d7,2018-10-31,2018,10,31,23.8,31.6,27.700000000000003,0
689175a03cfdbc8f3403d8d8,2018-11-01,2018,11,1,24,32.6,28.3,0
689175a03cfdbc8f3403d8d9,2018-11-02,2018,11,2,23.8,31.3,27.55,0
689175a03cfdbc8f3403d8da,2018-11-03,2018,11,3,23.6,31.8,27.700000000000003,0
689175a03cfdbc8f3403d8db,2018-11-04,2018,11,4,23.2,31,27.1,0
689175a03cfdbc8f3403d8dc,2018-11-05,2018,11,5,24.2,31.2,27.7,0
689175a03cfdbc8f3403d8dd,2018-11-06,2018,11,6,24,31.8,27.9,0
689175a03cfdbc8f3403d8de,2018-11-07,2018,11,7,23.4,31.6,27.5,0
689175a03cfdbc8f3403d8df,2018-11-08,2018,11,8,23,31.2,27.1,0
689175a03cfdbc8f3403d8e0,2018-11-09,2018,11,9,22.8,31.4,27.1,0
689175a03cfdbc8f3403d8e1,2018-11-10,2018,11,10,22.9,30.2,26.549999999999997,0
689175a03cfdbc8f3403d8e2,2018-11-11,2018,11,11,23.2,31.6,27.4,0
689175a03cfdbc8f3403d8e3,2018-11-12,2018,11,12,23.2,32.2,27.700000000000003,0
689175a03cfdbc8f3403d8e4,2018-11-13,2018,11,13,23,32,27.5,0
689175a03cfdbc8f3403d8e5,2018-11-14,2018,11,14,23,31.1,27.05,0
689175a03cfdbc8f3403d8e6,2018-11-15,2018,11,15,22.8,31,26.9,0
689175a03cfdbc8f3403d8e7,2018-11-16,2018,11,16,22.728363047001626,31.9,27.314181523500814,0
689175a03cfdbc8f3403d8e8,2018-11-17,2018,11,17,22.4,32.2,27.3,0
689175a03cfdbc8f3403d8e9,2018-11-18,2018,11,18,24,32,28,0
689175a03cfdbc8f3403d8ea,2018-11-19,2018,11,19,24,31.2,27.6,0
689175a03cfdbc8f3403d8eb,2018-11-20,2018,11,20,24,31.4,27.7,0
689175a03cfdbc8f3403d8ec,2018-11-21,2018,11,21,23,26,24.5,0
689175a03cfdbc8f3403d8ed,2018-11-22,2018,11,22,22.6,27.8,25.200000000000003,0
689175a03cfdbc8f3403d8ee,2018-11-23,2018,11,23,22.4,32,27.2,0
689175a03cfdbc8f3403d8ef,2018-11-24,2018,11,24,22.2,30.6,26.4,0
689175a03cfdbc8f3403d8f0,2018-11-25,2018,11,25,22.4,30.4,26.4,0
689175a03cfdbc8f3403d8f1,2018-11-26,2018,11,26,22.8,31.2,27,0
689175a03cfdbc8f3403d8f2,2018-11-27,2018,11,27,22.4,32.5,27.45,0
689175a03cfdbc8f3403d8f3,2018-11-28,2018,11,28,22.5,31.2,26.85,0
689175a03cfdbc8f3403d8f4,2018-11-29,2018,11,29,22.4,33,27.7,0
689175a03cfdbc8f3403d8f5,2018-11-30,2018,11,30,24,32.4,28.2,0
689175a03cfdbc8f3403d8f6,2018-12-01,2018,12,1,20.4,32.2,26.3,0
689175a03cfdbc8f3403d8f7,2018-12-02,2018,12,2,23.4,32,27.7,0
689175a03cfdbc8f3403d8f8,2018-12-03,2018,12,3,23.16187004754358,32.4,27.78093502377179,0
689175a03cfdbc8f3403d8f9,2018-12-04,2018,12,4,23,30,26.5,0
689175a03cfdbc8f3403d8fa,2018-12-05,2018,12,5,23.8,33.2,28.5,0
689175a03cfdbc8f3403d8fb,2018-12-06,2018,12,6,23.8,31,27.4,0
689175a03cfdbc8f3403d8fc,2018-12-07,2018,12,7,23.4,31.8,27.6,0
689175a03cfdbc8f3403d8fd,2018-12-08,2018,12,8,23,31,27,0
689175a03cfdbc8f3403d8fe,2018-12-09,2018,12,9,23.16187004754358,31.222938388625597,27.19240421808459,0
689175a03cfdbc8f3403d8ff,2018-12-10,2018,12,10,23.4,31.4,27.4,0
689175a03cfdbc8f3403d900,2018-12-11,2018,12,11,23.4,32,27.7,0
689175a03cfdbc8f3403d901,2018-12-12,2018,12,12,23.8,31.6,27.700000000000003,0
689175a03cfdbc8f3403d902,2018-12-13,2018,12,13,23.6,27.2,25.4,0
689175a03cfdbc8f3403d903,2018-12-14,2018,12,14,22.6,31,26.8,0
689175a03cfdbc8f3403d904,2018-12-15,2018,12,15,22.4,30.8,26.6,0
689175a03cfdbc8f3403d905,2018-12-16,2018,12,16,22.4,30,26.2,0
689175a03cfdbc8f3403d906,2018-12-17,2018,12,17,21.8,31.4,26.6,0
689175a03cfdbc8f3403d907,2018-12-18,2018,12,18,23.8,32.2,28,0
689175a03cfdbc8f3403d908,2018-12-19,2018,12,19,23.8,32,27.9,0
689175a03cfdbc8f3403d909,2018-12-20,2018,12,20,23.4,31.4,27.4,0
689175a03cfdbc8f3403d90a,2018-12-21,2018,12,21,23.6,32,27.8,0
689175a03cfdbc8f3403d90b,2018-12-22,2018,12,22,22.95187004754358,31.1,27.02593502377179,0
689175a03cfdbc8f3403d90c,2018-12-23,2018,12,23,22.2,32.3,27.25,0
689175a03cfdbc8f3403d90d,2018-12-24,2018,12,24,22.2,32,27.1,0
689175a03cfdbc8f3403d90e,2018-12-25,2018,12,25,22,31,26.5,0
689175a03cfdbc8f3403d90f,2018-12-26,2018,12,26,22.6,31,26.8,0
689175a03cfdbc8f3403d910,2018-12-27,2018,12,27,22.4,31.2,26.799999999999997,0
689175a03cfdbc8f3403d911,2018-12-28,2018,12,28,22.3,31.8,27.05,0
689175a03cfdbc8f3403d912,2018-12-29,2018,12,29,23.2,32,27.6,0
689175a03cfdbc8f3403d913,2018-12-30,2018,12,30,23,31.6,27.3,0
689175a03cfdbc8f3403d914,2018-12-31,2018,12,31,23.2,31.4,27.299999999999997,0
689175a03cfdbc8f3403d915,2019-01-01,2019,1,1,21.2,33.8,27.5,0
689175a03cfdbc8f3403d916,2019-01-02,2019,1,2,20.8,33,26.9,0
689175a03cfdbc8f3403d917,2019-01-03,2019,1,3,22.2,32.8,27.5,0
689175a03cfdbc8f3403d918,2019-01-04,2019,1,4,21.6,32.8,27.2,0
689175a03cfdbc8f3403d919,2019-01-05,2019,1,5,20.4,32.6,26.5,0
689175a03cfdbc8f3403d91a,2019-01-06,2019,1,6,20.8,34,27.4,0
689175a03cfdbc8f3403d91b,2019-01-07,2019,1,7,22.8,32.9,27.85,0
689175a03cfdbc8f3403d91c,2019-01-08,2019,1,8,23.6,32,27.8,0
689175a03cfdbc8f3403d91d,2019-01-09,2019,1,9,23.4,32.2,27.8,0
689175a03cfdbc8f3403d91e,2019-01-10,2019,1,10,24,30,27,0
689175a03cfdbc8f3403d91f,2019-01-11,2019,1,11,24.6,30.2,27.4,0
689175a03cfdbc8f3403d920,2019-01-12,2019,1,12,23.4,32.2,27.8,0
689175a03cfdbc8f3403d921,2019-01-13,2019,1,13,22.2,32.8,27.5,0
689175a03cfdbc8f3403d922,2019-01-14,2019,1,14,22,32.6,27.3,0
689175a03cfdbc8f3403d923,2019-01-15,2019,1,15,23.8,31.8,27.8,0
689175a03cfdbc8f3403d924,2019-01-16,2019,1,16,23,32,27.5,0
689175a03cfdbc8f3403d925,2019-01-17,2019,1,17,22.8,32,27.4,0
689175a03cfdbc8f3403d926,2019-01-18,2019,1,18,22.4,31.6,27,0
689175a03cfdbc8f3403d927,2019-01-19,2019,1,19,22.8,32.7,27.75,0
689175a03cfdbc8f3403d928,2019-01-20,2019,1,20,22.79693113772455,31.4,27.098465568862274,0
689175a03cfdbc8f3403d929,2019-01-21,2019,1,21,23,32,27.5,0
689175a03cfdbc8f3403d92a,2019-01-22,2019,1,22,22.8,32.8,27.799999999999997,0
689175a03cfdbc8f3403d92b,2019-01-23,2019,1,23,22.6,32,27.3,0
689175a03cfdbc8f3403d92c,2019-01-24,2019,1,24,22.4,33.2,27.8,0
689175a03cfdbc8f3403d92d,2019-01-25,2019,1,25,22.6,31.4,27,0
689175a03cfdbc8f3403d92e,2019-01-26,2019,1,26,23,31.6,27.3,0
689175a03cfdbc8f3403d92f,2019-01-27,2019,1,27,22.2,31.4,26.799999999999997,0
689175a03cfdbc8f3403d930,2019-01-28,2019,1,28,23,31.8,27.4,0
689175a03cfdbc8f3403d931,2019-01-29,2019,1,29,22.8,30.4,26.6,0
689175a03cfdbc8f3403d932,2019-01-30,2019,1,30,23,32,27.5,0
689175a03cfdbc8f3403d933,2019-01-31,2019,1,31,23,33,28,0
689175a03cfdbc8f3403d934,2019-02-01,2019,2,1,23.4,30.4,26.9,0
689175a03cfdbc8f3403d935,2019-02-02,2019,2,2,22.4,31.2,26.799999999999997,0
689175a03cfdbc8f3403d936,2019-02-03,2019,2,3,22.2,30.6,26.4,0
689175a03cfdbc8f3403d937,2019-02-04,2019,2,4,22.8,31.6,27.200000000000003,0
689175a03cfdbc8f3403d938,2019-02-05,2019,2,5,22.6,32.4,27.5,0
689175a03cfdbc8f3403d939,2019-02-06,2019,2,6,22.2,33,27.6,0
689175a03cfdbc8f3403d93a,2019-02-07,2019,2,7,22.6,33.4,28,0
689175a03cfdbc8f3403d93b,2019-02-08,2019,2,8,22,32.6,27.3,0
689175a03cfdbc8f3403d93c,2019-02-09,2019,2,9,21.6,32.6,27.1,0
689175a03cfdbc8f3403d93d,2019-02-10,2019,2,10,22.2,31.2,26.7,0
689175a03cfdbc8f3403d93e,2019-02-11,2019,2,11,22.4,31.6,27,0
689175a03cfdbc8f3403d93f,2019-02-12,2019,2,12,19.2,32.2,25.700000000000003,0
689175a03cfdbc8f3403d940,2019-02-13,2019,2,13,19.2,32.4,25.799999999999997,0
689175a03cfdbc8f3403d941,2019-02-14,2019,2,14,22,33,27.5,0
689175a03cfdbc8f3403d942,2019-02-15,2019,2,15,23,33.2,28.1,0
689175a03cfdbc8f3403d943,2019-02-16,2019,2,16,23.4,33,28.2,0
689175a03cfdbc8f3403d944,2019-02-17,2019,2,17,23.6,31.8,27.700000000000003,0
689175a03cfdbc8f3403d945,2019-02-18,2019,2,18,22.6,32.2,27.400000000000002,0
689175a03cfdbc8f3403d946,2019-02-19,2019,2,19,22.4,32,27.2,0
689175a03cfdbc8f3403d947,2019-02-20,2019,2,20,22.2,32.2,27.200000000000003,0
689175a03cfdbc8f3403d948,2019-02-21,2019,2,21,22.6,32.4,27.5,0
689175a03cfdbc8f3403d949,2019-02-22,2019,2,22,23.2,33.4,28.299999999999997,0
689175a03cfdbc8f3403d94a,2019-02-23,2019,2,23,24.2,31.4,27.799999999999997,0
689175a03cfdbc8f3403d94b,2019-02-24,2019,2,24,24,33.4,28.7,0
689175a03cfdbc8f3403d94c,2019-02-25,2019,2,25,22.4,33.4,27.9,0
689175a03cfdbc8f3403d94d,2019-02-26,2019,2,26,22.2,32.6,27.4,0
689175a03cfdbc8f3403d94e,2019-02-27,2019,2,27,23,34,28.5,0
689175a03cfdbc8f3403d94f,2019-02-28,2019,2,28,23.8,33,28.4,0
689175a03cfdbc8f3403d950,2019-03-01,2019,3,1,23.8,31.8,27.8,0
689175a03cfdbc8f3403d951,2019-03-02,2019,3,2,22.8,33.4,28.1,0
689175a03cfdbc8f3403d952,2019-03-03,2019,3,3,22.2,33,27.6,0
689175a03cfdbc8f3403d953,2019-03-04,2019,3,4,23.6,33,28.3,0
689175a03cfdbc8f3403d954,2019-03-05,2019,3,5,23.6,32.8,28.2,0
689175a03cfdbc8f3403d955,2019-03-06,2019,3,6,22.8,33.4,28.1,0
689175a03cfdbc8f3403d956,2019-03-07,2019,3,7,22.6,34,28.3,0
689175a03cfdbc8f3403d957,2019-03-08,2019,3,8,21.6,33.4,27.5,0
689175a03cfdbc8f3403d958,2019-03-09,2019,3,9,21.6,32.6,27.1,0
689175a03cfdbc8f3403d959,2019-03-10,2019,3,10,24.1,32,28.05,0
689175a03cfdbc8f3403d95a,2019-03-11,2019,3,11,23,32,27.5,0
689175a03cfdbc8f3403d95b,2019-03-12,2019,3,12,22.4,32.2,27.3,0
689175a03cfdbc8f3403d95c,2019-03-13,2019,3,13,22.2,33.2,27.700000000000003,0
689175a03cfdbc8f3403d95d,2019-03-14,2019,3,14,23.2,33.2,28.200000000000003,0
689175a03cfdbc8f3403d95e,2019-03-15,2019,3,15,22.6,33.2,27.900000000000002,0
689175a03cfdbc8f3403d95f,2019-03-16,2019,3,16,22.4,33.6,28,0
689175a03cfdbc8f3403d960,2019-03-17,2019,3,17,22.4,34,28.2,0
689175a03cfdbc8f3403d961,2019-03-18,2019,3,18,23,33.8,28.4,0
689175a03cfdbc8f3403d962,2019-03-19,2019,3,19,23.2,32.6,27.9,0
689175a03cfdbc8f3403d963,2019-03-20,2019,3,20,23,32,27.5,0
689175a03cfdbc8f3403d964,2019-03-21,2019,3,21,23.6,31.6,27.6,0
689175a03cfdbc8f3403d965,2019-03-22,2019,3,22,22.2,33.6,27.9,0
689175a03cfdbc8f3403d966,2019-03-23,2019,3,23,22,34.6,28.3,0
689175a03cfdbc8f3403d967,2019-03-24,2019,3,24,22.4,33.2,27.8,0
689175a03cfdbc8f3403d968,2019-03-25,2019,3,25,22.4,33.4,27.9,0
689175a03cfdbc8f3403d969,2019-03-26,2019,3,26,23.2,33.6,28.4,0
689175a03cfdbc8f3403d96a,2019-03-27,2019,3,27,23.4,32.4,27.9,0
689175a03cfdbc8f3403d96b,2019-03-28,2019,3,28,23.8,33.8,28.799999999999997,0
689175a03cfdbc8f3403d96c,2019-03-29,2019,3,29,23.2,33.6,28.4,0
689175a03cfdbc8f3403d96d,2019-03-30,2019,3,30,23.2,33.8,28.5,0
689175a03cfdbc8f3403d96e,2019-03-31,2019,3,31,22.8,34.8,28.799999999999997,0
689175a03cfdbc8f3403d96f,2019-04-01,2019,4,1,22.4,30,26.2,0
689175a03cfdbc8f3403d970,2019-04-02,2019,4,2,21,33.8,27.4,0
689175a03cfdbc8f3403d971,2019-04-03,2019,4,3,21,34.4,27.7,0
689175a03cfdbc8f3403d972,2019-04-04,2019,4,4,22.6,33.2,27.900000000000002,0
689175a03cfdbc8f3403d973,2019-04-05,2019,4,5,22.2,32.6,27.4,0
689175a03cfdbc8f3403d974,2019-04-06,2019,4,6,21.8,34,27.9,0
689175a03cfdbc8f3403d975,2019-04-07,2019,4,7,23,32.4,27.7,0
689175a03cfdbc8f3403d976,2019-04-08,2019,4,8,23.8,34.4,29.1,0
689175a03cfdbc8f3403d977,2019-04-09,2019,4,9,23.5,33.8,28.65,0
689175a03cfdbc8f3403d978,2019-04-10,2019,4,10,23.1,34.2,28.650000000000002,0
689175a03cfdbc8f3403d979,2019-04-11,2019,4,11,22.8,34.8,28.799999999999997,0
689175a03cfdbc8f3403d97a,2019-04-12,2019,4,12,22.8,34,28.4,0
689175a03cfdbc8f3403d97b,2019-04-13,2019,4,13,24.6,35,29.8,0
689175a03cfdbc8f3403d97c,2019-04-14,2019,4,14,24.4,31.7,28.049999999999997,0
689175a03cfdbc8f3403d97d,2019-04-15,2019,4,15,24.4,30.2,27.299999999999997,0
689175a03cfdbc8f3403d97e,2019-04-16,2019,4,16,22,34.4,28.2,0
689175a03cfdbc8f3403d97f,2019-04-17,2019,4,17,21.8,35.2,28.5,0
689175a03cfdbc8f3403d980,2019-04-18,2019,4,18,24.6,34.8,29.7,0
689175a03cfdbc8f3403d981,2019-04-19,2019,4,19,24.2,35.2,29.700000000000003,0
689175a03cfdbc8f3403d982,2019-04-21,2019,4,21,23,35.4,29.2,0
689175a03cfdbc8f3403d983,2019-04-22,2019,4,22,23.2,35.2,29.200000000000003,0
689175a03cfdbc8f3403d984,2019-04-23,2019,4,23,23.6,34.3,28.95,0
689175a03cfdbc8f3403d985,2019-04-24,2019,4,24,24.6,34.4,29.5,0
689175a03cfdbc8f3403d986,2019-04-25,2019,4,25,24.6,33.8,29.2,0
689175a03cfdbc8f3403d987,2019-04-26,2019,4,26,24,33.4,28.7,0
689175a03cfdbc8f3403d988,2019-04-27,2019,4,27,23.2,32.6,27.9,0
689175a03cfdbc8f3403d989,2019-04-28,2019,4,28,23,34,28.5,0
689175a03cfdbc8f3403d98a,2019-04-29,2019,4,29,23.4,35,29.2,0
689175a03cfdbc8f3403d98b,2019-04-30,2019,4,30,24.4,33,28.7,0
689175a03cfdbc8f3403d98c,2019-05-01,2019,5,1,24,35.3,29.65,0
689175a03cfdbc8f3403d98d,2019-05-02,2019,5,2,24,36,30,0
689175a03cfdbc8f3403d98e,2019-05-03,2019,5,3,24,35.2,29.6,0
689175a03cfdbc8f3403d98f,2019-05-04,2019,5,4,23.8,36.2,30,0
689175a03cfdbc8f3403d990,2019-05-05,2019,5,5,23.8,33.7,28.75,0
689175a03cfdbc8f3403d991,2019-05-06,2019,5,6,23.8,34,28.9,0
689175a03cfdbc8f3403d992,2019-05-07,2019,5,7,23.6,35.4,29.5,0
689175a03cfdbc8f3403d993,2019-05-08,2019,5,8,24,34,29,0
689175a03cfdbc8f3403d994,2019-05-09,2019,5,9,23.4,35.2,29.3,0
689175a03cfdbc8f3403d995,2019-05-10,2019,5,10,23.8,35.4,29.6,0
689175a03cfdbc8f3403d996,2019-05-11,2019,5,11,23.6,35.8,29.7,0
689175a03cfdbc8f3403d997,2019-05-12,2019,5,12,23.6,35.4,29.5,0
689175a03cfdbc8f3403d998,2019-05-13,2019,5,13,23.2,34.4,28.799999999999997,0
689175a03cfdbc8f3403d999,2019-05-14,2019,5,14,23.4,34.6,29,0
689175a03cfdbc8f3403d99a,2019-05-15,2019,5,15,23.8,33.2,28.5,0
689175a03cfdbc8f3403d99b,2019-05-16,2019,5,16,23.6,34,28.8,0
689175a03cfdbc8f3403d99c,2019-05-17,2019,5,17,22.4,35.2,28.8,0
689175a03cfdbc8f3403d99d,2019-05-18,2019,5,18,22.2,34.6,28.4,0
689175a03cfdbc8f3403d99e,2019-05-19,2019,5,19,22.8,34.8,28.799999999999997,0
689175a03cfdbc8f3403d99f,2019-05-20,2019,5,20,23.4,35.6,29.5,0
689175a03cfdbc8f3403d9a0,2019-05-21,2019,5,21,23.4,34.2,28.8,0
689175a03cfdbc8f3403d9a1,2019-05-22,2019,5,22,23.431985294117645,32.2,27.815992647058824,0
689175a03cfdbc8f3403d9a2,2019-05-23,2019,5,23,23.4,32.4,27.9,0
689175a03cfdbc8f3403d9a3,2019-05-24,2019,5,24,23.4,32.6,28,0
689175a03cfdbc8f3403d9a4,2019-05-25,2019,5,25,23.8,33.8,28.799999999999997,0
689175a03cfdbc8f3403d9a5,2019-05-26,2019,5,26,23.71198529411765,33.4,28.555992647058822,0
689175a03cfdbc8f3403d9a6,2019-05-27,2019,5,27,23.8,32.2,28,0
689175a03cfdbc8f3403d9a7,2019-05-28,2019,5,28,24.2,32.6,28.4,0
689175a03cfdbc8f3403d9a8,2019-05-29,2019,5,29,23.2,32.8,28,0
689175a03cfdbc8f3403d9a9,2019-05-30,2019,5,30,23.2,32.2,27.700000000000003,0
689175a03cfdbc8f3403d9aa,2019-05-31,2019,5,31,24,29.6,26.8,0
689175a03cfdbc8f3403d9ab,2019-06-01,2019,6,1,24.6,32.2,28.400000000000002,0
689175a03cfdbc8f3403d9ac,2019-06-02,2019,6,2,24.8,32,28.4,0
689175a03cfdbc8f3403d9ad,2019-06-03,2019,6,3,24.5,33.2,28.85,0
689175a03cfdbc8f3403d9ae,2019-06-04,2019,6,4,23.8,33.4,28.6,0
689175a03cfdbc8f3403d9af,2019-06-05,2019,6,5,23.8,32.6,28.200000000000003,0
689175a03cfdbc8f3403d9b0,2019-06-06,2019,6,6,24,29,26.5,0
689175a03cfdbc8f3403d9b1,2019-06-07,2019,6,7,23.2,30.8,27,0
689175a03cfdbc8f3403d9b2,2019-06-08,2019,6,8,23.2,29.7,26.45,0
689175a03cfdbc8f3403d9b3,2019-06-09,2019,6,9,23.9,33,28.45,0
689175a03cfdbc8f3403d9b4,2019-06-10,2019,6,10,23.8,33.4,28.6,0
689175a03cfdbc8f3403d9b5,2019-06-11,2019,6,11,24.2,34.5,29.35,0
689175a03cfdbc8f3403d9b6,2019-06-12,2019,6,12,24.2,34.3,29.25,0
689175a03cfdbc8f3403d9b7,2019-06-13,2019,6,13,24.4,35.6,30,0
689175a03cfdbc8f3403d9b8,2019-06-14,2019,6,14,24.4,35.8,30.099999999999998,0
689175a03cfdbc8f3403d9b9,2019-06-15,2019,6,15,24.8,34.4,29.6,0
689175a03cfdbc8f3403d9ba,2019-06-16,2019,6,16,24,35,29.5,0
689175a03cfdbc8f3403d9bb,2019-06-17,2019,6,17,23.8,33.8,28.799999999999997,0
689175a03cfdbc8f3403d9bc,2019-06-18,2019,6,18,23.6,32.4,28,0
689175a03cfdbc8f3403d9bd,2019-06-19,2019,6,19,23.6,34.4,29,0
689175a03cfdbc8f3403d9be,2019-06-20,2019,6,20,24,34.4,29.2,0
689175a03cfdbc8f3403d9bf,2019-06-21,2019,6,21,24.8,35.4,30.1,0
689175a03cfdbc8f3403d9c0,2019-06-22,2019,6,22,24.8,35,29.9,0
689175a03cfdbc8f3403d9c1,2019-06-23,2019,6,23,24.2,32.8,28.5,0
689175a03cfdbc8f3403d9c2,2019-06-24,2019,6,24,24,33.6,28.8,0
689175a03cfdbc8f3403d9c3,2019-06-25,2019,6,25,24.2,31,27.6,0
689175a03cfdbc8f3403d9c4,2019-06-26,2019,6,26,23.2,34.8,29,0
689175a03cfdbc8f3403d9c5,2019-06-27,2019,6,27,23,35.4,29.2,0
689175a03cfdbc8f3403d9c6,2019-06-28,2019,6,28,23,36.4,29.7,0
689175a03cfdbc8f3403d9c7,2019-06-29,2019,6,29,22.8,34.8,28.799999999999997,0
689175a03cfdbc8f3403d9c8,2019-06-30,2019,6,30,22.6,35.8,29.2,0
689175a03cfdbc8f3403d9c9,2019-07-01,2019,7,1,22.8,35.2,29,0
689175a03cfdbc8f3403d9ca,2019-07-02,2019,7,2,22.6,35.3,28.95,0
689175a03cfdbc8f3403d9cb,2019-07-03,2019,7,3,22.5,36.4,29.45,0
689175a03cfdbc8f3403d9cc,2019-07-04,2019,7,4,22.7,35.2,28.950000000000003,0
689175a03cfdbc8f3403d9cd,2019-07-05,2019,7,5,22.8,37.2,30,0
689175a03cfdbc8f3403d9ce,2019-07-06,2019,7,6,22.8,34.7,28.75,0
689175a03cfdbc8f3403d9cf,2019-07-07,2019,7,7,21.8,34.2,28,0
689175a03cfdbc8f3403d9d0,2019-07-08,2019,7,8,21.8,35.6,28.700000000000003,0
689175a03cfdbc8f3403d9d1,2019-07-09,2019,7,9,22.5,34.8,28.65,0
689175a03cfdbc8f3403d9d2,2019-07-10,2019,7,10,22.2,31.6,26.9,0
689175a03cfdbc8f3403d9d3,2019-07-11,2019,7,11,23,33.2,28.1,0
689175a03cfdbc8f3403d9d4,2019-07-12,2019,7,12,23,34.4,28.7,0
689175a03cfdbc8f3403d9d5,2019-07-13,2019,7,13,23.8,33.9,28.85,0
689175a03cfdbc8f3403d9d6,2019-07-14,2019,7,14,23.8,33,28.4,0
689175a03cfdbc8f3403d9d7,2019-07-15,2019,7,15,22.4,36,29.2,0
689175a03cfdbc8f3403d9d8,2019-07-16,2019,7,16,22.4,35.2,28.8,0
689175a03cfdbc8f3403d9d9,2019-07-17,2019,7,17,22.4,35.4,28.9,0
689175a03cfdbc8f3403d9da,2019-07-18,2019,7,18,23.8,32.1,27.950000000000003,0
689175a03cfdbc8f3403d9db,2019-07-19,2019,7,19,23.7,27.8,25.75,0
689175a03cfdbc8f3403d9dc,2019-07-20,2019,7,20,23.6,30.1,26.85,0
689175a03cfdbc8f3403d9dd,2019-07-21,2019,7,21,23.8,30.8,27.3,0
689175a03cfdbc8f3403d9de,2019-07-22,2019,7,22,23,35.2,29.1,0
689175a03cfdbc8f3403d9df,2019-07-23,2019,7,23,22.8,33.8,28.299999999999997,0
689175a03cfdbc8f3403d9e0,2019-07-24,2019,7,24,22.4,34.6,28.5,0
689175a03cfdbc8f3403d9e1,2019-07-25,2019,7,25,22.8,33.6,28.200000000000003,0
689175a03cfdbc8f3403d9e2,2019-07-26,2019,7,26,22.8,34.8,28.799999999999997,0
689175a03cfdbc8f3403d9e3,2019-07-27,2019,7,27,22,34.2,28.1,0
689175a03cfdbc8f3403d9e4,2019-07-28,2019,7,28,20,35.2,27.6,0
689175a03cfdbc8f3403d9e5,2019-07-29,2019,7,29,20,35.2,27.6,0
689175a03cfdbc8f3403d9e6,2019-07-30,2019,7,30,20.6,33.8,27.2,0
689175a03cfdbc8f3403d9e7,2019-07-31,2019,7,31,22,35,28.5,0
689175a03cfdbc8f3403d9e8,2019-08-01,2019,8,1,22,32.7,27.35,0
689175a03cfdbc8f3403d9e9,2019-08-02,2019,8,2,22.6,34.2,28.400000000000002,0
689175a03cfdbc8f3403d9ea,2019-08-03,2019,8,3,22,34,28,0
689175a03cfdbc8f3403d9eb,2019-08-04,2019,8,4,22,34.8,28.4,0
689175a03cfdbc8f3403d9ec,2019-08-05,2019,8,5,23,34.6,28.8,0
689175a03cfdbc8f3403d9ed,2019-08-06,2019,8,6,26.4,35.8,31.099999999999998,0
689175a03cfdbc8f3403d9ee,2019-08-07,2019,8,7,21,34.2,27.6,0
689175a03cfdbc8f3403d9ef,2019-08-08,2019,8,8,21,35.4,28.2,0
689175a03cfdbc8f3403d9f0,2019-08-09,2019,8,9,23.8,35.4,29.6,0
689175a03cfdbc8f3403d9f1,2019-08-10,2019,8,10,26.2,31,28.6,0
689175a03cfdbc8f3403d9f2,2019-08-11,2019,8,11,22.8,33,27.9,0
689175a03cfdbc8f3403d9f3,2019-08-12,2019,8,12,23.2,33.4,28.299999999999997,0
689175a03cfdbc8f3403d9f4,2019-08-13,2019,8,13,24.2,32.8,28.5,0
689175a03cfdbc8f3403d9f5,2019-08-14,2019,8,14,24.2,34.2,29.200000000000003,0
689175a03cfdbc8f3403d9f6,2019-08-15,2019,8,15,23.2,33.4,28.299999999999997,0
689175a03cfdbc8f3403d9f7,2019-08-16,2019,8,16,24.2,33.4,28.799999999999997,0
689175a03cfdbc8f3403d9f8,2019-08-17,2019,8,17,23.4,35.4,29.4,0
689175a03cfdbc8f3403d9f9,2019-08-18,2019,8,18,23.2,34.8,29,0
689175a03cfdbc8f3403d9fa,2019-08-19,2019,8,19,23,34.4,28.7,0
689175a03cfdbc8f3403d9fb,2019-08-20,2019,8,20,23,34.4,28.7,0
689175a03cfdbc8f3403d9fc,2019-08-21,2019,8,21,23,34,28.5,0
689175a03cfdbc8f3403d9fd,2019-08-22,2019,8,22,22.8,34.2,28.5,0
689175a03cfdbc8f3403d9fe,2019-08-23,2019,8,23,23.6,33.4,28.5,0
689175a03cfdbc8f3403d9ff,2019-08-24,2019,8,24,24,31.2,27.6,0
689175a03cfdbc8f3403da00,2019-08-25,2019,8,25,24,34.8,29.4,0
689175a03cfdbc8f3403da01,2019-08-26,2019,8,26,24,30.2,27.1,0
689175a03cfdbc8f3403da02,2019-08-27,2019,8,27,22.2,35.2,28.700000000000003,0
689175a03cfdbc8f3403da03,2019-08-28,2019,8,28,22,35.8,28.9,0
689175a03cfdbc8f3403da04,2019-08-29,2019,8,29,23.4,33,28.2,0
689175a03cfdbc8f3403da05,2019-08-30,2019,8,30,23.6,33,28.3,0
689175a03cfdbc8f3403da06,2019-08-31,2019,8,31,22,34.7,28.35,0
689175a03cfdbc8f3403da07,2019-09-01,2019,9,1,22.922487804878045,32.4,27.661243902439022,0
689175a03cfdbc8f3403da08,2019-09-02,2019,9,2,24,35,29.5,0
689175a03cfdbc8f3403da09,2019-09-03,2019,9,3,23.8,35.8,29.799999999999997,0
689175a03cfdbc8f3403da0a,2019-09-04,2019,9,4,24,35.6,29.8,0
689175a03cfdbc8f3403da0b,2019-09-05,2019,9,5,23.4,35.1,29.25,0
689175a03cfdbc8f3403da0c,2019-09-06,2019,9,6,23,35.2,29.1,0
689175a03cfdbc8f3403da0d,2019-09-07,2019,9,7,23,35.4,29.2,0
689175a03cfdbc8f3403da0e,2019-09-08,2019,9,8,22.8,34,28.4,0
689175a03cfdbc8f3403da0f,2019-09-09,2019,9,9,24,32,28,0
689175a03cfdbc8f3403da10,2019-09-10,2019,9,10,24,31.6,27.8,0
689175a03cfdbc8f3403da11,2019-09-11,2019,9,11,22.2,32.8,27.5,0
689175a03cfdbc8f3403da12,2019-09-12,2019,9,12,22.2,34,28.1,0
689175a03cfdbc8f3403da13,2019-09-13,2019,9,13,22.2,33.6,27.9,0
689175a03cfdbc8f3403da14,2019-09-14,2019,9,14,22.2,34.4,28.299999999999997,0
689175a03cfdbc8f3403da15,2019-09-15,2019,9,15,22,33.6,27.8,0
689175a03cfdbc8f3403da16,2019-09-16,2019,9,16,23.6,34,28.8,0
689175a03cfdbc8f3403da17,2019-09-17,2019,9,17,22.2,36,29.1,0
689175a03cfdbc8f3403da18,2019-09-18,2019,9,18,22.2,34.6,28.4,0
689175a03cfdbc8f3403da19,2019-09-19,2019,9,19,23.7,33,28.35,0
689175a03cfdbc8f3403da1a,2019-09-20,2019,9,20,23.2,34,28.6,0
689175a03cfdbc8f3403da1b,2019-09-21,2019,9,21,23.2,33.2,28.200000000000003,0
689175a03cfdbc8f3403da1c,2019-09-22,2019,9,22,23,33.6,28.3,0
689175a03cfdbc8f3403da1d,2019-09-23,2019,9,23,23,30.8,26.9,0
689175a03cfdbc8f3403da1e,2019-09-24,2019,9,24,23.7,33.5,28.6,0
689175a03cfdbc8f3403da1f,2019-09-25,2019,9,25,23.4,31.8,27.6,0
689175a03cfdbc8f3403da20,2019-09-26,2019,9,26,23.4,33.2,28.3,0
689175a03cfdbc8f3403da21,2019-09-27,2019,9,27,23.2,32.4,27.799999999999997,0
689175a03cfdbc8f3403da22,2019-09-28,2019,9,28,22.87582113821138,30,26.43791056910569,0
689175a03cfdbc8f3403da23,2019-09-29,2019,9,29,22.66902520325203,29.6,26.134512601626014,0
689175a03cfdbc8f3403da24,2019-09-30,2019,9,30,22.4,32,27.2,0
689175a03cfdbc8f3403da25,2019-10-01,2019,10,1,21.8,31,26.4,0
689175a03cfdbc8f3403da26,2019-10-02,2019,10,2,21.8,30,25.9,0
689175a03cfdbc8f3403da27,2019-10-03,2019,10,3,22,31.8,26.9,0
689175a03cfdbc8f3403da28,2019-10-04,2019,10,4,22,32,27,0
689175a03cfdbc8f3403da29,2019-10-05,2019,10,5,21.6,31.2,26.4,0
689175a03cfdbc8f3403da2a,2019-10-06,2019,10,6,22.5,31.4,26.95,0
689175a03cfdbc8f3403da2b,2019-10-07,2019,10,7,22.4,30.6,26.5,0
689175a03cfdbc8f3403da2c,2019-10-08,2019,10,8,22.6,32.2,27.400000000000002,0
689175a03cfdbc8f3403da2d,2019-10-09,2019,10,9,22.8,26,24.4,0
689175a03cfdbc8f3403da2e,2019-10-10,2019,10,10,22,30.6,26.3,0
689175a03cfdbc8f3403da2f,2019-10-11,2019,10,11,22,30.1,26.05,0
689175a03cfdbc8f3403da30,2019-10-12,2019,10,12,22.2,32.4,27.299999999999997,0
689175a03cfdbc8f3403da31,2019-10-13,2019,10,13,22.4,31.8,27.1,0
689175a03cfdbc8f3403da32,2019-10-14,2019,10,14,23.4,30.4,26.9,0
689175a03cfdbc8f3403da33,2019-10-15,2019,10,15,23.8,31.4,27.6,0
689175a03cfdbc8f3403da34,2019-10-16,2019,10,16,23.2,33,28.1,0
689175a03cfdbc8f3403da35,2019-10-17,2019,10,17,23,30.8,26.9,0
689175a03cfdbc8f3403da36,2019-10-18,2019,10,18,22.8,30.6,26.700000000000003,0
689175a03cfdbc8f3403da37,2019-10-19,2019,10,19,23.2,29.2,26.2,0
689175a03cfdbc8f3403da38,2019-10-20,2019,10,20,23.4,31,27.2,0
689175a03cfdbc8f3403da39,2019-10-21,2019,10,21,23.9,30.4,27.15,0
689175a03cfdbc8f3403da3a,2019-10-22,2019,10,22,23.2,30.2,26.7,0
689175a03cfdbc8f3403da3b,2019-10-23,2019,10,23,23,31.2,27.1,0
689175a03cfdbc8f3403da3c,2019-10-24,2019,10,24,23.4,31,27.2,0
689175a03cfdbc8f3403da3d,2019-10-25,2019,10,25,22.4,29.6,26,0
689175a03cfdbc8f3403da3e,2019-10-26,2019,10,26,22.2,30.2,26.2,0
689175a03cfdbc8f3403da3f,2019-10-27,2019,10,27,22.4,29.8,26.1,0
689175a03cfdbc8f3403da40,2019-10-28,2019,10,28,22.8,29,25.9,0
689175a03cfdbc8f3403da41,2019-10-29,2019,10,29,22.8,31.8,27.3,0
689175a03cfdbc8f3403da42,2019-10-30,2019,10,30,23,31.4,27.2,0
689175a03cfdbc8f3403da43,2019-10-31,2019,10,31,22.8,31.6,27.200000000000003,0
689175a03cfdbc8f3403da44,2019-11-01,2019,11,1,22.6,32.4,27.5,0
689175a03cfdbc8f3403da45,2019-11-02,2019,11,2,23,30,26.5,0
689175a03cfdbc8f3403da46,2019-11-03,2019,11,3,23,33.6,28.3,0
689175a03cfdbc8f3403da47,2019-11-04,2019,11,4,22.8,33.2,28,0
689175a03cfdbc8f3403da48,2019-11-05,2019,11,5,22.6,34.1,28.35,0
689175a03cfdbc8f3403da49,2019-11-06,2019,11,6,22.5,30.6,26.55,0
689175a03cfdbc8f3403da4a,2019-11-07,2019,11,7,23.6,30.6,27.1,0
689175a03cfdbc8f3403da4b,2019-11-08,2019,11,8,23.4,31.4,27.4,0
689175a03cfdbc8f3403da4c,2019-11-09,2019,11,9,22.6,32.1,27.35,0
689175a03cfdbc8f3403da4d,2019-11-10,2019,11,10,22.6,32.2,27.400000000000002,0
689175a03cfdbc8f3403da4e,2019-11-11,2019,11,11,23.6,32.2,27.900000000000002,0
689175a03cfdbc8f3403da4f,2019-11-12,2019,11,12,23.8,31.6,27.700000000000003,0
689175a03cfdbc8f3403da50,2019-11-13,2019,11,13,23.6,31.8,27.700000000000003,0
689175a03cfdbc8f3403da51,2019-11-14,2019,11,14,23.4,31.6,27.5,0
689175a03cfdbc8f3403da52,2019-11-15,2019,11,15,23,31.382792207792207,27.191396103896103,0
689175a03cfdbc8f3403da53,2019-11-16,2019,11,16,23.6,31,27.3,0
689175a03cfdbc8f3403da54,2019-11-17,2019,11,17,23.6,32,27.8,0
689175a03cfdbc8f3403da55,2019-11-18,2019,11,18,23.4,31.1,27.25,0
689175a03cfdbc8f3403da56,2019-11-19,2019,11,19,23.6,30.8,27.200000000000003,0
689175a03cfdbc8f3403da57,2019-11-20,2019,11,20,23.4,31.6,27.5,0
689175a03cfdbc8f3403da58,2019-11-21,2019,11,21,23.2,32.8,28,0
689175a03cfdbc8f3403da59,2019-11-22,2019,11,22,23.8,31.5,27.65,0
689175a03cfdbc8f3403da5a,2019-11-23,2019,11,23,23.3,30.9,27.1,0
689175a03cfdbc8f3403da5b,2019-11-24,2019,11,24,23.1,29.8,26.450000000000003,0
689175a03cfdbc8f3403da5c,2019-11-25,2019,11,25,23.1,33,28.05,0
689175a03cfdbc8f3403da5d,2019-11-26,2019,11,26,23,31.8,27.4,0
689175a03cfdbc8f3403da5e,2019-11-28,2019,11,28,23.4,31.8,27.6,0
689175a03cfdbc8f3403da5f,2019-11-29,2019,11,29,23.6,31.9,27.75,0
689175a03cfdbc8f3403da60,2019-11-30,2019,11,30,24.6,33.2,28.900000000000002,0
689175a03cfdbc8f3403da61,2019-12-01,2019,12,1,24.4,30.6,27.5,0
689175a03cfdbc8f3403da62,2019-12-02,2019,12,2,24.2,30,27.1,0
689175a03cfdbc8f3403da63,2019-12-03,2019,12,3,23.8,32.7,28.25,0
689175a03cfdbc8f3403da64,2019-12-04,2019,12,4,23.4,28.9,26.15,0
689175a03cfdbc8f3403da65,2019-12-05,2019,12,5,23.2,30,26.6,0
689175a03cfdbc8f3403da66,2019-12-06,2019,12,6,23.4,31.4,27.4,0
689175a03cfdbc8f3403da67,2019-12-07,2019,12,7,23.2,29.8,26.5,0
689175a03cfdbc8f3403da68,2019-12-08,2019,12,8,22.5,31.2,26.85,0
689175a03cfdbc8f3403da69,2019-12-09,2019,12,9,22.4,30.8,26.6,0
689175a03cfdbc8f3403da6a,2019-12-10,2019,12,10,22.3,31.8,27.05,0
689175a03cfdbc8f3403da6b,2019-12-11,2019,12,11,22.2,31.8,27,0
689175a03cfdbc8f3403da6c,2019-12-12,2019,12,12,22.2,31.4,26.799999999999997,0
689175a03cfdbc8f3403da6d,2019-12-13,2019,12,13,22,31.6,26.8,0
689175a03cfdbc8f3403da6e,2019-12-14,2019,12,14,22,30.5,26.25,0
689175a03cfdbc8f3403da6f,2019-12-15,2019,12,15,22.8,30.6,26.700000000000003,0
689175a03cfdbc8f3403da70,2019-12-16,2019,12,16,23.4,29.1,26.25,0
689175a03cfdbc8f3403da71,2019-12-17,2019,12,17,23,30.3,26.65,0
689175a03cfdbc8f3403da72,2019-12-18,2019,12,18,23,30.4,26.7,0
689175a03cfdbc8f3403da73,2019-12-19,2019,12,19,23,32.2,27.6,0
689175a03cfdbc8f3403da74,2019-12-20,2019,12,20,22.8,32.2,27.5,0
689175a03cfdbc8f3403da75,2019-12-21,2019,12,21,23,30.7,26.85,0
689175a03cfdbc8f3403da76,2019-12-22,2019,12,22,22.4,31.6,27,0
689175a03cfdbc8f3403da77,2019-12-23,2019,12,23,22.2,32.6,27.4,0
689175a03cfdbc8f3403da78,2019-12-24,2019,12,24,21.7,32.8,27.25,0
689175a03cfdbc8f3403da79,2019-12-25,2019,12,25,21.7,32.8,27.25,0
689175a03cfdbc8f3403da7a,2019-12-26,2019,12,26,24.2,31.4,27.799999999999997,0
689175a03cfdbc8f3403da7b,2019-12-27,2019,12,27,24,32.6,28.3,0
689175a03cfdbc8f3403da7c,2019-12-28,2019,12,28,23.6,33,28.3,0
689175a03cfdbc8f3403da7d,2019-12-29,2019,12,29,23.4,33.4,28.4,0
689175a03cfdbc8f3403da7e,2019-12-30,2019,12,30,23.2,33,28.1,0
689175a03cfdbc8f3403da7f,2019-12-31,2019,12,31,23.4,32,27.7,0
689175a03cfdbc8f3403da80,2020-01-01,2020,1,1,23.4,31.6,27.5,0
689175a03cfdbc8f3403da81,2020-01-02,2020,1,2,21,31.6,26.3,0
689175a03cfdbc8f3403da82,2020-01-03,2020,1,3,21.2,32.6,26.9,0
689175a03cfdbc8f3403da83,2020-01-04,2020,1,4,24,32.5,28.25,0
689175a03cfdbc8f3403da84,2020-01-05,2020,1,5,23.2,32.8,28,0
689175a03cfdbc8f3403da85,2020-01-06,2020,1,6,22.9,32.2,27.55,0
689175a03cfdbc8f3403da86,2020-01-07,2020,1,7,21.8,32.4,27.1,0
689175a03cfdbc8f3403da87,2020-01-08,2020,1,8,21.6,32.2,26.900000000000002,0
689175a03cfdbc8f3403da88,2020-01-09,2020,1,9,22.2,32.8,27.5,0
689175a03cfdbc8f3403da89,2020-01-10,2020,1,10,22.8,33.8,28.299999999999997,0
689175a03cfdbc8f3403da8a,2020-01-11,2020,1,11,22.4,31.4,26.9,0
689175a03cfdbc8f3403da8b,2020-01-12,2020,1,12,22.2,33,27.6,0
689175a03cfdbc8f3403da8c,2020-01-13,2020,1,13,22,32.2,27.1,0
689175a03cfdbc8f3403da8d,2020-01-14,2020,1,14,21.4,33.5,27.45,0
689175a03cfdbc8f3403da8e,2020-01-15,2020,1,15,23,33,28,0
689175a03cfdbc8f3403da8f,2020-01-16,2020,1,16,22.6,33.6,28.1,0
689175a03cfdbc8f3403da90,2020-01-17,2020,1,17,22.6,33.8,28.2,0
689175a03cfdbc8f3403da91,2020-01-18,2020,1,18,23.4,33.6,28.5,0
689175a03cfdbc8f3403da92,2020-01-19,2020,1,19,24.6,33.4,29,0
689175a03cfdbc8f3403da93,2020-01-20,2020,1,20,24.2,34.2,29.200000000000003,0
689175a03cfdbc8f3403da94,2020-01-21,2020,1,21,24.1,32,28.05,0
689175a03cfdbc8f3403da95,2020-01-22,2020,1,22,23.8,33,28.4,0
689175a03cfdbc8f3403da96,2020-01-23,2020,1,23,23,33.6,28.3,0
689175a03cfdbc8f3403da97,2020-01-24,2020,1,24,22.8,32.8,27.799999999999997,0
689175a03cfdbc8f3403da98,2020-01-25,2020,1,25,23.6,32.6,28.1,0
689175a03cfdbc8f3403da99,2020-01-26,2020,1,26,23.4,33,28.2,0
689175a03cfdbc8f3403da9a,2020-01-27,2020,1,27,22.3,33.2,27.75,0
689175a03cfdbc8f3403da9b,2020-01-28,2020,1,28,22.1,32.8,27.45,0
689175a03cfdbc8f3403da9c,2020-01-29,2020,1,29,24,31,27.5,0
689175a03cfdbc8f3403da9d,2020-01-30,2020,1,30,22.2,32.7,27.450000000000003,0
689175a03cfdbc8f3403da9e,2020-01-31,2020,1,31,22,33.4,27.7,0
689175a03cfdbc8f3403da9f,2020-02-01,2020,2,1,21.8,34,27.9,0
689175a03cfdbc8f3403daa0,2020-02-02,2020,2,2,23,29.6,26.3,0
689175a03cfdbc8f3403daa1,2020-02-03,2020,2,3,23.5,32.2,27.85,0
689175a03cfdbc8f3403daa2,2020-02-04,2020,2,4,21.8,32,26.9,0
689175a03cfdbc8f3403daa3,2020-02-05,2020,2,5,21.2,32.8,27,0
689175a03cfdbc8f3403daa4,2020-02-06,2020,2,6,21.2,32.2,26.700000000000003,0
689175a03cfdbc8f3403daa5,2020-02-07,2020,2,7,23.6,31.1,27.35,0
689175a03cfdbc8f3403daa6,2020-02-08,2020,2,8,22.8,32.8,27.799999999999997,0
689175a03cfdbc8f3403daa7,2020-02-09,2020,2,9,22.4,31.8,27.1,0
689175a03cfdbc8f3403daa8,2020-02-10,2020,2,10,22,31.6,26.8,0
689175a03cfdbc8f3403daa9,2020-02-11,2020,2,11,22,32.6,27.3,0
689175a03cfdbc8f3403daaa,2020-02-12,2020,2,12,24.2,33.8,29,0
689175a03cfdbc8f3403daab,2020-02-13,2020,2,13,24,31.4,27.7,0
689175a03cfdbc8f3403daac,2020-02-14,2020,2,14,24,32.8,28.4,0
689175a03cfdbc8f3403daad,2020-02-15,2020,2,15,23.4,31.8,27.6,0
689175a03cfdbc8f3403daae,2020-02-16,2020,2,16,22.4,31.6,27,0
689175a03cfdbc8f3403daaf,2020-02-17,2020,2,17,22.2,31.2,26.7,0
689175a03cfdbc8f3403dab0,2020-02-18,2020,2,18,22.6,31.5,27.05,0
689175a03cfdbc8f3403dab1,2020-02-19,2020,2,19,22.4,32.4,27.4,0
689175a03cfdbc8f3403dab2,2020-02-20,2020,2,20,23,32.6,27.8,0
689175a03cfdbc8f3403dab3,2020-02-21,2020,2,21,22.6,32,27.3,0
689175a03cfdbc8f3403dab4,2020-02-22,2020,2,22,22.4,32.4,27.4,0
689175a03cfdbc8f3403dab5,2020-02-23,2020,2,23,24.6,31.6,28.1,0
689175a03cfdbc8f3403dab6,2020-02-24,2020,2,24,23.8,31.8,27.8,0
689175a03cfdbc8f3403dab7,2020-02-25,2020,2,25,23.6,33,28.3,0
689175a03cfdbc8f3403dab8,2020-02-26,2020,2,26,24,33.4,28.7,0
689175a03cfdbc8f3403dab9,2020-02-27,2020,2,27,22.8,33.6,28.200000000000003,0
689175a03cfdbc8f3403daba,2020-02-28,2020,2,28,22.6,34,28.3,0
689175a03cfdbc8f3403dabb,2020-02-29,2020,2,29,23,33.9,28.45,0
689175a03cfdbc8f3403dabc,2020-03-01,2020,3,1,23.2,32.8,28,0
689175a03cfdbc8f3403dabd,2020-03-02,2020,3,2,22.5,34.4,28.45,0
689175a03cfdbc8f3403dabe,2020-03-03,2020,3,3,22.4,33.8,28.099999999999998,0
689175a03cfdbc8f3403dabf,2020-03-04,2020,3,4,22.8,32.8,27.799999999999997,0
689175a03cfdbc8f3403dac0,2020-03-05,2020,3,5,22.8,33,27.9,0
689175a03cfdbc8f3403dac1,2020-03-06,2020,3,6,24.2,32.2,28.200000000000003,0
689175a03cfdbc8f3403dac2,2020-03-07,2020,3,7,23.4,33.4,28.4,0
689175a03cfdbc8f3403dac3,2020-03-08,2020,3,8,23.2,34,28.6,0
689175a03cfdbc8f3403dac4,2020-03-09,2020,3,9,23,33.6,28.3,0
689175a03cfdbc8f3403dac5,2020-03-10,2020,3,10,23.6,32.9,28.25,0
689175a03cfdbc8f3403dac6,2020-03-11,2020,3,11,24.2,33.2,28.700000000000003,0
689175a03cfdbc8f3403dac7,2020-03-12,2020,3,12,24.4,33.2,28.8,0
689175a03cfdbc8f3403dac8,2020-03-13,2020,3,13,23.8,34.1,28.950000000000003,0
689175a03cfdbc8f3403dac9,2020-03-14,2020,3,14,22.9,34.6,28.75,0
689175a03cfdbc8f3403daca,2020-03-15,2020,3,15,22.8,34.4,28.6,0
689175a03cfdbc8f3403dacb,2020-03-16,2020,3,16,24.6,35.4,30,0
689175a03cfdbc8f3403dacc,2020-03-17,2020,3,17,24.2,33.6,28.9,0
689175a03cfdbc8f3403dacd,2020-03-18,2020,3,18,23.2,33.8,28.5,0
689175a03cfdbc8f3403dace,2020-03-19,2020,3,19,22.2,34.4,28.299999999999997,0
689175a03cfdbc8f3403dacf,2020-03-20,2020,3,20,22,34.4,28.2,0
689175a03cfdbc8f3403dad0,2020-03-21,2020,3,21,23,32.8,27.9,0
689175a03cfdbc8f3403dad1,2020-03-22,2020,3,22,23,34.2,28.6,0
689175a03cfdbc8f3403dad2,2020-03-23,2020,3,23,21.6,34.4,28,0
689175a03cfdbc8f3403dad3,2020-03-24,2020,3,24,21.6,33.47468548786528,27.53734274393264,0
689175a03cfdbc8f3403dad4,2020-03-26,2020,3,26,22.2,32.4,27.299999999999997,0
689175a03cfdbc8f3403dad5,2020-03-27,2020,3,27,23.4,32.6,28,0
689175a03cfdbc8f3403dad6,2020-03-28,2020,3,28,23.2,33.8,28.5,0
689175a03cfdbc8f3403dad7,2020-03-29,2020,3,29,23.8,34,28.9,0
689175a03cfdbc8f3403dad8,2020-03-30,2020,3,30,23.8,33.6,28.700000000000003,0
689175a03cfdbc8f3403dad9,2020-03-31,2020,3,31,23.6,34.2,28.900000000000002,0
689175a03cfdbc8f3403dada,2020-04-01,2020,4,1,23.6,32.6,28.1,0
689175a03cfdbc8f3403dadb,2020-04-02,2020,4,2,23.6,32.5,28.05,0
689175a03cfdbc8f3403dadc,2020-04-03,2020,4,3,23.5,32,27.75,0
689175a03cfdbc8f3403dadd,2020-04-04,2020,4,4,23.8,31.2,27.5,0
689175a03cfdbc8f3403dade,2020-04-05,2020,4,5,23,34.2,28.6,0
689175a03cfdbc8f3403dadf,2020-04-06,2020,4,6,22.9,31.4,27.15,0
689175a03cfdbc8f3403dae0,2020-04-07,2020,4,7,22.6,33.8,28.2,0
689175a03cfdbc8f3403dae1,2020-04-08,2020,4,8,23.6,33.3,28.45,0
689175a03cfdbc8f3403dae2,2020-04-09,2020,4,9,23.4,33.3,28.349999999999998,0
689175a03cfdbc8f3403dae3,2020-04-10,2020,4,10,23.4,34.5,28.95,0
689175a03cfdbc8f3403dae4,2020-04-11,2020,4,11,24.4,33.4,28.9,0
689175a03cfdbc8f3403dae5,2020-04-12,2020,4,12,24.4,33,28.7,0
689175a03cfdbc8f3403dae6,2020-04-13,2020,4,13,23.6,32.4,28,0
689175a03cfdbc8f3403dae7,2020-04-14,2020,4,14,23.6,33.7,28.650000000000002,0
689175a03cfdbc8f3403dae8,2020-04-15,2020,4,15,24.2,34.5,29.35,0
689175a03cfdbc8f3403dae9,2020-04-16,2020,4,16,24.2,34.3,29.25,0
689175a03cfdbc8f3403daea,2020-04-17,2020,4,17,24.5,31.4,27.95,0
689175a03cfdbc8f3403daeb,2020-04-18,2020,4,18,23.8,33.2,28.5,0
689175a03cfdbc8f3403daec,2020-04-19,2020,4,19,23.8,33.4,28.6,0
689175a03cfdbc8f3403daed,2020-04-20,2020,4,20,24.2,35.2,29.700000000000003,0
689175a03cfdbc8f3403daee,2020-04-21,2020,4,21,24.4,35,29.7,0
689175a03cfdbc8f3403daef,2020-04-22,2020,4,22,25.1,34.8,29.95,0
689175a03cfdbc8f3403daf0,2020-04-23,2020,4,23,25.1,33.6,29.35,0
689175a03cfdbc8f3403daf1,2020-04-24,2020,4,24,23.2,32.4,27.799999999999997,0
689175a03cfdbc8f3403daf2,2020-04-25,2020,4,25,23,32.4,27.7,0
689175a03cfdbc8f3403daf3,2020-04-26,2020,4,26,23,34,28.5,0
689175a03cfdbc8f3403daf4,2020-04-27,2020,4,27,24.4,31,27.7,0
689175a03cfdbc8f3403daf5,2020-04-28,2020,4,28,24.6,30.9,27.75,0
689175a03cfdbc8f3403daf6,2020-04-29,2020,4,29,22.8,32.8,27.799999999999997,0
689175a03cfdbc8f3403daf7,2020-04-30,2020,4,30,22.9,32.4,27.65,0
689175a03cfdbc8f3403daf8,2020-05-01,2020,5,1,23.7,32,27.85,0
689175a03cfdbc8f3403daf9,2020-05-02,2020,5,2,24.4,32.5,28.45,0
689175a03cfdbc8f3403dafa,2020-05-03,2020,5,3,24.4,32.6,28.5,0
689175a03cfdbc8f3403dafb,2020-05-04,2020,5,4,24.6,32,28.3,0
689175a03cfdbc8f3403dafc,2020-05-05,2020,5,5,23.6,33,28.3,0
689175a03cfdbc8f3403dafd,2020-05-06,2020,5,6,23.851985294117643,33,28.42599264705882,0
689175a03cfdbc8f3403dafe,2020-05-07,2020,5,7,24.4,32.8,28.599999999999998,0
689175a03cfdbc8f3403daff,2020-05-08,2020,5,8,24.4,26.2,25.299999999999997,0
689175a03cfdbc8f3403db00,2020-05-09,2020,5,9,24.4,27,25.7,0
689175a03cfdbc8f3403db01,2020-05-10,2020,5,10,23.8,32.1,27.950000000000003,0
689175a03cfdbc8f3403db02,2020-05-11,2020,5,11,24,30.8,27.4,0
689175a03cfdbc8f3403db03,2020-05-12,2020,5,12,24,32.8,28.4,0
689175a03cfdbc8f3403db04,2020-05-13,2020,5,13,24,32.4,28.2,0
689175a03cfdbc8f3403db05,2020-05-14,2020,5,14,23.8,33,28.4,0
689175a03cfdbc8f3403db06,2020-05-15,2020,5,15,23.9,33,28.45,0
689175a03cfdbc8f3403db07,2020-05-16,2020,5,16,24,33.2,28.6,0
689175a03cfdbc8f3403db08,2020-05-17,2020,5,17,24.4,30.6,27.5,0
689175a03cfdbc8f3403db09,2020-05-18,2020,5,18,24.6,33.8,29.2,0
689175a03cfdbc8f3403db0a,2020-05-19,2020,5,19,25.6,31,28.3,0
689175a03cfdbc8f3403db0b,2020-05-20,2020,5,20,24.4,31.6,28,0
689175a03cfdbc8f3403db0c,2020-05-21,2020,5,21,25.2,33.4,29.299999999999997,0
689175a03cfdbc8f3403db0d,2020-05-22,2020,5,22,24.2,32.2,28.200000000000003,0
689175a03cfdbc8f3403db0e,2020-05-23,2020,5,23,24.2,33.2,28.700000000000003,0
689175a03cfdbc8f3403db0f,2020-05-24,2020,5,24,24.4,32.4,28.4,0
689175a03cfdbc8f3403db10,2020-05-25,2020,5,25,24,33.4,28.7,0
689175a03cfdbc8f3403db11,2020-05-26,2020,5,26,24,33,28.5,0
689175a03cfdbc8f3403db12,2020-05-27,2020,5,27,24.6,34.8,29.7,0
689175a03cfdbc8f3403db13,2020-05-28,2020,5,28,25,33.8,29.4,0
689175a03cfdbc8f3403db14,2020-05-29,2020,5,29,24.8,32.4,28.6,0
689175a03cfdbc8f3403db15,2020-05-30,2020,5,30,24,32.7,28.35,0
689175a03cfdbc8f3403db16,2020-05-31,2020,5,31,23.5,33,28.25,0
689175a03cfdbc8f3403db17,2020-06-01,2020,6,1,23.6,32.6,28.1,0
689175a03cfdbc8f3403db18,2020-06-02,2020,6,2,23.8,31.4,27.6,0
689175a03cfdbc8f3403db19,2020-06-03,2020,6,3,23.8,33.2,28.5,0
689175a03cfdbc8f3403db1a,2020-06-04,2020,6,4,23.8,31.8,27.8,0
689175a03cfdbc8f3403db1b,2020-06-05,2020,6,5,22.6,32.4,27.5,0
689175a03cfdbc8f3403db1c,2020-06-06,2020,6,6,22.6,32.2,27.400000000000002,0
689175a03cfdbc8f3403db1d,2020-06-07,2020,6,7,23.6,33.1,28.35,0
689175a03cfdbc8f3403db1e,2020-06-08,2020,6,8,22.8,34.2,28.5,0
689175a03cfdbc8f3403db1f,2020-06-09,2020,6,9,22.8,33.9,28.35,0
689175a03cfdbc8f3403db20,2020-06-10,2020,6,10,23.2,34.6,28.9,0
689175a03cfdbc8f3403db21,2020-06-11,2020,6,11,24.3,33.8,29.049999999999997,0
689175a03cfdbc8f3403db22,2020-06-12,2020,6,12,22.8,32.1,27.450000000000003,0
689175a03cfdbc8f3403db23,2020-06-13,2020,6,13,22.9,34.4,28.65,0
689175a03cfdbc8f3403db24,2020-06-14,2020,6,14,23.8,34.8,29.299999999999997,0
689175a03cfdbc8f3403db25,2020-06-15,2020,6,15,23.6,33.8,28.7,0
689175a03cfdbc8f3403db26,2020-06-16,2020,6,16,23.16090352220521,30.6,26.880451761102606,0
689175a03cfdbc8f3403db27,2020-06-17,2020,6,17,22.8,34.6,28.700000000000003,0
689175a03cfdbc8f3403db28,2020-06-18,2020,6,18,22.8,31.2,27,0
689175a03cfdbc8f3403db29,2020-06-19,2020,6,19,24,34.3,29.15,0
689175a03cfdbc8f3403db2a,2020-06-20,2020,6,20,23.6,34,28.8,0
689175a03cfdbc8f3403db2b,2020-06-21,2020,6,21,23.4,33.2,28.3,0
689175a03cfdbc8f3403db2c,2020-06-22,2020,6,22,23.4,32,27.7,0
689175a03cfdbc8f3403db2d,2020-06-23,2020,6,23,23.8,34,28.9,0
689175a03cfdbc8f3403db2e,2020-06-24,2020,6,24,24.2,33,28.6,0
689175a03cfdbc8f3403db2f,2020-06-25,2020,6,25,23.9,32.2,28.05,0
689175a03cfdbc8f3403db30,2020-06-26,2020,6,26,23.8,33.8,28.799999999999997,0
689175a03cfdbc8f3403db31,2020-06-27,2020,6,27,23.6,33.9,28.75,0
689175a03cfdbc8f3403db32,2020-06-28,2020,6,28,23.6,34.4,29,0
689175a03cfdbc8f3403db33,2020-06-29,2020,6,29,23.4,34.6,29,0
689175a03cfdbc8f3403db34,2020-06-30,2020,6,30,23,34.2,28.6,0
689175a03cfdbc8f3403db35,2020-07-01,2020,7,1,23,34,28.5,0
689175a03cfdbc8f3403db36,2020-07-02,2020,7,2,24.2,35.6,29.9,0
689175a03cfdbc8f3403db37,2020-07-03,2020,7,3,22.4,35,28.7,0
689175a03cfdbc8f3403db38,2020-07-04,2020,7,4,22.6,33.8,28.2,0
689175a03cfdbc8f3403db39,2020-07-05,2020,7,5,24,33.6,28.8,0
689175a03cfdbc8f3403db3a,2020-07-06,2020,7,6,24,32,28,0
689175a03cfdbc8f3403db3b,2020-07-07,2020,7,7,23.4,33.6,28.5,0
689175a03cfdbc8f3403db3c,2020-07-08,2020,7,8,23.4,31,27.2,0
689175a03cfdbc8f3403db3d,2020-07-09,2020,7,9,23.4,32.8,28.099999999999998,0
689175a03cfdbc8f3403db3e,2020-07-10,2020,7,10,23.4,33.8,28.599999999999998,0
689175a03cfdbc8f3403db3f,2020-07-11,2020,7,11,23.4,32.6,28,0
689175a03cfdbc8f3403db40,2020-07-12,2020,7,12,22.8,33.2,28,0
689175a03cfdbc8f3403db41,2020-07-13,2020,7,13,22.8,30.2,26.5,0
689175a03cfdbc8f3403db42,2020-07-14,2020,7,14,22.4,34,28.2,0
689175a03cfdbc8f3403db43,2020-07-15,2020,7,15,22.4,33.2,27.8,0
689175a03cfdbc8f3403db44,2020-07-16,2020,7,16,23.6,34.8,29.2,0
689175a03cfdbc8f3403db45,2020-07-17,2020,7,17,23.6,31.3,27.450000000000003,0
689175a03cfdbc8f3403db46,2020-07-18,2020,7,18,23.8,33.8,28.799999999999997,0
689175a03cfdbc8f3403db47,2020-07-19,2020,7,19,23.8,33.2,28.5,0
689175a03cfdbc8f3403db48,2020-07-20,2020,7,20,23.2,31.4,27.299999999999997,0
689175a03cfdbc8f3403db49,2020-07-21,2020,7,21,23.2,29.8,26.5,0
689175a03cfdbc8f3403db4a,2020-07-22,2020,7,22,23.7,32.4,28.049999999999997,0
689175a03cfdbc8f3403db4b,2020-07-23,2020,7,23,23.8,32.21163751987281,28.005818759936403,0
689175a03cfdbc8f3403db4c,2020-07-24,2020,7,24,22.8,30.8,26.8,0
689175a03cfdbc8f3403db4d,2020-07-25,2020,7,25,22.8,32.4,27.6,0
689175a03cfdbc8f3403db4e,2020-07-26,2020,7,26,23,32.8,27.9,0
689175a03cfdbc8f3403db4f,2020-07-27,2020,7,27,23,30.5,26.75,0
689175a03cfdbc8f3403db50,2020-07-28,2020,7,28,23,28.4,25.7,0
689175a03cfdbc8f3403db51,2020-07-29,2020,7,29,23.4,33.2,28.3,0
689175a03cfdbc8f3403db52,2020-07-30,2020,7,30,22.8,29.6,26.200000000000003,0
689175a03cfdbc8f3403db53,2020-07-31,2020,7,31,22.8,31.4,27.1,0
689175a03cfdbc8f3403db54,2020-08-01,2020,8,1,23.4,32.9,28.15,0
689175a03cfdbc8f3403db55,2020-08-02,2020,8,2,23.9,32.2,28.05,0
689175a03cfdbc8f3403db56,2020-08-03,2020,8,3,25.4,34.2,29.8,0
689175a03cfdbc8f3403db57,2020-08-04,2020,8,4,27.8,32.4,30.1,0
689175a03cfdbc8f3403db58,2020-08-05,2020,8,5,24.8,33,28.9,0
689175a03cfdbc8f3403db59,2020-08-06,2020,8,6,23,33.9,28.45,0
689175a03cfdbc8f3403db5a,2020-08-07,2020,8,7,23,34,28.5,0
689175a03cfdbc8f3403db5b,2020-08-08,2020,8,8,23.3,32.4,27.85,0
689175a03cfdbc8f3403db5c,2020-08-09,2020,8,9,23.8,33.2,28.5,0
689175a03cfdbc8f3403db5d,2020-08-10,2020,8,10,23.8,33.2,28.5,0
689175a03cfdbc8f3403db5e,2020-08-11,2020,8,11,24,34.7,29.35,0
689175a03cfdbc8f3403db5f,2020-08-12,2020,8,12,24,33,28.5,0
689175a03cfdbc8f3403db60,2020-08-13,2020,8,13,24.2,31.4,27.799999999999997,0
689175a03cfdbc8f3403db61,2020-08-14,2020,8,14,23.4,34.8,29.099999999999998,0
689175a03cfdbc8f3403db62,2020-08-15,2020,8,15,23.4,34.4,28.9,0
689175a03cfdbc8f3403db63,2020-08-16,2020,8,16,23.1,33.6,28.35,0
689175a03cfdbc8f3403db64,2020-08-17,2020,8,17,22.8,34.2,28.5,0
689175a03cfdbc8f3403db65,2020-08-18,2020,8,18,22.2,35.2,28.700000000000003,0
689175a03cfdbc8f3403db66,2020-08-19,2020,8,19,22,35,28.5,0
689175a03cfdbc8f3403db67,2020-08-20,2020,8,20,23.2,34.4,28.799999999999997,0
689175a03cfdbc8f3403db68,2020-08-21,2020,8,21,24.8,31,27.9,0
689175a03cfdbc8f3403db69,2020-08-22,2020,8,22,24,33.2,28.6,0
689175a03cfdbc8f3403db6a,2020-08-23,2020,8,23,22.8,32.9,27.85,0
689175a03cfdbc8f3403db6b,2020-08-24,2020,8,24,22.8,32.8,27.799999999999997,0
689175a03cfdbc8f3403db6c,2020-08-25,2020,8,25,23.2,32.4,27.799999999999997,0
689175a03cfdbc8f3403db6d,2020-08-26,2020,8,26,22.4,31.6,27,0
689175a03cfdbc8f3403db6e,2020-08-27,2020,8,27,22.8,33,27.9,0
689175a03cfdbc8f3403db6f,2020-08-28,2020,8,28,23,32,27.5,0
689175a03cfdbc8f3403db70,2020-08-29,2020,8,29,23,32.4,27.7,0
689175a03cfdbc8f3403db71,2020-08-30,2020,8,30,23,32.2,27.6,0
689175a03cfdbc8f3403db72,2020-08-31,2020,8,31,23.2,32.4,27.799999999999997,0
689175a03cfdbc8f3403db73,2020-09-01,2020,9,1,23.2,32.8,28,0
689175a03cfdbc8f3403db74,2020-09-02,2020,9,2,23.8,33,28.4,0
689175a03cfdbc8f3403db75,2020-09-03,2020,9,3,24,30.6,27.3,0
689175a03cfdbc8f3403db76,2020-09-04,2020,9,4,22.4,32.2,27.3,0
689175a03cfdbc8f3403db77,2020-09-05,2020,9,5,22.4,33.2,27.8,0
689175a03cfdbc8f3403db78,2020-09-06,2020,9,6,23.2,29.8,26.5,0
689175a03cfdbc8f3403db79,2020-09-07,2020,9,7,23,33,28,0
689175a03cfdbc8f3403db7a,2020-09-08,2020,9,8,22.8,29.4,26.1,0
689175a03cfdbc8f3403db7b,2020-09-09,2020,9,9,23,32.8,27.9,0
689175a03cfdbc8f3403db7c,2020-09-10,2020,9,10,22.4,29.8,26.1,0
689175a03cfdbc8f3403db7d,2020-09-11,2020,9,11,22.4,27.2,24.799999999999997,0
689175a03cfdbc8f3403db7e,2020-09-12,2020,9,12,23.2,30.4,26.799999999999997,0
689175a03cfdbc8f3403db7f,2020-09-13,2020,9,13,23,29.2,26.1,0
689175a03cfdbc8f3403db80,2020-09-14,2020,9,14,22.8,32.8,27.799999999999997,0
689175a03cfdbc8f3403db81,2020-09-15,2020,9,15,22.8,29.4,26.1,0
689175a03cfdbc8f3403db82,2020-09-16,2020,9,16,22.9,33.2,28.05,0
689175a03cfdbc8f3403db83,2020-09-17,2020,9,17,22.6,33.8,28.2,0
689175a03cfdbc8f3403db84,2020-09-18,2020,9,18,23,31.8,27.4,0
689175a03cfdbc8f3403db85,2020-09-19,2020,9,19,22.8,30.4,26.6,0
689175a03cfdbc8f3403db86,2020-09-20,2020,9,20,23,32.3,27.65,0
689175a03cfdbc8f3403db87,2020-09-21,2020,9,21,22.8,33.3,28.049999999999997,0
689175a03cfdbc8f3403db88,2020-09-22,2020,9,22,23.8,34.3,29.049999999999997,0
689175a03cfdbc8f3403db89,2020-09-23,2020,9,23,23.4,32,27.7,0
689175a03cfdbc8f3403db8a,2020-09-24,2020,9,24,23,33.4,28.2,0
689175a03cfdbc8f3403db8b,2020-09-25,2020,9,25,22.6,33.4,28,0
689175a03cfdbc8f3403db8c,2020-09-26,2020,9,26,23.8,31.4,27.6,0
689175a03cfdbc8f3403db8d,2020-09-27,2020,9,27,23,32.8,27.9,0
689175a03cfdbc8f3403db8e,2020-09-28,2020,9,28,21.5,34.6,28.05,0
689175a03cfdbc8f3403db8f,2020-09-29,2020,9,29,21.5,31.2,26.35,0
689175a03cfdbc8f3403db90,2020-09-30,2020,9,30,22.8,32.5,27.65,0
689175a03cfdbc8f3403db91,2020-10-01,2020,10,1,22.5,33.2,27.85,0
689175a03cfdbc8f3403db92,2020-10-02,2020,10,2,23,32,27.5,0
689175a03cfdbc8f3403db93,2020-10-03,2020,10,3,23.5,30,26.75,0
689175a03cfdbc8f3403db94,2020-10-03,2020,10,3,23.5,30,26.75,0
689175a03cfdbc8f3403db95,2020-10-04,2020,10,4,22.1,33,27.55,0
689175a03cfdbc8f3403db96,2020-10-05,2020,10,5,22.8,33.6,28.200000000000003,0
689175a03cfdbc8f3403db97,2020-10-05,2020,10,5,22.8,33.6,28.200000000000003,0
689175a03cfdbc8f3403db98,2020-10-06,2020,10,6,23,33.8,28.4,0
689175a03cfdbc8f3403db99,2020-10-07,2020,10,7,22.8,32.8,27.799999999999997,0
689175a03cfdbc8f3403db9a,2020-10-07,2020,10,7,22.8,32.8,27.799999999999997,0
689175a03cfdbc8f3403db9b,2020-10-08,2020,10,8,21.8,29.6,25.700000000000003,0
689175a03cfdbc8f3403db9c,2020-10-09,2020,10,9,22,30.6,26.3,0
689175a03cfdbc8f3403db9d,2020-10-10,2020,10,10,23.3,29.8,26.55,0
689175a03cfdbc8f3403db9e,2020-10-10,2020,10,10,23.3,29.8,26.55,0
689175a03cfdbc8f3403db9f,2020-10-11,2020,10,11,23.2,31,27.1,0
689175a03cfdbc8f3403dba0,2020-10-12,2020,10,12,24,30.1,27.05,0
689175a03cfdbc8f3403dba1,2020-10-13,2020,10,13,23.5,30.3,26.9,0
689175a03cfdbc8f3403dba2,2020-10-13,2020,10,13,23.5,30.3,26.9,0
689175a03cfdbc8f3403dba3,2020-10-14,2020,10,14,23,32.8,27.9,0
689175a03cfdbc8f3403dba4,2020-10-14,2020,10,14,23,32.8,27.9,0
689175a03cfdbc8f3403dba5,2020-10-15,2020,10,15,23,33.3,28.15,0
689175a03cfdbc8f3403dba6,2020-10-15,2020,10,15,23,33.3,28.15,0
689175a03cfdbc8f3403dba7,2020-10-16,2020,10,16,23.8,34.2,29,0
689175a03cfdbc8f3403dba8,2020-10-17,2020,10,17,23.6,30.6,27.1,0
689175a03cfdbc8f3403dba9,2020-10-18,2020,10,18,24,33,28.5,0
689175a03cfdbc8f3403dbaa,2020-10-18,2020,10,18,24,33,28.5,0
689175a03cfdbc8f3403dbab,2020-10-19,2020,10,19,24.4,33.4,28.9,0
689175a03cfdbc8f3403dbac,2020-10-19,2020,10,19,24.4,33.4,28.9,0
689175a03cfdbc8f3403dbad,2020-10-20,2020,10,20,23.8,34.8,29.299999999999997,0
689175a03cfdbc8f3403dbae,2020-10-21,2020,10,21,23.4,34.2,28.8,0
689175a03cfdbc8f3403dbaf,2020-10-22,2020,10,22,22.8,34,28.4,0
689175a03cfdbc8f3403dbb0,2020-10-23,2020,10,23,23,32.8,27.9,0
689175a03cfdbc8f3403dbb1,2020-10-24,2020,10,24,23.6,32.1,27.85,0
689175a03cfdbc8f3403dbb2,2020-10-24,2020,10,24,23.6,32.1,27.85,0
689175a03cfdbc8f3403dbb3,2020-10-25,2020,10,25,23.6,31,27.3,0
689175a03cfdbc8f3403dbb4,2020-10-25,2020,10,25,23.6,31,27.3,0
689175a03cfdbc8f3403dbb5,2020-10-26,2020,10,26,23.2,32.8,28,0
689175a03cfdbc8f3403dbb6,2020-10-27,2020,10,27,23.1,33,28.05,0
689175a03cfdbc8f3403dbb7,2020-10-28,2020,10,28,22.6,32.8,27.7,0
689175a03cfdbc8f3403dbb8,2020-10-29,2020,10,29,22.6,32.4,27.5,0
689175a03cfdbc8f3403dbb9,2020-10-30,2020,10,30,22.4,32.5,27.45,0
689175a03cfdbc8f3403dbba,2020-10-31,2020,10,31,22.5,33.8,28.15,0
689175a03cfdbc8f3403dbbb,2020-11-01,2020,11,1,22.8,31.8,27.3,0
689175a03cfdbc8f3403dbbc,2020-11-02,2020,11,2,22.8,32.4,27.6,0
689175a03cfdbc8f3403dbbd,2020-11-03,2020,11,3,23.4,28.4,25.9,0
689175a03cfdbc8f3403dbbe,2020-11-04,2020,11,4,22.4,32,27.2,0
689175a03cfdbc8f3403dbbf,2020-11-05,2020,11,5,22.5,32.4,27.45,0
689175a03cfdbc8f3403dbc0,2020-11-06,2020,11,6,23,32.8,27.9,0
689175a03cfdbc8f3403dbc1,2020-11-07,2020,11,7,23.8,30.3,27.05,0
689175a03cfdbc8f3403dbc2,2020-11-08,2020,11,8,23.4,31.2,27.299999999999997,0
689175a03cfdbc8f3403dbc3,2020-11-09,2020,11,9,22.8,31.4,27.1,0
689175a03cfdbc8f3403dbc4,2020-11-10,2020,11,10,22.8,31.8,27.3,0
689175a03cfdbc8f3403dbc5,2020-11-11,2020,11,11,22.9,33,27.95,0
689175a03cfdbc8f3403dbc6,2020-11-11,2020,11,11,22.9,33,27.95,0
689175a03cfdbc8f3403dbc7,2020-11-12,2020,11,12,24.2,32.4,28.299999999999997,0
689175a03cfdbc8f3403dbc8,2020-11-13,2020,11,13,24.2,31.4,27.799999999999997,0
689175a03cfdbc8f3403dbc9,2020-11-14,2020,11,14,24,32.4,28.2,0
689175a03cfdbc8f3403dbca,2020-11-14,2020,11,14,24,32.4,28.2,0
689175a03cfdbc8f3403dbcb,2020-11-15,2020,11,15,24,31.4,27.7,0
689175a03cfdbc8f3403dbcc,2020-11-15,2020,11,15,24,31.4,27.7,0
689175a03cfdbc8f3403dbcd,2020-11-16,2020,11,16,24,32,28,0
689175a03cfdbc8f3403dbce,2020-11-16,2020,11,16,24,32,28,0
689175a03cfdbc8f3403dbcf,2020-11-17,2020,11,17,23.8,32.4,28.1,0
689175a03cfdbc8f3403dbd0,2020-11-18,2020,11,18,23.6,32,27.8,0
689175a03cfdbc8f3403dbd1,2020-11-18,2020,11,18,23.6,32,27.8,0
689175a03cfdbc8f3403dbd2,2020-11-19,2020,11,19,24,30.2,27.1,0
689175a03cfdbc8f3403dbd3,2020-11-19,2020,11,19,24,30.2,27.1,0
689175a03cfdbc8f3403dbd4,2020-11-20,2020,11,20,23.4,30.6,27,0
689175a03cfdbc8f3403dbd5,2020-11-20,2020,11,20,23.4,30.6,27,0
689175a03cfdbc8f3403dbd6,2020-11-21,2020,11,21,23.2,31.8,27.5,0
689175a03cfdbc8f3403dbd7,2020-11-22,2020,11,22,23.4,29.4,26.4,0
689175a03cfdbc8f3403dbd8,2020-11-22,2020,11,22,23.4,29.4,26.4,0
689175a03cfdbc8f3403dbd9,2020-11-23,2020,11,23,23.2,31.3,27.25,0
689175a03cfdbc8f3403dbda,2020-11-23,2020,11,23,23.2,31.3,27.25,0
689175a03cfdbc8f3403dbdb,2020-11-24,2020,11,24,23.2,30.6,26.9,0
689175a03cfdbc8f3403dbdc,2020-11-24,2020,11,24,23.2,30.6,26.9,0
689175a03cfdbc8f3403dbdd,2020-11-25,2020,11,25,22.6,32.9,27.75,0
689175a03cfdbc8f3403dbde,2020-11-25,2020,11,25,22.6,32.9,27.75,0
689175a03cfdbc8f3403dbdf,2020-11-26,2020,11,26,23.6,28.4,26,0
689175a03cfdbc8f3403dbe0,2020-11-26,2020,11,26,23.6,28.4,26,0
689175a03cfdbc8f3403dbe1,2020-11-27,2020,11,27,22.4,30.2,26.299999999999997,0
689175a03cfdbc8f3403dbe2,2020-11-27,2020,11,27,22.4,30.2,26.299999999999997,0
689175a03cfdbc8f3403dbe3,2020-11-28,2020,11,28,23,28.2,25.6,0
689175a03cfdbc8f3403dbe4,2020-11-28,2020,11,28,23,28.2,25.6,0
689175a03cfdbc8f3403dbe5,2020-11-29,2020,11,29,23.2,29.6,26.4,0
689175a03cfdbc8f3403dbe6,2020-11-29,2020,11,29,23.2,29.6,26.4,0
689175a03cfdbc8f3403dbe7,2020-11-30,2020,11,30,23,32.2,27.6,0
689175a03cfdbc8f3403dbe8,2020-11-30,2020,11,30,23,32.2,27.6,0
689175a03cfdbc8f3403dbe9,2020-12-01,2020,12,1,23,31.8,27.4,0
689175a03cfdbc8f3403dbea,2020-12-02,2020,12,2,23.7,31.4,27.549999999999997,0
689175a03cfdbc8f3403dbeb,2020-12-03,2020,12,3,23.4,31.4,27.4,0
689175a03cfdbc8f3403dbec,2020-12-04,2020,12,4,23.4,28.8,26.1,0
689175a03cfdbc8f3403dbed,2020-12-04,2020,12,4,23.4,28.8,26.1,0
689175a03cfdbc8f3403dbee,2020-12-05,2020,12,5,24,30.2,27.1,0
689175a03cfdbc8f3403dbef,2020-12-05,2020,12,5,24,30.2,27.1,0
689175a03cfdbc8f3403dbf0,2020-12-06,2020,12,6,23.4,29.4,26.4,0
689175a03cfdbc8f3403dbf1,2020-12-06,2020,12,6,23.4,29.4,26.4,0
689175a03cfdbc8f3403dbf2,2020-12-07,2020,12,7,23.2,30.5,26.85,0
689175a03cfdbc8f3403dbf3,2020-12-07,2020,12,7,23.2,30.5,26.85,0
689175a03cfdbc8f3403dbf4,2020-12-08,2020,12,8,23.8,32.6,28.200000000000003,0
689175a03cfdbc8f3403dbf5,2020-12-08,2020,12,8,23.8,32.6,28.200000000000003,0
689175a03cfdbc8f3403dbf6,2020-12-09,2020,12,9,24,31.9,27.95,0
689175a03cfdbc8f3403dbf7,2020-12-10,2020,12,10,24.2,31.8,28,0
689175a03cfdbc8f3403dbf8,2020-12-11,2020,12,11,22.4,31.2,26.799999999999997,0
689175a03cfdbc8f3403dbf9,2020-12-11,2020,12,11,22.4,31.2,26.799999999999997,0
689175a03cfdbc8f3403dbfa,2020-12-12,2020,12,12,22.2,30.2,26.2,0
689175a03cfdbc8f3403dbfb,2020-12-13,2020,12,13,23.2,31.8,27.5,0
689175a03cfdbc8f3403dbfc,2020-12-14,2020,12,14,22.8,31.2,27,0
689175a03cfdbc8f3403dbfd,2020-12-15,2020,12,15,22.4,30.7,26.549999999999997,0
689175a03cfdbc8f3403dbfe,2020-12-16,2020,12,16,23.6,31.6,27.6,0
689175a03cfdbc8f3403dbff,2020-12-16,2020,12,16,23.6,31.6,27.6,0
689175a03cfdbc8f3403dc00,2020-12-17,2020,12,17,23.4,29.9,26.65,0
689175a03cfdbc8f3403dc01,2020-12-18,2020,12,18,23,29.1,26.05,0
689175a03cfdbc8f3403dc02,2020-12-18,2020,12,18,23,29.1,26.05,0
689175a03cfdbc8f3403dc03,2020-12-19,2020,12,19,23.3,31,27.15,0
689175a03cfdbc8f3403dc04,2020-12-20,2020,12,20,23.2,29.3,26.25,0
689175a03cfdbc8f3403dc05,2020-12-21,2020,12,21,23.4,32.2,27.8,0
689175a03cfdbc8f3403dc06,2020-12-21,2020,12,21,23.4,32.2,27.8,0
689175a03cfdbc8f3403dc07,2020-12-22,2020,12,22,23.4,31,27.2,0
689175a03cfdbc8f3403dc08,2020-12-23,2020,12,23,23,32.6,27.8,0
689175a03cfdbc8f3403dc09,2020-12-24,2020,12,24,22.4,30.9,26.65,0
689175a03cfdbc8f3403dc0a,2020-12-25,2020,12,25,22.2,30.8,26.5,0
689175a03cfdbc8f3403dc0b,2020-12-26,2020,12,26,23.4,31,27.2,0
689175a03cfdbc8f3403dc0c,2020-12-26,2020,12,26,23.4,31,27.2,0
689175a03cfdbc8f3403dc0d,2020-12-27,2020,12,27,23.7,32.5,28.1,0
689175a03cfdbc8f3403dc0e,2020-12-27,2020,12,27,23.7,32.5,28.1,0
689175a03cfdbc8f3403dc0f,2020-12-28,2020,12,28,22.8,30.2,26.5,0
689175a03cfdbc8f3403dc10,2020-12-29,2020,12,29,22.6,31,26.8,0
689175a03cfdbc8f3403dc11,2020-12-29,2020,12,29,22.6,31,26.8,0
689175a03cfdbc8f3403dc12,2020-12-30,2020,12,30,22.6,31.7,27.15,0
689175a03cfdbc8f3403dc13,2020-12-31,2020,12,31,22.4,31.2,26.799999999999997,0
689175a03cfdbc8f3403dc14,2020-12-31,2020,12,31,22.4,31.2,26.799999999999997,0
689175a03cfdbc8f3403dc15,2021-01-01,2021,1,1,22.2,30.7,26.45,0
689175a03cfdbc8f3403dc16,2021-01-01,2021,1,1,22.2,30.7,26.45,0
689175a03cfdbc8f3403dc17,2021-01-02,2021,1,2,23.4,29.6,26.5,0
689175a03cfdbc8f3403dc18,2021-01-02,2021,1,2,23.4,29.6,26.5,0
689175a03cfdbc8f3403dc19,2021-01-03,2021,1,3,23.7,29.2,26.45,0
689175a03cfdbc8f3403dc1a,2021-01-03,2021,1,3,23.7,29.2,26.45,0
689175a03cfdbc8f3403dc1b,2021-01-04,2021,1,4,23.2,32.6,27.9,0
689175a03cfdbc8f3403dc1c,2021-01-04,2021,1,4,23.2,32.6,27.9,0
689175a03cfdbc8f3403dc1d,2021-01-05,2021,1,5,23,30,26.5,0
689175a03cfdbc8f3403dc1e,2021-01-05,2021,1,5,23,30,26.5,0
689175a03cfdbc8f3403dc1f,2021-01-06,2021,1,6,22.8,31.8,27.3,0
689175a03cfdbc8f3403dc20,2021-01-06,2021,1,6,22.8,31.8,27.3,0
689175a03cfdbc8f3403dc21,2021-01-07,2021,1,7,23.6,33,28.3,0
689175a03cfdbc8f3403dc22,2021-01-07,2021,1,7,23.6,33,28.3,0
689175a03cfdbc8f3403dc23,2021-01-08,2021,1,8,23.4,31.6,27.5,0
689175a03cfdbc8f3403dc24,2021-01-08,2021,1,8,23.4,31.6,27.5,0
689175a03cfdbc8f3403dc25,2021-01-09,2021,1,9,22.8,31.2,27,0
689175a03cfdbc8f3403dc26,2021-01-09,2021,1,9,22.8,31.2,27,0
689175a03cfdbc8f3403dc27,2021-01-10,2021,1,10,22.8,31.1,26.950000000000003,0
689175a03cfdbc8f3403dc28,2021-01-10,2021,1,10,22.8,31.1,26.950000000000003,0
689175a03cfdbc8f3403dc29,2021-01-11,2021,1,11,23.2,31.9,27.549999999999997,0
689175a03cfdbc8f3403dc2a,2021-01-11,2021,1,11,23.2,31.9,27.549999999999997,0
689175a03cfdbc8f3403dc2b,2021-01-12,2021,1,12,23,30,26.5,0
689175a03cfdbc8f3403dc2c,2021-01-13,2021,1,13,23.4,30.2,26.799999999999997,0
689175a03cfdbc8f3403dc2d,2021-01-13,2021,1,13,23.4,30.2,26.799999999999997,0
689175a03cfdbc8f3403dc2e,2021-01-14,2021,1,14,23,30.6,26.8,0
689175a03cfdbc8f3403dc2f,2021-01-14,2021,1,14,23,30.6,26.8,0
689175a03cfdbc8f3403dc30,2021-01-15,2021,1,15,22.8,31.6,27.200000000000003,0
689175a03cfdbc8f3403dc31,2021-01-15,2021,1,15,22.8,31.6,27.200000000000003,0
689175a03cfdbc8f3403dc32,2021-01-16,2021,1,16,23,28.6,25.8,0
689175a03cfdbc8f3403dc33,2021-01-16,2021,1,16,23,28.6,25.8,0
689175a03cfdbc8f3403dc34,2021-01-17,2021,1,17,22.8,31.6,27.200000000000003,0
689175a03cfdbc8f3403dc35,2021-01-18,2021,1,18,22.8,30.2,26.5,0
689175a03cfdbc8f3403dc36,2021-01-19,2021,1,19,22.6,31.4,27,0
689175a03cfdbc8f3403dc37,2021-01-20,2021,1,20,22.2,31.2,26.7,0
689175a03cfdbc8f3403dc38,2021-01-21,2021,1,21,22.2,31.8,27,0
689175a03cfdbc8f3403dc39,2021-01-21,2021,1,21,22.2,31.8,27,0
689175a03cfdbc8f3403dc3a,2021-01-22,2021,1,22,23.1,31.1,27.1,0
689175a03cfdbc8f3403dc3b,2021-01-23,2021,1,23,22.8,31.5,27.15,0
689175a03cfdbc8f3403dc3c,2021-01-24,2021,1,24,22.8,29.8,26.3,0
689175a03cfdbc8f3403dc3d,2021-01-24,2021,1,24,22.8,29.8,26.3,0
689175a03cfdbc8f3403dc3e,2021-01-25,2021,1,25,22,31.2,26.6,0
689175a03cfdbc8f3403dc3f,2021-01-25,2021,1,25,22,31.2,26.6,0
689175a03cfdbc8f3403dc40,2021-01-26,2021,1,26,21.6,32,26.8,0
689175a03cfdbc8f3403dc41,2021-01-26,2021,1,26,21.6,32,26.8,0
689175a03cfdbc8f3403dc42,2021-01-27,2021,1,27,23,31.4,27.2,0
689175a03cfdbc8f3403dc43,2021-01-27,2021,1,27,23,31.4,27.2,0
689175a03cfdbc8f3403dc44,2021-01-28,2021,1,28,22.8,31.4,27.1,0
689175a03cfdbc8f3403dc45,2021-01-29,2021,1,29,22.6,31.4,27,0
689175a03cfdbc8f3403dc46,2021-01-29,2021,1,29,22.6,31.4,27,0
689175a03cfdbc8f3403dc47,2021-01-30,2021,1,30,22.2,31.6,26.9,0
689175a03cfdbc8f3403dc48,2021-01-31,2021,1,31,22.2,31.2,26.7,0
689175a03cfdbc8f3403dc49,2021-02-01,2021,2,1,22.8,31.9,27.35,0
689175a03cfdbc8f3403dc4a,2021-02-01,2021,2,1,22.8,31.9,27.35,0
689175a03cfdbc8f3403dc4b,2021-02-02,2021,2,2,22.4,31.7,27.049999999999997,0
689175a03cfdbc8f3403dc4c,2021-02-02,2021,2,2,22.4,31.7,27.049999999999997,0
689175a03cfdbc8f3403dc4d,2021-02-03,2021,2,3,23.4,32.4,27.9,0
689175a03cfdbc8f3403dc4e,2021-02-03,2021,2,3,23.4,32.4,27.9,0
689175a03cfdbc8f3403dc4f,2021-02-04,2021,2,4,23,31.2,27.1,0
689175a03cfdbc8f3403dc50,2021-02-05,2021,2,5,22.8,32.1,27.450000000000003,0
689175a03cfdbc8f3403dc51,2021-02-05,2021,2,5,22.8,32.1,27.450000000000003,0
689175a03cfdbc8f3403dc52,2021-02-06,2021,2,6,22.6,32,27.3,0
689175a03cfdbc8f3403dc53,2021-02-06,2021,2,6,22.6,32,27.3,0
689175a03cfdbc8f3403dc54,2021-02-07,2021,2,7,23.4,33.2,28.3,0
689175a03cfdbc8f3403dc55,2021-02-08,2021,2,8,23.6,33,28.3,0
689175a03cfdbc8f3403dc56,2021-02-08,2021,2,8,23.6,33,28.3,0
689175a03cfdbc8f3403dc57,2021-02-09,2021,2,9,23.2,33.3,28.25,0
689175a03cfdbc8f3403dc58,2021-02-09,2021,2,9,23.2,33.3,28.25,0
689175a03cfdbc8f3403dc59,2021-02-10,2021,2,10,22.8,32.8,27.799999999999997,0
689175a03cfdbc8f3403dc5a,2021-02-11,2021,2,11,23.2,33.6,28.4,0
689175a03cfdbc8f3403dc5b,2021-02-12,2021,2,12,22.4,34.1,28.25,0
689175a03cfdbc8f3403dc5c,2021-02-12,2021,2,12,22.4,34.1,28.25,0
689175a03cfdbc8f3403dc5d,2021-02-13,2021,2,13,22,33,27.5,0
689175a03cfdbc8f3403dc5e,2021-02-13,2021,2,13,22,33,27.5,0
689175a03cfdbc8f3403dc5f,2021-02-14,2021,2,14,23,32,27.5,0
689175a03cfdbc8f3403dc60,2021-02-15,2021,2,15,22.7,33.4,28.049999999999997,0
689175a03cfdbc8f3403dc61,2021-02-15,2021,2,15,22.7,33.4,28.049999999999997,0
689175a03cfdbc8f3403dc62,2021-02-16,2021,2,16,23,33.6,28.3,0
689175a03cfdbc8f3403dc63,2021-02-17,2021,2,17,21.8,32.8,27.299999999999997,0
689175a03cfdbc8f3403dc64,2021-02-17,2021,2,17,21.8,32.8,27.299999999999997,0
689175a03cfdbc8f3403dc65,2021-02-18,2021,2,18,21.6,32.2,26.900000000000002,0
689175a03cfdbc8f3403dc66,2021-02-18,2021,2,18,21.6,32.2,26.900000000000002,0
689175a03cfdbc8f3403dc67,2021-02-19,2021,2,19,22,31.1,26.55,0
689175a03cfdbc8f3403dc68,2021-02-19,2021,2,19,22,31.1,26.55,0
689175a03cfdbc8f3403dc69,2021-02-20,2021,2,20,21,32,26.5,0
689175a03cfdbc8f3403dc6a,2021-02-20,2021,2,20,21,32,26.5,0
689175a03cfdbc8f3403dc6b,2021-02-21,2021,2,21,20.8,33,26.9,0
689175a03cfdbc8f3403dc6c,2021-02-21,2021,2,21,20.8,33,26.9,0
689175a03cfdbc8f3403dc6d,2021-02-22,2021,2,22,22.2,33.3,27.75,0
689175a03cfdbc8f3403dc6e,2021-02-23,2021,2,23,23.6,33.2,28.400000000000002,0
689175a03cfdbc8f3403dc6f,2021-02-24,2021,2,24,23.4,32.4,27.9,0
689175a03cfdbc8f3403dc70,2021-02-25,2021,2,25,23.8,33.2,28.5,0
689175a03cfdbc8f3403dc71,2021-02-26,2021,2,26,23.2,31.8,27.5,0
689175a03cfdbc8f3403dc72,2021-02-26,2021,2,26,23.2,31.8,27.5,0
689175a03cfdbc8f3403dc73,2021-02-27,2021,2,27,20.8,32.4,26.6,0
689175a03cfdbc8f3403dc74,2021-02-27,2021,2,27,20.8,32.4,26.6,0
689175a03cfdbc8f3403dc75,2021-02-28,2021,2,28,20.4,32.7,26.55,0
689175a03cfdbc8f3403dc76,2021-03-01,2021,3,1,21.6,32.4,27,0
689175a03cfdbc8f3403dc77,2021-03-01,2021,3,1,21.6,32.4,27,0
689175a03cfdbc8f3403dc78,2021-03-02,2021,3,2,21.6,32,26.8,0
689175a03cfdbc8f3403dc79,2021-03-02,2021,3,2,21.6,32,26.8,0
689175a03cfdbc8f3403dc7a,2021-03-03,2021,3,3,21.8,32.8,27.299999999999997,0
689175a03cfdbc8f3403dc7b,2021-03-03,2021,3,3,21.8,32.8,27.299999999999997,0
689175a03cfdbc8f3403dc7c,2021-03-04,2021,3,4,21.9,33.8,27.849999999999998,0
689175a03cfdbc8f3403dc7d,2021-03-05,2021,3,5,23.8,33.4,28.6,0
689175a03cfdbc8f3403dc7e,2021-03-05,2021,3,5,23.8,33.4,28.6,0
689175a03cfdbc8f3403dc7f,2021-03-06,2021,3,6,22.6,31.4,27,0
689175a03cfdbc8f3403dc80,2021-03-06,2021,3,6,22.6,31.4,27,0
689175a03cfdbc8f3403dc81,2021-03-07,2021,3,7,22.5,30.5,26.5,0
689175a03cfdbc8f3403dc82,2021-03-07,2021,3,7,22.5,30.5,26.5,0
689175a03cfdbc8f3403dc83,2021-03-08,2021,3,8,22.6,33,27.8,0
689175a03cfdbc8f3403dc84,2021-03-09,2021,3,9,22.6,32.8,27.7,0
689175a03cfdbc8f3403dc85,2021-03-10,2021,3,10,22,33,27.5,0
689175a03cfdbc8f3403dc86,2021-03-11,2021,3,11,21.4,33.3,27.349999999999998,0
689175a03cfdbc8f3403dc87,2021-03-11,2021,3,11,21.4,33.3,27.349999999999998,0
689175a03cfdbc8f3403dc88,2021-03-12,2021,3,12,21,32.4,26.7,0
689175a03cfdbc8f3403dc89,2021-03-12,2021,3,12,21,32.4,26.7,0
689175a03cfdbc8f3403dc8a,2021-03-13,2021,3,13,23,31.6,27.3,0
689175a03cfdbc8f3403dc8b,2021-03-13,2021,3,13,23,31.6,27.3,0
689175a03cfdbc8f3403dc8c,2021-03-14,2021,3,14,22.4,33.6,28,0
689175a03cfdbc8f3403dc8d,2021-03-14,2021,3,14,22.4,33.6,28,0
689175a03cfdbc8f3403dc8e,2021-03-15,2021,3,15,22.2,33.2,27.700000000000003,0
689175a03cfdbc8f3403dc8f,2021-03-16,2021,3,16,22.6,33,27.8,0
689175a03cfdbc8f3403dc90,2021-03-16,2021,3,16,22.6,33,27.8,0
689175a03cfdbc8f3403dc91,2021-03-17,2021,3,17,23,31.8,27.4,0
689175a03cfdbc8f3403dc92,2021-03-17,2021,3,17,23,31.8,27.4,0
689175a03cfdbc8f3403dc93,2021-03-18,2021,3,18,23,31,27,0
689175a03cfdbc8f3403dc94,2021-03-18,2021,3,18,23,31,27,0
689175a03cfdbc8f3403dc95,2021-03-19,2021,3,19,23.6,31.8,27.700000000000003,0
689175a03cfdbc8f3403dc96,2021-03-19,2021,3,19,23.6,31.8,27.700000000000003,0
689175a03cfdbc8f3403dc97,2021-03-20,2021,3,20,23.8,32.3,28.049999999999997,0
689175a03cfdbc8f3403dc98,2021-03-20,2021,3,20,23.8,32.3,28.049999999999997,0
689175a03cfdbc8f3403dc99,2021-03-21,2021,3,21,23.4,33.2,28.3,0
689175a03cfdbc8f3403dc9a,2021-03-21,2021,3,21,23.4,33.2,28.3,0
689175a03cfdbc8f3403dc9b,2021-03-22,2021,3,22,23.1,32,27.55,0
689175a03cfdbc8f3403dc9c,2021-03-22,2021,3,22,23.1,32,27.55,0
689175a03cfdbc8f3403dc9d,2021-03-23,2021,3,23,23,30.7,26.85,0
689175a03cfdbc8f3403dc9e,2021-03-23,2021,3,23,23,30.7,26.85,0
689175a03cfdbc8f3403dc9f,2021-03-24,2021,3,24,22.8,31.1,26.950000000000003,0
689175a03cfdbc8f3403dca0,2021-03-24,2021,3,24,22.8,31.1,26.950000000000003,0
689175a03cfdbc8f3403dca1,2021-03-25,2021,3,25,24,33.6,28.8,0
689175a03cfdbc8f3403dca2,2021-03-25,2021,3,25,24,33.6,28.8,0
689175a03cfdbc8f3403dca3,2021-03-26,2021,3,26,24,32,28,0
689175a03cfdbc8f3403dca4,2021-03-26,2021,3,26,24,32,28,0
689175a03cfdbc8f3403dca5,2021-03-27,2021,3,27,23.8,33,28.4,0
689175a03cfdbc8f3403dca6,2021-03-27,2021,3,27,23.8,33,28.4,0
689175a03cfdbc8f3403dca7,2021-03-28,2021,3,28,23.6,30.7,27.15,0
689175a03cfdbc8f3403dca8,2021-03-28,2021,3,28,23.6,30.7,27.15,0
689175a03cfdbc8f3403dca9,2021-03-29,2021,3,29,22,32,27,0
689175a03cfdbc8f3403dcaa,2021-03-29,2021,3,29,22,32,27,0
689175a03cfdbc8f3403dcab,2021-03-30,2021,3,30,21.8,33.2,27.5,0
689175a03cfdbc8f3403dcac,2021-03-30,2021,3,30,21.8,33.2,27.5,0
689175a03cfdbc8f3403dcad,2021-03-31,2021,3,31,23.4,31.8,27.6,0
689175a03cfdbc8f3403dcae,2021-03-31,2021,3,31,23.4,31.8,27.6,0
689175a03cfdbc8f3403dcaf,2021-04-01,2021,4,1,23.8,30.7,27.25,0
689175a03cfdbc8f3403dcb0,2021-04-01,2021,4,1,23.8,30.7,27.25,0
689175a03cfdbc8f3403dcb1,2021-04-02,2021,4,2,23,28,25.5,0
689175a03cfdbc8f3403dcb2,2021-04-02,2021,4,2,23,28,25.5,0
689175a03cfdbc8f3403dcb3,2021-04-03,2021,4,3,22.8,32.7,27.75,0
689175a03cfdbc8f3403dcb4,2021-04-03,2021,4,3,22.8,32.7,27.75,0
689175a03cfdbc8f3403dcb5,2021-04-04,2021,4,4,23.3,33,28.15,0
689175a03cfdbc8f3403dcb6,2021-04-04,2021,4,4,23.3,33,28.15,0
689175a03cfdbc8f3403dcb7,2021-04-05,2021,4,5,23.7,33,28.35,0
689175a03cfdbc8f3403dcb8,2021-04-05,2021,4,5,23.7,33,28.35,0
689175a03cfdbc8f3403dcb9,2021-04-06,2021,4,6,23.4,32.8,28.099999999999998,0
689175a03cfdbc8f3403dcba,2021-04-06,2021,4,6,23.4,32.8,28.099999999999998,0
689175a03cfdbc8f3403dcbb,2021-04-07,2021,4,7,24,30.8,27.4,0
689175a03cfdbc8f3403dcbc,2021-04-07,2021,4,7,24,30.8,27.4,0
689175a03cfdbc8f3403dcbd,2021-04-08,2021,4,8,23,32.2,27.6,0
689175a03cfdbc8f3403dcbe,2021-04-08,2021,4,8,23,32.2,27.6,0
689175a03cfdbc8f3403dcbf,2021-04-09,2021,4,9,22.8,33,27.9,0
689175a03cfdbc8f3403dcc0,2021-04-09,2021,4,9,22.8,33,27.9,0
689175a03cfdbc8f3403dcc1,2021-04-10,2021,4,10,23.2,32.2,27.700000000000003,0
689175a03cfdbc8f3403dcc2,2021-04-10,2021,4,10,23.2,32.2,27.700000000000003,0
689175a03cfdbc8f3403dcc3,2021-04-11,2021,4,11,23.4,31.8,27.6,0
689175a03cfdbc8f3403dcc4,2021-04-11,2021,4,11,23.4,31.8,27.6,0
689175a03cfdbc8f3403dcc5,2021-04-12,2021,4,12,22.8,32.4,27.6,0
689175a03cfdbc8f3403dcc6,2021-04-12,2021,4,12,22.8,32.4,27.6,0
689175a03cfdbc8f3403dcc7,2021-04-13,2021,4,13,23,32.7,27.85,0
689175a03cfdbc8f3403dcc8,2021-04-13,2021,4,13,23,32.7,27.85,0
689175a03cfdbc8f3403dcc9,2021-04-14,2021,4,14,22.4,32.2,27.3,0
689175a03cfdbc8f3403dcca,2021-04-14,2021,4,14,22.4,32.2,27.3,0
689175a03cfdbc8f3403dccb,2021-04-15,2021,4,15,22,32.8,27.4,0
689175a03cfdbc8f3403dccc,2021-04-15,2021,4,15,22,32.8,27.4,0
689175a03cfdbc8f3403dccd,2021-04-16,2021,4,16,22,32.7,27.35,0
689175a03cfdbc8f3403dcce,2021-04-16,2021,4,16,22,32.7,27.35,0
689175a03cfdbc8f3403dccf,2021-04-17,2021,4,17,21.6,32.8,27.2,0
689175a03cfdbc8f3403dcd0,2021-04-17,2021,4,17,21.6,32.8,27.2,0
689175a03cfdbc8f3403dcd1,2021-04-18,2021,4,18,21.6,33.2,27.400000000000002,0
689175a03cfdbc8f3403dcd2,2021-04-18,2021,4,18,21.6,33.2,27.400000000000002,0
689175a03cfdbc8f3403dcd3,2021-04-19,2021,4,19,23,32.8,27.9,0
689175a03cfdbc8f3403dcd4,2021-04-20,2021,4,20,22.4,32.8,27.599999999999998,0
689175a03cfdbc8f3403dcd5,2021-04-20,2021,4,20,22.4,32.8,27.599999999999998,0
689175a03cfdbc8f3403dcd6,2021-04-21,2021,4,21,22.4,33.1,27.75,0
689175a03cfdbc8f3403dcd7,2021-04-21,2021,4,21,22.4,33.1,27.75,0
689175a03cfdbc8f3403dcd8,2021-04-22,2021,4,22,22.4,33.2,27.8,0
689175a03cfdbc8f3403dcd9,2021-04-22,2021,4,22,22.4,33.2,27.8,0
689175a03cfdbc8f3403dcda,2021-04-23,2021,4,23,22.8,34,28.4,0
689175a03cfdbc8f3403dcdb,2021-04-23,2021,4,23,22.8,34,28.4,0
689175a03cfdbc8f3403dcdc,2021-04-24,2021,4,24,23.7,31.7,27.7,0
689175a03cfdbc8f3403dcdd,2021-04-24,2021,4,24,23.7,31.7,27.7,0
689175a03cfdbc8f3403dcde,2021-04-25,2021,4,25,23.2,32.8,28,0
689175a03cfdbc8f3403dcdf,2021-04-25,2021,4,25,23.2,32.8,28,0
689175a03cfdbc8f3403dce0,2021-04-26,2021,4,26,23.2,33.2,28.200000000000003,0
689175a03cfdbc8f3403dce1,2021-04-26,2021,4,26,23.2,33.2,28.200000000000003,0
689175a03cfdbc8f3403dce2,2021-04-27,2021,4,27,22.4,33.2,27.8,0
689175a03cfdbc8f3403dce3,2021-04-27,2021,4,27,22.4,33.2,27.8,0
689175a03cfdbc8f3403dce4,2021-04-28,2021,4,28,22.4,33.9,28.15,0
689175a03cfdbc8f3403dce5,2021-04-28,2021,4,28,22.4,33.9,28.15,0
689175a03cfdbc8f3403dce6,2021-04-29,2021,4,29,23.2,33.6,28.4,0
689175a03cfdbc8f3403dce7,2021-04-29,2021,4,29,23.2,33.6,28.4,0
689175a03cfdbc8f3403dce8,2021-04-30,2021,4,30,23.2,33.2,28.200000000000003,0
689175a03cfdbc8f3403dce9,2021-04-30,2021,4,30,23.2,33.2,28.200000000000003,0
689175a03cfdbc8f3403dcea,2021-05-01,2021,5,1,23.8,33.4,28.6,0
689175a03cfdbc8f3403dceb,2021-05-01,2021,5,1,23.8,33.4,28.6,0
689175a03cfdbc8f3403dcec,2021-05-02,2021,5,2,24.1,32.6,28.35,0
689175a03cfdbc8f3403dced,2021-05-02,2021,5,2,24.1,32.6,28.35,0
689175a03cfdbc8f3403dcee,2021-05-03,2021,5,3,24.2,34.2,29.200000000000003,0
689175a03cfdbc8f3403dcef,2021-05-03,2021,5,3,24.2,34.2,29.200000000000003,0
689175a03cfdbc8f3403dcf0,2021-05-04,2021,5,4,24.8,32.9,28.85,0
689175a03cfdbc8f3403dcf1,2021-05-04,2021,5,4,24.8,32.9,28.85,0
689175a03cfdbc8f3403dcf2,2021-05-05,2021,5,5,24.6,28.2,26.4,0
689175a03cfdbc8f3403dcf3,2021-05-05,2021,5,5,24.6,28.2,26.4,0
689175a03cfdbc8f3403dcf4,2021-05-06,2021,5,6,23.8,32,27.9,0
689175a03cfdbc8f3403dcf5,2021-05-06,2021,5,6,23.8,32,27.9,0
689175a03cfdbc8f3403dcf6,2021-05-07,2021,5,7,23.6,32.2,27.900000000000002,0
689175a03cfdbc8f3403dcf7,2021-05-07,2021,5,7,23.6,32.2,27.900000000000002,0
689175a03cfdbc8f3403dcf8,2021-05-08,2021,5,8,24.4,31.6,28,0
689175a03cfdbc8f3403dcf9,2021-05-08,2021,5,8,24.4,31.6,28,0
689175a03cfdbc8f3403dcfa,2021-05-09,2021,5,9,24.2,33.2,28.700000000000003,0
689175a03cfdbc8f3403dcfb,2021-05-09,2021,5,9,24.2,33.2,28.700000000000003,0
689175a03cfdbc8f3403dcfc,2021-05-10,2021,5,10,24.2,32.2,28.200000000000003,0
689175a03cfdbc8f3403dcfd,2021-05-10,2021,5,10,24.2,32.2,28.200000000000003,0
689175a03cfdbc8f3403dcfe,2021-05-11,2021,5,11,24.2,33.4,28.799999999999997,0
689175a03cfdbc8f3403dcff,2021-05-11,2021,5,11,24.2,33.4,28.799999999999997,0
689175a03cfdbc8f3403dd00,2021-05-12,2021,5,12,24.2,32.6,28.4,0
689175a03cfdbc8f3403dd01,2021-05-12,2021,5,12,24.2,32.6,28.4,0
689175a03cfdbc8f3403dd02,2021-05-13,2021,5,13,24,34,29,0
689175a03cfdbc8f3403dd03,2021-05-13,2021,5,13,24,34,29,0
689175a03cfdbc8f3403dd04,2021-05-14,2021,5,14,24,32,28,0
689175a03cfdbc8f3403dd05,2021-05-14,2021,5,14,24,32,28,0
689175a03cfdbc8f3403dd06,2021-05-15,2021,5,15,23.8,32,27.9,0
689175a03cfdbc8f3403dd07,2021-05-15,2021,5,15,23.8,32,27.9,0
689175a03cfdbc8f3403dd08,2021-05-16,2021,5,16,23.8,33.1,28.450000000000003,0
689175a03cfdbc8f3403dd09,2021-05-16,2021,5,16,23.8,33.1,28.450000000000003,0
689175a03cfdbc8f3403dd0a,2021-05-17,2021,5,17,24.6,33.4,29,0
689175a03cfdbc8f3403dd0b,2021-05-17,2021,5,17,24.6,33.4,29,0
689175a03cfdbc8f3403dd0c,2021-05-18,2021,5,18,24.8,28.8,26.8,0
689175a03cfdbc8f3403dd0d,2021-05-18,2021,5,18,24.8,28.8,26.8,0
689175a03cfdbc8f3403dd0e,2021-05-19,2021,5,19,24,33.4,28.7,0
689175a03cfdbc8f3403dd0f,2021-05-19,2021,5,19,24,33.4,28.7,0
689175a03cfdbc8f3403dd10,2021-05-20,2021,5,20,24,34.6,29.3,0
689175a03cfdbc8f3403dd11,2021-05-20,2021,5,20,24,34.6,29.3,0
689175a03cfdbc8f3403dd12,2021-05-21,2021,5,21,24.2,33.4,28.799999999999997,0
689175a03cfdbc8f3403dd13,2021-05-21,2021,5,21,24.2,33.4,28.799999999999997,0
689175a03cfdbc8f3403dd14,2021-05-22,2021,5,22,24.2,34.1,29.15,0
689175a03cfdbc8f3403dd15,2021-05-22,2021,5,22,24.2,34.1,29.15,0
689175a03cfdbc8f3403dd16,2021-05-23,2021,5,23,24,34.4,29.2,0
689175a03cfdbc8f3403dd17,2021-05-23,2021,5,23,24,34.4,29.2,0
689175a03cfdbc8f3403dd18,2021-05-24,2021,5,24,22.9,34.4,28.65,0
689175a03cfdbc8f3403dd19,2021-05-24,2021,5,24,22.9,34.4,28.65,0
689175a03cfdbc8f3403dd1a,2021-05-25,2021,5,25,22.8,34.5,28.65,0
689175a03cfdbc8f3403dd1b,2021-05-25,2021,5,25,22.8,34.5,28.65,0
689175a03cfdbc8f3403dd1c,2021-05-26,2021,5,26,23.3,31.6,27.450000000000003,0
689175a03cfdbc8f3403dd1d,2021-05-26,2021,5,26,23.3,31.6,27.450000000000003,0
689175a03cfdbc8f3403dd1e,2021-05-27,2021,5,27,23.4,32.2,27.8,0
689175a03cfdbc8f3403dd1f,2021-05-27,2021,5,27,23.4,32.2,27.8,0
689175a03cfdbc8f3403dd20,2021-05-28,2021,5,28,24,32.5,28.25,0
689175a03cfdbc8f3403dd21,2021-05-29,2021,5,29,24,33.4,28.7,0
689175a03cfdbc8f3403dd22,2021-05-29,2021,5,29,24,33.4,28.7,0
689175a03cfdbc8f3403dd23,2021-05-30,2021,5,30,24.4,34,29.2,0
689175a03cfdbc8f3403dd24,2021-05-30,2021,5,30,24.4,34,29.2,0
689175a03cfdbc8f3403dd25,2021-05-31,2021,5,31,23.6,32.6,28.1,0
689175a03cfdbc8f3403dd26,2021-05-31,2021,5,31,23.6,32.6,28.1,0
689175a03cfdbc8f3403dd27,2021-06-01,2021,6,1,23.2,32.4,27.799999999999997,0
689175a03cfdbc8f3403dd28,2021-06-01,2021,6,1,23.2,32.4,27.799999999999997,0
689175a03cfdbc8f3403dd29,2021-06-02,2021,6,2,23.2,30.6,26.9,0
689175a03cfdbc8f3403dd2a,2021-06-02,2021,6,2,23.2,30.6,26.9,0
689175a03cfdbc8f3403dd2b,2021-06-03,2021,6,3,23.6,31.8,27.700000000000003,0
689175a03cfdbc8f3403dd2c,2021-06-03,2021,6,3,23.6,31.8,27.700000000000003,0
689175a03cfdbc8f3403dd2d,2021-06-04,2021,6,4,23.6,31.2,27.4,0
689175a03cfdbc8f3403dd2e,2021-06-04,2021,6,4,23.6,31.2,27.4,0
689175a03cfdbc8f3403dd2f,2021-06-05,2021,6,5,22.2,32.4,27.299999999999997,0
689175a03cfdbc8f3403dd30,2021-06-05,2021,6,5,22.2,32.4,27.299999999999997,0
689175a03cfdbc8f3403dd31,2021-06-06,2021,6,6,21.8,33.4,27.6,0
689175a03cfdbc8f3403dd32,2021-06-06,2021,6,6,21.8,33.4,27.6,0
689175a03cfdbc8f3403dd33,2021-06-07,2021,6,7,21.8,33,27.4,0
689175a03cfdbc8f3403dd34,2021-06-07,2021,6,7,21.8,33,27.4,0
689175a03cfdbc8f3403dd35,2021-06-08,2021,6,8,23.2,33.2,28.200000000000003,0
689175a03cfdbc8f3403dd36,2021-06-08,2021,6,8,23.2,33.2,28.200000000000003,0
689175a03cfdbc8f3403dd37,2021-06-09,2021,6,9,23.6,33.2,28.400000000000002,0
689175a03cfdbc8f3403dd38,2021-06-10,2021,6,10,24,31.2,27.6,0
689175a03cfdbc8f3403dd39,2021-06-10,2021,6,10,24,31.2,27.6,0
689175a03cfdbc8f3403dd3a,2021-06-11,2021,6,11,22.8,34.4,28.6,0
689175a03cfdbc8f3403dd3b,2021-06-11,2021,6,11,22.8,34.4,28.6,0
689175a03cfdbc8f3403dd3c,2021-06-12,2021,6,12,22.5,31.4,26.95,0
689175a03cfdbc8f3403dd3d,2021-06-12,2021,6,12,22.5,31.4,26.95,0
689175a03cfdbc8f3403dd3e,2021-06-13,2021,6,13,24.2,33.7,28.950000000000003,0
689175a03cfdbc8f3403dd3f,2021-06-13,2021,6,13,24.2,33.7,28.950000000000003,0
689175a03cfdbc8f3403dd40,2021-06-14,2021,6,14,24.1,33.78345329249617,28.941726646248085,0
689175a03cfdbc8f3403dd41,2021-06-14,2021,6,14,24.1,33.73687059724349,28.918435298621745,0
689175a03cfdbc8f3403dd42,2021-06-15,2021,6,15,24,34,29,0
689175a03cfdbc8f3403dd43,2021-06-15,2021,6,15,24,34,29,0
689175a03cfdbc8f3403dd44,2021-06-16,2021,6,16,23.8,34.4,29.1,0
689175a03cfdbc8f3403dd45,2021-06-16,2021,6,16,23.8,34.4,29.1,0
689175a03cfdbc8f3403dd46,2021-06-17,2021,6,17,22.2,35.4,28.799999999999997,0
689175a03cfdbc8f3403dd47,2021-06-17,2021,6,17,22.2,35.4,28.799999999999997,0
689175a03cfdbc8f3403dd48,2021-06-18,2021,6,18,22,34.6,28.3,0
689175a03cfdbc8f3403dd49,2021-06-18,2021,6,18,22,34.6,28.3,0
689175a03cfdbc8f3403dd4a,2021-06-19,2021,6,19,23.9,33.6,28.75,0
689175a03cfdbc8f3403dd4b,2021-06-19,2021,6,19,23.9,33.6,28.75,0
689175a03cfdbc8f3403dd4c,2021-06-20,2021,6,20,23.8,33.8,28.799999999999997,0
689175a03cfdbc8f3403dd4d,2021-06-20,2021,6,20,23.8,33.8,28.799999999999997,0
689175a03cfdbc8f3403dd4e,2021-06-21,2021,6,21,24.6,33.4,29,0
689175a03cfdbc8f3403dd4f,2021-06-21,2021,6,21,24.6,33.4,29,0
689175a03cfdbc8f3403dd50,2021-06-22,2021,6,22,23,33.4,28.2,0
689175a03cfdbc8f3403dd51,2021-06-22,2021,6,22,23,33.4,28.2,0
689175a03cfdbc8f3403dd52,2021-06-23,2021,6,23,23.1,32.6,27.85,0
689175a03cfdbc8f3403dd53,2021-06-23,2021,6,23,23.1,32.6,27.85,0
689175a03cfdbc8f3403dd54,2021-06-24,2021,6,24,22.2,33.4,27.799999999999997,0
689175a03cfdbc8f3403dd55,2021-06-24,2021,6,24,22.2,33.4,27.799999999999997,0
689175a03cfdbc8f3403dd56,2021-06-25,2021,6,25,22,30.9,26.45,0
689175a03cfdbc8f3403dd57,2021-06-26,2021,6,26,22,32.3,27.15,0
689175a03cfdbc8f3403dd58,2021-06-26,2021,6,26,22,32.3,27.15,0
689175a03cfdbc8f3403dd59,2021-06-27,2021,6,27,22.4,34.2,28.3,0
689175a03cfdbc8f3403dd5a,2021-06-27,2021,6,27,22.4,34.2,28.3,0
689175a03cfdbc8f3403dd5b,2021-06-28,2021,6,28,23,31,27,0
689175a03cfdbc8f3403dd5c,2021-06-28,2021,6,28,23,31,27,0
689175a03cfdbc8f3403dd5d,2021-06-29,2021,6,29,22.1,31.6,26.85,0
689175a03cfdbc8f3403dd5e,2021-06-29,2021,6,29,22.1,31.6,26.85,0
689175a03cfdbc8f3403dd5f,2021-06-30,2021,6,30,22,33.8,27.9,0
689175a03cfdbc8f3403dd60,2021-06-30,2021,6,30,22,33.8,27.9,0
689175a03cfdbc8f3403dd61,2021-07-01,2021,7,1,23.4,34,28.7,0
689175a03cfdbc8f3403dd62,2021-07-01,2021,7,1,23.4,34,28.7,0
689175a03cfdbc8f3403dd63,2021-07-02,2021,7,2,23.4,33.2,28.3,0
689175a03cfdbc8f3403dd64,2021-07-02,2021,7,2,23.4,33.2,28.3,0
689175a03cfdbc8f3403dd65,2021-07-03,2021,7,3,23.8,33.7,28.75,0
689175a03cfdbc8f3403dd66,2021-07-03,2021,7,3,23.8,33.7,28.75,0
689175a03cfdbc8f3403dd67,2021-07-04,2021,7,4,24,33.4,28.7,0
689175a03cfdbc8f3403dd68,2021-07-05,2021,7,5,23.1,33.6,28.35,0
689175a03cfdbc8f3403dd69,2021-07-06,2021,7,6,23.1,29.6,26.35,0
689175a03cfdbc8f3403dd6a,2021-07-06,2021,7,6,23.1,29.6,26.35,0
689175a03cfdbc8f3403dd6b,2021-07-07,2021,7,7,23.4,32.4,27.9,0
689175a03cfdbc8f3403dd6c,2021-07-07,2021,7,7,23.4,32.4,27.9,0
689175a03cfdbc8f3403dd6d,2021-07-08,2021,7,8,23.7,31.7,27.7,0
689175a03cfdbc8f3403dd6e,2021-07-08,2021,7,8,23.7,31.7,27.7,0
689175a03cfdbc8f3403dd6f,2021-07-09,2021,7,9,22.6,28.8,25.700000000000003,0
689175a03cfdbc8f3403dd70,2021-07-09,2021,7,9,22.6,28.8,25.700000000000003,0
689175a03cfdbc8f3403dd71,2021-07-10,2021,7,10,22.8,27.6,25.200000000000003,0
689175a03cfdbc8f3403dd72,2021-07-10,2021,7,10,22.8,27.6,25.200000000000003,0
689175a03cfdbc8f3403dd73,2021-07-11,2021,7,11,23,30.6,26.8,0
689175a03cfdbc8f3403dd74,2021-07-11,2021,7,11,23,30.6,26.8,0
689175a03cfdbc8f3403dd75,2021-07-12,2021,7,12,22.9,33.4,28.15,0
689175a03cfdbc8f3403dd76,2021-07-13,2021,7,13,23.7,34,28.85,0
689175a03cfdbc8f3403dd77,2021-07-13,2021,7,13,23.7,34,28.85,0
689175a03cfdbc8f3403dd78,2021-07-14,2021,7,14,23.6,34.4,29,0
689175a03cfdbc8f3403dd79,2021-07-14,2021,7,14,23.6,34.4,29,0
689175a03cfdbc8f3403dd7a,2021-07-15,2021,7,15,22.6,32.2,27.400000000000002,0
689175a03cfdbc8f3403dd7b,2021-07-15,2021,7,15,22.6,32.2,27.400000000000002,0
689175a03cfdbc8f3403dd7c,2021-07-16,2021,7,16,22.4,32.8,27.599999999999998,0
689175a03cfdbc8f3403dd7d,2021-07-16,2021,7,16,22.4,32.8,27.599999999999998,0
689175a03cfdbc8f3403dd7e,2021-07-17,2021,7,17,22.4,33.436637519872804,27.9183187599364,0
689175a03cfdbc8f3403dd7f,2021-07-17,2021,7,17,22.4,33.49728378378377,27.948641891891885,0
689175a03cfdbc8f3403dd80,2021-07-18,2021,7,18,22.5,33.9,28.2,0
689175a03cfdbc8f3403dd81,2021-07-18,2021,7,18,22.5,33.9,28.2,0
689175a03cfdbc8f3403dd82,2021-07-19,2021,7,19,22.4,32,27.2,0
689175a03cfdbc8f3403dd83,2021-07-19,2021,7,19,22.4,32,27.2,0
689175a03cfdbc8f3403dd84,2021-07-20,2021,7,20,24,32.9,28.45,0
689175a03cfdbc8f3403dd85,2021-07-21,2021,7,21,24.8,32.7,28.75,0
689175a03cfdbc8f3403dd86,2021-07-21,2021,7,21,24.8,32.7,28.75,0
689175a03cfdbc8f3403dd87,2021-07-22,2021,7,22,25.7,32.8,29.25,0
689175a03cfdbc8f3403dd88,2021-07-23,2021,7,23,26.2,33.6,29.9,0
689175a03cfdbc8f3403dd89,2021-07-23,2021,7,23,26.2,33.6,29.9,0
689175a03cfdbc8f3403dd8a,2021-07-24,2021,7,24,25.4,35.6,30.5,0
689175a03cfdbc8f3403dd8b,2021-07-24,2021,7,24,25.4,35.6,30.5,0
689175a03cfdbc8f3403dd8c,2021-07-25,2021,7,25,23.6,34.6,29.1,0
689175a03cfdbc8f3403dd8d,2021-07-25,2021,7,25,23.6,34.6,29.1,0
689175a03cfdbc8f3403dd8e,2021-07-26,2021,7,26,22.8,34.4,28.6,0
689175a03cfdbc8f3403dd8f,2021-07-27,2021,7,27,22.9,34.346637519872814,28.623318759936407,0
689175a03cfdbc8f3403dd90,2021-07-27,2021,7,27,22.9,34.13428378378378,28.51714189189189,0
689175a03cfdbc8f3403dd91,2021-07-28,2021,7,28,23,34.9,28.95,0
689175a03cfdbc8f3403dd92,2021-07-28,2021,7,28,23,34.9,28.95,0
689175a03cfdbc8f3403dd93,2021-07-29,2021,7,29,23,34.6,28.8,0
689175a03cfdbc8f3403dd94,2021-07-29,2021,7,29,23,34.6,28.8,0
689175a03cfdbc8f3403dd95,2021-07-30,2021,7,30,24.4,32,28.2,0
689175a03cfdbc8f3403dd96,2021-07-31,2021,7,31,25,30,27.5,0
689175a03cfdbc8f3403dd97,2021-08-01,2021,8,1,24.9,32.6,28.75,0
689175a03cfdbc8f3403dd98,2021-08-01,2021,8,1,24.9,32.6,28.75,0
689175a03cfdbc8f3403dd99,2021-08-02,2021,8,2,26.2,31.2,28.7,0
689175a03cfdbc8f3403dd9a,2021-08-03,2021,8,3,23.9,33.8,28.849999999999998,0
689175a03cfdbc8f3403dd9b,2021-08-03,2021,8,3,23.9,33.8,28.849999999999998,0
689175a03cfdbc8f3403dd9c,2021-08-04,2021,8,4,24,34,29,0
689175a03cfdbc8f3403dd9d,2021-08-04,2021,8,4,24,34,29,0
689175a03cfdbc8f3403dd9e,2021-08-05,2021,8,5,23.8,33.8,28.799999999999997,0
689175a03cfdbc8f3403dd9f,2021-08-05,2021,8,5,23.8,33.8,28.799999999999997,0
689175a03cfdbc8f3403dda0,2021-08-06,2021,8,6,24.7,35,29.85,0
689175a03cfdbc8f3403dda1,2021-08-06,2021,8,6,24.7,35,29.85,0
689175a03cfdbc8f3403dda2,2021-08-07,2021,8,7,22.9,35.6,29.25,0
689175a03cfdbc8f3403dda3,2021-08-07,2021,8,7,22.9,35.6,29.25,0
689175a03cfdbc8f3403dda4,2021-08-08,2021,8,8,23,33.2,28.1,0
689175a03cfdbc8f3403dda5,2021-08-08,2021,8,8,23,33.2,28.1,0
689175a03cfdbc8f3403dda6,2021-08-09,2021,8,9,23.2,33.7,28.450000000000003,0
689175a03cfdbc8f3403dda7,2021-08-09,2021,8,9,23.2,33.7,28.450000000000003,0
689175a03cfdbc8f3403dda8,2021-08-10,2021,8,10,23.4,29.7,26.549999999999997,0
689175a03cfdbc8f3403dda9,2021-08-10,2021,8,10,23.4,29.7,26.549999999999997,0
689175a03cfdbc8f3403ddaa,2021-08-11,2021,8,11,23.2,32,27.6,0
689175a03cfdbc8f3403ddab,2021-08-11,2021,8,11,23.2,32,27.6,0
689175a03cfdbc8f3403ddac,2021-08-12,2021,8,12,23.4,29.2,26.299999999999997,0
689175a03cfdbc8f3403ddad,2021-08-12,2021,8,12,23.4,29.2,26.299999999999997,0
689175a03cfdbc8f3403ddae,2021-08-13,2021,8,13,23.4,32,27.7,0
689175a03cfdbc8f3403ddaf,2021-08-13,2021,8,13,23.4,32,27.7,0
689175a03cfdbc8f3403ddb0,2021-08-14,2021,8,14,23,31.4,27.2,0
689175a03cfdbc8f3403ddb1,2021-08-14,2021,8,14,23,31.4,27.2,0
689175a03cfdbc8f3403ddb2,2021-08-15,2021,8,15,23.2,31.8,27.5,0
689175a03cfdbc8f3403ddb3,2021-08-15,2021,8,15,23.2,31.8,27.5,0
689175a03cfdbc8f3403ddb4,2021-08-16,2021,8,16,23.6,31.6,27.6,0
689175a03cfdbc8f3403ddb5,2021-08-16,2021,8,16,23.6,31.6,27.6,0
689175a03cfdbc8f3403ddb6,2021-08-17,2021,8,17,24,33.4,28.7,0
689175a03cfdbc8f3403ddb7,2021-08-17,2021,8,17,24,33.4,28.7,0
689175a03cfdbc8f3403ddb8,2021-08-18,2021,8,18,23,33.4,28.2,0
689175a03cfdbc8f3403ddb9,2021-08-18,2021,8,18,23,33.4,28.2,0
689175a03cfdbc8f3403ddba,2021-08-19,2021,8,19,23,29.4,26.2,0
689175a03cfdbc8f3403ddbb,2021-08-20,2021,8,20,22.8,32.8,27.799999999999997,0
689175a03cfdbc8f3403ddbc,2021-08-20,2021,8,20,22.8,32.8,27.799999999999997,0
689175a03cfdbc8f3403ddbd,2021-08-21,2021,8,21,22.8,33,27.9,0
689175a03cfdbc8f3403ddbe,2021-08-21,2021,8,21,22.8,33,27.9,0
689175a03cfdbc8f3403ddbf,2021-08-22,2021,8,22,22.8,30.5,26.65,0
689175a03cfdbc8f3403ddc0,2021-08-22,2021,8,22,22.8,30.5,26.65,0
689175a03cfdbc8f3403ddc1,2021-08-23,2021,8,23,23.2,31.8,27.5,0
689175a03cfdbc8f3403ddc2,2021-08-23,2021,8,23,23.2,31.8,27.5,0
689175a03cfdbc8f3403ddc3,2021-08-24,2021,8,24,23.4,32.456338028169014,27.928169014084506,0
689175a03cfdbc8f3403ddc4,2021-08-24,2021,8,24,23.4,32.775774647887324,28.08788732394366,0
689175a03cfdbc8f3403ddc5,2021-08-25,2021,8,25,23,32.2,27.6,0
689175a03cfdbc8f3403ddc6,2021-08-25,2021,8,25,23,32.2,27.6,0
689175a03cfdbc8f3403ddc7,2021-08-26,2021,8,26,23,31.8,27.4,0
689175a03cfdbc8f3403ddc8,2021-08-26,2021,8,26,23,31.8,27.4,0
689175a03cfdbc8f3403ddc9,2021-08-27,2021,8,27,22,33,27.5,0
689175a03cfdbc8f3403ddca,2021-08-27,2021,8,27,22,33,27.5,0
689175a03cfdbc8f3403ddcb,2021-08-28,2021,8,28,22.2,32.6,27.4,0
689175a03cfdbc8f3403ddcc,2021-08-28,2021,8,28,22.2,32.6,27.4,0
689175a03cfdbc8f3403ddcd,2021-08-29,2021,8,29,23.6,32.2,27.900000000000002,0
689175a03cfdbc8f3403ddce,2021-08-29,2021,8,29,23.6,32.2,27.900000000000002,0
689175a03cfdbc8f3403ddcf,2021-08-30,2021,8,30,23.6,31.8,27.700000000000003,0
689175a03cfdbc8f3403ddd0,2021-08-30,2021,8,30,23.6,31.8,27.700000000000003,0
689175a03cfdbc8f3403ddd1,2021-08-31,2021,8,31,23.2,32.6,27.9,0
689175a03cfdbc8f3403ddd2,2021-08-31,2021,8,31,23.2,32.6,27.9,0
689175a03cfdbc8f3403ddd3,2021-09-01,2021,9,1,23.2,34,28.6,0
689175a03cfdbc8f3403ddd4,2021-09-01,2021,9,1,23.2,34,28.6,0
689175a03cfdbc8f3403ddd5,2021-09-02,2021,9,2,22.8,32.8,27.799999999999997,0
689175a03cfdbc8f3403ddd6,2021-09-02,2021,9,2,22.8,32.8,27.799999999999997,0
689175a03cfdbc8f3403ddd7,2021-09-03,2021,9,3,22.8,33.2,28,0
689175a03cfdbc8f3403ddd8,2021-09-03,2021,9,3,22.8,33.2,28,0
689175a03cfdbc8f3403ddd9,2021-09-04,2021,9,4,22.8,33.6,28.200000000000003,0
689175a03cfdbc8f3403ddda,2021-09-04,2021,9,4,22.8,33.6,28.200000000000003,0
689175a03cfdbc8f3403dddb,2021-09-05,2021,9,5,22.9,34,28.45,0
689175a03cfdbc8f3403dddc,2021-09-05,2021,9,5,22.9,34,28.45,0
689175a03cfdbc8f3403dddd,2021-09-06,2021,9,6,22,33.5,27.75,0
689175a03cfdbc8f3403ddde,2021-09-06,2021,9,6,22,33.5,27.75,0
689175a03cfdbc8f3403dddf,2021-09-07,2021,9,7,21.4,33.6,27.5,0
689175a03cfdbc8f3403dde0,2021-09-07,2021,9,7,21.4,33.6,27.5,0
689175a03cfdbc8f3403dde1,2021-09-08,2021,9,8,21.6,31,26.3,0
689175a03cfdbc8f3403dde2,2021-09-08,2021,9,8,21.6,31,26.3,0
689175a03cfdbc8f3403dde3,2021-09-09,2021,9,9,22.2,29.6,25.9,0
689175a03cfdbc8f3403dde4,2021-09-09,2021,9,9,22.2,29.6,25.9,0
689175a03cfdbc8f3403dde5,2021-09-10,2021,9,10,24,33.8,28.9,0
689175a03cfdbc8f3403dde6,2021-09-10,2021,9,10,24,33.8,28.9,0
689175a03cfdbc8f3403dde7,2021-09-11,2021,9,11,23.4,31.6,27.5,0
689175a03cfdbc8f3403dde8,2021-09-11,2021,9,11,23.4,31.6,27.5,0
689175a03cfdbc8f3403dde9,2021-09-12,2021,9,12,23.4,31.1,27.25,0
689175a03cfdbc8f3403ddea,2021-09-12,2021,9,12,23.4,31.1,27.25,0
689175a03cfdbc8f3403ddeb,2021-09-13,2021,9,13,23.8,32.8,28.299999999999997,0
689175a03cfdbc8f3403ddec,2021-09-13,2021,9,13,23.8,32.8,28.299999999999997,0
689175a03cfdbc8f3403dded,2021-09-14,2021,9,14,22.6,35.1,28.85,0
689175a03cfdbc8f3403ddee,2021-09-14,2021,9,14,22.6,35.1,28.85,0
689175a03cfdbc8f3403ddef,2021-09-15,2021,9,15,22.4,31.1,26.75,0
689175a03cfdbc8f3403ddf0,2021-09-16,2021,9,16,22.1,32.8,27.45,0
689175a03cfdbc8f3403ddf1,2021-09-17,2021,9,17,21.7,33.6,27.65,0
689175a03cfdbc8f3403ddf2,2021-09-17,2021,9,17,21.7,33.6,27.65,0
689175a03cfdbc8f3403ddf3,2021-09-18,2021,9,18,21.8,33.2,27.5,0
689175a03cfdbc8f3403ddf4,2021-09-18,2021,9,18,21.8,33.2,27.5,0
689175a03cfdbc8f3403ddf5,2021-09-19,2021,9,19,23.2,29.4,26.299999999999997,0
689175a03cfdbc8f3403ddf6,2021-09-19,2021,9,19,23.2,29.4,26.299999999999997,0
689175a03cfdbc8f3403ddf7,2021-09-20,2021,9,20,23.6,31,27.3,0
689175a03cfdbc8f3403ddf8,2021-09-21,2021,9,21,23,33.2,28.1,0
689175a03cfdbc8f3403ddf9,2021-09-21,2021,9,21,23,33.2,28.1,0
689175a03cfdbc8f3403ddfa,2021-09-22,2021,9,22,23,34.2,28.6,0
689175a03cfdbc8f3403ddfb,2021-09-22,2021,9,22,23,34.2,28.6,0
689175a03cfdbc8f3403ddfc,2021-09-23,2021,9,23,22.2,34.8,28.5,0
689175a03cfdbc8f3403ddfd,2021-09-23,2021,9,23,22.2,34.8,28.5,0
689175a03cfdbc8f3403ddfe,2021-09-24,2021,9,24,22.2,34.2,28.200000000000003,0
689175a03cfdbc8f3403ddff,2021-09-24,2021,9,24,22.2,34.2,28.200000000000003,0
689175a03cfdbc8f3403de00,2021-09-25,2021,9,25,22.8,33.6,28.200000000000003,0
689175a03cfdbc8f3403de01,2021-09-25,2021,9,25,22.8,33.6,28.200000000000003,0
689175a03cfdbc8f3403de02,2021-09-26,2021,9,26,22.6,30.2,26.4,0
689175a03cfdbc8f3403de03,2021-09-27,2021,9,27,24.5,29,26.75,0
689175a03cfdbc8f3403de04,2021-09-28,2021,9,28,23.6,31.6,27.6,0
689175a03cfdbc8f3403de05,2021-09-28,2021,9,28,23.6,31.6,27.6,0
689175a03cfdbc8f3403de06,2021-09-29,2021,9,29,23.2,31.2,27.2,0
689175a03cfdbc8f3403de07,2021-09-29,2021,9,29,23.2,31.2,27.2,0
689175a03cfdbc8f3403de08,2021-09-30,2021,9,30,23.8,31.4,27.6,0
689175a03cfdbc8f3403de09,2021-09-30,2021,9,30,23.8,31.4,27.6,0
689175a03cfdbc8f3403de0a,2021-10-01,2021,10,1,23.3,30.2,26.75,0
689175a03cfdbc8f3403de0b,2021-10-01,2021,10,1,23.3,30.2,26.75,0
689175a03cfdbc8f3403de0c,2021-10-02,2021,10,2,22.4,32.8,27.599999999999998,0
689175a03cfdbc8f3403de0d,2021-10-03,2021,10,3,22.2,32.8,27.5,0
689175a03cfdbc8f3403de0e,2021-10-04,2021,10,4,23.3,33.8,28.549999999999997,0
689175a03cfdbc8f3403de0f,2021-10-04,2021,10,4,23.3,33.8,28.549999999999997,0
689175a03cfdbc8f3403de10,2021-10-05,2021,10,5,22,34.3,28.15,0
689175a03cfdbc8f3403de11,2021-10-06,2021,10,6,21.9,32.2,27.05,0
689175a03cfdbc8f3403de12,2021-10-07,2021,10,7,23.4,32.7,28.05,0
689175a03cfdbc8f3403de13,2021-10-08,2021,10,8,23.4,33.4,28.4,0
689175a03cfdbc8f3403de14,2021-10-09,2021,10,9,23.9,33.6,28.75,0
689175a03cfdbc8f3403de15,2021-10-09,2021,10,9,23.9,33.6,28.75,0
689175a03cfdbc8f3403de16,2021-10-10,2021,10,10,24,34.2,29.1,0
689175a03cfdbc8f3403de17,2021-10-11,2021,10,11,23.8,33.6,28.700000000000003,0
689175a03cfdbc8f3403de18,2021-10-11,2021,10,11,23.8,33.6,28.700000000000003,0
689175a03cfdbc8f3403de19,2021-10-12,2021,10,12,26.4,34.2,30.3,0
689175a03cfdbc8f3403de1a,2021-10-12,2021,10,12,26.4,34.2,30.3,0
689175a03cfdbc8f3403de1b,2021-10-13,2021,10,13,25.9,34.6,30.25,0
689175a03cfdbc8f3403de1c,2021-10-13,2021,10,13,25.9,34.6,30.25,0
689175a03cfdbc8f3403de1d,2021-10-14,2021,10,14,21.6,34.4,28,0
689175a03cfdbc8f3403de1e,2021-10-14,2021,10,14,21.6,34.4,28,0
689175a03cfdbc8f3403de1f,2021-10-15,2021,10,15,25,33.9,29.45,0
689175a03cfdbc8f3403de20,2021-10-15,2021,10,15,25,33.9,29.45,0
689175a03cfdbc8f3403de21,2021-10-16,2021,10,16,23.8,34.4,29.1,0
689175a03cfdbc8f3403de22,2021-10-16,2021,10,16,23.8,34.4,29.1,0
689175a03cfdbc8f3403de23,2021-10-17,2021,10,17,23.6,33.6,28.6,0
689175a03cfdbc8f3403de24,2021-10-18,2021,10,18,23.5,32.2,27.85,0
689175a03cfdbc8f3403de25,2021-10-19,2021,10,19,23.5,33.6,28.55,0
689175a03cfdbc8f3403de26,2021-10-20,2021,10,20,23.4,26.7,25.049999999999997,0
689175a03cfdbc8f3403de27,2021-10-21,2021,10,21,23.3,30.4,26.85,0
689175a03cfdbc8f3403de28,2021-10-22,2021,10,22,23.2,31,27.1,0
689175a03cfdbc8f3403de29,2021-10-23,2021,10,23,22,31.8,26.9,0
689175a03cfdbc8f3403de2a,2021-10-24,2021,10,24,22,31.6,26.8,0
689175a03cfdbc8f3403de2b,2021-10-25,2021,10,25,22.8,31.6,27.200000000000003,0
689175a03cfdbc8f3403de2c,2021-10-26,2021,10,26,22.2,31.8,27,0
689175a03cfdbc8f3403de2d,2021-10-26,2021,10,26,22.2,31.8,27,0
689175a03cfdbc8f3403de2e,2021-10-27,2021,10,27,22.4,30.4,26.4,0
689175a03cfdbc8f3403de2f,2021-10-27,2021,10,27,22.4,30.4,26.4,0
689175a03cfdbc8f3403de30,2021-10-28,2021,10,28,23,32,27.5,0
689175a03cfdbc8f3403de31,2021-10-28,2021,10,28,23,32,27.5,0
689175a03cfdbc8f3403de32,2021-10-29,2021,10,29,23,32.2,27.6,0
689175a03cfdbc8f3403de33,2021-10-29,2021,10,29,23,32.2,27.6,0
689175a03cfdbc8f3403de34,2021-10-30,2021,10,30,24,32.2,28.1,0
689175a03cfdbc8f3403de35,2021-10-30,2021,10,30,24,32.2,28.1,0
689175a03cfdbc8f3403de36,2021-10-31,2021,10,31,23.8,31,27.4,0
689175a03cfdbc8f3403de37,2021-10-31,2021,10,31,23.8,31,27.4,0
689175a03cfdbc8f3403de38,2021-11-01,2021,11,1,23,33.2,28.1,0
689175a03cfdbc8f3403de39,2021-11-01,2021,11,1,23,33.2,28.1,0
689175a03cfdbc8f3403de3a,2021-11-02,2021,11,2,23,31.4,27.2,0
689175a03cfdbc8f3403de3b,2021-11-03,2021,11,3,23,29.4,26.2,0
689175a03cfdbc8f3403de3c,2021-11-04,2021,11,4,23.8,30.6,27.200000000000003,0
689175a03cfdbc8f3403de3d,2021-11-05,2021,11,5,23.2,31,27.1,0
689175a03cfdbc8f3403de3e,2021-11-05,2021,11,5,23.2,31,27.1,0
689175a03cfdbc8f3403de3f,2021-11-06,2021,11,6,23,30.2,26.6,0
689175a03cfdbc8f3403de40,2021-11-07,2021,11,7,23.6,31.4,27.5,0
689175a03cfdbc8f3403de41,2021-11-08,2021,11,8,23.2,30.6,26.9,0
689175a03cfdbc8f3403de42,2021-11-09,2021,11,9,23.2,30,26.6,0
689175a03cfdbc8f3403de43,2021-11-10,2021,11,10,23.8,31.4,27.6,0
689175a03cfdbc8f3403de44,2021-11-11,2021,11,11,23.4,30.6,27,0
689175a03cfdbc8f3403de45,2021-11-12,2021,11,12,23.2,28.2,25.7,0
689175a03cfdbc8f3403de46,2021-11-12,2021,11,12,23.2,28.2,25.7,0
689175a03cfdbc8f3403de47,2021-11-13,2021,11,13,23,32.5,27.75,0
689175a03cfdbc8f3403de48,2021-11-13,2021,11,13,23,32.5,27.75,0
689175a03cfdbc8f3403de49,2021-11-14,2021,11,14,23,30.6,26.8,0
689175a03cfdbc8f3403de4a,2021-11-15,2021,11,15,22.4,31.4,26.9,0
689175a03cfdbc8f3403de4b,2021-11-16,2021,11,16,22.86836304700162,32.2,27.534181523500813,0
689175a03cfdbc8f3403de4c,2021-11-17,2021,11,17,23.2,28.8,26,0
689175a03cfdbc8f3403de4d,2021-11-18,2021,11,18,23,30.8,26.9,0
689175a03cfdbc8f3403de4e,2021-11-19,2021,11,19,23,30.8,26.9,0
689175a03cfdbc8f3403de4f,2021-11-20,2021,11,20,23.4,33.2,28.3,0
689175a03cfdbc8f3403de50,2021-11-20,2021,11,20,23.4,33.2,28.3,0
689175a03cfdbc8f3403de51,2021-11-21,2021,11,21,23.2,32.6,27.9,0
689175a03cfdbc8f3403de52,2021-11-22,2021,11,22,24,33,28.5,0
689175a03cfdbc8f3403de53,2021-11-23,2021,11,23,24,31.8,27.9,0
689175a03cfdbc8f3403de54,2021-11-24,2021,11,24,23.8,32.6,28.200000000000003,0
689175a03cfdbc8f3403de55,2021-11-25,2021,11,25,23,29.8,26.4,0
689175a03cfdbc8f3403de56,2021-11-26,2021,11,26,23,30.4,26.7,0
689175a03cfdbc8f3403de57,2021-11-27,2021,11,27,22.8,31.8,27.3,0
689175a03cfdbc8f3403de58,2021-11-27,2021,11,27,22.8,31.8,27.3,0
689175a03cfdbc8f3403de59,2021-11-28,2021,11,28,22.6,28.8,25.700000000000003,0
689175a03cfdbc8f3403de5a,2021-11-28,2021,11,28,22.6,28.8,25.700000000000003,0
689175a03cfdbc8f3403de5b,2021-11-29,2021,11,29,23.4,29.2,26.299999999999997,0
689175a03cfdbc8f3403de5c,2021-11-30,2021,11,30,23.2,25.4,24.299999999999997,0
689175a03cfdbc8f3403de5d,2021-12-01,2021,12,1,22,33,27.5,0
689175a03cfdbc8f3403de5e,2021-12-02,2021,12,2,21.6,31.6,26.6,0
689175a03cfdbc8f3403de5f,2021-12-02,2021,12,2,21.6,31.6,26.6,0
689175a03cfdbc8f3403de60,2021-12-03,2021,12,3,23,31.2,27.1,0
689175a03cfdbc8f3403de61,2021-12-03,2021,12,3,23,31.2,27.1,0
689175a03cfdbc8f3403de62,2021-12-04,2021,12,4,22.7,33.2,27.950000000000003,0
689175a03cfdbc8f3403de63,2021-12-05,2021,12,5,22.8,31.4,27.1,0
689175a03cfdbc8f3403de64,2021-12-06,2021,12,6,22.4,32.4,27.4,0
689175a03cfdbc8f3403de65,2021-12-06,2021,12,6,22.4,32.4,27.4,0
689175a03cfdbc8f3403de66,2021-12-07,2021,12,7,22.6,30.8,26.700000000000003,0
689175a03cfdbc8f3403de67,2021-12-07,2021,12,7,22.6,30.8,26.700000000000003,0
689175a03cfdbc8f3403de68,2021-12-08,2021,12,8,23.2,32,27.6,0
689175a03cfdbc8f3403de69,2021-12-08,2021,12,8,23.2,32,27.6,0
689175a03cfdbc8f3403de6a,2021-12-09,2021,12,9,23.2,31.6,27.4,0
689175a03cfdbc8f3403de6b,2021-12-10,2021,12,10,24.6,33,28.8,0
689175a03cfdbc8f3403de6c,2021-12-11,2021,12,11,24,30.8,27.4,0
689175a03cfdbc8f3403de6d,2021-12-11,2021,12,11,24,30.8,27.4,0
689175a03cfdbc8f3403de6e,2021-12-12,2021,12,12,23.5,32.2,27.85,0
689175a03cfdbc8f3403de6f,2021-12-12,2021,12,12,23.5,32.2,27.85,0
689175a03cfdbc8f3403de70,2021-12-13,2021,12,13,23.4,33.2,28.3,0
689175a03cfdbc8f3403de71,2021-12-13,2021,12,13,23.4,33.2,28.3,0
689175a03cfdbc8f3403de72,2021-12-14,2021,12,14,23.2,33,28.1,0
689175a03cfdbc8f3403de73,2021-12-15,2021,12,15,24.2,32.4,28.299999999999997,0
689175a03cfdbc8f3403de74,2021-12-16,2021,12,16,24,33.6,28.8,0
689175a03cfdbc8f3403de75,2021-12-17,2021,12,17,24,30.4,27.2,0
689175a03cfdbc8f3403de76,2021-12-18,2021,12,18,24.8,28.6,26.700000000000003,0
689175a03cfdbc8f3403de77,2021-12-19,2021,12,19,22.8,30,26.4,0
689175a03cfdbc8f3403de78,2021-12-20,2021,12,20,22.9,27.8,25.35,0
689175a03cfdbc8f3403de79,2021-12-21,2021,12,21,23,31.6,27.3,0
689175a03cfdbc8f3403de7a,2021-12-22,2021,12,22,21.6,32.4,27,0
689175a03cfdbc8f3403de7b,2021-12-23,2021,12,23,21.4,32.2,26.8,0
689175a03cfdbc8f3403de7c,2021-12-24,2021,12,24,22,31.6,26.8,0
689175a03cfdbc8f3403de7d,2021-12-25,2021,12,25,22,32.4,27.2,0
689175a03cfdbc8f3403de7e,2021-12-26,2021,12,26,21.8,32.8,27.299999999999997,0
689175a03cfdbc8f3403de7f,2021-12-27,2021,12,27,21.2,32.7,26.950000000000003,0
689175a03cfdbc8f3403de80,2021-12-28,2021,12,28,21.1,32.4,26.75,0
689175a03cfdbc8f3403de81,2021-12-29,2021,12,29,21,32.4,26.7,0
689175a03cfdbc8f3403de82,2021-12-30,2021,12,30,21,32.2,26.6,0
689175a03cfdbc8f3403de83,2021-12-31,2021,12,31,24.2,27.8,26,0
689175a03cfdbc8f3403de84,2022-01-01,2022,1,1,23.2,30.6,26.9,0
689175a03cfdbc8f3403de85,2022-01-02,2022,1,2,23.6,30,26.8,0
689175a03cfdbc8f3403de86,2022-01-03,2022,1,3,23.2,31.4,27.299999999999997,0
689175a03cfdbc8f3403de87,2022-01-04,2022,1,4,23.1,30.4,26.75,0
689175a03cfdbc8f3403de88,2022-01-05,2022,1,5,22.8,31.2,27,0
689175a03cfdbc8f3403de89,2022-01-06,2022,1,6,22.8,30.6,26.700000000000003,0
689175a03cfdbc8f3403de8a,2022-01-07,2022,1,7,22.1,33.2,27.650000000000002,0
689175a03cfdbc8f3403de8b,2022-01-08,2022,1,8,22,29.8,25.9,0
689175a03cfdbc8f3403de8c,2022-01-09,2022,1,9,23.5,32.2,27.85,0
689175a03cfdbc8f3403de8d,2022-01-10,2022,1,10,23.4,30.8,27.1,0
689175a03cfdbc8f3403de8e,2022-01-11,2022,1,11,22.4,31.8,27.1,0
689175a03cfdbc8f3403de8f,2022-01-12,2022,1,12,22.4,33.4,27.9,0
689175a03cfdbc8f3403de90,2022-01-13,2022,1,13,23,32.2,27.6,0
689175a03cfdbc8f3403de91,2022-01-14,2022,1,14,22.6,32,27.3,0
689175a03cfdbc8f3403de92,2022-01-15,2022,1,15,21.4,32.2,26.8,0
689175a03cfdbc8f3403de93,2022-01-16,2022,1,16,21.6,33.6,27.6,0
689175a03cfdbc8f3403de94,2022-01-17,2022,1,17,23.8,32.6,28.200000000000003,0
689175a03cfdbc8f3403de95,2022-01-18,2022,1,18,23.8,31.8,27.8,0
689175a03cfdbc8f3403de96,2022-01-19,2022,1,19,21.4,33.4,27.4,0
689175a03cfdbc8f3403de97,2022-01-20,2022,1,20,21.4,33.3,27.349999999999998,0
689175a03cfdbc8f3403de98,2022-01-21,2022,1,21,21.5,33,27.25,0
689175a03cfdbc8f3403de99,2022-01-22,2022,1,22,21.6,33.2,27.400000000000002,0
689175a03cfdbc8f3403de9a,2022-01-23,2022,1,23,21.4,31.8,26.6,0
689175a03cfdbc8f3403de9b,2022-01-24,2022,1,24,23.4,32.8,28.099999999999998,0
689175a03cfdbc8f3403de9c,2022-01-25,2022,1,25,22.6,31.7,27.15,0
689175a03cfdbc8f3403de9d,2022-01-26,2022,1,26,22.5,32.8,27.65,0
689175a03cfdbc8f3403de9e,2022-01-27,2022,1,27,23.2,33.4,28.299999999999997,0
689175a03cfdbc8f3403de9f,2022-01-28,2022,1,28,23.2,34,28.6,0
689175a03cfdbc8f3403dea0,2022-01-29,2022,1,29,23,33.6,28.3,0
689175a03cfdbc8f3403dea1,2022-01-30,2022,1,30,22.6,33.2,27.900000000000002,0
689175a03cfdbc8f3403dea2,2022-01-31,2022,1,31,22,33.6,27.8,0
689175a03cfdbc8f3403dea3,2022-02-01,2022,2,1,22.220413907284765,33.2,27.710206953642384,0
689175a03cfdbc8f3403dea4,2022-02-02,2022,2,2,22.4,32.6,27.5,0
689175a03cfdbc8f3403dea5,2022-02-03,2022,2,3,24.2,33,28.6,0
689175a03cfdbc8f3403dea6,2022-02-04,2022,2,4,23.6,31.9,27.75,0
689175a03cfdbc8f3403dea7,2022-02-05,2022,2,5,22.6,34,28.3,0
689175a03cfdbc8f3403dea8,2022-02-06,2022,2,6,22.6,34.2,28.400000000000002,0
689175a03cfdbc8f3403dea9,2022-02-07,2022,2,7,23.6,30.6,27.1,0
689175a03cfdbc8f3403deaa,2022-02-08,2022,2,8,22.6,32,27.3,0
689175a03cfdbc8f3403deab,2022-02-09,2022,2,9,22.4,32,27.2,0
689175a03cfdbc8f3403deac,2022-02-10,2022,2,10,22.6,29.4,26,0
689175a03cfdbc8f3403dead,2022-02-11,2022,2,11,22,32.4,27.2,0
689175a03cfdbc8f3403deae,2022-02-12,2022,2,12,21.4,31.4,26.4,0
689175a03cfdbc8f3403deaf,2022-02-13,2022,2,13,22,32.8,27.4,0
689175a03cfdbc8f3403deb0,2022-02-14,2022,2,14,21.8,31.4,26.6,0
689175a03cfdbc8f3403deb1,2022-02-15,2022,2,15,22.7,32.8,27.75,0
689175a03cfdbc8f3403deb2,2022-02-16,2022,2,16,23,30.4,26.7,0
689175a03cfdbc8f3403deb3,2022-02-17,2022,2,17,22.8,32.2,27.5,0
689175a03cfdbc8f3403deb4,2022-02-18,2022,2,18,22.570413907284767,29.2,25.88520695364238,0
689175a03cfdbc8f3403deb5,2022-02-19,2022,2,19,22.6,32.7,27.650000000000002,0
689175a03cfdbc8f3403deb6,2022-02-20,2022,2,20,22.4,33.2,27.8,0
689175a03cfdbc8f3403deb7,2022-02-21,2022,2,21,23.2,33.2,28.200000000000003,0
689175a03cfdbc8f3403deb8,2022-02-22,2022,2,22,23,32.6,27.8,0
689175a03cfdbc8f3403deb9,2022-02-23,2022,2,23,22.4,31.6,27,0
689175a03cfdbc8f3403deba,2022-02-24,2022,2,24,22.2,31,26.6,0
689175a03cfdbc8f3403debb,2022-02-25,2022,2,25,22.4,30.4,26.4,0
689175a03cfdbc8f3403debc,2022-02-26,2022,2,26,23.8,30.4,27.1,0
689175a03cfdbc8f3403debd,2022-02-27,2022,2,27,23.2,28.4,25.799999999999997,0
689175a03cfdbc8f3403debe,2022-02-28,2022,2,28,23,31.2,27.1,0
689175a03cfdbc8f3403debf,2022-03-01,2022,3,1,23,30.8,26.9,0
689175a03cfdbc8f3403dec0,2022-03-02,2022,3,2,23.1,31.6,27.35,0
689175a03cfdbc8f3403dec1,2022-03-03,2022,3,3,23.2,31.8,27.5,0
689175a03cfdbc8f3403dec2,2022-03-04,2022,3,4,22.77775784753363,32.7,27.738878923766816,0
689175a03cfdbc8f3403dec3,2022-03-05,2022,3,5,22.6,29.6,26.1,0
689175a03cfdbc8f3403dec4,2022-03-06,2022,3,6,22.2,32.6,27.4,0
689175a03cfdbc8f3403dec5,2022-03-07,2022,3,7,22.2,31.2,26.7,0
689175a03cfdbc8f3403dec6,2022-03-08,2022,3,8,22.8,30.2,26.5,0
689175a03cfdbc8f3403dec7,2022-03-09,2022,3,9,22.8,31.8,27.3,0
689175a03cfdbc8f3403dec8,2022-03-10,2022,3,10,22.49775784753363,32,27.248878923766817,0
689175a03cfdbc8f3403dec9,2022-03-11,2022,3,11,22.2,31.6,26.9,0
689175a03cfdbc8f3403deca,2022-03-12,2022,3,12,23,31.6,27.3,0
689175a03cfdbc8f3403decb,2022-03-13,2022,3,13,23,32.8,27.9,0
689175a03cfdbc8f3403decc,2022-03-14,2022,3,14,23.2,31.4,27.299999999999997,0
689175a03cfdbc8f3403decd,2022-03-15,2022,3,15,23.2,33.1,28.15,0
689175a03cfdbc8f3403dece,2022-03-16,2022,3,16,23.8,32.4,28.1,0
689175a03cfdbc8f3403decf,2022-03-17,2022,3,17,24,32.2,28.1,0
689175a03cfdbc8f3403ded0,2022-03-18,2022,3,18,23.6,32,27.8,0
689175a03cfdbc8f3403ded1,2022-03-19,2022,3,19,23.6,29.8,26.700000000000003,0
689175a03cfdbc8f3403ded2,2022-03-20,2022,3,20,24,31.8,27.9,0
689175a03cfdbc8f3403ded3,2022-03-21,2022,3,21,24,31.2,27.6,0
689175a03cfdbc8f3403ded4,2022-03-22,2022,3,22,23.2,33.7,28.450000000000003,0
689175a03cfdbc8f3403ded5,2022-03-23,2022,3,23,23.2,33.4,28.299999999999997,0
689175a03cfdbc8f3403ded6,2022-03-24,2022,3,24,23.4,31.8,27.6,0
689175a03cfdbc8f3403ded7,2022-03-25,2022,3,25,23.407757847533627,32,27.703878923766815,0
689175a03cfdbc8f3403ded8,2022-03-26,2022,3,26,24.2,32.5,28.35,0
689175a03cfdbc8f3403ded9,2022-03-27,2022,3,27,22.3,32.8,27.549999999999997,0
689175a03cfdbc8f3403deda,2022-03-28,2022,3,28,22.2,33.2,27.700000000000003,0
689175a03cfdbc8f3403dedb,2022-03-29,2022,3,29,22.6,32.6,27.6,0
689175a03cfdbc8f3403dedc,2022-03-30,2022,3,30,22.8,32.4,27.6,0
689175a03cfdbc8f3403dedd,2022-03-31,2022,3,31,22.4,32.5,27.45,0
689175a03cfdbc8f3403dede,2022-04-01,2022,4,1,22.5,32.8,27.65,0
689175a03cfdbc8f3403dedf,2022-04-02,2022,4,2,22.4,32.6,27.5,0
689175a03cfdbc8f3403dee0,2022-04-03,2022,4,3,24.2,30.6,27.4,0
689175a03cfdbc8f3403dee1,2022-04-04,2022,4,4,23.10687116564417,31.8,27.453435582822085,0
689175a03cfdbc8f3403dee2,2022-04-05,2022,4,5,22.2,29.8,26,0
689175a03cfdbc8f3403dee3,2022-04-06,2022,4,6,23,30,26.5,0
689175a03cfdbc8f3403dee4,2022-04-07,2022,4,7,23.3,32.6,27.950000000000003,0
689175a03cfdbc8f3403dee5,2022-04-08,2022,4,8,22.4,33,27.7,0
689175a03cfdbc8f3403dee6,2022-04-09,2022,4,9,22,32.2,27.1,0
689175a03cfdbc8f3403dee7,2022-04-10,2022,4,10,22.6,32.8,27.7,0
689175a03cfdbc8f3403dee8,2022-04-11,2022,4,11,23.2,32.4,27.799999999999997,0
689175a03cfdbc8f3403dee9,2022-04-12,2022,4,12,22.4,33.6,28,0
689175a03cfdbc8f3403deea,2022-04-13,2022,4,13,22.5,33.6,28.05,0
689175a03cfdbc8f3403deeb,2022-04-14,2022,4,14,22.4,34,28.2,0
689175a03cfdbc8f3403deec,2022-04-15,2022,4,15,22.2,33.6,27.9,0
689175a03cfdbc8f3403deed,2022-04-16,2022,4,16,23.7,33.4,28.549999999999997,0
689175a03cfdbc8f3403deee,2022-04-17,2022,4,17,23.6,33.9,28.75,0
689175a03cfdbc8f3403deef,2022-04-18,2022,4,18,23,33.6,28.3,0
689175a03cfdbc8f3403def0,2022-04-19,2022,4,19,23,33.8,28.4,0
689175a03cfdbc8f3403def1,2022-04-20,2022,4,20,23.6,31.8,27.700000000000003,0
689175a03cfdbc8f3403def2,2022-04-21,2022,4,21,23.2,33.4,28.299999999999997,0
689175a03cfdbc8f3403def3,2022-04-22,2022,4,22,23,32.9,27.95,0
689175a03cfdbc8f3403def4,2022-04-23,2022,4,23,23.10687116564417,32.8,27.95343558282208,0
689175a03cfdbc8f3403def5,2022-04-24,2022,4,24,23.4,34.4,28.9,0
689175a03cfdbc8f3403def6,2022-04-25,2022,4,25,23.2,34,28.6,0
689175a03cfdbc8f3403def7,2022-04-26,2022,4,26,23.2,32.6,27.9,0
689175a03cfdbc8f3403def8,2022-04-27,2022,4,27,23.6,32.6,28.1,0
689175a03cfdbc8f3403def9,2022-04-28,2022,4,28,24,34.4,29.2,0
689175a03cfdbc8f3403defa,2022-04-29,2022,4,29,23.8,33,28.4,0
689175a03cfdbc8f3403defb,2022-04-30,2022,4,30,24,34.2,29.1,0
689175a03cfdbc8f3403defc,2022-05-01,2022,5,1,23.9,34.4,29.15,0
689175a03cfdbc8f3403defd,2022-05-02,2022,5,2,24.6,32.8,28.7,0
689175a03cfdbc8f3403defe,2022-05-03,2022,5,3,24.7,32.2,28.450000000000003,0
689175a03cfdbc8f3403deff,2022-05-04,2022,5,4,24.6,32.2,28.400000000000002,0
689175a03cfdbc8f3403df00,2022-05-05,2022,5,5,24.4,32.4,28.4,0
689175a03cfdbc8f3403df01,2022-05-06,2022,5,6,24.2,32.2,28.200000000000003,0
689175a03cfdbc8f3403df02,2022-05-07,2022,5,7,24.2,34.2,29.200000000000003,0
689175a03cfdbc8f3403df03,2022-05-08,2022,5,8,24.5,34.2,29.35,0
689175a03cfdbc8f3403df04,2022-05-09,2022,5,9,24.2,33.2,28.700000000000003,0
689175a03cfdbc8f3403df05,2022-05-10,2022,5,10,23.8,34.2,29,0
689175a03cfdbc8f3403df06,2022-05-11,2022,5,11,23.7,31.6,27.65,0
689175a03cfdbc8f3403df07,2022-05-12,2022,5,12,24.2,34,29.1,0
689175a03cfdbc8f3403df08,2022-05-13,2022,5,13,24,33.8,28.9,0
689175a03cfdbc8f3403df09,2022-05-14,2022,5,14,24,34.6,29.3,0
689175a03cfdbc8f3403df0a,2022-05-15,2022,5,15,23.4,34.6,29,0
689175a03cfdbc8f3403df0b,2022-05-16,2022,5,16,23.3,34.4,28.85,0
689175a03cfdbc8f3403df0c,2022-05-17,2022,5,17,23.8,35.2,29.5,0
689175a03cfdbc8f3403df0d,2022-05-18,2022,5,18,23.2,35.2,29.200000000000003,0
689175a03cfdbc8f3403df0e,2022-05-19,2022,5,19,22.4,35.4,28.9,0
689175a03cfdbc8f3403df0f,2022-05-20,2022,5,20,22.3,34.4,28.35,0
689175a03cfdbc8f3403df10,2022-05-21,2022,5,21,22.6,34.7,28.650000000000002,0
689175a03cfdbc8f3403df11,2022-05-22,2022,5,22,22.4,34.4,28.4,0
689175a03cfdbc8f3403df12,2022-05-23,2022,5,23,22.9,36.8,29.849999999999998,0
689175a03cfdbc8f3403df13,2022-05-24,2022,5,24,23,36.6,29.8,0
689175a03cfdbc8f3403df14,2022-05-25,2022,5,25,23,34.1,28.55,0
689175a03cfdbc8f3403df15,2022-05-26,2022,5,26,23.4,35.2,29.3,0
689175a03cfdbc8f3403df16,2022-05-27,2022,5,27,22.8,34.2,28.5,0
689175a03cfdbc8f3403df17,2022-05-28,2022,5,28,23,33.6,28.3,0
689175a03cfdbc8f3403df18,2022-05-29,2022,5,29,23.501985294117645,31,27.250992647058823,0
689175a03cfdbc8f3403df19,2022-05-30,2022,5,30,24,31,27.5,0
689175a03cfdbc8f3403df1a,2022-05-31,2022,5,31,23.6,33.4,28.5,0
689175a03cfdbc8f3403df1b,2022-06-01,2022,6,1,23.8,31.6,27.700000000000003,0
689175a03cfdbc8f3403df1c,2022-06-02,2022,6,2,23.8,31.2,27.5,0
689175a03cfdbc8f3403df1d,2022-06-03,2022,6,3,23.4,32.6,28,0
689175a03cfdbc8f3403df1e,2022-06-04,2022,6,4,23.2,34.1,28.65,0
689175a03cfdbc8f3403df1f,2022-06-05,2022,6,5,23.1,33.4,28.25,0
689175a03cfdbc8f3403df20,2022-06-06,2022,6,6,22.6,32.8,27.7,0
689175a03cfdbc8f3403df21,2022-06-07,2022,6,7,22.4,33.2,27.8,0
689175a03cfdbc8f3403df22,2022-06-08,2022,6,8,22.6,34.6,28.6,0
689175a03cfdbc8f3403df23,2022-06-09,2022,6,9,22.8,34.4,28.6,0
689175a03cfdbc8f3403df24,2022-06-10,2022,6,10,22.6,31,26.8,0
689175a03cfdbc8f3403df25,2022-06-11,2022,6,11,22,33.4,27.7,0
689175a03cfdbc8f3403df26,2022-06-12,2022,6,12,22,33.6,27.8,0
689175a03cfdbc8f3403df27,2022-06-13,2022,6,13,21.7,33.8,27.75,0
689175a03cfdbc8f3403df28,2022-06-14,2022,6,14,21.8,34.8,28.299999999999997,0
689175a03cfdbc8f3403df29,2022-06-15,2022,6,15,23,30.4,26.7,0
689175a03cfdbc8f3403df2a,2022-06-16,2022,6,16,23.09090352220521,33.6,28.345451761102606,0
689175a03cfdbc8f3403df2b,2022-06-17,2022,6,17,23.2,33.2,28.200000000000003,0
689175a03cfdbc8f3403df2c,2022-06-18,2022,6,18,23.6,32.8,28.2,0
689175a03cfdbc8f3403df2d,2022-06-19,2022,6,19,22.6,32.6,27.6,0
689175a03cfdbc8f3403df2e,2022-06-20,2022,6,20,22.6,33,27.8,0
689175a03cfdbc8f3403df2f,2022-06-21,2022,6,21,23.2,31.2,27.2,0
689175a03cfdbc8f3403df30,2022-06-22,2022,6,22,23.2,33.6,28.4,0
689175a03cfdbc8f3403df31,2022-06-23,2022,6,23,23.02090352220521,30.8,26.910451761102607,0
689175a03cfdbc8f3403df32,2022-06-24,2022,6,24,22.8,31,26.9,0
689175a03cfdbc8f3403df33,2022-06-25,2022,6,25,22.6,34.2,28.400000000000002,0
689175a03cfdbc8f3403df34,2022-06-26,2022,6,26,22.6,32.2,27.400000000000002,0
689175a03cfdbc8f3403df35,2022-06-27,2022,6,27,23.2,33.6,28.4,0
689175a03cfdbc8f3403df36,2022-06-28,2022,6,28,23.2,33.6,28.4,0
689175a03cfdbc8f3403df37,2022-06-29,2022,6,29,23.4,33.8,28.599999999999998,0
689175a03cfdbc8f3403df38,2022-06-30,2022,6,30,23.6,34.7,29.150000000000002,0
689175a03cfdbc8f3403df39,2022-07-01,2022,7,1,23.2,34.2,28.700000000000003,0
689175a03cfdbc8f3403df3a,2022-07-02,2022,7,2,23.2,29.8,26.5,0
689175a03cfdbc8f3403df3b,2022-07-03,2022,7,3,24.2,31.2,27.7,0
689175a03cfdbc8f3403df3c,2022-07-04,2022,7,4,25.6,31.2,28.4,0
689175a03cfdbc8f3403df3d,2022-07-05,2022,7,5,24.4,33.6,29,0
689175a03cfdbc8f3403df3e,2022-07-06,2022,7,6,24.4,35.8,30.099999999999998,0
689175a03cfdbc8f3403df3f,2022-07-07,2022,7,7,22.8,35.4,29.1,0
689175a03cfdbc8f3403df40,2022-07-08,2022,7,8,22.8,34.8,28.799999999999997,0
689175a03cfdbc8f3403df41,2022-07-09,2022,7,9,24.25729857819905,34.6,29.428649289099525,0
689175a03cfdbc8f3403df42,2022-07-10,2022,7,10,26.8,32.4,29.6,0
689175a03cfdbc8f3403df43,2022-07-11,2022,7,11,26,32.8,29.4,0
689175a03cfdbc8f3403df44,2022-07-12,2022,7,12,24.4,31.4,27.9,0
689175a03cfdbc8f3403df45,2022-07-13,2022,7,13,23,33,28,0
689175a03cfdbc8f3403df46,2022-07-14,2022,7,14,23.8,33.6,28.700000000000003,0
689175a03cfdbc8f3403df47,2022-07-15,2022,7,15,23.2,35.5,29.35,0
689175a03cfdbc8f3403df48,2022-07-16,2022,7,16,23,34.7,28.85,0
689175a03cfdbc8f3403df49,2022-07-17,2022,7,17,23,35.6,29.3,0
689175a03cfdbc8f3403df4a,2022-07-18,2022,7,18,23.5,35.8,29.65,0
689175a03cfdbc8f3403df4b,2022-07-19,2022,7,19,22.61229857819905,34.4,28.506149289099525,0
689175a03cfdbc8f3403df4c,2022-07-20,2022,7,20,21.4,34.8,28.099999999999998,0
689175a03cfdbc8f3403df4d,2022-07-21,2022,7,21,21.4,33.2,27.3,0
689175a03cfdbc8f3403df4e,2022-07-22,2022,7,22,21.4,33.4,27.4,0
689175a03cfdbc8f3403df4f,2022-07-23,2022,7,23,23.4,31.8,27.6,0
689175a03cfdbc8f3403df50,2022-07-24,2022,7,24,23.6,30.9,27.25,0
689175a03cfdbc8f3403df51,2022-07-25,2022,7,25,22.8,32.6,27.700000000000003,0
689175a03cfdbc8f3403df52,2022-07-26,2022,7,26,22.8,32.1,27.450000000000003,0
689175a03cfdbc8f3403df53,2022-07-27,2022,7,27,23,31.6,27.3,0
689175a03cfdbc8f3403df54,2022-07-28,2022,7,28,23.5,32,27.75,0
689175a03cfdbc8f3403df55,2022-07-29,2022,7,29,23.45229857819905,32.5,27.976149289099524,0
689175a03cfdbc8f3403df56,2022-07-30,2022,7,30,23.8,31,27.4,0
689175a03cfdbc8f3403df57,2022-07-31,2022,7,31,23.2,33.2,28.200000000000003,0
689175a03cfdbc8f3403df58,2022-08-01,2022,8,1,23.4,32.7,28.05,0
689175a03cfdbc8f3403df59,2022-08-02,2022,8,2,23.8,30,26.9,0
689175a03cfdbc8f3403df5a,2022-08-03,2022,8,3,23.8,31.4,27.6,0
689175a03cfdbc8f3403df5b,2022-08-04,2022,8,4,23,32,27.5,0
689175a03cfdbc8f3403df5c,2022-08-05,2022,8,5,23.4,33,28.2,0
689175a03cfdbc8f3403df5d,2022-08-06,2022,8,6,23.6,30.9,27.25,0
689175a03cfdbc8f3403df5e,2022-08-07,2022,8,7,23.2,33.6,28.4,0
689175a03cfdbc8f3403df5f,2022-08-08,2022,8,8,23.139570982839317,33.2,28.16978549141966,0
689175a03cfdbc8f3403df60,2022-08-09,2022,8,9,23.3,33.8,28.549999999999997,0
689175a03cfdbc8f3403df61,2022-08-10,2022,8,10,21.4,34.6,28,0
689175a03cfdbc8f3403df62,2022-08-11,2022,8,11,21.4,34.8,28.099999999999998,0
689175a03cfdbc8f3403df63,2022-08-12,2022,8,12,21.6,33.6,27.6,0
689175a03cfdbc8f3403df64,2022-08-13,2022,8,13,21.2,34.4,27.799999999999997,0
689175a03cfdbc8f3403df65,2022-08-14,2022,8,14,21.2,34,27.6,0
689175a03cfdbc8f3403df66,2022-08-15,2022,8,15,23.6,34.8,29.2,0
689175a03cfdbc8f3403df67,2022-08-16,2022,8,16,22.9,33.3,28.099999999999998,0
689175a03cfdbc8f3403df68,2022-08-17,2022,8,17,22.999570982839312,34.4,28.699785491419654,0
689175a03cfdbc8f3403df69,2022-08-18,2022,8,18,23.2,33,28.1,0
689175a03cfdbc8f3403df6a,2022-08-19,2022,8,19,23.6,32.8,28.2,0
689175a03cfdbc8f3403df6b,2022-08-20,2022,8,20,23.2,33.3,28.25,0
689175a03cfdbc8f3403df6c,2022-08-21,2022,8,21,23.2,33.2,28.200000000000003,0
689175a03cfdbc8f3403df6d,2022-08-22,2022,8,22,23.454570982839314,30.8,27.127285491419656,0
689175a03cfdbc8f3403df6e,2022-08-23,2022,8,23,24.2,33.8,29,0
689175a03cfdbc8f3403df6f,2022-08-24,2022,8,24,24,32.4,28.2,0
689175a03cfdbc8f3403df70,2022-08-25,2022,8,25,23.4,32.8,28.099999999999998,0
689175a03cfdbc8f3403df71,2022-08-26,2022,8,26,23.3,30.8,27.05,0
689175a03cfdbc8f3403df72,2022-08-27,2022,8,27,23.2,30.6,26.9,0
689175a03cfdbc8f3403df73,2022-08-28,2022,8,28,23.2,32.8,28,0
689175a03cfdbc8f3403df74,2022-08-29,2022,8,29,23.6,32.6,28.1,0
689175a03cfdbc8f3403df75,2022-08-30,2022,8,30,22.5,31.8,27.15,0
689175a03cfdbc8f3403df76,2022-08-31,2022,8,31,23.2,32.2,27.700000000000003,0
689175a03cfdbc8f3403df77,2022-09-01,2022,9,1,23.5,31.6,27.55,0
689175a03cfdbc8f3403df78,2022-09-02,2022,9,2,22.6,31.8,27.200000000000003,0
689175a03cfdbc8f3403df79,2022-09-03,2022,9,3,22.4,32.1,27.25,0
689175a03cfdbc8f3403df7a,2022-09-04,2022,9,4,24.3,33,28.65,0
689175a03cfdbc8f3403df7b,2022-09-05,2022,9,5,23.4,33.6,28.5,0
689175a03cfdbc8f3403df7c,2022-09-06,2022,9,6,20.2,33,26.6,0
689175a03cfdbc8f3403df7d,2022-09-07,2022,9,7,23.2,29.8,26.5,0
689175a03cfdbc8f3403df7e,2022-09-08,2022,9,8,23.2,32.2,27.700000000000003,0
689175a03cfdbc8f3403df7f,2022-09-09,2022,9,9,21.5,34,27.75,0
689175a03cfdbc8f3403df80,2022-09-10,2022,9,10,21.4,34.9,28.15,0
689175a03cfdbc8f3403df81,2022-09-11,2022,9,11,21.5,35,28.25,0
689175a03cfdbc8f3403df82,2022-09-12,2022,9,12,23.2,34,28.6,0
689175a03cfdbc8f3403df83,2022-09-13,2022,9,13,21,35.2,28.1,0
689175a03cfdbc8f3403df84,2022-09-14,2022,9,14,21.1,34.2,27.650000000000002,0
689175a03cfdbc8f3403df85,2022-09-15,2022,9,15,22.4,32.6,27.5,0
689175a03cfdbc8f3403df86,2022-09-16,2022,9,16,23,34.3,28.65,0
689175a03cfdbc8f3403df87,2022-09-17,2022,9,17,23,34.8,28.9,0
689175a03cfdbc8f3403df88,2022-09-18,2022,9,18,22.8,33.1,27.950000000000003,0
689175a03cfdbc8f3403df89,2022-09-19,2022,9,19,22.36248780487805,34.6,28.481243902439026,0
689175a03cfdbc8f3403df8a,2022-09-20,2022,9,20,21.6,33.6,27.6,0
689175a03cfdbc8f3403df8b,2022-09-21,2022,9,21,23,33.6,28.3,0
689175a03cfdbc8f3403df8c,2022-09-22,2022,9,22,22.7,34.9,28.799999999999997,0
689175a03cfdbc8f3403df8d,2022-09-23,2022,9,23,23.2,32.4,27.799999999999997,0
689175a03cfdbc8f3403df8e,2022-09-24,2022,9,24,22.1,32.7,27.400000000000002,0
689175a03cfdbc8f3403df8f,2022-09-25,2022,9,25,22.1,34.2,28.150000000000002,0
689175a03cfdbc8f3403df90,2022-09-26,2022,9,26,22.4,34.4,28.4,0
689175a03cfdbc8f3403df91,2022-09-27,2022,9,27,22.8,29.6,26.200000000000003,0
689175a03cfdbc8f3403df92,2022-09-28,2022,9,28,23.2,29.8,26.5,0
689175a03cfdbc8f3403df93,2022-09-29,2022,9,29,24.2,31,27.6,0
689175a03cfdbc8f3403df94,2022-09-30,2022,9,30,23.6,30,26.8,0
689175a03cfdbc8f3403df95,2022-10-01,2022,10,1,23.1,32,27.55,0
689175a03cfdbc8f3403df96,2022-10-02,2022,10,2,23.12934375,33.4,28.264671874999998,0
689175a03cfdbc8f3403df97,2022-10-03,2022,10,3,23.4,33.4,28.4,0
689175a03cfdbc8f3403df98,2022-10-04,2022,10,4,23.2,31.4,27.299999999999997,0
689175a03cfdbc8f3403df99,2022-10-05,2022,10,5,23,31,27,0
689175a03cfdbc8f3403df9a,2022-10-06,2022,10,6,23.7,31.9,27.799999999999997,0
689175a03cfdbc8f3403df9b,2022-10-07,2022,10,7,23.8,29.4,26.6,0
689175a03cfdbc8f3403df9c,2022-10-08,2022,10,8,23.4,31.4,27.4,0
689175a03cfdbc8f3403df9d,2022-10-09,2022,10,9,22.5,31.1,26.8,0
689175a03cfdbc8f3403df9e,2022-10-10,2022,10,10,22.3,32.6,27.450000000000003,0
689175a03cfdbc8f3403df9f,2022-10-11,2022,10,11,22.8,33.6,28.200000000000003,0
689175a03cfdbc8f3403dfa0,2022-10-12,2022,10,12,22.8,31.8,27.3,0
689175a03cfdbc8f3403dfa1,2022-10-13,2022,10,13,22.3,32.2,27.25,0
689175a03cfdbc8f3403dfa2,2022-10-14,2022,10,14,22.2,32.2,27.200000000000003,0
689175a03cfdbc8f3403dfa3,2022-10-15,2022,10,15,23.1,31.8,27.450000000000003,0
689175a03cfdbc8f3403dfa4,2022-10-16,2022,10,16,23.3,27.8,25.55,0
689175a03cfdbc8f3403dfa5,2022-10-17,2022,10,17,23.2,30.6,26.9,0
689175a03cfdbc8f3403dfa6,2022-10-18,2022,10,18,23.2,29.2,26.2,0
689175a03cfdbc8f3403dfa7,2022-10-19,2022,10,19,23.6,30.8,27.200000000000003,0
689175a03cfdbc8f3403dfa8,2022-10-20,2022,10,20,23.30434375,31.8,27.552171875,0
689175a03cfdbc8f3403dfa9,2022-10-21,2022,10,21,23.4,31.2,27.299999999999997,0
689175a03cfdbc8f3403dfaa,2022-10-22,2022,10,22,24,31.6,27.8,0
689175a03cfdbc8f3403dfab,2022-10-23,2022,10,23,24,30.8,27.4,0
689175a03cfdbc8f3403dfac,2022-10-24,2022,10,24,23.2,32.3,27.75,0
689175a03cfdbc8f3403dfad,2022-10-25,2022,10,25,23.2,32,27.6,0
689175a03cfdbc8f3403dfae,2022-10-26,2022,10,26,23.4,30.6,27,0
689175a03cfdbc8f3403dfaf,2022-10-27,2022,10,27,23.4,30.2,26.799999999999997,0
689175a03cfdbc8f3403dfb0,2022-10-28,2022,10,28,23,31.089484375,27.0447421875,0
689175a03cfdbc8f3403dfb1,2022-10-29,2022,10,29,23,30.9,26.95,0
689175a03cfdbc8f3403dfb2,2022-10-30,2022,10,30,23,30.8,26.9,0
689175a03cfdbc8f3403dfb3,2022-10-31,2022,10,31,22.8,30.8,26.8,0
689175a03cfdbc8f3403dfb4,2022-11-01,2022,11,1,22.93836304700162,31.4,27.16918152350081,0
689175a03cfdbc8f3403dfb5,2022-11-02,2022,11,2,23,30.4,26.7,0
689175a03cfdbc8f3403dfb6,2022-11-03,2022,11,3,22.8,30.8,26.8,0
689175a03cfdbc8f3403dfb7,2022-11-04,2022,11,4,22.8,30.6,26.700000000000003,0
689175a03cfdbc8f3403dfb8,2022-11-05,2022,11,5,22.6,30.6,26.6,0
689175a03cfdbc8f3403dfb9,2022-11-06,2022,11,6,22.5,30.9,26.7,0
689175a03cfdbc8f3403dfba,2022-11-07,2022,11,7,22.8,31.4,27.1,0
689175a03cfdbc8f3403dfbb,2022-11-08,2022,11,8,22.6,29.8,26.200000000000003,0
689175a03cfdbc8f3403dfbc,2022-11-09,2022,11,9,22.5,31.2,26.85,0
689175a03cfdbc8f3403dfbd,2022-11-10,2022,11,10,23.2,28,25.6,0
689175a03cfdbc8f3403dfbe,2022-11-11,2022,11,11,23.8,28.6,26.200000000000003,0
689175a03cfdbc8f3403dfbf,2022-11-12,2022,11,12,23.2,27,25.1,0
689175a03cfdbc8f3403dfc0,2022-11-13,2022,11,13,23.2,28,25.6,0
689175a03cfdbc8f3403dfc1,2022-11-14,2022,11,14,23.2,29.6,26.4,0
689175a03cfdbc8f3403dfc2,2022-11-15,2022,11,15,23.4,30.8,27.1,0
689175a03cfdbc8f3403dfc3,2022-11-16,2022,11,16,23.4,29.4,26.4,0
689175a03cfdbc8f3403dfc4,2022-11-17,2022,11,17,24,32.2,28.1,0
689175a03cfdbc8f3403dfc5,2022-11-18,2022,11,18,23.8,31.6,27.700000000000003,0
689175a03cfdbc8f3403dfc6,2022-11-19,2022,11,19,23.5,33,28.25,0
689175a03cfdbc8f3403dfc7,2022-11-20,2022,11,20,24.2,32.6,28.4,0
689175a03cfdbc8f3403dfc8,2022-11-21,2022,11,21,23.5,32.8,28.15,0
689175a03cfdbc8f3403dfc9,2022-11-22,2022,11,22,23,33.2,28.1,0
689175a03cfdbc8f3403dfca,2022-11-23,2022,11,23,22.2,33.4,27.799999999999997,0
689175a03cfdbc8f3403dfcb,2022-11-24,2022,11,24,22,31,26.5,0
689175a03cfdbc8f3403dfcc,2022-11-25,2022,11,25,23.4,32.8,28.099999999999998,0
689175a03cfdbc8f3403dfcd,2022-11-26,2022,11,26,23.2,34.1,28.65,0
689175a03cfdbc8f3403dfce,2022-11-27,2022,11,27,22.3,33.4,27.85,0
689175a03cfdbc8f3403dfcf,2022-11-28,2022,11,28,21.9,33.8,27.849999999999998,0
689175a03cfdbc8f3403dfd0,2022-11-29,2022,11,29,23.8,31.6,27.700000000000003,0
689175a03cfdbc8f3403dfd1,2022-11-30,2022,11,30,22.6,32,27.3,0
689175a03cfdbc8f3403dfd2,2022-12-01,2022,12,1,23.4,30.8,27.1,0
689175a03cfdbc8f3403dfd3,2022-12-02,2022,12,2,22.8,29.8,26.3,0
689175a03cfdbc8f3403dfd4,2022-12-03,2022,12,3,22.2,29.2,25.7,0
689175a03cfdbc8f3403dfd5,2022-12-04,2022,12,4,22.2,29.4,25.799999999999997,0
689175a03cfdbc8f3403dfd6,2022-12-05,2022,12,5,23.2,31,27.1,0
689175a03cfdbc8f3403dfd7,2022-12-06,2022,12,6,23,30,26.5,0
689175a03cfdbc8f3403dfd8,2022-12-07,2022,12,7,23.1,32.6,27.85,0
689175a03cfdbc8f3403dfd9,2022-12-08,2022,12,8,23.4,30.2,26.799999999999997,0
689175a03cfdbc8f3403dfda,2022-12-09,2022,12,9,23.2,30.2,26.7,0
689175a03cfdbc8f3403dfdb,2022-12-10,2022,12,10,23.2,29.2,26.2,0
689175a03cfdbc8f3403dfdc,2022-12-11,2022,12,11,21.8,27.3,24.55,0
689175a03cfdbc8f3403dfdd,2022-12-12,2022,12,12,21.8,29,25.4,0
689175a03cfdbc8f3403dfde,2022-12-13,2022,12,13,22.706870047543585,25.6,24.15343502377179,0
689175a03cfdbc8f3403dfdf,2022-12-14,2022,12,14,23.3,28.6,25.950000000000003,0
689175a03cfdbc8f3403dfe0,2022-12-15,2022,12,15,23.2,31.4,27.299999999999997,0
689175a03cfdbc8f3403dfe1,2022-12-16,2022,12,16,23.44187004754358,32,27.72093502377179,0
689175a03cfdbc8f3403dfe2,2022-12-17,2022,12,17,24,32.1,28.05,0
689175a03cfdbc8f3403dfe3,2022-12-18,2022,12,18,23.4,27.6,25.5,0
689175a03cfdbc8f3403dfe4,2022-12-19,2022,12,19,23,30.8,26.9,0
689175a03cfdbc8f3403dfe5,2022-12-20,2022,12,20,22.7,28.4,25.549999999999997,0
689175a03cfdbc8f3403dfe6,2022-12-21,2022,12,21,23,31.6,27.3,0
689175a03cfdbc8f3403dfe7,2022-12-22,2022,12,22,23,33.2,28.1,0
689175a03cfdbc8f3403dfe8,2022-12-23,2022,12,23,23.4,32.6,28,0
689175a03cfdbc8f3403dfe9,2022-12-24,2022,12,24,23.6,32.2,27.900000000000002,0
689175a03cfdbc8f3403dfea,2022-12-25,2022,12,25,23.4,32.5,27.95,0
689175a03cfdbc8f3403dfeb,2022-12-26,2022,12,26,23.4,31,27.2,0
689175a03cfdbc8f3403dfec,2022-12-27,2022,12,27,23.4,30.2,26.799999999999997,0
689175a03cfdbc8f3403dfed,2022-12-28,2022,12,28,23.4,31,27.2,0
689175a03cfdbc8f3403dfee,2022-12-29,2022,12,29,24.2,27.9,26.049999999999997,0
689175a03cfdbc8f3403dfef,2022-12-30,2022,12,30,21.6,29.2,25.4,0
689175a03cfdbc8f3403dff0,2022-12-31,2022,12,31,20.4,31,25.7,0
689175a03cfdbc8f3403dff1,2023-01-01,2023,1,1,21.2,31.2,26.2,0
689175a03cfdbc8f3403dff2,2023-01-02,2023,1,2,22.2,31,26.6,0
689175a03cfdbc8f3403dff3,2023-01-03,2023,1,3,22.2,31.8,27,0
689175a03cfdbc8f3403dff4,2023-01-04,2023,1,4,23.2,32.8,28,0
689175a03cfdbc8f3403dff5,2023-01-05,2023,1,5,22.9,32.4,27.65,0
689175a03cfdbc8f3403dff6,2023-01-06,2023,1,6,22.4,32.3,27.349999999999998,0
689175a03cfdbc8f3403dff7,2023-01-07,2023,1,7,22,29.2,25.6,0
689175a03cfdbc8f3403dff8,2023-01-08,2023,1,8,22,31.2,26.6,0
689175a03cfdbc8f3403dff9,2023-01-09,2023,1,9,21.6,31.8,26.700000000000003,0
689175a03cfdbc8f3403dffa,2023-01-10,2023,1,10,21.4,31.5,26.45,0
689175a03cfdbc8f3403dffb,2023-01-11,2023,1,11,21.4,32,26.7,0
689175a03cfdbc8f3403dffc,2023-01-12,2023,1,12,21.4,33,27.2,0
689175a03cfdbc8f3403dffd,2023-01-13,2023,1,13,21.4,32.2,26.8,0
689175a03cfdbc8f3403dffe,2023-01-14,2023,1,14,22.6,31.5,27.05,0
689175a03cfdbc8f3403dfff,2023-01-15,2023,1,15,22.6,30.8,26.700000000000003,0
689175a03cfdbc8f3403e000,2023-01-16,2023,1,16,21.8,31,26.4,0
689175a03cfdbc8f3403e001,2023-01-17,2023,1,17,21.5,30.2,25.85,0
689175a03cfdbc8f3403e002,2023-01-18,2023,1,18,19.4,30.8,25.1,0
689175a03cfdbc8f3403e003,2023-01-19,2023,1,19,18.8,31.6,25.200000000000003,0
689175a03cfdbc8f3403e004,2023-01-20,2023,1,20,20.9,31.5,26.2,0
689175a03cfdbc8f3403e005,2023-01-21,2023,1,21,22.7,24.8,23.75,0
689175a03cfdbc8f3403e006,2023-01-22,2023,1,22,22.8,31,26.9,0
689175a03cfdbc8f3403e007,2023-01-23,2023,1,23,22.6,28,25.3,0
689175a03cfdbc8f3403e008,2023-01-24,2023,1,24,22.6,27.8,25.200000000000003,0
689175a03cfdbc8f3403e009,2023-01-25,2023,1,25,21.8,32,26.9,0
689175a03cfdbc8f3403e00a,2023-01-26,2023,1,26,21.6,29.6,25.6,0
689175a03cfdbc8f3403e00b,2023-01-27,2023,1,27,22.4,31.6,27,0
689175a03cfdbc8f3403e00c,2023-01-28,2023,1,28,22.8,31.7,27.25,0
689175a03cfdbc8f3403e00d,2023-01-29,2023,1,29,23.3,29.6,26.450000000000003,0
689175a03cfdbc8f3403e00e,2023-01-30,2023,1,30,22.8,31.2,27,0
689175a03cfdbc8f3403e00f,2023-01-31,2023,1,31,23,30.8,26.9,0
689175a03cfdbc8f3403e010,2023-02-01,2023,2,1,22,31.6,26.8,0
689175a03cfdbc8f3403e011,2023-02-02,2023,2,2,22,32.7,27.35,0
689175a03cfdbc8f3403e012,2023-02-03,2023,2,3,22,31.8,26.9,0
689175a03cfdbc8f3403e013,2023-02-04,2023,2,4,23.2,30.8,27,0
689175a03cfdbc8f3403e014,2023-02-05,2023,2,5,23,31.2,27.1,0
689175a03cfdbc8f3403e015,2023-02-06,2023,2,6,22.2,30.4,26.299999999999997,0
689175a03cfdbc8f3403e016,2023-02-07,2023,2,7,22.2,31.6,26.9,0
689175a03cfdbc8f3403e017,2023-02-08,2023,2,8,22,29.8,25.9,0
689175a03cfdbc8f3403e018,2023-02-09,2023,2,9,22.010413907284764,31.2,26.60520695364238,0
689175a03cfdbc8f3403e019,2023-02-10,2023,2,10,21.8,30.6,26.200000000000003,0
689175a03cfdbc8f3403e01a,2023-02-11,2023,2,11,22.010413907284764,31.4,26.70520695364238,0
689175a03cfdbc8f3403e01b,2023-02-12,2023,2,12,22,31.6,26.8,0
689175a03cfdbc8f3403e01c,2023-02-13,2023,2,13,23,32.4,27.7,0
689175a03cfdbc8f3403e01d,2023-02-13,2023,2,13,23,32.4,27.7,0
689175a03cfdbc8f3403e01e,2023-02-14,2023,2,14,23,31.2,27.1,0
689175a03cfdbc8f3403e01f,2023-02-15,2023,2,15,23.2,30.4,26.799999999999997,0
689175a03cfdbc8f3403e020,2023-02-16,2023,2,16,22.8,31.6,27.200000000000003,0
689175a03cfdbc8f3403e021,2023-02-17,2023,2,17,22.43041390728477,31.2,26.815206953642384,0
689175a03cfdbc8f3403e022,2023-02-18,2023,2,18,22.2,31,26.6,0
689175a03cfdbc8f3403e023,2023-02-19,2023,2,19,22,31,26.5,0
689175a03cfdbc8f3403e024,2023-02-20,2023,2,20,21.7,32.2,26.950000000000003,0
689175a03cfdbc8f3403e025,2023-02-21,2023,2,21,21.2,31.8,26.5,0
689175a03cfdbc8f3403e026,2023-02-22,2023,2,22,22.5,31.8,27.15,0
689175a03cfdbc8f3403e027,2023-02-23,2023,2,23,23,32.2,27.6,0
689175a03cfdbc8f3403e028,2023-02-24,2023,2,24,22.2,32,27.1,0
689175a03cfdbc8f3403e029,2023-02-25,2023,2,25,21,31.7,26.35,0
689175a03cfdbc8f3403e02a,2023-02-26,2023,2,26,20.6,29.6,25.1,0
689175a03cfdbc8f3403e02b,2023-02-27,2023,2,27,21.6,31.6,26.6,0
689175a03cfdbc8f3403e02c,2023-02-28,2023,2,28,22.6,31.8,27.200000000000003,0
689175a03cfdbc8f3403e02d,2023-03-01,2023,3,1,22.8,30.4,26.6,0
689175a03cfdbc8f3403e02e,2023-03-02,2023,3,2,22.6,32.6,27.6,0
689175a03cfdbc8f3403e02f,2023-03-03,2023,3,3,23.2,32.2,27.700000000000003,0
689175a03cfdbc8f3403e030,2023-03-04,2023,3,4,23.2,32,27.6,0
689175a03cfdbc8f3403e031,2023-03-04,2023,3,4,23.2,32,27.6,0
689175a03cfdbc8f3403e032,2023-03-05,2023,3,5,22,31.6,26.8,0
689175a03cfdbc8f3403e033,2023-03-06,2023,3,6,20.1,31.8,25.950000000000003,0
689175a03cfdbc8f3403e034,2023-03-06,2023,3,6,20.1,31.8,25.950000000000003,0
689175a03cfdbc8f3403e035,2023-03-07,2023,3,7,20,32.6,26.3,0
689175a03cfdbc8f3403e036,2023-03-08,2023,3,8,20.6,33,26.8,0
689175a03cfdbc8f3403e037,2023-03-09,2023,3,9,22,32.4,27.2,0
689175a03cfdbc8f3403e038,2023-03-10,2023,3,10,23.2,32.2,27.700000000000003,0
689175a03cfdbc8f3403e039,2023-03-11,2023,3,11,23,32.6,27.8,0
689175a03cfdbc8f3403e03a,2023-03-12,2023,3,12,23.2,31.6,27.4,0
689175a03cfdbc8f3403e03b,2023-03-13,2023,3,13,22.35775784753363,29.8,26.078878923766815,0
689175a03cfdbc8f3403e03c,2023-03-14,2023,3,14,21.4,32.2,26.8,0
689175a03cfdbc8f3403e03d,2023-03-15,2023,3,15,21.2,32.4,26.799999999999997,0
689175a03cfdbc8f3403e03e,2023-03-16,2023,3,16,22.4,32.8,27.599999999999998,0
689175a03cfdbc8f3403e03f,2023-03-17,2023,3,17,23.4,33.2,28.3,0
689175a03cfdbc8f3403e040,2023-03-18,2023,3,18,22.8,32,27.4,0
689175a03cfdbc8f3403e041,2023-03-19,2023,3,19,22.84775784753363,33,27.923878923766814,0
689175a03cfdbc8f3403e042,2023-03-20,2023,3,20,23.2,31.8,27.5,0
689175a03cfdbc8f3403e043,2023-03-21,2023,3,21,22.8,33,27.9,0
689175a03cfdbc8f3403e044,2023-03-22,2023,3,22,22.7,33,27.85,0
689175a03cfdbc8f3403e045,2023-03-23,2023,3,23,22.4,32.1,27.25,0
689175a03cfdbc8f3403e046,2023-03-24,2023,3,24,23.6,31,27.3,0
689175a03cfdbc8f3403e047,2023-03-25,2023,3,25,23.12775784753363,31.6,27.363878923766816,0
689175a03cfdbc8f3403e048,2023-03-26,2023,3,26,23.2,32.2,27.700000000000003,0
689175a03cfdbc8f3403e049,2023-03-27,2023,3,27,23.3,33.2,28.25,0
689175a03cfdbc8f3403e04a,2023-03-28,2023,3,28,23.4,33.2,28.3,0
689175a03cfdbc8f3403e04b,2023-03-29,2023,3,29,23.4,33,28.2,0
689175a03cfdbc8f3403e04c,2023-03-30,2023,3,30,23,32.8,27.9,0
689175a03cfdbc8f3403e04d,2023-03-31,2023,3,31,22.4,33.4,27.9,0
689175a03cfdbc8f3403e04e,2023-04-01,2023,4,1,21.6,34.2,27.900000000000002,0
689175a03cfdbc8f3403e04f,2023-04-02,2023,4,2,21.6,34,27.8,0
689175a03cfdbc8f3403e050,2023-04-03,2023,4,3,23,32.5,27.75,0
689175a03cfdbc8f3403e051,2023-04-04,2023,4,4,22.2,32.5,27.35,0
689175a03cfdbc8f3403e052,2023-04-05,2023,4,5,20.5,33.8,27.15,0
689175a03cfdbc8f3403e053,2023-04-06,2023,4,6,20.2,34.2,27.200000000000003,0
689175a03cfdbc8f3403e054,2023-04-07,2023,4,7,20.1,33.2,26.650000000000002,0
689175a03cfdbc8f3403e055,2023-04-08,2023,4,8,22,33.4,27.7,0
689175a03cfdbc8f3403e056,2023-04-09,2023,4,9,22.4,33.7,28.05,0
689175a03cfdbc8f3403e057,2023-04-10,2023,4,10,22.2,34.7,28.450000000000003,0
689175a03cfdbc8f3403e058,2023-04-11,2023,4,11,22.1,34.2,28.150000000000002,0
689175a03cfdbc8f3403e059,2023-04-12,2023,4,12,23.4,34,28.7,0
689175a03cfdbc8f3403e05a,2023-04-13,2023,4,13,23.6,35.2,29.400000000000002,0
689175a03cfdbc8f3403e05b,2023-04-14,2023,4,14,24,34.8,29.4,0
689175a03cfdbc8f3403e05c,2023-04-15,2023,4,15,23.6,35.5,29.55,0
689175a03cfdbc8f3403e05d,2023-04-16,2023,4,16,23,35.4,29.2,0
689175a03cfdbc8f3403e05e,2023-04-17,2023,4,17,22.8,35.6,29.200000000000003,0
689175a03cfdbc8f3403e05f,2023-04-18,2023,4,18,23.1,34.8,28.95,0
689175a03cfdbc8f3403e060,2023-04-19,2023,4,19,23.8,35,29.4,0
689175a03cfdbc8f3403e061,2023-04-20,2023,4,20,24,35.2,29.6,0
689175a03cfdbc8f3403e062,2023-04-21,2023,4,21,22.8,34.8,28.799999999999997,0
689175a03cfdbc8f3403e063,2023-04-22,2023,4,22,22.4,33.3,27.849999999999998,0
689175a03cfdbc8f3403e064,2023-04-23,2023,4,23,23.6,32.7,28.150000000000002,0
689175a03cfdbc8f3403e065,2023-04-24,2023,4,24,23.17687116564417,32,27.588435582822086,0
689175a03cfdbc8f3403e066,2023-04-25,2023,4,25,23,32.7,27.85,0
689175a03cfdbc8f3403e067,2023-04-26,2023,4,26,22.8,34.2,28.5,0
689175a03cfdbc8f3403e068,2023-04-27,2023,4,27,24,31.5,27.75,0
689175a03cfdbc8f3403e069,2023-04-28,2023,4,28,24,33,28.5,0
689175a03cfdbc8f3403e06a,2023-04-29,2023,4,29,24.1,32.8,28.45,0
689175a03cfdbc8f3403e06b,2023-04-30,2023,4,30,23.8,34,28.9,0
689175a03cfdbc8f3403e06c,2023-04-30,2023,4,30,23.8,34,28.9,0
689175a03cfdbc8f3403e06d,2023-05-01,2023,5,1,24.4,34.4,29.4,0
689175a03cfdbc8f3403e06e,2023-05-02,2023,5,2,24.5,33.2,28.85,0
689175a03cfdbc8f3403e06f,2023-05-03,2023,5,3,24.1,31.6,27.85,0
689175a03cfdbc8f3403e070,2023-05-03,2023,5,3,24.1,31.6,27.85,0
689175a03cfdbc8f3403e071,2023-05-04,2023,5,4,24.2,33.6,28.9,0
689175a03cfdbc8f3403e072,2023-05-05,2023,5,5,24.2,33.8,29,0
689175a03cfdbc8f3403e073,2023-05-06,2023,5,6,23.4,33.2,28.3,0
689175a03cfdbc8f3403e074,2023-05-06,2023,5,6,23.4,33.2,28.3,0
689175a03cfdbc8f3403e075,2023-05-07,2023,5,7,23.4,32.9,28.15,0
689175a03cfdbc8f3403e076,2023-05-07,2023,5,7,23.4,32.9,28.15,0
689175a03cfdbc8f3403e077,2023-05-08,2023,5,8,23.3,32,27.65,0
689175a03cfdbc8f3403e078,2023-05-08,2023,5,8,23.3,32,27.65,0
689175a03cfdbc8f3403e079,2023-05-09,2023,5,9,25,30.5,27.75,0
689175a03cfdbc8f3403e07a,2023-05-10,2023,5,10,24,34.7,29.35,0
689175a03cfdbc8f3403e07b,2023-05-10,2023,5,10,24,34.7,29.35,0
689175a03cfdbc8f3403e07c,2023-05-11,2023,5,11,23.2,34.4,28.799999999999997,0
689175a03cfdbc8f3403e07d,2023-05-11,2023,5,11,23.2,34.4,28.799999999999997,0
689175a03cfdbc8f3403e07e,2023-05-12,2023,5,12,23.57198529411765,34.8,29.185992647058825,0
689175a03cfdbc8f3403e07f,2023-05-12,2023,5,12,23.552375,34.8,29.176187499999997,0
689175a03cfdbc8f3403e080,2023-05-13,2023,5,13,24,34.8,29.4,0
689175a03cfdbc8f3403e081,2023-05-13,2023,5,13,24,34.8,29.4,0
689175a03cfdbc8f3403e082,2023-05-14,2023,5,14,23.7,35.9,29.799999999999997,0
689175a03cfdbc8f3403e083,2023-05-15,2023,5,15,23.7,34.8,29.25,0
689175a03cfdbc8f3403e084,2023-05-15,2023,5,15,23.7,34.8,29.25,0
689175a03cfdbc8f3403e085,2023-05-16,2023,5,16,23.6,34.1,28.85,0
689175a03cfdbc8f3403e086,2023-05-17,2023,5,17,23,34.4,28.7,0
689175a03cfdbc8f3403e087,2023-05-18,2023,5,18,23.57198529411765,34.2,28.885992647058828,0
689175a03cfdbc8f3403e088,2023-05-19,2023,5,19,24.2,35,29.6,0
689175a03cfdbc8f3403e089,2023-05-20,2023,5,20,23.9,34,28.95,0
689175a03cfdbc8f3403e08a,2023-05-21,2023,5,21,23.8,34.2,29,0
689175a03cfdbc8f3403e08b,2023-05-22,2023,5,22,22.6,32.9,27.75,0
689175a03cfdbc8f3403e08c,2023-05-23,2023,5,23,22.6,34,28.3,0
689175a03cfdbc8f3403e08d,2023-05-24,2023,5,24,23.2,35.4,29.299999999999997,0
689175a03cfdbc8f3403e08e,2023-05-25,2023,5,25,23.4,36,29.7,0
689175a03cfdbc8f3403e08f,2023-05-26,2023,5,26,23.9,34.2,29.05,0
689175a03cfdbc8f3403e090,2023-05-27,2023,5,27,23.4,34.9,29.15,0
689175a03cfdbc8f3403e091,2023-05-28,2023,5,28,23,35.1,29.05,0
689175a03cfdbc8f3403e092,2023-05-29,2023,5,29,23,31.6,27.3,0
689175a03cfdbc8f3403e093,2023-05-30,2023,5,30,23.6,34.4,29,0
689175a03cfdbc8f3403e094,2023-05-31,2023,5,31,23.8,34.1,28.950000000000003,0
689175a03cfdbc8f3403e095,2023-06-01,2023,6,1,23.1,34.2,28.650000000000002,0
689175a03cfdbc8f3403e096,2023-06-02,2023,6,2,23.3,35.8,29.549999999999997,0
689175a03cfdbc8f3403e097,2023-06-03,2023,6,3,23.9,29.2,26.549999999999997,0
689175a03cfdbc8f3403e098,2023-06-04,2023,6,4,22.7,34.6,28.65,0
689175a03cfdbc8f3403e099,2023-06-05,2023,6,5,22.6,33.9,28.25,0
689175a03cfdbc8f3403e09a,2023-06-06,2023,6,6,23,32.6,27.8,0
689175a03cfdbc8f3403e09b,2023-06-07,2023,6,7,24.5,34.2,29.35,0
689175a03cfdbc8f3403e09c,2023-06-08,2023,6,8,22,34.8,28.4,0
689175a03cfdbc8f3403e09d,2023-06-09,2023,6,9,22.1,34.4,28.25,0
689175a03cfdbc8f3403e09e,2023-06-10,2023,6,10,24.2,34.6,29.4,0
689175a03cfdbc8f3403e09f,2023-06-11,2023,6,11,24.8,35.4,30.1,0
689175a03cfdbc8f3403e0a0,2023-06-12,2023,6,12,23.4,35.1,29.25,0
689175a03cfdbc8f3403e0a1,2023-06-13,2023,6,13,23.2,35,29.1,0
689175a03cfdbc8f3403e0a2,2023-06-14,2023,6,14,23.1,36.7,29.900000000000002,0
689175a03cfdbc8f3403e0a3,2023-06-15,2023,6,15,23.8,35,29.4,0
689175a03cfdbc8f3403e0a4,2023-06-16,2023,6,16,23.6,34.8,29.2,0
689175a03cfdbc8f3403e0a5,2023-06-17,2023,6,17,23.8,34,28.9,0
689175a03cfdbc8f3403e0a6,2023-06-18,2023,6,18,25.8,35.7,30.75,0
689175a03cfdbc8f3403e0a7,2023-06-19,2023,6,19,23.9,35.8,29.849999999999998,0
689175a03cfdbc8f3403e0a8,2023-06-20,2023,6,20,21.8,35.9,28.85,0
689175a03cfdbc8f3403e0a9,2023-06-21,2023,6,21,21.6,35,28.3,0
689175a03cfdbc8f3403e0aa,2023-06-22,2023,6,22,22.5,35.4,28.95,0
689175a03cfdbc8f3403e0ab,2023-06-23,2023,6,23,24,34.8,29.4,0
689175a03cfdbc8f3403e0ac,2023-06-24,2023,6,24,24,34.8,29.4,0
689175a03cfdbc8f3403e0ad,2023-06-25,2023,6,25,24,36.1,30.05,0
689175a03cfdbc8f3403e0ae,2023-06-26,2023,6,26,24.4,36,30.2,0
689175a03cfdbc8f3403e0af,2023-06-27,2023,6,27,23.4,31.8,27.6,0
689175a03cfdbc8f3403e0b0,2023-06-28,2023,6,28,23.4,35.6,29.5,0
689175a03cfdbc8f3403e0b1,2023-06-29,2023,6,29,23.4,34.6,29,0
689175a03cfdbc8f3403e0b2,2023-06-30,2023,6,30,24,27,25.5,0
689175a03cfdbc8f3403e0b3,2023-07-01,2023,7,1,22.8,30.2,26.5,0
689175a03cfdbc8f3403e0b4,2023-07-02,2023,7,2,23.4,33.8,28.599999999999998,0
689175a03cfdbc8f3403e0b5,2023-07-03,2023,7,3,23,35,29,0
689175a03cfdbc8f3403e0b6,2023-07-04,2023,7,4,23,34.8,28.9,0
689175a03cfdbc8f3403e0b7,2023-07-05,2023,7,5,22.8,35.2,29,0
689175a03cfdbc8f3403e0b8,2023-07-06,2023,7,6,22.6,35.2,28.900000000000002,0
689175a03cfdbc8f3403e0b9,2023-07-07,2023,7,7,23.9,34.8,29.349999999999998,0
689175a03cfdbc8f3403e0ba,2023-07-08,2023,7,8,24.2,32.8,28.5,0
689175a03cfdbc8f3403e0bb,2023-07-09,2023,7,9,23.8,30.4,27.1,0
689175a03cfdbc8f3403e0bc,2023-07-10,2023,7,10,23.6,31.4,27.5,0
689175a03cfdbc8f3403e0bd,2023-07-11,2023,7,11,23.4,33.2,28.3,0
689175a03cfdbc8f3403e0be,2023-07-12,2023,7,12,22.8,34.4,28.6,0
689175a03cfdbc8f3403e0bf,2023-07-13,2023,7,13,22.8,33.8,28.299999999999997,0
689175a03cfdbc8f3403e0c0,2023-07-14,2023,7,14,23.3,33,28.15,0
689175a03cfdbc8f3403e0c1,2023-07-15,2023,7,15,22.2,35.1,28.65,0
689175a03cfdbc8f3403e0c2,2023-07-16,2023,7,16,22.1,34.4,28.25,0
689175a03cfdbc8f3403e0c3,2023-07-17,2023,7,17,24.8,34.4,29.6,0
689175a03cfdbc8f3403e0c4,2023-07-18,2023,7,18,26.4,34.1,30.25,0
689175a03cfdbc8f3403e0c5,2023-07-19,2023,7,19,25.5,32,28.75,0
689175a03cfdbc8f3403e0c6,2023-07-20,2023,7,20,25.2,34.4,29.799999999999997,0
689175a03cfdbc8f3403e0c7,2023-07-21,2023,7,21,26,35.7,30.85,0
689175a03cfdbc8f3403e0c8,2023-07-22,2023,7,22,24.8,34.6,29.700000000000003,0
689175a03cfdbc8f3403e0c9,2023-07-23,2023,7,23,24.8,35,29.9,0
689175a03cfdbc8f3403e0ca,2023-07-24,2023,7,24,26.2,33.9,30.049999999999997,0
689175a03cfdbc8f3403e0cb,2023-07-25,2023,7,25,26.2,34.2,30.200000000000003,0
689175a03cfdbc8f3403e0cc,2023-07-26,2023,7,26,25,34.8,29.9,0
689175a03cfdbc8f3403e0cd,2023-07-27,2023,7,27,24.2,35.9,30.049999999999997,0
689175a03cfdbc8f3403e0ce,2023-07-28,2023,7,28,23.1,35.4,29.25,0
689175a03cfdbc8f3403e0cf,2023-07-29,2023,7,29,22.4,34.6,28.5,0
689175a03cfdbc8f3403e0d0,2023-07-30,2023,7,30,22.4,30.4,26.4,0
689175a03cfdbc8f3403e0d1,2023-07-31,2023,7,31,24.6,33.4,29,0
689175a03cfdbc8f3403e0d2,2023-08-01,2023,8,1,25,31.4,28.2,0
689175a03cfdbc8f3403e0d3,2023-08-02,2023,8,2,25.6,34.8,30.2,0
689175a03cfdbc8f3403e0d4,2023-08-03,2023,8,3,25.4,35.6,30.5,0
689175a03cfdbc8f3403e0d5,2023-08-04,2023,8,4,23.8,36,29.9,0
689175a03cfdbc8f3403e0d6,2023-08-05,2023,8,5,23.6,34.6,29.1,0
689175a03cfdbc8f3403e0d7,2023-08-06,2023,8,6,23.6,35.4,29.5,0
689175a03cfdbc8f3403e0d8,2023-08-07,2023,8,7,23.4,33.4,28.4,0
689175a03cfdbc8f3403e0d9,2023-08-08,2023,8,8,23.4,32.8,28.099999999999998,0
689175a03cfdbc8f3403e0da,2023-08-09,2023,8,9,23.6,31.2,27.4,0
689175a03cfdbc8f3403e0db,2023-08-10,2023,8,10,23.5,34.4,28.95,0
689175a03cfdbc8f3403e0dc,2023-08-11,2023,8,11,23.4,33.8,28.599999999999998,0
689175a03cfdbc8f3403e0dd,2023-08-12,2023,8,12,23.6,33.8,28.7,0
689175a03cfdbc8f3403e0de,2023-08-13,2023,8,13,23.2,30.8,27,0
689175a03cfdbc8f3403e0df,2023-08-14,2023,8,14,23.4,29.4,26.4,0
689175a03cfdbc8f3403e0e0,2023-08-15,2023,8,15,23.6,32.5,28.05,0
689175a03cfdbc8f3403e0e1,2023-08-16,2023,8,16,23.4,32,27.7,0
689175a03cfdbc8f3403e0e2,2023-08-17,2023,8,17,23.2,33.8,28.5,0
689175a03cfdbc8f3403e0e3,2023-08-18,2023,8,18,23,33.6,28.3,0
689175a03cfdbc8f3403e0e4,2023-08-19,2023,8,19,22.6,33.2,27.900000000000002,0
689175a03cfdbc8f3403e0e5,2023-08-20,2023,8,20,22.4,34.4,28.4,0
689175a03cfdbc8f3403e0e6,2023-08-21,2023,8,21,22.4,34.8,28.599999999999998,0
689175a03cfdbc8f3403e0e7,2023-08-22,2023,8,22,22.4,35.2,28.8,0
689175a03cfdbc8f3403e0e8,2023-08-23,2023,8,23,23,33.6,28.3,0
689175a03cfdbc8f3403e0e9,2023-08-24,2023,8,24,23.2,33.2,28.200000000000003,0
689175a03cfdbc8f3403e0ea,2023-08-25,2023,8,25,22.6,33.4,28,0
689175a03cfdbc8f3403e0eb,2023-08-26,2023,8,26,22.6,34.6,28.6,0
689175a03cfdbc8f3403e0ec,2023-08-27,2023,8,27,23,33.6,28.3,0
689175a03cfdbc8f3403e0ed,2023-08-28,2023,8,28,22.6,35.2,28.900000000000002,0
689175a03cfdbc8f3403e0ee,2023-08-29,2023,8,29,22.6,33.8,28.2,0
689175a03cfdbc8f3403e0ef,2023-08-30,2023,8,30,23.2,35.2,29.200000000000003,0
689175a03cfdbc8f3403e0f0,2023-08-31,2023,8,31,23.2,34.4,28.799999999999997,0
689175a03cfdbc8f3403e0f1,2023-09-01,2023,9,1,23.2,31,27.1,0
689175a03cfdbc8f3403e0f2,2023-09-02,2023,9,2,23.4,33,28.2,0
689175a03cfdbc8f3403e0f3,2023-09-03,2023,9,3,23.8,32.6,28.200000000000003,0
689175a03cfdbc8f3403e0f4,2023-09-04,2023,9,4,23.6,30,26.8,0
689175a03cfdbc8f3403e0f5,2023-09-05,2023,9,5,23.8,30,26.9,0
689175a03cfdbc8f3403e0f6,2023-09-06,2023,9,6,23,32,27.5,0
689175a03cfdbc8f3403e0f7,2023-09-07,2023,9,7,23,35,29,0
689175a03cfdbc8f3403e0f8,2023-09-08,2023,9,8,22.4,34.2,28.3,0
689175a03cfdbc8f3403e0f9,2023-09-09,2023,9,9,22.4,34.8,28.599999999999998,0
689175a03cfdbc8f3403e0fa,2023-09-10,2023,9,10,23,30.4,26.7,0
689175a03cfdbc8f3403e0fb,2023-09-11,2023,9,11,23,34,28.5,0
689175a03cfdbc8f3403e0fc,2023-09-12,2023,9,12,23,35,29,0
689175a03cfdbc8f3403e0fd,2023-09-13,2023,9,13,24.2,36.8,30.5,0
689175a03cfdbc8f3403e0fe,2023-09-14,2023,9,14,24,35.2,29.6,0
689175a03cfdbc8f3403e0ff,2023-09-15,2023,9,15,22.5,33.4,27.95,0
689175a03cfdbc8f3403e100,2023-09-16,2023,9,16,23.4,33,28.2,0
689175a03cfdbc8f3403e101,2023-09-17,2023,9,17,23.4,34.2,28.8,0
689175a03cfdbc8f3403e102,2023-09-18,2023,9,18,23.8,34.2,29,0
689175a03cfdbc8f3403e103,2023-09-19,2023,9,19,25,32.4,28.7,0
689175a03cfdbc8f3403e104,2023-09-20,2023,9,20,24.6,31.4,28,0
689175a03cfdbc8f3403e105,2023-09-21,2023,9,21,23.8,31.6,27.700000000000003,0
689175a03cfdbc8f3403e106,2023-09-22,2023,9,22,23,31.4,27.2,0
689175a03cfdbc8f3403e107,2023-09-23,2023,9,23,22.8,34.3,28.549999999999997,0
689175a03cfdbc8f3403e108,2023-09-24,2023,9,24,22.6,33.4,28,0
689175a03cfdbc8f3403e109,2023-09-25,2023,9,25,22.8,31.6,27.200000000000003,0
689175a03cfdbc8f3403e10a,2023-09-26,2023,9,26,22.8,32,27.4,0
689175a03cfdbc8f3403e10b,2023-09-27,2023,9,27,22.8,29.6,26.200000000000003,0
689175a03cfdbc8f3403e10c,2023-09-28,2023,9,28,22.4,33.6,28,0
689175a03cfdbc8f3403e10d,2023-09-29,2023,9,29,22,35.2,28.6,0
689175a03cfdbc8f3403e10e,2023-09-30,2023,9,30,22,35,28.5,0
689175a03cfdbc8f3403e10f,2023-10-01,2023,10,1,22.6,34.2,28.400000000000002,0
689175a03cfdbc8f3403e110,2023-10-02,2023,10,2,23,33,28,0
689175a03cfdbc8f3403e111,2023-10-03,2023,10,3,22.6,35,28.8,0
689175a03cfdbc8f3403e112,2023-10-04,2023,10,4,23,33.2,28.1,0
689175a03cfdbc8f3403e113,2023-10-05,2023,10,5,23.8,32.2,28,0
689175a03cfdbc8f3403e114,2023-10-06,2023,10,6,23.2,34,28.6,0
689175a03cfdbc8f3403e115,2023-10-07,2023,10,7,23,32.4,27.7,0
689175a03cfdbc8f3403e116,2023-10-08,2023,10,8,23.8,31.8,27.8,0
689175a03cfdbc8f3403e117,2023-10-09,2023,10,9,24.2,32,28.1,0
689175a03cfdbc8f3403e118,2023-10-10,2023,10,10,24,31,27.5,0
689175a03cfdbc8f3403e119,2023-10-11,2023,10,11,24,30.8,27.4,0
689175a03cfdbc8f3403e11a,2023-10-12,2023,10,12,23.6,31.8,27.700000000000003,0
689175a03cfdbc8f3403e11b,2023-10-13,2023,10,13,23.4,30.4,26.9,0
689175a03cfdbc8f3403e11c,2023-10-14,2023,10,14,24,30.6,27.3,0
689175a03cfdbc8f3403e11d,2023-10-15,2023,10,15,23,29.4,26.2,0
689175a03cfdbc8f3403e11e,2023-10-16,2023,10,16,22.6,33.2,27.900000000000002,0
689175a03cfdbc8f3403e11f,2023-10-17,2023,10,17,23.2,31.2,27.2,0
689175a03cfdbc8f3403e120,2023-10-18,2023,10,18,23.6,33.2,28.400000000000002,0
689175a03cfdbc8f3403e121,2023-10-19,2023,10,19,23.3,29.4,26.35,0
689175a03cfdbc8f3403e122,2023-10-20,2023,10,20,23.6,31.6,27.6,0
689175a03cfdbc8f3403e123,2023-10-21,2023,10,21,23.2,30.2,26.7,0
689175a03cfdbc8f3403e124,2023-10-22,2023,10,22,23.2,31.2,27.2,0
689175a03cfdbc8f3403e125,2023-10-23,2023,10,23,23.2,32.2,27.700000000000003,0
689175a03cfdbc8f3403e126,2023-10-24,2023,10,24,22.8,31.2,27,0
689175a03cfdbc8f3403e127,2023-10-25,2023,10,25,23,32,27.5,0
689175a03cfdbc8f3403e128,2023-10-26,2023,10,26,23,32.8,27.9,0
689175a03cfdbc8f3403e129,2023-10-27,2023,10,27,23.2,33,28.1,0
689175a03cfdbc8f3403e12a,2023-10-28,2023,10,28,23.2,31.4,27.299999999999997,0
689175a03cfdbc8f3403e12b,2023-10-29,2023,10,29,23.2,31.2,27.2,0
689175a03cfdbc8f3403e12c,2023-10-30,2023,10,30,23,30.8,26.9,0
689175a03cfdbc8f3403e12d,2023-10-31,2023,10,31,23.7,32,27.85,0
689175a03cfdbc8f3403e12e,2023-11-01,2023,11,1,23.2,31,27.1,0
689175a03cfdbc8f3403e12f,2023-11-02,2023,11,2,23,30.6,26.8,0
689175a03cfdbc8f3403e130,2023-11-03,2023,11,3,22.8,32.2,27.5,0
689175a03cfdbc8f3403e131,2023-11-04,2023,11,4,23.9,33,28.45,0
689175a03cfdbc8f3403e132,2023-11-05,2023,11,5,23.6,31,27.3,0
689175a03cfdbc8f3403e133,2023-11-06,2023,11,6,23.6,32.4,28,0
689175a03cfdbc8f3403e134,2023-11-07,2023,11,7,24.4,32.4,28.4,0
689175a03cfdbc8f3403e135,2023-11-08,2023,11,8,24.2,31.2,27.7,0
689175a03cfdbc8f3403e136,2023-11-09,2023,11,9,23.6,31.8,27.700000000000003,0
689175a03cfdbc8f3403e137,2023-11-10,2023,11,10,23,31.5,27.25,0
689175a03cfdbc8f3403e138,2023-11-11,2023,11,11,22.7,32.2,27.450000000000003,0
689175a03cfdbc8f3403e139,2023-11-12,2023,11,12,23.2,32.6,27.9,0
689175a03cfdbc8f3403e13a,2023-11-13,2023,11,13,22.8,32,27.4,0
689175a03cfdbc8f3403e13b,2023-11-14,2023,11,14,22.4,31.6,27,0
689175a03cfdbc8f3403e13c,2023-11-15,2023,11,15,23.2,28.4,25.799999999999997,0
689175a03cfdbc8f3403e13d,2023-11-16,2023,11,16,23,32.8,27.9,0
689175a03cfdbc8f3403e13e,2023-11-17,2023,11,17,23.4,31.4,27.4,0
689175a03cfdbc8f3403e13f,2023-11-18,2023,11,18,24.4,31.2,27.799999999999997,0
689175a03cfdbc8f3403e140,2023-11-19,2023,11,19,24.4,33.4,28.9,0
689175a03cfdbc8f3403e141,2023-11-20,2023,11,20,24.4,33,28.7,0
689175a03cfdbc8f3403e142,2023-11-21,2023,11,21,24.8,30,27.4,0
689175a03cfdbc8f3403e143,2023-11-22,2023,11,22,23.8,30.4,27.1,0
689175a03cfdbc8f3403e144,2023-11-23,2023,11,23,23.4,31.6,27.5,0
689175a03cfdbc8f3403e145,2023-11-24,2023,11,24,24.2,31.4,27.799999999999997,0
689175a03cfdbc8f3403e146,2023-11-25,2023,11,25,23.8,32.4,28.1,0
689175a03cfdbc8f3403e147,2023-11-26,2023,11,26,23.6,29.5,26.55,0
689175a03cfdbc8f3403e148,2023-11-27,2023,11,27,23.7,30.2,26.95,0
689175a03cfdbc8f3403e149,2023-11-28,2023,11,28,23.5,30.6,27.05,0
689175a03cfdbc8f3403e14a,2023-11-29,2023,11,29,23.4,29.5,26.45,0
689175a03cfdbc8f3403e14b,2023-11-30,2023,11,30,24,30.8,27.4,0
689175a03cfdbc8f3403e14c,2023-12-01,2023,12,1,23.2,31.5,27.35,0
689175a03cfdbc8f3403e14d,2023-12-02,2023,12,2,24,30.2,27.1,0
689175a03cfdbc8f3403e14e,2023-12-03,2023,12,3,23.5,29.2,26.35,0
689175a03cfdbc8f3403e14f,2023-12-04,2023,12,4,24,32.4,28.2,0
689175a03cfdbc8f3403e150,2023-12-05,2023,12,5,23.4,28.8,26.1,0
689175a03cfdbc8f3403e151,2023-12-06,2023,12,6,24.2,30.8,27.5,0
689175a03cfdbc8f3403e152,2023-12-07,2023,12,7,23.4,31.4,27.4,0
689175a03cfdbc8f3403e153,2023-12-08,2023,12,8,23,32.2,27.6,0
689175a03cfdbc8f3403e154,2023-12-09,2023,12,9,22.8,33.6,28.200000000000003,0
689175a03cfdbc8f3403e155,2023-12-10,2023,12,10,24.4,31.8,28.1,0
689175a03cfdbc8f3403e156,2023-12-11,2023,12,11,24.4,31.2,27.799999999999997,0
689175a03cfdbc8f3403e157,2023-12-12,2023,12,12,23.8,30,26.9,0
689175a03cfdbc8f3403e158,2023-12-13,2023,12,13,23.4,31.8,27.6,0
689175a03cfdbc8f3403e159,2023-12-14,2023,12,14,23.8,32.4,28.1,0
689175a03cfdbc8f3403e15a,2023-12-15,2023,12,15,23.6,31.4,27.5,0
689175a03cfdbc8f3403e15b,2023-12-16,2023,12,16,24.2,29.8,27,0
689175a03cfdbc8f3403e15c,2023-12-17,2023,12,17,24,31.2,27.6,0
689175a03cfdbc8f3403e15d,2023-12-18,2023,12,18,23.2,32.6,27.9,0
689175a03cfdbc8f3403e15e,2023-12-19,2023,12,19,24,32.6,28.3,0
689175a03cfdbc8f3403e15f,2023-12-20,2023,12,20,23.6,32.1,27.85,0
689175a03cfdbc8f3403e160,2023-12-21,2023,12,21,23.6,33,28.3,0
689175a03cfdbc8f3403e161,2023-12-22,2023,12,22,23.6,32.6,28.1,0
689175a03cfdbc8f3403e162,2023-12-23,2023,12,23,24,32.2,28.1,0
689175a03cfdbc8f3403e163,2023-12-24,2023,12,24,24,28.8,26.4,0
689175a03cfdbc8f3403e164,2023-12-25,2023,12,25,24.6,28.8,26.700000000000003,0
689175a03cfdbc8f3403e165,2023-12-26,2023,12,26,24,31.6,27.8,0
689175a03cfdbc8f3403e166,2023-12-27,2023,12,27,24.2,30.2,27.2,0
689175a03cfdbc8f3403e167,2023-12-28,2023,12,28,25.2,32,28.6,0
689175a03cfdbc8f3403e168,2023-12-29,2023,12,29,25,30.4,27.7,0
689175a03cfdbc8f3403e169,2023-12-30,2023,12,30,25,30,27.5,0
689175a03cfdbc8f3403e16a,2023-12-31,2023,12,31,24.6,32.4,28.5,0
689175a03cfdbc8f3403e16b,2024-01-01,2024,1,1,24.2,33,28.6,0
689175a03cfdbc8f3403e16c,2024-01-02,2024,1,2,24,33.6,28.8,0
689175a03cfdbc8f3403e16d,2024-01-03,2024,1,3,23.7,31.6,27.65,0
689175a03cfdbc8f3403e16e,2024-01-04,2024,1,4,24,33.4,28.7,0
689175a03cfdbc8f3403e16f,2024-01-05,2024,1,5,23.6,33.8,28.7,0
689175a03cfdbc8f3403e170,2024-01-06,2024,1,6,23.4,31.8,27.6,0
689175a03cfdbc8f3403e171,2024-01-07,2024,1,7,23.2,32.2,27.700000000000003,0
689175a03cfdbc8f3403e172,2024-01-08,2024,1,8,23.8,32.2,28,0
689175a03cfdbc8f3403e173,2024-01-09,2024,1,9,23.6,30.8,27.200000000000003,0
689175a03cfdbc8f3403e174,2024-01-10,2024,1,10,23.8,33,28.4,0
689175a03cfdbc8f3403e175,2024-01-11,2024,1,11,23,33,28,0
689175a03cfdbc8f3403e176,2024-01-12,2024,1,12,22.8,32.8,27.799999999999997,0
689175a03cfdbc8f3403e177,2024-01-13,2024,1,13,22.8,33.8,28.299999999999997,0
689175a03cfdbc8f3403e178,2024-01-14,2024,1,14,22.2,33,27.6,0
689175a03cfdbc8f3403e179,2024-01-15,2024,1,15,22.6,33.2,27.900000000000002,0
689175a03cfdbc8f3403e17a,2024-01-16,2024,1,16,22.6,33.2,27.900000000000002,0
689175a03cfdbc8f3403e17b,2024-01-17,2024,1,17,24.4,28.8,26.6,0
689175a03cfdbc8f3403e17c,2024-01-18,2024,1,18,23.4,32.6,28,0
689175a03cfdbc8f3403e17d,2024-01-19,2024,1,19,23.4,31,27.2,0
689175a03cfdbc8f3403e17e,2024-01-20,2024,1,20,22.4,33.6,28,0
689175a03cfdbc8f3403e17f,2024-01-21,2024,1,21,22.2,33.2,27.700000000000003,0
689175a03cfdbc8f3403e180,2024-01-22,2024,1,22,23.2,32.6,27.9,0
689175a03cfdbc8f3403e181,2024-01-23,2024,1,23,22.6,32.6,27.6,0
689175a03cfdbc8f3403e182,2024-01-24,2024,1,24,22,32.4,27.2,0
689175a03cfdbc8f3403e183,2024-01-25,2024,1,25,22.8,34.2,28.5,0
689175a03cfdbc8f3403e184,2024-01-26,2024,1,26,23.6,32.2,27.900000000000002,0
689175a03cfdbc8f3403e185,2024-01-27,2024,1,27,23.2,32.4,27.799999999999997,0
689175a03cfdbc8f3403e186,2024-01-28,2024,1,28,23.6,32,27.8,0
689175a03cfdbc8f3403e187,2024-01-29,2024,1,29,23.2,30.4,26.799999999999997,0
689175a03cfdbc8f3403e188,2024-01-30,2024,1,30,24.2,33.2,28.700000000000003,0
689175a03cfdbc8f3403e189,2024-01-31,2024,1,31,23.8,32.8,28.299999999999997,0
689175a03cfdbc8f3403e18a,2024-02-01,2024,2,1,24,33,28.5,0
689175a03cfdbc8f3403e18b,2024-02-02,2024,2,2,23.8,33.4,28.6,0
689175a03cfdbc8f3403e18c,2024-02-03,2024,2,3,23.6,32.4,28,0
689175a03cfdbc8f3403e18d,2024-02-04,2024,2,4,23,32.8,27.9,0
689175a03cfdbc8f3403e18e,2024-02-05,2024,2,5,22.8,33.6,28.200000000000003,0
689175a03cfdbc8f3403e18f,2024-02-06,2024,2,6,23,33,28,0
689175a03cfdbc8f3403e190,2024-02-07,2024,2,7,22,33.4,27.7,0
689175a03cfdbc8f3403e191,2024-02-08,2024,2,8,21.6,32.6,27.1,0
689175a03cfdbc8f3403e192,2024-02-09,2024,2,9,22,33.8,27.9,0
689175a03cfdbc8f3403e193,2024-02-10,2024,2,10,23.2,33.8,28.5,0
689175a03cfdbc8f3403e194,2024-02-11,2024,2,11,23.2,33.2,28.200000000000003,0
689175a03cfdbc8f3403e195,2024-02-12,2024,2,12,22.8,32.2,27.5,0
689175a03cfdbc8f3403e196,2024-02-13,2024,2,13,22.4,32.4,27.4,0
689175a03cfdbc8f3403e197,2024-02-14,2024,2,14,22.2,32.2,27.200000000000003,0
689175a03cfdbc8f3403e198,2024-02-15,2024,2,15,24.8,32.6,28.700000000000003,0
689175a03cfdbc8f3403e199,2024-02-16,2024,2,16,24,32.2,28.1,0
689175a03cfdbc8f3403e19a,2024-02-17,2024,2,17,23.6,32.6,28.1,0
689175a03cfdbc8f3403e19b,2024-02-18,2024,2,18,23,34,28.5,0
689175a03cfdbc8f3403e19c,2024-02-19,2024,2,19,22.6,34.5,28.55,0
689175a03cfdbc8f3403e19d,2024-02-20,2024,2,20,23.6,31.6,27.6,0
689175a03cfdbc8f3403e19e,2024-02-21,2024,2,21,23.4,33.6,28.5,0
689175a03cfdbc8f3403e19f,2024-02-22,2024,2,22,23.1,34,28.55,0
689175a03cfdbc8f3403e1a0,2024-02-23,2024,2,23,23.6,32.4,28,0
689175a03cfdbc8f3403e1a1,2024-02-24,2024,2,24,23.2,34.4,28.799999999999997,0
689175a03cfdbc8f3403e1a2,2024-02-25,2024,2,25,23.6,32.4,28,0
689175a03cfdbc8f3403e1a3,2024-02-26,2024,2,26,23.8,34.4,29.1,0
689175a03cfdbc8f3403e1a4,2024-02-27,2024,2,27,23.2,33.4,28.299999999999997,0
689175a03cfdbc8f3403e1a5,2024-02-28,2024,2,28,23.2,34.4,28.799999999999997,0
689175a03cfdbc8f3403e1a6,2024-02-29,2024,2,29,23.6,33.2,28.400000000000002,0
689175a03cfdbc8f3403e1a7,2024-03-01,2024,3,1,22.8,34.2,28.5,0
689175a03cfdbc8f3403e1a8,2024-03-02,2024,3,2,22.2,34,28.1,0
689175a03cfdbc8f3403e1a9,2024-03-03,2024,3,3,22.4,34.6,28.5,0
689175a03cfdbc8f3403e1aa,2024-03-04,2024,3,4,23.8,33.8,28.799999999999997,0
689175a03cfdbc8f3403e1ab,2024-03-05,2024,3,5,24.8,30.4,27.6,0
689175a03cfdbc8f3403e1ac,2024-03-06,2024,3,6,23.6,33,28.3,0
689175a03cfdbc8f3403e1ad,2024-03-07,2024,3,7,23.2,33.2,28.200000000000003,0
689175a03cfdbc8f3403e1ae,2024-03-08,2024,3,8,23.6,32.6,28.1,0
689175a03cfdbc8f3403e1af,2024-03-09,2024,3,9,24.2,33.2,28.700000000000003,0
689175a03cfdbc8f3403e1b0,2024-03-10,2024,3,10,24,34.2,29.1,0
689175a03cfdbc8f3403e1b1,2024-03-11,2024,3,11,23.6,34.2,28.900000000000002,0
689175a03cfdbc8f3403e1b2,2024-03-12,2024,3,12,22.8,35.1,28.950000000000003,0
689175a03cfdbc8f3403e1b3,2024-03-13,2024,3,13,22.3,34.2,28.25,0
689175a03cfdbc8f3403e1b4,2024-03-14,2024,3,14,21.8,34.2,28,0
689175a03cfdbc8f3403e1b5,2024-03-15,2024,3,15,22,34.6,28.3,0
689175a03cfdbc8f3403e1b6,2024-03-16,2024,3,16,22.8,32.4,27.6,0
689175a03cfdbc8f3403e1b7,2024-03-17,2024,3,17,22.8,34.6,28.700000000000003,0
689175a03cfdbc8f3403e1b8,2024-03-18,2024,3,18,22.6,33.6,28.1,0
689175a03cfdbc8f3403e1b9,2024-03-19,2024,3,19,23.2,34.8,29,0
689175a03cfdbc8f3403e1ba,2024-03-20,2024,3,20,23.8,32.3,28.049999999999997,0
689175a03cfdbc8f3403e1bb,2024-03-21,2024,3,21,24.4,33.4,28.9,0
689175a03cfdbc8f3403e1bc,2024-03-22,2024,3,22,24,33.6,28.8,0
689175a03cfdbc8f3403e1bd,2024-03-23,2024,3,23,23.4,34.6,29,0
689175a03cfdbc8f3403e1be,2024-03-24,2024,3,24,24.2,34.2,29.200000000000003,0
689175a03cfdbc8f3403e1bf,2024-03-25,2024,3,25,24.8,34.6,29.700000000000003,0
689175a03cfdbc8f3403e1c0,2024-03-26,2024,3,26,24.8,34.8,29.799999999999997,0
689175a03cfdbc8f3403e1c1,2024-03-27,2024,3,27,24.6,32.6,28.6,0
689175a03cfdbc8f3403e1c2,2024-03-28,2024,3,28,23.8,34,28.9,0
689175a03cfdbc8f3403e1c3,2024-03-29,2024,3,29,23.6,34.4,29,0
689175a03cfdbc8f3403e1c4,2024-03-30,2024,3,30,23.8,32.2,28,0
689175a03cfdbc8f3403e1c5,2024-03-31,2024,3,31,24.2,33,28.6,0
689175a03cfdbc8f3403e1c6,2024-04-01,2024,4,1,23.6,32.3,27.95,0
689175a03cfdbc8f3403e1c7,2024-04-02,2024,4,2,24,33.7,28.85,0
689175a03cfdbc8f3403e1c8,2024-04-03,2024,4,3,23.806871165644168,34.2,29.003435582822085,0
689175a03cfdbc8f3403e1c9,2024-04-04,2024,4,4,24.4,34,29.2,0
689175a03cfdbc8f3403e1ca,2024-04-05,2024,4,5,24,33.8,28.9,0
689175a03cfdbc8f3403e1cb,2024-04-06,2024,4,6,23.6,34.4,29,0
689175a03cfdbc8f3403e1cc,2024-04-07,2024,4,7,23.6,34.4,29,0
689175a03cfdbc8f3403e1cd,2024-04-08,2024,4,8,24,34.2,29.1,0
689175a03cfdbc8f3403e1ce,2024-04-09,2024,4,9,24.6,32.2,28.400000000000002,0
689175a03cfdbc8f3403e1cf,2024-04-10,2024,4,10,24.3,33,28.65,0
689175a03cfdbc8f3403e1d0,2024-04-11,2024,4,11,24.8,34.2,29.5,0
689175a03cfdbc8f3403e1d1,2024-04-12,2024,4,12,24.8,32,28.4,0
689175a03cfdbc8f3403e1d2,2024-04-13,2024,4,13,23.4,34.4,28.9,0
689175a03cfdbc8f3403e1d3,2024-04-14,2024,4,14,23.2,34.3,28.75,0
689175a03cfdbc8f3403e1d4,2024-04-15,2024,4,15,24.1,34.4,29.25,0
689175a03cfdbc8f3403e1d5,2024-04-16,2024,4,16,25.2,33,29.1,0
689175a03cfdbc8f3403e1d6,2024-04-17,2024,4,17,25.8,33,29.4,0
689175a03cfdbc8f3403e1d7,2024-04-18,2024,4,18,24.6,33.8,29.2,0
689175a03cfdbc8f3403e1d8,2024-04-19,2024,4,19,24.5,33.4,28.95,0
689175a03cfdbc8f3403e1d9,2024-04-20,2024,4,20,24.4,33.6,29,0
689175a03cfdbc8f3403e1da,2024-04-21,2024,4,21,24,32.9,28.45,0
689175a03cfdbc8f3403e1db,2024-04-22,2024,4,22,23.8,34,28.9,0
689175a03cfdbc8f3403e1dc,2024-04-23,2024,4,23,23.8,33.8,28.799999999999997,0
689175a03cfdbc8f3403e1dd,2024-04-24,2024,4,24,23.84187116564417,33.6,28.720935582822086,0
689175a03cfdbc8f3403e1de,2024-04-25,2024,4,25,24.7,34,29.35,0
689175a03cfdbc8f3403e1df,2024-04-26,2024,4,26,24.4,32.6,28.5,0
689175a03cfdbc8f3403e1e0,2024-04-27,2024,4,27,24.3,33.8,29.049999999999997,0
689175a03cfdbc8f3403e1e1,2024-04-28,2024,4,28,24.8,34.6,29.700000000000003,0
689175a03cfdbc8f3403e1e2,2024-04-29,2024,4,29,24.9,33.9,29.4,0
689175a03cfdbc8f3403e1e3,2024-04-30,2024,4,30,25.6,33.4,29.5,0
689175a03cfdbc8f3403e1e4,2024-05-01,2024,5,1,24.8,34.4,29.6,0
689175a03cfdbc8f3403e1e5,2024-05-02,2024,5,2,24.6,33.8,29.2,0
689175a03cfdbc8f3403e1e6,2024-05-03,2024,5,3,24.8,33.2,29,0
689175a03cfdbc8f3403e1e7,2024-05-04,2024,5,4,24.4,33.4,28.9,0
689175a03cfdbc8f3403e1e8,2024-05-05,2024,5,5,24.2,33.8,29,0
689175a03cfdbc8f3403e1e9,2024-05-06,2024,5,6,24.8,33.8,29.299999999999997,0
689175a03cfdbc8f3403e1ea,2024-05-07,2024,5,7,25.4,33.8,29.599999999999998,0
689175a03cfdbc8f3403e1eb,2024-05-08,2024,5,8,25.4,32.4,28.9,0
689175a03cfdbc8f3403e1ec,2024-05-09,2024,5,9,24.8,34.4,29.6,0
689175a03cfdbc8f3403e1ed,2024-05-10,2024,5,10,24.8,33.4,29.1,0
689175a03cfdbc8f3403e1ee,2024-05-11,2024,5,11,24.4,32,28.2,0
689175a03cfdbc8f3403e1ef,2024-05-12,2024,5,12,24.4,33,28.7,0
689175a03cfdbc8f3403e1f0,2024-05-13,2024,5,13,24.2,32.1,28.15,0
689175a03cfdbc8f3403e1f1,2024-05-14,2024,5,14,24.8,33,28.9,0
689175a03cfdbc8f3403e1f2,2024-05-15,2024,5,15,25,31.6,28.3,0
689175a03cfdbc8f3403e1f3,2024-05-16,2024,5,16,24.4,32.6,28.5,0
689175a03cfdbc8f3403e1f4,2024-05-17,2024,5,17,24,33.6,28.8,0
689175a03cfdbc8f3403e1f5,2024-05-18,2024,5,18,24,33,28.5,0
689175a03cfdbc8f3403e1f6,2024-05-19,2024,5,19,24.8,34,29.4,0
689175a03cfdbc8f3403e1f7,2024-05-20,2024,5,20,25.2,31.6,28.4,0
689175a03cfdbc8f3403e1f8,2024-05-21,2024,5,21,25,32.2,28.6,0
689175a03cfdbc8f3403e1f9,2024-05-22,2024,5,22,25.8,34,29.9,0
689175a03cfdbc8f3403e1fa,2024-05-23,2024,5,23,25.2,34.5,29.85,0
689175a03cfdbc8f3403e1fb,2024-05-24,2024,5,24,24.8,34.4,29.6,0
689175a03cfdbc8f3403e1fc,2024-05-25,2024,5,25,24.8,34.4,29.6,0
689175a03cfdbc8f3403e1fd,2024-05-26,2024,5,26,24.2,34.4,29.299999999999997,0
689175a03cfdbc8f3403e1fe,2024-05-27,2024,5,27,24.2,35.2,29.700000000000003,0
689175a03cfdbc8f3403e1ff,2024-05-28,2024,5,28,25.2,35.2,30.200000000000003,0
689175a03cfdbc8f3403e200,2024-05-29,2024,5,29,24.2,35.8,30,0
689175a03cfdbc8f3403e201,2024-05-30,2024,5,30,24,34,29,0
689175a03cfdbc8f3403e202,2024-05-31,2024,5,31,24.8,32.4,28.6,0
689175a03cfdbc8f3403e203,2024-06-01,2024,6,1,24.8,34.4,29.6,0
689175a03cfdbc8f3403e204,2024-06-02,2024,6,2,25.6,34.2,29.900000000000002,0
689175a03cfdbc8f3403e205,2024-06-03,2024,6,3,24.8,35,29.9,0
689175a03cfdbc8f3403e206,2024-06-04,2024,6,4,24,35.2,29.6,0
689175a03cfdbc8f3403e207,2024-06-05,2024,6,5,24,34.2,29.1,0
689175a03cfdbc8f3403e208,2024-06-06,2024,6,6,25.2,34.6,29.9,0
689175a03cfdbc8f3403e209,2024-06-07,2024,6,7,23.8,34,28.9,0
689175a03cfdbc8f3403e20a,2024-06-08,2024,6,8,23.4,34.6,29,0
689175a03cfdbc8f3403e20b,2024-06-09,2024,6,9,22.8,34.8,28.799999999999997,0
689175a03cfdbc8f3403e20c,2024-06-10,2024,6,10,22.4,35.2,28.8,0
689175a03cfdbc8f3403e20d,2024-06-11,2024,6,11,22.9,34.6,28.75,0
689175a03cfdbc8f3403e20e,2024-06-12,2024,6,12,23.2,35.6,29.4,0
689175a03cfdbc8f3403e20f,2024-06-13,2024,6,13,23.4,34.6,29,0
689175a03cfdbc8f3403e210,2024-06-14,2024,6,14,23.4,35.6,29.5,0
689175a03cfdbc8f3403e211,2024-06-15,2024,6,15,23.3,35.7,29.5,0
689175a03cfdbc8f3403e212,2024-06-16,2024,6,16,23.8,33.2,28.5,0
689175a03cfdbc8f3403e213,2024-06-17,2024,6,17,24.6,32.4,28.5,0
689175a03cfdbc8f3403e214,2024-06-18,2024,6,18,24,35.4,29.7,0
689175a03cfdbc8f3403e215,2024-06-19,2024,6,19,24,34.4,29.2,0
689175a03cfdbc8f3403e216,2024-06-20,2024,6,20,23.6,34.1,28.85,0
689175a03cfdbc8f3403e217,2024-06-21,2024,6,21,23.5,32.8,28.15,0
689175a03cfdbc8f3403e218,2024-06-22,2024,6,22,23.4,34,28.7,0
689175a03cfdbc8f3403e219,2024-06-23,2024,6,23,23.4,34.2,28.8,0
689175a03cfdbc8f3403e21a,2024-06-24,2024,6,24,24.5,33.8,29.15,0
689175a03cfdbc8f3403e21b,2024-06-25,2024,6,25,23.6,34.6,29.1,0
689175a03cfdbc8f3403e21c,2024-06-26,2024,6,26,22.6,36.2,29.400000000000002,0
689175a03cfdbc8f3403e21d,2024-06-27,2024,6,27,22.4,35,28.7,0
689175a03cfdbc8f3403e21e,2024-06-28,2024,6,28,23.9,35.8,29.849999999999998,0
689175a03cfdbc8f3403e21f,2024-06-29,2024,6,29,23.6,35.6,29.6,0
689175a03cfdbc8f3403e220,2024-06-30,2024,6,30,24.4,33.4,28.9,0
689175a03cfdbc8f3403e221,2024-07-01,2024,7,1,23.6,35,29.3,0
689175a03cfdbc8f3403e222,2024-07-02,2024,7,2,23,35,29,0
689175a03cfdbc8f3403e223,2024-07-03,2024,7,3,21.6,36.2,28.900000000000002,0
689175a03cfdbc8f3403e224,2024-07-04,2024,7,4,20.2,33.8,27,0
689175a03cfdbc8f3403e225,2024-07-05,2024,7,5,23.2,32.2,27.700000000000003,0
689175a03cfdbc8f3403e226,2024-07-06,2024,7,6,22.6,35,28.8,0
689175a03cfdbc8f3403e227,2024-07-07,2024,7,7,22.4,31.8,27.1,0
689175a03cfdbc8f3403e228,2024-07-08,2024,7,8,22.43729857819905,35.2,28.818649289099525,0
689175a03cfdbc8f3403e229,2024-07-09,2024,7,9,22,34,28,0
689175a03cfdbc8f3403e22a,2024-07-10,2024,7,10,24.2,31.3,27.75,0
689175a03cfdbc8f3403e22b,2024-07-11,2024,7,11,22.8,34.2,28.5,0
689175a03cfdbc8f3403e22c,2024-07-12,2024,7,12,22.6,35.8,29.2,0
689175a03cfdbc8f3403e22d,2024-07-13,2024,7,13,23,34,28.5,0
689175a03cfdbc8f3403e22e,2024-07-14,2024,7,14,23.9,31.6,27.75,0
689175a03cfdbc8f3403e22f,2024-07-15,2024,7,15,21.8,34.4,28.1,0
689175a03cfdbc8f3403e230,2024-07-16,2024,7,16,21.7,35.2,28.450000000000003,0
689175a03cfdbc8f3403e231,2024-07-17,2024,7,17,24,35.4,29.7,0
689175a03cfdbc8f3403e232,2024-07-18,2024,7,18,24,35.6,29.8,0
689175a03cfdbc8f3403e233,2024-07-19,2024,7,19,24.8,37.2,31,0
689175a03cfdbc8f3403e234,2024-07-20,2024,7,20,24.4,37.4,30.9,0
689175a03cfdbc8f3403e235,2024-07-21,2024,7,21,24.2,36.6,30.4,0
689175a03cfdbc8f3403e236,2024-07-22,2024,7,22,23.6,36,29.8,0
689175a03cfdbc8f3403e237,2024-07-23,2024,7,23,23.6,36.2,29.900000000000002,0
689175a03cfdbc8f3403e238,2024-07-24,2024,7,24,23.2,35.6,29.4,0
689175a03cfdbc8f3403e239,2024-07-25,2024,7,25,23,36.4,29.7,0
689175a03cfdbc8f3403e23a,2024-07-26,2024,7,26,25,36.2,30.6,0
689175a03cfdbc8f3403e23b,2024-07-27,2024,7,27,23.9,36,29.95,0
689175a03cfdbc8f3403e23c,2024-07-28,2024,7,28,23.8,35,29.4,0
689175a03cfdbc8f3403e23d,2024-07-29,2024,7,29,25.2,32.6,28.9,0
689175a03cfdbc8f3403e23e,2024-07-30,2024,7,30,24,34,29,0
689175a03cfdbc8f3403e23f,2024-07-31,2024,7,31,23.8,37.6,30.700000000000003,0
689175a03cfdbc8f3403e240,2024-08-01,2024,8,1,24,36.6,30.3,0
689175a03cfdbc8f3403e241,2024-08-02,2024,8,2,23.2,34.4,28.799999999999997,0
689175a03cfdbc8f3403e242,2024-08-03,2024,8,3,23.2,35.2,29.200000000000003,0
689175a03cfdbc8f3403e243,2024-08-04,2024,8,4,23.4,32.4,27.9,0
689175a03cfdbc8f3403e244,2024-08-05,2024,8,5,23.6,34,28.8,0
689175a03cfdbc8f3403e245,2024-08-06,2024,8,6,23,33.6,28.3,0
689175a03cfdbc8f3403e246,2024-08-07,2024,8,7,23,34.2,28.6,0
689175a03cfdbc8f3403e247,2024-08-08,2024,8,8,23.2,34.2,28.700000000000003,0
689175a03cfdbc8f3403e248,2024-08-09,2024,8,9,24.6,32.6,28.6,0
689175a03cfdbc8f3403e249,2024-08-10,2024,8,10,23.4,31.2,27.299999999999997,0
689175a03cfdbc8f3403e24a,2024-08-11,2024,8,11,23.6,32.4,28,0
689175a03cfdbc8f3403e24b,2024-08-12,2024,8,12,24,33.6,28.8,0
689175a03cfdbc8f3403e24c,2024-08-13,2024,8,13,24.2,32.4,28.299999999999997,0
689175a03cfdbc8f3403e24d,2024-08-14,2024,8,14,24,32,28,0
689175a03cfdbc8f3403e24e,2024-08-15,2024,8,15,23.8,33.8,28.799999999999997,0
689175a03cfdbc8f3403e24f,2024-08-16,2024,8,16,24.2,32.8,28.5,0
689175a03cfdbc8f3403e250,2024-08-17,2024,8,17,23.8,32,27.9,0
689175a03cfdbc8f3403e251,2024-08-18,2024,8,18,23.9,30.4,27.15,0
689175a03cfdbc8f3403e252,2024-08-19,2024,8,19,23.8,28.8,26.3,0
689175a03cfdbc8f3403e253,2024-08-20,2024,8,20,23,32.4,27.7,0
689175a03cfdbc8f3403e254,2024-08-21,2024,8,21,22.8,34.6,28.700000000000003,0
689175a03cfdbc8f3403e255,2024-08-22,2024,8,22,23.4,33.4,28.4,0
689175a03cfdbc8f3403e256,2024-08-23,2024,8,23,23.4,31.2,27.299999999999997,0
689175a03cfdbc8f3403e257,2024-08-24,2024,8,24,23.2,30.4,26.799999999999997,0
689175a03cfdbc8f3403e258,2024-08-25,2024,8,25,23.1,32.6,27.85,0
689175a03cfdbc8f3403e259,2024-08-26,2024,8,26,23.2,33.4,28.299999999999997,0
689175a03cfdbc8f3403e25a,2024-08-27,2024,8,27,22.2,30.7,26.45,0
689175a03cfdbc8f3403e25b,2024-08-28,2024,8,28,22.2,32.6,27.4,0
689175a03cfdbc8f3403e25c,2024-08-29,2024,8,29,22.4,33.8,28.099999999999998,0
689175a03cfdbc8f3403e25d,2024-08-30,2024,8,30,22.6,34.2,28.400000000000002,0
689175a03cfdbc8f3403e25e,2024-08-31,2024,8,31,24.1,33.8,28.95,0
689175a03cfdbc8f3403e25f,2024-09-01,2024,9,1,23.6,33.9,28.75,0
689175a03cfdbc8f3403e260,2024-09-02,2024,9,2,23.5,35.2,29.35,0
689175a03cfdbc8f3403e261,2024-09-03,2024,9,3,24,33,28.5,0
689175a03cfdbc8f3403e262,2024-09-04,2024,9,4,24.8,34.8,29.799999999999997,0
689175a03cfdbc8f3403e263,2024-09-05,2024,9,5,23.4,34.8,29.099999999999998,0
689175a03cfdbc8f3403e264,2024-09-06,2024,9,6,23.6,33.2,28.400000000000002,0
689175a03cfdbc8f3403e265,2024-09-07,2024,9,7,23.7,32.2,27.950000000000003,0
689175a03cfdbc8f3403e266,2024-09-08,2024,9,8,23.7,33.2,28.450000000000003,0
689175a03cfdbc8f3403e267,2024-09-09,2024,9,9,23.9,33,28.45,0
689175a03cfdbc8f3403e268,2024-09-10,2024,9,10,23.6,35,29.3,0
689175a03cfdbc8f3403e269,2024-09-11,2024,9,11,23.5,34.2,28.85,0
689175a03cfdbc8f3403e26a,2024-09-12,2024,9,12,22.5,34.8,28.65,0
689175a03cfdbc8f3403e26b,2024-09-13,2024,9,13,22.4,33.2,27.8,0
689175a03cfdbc8f3403e26c,2024-09-14,2024,9,14,23.5,34.4,28.95,0
689175a03cfdbc8f3403e26d,2024-09-15,2024,9,15,23.4,33,28.2,0
689175a03cfdbc8f3403e26e,2024-09-16,2024,9,16,24,31.2,27.6,0
689175a03cfdbc8f3403e26f,2024-09-17,2024,9,17,23.3,29,26.15,0
689175a03cfdbc8f3403e270,2024-09-18,2024,9,18,23,32.8,27.9,0
689175a03cfdbc8f3403e271,2024-09-19,2024,9,19,25.2,32.4,28.799999999999997,0
689175a03cfdbc8f3403e272,2024-09-20,2024,9,20,24.6,30,27.3,0
689175a03cfdbc8f3403e273,2024-09-21,2024,9,21,24.6,32.6,28.6,0
689175a03cfdbc8f3403e274,2024-09-22,2024,9,22,24.4,34.2,29.3,0
689175a03cfdbc8f3403e275,2024-09-23,2024,9,23,23.4,32.8,28.099999999999998,0
689175a03cfdbc8f3403e276,2024-09-24,2024,9,24,23.6,30.6,27.1,0
689175a03cfdbc8f3403e277,2024-09-25,2024,9,25,23.8,32.2,28,0
689175a03cfdbc8f3403e278,2024-09-26,2024,9,26,24.4,34.8,29.599999999999998,0
689175a03cfdbc8f3403e279,2024-09-27,2024,9,27,24.4,31.2,27.799999999999997,0
689175a03cfdbc8f3403e27a,2024-09-28,2024,9,28,24.6,31.4,28,0
689175a03cfdbc8f3403e27b,2024-09-29,2024,9,29,23.4,32.4,27.9,0
689175a03cfdbc8f3403e27c,2024-09-30,2024,9,30,22.4,32.4,27.4,0
689175a03cfdbc8f3403e27d,2024-10-01,2024,10,1,22.4,32.8,27.599999999999998,0
689175a03cfdbc8f3403e27e,2024-10-02,2024,10,2,23,32.4,27.7,0
689175a03cfdbc8f3403e27f,2024-10-03,2024,10,3,23.8,30.8,27.3,0
689175a03cfdbc8f3403e280,2024-10-04,2024,10,4,23.5,31.6,27.55,0
689175a03cfdbc8f3403e281,2024-10-05,2024,10,5,23.6,29.8,26.700000000000003,0
689175a03cfdbc8f3403e282,2024-10-06,2024,10,6,24,30.6,27.3,0
689175a03cfdbc8f3403e283,2024-10-07,2024,10,7,23,31.4,27.2,0
689175a03cfdbc8f3403e284,2024-10-08,2024,10,8,23.2,31.4,27.299999999999997,0
689175a03cfdbc8f3403e285,2024-10-09,2024,10,9,22.9,31.8,27.35,0
689175a03cfdbc8f3403e286,2024-10-10,2024,10,10,23.4,32.8,28.099999999999998,0
689175a03cfdbc8f3403e287,2024-10-11,2024,10,11,23.4,33.7,28.55,0
689175a03cfdbc8f3403e288,2024-10-12,2024,10,12,22.6,31.8,27.200000000000003,0
689175a03cfdbc8f3403e289,2024-10-13,2024,10,13,24.4,31.6,28,0
689175a03cfdbc8f3403e28a,2024-10-14,2024,10,14,23.8,32.4,28.1,0
689175a03cfdbc8f3403e28b,2024-10-15,2024,10,15,23.2,33,28.1,0
689175a03cfdbc8f3403e28c,2024-10-16,2024,10,16,23.4,33.6,28.5,0
689175a03cfdbc8f3403e28d,2024-10-17,2024,10,17,22.8,32.5,27.65,0
689175a03cfdbc8f3403e28e,2024-10-18,2024,10,18,23.4,33,28.2,0
689175a03cfdbc8f3403e28f,2024-10-19,2024,10,19,23.8,33,28.4,0
689175a03cfdbc8f3403e290,2024-10-20,2024,10,20,23.6,33.9,28.75,0
689175a03cfdbc8f3403e291,2024-10-21,2024,10,21,23.2,35,29.1,0
689175a03cfdbc8f3403e292,2024-10-22,2024,10,22,21.2,34.8,28,0
689175a03cfdbc8f3403e293,2024-10-23,2024,10,23,20.8,35,27.9,0
689175a03cfdbc8f3403e294,2024-10-24,2024,10,24,20.7,34.4,27.549999999999997,0
689175a03cfdbc8f3403e295,2024-10-25,2024,10,25,21.8,31.6,26.700000000000003,0
689175a03cfdbc8f3403e296,2024-10-26,2024,10,26,22.1,33.4,27.75,0
689175a03cfdbc8f3403e297,2024-10-27,2024,10,27,21.7,33.8,27.75,0
689175a03cfdbc8f3403e298,2024-10-28,2024,10,28,21,35,28,0
689175a03cfdbc8f3403e299,2024-10-29,2024,10,29,23.4,33.9,28.65,0
689175a03cfdbc8f3403e29a,2024-10-30,2024,10,30,22.4,33.4,27.9,0
689175a03cfdbc8f3403e29b,2024-10-31,2024,10,31,22,34.2,28.1,0
689175a03cfdbc8f3403e29c,2024-11-01,2024,11,1,20.2,34.2,27.200000000000003,0
689175a03cfdbc8f3403e29d,2024-11-02,2024,11,2,21,32.8,26.9,0
689175a03cfdbc8f3403e29e,2024-11-03,2024,11,3,21.4,32.8,27.099999999999998,0
689175a03cfdbc8f3403e29f,2024-11-04,2024,11,4,22.1,34.6,28.35,0
689175a03cfdbc8f3403e2a0,2024-11-05,2024,11,5,21.4,31,26.2,0
689175a03cfdbc8f3403e2a1,2024-11-06,2024,11,6,22,31.6,26.8,0
689175a03cfdbc8f3403e2a2,2024-11-07,2024,11,7,21.2,33,27.1,0
689175a03cfdbc8f3403e2a3,2024-11-08,2024,11,8,22.6,33.4,28,0
689175a03cfdbc8f3403e2a4,2024-11-09,2024,11,9,22.6,31.6,27.1,0
689175a03cfdbc8f3403e2a5,2024-11-10,2024,11,10,23.2,32.2,27.700000000000003,0
689175a03cfdbc8f3403e2a6,2024-11-11,2024,11,11,23.8,33.2,28.5,0
689175a03cfdbc8f3403e2a7,2024-11-12,2024,11,12,23,32.4,27.7,0
689175a03cfdbc8f3403e2a8,2024-11-13,2024,11,13,22.2,31.2,26.7,0
689175a03cfdbc8f3403e2a9,2024-11-14,2024,11,14,23.6,31.8,27.700000000000003,0
689175a03cfdbc8f3403e2aa,2024-11-15,2024,11,15,23.6,31,27.3,0
689175a03cfdbc8f3403e2ab,2024-11-16,2024,11,16,23.6,33,28.3,0
689175a03cfdbc8f3403e2ac,2024-11-17,2024,11,17,23.2,30,26.6,0
689175a03cfdbc8f3403e2ad,2024-11-18,2024,11,18,23,31.6,27.3,0
689175a03cfdbc8f3403e2ae,2024-11-19,2024,11,19,22.4,31,26.7,0
689175a03cfdbc8f3403e2af,2024-11-20,2024,11,20,21.8,32.8,27.299999999999997,0
689175a03cfdbc8f3403e2b0,2024-11-21,2024,11,21,24.2,30.6,27.4,0
689175a03cfdbc8f3403e2b1,2024-11-22,2024,11,22,23.4,30.4,26.9,0
689175a03cfdbc8f3403e2b2,2024-11-23,2024,11,23,23.6,31.8,27.700000000000003,0
689175a03cfdbc8f3403e2b3,2024-11-24,2024,11,24,23.6,32.2,27.900000000000002,0
689175a03cfdbc8f3403e2b4,2024-11-25,2024,11,25,24,32.8,28.4,0
689175a03cfdbc8f3403e2b5,2024-11-26,2024,11,26,24,31.6,27.8,0
689175a03cfdbc8f3403e2b6,2024-11-27,2024,11,27,23.8,31.7,27.75,0
689175a03cfdbc8f3403e2b7,2024-11-28,2024,11,28,24.2,32.6,28.4,0
689175a03cfdbc8f3403e2b8,2024-11-29,2024,11,29,23.8,31.2,27.5,0
689175a03cfdbc8f3403e2b9,2024-11-30,2024,11,30,23.8,31.8,27.8,0
689175a03cfdbc8f3403e2ba,2024-12-01,2024,12,1,23.8,32.8,28.299999999999997,0
689175a03cfdbc8f3403e2bb,2024-12-02,2024,12,2,24.2,33,28.6,0
689175a03cfdbc8f3403e2bc,2024-12-03,2024,12,3,24.2,29,26.6,0
689175a03cfdbc8f3403e2bd,2024-12-04,2024,12,4,24.4,31.8,28.1,0
689175a03cfdbc8f3403e2be,2024-12-05,2024,12,5,23.8,30.6,27.200000000000003,0
689175a03cfdbc8f3403e2bf,2024-12-06,2024,12,6,22,31,26.5,0
689175a03cfdbc8f3403e2c0,2024-12-07,2024,12,7,22.2,32.2,27.200000000000003,0
689175a03cfdbc8f3403e2c1,2024-12-08,2024,12,8,23.4,32,27.7,0
689175a03cfdbc8f3403e2c2,2024-12-09,2024,12,9,23.6,32.2,27.900000000000002,0
689175a03cfdbc8f3403e2c3,2024-12-10,2024,12,10,23.6,31.6,27.6,0
689175a03cfdbc8f3403e2c4,2024-12-11,2024,12,11,23.2,31.6,27.4,0
689175a03cfdbc8f3403e2c5,2024-12-12,2024,12,12,23.8,32.2,28,0
689175a03cfdbc8f3403e2c6,2024-12-13,2024,12,13,23.4,32.8,28.099999999999998,0
689175a03cfdbc8f3403e2c7,2024-12-14,2024,12,14,23.6,31.2,27.4,0
689175a03cfdbc8f3403e2c8,2024-12-15,2024,12,15,23.4,32.5,27.95,0
689175a03cfdbc8f3403e2c9,2024-12-16,2024,12,16,22.4,32,27.2,0
689175a03cfdbc8f3403e2ca,2024-12-17,2024,12,17,24,31.2,27.6,0
689175a03cfdbc8f3403e2cb,2024-12-18,2024,12,18,24,32.2,28.1,0
689175a03cfdbc8f3403e2cc,2024-12-19,2024,12,19,23.8,31.5,27.65,0
689175a03cfdbc8f3403e2cd,2024-12-20,2024,12,20,23.4,32.1,27.75,0
689175a03cfdbc8f3403e2ce,2024-12-21,2024,12,21,24,31.4,27.7,0
689175a03cfdbc8f3403e2cf,2024-12-22,2024,12,22,23.9,32.4,28.15,0
689175a03cfdbc8f3403e2d0,2024-12-23,2024,12,23,24,32.1,28.05,0
689175a03cfdbc8f3403e2d1,2024-12-24,2024,12,24,23.8,31.6,27.700000000000003,0
689175a03cfdbc8f3403e2d2,2024-12-25,2024,12,25,23,31.4,27.2,0
689175a03cfdbc8f3403e2d3,2024-12-26,2024,12,26,23.6,32.2,27.900000000000002,0
689175a03cfdbc8f3403e2d4,2024-12-27,2024,12,27,22.8,32.8,27.799999999999997,0
689175a03cfdbc8f3403e2d5,2024-12-28,2024,12,28,22,31.5,26.75,0
689175a03cfdbc8f3403e2d6,2024-12-29,2024,12,29,24.2,32.2,28.200000000000003,0
689175a03cfdbc8f3403e2d7,2024-12-30,2024,12,30,23.4,30,26.7,0
689175a03cfdbc8f3403e2d8,2024-12-31,2024,12,31,23.2,30.8,27,0
689175a03cfdbc8f3403e2d9,2025-01-01,2025,1,1,22.8,33,27.9,0
689175a03cfdbc8f3403e2da,2025-01-02,2025,1,2,23,31.5,27.25,0
689175a03cfdbc8f3403e2db,2025-01-03,2025,1,3,23.8,29.8,26.8,0
689175a03cfdbc8f3403e2dc,2025-01-04,2025,1,4,23.4,31.2,27.299999999999997,0
689175a03cfdbc8f3403e2dd,2025-01-05,2025,1,5,23,32.8,27.9,0
689175a03cfdbc8f3403e2de,2025-01-06,2025,1,6,22.2,31.4,26.799999999999997,0
689175a03cfdbc8f3403e2df,2025-01-07,2025,1,7,22.4,31.2,26.799999999999997,0
689175a03cfdbc8f3403e2e0,2025-01-08,2025,1,8,21.6,32.5,27.05,0
689175a03cfdbc8f3403e2e1,2025-01-09,2025,1,9,23,33,28,0
689175a03cfdbc8f3403e2e2,2025-01-10,2025,1,10,22,31.8,26.9,0
689175a03cfdbc8f3403e2e3,2025-01-11,2025,1,11,22.6,31.6,27.1,0
689175a03cfdbc8f3403e2e4,2025-01-12,2025,1,12,22.2,29.1,25.65,0
689175a03cfdbc8f3403e2e5,2025-01-13,2025,1,13,22.8,28.5,25.65,0
689175a03cfdbc8f3403e2e6,2025-01-14,2025,1,14,22.8,31,26.9,0
689175a03cfdbc8f3403e2e7,2025-01-15,2025,1,15,23.4,31.8,27.6,0
689175a03cfdbc8f3403e2e8,2025-01-16,2025,1,16,22.8,30,26.4,0
689175a03cfdbc8f3403e2e9,2025-01-17,2025,1,17,23,31.4,27.2,0
689175a03cfdbc8f3403e2ea,2025-01-18,2025,1,18,22,30.8,26.4,0
689175a03cfdbc8f3403e2eb,2025-01-19,2025,1,19,23.4,30.8,27.1,0
689175a03cfdbc8f3403e2ec,2025-01-20,2025,1,20,22.2,32,27.1,0
689175a03cfdbc8f3403e2ed,2025-01-21,2025,1,21,22.2,32.4,27.299999999999997,0
689175a03cfdbc8f3403e2ee,2025-01-22,2025,1,22,22,32.6,27.3,0
689175a03cfdbc8f3403e2ef,2025-01-23,2025,1,23,23.8,32.6,28.200000000000003,0
689175a03cfdbc8f3403e2f0,2025-01-24,2025,1,24,23.4,31.4,27.4,0
689175a03cfdbc8f3403e2f1,2025-01-25,2025,1,25,22.8,31.8,27.3,0
689175a03cfdbc8f3403e2f2,2025-01-26,2025,1,26,22.8,30.3,26.55,0
689175a03cfdbc8f3403e2f3,2025-01-27,2025,1,27,22.8,31.8,27.3,0
689175a03cfdbc8f3403e2f4,2025-01-28,2025,1,28,22.2,30.8,26.5,0
689175a03cfdbc8f3403e2f5,2025-01-29,2025,1,29,23.3,32.2,27.75,0
689175a03cfdbc8f3403e2f6,2025-01-30,2025,1,30,23.2,31.6,27.4,0
689175a03cfdbc8f3403e2f7,2025-01-31,2025,1,31,21.4,32.6,27,0
689175a03cfdbc8f3403e2f8,2025-02-01,2025,2,1,20.6,31.4,26,0
689175a03cfdbc8f3403e2f9,2025-02-02,2025,2,2,23.4,31,27.2,0
689175a03cfdbc8f3403e2fa,2025-02-03,2025,2,3,22.2,33,27.6,0
689175a03cfdbc8f3403e2fb,2025-02-04,2025,2,4,21.8,31.8,26.8,0
689175a03cfdbc8f3403e2fc,2025-02-05,2025,2,5,22.2,32.2,27.200000000000003,0
689175a03cfdbc8f3403e2fd,2025-02-06,2025,2,6,21.2,31.4,26.299999999999997,0
689175a03cfdbc8f3403e2fe,2025-02-07,2025,2,7,23,33,28,0
689175a03cfdbc8f3403e2ff,2025-02-08,2025,2,8,22.8,32.4,27.6,0
689175a03cfdbc8f3403e300,2025-02-09,2025,2,9,22.2,32.2,27.200000000000003,0
689175a03cfdbc8f3403e301,2025-02-10,2025,2,10,22.8,32.6,27.700000000000003,0
689175a03cfdbc8f3403e302,2025-02-11,2025,2,11,22,32.5,27.25,0
689175a03cfdbc8f3403e303,2025-02-12,2025,2,12,22.2,33,27.6,0
689175a03cfdbc8f3403e304,2025-02-13,2025,2,13,21.8,31.6,26.700000000000003,0
689175a03cfdbc8f3403e305,2025-02-14,2025,2,14,24.6,31,27.8,0
689175a03cfdbc8f3403e306,2025-02-15,2025,2,15,23.3,30.8,27.05,0
689175a03cfdbc8f3403e307,2025-02-16,2025,2,16,22.2,32.2,27.200000000000003,0
689175a03cfdbc8f3403e308,2025-02-17,2025,2,17,23,32.6,27.8,0
689175a03cfdbc8f3403e309,2025-02-18,2025,2,18,22.6,31.6,27.1,0
689175a03cfdbc8f3403e30a,2025-02-19,2025,2,19,23.2,32.6,27.9,0
689175a03cfdbc8f3403e30b,2025-02-20,2025,2,20,23,33,28,0
689175a03cfdbc8f3403e30c,2025-02-21,2025,2,21,23,32.6,27.8,0
689175a03cfdbc8f3403e30d,2025-02-22,2025,2,22,23.2,30.8,27,0
689175a03cfdbc8f3403e30e,2025-02-23,2025,2,23,22.9,32.4,27.65,0
689175a03cfdbc8f3403e30f,2025-02-24,2025,2,24,22,32.2,27.1,0
689175a03cfdbc8f3403e310,2025-02-25,2025,2,25,23,32.4,27.7,0
689175a03cfdbc8f3403e311,2025-02-26,2025,2,26,23.6,31.7,27.65,0
689175a03cfdbc8f3403e312,2025-02-27,2025,2,27,23.6,32,27.8,0
689175a03cfdbc8f3403e313,2025-02-28,2025,2,28,24.2,32.2,28.200000000000003,0
689175a03cfdbc8f3403e314,2025-03-01,2025,3,1,23.4,32,27.7,0
689175a03cfdbc8f3403e315,2025-03-02,2025,3,2,23,32.8,27.9,0
689175a03cfdbc8f3403e316,2025-03-03,2025,3,3,23.2,33.8,28.5,0
689175a03cfdbc8f3403e317,2025-03-04,2025,3,4,22.8,33.2,28,0
689175a03cfdbc8f3403e318,2025-03-05,2025,3,5,21.8,32,26.9,0
689175a03cfdbc8f3403e319,2025-03-06,2025,3,6,24,31.6,27.8,0
689175a03cfdbc8f3403e31a,2025-03-07,2025,3,7,23.4,32,27.7,0
689175a03cfdbc8f3403e31b,2025-03-08,2025,3,8,23.2,32.6,27.9,0
689175a03cfdbc8f3403e31c,2025-03-09,2025,3,9,23.6,30.8,27.200000000000003,0
689175a03cfdbc8f3403e31d,2025-03-10,2025,3,10,23.4,33.8,28.599999999999998,0
689175a03cfdbc8f3403e31e,2025-03-11,2025,3,11,23.2,31.8,27.5,0
689175a03cfdbc8f3403e31f,2025-03-12,2025,3,12,23.5,32.6,28.05,0
689175a03cfdbc8f3403e320,2025-03-13,2025,3,13,23.8,29.8,26.8,0
689175a03cfdbc8f3403e321,2025-03-14,2025,3,14,23,30.2,26.6,0
689175a03cfdbc8f3403e322,2025-03-15,2025,3,15,23.6,32.4,28,0
689175a03cfdbc8f3403e323,2025-03-16,2025,3,16,23.2,31.5,27.35,0
689175a03cfdbc8f3403e324,2025-03-17,2025,3,17,23.1,33,28.05,0
689175a03cfdbc8f3403e325,2025-03-18,2025,3,18,22.4,32.8,27.599999999999998,0
689175a03cfdbc8f3403e326,2025-03-19,2025,3,19,23.4,32.6,28,0
689175a03cfdbc8f3403e327,2025-03-20,2025,3,20,23.2,33,28.1,0
689175a03cfdbc8f3403e328,2025-03-21,2025,3,21,22.6,32.3,27.45,0
689175a03cfdbc8f3403e329,2025-03-22,2025,3,22,23,33,28,0
689175a03cfdbc8f3403e32a,2025-03-23,2025,3,23,22.6,31.8,27.200000000000003,0
689175a03cfdbc8f3403e32b,2025-03-24,2025,3,24,22.8,32.4,27.6,0
689175a03cfdbc8f3403e32c,2025-03-25,2025,3,25,22.6,32.6,27.6,0
689175a03cfdbc8f3403e32d,2025-03-26,2025,3,26,22.2,32.6,27.4,0
689175a03cfdbc8f3403e32e,2025-03-27,2025,3,27,23.8,32,27.9,0
689175a03cfdbc8f3403e32f,2025-03-28,2025,3,28,22.6,32.4,27.5,0
689175a03cfdbc8f3403e330,2025-03-29,2025,3,29,23.2,32.2,27.700000000000003,0
689175a03cfdbc8f3403e331,2025-03-30,2025,3,30,23.2,33.2,28.200000000000003,0
689175a03cfdbc8f3403e332,2025-03-31,2025,3,31,22.2,32.8,27.5,0
689175a03cfdbc8f3403e333,2025-04-01,2025,4,1,23,33.2,28.1,0
689175a03cfdbc8f3403e334,2025-04-02,2025,4,2,22.4,33,27.7,0
689175a03cfdbc8f3403e335,2025-04-03,2025,4,3,23.8,33.2,28.5,0
689175a03cfdbc8f3403e336,2025-04-04,2025,4,4,23.2,30.2,26.7,0
689175a03cfdbc8f3403e337,2025-04-05,2025,4,5,23.2,32,27.6,0
689175a03cfdbc8f3403e338,2025-04-06,2025,4,6,21.8,31.8,26.8,0
689175a03cfdbc8f3403e339,2025-04-07,2025,4,7,21.6,33.2,27.400000000000002,0
689175a03cfdbc8f3403e33a,2025-04-08,2025,4,8,24.6,33.2,28.900000000000002,0
689175a03cfdbc8f3403e33b,2025-04-09,2025,4,9,23.8,32.2,28,0
689175a03cfdbc8f3403e33c,2025-04-10,2025,4,10,24,31.4,27.7,0
689175a03cfdbc8f3403e33d,2025-04-11,2025,4,11,24.4,30,27.2,0
689175a03cfdbc8f3403e33e,2025-04-12,2025,4,12,23,32.2,27.6,0
689175a03cfdbc8f3403e33f,2025-04-13,2025,4,13,23.2,33.4,28.299999999999997,0
689175a03cfdbc8f3403e340,2025-04-14,2025,4,14,23.2,33.2,28.200000000000003,0
689175a03cfdbc8f3403e341,2025-04-15,2025,4,15,24,32,28,0
689175a03cfdbc8f3403e342,2025-04-16,2025,4,16,23.8,28.9,26.35,0
689175a03cfdbc8f3403e343,2025-04-17,2025,4,17,22.8,32.8,27.799999999999997,0
689175a03cfdbc8f3403e344,2025-04-18,2025,4,18,23.2,34.4,28.799999999999997,0
689175a03cfdbc8f3403e345,2025-04-19,2025,4,19,23.5,32.6,28.05,0
689175a03cfdbc8f3403e346,2025-04-20,2025,4,20,23.4,33.2,28.3,0
689175a03cfdbc8f3403e347,2025-04-21,2025,4,21,22.3,32.6,27.450000000000003,0
689175a03cfdbc8f3403e348,2025-04-22,2025,4,22,22.2,32.2,27.200000000000003,0
689175a03cfdbc8f3403e349,2025-04-23,2025,4,23,23,33.2,28.1,0
689175a03cfdbc8f3403e34a,2025-04-24,2025,4,24,22.8,32.8,27.799999999999997,0
689175a03cfdbc8f3403e34b,2025-04-25,2025,4,25,22.8,32,27.4,0
689175a03cfdbc8f3403e34c,2025-04-26,2025,4,26,22.7,34,28.35,0
689175a03cfdbc8f3403e34d,2025-04-27,2025,4,27,24,32,28,0
689175a03cfdbc8f3403e34e,2025-04-28,2025,4,28,24.2,31,27.6,0
689175a03cfdbc8f3403e34f,2025-04-29,2025,4,29,21.8,32.9,27.35,0
689175a03cfdbc8f3403e350,2025-04-30,2025,4,30,21.8,32.8,27.299999999999997,0
689175a03cfdbc8f3403e351,2025-05-01,2025,5,1,23.4,32.3,27.849999999999998,0
689175a03cfdbc8f3403e352,2025-05-02,2025,5,2,23.2,32.2,27.700000000000003,0
689175a03cfdbc8f3403e353,2025-05-03,2025,5,3,24.6,33,28.8,0
689175a03cfdbc8f3403e354,2025-05-04,2025,5,4,23.4,32.8,28.099999999999998,0
689175a03cfdbc8f3403e355,2025-05-05,2025,5,5,23.4,33.4,28.4,0
689175a03cfdbc8f3403e356,2025-05-06,2025,5,6,23.6,33.2,28.400000000000002,0
689175a03cfdbc8f3403e357,2025-05-07,2025,5,7,24,32.8,28.4,0
689175a03cfdbc8f3403e358,2025-05-08,2025,5,8,24.2,34,29.1,0
689175a03cfdbc8f3403e359,2025-05-09,2025,5,9,24,33.5,28.75,0
689175a03cfdbc8f3403e35a,2025-05-10,2025,5,10,24,34.4,29.2,0
689175a03cfdbc8f3403e35b,2025-05-11,2025,5,11,24.6,33.4,29,0
689175a03cfdbc8f3403e35c,2025-05-12,2025,5,12,24.6,31.4,28,0
689175a03cfdbc8f3403e35d,2025-05-13,2025,5,13,24,31.8,27.9,0
689175a03cfdbc8f3403e35e,2025-05-14,2025,5,14,23.8,33.3,28.549999999999997,0
689175a03cfdbc8f3403e35f,2025-05-15,2025,5,15,23.6,33.5,28.55,0
689175a03cfdbc8f3403e360,2025-05-16,2025,5,16,24.6,32,28.3,0
689175a03cfdbc8f3403e361,2025-05-17,2025,5,17,24.6,32.4,28.5,0
689175a03cfdbc8f3403e362,2025-05-18,2025,5,18,23.9,34.4,29.15,0
689175a03cfdbc8f3403e363,2025-05-19,2025,5,19,24,33.4,28.7,0
689175a03cfdbc8f3403e364,2025-05-20,2025,5,20,24.2,32,28.1,0
689175a03cfdbc8f3403e365,2025-05-21,2025,5,21,24.6,34.2,29.400000000000002,0
689175a03cfdbc8f3403e366,2025-05-22,2025,5,22,24.4,34.2,29.3,0
689175a03cfdbc8f3403e367,2025-05-23,2025,5,23,25.8,30.8,28.3,0
689175a03cfdbc8f3403e368,2025-05-24,2025,5,24,24.4,31.2,27.799999999999997,0
689175a03cfdbc8f3403e369,2025-05-25,2025,5,25,23.8,28.4,26.1,0
689175a03cfdbc8f3403e36a,2025-05-26,2025,5,26,23.4,28.8,26.1,0
689175a03cfdbc8f3403e36b,2025-05-27,2025,5,27,23.8,34,28.9,0
689175a03cfdbc8f3403e36c,2025-05-28,2025,5,28,23.8,34.4,29.1,0
689175a03cfdbc8f3403e36d,2025-05-29,2025,5,29,23.8,34.4,29.1,0
689175a03cfdbc8f3403e36e,2025-05-30,2025,5,30,24.4,35.2,29.8,0
689175a03cfdbc8f3403e36f,2025-05-31,2025,5,31,24,36,30,0
689175a03cfdbc8f3403e370,2025-06-01,2025,6,1,24,34.4,29.2,0
689175a03cfdbc8f3403e371,2025-06-02,2025,6,2,23.2,34.4,28.799999999999997,0
689175a03cfdbc8f3403e372,2025-06-03,2025,6,3,22.7,34,28.35,0
689175a03cfdbc8f3403e373,2025-06-04,2025,6,4,22.8,33.2,28,0
689175a03cfdbc8f3403e374,2025-06-05,2025,6,5,23.4,32.8,28.099999999999998,0
689175a03cfdbc8f3403e375,2025-06-06,2025,6,6,23.6,33.4,28.5,0
689175a03cfdbc8f3403e376,2025-06-07,2025,6,7,24.5,32.1,28.3,0
689175a03cfdbc8f3403e377,2025-06-08,2025,6,8,23.4,30.4,26.9,0
689175a03cfdbc8f3403e378,2025-06-09,2025,6,9,23,29.6,26.3,0
689175a03cfdbc8f3403e379,2025-06-10,2025,6,10,22.9,32.6,27.75,0
689175a03cfdbc8f3403e37a,2025-06-11,2025,6,11,26.2,34.8,30.5,0
689175a03cfdbc8f3403e37b,2025-06-12,2025,6,12,24.4,32.1,28.25,0
689175a03cfdbc8f3403e37c,2025-06-13,2025,6,13,23.2,35.8,29.5,0
689175a03cfdbc8f3403e37d,2025-06-14,2025,6,14,23,34.4,28.7,0
689175a03cfdbc8f3403e37e,2025-06-15,2025,6,15,24.1,34,29.05,0
689175a03cfdbc8f3403e37f,2025-06-16,2025,6,16,24,34.4,29.2,0
689175a03cfdbc8f3403e380,2025-06-17,2025,6,17,25.4,32.8,29.099999999999998,0
689175a03cfdbc8f3403e381,2025-06-18,2025,6,18,22.6,34.6,28.6,0
689175a03cfdbc8f3403e382,2025-06-19,2025,6,19,22.6,35.2,28.900000000000002,0
689175a03cfdbc8f3403e383,2025-06-20,2025,6,20,23.8,34.4,29.1,0
689175a03cfdbc8f3403e384,2025-06-21,2025,6,21,23.8,32.6,28.200000000000003,0
689175a03cfdbc8f3403e385,2025-06-22,2025,6,22,23,33.4,28.2,0
689175a03cfdbc8f3403e386,2025-06-23,2025,6,23,23,35,29,0
689175a03cfdbc8f3403e387,2025-06-24,2025,6,24,23.4,35.2,29.3,0
689175a03cfdbc8f3403e388,2025-06-25,2025,6,25,23.7,34.6,29.15,0
689175a03cfdbc8f3403e389,2025-06-26,2025,6,26,23.8,34.8,29.299999999999997,0
689175a03cfdbc8f3403e38a,2025-06-27,2025,6,27,24.2,35.4,29.799999999999997,0
689175a03cfdbc8f3403e38b,2025-06-28,2025,6,28,24,34,29,0
689175a03cfdbc8f3403e38c,2025-06-29,2025,6,29,23,35.1,29.05,0
689175a03cfdbc8f3403e38d,2025-06-30,2025,6,30,23,36.8,29.9,0
